source_vtd,target_vtd,source_county_fips,target_county_fips,source_name,target_name,share,source_vintage,target_vintage,method
19031031011,82,031,,,82,1.000000000000,20,plan2_house,equal_area_intersection_geojson
19031031011,85,031,,,85,0.000000000000,20,plan2_house,equal_area_intersection_geojson
19031031013,82,031,,,82,1.000000000000,20,plan2_house,equal_area_intersection_geojson
19031031004,66,031,,,66,0.000000000000,20,plan2_house,equal_area_intersection_geojson
19031031004,82,031,,,82,1.000000000000,20,plan2_house,equal_area_intersection_geojson
19031031017,82,031,,,82,1.000000000000,20,plan2_house,equal_area_intersection_geojson
19031031017,96,031,,,96,0.000000000000,20,plan2_house,equal_area_intersection_geojson
19031031019,82,031,,,82,1.000000000000,20,plan2_house,equal_area_intersection_geojson
19031031019,96,031,,,96,0.000000000000,20,plan2_house,equal_area_intersection_geojson
19031031008,82,031,,,82,1.000000000000,20,plan2_house,equal_area_intersection_geojson
19031031016,82,031,,,82,1.000000000000,20,plan2_house,equal_area_intersection_geojson
19031031016,96,031,,,96,0.000000000000,20,plan2_house,equal_area_intersection_geojson
19031031015,82,031,,,82,1.000000000000,20,plan2_house,equal_area_intersection_geojson
19031031015,96,031,,,96,0.000000000000,20,plan2_house,equal_area_intersection_geojson
19031031002,66,031,,,66,0.000000000000,20,plan2_house,equal_area_intersection_geojson
19031031002,82,031,,,82,1.000000000000,20,plan2_house,equal_area_intersection_geojson
19031031012,82,031,,,82,1.000000000000,20,plan2_house,equal_area_intersection_geojson
19031031014,70,031,,,70,0.000000000000,20,plan2_house,equal_area_intersection_geojson
19031031014,82,031,,,82,1.000000000000,20,plan2_house,equal_area_intersection_geojson
19031031020,82,031,,,82,1.000000000000,20,plan2_house,equal_area_intersection_geojson
19031031020,95,031,,,95,0.000000000000,20,plan2_house,equal_area_intersection_geojson
19031031010,82,031,,,82,1.000000000000,20,plan2_house,equal_area_intersection_geojson
19031031010,85,031,,,85,0.000000000000,20,plan2_house,equal_area_intersection_geojson
19031031005,70,031,,,70,0.000000000000,20,plan2_house,equal_area_intersection_geojson
19031031005,82,031,,,82,1.000000000000,20,plan2_house,equal_area_intersection_geojson
19031031003,82,031,,,82,1.000000000000,20,plan2_house,equal_area_intersection_geojson
19031031001,66,031,,,66,0.000000000000,20,plan2_house,equal_area_intersection_geojson
19031031001,82,031,,,82,1.000000000000,20,plan2_house,equal_area_intersection_geojson
19031031001,83,031,,,83,0.000000000000,20,plan2_house,equal_area_intersection_geojson
19031031009,82,031,,,82,1.000000000000,20,plan2_house,equal_area_intersection_geojson
19031031018,82,031,,,82,1.000000000000,20,plan2_house,equal_area_intersection_geojson
19031031021,82,031,,,82,1.000000000000,20,plan2_house,equal_area_intersection_geojson
19031031021,92,031,,,92,0.000000000000,20,plan2_house,equal_area_intersection_geojson
19031031006,70,031,,,70,0.000000000000,20,plan2_house,equal_area_intersection_geojson
19031031006,82,031,,,82,1.000000000000,20,plan2_house,equal_area_intersection_geojson
19031031007,82,031,,,82,1.000000000000,20,plan2_house,equal_area_intersection_geojson
19109109028,10,109,,,10,0.000000000000,20,plan2_house,equal_area_intersection_geojson
19109109028,9,109,,,9,1.000000000000,20,plan2_house,equal_area_intersection_geojson
19109109027,10,109,,,10,0.988296365100,20,plan2_house,equal_area_intersection_geojson
19109109027,9,109,,,9,0.011703634900,20,plan2_house,equal_area_intersection_geojson
19109109015,56,109,,,56,0.000000000000,20,plan2_house,equal_area_intersection_geojson
19109109015,9,109,,,9,1.000000000000,20,plan2_house,equal_area_intersection_geojson
19109109017,10,109,,,10,0.000000000000,20,plan2_house,equal_area_intersection_geojson
19109109017,9,109,,,9,1.000000000000,20,plan2_house,equal_area_intersection_geojson
19109109019,10,109,,,10,0.000000000001,20,plan2_house,equal_area_intersection_geojson
19109109019,9,109,,,9,0.999999999999,20,plan2_house,equal_area_intersection_geojson
19109109029,10,109,,,10,1.000000000000,20,plan2_house,equal_area_intersection_geojson
19109109001,9,109,,,9,1.000000000000,20,plan2_house,equal_area_intersection_geojson
19109109018,10,109,,,10,1.000000000000,20,plan2_house,equal_area_intersection_geojson
19109109018,9,109,,,9,0.000000000000,20,plan2_house,equal_area_intersection_geojson
19109109030,10,109,,,10,1.000000000000,20,plan2_house,equal_area_intersection_geojson
19109109030,56,109,,,56,0.000000000000,20,plan2_house,equal_area_intersection_geojson
19109109031,10,109,,,10,1.000000000000,20,plan2_house,equal_area_intersection_geojson
19109109014,9,109,,,9,1.000000000000,20,plan2_house,equal_area_intersection_geojson
19109109002,9,109,,,9,1.000000000000,20,plan2_house,equal_area_intersection_geojson
19109109011,9,109,,,9,1.000000000000,20,plan2_house,equal_area_intersection_geojson
19109109023,56,109,,,56,0.000000000000,20,plan2_house,equal_area_intersection_geojson
19109109023,9,109,,,9,1.000000000000,20,plan2_house,equal_area_intersection_geojson
19109109012,9,109,,,9,1.000000000000,20,plan2_house,equal_area_intersection_geojson
19109109008,9,109,,,9,1.000000000000,20,plan2_house,equal_area_intersection_geojson
19109109004,9,109,,,9,1.000000000000,20,plan2_house,equal_area_intersection_geojson
19109109026,10,109,,,10,0.000000000000,20,plan2_house,equal_area_intersection_geojson
19109109026,9,109,,,9,1.000000000000,20,plan2_house,equal_area_intersection_geojson
19109109024,9,109,,,9,1.000000000000,20,plan2_house,equal_area_intersection_geojson
19109109006,9,109,,,9,1.000000000000,20,plan2_house,equal_area_intersection_geojson
19109109007,9,109,,,9,1.000000000000,20,plan2_house,equal_area_intersection_geojson
19109109005,9,109,,,9,1.000000000000,20,plan2_house,equal_area_intersection_geojson
19109109020,10,109,,,10,1.000000000000,20,plan2_house,equal_area_intersection_geojson
19109109034,56,109,,,56,0.000000000000,20,plan2_house,equal_area_intersection_geojson
19109109034,9,109,,,9,1.000000000000,20,plan2_house,equal_area_intersection_geojson
19109109035,56,109,,,56,0.000000000000,20,plan2_house,equal_area_intersection_geojson
19109109035,9,109,,,9,1.000000000000,20,plan2_house,equal_area_intersection_geojson
19109109022,10,109,,,10,0.000000000000,20,plan2_house,equal_area_intersection_geojson
19109109022,9,109,,,9,1.000000000000,20,plan2_house,equal_area_intersection_geojson
19109109016,9,109,,,9,1.000000000000,20,plan2_house,equal_area_intersection_geojson
19109109025,56,109,,,56,0.000000000000,20,plan2_house,equal_area_intersection_geojson
19109109025,9,109,,,9,1.000000000000,20,plan2_house,equal_area_intersection_geojson
19109109013,9,109,,,9,1.000000000000,20,plan2_house,equal_area_intersection_geojson
19109109032,10,109,,,10,1.000000000000,20,plan2_house,equal_area_intersection_geojson
19109109032,56,109,,,56,0.000000000000,20,plan2_house,equal_area_intersection_geojson
19109109032,9,109,,,9,0.000000000000,20,plan2_house,equal_area_intersection_geojson
19109109010,10,109,,,10,0.000000000000,20,plan2_house,equal_area_intersection_geojson
19109109010,9,109,,,9,1.000000000000,20,plan2_house,equal_area_intersection_geojson
19109109033,56,109,,,56,0.000000000000,20,plan2_house,equal_area_intersection_geojson
19109109033,9,109,,,9,1.000000000000,20,plan2_house,equal_area_intersection_geojson
19109109003,9,109,,,9,1.000000000000,20,plan2_house,equal_area_intersection_geojson
19109109009,9,109,,,9,1.000000000000,20,plan2_house,equal_area_intersection_geojson
19109109021,10,109,,,10,1.000000000000,20,plan2_house,equal_area_intersection_geojson
19109109021,9,109,,,9,0.000000000000,20,plan2_house,equal_area_intersection_geojson
19113113020,73,113,,,73,0.000000000000,20,plan2_house,equal_area_intersection_geojson
19113113020,83,113,,,83,1.000000000000,20,plan2_house,equal_area_intersection_geojson
19113113004,66,113,,,66,0.000000000000,20,plan2_house,equal_area_intersection_geojson
19113113004,83,113,,,83,1.000000000000,20,plan2_house,equal_area_intersection_geojson
19113113017,66,113,,,66,0.000000000000,20,plan2_house,equal_area_intersection_geojson
19113113017,83,113,,,83,1.000000000000,20,plan2_house,equal_area_intersection_geojson
19113113018,83,113,,,83,1.000000000000,20,plan2_house,equal_area_intersection_geojson
19113113005,66,113,,,66,0.000000000000,20,plan2_house,equal_area_intersection_geojson
19113113005,83,113,,,83,1.000000000000,20,plan2_house,equal_area_intersection_geojson
19113113009,83,113,,,83,1.000000000000,20,plan2_house,equal_area_intersection_geojson
19113113026,77,113,,,77,0.000000000000,20,plan2_house,equal_area_intersection_geojson
19113113026,79,113,,,79,0.000000000000,20,plan2_house,equal_area_intersection_geojson
19113113026,80,113,,,80,0.000000000000,20,plan2_house,equal_area_intersection_geojson
19113113026,83,113,,,83,0.000000000000,20,plan2_house,equal_area_intersection_geojson
19113113026,84,113,,,84,1.000000000000,20,plan2_house,equal_area_intersection_geojson
19113113023,77,113,,,77,1.000000000000,20,plan2_house,equal_area_intersection_geojson
19113113023,83,113,,,83,0.000000000000,20,plan2_house,equal_area_intersection_geojson
19113113023,91,113,,,91,0.000000000000,20,plan2_house,equal_area_intersection_geojson
19113113025,77,113,,,77,0.000000000000,20,plan2_house,equal_area_intersection_geojson
19113113025,84,113,,,84,1.000000000000,20,plan2_house,equal_area_intersection_geojson
19113113025,91,113,,,91,0.000000000000,20,plan2_house,equal_area_intersection_geojson
19113113010,83,113,,,83,1.000000000000,20,plan2_house,equal_area_intersection_geojson
19113113010,84,113,,,84,0.000000000000,20,plan2_house,equal_area_intersection_geojson
19113113021,82,113,,,82,0.000000000000,20,plan2_house,equal_area_intersection_geojson
19113113021,83,113,,,83,1.000000000000,20,plan2_house,equal_area_intersection_geojson
19113113021,85,113,,,85,0.000000000000,20,plan2_house,equal_area_intersection_geojson
19113113001,83,113,,,83,0.000000000000,20,plan2_house,equal_area_intersection_geojson
19113113001,84,113,,,84,1.000000000000,20,plan2_house,equal_area_intersection_geojson
19113113003,83,113,,,83,1.000000000000,20,plan2_house,equal_area_intersection_geojson
19113113019,66,113,,,66,0.000000000000,20,plan2_house,equal_area_intersection_geojson
19113113019,83,113,,,83,1.000000000000,20,plan2_house,equal_area_intersection_geojson
19113113007,83,113,,,83,1.000000000000,20,plan2_house,equal_area_intersection_geojson
19113113006,83,113,,,83,1.000000000000,20,plan2_house,equal_area_intersection_geojson
19113113015,73,113,,,73,0.000000000000,20,plan2_house,equal_area_intersection_geojson
19113113015,74,113,,,74,0.000000000000,20,plan2_house,equal_area_intersection_geojson
19113113015,80,113,,,80,0.000000000000,20,plan2_house,equal_area_intersection_geojson
19113113015,83,113,,,83,1.000000000000,20,plan2_house,equal_area_intersection_geojson
19113113013,74,113,,,74,0.000000000000,20,plan2_house,equal_area_intersection_geojson
19113113013,80,113,,,80,0.999145759766,20,plan2_house,equal_area_intersection_geojson
19113113013,83,113,,,83,0.000854240234,20,plan2_house,equal_area_intersection_geojson
19113113014,80,113,,,80,1.000000000000,20,plan2_house,equal_area_intersection_geojson
19113113014,83,113,,,83,0.000000000000,20,plan2_house,equal_area_intersection_geojson
19113113012,80,113,,,80,0.005129736174,20,plan2_house,equal_area_intersection_geojson
19113113012,83,113,,,83,0.981408260555,20,plan2_house,equal_area_intersection_geojson
19113113012,84,113,,,84,0.013462003272,20,plan2_house,equal_area_intersection_geojson
19113113011,80,113,,,80,0.000000000000,20,plan2_house,equal_area_intersection_geojson
19113113011,83,113,,,83,1.000000000000,20,plan2_house,equal_area_intersection_geojson
19113113008,83,113,,,83,1.000000000000,20,plan2_house,equal_area_intersection_geojson
19113113008,84,113,,,84,0.000000000000,20,plan2_house,equal_area_intersection_geojson
19113113022,77,113,,,77,0.000000000000,20,plan2_house,equal_area_intersection_geojson
19113113022,83,113,,,83,1.000000000000,20,plan2_house,equal_area_intersection_geojson
19113113022,85,113,,,85,0.000000000000,20,plan2_house,equal_area_intersection_geojson
19113113022,91,113,,,91,0.000000000000,20,plan2_house,equal_area_intersection_geojson
19113113024,77,113,,,77,0.000000000000,20,plan2_house,equal_area_intersection_geojson
19113113024,83,113,,,83,1.000000000000,20,plan2_house,equal_area_intersection_geojson
19113113016,73,113,,,73,1.000000000000,20,plan2_house,equal_area_intersection_geojson
19113113016,74,113,,,74,0.000000000000,20,plan2_house,equal_area_intersection_geojson
19113113016,78,113,,,78,0.000000000000,20,plan2_house,equal_area_intersection_geojson
19113113016,83,113,,,83,0.000000000000,20,plan2_house,equal_area_intersection_geojson
19113113002,83,113,,,83,0.000000000000,20,plan2_house,equal_area_intersection_geojson
19113113002,84,113,,,84,1.000000000000,20,plan2_house,equal_area_intersection_geojson
19073073007,47,073,,,47,1.000000000000,20,plan2_house,equal_area_intersection_geojson
19073073001,11,073,,,11,0.000000000000,20,plan2_house,equal_area_intersection_geojson
19073073001,47,073,,,47,1.000000000000,20,plan2_house,equal_area_intersection_geojson
19073073001,7,073,,,7,0.000000000000,20,plan2_house,equal_area_intersection_geojson
19073073003,47,073,,,47,1.000000000000,20,plan2_house,equal_area_intersection_geojson
19073073003,7,073,,,7,0.000000000000,20,plan2_house,equal_area_intersection_geojson
19073073015,47,073,,,47,1.000000000000,20,plan2_house,equal_area_intersection_geojson
19073073017,11,073,,,11,0.000000000000,20,plan2_house,equal_area_intersection_geojson
19073073017,47,073,,,47,1.000000000000,20,plan2_house,equal_area_intersection_geojson
19073073013,47,073,,,47,1.000000000000,20,plan2_house,equal_area_intersection_geojson
19073073016,47,073,,,47,1.000000000000,20,plan2_house,equal_area_intersection_geojson
19073073006,47,073,,,47,1.000000000000,20,plan2_house,equal_area_intersection_geojson
19073073002,47,073,,,47,1.000000000000,20,plan2_house,equal_area_intersection_geojson
19073073002,7,073,,,7,0.000000000000,20,plan2_house,equal_area_intersection_geojson
19073073011,47,073,,,47,1.000000000000,20,plan2_house,equal_area_intersection_geojson
19073073012,47,073,,,47,1.000000000000,20,plan2_house,equal_area_intersection_geojson
19073073005,47,073,,,47,1.000000000000,20,plan2_house,equal_area_intersection_geojson
19073073005,48,073,,,48,0.000000000000,20,plan2_house,equal_area_intersection_geojson
19073073008,47,073,,,47,1.000000000000,20,plan2_house,equal_area_intersection_geojson
19073073009,47,073,,,47,1.000000000000,20,plan2_house,equal_area_intersection_geojson
19073073004,47,073,,,47,1.000000000000,20,plan2_house,equal_area_intersection_geojson
19073073004,48,073,,,48,0.000000000000,20,plan2_house,equal_area_intersection_geojson
19073073004,7,073,,,7,0.000000000000,20,plan2_house,equal_area_intersection_geojson
19073073010,11,073,,,11,0.000000000000,20,plan2_house,equal_area_intersection_geojson
19073073010,47,073,,,47,1.000000000000,20,plan2_house,equal_area_intersection_geojson
19073073014,47,073,,,47,1.000000000000,20,plan2_house,equal_area_intersection_geojson
19073073014,48,073,,,48,0.000000000000,20,plan2_house,equal_area_intersection_geojson
19019019007,68,019,,,68,1.000000000000,20,plan2_house,equal_area_intersection_geojson
19019019004,68,019,,,68,1.000000000000,20,plan2_house,equal_area_intersection_geojson
19019019009,67,019,,,67,0.000000000000,20,plan2_house,equal_area_intersection_geojson
19019019009,68,019,,,68,1.000000000000,20,plan2_house,equal_area_intersection_geojson
19019019005,68,019,,,68,1.000000000000,20,plan2_house,equal_area_intersection_geojson
19019019017,67,019,,,67,1.000000000000,20,plan2_house,equal_area_intersection_geojson
19019019017,68,019,,,68,0.000000000000,20,plan2_house,equal_area_intersection_geojson
19019019020,67,019,,,67,1.000000000000,20,plan2_house,equal_area_intersection_geojson
19019019020,84,019,,,84,0.000000000000,20,plan2_house,equal_area_intersection_geojson
19019019013,67,019,,,67,0.999762020749,20,plan2_house,equal_area_intersection_geojson
19019019013,68,019,,,68,0.000237979251,20,plan2_house,equal_area_intersection_geojson
19019019002,68,019,,,68,1.000000000000,20,plan2_house,equal_area_intersection_geojson
19019019001,68,019,,,68,1.000000000000,20,plan2_house,equal_area_intersection_geojson
19019019008,67,019,,,67,1.000000000000,20,plan2_house,equal_area_intersection_geojson
19019019008,68,019,,,68,0.000000000000,20,plan2_house,equal_area_intersection_geojson
19019019003,68,019,,,68,1.000000000000,20,plan2_house,equal_area_intersection_geojson
19019019021,67,019,,,67,1.000000000000,20,plan2_house,equal_area_intersection_geojson
19019019021,84,019,,,84,0.000000000000,20,plan2_house,equal_area_intersection_geojson
19019019016,67,019,,,67,1.000000000000,20,plan2_house,equal_area_intersection_geojson
19019019016,68,019,,,68,0.000000000000,20,plan2_house,equal_area_intersection_geojson
19019019022,67,019,,,67,1.000000000000,20,plan2_house,equal_area_intersection_geojson
19019019022,84,019,,,84,0.000000000000,20,plan2_house,equal_area_intersection_geojson
19019019006,67,019,,,67,0.000000000000,20,plan2_house,equal_area_intersection_geojson
19019019006,68,019,,,68,1.000000000000,20,plan2_house,equal_area_intersection_geojson
19019019018,67,019,,,67,1.000000000000,20,plan2_house,equal_area_intersection_geojson
19019019019,67,019,,,67,1.000000000000,20,plan2_house,equal_area_intersection_geojson
19019019019,84,019,,,84,0.000000000000,20,plan2_house,equal_area_intersection_geojson
19019019011,67,019,,,67,0.000000000000,20,plan2_house,equal_area_intersection_geojson
19019019011,68,019,,,68,1.000000000000,20,plan2_house,equal_area_intersection_geojson
19019019012,67,019,,,67,0.000000000000,20,plan2_house,equal_area_intersection_geojson
19019019012,68,019,,,68,1.000000000000,20,plan2_house,equal_area_intersection_geojson
19019019015,67,019,,,67,1.000000000000,20,plan2_house,equal_area_intersection_geojson
19019019015,68,019,,,68,0.000000000000,20,plan2_house,equal_area_intersection_geojson
19019019014,67,019,,,67,1.000000000000,20,plan2_house,equal_area_intersection_geojson
19019019010,67,019,,,67,0.000000000000,20,plan2_house,equal_area_intersection_geojson
19019019010,68,019,,,68,1.000000000000,20,plan2_house,equal_area_intersection_geojson
19027027012,11,027,,,11,1.000000000000,20,plan2_house,equal_area_intersection_geojson
19027027010,11,027,,,11,1.000000000000,20,plan2_house,equal_area_intersection_geojson
19027027021,11,027,,,11,1.000000000000,20,plan2_house,equal_area_intersection_geojson
19027027001,11,027,,,11,1.000000000000,20,plan2_house,equal_area_intersection_geojson
19027027001,12,027,,,12,0.000000000000,20,plan2_house,equal_area_intersection_geojson
19027027001,7,027,,,7,0.000000000000,20,plan2_house,equal_area_intersection_geojson
19027027003,11,027,,,11,1.000000000000,20,plan2_house,equal_area_intersection_geojson
19027027022,11,027,,,11,1.000000000000,20,plan2_house,equal_area_intersection_geojson
19027027022,12,027,,,12,0.000000000000,20,plan2_house,equal_area_intersection_geojson
19027027006,11,027,,,11,1.000000000000,20,plan2_house,equal_area_intersection_geojson
19027027006,47,027,,,47,0.000000000000,20,plan2_house,equal_area_intersection_geojson
19027027007,11,027,,,11,1.000000000000,20,plan2_house,equal_area_intersection_geojson
19027027007,47,027,,,47,0.000000000000,20,plan2_house,equal_area_intersection_geojson
19027027008,11,027,,,11,1.000000000000,20,plan2_house,equal_area_intersection_geojson
19027027005,11,027,,,11,1.000000000000,20,plan2_house,equal_area_intersection_geojson
19027027005,47,027,,,47,0.000000000000,20,plan2_house,equal_area_intersection_geojson
19027027005,7,027,,,7,0.000000000000,20,plan2_house,equal_area_intersection_geojson
19027027002,11,027,,,11,1.000000000000,20,plan2_house,equal_area_intersection_geojson
19027027009,11,027,,,11,1.000000000000,20,plan2_house,equal_area_intersection_geojson
19027027011,11,027,,,11,1.000000000000,20,plan2_house,equal_area_intersection_geojson
19027027020,11,027,,,11,1.000000000000,20,plan2_house,equal_area_intersection_geojson
19027027020,47,027,,,47,0.000000000000,20,plan2_house,equal_area_intersection_geojson
19027027016,11,027,,,11,1.000000000000,20,plan2_house,equal_area_intersection_geojson
19027027017,11,027,,,11,1.000000000000,20,plan2_house,equal_area_intersection_geojson
19027027017,47,027,,,47,0.000000000000,20,plan2_house,equal_area_intersection_geojson
19027027014,11,027,,,11,1.000000000000,20,plan2_house,equal_area_intersection_geojson
19027027015,11,027,,,11,1.000000000000,20,plan2_house,equal_area_intersection_geojson
19027027004,11,027,,,11,1.000000000000,20,plan2_house,equal_area_intersection_geojson
19027027004,7,027,,,7,0.000000000000,20,plan2_house,equal_area_intersection_geojson
19027027018,11,027,,,11,1.000000000000,20,plan2_house,equal_area_intersection_geojson
19027027018,47,027,,,47,0.000000000000,20,plan2_house,equal_area_intersection_geojson
19027027019,11,027,,,11,1.000000000000,20,plan2_house,equal_area_intersection_geojson
19027027019,47,027,,,47,0.000000000000,20,plan2_house,equal_area_intersection_geojson
19027027013,11,027,,,11,1.000000000000,20,plan2_house,equal_area_intersection_geojson
19107107005,88,107,,,88,1.000000000000,20,plan2_house,equal_area_intersection_geojson
19107107019,88,107,,,88,1.000000000000,20,plan2_house,equal_area_intersection_geojson
19107107015,88,107,,,88,1.000000000000,20,plan2_house,equal_area_intersection_geojson
19107107007,88,107,,,88,1.000000000000,20,plan2_house,equal_area_intersection_geojson
19107107007,92,107,,,92,0.000000000000,20,plan2_house,equal_area_intersection_geojson
19107107008,88,107,,,88,1.000000000000,20,plan2_house,equal_area_intersection_geojson
19107107008,92,107,,,92,0.000000000000,20,plan2_house,equal_area_intersection_geojson
19107107006,88,107,,,88,1.000000000000,20,plan2_house,equal_area_intersection_geojson
19107107006,91,107,,,91,0.000000000000,20,plan2_house,equal_area_intersection_geojson
19107107006,92,107,,,92,0.000000000000,20,plan2_house,equal_area_intersection_geojson
19107107009,88,107,,,88,1.000000000000,20,plan2_house,equal_area_intersection_geojson
19107107014,88,107,,,88,1.000000000000,20,plan2_house,equal_area_intersection_geojson
19107107001,53,107,,,53,0.000000000000,20,plan2_house,equal_area_intersection_geojson
19107107001,88,107,,,88,1.000000000000,20,plan2_house,equal_area_intersection_geojson
19107107018,88,107,,,88,1.000000000000,20,plan2_house,equal_area_intersection_geojson
19107107018,92,107,,,92,0.000000000000,20,plan2_house,equal_area_intersection_geojson
19107107013,88,107,,,88,1.000000000000,20,plan2_house,equal_area_intersection_geojson
19107107020,25,107,,,25,0.000000000000,20,plan2_house,equal_area_intersection_geojson
19107107020,88,107,,,88,1.000000000000,20,plan2_house,equal_area_intersection_geojson
19107107010,88,107,,,88,1.000000000000,20,plan2_house,equal_area_intersection_geojson
19107107012,88,107,,,88,1.000000000000,20,plan2_house,equal_area_intersection_geojson
19107107011,88,107,,,88,1.000000000000,20,plan2_house,equal_area_intersection_geojson
19107107004,88,107,,,88,1.000000000000,20,plan2_house,equal_area_intersection_geojson
19121121007,22,121,,,22,0.000000000000,20,plan2_house,equal_area_intersection_geojson
19121121007,23,121,,,23,1.000000000000,20,plan2_house,equal_area_intersection_geojson
19121121009,23,121,,,23,1.000000000000,20,plan2_house,equal_area_intersection_geojson
19121121019,23,121,,,23,1.000000000000,20,plan2_house,equal_area_intersection_geojson
19121121011,23,121,,,23,1.000000000000,20,plan2_house,equal_area_intersection_geojson
19121121004,23,121,,,23,1.000000000000,20,plan2_house,equal_area_intersection_geojson
19121121004,28,121,,,28,0.000000000000,20,plan2_house,equal_area_intersection_geojson
19121121005,22,121,,,22,0.000000000000,20,plan2_house,equal_area_intersection_geojson
19121121005,23,121,,,23,1.000000000000,20,plan2_house,equal_area_intersection_geojson
19121121005,28,121,,,28,0.000000000000,20,plan2_house,equal_area_intersection_geojson
19121121013,23,121,,,23,1.000000000000,20,plan2_house,equal_area_intersection_geojson
19121121003,23,121,,,23,1.000000000000,20,plan2_house,equal_area_intersection_geojson
19121121002,23,121,,,23,1.000000000000,20,plan2_house,equal_area_intersection_geojson
19121121018,23,121,,,23,1.000000000000,20,plan2_house,equal_area_intersection_geojson
19121121016,22,121,,,22,0.000000000000,20,plan2_house,equal_area_intersection_geojson
19121121016,23,121,,,23,1.000000000000,20,plan2_house,equal_area_intersection_geojson
19121121016,24,121,,,24,0.000000000000,20,plan2_house,equal_area_intersection_geojson
19121121001,23,121,,,23,1.000000000000,20,plan2_house,equal_area_intersection_geojson
19121121014,23,121,,,23,1.000000000000,20,plan2_house,equal_area_intersection_geojson
19121121015,22,121,,,22,0.000000000000,20,plan2_house,equal_area_intersection_geojson
19121121015,23,121,,,23,1.000000000000,20,plan2_house,equal_area_intersection_geojson
19121121006,23,121,,,23,1.000000000000,20,plan2_house,equal_area_intersection_geojson
19121121017,23,121,,,23,1.000000000000,20,plan2_house,equal_area_intersection_geojson
19121121012,23,121,,,23,1.000000000000,20,plan2_house,equal_area_intersection_geojson
19121121010,23,121,,,23,1.000000000000,20,plan2_house,equal_area_intersection_geojson
19121121008,22,121,,,22,0.000000000001,20,plan2_house,equal_area_intersection_geojson
19121121008,23,121,,,23,0.999999999999,20,plan2_house,equal_area_intersection_geojson
19051051008,26,051,,,26,1.000000000000,20,plan2_house,equal_area_intersection_geojson
19051051007,26,051,,,26,1.000000000000,20,plan2_house,equal_area_intersection_geojson
19051051009,26,051,,,26,1.000000000000,20,plan2_house,equal_area_intersection_geojson
19051051013,26,051,,,26,1.000000000000,20,plan2_house,equal_area_intersection_geojson
19051051012,26,051,,,26,1.000000000000,20,plan2_house,equal_area_intersection_geojson
19051051010,26,051,,,26,1.000000000000,20,plan2_house,equal_area_intersection_geojson
19051051014,26,051,,,26,1.000000000000,20,plan2_house,equal_area_intersection_geojson
19051051003,25,051,,,25,0.000000000000,20,plan2_house,equal_area_intersection_geojson
19051051003,26,051,,,26,1.000000000000,20,plan2_house,equal_area_intersection_geojson
19051051001,26,051,,,26,1.000000000000,20,plan2_house,equal_area_intersection_geojson
19051051006,26,051,,,26,1.000000000000,20,plan2_house,equal_area_intersection_geojson
19051051015,26,051,,,26,1.000000000000,20,plan2_house,equal_area_intersection_geojson
19051051015,87,051,,,87,0.000000000000,20,plan2_house,equal_area_intersection_geojson
19051051016,26,051,,,26,1.000000000000,20,plan2_house,equal_area_intersection_geojson
19051051016,87,051,,,87,0.000000000000,20,plan2_house,equal_area_intersection_geojson
19051051004,26,051,,,26,1.000000000000,20,plan2_house,equal_area_intersection_geojson
19051051004,87,051,,,87,0.000000000000,20,plan2_house,equal_area_intersection_geojson
19051051002,26,051,,,26,1.000000000000,20,plan2_house,equal_area_intersection_geojson
19051051005,26,051,,,26,1.000000000000,20,plan2_house,equal_area_intersection_geojson
19051051005,87,051,,,87,0.000000000000,20,plan2_house,equal_area_intersection_geojson
19051051011,26,051,,,26,1.000000000000,20,plan2_house,equal_area_intersection_geojson
19153153272,29,153,,,29,0.982343182005,20,plan2_house,equal_area_intersection_geojson
19153153272,39,153,,,39,0.017656817995,20,plan2_house,equal_area_intersection_geojson
19153153272,45,153,,,45,0.000000000000,20,plan2_house,equal_area_intersection_geojson
19153153273,29,153,,,29,1.000000000000,20,plan2_house,equal_area_intersection_geojson
19153153271,29,153,,,29,1.000000000000,20,plan2_house,equal_area_intersection_geojson
19153153250,29,153,,,29,1.000000000000,20,plan2_house,equal_area_intersection_geojson
19153153250,39,153,,,39,0.000000000000,20,plan2_house,equal_area_intersection_geojson
19143143005,10,143,,,10,0.000000000000,20,plan2_house,equal_area_intersection_geojson
19143143005,5,143,,,5,1.000000000000,20,plan2_house,equal_area_intersection_geojson
19143143013,5,143,,,5,1.000000000000,20,plan2_house,equal_area_intersection_geojson
19143143008,5,143,,,5,1.000000000000,20,plan2_house,equal_area_intersection_geojson
19143143010,5,143,,,5,1.000000000000,20,plan2_house,equal_area_intersection_geojson
19143143002,5,143,,,5,1.000000000000,20,plan2_house,equal_area_intersection_geojson
19143143004,10,143,,,10,0.000000000000,20,plan2_house,equal_area_intersection_geojson
19143143004,5,143,,,5,1.000000000000,20,plan2_house,equal_area_intersection_geojson
19143143011,4,143,,,4,0.000000000000,20,plan2_house,equal_area_intersection_geojson
19143143011,5,143,,,5,1.000000000000,20,plan2_house,equal_area_intersection_geojson
19143143012,5,143,,,5,1.000000000000,20,plan2_house,equal_area_intersection_geojson
19143143014,10,143,,,10,0.000000000000,20,plan2_house,equal_area_intersection_geojson
19143143014,5,143,,,5,1.000000000000,20,plan2_house,equal_area_intersection_geojson
19143143003,5,143,,,5,1.000000000000,20,plan2_house,equal_area_intersection_geojson
19143143006,5,143,,,5,1.000000000000,20,plan2_house,equal_area_intersection_geojson
19143143007,5,143,,,5,1.000000000000,20,plan2_house,equal_area_intersection_geojson
19143143001,4,143,,,4,0.000000000000,20,plan2_house,equal_area_intersection_geojson
19143143001,5,143,,,5,1.000000000000,20,plan2_house,equal_area_intersection_geojson
19143143009,4,143,,,4,0.000000000000,20,plan2_house,equal_area_intersection_geojson
19143143009,5,143,,,5,1.000000000000,20,plan2_house,equal_area_intersection_geojson
19147147019,10,147,,,10,1.000000000000,20,plan2_house,equal_area_intersection_geojson
19147147019,6,147,,,6,0.000000000000,20,plan2_house,equal_area_intersection_geojson
19147147019,7,147,,,7,0.000000000000,20,plan2_house,equal_area_intersection_geojson
19147147016,10,147,,,10,1.000000000000,20,plan2_house,equal_area_intersection_geojson
19147147016,7,147,,,7,0.000000000000,20,plan2_house,equal_area_intersection_geojson
19147147018,10,147,,,10,1.000000000000,20,plan2_house,equal_area_intersection_geojson
19147147008,10,147,,,10,1.000000000000,20,plan2_house,equal_area_intersection_geojson
19147147007,10,147,,,10,1.000000000000,20,plan2_house,equal_area_intersection_geojson
19147147014,10,147,,,10,1.000000000000,20,plan2_house,equal_area_intersection_geojson
19147147014,7,147,,,7,0.000000000000,20,plan2_house,equal_area_intersection_geojson
19147147015,10,147,,,10,1.000000000000,20,plan2_house,equal_area_intersection_geojson
19147147005,10,147,,,10,1.000000000000,20,plan2_house,equal_area_intersection_geojson
19147147013,10,147,,,10,1.000000000000,20,plan2_house,equal_area_intersection_geojson
19147147006,10,147,,,10,1.000000000000,20,plan2_house,equal_area_intersection_geojson
19147147011,10,147,,,10,1.000000000000,20,plan2_house,equal_area_intersection_geojson
19147147009,10,147,,,10,1.000000000000,20,plan2_house,equal_area_intersection_geojson
19147147004,10,147,,,10,1.000000000000,20,plan2_house,equal_area_intersection_geojson
19147147004,9,147,,,9,0.000000000000,20,plan2_house,equal_area_intersection_geojson
19147147001,10,147,,,10,1.000000000000,20,plan2_house,equal_area_intersection_geojson
19147147001,9,147,,,9,0.000000000000,20,plan2_house,equal_area_intersection_geojson
19147147012,10,147,,,10,1.000000000000,20,plan2_house,equal_area_intersection_geojson
19147147017,10,147,,,10,1.000000000000,20,plan2_house,equal_area_intersection_geojson
19147147017,7,147,,,7,0.000000000000,20,plan2_house,equal_area_intersection_geojson
19147147010,10,147,,,10,1.000000000000,20,plan2_house,equal_area_intersection_geojson
19147147010,6,147,,,6,0.000000000000,20,plan2_house,equal_area_intersection_geojson
19147147003,10,147,,,10,1.000000000000,20,plan2_house,equal_area_intersection_geojson
19147147003,9,147,,,9,0.000000000000,20,plan2_house,equal_area_intersection_geojson
19147147002,10,147,,,10,1.000000000000,20,plan2_house,equal_area_intersection_geojson
19147147002,9,147,,,9,0.000000000000,20,plan2_house,equal_area_intersection_geojson
19037037009,57,037,,,57,0.000000000000,20,plan2_house,equal_area_intersection_geojson
19037037009,58,037,,,58,1.000000000000,20,plan2_house,equal_area_intersection_geojson
19037037011,58,037,,,58,1.000000000000,20,plan2_house,equal_area_intersection_geojson
19037037012,58,037,,,58,1.000000000000,20,plan2_house,equal_area_intersection_geojson
19037037008,58,037,,,58,1.000000000000,20,plan2_house,equal_area_intersection_geojson
19037037010,58,037,,,58,1.000000000000,20,plan2_house,equal_area_intersection_geojson
19037037002,58,037,,,58,1.000000000000,20,plan2_house,equal_area_intersection_geojson
19037037002,63,037,,,63,0.000000000000,20,plan2_house,equal_area_intersection_geojson
19037037001,58,037,,,58,1.000000000000,20,plan2_house,equal_area_intersection_geojson
19037037014,58,037,,,58,1.000000000000,20,plan2_house,equal_area_intersection_geojson
19037037016,58,037,,,58,1.000000000000,20,plan2_house,equal_area_intersection_geojson
19037037015,58,037,,,58,1.000000000000,20,plan2_house,equal_area_intersection_geojson
19037037015,68,037,,,68,0.000000000000,20,plan2_house,equal_area_intersection_geojson
19037037003,58,037,,,58,1.000000000000,20,plan2_house,equal_area_intersection_geojson
19037037003,63,037,,,63,0.000000000000,20,plan2_house,equal_area_intersection_geojson
19037037007,58,037,,,58,1.000000000000,20,plan2_house,equal_area_intersection_geojson
19037037013,58,037,,,58,1.000000000000,20,plan2_house,equal_area_intersection_geojson
19037037006,58,037,,,58,1.000000000000,20,plan2_house,equal_area_intersection_geojson
19037037006,63,037,,,63,0.000000000000,20,plan2_house,equal_area_intersection_geojson
19037037006,68,037,,,68,0.000000000000,20,plan2_house,equal_area_intersection_geojson
19037037004,58,037,,,58,1.000000000000,20,plan2_house,equal_area_intersection_geojson
19037037004,63,037,,,63,0.000000000000,20,plan2_house,equal_area_intersection_geojson
19037037005,58,037,,,58,1.000000000000,20,plan2_house,equal_area_intersection_geojson
19041041008,10,041,,,10,0.000000000000,20,plan2_house,equal_area_intersection_geojson
19041041008,6,041,,,6,1.000000000000,20,plan2_house,equal_area_intersection_geojson
19041041007,10,041,,,10,1.000000000000,20,plan2_house,equal_area_intersection_geojson
19041041007,6,041,,,6,0.000000000000,20,plan2_house,equal_area_intersection_geojson
19041041009,10,041,,,10,0.000000000000,20,plan2_house,equal_area_intersection_geojson
19041041009,6,041,,,6,1.000000000000,20,plan2_house,equal_area_intersection_geojson
19041041002,10,041,,,10,1.000000000000,20,plan2_house,equal_area_intersection_geojson
19041041002,6,041,,,6,0.000000000000,20,plan2_house,equal_area_intersection_geojson
19055055021,67,055,,,67,1.000000000000,20,plan2_house,equal_area_intersection_geojson
19055055021,83,055,,,83,0.000000000000,20,plan2_house,equal_area_intersection_geojson
19055055022,67,055,,,67,1.000000000000,20,plan2_house,equal_area_intersection_geojson
19055055007,65,055,,,65,0.000000000000,20,plan2_house,equal_area_intersection_geojson
19055055007,67,055,,,67,1.000000000000,20,plan2_house,equal_area_intersection_geojson
19055055010,67,055,,,67,1.000000000000,20,plan2_house,equal_area_intersection_geojson
19055055017,65,055,,,65,0.000000000000,20,plan2_house,equal_area_intersection_geojson
19055055017,67,055,,,67,1.000000000000,20,plan2_house,equal_area_intersection_geojson
19055055019,66,055,,,66,0.000000000000,20,plan2_house,equal_area_intersection_geojson
19055055019,67,055,,,67,1.000000000000,20,plan2_house,equal_area_intersection_geojson
19055055005,64,055,,,64,0.000000000000,20,plan2_house,equal_area_intersection_geojson
19055055005,65,055,,,65,0.000000000000,20,plan2_house,equal_area_intersection_geojson
19055055005,67,055,,,67,1.000000000000,20,plan2_house,equal_area_intersection_geojson
19055055006,67,055,,,67,1.000000000000,20,plan2_house,equal_area_intersection_geojson
19055055013,67,055,,,67,1.000000000000,20,plan2_house,equal_area_intersection_geojson
19055055009,67,055,,,67,1.000000000000,20,plan2_house,equal_area_intersection_geojson
19055055014,67,055,,,67,1.000000000000,20,plan2_house,equal_area_intersection_geojson
19055055004,64,055,,,64,0.000000000000,20,plan2_house,equal_area_intersection_geojson
19055055004,67,055,,,67,1.000000000000,20,plan2_house,equal_area_intersection_geojson
19055055020,67,055,,,67,1.000000000000,20,plan2_house,equal_area_intersection_geojson
19055055020,83,055,,,83,0.000000000000,20,plan2_house,equal_area_intersection_geojson
19055055015,67,055,,,67,1.000000000000,20,plan2_house,equal_area_intersection_geojson
19055055002,64,055,,,64,0.000000000000,20,plan2_house,equal_area_intersection_geojson
19055055002,67,055,,,67,1.000000000000,20,plan2_house,equal_area_intersection_geojson
19055055003,64,055,,,64,0.000000000000,20,plan2_house,equal_area_intersection_geojson
19055055003,67,055,,,67,1.000000000000,20,plan2_house,equal_area_intersection_geojson
19055055012,67,055,,,67,1.000000000000,20,plan2_house,equal_area_intersection_geojson
19055055016,65,055,,,65,0.000000000000,20,plan2_house,equal_area_intersection_geojson
19055055016,67,055,,,67,1.000000000000,20,plan2_house,equal_area_intersection_geojson
19055055008,67,055,,,67,1.000000000000,20,plan2_house,equal_area_intersection_geojson
19055055011,67,055,,,67,1.000000000000,20,plan2_house,equal_area_intersection_geojson
19055055001,64,055,,,64,0.000000000000,20,plan2_house,equal_area_intersection_geojson
19055055001,67,055,,,67,1.000000000000,20,plan2_house,equal_area_intersection_geojson
19055055001,68,055,,,68,0.000000000000,20,plan2_house,equal_area_intersection_geojson
19055055018,66,055,,,66,0.000000000000,20,plan2_house,equal_area_intersection_geojson
19055055018,67,055,,,67,1.000000000000,20,plan2_house,equal_area_intersection_geojson
19015015026,48,015,,,48,1.000000000000,20,plan2_house,equal_area_intersection_geojson
19041041012,6,041,,,6,1.000000000000,20,plan2_house,equal_area_intersection_geojson
19041041019,6,041,,,6,1.000000000000,20,plan2_house,equal_area_intersection_geojson
19041041001,10,041,,,10,1.000000000000,20,plan2_house,equal_area_intersection_geojson
19041041001,5,041,,,5,0.000000000000,20,plan2_house,equal_area_intersection_geojson
19041041001,6,041,,,6,0.000000000000,20,plan2_house,equal_area_intersection_geojson
19041041005,10,041,,,10,1.000000000000,20,plan2_house,equal_area_intersection_geojson
19041041005,6,041,,,6,0.000000000000,20,plan2_house,equal_area_intersection_geojson
19041041006,10,041,,,10,1.000000000000,20,plan2_house,equal_area_intersection_geojson
19041041017,10,041,,,10,0.000000000000,20,plan2_house,equal_area_intersection_geojson
19041041017,6,041,,,6,1.000000000000,20,plan2_house,equal_area_intersection_geojson
19041041014,10,041,,,10,0.000000000000,20,plan2_house,equal_area_intersection_geojson
19041041014,6,041,,,6,1.000000000000,20,plan2_house,equal_area_intersection_geojson
19041041016,6,041,,,6,1.000000000000,20,plan2_house,equal_area_intersection_geojson
19041041018,6,041,,,6,1.000000000000,20,plan2_house,equal_area_intersection_geojson
19041041004,10,041,,,10,1.000000000000,20,plan2_house,equal_area_intersection_geojson
19041041013,6,041,,,6,1.000000000000,20,plan2_house,equal_area_intersection_geojson
19041041015,10,041,,,10,0.000000000000,20,plan2_house,equal_area_intersection_geojson
19041041015,6,041,,,6,1.000000000000,20,plan2_house,equal_area_intersection_geojson
19041041010,10,041,,,10,0.000000000000,20,plan2_house,equal_area_intersection_geojson
19041041010,6,041,,,6,1.000000000000,20,plan2_house,equal_area_intersection_geojson
19041041011,10,041,,,10,0.999999999999,20,plan2_house,equal_area_intersection_geojson
19041041011,6,041,,,6,0.000000000001,20,plan2_house,equal_area_intersection_geojson
19041041003,10,041,,,10,1.000000000000,20,plan2_house,equal_area_intersection_geojson
19041041003,6,041,,,6,0.000000000000,20,plan2_house,equal_area_intersection_geojson
19041041020,6,041,,,6,1.000000000000,20,plan2_house,equal_area_intersection_geojson
19047047028,12,047,,,12,1.000000000000,20,plan2_house,equal_area_intersection_geojson
19047047028,13,047,,,13,0.000000000000,20,plan2_house,equal_area_intersection_geojson
19047047028,15,047,,,15,0.000000000000,20,plan2_house,equal_area_intersection_geojson
19047047016,12,047,,,12,1.000000000000,20,plan2_house,equal_area_intersection_geojson
19047047019,12,047,,,12,1.000000000000,20,plan2_house,equal_area_intersection_geojson
19047047017,12,047,,,12,1.000000000000,20,plan2_house,equal_area_intersection_geojson
19047047017,13,047,,,13,0.000000000000,20,plan2_house,equal_area_intersection_geojson
19047047021,12,047,,,12,1.000000000000,20,plan2_house,equal_area_intersection_geojson
19047047020,12,047,,,12,1.000000000000,20,plan2_house,equal_area_intersection_geojson
19047047014,12,047,,,12,1.000000000000,20,plan2_house,equal_area_intersection_geojson
19047047015,12,047,,,12,1.000000000000,20,plan2_house,equal_area_intersection_geojson
19047047022,11,047,,,11,0.000000000000,20,plan2_house,equal_area_intersection_geojson
19047047022,12,047,,,12,1.000000000000,20,plan2_house,equal_area_intersection_geojson
19047047023,11,047,,,11,0.000000000000,20,plan2_house,equal_area_intersection_geojson
19047047023,12,047,,,12,1.000000000000,20,plan2_house,equal_area_intersection_geojson
19047047008,11,047,,,11,0.000000000000,20,plan2_house,equal_area_intersection_geojson
19047047008,12,047,,,12,1.000000000000,20,plan2_house,equal_area_intersection_geojson
19047047008,7,047,,,7,0.000000000000,20,plan2_house,equal_area_intersection_geojson
19047047013,12,047,,,12,1.000000000000,20,plan2_house,equal_area_intersection_geojson
19047047012,12,047,,,12,1.000000000000,20,plan2_house,equal_area_intersection_geojson
19047047003,12,047,,,12,1.000000000000,20,plan2_house,equal_area_intersection_geojson
19047047005,12,047,,,12,1.000000000000,20,plan2_house,equal_area_intersection_geojson
19047047024,12,047,,,12,1.000000000000,20,plan2_house,equal_area_intersection_geojson
19047047004,12,047,,,12,1.000000000000,20,plan2_house,equal_area_intersection_geojson
19047047006,12,047,,,12,1.000000000000,20,plan2_house,equal_area_intersection_geojson
19047047018,12,047,,,12,1.000000000000,20,plan2_house,equal_area_intersection_geojson
19049049031,23,049,,,23,0.000000000000,20,plan2_house,equal_area_intersection_geojson
19049049031,28,049,,,28,1.000000000000,20,plan2_house,equal_area_intersection_geojson
19081081018,56,081,,,56,1.000000000000,20,plan2_house,equal_area_intersection_geojson
19081081015,55,081,,,55,0.000000000000,20,plan2_house,equal_area_intersection_geojson
19081081015,56,081,,,56,1.000000000000,20,plan2_house,equal_area_intersection_geojson
19081081015,60,081,,,60,0.000000000000,20,plan2_house,equal_area_intersection_geojson
19081081017,56,081,,,56,1.000000000000,20,plan2_house,equal_area_intersection_geojson
19081081001,56,081,,,56,1.000000000000,20,plan2_house,equal_area_intersection_geojson
19081081001,9,081,,,9,0.000000000000,20,plan2_house,equal_area_intersection_geojson
19081081011,56,081,,,56,1.000000000000,20,plan2_house,equal_area_intersection_geojson
19081081011,9,081,,,9,0.000000000000,20,plan2_house,equal_area_intersection_geojson
19081081020,56,081,,,56,1.000000000000,20,plan2_house,equal_area_intersection_geojson
19081081009,56,081,,,56,1.000000000000,20,plan2_house,equal_area_intersection_geojson
19081081016,56,081,,,56,1.000000000000,20,plan2_house,equal_area_intersection_geojson
19081081002,56,081,,,56,1.000000000000,20,plan2_house,equal_area_intersection_geojson
19081081002,9,081,,,9,0.000000000000,20,plan2_house,equal_area_intersection_geojson
19081081006,56,081,,,56,1.000000000000,20,plan2_house,equal_area_intersection_geojson
19081081006,60,081,,,60,0.000000000000,20,plan2_house,equal_area_intersection_geojson
19081081014,56,081,,,56,1.000000000000,20,plan2_house,equal_area_intersection_geojson
19081081014,60,081,,,60,0.000000000000,20,plan2_house,equal_area_intersection_geojson
19081081007,56,081,,,56,1.000000000000,20,plan2_house,equal_area_intersection_geojson
19081081004,56,081,,,56,1.000000000000,20,plan2_house,equal_area_intersection_geojson
19081081004,60,081,,,60,0.000000000000,20,plan2_house,equal_area_intersection_geojson
19081081004,9,081,,,9,0.000000000000,20,plan2_house,equal_area_intersection_geojson
19081081012,56,081,,,56,1.000000000000,20,plan2_house,equal_area_intersection_geojson
19081081008,56,081,,,56,1.000000000000,20,plan2_house,equal_area_intersection_geojson
19081081013,56,081,,,56,1.000000000000,20,plan2_house,equal_area_intersection_geojson
19081081003,56,081,,,56,1.000000000000,20,plan2_house,equal_area_intersection_geojson
19081081005,56,081,,,56,1.000000000000,20,plan2_house,equal_area_intersection_geojson
19081081005,9,081,,,9,0.000000000000,20,plan2_house,equal_area_intersection_geojson
19081081019,56,081,,,56,1.000000000000,20,plan2_house,equal_area_intersection_geojson
19081081019,9,081,,,9,0.000000000000,20,plan2_house,equal_area_intersection_geojson
19081081010,56,081,,,56,1.000000000000,20,plan2_house,equal_area_intersection_geojson
19047047026,12,047,,,12,1.000000000000,20,plan2_house,equal_area_intersection_geojson
19047047025,12,047,,,12,1.000000000000,20,plan2_house,equal_area_intersection_geojson
19047047009,11,047,,,11,0.000000000000,20,plan2_house,equal_area_intersection_geojson
19047047009,12,047,,,12,1.000000000000,20,plan2_house,equal_area_intersection_geojson
19021021002,5,021,,,5,0.000000000000,20,plan2_house,equal_area_intersection_geojson
19021021002,6,021,,,6,1.000000000000,20,plan2_house,equal_area_intersection_geojson
19021021001,5,021,,,5,0.000000000000,20,plan2_house,equal_area_intersection_geojson
19021021001,6,021,,,6,1.000000000000,20,plan2_house,equal_area_intersection_geojson
19021021010,5,021,,,5,1.000000000000,20,plan2_house,equal_area_intersection_geojson
19021021010,6,021,,,6,0.000000000000,20,plan2_house,equal_area_intersection_geojson
19021021014,6,021,,,6,1.000000000000,20,plan2_house,equal_area_intersection_geojson
19021021014,7,021,,,7,0.000000000000,20,plan2_house,equal_area_intersection_geojson
19021021012,5,021,,,5,0.000000000000,20,plan2_house,equal_area_intersection_geojson
19021021012,6,021,,,6,1.000000000000,20,plan2_house,equal_area_intersection_geojson
19021021007,6,021,,,6,1.000000000000,20,plan2_house,equal_area_intersection_geojson
19021021007,7,021,,,7,0.000000000000,20,plan2_house,equal_area_intersection_geojson
19021021013,6,021,,,6,1.000000000000,20,plan2_house,equal_area_intersection_geojson
19021021017,5,021,,,5,0.000000000000,20,plan2_house,equal_area_intersection_geojson
19021021017,6,021,,,6,1.000000000000,20,plan2_house,equal_area_intersection_geojson
19021021017,7,021,,,7,0.000000000000,20,plan2_house,equal_area_intersection_geojson
19021021018,6,021,,,6,1.000000000000,20,plan2_house,equal_area_intersection_geojson
19021021005,6,021,,,6,1.000000000000,20,plan2_house,equal_area_intersection_geojson
19021021008,5,021,,,5,0.000000000000,20,plan2_house,equal_area_intersection_geojson
19021021008,6,021,,,6,1.000000000000,20,plan2_house,equal_area_intersection_geojson
19021021020,12,021,,,12,0.000000000000,20,plan2_house,equal_area_intersection_geojson
19021021020,5,021,,,5,1.000000000000,20,plan2_house,equal_area_intersection_geojson
19021021020,6,021,,,6,0.000000000000,20,plan2_house,equal_area_intersection_geojson
19021021020,7,021,,,7,0.000000000000,20,plan2_house,equal_area_intersection_geojson
19021021015,6,021,,,6,1.000000000000,20,plan2_house,equal_area_intersection_geojson
19021021015,7,021,,,7,0.000000000000,20,plan2_house,equal_area_intersection_geojson
19021021011,5,021,,,5,1.000000000000,20,plan2_house,equal_area_intersection_geojson
19021021011,6,021,,,6,0.000000000000,20,plan2_house,equal_area_intersection_geojson
19021021006,6,021,,,6,1.000000000000,20,plan2_house,equal_area_intersection_geojson
19021021006,7,021,,,7,0.000000000000,20,plan2_house,equal_area_intersection_geojson
19021021016,6,021,,,6,1.000000000000,20,plan2_house,equal_area_intersection_geojson
19021021016,7,021,,,7,0.000000000000,20,plan2_house,equal_area_intersection_geojson
19021021009,5,021,,,5,1.000000000000,20,plan2_house,equal_area_intersection_geojson
19021021009,6,021,,,6,0.000000000000,20,plan2_house,equal_area_intersection_geojson
19021021004,6,021,,,6,1.000000000000,20,plan2_house,equal_area_intersection_geojson
19021021019,6,021,,,6,1.000000000000,20,plan2_house,equal_area_intersection_geojson
19021021003,5,021,,,5,0.000000000000,20,plan2_house,equal_area_intersection_geojson
19021021003,6,021,,,6,1.000000000000,20,plan2_house,equal_area_intersection_geojson
19047047011,12,047,,,12,1.000000000000,20,plan2_house,equal_area_intersection_geojson
19047047010,11,047,,,11,0.000000000000,20,plan2_house,equal_area_intersection_geojson
19047047010,12,047,,,12,1.000000000000,20,plan2_house,equal_area_intersection_geojson
19047047029,12,047,,,12,0.999999999990,20,plan2_house,equal_area_intersection_geojson
19047047029,15,047,,,15,0.000000000010,20,plan2_house,equal_area_intersection_geojson
19047047027,12,047,,,12,1.000000000000,20,plan2_house,equal_area_intersection_geojson
19047047001,12,047,,,12,1.000000000000,20,plan2_house,equal_area_intersection_geojson
19047047001,13,047,,,13,0.000000000000,20,plan2_house,equal_area_intersection_geojson
19047047002,12,047,,,12,1.000000000000,20,plan2_house,equal_area_intersection_geojson
19047047007,12,047,,,12,1.000000000000,20,plan2_house,equal_area_intersection_geojson
19047047007,7,047,,,7,0.000000000000,20,plan2_house,equal_area_intersection_geojson
19167167031,3,167,,,3,1.000000000000,20,plan2_house,equal_area_intersection_geojson
19167167013,3,167,,,3,1.000000000000,20,plan2_house,equal_area_intersection_geojson
19167167009,3,167,,,3,0.000000000000,20,plan2_house,equal_area_intersection_geojson
19167167009,4,167,,,4,1.000000000000,20,plan2_house,equal_area_intersection_geojson
19167167015,3,167,,,3,1.000000000000,20,plan2_house,equal_area_intersection_geojson
19167167015,4,167,,,4,0.000000000000,20,plan2_house,equal_area_intersection_geojson
19167167014,3,167,,,3,1.000000000000,20,plan2_house,equal_area_intersection_geojson
19167167021,3,167,,,3,1.000000000000,20,plan2_house,equal_area_intersection_geojson
19167167021,5,167,,,5,0.000000000000,20,plan2_house,equal_area_intersection_geojson
19167167020,3,167,,,3,1.000000000000,20,plan2_house,equal_area_intersection_geojson
19153153049,22,153,,,22,0.000000000000,20,plan2_house,equal_area_intersection_geojson
19153153049,29,153,,,29,0.000000000000,20,plan2_house,equal_area_intersection_geojson
19153153049,39,153,,,39,0.000000000000,20,plan2_house,equal_area_intersection_geojson
19153153049,45,153,,,45,1.000000000000,20,plan2_house,equal_area_intersection_geojson
19153153050,22,153,,,22,0.000000000000,20,plan2_house,equal_area_intersection_geojson
19153153050,45,153,,,45,1.000000000000,20,plan2_house,equal_area_intersection_geojson
19153153042,38,153,,,38,0.000000000000,20,plan2_house,equal_area_intersection_geojson
19153153042,40,153,,,40,0.000000000000,20,plan2_house,equal_area_intersection_geojson
19153153042,45,153,,,45,1.000000000000,20,plan2_house,equal_area_intersection_geojson
19153153043,38,153,,,38,0.000000000000,20,plan2_house,equal_area_intersection_geojson
19153153043,45,153,,,45,1.000000000000,20,plan2_house,equal_area_intersection_geojson
19153153284,22,153,,,22,0.000000000001,20,plan2_house,equal_area_intersection_geojson
19153153284,29,153,,,29,0.000000000000,20,plan2_house,equal_area_intersection_geojson
19153153284,30,153,,,30,0.999999999999,20,plan2_house,equal_area_intersection_geojson
19153153282,22,153,,,22,0.000000000000,20,plan2_house,equal_area_intersection_geojson
19153153282,30,153,,,30,1.000000000000,20,plan2_house,equal_area_intersection_geojson
19153153282,31,153,,,31,0.000000000000,20,plan2_house,equal_area_intersection_geojson
19153153302,22,153,,,22,0.000000000000,20,plan2_house,equal_area_intersection_geojson
19153153302,28,153,,,28,0.000000000000,20,plan2_house,equal_area_intersection_geojson
19153153302,30,153,,,30,0.000000000000,20,plan2_house,equal_area_intersection_geojson
19153153302,31,153,,,31,1.000000000000,20,plan2_house,equal_area_intersection_geojson
19153153302,32,153,,,32,0.000000000000,20,plan2_house,equal_area_intersection_geojson
19153153302,36,153,,,36,0.000000000000,20,plan2_house,equal_area_intersection_geojson
19153153280,30,153,,,30,1.000000000000,20,plan2_house,equal_area_intersection_geojson
19153153281,30,153,,,30,1.000000000000,20,plan2_house,equal_area_intersection_geojson
19153153275,29,153,,,29,1.000000000000,20,plan2_house,equal_area_intersection_geojson
19153153275,30,153,,,30,0.000000000000,20,plan2_house,equal_area_intersection_geojson
19153153283,22,153,,,22,0.000000000000,20,plan2_house,equal_area_intersection_geojson
19153153283,30,153,,,30,1.000000000000,20,plan2_house,equal_area_intersection_geojson
19153153278,30,153,,,30,1.000000000000,20,plan2_house,equal_area_intersection_geojson
19153153278,36,153,,,36,0.000000000000,20,plan2_house,equal_area_intersection_geojson
19153153279,29,153,,,29,0.000000000000,20,plan2_house,equal_area_intersection_geojson
19153153279,30,153,,,30,1.000000000000,20,plan2_house,equal_area_intersection_geojson
19153153277,29,153,,,29,0.000000000001,20,plan2_house,equal_area_intersection_geojson
19153153277,30,153,,,30,0.999999999999,20,plan2_house,equal_area_intersection_geojson
19153153276,29,153,,,29,1.000000000000,20,plan2_house,equal_area_intersection_geojson
19153153276,30,153,,,30,0.000000000000,20,plan2_house,equal_area_intersection_geojson
19153153274,22,153,,,22,0.000000000000,20,plan2_house,equal_area_intersection_geojson
19153153274,29,153,,,29,1.000000000000,20,plan2_house,equal_area_intersection_geojson
19153153274,45,153,,,45,0.000000000000,20,plan2_house,equal_area_intersection_geojson
19153153037,39,153,,,39,0.000000000000,20,plan2_house,equal_area_intersection_geojson
19153153037,40,153,,,40,1.000000000000,20,plan2_house,equal_area_intersection_geojson
19153153037,45,153,,,45,0.000000000000,20,plan2_house,equal_area_intersection_geojson
19153153041,39,153,,,39,0.000000000000,20,plan2_house,equal_area_intersection_geojson
19153153041,40,153,,,40,1.000000000000,20,plan2_house,equal_area_intersection_geojson
19153153041,45,153,,,45,0.000000000000,20,plan2_house,equal_area_intersection_geojson
19153153367,40,153,,,40,0.000458214942,20,plan2_house,equal_area_intersection_geojson
19153153367,42,153,,,42,0.999541785058,20,plan2_house,equal_area_intersection_geojson
19153153367,45,153,,,45,0.000000000000,20,plan2_house,equal_area_intersection_geojson
19153153370,41,153,,,41,0.000000000000,20,plan2_house,equal_area_intersection_geojson
19153153370,42,153,,,42,1.000000000000,20,plan2_house,equal_area_intersection_geojson
19153153038,41,153,,,41,0.000000000000,20,plan2_house,equal_area_intersection_geojson
19153153038,42,153,,,42,0.000087525061,20,plan2_house,equal_area_intersection_geojson
19153153038,43,153,,,43,0.000118222484,20,plan2_house,equal_area_intersection_geojson
19153153038,45,153,,,45,0.999794252455,20,plan2_house,equal_area_intersection_geojson
19153153365,41,153,,,41,0.999999999999,20,plan2_house,equal_area_intersection_geojson
19153153365,42,153,,,42,0.000000000001,20,plan2_house,equal_area_intersection_geojson
19153153375,42,153,,,42,0.999999999999,20,plan2_house,equal_area_intersection_geojson
19153153375,43,153,,,43,0.000000000001,20,plan2_house,equal_area_intersection_geojson
19153153371,42,153,,,42,1.000000000000,20,plan2_house,equal_area_intersection_geojson
19153153361,41,153,,,41,1.000000000000,20,plan2_house,equal_area_intersection_geojson
19153153361,45,153,,,45,0.000000000000,20,plan2_house,equal_area_intersection_geojson
19153153363,41,153,,,41,1.000000000000,20,plan2_house,equal_area_intersection_geojson
19153153363,45,153,,,45,0.000000000000,20,plan2_house,equal_area_intersection_geojson
19153153022,45,153,,,45,1.000000000000,20,plan2_house,equal_area_intersection_geojson
19153153034,39,153,,,39,0.000000000000,20,plan2_house,equal_area_intersection_geojson
19153153034,40,153,,,40,1.000000000000,20,plan2_house,equal_area_intersection_geojson
19153153034,42,153,,,42,0.000000000000,20,plan2_house,equal_area_intersection_geojson
19153153203,33,153,,,33,0.000000000000,20,plan2_house,equal_area_intersection_geojson
19153153203,39,153,,,39,1.000000000000,20,plan2_house,equal_area_intersection_geojson
19153153203,40,153,,,40,0.000000000000,20,plan2_house,equal_area_intersection_geojson
19153153209,35,153,,,35,1.000000000000,20,plan2_house,equal_area_intersection_geojson
19153153265,30,153,,,30,1.000000000000,20,plan2_house,equal_area_intersection_geojson
19153153265,36,153,,,36,0.000000000000,20,plan2_house,equal_area_intersection_geojson
19153153216,34,153,,,34,0.000000000000,20,plan2_house,equal_area_intersection_geojson
19153153216,35,153,,,35,1.000000000000,20,plan2_house,equal_area_intersection_geojson
19153153219,33,153,,,33,0.000000000000,20,plan2_house,equal_area_intersection_geojson
19153153219,34,153,,,34,1.000000000000,20,plan2_house,equal_area_intersection_geojson
19153153239,34,153,,,34,1.000000000000,20,plan2_house,equal_area_intersection_geojson
19153153240,34,153,,,34,1.000000000000,20,plan2_house,equal_area_intersection_geojson
19153153244,34,153,,,34,1.000000000000,20,plan2_house,equal_area_intersection_geojson
19153153244,36,153,,,36,0.000000000000,20,plan2_house,equal_area_intersection_geojson
19153153268,30,153,,,30,0.996786481954,20,plan2_house,equal_area_intersection_geojson
19153153268,36,153,,,36,0.003213518046,20,plan2_house,equal_area_intersection_geojson
19153153258,34,153,,,34,0.000000000000,20,plan2_house,equal_area_intersection_geojson
19153153258,36,153,,,36,1.000000000000,20,plan2_house,equal_area_intersection_geojson
19153153257,36,153,,,36,1.000000000000,20,plan2_house,equal_area_intersection_geojson
19153153269,29,153,,,29,0.000000000000,20,plan2_house,equal_area_intersection_geojson
19153153269,30,153,,,30,1.000000000000,20,plan2_house,equal_area_intersection_geojson
19153153220,33,153,,,33,1.000000000000,20,plan2_house,equal_area_intersection_geojson
19153153220,34,153,,,34,0.000000000000,20,plan2_house,equal_area_intersection_geojson
19153153351,43,153,,,43,1.000000000000,20,plan2_house,equal_area_intersection_geojson
19153153351,44,153,,,44,0.000000000000,20,plan2_house,equal_area_intersection_geojson
19153153351,45,153,,,45,0.000000000000,20,plan2_house,equal_area_intersection_geojson
19153153211,35,153,,,35,1.000000000000,20,plan2_house,equal_area_intersection_geojson
19153153211,44,153,,,44,0.000000000000,20,plan2_house,equal_area_intersection_geojson
19153153255,33,153,,,33,0.000000000000,20,plan2_house,equal_area_intersection_geojson
19153153255,34,153,,,34,0.000000000000,20,plan2_house,equal_area_intersection_geojson
19153153255,36,153,,,36,1.000000000000,20,plan2_house,equal_area_intersection_geojson
19153153242,32,153,,,32,0.000000000000,20,plan2_house,equal_area_intersection_geojson
19153153242,35,153,,,35,1.000000000000,20,plan2_house,equal_area_intersection_geojson
19153153353,43,153,,,43,1.000000000000,20,plan2_house,equal_area_intersection_geojson
19153153353,44,153,,,44,0.000000000000,20,plan2_house,equal_area_intersection_geojson
19153153354,43,153,,,43,1.000000000000,20,plan2_house,equal_area_intersection_geojson
19153153352,43,153,,,43,1.000000000000,20,plan2_house,equal_area_intersection_geojson
19153153352,44,153,,,44,0.000000000000,20,plan2_house,equal_area_intersection_geojson
19153153341,32,153,,,32,0.000000000000,20,plan2_house,equal_area_intersection_geojson
19153153341,44,153,,,44,1.000000000000,20,plan2_house,equal_area_intersection_geojson
19153153339,32,153,,,32,0.000000000000,20,plan2_house,equal_area_intersection_geojson
19153153339,44,153,,,44,1.000000000000,20,plan2_house,equal_area_intersection_geojson
19153153263,32,153,,,32,0.000000000000,20,plan2_house,equal_area_intersection_geojson
19153153263,36,153,,,36,1.000000000000,20,plan2_house,equal_area_intersection_geojson
19153153331,35,153,,,35,0.000000000000,20,plan2_house,equal_area_intersection_geojson
19153153331,44,153,,,44,1.000000000000,20,plan2_house,equal_area_intersection_geojson
19153153337,43,153,,,43,0.000000000000,20,plan2_house,equal_area_intersection_geojson
19153153337,44,153,,,44,1.000000000000,20,plan2_house,equal_area_intersection_geojson
19153153336,32,153,,,32,0.000000000000,20,plan2_house,equal_area_intersection_geojson
19153153336,44,153,,,44,1.000000000000,20,plan2_house,equal_area_intersection_geojson
19153153214,35,153,,,35,1.000000000000,20,plan2_house,equal_area_intersection_geojson
19153153208,34,153,,,34,0.000000000001,20,plan2_house,equal_area_intersection_geojson
19153153208,35,153,,,35,0.999999999999,20,plan2_house,equal_area_intersection_geojson
19153153023,43,153,,,43,0.011224926361,20,plan2_house,equal_area_intersection_geojson
19153153023,45,153,,,45,0.988775073639,20,plan2_house,equal_area_intersection_geojson
19153153023,46,153,,,46,0.000000000000,20,plan2_house,equal_area_intersection_geojson
19153153247,29,153,,,29,0.000000000000,20,plan2_house,equal_area_intersection_geojson
19153153247,33,153,,,33,1.000000000000,20,plan2_house,equal_area_intersection_geojson
19153153233,33,153,,,33,1.000000000000,20,plan2_house,equal_area_intersection_geojson
19153153248,29,153,,,29,0.992613066077,20,plan2_house,equal_area_intersection_geojson
19153153248,33,153,,,33,0.007386933923,20,plan2_house,equal_area_intersection_geojson
19153153248,36,153,,,36,0.000000000000,20,plan2_house,equal_area_intersection_geojson
19153153003,41,153,,,41,0.000000000000,20,plan2_house,equal_area_intersection_geojson
19153153003,45,153,,,45,1.000000000000,20,plan2_house,equal_area_intersection_geojson
19153153002,45,153,,,45,1.000000000000,20,plan2_house,equal_area_intersection_geojson
19153153026,45,153,,,45,1.000000000000,20,plan2_house,equal_area_intersection_geojson
19153153249,29,153,,,29,1.000000000000,20,plan2_house,equal_area_intersection_geojson
19153153249,39,153,,,39,0.000000000000,20,plan2_house,equal_area_intersection_geojson
19153153228,39,153,,,39,1.000000000000,20,plan2_house,equal_area_intersection_geojson
19153153202,39,153,,,39,1.000000000000,20,plan2_house,equal_area_intersection_geojson
19153153202,40,153,,,40,0.000000000000,20,plan2_house,equal_area_intersection_geojson
19153153251,29,153,,,29,1.000000000000,20,plan2_house,equal_area_intersection_geojson
19153153232,29,153,,,29,0.000000000000,20,plan2_house,equal_area_intersection_geojson
19153153232,33,153,,,33,1.000000000000,20,plan2_house,equal_area_intersection_geojson
19153153253,29,153,,,29,0.000000000001,20,plan2_house,equal_area_intersection_geojson
19153153253,30,153,,,30,0.999999999999,20,plan2_house,equal_area_intersection_geojson
19153153253,36,153,,,36,0.000000000000,20,plan2_house,equal_area_intersection_geojson
19153153270,29,153,,,29,1.000000000000,20,plan2_house,equal_area_intersection_geojson
19153153270,30,153,,,30,0.000000000000,20,plan2_house,equal_area_intersection_geojson
19153153252,29,153,,,29,1.000000000000,20,plan2_house,equal_area_intersection_geojson
19153153252,30,153,,,30,0.000000000000,20,plan2_house,equal_area_intersection_geojson
19153153032,40,153,,,40,1.000000000000,20,plan2_house,equal_area_intersection_geojson
19153153032,42,153,,,42,0.000000000000,20,plan2_house,equal_area_intersection_geojson
19153153032,43,153,,,43,0.000000000000,20,plan2_house,equal_area_intersection_geojson
19153153031,33,153,,,33,0.000000000000,20,plan2_house,equal_area_intersection_geojson
19153153031,34,153,,,34,0.000000000000,20,plan2_house,equal_area_intersection_geojson
19153153031,40,153,,,40,0.000000000000,20,plan2_house,equal_area_intersection_geojson
19153153031,43,153,,,43,1.000000000000,20,plan2_house,equal_area_intersection_geojson
19153153031,44,153,,,44,0.000000000000,20,plan2_house,equal_area_intersection_geojson
19153153001,45,153,,,45,1.000000000000,20,plan2_house,equal_area_intersection_geojson
19153153001,46,153,,,46,0.000000000000,20,plan2_house,equal_area_intersection_geojson
19153153309,31,153,,,31,1.000000000000,20,plan2_house,equal_area_intersection_geojson
19153153309,32,153,,,32,0.000000000000,20,plan2_house,equal_area_intersection_geojson
19153153318,31,153,,,31,1.000000000000,20,plan2_house,equal_area_intersection_geojson
19153153051,27,153,,,27,0.000000000000,20,plan2_house,equal_area_intersection_geojson
19153153051,31,153,,,31,0.000000000000,20,plan2_house,equal_area_intersection_geojson
19153153051,32,153,,,32,1.000000000000,20,plan2_house,equal_area_intersection_geojson
19153153051,44,153,,,44,0.000000000000,20,plan2_house,equal_area_intersection_geojson
19153153319,28,153,,,28,0.000000000000,20,plan2_house,equal_area_intersection_geojson
19153153319,31,153,,,31,1.000000000000,20,plan2_house,equal_area_intersection_geojson
19153153317,31,153,,,31,1.000000000000,20,plan2_house,equal_area_intersection_geojson
19153153301,31,153,,,31,0.000000000000,20,plan2_house,equal_area_intersection_geojson
19153153301,32,153,,,32,0.999999999999,20,plan2_house,equal_area_intersection_geojson
19153153301,36,153,,,36,0.000000000001,20,plan2_house,equal_area_intersection_geojson
19153153313,31,153,,,31,1.000000000000,20,plan2_house,equal_area_intersection_geojson
19153153310,31,153,,,31,0.000000000000,20,plan2_house,equal_area_intersection_geojson
19153153310,32,153,,,32,1.000000000000,20,plan2_house,equal_area_intersection_geojson
19153153221,33,153,,,33,1.000000000000,20,plan2_house,equal_area_intersection_geojson
19153153221,39,153,,,39,0.000000000000,20,plan2_house,equal_area_intersection_geojson
19153153204,33,153,,,33,0.000000000000,20,plan2_house,equal_area_intersection_geojson
19153153204,39,153,,,39,1.000000000000,20,plan2_house,equal_area_intersection_geojson
19153153204,40,153,,,40,0.000000000000,20,plan2_house,equal_area_intersection_geojson
19153153223,33,153,,,33,1.000000000000,20,plan2_house,equal_area_intersection_geojson
19153153224,33,153,,,33,1.000000000000,20,plan2_house,equal_area_intersection_geojson
19153153224,39,153,,,39,0.000000000000,20,plan2_house,equal_area_intersection_geojson
19153153307,31,153,,,31,0.000000000000,20,plan2_house,equal_area_intersection_geojson
19153153307,32,153,,,32,1.000000000000,20,plan2_house,equal_area_intersection_geojson
19153153315,31,153,,,31,1.000000000000,20,plan2_house,equal_area_intersection_geojson
19153153231,29,153,,,29,1.000000000000,20,plan2_house,equal_area_intersection_geojson
19153153231,33,153,,,33,0.000000000000,20,plan2_house,equal_area_intersection_geojson
19153153231,39,153,,,39,0.000000000000,20,plan2_house,equal_area_intersection_geojson
19153153312,31,153,,,31,1.000000000000,20,plan2_house,equal_area_intersection_geojson
19153153264,30,153,,,30,0.000000000000,20,plan2_house,equal_area_intersection_geojson
19153153264,36,153,,,36,1.000000000000,20,plan2_house,equal_area_intersection_geojson
19153153044,22,153,,,22,0.000000000000,20,plan2_house,equal_area_intersection_geojson
19153153044,37,153,,,37,0.000000000000,20,plan2_house,equal_area_intersection_geojson
19153153044,45,153,,,45,1.000000000000,20,plan2_house,equal_area_intersection_geojson
19153153007,40,153,,,40,0.000000000000,20,plan2_house,equal_area_intersection_geojson
19153153007,45,153,,,45,1.000000000000,20,plan2_house,equal_area_intersection_geojson
19153153046,29,153,,,29,0.000000000000,20,plan2_house,equal_area_intersection_geojson
19153153046,39,153,,,39,0.981928793804,20,plan2_house,equal_area_intersection_geojson
19153153046,40,153,,,40,0.017029247570,20,plan2_house,equal_area_intersection_geojson
19153153046,45,153,,,45,0.001041958626,20,plan2_house,equal_area_intersection_geojson
19153153368,40,153,,,40,0.999999999999,20,plan2_house,equal_area_intersection_geojson
19153153368,42,153,,,42,0.000000000000,20,plan2_house,equal_area_intersection_geojson
19153153368,43,153,,,43,0.000000000000,20,plan2_house,equal_area_intersection_geojson
19153153373,41,153,,,41,0.000000000000,20,plan2_house,equal_area_intersection_geojson
19153153373,42,153,,,42,1.000000000000,20,plan2_house,equal_area_intersection_geojson
19153153373,45,153,,,45,0.000000000000,20,plan2_house,equal_area_intersection_geojson
19153153372,41,153,,,41,1.000000000000,20,plan2_house,equal_area_intersection_geojson
19153153372,42,153,,,42,0.000000000000,20,plan2_house,equal_area_intersection_geojson
19153153372,45,153,,,45,0.000000000000,20,plan2_house,equal_area_intersection_geojson
19153153364,41,153,,,41,1.000000000000,20,plan2_house,equal_area_intersection_geojson
19153153364,42,153,,,42,0.000000000000,20,plan2_house,equal_area_intersection_geojson
19153153009,40,153,,,40,0.000000000000,20,plan2_house,equal_area_intersection_geojson
19153153009,42,153,,,42,0.000000000000,20,plan2_house,equal_area_intersection_geojson
19153153009,43,153,,,43,1.000000000000,20,plan2_house,equal_area_intersection_geojson
19153153009,45,153,,,45,0.000000000000,20,plan2_house,equal_area_intersection_geojson
19153153369,40,153,,,40,0.000000000000,20,plan2_house,equal_area_intersection_geojson
19153153369,41,153,,,41,0.000000000000,20,plan2_house,equal_area_intersection_geojson
19153153369,42,153,,,42,1.000000000000,20,plan2_house,equal_area_intersection_geojson
19153153369,43,153,,,43,0.000000000000,20,plan2_house,equal_area_intersection_geojson
19153153374,42,153,,,42,1.000000000000,20,plan2_house,equal_area_intersection_geojson
19153153374,43,153,,,43,0.000000000000,20,plan2_house,equal_area_intersection_geojson
19153153374,45,153,,,45,0.000000000000,20,plan2_house,equal_area_intersection_geojson
19153153366,41,153,,,41,0.000000000000,20,plan2_house,equal_area_intersection_geojson
19153153366,42,153,,,42,1.000000000000,20,plan2_house,equal_area_intersection_geojson
19153153366,45,153,,,45,0.000000000000,20,plan2_house,equal_area_intersection_geojson
19153153362,41,153,,,41,1.000000000000,20,plan2_house,equal_area_intersection_geojson
19153153201,39,153,,,39,0.000000000000,20,plan2_house,equal_area_intersection_geojson
19153153201,40,153,,,40,1.000000000000,20,plan2_house,equal_area_intersection_geojson
19153153230,29,153,,,29,0.000000000000,20,plan2_house,equal_area_intersection_geojson
19153153230,33,153,,,33,0.000000000000,20,plan2_house,equal_area_intersection_geojson
19153153230,39,153,,,39,1.000000000000,20,plan2_house,equal_area_intersection_geojson
19153153229,39,153,,,39,1.000000000000,20,plan2_house,equal_area_intersection_geojson
19153153229,40,153,,,40,0.000000000000,20,plan2_house,equal_area_intersection_geojson
19153153212,35,153,,,35,1.000000000000,20,plan2_house,equal_area_intersection_geojson
19153153259,36,153,,,36,1.000000000000,20,plan2_house,equal_area_intersection_geojson
19153153261,36,153,,,36,1.000000000000,20,plan2_house,equal_area_intersection_geojson
19153153246,34,153,,,34,1.000000000000,20,plan2_house,equal_area_intersection_geojson
19153153246,36,153,,,36,0.000000000000,20,plan2_house,equal_area_intersection_geojson
19153153254,30,153,,,30,0.000000000000,20,plan2_house,equal_area_intersection_geojson
19153153254,36,153,,,36,1.000000000000,20,plan2_house,equal_area_intersection_geojson
19153153206,33,153,,,33,1.000000000000,20,plan2_house,equal_area_intersection_geojson
19153153235,34,153,,,34,1.000000000000,20,plan2_house,equal_area_intersection_geojson
19153153030,35,153,,,35,0.000000000000,20,plan2_house,equal_area_intersection_geojson
19153153030,43,153,,,43,0.000000000000,20,plan2_house,equal_area_intersection_geojson
19153153030,44,153,,,44,0.999999999999,20,plan2_house,equal_area_intersection_geojson
19153153234,33,153,,,33,0.000000000000,20,plan2_house,equal_area_intersection_geojson
19153153234,34,153,,,34,1.000000000000,20,plan2_house,equal_area_intersection_geojson
19153153256,36,153,,,36,1.000000000000,20,plan2_house,equal_area_intersection_geojson
19153153213,35,153,,,35,1.000000000000,20,plan2_house,equal_area_intersection_geojson
19153153213,44,153,,,44,0.000000000000,20,plan2_house,equal_area_intersection_geojson
19153153025,43,153,,,43,0.000000000000,20,plan2_house,equal_area_intersection_geojson
19153153025,44,153,,,44,0.000000000000,20,plan2_house,equal_area_intersection_geojson
19153153025,45,153,,,45,0.000000000000,20,plan2_house,equal_area_intersection_geojson
19153153025,46,153,,,46,1.000000000000,20,plan2_house,equal_area_intersection_geojson
19153153210,35,153,,,35,1.000000000000,20,plan2_house,equal_area_intersection_geojson
19153153210,44,153,,,44,0.000000000000,20,plan2_house,equal_area_intersection_geojson
19153153338,44,153,,,44,1.000000000000,20,plan2_house,equal_area_intersection_geojson
19153153340,44,153,,,44,1.000000000000,20,plan2_house,equal_area_intersection_geojson
19153153340,46,153,,,46,0.000000000000,20,plan2_house,equal_area_intersection_geojson
19153153334,43,153,,,43,1.000000000000,20,plan2_house,equal_area_intersection_geojson
19153153334,44,153,,,44,0.000000000000,20,plan2_house,equal_area_intersection_geojson
19153153335,43,153,,,43,0.000000000000,20,plan2_house,equal_area_intersection_geojson
19153153335,44,153,,,44,1.000000000000,20,plan2_house,equal_area_intersection_geojson
19153153332,43,153,,,43,0.000000000000,20,plan2_house,equal_area_intersection_geojson
19153153332,44,153,,,44,1.000000000000,20,plan2_house,equal_area_intersection_geojson
19153153333,32,153,,,32,0.000000000000,20,plan2_house,equal_area_intersection_geojson
19153153333,35,153,,,35,0.000000000000,20,plan2_house,equal_area_intersection_geojson
19153153333,44,153,,,44,1.000000000000,20,plan2_house,equal_area_intersection_geojson
19153153008,40,153,,,40,0.000000000000,20,plan2_house,equal_area_intersection_geojson
19153153008,41,153,,,41,0.000000000000,20,plan2_house,equal_area_intersection_geojson
19153153008,42,153,,,42,0.000000000000,20,plan2_house,equal_area_intersection_geojson
19153153008,45,153,,,45,1.000000000000,20,plan2_house,equal_area_intersection_geojson
19153153355,43,153,,,43,1.000000000000,20,plan2_house,equal_area_intersection_geojson
19153153355,45,153,,,45,0.000000000000,20,plan2_house,equal_area_intersection_geojson
19153153355,46,153,,,46,0.000000000000,20,plan2_house,equal_area_intersection_geojson
19153153004,41,153,,,41,0.005289813646,20,plan2_house,equal_area_intersection_geojson
19153153004,45,153,,,45,0.994710186354,20,plan2_house,equal_area_intersection_geojson
19153153004,51,153,,,51,0.000000000000,20,plan2_house,equal_area_intersection_geojson
19153153006,38,153,,,38,0.000000000000,20,plan2_house,equal_area_intersection_geojson
19153153006,40,153,,,40,0.000000000000,20,plan2_house,equal_area_intersection_geojson
19153153006,45,153,,,45,1.000000000000,20,plan2_house,equal_area_intersection_geojson
19153153045,39,153,,,39,0.000084978421,20,plan2_house,equal_area_intersection_geojson
19153153045,45,153,,,45,0.999915021579,20,plan2_house,equal_area_intersection_geojson
19153153356,43,153,,,43,1.000000000000,20,plan2_house,equal_area_intersection_geojson
19153153356,45,153,,,45,0.000000000000,20,plan2_house,equal_area_intersection_geojson
19153153024,45,153,,,45,1.000000000000,20,plan2_house,equal_area_intersection_geojson
19153153024,46,153,,,46,0.000000000000,20,plan2_house,equal_area_intersection_geojson
19153153303,31,153,,,31,1.000000000000,20,plan2_house,equal_area_intersection_geojson
19153153303,32,153,,,32,0.000000000000,20,plan2_house,equal_area_intersection_geojson
19153153005,38,153,,,38,0.000000000000,20,plan2_house,equal_area_intersection_geojson
19153153005,45,153,,,45,1.000000000000,20,plan2_house,equal_area_intersection_geojson
19153153005,51,153,,,51,0.000000000000,20,plan2_house,equal_area_intersection_geojson
19153153314,31,153,,,31,1.000000000000,20,plan2_house,equal_area_intersection_geojson
19153153314,32,153,,,32,0.000000000000,20,plan2_house,equal_area_intersection_geojson
19153153306,31,153,,,31,0.000000000001,20,plan2_house,equal_area_intersection_geojson
19153153306,32,153,,,32,0.999999999999,20,plan2_house,equal_area_intersection_geojson
19153153305,31,153,,,31,0.000000000000,20,plan2_house,equal_area_intersection_geojson
19153153305,32,153,,,32,1.000000000000,20,plan2_house,equal_area_intersection_geojson
19153153205,33,153,,,33,1.000000000000,20,plan2_house,equal_area_intersection_geojson
19153153205,40,153,,,40,0.000000000000,20,plan2_house,equal_area_intersection_geojson
19153153227,33,153,,,33,0.000000000000,20,plan2_house,equal_area_intersection_geojson
19153153227,39,153,,,39,1.000000000000,20,plan2_house,equal_area_intersection_geojson
19153153225,29,153,,,29,0.000000000000,20,plan2_house,equal_area_intersection_geojson
19153153225,33,153,,,33,1.000000000000,20,plan2_house,equal_area_intersection_geojson
19153153222,33,153,,,33,1.000000000000,20,plan2_house,equal_area_intersection_geojson
19153153052,32,153,,,32,1.000000000000,20,plan2_house,equal_area_intersection_geojson
19153153052,35,153,,,35,0.000000000000,20,plan2_house,equal_area_intersection_geojson
19153153052,36,153,,,36,0.000000000000,20,plan2_house,equal_area_intersection_geojson
19153153304,31,153,,,31,1.000000000000,20,plan2_house,equal_area_intersection_geojson
19153153304,32,153,,,32,0.000000000000,20,plan2_house,equal_area_intersection_geojson
19153153316,31,153,,,31,1.000000000000,20,plan2_house,equal_area_intersection_geojson
19153153226,29,153,,,29,0.000000000000,20,plan2_house,equal_area_intersection_geojson
19153153226,33,153,,,33,0.999999999999,20,plan2_house,equal_area_intersection_geojson
19153153226,39,153,,,39,0.000000000000,20,plan2_house,equal_area_intersection_geojson
19153153311,28,153,,,28,0.000000000000,20,plan2_house,equal_area_intersection_geojson
19153153311,31,153,,,31,1.000000000000,20,plan2_house,equal_area_intersection_geojson
19153153215,35,153,,,35,1.000000000000,20,plan2_house,equal_area_intersection_geojson
19153153207,33,153,,,33,0.000000000000,20,plan2_house,equal_area_intersection_geojson
19153153207,34,153,,,34,1.000000000000,20,plan2_house,equal_area_intersection_geojson
19153153207,43,153,,,43,0.000000000000,20,plan2_house,equal_area_intersection_geojson
19153153217,34,153,,,34,1.000000000000,20,plan2_house,equal_area_intersection_geojson
19153153217,35,153,,,35,0.000000000000,20,plan2_house,equal_area_intersection_geojson
19153153241,34,153,,,34,0.000000000000,20,plan2_house,equal_area_intersection_geojson
19153153241,35,153,,,35,1.000000000000,20,plan2_house,equal_area_intersection_geojson
19153153243,32,153,,,32,0.000000000000,20,plan2_house,equal_area_intersection_geojson
19153153243,34,153,,,34,0.000000000000,20,plan2_house,equal_area_intersection_geojson
19153153243,35,153,,,35,1.000000000000,20,plan2_house,equal_area_intersection_geojson
19153153243,36,153,,,36,0.000000000000,20,plan2_house,equal_area_intersection_geojson
19153153262,35,153,,,35,0.000000000000,20,plan2_house,equal_area_intersection_geojson
19153153262,36,153,,,36,1.000000000000,20,plan2_house,equal_area_intersection_geojson
19153153260,35,153,,,35,0.000000000000,20,plan2_house,equal_area_intersection_geojson
19153153260,36,153,,,36,1.000000000000,20,plan2_house,equal_area_intersection_geojson
19153153266,30,153,,,30,0.000000000000,20,plan2_house,equal_area_intersection_geojson
19153153266,36,153,,,36,1.000000000000,20,plan2_house,equal_area_intersection_geojson
19153153218,34,153,,,34,0.999999999999,20,plan2_house,equal_area_intersection_geojson
19153153218,35,153,,,35,0.000000000001,20,plan2_house,equal_area_intersection_geojson
19153153238,34,153,,,34,1.000000000000,20,plan2_house,equal_area_intersection_geojson
19153153267,30,153,,,30,0.000000000000,20,plan2_house,equal_area_intersection_geojson
19153153267,36,153,,,36,1.000000000000,20,plan2_house,equal_area_intersection_geojson
19153153308,31,153,,,31,0.000000000000,20,plan2_house,equal_area_intersection_geojson
19153153308,32,153,,,32,1.000000000000,20,plan2_house,equal_area_intersection_geojson
19117117012,24,117,,,24,1.000000000000,20,plan2_house,equal_area_intersection_geojson
19117117005,24,117,,,24,1.000000000000,20,plan2_house,equal_area_intersection_geojson
19117117005,26,117,,,26,0.000000000000,20,plan2_house,equal_area_intersection_geojson
19117117007,24,117,,,24,1.000000000000,20,plan2_house,equal_area_intersection_geojson
19117117008,24,117,,,24,1.000000000000,20,plan2_house,equal_area_intersection_geojson
19117117003,24,117,,,24,1.000000000000,20,plan2_house,equal_area_intersection_geojson
19117117003,37,117,,,37,0.000000000000,20,plan2_house,equal_area_intersection_geojson
19117117009,24,117,,,24,1.000000000000,20,plan2_house,equal_area_intersection_geojson
19117117002,21,117,,,21,0.000000000000,20,plan2_house,equal_area_intersection_geojson
19117117002,24,117,,,24,1.000000000000,20,plan2_house,equal_area_intersection_geojson
19117117006,24,117,,,24,1.000000000000,20,plan2_house,equal_area_intersection_geojson
19117117001,21,117,,,21,0.000000000000,20,plan2_house,equal_area_intersection_geojson
19117117001,24,117,,,24,1.000000000000,20,plan2_house,equal_area_intersection_geojson
19117117004,24,117,,,24,1.000000000000,20,plan2_house,equal_area_intersection_geojson
19117117004,26,117,,,26,0.000000000000,20,plan2_house,equal_area_intersection_geojson
19117117010,24,117,,,24,1.000000000000,20,plan2_house,equal_area_intersection_geojson
19117117011,24,117,,,24,1.000000000000,20,plan2_house,equal_area_intersection_geojson
19117117013,24,117,,,24,1.000000000000,20,plan2_house,equal_area_intersection_geojson
19117117013,26,117,,,26,0.000000000000,20,plan2_house,equal_area_intersection_geojson
19117117014,24,117,,,24,1.000000000000,20,plan2_house,equal_area_intersection_geojson
19153153245,34,153,,,34,1.000000000000,20,plan2_house,equal_area_intersection_geojson
19153153245,36,153,,,36,0.000000000000,20,plan2_house,equal_area_intersection_geojson
19153153237,34,153,,,34,1.000000000000,20,plan2_house,equal_area_intersection_geojson
19153153236,34,153,,,34,1.000000000000,20,plan2_house,equal_area_intersection_geojson
19167167019,3,167,,,3,1.000000000000,20,plan2_house,equal_area_intersection_geojson
19167167019,4,167,,,4,0.000000000000,20,plan2_house,equal_area_intersection_geojson
19167167019,5,167,,,5,0.000000000000,20,plan2_house,equal_area_intersection_geojson
19167167012,3,167,,,3,1.000000000000,20,plan2_house,equal_area_intersection_geojson
19167167012,4,167,,,4,0.000000000000,20,plan2_house,equal_area_intersection_geojson
19167167006,4,167,,,4,1.000000000000,20,plan2_house,equal_area_intersection_geojson
19167167006,5,167,,,5,0.000000000000,20,plan2_house,equal_area_intersection_geojson
19167167018,3,167,,,3,1.000000000000,20,plan2_house,equal_area_intersection_geojson
19167167018,4,167,,,4,0.000000000000,20,plan2_house,equal_area_intersection_geojson
19167167024,3,167,,,3,1.000000000000,20,plan2_house,equal_area_intersection_geojson
19167167004,4,167,,,4,1.000000000000,20,plan2_house,equal_area_intersection_geojson
19167167023,3,167,,,3,1.000000000000,20,plan2_house,equal_area_intersection_geojson
19167167029,3,167,,,3,1.000000000000,20,plan2_house,equal_area_intersection_geojson
19167167008,3,167,,,3,0.000000000000,20,plan2_house,equal_area_intersection_geojson
19167167008,4,167,,,4,1.000000000000,20,plan2_house,equal_area_intersection_geojson
19167167008,5,167,,,5,0.000000000000,20,plan2_house,equal_area_intersection_geojson
19167167022,3,167,,,3,1.000000000000,20,plan2_house,equal_area_intersection_geojson
19167167011,3,167,,,3,0.000000000000,20,plan2_house,equal_area_intersection_geojson
19167167011,4,167,,,4,1.000000000000,20,plan2_house,equal_area_intersection_geojson
19167167026,3,167,,,3,1.000000000000,20,plan2_house,equal_area_intersection_geojson
19167167027,3,167,,,3,1.000000000000,20,plan2_house,equal_area_intersection_geojson
19167167003,3,167,,,3,0.000000000000,20,plan2_house,equal_area_intersection_geojson
19167167003,4,167,,,4,1.000000000000,20,plan2_house,equal_area_intersection_geojson
19167167001,4,167,,,4,1.000000000000,20,plan2_house,equal_area_intersection_geojson
19167167005,4,167,,,4,1.000000000000,20,plan2_house,equal_area_intersection_geojson
19167167025,3,167,,,3,1.000000000000,20,plan2_house,equal_area_intersection_geojson
19167167002,3,167,,,3,0.000000000000,20,plan2_house,equal_area_intersection_geojson
19167167002,4,167,,,4,1.000000000000,20,plan2_house,equal_area_intersection_geojson
19167167017,3,167,,,3,0.000000000000,20,plan2_house,equal_area_intersection_geojson
19167167017,4,167,,,4,1.000000000000,20,plan2_house,equal_area_intersection_geojson
19167167010,3,167,,,3,0.000000000000,20,plan2_house,equal_area_intersection_geojson
19167167010,4,167,,,4,1.000000000000,20,plan2_house,equal_area_intersection_geojson
19167167016,3,167,,,3,1.000000000000,20,plan2_house,equal_area_intersection_geojson
19167167016,4,167,,,4,0.000000000000,20,plan2_house,equal_area_intersection_geojson
19167167030,3,167,,,3,1.000000000000,20,plan2_house,equal_area_intersection_geojson
19167167028,3,167,,,3,1.000000000000,20,plan2_house,equal_area_intersection_geojson
19063063005,9,063,,,9,1.000000000000,20,plan2_house,equal_area_intersection_geojson
19063063007,9,063,,,9,1.000000000000,20,plan2_house,equal_area_intersection_geojson
19063063013,10,063,,,10,0.000000000000,20,plan2_house,equal_area_intersection_geojson
19063063013,9,063,,,9,1.000000000000,20,plan2_house,equal_area_intersection_geojson
19063063002,9,063,,,9,1.000000000000,20,plan2_house,equal_area_intersection_geojson
19063063001,10,063,,,10,0.000000000000,20,plan2_house,equal_area_intersection_geojson
19063063001,9,063,,,9,1.000000000000,20,plan2_house,equal_area_intersection_geojson
19063063008,10,063,,,10,0.000000000000,20,plan2_house,equal_area_intersection_geojson
19063063008,9,063,,,9,1.000000000000,20,plan2_house,equal_area_intersection_geojson
19063063010,10,063,,,10,0.000000000000,20,plan2_house,equal_area_intersection_geojson
19063063010,9,063,,,9,1.000000000000,20,plan2_house,equal_area_intersection_geojson
19063063011,9,063,,,9,1.000000000000,20,plan2_house,equal_area_intersection_geojson
19063063004,9,063,,,9,1.000000000000,20,plan2_house,equal_area_intersection_geojson
19063063012,10,063,,,10,0.000000000000,20,plan2_house,equal_area_intersection_geojson
19063063012,9,063,,,9,1.000000000000,20,plan2_house,equal_area_intersection_geojson
19063063003,9,063,,,9,1.000000000000,20,plan2_house,equal_area_intersection_geojson
19063063006,9,063,,,9,1.000000000000,20,plan2_house,equal_area_intersection_geojson
19063063009,10,063,,,10,0.000000000000,20,plan2_house,equal_area_intersection_geojson
19063063009,9,063,,,9,1.000000000000,20,plan2_house,equal_area_intersection_geojson
19075075003,54,075,,,54,1.000000000000,20,plan2_house,equal_area_intersection_geojson
19075075003,57,075,,,57,0.000000000000,20,plan2_house,equal_area_intersection_geojson
19075075013,53,075,,,53,0.000000000000,20,plan2_house,equal_area_intersection_geojson
19075075013,54,075,,,54,1.000000000000,20,plan2_house,equal_area_intersection_geojson
19075075016,51,075,,,51,0.000000000000,20,plan2_house,equal_area_intersection_geojson
19075075016,54,075,,,54,1.000000000000,20,plan2_house,equal_area_intersection_geojson
19075075014,51,075,,,51,0.000000000000,20,plan2_house,equal_area_intersection_geojson
19075075014,53,075,,,53,0.000000000000,20,plan2_house,equal_area_intersection_geojson
19075075014,54,075,,,54,1.000000000000,20,plan2_house,equal_area_intersection_geojson
19075075008,54,075,,,54,1.000000000000,20,plan2_house,equal_area_intersection_geojson
19075075012,53,075,,,53,0.000000000000,20,plan2_house,equal_area_intersection_geojson
19075075012,54,075,,,54,1.000000000000,20,plan2_house,equal_area_intersection_geojson
19075075004,54,075,,,54,1.000000000000,20,plan2_house,equal_area_intersection_geojson
19075075017,51,075,,,51,0.000000000000,20,plan2_house,equal_area_intersection_geojson
19075075017,54,075,,,54,1.000000000000,20,plan2_house,equal_area_intersection_geojson
19075075001,54,075,,,54,1.000000000000,20,plan2_house,equal_area_intersection_geojson
19075075001,57,075,,,57,0.000000000000,20,plan2_house,equal_area_intersection_geojson
19075075006,54,075,,,54,1.000000000000,20,plan2_house,equal_area_intersection_geojson
19075075005,54,075,,,54,1.000000000000,20,plan2_house,equal_area_intersection_geojson
19075075007,54,075,,,54,1.000000000000,20,plan2_house,equal_area_intersection_geojson
19075075010,54,075,,,54,1.000000000000,20,plan2_house,equal_area_intersection_geojson
19075075011,54,075,,,54,1.000000000000,20,plan2_house,equal_area_intersection_geojson
19075075002,54,075,,,54,1.000000000000,20,plan2_house,equal_area_intersection_geojson
19075075009,54,075,,,54,1.000000000000,20,plan2_house,equal_area_intersection_geojson
19157157019,53,157,,,53,1.000000000000,20,plan2_house,equal_area_intersection_geojson
19067067005,58,067,,,58,1.000000000000,20,plan2_house,equal_area_intersection_geojson
19067067005,60,067,,,60,0.000000000000,20,plan2_house,equal_area_intersection_geojson
19067067008,58,067,,,58,1.000000000000,20,plan2_house,equal_area_intersection_geojson
19067067004,58,067,,,58,1.000000000000,20,plan2_house,equal_area_intersection_geojson
19067067006,58,067,,,58,1.000000000000,20,plan2_house,equal_area_intersection_geojson
19067067011,55,067,,,55,0.000000000000,20,plan2_house,equal_area_intersection_geojson
19067067011,57,067,,,57,0.000000000000,20,plan2_house,equal_area_intersection_geojson
19067067011,58,067,,,58,1.000000000000,20,plan2_house,equal_area_intersection_geojson
19067067011,59,067,,,59,0.000000000000,20,plan2_house,equal_area_intersection_geojson
19067067012,57,067,,,57,0.000000000000,20,plan2_house,equal_area_intersection_geojson
19067067012,58,067,,,58,1.000000000000,20,plan2_house,equal_area_intersection_geojson
19067067013,57,067,,,57,0.000000000000,20,plan2_house,equal_area_intersection_geojson
19067067013,58,067,,,58,1.000000000000,20,plan2_house,equal_area_intersection_geojson
19067067014,57,067,,,57,0.000000000000,20,plan2_house,equal_area_intersection_geojson
19067067014,58,067,,,58,1.000000000000,20,plan2_house,equal_area_intersection_geojson
19067067001,58,067,,,58,0.000000000000,20,plan2_house,equal_area_intersection_geojson
19067067001,59,067,,,59,0.000000000000,20,plan2_house,equal_area_intersection_geojson
19067067001,60,067,,,60,1.000000000000,20,plan2_house,equal_area_intersection_geojson
19067067002,59,067,,,59,0.000000000000,20,plan2_house,equal_area_intersection_geojson
19067067002,60,067,,,60,1.000000000000,20,plan2_house,equal_area_intersection_geojson
19067067010,58,067,,,58,0.000000000000,20,plan2_house,equal_area_intersection_geojson
19067067010,59,067,,,59,0.000000000000,20,plan2_house,equal_area_intersection_geojson
19067067010,60,067,,,60,1.000000000000,20,plan2_house,equal_area_intersection_geojson
19067067003,58,067,,,58,1.000000000000,20,plan2_house,equal_area_intersection_geojson
19067067003,60,067,,,60,0.000000000000,20,plan2_house,equal_area_intersection_geojson
19067067007,58,067,,,58,1.000000000000,20,plan2_house,equal_area_intersection_geojson
19067067009,58,067,,,58,1.000000000000,20,plan2_house,equal_area_intersection_geojson
19067067009,60,067,,,60,0.000000000000,20,plan2_house,equal_area_intersection_geojson
19067067015,58,067,,,58,1.000000000000,20,plan2_house,equal_area_intersection_geojson
19067067016,57,067,,,57,0.000000000002,20,plan2_house,equal_area_intersection_geojson
19067067016,58,067,,,58,0.999999999998,20,plan2_house,equal_area_intersection_geojson
19141141013,3,141,,,3,0.000000000000,20,plan2_house,equal_area_intersection_geojson
19141141013,5,141,,,5,1.000000000000,20,plan2_house,equal_area_intersection_geojson
19141141022,13,141,,,13,0.000000000000,20,plan2_house,equal_area_intersection_geojson
19141141022,3,141,,,3,0.000000000000,20,plan2_house,equal_area_intersection_geojson
19141141022,5,141,,,5,1.000000000000,20,plan2_house,equal_area_intersection_geojson
19141141010,4,141,,,4,0.000000000000,20,plan2_house,equal_area_intersection_geojson
19141141010,5,141,,,5,1.000000000000,20,plan2_house,equal_area_intersection_geojson
19141141012,5,141,,,5,1.000000000000,20,plan2_house,equal_area_intersection_geojson
19141141016,5,141,,,5,1.000000000000,20,plan2_house,equal_area_intersection_geojson
19141141008,5,141,,,5,1.000000000000,20,plan2_house,equal_area_intersection_geojson
19141141018,5,141,,,5,1.000000000000,20,plan2_house,equal_area_intersection_geojson
19141141018,6,141,,,6,0.000000000000,20,plan2_house,equal_area_intersection_geojson
19141141020,5,141,,,5,1.000000000000,20,plan2_house,equal_area_intersection_geojson
19141141014,5,141,,,5,1.000000000000,20,plan2_house,equal_area_intersection_geojson
19141141011,4,141,,,4,0.000000000000,20,plan2_house,equal_area_intersection_geojson
19141141011,5,141,,,5,1.000000000000,20,plan2_house,equal_area_intersection_geojson
19141141001,4,141,,,4,0.000000000000,20,plan2_house,equal_area_intersection_geojson
19141141001,5,141,,,5,1.000000000000,20,plan2_house,equal_area_intersection_geojson
19141141002,5,141,,,5,1.000000000000,20,plan2_house,equal_area_intersection_geojson
19141141003,5,141,,,5,1.000000000000,20,plan2_house,equal_area_intersection_geojson
19141141017,5,141,,,5,1.000000000000,20,plan2_house,equal_area_intersection_geojson
19141141017,6,141,,,6,0.000000000000,20,plan2_house,equal_area_intersection_geojson
19141141006,5,141,,,5,1.000000000000,20,plan2_house,equal_area_intersection_geojson
19141141005,10,141,,,10,0.000000000000,20,plan2_house,equal_area_intersection_geojson
19141141005,5,141,,,5,1.000000000000,20,plan2_house,equal_area_intersection_geojson
19141141015,5,141,,,5,1.000000000000,20,plan2_house,equal_area_intersection_geojson
19141141019,5,141,,,5,1.000000000000,20,plan2_house,equal_area_intersection_geojson
19141141004,5,141,,,5,1.000000000000,20,plan2_house,equal_area_intersection_geojson
19141141007,5,141,,,5,1.000000000000,20,plan2_house,equal_area_intersection_geojson
19141141007,6,141,,,6,0.000000000000,20,plan2_house,equal_area_intersection_geojson
19141141009,5,141,,,5,1.000000000000,20,plan2_house,equal_area_intersection_geojson
19141141021,13,141,,,13,0.000000000000,20,plan2_house,equal_area_intersection_geojson
19141141021,5,141,,,5,1.000000000000,20,plan2_house,equal_area_intersection_geojson
19171171003,53,171,,,53,0.000000000000,20,plan2_house,equal_area_intersection_geojson
19171171003,54,171,,,54,0.000000000000,20,plan2_house,equal_area_intersection_geojson
19171171003,76,171,,,76,1.000000000000,20,plan2_house,equal_area_intersection_geojson
19171171010,51,171,,,51,0.000000000000,20,plan2_house,equal_area_intersection_geojson
19171171010,53,171,,,53,1.000000000000,20,plan2_house,equal_area_intersection_geojson
19171171012,53,171,,,53,1.000000000000,20,plan2_house,equal_area_intersection_geojson
19171171012,76,171,,,76,0.000000000000,20,plan2_house,equal_area_intersection_geojson
19171171005,53,171,,,53,0.000000000000,20,plan2_house,equal_area_intersection_geojson
19171171005,76,171,,,76,1.000000000000,20,plan2_house,equal_area_intersection_geojson
19171171006,76,171,,,76,1.000000000000,20,plan2_house,equal_area_intersection_geojson
19171171014,53,171,,,53,1.000000000000,20,plan2_house,equal_area_intersection_geojson
19171171014,84,171,,,84,0.000000000000,20,plan2_house,equal_area_intersection_geojson
19171171023,53,171,,,53,1.000000000000,20,plan2_house,equal_area_intersection_geojson
19171171008,53,171,,,53,1.000000000000,20,plan2_house,equal_area_intersection_geojson
19171171008,76,171,,,76,0.000000000000,20,plan2_house,equal_area_intersection_geojson
19171171004,76,171,,,76,1.000000000000,20,plan2_house,equal_area_intersection_geojson
19171171002,53,171,,,53,1.000000000000,20,plan2_house,equal_area_intersection_geojson
19171171002,54,171,,,54,0.000000000000,20,plan2_house,equal_area_intersection_geojson
19171171002,76,171,,,76,0.000000000000,20,plan2_house,equal_area_intersection_geojson
19171171022,52,171,,,52,0.000000000000,20,plan2_house,equal_area_intersection_geojson
19171171022,53,171,,,53,1.000000000000,20,plan2_house,equal_area_intersection_geojson
19171171011,53,171,,,53,1.000000000000,20,plan2_house,equal_area_intersection_geojson
19171171020,52,171,,,52,0.000000000000,20,plan2_house,equal_area_intersection_geojson
19171171020,53,171,,,53,1.000000000000,20,plan2_house,equal_area_intersection_geojson
19171171021,53,171,,,53,1.000000000000,20,plan2_house,equal_area_intersection_geojson
19171171001,53,171,,,53,1.000000000000,20,plan2_house,equal_area_intersection_geojson
19171171001,54,171,,,54,0.000000000000,20,plan2_house,equal_area_intersection_geojson
19171171013,53,171,,,53,1.000000000000,20,plan2_house,equal_area_intersection_geojson
19171171013,76,171,,,76,0.000000000000,20,plan2_house,equal_area_intersection_geojson
19171171013,84,171,,,84,0.000000000000,20,plan2_house,equal_area_intersection_geojson
19171171015,53,171,,,53,1.000000000000,20,plan2_house,equal_area_intersection_geojson
19171171007,53,171,,,53,0.000000000000,20,plan2_house,equal_area_intersection_geojson
19171171007,76,171,,,76,1.000000000000,20,plan2_house,equal_area_intersection_geojson
19171171024,53,171,,,53,1.000000000000,20,plan2_house,equal_area_intersection_geojson
19171171025,53,171,,,53,1.000000000000,20,plan2_house,equal_area_intersection_geojson
19171171025,84,171,,,84,0.000000000000,20,plan2_house,equal_area_intersection_geojson
19171171009,51,171,,,51,0.000000000000,20,plan2_house,equal_area_intersection_geojson
19171171009,53,171,,,53,1.000000000000,20,plan2_house,equal_area_intersection_geojson
19171171019,53,171,,,53,1.000000000000,20,plan2_house,equal_area_intersection_geojson
19171171018,53,171,,,53,1.000000000000,20,plan2_house,equal_area_intersection_geojson
19171171016,53,171,,,53,1.000000000000,20,plan2_house,equal_area_intersection_geojson
19171171017,53,171,,,53,1.000000000000,20,plan2_house,equal_area_intersection_geojson
19173173014,17,173,,,17,1.000000000000,20,plan2_house,equal_area_intersection_geojson
19173173015,17,173,,,17,1.000000000000,20,plan2_house,equal_area_intersection_geojson
19173173013,17,173,,,17,1.000000000000,20,plan2_house,equal_area_intersection_geojson
19173173016,17,173,,,17,1.000000000000,20,plan2_house,equal_area_intersection_geojson
19173173009,17,173,,,17,1.000000000000,20,plan2_house,equal_area_intersection_geojson
19173173010,17,173,,,17,1.000000000000,20,plan2_house,equal_area_intersection_geojson
19173173011,17,173,,,17,1.000000000000,20,plan2_house,equal_area_intersection_geojson
19173173017,17,173,,,17,1.000000000000,20,plan2_house,equal_area_intersection_geojson
19173173006,17,173,,,17,1.000000000000,20,plan2_house,equal_area_intersection_geojson
19173173007,17,173,,,17,1.000000000000,20,plan2_house,equal_area_intersection_geojson
19173173003,17,173,,,17,1.000000000000,20,plan2_house,equal_area_intersection_geojson
19173173002,17,173,,,17,1.000000000000,20,plan2_house,equal_area_intersection_geojson
19173173020,17,173,,,17,1.000000000000,20,plan2_house,equal_area_intersection_geojson
19173173018,17,173,,,17,1.000000000000,20,plan2_house,equal_area_intersection_geojson
19173173019,17,173,,,17,1.000000000000,20,plan2_house,equal_area_intersection_geojson
19173173008,17,173,,,17,1.000000000000,20,plan2_house,equal_area_intersection_geojson
19173173012,17,173,,,17,1.000000000000,20,plan2_house,equal_area_intersection_geojson
19173173001,17,173,,,17,1.000000000000,20,plan2_house,equal_area_intersection_geojson
19173173001,18,173,,,18,0.000000000000,20,plan2_house,equal_area_intersection_geojson
19173173004,17,173,,,17,1.000000000000,20,plan2_house,equal_area_intersection_geojson
19173173022,17,173,,,17,1.000000000000,20,plan2_house,equal_area_intersection_geojson
19173173005,17,173,,,17,1.000000000000,20,plan2_house,equal_area_intersection_geojson
19173173021,17,173,,,17,1.000000000000,20,plan2_house,equal_area_intersection_geojson
19155155024,16,155,,,16,1.000000000000,20,plan2_house,equal_area_intersection_geojson
19155155026,16,155,,,16,1.000000000000,20,plan2_house,equal_area_intersection_geojson
19155155002,15,155,,,15,1.000000000000,20,plan2_house,equal_area_intersection_geojson
19155155030,16,155,,,16,1.000000000000,20,plan2_house,equal_area_intersection_geojson
19155155025,16,155,,,16,1.000000000000,20,plan2_house,equal_area_intersection_geojson
19155155018,15,155,,,15,1.000000000000,20,plan2_house,equal_area_intersection_geojson
19155155020,15,155,,,15,1.000000000000,20,plan2_house,equal_area_intersection_geojson
19155155020,16,155,,,16,0.000000000000,20,plan2_house,equal_area_intersection_geojson
19155155020,19,155,,,19,0.000000000000,20,plan2_house,equal_area_intersection_geojson
19155155045,15,155,,,15,0.000000000000,20,plan2_house,equal_area_intersection_geojson
19155155045,19,155,,,19,1.000000000000,20,plan2_house,equal_area_intersection_geojson
19155155046,15,155,,,15,0.000000000000,20,plan2_house,equal_area_intersection_geojson
19155155046,19,155,,,19,1.000000000000,20,plan2_house,equal_area_intersection_geojson
19155155057,15,155,,,15,1.000000000000,20,plan2_house,equal_area_intersection_geojson
19155155057,19,155,,,19,0.000000000000,20,plan2_house,equal_area_intersection_geojson
19155155029,16,155,,,16,1.000000000000,20,plan2_house,equal_area_intersection_geojson
19155155029,18,155,,,18,0.000000000000,20,plan2_house,equal_area_intersection_geojson
19155155021,15,155,,,15,0.000000000000,20,plan2_house,equal_area_intersection_geojson
19155155021,16,155,,,16,1.000000000000,20,plan2_house,equal_area_intersection_geojson
19155155017,15,155,,,15,1.000000000000,20,plan2_house,equal_area_intersection_geojson
19155155014,11,155,,,11,0.000000000000,20,plan2_house,equal_area_intersection_geojson
19155155014,16,155,,,16,1.000000000000,20,plan2_house,equal_area_intersection_geojson
19155155040,15,155,,,15,0.000000000000,20,plan2_house,equal_area_intersection_geojson
19155155040,20,155,,,20,1.000000000000,20,plan2_house,equal_area_intersection_geojson
19155155037,15,155,,,15,0.000000000000,20,plan2_house,equal_area_intersection_geojson
19155155037,19,155,,,19,0.000000000000,20,plan2_house,equal_area_intersection_geojson
19155155037,20,155,,,20,1.000000000000,20,plan2_house,equal_area_intersection_geojson
19155155038,19,155,,,19,0.000000000001,20,plan2_house,equal_area_intersection_geojson
19155155038,20,155,,,20,0.999999999999,20,plan2_house,equal_area_intersection_geojson
19155155039,19,155,,,19,0.000000000000,20,plan2_house,equal_area_intersection_geojson
19155155039,20,155,,,20,1.000000000000,20,plan2_house,equal_area_intersection_geojson
19155155047,19,155,,,19,1.000000000000,20,plan2_house,equal_area_intersection_geojson
19155155047,20,155,,,20,0.000000000000,20,plan2_house,equal_area_intersection_geojson
19155155049,19,155,,,19,0.000000000001,20,plan2_house,equal_area_intersection_geojson
19155155049,20,155,,,20,0.999999999999,20,plan2_house,equal_area_intersection_geojson
19155155041,19,155,,,19,0.000000000000,20,plan2_house,equal_area_intersection_geojson
19155155041,20,155,,,20,1.000000000000,20,plan2_house,equal_area_intersection_geojson
19155155043,15,155,,,15,0.000000000000,20,plan2_house,equal_area_intersection_geojson
19155155043,19,155,,,19,0.000000000000,20,plan2_house,equal_area_intersection_geojson
19155155043,20,155,,,20,1.000000000000,20,plan2_house,equal_area_intersection_geojson
19155155050,19,155,,,19,0.000000000000,20,plan2_house,equal_area_intersection_geojson
19155155050,20,155,,,20,1.000000000000,20,plan2_house,equal_area_intersection_geojson
19155155042,15,155,,,15,0.000000000000,20,plan2_house,equal_area_intersection_geojson
19155155042,19,155,,,19,0.000000000000,20,plan2_house,equal_area_intersection_geojson
19155155042,20,155,,,20,1.000000000000,20,plan2_house,equal_area_intersection_geojson
19155155053,19,155,,,19,1.000000000000,20,plan2_house,equal_area_intersection_geojson
19155155053,20,155,,,20,0.000000000000,20,plan2_house,equal_area_intersection_geojson
19155155052,19,155,,,19,1.000000000000,20,plan2_house,equal_area_intersection_geojson
19155155052,20,155,,,20,0.000000000000,20,plan2_house,equal_area_intersection_geojson
19155155051,19,155,,,19,0.000000000000,20,plan2_house,equal_area_intersection_geojson
19155155051,20,155,,,20,1.000000000000,20,plan2_house,equal_area_intersection_geojson
19155155048,15,155,,,15,0.000000000000,20,plan2_house,equal_area_intersection_geojson
19155155048,19,155,,,19,1.000000000000,20,plan2_house,equal_area_intersection_geojson
19155155054,19,155,,,19,1.000000000000,20,plan2_house,equal_area_intersection_geojson
19155155054,20,155,,,20,0.000000000000,20,plan2_house,equal_area_intersection_geojson
19155155044,15,155,,,15,0.000000000000,20,plan2_house,equal_area_intersection_geojson
19155155044,19,155,,,19,1.000000000000,20,plan2_house,equal_area_intersection_geojson
19155155044,20,155,,,20,0.000000000000,20,plan2_house,equal_area_intersection_geojson
19155155033,15,155,,,15,0.000000000000,20,plan2_house,equal_area_intersection_geojson
19155155033,16,155,,,16,1.000000000000,20,plan2_house,equal_area_intersection_geojson
19155155034,16,155,,,16,1.000000000000,20,plan2_house,equal_area_intersection_geojson
19155155009,11,155,,,11,1.000000000000,20,plan2_house,equal_area_intersection_geojson
19155155008,11,155,,,11,1.000000000000,20,plan2_house,equal_area_intersection_geojson
19155155008,16,155,,,16,0.000000000000,20,plan2_house,equal_area_intersection_geojson
19155155019,15,155,,,15,1.000000000000,20,plan2_house,equal_area_intersection_geojson
19155155019,19,155,,,19,0.000000000000,20,plan2_house,equal_area_intersection_geojson
19155155019,20,155,,,20,0.000000000000,20,plan2_house,equal_area_intersection_geojson
19155155011,11,155,,,11,0.000000000000,20,plan2_house,equal_area_intersection_geojson
19155155011,16,155,,,16,1.000000000000,20,plan2_house,equal_area_intersection_geojson
19155155010,11,155,,,11,0.000000000000,20,plan2_house,equal_area_intersection_geojson
19155155010,16,155,,,16,1.000000000000,20,plan2_house,equal_area_intersection_geojson
19155155010,18,155,,,18,0.000000000000,20,plan2_house,equal_area_intersection_geojson
19155155036,15,155,,,15,1.000000000000,20,plan2_house,equal_area_intersection_geojson
19155155036,16,155,,,16,0.000000000000,20,plan2_house,equal_area_intersection_geojson
19155155036,19,155,,,19,0.000000000000,20,plan2_house,equal_area_intersection_geojson
19155155035,15,155,,,15,0.959606615390,20,plan2_house,equal_area_intersection_geojson
19155155035,16,155,,,16,0.000000000000,20,plan2_house,equal_area_intersection_geojson
19155155035,19,155,,,19,0.040393384610,20,plan2_house,equal_area_intersection_geojson
19155155058,19,155,,,19,1.000000000000,20,plan2_house,equal_area_intersection_geojson
19155155056,15,155,,,15,0.000000000000,20,plan2_house,equal_area_intersection_geojson
19155155056,19,155,,,19,1.000000000000,20,plan2_house,equal_area_intersection_geojson
19155155055,19,155,,,19,1.000000000000,20,plan2_house,equal_area_intersection_geojson
19155155012,16,155,,,16,1.000000000000,20,plan2_house,equal_area_intersection_geojson
19155155012,18,155,,,18,0.000000000000,20,plan2_house,equal_area_intersection_geojson
19155155031,16,155,,,16,1.000000000000,20,plan2_house,equal_area_intersection_geojson
19155155004,11,155,,,11,0.000000000000,20,plan2_house,equal_area_intersection_geojson
19155155004,15,155,,,15,0.000000000000,20,plan2_house,equal_area_intersection_geojson
19155155004,16,155,,,16,1.000000000000,20,plan2_house,equal_area_intersection_geojson
19155155005,15,155,,,15,0.000000000000,20,plan2_house,equal_area_intersection_geojson
19155155005,16,155,,,16,1.000000000000,20,plan2_house,equal_area_intersection_geojson
19155155003,15,155,,,15,1.000000000000,20,plan2_house,equal_area_intersection_geojson
19155155003,16,155,,,16,0.000000000000,20,plan2_house,equal_area_intersection_geojson
19155155016,15,155,,,15,1.000000000000,20,plan2_house,equal_area_intersection_geojson
19155155016,16,155,,,16,0.000000000000,20,plan2_house,equal_area_intersection_geojson
19155155006,11,155,,,11,1.000000000000,20,plan2_house,equal_area_intersection_geojson
19155155006,16,155,,,16,0.000000000000,20,plan2_house,equal_area_intersection_geojson
19155155001,15,155,,,15,1.000000000000,20,plan2_house,equal_area_intersection_geojson
19155155032,16,155,,,16,1.000000000000,20,plan2_house,equal_area_intersection_geojson
19155155013,11,155,,,11,0.000000000000,20,plan2_house,equal_area_intersection_geojson
19155155013,16,155,,,16,1.000000000000,20,plan2_house,equal_area_intersection_geojson
19155155023,16,155,,,16,1.000000000000,20,plan2_house,equal_area_intersection_geojson
19155155028,16,155,,,16,1.000000000000,20,plan2_house,equal_area_intersection_geojson
19155155028,18,155,,,18,0.000000000000,20,plan2_house,equal_area_intersection_geojson
19155155027,16,155,,,16,1.000000000000,20,plan2_house,equal_area_intersection_geojson
19155155027,18,155,,,18,0.000000000000,20,plan2_house,equal_area_intersection_geojson
19155155015,16,155,,,16,1.000000000000,20,plan2_house,equal_area_intersection_geojson
19155155007,11,155,,,11,1.000000000000,20,plan2_house,equal_area_intersection_geojson
19155155022,15,155,,,15,1.000000000000,20,plan2_house,equal_area_intersection_geojson
19155155022,16,155,,,16,0.000000000000,20,plan2_house,equal_area_intersection_geojson
19069069018,55,069,,,55,1.000000000000,20,plan2_house,equal_area_intersection_geojson
19069069018,57,069,,,57,0.000000000000,20,plan2_house,equal_area_intersection_geojson
19069069021,54,069,,,54,0.000000000000,20,plan2_house,equal_area_intersection_geojson
19069069021,55,069,,,55,1.000000000000,20,plan2_house,equal_area_intersection_geojson
19069069015,55,069,,,55,1.000000000000,20,plan2_house,equal_area_intersection_geojson
19069069016,55,069,,,55,1.000000000000,20,plan2_house,equal_area_intersection_geojson
19069069001,55,069,,,55,1.000000000000,20,plan2_house,equal_area_intersection_geojson
19069069001,56,069,,,56,0.000000000000,20,plan2_house,equal_area_intersection_geojson
19069069001,60,069,,,60,0.000000000000,20,plan2_house,equal_area_intersection_geojson
19069069008,55,069,,,55,1.000000000000,20,plan2_house,equal_area_intersection_geojson
19069069006,55,069,,,55,1.000000000000,20,plan2_house,equal_area_intersection_geojson
19069069006,57,069,,,57,0.000000000000,20,plan2_house,equal_area_intersection_geojson
19069069022,54,069,,,54,0.000000000000,20,plan2_house,equal_area_intersection_geojson
19069069022,55,069,,,55,1.000000000000,20,plan2_house,equal_area_intersection_geojson
19069069010,55,069,,,55,1.000000000000,20,plan2_house,equal_area_intersection_geojson
19069069009,55,069,,,55,1.000000000000,20,plan2_house,equal_area_intersection_geojson
19069069014,55,069,,,55,1.000000000000,20,plan2_house,equal_area_intersection_geojson
19069069013,55,069,,,55,1.000000000000,20,plan2_house,equal_area_intersection_geojson
19069069007,55,069,,,55,1.000000000000,20,plan2_house,equal_area_intersection_geojson
19069069023,54,069,,,54,0.000000000000,20,plan2_house,equal_area_intersection_geojson
19069069023,55,069,,,55,1.000000000000,20,plan2_house,equal_area_intersection_geojson
19069069020,54,069,,,54,0.000000000000,20,plan2_house,equal_area_intersection_geojson
19069069020,55,069,,,55,1.000000000000,20,plan2_house,equal_area_intersection_geojson
19069069020,57,069,,,57,0.000000000000,20,plan2_house,equal_area_intersection_geojson
19069069019,54,069,,,54,0.000000000000,20,plan2_house,equal_area_intersection_geojson
19069069019,55,069,,,55,1.000000000000,20,plan2_house,equal_area_intersection_geojson
19069069019,57,069,,,57,0.000000000000,20,plan2_house,equal_area_intersection_geojson
19069069017,55,069,,,55,1.000000000000,20,plan2_house,equal_area_intersection_geojson
19069069002,55,069,,,55,1.000000000000,20,plan2_house,equal_area_intersection_geojson
19069069003,55,069,,,55,1.000000000000,20,plan2_house,equal_area_intersection_geojson
19069069011,55,069,,,55,1.000000000000,20,plan2_house,equal_area_intersection_geojson
19069069011,56,069,,,56,0.000000000000,20,plan2_house,equal_area_intersection_geojson
19069069004,55,069,,,55,1.000000000000,20,plan2_house,equal_area_intersection_geojson
19069069005,55,069,,,55,1.000000000000,20,plan2_house,equal_area_intersection_geojson
19069069005,57,069,,,57,0.000000000000,20,plan2_house,equal_area_intersection_geojson
19069069012,55,069,,,55,1.000000000000,20,plan2_house,equal_area_intersection_geojson
19035035006,5,035,,,5,1.000000000000,20,plan2_house,equal_area_intersection_geojson
19035035010,13,035,,,13,1.000000000000,20,plan2_house,equal_area_intersection_geojson
19035035009,13,035,,,13,1.000000000000,20,plan2_house,equal_area_intersection_geojson
19035035003,5,035,,,5,1.000000000000,20,plan2_house,equal_area_intersection_geojson
19035035007,13,035,,,13,0.000000000000,20,plan2_house,equal_area_intersection_geojson
19035035007,5,035,,,5,1.000000000000,20,plan2_house,equal_area_intersection_geojson
19035035014,5,035,,,5,1.000000000000,20,plan2_house,equal_area_intersection_geojson
19035035016,12,035,,,12,0.000000000000,20,plan2_house,equal_area_intersection_geojson
19035035016,5,035,,,5,1.000000000000,20,plan2_house,equal_area_intersection_geojson
19035035019,13,035,,,13,1.000000000000,20,plan2_house,equal_area_intersection_geojson
19035035002,13,035,,,13,0.000000000000,20,plan2_house,equal_area_intersection_geojson
19035035002,5,035,,,5,1.000000000000,20,plan2_house,equal_area_intersection_geojson
19035035001,13,035,,,13,1.000000000000,20,plan2_house,equal_area_intersection_geojson
19035035001,3,035,,,3,0.000000000000,20,plan2_house,equal_area_intersection_geojson
19035035001,5,035,,,5,0.000000000000,20,plan2_house,equal_area_intersection_geojson
19035035013,13,035,,,13,0.000000000000,20,plan2_house,equal_area_intersection_geojson
19035035013,5,035,,,5,1.000000000000,20,plan2_house,equal_area_intersection_geojson
19035035015,5,035,,,5,1.000000000000,20,plan2_house,equal_area_intersection_geojson
19035035012,13,035,,,13,1.000000000000,20,plan2_house,equal_area_intersection_geojson
19035035012,5,035,,,5,0.000000000000,20,plan2_house,equal_area_intersection_geojson
19035035008,13,035,,,13,1.000000000000,20,plan2_house,equal_area_intersection_geojson
19035035008,5,035,,,5,0.000000000000,20,plan2_house,equal_area_intersection_geojson
19035035017,12,035,,,12,0.000000000000,20,plan2_house,equal_area_intersection_geojson
19035035017,13,035,,,13,0.000000000000,20,plan2_house,equal_area_intersection_geojson
19035035017,5,035,,,5,1.000000000000,20,plan2_house,equal_area_intersection_geojson
19035035004,5,035,,,5,1.000000000000,20,plan2_house,equal_area_intersection_geojson
19035035004,6,035,,,6,0.000000000000,20,plan2_house,equal_area_intersection_geojson
19035035011,13,035,,,13,1.000000000000,20,plan2_house,equal_area_intersection_geojson
19035035018,12,035,,,12,0.000000000000,20,plan2_house,equal_area_intersection_geojson
19035035018,13,035,,,13,1.000000000000,20,plan2_house,equal_area_intersection_geojson
19035035018,5,035,,,5,0.000000000000,20,plan2_house,equal_area_intersection_geojson
19163163002,70,163,,,70,1.000000000000,20,plan2_house,equal_area_intersection_geojson
19163163002,82,163,,,82,0.000000000000,20,plan2_house,equal_area_intersection_geojson
19163163003,70,163,,,70,0.000000000000,20,plan2_house,equal_area_intersection_geojson
19163163003,82,163,,,82,1.000000000000,20,plan2_house,equal_area_intersection_geojson
19163163021,82,163,,,82,1.000000000000,20,plan2_house,equal_area_intersection_geojson
19163163020,81,163,,,81,0.000000000000,20,plan2_house,equal_area_intersection_geojson
19163163020,82,163,,,82,1.000000000000,20,plan2_house,equal_area_intersection_geojson
19163163020,98,163,,,98,0.000000000000,20,plan2_house,equal_area_intersection_geojson
19163163023,82,163,,,82,1.000000000000,20,plan2_house,equal_area_intersection_geojson
19163163023,98,163,,,98,0.000000000000,20,plan2_house,equal_area_intersection_geojson
19163163203,82,163,,,82,0.000000000000,20,plan2_house,equal_area_intersection_geojson
19163163203,98,163,,,98,1.000000000000,20,plan2_house,equal_area_intersection_geojson
19163163022,82,163,,,82,0.000000000000,20,plan2_house,equal_area_intersection_geojson
19163163022,98,163,,,98,1.000000000000,20,plan2_house,equal_area_intersection_geojson
19163163024,82,163,,,82,0.000000000000,20,plan2_house,equal_area_intersection_geojson
19163163024,98,163,,,98,1.000000000000,20,plan2_house,equal_area_intersection_geojson
19163163007,70,163,,,70,1.000000000000,20,plan2_house,equal_area_intersection_geojson
19163163007,94,163,,,94,0.000000000000,20,plan2_house,equal_area_intersection_geojson
19163163018,82,163,,,82,1.000000000000,20,plan2_house,equal_area_intersection_geojson
19163163228,81,163,,,81,0.000000000000,20,plan2_house,equal_area_intersection_geojson
19163163228,94,163,,,94,0.000000000000,20,plan2_house,equal_area_intersection_geojson
19163163228,97,163,,,97,1.000000000000,20,plan2_house,equal_area_intersection_geojson
19163163217,97,163,,,97,1.000000000000,20,plan2_house,equal_area_intersection_geojson
19163163223,94,163,,,94,1.000000000000,20,plan2_house,equal_area_intersection_geojson
19163163223,97,163,,,97,0.000000000000,20,plan2_house,equal_area_intersection_geojson
19163163222,93,163,,,93,0.000000000000,20,plan2_house,equal_area_intersection_geojson
19163163222,94,163,,,94,1.000000000000,20,plan2_house,equal_area_intersection_geojson
19163163212,97,163,,,97,1.000000000000,20,plan2_house,equal_area_intersection_geojson
19163163212,98,163,,,98,0.000000000000,20,plan2_house,equal_area_intersection_geojson
19163163218,97,163,,,97,1.000000000000,20,plan2_house,equal_area_intersection_geojson
19163163216,97,163,,,97,1.000000000000,20,plan2_house,equal_area_intersection_geojson
19163163216,98,163,,,98,0.000000000000,20,plan2_house,equal_area_intersection_geojson
19163163211,97,163,,,97,0.000000000000,20,plan2_house,equal_area_intersection_geojson
19163163211,98,163,,,98,1.000000000000,20,plan2_house,equal_area_intersection_geojson
19163163204,98,163,,,98,1.000000000000,20,plan2_house,equal_area_intersection_geojson
19163163201,81,163,,,81,1.000000000000,20,plan2_house,equal_area_intersection_geojson
19163163201,82,163,,,82,0.000000000000,20,plan2_house,equal_area_intersection_geojson
19163163201,98,163,,,98,0.000000000000,20,plan2_house,equal_area_intersection_geojson
19163163225,81,163,,,81,1.000000000000,20,plan2_house,equal_area_intersection_geojson
19163163225,97,163,,,97,0.000000000000,20,plan2_house,equal_area_intersection_geojson
19163163219,97,163,,,97,1.000000000000,20,plan2_house,equal_area_intersection_geojson
19163163205,81,163,,,81,1.000000000000,20,plan2_house,equal_area_intersection_geojson
19163163205,82,163,,,82,0.000000000000,20,plan2_house,equal_area_intersection_geojson
19163163206,81,163,,,81,1.000000000000,20,plan2_house,equal_area_intersection_geojson
19163163206,82,163,,,82,0.000000000000,20,plan2_house,equal_area_intersection_geojson
19163163229,81,163,,,81,1.000000000000,20,plan2_house,equal_area_intersection_geojson
19163163229,94,163,,,94,0.000000000000,20,plan2_house,equal_area_intersection_geojson
19163163230,81,163,,,81,1.000000000000,20,plan2_house,equal_area_intersection_geojson
19163163231,81,163,,,81,1.000000000000,20,plan2_house,equal_area_intersection_geojson
19163163231,97,163,,,97,0.000000000000,20,plan2_house,equal_area_intersection_geojson
19163163232,81,163,,,81,1.000000000000,20,plan2_house,equal_area_intersection_geojson
19163163232,94,163,,,94,0.000000000000,20,plan2_house,equal_area_intersection_geojson
19163163232,97,163,,,97,0.000000000000,20,plan2_house,equal_area_intersection_geojson
19163163221,81,163,,,81,0.000000000000,20,plan2_house,equal_area_intersection_geojson
19163163221,93,163,,,93,0.000000000000,20,plan2_house,equal_area_intersection_geojson
19163163221,94,163,,,94,1.000000000000,20,plan2_house,equal_area_intersection_geojson
19163163202,81,163,,,81,0.000000000000,20,plan2_house,equal_area_intersection_geojson
19163163202,98,163,,,98,1.000000000000,20,plan2_house,equal_area_intersection_geojson
19163163227,81,163,,,81,0.000000000000,20,plan2_house,equal_area_intersection_geojson
19163163227,97,163,,,97,1.000000000000,20,plan2_house,equal_area_intersection_geojson
19163163220,97,163,,,97,1.000000000000,20,plan2_house,equal_area_intersection_geojson
19163163210,97,163,,,97,0.000000000000,20,plan2_house,equal_area_intersection_geojson
19163163210,98,163,,,98,1.000000000000,20,plan2_house,equal_area_intersection_geojson
19163163209,81,163,,,81,0.000000000000,20,plan2_house,equal_area_intersection_geojson
19163163209,98,163,,,98,1.000000000000,20,plan2_house,equal_area_intersection_geojson
19163163224,94,163,,,94,0.000000000000,20,plan2_house,equal_area_intersection_geojson
19163163224,97,163,,,97,1.000000000000,20,plan2_house,equal_area_intersection_geojson
19163163213,81,163,,,81,0.000000000000,20,plan2_house,equal_area_intersection_geojson
19163163213,97,163,,,97,0.000000000000,20,plan2_house,equal_area_intersection_geojson
19163163213,98,163,,,98,1.000000000000,20,plan2_house,equal_area_intersection_geojson
19163163215,97,163,,,97,0.000000000000,20,plan2_house,equal_area_intersection_geojson
19163163215,98,163,,,98,1.000000000000,20,plan2_house,equal_area_intersection_geojson
19163163226,81,163,,,81,0.000000000000,20,plan2_house,equal_area_intersection_geojson
19163163226,97,163,,,97,1.000000000000,20,plan2_house,equal_area_intersection_geojson
19163163226,98,163,,,98,0.000000000000,20,plan2_house,equal_area_intersection_geojson
19163163214,98,163,,,98,1.000000000000,20,plan2_house,equal_area_intersection_geojson
19163163208,81,163,,,81,0.999999999999,20,plan2_house,equal_area_intersection_geojson
19163163208,97,163,,,97,0.000000000000,20,plan2_house,equal_area_intersection_geojson
19163163208,98,163,,,98,0.000000000001,20,plan2_house,equal_area_intersection_geojson
19163163207,81,163,,,81,1.000000000000,20,plan2_house,equal_area_intersection_geojson
19163163207,97,163,,,97,0.000000000000,20,plan2_house,equal_area_intersection_geojson
19163163017,70,163,,,70,0.000000000000,20,plan2_house,equal_area_intersection_geojson
19163163017,81,163,,,81,0.000000000000,20,plan2_house,equal_area_intersection_geojson
19163163017,82,163,,,82,1.000000000000,20,plan2_house,equal_area_intersection_geojson
19163163017,94,163,,,94,0.000000000000,20,plan2_house,equal_area_intersection_geojson
19163163010,70,163,,,70,1.000000000000,20,plan2_house,equal_area_intersection_geojson
19163163010,93,163,,,93,0.000000000000,20,plan2_house,equal_area_intersection_geojson
19163163011,70,163,,,70,0.000000000000,20,plan2_house,equal_area_intersection_geojson
19163163011,93,163,,,93,1.000000000000,20,plan2_house,equal_area_intersection_geojson
19163163001,70,163,,,70,0.000000000000,20,plan2_house,equal_area_intersection_geojson
19163163001,82,163,,,82,1.000000000000,20,plan2_house,equal_area_intersection_geojson
19163163014,70,163,,,70,0.000000000000,20,plan2_house,equal_area_intersection_geojson
19163163014,93,163,,,93,0.000000000000,20,plan2_house,equal_area_intersection_geojson
19163163014,94,163,,,94,1.000000000000,20,plan2_house,equal_area_intersection_geojson
19163163104,93,163,,,93,0.000000000000,20,plan2_house,equal_area_intersection_geojson
19163163104,94,163,,,94,1.000000000000,20,plan2_house,equal_area_intersection_geojson
19163163103,93,163,,,93,0.000000000000,20,plan2_house,equal_area_intersection_geojson
19163163103,94,163,,,94,1.000000000000,20,plan2_house,equal_area_intersection_geojson
19163163107,93,163,,,93,1.000000000000,20,plan2_house,equal_area_intersection_geojson
19163163107,94,163,,,94,0.000000000000,20,plan2_house,equal_area_intersection_geojson
19163163108,93,163,,,93,1.000000000000,20,plan2_house,equal_area_intersection_geojson
19163163108,94,163,,,94,0.000000000000,20,plan2_house,equal_area_intersection_geojson
19163163111,70,163,,,70,0.000000000000,20,plan2_house,equal_area_intersection_geojson
19163163111,93,163,,,93,1.000000000000,20,plan2_house,equal_area_intersection_geojson
19163163111,94,163,,,94,0.000000000000,20,plan2_house,equal_area_intersection_geojson
19163163110,93,163,,,93,1.000000000000,20,plan2_house,equal_area_intersection_geojson
19163163106,93,163,,,93,1.000000000000,20,plan2_house,equal_area_intersection_geojson
19163163106,94,163,,,94,0.000000000000,20,plan2_house,equal_area_intersection_geojson
19163163012,70,163,,,70,0.000000000000,20,plan2_house,equal_area_intersection_geojson
19163163012,93,163,,,93,1.000000000000,20,plan2_house,equal_area_intersection_geojson
19163163101,94,163,,,94,1.000000000000,20,plan2_house,equal_area_intersection_geojson
19163163101,97,163,,,97,0.000000000000,20,plan2_house,equal_area_intersection_geojson
19163163102,93,163,,,93,0.000000000000,20,plan2_house,equal_area_intersection_geojson
19163163102,94,163,,,94,1.000000000000,20,plan2_house,equal_area_intersection_geojson
19163163112,93,163,,,93,1.000000000000,20,plan2_house,equal_area_intersection_geojson
19163163109,93,163,,,93,1.000000000000,20,plan2_house,equal_area_intersection_geojson
19163163009,69,163,,,69,0.000000000000,20,plan2_house,equal_area_intersection_geojson
19163163009,70,163,,,70,1.000000000000,20,plan2_house,equal_area_intersection_geojson
19163163008,70,163,,,70,1.000000000000,20,plan2_house,equal_area_intersection_geojson
19163163016,81,163,,,81,0.000000000000,20,plan2_house,equal_area_intersection_geojson
19163163016,94,163,,,94,1.000000000000,20,plan2_house,equal_area_intersection_geojson
19163163015,70,163,,,70,0.000000000000,20,plan2_house,equal_area_intersection_geojson
19163163015,81,163,,,81,0.000000000000,20,plan2_house,equal_area_intersection_geojson
19163163015,82,163,,,82,0.000000000000,20,plan2_house,equal_area_intersection_geojson
19163163015,94,163,,,94,1.000000000000,20,plan2_house,equal_area_intersection_geojson
19163163006,70,163,,,70,1.000000000000,20,plan2_house,equal_area_intersection_geojson
19163163006,94,163,,,94,0.000000000000,20,plan2_house,equal_area_intersection_geojson
19163163005,70,163,,,70,1.000000000000,20,plan2_house,equal_area_intersection_geojson
19163163005,94,163,,,94,0.000000000000,20,plan2_house,equal_area_intersection_geojson
19163163105,93,163,,,93,0.000000000001,20,plan2_house,equal_area_intersection_geojson
19163163105,94,163,,,94,0.999999999999,20,plan2_house,equal_area_intersection_geojson
19163163019,82,163,,,82,1.000000000000,20,plan2_house,equal_area_intersection_geojson
19169169023,51,169,,,51,1.000000000000,20,plan2_house,equal_area_intersection_geojson
19091091010,56,091,,,56,1.000000000000,20,plan2_house,equal_area_intersection_geojson
19091091015,56,091,,,56,1.000000000000,20,plan2_house,equal_area_intersection_geojson
19091091015,7,091,,,7,0.000000000000,20,plan2_house,equal_area_intersection_geojson
19091091015,8,091,,,8,0.000000000000,20,plan2_house,equal_area_intersection_geojson
19091091016,56,091,,,56,1.000000000000,20,plan2_house,equal_area_intersection_geojson
19091091013,56,091,,,56,1.000000000000,20,plan2_house,equal_area_intersection_geojson
19091091013,7,091,,,7,0.000000000000,20,plan2_house,equal_area_intersection_geojson
19091091012,56,091,,,56,1.000000000000,20,plan2_house,equal_area_intersection_geojson
19091091011,56,091,,,56,1.000000000000,20,plan2_house,equal_area_intersection_geojson
19091091011,7,091,,,7,0.000000000000,20,plan2_house,equal_area_intersection_geojson
19091091002,56,091,,,56,1.000000000000,20,plan2_house,equal_area_intersection_geojson
19091091008,56,091,,,56,1.000000000000,20,plan2_house,equal_area_intersection_geojson
19091091014,56,091,,,56,1.000000000000,20,plan2_house,equal_area_intersection_geojson
19091091003,56,091,,,56,1.000000000000,20,plan2_house,equal_area_intersection_geojson
19091091003,9,091,,,9,0.000000000000,20,plan2_house,equal_area_intersection_geojson
19091091007,56,091,,,56,1.000000000000,20,plan2_house,equal_area_intersection_geojson
19091091017,56,091,,,56,1.000000000000,20,plan2_house,equal_area_intersection_geojson
19091091017,8,091,,,8,0.000000000000,20,plan2_house,equal_area_intersection_geojson
19091091009,56,091,,,56,1.000000000000,20,plan2_house,equal_area_intersection_geojson
19091091004,56,091,,,56,1.000000000000,20,plan2_house,equal_area_intersection_geojson
19091091004,9,091,,,9,0.000000000000,20,plan2_house,equal_area_intersection_geojson
19091091006,56,091,,,56,1.000000000000,20,plan2_house,equal_area_intersection_geojson
19091091001,56,091,,,56,1.000000000000,20,plan2_house,equal_area_intersection_geojson
19091091001,7,091,,,7,0.000000000000,20,plan2_house,equal_area_intersection_geojson
19091091005,56,091,,,56,1.000000000000,20,plan2_house,equal_area_intersection_geojson
19011011012,83,011,,,83,0.000000000000,20,plan2_house,equal_area_intersection_geojson
19011011012,84,011,,,84,1.000000000000,20,plan2_house,equal_area_intersection_geojson
19011011002,76,011,,,76,1.000000000000,20,plan2_house,equal_area_intersection_geojson
19011011002,84,011,,,84,0.000000000000,20,plan2_house,equal_area_intersection_geojson
19011011011,84,011,,,84,1.000000000000,20,plan2_house,equal_area_intersection_geojson
19011011014,84,011,,,84,1.000000000000,20,plan2_house,equal_area_intersection_geojson
19011011023,84,011,,,84,1.000000000000,20,plan2_house,equal_area_intersection_geojson
19011011018,84,011,,,84,1.000000000000,20,plan2_house,equal_area_intersection_geojson
19011011010,84,011,,,84,1.000000000000,20,plan2_house,equal_area_intersection_geojson
19011011005,83,011,,,83,0.000000000000,20,plan2_house,equal_area_intersection_geojson
19011011005,84,011,,,84,1.000000000000,20,plan2_house,equal_area_intersection_geojson
19011011006,84,011,,,84,1.000000000000,20,plan2_house,equal_area_intersection_geojson
19011011001,76,011,,,76,1.000000000000,20,plan2_house,equal_area_intersection_geojson
19011011022,84,011,,,84,1.000000000000,20,plan2_house,equal_area_intersection_geojson
19011011022,91,011,,,91,0.000000000000,20,plan2_house,equal_area_intersection_geojson
19011011003,67,011,,,67,0.000000000000,20,plan2_house,equal_area_intersection_geojson
19011011003,76,011,,,76,0.000000000000,20,plan2_house,equal_area_intersection_geojson
19011011003,84,011,,,84,1.000000000000,20,plan2_house,equal_area_intersection_geojson
19011011009,53,011,,,53,0.000000000000,20,plan2_house,equal_area_intersection_geojson
19011011009,76,011,,,76,0.000000000000,20,plan2_house,equal_area_intersection_geojson
19011011009,84,011,,,84,1.000000000000,20,plan2_house,equal_area_intersection_geojson
19011011020,84,011,,,84,1.000000000000,20,plan2_house,equal_area_intersection_geojson
19011011017,53,011,,,53,0.000000000000,20,plan2_house,equal_area_intersection_geojson
19011011017,84,011,,,84,1.000000000000,20,plan2_house,equal_area_intersection_geojson
19011011017,91,011,,,91,0.000000000000,20,plan2_house,equal_area_intersection_geojson
19011011007,76,011,,,76,0.000000000000,20,plan2_house,equal_area_intersection_geojson
19011011007,84,011,,,84,1.000000000000,20,plan2_house,equal_area_intersection_geojson
19011011016,53,011,,,53,0.000000000000,20,plan2_house,equal_area_intersection_geojson
19011011016,84,011,,,84,1.000000000000,20,plan2_house,equal_area_intersection_geojson
19011011019,84,011,,,84,1.000000000000,20,plan2_house,equal_area_intersection_geojson
19011011019,91,011,,,91,0.000000000000,20,plan2_house,equal_area_intersection_geojson
19011011008,76,011,,,76,1.000000000000,20,plan2_house,equal_area_intersection_geojson
19011011008,84,011,,,84,0.000000000000,20,plan2_house,equal_area_intersection_geojson
19011011004,67,011,,,67,0.000000000000,20,plan2_house,equal_area_intersection_geojson
19011011004,83,011,,,83,0.000000000000,20,plan2_house,equal_area_intersection_geojson
19011011004,84,011,,,84,1.000000000000,20,plan2_house,equal_area_intersection_geojson
19011011021,84,011,,,84,1.000000000000,20,plan2_house,equal_area_intersection_geojson
19011011021,91,011,,,91,0.000000000000,20,plan2_house,equal_area_intersection_geojson
19011011015,84,011,,,84,1.000000000000,20,plan2_house,equal_area_intersection_geojson
19011011013,84,011,,,84,1.000000000000,20,plan2_house,equal_area_intersection_geojson
19049049026,23,049,,,23,1.000000000000,20,plan2_house,equal_area_intersection_geojson
19049049027,23,049,,,23,0.999999999999,20,plan2_house,equal_area_intersection_geojson
19049049027,28,049,,,28,0.000000000001,20,plan2_house,equal_area_intersection_geojson
19049049021,23,049,,,23,0.000000000000,20,plan2_house,equal_area_intersection_geojson
19049049021,27,049,,,27,0.000000000000,20,plan2_house,equal_area_intersection_geojson
19049049021,28,049,,,28,1.000000000000,20,plan2_house,equal_area_intersection_geojson
19049049014,23,049,,,23,0.000000000000,20,plan2_house,equal_area_intersection_geojson
19049049014,27,049,,,27,0.000000000000,20,plan2_house,equal_area_intersection_geojson
19049049014,28,049,,,28,1.000000000000,20,plan2_house,equal_area_intersection_geojson
19049049014,46,049,,,46,0.000000000000,20,plan2_house,equal_area_intersection_geojson
19049049014,47,049,,,47,0.000000000000,20,plan2_house,equal_area_intersection_geojson
19049049015,28,049,,,28,0.000000000000,20,plan2_house,equal_area_intersection_geojson
19049049015,47,049,,,47,1.000000000000,20,plan2_house,equal_area_intersection_geojson
19049049003,46,049,,,46,1.000000000000,20,plan2_house,equal_area_intersection_geojson
19049049003,47,049,,,47,0.000000000000,20,plan2_house,equal_area_intersection_geojson
19049049003,48,049,,,48,0.000000000000,20,plan2_house,equal_area_intersection_geojson
19049049009,23,049,,,23,0.000000000000,20,plan2_house,equal_area_intersection_geojson
19049049009,47,049,,,47,1.000000000000,20,plan2_house,equal_area_intersection_geojson
19049049023,28,049,,,28,1.000000000000,20,plan2_house,equal_area_intersection_geojson
19049049013,23,049,,,23,1.000000000000,20,plan2_house,equal_area_intersection_geojson
19049049013,28,049,,,28,0.000000000000,20,plan2_house,equal_area_intersection_geojson
19049049013,47,049,,,47,0.000000000000,20,plan2_house,equal_area_intersection_geojson
19049049001,47,049,,,47,1.000000000000,20,plan2_house,equal_area_intersection_geojson
19049049004,45,049,,,45,0.000000000000,20,plan2_house,equal_area_intersection_geojson
19049049004,46,049,,,46,1.000000000000,20,plan2_house,equal_area_intersection_geojson
19049049005,46,049,,,46,1.000000000000,20,plan2_house,equal_area_intersection_geojson
19049049030,23,049,,,23,0.000000000000,20,plan2_house,equal_area_intersection_geojson
19049049030,28,049,,,28,1.000000000000,20,plan2_house,equal_area_intersection_geojson
19049049022,27,049,,,27,1.000000000000,20,plan2_house,equal_area_intersection_geojson
19049049022,28,049,,,28,0.000000000000,20,plan2_house,equal_area_intersection_geojson
19049049006,45,049,,,45,0.000000000000,20,plan2_house,equal_area_intersection_geojson
19049049006,46,049,,,46,1.000000000000,20,plan2_house,equal_area_intersection_geojson
19049049006,47,049,,,47,0.000000000000,20,plan2_house,equal_area_intersection_geojson
19049049007,45,049,,,45,0.000000000000,20,plan2_house,equal_area_intersection_geojson
19049049007,46,049,,,46,1.000000000000,20,plan2_house,equal_area_intersection_geojson
19049049010,47,049,,,47,1.000000000000,20,plan2_house,equal_area_intersection_geojson
19049049012,47,049,,,47,1.000000000000,20,plan2_house,equal_area_intersection_geojson
19049049011,23,049,,,23,0.000000000000,20,plan2_house,equal_area_intersection_geojson
19049049011,47,049,,,47,1.000000000000,20,plan2_house,equal_area_intersection_geojson
19049049002,46,049,,,46,0.000000000000,20,plan2_house,equal_area_intersection_geojson
19049049002,47,049,,,47,1.000000000000,20,plan2_house,equal_area_intersection_geojson
19049049008,28,049,,,28,0.000000000000,20,plan2_house,equal_area_intersection_geojson
19049049008,46,049,,,46,0.000000000000,20,plan2_house,equal_area_intersection_geojson
19049049008,47,049,,,47,1.000000000000,20,plan2_house,equal_area_intersection_geojson
19049049028,23,049,,,23,1.000000000000,20,plan2_house,equal_area_intersection_geojson
19049049028,47,049,,,47,0.000000000000,20,plan2_house,equal_area_intersection_geojson
19049049017,23,049,,,23,0.002721169422,20,plan2_house,equal_area_intersection_geojson
19049049017,27,049,,,27,0.000000000000,20,plan2_house,equal_area_intersection_geojson
19049049017,28,049,,,28,0.997278830578,20,plan2_house,equal_area_intersection_geojson
19049049020,27,049,,,27,1.000000000000,20,plan2_house,equal_area_intersection_geojson
19049049020,32,049,,,32,0.000000000000,20,plan2_house,equal_area_intersection_geojson
19049049020,46,049,,,46,0.000000000000,20,plan2_house,equal_area_intersection_geojson
19049049029,23,049,,,23,1.000000000000,20,plan2_house,equal_area_intersection_geojson
19049049019,27,049,,,27,0.000000000000,20,plan2_house,equal_area_intersection_geojson
19049049019,44,049,,,44,0.000000000000,20,plan2_house,equal_area_intersection_geojson
19049049019,46,049,,,46,1.000000000000,20,plan2_house,equal_area_intersection_geojson
19049049018,27,049,,,27,0.000000000000,20,plan2_house,equal_area_intersection_geojson
19049049018,28,049,,,28,0.000000000000,20,plan2_house,equal_area_intersection_geojson
19049049018,46,049,,,46,1.000000000000,20,plan2_house,equal_area_intersection_geojson
19049049016,46,049,,,46,1.000000000000,20,plan2_house,equal_area_intersection_geojson
19033033014,59,033,,,59,1.000000000000,20,plan2_house,equal_area_intersection_geojson
19033033009,60,033,,,60,1.000000000000,20,plan2_house,equal_area_intersection_geojson
19033033011,60,033,,,60,1.000000000000,20,plan2_house,equal_area_intersection_geojson
19033033010,56,033,,,56,0.000000000000,20,plan2_house,equal_area_intersection_geojson
19033033010,60,033,,,60,1.000000000000,20,plan2_house,equal_area_intersection_geojson
19033033016,55,033,,,55,0.000000000000,20,plan2_house,equal_area_intersection_geojson
19033033016,58,033,,,58,0.000000000000,20,plan2_house,equal_area_intersection_geojson
19033033016,59,033,,,59,1.000000000000,20,plan2_house,equal_area_intersection_geojson
19033033017,58,033,,,58,0.000000000000,20,plan2_house,equal_area_intersection_geojson
19033033017,59,033,,,59,1.000000000000,20,plan2_house,equal_area_intersection_geojson
19033033004,59,033,,,59,1.000000000000,20,plan2_house,equal_area_intersection_geojson
19033033004,60,033,,,60,0.000000000000,20,plan2_house,equal_area_intersection_geojson
19033033018,55,033,,,55,0.000000000000,20,plan2_house,equal_area_intersection_geojson
19033033018,59,033,,,59,1.000000000000,20,plan2_house,equal_area_intersection_geojson
19033033019,59,033,,,59,1.000000000000,20,plan2_house,equal_area_intersection_geojson
19033033001,56,033,,,56,0.000000000000,20,plan2_house,equal_area_intersection_geojson
19033033001,60,033,,,60,1.000000000000,20,plan2_house,equal_area_intersection_geojson
19033033022,59,033,,,59,0.000000000000,20,plan2_house,equal_area_intersection_geojson
19033033022,60,033,,,60,1.000000000000,20,plan2_house,equal_area_intersection_geojson
19033033021,55,033,,,55,0.000000000000,20,plan2_house,equal_area_intersection_geojson
19033033021,56,033,,,56,0.000000000000,20,plan2_house,equal_area_intersection_geojson
19033033021,59,033,,,59,0.000000000000,20,plan2_house,equal_area_intersection_geojson
19033033021,60,033,,,60,1.000000000000,20,plan2_house,equal_area_intersection_geojson
19033033023,55,033,,,55,0.000000000000,20,plan2_house,equal_area_intersection_geojson
19033033023,60,033,,,60,1.000000000000,20,plan2_house,equal_area_intersection_geojson
19033033008,59,033,,,59,0.000000000000,20,plan2_house,equal_area_intersection_geojson
19033033008,60,033,,,60,1.000000000000,20,plan2_house,equal_area_intersection_geojson
19033033003,59,033,,,59,1.000000000000,20,plan2_house,equal_area_intersection_geojson
19033033003,60,033,,,60,0.000000000000,20,plan2_house,equal_area_intersection_geojson
19033033002,59,033,,,59,0.000000000000,20,plan2_house,equal_area_intersection_geojson
19033033002,60,033,,,60,1.000000000000,20,plan2_house,equal_area_intersection_geojson
19033033007,59,033,,,59,1.000000000000,20,plan2_house,equal_area_intersection_geojson
19033033026,59,033,,,59,1.000000000000,20,plan2_house,equal_area_intersection_geojson
19033033032,59,033,,,59,1.000000000000,20,plan2_house,equal_area_intersection_geojson
19033033035,59,033,,,59,1.000000000000,20,plan2_house,equal_area_intersection_geojson
19033033035,60,033,,,60,0.000000000000,20,plan2_house,equal_area_intersection_geojson
19033033024,59,033,,,59,1.000000000000,20,plan2_house,equal_area_intersection_geojson
19033033028,59,033,,,59,1.000000000000,20,plan2_house,equal_area_intersection_geojson
19033033028,60,033,,,60,0.000000000000,20,plan2_house,equal_area_intersection_geojson
19033033029,59,033,,,59,1.000000000000,20,plan2_house,equal_area_intersection_geojson
19033033025,59,033,,,59,1.000000000000,20,plan2_house,equal_area_intersection_geojson
19033033027,59,033,,,59,1.000000000000,20,plan2_house,equal_area_intersection_geojson
19033033030,59,033,,,59,1.000000000000,20,plan2_house,equal_area_intersection_geojson
19033033033,59,033,,,59,1.000000000000,20,plan2_house,equal_area_intersection_geojson
19033033031,59,033,,,59,1.000000000000,20,plan2_house,equal_area_intersection_geojson
19033033034,59,033,,,59,1.000000000000,20,plan2_house,equal_area_intersection_geojson
19033033013,59,033,,,59,1.000000000000,20,plan2_house,equal_area_intersection_geojson
19033033013,60,033,,,60,0.000000000000,20,plan2_house,equal_area_intersection_geojson
19033033015,58,033,,,58,0.000000000000,20,plan2_house,equal_area_intersection_geojson
19033033015,59,033,,,59,1.000000000000,20,plan2_house,equal_area_intersection_geojson
19033033015,60,033,,,60,0.000000000000,20,plan2_house,equal_area_intersection_geojson
19033033020,55,033,,,55,0.000000000000,20,plan2_house,equal_area_intersection_geojson
19033033020,59,033,,,59,1.000000000000,20,plan2_house,equal_area_intersection_geojson
19033033020,60,033,,,60,0.000000000000,20,plan2_house,equal_area_intersection_geojson
19033033005,59,033,,,59,1.000000000000,20,plan2_house,equal_area_intersection_geojson
19033033005,60,033,,,60,0.000000000000,20,plan2_house,equal_area_intersection_geojson
19033033012,56,033,,,56,0.000000000000,20,plan2_house,equal_area_intersection_geojson
19033033012,59,033,,,59,0.000000000000,20,plan2_house,equal_area_intersection_geojson
19033033012,60,033,,,60,1.000000000000,20,plan2_house,equal_area_intersection_geojson
19179179011,25,179,,,25,0.000000000000,20,plan2_house,equal_area_intersection_geojson
19179179011,26,179,,,26,1.000000000000,20,plan2_house,equal_area_intersection_geojson
19179179012,26,179,,,26,1.000000000000,20,plan2_house,equal_area_intersection_geojson
19179179015,25,179,,,25,1.000000000000,20,plan2_house,equal_area_intersection_geojson
19179179016,25,179,,,25,1.000000000000,20,plan2_house,equal_area_intersection_geojson
19179179016,26,179,,,26,0.000000000000,20,plan2_house,equal_area_intersection_geojson
19179179016,87,179,,,87,0.000000000000,20,plan2_house,equal_area_intersection_geojson
19179179027,26,179,,,26,1.000000000000,20,plan2_house,equal_area_intersection_geojson
19179179009,25,179,,,25,0.000000000000,20,plan2_house,equal_area_intersection_geojson
19179179009,26,179,,,26,1.000000000000,20,plan2_house,equal_area_intersection_geojson
19179179025,25,179,,,25,1.000000000000,20,plan2_house,equal_area_intersection_geojson
19179179008,25,179,,,25,1.000000000000,20,plan2_house,equal_area_intersection_geojson
19179179008,26,179,,,26,0.000000000000,20,plan2_house,equal_area_intersection_geojson
19179179002,26,179,,,26,1.000000000000,20,plan2_house,equal_area_intersection_geojson
19179179002,88,179,,,88,0.000000000000,20,plan2_house,equal_area_intersection_geojson
19179179001,26,179,,,26,1.000000000000,20,plan2_house,equal_area_intersection_geojson
19179179001,88,179,,,88,0.000000000000,20,plan2_house,equal_area_intersection_geojson
19179179022,25,179,,,25,1.000000000000,20,plan2_house,equal_area_intersection_geojson
19179179021,25,179,,,25,1.000000000000,20,plan2_house,equal_area_intersection_geojson
19179179017,25,179,,,25,1.000000000000,20,plan2_house,equal_area_intersection_geojson
19179179023,25,179,,,25,1.000000000000,20,plan2_house,equal_area_intersection_geojson
19179179024,25,179,,,25,1.000000000000,20,plan2_house,equal_area_intersection_geojson
19179179018,25,179,,,25,1.000000000000,20,plan2_house,equal_area_intersection_geojson
19179179005,25,179,,,25,1.000000000000,20,plan2_house,equal_area_intersection_geojson
19179179005,26,179,,,26,0.000000000000,20,plan2_house,equal_area_intersection_geojson
19179179005,88,179,,,88,0.000000000000,20,plan2_house,equal_area_intersection_geojson
19179179020,25,179,,,25,1.000000000000,20,plan2_house,equal_area_intersection_geojson
19179179019,25,179,,,25,1.000000000000,20,plan2_house,equal_area_intersection_geojson
19179179019,26,179,,,26,0.000000000000,20,plan2_house,equal_area_intersection_geojson
19179179007,25,179,,,25,1.000000000000,20,plan2_house,equal_area_intersection_geojson
19179179026,25,179,,,25,1.000000000000,20,plan2_house,equal_area_intersection_geojson
19179179013,25,179,,,25,1.000000000000,20,plan2_house,equal_area_intersection_geojson
19179179013,26,179,,,26,0.000000000000,20,plan2_house,equal_area_intersection_geojson
19179179004,25,179,,,25,0.000000000000,20,plan2_house,equal_area_intersection_geojson
19179179004,26,179,,,26,1.000000000000,20,plan2_house,equal_area_intersection_geojson
19179179004,88,179,,,88,0.000000000000,20,plan2_house,equal_area_intersection_geojson
19179179014,25,179,,,25,1.000000000000,20,plan2_house,equal_area_intersection_geojson
19179179014,26,179,,,26,0.000000000000,20,plan2_house,equal_area_intersection_geojson
19179179006,25,179,,,25,1.000000000000,20,plan2_house,equal_area_intersection_geojson
19179179006,88,179,,,88,0.000000000000,20,plan2_house,equal_area_intersection_geojson
19179179010,25,179,,,25,0.000000000000,20,plan2_house,equal_area_intersection_geojson
19179179010,26,179,,,26,1.000000000000,20,plan2_house,equal_area_intersection_geojson
19179179003,25,179,,,25,0.000000000000,20,plan2_house,equal_area_intersection_geojson
19179179003,26,179,,,26,1.000000000000,20,plan2_house,equal_area_intersection_geojson
19179179003,88,179,,,88,0.000000000000,20,plan2_house,equal_area_intersection_geojson
19187187041,7,187,,,7,1.000000000000,20,plan2_house,equal_area_intersection_geojson
19003003003,17,003,,,17,1.000000000000,20,plan2_house,equal_area_intersection_geojson
19003003003,23,003,,,23,0.000000000000,20,plan2_house,equal_area_intersection_geojson
19003003004,17,003,,,17,1.000000000000,20,plan2_house,equal_area_intersection_geojson
19003003004,23,003,,,23,0.000000000000,20,plan2_house,equal_area_intersection_geojson
19003003009,17,003,,,17,1.000000000000,20,plan2_house,equal_area_intersection_geojson
19003003009,18,003,,,18,0.000000000000,20,plan2_house,equal_area_intersection_geojson
19003003014,17,003,,,17,1.000000000000,20,plan2_house,equal_area_intersection_geojson
19003003010,17,003,,,17,1.000000000000,20,plan2_house,equal_area_intersection_geojson
19003003002,17,003,,,17,1.000000000000,20,plan2_house,equal_area_intersection_geojson
19003003002,18,003,,,18,0.000000000000,20,plan2_house,equal_area_intersection_geojson
19003003015,17,003,,,17,1.000000000000,20,plan2_house,equal_area_intersection_geojson
19003003012,17,003,,,17,1.000000000000,20,plan2_house,equal_area_intersection_geojson
19003003008,17,003,,,17,1.000000000000,20,plan2_house,equal_area_intersection_geojson
19003003001,17,003,,,17,1.000000000000,20,plan2_house,equal_area_intersection_geojson
19003003001,18,003,,,18,0.000000000000,20,plan2_house,equal_area_intersection_geojson
19003003013,17,003,,,17,1.000000000000,20,plan2_house,equal_area_intersection_geojson
19003003011,17,003,,,17,1.000000000000,20,plan2_house,equal_area_intersection_geojson
19003003006,17,003,,,17,1.000000000000,20,plan2_house,equal_area_intersection_geojson
19003003007,17,003,,,17,1.000000000000,20,plan2_house,equal_area_intersection_geojson
19003003005,17,003,,,17,1.000000000000,20,plan2_house,equal_area_intersection_geojson
19137137005,17,137,,,17,0.000000000000,20,plan2_house,equal_area_intersection_geojson
19137137005,18,137,,,18,1.000000000000,20,plan2_house,equal_area_intersection_geojson
19137137015,18,137,,,18,1.000000000000,20,plan2_house,equal_area_intersection_geojson
19137137007,18,137,,,18,1.000000000000,20,plan2_house,equal_area_intersection_geojson
19137137014,18,137,,,18,1.000000000000,20,plan2_house,equal_area_intersection_geojson
19137137010,18,137,,,18,1.000000000000,20,plan2_house,equal_area_intersection_geojson
19137137009,16,137,,,16,0.000000000000,20,plan2_house,equal_area_intersection_geojson
19137137009,18,137,,,18,1.000000000000,20,plan2_house,equal_area_intersection_geojson
19137137012,18,137,,,18,1.000000000000,20,plan2_house,equal_area_intersection_geojson
19137137011,18,137,,,18,1.000000000000,20,plan2_house,equal_area_intersection_geojson
19137137001,16,137,,,16,0.000000000000,20,plan2_house,equal_area_intersection_geojson
19137137001,18,137,,,18,1.000000000000,20,plan2_house,equal_area_intersection_geojson
19137137004,18,137,,,18,1.000000000000,20,plan2_house,equal_area_intersection_geojson
19137137008,18,137,,,18,1.000000000000,20,plan2_house,equal_area_intersection_geojson
19137137013,18,137,,,18,1.000000000000,20,plan2_house,equal_area_intersection_geojson
19137137003,18,137,,,18,1.000000000000,20,plan2_house,equal_area_intersection_geojson
19137137002,16,137,,,16,0.000000000000,20,plan2_house,equal_area_intersection_geojson
19137137002,18,137,,,18,1.000000000000,20,plan2_house,equal_area_intersection_geojson
19137137006,17,137,,,17,0.000000000000,20,plan2_house,equal_area_intersection_geojson
19137137006,18,137,,,18,1.000000000000,20,plan2_house,equal_area_intersection_geojson
19111111001,100,111,,,100,1.000000000000,20,plan2_house,equal_area_intersection_geojson
19111111001,87,111,,,87,0.000000000000,20,plan2_house,equal_area_intersection_geojson
19111111012,100,111,,,100,1.000000000000,20,plan2_house,equal_area_intersection_geojson
19111111005,100,111,,,100,0.000000000000,20,plan2_house,equal_area_intersection_geojson
19111111005,99,111,,,99,1.000000000000,20,plan2_house,equal_area_intersection_geojson
19111111016,100,111,,,100,1.000000000000,20,plan2_house,equal_area_intersection_geojson
19111111009,100,111,,,100,1.000000000000,20,plan2_house,equal_area_intersection_geojson
19111111013,100,111,,,100,1.000000000000,20,plan2_house,equal_area_intersection_geojson
19111111006,99,111,,,99,1.000000000000,20,plan2_house,equal_area_intersection_geojson
19111111004,100,111,,,100,0.000000000000,20,plan2_house,equal_area_intersection_geojson
19111111004,95,111,,,95,0.000000000000,20,plan2_house,equal_area_intersection_geojson
19111111004,99,111,,,99,1.000000000000,20,plan2_house,equal_area_intersection_geojson
19111111010,100,111,,,100,1.000000000000,20,plan2_house,equal_area_intersection_geojson
19111111010,87,111,,,87,0.000000000000,20,plan2_house,equal_area_intersection_geojson
19111111018,100,111,,,100,1.000000000000,20,plan2_house,equal_area_intersection_geojson
19111111014,100,111,,,100,1.000000000000,20,plan2_house,equal_area_intersection_geojson
19111111015,100,111,,,100,1.000000000000,20,plan2_house,equal_area_intersection_geojson
19111111002,100,111,,,100,1.000000000000,20,plan2_house,equal_area_intersection_geojson
19111111002,99,111,,,99,0.000000000000,20,plan2_house,equal_area_intersection_geojson
19111111011,100,111,,,100,1.000000000000,20,plan2_house,equal_area_intersection_geojson
19111111011,87,111,,,87,0.000000000000,20,plan2_house,equal_area_intersection_geojson
19111111008,100,111,,,100,1.000000000000,20,plan2_house,equal_area_intersection_geojson
19111111008,99,111,,,99,0.000000000000,20,plan2_house,equal_area_intersection_geojson
19111111003,100,111,,,100,1.000000000000,20,plan2_house,equal_area_intersection_geojson
19111111017,100,111,,,100,1.000000000000,20,plan2_house,equal_area_intersection_geojson
19111111007,100,111,,,100,1.000000000000,20,plan2_house,equal_area_intersection_geojson
19111111007,99,111,,,99,0.000000000000,20,plan2_house,equal_area_intersection_geojson
19105105010,66,105,,,66,1.000000000000,20,plan2_house,equal_area_intersection_geojson
19105105010,83,105,,,83,0.000000000000,20,plan2_house,equal_area_intersection_geojson
19105105012,66,105,,,66,1.000000000000,20,plan2_house,equal_area_intersection_geojson
19105105001,66,105,,,66,1.000000000000,20,plan2_house,equal_area_intersection_geojson
19105105001,67,105,,,67,0.000000000000,20,plan2_house,equal_area_intersection_geojson
19105105001,83,105,,,83,0.000000000000,20,plan2_house,equal_area_intersection_geojson
19105105006,66,105,,,66,1.000000000000,20,plan2_house,equal_area_intersection_geojson
19105105011,66,105,,,66,1.000000000000,20,plan2_house,equal_area_intersection_geojson
19105105011,83,105,,,83,0.000000000000,20,plan2_house,equal_area_intersection_geojson
19105105018,66,105,,,66,1.000000000000,20,plan2_house,equal_area_intersection_geojson
19105105017,66,105,,,66,1.000000000000,20,plan2_house,equal_area_intersection_geojson
19105105017,70,105,,,70,0.000000000000,20,plan2_house,equal_area_intersection_geojson
19105105025,66,105,,,66,1.000000000000,20,plan2_house,equal_area_intersection_geojson
19105105025,83,105,,,83,0.000000000000,20,plan2_house,equal_area_intersection_geojson
19105105023,66,105,,,66,1.000000000000,20,plan2_house,equal_area_intersection_geojson
19105105023,82,105,,,82,0.000000000000,20,plan2_house,equal_area_intersection_geojson
19105105024,66,105,,,66,1.000000000000,20,plan2_house,equal_area_intersection_geojson
19105105016,66,105,,,66,1.000000000000,20,plan2_house,equal_area_intersection_geojson
19105105020,66,105,,,66,1.000000000000,20,plan2_house,equal_area_intersection_geojson
19105105020,82,105,,,82,0.000000000000,20,plan2_house,equal_area_intersection_geojson
19105105013,66,105,,,66,1.000000000000,20,plan2_house,equal_area_intersection_geojson
19105105014,66,105,,,66,1.000000000000,20,plan2_house,equal_area_intersection_geojson
19105105019,66,105,,,66,1.000000000000,20,plan2_house,equal_area_intersection_geojson
19105105019,70,105,,,70,0.000000000000,20,plan2_house,equal_area_intersection_geojson
19105105019,82,105,,,82,0.000000000000,20,plan2_house,equal_area_intersection_geojson
19105105002,66,105,,,66,1.000000000000,20,plan2_house,equal_area_intersection_geojson
19105105002,67,105,,,67,0.000000000000,20,plan2_house,equal_area_intersection_geojson
19105105009,66,105,,,66,1.000000000000,20,plan2_house,equal_area_intersection_geojson
19105105003,66,105,,,66,1.000000000000,20,plan2_house,equal_area_intersection_geojson
19105105021,66,105,,,66,1.000000000000,20,plan2_house,equal_area_intersection_geojson
19105105021,82,105,,,82,0.000000000000,20,plan2_house,equal_area_intersection_geojson
19105105022,66,105,,,66,1.000000000000,20,plan2_house,equal_area_intersection_geojson
19105105007,66,105,,,66,1.000000000000,20,plan2_house,equal_area_intersection_geojson
19105105004,65,105,,,65,0.000000000000,20,plan2_house,equal_area_intersection_geojson
19105105004,66,105,,,66,1.000000000000,20,plan2_house,equal_area_intersection_geojson
19105105008,66,105,,,66,1.000000000000,20,plan2_house,equal_area_intersection_geojson
19101101002,87,101,,,87,0.000000000000,20,plan2_house,equal_area_intersection_geojson
19101101002,88,101,,,88,1.000000000000,20,plan2_house,equal_area_intersection_geojson
19101101007,88,101,,,88,1.000000000000,20,plan2_house,equal_area_intersection_geojson
19101101014,87,101,,,87,1.000000000000,20,plan2_house,equal_area_intersection_geojson
19101101014,88,101,,,88,0.000000000000,20,plan2_house,equal_area_intersection_geojson
19101101004,88,101,,,88,1.000000000000,20,plan2_house,equal_area_intersection_geojson
19101101004,92,101,,,92,0.000000000000,20,plan2_house,equal_area_intersection_geojson
19101101004,95,101,,,95,0.000000000000,20,plan2_house,equal_area_intersection_geojson
19101101008,87,101,,,87,1.000000000000,20,plan2_house,equal_area_intersection_geojson
19101101008,88,101,,,88,0.000000000000,20,plan2_house,equal_area_intersection_geojson
19101101009,87,101,,,87,1.000000000000,20,plan2_house,equal_area_intersection_geojson
19101101016,88,101,,,88,1.000000000000,20,plan2_house,equal_area_intersection_geojson
19101101012,25,101,,,25,0.000000000000,20,plan2_house,equal_area_intersection_geojson
19101101012,87,101,,,87,1.000000000000,20,plan2_house,equal_area_intersection_geojson
19101101012,88,101,,,88,0.000000000000,20,plan2_house,equal_area_intersection_geojson
19101101013,87,101,,,87,1.000000000000,20,plan2_house,equal_area_intersection_geojson
19101101006,87,101,,,87,0.000000000000,20,plan2_house,equal_area_intersection_geojson
19101101006,88,101,,,88,1.000000000000,20,plan2_house,equal_area_intersection_geojson
19101101005,87,101,,,87,0.000000000000,20,plan2_house,equal_area_intersection_geojson
19101101005,88,101,,,88,1.000000000000,20,plan2_house,equal_area_intersection_geojson
19101101005,95,101,,,95,0.000000000000,20,plan2_house,equal_area_intersection_geojson
19101101010,25,101,,,25,0.000000000000,20,plan2_house,equal_area_intersection_geojson
19101101010,87,101,,,87,0.000000000000,20,plan2_house,equal_area_intersection_geojson
19101101010,88,101,,,88,1.000000000000,20,plan2_house,equal_area_intersection_geojson
19101101011,87,101,,,87,0.000000000000,20,plan2_house,equal_area_intersection_geojson
19101101011,88,101,,,88,1.000000000000,20,plan2_house,equal_area_intersection_geojson
19101101003,88,101,,,88,1.000000000000,20,plan2_house,equal_area_intersection_geojson
19101101003,92,101,,,92,0.000000000000,20,plan2_house,equal_area_intersection_geojson
19101101001,88,101,,,88,1.000000000000,20,plan2_house,equal_area_intersection_geojson
19101101015,87,101,,,87,1.000000000000,20,plan2_house,equal_area_intersection_geojson
19101101015,88,101,,,88,0.000000000000,20,plan2_house,equal_area_intersection_geojson
19135135003,26,135,,,26,1.000000000000,20,plan2_house,equal_area_intersection_geojson
19135135003,37,135,,,37,0.000000000000,20,plan2_house,equal_area_intersection_geojson
19135135001,24,135,,,24,0.000000000000,20,plan2_house,equal_area_intersection_geojson
19135135001,26,135,,,26,1.000000000000,20,plan2_house,equal_area_intersection_geojson
19135135001,37,135,,,37,0.000000000000,20,plan2_house,equal_area_intersection_geojson
19135135012,26,135,,,26,1.000000000000,20,plan2_house,equal_area_intersection_geojson
19135135008,26,135,,,26,1.000000000000,20,plan2_house,equal_area_intersection_geojson
19135135009,24,135,,,24,0.000000000000,20,plan2_house,equal_area_intersection_geojson
19135135009,26,135,,,26,1.000000000000,20,plan2_house,equal_area_intersection_geojson
19135135010,24,135,,,24,0.000000000000,20,plan2_house,equal_area_intersection_geojson
19135135010,26,135,,,26,1.000000000000,20,plan2_house,equal_area_intersection_geojson
19135135011,26,135,,,26,1.000000000000,20,plan2_house,equal_area_intersection_geojson
19135135006,26,135,,,26,1.000000000000,20,plan2_house,equal_area_intersection_geojson
19135135013,26,135,,,26,1.000000000000,20,plan2_house,equal_area_intersection_geojson
19135135004,26,135,,,26,1.000000000000,20,plan2_house,equal_area_intersection_geojson
19135135004,37,135,,,37,0.000000000000,20,plan2_house,equal_area_intersection_geojson
19135135007,26,135,,,26,1.000000000000,20,plan2_house,equal_area_intersection_geojson
19135135002,26,135,,,26,1.000000000000,20,plan2_house,equal_area_intersection_geojson
19135135002,37,135,,,37,0.000000000000,20,plan2_house,equal_area_intersection_geojson
19135135014,26,135,,,26,1.000000000000,20,plan2_house,equal_area_intersection_geojson
19135135005,26,135,,,26,0.999999999999,20,plan2_house,equal_area_intersection_geojson
19135135005,37,135,,,37,0.000000000001,20,plan2_house,equal_area_intersection_geojson
19135135015,26,135,,,26,1.000000000000,20,plan2_house,equal_area_intersection_geojson
19149149011,13,149,,,13,0.000000000000,20,plan2_house,equal_area_intersection_geojson
19149149011,3,149,,,3,1.000000000000,20,plan2_house,equal_area_intersection_geojson
19149149013,3,149,,,3,1.000000000000,20,plan2_house,equal_area_intersection_geojson
19149149004,13,149,,,13,0.000000000000,20,plan2_house,equal_area_intersection_geojson
19149149004,3,149,,,3,1.000000000000,20,plan2_house,equal_area_intersection_geojson
19149149023,13,149,,,13,1.000000000000,20,plan2_house,equal_area_intersection_geojson
19149149024,13,149,,,13,1.000000000000,20,plan2_house,equal_area_intersection_geojson
19149149005,13,149,,,13,0.000000000000,20,plan2_house,equal_area_intersection_geojson
19149149005,3,149,,,3,1.000000000000,20,plan2_house,equal_area_intersection_geojson
19149149022,13,149,,,13,1.000000000000,20,plan2_house,equal_area_intersection_geojson
19149149003,3,149,,,3,1.000000000000,20,plan2_house,equal_area_intersection_geojson
19149149028,13,149,,,13,1.000000000000,20,plan2_house,equal_area_intersection_geojson
19149149028,3,149,,,3,0.000000000000,20,plan2_house,equal_area_intersection_geojson
19149149021,13,149,,,13,1.000000000000,20,plan2_house,equal_area_intersection_geojson
19149149026,13,149,,,13,1.000000000000,20,plan2_house,equal_area_intersection_geojson
19149149026,2,149,,,2,0.000000000000,20,plan2_house,equal_area_intersection_geojson
19149149029,13,149,,,13,1.000000000000,20,plan2_house,equal_area_intersection_geojson
19149149029,2,149,,,2,0.000000000000,20,plan2_house,equal_area_intersection_geojson
19149149014,13,149,,,13,0.000000000000,20,plan2_house,equal_area_intersection_geojson
19149149014,3,149,,,3,1.000000000000,20,plan2_house,equal_area_intersection_geojson
19149149017,13,149,,,13,1.000000000000,20,plan2_house,equal_area_intersection_geojson
19149149017,3,149,,,3,0.000000000000,20,plan2_house,equal_area_intersection_geojson
19149149025,13,149,,,13,1.000000000000,20,plan2_house,equal_area_intersection_geojson
19149149025,2,149,,,2,0.000000000000,20,plan2_house,equal_area_intersection_geojson
19149149008,13,149,,,13,1.000000000000,20,plan2_house,equal_area_intersection_geojson
19149149008,3,149,,,3,0.000000000000,20,plan2_house,equal_area_intersection_geojson
19149149009,13,149,,,13,1.000000000000,20,plan2_house,equal_area_intersection_geojson
19149149009,3,149,,,3,0.000000000000,20,plan2_house,equal_area_intersection_geojson
19149149010,13,149,,,13,1.000000000000,20,plan2_house,equal_area_intersection_geojson
19149149010,3,149,,,3,0.000000000000,20,plan2_house,equal_area_intersection_geojson
19149149006,13,149,,,13,0.000456231013,20,plan2_house,equal_area_intersection_geojson
19149149006,3,149,,,3,0.999543768987,20,plan2_house,equal_area_intersection_geojson
19149149027,13,149,,,13,1.000000000000,20,plan2_house,equal_area_intersection_geojson
19149149027,2,149,,,2,0.000000000000,20,plan2_house,equal_area_intersection_geojson
19149149018,13,149,,,13,1.000000000000,20,plan2_house,equal_area_intersection_geojson
19149149018,3,149,,,3,0.000000000000,20,plan2_house,equal_area_intersection_geojson
19149149001,3,149,,,3,1.000000000000,20,plan2_house,equal_area_intersection_geojson
19149149002,3,149,,,3,1.000000000000,20,plan2_house,equal_area_intersection_geojson
19149149007,13,149,,,13,1.000000000000,20,plan2_house,equal_area_intersection_geojson
19149149007,3,149,,,3,0.000000000000,20,plan2_house,equal_area_intersection_geojson
19149149016,13,149,,,13,0.000000000000,20,plan2_house,equal_area_intersection_geojson
19149149016,3,149,,,3,1.000000000000,20,plan2_house,equal_area_intersection_geojson
19149149019,13,149,,,13,1.000000000000,20,plan2_house,equal_area_intersection_geojson
19149149019,3,149,,,3,0.000000000000,20,plan2_house,equal_area_intersection_geojson
19149149020,13,149,,,13,1.000000000000,20,plan2_house,equal_area_intersection_geojson
19149149012,13,149,,,13,0.000000000000,20,plan2_house,equal_area_intersection_geojson
19149149012,3,149,,,3,1.000000000000,20,plan2_house,equal_area_intersection_geojson
19149149015,3,149,,,3,1.000000000000,20,plan2_house,equal_area_intersection_geojson
19001001011,18,001,,,18,0.000000000000,20,plan2_house,equal_area_intersection_geojson
19001001011,23,001,,,23,1.000000000000,20,plan2_house,equal_area_intersection_geojson
19001001018,23,001,,,23,1.000000000000,20,plan2_house,equal_area_intersection_geojson
19001001017,23,001,,,23,1.000000000000,20,plan2_house,equal_area_intersection_geojson
19001001016,23,001,,,23,1.000000000000,20,plan2_house,equal_area_intersection_geojson
19001001009,23,001,,,23,1.000000000000,20,plan2_house,equal_area_intersection_geojson
19001001008,23,001,,,23,1.000000000000,20,plan2_house,equal_area_intersection_geojson
19001001012,18,001,,,18,0.000000000000,20,plan2_house,equal_area_intersection_geojson
19001001012,23,001,,,23,1.000000000000,20,plan2_house,equal_area_intersection_geojson
19001001013,23,001,,,23,1.000000000000,20,plan2_house,equal_area_intersection_geojson
19001001005,23,001,,,23,1.000000000000,20,plan2_house,equal_area_intersection_geojson
19001001005,47,001,,,47,0.000000000000,20,plan2_house,equal_area_intersection_geojson
19001001022,17,001,,,17,0.000000000000,20,plan2_house,equal_area_intersection_geojson
19001001022,23,001,,,23,1.000000000000,20,plan2_house,equal_area_intersection_geojson
19001001015,23,001,,,23,1.000000000000,20,plan2_house,equal_area_intersection_geojson
19001001007,23,001,,,23,1.000000000000,20,plan2_house,equal_area_intersection_geojson
19001001007,47,001,,,47,0.000000000000,20,plan2_house,equal_area_intersection_geojson
19001001006,23,001,,,23,1.000000000000,20,plan2_house,equal_area_intersection_geojson
19001001006,47,001,,,47,0.000000000000,20,plan2_house,equal_area_intersection_geojson
19001001020,17,001,,,17,0.000000000000,20,plan2_house,equal_area_intersection_geojson
19001001020,23,001,,,23,1.000000000000,20,plan2_house,equal_area_intersection_geojson
19001001010,23,001,,,23,1.000000000000,20,plan2_house,equal_area_intersection_geojson
19001001021,17,001,,,17,0.000000000000,20,plan2_house,equal_area_intersection_geojson
19001001021,23,001,,,23,1.000000000000,20,plan2_house,equal_area_intersection_geojson
19001001014,23,001,,,23,1.000000000000,20,plan2_house,equal_area_intersection_geojson
19001001001,23,001,,,23,1.000000000000,20,plan2_house,equal_area_intersection_geojson
19001001001,47,001,,,47,0.000000000000,20,plan2_house,equal_area_intersection_geojson
19001001002,18,001,,,18,0.000000000000,20,plan2_house,equal_area_intersection_geojson
19001001002,23,001,,,23,1.000000000000,20,plan2_house,equal_area_intersection_geojson
19001001002,47,001,,,47,0.000000000000,20,plan2_house,equal_area_intersection_geojson
19001001019,23,001,,,23,1.000000000000,20,plan2_house,equal_area_intersection_geojson
19001001003,23,001,,,23,1.000000000000,20,plan2_house,equal_area_intersection_geojson
19001001003,47,001,,,47,0.000000000000,20,plan2_house,equal_area_intersection_geojson
19001001004,23,001,,,23,1.000000000000,20,plan2_house,equal_area_intersection_geojson
19001001004,47,001,,,47,0.000000000000,20,plan2_house,equal_area_intersection_geojson
19191191004,63,191,,,63,1.000000000000,20,plan2_house,equal_area_intersection_geojson
19191191004,64,191,,,64,0.000000000000,20,plan2_house,equal_area_intersection_geojson
19191191009,63,191,,,63,1.000000000000,20,plan2_house,equal_area_intersection_geojson
19191191010,63,191,,,63,1.000000000000,20,plan2_house,equal_area_intersection_geojson
19191191022,63,191,,,63,1.000000000000,20,plan2_house,equal_area_intersection_geojson
19191191008,63,191,,,63,1.000000000000,20,plan2_house,equal_area_intersection_geojson
19191191005,63,191,,,63,1.000000000000,20,plan2_house,equal_area_intersection_geojson
19191191005,64,191,,,64,0.000000000000,20,plan2_house,equal_area_intersection_geojson
19191191015,63,191,,,63,1.000000000000,20,plan2_house,equal_area_intersection_geojson
19191191017,58,191,,,58,0.000000000000,20,plan2_house,equal_area_intersection_geojson
19191191017,63,191,,,63,1.000000000000,20,plan2_house,equal_area_intersection_geojson
19013013008,68,013,,,68,1.000000000000,20,plan2_house,equal_area_intersection_geojson
19013013005,68,013,,,68,1.000000000000,20,plan2_house,equal_area_intersection_geojson
19013013060,61,013,,,61,1.000000000000,20,plan2_house,equal_area_intersection_geojson
19013013060,62,013,,,62,0.000000000000,20,plan2_house,equal_area_intersection_geojson
19013013060,76,013,,,76,0.000000000000,20,plan2_house,equal_area_intersection_geojson
19013013014,67,013,,,67,0.000000000000,20,plan2_house,equal_area_intersection_geojson
19013013014,76,013,,,76,1.000000000000,20,plan2_house,equal_area_intersection_geojson
19013013047,61,013,,,61,1.000000000000,20,plan2_house,equal_area_intersection_geojson
19013013059,61,013,,,61,0.000000000000,20,plan2_house,equal_area_intersection_geojson
19013013059,62,013,,,62,1.000000000000,20,plan2_house,equal_area_intersection_geojson
19013013048,61,013,,,61,1.000000000000,20,plan2_house,equal_area_intersection_geojson
19013013048,76,013,,,76,0.000000000000,20,plan2_house,equal_area_intersection_geojson
19013013049,61,013,,,61,1.000000000000,20,plan2_house,equal_area_intersection_geojson
19013013049,76,013,,,76,0.000000000000,20,plan2_house,equal_area_intersection_geojson
19013013044,61,013,,,61,0.000000000000,20,plan2_house,equal_area_intersection_geojson
19013013044,76,013,,,76,1.000000000000,20,plan2_house,equal_area_intersection_geojson
19013013042,61,013,,,61,1.000000000000,20,plan2_house,equal_area_intersection_geojson
19013013042,62,013,,,62,0.000000000000,20,plan2_house,equal_area_intersection_geojson
19013013042,76,013,,,76,0.000000000000,20,plan2_house,equal_area_intersection_geojson
19013013051,62,013,,,62,1.000000000000,20,plan2_house,equal_area_intersection_geojson
19013013051,68,013,,,68,0.000000000000,20,plan2_house,equal_area_intersection_geojson
19013013051,75,013,,,75,0.000000000000,20,plan2_house,equal_area_intersection_geojson
19013013062,61,013,,,61,1.000000000000,20,plan2_house,equal_area_intersection_geojson
19013013062,68,013,,,68,0.000000000000,20,plan2_house,equal_area_intersection_geojson
19013013062,76,013,,,76,0.000000000000,20,plan2_house,equal_area_intersection_geojson
19013013019,54,013,,,54,1.000000000000,20,plan2_house,equal_area_intersection_geojson
19013013019,76,013,,,76,0.000000000000,20,plan2_house,equal_area_intersection_geojson
19013013020,54,013,,,54,0.000000000000,20,plan2_house,equal_area_intersection_geojson
19013013020,76,013,,,76,1.000000000000,20,plan2_house,equal_area_intersection_geojson
19013013050,61,013,,,61,1.000000000000,20,plan2_house,equal_area_intersection_geojson
19013013050,76,013,,,76,0.000000000000,20,plan2_house,equal_area_intersection_geojson
19013013043,61,013,,,61,1.000000000000,20,plan2_house,equal_area_intersection_geojson
19013013043,76,013,,,76,0.000000000000,20,plan2_house,equal_area_intersection_geojson
19013013066,61,013,,,61,1.000000000000,20,plan2_house,equal_area_intersection_geojson
19013013039,62,013,,,62,1.000000000000,20,plan2_house,equal_area_intersection_geojson
19013013039,75,013,,,75,0.000000000000,20,plan2_house,equal_area_intersection_geojson
19013013040,61,013,,,61,0.000000000002,20,plan2_house,equal_area_intersection_geojson
19013013040,62,013,,,62,0.999999999998,20,plan2_house,equal_area_intersection_geojson
19013013040,76,013,,,76,0.000000000000,20,plan2_house,equal_area_intersection_geojson
19013013052,62,013,,,62,1.000000000000,20,plan2_house,equal_area_intersection_geojson
19013013052,68,013,,,68,0.000000000000,20,plan2_house,equal_area_intersection_geojson
19013013015,61,013,,,61,0.000000000000,20,plan2_house,equal_area_intersection_geojson
19013013015,76,013,,,76,1.000000000000,20,plan2_house,equal_area_intersection_geojson
19013013055,61,013,,,61,0.000000000000,20,plan2_house,equal_area_intersection_geojson
19013013055,62,013,,,62,1.000000000000,20,plan2_house,equal_area_intersection_geojson
19013013063,61,013,,,61,0.000000000000,20,plan2_house,equal_area_intersection_geojson
19013013063,62,013,,,62,1.000000000000,20,plan2_house,equal_area_intersection_geojson
19013013064,61,013,,,61,0.000000000001,20,plan2_house,equal_area_intersection_geojson
19013013064,62,013,,,62,0.999999999999,20,plan2_house,equal_area_intersection_geojson
19013013024,75,013,,,75,1.000000000000,20,plan2_house,equal_area_intersection_geojson
19013013021,54,013,,,54,1.000000000000,20,plan2_house,equal_area_intersection_geojson
19013013021,75,013,,,75,0.000000000000,20,plan2_house,equal_area_intersection_geojson
19013013021,76,013,,,76,0.000000000000,20,plan2_house,equal_area_intersection_geojson
19013013017,76,013,,,76,1.000000000000,20,plan2_house,equal_area_intersection_geojson
19013013037,68,013,,,68,0.000000000000,20,plan2_house,equal_area_intersection_geojson
19013013037,76,013,,,76,1.000000000000,20,plan2_house,equal_area_intersection_geojson
19013013009,61,013,,,61,0.000000000000,20,plan2_house,equal_area_intersection_geojson
19013013009,62,013,,,62,0.000000000000,20,plan2_house,equal_area_intersection_geojson
19013013009,68,013,,,68,1.000000000000,20,plan2_house,equal_area_intersection_geojson
19013013009,76,013,,,76,0.000000000000,20,plan2_house,equal_area_intersection_geojson
19013013038,61,013,,,61,0.000000000000,20,plan2_house,equal_area_intersection_geojson
19013013038,68,013,,,68,0.000000000000,20,plan2_house,equal_area_intersection_geojson
19013013038,76,013,,,76,1.000000000000,20,plan2_house,equal_area_intersection_geojson
19013013068,61,013,,,61,1.000000000000,20,plan2_house,equal_area_intersection_geojson
19013013032,75,013,,,75,1.000000000000,20,plan2_house,equal_area_intersection_geojson
19013013032,76,013,,,76,0.000000000000,20,plan2_house,equal_area_intersection_geojson
19013013031,62,013,,,62,0.000000000000,20,plan2_house,equal_area_intersection_geojson
19013013031,75,013,,,75,1.000000000000,20,plan2_house,equal_area_intersection_geojson
19013013031,76,013,,,76,0.000000000000,20,plan2_house,equal_area_intersection_geojson
19013013026,54,013,,,54,0.000000000000,20,plan2_house,equal_area_intersection_geojson
19013013026,75,013,,,75,0.000000000000,20,plan2_house,equal_area_intersection_geojson
19013013026,76,013,,,76,1.000000000000,20,plan2_house,equal_area_intersection_geojson
19013013036,75,013,,,75,0.999999999999,20,plan2_house,equal_area_intersection_geojson
19013013036,76,013,,,76,0.000000000001,20,plan2_house,equal_area_intersection_geojson
19013013027,61,013,,,61,0.000000000000,20,plan2_house,equal_area_intersection_geojson
19013013027,62,013,,,62,0.000000000000,20,plan2_house,equal_area_intersection_geojson
19013013027,75,013,,,75,0.000000000000,20,plan2_house,equal_area_intersection_geojson
19013013027,76,013,,,76,1.000000000000,20,plan2_house,equal_area_intersection_geojson
19013013022,54,013,,,54,0.000000000000,20,plan2_house,equal_area_intersection_geojson
19013013022,62,013,,,62,0.000000000000,20,plan2_house,equal_area_intersection_geojson
19013013022,68,013,,,68,0.000000000000,20,plan2_house,equal_area_intersection_geojson
19013013022,75,013,,,75,1.000000000000,20,plan2_house,equal_area_intersection_geojson
19013013011,67,013,,,67,0.000000000000,20,plan2_house,equal_area_intersection_geojson
19013013011,68,013,,,68,1.000000000000,20,plan2_house,equal_area_intersection_geojson
19013013011,76,013,,,76,0.000000000000,20,plan2_house,equal_area_intersection_geojson
19013013041,61,013,,,61,0.000000000000,20,plan2_house,equal_area_intersection_geojson
19013013041,62,013,,,62,1.000000000000,20,plan2_house,equal_area_intersection_geojson
19013013033,75,013,,,75,0.999999999999,20,plan2_house,equal_area_intersection_geojson
19013013033,76,013,,,76,0.000000000001,20,plan2_house,equal_area_intersection_geojson
19013013012,67,013,,,67,0.000000000000,20,plan2_house,equal_area_intersection_geojson
19013013012,68,013,,,68,1.000000000000,20,plan2_house,equal_area_intersection_geojson
19013013061,61,013,,,61,0.000000000000,20,plan2_house,equal_area_intersection_geojson
19013013061,62,013,,,62,1.000000000000,20,plan2_house,equal_area_intersection_geojson
19013013061,68,013,,,68,0.000000000000,20,plan2_house,equal_area_intersection_geojson
19013013056,62,013,,,62,1.000000000000,20,plan2_house,equal_area_intersection_geojson
19013013054,62,013,,,62,1.000000000000,20,plan2_house,equal_area_intersection_geojson
19013013067,61,013,,,61,1.000000000000,20,plan2_house,equal_area_intersection_geojson
19013013053,62,013,,,62,1.000000000000,20,plan2_house,equal_area_intersection_geojson
19013013035,75,013,,,75,1.000000000000,20,plan2_house,equal_area_intersection_geojson
19013013034,62,013,,,62,0.000000000000,20,plan2_house,equal_area_intersection_geojson
19013013034,75,013,,,75,1.000000000000,20,plan2_house,equal_area_intersection_geojson
19013013034,76,013,,,76,0.000000000000,20,plan2_house,equal_area_intersection_geojson
19013013029,54,013,,,54,0.000000000000,20,plan2_house,equal_area_intersection_geojson
19013013029,75,013,,,75,1.000000000000,20,plan2_house,equal_area_intersection_geojson
19013013006,68,013,,,68,1.000000000000,20,plan2_house,equal_area_intersection_geojson
19013013025,54,013,,,54,0.000000000000,20,plan2_house,equal_area_intersection_geojson
19013013025,75,013,,,75,1.000000000000,20,plan2_house,equal_area_intersection_geojson
19013013025,76,013,,,76,0.000000000000,20,plan2_house,equal_area_intersection_geojson
19013013058,62,013,,,62,1.000000000000,20,plan2_house,equal_area_intersection_geojson
19013013007,68,013,,,68,1.000000000000,20,plan2_house,equal_area_intersection_geojson
19013013028,75,013,,,75,1.000000000000,20,plan2_house,equal_area_intersection_geojson
19013013057,62,013,,,62,1.000000000000,20,plan2_house,equal_area_intersection_geojson
19013013023,75,013,,,75,1.000000000000,20,plan2_house,equal_area_intersection_geojson
19013013018,54,013,,,54,1.000000000000,20,plan2_house,equal_area_intersection_geojson
19013013018,76,013,,,76,0.000000000000,20,plan2_house,equal_area_intersection_geojson
19013013004,54,013,,,54,0.000000000000,20,plan2_house,equal_area_intersection_geojson
19013013004,62,013,,,62,0.000000000000,20,plan2_house,equal_area_intersection_geojson
19013013004,68,013,,,68,1.000000000000,20,plan2_house,equal_area_intersection_geojson
19013013004,75,013,,,75,0.000000000000,20,plan2_house,equal_area_intersection_geojson
19013013016,61,013,,,61,0.000000000000,20,plan2_house,equal_area_intersection_geojson
19013013016,76,013,,,76,1.000000000000,20,plan2_house,equal_area_intersection_geojson
19013013065,61,013,,,61,1.000000000000,20,plan2_house,equal_area_intersection_geojson
19013013065,62,013,,,62,0.000000000000,20,plan2_house,equal_area_intersection_geojson
19013013010,68,013,,,68,0.000000000000,20,plan2_house,equal_area_intersection_geojson
19013013010,76,013,,,76,1.000000000000,20,plan2_house,equal_area_intersection_geojson
19013013069,68,013,,,68,1.000000000000,20,plan2_house,equal_area_intersection_geojson
19013013069,76,013,,,76,0.000000000000,20,plan2_house,equal_area_intersection_geojson
19013013013,68,013,,,68,0.000000000000,20,plan2_house,equal_area_intersection_geojson
19013013013,76,013,,,76,1.000000000000,20,plan2_house,equal_area_intersection_geojson
19013013001,54,013,,,54,1.000000000000,20,plan2_house,equal_area_intersection_geojson
19013013001,57,013,,,57,0.000000000000,20,plan2_house,equal_area_intersection_geojson
19013013001,75,013,,,75,0.000000000000,20,plan2_house,equal_area_intersection_geojson
19013013002,54,013,,,54,1.000000000000,20,plan2_house,equal_area_intersection_geojson
19013013002,68,013,,,68,0.000000000000,20,plan2_house,equal_area_intersection_geojson
19013013002,75,013,,,75,0.000000000000,20,plan2_house,equal_area_intersection_geojson
19013013003,54,013,,,54,1.000000000000,20,plan2_house,equal_area_intersection_geojson
19013013003,57,013,,,57,0.000000000000,20,plan2_house,equal_area_intersection_geojson
19013013046,61,013,,,61,1.000000000000,20,plan2_house,equal_area_intersection_geojson
19013013045,61,013,,,61,1.000000000000,20,plan2_house,equal_area_intersection_geojson
19013013030,75,013,,,75,1.000000000000,20,plan2_house,equal_area_intersection_geojson
19191191023,63,191,,,63,1.000000000000,20,plan2_house,equal_area_intersection_geojson
19191191023,64,191,,,64,0.000000000000,20,plan2_house,equal_area_intersection_geojson
19191191007,63,191,,,63,1.000000000000,20,plan2_house,equal_area_intersection_geojson
19191191002,63,191,,,63,1.000000000000,20,plan2_house,equal_area_intersection_geojson
19191191016,63,191,,,63,1.000000000000,20,plan2_house,equal_area_intersection_geojson
19191191021,63,191,,,63,1.000000000000,20,plan2_house,equal_area_intersection_geojson
19191191020,63,191,,,63,1.000000000000,20,plan2_house,equal_area_intersection_geojson
19191191006,63,191,,,63,1.000000000000,20,plan2_house,equal_area_intersection_geojson
19191191013,63,191,,,63,1.000000000000,20,plan2_house,equal_area_intersection_geojson
19191191011,63,191,,,63,1.000000000000,20,plan2_house,equal_area_intersection_geojson
19191191014,63,191,,,63,1.000000000000,20,plan2_house,equal_area_intersection_geojson
19191191014,64,191,,,64,0.000000000000,20,plan2_house,equal_area_intersection_geojson
19191191001,63,191,,,63,1.000000000000,20,plan2_house,equal_area_intersection_geojson
19191191012,63,191,,,63,1.000000000000,20,plan2_house,equal_area_intersection_geojson
19191191012,64,191,,,64,0.000000000000,20,plan2_house,equal_area_intersection_geojson
19191191003,63,191,,,63,1.000000000000,20,plan2_house,equal_area_intersection_geojson
19191191018,58,191,,,58,0.000000000000,20,plan2_house,equal_area_intersection_geojson
19191191018,63,191,,,63,1.000000000000,20,plan2_house,equal_area_intersection_geojson
19191191019,63,191,,,63,1.000000000000,20,plan2_house,equal_area_intersection_geojson
19183183015,88,183,,,88,0.000000000000,20,plan2_house,equal_area_intersection_geojson
19183183015,92,183,,,92,1.000000000000,20,plan2_house,equal_area_intersection_geojson
19183183016,92,183,,,92,1.000000000000,20,plan2_house,equal_area_intersection_geojson
19183183006,92,183,,,92,1.000000000000,20,plan2_house,equal_area_intersection_geojson
19183183017,88,183,,,88,0.000000000000,20,plan2_house,equal_area_intersection_geojson
19183183017,92,183,,,92,1.000000000000,20,plan2_house,equal_area_intersection_geojson
19183183012,92,183,,,92,1.000000000000,20,plan2_house,equal_area_intersection_geojson
19183183012,95,183,,,95,0.000000000000,20,plan2_house,equal_area_intersection_geojson
19183183008,88,183,,,88,0.000000000000,20,plan2_house,equal_area_intersection_geojson
19183183008,92,183,,,92,1.000000000000,20,plan2_house,equal_area_intersection_geojson
19183183002,91,183,,,91,0.000000000000,20,plan2_house,equal_area_intersection_geojson
19183183002,92,183,,,92,1.000000000000,20,plan2_house,equal_area_intersection_geojson
19183183010,92,183,,,92,1.000000000000,20,plan2_house,equal_area_intersection_geojson
19183183009,92,183,,,92,1.000000000000,20,plan2_house,equal_area_intersection_geojson
19183183004,92,183,,,92,1.000000000000,20,plan2_house,equal_area_intersection_geojson
19183183004,95,183,,,95,0.000000000000,20,plan2_house,equal_area_intersection_geojson
19183183003,92,183,,,92,1.000000000000,20,plan2_house,equal_area_intersection_geojson
19183183005,92,183,,,92,1.000000000000,20,plan2_house,equal_area_intersection_geojson
19183183001,88,183,,,88,0.000000000000,20,plan2_house,equal_area_intersection_geojson
19183183001,91,183,,,91,0.000000000000,20,plan2_house,equal_area_intersection_geojson
19183183001,92,183,,,92,1.000000000000,20,plan2_house,equal_area_intersection_geojson
19183183013,88,183,,,88,0.000000000000,20,plan2_house,equal_area_intersection_geojson
19183183013,92,183,,,92,1.000000000000,20,plan2_house,equal_area_intersection_geojson
19183183013,95,183,,,95,0.000000000000,20,plan2_house,equal_area_intersection_geojson
19183183014,88,183,,,88,0.000000000000,20,plan2_house,equal_area_intersection_geojson
19183183014,92,183,,,92,1.000000000000,20,plan2_house,equal_area_intersection_geojson
19183183014,95,183,,,95,0.000000000000,20,plan2_house,equal_area_intersection_geojson
19183183011,92,183,,,92,1.000000000000,20,plan2_house,equal_area_intersection_geojson
19183183011,95,183,,,95,0.000000000000,20,plan2_house,equal_area_intersection_geojson
19183183007,88,183,,,88,0.000000000000,20,plan2_house,equal_area_intersection_geojson
19183183007,92,183,,,92,1.000000000000,20,plan2_house,equal_area_intersection_geojson
19183183018,92,183,,,92,1.000000000000,20,plan2_house,equal_area_intersection_geojson
19187187003,56,187,,,56,0.000000000000,20,plan2_house,equal_area_intersection_geojson
19187187003,7,187,,,7,0.000000000000,20,plan2_house,equal_area_intersection_geojson
19187187003,8,187,,,8,1.000000000000,20,plan2_house,equal_area_intersection_geojson
19187187019,7,187,,,7,0.000000000000,20,plan2_house,equal_area_intersection_geojson
19187187019,8,187,,,8,1.000000000000,20,plan2_house,equal_area_intersection_geojson
19187187020,7,187,,,7,1.000000000000,20,plan2_house,equal_area_intersection_geojson
19187187020,8,187,,,8,0.000000000000,20,plan2_house,equal_area_intersection_geojson
19187187005,55,187,,,55,0.000000000000,20,plan2_house,equal_area_intersection_geojson
19187187005,8,187,,,8,1.000000000000,20,plan2_house,equal_area_intersection_geojson
19187187014,8,187,,,8,1.000000000000,20,plan2_house,equal_area_intersection_geojson
19187187016,55,187,,,55,0.000000000000,20,plan2_house,equal_area_intersection_geojson
19187187016,7,187,,,7,0.000000000000,20,plan2_house,equal_area_intersection_geojson
19187187016,8,187,,,8,1.000000000000,20,plan2_house,equal_area_intersection_geojson
19187187018,8,187,,,8,1.000000000000,20,plan2_house,equal_area_intersection_geojson
19187187006,8,187,,,8,1.000000000000,20,plan2_house,equal_area_intersection_geojson
19187187028,8,187,,,8,1.000000000000,20,plan2_house,equal_area_intersection_geojson
19187187025,48,187,,,48,0.000000000000,20,plan2_house,equal_area_intersection_geojson
19187187025,7,187,,,7,1.000000000000,20,plan2_house,equal_area_intersection_geojson
19187187025,8,187,,,8,0.000000000000,20,plan2_house,equal_area_intersection_geojson
19187187002,56,187,,,56,0.000000000000,20,plan2_house,equal_area_intersection_geojson
19187187002,7,187,,,7,1.000000000000,20,plan2_house,equal_area_intersection_geojson
19187187002,8,187,,,8,0.000000000000,20,plan2_house,equal_area_intersection_geojson
19187187007,7,187,,,7,0.000000000000,20,plan2_house,equal_area_intersection_geojson
19187187007,8,187,,,8,1.000000000000,20,plan2_house,equal_area_intersection_geojson
19187187010,7,187,,,7,0.000000000000,20,plan2_house,equal_area_intersection_geojson
19187187010,8,187,,,8,1.000000000000,20,plan2_house,equal_area_intersection_geojson
19187187037,8,187,,,8,1.000000000000,20,plan2_house,equal_area_intersection_geojson
19187187036,8,187,,,8,1.000000000000,20,plan2_house,equal_area_intersection_geojson
19187187034,8,187,,,8,1.000000000000,20,plan2_house,equal_area_intersection_geojson
19187187033,8,187,,,8,1.000000000000,20,plan2_house,equal_area_intersection_geojson
19187187035,8,187,,,8,1.000000000000,20,plan2_house,equal_area_intersection_geojson
19187187031,8,187,,,8,1.000000000000,20,plan2_house,equal_area_intersection_geojson
19187187030,8,187,,,8,1.000000000000,20,plan2_house,equal_area_intersection_geojson
19187187029,8,187,,,8,1.000000000000,20,plan2_house,equal_area_intersection_geojson
19187187009,7,187,,,7,1.000000000000,20,plan2_house,equal_area_intersection_geojson
19187187009,8,187,,,8,0.000000000000,20,plan2_house,equal_area_intersection_geojson
19187187038,8,187,,,8,1.000000000000,20,plan2_house,equal_area_intersection_geojson
19187187032,8,187,,,8,1.000000000000,20,plan2_house,equal_area_intersection_geojson
19187187022,47,187,,,47,0.000000000000,20,plan2_house,equal_area_intersection_geojson
19187187022,7,187,,,7,1.000000000000,20,plan2_house,equal_area_intersection_geojson
19187187024,7,187,,,7,1.000000000000,20,plan2_house,equal_area_intersection_geojson
19187187026,48,187,,,48,0.000000000000,20,plan2_house,equal_area_intersection_geojson
19187187026,55,187,,,55,0.000000000000,20,plan2_house,equal_area_intersection_geojson
19187187026,7,187,,,7,0.000000000000,20,plan2_house,equal_area_intersection_geojson
19187187026,8,187,,,8,1.000000000000,20,plan2_house,equal_area_intersection_geojson
19187187001,7,187,,,7,1.000000000000,20,plan2_house,equal_area_intersection_geojson
19187187039,8,187,,,8,1.000000000000,20,plan2_house,equal_area_intersection_geojson
19187187008,7,187,,,7,1.000000000000,20,plan2_house,equal_area_intersection_geojson
19187187008,8,187,,,8,0.000000000000,20,plan2_house,equal_area_intersection_geojson
19187187023,47,187,,,47,0.000000000000,20,plan2_house,equal_area_intersection_geojson
19187187023,7,187,,,7,1.000000000000,20,plan2_house,equal_area_intersection_geojson
19187187040,7,187,,,7,1.000000000000,20,plan2_house,equal_area_intersection_geojson
19187187004,56,187,,,56,0.000000000000,20,plan2_house,equal_area_intersection_geojson
19187187004,8,187,,,8,1.000000000000,20,plan2_house,equal_area_intersection_geojson
19187187011,8,187,,,8,1.000000000000,20,plan2_house,equal_area_intersection_geojson
19187187012,8,187,,,8,1.000000000000,20,plan2_house,equal_area_intersection_geojson
19187187021,7,187,,,7,1.000000000000,20,plan2_house,equal_area_intersection_geojson
19187187017,8,187,,,8,1.000000000000,20,plan2_house,equal_area_intersection_geojson
19187187013,55,187,,,55,0.000000000000,20,plan2_house,equal_area_intersection_geojson
19187187013,8,187,,,8,1.000000000000,20,plan2_house,equal_area_intersection_geojson
19187187015,55,187,,,55,0.000000000000,20,plan2_house,equal_area_intersection_geojson
19187187015,8,187,,,8,1.000000000000,20,plan2_house,equal_area_intersection_geojson
19187187027,55,187,,,55,0.000000000000,20,plan2_house,equal_area_intersection_geojson
19187187027,8,187,,,8,1.000000000000,20,plan2_house,equal_area_intersection_geojson
19009009012,11,009,,,11,1.000000000000,20,plan2_house,equal_area_intersection_geojson
19009009012,18,009,,,18,0.000000000000,20,plan2_house,equal_area_intersection_geojson
19009009012,47,009,,,47,0.000000000000,20,plan2_house,equal_area_intersection_geojson
19009009003,11,009,,,11,1.000000000000,20,plan2_house,equal_area_intersection_geojson
19009009008,11,009,,,11,1.000000000000,20,plan2_house,equal_area_intersection_geojson
19009009013,11,009,,,11,1.000000000000,20,plan2_house,equal_area_intersection_geojson
19009009013,18,009,,,18,0.000000000000,20,plan2_house,equal_area_intersection_geojson
19009009006,11,009,,,11,1.000000000000,20,plan2_house,equal_area_intersection_geojson
19009009011,11,009,,,11,1.000000000000,20,plan2_house,equal_area_intersection_geojson
19009009011,47,009,,,47,0.000000000000,20,plan2_house,equal_area_intersection_geojson
19009009010,11,009,,,11,1.000000000000,20,plan2_house,equal_area_intersection_geojson
19009009007,11,009,,,11,1.000000000000,20,plan2_house,equal_area_intersection_geojson
19009009001,11,009,,,11,1.000000000000,20,plan2_house,equal_area_intersection_geojson
19009009001,12,009,,,12,0.000000000000,20,plan2_house,equal_area_intersection_geojson
19009009002,11,009,,,11,1.000000000000,20,plan2_house,equal_area_intersection_geojson
19009009005,11,009,,,11,1.000000000000,20,plan2_house,equal_area_intersection_geojson
19009009005,47,009,,,47,0.000000000000,20,plan2_house,equal_area_intersection_geojson
19009009014,11,009,,,11,1.000000000000,20,plan2_house,equal_area_intersection_geojson
19009009014,18,009,,,18,0.000000000000,20,plan2_house,equal_area_intersection_geojson
19009009009,11,009,,,11,1.000000000000,20,plan2_house,equal_area_intersection_geojson
19009009004,11,009,,,11,1.000000000000,20,plan2_house,equal_area_intersection_geojson
19009009004,47,009,,,47,0.000000000000,20,plan2_house,equal_area_intersection_geojson
19161161012,7,161,,,7,1.000000000000,20,plan2_house,equal_area_intersection_geojson
19161161010,12,161,,,12,0.000000000000,20,plan2_house,equal_area_intersection_geojson
19161161010,7,161,,,7,1.000000000000,20,plan2_house,equal_area_intersection_geojson
19161161014,7,161,,,7,1.000000000000,20,plan2_house,equal_area_intersection_geojson
19161161003,6,161,,,6,0.000000000000,20,plan2_house,equal_area_intersection_geojson
19161161003,7,161,,,7,1.000000000000,20,plan2_house,equal_area_intersection_geojson
19161161004,6,161,,,6,0.000000000000,20,plan2_house,equal_area_intersection_geojson
19161161004,7,161,,,7,1.000000000000,20,plan2_house,equal_area_intersection_geojson
19161161020,7,161,,,7,1.000000000000,20,plan2_house,equal_area_intersection_geojson
19161161002,6,161,,,6,0.000000000000,20,plan2_house,equal_area_intersection_geojson
19161161002,7,161,,,7,1.000000000000,20,plan2_house,equal_area_intersection_geojson
19157157007,53,157,,,53,1.000000000000,20,plan2_house,equal_area_intersection_geojson
19157157001,38,157,,,38,0.000000000000,20,plan2_house,equal_area_intersection_geojson
19157157001,53,157,,,53,1.000000000000,20,plan2_house,equal_area_intersection_geojson
19157157014,53,157,,,53,1.000000000000,20,plan2_house,equal_area_intersection_geojson
19157157014,88,157,,,88,0.000000000000,20,plan2_house,equal_area_intersection_geojson
19157157014,91,157,,,91,0.000000000000,20,plan2_house,equal_area_intersection_geojson
19157157010,38,157,,,38,0.000000000000,20,plan2_house,equal_area_intersection_geojson
19157157010,53,157,,,53,1.000000000000,20,plan2_house,equal_area_intersection_geojson
19157157009,38,157,,,38,0.000000000000,20,plan2_house,equal_area_intersection_geojson
19157157009,53,157,,,53,1.000000000000,20,plan2_house,equal_area_intersection_geojson
19157157015,53,157,,,53,1.000000000000,20,plan2_house,equal_area_intersection_geojson
19157157015,88,157,,,88,0.000000000000,20,plan2_house,equal_area_intersection_geojson
19157157004,53,157,,,53,1.000000000000,20,plan2_house,equal_area_intersection_geojson
19157157004,91,157,,,91,0.000000000000,20,plan2_house,equal_area_intersection_geojson
19157157013,53,157,,,53,1.000000000000,20,plan2_house,equal_area_intersection_geojson
19157157013,91,157,,,91,0.000000000000,20,plan2_house,equal_area_intersection_geojson
19157157003,53,157,,,53,1.000000000000,20,plan2_house,equal_area_intersection_geojson
19157157008,53,157,,,53,1.000000000000,20,plan2_house,equal_area_intersection_geojson
19157157011,53,157,,,53,1.000000000000,20,plan2_house,equal_area_intersection_geojson
19157157012,53,157,,,53,1.000000000000,20,plan2_house,equal_area_intersection_geojson
19157157002,53,157,,,53,1.000000000000,20,plan2_house,equal_area_intersection_geojson
19157157018,38,157,,,38,0.000000000000,20,plan2_house,equal_area_intersection_geojson
19157157018,53,157,,,53,1.000000000000,20,plan2_house,equal_area_intersection_geojson
19157157018,88,157,,,88,0.000000000000,20,plan2_house,equal_area_intersection_geojson
19157157017,53,157,,,53,1.000000000000,20,plan2_house,equal_area_intersection_geojson
19157157017,88,157,,,88,0.000000000000,20,plan2_house,equal_area_intersection_geojson
19157157005,53,157,,,53,1.000000000000,20,plan2_house,equal_area_intersection_geojson
19157157005,91,157,,,91,0.000000000000,20,plan2_house,equal_area_intersection_geojson
19157157016,53,157,,,53,0.999999999997,20,plan2_house,equal_area_intersection_geojson
19157157016,88,157,,,88,0.000000000003,20,plan2_house,equal_area_intersection_geojson
19157157006,53,157,,,53,0.999999999998,20,plan2_house,equal_area_intersection_geojson
19157157006,91,157,,,91,0.000000000002,20,plan2_house,equal_area_intersection_geojson
19151151017,7,151,,,7,1.000000000000,20,plan2_house,equal_area_intersection_geojson
19151151019,6,151,,,6,0.000000000000,20,plan2_house,equal_area_intersection_geojson
19151151019,7,151,,,7,1.000000000000,20,plan2_house,equal_area_intersection_geojson
19151151001,10,151,,,10,0.000000000000,20,plan2_house,equal_area_intersection_geojson
19151151001,6,151,,,6,0.000000000000,20,plan2_house,equal_area_intersection_geojson
19151151001,7,151,,,7,1.000000000000,20,plan2_house,equal_area_intersection_geojson
19151151008,7,151,,,7,1.000000000000,20,plan2_house,equal_area_intersection_geojson
19151151018,7,151,,,7,1.000000000000,20,plan2_house,equal_area_intersection_geojson
19151151002,10,151,,,10,0.000000000000,20,plan2_house,equal_area_intersection_geojson
19151151002,7,151,,,7,1.000000000000,20,plan2_house,equal_area_intersection_geojson
19151151004,10,151,,,10,0.000000000000,20,plan2_house,equal_area_intersection_geojson
19151151004,56,151,,,56,0.000000000000,20,plan2_house,equal_area_intersection_geojson
19151151004,7,151,,,7,1.000000000000,20,plan2_house,equal_area_intersection_geojson
19151151011,7,151,,,7,1.000000000000,20,plan2_house,equal_area_intersection_geojson
19151151005,56,151,,,56,0.000000000000,20,plan2_house,equal_area_intersection_geojson
19151151005,7,151,,,7,1.000000000000,20,plan2_house,equal_area_intersection_geojson
19151151012,7,151,,,7,1.000000000000,20,plan2_house,equal_area_intersection_geojson
19151151014,56,151,,,56,0.000000000000,20,plan2_house,equal_area_intersection_geojson
19151151014,7,151,,,7,1.000000000000,20,plan2_house,equal_area_intersection_geojson
19151151015,56,151,,,56,0.000000000001,20,plan2_house,equal_area_intersection_geojson
19151151015,7,151,,,7,0.999999999999,20,plan2_house,equal_area_intersection_geojson
19151151013,7,151,,,7,1.000000000000,20,plan2_house,equal_area_intersection_geojson
19151151016,7,151,,,7,1.000000000000,20,plan2_house,equal_area_intersection_geojson
19151151010,6,151,,,6,0.000000000000,20,plan2_house,equal_area_intersection_geojson
19151151010,7,151,,,7,1.000000000000,20,plan2_house,equal_area_intersection_geojson
19151151003,10,151,,,10,0.000000000000,20,plan2_house,equal_area_intersection_geojson
19151151003,7,151,,,7,1.000000000000,20,plan2_house,equal_area_intersection_geojson
19151151006,7,151,,,7,1.000000000000,20,plan2_house,equal_area_intersection_geojson
19151151007,7,151,,,7,1.000000000000,20,plan2_house,equal_area_intersection_geojson
19151151009,7,151,,,7,1.000000000000,20,plan2_house,equal_area_intersection_geojson
19161161009,7,161,,,7,1.000000000000,20,plan2_house,equal_area_intersection_geojson
19161161005,7,161,,,7,1.000000000000,20,plan2_house,equal_area_intersection_geojson
19161161001,12,161,,,12,0.000000000000,20,plan2_house,equal_area_intersection_geojson
19161161001,5,161,,,5,0.000000000000,20,plan2_house,equal_area_intersection_geojson
19161161001,7,161,,,7,1.000000000000,20,plan2_house,equal_area_intersection_geojson
19161161008,7,161,,,7,1.000000000000,20,plan2_house,equal_area_intersection_geojson
19161161007,7,161,,,7,1.000000000000,20,plan2_house,equal_area_intersection_geojson
19161161018,12,161,,,12,0.000000000000,20,plan2_house,equal_area_intersection_geojson
19161161018,7,161,,,7,1.000000000000,20,plan2_house,equal_area_intersection_geojson
19161161019,7,161,,,7,1.000000000000,20,plan2_house,equal_area_intersection_geojson
19161161011,7,161,,,7,1.000000000000,20,plan2_house,equal_area_intersection_geojson
19161161015,11,161,,,11,0.000000000000,20,plan2_house,equal_area_intersection_geojson
19161161015,7,161,,,7,1.000000000000,20,plan2_house,equal_area_intersection_geojson
19161161017,7,161,,,7,1.000000000000,20,plan2_house,equal_area_intersection_geojson
19161161016,11,161,,,11,0.000000000000,20,plan2_house,equal_area_intersection_geojson
19161161016,7,161,,,7,1.000000000000,20,plan2_house,equal_area_intersection_geojson
19161161013,7,161,,,7,1.000000000000,20,plan2_house,equal_area_intersection_geojson
19161161006,7,161,,,7,1.000000000000,20,plan2_house,equal_area_intersection_geojson
19039039010,23,039,,,23,1.000000000000,20,plan2_house,equal_area_intersection_geojson
19039039010,24,039,,,24,0.000000000000,20,plan2_house,equal_area_intersection_geojson
19039039013,24,039,,,24,1.000000000000,20,plan2_house,equal_area_intersection_geojson
19039039003,22,039,,,22,0.000000000000,20,plan2_house,equal_area_intersection_geojson
19039039003,24,039,,,24,1.000000000000,20,plan2_house,equal_area_intersection_geojson
19039039002,23,039,,,23,0.000000000000,20,plan2_house,equal_area_intersection_geojson
19039039002,24,039,,,24,1.000000000000,20,plan2_house,equal_area_intersection_geojson
19039039012,24,039,,,24,1.000000000000,20,plan2_house,equal_area_intersection_geojson
19039039005,24,039,,,24,1.000000000000,20,plan2_house,equal_area_intersection_geojson
19039039011,23,039,,,23,0.000000000000,20,plan2_house,equal_area_intersection_geojson
19039039011,24,039,,,24,1.000000000000,20,plan2_house,equal_area_intersection_geojson
19039039004,22,039,,,22,0.000000000000,20,plan2_house,equal_area_intersection_geojson
19039039004,24,039,,,24,1.000000000000,20,plan2_house,equal_area_intersection_geojson
19039039001,23,039,,,23,1.000000000000,20,plan2_house,equal_area_intersection_geojson
19039039001,24,039,,,24,0.000000000000,20,plan2_house,equal_area_intersection_geojson
19039039007,24,039,,,24,1.000000000000,20,plan2_house,equal_area_intersection_geojson
19039039006,24,039,,,24,1.000000000000,20,plan2_house,equal_area_intersection_geojson
19039039009,23,039,,,23,1.000000000000,20,plan2_house,equal_area_intersection_geojson
19039039009,24,039,,,24,0.000000000000,20,plan2_house,equal_area_intersection_geojson
19039039008,24,039,,,24,1.000000000000,20,plan2_house,equal_area_intersection_geojson
19165165003,11,165,,,11,0.000000000000,20,plan2_house,equal_area_intersection_geojson
19165165003,12,165,,,12,1.000000000000,20,plan2_house,equal_area_intersection_geojson
19165165005,12,165,,,12,1.000000000000,20,plan2_house,equal_area_intersection_geojson
19165165001,12,165,,,12,1.000000000000,20,plan2_house,equal_area_intersection_geojson
19165165013,11,165,,,11,0.000000000000,20,plan2_house,equal_area_intersection_geojson
19165165013,12,165,,,12,1.000000000000,20,plan2_house,equal_area_intersection_geojson
19165165015,11,165,,,11,1.000000000000,20,plan2_house,equal_area_intersection_geojson
19165165004,11,165,,,11,0.000000000000,20,plan2_house,equal_area_intersection_geojson
19165165004,12,165,,,12,1.000000000000,20,plan2_house,equal_area_intersection_geojson
19165165012,11,165,,,11,0.000000000000,20,plan2_house,equal_area_intersection_geojson
19165165012,12,165,,,12,1.000000000000,20,plan2_house,equal_area_intersection_geojson
19165165018,11,165,,,11,1.000000000000,20,plan2_house,equal_area_intersection_geojson
19165165018,16,165,,,16,0.000000000000,20,plan2_house,equal_area_intersection_geojson
19195195015,59,195,,,59,0.000000000000,20,plan2_house,equal_area_intersection_geojson
19195195015,60,195,,,60,1.000000000000,20,plan2_house,equal_area_intersection_geojson
19195195001,60,195,,,60,1.000000000000,20,plan2_house,equal_area_intersection_geojson
19195195001,9,195,,,9,0.000000000000,20,plan2_house,equal_area_intersection_geojson
19165165002,12,165,,,12,1.000000000000,20,plan2_house,equal_area_intersection_geojson
19165165009,12,165,,,12,1.000000000000,20,plan2_house,equal_area_intersection_geojson
19165165006,11,165,,,11,1.000000000000,20,plan2_house,equal_area_intersection_geojson
19165165006,12,165,,,12,0.000000000000,20,plan2_house,equal_area_intersection_geojson
19165165020,11,165,,,11,1.000000000000,20,plan2_house,equal_area_intersection_geojson
19165165020,12,165,,,12,0.000000000000,20,plan2_house,equal_area_intersection_geojson
19165165020,15,165,,,15,0.000000000000,20,plan2_house,equal_area_intersection_geojson
19165165021,11,165,,,11,1.000000000000,20,plan2_house,equal_area_intersection_geojson
19195195006,60,195,,,60,1.000000000000,20,plan2_house,equal_area_intersection_geojson
19195195010,60,195,,,60,1.000000000000,20,plan2_house,equal_area_intersection_geojson
19195195009,60,195,,,60,1.000000000000,20,plan2_house,equal_area_intersection_geojson
19195195013,60,195,,,60,1.000000000000,20,plan2_house,equal_area_intersection_geojson
19195195014,60,195,,,60,1.000000000000,20,plan2_house,equal_area_intersection_geojson
19195195016,59,195,,,59,0.000000000000,20,plan2_house,equal_area_intersection_geojson
19195195016,60,195,,,60,1.000000000000,20,plan2_house,equal_area_intersection_geojson
19195195005,60,195,,,60,1.000000000000,20,plan2_house,equal_area_intersection_geojson
19165165011,11,165,,,11,0.000000000000,20,plan2_house,equal_area_intersection_geojson
19165165011,12,165,,,12,1.000000000000,20,plan2_house,equal_area_intersection_geojson
19165165011,15,165,,,15,0.000000000000,20,plan2_house,equal_area_intersection_geojson
19195195011,60,195,,,60,1.000000000000,20,plan2_house,equal_area_intersection_geojson
19195195011,9,195,,,9,0.000000000000,20,plan2_house,equal_area_intersection_geojson
19195195012,60,195,,,60,1.000000000000,20,plan2_house,equal_area_intersection_geojson
19195195004,60,195,,,60,1.000000000000,20,plan2_house,equal_area_intersection_geojson
19195195003,60,195,,,60,1.000000000000,20,plan2_house,equal_area_intersection_geojson
19195195002,60,195,,,60,1.000000000000,20,plan2_house,equal_area_intersection_geojson
19195195007,60,195,,,60,1.000000000000,20,plan2_house,equal_area_intersection_geojson
19165165014,11,165,,,11,1.000000000000,20,plan2_house,equal_area_intersection_geojson
19165165014,12,165,,,12,0.000000000000,20,plan2_house,equal_area_intersection_geojson
19165165016,11,165,,,11,1.000000000000,20,plan2_house,equal_area_intersection_geojson
19165165016,18,165,,,18,0.000000000000,20,plan2_house,equal_area_intersection_geojson
19165165017,11,165,,,11,1.000000000000,20,plan2_house,equal_area_intersection_geojson
19165165007,11,165,,,11,1.000000000000,20,plan2_house,equal_area_intersection_geojson
19165165007,12,165,,,12,0.000000000000,20,plan2_house,equal_area_intersection_geojson
19165165019,11,165,,,11,1.000000000000,20,plan2_house,equal_area_intersection_geojson
19165165019,12,165,,,12,0.000000000000,20,plan2_house,equal_area_intersection_geojson
19165165010,12,165,,,12,1.000000000000,20,plan2_house,equal_area_intersection_geojson
19165165010,15,165,,,15,0.000000000000,20,plan2_house,equal_area_intersection_geojson
19165165008,11,165,,,11,0.000000000000,20,plan2_house,equal_area_intersection_geojson
19165165008,12,165,,,12,1.000000000000,20,plan2_house,equal_area_intersection_geojson
19165165022,11,165,,,11,1.000000000000,20,plan2_house,equal_area_intersection_geojson
19165165022,12,165,,,12,0.000000000000,20,plan2_house,equal_area_intersection_geojson
19057057005,95,057,,,95,1.000000000000,20,plan2_house,equal_area_intersection_geojson
19057057015,95,057,,,95,0.000000000000,20,plan2_house,equal_area_intersection_geojson
19057057015,99,057,,,99,1.000000000000,20,plan2_house,equal_area_intersection_geojson
19057057019,99,057,,,99,1.000000000000,20,plan2_house,equal_area_intersection_geojson
19057057016,95,057,,,95,0.000672516395,20,plan2_house,equal_area_intersection_geojson
19057057016,99,057,,,99,0.999327483605,20,plan2_house,equal_area_intersection_geojson
19057057018,99,057,,,99,1.000000000000,20,plan2_house,equal_area_intersection_geojson
19057057017,99,057,,,99,1.000000000000,20,plan2_house,equal_area_intersection_geojson
19057057020,99,057,,,99,1.000000000000,20,plan2_house,equal_area_intersection_geojson
19057057023,99,057,,,99,1.000000000000,20,plan2_house,equal_area_intersection_geojson
19057057021,99,057,,,99,1.000000000000,20,plan2_house,equal_area_intersection_geojson
19057057022,99,057,,,99,1.000000000000,20,plan2_house,equal_area_intersection_geojson
19057057012,99,057,,,99,1.000000000000,20,plan2_house,equal_area_intersection_geojson
19057057008,99,057,,,99,1.000000000000,20,plan2_house,equal_area_intersection_geojson
19057057002,95,057,,,95,1.000000000000,20,plan2_house,equal_area_intersection_geojson
19057057010,95,057,,,95,1.000000000000,20,plan2_house,equal_area_intersection_geojson
19057057006,95,057,,,95,1.000000000000,20,plan2_house,equal_area_intersection_geojson
19057057003,95,057,,,95,1.000000000000,20,plan2_house,equal_area_intersection_geojson
19057057004,95,057,,,95,1.000000000000,20,plan2_house,equal_area_intersection_geojson
19057057009,95,057,,,95,1.000000000000,20,plan2_house,equal_area_intersection_geojson
19057057009,99,057,,,99,0.000000000000,20,plan2_house,equal_area_intersection_geojson
19057057007,95,057,,,95,1.000000000000,20,plan2_house,equal_area_intersection_geojson
19057057007,99,057,,,99,0.000000000000,20,plan2_house,equal_area_intersection_geojson
19057057011,95,057,,,95,1.000000000000,20,plan2_house,equal_area_intersection_geojson
19057057011,99,057,,,99,0.000000000000,20,plan2_house,equal_area_intersection_geojson
19057057013,95,057,,,95,0.000000000000,20,plan2_house,equal_area_intersection_geojson
19057057013,99,057,,,99,1.000000000000,20,plan2_house,equal_area_intersection_geojson
19057057001,95,057,,,95,1.000000000000,20,plan2_house,equal_area_intersection_geojson
19057057014,95,057,,,95,0.000000000000,20,plan2_house,equal_area_intersection_geojson
19057057014,99,057,,,99,1.000000000000,20,plan2_house,equal_area_intersection_geojson
19061061024,65,061,,,65,0.000000000000,20,plan2_house,equal_area_intersection_geojson
19061061024,66,061,,,66,0.000000000000,20,plan2_house,equal_area_intersection_geojson
19061061024,67,061,,,67,1.000000000000,20,plan2_house,equal_area_intersection_geojson
19061061025,65,061,,,65,0.000000000000,20,plan2_house,equal_area_intersection_geojson
19061061025,66,061,,,66,0.000000000000,20,plan2_house,equal_area_intersection_geojson
19061061025,67,061,,,67,0.999999999999,20,plan2_house,equal_area_intersection_geojson
19061061008,65,061,,,65,1.000000000000,20,plan2_house,equal_area_intersection_geojson
19061061008,72,061,,,72,0.000000000000,20,plan2_house,equal_area_intersection_geojson
19061061009,65,061,,,65,1.000000000000,20,plan2_house,equal_area_intersection_geojson
19061061002,64,061,,,64,1.000000000000,20,plan2_house,equal_area_intersection_geojson
19061061002,65,061,,,65,0.000000000000,20,plan2_house,equal_area_intersection_geojson
19061061023,65,061,,,65,1.000000000000,20,plan2_house,equal_area_intersection_geojson
19061061023,66,061,,,66,0.000000000000,20,plan2_house,equal_area_intersection_geojson
19061061023,67,061,,,67,0.000000000000,20,plan2_house,equal_area_intersection_geojson
19061061013,65,061,,,65,1.000000000000,20,plan2_house,equal_area_intersection_geojson
19061061013,67,061,,,67,0.000000000000,20,plan2_house,equal_area_intersection_geojson
19061061012,65,061,,,65,1.000000000000,20,plan2_house,equal_area_intersection_geojson
19061061012,67,061,,,67,0.000000000000,20,plan2_house,equal_area_intersection_geojson
19061061015,65,061,,,65,1.000000000000,20,plan2_house,equal_area_intersection_geojson
19061061048,65,061,,,65,1.000000000000,20,plan2_house,equal_area_intersection_geojson
19061061027,71,061,,,71,1.000000000000,20,plan2_house,equal_area_intersection_geojson
19061061027,72,061,,,72,0.000000000000,20,plan2_house,equal_area_intersection_geojson
19061061029,65,061,,,65,0.000000000000,20,plan2_house,equal_area_intersection_geojson
19061061029,71,061,,,71,0.000000000000,20,plan2_house,equal_area_intersection_geojson
19061061029,72,061,,,72,1.000000000000,20,plan2_house,equal_area_intersection_geojson
19061061037,72,061,,,72,1.000000000000,20,plan2_house,equal_area_intersection_geojson
19061061031,71,061,,,71,0.000000000000,20,plan2_house,equal_area_intersection_geojson
19061061031,72,061,,,72,1.000000000000,20,plan2_house,equal_area_intersection_geojson
19061061034,71,061,,,71,1.000000000000,20,plan2_house,equal_area_intersection_geojson
19061061034,72,061,,,72,0.000000000000,20,plan2_house,equal_area_intersection_geojson
19061061026,71,061,,,71,1.000000000000,20,plan2_house,equal_area_intersection_geojson
19061061026,72,061,,,72,0.000000000000,20,plan2_house,equal_area_intersection_geojson
19061061040,71,061,,,71,0.035949439047,20,plan2_house,equal_area_intersection_geojson
19061061040,72,061,,,72,0.964050560953,20,plan2_house,equal_area_intersection_geojson
19061061041,71,061,,,71,1.000000000000,20,plan2_house,equal_area_intersection_geojson
19061061041,72,061,,,72,0.000000000000,20,plan2_house,equal_area_intersection_geojson
19061061045,65,061,,,65,0.000000000000,20,plan2_house,equal_area_intersection_geojson
19061061045,71,061,,,71,1.000000000000,20,plan2_house,equal_area_intersection_geojson
19061061030,72,061,,,72,1.000000000000,20,plan2_house,equal_area_intersection_geojson
19061061028,71,061,,,71,0.016570693371,20,plan2_house,equal_area_intersection_geojson
19061061028,72,061,,,72,0.983429306629,20,plan2_house,equal_area_intersection_geojson
19061061007,72,061,,,72,1.000000000000,20,plan2_house,equal_area_intersection_geojson
19061061010,64,061,,,64,0.000000000000,20,plan2_house,equal_area_intersection_geojson
19061061010,65,061,,,65,1.000000000000,20,plan2_house,equal_area_intersection_geojson
19061061003,64,061,,,64,0.000000000000,20,plan2_house,equal_area_intersection_geojson
19061061003,65,061,,,65,1.000000000000,20,plan2_house,equal_area_intersection_geojson
19061061003,72,061,,,72,0.000000000000,20,plan2_house,equal_area_intersection_geojson
19061061004,64,061,,,64,0.000000000000,20,plan2_house,equal_area_intersection_geojson
19061061004,65,061,,,65,1.000000000000,20,plan2_house,equal_area_intersection_geojson
19061061005,65,061,,,65,0.999999999999,20,plan2_house,equal_area_intersection_geojson
19061061005,72,061,,,72,0.000000000001,20,plan2_house,equal_area_intersection_geojson
19061061033,71,061,,,71,0.000000000000,20,plan2_house,equal_area_intersection_geojson
19061061033,72,061,,,72,1.000000000000,20,plan2_house,equal_area_intersection_geojson
19061061032,71,061,,,71,0.000000000000,20,plan2_house,equal_area_intersection_geojson
19061061032,72,061,,,72,1.000000000000,20,plan2_house,equal_area_intersection_geojson
19061061035,71,061,,,71,1.000000000000,20,plan2_house,equal_area_intersection_geojson
19061061035,72,061,,,72,0.000000000000,20,plan2_house,equal_area_intersection_geojson
19061061036,71,061,,,71,1.000000000000,20,plan2_house,equal_area_intersection_geojson
19061061036,72,061,,,72,0.000000000000,20,plan2_house,equal_area_intersection_geojson
19061061038,71,061,,,71,1.000000000000,20,plan2_house,equal_area_intersection_geojson
19061061001,64,061,,,64,0.000000000000,20,plan2_house,equal_area_intersection_geojson
19061061001,65,061,,,65,1.000000000000,20,plan2_house,equal_area_intersection_geojson
19061061001,67,061,,,67,0.000000000000,20,plan2_house,equal_area_intersection_geojson
19061061019,65,061,,,65,0.999987837199,20,plan2_house,equal_area_intersection_geojson
19061061019,66,061,,,66,0.000000000000,20,plan2_house,equal_area_intersection_geojson
19061061019,71,061,,,71,0.000012162801,20,plan2_house,equal_area_intersection_geojson
19061061011,65,061,,,65,1.000000000000,20,plan2_house,equal_area_intersection_geojson
19061061011,67,061,,,67,0.000000000000,20,plan2_house,equal_area_intersection_geojson
19061061006,65,061,,,65,0.000000000000,20,plan2_house,equal_area_intersection_geojson
19061061006,72,061,,,72,1.000000000000,20,plan2_house,equal_area_intersection_geojson
19061061022,65,061,,,65,1.000000000000,20,plan2_house,equal_area_intersection_geojson
19061061022,66,061,,,66,0.000000000000,20,plan2_house,equal_area_intersection_geojson
19061061018,65,061,,,65,0.993478766102,20,plan2_house,equal_area_intersection_geojson
19061061018,71,061,,,71,0.005139121880,20,plan2_house,equal_area_intersection_geojson
19061061018,72,061,,,72,0.001382112018,20,plan2_house,equal_area_intersection_geojson
19061061044,71,061,,,71,1.000000000000,20,plan2_house,equal_area_intersection_geojson
19061061042,71,061,,,71,1.000000000000,20,plan2_house,equal_area_intersection_geojson
19061061042,72,061,,,72,0.000000000000,20,plan2_house,equal_area_intersection_geojson
19061061043,71,061,,,71,1.000000000000,20,plan2_house,equal_area_intersection_geojson
19061061039,71,061,,,71,0.000000000000,20,plan2_house,equal_area_intersection_geojson
19061061039,72,061,,,72,1.000000000000,20,plan2_house,equal_area_intersection_geojson
19061061014,65,061,,,65,1.000000000000,20,plan2_house,equal_area_intersection_geojson
19061061016,65,061,,,65,1.000000000000,20,plan2_house,equal_area_intersection_geojson
19061061016,72,061,,,72,0.000000000000,20,plan2_house,equal_area_intersection_geojson
19061061020,65,061,,,65,1.000000000000,20,plan2_house,equal_area_intersection_geojson
19061061020,66,061,,,66,0.000000000000,20,plan2_house,equal_area_intersection_geojson
19061061021,65,061,,,65,0.999999999999,20,plan2_house,equal_area_intersection_geojson
19061061021,66,061,,,66,0.000000000001,20,plan2_house,equal_area_intersection_geojson
19061061017,65,061,,,65,1.000000000000,20,plan2_house,equal_area_intersection_geojson
19159159019,17,159,,,17,1.000000000000,20,plan2_house,equal_area_intersection_geojson
19159159019,24,159,,,24,0.000000000000,20,plan2_house,equal_area_intersection_geojson
19159159013,17,159,,,17,1.000000000000,20,plan2_house,equal_area_intersection_geojson
19159159023,17,159,,,17,1.000000000000,20,plan2_house,equal_area_intersection_geojson
19159159014,17,159,,,17,1.000000000000,20,plan2_house,equal_area_intersection_geojson
19159159015,17,159,,,17,1.000000000000,20,plan2_house,equal_area_intersection_geojson
19159159012,17,159,,,17,1.000000000000,20,plan2_house,equal_area_intersection_geojson
19159159002,17,159,,,17,1.000000000000,20,plan2_house,equal_area_intersection_geojson
19159159011,17,159,,,17,1.000000000000,20,plan2_house,equal_area_intersection_geojson
19159159003,17,159,,,17,1.000000000000,20,plan2_house,equal_area_intersection_geojson
19159159009,17,159,,,17,1.000000000000,20,plan2_house,equal_area_intersection_geojson
19159159001,17,159,,,17,1.000000000000,20,plan2_house,equal_area_intersection_geojson
19159159021,17,159,,,17,1.000000000000,20,plan2_house,equal_area_intersection_geojson
19159159022,17,159,,,17,1.000000000000,20,plan2_house,equal_area_intersection_geojson
19159159007,17,159,,,17,1.000000000000,20,plan2_house,equal_area_intersection_geojson
19159159007,24,159,,,24,0.000000000000,20,plan2_house,equal_area_intersection_geojson
19159159017,17,159,,,17,1.000000000000,20,plan2_house,equal_area_intersection_geojson
19159159018,17,159,,,17,1.000000000000,20,plan2_house,equal_area_intersection_geojson
19159159016,17,159,,,17,1.000000000000,20,plan2_house,equal_area_intersection_geojson
19159159020,17,159,,,17,1.000000000000,20,plan2_house,equal_area_intersection_geojson
19159159020,24,159,,,24,0.000000000000,20,plan2_house,equal_area_intersection_geojson
19159159004,17,159,,,17,1.000000000000,20,plan2_house,equal_area_intersection_geojson
19159159006,17,159,,,17,1.000000000000,20,plan2_house,equal_area_intersection_geojson
19159159006,23,159,,,23,0.000000000000,20,plan2_house,equal_area_intersection_geojson
19159159006,24,159,,,24,0.000000000000,20,plan2_house,equal_area_intersection_geojson
19159159010,17,159,,,17,1.000000000000,20,plan2_house,equal_area_intersection_geojson
19159159024,17,159,,,17,1.000000000000,20,plan2_house,equal_area_intersection_geojson
19159159008,17,159,,,17,1.000000000000,20,plan2_house,equal_area_intersection_geojson
19017017007,58,017,,,58,1.000000000000,20,plan2_house,equal_area_intersection_geojson
19017017007,68,017,,,68,0.000000000000,20,plan2_house,equal_area_intersection_geojson
19017017002,58,017,,,58,1.000000000000,20,plan2_house,equal_area_intersection_geojson
19017017019,58,017,,,58,1.000000000000,20,plan2_house,equal_area_intersection_geojson
19017017019,68,017,,,68,0.000000000000,20,plan2_house,equal_area_intersection_geojson
19017017003,58,017,,,58,1.000000000000,20,plan2_house,equal_area_intersection_geojson
19017017013,57,017,,,57,1.000000000000,20,plan2_house,equal_area_intersection_geojson
19017017013,58,017,,,58,0.000000000000,20,plan2_house,equal_area_intersection_geojson
19017017009,58,017,,,58,1.000000000000,20,plan2_house,equal_area_intersection_geojson
19017017008,58,017,,,58,1.000000000000,20,plan2_house,equal_area_intersection_geojson
19017017014,54,017,,,54,0.000000000000,20,plan2_house,equal_area_intersection_geojson
19017017014,57,017,,,57,1.000000000000,20,plan2_house,equal_area_intersection_geojson
19017017014,68,017,,,68,0.000000000000,20,plan2_house,equal_area_intersection_geojson
19017017015,54,017,,,54,0.000000000000,20,plan2_house,equal_area_intersection_geojson
19017017015,57,017,,,57,1.000000000000,20,plan2_house,equal_area_intersection_geojson
19017017016,57,017,,,57,1.000000000000,20,plan2_house,equal_area_intersection_geojson
19017017016,58,017,,,58,0.000000000000,20,plan2_house,equal_area_intersection_geojson
19017017016,68,017,,,68,0.000000000000,20,plan2_house,equal_area_intersection_geojson
19017017011,57,017,,,57,1.000000000000,20,plan2_house,equal_area_intersection_geojson
19017017011,58,017,,,58,0.000000000000,20,plan2_house,equal_area_intersection_geojson
19017017004,58,017,,,58,1.000000000000,20,plan2_house,equal_area_intersection_geojson
19017017018,58,017,,,58,1.000000000000,20,plan2_house,equal_area_intersection_geojson
19017017018,68,017,,,68,0.000000000000,20,plan2_house,equal_area_intersection_geojson
19017017017,57,017,,,57,1.000000000000,20,plan2_house,equal_area_intersection_geojson
19017017001,57,017,,,57,1.000000000000,20,plan2_house,equal_area_intersection_geojson
19017017001,58,017,,,58,0.000000000000,20,plan2_house,equal_area_intersection_geojson
19017017006,58,017,,,58,1.000000000000,20,plan2_house,equal_area_intersection_geojson
19017017006,68,017,,,68,0.000000000000,20,plan2_house,equal_area_intersection_geojson
19017017005,58,017,,,58,1.000000000000,20,plan2_house,equal_area_intersection_geojson
19017017005,68,017,,,68,0.000000000000,20,plan2_house,equal_area_intersection_geojson
19017017010,57,017,,,57,0.000000000000,20,plan2_house,equal_area_intersection_geojson
19017017010,58,017,,,58,1.000000000000,20,plan2_house,equal_area_intersection_geojson
19017017012,57,017,,,57,1.000000000000,20,plan2_house,equal_area_intersection_geojson
19049049038,27,049,,,27,0.000000000000,20,plan2_house,equal_area_intersection_geojson
19049049038,28,049,,,28,1.000000000000,20,plan2_house,equal_area_intersection_geojson
19049049038,31,049,,,31,0.000000000000,20,plan2_house,equal_area_intersection_geojson
19049049037,27,049,,,27,0.069660114880,20,plan2_house,equal_area_intersection_geojson
19049049037,28,049,,,28,0.930339885120,20,plan2_house,equal_area_intersection_geojson
19049049039,28,049,,,28,0.000000000000,20,plan2_house,equal_area_intersection_geojson
19049049039,31,049,,,31,1.000000000000,20,plan2_house,equal_area_intersection_geojson
19049049024,28,049,,,28,1.000000000000,20,plan2_house,equal_area_intersection_geojson
19049049040,28,049,,,28,1.000000000000,20,plan2_house,equal_area_intersection_geojson
19049049040,31,049,,,31,0.000000000000,20,plan2_house,equal_area_intersection_geojson
19049049025,28,049,,,28,1.000000000000,20,plan2_house,equal_area_intersection_geojson
19049049025,31,049,,,31,0.000000000000,20,plan2_house,equal_area_intersection_geojson
19097097004,66,097,,,66,1.000000000000,20,plan2_house,equal_area_intersection_geojson
19097097005,66,097,,,66,1.000000000000,20,plan2_house,equal_area_intersection_geojson
19097097011,66,097,,,66,1.000000000000,20,plan2_house,equal_area_intersection_geojson
19097097011,70,097,,,70,0.000000000000,20,plan2_house,equal_area_intersection_geojson
19097097015,66,097,,,66,1.000000000000,20,plan2_house,equal_area_intersection_geojson
19031031022,82,031,,,82,1.000000000000,20,plan2_house,equal_area_intersection_geojson
19197197003,56,197,,,56,1.000000000000,20,plan2_house,equal_area_intersection_geojson
19197197005,56,197,,,56,1.000000000000,20,plan2_house,equal_area_intersection_geojson
19197197015,55,197,,,55,1.000000000000,20,plan2_house,equal_area_intersection_geojson
19197197015,56,197,,,56,0.000000000000,20,plan2_house,equal_area_intersection_geojson
19197197016,55,197,,,55,1.000000000000,20,plan2_house,equal_area_intersection_geojson
19197197001,56,197,,,56,1.000000000000,20,plan2_house,equal_area_intersection_geojson
19197197012,55,197,,,55,0.000000000000,20,plan2_house,equal_area_intersection_geojson
19197197012,56,197,,,56,1.000000000000,20,plan2_house,equal_area_intersection_geojson
19119119004,4,119,,,4,1.000000000000,20,plan2_house,equal_area_intersection_geojson
19119119015,4,119,,,4,1.000000000000,20,plan2_house,equal_area_intersection_geojson
19119119013,4,119,,,4,1.000000000000,20,plan2_house,equal_area_intersection_geojson
19119119024,4,119,,,4,1.000000000000,20,plan2_house,equal_area_intersection_geojson
19119119024,5,119,,,5,0.000000000000,20,plan2_house,equal_area_intersection_geojson
19119119023,4,119,,,4,1.000000000000,20,plan2_house,equal_area_intersection_geojson
19119119022,4,119,,,4,1.000000000000,20,plan2_house,equal_area_intersection_geojson
19119119019,4,119,,,4,1.000000000000,20,plan2_house,equal_area_intersection_geojson
19119119020,4,119,,,4,1.000000000000,20,plan2_house,equal_area_intersection_geojson
19119119008,4,119,,,4,1.000000000000,20,plan2_house,equal_area_intersection_geojson
19119119008,5,119,,,5,0.000000000000,20,plan2_house,equal_area_intersection_geojson
19119119021,4,119,,,4,1.000000000000,20,plan2_house,equal_area_intersection_geojson
19119119009,4,119,,,4,1.000000000000,20,plan2_house,equal_area_intersection_geojson
19119119009,5,119,,,5,0.000000000000,20,plan2_house,equal_area_intersection_geojson
19119119002,4,119,,,4,1.000000000000,20,plan2_house,equal_area_intersection_geojson
19119119003,4,119,,,4,1.000000000000,20,plan2_house,equal_area_intersection_geojson
19119119005,4,119,,,4,1.000000000000,20,plan2_house,equal_area_intersection_geojson
19119119010,4,119,,,4,1.000000000000,20,plan2_house,equal_area_intersection_geojson
19119119014,4,119,,,4,1.000000000000,20,plan2_house,equal_area_intersection_geojson
19119119016,4,119,,,4,1.000000000000,20,plan2_house,equal_area_intersection_geojson
19119119007,4,119,,,4,1.000000000000,20,plan2_house,equal_area_intersection_geojson
19119119017,4,119,,,4,1.000000000000,20,plan2_house,equal_area_intersection_geojson
19119119018,4,119,,,4,1.000000000000,20,plan2_house,equal_area_intersection_geojson
19119119006,4,119,,,4,1.000000000000,20,plan2_house,equal_area_intersection_geojson
19119119012,4,119,,,4,1.000000000000,20,plan2_house,equal_area_intersection_geojson
19119119011,4,119,,,4,1.000000000000,20,plan2_house,equal_area_intersection_geojson
19119119001,4,119,,,4,1.000000000000,20,plan2_house,equal_area_intersection_geojson
19103103057,86,103,,,86,1.000000000000,20,plan2_house,equal_area_intersection_geojson
19103103057,89,103,,,89,0.000000000000,20,plan2_house,equal_area_intersection_geojson
19103103057,91,103,,,91,0.000000000000,20,plan2_house,equal_area_intersection_geojson
19103103056,85,103,,,85,0.000000000000,20,plan2_house,equal_area_intersection_geojson
19103103056,86,103,,,86,1.000000000000,20,plan2_house,equal_area_intersection_geojson
19103103055,85,103,,,85,0.000000000000,20,plan2_house,equal_area_intersection_geojson
19103103055,86,103,,,86,1.000000000000,20,plan2_house,equal_area_intersection_geojson
19103103059,85,103,,,85,0.000000000000,20,plan2_house,equal_area_intersection_geojson
19103103059,86,103,,,86,1.000000000000,20,plan2_house,equal_area_intersection_geojson
19103103060,86,103,,,86,1.000000000000,20,plan2_house,equal_area_intersection_geojson
19103103058,86,103,,,86,1.000000000000,20,plan2_house,equal_area_intersection_geojson
19049049032,27,049,,,27,1.000000000000,20,plan2_house,equal_area_intersection_geojson
19049049032,28,049,,,28,0.000000000000,20,plan2_house,equal_area_intersection_geojson
19049049034,27,049,,,27,1.000000000000,20,plan2_house,equal_area_intersection_geojson
19049049033,27,049,,,27,0.999533921871,20,plan2_house,equal_area_intersection_geojson
19049049033,28,049,,,28,0.000466078129,20,plan2_house,equal_area_intersection_geojson
19049049033,46,049,,,46,0.000000000000,20,plan2_house,equal_area_intersection_geojson
19049049036,27,049,,,27,1.000000000000,20,plan2_house,equal_area_intersection_geojson
19049049036,28,049,,,28,0.000000000000,20,plan2_house,equal_area_intersection_geojson
19049049035,27,049,,,27,1.000000000000,20,plan2_house,equal_area_intersection_geojson
19049049035,28,049,,,28,0.000000000000,20,plan2_house,equal_area_intersection_geojson
19049049035,32,049,,,32,0.000000000000,20,plan2_house,equal_area_intersection_geojson
19045045030,69,045,,,69,1.000000000000,20,plan2_house,equal_area_intersection_geojson
19059059009,10,059,,,10,1.000000000000,20,plan2_house,equal_area_intersection_geojson
19059059014,10,059,,,10,1.000000000000,20,plan2_house,equal_area_intersection_geojson
19059059011,10,059,,,10,1.000000000000,20,plan2_house,equal_area_intersection_geojson
19059059021,10,059,,,10,1.000000000000,20,plan2_house,equal_area_intersection_geojson
19059059016,10,059,,,10,1.000000000000,20,plan2_house,equal_area_intersection_geojson
19059059013,10,059,,,10,1.000000000000,20,plan2_house,equal_area_intersection_geojson
19059059003,10,059,,,10,1.000000000000,20,plan2_house,equal_area_intersection_geojson
19059059017,10,059,,,10,1.000000000000,20,plan2_house,equal_area_intersection_geojson
19059059017,5,059,,,5,0.000000000000,20,plan2_house,equal_area_intersection_geojson
19059059015,10,059,,,10,1.000000000000,20,plan2_house,equal_area_intersection_geojson
19059059010,10,059,,,10,1.000000000000,20,plan2_house,equal_area_intersection_geojson
19059059018,10,059,,,10,1.000000000000,20,plan2_house,equal_area_intersection_geojson
19059059018,5,059,,,5,0.000000000000,20,plan2_house,equal_area_intersection_geojson
19059059012,10,059,,,10,1.000000000000,20,plan2_house,equal_area_intersection_geojson
19059059012,9,059,,,9,0.000000000000,20,plan2_house,equal_area_intersection_geojson
19059059020,10,059,,,10,1.000000000000,20,plan2_house,equal_area_intersection_geojson
19059059019,10,059,,,10,1.000000000000,20,plan2_house,equal_area_intersection_geojson
19059059007,10,059,,,10,1.000000000000,20,plan2_house,equal_area_intersection_geojson
19059059007,9,059,,,9,0.000000000000,20,plan2_house,equal_area_intersection_geojson
19059059001,10,059,,,10,1.000000000000,20,plan2_house,equal_area_intersection_geojson
19059059001,5,059,,,5,0.000000000000,20,plan2_house,equal_area_intersection_geojson
19059059002,10,059,,,10,1.000000000000,20,plan2_house,equal_area_intersection_geojson
19059059004,10,059,,,10,1.000000000000,20,plan2_house,equal_area_intersection_geojson
19059059005,10,059,,,10,1.000000000000,20,plan2_house,equal_area_intersection_geojson
19059059006,10,059,,,10,1.000000000000,20,plan2_house,equal_area_intersection_geojson
19059059006,9,059,,,9,0.000000000000,20,plan2_house,equal_area_intersection_geojson
19059059008,10,059,,,10,1.000000000000,20,plan2_house,equal_area_intersection_geojson
19177177019,100,177,,,100,0.000000000000,20,plan2_house,equal_area_intersection_geojson
19177177019,87,177,,,87,1.000000000000,20,plan2_house,equal_area_intersection_geojson
19177177007,87,177,,,87,1.000000000000,20,plan2_house,equal_area_intersection_geojson
19177177012,26,177,,,26,0.000000000000,20,plan2_house,equal_area_intersection_geojson
19177177012,87,177,,,87,1.000000000000,20,plan2_house,equal_area_intersection_geojson
19177177015,87,177,,,87,1.000000000000,20,plan2_house,equal_area_intersection_geojson
19177177008,87,177,,,87,1.000000000000,20,plan2_house,equal_area_intersection_geojson
19177177020,100,177,,,100,0.000000000000,20,plan2_house,equal_area_intersection_geojson
19177177020,87,177,,,87,1.000000000000,20,plan2_house,equal_area_intersection_geojson
19177177010,87,177,,,87,1.000000000000,20,plan2_house,equal_area_intersection_geojson
19177177009,100,177,,,100,0.000000000000,20,plan2_house,equal_area_intersection_geojson
19177177009,87,177,,,87,1.000000000000,20,plan2_house,equal_area_intersection_geojson
19177177018,87,177,,,87,1.000000000000,20,plan2_house,equal_area_intersection_geojson
19177177013,26,177,,,26,0.000000000000,20,plan2_house,equal_area_intersection_geojson
19177177013,87,177,,,87,1.000000000000,20,plan2_house,equal_area_intersection_geojson
19177177014,87,177,,,87,1.000000000000,20,plan2_house,equal_area_intersection_geojson
19177177016,87,177,,,87,1.000000000000,20,plan2_house,equal_area_intersection_geojson
19177177004,87,177,,,87,1.000000000000,20,plan2_house,equal_area_intersection_geojson
19177177005,87,177,,,87,1.000000000000,20,plan2_house,equal_area_intersection_geojson
19177177006,87,177,,,87,1.000000000000,20,plan2_house,equal_area_intersection_geojson
19177177011,87,177,,,87,1.000000000000,20,plan2_house,equal_area_intersection_geojson
19177177017,87,177,,,87,1.000000000000,20,plan2_house,equal_area_intersection_geojson
19177177001,26,177,,,26,0.000000000000,20,plan2_house,equal_area_intersection_geojson
19177177001,87,177,,,87,1.000000000000,20,plan2_house,equal_area_intersection_geojson
19197197014,55,197,,,55,0.000000000000,20,plan2_house,equal_area_intersection_geojson
19197197014,56,197,,,56,1.000000000000,20,plan2_house,equal_area_intersection_geojson
19197197010,56,197,,,56,1.000000000000,20,plan2_house,equal_area_intersection_geojson
19197197007,55,197,,,55,0.000000000000,20,plan2_house,equal_area_intersection_geojson
19197197007,56,197,,,56,1.000000000000,20,plan2_house,equal_area_intersection_geojson
19197197006,55,197,,,55,0.000000000000,20,plan2_house,equal_area_intersection_geojson
19197197006,56,197,,,56,1.000000000000,20,plan2_house,equal_area_intersection_geojson
19197197008,56,197,,,56,1.000000000000,20,plan2_house,equal_area_intersection_geojson
19197197009,56,197,,,56,1.000000000000,20,plan2_house,equal_area_intersection_geojson
19197197011,56,197,,,56,1.000000000000,20,plan2_house,equal_area_intersection_geojson
19197197013,55,197,,,55,1.000000000000,20,plan2_house,equal_area_intersection_geojson
19197197013,56,197,,,56,0.000000000000,20,plan2_house,equal_area_intersection_geojson
19197197002,56,197,,,56,1.000000000000,20,plan2_house,equal_area_intersection_geojson
19197197004,55,197,,,55,0.000000000000,20,plan2_house,equal_area_intersection_geojson
19197197004,56,197,,,56,1.000000000000,20,plan2_house,equal_area_intersection_geojson
19197197021,55,197,,,55,0.000000000000,20,plan2_house,equal_area_intersection_geojson
19197197021,56,197,,,56,1.000000000000,20,plan2_house,equal_area_intersection_geojson
19197197017,55,197,,,55,1.000000000000,20,plan2_house,equal_area_intersection_geojson
19197197018,55,197,,,55,1.000000000000,20,plan2_house,equal_area_intersection_geojson
19197197019,55,197,,,55,1.000000000000,20,plan2_house,equal_area_intersection_geojson
19197197019,56,197,,,56,0.000000000000,20,plan2_house,equal_area_intersection_geojson
19197197020,55,197,,,55,1.000000000000,20,plan2_house,equal_area_intersection_geojson
19197197020,56,197,,,56,0.000000000000,20,plan2_house,equal_area_intersection_geojson
19181181024,22,181,,,22,1.000000000000,20,plan2_house,equal_area_intersection_geojson
19181181024,29,181,,,29,0.000000000000,20,plan2_house,equal_area_intersection_geojson
19181181024,30,181,,,30,0.000000000000,20,plan2_house,equal_area_intersection_geojson
19099099016,37,099,,,37,1.000000000000,20,plan2_house,equal_area_intersection_geojson
19099099001,38,099,,,38,1.000000000000,20,plan2_house,equal_area_intersection_geojson
19099099001,45,099,,,45,0.000000000000,20,plan2_house,equal_area_intersection_geojson
19099099001,51,099,,,51,0.000000000000,20,plan2_house,equal_area_intersection_geojson
19099099020,37,099,,,37,1.000000000000,20,plan2_house,equal_area_intersection_geojson
19099099004,38,099,,,38,1.000000000000,20,plan2_house,equal_area_intersection_geojson
19099099004,52,099,,,52,0.000000000000,20,plan2_house,equal_area_intersection_geojson
19099099012,37,099,,,37,0.000000000000,20,plan2_house,equal_area_intersection_geojson
19099099012,38,099,,,38,1.000000000000,20,plan2_house,equal_area_intersection_geojson
19099099012,45,099,,,45,0.000000000000,20,plan2_house,equal_area_intersection_geojson
19099099014,38,099,,,38,1.000000000000,20,plan2_house,equal_area_intersection_geojson
19099099022,37,099,,,37,1.000000000000,20,plan2_house,equal_area_intersection_geojson
19099099013,37,099,,,37,0.000000000000,20,plan2_house,equal_area_intersection_geojson
19099099013,38,099,,,38,1.000000000000,20,plan2_house,equal_area_intersection_geojson
19099099023,37,099,,,37,1.000000000000,20,plan2_house,equal_area_intersection_geojson
19099099023,38,099,,,38,0.000000000000,20,plan2_house,equal_area_intersection_geojson
19099099023,45,099,,,45,0.000000000000,20,plan2_house,equal_area_intersection_geojson
19099099024,37,099,,,37,1.000000000000,20,plan2_house,equal_area_intersection_geojson
19099099011,38,099,,,38,1.000000000000,20,plan2_house,equal_area_intersection_geojson
19099099011,45,099,,,45,0.000000000000,20,plan2_house,equal_area_intersection_geojson
19099099021,37,099,,,37,1.000000000000,20,plan2_house,equal_area_intersection_geojson
19099099021,38,099,,,38,0.000000000000,20,plan2_house,equal_area_intersection_geojson
19099099008,38,099,,,38,1.000000000000,20,plan2_house,equal_area_intersection_geojson
19099099017,37,099,,,37,0.000000000000,20,plan2_house,equal_area_intersection_geojson
19099099017,38,099,,,38,1.000000000000,20,plan2_house,equal_area_intersection_geojson
19099099009,38,099,,,38,1.000000000000,20,plan2_house,equal_area_intersection_geojson
19099099005,38,099,,,38,1.000000000000,20,plan2_house,equal_area_intersection_geojson
19099099005,53,099,,,53,0.000000000000,20,plan2_house,equal_area_intersection_geojson
19099099002,38,099,,,38,1.000000000000,20,plan2_house,equal_area_intersection_geojson
19099099002,51,099,,,51,0.000000000000,20,plan2_house,equal_area_intersection_geojson
19099099007,37,099,,,37,0.000000000000,20,plan2_house,equal_area_intersection_geojson
19099099007,38,099,,,38,1.000000000000,20,plan2_house,equal_area_intersection_geojson
19099099003,38,099,,,38,1.000000000000,20,plan2_house,equal_area_intersection_geojson
19099099003,51,099,,,51,0.000000000000,20,plan2_house,equal_area_intersection_geojson
19099099015,37,099,,,37,0.000000000000,20,plan2_house,equal_area_intersection_geojson
19099099015,38,099,,,38,1.000000000000,20,plan2_house,equal_area_intersection_geojson
19099099019,38,099,,,38,1.000000000000,20,plan2_house,equal_area_intersection_geojson
19099099019,53,099,,,53,0.000000000000,20,plan2_house,equal_area_intersection_geojson
19099099019,88,099,,,88,0.000000000000,20,plan2_house,equal_area_intersection_geojson
19099099018,38,099,,,38,1.000000000000,20,plan2_house,equal_area_intersection_geojson
19099099018,53,099,,,53,0.000000000000,20,plan2_house,equal_area_intersection_geojson
19099099006,38,099,,,38,1.000000000000,20,plan2_house,equal_area_intersection_geojson
19099099006,53,099,,,53,0.000000000000,20,plan2_house,equal_area_intersection_geojson
19099099010,38,099,,,38,1.000000000000,20,plan2_house,equal_area_intersection_geojson
19077077012,47,077,,,47,1.000000000000,20,plan2_house,equal_area_intersection_geojson
19077077014,47,077,,,47,1.000000000000,20,plan2_house,equal_area_intersection_geojson
19077077011,11,077,,,11,0.000000000000,20,plan2_house,equal_area_intersection_geojson
19077077011,47,077,,,47,1.000000000000,20,plan2_house,equal_area_intersection_geojson
19077077019,23,077,,,23,0.000000000000,20,plan2_house,equal_area_intersection_geojson
19077077019,47,077,,,47,1.000000000000,20,plan2_house,equal_area_intersection_geojson
19077077006,47,077,,,47,1.000000000000,20,plan2_house,equal_area_intersection_geojson
19077077007,47,077,,,47,1.000000000000,20,plan2_house,equal_area_intersection_geojson
19077077008,47,077,,,47,1.000000000000,20,plan2_house,equal_area_intersection_geojson
19077077004,47,077,,,47,1.000000000000,20,plan2_house,equal_area_intersection_geojson
19077077022,11,077,,,11,0.000000000000,20,plan2_house,equal_area_intersection_geojson
19077077022,23,077,,,23,0.000000000000,20,plan2_house,equal_area_intersection_geojson
19077077022,47,077,,,47,1.000000000000,20,plan2_house,equal_area_intersection_geojson
19077077023,23,077,,,23,0.000000000000,20,plan2_house,equal_area_intersection_geojson
19077077023,47,077,,,47,1.000000000000,20,plan2_house,equal_area_intersection_geojson
19077077003,47,077,,,47,1.000000000000,20,plan2_house,equal_area_intersection_geojson
19077077015,47,077,,,47,1.000000000000,20,plan2_house,equal_area_intersection_geojson
19077077001,11,077,,,11,0.000000000000,20,plan2_house,equal_area_intersection_geojson
19077077001,47,077,,,47,1.000000000000,20,plan2_house,equal_area_intersection_geojson
19077077002,11,077,,,11,0.000000000000,20,plan2_house,equal_area_intersection_geojson
19077077002,47,077,,,47,1.000000000000,20,plan2_house,equal_area_intersection_geojson
19077077016,23,077,,,23,0.000000000000,20,plan2_house,equal_area_intersection_geojson
19077077016,47,077,,,47,1.000000000000,20,plan2_house,equal_area_intersection_geojson
19077077005,47,077,,,47,1.000000000000,20,plan2_house,equal_area_intersection_geojson
19077077009,47,077,,,47,1.000000000000,20,plan2_house,equal_area_intersection_geojson
19077077018,23,077,,,23,0.000000000000,20,plan2_house,equal_area_intersection_geojson
19077077018,47,077,,,47,1.000000000000,20,plan2_house,equal_area_intersection_geojson
19077077017,23,077,,,23,0.000000000000,20,plan2_house,equal_area_intersection_geojson
19077077017,47,077,,,47,1.000000000000,20,plan2_house,equal_area_intersection_geojson
19077077021,23,077,,,23,0.000000000000,20,plan2_house,equal_area_intersection_geojson
19077077021,47,077,,,47,1.000000000000,20,plan2_house,equal_area_intersection_geojson
19077077020,23,077,,,23,0.000000000000,20,plan2_house,equal_area_intersection_geojson
19077077020,47,077,,,47,1.000000000000,20,plan2_house,equal_area_intersection_geojson
19077077010,11,077,,,11,0.000000000000,20,plan2_house,equal_area_intersection_geojson
19077077010,47,077,,,47,1.000000000000,20,plan2_house,equal_area_intersection_geojson
19077077013,47,077,,,47,1.000000000000,20,plan2_house,equal_area_intersection_geojson
19097097010,65,097,,,65,0.000000000000,20,plan2_house,equal_area_intersection_geojson
19097097010,66,097,,,66,1.000000000000,20,plan2_house,equal_area_intersection_geojson
19097097018,66,097,,,66,1.000000000000,20,plan2_house,equal_area_intersection_geojson
19097097018,69,097,,,69,0.000000000000,20,plan2_house,equal_area_intersection_geojson
19097097021,66,097,,,66,1.000000000000,20,plan2_house,equal_area_intersection_geojson
19097097020,66,097,,,66,1.000000000000,20,plan2_house,equal_area_intersection_geojson
19097097020,70,097,,,70,0.000000000000,20,plan2_house,equal_area_intersection_geojson
19097097012,66,097,,,66,1.000000000000,20,plan2_house,equal_area_intersection_geojson
19097097012,70,097,,,70,0.000000000000,20,plan2_house,equal_area_intersection_geojson
19097097017,66,097,,,66,1.000000000000,20,plan2_house,equal_area_intersection_geojson
19097097017,69,097,,,69,0.000000000000,20,plan2_house,equal_area_intersection_geojson
19097097019,66,097,,,66,1.000000000000,20,plan2_house,equal_area_intersection_geojson
19097097014,66,097,,,66,1.000000000000,20,plan2_house,equal_area_intersection_geojson
19097097008,65,097,,,65,0.000000000000,20,plan2_house,equal_area_intersection_geojson
19097097008,66,097,,,66,1.000000000000,20,plan2_house,equal_area_intersection_geojson
19097097022,66,097,,,66,0.000000000000,20,plan2_house,equal_area_intersection_geojson
19097097022,70,097,,,70,1.000000000000,20,plan2_house,equal_area_intersection_geojson
19097097024,70,097,,,70,1.000000000000,20,plan2_house,equal_area_intersection_geojson
19097097013,66,097,,,66,1.000000000000,20,plan2_house,equal_area_intersection_geojson
19097097013,70,097,,,70,0.000000000000,20,plan2_house,equal_area_intersection_geojson
19097097025,70,097,,,70,1.000000000000,20,plan2_house,equal_area_intersection_geojson
19097097001,65,097,,,65,0.000000000000,20,plan2_house,equal_area_intersection_geojson
19097097001,66,097,,,66,1.000000000000,20,plan2_house,equal_area_intersection_geojson
19097097007,66,097,,,66,1.000000000000,20,plan2_house,equal_area_intersection_geojson
19097097006,66,097,,,66,1.000000000000,20,plan2_house,equal_area_intersection_geojson
19097097023,66,097,,,66,0.000000000000,20,plan2_house,equal_area_intersection_geojson
19097097023,70,097,,,70,1.000000000000,20,plan2_house,equal_area_intersection_geojson
19097097003,66,097,,,66,1.000000000000,20,plan2_house,equal_area_intersection_geojson
19097097002,65,097,,,65,0.000000000000,20,plan2_house,equal_area_intersection_geojson
19097097002,66,097,,,66,1.000000000000,20,plan2_house,equal_area_intersection_geojson
19097097016,66,097,,,66,1.000000000000,20,plan2_house,equal_area_intersection_geojson
19097097016,69,097,,,69,0.000000000000,20,plan2_house,equal_area_intersection_geojson
19097097009,65,097,,,65,0.000000000000,20,plan2_house,equal_area_intersection_geojson
19097097009,66,097,,,66,1.000000000000,20,plan2_house,equal_area_intersection_geojson
19181181006,22,181,,,22,1.000000000000,20,plan2_house,equal_area_intersection_geojson
19181181006,45,181,,,45,0.000000000000,20,plan2_house,equal_area_intersection_geojson
19181181018,21,181,,,21,1.000000000000,20,plan2_house,equal_area_intersection_geojson
19181181019,21,181,,,21,1.000000000000,20,plan2_house,equal_area_intersection_geojson
19181181004,22,181,,,22,1.000000000000,20,plan2_house,equal_area_intersection_geojson
19181181005,22,181,,,22,1.000000000000,20,plan2_house,equal_area_intersection_geojson
19181181023,22,181,,,22,1.000000000000,20,plan2_house,equal_area_intersection_geojson
19181181023,23,181,,,23,0.000000000000,20,plan2_house,equal_area_intersection_geojson
19181181023,24,181,,,24,0.000000000000,20,plan2_house,equal_area_intersection_geojson
19181181020,21,181,,,21,1.000000000000,20,plan2_house,equal_area_intersection_geojson
19181181020,24,181,,,24,0.000000000000,20,plan2_house,equal_area_intersection_geojson
19181181020,37,181,,,37,0.000000000000,20,plan2_house,equal_area_intersection_geojson
19181181016,21,181,,,21,1.000000000000,20,plan2_house,equal_area_intersection_geojson
19181181016,22,181,,,22,0.000000000000,20,plan2_house,equal_area_intersection_geojson
19181181012,21,181,,,21,1.000000000000,20,plan2_house,equal_area_intersection_geojson
19181181012,22,181,,,22,0.000000000000,20,plan2_house,equal_area_intersection_geojson
19181181015,21,181,,,21,0.000000000000,20,plan2_house,equal_area_intersection_geojson
19181181015,22,181,,,22,1.000000000000,20,plan2_house,equal_area_intersection_geojson
19181181015,23,181,,,23,0.000000000000,20,plan2_house,equal_area_intersection_geojson
19181181013,22,181,,,22,1.000000000000,20,plan2_house,equal_area_intersection_geojson
19181181013,23,181,,,23,0.000000000000,20,plan2_house,equal_area_intersection_geojson
19181181021,21,181,,,21,1.000000000000,20,plan2_house,equal_area_intersection_geojson
19181181021,24,181,,,24,0.000000000000,20,plan2_house,equal_area_intersection_geojson
19181181011,21,181,,,21,0.000000000000,20,plan2_house,equal_area_intersection_geojson
19181181011,22,181,,,22,1.000000000000,20,plan2_house,equal_area_intersection_geojson
19181181008,21,181,,,21,0.000000000000,20,plan2_house,equal_area_intersection_geojson
19181181008,22,181,,,22,1.000000000000,20,plan2_house,equal_area_intersection_geojson
19181181008,37,181,,,37,0.000000000000,20,plan2_house,equal_area_intersection_geojson
19181181008,45,181,,,45,0.000000000000,20,plan2_house,equal_area_intersection_geojson
19181181017,21,181,,,21,1.000000000000,20,plan2_house,equal_area_intersection_geojson
19181181017,22,181,,,22,0.000000000000,20,plan2_house,equal_area_intersection_geojson
19181181010,21,181,,,21,0.000000000000,20,plan2_house,equal_area_intersection_geojson
19181181010,22,181,,,22,1.000000000000,20,plan2_house,equal_area_intersection_geojson
19181181003,22,181,,,22,1.000000000000,20,plan2_house,equal_area_intersection_geojson
19181181001,22,181,,,22,1.000000000000,20,plan2_house,equal_area_intersection_geojson
19181181001,23,181,,,23,0.000000000000,20,plan2_house,equal_area_intersection_geojson
19181181002,22,181,,,22,1.000000000000,20,plan2_house,equal_area_intersection_geojson
19181181002,23,181,,,23,0.000000000000,20,plan2_house,equal_area_intersection_geojson
19181181022,21,181,,,21,0.000000000000,20,plan2_house,equal_area_intersection_geojson
19181181022,22,181,,,22,1.000000000000,20,plan2_house,equal_area_intersection_geojson
19181181022,24,181,,,24,0.000000000000,20,plan2_house,equal_area_intersection_geojson
19181181009,21,181,,,21,1.000000000000,20,plan2_house,equal_area_intersection_geojson
19181181009,22,181,,,22,0.000000000000,20,plan2_house,equal_area_intersection_geojson
19181181009,37,181,,,37,0.000000000000,20,plan2_house,equal_area_intersection_geojson
19181181014,22,181,,,22,1.000000000000,20,plan2_house,equal_area_intersection_geojson
19181181014,23,181,,,23,0.000000000000,20,plan2_house,equal_area_intersection_geojson
19115115012,95,115,,,95,1.000000000000,20,plan2_house,equal_area_intersection_geojson
19115115001,92,115,,,92,0.000000000000,20,plan2_house,equal_area_intersection_geojson
19115115001,95,115,,,95,1.000000000000,20,plan2_house,equal_area_intersection_geojson
19115115002,92,115,,,92,0.000000000000,20,plan2_house,equal_area_intersection_geojson
19115115002,95,115,,,95,1.000000000000,20,plan2_house,equal_area_intersection_geojson
19115115003,92,115,,,92,0.000000000000,20,plan2_house,equal_area_intersection_geojson
19115115003,95,115,,,95,1.000000000000,20,plan2_house,equal_area_intersection_geojson
19115115004,95,115,,,95,1.000000000000,20,plan2_house,equal_area_intersection_geojson
19115115009,95,115,,,95,1.000000000000,20,plan2_house,equal_area_intersection_geojson
19115115010,95,115,,,95,1.000000000000,20,plan2_house,equal_area_intersection_geojson
19115115013,92,115,,,92,0.000000000000,20,plan2_house,equal_area_intersection_geojson
19115115013,95,115,,,95,1.000000000000,20,plan2_house,equal_area_intersection_geojson
19115115005,95,115,,,95,1.000000000000,20,plan2_house,equal_area_intersection_geojson
19115115006,95,115,,,95,1.000000000000,20,plan2_house,equal_area_intersection_geojson
19115115007,95,115,,,95,1.000000000000,20,plan2_house,equal_area_intersection_geojson
19115115008,95,115,,,95,1.000000000000,20,plan2_house,equal_area_intersection_geojson
19115115011,95,115,,,95,1.000000000000,20,plan2_house,equal_area_intersection_geojson
19007007011,24,007,,,24,0.000000000000,20,plan2_house,equal_area_intersection_geojson
19007007011,26,007,,,26,1.000000000000,20,plan2_house,equal_area_intersection_geojson
19007007013,26,007,,,26,1.000000000000,20,plan2_house,equal_area_intersection_geojson
19007007019,26,007,,,26,1.000000000000,20,plan2_house,equal_area_intersection_geojson
19007007014,26,007,,,26,1.000000000000,20,plan2_house,equal_area_intersection_geojson
19007007017,26,007,,,26,1.000000000000,20,plan2_house,equal_area_intersection_geojson
19007007018,26,007,,,26,1.000000000000,20,plan2_house,equal_area_intersection_geojson
19007007002,24,007,,,24,0.000000000000,20,plan2_house,equal_area_intersection_geojson
19007007002,26,007,,,26,1.000000000000,20,plan2_house,equal_area_intersection_geojson
19007007007,26,007,,,26,1.000000000000,20,plan2_house,equal_area_intersection_geojson
19007007021,24,007,,,24,0.000000000000,20,plan2_house,equal_area_intersection_geojson
19007007021,26,007,,,26,1.000000000000,20,plan2_house,equal_area_intersection_geojson
19007007009,24,007,,,24,1.000000000000,20,plan2_house,equal_area_intersection_geojson
19007007009,26,007,,,26,0.000000000000,20,plan2_house,equal_area_intersection_geojson
19007007010,24,007,,,24,1.000000000000,20,plan2_house,equal_area_intersection_geojson
19007007010,26,007,,,26,0.000000000000,20,plan2_house,equal_area_intersection_geojson
19007007020,26,007,,,26,1.000000000000,20,plan2_house,equal_area_intersection_geojson
19007007015,26,007,,,26,1.000000000000,20,plan2_house,equal_area_intersection_geojson
19007007001,24,007,,,24,1.000000000000,20,plan2_house,equal_area_intersection_geojson
19007007001,26,007,,,26,0.000000000000,20,plan2_house,equal_area_intersection_geojson
19007007004,26,007,,,26,1.000000000000,20,plan2_house,equal_area_intersection_geojson
19007007003,26,007,,,26,1.000000000000,20,plan2_house,equal_area_intersection_geojson
19007007006,26,007,,,26,1.000000000000,20,plan2_house,equal_area_intersection_geojson
19007007005,26,007,,,26,1.000000000000,20,plan2_house,equal_area_intersection_geojson
19007007008,26,007,,,26,1.000000000000,20,plan2_house,equal_area_intersection_geojson
19007007016,26,007,,,26,1.000000000000,20,plan2_house,equal_area_intersection_geojson
19007007012,26,007,,,26,1.000000000000,20,plan2_house,equal_area_intersection_geojson
19169169107,49,169,,,49,0.000000000000,20,plan2_house,equal_area_intersection_geojson
19169169107,50,169,,,50,1.000000000000,20,plan2_house,equal_area_intersection_geojson
19169169120,50,169,,,50,1.000000000000,20,plan2_house,equal_area_intersection_geojson
19169169120,51,169,,,51,0.000000000000,20,plan2_house,equal_area_intersection_geojson
19169169108,49,169,,,49,0.000000000000,20,plan2_house,equal_area_intersection_geojson
19169169108,50,169,,,50,1.000000000000,20,plan2_house,equal_area_intersection_geojson
19169169108,51,169,,,51,0.000000000000,20,plan2_house,equal_area_intersection_geojson
19169169105,49,169,,,49,0.999999999999,20,plan2_house,equal_area_intersection_geojson
19169169105,50,169,,,50,0.000000000000,20,plan2_house,equal_area_intersection_geojson
19169169105,51,169,,,51,0.000000000001,20,plan2_house,equal_area_intersection_geojson
19169169109,50,169,,,50,1.000000000000,20,plan2_house,equal_area_intersection_geojson
19169169104,49,169,,,49,1.000000000000,20,plan2_house,equal_area_intersection_geojson
19169169103,48,169,,,48,0.000000000000,20,plan2_house,equal_area_intersection_geojson
19169169103,49,169,,,49,1.000000000000,20,plan2_house,equal_area_intersection_geojson
19169169103,51,169,,,51,0.000000000000,20,plan2_house,equal_area_intersection_geojson
19169169119,49,169,,,49,0.000000000000,20,plan2_house,equal_area_intersection_geojson
19169169119,50,169,,,50,1.000000000000,20,plan2_house,equal_area_intersection_geojson
19169169106,49,169,,,49,1.000000000000,20,plan2_house,equal_area_intersection_geojson
19169169106,50,169,,,50,0.000000000000,20,plan2_house,equal_area_intersection_geojson
19169169102,48,169,,,48,0.000000000000,20,plan2_house,equal_area_intersection_geojson
19169169102,49,169,,,49,1.000000000000,20,plan2_house,equal_area_intersection_geojson
19169169102,50,169,,,50,0.000000000000,20,plan2_house,equal_area_intersection_geojson
19169169118,49,169,,,49,1.000000000000,20,plan2_house,equal_area_intersection_geojson
19169169113,49,169,,,49,0.000000000000,20,plan2_house,equal_area_intersection_geojson
19169169113,50,169,,,50,1.000000000000,20,plan2_house,equal_area_intersection_geojson
19169169117,49,169,,,49,1.000000000000,20,plan2_house,equal_area_intersection_geojson
19169169116,49,169,,,49,1.000000000000,20,plan2_house,equal_area_intersection_geojson
19169169112,49,169,,,49,0.000000000000,20,plan2_house,equal_area_intersection_geojson
19169169112,50,169,,,50,1.000000000000,20,plan2_house,equal_area_intersection_geojson
19131131010,60,131,,,60,1.000000000000,20,plan2_house,equal_area_intersection_geojson
19131131015,58,131,,,58,0.000000000000,20,plan2_house,equal_area_intersection_geojson
19131131015,60,131,,,60,1.000000000000,20,plan2_house,equal_area_intersection_geojson
19131131009,60,131,,,60,1.000000000000,20,plan2_house,equal_area_intersection_geojson
19131131009,63,131,,,63,0.000000000000,20,plan2_house,equal_area_intersection_geojson
19131131005,60,131,,,60,1.000000000000,20,plan2_house,equal_area_intersection_geojson
19131131005,63,131,,,63,0.000000000000,20,plan2_house,equal_area_intersection_geojson
19131131006,60,131,,,60,1.000000000000,20,plan2_house,equal_area_intersection_geojson
19131131018,58,131,,,58,0.000000000000,20,plan2_house,equal_area_intersection_geojson
19131131018,60,131,,,60,1.000000000000,20,plan2_house,equal_area_intersection_geojson
19131131018,63,131,,,63,0.000000000000,20,plan2_house,equal_area_intersection_geojson
19131131008,60,131,,,60,1.000000000000,20,plan2_house,equal_area_intersection_geojson
19131131008,63,131,,,63,0.000000000000,20,plan2_house,equal_area_intersection_geojson
19131131007,60,131,,,60,1.000000000000,20,plan2_house,equal_area_intersection_geojson
19131131007,63,131,,,63,0.000000000000,20,plan2_house,equal_area_intersection_geojson
19131131003,60,131,,,60,1.000000000000,20,plan2_house,equal_area_intersection_geojson
19131131011,60,131,,,60,1.000000000000,20,plan2_house,equal_area_intersection_geojson
19131131013,60,131,,,60,1.000000000000,20,plan2_house,equal_area_intersection_geojson
19131131001,60,131,,,60,1.000000000000,20,plan2_house,equal_area_intersection_geojson
19131131019,60,131,,,60,1.000000000000,20,plan2_house,equal_area_intersection_geojson
19131131016,60,131,,,60,1.000000000000,20,plan2_house,equal_area_intersection_geojson
19131131014,60,131,,,60,1.000000000000,20,plan2_house,equal_area_intersection_geojson
19131131012,60,131,,,60,1.000000000000,20,plan2_house,equal_area_intersection_geojson
19131131004,60,131,,,60,1.000000000000,20,plan2_house,equal_area_intersection_geojson
19131131002,60,131,,,60,1.000000000000,20,plan2_house,equal_area_intersection_geojson
19131131017,58,131,,,58,0.000000000000,20,plan2_house,equal_area_intersection_geojson
19131131017,60,131,,,60,1.000000000000,20,plan2_house,equal_area_intersection_geojson
19175175008,17,175,,,17,1.000000000000,20,plan2_house,equal_area_intersection_geojson
19175175008,23,175,,,23,0.000000000000,20,plan2_house,equal_area_intersection_geojson
19175175003,17,175,,,17,0.000000000000,20,plan2_house,equal_area_intersection_geojson
19175175003,23,175,,,23,1.000000000000,20,plan2_house,equal_area_intersection_geojson
19175175009,17,175,,,17,1.000000000000,20,plan2_house,equal_area_intersection_geojson
19175175011,17,175,,,17,1.000000000000,20,plan2_house,equal_area_intersection_geojson
19175175012,17,175,,,17,1.000000000000,20,plan2_house,equal_area_intersection_geojson
19175175006,17,175,,,17,1.000000000000,20,plan2_house,equal_area_intersection_geojson
19175175006,23,175,,,23,0.000000000000,20,plan2_house,equal_area_intersection_geojson
19175175007,17,175,,,17,1.000000000000,20,plan2_house,equal_area_intersection_geojson
19175175007,23,175,,,23,0.000000000000,20,plan2_house,equal_area_intersection_geojson
19175175005,23,175,,,23,1.000000000000,20,plan2_house,equal_area_intersection_geojson
19175175002,17,175,,,17,0.000000000000,20,plan2_house,equal_area_intersection_geojson
19175175002,23,175,,,23,1.000000000000,20,plan2_house,equal_area_intersection_geojson
19175175004,23,175,,,23,1.000000000000,20,plan2_house,equal_area_intersection_geojson
19175175010,17,175,,,17,1.000000000000,20,plan2_house,equal_area_intersection_geojson
19175175014,17,175,,,17,0.000000000000,20,plan2_house,equal_area_intersection_geojson
19175175014,23,175,,,23,1.000000000000,20,plan2_house,equal_area_intersection_geojson
19175175013,17,175,,,17,1.000000000000,20,plan2_house,equal_area_intersection_geojson
19175175013,23,175,,,23,0.000000000000,20,plan2_house,equal_area_intersection_geojson
19175175001,17,175,,,17,1.000000000000,20,plan2_house,equal_area_intersection_geojson
19175175001,23,175,,,23,0.000000000000,20,plan2_house,equal_area_intersection_geojson
19189189010,9,189,,,9,1.000000000000,20,plan2_house,equal_area_intersection_geojson
19189189007,9,189,,,9,1.000000000000,20,plan2_house,equal_area_intersection_geojson
19189189006,60,189,,,60,0.000000000000,20,plan2_house,equal_area_intersection_geojson
19189189006,9,189,,,9,1.000000000000,20,plan2_house,equal_area_intersection_geojson
19189189002,9,189,,,9,1.000000000000,20,plan2_house,equal_area_intersection_geojson
19189189015,56,189,,,56,0.000000000000,20,plan2_house,equal_area_intersection_geojson
19189189015,9,189,,,9,1.000000000000,20,plan2_house,equal_area_intersection_geojson
19189189014,9,189,,,9,1.000000000000,20,plan2_house,equal_area_intersection_geojson
19189189013,56,189,,,56,0.000000000000,20,plan2_house,equal_area_intersection_geojson
19189189013,9,189,,,9,1.000000000000,20,plan2_house,equal_area_intersection_geojson
19189189005,9,189,,,9,1.000000000000,20,plan2_house,equal_area_intersection_geojson
19189189004,60,189,,,60,0.000000000000,20,plan2_house,equal_area_intersection_geojson
19189189004,9,189,,,9,1.000000000000,20,plan2_house,equal_area_intersection_geojson
19189189011,56,189,,,56,0.000000000000,20,plan2_house,equal_area_intersection_geojson
19189189011,9,189,,,9,1.000000000000,20,plan2_house,equal_area_intersection_geojson
19189189009,9,189,,,9,1.000000000000,20,plan2_house,equal_area_intersection_geojson
19189189001,9,189,,,9,1.000000000000,20,plan2_house,equal_area_intersection_geojson
19189189016,56,189,,,56,0.000000000000,20,plan2_house,equal_area_intersection_geojson
19189189016,60,189,,,60,0.000000000000,20,plan2_house,equal_area_intersection_geojson
19189189016,9,189,,,9,1.000000000000,20,plan2_house,equal_area_intersection_geojson
19189189008,9,189,,,9,1.000000000000,20,plan2_house,equal_area_intersection_geojson
19189189003,9,189,,,9,1.000000000000,20,plan2_house,equal_area_intersection_geojson
19189189012,56,189,,,56,0.000000000000,20,plan2_house,equal_area_intersection_geojson
19189189012,9,189,,,9,1.000000000000,20,plan2_house,equal_area_intersection_geojson
19095095003,84,095,,,84,0.000000000000,20,plan2_house,equal_area_intersection_geojson
19095095003,91,095,,,91,1.000000000000,20,plan2_house,equal_area_intersection_geojson
19095095021,53,095,,,53,0.000000000000,20,plan2_house,equal_area_intersection_geojson
19095095021,88,095,,,88,0.000000000000,20,plan2_house,equal_area_intersection_geojson
19095095021,91,095,,,91,1.000000000000,20,plan2_house,equal_area_intersection_geojson
19095095020,88,095,,,88,0.000000000000,20,plan2_house,equal_area_intersection_geojson
19095095020,91,095,,,91,1.000000000000,20,plan2_house,equal_area_intersection_geojson
19095095019,88,095,,,88,0.000000000000,20,plan2_house,equal_area_intersection_geojson
19095095019,91,095,,,91,1.000000000000,20,plan2_house,equal_area_intersection_geojson
19095095011,88,095,,,88,0.000000000000,20,plan2_house,equal_area_intersection_geojson
19095095011,91,095,,,91,1.000000000000,20,plan2_house,equal_area_intersection_geojson
19095095018,91,095,,,91,1.000000000000,20,plan2_house,equal_area_intersection_geojson
19095095015,91,095,,,91,1.000000000000,20,plan2_house,equal_area_intersection_geojson
19095095015,92,095,,,92,0.000000000000,20,plan2_house,equal_area_intersection_geojson
19095095009,53,095,,,53,0.000000000000,20,plan2_house,equal_area_intersection_geojson
19095095009,91,095,,,91,1.000000000000,20,plan2_house,equal_area_intersection_geojson
19095095012,91,095,,,91,1.000000000000,20,plan2_house,equal_area_intersection_geojson
19095095010,91,095,,,91,1.000000000000,20,plan2_house,equal_area_intersection_geojson
19095095007,91,095,,,91,1.000000000000,20,plan2_house,equal_area_intersection_geojson
19095095001,53,095,,,53,0.000000000000,20,plan2_house,equal_area_intersection_geojson
19095095001,84,095,,,84,0.000000000000,20,plan2_house,equal_area_intersection_geojson
19095095001,91,095,,,91,1.000000000000,20,plan2_house,equal_area_intersection_geojson
19095095017,91,095,,,91,1.000000000000,20,plan2_house,equal_area_intersection_geojson
19095095006,91,095,,,91,1.000000000000,20,plan2_house,equal_area_intersection_geojson
19095095005,91,095,,,91,1.000000000000,20,plan2_house,equal_area_intersection_geojson
19095095013,53,095,,,53,0.000000000000,20,plan2_house,equal_area_intersection_geojson
19095095013,91,095,,,91,1.000000000000,20,plan2_house,equal_area_intersection_geojson
19095095002,84,095,,,84,0.000000000000,20,plan2_house,equal_area_intersection_geojson
19095095002,91,095,,,91,1.000000000000,20,plan2_house,equal_area_intersection_geojson
19095095014,91,095,,,91,1.000000000000,20,plan2_house,equal_area_intersection_geojson
19095095004,91,095,,,91,1.000000000000,20,plan2_house,equal_area_intersection_geojson
19095095008,91,095,,,91,1.000000000000,20,plan2_house,equal_area_intersection_geojson
19095095016,91,095,,,91,1.000000000000,20,plan2_house,equal_area_intersection_geojson
19193193003,13,193,,,13,1.000000000000,20,plan2_house,equal_area_intersection_geojson
19193193003,2,193,,,2,0.000000000000,20,plan2_house,equal_area_intersection_geojson
19193193013,13,193,,,13,0.000000000000,20,plan2_house,equal_area_intersection_geojson
19193193013,2,193,,,2,1.000000000000,20,plan2_house,equal_area_intersection_geojson
19193193002,13,193,,,13,0.000000000000,20,plan2_house,equal_area_intersection_geojson
19193193002,2,193,,,2,1.000000000000,20,plan2_house,equal_area_intersection_geojson
19193193001,13,193,,,13,0.000000000000,20,plan2_house,equal_area_intersection_geojson
19193193001,14,193,,,14,0.000000000000,20,plan2_house,equal_area_intersection_geojson
19193193001,2,193,,,2,1.000000000000,20,plan2_house,equal_area_intersection_geojson
19193193017,14,193,,,14,1.000000000000,20,plan2_house,equal_area_intersection_geojson
19193193015,13,193,,,13,0.000000000000,20,plan2_house,equal_area_intersection_geojson
19193193015,14,193,,,14,1.000000000000,20,plan2_house,equal_area_intersection_geojson
19193193015,2,193,,,2,0.000000000000,20,plan2_house,equal_area_intersection_geojson
19193193058,14,193,,,14,1.000000000000,20,plan2_house,equal_area_intersection_geojson
19193193058,2,193,,,2,0.000000000000,20,plan2_house,equal_area_intersection_geojson
19193193014,13,193,,,13,1.000000000000,20,plan2_house,equal_area_intersection_geojson
19193193014,2,193,,,2,0.000000000000,20,plan2_house,equal_area_intersection_geojson
19193193019,13,193,,,13,1.000000000000,20,plan2_house,equal_area_intersection_geojson
19193193021,13,193,,,13,1.000000000000,20,plan2_house,equal_area_intersection_geojson
19193193009,13,193,,,13,1.000000000000,20,plan2_house,equal_area_intersection_geojson
19193193023,13,193,,,13,1.000000000000,20,plan2_house,equal_area_intersection_geojson
19193193010,13,193,,,13,1.000000000000,20,plan2_house,equal_area_intersection_geojson
19193193030,13,193,,,13,1.000000000000,20,plan2_house,equal_area_intersection_geojson
19193193030,14,193,,,14,0.000000000000,20,plan2_house,equal_area_intersection_geojson
19193193016,13,193,,,13,0.000000000000,20,plan2_house,equal_area_intersection_geojson
19193193016,14,193,,,14,1.000000000000,20,plan2_house,equal_area_intersection_geojson
19193193025,12,193,,,12,0.000000000000,20,plan2_house,equal_area_intersection_geojson
19193193025,13,193,,,13,1.000000000000,20,plan2_house,equal_area_intersection_geojson
19193193027,13,193,,,13,1.000000000000,20,plan2_house,equal_area_intersection_geojson
19193193018,13,193,,,13,0.000000000000,20,plan2_house,equal_area_intersection_geojson
19193193018,14,193,,,14,1.000000000000,20,plan2_house,equal_area_intersection_geojson
19193193022,13,193,,,13,1.000000000000,20,plan2_house,equal_area_intersection_geojson
19193193024,12,193,,,12,0.000000000000,20,plan2_house,equal_area_intersection_geojson
19193193024,13,193,,,13,1.000000000000,20,plan2_house,equal_area_intersection_geojson
19193193012,13,193,,,13,1.000000000000,20,plan2_house,equal_area_intersection_geojson
19193193012,2,193,,,2,0.000000000000,20,plan2_house,equal_area_intersection_geojson
19193193026,13,193,,,13,1.000000000000,20,plan2_house,equal_area_intersection_geojson
19193193007,12,193,,,12,0.000000000000,20,plan2_house,equal_area_intersection_geojson
19193193007,13,193,,,13,1.000000000000,20,plan2_house,equal_area_intersection_geojson
19193193008,12,193,,,12,0.000000000000,20,plan2_house,equal_area_intersection_geojson
19193193008,13,193,,,13,1.000000000000,20,plan2_house,equal_area_intersection_geojson
19193193006,13,193,,,13,1.000000000000,20,plan2_house,equal_area_intersection_geojson
19193193004,13,193,,,13,1.000000000000,20,plan2_house,equal_area_intersection_geojson
19193193029,13,193,,,13,1.000000000000,20,plan2_house,equal_area_intersection_geojson
19193193055,14,193,,,14,1.000000000000,20,plan2_house,equal_area_intersection_geojson
19193193040,13,193,,,13,0.000000000000,20,plan2_house,equal_area_intersection_geojson
19193193040,2,193,,,2,1.000000000000,20,plan2_house,equal_area_intersection_geojson
19193193056,14,193,,,14,1.000000000000,20,plan2_house,equal_area_intersection_geojson
19193193049,2,193,,,2,1.000000000000,20,plan2_house,equal_area_intersection_geojson
19193193041,1,193,,,1,1.000000000000,20,plan2_house,equal_area_intersection_geojson
19193193041,2,193,,,2,0.000000000000,20,plan2_house,equal_area_intersection_geojson
19193193045,2,193,,,2,1.000000000000,20,plan2_house,equal_area_intersection_geojson
19193193043,14,193,,,14,0.000000000000,20,plan2_house,equal_area_intersection_geojson
19193193043,2,193,,,2,1.000000000000,20,plan2_house,equal_area_intersection_geojson
19193193048,13,193,,,13,0.000000000000,20,plan2_house,equal_area_intersection_geojson
19193193048,2,193,,,2,1.000000000000,20,plan2_house,equal_area_intersection_geojson
19193193050,1,193,,,1,0.000695613886,20,plan2_house,equal_area_intersection_geojson
19193193050,14,193,,,14,0.000000000000,20,plan2_house,equal_area_intersection_geojson
19193193050,2,193,,,2,0.999304386114,20,plan2_house,equal_area_intersection_geojson
19193193028,13,193,,,13,1.000000000000,20,plan2_house,equal_area_intersection_geojson
19193193035,1,193,,,1,1.000000000000,20,plan2_house,equal_area_intersection_geojson
19193193037,1,193,,,1,1.000000000000,20,plan2_house,equal_area_intersection_geojson
19193193037,2,193,,,2,0.000000000000,20,plan2_house,equal_area_intersection_geojson
19193193042,1,193,,,1,0.999999999999,20,plan2_house,equal_area_intersection_geojson
19193193042,2,193,,,2,0.000000000001,20,plan2_house,equal_area_intersection_geojson
19193193032,1,193,,,1,1.000000000000,20,plan2_house,equal_area_intersection_geojson
19193193057,14,193,,,14,1.000000000000,20,plan2_house,equal_area_intersection_geojson
19193193038,1,193,,,1,1.000000000000,20,plan2_house,equal_area_intersection_geojson
19193193038,2,193,,,2,0.000000000000,20,plan2_house,equal_area_intersection_geojson
19193193046,1,193,,,1,0.000000000000,20,plan2_house,equal_area_intersection_geojson
19193193046,2,193,,,2,1.000000000000,20,plan2_house,equal_area_intersection_geojson
19193193053,14,193,,,14,0.999865843277,20,plan2_house,equal_area_intersection_geojson
19193193053,2,193,,,2,0.000134156723,20,plan2_house,equal_area_intersection_geojson
19193193039,1,193,,,1,0.999999999999,20,plan2_house,equal_area_intersection_geojson
19193193039,2,193,,,2,0.000000000001,20,plan2_house,equal_area_intersection_geojson
19193193031,1,193,,,1,0.000000000000,20,plan2_house,equal_area_intersection_geojson
19193193031,2,193,,,2,1.000000000000,20,plan2_house,equal_area_intersection_geojson
19193193005,12,193,,,12,0.000000000000,20,plan2_house,equal_area_intersection_geojson
19193193005,13,193,,,13,1.000000000000,20,plan2_house,equal_area_intersection_geojson
19193193020,13,193,,,13,1.000000000000,20,plan2_house,equal_area_intersection_geojson
19193193011,13,193,,,13,1.000000000000,20,plan2_house,equal_area_intersection_geojson
19193193051,14,193,,,14,0.000000000000,20,plan2_house,equal_area_intersection_geojson
19193193051,2,193,,,2,1.000000000000,20,plan2_house,equal_area_intersection_geojson
19193193033,1,193,,,1,1.000000000000,20,plan2_house,equal_area_intersection_geojson
19193193033,2,193,,,2,0.000000000000,20,plan2_house,equal_area_intersection_geojson
19193193052,14,193,,,14,1.000000000000,20,plan2_house,equal_area_intersection_geojson
19193193052,2,193,,,2,0.000000000000,20,plan2_house,equal_area_intersection_geojson
19193193034,1,193,,,1,1.000000000000,20,plan2_house,equal_area_intersection_geojson
19193193054,14,193,,,14,1.000000000000,20,plan2_house,equal_area_intersection_geojson
19193193036,1,193,,,1,1.000000000000,20,plan2_house,equal_area_intersection_geojson
19193193044,1,193,,,1,0.975970443306,20,plan2_house,equal_area_intersection_geojson
19193193044,2,193,,,2,0.024029556694,20,plan2_house,equal_area_intersection_geojson
19193193047,2,193,,,2,1.000000000000,20,plan2_house,equal_area_intersection_geojson
19185185007,24,185,,,24,1.000000000000,20,plan2_house,equal_area_intersection_geojson
19185185009,24,185,,,24,1.000000000000,20,plan2_house,equal_area_intersection_geojson
19185185016,24,185,,,24,1.000000000000,20,plan2_house,equal_area_intersection_geojson
19185185006,24,185,,,24,1.000000000000,20,plan2_house,equal_area_intersection_geojson
19185185008,24,185,,,24,1.000000000000,20,plan2_house,equal_area_intersection_geojson
19185185017,24,185,,,24,1.000000000000,20,plan2_house,equal_area_intersection_geojson
19185185018,24,185,,,24,1.000000000000,20,plan2_house,equal_area_intersection_geojson
19185185015,24,185,,,24,1.000000000000,20,plan2_house,equal_area_intersection_geojson
19185185012,24,185,,,24,1.000000000000,20,plan2_house,equal_area_intersection_geojson
19185185010,24,185,,,24,1.000000000000,20,plan2_house,equal_area_intersection_geojson
19185185014,24,185,,,24,1.000000000000,20,plan2_house,equal_area_intersection_geojson
19185185014,26,185,,,26,0.000000000000,20,plan2_house,equal_area_intersection_geojson
19185185001,24,185,,,24,1.000000000000,20,plan2_house,equal_area_intersection_geojson
19185185005,24,185,,,24,1.000000000000,20,plan2_house,equal_area_intersection_geojson
19185185003,24,185,,,24,1.000000000000,20,plan2_house,equal_area_intersection_geojson
19185185013,24,185,,,24,1.000000000000,20,plan2_house,equal_area_intersection_geojson
19185185013,26,185,,,26,0.000000000000,20,plan2_house,equal_area_intersection_geojson
19185185011,24,185,,,24,1.000000000000,20,plan2_house,equal_area_intersection_geojson
19185185002,24,185,,,24,1.000000000000,20,plan2_house,equal_area_intersection_geojson
19185185004,24,185,,,24,1.000000000000,20,plan2_house,equal_area_intersection_geojson
19133133012,13,133,,,13,1.000000000000,20,plan2_house,equal_area_intersection_geojson
19133133014,13,133,,,13,1.000000000000,20,plan2_house,equal_area_intersection_geojson
19133133017,13,133,,,13,1.000000000000,20,plan2_house,equal_area_intersection_geojson
19133133009,13,133,,,13,1.000000000000,20,plan2_house,equal_area_intersection_geojson
19133133011,13,133,,,13,1.000000000000,20,plan2_house,equal_area_intersection_geojson
19133133006,12,133,,,12,0.000000000000,20,plan2_house,equal_area_intersection_geojson
19133133006,13,133,,,13,1.000000000000,20,plan2_house,equal_area_intersection_geojson
19133133007,13,133,,,13,1.000000000000,20,plan2_house,equal_area_intersection_geojson
19133133001,13,133,,,13,1.000000000000,20,plan2_house,equal_area_intersection_geojson
19133133015,13,133,,,13,1.000000000000,20,plan2_house,equal_area_intersection_geojson
19133133004,13,133,,,13,1.000000000000,20,plan2_house,equal_area_intersection_geojson
19133133020,12,133,,,12,0.000000000000,20,plan2_house,equal_area_intersection_geojson
19133133020,13,133,,,13,1.000000000000,20,plan2_house,equal_area_intersection_geojson
19133133020,15,133,,,15,0.000000000000,20,plan2_house,equal_area_intersection_geojson
19133133018,13,133,,,13,1.000000000000,20,plan2_house,equal_area_intersection_geojson
19133133010,13,133,,,13,1.000000000000,20,plan2_house,equal_area_intersection_geojson
19133133002,13,133,,,13,1.000000000000,20,plan2_house,equal_area_intersection_geojson
19133133013,13,133,,,13,1.000000000000,20,plan2_house,equal_area_intersection_geojson
19133133005,13,133,,,13,1.000000000000,20,plan2_house,equal_area_intersection_geojson
19133133016,13,133,,,13,1.000000000000,20,plan2_house,equal_area_intersection_geojson
19133133008,12,133,,,12,0.000000000000,20,plan2_house,equal_area_intersection_geojson
19133133008,13,133,,,13,1.000000000000,20,plan2_house,equal_area_intersection_geojson
19133133003,13,133,,,13,1.000000000000,20,plan2_house,equal_area_intersection_geojson
19133133021,13,133,,,13,1.000000000000,20,plan2_house,equal_area_intersection_geojson
19133133021,15,133,,,15,0.000000000000,20,plan2_house,equal_area_intersection_geojson
19133133023,13,133,,,13,1.000000000000,20,plan2_house,equal_area_intersection_geojson
19133133023,15,133,,,15,0.000000000000,20,plan2_house,equal_area_intersection_geojson
19133133022,13,133,,,13,1.000000000000,20,plan2_house,equal_area_intersection_geojson
19133133022,15,133,,,15,0.000000000000,20,plan2_house,equal_area_intersection_geojson
19133133019,12,133,,,12,0.000000000000,20,plan2_house,equal_area_intersection_geojson
19133133019,13,133,,,13,1.000000000000,20,plan2_house,equal_area_intersection_geojson
19065065002,63,065,,,63,1.000000000000,20,plan2_house,equal_area_intersection_geojson
19065065002,68,065,,,68,0.000000000000,20,plan2_house,equal_area_intersection_geojson
19065065011,58,065,,,58,0.000000000000,20,plan2_house,equal_area_intersection_geojson
19065065011,68,065,,,68,1.000000000000,20,plan2_house,equal_area_intersection_geojson
19065065010,58,065,,,58,0.000000000000,20,plan2_house,equal_area_intersection_geojson
19065065010,63,065,,,63,0.000000000000,20,plan2_house,equal_area_intersection_geojson
19065065010,68,065,,,68,1.000000000000,20,plan2_house,equal_area_intersection_geojson
19065065013,68,065,,,68,1.000000000000,20,plan2_house,equal_area_intersection_geojson
19065065005,63,065,,,63,1.000000000000,20,plan2_house,equal_area_intersection_geojson
19065065005,68,065,,,68,0.000000000000,20,plan2_house,equal_area_intersection_geojson
19065065004,63,065,,,63,1.000000000000,20,plan2_house,equal_area_intersection_geojson
19065065004,64,065,,,64,0.000000000000,20,plan2_house,equal_area_intersection_geojson
19065065004,68,065,,,68,0.000000000000,20,plan2_house,equal_area_intersection_geojson
19065065003,63,065,,,63,1.000000000000,20,plan2_house,equal_area_intersection_geojson
19065065003,68,065,,,68,0.000000000000,20,plan2_house,equal_area_intersection_geojson
19065065001,58,065,,,58,0.000000000000,20,plan2_house,equal_area_intersection_geojson
19065065001,63,065,,,63,1.000000000000,20,plan2_house,equal_area_intersection_geojson
19065065001,68,065,,,68,0.000000000000,20,plan2_house,equal_area_intersection_geojson
19065065016,64,065,,,64,0.000000000000,20,plan2_house,equal_area_intersection_geojson
19065065016,68,065,,,68,1.000000000000,20,plan2_house,equal_area_intersection_geojson
19065065014,68,065,,,68,1.000000000000,20,plan2_house,equal_area_intersection_geojson
19065065019,68,065,,,68,1.000000000000,20,plan2_house,equal_area_intersection_geojson
19065065018,68,065,,,68,1.000000000000,20,plan2_house,equal_area_intersection_geojson
19065065015,64,065,,,64,0.000000000000,20,plan2_house,equal_area_intersection_geojson
19065065015,68,065,,,68,1.000000000000,20,plan2_house,equal_area_intersection_geojson
19065065023,68,065,,,68,1.000000000000,20,plan2_house,equal_area_intersection_geojson
19065065021,68,065,,,68,1.000000000000,20,plan2_house,equal_area_intersection_geojson
19065065020,58,065,,,58,0.000000000000,20,plan2_house,equal_area_intersection_geojson
19065065020,68,065,,,68,1.000000000000,20,plan2_house,equal_area_intersection_geojson
19065065022,68,065,,,68,1.000000000000,20,plan2_house,equal_area_intersection_geojson
19065065006,63,065,,,63,0.000000000000,20,plan2_house,equal_area_intersection_geojson
19065065006,68,065,,,68,1.000000000000,20,plan2_house,equal_area_intersection_geojson
19065065008,64,065,,,64,0.000000000000,20,plan2_house,equal_area_intersection_geojson
19065065008,67,065,,,67,0.000000000000,20,plan2_house,equal_area_intersection_geojson
19065065008,68,065,,,68,1.000000000000,20,plan2_house,equal_area_intersection_geojson
19065065024,68,065,,,68,1.000000000000,20,plan2_house,equal_area_intersection_geojson
19065065025,68,065,,,68,1.000000000000,20,plan2_house,equal_area_intersection_geojson
19065065017,68,065,,,68,1.000000000000,20,plan2_house,equal_area_intersection_geojson
19065065007,63,065,,,63,0.000000000000,20,plan2_house,equal_area_intersection_geojson
19065065007,68,065,,,68,1.000000000000,20,plan2_house,equal_area_intersection_geojson
19065065009,63,065,,,63,0.000000000000,20,plan2_house,equal_area_intersection_geojson
19065065009,68,065,,,68,1.000000000000,20,plan2_house,equal_area_intersection_geojson
19065065012,68,065,,,68,1.000000000000,20,plan2_house,equal_area_intersection_geojson
19071071012,16,071,,,16,1.000000000000,20,plan2_house,equal_area_intersection_geojson
19071071008,16,071,,,16,1.000000000000,20,plan2_house,equal_area_intersection_geojson
19071071007,16,071,,,16,1.000000000000,20,plan2_house,equal_area_intersection_geojson
19071071007,18,071,,,18,0.000000000000,20,plan2_house,equal_area_intersection_geojson
19071071002,16,071,,,16,1.000000000000,20,plan2_house,equal_area_intersection_geojson
19071071014,16,071,,,16,1.000000000000,20,plan2_house,equal_area_intersection_geojson
19071071016,16,071,,,16,1.000000000000,20,plan2_house,equal_area_intersection_geojson
19071071016,18,071,,,18,0.000000000000,20,plan2_house,equal_area_intersection_geojson
19071071015,16,071,,,16,1.000000000000,20,plan2_house,equal_area_intersection_geojson
19071071005,16,071,,,16,1.000000000000,20,plan2_house,equal_area_intersection_geojson
19071071005,18,071,,,18,0.000000000000,20,plan2_house,equal_area_intersection_geojson
19071071010,16,071,,,16,1.000000000000,20,plan2_house,equal_area_intersection_geojson
19071071004,16,071,,,16,1.000000000000,20,plan2_house,equal_area_intersection_geojson
19071071009,16,071,,,16,1.000000000000,20,plan2_house,equal_area_intersection_geojson
19071071001,16,071,,,16,1.000000000000,20,plan2_house,equal_area_intersection_geojson
19071071011,16,071,,,16,1.000000000000,20,plan2_house,equal_area_intersection_geojson
19071071003,16,071,,,16,1.000000000000,20,plan2_house,equal_area_intersection_geojson
19071071006,16,071,,,16,1.000000000000,20,plan2_house,equal_area_intersection_geojson
19071071006,18,071,,,18,0.000000000000,20,plan2_house,equal_area_intersection_geojson
19071071013,16,071,,,16,1.000000000000,20,plan2_house,equal_area_intersection_geojson
19025025002,7,025,,,7,1.000000000000,20,plan2_house,equal_area_intersection_geojson
19025025004,7,025,,,7,1.000000000000,20,plan2_house,equal_area_intersection_geojson
19025025021,11,025,,,11,0.000000000000,20,plan2_house,equal_area_intersection_geojson
19025025021,7,025,,,7,1.000000000000,20,plan2_house,equal_area_intersection_geojson
19025025017,7,025,,,7,1.000000000000,20,plan2_house,equal_area_intersection_geojson
19025025016,7,025,,,7,1.000000000000,20,plan2_house,equal_area_intersection_geojson
19025025001,7,025,,,7,1.000000000000,20,plan2_house,equal_area_intersection_geojson
19025025010,7,025,,,7,1.000000000000,20,plan2_house,equal_area_intersection_geojson
19025025008,7,025,,,7,1.000000000000,20,plan2_house,equal_area_intersection_geojson
19025025020,47,025,,,47,0.000000000000,20,plan2_house,equal_area_intersection_geojson
19025025020,7,025,,,7,1.000000000000,20,plan2_house,equal_area_intersection_geojson
19025025013,7,025,,,7,1.000000000000,20,plan2_house,equal_area_intersection_geojson
19025025011,7,025,,,7,1.000000000000,20,plan2_house,equal_area_intersection_geojson
19025025012,7,025,,,7,1.000000000000,20,plan2_house,equal_area_intersection_geojson
19025025007,7,025,,,7,1.000000000000,20,plan2_house,equal_area_intersection_geojson
19025025023,11,025,,,11,0.000000000000,20,plan2_house,equal_area_intersection_geojson
19025025023,7,025,,,7,1.000000000000,20,plan2_house,equal_area_intersection_geojson
19025025022,7,025,,,7,1.000000000000,20,plan2_house,equal_area_intersection_geojson
19025025014,7,025,,,7,1.000000000000,20,plan2_house,equal_area_intersection_geojson
19025025006,7,025,,,7,1.000000000000,20,plan2_house,equal_area_intersection_geojson
19025025005,7,025,,,7,1.000000000000,20,plan2_house,equal_area_intersection_geojson
19025025015,7,025,,,7,1.000000000000,20,plan2_house,equal_area_intersection_geojson
19025025019,7,025,,,7,1.000000000000,20,plan2_house,equal_area_intersection_geojson
19025025018,47,025,,,47,0.000000000000,20,plan2_house,equal_area_intersection_geojson
19025025018,7,025,,,7,1.000000000000,20,plan2_house,equal_area_intersection_geojson
19025025003,7,025,,,7,1.000000000000,20,plan2_house,equal_area_intersection_geojson
19025025009,7,025,,,7,1.000000000000,20,plan2_house,equal_area_intersection_geojson
19169169015,38,169,,,38,0.000000000000,20,plan2_house,equal_area_intersection_geojson
19169169015,51,169,,,51,1.000000000000,20,plan2_house,equal_area_intersection_geojson
19169169009,48,169,,,48,0.000000000000,20,plan2_house,equal_area_intersection_geojson
19169169009,49,169,,,49,0.000000000000,20,plan2_house,equal_area_intersection_geojson
19169169009,50,169,,,50,0.000000000000,20,plan2_house,equal_area_intersection_geojson
19169169009,51,169,,,51,1.000000000000,20,plan2_house,equal_area_intersection_geojson
19169169009,55,169,,,55,0.000000000000,20,plan2_house,equal_area_intersection_geojson
19169169110,50,169,,,50,1.000000000000,20,plan2_house,equal_area_intersection_geojson
19169169110,51,169,,,51,0.000000000000,20,plan2_house,equal_area_intersection_geojson
19169169013,49,169,,,49,0.000000000000,20,plan2_house,equal_area_intersection_geojson
19169169013,51,169,,,51,1.000000000000,20,plan2_house,equal_area_intersection_geojson
19169169011,48,169,,,48,0.000000000000,20,plan2_house,equal_area_intersection_geojson
19169169011,49,169,,,49,1.000000000000,20,plan2_house,equal_area_intersection_geojson
19169169011,51,169,,,51,0.000000000000,20,plan2_house,equal_area_intersection_geojson
19169169002,51,169,,,51,0.000000000000,20,plan2_house,equal_area_intersection_geojson
19169169002,55,169,,,55,1.000000000000,20,plan2_house,equal_area_intersection_geojson
19169169003,55,169,,,55,1.000000000000,20,plan2_house,equal_area_intersection_geojson
19169169001,48,169,,,48,0.000000000000,20,plan2_house,equal_area_intersection_geojson
19169169001,51,169,,,51,0.000000000000,20,plan2_house,equal_area_intersection_geojson
19169169001,55,169,,,55,1.000000000000,20,plan2_house,equal_area_intersection_geojson
19169169004,51,169,,,51,1.000000000000,20,plan2_house,equal_area_intersection_geojson
19169169004,55,169,,,55,0.000000000000,20,plan2_house,equal_area_intersection_geojson
19169169115,50,169,,,50,1.000000000000,20,plan2_house,equal_area_intersection_geojson
19169169115,51,169,,,51,0.000000000000,20,plan2_house,equal_area_intersection_geojson
19169169016,45,169,,,45,0.000000000000,20,plan2_house,equal_area_intersection_geojson
19169169016,51,169,,,51,1.000000000000,20,plan2_house,equal_area_intersection_geojson
19169169005,51,169,,,51,1.000000000000,20,plan2_house,equal_area_intersection_geojson
19169169005,54,169,,,54,0.000000000000,20,plan2_house,equal_area_intersection_geojson
19169169019,51,169,,,51,1.000000000000,20,plan2_house,equal_area_intersection_geojson
19169169018,45,169,,,45,0.000000000000,20,plan2_house,equal_area_intersection_geojson
19169169018,48,169,,,48,0.000000000000,20,plan2_house,equal_area_intersection_geojson
19169169018,51,169,,,51,1.000000000000,20,plan2_house,equal_area_intersection_geojson
19169169008,49,169,,,49,0.000000000000,20,plan2_house,equal_area_intersection_geojson
19169169008,51,169,,,51,1.000000000000,20,plan2_house,equal_area_intersection_geojson
19169169008,55,169,,,55,0.000000000000,20,plan2_house,equal_area_intersection_geojson
19169169021,45,169,,,45,0.000000000000,20,plan2_house,equal_area_intersection_geojson
19169169021,48,169,,,48,0.999999999999,20,plan2_house,equal_area_intersection_geojson
19169169021,51,169,,,51,0.000000000001,20,plan2_house,equal_area_intersection_geojson
19169169022,48,169,,,48,1.000000000000,20,plan2_house,equal_area_intersection_geojson
19169169022,51,169,,,51,0.000000000000,20,plan2_house,equal_area_intersection_geojson
19169169010,48,169,,,48,0.986903334087,20,plan2_house,equal_area_intersection_geojson
19169169010,49,169,,,49,0.013096665913,20,plan2_house,equal_area_intersection_geojson
19169169010,50,169,,,50,0.000000000000,20,plan2_house,equal_area_intersection_geojson
19169169010,51,169,,,51,0.000000000000,20,plan2_house,equal_area_intersection_geojson
19169169020,48,169,,,48,0.000000000000,20,plan2_house,equal_area_intersection_geojson
19169169020,51,169,,,51,1.000000000000,20,plan2_house,equal_area_intersection_geojson
19169169114,48,169,,,48,0.000000000000,20,plan2_house,equal_area_intersection_geojson
19169169114,49,169,,,49,0.000000000000,20,plan2_house,equal_area_intersection_geojson
19169169114,50,169,,,50,1.000000000000,20,plan2_house,equal_area_intersection_geojson
19169169012,49,169,,,49,0.000000000000,20,plan2_house,equal_area_intersection_geojson
19169169012,51,169,,,51,1.000000000000,20,plan2_house,equal_area_intersection_geojson
19169169007,51,169,,,51,1.000000000000,20,plan2_house,equal_area_intersection_geojson
19169169017,45,169,,,45,0.000000000000,20,plan2_house,equal_area_intersection_geojson
19169169017,49,169,,,49,0.000000000000,20,plan2_house,equal_area_intersection_geojson
19169169017,51,169,,,51,1.000000000000,20,plan2_house,equal_area_intersection_geojson
19169169014,51,169,,,51,1.000000000000,20,plan2_house,equal_area_intersection_geojson
19169169006,51,169,,,51,1.000000000000,20,plan2_house,equal_area_intersection_geojson
19169169111,49,169,,,49,1.000000000000,20,plan2_house,equal_area_intersection_geojson
19169169111,50,169,,,50,0.000000000000,20,plan2_house,equal_area_intersection_geojson
19169169101,48,169,,,48,1.000000000000,20,plan2_house,equal_area_intersection_geojson
19169169101,49,169,,,49,0.000000000000,20,plan2_house,equal_area_intersection_geojson
19079079003,55,079,,,55,1.000000000000,20,plan2_house,equal_area_intersection_geojson
19079079004,55,079,,,55,1.000000000000,20,plan2_house,equal_area_intersection_geojson
19079079002,55,079,,,55,1.000000000000,20,plan2_house,equal_area_intersection_geojson
19079079010,55,079,,,55,1.000000000000,20,plan2_house,equal_area_intersection_geojson
19079079021,55,079,,,55,1.000000000000,20,plan2_house,equal_area_intersection_geojson
19079079020,48,079,,,48,0.000000000000,20,plan2_house,equal_area_intersection_geojson
19079079020,55,079,,,55,1.000000000000,20,plan2_house,equal_area_intersection_geojson
19079079019,55,079,,,55,1.000000000000,20,plan2_house,equal_area_intersection_geojson
19079079011,55,079,,,55,1.000000000000,20,plan2_house,equal_area_intersection_geojson
19079079011,8,079,,,8,0.000000000000,20,plan2_house,equal_area_intersection_geojson
19079079001,55,079,,,55,1.000000000000,20,plan2_house,equal_area_intersection_geojson
19079079001,56,079,,,56,0.000000000000,20,plan2_house,equal_area_intersection_geojson
19079079001,8,079,,,8,0.000000000000,20,plan2_house,equal_area_intersection_geojson
19079079013,55,079,,,55,1.000000000000,20,plan2_house,equal_area_intersection_geojson
19079079008,55,079,,,55,1.000000000000,20,plan2_house,equal_area_intersection_geojson
19079079009,55,079,,,55,1.000000000000,20,plan2_house,equal_area_intersection_geojson
19079079007,55,079,,,55,1.000000000000,20,plan2_house,equal_area_intersection_geojson
19079079016,54,079,,,54,0.000000000000,20,plan2_house,equal_area_intersection_geojson
19079079016,55,079,,,55,1.000000000000,20,plan2_house,equal_area_intersection_geojson
19079079017,55,079,,,55,1.000000000000,20,plan2_house,equal_area_intersection_geojson
19079079014,55,079,,,55,1.000000000000,20,plan2_house,equal_area_intersection_geojson
19079079015,55,079,,,55,1.000000000000,20,plan2_house,equal_area_intersection_geojson
19079079022,48,079,,,48,0.000000000000,20,plan2_house,equal_area_intersection_geojson
19079079022,55,079,,,55,1.000000000000,20,plan2_house,equal_area_intersection_geojson
19079079023,55,079,,,55,1.000000000000,20,plan2_house,equal_area_intersection_geojson
19079079006,54,079,,,54,0.000000000000,20,plan2_house,equal_area_intersection_geojson
19079079006,55,079,,,55,1.000000000000,20,plan2_house,equal_area_intersection_geojson
19079079018,55,079,,,55,1.000000000000,20,plan2_house,equal_area_intersection_geojson
19079079012,55,079,,,55,1.000000000000,20,plan2_house,equal_area_intersection_geojson
19079079012,8,079,,,8,0.000000000000,20,plan2_house,equal_area_intersection_geojson
19079079005,54,079,,,54,0.000000000000,20,plan2_house,equal_area_intersection_geojson
19079079005,55,079,,,55,1.000000000000,20,plan2_house,equal_area_intersection_geojson
19015015027,48,015,,,48,1.000000000000,20,plan2_house,equal_area_intersection_geojson
19005005009,64,005,,,64,1.000000000000,20,plan2_house,equal_area_intersection_geojson
19005005020,64,005,,,64,1.000000000000,20,plan2_house,equal_area_intersection_geojson
19005005018,64,005,,,64,1.000000000000,20,plan2_house,equal_area_intersection_geojson
19005005001,63,005,,,63,0.000000000000,20,plan2_house,equal_area_intersection_geojson
19005005001,64,005,,,64,1.000000000000,20,plan2_house,equal_area_intersection_geojson
19005005005,64,005,,,64,1.000000000000,20,plan2_house,equal_area_intersection_geojson
19005005006,63,005,,,63,0.000000000000,20,plan2_house,equal_area_intersection_geojson
19005005006,64,005,,,64,1.000000000000,20,plan2_house,equal_area_intersection_geojson
19005005003,64,005,,,64,1.000000000000,20,plan2_house,equal_area_intersection_geojson
19005005015,64,005,,,64,1.000000000000,20,plan2_house,equal_area_intersection_geojson
19005005013,64,005,,,64,1.000000000000,20,plan2_house,equal_area_intersection_geojson
19005005010,64,005,,,64,1.000000000000,20,plan2_house,equal_area_intersection_geojson
19005005004,64,005,,,64,1.000000000000,20,plan2_house,equal_area_intersection_geojson
19005005019,64,005,,,64,1.000000000000,20,plan2_house,equal_area_intersection_geojson
19005005014,63,005,,,63,0.000000000000,20,plan2_house,equal_area_intersection_geojson
19005005014,64,005,,,64,1.000000000000,20,plan2_house,equal_area_intersection_geojson
19005005008,64,005,,,64,1.000000000000,20,plan2_house,equal_area_intersection_geojson
19005005012,64,005,,,64,1.000000000000,20,plan2_house,equal_area_intersection_geojson
19005005017,64,005,,,64,1.000000000000,20,plan2_house,equal_area_intersection_geojson
19005005016,63,005,,,63,0.000000000000,20,plan2_house,equal_area_intersection_geojson
19005005016,64,005,,,64,1.000000000000,20,plan2_house,equal_area_intersection_geojson
19005005011,64,005,,,64,1.000000000000,20,plan2_house,equal_area_intersection_geojson
19005005002,64,005,,,64,1.000000000000,20,plan2_house,equal_area_intersection_geojson
19005005007,64,005,,,64,1.000000000000,20,plan2_house,equal_area_intersection_geojson
19113113110,80,113,,,80,1.000000000000,20,plan2_house,equal_area_intersection_geojson
19153153376,22,153,,,22,0.000000000000,20,plan2_house,equal_area_intersection_geojson
19153153376,30,153,,,30,1.000000000000,20,plan2_house,equal_area_intersection_geojson
19103103004,83,103,,,83,0.000000000000,20,plan2_house,equal_area_intersection_geojson
19103103004,85,103,,,85,0.000000000000,20,plan2_house,equal_area_intersection_geojson
19103103004,91,103,,,91,1.000000000000,20,plan2_house,equal_area_intersection_geojson
19103103005,85,103,,,85,1.000000000000,20,plan2_house,equal_area_intersection_geojson
19103103005,91,103,,,91,0.000000000000,20,plan2_house,equal_area_intersection_geojson
19103103006,82,103,,,82,0.000000000000,20,plan2_house,equal_area_intersection_geojson
19103103006,83,103,,,83,0.000000000000,20,plan2_house,equal_area_intersection_geojson
19103103006,85,103,,,85,1.000000000000,20,plan2_house,equal_area_intersection_geojson
19103103006,91,103,,,91,0.000000000000,20,plan2_house,equal_area_intersection_geojson
19103103017,85,103,,,85,0.000000000000,20,plan2_house,equal_area_intersection_geojson
19103103017,86,103,,,86,1.000000000000,20,plan2_house,equal_area_intersection_geojson
19103103017,89,103,,,89,0.000000000000,20,plan2_house,equal_area_intersection_geojson
19103103017,90,103,,,90,0.000000000000,20,plan2_house,equal_area_intersection_geojson
19103103012,86,103,,,86,0.000000000000,20,plan2_house,equal_area_intersection_geojson
19103103012,91,103,,,91,1.000000000000,20,plan2_house,equal_area_intersection_geojson
19103103012,92,103,,,92,0.000000000000,20,plan2_house,equal_area_intersection_geojson
19103103025,86,103,,,86,0.000000000000,20,plan2_house,equal_area_intersection_geojson
19103103025,89,103,,,89,0.000000000000,20,plan2_house,equal_area_intersection_geojson
19103103025,92,103,,,92,1.000000000000,20,plan2_house,equal_area_intersection_geojson
19103103026,89,103,,,89,1.000000000000,20,plan2_house,equal_area_intersection_geojson
19103103026,90,103,,,90,0.000000000000,20,plan2_house,equal_area_intersection_geojson
19103103014,86,103,,,86,0.000000000000,20,plan2_house,equal_area_intersection_geojson
19103103014,91,103,,,91,1.000000000000,20,plan2_house,equal_area_intersection_geojson
19103103024,85,103,,,85,1.000000000000,20,plan2_house,equal_area_intersection_geojson
19103103022,92,103,,,92,1.000000000000,20,plan2_house,equal_area_intersection_geojson
19103103022,95,103,,,95,0.000000000000,20,plan2_house,equal_area_intersection_geojson
19103103015,85,103,,,85,1.000000000000,20,plan2_house,equal_area_intersection_geojson
19103103015,86,103,,,86,0.000000000000,20,plan2_house,equal_area_intersection_geojson
19103103015,91,103,,,91,0.000000000000,20,plan2_house,equal_area_intersection_geojson
19103103007,85,103,,,85,1.000000000000,20,plan2_house,equal_area_intersection_geojson
19103103007,92,103,,,92,0.000000000000,20,plan2_house,equal_area_intersection_geojson
19103103013,91,103,,,91,1.000000000000,20,plan2_house,equal_area_intersection_geojson
19103103013,92,103,,,92,0.000000000000,20,plan2_house,equal_area_intersection_geojson
19103103033,86,103,,,86,0.000000000000,20,plan2_house,equal_area_intersection_geojson
19103103033,89,103,,,89,0.000000000000,20,plan2_house,equal_area_intersection_geojson
19103103033,90,103,,,90,0.999999999999,20,plan2_house,equal_area_intersection_geojson
19103103035,86,103,,,86,0.000000000000,20,plan2_house,equal_area_intersection_geojson
19103103035,89,103,,,89,0.000000000000,20,plan2_house,equal_area_intersection_geojson
19103103035,90,103,,,90,1.000000000000,20,plan2_house,equal_area_intersection_geojson
19103103041,89,103,,,89,1.000000000000,20,plan2_house,equal_area_intersection_geojson
19103103041,90,103,,,90,0.000000000000,20,plan2_house,equal_area_intersection_geojson
19103103034,85,103,,,85,0.000000000000,20,plan2_house,equal_area_intersection_geojson
19103103034,86,103,,,86,1.000000000000,20,plan2_house,equal_area_intersection_geojson
19103103034,90,103,,,90,0.000000000000,20,plan2_house,equal_area_intersection_geojson
19103103051,85,103,,,85,0.000000000000,20,plan2_house,equal_area_intersection_geojson
19103103051,90,103,,,90,1.000000000000,20,plan2_house,equal_area_intersection_geojson
19103103050,89,103,,,89,0.000000000001,20,plan2_house,equal_area_intersection_geojson
19103103050,90,103,,,90,0.999999999999,20,plan2_house,equal_area_intersection_geojson
19103103044,89,103,,,89,1.000000000000,20,plan2_house,equal_area_intersection_geojson
19103103040,89,103,,,89,1.000000000000,20,plan2_house,equal_area_intersection_geojson
19103103040,92,103,,,92,0.000000000000,20,plan2_house,equal_area_intersection_geojson
19103103037,86,103,,,86,1.000000000000,20,plan2_house,equal_area_intersection_geojson
19103103037,89,103,,,89,0.000000000000,20,plan2_house,equal_area_intersection_geojson
19103103003,77,103,,,77,0.000000000000,20,plan2_house,equal_area_intersection_geojson
19103103003,91,103,,,91,1.000000000000,20,plan2_house,equal_area_intersection_geojson
19103103002,77,103,,,77,0.000000000000,20,plan2_house,equal_area_intersection_geojson
19103103002,85,103,,,85,0.000000000000,20,plan2_house,equal_area_intersection_geojson
19103103002,91,103,,,91,1.000000000000,20,plan2_house,equal_area_intersection_geojson
19103103052,85,103,,,85,1.000000000000,20,plan2_house,equal_area_intersection_geojson
19103103052,86,103,,,86,0.000000000000,20,plan2_house,equal_area_intersection_geojson
19103103052,90,103,,,90,0.000000000000,20,plan2_house,equal_area_intersection_geojson
19103103039,86,103,,,86,0.000000000000,20,plan2_house,equal_area_intersection_geojson
19103103039,89,103,,,89,1.000000000000,20,plan2_house,equal_area_intersection_geojson
19103103039,92,103,,,92,0.000000000000,20,plan2_house,equal_area_intersection_geojson
19103103029,92,103,,,92,1.000000000000,20,plan2_house,equal_area_intersection_geojson
19103103049,89,103,,,89,0.999999999998,20,plan2_house,equal_area_intersection_geojson
19103103049,90,103,,,90,0.000000000002,20,plan2_house,equal_area_intersection_geojson
19103103030,92,103,,,92,1.000000000000,20,plan2_house,equal_area_intersection_geojson
19103103053,85,103,,,85,0.000000000000,20,plan2_house,equal_area_intersection_geojson
19103103053,90,103,,,90,1.000000000000,20,plan2_house,equal_area_intersection_geojson
19103103053,92,103,,,92,0.000000000000,20,plan2_house,equal_area_intersection_geojson
19103103048,89,103,,,89,1.000000000000,20,plan2_house,equal_area_intersection_geojson
19103103048,90,103,,,90,0.000000000000,20,plan2_house,equal_area_intersection_geojson
19103103045,89,103,,,89,1.000000000000,20,plan2_house,equal_area_intersection_geojson
19103103045,90,103,,,90,0.000000000000,20,plan2_house,equal_area_intersection_geojson
19103103047,89,103,,,89,0.000000000000,20,plan2_house,equal_area_intersection_geojson
19103103047,90,103,,,90,1.000000000000,20,plan2_house,equal_area_intersection_geojson
19103103020,82,103,,,82,0.000000000000,20,plan2_house,equal_area_intersection_geojson
19103103020,92,103,,,92,1.000000000000,20,plan2_house,equal_area_intersection_geojson
19103103010,85,103,,,85,0.015014917181,20,plan2_house,equal_area_intersection_geojson
19103103010,91,103,,,91,0.984985082819,20,plan2_house,equal_area_intersection_geojson
19103103043,89,103,,,89,1.000000000000,20,plan2_house,equal_area_intersection_geojson
19103103043,90,103,,,90,0.000000000000,20,plan2_house,equal_area_intersection_geojson
19103103043,92,103,,,92,0.000000000000,20,plan2_house,equal_area_intersection_geojson
19103103046,90,103,,,90,1.000000000000,20,plan2_house,equal_area_intersection_geojson
19103103031,90,103,,,90,1.000000000000,20,plan2_house,equal_area_intersection_geojson
19103103036,89,103,,,89,0.000000000000,20,plan2_house,equal_area_intersection_geojson
19103103036,90,103,,,90,1.000000000000,20,plan2_house,equal_area_intersection_geojson
19103103036,92,103,,,92,0.000000000000,20,plan2_house,equal_area_intersection_geojson
19103103042,89,103,,,89,1.000000000000,20,plan2_house,equal_area_intersection_geojson
19103103042,90,103,,,90,0.000000000000,20,plan2_house,equal_area_intersection_geojson
19103103042,92,103,,,92,0.000000000000,20,plan2_house,equal_area_intersection_geojson
19103103001,84,103,,,84,0.000000000000,20,plan2_house,equal_area_intersection_geojson
19103103001,91,103,,,91,1.000000000000,20,plan2_house,equal_area_intersection_geojson
19103103008,85,103,,,85,1.000000000000,20,plan2_house,equal_area_intersection_geojson
19103103008,90,103,,,90,0.000000000000,20,plan2_house,equal_area_intersection_geojson
19103103008,91,103,,,91,0.000000000000,20,plan2_house,equal_area_intersection_geojson
19103103008,92,103,,,92,0.000000000000,20,plan2_house,equal_area_intersection_geojson
19103103011,91,103,,,91,1.000000000000,20,plan2_house,equal_area_intersection_geojson
19103103054,90,103,,,90,0.999999999999,20,plan2_house,equal_area_intersection_geojson
19103103054,92,103,,,92,0.000000000001,20,plan2_house,equal_area_intersection_geojson
19103103009,85,103,,,85,1.000000000000,20,plan2_house,equal_area_intersection_geojson
19103103009,86,103,,,86,0.000000000000,20,plan2_house,equal_area_intersection_geojson
19103103009,91,103,,,91,0.000000000000,20,plan2_house,equal_area_intersection_geojson
19103103021,89,103,,,89,0.000000000000,20,plan2_house,equal_area_intersection_geojson
19103103021,92,103,,,92,1.000000000000,20,plan2_house,equal_area_intersection_geojson
19103103018,82,103,,,82,0.000000000000,20,plan2_house,equal_area_intersection_geojson
19103103018,85,103,,,85,0.000000000000,20,plan2_house,equal_area_intersection_geojson
19103103018,89,103,,,89,0.000000000000,20,plan2_house,equal_area_intersection_geojson
19103103018,90,103,,,90,0.000000000000,20,plan2_house,equal_area_intersection_geojson
19103103018,92,103,,,92,1.000000000000,20,plan2_house,equal_area_intersection_geojson
19103103038,86,103,,,86,1.000000000000,20,plan2_house,equal_area_intersection_geojson
19103103038,89,103,,,89,0.000000000000,20,plan2_house,equal_area_intersection_geojson
19103103038,92,103,,,92,0.000000000000,20,plan2_house,equal_area_intersection_geojson
19103103032,89,103,,,89,1.000000000000,20,plan2_house,equal_area_intersection_geojson
19103103032,90,103,,,90,0.000000000000,20,plan2_house,equal_area_intersection_geojson
19103103028,91,103,,,91,0.000000000000,20,plan2_house,equal_area_intersection_geojson
19103103028,92,103,,,92,1.000000000000,20,plan2_house,equal_area_intersection_geojson
19103103016,86,103,,,86,0.000000000000,20,plan2_house,equal_area_intersection_geojson
19103103016,91,103,,,91,0.000000000000,20,plan2_house,equal_area_intersection_geojson
19103103016,92,103,,,92,1.000000000000,20,plan2_house,equal_area_intersection_geojson
19103103027,91,103,,,91,1.000000000000,20,plan2_house,equal_area_intersection_geojson
19103103027,92,103,,,92,0.000000000000,20,plan2_house,equal_area_intersection_geojson
19103103019,82,103,,,82,0.000000000001,20,plan2_house,equal_area_intersection_geojson
19103103019,92,103,,,92,0.999999999999,20,plan2_house,equal_area_intersection_geojson
19053053012,17,053,,,17,0.000000000000,20,plan2_house,equal_area_intersection_geojson
19053053012,24,053,,,24,1.000000000000,20,plan2_house,equal_area_intersection_geojson
19053053013,24,053,,,24,1.000000000000,20,plan2_house,equal_area_intersection_geojson
19053053019,24,053,,,24,1.000000000000,20,plan2_house,equal_area_intersection_geojson
19053053015,24,053,,,24,1.000000000000,20,plan2_house,equal_area_intersection_geojson
19053053010,24,053,,,24,1.000000000000,20,plan2_house,equal_area_intersection_geojson
19053053008,24,053,,,24,1.000000000000,20,plan2_house,equal_area_intersection_geojson
19053053014,24,053,,,24,1.000000000000,20,plan2_house,equal_area_intersection_geojson
19053053020,24,053,,,24,1.000000000000,20,plan2_house,equal_area_intersection_geojson
19053053004,24,053,,,24,1.000000000000,20,plan2_house,equal_area_intersection_geojson
19053053005,24,053,,,24,1.000000000000,20,plan2_house,equal_area_intersection_geojson
19053053006,24,053,,,24,1.000000000000,20,plan2_house,equal_area_intersection_geojson
19053053011,17,053,,,17,0.000000000000,20,plan2_house,equal_area_intersection_geojson
19053053011,24,053,,,24,1.000000000000,20,plan2_house,equal_area_intersection_geojson
19053053017,24,053,,,24,1.000000000000,20,plan2_house,equal_area_intersection_geojson
19053053007,24,053,,,24,1.000000000000,20,plan2_house,equal_area_intersection_geojson
19053053021,24,053,,,24,1.000000000000,20,plan2_house,equal_area_intersection_geojson
19053053009,24,053,,,24,1.000000000000,20,plan2_house,equal_area_intersection_geojson
19053053002,24,053,,,24,1.000000000000,20,plan2_house,equal_area_intersection_geojson
19053053003,24,053,,,24,1.000000000000,20,plan2_house,equal_area_intersection_geojson
19053053016,24,053,,,24,1.000000000000,20,plan2_house,equal_area_intersection_geojson
19053053018,24,053,,,24,1.000000000000,20,plan2_house,equal_area_intersection_geojson
19053053001,23,053,,,23,0.000000000000,20,plan2_house,equal_area_intersection_geojson
19053053001,24,053,,,24,1.000000000000,20,plan2_house,equal_area_intersection_geojson
19125125005,21,125,,,21,0.000000000000,20,plan2_house,equal_area_intersection_geojson
19125125005,37,125,,,37,1.000000000000,20,plan2_house,equal_area_intersection_geojson
19125125006,37,125,,,37,1.000000000000,20,plan2_house,equal_area_intersection_geojson
19125125011,21,125,,,21,0.000000000000,20,plan2_house,equal_area_intersection_geojson
19125125011,24,125,,,24,0.000000000000,20,plan2_house,equal_area_intersection_geojson
19125125011,37,125,,,37,1.000000000000,20,plan2_house,equal_area_intersection_geojson
19125125010,21,125,,,21,1.000000000000,20,plan2_house,equal_area_intersection_geojson
19125125010,37,125,,,37,0.000000000000,20,plan2_house,equal_area_intersection_geojson
19125125012,21,125,,,21,0.000000000000,20,plan2_house,equal_area_intersection_geojson
19125125012,24,125,,,24,0.000000000000,20,plan2_house,equal_area_intersection_geojson
19125125012,37,125,,,37,1.000000000000,20,plan2_house,equal_area_intersection_geojson
19125125013,21,125,,,21,0.000000000000,20,plan2_house,equal_area_intersection_geojson
19125125013,24,125,,,24,0.000000000000,20,plan2_house,equal_area_intersection_geojson
19125125013,26,125,,,26,0.000000000000,20,plan2_house,equal_area_intersection_geojson
19125125013,37,125,,,37,1.000000000000,20,plan2_house,equal_area_intersection_geojson
19125125007,21,125,,,21,1.000000000000,20,plan2_house,equal_area_intersection_geojson
19125125007,37,125,,,37,0.000000000000,20,plan2_house,equal_area_intersection_geojson
19125125004,37,125,,,37,1.000000000000,20,plan2_house,equal_area_intersection_geojson
19125125003,37,125,,,37,1.000000000000,20,plan2_house,equal_area_intersection_geojson
19125125014,26,125,,,26,0.000000000000,20,plan2_house,equal_area_intersection_geojson
19125125014,37,125,,,37,1.000000000000,20,plan2_house,equal_area_intersection_geojson
19125125001,21,125,,,21,0.000000000000,20,plan2_house,equal_area_intersection_geojson
19125125001,37,125,,,37,1.000000000000,20,plan2_house,equal_area_intersection_geojson
19125125002,21,125,,,21,0.000000000000,20,plan2_house,equal_area_intersection_geojson
19125125002,37,125,,,37,1.000000000000,20,plan2_house,equal_area_intersection_geojson
19125125009,21,125,,,21,0.000000000000,20,plan2_house,equal_area_intersection_geojson
19125125009,22,125,,,22,0.000000000000,20,plan2_house,equal_area_intersection_geojson
19125125009,37,125,,,37,1.000000000000,20,plan2_house,equal_area_intersection_geojson
19125125008,21,125,,,21,1.000000000000,20,plan2_house,equal_area_intersection_geojson
19125125008,37,125,,,37,0.000000000000,20,plan2_house,equal_area_intersection_geojson
19145145018,17,145,,,17,1.000000000000,20,plan2_house,equal_area_intersection_geojson
19145145019,17,145,,,17,1.000000000000,20,plan2_house,equal_area_intersection_geojson
19145145017,17,145,,,17,1.000000000000,20,plan2_house,equal_area_intersection_geojson
19145145021,17,145,,,17,0.000000000000,20,plan2_house,equal_area_intersection_geojson
19145145021,18,145,,,18,1.000000000000,20,plan2_house,equal_area_intersection_geojson
19145145020,17,145,,,17,1.000000000000,20,plan2_house,equal_area_intersection_geojson
19145145020,18,145,,,18,0.000000000000,20,plan2_house,equal_area_intersection_geojson
19145145003,18,145,,,18,1.000000000000,20,plan2_house,equal_area_intersection_geojson
19145145022,16,145,,,16,0.000000000000,20,plan2_house,equal_area_intersection_geojson
19145145022,17,145,,,17,0.000000000000,20,plan2_house,equal_area_intersection_geojson
19145145022,18,145,,,18,1.000000000000,20,plan2_house,equal_area_intersection_geojson
19145145015,17,145,,,17,1.000000000000,20,plan2_house,equal_area_intersection_geojson
19145145015,18,145,,,18,0.000000000000,20,plan2_house,equal_area_intersection_geojson
19145145002,18,145,,,18,1.000000000000,20,plan2_house,equal_area_intersection_geojson
19145145010,16,145,,,16,0.000000000000,20,plan2_house,equal_area_intersection_geojson
19145145010,18,145,,,18,1.000000000000,20,plan2_house,equal_area_intersection_geojson
19145145009,16,145,,,16,0.000000000000,20,plan2_house,equal_area_intersection_geojson
19145145009,18,145,,,18,1.000000000000,20,plan2_house,equal_area_intersection_geojson
19145145013,17,145,,,17,1.000000000000,20,plan2_house,equal_area_intersection_geojson
19145145013,18,145,,,18,0.000000000000,20,plan2_house,equal_area_intersection_geojson
19145145014,17,145,,,17,1.000000000000,20,plan2_house,equal_area_intersection_geojson
19145145012,17,145,,,17,0.000000000000,20,plan2_house,equal_area_intersection_geojson
19145145012,18,145,,,18,1.000000000000,20,plan2_house,equal_area_intersection_geojson
19145145011,16,145,,,16,0.000000000000,20,plan2_house,equal_area_intersection_geojson
19145145011,18,145,,,18,1.000000000000,20,plan2_house,equal_area_intersection_geojson
19145145005,17,145,,,17,1.000000000000,20,plan2_house,equal_area_intersection_geojson
19145145005,18,145,,,18,0.000000000000,20,plan2_house,equal_area_intersection_geojson
19145145016,17,145,,,17,1.000000000000,20,plan2_house,equal_area_intersection_geojson
19145145016,18,145,,,18,0.000000000000,20,plan2_house,equal_area_intersection_geojson
19145145006,17,145,,,17,0.000000000000,20,plan2_house,equal_area_intersection_geojson
19145145006,18,145,,,18,1.000000000000,20,plan2_house,equal_area_intersection_geojson
19145145008,18,145,,,18,1.000000000000,20,plan2_house,equal_area_intersection_geojson
19145145001,16,145,,,16,0.000000000000,20,plan2_house,equal_area_intersection_geojson
19145145001,18,145,,,18,1.000000000000,20,plan2_house,equal_area_intersection_geojson
19145145007,18,145,,,18,1.000000000000,20,plan2_house,equal_area_intersection_geojson
19145145004,18,145,,,18,1.000000000000,20,plan2_house,equal_area_intersection_geojson
19127127002,51,127,,,51,1.000000000000,20,plan2_house,equal_area_intersection_geojson
19127127002,54,127,,,54,0.000000000000,20,plan2_house,equal_area_intersection_geojson
19127127007,51,127,,,51,1.000000000000,20,plan2_house,equal_area_intersection_geojson
19127127020,38,127,,,38,0.000000000000,20,plan2_house,equal_area_intersection_geojson
19127127020,51,127,,,51,1.000000000000,20,plan2_house,equal_area_intersection_geojson
19127127016,38,127,,,38,0.000000000000,20,plan2_house,equal_area_intersection_geojson
19127127016,52,127,,,52,1.000000000000,20,plan2_house,equal_area_intersection_geojson
19127127016,53,127,,,53,0.000000000000,20,plan2_house,equal_area_intersection_geojson
19127127017,38,127,,,38,0.000000000000,20,plan2_house,equal_area_intersection_geojson
19127127017,51,127,,,51,0.000000000000,20,plan2_house,equal_area_intersection_geojson
19127127017,52,127,,,52,1.000000000000,20,plan2_house,equal_area_intersection_geojson
19127127014,51,127,,,51,0.000000000000,20,plan2_house,equal_area_intersection_geojson
19127127014,52,127,,,52,1.000000000000,20,plan2_house,equal_area_intersection_geojson
19127127014,53,127,,,53,0.000000000000,20,plan2_house,equal_area_intersection_geojson
19127127028,52,127,,,52,1.000000000000,20,plan2_house,equal_area_intersection_geojson
19127127012,51,127,,,51,1.000000000000,20,plan2_house,equal_area_intersection_geojson
19127127012,52,127,,,52,0.000000000000,20,plan2_house,equal_area_intersection_geojson
19127127015,52,127,,,52,1.000000000000,20,plan2_house,equal_area_intersection_geojson
19127127015,53,127,,,53,0.000000000000,20,plan2_house,equal_area_intersection_geojson
19127127001,51,127,,,51,1.000000000000,20,plan2_house,equal_area_intersection_geojson
19127127010,51,127,,,51,1.000000000000,20,plan2_house,equal_area_intersection_geojson
19127127003,51,127,,,51,1.000000000000,20,plan2_house,equal_area_intersection_geojson
19127127019,51,127,,,51,1.000000000000,20,plan2_house,equal_area_intersection_geojson
19127127018,38,127,,,38,0.000000000000,20,plan2_house,equal_area_intersection_geojson
19127127018,51,127,,,51,1.000000000000,20,plan2_house,equal_area_intersection_geojson
19127127018,52,127,,,52,0.000000000000,20,plan2_house,equal_area_intersection_geojson
19127127008,51,127,,,51,1.000000000000,20,plan2_house,equal_area_intersection_geojson
19127127005,51,127,,,51,1.000000000000,20,plan2_house,equal_area_intersection_geojson
19127127005,52,127,,,52,0.000000000000,20,plan2_house,equal_area_intersection_geojson
19127127005,53,127,,,53,0.000000000000,20,plan2_house,equal_area_intersection_geojson
19127127027,51,127,,,51,0.000000000000,20,plan2_house,equal_area_intersection_geojson
19127127027,52,127,,,52,1.000000000000,20,plan2_house,equal_area_intersection_geojson
19127127009,51,127,,,51,1.000000000000,20,plan2_house,equal_area_intersection_geojson
19127127011,51,127,,,51,1.000000000000,20,plan2_house,equal_area_intersection_geojson
19127127025,52,127,,,52,1.000000000000,20,plan2_house,equal_area_intersection_geojson
19127127013,51,127,,,51,0.000000000000,20,plan2_house,equal_area_intersection_geojson
19127127013,52,127,,,52,1.000000000000,20,plan2_house,equal_area_intersection_geojson
19127127026,52,127,,,52,1.000000000000,20,plan2_house,equal_area_intersection_geojson
19127127004,51,127,,,51,1.000000000000,20,plan2_house,equal_area_intersection_geojson
19127127004,53,127,,,53,0.000000000000,20,plan2_house,equal_area_intersection_geojson
19127127004,54,127,,,54,0.000000000000,20,plan2_house,equal_area_intersection_geojson
19127127006,51,127,,,51,1.000000000000,20,plan2_house,equal_area_intersection_geojson
19127127022,52,127,,,52,1.000000000000,20,plan2_house,equal_area_intersection_geojson
19127127021,51,127,,,51,0.000000000000,20,plan2_house,equal_area_intersection_geojson
19127127021,52,127,,,52,1.000000000000,20,plan2_house,equal_area_intersection_geojson
19127127023,51,127,,,51,0.000000000000,20,plan2_house,equal_area_intersection_geojson
19127127023,52,127,,,52,1.000000000000,20,plan2_house,equal_area_intersection_geojson
19127127024,51,127,,,51,0.000000000000,20,plan2_house,equal_area_intersection_geojson
19127127024,52,127,,,52,1.000000000000,20,plan2_house,equal_area_intersection_geojson
19129129004,16,129,,,16,1.000000000000,20,plan2_house,equal_area_intersection_geojson
19129129004,18,129,,,18,0.000000000000,20,plan2_house,equal_area_intersection_geojson
19129129008,16,129,,,16,1.000000000000,20,plan2_house,equal_area_intersection_geojson
19129129016,16,129,,,16,1.000000000000,20,plan2_house,equal_area_intersection_geojson
19129129016,18,129,,,18,0.000000000000,20,plan2_house,equal_area_intersection_geojson
19129129010,16,129,,,16,1.000000000000,20,plan2_house,equal_area_intersection_geojson
19129129009,16,129,,,16,1.000000000000,20,plan2_house,equal_area_intersection_geojson
19129129015,16,129,,,16,1.000000000000,20,plan2_house,equal_area_intersection_geojson
19129129005,16,129,,,16,1.000000000000,20,plan2_house,equal_area_intersection_geojson
19129129005,18,129,,,18,0.000000000000,20,plan2_house,equal_area_intersection_geojson
19129129003,16,129,,,16,1.000000000000,20,plan2_house,equal_area_intersection_geojson
19129129012,16,129,,,16,1.000000000000,20,plan2_house,equal_area_intersection_geojson
19129129017,16,129,,,16,1.000000000000,20,plan2_house,equal_area_intersection_geojson
19129129002,15,129,,,15,0.000000000000,20,plan2_house,equal_area_intersection_geojson
19129129002,16,129,,,16,1.000000000000,20,plan2_house,equal_area_intersection_geojson
19129129011,16,129,,,16,1.000000000000,20,plan2_house,equal_area_intersection_geojson
19129129013,16,129,,,16,1.000000000000,20,plan2_house,equal_area_intersection_geojson
19129129014,16,129,,,16,1.000000000000,20,plan2_house,equal_area_intersection_geojson
19129129001,15,129,,,15,0.000000000000,20,plan2_house,equal_area_intersection_geojson
19129129001,16,129,,,16,1.000000000000,20,plan2_house,equal_area_intersection_geojson
19129129007,16,129,,,16,1.000000000000,20,plan2_house,equal_area_intersection_geojson
19123123008,88,123,,,88,1.000000000000,20,plan2_house,equal_area_intersection_geojson
19123123010,37,123,,,37,1.000000000000,20,plan2_house,equal_area_intersection_geojson
19123123010,88,123,,,88,0.000000000000,20,plan2_house,equal_area_intersection_geojson
19123123018,26,123,,,26,0.000000000000,20,plan2_house,equal_area_intersection_geojson
19123123018,88,123,,,88,1.000000000000,20,plan2_house,equal_area_intersection_geojson
19123123021,26,123,,,26,0.000000000000,20,plan2_house,equal_area_intersection_geojson
19123123021,37,123,,,37,0.999908408304,20,plan2_house,equal_area_intersection_geojson
19123123021,88,123,,,88,0.000091591696,20,plan2_house,equal_area_intersection_geojson
19123123017,88,123,,,88,1.000000000000,20,plan2_house,equal_area_intersection_geojson
19123123012,37,123,,,37,1.000000000000,20,plan2_house,equal_area_intersection_geojson
19123123012,88,123,,,88,0.000000000000,20,plan2_house,equal_area_intersection_geojson
19123123020,26,123,,,26,0.000000000000,20,plan2_house,equal_area_intersection_geojson
19123123020,37,123,,,37,0.000000000000,20,plan2_house,equal_area_intersection_geojson
19123123020,88,123,,,88,1.000000000000,20,plan2_house,equal_area_intersection_geojson
19123123019,26,123,,,26,0.000000000000,20,plan2_house,equal_area_intersection_geojson
19123123019,37,123,,,37,0.000000000000,20,plan2_house,equal_area_intersection_geojson
19123123019,88,123,,,88,1.000000000000,20,plan2_house,equal_area_intersection_geojson
19123123023,26,123,,,26,0.000000000000,20,plan2_house,equal_area_intersection_geojson
19123123023,37,123,,,37,1.000000000000,20,plan2_house,equal_area_intersection_geojson
19123123013,37,123,,,37,0.000000000000,20,plan2_house,equal_area_intersection_geojson
19123123013,88,123,,,88,1.000000000000,20,plan2_house,equal_area_intersection_geojson
19123123009,37,123,,,37,0.000000000000,20,plan2_house,equal_area_intersection_geojson
19123123009,88,123,,,88,1.000000000000,20,plan2_house,equal_area_intersection_geojson
19123123014,37,123,,,37,0.000000000000,20,plan2_house,equal_area_intersection_geojson
19123123014,88,123,,,88,1.000000000000,20,plan2_house,equal_area_intersection_geojson
19123123007,88,123,,,88,1.000000000000,20,plan2_house,equal_area_intersection_geojson
19123123005,53,123,,,53,0.000000000000,20,plan2_house,equal_area_intersection_geojson
19123123005,88,123,,,88,1.000000000000,20,plan2_house,equal_area_intersection_geojson
19123123006,88,123,,,88,1.000000000000,20,plan2_house,equal_area_intersection_geojson
19123123002,53,123,,,53,0.000000000000,20,plan2_house,equal_area_intersection_geojson
19123123002,88,123,,,88,1.000000000000,20,plan2_house,equal_area_intersection_geojson
19123123003,88,123,,,88,1.000000000000,20,plan2_house,equal_area_intersection_geojson
19123123001,37,123,,,37,1.000000000000,20,plan2_house,equal_area_intersection_geojson
19123123001,38,123,,,38,0.000000000000,20,plan2_house,equal_area_intersection_geojson
19123123001,88,123,,,88,0.000000000000,20,plan2_house,equal_area_intersection_geojson
19123123011,37,123,,,37,1.000000000000,20,plan2_house,equal_area_intersection_geojson
19123123015,88,123,,,88,1.000000000000,20,plan2_house,equal_area_intersection_geojson
19123123016,88,123,,,88,1.000000000000,20,plan2_house,equal_area_intersection_geojson
19123123004,53,123,,,53,0.000000000000,20,plan2_house,equal_area_intersection_geojson
19123123004,88,123,,,88,1.000000000000,20,plan2_house,equal_area_intersection_geojson
19123123022,26,123,,,26,0.000000000000,20,plan2_house,equal_area_intersection_geojson
19123123022,37,123,,,37,1.000000000000,20,plan2_house,equal_area_intersection_geojson
19123123024,37,123,,,37,1.000000000000,20,plan2_house,equal_area_intersection_geojson
19089089012,63,089,,,63,1.000000000000,20,plan2_house,equal_area_intersection_geojson
19089089004,63,089,,,63,1.000000000000,20,plan2_house,equal_area_intersection_geojson
19089089002,63,089,,,63,1.000000000000,20,plan2_house,equal_area_intersection_geojson
19089089003,63,089,,,63,1.000000000000,20,plan2_house,equal_area_intersection_geojson
19089089005,63,089,,,63,1.000000000000,20,plan2_house,equal_area_intersection_geojson
19089089011,58,089,,,58,0.000000000000,20,plan2_house,equal_area_intersection_geojson
19089089011,63,089,,,63,1.000000000000,20,plan2_house,equal_area_intersection_geojson
19089089006,63,089,,,63,1.000000000000,20,plan2_house,equal_area_intersection_geojson
19089089008,63,089,,,63,1.000000000000,20,plan2_house,equal_area_intersection_geojson
19089089009,60,089,,,60,0.000000000000,20,plan2_house,equal_area_intersection_geojson
19089089009,63,089,,,63,1.000000000000,20,plan2_house,equal_area_intersection_geojson
19089089014,58,089,,,58,0.000000000000,20,plan2_house,equal_area_intersection_geojson
19089089014,63,089,,,63,1.000000000000,20,plan2_house,equal_area_intersection_geojson
19089089015,58,089,,,58,0.000000000000,20,plan2_house,equal_area_intersection_geojson
19089089015,63,089,,,63,1.000000000000,20,plan2_house,equal_area_intersection_geojson
19089089001,60,089,,,60,0.000000000000,20,plan2_house,equal_area_intersection_geojson
19089089001,63,089,,,63,1.000000000000,20,plan2_house,equal_area_intersection_geojson
19089089013,58,089,,,58,0.000000000000,20,plan2_house,equal_area_intersection_geojson
19089089013,63,089,,,63,1.000000000000,20,plan2_house,equal_area_intersection_geojson
19089089007,63,089,,,63,1.000000000000,20,plan2_house,equal_area_intersection_geojson
19139139012,95,139,,,95,0.000000000000,20,plan2_house,equal_area_intersection_geojson
19139139012,96,139,,,96,1.000000000000,20,plan2_house,equal_area_intersection_geojson
19139139029,96,139,,,96,1.000000000000,20,plan2_house,equal_area_intersection_geojson
19139139020,96,139,,,96,1.000000000000,20,plan2_house,equal_area_intersection_geojson
19139139028,96,139,,,96,1.000000000000,20,plan2_house,equal_area_intersection_geojson
19139139025,96,139,,,96,1.000000000000,20,plan2_house,equal_area_intersection_geojson
19139139024,96,139,,,96,1.000000000000,20,plan2_house,equal_area_intersection_geojson
19139139021,96,139,,,96,1.000000000000,20,plan2_house,equal_area_intersection_geojson
19139139023,96,139,,,96,1.000000000000,20,plan2_house,equal_area_intersection_geojson
19139139022,96,139,,,96,1.000000000000,20,plan2_house,equal_area_intersection_geojson
19139139026,96,139,,,96,1.000000000000,20,plan2_house,equal_area_intersection_geojson
19139139027,95,139,,,95,0.000000000000,20,plan2_house,equal_area_intersection_geojson
19139139027,96,139,,,96,1.000000000000,20,plan2_house,equal_area_intersection_geojson
19139139016,95,139,,,95,1.000000000000,20,plan2_house,equal_area_intersection_geojson
19139139018,95,139,,,95,1.000000000000,20,plan2_house,equal_area_intersection_geojson
19139139018,96,139,,,96,0.000000000000,20,plan2_house,equal_area_intersection_geojson
19083083001,54,083,,,54,1.000000000000,20,plan2_house,equal_area_intersection_geojson
19083083001,55,083,,,55,0.000000000000,20,plan2_house,equal_area_intersection_geojson
19083083008,54,083,,,54,1.000000000000,20,plan2_house,equal_area_intersection_geojson
19083083008,55,083,,,55,0.000000000000,20,plan2_house,equal_area_intersection_geojson
19083083005,54,083,,,54,1.000000000000,20,plan2_house,equal_area_intersection_geojson
19083083019,51,083,,,51,0.000000000000,20,plan2_house,equal_area_intersection_geojson
19083083019,54,083,,,54,1.000000000000,20,plan2_house,equal_area_intersection_geojson
19083083013,54,083,,,54,1.000000000000,20,plan2_house,equal_area_intersection_geojson
19083083015,51,083,,,51,0.000000000000,20,plan2_house,equal_area_intersection_geojson
19083083015,54,083,,,54,1.000000000000,20,plan2_house,equal_area_intersection_geojson
19083083014,54,083,,,54,1.000000000000,20,plan2_house,equal_area_intersection_geojson
19083083007,54,083,,,54,1.000000000000,20,plan2_house,equal_area_intersection_geojson
19083083003,54,083,,,54,1.000000000000,20,plan2_house,equal_area_intersection_geojson
19083083003,55,083,,,55,0.000000000000,20,plan2_house,equal_area_intersection_geojson
19083083004,54,083,,,54,1.000000000000,20,plan2_house,equal_area_intersection_geojson
19083083004,55,083,,,55,0.000000000000,20,plan2_house,equal_area_intersection_geojson
19083083018,51,083,,,51,0.000000000000,20,plan2_house,equal_area_intersection_geojson
19083083018,54,083,,,54,1.000000000000,20,plan2_house,equal_area_intersection_geojson
19083083002,54,083,,,54,1.000000000000,20,plan2_house,equal_area_intersection_geojson
19083083006,54,083,,,54,1.000000000000,20,plan2_house,equal_area_intersection_geojson
19083083012,54,083,,,54,1.000000000000,20,plan2_house,equal_area_intersection_geojson
19083083017,51,083,,,51,0.000000000000,20,plan2_house,equal_area_intersection_geojson
19083083017,54,083,,,54,1.000000000000,20,plan2_house,equal_area_intersection_geojson
19083083009,54,083,,,54,1.000000000000,20,plan2_house,equal_area_intersection_geojson
19083083009,55,083,,,55,0.000000000000,20,plan2_house,equal_area_intersection_geojson
19083083010,54,083,,,54,1.000000000000,20,plan2_house,equal_area_intersection_geojson
19083083011,54,083,,,54,1.000000000000,20,plan2_house,equal_area_intersection_geojson
19083083016,54,083,,,54,1.000000000000,20,plan2_house,equal_area_intersection_geojson
19139139006,82,139,,,82,1.000000000000,20,plan2_house,equal_area_intersection_geojson
19139139006,96,139,,,96,0.000000000000,20,plan2_house,equal_area_intersection_geojson
19139139019,95,139,,,95,0.000000000000,20,plan2_house,equal_area_intersection_geojson
19139139019,96,139,,,96,1.000000000000,20,plan2_house,equal_area_intersection_geojson
19139139004,82,139,,,82,0.000000000000,20,plan2_house,equal_area_intersection_geojson
19139139004,96,139,,,96,1.000000000000,20,plan2_house,equal_area_intersection_geojson
19139139002,95,139,,,95,1.000000000000,20,plan2_house,equal_area_intersection_geojson
19139139008,82,139,,,82,1.000000000000,20,plan2_house,equal_area_intersection_geojson
19139139005,82,139,,,82,0.000000000000,20,plan2_house,equal_area_intersection_geojson
19139139005,96,139,,,96,1.000000000000,20,plan2_house,equal_area_intersection_geojson
19139139013,95,139,,,95,1.000000000000,20,plan2_house,equal_area_intersection_geojson
19139139013,96,139,,,96,0.000000000000,20,plan2_house,equal_area_intersection_geojson
19139139010,82,139,,,82,1.000000000000,20,plan2_house,equal_area_intersection_geojson
19139139010,96,139,,,96,0.000000000000,20,plan2_house,equal_area_intersection_geojson
19139139010,98,139,,,98,0.000000000000,20,plan2_house,equal_area_intersection_geojson
19139139003,82,139,,,82,1.000000000000,20,plan2_house,equal_area_intersection_geojson
19139139003,96,139,,,96,0.000000000000,20,plan2_house,equal_area_intersection_geojson
19139139015,95,139,,,95,1.000000000000,20,plan2_house,equal_area_intersection_geojson
19139139014,82,139,,,82,0.000000000000,20,plan2_house,equal_area_intersection_geojson
19139139014,92,139,,,92,0.000000000000,20,plan2_house,equal_area_intersection_geojson
19139139014,95,139,,,95,1.000000000000,20,plan2_house,equal_area_intersection_geojson
19139139017,95,139,,,95,1.000000000000,20,plan2_house,equal_area_intersection_geojson
19139139017,96,139,,,96,0.000000000000,20,plan2_house,equal_area_intersection_geojson
19139139011,82,139,,,82,0.000000000000,20,plan2_house,equal_area_intersection_geojson
19139139011,96,139,,,96,1.000000000000,20,plan2_house,equal_area_intersection_geojson
19139139001,82,139,,,82,1.000000000000,20,plan2_house,equal_area_intersection_geojson
19139139001,92,139,,,92,0.000000000000,20,plan2_house,equal_area_intersection_geojson
19139139007,82,139,,,82,1.000000000000,20,plan2_house,equal_area_intersection_geojson
19089089010,58,089,,,58,0.000000000000,20,plan2_house,equal_area_intersection_geojson
19089089010,60,089,,,60,0.000000000000,20,plan2_house,equal_area_intersection_geojson
19089089010,63,089,,,63,1.000000000000,20,plan2_house,equal_area_intersection_geojson
19043043012,64,043,,,64,1.000000000000,20,plan2_house,equal_area_intersection_geojson
19043043026,64,043,,,64,1.000000000000,20,plan2_house,equal_area_intersection_geojson
19043043026,65,043,,,65,0.000000000000,20,plan2_house,equal_area_intersection_geojson
19043043019,64,043,,,64,1.000000000000,20,plan2_house,equal_area_intersection_geojson
19043043019,67,043,,,67,0.000000000000,20,plan2_house,equal_area_intersection_geojson
19043043019,68,043,,,68,0.000000000000,20,plan2_house,equal_area_intersection_geojson
19043043006,64,043,,,64,1.000000000000,20,plan2_house,equal_area_intersection_geojson
19043043008,64,043,,,64,1.000000000000,20,plan2_house,equal_area_intersection_geojson
19043043017,64,043,,,64,1.000000000000,20,plan2_house,equal_area_intersection_geojson
19043043009,64,043,,,64,1.000000000000,20,plan2_house,equal_area_intersection_geojson
19043043022,64,043,,,64,1.000000000000,20,plan2_house,equal_area_intersection_geojson
19043043022,67,043,,,67,0.000000000000,20,plan2_house,equal_area_intersection_geojson
19043043007,64,043,,,64,1.000000000000,20,plan2_house,equal_area_intersection_geojson
19043043014,64,043,,,64,1.000000000000,20,plan2_house,equal_area_intersection_geojson
19043043004,64,043,,,64,1.000000000000,20,plan2_house,equal_area_intersection_geojson
19043043002,64,043,,,64,1.000000000000,20,plan2_house,equal_area_intersection_geojson
19043043001,63,043,,,63,0.000000000000,20,plan2_house,equal_area_intersection_geojson
19043043001,64,043,,,64,1.000000000000,20,plan2_house,equal_area_intersection_geojson
19043043011,64,043,,,64,1.000000000000,20,plan2_house,equal_area_intersection_geojson
19043043011,68,043,,,68,0.000000000000,20,plan2_house,equal_area_intersection_geojson
19043043020,64,043,,,64,1.000000000000,20,plan2_house,equal_area_intersection_geojson
19043043020,67,043,,,67,0.000000000000,20,plan2_house,equal_area_intersection_geojson
19043043015,64,043,,,64,1.000000000000,20,plan2_house,equal_area_intersection_geojson
19043043021,64,043,,,64,1.000000000000,20,plan2_house,equal_area_intersection_geojson
19043043021,67,043,,,67,0.000000000000,20,plan2_house,equal_area_intersection_geojson
19043043024,64,043,,,64,1.000000000000,20,plan2_house,equal_area_intersection_geojson
19043043023,64,043,,,64,1.000000000000,20,plan2_house,equal_area_intersection_geojson
19043043023,67,043,,,67,0.000000000000,20,plan2_house,equal_area_intersection_geojson
19043043010,64,043,,,64,1.000000000000,20,plan2_house,equal_area_intersection_geojson
19043043005,64,043,,,64,1.000000000000,20,plan2_house,equal_area_intersection_geojson
19043043025,64,043,,,64,1.000000000000,20,plan2_house,equal_area_intersection_geojson
19043043025,65,043,,,65,0.000000000000,20,plan2_house,equal_area_intersection_geojson
19043043003,64,043,,,64,1.000000000000,20,plan2_house,equal_area_intersection_geojson
19043043013,64,043,,,64,1.000000000000,20,plan2_house,equal_area_intersection_geojson
19043043018,64,043,,,64,1.000000000000,20,plan2_house,equal_area_intersection_geojson
19043043018,68,043,,,68,0.000000000000,20,plan2_house,equal_area_intersection_geojson
19043043016,64,043,,,64,1.000000000000,20,plan2_house,equal_area_intersection_geojson
19045045003,70,045,,,70,1.000000000000,20,plan2_house,equal_area_intersection_geojson
19045045002,70,045,,,70,1.000000000000,20,plan2_house,equal_area_intersection_geojson
19045045021,69,045,,,69,1.000000000000,20,plan2_house,equal_area_intersection_geojson
19045045021,70,045,,,70,0.000000000000,20,plan2_house,equal_area_intersection_geojson
19045045023,69,045,,,69,1.000000000000,20,plan2_house,equal_area_intersection_geojson
19045045023,70,045,,,70,0.000000000000,20,plan2_house,equal_area_intersection_geojson
19045045009,69,045,,,69,1.000000000000,20,plan2_house,equal_area_intersection_geojson
19045045009,70,045,,,70,0.000000000000,20,plan2_house,equal_area_intersection_geojson
19045045011,70,045,,,70,1.000000000000,20,plan2_house,equal_area_intersection_geojson
19045045029,69,045,,,69,1.000000000000,20,plan2_house,equal_area_intersection_geojson
19045045028,69,045,,,69,1.000000000000,20,plan2_house,equal_area_intersection_geojson
19045045026,69,045,,,69,1.000000000000,20,plan2_house,equal_area_intersection_geojson
19045045027,69,045,,,69,1.000000000000,20,plan2_house,equal_area_intersection_geojson
19045045006,66,045,,,66,0.000000000000,20,plan2_house,equal_area_intersection_geojson
19045045006,69,045,,,69,1.000000000000,20,plan2_house,equal_area_intersection_geojson
19045045006,70,045,,,70,0.000000000000,20,plan2_house,equal_area_intersection_geojson
19045045017,69,045,,,69,0.000000000000,20,plan2_house,equal_area_intersection_geojson
19045045017,70,045,,,70,1.000000000000,20,plan2_house,equal_area_intersection_geojson
19045045018,70,045,,,70,1.000000000000,20,plan2_house,equal_area_intersection_geojson
19045045024,69,045,,,69,1.000000000000,20,plan2_house,equal_area_intersection_geojson
19045045025,69,045,,,69,1.000000000000,20,plan2_house,equal_area_intersection_geojson
19015015009,48,015,,,48,1.000000000000,20,plan2_house,equal_area_intersection_geojson
19015015011,48,015,,,48,1.000000000000,20,plan2_house,equal_area_intersection_geojson
19015015022,46,015,,,46,0.000000000000,20,plan2_house,equal_area_intersection_geojson
19015015022,48,015,,,48,1.000000000000,20,plan2_house,equal_area_intersection_geojson
19015015016,48,015,,,48,1.000000000000,20,plan2_house,equal_area_intersection_geojson
19015015016,50,015,,,50,0.000000000000,20,plan2_house,equal_area_intersection_geojson
19015015007,48,015,,,48,1.000000000000,20,plan2_house,equal_area_intersection_geojson
19015015013,48,015,,,48,1.000000000000,20,plan2_house,equal_area_intersection_geojson
19015015017,48,015,,,48,1.000000000000,20,plan2_house,equal_area_intersection_geojson
19015015015,48,015,,,48,1.000000000000,20,plan2_house,equal_area_intersection_geojson
19015015006,48,015,,,48,1.000000000000,20,plan2_house,equal_area_intersection_geojson
19015015003,48,015,,,48,1.000000000000,20,plan2_house,equal_area_intersection_geojson
19015015003,55,015,,,55,0.000000000000,20,plan2_house,equal_area_intersection_geojson
19015015003,8,015,,,8,0.000000000000,20,plan2_house,equal_area_intersection_geojson
19015015008,48,015,,,48,1.000000000000,20,plan2_house,equal_area_intersection_geojson
19015015020,46,015,,,46,0.000000000000,20,plan2_house,equal_area_intersection_geojson
19015015020,48,015,,,48,1.000000000000,20,plan2_house,equal_area_intersection_geojson
19015015021,48,015,,,48,1.000000000000,20,plan2_house,equal_area_intersection_geojson
19015015018,45,015,,,45,0.000000000000,20,plan2_house,equal_area_intersection_geojson
19015015018,48,015,,,48,1.000000000000,20,plan2_house,equal_area_intersection_geojson
19015015018,51,015,,,51,0.000000000000,20,plan2_house,equal_area_intersection_geojson
19015015001,48,015,,,48,1.000000000000,20,plan2_house,equal_area_intersection_geojson
19015015001,7,015,,,7,0.000000000000,20,plan2_house,equal_area_intersection_geojson
19015015019,45,015,,,45,0.000000000000,20,plan2_house,equal_area_intersection_geojson
19015015019,48,015,,,48,1.000000000000,20,plan2_house,equal_area_intersection_geojson
19015015004,48,015,,,48,1.000000000000,20,plan2_house,equal_area_intersection_geojson
19015015004,55,015,,,55,0.000000000000,20,plan2_house,equal_area_intersection_geojson
19015015005,48,015,,,48,1.000000000000,20,plan2_house,equal_area_intersection_geojson
19015015005,51,015,,,51,0.000000000000,20,plan2_house,equal_area_intersection_geojson
19015015012,48,015,,,48,1.000000000000,20,plan2_house,equal_area_intersection_geojson
19015015023,46,015,,,46,0.000000000000,20,plan2_house,equal_area_intersection_geojson
19015015023,48,015,,,48,1.000000000000,20,plan2_house,equal_area_intersection_geojson
19015015002,48,015,,,48,1.000000000000,20,plan2_house,equal_area_intersection_geojson
19015015002,7,015,,,7,0.000000000000,20,plan2_house,equal_area_intersection_geojson
19015015024,47,015,,,47,0.000000000000,20,plan2_house,equal_area_intersection_geojson
19015015024,48,015,,,48,1.000000000000,20,plan2_house,equal_area_intersection_geojson
19015015025,48,015,,,48,1.000000000000,20,plan2_house,equal_area_intersection_geojson
19015015014,48,015,,,48,1.000000000000,20,plan2_house,equal_area_intersection_geojson
19015015010,48,015,,,48,1.000000000000,20,plan2_house,equal_area_intersection_geojson
19045045022,69,045,,,69,1.000000000000,20,plan2_house,equal_area_intersection_geojson
19045045019,69,045,,,69,0.000000000000,20,plan2_house,equal_area_intersection_geojson
19045045019,70,045,,,70,1.000000000000,20,plan2_house,equal_area_intersection_geojson
19045045020,69,045,,,69,0.000000000000,20,plan2_house,equal_area_intersection_geojson
19045045020,70,045,,,70,1.000000000000,20,plan2_house,equal_area_intersection_geojson
19045045007,66,045,,,66,0.000000000000,20,plan2_house,equal_area_intersection_geojson
19045045007,69,045,,,69,1.000000000000,20,plan2_house,equal_area_intersection_geojson
19045045012,70,045,,,70,1.000000000000,20,plan2_house,equal_area_intersection_geojson
19045045008,69,045,,,69,1.000000000000,20,plan2_house,equal_area_intersection_geojson
19045045013,70,045,,,70,1.000000000000,20,plan2_house,equal_area_intersection_geojson
19045045013,82,045,,,82,0.000000000000,20,plan2_house,equal_area_intersection_geojson
19045045015,70,045,,,70,1.000000000000,20,plan2_house,equal_area_intersection_geojson
19045045016,70,045,,,70,1.000000000000,20,plan2_house,equal_area_intersection_geojson
19045045001,70,045,,,70,1.000000000000,20,plan2_house,equal_area_intersection_geojson
19045045014,70,045,,,70,1.000000000000,20,plan2_house,equal_area_intersection_geojson
19045045014,82,045,,,82,0.000000000000,20,plan2_house,equal_area_intersection_geojson
19045045010,69,045,,,69,0.000000000000,20,plan2_house,equal_area_intersection_geojson
19045045010,70,045,,,70,1.000000000000,20,plan2_house,equal_area_intersection_geojson
19045045005,66,045,,,66,0.000000000000,20,plan2_house,equal_area_intersection_geojson
19045045005,69,045,,,69,0.000000000000,20,plan2_house,equal_area_intersection_geojson
19045045005,70,045,,,70,1.000000000000,20,plan2_house,equal_area_intersection_geojson
19045045004,70,045,,,70,1.000000000000,20,plan2_house,equal_area_intersection_geojson
19029029011,18,029,,,18,1.000000000000,20,plan2_house,equal_area_intersection_geojson
19029029003,11,029,,,11,0.000000000000,20,plan2_house,equal_area_intersection_geojson
19029029003,18,029,,,18,1.000000000000,20,plan2_house,equal_area_intersection_geojson
19029029001,11,029,,,11,0.000000000000,20,plan2_house,equal_area_intersection_geojson
19029029001,16,029,,,16,0.000000000000,20,plan2_house,equal_area_intersection_geojson
19029029001,18,029,,,18,1.000000000000,20,plan2_house,equal_area_intersection_geojson
19029029008,16,029,,,16,0.000000000000,20,plan2_house,equal_area_intersection_geojson
19029029008,18,029,,,18,1.000000000000,20,plan2_house,equal_area_intersection_geojson
19029029009,18,029,,,18,1.000000000000,20,plan2_house,equal_area_intersection_geojson
19029029010,16,029,,,16,0.000000000000,20,plan2_house,equal_area_intersection_geojson
19029029010,18,029,,,18,1.000000000000,20,plan2_house,equal_area_intersection_geojson
19029029016,17,029,,,17,0.000000000000,20,plan2_house,equal_area_intersection_geojson
19029029016,18,029,,,18,1.000000000000,20,plan2_house,equal_area_intersection_geojson
19029029006,18,029,,,18,1.000000000000,20,plan2_house,equal_area_intersection_geojson
19029029004,11,029,,,11,0.000000000000,20,plan2_house,equal_area_intersection_geojson
19029029004,18,029,,,18,1.000000000000,20,plan2_house,equal_area_intersection_geojson
19029029004,23,029,,,23,0.000000000000,20,plan2_house,equal_area_intersection_geojson
19029029007,18,029,,,18,1.000000000000,20,plan2_house,equal_area_intersection_geojson
19029029005,18,029,,,18,1.000000000000,20,plan2_house,equal_area_intersection_geojson
19029029005,23,029,,,23,0.000000000000,20,plan2_house,equal_area_intersection_geojson
19029029013,18,029,,,18,1.000000000000,20,plan2_house,equal_area_intersection_geojson
19029029013,23,029,,,23,0.000000000000,20,plan2_house,equal_area_intersection_geojson
19029029014,18,029,,,18,1.000000000000,20,plan2_house,equal_area_intersection_geojson
19029029017,18,029,,,18,1.000000000000,20,plan2_house,equal_area_intersection_geojson
19029029018,16,029,,,16,0.000000000000,20,plan2_house,equal_area_intersection_geojson
19029029018,18,029,,,18,1.000000000000,20,plan2_house,equal_area_intersection_geojson
19029029002,11,029,,,11,0.000000000000,20,plan2_house,equal_area_intersection_geojson
19029029002,18,029,,,18,1.000000000000,20,plan2_house,equal_area_intersection_geojson
19029029012,18,029,,,18,1.000000000000,20,plan2_house,equal_area_intersection_geojson
19029029015,17,029,,,17,0.000000000000,20,plan2_house,equal_area_intersection_geojson
19029029015,18,029,,,18,1.000000000000,20,plan2_house,equal_area_intersection_geojson
19023023020,57,023,,,57,1.000000000000,20,plan2_house,equal_area_intersection_geojson
19023023018,54,023,,,54,0.000000000000,20,plan2_house,equal_area_intersection_geojson
19023023018,57,023,,,57,1.000000000000,20,plan2_house,equal_area_intersection_geojson
19023023017,54,023,,,54,0.000000000000,20,plan2_house,equal_area_intersection_geojson
19023023017,57,023,,,57,1.000000000000,20,plan2_house,equal_area_intersection_geojson
19023023001,55,023,,,55,0.000000000000,20,plan2_house,equal_area_intersection_geojson
19023023001,57,023,,,57,1.000000000000,20,plan2_house,equal_area_intersection_geojson
19023023001,58,023,,,58,0.000000000000,20,plan2_house,equal_area_intersection_geojson
19023023008,57,023,,,57,1.000000000000,20,plan2_house,equal_area_intersection_geojson
19023023006,57,023,,,57,1.000000000000,20,plan2_house,equal_area_intersection_geojson
19023023009,57,023,,,57,1.000000000000,20,plan2_house,equal_area_intersection_geojson
19023023010,57,023,,,57,1.000000000000,20,plan2_house,equal_area_intersection_geojson
19023023012,57,023,,,57,1.000000000000,20,plan2_house,equal_area_intersection_geojson
19023023004,57,023,,,57,1.000000000000,20,plan2_house,equal_area_intersection_geojson
19023023004,58,023,,,58,0.000000000000,20,plan2_house,equal_area_intersection_geojson
19023023002,57,023,,,57,1.000000000000,20,plan2_house,equal_area_intersection_geojson
19023023002,58,023,,,58,0.000000000000,20,plan2_house,equal_area_intersection_geojson
19023023003,57,023,,,57,1.000000000000,20,plan2_house,equal_area_intersection_geojson
19023023005,57,023,,,57,1.000000000000,20,plan2_house,equal_area_intersection_geojson
19023023005,58,023,,,58,0.000000000000,20,plan2_house,equal_area_intersection_geojson
19023023007,57,023,,,57,1.000000000000,20,plan2_house,equal_area_intersection_geojson
19023023015,57,023,,,57,1.000000000000,20,plan2_house,equal_area_intersection_geojson
19023023013,55,023,,,55,0.000000000000,20,plan2_house,equal_area_intersection_geojson
19023023013,57,023,,,57,1.000000000000,20,plan2_house,equal_area_intersection_geojson
19023023019,54,023,,,54,0.000000000000,20,plan2_house,equal_area_intersection_geojson
19023023019,57,023,,,57,1.000000000000,20,plan2_house,equal_area_intersection_geojson
19023023011,55,023,,,55,0.000000000000,20,plan2_house,equal_area_intersection_geojson
19023023011,57,023,,,57,1.000000000000,20,plan2_house,equal_area_intersection_geojson
19023023014,57,023,,,57,1.000000000000,20,plan2_house,equal_area_intersection_geojson
19023023016,57,023,,,57,1.000000000000,20,plan2_house,equal_area_intersection_geojson
19023023021,54,023,,,54,0.000000000000,20,plan2_house,equal_area_intersection_geojson
19023023021,55,023,,,55,0.000000000000,20,plan2_house,equal_area_intersection_geojson
19023023021,57,023,,,57,1.000000000000,20,plan2_house,equal_area_intersection_geojson
19113113135,77,113,,,77,0.000000000000,20,plan2_house,equal_area_intersection_geojson
19113113135,78,113,,,78,1.000000000000,20,plan2_house,equal_area_intersection_geojson
19113113106,73,113,,,73,0.000000000000,20,plan2_house,equal_area_intersection_geojson
19113113106,74,113,,,74,1.000000000000,20,plan2_house,equal_area_intersection_geojson
19113113106,80,113,,,80,0.000000000000,20,plan2_house,equal_area_intersection_geojson
19113113120,79,113,,,79,1.000000000000,20,plan2_house,equal_area_intersection_geojson
19113113120,84,113,,,84,0.000000000000,20,plan2_house,equal_area_intersection_geojson
19113113104,73,113,,,73,0.000000000000,20,plan2_house,equal_area_intersection_geojson
19113113104,74,113,,,74,0.999999999999,20,plan2_house,equal_area_intersection_geojson
19113113104,83,113,,,83,0.000000000000,20,plan2_house,equal_area_intersection_geojson
19113113112,79,113,,,79,0.000000000000,20,plan2_house,equal_area_intersection_geojson
19113113112,80,113,,,80,1.000000000000,20,plan2_house,equal_area_intersection_geojson
19113113121,79,113,,,79,1.000000000000,20,plan2_house,equal_area_intersection_geojson
19113113118,78,113,,,78,0.000000000000,20,plan2_house,equal_area_intersection_geojson
19113113118,79,113,,,79,1.000000000000,20,plan2_house,equal_area_intersection_geojson
19113113118,80,113,,,80,0.000000000000,20,plan2_house,equal_area_intersection_geojson
19113113128,77,113,,,77,0.000000000000,20,plan2_house,equal_area_intersection_geojson
19113113128,79,113,,,79,1.000000000000,20,plan2_house,equal_area_intersection_geojson
19113113127,77,113,,,77,0.000000000000,20,plan2_house,equal_area_intersection_geojson
19113113127,78,113,,,78,0.000000000000,20,plan2_house,equal_area_intersection_geojson
19113113127,79,113,,,79,1.000000000000,20,plan2_house,equal_area_intersection_geojson
19113113108,74,113,,,74,1.000000000000,20,plan2_house,equal_area_intersection_geojson
19113113108,80,113,,,80,0.000000000000,20,plan2_house,equal_area_intersection_geojson
19113113114,74,113,,,74,1.000000000000,20,plan2_house,equal_area_intersection_geojson
19113113114,78,113,,,78,0.000000000000,20,plan2_house,equal_area_intersection_geojson
19113113164,73,113,,,73,1.000000000000,20,plan2_house,equal_area_intersection_geojson
19113113151,73,113,,,73,0.000000000000,20,plan2_house,equal_area_intersection_geojson
19113113151,74,113,,,74,1.000000000000,20,plan2_house,equal_area_intersection_geojson
19113113154,73,113,,,73,0.000000000000,20,plan2_house,equal_area_intersection_geojson
19113113154,74,113,,,74,1.000000000000,20,plan2_house,equal_area_intersection_geojson
19113113161,73,113,,,73,1.000000000000,20,plan2_house,equal_area_intersection_geojson
19113113161,74,113,,,74,0.000000000000,20,plan2_house,equal_area_intersection_geojson
19113113161,83,113,,,83,0.000000000000,20,plan2_house,equal_area_intersection_geojson
19113113107,74,113,,,74,1.000000000000,20,plan2_house,equal_area_intersection_geojson
19113113117,74,113,,,74,0.000000000000,20,plan2_house,equal_area_intersection_geojson
19113113117,78,113,,,78,1.000000000000,20,plan2_house,equal_area_intersection_geojson
19113113116,74,113,,,74,0.000000000000,20,plan2_house,equal_area_intersection_geojson
19113113116,78,113,,,78,1.000000000000,20,plan2_house,equal_area_intersection_geojson
19113113157,73,113,,,73,1.000000000000,20,plan2_house,equal_area_intersection_geojson
19113113153,73,113,,,73,0.000000000000,20,plan2_house,equal_area_intersection_geojson
19113113153,74,113,,,74,1.000000000000,20,plan2_house,equal_area_intersection_geojson
19113113156,73,113,,,73,1.000000000000,20,plan2_house,equal_area_intersection_geojson
19113113156,74,113,,,74,0.000000000000,20,plan2_house,equal_area_intersection_geojson
19113113152,73,113,,,73,1.000000000000,20,plan2_house,equal_area_intersection_geojson
19113113152,74,113,,,74,0.000000000000,20,plan2_house,equal_area_intersection_geojson
19113113159,73,113,,,73,0.000000000001,20,plan2_house,equal_area_intersection_geojson
19113113159,74,113,,,74,0.999999999999,20,plan2_house,equal_area_intersection_geojson
19113113160,73,113,,,73,1.000000000000,20,plan2_house,equal_area_intersection_geojson
19113113160,74,113,,,74,0.000000000000,20,plan2_house,equal_area_intersection_geojson
19113113160,83,113,,,83,0.000000000000,20,plan2_house,equal_area_intersection_geojson
19113113158,73,113,,,73,1.000000000000,20,plan2_house,equal_area_intersection_geojson
19113113158,83,113,,,83,0.000000000000,20,plan2_house,equal_area_intersection_geojson
19113113162,73,113,,,73,1.000000000000,20,plan2_house,equal_area_intersection_geojson
19113113162,83,113,,,83,0.000000000000,20,plan2_house,equal_area_intersection_geojson
19113113163,73,113,,,73,1.000000000000,20,plan2_house,equal_area_intersection_geojson
19113113163,83,113,,,83,0.000000000000,20,plan2_house,equal_area_intersection_geojson
19113113155,73,113,,,73,1.000000000000,20,plan2_house,equal_area_intersection_geojson
19113113155,83,113,,,83,0.000000000000,20,plan2_house,equal_area_intersection_geojson
19085085003,13,085,,,13,0.000000000000,20,plan2_house,equal_area_intersection_geojson
19085085003,15,085,,,15,1.000000000000,20,plan2_house,equal_area_intersection_geojson
19085085008,15,085,,,15,1.000000000000,20,plan2_house,equal_area_intersection_geojson
19085085015,15,085,,,15,1.000000000000,20,plan2_house,equal_area_intersection_geojson
19085085017,12,085,,,12,0.000000000000,20,plan2_house,equal_area_intersection_geojson
19085085017,15,085,,,15,1.000000000000,20,plan2_house,equal_area_intersection_geojson
19085085022,15,085,,,15,1.000000000000,20,plan2_house,equal_area_intersection_geojson
19085085012,15,085,,,15,1.000000000000,20,plan2_house,equal_area_intersection_geojson
19085085007,12,085,,,12,0.000000000000,20,plan2_house,equal_area_intersection_geojson
19085085007,15,085,,,15,1.000000000000,20,plan2_house,equal_area_intersection_geojson
19085085005,12,085,,,12,0.000000000000,20,plan2_house,equal_area_intersection_geojson
19085085005,15,085,,,15,1.000000000000,20,plan2_house,equal_area_intersection_geojson
19085085006,15,085,,,15,1.000000000000,20,plan2_house,equal_area_intersection_geojson
19085085002,13,085,,,13,0.000000000000,20,plan2_house,equal_area_intersection_geojson
19085085002,15,085,,,15,1.000000000000,20,plan2_house,equal_area_intersection_geojson
19085085016,15,085,,,15,1.000000000000,20,plan2_house,equal_area_intersection_geojson
19085085020,15,085,,,15,1.000000000000,20,plan2_house,equal_area_intersection_geojson
19085085004,13,085,,,13,0.000000000000,20,plan2_house,equal_area_intersection_geojson
19085085004,15,085,,,15,1.000000000000,20,plan2_house,equal_area_intersection_geojson
19085085001,13,085,,,13,0.000000000000,20,plan2_house,equal_area_intersection_geojson
19085085001,15,085,,,15,1.000000000000,20,plan2_house,equal_area_intersection_geojson
19085085009,15,085,,,15,1.000000000000,20,plan2_house,equal_area_intersection_geojson
19085085011,15,085,,,15,1.000000000000,20,plan2_house,equal_area_intersection_geojson
19085085010,15,085,,,15,1.000000000000,20,plan2_house,equal_area_intersection_geojson
19085085021,15,085,,,15,1.000000000000,20,plan2_house,equal_area_intersection_geojson
19087087012,95,087,,,95,1.000000000000,20,plan2_house,equal_area_intersection_geojson
19087087012,99,087,,,99,0.000000000000,20,plan2_house,equal_area_intersection_geojson
19087087005,95,087,,,95,1.000000000000,20,plan2_house,equal_area_intersection_geojson
19087087009,87,087,,,87,1.000000000000,20,plan2_house,equal_area_intersection_geojson
19087087010,87,087,,,87,1.000000000000,20,plan2_house,equal_area_intersection_geojson
19087087003,92,087,,,92,0.000000000000,20,plan2_house,equal_area_intersection_geojson
19087087003,95,087,,,95,1.000000000000,20,plan2_house,equal_area_intersection_geojson
19087087013,100,087,,,100,0.000000000000,20,plan2_house,equal_area_intersection_geojson
19087087013,87,087,,,87,0.000000000000,20,plan2_house,equal_area_intersection_geojson
19087087013,95,087,,,95,1.000000000000,20,plan2_house,equal_area_intersection_geojson
19087087001,92,087,,,92,0.000000000000,20,plan2_house,equal_area_intersection_geojson
19087087001,95,087,,,95,1.000000000000,20,plan2_house,equal_area_intersection_geojson
19087087002,95,087,,,95,1.000000000000,20,plan2_house,equal_area_intersection_geojson
19087087006,87,087,,,87,0.000114565679,20,plan2_house,equal_area_intersection_geojson
19087087006,95,087,,,95,0.999885434321,20,plan2_house,equal_area_intersection_geojson
19087087011,95,087,,,95,1.000000000000,20,plan2_house,equal_area_intersection_geojson
19087087014,100,087,,,100,0.000000000000,20,plan2_house,equal_area_intersection_geojson
19087087014,87,087,,,87,1.000000000000,20,plan2_house,equal_area_intersection_geojson
19087087014,95,087,,,95,0.000000000000,20,plan2_house,equal_area_intersection_geojson
19087087015,87,087,,,87,1.000000000000,20,plan2_house,equal_area_intersection_geojson
19087087004,95,087,,,95,1.000000000000,20,plan2_house,equal_area_intersection_geojson
19087087008,87,087,,,87,1.000000000000,20,plan2_house,equal_area_intersection_geojson
19087087008,95,087,,,95,0.000000000000,20,plan2_house,equal_area_intersection_geojson
19087087007,87,087,,,87,0.000000000000,20,plan2_house,equal_area_intersection_geojson
19087087007,88,087,,,88,0.000000000000,20,plan2_house,equal_area_intersection_geojson
19087087007,95,087,,,95,1.000000000000,20,plan2_house,equal_area_intersection_geojson
19085085013,15,085,,,15,1.000000000000,20,plan2_house,equal_area_intersection_geojson
19085085014,15,085,,,15,1.000000000000,20,plan2_house,equal_area_intersection_geojson
19085085019,15,085,,,15,1.000000000000,20,plan2_house,equal_area_intersection_geojson
19085085018,11,085,,,11,0.000000000000,20,plan2_house,equal_area_intersection_geojson
19085085018,12,085,,,12,0.000000000000,20,plan2_house,equal_area_intersection_geojson
19085085018,15,085,,,15,1.000000000000,20,plan2_house,equal_area_intersection_geojson
19085085018,16,085,,,16,0.000000000000,20,plan2_house,equal_area_intersection_geojson
19113113109,74,113,,,74,0.000000000001,20,plan2_house,equal_area_intersection_geojson
19113113109,80,113,,,80,0.999999999999,20,plan2_house,equal_area_intersection_geojson
19113113141,77,113,,,77,1.000000000000,20,plan2_house,equal_area_intersection_geojson
19113113141,79,113,,,79,0.000000000000,20,plan2_house,equal_area_intersection_geojson
19113113141,84,113,,,84,0.000000000000,20,plan2_house,equal_area_intersection_geojson
19113113142,77,113,,,77,1.000000000000,20,plan2_house,equal_area_intersection_geojson
19113113142,78,113,,,78,0.000000000000,20,plan2_house,equal_area_intersection_geojson
19113113142,83,113,,,83,0.000000000000,20,plan2_house,equal_area_intersection_geojson
19113113142,84,113,,,84,0.000000000000,20,plan2_house,equal_area_intersection_geojson
19113113142,91,113,,,91,0.000000000000,20,plan2_house,equal_area_intersection_geojson
19113113103,74,113,,,74,1.000000000000,20,plan2_house,equal_area_intersection_geojson
19113113103,80,113,,,80,0.000000000000,20,plan2_house,equal_area_intersection_geojson
19113113103,83,113,,,83,0.000000000000,20,plan2_house,equal_area_intersection_geojson
19113113140,77,113,,,77,1.000000000000,20,plan2_house,equal_area_intersection_geojson
19113113140,79,113,,,79,0.000000000000,20,plan2_house,equal_area_intersection_geojson
19113113140,84,113,,,84,0.000000000000,20,plan2_house,equal_area_intersection_geojson
19093093007,12,093,,,12,1.000000000000,20,plan2_house,equal_area_intersection_geojson
19093093007,13,093,,,13,0.000000000000,20,plan2_house,equal_area_intersection_geojson
19093093010,12,093,,,12,1.000000000000,20,plan2_house,equal_area_intersection_geojson
19093093010,7,093,,,7,0.000000000000,20,plan2_house,equal_area_intersection_geojson
19093093009,12,093,,,12,1.000000000000,20,plan2_house,equal_area_intersection_geojson
19093093005,12,093,,,12,1.000000000000,20,plan2_house,equal_area_intersection_geojson
19093093005,7,093,,,7,0.000000000000,20,plan2_house,equal_area_intersection_geojson
19093093001,12,093,,,12,1.000000000000,20,plan2_house,equal_area_intersection_geojson
19093093001,13,093,,,13,0.000000000000,20,plan2_house,equal_area_intersection_geojson
19093093004,12,093,,,12,1.000000000000,20,plan2_house,equal_area_intersection_geojson
19093093004,5,093,,,5,0.000000000000,20,plan2_house,equal_area_intersection_geojson
19093093004,7,093,,,7,0.000000000000,20,plan2_house,equal_area_intersection_geojson
19093093013,12,093,,,12,1.000000000000,20,plan2_house,equal_area_intersection_geojson
19093093013,13,093,,,13,0.000000000000,20,plan2_house,equal_area_intersection_geojson
19093093012,12,093,,,12,1.000000000000,20,plan2_house,equal_area_intersection_geojson
19093093002,12,093,,,12,1.000000000000,20,plan2_house,equal_area_intersection_geojson
19093093002,5,093,,,5,0.000000000000,20,plan2_house,equal_area_intersection_geojson
19093093011,12,093,,,12,1.000000000000,20,plan2_house,equal_area_intersection_geojson
19093093003,12,093,,,12,1.000000000000,20,plan2_house,equal_area_intersection_geojson
19093093006,12,093,,,12,1.000000000000,20,plan2_house,equal_area_intersection_geojson
19093093008,12,093,,,12,1.000000000000,20,plan2_house,equal_area_intersection_geojson
19093093008,13,093,,,13,0.000000000000,20,plan2_house,equal_area_intersection_geojson
19113113134,77,113,,,77,0.000000000000,20,plan2_house,equal_area_intersection_geojson
19113113134,78,113,,,78,1.000000000000,20,plan2_house,equal_area_intersection_geojson
19113113134,79,113,,,79,0.000000000000,20,plan2_house,equal_area_intersection_geojson
19113113134,80,113,,,80,0.000000000000,20,plan2_house,equal_area_intersection_geojson
19113113138,77,113,,,77,1.000000000000,20,plan2_house,equal_area_intersection_geojson
19113113138,78,113,,,78,0.000000000000,20,plan2_house,equal_area_intersection_geojson
19113113124,73,113,,,73,0.000000000000,20,plan2_house,equal_area_intersection_geojson
19113113124,74,113,,,74,0.000000000000,20,plan2_house,equal_area_intersection_geojson
19113113124,78,113,,,78,1.000000000000,20,plan2_house,equal_area_intersection_geojson
19113113101,80,113,,,80,1.000000000000,20,plan2_house,equal_area_intersection_geojson
19113113101,83,113,,,83,0.000000000000,20,plan2_house,equal_area_intersection_geojson
19113113133,77,113,,,77,1.000000000000,20,plan2_house,equal_area_intersection_geojson
19113113133,78,113,,,78,0.000000000000,20,plan2_house,equal_area_intersection_geojson
19113113133,79,113,,,79,0.000000000000,20,plan2_house,equal_area_intersection_geojson
19113113113,74,113,,,74,0.000000000000,20,plan2_house,equal_area_intersection_geojson
19113113113,78,113,,,78,0.000000000000,20,plan2_house,equal_area_intersection_geojson
19113113113,79,113,,,79,0.000000000000,20,plan2_house,equal_area_intersection_geojson
19113113113,80,113,,,80,1.000000000000,20,plan2_house,equal_area_intersection_geojson
19113113123,78,113,,,78,1.000000000000,20,plan2_house,equal_area_intersection_geojson
19113113102,74,113,,,74,0.000000000001,20,plan2_house,equal_area_intersection_geojson
19113113102,80,113,,,80,0.999999999999,20,plan2_house,equal_area_intersection_geojson
19113113111,79,113,,,79,0.000000000000,20,plan2_house,equal_area_intersection_geojson
19113113111,80,113,,,80,1.000000000000,20,plan2_house,equal_area_intersection_geojson
19113113111,83,113,,,83,0.000000000000,20,plan2_house,equal_area_intersection_geojson
19113113111,84,113,,,84,0.000000000000,20,plan2_house,equal_area_intersection_geojson
19113113132,77,113,,,77,0.000000000000,20,plan2_house,equal_area_intersection_geojson
19113113132,79,113,,,79,1.000000000000,20,plan2_house,equal_area_intersection_geojson
19113113115,73,113,,,73,0.000000000000,20,plan2_house,equal_area_intersection_geojson
19113113115,74,113,,,74,1.000000000000,20,plan2_house,equal_area_intersection_geojson
19113113115,78,113,,,78,0.000000000000,20,plan2_house,equal_area_intersection_geojson
19113113125,73,113,,,73,0.000000000000,20,plan2_house,equal_area_intersection_geojson
19113113125,78,113,,,78,0.999999999999,20,plan2_house,equal_area_intersection_geojson
19113113125,83,113,,,83,0.000000000000,20,plan2_house,equal_area_intersection_geojson
19113113130,79,113,,,79,1.000000000000,20,plan2_house,equal_area_intersection_geojson
19113113137,77,113,,,77,1.000000000000,20,plan2_house,equal_area_intersection_geojson
19113113137,78,113,,,78,0.000000000000,20,plan2_house,equal_area_intersection_geojson
19113113122,78,113,,,78,1.000000000000,20,plan2_house,equal_area_intersection_geojson
19113113122,80,113,,,80,0.000000000000,20,plan2_house,equal_area_intersection_geojson
19113113131,77,113,,,77,0.000000000000,20,plan2_house,equal_area_intersection_geojson
19113113131,79,113,,,79,1.000000000000,20,plan2_house,equal_area_intersection_geojson
19113113131,84,113,,,84,0.000000000000,20,plan2_house,equal_area_intersection_geojson
19113113136,77,113,,,77,0.000000000000,20,plan2_house,equal_area_intersection_geojson
19113113136,78,113,,,78,1.000000000000,20,plan2_house,equal_area_intersection_geojson
19113113136,83,113,,,83,0.000000000000,20,plan2_house,equal_area_intersection_geojson
19113113144,77,113,,,77,1.000000000000,20,plan2_house,equal_area_intersection_geojson
19113113143,77,113,,,77,1.000000000000,20,plan2_house,equal_area_intersection_geojson
19113113129,77,113,,,77,0.000000000000,20,plan2_house,equal_area_intersection_geojson
19113113129,79,113,,,79,1.000000000000,20,plan2_house,equal_area_intersection_geojson
19113113126,78,113,,,78,1.000000000000,20,plan2_house,equal_area_intersection_geojson
19113113139,77,113,,,77,1.000000000000,20,plan2_house,equal_area_intersection_geojson
19113113119,79,113,,,79,1.000000000000,20,plan2_house,equal_area_intersection_geojson
19113113105,74,113,,,74,1.000000000000,20,plan2_house,equal_area_intersection_geojson
19107107002,88,107,,,88,1.000000000000,20,plan2_house,equal_area_intersection_geojson
19107107002,91,107,,,91,0.000000000000,20,plan2_house,equal_area_intersection_geojson
19107107021,26,107,,,26,0.000000000000,20,plan2_house,equal_area_intersection_geojson
19107107021,88,107,,,88,1.000000000000,20,plan2_house,equal_area_intersection_geojson
19107107022,26,107,,,26,0.000000000000,20,plan2_house,equal_area_intersection_geojson
19107107022,88,107,,,88,1.000000000000,20,plan2_house,equal_area_intersection_geojson
19107107017,88,107,,,88,1.000000000000,20,plan2_house,equal_area_intersection_geojson
19107107017,92,107,,,92,0.000000000000,20,plan2_house,equal_area_intersection_geojson
19107107016,88,107,,,88,1.000000000000,20,plan2_house,equal_area_intersection_geojson
19107107003,88,107,,,88,1.000000000000,20,plan2_house,equal_area_intersection_geojson
