year,plan2_district,office,district,candidate,party,votes
2014,1,ATTORNEY GENERAL,,ADAM GREGG,REPUBLICAN PARTY,9257.285338065527
2014,1,ATTORNEY GENERAL,,TOM MILLER,DEMOCRATIC PARTY,8405.610254764444
2014,1,ATTORNEY GENERAL,,WRITE IN,,22.952945507405
2014,1,AUDITOR OF STATE,,JONATHAN NEIDERBACH,DEMOCRATIC PARTY,6717.360710206624
2014,1,AUDITOR OF STATE,,MARY MOSIMAN,REPUBLICAN PARTY,10446.006305396400
2014,1,AUDITOR OF STATE,,WRITE IN,,19.932821098536
2014,1,GOVERNOR,,JACK HATCH MONICA VERNON,DEMOCRATIC PARTY,5763.605421885767
2014,1,GOVERNOR,,JIM HENNAGER MARY MARGARET KRIEG,NEW INDEPENDENT PARTY IOWA,204.764434921324
2014,1,GOVERNOR,,JONATHAN R NARCISSE MICHAEL L RICHARDS,IOWA PARTY,126.241200290728
2014,1,GOVERNOR,,LEE DEAKINS HIEB TIM WATSON,LIBERTARIAN PARTY,193.287962167622
2014,1,GOVERNOR,,TERRY E BRANSTAD KIM REYNOLDS,REPUBLICAN PARTY,11983.853654392540
2014,1,GOVERNOR,,WRITE IN,,20.536845980310
2014,1,SECRETARY OF AGRICULTURE,,BILL NORTHEY,REPUBLICAN PARTY,11086.876704958420
2014,1,SECRETARY OF AGRICULTURE,,LEVI BENNING,NEW INDEPENDENT PARTY IOWA,827.514088030130
2014,1,SECRETARY OF AGRICULTURE,,SHERRIE TAHA,DEMOCRATIC PARTY,5489.982150442227
2014,1,SECRETARY OF AGRICULTURE,,WRITE IN,,10.268422990155
2014,1,SECRETARY OF STATE,,BRAD ANDERSON,DEMOCRATIC PARTY,7660.243550655554
2014,1,SECRETARY OF STATE,,JAKE PORTER,LIBERTARIAN PARTY,435.501939758922
2014,1,SECRETARY OF STATE,,PAUL D PATE,REPUBLICAN PARTY,9059.769201725489
2014,1,SECRETARY OF STATE,,SPENCER HIGHLAND,NEW INDEPENDENT PARTY IOWA,452.414636448589
2014,1,SECRETARY OF STATE,,WRITE IN,,15.100622044345
2014,1,TREASURER OF STATE,,KEITH A LAUBE,LIBERTARIAN PARTY,411.340944487970
2014,1,TREASURER OF STATE,,MICHAEL L FITZGERALD,DEMOCRATIC PARTY,7175.815595472952
2014,1,TREASURER OF STATE,,SAM CLOVIS,REPUBLICAN PARTY,10094.463824204038
2014,1,TREASURER OF STATE,,WRITE IN,,10.268422990155
2014,1,U S SENATE,,BOB QUAST,BOB QUAST FOR TERM LIMITS,161.878668315383
2014,1,U S SENATE,,BRUCE BRALEY,DEMOCRATIC PARTY,7021.789250620629
2014,1,U S SENATE,,DOUGLAS BUTZIER,LIBERTARIAN PARTY,106.912404073966
2014,1,U S SENATE,,JONI ERNST,REPUBLICAN PARTY,10281.711537553922
2014,1,U S SENATE,,RICK STEWART,INDEPENDENT,628.185877044770
2014,1,U S SENATE,,RUTH SMITH,,56.174314004965
2014,1,U S SENATE,,WRITE IN,,28.993194325143
2014,2,ATTORNEY GENERAL,,ADAM GREGG,REPUBLICAN PARTY,18732.567009105769
2014,2,ATTORNEY GENERAL,,TOM MILLER,DEMOCRATIC PARTY,4037.419682465561
2014,2,ATTORNEY GENERAL,,WRITE IN,,11.616974083586
2014,2,AUDITOR OF STATE,,JONATHAN NEIDERBACH,DEMOCRATIC PARTY,3081.457389680131
2014,2,AUDITOR OF STATE,,MARY MOSIMAN,REPUBLICAN PARTY,18936.714569227177
2014,2,AUDITOR OF STATE,,WRITE IN,,15.850922250759
2014,2,GOVERNOR,,JACK HATCH MONICA VERNON,DEMOCRATIC PARTY,2549.771071678730
2014,2,GOVERNOR,,JIM HENNAGER MARY MARGARET KRIEG,NEW INDEPENDENT PARTY IOWA,79.529885594210
2014,2,GOVERNOR,,JONATHAN R NARCISSE MICHAEL L RICHARDS,IOWA PARTY,99.529885594210
2014,2,GOVERNOR,,LEE DEAKINS HIEB TIM WATSON,LIBERTARIAN PARTY,172.890030352557
2014,2,GOVERNOR,,TERRY E BRANSTAD KIM REYNOLDS,REPUBLICAN PARTY,20567.631099696475
2014,2,GOVERNOR,,WRITE IN,,10.233948167173
2014,2,SECRETARY OF AGRICULTURE,,BILL NORTHEY,REPUBLICAN PARTY,19979.470231146392
2014,2,SECRETARY OF AGRICULTURE,,LEVI BENNING,NEW INDEPENDENT PARTY IOWA,395.500350221807
2014,2,SECRETARY OF AGRICULTURE,,SHERRIE TAHA,DEMOCRATIC PARTY,2307.548213868783
2014,2,SECRETARY OF AGRICULTURE,,WRITE IN,,5.233948167173
2014,2,SECRETARY OF STATE,,BRAD ANDERSON,DEMOCRATIC PARTY,3951.059537707215
2014,2,SECRETARY OF STATE,,JAKE PORTER,LIBERTARIAN PARTY,485.479687135186
2014,2,SECRETARY OF STATE,,PAUL D PATE,REPUBLICAN PARTY,17804.775157599812
2014,2,SECRETARY OF STATE,,SPENCER HIGHLAND,NEW INDEPENDENT PARTY IOWA,241.887812281111
2014,2,SECRETARY OF STATE,,WRITE IN,,6.233948167173
2014,2,TREASURER OF STATE,,KEITH A LAUBE,LIBERTARIAN PARTY,359.417697875321
2014,2,TREASURER OF STATE,,MICHAEL L FITZGERALD,DEMOCRATIC PARTY,3831.953303759047
2014,2,TREASURER OF STATE,,SAM CLOVIS,REPUBLICAN PARTY,18643.035605883728
2014,2,TREASURER OF STATE,,WRITE IN,,6.233948167173
2014,2,U S SENATE,,BOB QUAST,BOB QUAST FOR TERM LIMITS,49.509222507588
2014,2,U S SENATE,,BRUCE BRALEY,DEMOCRATIC PARTY,3409.237450385244
2014,2,U S SENATE,,DOUGLAS BUTZIER,LIBERTARIAN PARTY,90.211067009106
2014,2,U S SENATE,,JONI ERNST,REPUBLICAN PARTY,19378.152930189121
2014,2,U S SENATE,,RICK STEWART,INDEPENDENT,389.392598645809
2014,2,U S SENATE,,RUTH SMITH,,44.339481671725
2014,2,U S SENATE,,WRITE IN,,14.552766752276
2014,3,ATTORNEY GENERAL,,ADAM GREGG,REPUBLICAN PARTY,12768.888498034865
2014,3,ATTORNEY GENERAL,,TOM MILLER,DEMOCRATIC PARTY,8575.226856351319
2014,3,ATTORNEY GENERAL,,WRITE IN,,10.626086256152
2014,3,AUDITOR OF STATE,,JONATHAN NEIDERBACH,DEMOCRATIC PARTY,5538.995143767208
2014,3,AUDITOR OF STATE,,MARY MOSIMAN,REPUBLICAN PARTY,14969.743565381601
2014,3,AUDITOR OF STATE,,WRITE IN,,10.626086256152
2014,3,GOVERNOR,,JACK HATCH MONICA VERNON,DEMOCRATIC PARTY,4859.558240614693
2014,3,GOVERNOR,,JIM HENNAGER MARY MARGARET KRIEG,NEW INDEPENDENT PARTY IOWA,182.306638028271
2014,3,GOVERNOR,,JONATHAN R NARCISSE MICHAEL L RICHARDS,IOWA PARTY,155.386191642475
2014,3,GOVERNOR,,LEE DEAKINS HIEB TIM WATSON,LIBERTARIAN PARTY,242.526511526073
2014,3,GOVERNOR,,TERRY E BRANSTAD KIM REYNOLDS,REPUBLICAN PARTY,16852.481620026832
2014,3,GOVERNOR,,WRITE IN,,9.167517033301
2014,3,SECRETARY OF AGRICULTURE,,BILL NORTHEY,REPUBLICAN PARTY,17036.208257418701
2014,3,SECRETARY OF AGRICULTURE,,LEVI BENNING,NEW INDEPENDENT PARTY IOWA,593.258937809409
2014,3,SECRETARY OF AGRICULTURE,,SHERRIE TAHA,DEMOCRATIC PARTY,3875.085587292780
2014,3,SECRETARY OF AGRICULTURE,,WRITE IN,,8.448400822363
2014,3,SECRETARY OF STATE,,BRAD ANDERSON,DEMOCRATIC PARTY,7192.811310344497
2014,3,SECRETARY OF STATE,,JAKE PORTER,LIBERTARIAN PARTY,531.854239178115
2014,3,SECRETARY OF STATE,,PAUL D PATE,REPUBLICAN PARTY,13053.808700287127
2014,3,SECRETARY OF STATE,,SPENCER HIGHLAND,NEW INDEPENDENT PARTY IOWA,362.156343306685
2014,3,SECRETARY OF STATE,,WRITE IN,,9.766528150683
2014,3,TREASURER OF STATE,,KEITH A LAUBE,LIBERTARIAN PARTY,634.549588525381
2014,3,TREASURER OF STATE,,MICHAEL L FITZGERALD,DEMOCRATIC PARTY,8039.297163605375
2014,3,TREASURER OF STATE,,SAM CLOVIS,REPUBLICAN PARTY,12641.386755414225
2014,3,TREASURER OF STATE,,WRITE IN,,9.896801644726
2014,3,U S SENATE,,BOB QUAST,BOB QUAST FOR TERM LIMITS,114.311704452292
2014,3,U S SENATE,,BRUCE BRALEY,DEMOCRATIC PARTY,6276.456403510701
2014,3,U S SENATE,,DOUGLAS BUTZIER,LIBERTARIAN PARTY,112.803929476657
2014,3,U S SENATE,,JONI ERNST,REPUBLICAN PARTY,14846.826755406226
2014,3,U S SENATE,,RICK STEWART,INDEPENDENT,698.785449112145
2014,3,U S SENATE,,RUTH SMITH,,79.480908252574
2014,3,U S SENATE,,WRITE IN,,15.370432828825
2014,4,ATTORNEY GENERAL,,ADAM GREGG,REPUBLICAN PARTY,9825.000000000000
2014,4,ATTORNEY GENERAL,,TOM MILLER,DEMOCRATIC PARTY,13376.000000000000
2014,4,ATTORNEY GENERAL,,WRITE IN,,14.000000000000
2014,4,AUDITOR OF STATE,,JONATHAN NEIDERBACH,DEMOCRATIC PARTY,8642.000000000000
2014,4,AUDITOR OF STATE,,MARY MOSIMAN,REPUBLICAN PARTY,13440.000000000000
2014,4,AUDITOR OF STATE,,WRITE IN,,19.000000000000
2014,4,GOVERNOR,,JACK HATCH MONICA VERNON,DEMOCRATIC PARTY,7287.000000000000
2014,4,GOVERNOR,,JIM HENNAGER MARY MARGARET KRIEG,NEW INDEPENDENT PARTY IOWA,263.000000000000
2014,4,GOVERNOR,,JONATHAN R NARCISSE MICHAEL L RICHARDS,IOWA PARTY,197.000000000000
2014,4,GOVERNOR,,LEE DEAKINS HIEB TIM WATSON,LIBERTARIAN PARTY,726.000000000000
2014,4,GOVERNOR,,TERRY E BRANSTAD KIM REYNOLDS,REPUBLICAN PARTY,15328.000000000000
2014,4,GOVERNOR,,WRITE IN,,19.000000000000
2014,4,SECRETARY OF AGRICULTURE,,BILL NORTHEY,REPUBLICAN PARTY,16295.000000000000
2014,4,SECRETARY OF AGRICULTURE,,LEVI BENNING,NEW INDEPENDENT PARTY IOWA,857.000000000000
2014,4,SECRETARY OF AGRICULTURE,,SHERRIE TAHA,DEMOCRATIC PARTY,5885.000000000000
2014,4,SECRETARY OF AGRICULTURE,,WRITE IN,,11.000000000000
2014,4,SECRETARY OF STATE,,BRAD ANDERSON,DEMOCRATIC PARTY,10043.000000000000
2014,4,SECRETARY OF STATE,,JAKE PORTER,LIBERTARIAN PARTY,688.000000000000
2014,4,SECRETARY OF STATE,,PAUL D PATE,REPUBLICAN PARTY,11554.000000000000
2014,4,SECRETARY OF STATE,,SPENCER HIGHLAND,NEW INDEPENDENT PARTY IOWA,559.000000000000
2014,4,SECRETARY OF STATE,,WRITE IN,,7.000000000000
2014,4,TREASURER OF STATE,,KEITH A LAUBE,LIBERTARIAN PARTY,723.000000000000
2014,4,TREASURER OF STATE,,MICHAEL L FITZGERALD,DEMOCRATIC PARTY,12100.000000000000
2014,4,TREASURER OF STATE,,SAM CLOVIS,REPUBLICAN PARTY,10156.000000000000
2014,4,TREASURER OF STATE,,WRITE IN,,7.000000000000
2014,4,U S SENATE,,BOB QUAST,BOB QUAST FOR TERM LIMITS,155.000000000000
2014,4,U S SENATE,,BRUCE BRALEY,DEMOCRATIC PARTY,8562.000000000000
2014,4,U S SENATE,,DOUGLAS BUTZIER,LIBERTARIAN PARTY,157.000000000000
2014,4,U S SENATE,,JONI ERNST,REPUBLICAN PARTY,13919.000000000000
2014,4,U S SENATE,,RICK STEWART,INDEPENDENT,769.000000000000
2014,4,U S SENATE,,RUTH SMITH,,95.000000000000
2014,4,U S SENATE,,WRITE IN,,17.000000000000
2014,5,ATTORNEY GENERAL,,ADAM GREGG,REPUBLICAN PARTY,12780.880930683612
2014,5,ATTORNEY GENERAL,,TOM MILLER,DEMOCRATIC PARTY,12508.138557956452
2014,5,ATTORNEY GENERAL,,WRITE IN,,20.561767578125
2014,5,AUDITOR OF STATE,,JONATHAN NEIDERBACH,DEMOCRATIC PARTY,8708.251896891568
2014,5,AUDITOR OF STATE,,MARY MOSIMAN,REPUBLICAN PARTY,15674.364514906614
2014,5,AUDITOR OF STATE,,WRITE IN,,29.561767578125
2014,5,GOVERNOR,,JACK HATCH MONICA VERNON,DEMOCRATIC PARTY,7101.854008484638
2014,5,GOVERNOR,,JIM HENNAGER MARY MARGARET KRIEG,NEW INDEPENDENT PARTY IOWA,234.864746428754
2014,5,GOVERNOR,,JONATHAN R NARCISSE MICHAEL L RICHARDS,IOWA PARTY,143.055908203125
2014,5,GOVERNOR,,LEE DEAKINS HIEB TIM WATSON,LIBERTARIAN PARTY,274.269165262398
2014,5,GOVERNOR,,TERRY E BRANSTAD KIM REYNOLDS,REPUBLICAN PARTY,18475.103042865601
2014,5,GOVERNOR,,WRITE IN,,17.561767578125
2014,5,SECRETARY OF AGRICULTURE,,BILL NORTHEY,REPUBLICAN PARTY,19046.017167182436
2014,5,SECRETARY OF AGRICULTURE,,LEVI BENNING,NEW INDEPENDENT PARTY IOWA,825.802307687246
2014,5,SECRETARY OF AGRICULTURE,,SHERRIE TAHA,DEMOCRATIC PARTY,5692.839785841548
2014,5,SECRETARY OF AGRICULTURE,,WRITE IN,,14.280883789062
2014,5,SECRETARY OF STATE,,BRAD ANDERSON,DEMOCRATIC PARTY,10139.978705095546
2014,5,SECRETARY OF STATE,,JAKE PORTER,LIBERTARIAN PARTY,609.892029478602
2014,5,SECRETARY OF STATE,,PAUL D PATE,REPUBLICAN PARTY,13700.397166928518
2014,5,SECRETARY OF STATE,,SPENCER HIGHLAND,NEW INDEPENDENT PARTY IOWA,574.622864104535
2014,5,SECRETARY OF STATE,,WRITE IN,,12.421325683594
2014,5,TREASURER OF STATE,,KEITH A LAUBE,LIBERTARIAN PARTY,739.279541685633
2014,5,TREASURER OF STATE,,MICHAEL L FITZGERALD,DEMOCRATIC PARTY,12234.840767429108
2014,5,TREASURER OF STATE,,SAM CLOVIS,REPUBLICAN PARTY,12140.090341858035
2014,5,TREASURER OF STATE,,WRITE IN,,14.561767578125
2014,5,U S SENATE,,BOB QUAST,BOB QUAST FOR TERM LIMITS,219.213256947605
2014,5,U S SENATE,,BRUCE BRALEY,DEMOCRATIC PARTY,9333.221928964853
2014,5,U S SENATE,,DOUGLAS BUTZIER,LIBERTARIAN PARTY,119.511047363281
2014,5,U S SENATE,,JONI ERNST,REPUBLICAN PARTY,15355.281324881988
2014,5,U S SENATE,,RICK STEWART,INDEPENDENT,796.071473172981
2014,5,U S SENATE,,RUTH SMITH,,153.021922421641
2014,5,U S SENATE,,WRITE IN,,24.629567171175
2014,6,ATTORNEY GENERAL,,ADAM GREGG,REPUBLICAN PARTY,10719.154408703173
2014,6,ATTORNEY GENERAL,,TOM MILLER,DEMOCRATIC PARTY,11300.356123287818
2014,6,ATTORNEY GENERAL,,WRITE IN,,13.850737185989
2014,6,AUDITOR OF STATE,,JONATHAN NEIDERBACH,DEMOCRATIC PARTY,6983.229632634760
2014,6,AUDITOR OF STATE,,MARY MOSIMAN,REPUBLICAN PARTY,13699.706332005935
2014,6,AUDITOR OF STATE,,WRITE IN,,27.783573723937
2014,6,GOVERNOR,,JACK HATCH MONICA VERNON,DEMOCRATIC PARTY,6125.991010708147
2014,6,GOVERNOR,,JIM HENNAGER MARY MARGARET KRIEG,NEW INDEPENDENT PARTY IOWA,201.119294949128
2014,6,GOVERNOR,,JONATHAN R NARCISSE MICHAEL L RICHARDS,IOWA PARTY,162.716378233529
2014,6,GOVERNOR,,LEE DEAKINS HIEB TIM WATSON,LIBERTARIAN PARTY,423.447628300255
2014,6,GOVERNOR,,TERRY E BRANSTAD KIM REYNOLDS,REPUBLICAN PARTY,16511.489809644805
2014,6,GOVERNOR,,WRITE IN,,31.246266027523
2014,6,SECRETARY OF AGRICULTURE,,BILL NORTHEY,REPUBLICAN PARTY,16100.049697332037
2014,6,SECRETARY OF AGRICULTURE,,LEVI BENNING,NEW INDEPENDENT PARTY IOWA,833.432532268568
2014,6,SECRETARY OF AGRICULTURE,,SHERRIE TAHA,DEMOCRATIC PARTY,4943.565642115153
2014,6,SECRETARY OF AGRICULTURE,,WRITE IN,,13.358205130943
2014,6,SECRETARY OF STATE,,BRAD ANDERSON,DEMOCRATIC PARTY,8397.908655129340
2014,6,SECRETARY OF STATE,,JAKE PORTER,LIBERTARIAN PARTY,640.059551389497
2014,6,SECRETARY OF STATE,,PAUL D PATE,REPUBLICAN PARTY,11905.400674730694
2014,6,SECRETARY OF STATE,,SPENCER HIGHLAND,NEW INDEPENDENT PARTY IOWA,441.335657168480
2014,6,SECRETARY OF STATE,,WRITE IN,,14.268653848207
2014,6,TREASURER OF STATE,,KEITH A LAUBE,LIBERTARIAN PARTY,667.596795029199
2014,6,TREASURER OF STATE,,MICHAEL L FITZGERALD,DEMOCRATIC PARTY,10355.871235333681
2014,6,TREASURER OF STATE,,SAM CLOVIS,REPUBLICAN PARTY,10636.549969573061
2014,6,TREASURER OF STATE,,WRITE IN,,7.291041668891
2014,6,U S SENATE,,BOB QUAST,BOB QUAST FOR TERM LIMITS,119.037259653880
2014,6,U S SENATE,,BRUCE BRALEY,DEMOCRATIC PARTY,7609.408607086807
2014,6,U S SENATE,,DOUGLAS BUTZIER,LIBERTARIAN PARTY,147.708894274398
2014,6,U S SENATE,,JONI ERNST,REPUBLICAN PARTY,14494.982629955053
2014,6,U S SENATE,,RICK STEWART,INDEPENDENT,704.790929569646
2014,6,U S SENATE,,RUTH SMITH,,132.954894642066
2014,6,U S SENATE,,WRITE IN,,14.552541274533
2014,7,ATTORNEY GENERAL,,ADAM GREGG,REPUBLICAN PARTY,10811.378224110229
2014,7,ATTORNEY GENERAL,,TOM MILLER,DEMOCRATIC PARTY,8988.604648462222
2014,7,ATTORNEY GENERAL,,WRITE IN,,20.242226574732
2014,7,AUDITOR OF STATE,,JONATHAN NEIDERBACH,DEMOCRATIC PARTY,6900.934859454470
2014,7,AUDITOR OF STATE,,MARY MOSIMAN,REPUBLICAN PARTY,12278.171045088207
2014,7,AUDITOR OF STATE,,WRITE IN,,20.028402816428
2014,7,GOVERNOR,,JACK HATCH MONICA VERNON,DEMOCRATIC PARTY,5662.211257336173
2014,7,GOVERNOR,,JIM HENNAGER MARY MARGARET KRIEG,NEW INDEPENDENT PARTY IOWA,193.534295027441
2014,7,GOVERNOR,,JONATHAN R NARCISSE MICHAEL L RICHARDS,IOWA PARTY,130.786814269463
2014,7,GOVERNOR,,LEE DEAKINS HIEB TIM WATSON,LIBERTARIAN PARTY,197.026330691350
2014,7,GOVERNOR,,TERRY E BRANSTAD KIM REYNOLDS,REPUBLICAN PARTY,14434.930583018551
2014,7,GOVERNOR,,WRITE IN,,15.499921241092
2014,7,SECRETARY OF AGRICULTURE,,BILL NORTHEY,REPUBLICAN PARTY,13418.427639294054
2014,7,SECRETARY OF AGRICULTURE,,LEVI BENNING,NEW INDEPENDENT PARTY IOWA,840.924316251408
2014,7,SECRETARY OF AGRICULTURE,,SHERRIE TAHA,DEMOCRATIC PARTY,5362.544262554660
2014,7,SECRETARY OF AGRICULTURE,,WRITE IN,,9.768344231247
2014,7,SECRETARY OF STATE,,BRAD ANDERSON,DEMOCRATIC PARTY,8183.906896197190
2014,7,SECRETARY OF STATE,,JAKE PORTER,LIBERTARIAN PARTY,534.272104449175
2014,7,SECRETARY OF STATE,,PAUL D PATE,REPUBLICAN PARTY,10533.249773459051
2014,7,SECRETARY OF STATE,,SPENCER HIGHLAND,NEW INDEPENDENT PARTY IOWA,455.918343859080
2014,7,SECRETARY OF STATE,,WRITE IN,,14.477575954205
2014,7,TREASURER OF STATE,,KEITH A LAUBE,LIBERTARIAN PARTY,483.412227425695
2014,7,TREASURER OF STATE,,MICHAEL L FITZGERALD,DEMOCRATIC PARTY,7723.093169733518
2014,7,TREASURER OF STATE,,SAM CLOVIS,REPUBLICAN PARTY,11666.023472639976
2014,7,TREASURER OF STATE,,WRITE IN,,10.039059619821
2014,7,U S SENATE,,BOB QUAST,BOB QUAST FOR TERM LIMITS,165.087147777132
2014,7,U S SENATE,,BRUCE BRALEY,DEMOCRATIC PARTY,7120.294966518573
2014,7,U S SENATE,,DOUGLAS BUTZIER,LIBERTARIAN PARTY,107.561552076990
2014,7,U S SENATE,,JONI ERNST,REPUBLICAN PARTY,12292.027451968745
2014,7,U S SENATE,,RICK STEWART,INDEPENDENT,767.564602024295
2014,7,U S SENATE,,RUTH SMITH,,70.983373649094
2014,7,U S SENATE,,WRITE IN,,28.454038922580
2014,8,ATTORNEY GENERAL,,ADAM GREGG,REPUBLICAN PARTY,14093.230170810413
2014,8,ATTORNEY GENERAL,,TOM MILLER,DEMOCRATIC PARTY,9346.995547129987
2014,8,ATTORNEY GENERAL,,WRITE IN,,41.939695006241
2014,8,AUDITOR OF STATE,,JONATHAN NEIDERBACH,DEMOCRATIC PARTY,7227.706256032505
2014,8,AUDITOR OF STATE,,MARY MOSIMAN,REPUBLICAN PARTY,15866.294034935107
2014,8,AUDITOR OF STATE,,WRITE IN,,41.236350113431
2014,8,GOVERNOR,,JACK HATCH MONICA VERNON,DEMOCRATIC PARTY,6314.249867533565
2014,8,GOVERNOR,,JIM HENNAGER MARY MARGARET KRIEG,NEW INDEPENDENT PARTY IOWA,426.712522743812
2014,8,GOVERNOR,,JONATHAN R NARCISSE MICHAEL L RICHARDS,IOWA PARTY,231.404007508489
2014,8,GOVERNOR,,LEE DEAKINS HIEB TIM WATSON,LIBERTARIAN PARTY,865.027245733897
2014,8,GOVERNOR,,TERRY E BRANSTAD KIM REYNOLDS,REPUBLICAN PARTY,16587.344955204320
2014,8,GOVERNOR,,WRITE IN,,18.181783371277
2014,8,SECRETARY OF AGRICULTURE,,BILL NORTHEY,REPUBLICAN PARTY,15974.778860833558
2014,8,SECRETARY OF AGRICULTURE,,LEVI BENNING,NEW INDEPENDENT PARTY IOWA,1429.015766055385
2014,8,SECRETARY OF AGRICULTURE,,SHERRIE TAHA,DEMOCRATIC PARTY,6060.210459560933
2014,8,SECRETARY OF AGRICULTURE,,WRITE IN,,18.671315436999
2014,8,SECRETARY OF STATE,,BRAD ANDERSON,DEMOCRATIC PARTY,7828.088897016709
2014,8,SECRETARY OF STATE,,JAKE PORTER,LIBERTARIAN PARTY,902.654294714307
2014,8,SECRETARY OF STATE,,PAUL D PATE,REPUBLICAN PARTY,14093.053254572951
2014,8,SECRETARY OF STATE,,SPENCER HIGHLAND,NEW INDEPENDENT PARTY IOWA,704.338374201350
2014,8,SECRETARY OF STATE,,WRITE IN,,20.574876957733
2014,8,TREASURER OF STATE,,KEITH A LAUBE,LIBERTARIAN PARTY,1118.703518328672
2014,8,TREASURER OF STATE,,MICHAEL L FITZGERALD,DEMOCRATIC PARTY,8719.368564205328
2014,8,TREASURER OF STATE,,SAM CLOVIS,REPUBLICAN PARTY,13589.468637183036
2014,8,TREASURER OF STATE,,WRITE IN,,19.777596197566
2014,8,U S SENATE,,BOB QUAST,BOB QUAST FOR TERM LIMITS,193.468680056576
2014,8,U S SENATE,,BRUCE BRALEY,DEMOCRATIC PARTY,7829.170883114675
2014,8,U S SENATE,,DOUGLAS BUTZIER,LIBERTARIAN PARTY,244.048735412530
2014,8,U S SENATE,,JONI ERNST,REPUBLICAN PARTY,15328.295253175482
2014,8,U S SENATE,,RICK STEWART,INDEPENDENT,632.910431239461
2014,8,U S SENATE,,RUTH SMITH,,135.837962001126
2014,8,U S SENATE,,WRITE IN,,19.254253057121
2014,9,ATTORNEY GENERAL,,ADAM GREGG,REPUBLICAN PARTY,12256.315537979897
2014,9,ATTORNEY GENERAL,,TOM MILLER,DEMOCRATIC PARTY,10372.872960949086
2014,9,ATTORNEY GENERAL,,WRITE IN,,29.455758774098
2014,9,AUDITOR OF STATE,,JONATHAN NEIDERBACH,DEMOCRATIC PARTY,6451.613280606360
2014,9,AUDITOR OF STATE,,MARY MOSIMAN,REPUBLICAN PARTY,15442.540451474708
2014,9,AUDITOR OF STATE,,WRITE IN,,14.871313231175
2014,9,GOVERNOR,,JACK HATCH MONICA VERNON,DEMOCRATIC PARTY,5185.935409457901
2014,9,GOVERNOR,,JIM HENNAGER MARY MARGARET KRIEG,NEW INDEPENDENT PARTY IOWA,200.069698467622
2014,9,GOVERNOR,,JONATHAN R NARCISSE MICHAEL L RICHARDS,IOWA PARTY,180.396770472895
2014,9,GOVERNOR,,LEE DEAKINS HIEB TIM WATSON,LIBERTARIAN PARTY,528.249299719888
2014,9,GOVERNOR,,TERRY E BRANSTAD KIM REYNOLDS,REPUBLICAN PARTY,15362.382764870654
2014,9,GOVERNOR,,WRITE IN,,7.613939693524
2014,9,SECRETARY OF AGRICULTURE,,BILL NORTHEY,REPUBLICAN PARTY,16778.223924864062
2014,9,SECRETARY OF AGRICULTURE,,LEVI BENNING,NEW INDEPENDENT PARTY IOWA,915.696984676223
2014,9,SECRETARY OF AGRICULTURE,,SHERRIE TAHA,DEMOCRATIC PARTY,4849.672433679354
2014,9,SECRETARY OF AGRICULTURE,,WRITE IN,,13.000000000000
2014,9,SECRETARY OF STATE,,BRAD ANDERSON,DEMOCRATIC PARTY,7722.948261657604
2014,9,SECRETARY OF STATE,,JAKE PORTER,LIBERTARIAN PARTY,729.042840665678
2014,9,SECRETARY OF STATE,,PAUL D PATE,REPUBLICAN PARTY,13460.985664854177
2014,9,SECRETARY OF STATE,,SPENCER HIGHLAND,NEW INDEPENDENT PARTY IOWA,434.120612951063
2014,9,SECRETARY OF STATE,,WRITE IN,,10.485252924699
2014,9,TREASURER OF STATE,,KEITH A LAUBE,LIBERTARIAN PARTY,751.270720052727
2014,9,TREASURER OF STATE,,MICHAEL L FITZGERALD,DEMOCRATIC PARTY,9387.717581150107
2014,9,TREASURER OF STATE,,SAM CLOVIS,REPUBLICAN PARTY,12251.634536167408
2014,9,TREASURER OF STATE,,WRITE IN,,11.613939693524
2014,9,U S SENATE,,BOB QUAST,BOB QUAST FOR TERM LIMITS,98.554951392322
2014,9,U S SENATE,,BRUCE BRALEY,DEMOCRATIC PARTY,6691.455099686934
2014,9,U S SENATE,,DOUGLAS BUTZIER,LIBERTARIAN PARTY,138.525457241720
2014,9,U S SENATE,,JONI ERNST,REPUBLICAN PARTY,15649.333992420497
2014,9,U S SENATE,,RICK STEWART,INDEPENDENT,512.597792058000
2014,9,U S SENATE,,RUTH SMITH,,201.525457241720
2014,9,U S SENATE,,WRITE IN,,11.356566155874
2014,10,ATTORNEY GENERAL,,ADAM GREGG,REPUBLICAN PARTY,6649.615420486415
2014,10,ATTORNEY GENERAL,,TOM MILLER,DEMOCRATIC PARTY,5974.648329582195
2014,10,ATTORNEY GENERAL,,WRITE IN,,26.209567807771
2014,10,AUDITOR OF STATE,,JONATHAN NEIDERBACH,DEMOCRATIC PARTY,4898.064111332735
2014,10,AUDITOR OF STATE,,MARY MOSIMAN,REPUBLICAN PARTY,7555.999633058958
2014,10,AUDITOR OF STATE,,WRITE IN,,23.980076162632
2014,10,GOVERNOR,,JACK HATCH MONICA VERNON,DEMOCRATIC PARTY,4371.759121758289
2014,10,GOVERNOR,,JIM HENNAGER MARY MARGARET KRIEG,NEW INDEPENDENT PARTY IOWA,310.168182307060
2014,10,GOVERNOR,,JONATHAN R NARCISSE MICHAEL L RICHARDS,IOWA PARTY,113.879614257982
2014,10,GOVERNOR,,LEE DEAKINS HIEB TIM WATSON,LIBERTARIAN PARTY,380.525125965848
2014,10,GOVERNOR,,TERRY E BRANSTAD KIM REYNOLDS,REPUBLICAN PARTY,7855.165235150876
2014,10,GOVERNOR,,WRITE IN,,7.571950601200
2014,10,SECRETARY OF AGRICULTURE,,BILL NORTHEY,REPUBLICAN PARTY,7320.171441834403
2014,10,SECRETARY OF AGRICULTURE,,LEVI BENNING,NEW INDEPENDENT PARTY IOWA,870.551701676046
2014,10,SECRETARY OF AGRICULTURE,,SHERRIE TAHA,DEMOCRATIC PARTY,4358.223898323915
2014,10,SECRETARY OF AGRICULTURE,,WRITE IN,,10.970479432058
2014,10,SECRETARY OF STATE,,BRAD ANDERSON,DEMOCRATIC PARTY,5135.002447853950
2014,10,SECRETARY OF STATE,,JAKE PORTER,LIBERTARIAN PARTY,430.286153896197
2014,10,SECRETARY OF STATE,,PAUL D PATE,REPUBLICAN PARTY,6657.546070696355
2014,10,SECRETARY OF STATE,,SPENCER HIGHLAND,NEW INDEPENDENT PARTY IOWA,469.325968630171
2014,10,SECRETARY OF STATE,,WRITE IN,,8.156469194060
2014,10,TREASURER OF STATE,,KEITH A LAUBE,LIBERTARIAN PARTY,629.699686642129
2014,10,TREASURER OF STATE,,MICHAEL L FITZGERALD,DEMOCRATIC PARTY,5439.760200460990
2014,10,TREASURER OF STATE,,SAM CLOVIS,REPUBLICAN PARTY,6539.981393243901
2014,10,TREASURER OF STATE,,WRITE IN,,8.931362133543
2014,10,U S SENATE,,BOB QUAST,BOB QUAST FOR TERM LIMITS,154.494060289543
2014,10,U S SENATE,,BRUCE BRALEY,DEMOCRATIC PARTY,5271.420509798518
2014,10,U S SENATE,,DOUGLAS BUTZIER,LIBERTARIAN PARTY,174.242370313073
2014,10,U S SENATE,,JONI ERNST,REPUBLICAN PARTY,7043.722116869465
2014,10,U S SENATE,,RICK STEWART,INDEPENDENT,330.298639190894
2014,10,U S SENATE,,RUTH SMITH,,65.207143356809
2014,10,U S SENATE,,WRITE IN,,12.193205668346
2014,11,ATTORNEY GENERAL,,ADAM GREGG,REPUBLICAN PARTY,11074.479738131347
2014,11,ATTORNEY GENERAL,,TOM MILLER,DEMOCRATIC PARTY,14526.115083409848
2014,11,ATTORNEY GENERAL,,WRITE IN,,21.001616089064
2014,11,AUDITOR OF STATE,,JONATHAN NEIDERBACH,DEMOCRATIC PARTY,10070.140190569235
2014,11,AUDITOR OF STATE,,MARY MOSIMAN,REPUBLICAN PARTY,14494.654104146350
2014,11,AUDITOR OF STATE,,WRITE IN,,37.004848267193
2014,11,GOVERNOR,,JACK HATCH MONICA VERNON,DEMOCRATIC PARTY,9301.655968171774
2014,11,GOVERNOR,,JIM HENNAGER MARY MARGARET KRIEG,NEW INDEPENDENT PARTY IOWA,221.024315857912
2014,11,GOVERNOR,,JONATHAN R NARCISSE MICHAEL L RICHARDS,IOWA PARTY,345.713015707506
2014,11,GOVERNOR,,LEE DEAKINS HIEB TIM WATSON,LIBERTARIAN PARTY,632.755071523884
2014,11,GOVERNOR,,TERRY E BRANSTAD KIM REYNOLDS,REPUBLICAN PARTY,15618.857915269968
2014,11,GOVERNOR,,WRITE IN,,31.337122581852
2014,11,SECRETARY OF AGRICULTURE,,BILL NORTHEY,REPUBLICAN PARTY,17017.001973055576
2014,11,SECRETARY OF AGRICULTURE,,LEVI BENNING,NEW INDEPENDENT PARTY IOWA,718.079281279457
2014,11,SECRETARY OF AGRICULTURE,,SHERRIE TAHA,DEMOCRATIC PARTY,7450.476202692540
2014,11,SECRETARY OF AGRICULTURE,,WRITE IN,,18.669360148441
2014,11,SECRETARY OF STATE,,BRAD ANDERSON,DEMOCRATIC PARTY,11426.315171202325
2014,11,SECRETARY OF STATE,,JAKE PORTER,LIBERTARIAN PARTY,823.789067387215
2014,11,SECRETARY OF STATE,,PAUL D PATE,REPUBLICAN PARTY,12608.406312034007
2014,11,SECRETARY OF STATE,,SPENCER HIGHLAND,NEW INDEPENDENT PARTY IOWA,393.709911769784
2014,11,SECRETARY OF STATE,,WRITE IN,,12.335503713158
2014,11,TREASURER OF STATE,,KEITH A LAUBE,LIBERTARIAN PARTY,721.111651305959
2014,11,TREASURER OF STATE,,MICHAEL L FITZGERALD,DEMOCRATIC PARTY,13011.865835997904
2014,11,TREASURER OF STATE,,SAM CLOVIS,REPUBLICAN PARTY,11656.242911702560
2014,11,TREASURER OF STATE,,WRITE IN,,10.667744059376
2014,11,U S SENATE,,BOB QUAST,BOB QUAST FOR TERM LIMITS,120.685563272534
2014,11,U S SENATE,,BRUCE BRALEY,DEMOCRATIC PARTY,10198.770770163854
2014,11,U S SENATE,,DOUGLAS BUTZIER,LIBERTARIAN PARTY,203.693601642520
2014,11,U S SENATE,,JONI ERNST,REPUBLICAN PARTY,14706.752670997772
2014,11,U S SENATE,,RICK STEWART,INDEPENDENT,671.745556465600
2014,11,U S SENATE,,RUTH SMITH,,132.274725233986
2014,11,U S SENATE,,WRITE IN,,38.075353211744
2014,12,ATTORNEY GENERAL,,ADAM GREGG,REPUBLICAN PARTY,10090.733741888262
2014,12,ATTORNEY GENERAL,,TOM MILLER,DEMOCRATIC PARTY,12509.763694474857
2014,12,ATTORNEY GENERAL,,WRITE IN,,24.683852269964
2014,12,AUDITOR OF STATE,,JONATHAN NEIDERBACH,DEMOCRATIC PARTY,7963.953779584973
2014,12,AUDITOR OF STATE,,MARY MOSIMAN,REPUBLICAN PARTY,13706.906211700738
2014,12,AUDITOR OF STATE,,WRITE IN,,24.810923348891
2014,12,GOVERNOR,,JACK HATCH MONICA VERNON,DEMOCRATIC PARTY,6784.357838454640
2014,12,GOVERNOR,,JIM HENNAGER MARY MARGARET KRIEG,NEW INDEPENDENT PARTY IOWA,231.108100014788
2014,12,GOVERNOR,,JONATHAN R NARCISSE MICHAEL L RICHARDS,IOWA PARTY,249.106780395653
2014,12,GOVERNOR,,LEE DEAKINS HIEB TIM WATSON,LIBERTARIAN PARTY,582.056496721864
2014,12,GOVERNOR,,TERRY E BRANSTAD KIM REYNOLDS,REPUBLICAN PARTY,14927.533710021144
2014,12,GOVERNOR,,WRITE IN,,18.853990403272
2014,12,SECRETARY OF AGRICULTURE,,BILL NORTHEY,REPUBLICAN PARTY,16118.376594081961
2014,12,SECRETARY OF AGRICULTURE,,LEVI BENNING,NEW INDEPENDENT PARTY IOWA,799.057679883001
2014,12,SECRETARY OF AGRICULTURE,,SHERRIE TAHA,DEMOCRATIC PARTY,5427.229572144952
2014,12,SECRETARY OF AGRICULTURE,,WRITE IN,,18.091726810649
2014,12,SECRETARY OF STATE,,BRAD ANDERSON,DEMOCRATIC PARTY,9490.939310899639
2014,12,SECRETARY OF STATE,,JAKE PORTER,LIBERTARIAN PARTY,791.121717861784
2014,12,SECRETARY OF STATE,,PAUL D PATE,REPUBLICAN PARTY,11574.098870483027
2014,12,SECRETARY OF STATE,,SPENCER HIGHLAND,NEW INDEPENDENT PARTY IOWA,377.630986853586
2014,12,SECRETARY OF STATE,,WRITE IN,,17.464979974677
2014,12,TREASURER OF STATE,,KEITH A LAUBE,LIBERTARIAN PARTY,693.053769323928
2014,12,TREASURER OF STATE,,MICHAEL L FITZGERALD,DEMOCRATIC PARTY,11091.832858402002
2014,12,TREASURER OF STATE,,SAM CLOVIS,REPUBLICAN PARTY,10581.600516835701
2014,12,TREASURER OF STATE,,WRITE IN,,10.989916163602
2014,12,U S SENATE,,BOB QUAST,BOB QUAST FOR TERM LIMITS,118.911855589219
2014,12,U S SENATE,,BRUCE BRALEY,DEMOCRATIC PARTY,7801.826331459724
2014,12,U S SENATE,,DOUGLAS BUTZIER,LIBERTARIAN PARTY,205.037432312275
2014,12,U S SENATE,,JONI ERNST,REPUBLICAN PARTY,13782.564767809441
2014,12,U S SENATE,,RICK STEWART,INDEPENDENT,690.485266055880
2014,12,U S SENATE,,RUTH SMITH,,354.619275909804
2014,12,U S SENATE,,WRITE IN,,24.024759200309
2014,13,ATTORNEY GENERAL,,ADAM GREGG,REPUBLICAN PARTY,8386.442721441908
2014,13,ATTORNEY GENERAL,,TOM MILLER,DEMOCRATIC PARTY,12098.002192092230
2014,13,ATTORNEY GENERAL,,WRITE IN,,25.829260371844
2014,13,AUDITOR OF STATE,,JONATHAN NEIDERBACH,DEMOCRATIC PARTY,9009.768125355200
2014,13,AUDITOR OF STATE,,MARY MOSIMAN,REPUBLICAN PARTY,10715.270682796136
2014,13,AUDITOR OF STATE,,WRITE IN,,25.658520743688
2014,13,GOVERNOR,,JACK HATCH MONICA VERNON,DEMOCRATIC PARTY,7443.712186409028
2014,13,GOVERNOR,,JIM HENNAGER MARY MARGARET KRIEG,NEW INDEPENDENT PARTY IOWA,260.666558415198
2014,13,GOVERNOR,,JONATHAN R NARCISSE MICHAEL L RICHARDS,IOWA PARTY,242.438905577657
2014,13,GOVERNOR,,LEE DEAKINS HIEB TIM WATSON,LIBERTARIAN PARTY,409.162377202241
2014,13,GOVERNOR,,TERRY E BRANSTAD KIM REYNOLDS,REPUBLICAN PARTY,12664.968742388568
2014,13,GOVERNOR,,WRITE IN,,13.943086790615
2014,13,SECRETARY OF AGRICULTURE,,BILL NORTHEY,REPUBLICAN PARTY,12287.643663229683
2014,13,SECRETARY OF AGRICULTURE,,LEVI BENNING,NEW INDEPENDENT PARTY IOWA,896.202890314200
2014,13,SECRETARY OF AGRICULTURE,,SHERRIE TAHA,DEMOCRATIC PARTY,6977.696111066007
2014,13,SECRETARY OF AGRICULTURE,,WRITE IN,,14.829260371844
2014,13,SECRETARY OF STATE,,BRAD ANDERSON,DEMOCRATIC PARTY,9528.166193066492
2014,13,SECRETARY OF STATE,,JAKE PORTER,LIBERTARIAN PARTY,605.942762036210
2014,13,SECRETARY OF STATE,,PAUL D PATE,REPUBLICAN PARTY,9536.645287001706
2014,13,SECRETARY OF STATE,,SPENCER HIGHLAND,NEW INDEPENDENT PARTY IOWA,500.016075343022
2014,13,SECRETARY OF STATE,,WRITE IN,,14.886173581229
2014,13,TREASURER OF STATE,,KEITH A LAUBE,LIBERTARIAN PARTY,717.715109198669
2014,13,TREASURER OF STATE,,MICHAEL L FITZGERALD,DEMOCRATIC PARTY,10862.002841601039
2014,13,TREASURER OF STATE,,SAM CLOVIS,REPUBLICAN PARTY,8706.971015669400
2014,13,TREASURER OF STATE,,WRITE IN,,4.886173581229
2014,13,U S SENATE,,BOB QUAST,BOB QUAST FOR TERM LIMITS,145.918649021677
2014,13,U S SENATE,,BRUCE BRALEY,DEMOCRATIC PARTY,8505.735974669156
2014,13,U S SENATE,,DOUGLAS BUTZIER,LIBERTARIAN PARTY,153.292603718438
2014,13,U S SENATE,,JONI ERNST,REPUBLICAN PARTY,11204.489973207761
2014,13,U S SENATE,,RICK STEWART,INDEPENDENT,727.007712917106
2014,13,U S SENATE,,RUTH SMITH,,133.951124462126
2014,13,U S SENATE,,WRITE IN,,24.829260371844
2014,14,ATTORNEY GENERAL,,ADAM GREGG,REPUBLICAN PARTY,7454.390104762232
2014,14,ATTORNEY GENERAL,,TOM MILLER,DEMOCRATIC PARTY,8193.697049040147
2014,14,ATTORNEY GENERAL,,WRITE IN,,15.491167901188
2014,14,AUDITOR OF STATE,,JONATHAN NEIDERBACH,DEMOCRATIC PARTY,5365.187219047390
2014,14,AUDITOR OF STATE,,MARY MOSIMAN,REPUBLICAN PARTY,9619.457777668540
2014,14,AUDITOR OF STATE,,WRITE IN,,21.611403899141
2014,14,GOVERNOR,,JACK HATCH MONICA VERNON,DEMOCRATIC PARTY,5186.183947304154
2014,14,GOVERNOR,,JIM HENNAGER MARY MARGARET KRIEG,NEW INDEPENDENT PARTY IOWA,71.780099944448
2014,14,GOVERNOR,,JONATHAN R NARCISSE MICHAEL L RICHARDS,IOWA PARTY,153.782697832243
2014,14,GOVERNOR,,LEE DEAKINS HIEB TIM WATSON,LIBERTARIAN PARTY,356.215596457569
2014,14,GOVERNOR,,TERRY E BRANSTAD KIM REYNOLDS,REPUBLICAN PARTY,10278.288362341911
2014,14,GOVERNOR,,WRITE IN,,22.943517635879
2014,14,SECRETARY OF AGRICULTURE,,BILL NORTHEY,REPUBLICAN PARTY,10773.272395021817
2014,14,SECRETARY OF AGRICULTURE,,LEVI BENNING,NEW INDEPENDENT PARTY IOWA,352.935405824933
2014,14,SECRETARY OF AGRICULTURE,,SHERRIE TAHA,DEMOCRATIC PARTY,4270.907468404002
2014,14,SECRETARY OF AGRICULTURE,,WRITE IN,,14.858658424250
2014,14,SECRETARY OF STATE,,BRAD ANDERSON,DEMOCRATIC PARTY,6531.802734358041
2014,14,SECRETARY OF STATE,,JAKE PORTER,LIBERTARIAN PARTY,449.871423492736
2014,14,SECRETARY OF STATE,,PAUL D PATE,REPUBLICAN PARTY,8313.406915027959
2014,14,SECRETARY OF STATE,,SPENCER HIGHLAND,NEW INDEPENDENT PARTY IOWA,161.970441507046
2014,14,SECRETARY OF STATE,,WRITE IN,,13.917986706349
2014,14,TREASURER OF STATE,,KEITH A LAUBE,LIBERTARIAN PARTY,406.901901277989
2014,14,TREASURER OF STATE,,MICHAEL L FITZGERALD,DEMOCRATIC PARTY,7453.408145906535
2014,14,TREASURER OF STATE,,SAM CLOVIS,REPUBLICAN PARTY,7697.149795407615
2014,14,TREASURER OF STATE,,WRITE IN,,7.079795397616
2014,14,U S SENATE,,BOB QUAST,BOB QUAST FOR TERM LIMITS,55.209131101328
2014,14,U S SENATE,,BRUCE BRALEY,DEMOCRATIC PARTY,6135.136028012640
2014,14,U S SENATE,,DOUGLAS BUTZIER,LIBERTARIAN PARTY,104.076693808336
2014,14,U S SENATE,,JONI ERNST,REPUBLICAN PARTY,9366.409512587012
2014,14,U S SENATE,,RICK STEWART,INDEPENDENT,294.988619352954
2014,14,U S SENATE,,RUTH SMITH,,50.937942814934
2014,14,U S SENATE,,WRITE IN,,18.472001240580
2014,15,ATTORNEY GENERAL,,ADAM GREGG,REPUBLICAN PARTY,5823.104645285035
2014,15,ATTORNEY GENERAL,,TOM MILLER,DEMOCRATIC PARTY,11164.294602061238
2014,15,ATTORNEY GENERAL,,WRITE IN,,40.080357682910
2014,15,AUDITOR OF STATE,,JONATHAN NEIDERBACH,DEMOCRATIC PARTY,8728.236295275326
2014,15,AUDITOR OF STATE,,MARY MOSIMAN,REPUBLICAN PARTY,7699.184136042840
2014,15,AUDITOR OF STATE,,WRITE IN,,51.155022181639
2014,15,GOVERNOR,,JACK HATCH MONICA VERNON,DEMOCRATIC PARTY,8421.859585247757
2014,15,GOVERNOR,,JIM HENNAGER MARY MARGARET KRIEG,NEW INDEPENDENT PARTY IOWA,190.870414977531
2014,15,GOVERNOR,,JONATHAN R NARCISSE MICHAEL L RICHARDS,IOWA PARTY,240.034301653727
2014,15,GOVERNOR,,LEE DEAKINS HIEB TIM WATSON,LIBERTARIAN PARTY,340.919739302523
2014,15,GOVERNOR,,TERRY E BRANSTAD KIM REYNOLDS,REPUBLICAN PARTY,8168.457745600231
2014,15,GOVERNOR,,WRITE IN,,32.838865299900
2014,15,SECRETARY OF AGRICULTURE,,BILL NORTHEY,REPUBLICAN PARTY,8569.936879945102
2014,15,SECRETARY OF AGRICULTURE,,LEVI BENNING,NEW INDEPENDENT PARTY IOWA,606.521559873575
2014,15,SECRETARY OF AGRICULTURE,,SHERRIE TAHA,DEMOCRATIC PARTY,7528.123572979550
2014,15,SECRETARY OF AGRICULTURE,,WRITE IN,,25.585380833825
2014,15,SECRETARY OF STATE,,BRAD ANDERSON,DEMOCRATIC PARTY,9635.529641224204
2014,15,SECRETARY OF STATE,,JAKE PORTER,LIBERTARIAN PARTY,491.073989823068
2014,15,SECRETARY OF STATE,,PAUL D PATE,REPUBLICAN PARTY,6478.524598437571
2014,15,SECRETARY OF STATE,,SPENCER HIGHLAND,NEW INDEPENDENT PARTY IOWA,317.358596640429
2014,15,SECRETARY OF STATE,,WRITE IN,,22.103535369072
2014,15,TREASURER OF STATE,,KEITH A LAUBE,LIBERTARIAN PARTY,465.804179636118
2014,15,TREASURER OF STATE,,MICHAEL L FITZGERALD,DEMOCRATIC PARTY,10641.405855667692
2014,15,TREASURER OF STATE,,SAM CLOVIS,REPUBLICAN PARTY,5786.095839468203
2014,15,TREASURER OF STATE,,WRITE IN,,18.453731555453
2014,15,U S SENATE,,BOB QUAST,BOB QUAST FOR TERM LIMITS,85.306011428906
2014,15,U S SENATE,,BRUCE BRALEY,DEMOCRATIC PARTY,9404.287880895343
2014,15,U S SENATE,,DOUGLAS BUTZIER,LIBERTARIAN PARTY,142.891139368273
2014,15,U S SENATE,,JONI ERNST,REPUBLICAN PARTY,7347.348194111710
2014,15,U S SENATE,,RICK STEWART,INDEPENDENT,330.480694319448
2014,15,U S SENATE,,RUTH SMITH,,56.094904771014
2014,15,U S SENATE,,WRITE IN,,30.503220105897
2014,16,ATTORNEY GENERAL,,ADAM GREGG,REPUBLICAN PARTY,3488.974997851833
2014,16,ATTORNEY GENERAL,,TOM MILLER,DEMOCRATIC PARTY,4507.681851338157
2014,16,ATTORNEY GENERAL,,WRITE IN,,11.319192255268
2014,16,AUDITOR OF STATE,,JONATHAN NEIDERBACH,DEMOCRATIC PARTY,3194.765180792453
2014,16,AUDITOR OF STATE,,MARY MOSIMAN,REPUBLICAN PARTY,4521.619535134545
2014,16,AUDITOR OF STATE,,WRITE IN,,14.202225152519
2014,16,GOVERNOR,,JACK HATCH MONICA VERNON,DEMOCRATIC PARTY,3038.747769004724
2014,16,GOVERNOR,,JIM HENNAGER MARY MARGARET KRIEG,NEW INDEPENDENT PARTY IOWA,65.952281363109
2014,16,GOVERNOR,,JONATHAN R NARCISSE MICHAEL L RICHARDS,IOWA PARTY,78.450038443877
2014,16,GOVERNOR,,LEE DEAKINS HIEB TIM WATSON,LIBERTARIAN PARTY,174.287678994019
2014,16,GOVERNOR,,TERRY E BRANSTAD KIM REYNOLDS,REPUBLICAN PARTY,4803.293237609256
2014,16,GOVERNOR,,WRITE IN,,10.411070220655
2014,16,SECRETARY OF AGRICULTURE,,BILL NORTHEY,REPUBLICAN PARTY,5006.154999604341
2014,16,SECRETARY OF AGRICULTURE,,LEVI BENNING,NEW INDEPENDENT PARTY IOWA,231.699999167040
2014,16,SECRETARY OF AGRICULTURE,,SHERRIE TAHA,DEMOCRATIC PARTY,2617.803880185042
2014,16,SECRETARY OF AGRICULTURE,,WRITE IN,,9.134575657292
2014,16,SECRETARY OF STATE,,BRAD ANDERSON,DEMOCRATIC PARTY,3665.249257857701
2014,16,SECRETARY OF STATE,,JAKE PORTER,LIBERTARIAN PARTY,231.639378456096
2014,16,SECRETARY OF STATE,,PAUL D PATE,REPUBLICAN PARTY,3906.911451065419
2014,16,SECRETARY OF STATE,,SPENCER HIGHLAND,NEW INDEPENDENT PARTY IOWA,118.103994138825
2014,16,SECRETARY OF STATE,,WRITE IN,,7.689444680418
2014,16,TREASURER OF STATE,,KEITH A LAUBE,LIBERTARIAN PARTY,203.659775014163
2014,16,TREASURER OF STATE,,MICHAEL L FITZGERALD,DEMOCRATIC PARTY,4255.725363643338
2014,16,TREASURER OF STATE,,SAM CLOVIS,REPUBLICAN PARTY,3470.996249107588
2014,16,TREASURER OF STATE,,WRITE IN,,6.417585855988
2014,16,U S SENATE,,BOB QUAST,BOB QUAST FOR TERM LIMITS,35.866864574421
2014,16,U S SENATE,,BRUCE BRALEY,DEMOCRATIC PARTY,3526.538663294971
2014,16,U S SENATE,,DOUGLAS BUTZIER,LIBERTARIAN PARTY,59.114695271613
2014,16,U S SENATE,,JONI ERNST,REPUBLICAN PARTY,4379.808554704027
2014,16,U S SENATE,,RICK STEWART,INDEPENDENT,143.587647846011
2014,16,U S SENATE,,RUTH SMITH,,18.460649917981
2014,16,U S SENATE,,WRITE IN,,9.571932201449
2014,17,ATTORNEY GENERAL,,ADAM GREGG,REPUBLICAN PARTY,8785.964233076887
2014,17,ATTORNEY GENERAL,,TOM MILLER,DEMOCRATIC PARTY,22641.967986487041
2014,17,ATTORNEY GENERAL,,WRITE IN,,85.202675205854
2014,17,AUDITOR OF STATE,,JONATHAN NEIDERBACH,DEMOCRATIC PARTY,18787.773768411862
2014,17,AUDITOR OF STATE,,MARY MOSIMAN,REPUBLICAN PARTY,11783.726902462608
2014,17,AUDITOR OF STATE,,WRITE IN,,84.131706615185
2014,17,GOVERNOR,,JACK HATCH MONICA VERNON,DEMOCRATIC PARTY,18030.599419232018
2014,17,GOVERNOR,,JIM HENNAGER MARY MARGARET KRIEG,NEW INDEPENDENT PARTY IOWA,349.242957022986
2014,17,GOVERNOR,,JONATHAN R NARCISSE MICHAEL L RICHARDS,IOWA PARTY,693.013426326815
2014,17,GOVERNOR,,LEE DEAKINS HIEB TIM WATSON,LIBERTARIAN PARTY,719.641149679494
2014,17,GOVERNOR,,TERRY E BRANSTAD KIM REYNOLDS,REPUBLICAN PARTY,12271.717545408084
2014,17,GOVERNOR,,WRITE IN,,72.219438697447
2014,17,SECRETARY OF AGRICULTURE,,BILL NORTHEY,REPUBLICAN PARTY,13168.579041679848
2014,17,SECRETARY OF AGRICULTURE,,LEVI BENNING,NEW INDEPENDENT PARTY IOWA,1259.318848040125
2014,17,SECRETARY OF AGRICULTURE,,SHERRIE TAHA,DEMOCRATIC PARTY,16603.644582427787
2014,17,SECRETARY OF AGRICULTURE,,WRITE IN,,49.327729386380
2014,17,SECRETARY OF STATE,,BRAD ANDERSON,DEMOCRATIC PARTY,20200.210893421099
2014,17,SECRETARY OF STATE,,JAKE PORTER,LIBERTARIAN PARTY,1017.810252162494
2014,17,SECRETARY OF STATE,,PAUL D PATE,REPUBLICAN PARTY,9570.179610303996
2014,17,SECRETARY OF STATE,,SPENCER HIGHLAND,NEW INDEPENDENT PARTY IOWA,646.538385396648
2014,17,SECRETARY OF STATE,,WRITE IN,,33.390027995396
2014,17,TREASURER OF STATE,,KEITH A LAUBE,LIBERTARIAN PARTY,1008.767794597194
2014,17,TREASURER OF STATE,,MICHAEL L FITZGERALD,DEMOCRATIC PARTY,21617.355586124035
2014,17,TREASURER OF STATE,,SAM CLOVIS,REPUBLICAN PARTY,8680.602520855975
2014,17,TREASURER OF STATE,,WRITE IN,,37.854612265404
2014,17,U S SENATE,,BOB QUAST,BOB QUAST FOR TERM LIMITS,204.534583225652
2014,17,U S SENATE,,BRUCE BRALEY,DEMOCRATIC PARTY,19964.656484418389
2014,17,U S SENATE,,DOUGLAS BUTZIER,LIBERTARIAN PARTY,285.024575579288
2014,17,U S SENATE,,JONI ERNST,REPUBLICAN PARTY,10926.438249863904
2014,17,U S SENATE,,RICK STEWART,INDEPENDENT,711.019088811394
2014,17,U S SENATE,,RUTH SMITH,,98.578997720716
2014,17,U S SENATE,,WRITE IN,,53.605169267486
2014,18,ATTORNEY GENERAL,,ADAM GREGG,REPUBLICAN PARTY,9508.301840473179
2014,18,ATTORNEY GENERAL,,TOM MILLER,DEMOCRATIC PARTY,20641.849300380491
2014,18,ATTORNEY GENERAL,,WRITE IN,,56.315957227566
2014,18,AUDITOR OF STATE,,JONATHAN NEIDERBACH,DEMOCRATIC PARTY,16366.794083370876
2014,18,AUDITOR OF STATE,,MARY MOSIMAN,REPUBLICAN PARTY,12863.530911025688
2014,18,AUDITOR OF STATE,,WRITE IN,,70.033459995377
2014,18,GOVERNOR,,JACK HATCH MONICA VERNON,DEMOCRATIC PARTY,15685.717113085871
2014,18,GOVERNOR,,JIM HENNAGER MARY MARGARET KRIEG,NEW INDEPENDENT PARTY IOWA,334.928295684858
2014,18,GOVERNOR,,JONATHAN R NARCISSE MICHAEL L RICHARDS,IOWA PARTY,508.774487734521
2014,18,GOVERNOR,,LEE DEAKINS HIEB TIM WATSON,LIBERTARIAN PARTY,639.698836369934
2014,18,GOVERNOR,,TERRY E BRANSTAD KIM REYNOLDS,REPUBLICAN PARTY,13512.099134136737
2014,18,GOVERNOR,,WRITE IN,,47.063895502310
2014,18,SECRETARY OF AGRICULTURE,,BILL NORTHEY,REPUBLICAN PARTY,14426.131212719240
2014,18,SECRETARY OF AGRICULTURE,,LEVI BENNING,NEW INDEPENDENT PARTY IOWA,1086.011472900422
2014,18,SECRETARY OF AGRICULTURE,,SHERRIE TAHA,DEMOCRATIC PARTY,14171.684839292302
2014,18,SECRETARY OF AGRICULTURE,,WRITE IN,,40.271150386540
2014,18,SECRETARY OF STATE,,BRAD ANDERSON,DEMOCRATIC PARTY,17826.426440258423
2014,18,SECRETARY OF STATE,,JAKE PORTER,LIBERTARIAN PARTY,891.823250589752
2014,18,SECRETARY OF STATE,,PAUL D PATE,REPUBLICAN PARTY,10646.572346375666
2014,18,SECRETARY OF STATE,,SPENCER HIGHLAND,NEW INDEPENDENT PARTY IOWA,619.380423163246
2014,18,SECRETARY OF STATE,,WRITE IN,,23.968018425170
2014,18,TREASURER OF STATE,,KEITH A LAUBE,LIBERTARIAN PARTY,832.556079001168
2014,18,TREASURER OF STATE,,MICHAEL L FITZGERALD,DEMOCRATIC PARTY,19602.399156104653
2014,18,TREASURER OF STATE,,SAM CLOVIS,REPUBLICAN PARTY,9518.478227255047
2014,18,TREASURER OF STATE,,WRITE IN,,24.438114998928
2014,18,U S SENATE,,BOB QUAST,BOB QUAST FOR TERM LIMITS,162.040308685916
2014,18,U S SENATE,,BRUCE BRALEY,DEMOCRATIC PARTY,17309.040461053330
2014,18,U S SENATE,,DOUGLAS BUTZIER,LIBERTARIAN PARTY,225.685131450572
2014,18,U S SENATE,,JONI ERNST,REPUBLICAN PARTY,12264.949921916765
2014,18,U S SENATE,,RICK STEWART,INDEPENDENT,638.274258581582
2014,18,U S SENATE,,RUTH SMITH,,83.230781382686
2014,18,U S SENATE,,WRITE IN,,45.259134576760
2014,19,ATTORNEY GENERAL,,ADAM GREGG,REPUBLICAN PARTY,10123.160009502724
2014,19,ATTORNEY GENERAL,,TOM MILLER,DEMOCRATIC PARTY,12579.894109920480
2014,19,ATTORNEY GENERAL,,WRITE IN,,20.988559665780
2014,19,AUDITOR OF STATE,,JONATHAN NEIDERBACH,DEMOCRATIC PARTY,8963.442954991828
2014,19,AUDITOR OF STATE,,MARY MOSIMAN,REPUBLICAN PARTY,12974.272259080331
2014,19,AUDITOR OF STATE,,WRITE IN,,33.820298195177
2014,19,GOVERNOR,,JACK HATCH MONICA VERNON,DEMOCRATIC PARTY,8037.882021913851
2014,19,GOVERNOR,,JIM HENNAGER MARY MARGARET KRIEG,NEW INDEPENDENT PARTY IOWA,304.052295228163
2014,19,GOVERNOR,,JONATHAN R NARCISSE MICHAEL L RICHARDS,IOWA PARTY,293.799737785058
2014,19,GOVERNOR,,LEE DEAKINS HIEB TIM WATSON,LIBERTARIAN PARTY,521.260611216089
2014,19,GOVERNOR,,TERRY E BRANSTAD KIM REYNOLDS,REPUBLICAN PARTY,13861.227528623676
2014,19,GOVERNOR,,WRITE IN,,29.488023880519
2014,19,SECRETARY OF AGRICULTURE,,BILL NORTHEY,REPUBLICAN PARTY,14985.050032352265
2014,19,SECRETARY OF AGRICULTURE,,LEVI BENNING,NEW INDEPENDENT PARTY IOWA,819.557221649791
2014,19,SECRETARY OF AGRICULTURE,,SHERRIE TAHA,DEMOCRATIC PARTY,6629.981300687360
2014,19,SECRETARY OF AGRICULTURE,,WRITE IN,,22.990757021456
2014,19,SECRETARY OF STATE,,BRAD ANDERSON,DEMOCRATIC PARTY,9811.814076206418
2014,19,SECRETARY OF STATE,,JAKE PORTER,LIBERTARIAN PARTY,709.138197146359
2014,19,SECRETARY OF STATE,,PAUL D PATE,REPUBLICAN PARTY,11422.938618114709
2014,19,SECRETARY OF STATE,,SPENCER HIGHLAND,NEW INDEPENDENT PARTY IOWA,505.743896251847
2014,19,SECRETARY OF STATE,,WRITE IN,,19.159584164264
2014,19,TREASURER OF STATE,,KEITH A LAUBE,LIBERTARIAN PARTY,980.330349595348
2014,19,TREASURER OF STATE,,MICHAEL L FITZGERALD,DEMOCRATIC PARTY,11142.153271708270
2014,19,TREASURER OF STATE,,SAM CLOVIS,REPUBLICAN PARTY,10422.432167161793
2014,19,TREASURER OF STATE,,WRITE IN,,15.827343818046
2014,19,U S SENATE,,BOB QUAST,BOB QUAST FOR TERM LIMITS,170.750579133956
2014,19,U S SENATE,,BRUCE BRALEY,DEMOCRATIC PARTY,8681.305480399464
2014,19,U S SENATE,,DOUGLAS BUTZIER,LIBERTARIAN PARTY,157.188507415615
2014,19,U S SENATE,,JONI ERNST,REPUBLICAN PARTY,13200.513575059011
2014,19,U S SENATE,,RICK STEWART,INDEPENDENT,684.435155566848
2014,19,U S SENATE,,RUTH SMITH,,77.316622219822
2014,19,U S SENATE,,WRITE IN,,33.574939712997
2014,20,ATTORNEY GENERAL,,ADAM GREGG,REPUBLICAN PARTY,6127.745866863710
2014,20,ATTORNEY GENERAL,,TOM MILLER,DEMOCRATIC PARTY,9930.837078740018
2014,20,ATTORNEY GENERAL,,WRITE IN,,21.924990536902
2014,20,AUDITOR OF STATE,,JONATHAN NEIDERBACH,DEMOCRATIC PARTY,7560.525305233522
2014,20,AUDITOR OF STATE,,MARY MOSIMAN,REPUBLICAN PARTY,7974.365517269695
2014,20,AUDITOR OF STATE,,WRITE IN,,32.020927004804
2014,20,GOVERNOR,,JACK HATCH MONICA VERNON,DEMOCRATIC PARTY,7215.595106969809
2014,20,GOVERNOR,,JIM HENNAGER MARY MARGARET KRIEG,NEW INDEPENDENT PARTY IOWA,183.372049874112
2014,20,GOVERNOR,,JONATHAN R NARCISSE MICHAEL L RICHARDS,IOWA PARTY,206.645170457169
2014,20,GOVERNOR,,LEE DEAKINS HIEB TIM WATSON,LIBERTARIAN PARTY,377.685169605364
2014,20,GOVERNOR,,TERRY E BRANSTAD KIM REYNOLDS,REPUBLICAN PARTY,8355.842553433993
2014,20,GOVERNOR,,WRITE IN,,21.536511172430
2014,20,SECRETARY OF AGRICULTURE,,BILL NORTHEY,REPUBLICAN PARTY,8855.798124321900
2014,20,SECRETARY OF AGRICULTURE,,LEVI BENNING,NEW INDEPENDENT PARTY IOWA,623.468732993674
2014,20,SECRETARY OF AGRICULTURE,,SHERRIE TAHA,DEMOCRATIC PARTY,6334.654077739866
2014,20,SECRETARY OF AGRICULTURE,,WRITE IN,,15.425702839014
2014,20,SECRETARY OF STATE,,BRAD ANDERSON,DEMOCRATIC PARTY,8332.156350878982
2014,20,SECRETARY OF STATE,,JAKE PORTER,LIBERTARIAN PARTY,463.145624157946
2014,20,SECRETARY OF STATE,,PAUL D PATE,REPUBLICAN PARTY,6775.104407845560
2014,20,SECRETARY OF STATE,,SPENCER HIGHLAND,NEW INDEPENDENT PARTY IOWA,336.096993407320
2014,20,SECRETARY OF STATE,,WRITE IN,,19.449898698667
2014,20,TREASURER OF STATE,,KEITH A LAUBE,LIBERTARIAN PARTY,442.235446464160
2014,20,TREASURER OF STATE,,MICHAEL L FITZGERALD,DEMOCRATIC PARTY,9410.108418984461
2014,20,TREASURER OF STATE,,SAM CLOVIS,REPUBLICAN PARTY,6071.427914695413
2014,20,TREASURER OF STATE,,WRITE IN,,20.310587572295
2014,20,U S SENATE,,BOB QUAST,BOB QUAST FOR TERM LIMITS,92.528284747078
2014,20,U S SENATE,,BRUCE BRALEY,DEMOCRATIC PARTY,7845.705412353658
2014,20,U S SENATE,,DOUGLAS BUTZIER,LIBERTARIAN PARTY,139.094436710152
2014,20,U S SENATE,,JONI ERNST,REPUBLICAN PARTY,7809.368554361799
2014,20,U S SENATE,,RICK STEWART,INDEPENDENT,400.446302338777
2014,20,U S SENATE,,RUTH SMITH,,47.400226412783
2014,20,U S SENATE,,WRITE IN,,25.775238325845
2014,21,ATTORNEY GENERAL,,ADAM GREGG,REPUBLICAN PARTY,9765.293578202953
2014,21,ATTORNEY GENERAL,,TOM MILLER,DEMOCRATIC PARTY,11716.548072478903
2014,21,ATTORNEY GENERAL,,WRITE IN,,30.135530323699
2014,21,AUDITOR OF STATE,,JONATHAN NEIDERBACH,DEMOCRATIC PARTY,8143.980512134780
2014,21,AUDITOR OF STATE,,MARY MOSIMAN,REPUBLICAN PARTY,12603.956475628091
2014,21,AUDITOR OF STATE,,WRITE IN,,39.767267776938
2014,21,GOVERNOR,,JACK HATCH MONICA VERNON,DEMOCRATIC PARTY,7754.098556541680
2014,21,GOVERNOR,,JIM HENNAGER MARY MARGARET KRIEG,NEW INDEPENDENT PARTY IOWA,185.463515601145
2014,21,GOVERNOR,,JONATHAN R NARCISSE MICHAEL L RICHARDS,IOWA PARTY,205.045484233543
2014,21,GOVERNOR,,LEE DEAKINS HIEB TIM WATSON,LIBERTARIAN PARTY,498.625677692113
2014,21,GOVERNOR,,TERRY E BRANSTAD KIM REYNOLDS,REPUBLICAN PARTY,13344.299862843860
2014,21,GOVERNOR,,WRITE IN,,37.310581322663
2014,21,SECRETARY OF AGRICULTURE,,BILL NORTHEY,REPUBLICAN PARTY,14047.395296140026
2014,21,SECRETARY OF AGRICULTURE,,LEVI BENNING,NEW INDEPENDENT PARTY IOWA,623.882922897580
2014,21,SECRETARY OF AGRICULTURE,,SHERRIE TAHA,DEMOCRATIC PARTY,6557.153871150869
2014,21,SECRETARY OF AGRICULTURE,,WRITE IN,,20.292005446957
2014,21,SECRETARY OF STATE,,BRAD ANDERSON,DEMOCRATIC PARTY,9412.817528089447
2014,21,SECRETARY OF STATE,,JAKE PORTER,LIBERTARIAN PARTY,637.885231596022
2014,21,SECRETARY OF STATE,,PAUL D PATE,REPUBLICAN PARTY,10934.346408057077
2014,21,SECRETARY OF STATE,,SPENCER HIGHLAND,NEW INDEPENDENT PARTY IOWA,353.002061437444
2014,21,SECRETARY OF STATE,,WRITE IN,,17.352174819731
2014,21,TREASURER OF STATE,,KEITH A LAUBE,LIBERTARIAN PARTY,593.403483251809
2014,21,TREASURER OF STATE,,MICHAEL L FITZGERALD,DEMOCRATIC PARTY,11108.620689692389
2014,21,TREASURER OF STATE,,SAM CLOVIS,REPUBLICAN PARTY,9651.820263038346
2014,21,TREASURER OF STATE,,WRITE IN,,21.943238689933
2014,21,U S SENATE,,BOB QUAST,BOB QUAST FOR TERM LIMITS,113.011857488026
2014,21,U S SENATE,,BRUCE BRALEY,DEMOCRATIC PARTY,9021.875708390015
2014,21,U S SENATE,,DOUGLAS BUTZIER,LIBERTARIAN PARTY,157.629230886961
2014,21,U S SENATE,,JONI ERNST,REPUBLICAN PARTY,12290.417650724465
2014,21,U S SENATE,,RICK STEWART,INDEPENDENT,403.111799319490
2014,21,U S SENATE,,RUTH SMITH,,49.952848129115
2014,21,U S SENATE,,WRITE IN,,27.163299904312
2014,22,ATTORNEY GENERAL,,ADAM GREGG,REPUBLICAN PARTY,9699.775071786125
2014,22,ATTORNEY GENERAL,,TOM MILLER,DEMOCRATIC PARTY,13434.157098399322
2014,22,ATTORNEY GENERAL,,WRITE IN,,35.433201892851
2014,22,AUDITOR OF STATE,,JONATHAN NEIDERBACH,DEMOCRATIC PARTY,9468.771097611392
2014,22,AUDITOR OF STATE,,MARY MOSIMAN,REPUBLICAN PARTY,12894.141479557253
2014,22,AUDITOR OF STATE,,WRITE IN,,54.911095321716
2014,22,GOVERNOR,,JACK HATCH MONICA VERNON,DEMOCRATIC PARTY,9093.440201556252
2014,22,GOVERNOR,,JIM HENNAGER MARY MARGARET KRIEG,NEW INDEPENDENT PARTY IOWA,192.972378028548
2014,22,GOVERNOR,,JONATHAN R NARCISSE MICHAEL L RICHARDS,IOWA PARTY,238.481596646536
2014,22,GOVERNOR,,LEE DEAKINS HIEB TIM WATSON,LIBERTARIAN PARTY,505.269490233269
2014,22,GOVERNOR,,TERRY E BRANSTAD KIM REYNOLDS,REPUBLICAN PARTY,13574.167394317365
2014,22,GOVERNOR,,WRITE IN,,35.631712132921
2014,22,SECRETARY OF AGRICULTURE,,BILL NORTHEY,REPUBLICAN PARTY,14208.744797975014
2014,22,SECRETARY OF AGRICULTURE,,LEVI BENNING,NEW INDEPENDENT PARTY IOWA,681.703208747694
2014,22,SECRETARY OF AGRICULTURE,,SHERRIE TAHA,DEMOCRATIC PARTY,7829.158350852354
2014,22,SECRETARY OF AGRICULTURE,,WRITE IN,,21.977445436073
2014,22,SECRETARY OF STATE,,BRAD ANDERSON,DEMOCRATIC PARTY,10825.476311920831
2014,22,SECRETARY OF STATE,,JAKE PORTER,LIBERTARIAN PARTY,608.180373004474
2014,22,SECRETARY OF STATE,,PAUL D PATE,REPUBLICAN PARTY,11156.033532166466
2014,22,SECRETARY OF STATE,,SPENCER HIGHLAND,NEW INDEPENDENT PARTY IOWA,368.001931667618
2014,22,SECRETARY OF STATE,,WRITE IN,,26.500223590073
2014,22,TREASURER OF STATE,,KEITH A LAUBE,LIBERTARIAN PARTY,555.122031461877
2014,22,TREASURER OF STATE,,MICHAEL L FITZGERALD,DEMOCRATIC PARTY,12729.157601581775
2014,22,TREASURER OF STATE,,SAM CLOVIS,REPUBLICAN PARTY,9689.410984284943
2014,22,TREASURER OF STATE,,WRITE IN,,17.409420054544
2014,22,U S SENATE,,BOB QUAST,BOB QUAST FOR TERM LIMITS,112.806592899640
2014,22,U S SENATE,,BRUCE BRALEY,DEMOCRATIC PARTY,10494.443079730358
2014,22,U S SENATE,,DOUGLAS BUTZIER,LIBERTARIAN PARTY,170.172395842747
2014,22,U S SENATE,,JONI ERNST,REPUBLICAN PARTY,12385.434490284953
2014,22,U S SENATE,,RICK STEWART,INDEPENDENT,407.388776579148
2014,22,U S SENATE,,RUTH SMITH,,50.680437883874
2014,22,U S SENATE,,WRITE IN,,27.558947789388
2014,23,ATTORNEY GENERAL,,ADAM GREGG,REPUBLICAN PARTY,10344.972277056537
2014,23,ATTORNEY GENERAL,,TOM MILLER,DEMOCRATIC PARTY,10821.959091220140
2014,23,ATTORNEY GENERAL,,WRITE IN,,25.507937403666
2014,23,AUDITOR OF STATE,,JONATHAN NEIDERBACH,DEMOCRATIC PARTY,7267.516100204788
2014,23,AUDITOR OF STATE,,MARY MOSIMAN,REPUBLICAN PARTY,13085.977768758436
2014,23,AUDITOR OF STATE,,WRITE IN,,30.332584434627
2014,23,GOVERNOR,,JACK HATCH MONICA VERNON,DEMOCRATIC PARTY,6919.453793345290
2014,23,GOVERNOR,,JIM HENNAGER MARY MARGARET KRIEG,NEW INDEPENDENT PARTY IOWA,176.472941540608
2014,23,GOVERNOR,,JONATHAN R NARCISSE MICHAEL L RICHARDS,IOWA PARTY,224.254635526708
2014,23,GOVERNOR,,LEE DEAKINS HIEB TIM WATSON,LIBERTARIAN PARTY,501.177836269537
2014,23,GOVERNOR,,TERRY E BRANSTAD KIM REYNOLDS,REPUBLICAN PARTY,13822.826428076067
2014,23,GOVERNOR,,WRITE IN,,33.765466040041
2014,23,SECRETARY OF AGRICULTURE,,BILL NORTHEY,REPUBLICAN PARTY,14595.531723458256
2014,23,SECRETARY OF AGRICULTURE,,LEVI BENNING,NEW INDEPENDENT PARTY IOWA,579.864167528450
2014,23,SECRETARY OF AGRICULTURE,,SHERRIE TAHA,DEMOCRATIC PARTY,5692.190274555875
2014,23,SECRETARY OF AGRICULTURE,,WRITE IN,,16.710929027050
2014,23,SECRETARY OF STATE,,BRAD ANDERSON,DEMOCRATIC PARTY,8500.895685468564
2014,23,SECRETARY OF STATE,,JAKE PORTER,LIBERTARIAN PARTY,594.854503290675
2014,23,SECRETARY OF STATE,,PAUL D PATE,REPUBLICAN PARTY,11535.337814095161
2014,23,SECRETARY OF STATE,,SPENCER HIGHLAND,NEW INDEPENDENT PARTY IOWA,318.957990381268
2014,23,SECRETARY OF STATE,,WRITE IN,,20.421678921607
2014,23,TREASURER OF STATE,,KEITH A LAUBE,LIBERTARIAN PARTY,521.512017859634
2014,23,TREASURER OF STATE,,MICHAEL L FITZGERALD,DEMOCRATIC PARTY,10145.913056868683
2014,23,TREASURER OF STATE,,SAM CLOVIS,REPUBLICAN PARTY,10344.402736343818
2014,23,TREASURER OF STATE,,WRITE IN,,11.230424494636
2014,23,U S SENATE,,BOB QUAST,BOB QUAST FOR TERM LIMITS,95.202838065418
2014,23,U S SENATE,,BRUCE BRALEY,DEMOCRATIC PARTY,7909.520210382413
2014,23,U S SENATE,,DOUGLAS BUTZIER,LIBERTARIAN PARTY,142.115083321253
2014,23,U S SENATE,,JONI ERNST,REPUBLICAN PARTY,13041.429818252938
2014,23,U S SENATE,,RICK STEWART,INDEPENDENT,428.210762185652
2014,23,U S SENATE,,RUTH SMITH,,49.180886511951
2014,23,U S SENATE,,WRITE IN,,23.663400467259
2014,24,ATTORNEY GENERAL,,ADAM GREGG,REPUBLICAN PARTY,9943.851147799405
2014,24,ATTORNEY GENERAL,,TOM MILLER,DEMOCRATIC PARTY,13576.982174217423
2014,24,ATTORNEY GENERAL,,WRITE IN,,22.329722132524
2014,24,AUDITOR OF STATE,,JONATHAN NEIDERBACH,DEMOCRATIC PARTY,8998.307054580791
2014,24,AUDITOR OF STATE,,MARY MOSIMAN,REPUBLICAN PARTY,13493.669137517099
2014,24,AUDITOR OF STATE,,WRITE IN,,23.933255655870
2014,24,GOVERNOR,,JACK HATCH MONICA VERNON,DEMOCRATIC PARTY,8548.261008265266
2014,24,GOVERNOR,,JIM HENNAGER MARY MARGARET KRIEG,NEW INDEPENDENT PARTY IOWA,211.185159241054
2014,24,GOVERNOR,,JONATHAN R NARCISSE MICHAEL L RICHARDS,IOWA PARTY,242.651648315429
2014,24,GOVERNOR,,LEE DEAKINS HIEB TIM WATSON,LIBERTARIAN PARTY,640.911281855714
2014,24,GOVERNOR,,TERRY E BRANSTAD KIM REYNOLDS,REPUBLICAN PARTY,14352.863797825839
2014,24,GOVERNOR,,WRITE IN,,27.875954542852
2014,24,SECRETARY OF AGRICULTURE,,BILL NORTHEY,REPUBLICAN PARTY,15718.677369360157
2014,24,SECRETARY OF AGRICULTURE,,LEVI BENNING,NEW INDEPENDENT PARTY IOWA,709.088567607059
2014,24,SECRETARY OF AGRICULTURE,,SHERRIE TAHA,DEMOCRATIC PARTY,6789.621467139720
2014,24,SECRETARY OF AGRICULTURE,,WRITE IN,,13.856941580867
2014,24,SECRETARY OF STATE,,BRAD ANDERSON,DEMOCRATIC PARTY,10558.675362965720
2014,24,SECRETARY OF STATE,,JAKE PORTER,LIBERTARIAN PARTY,828.309593914573
2014,24,SECRETARY OF STATE,,PAUL D PATE,REPUBLICAN PARTY,11347.765332016423
2014,24,SECRETARY OF STATE,,SPENCER HIGHLAND,NEW INDEPENDENT PARTY IOWA,382.044162660348
2014,24,SECRETARY OF STATE,,WRITE IN,,17.856421823086
2014,24,TREASURER OF STATE,,KEITH A LAUBE,LIBERTARIAN PARTY,771.491613763624
2014,24,TREASURER OF STATE,,MICHAEL L FITZGERALD,DEMOCRATIC PARTY,12203.746898001218
2014,24,TREASURER OF STATE,,SAM CLOVIS,REPUBLICAN PARTY,10338.085154142518
2014,24,TREASURER OF STATE,,WRITE IN,,12.733965877588
2014,24,U S SENATE,,BOB QUAST,BOB QUAST FOR TERM LIMITS,116.973619246918
2014,24,U S SENATE,,BRUCE BRALEY,DEMOCRATIC PARTY,9374.354439880948
2014,24,U S SENATE,,DOUGLAS BUTZIER,LIBERTARIAN PARTY,210.574852680410
2014,24,U S SENATE,,JONI ERNST,REPUBLICAN PARTY,13449.450102852445
2014,24,U S SENATE,,RICK STEWART,INDEPENDENT,674.312667675363
2014,24,U S SENATE,,RUTH SMITH,,118.616382168307
2014,24,U S SENATE,,WRITE IN,,26.870611581216
2014,25,ATTORNEY GENERAL,,ADAM GREGG,REPUBLICAN PARTY,8446.180063938482
2014,25,ATTORNEY GENERAL,,TOM MILLER,DEMOCRATIC PARTY,15071.967132250677
2014,25,ATTORNEY GENERAL,,WRITE IN,,38.014721094113
2014,25,AUDITOR OF STATE,,JONATHAN NEIDERBACH,DEMOCRATIC PARTY,10162.430308294275
2014,25,AUDITOR OF STATE,,MARY MOSIMAN,REPUBLICAN PARTY,13014.725471672311
2014,25,AUDITOR OF STATE,,WRITE IN,,33.783263105802
2014,25,GOVERNOR,,JACK HATCH MONICA VERNON,DEMOCRATIC PARTY,11358.582485191313
2014,25,GOVERNOR,,JIM HENNAGER MARY MARGARET KRIEG,NEW INDEPENDENT PARTY IOWA,183.616634976454
2014,25,GOVERNOR,,JONATHAN R NARCISSE MICHAEL L RICHARDS,IOWA PARTY,246.300404391085
2014,25,GOVERNOR,,LEE DEAKINS HIEB TIM WATSON,LIBERTARIAN PARTY,661.869551443763
2014,25,GOVERNOR,,TERRY E BRANSTAD KIM REYNOLDS,REPUBLICAN PARTY,11830.281188545810
2014,25,GOVERNOR,,WRITE IN,,42.864190695362
2014,25,SECRETARY OF AGRICULTURE,,BILL NORTHEY,REPUBLICAN PARTY,13045.296237485316
2014,25,SECRETARY OF AGRICULTURE,,LEVI BENNING,NEW INDEPENDENT PARTY IOWA,678.047691316274
2014,25,SECRETARY OF AGRICULTURE,,SHERRIE TAHA,DEMOCRATIC PARTY,9559.253206959194
2014,25,SECRETARY OF AGRICULTURE,,WRITE IN,,30.102283809587
2014,25,SECRETARY OF STATE,,BRAD ANDERSON,DEMOCRATIC PARTY,12884.255684042342
2014,25,SECRETARY OF STATE,,JAKE PORTER,LIBERTARIAN PARTY,911.455165490039
2014,25,SECRETARY OF STATE,,PAUL D PATE,REPUBLICAN PARTY,9308.822410777348
2014,25,SECRETARY OF STATE,,SPENCER HIGHLAND,NEW INDEPENDENT PARTY IOWA,299.947612893412
2014,25,SECRETARY OF STATE,,WRITE IN,,30.791882406949
2014,25,TREASURER OF STATE,,KEITH A LAUBE,LIBERTARIAN PARTY,809.256991411693
2014,25,TREASURER OF STATE,,MICHAEL L FITZGERALD,DEMOCRATIC PARTY,14254.437896295769
2014,25,TREASURER OF STATE,,SAM CLOVIS,REPUBLICAN PARTY,8429.098467463175
2014,25,TREASURER OF STATE,,WRITE IN,,20.086997113499
2014,25,U S SENATE,,BOB QUAST,BOB QUAST FOR TERM LIMITS,69.624826725419
2014,25,U S SENATE,,BRUCE BRALEY,DEMOCRATIC PARTY,12844.437477112786
2014,25,U S SENATE,,DOUGLAS BUTZIER,LIBERTARIAN PARTY,207.770755656642
2014,25,U S SENATE,,JONI ERNST,REPUBLICAN PARTY,10656.658179184004
2014,25,U S SENATE,,RICK STEWART,INDEPENDENT,515.101859980777
2014,25,U S SENATE,,RUTH SMITH,,98.880849773367
2014,25,U S SENATE,,WRITE IN,,35.314589204774
2014,26,ATTORNEY GENERAL,,ADAM GREGG,REPUBLICAN PARTY,7452.545015641976
2014,26,ATTORNEY GENERAL,,TOM MILLER,DEMOCRATIC PARTY,10468.166227332966
2014,26,ATTORNEY GENERAL,,WRITE IN,,11.470515444314
2014,26,AUDITOR OF STATE,,JONATHAN NEIDERBACH,DEMOCRATIC PARTY,7207.961457089913
2014,26,AUDITOR OF STATE,,MARY MOSIMAN,REPUBLICAN PARTY,10159.033379707342
2014,26,AUDITOR OF STATE,,WRITE IN,,12.259429007689
2014,26,GOVERNOR,,JACK HATCH MONICA VERNON,DEMOCRATIC PARTY,7601.359778357229
2014,26,GOVERNOR,,JIM HENNAGER MARY MARGARET KRIEG,NEW INDEPENDENT PARTY IOWA,145.570082023320
2014,26,GOVERNOR,,JONATHAN R NARCISSE MICHAEL L RICHARDS,IOWA PARTY,199.089659684683
2014,26,GOVERNOR,,LEE DEAKINS HIEB TIM WATSON,LIBERTARIAN PARTY,427.570330138675
2014,26,GOVERNOR,,TERRY E BRANSTAD KIM REYNOLDS,REPUBLICAN PARTY,9871.712210924657
2014,26,GOVERNOR,,WRITE IN,,13.150086191911
2014,26,SECRETARY OF AGRICULTURE,,BILL NORTHEY,REPUBLICAN PARTY,11149.831892563623
2014,26,SECRETARY OF AGRICULTURE,,LEVI BENNING,NEW INDEPENDENT PARTY IOWA,547.415493832314
2014,26,SECRETARY OF AGRICULTURE,,SHERRIE TAHA,DEMOCRATIC PARTY,5975.590167530581
2014,26,SECRETARY OF AGRICULTURE,,WRITE IN,,7.248653031374
2014,26,SECRETARY OF STATE,,BRAD ANDERSON,DEMOCRATIC PARTY,8433.581391111758
2014,26,SECRETARY OF STATE,,JAKE PORTER,LIBERTARIAN PARTY,547.123402678339
2014,26,SECRETARY OF STATE,,PAUL D PATE,REPUBLICAN PARTY,8522.560590844161
2014,26,SECRETARY OF STATE,,SPENCER HIGHLAND,NEW INDEPENDENT PARTY IOWA,207.340351934827
2014,26,SECRETARY OF STATE,,WRITE IN,,9.204697557938
2014,26,TREASURER OF STATE,,KEITH A LAUBE,LIBERTARIAN PARTY,465.589599371213
2014,26,TREASURER OF STATE,,MICHAEL L FITZGERALD,DEMOCRATIC PARTY,9815.574049753039
2014,26,TREASURER OF STATE,,SAM CLOVIS,REPUBLICAN PARTY,7515.794316971499
2014,26,TREASURER OF STATE,,WRITE IN,,4.263939727462
2014,26,U S SENATE,,BOB QUAST,BOB QUAST FOR TERM LIMITS,72.324192924981
2014,26,U S SENATE,,BRUCE BRALEY,DEMOCRATIC PARTY,7817.828879026613
2014,26,U S SENATE,,DOUGLAS BUTZIER,LIBERTARIAN PARTY,126.496728893742
2014,26,U S SENATE,,JONI ERNST,REPUBLICAN PARTY,9597.151384176963
2014,26,U S SENATE,,RICK STEWART,INDEPENDENT,486.742742114103
2014,26,U S SENATE,,RUTH SMITH,,77.259156857870
2014,26,U S SENATE,,WRITE IN,,23.521127449239
2014,27,ATTORNEY GENERAL,,ADAM GREGG,REPUBLICAN PARTY,11423.541052530698
2014,27,ATTORNEY GENERAL,,TOM MILLER,DEMOCRATIC PARTY,13858.973864618320
2014,27,ATTORNEY GENERAL,,WRITE IN,,26.386779483050
2014,27,AUDITOR OF STATE,,JONATHAN NEIDERBACH,DEMOCRATIC PARTY,9275.173426577352
2014,27,AUDITOR OF STATE,,MARY MOSIMAN,REPUBLICAN PARTY,15170.381969677157
2014,27,AUDITOR OF STATE,,WRITE IN,,37.464771214701
2014,27,GOVERNOR,,JACK HATCH MONICA VERNON,DEMOCRATIC PARTY,9199.966357758778
2014,27,GOVERNOR,,JIM HENNAGER MARY MARGARET KRIEG,NEW INDEPENDENT PARTY IOWA,309.271390299381
2014,27,GOVERNOR,,JONATHAN R NARCISSE MICHAEL L RICHARDS,IOWA PARTY,259.343922375813
2014,27,GOVERNOR,,LEE DEAKINS HIEB TIM WATSON,LIBERTARIAN PARTY,596.399314340993
2014,27,GOVERNOR,,TERRY E BRANSTAD KIM REYNOLDS,REPUBLICAN PARTY,15474.725150883980
2014,27,GOVERNOR,,WRITE IN,,24.465132259876
2014,27,SECRETARY OF AGRICULTURE,,BILL NORTHEY,REPUBLICAN PARTY,17417.345753558511
2014,27,SECRETARY OF AGRICULTURE,,LEVI BENNING,NEW INDEPENDENT PARTY IOWA,973.865540882242
2014,27,SECRETARY OF AGRICULTURE,,SHERRIE TAHA,DEMOCRATIC PARTY,6681.253656839230
2014,27,SECRETARY OF AGRICULTURE,,WRITE IN,,21.109956216727
2014,27,SECRETARY OF STATE,,BRAD ANDERSON,DEMOCRATIC PARTY,10763.356988486283
2014,27,SECRETARY OF STATE,,JAKE PORTER,LIBERTARIAN PARTY,655.671104730535
2014,27,SECRETARY OF STATE,,PAUL D PATE,REPUBLICAN PARTY,13207.213851741601
2014,27,SECRETARY OF STATE,,SPENCER HIGHLAND,NEW INDEPENDENT PARTY IOWA,517.272234700216
2014,27,SECRETARY OF STATE,,WRITE IN,,20.379627571493
2014,27,TREASURER OF STATE,,KEITH A LAUBE,LIBERTARIAN PARTY,782.192315682489
2014,27,TREASURER OF STATE,,MICHAEL L FITZGERALD,DEMOCRATIC PARTY,12826.024948448205
2014,27,TREASURER OF STATE,,SAM CLOVIS,REPUBLICAN PARTY,11551.838577633094
2014,27,TREASURER OF STATE,,WRITE IN,,11.848374480994
2014,27,U S SENATE,,BOB QUAST,BOB QUAST FOR TERM LIMITS,131.454884811694
2014,27,U S SENATE,,BRUCE BRALEY,DEMOCRATIC PARTY,9928.559499659705
2014,27,U S SENATE,,DOUGLAS BUTZIER,LIBERTARIAN PARTY,163.424419293936
2014,27,U S SENATE,,JONI ERNST,REPUBLICAN PARTY,14820.834723888387
2014,27,U S SENATE,,RICK STEWART,INDEPENDENT,693.681737172546
2014,27,U S SENATE,,RUTH SMITH,,76.488190007420
2014,27,U S SENATE,,WRITE IN,,19.515166505543
2014,28,ATTORNEY GENERAL,,ADAM GREGG,REPUBLICAN PARTY,11836.409155951571
2014,28,ATTORNEY GENERAL,,TOM MILLER,DEMOCRATIC PARTY,12465.253488537301
2014,28,ATTORNEY GENERAL,,WRITE IN,,18.805159483240
2014,28,AUDITOR OF STATE,,JONATHAN NEIDERBACH,DEMOCRATIC PARTY,7467.416432406101
2014,28,AUDITOR OF STATE,,MARY MOSIMAN,REPUBLICAN PARTY,15917.894161583974
2014,28,AUDITOR OF STATE,,WRITE IN,,19.517602524940
2014,28,GOVERNOR,,JACK HATCH MONICA VERNON,DEMOCRATIC PARTY,6894.095801577072
2014,28,GOVERNOR,,JIM HENNAGER MARY MARGARET KRIEG,NEW INDEPENDENT PARTY IOWA,200.728832824218
2014,28,GOVERNOR,,JONATHAN R NARCISSE MICHAEL L RICHARDS,IOWA PARTY,188.533992307458
2014,28,GOVERNOR,,LEE DEAKINS HIEB TIM WATSON,LIBERTARIAN PARTY,527.659488314034
2014,28,GOVERNOR,,TERRY E BRANSTAD KIM REYNOLDS,REPUBLICAN PARTY,16953.265321655825
2014,28,GOVERNOR,,WRITE IN,,18.977693658220
2014,28,SECRETARY OF AGRICULTURE,,BILL NORTHEY,REPUBLICAN PARTY,18136.405847549649
2014,28,SECRETARY OF AGRICULTURE,,LEVI BENNING,NEW INDEPENDENT PARTY IOWA,807.084374397434
2014,28,SECRETARY OF AGRICULTURE,,SHERRIE TAHA,DEMOCRATIC PARTY,5147.616123892548
2014,28,SECRETARY OF AGRICULTURE,,WRITE IN,,15.287556958300
2014,28,SECRETARY OF STATE,,BRAD ANDERSON,DEMOCRATIC PARTY,9141.868952779159
2014,28,SECRETARY OF STATE,,JAKE PORTER,LIBERTARIAN PARTY,648.720490780113
2014,28,SECRETARY OF STATE,,PAUL D PATE,REPUBLICAN PARTY,13586.704760648285
2014,28,SECRETARY OF STATE,,SPENCER HIGHLAND,NEW INDEPENDENT PARTY IOWA,437.489379623898
2014,28,SECRETARY OF STATE,,WRITE IN,,13.517602524940
2014,28,TREASURER OF STATE,,KEITH A LAUBE,LIBERTARIAN PARTY,668.659488314034
2014,28,TREASURER OF STATE,,MICHAEL L FITZGERALD,DEMOCRATIC PARTY,11199.594000223267
2014,28,TREASURER OF STATE,,SAM CLOVIS,REPUBLICAN PARTY,12123.431462293353
2014,28,TREASURER OF STATE,,WRITE IN,,10.287556958300
2014,28,U S SENATE,,BOB QUAST,BOB QUAST FOR TERM LIMITS,105.185432883079
2014,28,U S SENATE,,BRUCE BRALEY,DEMOCRATIC PARTY,8327.157869632727
2014,28,U S SENATE,,DOUGLAS BUTZIER,LIBERTARIAN PARTY,120.498787257578
2014,28,U S SENATE,,JONI ERNST,REPUBLICAN PARTY,15189.746653541310
2014,28,U S SENATE,,RICK STEWART,INDEPENDENT,777.244009864315
2014,28,U S SENATE,,RUTH SMITH,,128.630078041751
2014,28,U S SENATE,,WRITE IN,,20.510742157768
2014,29,ATTORNEY GENERAL,,ADAM GREGG,REPUBLICAN PARTY,11156.931592756127
2014,29,ATTORNEY GENERAL,,TOM MILLER,DEMOCRATIC PARTY,13850.707045498177
2014,29,ATTORNEY GENERAL,,WRITE IN,,16.451334229219
2014,29,AUDITOR OF STATE,,JONATHAN NEIDERBACH,DEMOCRATIC PARTY,9726.182760606642
2014,29,AUDITOR OF STATE,,MARY MOSIMAN,REPUBLICAN PARTY,14440.083829269854
2014,29,AUDITOR OF STATE,,WRITE IN,,18.085557048698
2014,29,GOVERNOR,,JACK HATCH MONICA VERNON,DEMOCRATIC PARTY,8792.043066487489
2014,29,GOVERNOR,,JIM HENNAGER MARY MARGARET KRIEG,NEW INDEPENDENT PARTY IOWA,258.306904716196
2014,29,GOVERNOR,,JONATHAN R NARCISSE MICHAEL L RICHARDS,IOWA PARTY,157.598899340884
2014,29,GOVERNOR,,LEE DEAKINS HIEB TIM WATSON,LIBERTARIAN PARTY,364.649132910987
2014,29,GOVERNOR,,TERRY E BRANSTAD KIM REYNOLDS,REPUBLICAN PARTY,16112.218020093427
2014,29,GOVERNOR,,WRITE IN,,12.451334229219
2014,29,SECRETARY OF AGRICULTURE,,BILL NORTHEY,REPUBLICAN PARTY,17149.563383886863
2014,29,SECRETARY OF AGRICULTURE,,LEVI BENNING,NEW INDEPENDENT PARTY IOWA,1032.142061816088
2014,29,SECRETARY OF AGRICULTURE,,SHERRIE TAHA,DEMOCRATIC PARTY,6750.360977794842
2014,29,SECRETARY OF AGRICULTURE,,WRITE IN,,12.634222819479
2014,29,SECRETARY OF STATE,,BRAD ANDERSON,DEMOCRATIC PARTY,11132.740833173353
2014,29,SECRETARY OF STATE,,JAKE PORTER,LIBERTARIAN PARTY,626.029820183017
2014,29,SECRETARY OF STATE,,PAUL D PATE,REPUBLICAN PARTY,12756.752607666218
2014,29,SECRETARY OF STATE,,SPENCER HIGHLAND,NEW INDEPENDENT PARTY IOWA,425.248032251872
2014,29,SECRETARY OF STATE,,WRITE IN,,11.451334229219
2014,29,TREASURER OF STATE,,KEITH A LAUBE,LIBERTARIAN PARTY,1444.413643053689
2014,29,TREASURER OF STATE,,MICHAEL L FITZGERALD,DEMOCRATIC PARTY,12490.918986369745
2014,29,TREASURER OF STATE,,SAM CLOVIS,REPUBLICAN PARTY,10844.645101427017
2014,29,TREASURER OF STATE,,WRITE IN,,7.817111409740
2014,29,U S SENATE,,BOB QUAST,BOB QUAST FOR TERM LIMITS,109.159339604531
2014,29,U S SENATE,,BRUCE BRALEY,DEMOCRATIC PARTY,10648.956677545273
2014,29,U S SENATE,,DOUGLAS BUTZIER,LIBERTARIAN PARTY,190.696230882447
2014,29,U S SENATE,,JONI ERNST,REPUBLICAN PARTY,13968.262814359761
2014,29,U S SENATE,,RICK STEWART,INDEPENDENT,651.811608114161
2014,29,U S SENATE,,RUTH SMITH,,96.501567799322
2014,29,U S SENATE,,WRITE IN,,12.634222819479
2014,30,ATTORNEY GENERAL,,ADAM GREGG,REPUBLICAN PARTY,10579.068407243873
2014,30,ATTORNEY GENERAL,,TOM MILLER,DEMOCRATIC PARTY,14101.292954501823
2014,30,ATTORNEY GENERAL,,WRITE IN,,21.548665770781
2014,30,AUDITOR OF STATE,,JONATHAN NEIDERBACH,DEMOCRATIC PARTY,10286.817239393356
2014,30,AUDITOR OF STATE,,MARY MOSIMAN,REPUBLICAN PARTY,13640.916170730146
2014,30,AUDITOR OF STATE,,WRITE IN,,25.914442951302
2014,30,GOVERNOR,,JACK HATCH MONICA VERNON,DEMOCRATIC PARTY,8822.956933512511
2014,30,GOVERNOR,,JIM HENNAGER MARY MARGARET KRIEG,NEW INDEPENDENT PARTY IOWA,185.693095283804
2014,30,GOVERNOR,,JONATHAN R NARCISSE MICHAEL L RICHARDS,IOWA PARTY,102.401100659116
2014,30,GOVERNOR,,LEE DEAKINS HIEB TIM WATSON,LIBERTARIAN PARTY,317.350867089013
2014,30,GOVERNOR,,TERRY E BRANSTAD KIM REYNOLDS,REPUBLICAN PARTY,15997.781979906573
2014,30,GOVERNOR,,WRITE IN,,11.548665770781
2014,30,SECRETARY OF AGRICULTURE,,BILL NORTHEY,REPUBLICAN PARTY,15782.436616113137
2014,30,SECRETARY OF AGRICULTURE,,LEVI BENNING,NEW INDEPENDENT PARTY IOWA,738.857938183912
2014,30,SECRETARY OF AGRICULTURE,,SHERRIE TAHA,DEMOCRATIC PARTY,8051.639022205158
2014,30,SECRETARY OF AGRICULTURE,,WRITE IN,,13.365777180521
2014,30,SECRETARY OF STATE,,BRAD ANDERSON,DEMOCRATIC PARTY,11286.259166826647
2014,30,SECRETARY OF STATE,,JAKE PORTER,LIBERTARIAN PARTY,671.970179816983
2014,30,SECRETARY OF STATE,,PAUL D PATE,REPUBLICAN PARTY,11983.247392333782
2014,30,SECRETARY OF STATE,,SPENCER HIGHLAND,NEW INDEPENDENT PARTY IOWA,401.751967748128
2014,30,SECRETARY OF STATE,,WRITE IN,,12.548665770781
2014,30,TREASURER OF STATE,,KEITH A LAUBE,LIBERTARIAN PARTY,710.586356946311
2014,30,TREASURER OF STATE,,MICHAEL L FITZGERALD,DEMOCRATIC PARTY,14051.081013630255
2014,30,TREASURER OF STATE,,SAM CLOVIS,REPUBLICAN PARTY,9785.354898572983
2014,30,TREASURER OF STATE,,WRITE IN,,9.182888590260
2014,30,U S SENATE,,BOB QUAST,BOB QUAST FOR TERM LIMITS,59.840660395469
2014,30,U S SENATE,,BRUCE BRALEY,DEMOCRATIC PARTY,12865.043322454725
2014,30,U S SENATE,,DOUGLAS BUTZIER,LIBERTARIAN PARTY,177.303769117553
2014,30,U S SENATE,,JONI ERNST,REPUBLICAN PARTY,11597.737185640239
2014,30,U S SENATE,,RICK STEWART,INDEPENDENT,554.188391885839
2014,30,U S SENATE,,RUTH SMITH,,94.498432200678
2014,30,U S SENATE,,WRITE IN,,14.365777180521
2014,31,ATTORNEY GENERAL,,ADAM GREGG,REPUBLICAN PARTY,7498.098335268687
2014,31,ATTORNEY GENERAL,,TOM MILLER,DEMOCRATIC PARTY,15766.376281423307
2014,31,ATTORNEY GENERAL,,WRITE IN,,16.493321827650
2014,31,AUDITOR OF STATE,,JONATHAN NEIDERBACH,DEMOCRATIC PARTY,12767.401488116269
2014,31,AUDITOR OF STATE,,MARY MOSIMAN,REPUBLICAN PARTY,9671.530115993904
2014,31,AUDITOR OF STATE,,WRITE IN,,22.988627747741
2014,31,GOVERNOR,,JACK HATCH MONICA VERNON,DEMOCRATIC PARTY,12228.513076773219
2014,31,GOVERNOR,,JIM HENNAGER MARY MARGARET KRIEG,NEW INDEPENDENT PARTY IOWA,193.415469935223
2014,31,GOVERNOR,,JONATHAN R NARCISSE MICHAEL L RICHARDS,IOWA PARTY,183.921079250135
2014,31,GOVERNOR,,LEE DEAKINS HIEB TIM WATSON,LIBERTARIAN PARTY,319.761252955135
2014,31,GOVERNOR,,TERRY E BRANSTAD KIM REYNOLDS,REPUBLICAN PARTY,10845.594225427805
2014,31,GOVERNOR,,WRITE IN,,14.947997358740
2014,31,SECRETARY OF AGRICULTURE,,BILL NORTHEY,REPUBLICAN PARTY,11729.774468997164
2014,31,SECRETARY OF AGRICULTURE,,LEVI BENNING,NEW INDEPENDENT PARTY IOWA,609.747195191345
2014,31,SECRETARY OF AGRICULTURE,,SHERRIE TAHA,DEMOCRATIC PARTY,10657.242394730562
2014,31,SECRETARY OF AGRICULTURE,,WRITE IN,,13.983209235550
2014,31,SECRETARY OF STATE,,BRAD ANDERSON,DEMOCRATIC PARTY,13556.991821151894
2014,31,SECRETARY OF STATE,,JAKE PORTER,LIBERTARIAN PARTY,684.904220917246
2014,31,SECRETARY OF STATE,,PAUL D PATE,REPUBLICAN PARTY,8629.325183097520
2014,31,SECRETARY OF STATE,,SPENCER HIGHLAND,NEW INDEPENDENT PARTY IOWA,286.049346043101
2014,31,SECRETARY OF STATE,,WRITE IN,,9.496089539548
2014,31,TREASURER OF STATE,,KEITH A LAUBE,LIBERTARIAN PARTY,872.880323644234
2014,31,TREASURER OF STATE,,MICHAEL L FITZGERALD,DEMOCRATIC PARTY,14576.102894752117
2014,31,TREASURER OF STATE,,SAM CLOVIS,REPUBLICAN PARTY,7684.091725353973
2014,31,TREASURER OF STATE,,WRITE IN,,10.481389993468
2014,31,U S SENATE,,BOB QUAST,BOB QUAST FOR TERM LIMITS,83.765454514013
2014,31,U S SENATE,,BRUCE BRALEY,DEMOCRATIC PARTY,13600.179005424710
2014,31,U S SENATE,,DOUGLAS BUTZIER,LIBERTARIAN PARTY,155.226348982502
2014,31,U S SENATE,,JONI ERNST,REPUBLICAN PARTY,9526.236185839132
2014,31,U S SENATE,,RICK STEWART,INDEPENDENT,426.206013822452
2014,31,U S SENATE,,RUTH SMITH,,75.546194653766
2014,31,U S SENATE,,WRITE IN,,17.094394410706
2014,32,ATTORNEY GENERAL,,ADAM GREGG,REPUBLICAN PARTY,10388.889321662042
2014,32,ATTORNEY GENERAL,,TOM MILLER,DEMOCRATIC PARTY,14780.444860322059
2014,32,ATTORNEY GENERAL,,WRITE IN,,20.556199366335
2014,32,AUDITOR OF STATE,,JONATHAN NEIDERBACH,DEMOCRATIC PARTY,10191.112557895807
2014,32,AUDITOR OF STATE,,MARY MOSIMAN,REPUBLICAN PARTY,13955.452128631510
2014,32,AUDITOR OF STATE,,WRITE IN,,27.782700841492
2014,32,GOVERNOR,,JACK HATCH MONICA VERNON,DEMOCRATIC PARTY,9144.862014323229
2014,32,GOVERNOR,,JIM HENNAGER MARY MARGARET KRIEG,NEW INDEPENDENT PARTY IOWA,259.911836059446
2014,32,GOVERNOR,,JONATHAN R NARCISSE MICHAEL L RICHARDS,IOWA PARTY,191.473402471546
2014,32,GOVERNOR,,LEE DEAKINS HIEB TIM WATSON,LIBERTARIAN PARTY,272.203311070897
2014,32,GOVERNOR,,TERRY E BRANSTAD KIM REYNOLDS,REPUBLICAN PARTY,16119.965904687229
2014,32,GOVERNOR,,WRITE IN,,12.936103681322
2014,32,SECRETARY OF AGRICULTURE,,BILL NORTHEY,REPUBLICAN PARTY,16315.180820293508
2014,32,SECRETARY OF AGRICULTURE,,LEVI BENNING,NEW INDEPENDENT PARTY IOWA,926.571267103370
2014,32,SECRETARY OF AGRICULTURE,,SHERRIE TAHA,DEMOCRATIC PARTY,7755.219403176889
2014,32,SECRETARY OF AGRICULTURE,,WRITE IN,,11.436562275762
2014,32,SECRETARY OF STATE,,BRAD ANDERSON,DEMOCRATIC PARTY,11671.880132831377
2014,32,SECRETARY OF STATE,,JAKE PORTER,LIBERTARIAN PARTY,638.262464180673
2014,32,SECRETARY OF STATE,,PAUL D PATE,REPUBLICAN PARTY,12199.323730305619
2014,32,SECRETARY OF STATE,,SPENCER HIGHLAND,NEW INDEPENDENT PARTY IOWA,466.109888510025
2014,32,SECRETARY OF STATE,,WRITE IN,,12.523318017233
2014,32,TREASURER OF STATE,,KEITH A LAUBE,LIBERTARIAN PARTY,848.811677915613
2014,32,TREASURER OF STATE,,MICHAEL L FITZGERALD,DEMOCRATIC PARTY,14178.384590315945
2014,32,TREASURER OF STATE,,SAM CLOVIS,REPUBLICAN PARTY,9990.683525604723
2014,32,TREASURER OF STATE,,WRITE IN,,11.164406745512
2014,32,U S SENATE,,BOB QUAST,BOB QUAST FOR TERM LIMITS,134.114585547184
2014,32,U S SENATE,,BRUCE BRALEY,DEMOCRATIC PARTY,11530.216586077551
2014,32,U S SENATE,,DOUGLAS BUTZIER,LIBERTARIAN PARTY,187.699283946647
2014,32,U S SENATE,,JONI ERNST,REPUBLICAN PARTY,13158.623709316837
2014,32,U S SENATE,,RICK STEWART,INDEPENDENT,727.830087989872
2014,32,U S SENATE,,RUTH SMITH,,131.498802561178
2014,32,U S SENATE,,WRITE IN,,10.675567429271
2014,33,ATTORNEY GENERAL,,ADAM GREGG,REPUBLICAN PARTY,9228.376299314878
2014,33,ATTORNEY GENERAL,,TOM MILLER,DEMOCRATIC PARTY,13618.615642576326
2014,33,ATTORNEY GENERAL,,WRITE IN,,20.424522079826
2014,33,AUDITOR OF STATE,,JONATHAN NEIDERBACH,DEMOCRATIC PARTY,10144.561352057744
2014,33,AUDITOR OF STATE,,MARY MOSIMAN,REPUBLICAN PARTY,11467.688900954872
2014,33,AUDITOR OF STATE,,WRITE IN,,24.165922655975
2014,33,GOVERNOR,,JACK HATCH MONICA VERNON,DEMOCRATIC PARTY,8910.421571956327
2014,33,GOVERNOR,,JIM HENNAGER MARY MARGARET KRIEG,NEW INDEPENDENT PARTY IOWA,248.416038524928
2014,33,GOVERNOR,,JONATHAN R NARCISSE MICHAEL L RICHARDS,IOWA PARTY,161.727977277776
2014,33,GOVERNOR,,LEE DEAKINS HIEB TIM WATSON,LIBERTARIAN PARTY,259.599686936913
2014,33,GOVERNOR,,TERRY E BRANSTAD KIM REYNOLDS,REPUBLICAN PARTY,14216.478036645793
2014,33,GOVERNOR,,WRITE IN,,10.003100146918
2014,33,SECRETARY OF AGRICULTURE,,BILL NORTHEY,REPUBLICAN PARTY,13260.785678900062
2014,33,SECRETARY OF AGRICULTURE,,LEVI BENNING,NEW INDEPENDENT PARTY IOWA,889.000449454500
2014,33,SECRETARY OF AGRICULTURE,,SHERRIE TAHA,DEMOCRATIC PARTY,8119.051812725730
2014,33,SECRETARY OF AGRICULTURE,,WRITE IN,,14.842843865815
2014,33,SECRETARY OF STATE,,BRAD ANDERSON,DEMOCRATIC PARTY,11070.102540530481
2014,33,SECRETARY OF STATE,,JAKE PORTER,LIBERTARIAN PARTY,704.541484552039
2014,33,SECRETARY OF STATE,,PAUL D PATE,REPUBLICAN PARTY,10406.327354515786
2014,33,SECRETARY OF STATE,,SPENCER HIGHLAND,NEW INDEPENDENT PARTY IOWA,412.903972587584
2014,33,SECRETARY OF STATE,,WRITE IN,,12.562929292849
2014,33,TREASURER OF STATE,,KEITH A LAUBE,LIBERTARIAN PARTY,858.936548679936
2014,33,TREASURER OF STATE,,MICHAEL L FITZGERALD,DEMOCRATIC PARTY,12632.667137427672
2014,33,TREASURER OF STATE,,SAM CLOVIS,REPUBLICAN PARTY,9000.878248834513
2014,33,TREASURER OF STATE,,WRITE IN,,12.562929292849
2014,33,U S SENATE,,BOB QUAST,BOB QUAST FOR TERM LIMITS,117.524170900165
2014,33,U S SENATE,,BRUCE BRALEY,DEMOCRATIC PARTY,11190.321922512474
2014,33,U S SENATE,,DOUGLAS BUTZIER,LIBERTARIAN PARTY,269.601763918680
2014,33,U S SENATE,,JONI ERNST,REPUBLICAN PARTY,11570.595795452711
2014,33,U S SENATE,,RICK STEWART,INDEPENDENT,594.110894496784
2014,33,U S SENATE,,RUTH SMITH,,70.139712890616
2014,33,U S SENATE,,WRITE IN,,17.242950649608
2014,34,ATTORNEY GENERAL,,ADAM GREGG,REPUBLICAN PARTY,9510.542487083720
2014,34,ATTORNEY GENERAL,,TOM MILLER,DEMOCRATIC PARTY,13206.127793487794
2014,34,ATTORNEY GENERAL,,WRITE IN,,11.263465503565
2014,34,AUDITOR OF STATE,,JONATHAN NEIDERBACH,DEMOCRATIC PARTY,9230.989626536157
2014,34,AUDITOR OF STATE,,MARY MOSIMAN,REPUBLICAN PARTY,12647.843054097983
2014,34,AUDITOR OF STATE,,WRITE IN,,14.502243128885
2014,34,GOVERNOR,,JACK HATCH MONICA VERNON,DEMOCRATIC PARTY,8416.923196912778
2014,34,GOVERNOR,,JIM HENNAGER MARY MARGARET KRIEG,NEW INDEPENDENT PARTY IOWA,255.336575157986
2014,34,GOVERNOR,,JONATHAN R NARCISSE MICHAEL L RICHARDS,IOWA PARTY,185.478755584745
2014,34,GOVERNOR,,LEE DEAKINS HIEB TIM WATSON,LIBERTARIAN PARTY,290.213770788115
2014,34,GOVERNOR,,TERRY E BRANSTAD KIM REYNOLDS,REPUBLICAN PARTY,14102.380111955938
2014,34,GOVERNOR,,WRITE IN,,16.669066083745
2014,34,SECRETARY OF AGRICULTURE,,BILL NORTHEY,REPUBLICAN PARTY,15144.381441967009
2014,34,SECRETARY OF AGRICULTURE,,LEVI BENNING,NEW INDEPENDENT PARTY IOWA,907.672652357023
2014,34,SECRETARY OF AGRICULTURE,,SHERRIE TAHA,DEMOCRATIC PARTY,6458.118912855813
2014,34,SECRETARY OF AGRICULTURE,,WRITE IN,,9.428781830389
2014,34,SECRETARY OF STATE,,BRAD ANDERSON,DEMOCRATIC PARTY,10337.675192368966
2014,34,SECRETARY OF STATE,,JAKE PORTER,LIBERTARIAN PARTY,644.885186299667
2014,34,SECRETARY OF STATE,,PAUL D PATE,REPUBLICAN PARTY,11228.136990438557
2014,34,SECRETARY OF STATE,,SPENCER HIGHLAND,NEW INDEPENDENT PARTY IOWA,473.866446112817
2014,34,SECRETARY OF STATE,,WRITE IN,,9.166850563547
2014,34,TREASURER OF STATE,,KEITH A LAUBE,LIBERTARIAN PARTY,908.726839557309
2014,34,TREASURER OF STATE,,MICHAEL L FITZGERALD,DEMOCRATIC PARTY,12443.840783043663
2014,34,TREASURER OF STATE,,SAM CLOVIS,REPUBLICAN PARTY,9103.505530558563
2014,34,TREASURER OF STATE,,WRITE IN,,3.545506097975
2014,34,U S SENATE,,BOB QUAST,BOB QUAST FOR TERM LIMITS,162.192341873290
2014,34,U S SENATE,,BRUCE BRALEY,DEMOCRATIC PARTY,10010.958257819937
2014,34,U S SENATE,,DOUGLAS BUTZIER,LIBERTARIAN PARTY,136.143651550819
2014,34,U S SENATE,,JONI ERNST,REPUBLICAN PARTY,12256.661191004005
2014,34,U S SENATE,,RICK STEWART,INDEPENDENT,580.809668646012
2014,34,U S SENATE,,RUTH SMITH,,93.314980854739
2014,34,U S SENATE,,WRITE IN,,15.938905117581
2014,35,ATTORNEY GENERAL,,ADAM GREGG,REPUBLICAN PARTY,9574.954931077358
2014,35,ATTORNEY GENERAL,,TOM MILLER,DEMOCRATIC PARTY,13149.575950574255
2014,35,ATTORNEY GENERAL,,WRITE IN,,24.624447063365
2014,35,AUDITOR OF STATE,,JONATHAN NEIDERBACH,DEMOCRATIC PARTY,10707.101681553351
2014,35,AUDITOR OF STATE,,MARY MOSIMAN,REPUBLICAN PARTY,11564.270325485444
2014,35,AUDITOR OF STATE,,WRITE IN,,29.674231787826
2014,35,GOVERNOR,,JACK HATCH MONICA VERNON,DEMOCRATIC PARTY,8460.781452343044
2014,35,GOVERNOR,,JIM HENNAGER MARY MARGARET KRIEG,NEW INDEPENDENT PARTY IOWA,265.754380609596
2014,35,GOVERNOR,,JONATHAN R NARCISSE MICHAEL L RICHARDS,IOWA PARTY,180.102264658233
2014,35,GOVERNOR,,LEE DEAKINS HIEB TIM WATSON,LIBERTARIAN PARTY,223.254899967377
2014,35,GOVERNOR,,TERRY E BRANSTAD KIM REYNOLDS,REPUBLICAN PARTY,14532.426333878595
2014,35,GOVERNOR,,WRITE IN,,11.626680727971
2014,35,SECRETARY OF AGRICULTURE,,BILL NORTHEY,REPUBLICAN PARTY,12357.363503760467
2014,35,SECRETARY OF AGRICULTURE,,LEVI BENNING,NEW INDEPENDENT PARTY IOWA,1053.490717285034
2014,35,SECRETARY OF AGRICULTURE,,SHERRIE TAHA,DEMOCRATIC PARTY,9205.191856631713
2014,35,SECRETARY OF AGRICULTURE,,WRITE IN,,19.731977031264
2014,35,SECRETARY OF STATE,,BRAD ANDERSON,DEMOCRATIC PARTY,11238.430346586127
2014,35,SECRETARY OF STATE,,JAKE PORTER,LIBERTARIAN PARTY,537.203227496860
2014,35,SECRETARY OF STATE,,PAUL D PATE,REPUBLICAN PARTY,10377.142931002309
2014,35,SECRETARY OF STATE,,SPENCER HIGHLAND,NEW INDEPENDENT PARTY IOWA,644.368312208653
2014,35,SECRETARY OF STATE,,WRITE IN,,13.258143666443
2014,35,TREASURER OF STATE,,KEITH A LAUBE,LIBERTARIAN PARTY,791.477842232693
2014,35,TREASURER OF STATE,,MICHAEL L FITZGERALD,DEMOCRATIC PARTY,12659.456821921323
2014,35,TREASURER OF STATE,,SAM CLOVIS,REPUBLICAN PARTY,9244.273127798026
2014,35,TREASURER OF STATE,,WRITE IN,,16.258143666443
2014,35,U S SENATE,,BOB QUAST,BOB QUAST FOR TERM LIMITS,203.086900051152
2014,35,U S SENATE,,BRUCE BRALEY,DEMOCRATIC PARTY,11285.351659773456
2014,35,U S SENATE,,DOUGLAS BUTZIER,LIBERTARIAN PARTY,141.748206551073
2014,35,U S SENATE,,JONI ERNST,REPUBLICAN PARTY,11238.207746923290
2014,35,U S SENATE,,RICK STEWART,INDEPENDENT,653.768901712969
2014,35,U S SENATE,,RUTH SMITH,,82.673045594374
2014,35,U S SENATE,,WRITE IN,,16.837273334558
2014,36,ATTORNEY GENERAL,,ADAM GREGG,REPUBLICAN PARTY,8582.613885922672
2014,36,ATTORNEY GENERAL,,TOM MILLER,DEMOCRATIC PARTY,13921.323595188685
2014,36,ATTORNEY GENERAL,,WRITE IN,,15.545866661294
2014,36,AUDITOR OF STATE,,JONATHAN NEIDERBACH,DEMOCRATIC PARTY,10744.137096286746
2014,36,AUDITOR OF STATE,,MARY MOSIMAN,REPUBLICAN PARTY,10467.550218604558
2014,36,AUDITOR OF STATE,,WRITE IN,,23.966544436161
2014,36,GOVERNOR,,JACK HATCH MONICA VERNON,DEMOCRATIC PARTY,9259.506830133178
2014,36,GOVERNOR,,JIM HENNAGER MARY MARGARET KRIEG,NEW INDEPENDENT PARTY IOWA,196.266566598835
2014,36,GOVERNOR,,JONATHAN R NARCISSE MICHAEL L RICHARDS,IOWA PARTY,126.957911067233
2014,36,GOVERNOR,,LEE DEAKINS HIEB TIM WATSON,LIBERTARIAN PARTY,285.007555457055
2014,36,GOVERNOR,,TERRY E BRANSTAD KIM REYNOLDS,REPUBLICAN PARTY,13634.372806398969
2014,36,GOVERNOR,,WRITE IN,,7.772933330647
2014,36,SECRETARY OF AGRICULTURE,,BILL NORTHEY,REPUBLICAN PARTY,11691.139473737232
2014,36,SECRETARY OF AGRICULTURE,,LEVI BENNING,NEW INDEPENDENT PARTY IOWA,884.818910805311
2014,36,SECRETARY OF AGRICULTURE,,SHERRIE TAHA,DEMOCRATIC PARTY,9025.023341325328
2014,36,SECRETARY OF AGRICULTURE,,WRITE IN,,15.545866661294
2014,36,SECRETARY OF STATE,,BRAD ANDERSON,DEMOCRATIC PARTY,11649.036084862893
2014,36,SECRETARY OF STATE,,JAKE PORTER,LIBERTARIAN PARTY,785.714010839562
2014,36,SECRETARY OF STATE,,PAUL D PATE,REPUBLICAN PARTY,9348.895563435617
2014,36,SECRETARY OF STATE,,SPENCER HIGHLAND,NEW INDEPENDENT PARTY IOWA,332.940644329378
2014,36,SECRETARY OF STATE,,WRITE IN,,12.954888884412
2014,36,TREASURER OF STATE,,KEITH A LAUBE,LIBERTARIAN PARTY,897.126055245502
2014,36,TREASURER OF STATE,,MICHAEL L FITZGERALD,DEMOCRATIC PARTY,12814.328340015716
2014,36,TREASURER OF STATE,,SAM CLOVIS,REPUBLICAN PARTY,8362.380774887675
2014,36,TREASURER OF STATE,,WRITE IN,,12.954888884412
2014,36,U S SENATE,,BOB QUAST,BOB QUAST FOR TERM LIMITS,85.502266637116
2014,36,U S SENATE,,BRUCE BRALEY,DEMOCRATIC PARTY,11943.759806983258
2014,36,U S SENATE,,DOUGLAS BUTZIER,LIBERTARIAN PARTY,370.509822094171
2014,36,U S SENATE,,JONI ERNST,REPUBLICAN PARTY,10698.794985191305
2014,36,U S SENATE,,RICK STEWART,INDEPENDENT,402.249299860980
2014,36,U S SENATE,,RUTH SMITH,,68.013166643161
2014,36,U S SENATE,,WRITE IN,,12.307144440191
2014,37,ATTORNEY GENERAL,,ADAM GREGG,REPUBLICAN PARTY,8921.302871484462
2014,37,ATTORNEY GENERAL,,TOM MILLER,DEMOCRATIC PARTY,14186.000147634162
2014,37,ATTORNEY GENERAL,,WRITE IN,,26.975861814424
2014,37,AUDITOR OF STATE,,JONATHAN NEIDERBACH,DEMOCRATIC PARTY,10878.153908614453
2014,37,AUDITOR OF STATE,,MARY MOSIMAN,REPUBLICAN PARTY,11436.389089835387
2014,37,AUDITOR OF STATE,,WRITE IN,,42.390639994095
2014,37,GOVERNOR,,JACK HATCH MONICA VERNON,DEMOCRATIC PARTY,10745.201446814794
2014,37,GOVERNOR,,JIM HENNAGER MARY MARGARET KRIEG,NEW INDEPENDENT PARTY IOWA,171.489407248837
2014,37,GOVERNOR,,JONATHAN R NARCISSE MICHAEL L RICHARDS,IOWA PARTY,170.663615560641
2014,37,GOVERNOR,,LEE DEAKINS HIEB TIM WATSON,LIBERTARIAN PARTY,370.229940208164
2014,37,GOVERNOR,,TERRY E BRANSTAD KIM REYNOLDS,REPUBLICAN PARTY,12272.916069978593
2014,37,GOVERNOR,,WRITE IN,,30.554292463276
2014,37,SECRETARY OF AGRICULTURE,,BILL NORTHEY,REPUBLICAN PARTY,12540.747840850374
2014,37,SECRETARY OF AGRICULTURE,,LEVI BENNING,NEW INDEPENDENT PARTY IOWA,759.453089244851
2014,37,SECRETARY OF AGRICULTURE,,SHERRIE TAHA,DEMOCRATIC PARTY,9341.906104672622
2014,37,SECRETARY OF AGRICULTURE,,WRITE IN,,27.251125710489
2014,37,SECRETARY OF STATE,,BRAD ANDERSON,DEMOCRATIC PARTY,11980.035284564849
2014,37,SECRETARY OF STATE,,JAKE PORTER,LIBERTARIAN PARTY,768.261533918949
2014,37,SECRETARY OF STATE,,PAUL D PATE,REPUBLICAN PARTY,10231.834280652543
2014,37,SECRETARY OF STATE,,SPENCER HIGHLAND,NEW INDEPENDENT PARTY IOWA,303.340813464236
2014,37,SECRETARY OF STATE,,WRITE IN,,20.920056100982
2014,37,TREASURER OF STATE,,KEITH A LAUBE,LIBERTARIAN PARTY,910.572968184838
2014,37,TREASURER OF STATE,,MICHAEL L FITZGERALD,DEMOCRATIC PARTY,13667.127703550603
2014,37,TREASURER OF STATE,,SAM CLOVIS,REPUBLICAN PARTY,8415.092566619916
2014,37,TREASURER OF STATE,,WRITE IN,,18.442681036392
2014,37,U S SENATE,,BOB QUAST,BOB QUAST FOR TERM LIMITS,69.091237912453
2014,37,U S SENATE,,BRUCE BRALEY,DEMOCRATIC PARTY,12162.810511552374
2014,37,U S SENATE,,DOUGLAS BUTZIER,LIBERTARIAN PARTY,175.067837897690
2014,37,U S SENATE,,JONI ERNST,REPUBLICAN PARTY,10767.222558500038
2014,37,U S SENATE,,RICK STEWART,INDEPENDENT,516.670332915037
2014,37,U S SENATE,,RUTH SMITH,,88.634974533107
2014,37,U S SENATE,,WRITE IN,,25.874806230162
2014,38,ATTORNEY GENERAL,,ADAM GREGG,REPUBLICAN PARTY,8839.789567012403
2014,38,ATTORNEY GENERAL,,TOM MILLER,DEMOCRATIC PARTY,12566.833524430940
2014,38,ATTORNEY GENERAL,,WRITE IN,,15.318164177791
2014,38,AUDITOR OF STATE,,JONATHAN NEIDERBACH,DEMOCRATIC PARTY,9456.830880896558
2014,38,AUDITOR OF STATE,,MARY MOSIMAN,REPUBLICAN PARTY,11098.574775162897
2014,38,AUDITOR OF STATE,,WRITE IN,,19.780282110154
2014,38,GOVERNOR,,JACK HATCH MONICA VERNON,DEMOCRATIC PARTY,9161.561151140151
2014,38,GOVERNOR,,JIM HENNAGER MARY MARGARET KRIEG,NEW INDEPENDENT PARTY IOWA,152.845141379938
2014,38,GOVERNOR,,JONATHAN R NARCISSE MICHAEL L RICHARDS,IOWA PARTY,171.069076098548
2014,38,GOVERNOR,,LEE DEAKINS HIEB TIM WATSON,LIBERTARIAN PARTY,353.895863956360
2014,38,GOVERNOR,,TERRY E BRANSTAD KIM REYNOLDS,REPUBLICAN PARTY,12151.528720496453
2014,38,GOVERNOR,,WRITE IN,,19.450118385933
2014,38,SECRETARY OF AGRICULTURE,,BILL NORTHEY,REPUBLICAN PARTY,13098.872992707664
2014,38,SECRETARY OF AGRICULTURE,,LEVI BENNING,NEW INDEPENDENT PARTY IOWA,538.168230739419
2014,38,SECRETARY OF AGRICULTURE,,SHERRIE TAHA,DEMOCRATIC PARTY,7467.910314907382
2014,38,SECRETARY OF AGRICULTURE,,WRITE IN,,17.978325982989
2014,38,SECRETARY OF STATE,,BRAD ANDERSON,DEMOCRATIC PARTY,10373.658719466148
2014,38,SECRETARY OF STATE,,JAKE PORTER,LIBERTARIAN PARTY,603.079202306166
2014,38,SECRETARY OF STATE,,PAUL D PATE,REPUBLICAN PARTY,10041.751653266905
2014,38,SECRETARY OF STATE,,SPENCER HIGHLAND,NEW INDEPENDENT PARTY IOWA,264.644675779686
2014,38,SECRETARY OF STATE,,WRITE IN,,11.120199969885
2014,38,TREASURER OF STATE,,KEITH A LAUBE,LIBERTARIAN PARTY,790.189180445990
2014,38,TREASURER OF STATE,,MICHAEL L FITZGERALD,DEMOCRATIC PARTY,11475.361473100053
2014,38,TREASURER OF STATE,,SAM CLOVIS,REPUBLICAN PARTY,8984.846823988963
2014,38,TREASURER OF STATE,,WRITE IN,,10.686955753790
2014,38,U S SENATE,,BOB QUAST,BOB QUAST FOR TERM LIMITS,66.990255417567
2014,38,U S SENATE,,BRUCE BRALEY,DEMOCRATIC PARTY,10460.603105516142
2014,38,U S SENATE,,DOUGLAS BUTZIER,LIBERTARIAN PARTY,139.996060689244
2014,38,U S SENATE,,JONI ERNST,REPUBLICAN PARTY,10981.866979868590
2014,38,U S SENATE,,RICK STEWART,INDEPENDENT,382.328928239843
2014,38,U S SENATE,,RUTH SMITH,,61.511113026684
2014,38,U S SENATE,,WRITE IN,,13.730224944077
2014,39,ATTORNEY GENERAL,,ADAM GREGG,REPUBLICAN PARTY,8997.719312719551
2014,39,ATTORNEY GENERAL,,TOM MILLER,DEMOCRATIC PARTY,14307.511956196076
2014,39,ATTORNEY GENERAL,,WRITE IN,,27.206926647532
2014,39,AUDITOR OF STATE,,JONATHAN NEIDERBACH,DEMOCRATIC PARTY,10971.331981467571
2014,39,AUDITOR OF STATE,,MARY MOSIMAN,REPUBLICAN PARTY,11534.348790051195
2014,39,AUDITOR OF STATE,,WRITE IN,,42.753741874693
2014,39,GOVERNOR,,JACK HATCH MONICA VERNON,DEMOCRATIC PARTY,10837.240700133305
2014,39,GOVERNOR,,JIM HENNAGER MARY MARGARET KRIEG,NEW INDEPENDENT PARTY IOWA,172.958319402168
2014,39,GOVERNOR,,JONATHAN R NARCISSE MICHAEL L RICHARDS,IOWA PARTY,172.125454300713
2014,39,GOVERNOR,,LEE DEAKINS HIEB TIM WATSON,LIBERTARIAN PARTY,373.401187152354
2014,39,GOVERNOR,,TERRY E BRANSTAD KIM REYNOLDS,REPUBLICAN PARTY,12378.041137825176
2014,39,GOVERNOR,,WRITE IN,,30.816008753837
2014,39,SECRETARY OF AGRICULTURE,,BILL NORTHEY,REPUBLICAN PARTY,12648.167052397102
2014,39,SECRETARY OF AGRICULTURE,,LEVI BENNING,NEW INDEPENDENT PARTY IOWA,765.958271638175
2014,39,SECRETARY OF AGRICULTURE,,SHERRIE TAHA,DEMOCRATIC PARTY,9421.925271060665
2014,39,SECRETARY OF AGRICULTURE,,WRITE IN,,27.484548348017
2014,39,SECRETARY OF STATE,,BRAD ANDERSON,DEMOCRATIC PARTY,12082.651648509112
2014,39,SECRETARY OF STATE,,JAKE PORTER,LIBERTARIAN PARTY,774.842166053695
2014,39,SECRETARY OF STATE,,PAUL D PATE,REPUBLICAN PARTY,10319.476228728739
2014,39,SECRETARY OF STATE,,SPENCER HIGHLAND,NEW INDEPENDENT PARTY IOWA,305.939113934494
2014,39,SECRETARY OF STATE,,WRITE IN,,21.099249236862
2014,39,TREASURER OF STATE,,KEITH A LAUBE,LIBERTARIAN PARTY,918.372585204452
2014,39,TREASURER OF STATE,,MICHAEL L FITZGERALD,DEMOCRATIC PARTY,13784.195050781811
2014,39,TREASURER OF STATE,,SAM CLOVIS,REPUBLICAN PARTY,8487.173005527597
2014,39,TREASURER OF STATE,,WRITE IN,,18.600653932496
2014,39,U S SENATE,,BOB QUAST,BOB QUAST FOR TERM LIMITS,69.683046821740
2014,39,U S SENATE,,BRUCE BRALEY,DEMOCRATIC PARTY,12266.992457631168
2014,39,U S SENATE,,DOUGLAS BUTZIER,LIBERTARIAN PARTY,176.567401508474
2014,39,U S SENATE,,JONI ERNST,REPUBLICAN PARTY,10859.450436172106
2014,39,U S SENATE,,RICK STEWART,INDEPENDENT,521.095931810386
2014,39,U S SENATE,,RUTH SMITH,,89.394187556177
2014,39,U S SENATE,,WRITE IN,,26.096439845592
2014,40,ATTORNEY GENERAL,,ADAM GREGG,REPUBLICAN PARTY,9027.131902439873
2014,40,ATTORNEY GENERAL,,TOM MILLER,DEMOCRATIC PARTY,14354.281694666501
2014,40,ATTORNEY GENERAL,,WRITE IN,,27.295863203922
2014,40,AUDITOR OF STATE,,JONATHAN NEIDERBACH,DEMOCRATIC PARTY,11007.196101589674
2014,40,AUDITOR OF STATE,,MARY MOSIMAN,REPUBLICAN PARTY,11572.053352381035
2014,40,AUDITOR OF STATE,,WRITE IN,,42.893499320449
2014,40,GOVERNOR,,JACK HATCH MONICA VERNON,DEMOCRATIC PARTY,10872.666490084630
2014,40,GOVERNOR,,JIM HENNAGER MARY MARGARET KRIEG,NEW INDEPENDENT PARTY IOWA,173.523701796360
2014,40,GOVERNOR,,JONATHAN R NARCISSE MICHAEL L RICHARDS,IOWA PARTY,172.688114147261
2014,40,GOVERNOR,,LEE DEAKINS HIEB TIM WATSON,LIBERTARIAN PARTY,374.621796013009
2014,40,GOVERNOR,,TERRY E BRANSTAD KIM REYNOLDS,REPUBLICAN PARTY,12418.503640918980
2014,40,GOVERNOR,,WRITE IN,,30.916743016687
2014,40,SECRETARY OF AGRICULTURE,,BILL NORTHEY,REPUBLICAN PARTY,12689.512568443633
2014,40,SECRETARY OF AGRICULTURE,,LEVI BENNING,NEW INDEPENDENT PARTY IOWA,768.462107955310
2014,40,SECRETARY OF AGRICULTURE,,SHERRIE TAHA,DEMOCRATIC PARTY,9452.724545047960
2014,40,SECRETARY OF AGRICULTURE,,WRITE IN,,27.574392420288
2014,40,SECRETARY OF STATE,,BRAD ANDERSON,DEMOCRATIC PARTY,12122.148554704971
2014,40,SECRETARY OF STATE,,JAKE PORTER,LIBERTARIAN PARTY,777.375042879040
2014,40,SECRETARY OF STATE,,PAUL D PATE,REPUBLICAN PARTY,10353.209501561016
2014,40,SECRETARY OF STATE,,SPENCER HIGHLAND,NEW INDEPENDENT PARTY IOWA,306.939196435938
2014,40,SECRETARY OF STATE,,WRITE IN,,21.168220443858
2014,40,TREASURER OF STATE,,KEITH A LAUBE,LIBERTARIAN PARTY,921.374647740546
2014,40,TREASURER OF STATE,,MICHAEL L FITZGERALD,DEMOCRATIC PARTY,13829.254121815553
2014,40,TREASURER OF STATE,,SAM CLOVIS,REPUBLICAN PARTY,8514.916673541788
2014,40,TREASURER OF STATE,,WRITE IN,,18.661457496559
2014,40,U S SENATE,,BOB QUAST,BOB QUAST FOR TERM LIMITS,69.910833308004
2014,40,U S SENATE,,BRUCE BRALEY,DEMOCRATIC PARTY,12307.091954372359
2014,40,U S SENATE,,DOUGLAS BUTZIER,LIBERTARIAN PARTY,177.144581609126
2014,40,U S SENATE,,JONI ERNST,REPUBLICAN PARTY,10894.948827393953
2014,40,U S SENATE,,RICK STEWART,INDEPENDENT,522.799339120014
2014,40,U S SENATE,,RUTH SMITH,,89.686407670029
2014,40,U S SENATE,,WRITE IN,,26.181746338456
2014,41,ATTORNEY GENERAL,,ADAM GREGG,REPUBLICAN PARTY,10168.091678154586
2014,41,ATTORNEY GENERAL,,TOM MILLER,DEMOCRATIC PARTY,11921.499666312568
2014,41,ATTORNEY GENERAL,,WRITE IN,,26.788344569729
2014,41,AUDITOR OF STATE,,JONATHAN NEIDERBACH,DEMOCRATIC PARTY,9319.459377133127
2014,41,AUDITOR OF STATE,,MARY MOSIMAN,REPUBLICAN PARTY,12215.329433655697
2014,41,AUDITOR OF STATE,,WRITE IN,,29.763857557505
2014,41,GOVERNOR,,JACK HATCH MONICA VERNON,DEMOCRATIC PARTY,8134.271361650149
2014,41,GOVERNOR,,JIM HENNAGER MARY MARGARET KRIEG,NEW INDEPENDENT PARTY IOWA,156.273978601445
2014,41,GOVERNOR,,JONATHAN R NARCISSE MICHAEL L RICHARDS,IOWA PARTY,193.574996690381
2014,41,GOVERNOR,,LEE DEAKINS HIEB TIM WATSON,LIBERTARIAN PARTY,289.180950426625
2014,41,GOVERNOR,,TERRY E BRANSTAD KIM REYNOLDS,REPUBLICAN PARTY,14151.060954767410
2014,41,GOVERNOR,,WRITE IN,,21.243753120322
2014,41,SECRETARY OF AGRICULTURE,,BILL NORTHEY,REPUBLICAN PARTY,13124.092998659264
2014,41,SECRETARY OF AGRICULTURE,,LEVI BENNING,NEW INDEPENDENT PARTY IOWA,756.641082605076
2014,41,SECRETARY OF AGRICULTURE,,SHERRIE TAHA,DEMOCRATIC PARTY,8025.631317422711
2014,41,SECRETARY OF AGRICULTURE,,WRITE IN,,14.680705298442
2014,41,SECRETARY OF STATE,,BRAD ANDERSON,DEMOCRATIC PARTY,10041.884249270161
2014,41,SECRETARY OF STATE,,JAKE PORTER,LIBERTARIAN PARTY,674.072001868229
2014,41,SECRETARY OF STATE,,PAUL D PATE,REPUBLICAN PARTY,11117.482861010638
2014,41,SECRETARY OF STATE,,SPENCER HIGHLAND,NEW INDEPENDENT PARTY IOWA,322.559500569891
2014,41,SECRETARY OF STATE,,WRITE IN,,16.219266108098
2014,41,TREASURER OF STATE,,KEITH A LAUBE,LIBERTARIAN PARTY,774.886251134424
2014,41,TREASURER OF STATE,,MICHAEL L FITZGERALD,DEMOCRATIC PARTY,11507.498762962881
2014,41,TREASURER OF STATE,,SAM CLOVIS,REPUBLICAN PARTY,9741.135511496823
2014,41,TREASURER OF STATE,,WRITE IN,,11.889163182227
2014,41,U S SENATE,,BOB QUAST,BOB QUAST FOR TERM LIMITS,132.544108348937
2014,41,U S SENATE,,BRUCE BRALEY,DEMOCRATIC PARTY,10280.005473627109
2014,41,U S SENATE,,DOUGLAS BUTZIER,LIBERTARIAN PARTY,139.157328374106
2014,41,U S SENATE,,JONI ERNST,REPUBLICAN PARTY,11801.356535611358
2014,41,U S SENATE,,RICK STEWART,INDEPENDENT,451.722089629028
2014,41,U S SENATE,,RUTH SMITH,,111.241117192923
2014,41,U S SENATE,,WRITE IN,,21.787554550691
2014,42,ATTORNEY GENERAL,,ADAM GREGG,REPUBLICAN PARTY,9931.654240927450
2014,42,ATTORNEY GENERAL,,TOM MILLER,DEMOCRATIC PARTY,13882.145281488163
2014,42,ATTORNEY GENERAL,,WRITE IN,,22.278063876644
2014,42,AUDITOR OF STATE,,JONATHAN NEIDERBACH,DEMOCRATIC PARTY,10186.187176574449
2014,42,AUDITOR OF STATE,,MARY MOSIMAN,REPUBLICAN PARTY,12803.021630783482
2014,42,AUDITOR OF STATE,,WRITE IN,,34.637739531699
2014,42,GOVERNOR,,JACK HATCH MONICA VERNON,DEMOCRATIC PARTY,9965.464030790246
2014,42,GOVERNOR,,JIM HENNAGER MARY MARGARET KRIEG,NEW INDEPENDENT PARTY IOWA,186.028063219682
2014,42,GOVERNOR,,JONATHAN R NARCISSE MICHAEL L RICHARDS,IOWA PARTY,184.562855068052
2014,42,GOVERNOR,,LEE DEAKINS HIEB TIM WATSON,LIBERTARIAN PARTY,438.475405031706
2014,42,GOVERNOR,,TERRY E BRANSTAD KIM REYNOLDS,REPUBLICAN PARTY,13658.741769838824
2014,42,GOVERNOR,,WRITE IN,,20.631860947040
2014,42,SECRETARY OF AGRICULTURE,,BILL NORTHEY,REPUBLICAN PARTY,14237.583055183926
2014,42,SECRETARY OF AGRICULTURE,,LEVI BENNING,NEW INDEPENDENT PARTY IOWA,808.191907415213
2014,42,SECRETARY OF AGRICULTURE,,SHERRIE TAHA,DEMOCRATIC PARTY,8367.413619101244
2014,42,SECRETARY OF AGRICULTURE,,WRITE IN,,21.527743880702
2014,42,SECRETARY OF STATE,,BRAD ANDERSON,DEMOCRATIC PARTY,11535.069653000322
2014,42,SECRETARY OF STATE,,JAKE PORTER,LIBERTARIAN PARTY,716.870973622658
2014,42,SECRETARY OF STATE,,PAUL D PATE,REPUBLICAN PARTY,11375.581258868871
2014,42,SECRETARY OF STATE,,SPENCER HIGHLAND,NEW INDEPENDENT PARTY IOWA,327.428618064035
2014,42,SECRETARY OF STATE,,WRITE IN,,14.771926807354
2014,42,TREASURER OF STATE,,KEITH A LAUBE,LIBERTARIAN PARTY,902.582985489700
2014,42,TREASURER OF STATE,,MICHAEL L FITZGERALD,DEMOCRATIC PARTY,13247.242594931886
2014,42,TREASURER OF STATE,,SAM CLOVIS,REPUBLICAN PARTY,9391.546512037339
2014,42,TREASURER OF STATE,,WRITE IN,,14.214112713573
2014,42,U S SENATE,,BOB QUAST,BOB QUAST FOR TERM LIMITS,77.057912249076
2014,42,U S SENATE,,BRUCE BRALEY,DEMOCRATIC PARTY,11236.742612234777
2014,42,U S SENATE,,DOUGLAS BUTZIER,LIBERTARIAN PARTY,160.192808493315
2014,42,U S SENATE,,JONI ERNST,REPUBLICAN PARTY,12256.273152407579
2014,42,U S SENATE,,RICK STEWART,INDEPENDENT,575.621922969955
2014,42,U S SENATE,,RUTH SMITH,,104.314224953394
2014,42,U S SENATE,,WRITE IN,,24.506010516836
2014,43,ATTORNEY GENERAL,,ADAM GREGG,REPUBLICAN PARTY,5194.497799301270
2014,43,ATTORNEY GENERAL,,TOM MILLER,DEMOCRATIC PARTY,11239.405050364821
2014,43,ATTORNEY GENERAL,,WRITE IN,,19.135096712248
2014,43,AUDITOR OF STATE,,JONATHAN NEIDERBACH,DEMOCRATIC PARTY,9552.496022279673
2014,43,AUDITOR OF STATE,,MARY MOSIMAN,REPUBLICAN PARTY,6280.061143462223
2014,43,AUDITOR OF STATE,,WRITE IN,,22.313159892590
2014,43,GOVERNOR,,JACK HATCH MONICA VERNON,DEMOCRATIC PARTY,9294.419036658035
2014,43,GOVERNOR,,JIM HENNAGER MARY MARGARET KRIEG,NEW INDEPENDENT PARTY IOWA,156.994987090454
2014,43,GOVERNOR,,JONATHAN R NARCISSE MICHAEL L RICHARDS,IOWA PARTY,122.493691693016
2014,43,GOVERNOR,,LEE DEAKINS HIEB TIM WATSON,LIBERTARIAN PARTY,246.979156144736
2014,43,GOVERNOR,,TERRY E BRANSTAD KIM REYNOLDS,REPUBLICAN PARTY,7108.709202626426
2014,43,GOVERNOR,,WRITE IN,,18.533965367096
2014,43,SECRETARY OF AGRICULTURE,,BILL NORTHEY,REPUBLICAN PARTY,7119.249256461366
2014,43,SECRETARY OF AGRICULTURE,,LEVI BENNING,NEW INDEPENDENT PARTY IOWA,621.571898600829
2014,43,SECRETARY OF AGRICULTURE,,SHERRIE TAHA,DEMOCRATIC PARTY,8325.635653442159
2014,43,SECRETARY OF AGRICULTURE,,WRITE IN,,12.984735621240
2014,43,SECRETARY OF STATE,,BRAD ANDERSON,DEMOCRATIC PARTY,10075.189302559931
2014,43,SECRETARY OF STATE,,JAKE PORTER,LIBERTARIAN PARTY,500.185320154117
2014,43,SECRETARY OF STATE,,PAUL D PATE,REPUBLICAN PARTY,5589.367455438539
2014,43,SECRETARY OF STATE,,SPENCER HIGHLAND,NEW INDEPENDENT PARTY IOWA,287.603322657206
2014,43,SECRETARY OF STATE,,WRITE IN,,10.555665813273
2014,43,TREASURER OF STATE,,KEITH A LAUBE,LIBERTARIAN PARTY,609.624125812417
2014,43,TREASURER OF STATE,,MICHAEL L FITZGERALD,DEMOCRATIC PARTY,10696.706277361371
2014,43,TREASURER OF STATE,,SAM CLOVIS,REPUBLICAN PARTY,4909.008443584474
2014,43,TREASURER OF STATE,,WRITE IN,,13.733728993616
2014,43,U S SENATE,,BOB QUAST,BOB QUAST FOR TERM LIMITS,77.983012469105
2014,43,U S SENATE,,BRUCE BRALEY,DEMOCRATIC PARTY,10397.820067029506
2014,43,U S SENATE,,DOUGLAS BUTZIER,LIBERTARIAN PARTY,105.550638506869
2014,43,U S SENATE,,JONI ERNST,REPUBLICAN PARTY,6098.813392112498
2014,43,U S SENATE,,RICK STEWART,INDEPENDENT,257.111366413576
2014,43,U S SENATE,,RUTH SMITH,,44.836472905196
2014,43,U S SENATE,,WRITE IN,,18.425947769259
2014,44,ATTORNEY GENERAL,,ADAM GREGG,REPUBLICAN PARTY,11054.738145149839
2014,44,ATTORNEY GENERAL,,TOM MILLER,DEMOCRATIC PARTY,11627.131417938102
2014,44,ATTORNEY GENERAL,,WRITE IN,,24.188908318976
2014,44,AUDITOR OF STATE,,JONATHAN NEIDERBACH,DEMOCRATIC PARTY,8010.545064574666
2014,44,AUDITOR OF STATE,,MARY MOSIMAN,REPUBLICAN PARTY,13828.822489424430
2014,44,AUDITOR OF STATE,,WRITE IN,,30.547961632542
2014,44,GOVERNOR,,JACK HATCH MONICA VERNON,DEMOCRATIC PARTY,7296.500775659909
2014,44,GOVERNOR,,JIM HENNAGER MARY MARGARET KRIEG,NEW INDEPENDENT PARTY IOWA,213.773989441217
2014,44,GOVERNOR,,JONATHAN R NARCISSE MICHAEL L RICHARDS,IOWA PARTY,219.337847034728
2014,44,GOVERNOR,,LEE DEAKINS HIEB TIM WATSON,LIBERTARIAN PARTY,493.536314135332
2014,44,GOVERNOR,,TERRY E BRANSTAD KIM REYNOLDS,REPUBLICAN PARTY,15205.170195204098
2014,44,GOVERNOR,,WRITE IN,,16.771865548175
2014,44,SECRETARY OF AGRICULTURE,,BILL NORTHEY,REPUBLICAN PARTY,15408.024354322655
2014,44,SECRETARY OF AGRICULTURE,,LEVI BENNING,NEW INDEPENDENT PARTY IOWA,833.825463675576
2014,44,SECRETARY OF AGRICULTURE,,SHERRIE TAHA,DEMOCRATIC PARTY,6298.104746400394
2014,44,SECRETARY OF AGRICULTURE,,WRITE IN,,25.324942882833
2014,44,SECRETARY OF STATE,,BRAD ANDERSON,DEMOCRATIC PARTY,8707.983632192860
2014,44,SECRETARY OF STATE,,JAKE PORTER,LIBERTARIAN PARTY,763.922945406862
2014,44,SECRETARY OF STATE,,PAUL D PATE,REPUBLICAN PARTY,12609.180995053903
2014,44,SECRETARY OF STATE,,SPENCER HIGHLAND,NEW INDEPENDENT PARTY IOWA,424.172693296599
2014,44,SECRETARY OF STATE,,WRITE IN,,13.489972175307
2014,44,TREASURER OF STATE,,KEITH A LAUBE,LIBERTARIAN PARTY,827.228929671879
2014,44,TREASURER OF STATE,,MICHAEL L FITZGERALD,DEMOCRATIC PARTY,10546.375482665861
2014,44,TREASURER OF STATE,,SAM CLOVIS,REPUBLICAN PARTY,11098.165952284948
2014,44,TREASURER OF STATE,,WRITE IN,,13.892960164761
2014,44,U S SENATE,,BOB QUAST,BOB QUAST FOR TERM LIMITS,123.638362036436
2014,44,U S SENATE,,BRUCE BRALEY,DEMOCRATIC PARTY,8472.991613903043
2014,44,U S SENATE,,DOUGLAS BUTZIER,LIBERTARIAN PARTY,213.774467448066
2014,44,U S SENATE,,JONI ERNST,REPUBLICAN PARTY,13755.945940253148
2014,44,U S SENATE,,RICK STEWART,INDEPENDENT,594.102365791984
2014,44,U S SENATE,,RUTH SMITH,,134.289132968026
2014,44,U S SENATE,,WRITE IN,,22.334767127988
2014,45,ATTORNEY GENERAL,,ADAM GREGG,REPUBLICAN PARTY,7066.036623981347
2014,45,ATTORNEY GENERAL,,TOM MILLER,DEMOCRATIC PARTY,20455.417585901447
2014,45,ATTORNEY GENERAL,,WRITE IN,,52.698071722217
2014,45,AUDITOR OF STATE,,JONATHAN NEIDERBACH,DEMOCRATIC PARTY,18153.169087166109
2014,45,AUDITOR OF STATE,,MARY MOSIMAN,REPUBLICAN PARTY,8534.276919321130
2014,45,AUDITOR OF STATE,,WRITE IN,,53.541584127896
2014,45,GOVERNOR,,JACK HATCH MONICA VERNON,DEMOCRATIC PARTY,17879.238062991335
2014,45,GOVERNOR,,JIM HENNAGER MARY MARGARET KRIEG,NEW INDEPENDENT PARTY IOWA,263.287472776149
2014,45,GOVERNOR,,JONATHAN R NARCISSE MICHAEL L RICHARDS,IOWA PARTY,238.318326016202
2014,45,GOVERNOR,,LEE DEAKINS HIEB TIM WATSON,LIBERTARIAN PARTY,471.590416031136
2014,45,GOVERNOR,,TERRY E BRANSTAD KIM REYNOLDS,REPUBLICAN PARTY,9681.647285445713
2014,45,GOVERNOR,,WRITE IN,,40.815354619643
2014,45,SECRETARY OF AGRICULTURE,,BILL NORTHEY,REPUBLICAN PARTY,9533.151434114865
2014,45,SECRETARY OF AGRICULTURE,,LEVI BENNING,NEW INDEPENDENT PARTY IOWA,1110.512685158080
2014,45,SECRETARY OF AGRICULTURE,,SHERRIE TAHA,DEMOCRATIC PARTY,16318.848672451304
2014,45,SECRETARY OF AGRICULTURE,,WRITE IN,,41.634803564043
2014,45,SECRETARY OF STATE,,BRAD ANDERSON,DEMOCRATIC PARTY,18780.311074141984
2014,45,SECRETARY OF STATE,,JAKE PORTER,LIBERTARIAN PARTY,974.647678897055
2014,45,SECRETARY OF STATE,,PAUL D PATE,REPUBLICAN PARTY,7427.777916426150
2014,45,SECRETARY OF STATE,,SPENCER HIGHLAND,NEW INDEPENDENT PARTY IOWA,485.770843130083
2014,45,SECRETARY OF STATE,,WRITE IN,,32.850591695556
2014,45,TREASURER OF STATE,,KEITH A LAUBE,LIBERTARIAN PARTY,1087.355861298372
2014,45,TREASURER OF STATE,,MICHAEL L FITZGERALD,DEMOCRATIC PARTY,19535.399740288671
2014,45,TREASURER OF STATE,,SAM CLOVIS,REPUBLICAN PARTY,6665.795672232304
2014,45,TREASURER OF STATE,,WRITE IN,,37.703682426789
2014,45,U S SENATE,,BOB QUAST,BOB QUAST FOR TERM LIMITS,128.428969046702
2014,45,U S SENATE,,BRUCE BRALEY,DEMOCRATIC PARTY,19757.535643473413
2014,45,U S SENATE,,DOUGLAS BUTZIER,LIBERTARIAN PARTY,230.789184569145
2014,45,U S SENATE,,JONI ERNST,REPUBLICAN PARTY,8069.920130993002
2014,45,U S SENATE,,RICK STEWART,INDEPENDENT,405.596408374885
2014,45,U S SENATE,,RUTH SMITH,,82.442574095399
2014,45,U S SENATE,,WRITE IN,,33.880509902219
2014,46,ATTORNEY GENERAL,,ADAM GREGG,REPUBLICAN PARTY,9472.465576717383
2014,46,ATTORNEY GENERAL,,TOM MILLER,DEMOCRATIC PARTY,11575.177363733732
2014,46,ATTORNEY GENERAL,,WRITE IN,,21.166831565535
2014,46,AUDITOR OF STATE,,JONATHAN NEIDERBACH,DEMOCRATIC PARTY,8530.334890554215
2014,46,AUDITOR OF STATE,,MARY MOSIMAN,REPUBLICAN PARTY,11687.661937216648
2014,46,AUDITOR OF STATE,,WRITE IN,,15.145255979513
2014,46,GOVERNOR,,JACK HATCH MONICA VERNON,DEMOCRATIC PARTY,8250.342900350630
2014,46,GOVERNOR,,JIM HENNAGER MARY MARGARET KRIEG,NEW INDEPENDENT PARTY IOWA,173.717540133397
2014,46,GOVERNOR,,JONATHAN R NARCISSE MICHAEL L RICHARDS,IOWA PARTY,189.187982290782
2014,46,GOVERNOR,,LEE DEAKINS HIEB TIM WATSON,LIBERTARIAN PARTY,430.430427824128
2014,46,GOVERNOR,,TERRY E BRANSTAD KIM REYNOLDS,REPUBLICAN PARTY,12672.643511927861
2014,46,GOVERNOR,,WRITE IN,,22.650680013261
2014,46,SECRETARY OF AGRICULTURE,,BILL NORTHEY,REPUBLICAN PARTY,13099.599309423769
2014,46,SECRETARY OF AGRICULTURE,,LEVI BENNING,NEW INDEPENDENT PARTY IOWA,759.915416241091
2014,46,SECRETARY OF AGRICULTURE,,SHERRIE TAHA,DEMOCRATIC PARTY,6903.515674106538
2014,46,SECRETARY OF AGRICULTURE,,WRITE IN,,14.380460814717
2014,46,SECRETARY OF STATE,,BRAD ANDERSON,DEMOCRATIC PARTY,9662.499623298081
2014,46,SECRETARY OF STATE,,JAKE PORTER,LIBERTARIAN PARTY,649.167000948827
2014,46,SECRETARY OF STATE,,PAUL D PATE,REPUBLICAN PARTY,10373.854628135310
2014,46,SECRETARY OF STATE,,SPENCER HIGHLAND,NEW INDEPENDENT PARTY IOWA,337.625834212712
2014,46,SECRETARY OF STATE,,WRITE IN,,9.593742491172
2014,46,TREASURER OF STATE,,KEITH A LAUBE,LIBERTARIAN PARTY,754.020012889211
2014,46,TREASURER OF STATE,,MICHAEL L FITZGERALD,DEMOCRATIC PARTY,10859.893982349955
2014,46,TREASURER OF STATE,,SAM CLOVIS,REPUBLICAN PARTY,9094.195884183222
2014,46,TREASURER OF STATE,,WRITE IN,,12.562588579596
2014,46,U S SENATE,,BOB QUAST,BOB QUAST FOR TERM LIMITS,79.588018484193
2014,46,U S SENATE,,BRUCE BRALEY,DEMOCRATIC PARTY,9575.644289497079
2014,46,U S SENATE,,DOUGLAS BUTZIER,LIBERTARIAN PARTY,144.660176923986
2014,46,U S SENATE,,JONI ERNST,REPUBLICAN PARTY,11294.266476894500
2014,46,U S SENATE,,RICK STEWART,INDEPENDENT,507.292225211540
2014,46,U S SENATE,,RUTH SMITH,,92.720952999405
2014,46,U S SENATE,,WRITE IN,,26.693542328523
2014,47,ATTORNEY GENERAL,,ADAM GREGG,REPUBLICAN PARTY,10067.063085035124
2014,47,ATTORNEY GENERAL,,TOM MILLER,DEMOCRATIC PARTY,11612.917037367823
2014,47,ATTORNEY GENERAL,,WRITE IN,,23.399870612415
2014,47,AUDITOR OF STATE,,JONATHAN NEIDERBACH,DEMOCRATIC PARTY,9716.796271805530
2014,47,AUDITOR OF STATE,,MARY MOSIMAN,REPUBLICAN PARTY,11591.345281647002
2014,47,AUDITOR OF STATE,,WRITE IN,,20.840509764183
2014,47,GOVERNOR,,JACK HATCH MONICA VERNON,DEMOCRATIC PARTY,8195.439059020204
2014,47,GOVERNOR,,JIM HENNAGER MARY MARGARET KRIEG,NEW INDEPENDENT PARTY IOWA,140.399223674493
2014,47,GOVERNOR,,JONATHAN R NARCISSE MICHAEL L RICHARDS,IOWA PARTY,202.189507010403
2014,47,GOVERNOR,,LEE DEAKINS HIEB TIM WATSON,LIBERTARIAN PARTY,250.451740148509
2014,47,GOVERNOR,,TERRY E BRANSTAD KIM REYNOLDS,REPUBLICAN PARTY,13706.474211222370
2014,47,GOVERNOR,,WRITE IN,,12.431181262846
2014,47,SECRETARY OF AGRICULTURE,,BILL NORTHEY,REPUBLICAN PARTY,11888.231140042022
2014,47,SECRETARY OF AGRICULTURE,,LEVI BENNING,NEW INDEPENDENT PARTY IOWA,704.189856242378
2014,47,SECRETARY OF AGRICULTURE,,SHERRIE TAHA,DEMOCRATIC PARTY,8875.132175715211
2014,47,SECRETARY OF AGRICULTURE,,WRITE IN,,13.162427219484
2014,47,SECRETARY OF STATE,,BRAD ANDERSON,DEMOCRATIC PARTY,10104.722251801981
2014,47,SECRETARY OF STATE,,JAKE PORTER,LIBERTARIAN PARTY,698.705511567594
2014,47,SECRETARY OF STATE,,PAUL D PATE,REPUBLICAN PARTY,10626.831864841501
2014,47,SECRETARY OF STATE,,SPENCER HIGHLAND,NEW INDEPENDENT PARTY IOWA,304.198317961401
2014,47,SECRETARY OF STATE,,WRITE IN,,9.871820414613
2014,47,TREASURER OF STATE,,KEITH A LAUBE,LIBERTARIAN PARTY,737.827170247726
2014,47,TREASURER OF STATE,,MICHAEL L FITZGERALD,DEMOCRATIC PARTY,11312.740572167930
2014,47,TREASURER OF STATE,,SAM CLOVIS,REPUBLICAN PARTY,9654.640365491301
2014,47,TREASURER OF STATE,,WRITE IN,,9.871820414613
2014,47,U S SENATE,,BOB QUAST,BOB QUAST FOR TERM LIMITS,120.655582845267
2014,47,U S SENATE,,BRUCE BRALEY,DEMOCRATIC PARTY,10636.338062277795
2014,47,U S SENATE,,DOUGLAS BUTZIER,LIBERTARIAN PARTY,141.130469631131
2014,47,U S SENATE,,JONI ERNST,REPUBLICAN PARTY,11158.082052338996
2014,47,U S SENATE,,RICK STEWART,INDEPENDENT,334.545025161878
2014,47,U S SENATE,,RUTH SMITH,,98.718204146128
2014,47,U S SENATE,,WRITE IN,,13.893673176122
2014,48,ATTORNEY GENERAL,,ADAM GREGG,REPUBLICAN PARTY,9382.153352565951
2014,48,ATTORNEY GENERAL,,TOM MILLER,DEMOCRATIC PARTY,9927.425327903722
2014,48,ATTORNEY GENERAL,,WRITE IN,,22.084174955023
2014,48,AUDITOR OF STATE,,JONATHAN NEIDERBACH,DEMOCRATIC PARTY,7851.857833509900
2014,48,AUDITOR OF STATE,,MARY MOSIMAN,REPUBLICAN PARTY,11090.661095253628
2014,48,AUDITOR OF STATE,,WRITE IN,,20.823753022556
2014,48,GOVERNOR,,JACK HATCH MONICA VERNON,DEMOCRATIC PARTY,6911.906453857091
2014,48,GOVERNOR,,JIM HENNAGER MARY MARGARET KRIEG,NEW INDEPENDENT PARTY IOWA,235.419429509732
2014,48,GOVERNOR,,JONATHAN R NARCISSE MICHAEL L RICHARDS,IOWA PARTY,197.587259574974
2014,48,GOVERNOR,,LEE DEAKINS HIEB TIM WATSON,LIBERTARIAN PARTY,255.833736541403
2014,48,GOVERNOR,,TERRY E BRANSTAD KIM REYNOLDS,REPUBLICAN PARTY,12380.446515720865
2014,48,GOVERNOR,,WRITE IN,,14.121988846538
2014,48,SECRETARY OF AGRICULTURE,,BILL NORTHEY,REPUBLICAN PARTY,12023.797074205366
2014,48,SECRETARY OF AGRICULTURE,,LEVI BENNING,NEW INDEPENDENT PARTY IOWA,840.128570126161
2014,48,SECRETARY OF AGRICULTURE,,SHERRIE TAHA,DEMOCRATIC PARTY,6433.616992422157
2014,48,SECRETARY OF AGRICULTURE,,WRITE IN,,14.172388504175
2014,48,SECRETARY OF STATE,,BRAD ANDERSON,DEMOCRATIC PARTY,8069.011895285674
2014,48,SECRETARY OF STATE,,JAKE PORTER,LIBERTARIAN PARTY,529.298778656160
2014,48,SECRETARY OF STATE,,PAUL D PATE,REPUBLICAN PARTY,10208.439760045359
2014,48,SECRETARY OF STATE,,SPENCER HIGHLAND,NEW INDEPENDENT PARTY IOWA,495.349918139279
2014,48,SECRETARY OF STATE,,WRITE IN,,11.667542892980
2014,48,TREASURER OF STATE,,KEITH A LAUBE,LIBERTARIAN PARTY,745.578658279425
2014,48,TREASURER OF STATE,,MICHAEL L FITZGERALD,DEMOCRATIC PARTY,9496.390378662585
2014,48,TREASURER OF STATE,,SAM CLOVIS,REPUBLICAN PARTY,9050.706251910469
2014,48,TREASURER OF STATE,,WRITE IN,,9.813881679306
2014,48,U S SENATE,,BOB QUAST,BOB QUAST FOR TERM LIMITS,190.508822992141
2014,48,U S SENATE,,BRUCE BRALEY,DEMOCRATIC PARTY,8348.645409148396
2014,48,U S SENATE,,DOUGLAS BUTZIER,LIBERTARIAN PARTY,142.055773489610
2014,48,U S SENATE,,JONI ERNST,REPUBLICAN PARTY,10627.972973157417
2014,48,U S SENATE,,RICK STEWART,INDEPENDENT,471.310117361953
2014,48,U S SENATE,,RUTH SMITH,,88.319319039527
2014,48,U S SENATE,,WRITE IN,,14.518892915992
2014,49,ATTORNEY GENERAL,,ADAM GREGG,REPUBLICAN PARTY,10001.802071346376
2014,49,ATTORNEY GENERAL,,TOM MILLER,DEMOCRATIC PARTY,11537.634829305716
2014,49,ATTORNEY GENERAL,,WRITE IN,,23.248177982355
2014,49,AUDITOR OF STATE,,JONATHAN NEIDERBACH,DEMOCRATIC PARTY,9653.805907172997
2014,49,AUDITOR OF STATE,,MARY MOSIMAN,REPUBLICAN PARTY,11516.202915228232
2014,49,AUDITOR OF STATE,,WRITE IN,,20.705408515535
2014,49,GOVERNOR,,JACK HATCH MONICA VERNON,DEMOCRATIC PARTY,8142.311085538934
2014,49,GOVERNOR,,JIM HENNAGER MARY MARGARET KRIEG,NEW INDEPENDENT PARTY IOWA,139.489067894131
2014,49,GOVERNOR,,JONATHAN R NARCISSE MICHAEL L RICHARDS,IOWA PARTY,200.878787878788
2014,49,GOVERNOR,,LEE DEAKINS HIEB TIM WATSON,LIBERTARIAN PARTY,248.828154967395
2014,49,GOVERNOR,,TERRY E BRANSTAD KIM REYNOLDS,REPUBLICAN PARTY,13617.620253164558
2014,49,GOVERNOR,,WRITE IN,,12.350594553126
2014,49,SECRETARY OF AGRICULTURE,,BILL NORTHEY,REPUBLICAN PARTY,11811.164173379364
2014,49,SECRETARY OF AGRICULTURE,,LEVI BENNING,NEW INDEPENDENT PARTY IOWA,699.624856156502
2014,49,SECRETARY OF AGRICULTURE,,SHERRIE TAHA,DEMOCRATIC PARTY,8817.598005370157
2014,49,SECRETARY OF AGRICULTURE,,WRITE IN,,13.077100115075
2014,49,SECRETARY OF STATE,,BRAD ANDERSON,DEMOCRATIC PARTY,10039.217107786728
2014,49,SECRETARY OF STATE,,JAKE PORTER,LIBERTARIAN PARTY,694.176064441887
2014,49,SECRETARY OF STATE,,PAUL D PATE,REPUBLICAN PARTY,10557.942079018028
2014,49,SECRETARY OF STATE,,SPENCER HIGHLAND,NEW INDEPENDENT PARTY IOWA,302.226313770618
2014,49,SECRETARY OF STATE,,WRITE IN,,9.807825086306
2014,49,TREASURER OF STATE,,KEITH A LAUBE,LIBERTARIAN PARTY,733.044112006137
2014,49,TREASURER OF STATE,,MICHAEL L FITZGERALD,DEMOCRATIC PARTY,11239.404296125815
2014,49,TREASURER OF STATE,,SAM CLOVIS,REPUBLICAN PARTY,9592.052934407366
2014,49,TREASURER OF STATE,,WRITE IN,,9.807825086306
2014,49,U S SENATE,,BOB QUAST,BOB QUAST FOR TERM LIMITS,119.873417721519
2014,49,U S SENATE,,BRUCE BRALEY,DEMOCRATIC PARTY,10567.386651323361
2014,49,U S SENATE,,DOUGLAS BUTZIER,LIBERTARIAN PARTY,140.215573456080
2014,49,U S SENATE,,JONI ERNST,REPUBLICAN PARTY,11085.748369773686
2014,49,U S SENATE,,RICK STEWART,INDEPENDENT,332.376294591484
2014,49,U S SENATE,,RUTH SMITH,,98.078250863061
2014,49,U S SENATE,,WRITE IN,,13.803605677023
2014,50,ATTORNEY GENERAL,,ADAM GREGG,REPUBLICAN PARTY,8731.897712670265
2014,50,ATTORNEY GENERAL,,TOM MILLER,DEMOCRATIC PARTY,12029.171935235157
2014,50,ATTORNEY GENERAL,,WRITE IN,,27.930866101259
2014,50,AUDITOR OF STATE,,JONATHAN NEIDERBACH,DEMOCRATIC PARTY,10286.775122076586
2014,50,AUDITOR OF STATE,,MARY MOSIMAN,REPUBLICAN PARTY,10056.608069904909
2014,50,AUDITOR OF STATE,,WRITE IN,,24.492418401439
2014,50,GOVERNOR,,JACK HATCH MONICA VERNON,DEMOCRATIC PARTY,9317.924955024415
2014,50,GOVERNOR,,JIM HENNAGER MARY MARGARET KRIEG,NEW INDEPENDENT PARTY IOWA,268.350809560524
2014,50,GOVERNOR,,JONATHAN R NARCISSE MICHAEL L RICHARDS,IOWA PARTY,158.804420457466
2014,50,GOVERNOR,,LEE DEAKINS HIEB TIM WATSON,LIBERTARIAN PARTY,273.089437162683
2014,50,GOVERNOR,,TERRY E BRANSTAD KIM REYNOLDS,REPUBLICAN PARTY,11413.468517090721
2014,50,GOVERNOR,,WRITE IN,,12.465433050630
2014,50,SECRETARY OF AGRICULTURE,,BILL NORTHEY,REPUBLICAN PARTY,10565.783603186841
2014,50,SECRETARY OF AGRICULTURE,,LEVI BENNING,NEW INDEPENDENT PARTY IOWA,957.553328193266
2014,50,SECRETARY OF AGRICULTURE,,SHERRIE TAHA,DEMOCRATIC PARTY,9068.478026214339
2014,50,SECRETARY OF AGRICULTURE,,WRITE IN,,18.026985350810
2014,50,SECRETARY OF STATE,,BRAD ANDERSON,DEMOCRATIC PARTY,10460.014649190440
2014,50,SECRETARY OF STATE,,JAKE PORTER,LIBERTARIAN PARTY,576.286815728604
2014,50,SECRETARY OF STATE,,PAUL D PATE,REPUBLICAN PARTY,9258.558982266770
2014,50,SECRETARY OF STATE,,SPENCER HIGHLAND,NEW INDEPENDENT PARTY IOWA,478.236186070419
2014,50,SECRETARY OF STATE,,WRITE IN,,13.026985350810
2014,50,TREASURER OF STATE,,KEITH A LAUBE,LIBERTARIAN PARTY,741.748907735801
2014,50,TREASURER OF STATE,,MICHAEL L FITZGERALD,DEMOCRATIC PARTY,11518.584939604214
2014,50,TREASURER OF STATE,,SAM CLOVIS,REPUBLICAN PARTY,8423.396813158572
2014,50,TREASURER OF STATE,,WRITE IN,,13.807761500900
2014,50,U S SENATE,,BOB QUAST,BOB QUAST FOR TERM LIMITS,152.969673605757
2014,50,U S SENATE,,BRUCE BRALEY,DEMOCRATIC PARTY,10608.969159599073
2014,50,U S SENATE,,DOUGLAS BUTZIER,LIBERTARIAN PARTY,144.462092007196
2014,50,U S SENATE,,JONI ERNST,REPUBLICAN PARTY,9898.911590850681
2014,50,U S SENATE,,RICK STEWART,INDEPENDENT,443.590336674377
2014,50,U S SENATE,,RUTH SMITH,,90.547627391883
2014,50,U S SENATE,,WRITE IN,,18.010583864863
