county,precinct,vtd_id,match_method,confidence,source_file,source_row
Adair,,,unmatched,0.0,C:\Users\Shama\OneDrive\Documents\Side_Projects\Side_Projects\IAPrecinctMap\data\2012\20121106__ia__general__adair__precinct.csv,57
Adair,1NW,,ambiguous,0.3333333333333333,C:\Users\Shama\OneDrive\Documents\Side_Projects\Side_Projects\IAPrecinctMap\data\2012\20121106__ia__general__adair__precinct.csv,2
Adair,2NE,,ambiguous,0.3076923076923077,C:\Users\Shama\OneDrive\Documents\Side_Projects\Side_Projects\IAPrecinctMap\data\2012\20121106__ia__general__adair__precinct.csv,13
Adair,3SW,,ambiguous,0.2857142857142857,C:\Users\Shama\OneDrive\Documents\Side_Projects\Side_Projects\IAPrecinctMap\data\2012\20121106__ia__general__adair__precinct.csv,24
Adair,4SE,,ambiguous,0.25,C:\Users\Shama\OneDrive\Documents\Side_Projects\Side_Projects\IAPrecinctMap\data\2012\20121106__ia__general__adair__precinct.csv,35
Adair,5GF,,ambiguous,0.3076923076923077,C:\Users\Shama\OneDrive\Documents\Side_Projects\Side_Projects\IAPrecinctMap\data\2012\20121106__ia__general__adair__precinct.csv,46
Adams,,,unmatched,0.0,C:\Users\Shama\OneDrive\Documents\Side_Projects\Side_Projects\IAPrecinctMap\data\2012\20121106__ia__general__adams__precinct.csv,57
Adams,ADAMS 1,,unmatched,0.0,C:\Users\Shama\OneDrive\Documents\Side_Projects\Side_Projects\IAPrecinctMap\data\2012\20121106__ia__general__adams__precinct.csv,2
Adams,ADAMS 2,,unmatched,0.0,C:\Users\Shama\OneDrive\Documents\Side_Projects\Side_Projects\IAPrecinctMap\data\2012\20121106__ia__general__adams__precinct.csv,13
Adams,ADAMS 3,,unmatched,0.0,C:\Users\Shama\OneDrive\Documents\Side_Projects\Side_Projects\IAPrecinctMap\data\2012\20121106__ia__general__adams__precinct.csv,24
Adams,ADAMS 4,,unmatched,0.0,C:\Users\Shama\OneDrive\Documents\Side_Projects\Side_Projects\IAPrecinctMap\data\2012\20121106__ia__general__adams__precinct.csv,35
Adams,ADAMS 5,,unmatched,0.0,C:\Users\Shama\OneDrive\Documents\Side_Projects\Side_Projects\IAPrecinctMap\data\2012\20121106__ia__general__adams__precinct.csv,46
Allamakee,,,unmatched,0.0,C:\Users\Shama\OneDrive\Documents\Side_Projects\Side_Projects\IAPrecinctMap\data\2012\20121106__ia__general__allamakee__precinct.csv,123
Allamakee,PCT 1 - WL/HV,,ambiguous,0.26666666666666666,C:\Users\Shama\OneDrive\Documents\Side_Projects\Side_Projects\IAPrecinctMap\data\2012\20121106__ia__general__allamakee__precinct.csv,2
Allamakee,PCT 10 - WK 2,,ambiguous,0.26666666666666666,C:\Users\Shama\OneDrive\Documents\Side_Projects\Side_Projects\IAPrecinctMap\data\2012\20121106__ia__general__allamakee__precinct.csv,13
Allamakee,PCT 11 - WK 3,,ambiguous,0.26666666666666666,C:\Users\Shama\OneDrive\Documents\Side_Projects\Side_Projects\IAPrecinctMap\data\2012\20121106__ia__general__allamakee__precinct.csv,24
Allamakee,PCT 2 - FC/JF/LL/MK/UP,,ambiguous,0.3333333333333333,C:\Users\Shama\OneDrive\Documents\Side_Projects\Side_Projects\IAPrecinctMap\data\2012\20121106__ia__general__allamakee__precinct.csv,35
Allamakee,PCT 3 - PO/FK,,ambiguous,0.3076923076923077,C:\Users\Shama\OneDrive\Documents\Side_Projects\Side_Projects\IAPrecinctMap\data\2012\20121106__ia__general__allamakee__precinct.csv,46
Allamakee,PCT 4 - PV CITY,,ambiguous,0.3333333333333333,C:\Users\Shama\OneDrive\Documents\Side_Projects\Side_Projects\IAPrecinctMap\data\2012\20121106__ia__general__allamakee__precinct.csv,57
Allamakee,PCT 5 - LT/PC/WV CITY,,ambiguous,0.43243243243243246,C:\Users\Shama\OneDrive\Documents\Side_Projects\Side_Projects\IAPrecinctMap\data\2012\20121106__ia__general__allamakee__precinct.csv,68
Allamakee,PCT 6 - FV/TL/HF CITY,,ambiguous,0.3333333333333333,C:\Users\Shama\OneDrive\Documents\Side_Projects\Side_Projects\IAPrecinctMap\data\2012\20121106__ia__general__allamakee__precinct.csv,79
Allamakee,PCT 7 - CN/LF/LS/LS CITY,,ambiguous,0.41025641025641024,C:\Users\Shama\OneDrive\Documents\Side_Projects\Side_Projects\IAPrecinctMap\data\2012\20121106__ia__general__allamakee__precinct.csv,90
Allamakee,PCT 8 - IA/UC/NA/NA CITY,,ambiguous,0.41025641025641024,C:\Users\Shama\OneDrive\Documents\Side_Projects\Side_Projects\IAPrecinctMap\data\2012\20121106__ia__general__allamakee__precinct.csv,101
Allamakee,PCT 9 - WK 1,,ambiguous,0.2857142857142857,C:\Users\Shama\OneDrive\Documents\Side_Projects\Side_Projects\IAPrecinctMap\data\2012\20121106__ia__general__allamakee__precinct.csv,112
Appanoose,,,unmatched,0.0,C:\Users\Shama\OneDrive\Documents\Side_Projects\Side_Projects\IAPrecinctMap\data\2012\20121106__ia__general__appanoose__precinct.csv,145
Appanoose,Centerville Ward 1,,unmatched,0.0,C:\Users\Shama\OneDrive\Documents\Side_Projects\Side_Projects\IAPrecinctMap\data\2012\20121106__ia__general__appanoose__precinct.csv,2
Appanoose,Centerville Ward 2,,unmatched,0.0,C:\Users\Shama\OneDrive\Documents\Side_Projects\Side_Projects\IAPrecinctMap\data\2012\20121106__ia__general__appanoose__precinct.csv,13
Appanoose,Centerville Ward 3,,unmatched,0.0,C:\Users\Shama\OneDrive\Documents\Side_Projects\Side_Projects\IAPrecinctMap\data\2012\20121106__ia__general__appanoose__precinct.csv,24
Appanoose,Cincinnati,,unmatched,0.0,C:\Users\Shama\OneDrive\Documents\Side_Projects\Side_Projects\IAPrecinctMap\data\2012\20121106__ia__general__appanoose__precinct.csv,35
Appanoose,Exline,,unmatched,0.0,C:\Users\Shama\OneDrive\Documents\Side_Projects\Side_Projects\IAPrecinctMap\data\2012\20121106__ia__general__appanoose__precinct.csv,46
Appanoose,Moravia,,unmatched,0.0,C:\Users\Shama\OneDrive\Documents\Side_Projects\Side_Projects\IAPrecinctMap\data\2012\20121106__ia__general__appanoose__precinct.csv,57
Appanoose,Moulton,,unmatched,0.0,C:\Users\Shama\OneDrive\Documents\Side_Projects\Side_Projects\IAPrecinctMap\data\2012\20121106__ia__general__appanoose__precinct.csv,68
Appanoose,Mystic,,unmatched,0.0,C:\Users\Shama\OneDrive\Documents\Side_Projects\Side_Projects\IAPrecinctMap\data\2012\20121106__ia__general__appanoose__precinct.csv,79
Appanoose,Numa,,unmatched,0.0,C:\Users\Shama\OneDrive\Documents\Side_Projects\Side_Projects\IAPrecinctMap\data\2012\20121106__ia__general__appanoose__precinct.csv,90
Appanoose,Plano,,unmatched,0.0,C:\Users\Shama\OneDrive\Documents\Side_Projects\Side_Projects\IAPrecinctMap\data\2012\20121106__ia__general__appanoose__precinct.csv,101
Appanoose,Union Township,,unmatched,0.0,C:\Users\Shama\OneDrive\Documents\Side_Projects\Side_Projects\IAPrecinctMap\data\2012\20121106__ia__general__appanoose__precinct.csv,112
Appanoose,Unionville,,unmatched,0.0,C:\Users\Shama\OneDrive\Documents\Side_Projects\Side_Projects\IAPrecinctMap\data\2012\20121106__ia__general__appanoose__precinct.csv,123
Appanoose,Vermillion/Douglas/Sharon,,unmatched,0.0,C:\Users\Shama\OneDrive\Documents\Side_Projects\Side_Projects\IAPrecinctMap\data\2012\20121106__ia__general__appanoose__precinct.csv,134
Audubon,,,unmatched,0.0,C:\Users\Shama\OneDrive\Documents\Side_Projects\Side_Projects\IAPrecinctMap\data\2012\20121106__ia__general__audubon__precinct.csv,24
Audubon,Precinct One,,ambiguous,0.3076923076923077,C:\Users\Shama\OneDrive\Documents\Side_Projects\Side_Projects\IAPrecinctMap\data\2012\20121106__ia__general__audubon__precinct.csv,2
Audubon,Precinct Two,,ambiguous,0.36363636363636365,C:\Users\Shama\OneDrive\Documents\Side_Projects\Side_Projects\IAPrecinctMap\data\2012\20121106__ia__general__audubon__precinct.csv,13
Benton,,,unmatched,0.0,C:\Users\Shama\OneDrive\Documents\Side_Projects\Side_Projects\IAPrecinctMap\data\2012\20121106__ia__general__benton__precinct.csv,211
Benton,Belle Plaine 1,,unmatched,0.0,C:\Users\Shama\OneDrive\Documents\Side_Projects\Side_Projects\IAPrecinctMap\data\2012\20121106__ia__general__benton__precinct.csv,2
Benton,Belle Plaine 2,,unmatched,0.0,C:\Users\Shama\OneDrive\Documents\Side_Projects\Side_Projects\IAPrecinctMap\data\2012\20121106__ia__general__benton__precinct.csv,13
Benton,Belle Plaine 3,,unmatched,0.0,C:\Users\Shama\OneDrive\Documents\Side_Projects\Side_Projects\IAPrecinctMap\data\2012\20121106__ia__general__benton__precinct.csv,24
Benton,Benton-Canton-Shellsburg,,unmatched,0.0,C:\Users\Shama\OneDrive\Documents\Side_Projects\Side_Projects\IAPrecinctMap\data\2012\20121106__ia__general__benton__precinct.csv,35
Benton,Big Grove-Union-Van Horne,,unmatched,0.0,C:\Users\Shama\OneDrive\Documents\Side_Projects\Side_Projects\IAPrecinctMap\data\2012\20121106__ia__general__benton__precinct.csv,46
Benton,Bruce-Cedar-Mt Auburn,,unmatched,0.0,C:\Users\Shama\OneDrive\Documents\Side_Projects\Side_Projects\IAPrecinctMap\data\2012\20121106__ia__general__benton__precinct.csv,57
Benton,Eden-Harrison-Taylor,,unmatched,0.0,C:\Users\Shama\OneDrive\Documents\Side_Projects\Side_Projects\IAPrecinctMap\data\2012\20121106__ia__general__benton__precinct.csv,68
Benton,Eldorado-Newhall,,unmatched,0.0,C:\Users\Shama\OneDrive\Documents\Side_Projects\Side_Projects\IAPrecinctMap\data\2012\20121106__ia__general__benton__precinct.csv,79
Benton,Florence-St Clair-Norway,,unmatched,0.0,C:\Users\Shama\OneDrive\Documents\Side_Projects\Side_Projects\IAPrecinctMap\data\2012\20121106__ia__general__benton__precinct.csv,90
Benton,Fremont-Atkins,,unmatched,0.0,C:\Users\Shama\OneDrive\Documents\Side_Projects\Side_Projects\IAPrecinctMap\data\2012\20121106__ia__general__benton__precinct.csv,101
Benton,Homer-Monroe-Jackson-Garrison,,unmatched,0.0,C:\Users\Shama\OneDrive\Documents\Side_Projects\Side_Projects\IAPrecinctMap\data\2012\20121106__ia__general__benton__precinct.csv,112
Benton,Iowa-Leroy-Luzerne-Blairstown,,unmatched,0.0,C:\Users\Shama\OneDrive\Documents\Side_Projects\Side_Projects\IAPrecinctMap\data\2012\20121106__ia__general__benton__precinct.csv,123
Benton,Kane-Keystone,,unmatched,0.0,C:\Users\Shama\OneDrive\Documents\Side_Projects\Side_Projects\IAPrecinctMap\data\2012\20121106__ia__general__benton__precinct.csv,134
Benton,Polk-Urbana,,unmatched,0.0,C:\Users\Shama\OneDrive\Documents\Side_Projects\Side_Projects\IAPrecinctMap\data\2012\20121106__ia__general__benton__precinct.csv,145
Benton,Vinton 1,,unmatched,0.0,C:\Users\Shama\OneDrive\Documents\Side_Projects\Side_Projects\IAPrecinctMap\data\2012\20121106__ia__general__benton__precinct.csv,156
Benton,Vinton 2,,unmatched,0.0,C:\Users\Shama\OneDrive\Documents\Side_Projects\Side_Projects\IAPrecinctMap\data\2012\20121106__ia__general__benton__precinct.csv,167
Benton,Vinton 3,,unmatched,0.0,C:\Users\Shama\OneDrive\Documents\Side_Projects\Side_Projects\IAPrecinctMap\data\2012\20121106__ia__general__benton__precinct.csv,178
Benton,Vinton 4,,unmatched,0.0,C:\Users\Shama\OneDrive\Documents\Side_Projects\Side_Projects\IAPrecinctMap\data\2012\20121106__ia__general__benton__precinct.csv,189
Benton,Walford,,unmatched,0.0,C:\Users\Shama\OneDrive\Documents\Side_Projects\Side_Projects\IAPrecinctMap\data\2012\20121106__ia__general__benton__precinct.csv,200
Black Hawk,,,unmatched,0.0,C:\Users\Shama\OneDrive\Documents\Side_Projects\Side_Projects\IAPrecinctMap\data\2012\20121106__ia__general__black_hawk__precinct.csv,684
Black Hawk,Barclay Lester Dunkerton,,ambiguous,0.3333333333333333,C:\Users\Shama\OneDrive\Documents\Side_Projects\Side_Projects\IAPrecinctMap\data\2012\20121106__ia__general__black_hawk__precinct.csv,2
Black Hawk,Bennington,,ambiguous,0.42105263157894735,C:\Users\Shama\OneDrive\Documents\Side_Projects\Side_Projects\IAPrecinctMap\data\2012\20121106__ia__general__black_hawk__precinct.csv,13
Black Hawk,Big Creek La Porte,,ambiguous,0.38095238095238093,C:\Users\Shama\OneDrive\Documents\Side_Projects\Side_Projects\IAPrecinctMap\data\2012\20121106__ia__general__black_hawk__precinct.csv,24
Black Hawk,Black Hawk Hudson Lincoln,,ambiguous,0.32432432432432434,C:\Users\Shama\OneDrive\Documents\Side_Projects\Side_Projects\IAPrecinctMap\data\2012\20121106__ia__general__black_hawk__precinct.csv,35
Black Hawk,Cedar Orange,,ambiguous,0.35294117647058826,C:\Users\Shama\OneDrive\Documents\Side_Projects\Side_Projects\IAPrecinctMap\data\2012\20121106__ia__general__black_hawk__precinct.csv,46
Black Hawk,CF W1 P1,,ambiguous,0.4,C:\Users\Shama\OneDrive\Documents\Side_Projects\Side_Projects\IAPrecinctMap\data\2012\20121106__ia__general__black_hawk__precinct.csv,57
Black Hawk,CF W1 P2,,ambiguous,0.4,C:\Users\Shama\OneDrive\Documents\Side_Projects\Side_Projects\IAPrecinctMap\data\2012\20121106__ia__general__black_hawk__precinct.csv,68
Black Hawk,CF W1 P3,,ambiguous,0.4,C:\Users\Shama\OneDrive\Documents\Side_Projects\Side_Projects\IAPrecinctMap\data\2012\20121106__ia__general__black_hawk__precinct.csv,79
Black Hawk,CF W2 P1,,ambiguous,0.4,C:\Users\Shama\OneDrive\Documents\Side_Projects\Side_Projects\IAPrecinctMap\data\2012\20121106__ia__general__black_hawk__precinct.csv,90
Black Hawk,CF W2 P2 & CF Twp,,ambiguous,0.46511627906976744,C:\Users\Shama\OneDrive\Documents\Side_Projects\Side_Projects\IAPrecinctMap\data\2012\20121106__ia__general__black_hawk__precinct.csv,101
Black Hawk,CF W2 P3,,ambiguous,0.4,C:\Users\Shama\OneDrive\Documents\Side_Projects\Side_Projects\IAPrecinctMap\data\2012\20121106__ia__general__black_hawk__precinct.csv,112
Black Hawk,CF W3 P1,,ambiguous,0.4,C:\Users\Shama\OneDrive\Documents\Side_Projects\Side_Projects\IAPrecinctMap\data\2012\20121106__ia__general__black_hawk__precinct.csv,123
Black Hawk,CF W3 P2,,ambiguous,0.4,C:\Users\Shama\OneDrive\Documents\Side_Projects\Side_Projects\IAPrecinctMap\data\2012\20121106__ia__general__black_hawk__precinct.csv,134
Black Hawk,CF W3 P3,,ambiguous,0.4,C:\Users\Shama\OneDrive\Documents\Side_Projects\Side_Projects\IAPrecinctMap\data\2012\20121106__ia__general__black_hawk__precinct.csv,145
Black Hawk,CF W4 P1,,ambiguous,0.4,C:\Users\Shama\OneDrive\Documents\Side_Projects\Side_Projects\IAPrecinctMap\data\2012\20121106__ia__general__black_hawk__precinct.csv,156
Black Hawk,CF W4 P2,,ambiguous,0.4,C:\Users\Shama\OneDrive\Documents\Side_Projects\Side_Projects\IAPrecinctMap\data\2012\20121106__ia__general__black_hawk__precinct.csv,167
Black Hawk,CF W4 P3,,ambiguous,0.4,C:\Users\Shama\OneDrive\Documents\Side_Projects\Side_Projects\IAPrecinctMap\data\2012\20121106__ia__general__black_hawk__precinct.csv,178
Black Hawk,CF W5 P1,,ambiguous,0.4,C:\Users\Shama\OneDrive\Documents\Side_Projects\Side_Projects\IAPrecinctMap\data\2012\20121106__ia__general__black_hawk__precinct.csv,189
Black Hawk,CF W5 P2,,ambiguous,0.4,C:\Users\Shama\OneDrive\Documents\Side_Projects\Side_Projects\IAPrecinctMap\data\2012\20121106__ia__general__black_hawk__precinct.csv,200
Black Hawk,CF W5 P3,,ambiguous,0.4,C:\Users\Shama\OneDrive\Documents\Side_Projects\Side_Projects\IAPrecinctMap\data\2012\20121106__ia__general__black_hawk__precinct.csv,211
Black Hawk,Eagle,,ambiguous,0.2857142857142857,C:\Users\Shama\OneDrive\Documents\Side_Projects\Side_Projects\IAPrecinctMap\data\2012\20121106__ia__general__black_hawk__precinct.csv,222
Black Hawk,Elk Run Heights & Raymond,,ambiguous,0.3793103448275862,C:\Users\Shama\OneDrive\Documents\Side_Projects\Side_Projects\IAPrecinctMap\data\2012\20121106__ia__general__black_hawk__precinct.csv,233
Black Hawk,Evansdale W1,,ambiguous,0.42857142857142855,C:\Users\Shama\OneDrive\Documents\Side_Projects\Side_Projects\IAPrecinctMap\data\2012\20121106__ia__general__black_hawk__precinct.csv,244
Black Hawk,Evansdale W2,,ambiguous,0.42857142857142855,C:\Users\Shama\OneDrive\Documents\Side_Projects\Side_Projects\IAPrecinctMap\data\2012\20121106__ia__general__black_hawk__precinct.csv,255
Black Hawk,Evansdale W3,,ambiguous,0.42857142857142855,C:\Users\Shama\OneDrive\Documents\Side_Projects\Side_Projects\IAPrecinctMap\data\2012\20121106__ia__general__black_hawk__precinct.csv,266
Black Hawk,Evansdale W4,,ambiguous,0.42857142857142855,C:\Users\Shama\OneDrive\Documents\Side_Projects\Side_Projects\IAPrecinctMap\data\2012\20121106__ia__general__black_hawk__precinct.csv,277
Black Hawk,Mt Vernon,,ambiguous,0.5,C:\Users\Shama\OneDrive\Documents\Side_Projects\Side_Projects\IAPrecinctMap\data\2012\20121106__ia__general__black_hawk__precinct.csv,288
Black Hawk,Poyner P1 & East Wloo,,ambiguous,0.4,C:\Users\Shama\OneDrive\Documents\Side_Projects\Side_Projects\IAPrecinctMap\data\2012\20121106__ia__general__black_hawk__precinct.csv,299
Black Hawk,Poyner P2 Fox Gilbert Jesup,,ambiguous,0.3448275862068966,C:\Users\Shama\OneDrive\Documents\Side_Projects\Side_Projects\IAPrecinctMap\data\2012\20121106__ia__general__black_hawk__precinct.csv,310
Black Hawk,Spring Creek,,ambiguous,0.3333333333333333,C:\Users\Shama\OneDrive\Documents\Side_Projects\Side_Projects\IAPrecinctMap\data\2012\20121106__ia__general__black_hawk__precinct.csv,321
Black Hawk,Union,,ambiguous,0.7142857142857143,C:\Users\Shama\OneDrive\Documents\Side_Projects\Side_Projects\IAPrecinctMap\data\2012\20121106__ia__general__black_hawk__precinct.csv,332
Black Hawk,Washington Janesville,,ambiguous,0.5106382978723404,C:\Users\Shama\OneDrive\Documents\Side_Projects\Side_Projects\IAPrecinctMap\data\2012\20121106__ia__general__black_hawk__precinct.csv,343
Black Hawk,WL 1-1,,ambiguous,0.3333333333333333,C:\Users\Shama\OneDrive\Documents\Side_Projects\Side_Projects\IAPrecinctMap\data\2012\20121106__ia__general__black_hawk__precinct.csv,354
Black Hawk,WL 1-2,,ambiguous,0.3333333333333333,C:\Users\Shama\OneDrive\Documents\Side_Projects\Side_Projects\IAPrecinctMap\data\2012\20121106__ia__general__black_hawk__precinct.csv,365
Black Hawk,WL 1-3,,ambiguous,0.3333333333333333,C:\Users\Shama\OneDrive\Documents\Side_Projects\Side_Projects\IAPrecinctMap\data\2012\20121106__ia__general__black_hawk__precinct.csv,376
Black Hawk,WL 1-4,,ambiguous,0.3333333333333333,C:\Users\Shama\OneDrive\Documents\Side_Projects\Side_Projects\IAPrecinctMap\data\2012\20121106__ia__general__black_hawk__precinct.csv,387
Black Hawk,WL 1-5,,ambiguous,0.3333333333333333,C:\Users\Shama\OneDrive\Documents\Side_Projects\Side_Projects\IAPrecinctMap\data\2012\20121106__ia__general__black_hawk__precinct.csv,398
Black Hawk,WL 1-6,,ambiguous,0.3333333333333333,C:\Users\Shama\OneDrive\Documents\Side_Projects\Side_Projects\IAPrecinctMap\data\2012\20121106__ia__general__black_hawk__precinct.csv,409
Black Hawk,WL 2-1,,ambiguous,0.3333333333333333,C:\Users\Shama\OneDrive\Documents\Side_Projects\Side_Projects\IAPrecinctMap\data\2012\20121106__ia__general__black_hawk__precinct.csv,420
Black Hawk,WL 2-2,,ambiguous,0.3333333333333333,C:\Users\Shama\OneDrive\Documents\Side_Projects\Side_Projects\IAPrecinctMap\data\2012\20121106__ia__general__black_hawk__precinct.csv,431
Black Hawk,WL 2-3,,ambiguous,0.3333333333333333,C:\Users\Shama\OneDrive\Documents\Side_Projects\Side_Projects\IAPrecinctMap\data\2012\20121106__ia__general__black_hawk__precinct.csv,442
Black Hawk,WL 2-4,,ambiguous,0.3333333333333333,C:\Users\Shama\OneDrive\Documents\Side_Projects\Side_Projects\IAPrecinctMap\data\2012\20121106__ia__general__black_hawk__precinct.csv,453
Black Hawk,WL 2-5,,ambiguous,0.3333333333333333,C:\Users\Shama\OneDrive\Documents\Side_Projects\Side_Projects\IAPrecinctMap\data\2012\20121106__ia__general__black_hawk__precinct.csv,464
Black Hawk,WL 2-6,,ambiguous,0.3333333333333333,C:\Users\Shama\OneDrive\Documents\Side_Projects\Side_Projects\IAPrecinctMap\data\2012\20121106__ia__general__black_hawk__precinct.csv,475
Black Hawk,WL 3-1,,ambiguous,0.3333333333333333,C:\Users\Shama\OneDrive\Documents\Side_Projects\Side_Projects\IAPrecinctMap\data\2012\20121106__ia__general__black_hawk__precinct.csv,486
Black Hawk,WL 3-2,,ambiguous,0.3333333333333333,C:\Users\Shama\OneDrive\Documents\Side_Projects\Side_Projects\IAPrecinctMap\data\2012\20121106__ia__general__black_hawk__precinct.csv,497
Black Hawk,WL 3-3,,ambiguous,0.3333333333333333,C:\Users\Shama\OneDrive\Documents\Side_Projects\Side_Projects\IAPrecinctMap\data\2012\20121106__ia__general__black_hawk__precinct.csv,508
Black Hawk,WL 3-4,,ambiguous,0.3333333333333333,C:\Users\Shama\OneDrive\Documents\Side_Projects\Side_Projects\IAPrecinctMap\data\2012\20121106__ia__general__black_hawk__precinct.csv,519
Black Hawk,WL 3-5,,ambiguous,0.3333333333333333,C:\Users\Shama\OneDrive\Documents\Side_Projects\Side_Projects\IAPrecinctMap\data\2012\20121106__ia__general__black_hawk__precinct.csv,530
Black Hawk,WL 3-6,,ambiguous,0.3333333333333333,C:\Users\Shama\OneDrive\Documents\Side_Projects\Side_Projects\IAPrecinctMap\data\2012\20121106__ia__general__black_hawk__precinct.csv,541
Black Hawk,WL 4-1,,ambiguous,0.3333333333333333,C:\Users\Shama\OneDrive\Documents\Side_Projects\Side_Projects\IAPrecinctMap\data\2012\20121106__ia__general__black_hawk__precinct.csv,552
Black Hawk,WL 4-2,,ambiguous,0.3333333333333333,C:\Users\Shama\OneDrive\Documents\Side_Projects\Side_Projects\IAPrecinctMap\data\2012\20121106__ia__general__black_hawk__precinct.csv,563
Black Hawk,WL 4-3,,ambiguous,0.3333333333333333,C:\Users\Shama\OneDrive\Documents\Side_Projects\Side_Projects\IAPrecinctMap\data\2012\20121106__ia__general__black_hawk__precinct.csv,574
Black Hawk,WL 4-4,,ambiguous,0.3333333333333333,C:\Users\Shama\OneDrive\Documents\Side_Projects\Side_Projects\IAPrecinctMap\data\2012\20121106__ia__general__black_hawk__precinct.csv,585
Black Hawk,WL 4-5,,ambiguous,0.3333333333333333,C:\Users\Shama\OneDrive\Documents\Side_Projects\Side_Projects\IAPrecinctMap\data\2012\20121106__ia__general__black_hawk__precinct.csv,596
Black Hawk,WL 4-6,,ambiguous,0.3333333333333333,C:\Users\Shama\OneDrive\Documents\Side_Projects\Side_Projects\IAPrecinctMap\data\2012\20121106__ia__general__black_hawk__precinct.csv,607
Black Hawk,WL 5-1,,ambiguous,0.3333333333333333,C:\Users\Shama\OneDrive\Documents\Side_Projects\Side_Projects\IAPrecinctMap\data\2012\20121106__ia__general__black_hawk__precinct.csv,618
Black Hawk,WL 5-2,,ambiguous,0.3333333333333333,C:\Users\Shama\OneDrive\Documents\Side_Projects\Side_Projects\IAPrecinctMap\data\2012\20121106__ia__general__black_hawk__precinct.csv,629
Black Hawk,WL 5-3,,ambiguous,0.3333333333333333,C:\Users\Shama\OneDrive\Documents\Side_Projects\Side_Projects\IAPrecinctMap\data\2012\20121106__ia__general__black_hawk__precinct.csv,640
Black Hawk,WL 5-4,,ambiguous,0.3333333333333333,C:\Users\Shama\OneDrive\Documents\Side_Projects\Side_Projects\IAPrecinctMap\data\2012\20121106__ia__general__black_hawk__precinct.csv,651
Black Hawk,WL 5-5,,ambiguous,0.3333333333333333,C:\Users\Shama\OneDrive\Documents\Side_Projects\Side_Projects\IAPrecinctMap\data\2012\20121106__ia__general__black_hawk__precinct.csv,662
Black Hawk,WL 5-6,,ambiguous,0.3333333333333333,C:\Users\Shama\OneDrive\Documents\Side_Projects\Side_Projects\IAPrecinctMap\data\2012\20121106__ia__general__black_hawk__precinct.csv,673
Boone,,,unmatched,0.0,C:\Users\Shama\OneDrive\Documents\Side_Projects\Side_Projects\IAPrecinctMap\data\2012\20121106__ia__general__boone__precinct.csv,167
Boone,Boone 1st Ward,,unmatched,0.0,C:\Users\Shama\OneDrive\Documents\Side_Projects\Side_Projects\IAPrecinctMap\data\2012\20121106__ia__general__boone__precinct.csv,2
Boone,Boone 2nd Ward,,unmatched,0.0,C:\Users\Shama\OneDrive\Documents\Side_Projects\Side_Projects\IAPrecinctMap\data\2012\20121106__ia__general__boone__precinct.csv,13
Boone,Boone 3rd Ward,,unmatched,0.0,C:\Users\Shama\OneDrive\Documents\Side_Projects\Side_Projects\IAPrecinctMap\data\2012\20121106__ia__general__boone__precinct.csv,24
Boone,Boone 4th Ward & DSM Twsp,,unmatched,0.0,C:\Users\Shama\OneDrive\Documents\Side_Projects\Side_Projects\IAPrecinctMap\data\2012\20121106__ia__general__boone__precinct.csv,35
Boone,Boone 5th Ward,,unmatched,0.0,C:\Users\Shama\OneDrive\Documents\Side_Projects\Side_Projects\IAPrecinctMap\data\2012\20121106__ia__general__boone__precinct.csv,46
Boone,Madrid 1st Ward,,unmatched,0.0,C:\Users\Shama\OneDrive\Documents\Side_Projects\Side_Projects\IAPrecinctMap\data\2012\20121106__ia__general__boone__precinct.csv,57
Boone,Madrid 2nd Ward,,unmatched,0.0,C:\Users\Shama\OneDrive\Documents\Side_Projects\Side_Projects\IAPrecinctMap\data\2012\20121106__ia__general__boone__precinct.csv,68
Boone,Madrid 3rd Ward,,unmatched,0.0,C:\Users\Shama\OneDrive\Documents\Side_Projects\Side_Projects\IAPrecinctMap\data\2012\20121106__ia__general__boone__precinct.csv,79
Boone,Ogden,,unmatched,0.0,C:\Users\Shama\OneDrive\Documents\Side_Projects\Side_Projects\IAPrecinctMap\data\2012\20121106__ia__general__boone__precinct.csv,90
Boone,Rural Precinct 1,,unmatched,0.0,C:\Users\Shama\OneDrive\Documents\Side_Projects\Side_Projects\IAPrecinctMap\data\2012\20121106__ia__general__boone__precinct.csv,101
Boone,Rural Precinct 2,,unmatched,0.0,C:\Users\Shama\OneDrive\Documents\Side_Projects\Side_Projects\IAPrecinctMap\data\2012\20121106__ia__general__boone__precinct.csv,112
Boone,Rural Precinct 3,,unmatched,0.0,C:\Users\Shama\OneDrive\Documents\Side_Projects\Side_Projects\IAPrecinctMap\data\2012\20121106__ia__general__boone__precinct.csv,123
Boone,Rural Precinct 4,,unmatched,0.0,C:\Users\Shama\OneDrive\Documents\Side_Projects\Side_Projects\IAPrecinctMap\data\2012\20121106__ia__general__boone__precinct.csv,134
Boone,Rural Precinct 5,,unmatched,0.0,C:\Users\Shama\OneDrive\Documents\Side_Projects\Side_Projects\IAPrecinctMap\data\2012\20121106__ia__general__boone__precinct.csv,145
Boone,Rural Precinct 6,,unmatched,0.0,C:\Users\Shama\OneDrive\Documents\Side_Projects\Side_Projects\IAPrecinctMap\data\2012\20121106__ia__general__boone__precinct.csv,156
Bremer,,,unmatched,0.0,C:\Users\Shama\OneDrive\Documents\Side_Projects\Side_Projects\IAPrecinctMap\data\2012\20121106__ia__general__bremer__precinct.csv,145
Bremer,CITY OF DENVER/JEFFERSON TWP,,ambiguous,0.46153846153846156,C:\Users\Shama\OneDrive\Documents\Side_Projects\Side_Projects\IAPrecinctMap\data\2012\20121106__ia__general__bremer__precinct.csv,2
Bremer,"CITY OF FREDERIKA, FREDERIKA &",,ambiguous,0.3076923076923077,C:\Users\Shama\OneDrive\Documents\Side_Projects\Side_Projects\IAPrecinctMap\data\2012\20121106__ia__general__bremer__precinct.csv,13
Bremer,CITY OF JANESVILLE/JACKSON TWP,,ambiguous,0.47619047619047616,C:\Users\Shama\OneDrive\Documents\Side_Projects\Side_Projects\IAPrecinctMap\data\2012\20121106__ia__general__bremer__precinct.csv,24
Bremer,CITY OF PLAINFIELD/POLK TWP/DOUGLAS,,ambiguous,0.4745762711864407,C:\Users\Shama\OneDrive\Documents\Side_Projects\Side_Projects\IAPrecinctMap\data\2012\20121106__ia__general__bremer__precinct.csv,35
Bremer,"CITY OF READLYN, MAXFIELD &",,ambiguous,0.38461538461538464,C:\Users\Shama\OneDrive\Documents\Side_Projects\Side_Projects\IAPrecinctMap\data\2012\20121106__ia__general__bremer__precinct.csv,46
Bremer,CITY OF SUMNER/SUMNER TWP/DAYTON,,ambiguous,0.4528301886792453,C:\Users\Shama\OneDrive\Documents\Side_Projects\Side_Projects\IAPrecinctMap\data\2012\20121106__ia__general__bremer__precinct.csv,57
Bremer,CITY OF TRIPOLI/FREMONT,,ambiguous,0.36363636363636365,C:\Users\Shama\OneDrive\Documents\Side_Projects\Side_Projects\IAPrecinctMap\data\2012\20121106__ia__general__bremer__precinct.csv,68
Bremer,LAFAYETTE TWP/WARREN TWPS,,ambiguous,0.4444444444444444,C:\Users\Shama\OneDrive\Documents\Side_Projects\Side_Projects\IAPrecinctMap\data\2012\20121106__ia__general__bremer__precinct.csv,79
Bremer,WAVERLY WARD I/E WASHINGTON,,ambiguous,0.29411764705882354,C:\Users\Shama\OneDrive\Documents\Side_Projects\Side_Projects\IAPrecinctMap\data\2012\20121106__ia__general__bremer__precinct.csv,90
Bremer,WAVERLY WARD II/NE 1/4 SEC 36 WASHINGTON,,ambiguous,0.22950819672131148,C:\Users\Shama\OneDrive\Documents\Side_Projects\Side_Projects\IAPrecinctMap\data\2012\20121106__ia__general__bremer__precinct.csv,101
Bremer,WAVERLY WARD III,,ambiguous,0.4,C:\Users\Shama\OneDrive\Documents\Side_Projects\Side_Projects\IAPrecinctMap\data\2012\20121106__ia__general__bremer__precinct.csv,112
Bremer,WAVERLY WARD IV,,ambiguous,0.4166666666666667,C:\Users\Shama\OneDrive\Documents\Side_Projects\Side_Projects\IAPrecinctMap\data\2012\20121106__ia__general__bremer__precinct.csv,123
Bremer,WAVERLY WARD V/W WASHINGTON,,ambiguous,0.47058823529411764,C:\Users\Shama\OneDrive\Documents\Side_Projects\Side_Projects\IAPrecinctMap\data\2012\20121106__ia__general__bremer__precinct.csv,134
Buchanan,,,unmatched,0.0,C:\Users\Shama\OneDrive\Documents\Side_Projects\Side_Projects\IAPrecinctMap\data\2012\20121106__ia__general__buchanan__precinct.csv,167
Buchanan,Aurora,,unmatched,0.0,C:\Users\Shama\OneDrive\Documents\Side_Projects\Side_Projects\IAPrecinctMap\data\2012\20121106__ia__general__buchanan__precinct.csv,2
Buchanan,Brandon,,unmatched,0.0,C:\Users\Shama\OneDrive\Documents\Side_Projects\Side_Projects\IAPrecinctMap\data\2012\20121106__ia__general__buchanan__precinct.csv,13
Buchanan,Fairbank,,unmatched,0.0,C:\Users\Shama\OneDrive\Documents\Side_Projects\Side_Projects\IAPrecinctMap\data\2012\20121106__ia__general__buchanan__precinct.csv,24
Buchanan,Hazleton,,unmatched,0.0,C:\Users\Shama\OneDrive\Documents\Side_Projects\Side_Projects\IAPrecinctMap\data\2012\20121106__ia__general__buchanan__precinct.csv,35
Buchanan,Independence 1st Ward,,unmatched,0.0,C:\Users\Shama\OneDrive\Documents\Side_Projects\Side_Projects\IAPrecinctMap\data\2012\20121106__ia__general__buchanan__precinct.csv,46
Buchanan,Independence 2nd Ward,,unmatched,0.0,C:\Users\Shama\OneDrive\Documents\Side_Projects\Side_Projects\IAPrecinctMap\data\2012\20121106__ia__general__buchanan__precinct.csv,57
Buchanan,Independence 3rd Ward,,unmatched,0.0,C:\Users\Shama\OneDrive\Documents\Side_Projects\Side_Projects\IAPrecinctMap\data\2012\20121106__ia__general__buchanan__precinct.csv,68
Buchanan,Independence 4th Ward,,unmatched,0.0,C:\Users\Shama\OneDrive\Documents\Side_Projects\Side_Projects\IAPrecinctMap\data\2012\20121106__ia__general__buchanan__precinct.csv,79
Buchanan,Independence 5th Ward,,unmatched,0.0,C:\Users\Shama\OneDrive\Documents\Side_Projects\Side_Projects\IAPrecinctMap\data\2012\20121106__ia__general__buchanan__precinct.csv,90
Buchanan,Jesup,,unmatched,0.0,C:\Users\Shama\OneDrive\Documents\Side_Projects\Side_Projects\IAPrecinctMap\data\2012\20121106__ia__general__buchanan__precinct.csv,101
Buchanan,Middlefield-Newton,,unmatched,0.0,C:\Users\Shama\OneDrive\Documents\Side_Projects\Side_Projects\IAPrecinctMap\data\2012\20121106__ia__general__buchanan__precinct.csv,112
Buchanan,Perry-Westburg,,unmatched,0.0,C:\Users\Shama\OneDrive\Documents\Side_Projects\Side_Projects\IAPrecinctMap\data\2012\20121106__ia__general__buchanan__precinct.csv,123
Buchanan,Quasqueton,,unmatched,0.0,C:\Users\Shama\OneDrive\Documents\Side_Projects\Side_Projects\IAPrecinctMap\data\2012\20121106__ia__general__buchanan__precinct.csv,134
Buchanan,Rowley,,unmatched,0.0,C:\Users\Shama\OneDrive\Documents\Side_Projects\Side_Projects\IAPrecinctMap\data\2012\20121106__ia__general__buchanan__precinct.csv,145
Buchanan,Winthrop,,unmatched,0.0,C:\Users\Shama\OneDrive\Documents\Side_Projects\Side_Projects\IAPrecinctMap\data\2012\20121106__ia__general__buchanan__precinct.csv,156
Buena Vista,,,unmatched,0.0,C:\Users\Shama\OneDrive\Documents\Side_Projects\Side_Projects\IAPrecinctMap\data\2012\20121106__ia__general__buena_vista__precinct.csv,112
Buena Vista,Albert City-Fairfield-Coo,,ambiguous,0.3783783783783784,C:\Users\Shama\OneDrive\Documents\Side_Projects\Side_Projects\IAPrecinctMap\data\2012\20121106__ia__general__buena_vista__precinct.csv,2
Buena Vista,Alta-Nokomis-Elk,,ambiguous,0.3076923076923077,C:\Users\Shama\OneDrive\Documents\Side_Projects\Side_Projects\IAPrecinctMap\data\2012\20121106__ia__general__buena_vista__precinct.csv,13
Buena Vista,Lakeside-Hayes-Maple Vall,,ambiguous,0.3333333333333333,C:\Users\Shama\OneDrive\Documents\Side_Projects\Side_Projects\IAPrecinctMap\data\2012\20121106__ia__general__buena_vista__precinct.csv,24
Buena Vista,Newell-Newell-Providence,,ambiguous,0.3333333333333333,C:\Users\Shama\OneDrive\Documents\Side_Projects\Side_Projects\IAPrecinctMap\data\2012\20121106__ia__general__buena_vista__precinct.csv,35
Buena Vista,SMLR-BA-BR-LE-LN-PO-SC,,ambiguous,0.37209302325581395,C:\Users\Shama\OneDrive\Documents\Side_Projects\Side_Projects\IAPrecinctMap\data\2012\20121106__ia__general__buena_vista__precinct.csv,46
Buena Vista,Storm Lake 01-Hayes,,ambiguous,0.3870967741935484,C:\Users\Shama\OneDrive\Documents\Side_Projects\Side_Projects\IAPrecinctMap\data\2012\20121106__ia__general__buena_vista__precinct.csv,57
Buena Vista,Storm Lake 02,,ambiguous,0.48,C:\Users\Shama\OneDrive\Documents\Side_Projects\Side_Projects\IAPrecinctMap\data\2012\20121106__ia__general__buena_vista__precinct.csv,68
Buena Vista,Storm Lake 03,,ambiguous,0.48,C:\Users\Shama\OneDrive\Documents\Side_Projects\Side_Projects\IAPrecinctMap\data\2012\20121106__ia__general__buena_vista__precinct.csv,79
Buena Vista,Storm Lake 04,,ambiguous,0.48,C:\Users\Shama\OneDrive\Documents\Side_Projects\Side_Projects\IAPrecinctMap\data\2012\20121106__ia__general__buena_vista__precinct.csv,90
Buena Vista,Truesdale-Washington-Gran,,ambiguous,0.4090909090909091,C:\Users\Shama\OneDrive\Documents\Side_Projects\Side_Projects\IAPrecinctMap\data\2012\20121106__ia__general__buena_vista__precinct.csv,101
Butler,,,unmatched,0.0,C:\Users\Shama\OneDrive\Documents\Side_Projects\Side_Projects\IAPrecinctMap\data\2012\20121106__ia__general__butler__precinct.csv,90
Butler,1-GR,,unmatched,0.0,C:\Users\Shama\OneDrive\Documents\Side_Projects\Side_Projects\IAPrecinctMap\data\2012\20121106__ia__general__butler__precinct.csv,2
Butler,2-CL,,unmatched,0.0,C:\Users\Shama\OneDrive\Documents\Side_Projects\Side_Projects\IAPrecinctMap\data\2012\20121106__ia__general__butler__precinct.csv,13
Butler,3-DU,,unmatched,0.0,C:\Users\Shama\OneDrive\Documents\Side_Projects\Side_Projects\IAPrecinctMap\data\2012\20121106__ia__general__butler__precinct.csv,24
Butler,4-AL,,unmatched,0.0,C:\Users\Shama\OneDrive\Documents\Side_Projects\Side_Projects\IAPrecinctMap\data\2012\20121106__ia__general__butler__precinct.csv,35
Butler,5-AP,,unmatched,0.0,C:\Users\Shama\OneDrive\Documents\Side_Projects\Side_Projects\IAPrecinctMap\data\2012\20121106__ia__general__butler__precinct.csv,46
Butler,6-SR,,unmatched,0.0,C:\Users\Shama\OneDrive\Documents\Side_Projects\Side_Projects\IAPrecinctMap\data\2012\20121106__ia__general__butler__precinct.csv,57
Butler,7-PB,,unmatched,0.0,C:\Users\Shama\OneDrive\Documents\Side_Projects\Side_Projects\IAPrecinctMap\data\2012\20121106__ia__general__butler__precinct.csv,68
Butler,8-NH,,unmatched,0.0,C:\Users\Shama\OneDrive\Documents\Side_Projects\Side_Projects\IAPrecinctMap\data\2012\20121106__ia__general__butler__precinct.csv,79
Calhoun,,,unmatched,0.0,C:\Users\Shama\OneDrive\Documents\Side_Projects\Side_Projects\IAPrecinctMap\data\2012\20121106__ia__general__calhoun__precinct.csv,112
Calhoun,"Butler, Williams",,ambiguous,0.4,C:\Users\Shama\OneDrive\Documents\Side_Projects\Side_Projects\IAPrecinctMap\data\2012\20121106__ia__general__calhoun__precinct.csv,2
Calhoun,"Calh, Jackson, EG, Lake C",,ambiguous,0.41509433962264153,C:\Users\Shama\OneDrive\Documents\Side_Projects\Side_Projects\IAPrecinctMap\data\2012\20121106__ia__general__calhoun__precinct.csv,13
Calhoun,Cedar,,ambiguous,0.7142857142857143,C:\Users\Shama\OneDrive\Documents\Side_Projects\Side_Projects\IAPrecinctMap\data\2012\20121106__ia__general__calhoun__precinct.csv,24
Calhoun,"Center, Logan, TL, GA, La",,ambiguous,0.43243243243243246,C:\Users\Shama\OneDrive\Documents\Side_Projects\Side_Projects\IAPrecinctMap\data\2012\20121106__ia__general__calhoun__precinct.csv,35
Calhoun,"Greenfield, Lincoln 2",,ambiguous,0.5161290322580645,C:\Users\Shama\OneDrive\Documents\Side_Projects\Side_Projects\IAPrecinctMap\data\2012\20121106__ia__general__calhoun__precinct.csv,46
Calhoun,Lincoln 1,,ambiguous,0.8,C:\Users\Shama\OneDrive\Documents\Side_Projects\Side_Projects\IAPrecinctMap\data\2012\20121106__ia__general__calhoun__precinct.csv,57
Calhoun,Reading,,ambiguous,0.47058823529411764,C:\Users\Shama\OneDrive\Documents\Side_Projects\Side_Projects\IAPrecinctMap\data\2012\20121106__ia__general__calhoun__precinct.csv,68
Calhoun,Rockwell City,,ambiguous,0.358974358974359,C:\Users\Shama\OneDrive\Documents\Side_Projects\Side_Projects\IAPrecinctMap\data\2012\20121106__ia__general__calhoun__precinct.csv,79
Calhoun,Sherman,,ambiguous,0.42857142857142855,C:\Users\Shama\OneDrive\Documents\Side_Projects\Side_Projects\IAPrecinctMap\data\2012\20121106__ia__general__calhoun__precinct.csv,90
Calhoun,Union,,ambiguous,0.7142857142857143,C:\Users\Shama\OneDrive\Documents\Side_Projects\Side_Projects\IAPrecinctMap\data\2012\20121106__ia__general__calhoun__precinct.csv,101
Carroll,,,unmatched,0.0,C:\Users\Shama\OneDrive\Documents\Side_Projects\Side_Projects\IAPrecinctMap\data\2012\20121106__ia__general__carroll__precinct.csv,145
Carroll,Arcadia Precinct,,unmatched,0.0,C:\Users\Shama\OneDrive\Documents\Side_Projects\Side_Projects\IAPrecinctMap\data\2012\20121106__ia__general__carroll__precinct.csv,2
Carroll,Carroll Ward 2 / N1/2 Maple River,,unmatched,0.0,C:\Users\Shama\OneDrive\Documents\Side_Projects\Side_Projects\IAPrecinctMap\data\2012\20121106__ia__general__carroll__precinct.csv,13
Carroll,Carroll Ward 3 / S1/2 Maple River,,unmatched,0.0,C:\Users\Shama\OneDrive\Documents\Side_Projects\Side_Projects\IAPrecinctMap\data\2012\20121106__ia__general__carroll__precinct.csv,24
Carroll,Carroll Ward Four,,unmatched,0.0,C:\Users\Shama\OneDrive\Documents\Side_Projects\Side_Projects\IAPrecinctMap\data\2012\20121106__ia__general__carroll__precinct.csv,35
Carroll,Carroll Ward One,,unmatched,0.0,C:\Users\Shama\OneDrive\Documents\Side_Projects\Side_Projects\IAPrecinctMap\data\2012\20121106__ia__general__carroll__precinct.csv,46
Carroll,Eden Precinct,,unmatched,0.0,C:\Users\Shama\OneDrive\Documents\Side_Projects\Side_Projects\IAPrecinctMap\data\2012\20121106__ia__general__carroll__precinct.csv,57
Carroll,Ewoldt Precinct,,unmatched,0.0,C:\Users\Shama\OneDrive\Documents\Side_Projects\Side_Projects\IAPrecinctMap\data\2012\20121106__ia__general__carroll__precinct.csv,68
Carroll,Glidden-Richland Precinct,,unmatched,0.0,C:\Users\Shama\OneDrive\Documents\Side_Projects\Side_Projects\IAPrecinctMap\data\2012\20121106__ia__general__carroll__precinct.csv,79
Carroll,Pleasant Valley - Newton Precinct,,unmatched,0.0,C:\Users\Shama\OneDrive\Documents\Side_Projects\Side_Projects\IAPrecinctMap\data\2012\20121106__ia__general__carroll__precinct.csv,90
Carroll,Sheridan-Grant-Jasper Precinct,,unmatched,0.0,C:\Users\Shama\OneDrive\Documents\Side_Projects\Side_Projects\IAPrecinctMap\data\2012\20121106__ia__general__carroll__precinct.csv,101
Carroll,Union Precinct,,unmatched,0.0,C:\Users\Shama\OneDrive\Documents\Side_Projects\Side_Projects\IAPrecinctMap\data\2012\20121106__ia__general__carroll__precinct.csv,112
Carroll,Washington-Roselle Precinct,,unmatched,0.0,C:\Users\Shama\OneDrive\Documents\Side_Projects\Side_Projects\IAPrecinctMap\data\2012\20121106__ia__general__carroll__precinct.csv,123
Carroll,Wheatland-Kniest Precinct,,unmatched,0.0,C:\Users\Shama\OneDrive\Documents\Side_Projects\Side_Projects\IAPrecinctMap\data\2012\20121106__ia__general__carroll__precinct.csv,134
Cass,,,unmatched,0.0,C:\Users\Shama\OneDrive\Documents\Side_Projects\Side_Projects\IAPrecinctMap\data\2012\20121106__ia__general__cass__precinct.csv,145
Cass,ATLANTIC 1,,ambiguous,0.42105263157894735,C:\Users\Shama\OneDrive\Documents\Side_Projects\Side_Projects\IAPrecinctMap\data\2012\20121106__ia__general__cass__precinct.csv,2
Cass,ATLANTIC 2,,ambiguous,0.42105263157894735,C:\Users\Shama\OneDrive\Documents\Side_Projects\Side_Projects\IAPrecinctMap\data\2012\20121106__ia__general__cass__precinct.csv,13
Cass,ATLANTIC 3,,ambiguous,0.42105263157894735,C:\Users\Shama\OneDrive\Documents\Side_Projects\Side_Projects\IAPrecinctMap\data\2012\20121106__ia__general__cass__precinct.csv,24
Cass,ATLANTIC 4,,ambiguous,0.42105263157894735,C:\Users\Shama\OneDrive\Documents\Side_Projects\Side_Projects\IAPrecinctMap\data\2012\20121106__ia__general__cass__precinct.csv,35
Cass,ATLANTIC 5,,ambiguous,0.42105263157894735,C:\Users\Shama\OneDrive\Documents\Side_Projects\Side_Projects\IAPrecinctMap\data\2012\20121106__ia__general__cass__precinct.csv,46
Cass,BEAR GROVE-CASS TOWNSHIPS/CIT,,ambiguous,0.43243243243243246,C:\Users\Shama\OneDrive\Documents\Side_Projects\Side_Projects\IAPrecinctMap\data\2012\20121106__ia__general__cass__precinct.csv,57
Cass,BENTON TOWNSHIP,,ambiguous,0.5,C:\Users\Shama\OneDrive\Documents\Side_Projects\Side_Projects\IAPrecinctMap\data\2012\20121106__ia__general__cass__precinct.csv,68
Cass,"BRIGHTON, GROVE, PYMOSA, WASHINGTON",,ambiguous,0.3389830508474576,C:\Users\Shama\OneDrive\Documents\Side_Projects\Side_Projects\IAPrecinctMap\data\2012\20121106__ia__general__cass__precinct.csv,79
Cass,EDNA TOWNSHIP,,ambiguous,0.47619047619047616,C:\Users\Shama\OneDrive\Documents\Side_Projects\Side_Projects\IAPrecinctMap\data\2012\20121106__ia__general__cass__precinct.csv,90
Cass,"GRANT, LINCOLN TOWNSHIP/ANITA",,ambiguous,0.4864864864864865,C:\Users\Shama\OneDrive\Documents\Side_Projects\Side_Projects\IAPrecinctMap\data\2012\20121106__ia__general__cass__precinct.csv,101
Cass,MASSENA TOWNSHIP/MASSENA CITY,,ambiguous,0.4,C:\Users\Shama\OneDrive\Documents\Side_Projects\Side_Projects\IAPrecinctMap\data\2012\20121106__ia__general__cass__precinct.csv,112
Cass,"NOBLE, PLEASANT TOWNSHIP/GRIS",,ambiguous,0.46153846153846156,C:\Users\Shama\OneDrive\Documents\Side_Projects\Side_Projects\IAPrecinctMap\data\2012\20121106__ia__general__cass__precinct.csv,123
Cass,UNION TOWNSHIP,,ambiguous,0.5384615384615384,C:\Users\Shama\OneDrive\Documents\Side_Projects\Side_Projects\IAPrecinctMap\data\2012\20121106__ia__general__cass__precinct.csv,134
Cedar,,,unmatched,0.0,C:\Users\Shama\OneDrive\Documents\Side_Projects\Side_Projects\IAPrecinctMap\data\2012\20121106__ia__general__cedar__precinct.csv,134
Cedar,CASS/CENTER/IOWA/ROCHESTER,,unmatched,0.0,C:\Users\Shama\OneDrive\Documents\Side_Projects\Side_Projects\IAPrecinctMap\data\2012\20121106__ia__general__cedar__precinct.csv,2
Cedar,DAYTON/FAIRFIELD,,unmatched,0.0,C:\Users\Shama\OneDrive\Documents\Side_Projects\Side_Projects\IAPrecinctMap\data\2012\20121106__ia__general__cedar__precinct.csv,13
Cedar,FARMINGTON/SUGAR CREEK,,unmatched,0.0,C:\Users\Shama\OneDrive\Documents\Side_Projects\Side_Projects\IAPrecinctMap\data\2012\20121106__ia__general__cedar__precinct.csv,24
Cedar,FREMONT/RED OAK,,unmatched,0.0,C:\Users\Shama\OneDrive\Documents\Side_Projects\Side_Projects\IAPrecinctMap\data\2012\20121106__ia__general__cedar__precinct.csv,35
Cedar,GOWER/SPRINGDALE,,unmatched,0.0,C:\Users\Shama\OneDrive\Documents\Side_Projects\Side_Projects\IAPrecinctMap\data\2012\20121106__ia__general__cedar__precinct.csv,46
Cedar,INLAND,,unmatched,0.0,C:\Users\Shama\OneDrive\Documents\Side_Projects\Side_Projects\IAPrecinctMap\data\2012\20121106__ia__general__cedar__precinct.csv,57
Cedar,LINN/PIONEER,,unmatched,0.0,C:\Users\Shama\OneDrive\Documents\Side_Projects\Side_Projects\IAPrecinctMap\data\2012\20121106__ia__general__cedar__precinct.csv,68
Cedar,MASSILLON/SPRINGFIELD,,unmatched,0.0,C:\Users\Shama\OneDrive\Documents\Side_Projects\Side_Projects\IAPrecinctMap\data\2012\20121106__ia__general__cedar__precinct.csv,79
Cedar,TIPTON 1,,unmatched,0.0,C:\Users\Shama\OneDrive\Documents\Side_Projects\Side_Projects\IAPrecinctMap\data\2012\20121106__ia__general__cedar__precinct.csv,90
Cedar,TIPTON 2,,unmatched,0.0,C:\Users\Shama\OneDrive\Documents\Side_Projects\Side_Projects\IAPrecinctMap\data\2012\20121106__ia__general__cedar__precinct.csv,101
Cedar,TIPTON 3,,unmatched,0.0,C:\Users\Shama\OneDrive\Documents\Side_Projects\Side_Projects\IAPrecinctMap\data\2012\20121106__ia__general__cedar__precinct.csv,112
Cedar,WEST BRANCH 1,,unmatched,0.0,C:\Users\Shama\OneDrive\Documents\Side_Projects\Side_Projects\IAPrecinctMap\data\2012\20121106__ia__general__cedar__precinct.csv,123
Cerro Gordo,,,unmatched,0.0,C:\Users\Shama\OneDrive\Documents\Side_Projects\Side_Projects\IAPrecinctMap\data\2012\20121106__ia__general__cerro_gordo__precinct.csv,288
Cerro Gordo,CL/Grant/Union Twp Pcts,,ambiguous,0.5238095238095238,C:\Users\Shama\OneDrive\Documents\Side_Projects\Side_Projects\IAPrecinctMap\data\2012\20121106__ia__general__cerro_gordo__precinct.csv,2
Cerro Gordo,Clear Lake Ward 1,,ambiguous,0.37037037037037035,C:\Users\Shama\OneDrive\Documents\Side_Projects\Side_Projects\IAPrecinctMap\data\2012\20121106__ia__general__cerro_gordo__precinct.csv,13
Cerro Gordo,Clear Lake Ward 2,,ambiguous,0.37037037037037035,C:\Users\Shama\OneDrive\Documents\Side_Projects\Side_Projects\IAPrecinctMap\data\2012\20121106__ia__general__cerro_gordo__precinct.csv,24
Cerro Gordo,Clear Lake Ward 3,,ambiguous,0.37037037037037035,C:\Users\Shama\OneDrive\Documents\Side_Projects\Side_Projects\IAPrecinctMap\data\2012\20121106__ia__general__cerro_gordo__precinct.csv,35
Cerro Gordo,Falls Twp - Plymouth Pct,,ambiguous,0.4864864864864865,C:\Users\Shama\OneDrive\Documents\Side_Projects\Side_Projects\IAPrecinctMap\data\2012\20121106__ia__general__cerro_gordo__precinct.csv,46
Cerro Gordo,Falls Twp - Rock Falls Pct,,ambiguous,0.5217391304347826,C:\Users\Shama\OneDrive\Documents\Side_Projects\Side_Projects\IAPrecinctMap\data\2012\20121106__ia__general__cerro_gordo__precinct.csv,57
Cerro Gordo,Geneseo Twp Pct,,ambiguous,0.5714285714285714,C:\Users\Shama\OneDrive\Documents\Side_Projects\Side_Projects\IAPrecinctMap\data\2012\20121106__ia__general__cerro_gordo__precinct.csv,68
Cerro Gordo,Grimes Twp - Meservey Pct,,ambiguous,0.46511627906976744,C:\Users\Shama\OneDrive\Documents\Side_Projects\Side_Projects\IAPrecinctMap\data\2012\20121106__ia__general__cerro_gordo__precinct.csv,79
Cerro Gordo,Grimes Twp - Thornton Pct,,ambiguous,0.42857142857142855,C:\Users\Shama\OneDrive\Documents\Side_Projects\Side_Projects\IAPrecinctMap\data\2012\20121106__ia__general__cerro_gordo__precinct.csv,90
Cerro Gordo,Lake/Lincoln Twps Pct,,ambiguous,0.6206896551724138,C:\Users\Shama\OneDrive\Documents\Side_Projects\Side_Projects\IAPrecinctMap\data\2012\20121106__ia__general__cerro_gordo__precinct.csv,101
Cerro Gordo,Lime Creek / Mason N Twps,,ambiguous,0.5454545454545454,C:\Users\Shama\OneDrive\Documents\Side_Projects\Side_Projects\IAPrecinctMap\data\2012\20121106__ia__general__cerro_gordo__precinct.csv,112
Cerro Gordo,Mason City W-1 P-1,,ambiguous,0.5,C:\Users\Shama\OneDrive\Documents\Side_Projects\Side_Projects\IAPrecinctMap\data\2012\20121106__ia__general__cerro_gordo__precinct.csv,123
Cerro Gordo,Mason City W-1 P-2,,ambiguous,0.5,C:\Users\Shama\OneDrive\Documents\Side_Projects\Side_Projects\IAPrecinctMap\data\2012\20121106__ia__general__cerro_gordo__precinct.csv,134
Cerro Gordo,Mason City W-1 P-3,,ambiguous,0.5,C:\Users\Shama\OneDrive\Documents\Side_Projects\Side_Projects\IAPrecinctMap\data\2012\20121106__ia__general__cerro_gordo__precinct.csv,145
Cerro Gordo,Mason City W-2 P-1,,ambiguous,0.5,C:\Users\Shama\OneDrive\Documents\Side_Projects\Side_Projects\IAPrecinctMap\data\2012\20121106__ia__general__cerro_gordo__precinct.csv,156
Cerro Gordo,Mason City W-2 P-2,,ambiguous,0.5,C:\Users\Shama\OneDrive\Documents\Side_Projects\Side_Projects\IAPrecinctMap\data\2012\20121106__ia__general__cerro_gordo__precinct.csv,167
Cerro Gordo,Mason City W-2 P-3,,ambiguous,0.5,C:\Users\Shama\OneDrive\Documents\Side_Projects\Side_Projects\IAPrecinctMap\data\2012\20121106__ia__general__cerro_gordo__precinct.csv,178
Cerro Gordo,Mason City W-3 P-1,,ambiguous,0.5,C:\Users\Shama\OneDrive\Documents\Side_Projects\Side_Projects\IAPrecinctMap\data\2012\20121106__ia__general__cerro_gordo__precinct.csv,189
Cerro Gordo,Mason City W-3 P-2,,ambiguous,0.5,C:\Users\Shama\OneDrive\Documents\Side_Projects\Side_Projects\IAPrecinctMap\data\2012\20121106__ia__general__cerro_gordo__precinct.csv,200
Cerro Gordo,Mason City W-3 P-3,,ambiguous,0.5,C:\Users\Shama\OneDrive\Documents\Side_Projects\Side_Projects\IAPrecinctMap\data\2012\20121106__ia__general__cerro_gordo__precinct.csv,211
Cerro Gordo,Mason City W-4 P-1,,ambiguous,0.5,C:\Users\Shama\OneDrive\Documents\Side_Projects\Side_Projects\IAPrecinctMap\data\2012\20121106__ia__general__cerro_gordo__precinct.csv,222
Cerro Gordo,Mason City W-4 P-2,,ambiguous,0.5,C:\Users\Shama\OneDrive\Documents\Side_Projects\Side_Projects\IAPrecinctMap\data\2012\20121106__ia__general__cerro_gordo__precinct.csv,233
Cerro Gordo,Mason City W-4 P-3,,ambiguous,0.5,C:\Users\Shama\OneDrive\Documents\Side_Projects\Side_Projects\IAPrecinctMap\data\2012\20121106__ia__general__cerro_gordo__precinct.csv,244
Cerro Gordo,Mason S / Bath Twps Pct,,ambiguous,0.5185185185185185,C:\Users\Shama\OneDrive\Documents\Side_Projects\Side_Projects\IAPrecinctMap\data\2012\20121106__ia__general__cerro_gordo__precinct.csv,255
Cerro Gordo,Mt Vernon / Pl Valley Twps Pc,,ambiguous,0.47619047619047616,C:\Users\Shama\OneDrive\Documents\Side_Projects\Side_Projects\IAPrecinctMap\data\2012\20121106__ia__general__cerro_gordo__precinct.csv,266
Cerro Gordo,Portland / Owen / Dtr Twps Pc,,ambiguous,0.43243243243243246,C:\Users\Shama\OneDrive\Documents\Side_Projects\Side_Projects\IAPrecinctMap\data\2012\20121106__ia__general__cerro_gordo__precinct.csv,277
Cherokee,,,unmatched,0.0,C:\Users\Shama\OneDrive\Documents\Side_Projects\Side_Projects\IAPrecinctMap\data\2012\20121106__ia__general__cherokee__precinct.csv,79
Cherokee,#1 Aurelia Precinct,,unmatched,0.0,C:\Users\Shama\OneDrive\Documents\Side_Projects\Side_Projects\IAPrecinctMap\data\2012\20121106__ia__general__cherokee__precinct.csv,2
Cherokee,#2 Cleghorn Precinct,,unmatched,0.0,C:\Users\Shama\OneDrive\Documents\Side_Projects\Side_Projects\IAPrecinctMap\data\2012\20121106__ia__general__cherokee__precinct.csv,13
Cherokee,#3 Quimby Precinct,,unmatched,0.0,C:\Users\Shama\OneDrive\Documents\Side_Projects\Side_Projects\IAPrecinctMap\data\2012\20121106__ia__general__cherokee__precinct.csv,24
Cherokee,#4 Cherokee Precinct,,unmatched,0.0,C:\Users\Shama\OneDrive\Documents\Side_Projects\Side_Projects\IAPrecinctMap\data\2012\20121106__ia__general__cherokee__precinct.csv,35
Cherokee,#5 Cherokee Ward 1 Precinct,,unmatched,0.0,C:\Users\Shama\OneDrive\Documents\Side_Projects\Side_Projects\IAPrecinctMap\data\2012\20121106__ia__general__cherokee__precinct.csv,46
Cherokee,#6 Cherokee Ward 2 Precinct,,unmatched,0.0,C:\Users\Shama\OneDrive\Documents\Side_Projects\Side_Projects\IAPrecinctMap\data\2012\20121106__ia__general__cherokee__precinct.csv,57
Cherokee,#7 Cherokee Ward 3 Precinct,,unmatched,0.0,C:\Users\Shama\OneDrive\Documents\Side_Projects\Side_Projects\IAPrecinctMap\data\2012\20121106__ia__general__cherokee__precinct.csv,68
Chickasaw,,,unmatched,0.0,C:\Users\Shama\OneDrive\Documents\Side_Projects\Side_Projects\IAPrecinctMap\data\2012\20121106__ia__general__chickasaw__precinct.csv,145
Chickasaw,Bradford,,ambiguous,0.2857142857142857,C:\Users\Shama\OneDrive\Documents\Side_Projects\Side_Projects\IAPrecinctMap\data\2012\20121106__ia__general__chickasaw__precinct.csv,2
Chickasaw,Chickasaw,,ambiguous,0.2857142857142857,C:\Users\Shama\OneDrive\Documents\Side_Projects\Side_Projects\IAPrecinctMap\data\2012\20121106__ia__general__chickasaw__precinct.csv,13
Chickasaw,City of New Hampton Ward Four,,ambiguous,0.4528301886792453,C:\Users\Shama\OneDrive\Documents\Side_Projects\Side_Projects\IAPrecinctMap\data\2012\20121106__ia__general__chickasaw__precinct.csv,24
Chickasaw,City of New Hampton Ward One,,ambiguous,0.46153846153846156,C:\Users\Shama\OneDrive\Documents\Side_Projects\Side_Projects\IAPrecinctMap\data\2012\20121106__ia__general__chickasaw__precinct.csv,35
Chickasaw,City of New Hampton Ward Three,,ambiguous,0.48148148148148145,C:\Users\Shama\OneDrive\Documents\Side_Projects\Side_Projects\IAPrecinctMap\data\2012\20121106__ia__general__chickasaw__precinct.csv,46
Chickasaw,City of New Hampton Ward Two,,ambiguous,0.47368421052631576,C:\Users\Shama\OneDrive\Documents\Side_Projects\Side_Projects\IAPrecinctMap\data\2012\20121106__ia__general__chickasaw__precinct.csv,57
Chickasaw,Dayton-Richland,,ambiguous,0.3902439024390244,C:\Users\Shama\OneDrive\Documents\Side_Projects\Side_Projects\IAPrecinctMap\data\2012\20121106__ia__general__chickasaw__precinct.csv,68
Chickasaw,Deerfield-Washington 2,,ambiguous,0.4864864864864865,C:\Users\Shama\OneDrive\Documents\Side_Projects\Side_Projects\IAPrecinctMap\data\2012\20121106__ia__general__chickasaw__precinct.csv,79
Chickasaw,Dresden-Fredericksburg,,ambiguous,0.2777777777777778,C:\Users\Shama\OneDrive\Documents\Side_Projects\Side_Projects\IAPrecinctMap\data\2012\20121106__ia__general__chickasaw__precinct.csv,90
Chickasaw,Jacksonville-Utica,,ambiguous,0.3870967741935484,C:\Users\Shama\OneDrive\Documents\Side_Projects\Side_Projects\IAPrecinctMap\data\2012\20121106__ia__general__chickasaw__precinct.csv,101
Chickasaw,New Hampton Rural,,ambiguous,0.5185185185185185,C:\Users\Shama\OneDrive\Documents\Side_Projects\Side_Projects\IAPrecinctMap\data\2012\20121106__ia__general__chickasaw__precinct.csv,112
Chickasaw,Stapleton,,ambiguous,0.5714285714285714,C:\Users\Shama\OneDrive\Documents\Side_Projects\Side_Projects\IAPrecinctMap\data\2012\20121106__ia__general__chickasaw__precinct.csv,123
Chickasaw,Washington 1 Township,,ambiguous,0.5614035087719298,C:\Users\Shama\OneDrive\Documents\Side_Projects\Side_Projects\IAPrecinctMap\data\2012\20121106__ia__general__chickasaw__precinct.csv,134
Clarke,,,unmatched,0.0,C:\Users\Shama\OneDrive\Documents\Side_Projects\Side_Projects\IAPrecinctMap\data\2012\20121106__ia__general__clarke__precinct.csv,79
Clarke,Middle Precinct,,unmatched,0.0,C:\Users\Shama\OneDrive\Documents\Side_Projects\Side_Projects\IAPrecinctMap\data\2012\20121106__ia__general__clarke__precinct.csv,2
Clarke,Murray Precinct,,unmatched,0.0,C:\Users\Shama\OneDrive\Documents\Side_Projects\Side_Projects\IAPrecinctMap\data\2012\20121106__ia__general__clarke__precinct.csv,13
Clarke,North East Precinct,,unmatched,0.0,C:\Users\Shama\OneDrive\Documents\Side_Projects\Side_Projects\IAPrecinctMap\data\2012\20121106__ia__general__clarke__precinct.csv,24
Clarke,Osceola 1st Ward Precinct,,unmatched,0.0,C:\Users\Shama\OneDrive\Documents\Side_Projects\Side_Projects\IAPrecinctMap\data\2012\20121106__ia__general__clarke__precinct.csv,35
Clarke,Osceola 2nd Ward Precinct,,unmatched,0.0,C:\Users\Shama\OneDrive\Documents\Side_Projects\Side_Projects\IAPrecinctMap\data\2012\20121106__ia__general__clarke__precinct.csv,46
Clarke,Osceola 3rd Ward Precinct,,unmatched,0.0,C:\Users\Shama\OneDrive\Documents\Side_Projects\Side_Projects\IAPrecinctMap\data\2012\20121106__ia__general__clarke__precinct.csv,57
Clarke,Woodburn Precinct,,unmatched,0.0,C:\Users\Shama\OneDrive\Documents\Side_Projects\Side_Projects\IAPrecinctMap\data\2012\20121106__ia__general__clarke__precinct.csv,68
Clay,,,unmatched,0.0,C:\Users\Shama\OneDrive\Documents\Side_Projects\Side_Projects\IAPrecinctMap\data\2012\20121106__ia__general__clay__precinct.csv,134
Clay,Douglas-Peterson,,ambiguous,0.38461538461538464,C:\Users\Shama\OneDrive\Documents\Side_Projects\Side_Projects\IAPrecinctMap\data\2012\20121106__ia__general__clay__precinct.csv,2
Clay,Garfield-Herdland,,ambiguous,0.5333333333333333,C:\Users\Shama\OneDrive\Documents\Side_Projects\Side_Projects\IAPrecinctMap\data\2012\20121106__ia__general__clay__precinct.csv,13
Clay,Lake-Freeman,,ambiguous,0.5,C:\Users\Shama\OneDrive\Documents\Side_Projects\Side_Projects\IAPrecinctMap\data\2012\20121106__ia__general__clay__precinct.csv,24
Clay,Lincoln-Clay,,ambiguous,0.6956521739130435,C:\Users\Shama\OneDrive\Documents\Side_Projects\Side_Projects\IAPrecinctMap\data\2012\20121106__ia__general__clay__precinct.csv,35
Clay,Logan-Gillett Grove,,ambiguous,0.35714285714285715,C:\Users\Shama\OneDrive\Documents\Side_Projects\Side_Projects\IAPrecinctMap\data\2012\20121106__ia__general__clay__precinct.csv,46
Clay,Spencer Ward 1,,ambiguous,0.5,C:\Users\Shama\OneDrive\Documents\Side_Projects\Side_Projects\IAPrecinctMap\data\2012\20121106__ia__general__clay__precinct.csv,57
Clay,Spencer Ward 2,,ambiguous,0.5,C:\Users\Shama\OneDrive\Documents\Side_Projects\Side_Projects\IAPrecinctMap\data\2012\20121106__ia__general__clay__precinct.csv,68
Clay,Spencer Ward 3,,ambiguous,0.5,C:\Users\Shama\OneDrive\Documents\Side_Projects\Side_Projects\IAPrecinctMap\data\2012\20121106__ia__general__clay__precinct.csv,79
Clay,Spencer Ward 4,,ambiguous,0.5,C:\Users\Shama\OneDrive\Documents\Side_Projects\Side_Projects\IAPrecinctMap\data\2012\20121106__ia__general__clay__precinct.csv,90
Clay,Spencer Ward 5,,ambiguous,0.5,C:\Users\Shama\OneDrive\Documents\Side_Projects\Side_Projects\IAPrecinctMap\data\2012\20121106__ia__general__clay__precinct.csv,101
Clay,Summit-Riverton-Sioux-Meadow,,ambiguous,0.4,C:\Users\Shama\OneDrive\Documents\Side_Projects\Side_Projects\IAPrecinctMap\data\2012\20121106__ia__general__clay__precinct.csv,112
Clay,Waterford-Lone Tree,,ambiguous,0.42424242424242425,C:\Users\Shama\OneDrive\Documents\Side_Projects\Side_Projects\IAPrecinctMap\data\2012\20121106__ia__general__clay__precinct.csv,123
Clayton,,,unmatched,0.0,C:\Users\Shama\OneDrive\Documents\Side_Projects\Side_Projects\IAPrecinctMap\data\2012\20121106__ia__general__clayton__precinct.csv,156
Clayton,BOARDMAN-HIGHLAND,,unmatched,0.0,C:\Users\Shama\OneDrive\Documents\Side_Projects\Side_Projects\IAPrecinctMap\data\2012\20121106__ia__general__clayton__precinct.csv,2
Clayton,BUENA VISTA,,unmatched,0.0,C:\Users\Shama\OneDrive\Documents\Side_Projects\Side_Projects\IAPrecinctMap\data\2012\20121106__ia__general__clayton__precinct.csv,13
Clayton,CASS,,unmatched,0.0,C:\Users\Shama\OneDrive\Documents\Side_Projects\Side_Projects\IAPrecinctMap\data\2012\20121106__ia__general__clayton__precinct.csv,24
Clayton,CLAYTON-GARNAVILLO,,unmatched,0.0,C:\Users\Shama\OneDrive\Documents\Side_Projects\Side_Projects\IAPrecinctMap\data\2012\20121106__ia__general__clayton__precinct.csv,35
Clayton,COX CREEK-SPERRY,,unmatched,0.0,C:\Users\Shama\OneDrive\Documents\Side_Projects\Side_Projects\IAPrecinctMap\data\2012\20121106__ia__general__clayton__precinct.csv,46
Clayton,ELK-MALLORY-VOLGA,,unmatched,0.0,C:\Users\Shama\OneDrive\Documents\Side_Projects\Side_Projects\IAPrecinctMap\data\2012\20121106__ia__general__clayton__precinct.csv,57
Clayton,FARMERSBURG-WAGNER,,unmatched,0.0,C:\Users\Shama\OneDrive\Documents\Side_Projects\Side_Projects\IAPrecinctMap\data\2012\20121106__ia__general__clayton__precinct.csv,68
Clayton,GIARD-LUANA-MONONA,,unmatched,0.0,C:\Users\Shama\OneDrive\Documents\Side_Projects\Side_Projects\IAPrecinctMap\data\2012\20121106__ia__general__clayton__precinct.csv,79
Clayton,GRAND MEADOW,,unmatched,0.0,C:\Users\Shama\OneDrive\Documents\Side_Projects\Side_Projects\IAPrecinctMap\data\2012\20121106__ia__general__clayton__precinct.csv,90
Clayton,JEFFERSON-MILLVILLE,,unmatched,0.0,C:\Users\Shama\OneDrive\Documents\Side_Projects\Side_Projects\IAPrecinctMap\data\2012\20121106__ia__general__clayton__precinct.csv,101
Clayton,LODOMILLO,,unmatched,0.0,C:\Users\Shama\OneDrive\Documents\Side_Projects\Side_Projects\IAPrecinctMap\data\2012\20121106__ia__general__clayton__precinct.csv,112
Clayton,MARION,,unmatched,0.0,C:\Users\Shama\OneDrive\Documents\Side_Projects\Side_Projects\IAPrecinctMap\data\2012\20121106__ia__general__clayton__precinct.csv,123
Clayton,MENDON,,unmatched,0.0,C:\Users\Shama\OneDrive\Documents\Side_Projects\Side_Projects\IAPrecinctMap\data\2012\20121106__ia__general__clayton__precinct.csv,134
Clayton,READ,,unmatched,0.0,C:\Users\Shama\OneDrive\Documents\Side_Projects\Side_Projects\IAPrecinctMap\data\2012\20121106__ia__general__clayton__precinct.csv,145
Clinton,,,unmatched,0.0,C:\Users\Shama\OneDrive\Documents\Side_Projects\Side_Projects\IAPrecinctMap\data\2012\20121106__ia__general__clinton__precinct.csv,288
Clinton,BLOOMFIELD BROOKFIELD DEL,,ambiguous,0.358974358974359,C:\Users\Shama\OneDrive\Documents\Side_Projects\Side_Projects\IAPrecinctMap\data\2012\20121106__ia__general__clinton__precinct.csv,2
Clinton,CAMANCHE 1,,ambiguous,0.38095238095238093,C:\Users\Shama\OneDrive\Documents\Side_Projects\Side_Projects\IAPrecinctMap\data\2012\20121106__ia__general__clinton__precinct.csv,13
Clinton,CAMANCHE 2,,ambiguous,0.38095238095238093,C:\Users\Shama\OneDrive\Documents\Side_Projects\Side_Projects\IAPrecinctMap\data\2012\20121106__ia__general__clinton__precinct.csv,24
Clinton,CENTER TWP,,ambiguous,0.7,C:\Users\Shama\OneDrive\Documents\Side_Projects\Side_Projects\IAPrecinctMap\data\2012\20121106__ia__general__clinton__precinct.csv,35
Clinton,CLINTON 1-1,,ambiguous,0.48,C:\Users\Shama\OneDrive\Documents\Side_Projects\Side_Projects\IAPrecinctMap\data\2012\20121106__ia__general__clinton__precinct.csv,46
Clinton,CLINTON 1-2,,ambiguous,0.48,C:\Users\Shama\OneDrive\Documents\Side_Projects\Side_Projects\IAPrecinctMap\data\2012\20121106__ia__general__clinton__precinct.csv,57
Clinton,CLINTON 2-1,,ambiguous,0.48,C:\Users\Shama\OneDrive\Documents\Side_Projects\Side_Projects\IAPrecinctMap\data\2012\20121106__ia__general__clinton__precinct.csv,68
Clinton,CLINTON 2-2,,ambiguous,0.48,C:\Users\Shama\OneDrive\Documents\Side_Projects\Side_Projects\IAPrecinctMap\data\2012\20121106__ia__general__clinton__precinct.csv,79
Clinton,CLINTON 3-1,,ambiguous,0.48,C:\Users\Shama\OneDrive\Documents\Side_Projects\Side_Projects\IAPrecinctMap\data\2012\20121106__ia__general__clinton__precinct.csv,90
Clinton,CLINTON 3-2,,ambiguous,0.48,C:\Users\Shama\OneDrive\Documents\Side_Projects\Side_Projects\IAPrecinctMap\data\2012\20121106__ia__general__clinton__precinct.csv,101
Clinton,CLINTON 4-1,,ambiguous,0.48,C:\Users\Shama\OneDrive\Documents\Side_Projects\Side_Projects\IAPrecinctMap\data\2012\20121106__ia__general__clinton__precinct.csv,112
Clinton,CLINTON 4-2,,ambiguous,0.48,C:\Users\Shama\OneDrive\Documents\Side_Projects\Side_Projects\IAPrecinctMap\data\2012\20121106__ia__general__clinton__precinct.csv,123
Clinton,DEEP CREEK GOOSE LAKE,,ambiguous,0.35555555555555557,C:\Users\Shama\OneDrive\Documents\Side_Projects\Side_Projects\IAPrecinctMap\data\2012\20121106__ia__general__clinton__precinct.csv,134
Clinton,DEWITT 1,,ambiguous,0.36363636363636365,C:\Users\Shama\OneDrive\Documents\Side_Projects\Side_Projects\IAPrecinctMap\data\2012\20121106__ia__general__clinton__precinct.csv,145
Clinton,DEWITT 2,,ambiguous,0.36363636363636365,C:\Users\Shama\OneDrive\Documents\Side_Projects\Side_Projects\IAPrecinctMap\data\2012\20121106__ia__general__clinton__precinct.csv,156
Clinton,DEWITT TWP,,ambiguous,0.6,C:\Users\Shama\OneDrive\Documents\Side_Projects\Side_Projects\IAPrecinctMap\data\2012\20121106__ia__general__clinton__precinct.csv,167
Clinton,EDEN CAMANCHE TWP,,ambiguous,0.5161290322580645,C:\Users\Shama\OneDrive\Documents\Side_Projects\Side_Projects\IAPrecinctMap\data\2012\20121106__ia__general__clinton__precinct.csv,178
Clinton,ELK RIVER HAMPSHIRE ANDOV,,ambiguous,0.34285714285714286,C:\Users\Shama\OneDrive\Documents\Side_Projects\Side_Projects\IAPrecinctMap\data\2012\20121106__ia__general__clinton__precinct.csv,189
Clinton,LIBERTY TORONTO,,ambiguous,0.41025641025641024,C:\Users\Shama\OneDrive\Documents\Side_Projects\Side_Projects\IAPrecinctMap\data\2012\20121106__ia__general__clinton__precinct.csv,200
Clinton,LOW MOOR,,ambiguous,0.35294117647058826,C:\Users\Shama\OneDrive\Documents\Side_Projects\Side_Projects\IAPrecinctMap\data\2012\20121106__ia__general__clinton__precinct.csv,211
Clinton,OLIVE GRANT CALAMUS,,ambiguous,0.3793103448275862,C:\Users\Shama\OneDrive\Documents\Side_Projects\Side_Projects\IAPrecinctMap\data\2012\20121106__ia__general__clinton__precinct.csv,222
Clinton,ORANGE GRAND MOUND,,ambiguous,0.43902439024390244,C:\Users\Shama\OneDrive\Documents\Side_Projects\Side_Projects\IAPrecinctMap\data\2012\20121106__ia__general__clinton__precinct.csv,233
Clinton,SHARON LOST NATION,,ambiguous,0.41379310344827586,C:\Users\Shama\OneDrive\Documents\Side_Projects\Side_Projects\IAPrecinctMap\data\2012\20121106__ia__general__clinton__precinct.csv,244
Clinton,SPRING ROCK WHEATLAND,,ambiguous,0.45714285714285713,C:\Users\Shama\OneDrive\Documents\Side_Projects\Side_Projects\IAPrecinctMap\data\2012\20121106__ia__general__clinton__precinct.csv,255
Clinton,WATERFORD CHARLOTTE,,ambiguous,0.4444444444444444,C:\Users\Shama\OneDrive\Documents\Side_Projects\Side_Projects\IAPrecinctMap\data\2012\20121106__ia__general__clinton__precinct.csv,266
Clinton,WELTON WASHINGTON WELTON,,ambiguous,0.631578947368421,C:\Users\Shama\OneDrive\Documents\Side_Projects\Side_Projects\IAPrecinctMap\data\2012\20121106__ia__general__clinton__precinct.csv,277
Crawford,,,unmatched,0.0,C:\Users\Shama\OneDrive\Documents\Side_Projects\Side_Projects\IAPrecinctMap\data\2012\20121106__ia__general__crawford__precinct.csv,90
Crawford,Charter Oak,,unmatched,0.0,C:\Users\Shama\OneDrive\Documents\Side_Projects\Side_Projects\IAPrecinctMap\data\2012\20121106__ia__general__crawford__precinct.csv,2
Crawford,DCAB,,unmatched,0.0,C:\Users\Shama\OneDrive\Documents\Side_Projects\Side_Projects\IAPrecinctMap\data\2012\20121106__ia__general__crawford__precinct.csv,13
Crawford,Denison 1st Ward,,unmatched,0.0,C:\Users\Shama\OneDrive\Documents\Side_Projects\Side_Projects\IAPrecinctMap\data\2012\20121106__ia__general__crawford__precinct.csv,24
Crawford,Denison 2nd Ward / Denison Twp,,unmatched,0.0,C:\Users\Shama\OneDrive\Documents\Side_Projects\Side_Projects\IAPrecinctMap\data\2012\20121106__ia__general__crawford__precinct.csv,35
Crawford,Denison 3rd Ward / Goodrich Twp,,unmatched,0.0,C:\Users\Shama\OneDrive\Documents\Side_Projects\Side_Projects\IAPrecinctMap\data\2012\20121106__ia__general__crawford__precinct.csv,46
Crawford,Northeast,,unmatched,0.0,C:\Users\Shama\OneDrive\Documents\Side_Projects\Side_Projects\IAPrecinctMap\data\2012\20121106__ia__general__crawford__precinct.csv,57
Crawford,Southeast,,unmatched,0.0,C:\Users\Shama\OneDrive\Documents\Side_Projects\Side_Projects\IAPrecinctMap\data\2012\20121106__ia__general__crawford__precinct.csv,68
Crawford,SRK,,unmatched,0.0,C:\Users\Shama\OneDrive\Documents\Side_Projects\Side_Projects\IAPrecinctMap\data\2012\20121106__ia__general__crawford__precinct.csv,79
Dallas,,,unmatched,0.0,C:\Users\Shama\OneDrive\Documents\Side_Projects\Side_Projects\IAPrecinctMap\data\2012\20121106__ia__general__dallas__precinct.csv,387
Dallas,ABSENTEE,,ambiguous,0.42857142857142855,C:\Users\Shama\OneDrive\Documents\Side_Projects\Side_Projects\IAPrecinctMap\data\2012\20121106__ia__general__dallas__precinct.csv,2
Dallas,Adams,,ambiguous,0.36363636363636365,C:\Users\Shama\OneDrive\Documents\Side_Projects\Side_Projects\IAPrecinctMap\data\2012\20121106__ia__general__dallas__precinct.csv,13
Dallas,Adel 1,,ambiguous,0.4,C:\Users\Shama\OneDrive\Documents\Side_Projects\Side_Projects\IAPrecinctMap\data\2012\20121106__ia__general__dallas__precinct.csv,24
Dallas,Adel 2,,ambiguous,0.4,C:\Users\Shama\OneDrive\Documents\Side_Projects\Side_Projects\IAPrecinctMap\data\2012\20121106__ia__general__dallas__precinct.csv,35
Dallas,Beaver/Des Moines,,ambiguous,0.34782608695652173,C:\Users\Shama\OneDrive\Documents\Side_Projects\Side_Projects\IAPrecinctMap\data\2012\20121106__ia__general__dallas__precinct.csv,46
Dallas,Clive 5,,ambiguous,0.4,C:\Users\Shama\OneDrive\Documents\Side_Projects\Side_Projects\IAPrecinctMap\data\2012\20121106__ia__general__dallas__precinct.csv,57
Dallas,Clive 6,,ambiguous,0.4,C:\Users\Shama\OneDrive\Documents\Side_Projects\Side_Projects\IAPrecinctMap\data\2012\20121106__ia__general__dallas__precinct.csv,68
Dallas,Colfax/Adel,,ambiguous,0.3,C:\Users\Shama\OneDrive\Documents\Side_Projects\Side_Projects\IAPrecinctMap\data\2012\20121106__ia__general__dallas__precinct.csv,79
Dallas,DeSoto,,ambiguous,0.35294117647058826,C:\Users\Shama\OneDrive\Documents\Side_Projects\Side_Projects\IAPrecinctMap\data\2012\20121106__ia__general__dallas__precinct.csv,90
Dallas,Lincoln/Washington/Linn,,ambiguous,0.5777777777777777,C:\Users\Shama\OneDrive\Documents\Side_Projects\Side_Projects\IAPrecinctMap\data\2012\20121106__ia__general__dallas__precinct.csv,101
Dallas,Perry 1,,ambiguous,0.5714285714285714,C:\Users\Shama\OneDrive\Documents\Side_Projects\Side_Projects\IAPrecinctMap\data\2012\20121106__ia__general__dallas__precinct.csv,112
Dallas,Perry 2,,ambiguous,0.5714285714285714,C:\Users\Shama\OneDrive\Documents\Side_Projects\Side_Projects\IAPrecinctMap\data\2012\20121106__ia__general__dallas__precinct.csv,123
Dallas,Perry 3,,ambiguous,0.5714285714285714,C:\Users\Shama\OneDrive\Documents\Side_Projects\Side_Projects\IAPrecinctMap\data\2012\20121106__ia__general__dallas__precinct.csv,134
Dallas,Spring Valley/Dallas,,ambiguous,0.375,C:\Users\Shama\OneDrive\Documents\Side_Projects\Side_Projects\IAPrecinctMap\data\2012\20121106__ia__general__dallas__precinct.csv,145
Dallas,Sugar Grove/Dallas Center,,ambiguous,0.42105263157894735,C:\Users\Shama\OneDrive\Documents\Side_Projects\Side_Projects\IAPrecinctMap\data\2012\20121106__ia__general__dallas__precinct.csv,156
Dallas,Union,,ambiguous,0.7142857142857143,C:\Users\Shama\OneDrive\Documents\Side_Projects\Side_Projects\IAPrecinctMap\data\2012\20121106__ia__general__dallas__precinct.csv,167
Dallas,Urbandale 13,,ambiguous,0.3076923076923077,C:\Users\Shama\OneDrive\Documents\Side_Projects\Side_Projects\IAPrecinctMap\data\2012\20121106__ia__general__dallas__precinct.csv,178
Dallas,Urbandale 14,,ambiguous,0.3076923076923077,C:\Users\Shama\OneDrive\Documents\Side_Projects\Side_Projects\IAPrecinctMap\data\2012\20121106__ia__general__dallas__precinct.csv,189
Dallas,Urbandale 15,,ambiguous,0.3076923076923077,C:\Users\Shama\OneDrive\Documents\Side_Projects\Side_Projects\IAPrecinctMap\data\2012\20121106__ia__general__dallas__precinct.csv,200
Dallas,Van Meter,,ambiguous,0.4444444444444444,C:\Users\Shama\OneDrive\Documents\Side_Projects\Side_Projects\IAPrecinctMap\data\2012\20121106__ia__general__dallas__precinct.csv,211
Dallas,Walnut/Grimes/Grant,,ambiguous,0.4375,C:\Users\Shama\OneDrive\Documents\Side_Projects\Side_Projects\IAPrecinctMap\data\2012\20121106__ia__general__dallas__precinct.csv,222
Dallas,Waukee 1,,ambiguous,0.47058823529411764,C:\Users\Shama\OneDrive\Documents\Side_Projects\Side_Projects\IAPrecinctMap\data\2012\20121106__ia__general__dallas__precinct.csv,233
Dallas,Waukee 2,,ambiguous,0.47058823529411764,C:\Users\Shama\OneDrive\Documents\Side_Projects\Side_Projects\IAPrecinctMap\data\2012\20121106__ia__general__dallas__precinct.csv,244
Dallas,Waukee 3,,ambiguous,0.47058823529411764,C:\Users\Shama\OneDrive\Documents\Side_Projects\Side_Projects\IAPrecinctMap\data\2012\20121106__ia__general__dallas__precinct.csv,255
Dallas,Waukee 4,,ambiguous,0.47058823529411764,C:\Users\Shama\OneDrive\Documents\Side_Projects\Side_Projects\IAPrecinctMap\data\2012\20121106__ia__general__dallas__precinct.csv,266
Dallas,Waukee 5,,ambiguous,0.47058823529411764,C:\Users\Shama\OneDrive\Documents\Side_Projects\Side_Projects\IAPrecinctMap\data\2012\20121106__ia__general__dallas__precinct.csv,277
Dallas,Waukee 6,,ambiguous,0.47058823529411764,C:\Users\Shama\OneDrive\Documents\Side_Projects\Side_Projects\IAPrecinctMap\data\2012\20121106__ia__general__dallas__precinct.csv,288
Dallas,West Des Moines 221,,ambiguous,0.2926829268292683,C:\Users\Shama\OneDrive\Documents\Side_Projects\Side_Projects\IAPrecinctMap\data\2012\20121106__ia__general__dallas__precinct.csv,299
Dallas,West Des Moines 222,,ambiguous,0.2926829268292683,C:\Users\Shama\OneDrive\Documents\Side_Projects\Side_Projects\IAPrecinctMap\data\2012\20121106__ia__general__dallas__precinct.csv,310
Dallas,West Des Moines 223,,ambiguous,0.2926829268292683,C:\Users\Shama\OneDrive\Documents\Side_Projects\Side_Projects\IAPrecinctMap\data\2012\20121106__ia__general__dallas__precinct.csv,321
Dallas,West Des Moines 224,,ambiguous,0.2926829268292683,C:\Users\Shama\OneDrive\Documents\Side_Projects\Side_Projects\IAPrecinctMap\data\2012\20121106__ia__general__dallas__precinct.csv,332
Dallas,West Des Moines 225,,ambiguous,0.2926829268292683,C:\Users\Shama\OneDrive\Documents\Side_Projects\Side_Projects\IAPrecinctMap\data\2012\20121106__ia__general__dallas__precinct.csv,343
Dallas,West Des Moines 226,,ambiguous,0.2926829268292683,C:\Users\Shama\OneDrive\Documents\Side_Projects\Side_Projects\IAPrecinctMap\data\2012\20121106__ia__general__dallas__precinct.csv,354
Dallas,West Des Moines 321,,ambiguous,0.2926829268292683,C:\Users\Shama\OneDrive\Documents\Side_Projects\Side_Projects\IAPrecinctMap\data\2012\20121106__ia__general__dallas__precinct.csv,365
Dallas,West Des Moines 322,,ambiguous,0.2926829268292683,C:\Users\Shama\OneDrive\Documents\Side_Projects\Side_Projects\IAPrecinctMap\data\2012\20121106__ia__general__dallas__precinct.csv,376
Davis,,,unmatched,0.0,C:\Users\Shama\OneDrive\Documents\Side_Projects\Side_Projects\IAPrecinctMap\data\2012\20121106__ia__general__davis__precinct.csv,90
Davis,Bloomfield 1st Ward,,unmatched,0.0,C:\Users\Shama\OneDrive\Documents\Side_Projects\Side_Projects\IAPrecinctMap\data\2012\20121106__ia__general__davis__precinct.csv,2
Davis,Bloomfield 2nd Ward,,unmatched,0.0,C:\Users\Shama\OneDrive\Documents\Side_Projects\Side_Projects\IAPrecinctMap\data\2012\20121106__ia__general__davis__precinct.csv,13
Davis,Bloomfield 3rd Ward,,unmatched,0.0,C:\Users\Shama\OneDrive\Documents\Side_Projects\Side_Projects\IAPrecinctMap\data\2012\20121106__ia__general__davis__precinct.csv,24
Davis,Central,,unmatched,0.0,C:\Users\Shama\OneDrive\Documents\Side_Projects\Side_Projects\IAPrecinctMap\data\2012\20121106__ia__general__davis__precinct.csv,35
Davis,Northeast,,unmatched,0.0,C:\Users\Shama\OneDrive\Documents\Side_Projects\Side_Projects\IAPrecinctMap\data\2012\20121106__ia__general__davis__precinct.csv,46
Davis,Northwest,,unmatched,0.0,C:\Users\Shama\OneDrive\Documents\Side_Projects\Side_Projects\IAPrecinctMap\data\2012\20121106__ia__general__davis__precinct.csv,57
Davis,Southeast,,unmatched,0.0,C:\Users\Shama\OneDrive\Documents\Side_Projects\Side_Projects\IAPrecinctMap\data\2012\20121106__ia__general__davis__precinct.csv,68
Davis,Southwest,,unmatched,0.0,C:\Users\Shama\OneDrive\Documents\Side_Projects\Side_Projects\IAPrecinctMap\data\2012\20121106__ia__general__davis__precinct.csv,79
Decatur,,,unmatched,0.0,C:\Users\Shama\OneDrive\Documents\Side_Projects\Side_Projects\IAPrecinctMap\data\2012\20121106__ia__general__decatur__precinct.csv,79
Decatur,BL/FA/Lamoni,,ambiguous,0.34285714285714286,C:\Users\Shama\OneDrive\Documents\Side_Projects\Side_Projects\IAPrecinctMap\data\2012\20121106__ia__general__decatur__precinct.csv,2
Decatur,BU/NB/DC/HA/MO/PL,,ambiguous,0.3333333333333333,C:\Users\Shama\OneDrive\Documents\Side_Projects\Side_Projects\IAPrecinctMap\data\2012\20121106__ia__general__decatur__precinct.csv,13
Decatur,Decatur City/DE,,ambiguous,0.36363636363636365,C:\Users\Shama\OneDrive\Documents\Side_Projects\Side_Projects\IAPrecinctMap\data\2012\20121106__ia__general__decatur__precinct.csv,24
Decatur,GG/GG/LR/HP/WO,,ambiguous,0.32432432432432434,C:\Users\Shama\OneDrive\Documents\Side_Projects\Side_Projects\IAPrecinctMap\data\2012\20121106__ia__general__decatur__precinct.csv,35
Decatur,GR/RL/GR,,ambiguous,0.4,C:\Users\Shama\OneDrive\Documents\Side_Projects\Side_Projects\IAPrecinctMap\data\2012\20121106__ia__general__decatur__precinct.csv,46
Decatur,LC/VW/FR/WE,,ambiguous,0.46153846153846156,C:\Users\Shama\OneDrive\Documents\Side_Projects\Side_Projects\IAPrecinctMap\data\2012\20121106__ia__general__decatur__precinct.csv,57
Decatur,Leon/CE/ED,,ambiguous,0.41379310344827586,C:\Users\Shama\OneDrive\Documents\Side_Projects\Side_Projects\IAPrecinctMap\data\2012\20121106__ia__general__decatur__precinct.csv,68
Delaware,,,unmatched,0.0,C:\Users\Shama\OneDrive\Documents\Side_Projects\Side_Projects\IAPrecinctMap\data\2012\20121106__ia__general__delaware__precinct.csv,134
Delaware,Adams/Hazel Green,,unmatched,0.0,C:\Users\Shama\OneDrive\Documents\Side_Projects\Side_Projects\IAPrecinctMap\data\2012\20121106__ia__general__delaware__precinct.csv,2
Delaware,Colony,,unmatched,0.0,C:\Users\Shama\OneDrive\Documents\Side_Projects\Side_Projects\IAPrecinctMap\data\2012\20121106__ia__general__delaware__precinct.csv,13
Delaware,Delaware,,unmatched,0.0,C:\Users\Shama\OneDrive\Documents\Side_Projects\Side_Projects\IAPrecinctMap\data\2012\20121106__ia__general__delaware__precinct.csv,24
Delaware,Delhi/Delaware Corp,,unmatched,0.0,C:\Users\Shama\OneDrive\Documents\Side_Projects\Side_Projects\IAPrecinctMap\data\2012\20121106__ia__general__delaware__precinct.csv,35
Delaware,Honey Creek/Elk,,unmatched,0.0,C:\Users\Shama\OneDrive\Documents\Side_Projects\Side_Projects\IAPrecinctMap\data\2012\20121106__ia__general__delaware__precinct.csv,46
Delaware,Manchester Ward 1,,unmatched,0.0,C:\Users\Shama\OneDrive\Documents\Side_Projects\Side_Projects\IAPrecinctMap\data\2012\20121106__ia__general__delaware__precinct.csv,57
Delaware,Manchester Ward 2,,unmatched,0.0,C:\Users\Shama\OneDrive\Documents\Side_Projects\Side_Projects\IAPrecinctMap\data\2012\20121106__ia__general__delaware__precinct.csv,68
Delaware,Manchester Ward 3,,unmatched,0.0,C:\Users\Shama\OneDrive\Documents\Side_Projects\Side_Projects\IAPrecinctMap\data\2012\20121106__ia__general__delaware__precinct.csv,79
Delaware,Milo/Prairie,,unmatched,0.0,C:\Users\Shama\OneDrive\Documents\Side_Projects\Side_Projects\IAPrecinctMap\data\2012\20121106__ia__general__delaware__precinct.csv,90
Delaware,Oneida/N Fork/Bremen,,unmatched,0.0,C:\Users\Shama\OneDrive\Documents\Side_Projects\Side_Projects\IAPrecinctMap\data\2012\20121106__ia__general__delaware__precinct.csv,101
Delaware,Richland/Coffins Grove,,unmatched,0.0,C:\Users\Shama\OneDrive\Documents\Side_Projects\Side_Projects\IAPrecinctMap\data\2012\20121106__ia__general__delaware__precinct.csv,112
Delaware,South Fork/Union,,unmatched,0.0,C:\Users\Shama\OneDrive\Documents\Side_Projects\Side_Projects\IAPrecinctMap\data\2012\20121106__ia__general__delaware__precinct.csv,123
Des Moines,,,unmatched,0.0,C:\Users\Shama\OneDrive\Documents\Side_Projects\Side_Projects\IAPrecinctMap\data\2012\20121106__ia__general__des_moines__precinct.csv,178
Des Moines,PCT 1T,,ambiguous,0.2,C:\Users\Shama\OneDrive\Documents\Side_Projects\Side_Projects\IAPrecinctMap\data\2012\20121106__ia__general__des_moines__precinct.csv,2
Des Moines,PCT 2,,ambiguous,0.0,C:\Users\Shama\OneDrive\Documents\Side_Projects\Side_Projects\IAPrecinctMap\data\2012\20121106__ia__general__des_moines__precinct.csv,13
Des Moines,PCT 3,,ambiguous,0.0,C:\Users\Shama\OneDrive\Documents\Side_Projects\Side_Projects\IAPrecinctMap\data\2012\20121106__ia__general__des_moines__precinct.csv,24
Des Moines,PCT 4,,ambiguous,0.0,C:\Users\Shama\OneDrive\Documents\Side_Projects\Side_Projects\IAPrecinctMap\data\2012\20121106__ia__general__des_moines__precinct.csv,35
Des Moines,PCT 5,,ambiguous,0.0,C:\Users\Shama\OneDrive\Documents\Side_Projects\Side_Projects\IAPrecinctMap\data\2012\20121106__ia__general__des_moines__precinct.csv,46
Des Moines,PCT 6,,ambiguous,0.0,C:\Users\Shama\OneDrive\Documents\Side_Projects\Side_Projects\IAPrecinctMap\data\2012\20121106__ia__general__des_moines__precinct.csv,57
Des Moines,PCT 7,,ambiguous,0.0,C:\Users\Shama\OneDrive\Documents\Side_Projects\Side_Projects\IAPrecinctMap\data\2012\20121106__ia__general__des_moines__precinct.csv,68
Des Moines,PCT 8C,,ambiguous,0.2,C:\Users\Shama\OneDrive\Documents\Side_Projects\Side_Projects\IAPrecinctMap\data\2012\20121106__ia__general__des_moines__precinct.csv,79
Des Moines,PCT 9,,ambiguous,0.0,C:\Users\Shama\OneDrive\Documents\Side_Projects\Side_Projects\IAPrecinctMap\data\2012\20121106__ia__general__des_moines__precinct.csv,90
Des Moines,PCT DM,,ambiguous,0.2222222222222222,C:\Users\Shama\OneDrive\Documents\Side_Projects\Side_Projects\IAPrecinctMap\data\2012\20121106__ia__general__des_moines__precinct.csv,101
Des Moines,PCT FM,,ambiguous,0.2222222222222222,C:\Users\Shama\OneDrive\Documents\Side_Projects\Side_Projects\IAPrecinctMap\data\2012\20121106__ia__general__des_moines__precinct.csv,112
Des Moines,PCT HJ,,ambiguous,0.14285714285714285,C:\Users\Shama\OneDrive\Documents\Side_Projects\Side_Projects\IAPrecinctMap\data\2012\20121106__ia__general__des_moines__precinct.csv,123
Des Moines,PCT MY,,ambiguous,0.2222222222222222,C:\Users\Shama\OneDrive\Documents\Side_Projects\Side_Projects\IAPrecinctMap\data\2012\20121106__ia__general__des_moines__precinct.csv,134
Des Moines,PCT PW,,ambiguous,0.3333333333333333,C:\Users\Shama\OneDrive\Documents\Side_Projects\Side_Projects\IAPrecinctMap\data\2012\20121106__ia__general__des_moines__precinct.csv,145
Des Moines,PCT UNION,,ambiguous,0.7142857142857143,C:\Users\Shama\OneDrive\Documents\Side_Projects\Side_Projects\IAPrecinctMap\data\2012\20121106__ia__general__des_moines__precinct.csv,156
Des Moines,PCT WB,,ambiguous,0.2,C:\Users\Shama\OneDrive\Documents\Side_Projects\Side_Projects\IAPrecinctMap\data\2012\20121106__ia__general__des_moines__precinct.csv,167
Dickinson,,,unmatched,0.0,C:\Users\Shama\OneDrive\Documents\Side_Projects\Side_Projects\IAPrecinctMap\data\2012\20121106__ia__general__dickinson__precinct.csv,167
Dickinson,Precinct No. 1,,unmatched,0.0,C:\Users\Shama\OneDrive\Documents\Side_Projects\Side_Projects\IAPrecinctMap\data\2012\20121106__ia__general__dickinson__precinct.csv,2
Dickinson,Precinct No. 10-City-Wahpeton-W Okoboji,,unmatched,0.0,C:\Users\Shama\OneDrive\Documents\Side_Projects\Side_Projects\IAPrecinctMap\data\2012\20121106__ia__general__dickinson__precinct.csv,13
Dickinson,Precinct No. 11,,unmatched,0.0,C:\Users\Shama\OneDrive\Documents\Side_Projects\Side_Projects\IAPrecinctMap\data\2012\20121106__ia__general__dickinson__precinct.csv,24
Dickinson,Precinct No. 12,,unmatched,0.0,C:\Users\Shama\OneDrive\Documents\Side_Projects\Side_Projects\IAPrecinctMap\data\2012\20121106__ia__general__dickinson__precinct.csv,35
Dickinson,Precinct No. 13,,unmatched,0.0,C:\Users\Shama\OneDrive\Documents\Side_Projects\Side_Projects\IAPrecinctMap\data\2012\20121106__ia__general__dickinson__precinct.csv,46
Dickinson,Precinct No. 14,,unmatched,0.0,C:\Users\Shama\OneDrive\Documents\Side_Projects\Side_Projects\IAPrecinctMap\data\2012\20121106__ia__general__dickinson__precinct.csv,57
Dickinson,Precinct No. 15,,unmatched,0.0,C:\Users\Shama\OneDrive\Documents\Side_Projects\Side_Projects\IAPrecinctMap\data\2012\20121106__ia__general__dickinson__precinct.csv,68
Dickinson,Precinct No. 2,,unmatched,0.0,C:\Users\Shama\OneDrive\Documents\Side_Projects\Side_Projects\IAPrecinctMap\data\2012\20121106__ia__general__dickinson__precinct.csv,79
Dickinson,Precinct No. 3,,unmatched,0.0,C:\Users\Shama\OneDrive\Documents\Side_Projects\Side_Projects\IAPrecinctMap\data\2012\20121106__ia__general__dickinson__precinct.csv,90
Dickinson,Precinct No. 4,,unmatched,0.0,C:\Users\Shama\OneDrive\Documents\Side_Projects\Side_Projects\IAPrecinctMap\data\2012\20121106__ia__general__dickinson__precinct.csv,101
Dickinson,Precinct No. 5,,unmatched,0.0,C:\Users\Shama\OneDrive\Documents\Side_Projects\Side_Projects\IAPrecinctMap\data\2012\20121106__ia__general__dickinson__precinct.csv,112
Dickinson,Precinct No. 6,,unmatched,0.0,C:\Users\Shama\OneDrive\Documents\Side_Projects\Side_Projects\IAPrecinctMap\data\2012\20121106__ia__general__dickinson__precinct.csv,123
Dickinson,Precinct No. 7,,unmatched,0.0,C:\Users\Shama\OneDrive\Documents\Side_Projects\Side_Projects\IAPrecinctMap\data\2012\20121106__ia__general__dickinson__precinct.csv,134
Dickinson,Precinct No. 8,,unmatched,0.0,C:\Users\Shama\OneDrive\Documents\Side_Projects\Side_Projects\IAPrecinctMap\data\2012\20121106__ia__general__dickinson__precinct.csv,145
Dickinson,Precinct No. 9,,unmatched,0.0,C:\Users\Shama\OneDrive\Documents\Side_Projects\Side_Projects\IAPrecinctMap\data\2012\20121106__ia__general__dickinson__precinct.csv,156
Dubuque,,,unmatched,0.0,C:\Users\Shama\OneDrive\Documents\Side_Projects\Side_Projects\IAPrecinctMap\data\2012\20121106__ia__general__dubuque__precinct.csv,387
Dubuque,ARC Building,,ambiguous,0.4,C:\Users\Shama\OneDrive\Documents\Side_Projects\Side_Projects\IAPrecinctMap\data\2012\20121106__ia__general__dubuque__precinct.csv,2
Dubuque,Asbury Fire Station,,ambiguous,0.4444444444444444,C:\Users\Shama\OneDrive\Documents\Side_Projects\Side_Projects\IAPrecinctMap\data\2012\20121106__ia__general__dubuque__precinct.csv,13
Dubuque,Beckman High School,,ambiguous,0.42424242424242425,C:\Users\Shama\OneDrive\Documents\Side_Projects\Side_Projects\IAPrecinctMap\data\2012\20121106__ia__general__dubuque__precinct.csv,24
Dubuque,Bernard Fire Station,,ambiguous,0.43478260869565216,C:\Users\Shama\OneDrive\Documents\Side_Projects\Side_Projects\IAPrecinctMap\data\2012\20121106__ia__general__dubuque__precinct.csv,35
Dubuque,Cascade City Hall,,ambiguous,0.4,C:\Users\Shama\OneDrive\Documents\Side_Projects\Side_Projects\IAPrecinctMap\data\2012\20121106__ia__general__dubuque__precinct.csv,46
Dubuque,Comiskey Park,,ambiguous,0.38461538461538464,C:\Users\Shama\OneDrive\Documents\Side_Projects\Side_Projects\IAPrecinctMap\data\2012\20121106__ia__general__dubuque__precinct.csv,57
Dubuque,Dyersville Memorial Hall,,ambiguous,0.3684210526315789,C:\Users\Shama\OneDrive\Documents\Side_Projects\Side_Projects\IAPrecinctMap\data\2012\20121106__ia__general__dubuque__precinct.csv,68
Dubuque,Election Annex,,ambiguous,0.3888888888888889,C:\Users\Shama\OneDrive\Documents\Side_Projects\Side_Projects\IAPrecinctMap\data\2012\20121106__ia__general__dubuque__precinct.csv,79
Dubuque,Emmaus Bible School,,ambiguous,0.36363636363636365,C:\Users\Shama\OneDrive\Documents\Side_Projects\Side_Projects\IAPrecinctMap\data\2012\20121106__ia__general__dubuque__precinct.csv,90
Dubuque,Epworth Council Chambers,,ambiguous,0.3333333333333333,C:\Users\Shama\OneDrive\Documents\Side_Projects\Side_Projects\IAPrecinctMap\data\2012\20121106__ia__general__dubuque__precinct.csv,101
Dubuque,Farley Community Center,,ambiguous,0.4,C:\Users\Shama\OneDrive\Documents\Side_Projects\Side_Projects\IAPrecinctMap\data\2012\20121106__ia__general__dubuque__precinct.csv,112
Dubuque,Federal Building,,ambiguous,0.3157894736842105,C:\Users\Shama\OneDrive\Documents\Side_Projects\Side_Projects\IAPrecinctMap\data\2012\20121106__ia__general__dubuque__precinct.csv,123
Dubuque,Fogarty Hall,,ambiguous,0.38095238095238093,C:\Users\Shama\OneDrive\Documents\Side_Projects\Side_Projects\IAPrecinctMap\data\2012\20121106__ia__general__dubuque__precinct.csv,134
Dubuque,Holy Trinity Church,,ambiguous,0.375,C:\Users\Shama\OneDrive\Documents\Side_Projects\Side_Projects\IAPrecinctMap\data\2012\20121106__ia__general__dubuque__precinct.csv,145
Dubuque,Hope Church,,ambiguous,0.3333333333333333,C:\Users\Shama\OneDrive\Documents\Side_Projects\Side_Projects\IAPrecinctMap\data\2012\20121106__ia__general__dubuque__precinct.csv,156
Dubuque,Key West Fire Station,,ambiguous,0.32,C:\Users\Shama\OneDrive\Documents\Side_Projects\Side_Projects\IAPrecinctMap\data\2012\20121106__ia__general__dubuque__precinct.csv,167
Dubuque,Luxemburg City Hall,,ambiguous,0.36363636363636365,C:\Users\Shama\OneDrive\Documents\Side_Projects\Side_Projects\IAPrecinctMap\data\2012\20121106__ia__general__dubuque__precinct.csv,178
Dubuque,Meadow Golf Course,,ambiguous,0.3125,C:\Users\Shama\OneDrive\Documents\Side_Projects\Side_Projects\IAPrecinctMap\data\2012\20121106__ia__general__dubuque__precinct.csv,189
Dubuque,Peosta Community Center,,ambiguous,0.4,C:\Users\Shama\OneDrive\Documents\Side_Projects\Side_Projects\IAPrecinctMap\data\2012\20121106__ia__general__dubuque__precinct.csv,200
Dubuque,Rockdale Methodist Church,,ambiguous,0.3684210526315789,C:\Users\Shama\OneDrive\Documents\Side_Projects\Side_Projects\IAPrecinctMap\data\2012\20121106__ia__general__dubuque__precinct.csv,211
Dubuque,Sacred Heart Church,,ambiguous,0.43902439024390244,C:\Users\Shama\OneDrive\Documents\Side_Projects\Side_Projects\IAPrecinctMap\data\2012\20121106__ia__general__dubuque__precinct.csv,222
Dubuque,SS Peter & Paul School,,ambiguous,0.35294117647058826,C:\Users\Shama\OneDrive\Documents\Side_Projects\Side_Projects\IAPrecinctMap\data\2012\20121106__ia__general__dubuque__precinct.csv,233
Dubuque,St Francis Xavier Bsm't,,ambiguous,0.3888888888888889,C:\Users\Shama\OneDrive\Documents\Side_Projects\Side_Projects\IAPrecinctMap\data\2012\20121106__ia__general__dubuque__precinct.csv,244
Dubuque,St John's Church,,ambiguous,0.32432432432432434,C:\Users\Shama\OneDrive\Documents\Side_Projects\Side_Projects\IAPrecinctMap\data\2012\20121106__ia__general__dubuque__precinct.csv,255
Dubuque,Summit Church,,ambiguous,0.2962962962962963,C:\Users\Shama\OneDrive\Documents\Side_Projects\Side_Projects\IAPrecinctMap\data\2012\20121106__ia__general__dubuque__precinct.csv,266
Dubuque,Swiss Valley Nature Center,,ambiguous,0.375,C:\Users\Shama\OneDrive\Documents\Side_Projects\Side_Projects\IAPrecinctMap\data\2012\20121106__ia__general__dubuque__precinct.csv,277
Dubuque,The Journey Church,,ambiguous,0.35,C:\Users\Shama\OneDrive\Documents\Side_Projects\Side_Projects\IAPrecinctMap\data\2012\20121106__ia__general__dubuque__precinct.csv,288
Dubuque,Theisens,,ambiguous,0.38095238095238093,C:\Users\Shama\OneDrive\Documents\Side_Projects\Side_Projects\IAPrecinctMap\data\2012\20121106__ia__general__dubuque__precinct.csv,299
Dubuque,Tri-State Blind - 5,,ambiguous,0.4,C:\Users\Shama\OneDrive\Documents\Side_Projects\Side_Projects\IAPrecinctMap\data\2012\20121106__ia__general__dubuque__precinct.csv,310
Dubuque,Tri-State Blind 7,,ambiguous,0.4,C:\Users\Shama\OneDrive\Documents\Side_Projects\Side_Projects\IAPrecinctMap\data\2012\20121106__ia__general__dubuque__precinct.csv,321
Dubuque,U.A.W. Local 94 Hall,,ambiguous,0.40816326530612246,C:\Users\Shama\OneDrive\Documents\Side_Projects\Side_Projects\IAPrecinctMap\data\2012\20121106__ia__general__dubuque__precinct.csv,332
Dubuque,Westminister Church - 10,,ambiguous,0.4090909090909091,C:\Users\Shama\OneDrive\Documents\Side_Projects\Side_Projects\IAPrecinctMap\data\2012\20121106__ia__general__dubuque__precinct.csv,343
Dubuque,Westminster Church - 9,,ambiguous,0.42857142857142855,C:\Users\Shama\OneDrive\Documents\Side_Projects\Side_Projects\IAPrecinctMap\data\2012\20121106__ia__general__dubuque__precinct.csv,354
Dubuque,Windsor Park,,ambiguous,0.45454545454545453,C:\Users\Shama\OneDrive\Documents\Side_Projects\Side_Projects\IAPrecinctMap\data\2012\20121106__ia__general__dubuque__precinct.csv,365
Dubuque,Y Building,,ambiguous,0.3333333333333333,C:\Users\Shama\OneDrive\Documents\Side_Projects\Side_Projects\IAPrecinctMap\data\2012\20121106__ia__general__dubuque__precinct.csv,376
Emmet,,,unmatched,0.0,C:\Users\Shama\OneDrive\Documents\Side_Projects\Side_Projects\IAPrecinctMap\data\2012\20121106__ia__general__emmet__precinct.csv,123
Emmet,AG-IL-Armstrong,,unmatched,0.0,C:\Users\Shama\OneDrive\Documents\Side_Projects\Side_Projects\IAPrecinctMap\data\2012\20121106__ia__general__emmet__precinct.csv,2
Emmet,CN-SL-Gruver,,unmatched,0.0,C:\Users\Shama\OneDrive\Documents\Side_Projects\Side_Projects\IAPrecinctMap\data\2012\20121106__ia__general__emmet__precinct.csv,13
Emmet,DM-JC-Ringsted,,unmatched,0.0,C:\Users\Shama\OneDrive\Documents\Side_Projects\Side_Projects\IAPrecinctMap\data\2012\20121106__ia__general__emmet__precinct.csv,24
Emmet,EL-LN-Dolliver,,unmatched,0.0,C:\Users\Shama\OneDrive\Documents\Side_Projects\Side_Projects\IAPrecinctMap\data\2012\20121106__ia__general__emmet__precinct.csv,35
Emmet,Emmet-Estherville,,unmatched,0.0,C:\Users\Shama\OneDrive\Documents\Side_Projects\Side_Projects\IAPrecinctMap\data\2012\20121106__ia__general__emmet__precinct.csv,46
Emmet,Estherville Ward 1,,unmatched,0.0,C:\Users\Shama\OneDrive\Documents\Side_Projects\Side_Projects\IAPrecinctMap\data\2012\20121106__ia__general__emmet__precinct.csv,57
Emmet,Estherville Ward 2,,unmatched,0.0,C:\Users\Shama\OneDrive\Documents\Side_Projects\Side_Projects\IAPrecinctMap\data\2012\20121106__ia__general__emmet__precinct.csv,68
Emmet,Estherville Ward 3,,unmatched,0.0,C:\Users\Shama\OneDrive\Documents\Side_Projects\Side_Projects\IAPrecinctMap\data\2012\20121106__ia__general__emmet__precinct.csv,79
Emmet,Estherville Ward 4,,unmatched,0.0,C:\Users\Shama\OneDrive\Documents\Side_Projects\Side_Projects\IAPrecinctMap\data\2012\20121106__ia__general__emmet__precinct.csv,90
Emmet,Estherville Ward 5,,unmatched,0.0,C:\Users\Shama\OneDrive\Documents\Side_Projects\Side_Projects\IAPrecinctMap\data\2012\20121106__ia__general__emmet__precinct.csv,101
Emmet,HL-TM-Wallingford,,unmatched,0.0,C:\Users\Shama\OneDrive\Documents\Side_Projects\Side_Projects\IAPrecinctMap\data\2012\20121106__ia__general__emmet__precinct.csv,112
Fayette,,,unmatched,0.0,C:\Users\Shama\OneDrive\Documents\Side_Projects\Side_Projects\IAPrecinctMap\data\2012\20121106__ia__general__fayette__precinct.csv,277
Fayette,AUBURN TWP,,ambiguous,0.631578947368421,C:\Users\Shama\OneDrive\Documents\Side_Projects\Side_Projects\IAPrecinctMap\data\2012\20121106__ia__general__fayette__precinct.csv,2
Fayette,BANKS-FREMONT TWP,,ambiguous,0.56,C:\Users\Shama\OneDrive\Documents\Side_Projects\Side_Projects\IAPrecinctMap\data\2012\20121106__ia__general__fayette__precinct.csv,13
Fayette,BETHEL-WINDSOR TWP,,ambiguous,0.5517241379310345,C:\Users\Shama\OneDrive\Documents\Side_Projects\Side_Projects\IAPrecinctMap\data\2012\20121106__ia__general__fayette__precinct.csv,24
Fayette,CENTER TWP,,ambiguous,0.6666666666666666,C:\Users\Shama\OneDrive\Documents\Side_Projects\Side_Projects\IAPrecinctMap\data\2012\20121106__ia__general__fayette__precinct.csv,35
Fayette,CLERMONT TWP,,ambiguous,0.6666666666666666,C:\Users\Shama\OneDrive\Documents\Side_Projects\Side_Projects\IAPrecinctMap\data\2012\20121106__ia__general__fayette__precinct.csv,46
Fayette,DOVER TWP.,,ambiguous,0.7058823529411765,C:\Users\Shama\OneDrive\Documents\Side_Projects\Side_Projects\IAPrecinctMap\data\2012\20121106__ia__general__fayette__precinct.csv,57
Fayette,EDEN TWP,,ambiguous,0.75,C:\Users\Shama\OneDrive\Documents\Side_Projects\Side_Projects\IAPrecinctMap\data\2012\20121106__ia__general__fayette__precinct.csv,68
Fayette,"FAIRBANK, INC.",,ambiguous,0.38095238095238093,C:\Users\Shama\OneDrive\Documents\Side_Projects\Side_Projects\IAPrecinctMap\data\2012\20121106__ia__general__fayette__precinct.csv,79
Fayette,FAIRFIELD-PUTNAM TWP,,ambiguous,0.4827586206896552,C:\Users\Shama\OneDrive\Documents\Side_Projects\Side_Projects\IAPrecinctMap\data\2012\20121106__ia__general__fayette__precinct.csv,90
Fayette,HARLAN TWP,,ambiguous,0.7368421052631579,C:\Users\Shama\OneDrive\Documents\Side_Projects\Side_Projects\IAPrecinctMap\data\2012\20121106__ia__general__fayette__precinct.csv,101
Fayette,ILLYRIA TWP,,ambiguous,0.631578947368421,C:\Users\Shama\OneDrive\Documents\Side_Projects\Side_Projects\IAPrecinctMap\data\2012\20121106__ia__general__fayette__precinct.csv,112
Fayette,JEFFERSON TWP.,,ambiguous,0.5714285714285714,C:\Users\Shama\OneDrive\Documents\Side_Projects\Side_Projects\IAPrecinctMap\data\2012\20121106__ia__general__fayette__precinct.csv,123
Fayette,OELWEIN - WARD 1,,ambiguous,0.5454545454545454,C:\Users\Shama\OneDrive\Documents\Side_Projects\Side_Projects\IAPrecinctMap\data\2012\20121106__ia__general__fayette__precinct.csv,134
Fayette,OELWEIN - WARD 2,,ambiguous,0.5454545454545454,C:\Users\Shama\OneDrive\Documents\Side_Projects\Side_Projects\IAPrecinctMap\data\2012\20121106__ia__general__fayette__precinct.csv,145
Fayette,OELWEIN - WARD 3,,ambiguous,0.5454545454545454,C:\Users\Shama\OneDrive\Documents\Side_Projects\Side_Projects\IAPrecinctMap\data\2012\20121106__ia__general__fayette__precinct.csv,156
Fayette,OELWEIN - WARD 4,,ambiguous,0.5454545454545454,C:\Users\Shama\OneDrive\Documents\Side_Projects\Side_Projects\IAPrecinctMap\data\2012\20121106__ia__general__fayette__precinct.csv,167
Fayette,ORAN TWP.,,ambiguous,0.8235294117647058,C:\Users\Shama\OneDrive\Documents\Side_Projects\Side_Projects\IAPrecinctMap\data\2012\20121106__ia__general__fayette__precinct.csv,178
Fayette,PLEASANT VALLEY TWP,,ambiguous,0.7450980392156863,C:\Users\Shama\OneDrive\Documents\Side_Projects\Side_Projects\IAPrecinctMap\data\2012\20121106__ia__general__fayette__precinct.csv,189
Fayette,SCOTT TWP,,ambiguous,0.6,C:\Users\Shama\OneDrive\Documents\Side_Projects\Side_Projects\IAPrecinctMap\data\2012\20121106__ia__general__fayette__precinct.csv,200
Fayette,SMITHFIELD TWP.,,ambiguous,0.5454545454545454,C:\Users\Shama\OneDrive\Documents\Side_Projects\Side_Projects\IAPrecinctMap\data\2012\20121106__ia__general__fayette__precinct.csv,211
Fayette,UNION TWP.,19033033012,exact,1.0,C:\Users\Shama\OneDrive\Documents\Side_Projects\Side_Projects\IAPrecinctMap\data\2012\20121106__ia__general__fayette__precinct.csv,222
Fayette,WEST UNION - WARD 1,,ambiguous,0.5384615384615384,C:\Users\Shama\OneDrive\Documents\Side_Projects\Side_Projects\IAPrecinctMap\data\2012\20121106__ia__general__fayette__precinct.csv,233
Fayette,WEST UNION - WARD 2,,ambiguous,0.5384615384615384,C:\Users\Shama\OneDrive\Documents\Side_Projects\Side_Projects\IAPrecinctMap\data\2012\20121106__ia__general__fayette__precinct.csv,244
Fayette,WEST UNION - WARD 3,,ambiguous,0.5384615384615384,C:\Users\Shama\OneDrive\Documents\Side_Projects\Side_Projects\IAPrecinctMap\data\2012\20121106__ia__general__fayette__precinct.csv,255
Fayette,WESTFIELD TWP,,ambiguous,0.5714285714285714,C:\Users\Shama\OneDrive\Documents\Side_Projects\Side_Projects\IAPrecinctMap\data\2012\20121106__ia__general__fayette__precinct.csv,266
Floyd,,,unmatched,0.0,C:\Users\Shama\OneDrive\Documents\Side_Projects\Side_Projects\IAPrecinctMap\data\2012\20121106__ia__general__floyd__precinct.csv,90
Floyd,Charles City Corp / CC1,,unmatched,0.0,C:\Users\Shama\OneDrive\Documents\Side_Projects\Side_Projects\IAPrecinctMap\data\2012\20121106__ia__general__floyd__precinct.csv,2
Floyd,Charles City Corp / CC2,,unmatched,0.0,C:\Users\Shama\OneDrive\Documents\Side_Projects\Side_Projects\IAPrecinctMap\data\2012\20121106__ia__general__floyd__precinct.csv,13
Floyd,Charles City Corp / CC3,,unmatched,0.0,C:\Users\Shama\OneDrive\Documents\Side_Projects\Side_Projects\IAPrecinctMap\data\2012\20121106__ia__general__floyd__precinct.csv,24
Floyd,Floyd / Cedar / Niles,,unmatched,0.0,C:\Users\Shama\OneDrive\Documents\Side_Projects\Side_Projects\IAPrecinctMap\data\2012\20121106__ia__general__floyd__precinct.csv,35
Floyd,Rock - Grove - Rudd,,unmatched,0.0,C:\Users\Shama\OneDrive\Documents\Side_Projects\Side_Projects\IAPrecinctMap\data\2012\20121106__ia__general__floyd__precinct.csv,46
Floyd,Rockford - Ulster,,unmatched,0.0,C:\Users\Shama\OneDrive\Documents\Side_Projects\Side_Projects\IAPrecinctMap\data\2012\20121106__ia__general__floyd__precinct.csv,57
Floyd,Scott - Union - Pleasant Grove,,unmatched,0.0,C:\Users\Shama\OneDrive\Documents\Side_Projects\Side_Projects\IAPrecinctMap\data\2012\20121106__ia__general__floyd__precinct.csv,68
Floyd,St. Charles Twp - Riverton,,unmatched,0.0,C:\Users\Shama\OneDrive\Documents\Side_Projects\Side_Projects\IAPrecinctMap\data\2012\20121106__ia__general__floyd__precinct.csv,79
Franklin,,,unmatched,0.0,C:\Users\Shama\OneDrive\Documents\Side_Projects\Side_Projects\IAPrecinctMap\data\2012\20121106__ia__general__franklin__precinct.csv,134
Franklin,Geneva/Ingham/East Mott,,ambiguous,0.358974358974359,C:\Users\Shama\OneDrive\Documents\Side_Projects\Side_Projects\IAPrecinctMap\data\2012\20121106__ia__general__franklin__precinct.csv,2
Franklin,Grant/Osceola,,ambiguous,0.37209302325581395,C:\Users\Shama\OneDrive\Documents\Side_Projects\Side_Projects\IAPrecinctMap\data\2012\20121106__ia__general__franklin__precinct.csv,13
Franklin,Hamilton/Lee/Reeve,,ambiguous,0.37037037037037035,C:\Users\Shama\OneDrive\Documents\Side_Projects\Side_Projects\IAPrecinctMap\data\2012\20121106__ia__general__franklin__precinct.csv,24
Franklin,Hampton 1,,ambiguous,0.5555555555555556,C:\Users\Shama\OneDrive\Documents\Side_Projects\Side_Projects\IAPrecinctMap\data\2012\20121106__ia__general__franklin__precinct.csv,35
Franklin,Hampton 2,,ambiguous,0.5555555555555556,C:\Users\Shama\OneDrive\Documents\Side_Projects\Side_Projects\IAPrecinctMap\data\2012\20121106__ia__general__franklin__precinct.csv,46
Franklin,Hampton 3,,ambiguous,0.5555555555555556,C:\Users\Shama\OneDrive\Documents\Side_Projects\Side_Projects\IAPrecinctMap\data\2012\20121106__ia__general__franklin__precinct.csv,57
Franklin,Hampton 4,,ambiguous,0.5555555555555556,C:\Users\Shama\OneDrive\Documents\Side_Projects\Side_Projects\IAPrecinctMap\data\2012\20121106__ia__general__franklin__precinct.csv,68
Franklin,Marion,,ambiguous,0.5,C:\Users\Shama\OneDrive\Documents\Side_Projects\Side_Projects\IAPrecinctMap\data\2012\20121106__ia__general__franklin__precinct.csv,79
Franklin,Oakland/Morgan,,ambiguous,0.4,C:\Users\Shama\OneDrive\Documents\Side_Projects\Side_Projects\IAPrecinctMap\data\2012\20121106__ia__general__franklin__precinct.csv,90
Franklin,Richland/Ross/West Fork,,ambiguous,0.41025641025641024,C:\Users\Shama\OneDrive\Documents\Side_Projects\Side_Projects\IAPrecinctMap\data\2012\20121106__ia__general__franklin__precinct.csv,101
Franklin,West Mott Township,,ambiguous,0.4444444444444444,C:\Users\Shama\OneDrive\Documents\Side_Projects\Side_Projects\IAPrecinctMap\data\2012\20121106__ia__general__franklin__precinct.csv,112
Franklin,Wisner/Scott,,ambiguous,0.45454545454545453,C:\Users\Shama\OneDrive\Documents\Side_Projects\Side_Projects\IAPrecinctMap\data\2012\20121106__ia__general__franklin__precinct.csv,123
Fremont,,,unmatched,0.0,C:\Users\Shama\OneDrive\Documents\Side_Projects\Side_Projects\IAPrecinctMap\data\2012\20121106__ia__general__fremont__precinct.csv,79
Fremont,FARRAGUT,,unmatched,0.0,C:\Users\Shama\OneDrive\Documents\Side_Projects\Side_Projects\IAPrecinctMap\data\2012\20121106__ia__general__fremont__precinct.csv,2
Fremont,GREEN/RIVERSIDE/SCOTT,,unmatched,0.0,C:\Users\Shama\OneDrive\Documents\Side_Projects\Side_Projects\IAPrecinctMap\data\2012\20121106__ia__general__fremont__precinct.csv,13
Fremont,HAMBURG II,,unmatched,0.0,C:\Users\Shama\OneDrive\Documents\Side_Projects\Side_Projects\IAPrecinctMap\data\2012\20121106__ia__general__fremont__precinct.csv,24
Fremont,HAMBURG III,,unmatched,0.0,C:\Users\Shama\OneDrive\Documents\Side_Projects\Side_Projects\IAPrecinctMap\data\2012\20121106__ia__general__fremont__precinct.csv,35
Fremont,HAMBURG WARD I/WASHINGTON TWP,,unmatched,0.0,C:\Users\Shama\OneDrive\Documents\Side_Projects\Side_Projects\IAPrecinctMap\data\2012\20121106__ia__general__fremont__precinct.csv,46
Fremont,RIVERTON,,unmatched,0.0,C:\Users\Shama\OneDrive\Documents\Side_Projects\Side_Projects\IAPrecinctMap\data\2012\20121106__ia__general__fremont__precinct.csv,57
Fremont,SIDNEY,,unmatched,0.0,C:\Users\Shama\OneDrive\Documents\Side_Projects\Side_Projects\IAPrecinctMap\data\2012\20121106__ia__general__fremont__precinct.csv,68
Greene,,,unmatched,0.0,C:\Users\Shama\OneDrive\Documents\Side_Projects\Side_Projects\IAPrecinctMap\data\2012\20121106__ia__general__greene__precinct.csv,79
Greene,Central Precinct,,ambiguous,0.3157894736842105,C:\Users\Shama\OneDrive\Documents\Side_Projects\Side_Projects\IAPrecinctMap\data\2012\20121106__ia__general__greene__precinct.csv,2
Greene,East Precinct,,ambiguous,0.4,C:\Users\Shama\OneDrive\Documents\Side_Projects\Side_Projects\IAPrecinctMap\data\2012\20121106__ia__general__greene__precinct.csv,13
Greene,Jefferson 1 Precinct,,ambiguous,0.37037037037037035,C:\Users\Shama\OneDrive\Documents\Side_Projects\Side_Projects\IAPrecinctMap\data\2012\20121106__ia__general__greene__precinct.csv,24
Greene,Jefferson 2 Precinct,,ambiguous,0.37037037037037035,C:\Users\Shama\OneDrive\Documents\Side_Projects\Side_Projects\IAPrecinctMap\data\2012\20121106__ia__general__greene__precinct.csv,35
Greene,Jefferson 3 Precinct,,ambiguous,0.37037037037037035,C:\Users\Shama\OneDrive\Documents\Side_Projects\Side_Projects\IAPrecinctMap\data\2012\20121106__ia__general__greene__precinct.csv,46
Greene,North Precinct,,ambiguous,0.3157894736842105,C:\Users\Shama\OneDrive\Documents\Side_Projects\Side_Projects\IAPrecinctMap\data\2012\20121106__ia__general__greene__precinct.csv,57
Greene,West Precinct,,ambiguous,0.3333333333333333,C:\Users\Shama\OneDrive\Documents\Side_Projects\Side_Projects\IAPrecinctMap\data\2012\20121106__ia__general__greene__precinct.csv,68
Grundy,,,unmatched,0.0,C:\Users\Shama\OneDrive\Documents\Side_Projects\Side_Projects\IAPrecinctMap\data\2012\20121106__ia__general__grundy__precinct.csv,79
Grundy,PRECINCT 1,,unmatched,0.0,C:\Users\Shama\OneDrive\Documents\Side_Projects\Side_Projects\IAPrecinctMap\data\2012\20121106__ia__general__grundy__precinct.csv,2
Grundy,PRECINCT 2,,unmatched,0.0,C:\Users\Shama\OneDrive\Documents\Side_Projects\Side_Projects\IAPrecinctMap\data\2012\20121106__ia__general__grundy__precinct.csv,13
Grundy,PRECINCT 3,,unmatched,0.0,C:\Users\Shama\OneDrive\Documents\Side_Projects\Side_Projects\IAPrecinctMap\data\2012\20121106__ia__general__grundy__precinct.csv,24
Grundy,PRECINCT 4,,unmatched,0.0,C:\Users\Shama\OneDrive\Documents\Side_Projects\Side_Projects\IAPrecinctMap\data\2012\20121106__ia__general__grundy__precinct.csv,35
Grundy,PRECINCT 5,,unmatched,0.0,C:\Users\Shama\OneDrive\Documents\Side_Projects\Side_Projects\IAPrecinctMap\data\2012\20121106__ia__general__grundy__precinct.csv,46
Grundy,PRECINCT 6,,unmatched,0.0,C:\Users\Shama\OneDrive\Documents\Side_Projects\Side_Projects\IAPrecinctMap\data\2012\20121106__ia__general__grundy__precinct.csv,57
Grundy,PRECINCT 7,,unmatched,0.0,C:\Users\Shama\OneDrive\Documents\Side_Projects\Side_Projects\IAPrecinctMap\data\2012\20121106__ia__general__grundy__precinct.csv,68
Guthrie,,,unmatched,0.0,C:\Users\Shama\OneDrive\Documents\Side_Projects\Side_Projects\IAPrecinctMap\data\2012\20121106__ia__general__guthrie__precinct.csv,90
Guthrie,Black Precinct,,ambiguous,0.375,C:\Users\Shama\OneDrive\Documents\Side_Projects\Side_Projects\IAPrecinctMap\data\2012\20121106__ia__general__guthrie__precinct.csv,2
Guthrie,Blue Precinct,,ambiguous,0.3076923076923077,C:\Users\Shama\OneDrive\Documents\Side_Projects\Side_Projects\IAPrecinctMap\data\2012\20121106__ia__general__guthrie__precinct.csv,13
Guthrie,Brown Precinct,,ambiguous,0.46153846153846156,C:\Users\Shama\OneDrive\Documents\Side_Projects\Side_Projects\IAPrecinctMap\data\2012\20121106__ia__general__guthrie__precinct.csv,24
Guthrie,Gold Precinct,,ambiguous,0.3076923076923077,C:\Users\Shama\OneDrive\Documents\Side_Projects\Side_Projects\IAPrecinctMap\data\2012\20121106__ia__general__guthrie__precinct.csv,35
Guthrie,Green Precinct,,ambiguous,0.5555555555555556,C:\Users\Shama\OneDrive\Documents\Side_Projects\Side_Projects\IAPrecinctMap\data\2012\20121106__ia__general__guthrie__precinct.csv,46
Guthrie,Purple Precinct,,ambiguous,0.26666666666666666,C:\Users\Shama\OneDrive\Documents\Side_Projects\Side_Projects\IAPrecinctMap\data\2012\20121106__ia__general__guthrie__precinct.csv,57
Guthrie,Red Precinct - Bayard/Highland/Orange,,ambiguous,0.358974358974359,C:\Users\Shama\OneDrive\Documents\Side_Projects\Side_Projects\IAPrecinctMap\data\2012\20121106__ia__general__guthrie__precinct.csv,68
Guthrie,White Precinct,,ambiguous,0.42105263157894735,C:\Users\Shama\OneDrive\Documents\Side_Projects\Side_Projects\IAPrecinctMap\data\2012\20121106__ia__general__guthrie__precinct.csv,79
Hamilton,,,unmatched,0.0,C:\Users\Shama\OneDrive\Documents\Side_Projects\Side_Projects\IAPrecinctMap\data\2012\20121106__ia__general__hamilton__precinct.csv,90
Hamilton,Precinct 1,,unmatched,0.0,C:\Users\Shama\OneDrive\Documents\Side_Projects\Side_Projects\IAPrecinctMap\data\2012\20121106__ia__general__hamilton__precinct.csv,2
Hamilton,Precinct 2,,unmatched,0.0,C:\Users\Shama\OneDrive\Documents\Side_Projects\Side_Projects\IAPrecinctMap\data\2012\20121106__ia__general__hamilton__precinct.csv,13
Hamilton,Precinct 3,,unmatched,0.0,C:\Users\Shama\OneDrive\Documents\Side_Projects\Side_Projects\IAPrecinctMap\data\2012\20121106__ia__general__hamilton__precinct.csv,24
Hamilton,Precinct 4,,unmatched,0.0,C:\Users\Shama\OneDrive\Documents\Side_Projects\Side_Projects\IAPrecinctMap\data\2012\20121106__ia__general__hamilton__precinct.csv,35
Hamilton,Precinct 5,,unmatched,0.0,C:\Users\Shama\OneDrive\Documents\Side_Projects\Side_Projects\IAPrecinctMap\data\2012\20121106__ia__general__hamilton__precinct.csv,46
Hamilton,Webster City 1,,unmatched,0.0,C:\Users\Shama\OneDrive\Documents\Side_Projects\Side_Projects\IAPrecinctMap\data\2012\20121106__ia__general__hamilton__precinct.csv,57
Hamilton,Webster City 2,,unmatched,0.0,C:\Users\Shama\OneDrive\Documents\Side_Projects\Side_Projects\IAPrecinctMap\data\2012\20121106__ia__general__hamilton__precinct.csv,68
Hamilton,Webster City 3 / Cass,,unmatched,0.0,C:\Users\Shama\OneDrive\Documents\Side_Projects\Side_Projects\IAPrecinctMap\data\2012\20121106__ia__general__hamilton__precinct.csv,79
Hancock,,,unmatched,0.0,C:\Users\Shama\OneDrive\Documents\Side_Projects\Side_Projects\IAPrecinctMap\data\2012\20121106__ia__general__hancock__precinct.csv,112
Hancock,Precinct 1,,ambiguous,0.0,C:\Users\Shama\OneDrive\Documents\Side_Projects\Side_Projects\IAPrecinctMap\data\2012\20121106__ia__general__hancock__precinct.csv,2
Hancock,Precinct 10,,ambiguous,0.0,C:\Users\Shama\OneDrive\Documents\Side_Projects\Side_Projects\IAPrecinctMap\data\2012\20121106__ia__general__hancock__precinct.csv,13
Hancock,Precinct 2,,ambiguous,0.0,C:\Users\Shama\OneDrive\Documents\Side_Projects\Side_Projects\IAPrecinctMap\data\2012\20121106__ia__general__hancock__precinct.csv,24
Hancock,Precinct 3,,ambiguous,0.0,C:\Users\Shama\OneDrive\Documents\Side_Projects\Side_Projects\IAPrecinctMap\data\2012\20121106__ia__general__hancock__precinct.csv,35
Hancock,Precinct 4,,ambiguous,0.0,C:\Users\Shama\OneDrive\Documents\Side_Projects\Side_Projects\IAPrecinctMap\data\2012\20121106__ia__general__hancock__precinct.csv,46
Hancock,Precinct 5,,ambiguous,0.0,C:\Users\Shama\OneDrive\Documents\Side_Projects\Side_Projects\IAPrecinctMap\data\2012\20121106__ia__general__hancock__precinct.csv,57
Hancock,Precinct 6,,ambiguous,0.0,C:\Users\Shama\OneDrive\Documents\Side_Projects\Side_Projects\IAPrecinctMap\data\2012\20121106__ia__general__hancock__precinct.csv,68
Hancock,Precinct 7,,ambiguous,0.0,C:\Users\Shama\OneDrive\Documents\Side_Projects\Side_Projects\IAPrecinctMap\data\2012\20121106__ia__general__hancock__precinct.csv,79
Hancock,Precinct 8,,ambiguous,0.0,C:\Users\Shama\OneDrive\Documents\Side_Projects\Side_Projects\IAPrecinctMap\data\2012\20121106__ia__general__hancock__precinct.csv,90
Hancock,Precinct 9,,ambiguous,0.0,C:\Users\Shama\OneDrive\Documents\Side_Projects\Side_Projects\IAPrecinctMap\data\2012\20121106__ia__general__hancock__precinct.csv,101
Hardin,,,unmatched,0.0,C:\Users\Shama\OneDrive\Documents\Side_Projects\Side_Projects\IAPrecinctMap\data\2012\20121106__ia__general__hardin__precinct.csv,90
Hardin,Alden/Buckeye Precinct,,unmatched,0.0,C:\Users\Shama\OneDrive\Documents\Side_Projects\Side_Projects\IAPrecinctMap\data\2012\20121106__ia__general__hardin__precinct.csv,2
Hardin,Concord/Sherman/Grant/Tip,,unmatched,0.0,C:\Users\Shama\OneDrive\Documents\Side_Projects\Side_Projects\IAPrecinctMap\data\2012\20121106__ia__general__hardin__precinct.csv,13
Hardin,Eldora City Precinct,,unmatched,0.0,C:\Users\Shama\OneDrive\Documents\Side_Projects\Side_Projects\IAPrecinctMap\data\2012\20121106__ia__general__hardin__precinct.csv,24
Hardin,Eldora/Pleas/Prov/Union,,unmatched,0.0,C:\Users\Shama\OneDrive\Documents\Side_Projects\Side_Projects\IAPrecinctMap\data\2012\20121106__ia__general__hardin__precinct.csv,35
Hardin,Etna/Clay Precinct,,unmatched,0.0,C:\Users\Shama\OneDrive\Documents\Side_Projects\Side_Projects\IAPrecinctMap\data\2012\20121106__ia__general__hardin__precinct.csv,46
Hardin,Hardin/Ellis/Jackson Prec,,unmatched,0.0,C:\Users\Shama\OneDrive\Documents\Side_Projects\Side_Projects\IAPrecinctMap\data\2012\20121106__ia__general__hardin__precinct.csv,57
Hardin,Iowa Falls Precinct #1,,unmatched,0.0,C:\Users\Shama\OneDrive\Documents\Side_Projects\Side_Projects\IAPrecinctMap\data\2012\20121106__ia__general__hardin__precinct.csv,68
Hardin,Iowa Falls Precinct #2,,unmatched,0.0,C:\Users\Shama\OneDrive\Documents\Side_Projects\Side_Projects\IAPrecinctMap\data\2012\20121106__ia__general__hardin__precinct.csv,79
Harrison,,,unmatched,0.0,C:\Users\Shama\OneDrive\Documents\Side_Projects\Side_Projects\IAPrecinctMap\data\2012\20121106__ia__general__harrison__precinct.csv,145
Harrison,Precinct #1,,ambiguous,0.0,C:\Users\Shama\OneDrive\Documents\Side_Projects\Side_Projects\IAPrecinctMap\data\2012\20121106__ia__general__harrison__precinct.csv,2
Harrison,Precinct #10 - Logan,,ambiguous,0.35294117647058826,C:\Users\Shama\OneDrive\Documents\Side_Projects\Side_Projects\IAPrecinctMap\data\2012\20121106__ia__general__harrison__precinct.csv,13
Harrison,Precinct #11 - St. John Township,,ambiguous,0.4666666666666667,C:\Users\Shama\OneDrive\Documents\Side_Projects\Side_Projects\IAPrecinctMap\data\2012\20121106__ia__general__harrison__precinct.csv,24
Harrison,Precinct #12 - Missouri Valley,,ambiguous,0.3870967741935484,C:\Users\Shama\OneDrive\Documents\Side_Projects\Side_Projects\IAPrecinctMap\data\2012\20121106__ia__general__harrison__precinct.csv,35
Harrison,Precinct #13,,ambiguous,0.0,C:\Users\Shama\OneDrive\Documents\Side_Projects\Side_Projects\IAPrecinctMap\data\2012\20121106__ia__general__harrison__precinct.csv,46
Harrison,Precinct #2,,ambiguous,0.0,C:\Users\Shama\OneDrive\Documents\Side_Projects\Side_Projects\IAPrecinctMap\data\2012\20121106__ia__general__harrison__precinct.csv,57
Harrison,Precinct #3,,ambiguous,0.0,C:\Users\Shama\OneDrive\Documents\Side_Projects\Side_Projects\IAPrecinctMap\data\2012\20121106__ia__general__harrison__precinct.csv,68
Harrison,Precinct #4,,ambiguous,0.0,C:\Users\Shama\OneDrive\Documents\Side_Projects\Side_Projects\IAPrecinctMap\data\2012\20121106__ia__general__harrison__precinct.csv,79
Harrison,Precinct #5,,ambiguous,0.0,C:\Users\Shama\OneDrive\Documents\Side_Projects\Side_Projects\IAPrecinctMap\data\2012\20121106__ia__general__harrison__precinct.csv,90
Harrison,Precinct #6,,ambiguous,0.0,C:\Users\Shama\OneDrive\Documents\Side_Projects\Side_Projects\IAPrecinctMap\data\2012\20121106__ia__general__harrison__precinct.csv,101
Harrison,Precinct #7 - Woodbine,,ambiguous,0.3333333333333333,C:\Users\Shama\OneDrive\Documents\Side_Projects\Side_Projects\IAPrecinctMap\data\2012\20121106__ia__general__harrison__precinct.csv,112
Harrison,Precinct #8,,ambiguous,0.0,C:\Users\Shama\OneDrive\Documents\Side_Projects\Side_Projects\IAPrecinctMap\data\2012\20121106__ia__general__harrison__precinct.csv,123
Harrison,Precinct #9,,ambiguous,0.0,C:\Users\Shama\OneDrive\Documents\Side_Projects\Side_Projects\IAPrecinctMap\data\2012\20121106__ia__general__harrison__precinct.csv,134
Henry,,,unmatched,0.0,C:\Users\Shama\OneDrive\Documents\Side_Projects\Side_Projects\IAPrecinctMap\data\2012\20121106__ia__general__henry__precinct.csv,101
Henry,Central Precinct,,unmatched,0.0,C:\Users\Shama\OneDrive\Documents\Side_Projects\Side_Projects\IAPrecinctMap\data\2012\20121106__ia__general__henry__precinct.csv,2
Henry,Mt Pleasant Ward 1,,unmatched,0.0,C:\Users\Shama\OneDrive\Documents\Side_Projects\Side_Projects\IAPrecinctMap\data\2012\20121106__ia__general__henry__precinct.csv,13
Henry,Mt Pleasant Ward 2,,unmatched,0.0,C:\Users\Shama\OneDrive\Documents\Side_Projects\Side_Projects\IAPrecinctMap\data\2012\20121106__ia__general__henry__precinct.csv,24
Henry,Mt Pleasant Ward 3,,unmatched,0.0,C:\Users\Shama\OneDrive\Documents\Side_Projects\Side_Projects\IAPrecinctMap\data\2012\20121106__ia__general__henry__precinct.csv,35
Henry,Mt Pleasant Ward 4,,unmatched,0.0,C:\Users\Shama\OneDrive\Documents\Side_Projects\Side_Projects\IAPrecinctMap\data\2012\20121106__ia__general__henry__precinct.csv,46
Henry,Northeast Precinct,,unmatched,0.0,C:\Users\Shama\OneDrive\Documents\Side_Projects\Side_Projects\IAPrecinctMap\data\2012\20121106__ia__general__henry__precinct.csv,57
Henry,Northwest Precinct,,unmatched,0.0,C:\Users\Shama\OneDrive\Documents\Side_Projects\Side_Projects\IAPrecinctMap\data\2012\20121106__ia__general__henry__precinct.csv,68
Henry,Southeast Precinct,,unmatched,0.0,C:\Users\Shama\OneDrive\Documents\Side_Projects\Side_Projects\IAPrecinctMap\data\2012\20121106__ia__general__henry__precinct.csv,79
Henry,Southwest Precinct,,unmatched,0.0,C:\Users\Shama\OneDrive\Documents\Side_Projects\Side_Projects\IAPrecinctMap\data\2012\20121106__ia__general__henry__precinct.csv,90
Howard,,,unmatched,0.0,C:\Users\Shama\OneDrive\Documents\Side_Projects\Side_Projects\IAPrecinctMap\data\2012\20121106__ia__general__howard__precinct.csv,112
Howard,Afton/Howard/Paris,,ambiguous,0.4375,C:\Users\Shama\OneDrive\Documents\Side_Projects\Side_Projects\IAPrecinctMap\data\2012\20121106__ia__general__howard__precinct.csv,2
Howard,Albion/Forest City,,ambiguous,0.4,C:\Users\Shama\OneDrive\Documents\Side_Projects\Side_Projects\IAPrecinctMap\data\2012\20121106__ia__general__howard__precinct.csv,13
Howard,Chester/Oakdale,,ambiguous,0.48,C:\Users\Shama\OneDrive\Documents\Side_Projects\Side_Projects\IAPrecinctMap\data\2012\20121106__ia__general__howard__precinct.csv,24
Howard,Cresco 1A,,ambiguous,0.38095238095238093,C:\Users\Shama\OneDrive\Documents\Side_Projects\Side_Projects\IAPrecinctMap\data\2012\20121106__ia__general__howard__precinct.csv,35
Howard,Cresco 2,,ambiguous,0.4,C:\Users\Shama\OneDrive\Documents\Side_Projects\Side_Projects\IAPrecinctMap\data\2012\20121106__ia__general__howard__precinct.csv,46
Howard,Cresco 3,,ambiguous,0.4,C:\Users\Shama\OneDrive\Documents\Side_Projects\Side_Projects\IAPrecinctMap\data\2012\20121106__ia__general__howard__precinct.csv,57
Howard,Jamestown,,ambiguous,0.45454545454545453,C:\Users\Shama\OneDrive\Documents\Side_Projects\Side_Projects\IAPrecinctMap\data\2012\20121106__ia__general__howard__precinct.csv,68
Howard,New Oregon,,ambiguous,0.4444444444444444,C:\Users\Shama\OneDrive\Documents\Side_Projects\Side_Projects\IAPrecinctMap\data\2012\20121106__ia__general__howard__precinct.csv,79
Howard,Saratoga/Howard Center,,ambiguous,0.4,C:\Users\Shama\OneDrive\Documents\Side_Projects\Side_Projects\IAPrecinctMap\data\2012\20121106__ia__general__howard__precinct.csv,90
Howard,Vernon Springs,,ambiguous,0.4166666666666667,C:\Users\Shama\OneDrive\Documents\Side_Projects\Side_Projects\IAPrecinctMap\data\2012\20121106__ia__general__howard__precinct.csv,101
Humboldt,,,unmatched,0.0,C:\Users\Shama\OneDrive\Documents\Side_Projects\Side_Projects\IAPrecinctMap\data\2012\20121106__ia__general__humboldt__precinct.csv,101
Humboldt,Avery-North Weaver,,unmatched,0.0,C:\Users\Shama\OneDrive\Documents\Side_Projects\Side_Projects\IAPrecinctMap\data\2012\20121106__ia__general__humboldt__precinct.csv,2
Humboldt,Dakota City-Grove,,unmatched,0.0,C:\Users\Shama\OneDrive\Documents\Side_Projects\Side_Projects\IAPrecinctMap\data\2012\20121106__ia__general__humboldt__precinct.csv,13
Humboldt,Delana-Wacousta-North Rutland,,unmatched,0.0,C:\Users\Shama\OneDrive\Documents\Side_Projects\Side_Projects\IAPrecinctMap\data\2012\20121106__ia__general__humboldt__precinct.csv,24
Humboldt,Humboldt 1-Corinth-South Weaver,,unmatched,0.0,C:\Users\Shama\OneDrive\Documents\Side_Projects\Side_Projects\IAPrecinctMap\data\2012\20121106__ia__general__humboldt__precinct.csv,35
Humboldt,Humboldt 2-Beaver-South Norway,,unmatched,0.0,C:\Users\Shama\OneDrive\Documents\Side_Projects\Side_Projects\IAPrecinctMap\data\2012\20121106__ia__general__humboldt__precinct.csv,46
Humboldt,Humboldt 3-South Rutland,,unmatched,0.0,C:\Users\Shama\OneDrive\Documents\Side_Projects\Side_Projects\IAPrecinctMap\data\2012\20121106__ia__general__humboldt__precinct.csv,57
Humboldt,Humboldt-West Vernon,,unmatched,0.0,C:\Users\Shama\OneDrive\Documents\Side_Projects\Side_Projects\IAPrecinctMap\data\2012\20121106__ia__general__humboldt__precinct.csv,68
Humboldt,North Lake-East Vernon,,unmatched,0.0,C:\Users\Shama\OneDrive\Documents\Side_Projects\Side_Projects\IAPrecinctMap\data\2012\20121106__ia__general__humboldt__precinct.csv,79
Humboldt,South Lake-North Norway,,unmatched,0.0,C:\Users\Shama\OneDrive\Documents\Side_Projects\Side_Projects\IAPrecinctMap\data\2012\20121106__ia__general__humboldt__precinct.csv,90
Ida,,,unmatched,0.0,C:\Users\Shama\OneDrive\Documents\Side_Projects\Side_Projects\IAPrecinctMap\data\2012\20121106__ia__general__ida__precinct.csv,79
Ida,City of Arthur,,ambiguous,0.42424242424242425,C:\Users\Shama\OneDrive\Documents\Side_Projects\Side_Projects\IAPrecinctMap\data\2012\20121106__ia__general__ida__precinct.csv,2
Ida,City of Battle Creek & Grant Twp,,ambiguous,0.4383561643835616,C:\Users\Shama\OneDrive\Documents\Side_Projects\Side_Projects\IAPrecinctMap\data\2012\20121106__ia__general__ida__precinct.csv,13
Ida,City of Galva,,ambiguous,0.375,C:\Users\Shama\OneDrive\Documents\Side_Projects\Side_Projects\IAPrecinctMap\data\2012\20121106__ia__general__ida__precinct.csv,24
Ida,City of Holstein,,ambiguous,0.4,C:\Users\Shama\OneDrive\Documents\Side_Projects\Side_Projects\IAPrecinctMap\data\2012\20121106__ia__general__ida__precinct.csv,35
Ida,Ida Grove Ward 1,,ambiguous,0.4444444444444444,C:\Users\Shama\OneDrive\Documents\Side_Projects\Side_Projects\IAPrecinctMap\data\2012\20121106__ia__general__ida__precinct.csv,46
Ida,Ida Grove Ward 2,,ambiguous,0.4444444444444444,C:\Users\Shama\OneDrive\Documents\Side_Projects\Side_Projects\IAPrecinctMap\data\2012\20121106__ia__general__ida__precinct.csv,57
Ida,Ida Grove Ward 3,,ambiguous,0.4444444444444444,C:\Users\Shama\OneDrive\Documents\Side_Projects\Side_Projects\IAPrecinctMap\data\2012\20121106__ia__general__ida__precinct.csv,68
Iowa,,,unmatched,0.0,C:\Users\Shama\OneDrive\Documents\Side_Projects\Side_Projects\IAPrecinctMap\data\2012\20121106__ia__general__iowa__precinct.csv,123
Iowa,Dayton/English I,,unmatched,0.0,C:\Users\Shama\OneDrive\Documents\Side_Projects\Side_Projects\IAPrecinctMap\data\2012\20121106__ia__general__iowa__precinct.csv,2
Iowa,English II,,unmatched,0.0,C:\Users\Shama\OneDrive\Documents\Side_Projects\Side_Projects\IAPrecinctMap\data\2012\20121106__ia__general__iowa__precinct.csv,13
Iowa,Fillmore/Greene,,unmatched,0.0,C:\Users\Shama\OneDrive\Documents\Side_Projects\Side_Projects\IAPrecinctMap\data\2012\20121106__ia__general__iowa__precinct.csv,24
Iowa,Hartford I/Sumner,,unmatched,0.0,C:\Users\Shama\OneDrive\Documents\Side_Projects\Side_Projects\IAPrecinctMap\data\2012\20121106__ia__general__iowa__precinct.csv,35
Iowa,Hartford II/Lincoln,,unmatched,0.0,C:\Users\Shama\OneDrive\Documents\Side_Projects\Side_Projects\IAPrecinctMap\data\2012\20121106__ia__general__iowa__precinct.csv,46
Iowa,Hilton/Washington,,unmatched,0.0,C:\Users\Shama\OneDrive\Documents\Side_Projects\Side_Projects\IAPrecinctMap\data\2012\20121106__ia__general__iowa__precinct.csv,57
Iowa,Honey Creek/Marengo Rural,,unmatched,0.0,C:\Users\Shama\OneDrive\Documents\Side_Projects\Side_Projects\IAPrecinctMap\data\2012\20121106__ia__general__iowa__precinct.csv,68
Iowa,Lenox/Iowa,,unmatched,0.0,C:\Users\Shama\OneDrive\Documents\Side_Projects\Side_Projects\IAPrecinctMap\data\2012\20121106__ia__general__iowa__precinct.csv,79
Iowa,Marengo City,,unmatched,0.0,C:\Users\Shama\OneDrive\Documents\Side_Projects\Side_Projects\IAPrecinctMap\data\2012\20121106__ia__general__iowa__precinct.csv,90
Iowa,Pilot/Troy/York,,unmatched,0.0,C:\Users\Shama\OneDrive\Documents\Side_Projects\Side_Projects\IAPrecinctMap\data\2012\20121106__ia__general__iowa__precinct.csv,101
Iowa,Williamsburg,,unmatched,0.0,C:\Users\Shama\OneDrive\Documents\Side_Projects\Side_Projects\IAPrecinctMap\data\2012\20121106__ia__general__iowa__precinct.csv,112
Jackson,,,unmatched,0.0,C:\Users\Shama\OneDrive\Documents\Side_Projects\Side_Projects\IAPrecinctMap\data\2012\20121106__ia__general__jackson__precinct.csv,178
Jackson,Andrew City Hall - Pct 6,,ambiguous,0.42105263157894735,C:\Users\Shama\OneDrive\Documents\Side_Projects\Side_Projects\IAPrecinctMap\data\2012\20121106__ia__general__jackson__precinct.csv,2
Jackson,Bellevue City Hall - Pct 1,,ambiguous,0.3829787234042553,C:\Users\Shama\OneDrive\Documents\Side_Projects\Side_Projects\IAPrecinctMap\data\2012\20121106__ia__general__jackson__precinct.csv,13
Jackson,Courthouse Courtroom - Pct 7,,ambiguous,0.3448275862068966,C:\Users\Shama\OneDrive\Documents\Side_Projects\Side_Projects\IAPrecinctMap\data\2012\20121106__ia__general__jackson__precinct.csv,24
Jackson,Courthouse North Lobby - Pct 15 - 4th Ward,,ambiguous,0.30985915492957744,C:\Users\Shama\OneDrive\Documents\Side_Projects\Side_Projects\IAPrecinctMap\data\2012\20121106__ia__general__jackson__precinct.csv,35
Jackson,LaMotte Recreation Center - Pct 3,,ambiguous,0.35714285714285715,C:\Users\Shama\OneDrive\Documents\Side_Projects\Side_Projects\IAPrecinctMap\data\2012\20121106__ia__general__jackson__precinct.csv,46
Jackson,Maquoketa City Hall - Pct 14 - 3rd Ward Maquoketa,,ambiguous,0.36065573770491804,C:\Users\Shama\OneDrive\Documents\Side_Projects\Side_Projects\IAPrecinctMap\data\2012\20121106__ia__general__jackson__precinct.csv,57
Jackson,Maquoketa Fire Station - Pct 16 - 5th Ward,,ambiguous,0.38235294117647056,C:\Users\Shama\OneDrive\Documents\Side_Projects\Side_Projects\IAPrecinctMap\data\2012\20121106__ia__general__jackson__precinct.csv,68
Jackson,Miles City Hall - Pct 10,,ambiguous,0.4,C:\Users\Shama\OneDrive\Documents\Side_Projects\Side_Projects\IAPrecinctMap\data\2012\20121106__ia__general__jackson__precinct.csv,79
Jackson,Monmouth City Hall - Pct 5,,ambiguous,0.36363636363636365,C:\Users\Shama\OneDrive\Documents\Side_Projects\Side_Projects\IAPrecinctMap\data\2012\20121106__ia__general__jackson__precinct.csv,90
Jackson,Preston Community Hall - Pct 9,,ambiguous,0.5,C:\Users\Shama\OneDrive\Documents\Side_Projects\Side_Projects\IAPrecinctMap\data\2012\20121106__ia__general__jackson__precinct.csv,101
Jackson,Sabula City Hall - Pct 11,,ambiguous,0.425531914893617,C:\Users\Shama\OneDrive\Documents\Side_Projects\Side_Projects\IAPrecinctMap\data\2012\20121106__ia__general__jackson__precinct.csv,112
Jackson,Senior Citizen Building - Pct 12 - 1st Ward,,ambiguous,0.34615384615384615,C:\Users\Shama\OneDrive\Documents\Side_Projects\Side_Projects\IAPrecinctMap\data\2012\20121106__ia__general__jackson__precinct.csv,123
Jackson,Skilled Unit Hospital Lobby - Pct 13 -2nd Ward,,ambiguous,0.3684210526315789,C:\Users\Shama\OneDrive\Documents\Side_Projects\Side_Projects\IAPrecinctMap\data\2012\20121106__ia__general__jackson__precinct.csv,134
Jackson,Springbrook City Hall - Pct 8,,ambiguous,0.55,C:\Users\Shama\OneDrive\Documents\Side_Projects\Side_Projects\IAPrecinctMap\data\2012\20121106__ia__general__jackson__precinct.csv,145
Jackson,St. Donatus City Hall - Pct 2,,ambiguous,0.44,C:\Users\Shama\OneDrive\Documents\Side_Projects\Side_Projects\IAPrecinctMap\data\2012\20121106__ia__general__jackson__precinct.csv,156
Jackson,St. Lawrence Community Hall - Pct 4,,ambiguous,0.4642857142857143,C:\Users\Shama\OneDrive\Documents\Side_Projects\Side_Projects\IAPrecinctMap\data\2012\20121106__ia__general__jackson__precinct.csv,167
Jasper,,,unmatched,0.0,C:\Users\Shama\OneDrive\Documents\Side_Projects\Side_Projects\IAPrecinctMap\data\2012\20121106__ia__general__jasper__precinct.csv,222
Jasper,CLEAR CREEK/POWESHIEK,,unmatched,0.0,C:\Users\Shama\OneDrive\Documents\Side_Projects\Side_Projects\IAPrecinctMap\data\2012\20121106__ia__general__jasper__precinct.csv,2
Jasper,COLFAX WARD 1,,unmatched,0.0,C:\Users\Shama\OneDrive\Documents\Side_Projects\Side_Projects\IAPrecinctMap\data\2012\20121106__ia__general__jasper__precinct.csv,13
Jasper,COLFAX WARD 2,,unmatched,0.0,C:\Users\Shama\OneDrive\Documents\Side_Projects\Side_Projects\IAPrecinctMap\data\2012\20121106__ia__general__jasper__precinct.csv,24
Jasper,COLFAX WARD 3,,unmatched,0.0,C:\Users\Shama\OneDrive\Documents\Side_Projects\Side_Projects\IAPrecinctMap\data\2012\20121106__ia__general__jasper__precinct.csv,35
Jasper,DES MOINES,,unmatched,0.0,C:\Users\Shama\OneDrive\Documents\Side_Projects\Side_Projects\IAPrecinctMap\data\2012\20121106__ia__general__jasper__precinct.csv,46
Jasper,ELK CREEK/LYNNGROVE,,unmatched,0.0,C:\Users\Shama\OneDrive\Documents\Side_Projects\Side_Projects\IAPrecinctMap\data\2012\20121106__ia__general__jasper__precinct.csv,57
Jasper,FAIRVIEW,,unmatched,0.0,C:\Users\Shama\OneDrive\Documents\Side_Projects\Side_Projects\IAPrecinctMap\data\2012\20121106__ia__general__jasper__precinct.csv,68
Jasper,HG/K/RC/BV/RL,,unmatched,0.0,C:\Users\Shama\OneDrive\Documents\Side_Projects\Side_Projects\IAPrecinctMap\data\2012\20121106__ia__general__jasper__precinct.csv,79
Jasper,INDEP/MALAKA/MARIPOSA,,unmatched,0.0,C:\Users\Shama\OneDrive\Documents\Side_Projects\Side_Projects\IAPrecinctMap\data\2012\20121106__ia__general__jasper__precinct.csv,90
Jasper,MOUND PRAIRIE/WASHINGTON,,unmatched,0.0,C:\Users\Shama\OneDrive\Documents\Side_Projects\Side_Projects\IAPrecinctMap\data\2012\20121106__ia__general__jasper__precinct.csv,101
Jasper,NEWTON 1-1,,unmatched,0.0,C:\Users\Shama\OneDrive\Documents\Side_Projects\Side_Projects\IAPrecinctMap\data\2012\20121106__ia__general__jasper__precinct.csv,112
Jasper,NEWTON 1-2,,unmatched,0.0,C:\Users\Shama\OneDrive\Documents\Side_Projects\Side_Projects\IAPrecinctMap\data\2012\20121106__ia__general__jasper__precinct.csv,123
Jasper,NEWTON 2-1,,unmatched,0.0,C:\Users\Shama\OneDrive\Documents\Side_Projects\Side_Projects\IAPrecinctMap\data\2012\20121106__ia__general__jasper__precinct.csv,134
Jasper,NEWTON 2-2,,unmatched,0.0,C:\Users\Shama\OneDrive\Documents\Side_Projects\Side_Projects\IAPrecinctMap\data\2012\20121106__ia__general__jasper__precinct.csv,145
Jasper,NEWTON 3-1,,unmatched,0.0,C:\Users\Shama\OneDrive\Documents\Side_Projects\Side_Projects\IAPrecinctMap\data\2012\20121106__ia__general__jasper__precinct.csv,156
Jasper,NEWTON 3-2,,unmatched,0.0,C:\Users\Shama\OneDrive\Documents\Side_Projects\Side_Projects\IAPrecinctMap\data\2012\20121106__ia__general__jasper__precinct.csv,167
Jasper,NEWTON 4-1,,unmatched,0.0,C:\Users\Shama\OneDrive\Documents\Side_Projects\Side_Projects\IAPrecinctMap\data\2012\20121106__ia__general__jasper__precinct.csv,178
Jasper,NEWTON 4-2,,unmatched,0.0,C:\Users\Shama\OneDrive\Documents\Side_Projects\Side_Projects\IAPrecinctMap\data\2012\20121106__ia__general__jasper__precinct.csv,189
Jasper,NEWTON/SHERMAN,,unmatched,0.0,C:\Users\Shama\OneDrive\Documents\Side_Projects\Side_Projects\IAPrecinctMap\data\2012\20121106__ia__general__jasper__precinct.csv,200
Jasper,PALO ALTO,,unmatched,0.0,C:\Users\Shama\OneDrive\Documents\Side_Projects\Side_Projects\IAPrecinctMap\data\2012\20121106__ia__general__jasper__precinct.csv,211
Jefferson,,,unmatched,0.0,C:\Users\Shama\OneDrive\Documents\Side_Projects\Side_Projects\IAPrecinctMap\data\2012\20121106__ia__general__jefferson__precinct.csv,134
Jefferson,Blackhawk-Polk-Packwood,,ambiguous,0.34146341463414637,C:\Users\Shama\OneDrive\Documents\Side_Projects\Side_Projects\IAPrecinctMap\data\2012\20121106__ia__general__jefferson__precinct.csv,2
Jefferson,Buchanan Township,,ambiguous,0.5384615384615384,C:\Users\Shama\OneDrive\Documents\Side_Projects\Side_Projects\IAPrecinctMap\data\2012\20121106__ia__general__jefferson__precinct.csv,13
Jefferson,Center-Cedar-Maharishi Vedic City,,ambiguous,0.3137254901960784,C:\Users\Shama\OneDrive\Documents\Side_Projects\Side_Projects\IAPrecinctMap\data\2012\20121106__ia__general__jefferson__precinct.csv,24
Jefferson,Fairfield 1st Ward,,ambiguous,0.5517241379310345,C:\Users\Shama\OneDrive\Documents\Side_Projects\Side_Projects\IAPrecinctMap\data\2012\20121106__ia__general__jefferson__precinct.csv,35
Jefferson,Fairfield 2nd Ward,,ambiguous,0.4897959183673469,C:\Users\Shama\OneDrive\Documents\Side_Projects\Side_Projects\IAPrecinctMap\data\2012\20121106__ia__general__jefferson__precinct.csv,46
Jefferson,Fairfield 3rd Ward,,ambiguous,0.4827586206896552,C:\Users\Shama\OneDrive\Documents\Side_Projects\Side_Projects\IAPrecinctMap\data\2012\20121106__ia__general__jefferson__precinct.csv,57
Jefferson,Fairfield 4th Ward,,ambiguous,0.5517241379310345,C:\Users\Shama\OneDrive\Documents\Side_Projects\Side_Projects\IAPrecinctMap\data\2012\20121106__ia__general__jefferson__precinct.csv,68
Jefferson,Fairfield 5th Ward,,ambiguous,0.5517241379310345,C:\Users\Shama\OneDrive\Documents\Side_Projects\Side_Projects\IAPrecinctMap\data\2012\20121106__ia__general__jefferson__precinct.csv,79
Jefferson,Liberty-Des Moines-Libertyville,,ambiguous,0.34782608695652173,C:\Users\Shama\OneDrive\Documents\Side_Projects\Side_Projects\IAPrecinctMap\data\2012\20121106__ia__general__jefferson__precinct.csv,90
Jefferson,Locust Grove-Batavia,,ambiguous,0.5882352941176471,C:\Users\Shama\OneDrive\Documents\Side_Projects\Side_Projects\IAPrecinctMap\data\2012\20121106__ia__general__jefferson__precinct.csv,101
Jefferson,Penn-Pleasant Plain,,ambiguous,0.30303030303030304,C:\Users\Shama\OneDrive\Documents\Side_Projects\Side_Projects\IAPrecinctMap\data\2012\20121106__ia__general__jefferson__precinct.csv,112
Jefferson,Walnut-Lockridge-Round Prairie-Lockridge,,ambiguous,0.3137254901960784,C:\Users\Shama\OneDrive\Documents\Side_Projects\Side_Projects\IAPrecinctMap\data\2012\20121106__ia__general__jefferson__precinct.csv,123
Johnson,,,unmatched,0.0,C:\Users\Shama\OneDrive\Documents\Side_Projects\Side_Projects\IAPrecinctMap\data\2012\20121106__ia__general__johnson__precinct.csv,629
Johnson,BIG GROVE TOWNSHIP,,unmatched,0.0,C:\Users\Shama\OneDrive\Documents\Side_Projects\Side_Projects\IAPrecinctMap\data\2012\20121106__ia__general__johnson__precinct.csv,2
Johnson,CEDAR TOWNSHIP,,unmatched,0.0,C:\Users\Shama\OneDrive\Documents\Side_Projects\Side_Projects\IAPrecinctMap\data\2012\20121106__ia__general__johnson__precinct.csv,13
Johnson,CLEAR CREEK/TIFFIN,,unmatched,0.0,C:\Users\Shama\OneDrive\Documents\Side_Projects\Side_Projects\IAPrecinctMap\data\2012\20121106__ia__general__johnson__precinct.csv,24
Johnson,CORALVILLE 01,,unmatched,0.0,C:\Users\Shama\OneDrive\Documents\Side_Projects\Side_Projects\IAPrecinctMap\data\2012\20121106__ia__general__johnson__precinct.csv,35
Johnson,CORALVILLE 02,,unmatched,0.0,C:\Users\Shama\OneDrive\Documents\Side_Projects\Side_Projects\IAPrecinctMap\data\2012\20121106__ia__general__johnson__precinct.csv,46
Johnson,CORALVILLE 03,,unmatched,0.0,C:\Users\Shama\OneDrive\Documents\Side_Projects\Side_Projects\IAPrecinctMap\data\2012\20121106__ia__general__johnson__precinct.csv,57
Johnson,CORALVILLE 04,,unmatched,0.0,C:\Users\Shama\OneDrive\Documents\Side_Projects\Side_Projects\IAPrecinctMap\data\2012\20121106__ia__general__johnson__precinct.csv,68
Johnson,CORALVILLE 05,,unmatched,0.0,C:\Users\Shama\OneDrive\Documents\Side_Projects\Side_Projects\IAPrecinctMap\data\2012\20121106__ia__general__johnson__precinct.csv,79
Johnson,CORALVILLE 06,,unmatched,0.0,C:\Users\Shama\OneDrive\Documents\Side_Projects\Side_Projects\IAPrecinctMap\data\2012\20121106__ia__general__johnson__precinct.csv,90
Johnson,CORALVILLE 07,,unmatched,0.0,C:\Users\Shama\OneDrive\Documents\Side_Projects\Side_Projects\IAPrecinctMap\data\2012\20121106__ia__general__johnson__precinct.csv,101
Johnson,FREMONT-LINCOLN (INCLUDES,,unmatched,0.0,C:\Users\Shama\OneDrive\Documents\Side_Projects\Side_Projects\IAPrecinctMap\data\2012\20121106__ia__general__johnson__precinct.csv,112
Johnson,GRAHAM TOWNSHIP,,unmatched,0.0,C:\Users\Shama\OneDrive\Documents\Side_Projects\Side_Projects\IAPrecinctMap\data\2012\20121106__ia__general__johnson__precinct.csv,123
Johnson,HARDIN TOWNSHIP,,unmatched,0.0,C:\Users\Shama\OneDrive\Documents\Side_Projects\Side_Projects\IAPrecinctMap\data\2012\20121106__ia__general__johnson__precinct.csv,134
Johnson,HILLS,,unmatched,0.0,C:\Users\Shama\OneDrive\Documents\Side_Projects\Side_Projects\IAPrecinctMap\data\2012\20121106__ia__general__johnson__precinct.csv,145
Johnson,IC 10/ELSW,,unmatched,0.0,C:\Users\Shama\OneDrive\Documents\Side_Projects\Side_Projects\IAPrecinctMap\data\2012\20121106__ia__general__johnson__precinct.csv,156
Johnson,IC 12/EAST LUCAS SE,,unmatched,0.0,C:\Users\Shama\OneDrive\Documents\Side_Projects\Side_Projects\IAPrecinctMap\data\2012\20121106__ia__general__johnson__precinct.csv,167
Johnson,IOWA CITY 01,,unmatched,0.0,C:\Users\Shama\OneDrive\Documents\Side_Projects\Side_Projects\IAPrecinctMap\data\2012\20121106__ia__general__johnson__precinct.csv,178
Johnson,IOWA CITY 02,,unmatched,0.0,C:\Users\Shama\OneDrive\Documents\Side_Projects\Side_Projects\IAPrecinctMap\data\2012\20121106__ia__general__johnson__precinct.csv,189
Johnson,IOWA CITY 03,,unmatched,0.0,C:\Users\Shama\OneDrive\Documents\Side_Projects\Side_Projects\IAPrecinctMap\data\2012\20121106__ia__general__johnson__precinct.csv,200
Johnson,IOWA CITY 04,,unmatched,0.0,C:\Users\Shama\OneDrive\Documents\Side_Projects\Side_Projects\IAPrecinctMap\data\2012\20121106__ia__general__johnson__precinct.csv,211
Johnson,IOWA CITY 05,,unmatched,0.0,C:\Users\Shama\OneDrive\Documents\Side_Projects\Side_Projects\IAPrecinctMap\data\2012\20121106__ia__general__johnson__precinct.csv,222
Johnson,IOWA CITY 06,,unmatched,0.0,C:\Users\Shama\OneDrive\Documents\Side_Projects\Side_Projects\IAPrecinctMap\data\2012\20121106__ia__general__johnson__precinct.csv,233
Johnson,IOWA CITY 07,,unmatched,0.0,C:\Users\Shama\OneDrive\Documents\Side_Projects\Side_Projects\IAPrecinctMap\data\2012\20121106__ia__general__johnson__precinct.csv,244
Johnson,IOWA CITY 08,,unmatched,0.0,C:\Users\Shama\OneDrive\Documents\Side_Projects\Side_Projects\IAPrecinctMap\data\2012\20121106__ia__general__johnson__precinct.csv,255
Johnson,IOWA CITY 09,,unmatched,0.0,C:\Users\Shama\OneDrive\Documents\Side_Projects\Side_Projects\IAPrecinctMap\data\2012\20121106__ia__general__johnson__precinct.csv,266
Johnson,IOWA CITY 11,,unmatched,0.0,C:\Users\Shama\OneDrive\Documents\Side_Projects\Side_Projects\IAPrecinctMap\data\2012\20121106__ia__general__johnson__precinct.csv,277
Johnson,IOWA CITY 13,,unmatched,0.0,C:\Users\Shama\OneDrive\Documents\Side_Projects\Side_Projects\IAPrecinctMap\data\2012\20121106__ia__general__johnson__precinct.csv,288
Johnson,IOWA CITY 14,,unmatched,0.0,C:\Users\Shama\OneDrive\Documents\Side_Projects\Side_Projects\IAPrecinctMap\data\2012\20121106__ia__general__johnson__precinct.csv,299
Johnson,IOWA CITY 15,,unmatched,0.0,C:\Users\Shama\OneDrive\Documents\Side_Projects\Side_Projects\IAPrecinctMap\data\2012\20121106__ia__general__johnson__precinct.csv,310
Johnson,IOWA CITY 16,,unmatched,0.0,C:\Users\Shama\OneDrive\Documents\Side_Projects\Side_Projects\IAPrecinctMap\data\2012\20121106__ia__general__johnson__precinct.csv,321
Johnson,IOWA CITY 17,,unmatched,0.0,C:\Users\Shama\OneDrive\Documents\Side_Projects\Side_Projects\IAPrecinctMap\data\2012\20121106__ia__general__johnson__precinct.csv,332
Johnson,IOWA CITY 18,,unmatched,0.0,C:\Users\Shama\OneDrive\Documents\Side_Projects\Side_Projects\IAPrecinctMap\data\2012\20121106__ia__general__johnson__precinct.csv,343
Johnson,IOWA CITY 19,,unmatched,0.0,C:\Users\Shama\OneDrive\Documents\Side_Projects\Side_Projects\IAPrecinctMap\data\2012\20121106__ia__general__johnson__precinct.csv,354
Johnson,IOWA CITY 20,,unmatched,0.0,C:\Users\Shama\OneDrive\Documents\Side_Projects\Side_Projects\IAPrecinctMap\data\2012\20121106__ia__general__johnson__precinct.csv,365
Johnson,IOWA CITY 21,,unmatched,0.0,C:\Users\Shama\OneDrive\Documents\Side_Projects\Side_Projects\IAPrecinctMap\data\2012\20121106__ia__general__johnson__precinct.csv,376
Johnson,IOWA CITY 22,,unmatched,0.0,C:\Users\Shama\OneDrive\Documents\Side_Projects\Side_Projects\IAPrecinctMap\data\2012\20121106__ia__general__johnson__precinct.csv,387
Johnson,IOWA CITY 23,,unmatched,0.0,C:\Users\Shama\OneDrive\Documents\Side_Projects\Side_Projects\IAPrecinctMap\data\2012\20121106__ia__general__johnson__precinct.csv,398
Johnson,IOWA CITY 24,,unmatched,0.0,C:\Users\Shama\OneDrive\Documents\Side_Projects\Side_Projects\IAPrecinctMap\data\2012\20121106__ia__general__johnson__precinct.csv,409
Johnson,JEFFERSON EAST/SHUEYVILLE,,unmatched,0.0,C:\Users\Shama\OneDrive\Documents\Side_Projects\Side_Projects\IAPrecinctMap\data\2012\20121106__ia__general__johnson__precinct.csv,420
Johnson,JW/MN/SW,,unmatched,0.0,C:\Users\Shama\OneDrive\Documents\Side_Projects\Side_Projects\IAPrecinctMap\data\2012\20121106__ia__general__johnson__precinct.csv,431
Johnson,LIBERTY-PLEASANT VALLEY,,unmatched,0.0,C:\Users\Shama\OneDrive\Documents\Side_Projects\Side_Projects\IAPrecinctMap\data\2012\20121106__ia__general__johnson__precinct.csv,442
Johnson,NEWPORT TOWNSHIP,,unmatched,0.0,C:\Users\Shama\OneDrive\Documents\Side_Projects\Side_Projects\IAPrecinctMap\data\2012\20121106__ia__general__johnson__precinct.csv,453
Johnson,NL06/MADISON /CCN,,unmatched,0.0,C:\Users\Shama\OneDrive\Documents\Side_Projects\Side_Projects\IAPrecinctMap\data\2012\20121106__ia__general__johnson__precinct.csv,464
Johnson,NORTH LIBERTY 01,,unmatched,0.0,C:\Users\Shama\OneDrive\Documents\Side_Projects\Side_Projects\IAPrecinctMap\data\2012\20121106__ia__general__johnson__precinct.csv,475
Johnson,NORTH LIBERTY 02,,unmatched,0.0,C:\Users\Shama\OneDrive\Documents\Side_Projects\Side_Projects\IAPrecinctMap\data\2012\20121106__ia__general__johnson__precinct.csv,486
Johnson,NORTH LIBERTY 03 (PW),,unmatched,0.0,C:\Users\Shama\OneDrive\Documents\Side_Projects\Side_Projects\IAPrecinctMap\data\2012\20121106__ia__general__johnson__precinct.csv,497
Johnson,NORTH LIBERTY 04,,unmatched,0.0,C:\Users\Shama\OneDrive\Documents\Side_Projects\Side_Projects\IAPrecinctMap\data\2012\20121106__ia__general__johnson__precinct.csv,508
Johnson,NORTH LIBERTY 05,,unmatched,0.0,C:\Users\Shama\OneDrive\Documents\Side_Projects\Side_Projects\IAPrecinctMap\data\2012\20121106__ia__general__johnson__precinct.csv,519
Johnson,OXFORD TOWNSHIP/OXFORD,,unmatched,0.0,C:\Users\Shama\OneDrive\Documents\Side_Projects\Side_Projects\IAPrecinctMap\data\2012\20121106__ia__general__johnson__precinct.csv,530
Johnson,PENN/ EAST LUCAS NORTH,,unmatched,0.0,C:\Users\Shama\OneDrive\Documents\Side_Projects\Side_Projects\IAPrecinctMap\data\2012\20121106__ia__general__johnson__precinct.csv,541
Johnson,SCOTT TWP-WEST BRANCH,,unmatched,0.0,C:\Users\Shama\OneDrive\Documents\Side_Projects\Side_Projects\IAPrecinctMap\data\2012\20121106__ia__general__johnson__precinct.csv,552
Johnson,SHARON TOWNSHIP,,unmatched,0.0,C:\Users\Shama\OneDrive\Documents\Side_Projects\Side_Projects\IAPrecinctMap\data\2012\20121106__ia__general__johnson__precinct.csv,563
Johnson,SOLON,,unmatched,0.0,C:\Users\Shama\OneDrive\Documents\Side_Projects\Side_Projects\IAPrecinctMap\data\2012\20121106__ia__general__johnson__precinct.csv,574
Johnson,UNION TOWNSHIP,,unmatched,0.0,C:\Users\Shama\OneDrive\Documents\Side_Projects\Side_Projects\IAPrecinctMap\data\2012\20121106__ia__general__johnson__precinct.csv,585
Johnson,UNIVERSITY HEIGHTS,,unmatched,0.0,C:\Users\Shama\OneDrive\Documents\Side_Projects\Side_Projects\IAPrecinctMap\data\2012\20121106__ia__general__johnson__precinct.csv,596
Johnson,WASHINGTON TOWNSHIP,,unmatched,0.0,C:\Users\Shama\OneDrive\Documents\Side_Projects\Side_Projects\IAPrecinctMap\data\2012\20121106__ia__general__johnson__precinct.csv,607
Johnson,WEST LUCAS TOWNSHIP,,unmatched,0.0,C:\Users\Shama\OneDrive\Documents\Side_Projects\Side_Projects\IAPrecinctMap\data\2012\20121106__ia__general__johnson__precinct.csv,618
Jones,,,unmatched,0.0,C:\Users\Shama\OneDrive\Documents\Side_Projects\Side_Projects\IAPrecinctMap\data\2012\20121106__ia__general__jones__precinct.csv,156
Jones,ANN-ANAMOSA NORTH/CASS,,ambiguous,0.3333333333333333,C:\Users\Shama\OneDrive\Documents\Side_Projects\Side_Projects\IAPrecinctMap\data\2012\20121106__ia__general__jones__precinct.csv,2
Jones,ANS-ANAMOSA SOUTH/JACKSON,,ambiguous,0.32,C:\Users\Shama\OneDrive\Documents\Side_Projects\Side_Projects\IAPrecinctMap\data\2012\20121106__ia__general__jones__precinct.csv,13
Jones,CGLW-CASTLE GRV/LOV/WAYN,,ambiguous,0.5,C:\Users\Shama\OneDrive\Documents\Side_Projects\Side_Projects\IAPrecinctMap\data\2012\20121106__ia__general__jones__precinct.csv,24
Jones,FV-FAIRVIEW,,ambiguous,0.3157894736842105,C:\Users\Shama\OneDrive\Documents\Side_Projects\Side_Projects\IAPrecinctMap\data\2012\20121106__ia__general__jones__precinct.csv,35
Jones,GF-GREENFIELD,,ambiguous,0.35,C:\Users\Shama\OneDrive\Documents\Side_Projects\Side_Projects\IAPrecinctMap\data\2012\20121106__ia__general__jones__precinct.csv,46
Jones,MN1-MONTICELLO 1,,ambiguous,0.3333333333333333,C:\Users\Shama\OneDrive\Documents\Side_Projects\Side_Projects\IAPrecinctMap\data\2012\20121106__ia__general__jones__precinct.csv,57
Jones,MN2-MONTICELLO 2,,ambiguous,0.3333333333333333,C:\Users\Shama\OneDrive\Documents\Side_Projects\Side_Projects\IAPrecinctMap\data\2012\20121106__ia__general__jones__precinct.csv,68
Jones,MN3-MONTICELLO 3,,ambiguous,0.3333333333333333,C:\Users\Shama\OneDrive\Documents\Side_Projects\Side_Projects\IAPrecinctMap\data\2012\20121106__ia__general__jones__precinct.csv,79
Jones,MN4-MONTICELLO 4,,ambiguous,0.3333333333333333,C:\Users\Shama\OneDrive\Documents\Side_Projects\Side_Projects\IAPrecinctMap\data\2012\20121106__ia__general__jones__precinct.csv,90
Jones,OX-OXFORD,,ambiguous,0.23529411764705882,C:\Users\Shama\OneDrive\Documents\Side_Projects\Side_Projects\IAPrecinctMap\data\2012\20121106__ia__general__jones__precinct.csv,101
Jones,RLWS-RICHLAND/WASHINGTON,,ambiguous,0.5555555555555556,C:\Users\Shama\OneDrive\Documents\Side_Projects\Side_Projects\IAPrecinctMap\data\2012\20121106__ia__general__jones__precinct.csv,112
Jones,ROHA-ROME/HALE,,ambiguous,0.41379310344827586,C:\Users\Shama\OneDrive\Documents\Side_Projects\Side_Projects\IAPrecinctMap\data\2012\20121106__ia__general__jones__precinct.csv,123
Jones,SGMC-SC GRV/MADISON/CLAY,,ambiguous,0.35294117647058826,C:\Users\Shama\OneDrive\Documents\Side_Projects\Side_Projects\IAPrecinctMap\data\2012\20121106__ia__general__jones__precinct.csv,134
Jones,WY-WYOMING,,ambiguous,0.4,C:\Users\Shama\OneDrive\Documents\Side_Projects\Side_Projects\IAPrecinctMap\data\2012\20121106__ia__general__jones__precinct.csv,145
Keokuk,,,unmatched,0.0,C:\Users\Shama\OneDrive\Documents\Side_Projects\Side_Projects\IAPrecinctMap\data\2012\20121106__ia__general__keokuk__precinct.csv,167
Keokuk,ADAMS,,unmatched,0.0,C:\Users\Shama\OneDrive\Documents\Side_Projects\Side_Projects\IAPrecinctMap\data\2012\20121106__ia__general__keokuk__precinct.csv,2
Keokuk,"BENTON, STEADY RUN",,unmatched,0.0,C:\Users\Shama\OneDrive\Documents\Side_Projects\Side_Projects\IAPrecinctMap\data\2012\20121106__ia__general__keokuk__precinct.csv,13
Keokuk,"EAST, WEST LANCASTER",,unmatched,0.0,C:\Users\Shama\OneDrive\Documents\Side_Projects\Side_Projects\IAPrecinctMap\data\2012\20121106__ia__general__keokuk__precinct.csv,24
Keokuk,"ENGLISH RIVER, LIBERTY",,unmatched,0.0,C:\Users\Shama\OneDrive\Documents\Side_Projects\Side_Projects\IAPrecinctMap\data\2012\20121106__ia__general__keokuk__precinct.csv,35
Keokuk,JACKSON,,unmatched,0.0,C:\Users\Shama\OneDrive\Documents\Side_Projects\Side_Projects\IAPrecinctMap\data\2012\20121106__ia__general__keokuk__precinct.csv,46
Keokuk,"LAFAYETTE, CLEAR CREEK",,unmatched,0.0,C:\Users\Shama\OneDrive\Documents\Side_Projects\Side_Projects\IAPrecinctMap\data\2012\20121106__ia__general__keokuk__precinct.csv,57
Keokuk,PRAIRIE,,unmatched,0.0,C:\Users\Shama\OneDrive\Documents\Side_Projects\Side_Projects\IAPrecinctMap\data\2012\20121106__ia__general__keokuk__precinct.csv,68
Keokuk,RICHLAND,,unmatched,0.0,C:\Users\Shama\OneDrive\Documents\Side_Projects\Side_Projects\IAPrecinctMap\data\2012\20121106__ia__general__keokuk__precinct.csv,79
Keokuk,SIG 1,,unmatched,0.0,C:\Users\Shama\OneDrive\Documents\Side_Projects\Side_Projects\IAPrecinctMap\data\2012\20121106__ia__general__keokuk__precinct.csv,90
Keokuk,SIG 2,,unmatched,0.0,C:\Users\Shama\OneDrive\Documents\Side_Projects\Side_Projects\IAPrecinctMap\data\2012\20121106__ia__general__keokuk__precinct.csv,101
Keokuk,SIG 3,,unmatched,0.0,C:\Users\Shama\OneDrive\Documents\Side_Projects\Side_Projects\IAPrecinctMap\data\2012\20121106__ia__general__keokuk__precinct.csv,112
Keokuk,SIG 4,,unmatched,0.0,C:\Users\Shama\OneDrive\Documents\Side_Projects\Side_Projects\IAPrecinctMap\data\2012\20121106__ia__general__keokuk__precinct.csv,123
Keokuk,"SIGOURNEY, PLANK, VAN BUREN",,unmatched,0.0,C:\Users\Shama\OneDrive\Documents\Side_Projects\Side_Projects\IAPrecinctMap\data\2012\20121106__ia__general__keokuk__precinct.csv,134
Keokuk,WARREN,,unmatched,0.0,C:\Users\Shama\OneDrive\Documents\Side_Projects\Side_Projects\IAPrecinctMap\data\2012\20121106__ia__general__keokuk__precinct.csv,145
Keokuk,"WHAT CHEER, WASHINGTON",,unmatched,0.0,C:\Users\Shama\OneDrive\Documents\Side_Projects\Side_Projects\IAPrecinctMap\data\2012\20121106__ia__general__keokuk__precinct.csv,156
Kossuth,,,unmatched,0.0,C:\Users\Shama\OneDrive\Documents\Side_Projects\Side_Projects\IAPrecinctMap\data\2012\20121106__ia__general__kossuth__precinct.csv,222
Kossuth,AL1,,ambiguous,0.2857142857142857,C:\Users\Shama\OneDrive\Documents\Side_Projects\Side_Projects\IAPrecinctMap\data\2012\20121106__ia__general__kossuth__precinct.csv,2
Kossuth,AL2,,ambiguous,0.2857142857142857,C:\Users\Shama\OneDrive\Documents\Side_Projects\Side_Projects\IAPrecinctMap\data\2012\20121106__ia__general__kossuth__precinct.csv,13
Kossuth,AL3,,ambiguous,0.2857142857142857,C:\Users\Shama\OneDrive\Documents\Side_Projects\Side_Projects\IAPrecinctMap\data\2012\20121106__ia__general__kossuth__precinct.csv,24
Kossuth,AL4,,ambiguous,0.2857142857142857,C:\Users\Shama\OneDrive\Documents\Side_Projects\Side_Projects\IAPrecinctMap\data\2012\20121106__ia__general__kossuth__precinct.csv,35
Kossuth,"BF, PT",,ambiguous,0.3333333333333333,C:\Users\Shama\OneDrive\Documents\Side_Projects\Side_Projects\IAPrecinctMap\data\2012\20121106__ia__general__kossuth__precinct.csv,46
Kossuth,"BT, FT, UN",,ambiguous,0.36363636363636365,C:\Users\Shama\OneDrive\Documents\Side_Projects\Side_Projects\IAPrecinctMap\data\2012\20121106__ia__general__kossuth__precinct.csv,57
Kossuth,CR 1,,ambiguous,0.3076923076923077,C:\Users\Shama\OneDrive\Documents\Side_Projects\Side_Projects\IAPrecinctMap\data\2012\20121106__ia__general__kossuth__precinct.csv,68
Kossuth,CR 2,,ambiguous,0.3076923076923077,C:\Users\Shama\OneDrive\Documents\Side_Projects\Side_Projects\IAPrecinctMap\data\2012\20121106__ia__general__kossuth__precinct.csv,79
Kossuth,"CR, IV, RV",,ambiguous,0.2631578947368421,C:\Users\Shama\OneDrive\Documents\Side_Projects\Side_Projects\IAPrecinctMap\data\2012\20121106__ia__general__kossuth__precinct.csv,90
Kossuth,"EG, GT, HS, SW",,ambiguous,0.4444444444444444,C:\Users\Shama\OneDrive\Documents\Side_Projects\Side_Projects\IAPrecinctMap\data\2012\20121106__ia__general__kossuth__precinct.csv,101
Kossuth,"GF, WM",,ambiguous,0.3333333333333333,C:\Users\Shama\OneDrive\Documents\Side_Projects\Side_Projects\IAPrecinctMap\data\2012\20121106__ia__general__kossuth__precinct.csv,112
Kossuth,"GM, RM",,ambiguous,0.2608695652173913,C:\Users\Shama\OneDrive\Documents\Side_Projects\Side_Projects\IAPrecinctMap\data\2012\20121106__ia__general__kossuth__precinct.csv,123
Kossuth,"GW, SN",,ambiguous,0.27586206896551724,C:\Users\Shama\OneDrive\Documents\Side_Projects\Side_Projects\IAPrecinctMap\data\2012\20121106__ia__general__kossuth__precinct.csv,134
Kossuth,"HB, LY, LN, SF",,ambiguous,0.2857142857142857,C:\Users\Shama\OneDrive\Documents\Side_Projects\Side_Projects\IAPrecinctMap\data\2012\20121106__ia__general__kossuth__precinct.csv,145
Kossuth,"IV, PC",,ambiguous,0.42857142857142855,C:\Users\Shama\OneDrive\Documents\Side_Projects\Side_Projects\IAPrecinctMap\data\2012\20121106__ia__general__kossuth__precinct.csv,156
Kossuth,LC,,ambiguous,0.2222222222222222,C:\Users\Shama\OneDrive\Documents\Side_Projects\Side_Projects\IAPrecinctMap\data\2012\20121106__ia__general__kossuth__precinct.csv,167
Kossuth,"LV, SM",,ambiguous,0.3333333333333333,C:\Users\Shama\OneDrive\Documents\Side_Projects\Side_Projects\IAPrecinctMap\data\2012\20121106__ia__general__kossuth__precinct.csv,178
Kossuth,PC,,ambiguous,0.2222222222222222,C:\Users\Shama\OneDrive\Documents\Side_Projects\Side_Projects\IAPrecinctMap\data\2012\20121106__ia__general__kossuth__precinct.csv,189
Kossuth,"PR, WL",,ambiguous,0.5,C:\Users\Shama\OneDrive\Documents\Side_Projects\Side_Projects\IAPrecinctMap\data\2012\20121106__ia__general__kossuth__precinct.csv,200
Kossuth,UN,,ambiguous,0.36363636363636365,C:\Users\Shama\OneDrive\Documents\Side_Projects\Side_Projects\IAPrecinctMap\data\2012\20121106__ia__general__kossuth__precinct.csv,211
Lee,,,unmatched,0.0,C:\Users\Shama\OneDrive\Documents\Side_Projects\Side_Projects\IAPrecinctMap\data\2012\20121106__ia__general__lee__precinct.csv,222
Lee,CENTRAL LEE HIGH SCHOOL-C,,unmatched,0.0,C:\Users\Shama\OneDrive\Documents\Side_Projects\Side_Projects\IAPrecinctMap\data\2012\20121106__ia__general__lee__precinct.csv,2
Lee,CITY CAR BARN,,unmatched,0.0,C:\Users\Shama\OneDrive\Documents\Side_Projects\Side_Projects\IAPrecinctMap\data\2012\20121106__ia__general__lee__precinct.csv,13
Lee,EVANGELICAL FREE CHURCH,,unmatched,0.0,C:\Users\Shama\OneDrive\Documents\Side_Projects\Side_Projects\IAPrecinctMap\data\2012\20121106__ia__general__lee__precinct.csv,24
Lee,FT MADISON CITY HALL,,unmatched,0.0,C:\Users\Shama\OneDrive\Documents\Side_Projects\Side_Projects\IAPrecinctMap\data\2012\20121106__ia__general__lee__precinct.csv,35
Lee,FT MADISON PUBLIC LIBRARY,,unmatched,0.0,C:\Users\Shama\OneDrive\Documents\Side_Projects\Side_Projects\IAPrecinctMap\data\2012\20121106__ia__general__lee__precinct.csv,46
Lee,GRACE BIBLE CHURCH-GB,,unmatched,0.0,C:\Users\Shama\OneDrive\Documents\Side_Projects\Side_Projects\IAPrecinctMap\data\2012\20121106__ia__general__lee__precinct.csv,57
Lee,HAWTHORNE SCHOOL,,unmatched,0.0,C:\Users\Shama\OneDrive\Documents\Side_Projects\Side_Projects\IAPrecinctMap\data\2012\20121106__ia__general__lee__precinct.csv,68
Lee,HERITAGE CENTER A,,unmatched,0.0,C:\Users\Shama\OneDrive\Documents\Side_Projects\Side_Projects\IAPrecinctMap\data\2012\20121106__ia__general__lee__precinct.csv,79
Lee,HERITAGE CENTER B,,unmatched,0.0,C:\Users\Shama\OneDrive\Documents\Side_Projects\Side_Projects\IAPrecinctMap\data\2012\20121106__ia__general__lee__precinct.csv,90
Lee,HILLVIEW VILLAGE,,unmatched,0.0,C:\Users\Shama\OneDrive\Documents\Side_Projects\Side_Projects\IAPrecinctMap\data\2012\20121106__ia__general__lee__precinct.csv,101
Lee,HOLY TRINITY HIGH SCHOOL,,unmatched,0.0,C:\Users\Shama\OneDrive\Documents\Side_Projects\Side_Projects\IAPrecinctMap\data\2012\20121106__ia__general__lee__precinct.csv,112
Lee,IVOR FOWLER COMM CENTER-M,,unmatched,0.0,C:\Users\Shama\OneDrive\Documents\Side_Projects\Side_Projects\IAPrecinctMap\data\2012\20121106__ia__general__lee__precinct.csv,123
Lee,JACKSON TWP FIRE STATION,,unmatched,0.0,C:\Users\Shama\OneDrive\Documents\Side_Projects\Side_Projects\IAPrecinctMap\data\2012\20121106__ia__general__lee__precinct.csv,134
Lee,JIM BAIER FORD,,unmatched,0.0,C:\Users\Shama\OneDrive\Documents\Side_Projects\Side_Projects\IAPrecinctMap\data\2012\20121106__ia__general__lee__precinct.csv,145
Lee,KEOKUK PUBLIC LIBRARY,,unmatched,0.0,C:\Users\Shama\OneDrive\Documents\Side_Projects\Side_Projects\IAPrecinctMap\data\2012\20121106__ia__general__lee__precinct.csv,156
Lee,LEARNING CENTER,,unmatched,0.0,C:\Users\Shama\OneDrive\Documents\Side_Projects\Side_Projects\IAPrecinctMap\data\2012\20121106__ia__general__lee__precinct.csv,167
Lee,MCALEER HALL,,unmatched,0.0,C:\Users\Shama\OneDrive\Documents\Side_Projects\Side_Projects\IAPrecinctMap\data\2012\20121106__ia__general__lee__precinct.csv,178
Lee,PILOT GROVE BANK COMM ROO,,unmatched,0.0,C:\Users\Shama\OneDrive\Documents\Side_Projects\Side_Projects\IAPrecinctMap\data\2012\20121106__ia__general__lee__precinct.csv,189
Lee,SOUTH LEE COUNTY COURTHOU,,unmatched,0.0,C:\Users\Shama\OneDrive\Documents\Side_Projects\Side_Projects\IAPrecinctMap\data\2012\20121106__ia__general__lee__precinct.csv,200
Lee,WEST POINT LIBRARY-PR,,unmatched,0.0,C:\Users\Shama\OneDrive\Documents\Side_Projects\Side_Projects\IAPrecinctMap\data\2012\20121106__ia__general__lee__precinct.csv,211
Linn,,,unmatched,0.0,C:\Users\Shama\OneDrive\Documents\Side_Projects\Side_Projects\IAPrecinctMap\data\2012\20121106__ia__general__linn__precinct.csv,948
Linn,CR01 River of Life Ministries,,ambiguous,0.36363636363636365,C:\Users\Shama\OneDrive\Documents\Side_Projects\Side_Projects\IAPrecinctMap\data\2012\20121106__ia__general__linn__precinct.csv,2
Linn,CR02 Northbrook Baptist Church,,ambiguous,0.27906976744186046,C:\Users\Shama\OneDrive\Documents\Side_Projects\Side_Projects\IAPrecinctMap\data\2012\20121106__ia__general__linn__precinct.csv,13
Linn,CR03 Noelridge Christian Church,,ambiguous,0.2727272727272727,C:\Users\Shama\OneDrive\Documents\Side_Projects\Side_Projects\IAPrecinctMap\data\2012\20121106__ia__general__linn__precinct.csv,24
Linn,CR04 St Marks Lutheran Church,,ambiguous,0.2727272727272727,C:\Users\Shama\OneDrive\Documents\Side_Projects\Side_Projects\IAPrecinctMap\data\2012\20121106__ia__general__linn__precinct.csv,35
Linn,CR05 Mt Zion Missionary Baptist Church,,ambiguous,0.2127659574468085,C:\Users\Shama\OneDrive\Documents\Side_Projects\Side_Projects\IAPrecinctMap\data\2012\20121106__ia__general__linn__precinct.csv,46
Linn,CR06 Peace Christian Church,,ambiguous,0.2926829268292683,C:\Users\Shama\OneDrive\Documents\Side_Projects\Side_Projects\IAPrecinctMap\data\2012\20121106__ia__general__linn__precinct.csv,57
Linn,CR07 Kirkwood Training Center,,ambiguous,0.32558139534883723,C:\Users\Shama\OneDrive\Documents\Side_Projects\Side_Projects\IAPrecinctMap\data\2012\20121106__ia__general__linn__precinct.csv,68
Linn,CR08 Harding Middle School,,ambiguous,0.3888888888888889,C:\Users\Shama\OneDrive\Documents\Side_Projects\Side_Projects\IAPrecinctMap\data\2012\20121106__ia__general__linn__precinct.csv,79
Linn,CR09 St Pius X Catholic Church,,ambiguous,0.36065573770491804,C:\Users\Shama\OneDrive\Documents\Side_Projects\Side_Projects\IAPrecinctMap\data\2012\20121106__ia__general__linn__precinct.csv,90
Linn,CR10 Lovely Lane United Methodist Church,,ambiguous,0.3380281690140845,C:\Users\Shama\OneDrive\Documents\Side_Projects\Side_Projects\IAPrecinctMap\data\2012\20121106__ia__general__linn__precinct.csv,101
Linn,CR11 Community of Christ,,ambiguous,0.2702702702702703,C:\Users\Shama\OneDrive\Documents\Side_Projects\Side_Projects\IAPrecinctMap\data\2012\20121106__ia__general__linn__precinct.csv,112
Linn,CR12 Oakland Church of the Nazarene,,ambiguous,0.3018867924528302,C:\Users\Shama\OneDrive\Documents\Side_Projects\Side_Projects\IAPrecinctMap\data\2012\20121106__ia__general__linn__precinct.csv,123
Linn,CR13 Isaac Newton Christian Academy,,ambiguous,0.3333333333333333,C:\Users\Shama\OneDrive\Documents\Side_Projects\Side_Projects\IAPrecinctMap\data\2012\20121106__ia__general__linn__precinct.csv,134
Linn,CR14 Arthur Elementary School,,ambiguous,0.3181818181818182,C:\Users\Shama\OneDrive\Documents\Side_Projects\Side_Projects\IAPrecinctMap\data\2012\20121106__ia__general__linn__precinct.csv,145
Linn,CR15 Washington High School,,ambiguous,0.5365853658536586,C:\Users\Shama\OneDrive\Documents\Side_Projects\Side_Projects\IAPrecinctMap\data\2012\20121106__ia__general__linn__precinct.csv,156
Linn,CR16 Franklin Middle School,,ambiguous,0.46153846153846156,C:\Users\Shama\OneDrive\Documents\Side_Projects\Side_Projects\IAPrecinctMap\data\2012\20121106__ia__general__linn__precinct.csv,167
Linn,CR17 First Lutheran Church,,ambiguous,0.34146341463414637,C:\Users\Shama\OneDrive\Documents\Side_Projects\Side_Projects\IAPrecinctMap\data\2012\20121106__ia__general__linn__precinct.csv,178
Linn,CR18 St James United Methodist Church,,ambiguous,0.3235294117647059,C:\Users\Shama\OneDrive\Documents\Side_Projects\Side_Projects\IAPrecinctMap\data\2012\20121106__ia__general__linn__precinct.csv,189
Linn,CR19 Madison Elementary School,,ambiguous,0.2926829268292683,C:\Users\Shama\OneDrive\Documents\Side_Projects\Side_Projects\IAPrecinctMap\data\2012\20121106__ia__general__linn__precinct.csv,200
Linn,CR20 Holy Redeemer Lutheran Church,,ambiguous,0.2857142857142857,C:\Users\Shama\OneDrive\Documents\Side_Projects\Side_Projects\IAPrecinctMap\data\2012\20121106__ia__general__linn__precinct.csv,211
Linn,CR21 Immanuel Baptist Church,,ambiguous,0.3,C:\Users\Shama\OneDrive\Documents\Side_Projects\Side_Projects\IAPrecinctMap\data\2012\20121106__ia__general__linn__precinct.csv,222
Linn,CR22 First Presbyterian Church,,ambiguous,0.35555555555555557,C:\Users\Shama\OneDrive\Documents\Side_Projects\Side_Projects\IAPrecinctMap\data\2012\20121106__ia__general__linn__precinct.csv,233
Linn,CR23 Johnson Elementary School,,ambiguous,0.2926829268292683,C:\Users\Shama\OneDrive\Documents\Side_Projects\Side_Projects\IAPrecinctMap\data\2012\20121106__ia__general__linn__precinct.csv,244
Linn,CR24 Bethany Lutheran Church,,ambiguous,0.2631578947368421,C:\Users\Shama\OneDrive\Documents\Side_Projects\Side_Projects\IAPrecinctMap\data\2012\20121106__ia__general__linn__precinct.csv,255
Linn,CR25 Calvin Sinclair Presbyterian,,ambiguous,0.3333333333333333,C:\Users\Shama\OneDrive\Documents\Side_Projects\Side_Projects\IAPrecinctMap\data\2012\20121106__ia__general__linn__precinct.csv,266
Linn,CR26 Grant Wood Elementary School,,ambiguous,0.34375,C:\Users\Shama\OneDrive\Documents\Side_Projects\Side_Projects\IAPrecinctMap\data\2012\20121106__ia__general__linn__precinct.csv,277
Linn,CR27 Linn County Day Care,,ambiguous,0.32432432432432434,C:\Users\Shama\OneDrive\Documents\Side_Projects\Side_Projects\IAPrecinctMap\data\2012\20121106__ia__general__linn__precinct.csv,288
Linn,CR28 CR First Church of the Nazarene,,ambiguous,0.27450980392156865,C:\Users\Shama\OneDrive\Documents\Side_Projects\Side_Projects\IAPrecinctMap\data\2012\20121106__ia__general__linn__precinct.csv,299
Linn,CR29 IBEW Local 405,,ambiguous,0.3225806451612903,C:\Users\Shama\OneDrive\Documents\Side_Projects\Side_Projects\IAPrecinctMap\data\2012\20121106__ia__general__linn__precinct.csv,310
Linn,CR30 Gloria Dei Lutheran Church,,ambiguous,0.3181818181818182,C:\Users\Shama\OneDrive\Documents\Side_Projects\Side_Projects\IAPrecinctMap\data\2012\20121106__ia__general__linn__precinct.csv,321
Linn,CR31 Cedar Hills Community Church,,ambiguous,0.2857142857142857,C:\Users\Shama\OneDrive\Documents\Side_Projects\Side_Projects\IAPrecinctMap\data\2012\20121106__ia__general__linn__precinct.csv,332
Linn,CR32 Calvary Baptist Church,,ambiguous,0.2413793103448276,C:\Users\Shama\OneDrive\Documents\Side_Projects\Side_Projects\IAPrecinctMap\data\2012\20121106__ia__general__linn__precinct.csv,343
Linn,CR33 Taylor Elementary School,,ambiguous,0.3,C:\Users\Shama\OneDrive\Documents\Side_Projects\Side_Projects\IAPrecinctMap\data\2012\20121106__ia__general__linn__precinct.csv,354
Linn,CR34 Linn County Elections Depot,,ambiguous,0.34146341463414637,C:\Users\Shama\OneDrive\Documents\Side_Projects\Side_Projects\IAPrecinctMap\data\2012\20121106__ia__general__linn__precinct.csv,365
Linn,CR35 African-American Historical,,ambiguous,0.36363636363636365,C:\Users\Shama\OneDrive\Documents\Side_Projects\Side_Projects\IAPrecinctMap\data\2012\20121106__ia__general__linn__precinct.csv,376
Linn,CR36 St Stephens Lutheran Church,,ambiguous,0.23809523809523808,C:\Users\Shama\OneDrive\Documents\Side_Projects\Side_Projects\IAPrecinctMap\data\2012\20121106__ia__general__linn__precinct.csv,387
Linn,CR37 Hope Lutheran Church,,ambiguous,0.23255813953488372,C:\Users\Shama\OneDrive\Documents\Side_Projects\Side_Projects\IAPrecinctMap\data\2012\20121106__ia__general__linn__precinct.csv,398
Linn,CR38 Elks Lodge,,ambiguous,0.3076923076923077,C:\Users\Shama\OneDrive\Documents\Side_Projects\Side_Projects\IAPrecinctMap\data\2012\20121106__ia__general__linn__precinct.csv,409
Linn,CR39 Linn County Community,,ambiguous,0.358974358974359,C:\Users\Shama\OneDrive\Documents\Side_Projects\Side_Projects\IAPrecinctMap\data\2012\20121106__ia__general__linn__precinct.csv,420
Linn,CR40 Salem Methodist Church,,ambiguous,0.2857142857142857,C:\Users\Shama\OneDrive\Documents\Side_Projects\Side_Projects\IAPrecinctMap\data\2012\20121106__ia__general__linn__precinct.csv,431
Linn,CR41 Moose Lodge,,ambiguous,0.23529411764705882,C:\Users\Shama\OneDrive\Documents\Side_Projects\Side_Projects\IAPrecinctMap\data\2012\20121106__ia__general__linn__precinct.csv,442
Linn,CR42 Grant Wood AEA,,ambiguous,0.38095238095238093,C:\Users\Shama\OneDrive\Documents\Side_Projects\Side_Projects\IAPrecinctMap\data\2012\20121106__ia__general__linn__precinct.csv,453
Linn,CR43 Recreation Center - Kirkwood Community,,ambiguous,0.27450980392156865,C:\Users\Shama\OneDrive\Documents\Side_Projects\Side_Projects\IAPrecinctMap\data\2012\20121106__ia__general__linn__precinct.csv,464
Linn,CR44 Recreation Center - Kirkwood Community,,ambiguous,0.27450980392156865,C:\Users\Shama\OneDrive\Documents\Side_Projects\Side_Projects\IAPrecinctMap\data\2012\20121106__ia__general__linn__precinct.csv,475
Linn,FAI Fairfax Public Library,,ambiguous,0.2926829268292683,C:\Users\Shama\OneDrive\Documents\Side_Projects\Side_Projects\IAPrecinctMap\data\2012\20121106__ia__general__linn__precinct.csv,486
Linn,HIA01 Hope United Church of Christ,,ambiguous,0.23255813953488372,C:\Users\Shama\OneDrive\Documents\Side_Projects\Side_Projects\IAPrecinctMap\data\2012\20121106__ia__general__linn__precinct.csv,497
Linn,HIA02 Hiawatha City Hall Comm Center,,ambiguous,0.2033898305084746,C:\Users\Shama\OneDrive\Documents\Side_Projects\Side_Projects\IAPrecinctMap\data\2012\20121106__ia__general__linn__precinct.csv,508
Linn,HIA03 Hiawatha City Hall Multi Purpose Rm,,ambiguous,0.20408163265306123,C:\Users\Shama\OneDrive\Documents\Side_Projects\Side_Projects\IAPrecinctMap\data\2012\20121106__ia__general__linn__precinct.csv,519
Linn,HIA04 King of Kings Lutheran Church,,ambiguous,0.2857142857142857,C:\Users\Shama\OneDrive\Documents\Side_Projects\Side_Projects\IAPrecinctMap\data\2012\20121106__ia__general__linn__precinct.csv,530
Linn,MR01 Marion Public Library,,ambiguous,0.3157894736842105,C:\Users\Shama\OneDrive\Documents\Side_Projects\Side_Projects\IAPrecinctMap\data\2012\20121106__ia__general__linn__precinct.csv,541
Linn,MR02 Kirkwood Training Services,,ambiguous,0.2962962962962963,C:\Users\Shama\OneDrive\Documents\Side_Projects\Side_Projects\IAPrecinctMap\data\2012\20121106__ia__general__linn__precinct.csv,552
Linn,MR03 Grace Baptist Church,,ambiguous,0.3,C:\Users\Shama\OneDrive\Documents\Side_Projects\Side_Projects\IAPrecinctMap\data\2012\20121106__ia__general__linn__precinct.csv,563
Linn,MR04 Marion School Admin Building,,ambiguous,0.3333333333333333,C:\Users\Shama\OneDrive\Documents\Side_Projects\Side_Projects\IAPrecinctMap\data\2012\20121106__ia__general__linn__precinct.csv,574
Linn,MR05 Lutheran Church of the Resurrection,,ambiguous,0.3103448275862069,C:\Users\Shama\OneDrive\Documents\Side_Projects\Side_Projects\IAPrecinctMap\data\2012\20121106__ia__general__linn__precinct.csv,585
Linn,MR06 First Baptist Church,,ambiguous,0.3,C:\Users\Shama\OneDrive\Documents\Side_Projects\Side_Projects\IAPrecinctMap\data\2012\20121106__ia__general__linn__precinct.csv,596
Linn,MR07 St Pauls Lutheran Church,,ambiguous,0.22727272727272727,C:\Users\Shama\OneDrive\Documents\Side_Projects\Side_Projects\IAPrecinctMap\data\2012\20121106__ia__general__linn__precinct.csv,607
Linn,MR08 Squaw Creek Baptist Church,,ambiguous,0.30434782608695654,C:\Users\Shama\OneDrive\Documents\Side_Projects\Side_Projects\IAPrecinctMap\data\2012\20121106__ia__general__linn__precinct.csv,618
Linn,MR09 Ascension Lutheran Church,,ambiguous,0.3181818181818182,C:\Users\Shama\OneDrive\Documents\Side_Projects\Side_Projects\IAPrecinctMap\data\2012\20121106__ia__general__linn__precinct.csv,629
Linn,MR10 Marion Fire Department Headquarters,,ambiguous,0.2545454545454545,C:\Users\Shama\OneDrive\Documents\Side_Projects\Side_Projects\IAPrecinctMap\data\2012\20121106__ia__general__linn__precinct.csv,640
Linn,MR11 Marion Christian Church,,ambiguous,0.34146341463414637,C:\Users\Shama\OneDrive\Documents\Side_Projects\Side_Projects\IAPrecinctMap\data\2012\20121106__ia__general__linn__precinct.csv,651
Linn,MR12 Lowe Park Arts and Environment,,ambiguous,0.3333333333333333,C:\Users\Shama\OneDrive\Documents\Side_Projects\Side_Projects\IAPrecinctMap\data\2012\20121106__ia__general__linn__precinct.csv,662
Linn,MR13 Christ Community Church,,ambiguous,0.2711864406779661,C:\Users\Shama\OneDrive\Documents\Side_Projects\Side_Projects\IAPrecinctMap\data\2012\20121106__ia__general__linn__precinct.csv,673
Linn,MR14 Faith Lutheran Church,,ambiguous,0.2631578947368421,C:\Users\Shama\OneDrive\Documents\Side_Projects\Side_Projects\IAPrecinctMap\data\2012\20121106__ia__general__linn__precinct.csv,684
Linn,MVN Mount Vernon City Hall,,ambiguous,0.3902439024390244,C:\Users\Shama\OneDrive\Documents\Side_Projects\Side_Projects\IAPrecinctMap\data\2012\20121106__ia__general__linn__precinct.csv,695
Linn,MVS St Johns Catholic Church,,ambiguous,0.3050847457627119,C:\Users\Shama\OneDrive\Documents\Side_Projects\Side_Projects\IAPrecinctMap\data\2012\20121106__ia__general__linn__precinct.csv,706
Linn,ROB Robins Community Center,,ambiguous,0.2564102564102564,C:\Users\Shama\OneDrive\Documents\Side_Projects\Side_Projects\IAPrecinctMap\data\2012\20121106__ia__general__linn__precinct.csv,717
Linn,TBER Antioch Christian Church,,ambiguous,0.358974358974359,C:\Users\Shama\OneDrive\Documents\Side_Projects\Side_Projects\IAPrecinctMap\data\2012\20121106__ia__general__linn__precinct.csv,728
Linn,TBOU Prairieburg City Hall,,ambiguous,0.3902439024390244,C:\Users\Shama\OneDrive\Documents\Side_Projects\Side_Projects\IAPrecinctMap\data\2012\20121106__ia__general__linn__precinct.csv,739
Linn,TBRO Springville Memorial Library,,ambiguous,0.46875,C:\Users\Shama\OneDrive\Documents\Side_Projects\Side_Projects\IAPrecinctMap\data\2012\20121106__ia__general__linn__precinct.csv,750
Linn,TBUF Camp Wakonda,,ambiguous,0.3333333333333333,C:\Users\Shama\OneDrive\Documents\Side_Projects\Side_Projects\IAPrecinctMap\data\2012\20121106__ia__general__linn__precinct.csv,761
Linn,TCLI Stoney Point YMCA,,ambiguous,0.36363636363636365,C:\Users\Shama\OneDrive\Documents\Side_Projects\Side_Projects\IAPrecinctMap\data\2012\20121106__ia__general__linn__precinct.csv,772
Linn,TCOL Prairie High School,,ambiguous,0.3076923076923077,C:\Users\Shama\OneDrive\Documents\Side_Projects\Side_Projects\IAPrecinctMap\data\2012\20121106__ia__general__linn__precinct.csv,783
Linn,TFAI Guaranty Bank,,ambiguous,0.3333333333333333,C:\Users\Shama\OneDrive\Documents\Side_Projects\Side_Projects\IAPrecinctMap\data\2012\20121106__ia__general__linn__precinct.csv,794
Linn,TFAY Palo City Hall and Community,,ambiguous,0.3125,C:\Users\Shama\OneDrive\Documents\Side_Projects\Side_Projects\IAPrecinctMap\data\2012\20121106__ia__general__linn__precinct.csv,805
Linn,TFRA Lisbon City Hall,,ambiguous,0.48484848484848486,C:\Users\Shama\OneDrive\Documents\Side_Projects\Side_Projects\IAPrecinctMap\data\2012\20121106__ia__general__linn__precinct.csv,816
Linn,TGRA Walker Community Room,,ambiguous,0.2926829268292683,C:\Users\Shama\OneDrive\Documents\Side_Projects\Side_Projects\IAPrecinctMap\data\2012\20121106__ia__general__linn__precinct.csv,827
Linn,TJAC Coggon American Legion,,ambiguous,0.32432432432432434,C:\Users\Shama\OneDrive\Documents\Side_Projects\Side_Projects\IAPrecinctMap\data\2012\20121106__ia__general__linn__precinct.csv,838
Linn,TLIN Community Bible Church,,ambiguous,0.2857142857142857,C:\Users\Shama\OneDrive\Documents\Side_Projects\Side_Projects\IAPrecinctMap\data\2012\20121106__ia__general__linn__precinct.csv,849
Linn,TMAI Falcon Civic Center,,ambiguous,0.34285714285714286,C:\Users\Shama\OneDrive\Documents\Side_Projects\Side_Projects\IAPrecinctMap\data\2012\20121106__ia__general__linn__precinct.csv,860
Linn,TMAR Knights of Columbus Hall,,ambiguous,0.3,C:\Users\Shama\OneDrive\Documents\Side_Projects\Side_Projects\IAPrecinctMap\data\2012\20121106__ia__general__linn__precinct.csv,871
Linn,TMON1 King of Kings Lutheran Church,,ambiguous,0.28,C:\Users\Shama\OneDrive\Documents\Side_Projects\Side_Projects\IAPrecinctMap\data\2012\20121106__ia__general__linn__precinct.csv,882
Linn,TMON2 Blair Ridge Baptist Church,,ambiguous,0.2978723404255319,C:\Users\Shama\OneDrive\Documents\Side_Projects\Side_Projects\IAPrecinctMap\data\2012\20121106__ia__general__linn__precinct.csv,893
Linn,TOTT Alburnett United Methodist Church,,ambiguous,0.3018867924528302,C:\Users\Shama\OneDrive\Documents\Side_Projects\Side_Projects\IAPrecinctMap\data\2012\20121106__ia__general__linn__precinct.csv,904
Linn,TPUT Ely Public Library,,ambiguous,0.2926829268292683,C:\Users\Shama\OneDrive\Documents\Side_Projects\Side_Projects\IAPrecinctMap\data\2012\20121106__ia__general__linn__precinct.csv,915
Linn,TSPR North Linn High School,,ambiguous,0.3076923076923077,C:\Users\Shama\OneDrive\Documents\Side_Projects\Side_Projects\IAPrecinctMap\data\2012\20121106__ia__general__linn__precinct.csv,926
Linn,TWAS Center Point City Hall,,ambiguous,0.3902439024390244,C:\Users\Shama\OneDrive\Documents\Side_Projects\Side_Projects\IAPrecinctMap\data\2012\20121106__ia__general__linn__precinct.csv,937
Louisa,,,unmatched,0.0,C:\Users\Shama\OneDrive\Documents\Side_Projects\Side_Projects\IAPrecinctMap\data\2012\20121106__ia__general__louisa__precinct.csv,57
Louisa,Columbus Junction,,unmatched,0.0,C:\Users\Shama\OneDrive\Documents\Side_Projects\Side_Projects\IAPrecinctMap\data\2012\20121106__ia__general__louisa__precinct.csv,2
Louisa,Grandview-Port Louisa,,unmatched,0.0,C:\Users\Shama\OneDrive\Documents\Side_Projects\Side_Projects\IAPrecinctMap\data\2012\20121106__ia__general__louisa__precinct.csv,13
Louisa,Morning Sun - Marshall,,unmatched,0.0,C:\Users\Shama\OneDrive\Documents\Side_Projects\Side_Projects\IAPrecinctMap\data\2012\20121106__ia__general__louisa__precinct.csv,24
Louisa,Southeast Louisa,,unmatched,0.0,C:\Users\Shama\OneDrive\Documents\Side_Projects\Side_Projects\IAPrecinctMap\data\2012\20121106__ia__general__louisa__precinct.csv,35
Louisa,West Louisa,,unmatched,0.0,C:\Users\Shama\OneDrive\Documents\Side_Projects\Side_Projects\IAPrecinctMap\data\2012\20121106__ia__general__louisa__precinct.csv,46
Lucas,,,unmatched,0.0,C:\Users\Shama\OneDrive\Documents\Side_Projects\Side_Projects\IAPrecinctMap\data\2012\20121106__ia__general__lucas__precinct.csv,79
Lucas,Chariton City Hall,,ambiguous,0.3333333333333333,C:\Users\Shama\OneDrive\Documents\Side_Projects\Side_Projects\IAPrecinctMap\data\2012\20121106__ia__general__lucas__precinct.csv,2
Lucas,Chariton Community Center,,ambiguous,0.36666666666666664,C:\Users\Shama\OneDrive\Documents\Side_Projects\Side_Projects\IAPrecinctMap\data\2012\20121106__ia__general__lucas__precinct.csv,13
Lucas,L.C. Extension Office,,ambiguous,0.42424242424242425,C:\Users\Shama\OneDrive\Documents\Side_Projects\Side_Projects\IAPrecinctMap\data\2012\20121106__ia__general__lucas__precinct.csv,24
Lucas,Lucas,,ambiguous,0.2857142857142857,C:\Users\Shama\OneDrive\Documents\Side_Projects\Side_Projects\IAPrecinctMap\data\2012\20121106__ia__general__lucas__precinct.csv,35
Lucas,Pine Oak Marsh,,ambiguous,0.4186046511627907,C:\Users\Shama\OneDrive\Documents\Side_Projects\Side_Projects\IAPrecinctMap\data\2012\20121106__ia__general__lucas__precinct.csv,46
Lucas,Russell,,ambiguous,0.25,C:\Users\Shama\OneDrive\Documents\Side_Projects\Side_Projects\IAPrecinctMap\data\2012\20121106__ia__general__lucas__precinct.csv,57
Lucas,Williamson,,ambiguous,0.4444444444444444,C:\Users\Shama\OneDrive\Documents\Side_Projects\Side_Projects\IAPrecinctMap\data\2012\20121106__ia__general__lucas__precinct.csv,68
Lyon,,,unmatched,0.0,C:\Users\Shama\OneDrive\Documents\Side_Projects\Side_Projects\IAPrecinctMap\data\2012\20121106__ia__general__lyon__precinct.csv,90
Lyon,Doon - P2,,unmatched,0.0,C:\Users\Shama\OneDrive\Documents\Side_Projects\Side_Projects\IAPrecinctMap\data\2012\20121106__ia__general__lyon__precinct.csv,2
Lyon,George - P1,,unmatched,0.0,C:\Users\Shama\OneDrive\Documents\Side_Projects\Side_Projects\IAPrecinctMap\data\2012\20121106__ia__general__lyon__precinct.csv,13
Lyon,Inwood - P3,,unmatched,0.0,C:\Users\Shama\OneDrive\Documents\Side_Projects\Side_Projects\IAPrecinctMap\data\2012\20121106__ia__general__lyon__precinct.csv,24
Lyon,Larchwood - P4,,unmatched,0.0,C:\Users\Shama\OneDrive\Documents\Side_Projects\Side_Projects\IAPrecinctMap\data\2012\20121106__ia__general__lyon__precinct.csv,35
Lyon,Lester - P5,,unmatched,0.0,C:\Users\Shama\OneDrive\Documents\Side_Projects\Side_Projects\IAPrecinctMap\data\2012\20121106__ia__general__lyon__precinct.csv,46
Lyon,Little Rock - P6,,unmatched,0.0,C:\Users\Shama\OneDrive\Documents\Side_Projects\Side_Projects\IAPrecinctMap\data\2012\20121106__ia__general__lyon__precinct.csv,57
Lyon,Rock Rapids - P7,,unmatched,0.0,C:\Users\Shama\OneDrive\Documents\Side_Projects\Side_Projects\IAPrecinctMap\data\2012\20121106__ia__general__lyon__precinct.csv,68
Lyon,Rock Rapids - P8,,unmatched,0.0,C:\Users\Shama\OneDrive\Documents\Side_Projects\Side_Projects\IAPrecinctMap\data\2012\20121106__ia__general__lyon__precinct.csv,79
Madison,,,unmatched,0.0,C:\Users\Shama\OneDrive\Documents\Side_Projects\Side_Projects\IAPrecinctMap\data\2012\20121106__ia__general__madison__precinct.csv,101
Madison,Grand River - Monroe - Webster - Macksburg,,ambiguous,0.38095238095238093,C:\Users\Shama\OneDrive\Documents\Side_Projects\Side_Projects\IAPrecinctMap\data\2012\20121106__ia__general__madison__precinct.csv,2
Madison,Jackson - Douglas - Lincoln,,ambiguous,0.3333333333333333,C:\Users\Shama\OneDrive\Documents\Side_Projects\Side_Projects\IAPrecinctMap\data\2012\20121106__ia__general__madison__precinct.csv,13
Madison,Jefferson - Lee,,ambiguous,0.47619047619047616,C:\Users\Shama\OneDrive\Documents\Side_Projects\Side_Projects\IAPrecinctMap\data\2012\20121106__ia__general__madison__precinct.csv,24
Madison,Penn - Madison - Earlham,,ambiguous,0.4090909090909091,C:\Users\Shama\OneDrive\Documents\Side_Projects\Side_Projects\IAPrecinctMap\data\2012\20121106__ia__general__madison__precinct.csv,35
Madison,South - St. Charles,,ambiguous,0.43243243243243246,C:\Users\Shama\OneDrive\Documents\Side_Projects\Side_Projects\IAPrecinctMap\data\2012\20121106__ia__general__madison__precinct.csv,46
Madison,Union - Crawford - Scott - Bevington - Patterson,,ambiguous,0.39215686274509803,C:\Users\Shama\OneDrive\Documents\Side_Projects\Side_Projects\IAPrecinctMap\data\2012\20121106__ia__general__madison__precinct.csv,57
Madison,Walnut - Ohio - East Peru - Truro,,ambiguous,0.37037037037037035,C:\Users\Shama\OneDrive\Documents\Side_Projects\Side_Projects\IAPrecinctMap\data\2012\20121106__ia__general__madison__precinct.csv,68
Madison,Winterset 1,,ambiguous,0.45454545454545453,C:\Users\Shama\OneDrive\Documents\Side_Projects\Side_Projects\IAPrecinctMap\data\2012\20121106__ia__general__madison__precinct.csv,79
Madison,Winterset 2,,ambiguous,0.45454545454545453,C:\Users\Shama\OneDrive\Documents\Side_Projects\Side_Projects\IAPrecinctMap\data\2012\20121106__ia__general__madison__precinct.csv,90
Mahaska,,,unmatched,0.0,C:\Users\Shama\OneDrive\Documents\Side_Projects\Side_Projects\IAPrecinctMap\data\2012\20121106__ia__general__mahaska__precinct.csv,123
Mahaska,AD/MN/PG/UN,,unmatched,0.0,C:\Users\Shama\OneDrive\Documents\Side_Projects\Side_Projects\IAPrecinctMap\data\2012\20121106__ia__general__mahaska__precinct.csv,2
Mahaska,BO/ST,,unmatched,0.0,C:\Users\Shama\OneDrive\Documents\Side_Projects\Side_Projects\IAPrecinctMap\data\2012\20121106__ia__general__mahaska__precinct.csv,13
Mahaska,CE/HA/WO,,unmatched,0.0,C:\Users\Shama\OneDrive\Documents\Side_Projects\Side_Projects\IAPrecinctMap\data\2012\20121106__ia__general__mahaska__precinct.csv,24
Mahaska,EDM/JF/WDM,,unmatched,0.0,C:\Users\Shama\OneDrive\Documents\Side_Projects\Side_Projects\IAPrecinctMap\data\2012\20121106__ia__general__mahaska__precinct.csv,35
Mahaska,GF/LN/MD,,unmatched,0.0,C:\Users\Shama\OneDrive\Documents\Side_Projects\Side_Projects\IAPrecinctMap\data\2012\20121106__ia__general__mahaska__precinct.csv,46
Mahaska,OSKALOOSA - 1ST WARD,,unmatched,0.0,C:\Users\Shama\OneDrive\Documents\Side_Projects\Side_Projects\IAPrecinctMap\data\2012\20121106__ia__general__mahaska__precinct.csv,57
Mahaska,OSKALOOSA - 2ND WARD,,unmatched,0.0,C:\Users\Shama\OneDrive\Documents\Side_Projects\Side_Projects\IAPrecinctMap\data\2012\20121106__ia__general__mahaska__precinct.csv,68
Mahaska,OSKALOOSA - 3RD WARD/UNIVERSI,,unmatched,0.0,C:\Users\Shama\OneDrive\Documents\Side_Projects\Side_Projects\IAPrecinctMap\data\2012\20121106__ia__general__mahaska__precinct.csv,79
Mahaska,OSKALOOSA - 4TH WARD,,unmatched,0.0,C:\Users\Shama\OneDrive\Documents\Side_Projects\Side_Projects\IAPrecinctMap\data\2012\20121106__ia__general__mahaska__precinct.csv,90
Mahaska,PR/RL,,unmatched,0.0,C:\Users\Shama\OneDrive\Documents\Side_Projects\Side_Projects\IAPrecinctMap\data\2012\20121106__ia__general__mahaska__precinct.csv,101
Mahaska,SP/KE,,unmatched,0.0,C:\Users\Shama\OneDrive\Documents\Side_Projects\Side_Projects\IAPrecinctMap\data\2012\20121106__ia__general__mahaska__precinct.csv,112
Marion,,,unmatched,0.0,C:\Users\Shama\OneDrive\Documents\Side_Projects\Side_Projects\IAPrecinctMap\data\2012\20121106__ia__general__marion__precinct.csv,189
Marion,Clay,,ambiguous,0.26666666666666666,C:\Users\Shama\OneDrive\Documents\Side_Projects\Side_Projects\IAPrecinctMap\data\2012\20121106__ia__general__marion__precinct.csv,2
Marion,Dallas,,ambiguous,0.35294117647058826,C:\Users\Shama\OneDrive\Documents\Side_Projects\Side_Projects\IAPrecinctMap\data\2012\20121106__ia__general__marion__precinct.csv,13
Marion,Indiana Township,,ambiguous,0.5185185185185185,C:\Users\Shama\OneDrive\Documents\Side_Projects\Side_Projects\IAPrecinctMap\data\2012\20121106__ia__general__marion__precinct.csv,24
Marion,Knoxville Four,,ambiguous,0.41379310344827586,C:\Users\Shama\OneDrive\Documents\Side_Projects\Side_Projects\IAPrecinctMap\data\2012\20121106__ia__general__marion__precinct.csv,35
Marion,Knoxville One,,ambiguous,0.42857142857142855,C:\Users\Shama\OneDrive\Documents\Side_Projects\Side_Projects\IAPrecinctMap\data\2012\20121106__ia__general__marion__precinct.csv,46
Marion,Knoxville Three,,ambiguous,0.4666666666666667,C:\Users\Shama\OneDrive\Documents\Side_Projects\Side_Projects\IAPrecinctMap\data\2012\20121106__ia__general__marion__precinct.csv,57
Marion,Knoxville Township,,ambiguous,0.5454545454545454,C:\Users\Shama\OneDrive\Documents\Side_Projects\Side_Projects\IAPrecinctMap\data\2012\20121106__ia__general__marion__precinct.csv,68
Marion,Knoxville Two,,ambiguous,0.5714285714285714,C:\Users\Shama\OneDrive\Documents\Side_Projects\Side_Projects\IAPrecinctMap\data\2012\20121106__ia__general__marion__precinct.csv,79
Marion,Lake Prairie Township,,ambiguous,0.45714285714285713,C:\Users\Shama\OneDrive\Documents\Side_Projects\Side_Projects\IAPrecinctMap\data\2012\20121106__ia__general__marion__precinct.csv,90
Marion,Liberty,,ambiguous,0.35294117647058826,C:\Users\Shama\OneDrive\Documents\Side_Projects\Side_Projects\IAPrecinctMap\data\2012\20121106__ia__general__marion__precinct.csv,101
Marion,Otley,,ambiguous,0.3,C:\Users\Shama\OneDrive\Documents\Side_Projects\Side_Projects\IAPrecinctMap\data\2012\20121106__ia__general__marion__precinct.csv,112
Marion,Pella Four,,ambiguous,0.47619047619047616,C:\Users\Shama\OneDrive\Documents\Side_Projects\Side_Projects\IAPrecinctMap\data\2012\20121106__ia__general__marion__precinct.csv,123
Marion,Pella One,,ambiguous,0.36363636363636365,C:\Users\Shama\OneDrive\Documents\Side_Projects\Side_Projects\IAPrecinctMap\data\2012\20121106__ia__general__marion__precinct.csv,134
Marion,Pella Three,,ambiguous,0.4166666666666667,C:\Users\Shama\OneDrive\Documents\Side_Projects\Side_Projects\IAPrecinctMap\data\2012\20121106__ia__general__marion__precinct.csv,145
Marion,Pella Two,,ambiguous,0.5454545454545454,C:\Users\Shama\OneDrive\Documents\Side_Projects\Side_Projects\IAPrecinctMap\data\2012\20121106__ia__general__marion__precinct.csv,156
Marion,Pleasantville,,ambiguous,0.5714285714285714,C:\Users\Shama\OneDrive\Documents\Side_Projects\Side_Projects\IAPrecinctMap\data\2012\20121106__ia__general__marion__precinct.csv,167
Marion,Washington Township,,ambiguous,0.5333333333333333,C:\Users\Shama\OneDrive\Documents\Side_Projects\Side_Projects\IAPrecinctMap\data\2012\20121106__ia__general__marion__precinct.csv,178
Marshall,,,unmatched,0.0,C:\Users\Shama\OneDrive\Documents\Side_Projects\Side_Projects\IAPrecinctMap\data\2012\20121106__ia__general__marshall__precinct.csv,211
Marshall,BANGOR/LISCOMB,,unmatched,0.0,C:\Users\Shama\OneDrive\Documents\Side_Projects\Side_Projects\IAPrecinctMap\data\2012\20121106__ia__general__marshall__precinct.csv,2
Marshall,EDEN/LOGAN,,unmatched,0.0,C:\Users\Shama\OneDrive\Documents\Side_Projects\Side_Projects\IAPrecinctMap\data\2012\20121106__ia__general__marshall__precinct.csv,13
Marshall,FIRST BAPTIST CHURCH 4-1,,unmatched,0.0,C:\Users\Shama\OneDrive\Documents\Side_Projects\Side_Projects\IAPrecinctMap\data\2012\20121106__ia__general__marshall__precinct.csv,24
Marshall,FIRST BAPTIST CHURCH 4-2,,unmatched,0.0,C:\Users\Shama\OneDrive\Documents\Side_Projects\Side_Projects\IAPrecinctMap\data\2012\20121106__ia__general__marshall__precinct.csv,35
Marshall,FISHER COMM CENTER 3-2,,unmatched,0.0,C:\Users\Shama\OneDrive\Documents\Side_Projects\Side_Projects\IAPrecinctMap\data\2012\20121106__ia__general__marshall__precinct.csv,46
Marshall,FISHER COMMUNTY CENTR 3-1,,unmatched,0.0,C:\Users\Shama\OneDrive\Documents\Side_Projects\Side_Projects\IAPrecinctMap\data\2012\20121106__ia__general__marshall__precinct.csv,57
Marshall,GREEN CASTLE,,unmatched,0.0,C:\Users\Shama\OneDrive\Documents\Side_Projects\Side_Projects\IAPrecinctMap\data\2012\20121106__ia__general__marshall__precinct.csv,68
Marshall,IVH MALLOY HALL 2-2,,unmatched,0.0,C:\Users\Shama\OneDrive\Documents\Side_Projects\Side_Projects\IAPrecinctMap\data\2012\20121106__ia__general__marshall__precinct.csv,79
Marshall,JEFFERSON,,unmatched,0.0,C:\Users\Shama\OneDrive\Documents\Side_Projects\Side_Projects\IAPrecinctMap\data\2012\20121106__ia__general__marshall__precinct.csv,90
Marshall,LEGRAND,,unmatched,0.0,C:\Users\Shama\OneDrive\Documents\Side_Projects\Side_Projects\IAPrecinctMap\data\2012\20121106__ia__general__marshall__precinct.csv,101
Marshall,LIBERTY/MINERVA,,unmatched,0.0,C:\Users\Shama\OneDrive\Documents\Side_Projects\Side_Projects\IAPrecinctMap\data\2012\20121106__ia__general__marshall__precinct.csv,112
Marshall,MARIETTA/WASHINGTON,,unmatched,0.0,C:\Users\Shama\OneDrive\Documents\Side_Projects\Side_Projects\IAPrecinctMap\data\2012\20121106__ia__general__marshall__precinct.csv,123
Marshall,MARION/VIENNA,,unmatched,0.0,C:\Users\Shama\OneDrive\Documents\Side_Projects\Side_Projects\IAPrecinctMap\data\2012\20121106__ia__general__marshall__precinct.csv,134
Marshall,MILLER MIDDLE SCHOOL 2-1,,unmatched,0.0,C:\Users\Shama\OneDrive\Documents\Side_Projects\Side_Projects\IAPrecinctMap\data\2012\20121106__ia__general__marshall__precinct.csv,145
Marshall,PUBLIC LIBRARY 1-1,,unmatched,0.0,C:\Users\Shama\OneDrive\Documents\Side_Projects\Side_Projects\IAPrecinctMap\data\2012\20121106__ia__general__marshall__precinct.csv,156
Marshall,PUBLIC LIBRARY 1-2,,unmatched,0.0,C:\Users\Shama\OneDrive\Documents\Side_Projects\Side_Projects\IAPrecinctMap\data\2012\20121106__ia__general__marshall__precinct.csv,167
Marshall,STATE CENTER,,unmatched,0.0,C:\Users\Shama\OneDrive\Documents\Side_Projects\Side_Projects\IAPrecinctMap\data\2012\20121106__ia__general__marshall__precinct.csv,178
Marshall,TAYLOR,,unmatched,0.0,C:\Users\Shama\OneDrive\Documents\Side_Projects\Side_Projects\IAPrecinctMap\data\2012\20121106__ia__general__marshall__precinct.csv,189
Marshall,TIMBER CREEK,,unmatched,0.0,C:\Users\Shama\OneDrive\Documents\Side_Projects\Side_Projects\IAPrecinctMap\data\2012\20121106__ia__general__marshall__precinct.csv,200
Mills,,,unmatched,0.0,C:\Users\Shama\OneDrive\Documents\Side_Projects\Side_Projects\IAPrecinctMap\data\2012\20121106__ia__general__mills__precinct.csv,123
Mills,Deer Creek Twp - White Cloud Twp,,ambiguous,0.4727272727272727,C:\Users\Shama\OneDrive\Documents\Side_Projects\Side_Projects\IAPrecinctMap\data\2012\20121106__ia__general__mills__precinct.csv,2
Mills,Emerson - Hastings - Indian Creek Township,,ambiguous,0.38596491228070173,C:\Users\Shama\OneDrive\Documents\Side_Projects\Side_Projects\IAPrecinctMap\data\2012\20121106__ia__general__mills__precinct.csv,13
Mills,Glenwood Township,,ambiguous,0.48,C:\Users\Shama\OneDrive\Documents\Side_Projects\Side_Projects\IAPrecinctMap\data\2012\20121106__ia__general__mills__precinct.csv,24
Mills,Glenwood Ward 1,,ambiguous,0.35,C:\Users\Shama\OneDrive\Documents\Side_Projects\Side_Projects\IAPrecinctMap\data\2012\20121106__ia__general__mills__precinct.csv,35
Mills,Glenwood Ward 2,,ambiguous,0.35,C:\Users\Shama\OneDrive\Documents\Side_Projects\Side_Projects\IAPrecinctMap\data\2012\20121106__ia__general__mills__precinct.csv,46
Mills,Glenwood Ward 3,,ambiguous,0.35,C:\Users\Shama\OneDrive\Documents\Side_Projects\Side_Projects\IAPrecinctMap\data\2012\20121106__ia__general__mills__precinct.csv,57
Mills,Henderson - Anderson Twp,,ambiguous,0.5454545454545454,C:\Users\Shama\OneDrive\Documents\Side_Projects\Side_Projects\IAPrecinctMap\data\2012\20121106__ia__general__mills__precinct.csv,68
Mills,Malvern - Tabor/Center Twp - Rawles Twp -,,ambiguous,0.5,C:\Users\Shama\OneDrive\Documents\Side_Projects\Side_Projects\IAPrecinctMap\data\2012\20121106__ia__general__mills__precinct.csv,79
Mills,Oak Twp - Saint Mary Twp,,ambiguous,0.5853658536585366,C:\Users\Shama\OneDrive\Documents\Side_Projects\Side_Projects\IAPrecinctMap\data\2012\20121106__ia__general__mills__precinct.csv,90
Mills,Pacific Junction - Lyon Twp - Plattville Twp,,ambiguous,0.3870967741935484,C:\Users\Shama\OneDrive\Documents\Side_Projects\Side_Projects\IAPrecinctMap\data\2012\20121106__ia__general__mills__precinct.csv,101
Mills,Silver City - Ingraham Twp,,ambiguous,0.5142857142857142,C:\Users\Shama\OneDrive\Documents\Side_Projects\Side_Projects\IAPrecinctMap\data\2012\20121106__ia__general__mills__precinct.csv,112
Mitchell,,,unmatched,0.0,C:\Users\Shama\OneDrive\Documents\Side_Projects\Side_Projects\IAPrecinctMap\data\2012\20121106__ia__general__mitchell__precinct.csv,123
Mitchell,Carpenter Community Center,,unmatched,0.0,C:\Users\Shama\OneDrive\Documents\Side_Projects\Side_Projects\IAPrecinctMap\data\2012\20121106__ia__general__mitchell__precinct.csv,2
Mitchell,Lincoln School,,unmatched,0.0,C:\Users\Shama\OneDrive\Documents\Side_Projects\Side_Projects\IAPrecinctMap\data\2012\20121106__ia__general__mitchell__precinct.csv,13
Mitchell,Mitchell City Hall,,unmatched,0.0,C:\Users\Shama\OneDrive\Documents\Side_Projects\Side_Projects\IAPrecinctMap\data\2012\20121106__ia__general__mitchell__precinct.csv,24
Mitchell,Mitchell County Courthouse,,unmatched,0.0,C:\Users\Shama\OneDrive\Documents\Side_Projects\Side_Projects\IAPrecinctMap\data\2012\20121106__ia__general__mitchell__precinct.csv,35
Mitchell,New Haven Chruch,,unmatched,0.0,C:\Users\Shama\OneDrive\Documents\Side_Projects\Side_Projects\IAPrecinctMap\data\2012\20121106__ia__general__mitchell__precinct.csv,46
Mitchell,Osage City Hall,,unmatched,0.0,C:\Users\Shama\OneDrive\Documents\Side_Projects\Side_Projects\IAPrecinctMap\data\2012\20121106__ia__general__mitchell__precinct.csv,57
Mitchell,Osage Methodist Church,,unmatched,0.0,C:\Users\Shama\OneDrive\Documents\Side_Projects\Side_Projects\IAPrecinctMap\data\2012\20121106__ia__general__mitchell__precinct.csv,68
Mitchell,Our Saviors Lutheran Church,,unmatched,0.0,C:\Users\Shama\OneDrive\Documents\Side_Projects\Side_Projects\IAPrecinctMap\data\2012\20121106__ia__general__mitchell__precinct.csv,79
Mitchell,Riceville City Hall,,unmatched,0.0,C:\Users\Shama\OneDrive\Documents\Side_Projects\Side_Projects\IAPrecinctMap\data\2012\20121106__ia__general__mitchell__precinct.csv,90
Mitchell,St. Ansgar Lutheran Center,,unmatched,0.0,C:\Users\Shama\OneDrive\Documents\Side_Projects\Side_Projects\IAPrecinctMap\data\2012\20121106__ia__general__mitchell__precinct.csv,101
Mitchell,Stacyville Library,,unmatched,0.0,C:\Users\Shama\OneDrive\Documents\Side_Projects\Side_Projects\IAPrecinctMap\data\2012\20121106__ia__general__mitchell__precinct.csv,112
Monona,,,unmatched,0.0,C:\Users\Shama\OneDrive\Documents\Side_Projects\Side_Projects\IAPrecinctMap\data\2012\20121106__ia__general__monona__precinct.csv,123
Monona,AS001,,ambiguous,0.23529411764705882,C:\Users\Shama\OneDrive\Documents\Side_Projects\Side_Projects\IAPrecinctMap\data\2012\20121106__ia__general__monona__precinct.csv,2
Monona,CN002,,ambiguous,0.14814814814814814,C:\Users\Shama\OneDrive\Documents\Side_Projects\Side_Projects\IAPrecinctMap\data\2012\20121106__ia__general__monona__precinct.csv,13
Monona,CP003,,ambiguous,0.2857142857142857,C:\Users\Shama\OneDrive\Documents\Side_Projects\Side_Projects\IAPrecinctMap\data\2012\20121106__ia__general__monona__precinct.csv,24
Monona,FV004,,ambiguous,0.14285714285714285,C:\Users\Shama\OneDrive\Documents\Side_Projects\Side_Projects\IAPrecinctMap\data\2012\20121106__ia__general__monona__precinct.csv,35
Monona,MH005,,ambiguous,0.11764705882352941,C:\Users\Shama\OneDrive\Documents\Side_Projects\Side_Projects\IAPrecinctMap\data\2012\20121106__ia__general__monona__precinct.csv,46
Monona,ON106,,ambiguous,0.16,C:\Users\Shama\OneDrive\Documents\Side_Projects\Side_Projects\IAPrecinctMap\data\2012\20121106__ia__general__monona__precinct.csv,57
Monona,ON207,,ambiguous,0.16,C:\Users\Shama\OneDrive\Documents\Side_Projects\Side_Projects\IAPrecinctMap\data\2012\20121106__ia__general__monona__precinct.csv,68
Monona,ON308,,ambiguous,0.16,C:\Users\Shama\OneDrive\Documents\Side_Projects\Side_Projects\IAPrecinctMap\data\2012\20121106__ia__general__monona__precinct.csv,79
Monona,ON409,,ambiguous,0.16,C:\Users\Shama\OneDrive\Documents\Side_Projects\Side_Projects\IAPrecinctMap\data\2012\20121106__ia__general__monona__precinct.csv,90
Monona,SH010,,ambiguous,0.21052631578947367,C:\Users\Shama\OneDrive\Documents\Side_Projects\Side_Projects\IAPrecinctMap\data\2012\20121106__ia__general__monona__precinct.csv,101
Monona,STC11,,ambiguous,0.3157894736842105,C:\Users\Shama\OneDrive\Documents\Side_Projects\Side_Projects\IAPrecinctMap\data\2012\20121106__ia__general__monona__precinct.csv,112
Monroe,,,unmatched,0.0,C:\Users\Shama\OneDrive\Documents\Side_Projects\Side_Projects\IAPrecinctMap\data\2012\20121106__ia__general__monroe__precinct.csv,79
Monroe,No. 1 - Albia 1st Ward,,unmatched,0.0,C:\Users\Shama\OneDrive\Documents\Side_Projects\Side_Projects\IAPrecinctMap\data\2012\20121106__ia__general__monroe__precinct.csv,2
Monroe,No. 2 - Albia 2nd Ward,,unmatched,0.0,C:\Users\Shama\OneDrive\Documents\Side_Projects\Side_Projects\IAPrecinctMap\data\2012\20121106__ia__general__monroe__precinct.csv,13
Monroe,No. 3 - Albia 3rd Ward,,unmatched,0.0,C:\Users\Shama\OneDrive\Documents\Side_Projects\Side_Projects\IAPrecinctMap\data\2012\20121106__ia__general__monroe__precinct.csv,24
Monroe,No. 4 - Albia 4th Ward,,unmatched,0.0,C:\Users\Shama\OneDrive\Documents\Side_Projects\Side_Projects\IAPrecinctMap\data\2012\20121106__ia__general__monroe__precinct.csv,35
Monroe,No. 5 - Courthouse,,unmatched,0.0,C:\Users\Shama\OneDrive\Documents\Side_Projects\Side_Projects\IAPrecinctMap\data\2012\20121106__ia__general__monroe__precinct.csv,46
Monroe,No. 6 - Lovilia Community Center,,unmatched,0.0,C:\Users\Shama\OneDrive\Documents\Side_Projects\Side_Projects\IAPrecinctMap\data\2012\20121106__ia__general__monroe__precinct.csv,57
Monroe,"No. 7 - St. Patrick's Church - FR,JK,WY",,unmatched,0.0,C:\Users\Shama\OneDrive\Documents\Side_Projects\Side_Projects\IAPrecinctMap\data\2012\20121106__ia__general__monroe__precinct.csv,68
Montgomery,,,unmatched,0.0,C:\Users\Shama\OneDrive\Documents\Side_Projects\Side_Projects\IAPrecinctMap\data\2012\20121106__ia__general__montgomery__precinct.csv,79
Montgomery,Precinct Five - Grant,,ambiguous,0.5263157894736842,C:\Users\Shama\OneDrive\Documents\Side_Projects\Side_Projects\IAPrecinctMap\data\2012\20121106__ia__general__montgomery__precinct.csv,2
Montgomery,Precinct Four - Elliott,,ambiguous,0.4,C:\Users\Shama\OneDrive\Documents\Side_Projects\Side_Projects\IAPrecinctMap\data\2012\20121106__ia__general__montgomery__precinct.csv,13
Montgomery,Precinct One - Gold Fair Building,,ambiguous,0.3673469387755102,C:\Users\Shama\OneDrive\Documents\Side_Projects\Side_Projects\IAPrecinctMap\data\2012\20121106__ia__general__montgomery__precinct.csv,24
Montgomery,Precinct Seven - Villisca,,ambiguous,0.34782608695652173,C:\Users\Shama\OneDrive\Documents\Side_Projects\Side_Projects\IAPrecinctMap\data\2012\20121106__ia__general__montgomery__precinct.csv,35
Montgomery,Precinct Six - Stanton,,ambiguous,0.4444444444444444,C:\Users\Shama\OneDrive\Documents\Side_Projects\Side_Projects\IAPrecinctMap\data\2012\20121106__ia__general__montgomery__precinct.csv,46
Montgomery,Precinct Three - First Christian Church,,ambiguous,0.35,C:\Users\Shama\OneDrive\Documents\Side_Projects\Side_Projects\IAPrecinctMap\data\2012\20121106__ia__general__montgomery__precinct.csv,57
Montgomery,Precinct Two - Red Oak Fire Station,,ambiguous,0.3448275862068966,C:\Users\Shama\OneDrive\Documents\Side_Projects\Side_Projects\IAPrecinctMap\data\2012\20121106__ia__general__montgomery__precinct.csv,68
Muscatine,,,unmatched,0.0,C:\Users\Shama\OneDrive\Documents\Side_Projects\Side_Projects\IAPrecinctMap\data\2012\20121106__ia__general__muscatine__precinct.csv,255
Muscatine,Bloomington,,unmatched,0.0,C:\Users\Shama\OneDrive\Documents\Side_Projects\Side_Projects\IAPrecinctMap\data\2012\20121106__ia__general__muscatine__precinct.csv,2
Muscatine,Fruitland One,,unmatched,0.0,C:\Users\Shama\OneDrive\Documents\Side_Projects\Side_Projects\IAPrecinctMap\data\2012\20121106__ia__general__muscatine__precinct.csv,13
Muscatine,Fruitland Two/Lake,,unmatched,0.0,C:\Users\Shama\OneDrive\Documents\Side_Projects\Side_Projects\IAPrecinctMap\data\2012\20121106__ia__general__muscatine__precinct.csv,24
Muscatine,Fulton/Montpelier,,unmatched,0.0,C:\Users\Shama\OneDrive\Documents\Side_Projects\Side_Projects\IAPrecinctMap\data\2012\20121106__ia__general__muscatine__precinct.csv,35
Muscatine,Goshen,,unmatched,0.0,C:\Users\Shama\OneDrive\Documents\Side_Projects\Side_Projects\IAPrecinctMap\data\2012\20121106__ia__general__muscatine__precinct.csv,46
Muscatine,Muscatine Eighth,,unmatched,0.0,C:\Users\Shama\OneDrive\Documents\Side_Projects\Side_Projects\IAPrecinctMap\data\2012\20121106__ia__general__muscatine__precinct.csv,57
Muscatine,Muscatine Fifth,,unmatched,0.0,C:\Users\Shama\OneDrive\Documents\Side_Projects\Side_Projects\IAPrecinctMap\data\2012\20121106__ia__general__muscatine__precinct.csv,68
Muscatine,Muscatine First,,unmatched,0.0,C:\Users\Shama\OneDrive\Documents\Side_Projects\Side_Projects\IAPrecinctMap\data\2012\20121106__ia__general__muscatine__precinct.csv,79
Muscatine,Muscatine Fourth,,unmatched,0.0,C:\Users\Shama\OneDrive\Documents\Side_Projects\Side_Projects\IAPrecinctMap\data\2012\20121106__ia__general__muscatine__precinct.csv,90
Muscatine,Muscatine Ninth,,unmatched,0.0,C:\Users\Shama\OneDrive\Documents\Side_Projects\Side_Projects\IAPrecinctMap\data\2012\20121106__ia__general__muscatine__precinct.csv,101
Muscatine,Muscatine Second,,unmatched,0.0,C:\Users\Shama\OneDrive\Documents\Side_Projects\Side_Projects\IAPrecinctMap\data\2012\20121106__ia__general__muscatine__precinct.csv,112
Muscatine,Muscatine Seventh,,unmatched,0.0,C:\Users\Shama\OneDrive\Documents\Side_Projects\Side_Projects\IAPrecinctMap\data\2012\20121106__ia__general__muscatine__precinct.csv,123
Muscatine,Muscatine Sixth,,unmatched,0.0,C:\Users\Shama\OneDrive\Documents\Side_Projects\Side_Projects\IAPrecinctMap\data\2012\20121106__ia__general__muscatine__precinct.csv,134
Muscatine,Muscatine Tenth,,unmatched,0.0,C:\Users\Shama\OneDrive\Documents\Side_Projects\Side_Projects\IAPrecinctMap\data\2012\20121106__ia__general__muscatine__precinct.csv,145
Muscatine,Muscatine Third,,unmatched,0.0,C:\Users\Shama\OneDrive\Documents\Side_Projects\Side_Projects\IAPrecinctMap\data\2012\20121106__ia__general__muscatine__precinct.csv,156
Muscatine,Orono,,unmatched,0.0,C:\Users\Shama\OneDrive\Documents\Side_Projects\Side_Projects\IAPrecinctMap\data\2012\20121106__ia__general__muscatine__precinct.csv,167
Muscatine,Pike,,unmatched,0.0,C:\Users\Shama\OneDrive\Documents\Side_Projects\Side_Projects\IAPrecinctMap\data\2012\20121106__ia__general__muscatine__precinct.csv,178
Muscatine,Seventy-Six/Cedar,,unmatched,0.0,C:\Users\Shama\OneDrive\Documents\Side_Projects\Side_Projects\IAPrecinctMap\data\2012\20121106__ia__general__muscatine__precinct.csv,189
Muscatine,Sweetland,,unmatched,0.0,C:\Users\Shama\OneDrive\Documents\Side_Projects\Side_Projects\IAPrecinctMap\data\2012\20121106__ia__general__muscatine__precinct.csv,200
Muscatine,West Liberty 2,,unmatched,0.0,C:\Users\Shama\OneDrive\Documents\Side_Projects\Side_Projects\IAPrecinctMap\data\2012\20121106__ia__general__muscatine__precinct.csv,211
Muscatine,West Liberty/Wapsie,,unmatched,0.0,C:\Users\Shama\OneDrive\Documents\Side_Projects\Side_Projects\IAPrecinctMap\data\2012\20121106__ia__general__muscatine__precinct.csv,222
Muscatine,Wilton City,,unmatched,0.0,C:\Users\Shama\OneDrive\Documents\Side_Projects\Side_Projects\IAPrecinctMap\data\2012\20121106__ia__general__muscatine__precinct.csv,233
Muscatine,Wilton/Moscow,,unmatched,0.0,C:\Users\Shama\OneDrive\Documents\Side_Projects\Side_Projects\IAPrecinctMap\data\2012\20121106__ia__general__muscatine__precinct.csv,244
O'brien,,,unmatched,0.0,C:\Users\Shama\OneDrive\Documents\Side_Projects\Side_Projects\IAPrecinctMap\data\2012\20121106__ia__general__obrien__precinct.csv,101
O'brien,Carroll - Floyd,,ambiguous,0.3333333333333333,C:\Users\Shama\OneDrive\Documents\Side_Projects\Side_Projects\IAPrecinctMap\data\2012\20121106__ia__general__obrien__precinct.csv,2
O'brien,Franklin,,ambiguous,0.375,C:\Users\Shama\OneDrive\Documents\Side_Projects\Side_Projects\IAPrecinctMap\data\2012\20121106__ia__general__obrien__precinct.csv,13
O'brien,Hartley - Lincoln - Omega,,ambiguous,0.36363636363636365,C:\Users\Shama\OneDrive\Documents\Side_Projects\Side_Projects\IAPrecinctMap\data\2012\20121106__ia__general__obrien__precinct.csv,24
O'brien,Sheldon 1st Ward,,ambiguous,0.46153846153846156,C:\Users\Shama\OneDrive\Documents\Side_Projects\Side_Projects\IAPrecinctMap\data\2012\20121106__ia__general__obrien__precinct.csv,35
O'brien,Sheldon 2nd Ward,,ambiguous,0.41025641025641024,C:\Users\Shama\OneDrive\Documents\Side_Projects\Side_Projects\IAPrecinctMap\data\2012\20121106__ia__general__obrien__precinct.csv,46
O'brien,Sheldon 3rd Ward,,ambiguous,0.41025641025641024,C:\Users\Shama\OneDrive\Documents\Side_Projects\Side_Projects\IAPrecinctMap\data\2012\20121106__ia__general__obrien__precinct.csv,57
O'brien,Summit - Center - Dale - Highland,,ambiguous,0.35714285714285715,C:\Users\Shama\OneDrive\Documents\Side_Projects\Side_Projects\IAPrecinctMap\data\2012\20121106__ia__general__obrien__precinct.csv,68
O'brien,Union - Baker- Caledonia,,ambiguous,0.30434782608695654,C:\Users\Shama\OneDrive\Documents\Side_Projects\Side_Projects\IAPrecinctMap\data\2012\20121106__ia__general__obrien__precinct.csv,79
O'brien,Waterman - Grant - Liberty,,ambiguous,0.4444444444444444,C:\Users\Shama\OneDrive\Documents\Side_Projects\Side_Projects\IAPrecinctMap\data\2012\20121106__ia__general__obrien__precinct.csv,90
Osceola,,,unmatched,0.0,C:\Users\Shama\OneDrive\Documents\Side_Projects\Side_Projects\IAPrecinctMap\data\2012\20121106__ia__general__osceola__precinct.csv,90
Osceola,Ashton Precinct,,unmatched,0.0,C:\Users\Shama\OneDrive\Documents\Side_Projects\Side_Projects\IAPrecinctMap\data\2012\20121106__ia__general__osceola__precinct.csv,2
Osceola,Harris Precinct,,unmatched,0.0,C:\Users\Shama\OneDrive\Documents\Side_Projects\Side_Projects\IAPrecinctMap\data\2012\20121106__ia__general__osceola__precinct.csv,13
Osceola,May City Precinct,,unmatched,0.0,C:\Users\Shama\OneDrive\Documents\Side_Projects\Side_Projects\IAPrecinctMap\data\2012\20121106__ia__general__osceola__precinct.csv,24
Osceola,Melvin Precinct,,unmatched,0.0,C:\Users\Shama\OneDrive\Documents\Side_Projects\Side_Projects\IAPrecinctMap\data\2012\20121106__ia__general__osceola__precinct.csv,35
Osceola,Ocheyedan Precinct,,unmatched,0.0,C:\Users\Shama\OneDrive\Documents\Side_Projects\Side_Projects\IAPrecinctMap\data\2012\20121106__ia__general__osceola__precinct.csv,46
Osceola,Osceola 1 Precinct,,unmatched,0.0,C:\Users\Shama\OneDrive\Documents\Side_Projects\Side_Projects\IAPrecinctMap\data\2012\20121106__ia__general__osceola__precinct.csv,57
Osceola,Osceola 2 Precinct,,unmatched,0.0,C:\Users\Shama\OneDrive\Documents\Side_Projects\Side_Projects\IAPrecinctMap\data\2012\20121106__ia__general__osceola__precinct.csv,68
Osceola,Osceola 3 Precinct,,unmatched,0.0,C:\Users\Shama\OneDrive\Documents\Side_Projects\Side_Projects\IAPrecinctMap\data\2012\20121106__ia__general__osceola__precinct.csv,79
Page,,,unmatched,0.0,C:\Users\Shama\OneDrive\Documents\Side_Projects\Side_Projects\IAPrecinctMap\data\2012\20121106__ia__general__page__precinct.csv,123
Page,Clarinda Ward 1,,ambiguous,0.4444444444444444,C:\Users\Shama\OneDrive\Documents\Side_Projects\Side_Projects\IAPrecinctMap\data\2012\20121106__ia__general__page__precinct.csv,2
Page,Clarinda Ward 2,,ambiguous,0.4444444444444444,C:\Users\Shama\OneDrive\Documents\Side_Projects\Side_Projects\IAPrecinctMap\data\2012\20121106__ia__general__page__precinct.csv,13
Page,Clarinda Ward 3,,ambiguous,0.4444444444444444,C:\Users\Shama\OneDrive\Documents\Side_Projects\Side_Projects\IAPrecinctMap\data\2012\20121106__ia__general__page__precinct.csv,24
Page,Coin Community Building,,ambiguous,0.425531914893617,C:\Users\Shama\OneDrive\Documents\Side_Projects\Side_Projects\IAPrecinctMap\data\2012\20121106__ia__general__page__precinct.csv,35
Page,Essex,,ambiguous,0.2857142857142857,C:\Users\Shama\OneDrive\Documents\Side_Projects\Side_Projects\IAPrecinctMap\data\2012\20121106__ia__general__page__precinct.csv,46
Page,Page County Courthouse,,ambiguous,0.43478260869565216,C:\Users\Shama\OneDrive\Documents\Side_Projects\Side_Projects\IAPrecinctMap\data\2012\20121106__ia__general__page__precinct.csv,57
Page,Shambaugh Community Building,,ambiguous,0.34615384615384615,C:\Users\Shama\OneDrive\Documents\Side_Projects\Side_Projects\IAPrecinctMap\data\2012\20121106__ia__general__page__precinct.csv,68
Page,Shenandoah Fire Station,,ambiguous,0.34285714285714286,C:\Users\Shama\OneDrive\Documents\Side_Projects\Side_Projects\IAPrecinctMap\data\2012\20121106__ia__general__page__precinct.csv,79
Page,Shenandoah Ward 1,,ambiguous,0.41379310344827586,C:\Users\Shama\OneDrive\Documents\Side_Projects\Side_Projects\IAPrecinctMap\data\2012\20121106__ia__general__page__precinct.csv,90
Page,Shenandoah Ward 2,,ambiguous,0.41379310344827586,C:\Users\Shama\OneDrive\Documents\Side_Projects\Side_Projects\IAPrecinctMap\data\2012\20121106__ia__general__page__precinct.csv,101
Page,Shenandoah Ward 3,,ambiguous,0.41379310344827586,C:\Users\Shama\OneDrive\Documents\Side_Projects\Side_Projects\IAPrecinctMap\data\2012\20121106__ia__general__page__precinct.csv,112
Palo Alto,,,unmatched,0.0,C:\Users\Shama\OneDrive\Documents\Side_Projects\Side_Projects\IAPrecinctMap\data\2012\20121106__ia__general__palo_alto__precinct.csv,68
Palo Alto,EM Ward 3/SL/pt. HL&WL&EM,,unmatched,0.0,C:\Users\Shama\OneDrive\Documents\Side_Projects\Side_Projects\IAPrecinctMap\data\2012\20121106__ia__general__palo_alto__precinct.csv,2
Palo Alto,EM Ward 4/FV/FF/FR/IN/VN/pt. EM,,unmatched,0.0,C:\Users\Shama\OneDrive\Documents\Side_Projects\Side_Projects\IAPrecinctMap\data\2012\20121106__ia__general__palo_alto__precinct.csv,13
Palo Alto,Emmetsburg Ward 1,,unmatched,0.0,C:\Users\Shama\OneDrive\Documents\Side_Projects\Side_Projects\IAPrecinctMap\data\2012\20121106__ia__general__palo_alto__precinct.csv,24
Palo Alto,Emmetsburg Ward 2,,unmatched,0.0,C:\Users\Shama\OneDrive\Documents\Side_Projects\Side_Projects\IAPrecinctMap\data\2012\20121106__ia__general__palo_alto__precinct.csv,35
Palo Alto,GR/RV/LI pt. HL & WL,,unmatched,0.0,C:\Users\Shama\OneDrive\Documents\Side_Projects\Side_Projects\IAPrecinctMap\data\2012\20121106__ia__general__palo_alto__precinct.csv,46
Palo Alto,WB/EL/RL/BO/GO/NV,,unmatched,0.0,C:\Users\Shama\OneDrive\Documents\Side_Projects\Side_Projects\IAPrecinctMap\data\2012\20121106__ia__general__palo_alto__precinct.csv,57
Plymouth,,,unmatched,0.0,C:\Users\Shama\OneDrive\Documents\Side_Projects\Side_Projects\IAPrecinctMap\data\2012\20121106__ia__general__plymouth__precinct.csv,145
Plymouth,Akron Library,,ambiguous,0.3333333333333333,C:\Users\Shama\OneDrive\Documents\Side_Projects\Side_Projects\IAPrecinctMap\data\2012\20121106__ia__general__plymouth__precinct.csv,2
Plymouth,American Bank,,ambiguous,0.43478260869565216,C:\Users\Shama\OneDrive\Documents\Side_Projects\Side_Projects\IAPrecinctMap\data\2012\20121106__ia__general__plymouth__precinct.csv,13
Plymouth,Brunsville Legion,,ambiguous,0.3333333333333333,C:\Users\Shama\OneDrive\Documents\Side_Projects\Side_Projects\IAPrecinctMap\data\2012\20121106__ia__general__plymouth__precinct.csv,24
Plymouth,Courthouse Annex,,ambiguous,0.2962962962962963,C:\Users\Shama\OneDrive\Documents\Side_Projects\Side_Projects\IAPrecinctMap\data\2012\20121106__ia__general__plymouth__precinct.csv,35
Plymouth,Hinton Community Center,,ambiguous,0.43243243243243246,C:\Users\Shama\OneDrive\Documents\Side_Projects\Side_Projects\IAPrecinctMap\data\2012\20121106__ia__general__plymouth__precinct.csv,46
Plymouth,Kingsley Community Center,,ambiguous,0.3333333333333333,C:\Users\Shama\OneDrive\Documents\Side_Projects\Side_Projects\IAPrecinctMap\data\2012\20121106__ia__general__plymouth__precinct.csv,57
Plymouth,Kissinger Community Center,,ambiguous,0.3333333333333333,C:\Users\Shama\OneDrive\Documents\Side_Projects\Side_Projects\IAPrecinctMap\data\2012\20121106__ia__general__plymouth__precinct.csv,68
Plymouth,Le Mars Convention Center - 11,,ambiguous,0.3829787234042553,C:\Users\Shama\OneDrive\Documents\Side_Projects\Side_Projects\IAPrecinctMap\data\2012\20121106__ia__general__plymouth__precinct.csv,79
Plymouth,Le Mars Convention Center - 12,,ambiguous,0.3829787234042553,C:\Users\Shama\OneDrive\Documents\Side_Projects\Side_Projects\IAPrecinctMap\data\2012\20121106__ia__general__plymouth__precinct.csv,90
Plymouth,Le Mars Convention Center - 13,,ambiguous,0.3829787234042553,C:\Users\Shama\OneDrive\Documents\Side_Projects\Side_Projects\IAPrecinctMap\data\2012\20121106__ia__general__plymouth__precinct.csv,101
Plymouth,Perry Township Hall,,ambiguous,0.4666666666666667,C:\Users\Shama\OneDrive\Documents\Side_Projects\Side_Projects\IAPrecinctMap\data\2012\20121106__ia__general__plymouth__precinct.csv,112
Plymouth,Remsen Library,,ambiguous,0.3333333333333333,C:\Users\Shama\OneDrive\Documents\Side_Projects\Side_Projects\IAPrecinctMap\data\2012\20121106__ia__general__plymouth__precinct.csv,123
Plymouth,Westfield Community Center,,ambiguous,0.358974358974359,C:\Users\Shama\OneDrive\Documents\Side_Projects\Side_Projects\IAPrecinctMap\data\2012\20121106__ia__general__plymouth__precinct.csv,134
Pocahontas,,,unmatched,0.0,C:\Users\Shama\OneDrive\Documents\Side_Projects\Side_Projects\IAPrecinctMap\data\2012\20121106__ia__general__pocahontas__precinct.csv,79
Pocahontas,Bellville-Lizard-S Lincoln-S Lake,,unmatched,0.0,C:\Users\Shama\OneDrive\Documents\Side_Projects\Side_Projects\IAPrecinctMap\data\2012\20121106__ia__general__pocahontas__precinct.csv,2
Pocahontas,Cedar-Colfax-Dover,,unmatched,0.0,C:\Users\Shama\OneDrive\Documents\Side_Projects\Side_Projects\IAPrecinctMap\data\2012\20121106__ia__general__pocahontas__precinct.csv,13
Pocahontas,Des Moines-Cummins-Powhatan-N,,unmatched,0.0,C:\Users\Shama\OneDrive\Documents\Side_Projects\Side_Projects\IAPrecinctMap\data\2012\20121106__ia__general__pocahontas__precinct.csv,24
Pocahontas,Grant-S Marshall-S Sherman,,unmatched,0.0,C:\Users\Shama\OneDrive\Documents\Side_Projects\Side_Projects\IAPrecinctMap\data\2012\20121106__ia__general__pocahontas__precinct.csv,35
Pocahontas,Pocahontas #1,,unmatched,0.0,C:\Users\Shama\OneDrive\Documents\Side_Projects\Side_Projects\IAPrecinctMap\data\2012\20121106__ia__general__pocahontas__precinct.csv,46
Pocahontas,Pocahontas #2-Center-S Roosevelt-N,,unmatched,0.0,C:\Users\Shama\OneDrive\Documents\Side_Projects\Side_Projects\IAPrecinctMap\data\2012\20121106__ia__general__pocahontas__precinct.csv,57
Pocahontas,Swan Lake-N Marshall,,unmatched,0.0,C:\Users\Shama\OneDrive\Documents\Side_Projects\Side_Projects\IAPrecinctMap\data\2012\20121106__ia__general__pocahontas__precinct.csv,68
Polk,,,unmatched,0.0,C:\Users\Shama\OneDrive\Documents\Side_Projects\Side_Projects\IAPrecinctMap\data\2012\20121106__ia__general__polk__precinct.csv,1949
Polk,ALLEMAN-1,,ambiguous,0.46153846153846156,C:\Users\Shama\OneDrive\Documents\Side_Projects\Side_Projects\IAPrecinctMap\data\2012\20121106__ia__general__polk__precinct.csv,2
Polk,ALLEN-1,,ambiguous,0.5454545454545454,C:\Users\Shama\OneDrive\Documents\Side_Projects\Side_Projects\IAPrecinctMap\data\2012\20121106__ia__general__polk__precinct.csv,13
Polk,ALTOONA-1,,ambiguous,0.4,C:\Users\Shama\OneDrive\Documents\Side_Projects\Side_Projects\IAPrecinctMap\data\2012\20121106__ia__general__polk__precinct.csv,24
Polk,ALTOONA-2,,ambiguous,0.4,C:\Users\Shama\OneDrive\Documents\Side_Projects\Side_Projects\IAPrecinctMap\data\2012\20121106__ia__general__polk__precinct.csv,35
Polk,ALTOONA-3,,ambiguous,0.4,C:\Users\Shama\OneDrive\Documents\Side_Projects\Side_Projects\IAPrecinctMap\data\2012\20121106__ia__general__polk__precinct.csv,46
Polk,ALTOONA-4,,ambiguous,0.4,C:\Users\Shama\OneDrive\Documents\Side_Projects\Side_Projects\IAPrecinctMap\data\2012\20121106__ia__general__polk__precinct.csv,57
Polk,ALTOONA-5,,ambiguous,0.4,C:\Users\Shama\OneDrive\Documents\Side_Projects\Side_Projects\IAPrecinctMap\data\2012\20121106__ia__general__polk__precinct.csv,68
Polk,ANKENY-1,,ambiguous,0.375,C:\Users\Shama\OneDrive\Documents\Side_Projects\Side_Projects\IAPrecinctMap\data\2012\20121106__ia__general__polk__precinct.csv,79
Polk,ANKENY-10,,ambiguous,0.35294117647058826,C:\Users\Shama\OneDrive\Documents\Side_Projects\Side_Projects\IAPrecinctMap\data\2012\20121106__ia__general__polk__precinct.csv,90
Polk,ANKENY-11,,ambiguous,0.35294117647058826,C:\Users\Shama\OneDrive\Documents\Side_Projects\Side_Projects\IAPrecinctMap\data\2012\20121106__ia__general__polk__precinct.csv,101
Polk,ANKENY-12,,ambiguous,0.35294117647058826,C:\Users\Shama\OneDrive\Documents\Side_Projects\Side_Projects\IAPrecinctMap\data\2012\20121106__ia__general__polk__precinct.csv,112
Polk,ANKENY-13,,ambiguous,0.35294117647058826,C:\Users\Shama\OneDrive\Documents\Side_Projects\Side_Projects\IAPrecinctMap\data\2012\20121106__ia__general__polk__precinct.csv,123
Polk,ANKENY-14,,ambiguous,0.35294117647058826,C:\Users\Shama\OneDrive\Documents\Side_Projects\Side_Projects\IAPrecinctMap\data\2012\20121106__ia__general__polk__precinct.csv,134
Polk,ANKENY-15,,ambiguous,0.35294117647058826,C:\Users\Shama\OneDrive\Documents\Side_Projects\Side_Projects\IAPrecinctMap\data\2012\20121106__ia__general__polk__precinct.csv,145
Polk,ANKENY-2,,ambiguous,0.375,C:\Users\Shama\OneDrive\Documents\Side_Projects\Side_Projects\IAPrecinctMap\data\2012\20121106__ia__general__polk__precinct.csv,156
Polk,ANKENY-3,,ambiguous,0.375,C:\Users\Shama\OneDrive\Documents\Side_Projects\Side_Projects\IAPrecinctMap\data\2012\20121106__ia__general__polk__precinct.csv,167
Polk,ANKENY-4,,ambiguous,0.375,C:\Users\Shama\OneDrive\Documents\Side_Projects\Side_Projects\IAPrecinctMap\data\2012\20121106__ia__general__polk__precinct.csv,178
Polk,ANKENY-5,,ambiguous,0.375,C:\Users\Shama\OneDrive\Documents\Side_Projects\Side_Projects\IAPrecinctMap\data\2012\20121106__ia__general__polk__precinct.csv,189
Polk,ANKENY-6,,ambiguous,0.375,C:\Users\Shama\OneDrive\Documents\Side_Projects\Side_Projects\IAPrecinctMap\data\2012\20121106__ia__general__polk__precinct.csv,200
Polk,ANKENY-7,,ambiguous,0.375,C:\Users\Shama\OneDrive\Documents\Side_Projects\Side_Projects\IAPrecinctMap\data\2012\20121106__ia__general__polk__precinct.csv,211
Polk,ANKENY-8,,ambiguous,0.375,C:\Users\Shama\OneDrive\Documents\Side_Projects\Side_Projects\IAPrecinctMap\data\2012\20121106__ia__general__polk__precinct.csv,222
Polk,ANKENY-9,,ambiguous,0.375,C:\Users\Shama\OneDrive\Documents\Side_Projects\Side_Projects\IAPrecinctMap\data\2012\20121106__ia__general__polk__precinct.csv,233
Polk,BONDURANT-1,,ambiguous,0.3333333333333333,C:\Users\Shama\OneDrive\Documents\Side_Projects\Side_Projects\IAPrecinctMap\data\2012\20121106__ia__general__polk__precinct.csv,244
Polk,BONDURANT-2,,ambiguous,0.3333333333333333,C:\Users\Shama\OneDrive\Documents\Side_Projects\Side_Projects\IAPrecinctMap\data\2012\20121106__ia__general__polk__precinct.csv,255
Polk,CLAY-1,,ambiguous,0.4,C:\Users\Shama\OneDrive\Documents\Side_Projects\Side_Projects\IAPrecinctMap\data\2012\20121106__ia__general__polk__precinct.csv,266
Polk,CLIVE-1,,ambiguous,0.36363636363636365,C:\Users\Shama\OneDrive\Documents\Side_Projects\Side_Projects\IAPrecinctMap\data\2012\20121106__ia__general__polk__precinct.csv,277
Polk,CLIVE-2,,ambiguous,0.36363636363636365,C:\Users\Shama\OneDrive\Documents\Side_Projects\Side_Projects\IAPrecinctMap\data\2012\20121106__ia__general__polk__precinct.csv,288
Polk,CLIVE-3,,ambiguous,0.36363636363636365,C:\Users\Shama\OneDrive\Documents\Side_Projects\Side_Projects\IAPrecinctMap\data\2012\20121106__ia__general__polk__precinct.csv,299
Polk,CLIVE-4,,ambiguous,0.36363636363636365,C:\Users\Shama\OneDrive\Documents\Side_Projects\Side_Projects\IAPrecinctMap\data\2012\20121106__ia__general__polk__precinct.csv,310
Polk,CROCKER-1,,ambiguous,0.34782608695652173,C:\Users\Shama\OneDrive\Documents\Side_Projects\Side_Projects\IAPrecinctMap\data\2012\20121106__ia__general__polk__precinct.csv,321
Polk,CROCKER-2,,ambiguous,0.34782608695652173,C:\Users\Shama\OneDrive\Documents\Side_Projects\Side_Projects\IAPrecinctMap\data\2012\20121106__ia__general__polk__precinct.csv,332
Polk,DELAWARE-1,,ambiguous,0.4166666666666667,C:\Users\Shama\OneDrive\Documents\Side_Projects\Side_Projects\IAPrecinctMap\data\2012\20121106__ia__general__polk__precinct.csv,343
Polk,DELAWARE-2,,ambiguous,0.4166666666666667,C:\Users\Shama\OneDrive\Documents\Side_Projects\Side_Projects\IAPrecinctMap\data\2012\20121106__ia__general__polk__precinct.csv,354
Polk,DES MOINES-1,,ambiguous,0.38461538461538464,C:\Users\Shama\OneDrive\Documents\Side_Projects\Side_Projects\IAPrecinctMap\data\2012\20121106__ia__general__polk__precinct.csv,365
Polk,DES MOINES-10,,ambiguous,0.37037037037037035,C:\Users\Shama\OneDrive\Documents\Side_Projects\Side_Projects\IAPrecinctMap\data\2012\20121106__ia__general__polk__precinct.csv,376
Polk,DES MOINES-11,,ambiguous,0.37037037037037035,C:\Users\Shama\OneDrive\Documents\Side_Projects\Side_Projects\IAPrecinctMap\data\2012\20121106__ia__general__polk__precinct.csv,387
Polk,DES MOINES-12,,ambiguous,0.37037037037037035,C:\Users\Shama\OneDrive\Documents\Side_Projects\Side_Projects\IAPrecinctMap\data\2012\20121106__ia__general__polk__precinct.csv,398
Polk,DES MOINES-13,,ambiguous,0.37037037037037035,C:\Users\Shama\OneDrive\Documents\Side_Projects\Side_Projects\IAPrecinctMap\data\2012\20121106__ia__general__polk__precinct.csv,409
Polk,DES MOINES-14,,ambiguous,0.37037037037037035,C:\Users\Shama\OneDrive\Documents\Side_Projects\Side_Projects\IAPrecinctMap\data\2012\20121106__ia__general__polk__precinct.csv,420
Polk,DES MOINES-15,,ambiguous,0.37037037037037035,C:\Users\Shama\OneDrive\Documents\Side_Projects\Side_Projects\IAPrecinctMap\data\2012\20121106__ia__general__polk__precinct.csv,431
Polk,DES MOINES-16,,ambiguous,0.37037037037037035,C:\Users\Shama\OneDrive\Documents\Side_Projects\Side_Projects\IAPrecinctMap\data\2012\20121106__ia__general__polk__precinct.csv,442
Polk,DES MOINES-17,,ambiguous,0.37037037037037035,C:\Users\Shama\OneDrive\Documents\Side_Projects\Side_Projects\IAPrecinctMap\data\2012\20121106__ia__general__polk__precinct.csv,453
Polk,DES MOINES-18,,ambiguous,0.37037037037037035,C:\Users\Shama\OneDrive\Documents\Side_Projects\Side_Projects\IAPrecinctMap\data\2012\20121106__ia__general__polk__precinct.csv,464
Polk,DES MOINES-19,,ambiguous,0.37037037037037035,C:\Users\Shama\OneDrive\Documents\Side_Projects\Side_Projects\IAPrecinctMap\data\2012\20121106__ia__general__polk__precinct.csv,475
Polk,DES MOINES-2,,ambiguous,0.38461538461538464,C:\Users\Shama\OneDrive\Documents\Side_Projects\Side_Projects\IAPrecinctMap\data\2012\20121106__ia__general__polk__precinct.csv,486
Polk,DES MOINES-20,,ambiguous,0.37037037037037035,C:\Users\Shama\OneDrive\Documents\Side_Projects\Side_Projects\IAPrecinctMap\data\2012\20121106__ia__general__polk__precinct.csv,497
Polk,DES MOINES-21,,ambiguous,0.37037037037037035,C:\Users\Shama\OneDrive\Documents\Side_Projects\Side_Projects\IAPrecinctMap\data\2012\20121106__ia__general__polk__precinct.csv,508
Polk,DES MOINES-22,,ambiguous,0.37037037037037035,C:\Users\Shama\OneDrive\Documents\Side_Projects\Side_Projects\IAPrecinctMap\data\2012\20121106__ia__general__polk__precinct.csv,519
Polk,DES MOINES-23,,ambiguous,0.37037037037037035,C:\Users\Shama\OneDrive\Documents\Side_Projects\Side_Projects\IAPrecinctMap\data\2012\20121106__ia__general__polk__precinct.csv,530
Polk,DES MOINES-24,,ambiguous,0.37037037037037035,C:\Users\Shama\OneDrive\Documents\Side_Projects\Side_Projects\IAPrecinctMap\data\2012\20121106__ia__general__polk__precinct.csv,541
Polk,DES MOINES-25,,ambiguous,0.37037037037037035,C:\Users\Shama\OneDrive\Documents\Side_Projects\Side_Projects\IAPrecinctMap\data\2012\20121106__ia__general__polk__precinct.csv,552
Polk,DES MOINES-26,,ambiguous,0.37037037037037035,C:\Users\Shama\OneDrive\Documents\Side_Projects\Side_Projects\IAPrecinctMap\data\2012\20121106__ia__general__polk__precinct.csv,563
Polk,DES MOINES-27,,ambiguous,0.37037037037037035,C:\Users\Shama\OneDrive\Documents\Side_Projects\Side_Projects\IAPrecinctMap\data\2012\20121106__ia__general__polk__precinct.csv,574
Polk,DES MOINES-28,,ambiguous,0.37037037037037035,C:\Users\Shama\OneDrive\Documents\Side_Projects\Side_Projects\IAPrecinctMap\data\2012\20121106__ia__general__polk__precinct.csv,585
Polk,DES MOINES-29,,ambiguous,0.37037037037037035,C:\Users\Shama\OneDrive\Documents\Side_Projects\Side_Projects\IAPrecinctMap\data\2012\20121106__ia__general__polk__precinct.csv,596
Polk,DES MOINES-3,,ambiguous,0.38461538461538464,C:\Users\Shama\OneDrive\Documents\Side_Projects\Side_Projects\IAPrecinctMap\data\2012\20121106__ia__general__polk__precinct.csv,607
Polk,DES MOINES-30,,ambiguous,0.37037037037037035,C:\Users\Shama\OneDrive\Documents\Side_Projects\Side_Projects\IAPrecinctMap\data\2012\20121106__ia__general__polk__precinct.csv,618
Polk,DES MOINES-31,,ambiguous,0.37037037037037035,C:\Users\Shama\OneDrive\Documents\Side_Projects\Side_Projects\IAPrecinctMap\data\2012\20121106__ia__general__polk__precinct.csv,629
Polk,DES MOINES-32,,ambiguous,0.37037037037037035,C:\Users\Shama\OneDrive\Documents\Side_Projects\Side_Projects\IAPrecinctMap\data\2012\20121106__ia__general__polk__precinct.csv,640
Polk,DES MOINES-33,,ambiguous,0.37037037037037035,C:\Users\Shama\OneDrive\Documents\Side_Projects\Side_Projects\IAPrecinctMap\data\2012\20121106__ia__general__polk__precinct.csv,651
Polk,DES MOINES-34,,ambiguous,0.37037037037037035,C:\Users\Shama\OneDrive\Documents\Side_Projects\Side_Projects\IAPrecinctMap\data\2012\20121106__ia__general__polk__precinct.csv,662
Polk,DES MOINES-35,,ambiguous,0.37037037037037035,C:\Users\Shama\OneDrive\Documents\Side_Projects\Side_Projects\IAPrecinctMap\data\2012\20121106__ia__general__polk__precinct.csv,673
Polk,DES MOINES-36,,ambiguous,0.37037037037037035,C:\Users\Shama\OneDrive\Documents\Side_Projects\Side_Projects\IAPrecinctMap\data\2012\20121106__ia__general__polk__precinct.csv,684
Polk,DES MOINES-37,,ambiguous,0.37037037037037035,C:\Users\Shama\OneDrive\Documents\Side_Projects\Side_Projects\IAPrecinctMap\data\2012\20121106__ia__general__polk__precinct.csv,695
Polk,DES MOINES-38,,ambiguous,0.37037037037037035,C:\Users\Shama\OneDrive\Documents\Side_Projects\Side_Projects\IAPrecinctMap\data\2012\20121106__ia__general__polk__precinct.csv,706
Polk,DES MOINES-39,,ambiguous,0.37037037037037035,C:\Users\Shama\OneDrive\Documents\Side_Projects\Side_Projects\IAPrecinctMap\data\2012\20121106__ia__general__polk__precinct.csv,717
Polk,DES MOINES-4,,ambiguous,0.38461538461538464,C:\Users\Shama\OneDrive\Documents\Side_Projects\Side_Projects\IAPrecinctMap\data\2012\20121106__ia__general__polk__precinct.csv,728
Polk,DES MOINES-40,,ambiguous,0.37037037037037035,C:\Users\Shama\OneDrive\Documents\Side_Projects\Side_Projects\IAPrecinctMap\data\2012\20121106__ia__general__polk__precinct.csv,739
Polk,DES MOINES-41,,ambiguous,0.37037037037037035,C:\Users\Shama\OneDrive\Documents\Side_Projects\Side_Projects\IAPrecinctMap\data\2012\20121106__ia__general__polk__precinct.csv,750
Polk,DES MOINES-42,,ambiguous,0.37037037037037035,C:\Users\Shama\OneDrive\Documents\Side_Projects\Side_Projects\IAPrecinctMap\data\2012\20121106__ia__general__polk__precinct.csv,761
Polk,DES MOINES-43,,ambiguous,0.37037037037037035,C:\Users\Shama\OneDrive\Documents\Side_Projects\Side_Projects\IAPrecinctMap\data\2012\20121106__ia__general__polk__precinct.csv,772
Polk,DES MOINES-44,,ambiguous,0.37037037037037035,C:\Users\Shama\OneDrive\Documents\Side_Projects\Side_Projects\IAPrecinctMap\data\2012\20121106__ia__general__polk__precinct.csv,783
Polk,DES MOINES-45,,ambiguous,0.37037037037037035,C:\Users\Shama\OneDrive\Documents\Side_Projects\Side_Projects\IAPrecinctMap\data\2012\20121106__ia__general__polk__precinct.csv,794
Polk,DES MOINES-46,,ambiguous,0.37037037037037035,C:\Users\Shama\OneDrive\Documents\Side_Projects\Side_Projects\IAPrecinctMap\data\2012\20121106__ia__general__polk__precinct.csv,805
Polk,DES MOINES-47,,ambiguous,0.37037037037037035,C:\Users\Shama\OneDrive\Documents\Side_Projects\Side_Projects\IAPrecinctMap\data\2012\20121106__ia__general__polk__precinct.csv,816
Polk,DES MOINES-48,,ambiguous,0.37037037037037035,C:\Users\Shama\OneDrive\Documents\Side_Projects\Side_Projects\IAPrecinctMap\data\2012\20121106__ia__general__polk__precinct.csv,827
Polk,DES MOINES-49,,ambiguous,0.37037037037037035,C:\Users\Shama\OneDrive\Documents\Side_Projects\Side_Projects\IAPrecinctMap\data\2012\20121106__ia__general__polk__precinct.csv,838
Polk,DES MOINES-5,,ambiguous,0.38461538461538464,C:\Users\Shama\OneDrive\Documents\Side_Projects\Side_Projects\IAPrecinctMap\data\2012\20121106__ia__general__polk__precinct.csv,849
Polk,DES MOINES-50,,ambiguous,0.37037037037037035,C:\Users\Shama\OneDrive\Documents\Side_Projects\Side_Projects\IAPrecinctMap\data\2012\20121106__ia__general__polk__precinct.csv,860
Polk,DES MOINES-51,,ambiguous,0.37037037037037035,C:\Users\Shama\OneDrive\Documents\Side_Projects\Side_Projects\IAPrecinctMap\data\2012\20121106__ia__general__polk__precinct.csv,871
Polk,DES MOINES-52,,ambiguous,0.37037037037037035,C:\Users\Shama\OneDrive\Documents\Side_Projects\Side_Projects\IAPrecinctMap\data\2012\20121106__ia__general__polk__precinct.csv,882
Polk,DES MOINES-53,,ambiguous,0.37037037037037035,C:\Users\Shama\OneDrive\Documents\Side_Projects\Side_Projects\IAPrecinctMap\data\2012\20121106__ia__general__polk__precinct.csv,893
Polk,DES MOINES-54,,ambiguous,0.37037037037037035,C:\Users\Shama\OneDrive\Documents\Side_Projects\Side_Projects\IAPrecinctMap\data\2012\20121106__ia__general__polk__precinct.csv,904
Polk,DES MOINES-55,,ambiguous,0.37037037037037035,C:\Users\Shama\OneDrive\Documents\Side_Projects\Side_Projects\IAPrecinctMap\data\2012\20121106__ia__general__polk__precinct.csv,915
Polk,DES MOINES-56,,ambiguous,0.37037037037037035,C:\Users\Shama\OneDrive\Documents\Side_Projects\Side_Projects\IAPrecinctMap\data\2012\20121106__ia__general__polk__precinct.csv,926
Polk,DES MOINES-57,,ambiguous,0.37037037037037035,C:\Users\Shama\OneDrive\Documents\Side_Projects\Side_Projects\IAPrecinctMap\data\2012\20121106__ia__general__polk__precinct.csv,937
Polk,DES MOINES-58,,ambiguous,0.37037037037037035,C:\Users\Shama\OneDrive\Documents\Side_Projects\Side_Projects\IAPrecinctMap\data\2012\20121106__ia__general__polk__precinct.csv,948
Polk,DES MOINES-59,,ambiguous,0.37037037037037035,C:\Users\Shama\OneDrive\Documents\Side_Projects\Side_Projects\IAPrecinctMap\data\2012\20121106__ia__general__polk__precinct.csv,959
Polk,DES MOINES-6,,ambiguous,0.38461538461538464,C:\Users\Shama\OneDrive\Documents\Side_Projects\Side_Projects\IAPrecinctMap\data\2012\20121106__ia__general__polk__precinct.csv,970
Polk,DES MOINES-60,,ambiguous,0.37037037037037035,C:\Users\Shama\OneDrive\Documents\Side_Projects\Side_Projects\IAPrecinctMap\data\2012\20121106__ia__general__polk__precinct.csv,981
Polk,DES MOINES-61,,ambiguous,0.37037037037037035,C:\Users\Shama\OneDrive\Documents\Side_Projects\Side_Projects\IAPrecinctMap\data\2012\20121106__ia__general__polk__precinct.csv,992
Polk,DES MOINES-62,,ambiguous,0.37037037037037035,C:\Users\Shama\OneDrive\Documents\Side_Projects\Side_Projects\IAPrecinctMap\data\2012\20121106__ia__general__polk__precinct.csv,1003
Polk,DES MOINES-63,,ambiguous,0.37037037037037035,C:\Users\Shama\OneDrive\Documents\Side_Projects\Side_Projects\IAPrecinctMap\data\2012\20121106__ia__general__polk__precinct.csv,1014
Polk,DES MOINES-64,,ambiguous,0.37037037037037035,C:\Users\Shama\OneDrive\Documents\Side_Projects\Side_Projects\IAPrecinctMap\data\2012\20121106__ia__general__polk__precinct.csv,1025
Polk,DES MOINES-65,,ambiguous,0.37037037037037035,C:\Users\Shama\OneDrive\Documents\Side_Projects\Side_Projects\IAPrecinctMap\data\2012\20121106__ia__general__polk__precinct.csv,1036
Polk,DES MOINES-66,,ambiguous,0.37037037037037035,C:\Users\Shama\OneDrive\Documents\Side_Projects\Side_Projects\IAPrecinctMap\data\2012\20121106__ia__general__polk__precinct.csv,1047
Polk,DES MOINES-67,,ambiguous,0.37037037037037035,C:\Users\Shama\OneDrive\Documents\Side_Projects\Side_Projects\IAPrecinctMap\data\2012\20121106__ia__general__polk__precinct.csv,1058
Polk,DES MOINES-68,,ambiguous,0.37037037037037035,C:\Users\Shama\OneDrive\Documents\Side_Projects\Side_Projects\IAPrecinctMap\data\2012\20121106__ia__general__polk__precinct.csv,1069
Polk,DES MOINES-69,,ambiguous,0.37037037037037035,C:\Users\Shama\OneDrive\Documents\Side_Projects\Side_Projects\IAPrecinctMap\data\2012\20121106__ia__general__polk__precinct.csv,1080
Polk,DES MOINES-7,,ambiguous,0.38461538461538464,C:\Users\Shama\OneDrive\Documents\Side_Projects\Side_Projects\IAPrecinctMap\data\2012\20121106__ia__general__polk__precinct.csv,1091
Polk,DES MOINES-70,,ambiguous,0.37037037037037035,C:\Users\Shama\OneDrive\Documents\Side_Projects\Side_Projects\IAPrecinctMap\data\2012\20121106__ia__general__polk__precinct.csv,1102
Polk,DES MOINES-71,,ambiguous,0.37037037037037035,C:\Users\Shama\OneDrive\Documents\Side_Projects\Side_Projects\IAPrecinctMap\data\2012\20121106__ia__general__polk__precinct.csv,1113
Polk,DES MOINES-72,,ambiguous,0.37037037037037035,C:\Users\Shama\OneDrive\Documents\Side_Projects\Side_Projects\IAPrecinctMap\data\2012\20121106__ia__general__polk__precinct.csv,1124
Polk,DES MOINES-73,,ambiguous,0.37037037037037035,C:\Users\Shama\OneDrive\Documents\Side_Projects\Side_Projects\IAPrecinctMap\data\2012\20121106__ia__general__polk__precinct.csv,1135
Polk,DES MOINES-74,,ambiguous,0.37037037037037035,C:\Users\Shama\OneDrive\Documents\Side_Projects\Side_Projects\IAPrecinctMap\data\2012\20121106__ia__general__polk__precinct.csv,1146
Polk,DES MOINES-75,,ambiguous,0.37037037037037035,C:\Users\Shama\OneDrive\Documents\Side_Projects\Side_Projects\IAPrecinctMap\data\2012\20121106__ia__general__polk__precinct.csv,1157
Polk,DES MOINES-76,,ambiguous,0.37037037037037035,C:\Users\Shama\OneDrive\Documents\Side_Projects\Side_Projects\IAPrecinctMap\data\2012\20121106__ia__general__polk__precinct.csv,1168
Polk,DES MOINES-77,,ambiguous,0.37037037037037035,C:\Users\Shama\OneDrive\Documents\Side_Projects\Side_Projects\IAPrecinctMap\data\2012\20121106__ia__general__polk__precinct.csv,1179
Polk,DES MOINES-78,,ambiguous,0.37037037037037035,C:\Users\Shama\OneDrive\Documents\Side_Projects\Side_Projects\IAPrecinctMap\data\2012\20121106__ia__general__polk__precinct.csv,1190
Polk,DES MOINES-79,,ambiguous,0.37037037037037035,C:\Users\Shama\OneDrive\Documents\Side_Projects\Side_Projects\IAPrecinctMap\data\2012\20121106__ia__general__polk__precinct.csv,1201
Polk,DES MOINES-8,,ambiguous,0.38461538461538464,C:\Users\Shama\OneDrive\Documents\Side_Projects\Side_Projects\IAPrecinctMap\data\2012\20121106__ia__general__polk__precinct.csv,1212
Polk,DES MOINES-80,,ambiguous,0.37037037037037035,C:\Users\Shama\OneDrive\Documents\Side_Projects\Side_Projects\IAPrecinctMap\data\2012\20121106__ia__general__polk__precinct.csv,1223
Polk,DES MOINES-81,,ambiguous,0.37037037037037035,C:\Users\Shama\OneDrive\Documents\Side_Projects\Side_Projects\IAPrecinctMap\data\2012\20121106__ia__general__polk__precinct.csv,1234
Polk,DES MOINES-82,,ambiguous,0.37037037037037035,C:\Users\Shama\OneDrive\Documents\Side_Projects\Side_Projects\IAPrecinctMap\data\2012\20121106__ia__general__polk__precinct.csv,1245
Polk,DES MOINES-83,,ambiguous,0.37037037037037035,C:\Users\Shama\OneDrive\Documents\Side_Projects\Side_Projects\IAPrecinctMap\data\2012\20121106__ia__general__polk__precinct.csv,1256
Polk,DES MOINES-84,,ambiguous,0.37037037037037035,C:\Users\Shama\OneDrive\Documents\Side_Projects\Side_Projects\IAPrecinctMap\data\2012\20121106__ia__general__polk__precinct.csv,1267
Polk,DES MOINES-9,,ambiguous,0.38461538461538464,C:\Users\Shama\OneDrive\Documents\Side_Projects\Side_Projects\IAPrecinctMap\data\2012\20121106__ia__general__polk__precinct.csv,1278
Polk,DOUGLAS-1,,ambiguous,0.4444444444444444,C:\Users\Shama\OneDrive\Documents\Side_Projects\Side_Projects\IAPrecinctMap\data\2012\20121106__ia__general__polk__precinct.csv,1289
Polk,ELKHART-1,,ambiguous,0.42105263157894735,C:\Users\Shama\OneDrive\Documents\Side_Projects\Side_Projects\IAPrecinctMap\data\2012\20121106__ia__general__polk__precinct.csv,1300
Polk,FOUR MILE-1,,ambiguous,0.32,C:\Users\Shama\OneDrive\Documents\Side_Projects\Side_Projects\IAPrecinctMap\data\2012\20121106__ia__general__polk__precinct.csv,1311
Polk,FRANKLIN-1,,ambiguous,0.42105263157894735,C:\Users\Shama\OneDrive\Documents\Side_Projects\Side_Projects\IAPrecinctMap\data\2012\20121106__ia__general__polk__precinct.csv,1322
Polk,GRANGER-1,,ambiguous,0.42105263157894735,C:\Users\Shama\OneDrive\Documents\Side_Projects\Side_Projects\IAPrecinctMap\data\2012\20121106__ia__general__polk__precinct.csv,1333
Polk,GRIMES-1,,ambiguous,0.36363636363636365,C:\Users\Shama\OneDrive\Documents\Side_Projects\Side_Projects\IAPrecinctMap\data\2012\20121106__ia__general__polk__precinct.csv,1344
Polk,GRIMES-2,,ambiguous,0.36363636363636365,C:\Users\Shama\OneDrive\Documents\Side_Projects\Side_Projects\IAPrecinctMap\data\2012\20121106__ia__general__polk__precinct.csv,1355
Polk,GRIMES-3,,ambiguous,0.36363636363636365,C:\Users\Shama\OneDrive\Documents\Side_Projects\Side_Projects\IAPrecinctMap\data\2012\20121106__ia__general__polk__precinct.csv,1366
Polk,JEFFERSON-1,,ambiguous,0.45454545454545453,C:\Users\Shama\OneDrive\Documents\Side_Projects\Side_Projects\IAPrecinctMap\data\2012\20121106__ia__general__polk__precinct.csv,1377
Polk,JOHNSTON-1,,ambiguous,0.47619047619047616,C:\Users\Shama\OneDrive\Documents\Side_Projects\Side_Projects\IAPrecinctMap\data\2012\20121106__ia__general__polk__precinct.csv,1388
Polk,JOHNSTON-2,,ambiguous,0.47619047619047616,C:\Users\Shama\OneDrive\Documents\Side_Projects\Side_Projects\IAPrecinctMap\data\2012\20121106__ia__general__polk__precinct.csv,1399
Polk,JOHNSTON-3,,ambiguous,0.47619047619047616,C:\Users\Shama\OneDrive\Documents\Side_Projects\Side_Projects\IAPrecinctMap\data\2012\20121106__ia__general__polk__precinct.csv,1410
Polk,JOHNSTON-4,,ambiguous,0.47619047619047616,C:\Users\Shama\OneDrive\Documents\Side_Projects\Side_Projects\IAPrecinctMap\data\2012\20121106__ia__general__polk__precinct.csv,1421
Polk,JOHNSTON-5,,ambiguous,0.47619047619047616,C:\Users\Shama\OneDrive\Documents\Side_Projects\Side_Projects\IAPrecinctMap\data\2012\20121106__ia__general__polk__precinct.csv,1432
Polk,JOHNSTON-6,,ambiguous,0.47619047619047616,C:\Users\Shama\OneDrive\Documents\Side_Projects\Side_Projects\IAPrecinctMap\data\2012\20121106__ia__general__polk__precinct.csv,1443
Polk,MADISON-1,,ambiguous,0.5,C:\Users\Shama\OneDrive\Documents\Side_Projects\Side_Projects\IAPrecinctMap\data\2012\20121106__ia__general__polk__precinct.csv,1454
Polk,MITCHELLVILLE-1,,ambiguous,0.3333333333333333,C:\Users\Shama\OneDrive\Documents\Side_Projects\Side_Projects\IAPrecinctMap\data\2012\20121106__ia__general__polk__precinct.csv,1465
Polk,PLEASANT HILL-1,,ambiguous,0.34782608695652173,C:\Users\Shama\OneDrive\Documents\Side_Projects\Side_Projects\IAPrecinctMap\data\2012\20121106__ia__general__polk__precinct.csv,1476
Polk,PLEASANT HILL-2,,ambiguous,0.34782608695652173,C:\Users\Shama\OneDrive\Documents\Side_Projects\Side_Projects\IAPrecinctMap\data\2012\20121106__ia__general__polk__precinct.csv,1487
Polk,PLEASANT HILL-3,,ambiguous,0.34782608695652173,C:\Users\Shama\OneDrive\Documents\Side_Projects\Side_Projects\IAPrecinctMap\data\2012\20121106__ia__general__polk__precinct.csv,1498
Polk,POLK CITY-1,,ambiguous,0.3157894736842105,C:\Users\Shama\OneDrive\Documents\Side_Projects\Side_Projects\IAPrecinctMap\data\2012\20121106__ia__general__polk__precinct.csv,1509
Polk,RUNNELLS-1,,ambiguous,0.42105263157894735,C:\Users\Shama\OneDrive\Documents\Side_Projects\Side_Projects\IAPrecinctMap\data\2012\20121106__ia__general__polk__precinct.csv,1520
Polk,SAYLOR-1,,ambiguous,0.35294117647058826,C:\Users\Shama\OneDrive\Documents\Side_Projects\Side_Projects\IAPrecinctMap\data\2012\20121106__ia__general__polk__precinct.csv,1531
Polk,SAYLOR-2,,ambiguous,0.35294117647058826,C:\Users\Shama\OneDrive\Documents\Side_Projects\Side_Projects\IAPrecinctMap\data\2012\20121106__ia__general__polk__precinct.csv,1542
Polk,SHELDAHL-1,,ambiguous,0.42105263157894735,C:\Users\Shama\OneDrive\Documents\Side_Projects\Side_Projects\IAPrecinctMap\data\2012\20121106__ia__general__polk__precinct.csv,1553
Polk,URBANDALE-1,,ambiguous,0.4375,C:\Users\Shama\OneDrive\Documents\Side_Projects\Side_Projects\IAPrecinctMap\data\2012\20121106__ia__general__polk__precinct.csv,1564
Polk,URBANDALE-10,,ambiguous,0.42424242424242425,C:\Users\Shama\OneDrive\Documents\Side_Projects\Side_Projects\IAPrecinctMap\data\2012\20121106__ia__general__polk__precinct.csv,1575
Polk,URBANDALE-11,,ambiguous,0.42424242424242425,C:\Users\Shama\OneDrive\Documents\Side_Projects\Side_Projects\IAPrecinctMap\data\2012\20121106__ia__general__polk__precinct.csv,1586
Polk,URBANDALE-2,,ambiguous,0.4375,C:\Users\Shama\OneDrive\Documents\Side_Projects\Side_Projects\IAPrecinctMap\data\2012\20121106__ia__general__polk__precinct.csv,1597
Polk,URBANDALE-3,,ambiguous,0.4375,C:\Users\Shama\OneDrive\Documents\Side_Projects\Side_Projects\IAPrecinctMap\data\2012\20121106__ia__general__polk__precinct.csv,1608
Polk,URBANDALE-4,,ambiguous,0.4375,C:\Users\Shama\OneDrive\Documents\Side_Projects\Side_Projects\IAPrecinctMap\data\2012\20121106__ia__general__polk__precinct.csv,1619
Polk,URBANDALE-5,,ambiguous,0.4375,C:\Users\Shama\OneDrive\Documents\Side_Projects\Side_Projects\IAPrecinctMap\data\2012\20121106__ia__general__polk__precinct.csv,1630
Polk,URBANDALE-6,,ambiguous,0.4375,C:\Users\Shama\OneDrive\Documents\Side_Projects\Side_Projects\IAPrecinctMap\data\2012\20121106__ia__general__polk__precinct.csv,1641
Polk,URBANDALE-7,,ambiguous,0.4375,C:\Users\Shama\OneDrive\Documents\Side_Projects\Side_Projects\IAPrecinctMap\data\2012\20121106__ia__general__polk__precinct.csv,1652
Polk,URBANDALE-8,,ambiguous,0.4375,C:\Users\Shama\OneDrive\Documents\Side_Projects\Side_Projects\IAPrecinctMap\data\2012\20121106__ia__general__polk__precinct.csv,1663
Polk,URBANDALE-9,,ambiguous,0.4375,C:\Users\Shama\OneDrive\Documents\Side_Projects\Side_Projects\IAPrecinctMap\data\2012\20121106__ia__general__polk__precinct.csv,1674
Polk,WASHINGTON-1,,ambiguous,0.45714285714285713,C:\Users\Shama\OneDrive\Documents\Side_Projects\Side_Projects\IAPrecinctMap\data\2012\20121106__ia__general__polk__precinct.csv,1685
Polk,WDM-111,,ambiguous,0.16666666666666666,C:\Users\Shama\OneDrive\Documents\Side_Projects\Side_Projects\IAPrecinctMap\data\2012\20121106__ia__general__polk__precinct.csv,1696
Polk,WDM-112,,ambiguous,0.16666666666666666,C:\Users\Shama\OneDrive\Documents\Side_Projects\Side_Projects\IAPrecinctMap\data\2012\20121106__ia__general__polk__precinct.csv,1707
Polk,WDM-113,,ambiguous,0.16666666666666666,C:\Users\Shama\OneDrive\Documents\Side_Projects\Side_Projects\IAPrecinctMap\data\2012\20121106__ia__general__polk__precinct.csv,1718
Polk,WDM-114,,ambiguous,0.16666666666666666,C:\Users\Shama\OneDrive\Documents\Side_Projects\Side_Projects\IAPrecinctMap\data\2012\20121106__ia__general__polk__precinct.csv,1729
Polk,WDM-115,,ambiguous,0.16666666666666666,C:\Users\Shama\OneDrive\Documents\Side_Projects\Side_Projects\IAPrecinctMap\data\2012\20121106__ia__general__polk__precinct.csv,1740
Polk,WDM-116,,ambiguous,0.16666666666666666,C:\Users\Shama\OneDrive\Documents\Side_Projects\Side_Projects\IAPrecinctMap\data\2012\20121106__ia__general__polk__precinct.csv,1751
Polk,WDM-117,,ambiguous,0.16666666666666666,C:\Users\Shama\OneDrive\Documents\Side_Projects\Side_Projects\IAPrecinctMap\data\2012\20121106__ia__general__polk__precinct.csv,1762
Polk,WDM-118,,ambiguous,0.16666666666666666,C:\Users\Shama\OneDrive\Documents\Side_Projects\Side_Projects\IAPrecinctMap\data\2012\20121106__ia__general__polk__precinct.csv,1773
Polk,WDM-211,,ambiguous,0.16666666666666666,C:\Users\Shama\OneDrive\Documents\Side_Projects\Side_Projects\IAPrecinctMap\data\2012\20121106__ia__general__polk__precinct.csv,1784
Polk,WDM-212,,ambiguous,0.16666666666666666,C:\Users\Shama\OneDrive\Documents\Side_Projects\Side_Projects\IAPrecinctMap\data\2012\20121106__ia__general__polk__precinct.csv,1795
Polk,WDM-213,,ambiguous,0.16666666666666666,C:\Users\Shama\OneDrive\Documents\Side_Projects\Side_Projects\IAPrecinctMap\data\2012\20121106__ia__general__polk__precinct.csv,1806
Polk,WDM-311,,ambiguous,0.16666666666666666,C:\Users\Shama\OneDrive\Documents\Side_Projects\Side_Projects\IAPrecinctMap\data\2012\20121106__ia__general__polk__precinct.csv,1817
Polk,WDM-312,,ambiguous,0.16666666666666666,C:\Users\Shama\OneDrive\Documents\Side_Projects\Side_Projects\IAPrecinctMap\data\2012\20121106__ia__general__polk__precinct.csv,1828
Polk,WDM-313,,ambiguous,0.16666666666666666,C:\Users\Shama\OneDrive\Documents\Side_Projects\Side_Projects\IAPrecinctMap\data\2012\20121106__ia__general__polk__precinct.csv,1839
Polk,WDM-314,,ambiguous,0.16666666666666666,C:\Users\Shama\OneDrive\Documents\Side_Projects\Side_Projects\IAPrecinctMap\data\2012\20121106__ia__general__polk__precinct.csv,1850
Polk,WDM-315,,ambiguous,0.16666666666666666,C:\Users\Shama\OneDrive\Documents\Side_Projects\Side_Projects\IAPrecinctMap\data\2012\20121106__ia__general__polk__precinct.csv,1861
Polk,WDM-316,,ambiguous,0.16666666666666666,C:\Users\Shama\OneDrive\Documents\Side_Projects\Side_Projects\IAPrecinctMap\data\2012\20121106__ia__general__polk__precinct.csv,1872
Polk,WDM-317,,ambiguous,0.16666666666666666,C:\Users\Shama\OneDrive\Documents\Side_Projects\Side_Projects\IAPrecinctMap\data\2012\20121106__ia__general__polk__precinct.csv,1883
Polk,WDM-318,,ambiguous,0.16666666666666666,C:\Users\Shama\OneDrive\Documents\Side_Projects\Side_Projects\IAPrecinctMap\data\2012\20121106__ia__general__polk__precinct.csv,1894
Polk,WEBSTER-1,,ambiguous,0.42105263157894735,C:\Users\Shama\OneDrive\Documents\Side_Projects\Side_Projects\IAPrecinctMap\data\2012\20121106__ia__general__polk__precinct.csv,1905
Polk,WINDSOR HEIGHTS-1,,ambiguous,0.3448275862068966,C:\Users\Shama\OneDrive\Documents\Side_Projects\Side_Projects\IAPrecinctMap\data\2012\20121106__ia__general__polk__precinct.csv,1916
Polk,WINDSOR HEIGHTS-2,,ambiguous,0.3448275862068966,C:\Users\Shama\OneDrive\Documents\Side_Projects\Side_Projects\IAPrecinctMap\data\2012\20121106__ia__general__polk__precinct.csv,1927
Polk,WINDSOR HEIGHTS-3,,ambiguous,0.3448275862068966,C:\Users\Shama\OneDrive\Documents\Side_Projects\Side_Projects\IAPrecinctMap\data\2012\20121106__ia__general__polk__precinct.csv,1938
Pottawattamie,,,unmatched,0.0,C:\Users\Shama\OneDrive\Documents\Side_Projects\Side_Projects\IAPrecinctMap\data\2012\20121106__ia__general__pottawattamie__precinct.csv,442
Pottawattamie,Avoca,,unmatched,0.0,C:\Users\Shama\OneDrive\Documents\Side_Projects\Side_Projects\IAPrecinctMap\data\2012\20121106__ia__general__pottawattamie__precinct.csv,2
Pottawattamie,Carson,,unmatched,0.0,C:\Users\Shama\OneDrive\Documents\Side_Projects\Side_Projects\IAPrecinctMap\data\2012\20121106__ia__general__pottawattamie__precinct.csv,13
Pottawattamie,Carter Lake 1,,unmatched,0.0,C:\Users\Shama\OneDrive\Documents\Side_Projects\Side_Projects\IAPrecinctMap\data\2012\20121106__ia__general__pottawattamie__precinct.csv,24
Pottawattamie,Carter Lake 2,,unmatched,0.0,C:\Users\Shama\OneDrive\Documents\Side_Projects\Side_Projects\IAPrecinctMap\data\2012\20121106__ia__general__pottawattamie__precinct.csv,35
Pottawattamie,CB 01,,unmatched,0.0,C:\Users\Shama\OneDrive\Documents\Side_Projects\Side_Projects\IAPrecinctMap\data\2012\20121106__ia__general__pottawattamie__precinct.csv,46
Pottawattamie,CB 02,,unmatched,0.0,C:\Users\Shama\OneDrive\Documents\Side_Projects\Side_Projects\IAPrecinctMap\data\2012\20121106__ia__general__pottawattamie__precinct.csv,57
Pottawattamie,CB 03,,unmatched,0.0,C:\Users\Shama\OneDrive\Documents\Side_Projects\Side_Projects\IAPrecinctMap\data\2012\20121106__ia__general__pottawattamie__precinct.csv,68
Pottawattamie,CB 04,,unmatched,0.0,C:\Users\Shama\OneDrive\Documents\Side_Projects\Side_Projects\IAPrecinctMap\data\2012\20121106__ia__general__pottawattamie__precinct.csv,79
Pottawattamie,CB 05,,unmatched,0.0,C:\Users\Shama\OneDrive\Documents\Side_Projects\Side_Projects\IAPrecinctMap\data\2012\20121106__ia__general__pottawattamie__precinct.csv,90
Pottawattamie,CB 06,,unmatched,0.0,C:\Users\Shama\OneDrive\Documents\Side_Projects\Side_Projects\IAPrecinctMap\data\2012\20121106__ia__general__pottawattamie__precinct.csv,101
Pottawattamie,CB 07,,unmatched,0.0,C:\Users\Shama\OneDrive\Documents\Side_Projects\Side_Projects\IAPrecinctMap\data\2012\20121106__ia__general__pottawattamie__precinct.csv,112
Pottawattamie,CB 08,,unmatched,0.0,C:\Users\Shama\OneDrive\Documents\Side_Projects\Side_Projects\IAPrecinctMap\data\2012\20121106__ia__general__pottawattamie__precinct.csv,123
Pottawattamie,CB 09,,unmatched,0.0,C:\Users\Shama\OneDrive\Documents\Side_Projects\Side_Projects\IAPrecinctMap\data\2012\20121106__ia__general__pottawattamie__precinct.csv,134
Pottawattamie,CB 10A,,unmatched,0.0,C:\Users\Shama\OneDrive\Documents\Side_Projects\Side_Projects\IAPrecinctMap\data\2012\20121106__ia__general__pottawattamie__precinct.csv,145
Pottawattamie,CB 10B,,unmatched,0.0,C:\Users\Shama\OneDrive\Documents\Side_Projects\Side_Projects\IAPrecinctMap\data\2012\20121106__ia__general__pottawattamie__precinct.csv,156
Pottawattamie,CB 11,,unmatched,0.0,C:\Users\Shama\OneDrive\Documents\Side_Projects\Side_Projects\IAPrecinctMap\data\2012\20121106__ia__general__pottawattamie__precinct.csv,167
Pottawattamie,CB 12,,unmatched,0.0,C:\Users\Shama\OneDrive\Documents\Side_Projects\Side_Projects\IAPrecinctMap\data\2012\20121106__ia__general__pottawattamie__precinct.csv,178
Pottawattamie,CB 13,,unmatched,0.0,C:\Users\Shama\OneDrive\Documents\Side_Projects\Side_Projects\IAPrecinctMap\data\2012\20121106__ia__general__pottawattamie__precinct.csv,189
Pottawattamie,CB 14,,unmatched,0.0,C:\Users\Shama\OneDrive\Documents\Side_Projects\Side_Projects\IAPrecinctMap\data\2012\20121106__ia__general__pottawattamie__precinct.csv,200
Pottawattamie,CB 15,,unmatched,0.0,C:\Users\Shama\OneDrive\Documents\Side_Projects\Side_Projects\IAPrecinctMap\data\2012\20121106__ia__general__pottawattamie__precinct.csv,211
Pottawattamie,CB 16,,unmatched,0.0,C:\Users\Shama\OneDrive\Documents\Side_Projects\Side_Projects\IAPrecinctMap\data\2012\20121106__ia__general__pottawattamie__precinct.csv,222
Pottawattamie,CB 17,,unmatched,0.0,C:\Users\Shama\OneDrive\Documents\Side_Projects\Side_Projects\IAPrecinctMap\data\2012\20121106__ia__general__pottawattamie__precinct.csv,233
Pottawattamie,CB 18,,unmatched,0.0,C:\Users\Shama\OneDrive\Documents\Side_Projects\Side_Projects\IAPrecinctMap\data\2012\20121106__ia__general__pottawattamie__precinct.csv,244
Pottawattamie,CB 19,,unmatched,0.0,C:\Users\Shama\OneDrive\Documents\Side_Projects\Side_Projects\IAPrecinctMap\data\2012\20121106__ia__general__pottawattamie__precinct.csv,255
Pottawattamie,CB 20,,unmatched,0.0,C:\Users\Shama\OneDrive\Documents\Side_Projects\Side_Projects\IAPrecinctMap\data\2012\20121106__ia__general__pottawattamie__precinct.csv,266
Pottawattamie,CB 21,,unmatched,0.0,C:\Users\Shama\OneDrive\Documents\Side_Projects\Side_Projects\IAPrecinctMap\data\2012\20121106__ia__general__pottawattamie__precinct.csv,277
Pottawattamie,Crescent,,unmatched,0.0,C:\Users\Shama\OneDrive\Documents\Side_Projects\Side_Projects\IAPrecinctMap\data\2012\20121106__ia__general__pottawattamie__precinct.csv,288
Pottawattamie,Garner,,unmatched,0.0,C:\Users\Shama\OneDrive\Documents\Side_Projects\Side_Projects\IAPrecinctMap\data\2012\20121106__ia__general__pottawattamie__precinct.csv,299
Pottawattamie,GLWCW,,unmatched,0.0,C:\Users\Shama\OneDrive\Documents\Side_Projects\Side_Projects\IAPrecinctMap\data\2012\20121106__ia__general__pottawattamie__precinct.csv,310
Pottawattamie,Hancock,,unmatched,0.0,C:\Users\Shama\OneDrive\Documents\Side_Projects\Side_Projects\IAPrecinctMap\data\2012\20121106__ia__general__pottawattamie__precinct.csv,321
Pottawattamie,Lewis 1,,unmatched,0.0,C:\Users\Shama\OneDrive\Documents\Side_Projects\Side_Projects\IAPrecinctMap\data\2012\20121106__ia__general__pottawattamie__precinct.csv,332
Pottawattamie,Lewis 2,,unmatched,0.0,C:\Users\Shama\OneDrive\Documents\Side_Projects\Side_Projects\IAPrecinctMap\data\2012\20121106__ia__general__pottawattamie__precinct.csv,343
Pottawattamie,Macedonia,,unmatched,0.0,C:\Users\Shama\OneDrive\Documents\Side_Projects\Side_Projects\IAPrecinctMap\data\2012\20121106__ia__general__pottawattamie__precinct.csv,354
Pottawattamie,McClelland,,unmatched,0.0,C:\Users\Shama\OneDrive\Documents\Side_Projects\Side_Projects\IAPrecinctMap\data\2012\20121106__ia__general__pottawattamie__precinct.csv,365
Pottawattamie,Minden,,unmatched,0.0,C:\Users\Shama\OneDrive\Documents\Side_Projects\Side_Projects\IAPrecinctMap\data\2012\20121106__ia__general__pottawattamie__precinct.csv,376
Pottawattamie,Neola,,unmatched,0.0,C:\Users\Shama\OneDrive\Documents\Side_Projects\Side_Projects\IAPrecinctMap\data\2012\20121106__ia__general__pottawattamie__precinct.csv,387
Pottawattamie,Oakland,,unmatched,0.0,C:\Users\Shama\OneDrive\Documents\Side_Projects\Side_Projects\IAPrecinctMap\data\2012\20121106__ia__general__pottawattamie__precinct.csv,398
Pottawattamie,Treynor,,unmatched,0.0,C:\Users\Shama\OneDrive\Documents\Side_Projects\Side_Projects\IAPrecinctMap\data\2012\20121106__ia__general__pottawattamie__precinct.csv,409
Pottawattamie,Underwood,,unmatched,0.0,C:\Users\Shama\OneDrive\Documents\Side_Projects\Side_Projects\IAPrecinctMap\data\2012\20121106__ia__general__pottawattamie__precinct.csv,420
Pottawattamie,Walnut,,unmatched,0.0,C:\Users\Shama\OneDrive\Documents\Side_Projects\Side_Projects\IAPrecinctMap\data\2012\20121106__ia__general__pottawattamie__precinct.csv,431
Poweshiek,,,unmatched,0.0,C:\Users\Shama\OneDrive\Documents\Side_Projects\Side_Projects\IAPrecinctMap\data\2012\20121106__ia__general__poweshiek__precinct.csv,112
Poweshiek,1ST WARD - 06.06GR,,ambiguous,0.3448275862068966,C:\Users\Shama\OneDrive\Documents\Side_Projects\Side_Projects\IAPrecinctMap\data\2012\20121106__ia__general__poweshiek__precinct.csv,2
Poweshiek,2ND WARD - 07.07GR,,ambiguous,0.3,C:\Users\Shama\OneDrive\Documents\Side_Projects\Side_Projects\IAPrecinctMap\data\2012\20121106__ia__general__poweshiek__precinct.csv,13
Poweshiek,3RD WARD - 08.08GR,,ambiguous,0.2962962962962963,C:\Users\Shama\OneDrive\Documents\Side_Projects\Side_Projects\IAPrecinctMap\data\2012\20121106__ia__general__poweshiek__precinct.csv,24
Poweshiek,4TH WARD - 09.09GR,,ambiguous,0.3,C:\Users\Shama\OneDrive\Documents\Side_Projects\Side_Projects\IAPrecinctMap\data\2012\20121106__ia__general__poweshiek__precinct.csv,35
Poweshiek,BMWJ,,ambiguous,0.26666666666666666,C:\Users\Shama\OneDrive\Documents\Side_Projects\Side_Projects\IAPrecinctMap\data\2012\20121106__ia__general__poweshiek__precinct.csv,46
Poweshiek,CGWS,,ambiguous,0.3076923076923077,C:\Users\Shama\OneDrive\Documents\Side_Projects\Side_Projects\IAPrecinctMap\data\2012\20121106__ia__general__poweshiek__precinct.csv,57
Poweshiek,DRL,,ambiguous,0.2222222222222222,C:\Users\Shama\OneDrive\Documents\Side_Projects\Side_Projects\IAPrecinctMap\data\2012\20121106__ia__general__poweshiek__precinct.csv,68
Poweshiek,JUPS,,ambiguous,0.21052631578947367,C:\Users\Shama\OneDrive\Documents\Side_Projects\Side_Projects\IAPrecinctMap\data\2012\20121106__ia__general__poweshiek__precinct.csv,79
Poweshiek,MONTEZUMA - 11.11MO,,ambiguous,0.35714285714285715,C:\Users\Shama\OneDrive\Documents\Side_Projects\Side_Projects\IAPrecinctMap\data\2012\20121106__ia__general__poweshiek__precinct.csv,90
Poweshiek,MS,,ambiguous,0.2857142857142857,C:\Users\Shama\OneDrive\Documents\Side_Projects\Side_Projects\IAPrecinctMap\data\2012\20121106__ia__general__poweshiek__precinct.csv,101
Ringgold,,,unmatched,0.0,C:\Users\Shama\OneDrive\Documents\Side_Projects\Side_Projects\IAPrecinctMap\data\2012\20121106__ia__general__ringgold__precinct.csv,79
Ringgold,Athens,,unmatched,0.0,C:\Users\Shama\OneDrive\Documents\Side_Projects\Side_Projects\IAPrecinctMap\data\2012\20121106__ia__general__ringgold__precinct.csv,2
Ringgold,Clinton,,unmatched,0.0,C:\Users\Shama\OneDrive\Documents\Side_Projects\Side_Projects\IAPrecinctMap\data\2012\20121106__ia__general__ringgold__precinct.csv,13
Ringgold,Mount Ayr 1,,unmatched,0.0,C:\Users\Shama\OneDrive\Documents\Side_Projects\Side_Projects\IAPrecinctMap\data\2012\20121106__ia__general__ringgold__precinct.csv,24
Ringgold,Mount Ayr 2,,unmatched,0.0,C:\Users\Shama\OneDrive\Documents\Side_Projects\Side_Projects\IAPrecinctMap\data\2012\20121106__ia__general__ringgold__precinct.csv,35
Ringgold,Tingley,,unmatched,0.0,C:\Users\Shama\OneDrive\Documents\Side_Projects\Side_Projects\IAPrecinctMap\data\2012\20121106__ia__general__ringgold__precinct.csv,46
Ringgold,Union,,unmatched,0.0,C:\Users\Shama\OneDrive\Documents\Side_Projects\Side_Projects\IAPrecinctMap\data\2012\20121106__ia__general__ringgold__precinct.csv,57
Ringgold,Washington,,unmatched,0.0,C:\Users\Shama\OneDrive\Documents\Side_Projects\Side_Projects\IAPrecinctMap\data\2012\20121106__ia__general__ringgold__precinct.csv,68
Sac,,,unmatched,0.0,C:\Users\Shama\OneDrive\Documents\Side_Projects\Side_Projects\IAPrecinctMap\data\2012\20121106__ia__general__sac__precinct.csv,101
Sac,Auburn,,ambiguous,0.2857142857142857,C:\Users\Shama\OneDrive\Documents\Side_Projects\Side_Projects\IAPrecinctMap\data\2012\20121106__ia__general__sac__precinct.csv,2
Sac,Early,,ambiguous,0.375,C:\Users\Shama\OneDrive\Documents\Side_Projects\Side_Projects\IAPrecinctMap\data\2012\20121106__ia__general__sac__precinct.csv,13
Sac,Lake View,,ambiguous,0.4,C:\Users\Shama\OneDrive\Documents\Side_Projects\Side_Projects\IAPrecinctMap\data\2012\20121106__ia__general__sac__precinct.csv,24
Sac,Lytton,,ambiguous,0.35294117647058826,C:\Users\Shama\OneDrive\Documents\Side_Projects\Side_Projects\IAPrecinctMap\data\2012\20121106__ia__general__sac__precinct.csv,35
Sac,Nemaha,,ambiguous,0.35294117647058826,C:\Users\Shama\OneDrive\Documents\Side_Projects\Side_Projects\IAPrecinctMap\data\2012\20121106__ia__general__sac__precinct.csv,46
Sac,Odebolt,,ambiguous,0.5714285714285714,C:\Users\Shama\OneDrive\Documents\Side_Projects\Side_Projects\IAPrecinctMap\data\2012\20121106__ia__general__sac__precinct.csv,57
Sac,Sac City,,ambiguous,0.42105263157894735,C:\Users\Shama\OneDrive\Documents\Side_Projects\Side_Projects\IAPrecinctMap\data\2012\20121106__ia__general__sac__precinct.csv,68
Sac,Schaller,,ambiguous,0.3157894736842105,C:\Users\Shama\OneDrive\Documents\Side_Projects\Side_Projects\IAPrecinctMap\data\2012\20121106__ia__general__sac__precinct.csv,79
Sac,Wall Lake,,ambiguous,0.37037037037037035,C:\Users\Shama\OneDrive\Documents\Side_Projects\Side_Projects\IAPrecinctMap\data\2012\20121106__ia__general__sac__precinct.csv,90
Scott,,,unmatched,0.0,C:\Users\Shama\OneDrive\Documents\Side_Projects\Side_Projects\IAPrecinctMap\data\2012\20121106__ia__general__scott__precinct.csv,695
Scott,(AG) ALLEN'S GROVE TOWNSHIP AG,,unmatched,0.0,C:\Users\Shama\OneDrive\Documents\Side_Projects\Side_Projects\IAPrecinctMap\data\2012\20121106__ia__general__scott__precinct.csv,2
Scott,(B11) CITY OF BETTENDORF B11,,unmatched,0.0,C:\Users\Shama\OneDrive\Documents\Side_Projects\Side_Projects\IAPrecinctMap\data\2012\20121106__ia__general__scott__precinct.csv,13
Scott,(B12) CITY OF BETTENDORF B12,,unmatched,0.0,C:\Users\Shama\OneDrive\Documents\Side_Projects\Side_Projects\IAPrecinctMap\data\2012\20121106__ia__general__scott__precinct.csv,24
Scott,(B21) CITY OF BETTENDORF B21,,unmatched,0.0,C:\Users\Shama\OneDrive\Documents\Side_Projects\Side_Projects\IAPrecinctMap\data\2012\20121106__ia__general__scott__precinct.csv,35
Scott,(B22) CITY OF BETTENDORF B22,,unmatched,0.0,C:\Users\Shama\OneDrive\Documents\Side_Projects\Side_Projects\IAPrecinctMap\data\2012\20121106__ia__general__scott__precinct.csv,46
Scott,(B23) CITY OF BETTENDORF B23,,unmatched,0.0,C:\Users\Shama\OneDrive\Documents\Side_Projects\Side_Projects\IAPrecinctMap\data\2012\20121106__ia__general__scott__precinct.csv,57
Scott,(B31) CITY OF BETTENDORF B31,,unmatched,0.0,C:\Users\Shama\OneDrive\Documents\Side_Projects\Side_Projects\IAPrecinctMap\data\2012\20121106__ia__general__scott__precinct.csv,68
Scott,(B32) CITY OF BETTENDORF B32,,unmatched,0.0,C:\Users\Shama\OneDrive\Documents\Side_Projects\Side_Projects\IAPrecinctMap\data\2012\20121106__ia__general__scott__precinct.csv,79
Scott,(B41) CITY OF BETTENDORF B41,,unmatched,0.0,C:\Users\Shama\OneDrive\Documents\Side_Projects\Side_Projects\IAPrecinctMap\data\2012\20121106__ia__general__scott__precinct.csv,90
Scott,(B42) CITY OF BETTENDORF B42,,unmatched,0.0,C:\Users\Shama\OneDrive\Documents\Side_Projects\Side_Projects\IAPrecinctMap\data\2012\20121106__ia__general__scott__precinct.csv,101
Scott,(B51) CITY OF BETTENDORF B51,,unmatched,0.0,C:\Users\Shama\OneDrive\Documents\Side_Projects\Side_Projects\IAPrecinctMap\data\2012\20121106__ia__general__scott__precinct.csv,112
Scott,(B52) CITY OF BETTENDORF B52,,unmatched,0.0,C:\Users\Shama\OneDrive\Documents\Side_Projects\Side_Projects\IAPrecinctMap\data\2012\20121106__ia__general__scott__precinct.csv,123
Scott,(BF) CITY OF BUFFALO BF,,unmatched,0.0,C:\Users\Shama\OneDrive\Documents\Side_Projects\Side_Projects\IAPrecinctMap\data\2012\20121106__ia__general__scott__precinct.csv,134
Scott,(BG) BLUE GRASS TOWNSHIP BG,,unmatched,0.0,C:\Users\Shama\OneDrive\Documents\Side_Projects\Side_Projects\IAPrecinctMap\data\2012\20121106__ia__general__scott__precinct.csv,145
Scott,(BU) BUFFALO TOWNSHIP BU,,unmatched,0.0,C:\Users\Shama\OneDrive\Documents\Side_Projects\Side_Projects\IAPrecinctMap\data\2012\20121106__ia__general__scott__precinct.csv,156
Scott,(D11) CITY OF DAVENPORT D11,,unmatched,0.0,C:\Users\Shama\OneDrive\Documents\Side_Projects\Side_Projects\IAPrecinctMap\data\2012\20121106__ia__general__scott__precinct.csv,167
Scott,(D12) CITY OF DAVENPORT D12,,unmatched,0.0,C:\Users\Shama\OneDrive\Documents\Side_Projects\Side_Projects\IAPrecinctMap\data\2012\20121106__ia__general__scott__precinct.csv,178
Scott,(D13) CITY OF DAVENPORT D13,,unmatched,0.0,C:\Users\Shama\OneDrive\Documents\Side_Projects\Side_Projects\IAPrecinctMap\data\2012\20121106__ia__general__scott__precinct.csv,189
Scott,(D14) CITY OF DAVENPORT D14,,unmatched,0.0,C:\Users\Shama\OneDrive\Documents\Side_Projects\Side_Projects\IAPrecinctMap\data\2012\20121106__ia__general__scott__precinct.csv,200
Scott,(D21) CITY OF DAVENPORT D21,,unmatched,0.0,C:\Users\Shama\OneDrive\Documents\Side_Projects\Side_Projects\IAPrecinctMap\data\2012\20121106__ia__general__scott__precinct.csv,211
Scott,(D22) CITY OF DAVENPORT D22,,unmatched,0.0,C:\Users\Shama\OneDrive\Documents\Side_Projects\Side_Projects\IAPrecinctMap\data\2012\20121106__ia__general__scott__precinct.csv,222
Scott,(D23) CITY OF DAVENPORT D23,,unmatched,0.0,C:\Users\Shama\OneDrive\Documents\Side_Projects\Side_Projects\IAPrecinctMap\data\2012\20121106__ia__general__scott__precinct.csv,233
Scott,(D24) CITY OF DAVENPORT D24,,unmatched,0.0,C:\Users\Shama\OneDrive\Documents\Side_Projects\Side_Projects\IAPrecinctMap\data\2012\20121106__ia__general__scott__precinct.csv,244
Scott,(D31) CITY OF DAVENPORT D31,,unmatched,0.0,C:\Users\Shama\OneDrive\Documents\Side_Projects\Side_Projects\IAPrecinctMap\data\2012\20121106__ia__general__scott__precinct.csv,255
Scott,(D32) CITY OF DAVENPORT D32,,unmatched,0.0,C:\Users\Shama\OneDrive\Documents\Side_Projects\Side_Projects\IAPrecinctMap\data\2012\20121106__ia__general__scott__precinct.csv,266
Scott,(D33) CITY OF DAVENPORT D33,,unmatched,0.0,C:\Users\Shama\OneDrive\Documents\Side_Projects\Side_Projects\IAPrecinctMap\data\2012\20121106__ia__general__scott__precinct.csv,277
Scott,(D34) CITY OF DAVENPORT D34,,unmatched,0.0,C:\Users\Shama\OneDrive\Documents\Side_Projects\Side_Projects\IAPrecinctMap\data\2012\20121106__ia__general__scott__precinct.csv,288
Scott,(D41) CITY OF DAVENPORT D41,,unmatched,0.0,C:\Users\Shama\OneDrive\Documents\Side_Projects\Side_Projects\IAPrecinctMap\data\2012\20121106__ia__general__scott__precinct.csv,299
Scott,(D42) CITY OF DAVENPORT D42,,unmatched,0.0,C:\Users\Shama\OneDrive\Documents\Side_Projects\Side_Projects\IAPrecinctMap\data\2012\20121106__ia__general__scott__precinct.csv,310
Scott,(D43) CITY OF DAVENPORT D43,,unmatched,0.0,C:\Users\Shama\OneDrive\Documents\Side_Projects\Side_Projects\IAPrecinctMap\data\2012\20121106__ia__general__scott__precinct.csv,321
Scott,(D44) CITY OF DAVENPORT D44,,unmatched,0.0,C:\Users\Shama\OneDrive\Documents\Side_Projects\Side_Projects\IAPrecinctMap\data\2012\20121106__ia__general__scott__precinct.csv,332
Scott,(D51) CITY OF DAVENPORT D51,,unmatched,0.0,C:\Users\Shama\OneDrive\Documents\Side_Projects\Side_Projects\IAPrecinctMap\data\2012\20121106__ia__general__scott__precinct.csv,343
Scott,(D52) CITY OF DAVENPORT D52,,unmatched,0.0,C:\Users\Shama\OneDrive\Documents\Side_Projects\Side_Projects\IAPrecinctMap\data\2012\20121106__ia__general__scott__precinct.csv,354
Scott,(D53) CITY OF DAVENPORT D53,,unmatched,0.0,C:\Users\Shama\OneDrive\Documents\Side_Projects\Side_Projects\IAPrecinctMap\data\2012\20121106__ia__general__scott__precinct.csv,365
Scott,(D54) CITY OF DAVENPORT D54,,unmatched,0.0,C:\Users\Shama\OneDrive\Documents\Side_Projects\Side_Projects\IAPrecinctMap\data\2012\20121106__ia__general__scott__precinct.csv,376
Scott,(D61) CITY OF DAVENPORT D61,,unmatched,0.0,C:\Users\Shama\OneDrive\Documents\Side_Projects\Side_Projects\IAPrecinctMap\data\2012\20121106__ia__general__scott__precinct.csv,387
Scott,(D62) CITY OF DAVENPORT D62,,unmatched,0.0,C:\Users\Shama\OneDrive\Documents\Side_Projects\Side_Projects\IAPrecinctMap\data\2012\20121106__ia__general__scott__precinct.csv,398
Scott,(D63) CITY OF DAVENPORT D63,,unmatched,0.0,C:\Users\Shama\OneDrive\Documents\Side_Projects\Side_Projects\IAPrecinctMap\data\2012\20121106__ia__general__scott__precinct.csv,409
Scott,(D64) CITY OF DAVENPORT D64,,unmatched,0.0,C:\Users\Shama\OneDrive\Documents\Side_Projects\Side_Projects\IAPrecinctMap\data\2012\20121106__ia__general__scott__precinct.csv,420
Scott,(D71) CITY OF DAVENPORT D71,,unmatched,0.0,C:\Users\Shama\OneDrive\Documents\Side_Projects\Side_Projects\IAPrecinctMap\data\2012\20121106__ia__general__scott__precinct.csv,431
Scott,(D72) CITY OF DAVENPORT D72,,unmatched,0.0,C:\Users\Shama\OneDrive\Documents\Side_Projects\Side_Projects\IAPrecinctMap\data\2012\20121106__ia__general__scott__precinct.csv,442
Scott,(D73) CITY OF DAVENPORT D73,,unmatched,0.0,C:\Users\Shama\OneDrive\Documents\Side_Projects\Side_Projects\IAPrecinctMap\data\2012\20121106__ia__general__scott__precinct.csv,453
Scott,(D74) CITY OF DAVENPORT D74,,unmatched,0.0,C:\Users\Shama\OneDrive\Documents\Side_Projects\Side_Projects\IAPrecinctMap\data\2012\20121106__ia__general__scott__precinct.csv,464
Scott,(D81) CITY OF DAVENPORT D81,,unmatched,0.0,C:\Users\Shama\OneDrive\Documents\Side_Projects\Side_Projects\IAPrecinctMap\data\2012\20121106__ia__general__scott__precinct.csv,475
Scott,(D82) CITY OF DAVENPORT D82,,unmatched,0.0,C:\Users\Shama\OneDrive\Documents\Side_Projects\Side_Projects\IAPrecinctMap\data\2012\20121106__ia__general__scott__precinct.csv,486
Scott,(D83) CITY OF DAVENPORT D83,,unmatched,0.0,C:\Users\Shama\OneDrive\Documents\Side_Projects\Side_Projects\IAPrecinctMap\data\2012\20121106__ia__general__scott__precinct.csv,497
Scott,(D84) CITY OF DAVENPORT D84,,unmatched,0.0,C:\Users\Shama\OneDrive\Documents\Side_Projects\Side_Projects\IAPrecinctMap\data\2012\20121106__ia__general__scott__precinct.csv,508
Scott,(DH) CITY OF DONAHUE DH,,unmatched,0.0,C:\Users\Shama\OneDrive\Documents\Side_Projects\Side_Projects\IAPrecinctMap\data\2012\20121106__ia__general__scott__precinct.csv,519
Scott,(EL1) CITY OF ELDRIDGE EL1,,unmatched,0.0,C:\Users\Shama\OneDrive\Documents\Side_Projects\Side_Projects\IAPrecinctMap\data\2012\20121106__ia__general__scott__precinct.csv,530
Scott,(EL2) CITY OF ELDRIDGE EL2,,unmatched,0.0,C:\Users\Shama\OneDrive\Documents\Side_Projects\Side_Projects\IAPrecinctMap\data\2012\20121106__ia__general__scott__precinct.csv,541
Scott,(HG) HICKORY GROVE TOWNSHIP HG,,unmatched,0.0,C:\Users\Shama\OneDrive\Documents\Side_Projects\Side_Projects\IAPrecinctMap\data\2012\20121106__ia__general__scott__precinct.csv,552
Scott,(LB) LIBERTY TOWNSHIP LB,,unmatched,0.0,C:\Users\Shama\OneDrive\Documents\Side_Projects\Side_Projects\IAPrecinctMap\data\2012\20121106__ia__general__scott__precinct.csv,563
Scott,(LC1) CITY OF LECLAIRE LC1,,unmatched,0.0,C:\Users\Shama\OneDrive\Documents\Side_Projects\Side_Projects\IAPrecinctMap\data\2012\20121106__ia__general__scott__precinct.csv,574
Scott,(LC2) CITY OF LECLAIRE LC2,,unmatched,0.0,C:\Users\Shama\OneDrive\Documents\Side_Projects\Side_Projects\IAPrecinctMap\data\2012\20121106__ia__general__scott__precinct.csv,585
Scott,(LCT) LECLAIRE TOWNSHIP LCT,,unmatched,0.0,C:\Users\Shama\OneDrive\Documents\Side_Projects\Side_Projects\IAPrecinctMap\data\2012\20121106__ia__general__scott__precinct.csv,596
Scott,(LG) CITY OF LONG GROVE LG,,unmatched,0.0,C:\Users\Shama\OneDrive\Documents\Side_Projects\Side_Projects\IAPrecinctMap\data\2012\20121106__ia__general__scott__precinct.csv,607
Scott,(MC) MCCAUSLAND MC,,unmatched,0.0,C:\Users\Shama\OneDrive\Documents\Side_Projects\Side_Projects\IAPrecinctMap\data\2012\20121106__ia__general__scott__precinct.csv,618
Scott,(PKV) PARK VIEW PKV,,unmatched,0.0,C:\Users\Shama\OneDrive\Documents\Side_Projects\Side_Projects\IAPrecinctMap\data\2012\20121106__ia__general__scott__precinct.csv,629
Scott,(PR) PRINCETON TOWNSHIP PR,,unmatched,0.0,C:\Users\Shama\OneDrive\Documents\Side_Projects\Side_Projects\IAPrecinctMap\data\2012\20121106__ia__general__scott__precinct.csv,640
Scott,(PV) PLEASANT VALLEY PV,,unmatched,0.0,C:\Users\Shama\OneDrive\Documents\Side_Projects\Side_Projects\IAPrecinctMap\data\2012\20121106__ia__general__scott__precinct.csv,651
Scott,(RV) CITY OF RIVERDALE RV,,unmatched,0.0,C:\Users\Shama\OneDrive\Documents\Side_Projects\Side_Projects\IAPrecinctMap\data\2012\20121106__ia__general__scott__precinct.csv,662
Scott,(WC) WALCOTT PRECINCT,,unmatched,0.0,C:\Users\Shama\OneDrive\Documents\Side_Projects\Side_Projects\IAPrecinctMap\data\2012\20121106__ia__general__scott__precinct.csv,673
Scott,(WF) WINFIELD TOWNSHIP WF,,unmatched,0.0,C:\Users\Shama\OneDrive\Documents\Side_Projects\Side_Projects\IAPrecinctMap\data\2012\20121106__ia__general__scott__precinct.csv,684
Shelby,,,unmatched,0.0,C:\Users\Shama\OneDrive\Documents\Side_Projects\Side_Projects\IAPrecinctMap\data\2012\20121106__ia__general__shelby__precinct.csv,101
Shelby,EH-K School,,ambiguous,0.29411764705882354,C:\Users\Shama\OneDrive\Documents\Side_Projects\Side_Projects\IAPrecinctMap\data\2012\20121106__ia__general__shelby__precinct.csv,2
Shelby,Harlan 1,,ambiguous,0.5555555555555556,C:\Users\Shama\OneDrive\Documents\Side_Projects\Side_Projects\IAPrecinctMap\data\2012\20121106__ia__general__shelby__precinct.csv,13
Shelby,Harlan 2,,ambiguous,0.5555555555555556,C:\Users\Shama\OneDrive\Documents\Side_Projects\Side_Projects\IAPrecinctMap\data\2012\20121106__ia__general__shelby__precinct.csv,24
Shelby,Harlan 3,,ambiguous,0.5555555555555556,C:\Users\Shama\OneDrive\Documents\Side_Projects\Side_Projects\IAPrecinctMap\data\2012\20121106__ia__general__shelby__precinct.csv,35
Shelby,Harlan 4,,ambiguous,0.5555555555555556,C:\Users\Shama\OneDrive\Documents\Side_Projects\Side_Projects\IAPrecinctMap\data\2012\20121106__ia__general__shelby__precinct.csv,46
Shelby,Irwin Community Building,,ambiguous,0.46808510638297873,C:\Users\Shama\OneDrive\Documents\Side_Projects\Side_Projects\IAPrecinctMap\data\2012\20121106__ia__general__shelby__precinct.csv,57
Shelby,Shelby Community Hall,,ambiguous,0.36363636363636365,C:\Users\Shama\OneDrive\Documents\Side_Projects\Side_Projects\IAPrecinctMap\data\2012\20121106__ia__general__shelby__precinct.csv,68
Shelby,St. Joseph Hall,,ambiguous,0.3333333333333333,C:\Users\Shama\OneDrive\Documents\Side_Projects\Side_Projects\IAPrecinctMap\data\2012\20121106__ia__general__shelby__precinct.csv,79
Shelby,Therkildsen Center,,ambiguous,0.5,C:\Users\Shama\OneDrive\Documents\Side_Projects\Side_Projects\IAPrecinctMap\data\2012\20121106__ia__general__shelby__precinct.csv,90
Sioux,,,unmatched,0.0,C:\Users\Shama\OneDrive\Documents\Side_Projects\Side_Projects\IAPrecinctMap\data\2012\20121106__ia__general__sioux__precinct.csv,178
Sioux,Alton/Nassau,,unmatched,0.0,C:\Users\Shama\OneDrive\Documents\Side_Projects\Side_Projects\IAPrecinctMap\data\2012\20121106__ia__general__sioux__precinct.csv,2
Sioux,Floyd/Lynn,,unmatched,0.0,C:\Users\Shama\OneDrive\Documents\Side_Projects\Side_Projects\IAPrecinctMap\data\2012\20121106__ia__general__sioux__precinct.csv,13
Sioux,Grant/Sheridan,,unmatched,0.0,C:\Users\Shama\OneDrive\Documents\Side_Projects\Side_Projects\IAPrecinctMap\data\2012\20121106__ia__general__sioux__precinct.csv,24
Sioux,Hawarden/Buncombe/Logan/Washington/Eagle,,unmatched,0.0,C:\Users\Shama\OneDrive\Documents\Side_Projects\Side_Projects\IAPrecinctMap\data\2012\20121106__ia__general__sioux__precinct.csv,35
Sioux,Lincoln,,unmatched,0.0,C:\Users\Shama\OneDrive\Documents\Side_Projects\Side_Projects\IAPrecinctMap\data\2012\20121106__ia__general__sioux__precinct.csv,46
Sioux,Orange City #1/Holland West,,unmatched,0.0,C:\Users\Shama\OneDrive\Documents\Side_Projects\Side_Projects\IAPrecinctMap\data\2012\20121106__ia__general__sioux__precinct.csv,57
Sioux,Orange City #2/Holland East,,unmatched,0.0,C:\Users\Shama\OneDrive\Documents\Side_Projects\Side_Projects\IAPrecinctMap\data\2012\20121106__ia__general__sioux__precinct.csv,68
Sioux,Plato/Garfield/Settlers/Sioux/Eagle North,,unmatched,0.0,C:\Users\Shama\OneDrive\Documents\Side_Projects\Side_Projects\IAPrecinctMap\data\2012\20121106__ia__general__sioux__precinct.csv,79
Sioux,Reading/Center South,,unmatched,0.0,C:\Users\Shama\OneDrive\Documents\Side_Projects\Side_Projects\IAPrecinctMap\data\2012\20121106__ia__general__sioux__precinct.csv,90
Sioux,Rock Valley East,,unmatched,0.0,C:\Users\Shama\OneDrive\Documents\Side_Projects\Side_Projects\IAPrecinctMap\data\2012\20121106__ia__general__sioux__precinct.csv,101
Sioux,Rock Valley West/Rock,,unmatched,0.0,C:\Users\Shama\OneDrive\Documents\Side_Projects\Side_Projects\IAPrecinctMap\data\2012\20121106__ia__general__sioux__precinct.csv,112
Sioux,Sherman,,unmatched,0.0,C:\Users\Shama\OneDrive\Documents\Side_Projects\Side_Projects\IAPrecinctMap\data\2012\20121106__ia__general__sioux__precinct.csv,123
Sioux,Sioux Center Central,,unmatched,0.0,C:\Users\Shama\OneDrive\Documents\Side_Projects\Side_Projects\IAPrecinctMap\data\2012\20121106__ia__general__sioux__precinct.csv,134
Sioux,Sioux Center North/Capel/Welcome,,unmatched,0.0,C:\Users\Shama\OneDrive\Documents\Side_Projects\Side_Projects\IAPrecinctMap\data\2012\20121106__ia__general__sioux__precinct.csv,145
Sioux,Sioux Center South,,unmatched,0.0,C:\Users\Shama\OneDrive\Documents\Side_Projects\Side_Projects\IAPrecinctMap\data\2012\20121106__ia__general__sioux__precinct.csv,156
Sioux,West Branch/Center North,,unmatched,0.0,C:\Users\Shama\OneDrive\Documents\Side_Projects\Side_Projects\IAPrecinctMap\data\2012\20121106__ia__general__sioux__precinct.csv,167
Story,,,unmatched,0.0,C:\Users\Shama\OneDrive\Documents\Side_Projects\Side_Projects\IAPrecinctMap\data\2012\20121106__ia__general__story__precinct.csv,475
Story,Ames 1-1,,ambiguous,0.375,C:\Users\Shama\OneDrive\Documents\Side_Projects\Side_Projects\IAPrecinctMap\data\2012\20121106__ia__general__story__precinct.csv,2
Story,Ames 1-2,,ambiguous,0.375,C:\Users\Shama\OneDrive\Documents\Side_Projects\Side_Projects\IAPrecinctMap\data\2012\20121106__ia__general__story__precinct.csv,13
Story,Ames 1-3 - Grant Twp 2,,ambiguous,0.6060606060606061,C:\Users\Shama\OneDrive\Documents\Side_Projects\Side_Projects\IAPrecinctMap\data\2012\20121106__ia__general__story__precinct.csv,24
Story,Ames 1-4,,ambiguous,0.375,C:\Users\Shama\OneDrive\Documents\Side_Projects\Side_Projects\IAPrecinctMap\data\2012\20121106__ia__general__story__precinct.csv,35
Story,Ames 1-5,,ambiguous,0.375,C:\Users\Shama\OneDrive\Documents\Side_Projects\Side_Projects\IAPrecinctMap\data\2012\20121106__ia__general__story__precinct.csv,46
Story,Ames 2-1,,ambiguous,0.375,C:\Users\Shama\OneDrive\Documents\Side_Projects\Side_Projects\IAPrecinctMap\data\2012\20121106__ia__general__story__precinct.csv,57
Story,Ames 2-2,,ambiguous,0.375,C:\Users\Shama\OneDrive\Documents\Side_Projects\Side_Projects\IAPrecinctMap\data\2012\20121106__ia__general__story__precinct.csv,68
Story,Ames 2-3,,ambiguous,0.375,C:\Users\Shama\OneDrive\Documents\Side_Projects\Side_Projects\IAPrecinctMap\data\2012\20121106__ia__general__story__precinct.csv,79
Story,Ames 2-4,,ambiguous,0.375,C:\Users\Shama\OneDrive\Documents\Side_Projects\Side_Projects\IAPrecinctMap\data\2012\20121106__ia__general__story__precinct.csv,90
Story,Ames 2-5,,ambiguous,0.375,C:\Users\Shama\OneDrive\Documents\Side_Projects\Side_Projects\IAPrecinctMap\data\2012\20121106__ia__general__story__precinct.csv,101
Story,Ames 3-1,,ambiguous,0.375,C:\Users\Shama\OneDrive\Documents\Side_Projects\Side_Projects\IAPrecinctMap\data\2012\20121106__ia__general__story__precinct.csv,112
Story,Ames 3-2,,ambiguous,0.375,C:\Users\Shama\OneDrive\Documents\Side_Projects\Side_Projects\IAPrecinctMap\data\2012\20121106__ia__general__story__precinct.csv,123
Story,Ames 3-3,,ambiguous,0.375,C:\Users\Shama\OneDrive\Documents\Side_Projects\Side_Projects\IAPrecinctMap\data\2012\20121106__ia__general__story__precinct.csv,134
Story,Ames 3-4,,ambiguous,0.375,C:\Users\Shama\OneDrive\Documents\Side_Projects\Side_Projects\IAPrecinctMap\data\2012\20121106__ia__general__story__precinct.csv,145
Story,Ames 3-5,,ambiguous,0.375,C:\Users\Shama\OneDrive\Documents\Side_Projects\Side_Projects\IAPrecinctMap\data\2012\20121106__ia__general__story__precinct.csv,156
Story,Ames 4-1,,ambiguous,0.375,C:\Users\Shama\OneDrive\Documents\Side_Projects\Side_Projects\IAPrecinctMap\data\2012\20121106__ia__general__story__precinct.csv,167
Story,Ames 4-2,,ambiguous,0.375,C:\Users\Shama\OneDrive\Documents\Side_Projects\Side_Projects\IAPrecinctMap\data\2012\20121106__ia__general__story__precinct.csv,178
Story,Ames 4-3,,ambiguous,0.375,C:\Users\Shama\OneDrive\Documents\Side_Projects\Side_Projects\IAPrecinctMap\data\2012\20121106__ia__general__story__precinct.csv,189
Story,Ames 4-4,,ambiguous,0.375,C:\Users\Shama\OneDrive\Documents\Side_Projects\Side_Projects\IAPrecinctMap\data\2012\20121106__ia__general__story__precinct.csv,200
Story,Ames 4-5,,ambiguous,0.375,C:\Users\Shama\OneDrive\Documents\Side_Projects\Side_Projects\IAPrecinctMap\data\2012\20121106__ia__general__story__precinct.csv,211
Story,Collins Twp-Collins,,ambiguous,0.5333333333333333,C:\Users\Shama\OneDrive\Documents\Side_Projects\Side_Projects\IAPrecinctMap\data\2012\20121106__ia__general__story__precinct.csv,222
Story,Franklin Twp-Gilbert,,ambiguous,0.5333333333333333,C:\Users\Shama\OneDrive\Documents\Side_Projects\Side_Projects\IAPrecinctMap\data\2012\20121106__ia__general__story__precinct.csv,233
Story,Grant Township,,ambiguous,0.5925925925925926,C:\Users\Shama\OneDrive\Documents\Side_Projects\Side_Projects\IAPrecinctMap\data\2012\20121106__ia__general__story__precinct.csv,244
Story,Howard Twp-Roland,,ambiguous,0.55,C:\Users\Shama\OneDrive\Documents\Side_Projects\Side_Projects\IAPrecinctMap\data\2012\20121106__ia__general__story__precinct.csv,255
Story,Huxley,,ambiguous,0.3333333333333333,C:\Users\Shama\OneDrive\Documents\Side_Projects\Side_Projects\IAPrecinctMap\data\2012\20121106__ia__general__story__precinct.csv,266
Story,Indian Creek Twp-Maxwell,,ambiguous,0.4444444444444444,C:\Users\Shama\OneDrive\Documents\Side_Projects\Side_Projects\IAPrecinctMap\data\2012\20121106__ia__general__story__precinct.csv,277
Story,Lafayette Township,,ambiguous,0.5384615384615384,C:\Users\Shama\OneDrive\Documents\Side_Projects\Side_Projects\IAPrecinctMap\data\2012\20121106__ia__general__story__precinct.csv,288
Story,Lincoln Twp-Zearing,,ambiguous,0.7333333333333333,C:\Users\Shama\OneDrive\Documents\Side_Projects\Side_Projects\IAPrecinctMap\data\2012\20121106__ia__general__story__precinct.csv,299
Story,Milford Township,,ambiguous,0.5384615384615384,C:\Users\Shama\OneDrive\Documents\Side_Projects\Side_Projects\IAPrecinctMap\data\2012\20121106__ia__general__story__precinct.csv,310
Story,Nevada 1,,ambiguous,0.3,C:\Users\Shama\OneDrive\Documents\Side_Projects\Side_Projects\IAPrecinctMap\data\2012\20121106__ia__general__story__precinct.csv,321
Story,Nevada 2,,ambiguous,0.3,C:\Users\Shama\OneDrive\Documents\Side_Projects\Side_Projects\IAPrecinctMap\data\2012\20121106__ia__general__story__precinct.csv,332
Story,Nevada 3-Grant Twp 3,,ambiguous,0.6060606060606061,C:\Users\Shama\OneDrive\Documents\Side_Projects\Side_Projects\IAPrecinctMap\data\2012\20121106__ia__general__story__precinct.csv,343
Story,Nevada 4,,ambiguous,0.3,C:\Users\Shama\OneDrive\Documents\Side_Projects\Side_Projects\IAPrecinctMap\data\2012\20121106__ia__general__story__precinct.csv,354
Story,Nevada Township,,ambiguous,0.4444444444444444,C:\Users\Shama\OneDrive\Documents\Side_Projects\Side_Projects\IAPrecinctMap\data\2012\20121106__ia__general__story__precinct.csv,365
Story,New Albany Twp-Colo,,ambiguous,0.5517241379310345,C:\Users\Shama\OneDrive\Documents\Side_Projects\Side_Projects\IAPrecinctMap\data\2012\20121106__ia__general__story__precinct.csv,376
Story,Palestine Township,,ambiguous,0.5925925925925926,C:\Users\Shama\OneDrive\Documents\Side_Projects\Side_Projects\IAPrecinctMap\data\2012\20121106__ia__general__story__precinct.csv,387
Story,Richland Township,,ambiguous,0.5925925925925926,C:\Users\Shama\OneDrive\Documents\Side_Projects\Side_Projects\IAPrecinctMap\data\2012\20121106__ia__general__story__precinct.csv,398
Story,Sherman Township,,ambiguous,0.5384615384615384,C:\Users\Shama\OneDrive\Documents\Side_Projects\Side_Projects\IAPrecinctMap\data\2012\20121106__ia__general__story__precinct.csv,409
Story,Slater-Sheldahl-Pal 2,,ambiguous,0.3783783783783784,C:\Users\Shama\OneDrive\Documents\Side_Projects\Side_Projects\IAPrecinctMap\data\2012\20121106__ia__general__story__precinct.csv,420
Story,Story City,,ambiguous,0.47619047619047616,C:\Users\Shama\OneDrive\Documents\Side_Projects\Side_Projects\IAPrecinctMap\data\2012\20121106__ia__general__story__precinct.csv,431
Story,Union Twp-Cambridge,,ambiguous,0.6428571428571429,C:\Users\Shama\OneDrive\Documents\Side_Projects\Side_Projects\IAPrecinctMap\data\2012\20121106__ia__general__story__precinct.csv,442
Story,Warren Twp-McCallsburg,,ambiguous,0.46511627906976744,C:\Users\Shama\OneDrive\Documents\Side_Projects\Side_Projects\IAPrecinctMap\data\2012\20121106__ia__general__story__precinct.csv,453
Story,Washington Twp-Kelley,,ambiguous,0.8,C:\Users\Shama\OneDrive\Documents\Side_Projects\Side_Projects\IAPrecinctMap\data\2012\20121106__ia__general__story__precinct.csv,464
Tama,,,unmatched,0.0,C:\Users\Shama\OneDrive\Documents\Side_Projects\Side_Projects\IAPrecinctMap\data\2012\20121106__ia__general__tama__precinct.csv,178
Tama,CARLTON,,unmatched,0.0,C:\Users\Shama\OneDrive\Documents\Side_Projects\Side_Projects\IAPrecinctMap\data\2012\20121106__ia__general__tama__precinct.csv,2
Tama,CARROLL/ONEIDA/N OTTER,,unmatched,0.0,C:\Users\Shama\OneDrive\Documents\Side_Projects\Side_Projects\IAPrecinctMap\data\2012\20121106__ia__general__tama__precinct.csv,13
Tama,CLARK/GENESECLARK/GENESEO,,unmatched,0.0,C:\Users\Shama\OneDrive\Documents\Side_Projects\Side_Projects\IAPrecinctMap\data\2012\20121106__ia__general__tama__precinct.csv,24
Tama,COLUMBIA/TAMA,,unmatched,0.0,C:\Users\Shama\OneDrive\Documents\Side_Projects\Side_Projects\IAPrecinctMap\data\2012\20121106__ia__general__tama__precinct.csv,35
Tama,GRANT TWP,,unmatched,0.0,C:\Users\Shama\OneDrive\Documents\Side_Projects\Side_Projects\IAPrecinctMap\data\2012\20121106__ia__general__tama__precinct.csv,46
Tama,HIGHLAND/INDIAN VILLAGE,,unmatched,0.0,C:\Users\Shama\OneDrive\Documents\Side_Projects\Side_Projects\IAPrecinctMap\data\2012\20121106__ia__general__tama__precinct.csv,57
Tama,IS,,unmatched,0.0,C:\Users\Shama\OneDrive\Documents\Side_Projects\Side_Projects\IAPrecinctMap\data\2012\20121106__ia__general__tama__precinct.csv,68
Tama,LINCOLN,,unmatched,0.0,C:\Users\Shama\OneDrive\Documents\Side_Projects\Side_Projects\IAPrecinctMap\data\2012\20121106__ia__general__tama__precinct.csv,79
Tama,PERRY/BUCKINGHAM/E CRYSTA,,unmatched,0.0,C:\Users\Shama\OneDrive\Documents\Side_Projects\Side_Projects\IAPrecinctMap\data\2012\20121106__ia__general__tama__precinct.csv,90
Tama,RICHLARICHLAND/SALT CREEK,,unmatched,0.0,C:\Users\Shama\OneDrive\Documents\Side_Projects\Side_Projects\IAPrecinctMap\data\2012\20121106__ia__general__tama__precinct.csv,101
Tama,S. OTTER CREEK,,unmatched,0.0,C:\Users\Shama\OneDrive\Documents\Side_Projects\Side_Projects\IAPrecinctMap\data\2012\20121106__ia__general__tama__precinct.csv,112
Tama,SPRING CREEK/W CRYSTAL,,unmatched,0.0,C:\Users\Shama\OneDrive\Documents\Side_Projects\Side_Projects\IAPrecinctMap\data\2012\20121106__ia__general__tama__precinct.csv,123
Tama,TOLEDO 2,,unmatched,0.0,C:\Users\Shama\OneDrive\Documents\Side_Projects\Side_Projects\IAPrecinctMap\data\2012\20121106__ia__general__tama__precinct.csv,134
Tama,TOLEDO 3,,unmatched,0.0,C:\Users\Shama\OneDrive\Documents\Side_Projects\Side_Projects\IAPrecinctMap\data\2012\20121106__ia__general__tama__precinct.csv,145
Tama,TOLEDO/HOWARD,,unmatched,0.0,C:\Users\Shama\OneDrive\Documents\Side_Projects\Side_Projects\IAPrecinctMap\data\2012\20121106__ia__general__tama__precinct.csv,156
Tama,YORK,,unmatched,0.0,C:\Users\Shama\OneDrive\Documents\Side_Projects\Side_Projects\IAPrecinctMap\data\2012\20121106__ia__general__tama__precinct.csv,167
Taylor,,,unmatched,0.0,C:\Users\Shama\OneDrive\Documents\Side_Projects\Side_Projects\IAPrecinctMap\data\2012\20121106__ia__general__taylor__precinct.csv,79
Taylor,Blockton,,ambiguous,0.42105263157894735,C:\Users\Shama\OneDrive\Documents\Side_Projects\Side_Projects\IAPrecinctMap\data\2012\20121106__ia__general__taylor__precinct.csv,2
Taylor,City of Bedford,,ambiguous,0.3684210526315789,C:\Users\Shama\OneDrive\Documents\Side_Projects\Side_Projects\IAPrecinctMap\data\2012\20121106__ia__general__taylor__precinct.csv,13
Taylor,Clearfield,,ambiguous,0.32,C:\Users\Shama\OneDrive\Documents\Side_Projects\Side_Projects\IAPrecinctMap\data\2012\20121106__ia__general__taylor__precinct.csv,24
Taylor,Gravity,,ambiguous,0.35294117647058826,C:\Users\Shama\OneDrive\Documents\Side_Projects\Side_Projects\IAPrecinctMap\data\2012\20121106__ia__general__taylor__precinct.csv,35
Taylor,Legion,,ambiguous,0.375,C:\Users\Shama\OneDrive\Documents\Side_Projects\Side_Projects\IAPrecinctMap\data\2012\20121106__ia__general__taylor__precinct.csv,46
Taylor,Lenox,,ambiguous,0.375,C:\Users\Shama\OneDrive\Documents\Side_Projects\Side_Projects\IAPrecinctMap\data\2012\20121106__ia__general__taylor__precinct.csv,57
Taylor,New Market,,ambiguous,0.56,C:\Users\Shama\OneDrive\Documents\Side_Projects\Side_Projects\IAPrecinctMap\data\2012\20121106__ia__general__taylor__precinct.csv,68
Union,,,unmatched,0.0,C:\Users\Shama\OneDrive\Documents\Side_Projects\Side_Projects\IAPrecinctMap\data\2012\20121106__ia__general__union__precinct.csv,90
Union,Afton Methodist Church,,unmatched,0.0,C:\Users\Shama\OneDrive\Documents\Side_Projects\Side_Projects\IAPrecinctMap\data\2012\20121106__ia__general__union__precinct.csv,2
Union,Arispe Methodist Church,,unmatched,0.0,C:\Users\Shama\OneDrive\Documents\Side_Projects\Side_Projects\IAPrecinctMap\data\2012\20121106__ia__general__union__precinct.csv,13
Union,CS1 Salem Lutheran Church,,unmatched,0.0,C:\Users\Shama\OneDrive\Documents\Side_Projects\Side_Projects\IAPrecinctMap\data\2012\20121106__ia__general__union__precinct.csv,24
Union,CS2 SWCC,,unmatched,0.0,C:\Users\Shama\OneDrive\Documents\Side_Projects\Side_Projects\IAPrecinctMap\data\2012\20121106__ia__general__union__precinct.csv,35
Union,CS3 Trinity Lutheran Church,,unmatched,0.0,C:\Users\Shama\OneDrive\Documents\Side_Projects\Side_Projects\IAPrecinctMap\data\2012\20121106__ia__general__union__precinct.csv,46
Union,CS4 Supertel Inn,,unmatched,0.0,C:\Users\Shama\OneDrive\Documents\Side_Projects\Side_Projects\IAPrecinctMap\data\2012\20121106__ia__general__union__precinct.csv,57
Union,CS5 Crest Baptist Church,,unmatched,0.0,C:\Users\Shama\OneDrive\Documents\Side_Projects\Side_Projects\IAPrecinctMap\data\2012\20121106__ia__general__union__precinct.csv,68
Union,Lorimor City Hall,,unmatched,0.0,C:\Users\Shama\OneDrive\Documents\Side_Projects\Side_Projects\IAPrecinctMap\data\2012\20121106__ia__general__union__precinct.csv,79
Van Buren,,,unmatched,0.0,C:\Users\Shama\OneDrive\Documents\Side_Projects\Side_Projects\IAPrecinctMap\data\2012\20121106__ia__general__van_buren__precinct.csv,90
Van Buren,Birmingham,,ambiguous,0.3,C:\Users\Shama\OneDrive\Documents\Side_Projects\Side_Projects\IAPrecinctMap\data\2012\20121106__ia__general__van_buren__precinct.csv,2
Van Buren,Bonaparte,,ambiguous,0.4444444444444444,C:\Users\Shama\OneDrive\Documents\Side_Projects\Side_Projects\IAPrecinctMap\data\2012\20121106__ia__general__van_buren__precinct.csv,13
Van Buren,Cantril,,ambiguous,0.375,C:\Users\Shama\OneDrive\Documents\Side_Projects\Side_Projects\IAPrecinctMap\data\2012\20121106__ia__general__van_buren__precinct.csv,24
Van Buren,Douds,,ambiguous,0.2,C:\Users\Shama\OneDrive\Documents\Side_Projects\Side_Projects\IAPrecinctMap\data\2012\20121106__ia__general__van_buren__precinct.csv,35
Van Buren,Farmington,,ambiguous,0.42105263157894735,C:\Users\Shama\OneDrive\Documents\Side_Projects\Side_Projects\IAPrecinctMap\data\2012\20121106__ia__general__van_buren__precinct.csv,46
Van Buren,Keosauqua,,ambiguous,0.3076923076923077,C:\Users\Shama\OneDrive\Documents\Side_Projects\Side_Projects\IAPrecinctMap\data\2012\20121106__ia__general__van_buren__precinct.csv,57
Van Buren,Milton,,ambiguous,0.375,C:\Users\Shama\OneDrive\Documents\Side_Projects\Side_Projects\IAPrecinctMap\data\2012\20121106__ia__general__van_buren__precinct.csv,68
Van Buren,Stockport,,ambiguous,0.38095238095238093,C:\Users\Shama\OneDrive\Documents\Side_Projects\Side_Projects\IAPrecinctMap\data\2012\20121106__ia__general__van_buren__precinct.csv,79
Wapello,,,unmatched,0.0,C:\Users\Shama\OneDrive\Documents\Side_Projects\Side_Projects\IAPrecinctMap\data\2012\20121106__ia__general__wapello__precinct.csv,244
Wapello,Adams/Blakesburg/Polk,,unmatched,0.0,C:\Users\Shama\OneDrive\Documents\Side_Projects\Side_Projects\IAPrecinctMap\data\2012\20121106__ia__general__wapello__precinct.csv,2
Wapello,Agency/Agency/Pleasant,,unmatched,0.0,C:\Users\Shama\OneDrive\Documents\Side_Projects\Side_Projects\IAPrecinctMap\data\2012\20121106__ia__general__wapello__precinct.csv,13
Wapello,Cass/Chillicothe,,unmatched,0.0,C:\Users\Shama\OneDrive\Documents\Side_Projects\Side_Projects\IAPrecinctMap\data\2012\20121106__ia__general__wapello__precinct.csv,24
Wapello,Center Twp,,unmatched,0.0,C:\Users\Shama\OneDrive\Documents\Side_Projects\Side_Projects\IAPrecinctMap\data\2012\20121106__ia__general__wapello__precinct.csv,35
Wapello,Columbia/Eddyville,,unmatched,0.0,C:\Users\Shama\OneDrive\Documents\Side_Projects\Side_Projects\IAPrecinctMap\data\2012\20121106__ia__general__wapello__precinct.csv,46
Wapello,Competine Twp,,unmatched,0.0,C:\Users\Shama\OneDrive\Documents\Side_Projects\Side_Projects\IAPrecinctMap\data\2012\20121106__ia__general__wapello__precinct.csv,57
Wapello,Dahlonega Twp,,unmatched,0.0,C:\Users\Shama\OneDrive\Documents\Side_Projects\Side_Projects\IAPrecinctMap\data\2012\20121106__ia__general__wapello__precinct.csv,68
Wapello,Green Twp,,unmatched,0.0,C:\Users\Shama\OneDrive\Documents\Side_Projects\Side_Projects\IAPrecinctMap\data\2012\20121106__ia__general__wapello__precinct.csv,79
Wapello,Highland Twp,,unmatched,0.0,C:\Users\Shama\OneDrive\Documents\Side_Projects\Side_Projects\IAPrecinctMap\data\2012\20121106__ia__general__wapello__precinct.csv,90
Wapello,Keokuk Twp,,unmatched,0.0,C:\Users\Shama\OneDrive\Documents\Side_Projects\Side_Projects\IAPrecinctMap\data\2012\20121106__ia__general__wapello__precinct.csv,101
Wapello,Precinct 1,,unmatched,0.0,C:\Users\Shama\OneDrive\Documents\Side_Projects\Side_Projects\IAPrecinctMap\data\2012\20121106__ia__general__wapello__precinct.csv,112
Wapello,Precinct 10,,unmatched,0.0,C:\Users\Shama\OneDrive\Documents\Side_Projects\Side_Projects\IAPrecinctMap\data\2012\20121106__ia__general__wapello__precinct.csv,123
Wapello,Precinct 2,,unmatched,0.0,C:\Users\Shama\OneDrive\Documents\Side_Projects\Side_Projects\IAPrecinctMap\data\2012\20121106__ia__general__wapello__precinct.csv,134
Wapello,Precinct 3,,unmatched,0.0,C:\Users\Shama\OneDrive\Documents\Side_Projects\Side_Projects\IAPrecinctMap\data\2012\20121106__ia__general__wapello__precinct.csv,145
Wapello,Precinct 4,,unmatched,0.0,C:\Users\Shama\OneDrive\Documents\Side_Projects\Side_Projects\IAPrecinctMap\data\2012\20121106__ia__general__wapello__precinct.csv,156
Wapello,Precinct 5,,unmatched,0.0,C:\Users\Shama\OneDrive\Documents\Side_Projects\Side_Projects\IAPrecinctMap\data\2012\20121106__ia__general__wapello__precinct.csv,167
Wapello,Precinct 6,,unmatched,0.0,C:\Users\Shama\OneDrive\Documents\Side_Projects\Side_Projects\IAPrecinctMap\data\2012\20121106__ia__general__wapello__precinct.csv,178
Wapello,Precinct 7,,unmatched,0.0,C:\Users\Shama\OneDrive\Documents\Side_Projects\Side_Projects\IAPrecinctMap\data\2012\20121106__ia__general__wapello__precinct.csv,189
Wapello,Precinct 8,,unmatched,0.0,C:\Users\Shama\OneDrive\Documents\Side_Projects\Side_Projects\IAPrecinctMap\data\2012\20121106__ia__general__wapello__precinct.csv,200
Wapello,Precinct 9,,unmatched,0.0,C:\Users\Shama\OneDrive\Documents\Side_Projects\Side_Projects\IAPrecinctMap\data\2012\20121106__ia__general__wapello__precinct.csv,211
Wapello,Richland/Kirkville,,unmatched,0.0,C:\Users\Shama\OneDrive\Documents\Side_Projects\Side_Projects\IAPrecinctMap\data\2012\20121106__ia__general__wapello__precinct.csv,222
Wapello,Washington/Eldon,,unmatched,0.0,C:\Users\Shama\OneDrive\Documents\Side_Projects\Side_Projects\IAPrecinctMap\data\2012\20121106__ia__general__wapello__precinct.csv,233
Warren,,,unmatched,0.0,C:\Users\Shama\OneDrive\Documents\Side_Projects\Side_Projects\IAPrecinctMap\data\2012\20121106__ia__general__warren__precinct.csv,343
Warren,Allen 2,,ambiguous,0.4,C:\Users\Shama\OneDrive\Documents\Side_Projects\Side_Projects\IAPrecinctMap\data\2012\20121106__ia__general__warren__precinct.csv,2
Warren,Allen 3,,ambiguous,0.4,C:\Users\Shama\OneDrive\Documents\Side_Projects\Side_Projects\IAPrecinctMap\data\2012\20121106__ia__general__warren__precinct.csv,13
Warren,Belmont,,ambiguous,0.47058823529411764,C:\Users\Shama\OneDrive\Documents\Side_Projects\Side_Projects\IAPrecinctMap\data\2012\20121106__ia__general__warren__precinct.csv,24
Warren,Cumming/West DM,,ambiguous,0.38461538461538464,C:\Users\Shama\OneDrive\Documents\Side_Projects\Side_Projects\IAPrecinctMap\data\2012\20121106__ia__general__warren__precinct.csv,35
Warren,GR1DM86 City,,ambiguous,0.38095238095238093,C:\Users\Shama\OneDrive\Documents\Side_Projects\Side_Projects\IAPrecinctMap\data\2012\20121106__ia__general__warren__precinct.csv,46
Warren,Greenfield 1 DM 85,,ambiguous,0.32,C:\Users\Shama\OneDrive\Documents\Side_Projects\Side_Projects\IAPrecinctMap\data\2012\20121106__ia__general__warren__precinct.csv,57
Warren,Greenfield 1 Twp,,ambiguous,0.56,C:\Users\Shama\OneDrive\Documents\Side_Projects\Side_Projects\IAPrecinctMap\data\2012\20121106__ia__general__warren__precinct.csv,68
Warren,Greenfield 2/Lincoln 2,,ambiguous,0.37735849056603776,C:\Users\Shama\OneDrive\Documents\Side_Projects\Side_Projects\IAPrecinctMap\data\2012\20121106__ia__general__warren__precinct.csv,79
Warren,Indianola 1,,ambiguous,0.47619047619047616,C:\Users\Shama\OneDrive\Documents\Side_Projects\Side_Projects\IAPrecinctMap\data\2012\20121106__ia__general__warren__precinct.csv,90
Warren,Indianola 2,,ambiguous,0.47619047619047616,C:\Users\Shama\OneDrive\Documents\Side_Projects\Side_Projects\IAPrecinctMap\data\2012\20121106__ia__general__warren__precinct.csv,101
Warren,Indianola 3,,ambiguous,0.47619047619047616,C:\Users\Shama\OneDrive\Documents\Side_Projects\Side_Projects\IAPrecinctMap\data\2012\20121106__ia__general__warren__precinct.csv,112
Warren,Indianola 4,,ambiguous,0.47619047619047616,C:\Users\Shama\OneDrive\Documents\Side_Projects\Side_Projects\IAPrecinctMap\data\2012\20121106__ia__general__warren__precinct.csv,123
Warren,Indianola 5,,ambiguous,0.47619047619047616,C:\Users\Shama\OneDrive\Documents\Side_Projects\Side_Projects\IAPrecinctMap\data\2012\20121106__ia__general__warren__precinct.csv,134
Warren,Indianola 6,,ambiguous,0.47619047619047616,C:\Users\Shama\OneDrive\Documents\Side_Projects\Side_Projects\IAPrecinctMap\data\2012\20121106__ia__general__warren__precinct.csv,145
Warren,Indianola 7,,ambiguous,0.47619047619047616,C:\Users\Shama\OneDrive\Documents\Side_Projects\Side_Projects\IAPrecinctMap\data\2012\20121106__ia__general__warren__precinct.csv,156
Warren,Jackson,,ambiguous,0.3333333333333333,C:\Users\Shama\OneDrive\Documents\Side_Projects\Side_Projects\IAPrecinctMap\data\2012\20121106__ia__general__warren__precinct.csv,167
Warren,Jefferson,,ambiguous,0.25,C:\Users\Shama\OneDrive\Documents\Side_Projects\Side_Projects\IAPrecinctMap\data\2012\20121106__ia__general__warren__precinct.csv,178
Warren,Liberty Twp,,ambiguous,0.631578947368421,C:\Users\Shama\OneDrive\Documents\Side_Projects\Side_Projects\IAPrecinctMap\data\2012\20121106__ia__general__warren__precinct.csv,189
Warren,Lincoln 1 Twp,,ambiguous,0.5217391304347826,C:\Users\Shama\OneDrive\Documents\Side_Projects\Side_Projects\IAPrecinctMap\data\2012\20121106__ia__general__warren__precinct.csv,200
Warren,Norwalk 1,,ambiguous,0.631578947368421,C:\Users\Shama\OneDrive\Documents\Side_Projects\Side_Projects\IAPrecinctMap\data\2012\20121106__ia__general__warren__precinct.csv,211
Warren,Norwalk 2/Greenfield 1,,ambiguous,0.375,C:\Users\Shama\OneDrive\Documents\Side_Projects\Side_Projects\IAPrecinctMap\data\2012\20121106__ia__general__warren__precinct.csv,222
Warren,Norwalk 3/Linn,,ambiguous,0.5,C:\Users\Shama\OneDrive\Documents\Side_Projects\Side_Projects\IAPrecinctMap\data\2012\20121106__ia__general__warren__precinct.csv,233
Warren,Norwalk 4,,ambiguous,0.631578947368421,C:\Users\Shama\OneDrive\Documents\Side_Projects\Side_Projects\IAPrecinctMap\data\2012\20121106__ia__general__warren__precinct.csv,244
Warren,Otter/Milo,,ambiguous,0.3333333333333333,C:\Users\Shama\OneDrive\Documents\Side_Projects\Side_Projects\IAPrecinctMap\data\2012\20121106__ia__general__warren__precinct.csv,255
Warren,Palmyra,,ambiguous,0.2727272727272727,C:\Users\Shama\OneDrive\Documents\Side_Projects\Side_Projects\IAPrecinctMap\data\2012\20121106__ia__general__warren__precinct.csv,266
Warren,Richland/Palmyra,,ambiguous,0.5185185185185185,C:\Users\Shama\OneDrive\Documents\Side_Projects\Side_Projects\IAPrecinctMap\data\2012\20121106__ia__general__warren__precinct.csv,277
Warren,Squaw Creek,,ambiguous,0.3333333333333333,C:\Users\Shama\OneDrive\Documents\Side_Projects\Side_Projects\IAPrecinctMap\data\2012\20121106__ia__general__warren__precinct.csv,288
Warren,Union,,ambiguous,0.3333333333333333,C:\Users\Shama\OneDrive\Documents\Side_Projects\Side_Projects\IAPrecinctMap\data\2012\20121106__ia__general__warren__precinct.csv,299
Warren,Virginia,,ambiguous,0.3157894736842105,C:\Users\Shama\OneDrive\Documents\Side_Projects\Side_Projects\IAPrecinctMap\data\2012\20121106__ia__general__warren__precinct.csv,310
Warren,White Breast,,ambiguous,0.34146341463414637,C:\Users\Shama\OneDrive\Documents\Side_Projects\Side_Projects\IAPrecinctMap\data\2012\20121106__ia__general__warren__precinct.csv,321
Warren,White Oak,,ambiguous,0.375,C:\Users\Shama\OneDrive\Documents\Side_Projects\Side_Projects\IAPrecinctMap\data\2012\20121106__ia__general__warren__precinct.csv,332
Washington,,,unmatched,0.0,C:\Users\Shama\OneDrive\Documents\Side_Projects\Side_Projects\IAPrecinctMap\data\2012\20121106__ia__general__washington__precinct.csv,112
Washington,Ainsworth,,unmatched,0.0,C:\Users\Shama\OneDrive\Documents\Side_Projects\Side_Projects\IAPrecinctMap\data\2012\20121106__ia__general__washington__precinct.csv,2
Washington,Brighton/Marion/Crawford,,unmatched,0.0,C:\Users\Shama\OneDrive\Documents\Side_Projects\Side_Projects\IAPrecinctMap\data\2012\20121106__ia__general__washington__precinct.csv,13
Washington,Kalona,,unmatched,0.0,C:\Users\Shama\OneDrive\Documents\Side_Projects\Side_Projects\IAPrecinctMap\data\2012\20121106__ia__general__washington__precinct.csv,24
Washington,Riverside,,unmatched,0.0,C:\Users\Shama\OneDrive\Documents\Side_Projects\Side_Projects\IAPrecinctMap\data\2012\20121106__ia__general__washington__precinct.csv,35
Washington,Ward Four,,unmatched,0.0,C:\Users\Shama\OneDrive\Documents\Side_Projects\Side_Projects\IAPrecinctMap\data\2012\20121106__ia__general__washington__precinct.csv,46
Washington,Ward One,,unmatched,0.0,C:\Users\Shama\OneDrive\Documents\Side_Projects\Side_Projects\IAPrecinctMap\data\2012\20121106__ia__general__washington__precinct.csv,57
Washington,Ward Three City,,unmatched,0.0,C:\Users\Shama\OneDrive\Documents\Side_Projects\Side_Projects\IAPrecinctMap\data\2012\20121106__ia__general__washington__precinct.csv,68
Washington,Ward Two,,unmatched,0.0,C:\Users\Shama\OneDrive\Documents\Side_Projects\Side_Projects\IAPrecinctMap\data\2012\20121106__ia__general__washington__precinct.csv,79
Washington,Wellman,,unmatched,0.0,C:\Users\Shama\OneDrive\Documents\Side_Projects\Side_Projects\IAPrecinctMap\data\2012\20121106__ia__general__washington__precinct.csv,90
Washington,West Chester,,unmatched,0.0,C:\Users\Shama\OneDrive\Documents\Side_Projects\Side_Projects\IAPrecinctMap\data\2012\20121106__ia__general__washington__precinct.csv,101
Wayne,,,unmatched,0.0,C:\Users\Shama\OneDrive\Documents\Side_Projects\Side_Projects\IAPrecinctMap\data\2012\20121106__ia__general__wayne__precinct.csv,46
Wayne,A-01 Allerton-Clio-Lineville,,ambiguous,0.3137254901960784,C:\Users\Shama\OneDrive\Documents\Side_Projects\Side_Projects\IAPrecinctMap\data\2012\20121106__ia__general__wayne__precinct.csv,2
Wayne,C-02 Corydon,,ambiguous,0.36363636363636365,C:\Users\Shama\OneDrive\Documents\Side_Projects\Side_Projects\IAPrecinctMap\data\2012\20121106__ia__general__wayne__precinct.csv,13
Wayne,H-03 Humeston-Millerton,,ambiguous,0.3076923076923077,C:\Users\Shama\OneDrive\Documents\Side_Projects\Side_Projects\IAPrecinctMap\data\2012\20121106__ia__general__wayne__precinct.csv,24
Wayne,S-04 Seymour-Promise City,,ambiguous,0.29411764705882354,C:\Users\Shama\OneDrive\Documents\Side_Projects\Side_Projects\IAPrecinctMap\data\2012\20121106__ia__general__wayne__precinct.csv,35
Webster,,,unmatched,0.0,C:\Users\Shama\OneDrive\Documents\Side_Projects\Side_Projects\IAPrecinctMap\data\2012\20121106__ia__general__webster__precinct.csv,310
Webster,Badger-NW Cooper,,unmatched,0.0,C:\Users\Shama\OneDrive\Documents\Side_Projects\Side_Projects\IAPrecinctMap\data\2012\20121106__ia__general__webster__precinct.csv,2
Webster,Clay-Roland,,unmatched,0.0,C:\Users\Shama\OneDrive\Documents\Side_Projects\Side_Projects\IAPrecinctMap\data\2012\20121106__ia__general__webster__precinct.csv,13
Webster,Colfax-Duncombe,,unmatched,0.0,C:\Users\Shama\OneDrive\Documents\Side_Projects\Side_Projects\IAPrecinctMap\data\2012\20121106__ia__general__webster__precinct.csv,24
Webster,Cooper,,unmatched,0.0,C:\Users\Shama\OneDrive\Documents\Side_Projects\Side_Projects\IAPrecinctMap\data\2012\20121106__ia__general__webster__precinct.csv,35
Webster,Dayton-Burnside,,unmatched,0.0,C:\Users\Shama\OneDrive\Documents\Side_Projects\Side_Projects\IAPrecinctMap\data\2012\20121106__ia__general__webster__precinct.csv,46
Webster,Deer Creek-Jackson,,unmatched,0.0,C:\Users\Shama\OneDrive\Documents\Side_Projects\Side_Projects\IAPrecinctMap\data\2012\20121106__ia__general__webster__precinct.csv,57
Webster,Douglas,,unmatched,0.0,C:\Users\Shama\OneDrive\Documents\Side_Projects\Side_Projects\IAPrecinctMap\data\2012\20121106__ia__general__webster__precinct.csv,68
Webster,Elkhorn,,unmatched,0.0,C:\Users\Shama\OneDrive\Documents\Side_Projects\Side_Projects\IAPrecinctMap\data\2012\20121106__ia__general__webster__precinct.csv,79
Webster,Fort Dodge 1,,unmatched,0.0,C:\Users\Shama\OneDrive\Documents\Side_Projects\Side_Projects\IAPrecinctMap\data\2012\20121106__ia__general__webster__precinct.csv,90
Webster,Fort Dodge 10,,unmatched,0.0,C:\Users\Shama\OneDrive\Documents\Side_Projects\Side_Projects\IAPrecinctMap\data\2012\20121106__ia__general__webster__precinct.csv,101
Webster,Fort Dodge 11,,unmatched,0.0,C:\Users\Shama\OneDrive\Documents\Side_Projects\Side_Projects\IAPrecinctMap\data\2012\20121106__ia__general__webster__precinct.csv,112
Webster,Fort Dodge 12,,unmatched,0.0,C:\Users\Shama\OneDrive\Documents\Side_Projects\Side_Projects\IAPrecinctMap\data\2012\20121106__ia__general__webster__precinct.csv,123
Webster,Fort Dodge 2,,unmatched,0.0,C:\Users\Shama\OneDrive\Documents\Side_Projects\Side_Projects\IAPrecinctMap\data\2012\20121106__ia__general__webster__precinct.csv,134
Webster,Fort Dodge 3,,unmatched,0.0,C:\Users\Shama\OneDrive\Documents\Side_Projects\Side_Projects\IAPrecinctMap\data\2012\20121106__ia__general__webster__precinct.csv,145
Webster,Fort Dodge 4,,unmatched,0.0,C:\Users\Shama\OneDrive\Documents\Side_Projects\Side_Projects\IAPrecinctMap\data\2012\20121106__ia__general__webster__precinct.csv,156
Webster,Fort Dodge 5,,unmatched,0.0,C:\Users\Shama\OneDrive\Documents\Side_Projects\Side_Projects\IAPrecinctMap\data\2012\20121106__ia__general__webster__precinct.csv,167
Webster,Fort Dodge 6,,unmatched,0.0,C:\Users\Shama\OneDrive\Documents\Side_Projects\Side_Projects\IAPrecinctMap\data\2012\20121106__ia__general__webster__precinct.csv,178
Webster,Fort Dodge 7,,unmatched,0.0,C:\Users\Shama\OneDrive\Documents\Side_Projects\Side_Projects\IAPrecinctMap\data\2012\20121106__ia__general__webster__precinct.csv,189
Webster,Fort Dodge 8,,unmatched,0.0,C:\Users\Shama\OneDrive\Documents\Side_Projects\Side_Projects\IAPrecinctMap\data\2012\20121106__ia__general__webster__precinct.csv,200
Webster,Fort Dodge 9,,unmatched,0.0,C:\Users\Shama\OneDrive\Documents\Side_Projects\Side_Projects\IAPrecinctMap\data\2012\20121106__ia__general__webster__precinct.csv,211
Webster,Fulton,,unmatched,0.0,C:\Users\Shama\OneDrive\Documents\Side_Projects\Side_Projects\IAPrecinctMap\data\2012\20121106__ia__general__webster__precinct.csv,222
Webster,Gowrie,,unmatched,0.0,C:\Users\Shama\OneDrive\Documents\Side_Projects\Side_Projects\IAPrecinctMap\data\2012\20121106__ia__general__webster__precinct.csv,233
Webster,Johnson,,unmatched,0.0,C:\Users\Shama\OneDrive\Documents\Side_Projects\Side_Projects\IAPrecinctMap\data\2012\20121106__ia__general__webster__precinct.csv,244
Webster,Lost Grove,,unmatched,0.0,C:\Users\Shama\OneDrive\Documents\Side_Projects\Side_Projects\IAPrecinctMap\data\2012\20121106__ia__general__webster__precinct.csv,255
Webster,Newark,,unmatched,0.0,C:\Users\Shama\OneDrive\Documents\Side_Projects\Side_Projects\IAPrecinctMap\data\2012\20121106__ia__general__webster__precinct.csv,266
Webster,Otho-Pleasant Valley,,unmatched,0.0,C:\Users\Shama\OneDrive\Documents\Side_Projects\Side_Projects\IAPrecinctMap\data\2012\20121106__ia__general__webster__precinct.csv,277
Webster,Sumner-Webster-Yell-Hardi,,unmatched,0.0,C:\Users\Shama\OneDrive\Documents\Side_Projects\Side_Projects\IAPrecinctMap\data\2012\20121106__ia__general__webster__precinct.csv,288
Webster,Washington,,unmatched,0.0,C:\Users\Shama\OneDrive\Documents\Side_Projects\Side_Projects\IAPrecinctMap\data\2012\20121106__ia__general__webster__precinct.csv,299
Winnebago,,,unmatched,0.0,C:\Users\Shama\OneDrive\Documents\Side_Projects\Side_Projects\IAPrecinctMap\data\2012\20121106__ia__general__winnebago__precinct.csv,112
Winnebago,Buffalo Grant Lincoln,,ambiguous,0.4375,C:\Users\Shama\OneDrive\Documents\Side_Projects\Side_Projects\IAPrecinctMap\data\2012\20121106__ia__general__winnebago__precinct.csv,2
Winnebago,Center,,ambiguous,0.4,C:\Users\Shama\OneDrive\Documents\Side_Projects\Side_Projects\IAPrecinctMap\data\2012\20121106__ia__general__winnebago__precinct.csv,13
Winnebago,Eden Logan Norway,,ambiguous,0.37037037037037035,C:\Users\Shama\OneDrive\Documents\Side_Projects\Side_Projects\IAPrecinctMap\data\2012\20121106__ia__general__winnebago__precinct.csv,24
Winnebago,FC3 Forest D3,,ambiguous,0.4,C:\Users\Shama\OneDrive\Documents\Side_Projects\Side_Projects\IAPrecinctMap\data\2012\20121106__ia__general__winnebago__precinct.csv,35
Winnebago,Forest City Ward 1,,ambiguous,0.4,C:\Users\Shama\OneDrive\Documents\Side_Projects\Side_Projects\IAPrecinctMap\data\2012\20121106__ia__general__winnebago__precinct.csv,46
Winnebago,Forest City Ward 2,,ambiguous,0.4,C:\Users\Shama\OneDrive\Documents\Side_Projects\Side_Projects\IAPrecinctMap\data\2012\20121106__ia__general__winnebago__precinct.csv,57
Winnebago,Forest City Ward 4,,ambiguous,0.4,C:\Users\Shama\OneDrive\Documents\Side_Projects\Side_Projects\IAPrecinctMap\data\2012\20121106__ia__general__winnebago__precinct.csv,68
Winnebago,King Linden,,ambiguous,0.36363636363636365,C:\Users\Shama\OneDrive\Documents\Side_Projects\Side_Projects\IAPrecinctMap\data\2012\20121106__ia__general__winnebago__precinct.csv,79
Winnebago,Mt. Valley Forest D2,,ambiguous,0.3870967741935484,C:\Users\Shama\OneDrive\Documents\Side_Projects\Side_Projects\IAPrecinctMap\data\2012\20121106__ia__general__winnebago__precinct.csv,90
Winnebago,Newton Forest D1,,ambiguous,0.3870967741935484,C:\Users\Shama\OneDrive\Documents\Side_Projects\Side_Projects\IAPrecinctMap\data\2012\20121106__ia__general__winnebago__precinct.csv,101
Winneshiek,,,unmatched,0.0,C:\Users\Shama\OneDrive\Documents\Side_Projects\Side_Projects\IAPrecinctMap\data\2012\20121106__ia__general__winneshiek__precinct.csv,123
Winneshiek,PCT 1 - HE/HI/PL,,unmatched,0.0,C:\Users\Shama\OneDrive\Documents\Side_Projects\Side_Projects\IAPrecinctMap\data\2012\20121106__ia__general__winneshiek__precinct.csv,2
Winneshiek,PCT 10 - JA/SU/WA,,unmatched,0.0,C:\Users\Shama\OneDrive\Documents\Side_Projects\Side_Projects\IAPrecinctMap\data\2012\20121106__ia__general__winneshiek__precinct.csv,13
Winneshiek,PCT 11- Decorah Twp Sup 5,,unmatched,0.0,C:\Users\Shama\OneDrive\Documents\Side_Projects\Side_Projects\IAPrecinctMap\data\2012\20121106__ia__general__winneshiek__precinct.csv,24
Winneshiek,PCT 2 - FR/GL/DEW3/DETSUP1,,unmatched,0.0,C:\Users\Shama\OneDrive\Documents\Side_Projects\Side_Projects\IAPrecinctMap\data\2012\20121106__ia__general__winneshiek__precinct.csv,35
Winneshiek,PCT 3 - DEW1/DETSUP2,,unmatched,0.0,C:\Users\Shama\OneDrive\Documents\Side_Projects\Side_Projects\IAPrecinctMap\data\2012\20121106__ia__general__winneshiek__precinct.csv,46
Winneshiek,PCT 4 - Decorah Ward 2,,unmatched,0.0,C:\Users\Shama\OneDrive\Documents\Side_Projects\Side_Projects\IAPrecinctMap\data\2012\20121106__ia__general__winneshiek__precinct.csv,57
Winneshiek,PCT 5 - CN/DEW4/DETSUP3,,unmatched,0.0,C:\Users\Shama\OneDrive\Documents\Side_Projects\Side_Projects\IAPrecinctMap\data\2012\20121106__ia__general__winneshiek__precinct.csv,68
Winneshiek,PCT 6 - Decorah Ward 5,,unmatched,0.0,C:\Users\Shama\OneDrive\Documents\Side_Projects\Side_Projects\IAPrecinctMap\data\2012\20121106__ia__general__winneshiek__precinct.csv,79
Winneshiek,PCT 7 - CA/SP,,unmatched,0.0,C:\Users\Shama\OneDrive\Documents\Side_Projects\Side_Projects\IAPrecinctMap\data\2012\20121106__ia__general__winneshiek__precinct.csv,90
Winneshiek,PCT 8 - MI/BLM,,unmatched,0.0,C:\Users\Shama\OneDrive\Documents\Side_Projects\Side_Projects\IAPrecinctMap\data\2012\20121106__ia__general__winneshiek__precinct.csv,101
Winneshiek,PCT 9 - BLF/BO/FR/LI/MA/OR,,unmatched,0.0,C:\Users\Shama\OneDrive\Documents\Side_Projects\Side_Projects\IAPrecinctMap\data\2012\20121106__ia__general__winneshiek__precinct.csv,112
Woodbury,,,unmatched,0.0,C:\Users\Shama\OneDrive\Documents\Side_Projects\Side_Projects\IAPrecinctMap\data\2012\20121106__ia__general__woodbury__precinct.csv,486
Woodbury,1 HEARTLAND BAPTIST CH,,ambiguous,0.3829787234042553,C:\Users\Shama\OneDrive\Documents\Side_Projects\Side_Projects\IAPrecinctMap\data\2012\20121106__ia__general__woodbury__precinct.csv,2
Woodbury,10 CLARK SCHOOL,,ambiguous,0.34782608695652173,C:\Users\Shama\OneDrive\Documents\Side_Projects\Side_Projects\IAPrecinctMap\data\2012\20121106__ia__general__woodbury__precinct.csv,13
Woodbury,11 GIRLS INC,,ambiguous,0.35294117647058826,C:\Users\Shama\OneDrive\Documents\Side_Projects\Side_Projects\IAPrecinctMap\data\2012\20121106__ia__general__woodbury__precinct.csv,24
Woodbury,12 LINCOLN SCHOOL,,ambiguous,0.3225806451612903,C:\Users\Shama\OneDrive\Documents\Side_Projects\Side_Projects\IAPrecinctMap\data\2012\20121106__ia__general__woodbury__precinct.csv,35
Woodbury,13 SC TRANSIT SYSTEM,,ambiguous,0.3125,C:\Users\Shama\OneDrive\Documents\Side_Projects\Side_Projects\IAPrecinctMap\data\2012\20121106__ia__general__woodbury__precinct.csv,46
Woodbury,14 BOYS & GIRLS HOME,,ambiguous,0.41935483870967744,C:\Users\Shama\OneDrive\Documents\Side_Projects\Side_Projects\IAPrecinctMap\data\2012\20121106__ia__general__woodbury__precinct.csv,57
Woodbury,15 UNITY SCHOOL/CONCORD,,ambiguous,0.375,C:\Users\Shama\OneDrive\Documents\Side_Projects\Side_Projects\IAPrecinctMap\data\2012\20121106__ia__general__woodbury__precinct.csv,68
Woodbury,16 TRIMBLE UNITED METH CH,,ambiguous,0.3076923076923077,C:\Users\Shama\OneDrive\Documents\Side_Projects\Side_Projects\IAPrecinctMap\data\2012\20121106__ia__general__woodbury__precinct.csv,79
Woodbury,17 BRYANT SCHOOL,,ambiguous,0.37037037037037035,C:\Users\Shama\OneDrive\Documents\Side_Projects\Side_Projects\IAPrecinctMap\data\2012\20121106__ia__general__woodbury__precinct.csv,90
Woodbury,18 LEEDS ELEM SCHOOL,,ambiguous,0.3333333333333333,C:\Users\Shama\OneDrive\Documents\Side_Projects\Side_Projects\IAPrecinctMap\data\2012\20121106__ia__general__woodbury__precinct.csv,101
Woodbury,19 NORTH MIDDLE SCHOOL,,ambiguous,0.4,C:\Users\Shama\OneDrive\Documents\Side_Projects\Side_Projects\IAPrecinctMap\data\2012\20121106__ia__general__woodbury__precinct.csv,112
Woodbury,2 CENTRAL ASSEMBLY OF GOD,,ambiguous,0.34615384615384615,C:\Users\Shama\OneDrive\Documents\Side_Projects\Side_Projects\IAPrecinctMap\data\2012\20121106__ia__general__woodbury__precinct.csv,123
Woodbury,20 IRVING SCHOOL,,ambiguous,0.34146341463414637,C:\Users\Shama\OneDrive\Documents\Side_Projects\Side_Projects\IAPrecinctMap\data\2012\20121106__ia__general__woodbury__precinct.csv,134
Woodbury,21 M'SIDE LUTHERAN CHURCH,,ambiguous,0.32653061224489793,C:\Users\Shama\OneDrive\Documents\Side_Projects\Side_Projects\IAPrecinctMap\data\2012\20121106__ia__general__woodbury__precinct.csv,145
Woodbury,22 MORNINGSIDE LIBRARY,,ambiguous,0.3404255319148936,C:\Users\Shama\OneDrive\Documents\Side_Projects\Side_Projects\IAPrecinctMap\data\2012\20121106__ia__general__woodbury__precinct.csv,156
Woodbury,23 COMM. ACTION AGENCY,,ambiguous,0.3333333333333333,C:\Users\Shama\OneDrive\Documents\Side_Projects\Side_Projects\IAPrecinctMap\data\2012\20121106__ia__general__woodbury__precinct.csv,167
Woodbury,24 WASHINGTON HEIGHTS,,ambiguous,0.6857142857142857,C:\Users\Shama\OneDrive\Documents\Side_Projects\Side_Projects\IAPrecinctMap\data\2012\20121106__ia__general__woodbury__precinct.csv,178
Woodbury,25 M'SIDE COLLEGE EPPLEY,,ambiguous,0.4,C:\Users\Shama\OneDrive\Documents\Side_Projects\Side_Projects\IAPrecinctMap\data\2012\20121106__ia__general__woodbury__precinct.csv,189
Woodbury,26 EAST MIDDLE SCHOOL,,ambiguous,0.41025641025641024,C:\Users\Shama\OneDrive\Documents\Side_Projects\Side_Projects\IAPrecinctMap\data\2012\20121106__ia__general__woodbury__precinct.csv,200
Woodbury,27 ST JAMES UNITED METH.,,ambiguous,0.375,C:\Users\Shama\OneDrive\Documents\Side_Projects\Side_Projects\IAPrecinctMap\data\2012\20121106__ia__general__woodbury__precinct.csv,211
Woodbury,28 NODLAND SCHOOL,,ambiguous,0.3508771929824561,C:\Users\Shama\OneDrive\Documents\Side_Projects\Side_Projects\IAPrecinctMap\data\2012\20121106__ia__general__woodbury__precinct.csv,222
Woodbury,29 SGT BLUFF EAST/WDBY,,ambiguous,0.3333333333333333,C:\Users\Shama\OneDrive\Documents\Side_Projects\Side_Projects\IAPrecinctMap\data\2012\20121106__ia__general__woodbury__precinct.csv,233
Woodbury,3 WEST MIDDLE SCHOOL,,ambiguous,0.42105263157894735,C:\Users\Shama\OneDrive\Documents\Side_Projects\Side_Projects\IAPrecinctMap\data\2012\20121106__ia__general__woodbury__precinct.csv,244
Woodbury,30 SGT BLUFF WEST,,ambiguous,0.37037037037037035,C:\Users\Shama\OneDrive\Documents\Side_Projects\Side_Projects\IAPrecinctMap\data\2012\20121106__ia__general__woodbury__precinct.csv,255
Woodbury,31 SALIX/LIB-LAK TWP,,ambiguous,0.35294117647058826,C:\Users\Shama\OneDrive\Documents\Side_Projects\Side_Projects\IAPrecinctMap\data\2012\20121106__ia__general__woodbury__precinct.csv,266
Woodbury,32 BRONSON/FLO-GRG TWP,,ambiguous,0.48484848484848486,C:\Users\Shama\OneDrive\Documents\Side_Projects\Side_Projects\IAPrecinctMap\data\2012\20121106__ia__general__woodbury__precinct.csv,277
Woodbury,33 PIERSON/RUTLAND TWP,,ambiguous,0.5161290322580645,C:\Users\Shama\OneDrive\Documents\Side_Projects\Side_Projects\IAPrecinctMap\data\2012\20121106__ia__general__woodbury__precinct.csv,288
Woodbury,34 C'VILLE/KED-UNI TWP,,ambiguous,0.4666666666666667,C:\Users\Shama\OneDrive\Documents\Side_Projects\Side_Projects\IAPrecinctMap\data\2012\20121106__ia__general__woodbury__precinct.csv,299
Woodbury,35 MOVILLE/ARL-MOV-WOL TW,,ambiguous,0.3783783783783784,C:\Users\Shama\OneDrive\Documents\Side_Projects\Side_Projects\IAPrecinctMap\data\2012\20121106__ia__general__woodbury__precinct.csv,310
Woodbury,36 LAWTON/BANNER TWP,,ambiguous,0.47058823529411764,C:\Users\Shama\OneDrive\Documents\Side_Projects\Side_Projects\IAPrecinctMap\data\2012\20121106__ia__general__woodbury__precinct.csv,321
Woodbury,37 CLIMBING HILL/GRT-WES,,ambiguous,0.3448275862068966,C:\Users\Shama\OneDrive\Documents\Side_Projects\Side_Projects\IAPrecinctMap\data\2012\20121106__ia__general__woodbury__precinct.csv,332
Woodbury,38 SLOAN/SLOAN TWP,,ambiguous,0.5517241379310345,C:\Users\Shama\OneDrive\Documents\Side_Projects\Side_Projects\IAPrecinctMap\data\2012\20121106__ia__general__woodbury__precinct.csv,343
Woodbury,39 HORNICK/WILLOW TWP,,ambiguous,0.4666666666666667,C:\Users\Shama\OneDrive\Documents\Side_Projects\Side_Projects\IAPrecinctMap\data\2012\20121106__ia__general__woodbury__precinct.csv,354
Woodbury,4 EMERSON SCHOOL,,ambiguous,0.36363636363636365,C:\Users\Shama\OneDrive\Documents\Side_Projects\Side_Projects\IAPrecinctMap\data\2012\20121106__ia__general__woodbury__precinct.csv,365
Woodbury,40 ANTHON/MILLER TWP,,ambiguous,0.5333333333333333,C:\Users\Shama\OneDrive\Documents\Side_Projects\Side_Projects\IAPrecinctMap\data\2012\20121106__ia__general__woodbury__precinct.csv,376
Woodbury,41 DANBURY/LIS-MOR TWP,,ambiguous,0.5,C:\Users\Shama\OneDrive\Documents\Side_Projects\Side_Projects\IAPrecinctMap\data\2012\20121106__ia__general__woodbury__precinct.csv,387
Woodbury,42 SMITHLAND/LITTLE SIOUX,,ambiguous,0.44,C:\Users\Shama\OneDrive\Documents\Side_Projects\Side_Projects\IAPrecinctMap\data\2012\20121106__ia__general__woodbury__precinct.csv,398
Woodbury,43 OTO/OTO TWP,,ambiguous,0.46153846153846156,C:\Users\Shama\OneDrive\Documents\Side_Projects\Side_Projects\IAPrecinctMap\data\2012\20121106__ia__general__woodbury__precinct.csv,409
Woodbury,44 CUSHING/ROCK TWP,,ambiguous,0.6060606060606061,C:\Users\Shama\OneDrive\Documents\Side_Projects\Side_Projects\IAPrecinctMap\data\2012\20121106__ia__general__woodbury__precinct.csv,420
Woodbury,5 RIVERSIDE SCHOOL,,ambiguous,0.34285714285714286,C:\Users\Shama\OneDrive\Documents\Side_Projects\Side_Projects\IAPrecinctMap\data\2012\20121106__ia__general__woodbury__precinct.csv,431
Woodbury,6 FAITH LUTHERAN CHURCH,,ambiguous,0.35,C:\Users\Shama\OneDrive\Documents\Side_Projects\Side_Projects\IAPrecinctMap\data\2012\20121106__ia__general__woodbury__precinct.csv,442
Woodbury,7 CRESCENT PARK SCHOOL,,ambiguous,0.3673469387755102,C:\Users\Shama\OneDrive\Documents\Side_Projects\Side_Projects\IAPrecinctMap\data\2012\20121106__ia__general__woodbury__precinct.csv,453
Woodbury,8 MT. ZION BAPTIST CHURCH,,ambiguous,0.3508771929824561,C:\Users\Shama\OneDrive\Documents\Side_Projects\Side_Projects\IAPrecinctMap\data\2012\20121106__ia__general__woodbury__precinct.csv,464
Woodbury,9 BOYS & GIRLS HOME,,ambiguous,0.4262295081967213,C:\Users\Shama\OneDrive\Documents\Side_Projects\Side_Projects\IAPrecinctMap\data\2012\20121106__ia__general__woodbury__precinct.csv,475
Worth,,,unmatched,0.0,C:\Users\Shama\OneDrive\Documents\Side_Projects\Side_Projects\IAPrecinctMap\data\2012\20121106__ia__general__worth__precinct.csv,79
Worth,Barton-Deer Creek-Union-Grafton,,unmatched,0.0,C:\Users\Shama\OneDrive\Documents\Side_Projects\Side_Projects\IAPrecinctMap\data\2012\20121106__ia__general__worth__precinct.csv,2
Worth,Bristol-Silver Lake-Joice,,unmatched,0.0,C:\Users\Shama\OneDrive\Documents\Side_Projects\Side_Projects\IAPrecinctMap\data\2012\20121106__ia__general__worth__precinct.csv,13
Worth,Brookfield-Kensett,,unmatched,0.0,C:\Users\Shama\OneDrive\Documents\Side_Projects\Side_Projects\IAPrecinctMap\data\2012\20121106__ia__general__worth__precinct.csv,24
Worth,Danville-Hanlontown,,unmatched,0.0,C:\Users\Shama\OneDrive\Documents\Side_Projects\Side_Projects\IAPrecinctMap\data\2012\20121106__ia__general__worth__precinct.csv,35
Worth,Deer Creek-Grove-Hartland-Northwood,,unmatched,0.0,C:\Users\Shama\OneDrive\Documents\Side_Projects\Side_Projects\IAPrecinctMap\data\2012\20121106__ia__general__worth__precinct.csv,46
Worth,Fertile,,unmatched,0.0,C:\Users\Shama\OneDrive\Documents\Side_Projects\Side_Projects\IAPrecinctMap\data\2012\20121106__ia__general__worth__precinct.csv,57
Worth,Lincoln Manly,,unmatched,0.0,C:\Users\Shama\OneDrive\Documents\Side_Projects\Side_Projects\IAPrecinctMap\data\2012\20121106__ia__general__worth__precinct.csv,68
Wright,,,unmatched,0.0,C:\Users\Shama\OneDrive\Documents\Side_Projects\Side_Projects\IAPrecinctMap\data\2012\20121106__ia__general__wright__precinct.csv,112
Wright,BELMOND PRECINCT,,ambiguous,0.46153846153846156,C:\Users\Shama\OneDrive\Documents\Side_Projects\Side_Projects\IAPrecinctMap\data\2012\20121106__ia__general__wright__precinct.csv,2
Wright,BIG 6,,ambiguous,0.2727272727272727,C:\Users\Shama\OneDrive\Documents\Side_Projects\Side_Projects\IAPrecinctMap\data\2012\20121106__ia__general__wright__precinct.csv,13
Wright,CLARION PRECINCT,,ambiguous,0.4444444444444444,C:\Users\Shama\OneDrive\Documents\Side_Projects\Side_Projects\IAPrecinctMap\data\2012\20121106__ia__general__wright__precinct.csv,24
Wright,DOWS PRECINCT,,ambiguous,0.35294117647058826,C:\Users\Shama\OneDrive\Documents\Side_Projects\Side_Projects\IAPrecinctMap\data\2012\20121106__ia__general__wright__precinct.csv,35
Wright,EAGLE GROVE - WARD #1,,ambiguous,0.5625,C:\Users\Shama\OneDrive\Documents\Side_Projects\Side_Projects\IAPrecinctMap\data\2012\20121106__ia__general__wright__precinct.csv,46
Wright,EAGLE GROVE - WARD #2,,ambiguous,0.5625,C:\Users\Shama\OneDrive\Documents\Side_Projects\Side_Projects\IAPrecinctMap\data\2012\20121106__ia__general__wright__precinct.csv,57
Wright,EAGLE GROVE - WARD #3,,ambiguous,0.5625,C:\Users\Shama\OneDrive\Documents\Side_Projects\Side_Projects\IAPrecinctMap\data\2012\20121106__ia__general__wright__precinct.csv,68
Wright,EAGLE GROVE - WARD #4,,ambiguous,0.5625,C:\Users\Shama\OneDrive\Documents\Side_Projects\Side_Projects\IAPrecinctMap\data\2012\20121106__ia__general__wright__precinct.csv,79
Wright,GOLDFIELD PRECINCT,,ambiguous,0.3,C:\Users\Shama\OneDrive\Documents\Side_Projects\Side_Projects\IAPrecinctMap\data\2012\20121106__ia__general__wright__precinct.csv,90
Wright,RURAL EAGLE GROVE,,ambiguous,0.5,C:\Users\Shama\OneDrive\Documents\Side_Projects\Side_Projects\IAPrecinctMap\data\2012\20121106__ia__general__wright__precinct.csv,101
