county,precinct,vtd_id,match_method,confidence,source_file,source_row
ADAIR,ABSENTEE & SPECIAL BALLOTS,,election_geometry_ambiguous,0.38095238095238093,C:\Users\Shama\OneDrive\Documents\Side_Projects\Side_Projects\IAPrecinctMap\data\2000\20001107__ia__general__precinct.csv,4
ADAIR,ADAIR SUMMIT,,election_geometry_ambiguous,0.47619047619047616,C:\Users\Shama\OneDrive\Documents\Side_Projects\Side_Projects\IAPrecinctMap\data\2000\20001107__ia__general__precinct.csv,13
ADAIR,BRIDGEWATER JACKSON WASH PART RICH,,election_geometry_ambiguous,0.22727272727272727,C:\Users\Shama\OneDrive\Documents\Side_Projects\Side_Projects\IAPrecinctMap\data\2000\20001107__ia__general__precinct.csv,24
ADAIR,CASEY WALNUT PART JEFFERSON,,election_geometry_ambiguous,0.2702702702702703,C:\Users\Shama\OneDrive\Documents\Side_Projects\Side_Projects\IAPrecinctMap\data\2000\20001107__ia__general__precinct.csv,35
ADAIR,EUREKA PRUSSIA,,election_geometry_ambiguous,0.25,C:\Users\Shama\OneDrive\Documents\Side_Projects\Side_Projects\IAPrecinctMap\data\2000\20001107__ia__general__precinct.csv,46
ADAIR,FONTANELLE SUMMERSET,,election_geometry_ambiguous,0.5882352941176471,C:\Users\Shama\OneDrive\Documents\Side_Projects\Side_Projects\IAPrecinctMap\data\2000\20001107__ia__general__precinct.csv,57
ADAIR,GREENFIELD 1 CITY (& SOME RURAL),,election_geometry_ambiguous,0.43478260869565216,C:\Users\Shama\OneDrive\Documents\Side_Projects\Side_Projects\IAPrecinctMap\data\2000\20001107__ia__general__precinct.csv,68
ADAIR,GREENFIELD 2 GREENFIELD TWP LEE,,election_geometry_ambiguous,0.5777777777777777,C:\Users\Shama\OneDrive\Documents\Side_Projects\Side_Projects\IAPrecinctMap\data\2000\20001107__ia__general__precinct.csv,79
ADAIR,GROVE-GRAND RIVER-LEE,,election_geometry_ambiguous,0.34285714285714286,C:\Users\Shama\OneDrive\Documents\Side_Projects\Side_Projects\IAPrecinctMap\data\2000\20001107__ia__general__precinct.csv,90
ADAIR,LINCOLN STUART HARRISON PART JEFF,,election_geometry_ambiguous,0.37209302325581395,C:\Users\Shama\OneDrive\Documents\Side_Projects\Side_Projects\IAPrecinctMap\data\2000\20001107__ia__general__precinct.csv,101
ADAIR,ORIENT UNION PART RICHLAND,,election_geometry_ambiguous,0.3333333333333333,C:\Users\Shama\OneDrive\Documents\Side_Projects\Side_Projects\IAPrecinctMap\data\2000\20001107__ia__general__precinct.csv,112
ADAMS,ABSENTEE & SPECIAL BALLOTS,,election_geometry_ambiguous,0.17142857142857143,C:\Users\Shama\OneDrive\Documents\Side_Projects\Side_Projects\IAPrecinctMap\data\2000\20001107__ia__general__precinct.csv,127
ADAMS,COLONY & CARL EAST,,election_geometry_ambiguous,0.07407407407407407,C:\Users\Shama\OneDrive\Documents\Side_Projects\Side_Projects\IAPrecinctMap\data\2000\20001107__ia__general__precinct.csv,137
ADAMS,CORNING 1 & JASPER,,election_geometry_ambiguous,0.14814814814814814,C:\Users\Shama\OneDrive\Documents\Side_Projects\Side_Projects\IAPrecinctMap\data\2000\20001107__ia__general__precinct.csv,152
ADAMS,CORNING 2,,election_geometry_ambiguous,0.25,C:\Users\Shama\OneDrive\Documents\Side_Projects\Side_Projects\IAPrecinctMap\data\2000\20001107__ia__general__precinct.csv,167
ADAMS,CORNING 3A,,election_geometry_ambiguous,0.23529411764705882,C:\Users\Shama\OneDrive\Documents\Side_Projects\Side_Projects\IAPrecinctMap\data\2000\20001107__ia__general__precinct.csv,182
ADAMS,CORNING 3B & QUINCY,,election_geometry_ambiguous,0.14285714285714285,C:\Users\Shama\OneDrive\Documents\Side_Projects\Side_Projects\IAPrecinctMap\data\2000\20001107__ia__general__precinct.csv,197
ADAMS,GRANT & UNION,,election_geometry_ambiguous,0.18181818181818182,C:\Users\Shama\OneDrive\Documents\Side_Projects\Side_Projects\IAPrecinctMap\data\2000\20001107__ia__general__precinct.csv,212
ADAMS,LINCOLN DOUGLAS CARBON,,election_geometry_ambiguous,0.27586206896551724,C:\Users\Shama\OneDrive\Documents\Side_Projects\Side_Projects\IAPrecinctMap\data\2000\20001107__ia__general__precinct.csv,227
ADAMS,MERCER,,election_geometry_ambiguous,0.15384615384615385,C:\Users\Shama\OneDrive\Documents\Side_Projects\Side_Projects\IAPrecinctMap\data\2000\20001107__ia__general__precinct.csv,242
ADAMS,NODAWAY & JASPER NODAWAY,,election_geometry_ambiguous,0.18181818181818182,C:\Users\Shama\OneDrive\Documents\Side_Projects\Side_Projects\IAPrecinctMap\data\2000\20001107__ia__general__precinct.csv,257
ADAMS,PRESCOTT,,election_geometry_ambiguous,0.13333333333333333,C:\Users\Shama\OneDrive\Documents\Side_Projects\Side_Projects\IAPrecinctMap\data\2000\20001107__ia__general__precinct.csv,272
ADAMS,WASHINGTON & CARL WEST,,election_geometry_ambiguous,0.1935483870967742,C:\Users\Shama\OneDrive\Documents\Side_Projects\Side_Projects\IAPrecinctMap\data\2000\20001107__ia__general__precinct.csv,287
ALLAMAKEE,ABSENTEE & SPECIAL BALLOTS,,election_geometry_ambiguous,0.2727272727272727,C:\Users\Shama\OneDrive\Documents\Side_Projects\Side_Projects\IAPrecinctMap\data\2000\20001107__ia__general__precinct.csv,309
ALLAMAKEE,CENTER,,election_geometry_ambiguous,0.2727272727272727,C:\Users\Shama\OneDrive\Documents\Side_Projects\Side_Projects\IAPrecinctMap\data\2000\20001107__ia__general__precinct.csv,317
ALLAMAKEE,FAIRVIEW,,election_geometry_ambiguous,0.16666666666666666,C:\Users\Shama\OneDrive\Documents\Side_Projects\Side_Projects\IAPrecinctMap\data\2000\20001107__ia__general__precinct.csv,329
ALLAMAKEE,FRANKLIN,,election_geometry_ambiguous,0.25,C:\Users\Shama\OneDrive\Documents\Side_Projects\Side_Projects\IAPrecinctMap\data\2000\20001107__ia__general__precinct.csv,342
ALLAMAKEE,FRENCH CREEK,,election_geometry_ambiguous,0.2857142857142857,C:\Users\Shama\OneDrive\Documents\Side_Projects\Side_Projects\IAPrecinctMap\data\2000\20001107__ia__general__precinct.csv,354
ALLAMAKEE,HANOVER,,election_geometry_ambiguous,0.26666666666666666,C:\Users\Shama\OneDrive\Documents\Side_Projects\Side_Projects\IAPrecinctMap\data\2000\20001107__ia__general__precinct.csv,366
ALLAMAKEE,IOWA,,election_geometry_ambiguous,0.26666666666666666,C:\Users\Shama\OneDrive\Documents\Side_Projects\Side_Projects\IAPrecinctMap\data\2000\20001107__ia__general__precinct.csv,378
ALLAMAKEE,JEFFERSON,,election_geometry_ambiguous,0.2,C:\Users\Shama\OneDrive\Documents\Side_Projects\Side_Projects\IAPrecinctMap\data\2000\20001107__ia__general__precinct.csv,390
ALLAMAKEE,LAFAYETTE,,election_geometry_ambiguous,0.24,C:\Users\Shama\OneDrive\Documents\Side_Projects\Side_Projects\IAPrecinctMap\data\2000\20001107__ia__general__precinct.csv,402
ALLAMAKEE,LANSING,,election_geometry_ambiguous,0.2608695652173913,C:\Users\Shama\OneDrive\Documents\Side_Projects\Side_Projects\IAPrecinctMap\data\2000\20001107__ia__general__precinct.csv,414
ALLAMAKEE,LINTON,,election_geometry_ambiguous,0.2727272727272727,C:\Users\Shama\OneDrive\Documents\Side_Projects\Side_Projects\IAPrecinctMap\data\2000\20001107__ia__general__precinct.csv,426
ALLAMAKEE,LUDLOW,,election_geometry_ambiguous,0.23529411764705882,C:\Users\Shama\OneDrive\Documents\Side_Projects\Side_Projects\IAPrecinctMap\data\2000\20001107__ia__general__precinct.csv,439
ALLAMAKEE,MAKEE,,election_geometry_ambiguous,0.25,C:\Users\Shama\OneDrive\Documents\Side_Projects\Side_Projects\IAPrecinctMap\data\2000\20001107__ia__general__precinct.csv,451
ALLAMAKEE,PAINT CREEK,,election_geometry_ambiguous,0.3157894736842105,C:\Users\Shama\OneDrive\Documents\Side_Projects\Side_Projects\IAPrecinctMap\data\2000\20001107__ia__general__precinct.csv,463
ALLAMAKEE,POST,,election_geometry_ambiguous,0.3333333333333333,C:\Users\Shama\OneDrive\Documents\Side_Projects\Side_Projects\IAPrecinctMap\data\2000\20001107__ia__general__precinct.csv,475
ALLAMAKEE,POSTVILLE,,election_geometry_ambiguous,0.23529411764705882,C:\Users\Shama\OneDrive\Documents\Side_Projects\Side_Projects\IAPrecinctMap\data\2000\20001107__ia__general__precinct.csv,487
ALLAMAKEE,TAYLOR,,election_geometry_ambiguous,0.25,C:\Users\Shama\OneDrive\Documents\Side_Projects\Side_Projects\IAPrecinctMap\data\2000\20001107__ia__general__precinct.csv,500
ALLAMAKEE,UNION CITY,,election_geometry_ambiguous,0.5384615384615384,C:\Users\Shama\OneDrive\Documents\Side_Projects\Side_Projects\IAPrecinctMap\data\2000\20001107__ia__general__precinct.csv,512
ALLAMAKEE,UNION PRAIRIE,,election_geometry_ambiguous,0.3333333333333333,C:\Users\Shama\OneDrive\Documents\Side_Projects\Side_Projects\IAPrecinctMap\data\2000\20001107__ia__general__precinct.csv,524
ALLAMAKEE,WATERLOO,,election_geometry_ambiguous,0.3157894736842105,C:\Users\Shama\OneDrive\Documents\Side_Projects\Side_Projects\IAPrecinctMap\data\2000\20001107__ia__general__precinct.csv,536
ALLAMAKEE,WAUKON 1,,election_geometry_ambiguous,0.8421052631578947,C:\Users\Shama\OneDrive\Documents\Side_Projects\Side_Projects\IAPrecinctMap\data\2000\20001107__ia__general__precinct.csv,548
ALLAMAKEE,WAUKON 2,,election_geometry_ambiguous,0.8421052631578947,C:\Users\Shama\OneDrive\Documents\Side_Projects\Side_Projects\IAPrecinctMap\data\2000\20001107__ia__general__precinct.csv,560
ALLAMAKEE,WAUKON 3,,election_geometry_ambiguous,0.8421052631578947,C:\Users\Shama\OneDrive\Documents\Side_Projects\Side_Projects\IAPrecinctMap\data\2000\20001107__ia__general__precinct.csv,572
APPANOOSE,ABSENTEE & SPECIAL BALLOTS,,election_geometry_ambiguous,0.391304347826087,C:\Users\Shama\OneDrive\Documents\Side_Projects\Side_Projects\IAPrecinctMap\data\2000\20001107__ia__general__precinct.csv,589
APPANOOSE,BELLAIR LINCOLN,APPANOOSE - BELLAIR/LINCOLN,election_geometry_exact,1.0,C:\Users\Shama\OneDrive\Documents\Side_Projects\Side_Projects\IAPrecinctMap\data\2000\20001107__ia__general__precinct.csv,599
APPANOOSE,CALDWELL,APPANOOSE - CALDWELL TOWNSHIP,election_geometry_prefix,0.98,C:\Users\Shama\OneDrive\Documents\Side_Projects\Side_Projects\IAPrecinctMap\data\2000\20001107__ia__general__precinct.csv,613
APPANOOSE,CENTERVILLE W1,,election_geometry_ambiguous,0.875,C:\Users\Shama\OneDrive\Documents\Side_Projects\Side_Projects\IAPrecinctMap\data\2000\20001107__ia__general__precinct.csv,626
APPANOOSE,CENTERVILLE W2,,election_geometry_ambiguous,0.875,C:\Users\Shama\OneDrive\Documents\Side_Projects\Side_Projects\IAPrecinctMap\data\2000\20001107__ia__general__precinct.csv,639
APPANOOSE,CENTERVILLE W3,,election_geometry_ambiguous,0.875,C:\Users\Shama\OneDrive\Documents\Side_Projects\Side_Projects\IAPrecinctMap\data\2000\20001107__ia__general__precinct.csv,652
APPANOOSE,JOHNS INDEPENDENCE,APPANOOSE - JOHNS/INDEPENDENCE,election_geometry_exact,1.0,C:\Users\Shama\OneDrive\Documents\Side_Projects\Side_Projects\IAPrecinctMap\data\2000\20001107__ia__general__precinct.csv,665
APPANOOSE,PLEASANT FRANKLIN,APPANOOSE - PLEASANT/FRANKLIN,election_geometry_exact,1.0,C:\Users\Shama\OneDrive\Documents\Side_Projects\Side_Projects\IAPrecinctMap\data\2000\20001107__ia__general__precinct.csv,679
APPANOOSE,TAYLOR CHARITON,APPANOOSE - TAYLOR/CHARITON,election_geometry_exact,1.0,C:\Users\Shama\OneDrive\Documents\Side_Projects\Side_Projects\IAPrecinctMap\data\2000\20001107__ia__general__precinct.csv,693
APPANOOSE,UDELL,,election_geometry_ambiguous,0.4,C:\Users\Shama\OneDrive\Documents\Side_Projects\Side_Projects\IAPrecinctMap\data\2000\20001107__ia__general__precinct.csv,706
APPANOOSE,UNION,APPANOOSE - UNION/UDELL TOWNSHIP,election_geometry_prefix,0.98,C:\Users\Shama\OneDrive\Documents\Side_Projects\Side_Projects\IAPrecinctMap\data\2000\20001107__ia__general__precinct.csv,719
APPANOOSE,VERMILLION DOUGLAS SHARON,APPANOOSE - VERMILLION/DOUGLAS/SHARON,election_geometry_exact,1.0,C:\Users\Shama\OneDrive\Documents\Side_Projects\Side_Projects\IAPrecinctMap\data\2000\20001107__ia__general__precinct.csv,732
APPANOOSE,WALNUT MYSTIC,APPANOOSE - WALNUT,election_geometry_prefix,0.98,C:\Users\Shama\OneDrive\Documents\Side_Projects\Side_Projects\IAPrecinctMap\data\2000\20001107__ia__general__precinct.csv,745
APPANOOSE,WALNUT RATHBUN,APPANOOSE - WALNUT,election_geometry_prefix,0.98,C:\Users\Shama\OneDrive\Documents\Side_Projects\Side_Projects\IAPrecinctMap\data\2000\20001107__ia__general__precinct.csv,759
APPANOOSE,WASHINGTON WELLS,APPANOOSE - WASHINGTON/WELLS,election_geometry_exact,1.0,C:\Users\Shama\OneDrive\Documents\Side_Projects\Side_Projects\IAPrecinctMap\data\2000\20001107__ia__general__precinct.csv,773
AUDUBON,ABSENTEE & SPECIAL BALLOTS,,election_geometry_ambiguous,0.0,C:\Users\Shama\OneDrive\Documents\Side_Projects\Side_Projects\IAPrecinctMap\data\2000\20001107__ia__general__precinct.csv,788
AUDUBON,AUDUBON EXIRA GREELEY HAMLIN,,election_geometry_ambiguous,0.0,C:\Users\Shama\OneDrive\Documents\Side_Projects\Side_Projects\IAPrecinctMap\data\2000\20001107__ia__general__precinct.csv,797
AUDUBON,DOUGLAS-MELVILLE-N 1/2 LEROY TP,,election_geometry_ambiguous,0.0625,C:\Users\Shama\OneDrive\Documents\Side_Projects\Side_Projects\IAPrecinctMap\data\2000\20001107__ia__general__precinct.csv,808
AUDUBON,LEROY HAMLIN,,election_geometry_ambiguous,0.0,C:\Users\Shama\OneDrive\Documents\Side_Projects\Side_Projects\IAPrecinctMap\data\2000\20001107__ia__general__precinct.csv,819
AUDUBON,OAKFIELD,,election_geometry_ambiguous,0.0,C:\Users\Shama\OneDrive\Documents\Side_Projects\Side_Projects\IAPrecinctMap\data\2000\20001107__ia__general__precinct.csv,830
AUDUBON,SHARON TOWNSHIP,,election_geometry_ambiguous,0.0,C:\Users\Shama\OneDrive\Documents\Side_Projects\Side_Projects\IAPrecinctMap\data\2000\20001107__ia__general__precinct.csv,841
AUDUBON,VIOLA CAMERON LINCOLN,,election_geometry_ambiguous,0.0,C:\Users\Shama\OneDrive\Documents\Side_Projects\Side_Projects\IAPrecinctMap\data\2000\20001107__ia__general__precinct.csv,852
BENTON,ABSENTEE & SPECIAL BALLOTS,,election_geometry_ambiguous,0.5,C:\Users\Shama\OneDrive\Documents\Side_Projects\Side_Projects\IAPrecinctMap\data\2000\20001107__ia__general__precinct.csv,870
BENTON,BELLE PLAINE 1,BENTON - BELLE PLAINE 1,election_geometry_exact,1.0,C:\Users\Shama\OneDrive\Documents\Side_Projects\Side_Projects\IAPrecinctMap\data\2000\20001107__ia__general__precinct.csv,879
BENTON,BELLE PLAINE 2,BENTON - BELLE PLAINE 2,election_geometry_exact,1.0,C:\Users\Shama\OneDrive\Documents\Side_Projects\Side_Projects\IAPrecinctMap\data\2000\20001107__ia__general__precinct.csv,893
BENTON,BELLE PLAINE 3,BENTON - BELLE PLAINE 3,election_geometry_exact,1.0,C:\Users\Shama\OneDrive\Documents\Side_Projects\Side_Projects\IAPrecinctMap\data\2000\20001107__ia__general__precinct.csv,907
BENTON,BENTON CANTON SHELLSBURG,BENTON - BENTON-CANTON-SHELLSBURG,election_geometry_exact,1.0,C:\Users\Shama\OneDrive\Documents\Side_Projects\Side_Projects\IAPrecinctMap\data\2000\20001107__ia__general__precinct.csv,921
BENTON,BIG GROVE UNION VAN HORNE,BENTON - BIG GROVE-UNION-VAN HORNE,election_geometry_exact,1.0,C:\Users\Shama\OneDrive\Documents\Side_Projects\Side_Projects\IAPrecinctMap\data\2000\20001107__ia__general__precinct.csv,935
BENTON,BRUCE CEDAR MT AUBURN,BENTON - BRUCE-CEDAR-MT AUBURN,election_geometry_exact,1.0,C:\Users\Shama\OneDrive\Documents\Side_Projects\Side_Projects\IAPrecinctMap\data\2000\20001107__ia__general__precinct.csv,949
BENTON,EDEN ELDORADO NEWHALL,,election_geometry_ambiguous,0.8648648648648649,C:\Users\Shama\OneDrive\Documents\Side_Projects\Side_Projects\IAPrecinctMap\data\2000\20001107__ia__general__precinct.csv,962
BENTON,FLORENCE NORWAY,,election_geometry_ambiguous,0.7692307692307693,C:\Users\Shama\OneDrive\Documents\Side_Projects\Side_Projects\IAPrecinctMap\data\2000\20001107__ia__general__precinct.csv,976
BENTON,FREMONT ATKINS,BENTON - FREMONT-ATKINS,election_geometry_exact,1.0,C:\Users\Shama\OneDrive\Documents\Side_Projects\Side_Projects\IAPrecinctMap\data\2000\20001107__ia__general__precinct.csv,990
BENTON,HARRISON TAYLOR,,election_geometry_ambiguous,0.8571428571428571,C:\Users\Shama\OneDrive\Documents\Side_Projects\Side_Projects\IAPrecinctMap\data\2000\20001107__ia__general__precinct.csv,1004
BENTON,HOMER MONROE JACK GA,,election_geometry_ambiguous,0.8163265306122449,C:\Users\Shama\OneDrive\Documents\Side_Projects\Side_Projects\IAPrecinctMap\data\2000\20001107__ia__general__precinct.csv,1017
BENTON,IOWA LUZERNE,,election_geometry_ambiguous,0.5853658536585366,C:\Users\Shama\OneDrive\Documents\Side_Projects\Side_Projects\IAPrecinctMap\data\2000\20001107__ia__general__precinct.csv,1030
BENTON,KANE KEYSTONE,BENTON - KANE-KEYSTONE,election_geometry_exact,1.0,C:\Users\Shama\OneDrive\Documents\Side_Projects\Side_Projects\IAPrecinctMap\data\2000\20001107__ia__general__precinct.csv,1044
BENTON,LEROY BLAIRSTOWN,,election_geometry_ambiguous,0.7111111111111111,C:\Users\Shama\OneDrive\Documents\Side_Projects\Side_Projects\IAPrecinctMap\data\2000\20001107__ia__general__precinct.csv,1058
BENTON,POLK URBANA,BENTON - POLK-URBANA,election_geometry_exact,1.0,C:\Users\Shama\OneDrive\Documents\Side_Projects\Side_Projects\IAPrecinctMap\data\2000\20001107__ia__general__precinct.csv,1072
BENTON,ST CLAIR,,election_geometry_ambiguous,0.5,C:\Users\Shama\OneDrive\Documents\Side_Projects\Side_Projects\IAPrecinctMap\data\2000\20001107__ia__general__precinct.csv,1085
BENTON,VINTON 1,BENTON - VINTON 1,election_geometry_exact,1.0,C:\Users\Shama\OneDrive\Documents\Side_Projects\Side_Projects\IAPrecinctMap\data\2000\20001107__ia__general__precinct.csv,1099
BENTON,VINTON 2,BENTON - VINTON 2,election_geometry_exact,1.0,C:\Users\Shama\OneDrive\Documents\Side_Projects\Side_Projects\IAPrecinctMap\data\2000\20001107__ia__general__precinct.csv,1112
BENTON,VINTON 3,BENTON - VINTON 3,election_geometry_exact,1.0,C:\Users\Shama\OneDrive\Documents\Side_Projects\Side_Projects\IAPrecinctMap\data\2000\20001107__ia__general__precinct.csv,1125
BENTON,VINTON 4,BENTON - VINTON 4,election_geometry_exact,1.0,C:\Users\Shama\OneDrive\Documents\Side_Projects\Side_Projects\IAPrecinctMap\data\2000\20001107__ia__general__precinct.csv,1138
BENTON,WALFORD,BENTON - WALFORD,election_geometry_exact,1.0,C:\Users\Shama\OneDrive\Documents\Side_Projects\Side_Projects\IAPrecinctMap\data\2000\20001107__ia__general__precinct.csv,1151
BLACK HAWK,ABSENTEE & SPECIAL BALLOTS,,election_geometry_ambiguous,0.4489795918367347,C:\Users\Shama\OneDrive\Documents\Side_Projects\Side_Projects\IAPrecinctMap\data\2000\20001107__ia__general__precinct.csv,1192
BLACK HAWK,BARCLAY,BLACK HAWK - BARCLAY LESTER DUNKERTON,election_geometry_prefix,0.98,C:\Users\Shama\OneDrive\Documents\Side_Projects\Side_Projects\IAPrecinctMap\data\2000\20001107__ia__general__precinct.csv,1201
BLACK HAWK,BENNINGTON,BLACK HAWK - BENNINGTON,election_geometry_exact,1.0,C:\Users\Shama\OneDrive\Documents\Side_Projects\Side_Projects\IAPrecinctMap\data\2000\20001107__ia__general__precinct.csv,1215
BLACK HAWK,BIG CREEK SPRING CREEK,,election_geometry_ambiguous,0.7058823529411765,C:\Users\Shama\OneDrive\Documents\Side_Projects\Side_Projects\IAPrecinctMap\data\2000\20001107__ia__general__precinct.csv,1227
BLACK HAWK,BLACK HAWK WEST,,election_geometry_ambiguous,0.6,C:\Users\Shama\OneDrive\Documents\Side_Projects\Side_Projects\IAPrecinctMap\data\2000\20001107__ia__general__precinct.csv,1242
BLACK HAWK,CEDAR,BLACK HAWK - CEDAR ORANGE,election_geometry_prefix,0.98,C:\Users\Shama\OneDrive\Documents\Side_Projects\Side_Projects\IAPrecinctMap\data\2000\20001107__ia__general__precinct.csv,1257
BLACK HAWK,CEDAR FALLS W1 P1,,election_geometry_ambiguous,0.64,C:\Users\Shama\OneDrive\Documents\Side_Projects\Side_Projects\IAPrecinctMap\data\2000\20001107__ia__general__precinct.csv,1268
BLACK HAWK,CEDAR FALLS W1 P2,,election_geometry_ambiguous,0.64,C:\Users\Shama\OneDrive\Documents\Side_Projects\Side_Projects\IAPrecinctMap\data\2000\20001107__ia__general__precinct.csv,1283
BLACK HAWK,CEDAR FALLS W1 P3,,election_geometry_ambiguous,0.64,C:\Users\Shama\OneDrive\Documents\Side_Projects\Side_Projects\IAPrecinctMap\data\2000\20001107__ia__general__precinct.csv,1298
BLACK HAWK,CEDAR FALLS W2 P1,,election_geometry_ambiguous,0.64,C:\Users\Shama\OneDrive\Documents\Side_Projects\Side_Projects\IAPrecinctMap\data\2000\20001107__ia__general__precinct.csv,1313
BLACK HAWK,CEDAR FALLS W2 P2,,election_geometry_ambiguous,0.56,C:\Users\Shama\OneDrive\Documents\Side_Projects\Side_Projects\IAPrecinctMap\data\2000\20001107__ia__general__precinct.csv,1328
BLACK HAWK,CEDAR FALLS W2 P3,,election_geometry_ambiguous,0.64,C:\Users\Shama\OneDrive\Documents\Side_Projects\Side_Projects\IAPrecinctMap\data\2000\20001107__ia__general__precinct.csv,1343
BLACK HAWK,CEDAR FALLS W3 P1,,election_geometry_ambiguous,0.64,C:\Users\Shama\OneDrive\Documents\Side_Projects\Side_Projects\IAPrecinctMap\data\2000\20001107__ia__general__precinct.csv,1358
BLACK HAWK,CEDAR FALLS W3 P2-C FALLS TP,,election_geometry_ambiguous,0.5531914893617021,C:\Users\Shama\OneDrive\Documents\Side_Projects\Side_Projects\IAPrecinctMap\data\2000\20001107__ia__general__precinct.csv,1373
BLACK HAWK,CEDAR FALLS W3 P3,,election_geometry_ambiguous,0.64,C:\Users\Shama\OneDrive\Documents\Side_Projects\Side_Projects\IAPrecinctMap\data\2000\20001107__ia__general__precinct.csv,1388
BLACK HAWK,CEDAR FALLS W4 P1,,election_geometry_ambiguous,0.64,C:\Users\Shama\OneDrive\Documents\Side_Projects\Side_Projects\IAPrecinctMap\data\2000\20001107__ia__general__precinct.csv,1403
BLACK HAWK,CEDAR FALLS W4 P2,,election_geometry_ambiguous,0.64,C:\Users\Shama\OneDrive\Documents\Side_Projects\Side_Projects\IAPrecinctMap\data\2000\20001107__ia__general__precinct.csv,1418
BLACK HAWK,CEDAR FALLS W4 P3,,election_geometry_ambiguous,0.64,C:\Users\Shama\OneDrive\Documents\Side_Projects\Side_Projects\IAPrecinctMap\data\2000\20001107__ia__general__precinct.csv,1433
BLACK HAWK,CEDAR FALLS W5 P1,,election_geometry_ambiguous,0.64,C:\Users\Shama\OneDrive\Documents\Side_Projects\Side_Projects\IAPrecinctMap\data\2000\20001107__ia__general__precinct.csv,1448
BLACK HAWK,CEDAR FALLS W5 P2,,election_geometry_ambiguous,0.64,C:\Users\Shama\OneDrive\Documents\Side_Projects\Side_Projects\IAPrecinctMap\data\2000\20001107__ia__general__precinct.csv,1463
BLACK HAWK,CEDAR FALLS W5 P3,,election_geometry_ambiguous,0.64,C:\Users\Shama\OneDrive\Documents\Side_Projects\Side_Projects\IAPrecinctMap\data\2000\20001107__ia__general__precinct.csv,1478
BLACK HAWK,EAGLE TWP,BLACK HAWK - EAGLE,election_geometry_prefix,0.98,C:\Users\Shama\OneDrive\Documents\Side_Projects\Side_Projects\IAPrecinctMap\data\2000\20001107__ia__general__precinct.csv,1493
BLACK HAWK,ELK RUN HEIGHTS,BLACK HAWK - ELK RUN HEIGHTS & RAYMOND,election_geometry_prefix,0.98,C:\Users\Shama\OneDrive\Documents\Side_Projects\Side_Projects\IAPrecinctMap\data\2000\20001107__ia__general__precinct.csv,1507
BLACK HAWK,EVANSDALE WARD 1,,election_geometry_ambiguous,0.8571428571428571,C:\Users\Shama\OneDrive\Documents\Side_Projects\Side_Projects\IAPrecinctMap\data\2000\20001107__ia__general__precinct.csv,1518
BLACK HAWK,EVANSDALE WARD 2,,election_geometry_ambiguous,0.8571428571428571,C:\Users\Shama\OneDrive\Documents\Side_Projects\Side_Projects\IAPrecinctMap\data\2000\20001107__ia__general__precinct.csv,1529
BLACK HAWK,EVANSDALE WARD 3,,election_geometry_ambiguous,0.8571428571428571,C:\Users\Shama\OneDrive\Documents\Side_Projects\Side_Projects\IAPrecinctMap\data\2000\20001107__ia__general__precinct.csv,1540
BLACK HAWK,EVANSDALE WARD 4,,election_geometry_ambiguous,0.8571428571428571,C:\Users\Shama\OneDrive\Documents\Side_Projects\Side_Projects\IAPrecinctMap\data\2000\20001107__ia__general__precinct.csv,1551
BLACK HAWK,LESTER TWP,,election_geometry_ambiguous,0.47058823529411764,C:\Users\Shama\OneDrive\Documents\Side_Projects\Side_Projects\IAPrecinctMap\data\2000\20001107__ia__general__precinct.csv,1562
BLACK HAWK,LINCOLN TWP,,election_geometry_ambiguous,0.42105263157894735,C:\Users\Shama\OneDrive\Documents\Side_Projects\Side_Projects\IAPrecinctMap\data\2000\20001107__ia__general__precinct.csv,1577
BLACK HAWK,MT VERNON TWP,BLACK HAWK - MT VERNON,election_geometry_prefix,0.98,C:\Users\Shama\OneDrive\Documents\Side_Projects\Side_Projects\IAPrecinctMap\data\2000\20001107__ia__general__precinct.csv,1591
BLACK HAWK,ORANGE TWP,,election_geometry_ambiguous,0.5454545454545454,C:\Users\Shama\OneDrive\Documents\Side_Projects\Side_Projects\IAPrecinctMap\data\2000\20001107__ia__general__precinct.csv,1603
BLACK HAWK,POYNER 1-E WATERLOO,,election_geometry_ambiguous,0.7142857142857143,C:\Users\Shama\OneDrive\Documents\Side_Projects\Side_Projects\IAPrecinctMap\data\2000\20001107__ia__general__precinct.csv,1618
BLACK HAWK,POYNER 2-FOX,,election_geometry_ambiguous,0.6153846153846154,C:\Users\Shama\OneDrive\Documents\Side_Projects\Side_Projects\IAPrecinctMap\data\2000\20001107__ia__general__precinct.csv,1630
BLACK HAWK,UNION TWP,BLACK HAWK - UNION,election_geometry_prefix,0.98,C:\Users\Shama\OneDrive\Documents\Side_Projects\Side_Projects\IAPrecinctMap\data\2000\20001107__ia__general__precinct.csv,1644
BLACK HAWK,WASHINGTON TWP,,election_geometry_ambiguous,0.6285714285714286,C:\Users\Shama\OneDrive\Documents\Side_Projects\Side_Projects\IAPrecinctMap\data\2000\20001107__ia__general__precinct.csv,1656
BLACK HAWK,WATERLOO W1 P1,,election_geometry_ambiguous,0.6,C:\Users\Shama\OneDrive\Documents\Side_Projects\Side_Projects\IAPrecinctMap\data\2000\20001107__ia__general__precinct.csv,1668
BLACK HAWK,WATERLOO W1 P2,,election_geometry_ambiguous,0.6,C:\Users\Shama\OneDrive\Documents\Side_Projects\Side_Projects\IAPrecinctMap\data\2000\20001107__ia__general__precinct.csv,1683
BLACK HAWK,WATERLOO W1 P3,,election_geometry_ambiguous,0.6,C:\Users\Shama\OneDrive\Documents\Side_Projects\Side_Projects\IAPrecinctMap\data\2000\20001107__ia__general__precinct.csv,1698
BLACK HAWK,WATERLOO W1 P4,,election_geometry_ambiguous,0.6,C:\Users\Shama\OneDrive\Documents\Side_Projects\Side_Projects\IAPrecinctMap\data\2000\20001107__ia__general__precinct.csv,1710
BLACK HAWK,WATERLOO W1 P5,,election_geometry_ambiguous,0.6,C:\Users\Shama\OneDrive\Documents\Side_Projects\Side_Projects\IAPrecinctMap\data\2000\20001107__ia__general__precinct.csv,1721
BLACK HAWK,WATERLOO W1 P6,,election_geometry_ambiguous,0.6,C:\Users\Shama\OneDrive\Documents\Side_Projects\Side_Projects\IAPrecinctMap\data\2000\20001107__ia__general__precinct.csv,1736
BLACK HAWK,WATERLOO W2 P1,,election_geometry_ambiguous,0.6,C:\Users\Shama\OneDrive\Documents\Side_Projects\Side_Projects\IAPrecinctMap\data\2000\20001107__ia__general__precinct.csv,1751
BLACK HAWK,WATERLOO W2 P2,,election_geometry_ambiguous,0.6,C:\Users\Shama\OneDrive\Documents\Side_Projects\Side_Projects\IAPrecinctMap\data\2000\20001107__ia__general__precinct.csv,1763
BLACK HAWK,WATERLOO W2 P3,,election_geometry_ambiguous,0.6,C:\Users\Shama\OneDrive\Documents\Side_Projects\Side_Projects\IAPrecinctMap\data\2000\20001107__ia__general__precinct.csv,1774
BLACK HAWK,WATERLOO W2 P4,,election_geometry_ambiguous,0.6,C:\Users\Shama\OneDrive\Documents\Side_Projects\Side_Projects\IAPrecinctMap\data\2000\20001107__ia__general__precinct.csv,1785
BLACK HAWK,WATERLOO W2 P5,,election_geometry_ambiguous,0.6,C:\Users\Shama\OneDrive\Documents\Side_Projects\Side_Projects\IAPrecinctMap\data\2000\20001107__ia__general__precinct.csv,1796
BLACK HAWK,WATERLOO W2 P6,,election_geometry_ambiguous,0.6,C:\Users\Shama\OneDrive\Documents\Side_Projects\Side_Projects\IAPrecinctMap\data\2000\20001107__ia__general__precinct.csv,1807
BLACK HAWK,WATERLOO W3 P1,,election_geometry_ambiguous,0.6,C:\Users\Shama\OneDrive\Documents\Side_Projects\Side_Projects\IAPrecinctMap\data\2000\20001107__ia__general__precinct.csv,1818
BLACK HAWK,WATERLOO W3 P2,,election_geometry_ambiguous,0.6,C:\Users\Shama\OneDrive\Documents\Side_Projects\Side_Projects\IAPrecinctMap\data\2000\20001107__ia__general__precinct.csv,1833
BLACK HAWK,WATERLOO W3 P3,,election_geometry_ambiguous,0.6,C:\Users\Shama\OneDrive\Documents\Side_Projects\Side_Projects\IAPrecinctMap\data\2000\20001107__ia__general__precinct.csv,1845
BLACK HAWK,WATERLOO W3 P4,,election_geometry_ambiguous,0.6,C:\Users\Shama\OneDrive\Documents\Side_Projects\Side_Projects\IAPrecinctMap\data\2000\20001107__ia__general__precinct.csv,1857
BLACK HAWK,WATERLOO W3 P5,,election_geometry_ambiguous,0.6,C:\Users\Shama\OneDrive\Documents\Side_Projects\Side_Projects\IAPrecinctMap\data\2000\20001107__ia__general__precinct.csv,1869
BLACK HAWK,WATERLOO W3 P6,,election_geometry_ambiguous,0.6,C:\Users\Shama\OneDrive\Documents\Side_Projects\Side_Projects\IAPrecinctMap\data\2000\20001107__ia__general__precinct.csv,1884
BLACK HAWK,WATERLOO W4 P1,,election_geometry_ambiguous,0.6,C:\Users\Shama\OneDrive\Documents\Side_Projects\Side_Projects\IAPrecinctMap\data\2000\20001107__ia__general__precinct.csv,1899
BLACK HAWK,WATERLOO W4 P2,,election_geometry_ambiguous,0.6,C:\Users\Shama\OneDrive\Documents\Side_Projects\Side_Projects\IAPrecinctMap\data\2000\20001107__ia__general__precinct.csv,1911
BLACK HAWK,WATERLOO W4 P3,,election_geometry_ambiguous,0.6,C:\Users\Shama\OneDrive\Documents\Side_Projects\Side_Projects\IAPrecinctMap\data\2000\20001107__ia__general__precinct.csv,1923
BLACK HAWK,WATERLOO W4 P4,,election_geometry_ambiguous,0.6,C:\Users\Shama\OneDrive\Documents\Side_Projects\Side_Projects\IAPrecinctMap\data\2000\20001107__ia__general__precinct.csv,1935
BLACK HAWK,WATERLOO W4 P5,,election_geometry_ambiguous,0.6,C:\Users\Shama\OneDrive\Documents\Side_Projects\Side_Projects\IAPrecinctMap\data\2000\20001107__ia__general__precinct.csv,1946
BLACK HAWK,WATERLOO W4 P6,,election_geometry_ambiguous,0.6,C:\Users\Shama\OneDrive\Documents\Side_Projects\Side_Projects\IAPrecinctMap\data\2000\20001107__ia__general__precinct.csv,1958
BLACK HAWK,WATERLOO W5 P1,,election_geometry_ambiguous,0.6,C:\Users\Shama\OneDrive\Documents\Side_Projects\Side_Projects\IAPrecinctMap\data\2000\20001107__ia__general__precinct.csv,1969
BLACK HAWK,WATERLOO W5 P2,,election_geometry_ambiguous,0.6,C:\Users\Shama\OneDrive\Documents\Side_Projects\Side_Projects\IAPrecinctMap\data\2000\20001107__ia__general__precinct.csv,1981
BLACK HAWK,WATERLOO W5 P3,,election_geometry_ambiguous,0.6,C:\Users\Shama\OneDrive\Documents\Side_Projects\Side_Projects\IAPrecinctMap\data\2000\20001107__ia__general__precinct.csv,1993
BLACK HAWK,WATERLOO W5 P4,,election_geometry_ambiguous,0.6,C:\Users\Shama\OneDrive\Documents\Side_Projects\Side_Projects\IAPrecinctMap\data\2000\20001107__ia__general__precinct.csv,2005
BLACK HAWK,WATERLOO W5 P5,,election_geometry_ambiguous,0.6,C:\Users\Shama\OneDrive\Documents\Side_Projects\Side_Projects\IAPrecinctMap\data\2000\20001107__ia__general__precinct.csv,2017
BLACK HAWK,WATERLOO W5 P6,,election_geometry_ambiguous,0.6,C:\Users\Shama\OneDrive\Documents\Side_Projects\Side_Projects\IAPrecinctMap\data\2000\20001107__ia__general__precinct.csv,2028
BOONE,ABSENTEE & SPECIAL BALLOTS,,election_geometry_ambiguous,0.38095238095238093,C:\Users\Shama\OneDrive\Documents\Side_Projects\Side_Projects\IAPrecinctMap\data\2000\20001107__ia__general__precinct.csv,2047
BOONE,AMAQUA & BEAVER(CITY),,election_geometry_ambiguous,0.43243243243243246,C:\Users\Shama\OneDrive\Documents\Side_Projects\Side_Projects\IAPrecinctMap\data\2000\20001107__ia__general__precinct.csv,2055
BOONE,BEAVER TWP,,election_geometry_ambiguous,0.4,C:\Users\Shama\OneDrive\Documents\Side_Projects\Side_Projects\IAPrecinctMap\data\2000\20001107__ia__general__precinct.csv,2069
BOONE,BOONE 1,BOONE - BOONE 1ST WARD,election_geometry_prefix,0.98,C:\Users\Shama\OneDrive\Documents\Side_Projects\Side_Projects\IAPrecinctMap\data\2000\20001107__ia__general__precinct.csv,2083
BOONE,BOONE 2,BOONE - BOONE 2ND WARD,election_geometry_prefix,0.98,C:\Users\Shama\OneDrive\Documents\Side_Projects\Side_Projects\IAPrecinctMap\data\2000\20001107__ia__general__precinct.csv,2097
BOONE,BOONE 3,BOONE - BOONE 3RD WARD,election_geometry_prefix,0.98,C:\Users\Shama\OneDrive\Documents\Side_Projects\Side_Projects\IAPrecinctMap\data\2000\20001107__ia__general__precinct.csv,2111
BOONE,BOONE 4,BOONE - BOONE 4TH WARD,election_geometry_prefix,0.98,C:\Users\Shama\OneDrive\Documents\Side_Projects\Side_Projects\IAPrecinctMap\data\2000\20001107__ia__general__precinct.csv,2125
BOONE,BOONE 5,BOONE - BOONE 5TH WARD,election_geometry_prefix,0.98,C:\Users\Shama\OneDrive\Documents\Side_Projects\Side_Projects\IAPrecinctMap\data\2000\20001107__ia__general__precinct.csv,2139
BOONE,CASS,,election_geometry_ambiguous,0.21052631578947367,C:\Users\Shama\OneDrive\Documents\Side_Projects\Side_Projects\IAPrecinctMap\data\2000\20001107__ia__general__precinct.csv,2153
BOONE,COLFAX,,election_geometry_ambiguous,0.2,C:\Users\Shama\OneDrive\Documents\Side_Projects\Side_Projects\IAPrecinctMap\data\2000\20001107__ia__general__precinct.csv,2167
BOONE,DES MOINES,,election_geometry_ambiguous,0.4,C:\Users\Shama\OneDrive\Documents\Side_Projects\Side_Projects\IAPrecinctMap\data\2000\20001107__ia__general__precinct.csv,2181
BOONE,DODGE,,election_geometry_ambiguous,0.4,C:\Users\Shama\OneDrive\Documents\Side_Projects\Side_Projects\IAPrecinctMap\data\2000\20001107__ia__general__precinct.csv,2195
BOONE,DOUGLAS,,election_geometry_ambiguous,0.2857142857142857,C:\Users\Shama\OneDrive\Documents\Side_Projects\Side_Projects\IAPrecinctMap\data\2000\20001107__ia__general__precinct.csv,2207
BOONE,FRASER TOWN,,election_geometry_ambiguous,0.3333333333333333,C:\Users\Shama\OneDrive\Documents\Side_Projects\Side_Projects\IAPrecinctMap\data\2000\20001107__ia__general__precinct.csv,2221
BOONE,GARDEN & SHELDAHL,,election_geometry_ambiguous,0.3333333333333333,C:\Users\Shama\OneDrive\Documents\Side_Projects\Side_Projects\IAPrecinctMap\data\2000\20001107__ia__general__precinct.csv,2233
BOONE,GRANT & BOXHOLM,,election_geometry_ambiguous,0.3225806451612903,C:\Users\Shama\OneDrive\Documents\Side_Projects\Side_Projects\IAPrecinctMap\data\2000\20001107__ia__general__precinct.csv,2247
BOONE,HARRISON,,election_geometry_ambiguous,0.3076923076923077,C:\Users\Shama\OneDrive\Documents\Side_Projects\Side_Projects\IAPrecinctMap\data\2000\20001107__ia__general__precinct.csv,2261
BOONE,JACKSON,,election_geometry_ambiguous,0.3333333333333333,C:\Users\Shama\OneDrive\Documents\Side_Projects\Side_Projects\IAPrecinctMap\data\2000\20001107__ia__general__precinct.csv,2273
BOONE,MADRID CITY 1,,election_geometry_ambiguous,0.6428571428571429,C:\Users\Shama\OneDrive\Documents\Side_Projects\Side_Projects\IAPrecinctMap\data\2000\20001107__ia__general__precinct.csv,2287
BOONE,MADRID CITY 2,,election_geometry_ambiguous,0.6428571428571429,C:\Users\Shama\OneDrive\Documents\Side_Projects\Side_Projects\IAPrecinctMap\data\2000\20001107__ia__general__precinct.csv,2301
BOONE,MADRID CITY 3,,election_geometry_ambiguous,0.6428571428571429,C:\Users\Shama\OneDrive\Documents\Side_Projects\Side_Projects\IAPrecinctMap\data\2000\20001107__ia__general__precinct.csv,2315
BOONE,MARCY,,election_geometry_ambiguous,0.3,C:\Users\Shama\OneDrive\Documents\Side_Projects\Side_Projects\IAPrecinctMap\data\2000\20001107__ia__general__precinct.csv,2329
BOONE,PEOPLES,,election_geometry_ambiguous,0.19047619047619047,C:\Users\Shama\OneDrive\Documents\Side_Projects\Side_Projects\IAPrecinctMap\data\2000\20001107__ia__general__precinct.csv,2343
BOONE,PILOT MOUND,,election_geometry_ambiguous,0.32,C:\Users\Shama\OneDrive\Documents\Side_Projects\Side_Projects\IAPrecinctMap\data\2000\20001107__ia__general__precinct.csv,2357
BOONE,UNION & BERKLEY,,election_geometry_ambiguous,0.45161290322580644,C:\Users\Shama\OneDrive\Documents\Side_Projects\Side_Projects\IAPrecinctMap\data\2000\20001107__ia__general__precinct.csv,2369
BOONE,WORTH & LUTHER,,election_geometry_ambiguous,0.4,C:\Users\Shama\OneDrive\Documents\Side_Projects\Side_Projects\IAPrecinctMap\data\2000\20001107__ia__general__precinct.csv,2383
BOONE,YELL & OGDEN,,election_geometry_ambiguous,0.5263157894736842,C:\Users\Shama\OneDrive\Documents\Side_Projects\Side_Projects\IAPrecinctMap\data\2000\20001107__ia__general__precinct.csv,2397
BREMER,ABSENTEE & SPECIAL BALLOTS,,election_geometry_ambiguous,0.32558139534883723,C:\Users\Shama\OneDrive\Documents\Side_Projects\Side_Projects\IAPrecinctMap\data\2000\20001107__ia__general__precinct.csv,2413
BREMER,DAYTON FRANKLIN,,election_geometry_ambiguous,0.42857142857142855,C:\Users\Shama\OneDrive\Documents\Side_Projects\Side_Projects\IAPrecinctMap\data\2000\20001107__ia__general__precinct.csv,2422
BREMER,DOUGLAS EAST POLK,,election_geometry_ambiguous,0.35714285714285715,C:\Users\Shama\OneDrive\Documents\Side_Projects\Side_Projects\IAPrecinctMap\data\2000\20001107__ia__general__precinct.csv,2433
BREMER,FREDERIKA(CITY&TWP) FREMONT TRIPOLI,,election_geometry_ambiguous,0.5245901639344263,C:\Users\Shama\OneDrive\Documents\Side_Projects\Side_Projects\IAPrecinctMap\data\2000\20001107__ia__general__precinct.csv,2444
BREMER,JACKSON JANESVILLE,,election_geometry_ambiguous,0.5416666666666666,C:\Users\Shama\OneDrive\Documents\Side_Projects\Side_Projects\IAPrecinctMap\data\2000\20001107__ia__general__precinct.csv,2455
BREMER,JEFFERSON DENVER CITY,,election_geometry_ambiguous,0.4489795918367347,C:\Users\Shama\OneDrive\Documents\Side_Projects\Side_Projects\IAPrecinctMap\data\2000\20001107__ia__general__precinct.csv,2466
BREMER,LAFAYETTE WARREN,,election_geometry_ambiguous,0.8,C:\Users\Shama\OneDrive\Documents\Side_Projects\Side_Projects\IAPrecinctMap\data\2000\20001107__ia__general__precinct.csv,2477
BREMER,LEROY SUMNER 2,,election_geometry_ambiguous,0.41379310344827586,C:\Users\Shama\OneDrive\Documents\Side_Projects\Side_Projects\IAPrecinctMap\data\2000\20001107__ia__general__precinct.csv,2488
BREMER,MAXFIELD READLYN,,election_geometry_ambiguous,0.45614035087719296,C:\Users\Shama\OneDrive\Documents\Side_Projects\Side_Projects\IAPrecinctMap\data\2000\20001107__ia__general__precinct.csv,2499
BREMER,SUMNER,,election_geometry_ambiguous,0.2857142857142857,C:\Users\Shama\OneDrive\Documents\Side_Projects\Side_Projects\IAPrecinctMap\data\2000\20001107__ia__general__precinct.csv,2510
BREMER,WASHINGTON,,election_geometry_ambiguous,0.4878048780487805,C:\Users\Shama\OneDrive\Documents\Side_Projects\Side_Projects\IAPrecinctMap\data\2000\20001107__ia__general__precinct.csv,2521
BREMER,WAVERLY WARD 1,,election_geometry_ambiguous,0.896551724137931,C:\Users\Shama\OneDrive\Documents\Side_Projects\Side_Projects\IAPrecinctMap\data\2000\20001107__ia__general__precinct.csv,2532
BREMER,WAVERLY WARD 2,,election_geometry_ambiguous,0.896551724137931,C:\Users\Shama\OneDrive\Documents\Side_Projects\Side_Projects\IAPrecinctMap\data\2000\20001107__ia__general__precinct.csv,2543
BREMER,WAVERLY WARD 3,,election_geometry_ambiguous,0.896551724137931,C:\Users\Shama\OneDrive\Documents\Side_Projects\Side_Projects\IAPrecinctMap\data\2000\20001107__ia__general__precinct.csv,2554
BREMER,WAVERLY WARD 4,,election_geometry_ambiguous,0.896551724137931,C:\Users\Shama\OneDrive\Documents\Side_Projects\Side_Projects\IAPrecinctMap\data\2000\20001107__ia__general__precinct.csv,2565
BREMER,WAVERLY WARD 5,,election_geometry_ambiguous,0.896551724137931,C:\Users\Shama\OneDrive\Documents\Side_Projects\Side_Projects\IAPrecinctMap\data\2000\20001107__ia__general__precinct.csv,2576
BREMER,WEST POLK PLAINFIELD,,election_geometry_ambiguous,0.4745762711864407,C:\Users\Shama\OneDrive\Documents\Side_Projects\Side_Projects\IAPrecinctMap\data\2000\20001107__ia__general__precinct.csv,2587
BUCHANAN,ABSENTEE & SPECIAL BALLOTS,,election_geometry_ambiguous,0.3673469387755102,C:\Users\Shama\OneDrive\Documents\Side_Projects\Side_Projects\IAPrecinctMap\data\2000\20001107__ia__general__precinct.csv,2604
BUCHANAN,BUFFALO STANLEY,,election_geometry_ambiguous,0.38095238095238093,C:\Users\Shama\OneDrive\Documents\Side_Projects\Side_Projects\IAPrecinctMap\data\2000\20001107__ia__general__precinct.csv,2613
BUCHANAN,BYRON WINTHROP,,election_geometry_ambiguous,0.7272727272727273,C:\Users\Shama\OneDrive\Documents\Side_Projects\Side_Projects\IAPrecinctMap\data\2000\20001107__ia__general__precinct.csv,2626
BUCHANAN,FAIRBANK,BUCHANAN - FAIRBANK,election_geometry_exact,1.0,C:\Users\Shama\OneDrive\Documents\Side_Projects\Side_Projects\IAPrecinctMap\data\2000\20001107__ia__general__precinct.csv,2639
BUCHANAN,FREMONT MIDDLEFIELD,,election_geometry_ambiguous,0.5945945945945946,C:\Users\Shama\OneDrive\Documents\Side_Projects\Side_Projects\IAPrecinctMap\data\2000\20001107__ia__general__precinct.csv,2652
BUCHANAN,HAZLETON,BUCHANAN - HAZLETON,election_geometry_exact,1.0,C:\Users\Shama\OneDrive\Documents\Side_Projects\Side_Projects\IAPrecinctMap\data\2000\20001107__ia__general__precinct.csv,2665
BUCHANAN,INDEPENDENCE 1 WASHINGTON,,election_geometry_ambiguous,0.7391304347826086,C:\Users\Shama\OneDrive\Documents\Side_Projects\Side_Projects\IAPrecinctMap\data\2000\20001107__ia__general__precinct.csv,2678
BUCHANAN,INDEPENDENCE 2,BUCHANAN - INDEPENDENCE 2ND WARD,election_geometry_prefix,0.98,C:\Users\Shama\OneDrive\Documents\Side_Projects\Side_Projects\IAPrecinctMap\data\2000\20001107__ia__general__precinct.csv,2691
BUCHANAN,INDEPENDENCE 3,BUCHANAN - INDEPENDENCE 3RD WARD,election_geometry_prefix,0.98,C:\Users\Shama\OneDrive\Documents\Side_Projects\Side_Projects\IAPrecinctMap\data\2000\20001107__ia__general__precinct.csv,2704
BUCHANAN,INDEPENDENCE 4,BUCHANAN - INDEPENDENCE 4TH WARD,election_geometry_prefix,0.98,C:\Users\Shama\OneDrive\Documents\Side_Projects\Side_Projects\IAPrecinctMap\data\2000\20001107__ia__general__precinct.csv,2717
BUCHANAN,INDEPENDENCE 5,BUCHANAN - INDEPENDENCE 5TH WARD,election_geometry_prefix,0.98,C:\Users\Shama\OneDrive\Documents\Side_Projects\Side_Projects\IAPrecinctMap\data\2000\20001107__ia__general__precinct.csv,2730
BUCHANAN,JEFFERSON BRANDON,,election_geometry_ambiguous,0.5833333333333334,C:\Users\Shama\OneDrive\Documents\Side_Projects\Side_Projects\IAPrecinctMap\data\2000\20001107__ia__general__precinct.csv,2743
BUCHANAN,LIBERTY QUAS NEWTON,,election_geometry_ambiguous,0.5517241379310345,C:\Users\Shama\OneDrive\Documents\Side_Projects\Side_Projects\IAPrecinctMap\data\2000\20001107__ia__general__precinct.csv,2756
BUCHANAN,MADISON LAMONT,,election_geometry_ambiguous,0.38095238095238093,C:\Users\Shama\OneDrive\Documents\Side_Projects\Side_Projects\IAPrecinctMap\data\2000\20001107__ia__general__precinct.csv,2769
BUCHANAN,PERRY JESUP,,election_geometry_ambiguous,0.72,C:\Users\Shama\OneDrive\Documents\Side_Projects\Side_Projects\IAPrecinctMap\data\2000\20001107__ia__general__precinct.csv,2782
BUCHANAN,SUMNER HOMER CONO,,election_geometry_ambiguous,0.37037037037037035,C:\Users\Shama\OneDrive\Documents\Side_Projects\Side_Projects\IAPrecinctMap\data\2000\20001107__ia__general__precinct.csv,2795
BUCHANAN,WESTBURG,,election_geometry_ambiguous,0.7272727272727273,C:\Users\Shama\OneDrive\Documents\Side_Projects\Side_Projects\IAPrecinctMap\data\2000\20001107__ia__general__precinct.csv,2808
BUENA VISTA,ABSENTEE & SPECIAL BALLOTS,,election_geometry_ambiguous,0.43636363636363634,C:\Users\Shama\OneDrive\Documents\Side_Projects\Side_Projects\IAPrecinctMap\data\2000\20001107__ia__general__precinct.csv,2825
BUENA VISTA,ALTA NOKOMIS,BUENA VISTA - ALTA NOKOMIS ELK,election_geometry_prefix,0.98,C:\Users\Shama\OneDrive\Documents\Side_Projects\Side_Projects\IAPrecinctMap\data\2000\20001107__ia__general__precinct.csv,2834
BUENA VISTA,BROOKE,,election_geometry_ambiguous,0.3157894736842105,C:\Users\Shama\OneDrive\Documents\Side_Projects\Side_Projects\IAPrecinctMap\data\2000\20001107__ia__general__precinct.csv,2844
BUENA VISTA,ELK,,election_geometry_ambiguous,0.3157894736842105,C:\Users\Shama\OneDrive\Documents\Side_Projects\Side_Projects\IAPrecinctMap\data\2000\20001107__ia__general__precinct.csv,2856
BUENA VISTA,FAIRFIELD COON ALBERT CITY,,election_geometry_ambiguous,0.5384615384615384,C:\Users\Shama\OneDrive\Documents\Side_Projects\Side_Projects\IAPrecinctMap\data\2000\20001107__ia__general__precinct.csv,2868
BUENA VISTA,GRANT PROVIDENCE,,election_geometry_ambiguous,0.6,C:\Users\Shama\OneDrive\Documents\Side_Projects\Side_Projects\IAPrecinctMap\data\2000\20001107__ia__general__precinct.csv,2880
BUENA VISTA,HAYES MAPLE VALLEY,,election_geometry_ambiguous,0.8,C:\Users\Shama\OneDrive\Documents\Side_Projects\Side_Projects\IAPrecinctMap\data\2000\20001107__ia__general__precinct.csv,2892
BUENA VISTA,LAKESIDE,BUENA VISTA - LAKESIDE HAYES MAPLE VALLEY,election_geometry_prefix,0.98,C:\Users\Shama\OneDrive\Documents\Side_Projects\Side_Projects\IAPrecinctMap\data\2000\20001107__ia__general__precinct.csv,2904
BUENA VISTA,LEE,,election_geometry_ambiguous,0.25,C:\Users\Shama\OneDrive\Documents\Side_Projects\Side_Projects\IAPrecinctMap\data\2000\20001107__ia__general__precinct.csv,2916
BUENA VISTA,LINCOLN SCOTT,,election_geometry_ambiguous,0.358974358974359,C:\Users\Shama\OneDrive\Documents\Side_Projects\Side_Projects\IAPrecinctMap\data\2000\20001107__ia__general__precinct.csv,2928
BUENA VISTA,LINN GROVE,,election_geometry_ambiguous,0.4117647058823529,C:\Users\Shama\OneDrive\Documents\Side_Projects\Side_Projects\IAPrecinctMap\data\2000\20001107__ia__general__precinct.csv,2940
BUENA VISTA,NEWELL,BUENA VISTA - NEWELL NEWELL PROVIDENCE,election_geometry_prefix,0.98,C:\Users\Shama\OneDrive\Documents\Side_Projects\Side_Projects\IAPrecinctMap\data\2000\20001107__ia__general__precinct.csv,2952
BUENA VISTA,POLAND,,election_geometry_ambiguous,0.3157894736842105,C:\Users\Shama\OneDrive\Documents\Side_Projects\Side_Projects\IAPrecinctMap\data\2000\20001107__ia__general__precinct.csv,2964
BUENA VISTA,REMBRANDT,,election_geometry_ambiguous,0.35294117647058826,C:\Users\Shama\OneDrive\Documents\Side_Projects\Side_Projects\IAPrecinctMap\data\2000\20001107__ia__general__precinct.csv,2976
BUENA VISTA,STORM LAKE 1,BUENA VISTA - STORM LAKE 01,election_geometry_fuzzy,0.96,C:\Users\Shama\OneDrive\Documents\Side_Projects\Side_Projects\IAPrecinctMap\data\2000\20001107__ia__general__precinct.csv,2988
BUENA VISTA,STORM LAKE 2,BUENA VISTA - STORM LAKE 02,election_geometry_fuzzy,0.96,C:\Users\Shama\OneDrive\Documents\Side_Projects\Side_Projects\IAPrecinctMap\data\2000\20001107__ia__general__precinct.csv,3000
BUENA VISTA,STORM LAKE 3,BUENA VISTA - STORM LAKE 03,election_geometry_fuzzy,0.96,C:\Users\Shama\OneDrive\Documents\Side_Projects\Side_Projects\IAPrecinctMap\data\2000\20001107__ia__general__precinct.csv,3012
BUENA VISTA,STORM LAKE 4,BUENA VISTA - STORM LAKE 04,election_geometry_fuzzy,0.96,C:\Users\Shama\OneDrive\Documents\Side_Projects\Side_Projects\IAPrecinctMap\data\2000\20001107__ia__general__precinct.csv,3024
BUENA VISTA,TRUESDALE,BUENA VISTA - TRUESDALE WASHINGTON GRANT,election_geometry_prefix,0.98,C:\Users\Shama\OneDrive\Documents\Side_Projects\Side_Projects\IAPrecinctMap\data\2000\20001107__ia__general__precinct.csv,3036
BUTLER,ABSENTEE & SPECIAL BALLOTS,,election_geometry_ambiguous,0.1875,C:\Users\Shama\OneDrive\Documents\Side_Projects\Side_Projects\IAPrecinctMap\data\2000\20001107__ia__general__precinct.csv,3050
BUTLER,ALBION,,election_geometry_ambiguous,0.4,C:\Users\Shama\OneDrive\Documents\Side_Projects\Side_Projects\IAPrecinctMap\data\2000\20001107__ia__general__precinct.csv,3059
BUTLER,BEAVER,,election_geometry_ambiguous,0.2,C:\Users\Shama\OneDrive\Documents\Side_Projects\Side_Projects\IAPrecinctMap\data\2000\20001107__ia__general__precinct.csv,3081
BUTLER,BENNEZETTE,,election_geometry_ambiguous,0.14285714285714285,C:\Users\Shama\OneDrive\Documents\Side_Projects\Side_Projects\IAPrecinctMap\data\2000\20001107__ia__general__precinct.csv,3092
BUTLER,BUTLER CLARKSVILLE,,election_geometry_ambiguous,0.2727272727272727,C:\Users\Shama\OneDrive\Documents\Side_Projects\Side_Projects\IAPrecinctMap\data\2000\20001107__ia__general__precinct.csv,3070
BUTLER,COLDWATER,,election_geometry_ambiguous,0.3076923076923077,C:\Users\Shama\OneDrive\Documents\Side_Projects\Side_Projects\IAPrecinctMap\data\2000\20001107__ia__general__precinct.csv,3103
BUTLER,DAYTON,,election_geometry_ambiguous,0.2,C:\Users\Shama\OneDrive\Documents\Side_Projects\Side_Projects\IAPrecinctMap\data\2000\20001107__ia__general__precinct.csv,3114
BUTLER,FREMONT,,election_geometry_ambiguous,0.18181818181818182,C:\Users\Shama\OneDrive\Documents\Side_Projects\Side_Projects\IAPrecinctMap\data\2000\20001107__ia__general__precinct.csv,3124
BUTLER,JACKSON JEFFERSON,,election_geometry_ambiguous,0.19047619047619047,C:\Users\Shama\OneDrive\Documents\Side_Projects\Side_Projects\IAPrecinctMap\data\2000\20001107__ia__general__precinct.csv,3134
BUTLER,MONROE,,election_geometry_ambiguous,0.2,C:\Users\Shama\OneDrive\Documents\Side_Projects\Side_Projects\IAPrecinctMap\data\2000\20001107__ia__general__precinct.csv,3145
BUTLER,PITTSFORD,,election_geometry_ambiguous,0.3076923076923077,C:\Users\Shama\OneDrive\Documents\Side_Projects\Side_Projects\IAPrecinctMap\data\2000\20001107__ia__general__precinct.csv,3156
BUTLER,RIPLEY MADISON,,election_geometry_ambiguous,0.2222222222222222,C:\Users\Shama\OneDrive\Documents\Side_Projects\Side_Projects\IAPrecinctMap\data\2000\20001107__ia__general__precinct.csv,3166
BUTLER,SHELL ROCK,,election_geometry_ambiguous,0.2857142857142857,C:\Users\Shama\OneDrive\Documents\Side_Projects\Side_Projects\IAPrecinctMap\data\2000\20001107__ia__general__precinct.csv,3177
BUTLER,WASHINGTON N,,election_geometry_ambiguous,0.25,C:\Users\Shama\OneDrive\Documents\Side_Projects\Side_Projects\IAPrecinctMap\data\2000\20001107__ia__general__precinct.csv,3208
BUTLER,WASHINGTON S,,election_geometry_ambiguous,0.25,C:\Users\Shama\OneDrive\Documents\Side_Projects\Side_Projects\IAPrecinctMap\data\2000\20001107__ia__general__precinct.csv,3219
BUTLER,WEST POINT ALLISON,,election_geometry_ambiguous,0.2727272727272727,C:\Users\Shama\OneDrive\Documents\Side_Projects\Side_Projects\IAPrecinctMap\data\2000\20001107__ia__general__precinct.csv,3188
BUTLER,WEST POINT BRISTOW,,election_geometry_ambiguous,0.2727272727272727,C:\Users\Shama\OneDrive\Documents\Side_Projects\Side_Projects\IAPrecinctMap\data\2000\20001107__ia__general__precinct.csv,3198
CALHOUN,ABSENTEE & SPECIAL BALLOTS,,election_geometry_ambiguous,0.5,C:\Users\Shama\OneDrive\Documents\Side_Projects\Side_Projects\IAPrecinctMap\data\2000\20001107__ia__general__precinct.csv,3232
CALHOUN,BUTLER,CALHOUN - BUTLER-WILLIAMS,election_geometry_prefix,0.98,C:\Users\Shama\OneDrive\Documents\Side_Projects\Side_Projects\IAPrecinctMap\data\2000\20001107__ia__general__precinct.csv,3241
CALHOUN,CALHOUN,CALHOUN - CALHOUN-JACKSON-EG-LK,election_geometry_prefix,0.98,C:\Users\Shama\OneDrive\Documents\Side_Projects\Side_Projects\IAPrecinctMap\data\2000\20001107__ia__general__precinct.csv,3252
CALHOUN,CEDAR 1,CALHOUN - CEDAR,election_geometry_prefix,0.98,C:\Users\Shama\OneDrive\Documents\Side_Projects\Side_Projects\IAPrecinctMap\data\2000\20001107__ia__general__precinct.csv,3263
CALHOUN,CEDAR 2,CALHOUN - CEDAR,election_geometry_prefix,0.98,C:\Users\Shama\OneDrive\Documents\Side_Projects\Side_Projects\IAPrecinctMap\data\2000\20001107__ia__general__precinct.csv,3274
CALHOUN,CENTER,CALHOUN - CENTER-LOGAN-TL-GA-L,election_geometry_prefix,0.98,C:\Users\Shama\OneDrive\Documents\Side_Projects\Side_Projects\IAPrecinctMap\data\2000\20001107__ia__general__precinct.csv,3283
CALHOUN,ELM GROVE,,election_geometry_ambiguous,0.2857142857142857,C:\Users\Shama\OneDrive\Documents\Side_Projects\Side_Projects\IAPrecinctMap\data\2000\20001107__ia__general__precinct.csv,3294
CALHOUN,GARFIELD,,election_geometry_ambiguous,0.4375,C:\Users\Shama\OneDrive\Documents\Side_Projects\Side_Projects\IAPrecinctMap\data\2000\20001107__ia__general__precinct.csv,3305
CALHOUN,GREENFIELD,CALHOUN - GREENFIELD & LINCOLN 2,election_geometry_prefix,0.98,C:\Users\Shama\OneDrive\Documents\Side_Projects\Side_Projects\IAPrecinctMap\data\2000\20001107__ia__general__precinct.csv,3316
CALHOUN,JACKSON,,election_geometry_ambiguous,0.5,C:\Users\Shama\OneDrive\Documents\Side_Projects\Side_Projects\IAPrecinctMap\data\2000\20001107__ia__general__precinct.csv,3327
CALHOUN,LAKE CITY,,election_geometry_ambiguous,0.5454545454545454,C:\Users\Shama\OneDrive\Documents\Side_Projects\Side_Projects\IAPrecinctMap\data\2000\20001107__ia__general__precinct.csv,3338
CALHOUN,LAKE CREEK,,election_geometry_ambiguous,0.3870967741935484,C:\Users\Shama\OneDrive\Documents\Side_Projects\Side_Projects\IAPrecinctMap\data\2000\20001107__ia__general__precinct.csv,3349
CALHOUN,LINCOLN,CALHOUN - LINCOLN 1,election_geometry_prefix,0.98,C:\Users\Shama\OneDrive\Documents\Side_Projects\Side_Projects\IAPrecinctMap\data\2000\20001107__ia__general__precinct.csv,3360
CALHOUN,LOGAN,,election_geometry_ambiguous,0.42857142857142855,C:\Users\Shama\OneDrive\Documents\Side_Projects\Side_Projects\IAPrecinctMap\data\2000\20001107__ia__general__precinct.csv,3371
CALHOUN,READING,CALHOUN - READING,election_geometry_exact,1.0,C:\Users\Shama\OneDrive\Documents\Side_Projects\Side_Projects\IAPrecinctMap\data\2000\20001107__ia__general__precinct.csv,3382
CALHOUN,ROCKWELL CITY,CALHOUN - ROCKWELL CITY,election_geometry_exact,1.0,C:\Users\Shama\OneDrive\Documents\Side_Projects\Side_Projects\IAPrecinctMap\data\2000\20001107__ia__general__precinct.csv,3393
CALHOUN,SHERMAN,CALHOUN - SHERMAN,election_geometry_exact,1.0,C:\Users\Shama\OneDrive\Documents\Side_Projects\Side_Projects\IAPrecinctMap\data\2000\20001107__ia__general__precinct.csv,3404
CALHOUN,TWIN LAKES,,election_geometry_ambiguous,0.48,C:\Users\Shama\OneDrive\Documents\Side_Projects\Side_Projects\IAPrecinctMap\data\2000\20001107__ia__general__precinct.csv,3415
CALHOUN,UNION,CALHOUN - UNION,election_geometry_exact,1.0,C:\Users\Shama\OneDrive\Documents\Side_Projects\Side_Projects\IAPrecinctMap\data\2000\20001107__ia__general__precinct.csv,3426
CALHOUN,WILLIAMS,,election_geometry_ambiguous,0.6956521739130435,C:\Users\Shama\OneDrive\Documents\Side_Projects\Side_Projects\IAPrecinctMap\data\2000\20001107__ia__general__precinct.csv,3437
CARROLL,ABSENTEE & SPECIAL BALLOTS,,election_geometry_ambiguous,0.4225352112676056,C:\Users\Shama\OneDrive\Documents\Side_Projects\Side_Projects\IAPrecinctMap\data\2000\20001107__ia__general__precinct.csv,3454
CARROLL,ARCADIA,CARROLL - ARCADIA,election_geometry_exact,1.0,C:\Users\Shama\OneDrive\Documents\Side_Projects\Side_Projects\IAPrecinctMap\data\2000\20001107__ia__general__precinct.csv,3463
CARROLL,CARROLL 1,,election_geometry_ambiguous,0.64,C:\Users\Shama\OneDrive\Documents\Side_Projects\Side_Projects\IAPrecinctMap\data\2000\20001107__ia__general__precinct.csv,3478
CARROLL,CARROLL 2,,election_geometry_ambiguous,0.64,C:\Users\Shama\OneDrive\Documents\Side_Projects\Side_Projects\IAPrecinctMap\data\2000\20001107__ia__general__precinct.csv,3493
CARROLL,CARROLL 3,,election_geometry_ambiguous,0.64,C:\Users\Shama\OneDrive\Documents\Side_Projects\Side_Projects\IAPrecinctMap\data\2000\20001107__ia__general__precinct.csv,3508
CARROLL,CARROLL 4,,election_geometry_ambiguous,0.64,C:\Users\Shama\OneDrive\Documents\Side_Projects\Side_Projects\IAPrecinctMap\data\2000\20001107__ia__general__precinct.csv,3523
CARROLL,EDEN,CARROLL - EDEN,election_geometry_exact,1.0,C:\Users\Shama\OneDrive\Documents\Side_Projects\Side_Projects\IAPrecinctMap\data\2000\20001107__ia__general__precinct.csv,3538
CARROLL,EWOLDT,CARROLL - EWOLDT,election_geometry_exact,1.0,C:\Users\Shama\OneDrive\Documents\Side_Projects\Side_Projects\IAPrecinctMap\data\2000\20001107__ia__general__precinct.csv,3553
CARROLL,GLIDDEN,CARROLL - GLIDDEN-RICHLAND,election_geometry_prefix,0.98,C:\Users\Shama\OneDrive\Documents\Side_Projects\Side_Projects\IAPrecinctMap\data\2000\20001107__ia__general__precinct.csv,3568
CARROLL,JASPER,,election_geometry_ambiguous,0.4444444444444444,C:\Users\Shama\OneDrive\Documents\Side_Projects\Side_Projects\IAPrecinctMap\data\2000\20001107__ia__general__precinct.csv,3583
CARROLL,NEWTON,,election_geometry_ambiguous,0.5454545454545454,C:\Users\Shama\OneDrive\Documents\Side_Projects\Side_Projects\IAPrecinctMap\data\2000\20001107__ia__general__precinct.csv,3598
CARROLL,PLEASANT VALLEY,CARROLL - PLEASANT VALLEY-NEWTON,election_geometry_prefix,0.98,C:\Users\Shama\OneDrive\Documents\Side_Projects\Side_Projects\IAPrecinctMap\data\2000\20001107__ia__general__precinct.csv,3613
CARROLL,SHERIDAN,CARROLL - SHERIDAN-GRANT-JASPER,election_geometry_prefix,0.98,C:\Users\Shama\OneDrive\Documents\Side_Projects\Side_Projects\IAPrecinctMap\data\2000\20001107__ia__general__precinct.csv,3628
CARROLL,UNION,CARROLL - UNION,election_geometry_exact,1.0,C:\Users\Shama\OneDrive\Documents\Side_Projects\Side_Projects\IAPrecinctMap\data\2000\20001107__ia__general__precinct.csv,3643
CARROLL,WASHINGTON,CARROLL - WASHINGTON-ROSELLE,election_geometry_prefix,0.98,C:\Users\Shama\OneDrive\Documents\Side_Projects\Side_Projects\IAPrecinctMap\data\2000\20001107__ia__general__precinct.csv,3658
CARROLL,WHEATLAND,CARROLL - WHEATLAND-KNIEST,election_geometry_prefix,0.98,C:\Users\Shama\OneDrive\Documents\Side_Projects\Side_Projects\IAPrecinctMap\data\2000\20001107__ia__general__precinct.csv,3673
CASS,ABSENTEE & SPECIAL BALLOTS,,election_geometry_ambiguous,0.38461538461538464,C:\Users\Shama\OneDrive\Documents\Side_Projects\Side_Projects\IAPrecinctMap\data\2000\20001107__ia__general__precinct.csv,3690
CASS,ATLANTIC 1,CASS - ATLANTIC 1/BRIGHTON-GROVE-PYMOSA-WASHINGTON,election_geometry_prefix,0.98,C:\Users\Shama\OneDrive\Documents\Side_Projects\Side_Projects\IAPrecinctMap\data\2000\20001107__ia__general__precinct.csv,3699
CASS,ATLANTIC 2 GROVE 2,,election_geometry_ambiguous,0.7333333333333333,C:\Users\Shama\OneDrive\Documents\Side_Projects\Side_Projects\IAPrecinctMap\data\2000\20001107__ia__general__precinct.csv,3710
CASS,ATLANTIC 3,CASS - ATLANTIC 2/3,election_geometry_fuzzy,0.9090909090909091,C:\Users\Shama\OneDrive\Documents\Side_Projects\Side_Projects\IAPrecinctMap\data\2000\20001107__ia__general__precinct.csv,3721
CASS,ATLANTIC 4,CASS - ATLANTIC 4/5,election_geometry_prefix,0.98,C:\Users\Shama\OneDrive\Documents\Side_Projects\Side_Projects\IAPrecinctMap\data\2000\20001107__ia__general__precinct.csv,3732
CASS,ATLANTIC 5,CASS - ATLANTIC 4/5,election_geometry_fuzzy,0.9090909090909091,C:\Users\Shama\OneDrive\Documents\Side_Projects\Side_Projects\IAPrecinctMap\data\2000\20001107__ia__general__precinct.csv,3743
CASS,BEAR GROVE NOBLE,,election_geometry_ambiguous,0.6341463414634146,C:\Users\Shama\OneDrive\Documents\Side_Projects\Side_Projects\IAPrecinctMap\data\2000\20001107__ia__general__precinct.csv,3754
CASS,BENTON PYMOSA,,election_geometry_ambiguous,0.42424242424242425,C:\Users\Shama\OneDrive\Documents\Side_Projects\Side_Projects\IAPrecinctMap\data\2000\20001107__ia__general__precinct.csv,3765
CASS,BRIGHTON MARNE,,election_geometry_ambiguous,0.42105263157894735,C:\Users\Shama\OneDrive\Documents\Side_Projects\Side_Projects\IAPrecinctMap\data\2000\20001107__ia__general__precinct.csv,3776
CASS,CASS LEWIS,,election_geometry_ambiguous,0.5714285714285714,C:\Users\Shama\OneDrive\Documents\Side_Projects\Side_Projects\IAPrecinctMap\data\2000\20001107__ia__general__precinct.csv,3787
CASS,EDNA VICTORIA,CASS - EDNA-VICTORIA TWP,election_geometry_prefix,0.98,C:\Users\Shama\OneDrive\Documents\Side_Projects\Side_Projects\IAPrecinctMap\data\2000\20001107__ia__general__precinct.csv,3798
CASS,FRANKLIN LINC WIOTA,,election_geometry_ambiguous,0.5833333333333334,C:\Users\Shama\OneDrive\Documents\Side_Projects\Side_Projects\IAPrecinctMap\data\2000\20001107__ia__general__precinct.csv,3809
CASS,GRANT ANITA,,election_geometry_ambiguous,0.45714285714285713,C:\Users\Shama\OneDrive\Documents\Side_Projects\Side_Projects\IAPrecinctMap\data\2000\20001107__ia__general__precinct.csv,3820
CASS,GROVE 1 WASHINGTON,,election_geometry_ambiguous,0.5573770491803278,C:\Users\Shama\OneDrive\Documents\Side_Projects\Side_Projects\IAPrecinctMap\data\2000\20001107__ia__general__precinct.csv,3831
CASS,MASSENA,CASS - MASSENA TWP/MASSENA CITY,election_geometry_prefix,0.98,C:\Users\Shama\OneDrive\Documents\Side_Projects\Side_Projects\IAPrecinctMap\data\2000\20001107__ia__general__precinct.csv,3842
CASS,PLEASANT GRISWOLD,,election_geometry_ambiguous,0.7727272727272727,C:\Users\Shama\OneDrive\Documents\Side_Projects\Side_Projects\IAPrecinctMap\data\2000\20001107__ia__general__precinct.csv,3853
CASS,UNION CUMBERLAND,CASS - UNION TWP/CUMBERLAND,election_geometry_fuzzy,0.8888888888888888,C:\Users\Shama\OneDrive\Documents\Side_Projects\Side_Projects\IAPrecinctMap\data\2000\20001107__ia__general__precinct.csv,3864
CEDAR,ABSENTEE & SPECIAL BALLOTS,,election_geometry_ambiguous,0.3333333333333333,C:\Users\Shama\OneDrive\Documents\Side_Projects\Side_Projects\IAPrecinctMap\data\2000\20001107__ia__general__precinct.csv,3881
CEDAR,CASS RED OAK,,election_geometry_ambiguous,0.5925925925925926,C:\Users\Shama\OneDrive\Documents\Side_Projects\Side_Projects\IAPrecinctMap\data\2000\20001107__ia__general__precinct.csv,3891
CEDAR,CENTER,,election_geometry_ambiguous,0.38095238095238093,C:\Users\Shama\OneDrive\Documents\Side_Projects\Side_Projects\IAPrecinctMap\data\2000\20001107__ia__general__precinct.csv,3907
CEDAR,DAYTON FAIRFIELD,CEDAR - DAYTON/FAIRFIELD,election_geometry_exact,1.0,C:\Users\Shama\OneDrive\Documents\Side_Projects\Side_Projects\IAPrecinctMap\data\2000\20001107__ia__general__precinct.csv,3923
CEDAR,FARMINGTON DURANT,,election_geometry_ambiguous,0.6666666666666666,C:\Users\Shama\OneDrive\Documents\Side_Projects\Side_Projects\IAPrecinctMap\data\2000\20001107__ia__general__precinct.csv,3939
CEDAR,FREMONT STANWOOD,,election_geometry_ambiguous,0.5806451612903226,C:\Users\Shama\OneDrive\Documents\Side_Projects\Side_Projects\IAPrecinctMap\data\2000\20001107__ia__general__precinct.csv,3955
CEDAR,GOWER SPRINGDALE,CEDAR - GOWER/SPRINGDALE,election_geometry_exact,1.0,C:\Users\Shama\OneDrive\Documents\Side_Projects\Side_Projects\IAPrecinctMap\data\2000\20001107__ia__general__precinct.csv,3971
CEDAR,INLAND BENNETT,CEDAR - INLAND,election_geometry_prefix,0.98,C:\Users\Shama\OneDrive\Documents\Side_Projects\Side_Projects\IAPrecinctMap\data\2000\20001107__ia__general__precinct.csv,3987
CEDAR,IOWA ROCHESTER-SUGAR CREEK,,election_geometry_ambiguous,0.5833333333333334,C:\Users\Shama\OneDrive\Documents\Side_Projects\Side_Projects\IAPrecinctMap\data\2000\20001107__ia__general__precinct.csv,4003
CEDAR,LINN PIONEER,CEDAR - LINN/PIONEER,election_geometry_exact,1.0,C:\Users\Shama\OneDrive\Documents\Side_Projects\Side_Projects\IAPrecinctMap\data\2000\20001107__ia__general__precinct.csv,4019
CEDAR,MASSILLON SPRINGFIELD,CEDAR - MASSILLON/SPRINGFIELD,election_geometry_exact,1.0,C:\Users\Shama\OneDrive\Documents\Side_Projects\Side_Projects\IAPrecinctMap\data\2000\20001107__ia__general__precinct.csv,4035
CEDAR,TIPTON 1,CEDAR - TIPTON 1,election_geometry_exact,1.0,C:\Users\Shama\OneDrive\Documents\Side_Projects\Side_Projects\IAPrecinctMap\data\2000\20001107__ia__general__precinct.csv,4051
CEDAR,TIPTON 2,CEDAR - TIPTON 2,election_geometry_exact,1.0,C:\Users\Shama\OneDrive\Documents\Side_Projects\Side_Projects\IAPrecinctMap\data\2000\20001107__ia__general__precinct.csv,4067
CEDAR,TIPTON 3,CEDAR - TIPTON 3,election_geometry_exact,1.0,C:\Users\Shama\OneDrive\Documents\Side_Projects\Side_Projects\IAPrecinctMap\data\2000\20001107__ia__general__precinct.csv,4083
CERRO GORDO,ABSENTEE & SPECIAL BALLOTS,,election_geometry_ambiguous,0.4444444444444444,C:\Users\Shama\OneDrive\Documents\Side_Projects\Side_Projects\IAPrecinctMap\data\2000\20001107__ia__general__precinct.csv,4108
CERRO GORDO,CLEAR LAKE 1,,election_geometry_ambiguous,0.8275862068965517,C:\Users\Shama\OneDrive\Documents\Side_Projects\Side_Projects\IAPrecinctMap\data\2000\20001107__ia__general__precinct.csv,4117
CERRO GORDO,CLEAR LAKE 2,,election_geometry_ambiguous,0.8275862068965517,C:\Users\Shama\OneDrive\Documents\Side_Projects\Side_Projects\IAPrecinctMap\data\2000\20001107__ia__general__precinct.csv,4132
CERRO GORDO,CLEAR LAKE 3,,election_geometry_ambiguous,0.8275862068965517,C:\Users\Shama\OneDrive\Documents\Side_Projects\Side_Projects\IAPrecinctMap\data\2000\20001107__ia__general__precinct.csv,4147
CERRO GORDO,CLEAR LAKE UNION,,election_geometry_ambiguous,0.8421052631578947,C:\Users\Shama\OneDrive\Documents\Side_Projects\Side_Projects\IAPrecinctMap\data\2000\20001107__ia__general__precinct.csv,4162
CERRO GORDO,DOUGHERTY,,election_geometry_ambiguous,0.5625,C:\Users\Shama\OneDrive\Documents\Side_Projects\Side_Projects\IAPrecinctMap\data\2000\20001107__ia__general__precinct.csv,4177
CERRO GORDO,FALLS N PLYMOUTH,CERRO GORDO - FALLS-PLYMOUTH PCT,election_geometry_fuzzy,0.9333333333333333,C:\Users\Shama\OneDrive\Documents\Side_Projects\Side_Projects\IAPrecinctMap\data\2000\20001107__ia__general__precinct.csv,4192
CERRO GORDO,FALLS S ROCK FALLS,CERRO GORDO - FALLS-ROCK FALLS PCT,election_geometry_fuzzy,0.9411764705882353,C:\Users\Shama\OneDrive\Documents\Side_Projects\Side_Projects\IAPrecinctMap\data\2000\20001107__ia__general__precinct.csv,4207
CERRO GORDO,GENESEO BATH EAST,,election_geometry_ambiguous,0.6428571428571429,C:\Users\Shama\OneDrive\Documents\Side_Projects\Side_Projects\IAPrecinctMap\data\2000\20001107__ia__general__precinct.csv,4222
CERRO GORDO,GRANT WEST,,election_geometry_ambiguous,0.47619047619047616,C:\Users\Shama\OneDrive\Documents\Side_Projects\Side_Projects\IAPrecinctMap\data\2000\20001107__ia__general__precinct.csv,4237
CERRO GORDO,GRIMES EAST THORNTON,,election_geometry_ambiguous,0.8571428571428571,C:\Users\Shama\OneDrive\Documents\Side_Projects\Side_Projects\IAPrecinctMap\data\2000\20001107__ia__general__precinct.csv,4252
CERRO GORDO,GRIMES WEST MESERVEY,,election_geometry_ambiguous,0.8571428571428571,C:\Users\Shama\OneDrive\Documents\Side_Projects\Side_Projects\IAPrecinctMap\data\2000\20001107__ia__general__precinct.csv,4267
CERRO GORDO,LAKE,CERRO GORDO - LAKE/LINCOLN TWPS PCT,election_geometry_prefix,0.98,C:\Users\Shama\OneDrive\Documents\Side_Projects\Side_Projects\IAPrecinctMap\data\2000\20001107__ia__general__precinct.csv,4282
CERRO GORDO,LIME CREEK MASON NORTH,,election_geometry_ambiguous,0.8444444444444444,C:\Users\Shama\OneDrive\Documents\Side_Projects\Side_Projects\IAPrecinctMap\data\2000\20001107__ia__general__precinct.csv,4297
CERRO GORDO,LINCOLN GRANT EAST,,election_geometry_ambiguous,0.5714285714285714,C:\Users\Shama\OneDrive\Documents\Side_Projects\Side_Projects\IAPrecinctMap\data\2000\20001107__ia__general__precinct.csv,4312
CERRO GORDO,MASON CITY W1 P1,CERRO GORDO - MASON CITY W-1 P-1,election_geometry_prefix,0.98,C:\Users\Shama\OneDrive\Documents\Side_Projects\Side_Projects\IAPrecinctMap\data\2000\20001107__ia__general__precinct.csv,4327
CERRO GORDO,MASON CITY W1 P2,CERRO GORDO - MASON CITY W-1 P-2,election_geometry_prefix,0.98,C:\Users\Shama\OneDrive\Documents\Side_Projects\Side_Projects\IAPrecinctMap\data\2000\20001107__ia__general__precinct.csv,4342
CERRO GORDO,MASON CITY W1 P3,CERRO GORDO - MASON CITY W-1 P-3,election_geometry_prefix,0.98,C:\Users\Shama\OneDrive\Documents\Side_Projects\Side_Projects\IAPrecinctMap\data\2000\20001107__ia__general__precinct.csv,4357
CERRO GORDO,MASON CITY W2 P1,CERRO GORDO - MASON CITY W-2 P-1,election_geometry_prefix,0.98,C:\Users\Shama\OneDrive\Documents\Side_Projects\Side_Projects\IAPrecinctMap\data\2000\20001107__ia__general__precinct.csv,4372
CERRO GORDO,MASON CITY W2 P2,CERRO GORDO - MASON CITY W-2 P-2,election_geometry_prefix,0.98,C:\Users\Shama\OneDrive\Documents\Side_Projects\Side_Projects\IAPrecinctMap\data\2000\20001107__ia__general__precinct.csv,4387
CERRO GORDO,MASON CITY W2 P3,CERRO GORDO - MASON CITY W-2 P-3,election_geometry_prefix,0.98,C:\Users\Shama\OneDrive\Documents\Side_Projects\Side_Projects\IAPrecinctMap\data\2000\20001107__ia__general__precinct.csv,4402
CERRO GORDO,MASON CITY W3 P1,CERRO GORDO - MASON CITY W-3 P-1,election_geometry_prefix,0.98,C:\Users\Shama\OneDrive\Documents\Side_Projects\Side_Projects\IAPrecinctMap\data\2000\20001107__ia__general__precinct.csv,4417
CERRO GORDO,MASON CITY W3 P2,CERRO GORDO - MASON CITY W-3 P-2,election_geometry_prefix,0.98,C:\Users\Shama\OneDrive\Documents\Side_Projects\Side_Projects\IAPrecinctMap\data\2000\20001107__ia__general__precinct.csv,4432
CERRO GORDO,MASON CITY W3 P3,CERRO GORDO - MASON CITY W-3 P-3,election_geometry_prefix,0.98,C:\Users\Shama\OneDrive\Documents\Side_Projects\Side_Projects\IAPrecinctMap\data\2000\20001107__ia__general__precinct.csv,4447
CERRO GORDO,MASON CITY W4 P1,CERRO GORDO - MASON CITY W-4 P-1,election_geometry_prefix,0.98,C:\Users\Shama\OneDrive\Documents\Side_Projects\Side_Projects\IAPrecinctMap\data\2000\20001107__ia__general__precinct.csv,4462
CERRO GORDO,MASON CITY W4 P2,CERRO GORDO - MASON CITY W-4 P-2,election_geometry_prefix,0.98,C:\Users\Shama\OneDrive\Documents\Side_Projects\Side_Projects\IAPrecinctMap\data\2000\20001107__ia__general__precinct.csv,4477
CERRO GORDO,MASON CITY W4 P3,CERRO GORDO - MASON CITY W-4 P-3,election_geometry_prefix,0.98,C:\Users\Shama\OneDrive\Documents\Side_Projects\Side_Projects\IAPrecinctMap\data\2000\20001107__ia__general__precinct.csv,4492
CERRO GORDO,MASON SOUTH,,election_geometry_ambiguous,0.6428571428571429,C:\Users\Shama\OneDrive\Documents\Side_Projects\Side_Projects\IAPrecinctMap\data\2000\20001107__ia__general__precinct.csv,4507
CERRO GORDO,MT VERNON BATH WEST,,election_geometry_ambiguous,0.6511627906976745,C:\Users\Shama\OneDrive\Documents\Side_Projects\Side_Projects\IAPrecinctMap\data\2000\20001107__ia__general__precinct.csv,4522
CERRO GORDO,OWEN,,election_geometry_ambiguous,0.2962962962962963,C:\Users\Shama\OneDrive\Documents\Side_Projects\Side_Projects\IAPrecinctMap\data\2000\20001107__ia__general__precinct.csv,4537
CERRO GORDO,PLEASANT VALLEY,,election_geometry_ambiguous,0.46153846153846156,C:\Users\Shama\OneDrive\Documents\Side_Projects\Side_Projects\IAPrecinctMap\data\2000\20001107__ia__general__precinct.csv,4552
CERRO GORDO,PORTLAND,CERRO GORDO - PORTLAND-OWEN-DOUGHERTY,election_geometry_prefix,0.98,C:\Users\Shama\OneDrive\Documents\Side_Projects\Side_Projects\IAPrecinctMap\data\2000\20001107__ia__general__precinct.csv,4567
CHEROKEE,ABSENTEE & SPECIAL BALLOTS,,election_geometry_ambiguous,0.3111111111111111,C:\Users\Shama\OneDrive\Documents\Side_Projects\Side_Projects\IAPrecinctMap\data\2000\20001107__ia__general__precinct.csv,4584
CHEROKEE,AFTON,,election_geometry_ambiguous,0.14285714285714285,C:\Users\Shama\OneDrive\Documents\Side_Projects\Side_Projects\IAPrecinctMap\data\2000\20001107__ia__general__precinct.csv,4593
CHEROKEE,AMHERST,,election_geometry_ambiguous,0.35294117647058826,C:\Users\Shama\OneDrive\Documents\Side_Projects\Side_Projects\IAPrecinctMap\data\2000\20001107__ia__general__precinct.csv,4604
CHEROKEE,CEDAR LARRABEE,,election_geometry_ambiguous,0.4166666666666667,C:\Users\Shama\OneDrive\Documents\Side_Projects\Side_Projects\IAPrecinctMap\data\2000\20001107__ia__general__precinct.csv,4615
CHEROKEE,CHEROKEE 1,,election_geometry_ambiguous,0.8,C:\Users\Shama\OneDrive\Documents\Side_Projects\Side_Projects\IAPrecinctMap\data\2000\20001107__ia__general__precinct.csv,4626
CHEROKEE,CHEROKEE 2,,election_geometry_ambiguous,0.8,C:\Users\Shama\OneDrive\Documents\Side_Projects\Side_Projects\IAPrecinctMap\data\2000\20001107__ia__general__precinct.csv,4637
CHEROKEE,CHEROKEE 3,,election_geometry_ambiguous,0.8,C:\Users\Shama\OneDrive\Documents\Side_Projects\Side_Projects\IAPrecinctMap\data\2000\20001107__ia__general__precinct.csv,4648
CHEROKEE,CHEROKEE TWP,,election_geometry_ambiguous,0.7272727272727273,C:\Users\Shama\OneDrive\Documents\Side_Projects\Side_Projects\IAPrecinctMap\data\2000\20001107__ia__general__precinct.csv,4659
CHEROKEE,DIAMOND,,election_geometry_ambiguous,0.26666666666666666,C:\Users\Shama\OneDrive\Documents\Side_Projects\Side_Projects\IAPrecinctMap\data\2000\20001107__ia__general__precinct.csv,4670
CHEROKEE,GRAND MEADOW,,election_geometry_ambiguous,0.41379310344827586,C:\Users\Shama\OneDrive\Documents\Side_Projects\Side_Projects\IAPrecinctMap\data\2000\20001107__ia__general__precinct.csv,4681
CHEROKEE,LIBERTY,,election_geometry_ambiguous,0.4,C:\Users\Shama\OneDrive\Documents\Side_Projects\Side_Projects\IAPrecinctMap\data\2000\20001107__ia__general__precinct.csv,4692
CHEROKEE,MARCUS MARCUS,,election_geometry_ambiguous,0.5333333333333333,C:\Users\Shama\OneDrive\Documents\Side_Projects\Side_Projects\IAPrecinctMap\data\2000\20001107__ia__general__precinct.csv,4703
CHEROKEE,PILOT,,election_geometry_ambiguous,0.18181818181818182,C:\Users\Shama\OneDrive\Documents\Side_Projects\Side_Projects\IAPrecinctMap\data\2000\20001107__ia__general__precinct.csv,4714
CHEROKEE,PITCHER AURELIA,,election_geometry_ambiguous,0.6666666666666666,C:\Users\Shama\OneDrive\Documents\Side_Projects\Side_Projects\IAPrecinctMap\data\2000\20001107__ia__general__precinct.csv,4725
CHEROKEE,ROCK,,election_geometry_ambiguous,0.42857142857142855,C:\Users\Shama\OneDrive\Documents\Side_Projects\Side_Projects\IAPrecinctMap\data\2000\20001107__ia__general__precinct.csv,4736
CHEROKEE,SHERIDAN CLEGHORN,,election_geometry_ambiguous,0.5294117647058824,C:\Users\Shama\OneDrive\Documents\Side_Projects\Side_Projects\IAPrecinctMap\data\2000\20001107__ia__general__precinct.csv,4747
CHEROKEE,SHERIDAN MERIDEN,,election_geometry_ambiguous,0.38461538461538464,C:\Users\Shama\OneDrive\Documents\Side_Projects\Side_Projects\IAPrecinctMap\data\2000\20001107__ia__general__precinct.csv,4758
CHEROKEE,SILVER,,election_geometry_ambiguous,0.25,C:\Users\Shama\OneDrive\Documents\Side_Projects\Side_Projects\IAPrecinctMap\data\2000\20001107__ia__general__precinct.csv,4769
CHEROKEE,SPRING,,election_geometry_ambiguous,0.26666666666666666,C:\Users\Shama\OneDrive\Documents\Side_Projects\Side_Projects\IAPrecinctMap\data\2000\20001107__ia__general__precinct.csv,4780
CHEROKEE,TILDEN,,election_geometry_ambiguous,0.2608695652173913,C:\Users\Shama\OneDrive\Documents\Side_Projects\Side_Projects\IAPrecinctMap\data\2000\20001107__ia__general__precinct.csv,4791
CHEROKEE,WILLOW QUIMBY,,election_geometry_ambiguous,0.6666666666666666,C:\Users\Shama\OneDrive\Documents\Side_Projects\Side_Projects\IAPrecinctMap\data\2000\20001107__ia__general__precinct.csv,4802
CHEROKEE,WILLOW WASHTA,,election_geometry_ambiguous,0.3333333333333333,C:\Users\Shama\OneDrive\Documents\Side_Projects\Side_Projects\IAPrecinctMap\data\2000\20001107__ia__general__precinct.csv,4813
CHICKASAW,ABSENTEE & SPECIAL BALLOTS,,election_geometry_ambiguous,0.32653061224489793,C:\Users\Shama\OneDrive\Documents\Side_Projects\Side_Projects\IAPrecinctMap\data\2000\20001107__ia__general__precinct.csv,4827
CHICKASAW,BASSETT,,election_geometry_ambiguous,0.375,C:\Users\Shama\OneDrive\Documents\Side_Projects\Side_Projects\IAPrecinctMap\data\2000\20001107__ia__general__precinct.csv,4836
CHICKASAW,BRADFORD,CHICKASAW - BRADFORD,election_geometry_exact,1.0,C:\Users\Shama\OneDrive\Documents\Side_Projects\Side_Projects\IAPrecinctMap\data\2000\20001107__ia__general__precinct.csv,4848
CHICKASAW,CHICKASAW SOUTH,CHICKASAW - CHICKASAW,election_geometry_prefix,0.98,C:\Users\Shama\OneDrive\Documents\Side_Projects\Side_Projects\IAPrecinctMap\data\2000\20001107__ia__general__precinct.csv,4860
CHICKASAW,DAYTON SOUTH,,election_geometry_ambiguous,0.5925925925925926,C:\Users\Shama\OneDrive\Documents\Side_Projects\Side_Projects\IAPrecinctMap\data\2000\20001107__ia__general__precinct.csv,4872
CHICKASAW,DEERFIELD,CHICKASAW - DEERFIELD-WASHINGTON 2,election_geometry_prefix,0.98,C:\Users\Shama\OneDrive\Documents\Side_Projects\Side_Projects\IAPrecinctMap\data\2000\20001107__ia__general__precinct.csv,4884
CHICKASAW,DRESDEN,CHICKASAW - DRESDEN-FREDERICKSBURG,election_geometry_prefix,0.98,C:\Users\Shama\OneDrive\Documents\Side_Projects\Side_Projects\IAPrecinctMap\data\2000\20001107__ia__general__precinct.csv,4896
CHICKASAW,FREDERICKSBURG,,election_geometry_ambiguous,0.7777777777777778,C:\Users\Shama\OneDrive\Documents\Side_Projects\Side_Projects\IAPrecinctMap\data\2000\20001107__ia__general__precinct.csv,4908
CHICKASAW,JACKSONVILLE,CHICKASAW - JACKSONVILLE-UTICA,election_geometry_prefix,0.98,C:\Users\Shama\OneDrive\Documents\Side_Projects\Side_Projects\IAPrecinctMap\data\2000\20001107__ia__general__precinct.csv,4920
CHICKASAW,NEW HAMPTON 1,,election_geometry_ambiguous,0.8,C:\Users\Shama\OneDrive\Documents\Side_Projects\Side_Projects\IAPrecinctMap\data\2000\20001107__ia__general__precinct.csv,4932
CHICKASAW,NEW HAMPTON 2,,election_geometry_ambiguous,0.8,C:\Users\Shama\OneDrive\Documents\Side_Projects\Side_Projects\IAPrecinctMap\data\2000\20001107__ia__general__precinct.csv,4944
CHICKASAW,NEW HAMPTON 3,,election_geometry_ambiguous,0.8,C:\Users\Shama\OneDrive\Documents\Side_Projects\Side_Projects\IAPrecinctMap\data\2000\20001107__ia__general__precinct.csv,4956
CHICKASAW,NEW HAMPTON 4,,election_geometry_ambiguous,0.8,C:\Users\Shama\OneDrive\Documents\Side_Projects\Side_Projects\IAPrecinctMap\data\2000\20001107__ia__general__precinct.csv,4968
CHICKASAW,NEW HAMPTON TWP,,election_geometry_ambiguous,0.75,C:\Users\Shama\OneDrive\Documents\Side_Projects\Side_Projects\IAPrecinctMap\data\2000\20001107__ia__general__precinct.csv,4980
CHICKASAW,RICHLAND,,election_geometry_ambiguous,0.6956521739130435,C:\Users\Shama\OneDrive\Documents\Side_Projects\Side_Projects\IAPrecinctMap\data\2000\20001107__ia__general__precinct.csv,4992
CHICKASAW,STAPLETON EAST,CHICKASAW - STAPLETON,election_geometry_prefix,0.98,C:\Users\Shama\OneDrive\Documents\Side_Projects\Side_Projects\IAPrecinctMap\data\2000\20001107__ia__general__precinct.csv,5004
CHICKASAW,UTICA,,election_geometry_ambiguous,0.43478260869565216,C:\Users\Shama\OneDrive\Documents\Side_Projects\Side_Projects\IAPrecinctMap\data\2000\20001107__ia__general__precinct.csv,5016
CHICKASAW,WASHINGTON 1,CHICKASAW - WASHINGTON 1 TOWNSHIP,election_geometry_prefix,0.98,C:\Users\Shama\OneDrive\Documents\Side_Projects\Side_Projects\IAPrecinctMap\data\2000\20001107__ia__general__precinct.csv,5028
CHICKASAW,WASHINGTON 2,,election_geometry_ambiguous,0.7058823529411765,C:\Users\Shama\OneDrive\Documents\Side_Projects\Side_Projects\IAPrecinctMap\data\2000\20001107__ia__general__precinct.csv,5040
CLARKE,ABSENTEE & SPECIAL BALLOTS,,election_geometry_ambiguous,0.2727272727272727,C:\Users\Shama\OneDrive\Documents\Side_Projects\Side_Projects\IAPrecinctMap\data\2000\20001107__ia__general__precinct.csv,5056
CLARKE,MADISON,,election_geometry_ambiguous,0.3076923076923077,C:\Users\Shama\OneDrive\Documents\Side_Projects\Side_Projects\IAPrecinctMap\data\2000\20001107__ia__general__precinct.csv,5066
CLARKE,MURRAY,CLARKE - MURRAY PRECINCT,election_geometry_exact,1.0,C:\Users\Shama\OneDrive\Documents\Side_Projects\Side_Projects\IAPrecinctMap\data\2000\20001107__ia__general__precinct.csv,5080
CLARKE,NORTH MIDDLE,,election_geometry_ambiguous,0.6666666666666666,C:\Users\Shama\OneDrive\Documents\Side_Projects\Side_Projects\IAPrecinctMap\data\2000\20001107__ia__general__precinct.csv,5094
CLARKE,OSCEOLA 1,CLARKE - OSCEOLA 1ST WARD PRECINCT,election_geometry_prefix,0.98,C:\Users\Shama\OneDrive\Documents\Side_Projects\Side_Projects\IAPrecinctMap\data\2000\20001107__ia__general__precinct.csv,5108
CLARKE,OSCEOLA 2,CLARKE - OSCEOLA 2ND WARD PRECINCT,election_geometry_prefix,0.98,C:\Users\Shama\OneDrive\Documents\Side_Projects\Side_Projects\IAPrecinctMap\data\2000\20001107__ia__general__precinct.csv,5122
CLARKE,OSCEOLA 3,CLARKE - OSCEOLA 3RD WARD PRECINCT,election_geometry_prefix,0.98,C:\Users\Shama\OneDrive\Documents\Side_Projects\Side_Projects\IAPrecinctMap\data\2000\20001107__ia__general__precinct.csv,5136
CLARKE,SOUTH MIDDLE,,election_geometry_ambiguous,0.6666666666666666,C:\Users\Shama\OneDrive\Documents\Side_Projects\Side_Projects\IAPrecinctMap\data\2000\20001107__ia__general__precinct.csv,5150
CLARKE,WOODBURN,CLARKE - WOODBURN PRECINCT,election_geometry_exact,1.0,C:\Users\Shama\OneDrive\Documents\Side_Projects\Side_Projects\IAPrecinctMap\data\2000\20001107__ia__general__precinct.csv,5164
CLAY,ABSENTEE & SPECIAL BALLOTS,,election_geometry_ambiguous,0.3,C:\Users\Shama\OneDrive\Documents\Side_Projects\Side_Projects\IAPrecinctMap\data\2000\20001107__ia__general__precinct.csv,5186
CLAY,CLAY,,election_geometry_ambiguous,0.5,C:\Users\Shama\OneDrive\Documents\Side_Projects\Side_Projects\IAPrecinctMap\data\2000\20001107__ia__general__precinct.csv,5195
CLAY,DOUGLAS,CLAY - DOUGLAS-PETERSON,election_geometry_prefix,0.98,C:\Users\Shama\OneDrive\Documents\Side_Projects\Side_Projects\IAPrecinctMap\data\2000\20001107__ia__general__precinct.csv,5209
CLAY,FREEMAN,,election_geometry_ambiguous,0.7368421052631579,C:\Users\Shama\OneDrive\Documents\Side_Projects\Side_Projects\IAPrecinctMap\data\2000\20001107__ia__general__precinct.csv,5223
CLAY,GARFIELD,CLAY - GARFIELD-HERDLAND,election_geometry_prefix,0.98,C:\Users\Shama\OneDrive\Documents\Side_Projects\Side_Projects\IAPrecinctMap\data\2000\20001107__ia__general__precinct.csv,5237
CLAY,GILL GRV GILL GRV,,election_geometry_ambiguous,0.5555555555555556,C:\Users\Shama\OneDrive\Documents\Side_Projects\Side_Projects\IAPrecinctMap\data\2000\20001107__ia__general__precinct.csv,5249
CLAY,GILL GRV GRNVILLE,,election_geometry_ambiguous,0.5,C:\Users\Shama\OneDrive\Documents\Side_Projects\Side_Projects\IAPrecinctMap\data\2000\20001107__ia__general__precinct.csv,5263
CLAY,HERDLAND,,election_geometry_ambiguous,0.64,C:\Users\Shama\OneDrive\Documents\Side_Projects\Side_Projects\IAPrecinctMap\data\2000\20001107__ia__general__precinct.csv,5277
CLAY,LAKE,CLAY - LAKE-FREEMAN,election_geometry_prefix,0.98,C:\Users\Shama\OneDrive\Documents\Side_Projects\Side_Projects\IAPrecinctMap\data\2000\20001107__ia__general__precinct.csv,5289
CLAY,LINCOLN,CLAY - LINCOLN-CLAY,election_geometry_prefix,0.98,C:\Users\Shama\OneDrive\Documents\Side_Projects\Side_Projects\IAPrecinctMap\data\2000\20001107__ia__general__precinct.csv,5303
CLAY,LOGAN,CLAY - LOGAN-GILLETT GROVE,election_geometry_prefix,0.98,C:\Users\Shama\OneDrive\Documents\Side_Projects\Side_Projects\IAPrecinctMap\data\2000\20001107__ia__general__precinct.csv,5317
CLAY,LONE TREE,,election_geometry_ambiguous,0.6428571428571429,C:\Users\Shama\OneDrive\Documents\Side_Projects\Side_Projects\IAPrecinctMap\data\2000\20001107__ia__general__precinct.csv,5331
CLAY,MEADOW,,election_geometry_ambiguous,0.35294117647058826,C:\Users\Shama\OneDrive\Documents\Side_Projects\Side_Projects\IAPrecinctMap\data\2000\20001107__ia__general__precinct.csv,5345
CLAY,PETERSON,,election_geometry_ambiguous,0.6666666666666666,C:\Users\Shama\OneDrive\Documents\Side_Projects\Side_Projects\IAPrecinctMap\data\2000\20001107__ia__general__precinct.csv,5359
CLAY,RIVERTON,,election_geometry_ambiguous,0.4444444444444444,C:\Users\Shama\OneDrive\Documents\Side_Projects\Side_Projects\IAPrecinctMap\data\2000\20001107__ia__general__precinct.csv,5373
CLAY,SIOUX,,election_geometry_ambiguous,0.30303030303030304,C:\Users\Shama\OneDrive\Documents\Side_Projects\Side_Projects\IAPrecinctMap\data\2000\20001107__ia__general__precinct.csv,5387
CLAY,SPENCER 1,,election_geometry_ambiguous,0.782608695652174,C:\Users\Shama\OneDrive\Documents\Side_Projects\Side_Projects\IAPrecinctMap\data\2000\20001107__ia__general__precinct.csv,5401
CLAY,SPENCER 2,,election_geometry_ambiguous,0.782608695652174,C:\Users\Shama\OneDrive\Documents\Side_Projects\Side_Projects\IAPrecinctMap\data\2000\20001107__ia__general__precinct.csv,5415
CLAY,SPENCER 3,,election_geometry_ambiguous,0.782608695652174,C:\Users\Shama\OneDrive\Documents\Side_Projects\Side_Projects\IAPrecinctMap\data\2000\20001107__ia__general__precinct.csv,5429
CLAY,SPENCER 4,,election_geometry_ambiguous,0.782608695652174,C:\Users\Shama\OneDrive\Documents\Side_Projects\Side_Projects\IAPrecinctMap\data\2000\20001107__ia__general__precinct.csv,5443
CLAY,SPENCER 5,,election_geometry_ambiguous,0.782608695652174,C:\Users\Shama\OneDrive\Documents\Side_Projects\Side_Projects\IAPrecinctMap\data\2000\20001107__ia__general__precinct.csv,5457
CLAY,SUMMIT,CLAY - SUMMIT-RIVERTON-SIOUX-MEADOW,election_geometry_prefix,0.98,C:\Users\Shama\OneDrive\Documents\Side_Projects\Side_Projects\IAPrecinctMap\data\2000\20001107__ia__general__precinct.csv,5471
CLAY,WATERFORD,CLAY - WATERFORD-LONE TREE,election_geometry_prefix,0.98,C:\Users\Shama\OneDrive\Documents\Side_Projects\Side_Projects\IAPrecinctMap\data\2000\20001107__ia__general__precinct.csv,5485
CLAYTON,ABSENTEE & SPECIAL BALLOTS,,election_geometry_ambiguous,0.391304347826087,C:\Users\Shama\OneDrive\Documents\Side_Projects\Side_Projects\IAPrecinctMap\data\2000\20001107__ia__general__precinct.csv,5504
CLAYTON,BOARDMAN,CLAYTON - BOARDMAN-HIGHLAND,election_geometry_prefix,0.98,C:\Users\Shama\OneDrive\Documents\Side_Projects\Side_Projects\IAPrecinctMap\data\2000\20001107__ia__general__precinct.csv,5513
CLAYTON,BUENA VISTA,CLAYTON - BUENA VISTA,election_geometry_exact,1.0,C:\Users\Shama\OneDrive\Documents\Side_Projects\Side_Projects\IAPrecinctMap\data\2000\20001107__ia__general__precinct.csv,5527
CLAYTON,CASS,CLAYTON - CASS,election_geometry_exact,1.0,C:\Users\Shama\OneDrive\Documents\Side_Projects\Side_Projects\IAPrecinctMap\data\2000\20001107__ia__general__precinct.csv,5541
CLAYTON,CLAYTON,CLAYTON - CLAYTON-GARNAVILLO,election_geometry_prefix,0.98,C:\Users\Shama\OneDrive\Documents\Side_Projects\Side_Projects\IAPrecinctMap\data\2000\20001107__ia__general__precinct.csv,5555
CLAYTON,COX CREEK,CLAYTON - COX CREEK-SPERRY,election_geometry_prefix,0.98,C:\Users\Shama\OneDrive\Documents\Side_Projects\Side_Projects\IAPrecinctMap\data\2000\20001107__ia__general__precinct.csv,5569
CLAYTON,ELK,CLAYTON - ELK-MALLORY-VOLGA,election_geometry_prefix,0.98,C:\Users\Shama\OneDrive\Documents\Side_Projects\Side_Projects\IAPrecinctMap\data\2000\20001107__ia__general__precinct.csv,5583
CLAYTON,FARMERSBURG,CLAYTON - FARMERSBURG-WAGNER,election_geometry_prefix,0.98,C:\Users\Shama\OneDrive\Documents\Side_Projects\Side_Projects\IAPrecinctMap\data\2000\20001107__ia__general__precinct.csv,5597
CLAYTON,GARNAVILLO,,election_geometry_ambiguous,0.7142857142857143,C:\Users\Shama\OneDrive\Documents\Side_Projects\Side_Projects\IAPrecinctMap\data\2000\20001107__ia__general__precinct.csv,5611
CLAYTON,GIARD,CLAYTON - GIARD-LUANA-MONONA,election_geometry_prefix,0.98,C:\Users\Shama\OneDrive\Documents\Side_Projects\Side_Projects\IAPrecinctMap\data\2000\20001107__ia__general__precinct.csv,5625
CLAYTON,GRAND MEADOW,CLAYTON - GRAND MEADOW,election_geometry_exact,1.0,C:\Users\Shama\OneDrive\Documents\Side_Projects\Side_Projects\IAPrecinctMap\data\2000\20001107__ia__general__precinct.csv,5639
CLAYTON,HIGHLAND,,election_geometry_ambiguous,0.64,C:\Users\Shama\OneDrive\Documents\Side_Projects\Side_Projects\IAPrecinctMap\data\2000\20001107__ia__general__precinct.csv,5653
CLAYTON,JEFFERSON,CLAYTON - JEFFERSON-MILLVILLE,election_geometry_prefix,0.98,C:\Users\Shama\OneDrive\Documents\Side_Projects\Side_Projects\IAPrecinctMap\data\2000\20001107__ia__general__precinct.csv,5667
CLAYTON,LITTLEPORT,,election_geometry_ambiguous,0.42105263157894735,C:\Users\Shama\OneDrive\Documents\Side_Projects\Side_Projects\IAPrecinctMap\data\2000\20001107__ia__general__precinct.csv,5681
CLAYTON,LODOMILLO,CLAYTON - LODOMILLO,election_geometry_exact,1.0,C:\Users\Shama\OneDrive\Documents\Side_Projects\Side_Projects\IAPrecinctMap\data\2000\20001107__ia__general__precinct.csv,5695
CLAYTON,LUANA,,election_geometry_ambiguous,0.43478260869565216,C:\Users\Shama\OneDrive\Documents\Side_Projects\Side_Projects\IAPrecinctMap\data\2000\20001107__ia__general__precinct.csv,5709
CLAYTON,MALLORY,,election_geometry_ambiguous,0.5833333333333334,C:\Users\Shama\OneDrive\Documents\Side_Projects\Side_Projects\IAPrecinctMap\data\2000\20001107__ia__general__precinct.csv,5723
CLAYTON,MARION,CLAYTON - MARION,election_geometry_exact,1.0,C:\Users\Shama\OneDrive\Documents\Side_Projects\Side_Projects\IAPrecinctMap\data\2000\20001107__ia__general__precinct.csv,5737
CLAYTON,MENDON NORTH,CLAYTON - MENDON,election_geometry_prefix,0.98,C:\Users\Shama\OneDrive\Documents\Side_Projects\Side_Projects\IAPrecinctMap\data\2000\20001107__ia__general__precinct.csv,5751
CLAYTON,MENDON SOUTH,CLAYTON - MENDON,election_geometry_prefix,0.98,C:\Users\Shama\OneDrive\Documents\Side_Projects\Side_Projects\IAPrecinctMap\data\2000\20001107__ia__general__precinct.csv,5765
CLAYTON,MILLVILLE,,election_geometry_ambiguous,0.6428571428571429,C:\Users\Shama\OneDrive\Documents\Side_Projects\Side_Projects\IAPrecinctMap\data\2000\20001107__ia__general__precinct.csv,5779
CLAYTON,MONONA,,election_geometry_ambiguous,0.5,C:\Users\Shama\OneDrive\Documents\Side_Projects\Side_Projects\IAPrecinctMap\data\2000\20001107__ia__general__precinct.csv,5793
CLAYTON,READ,CLAYTON - READ,election_geometry_exact,1.0,C:\Users\Shama\OneDrive\Documents\Side_Projects\Side_Projects\IAPrecinctMap\data\2000\20001107__ia__general__precinct.csv,5807
CLAYTON,SPERRY,,election_geometry_ambiguous,0.5454545454545454,C:\Users\Shama\OneDrive\Documents\Side_Projects\Side_Projects\IAPrecinctMap\data\2000\20001107__ia__general__precinct.csv,5821
CLAYTON,VOLGA,,election_geometry_ambiguous,0.45454545454545453,C:\Users\Shama\OneDrive\Documents\Side_Projects\Side_Projects\IAPrecinctMap\data\2000\20001107__ia__general__precinct.csv,5835
CLAYTON,WAGNER,,election_geometry_ambiguous,0.5,C:\Users\Shama\OneDrive\Documents\Side_Projects\Side_Projects\IAPrecinctMap\data\2000\20001107__ia__general__precinct.csv,5849
CLINTON,ABSENTEE & SPECIAL BALLOTS,,election_geometry_ambiguous,0.425531914893617,C:\Users\Shama\OneDrive\Documents\Side_Projects\Side_Projects\IAPrecinctMap\data\2000\20001107__ia__general__precinct.csv,5874
CLINTON,BLOOMFIELD,CLINTON - BLOOMFIELD BROOKFIELD DELMAR,election_geometry_prefix,0.98,C:\Users\Shama\OneDrive\Documents\Side_Projects\Side_Projects\IAPrecinctMap\data\2000\20001107__ia__general__precinct.csv,5884
CLINTON,BROOKFIELD,,election_geometry_ambiguous,0.5263157894736842,C:\Users\Shama\OneDrive\Documents\Side_Projects\Side_Projects\IAPrecinctMap\data\2000\20001107__ia__general__precinct.csv,5899
CLINTON,CAMANCHE CITY 1,,election_geometry_ambiguous,0.8,C:\Users\Shama\OneDrive\Documents\Side_Projects\Side_Projects\IAPrecinctMap\data\2000\20001107__ia__general__precinct.csv,5914
CLINTON,CAMANCHE CITY 2,,election_geometry_ambiguous,0.8,C:\Users\Shama\OneDrive\Documents\Side_Projects\Side_Projects\IAPrecinctMap\data\2000\20001107__ia__general__precinct.csv,5927
CLINTON,CAMANCHE TWP,,election_geometry_ambiguous,0.8275862068965517,C:\Users\Shama\OneDrive\Documents\Side_Projects\Side_Projects\IAPrecinctMap\data\2000\20001107__ia__general__precinct.csv,5940
CLINTON,CENTER,CLINTON - CENTER TWP,election_geometry_prefix,0.98,C:\Users\Shama\OneDrive\Documents\Side_Projects\Side_Projects\IAPrecinctMap\data\2000\20001107__ia__general__precinct.csv,5953
CLINTON,CLINTON W1 P1,CLINTON - CLINTON 1-1,election_geometry_fuzzy,0.9166666666666666,C:\Users\Shama\OneDrive\Documents\Side_Projects\Side_Projects\IAPrecinctMap\data\2000\20001107__ia__general__precinct.csv,5966
CLINTON,CLINTON W1 P2,CLINTON - CLINTON 1-2,election_geometry_fuzzy,0.9166666666666666,C:\Users\Shama\OneDrive\Documents\Side_Projects\Side_Projects\IAPrecinctMap\data\2000\20001107__ia__general__precinct.csv,5979
CLINTON,CLINTON W1 P3,,election_geometry_ambiguous,0.8333333333333334,C:\Users\Shama\OneDrive\Documents\Side_Projects\Side_Projects\IAPrecinctMap\data\2000\20001107__ia__general__precinct.csv,5992
CLINTON,CLINTON W2 P1,CLINTON - CLINTON 2-1,election_geometry_fuzzy,0.9166666666666666,C:\Users\Shama\OneDrive\Documents\Side_Projects\Side_Projects\IAPrecinctMap\data\2000\20001107__ia__general__precinct.csv,6005
CLINTON,CLINTON W2 P2,CLINTON - CLINTON 2-2,election_geometry_fuzzy,0.9166666666666666,C:\Users\Shama\OneDrive\Documents\Side_Projects\Side_Projects\IAPrecinctMap\data\2000\20001107__ia__general__precinct.csv,6018
CLINTON,CLINTON W2 P3,,election_geometry_ambiguous,0.8333333333333334,C:\Users\Shama\OneDrive\Documents\Side_Projects\Side_Projects\IAPrecinctMap\data\2000\20001107__ia__general__precinct.csv,6031
CLINTON,CLINTON W3 P1,CLINTON - CLINTON 3-1,election_geometry_fuzzy,0.9166666666666666,C:\Users\Shama\OneDrive\Documents\Side_Projects\Side_Projects\IAPrecinctMap\data\2000\20001107__ia__general__precinct.csv,6044
CLINTON,CLINTON W3 P2,CLINTON - CLINTON 3-2,election_geometry_fuzzy,0.9166666666666666,C:\Users\Shama\OneDrive\Documents\Side_Projects\Side_Projects\IAPrecinctMap\data\2000\20001107__ia__general__precinct.csv,6057
CLINTON,CLINTON W3 P3,,election_geometry_ambiguous,0.8333333333333334,C:\Users\Shama\OneDrive\Documents\Side_Projects\Side_Projects\IAPrecinctMap\data\2000\20001107__ia__general__precinct.csv,6070
CLINTON,CLINTON W4 P1,CLINTON - CLINTON 4-1,election_geometry_fuzzy,0.9166666666666666,C:\Users\Shama\OneDrive\Documents\Side_Projects\Side_Projects\IAPrecinctMap\data\2000\20001107__ia__general__precinct.csv,6083
CLINTON,CLINTON W4 P2,CLINTON - CLINTON 4-2,election_geometry_fuzzy,0.9166666666666666,C:\Users\Shama\OneDrive\Documents\Side_Projects\Side_Projects\IAPrecinctMap\data\2000\20001107__ia__general__precinct.csv,6096
CLINTON,CLINTON W4 P3,,election_geometry_ambiguous,0.8333333333333334,C:\Users\Shama\OneDrive\Documents\Side_Projects\Side_Projects\IAPrecinctMap\data\2000\20001107__ia__general__precinct.csv,6109
CLINTON,DEEP CREEK,CLINTON - DEEP CREEK GOOSE LAKE,election_geometry_prefix,0.98,C:\Users\Shama\OneDrive\Documents\Side_Projects\Side_Projects\IAPrecinctMap\data\2000\20001107__ia__general__precinct.csv,6122
CLINTON,DEWITT CITY 1,,election_geometry_ambiguous,0.7619047619047619,C:\Users\Shama\OneDrive\Documents\Side_Projects\Side_Projects\IAPrecinctMap\data\2000\20001107__ia__general__precinct.csv,6135
CLINTON,DEWITT CITY 2,,election_geometry_ambiguous,0.7619047619047619,C:\Users\Shama\OneDrive\Documents\Side_Projects\Side_Projects\IAPrecinctMap\data\2000\20001107__ia__general__precinct.csv,6148
CLINTON,DEWITT TWP,CLINTON - DEWITT TWP,election_geometry_exact,1.0,C:\Users\Shama\OneDrive\Documents\Side_Projects\Side_Projects\IAPrecinctMap\data\2000\20001107__ia__general__precinct.csv,6161
CLINTON,EDEN,CLINTON - EDEN CAMANCHE TWP,election_geometry_prefix,0.98,C:\Users\Shama\OneDrive\Documents\Side_Projects\Side_Projects\IAPrecinctMap\data\2000\20001107__ia__general__precinct.csv,6174
CLINTON,ELK RIVER,CLINTON - ELK RIVER HAMPSHIRE ANDOVER,election_geometry_prefix,0.98,C:\Users\Shama\OneDrive\Documents\Side_Projects\Side_Projects\IAPrecinctMap\data\2000\20001107__ia__general__precinct.csv,6187
CLINTON,GRANT,,election_geometry_ambiguous,0.4166666666666667,C:\Users\Shama\OneDrive\Documents\Side_Projects\Side_Projects\IAPrecinctMap\data\2000\20001107__ia__general__precinct.csv,6200
CLINTON,HAMPSHIRE,,election_geometry_ambiguous,0.5,C:\Users\Shama\OneDrive\Documents\Side_Projects\Side_Projects\IAPrecinctMap\data\2000\20001107__ia__general__precinct.csv,6215
CLINTON,LIBERTY,CLINTON - LIBERTY TORONTO,election_geometry_prefix,0.98,C:\Users\Shama\OneDrive\Documents\Side_Projects\Side_Projects\IAPrecinctMap\data\2000\20001107__ia__general__precinct.csv,6228
CLINTON,LOW MOOR,CLINTON - LOW MOOR,election_geometry_exact,1.0,C:\Users\Shama\OneDrive\Documents\Side_Projects\Side_Projects\IAPrecinctMap\data\2000\20001107__ia__general__precinct.csv,6243
CLINTON,OLIVE,CLINTON - OLIVE GRANT CALAMUS,election_geometry_prefix,0.98,C:\Users\Shama\OneDrive\Documents\Side_Projects\Side_Projects\IAPrecinctMap\data\2000\20001107__ia__general__precinct.csv,6256
CLINTON,ORANGE,CLINTON - ORANGE GRAND MOUND,election_geometry_prefix,0.98,C:\Users\Shama\OneDrive\Documents\Side_Projects\Side_Projects\IAPrecinctMap\data\2000\20001107__ia__general__precinct.csv,6271
CLINTON,SHARON,CLINTON - SHARON LOST NATION,election_geometry_prefix,0.98,C:\Users\Shama\OneDrive\Documents\Side_Projects\Side_Projects\IAPrecinctMap\data\2000\20001107__ia__general__precinct.csv,6286
CLINTON,SPRING ROCK,CLINTON - SPRING ROCK WHEATLAND,election_geometry_prefix,0.98,C:\Users\Shama\OneDrive\Documents\Side_Projects\Side_Projects\IAPrecinctMap\data\2000\20001107__ia__general__precinct.csv,6301
CLINTON,WASHINGTON,,election_geometry_ambiguous,0.5882352941176471,C:\Users\Shama\OneDrive\Documents\Side_Projects\Side_Projects\IAPrecinctMap\data\2000\20001107__ia__general__precinct.csv,6316
CLINTON,WATERFORD,CLINTON - WATERFORD CHARLOTTE,election_geometry_prefix,0.98,C:\Users\Shama\OneDrive\Documents\Side_Projects\Side_Projects\IAPrecinctMap\data\2000\20001107__ia__general__precinct.csv,6331
CLINTON,WELTON,CLINTON - WELTON WASHINGTON WELTON,election_geometry_prefix,0.98,C:\Users\Shama\OneDrive\Documents\Side_Projects\Side_Projects\IAPrecinctMap\data\2000\20001107__ia__general__precinct.csv,6346
CRAWFORD,ABSENTEE & SPECIAL BALLOTS,,election_geometry_ambiguous,0.2962962962962963,C:\Users\Shama\OneDrive\Documents\Side_Projects\Side_Projects\IAPrecinctMap\data\2000\20001107__ia__general__precinct.csv,6364
CRAWFORD,ARION,,election_geometry_ambiguous,0.375,C:\Users\Shama\OneDrive\Documents\Side_Projects\Side_Projects\IAPrecinctMap\data\2000\20001107__ia__general__precinct.csv,6373
CRAWFORD,ASPINWALL,,election_geometry_ambiguous,0.34782608695652173,C:\Users\Shama\OneDrive\Documents\Side_Projects\Side_Projects\IAPrecinctMap\data\2000\20001107__ia__general__precinct.csv,6385
CRAWFORD,BUCK GROVE,,election_geometry_ambiguous,0.21052631578947367,C:\Users\Shama\OneDrive\Documents\Side_Projects\Side_Projects\IAPrecinctMap\data\2000\20001107__ia__general__precinct.csv,6396
CRAWFORD,CHARTER OAK,CRAWFORD - CHARTER OAK,election_geometry_exact,1.0,C:\Users\Shama\OneDrive\Documents\Side_Projects\Side_Projects\IAPrecinctMap\data\2000\20001107__ia__general__precinct.csv,6408
CRAWFORD,DELOIT,,election_geometry_ambiguous,0.3125,C:\Users\Shama\OneDrive\Documents\Side_Projects\Side_Projects\IAPrecinctMap\data\2000\20001107__ia__general__precinct.csv,6420
CRAWFORD,DENISON,,election_geometry_ambiguous,0.6666666666666666,C:\Users\Shama\OneDrive\Documents\Side_Projects\Side_Projects\IAPrecinctMap\data\2000\20001107__ia__general__precinct.csv,6432
CRAWFORD,DENISON WARD 1,CRAWFORD - DENISON WARD 1,election_geometry_exact,1.0,C:\Users\Shama\OneDrive\Documents\Side_Projects\Side_Projects\IAPrecinctMap\data\2000\20001107__ia__general__precinct.csv,6444
CRAWFORD,DENISON WARD 2,CRAWFORD - DENISON WARD 2-DENISON TWP,election_geometry_prefix,0.98,C:\Users\Shama\OneDrive\Documents\Side_Projects\Side_Projects\IAPrecinctMap\data\2000\20001107__ia__general__precinct.csv,6456
CRAWFORD,DENISON WARD 3,CRAWFORD - DENISON WARD 3-GOODRICH TWP,election_geometry_prefix,0.98,C:\Users\Shama\OneDrive\Documents\Side_Projects\Side_Projects\IAPrecinctMap\data\2000\20001107__ia__general__precinct.csv,6468
CRAWFORD,DOW CITY,,election_geometry_ambiguous,0.36363636363636365,C:\Users\Shama\OneDrive\Documents\Side_Projects\Side_Projects\IAPrecinctMap\data\2000\20001107__ia__general__precinct.csv,6480
CRAWFORD,KIRON,,election_geometry_ambiguous,0.3157894736842105,C:\Users\Shama\OneDrive\Documents\Side_Projects\Side_Projects\IAPrecinctMap\data\2000\20001107__ia__general__precinct.csv,6492
CRAWFORD,MANILLA,,election_geometry_ambiguous,0.2857142857142857,C:\Users\Shama\OneDrive\Documents\Side_Projects\Side_Projects\IAPrecinctMap\data\2000\20001107__ia__general__precinct.csv,6504
CRAWFORD,RICKETTS,,election_geometry_ambiguous,0.36363636363636365,C:\Users\Shama\OneDrive\Documents\Side_Projects\Side_Projects\IAPrecinctMap\data\2000\20001107__ia__general__precinct.csv,6516
CRAWFORD,SCHLESWIG,,election_geometry_ambiguous,0.4444444444444444,C:\Users\Shama\OneDrive\Documents\Side_Projects\Side_Projects\IAPrecinctMap\data\2000\20001107__ia__general__precinct.csv,6528
CRAWFORD,VAIL,,election_geometry_ambiguous,0.25,C:\Users\Shama\OneDrive\Documents\Side_Projects\Side_Projects\IAPrecinctMap\data\2000\20001107__ia__general__precinct.csv,6540
CRAWFORD,WESTSIDE,,election_geometry_ambiguous,0.35294117647058826,C:\Users\Shama\OneDrive\Documents\Side_Projects\Side_Projects\IAPrecinctMap\data\2000\20001107__ia__general__precinct.csv,6552
DALLAS,ABSENTEE & SPECIAL BALLOTS,,election_geometry_ambiguous,0.35,C:\Users\Shama\OneDrive\Documents\Side_Projects\Side_Projects\IAPrecinctMap\data\2000\20001107__ia__general__precinct.csv,6570
DALLAS,ADAMS,DALLAS - ADAMS,election_geometry_exact,1.0,C:\Users\Shama\OneDrive\Documents\Side_Projects\Side_Projects\IAPrecinctMap\data\2000\20001107__ia__general__precinct.csv,6579
DALLAS,ADEL ADEL,,election_geometry_ambiguous,0.6666666666666666,C:\Users\Shama\OneDrive\Documents\Side_Projects\Side_Projects\IAPrecinctMap\data\2000\20001107__ia__general__precinct.csv,6590
DALLAS,BEAVER,DALLAS - BEAVER/DES MOINES,election_geometry_prefix,0.98,C:\Users\Shama\OneDrive\Documents\Side_Projects\Side_Projects\IAPrecinctMap\data\2000\20001107__ia__general__precinct.csv,6601
DALLAS,BOONE,,election_geometry_ambiguous,0.4,C:\Users\Shama\OneDrive\Documents\Side_Projects\Side_Projects\IAPrecinctMap\data\2000\20001107__ia__general__precinct.csv,6613
DALLAS,COLFAX,DALLAS - COLFAX/ADEL,election_geometry_prefix,0.98,C:\Users\Shama\OneDrive\Documents\Side_Projects\Side_Projects\IAPrecinctMap\data\2000\20001107__ia__general__precinct.csv,6624
DALLAS,DALLAS,,election_geometry_ambiguous,0.5454545454545454,C:\Users\Shama\OneDrive\Documents\Side_Projects\Side_Projects\IAPrecinctMap\data\2000\20001107__ia__general__precinct.csv,6635
DALLAS,DALLAS CENTER,,election_geometry_ambiguous,0.6842105263157895,C:\Users\Shama\OneDrive\Documents\Side_Projects\Side_Projects\IAPrecinctMap\data\2000\20001107__ia__general__precinct.csv,6644
DALLAS,DES MOINES,,election_geometry_ambiguous,0.7407407407407407,C:\Users\Shama\OneDrive\Documents\Side_Projects\Side_Projects\IAPrecinctMap\data\2000\20001107__ia__general__precinct.csv,6657
DALLAS,DESOTO,DALLAS - DE SOTO,election_geometry_prefix,0.98,C:\Users\Shama\OneDrive\Documents\Side_Projects\Side_Projects\IAPrecinctMap\data\2000\20001107__ia__general__precinct.csv,6670
DALLAS,DEXTER UNION,,election_geometry_ambiguous,0.5882352941176471,C:\Users\Shama\OneDrive\Documents\Side_Projects\Side_Projects\IAPrecinctMap\data\2000\20001107__ia__general__precinct.csv,6681
DALLAS,GRANT,,election_geometry_ambiguous,0.42857142857142855,C:\Users\Shama\OneDrive\Documents\Side_Projects\Side_Projects\IAPrecinctMap\data\2000\20001107__ia__general__precinct.csv,6692
DALLAS,LINCOLN,DALLAS - LINCOLN/WASHINGTON/LINN,election_geometry_prefix,0.98,C:\Users\Shama\OneDrive\Documents\Side_Projects\Side_Projects\IAPrecinctMap\data\2000\20001107__ia__general__precinct.csv,6705
DALLAS,LINN,,election_geometry_ambiguous,0.4444444444444444,C:\Users\Shama\OneDrive\Documents\Side_Projects\Side_Projects\IAPrecinctMap\data\2000\20001107__ia__general__precinct.csv,6714
DALLAS,PERRY 1,DALLAS - PERRY 1,election_geometry_exact,1.0,C:\Users\Shama\OneDrive\Documents\Side_Projects\Side_Projects\IAPrecinctMap\data\2000\20001107__ia__general__precinct.csv,6725
DALLAS,PERRY 2,DALLAS - PERRY 2,election_geometry_exact,1.0,C:\Users\Shama\OneDrive\Documents\Side_Projects\Side_Projects\IAPrecinctMap\data\2000\20001107__ia__general__precinct.csv,6736
DALLAS,PERRY 3,DALLAS - PERRY 3,election_geometry_exact,1.0,C:\Users\Shama\OneDrive\Documents\Side_Projects\Side_Projects\IAPrecinctMap\data\2000\20001107__ia__general__precinct.csv,6747
DALLAS,REDFIELD,,election_geometry_ambiguous,0.42857142857142855,C:\Users\Shama\OneDrive\Documents\Side_Projects\Side_Projects\IAPrecinctMap\data\2000\20001107__ia__general__precinct.csv,6758
DALLAS,SP VALLEY WASHINGTON,,election_geometry_ambiguous,0.6046511627906976,C:\Users\Shama\OneDrive\Documents\Side_Projects\Side_Projects\IAPrecinctMap\data\2000\20001107__ia__general__precinct.csv,6769
DALLAS,SUGAR GROVE,DALLAS - SUGAR GROVE/DALLAS CENTER,election_geometry_prefix,0.98,C:\Users\Shama\OneDrive\Documents\Side_Projects\Side_Projects\IAPrecinctMap\data\2000\20001107__ia__general__precinct.csv,6780
DALLAS,VAN METER VAN METER,DALLAS - VAN METER,election_geometry_prefix,0.98,C:\Users\Shama\OneDrive\Documents\Side_Projects\Side_Projects\IAPrecinctMap\data\2000\20001107__ia__general__precinct.csv,6793
DALLAS,WALNUT,DALLAS - WALNUT/GRIMES/GRANT,election_geometry_prefix,0.98,C:\Users\Shama\OneDrive\Documents\Side_Projects\Side_Projects\IAPrecinctMap\data\2000\20001107__ia__general__precinct.csv,6804
DAVIS,ABSENTEE & SPECIAL BALLOTS,,election_geometry_ambiguous,0.2857142857142857,C:\Users\Shama\OneDrive\Documents\Side_Projects\Side_Projects\IAPrecinctMap\data\2000\20001107__ia__general__precinct.csv,6819
DAVIS,BLOOMFIELD WARD 1,DAVIS - BLOOMFIELD,election_geometry_prefix,0.98,C:\Users\Shama\OneDrive\Documents\Side_Projects\Side_Projects\IAPrecinctMap\data\2000\20001107__ia__general__precinct.csv,6829
DAVIS,BLOOMFIELD WARD 2,DAVIS - BLOOMFIELD,election_geometry_prefix,0.98,C:\Users\Shama\OneDrive\Documents\Side_Projects\Side_Projects\IAPrecinctMap\data\2000\20001107__ia__general__precinct.csv,6843
DAVIS,BLOOMFIELD WARD 3,DAVIS - BLOOMFIELD,election_geometry_prefix,0.98,C:\Users\Shama\OneDrive\Documents\Side_Projects\Side_Projects\IAPrecinctMap\data\2000\20001107__ia__general__precinct.csv,6857
DAVIS,CLEVELAND,,election_geometry_ambiguous,0.42105263157894735,C:\Users\Shama\OneDrive\Documents\Side_Projects\Side_Projects\IAPrecinctMap\data\2000\20001107__ia__general__precinct.csv,6871
DAVIS,DRAKESVILLE,,election_geometry_ambiguous,0.3333333333333333,C:\Users\Shama\OneDrive\Documents\Side_Projects\Side_Projects\IAPrecinctMap\data\2000\20001107__ia__general__precinct.csv,6885
DAVIS,FABIUS,,election_geometry_ambiguous,0.26666666666666666,C:\Users\Shama\OneDrive\Documents\Side_Projects\Side_Projects\IAPrecinctMap\data\2000\20001107__ia__general__precinct.csv,6899
DAVIS,FOX RIVER,,election_geometry_ambiguous,0.3333333333333333,C:\Users\Shama\OneDrive\Documents\Side_Projects\Side_Projects\IAPrecinctMap\data\2000\20001107__ia__general__precinct.csv,6913
DAVIS,GROVE,,election_geometry_ambiguous,0.2857142857142857,C:\Users\Shama\OneDrive\Documents\Side_Projects\Side_Projects\IAPrecinctMap\data\2000\20001107__ia__general__precinct.csv,6927
DAVIS,LICK CREEK,,election_geometry_ambiguous,0.3,C:\Users\Shama\OneDrive\Documents\Side_Projects\Side_Projects\IAPrecinctMap\data\2000\20001107__ia__general__precinct.csv,6941
DAVIS,MARION,,election_geometry_ambiguous,0.25,C:\Users\Shama\OneDrive\Documents\Side_Projects\Side_Projects\IAPrecinctMap\data\2000\20001107__ia__general__precinct.csv,6955
DAVIS,PERRY,,election_geometry_ambiguous,0.3333333333333333,C:\Users\Shama\OneDrive\Documents\Side_Projects\Side_Projects\IAPrecinctMap\data\2000\20001107__ia__general__precinct.csv,6969
DAVIS,PRAIRIE,,election_geometry_ambiguous,0.2857142857142857,C:\Users\Shama\OneDrive\Documents\Side_Projects\Side_Projects\IAPrecinctMap\data\2000\20001107__ia__general__precinct.csv,6983
DAVIS,ROSCOE,,election_geometry_ambiguous,0.375,C:\Users\Shama\OneDrive\Documents\Side_Projects\Side_Projects\IAPrecinctMap\data\2000\20001107__ia__general__precinct.csv,6997
DAVIS,SALT CREEK,,election_geometry_ambiguous,0.3157894736842105,C:\Users\Shama\OneDrive\Documents\Side_Projects\Side_Projects\IAPrecinctMap\data\2000\20001107__ia__general__precinct.csv,7011
DAVIS,SOAP CREEK,,election_geometry_ambiguous,0.3157894736842105,C:\Users\Shama\OneDrive\Documents\Side_Projects\Side_Projects\IAPrecinctMap\data\2000\20001107__ia__general__precinct.csv,7025
DAVIS,UNION,,election_geometry_ambiguous,0.2857142857142857,C:\Users\Shama\OneDrive\Documents\Side_Projects\Side_Projects\IAPrecinctMap\data\2000\20001107__ia__general__precinct.csv,7039
DAVIS,WEST GROVE,,election_geometry_ambiguous,0.42105263157894735,C:\Users\Shama\OneDrive\Documents\Side_Projects\Side_Projects\IAPrecinctMap\data\2000\20001107__ia__general__precinct.csv,7053
DAVIS,WYACONDAH,,election_geometry_ambiguous,0.21052631578947367,C:\Users\Shama\OneDrive\Documents\Side_Projects\Side_Projects\IAPrecinctMap\data\2000\20001107__ia__general__precinct.csv,7067
DECATUR,ABSENTEE & SPECIAL BALLOTS,,election_geometry_ambiguous,0.32558139534883723,C:\Users\Shama\OneDrive\Documents\Side_Projects\Side_Projects\IAPrecinctMap\data\2000\20001107__ia__general__precinct.csv,7085
DECATUR,BLOOMINGTON,,election_geometry_ambiguous,0.43478260869565216,C:\Users\Shama\OneDrive\Documents\Side_Projects\Side_Projects\IAPrecinctMap\data\2000\20001107__ia__general__precinct.csv,7095
DECATUR,BURRELL NEW BUDA,,election_geometry_ambiguous,0.36363636363636365,C:\Users\Shama\OneDrive\Documents\Side_Projects\Side_Projects\IAPrecinctMap\data\2000\20001107__ia__general__precinct.csv,7109
DECATUR,CENTER EDEN,,election_geometry_ambiguous,0.6666666666666666,C:\Users\Shama\OneDrive\Documents\Side_Projects\Side_Projects\IAPrecinctMap\data\2000\20001107__ia__general__precinct.csv,7123
DECATUR,DECATUR,,election_geometry_ambiguous,0.6363636363636364,C:\Users\Shama\OneDrive\Documents\Side_Projects\Side_Projects\IAPrecinctMap\data\2000\20001107__ia__general__precinct.csv,7137
DECATUR,FAYETTE,,election_geometry_ambiguous,0.35714285714285715,C:\Users\Shama\OneDrive\Documents\Side_Projects\Side_Projects\IAPrecinctMap\data\2000\20001107__ia__general__precinct.csv,7151
DECATUR,FRANKLIN,,election_geometry_ambiguous,0.41379310344827586,C:\Users\Shama\OneDrive\Documents\Side_Projects\Side_Projects\IAPrecinctMap\data\2000\20001107__ia__general__precinct.csv,7165
DECATUR,GARDEN GROVE,,election_geometry_ambiguous,0.6153846153846154,C:\Users\Shama\OneDrive\Documents\Side_Projects\Side_Projects\IAPrecinctMap\data\2000\20001107__ia__general__precinct.csv,7179
DECATUR,GRAND RIVER RICHLAND,,election_geometry_ambiguous,0.5945945945945946,C:\Users\Shama\OneDrive\Documents\Side_Projects\Side_Projects\IAPrecinctMap\data\2000\20001107__ia__general__precinct.csv,7193
DECATUR,HAMILTON MORGAN,,election_geometry_ambiguous,0.3333333333333333,C:\Users\Shama\OneDrive\Documents\Side_Projects\Side_Projects\IAPrecinctMap\data\2000\20001107__ia__general__precinct.csv,7207
DECATUR,HIGH POINT WOODLAND,,election_geometry_ambiguous,0.35,C:\Users\Shama\OneDrive\Documents\Side_Projects\Side_Projects\IAPrecinctMap\data\2000\20001107__ia__general__precinct.csv,7221
DECATUR,LAMONI 1,,election_geometry_ambiguous,0.6,C:\Users\Shama\OneDrive\Documents\Side_Projects\Side_Projects\IAPrecinctMap\data\2000\20001107__ia__general__precinct.csv,7235
DECATUR,LAMONI 2,,election_geometry_ambiguous,0.6,C:\Users\Shama\OneDrive\Documents\Side_Projects\Side_Projects\IAPrecinctMap\data\2000\20001107__ia__general__precinct.csv,7249
DECATUR,LAMONI 3,,election_geometry_ambiguous,0.6,C:\Users\Shama\OneDrive\Documents\Side_Projects\Side_Projects\IAPrecinctMap\data\2000\20001107__ia__general__precinct.csv,7263
DECATUR,LEON,,election_geometry_ambiguous,0.5714285714285714,C:\Users\Shama\OneDrive\Documents\Side_Projects\Side_Projects\IAPrecinctMap\data\2000\20001107__ia__general__precinct.csv,7277
DECATUR,LONG CREEK,,election_geometry_ambiguous,0.37037037037037035,C:\Users\Shama\OneDrive\Documents\Side_Projects\Side_Projects\IAPrecinctMap\data\2000\20001107__ia__general__precinct.csv,7291
DELAWARE,ABSENTEE & SPECIAL BALLOTS,,election_geometry_ambiguous,0.35555555555555557,C:\Users\Shama\OneDrive\Documents\Side_Projects\Side_Projects\IAPrecinctMap\data\2000\20001107__ia__general__precinct.csv,7310
DELAWARE,ADAMS,DELAWARE - ADAMS/HAZEL GREEN,election_geometry_prefix,0.98,C:\Users\Shama\OneDrive\Documents\Side_Projects\Side_Projects\IAPrecinctMap\data\2000\20001107__ia__general__precinct.csv,7318
DELAWARE,BREMEN N,,election_geometry_ambiguous,0.42857142857142855,C:\Users\Shama\OneDrive\Documents\Side_Projects\Side_Projects\IAPrecinctMap\data\2000\20001107__ia__general__precinct.csv,7330
DELAWARE,COFFINS GROVE,,election_geometry_ambiguous,0.7428571428571429,C:\Users\Shama\OneDrive\Documents\Side_Projects\Side_Projects\IAPrecinctMap\data\2000\20001107__ia__general__precinct.csv,7339
DELAWARE,COLONY,DELAWARE - COLONY,election_geometry_exact,1.0,C:\Users\Shama\OneDrive\Documents\Side_Projects\Side_Projects\IAPrecinctMap\data\2000\20001107__ia__general__precinct.csv,7351
DELAWARE,DELAWARE EAST,DELAWARE - DELAWARE,election_geometry_prefix,0.98,C:\Users\Shama\OneDrive\Documents\Side_Projects\Side_Projects\IAPrecinctMap\data\2000\20001107__ia__general__precinct.csv,7360
DELAWARE,DELAWARE WEST,DELAWARE - DELAWARE,election_geometry_prefix,0.98,C:\Users\Shama\OneDrive\Documents\Side_Projects\Side_Projects\IAPrecinctMap\data\2000\20001107__ia__general__precinct.csv,7372
DELAWARE,DELHI,DELAWARE - DELHI/DELAWARE CORP,election_geometry_prefix,0.98,C:\Users\Shama\OneDrive\Documents\Side_Projects\Side_Projects\IAPrecinctMap\data\2000\20001107__ia__general__precinct.csv,7384
DELAWARE,ELK,,election_geometry_ambiguous,0.36363636363636365,C:\Users\Shama\OneDrive\Documents\Side_Projects\Side_Projects\IAPrecinctMap\data\2000\20001107__ia__general__precinct.csv,7393
DELAWARE,HAZEL GREEN,,election_geometry_ambiguous,0.7857142857142857,C:\Users\Shama\OneDrive\Documents\Side_Projects\Side_Projects\IAPrecinctMap\data\2000\20001107__ia__general__precinct.csv,7405
DELAWARE,HONEY CREEK,DELAWARE - HONEY CREEK/ELK,election_geometry_prefix,0.98,C:\Users\Shama\OneDrive\Documents\Side_Projects\Side_Projects\IAPrecinctMap\data\2000\20001107__ia__general__precinct.csv,7417
DELAWARE,MANCHESTER 1,,election_geometry_ambiguous,0.8275862068965517,C:\Users\Shama\OneDrive\Documents\Side_Projects\Side_Projects\IAPrecinctMap\data\2000\20001107__ia__general__precinct.csv,7429
DELAWARE,MANCHESTER 2,,election_geometry_ambiguous,0.8275862068965517,C:\Users\Shama\OneDrive\Documents\Side_Projects\Side_Projects\IAPrecinctMap\data\2000\20001107__ia__general__precinct.csv,7441
DELAWARE,MANCHESTER 3,,election_geometry_ambiguous,0.8275862068965517,C:\Users\Shama\OneDrive\Documents\Side_Projects\Side_Projects\IAPrecinctMap\data\2000\20001107__ia__general__precinct.csv,7453
DELAWARE,MILO,DELAWARE - MILO/PRAIRIE,election_geometry_prefix,0.98,C:\Users\Shama\OneDrive\Documents\Side_Projects\Side_Projects\IAPrecinctMap\data\2000\20001107__ia__general__precinct.csv,7465
DELAWARE,N FORK BREMEN S-DYERSVILLE,,election_geometry_ambiguous,0.5652173913043478,C:\Users\Shama\OneDrive\Documents\Side_Projects\Side_Projects\IAPrecinctMap\data\2000\20001107__ia__general__precinct.csv,7477
DELAWARE,ONEIDA,DELAWARE - ONEIDA/N FORK/BREMEN,election_geometry_prefix,0.98,C:\Users\Shama\OneDrive\Documents\Side_Projects\Side_Projects\IAPrecinctMap\data\2000\20001107__ia__general__precinct.csv,7486
DELAWARE,PRAIRIE,,election_geometry_ambiguous,0.7368421052631579,C:\Users\Shama\OneDrive\Documents\Side_Projects\Side_Projects\IAPrecinctMap\data\2000\20001107__ia__general__precinct.csv,7498
DELAWARE,RICHLAND,DELAWARE - RICHLAND/COFFINS GROVE,election_geometry_prefix,0.98,C:\Users\Shama\OneDrive\Documents\Side_Projects\Side_Projects\IAPrecinctMap\data\2000\20001107__ia__general__precinct.csv,7510
DELAWARE,SOUTH FORK,DELAWARE - SOUTH FORK/UNION,election_geometry_prefix,0.98,C:\Users\Shama\OneDrive\Documents\Side_Projects\Side_Projects\IAPrecinctMap\data\2000\20001107__ia__general__precinct.csv,7522
DELAWARE,UNION,,election_geometry_ambiguous,0.47619047619047616,C:\Users\Shama\OneDrive\Documents\Side_Projects\Side_Projects\IAPrecinctMap\data\2000\20001107__ia__general__precinct.csv,7531
DES MOINES,ABSENTEE & SPECIAL BALLOTS,,election_geometry_ambiguous,0.12121212121212122,C:\Users\Shama\OneDrive\Documents\Side_Projects\Side_Projects\IAPrecinctMap\data\2000\20001107__ia__general__precinct.csv,7549
DES MOINES,BENTON TAMA,,election_geometry_ambiguous,0.375,C:\Users\Shama\OneDrive\Documents\Side_Projects\Side_Projects\IAPrecinctMap\data\2000\20001107__ia__general__precinct.csv,7559
DES MOINES,BURLINGTON 1,,election_geometry_ambiguous,0.47058823529411764,C:\Users\Shama\OneDrive\Documents\Side_Projects\Side_Projects\IAPrecinctMap\data\2000\20001107__ia__general__precinct.csv,7573
DES MOINES,BURLINGTON 10,,election_geometry_ambiguous,0.4444444444444444,C:\Users\Shama\OneDrive\Documents\Side_Projects\Side_Projects\IAPrecinctMap\data\2000\20001107__ia__general__precinct.csv,7708
DES MOINES,BURLINGTON 11,,election_geometry_ambiguous,0.4444444444444444,C:\Users\Shama\OneDrive\Documents\Side_Projects\Side_Projects\IAPrecinctMap\data\2000\20001107__ia__general__precinct.csv,7723
DES MOINES,BURLINGTON 12,,election_geometry_ambiguous,0.4444444444444444,C:\Users\Shama\OneDrive\Documents\Side_Projects\Side_Projects\IAPrecinctMap\data\2000\20001107__ia__general__precinct.csv,7738
DES MOINES,BURLINGTON 2,,election_geometry_ambiguous,0.47058823529411764,C:\Users\Shama\OneDrive\Documents\Side_Projects\Side_Projects\IAPrecinctMap\data\2000\20001107__ia__general__precinct.csv,7588
DES MOINES,BURLINGTON 3,,election_geometry_ambiguous,0.47058823529411764,C:\Users\Shama\OneDrive\Documents\Side_Projects\Side_Projects\IAPrecinctMap\data\2000\20001107__ia__general__precinct.csv,7603
DES MOINES,BURLINGTON 4,,election_geometry_ambiguous,0.47058823529411764,C:\Users\Shama\OneDrive\Documents\Side_Projects\Side_Projects\IAPrecinctMap\data\2000\20001107__ia__general__precinct.csv,7618
DES MOINES,BURLINGTON 5,,election_geometry_ambiguous,0.47058823529411764,C:\Users\Shama\OneDrive\Documents\Side_Projects\Side_Projects\IAPrecinctMap\data\2000\20001107__ia__general__precinct.csv,7633
DES MOINES,BURLINGTON 6,,election_geometry_ambiguous,0.47058823529411764,C:\Users\Shama\OneDrive\Documents\Side_Projects\Side_Projects\IAPrecinctMap\data\2000\20001107__ia__general__precinct.csv,7648
DES MOINES,BURLINGTON 7 & CONCORDIA,,election_geometry_ambiguous,0.25806451612903225,C:\Users\Shama\OneDrive\Documents\Side_Projects\Side_Projects\IAPrecinctMap\data\2000\20001107__ia__general__precinct.csv,7663
DES MOINES,BURLINGTON 8,,election_geometry_ambiguous,0.47058823529411764,C:\Users\Shama\OneDrive\Documents\Side_Projects\Side_Projects\IAPrecinctMap\data\2000\20001107__ia__general__precinct.csv,7678
DES MOINES,BURLINGTON 9,,election_geometry_ambiguous,0.47058823529411764,C:\Users\Shama\OneDrive\Documents\Side_Projects\Side_Projects\IAPrecinctMap\data\2000\20001107__ia__general__precinct.csv,7693
DES MOINES,DANVILLE MIDDLETOWN,,election_geometry_ambiguous,0.3333333333333333,C:\Users\Shama\OneDrive\Documents\Side_Projects\Side_Projects\IAPrecinctMap\data\2000\20001107__ia__general__precinct.csv,7753
DES MOINES,FLINT RIVER,,election_geometry_ambiguous,0.25,C:\Users\Shama\OneDrive\Documents\Side_Projects\Side_Projects\IAPrecinctMap\data\2000\20001107__ia__general__precinct.csv,7767
DES MOINES,FRANKLIN,,election_geometry_ambiguous,0.46153846153846156,C:\Users\Shama\OneDrive\Documents\Side_Projects\Side_Projects\IAPrecinctMap\data\2000\20001107__ia__general__precinct.csv,7781
DES MOINES,HURON JACKSON,,election_geometry_ambiguous,0.3333333333333333,C:\Users\Shama\OneDrive\Documents\Side_Projects\Side_Projects\IAPrecinctMap\data\2000\20001107__ia__general__precinct.csv,7795
DES MOINES,PLEASANT GROVE WASH,,election_geometry_ambiguous,0.19047619047619047,C:\Users\Shama\OneDrive\Documents\Side_Projects\Side_Projects\IAPrecinctMap\data\2000\20001107__ia__general__precinct.csv,7809
DES MOINES,UNION,DES MOINES - PCT UNION,election_geometry_exact,1.0,C:\Users\Shama\OneDrive\Documents\Side_Projects\Side_Projects\IAPrecinctMap\data\2000\20001107__ia__general__precinct.csv,7821
DES MOINES,WEST BURLINGTON,,election_geometry_ambiguous,0.4,C:\Users\Shama\OneDrive\Documents\Side_Projects\Side_Projects\IAPrecinctMap\data\2000\20001107__ia__general__precinct.csv,7835
DES MOINES,YELLOW SPRINGS,,election_geometry_ambiguous,0.21052631578947367,C:\Users\Shama\OneDrive\Documents\Side_Projects\Side_Projects\IAPrecinctMap\data\2000\20001107__ia__general__precinct.csv,7849
DICKINSON,ABSENTEE & SPECIAL BALLOTS,,election_geometry_ambiguous,0.12121212121212122,C:\Users\Shama\OneDrive\Documents\Side_Projects\Side_Projects\IAPrecinctMap\data\2000\20001107__ia__general__precinct.csv,7870
DICKINSON,CENTER GROVE 1,,election_geometry_ambiguous,0.42105263157894735,C:\Users\Shama\OneDrive\Documents\Side_Projects\Side_Projects\IAPrecinctMap\data\2000\20001107__ia__general__precinct.csv,7879
DICKINSON,CENTER GROVE 2,,election_geometry_ambiguous,0.3157894736842105,C:\Users\Shama\OneDrive\Documents\Side_Projects\Side_Projects\IAPrecinctMap\data\2000\20001107__ia__general__precinct.csv,7895
DICKINSON,CENTER GROVE 3,,election_geometry_ambiguous,0.3157894736842105,C:\Users\Shama\OneDrive\Documents\Side_Projects\Side_Projects\IAPrecinctMap\data\2000\20001107__ia__general__precinct.csv,7911
DICKINSON,DIAMOND LAKE,,election_geometry_ambiguous,0.23529411764705882,C:\Users\Shama\OneDrive\Documents\Side_Projects\Side_Projects\IAPrecinctMap\data\2000\20001107__ia__general__precinct.csv,7927
DICKINSON,EXCELSIOR WESTPORT,,election_geometry_ambiguous,0.17391304347826086,C:\Users\Shama\OneDrive\Documents\Side_Projects\Side_Projects\IAPrecinctMap\data\2000\20001107__ia__general__precinct.csv,7943
DICKINSON,LAKEVILLE,,election_geometry_ambiguous,0.0,C:\Users\Shama\OneDrive\Documents\Side_Projects\Side_Projects\IAPrecinctMap\data\2000\20001107__ia__general__precinct.csv,7959
DICKINSON,LLOYD,,election_geometry_ambiguous,0.2,C:\Users\Shama\OneDrive\Documents\Side_Projects\Side_Projects\IAPrecinctMap\data\2000\20001107__ia__general__precinct.csv,7975
DICKINSON,MILFORD TWP,,election_geometry_ambiguous,0.25,C:\Users\Shama\OneDrive\Documents\Side_Projects\Side_Projects\IAPrecinctMap\data\2000\20001107__ia__general__precinct.csv,7991
DICKINSON,OKOBOJI TWP,,election_geometry_ambiguous,0.25,C:\Users\Shama\OneDrive\Documents\Side_Projects\Side_Projects\IAPrecinctMap\data\2000\20001107__ia__general__precinct.csv,8007
DICKINSON,SILVER LAKE,,election_geometry_ambiguous,0.125,C:\Users\Shama\OneDrive\Documents\Side_Projects\Side_Projects\IAPrecinctMap\data\2000\20001107__ia__general__precinct.csv,8023
DICKINSON,SPIRIT LAKE N,,election_geometry_ambiguous,0.1111111111111111,C:\Users\Shama\OneDrive\Documents\Side_Projects\Side_Projects\IAPrecinctMap\data\2000\20001107__ia__general__precinct.csv,8039
DICKINSON,SPIRIT LAKE S,,election_geometry_ambiguous,0.1111111111111111,C:\Users\Shama\OneDrive\Documents\Side_Projects\Side_Projects\IAPrecinctMap\data\2000\20001107__ia__general__precinct.csv,8055
DICKINSON,SPIRIT LAKE TWP,,election_geometry_ambiguous,0.1,C:\Users\Shama\OneDrive\Documents\Side_Projects\Side_Projects\IAPrecinctMap\data\2000\20001107__ia__general__precinct.csv,8071
DICKINSON,SUPERIOR RICHLAND,,election_geometry_ambiguous,0.18181818181818182,C:\Users\Shama\OneDrive\Documents\Side_Projects\Side_Projects\IAPrecinctMap\data\2000\20001107__ia__general__precinct.csv,8087
DUBUQUE,ABSENTEE & SPECIAL BALLOTS,,election_geometry_ambiguous,0.15789473684210525,C:\Users\Shama\OneDrive\Documents\Side_Projects\Side_Projects\IAPrecinctMap\data\2000\20001107__ia__general__precinct.csv,8114
DUBUQUE,CASCADE WHITEWATER,,election_geometry_ambiguous,0.21428571428571427,C:\Users\Shama\OneDrive\Documents\Side_Projects\Side_Projects\IAPrecinctMap\data\2000\20001107__ia__general__precinct.csv,8123
DUBUQUE,CENTER VERNON,,election_geometry_ambiguous,0.17391304347826086,C:\Users\Shama\OneDrive\Documents\Side_Projects\Side_Projects\IAPrecinctMap\data\2000\20001107__ia__general__precinct.csv,8134
DUBUQUE,CONCORD,,election_geometry_ambiguous,0.11764705882352941,C:\Users\Shama\OneDrive\Documents\Side_Projects\Side_Projects\IAPrecinctMap\data\2000\20001107__ia__general__precinct.csv,8145
DUBUQUE,DODGE,,election_geometry_ambiguous,0.26666666666666666,C:\Users\Shama\OneDrive\Documents\Side_Projects\Side_Projects\IAPrecinctMap\data\2000\20001107__ia__general__precinct.csv,8156
DUBUQUE,DUB NORTH,,election_geometry_ambiguous,0.42105263157894735,C:\Users\Shama\OneDrive\Documents\Side_Projects\Side_Projects\IAPrecinctMap\data\2000\20001107__ia__general__precinct.csv,8167
DUBUQUE,DUB SOUTH (H 34),,election_geometry_ambiguous,0.5833333333333334,C:\Users\Shama\OneDrive\Documents\Side_Projects\Side_Projects\IAPrecinctMap\data\2000\20001107__ia__general__precinct.csv,8180
DUBUQUE,DUBUQUE 1,,election_geometry_ambiguous,0.9473684210526315,C:\Users\Shama\OneDrive\Documents\Side_Projects\Side_Projects\IAPrecinctMap\data\2000\20001107__ia__general__precinct.csv,8191
DUBUQUE,DUBUQUE 10,DUBUQUE - DUBUQUE_10,election_geometry_exact,1.0,C:\Users\Shama\OneDrive\Documents\Side_Projects\Side_Projects\IAPrecinctMap\data\2000\20001107__ia__general__precinct.csv,8319
DUBUQUE,DUBUQUE 11 (H 35),DUBUQUE - DUBUQUE_11,election_geometry_prefix,0.98,C:\Users\Shama\OneDrive\Documents\Side_Projects\Side_Projects\IAPrecinctMap\data\2000\20001107__ia__general__precinct.csv,8335
DUBUQUE,DUBUQUE 12,DUBUQUE - DUBUQUE_12,election_geometry_exact,1.0,C:\Users\Shama\OneDrive\Documents\Side_Projects\Side_Projects\IAPrecinctMap\data\2000\20001107__ia__general__precinct.csv,8349
DUBUQUE,DUBUQUE 13,DUBUQUE - DUBUQUE_13,election_geometry_exact,1.0,C:\Users\Shama\OneDrive\Documents\Side_Projects\Side_Projects\IAPrecinctMap\data\2000\20001107__ia__general__precinct.csv,8363
DUBUQUE,DUBUQUE 14,DUBUQUE - DUBUQUE_14,election_geometry_exact,1.0,C:\Users\Shama\OneDrive\Documents\Side_Projects\Side_Projects\IAPrecinctMap\data\2000\20001107__ia__general__precinct.csv,8374
DUBUQUE,DUBUQUE 15,DUBUQUE - DUBUQUE_15,election_geometry_exact,1.0,C:\Users\Shama\OneDrive\Documents\Side_Projects\Side_Projects\IAPrecinctMap\data\2000\20001107__ia__general__precinct.csv,8388
DUBUQUE,DUBUQUE 16,DUBUQUE - DUBUQUE_16,election_geometry_exact,1.0,C:\Users\Shama\OneDrive\Documents\Side_Projects\Side_Projects\IAPrecinctMap\data\2000\20001107__ia__general__precinct.csv,8402
DUBUQUE,DUBUQUE 17,DUBUQUE - DUBUQUE_17,election_geometry_exact,1.0,C:\Users\Shama\OneDrive\Documents\Side_Projects\Side_Projects\IAPrecinctMap\data\2000\20001107__ia__general__precinct.csv,8416
DUBUQUE,DUBUQUE 18,DUBUQUE - DUBUQUE_18,election_geometry_exact,1.0,C:\Users\Shama\OneDrive\Documents\Side_Projects\Side_Projects\IAPrecinctMap\data\2000\20001107__ia__general__precinct.csv,8430
DUBUQUE,DUBUQUE 19,DUBUQUE - DUBUQUE_19,election_geometry_exact,1.0,C:\Users\Shama\OneDrive\Documents\Side_Projects\Side_Projects\IAPrecinctMap\data\2000\20001107__ia__general__precinct.csv,8444
DUBUQUE,DUBUQUE 2,DUBUQUE - DUBUQUE_20,election_geometry_prefix,0.98,C:\Users\Shama\OneDrive\Documents\Side_Projects\Side_Projects\IAPrecinctMap\data\2000\20001107__ia__general__precinct.csv,8205
DUBUQUE,DUBUQUE 20,DUBUQUE - DUBUQUE_20,election_geometry_exact,1.0,C:\Users\Shama\OneDrive\Documents\Side_Projects\Side_Projects\IAPrecinctMap\data\2000\20001107__ia__general__precinct.csv,8458
DUBUQUE,DUBUQUE 21,,election_geometry_ambiguous,0.9,C:\Users\Shama\OneDrive\Documents\Side_Projects\Side_Projects\IAPrecinctMap\data\2000\20001107__ia__general__precinct.csv,8472
DUBUQUE,DUBUQUE 22,,election_geometry_ambiguous,0.9,C:\Users\Shama\OneDrive\Documents\Side_Projects\Side_Projects\IAPrecinctMap\data\2000\20001107__ia__general__precinct.csv,8486
DUBUQUE,DUBUQUE 3,,election_geometry_ambiguous,0.9473684210526315,C:\Users\Shama\OneDrive\Documents\Side_Projects\Side_Projects\IAPrecinctMap\data\2000\20001107__ia__general__precinct.csv,8219
DUBUQUE,DUBUQUE 4,,election_geometry_ambiguous,0.9473684210526315,C:\Users\Shama\OneDrive\Documents\Side_Projects\Side_Projects\IAPrecinctMap\data\2000\20001107__ia__general__precinct.csv,8233
DUBUQUE,DUBUQUE 5,,election_geometry_ambiguous,0.9473684210526315,C:\Users\Shama\OneDrive\Documents\Side_Projects\Side_Projects\IAPrecinctMap\data\2000\20001107__ia__general__precinct.csv,8247
DUBUQUE,DUBUQUE 6,,election_geometry_ambiguous,0.9473684210526315,C:\Users\Shama\OneDrive\Documents\Side_Projects\Side_Projects\IAPrecinctMap\data\2000\20001107__ia__general__precinct.csv,8261
DUBUQUE,DUBUQUE 7 (H 36),,election_geometry_ambiguous,0.8333333333333334,C:\Users\Shama\OneDrive\Documents\Side_Projects\Side_Projects\IAPrecinctMap\data\2000\20001107__ia__general__precinct.csv,8277
DUBUQUE,DUBUQUE 8,,election_geometry_ambiguous,0.9473684210526315,C:\Users\Shama\OneDrive\Documents\Side_Projects\Side_Projects\IAPrecinctMap\data\2000\20001107__ia__general__precinct.csv,8291
DUBUQUE,DUBUQUE 9,,election_geometry_ambiguous,0.9473684210526315,C:\Users\Shama\OneDrive\Documents\Side_Projects\Side_Projects\IAPrecinctMap\data\2000\20001107__ia__general__precinct.csv,8305
DUBUQUE,DYERSVILLE 1,,election_geometry_ambiguous,0.36363636363636365,C:\Users\Shama\OneDrive\Documents\Side_Projects\Side_Projects\IAPrecinctMap\data\2000\20001107__ia__general__precinct.csv,8500
DUBUQUE,DYERSVILLE 2,,election_geometry_ambiguous,0.36363636363636365,C:\Users\Shama\OneDrive\Documents\Side_Projects\Side_Projects\IAPrecinctMap\data\2000\20001107__ia__general__precinct.csv,8511
DUBUQUE,DYERSVILLE 3,,election_geometry_ambiguous,0.36363636363636365,C:\Users\Shama\OneDrive\Documents\Side_Projects\Side_Projects\IAPrecinctMap\data\2000\20001107__ia__general__precinct.csv,8522
DUBUQUE,FARLEY,,election_geometry_ambiguous,0.125,C:\Users\Shama\OneDrive\Documents\Side_Projects\Side_Projects\IAPrecinctMap\data\2000\20001107__ia__general__precinct.csv,8533
DUBUQUE,IOWA TAYLOR,,election_geometry_ambiguous,0.09523809523809523,C:\Users\Shama\OneDrive\Documents\Side_Projects\Side_Projects\IAPrecinctMap\data\2000\20001107__ia__general__precinct.csv,8544
DUBUQUE,JEFFERSON,,election_geometry_ambiguous,0.10526315789473684,C:\Users\Shama\OneDrive\Documents\Side_Projects\Side_Projects\IAPrecinctMap\data\2000\20001107__ia__general__precinct.csv,8555
DUBUQUE,LIBERTY,,election_geometry_ambiguous,0.23529411764705882,C:\Users\Shama\OneDrive\Documents\Side_Projects\Side_Projects\IAPrecinctMap\data\2000\20001107__ia__general__precinct.csv,8566
DUBUQUE,MOSALEM,,election_geometry_ambiguous,0.11764705882352941,C:\Users\Shama\OneDrive\Documents\Side_Projects\Side_Projects\IAPrecinctMap\data\2000\20001107__ia__general__precinct.csv,8577
DUBUQUE,NEW WINE,,election_geometry_ambiguous,0.2222222222222222,C:\Users\Shama\OneDrive\Documents\Side_Projects\Side_Projects\IAPrecinctMap\data\2000\20001107__ia__general__precinct.csv,8588
DUBUQUE,PERU,,election_geometry_ambiguous,0.14285714285714285,C:\Users\Shama\OneDrive\Documents\Side_Projects\Side_Projects\IAPrecinctMap\data\2000\20001107__ia__general__precinct.csv,8599
DUBUQUE,PRAIRIE CREEK,,election_geometry_ambiguous,0.17391304347826086,C:\Users\Shama\OneDrive\Documents\Side_Projects\Side_Projects\IAPrecinctMap\data\2000\20001107__ia__general__precinct.csv,8610
DUBUQUE,TABLE MOUND,,election_geometry_ambiguous,0.2857142857142857,C:\Users\Shama\OneDrive\Documents\Side_Projects\Side_Projects\IAPrecinctMap\data\2000\20001107__ia__general__precinct.csv,8621
DUBUQUE,WASHINGTON,,election_geometry_ambiguous,0.0,C:\Users\Shama\OneDrive\Documents\Side_Projects\Side_Projects\IAPrecinctMap\data\2000\20001107__ia__general__precinct.csv,8632
EMMET,ABSENTEE & SPECIAL BALLOTS,,election_geometry_ambiguous,0.30434782608695654,C:\Users\Shama\OneDrive\Documents\Side_Projects\Side_Projects\IAPrecinctMap\data\2000\20001107__ia__general__precinct.csv,8648
EMMET,ARMSTRONG GROVE IA LK,,election_geometry_ambiguous,0.5,C:\Users\Shama\OneDrive\Documents\Side_Projects\Side_Projects\IAPrecinctMap\data\2000\20001107__ia__general__precinct.csv,8657
EMMET,CENTER SWAN LK GRUVER,,election_geometry_ambiguous,0.7272727272727273,C:\Users\Shama\OneDrive\Documents\Side_Projects\Side_Projects\IAPrecinctMap\data\2000\20001107__ia__general__precinct.csv,8671
EMMET,DENMARK JACK CREEK RINGSTED,,election_geometry_ambiguous,0.6829268292682927,C:\Users\Shama\OneDrive\Documents\Side_Projects\Side_Projects\IAPrecinctMap\data\2000\20001107__ia__general__precinct.csv,8685
EMMET,ELLSWORTH LINCOLN DOLLIVER,,election_geometry_ambiguous,0.7,C:\Users\Shama\OneDrive\Documents\Side_Projects\Side_Projects\IAPrecinctMap\data\2000\20001107__ia__general__precinct.csv,8699
EMMET,EMMET EVILLE TWP,,election_geometry_ambiguous,0.7272727272727273,C:\Users\Shama\OneDrive\Documents\Side_Projects\Side_Projects\IAPrecinctMap\data\2000\20001107__ia__general__precinct.csv,8713
EMMET,ESTHERVILLE 1,,election_geometry_ambiguous,0.8387096774193549,C:\Users\Shama\OneDrive\Documents\Side_Projects\Side_Projects\IAPrecinctMap\data\2000\20001107__ia__general__precinct.csv,8727
EMMET,ESTHERVILLE 2,,election_geometry_ambiguous,0.8387096774193549,C:\Users\Shama\OneDrive\Documents\Side_Projects\Side_Projects\IAPrecinctMap\data\2000\20001107__ia__general__precinct.csv,8741
EMMET,ESTHERVILLE 3,,election_geometry_ambiguous,0.8387096774193549,C:\Users\Shama\OneDrive\Documents\Side_Projects\Side_Projects\IAPrecinctMap\data\2000\20001107__ia__general__precinct.csv,8755
EMMET,ESTHERVILLE 4,,election_geometry_ambiguous,0.8387096774193549,C:\Users\Shama\OneDrive\Documents\Side_Projects\Side_Projects\IAPrecinctMap\data\2000\20001107__ia__general__precinct.csv,8769
EMMET,ESTHERVILLE 5,,election_geometry_ambiguous,0.8387096774193549,C:\Users\Shama\OneDrive\Documents\Side_Projects\Side_Projects\IAPrecinctMap\data\2000\20001107__ia__general__precinct.csv,8783
EMMET,HIGH LK-12 MI LK-WALLINGFORD,,election_geometry_ambiguous,0.6666666666666666,C:\Users\Shama\OneDrive\Documents\Side_Projects\Side_Projects\IAPrecinctMap\data\2000\20001107__ia__general__precinct.csv,8797
FAYETTE,ABSENTEE & SPECIAL BALLOTS,,election_geometry_ambiguous,0.391304347826087,C:\Users\Shama\OneDrive\Documents\Side_Projects\Side_Projects\IAPrecinctMap\data\2000\20001107__ia__general__precinct.csv,8819
FAYETTE,AUBURN,FAYETTE - AUBURN TWP,election_geometry_prefix,0.98,C:\Users\Shama\OneDrive\Documents\Side_Projects\Side_Projects\IAPrecinctMap\data\2000\20001107__ia__general__precinct.csv,8828
FAYETTE,BANKS,FAYETTE - BANKS-FREMONT TWP,election_geometry_prefix,0.98,C:\Users\Shama\OneDrive\Documents\Side_Projects\Side_Projects\IAPrecinctMap\data\2000\20001107__ia__general__precinct.csv,8841
FAYETTE,BETHEL,FAYETTE - BETHEL-WINDSOR TWP,election_geometry_prefix,0.98,C:\Users\Shama\OneDrive\Documents\Side_Projects\Side_Projects\IAPrecinctMap\data\2000\20001107__ia__general__precinct.csv,8854
FAYETTE,CENTER,FAYETTE - CENTER TWP,election_geometry_prefix,0.98,C:\Users\Shama\OneDrive\Documents\Side_Projects\Side_Projects\IAPrecinctMap\data\2000\20001107__ia__general__precinct.csv,8867
FAYETTE,CLERMONT,FAYETTE - CLERMONT TWP,election_geometry_prefix,0.98,C:\Users\Shama\OneDrive\Documents\Side_Projects\Side_Projects\IAPrecinctMap\data\2000\20001107__ia__general__precinct.csv,8880
FAYETTE,DOVER,FAYETTE - DOVER TWP,election_geometry_prefix,0.98,C:\Users\Shama\OneDrive\Documents\Side_Projects\Side_Projects\IAPrecinctMap\data\2000\20001107__ia__general__precinct.csv,8893
FAYETTE,EDEN,FAYETTE - EDEN TWP,election_geometry_prefix,0.98,C:\Users\Shama\OneDrive\Documents\Side_Projects\Side_Projects\IAPrecinctMap\data\2000\20001107__ia__general__precinct.csv,8906
FAYETTE,FAIRFIELD,FAYETTE - FAIRFIELD-PUTNAM TWP,election_geometry_prefix,0.98,C:\Users\Shama\OneDrive\Documents\Side_Projects\Side_Projects\IAPrecinctMap\data\2000\20001107__ia__general__precinct.csv,8919
FAYETTE,FAYETTE,,election_geometry_ambiguous,0.37037037037037035,C:\Users\Shama\OneDrive\Documents\Side_Projects\Side_Projects\IAPrecinctMap\data\2000\20001107__ia__general__precinct.csv,8932
FAYETTE,FREMONT,,election_geometry_ambiguous,0.5833333333333334,C:\Users\Shama\OneDrive\Documents\Side_Projects\Side_Projects\IAPrecinctMap\data\2000\20001107__ia__general__precinct.csv,8945
FAYETTE,HARLAN,FAYETTE - HARLAN TWP,election_geometry_prefix,0.98,C:\Users\Shama\OneDrive\Documents\Side_Projects\Side_Projects\IAPrecinctMap\data\2000\20001107__ia__general__precinct.csv,8958
FAYETTE,ILLYRIA,FAYETTE - ILLYRIA TWP,election_geometry_prefix,0.98,C:\Users\Shama\OneDrive\Documents\Side_Projects\Side_Projects\IAPrecinctMap\data\2000\20001107__ia__general__precinct.csv,8971
FAYETTE,JEFFERSON,FAYETTE - JEFFERSON TWP,election_geometry_prefix,0.98,C:\Users\Shama\OneDrive\Documents\Side_Projects\Side_Projects\IAPrecinctMap\data\2000\20001107__ia__general__precinct.csv,8984
FAYETTE,OELWEIN 1,,election_geometry_ambiguous,0.782608695652174,C:\Users\Shama\OneDrive\Documents\Side_Projects\Side_Projects\IAPrecinctMap\data\2000\20001107__ia__general__precinct.csv,8997
FAYETTE,OELWEIN 2,,election_geometry_ambiguous,0.782608695652174,C:\Users\Shama\OneDrive\Documents\Side_Projects\Side_Projects\IAPrecinctMap\data\2000\20001107__ia__general__precinct.csv,9010
FAYETTE,OELWEIN 3,,election_geometry_ambiguous,0.782608695652174,C:\Users\Shama\OneDrive\Documents\Side_Projects\Side_Projects\IAPrecinctMap\data\2000\20001107__ia__general__precinct.csv,9023
FAYETTE,OELWEIN 4,,election_geometry_ambiguous,0.782608695652174,C:\Users\Shama\OneDrive\Documents\Side_Projects\Side_Projects\IAPrecinctMap\data\2000\20001107__ia__general__precinct.csv,9036
FAYETTE,ORAN,FAYETTE - ORAN TWP,election_geometry_prefix,0.98,C:\Users\Shama\OneDrive\Documents\Side_Projects\Side_Projects\IAPrecinctMap\data\2000\20001107__ia__general__precinct.csv,9049
FAYETTE,PLEASANT VALLEY,FAYETTE - PLEASANT VALLEY TWP,election_geometry_prefix,0.98,C:\Users\Shama\OneDrive\Documents\Side_Projects\Side_Projects\IAPrecinctMap\data\2000\20001107__ia__general__precinct.csv,9062
FAYETTE,PUTNAM,,election_geometry_ambiguous,0.46153846153846156,C:\Users\Shama\OneDrive\Documents\Side_Projects\Side_Projects\IAPrecinctMap\data\2000\20001107__ia__general__precinct.csv,9075
FAYETTE,SCOTT,FAYETTE - SCOTT TWP,election_geometry_prefix,0.98,C:\Users\Shama\OneDrive\Documents\Side_Projects\Side_Projects\IAPrecinctMap\data\2000\20001107__ia__general__precinct.csv,9088
FAYETTE,SMITHFIELD,FAYETTE - SMITHFIELD TWP,election_geometry_prefix,0.98,C:\Users\Shama\OneDrive\Documents\Side_Projects\Side_Projects\IAPrecinctMap\data\2000\20001107__ia__general__precinct.csv,9101
FAYETTE,UNION,FAYETTE - UNION TWP,election_geometry_prefix,0.98,C:\Users\Shama\OneDrive\Documents\Side_Projects\Side_Projects\IAPrecinctMap\data\2000\20001107__ia__general__precinct.csv,9114
FAYETTE,WEST UNION 1,,election_geometry_ambiguous,0.8275862068965517,C:\Users\Shama\OneDrive\Documents\Side_Projects\Side_Projects\IAPrecinctMap\data\2000\20001107__ia__general__precinct.csv,9127
FAYETTE,WEST UNION 2,,election_geometry_ambiguous,0.8275862068965517,C:\Users\Shama\OneDrive\Documents\Side_Projects\Side_Projects\IAPrecinctMap\data\2000\20001107__ia__general__precinct.csv,9140
FAYETTE,WEST UNION 3,,election_geometry_ambiguous,0.8275862068965517,C:\Users\Shama\OneDrive\Documents\Side_Projects\Side_Projects\IAPrecinctMap\data\2000\20001107__ia__general__precinct.csv,9153
FAYETTE,WESTFIELD,FAYETTE - WESTFIELD TWP,election_geometry_prefix,0.98,C:\Users\Shama\OneDrive\Documents\Side_Projects\Side_Projects\IAPrecinctMap\data\2000\20001107__ia__general__precinct.csv,9166
FAYETTE,WINDSOR,,election_geometry_ambiguous,0.56,C:\Users\Shama\OneDrive\Documents\Side_Projects\Side_Projects\IAPrecinctMap\data\2000\20001107__ia__general__precinct.csv,9179
FLOYD,ABSENTEE & SPECIAL BALLOTS,,election_geometry_ambiguous,0.2857142857142857,C:\Users\Shama\OneDrive\Documents\Side_Projects\Side_Projects\IAPrecinctMap\data\2000\20001107__ia__general__precinct.csv,9194
FLOYD,CEDAR NILES,,election_geometry_ambiguous,0.7857142857142857,C:\Users\Shama\OneDrive\Documents\Side_Projects\Side_Projects\IAPrecinctMap\data\2000\20001107__ia__general__precinct.csv,9203
FLOYD,CHARLES CITY 1,,election_geometry_ambiguous,0.8,C:\Users\Shama\OneDrive\Documents\Side_Projects\Side_Projects\IAPrecinctMap\data\2000\20001107__ia__general__precinct.csv,9214
FLOYD,CHARLES CITY 2,,election_geometry_ambiguous,0.8,C:\Users\Shama\OneDrive\Documents\Side_Projects\Side_Projects\IAPrecinctMap\data\2000\20001107__ia__general__precinct.csv,9225
FLOYD,CHARLES CITY 3,,election_geometry_ambiguous,0.8,C:\Users\Shama\OneDrive\Documents\Side_Projects\Side_Projects\IAPrecinctMap\data\2000\20001107__ia__general__precinct.csv,9236
FLOYD,CHARLES CITY 4,,election_geometry_ambiguous,0.7428571428571429,C:\Users\Shama\OneDrive\Documents\Side_Projects\Side_Projects\IAPrecinctMap\data\2000\20001107__ia__general__precinct.csv,9247
FLOYD,FLOYD,FLOYD - FLOYD-CEDAR-NILES,election_geometry_prefix,0.98,C:\Users\Shama\OneDrive\Documents\Side_Projects\Side_Projects\IAPrecinctMap\data\2000\20001107__ia__general__precinct.csv,9258
FLOYD,PLEASANT GROVE RIVERTON,,election_geometry_ambiguous,0.5714285714285714,C:\Users\Shama\OneDrive\Documents\Side_Projects\Side_Projects\IAPrecinctMap\data\2000\20001107__ia__general__precinct.csv,9269
FLOYD,ROCK GROVE,FLOYD - ROCK GROVE-RUDD,election_geometry_prefix,0.98,C:\Users\Shama\OneDrive\Documents\Side_Projects\Side_Projects\IAPrecinctMap\data\2000\20001107__ia__general__precinct.csv,9280
FLOYD,ROCKFORD,FLOYD - ROCKFORD-ULSTER,election_geometry_prefix,0.98,C:\Users\Shama\OneDrive\Documents\Side_Projects\Side_Projects\IAPrecinctMap\data\2000\20001107__ia__general__precinct.csv,9291
FLOYD,RUDD,,election_geometry_ambiguous,0.42105263157894735,C:\Users\Shama\OneDrive\Documents\Side_Projects\Side_Projects\IAPrecinctMap\data\2000\20001107__ia__general__precinct.csv,9302
FLOYD,SCOTT UNION,FLOYD - SCOTT-UNION-PLEASANT GROVE,election_geometry_prefix,0.98,C:\Users\Shama\OneDrive\Documents\Side_Projects\Side_Projects\IAPrecinctMap\data\2000\20001107__ia__general__precinct.csv,9313
FLOYD,ST CHARLES,FLOYD - ST. CHARLES-RIVERTON,election_geometry_prefix,0.98,C:\Users\Shama\OneDrive\Documents\Side_Projects\Side_Projects\IAPrecinctMap\data\2000\20001107__ia__general__precinct.csv,9324
FLOYD,ULSTER,,election_geometry_ambiguous,0.5714285714285714,C:\Users\Shama\OneDrive\Documents\Side_Projects\Side_Projects\IAPrecinctMap\data\2000\20001107__ia__general__precinct.csv,9335
FRANKLIN,ABSENTEE & SPECIAL BALLOTS,,election_geometry_ambiguous,0.35,C:\Users\Shama\OneDrive\Documents\Side_Projects\Side_Projects\IAPrecinctMap\data\2000\20001107__ia__general__precinct.csv,9350
FRANKLIN,GENEVA,FRANKLIN - GENEVA/INGHAM/EAST MOTT,election_geometry_prefix,0.98,C:\Users\Shama\OneDrive\Documents\Side_Projects\Side_Projects\IAPrecinctMap\data\2000\20001107__ia__general__precinct.csv,9359
FRANKLIN,GRANT LEE,,election_geometry_ambiguous,0.6363636363636364,C:\Users\Shama\OneDrive\Documents\Side_Projects\Side_Projects\IAPrecinctMap\data\2000\20001107__ia__general__precinct.csv,9370
FRANKLIN,HAMILTON COULTER,,election_geometry_ambiguous,0.7058823529411765,C:\Users\Shama\OneDrive\Documents\Side_Projects\Side_Projects\IAPrecinctMap\data\2000\20001107__ia__general__precinct.csv,9381
FRANKLIN,HAMPTON WARD 1,,election_geometry_ambiguous,0.782608695652174,C:\Users\Shama\OneDrive\Documents\Side_Projects\Side_Projects\IAPrecinctMap\data\2000\20001107__ia__general__precinct.csv,9392
FRANKLIN,HAMPTON WARD 2,,election_geometry_ambiguous,0.782608695652174,C:\Users\Shama\OneDrive\Documents\Side_Projects\Side_Projects\IAPrecinctMap\data\2000\20001107__ia__general__precinct.csv,9403
FRANKLIN,HAMPTON WARD 3,,election_geometry_ambiguous,0.782608695652174,C:\Users\Shama\OneDrive\Documents\Side_Projects\Side_Projects\IAPrecinctMap\data\2000\20001107__ia__general__precinct.csv,9414
FRANKLIN,HAMPTON WARD 4,,election_geometry_ambiguous,0.782608695652174,C:\Users\Shama\OneDrive\Documents\Side_Projects\Side_Projects\IAPrecinctMap\data\2000\20001107__ia__general__precinct.csv,9425
FRANKLIN,INGHAM,,election_geometry_ambiguous,0.41379310344827586,C:\Users\Shama\OneDrive\Documents\Side_Projects\Side_Projects\IAPrecinctMap\data\2000\20001107__ia__general__precinct.csv,9436
FRANKLIN,MARION,FRANKLIN - MARION,election_geometry_exact,1.0,C:\Users\Shama\OneDrive\Documents\Side_Projects\Side_Projects\IAPrecinctMap\data\2000\20001107__ia__general__precinct.csv,9447
FRANKLIN,MORGAN DOWS (H 18),,election_geometry_ambiguous,0.41379310344827586,C:\Users\Shama\OneDrive\Documents\Side_Projects\Side_Projects\IAPrecinctMap\data\2000\20001107__ia__general__precinct.csv,9460
FRANKLIN,MOTT,,election_geometry_ambiguous,0.4,C:\Users\Shama\OneDrive\Documents\Side_Projects\Side_Projects\IAPrecinctMap\data\2000\20001107__ia__general__precinct.csv,9471
FRANKLIN,OAKLAND,FRANKLIN - OAKLAND/MORGAN,election_geometry_prefix,0.98,C:\Users\Shama\OneDrive\Documents\Side_Projects\Side_Projects\IAPrecinctMap\data\2000\20001107__ia__general__precinct.csv,9482
FRANKLIN,OSCEOLA,,election_geometry_ambiguous,0.7,C:\Users\Shama\OneDrive\Documents\Side_Projects\Side_Projects\IAPrecinctMap\data\2000\20001107__ia__general__precinct.csv,9493
FRANKLIN,REEVE,,election_geometry_ambiguous,0.43478260869565216,C:\Users\Shama\OneDrive\Documents\Side_Projects\Side_Projects\IAPrecinctMap\data\2000\20001107__ia__general__precinct.csv,9504
FRANKLIN,RICHLAND WISNER,,election_geometry_ambiguous,0.631578947368421,C:\Users\Shama\OneDrive\Documents\Side_Projects\Side_Projects\IAPrecinctMap\data\2000\20001107__ia__general__precinct.csv,9515
FRANKLIN,ROSS WEST FORK,,election_geometry_ambiguous,0.7567567567567568,C:\Users\Shama\OneDrive\Documents\Side_Projects\Side_Projects\IAPrecinctMap\data\2000\20001107__ia__general__precinct.csv,9526
FRANKLIN,SCOTT,,election_geometry_ambiguous,0.5882352941176471,C:\Users\Shama\OneDrive\Documents\Side_Projects\Side_Projects\IAPrecinctMap\data\2000\20001107__ia__general__precinct.csv,9537
FREMONT,ABSENTEE & SPECIAL BALLOTS,,election_geometry_ambiguous,0.3673469387755102,C:\Users\Shama\OneDrive\Documents\Side_Projects\Side_Projects\IAPrecinctMap\data\2000\20001107__ia__general__precinct.csv,9551
FREMONT,BENTON,,election_geometry_ambiguous,0.5714285714285714,C:\Users\Shama\OneDrive\Documents\Side_Projects\Side_Projects\IAPrecinctMap\data\2000\20001107__ia__general__precinct.csv,9560
FREMONT,FARRAGUT,FREMONT - FARRAGUT,election_geometry_exact,1.0,C:\Users\Shama\OneDrive\Documents\Side_Projects\Side_Projects\IAPrecinctMap\data\2000\20001107__ia__general__precinct.csv,9572
FREMONT,GREEN,FREMONT - GREEN RIVERSIDE SCOTT,election_geometry_prefix,0.98,C:\Users\Shama\OneDrive\Documents\Side_Projects\Side_Projects\IAPrecinctMap\data\2000\20001107__ia__general__precinct.csv,9584
FREMONT,HAMBURG 1,,election_geometry_ambiguous,0.5925925925925926,C:\Users\Shama\OneDrive\Documents\Side_Projects\Side_Projects\IAPrecinctMap\data\2000\20001107__ia__general__precinct.csv,9596
FREMONT,HAMBURG 2,,election_geometry_ambiguous,0.5925925925925926,C:\Users\Shama\OneDrive\Documents\Side_Projects\Side_Projects\IAPrecinctMap\data\2000\20001107__ia__general__precinct.csv,9608
FREMONT,HAMBURG 3,,election_geometry_ambiguous,0.5925925925925926,C:\Users\Shama\OneDrive\Documents\Side_Projects\Side_Projects\IAPrecinctMap\data\2000\20001107__ia__general__precinct.csv,9620
FREMONT,MONROE,,election_geometry_ambiguous,0.3333333333333333,C:\Users\Shama\OneDrive\Documents\Side_Projects\Side_Projects\IAPrecinctMap\data\2000\20001107__ia__general__precinct.csv,9632
FREMONT,RIVERSIDE,,election_geometry_ambiguous,0.6,C:\Users\Shama\OneDrive\Documents\Side_Projects\Side_Projects\IAPrecinctMap\data\2000\20001107__ia__general__precinct.csv,9644
FREMONT,RIVERTON,FREMONT - RIVERTON,election_geometry_exact,1.0,C:\Users\Shama\OneDrive\Documents\Side_Projects\Side_Projects\IAPrecinctMap\data\2000\20001107__ia__general__precinct.csv,9656
FREMONT,SCOTT,,election_geometry_ambiguous,0.38461538461538464,C:\Users\Shama\OneDrive\Documents\Side_Projects\Side_Projects\IAPrecinctMap\data\2000\20001107__ia__general__precinct.csv,9668
FREMONT,SIDNEY PRAIRIE 1,FREMONT - SIDNEY,election_geometry_prefix,0.98,C:\Users\Shama\OneDrive\Documents\Side_Projects\Side_Projects\IAPrecinctMap\data\2000\20001107__ia__general__precinct.csv,9680
FREMONT,SIDNEY PRAIRIE 2,FREMONT - SIDNEY,election_geometry_prefix,0.98,C:\Users\Shama\OneDrive\Documents\Side_Projects\Side_Projects\IAPrecinctMap\data\2000\20001107__ia__general__precinct.csv,9692
FREMONT,WASHINGTON,,election_geometry_ambiguous,0.7142857142857143,C:\Users\Shama\OneDrive\Documents\Side_Projects\Side_Projects\IAPrecinctMap\data\2000\20001107__ia__general__precinct.csv,9704
GREENE,ABSENTEE & SPECIAL BALLOTS,,election_geometry_ambiguous,0.2857142857142857,C:\Users\Shama\OneDrive\Documents\Side_Projects\Side_Projects\IAPrecinctMap\data\2000\20001107__ia__general__precinct.csv,9721
GREENE,BRISTOL,,election_geometry_ambiguous,0.36363636363636365,C:\Users\Shama\OneDrive\Documents\Side_Projects\Side_Projects\IAPrecinctMap\data\2000\20001107__ia__general__precinct.csv,9730
GREENE,CEDAR,,election_geometry_ambiguous,0.5,C:\Users\Shama\OneDrive\Documents\Side_Projects\Side_Projects\IAPrecinctMap\data\2000\20001107__ia__general__precinct.csv,9743
GREENE,DAWSON,,election_geometry_ambiguous,0.4,C:\Users\Shama\OneDrive\Documents\Side_Projects\Side_Projects\IAPrecinctMap\data\2000\20001107__ia__general__precinct.csv,9756
GREENE,FRANKLIN,,election_geometry_ambiguous,0.4,C:\Users\Shama\OneDrive\Documents\Side_Projects\Side_Projects\IAPrecinctMap\data\2000\20001107__ia__general__precinct.csv,9769
GREENE,GRANT,,election_geometry_ambiguous,0.4444444444444444,C:\Users\Shama\OneDrive\Documents\Side_Projects\Side_Projects\IAPrecinctMap\data\2000\20001107__ia__general__precinct.csv,9782
GREENE,GREENBRIER,,election_geometry_ambiguous,0.35294117647058826,C:\Users\Shama\OneDrive\Documents\Side_Projects\Side_Projects\IAPrecinctMap\data\2000\20001107__ia__general__precinct.csv,9795
GREENE,HARDIN,,election_geometry_ambiguous,0.23529411764705882,C:\Users\Shama\OneDrive\Documents\Side_Projects\Side_Projects\IAPrecinctMap\data\2000\20001107__ia__general__precinct.csv,9808
GREENE,HIGHLAND,,election_geometry_ambiguous,0.16666666666666666,C:\Users\Shama\OneDrive\Documents\Side_Projects\Side_Projects\IAPrecinctMap\data\2000\20001107__ia__general__precinct.csv,9821
GREENE,JACKSON,,election_geometry_ambiguous,0.4444444444444444,C:\Users\Shama\OneDrive\Documents\Side_Projects\Side_Projects\IAPrecinctMap\data\2000\20001107__ia__general__precinct.csv,9834
GREENE,JEFFERSON 1,GREENE - JEFFERSON 1 PRECINCT,election_geometry_exact,1.0,C:\Users\Shama\OneDrive\Documents\Side_Projects\Side_Projects\IAPrecinctMap\data\2000\20001107__ia__general__precinct.csv,9847
GREENE,JEFFERSON 2,GREENE - JEFFERSON 2 PRECINCT,election_geometry_exact,1.0,C:\Users\Shama\OneDrive\Documents\Side_Projects\Side_Projects\IAPrecinctMap\data\2000\20001107__ia__general__precinct.csv,9860
GREENE,JUNCTION,,election_geometry_ambiguous,0.3157894736842105,C:\Users\Shama\OneDrive\Documents\Side_Projects\Side_Projects\IAPrecinctMap\data\2000\20001107__ia__general__precinct.csv,9873
GREENE,KENDRICK,,election_geometry_ambiguous,0.4,C:\Users\Shama\OneDrive\Documents\Side_Projects\Side_Projects\IAPrecinctMap\data\2000\20001107__ia__general__precinct.csv,9886
GREENE,PATON,,election_geometry_ambiguous,0.4444444444444444,C:\Users\Shama\OneDrive\Documents\Side_Projects\Side_Projects\IAPrecinctMap\data\2000\20001107__ia__general__precinct.csv,9899
GREENE,SCRANTON,,election_geometry_ambiguous,0.4,C:\Users\Shama\OneDrive\Documents\Side_Projects\Side_Projects\IAPrecinctMap\data\2000\20001107__ia__general__precinct.csv,9912
GREENE,WASHINGTON,,election_geometry_ambiguous,0.42857142857142855,C:\Users\Shama\OneDrive\Documents\Side_Projects\Side_Projects\IAPrecinctMap\data\2000\20001107__ia__general__precinct.csv,9925
GREENE,WILLOW,,election_geometry_ambiguous,0.2,C:\Users\Shama\OneDrive\Documents\Side_Projects\Side_Projects\IAPrecinctMap\data\2000\20001107__ia__general__precinct.csv,9938
GRUNDY,ABSENTEE & SPECIAL BALLOTS,,election_geometry_ambiguous,0.0,C:\Users\Shama\OneDrive\Documents\Side_Projects\Side_Projects\IAPrecinctMap\data\2000\20001107__ia__general__precinct.csv,9953
GRUNDY,PCT 1,GRUNDY - PRECINCT 1,election_geometry_exact,1.0,C:\Users\Shama\OneDrive\Documents\Side_Projects\Side_Projects\IAPrecinctMap\data\2000\20001107__ia__general__precinct.csv,9962
GRUNDY,PCT 2,GRUNDY - PRECINCT 2,election_geometry_exact,1.0,C:\Users\Shama\OneDrive\Documents\Side_Projects\Side_Projects\IAPrecinctMap\data\2000\20001107__ia__general__precinct.csv,9973
GRUNDY,PCT 3,GRUNDY - PRECINCT 3,election_geometry_exact,1.0,C:\Users\Shama\OneDrive\Documents\Side_Projects\Side_Projects\IAPrecinctMap\data\2000\20001107__ia__general__precinct.csv,9984
GRUNDY,PCT 4,GRUNDY - PRECINCT 4,election_geometry_exact,1.0,C:\Users\Shama\OneDrive\Documents\Side_Projects\Side_Projects\IAPrecinctMap\data\2000\20001107__ia__general__precinct.csv,9995
GRUNDY,PCT 5,GRUNDY - PRECINCT 5,election_geometry_exact,1.0,C:\Users\Shama\OneDrive\Documents\Side_Projects\Side_Projects\IAPrecinctMap\data\2000\20001107__ia__general__precinct.csv,10006
GRUNDY,PCT 6,GRUNDY - PRECINCT 6,election_geometry_exact,1.0,C:\Users\Shama\OneDrive\Documents\Side_Projects\Side_Projects\IAPrecinctMap\data\2000\20001107__ia__general__precinct.csv,10017
GRUNDY,PCT 7,GRUNDY - PRECINCT 7,election_geometry_exact,1.0,C:\Users\Shama\OneDrive\Documents\Side_Projects\Side_Projects\IAPrecinctMap\data\2000\20001107__ia__general__precinct.csv,10028
GUTHRIE,ABSENTEE & SPECIAL BALLOTS,,election_geometry_ambiguous,0.12903225806451613,C:\Users\Shama\OneDrive\Documents\Side_Projects\Side_Projects\IAPrecinctMap\data\2000\20001107__ia__general__precinct.csv,10041
GUTHRIE,BAKER,,election_geometry_ambiguous,0.6,C:\Users\Shama\OneDrive\Documents\Side_Projects\Side_Projects\IAPrecinctMap\data\2000\20001107__ia__general__precinct.csv,10050
GUTHRIE,BEAR GROVE,,election_geometry_ambiguous,0.4,C:\Users\Shama\OneDrive\Documents\Side_Projects\Side_Projects\IAPrecinctMap\data\2000\20001107__ia__general__precinct.csv,10061
GUTHRIE,BEAVER,,election_geometry_ambiguous,0.4,C:\Users\Shama\OneDrive\Documents\Side_Projects\Side_Projects\IAPrecinctMap\data\2000\20001107__ia__general__precinct.csv,10072
GUTHRIE,CASS (PANORA & YALE),,election_geometry_ambiguous,0.3076923076923077,C:\Users\Shama\OneDrive\Documents\Side_Projects\Side_Projects\IAPrecinctMap\data\2000\20001107__ia__general__precinct.csv,10083
GUTHRIE,DODGE,,election_geometry_ambiguous,0.4,C:\Users\Shama\OneDrive\Documents\Side_Projects\Side_Projects\IAPrecinctMap\data\2000\20001107__ia__general__precinct.csv,10094
GUTHRIE,GRANT ADAIR,,election_geometry_ambiguous,0.375,C:\Users\Shama\OneDrive\Documents\Side_Projects\Side_Projects\IAPrecinctMap\data\2000\20001107__ia__general__precinct.csv,10105
GUTHRIE,HIGHLAND,,election_geometry_ambiguous,0.5,C:\Users\Shama\OneDrive\Documents\Side_Projects\Side_Projects\IAPrecinctMap\data\2000\20001107__ia__general__precinct.csv,10116
GUTHRIE,JACKSON,,election_geometry_ambiguous,0.5,C:\Users\Shama\OneDrive\Documents\Side_Projects\Side_Projects\IAPrecinctMap\data\2000\20001107__ia__general__precinct.csv,10127
GUTHRIE,ORANGE,,election_geometry_ambiguous,0.4444444444444444,C:\Users\Shama\OneDrive\Documents\Side_Projects\Side_Projects\IAPrecinctMap\data\2000\20001107__ia__general__precinct.csv,10138
GUTHRIE,PENN,,election_geometry_ambiguous,0.4444444444444444,C:\Users\Shama\OneDrive\Documents\Side_Projects\Side_Projects\IAPrecinctMap\data\2000\20001107__ia__general__precinct.csv,10149
GUTHRIE,RICHLAND JAMAICA,,election_geometry_ambiguous,0.2857142857142857,C:\Users\Shama\OneDrive\Documents\Side_Projects\Side_Projects\IAPrecinctMap\data\2000\20001107__ia__general__precinct.csv,10160
GUTHRIE,RICHLAND YALE,,election_geometry_ambiguous,0.3157894736842105,C:\Users\Shama\OneDrive\Documents\Side_Projects\Side_Projects\IAPrecinctMap\data\2000\20001107__ia__general__precinct.csv,10171
GUTHRIE,SEELEY,,election_geometry_ambiguous,0.36363636363636365,C:\Users\Shama\OneDrive\Documents\Side_Projects\Side_Projects\IAPrecinctMap\data\2000\20001107__ia__general__precinct.csv,10182
GUTHRIE,STUART,,election_geometry_ambiguous,0.3333333333333333,C:\Users\Shama\OneDrive\Documents\Side_Projects\Side_Projects\IAPrecinctMap\data\2000\20001107__ia__general__precinct.csv,10193
GUTHRIE,THOMPSON CASEY,,election_geometry_ambiguous,0.21052631578947367,C:\Users\Shama\OneDrive\Documents\Side_Projects\Side_Projects\IAPrecinctMap\data\2000\20001107__ia__general__precinct.csv,10204
GUTHRIE,UNION,,election_geometry_ambiguous,0.2222222222222222,C:\Users\Shama\OneDrive\Documents\Side_Projects\Side_Projects\IAPrecinctMap\data\2000\20001107__ia__general__precinct.csv,10215
GUTHRIE,VALLEY,,election_geometry_ambiguous,0.4,C:\Users\Shama\OneDrive\Documents\Side_Projects\Side_Projects\IAPrecinctMap\data\2000\20001107__ia__general__precinct.csv,10226
GUTHRIE,VICTORY,,election_geometry_ambiguous,0.3333333333333333,C:\Users\Shama\OneDrive\Documents\Side_Projects\Side_Projects\IAPrecinctMap\data\2000\20001107__ia__general__precinct.csv,10237
HAMILTON,ABSENTEE & SPECIAL BALLOTS,,election_geometry_ambiguous,0.38095238095238093,C:\Users\Shama\OneDrive\Documents\Side_Projects\Side_Projects\IAPrecinctMap\data\2000\20001107__ia__general__precinct.csv,10254
HAMILTON,BLAIRSBURG LIBERTY E,,election_geometry_ambiguous,0.7755102040816326,C:\Users\Shama\OneDrive\Documents\Side_Projects\Side_Projects\IAPrecinctMap\data\2000\20001107__ia__general__precinct.csv,10263
HAMILTON,CASS,,election_geometry_ambiguous,0.20512820512820512,C:\Users\Shama\OneDrive\Documents\Side_Projects\Side_Projects\IAPrecinctMap\data\2000\20001107__ia__general__precinct.csv,10275
HAMILTON,CLEAR LAKE HAMILTON,,election_geometry_ambiguous,0.6909090909090909,C:\Users\Shama\OneDrive\Documents\Side_Projects\Side_Projects\IAPrecinctMap\data\2000\20001107__ia__general__precinct.csv,10287
HAMILTON,ELLSWORTH SCOTT,,election_geometry_ambiguous,0.5806451612903226,C:\Users\Shama\OneDrive\Documents\Side_Projects\Side_Projects\IAPrecinctMap\data\2000\20001107__ia__general__precinct.csv,10299
HAMILTON,FREEDOM FREMONT,,election_geometry_ambiguous,0.6,C:\Users\Shama\OneDrive\Documents\Side_Projects\Side_Projects\IAPrecinctMap\data\2000\20001107__ia__general__precinct.csv,10311
HAMILTON,INDEPENDENCE LIBERTY W,,election_geometry_ambiguous,0.43137254901960786,C:\Users\Shama\OneDrive\Documents\Side_Projects\Side_Projects\IAPrecinctMap\data\2000\20001107__ia__general__precinct.csv,10323
HAMILTON,LINCOLN,,election_geometry_ambiguous,0.42424242424242425,C:\Users\Shama\OneDrive\Documents\Side_Projects\Side_Projects\IAPrecinctMap\data\2000\20001107__ia__general__precinct.csv,10335
HAMILTON,LYON,,election_geometry_ambiguous,0.4,C:\Users\Shama\OneDrive\Documents\Side_Projects\Side_Projects\IAPrecinctMap\data\2000\20001107__ia__general__precinct.csv,10347
HAMILTON,MARION WEBSTER,,election_geometry_ambiguous,0.56,C:\Users\Shama\OneDrive\Documents\Side_Projects\Side_Projects\IAPrecinctMap\data\2000\20001107__ia__general__precinct.csv,10359
HAMILTON,ROSE GROVE WILLIAMS,,election_geometry_ambiguous,0.5416666666666666,C:\Users\Shama\OneDrive\Documents\Side_Projects\Side_Projects\IAPrecinctMap\data\2000\20001107__ia__general__precinct.csv,10371
HAMILTON,WEBSTER CITY 1,HAMILTON - WEBSTER CITY 1,election_geometry_exact,1.0,C:\Users\Shama\OneDrive\Documents\Side_Projects\Side_Projects\IAPrecinctMap\data\2000\20001107__ia__general__precinct.csv,10383
HAMILTON,WEBSTER CITY 2,HAMILTON - WEBSTER CITY 2,election_geometry_exact,1.0,C:\Users\Shama\OneDrive\Documents\Side_Projects\Side_Projects\IAPrecinctMap\data\2000\20001107__ia__general__precinct.csv,10395
HAMILTON,WEBSTER CITY 3,HAMILTON - WEBSTER CITY 3,election_geometry_exact,1.0,C:\Users\Shama\OneDrive\Documents\Side_Projects\Side_Projects\IAPrecinctMap\data\2000\20001107__ia__general__precinct.csv,10407
HANCOCK,ABSENTEE & SPECIAL BALLOTS,,election_geometry_ambiguous,0.0,C:\Users\Shama\OneDrive\Documents\Side_Projects\Side_Projects\IAPrecinctMap\data\2000\20001107__ia__general__precinct.csv,10423
HANCOCK,AMSTERDAM TWIN LAKE,,election_geometry_ambiguous,0.0,C:\Users\Shama\OneDrive\Documents\Side_Projects\Side_Projects\IAPrecinctMap\data\2000\20001107__ia__general__precinct.csv,10432
HANCOCK,AVERY,,election_geometry_ambiguous,0.0,C:\Users\Shama\OneDrive\Documents\Side_Projects\Side_Projects\IAPrecinctMap\data\2000\20001107__ia__general__precinct.csv,10446
HANCOCK,BINGHAM,,election_geometry_ambiguous,0.0,C:\Users\Shama\OneDrive\Documents\Side_Projects\Side_Projects\IAPrecinctMap\data\2000\20001107__ia__general__precinct.csv,10460
HANCOCK,BOONE MAGOR CORWITH,,election_geometry_ambiguous,0.0,C:\Users\Shama\OneDrive\Documents\Side_Projects\Side_Projects\IAPrecinctMap\data\2000\20001107__ia__general__precinct.csv,10474
HANCOCK,CONCORD,,election_geometry_ambiguous,0.0,C:\Users\Shama\OneDrive\Documents\Side_Projects\Side_Projects\IAPrecinctMap\data\2000\20001107__ia__general__precinct.csv,10488
HANCOCK,CRYSTAL,,election_geometry_ambiguous,0.0,C:\Users\Shama\OneDrive\Documents\Side_Projects\Side_Projects\IAPrecinctMap\data\2000\20001107__ia__general__precinct.csv,10502
HANCOCK,ELL LIBERTY,,election_geometry_ambiguous,0.0,C:\Users\Shama\OneDrive\Documents\Side_Projects\Side_Projects\IAPrecinctMap\data\2000\20001107__ia__general__precinct.csv,10516
HANCOCK,ELLINGTON MADISON FOREST CITY,,election_geometry_ambiguous,0.0,C:\Users\Shama\OneDrive\Documents\Side_Projects\Side_Projects\IAPrecinctMap\data\2000\20001107__ia__general__precinct.csv,10530
HANCOCK,GARFIELD,,election_geometry_ambiguous,0.0,C:\Users\Shama\OneDrive\Documents\Side_Projects\Side_Projects\IAPrecinctMap\data\2000\20001107__ia__general__precinct.csv,10544
HANCOCK,ORTHEL BRITT ERIN,,election_geometry_ambiguous,0.0,C:\Users\Shama\OneDrive\Documents\Side_Projects\Side_Projects\IAPrecinctMap\data\2000\20001107__ia__general__precinct.csv,10558
HARDIN,ABSENTEE & SPECIAL BALLOTS,,election_geometry_ambiguous,0.3,C:\Users\Shama\OneDrive\Documents\Side_Projects\Side_Projects\IAPrecinctMap\data\2000\20001107__ia__general__precinct.csv,10576
HARDIN,ALDEN BUCKEYE,HARDIN - ALDEN/BUCKEYE,election_geometry_exact,1.0,C:\Users\Shama\OneDrive\Documents\Side_Projects\Side_Projects\IAPrecinctMap\data\2000\20001107__ia__general__precinct.csv,10585
HARDIN,CLAY,,election_geometry_ambiguous,0.6153846153846154,C:\Users\Shama\OneDrive\Documents\Side_Projects\Side_Projects\IAPrecinctMap\data\2000\20001107__ia__general__precinct.csv,10596
HARDIN,CONCORD SHERMAN,HARDIN - CONCORD/SHERMAN/GRANT/TIPTON,election_geometry_prefix,0.98,C:\Users\Shama\OneDrive\Documents\Side_Projects\Side_Projects\IAPrecinctMap\data\2000\20001107__ia__general__precinct.csv,10607
HARDIN,ELDORA,,election_geometry_ambiguous,0.7058823529411765,C:\Users\Shama\OneDrive\Documents\Side_Projects\Side_Projects\IAPrecinctMap\data\2000\20001107__ia__general__precinct.csv,10618
HARDIN,ELLIS JACKSON,,election_geometry_ambiguous,0.7878787878787878,C:\Users\Shama\OneDrive\Documents\Side_Projects\Side_Projects\IAPrecinctMap\data\2000\20001107__ia__general__precinct.csv,10629
HARDIN,ETNA,HARDIN - ETNA/CLAY,election_geometry_prefix,0.98,C:\Users\Shama\OneDrive\Documents\Side_Projects\Side_Projects\IAPrecinctMap\data\2000\20001107__ia__general__precinct.csv,10640
HARDIN,GRANT TIPTON,,election_geometry_ambiguous,0.6,C:\Users\Shama\OneDrive\Documents\Side_Projects\Side_Projects\IAPrecinctMap\data\2000\20001107__ia__general__precinct.csv,10651
HARDIN,HARDIN,HARDIN - HARDIN/ELLIS/JACKSON,election_geometry_prefix,0.98,C:\Users\Shama\OneDrive\Documents\Side_Projects\Side_Projects\IAPrecinctMap\data\2000\20001107__ia__general__precinct.csv,10662
HARDIN,IOWA FALLS 1,HARDIN - IOWA FALLS #1,election_geometry_exact,1.0,C:\Users\Shama\OneDrive\Documents\Side_Projects\Side_Projects\IAPrecinctMap\data\2000\20001107__ia__general__precinct.csv,10673
HARDIN,IOWA FALLS 2,HARDIN - IOWA FALLS #2,election_geometry_exact,1.0,C:\Users\Shama\OneDrive\Documents\Side_Projects\Side_Projects\IAPrecinctMap\data\2000\20001107__ia__general__precinct.csv,10684
HARDIN,PLEASANT PROVIDENCE,,election_geometry_ambiguous,0.7450980392156863,C:\Users\Shama\OneDrive\Documents\Side_Projects\Side_Projects\IAPrecinctMap\data\2000\20001107__ia__general__precinct.csv,10695
HARDIN,UNION WHITTEN,,election_geometry_ambiguous,0.34146341463414637,C:\Users\Shama\OneDrive\Documents\Side_Projects\Side_Projects\IAPrecinctMap\data\2000\20001107__ia__general__precinct.csv,10706
HARRISON,ABSENTEE & SPECIAL BALLOTS,,election_geometry_ambiguous,0.27906976744186046,C:\Users\Shama\OneDrive\Documents\Side_Projects\Side_Projects\IAPrecinctMap\data\2000\20001107__ia__general__precinct.csv,10720
HARRISON,ALLEN,,election_geometry_ambiguous,0.42857142857142855,C:\Users\Shama\OneDrive\Documents\Side_Projects\Side_Projects\IAPrecinctMap\data\2000\20001107__ia__general__precinct.csv,10729
HARRISON,BOYER,,election_geometry_ambiguous,0.47619047619047616,C:\Users\Shama\OneDrive\Documents\Side_Projects\Side_Projects\IAPrecinctMap\data\2000\20001107__ia__general__precinct.csv,10741
HARRISON,CALHOUN,,election_geometry_ambiguous,0.2727272727272727,C:\Users\Shama\OneDrive\Documents\Side_Projects\Side_Projects\IAPrecinctMap\data\2000\20001107__ia__general__precinct.csv,10753
HARRISON,CASS,,election_geometry_ambiguous,0.18181818181818182,C:\Users\Shama\OneDrive\Documents\Side_Projects\Side_Projects\IAPrecinctMap\data\2000\20001107__ia__general__precinct.csv,10765
HARRISON,CINCINNATI,,election_geometry_ambiguous,0.3076923076923077,C:\Users\Shama\OneDrive\Documents\Side_Projects\Side_Projects\IAPrecinctMap\data\2000\20001107__ia__general__precinct.csv,10777
HARRISON,CLAY,,election_geometry_ambiguous,0.3333333333333333,C:\Users\Shama\OneDrive\Documents\Side_Projects\Side_Projects\IAPrecinctMap\data\2000\20001107__ia__general__precinct.csv,10789
HARRISON,DOUGLAS,,election_geometry_ambiguous,0.5,C:\Users\Shama\OneDrive\Documents\Side_Projects\Side_Projects\IAPrecinctMap\data\2000\20001107__ia__general__precinct.csv,10801
HARRISON,DUNLAP,,election_geometry_ambiguous,0.8,C:\Users\Shama\OneDrive\Documents\Side_Projects\Side_Projects\IAPrecinctMap\data\2000\20001107__ia__general__precinct.csv,10813
HARRISON,HARRISON,,election_geometry_ambiguous,0.3333333333333333,C:\Users\Shama\OneDrive\Documents\Side_Projects\Side_Projects\IAPrecinctMap\data\2000\20001107__ia__general__precinct.csv,10825
HARRISON,JACKSON,,election_geometry_ambiguous,0.35294117647058826,C:\Users\Shama\OneDrive\Documents\Side_Projects\Side_Projects\IAPrecinctMap\data\2000\20001107__ia__general__precinct.csv,10837
HARRISON,JEFFERSON,,election_geometry_ambiguous,0.6,C:\Users\Shama\OneDrive\Documents\Side_Projects\Side_Projects\IAPrecinctMap\data\2000\20001107__ia__general__precinct.csv,10849
HARRISON,LAGRANGE,,election_geometry_ambiguous,0.5517241379310345,C:\Users\Shama\OneDrive\Documents\Side_Projects\Side_Projects\IAPrecinctMap\data\2000\20001107__ia__general__precinct.csv,10861
HARRISON,LINCOLN,,election_geometry_ambiguous,0.6086956521739131,C:\Users\Shama\OneDrive\Documents\Side_Projects\Side_Projects\IAPrecinctMap\data\2000\20001107__ia__general__precinct.csv,10873
HARRISON,LITTLE SIOUX,HARRISON - PRECINCT #01 LITTLE SIOUX,election_geometry_fuzzy,0.8888888888888888,C:\Users\Shama\OneDrive\Documents\Side_Projects\Side_Projects\IAPrecinctMap\data\2000\20001107__ia__general__precinct.csv,10885
HARRISON,LOGAN,,election_geometry_ambiguous,0.7692307692307693,C:\Users\Shama\OneDrive\Documents\Side_Projects\Side_Projects\IAPrecinctMap\data\2000\20001107__ia__general__precinct.csv,10897
HARRISON,MAGNOLIA,,election_geometry_ambiguous,0.8421052631578947,C:\Users\Shama\OneDrive\Documents\Side_Projects\Side_Projects\IAPrecinctMap\data\2000\20001107__ia__general__precinct.csv,10909
HARRISON,MISSOURI VALLEY 1,,election_geometry_ambiguous,0.8571428571428571,C:\Users\Shama\OneDrive\Documents\Side_Projects\Side_Projects\IAPrecinctMap\data\2000\20001107__ia__general__precinct.csv,10921
HARRISON,MISSOURI VALLEY 2,,election_geometry_ambiguous,0.8571428571428571,C:\Users\Shama\OneDrive\Documents\Side_Projects\Side_Projects\IAPrecinctMap\data\2000\20001107__ia__general__precinct.csv,10933
HARRISON,MISSOURI VALLEY 3,,election_geometry_ambiguous,0.8571428571428571,C:\Users\Shama\OneDrive\Documents\Side_Projects\Side_Projects\IAPrecinctMap\data\2000\20001107__ia__general__precinct.csv,10945
HARRISON,MORGAN,,election_geometry_ambiguous,0.5714285714285714,C:\Users\Shama\OneDrive\Documents\Side_Projects\Side_Projects\IAPrecinctMap\data\2000\20001107__ia__general__precinct.csv,10957
HARRISON,RAGLAN,,election_geometry_ambiguous,0.47058823529411764,C:\Users\Shama\OneDrive\Documents\Side_Projects\Side_Projects\IAPrecinctMap\data\2000\20001107__ia__general__precinct.csv,10969
HARRISON,ST JOHN,,election_geometry_ambiguous,0.8235294117647058,C:\Users\Shama\OneDrive\Documents\Side_Projects\Side_Projects\IAPrecinctMap\data\2000\20001107__ia__general__precinct.csv,10981
HARRISON,TAYLOR,,election_geometry_ambiguous,0.2857142857142857,C:\Users\Shama\OneDrive\Documents\Side_Projects\Side_Projects\IAPrecinctMap\data\2000\20001107__ia__general__precinct.csv,10993
HARRISON,UNION,,election_geometry_ambiguous,0.2857142857142857,C:\Users\Shama\OneDrive\Documents\Side_Projects\Side_Projects\IAPrecinctMap\data\2000\20001107__ia__general__precinct.csv,11005
HARRISON,WASHINGTON,,election_geometry_ambiguous,0.3076923076923077,C:\Users\Shama\OneDrive\Documents\Side_Projects\Side_Projects\IAPrecinctMap\data\2000\20001107__ia__general__precinct.csv,11017
HARRISON,WOODBINE,,election_geometry_ambiguous,0.8421052631578947,C:\Users\Shama\OneDrive\Documents\Side_Projects\Side_Projects\IAPrecinctMap\data\2000\20001107__ia__general__precinct.csv,11029
HENRY,ABSENTEE & SPECIAL BALLOTS,,election_geometry_ambiguous,0.2857142857142857,C:\Users\Shama\OneDrive\Documents\Side_Projects\Side_Projects\IAPrecinctMap\data\2000\20001107__ia__general__precinct.csv,11046
HENRY,BALTIMORE,,election_geometry_ambiguous,0.3333333333333333,C:\Users\Shama\OneDrive\Documents\Side_Projects\Side_Projects\IAPrecinctMap\data\2000\20001107__ia__general__precinct.csv,11056
HENRY,CANAAN,,election_geometry_ambiguous,0.3076923076923077,C:\Users\Shama\OneDrive\Documents\Side_Projects\Side_Projects\IAPrecinctMap\data\2000\20001107__ia__general__precinct.csv,11069
HENRY,CENTER,,election_geometry_ambiguous,0.7692307692307693,C:\Users\Shama\OneDrive\Documents\Side_Projects\Side_Projects\IAPrecinctMap\data\2000\20001107__ia__general__precinct.csv,11081
HENRY,HILLSBORO,,election_geometry_ambiguous,0.2222222222222222,C:\Users\Shama\OneDrive\Documents\Side_Projects\Side_Projects\IAPrecinctMap\data\2000\20001107__ia__general__precinct.csv,11093
HENRY,JACKSON,,election_geometry_ambiguous,0.3333333333333333,C:\Users\Shama\OneDrive\Documents\Side_Projects\Side_Projects\IAPrecinctMap\data\2000\20001107__ia__general__precinct.csv,11106
HENRY,JEFFERSON,,election_geometry_ambiguous,0.3,C:\Users\Shama\OneDrive\Documents\Side_Projects\Side_Projects\IAPrecinctMap\data\2000\20001107__ia__general__precinct.csv,11120
HENRY,MARION,,election_geometry_ambiguous,0.35294117647058826,C:\Users\Shama\OneDrive\Documents\Side_Projects\Side_Projects\IAPrecinctMap\data\2000\20001107__ia__general__precinct.csv,11131
HENRY,MT PLEASANT 1,HENRY - MT. PLEASANT,election_geometry_prefix,0.98,C:\Users\Shama\OneDrive\Documents\Side_Projects\Side_Projects\IAPrecinctMap\data\2000\20001107__ia__general__precinct.csv,11142
HENRY,MT PLEASANT 2,HENRY - MT. PLEASANT,election_geometry_prefix,0.98,C:\Users\Shama\OneDrive\Documents\Side_Projects\Side_Projects\IAPrecinctMap\data\2000\20001107__ia__general__precinct.csv,11154
HENRY,MT PLEASANT 3,HENRY - MT. PLEASANT,election_geometry_prefix,0.98,C:\Users\Shama\OneDrive\Documents\Side_Projects\Side_Projects\IAPrecinctMap\data\2000\20001107__ia__general__precinct.csv,11166
HENRY,MT PLEASANT 4,HENRY - MT. PLEASANT,election_geometry_prefix,0.98,C:\Users\Shama\OneDrive\Documents\Side_Projects\Side_Projects\IAPrecinctMap\data\2000\20001107__ia__general__precinct.csv,11178
HENRY,NEW LONDON CITY & TWP,,election_geometry_ambiguous,0.23529411764705882,C:\Users\Shama\OneDrive\Documents\Side_Projects\Side_Projects\IAPrecinctMap\data\2000\20001107__ia__general__precinct.csv,11190
HENRY,ROME,,election_geometry_ambiguous,0.3076923076923077,C:\Users\Shama\OneDrive\Documents\Side_Projects\Side_Projects\IAPrecinctMap\data\2000\20001107__ia__general__precinct.csv,11202
HENRY,SALEM,,election_geometry_ambiguous,0.3333333333333333,C:\Users\Shama\OneDrive\Documents\Side_Projects\Side_Projects\IAPrecinctMap\data\2000\20001107__ia__general__precinct.csv,11214
HENRY,SCOTT,,election_geometry_ambiguous,0.5714285714285714,C:\Users\Shama\OneDrive\Documents\Side_Projects\Side_Projects\IAPrecinctMap\data\2000\20001107__ia__general__precinct.csv,11228
HENRY,TIPPECANOE,,election_geometry_ambiguous,0.47619047619047616,C:\Users\Shama\OneDrive\Documents\Side_Projects\Side_Projects\IAPrecinctMap\data\2000\20001107__ia__general__precinct.csv,11240
HENRY,TRENTON,,election_geometry_ambiguous,0.4444444444444444,C:\Users\Shama\OneDrive\Documents\Side_Projects\Side_Projects\IAPrecinctMap\data\2000\20001107__ia__general__precinct.csv,11253
HENRY,WAYNE,,election_geometry_ambiguous,0.2857142857142857,C:\Users\Shama\OneDrive\Documents\Side_Projects\Side_Projects\IAPrecinctMap\data\2000\20001107__ia__general__precinct.csv,11265
HOWARD,ABSENTEE & SPECIAL BALLOTS,,election_geometry_ambiguous,0.3673469387755102,C:\Users\Shama\OneDrive\Documents\Side_Projects\Side_Projects\IAPrecinctMap\data\2000\20001107__ia__general__precinct.csv,11283
HOWARD,AFTON PCT,HOWARD - AFTON/HOWARD/PARIS,election_geometry_prefix,0.98,C:\Users\Shama\OneDrive\Documents\Side_Projects\Side_Projects\IAPrecinctMap\data\2000\20001107__ia__general__precinct.csv,11292
HOWARD,ALBION,HOWARD - ALBION/FOREST CITY,election_geometry_prefix,0.98,C:\Users\Shama\OneDrive\Documents\Side_Projects\Side_Projects\IAPrecinctMap\data\2000\20001107__ia__general__precinct.csv,11304
HOWARD,CHESTER,,election_geometry_ambiguous,0.4117647058823529,C:\Users\Shama\OneDrive\Documents\Side_Projects\Side_Projects\IAPrecinctMap\data\2000\20001107__ia__general__precinct.csv,11316
HOWARD,CRESCO 1A,,election_geometry_ambiguous,0.4666666666666667,C:\Users\Shama\OneDrive\Documents\Side_Projects\Side_Projects\IAPrecinctMap\data\2000\20001107__ia__general__precinct.csv,11328
HOWARD,CRESCO 1B VERNON SPRINGS,HOWARD - CRESCO/VERNON SPRINGS,election_geometry_fuzzy,0.9333333333333333,C:\Users\Shama\OneDrive\Documents\Side_Projects\Side_Projects\IAPrecinctMap\data\2000\20001107__ia__general__precinct.csv,11340
HOWARD,CRESCO 2,,election_geometry_ambiguous,0.4827586206896552,C:\Users\Shama\OneDrive\Documents\Side_Projects\Side_Projects\IAPrecinctMap\data\2000\20001107__ia__general__precinct.csv,11352
HOWARD,CRESCO 3,,election_geometry_ambiguous,0.4827586206896552,C:\Users\Shama\OneDrive\Documents\Side_Projects\Side_Projects\IAPrecinctMap\data\2000\20001107__ia__general__precinct.csv,11364
HOWARD,FOREST CITY TWP,,election_geometry_ambiguous,0.6666666666666666,C:\Users\Shama\OneDrive\Documents\Side_Projects\Side_Projects\IAPrecinctMap\data\2000\20001107__ia__general__precinct.csv,11376
HOWARD,HOWARD,,election_geometry_ambiguous,0.5,C:\Users\Shama\OneDrive\Documents\Side_Projects\Side_Projects\IAPrecinctMap\data\2000\20001107__ia__general__precinct.csv,11388
HOWARD,HOWARD CENTER,,election_geometry_ambiguous,0.6,C:\Users\Shama\OneDrive\Documents\Side_Projects\Side_Projects\IAPrecinctMap\data\2000\20001107__ia__general__precinct.csv,11400
HOWARD,JAMESTOWN,HOWARD - JAMESTOWN/OAKDALE,election_geometry_prefix,0.98,C:\Users\Shama\OneDrive\Documents\Side_Projects\Side_Projects\IAPrecinctMap\data\2000\20001107__ia__general__precinct.csv,11412
HOWARD,NEW OREGON,HOWARD - NEW OREGON,election_geometry_exact,1.0,C:\Users\Shama\OneDrive\Documents\Side_Projects\Side_Projects\IAPrecinctMap\data\2000\20001107__ia__general__precinct.csv,11424
HOWARD,OAK DALE,,election_geometry_ambiguous,0.56,C:\Users\Shama\OneDrive\Documents\Side_Projects\Side_Projects\IAPrecinctMap\data\2000\20001107__ia__general__precinct.csv,11436
HOWARD,PARIS 1,,election_geometry_ambiguous,0.4,C:\Users\Shama\OneDrive\Documents\Side_Projects\Side_Projects\IAPrecinctMap\data\2000\20001107__ia__general__precinct.csv,11448
HOWARD,PARIS 2,,election_geometry_ambiguous,0.4,C:\Users\Shama\OneDrive\Documents\Side_Projects\Side_Projects\IAPrecinctMap\data\2000\20001107__ia__general__precinct.csv,11460
HOWARD,RICEVILLE,,election_geometry_ambiguous,0.23076923076923078,C:\Users\Shama\OneDrive\Documents\Side_Projects\Side_Projects\IAPrecinctMap\data\2000\20001107__ia__general__precinct.csv,11472
HOWARD,SARATOGA,HOWARD - SARATOGA/HOWARD CTR/CHESTER,election_geometry_prefix,0.98,C:\Users\Shama\OneDrive\Documents\Side_Projects\Side_Projects\IAPrecinctMap\data\2000\20001107__ia__general__precinct.csv,11484
HUMBOLDT,ABSENTEE & SPECIAL BALLOTS,,election_geometry_ambiguous,0.3111111111111111,C:\Users\Shama\OneDrive\Documents\Side_Projects\Side_Projects\IAPrecinctMap\data\2000\20001107__ia__general__precinct.csv,11501
HUMBOLDT,AVERY,HUMBOLDT - AVERY-NORTH WEAVER,election_geometry_prefix,0.98,C:\Users\Shama\OneDrive\Documents\Side_Projects\Side_Projects\IAPrecinctMap\data\2000\20001107__ia__general__precinct.csv,11510
HUMBOLDT,BEAVER,,election_geometry_ambiguous,0.4166666666666667,C:\Users\Shama\OneDrive\Documents\Side_Projects\Side_Projects\IAPrecinctMap\data\2000\20001107__ia__general__precinct.csv,11523
HUMBOLDT,CORINTH,,election_geometry_ambiguous,0.3684210526315789,C:\Users\Shama\OneDrive\Documents\Side_Projects\Side_Projects\IAPrecinctMap\data\2000\20001107__ia__general__precinct.csv,11536
HUMBOLDT,DAKOTA CITY,HUMBOLDT - DAKOTA CITY-GROVE,election_geometry_prefix,0.98,C:\Users\Shama\OneDrive\Documents\Side_Projects\Side_Projects\IAPrecinctMap\data\2000\20001107__ia__general__precinct.csv,11549
HUMBOLDT,DELANA 4,,election_geometry_ambiguous,0.3783783783783784,C:\Users\Shama\OneDrive\Documents\Side_Projects\Side_Projects\IAPrecinctMap\data\2000\20001107__ia__general__precinct.csv,11563
HUMBOLDT,GILMORE CITY,,election_geometry_ambiguous,0.41379310344827586,C:\Users\Shama\OneDrive\Documents\Side_Projects\Side_Projects\IAPrecinctMap\data\2000\20001107__ia__general__precinct.csv,11577
HUMBOLDT,GROVE 3,,election_geometry_ambiguous,0.4166666666666667,C:\Users\Shama\OneDrive\Documents\Side_Projects\Side_Projects\IAPrecinctMap\data\2000\20001107__ia__general__precinct.csv,11590
HUMBOLDT,HUMBOLDT TOWNSHIP,,election_geometry_ambiguous,0.6486486486486487,C:\Users\Shama\OneDrive\Documents\Side_Projects\Side_Projects\IAPrecinctMap\data\2000\20001107__ia__general__precinct.csv,11603
HUMBOLDT,HUMBOLDT WARD 1,,election_geometry_ambiguous,0.6285714285714286,C:\Users\Shama\OneDrive\Documents\Side_Projects\Side_Projects\IAPrecinctMap\data\2000\20001107__ia__general__precinct.csv,11617
HUMBOLDT,HUMBOLDT WARD 2,,election_geometry_ambiguous,0.6285714285714286,C:\Users\Shama\OneDrive\Documents\Side_Projects\Side_Projects\IAPrecinctMap\data\2000\20001107__ia__general__precinct.csv,11631
HUMBOLDT,HUMBOLDT WARD 3,,election_geometry_ambiguous,0.6285714285714286,C:\Users\Shama\OneDrive\Documents\Side_Projects\Side_Projects\IAPrecinctMap\data\2000\20001107__ia__general__precinct.csv,11645
HUMBOLDT,LAKE,,election_geometry_ambiguous,0.3076923076923077,C:\Users\Shama\OneDrive\Documents\Side_Projects\Side_Projects\IAPrecinctMap\data\2000\20001107__ia__general__precinct.csv,11659
HUMBOLDT,NORWAY 5,,election_geometry_ambiguous,0.3870967741935484,C:\Users\Shama\OneDrive\Documents\Side_Projects\Side_Projects\IAPrecinctMap\data\2000\20001107__ia__general__precinct.csv,11672
HUMBOLDT,RUTLAND,,election_geometry_ambiguous,0.45161290322580644,C:\Users\Shama\OneDrive\Documents\Side_Projects\Side_Projects\IAPrecinctMap\data\2000\20001107__ia__general__precinct.csv,11686
HUMBOLDT,VERNON,,election_geometry_ambiguous,0.46153846153846156,C:\Users\Shama\OneDrive\Documents\Side_Projects\Side_Projects\IAPrecinctMap\data\2000\20001107__ia__general__precinct.csv,11700
HUMBOLDT,WACOUSTA,,election_geometry_ambiguous,0.43243243243243246,C:\Users\Shama\OneDrive\Documents\Side_Projects\Side_Projects\IAPrecinctMap\data\2000\20001107__ia__general__precinct.csv,11714
HUMBOLDT,WEAVER,,election_geometry_ambiguous,0.5,C:\Users\Shama\OneDrive\Documents\Side_Projects\Side_Projects\IAPrecinctMap\data\2000\20001107__ia__general__precinct.csv,11728
IDA,01 IDA GROVE 1,,election_geometry_ambiguous,0.7333333333333333,C:\Users\Shama\OneDrive\Documents\Side_Projects\Side_Projects\IAPrecinctMap\data\2000\20001107__ia__general__precinct.csv,11741
IDA,02 IDA GROVE 2,,election_geometry_ambiguous,0.7333333333333333,C:\Users\Shama\OneDrive\Documents\Side_Projects\Side_Projects\IAPrecinctMap\data\2000\20001107__ia__general__precinct.csv,11754
IDA,03 IDA GROVE 3,,election_geometry_ambiguous,0.7333333333333333,C:\Users\Shama\OneDrive\Documents\Side_Projects\Side_Projects\IAPrecinctMap\data\2000\20001107__ia__general__precinct.csv,11767
IDA,04 CORWIN LOGAN EAST,,election_geometry_ambiguous,0.36363636363636365,C:\Users\Shama\OneDrive\Documents\Side_Projects\Side_Projects\IAPrecinctMap\data\2000\20001107__ia__general__precinct.csv,11780
IDA,05 GALVA SILVER CREEK,,election_geometry_ambiguous,0.36363636363636365,C:\Users\Shama\OneDrive\Documents\Side_Projects\Side_Projects\IAPrecinctMap\data\2000\20001107__ia__general__precinct.csv,11793
IDA,06 GRIGGS DOUGLAS,,election_geometry_ambiguous,0.30303030303030304,C:\Users\Shama\OneDrive\Documents\Side_Projects\Side_Projects\IAPrecinctMap\data\2000\20001107__ia__general__precinct.csv,11806
IDA,07 BATTLE LOGAN WEST,,election_geometry_ambiguous,0.4444444444444444,C:\Users\Shama\OneDrive\Documents\Side_Projects\Side_Projects\IAPrecinctMap\data\2000\20001107__ia__general__precinct.csv,11819
IDA,08 MAPLE,,election_geometry_ambiguous,0.2857142857142857,C:\Users\Shama\OneDrive\Documents\Side_Projects\Side_Projects\IAPrecinctMap\data\2000\20001107__ia__general__precinct.csv,11832
IDA,09 GARFIELD GRANT,,election_geometry_ambiguous,0.43137254901960786,C:\Users\Shama\OneDrive\Documents\Side_Projects\Side_Projects\IAPrecinctMap\data\2000\20001107__ia__general__precinct.csv,11845
IDA,10 BLAINE HAYES,,election_geometry_ambiguous,0.25806451612903225,C:\Users\Shama\OneDrive\Documents\Side_Projects\Side_Projects\IAPrecinctMap\data\2000\20001107__ia__general__precinct.csv,11858
IDA,ABSENTEE & SPECIAL BALLOTS,,election_geometry_ambiguous,0.3225806451612903,C:\Users\Shama\OneDrive\Documents\Side_Projects\Side_Projects\IAPrecinctMap\data\2000\20001107__ia__general__precinct.csv,11876
IOWA,ABSENTEE & SPECIAL BALLOTS,,election_geometry_ambiguous,0.35,C:\Users\Shama\OneDrive\Documents\Side_Projects\Side_Projects\IAPrecinctMap\data\2000\20001107__ia__general__precinct.csv,11891
IOWA,DAYTON,IOWA - DAYTON/ENGLISH I,election_geometry_prefix,0.98,C:\Users\Shama\OneDrive\Documents\Side_Projects\Side_Projects\IAPrecinctMap\data\2000\20001107__ia__general__precinct.csv,11900
IOWA,ENGLISH 1,,election_geometry_ambiguous,0.8421052631578947,C:\Users\Shama\OneDrive\Documents\Side_Projects\Side_Projects\IAPrecinctMap\data\2000\20001107__ia__general__precinct.csv,11916
IOWA,ENGLISH 2,,election_geometry_ambiguous,0.8421052631578947,C:\Users\Shama\OneDrive\Documents\Side_Projects\Side_Projects\IAPrecinctMap\data\2000\20001107__ia__general__precinct.csv,11932
IOWA,FILLMORE,IOWA - FILLMORE/GREENE,election_geometry_prefix,0.98,C:\Users\Shama\OneDrive\Documents\Side_Projects\Side_Projects\IAPrecinctMap\data\2000\20001107__ia__general__precinct.csv,11948
IOWA,GREENE,,election_geometry_ambiguous,0.5714285714285714,C:\Users\Shama\OneDrive\Documents\Side_Projects\Side_Projects\IAPrecinctMap\data\2000\20001107__ia__general__precinct.csv,11964
IOWA,HARTFORD 1,,election_geometry_ambiguous,0.6666666666666666,C:\Users\Shama\OneDrive\Documents\Side_Projects\Side_Projects\IAPrecinctMap\data\2000\20001107__ia__general__precinct.csv,11980
IOWA,HARTFORD 2,,election_geometry_ambiguous,0.6666666666666666,C:\Users\Shama\OneDrive\Documents\Side_Projects\Side_Projects\IAPrecinctMap\data\2000\20001107__ia__general__precinct.csv,11996
IOWA,HILTON,IOWA - HILTON/WASHINGTON,election_geometry_prefix,0.98,C:\Users\Shama\OneDrive\Documents\Side_Projects\Side_Projects\IAPrecinctMap\data\2000\20001107__ia__general__precinct.csv,12012
IOWA,HONEY CREEK,IOWA - HONEY CREEK/MARENGO RURAL,election_geometry_prefix,0.98,C:\Users\Shama\OneDrive\Documents\Side_Projects\Side_Projects\IAPrecinctMap\data\2000\20001107__ia__general__precinct.csv,12028
IOWA,IOWA,,election_geometry_ambiguous,0.5714285714285714,C:\Users\Shama\OneDrive\Documents\Side_Projects\Side_Projects\IAPrecinctMap\data\2000\20001107__ia__general__precinct.csv,12044
IOWA,LENOX,IOWA - LENOX/IOWA,election_geometry_prefix,0.98,C:\Users\Shama\OneDrive\Documents\Side_Projects\Side_Projects\IAPrecinctMap\data\2000\20001107__ia__general__precinct.csv,12060
IOWA,LINCOLN,,election_geometry_ambiguous,0.5384615384615384,C:\Users\Shama\OneDrive\Documents\Side_Projects\Side_Projects\IAPrecinctMap\data\2000\20001107__ia__general__precinct.csv,12076
IOWA,MARENGO,IOWA - MARENGO CITY,election_geometry_prefix,0.98,C:\Users\Shama\OneDrive\Documents\Side_Projects\Side_Projects\IAPrecinctMap\data\2000\20001107__ia__general__precinct.csv,12092
IOWA,PILOT,IOWA - PILOT/TROY/YORK,election_geometry_prefix,0.98,C:\Users\Shama\OneDrive\Documents\Side_Projects\Side_Projects\IAPrecinctMap\data\2000\20001107__ia__general__precinct.csv,12108
IOWA,SUMNER,,election_geometry_ambiguous,0.5217391304347826,C:\Users\Shama\OneDrive\Documents\Side_Projects\Side_Projects\IAPrecinctMap\data\2000\20001107__ia__general__precinct.csv,12124
IOWA,TROY,,election_geometry_ambiguous,0.42105263157894735,C:\Users\Shama\OneDrive\Documents\Side_Projects\Side_Projects\IAPrecinctMap\data\2000\20001107__ia__general__precinct.csv,12140
IOWA,WASHINGTON,,election_geometry_ambiguous,0.7407407407407407,C:\Users\Shama\OneDrive\Documents\Side_Projects\Side_Projects\IAPrecinctMap\data\2000\20001107__ia__general__precinct.csv,12156
IOWA,WILLIAMSBURG,IOWA - WILLIAMSBURG,election_geometry_exact,1.0,C:\Users\Shama\OneDrive\Documents\Side_Projects\Side_Projects\IAPrecinctMap\data\2000\20001107__ia__general__precinct.csv,12172
IOWA,YORK,,election_geometry_ambiguous,0.42105263157894735,C:\Users\Shama\OneDrive\Documents\Side_Projects\Side_Projects\IAPrecinctMap\data\2000\20001107__ia__general__precinct.csv,12188
JACKSON,ABSENTEE & SPECIAL BALLOTS,,election_geometry_ambiguous,0.21052631578947367,C:\Users\Shama\OneDrive\Documents\Side_Projects\Side_Projects\IAPrecinctMap\data\2000\20001107__ia__general__precinct.csv,12206
JACKSON,PCT 1,,election_geometry_ambiguous,0.18181818181818182,C:\Users\Shama\OneDrive\Documents\Side_Projects\Side_Projects\IAPrecinctMap\data\2000\20001107__ia__general__precinct.csv,12215
JACKSON,PCT 10,,election_geometry_ambiguous,0.3333333333333333,C:\Users\Shama\OneDrive\Documents\Side_Projects\Side_Projects\IAPrecinctMap\data\2000\20001107__ia__general__precinct.csv,12314
JACKSON,PCT 11,,election_geometry_ambiguous,0.3333333333333333,C:\Users\Shama\OneDrive\Documents\Side_Projects\Side_Projects\IAPrecinctMap\data\2000\20001107__ia__general__precinct.csv,12325
JACKSON,PCT 12,,election_geometry_ambiguous,0.3333333333333333,C:\Users\Shama\OneDrive\Documents\Side_Projects\Side_Projects\IAPrecinctMap\data\2000\20001107__ia__general__precinct.csv,12336
JACKSON,PCT 13,,election_geometry_ambiguous,0.3333333333333333,C:\Users\Shama\OneDrive\Documents\Side_Projects\Side_Projects\IAPrecinctMap\data\2000\20001107__ia__general__precinct.csv,12347
JACKSON,PCT 14,,election_geometry_ambiguous,0.3333333333333333,C:\Users\Shama\OneDrive\Documents\Side_Projects\Side_Projects\IAPrecinctMap\data\2000\20001107__ia__general__precinct.csv,12358
JACKSON,PCT 15,,election_geometry_ambiguous,0.3333333333333333,C:\Users\Shama\OneDrive\Documents\Side_Projects\Side_Projects\IAPrecinctMap\data\2000\20001107__ia__general__precinct.csv,12369
JACKSON,PCT 16,,election_geometry_ambiguous,0.3333333333333333,C:\Users\Shama\OneDrive\Documents\Side_Projects\Side_Projects\IAPrecinctMap\data\2000\20001107__ia__general__precinct.csv,12380
JACKSON,PCT 2,,election_geometry_ambiguous,0.18181818181818182,C:\Users\Shama\OneDrive\Documents\Side_Projects\Side_Projects\IAPrecinctMap\data\2000\20001107__ia__general__precinct.csv,12226
JACKSON,PCT 3,,election_geometry_ambiguous,0.18181818181818182,C:\Users\Shama\OneDrive\Documents\Side_Projects\Side_Projects\IAPrecinctMap\data\2000\20001107__ia__general__precinct.csv,12237
JACKSON,PCT 4,,election_geometry_ambiguous,0.18181818181818182,C:\Users\Shama\OneDrive\Documents\Side_Projects\Side_Projects\IAPrecinctMap\data\2000\20001107__ia__general__precinct.csv,12248
JACKSON,PCT 5,,election_geometry_ambiguous,0.18181818181818182,C:\Users\Shama\OneDrive\Documents\Side_Projects\Side_Projects\IAPrecinctMap\data\2000\20001107__ia__general__precinct.csv,12259
JACKSON,PCT 6,,election_geometry_ambiguous,0.18181818181818182,C:\Users\Shama\OneDrive\Documents\Side_Projects\Side_Projects\IAPrecinctMap\data\2000\20001107__ia__general__precinct.csv,12270
JACKSON,PCT 7,,election_geometry_ambiguous,0.18181818181818182,C:\Users\Shama\OneDrive\Documents\Side_Projects\Side_Projects\IAPrecinctMap\data\2000\20001107__ia__general__precinct.csv,12281
JACKSON,PCT 8,,election_geometry_ambiguous,0.18181818181818182,C:\Users\Shama\OneDrive\Documents\Side_Projects\Side_Projects\IAPrecinctMap\data\2000\20001107__ia__general__precinct.csv,12292
JACKSON,PCT 9,,election_geometry_ambiguous,0.18181818181818182,C:\Users\Shama\OneDrive\Documents\Side_Projects\Side_Projects\IAPrecinctMap\data\2000\20001107__ia__general__precinct.csv,12303
JASPER,ABSENTEE & SPECIAL BALLOTS,,election_geometry_ambiguous,0.3673469387755102,C:\Users\Shama\OneDrive\Documents\Side_Projects\Side_Projects\IAPrecinctMap\data\2000\20001107__ia__general__precinct.csv,12394
JASPER,BUENA VISTA,,election_geometry_ambiguous,0.375,C:\Users\Shama\OneDrive\Documents\Side_Projects\Side_Projects\IAPrecinctMap\data\2000\20001107__ia__general__precinct.csv,12404
JASPER,CLEAR CREEK,JASPER - CLEAR CREEK/POWESHIEK,election_geometry_prefix,0.98,C:\Users\Shama\OneDrive\Documents\Side_Projects\Side_Projects\IAPrecinctMap\data\2000\20001107__ia__general__precinct.csv,12416
JASPER,COLFAX 1,,election_geometry_ambiguous,0.7619047619047619,C:\Users\Shama\OneDrive\Documents\Side_Projects\Side_Projects\IAPrecinctMap\data\2000\20001107__ia__general__precinct.csv,12426
JASPER,COLFAX 2,,election_geometry_ambiguous,0.7619047619047619,C:\Users\Shama\OneDrive\Documents\Side_Projects\Side_Projects\IAPrecinctMap\data\2000\20001107__ia__general__precinct.csv,12437
JASPER,COLFAX 3,,election_geometry_ambiguous,0.7619047619047619,C:\Users\Shama\OneDrive\Documents\Side_Projects\Side_Projects\IAPrecinctMap\data\2000\20001107__ia__general__precinct.csv,12448
JASPER,DES MOINES,JASPER - DES MOINES,election_geometry_exact,1.0,C:\Users\Shama\OneDrive\Documents\Side_Projects\Side_Projects\IAPrecinctMap\data\2000\20001107__ia__general__precinct.csv,12459
JASPER,ELK CREEK,JASPER - ELK CREEK/LYNNGROVE,election_geometry_prefix,0.98,C:\Users\Shama\OneDrive\Documents\Side_Projects\Side_Projects\IAPrecinctMap\data\2000\20001107__ia__general__precinct.csv,12470
JASPER,FAIRVIEW,JASPER - FAIRVIEW,election_geometry_exact,1.0,C:\Users\Shama\OneDrive\Documents\Side_Projects\Side_Projects\IAPrecinctMap\data\2000\20001107__ia__general__precinct.csv,12481
JASPER,HICKORY GROVE,,election_geometry_ambiguous,0.5,C:\Users\Shama\OneDrive\Documents\Side_Projects\Side_Projects\IAPrecinctMap\data\2000\20001107__ia__general__precinct.csv,12492
JASPER,INDEPENDENCE,,election_geometry_ambiguous,0.3076923076923077,C:\Users\Shama\OneDrive\Documents\Side_Projects\Side_Projects\IAPrecinctMap\data\2000\20001107__ia__general__precinct.csv,12504
JASPER,KELLOGG,,election_geometry_ambiguous,0.3076923076923077,C:\Users\Shama\OneDrive\Documents\Side_Projects\Side_Projects\IAPrecinctMap\data\2000\20001107__ia__general__precinct.csv,12515
JASPER,LYNN GROVE LYNNVILLE,,election_geometry_ambiguous,0.46153846153846156,C:\Users\Shama\OneDrive\Documents\Side_Projects\Side_Projects\IAPrecinctMap\data\2000\20001107__ia__general__precinct.csv,12527
JASPER,LYNN GROVE SULLY,,election_geometry_ambiguous,0.5142857142857142,C:\Users\Shama\OneDrive\Documents\Side_Projects\Side_Projects\IAPrecinctMap\data\2000\20001107__ia__general__precinct.csv,12539
JASPER,MALAKA,,election_geometry_ambiguous,0.4444444444444444,C:\Users\Shama\OneDrive\Documents\Side_Projects\Side_Projects\IAPrecinctMap\data\2000\20001107__ia__general__precinct.csv,12550
JASPER,MARIPOSA,,election_geometry_ambiguous,0.5517241379310345,C:\Users\Shama\OneDrive\Documents\Side_Projects\Side_Projects\IAPrecinctMap\data\2000\20001107__ia__general__precinct.csv,12560
JASPER,MOUND PRAIRIE,JASPER - MOUND PRAIRIE/WASHINGTON,election_geometry_prefix,0.98,C:\Users\Shama\OneDrive\Documents\Side_Projects\Side_Projects\IAPrecinctMap\data\2000\20001107__ia__general__precinct.csv,12572
JASPER,NEWTON TOWNSHIP,,election_geometry_ambiguous,0.6206896551724138,C:\Users\Shama\OneDrive\Documents\Side_Projects\Side_Projects\IAPrecinctMap\data\2000\20001107__ia__general__precinct.csv,12583
JASPER,NEWTON W1 P1,JASPER - NEWTON 1-1,election_geometry_fuzzy,0.9090909090909091,C:\Users\Shama\OneDrive\Documents\Side_Projects\Side_Projects\IAPrecinctMap\data\2000\20001107__ia__general__precinct.csv,12594
JASPER,NEWTON W1 P2,JASPER - NEWTON 1-2,election_geometry_fuzzy,0.9090909090909091,C:\Users\Shama\OneDrive\Documents\Side_Projects\Side_Projects\IAPrecinctMap\data\2000\20001107__ia__general__precinct.csv,12605
JASPER,NEWTON W2 P1,JASPER - NEWTON 2-1,election_geometry_fuzzy,0.9090909090909091,C:\Users\Shama\OneDrive\Documents\Side_Projects\Side_Projects\IAPrecinctMap\data\2000\20001107__ia__general__precinct.csv,12616
JASPER,NEWTON W2 P2,JASPER - NEWTON 2-2,election_geometry_fuzzy,0.9090909090909091,C:\Users\Shama\OneDrive\Documents\Side_Projects\Side_Projects\IAPrecinctMap\data\2000\20001107__ia__general__precinct.csv,12627
JASPER,NEWTON W3 P1,JASPER - NEWTON 3-1,election_geometry_fuzzy,0.9090909090909091,C:\Users\Shama\OneDrive\Documents\Side_Projects\Side_Projects\IAPrecinctMap\data\2000\20001107__ia__general__precinct.csv,12638
JASPER,NEWTON W3 P2,JASPER - NEWTON 3-2,election_geometry_fuzzy,0.9090909090909091,C:\Users\Shama\OneDrive\Documents\Side_Projects\Side_Projects\IAPrecinctMap\data\2000\20001107__ia__general__precinct.csv,12649
JASPER,NEWTON W4 P1,JASPER - NEWTON 4-1,election_geometry_fuzzy,0.9090909090909091,C:\Users\Shama\OneDrive\Documents\Side_Projects\Side_Projects\IAPrecinctMap\data\2000\20001107__ia__general__precinct.csv,12660
JASPER,NEWTON W4 P2,JASPER - NEWTON 4-2,election_geometry_fuzzy,0.9090909090909091,C:\Users\Shama\OneDrive\Documents\Side_Projects\Side_Projects\IAPrecinctMap\data\2000\20001107__ia__general__precinct.csv,12671
JASPER,PALO ALTO,JASPER - PALO ALTO,election_geometry_exact,1.0,C:\Users\Shama\OneDrive\Documents\Side_Projects\Side_Projects\IAPrecinctMap\data\2000\20001107__ia__general__precinct.csv,12682
JASPER,POWESHIEK,,election_geometry_ambiguous,0.6,C:\Users\Shama\OneDrive\Documents\Side_Projects\Side_Projects\IAPrecinctMap\data\2000\20001107__ia__general__precinct.csv,12694
JASPER,RICHLAND,,election_geometry_ambiguous,0.2857142857142857,C:\Users\Shama\OneDrive\Documents\Side_Projects\Side_Projects\IAPrecinctMap\data\2000\20001107__ia__general__precinct.csv,12705
JASPER,ROCK CREEK,,election_geometry_ambiguous,0.4827586206896552,C:\Users\Shama\OneDrive\Documents\Side_Projects\Side_Projects\IAPrecinctMap\data\2000\20001107__ia__general__precinct.csv,12715
JASPER,SHERMAN,,election_geometry_ambiguous,0.6666666666666666,C:\Users\Shama\OneDrive\Documents\Side_Projects\Side_Projects\IAPrecinctMap\data\2000\20001107__ia__general__precinct.csv,12727
JASPER,WASHINGTON,,election_geometry_ambiguous,0.5882352941176471,C:\Users\Shama\OneDrive\Documents\Side_Projects\Side_Projects\IAPrecinctMap\data\2000\20001107__ia__general__precinct.csv,12737
JEFFERSON,ABSENTEE & SPECIAL BALLOTS,,election_geometry_ambiguous,0.39344262295081966,C:\Users\Shama\OneDrive\Documents\Side_Projects\Side_Projects\IAPrecinctMap\data\2000\20001107__ia__general__precinct.csv,12750
JEFFERSON,BLACKHAWK POLK,JEFFERSON - BLACK HAWK-POLK-PACKWOOD,election_geometry_prefix,0.98,C:\Users\Shama\OneDrive\Documents\Side_Projects\Side_Projects\IAPrecinctMap\data\2000\20001107__ia__general__precinct.csv,12760
JEFFERSON,BUCHANAN CEDAR,,election_geometry_ambiguous,0.5806451612903226,C:\Users\Shama\OneDrive\Documents\Side_Projects\Side_Projects\IAPrecinctMap\data\2000\20001107__ia__general__precinct.csv,12771
JEFFERSON,CENTER,JEFFERSON - CENTER-CEDAR-MAHARISHI VEDIC CITY,election_geometry_prefix,0.98,C:\Users\Shama\OneDrive\Documents\Side_Projects\Side_Projects\IAPrecinctMap\data\2000\20001107__ia__general__precinct.csv,12782
JEFFERSON,DES MOINES LIBERTY,JEFFERSON - DES MOINES-LIBERTY-LIBERTYVILLE,election_geometry_prefix,0.98,C:\Users\Shama\OneDrive\Documents\Side_Projects\Side_Projects\IAPrecinctMap\data\2000\20001107__ia__general__precinct.csv,12794
JEFFERSON,FAIRFIELD 1,JEFFERSON - FAIRFIELD 1ST WARD,election_geometry_prefix,0.98,C:\Users\Shama\OneDrive\Documents\Side_Projects\Side_Projects\IAPrecinctMap\data\2000\20001107__ia__general__precinct.csv,12806
JEFFERSON,FAIRFIELD 2,JEFFERSON - FAIRFIELD 2ND WARD,election_geometry_prefix,0.98,C:\Users\Shama\OneDrive\Documents\Side_Projects\Side_Projects\IAPrecinctMap\data\2000\20001107__ia__general__precinct.csv,12818
JEFFERSON,FAIRFIELD 3,JEFFERSON - FAIRFIELD 3RD WARD,election_geometry_prefix,0.98,C:\Users\Shama\OneDrive\Documents\Side_Projects\Side_Projects\IAPrecinctMap\data\2000\20001107__ia__general__precinct.csv,12829
JEFFERSON,FAIRFIELD 4,JEFFERSON - FAIRFIELD 4TH WARD,election_geometry_prefix,0.98,C:\Users\Shama\OneDrive\Documents\Side_Projects\Side_Projects\IAPrecinctMap\data\2000\20001107__ia__general__precinct.csv,12840
JEFFERSON,FAIRFIELD 5,JEFFERSON - FAIRFIELD 5TH WARD,election_geometry_prefix,0.98,C:\Users\Shama\OneDrive\Documents\Side_Projects\Side_Projects\IAPrecinctMap\data\2000\20001107__ia__general__precinct.csv,12853
JEFFERSON,LOCKRIDGE ROUND PRAIRIE,JEFFERSON - LOCKRIDGE-ROUND PRAIRIE-WALNUT-COPPOCK,election_geometry_prefix,0.98,C:\Users\Shama\OneDrive\Documents\Side_Projects\Side_Projects\IAPrecinctMap\data\2000\20001107__ia__general__precinct.csv,12866
JEFFERSON,LOCUST GROVE,JEFFERSON - LOCUST GROVE-BATAVIA,election_geometry_prefix,0.98,C:\Users\Shama\OneDrive\Documents\Side_Projects\Side_Projects\IAPrecinctMap\data\2000\20001107__ia__general__precinct.csv,12878
JEFFERSON,WALNUT PENN,,election_geometry_ambiguous,0.32653061224489793,C:\Users\Shama\OneDrive\Documents\Side_Projects\Side_Projects\IAPrecinctMap\data\2000\20001107__ia__general__precinct.csv,12889
JOHNSON,ABSENTEE & SPECIAL BALLOTS,,election_geometry_ambiguous,0.3404255319148936,C:\Users\Shama\OneDrive\Documents\Side_Projects\Side_Projects\IAPrecinctMap\data\2000\20001107__ia__general__precinct.csv,12919
JOHNSON,BIG GROVE,JOHNSON - BIG GROVE TOWNSHIP,election_geometry_prefix,0.98,C:\Users\Shama\OneDrive\Documents\Side_Projects\Side_Projects\IAPrecinctMap\data\2000\20001107__ia__general__precinct.csv,12929
JOHNSON,CEDAR,JOHNSON - CEDAR TOWNSHIP,election_geometry_prefix,0.98,C:\Users\Shama\OneDrive\Documents\Side_Projects\Side_Projects\IAPrecinctMap\data\2000\20001107__ia__general__precinct.csv,12942
JOHNSON,CLEAR CREEK,JOHNSON - CLEAR CREEK/TIFFIN,election_geometry_prefix,0.98,C:\Users\Shama\OneDrive\Documents\Side_Projects\Side_Projects\IAPrecinctMap\data\2000\20001107__ia__general__precinct.csv,12955
JOHNSON,CORALVILLE 1,JOHNSON - CORALVILLE 01,election_geometry_fuzzy,0.96,C:\Users\Shama\OneDrive\Documents\Side_Projects\Side_Projects\IAPrecinctMap\data\2000\20001107__ia__general__precinct.csv,12968
JOHNSON,CORALVILLE 2,JOHNSON - CORALVILLE 02,election_geometry_fuzzy,0.96,C:\Users\Shama\OneDrive\Documents\Side_Projects\Side_Projects\IAPrecinctMap\data\2000\20001107__ia__general__precinct.csv,12981
JOHNSON,CORALVILLE 3,JOHNSON - CORALVILLE 03,election_geometry_fuzzy,0.96,C:\Users\Shama\OneDrive\Documents\Side_Projects\Side_Projects\IAPrecinctMap\data\2000\20001107__ia__general__precinct.csv,12994
JOHNSON,CORALVILLE 4,JOHNSON - CORALVILLE 04,election_geometry_fuzzy,0.96,C:\Users\Shama\OneDrive\Documents\Side_Projects\Side_Projects\IAPrecinctMap\data\2000\20001107__ia__general__precinct.csv,13007
JOHNSON,FREMONT,JOHNSON - FREMONT-LINCOLN,election_geometry_prefix,0.98,C:\Users\Shama\OneDrive\Documents\Side_Projects\Side_Projects\IAPrecinctMap\data\2000\20001107__ia__general__precinct.csv,13020
JOHNSON,GRAHAM,JOHNSON - GRAHAM TOWNSHIP,election_geometry_prefix,0.98,C:\Users\Shama\OneDrive\Documents\Side_Projects\Side_Projects\IAPrecinctMap\data\2000\20001107__ia__general__precinct.csv,13036
JOHNSON,HARDIN,JOHNSON - HARDIN TOWNSHIP,election_geometry_prefix,0.98,C:\Users\Shama\OneDrive\Documents\Side_Projects\Side_Projects\IAPrecinctMap\data\2000\20001107__ia__general__precinct.csv,13049
JOHNSON,IOWA CITY 1,,election_geometry_ambiguous,0.9565217391304348,C:\Users\Shama\OneDrive\Documents\Side_Projects\Side_Projects\IAPrecinctMap\data\2000\20001107__ia__general__precinct.csv,13062
JOHNSON,IOWA CITY 10,JOHNSON - IOWA CITY 10/ELSW,election_geometry_prefix,0.98,C:\Users\Shama\OneDrive\Documents\Side_Projects\Side_Projects\IAPrecinctMap\data\2000\20001107__ia__general__precinct.csv,13183
JOHNSON,IOWA CITY 11,JOHNSON - IOWA CITY 11,election_geometry_exact,1.0,C:\Users\Shama\OneDrive\Documents\Side_Projects\Side_Projects\IAPrecinctMap\data\2000\20001107__ia__general__precinct.csv,13196
JOHNSON,IOWA CITY 12 (HSE 47 SEN 24 - FEWER THAN 50 VOTERS),,election_geometry_ambiguous,0.46875,C:\Users\Shama\OneDrive\Documents\Side_Projects\Side_Projects\IAPrecinctMap\data\2000\20001107__ia__general__precinct.csv,13213
JOHNSON,IOWA CITY 13,JOHNSON - IOWA CITY 13,election_geometry_exact,1.0,C:\Users\Shama\OneDrive\Documents\Side_Projects\Side_Projects\IAPrecinctMap\data\2000\20001107__ia__general__precinct.csv,13229
JOHNSON,IOWA CITY 14,JOHNSON - IOWA CITY 14,election_geometry_exact,1.0,C:\Users\Shama\OneDrive\Documents\Side_Projects\Side_Projects\IAPrecinctMap\data\2000\20001107__ia__general__precinct.csv,13242
JOHNSON,IOWA CITY 15,JOHNSON - IOWA CITY 15,election_geometry_exact,1.0,C:\Users\Shama\OneDrive\Documents\Side_Projects\Side_Projects\IAPrecinctMap\data\2000\20001107__ia__general__precinct.csv,13255
JOHNSON,IOWA CITY 16 (HSE 46 - B),JOHNSON - IOWA CITY 16,election_geometry_prefix,0.98,C:\Users\Shama\OneDrive\Documents\Side_Projects\Side_Projects\IAPrecinctMap\data\2000\20001107__ia__general__precinct.csv,13273
JOHNSON,IOWA CITY 17,JOHNSON - IOWA CITY 17,election_geometry_exact,1.0,C:\Users\Shama\OneDrive\Documents\Side_Projects\Side_Projects\IAPrecinctMap\data\2000\20001107__ia__general__precinct.csv,13286
JOHNSON,IOWA CITY 18,JOHNSON - IOWA CITY 18,election_geometry_exact,1.0,C:\Users\Shama\OneDrive\Documents\Side_Projects\Side_Projects\IAPrecinctMap\data\2000\20001107__ia__general__precinct.csv,13299
JOHNSON,IOWA CITY 19,JOHNSON - IOWA CITY 19,election_geometry_exact,1.0,C:\Users\Shama\OneDrive\Documents\Side_Projects\Side_Projects\IAPrecinctMap\data\2000\20001107__ia__general__precinct.csv,13312
JOHNSON,IOWA CITY 2,,election_geometry_ambiguous,0.9565217391304348,C:\Users\Shama\OneDrive\Documents\Side_Projects\Side_Projects\IAPrecinctMap\data\2000\20001107__ia__general__precinct.csv,13076
JOHNSON,IOWA CITY 20,JOHNSON - IOWA CITY 20,election_geometry_exact,1.0,C:\Users\Shama\OneDrive\Documents\Side_Projects\Side_Projects\IAPrecinctMap\data\2000\20001107__ia__general__precinct.csv,13326
JOHNSON,IOWA CITY 21,JOHNSON - IOWA CITY 21,election_geometry_exact,1.0,C:\Users\Shama\OneDrive\Documents\Side_Projects\Side_Projects\IAPrecinctMap\data\2000\20001107__ia__general__precinct.csv,13340
JOHNSON,IOWA CITY 22,JOHNSON - IOWA CITY 22,election_geometry_exact,1.0,C:\Users\Shama\OneDrive\Documents\Side_Projects\Side_Projects\IAPrecinctMap\data\2000\20001107__ia__general__precinct.csv,13353
JOHNSON,IOWA CITY 23,JOHNSON - IOWA CITY 23,election_geometry_exact,1.0,C:\Users\Shama\OneDrive\Documents\Side_Projects\Side_Projects\IAPrecinctMap\data\2000\20001107__ia__general__precinct.csv,13366
JOHNSON,IOWA CITY 24,JOHNSON - IOWA CITY 24,election_geometry_exact,1.0,C:\Users\Shama\OneDrive\Documents\Side_Projects\Side_Projects\IAPrecinctMap\data\2000\20001107__ia__general__precinct.csv,13380
JOHNSON,IOWA CITY 25 (HSE 45),,election_geometry_ambiguous,0.7777777777777778,C:\Users\Shama\OneDrive\Documents\Side_Projects\Side_Projects\IAPrecinctMap\data\2000\20001107__ia__general__precinct.csv,13394
JOHNSON,IOWA CITY 3,,election_geometry_ambiguous,0.9565217391304348,C:\Users\Shama\OneDrive\Documents\Side_Projects\Side_Projects\IAPrecinctMap\data\2000\20001107__ia__general__precinct.csv,13090
JOHNSON,IOWA CITY 4,,election_geometry_ambiguous,0.9565217391304348,C:\Users\Shama\OneDrive\Documents\Side_Projects\Side_Projects\IAPrecinctMap\data\2000\20001107__ia__general__precinct.csv,13104
JOHNSON,IOWA CITY 5,,election_geometry_ambiguous,0.9565217391304348,C:\Users\Shama\OneDrive\Documents\Side_Projects\Side_Projects\IAPrecinctMap\data\2000\20001107__ia__general__precinct.csv,13117
JOHNSON,IOWA CITY 6 E LUCAS N,,election_geometry_ambiguous,0.7368421052631579,C:\Users\Shama\OneDrive\Documents\Side_Projects\Side_Projects\IAPrecinctMap\data\2000\20001107__ia__general__precinct.csv,13131
JOHNSON,IOWA CITY 7,,election_geometry_ambiguous,0.9565217391304348,C:\Users\Shama\OneDrive\Documents\Side_Projects\Side_Projects\IAPrecinctMap\data\2000\20001107__ia__general__precinct.csv,13144
JOHNSON,IOWA CITY 8,,election_geometry_ambiguous,0.9565217391304348,C:\Users\Shama\OneDrive\Documents\Side_Projects\Side_Projects\IAPrecinctMap\data\2000\20001107__ia__general__precinct.csv,13157
JOHNSON,IOWA CITY 9,,election_geometry_ambiguous,0.9565217391304348,C:\Users\Shama\OneDrive\Documents\Side_Projects\Side_Projects\IAPrecinctMap\data\2000\20001107__ia__general__precinct.csv,13170
JOHNSON,JEFFERSON,JOHNSON - JEFFERSON EAST/SHUEYVILLE,election_geometry_prefix,0.98,C:\Users\Shama\OneDrive\Documents\Side_Projects\Side_Projects\IAPrecinctMap\data\2000\20001107__ia__general__precinct.csv,13413
JOHNSON,LIBERTY,JOHNSON - LIBERTY-PLEASANT VALLEY,election_geometry_prefix,0.98,C:\Users\Shama\OneDrive\Documents\Side_Projects\Side_Projects\IAPrecinctMap\data\2000\20001107__ia__general__precinct.csv,13426
JOHNSON,LINCOLN,,election_geometry_ambiguous,0.6363636363636364,C:\Users\Shama\OneDrive\Documents\Side_Projects\Side_Projects\IAPrecinctMap\data\2000\20001107__ia__general__precinct.csv,13442
JOHNSON,MADISON,,election_geometry_ambiguous,0.5,C:\Users\Shama\OneDrive\Documents\Side_Projects\Side_Projects\IAPrecinctMap\data\2000\20001107__ia__general__precinct.csv,13458
JOHNSON,MONROE,,election_geometry_ambiguous,0.38095238095238093,C:\Users\Shama\OneDrive\Documents\Side_Projects\Side_Projects\IAPrecinctMap\data\2000\20001107__ia__general__precinct.csv,13471
JOHNSON,NEWPORT,JOHNSON - NEWPORT TOWNSHIP,election_geometry_prefix,0.98,C:\Users\Shama\OneDrive\Documents\Side_Projects\Side_Projects\IAPrecinctMap\data\2000\20001107__ia__general__precinct.csv,13484
JOHNSON,NORTH LIBERTY (HSE 49),,election_geometry_ambiguous,0.8333333333333334,C:\Users\Shama\OneDrive\Documents\Side_Projects\Side_Projects\IAPrecinctMap\data\2000\20001107__ia__general__precinct.csv,13497
JOHNSON,OXFORD,JOHNSON - OXFORD TOWNSHIP/OXFORD,election_geometry_prefix,0.98,C:\Users\Shama\OneDrive\Documents\Side_Projects\Side_Projects\IAPrecinctMap\data\2000\20001107__ia__general__precinct.csv,13513
JOHNSON,PENN,JOHNSON - PENN/EAST LUCAS NORTH,election_geometry_prefix,0.98,C:\Users\Shama\OneDrive\Documents\Side_Projects\Side_Projects\IAPrecinctMap\data\2000\20001107__ia__general__precinct.csv,13526
JOHNSON,PLEASANT VALLEY-E LUCAS S,,election_geometry_ambiguous,0.625,C:\Users\Shama\OneDrive\Documents\Side_Projects\Side_Projects\IAPrecinctMap\data\2000\20001107__ia__general__precinct.csv,13539
JOHNSON,SCOTT,JOHNSON - SCOTT TWP-WEST BRANCH,election_geometry_prefix,0.98,C:\Users\Shama\OneDrive\Documents\Side_Projects\Side_Projects\IAPrecinctMap\data\2000\20001107__ia__general__precinct.csv,13555
JOHNSON,SHARON,JOHNSON - SHARON TOWNSHIP,election_geometry_prefix,0.98,C:\Users\Shama\OneDrive\Documents\Side_Projects\Side_Projects\IAPrecinctMap\data\2000\20001107__ia__general__precinct.csv,13568
JOHNSON,UNION,JOHNSON - UNION TOWNSHIP,election_geometry_prefix,0.98,C:\Users\Shama\OneDrive\Documents\Side_Projects\Side_Projects\IAPrecinctMap\data\2000\20001107__ia__general__precinct.csv,13581
JOHNSON,UNIVERSITY HEIGHTS,JOHNSON - UNIVERSITY HEIGHTS,election_geometry_exact,1.0,C:\Users\Shama\OneDrive\Documents\Side_Projects\Side_Projects\IAPrecinctMap\data\2000\20001107__ia__general__precinct.csv,13594
JOHNSON,WASHINGTON,JOHNSON - WASHINGTON TOWNSHIP,election_geometry_prefix,0.98,C:\Users\Shama\OneDrive\Documents\Side_Projects\Side_Projects\IAPrecinctMap\data\2000\20001107__ia__general__precinct.csv,13608
JOHNSON,WEST LUCAS,JOHNSON - WEST LUCAS TOWNSHIP,election_geometry_prefix,0.98,C:\Users\Shama\OneDrive\Documents\Side_Projects\Side_Projects\IAPrecinctMap\data\2000\20001107__ia__general__precinct.csv,13621
JONES,ABSENTEE & SPECIAL BALLOTS,,election_geometry_ambiguous,0.34615384615384615,C:\Users\Shama\OneDrive\Documents\Side_Projects\Side_Projects\IAPrecinctMap\data\2000\20001107__ia__general__precinct.csv,13644
JONES,ANAMOSA 1-CASS,,election_geometry_ambiguous,0.7222222222222222,C:\Users\Shama\OneDrive\Documents\Side_Projects\Side_Projects\IAPrecinctMap\data\2000\20001107__ia__general__precinct.csv,13654
JONES,ANAMOSA 2-FAIRVIEW,,election_geometry_ambiguous,0.6206896551724138,C:\Users\Shama\OneDrive\Documents\Side_Projects\Side_Projects\IAPrecinctMap\data\2000\20001107__ia__general__precinct.csv,13669
JONES,ANAMOSA 3,,election_geometry_ambiguous,0.5161290322580645,C:\Users\Shama\OneDrive\Documents\Side_Projects\Side_Projects\IAPrecinctMap\data\2000\20001107__ia__general__precinct.csv,13684
JONES,ANAMOSA 4-JACKSON,,election_geometry_ambiguous,0.7619047619047619,C:\Users\Shama\OneDrive\Documents\Side_Projects\Side_Projects\IAPrecinctMap\data\2000\20001107__ia__general__precinct.csv,13699
JONES,CASCADE-RICHLAND EAST-WASHINGTON,,election_geometry_ambiguous,0.75,C:\Users\Shama\OneDrive\Documents\Side_Projects\Side_Projects\IAPrecinctMap\data\2000\20001107__ia__general__precinct.csv,13714
JONES,CASTLE GROVE,,election_geometry_ambiguous,0.6111111111111112,C:\Users\Shama\OneDrive\Documents\Side_Projects\Side_Projects\IAPrecinctMap\data\2000\20001107__ia__general__precinct.csv,13729
JONES,CENTER JCT-MADISON,,election_geometry_ambiguous,0.47619047619047616,C:\Users\Shama\OneDrive\Documents\Side_Projects\Side_Projects\IAPrecinctMap\data\2000\20001107__ia__general__precinct.csv,13744
JONES,GREENFIELD WEST,,election_geometry_ambiguous,0.7142857142857143,C:\Users\Shama\OneDrive\Documents\Side_Projects\Side_Projects\IAPrecinctMap\data\2000\20001107__ia__general__precinct.csv,13759
JONES,MONTICELLO 1-LOVELL,,election_geometry_ambiguous,0.6857142857142857,C:\Users\Shama\OneDrive\Documents\Side_Projects\Side_Projects\IAPrecinctMap\data\2000\20001107__ia__general__precinct.csv,13774
JONES,MONTICELLO 2,,election_geometry_ambiguous,0.8571428571428571,C:\Users\Shama\OneDrive\Documents\Side_Projects\Side_Projects\IAPrecinctMap\data\2000\20001107__ia__general__precinct.csv,13789
JONES,MONTICELLO 3-RICHLAND WEST,,election_geometry_ambiguous,0.5714285714285714,C:\Users\Shama\OneDrive\Documents\Side_Projects\Side_Projects\IAPrecinctMap\data\2000\20001107__ia__general__precinct.csv,13804
JONES,MONTICELLO 4,,election_geometry_ambiguous,0.8571428571428571,C:\Users\Shama\OneDrive\Documents\Side_Projects\Side_Projects\IAPrecinctMap\data\2000\20001107__ia__general__precinct.csv,13819
JONES,MORLEY,,election_geometry_ambiguous,0.3,C:\Users\Shama\OneDrive\Documents\Side_Projects\Side_Projects\IAPrecinctMap\data\2000\20001107__ia__general__precinct.csv,13834
JONES,ONSLOW CLAY,,election_geometry_ambiguous,0.4,C:\Users\Shama\OneDrive\Documents\Side_Projects\Side_Projects\IAPrecinctMap\data\2000\20001107__ia__general__precinct.csv,13849
JONES,OXFORD,,election_geometry_ambiguous,0.8,C:\Users\Shama\OneDrive\Documents\Side_Projects\Side_Projects\IAPrecinctMap\data\2000\20001107__ia__general__precinct.csv,13864
JONES,ROME EAST-HALE,,election_geometry_ambiguous,0.6428571428571429,C:\Users\Shama\OneDrive\Documents\Side_Projects\Side_Projects\IAPrecinctMap\data\2000\20001107__ia__general__precinct.csv,13879
JONES,WAYNE-SCOTCH GROVE,,election_geometry_ambiguous,0.4186046511627907,C:\Users\Shama\OneDrive\Documents\Side_Projects\Side_Projects\IAPrecinctMap\data\2000\20001107__ia__general__precinct.csv,13894
JONES,WYOMING,,election_geometry_ambiguous,0.8235294117647058,C:\Users\Shama\OneDrive\Documents\Side_Projects\Side_Projects\IAPrecinctMap\data\2000\20001107__ia__general__precinct.csv,13909
KEOKUK,ABSENTEE & SPECIAL BALLOTS,,election_geometry_ambiguous,0.4444444444444444,C:\Users\Shama\OneDrive\Documents\Side_Projects\Side_Projects\IAPrecinctMap\data\2000\20001107__ia__general__precinct.csv,13931
KEOKUK,ADAMS,KEOKUK - ADAMS,election_geometry_exact,1.0,C:\Users\Shama\OneDrive\Documents\Side_Projects\Side_Projects\IAPrecinctMap\data\2000\20001107__ia__general__precinct.csv,13941
KEOKUK,BENTON STEADY RUN,KEOKUK - BENTON/STEADY RUN,election_geometry_exact,1.0,C:\Users\Shama\OneDrive\Documents\Side_Projects\Side_Projects\IAPrecinctMap\data\2000\20001107__ia__general__precinct.csv,13958
KEOKUK,EAST LAFAYETTE,,election_geometry_ambiguous,0.6060606060606061,C:\Users\Shama\OneDrive\Documents\Side_Projects\Side_Projects\IAPrecinctMap\data\2000\20001107__ia__general__precinct.csv,13975
KEOKUK,EAST WEST LANCASTER,KEOKUK - EAST/WEST LANCASTER,election_geometry_exact,1.0,C:\Users\Shama\OneDrive\Documents\Side_Projects\Side_Projects\IAPrecinctMap\data\2000\20001107__ia__general__precinct.csv,13992
KEOKUK,ENGLISH RIVER LIBERTY,KEOKUK - ENGLISH RIVER/LIBERTY,election_geometry_exact,1.0,C:\Users\Shama\OneDrive\Documents\Side_Projects\Side_Projects\IAPrecinctMap\data\2000\20001107__ia__general__precinct.csv,14009
KEOKUK,JACKSON,KEOKUK - JACKSON,election_geometry_exact,1.0,C:\Users\Shama\OneDrive\Documents\Side_Projects\Side_Projects\IAPrecinctMap\data\2000\20001107__ia__general__precinct.csv,14026
KEOKUK,LAFAYETTE (WEST) CLEAR CREEK,KEOKUK - LAFAYETTE/CLEAR CREEK,election_geometry_fuzzy,0.8936170212765957,C:\Users\Shama\OneDrive\Documents\Side_Projects\Side_Projects\IAPrecinctMap\data\2000\20001107__ia__general__precinct.csv,14043
KEOKUK,PRAIRIE,KEOKUK - PRAIRIE,election_geometry_exact,1.0,C:\Users\Shama\OneDrive\Documents\Side_Projects\Side_Projects\IAPrecinctMap\data\2000\20001107__ia__general__precinct.csv,14060
KEOKUK,RICHLAND,KEOKUK - RICHLAND,election_geometry_exact,1.0,C:\Users\Shama\OneDrive\Documents\Side_Projects\Side_Projects\IAPrecinctMap\data\2000\20001107__ia__general__precinct.csv,14077
KEOKUK,SIGOURNEY 1,KEOKUK - SIGOURNEY 1ST WARD,election_geometry_prefix,0.98,C:\Users\Shama\OneDrive\Documents\Side_Projects\Side_Projects\IAPrecinctMap\data\2000\20001107__ia__general__precinct.csv,14094
KEOKUK,SIGOURNEY 2,KEOKUK - SIGOURNEY 2ND WARD,election_geometry_prefix,0.98,C:\Users\Shama\OneDrive\Documents\Side_Projects\Side_Projects\IAPrecinctMap\data\2000\20001107__ia__general__precinct.csv,14111
KEOKUK,SIGOURNEY 3,KEOKUK - SIGOURNEY 3RD WARD,election_geometry_prefix,0.98,C:\Users\Shama\OneDrive\Documents\Side_Projects\Side_Projects\IAPrecinctMap\data\2000\20001107__ia__general__precinct.csv,14128
KEOKUK,SIGOURNEY 4,KEOKUK - SIGOURNEY 4TH WARD,election_geometry_prefix,0.98,C:\Users\Shama\OneDrive\Documents\Side_Projects\Side_Projects\IAPrecinctMap\data\2000\20001107__ia__general__precinct.csv,14145
KEOKUK,SIGOURNEY TWP/PLANK/VANBUREN,KEOKUK - SIGOURNEY/PLANK/VAN BUREN,election_geometry_fuzzy,0.9056603773584906,C:\Users\Shama\OneDrive\Documents\Side_Projects\Side_Projects\IAPrecinctMap\data\2000\20001107__ia__general__precinct.csv,14162
KEOKUK,WARREN,KEOKUK - WARREN,election_geometry_exact,1.0,C:\Users\Shama\OneDrive\Documents\Side_Projects\Side_Projects\IAPrecinctMap\data\2000\20001107__ia__general__precinct.csv,14179
KEOKUK,WHAT CHEER WASHINGTON,KEOKUK - WHAT CHEER/WASHINGTON,election_geometry_exact,1.0,C:\Users\Shama\OneDrive\Documents\Side_Projects\Side_Projects\IAPrecinctMap\data\2000\20001107__ia__general__precinct.csv,14196
KOSSUTH,ABSENTEE & SPECIAL BALLOTS,,election_geometry_ambiguous,0.20512820512820512,C:\Users\Shama\OneDrive\Documents\Side_Projects\Side_Projects\IAPrecinctMap\data\2000\20001107__ia__general__precinct.csv,14223
KOSSUTH,ALGONA1 CRESCO1,,election_geometry_ambiguous,0.3333333333333333,C:\Users\Shama\OneDrive\Documents\Side_Projects\Side_Projects\IAPrecinctMap\data\2000\20001107__ia__general__precinct.csv,14232
KOSSUTH,ALGONA2 CRESCO3 IV PLUM CREEK,,election_geometry_ambiguous,0.3783783783783784,C:\Users\Shama\OneDrive\Documents\Side_Projects\Side_Projects\IAPrecinctMap\data\2000\20001107__ia__general__precinct.csv,14246
KOSSUTH,ALGONA3,,election_geometry_ambiguous,0.6,C:\Users\Shama\OneDrive\Documents\Side_Projects\Side_Projects\IAPrecinctMap\data\2000\20001107__ia__general__precinct.csv,14260
KOSSUTH,ALGONA4 CRESCO2 UNION2,,election_geometry_ambiguous,0.26666666666666666,C:\Users\Shama\OneDrive\Documents\Side_Projects\Side_Projects\IAPrecinctMap\data\2000\20001107__ia__general__precinct.csv,14274
KOSSUTH,BANCROFT RAMSEY,,election_geometry_ambiguous,0.34782608695652173,C:\Users\Shama\OneDrive\Documents\Side_Projects\Side_Projects\IAPrecinctMap\data\2000\20001107__ia__general__precinct.csv,14288
KOSSUTH,BUFFALO GERMAN,,election_geometry_ambiguous,0.3157894736842105,C:\Users\Shama\OneDrive\Documents\Side_Projects\Side_Projects\IAPrecinctMap\data\2000\20001107__ia__general__precinct.csv,14302
KOSSUTH,BURT UNION4,,election_geometry_ambiguous,0.5263157894736842,C:\Users\Shama\OneDrive\Documents\Side_Projects\Side_Projects\IAPrecinctMap\data\2000\20001107__ia__general__precinct.csv,14316
KOSSUTH,EAGLE GRANT HARRISON SWEA,,election_geometry_ambiguous,0.6111111111111112,C:\Users\Shama\OneDrive\Documents\Side_Projects\Side_Projects\IAPrecinctMap\data\2000\20001107__ia__general__precinct.csv,14330
KOSSUTH,FENTON1 SENECA,,election_geometry_ambiguous,0.32,C:\Users\Shama\OneDrive\Documents\Side_Projects\Side_Projects\IAPrecinctMap\data\2000\20001107__ia__general__precinct.csv,14344
KOSSUTH,FENTON2,,election_geometry_ambiguous,0.3333333333333333,C:\Users\Shama\OneDrive\Documents\Side_Projects\Side_Projects\IAPrecinctMap\data\2000\20001107__ia__general__precinct.csv,14358
KOSSUTH,GARFIELD,,election_geometry_ambiguous,0.36363636363636365,C:\Users\Shama\OneDrive\Documents\Side_Projects\Side_Projects\IAPrecinctMap\data\2000\20001107__ia__general__precinct.csv,14372
KOSSUTH,GREENWOOD,,election_geometry_ambiguous,0.2857142857142857,C:\Users\Shama\OneDrive\Documents\Side_Projects\Side_Projects\IAPrecinctMap\data\2000\20001107__ia__general__precinct.csv,14387
KOSSUTH,HEBRON LEDYARD1 LINCOLN,,election_geometry_ambiguous,0.23529411764705882,C:\Users\Shama\OneDrive\Documents\Side_Projects\Side_Projects\IAPrecinctMap\data\2000\20001107__ia__general__precinct.csv,14401
KOSSUTH,LEDYARD2,,election_geometry_ambiguous,0.36363636363636365,C:\Users\Shama\OneDrive\Documents\Side_Projects\Side_Projects\IAPrecinctMap\data\2000\20001107__ia__general__precinct.csv,14415
KOSSUTH,LOTTS CREEK WHITTEMORE,,election_geometry_ambiguous,0.3333333333333333,C:\Users\Shama\OneDrive\Documents\Side_Projects\Side_Projects\IAPrecinctMap\data\2000\20001107__ia__general__precinct.csv,14429
KOSSUTH,LUVERNE SHERMAN,,election_geometry_ambiguous,0.5,C:\Users\Shama\OneDrive\Documents\Side_Projects\Side_Projects\IAPrecinctMap\data\2000\20001107__ia__general__precinct.csv,14444
KOSSUTH,PLUM CREEK5 PORTLAND,,election_geometry_ambiguous,0.2857142857142857,C:\Users\Shama\OneDrive\Documents\Side_Projects\Side_Projects\IAPrecinctMap\data\2000\20001107__ia__general__precinct.csv,14458
KOSSUTH,PRAIRIE WESLEY,,election_geometry_ambiguous,0.5263157894736842,C:\Users\Shama\OneDrive\Documents\Side_Projects\Side_Projects\IAPrecinctMap\data\2000\20001107__ia__general__precinct.csv,14472
KOSSUTH,RIVERDALE,,election_geometry_ambiguous,0.47058823529411764,C:\Users\Shama\OneDrive\Documents\Side_Projects\Side_Projects\IAPrecinctMap\data\2000\20001107__ia__general__precinct.csv,14486
KOSSUTH,SPRINGFIELD,,election_geometry_ambiguous,0.375,C:\Users\Shama\OneDrive\Documents\Side_Projects\Side_Projects\IAPrecinctMap\data\2000\20001107__ia__general__precinct.csv,14500
KOSSUTH,WHITTEMORE1,,election_geometry_ambiguous,0.26666666666666666,C:\Users\Shama\OneDrive\Documents\Side_Projects\Side_Projects\IAPrecinctMap\data\2000\20001107__ia__general__precinct.csv,14514
LEE,ABSENTEE & SPECIAL BALLOTS,,election_geometry_ambiguous,0.25,C:\Users\Shama\OneDrive\Documents\Side_Projects\Side_Projects\IAPrecinctMap\data\2000\20001107__ia__general__precinct.csv,14537
LEE,CEDAR & MARION,,election_geometry_ambiguous,0.6486486486486487,C:\Users\Shama\OneDrive\Documents\Side_Projects\Side_Projects\IAPrecinctMap\data\2000\20001107__ia__general__precinct.csv,14547
LEE,CHARLESTON & VAN BUREN,LEE - CHARLESTON/DSM/VAN BUREN,election_geometry_fuzzy,0.9166666666666666,C:\Users\Shama\OneDrive\Documents\Side_Projects\Side_Projects\IAPrecinctMap\data\2000\20001107__ia__general__precinct.csv,14561
LEE,DENMARK,,election_geometry_ambiguous,0.35,C:\Users\Shama\OneDrive\Documents\Side_Projects\Side_Projects\IAPrecinctMap\data\2000\20001107__ia__general__precinct.csv,14575
LEE,DES MOINES,,election_geometry_ambiguous,0.4444444444444444,C:\Users\Shama\OneDrive\Documents\Side_Projects\Side_Projects\IAPrecinctMap\data\2000\20001107__ia__general__precinct.csv,14589
LEE,DONNELLSON FRANKLIN & HARRISON,,election_geometry_ambiguous,0.6037735849056604,C:\Users\Shama\OneDrive\Documents\Side_Projects\Side_Projects\IAPrecinctMap\data\2000\20001107__ia__general__precinct.csv,14603
LEE,FORT MADISON 1,LEE - FORT MADISON 1,election_geometry_exact,1.0,C:\Users\Shama\OneDrive\Documents\Side_Projects\Side_Projects\IAPrecinctMap\data\2000\20001107__ia__general__precinct.csv,14617
LEE,FORT MADISON 2,LEE - FORT MADISON 2,election_geometry_exact,1.0,C:\Users\Shama\OneDrive\Documents\Side_Projects\Side_Projects\IAPrecinctMap\data\2000\20001107__ia__general__precinct.csv,14631
LEE,FORT MADISON 3,LEE - FORT MADISON 3,election_geometry_exact,1.0,C:\Users\Shama\OneDrive\Documents\Side_Projects\Side_Projects\IAPrecinctMap\data\2000\20001107__ia__general__precinct.csv,14645
LEE,FORT MADISON 4,LEE - FORT MADISON 4,election_geometry_exact,1.0,C:\Users\Shama\OneDrive\Documents\Side_Projects\Side_Projects\IAPrecinctMap\data\2000\20001107__ia__general__precinct.csv,14659
LEE,FORT MADISON 5 & MADISON TWP,LEE - FORT MADISON 5,election_geometry_prefix,0.98,C:\Users\Shama\OneDrive\Documents\Side_Projects\Side_Projects\IAPrecinctMap\data\2000\20001107__ia__general__precinct.csv,14673
LEE,GREEN BAY,LEE - GREEN BAY/WASHINGTON,election_geometry_prefix,0.98,C:\Users\Shama\OneDrive\Documents\Side_Projects\Side_Projects\IAPrecinctMap\data\2000\20001107__ia__general__precinct.csv,14687
LEE,JACKSON,LEE - JACKSON,election_geometry_exact,1.0,C:\Users\Shama\OneDrive\Documents\Side_Projects\Side_Projects\IAPrecinctMap\data\2000\20001107__ia__general__precinct.csv,14701
LEE,JEFFERSON,LEE - JEFFERSON,election_geometry_exact,1.0,C:\Users\Shama\OneDrive\Documents\Side_Projects\Side_Projects\IAPrecinctMap\data\2000\20001107__ia__general__precinct.csv,14715
LEE,KEOKUK 1,LEE - KEOKUK 1,election_geometry_exact,1.0,C:\Users\Shama\OneDrive\Documents\Side_Projects\Side_Projects\IAPrecinctMap\data\2000\20001107__ia__general__precinct.csv,14729
LEE,KEOKUK 2,LEE - KEOKUK 2,election_geometry_exact,1.0,C:\Users\Shama\OneDrive\Documents\Side_Projects\Side_Projects\IAPrecinctMap\data\2000\20001107__ia__general__precinct.csv,14743
LEE,KEOKUK 3,LEE - KEOKUK 3,election_geometry_exact,1.0,C:\Users\Shama\OneDrive\Documents\Side_Projects\Side_Projects\IAPrecinctMap\data\2000\20001107__ia__general__precinct.csv,14757
LEE,KEOKUK 4,LEE - KEOKUK 4,election_geometry_exact,1.0,C:\Users\Shama\OneDrive\Documents\Side_Projects\Side_Projects\IAPrecinctMap\data\2000\20001107__ia__general__precinct.csv,14771
LEE,KEOKUK 5,LEE - KEOKUK 5,election_geometry_exact,1.0,C:\Users\Shama\OneDrive\Documents\Side_Projects\Side_Projects\IAPrecinctMap\data\2000\20001107__ia__general__precinct.csv,14785
LEE,KEOKUK 6,LEE - KEOKUK 6,election_geometry_exact,1.0,C:\Users\Shama\OneDrive\Documents\Side_Projects\Side_Projects\IAPrecinctMap\data\2000\20001107__ia__general__precinct.csv,14799
LEE,KEOKUK 7,LEE - KEOKUK 7,election_geometry_exact,1.0,C:\Users\Shama\OneDrive\Documents\Side_Projects\Side_Projects\IAPrecinctMap\data\2000\20001107__ia__general__precinct.csv,14813
LEE,MONTROSE,LEE - MONTROSE,election_geometry_exact,1.0,C:\Users\Shama\OneDrive\Documents\Side_Projects\Side_Projects\IAPrecinctMap\data\2000\20001107__ia__general__precinct.csv,14827
LEE,PLEASANT RIDGE W PT,,election_geometry_ambiguous,0.5769230769230769,C:\Users\Shama\OneDrive\Documents\Side_Projects\Side_Projects\IAPrecinctMap\data\2000\20001107__ia__general__precinct.csv,14841
LEE,WASHINGTON,,election_geometry_ambiguous,0.6666666666666666,C:\Users\Shama\OneDrive\Documents\Side_Projects\Side_Projects\IAPrecinctMap\data\2000\20001107__ia__general__precinct.csv,14855
LINN,ABSENTEE & SPECIAL BALLOTS,,election_geometry_ambiguous,0.34782608695652173,C:\Users\Shama\OneDrive\Documents\Side_Projects\Side_Projects\IAPrecinctMap\data\2000\20001107__ia__general__precinct.csv,14894
LINN,BERTRAM TOWNSHIP,LINN - BERTRAM,election_geometry_prefix,0.98,C:\Users\Shama\OneDrive\Documents\Side_Projects\Side_Projects\IAPrecinctMap\data\2000\20001107__ia__general__precinct.csv,14904
LINN,BOULDER TOWNSHIP,LINN - BOULDER,election_geometry_prefix,0.98,C:\Users\Shama\OneDrive\Documents\Side_Projects\Side_Projects\IAPrecinctMap\data\2000\20001107__ia__general__precinct.csv,14919
LINN,BROWN TOWNSHIP,LINN - BROWN,election_geometry_prefix,0.98,C:\Users\Shama\OneDrive\Documents\Side_Projects\Side_Projects\IAPrecinctMap\data\2000\20001107__ia__general__precinct.csv,14935
LINN,BUFFALO TOWNSHIP,LINN - BUFFALO,election_geometry_prefix,0.98,C:\Users\Shama\OneDrive\Documents\Side_Projects\Side_Projects\IAPrecinctMap\data\2000\20001107__ia__general__precinct.csv,14951
LINN,CEDAR RAPIDS 1,,election_geometry_ambiguous,0.9655172413793104,C:\Users\Shama\OneDrive\Documents\Side_Projects\Side_Projects\IAPrecinctMap\data\2000\20001107__ia__general__precinct.csv,14967
LINN,CEDAR RAPIDS 10,LINN - CEDAR RAPIDS 10,election_geometry_exact,1.0,C:\Users\Shama\OneDrive\Documents\Side_Projects\Side_Projects\IAPrecinctMap\data\2000\20001107__ia__general__precinct.csv,15102
LINN,CEDAR RAPIDS 11,LINN - CEDAR RAPIDS 11,election_geometry_exact,1.0,C:\Users\Shama\OneDrive\Documents\Side_Projects\Side_Projects\IAPrecinctMap\data\2000\20001107__ia__general__precinct.csv,15118
LINN,CEDAR RAPIDS 12,LINN - CEDAR RAPIDS 12,election_geometry_exact,1.0,C:\Users\Shama\OneDrive\Documents\Side_Projects\Side_Projects\IAPrecinctMap\data\2000\20001107__ia__general__precinct.csv,15134
LINN,CEDAR RAPIDS 13,LINN - CEDAR RAPIDS 13,election_geometry_exact,1.0,C:\Users\Shama\OneDrive\Documents\Side_Projects\Side_Projects\IAPrecinctMap\data\2000\20001107__ia__general__precinct.csv,15150
LINN,CEDAR RAPIDS 14,LINN - CEDAR RAPIDS 14,election_geometry_exact,1.0,C:\Users\Shama\OneDrive\Documents\Side_Projects\Side_Projects\IAPrecinctMap\data\2000\20001107__ia__general__precinct.csv,15166
LINN,CEDAR RAPIDS 15,LINN - CEDAR RAPIDS 15,election_geometry_exact,1.0,C:\Users\Shama\OneDrive\Documents\Side_Projects\Side_Projects\IAPrecinctMap\data\2000\20001107__ia__general__precinct.csv,15182
LINN,CEDAR RAPIDS 16,LINN - CEDAR RAPIDS 16,election_geometry_exact,1.0,C:\Users\Shama\OneDrive\Documents\Side_Projects\Side_Projects\IAPrecinctMap\data\2000\20001107__ia__general__precinct.csv,15198
LINN,CEDAR RAPIDS 17,LINN - CEDAR RAPIDS 17,election_geometry_exact,1.0,C:\Users\Shama\OneDrive\Documents\Side_Projects\Side_Projects\IAPrecinctMap\data\2000\20001107__ia__general__precinct.csv,15214
LINN,CEDAR RAPIDS 18,LINN - CEDAR RAPIDS 18,election_geometry_exact,1.0,C:\Users\Shama\OneDrive\Documents\Side_Projects\Side_Projects\IAPrecinctMap\data\2000\20001107__ia__general__precinct.csv,15226
LINN,CEDAR RAPIDS 19,LINN - CEDAR RAPIDS 19,election_geometry_exact,1.0,C:\Users\Shama\OneDrive\Documents\Side_Projects\Side_Projects\IAPrecinctMap\data\2000\20001107__ia__general__precinct.csv,15238
LINN,CEDAR RAPIDS 2,,election_geometry_ambiguous,0.9655172413793104,C:\Users\Shama\OneDrive\Documents\Side_Projects\Side_Projects\IAPrecinctMap\data\2000\20001107__ia__general__precinct.csv,14980
LINN,CEDAR RAPIDS 20,LINN - CEDAR RAPIDS 20,election_geometry_exact,1.0,C:\Users\Shama\OneDrive\Documents\Side_Projects\Side_Projects\IAPrecinctMap\data\2000\20001107__ia__general__precinct.csv,15250
LINN,CEDAR RAPIDS 21,LINN - CEDAR RAPIDS 21,election_geometry_exact,1.0,C:\Users\Shama\OneDrive\Documents\Side_Projects\Side_Projects\IAPrecinctMap\data\2000\20001107__ia__general__precinct.csv,15262
LINN,CEDAR RAPIDS 22,LINN - CEDAR RAPIDS 22,election_geometry_exact,1.0,C:\Users\Shama\OneDrive\Documents\Side_Projects\Side_Projects\IAPrecinctMap\data\2000\20001107__ia__general__precinct.csv,15274
LINN,CEDAR RAPIDS 23,LINN - CEDAR RAPIDS 23,election_geometry_exact,1.0,C:\Users\Shama\OneDrive\Documents\Side_Projects\Side_Projects\IAPrecinctMap\data\2000\20001107__ia__general__precinct.csv,15286
LINN,CEDAR RAPIDS 24,LINN - CEDAR RAPIDS 24,election_geometry_exact,1.0,C:\Users\Shama\OneDrive\Documents\Side_Projects\Side_Projects\IAPrecinctMap\data\2000\20001107__ia__general__precinct.csv,15298
LINN,CEDAR RAPIDS 25,LINN - CEDAR RAPIDS 25,election_geometry_exact,1.0,C:\Users\Shama\OneDrive\Documents\Side_Projects\Side_Projects\IAPrecinctMap\data\2000\20001107__ia__general__precinct.csv,15310
LINN,CEDAR RAPIDS 26,LINN - CEDAR RAPIDS 26,election_geometry_exact,1.0,C:\Users\Shama\OneDrive\Documents\Side_Projects\Side_Projects\IAPrecinctMap\data\2000\20001107__ia__general__precinct.csv,15322
LINN,CEDAR RAPIDS 27,LINN - CEDAR RAPIDS 27,election_geometry_exact,1.0,C:\Users\Shama\OneDrive\Documents\Side_Projects\Side_Projects\IAPrecinctMap\data\2000\20001107__ia__general__precinct.csv,15334
LINN,CEDAR RAPIDS 28,LINN - CEDAR RAPIDS 28,election_geometry_exact,1.0,C:\Users\Shama\OneDrive\Documents\Side_Projects\Side_Projects\IAPrecinctMap\data\2000\20001107__ia__general__precinct.csv,15346
LINN,CEDAR RAPIDS 29,LINN - CEDAR RAPIDS 29,election_geometry_exact,1.0,C:\Users\Shama\OneDrive\Documents\Side_Projects\Side_Projects\IAPrecinctMap\data\2000\20001107__ia__general__precinct.csv,15358
LINN,CEDAR RAPIDS 3,,election_geometry_ambiguous,0.9655172413793104,C:\Users\Shama\OneDrive\Documents\Side_Projects\Side_Projects\IAPrecinctMap\data\2000\20001107__ia__general__precinct.csv,14993
LINN,CEDAR RAPIDS 30,LINN - CEDAR RAPIDS 30,election_geometry_exact,1.0,C:\Users\Shama\OneDrive\Documents\Side_Projects\Side_Projects\IAPrecinctMap\data\2000\20001107__ia__general__precinct.csv,15370
LINN,CEDAR RAPIDS 31,LINN - CEDAR RAPIDS 31,election_geometry_exact,1.0,C:\Users\Shama\OneDrive\Documents\Side_Projects\Side_Projects\IAPrecinctMap\data\2000\20001107__ia__general__precinct.csv,15382
LINN,CEDAR RAPIDS 32,LINN - CEDAR RAPIDS 32,election_geometry_exact,1.0,C:\Users\Shama\OneDrive\Documents\Side_Projects\Side_Projects\IAPrecinctMap\data\2000\20001107__ia__general__precinct.csv,15394
LINN,CEDAR RAPIDS 33,LINN - CEDAR RAPIDS 33,election_geometry_exact,1.0,C:\Users\Shama\OneDrive\Documents\Side_Projects\Side_Projects\IAPrecinctMap\data\2000\20001107__ia__general__precinct.csv,15406
LINN,CEDAR RAPIDS 34,LINN - CEDAR RAPIDS 34,election_geometry_exact,1.0,C:\Users\Shama\OneDrive\Documents\Side_Projects\Side_Projects\IAPrecinctMap\data\2000\20001107__ia__general__precinct.csv,15418
LINN,CEDAR RAPIDS 35,LINN - CEDAR RAPIDS 35,election_geometry_exact,1.0,C:\Users\Shama\OneDrive\Documents\Side_Projects\Side_Projects\IAPrecinctMap\data\2000\20001107__ia__general__precinct.csv,15430
LINN,CEDAR RAPIDS 36,LINN - CEDAR RAPIDS 36,election_geometry_exact,1.0,C:\Users\Shama\OneDrive\Documents\Side_Projects\Side_Projects\IAPrecinctMap\data\2000\20001107__ia__general__precinct.csv,15442
LINN,CEDAR RAPIDS 37,LINN - CEDAR RAPIDS 37,election_geometry_exact,1.0,C:\Users\Shama\OneDrive\Documents\Side_Projects\Side_Projects\IAPrecinctMap\data\2000\20001107__ia__general__precinct.csv,15454
LINN,CEDAR RAPIDS 38,LINN - CEDAR RAPIDS 38,election_geometry_exact,1.0,C:\Users\Shama\OneDrive\Documents\Side_Projects\Side_Projects\IAPrecinctMap\data\2000\20001107__ia__general__precinct.csv,15466
LINN,CEDAR RAPIDS 39,LINN - CEDAR RAPIDS 39,election_geometry_exact,1.0,C:\Users\Shama\OneDrive\Documents\Side_Projects\Side_Projects\IAPrecinctMap\data\2000\20001107__ia__general__precinct.csv,15478
LINN,CEDAR RAPIDS 4,,election_geometry_ambiguous,0.9655172413793104,C:\Users\Shama\OneDrive\Documents\Side_Projects\Side_Projects\IAPrecinctMap\data\2000\20001107__ia__general__precinct.csv,15006
LINN,CEDAR RAPIDS 40,LINN - CEDAR RAPIDS 40,election_geometry_exact,1.0,C:\Users\Shama\OneDrive\Documents\Side_Projects\Side_Projects\IAPrecinctMap\data\2000\20001107__ia__general__precinct.csv,15494
LINN,CEDAR RAPIDS 41,LINN - CEDAR RAPIDS 41,election_geometry_exact,1.0,C:\Users\Shama\OneDrive\Documents\Side_Projects\Side_Projects\IAPrecinctMap\data\2000\20001107__ia__general__precinct.csv,15510
LINN,CEDAR RAPIDS 42,LINN - CEDAR RAPIDS 42,election_geometry_exact,1.0,C:\Users\Shama\OneDrive\Documents\Side_Projects\Side_Projects\IAPrecinctMap\data\2000\20001107__ia__general__precinct.csv,15526
LINN,CEDAR RAPIDS 43,LINN - CEDAR RAPIDS 43,election_geometry_exact,1.0,C:\Users\Shama\OneDrive\Documents\Side_Projects\Side_Projects\IAPrecinctMap\data\2000\20001107__ia__general__precinct.csv,15542
LINN,CEDAR RAPIDS 5,,election_geometry_ambiguous,0.9655172413793104,C:\Users\Shama\OneDrive\Documents\Side_Projects\Side_Projects\IAPrecinctMap\data\2000\20001107__ia__general__precinct.csv,15022
LINN,CEDAR RAPIDS 6,,election_geometry_ambiguous,0.9655172413793104,C:\Users\Shama\OneDrive\Documents\Side_Projects\Side_Projects\IAPrecinctMap\data\2000\20001107__ia__general__precinct.csv,15038
LINN,CEDAR RAPIDS 7,,election_geometry_ambiguous,0.9655172413793104,C:\Users\Shama\OneDrive\Documents\Side_Projects\Side_Projects\IAPrecinctMap\data\2000\20001107__ia__general__precinct.csv,15054
LINN,CEDAR RAPIDS 8,,election_geometry_ambiguous,0.9655172413793104,C:\Users\Shama\OneDrive\Documents\Side_Projects\Side_Projects\IAPrecinctMap\data\2000\20001107__ia__general__precinct.csv,15070
LINN,CEDAR RAPIDS 9,,election_geometry_ambiguous,0.9655172413793104,C:\Users\Shama\OneDrive\Documents\Side_Projects\Side_Projects\IAPrecinctMap\data\2000\20001107__ia__general__precinct.csv,15086
LINN,CLINTON TOWNSHIP,LINN - CLINTON,election_geometry_prefix,0.98,C:\Users\Shama\OneDrive\Documents\Side_Projects\Side_Projects\IAPrecinctMap\data\2000\20001107__ia__general__precinct.csv,15558
LINN,COLLEGE TOWNSHIP,LINN - COLLEGE,election_geometry_prefix,0.98,C:\Users\Shama\OneDrive\Documents\Side_Projects\Side_Projects\IAPrecinctMap\data\2000\20001107__ia__general__precinct.csv,15571
LINN,FAIRFAX TOWNSHIP,LINN - FAIRFAX TOWNSHIP,election_geometry_exact,1.0,C:\Users\Shama\OneDrive\Documents\Side_Projects\Side_Projects\IAPrecinctMap\data\2000\20001107__ia__general__precinct.csv,15584
LINN,FAYETTE TOWNSHIP,LINN - FAYETTE,election_geometry_prefix,0.98,C:\Users\Shama\OneDrive\Documents\Side_Projects\Side_Projects\IAPrecinctMap\data\2000\20001107__ia__general__precinct.csv,15597
LINN,FRANKLIN LISBON,LINN - FRANKLIN,election_geometry_prefix,0.98,C:\Users\Shama\OneDrive\Documents\Side_Projects\Side_Projects\IAPrecinctMap\data\2000\20001107__ia__general__precinct.csv,15613
LINN,GRANT TOWNSHIP,LINN - GRANT,election_geometry_prefix,0.98,C:\Users\Shama\OneDrive\Documents\Side_Projects\Side_Projects\IAPrecinctMap\data\2000\20001107__ia__general__precinct.csv,15626
LINN,HIAWATHA 1,LINN - HIAWATHA 1,election_geometry_exact,1.0,C:\Users\Shama\OneDrive\Documents\Side_Projects\Side_Projects\IAPrecinctMap\data\2000\20001107__ia__general__precinct.csv,15642
LINN,HIAWATHA 2,LINN - HIAWATHA 2,election_geometry_exact,1.0,C:\Users\Shama\OneDrive\Documents\Side_Projects\Side_Projects\IAPrecinctMap\data\2000\20001107__ia__general__precinct.csv,15658
LINN,JACKSON TOWNSHIP,LINN - JACKSON,election_geometry_prefix,0.98,C:\Users\Shama\OneDrive\Documents\Side_Projects\Side_Projects\IAPrecinctMap\data\2000\20001107__ia__general__precinct.csv,15674
LINN,LINN TOWNSHIP,LINN - LINN,election_geometry_prefix,0.98,C:\Users\Shama\OneDrive\Documents\Side_Projects\Side_Projects\IAPrecinctMap\data\2000\20001107__ia__general__precinct.csv,15690
LINN,MAINE TOWNSHIP,LINN - MAINE,election_geometry_prefix,0.98,C:\Users\Shama\OneDrive\Documents\Side_Projects\Side_Projects\IAPrecinctMap\data\2000\20001107__ia__general__precinct.csv,15706
LINN,MARION LINN MAR,,election_geometry_ambiguous,0.5833333333333334,C:\Users\Shama\OneDrive\Documents\Side_Projects\Side_Projects\IAPrecinctMap\data\2000\20001107__ia__general__precinct.csv,15722
LINN,MARION SQUAW CREEK,,election_geometry_ambiguous,0.5185185185185185,C:\Users\Shama\OneDrive\Documents\Side_Projects\Side_Projects\IAPrecinctMap\data\2000\20001107__ia__general__precinct.csv,15738
LINN,MARION W1 P1,,election_geometry_ambiguous,0.8571428571428571,C:\Users\Shama\OneDrive\Documents\Side_Projects\Side_Projects\IAPrecinctMap\data\2000\20001107__ia__general__precinct.csv,15754
LINN,MARION W1 P2,,election_geometry_ambiguous,0.8571428571428571,C:\Users\Shama\OneDrive\Documents\Side_Projects\Side_Projects\IAPrecinctMap\data\2000\20001107__ia__general__precinct.csv,15770
LINN,MARION W2 P1,,election_geometry_ambiguous,0.7619047619047619,C:\Users\Shama\OneDrive\Documents\Side_Projects\Side_Projects\IAPrecinctMap\data\2000\20001107__ia__general__precinct.csv,15786
LINN,MARION W2 P2,,election_geometry_ambiguous,0.7619047619047619,C:\Users\Shama\OneDrive\Documents\Side_Projects\Side_Projects\IAPrecinctMap\data\2000\20001107__ia__general__precinct.csv,15802
LINN,MARION W3 P1,,election_geometry_ambiguous,0.7619047619047619,C:\Users\Shama\OneDrive\Documents\Side_Projects\Side_Projects\IAPrecinctMap\data\2000\20001107__ia__general__precinct.csv,15818
LINN,MARION W3 P2,,election_geometry_ambiguous,0.7619047619047619,C:\Users\Shama\OneDrive\Documents\Side_Projects\Side_Projects\IAPrecinctMap\data\2000\20001107__ia__general__precinct.csv,15834
LINN,MARION W4 P1,,election_geometry_ambiguous,0.7619047619047619,C:\Users\Shama\OneDrive\Documents\Side_Projects\Side_Projects\IAPrecinctMap\data\2000\20001107__ia__general__precinct.csv,15850
LINN,MARION W4 P2,,election_geometry_ambiguous,0.7619047619047619,C:\Users\Shama\OneDrive\Documents\Side_Projects\Side_Projects\IAPrecinctMap\data\2000\20001107__ia__general__precinct.csv,15866
LINN,MONROE 1,LINN - MONROE 1,election_geometry_exact,1.0,C:\Users\Shama\OneDrive\Documents\Side_Projects\Side_Projects\IAPrecinctMap\data\2000\20001107__ia__general__precinct.csv,15882
LINN,MONROE 2,LINN - MONROE 2,election_geometry_exact,1.0,C:\Users\Shama\OneDrive\Documents\Side_Projects\Side_Projects\IAPrecinctMap\data\2000\20001107__ia__general__precinct.csv,15898
LINN,MT VERNON NORTH,LINN - MOUNT VERNON NORTH,election_geometry_fuzzy,0.9090909090909091,C:\Users\Shama\OneDrive\Documents\Side_Projects\Side_Projects\IAPrecinctMap\data\2000\20001107__ia__general__precinct.csv,15914
LINN,MT VERNON SOUTH,LINN - MOUNT VERNON SOUTH,election_geometry_fuzzy,0.9090909090909091,C:\Users\Shama\OneDrive\Documents\Side_Projects\Side_Projects\IAPrecinctMap\data\2000\20001107__ia__general__precinct.csv,15927
LINN,OTTER CREEK,LINN - OTTER CREEK,election_geometry_exact,1.0,C:\Users\Shama\OneDrive\Documents\Side_Projects\Side_Projects\IAPrecinctMap\data\2000\20001107__ia__general__precinct.csv,15940
LINN,PUTNAM,LINN - PUTNAM,election_geometry_exact,1.0,C:\Users\Shama\OneDrive\Documents\Side_Projects\Side_Projects\IAPrecinctMap\data\2000\20001107__ia__general__precinct.csv,15956
LINN,ROBINS CITY,LINN - ROBINS,election_geometry_prefix,0.98,C:\Users\Shama\OneDrive\Documents\Side_Projects\Side_Projects\IAPrecinctMap\data\2000\20001107__ia__general__precinct.csv,15969
LINN,SPRING GROVE,LINN - SPRING GROVE,election_geometry_exact,1.0,C:\Users\Shama\OneDrive\Documents\Side_Projects\Side_Projects\IAPrecinctMap\data\2000\20001107__ia__general__precinct.csv,15985
LINN,WASHINGTON,LINN - WASHINGTON,election_geometry_exact,1.0,C:\Users\Shama\OneDrive\Documents\Side_Projects\Side_Projects\IAPrecinctMap\data\2000\20001107__ia__general__precinct.csv,16001
LOUISA,ABSENTEE & SPECIAL BALLOTS,,election_geometry_ambiguous,0.3673469387755102,C:\Users\Shama\OneDrive\Documents\Side_Projects\Side_Projects\IAPrecinctMap\data\2000\20001107__ia__general__precinct.csv,16023
LOUISA,CJ CONCORD OAKLAND,,election_geometry_ambiguous,0.34285714285714286,C:\Users\Shama\OneDrive\Documents\Side_Projects\Side_Projects\IAPrecinctMap\data\2000\20001107__ia__general__precinct.csv,16033
LOUISA,ELIOT,,election_geometry_ambiguous,0.375,C:\Users\Shama\OneDrive\Documents\Side_Projects\Side_Projects\IAPrecinctMap\data\2000\20001107__ia__general__precinct.csv,16049
LOUISA,GRANDVIEW-N PORT LOUISA,LOUISA - GRANDVIEW-PORT LOUISA,election_geometry_fuzzy,0.9545454545454546,C:\Users\Shama\OneDrive\Documents\Side_Projects\Side_Projects\IAPrecinctMap\data\2000\20001107__ia__general__precinct.csv,16065
LOUISA,MORNING SUN MARSHALL,LOUISA - MORNING SUN-MARSHALL,election_geometry_exact,1.0,C:\Users\Shama\OneDrive\Documents\Side_Projects\Side_Projects\IAPrecinctMap\data\2000\20001107__ia__general__precinct.csv,16081
LOUISA,WAPELLO (CITY),,election_geometry_ambiguous,0.43478260869565216,C:\Users\Shama\OneDrive\Documents\Side_Projects\Side_Projects\IAPrecinctMap\data\2000\20001107__ia__general__precinct.csv,16097
LOUISA,WAPELLO TWP-S PORT LOUISA-JEFFERSON,,election_geometry_ambiguous,0.4782608695652174,C:\Users\Shama\OneDrive\Documents\Side_Projects\Side_Projects\IAPrecinctMap\data\2000\20001107__ia__general__precinct.csv,16113
LOUISA,WEST LOUISA PCT,LOUISA - WEST LOUISA,election_geometry_exact,1.0,C:\Users\Shama\OneDrive\Documents\Side_Projects\Side_Projects\IAPrecinctMap\data\2000\20001107__ia__general__precinct.csv,16129
LUCAS,ABSENTEE & SPECIAL BALLOTS,,election_geometry_ambiguous,0.3188405797101449,C:\Users\Shama\OneDrive\Documents\Side_Projects\Side_Projects\IAPrecinctMap\data\2000\20001107__ia__general__precinct.csv,16149
LUCAS,CHARITON 1,LUCAS - CHARITON PRECINCT 1,election_geometry_exact,1.0,C:\Users\Shama\OneDrive\Documents\Side_Projects\Side_Projects\IAPrecinctMap\data\2000\20001107__ia__general__precinct.csv,16159
LUCAS,CHARITON 2,LUCAS - CHARITON PRECINCT 2,election_geometry_exact,1.0,C:\Users\Shama\OneDrive\Documents\Side_Projects\Side_Projects\IAPrecinctMap\data\2000\20001107__ia__general__precinct.csv,16173
LUCAS,CHARITON 3,,election_geometry_ambiguous,0.9,C:\Users\Shama\OneDrive\Documents\Side_Projects\Side_Projects\IAPrecinctMap\data\2000\20001107__ia__general__precinct.csv,16187
LUCAS,DERBY,,election_geometry_ambiguous,0.13333333333333333,C:\Users\Shama\OneDrive\Documents\Side_Projects\Side_Projects\IAPrecinctMap\data\2000\20001107__ia__general__precinct.csv,16201
LUCAS,EXTENSION,,election_geometry_ambiguous,0.5806451612903226,C:\Users\Shama\OneDrive\Documents\Side_Projects\Side_Projects\IAPrecinctMap\data\2000\20001107__ia__general__precinct.csv,16215
LUCAS,LUCAS,LUCAS - LUCAS,election_geometry_exact,1.0,C:\Users\Shama\OneDrive\Documents\Side_Projects\Side_Projects\IAPrecinctMap\data\2000\20001107__ia__general__precinct.csv,16229
LUCAS,RUSSELL,,election_geometry_ambiguous,0.3333333333333333,C:\Users\Shama\OneDrive\Documents\Side_Projects\Side_Projects\IAPrecinctMap\data\2000\20001107__ia__general__precinct.csv,16243
LUCAS,WILLIAMSON,LUCAS - WILLIAMSON,election_geometry_exact,1.0,C:\Users\Shama\OneDrive\Documents\Side_Projects\Side_Projects\IAPrecinctMap\data\2000\20001107__ia__general__precinct.csv,16257
LYON,ABSENTEE & SPECIAL BALLOTS,,election_geometry_ambiguous,0.1951219512195122,C:\Users\Shama\OneDrive\Documents\Side_Projects\Side_Projects\IAPrecinctMap\data\2000\20001107__ia__general__precinct.csv,16272
LYON,PCT 1 GEORGE (RURAL),LYON - PCT 1 GEORGE,election_geometry_prefix,0.98,C:\Users\Shama\OneDrive\Documents\Side_Projects\Side_Projects\IAPrecinctMap\data\2000\20001107__ia__general__precinct.csv,16281
LYON,PCT 2 DOON,LYON - PCT 2 DOON,election_geometry_exact,1.0,C:\Users\Shama\OneDrive\Documents\Side_Projects\Side_Projects\IAPrecinctMap\data\2000\20001107__ia__general__precinct.csv,16291
LYON,PCT 3 GEORGE (CITY),,election_geometry_ambiguous,0.6666666666666666,C:\Users\Shama\OneDrive\Documents\Side_Projects\Side_Projects\IAPrecinctMap\data\2000\20001107__ia__general__precinct.csv,16301
LYON,PCT 4 INWOOD,,election_geometry_ambiguous,0.875,C:\Users\Shama\OneDrive\Documents\Side_Projects\Side_Projects\IAPrecinctMap\data\2000\20001107__ia__general__precinct.csv,16311
LYON,PCT 5 LESTER,LYON - PCT 5 LESTER,election_geometry_exact,1.0,C:\Users\Shama\OneDrive\Documents\Side_Projects\Side_Projects\IAPrecinctMap\data\2000\20001107__ia__general__precinct.csv,16321
LYON,PCT 6 LITTLE ROCK,LYON - PCT 6 LITTLE ROCK,election_geometry_exact,1.0,C:\Users\Shama\OneDrive\Documents\Side_Projects\Side_Projects\IAPrecinctMap\data\2000\20001107__ia__general__precinct.csv,16331
LYON,PCT 7 ROCK RAPIDS 2,LYON - PCT 7 ROCK RAPIDS,election_geometry_prefix,0.98,C:\Users\Shama\OneDrive\Documents\Side_Projects\Side_Projects\IAPrecinctMap\data\2000\20001107__ia__general__precinct.csv,16341
LYON,PCT 8 ROCK RAPIDS 1,LYON - PCT 8 ROCK RAPIDS,election_geometry_prefix,0.98,C:\Users\Shama\OneDrive\Documents\Side_Projects\Side_Projects\IAPrecinctMap\data\2000\20001107__ia__general__precinct.csv,16351
LYON,PCT 9 LARCHWOOD,LYON - PCT 4 LARCHWOOD,election_geometry_fuzzy,0.9090909090909091,C:\Users\Shama\OneDrive\Documents\Side_Projects\Side_Projects\IAPrecinctMap\data\2000\20001107__ia__general__precinct.csv,16361
MADISON,ABSENTEE & SPECIAL BALLOTS,,election_geometry_ambiguous,0.3137254901960784,C:\Users\Shama\OneDrive\Documents\Side_Projects\Side_Projects\IAPrecinctMap\data\2000\20001107__ia__general__precinct.csv,16377
MADISON,CRAWFORD,,election_geometry_ambiguous,0.5714285714285714,C:\Users\Shama\OneDrive\Documents\Side_Projects\Side_Projects\IAPrecinctMap\data\2000\20001107__ia__general__precinct.csv,16386
MADISON,DOUGLAS,,election_geometry_ambiguous,0.4666666666666667,C:\Users\Shama\OneDrive\Documents\Side_Projects\Side_Projects\IAPrecinctMap\data\2000\20001107__ia__general__precinct.csv,16398
MADISON,GRAND RIVER,MADISON - GRAND RIVER-MONROE-WEBSTER,election_geometry_prefix,0.98,C:\Users\Shama\OneDrive\Documents\Side_Projects\Side_Projects\IAPrecinctMap\data\2000\20001107__ia__general__precinct.csv,16410
MADISON,JACKSON,MADISON - JACKSON-DOUGLAS-LINCOLN,election_geometry_prefix,0.98,C:\Users\Shama\OneDrive\Documents\Side_Projects\Side_Projects\IAPrecinctMap\data\2000\20001107__ia__general__precinct.csv,16422
MADISON,JEFFERSON,MADISON - JEFFERSON-LEE,election_geometry_prefix,0.98,C:\Users\Shama\OneDrive\Documents\Side_Projects\Side_Projects\IAPrecinctMap\data\2000\20001107__ia__general__precinct.csv,16434
MADISON,LEE,,election_geometry_ambiguous,0.375,C:\Users\Shama\OneDrive\Documents\Side_Projects\Side_Projects\IAPrecinctMap\data\2000\20001107__ia__general__precinct.csv,16446
MADISON,LINCOLN,,election_geometry_ambiguous,0.4666666666666667,C:\Users\Shama\OneDrive\Documents\Side_Projects\Side_Projects\IAPrecinctMap\data\2000\20001107__ia__general__precinct.csv,16458
MADISON,MADISON EARLHAM,,election_geometry_ambiguous,0.5185185185185185,C:\Users\Shama\OneDrive\Documents\Side_Projects\Side_Projects\IAPrecinctMap\data\2000\20001107__ia__general__precinct.csv,16470
MADISON,MONROE,,election_geometry_ambiguous,0.375,C:\Users\Shama\OneDrive\Documents\Side_Projects\Side_Projects\IAPrecinctMap\data\2000\20001107__ia__general__precinct.csv,16482
MADISON,OHIO,,election_geometry_ambiguous,0.5333333333333333,C:\Users\Shama\OneDrive\Documents\Side_Projects\Side_Projects\IAPrecinctMap\data\2000\20001107__ia__general__precinct.csv,16494
MADISON,PENN,MADISON - PENN-MADISON,election_geometry_prefix,0.98,C:\Users\Shama\OneDrive\Documents\Side_Projects\Side_Projects\IAPrecinctMap\data\2000\20001107__ia__general__precinct.csv,16506
MADISON,SCOTT,,election_geometry_ambiguous,0.6,C:\Users\Shama\OneDrive\Documents\Side_Projects\Side_Projects\IAPrecinctMap\data\2000\20001107__ia__general__precinct.csv,16518
MADISON,SOUTH,MADISON - SOUTH,election_geometry_exact,1.0,C:\Users\Shama\OneDrive\Documents\Side_Projects\Side_Projects\IAPrecinctMap\data\2000\20001107__ia__general__precinct.csv,16530
MADISON,UNION,MADISON - UNION-CRAWFORD-SCOTT,election_geometry_prefix,0.98,C:\Users\Shama\OneDrive\Documents\Side_Projects\Side_Projects\IAPrecinctMap\data\2000\20001107__ia__general__precinct.csv,16542
MADISON,WALNUT,MADISON - WALNUT-OHIO,election_geometry_prefix,0.98,C:\Users\Shama\OneDrive\Documents\Side_Projects\Side_Projects\IAPrecinctMap\data\2000\20001107__ia__general__precinct.csv,16554
MADISON,WEBSTER,,election_geometry_ambiguous,0.4444444444444444,C:\Users\Shama\OneDrive\Documents\Side_Projects\Side_Projects\IAPrecinctMap\data\2000\20001107__ia__general__precinct.csv,16566
MADISON,WINTERSET 1,MADISON - WINTERSET 1,election_geometry_exact,1.0,C:\Users\Shama\OneDrive\Documents\Side_Projects\Side_Projects\IAPrecinctMap\data\2000\20001107__ia__general__precinct.csv,16578
MADISON,WINTERSET 2,MADISON - WINTERSET 2,election_geometry_exact,1.0,C:\Users\Shama\OneDrive\Documents\Side_Projects\Side_Projects\IAPrecinctMap\data\2000\20001107__ia__general__precinct.csv,16590
MADISON,WINTERSET 3,,election_geometry_ambiguous,0.9090909090909091,C:\Users\Shama\OneDrive\Documents\Side_Projects\Side_Projects\IAPrecinctMap\data\2000\20001107__ia__general__precinct.csv,16602
MADISON,WINTERSET 4,,election_geometry_ambiguous,0.9090909090909091,C:\Users\Shama\OneDrive\Documents\Side_Projects\Side_Projects\IAPrecinctMap\data\2000\20001107__ia__general__precinct.csv,16614
MAHASKA,ABSENTEE & SPECIAL BALLOTS,,election_geometry_ambiguous,0.37209302325581395,C:\Users\Shama\OneDrive\Documents\Side_Projects\Side_Projects\IAPrecinctMap\data\2000\20001107__ia__general__precinct.csv,16635
MAHASKA,ADAMS,MAHASKA - ADAMS-MONROE-PLEASANT GROVE-UNION,election_geometry_prefix,0.98,C:\Users\Shama\OneDrive\Documents\Side_Projects\Side_Projects\IAPrecinctMap\data\2000\20001107__ia__general__precinct.csv,16645
MAHASKA,BLACK OAK SCOTT,MAHASKA - BLACK OAK-SCOTT,election_geometry_exact,1.0,C:\Users\Shama\OneDrive\Documents\Side_Projects\Side_Projects\IAPrecinctMap\data\2000\20001107__ia__general__precinct.csv,16662
MAHASKA,CEDAR,MAHASKA - CEDAR-HARRISON-WHITE OAK,election_geometry_prefix,0.98,C:\Users\Shama\OneDrive\Documents\Side_Projects\Side_Projects\IAPrecinctMap\data\2000\20001107__ia__general__precinct.csv,16677
MAHASKA,EAST & WEST DES MOINES-JEFFERSON,MAHASKA - E&W DES MOINES-JEFFERSON,election_geometry_fuzzy,0.9032258064516129,C:\Users\Shama\OneDrive\Documents\Side_Projects\Side_Projects\IAPrecinctMap\data\2000\20001107__ia__general__precinct.csv,16694
MAHASKA,GARFIELD,MAHASKA - GARFIELD-LINCOLN-MADISON,election_geometry_prefix,0.98,C:\Users\Shama\OneDrive\Documents\Side_Projects\Side_Projects\IAPrecinctMap\data\2000\20001107__ia__general__precinct.csv,16709
MAHASKA,HARRISON,,election_geometry_ambiguous,0.5,C:\Users\Shama\OneDrive\Documents\Side_Projects\Side_Projects\IAPrecinctMap\data\2000\20001107__ia__general__precinct.csv,16724
MAHASKA,LINCOLN MADISON,,election_geometry_ambiguous,0.7692307692307693,C:\Users\Shama\OneDrive\Documents\Side_Projects\Side_Projects\IAPrecinctMap\data\2000\20001107__ia__general__precinct.csv,16741
MAHASKA,MONROE WHITE OAK,,election_geometry_ambiguous,0.6,C:\Users\Shama\OneDrive\Documents\Side_Projects\Side_Projects\IAPrecinctMap\data\2000\20001107__ia__general__precinct.csv,16756
MAHASKA,OSKALOOSA 1,,election_geometry_ambiguous,0.8148148148148148,C:\Users\Shama\OneDrive\Documents\Side_Projects\Side_Projects\IAPrecinctMap\data\2000\20001107__ia__general__precinct.csv,16773
MAHASKA,OSKALOOSA 2,,election_geometry_ambiguous,0.8148148148148148,C:\Users\Shama\OneDrive\Documents\Side_Projects\Side_Projects\IAPrecinctMap\data\2000\20001107__ia__general__precinct.csv,16788
MAHASKA,OSKALOOSA 3,,election_geometry_ambiguous,0.7407407407407407,C:\Users\Shama\OneDrive\Documents\Side_Projects\Side_Projects\IAPrecinctMap\data\2000\20001107__ia__general__precinct.csv,16803
MAHASKA,OSKALOOSA 4,,election_geometry_ambiguous,0.7407407407407407,C:\Users\Shama\OneDrive\Documents\Side_Projects\Side_Projects\IAPrecinctMap\data\2000\20001107__ia__general__precinct.csv,16818
MAHASKA,PLEASANT GROVE UNION,,election_geometry_ambiguous,0.7547169811320755,C:\Users\Shama\OneDrive\Documents\Side_Projects\Side_Projects\IAPrecinctMap\data\2000\20001107__ia__general__precinct.csv,16833
MAHASKA,PRAIRIE,MAHASKA - PRAIRIE-RICHLAND,election_geometry_prefix,0.98,C:\Users\Shama\OneDrive\Documents\Side_Projects\Side_Projects\IAPrecinctMap\data\2000\20001107__ia__general__precinct.csv,16846
MAHASKA,RICHLAND,,election_geometry_ambiguous,0.6666666666666666,C:\Users\Shama\OneDrive\Documents\Side_Projects\Side_Projects\IAPrecinctMap\data\2000\20001107__ia__general__precinct.csv,16861
MAHASKA,SPRING CREEK,MAHASKA - SPRING CREEK,election_geometry_exact,1.0,C:\Users\Shama\OneDrive\Documents\Side_Projects\Side_Projects\IAPrecinctMap\data\2000\20001107__ia__general__precinct.csv,16876
MAHASKA,UNIVERSITY PARK TOWN,,election_geometry_ambiguous,0.5769230769230769,C:\Users\Shama\OneDrive\Documents\Side_Projects\Side_Projects\IAPrecinctMap\data\2000\20001107__ia__general__precinct.csv,16893
MARION,ABSENTEE & SPECIAL BALLOTS,,election_geometry_ambiguous,0.34146341463414637,C:\Users\Shama\OneDrive\Documents\Side_Projects\Side_Projects\IAPrecinctMap\data\2000\20001107__ia__general__precinct.csv,16915
MARION,DALLAS TOWNSHIP,MARION - DALLAS,election_geometry_prefix,0.98,C:\Users\Shama\OneDrive\Documents\Side_Projects\Side_Projects\IAPrecinctMap\data\2000\20001107__ia__general__precinct.csv,16925
MARION,FRANKLIN TWP,,election_geometry_ambiguous,0.45161290322580644,C:\Users\Shama\OneDrive\Documents\Side_Projects\Side_Projects\IAPrecinctMap\data\2000\20001107__ia__general__precinct.csv,16937
MARION,HARVEY,,election_geometry_ambiguous,0.4,C:\Users\Shama\OneDrive\Documents\Side_Projects\Side_Projects\IAPrecinctMap\data\2000\20001107__ia__general__precinct.csv,16948
MARION,INDIANA TWP,,election_geometry_ambiguous,0.8148148148148148,C:\Users\Shama\OneDrive\Documents\Side_Projects\Side_Projects\IAPrecinctMap\data\2000\20001107__ia__general__precinct.csv,16959
MARION,KNOXVILLE 1,MARION - KNOXVILLE 1,election_geometry_exact,1.0,C:\Users\Shama\OneDrive\Documents\Side_Projects\Side_Projects\IAPrecinctMap\data\2000\20001107__ia__general__precinct.csv,16971
MARION,KNOXVILLE 2,MARION - KNOXVILLE 2,election_geometry_exact,1.0,C:\Users\Shama\OneDrive\Documents\Side_Projects\Side_Projects\IAPrecinctMap\data\2000\20001107__ia__general__precinct.csv,16983
MARION,KNOXVILLE 3,MARION - KNOXVILLE 3,election_geometry_exact,1.0,C:\Users\Shama\OneDrive\Documents\Side_Projects\Side_Projects\IAPrecinctMap\data\2000\20001107__ia__general__precinct.csv,16995
MARION,KNOXVILLE 4,MARION - KNOXVILLE 4,election_geometry_exact,1.0,C:\Users\Shama\OneDrive\Documents\Side_Projects\Side_Projects\IAPrecinctMap\data\2000\20001107__ia__general__precinct.csv,17007
MARION,KNOXVILLE TWP,,election_geometry_ambiguous,0.8387096774193549,C:\Users\Shama\OneDrive\Documents\Side_Projects\Side_Projects\IAPrecinctMap\data\2000\20001107__ia__general__precinct.csv,17019
MARION,LAKE PRAIRIE TWP,,election_geometry_ambiguous,0.8648648648648649,C:\Users\Shama\OneDrive\Documents\Side_Projects\Side_Projects\IAPrecinctMap\data\2000\20001107__ia__general__precinct.csv,17031
MARION,LIBERTY,MARION - LIBERTY,election_geometry_exact,1.0,C:\Users\Shama\OneDrive\Documents\Side_Projects\Side_Projects\IAPrecinctMap\data\2000\20001107__ia__general__precinct.csv,17044
MARION,PELLA 1,MARION - PELLA 1,election_geometry_exact,1.0,C:\Users\Shama\OneDrive\Documents\Side_Projects\Side_Projects\IAPrecinctMap\data\2000\20001107__ia__general__precinct.csv,17056
MARION,PELLA 2,MARION - PELLA 2,election_geometry_exact,1.0,C:\Users\Shama\OneDrive\Documents\Side_Projects\Side_Projects\IAPrecinctMap\data\2000\20001107__ia__general__precinct.csv,17069
MARION,PELLA 3,MARION - PELLA 3,election_geometry_exact,1.0,C:\Users\Shama\OneDrive\Documents\Side_Projects\Side_Projects\IAPrecinctMap\data\2000\20001107__ia__general__precinct.csv,17082
MARION,PELLA 4,MARION - PELLA 4,election_geometry_exact,1.0,C:\Users\Shama\OneDrive\Documents\Side_Projects\Side_Projects\IAPrecinctMap\data\2000\20001107__ia__general__precinct.csv,17095
MARION,PLEASANT GROVE TWP,,election_geometry_ambiguous,0.6451612903225806,C:\Users\Shama\OneDrive\Documents\Side_Projects\Side_Projects\IAPrecinctMap\data\2000\20001107__ia__general__precinct.csv,17108
MARION,RED ROCK TWP,,election_geometry_ambiguous,0.36363636363636365,C:\Users\Shama\OneDrive\Documents\Side_Projects\Side_Projects\IAPrecinctMap\data\2000\20001107__ia__general__precinct.csv,17120
MARION,SUMMIT TWP,,election_geometry_ambiguous,0.4827586206896552,C:\Users\Shama\OneDrive\Documents\Side_Projects\Side_Projects\IAPrecinctMap\data\2000\20001107__ia__general__precinct.csv,17132
MARION,TRACY,,election_geometry_ambiguous,0.4444444444444444,C:\Users\Shama\OneDrive\Documents\Side_Projects\Side_Projects\IAPrecinctMap\data\2000\20001107__ia__general__precinct.csv,17144
MARION,UNION TWP,,election_geometry_ambiguous,0.56,C:\Users\Shama\OneDrive\Documents\Side_Projects\Side_Projects\IAPrecinctMap\data\2000\20001107__ia__general__precinct.csv,17155
MARION,WASHINGTON TWP,,election_geometry_ambiguous,0.8484848484848485,C:\Users\Shama\OneDrive\Documents\Side_Projects\Side_Projects\IAPrecinctMap\data\2000\20001107__ia__general__precinct.csv,17167
MARSHALL,ABSENTEE & SPECIAL BALLOTS,,election_geometry_ambiguous,0.3333333333333333,C:\Users\Shama\OneDrive\Documents\Side_Projects\Side_Projects\IAPrecinctMap\data\2000\20001107__ia__general__precinct.csv,17191
MARSHALL,BANGOR LISCOMB,MARSHALL - BANGOR/LISCOMB,election_geometry_exact,1.0,C:\Users\Shama\OneDrive\Documents\Side_Projects\Side_Projects\IAPrecinctMap\data\2000\20001107__ia__general__precinct.csv,17200
MARSHALL,EDEN LOGAN WASHINGTON,MARSHALL - EDEN/LOGAN,election_geometry_prefix,0.98,C:\Users\Shama\OneDrive\Documents\Side_Projects\Side_Projects\IAPrecinctMap\data\2000\20001107__ia__general__precinct.csv,17215
MARSHALL,GREEN CASTLE,MARSHALL - GREEN CASTLE,election_geometry_exact,1.0,C:\Users\Shama\OneDrive\Documents\Side_Projects\Side_Projects\IAPrecinctMap\data\2000\20001107__ia__general__precinct.csv,17230
MARSHALL,IOWA MARIETTA,,election_geometry_ambiguous,0.5,C:\Users\Shama\OneDrive\Documents\Side_Projects\Side_Projects\IAPrecinctMap\data\2000\20001107__ia__general__precinct.csv,17242
MARSHALL,JEFFERSON,MARSHALL - JEFFERSON,election_geometry_exact,1.0,C:\Users\Shama\OneDrive\Documents\Side_Projects\Side_Projects\IAPrecinctMap\data\2000\20001107__ia__general__precinct.csv,17257
MARSHALL,LEGRAND,MARSHALL - LE GRAND,election_geometry_prefix,0.98,C:\Users\Shama\OneDrive\Documents\Side_Projects\Side_Projects\IAPrecinctMap\data\2000\20001107__ia__general__precinct.csv,17272
MARSHALL,LIBERTY MINERVA,MARSHALL - LIBERTY/MINERVA,election_geometry_exact,1.0,C:\Users\Shama\OneDrive\Documents\Side_Projects\Side_Projects\IAPrecinctMap\data\2000\20001107__ia__general__precinct.csv,17287
MARSHALL,MARION VIENNA,MARSHALL - MARION/VIENNA,election_geometry_exact,1.0,C:\Users\Shama\OneDrive\Documents\Side_Projects\Side_Projects\IAPrecinctMap\data\2000\20001107__ia__general__precinct.csv,17302
MARSHALL,MARSHALLTOWN W1 P1,MARSHALL - MARSHALLTOWN 1-1,election_geometry_fuzzy,0.9411764705882353,C:\Users\Shama\OneDrive\Documents\Side_Projects\Side_Projects\IAPrecinctMap\data\2000\20001107__ia__general__precinct.csv,17317
MARSHALL,MARSHALLTOWN W1 P2,MARSHALL - MARSHALLTOWN 1-2,election_geometry_fuzzy,0.9411764705882353,C:\Users\Shama\OneDrive\Documents\Side_Projects\Side_Projects\IAPrecinctMap\data\2000\20001107__ia__general__precinct.csv,17332
MARSHALL,MARSHALLTOWN W2 P1,MARSHALL - MARSHALLTOWN 2-1,election_geometry_fuzzy,0.9411764705882353,C:\Users\Shama\OneDrive\Documents\Side_Projects\Side_Projects\IAPrecinctMap\data\2000\20001107__ia__general__precinct.csv,17347
MARSHALL,MARSHALLTOWN W2 P2,MARSHALL - MARSHALLTOWN 2-2,election_geometry_fuzzy,0.9411764705882353,C:\Users\Shama\OneDrive\Documents\Side_Projects\Side_Projects\IAPrecinctMap\data\2000\20001107__ia__general__precinct.csv,17362
MARSHALL,MARSHALLTOWN W3 P1,MARSHALL - MARSHALLTOWN 3-1,election_geometry_fuzzy,0.9411764705882353,C:\Users\Shama\OneDrive\Documents\Side_Projects\Side_Projects\IAPrecinctMap\data\2000\20001107__ia__general__precinct.csv,17377
MARSHALL,MARSHALLTOWN W3 P2,MARSHALL - MARSHALLTOWN 3-2,election_geometry_fuzzy,0.9411764705882353,C:\Users\Shama\OneDrive\Documents\Side_Projects\Side_Projects\IAPrecinctMap\data\2000\20001107__ia__general__precinct.csv,17392
MARSHALL,MARSHALLTOWN W4 P1,MARSHALL - MARSHALLTOWN 4-1,election_geometry_fuzzy,0.9411764705882353,C:\Users\Shama\OneDrive\Documents\Side_Projects\Side_Projects\IAPrecinctMap\data\2000\20001107__ia__general__precinct.csv,17407
MARSHALL,MARSHALLTOWN W4 P2,MARSHALL - MARSHALLTOWN 4-2,election_geometry_fuzzy,0.9411764705882353,C:\Users\Shama\OneDrive\Documents\Side_Projects\Side_Projects\IAPrecinctMap\data\2000\20001107__ia__general__precinct.csv,17422
MARSHALL,ST CENTER,,election_geometry_ambiguous,0.8571428571428571,C:\Users\Shama\OneDrive\Documents\Side_Projects\Side_Projects\IAPrecinctMap\data\2000\20001107__ia__general__precinct.csv,17437
MARSHALL,TAYLOR,MARSHALL - TAYLOR,election_geometry_exact,1.0,C:\Users\Shama\OneDrive\Documents\Side_Projects\Side_Projects\IAPrecinctMap\data\2000\20001107__ia__general__precinct.csv,17452
MARSHALL,TIMBER CREEK,MARSHALL - TIMBER CREEK,election_geometry_exact,1.0,C:\Users\Shama\OneDrive\Documents\Side_Projects\Side_Projects\IAPrecinctMap\data\2000\20001107__ia__general__precinct.csv,17467
MILLS,ABSENTEE & SPECIAL BALLOTS,,election_geometry_ambiguous,0.391304347826087,C:\Users\Shama\OneDrive\Documents\Side_Projects\Side_Projects\IAPrecinctMap\data\2000\20001107__ia__general__precinct.csv,17484
MILLS,CENTER,,election_geometry_ambiguous,0.3333333333333333,C:\Users\Shama\OneDrive\Documents\Side_Projects\Side_Projects\IAPrecinctMap\data\2000\20001107__ia__general__precinct.csv,17493
MILLS,EAST OAK (MINEOLA),,election_geometry_ambiguous,0.45161290322580644,C:\Users\Shama\OneDrive\Documents\Side_Projects\Side_Projects\IAPrecinctMap\data\2000\20001107__ia__general__precinct.csv,17504
MILLS,EMERSON,MILLS - EMERSON/HASTINGS/INDIAN CREEK,election_geometry_prefix,0.98,C:\Users\Shama\OneDrive\Documents\Side_Projects\Side_Projects\IAPrecinctMap\data\2000\20001107__ia__general__precinct.csv,17515
MILLS,GLENWOOD 1,,election_geometry_ambiguous,0.8,C:\Users\Shama\OneDrive\Documents\Side_Projects\Side_Projects\IAPrecinctMap\data\2000\20001107__ia__general__precinct.csv,17526
MILLS,GLENWOOD 2,,election_geometry_ambiguous,0.8,C:\Users\Shama\OneDrive\Documents\Side_Projects\Side_Projects\IAPrecinctMap\data\2000\20001107__ia__general__precinct.csv,17537
MILLS,GLENWOOD 3,,election_geometry_ambiguous,0.8,C:\Users\Shama\OneDrive\Documents\Side_Projects\Side_Projects\IAPrecinctMap\data\2000\20001107__ia__general__precinct.csv,17548
MILLS,HASTINGS,,election_geometry_ambiguous,0.43478260869565216,C:\Users\Shama\OneDrive\Documents\Side_Projects\Side_Projects\IAPrecinctMap\data\2000\20001107__ia__general__precinct.csv,17559
MILLS,HENDERSON,MILLS - HENDERSON/ANDERSON,election_geometry_prefix,0.98,C:\Users\Shama\OneDrive\Documents\Side_Projects\Side_Projects\IAPrecinctMap\data\2000\20001107__ia__general__precinct.csv,17570
MILLS,INGRAHAM,,election_geometry_ambiguous,0.5714285714285714,C:\Users\Shama\OneDrive\Documents\Side_Projects\Side_Projects\IAPrecinctMap\data\2000\20001107__ia__general__precinct.csv,17581
MILLS,MALVERN,MILLS - MALVERN/TABOR/CENTER TWP/RAWLES TWP/SILVER CREEK,election_geometry_prefix,0.98,C:\Users\Shama\OneDrive\Documents\Side_Projects\Side_Projects\IAPrecinctMap\data\2000\20001107__ia__general__precinct.csv,17592
MILLS,PACIFIC JUNCTION,MILLS - PACIFIC JUNCTION/LYONS/PLATTVILLE,election_geometry_prefix,0.98,C:\Users\Shama\OneDrive\Documents\Side_Projects\Side_Projects\IAPrecinctMap\data\2000\20001107__ia__general__precinct.csv,17603
MILLS,RAWLES LYONS TABOR,,election_geometry_ambiguous,0.35294117647058826,C:\Users\Shama\OneDrive\Documents\Side_Projects\Side_Projects\IAPrecinctMap\data\2000\20001107__ia__general__precinct.csv,17614
MILLS,STRAHAN,,election_geometry_ambiguous,0.4444444444444444,C:\Users\Shama\OneDrive\Documents\Side_Projects\Side_Projects\IAPrecinctMap\data\2000\20001107__ia__general__precinct.csv,17625
MILLS,WEST OAK ST MARYS,,election_geometry_ambiguous,0.75,C:\Users\Shama\OneDrive\Documents\Side_Projects\Side_Projects\IAPrecinctMap\data\2000\20001107__ia__general__precinct.csv,17636
MITCHELL,ABSENTEE & SPECIAL BALLOTS,,election_geometry_ambiguous,0.2916666666666667,C:\Users\Shama\OneDrive\Documents\Side_Projects\Side_Projects\IAPrecinctMap\data\2000\20001107__ia__general__precinct.csv,17653
MITCHELL,BURR OAK LIBERTY,,election_geometry_ambiguous,0.16666666666666666,C:\Users\Shama\OneDrive\Documents\Side_Projects\Side_Projects\IAPrecinctMap\data\2000\20001107__ia__general__precinct.csv,17662
MITCHELL,CEDAR,,election_geometry_ambiguous,0.26666666666666666,C:\Users\Shama\OneDrive\Documents\Side_Projects\Side_Projects\IAPrecinctMap\data\2000\20001107__ia__general__precinct.csv,17672
MITCHELL,DOUGLAS EAST LINCOLN,,election_geometry_ambiguous,0.23255813953488372,C:\Users\Shama\OneDrive\Documents\Side_Projects\Side_Projects\IAPrecinctMap\data\2000\20001107__ia__general__precinct.csv,17683
MITCHELL,JENKINS WAYNE,,election_geometry_ambiguous,0.19047619047619047,C:\Users\Shama\OneDrive\Documents\Side_Projects\Side_Projects\IAPrecinctMap\data\2000\20001107__ia__general__precinct.csv,17693
MITCHELL,MITCHELL ROCK,,election_geometry_ambiguous,0.782608695652174,C:\Users\Shama\OneDrive\Documents\Side_Projects\Side_Projects\IAPrecinctMap\data\2000\20001107__ia__general__precinct.csv,17704
MITCHELL,OSAGE 1,,election_geometry_ambiguous,0.8,C:\Users\Shama\OneDrive\Documents\Side_Projects\Side_Projects\IAPrecinctMap\data\2000\20001107__ia__general__precinct.csv,17715
MITCHELL,OSAGE 2,MITCHELL - OSAGE 02,election_geometry_fuzzy,0.9333333333333333,C:\Users\Shama\OneDrive\Documents\Side_Projects\Side_Projects\IAPrecinctMap\data\2000\20001107__ia__general__precinct.csv,17726
MITCHELL,OSAGE 3,,election_geometry_ambiguous,0.8,C:\Users\Shama\OneDrive\Documents\Side_Projects\Side_Projects\IAPrecinctMap\data\2000\20001107__ia__general__precinct.csv,17737
MITCHELL,OSAGE 4,MITCHELL - OSAGE 04,election_geometry_fuzzy,0.9333333333333333,C:\Users\Shama\OneDrive\Documents\Side_Projects\Side_Projects\IAPrecinctMap\data\2000\20001107__ia__general__precinct.csv,17747
MITCHELL,OSAGE WEST LINCOLN,,election_geometry_ambiguous,0.46153846153846156,C:\Users\Shama\OneDrive\Documents\Side_Projects\Side_Projects\IAPrecinctMap\data\2000\20001107__ia__general__precinct.csv,17758
MITCHELL,OTRANTO NEWBURG,,election_geometry_ambiguous,0.2608695652173913,C:\Users\Shama\OneDrive\Documents\Side_Projects\Side_Projects\IAPrecinctMap\data\2000\20001107__ia__general__precinct.csv,17768
MITCHELL,ST ANSGAR UNION,,election_geometry_ambiguous,0.2222222222222222,C:\Users\Shama\OneDrive\Documents\Side_Projects\Side_Projects\IAPrecinctMap\data\2000\20001107__ia__general__precinct.csv,17781
MITCHELL,STACYVILLE UNION,,election_geometry_ambiguous,0.38461538461538464,C:\Users\Shama\OneDrive\Documents\Side_Projects\Side_Projects\IAPrecinctMap\data\2000\20001107__ia__general__precinct.csv,17792
MONONA,ABSENTEE & SPECIAL BALLOTS,,election_geometry_ambiguous,0.3673469387755102,C:\Users\Shama\OneDrive\Documents\Side_Projects\Side_Projects\IAPrecinctMap\data\2000\20001107__ia__general__precinct.csv,17806
MONONA,ASHTON LINCOLN N,,election_geometry_ambiguous,0.5,C:\Users\Shama\OneDrive\Documents\Side_Projects\Side_Projects\IAPrecinctMap\data\2000\20001107__ia__general__precinct.csv,17815
MONONA,BELVIDERE SIOUX,,election_geometry_ambiguous,0.4126984126984127,C:\Users\Shama\OneDrive\Documents\Side_Projects\Side_Projects\IAPrecinctMap\data\2000\20001107__ia__general__precinct.csv,17827
MONONA,CENTER KENNEBEC,,election_geometry_ambiguous,0.4444444444444444,C:\Users\Shama\OneDrive\Documents\Side_Projects\Side_Projects\IAPrecinctMap\data\2000\20001107__ia__general__precinct.csv,17839
MONONA,COOPER MAPLE,MONONA - COOPER MAPLE MAPLETON,election_geometry_prefix,0.98,C:\Users\Shama\OneDrive\Documents\Side_Projects\Side_Projects\IAPrecinctMap\data\2000\20001107__ia__general__precinct.csv,17851
MONONA,FAIRVIEW LAKE,,election_geometry_ambiguous,0.45614035087719296,C:\Users\Shama\OneDrive\Documents\Side_Projects\Side_Projects\IAPrecinctMap\data\2000\20001107__ia__general__precinct.csv,17863
MONONA,FRANKLIN LINCOLN S,,election_geometry_ambiguous,0.5882352941176471,C:\Users\Shama\OneDrive\Documents\Side_Projects\Side_Projects\IAPrecinctMap\data\2000\20001107__ia__general__precinct.csv,17875
MONONA,GRANT,,election_geometry_ambiguous,0.23529411764705882,C:\Users\Shama\OneDrive\Documents\Side_Projects\Side_Projects\IAPrecinctMap\data\2000\20001107__ia__general__precinct.csv,17887
MONONA,JORDAN SOLDIER,,election_geometry_ambiguous,0.43137254901960786,C:\Users\Shama\OneDrive\Documents\Side_Projects\Side_Projects\IAPrecinctMap\data\2000\20001107__ia__general__precinct.csv,17899
MONONA,MAPLETON,,election_geometry_ambiguous,0.5517241379310345,C:\Users\Shama\OneDrive\Documents\Side_Projects\Side_Projects\IAPrecinctMap\data\2000\20001107__ia__general__precinct.csv,17911
MONONA,ONAWA 1,,election_geometry_ambiguous,0.7368421052631579,C:\Users\Shama\OneDrive\Documents\Side_Projects\Side_Projects\IAPrecinctMap\data\2000\20001107__ia__general__precinct.csv,17923
MONONA,ONAWA 2,,election_geometry_ambiguous,0.631578947368421,C:\Users\Shama\OneDrive\Documents\Side_Projects\Side_Projects\IAPrecinctMap\data\2000\20001107__ia__general__precinct.csv,17935
MONONA,ONAWA 3,,election_geometry_ambiguous,0.7368421052631579,C:\Users\Shama\OneDrive\Documents\Side_Projects\Side_Projects\IAPrecinctMap\data\2000\20001107__ia__general__precinct.csv,17947
MONONA,ONAWA 4,,election_geometry_ambiguous,0.7368421052631579,C:\Users\Shama\OneDrive\Documents\Side_Projects\Side_Projects\IAPrecinctMap\data\2000\20001107__ia__general__precinct.csv,17959
MONONA,SHERMAN,MONONA - SHERMAN SE FRANKLIN BLENCOE SIOUX,election_geometry_prefix,0.98,C:\Users\Shama\OneDrive\Documents\Side_Projects\Side_Projects\IAPrecinctMap\data\2000\20001107__ia__general__precinct.csv,17971
MONONA,SP VALLEY WILLOW,,election_geometry_ambiguous,0.6037735849056604,C:\Users\Shama\OneDrive\Documents\Side_Projects\Side_Projects\IAPrecinctMap\data\2000\20001107__ia__general__precinct.csv,17983
MONONA,ST CLAIR,MONONA - ST CLAIR UTE,election_geometry_prefix,0.98,C:\Users\Shama\OneDrive\Documents\Side_Projects\Side_Projects\IAPrecinctMap\data\2000\20001107__ia__general__precinct.csv,17995
MONONA,WHITING WEST FORK,,election_geometry_ambiguous,0.4262295081967213,C:\Users\Shama\OneDrive\Documents\Side_Projects\Side_Projects\IAPrecinctMap\data\2000\20001107__ia__general__precinct.csv,18007
MONROE,ABSENTEE & SPECIAL BALLOTS,,election_geometry_ambiguous,0.32,C:\Users\Shama\OneDrive\Documents\Side_Projects\Side_Projects\IAPrecinctMap\data\2000\20001107__ia__general__precinct.csv,18022
MONROE,ALBIA 1,,election_geometry_ambiguous,0.42857142857142855,C:\Users\Shama\OneDrive\Documents\Side_Projects\Side_Projects\IAPrecinctMap\data\2000\20001107__ia__general__precinct.csv,18032
MONROE,ALBIA 2,,election_geometry_ambiguous,0.42857142857142855,C:\Users\Shama\OneDrive\Documents\Side_Projects\Side_Projects\IAPrecinctMap\data\2000\20001107__ia__general__precinct.csv,18045
MONROE,ALBIA 3,,election_geometry_ambiguous,0.42857142857142855,C:\Users\Shama\OneDrive\Documents\Side_Projects\Side_Projects\IAPrecinctMap\data\2000\20001107__ia__general__precinct.csv,18058
MONROE,ALBIA 4,,election_geometry_ambiguous,0.42857142857142855,C:\Users\Shama\OneDrive\Documents\Side_Projects\Side_Projects\IAPrecinctMap\data\2000\20001107__ia__general__precinct.csv,18071
MONROE,BLUFF CR & PLEASANT,,election_geometry_ambiguous,0.32558139534883723,C:\Users\Shama\OneDrive\Documents\Side_Projects\Side_Projects\IAPrecinctMap\data\2000\20001107__ia__general__precinct.csv,18084
MONROE,CEDAR & UNION,,election_geometry_ambiguous,0.3448275862068966,C:\Users\Shama\OneDrive\Documents\Side_Projects\Side_Projects\IAPrecinctMap\data\2000\20001107__ia__general__precinct.csv,18097
MONROE,GUILFORD & FRANKLIN,,election_geometry_ambiguous,0.32558139534883723,C:\Users\Shama\OneDrive\Documents\Side_Projects\Side_Projects\IAPrecinctMap\data\2000\20001107__ia__general__precinct.csv,18110
MONROE,JACKSON & WAYNE,,election_geometry_ambiguous,0.41025641025641024,C:\Users\Shama\OneDrive\Documents\Side_Projects\Side_Projects\IAPrecinctMap\data\2000\20001107__ia__general__precinct.csv,18123
MONROE,MONROE & URBANA,,election_geometry_ambiguous,0.45161290322580644,C:\Users\Shama\OneDrive\Documents\Side_Projects\Side_Projects\IAPrecinctMap\data\2000\20001107__ia__general__precinct.csv,18136
MONROE,TROY & MANTUA,,election_geometry_ambiguous,0.3783783783783784,C:\Users\Shama\OneDrive\Documents\Side_Projects\Side_Projects\IAPrecinctMap\data\2000\20001107__ia__general__precinct.csv,18149
MONTGOMERY,ABSENTEE & SPECIAL BALLOTS,,election_geometry_ambiguous,0.3142857142857143,C:\Users\Shama\OneDrive\Documents\Side_Projects\Side_Projects\IAPrecinctMap\data\2000\20001107__ia__general__precinct.csv,18164
MONTGOMERY,DOUGLAS GRANT,,election_geometry_ambiguous,0.4406779661016949,C:\Users\Shama\OneDrive\Documents\Side_Projects\Side_Projects\IAPrecinctMap\data\2000\20001107__ia__general__precinct.csv,18173
MONTGOMERY,EAST VILLISCA CITY,,election_geometry_ambiguous,0.6046511627906976,C:\Users\Shama\OneDrive\Documents\Side_Projects\Side_Projects\IAPrecinctMap\data\2000\20001107__ia__general__precinct.csv,18184
MONTGOMERY,ELLIOTT PILOT GROVE,,election_geometry_ambiguous,0.4528301886792453,C:\Users\Shama\OneDrive\Documents\Side_Projects\Side_Projects\IAPrecinctMap\data\2000\20001107__ia__general__precinct.csv,18195
MONTGOMERY,FRANKFORT SCOTT STANTON,,election_geometry_ambiguous,0.6,C:\Users\Shama\OneDrive\Documents\Side_Projects\Side_Projects\IAPrecinctMap\data\2000\20001107__ia__general__precinct.csv,18206
MONTGOMERY,GARFIELD WEST GRANT COBURG,,election_geometry_ambiguous,0.5714285714285714,C:\Users\Shama\OneDrive\Documents\Side_Projects\Side_Projects\IAPrecinctMap\data\2000\20001107__ia__general__precinct.csv,18217
MONTGOMERY,LINCOLN,,election_geometry_ambiguous,0.18867924528301888,C:\Users\Shama\OneDrive\Documents\Side_Projects\Side_Projects\IAPrecinctMap\data\2000\20001107__ia__general__precinct.csv,18228
MONTGOMERY,RED OAK 1,,election_geometry_ambiguous,0.3448275862068966,C:\Users\Shama\OneDrive\Documents\Side_Projects\Side_Projects\IAPrecinctMap\data\2000\20001107__ia__general__precinct.csv,18239
MONTGOMERY,RED OAK 2,,election_geometry_ambiguous,0.3448275862068966,C:\Users\Shama\OneDrive\Documents\Side_Projects\Side_Projects\IAPrecinctMap\data\2000\20001107__ia__general__precinct.csv,18250
MONTGOMERY,RED OAK 3,,election_geometry_ambiguous,0.3448275862068966,C:\Users\Shama\OneDrive\Documents\Side_Projects\Side_Projects\IAPrecinctMap\data\2000\20001107__ia__general__precinct.csv,18261
MONTGOMERY,RED OAK TWP,,election_geometry_ambiguous,0.5161290322580645,C:\Users\Shama\OneDrive\Documents\Side_Projects\Side_Projects\IAPrecinctMap\data\2000\20001107__ia__general__precinct.csv,18272
MONTGOMERY,SHERMAN,,election_geometry_ambiguous,0.5185185185185185,C:\Users\Shama\OneDrive\Documents\Side_Projects\Side_Projects\IAPrecinctMap\data\2000\20001107__ia__general__precinct.csv,18283
MONTGOMERY,WASHINGTON,,election_geometry_ambiguous,0.4,C:\Users\Shama\OneDrive\Documents\Side_Projects\Side_Projects\IAPrecinctMap\data\2000\20001107__ia__general__precinct.csv,18294
MUSCATINE,ABSENTEE & SPECIAL BALLOTS,,election_geometry_ambiguous,0.358974358974359,C:\Users\Shama\OneDrive\Documents\Side_Projects\Side_Projects\IAPrecinctMap\data\2000\20001107__ia__general__precinct.csv,18311
MUSCATINE,BLOOMINGTON,MUSCATINE - BLOOMINGTON,election_geometry_exact,1.0,C:\Users\Shama\OneDrive\Documents\Side_Projects\Side_Projects\IAPrecinctMap\data\2000\20001107__ia__general__precinct.csv,18321
MUSCATINE,CEDAR,,election_geometry_ambiguous,0.45454545454545453,C:\Users\Shama\OneDrive\Documents\Side_Projects\Side_Projects\IAPrecinctMap\data\2000\20001107__ia__general__precinct.csv,18335
MUSCATINE,FRUITLAND,,election_geometry_ambiguous,0.8181818181818182,C:\Users\Shama\OneDrive\Documents\Side_Projects\Side_Projects\IAPrecinctMap\data\2000\20001107__ia__general__precinct.csv,18349
MUSCATINE,FULTON,MUSCATINE - FULTON/MONTPELIER,election_geometry_prefix,0.98,C:\Users\Shama\OneDrive\Documents\Side_Projects\Side_Projects\IAPrecinctMap\data\2000\20001107__ia__general__precinct.csv,18363
MUSCATINE,GOSHEN,MUSCATINE - GOSHEN CITY,election_geometry_prefix,0.98,C:\Users\Shama\OneDrive\Documents\Side_Projects\Side_Projects\IAPrecinctMap\data\2000\20001107__ia__general__precinct.csv,18377
MUSCATINE,LAKE,,election_geometry_ambiguous,0.36363636363636365,C:\Users\Shama\OneDrive\Documents\Side_Projects\Side_Projects\IAPrecinctMap\data\2000\20001107__ia__general__precinct.csv,18391
MUSCATINE,MONTPELIER,,election_geometry_ambiguous,0.7407407407407407,C:\Users\Shama\OneDrive\Documents\Side_Projects\Side_Projects\IAPrecinctMap\data\2000\20001107__ia__general__precinct.csv,18405
MUSCATINE,MOSCOW,,election_geometry_ambiguous,0.631578947368421,C:\Users\Shama\OneDrive\Documents\Side_Projects\Side_Projects\IAPrecinctMap\data\2000\20001107__ia__general__precinct.csv,18419
MUSCATINE,MUSCATINE 1,MUSCATINE - MUSCATINE 10TH,election_geometry_prefix,0.98,C:\Users\Shama\OneDrive\Documents\Side_Projects\Side_Projects\IAPrecinctMap\data\2000\20001107__ia__general__precinct.csv,18433
MUSCATINE,MUSCATINE 10,MUSCATINE - MUSCATINE 10TH,election_geometry_prefix,0.98,C:\Users\Shama\OneDrive\Documents\Side_Projects\Side_Projects\IAPrecinctMap\data\2000\20001107__ia__general__precinct.csv,18559
MUSCATINE,MUSCATINE 2,MUSCATINE - MUSCATINE 02ND,election_geometry_fuzzy,0.88,C:\Users\Shama\OneDrive\Documents\Side_Projects\Side_Projects\IAPrecinctMap\data\2000\20001107__ia__general__precinct.csv,18447
MUSCATINE,MUSCATINE 3,MUSCATINE - MUSCATINE 03RD,election_geometry_fuzzy,0.88,C:\Users\Shama\OneDrive\Documents\Side_Projects\Side_Projects\IAPrecinctMap\data\2000\20001107__ia__general__precinct.csv,18461
MUSCATINE,MUSCATINE 4,MUSCATINE - MUSCATINE 04TH,election_geometry_fuzzy,0.88,C:\Users\Shama\OneDrive\Documents\Side_Projects\Side_Projects\IAPrecinctMap\data\2000\20001107__ia__general__precinct.csv,18475
MUSCATINE,MUSCATINE 5,MUSCATINE - MUSCATINE 05TH,election_geometry_fuzzy,0.88,C:\Users\Shama\OneDrive\Documents\Side_Projects\Side_Projects\IAPrecinctMap\data\2000\20001107__ia__general__precinct.csv,18489
MUSCATINE,MUSCATINE 6,MUSCATINE - MUSCATINE 06TH,election_geometry_fuzzy,0.88,C:\Users\Shama\OneDrive\Documents\Side_Projects\Side_Projects\IAPrecinctMap\data\2000\20001107__ia__general__precinct.csv,18503
MUSCATINE,MUSCATINE 7,MUSCATINE - MUSCATINE 07TH,election_geometry_fuzzy,0.88,C:\Users\Shama\OneDrive\Documents\Side_Projects\Side_Projects\IAPrecinctMap\data\2000\20001107__ia__general__precinct.csv,18517
MUSCATINE,MUSCATINE 8,MUSCATINE - MUSCATINE 08TH,election_geometry_fuzzy,0.88,C:\Users\Shama\OneDrive\Documents\Side_Projects\Side_Projects\IAPrecinctMap\data\2000\20001107__ia__general__precinct.csv,18531
MUSCATINE,MUSCATINE 9,MUSCATINE - MUSCATINE 09TH,election_geometry_fuzzy,0.88,C:\Users\Shama\OneDrive\Documents\Side_Projects\Side_Projects\IAPrecinctMap\data\2000\20001107__ia__general__precinct.csv,18545
MUSCATINE,ORONO,MUSCATINE - ORONO CITY,election_geometry_prefix,0.98,C:\Users\Shama\OneDrive\Documents\Side_Projects\Side_Projects\IAPrecinctMap\data\2000\20001107__ia__general__precinct.csv,18573
MUSCATINE,PIKE,MUSCATINE - PIKE CITY,election_geometry_prefix,0.98,C:\Users\Shama\OneDrive\Documents\Side_Projects\Side_Projects\IAPrecinctMap\data\2000\20001107__ia__general__precinct.csv,18587
MUSCATINE,SEVENTY SIX,MUSCATINE - SEVENTY-SIX/CEDAR,election_geometry_prefix,0.98,C:\Users\Shama\OneDrive\Documents\Side_Projects\Side_Projects\IAPrecinctMap\data\2000\20001107__ia__general__precinct.csv,18601
MUSCATINE,SWEETLAND,MUSCATINE - SWEETLAND,election_geometry_exact,1.0,C:\Users\Shama\OneDrive\Documents\Side_Projects\Side_Projects\IAPrecinctMap\data\2000\20001107__ia__general__precinct.csv,18615
MUSCATINE,WAPSIE,,election_geometry_ambiguous,0.4444444444444444,C:\Users\Shama\OneDrive\Documents\Side_Projects\Side_Projects\IAPrecinctMap\data\2000\20001107__ia__general__precinct.csv,18629
MUSCATINE,WEST LIBERTY,MUSCATINE - WEST LIBERTY 2,election_geometry_fuzzy,0.9230769230769231,C:\Users\Shama\OneDrive\Documents\Side_Projects\Side_Projects\IAPrecinctMap\data\2000\20001107__ia__general__precinct.csv,18643
MUSCATINE,WILTON CITY,MUSCATINE - WILTON CITY,election_geometry_exact,1.0,C:\Users\Shama\OneDrive\Documents\Side_Projects\Side_Projects\IAPrecinctMap\data\2000\20001107__ia__general__precinct.csv,18657
MUSCATINE,WILTON TWP,,election_geometry_ambiguous,0.7619047619047619,C:\Users\Shama\OneDrive\Documents\Side_Projects\Side_Projects\IAPrecinctMap\data\2000\20001107__ia__general__precinct.csv,18671
O'BRIEN,ABSENTEE & SPECIAL BALLOTS,,election_geometry_ambiguous,0.36363636363636365,C:\Users\Shama\OneDrive\Documents\Side_Projects\Side_Projects\IAPrecinctMap\data\2000\20001107__ia__general__precinct.csv,18689
O'BRIEN,BAKER,,election_geometry_ambiguous,0.38461538461538464,C:\Users\Shama\OneDrive\Documents\Side_Projects\Side_Projects\IAPrecinctMap\data\2000\20001107__ia__general__precinct.csv,18698
O'BRIEN,CALEDONIA,,election_geometry_ambiguous,0.6,C:\Users\Shama\OneDrive\Documents\Side_Projects\Side_Projects\IAPrecinctMap\data\2000\20001107__ia__general__precinct.csv,18709
O'BRIEN,CARROLL,OBRIEN - CARROLL-FLOYD,election_geometry_prefix,0.98,C:\Users\Shama\OneDrive\Documents\Side_Projects\Side_Projects\IAPrecinctMap\data\2000\20001107__ia__general__precinct.csv,18720
O'BRIEN,CENTER,,election_geometry_ambiguous,0.36363636363636365,C:\Users\Shama\OneDrive\Documents\Side_Projects\Side_Projects\IAPrecinctMap\data\2000\20001107__ia__general__precinct.csv,18731
O'BRIEN,DALE,,election_geometry_ambiguous,0.3333333333333333,C:\Users\Shama\OneDrive\Documents\Side_Projects\Side_Projects\IAPrecinctMap\data\2000\20001107__ia__general__precinct.csv,18742
O'BRIEN,FLOYD,,election_geometry_ambiguous,0.5555555555555556,C:\Users\Shama\OneDrive\Documents\Side_Projects\Side_Projects\IAPrecinctMap\data\2000\20001107__ia__general__precinct.csv,18753
O'BRIEN,FRANKLIN,OBRIEN - FRANKLIN,election_geometry_exact,1.0,C:\Users\Shama\OneDrive\Documents\Side_Projects\Side_Projects\IAPrecinctMap\data\2000\20001107__ia__general__precinct.csv,18764
O'BRIEN,GRANT,,election_geometry_ambiguous,0.46153846153846156,C:\Users\Shama\OneDrive\Documents\Side_Projects\Side_Projects\IAPrecinctMap\data\2000\20001107__ia__general__precinct.csv,18775
O'BRIEN,HARTLEY TWP,,election_geometry_ambiguous,0.5,C:\Users\Shama\OneDrive\Documents\Side_Projects\Side_Projects\IAPrecinctMap\data\2000\20001107__ia__general__precinct.csv,18786
O'BRIEN,HIGHLAND,,election_geometry_ambiguous,0.45714285714285713,C:\Users\Shama\OneDrive\Documents\Side_Projects\Side_Projects\IAPrecinctMap\data\2000\20001107__ia__general__precinct.csv,18797
O'BRIEN,LIBERTY,,election_geometry_ambiguous,0.4827586206896552,C:\Users\Shama\OneDrive\Documents\Side_Projects\Side_Projects\IAPrecinctMap\data\2000\20001107__ia__general__precinct.csv,18808
O'BRIEN,LINCOLN,,election_geometry_ambiguous,0.5,C:\Users\Shama\OneDrive\Documents\Side_Projects\Side_Projects\IAPrecinctMap\data\2000\20001107__ia__general__precinct.csv,18819
O'BRIEN,OMEGA,,election_geometry_ambiguous,0.38461538461538464,C:\Users\Shama\OneDrive\Documents\Side_Projects\Side_Projects\IAPrecinctMap\data\2000\20001107__ia__general__precinct.csv,18830
O'BRIEN,SANBORN,,election_geometry_ambiguous,0.4,C:\Users\Shama\OneDrive\Documents\Side_Projects\Side_Projects\IAPrecinctMap\data\2000\20001107__ia__general__precinct.csv,18841
O'BRIEN,SHELDON 1,OBRIEN - SHELDON 1ST WARD,election_geometry_prefix,0.98,C:\Users\Shama\OneDrive\Documents\Side_Projects\Side_Projects\IAPrecinctMap\data\2000\20001107__ia__general__precinct.csv,18852
O'BRIEN,SHELDON 2,OBRIEN - SHELDON 2ND WARD,election_geometry_prefix,0.98,C:\Users\Shama\OneDrive\Documents\Side_Projects\Side_Projects\IAPrecinctMap\data\2000\20001107__ia__general__precinct.csv,18863
O'BRIEN,SHELDON 3,OBRIEN - SHELDON 3RD WARD,election_geometry_prefix,0.98,C:\Users\Shama\OneDrive\Documents\Side_Projects\Side_Projects\IAPrecinctMap\data\2000\20001107__ia__general__precinct.csv,18874
O'BRIEN,SUMMIT,OBRIEN - SUMMIT-CENTER-DALE-HIGHLAND,election_geometry_prefix,0.98,C:\Users\Shama\OneDrive\Documents\Side_Projects\Side_Projects\IAPrecinctMap\data\2000\20001107__ia__general__precinct.csv,18885
O'BRIEN,UNION,OBRIEN - UNION-BAKER-CALEDONIA,election_geometry_prefix,0.98,C:\Users\Shama\OneDrive\Documents\Side_Projects\Side_Projects\IAPrecinctMap\data\2000\20001107__ia__general__precinct.csv,18896
O'BRIEN,WATERMAN,OBRIEN - WATERMAN-GRANT-LIBERTY,election_geometry_prefix,0.98,C:\Users\Shama\OneDrive\Documents\Side_Projects\Side_Projects\IAPrecinctMap\data\2000\20001107__ia__general__precinct.csv,18907
OSCEOLA,ABSENTEE & SPECIAL BALLOTS,,election_geometry_ambiguous,0.24390243902439024,C:\Users\Shama\OneDrive\Documents\Side_Projects\Side_Projects\IAPrecinctMap\data\2000\20001107__ia__general__precinct.csv,18920
OSCEOLA,ASHTON,OSCEOLA - ASHTON PRECINCT 0100,election_geometry_prefix,0.98,C:\Users\Shama\OneDrive\Documents\Side_Projects\Side_Projects\IAPrecinctMap\data\2000\20001107__ia__general__precinct.csv,18929
OSCEOLA,HARRIS,OSCEOLA - HARRIS PRECINCT 0200,election_geometry_prefix,0.98,C:\Users\Shama\OneDrive\Documents\Side_Projects\Side_Projects\IAPrecinctMap\data\2000\20001107__ia__general__precinct.csv,18940
OSCEOLA,HIVIEW,,election_geometry_ambiguous,0.23529411764705882,C:\Users\Shama\OneDrive\Documents\Side_Projects\Side_Projects\IAPrecinctMap\data\2000\20001107__ia__general__precinct.csv,18951
OSCEOLA,MAY CITY,OSCEOLA - MAY CITY PRECINCT 0300,election_geometry_prefix,0.98,C:\Users\Shama\OneDrive\Documents\Side_Projects\Side_Projects\IAPrecinctMap\data\2000\20001107__ia__general__precinct.csv,18962
OSCEOLA,MELVIN,OSCEOLA - MELVIN PRECINCT 0400,election_geometry_prefix,0.98,C:\Users\Shama\OneDrive\Documents\Side_Projects\Side_Projects\IAPrecinctMap\data\2000\20001107__ia__general__precinct.csv,18973
OSCEOLA,OCHEYEDAN,OSCEOLA - OCHEYEDAN PRECINCT 0500,election_geometry_prefix,0.98,C:\Users\Shama\OneDrive\Documents\Side_Projects\Side_Projects\IAPrecinctMap\data\2000\20001107__ia__general__precinct.csv,18984
OSCEOLA,SIBLEY 1,,election_geometry_ambiguous,0.36363636363636365,C:\Users\Shama\OneDrive\Documents\Side_Projects\Side_Projects\IAPrecinctMap\data\2000\20001107__ia__general__precinct.csv,18995
OSCEOLA,SIBLEY 2,,election_geometry_ambiguous,0.36363636363636365,C:\Users\Shama\OneDrive\Documents\Side_Projects\Side_Projects\IAPrecinctMap\data\2000\20001107__ia__general__precinct.csv,19006
OSCEOLA,SIBLEY 3,,election_geometry_ambiguous,0.36363636363636365,C:\Users\Shama\OneDrive\Documents\Side_Projects\Side_Projects\IAPrecinctMap\data\2000\20001107__ia__general__precinct.csv,19017
PAGE,ABSENTEE & SPECIAL BALLOTS,,election_geometry_ambiguous,0.3548387096774194,C:\Users\Shama\OneDrive\Documents\Side_Projects\Side_Projects\IAPrecinctMap\data\2000\20001107__ia__general__precinct.csv,19032
PAGE,BETHESDA LUTH CH PCT,,election_geometry_ambiguous,0.42857142857142855,C:\Users\Shama\OneDrive\Documents\Side_Projects\Side_Projects\IAPrecinctMap\data\2000\20001107__ia__general__precinct.csv,19042
PAGE,CLARINDA WARD 1,PAGE - CLARINDA WARD 1,election_geometry_exact,1.0,C:\Users\Shama\OneDrive\Documents\Side_Projects\Side_Projects\IAPrecinctMap\data\2000\20001107__ia__general__precinct.csv,19056
PAGE,CLARINDA WARD 2,PAGE - CLARINDA WARD 2,election_geometry_exact,1.0,C:\Users\Shama\OneDrive\Documents\Side_Projects\Side_Projects\IAPrecinctMap\data\2000\20001107__ia__general__precinct.csv,19070
PAGE,CLARINDA WARD 3,,election_geometry_ambiguous,0.9333333333333333,C:\Users\Shama\OneDrive\Documents\Side_Projects\Side_Projects\IAPrecinctMap\data\2000\20001107__ia__general__precinct.csv,19084
PAGE,COIN CITY HALL PCT,,election_geometry_ambiguous,0.3448275862068966,C:\Users\Shama\OneDrive\Documents\Side_Projects\Side_Projects\IAPrecinctMap\data\2000\20001107__ia__general__precinct.csv,19098
PAGE,CRESTLAND CO-OP PCT,,election_geometry_ambiguous,0.4666666666666667,C:\Users\Shama\OneDrive\Documents\Side_Projects\Side_Projects\IAPrecinctMap\data\2000\20001107__ia__general__precinct.csv,19112
PAGE,ESSEX CITY HALL PCT,,election_geometry_ambiguous,0.2413793103448276,C:\Users\Shama\OneDrive\Documents\Side_Projects\Side_Projects\IAPrecinctMap\data\2000\20001107__ia__general__precinct.csv,19126
PAGE,PAGE CO COURTHOUSE PCT,,election_geometry_ambiguous,0.34615384615384615,C:\Users\Shama\OneDrive\Documents\Side_Projects\Side_Projects\IAPrecinctMap\data\2000\20001107__ia__general__precinct.csv,19140
PAGE,SHAMBAUGH CITY HALL PCT,,election_geometry_ambiguous,0.3870967741935484,C:\Users\Shama\OneDrive\Documents\Side_Projects\Side_Projects\IAPrecinctMap\data\2000\20001107__ia__general__precinct.csv,19154
PAGE,SHENANDOAH WARD 1,,election_geometry_ambiguous,0.8275862068965517,C:\Users\Shama\OneDrive\Documents\Side_Projects\Side_Projects\IAPrecinctMap\data\2000\20001107__ia__general__precinct.csv,19168
PAGE,SHENANDOAH WARD 2,,election_geometry_ambiguous,0.8275862068965517,C:\Users\Shama\OneDrive\Documents\Side_Projects\Side_Projects\IAPrecinctMap\data\2000\20001107__ia__general__precinct.csv,19182
PAGE,SHENANDOAH WARD 3,,election_geometry_ambiguous,0.8275862068965517,C:\Users\Shama\OneDrive\Documents\Side_Projects\Side_Projects\IAPrecinctMap\data\2000\20001107__ia__general__precinct.csv,19196
PALO ALTO,ABSENTEE & SPECIAL BALLOTS,,election_geometry_ambiguous,0.36363636363636365,C:\Users\Shama\OneDrive\Documents\Side_Projects\Side_Projects\IAPrecinctMap\data\2000\20001107__ia__general__precinct.csv,19217
PALO ALTO,BOOTH TWP,,election_geometry_ambiguous,0.3076923076923077,C:\Users\Shama\OneDrive\Documents\Side_Projects\Side_Projects\IAPrecinctMap\data\2000\20001107__ia__general__precinct.csv,19226
PALO ALTO,ELLINGTON TWP,,election_geometry_ambiguous,0.29411764705882354,C:\Users\Shama\OneDrive\Documents\Side_Projects\Side_Projects\IAPrecinctMap\data\2000\20001107__ia__general__precinct.csv,19239
PALO ALTO,EMMETSBURG 1,,election_geometry_ambiguous,0.8275862068965517,C:\Users\Shama\OneDrive\Documents\Side_Projects\Side_Projects\IAPrecinctMap\data\2000\20001107__ia__general__precinct.csv,19252
PALO ALTO,EMMETSBURG 2,,election_geometry_ambiguous,0.8275862068965517,C:\Users\Shama\OneDrive\Documents\Side_Projects\Side_Projects\IAPrecinctMap\data\2000\20001107__ia__general__precinct.csv,19265
PALO ALTO,EMMETSBURG 3,,election_geometry_ambiguous,0.7586206896551724,C:\Users\Shama\OneDrive\Documents\Side_Projects\Side_Projects\IAPrecinctMap\data\2000\20001107__ia__general__precinct.csv,19278
PALO ALTO,EMMETSBURG 4,,election_geometry_ambiguous,0.7586206896551724,C:\Users\Shama\OneDrive\Documents\Side_Projects\Side_Projects\IAPrecinctMap\data\2000\20001107__ia__general__precinct.csv,19291
PALO ALTO,EMMETSBURG TWP SOUTH,,election_geometry_ambiguous,0.7027027027027027,C:\Users\Shama\OneDrive\Documents\Side_Projects\Side_Projects\IAPrecinctMap\data\2000\20001107__ia__general__precinct.csv,19304
PALO ALTO,FAIRFIELD,,election_geometry_ambiguous,0.2553191489361702,C:\Users\Shama\OneDrive\Documents\Side_Projects\Side_Projects\IAPrecinctMap\data\2000\20001107__ia__general__precinct.csv,19317
PALO ALTO,FERN VALLEY NORTH,,election_geometry_ambiguous,0.29411764705882354,C:\Users\Shama\OneDrive\Documents\Side_Projects\Side_Projects\IAPrecinctMap\data\2000\20001107__ia__general__precinct.csv,19330
PALO ALTO,FERN VALLEY SOUTH,,election_geometry_ambiguous,0.29411764705882354,C:\Users\Shama\OneDrive\Documents\Side_Projects\Side_Projects\IAPrecinctMap\data\2000\20001107__ia__general__precinct.csv,19343
PALO ALTO,FREEDOM,,election_geometry_ambiguous,0.25806451612903225,C:\Users\Shama\OneDrive\Documents\Side_Projects\Side_Projects\IAPrecinctMap\data\2000\20001107__ia__general__precinct.csv,19356
PALO ALTO,GREAT OAK,,election_geometry_ambiguous,0.3333333333333333,C:\Users\Shama\OneDrive\Documents\Side_Projects\Side_Projects\IAPrecinctMap\data\2000\20001107__ia__general__precinct.csv,19369
PALO ALTO,HIGHLAND,,election_geometry_ambiguous,0.41379310344827586,C:\Users\Shama\OneDrive\Documents\Side_Projects\Side_Projects\IAPrecinctMap\data\2000\20001107__ia__general__precinct.csv,19382
PALO ALTO,INDEPENDENCE,,election_geometry_ambiguous,0.24,C:\Users\Shama\OneDrive\Documents\Side_Projects\Side_Projects\IAPrecinctMap\data\2000\20001107__ia__general__precinct.csv,19395
PALO ALTO,LOST ISLAND,,election_geometry_ambiguous,0.4375,C:\Users\Shama\OneDrive\Documents\Side_Projects\Side_Projects\IAPrecinctMap\data\2000\20001107__ia__general__precinct.csv,19408
PALO ALTO,NEVADA,,election_geometry_ambiguous,0.2608695652173913,C:\Users\Shama\OneDrive\Documents\Side_Projects\Side_Projects\IAPrecinctMap\data\2000\20001107__ia__general__precinct.csv,19422
PALO ALTO,RUSH LAKE,,election_geometry_ambiguous,0.2978723404255319,C:\Users\Shama\OneDrive\Documents\Side_Projects\Side_Projects\IAPrecinctMap\data\2000\20001107__ia__general__precinct.csv,19435
PALO ALTO,SILVER LAKE,,election_geometry_ambiguous,0.2857142857142857,C:\Users\Shama\OneDrive\Documents\Side_Projects\Side_Projects\IAPrecinctMap\data\2000\20001107__ia__general__precinct.csv,19448
PALO ALTO,VERNON,,election_geometry_ambiguous,0.18181818181818182,C:\Users\Shama\OneDrive\Documents\Side_Projects\Side_Projects\IAPrecinctMap\data\2000\20001107__ia__general__precinct.csv,19461
PALO ALTO,WALNUT,,election_geometry_ambiguous,0.26666666666666666,C:\Users\Shama\OneDrive\Documents\Side_Projects\Side_Projects\IAPrecinctMap\data\2000\20001107__ia__general__precinct.csv,19474
PALO ALTO,WEST BEND,,election_geometry_ambiguous,0.38461538461538464,C:\Users\Shama\OneDrive\Documents\Side_Projects\Side_Projects\IAPrecinctMap\data\2000\20001107__ia__general__precinct.csv,19488
PLYMOUTH,ABSENTEE & SPECIAL BALLOTS,,election_geometry_ambiguous,0.23809523809523808,C:\Users\Shama\OneDrive\Documents\Side_Projects\Side_Projects\IAPrecinctMap\data\2000\20001107__ia__general__precinct.csv,19504
PLYMOUTH,AMERICA ELGIN,,election_geometry_ambiguous,0.2222222222222222,C:\Users\Shama\OneDrive\Documents\Side_Projects\Side_Projects\IAPrecinctMap\data\2000\20001107__ia__general__precinct.csv,19512
PLYMOUTH,ELKHORN STANTON UNION,,election_geometry_ambiguous,0.22857142857142856,C:\Users\Shama\OneDrive\Documents\Side_Projects\Side_Projects\IAPrecinctMap\data\2000\20001107__ia__general__precinct.csv,19522
PLYMOUTH,HANCOCK,,election_geometry_ambiguous,0.2857142857142857,C:\Users\Shama\OneDrive\Documents\Side_Projects\Side_Projects\IAPrecinctMap\data\2000\20001107__ia__general__precinct.csv,19532
PLYMOUTH,HENRY GARFIELD KINGSLEY,,election_geometry_ambiguous,0.2727272727272727,C:\Users\Shama\OneDrive\Documents\Side_Projects\Side_Projects\IAPrecinctMap\data\2000\20001107__ia__general__precinct.csv,19542
PLYMOUTH,HUNGERFORD LINCOLN,,election_geometry_ambiguous,0.1875,C:\Users\Shama\OneDrive\Documents\Side_Projects\Side_Projects\IAPrecinctMap\data\2000\20001107__ia__general__precinct.csv,19551
PLYMOUTH,JOHNSON WASHINGTON,,election_geometry_ambiguous,0.3125,C:\Users\Shama\OneDrive\Documents\Side_Projects\Side_Projects\IAPrecinctMap\data\2000\20001107__ia__general__precinct.csv,19561
PLYMOUTH,LE MARS 1,,election_geometry_ambiguous,0.6,C:\Users\Shama\OneDrive\Documents\Side_Projects\Side_Projects\IAPrecinctMap\data\2000\20001107__ia__general__precinct.csv,19571
PLYMOUTH,LE MARS 2,,election_geometry_ambiguous,0.6,C:\Users\Shama\OneDrive\Documents\Side_Projects\Side_Projects\IAPrecinctMap\data\2000\20001107__ia__general__precinct.csv,19581
PLYMOUTH,LE MARS 3,,election_geometry_ambiguous,0.6,C:\Users\Shama\OneDrive\Documents\Side_Projects\Side_Projects\IAPrecinctMap\data\2000\20001107__ia__general__precinct.csv,19591
PLYMOUTH,LIBERTY PLYMOUTH,,election_geometry_ambiguous,0.5333333333333333,C:\Users\Shama\OneDrive\Documents\Side_Projects\Side_Projects\IAPrecinctMap\data\2000\20001107__ia__general__precinct.csv,19601
PLYMOUTH,MARION TWP,,election_geometry_ambiguous,0.3333333333333333,C:\Users\Shama\OneDrive\Documents\Side_Projects\Side_Projects\IAPrecinctMap\data\2000\20001107__ia__general__precinct.csv,19611
PLYMOUTH,PERRY,,election_geometry_ambiguous,0.23076923076923078,C:\Users\Shama\OneDrive\Documents\Side_Projects\Side_Projects\IAPrecinctMap\data\2000\20001107__ia__general__precinct.csv,19621
PLYMOUTH,PORTLAND,,election_geometry_ambiguous,0.36363636363636365,C:\Users\Shama\OneDrive\Documents\Side_Projects\Side_Projects\IAPrecinctMap\data\2000\20001107__ia__general__precinct.csv,19631
PLYMOUTH,PRESTON GRANT,,election_geometry_ambiguous,0.2962962962962963,C:\Users\Shama\OneDrive\Documents\Side_Projects\Side_Projects\IAPrecinctMap\data\2000\20001107__ia__general__precinct.csv,19641
PLYMOUTH,REMSEN FREDONIA MEADOW,,election_geometry_ambiguous,0.2222222222222222,C:\Users\Shama\OneDrive\Documents\Side_Projects\Side_Projects\IAPrecinctMap\data\2000\20001107__ia__general__precinct.csv,19651
PLYMOUTH,SIOUX WESTFIELD,,election_geometry_ambiguous,0.3448275862068966,C:\Users\Shama\OneDrive\Documents\Side_Projects\Side_Projects\IAPrecinctMap\data\2000\20001107__ia__general__precinct.csv,19660
POCAHONTAS,ABSENTEE & SPECIAL BALLOTS,,election_geometry_ambiguous,0.375,C:\Users\Shama\OneDrive\Documents\Side_Projects\Side_Projects\IAPrecinctMap\data\2000\20001107__ia__general__precinct.csv,19673
POCAHONTAS,BELLV LIZD S LINCOLN PALM,,election_geometry_ambiguous,0.6896551724137931,C:\Users\Shama\OneDrive\Documents\Side_Projects\Side_Projects\IAPrecinctMap\data\2000\20001107__ia__general__precinct.csv,19682
POCAHONTAS,CEDAR COLFAX FONDA,,election_geometry_ambiguous,0.7777777777777778,C:\Users\Shama\OneDrive\Documents\Side_Projects\Side_Projects\IAPrecinctMap\data\2000\20001107__ia__general__precinct.csv,19694
POCAHONTAS,CUMMINS N SHERMAN HAVELOCK,,election_geometry_ambiguous,0.5625,C:\Users\Shama\OneDrive\Documents\Side_Projects\Side_Projects\IAPrecinctMap\data\2000\20001107__ia__general__precinct.csv,19706
POCAHONTAS,DES MOINES N GARFIELD ROLFE,,election_geometry_ambiguous,0.49230769230769234,C:\Users\Shama\OneDrive\Documents\Side_Projects\Side_Projects\IAPrecinctMap\data\2000\20001107__ia__general__precinct.csv,19718
POCAHONTAS,DOVER S MARSHALL VARINA,,election_geometry_ambiguous,0.6122448979591837,C:\Users\Shama\OneDrive\Documents\Side_Projects\Side_Projects\IAPrecinctMap\data\2000\20001107__ia__general__precinct.csv,19730
POCAHONTAS,GRANT S SHERMAN,,election_geometry_ambiguous,0.7317073170731707,C:\Users\Shama\OneDrive\Documents\Side_Projects\Side_Projects\IAPrecinctMap\data\2000\20001107__ia__general__precinct.csv,19742
POCAHONTAS,LAKE S GARFIELD GILMORE CITY,,election_geometry_ambiguous,0.4166666666666667,C:\Users\Shama\OneDrive\Documents\Side_Projects\Side_Projects\IAPrecinctMap\data\2000\20001107__ia__general__precinct.csv,19754
POCAHONTAS,POCAHONTAS 1,POCAHONTAS - POCAHONTAS #1,election_geometry_exact,1.0,C:\Users\Shama\OneDrive\Documents\Side_Projects\Side_Projects\IAPrecinctMap\data\2000\20001107__ia__general__precinct.csv,19766
POCAHONTAS,POCAHONTAS 2-CENTER-S ROOS-N LCN,POCAHONTAS - POCAHONTAS #2,election_geometry_prefix,0.98,C:\Users\Shama\OneDrive\Documents\Side_Projects\Side_Projects\IAPrecinctMap\data\2000\20001107__ia__general__precinct.csv,19778
POCAHONTAS,POWHATAN N ROOSEVELT PLOVER,,election_geometry_ambiguous,0.425531914893617,C:\Users\Shama\OneDrive\Documents\Side_Projects\Side_Projects\IAPrecinctMap\data\2000\20001107__ia__general__precinct.csv,19790
POCAHONTAS,SWAN LAKE N MARSHALL LAURENS,POCAHONTAS - SWAN LAKE-N MARSHALL,election_geometry_prefix,0.98,C:\Users\Shama\OneDrive\Documents\Side_Projects\Side_Projects\IAPrecinctMap\data\2000\20001107__ia__general__precinct.csv,19802
POLK,ABSENTEE & SPECIAL BALLOTS,,election_geometry_ambiguous,0.36363636363636365,C:\Users\Shama\OneDrive\Documents\Side_Projects\Side_Projects\IAPrecinctMap\data\2000\20001107__ia__general__precinct.csv,19853
POLK,ALLEMAN SHELDAHL 1,,election_geometry_ambiguous,0.6896551724137931,C:\Users\Shama\OneDrive\Documents\Side_Projects\Side_Projects\IAPrecinctMap\data\2000\20001107__ia__general__precinct.csv,19862
POLK,ALLEN 1,POLK - ALLEN 01,election_geometry_fuzzy,0.9333333333333333,C:\Users\Shama\OneDrive\Documents\Side_Projects\Side_Projects\IAPrecinctMap\data\2000\20001107__ia__general__precinct.csv,19874
POLK,ALTOONA 1,POLK - ALTOONA 01,election_geometry_fuzzy,0.9473684210526315,C:\Users\Shama\OneDrive\Documents\Side_Projects\Side_Projects\IAPrecinctMap\data\2000\20001107__ia__general__precinct.csv,19886
POLK,ALTOONA 2,POLK - ALTOONA 02,election_geometry_fuzzy,0.9473684210526315,C:\Users\Shama\OneDrive\Documents\Side_Projects\Side_Projects\IAPrecinctMap\data\2000\20001107__ia__general__precinct.csv,19898
POLK,ALTOONA 3,POLK - ALTOONA 03,election_geometry_fuzzy,0.9473684210526315,C:\Users\Shama\OneDrive\Documents\Side_Projects\Side_Projects\IAPrecinctMap\data\2000\20001107__ia__general__precinct.csv,19910
POLK,ANKENY 1,,election_geometry_ambiguous,0.9411764705882353,C:\Users\Shama\OneDrive\Documents\Side_Projects\Side_Projects\IAPrecinctMap\data\2000\20001107__ia__general__precinct.csv,19922
POLK,ANKENY 2,,election_geometry_ambiguous,0.9411764705882353,C:\Users\Shama\OneDrive\Documents\Side_Projects\Side_Projects\IAPrecinctMap\data\2000\20001107__ia__general__precinct.csv,19933
POLK,ANKENY 3,,election_geometry_ambiguous,0.9411764705882353,C:\Users\Shama\OneDrive\Documents\Side_Projects\Side_Projects\IAPrecinctMap\data\2000\20001107__ia__general__precinct.csv,19944
POLK,ANKENY 4,,election_geometry_ambiguous,0.9411764705882353,C:\Users\Shama\OneDrive\Documents\Side_Projects\Side_Projects\IAPrecinctMap\data\2000\20001107__ia__general__precinct.csv,19955
POLK,ANKENY 5,,election_geometry_ambiguous,0.9411764705882353,C:\Users\Shama\OneDrive\Documents\Side_Projects\Side_Projects\IAPrecinctMap\data\2000\20001107__ia__general__precinct.csv,19966
POLK,ANKENY 6,POLK - ANKENY 06,election_geometry_fuzzy,0.9411764705882353,C:\Users\Shama\OneDrive\Documents\Side_Projects\Side_Projects\IAPrecinctMap\data\2000\20001107__ia__general__precinct.csv,19977
POLK,BONDURANT 1,POLK - BONDURANT 01,election_geometry_fuzzy,0.9565217391304348,C:\Users\Shama\OneDrive\Documents\Side_Projects\Side_Projects\IAPrecinctMap\data\2000\20001107__ia__general__precinct.csv,19988
POLK,CLAY 1,POLK - CLAY PRECINCT 01,election_geometry_fuzzy,0.9230769230769231,C:\Users\Shama\OneDrive\Documents\Side_Projects\Side_Projects\IAPrecinctMap\data\2000\20001107__ia__general__precinct.csv,20000
POLK,CLIVE 1,POLK - CLIVE 01,election_geometry_fuzzy,0.9333333333333333,C:\Users\Shama\OneDrive\Documents\Side_Projects\Side_Projects\IAPrecinctMap\data\2000\20001107__ia__general__precinct.csv,20012
POLK,CLIVE 2,POLK - CLIVE 02,election_geometry_fuzzy,0.9333333333333333,C:\Users\Shama\OneDrive\Documents\Side_Projects\Side_Projects\IAPrecinctMap\data\2000\20001107__ia__general__precinct.csv,20027
POLK,CLIVE 3,POLK - CLIVE 03,election_geometry_fuzzy,0.9333333333333333,C:\Users\Shama\OneDrive\Documents\Side_Projects\Side_Projects\IAPrecinctMap\data\2000\20001107__ia__general__precinct.csv,20042
POLK,CROCKER 1,POLK - CROCKER 01,election_geometry_fuzzy,0.9473684210526315,C:\Users\Shama\OneDrive\Documents\Side_Projects\Side_Projects\IAPrecinctMap\data\2000\20001107__ia__general__precinct.csv,20057
POLK,DELAWARE 1,POLK - DELAWARE 01,election_geometry_fuzzy,0.9523809523809523,C:\Users\Shama\OneDrive\Documents\Side_Projects\Side_Projects\IAPrecinctMap\data\2000\20001107__ia__general__precinct.csv,20068
POLK,DELAWARE 2,POLK - DELAWARE 02,election_geometry_fuzzy,0.9523809523809523,C:\Users\Shama\OneDrive\Documents\Side_Projects\Side_Projects\IAPrecinctMap\data\2000\20001107__ia__general__precinct.csv,20080
POLK,DELAWARE 3,,election_geometry_ambiguous,0.8571428571428571,C:\Users\Shama\OneDrive\Documents\Side_Projects\Side_Projects\IAPrecinctMap\data\2000\20001107__ia__general__precinct.csv,20092
POLK,DES MOINES 1,,election_geometry_ambiguous,0.96,C:\Users\Shama\OneDrive\Documents\Side_Projects\Side_Projects\IAPrecinctMap\data\2000\20001107__ia__general__precinct.csv,20104
POLK,DES MOINES 10,POLK - DES MOINES 10,election_geometry_exact,1.0,C:\Users\Shama\OneDrive\Documents\Side_Projects\Side_Projects\IAPrecinctMap\data\2000\20001107__ia__general__precinct.csv,20210
POLK,DES MOINES 11,POLK - DES MOINES 11,election_geometry_exact,1.0,C:\Users\Shama\OneDrive\Documents\Side_Projects\Side_Projects\IAPrecinctMap\data\2000\20001107__ia__general__precinct.csv,20224
POLK,DES MOINES 12,POLK - DES MOINES 12,election_geometry_exact,1.0,C:\Users\Shama\OneDrive\Documents\Side_Projects\Side_Projects\IAPrecinctMap\data\2000\20001107__ia__general__precinct.csv,20239
POLK,DES MOINES 13,POLK - DES MOINES 13,election_geometry_exact,1.0,C:\Users\Shama\OneDrive\Documents\Side_Projects\Side_Projects\IAPrecinctMap\data\2000\20001107__ia__general__precinct.csv,20254
POLK,DES MOINES 14,POLK - DES MOINES 14,election_geometry_exact,1.0,C:\Users\Shama\OneDrive\Documents\Side_Projects\Side_Projects\IAPrecinctMap\data\2000\20001107__ia__general__precinct.csv,20269
POLK,DES MOINES 15,POLK - DES MOINES 15,election_geometry_exact,1.0,C:\Users\Shama\OneDrive\Documents\Side_Projects\Side_Projects\IAPrecinctMap\data\2000\20001107__ia__general__precinct.csv,20284
POLK,DES MOINES 16,POLK - DES MOINES 16,election_geometry_exact,1.0,C:\Users\Shama\OneDrive\Documents\Side_Projects\Side_Projects\IAPrecinctMap\data\2000\20001107__ia__general__precinct.csv,20299
POLK,DES MOINES 17,POLK - DES MOINES 17,election_geometry_exact,1.0,C:\Users\Shama\OneDrive\Documents\Side_Projects\Side_Projects\IAPrecinctMap\data\2000\20001107__ia__general__precinct.csv,20314
POLK,DES MOINES 18,POLK - DES MOINES 18,election_geometry_exact,1.0,C:\Users\Shama\OneDrive\Documents\Side_Projects\Side_Projects\IAPrecinctMap\data\2000\20001107__ia__general__precinct.csv,20329
POLK,DES MOINES 19,POLK - DES MOINES 19,election_geometry_exact,1.0,C:\Users\Shama\OneDrive\Documents\Side_Projects\Side_Projects\IAPrecinctMap\data\2000\20001107__ia__general__precinct.csv,20344
POLK,DES MOINES 2,,election_geometry_ambiguous,0.96,C:\Users\Shama\OneDrive\Documents\Side_Projects\Side_Projects\IAPrecinctMap\data\2000\20001107__ia__general__precinct.csv,20115
POLK,DES MOINES 20,POLK - DES MOINES 20,election_geometry_exact,1.0,C:\Users\Shama\OneDrive\Documents\Side_Projects\Side_Projects\IAPrecinctMap\data\2000\20001107__ia__general__precinct.csv,20358
POLK,DES MOINES 21,POLK - DES MOINES 21,election_geometry_exact,1.0,C:\Users\Shama\OneDrive\Documents\Side_Projects\Side_Projects\IAPrecinctMap\data\2000\20001107__ia__general__precinct.csv,20372
POLK,DES MOINES 22,POLK - DES MOINES 22,election_geometry_exact,1.0,C:\Users\Shama\OneDrive\Documents\Side_Projects\Side_Projects\IAPrecinctMap\data\2000\20001107__ia__general__precinct.csv,20383
POLK,DES MOINES 23,POLK - DES MOINES 23,election_geometry_exact,1.0,C:\Users\Shama\OneDrive\Documents\Side_Projects\Side_Projects\IAPrecinctMap\data\2000\20001107__ia__general__precinct.csv,20394
POLK,DES MOINES 24,POLK - DES MOINES 24,election_geometry_exact,1.0,C:\Users\Shama\OneDrive\Documents\Side_Projects\Side_Projects\IAPrecinctMap\data\2000\20001107__ia__general__precinct.csv,20405
POLK,DES MOINES 25,POLK - DES MOINES 25,election_geometry_exact,1.0,C:\Users\Shama\OneDrive\Documents\Side_Projects\Side_Projects\IAPrecinctMap\data\2000\20001107__ia__general__precinct.csv,20416
POLK,DES MOINES 26,POLK - DES MOINES 26,election_geometry_exact,1.0,C:\Users\Shama\OneDrive\Documents\Side_Projects\Side_Projects\IAPrecinctMap\data\2000\20001107__ia__general__precinct.csv,20427
POLK,DES MOINES 27,POLK - DES MOINES 27,election_geometry_exact,1.0,C:\Users\Shama\OneDrive\Documents\Side_Projects\Side_Projects\IAPrecinctMap\data\2000\20001107__ia__general__precinct.csv,20438
POLK,DES MOINES 28,POLK - DES MOINES 28,election_geometry_exact,1.0,C:\Users\Shama\OneDrive\Documents\Side_Projects\Side_Projects\IAPrecinctMap\data\2000\20001107__ia__general__precinct.csv,20449
POLK,DES MOINES 29,POLK - DES MOINES 29,election_geometry_exact,1.0,C:\Users\Shama\OneDrive\Documents\Side_Projects\Side_Projects\IAPrecinctMap\data\2000\20001107__ia__general__precinct.csv,20460
POLK,DES MOINES 3,,election_geometry_ambiguous,0.96,C:\Users\Shama\OneDrive\Documents\Side_Projects\Side_Projects\IAPrecinctMap\data\2000\20001107__ia__general__precinct.csv,20126
POLK,DES MOINES 30,POLK - DES MOINES 30,election_geometry_exact,1.0,C:\Users\Shama\OneDrive\Documents\Side_Projects\Side_Projects\IAPrecinctMap\data\2000\20001107__ia__general__precinct.csv,20471
POLK,DES MOINES 31,POLK - DES MOINES 31,election_geometry_exact,1.0,C:\Users\Shama\OneDrive\Documents\Side_Projects\Side_Projects\IAPrecinctMap\data\2000\20001107__ia__general__precinct.csv,20482
POLK,DES MOINES 32,POLK - DES MOINES 32,election_geometry_exact,1.0,C:\Users\Shama\OneDrive\Documents\Side_Projects\Side_Projects\IAPrecinctMap\data\2000\20001107__ia__general__precinct.csv,20493
POLK,DES MOINES 33,POLK - DES MOINES 33,election_geometry_exact,1.0,C:\Users\Shama\OneDrive\Documents\Side_Projects\Side_Projects\IAPrecinctMap\data\2000\20001107__ia__general__precinct.csv,20504
POLK,DES MOINES 34,POLK - DES MOINES 34,election_geometry_exact,1.0,C:\Users\Shama\OneDrive\Documents\Side_Projects\Side_Projects\IAPrecinctMap\data\2000\20001107__ia__general__precinct.csv,20515
POLK,DES MOINES 35,POLK - DES MOINES 35,election_geometry_exact,1.0,C:\Users\Shama\OneDrive\Documents\Side_Projects\Side_Projects\IAPrecinctMap\data\2000\20001107__ia__general__precinct.csv,20526
POLK,DES MOINES 36,POLK - DES MOINES 36,election_geometry_exact,1.0,C:\Users\Shama\OneDrive\Documents\Side_Projects\Side_Projects\IAPrecinctMap\data\2000\20001107__ia__general__precinct.csv,20537
POLK,DES MOINES 37,POLK - DES MOINES 37,election_geometry_exact,1.0,C:\Users\Shama\OneDrive\Documents\Side_Projects\Side_Projects\IAPrecinctMap\data\2000\20001107__ia__general__precinct.csv,20548
POLK,DES MOINES 38,POLK - DES MOINES 38,election_geometry_exact,1.0,C:\Users\Shama\OneDrive\Documents\Side_Projects\Side_Projects\IAPrecinctMap\data\2000\20001107__ia__general__precinct.csv,20559
POLK,DES MOINES 39,POLK - DES MOINES 39,election_geometry_exact,1.0,C:\Users\Shama\OneDrive\Documents\Side_Projects\Side_Projects\IAPrecinctMap\data\2000\20001107__ia__general__precinct.csv,20570
POLK,DES MOINES 4,,election_geometry_ambiguous,0.96,C:\Users\Shama\OneDrive\Documents\Side_Projects\Side_Projects\IAPrecinctMap\data\2000\20001107__ia__general__precinct.csv,20137
POLK,DES MOINES 40,POLK - DES MOINES 40,election_geometry_exact,1.0,C:\Users\Shama\OneDrive\Documents\Side_Projects\Side_Projects\IAPrecinctMap\data\2000\20001107__ia__general__precinct.csv,20581
POLK,DES MOINES 41,POLK - DES MOINES 41,election_geometry_exact,1.0,C:\Users\Shama\OneDrive\Documents\Side_Projects\Side_Projects\IAPrecinctMap\data\2000\20001107__ia__general__precinct.csv,20595
POLK,DES MOINES 42,POLK - DES MOINES 42,election_geometry_exact,1.0,C:\Users\Shama\OneDrive\Documents\Side_Projects\Side_Projects\IAPrecinctMap\data\2000\20001107__ia__general__precinct.csv,20606
POLK,DES MOINES 43,POLK - DES MOINES 43,election_geometry_exact,1.0,C:\Users\Shama\OneDrive\Documents\Side_Projects\Side_Projects\IAPrecinctMap\data\2000\20001107__ia__general__precinct.csv,20620
POLK,DES MOINES 44,POLK - DES MOINES 44,election_geometry_exact,1.0,C:\Users\Shama\OneDrive\Documents\Side_Projects\Side_Projects\IAPrecinctMap\data\2000\20001107__ia__general__precinct.csv,20631
POLK,DES MOINES 45,POLK - DES MOINES 45,election_geometry_exact,1.0,C:\Users\Shama\OneDrive\Documents\Side_Projects\Side_Projects\IAPrecinctMap\data\2000\20001107__ia__general__precinct.csv,20645
POLK,DES MOINES 46,POLK - DES MOINES 46,election_geometry_exact,1.0,C:\Users\Shama\OneDrive\Documents\Side_Projects\Side_Projects\IAPrecinctMap\data\2000\20001107__ia__general__precinct.csv,20659
POLK,DES MOINES 47,POLK - DES MOINES 47,election_geometry_exact,1.0,C:\Users\Shama\OneDrive\Documents\Side_Projects\Side_Projects\IAPrecinctMap\data\2000\20001107__ia__general__precinct.csv,20674
POLK,DES MOINES 48,POLK - DES MOINES 48,election_geometry_exact,1.0,C:\Users\Shama\OneDrive\Documents\Side_Projects\Side_Projects\IAPrecinctMap\data\2000\20001107__ia__general__precinct.csv,20689
POLK,DES MOINES 49,POLK - DES MOINES 49,election_geometry_exact,1.0,C:\Users\Shama\OneDrive\Documents\Side_Projects\Side_Projects\IAPrecinctMap\data\2000\20001107__ia__general__precinct.csv,20704
POLK,DES MOINES 5,,election_geometry_ambiguous,0.96,C:\Users\Shama\OneDrive\Documents\Side_Projects\Side_Projects\IAPrecinctMap\data\2000\20001107__ia__general__precinct.csv,20148
POLK,DES MOINES 50,POLK - DES MOINES 50,election_geometry_exact,1.0,C:\Users\Shama\OneDrive\Documents\Side_Projects\Side_Projects\IAPrecinctMap\data\2000\20001107__ia__general__precinct.csv,20719
POLK,DES MOINES 51,POLK - DES MOINES 51,election_geometry_exact,1.0,C:\Users\Shama\OneDrive\Documents\Side_Projects\Side_Projects\IAPrecinctMap\data\2000\20001107__ia__general__precinct.csv,20734
POLK,DES MOINES 52,POLK - DES MOINES 52,election_geometry_exact,1.0,C:\Users\Shama\OneDrive\Documents\Side_Projects\Side_Projects\IAPrecinctMap\data\2000\20001107__ia__general__precinct.csv,20749
POLK,DES MOINES 53,POLK - DES MOINES 53,election_geometry_exact,1.0,C:\Users\Shama\OneDrive\Documents\Side_Projects\Side_Projects\IAPrecinctMap\data\2000\20001107__ia__general__precinct.csv,20764
POLK,DES MOINES 54,POLK - DES MOINES 54,election_geometry_exact,1.0,C:\Users\Shama\OneDrive\Documents\Side_Projects\Side_Projects\IAPrecinctMap\data\2000\20001107__ia__general__precinct.csv,20776
POLK,DES MOINES 55,POLK - DES MOINES 55,election_geometry_exact,1.0,C:\Users\Shama\OneDrive\Documents\Side_Projects\Side_Projects\IAPrecinctMap\data\2000\20001107__ia__general__precinct.csv,20790
POLK,DES MOINES 56,POLK - DES MOINES 56,election_geometry_exact,1.0,C:\Users\Shama\OneDrive\Documents\Side_Projects\Side_Projects\IAPrecinctMap\data\2000\20001107__ia__general__precinct.csv,20804
POLK,DES MOINES 57,POLK - DES MOINES 57,election_geometry_exact,1.0,C:\Users\Shama\OneDrive\Documents\Side_Projects\Side_Projects\IAPrecinctMap\data\2000\20001107__ia__general__precinct.csv,20818
POLK,DES MOINES 58,POLK - DES MOINES 58,election_geometry_exact,1.0,C:\Users\Shama\OneDrive\Documents\Side_Projects\Side_Projects\IAPrecinctMap\data\2000\20001107__ia__general__precinct.csv,20829
POLK,DES MOINES 59,POLK - DES MOINES 59,election_geometry_exact,1.0,C:\Users\Shama\OneDrive\Documents\Side_Projects\Side_Projects\IAPrecinctMap\data\2000\20001107__ia__general__precinct.csv,20843
POLK,DES MOINES 6,,election_geometry_ambiguous,0.96,C:\Users\Shama\OneDrive\Documents\Side_Projects\Side_Projects\IAPrecinctMap\data\2000\20001107__ia__general__precinct.csv,20159
POLK,DES MOINES 60,POLK - DES MOINES 60,election_geometry_exact,1.0,C:\Users\Shama\OneDrive\Documents\Side_Projects\Side_Projects\IAPrecinctMap\data\2000\20001107__ia__general__precinct.csv,20857
POLK,DES MOINES 61,POLK - DES MOINES 61,election_geometry_exact,1.0,C:\Users\Shama\OneDrive\Documents\Side_Projects\Side_Projects\IAPrecinctMap\data\2000\20001107__ia__general__precinct.csv,20871
POLK,DES MOINES 62,POLK - DES MOINES 62,election_geometry_exact,1.0,C:\Users\Shama\OneDrive\Documents\Side_Projects\Side_Projects\IAPrecinctMap\data\2000\20001107__ia__general__precinct.csv,20885
POLK,DES MOINES 63,POLK - DES MOINES 63,election_geometry_exact,1.0,C:\Users\Shama\OneDrive\Documents\Side_Projects\Side_Projects\IAPrecinctMap\data\2000\20001107__ia__general__precinct.csv,20899
POLK,DES MOINES 64,POLK - DES MOINES 64,election_geometry_exact,1.0,C:\Users\Shama\OneDrive\Documents\Side_Projects\Side_Projects\IAPrecinctMap\data\2000\20001107__ia__general__precinct.csv,20913
POLK,DES MOINES 65,POLK - DES MOINES 65,election_geometry_exact,1.0,C:\Users\Shama\OneDrive\Documents\Side_Projects\Side_Projects\IAPrecinctMap\data\2000\20001107__ia__general__precinct.csv,20927
POLK,DES MOINES 66,POLK - DES MOINES 66,election_geometry_exact,1.0,C:\Users\Shama\OneDrive\Documents\Side_Projects\Side_Projects\IAPrecinctMap\data\2000\20001107__ia__general__precinct.csv,20941
POLK,DES MOINES 67,POLK - DES MOINES 67,election_geometry_exact,1.0,C:\Users\Shama\OneDrive\Documents\Side_Projects\Side_Projects\IAPrecinctMap\data\2000\20001107__ia__general__precinct.csv,20955
POLK,DES MOINES 68,POLK - DES MOINES 68,election_geometry_exact,1.0,C:\Users\Shama\OneDrive\Documents\Side_Projects\Side_Projects\IAPrecinctMap\data\2000\20001107__ia__general__precinct.csv,20969
POLK,DES MOINES 69,POLK - DES MOINES 69,election_geometry_exact,1.0,C:\Users\Shama\OneDrive\Documents\Side_Projects\Side_Projects\IAPrecinctMap\data\2000\20001107__ia__general__precinct.csv,20983
POLK,DES MOINES 7,,election_geometry_ambiguous,0.96,C:\Users\Shama\OneDrive\Documents\Side_Projects\Side_Projects\IAPrecinctMap\data\2000\20001107__ia__general__precinct.csv,20170
POLK,DES MOINES 70,POLK - DES MOINES 70,election_geometry_exact,1.0,C:\Users\Shama\OneDrive\Documents\Side_Projects\Side_Projects\IAPrecinctMap\data\2000\20001107__ia__general__precinct.csv,20995
POLK,DES MOINES 71,POLK - DES MOINES 71,election_geometry_exact,1.0,C:\Users\Shama\OneDrive\Documents\Side_Projects\Side_Projects\IAPrecinctMap\data\2000\20001107__ia__general__precinct.csv,21007
POLK,DES MOINES 72,POLK - DES MOINES 72,election_geometry_exact,1.0,C:\Users\Shama\OneDrive\Documents\Side_Projects\Side_Projects\IAPrecinctMap\data\2000\20001107__ia__general__precinct.csv,21018
POLK,DES MOINES 73,POLK - DES MOINES 73,election_geometry_exact,1.0,C:\Users\Shama\OneDrive\Documents\Side_Projects\Side_Projects\IAPrecinctMap\data\2000\20001107__ia__general__precinct.csv,21030
POLK,DES MOINES 74,POLK - DES MOINES 74,election_geometry_exact,1.0,C:\Users\Shama\OneDrive\Documents\Side_Projects\Side_Projects\IAPrecinctMap\data\2000\20001107__ia__general__precinct.csv,21042
POLK,DES MOINES 75,POLK - DES MOINES 75,election_geometry_exact,1.0,C:\Users\Shama\OneDrive\Documents\Side_Projects\Side_Projects\IAPrecinctMap\data\2000\20001107__ia__general__precinct.csv,21054
POLK,DES MOINES 76,POLK - DES MOINES 76,election_geometry_exact,1.0,C:\Users\Shama\OneDrive\Documents\Side_Projects\Side_Projects\IAPrecinctMap\data\2000\20001107__ia__general__precinct.csv,21066
POLK,DES MOINES 77,POLK - DES MOINES 77,election_geometry_exact,1.0,C:\Users\Shama\OneDrive\Documents\Side_Projects\Side_Projects\IAPrecinctMap\data\2000\20001107__ia__general__precinct.csv,21078
POLK,DES MOINES 78,POLK - DES MOINES 78,election_geometry_exact,1.0,C:\Users\Shama\OneDrive\Documents\Side_Projects\Side_Projects\IAPrecinctMap\data\2000\20001107__ia__general__precinct.csv,21092
POLK,DES MOINES 79,POLK - DES MOINES 79,election_geometry_exact,1.0,C:\Users\Shama\OneDrive\Documents\Side_Projects\Side_Projects\IAPrecinctMap\data\2000\20001107__ia__general__precinct.csv,21106
POLK,DES MOINES 8,,election_geometry_ambiguous,0.96,C:\Users\Shama\OneDrive\Documents\Side_Projects\Side_Projects\IAPrecinctMap\data\2000\20001107__ia__general__precinct.csv,20181
POLK,DES MOINES 80,POLK - DES MOINES 80,election_geometry_exact,1.0,C:\Users\Shama\OneDrive\Documents\Side_Projects\Side_Projects\IAPrecinctMap\data\2000\20001107__ia__general__precinct.csv,21120
POLK,DES MOINES 81,POLK - DES MOINES 81,election_geometry_exact,1.0,C:\Users\Shama\OneDrive\Documents\Side_Projects\Side_Projects\IAPrecinctMap\data\2000\20001107__ia__general__precinct.csv,21134
POLK,DES MOINES 82,POLK - DES MOINES 82,election_geometry_exact,1.0,C:\Users\Shama\OneDrive\Documents\Side_Projects\Side_Projects\IAPrecinctMap\data\2000\20001107__ia__general__precinct.csv,21148
POLK,DES MOINES 83,POLK - DES MOINES 83,election_geometry_exact,1.0,C:\Users\Shama\OneDrive\Documents\Side_Projects\Side_Projects\IAPrecinctMap\data\2000\20001107__ia__general__precinct.csv,21162
POLK,DES MOINES 84,POLK - DES MOINES 84,election_geometry_exact,1.0,C:\Users\Shama\OneDrive\Documents\Side_Projects\Side_Projects\IAPrecinctMap\data\2000\20001107__ia__general__precinct.csv,21176
POLK,DES MOINES 85,,election_geometry_ambiguous,0.9230769230769231,C:\Users\Shama\OneDrive\Documents\Side_Projects\Side_Projects\IAPrecinctMap\data\2000\20001107__ia__general__precinct.csv,21190
POLK,DES MOINES 86,,election_geometry_ambiguous,0.9230769230769231,C:\Users\Shama\OneDrive\Documents\Side_Projects\Side_Projects\IAPrecinctMap\data\2000\20001107__ia__general__precinct.csv,21202
POLK,DES MOINES 87,,election_geometry_ambiguous,0.9230769230769231,C:\Users\Shama\OneDrive\Documents\Side_Projects\Side_Projects\IAPrecinctMap\data\2000\20001107__ia__general__precinct.csv,21214
POLK,DES MOINES 88,,election_geometry_ambiguous,0.9230769230769231,C:\Users\Shama\OneDrive\Documents\Side_Projects\Side_Projects\IAPrecinctMap\data\2000\20001107__ia__general__precinct.csv,21226
POLK,DES MOINES 89,,election_geometry_ambiguous,0.9230769230769231,C:\Users\Shama\OneDrive\Documents\Side_Projects\Side_Projects\IAPrecinctMap\data\2000\20001107__ia__general__precinct.csv,21240
POLK,DES MOINES 9,,election_geometry_ambiguous,0.96,C:\Users\Shama\OneDrive\Documents\Side_Projects\Side_Projects\IAPrecinctMap\data\2000\20001107__ia__general__precinct.csv,20195
POLK,DES MOINES 90,,election_geometry_ambiguous,0.9230769230769231,C:\Users\Shama\OneDrive\Documents\Side_Projects\Side_Projects\IAPrecinctMap\data\2000\20001107__ia__general__precinct.csv,21254
POLK,DES MOINES 91,,election_geometry_ambiguous,0.9230769230769231,C:\Users\Shama\OneDrive\Documents\Side_Projects\Side_Projects\IAPrecinctMap\data\2000\20001107__ia__general__precinct.csv,21268
POLK,DES MOINES 92,,election_geometry_ambiguous,0.9230769230769231,C:\Users\Shama\OneDrive\Documents\Side_Projects\Side_Projects\IAPrecinctMap\data\2000\20001107__ia__general__precinct.csv,21282
POLK,DES MOINES 93,,election_geometry_ambiguous,0.9230769230769231,C:\Users\Shama\OneDrive\Documents\Side_Projects\Side_Projects\IAPrecinctMap\data\2000\20001107__ia__general__precinct.csv,21296
POLK,DES MOINES 94,,election_geometry_ambiguous,0.9230769230769231,C:\Users\Shama\OneDrive\Documents\Side_Projects\Side_Projects\IAPrecinctMap\data\2000\20001107__ia__general__precinct.csv,21310
POLK,DES MOINES 95,,election_geometry_ambiguous,0.9230769230769231,C:\Users\Shama\OneDrive\Documents\Side_Projects\Side_Projects\IAPrecinctMap\data\2000\20001107__ia__general__precinct.csv,21324
POLK,DES MOINES 96,,election_geometry_ambiguous,0.9230769230769231,C:\Users\Shama\OneDrive\Documents\Side_Projects\Side_Projects\IAPrecinctMap\data\2000\20001107__ia__general__precinct.csv,21338
POLK,DES MOINES 97,,election_geometry_ambiguous,0.9230769230769231,C:\Users\Shama\OneDrive\Documents\Side_Projects\Side_Projects\IAPrecinctMap\data\2000\20001107__ia__general__precinct.csv,21352
POLK,DES MOINES 98,,election_geometry_ambiguous,0.9230769230769231,C:\Users\Shama\OneDrive\Documents\Side_Projects\Side_Projects\IAPrecinctMap\data\2000\20001107__ia__general__precinct.csv,21364
POLK,DES MOINES 99,,election_geometry_ambiguous,0.9230769230769231,C:\Users\Shama\OneDrive\Documents\Side_Projects\Side_Projects\IAPrecinctMap\data\2000\20001107__ia__general__precinct.csv,21379
POLK,DOUGLAS 1,POLK - DOUGLAS 01,election_geometry_fuzzy,0.9473684210526315,C:\Users\Shama\OneDrive\Documents\Side_Projects\Side_Projects\IAPrecinctMap\data\2000\20001107__ia__general__precinct.csv,21393
POLK,ELKHART 1,POLK - ELKHART 01,election_geometry_fuzzy,0.9473684210526315,C:\Users\Shama\OneDrive\Documents\Side_Projects\Side_Projects\IAPrecinctMap\data\2000\20001107__ia__general__precinct.csv,21405
POLK,FOUR MILE 1,POLK - FOUR MILE 01,election_geometry_fuzzy,0.9565217391304348,C:\Users\Shama\OneDrive\Documents\Side_Projects\Side_Projects\IAPrecinctMap\data\2000\20001107__ia__general__precinct.csv,21417
POLK,FRANKLIN 1,POLK - FRANKLIN 01,election_geometry_fuzzy,0.9523809523809523,C:\Users\Shama\OneDrive\Documents\Side_Projects\Side_Projects\IAPrecinctMap\data\2000\20001107__ia__general__precinct.csv,21429
POLK,GRIMES 1,POLK - GRIMES 01,election_geometry_fuzzy,0.9411764705882353,C:\Users\Shama\OneDrive\Documents\Side_Projects\Side_Projects\IAPrecinctMap\data\2000\20001107__ia__general__precinct.csv,21441
POLK,JEFFERSON 1,POLK - JEFFERSON 01,election_geometry_fuzzy,0.9565217391304348,C:\Users\Shama\OneDrive\Documents\Side_Projects\Side_Projects\IAPrecinctMap\data\2000\20001107__ia__general__precinct.csv,21456
POLK,JOHNSTON 1,POLK - JOHNSTON 01,election_geometry_fuzzy,0.9523809523809523,C:\Users\Shama\OneDrive\Documents\Side_Projects\Side_Projects\IAPrecinctMap\data\2000\20001107__ia__general__precinct.csv,21471
POLK,JOHNSTON 2,POLK - JOHNSTON 02,election_geometry_fuzzy,0.9523809523809523,C:\Users\Shama\OneDrive\Documents\Side_Projects\Side_Projects\IAPrecinctMap\data\2000\20001107__ia__general__precinct.csv,21486
POLK,MITCHELLVILLE 1,POLK - MITCHELLVILLE 01,election_geometry_fuzzy,0.967741935483871,C:\Users\Shama\OneDrive\Documents\Side_Projects\Side_Projects\IAPrecinctMap\data\2000\20001107__ia__general__precinct.csv,21501
POLK,PLEASANT HILL 1,POLK - PLEASANT HILL 01,election_geometry_fuzzy,0.967741935483871,C:\Users\Shama\OneDrive\Documents\Side_Projects\Side_Projects\IAPrecinctMap\data\2000\20001107__ia__general__precinct.csv,21513
POLK,PLEASANT HILL 2,POLK - PLEASANT HILL 02,election_geometry_fuzzy,0.967741935483871,C:\Users\Shama\OneDrive\Documents\Side_Projects\Side_Projects\IAPrecinctMap\data\2000\20001107__ia__general__precinct.csv,21525
POLK,POLK CITY 1,POLK - POLK CITY 01,election_geometry_fuzzy,0.9565217391304348,C:\Users\Shama\OneDrive\Documents\Side_Projects\Side_Projects\IAPrecinctMap\data\2000\20001107__ia__general__precinct.csv,21537
POLK,RUNNELLS 1,POLK - RUNNELLS 01,election_geometry_fuzzy,0.9523809523809523,C:\Users\Shama\OneDrive\Documents\Side_Projects\Side_Projects\IAPrecinctMap\data\2000\20001107__ia__general__precinct.csv,21548
POLK,SAYLOR 1,POLK - SAYLOR 01,election_geometry_fuzzy,0.9411764705882353,C:\Users\Shama\OneDrive\Documents\Side_Projects\Side_Projects\IAPrecinctMap\data\2000\20001107__ia__general__precinct.csv,21560
POLK,SAYLOR 2,POLK - SAYLOR 02,election_geometry_fuzzy,0.9411764705882353,C:\Users\Shama\OneDrive\Documents\Side_Projects\Side_Projects\IAPrecinctMap\data\2000\20001107__ia__general__precinct.csv,21571
POLK,SAYLOR 3,,election_geometry_ambiguous,0.8235294117647058,C:\Users\Shama\OneDrive\Documents\Side_Projects\Side_Projects\IAPrecinctMap\data\2000\20001107__ia__general__precinct.csv,21582
POLK,UNION 1,,election_geometry_ambiguous,0.5882352941176471,C:\Users\Shama\OneDrive\Documents\Side_Projects\Side_Projects\IAPrecinctMap\data\2000\20001107__ia__general__precinct.csv,21593
POLK,URBANDALE 1,,election_geometry_ambiguous,0.9565217391304348,C:\Users\Shama\OneDrive\Documents\Side_Projects\Side_Projects\IAPrecinctMap\data\2000\20001107__ia__general__precinct.csv,21604
POLK,URBANDALE 10,POLK - URBANDALE 10,election_geometry_exact,1.0,C:\Users\Shama\OneDrive\Documents\Side_Projects\Side_Projects\IAPrecinctMap\data\2000\20001107__ia__general__precinct.csv,21739
POLK,URBANDALE 2,POLK - URBANDALE 02,election_geometry_fuzzy,0.9565217391304348,C:\Users\Shama\OneDrive\Documents\Side_Projects\Side_Projects\IAPrecinctMap\data\2000\20001107__ia__general__precinct.csv,21619
POLK,URBANDALE 3,POLK - URBANDALE 03,election_geometry_fuzzy,0.9565217391304348,C:\Users\Shama\OneDrive\Documents\Side_Projects\Side_Projects\IAPrecinctMap\data\2000\20001107__ia__general__precinct.csv,21634
POLK,URBANDALE 4,POLK - URBANDALE 04,election_geometry_fuzzy,0.9565217391304348,C:\Users\Shama\OneDrive\Documents\Side_Projects\Side_Projects\IAPrecinctMap\data\2000\20001107__ia__general__precinct.csv,21649
POLK,URBANDALE 5,POLK - URBANDALE 05,election_geometry_fuzzy,0.9565217391304348,C:\Users\Shama\OneDrive\Documents\Side_Projects\Side_Projects\IAPrecinctMap\data\2000\20001107__ia__general__precinct.csv,21664
POLK,URBANDALE 6,POLK - URBANDALE 06,election_geometry_fuzzy,0.9565217391304348,C:\Users\Shama\OneDrive\Documents\Side_Projects\Side_Projects\IAPrecinctMap\data\2000\20001107__ia__general__precinct.csv,21679
POLK,URBANDALE 7,POLK - URBANDALE 07,election_geometry_fuzzy,0.9565217391304348,C:\Users\Shama\OneDrive\Documents\Side_Projects\Side_Projects\IAPrecinctMap\data\2000\20001107__ia__general__precinct.csv,21694
POLK,URBANDALE 8,POLK - URBANDALE 08,election_geometry_fuzzy,0.9565217391304348,C:\Users\Shama\OneDrive\Documents\Side_Projects\Side_Projects\IAPrecinctMap\data\2000\20001107__ia__general__precinct.csv,21709
POLK,URBANDALE 9,POLK - URBANDALE 09,election_geometry_fuzzy,0.9565217391304348,C:\Users\Shama\OneDrive\Documents\Side_Projects\Side_Projects\IAPrecinctMap\data\2000\20001107__ia__general__precinct.csv,21724
POLK,WASHINGTON 1,POLK - WASHINGTON 01,election_geometry_fuzzy,0.96,C:\Users\Shama\OneDrive\Documents\Side_Projects\Side_Projects\IAPrecinctMap\data\2000\20001107__ia__general__precinct.csv,21754
POLK,WEBSTER 1,POLK - WEBSTER 01,election_geometry_fuzzy,0.9473684210526315,C:\Users\Shama\OneDrive\Documents\Side_Projects\Side_Projects\IAPrecinctMap\data\2000\20001107__ia__general__precinct.csv,21766
POLK,WEST DES MOINES WARD 1 PCT 1,,election_geometry_ambiguous,0.7027027027027027,C:\Users\Shama\OneDrive\Documents\Side_Projects\Side_Projects\IAPrecinctMap\data\2000\20001107__ia__general__precinct.csv,21781
POLK,WEST DES MOINES WARD 1 PCT 2,,election_geometry_ambiguous,0.7027027027027027,C:\Users\Shama\OneDrive\Documents\Side_Projects\Side_Projects\IAPrecinctMap\data\2000\20001107__ia__general__precinct.csv,21792
POLK,WEST DES MOINES WARD 1 PCT 3,,election_geometry_ambiguous,0.7027027027027027,C:\Users\Shama\OneDrive\Documents\Side_Projects\Side_Projects\IAPrecinctMap\data\2000\20001107__ia__general__precinct.csv,21803
POLK,WEST DES MOINES WARD 1 PCT 4,,election_geometry_ambiguous,0.7027027027027027,C:\Users\Shama\OneDrive\Documents\Side_Projects\Side_Projects\IAPrecinctMap\data\2000\20001107__ia__general__precinct.csv,21814
POLK,WEST DES MOINES WARD 2 PCT 1,,election_geometry_ambiguous,0.7027027027027027,C:\Users\Shama\OneDrive\Documents\Side_Projects\Side_Projects\IAPrecinctMap\data\2000\20001107__ia__general__precinct.csv,21825
POLK,WEST DES MOINES WARD 2 PCT 2,,election_geometry_ambiguous,0.7027027027027027,C:\Users\Shama\OneDrive\Documents\Side_Projects\Side_Projects\IAPrecinctMap\data\2000\20001107__ia__general__precinct.csv,21836
POLK,WEST DES MOINES WARD 2 PCT 3,,election_geometry_ambiguous,0.7027027027027027,C:\Users\Shama\OneDrive\Documents\Side_Projects\Side_Projects\IAPrecinctMap\data\2000\20001107__ia__general__precinct.csv,21847
POLK,WEST DES MOINES WARD 2 PCT 4,,election_geometry_ambiguous,0.7027027027027027,C:\Users\Shama\OneDrive\Documents\Side_Projects\Side_Projects\IAPrecinctMap\data\2000\20001107__ia__general__precinct.csv,21858
POLK,WEST DES MOINES WARD 3 PCT 1,,election_geometry_ambiguous,0.7027027027027027,C:\Users\Shama\OneDrive\Documents\Side_Projects\Side_Projects\IAPrecinctMap\data\2000\20001107__ia__general__precinct.csv,21869
POLK,WEST DES MOINES WARD 3 PCT 2,,election_geometry_ambiguous,0.7027027027027027,C:\Users\Shama\OneDrive\Documents\Side_Projects\Side_Projects\IAPrecinctMap\data\2000\20001107__ia__general__precinct.csv,21881
POLK,WEST DES MOINES WARD 3 PCT 3,,election_geometry_ambiguous,0.7027027027027027,C:\Users\Shama\OneDrive\Documents\Side_Projects\Side_Projects\IAPrecinctMap\data\2000\20001107__ia__general__precinct.csv,21893
POLK,WEST DES MOINES WARD 3 PCT 4,,election_geometry_ambiguous,0.7027027027027027,C:\Users\Shama\OneDrive\Documents\Side_Projects\Side_Projects\IAPrecinctMap\data\2000\20001107__ia__general__precinct.csv,21904
POLK,WINDSOR HEIGHTS 1,POLK - WINDSOR HEIGHTS 01,election_geometry_fuzzy,0.9714285714285714,C:\Users\Shama\OneDrive\Documents\Side_Projects\Side_Projects\IAPrecinctMap\data\2000\20001107__ia__general__precinct.csv,21915
POLK,WINDSOR HEIGHTS 2,POLK - WINDSOR HEIGHTS 02,election_geometry_fuzzy,0.9714285714285714,C:\Users\Shama\OneDrive\Documents\Side_Projects\Side_Projects\IAPrecinctMap\data\2000\20001107__ia__general__precinct.csv,21930
POLK,WINDSOR HEIGHTS 3,POLK - WINDSOR HEIGHTS 03,election_geometry_fuzzy,0.9714285714285714,C:\Users\Shama\OneDrive\Documents\Side_Projects\Side_Projects\IAPrecinctMap\data\2000\20001107__ia__general__precinct.csv,21945
POTTAWATTAMIE,ABSENTEE & SPECIAL BALLOTS,,election_geometry_ambiguous,0.35555555555555557,C:\Users\Shama\OneDrive\Documents\Side_Projects\Side_Projects\IAPrecinctMap\data\2000\20001107__ia__general__precinct.csv,21979
POTTAWATTAMIE,BELKNAP CENTER,,election_geometry_ambiguous,0.45454545454545453,C:\Users\Shama\OneDrive\Documents\Side_Projects\Side_Projects\IAPrecinctMap\data\2000\20001107__ia__general__precinct.csv,21988
POTTAWATTAMIE,BOOMER,,election_geometry_ambiguous,0.3333333333333333,C:\Users\Shama\OneDrive\Documents\Side_Projects\Side_Projects\IAPrecinctMap\data\2000\20001107__ia__general__precinct.csv,22000
POTTAWATTAMIE,CARSON,POTTAWATTAMIE - CARSON,election_geometry_exact,1.0,C:\Users\Shama\OneDrive\Documents\Side_Projects\Side_Projects\IAPrecinctMap\data\2000\20001107__ia__general__precinct.csv,22012
POTTAWATTAMIE,CARTER LAKE CITY,,election_geometry_ambiguous,0.8275862068965517,C:\Users\Shama\OneDrive\Documents\Side_Projects\Side_Projects\IAPrecinctMap\data\2000\20001107__ia__general__precinct.csv,22024
POTTAWATTAMIE,COUNCIL BLUFFS 1,,election_geometry_ambiguous,0.9696969696969697,C:\Users\Shama\OneDrive\Documents\Side_Projects\Side_Projects\IAPrecinctMap\data\2000\20001107__ia__general__precinct.csv,22038
POTTAWATTAMIE,COUNCIL BLUFFS 10,,election_geometry_ambiguous,0.9714285714285714,C:\Users\Shama\OneDrive\Documents\Side_Projects\Side_Projects\IAPrecinctMap\data\2000\20001107__ia__general__precinct.csv,22164
POTTAWATTAMIE,COUNCIL BLUFFS 11,POTTAWATTAMIE - COUNCIL BLUFFS 11,election_geometry_exact,1.0,C:\Users\Shama\OneDrive\Documents\Side_Projects\Side_Projects\IAPrecinctMap\data\2000\20001107__ia__general__precinct.csv,22176
POTTAWATTAMIE,COUNCIL BLUFFS 12,POTTAWATTAMIE - COUNCIL BLUFFS 12,election_geometry_exact,1.0,C:\Users\Shama\OneDrive\Documents\Side_Projects\Side_Projects\IAPrecinctMap\data\2000\20001107__ia__general__precinct.csv,22191
POTTAWATTAMIE,COUNCIL BLUFFS 13,POTTAWATTAMIE - COUNCIL BLUFFS 13,election_geometry_exact,1.0,C:\Users\Shama\OneDrive\Documents\Side_Projects\Side_Projects\IAPrecinctMap\data\2000\20001107__ia__general__precinct.csv,22206
POTTAWATTAMIE,COUNCIL BLUFFS 14,POTTAWATTAMIE - COUNCIL BLUFFS 14,election_geometry_exact,1.0,C:\Users\Shama\OneDrive\Documents\Side_Projects\Side_Projects\IAPrecinctMap\data\2000\20001107__ia__general__precinct.csv,22221
POTTAWATTAMIE,COUNCIL BLUFFS 15,POTTAWATTAMIE - COUNCIL BLUFFS 15,election_geometry_exact,1.0,C:\Users\Shama\OneDrive\Documents\Side_Projects\Side_Projects\IAPrecinctMap\data\2000\20001107__ia__general__precinct.csv,22236
POTTAWATTAMIE,COUNCIL BLUFFS 16,POTTAWATTAMIE - COUNCIL BLUFFS 16,election_geometry_exact,1.0,C:\Users\Shama\OneDrive\Documents\Side_Projects\Side_Projects\IAPrecinctMap\data\2000\20001107__ia__general__precinct.csv,22250
POTTAWATTAMIE,COUNCIL BLUFFS 17,POTTAWATTAMIE - COUNCIL BLUFFS 17,election_geometry_exact,1.0,C:\Users\Shama\OneDrive\Documents\Side_Projects\Side_Projects\IAPrecinctMap\data\2000\20001107__ia__general__precinct.csv,22265
POTTAWATTAMIE,COUNCIL BLUFFS 18,POTTAWATTAMIE - COUNCIL BLUFFS 18,election_geometry_exact,1.0,C:\Users\Shama\OneDrive\Documents\Side_Projects\Side_Projects\IAPrecinctMap\data\2000\20001107__ia__general__precinct.csv,22280
POTTAWATTAMIE,COUNCIL BLUFFS 19,POTTAWATTAMIE - COUNCIL BLUFFS 19,election_geometry_exact,1.0,C:\Users\Shama\OneDrive\Documents\Side_Projects\Side_Projects\IAPrecinctMap\data\2000\20001107__ia__general__precinct.csv,22295
POTTAWATTAMIE,COUNCIL BLUFFS 2,,election_geometry_ambiguous,0.9696969696969697,C:\Users\Shama\OneDrive\Documents\Side_Projects\Side_Projects\IAPrecinctMap\data\2000\20001107__ia__general__precinct.csv,22052
POTTAWATTAMIE,COUNCIL BLUFFS 20,POTTAWATTAMIE - COUNCIL BLUFFS 20,election_geometry_exact,1.0,C:\Users\Shama\OneDrive\Documents\Side_Projects\Side_Projects\IAPrecinctMap\data\2000\20001107__ia__general__precinct.csv,22310
POTTAWATTAMIE,COUNCIL BLUFFS 21,POTTAWATTAMIE - COUNCIL BLUFFS 21,election_geometry_exact,1.0,C:\Users\Shama\OneDrive\Documents\Side_Projects\Side_Projects\IAPrecinctMap\data\2000\20001107__ia__general__precinct.csv,22325
POTTAWATTAMIE,COUNCIL BLUFFS 22,,election_geometry_ambiguous,0.9411764705882353,C:\Users\Shama\OneDrive\Documents\Side_Projects\Side_Projects\IAPrecinctMap\data\2000\20001107__ia__general__precinct.csv,22340
POTTAWATTAMIE,COUNCIL BLUFFS 23,,election_geometry_ambiguous,0.9411764705882353,C:\Users\Shama\OneDrive\Documents\Side_Projects\Side_Projects\IAPrecinctMap\data\2000\20001107__ia__general__precinct.csv,22355
POTTAWATTAMIE,COUNCIL BLUFFS 24 S GARNER,,election_geometry_ambiguous,0.7441860465116279,C:\Users\Shama\OneDrive\Documents\Side_Projects\Side_Projects\IAPrecinctMap\data\2000\20001107__ia__general__precinct.csv,22370
POTTAWATTAMIE,COUNCIL BLUFFS 3,,election_geometry_ambiguous,0.9696969696969697,C:\Users\Shama\OneDrive\Documents\Side_Projects\Side_Projects\IAPrecinctMap\data\2000\20001107__ia__general__precinct.csv,22066
POTTAWATTAMIE,COUNCIL BLUFFS 4,,election_geometry_ambiguous,0.9696969696969697,C:\Users\Shama\OneDrive\Documents\Side_Projects\Side_Projects\IAPrecinctMap\data\2000\20001107__ia__general__precinct.csv,22080
POTTAWATTAMIE,COUNCIL BLUFFS 5,,election_geometry_ambiguous,0.9696969696969697,C:\Users\Shama\OneDrive\Documents\Side_Projects\Side_Projects\IAPrecinctMap\data\2000\20001107__ia__general__precinct.csv,22094
POTTAWATTAMIE,COUNCIL BLUFFS 6,,election_geometry_ambiguous,0.9696969696969697,C:\Users\Shama\OneDrive\Documents\Side_Projects\Side_Projects\IAPrecinctMap\data\2000\20001107__ia__general__precinct.csv,22108
POTTAWATTAMIE,COUNCIL BLUFFS 7,,election_geometry_ambiguous,0.9696969696969697,C:\Users\Shama\OneDrive\Documents\Side_Projects\Side_Projects\IAPrecinctMap\data\2000\20001107__ia__general__precinct.csv,22122
POTTAWATTAMIE,COUNCIL BLUFFS 8,,election_geometry_ambiguous,0.9696969696969697,C:\Users\Shama\OneDrive\Documents\Side_Projects\Side_Projects\IAPrecinctMap\data\2000\20001107__ia__general__precinct.csv,22136
POTTAWATTAMIE,COUNCIL BLUFFS 9,,election_geometry_ambiguous,0.9696969696969697,C:\Users\Shama\OneDrive\Documents\Side_Projects\Side_Projects\IAPrecinctMap\data\2000\20001107__ia__general__precinct.csv,22150
POTTAWATTAMIE,CRESCENT,POTTAWATTAMIE - CRESCENT,election_geometry_exact,1.0,C:\Users\Shama\OneDrive\Documents\Side_Projects\Side_Projects\IAPrecinctMap\data\2000\20001107__ia__general__precinct.csv,22382
POTTAWATTAMIE,GROVE,,election_geometry_ambiguous,0.5454545454545454,C:\Users\Shama\OneDrive\Documents\Side_Projects\Side_Projects\IAPrecinctMap\data\2000\20001107__ia__general__precinct.csv,22394
POTTAWATTAMIE,HARDIN,,election_geometry_ambiguous,0.5,C:\Users\Shama\OneDrive\Documents\Side_Projects\Side_Projects\IAPrecinctMap\data\2000\20001107__ia__general__precinct.csv,22406
POTTAWATTAMIE,HAZEL DELL,,election_geometry_ambiguous,0.4,C:\Users\Shama\OneDrive\Documents\Side_Projects\Side_Projects\IAPrecinctMap\data\2000\20001107__ia__general__precinct.csv,22418
POTTAWATTAMIE,JAMES VALLEY,,election_geometry_ambiguous,0.4,C:\Users\Shama\OneDrive\Documents\Side_Projects\Side_Projects\IAPrecinctMap\data\2000\20001107__ia__general__precinct.csv,22430
POTTAWATTAMIE,KEG SILVER CREEK,,election_geometry_ambiguous,0.3333333333333333,C:\Users\Shama\OneDrive\Documents\Side_Projects\Side_Projects\IAPrecinctMap\data\2000\20001107__ia__general__precinct.csv,22442
POTTAWATTAMIE,KNOX,,election_geometry_ambiguous,0.4444444444444444,C:\Users\Shama\OneDrive\Documents\Side_Projects\Side_Projects\IAPrecinctMap\data\2000\20001107__ia__general__precinct.csv,22454
POTTAWATTAMIE,LAKE,,election_geometry_ambiguous,0.47058823529411764,C:\Users\Shama\OneDrive\Documents\Side_Projects\Side_Projects\IAPrecinctMap\data\2000\20001107__ia__general__precinct.csv,22466
POTTAWATTAMIE,LAYTON,,election_geometry_ambiguous,0.5,C:\Users\Shama\OneDrive\Documents\Side_Projects\Side_Projects\IAPrecinctMap\data\2000\20001107__ia__general__precinct.csv,22478
POTTAWATTAMIE,LEWIS 1,POTTAWATTAMIE - LEWIS 1,election_geometry_exact,1.0,C:\Users\Shama\OneDrive\Documents\Side_Projects\Side_Projects\IAPrecinctMap\data\2000\20001107__ia__general__precinct.csv,22490
POTTAWATTAMIE,LEWIS 2,POTTAWATTAMIE - LEWIS 2,election_geometry_exact,1.0,C:\Users\Shama\OneDrive\Documents\Side_Projects\Side_Projects\IAPrecinctMap\data\2000\20001107__ia__general__precinct.csv,22502
POTTAWATTAMIE,LINCOLN,,election_geometry_ambiguous,0.5,C:\Users\Shama\OneDrive\Documents\Side_Projects\Side_Projects\IAPrecinctMap\data\2000\20001107__ia__general__precinct.csv,22517
POTTAWATTAMIE,MACEDONIA,POTTAWATTAMIE - MACEDONIA,election_geometry_exact,1.0,C:\Users\Shama\OneDrive\Documents\Side_Projects\Side_Projects\IAPrecinctMap\data\2000\20001107__ia__general__precinct.csv,22529
POTTAWATTAMIE,MINDEN,POTTAWATTAMIE - MINDEN,election_geometry_exact,1.0,C:\Users\Shama\OneDrive\Documents\Side_Projects\Side_Projects\IAPrecinctMap\data\2000\20001107__ia__general__precinct.csv,22541
POTTAWATTAMIE,N GARNER,,election_geometry_ambiguous,0.8571428571428571,C:\Users\Shama\OneDrive\Documents\Side_Projects\Side_Projects\IAPrecinctMap\data\2000\20001107__ia__general__precinct.csv,22553
POTTAWATTAMIE,NEOLA,POTTAWATTAMIE - NEOLA,election_geometry_exact,1.0,C:\Users\Shama\OneDrive\Documents\Side_Projects\Side_Projects\IAPrecinctMap\data\2000\20001107__ia__general__precinct.csv,22565
POTTAWATTAMIE,NORWALK,,election_geometry_ambiguous,0.5,C:\Users\Shama\OneDrive\Documents\Side_Projects\Side_Projects\IAPrecinctMap\data\2000\20001107__ia__general__precinct.csv,22577
POTTAWATTAMIE,PLEASANT,,election_geometry_ambiguous,0.5,C:\Users\Shama\OneDrive\Documents\Side_Projects\Side_Projects\IAPrecinctMap\data\2000\20001107__ia__general__precinct.csv,22589
POTTAWATTAMIE,ROCKFORD,,election_geometry_ambiguous,0.47058823529411764,C:\Users\Shama\OneDrive\Documents\Side_Projects\Side_Projects\IAPrecinctMap\data\2000\20001107__ia__general__precinct.csv,22601
POTTAWATTAMIE,WASHINGTON,,election_geometry_ambiguous,0.5,C:\Users\Shama\OneDrive\Documents\Side_Projects\Side_Projects\IAPrecinctMap\data\2000\20001107__ia__general__precinct.csv,22613
POTTAWATTAMIE,WAVELAND,,election_geometry_ambiguous,0.6666666666666666,C:\Users\Shama\OneDrive\Documents\Side_Projects\Side_Projects\IAPrecinctMap\data\2000\20001107__ia__general__precinct.csv,22625
POTTAWATTAMIE,WRIGHT,,election_geometry_ambiguous,0.3333333333333333,C:\Users\Shama\OneDrive\Documents\Side_Projects\Side_Projects\IAPrecinctMap\data\2000\20001107__ia__general__precinct.csv,22636
POTTAWATTAMIE,YORK,,election_geometry_ambiguous,0.5454545454545454,C:\Users\Shama\OneDrive\Documents\Side_Projects\Side_Projects\IAPrecinctMap\data\2000\20001107__ia__general__precinct.csv,22647
POWESHIEK,ABSENTEE & SPECIAL BALLOTS,,election_geometry_ambiguous,0.2222222222222222,C:\Users\Shama\OneDrive\Documents\Side_Projects\Side_Projects\IAPrecinctMap\data\2000\20001107__ia__general__precinct.csv,22661
POWESHIEK,BEAR CREEK,,election_geometry_ambiguous,0.2222222222222222,C:\Users\Shama\OneDrive\Documents\Side_Projects\Side_Projects\IAPrecinctMap\data\2000\20001107__ia__general__precinct.csv,22671
POWESHIEK,CHESTER,,election_geometry_ambiguous,0.4,C:\Users\Shama\OneDrive\Documents\Side_Projects\Side_Projects\IAPrecinctMap\data\2000\20001107__ia__general__precinct.csv,22683
POWESHIEK,DEEP RIVER,,election_geometry_ambiguous,0.3333333333333333,C:\Users\Shama\OneDrive\Documents\Side_Projects\Side_Projects\IAPrecinctMap\data\2000\20001107__ia__general__precinct.csv,22695
POWESHIEK,GRANT,,election_geometry_ambiguous,0.3076923076923077,C:\Users\Shama\OneDrive\Documents\Side_Projects\Side_Projects\IAPrecinctMap\data\2000\20001107__ia__general__precinct.csv,22707
POWESHIEK,GRINNELL 1,,election_geometry_ambiguous,0.3076923076923077,C:\Users\Shama\OneDrive\Documents\Side_Projects\Side_Projects\IAPrecinctMap\data\2000\20001107__ia__general__precinct.csv,22719
POWESHIEK,GRINNELL 2,,election_geometry_ambiguous,0.3076923076923077,C:\Users\Shama\OneDrive\Documents\Side_Projects\Side_Projects\IAPrecinctMap\data\2000\20001107__ia__general__precinct.csv,22731
POWESHIEK,GRINNELL 3,,election_geometry_ambiguous,0.3076923076923077,C:\Users\Shama\OneDrive\Documents\Side_Projects\Side_Projects\IAPrecinctMap\data\2000\20001107__ia__general__precinct.csv,22743
POWESHIEK,GRINNELL 4,,election_geometry_ambiguous,0.3076923076923077,C:\Users\Shama\OneDrive\Documents\Side_Projects\Side_Projects\IAPrecinctMap\data\2000\20001107__ia__general__precinct.csv,22755
POWESHIEK,JACKSON,,election_geometry_ambiguous,0.36363636363636365,C:\Users\Shama\OneDrive\Documents\Side_Projects\Side_Projects\IAPrecinctMap\data\2000\20001107__ia__general__precinct.csv,22767
POWESHIEK,JEFFERSON,,election_geometry_ambiguous,0.3076923076923077,C:\Users\Shama\OneDrive\Documents\Side_Projects\Side_Projects\IAPrecinctMap\data\2000\20001107__ia__general__precinct.csv,22779
POWESHIEK,LINCOLN,,election_geometry_ambiguous,0.2,C:\Users\Shama\OneDrive\Documents\Side_Projects\Side_Projects\IAPrecinctMap\data\2000\20001107__ia__general__precinct.csv,22791
POWESHIEK,MADISON,,election_geometry_ambiguous,0.4444444444444444,C:\Users\Shama\OneDrive\Documents\Side_Projects\Side_Projects\IAPrecinctMap\data\2000\20001107__ia__general__precinct.csv,22803
POWESHIEK,MALCOM,,election_geometry_ambiguous,0.26666666666666666,C:\Users\Shama\OneDrive\Documents\Side_Projects\Side_Projects\IAPrecinctMap\data\2000\20001107__ia__general__precinct.csv,22815
POWESHIEK,MONTEZUMA,POWESHIEK - MONTEZUMA,election_geometry_exact,1.0,C:\Users\Shama\OneDrive\Documents\Side_Projects\Side_Projects\IAPrecinctMap\data\2000\20001107__ia__general__precinct.csv,22827
POWESHIEK,PLEASANT,,election_geometry_ambiguous,0.3333333333333333,C:\Users\Shama\OneDrive\Documents\Side_Projects\Side_Projects\IAPrecinctMap\data\2000\20001107__ia__general__precinct.csv,22839
POWESHIEK,SCOTT,,election_geometry_ambiguous,0.3076923076923077,C:\Users\Shama\OneDrive\Documents\Side_Projects\Side_Projects\IAPrecinctMap\data\2000\20001107__ia__general__precinct.csv,22851
POWESHIEK,SHERIDAN,,election_geometry_ambiguous,0.375,C:\Users\Shama\OneDrive\Documents\Side_Projects\Side_Projects\IAPrecinctMap\data\2000\20001107__ia__general__precinct.csv,22863
POWESHIEK,SUGAR CREEK,,election_geometry_ambiguous,0.3157894736842105,C:\Users\Shama\OneDrive\Documents\Side_Projects\Side_Projects\IAPrecinctMap\data\2000\20001107__ia__general__precinct.csv,22875
POWESHIEK,UNION,,election_geometry_ambiguous,0.2857142857142857,C:\Users\Shama\OneDrive\Documents\Side_Projects\Side_Projects\IAPrecinctMap\data\2000\20001107__ia__general__precinct.csv,22887
POWESHIEK,WARREN,,election_geometry_ambiguous,0.42857142857142855,C:\Users\Shama\OneDrive\Documents\Side_Projects\Side_Projects\IAPrecinctMap\data\2000\20001107__ia__general__precinct.csv,22899
POWESHIEK,WASHINGTON,,election_geometry_ambiguous,0.2857142857142857,C:\Users\Shama\OneDrive\Documents\Side_Projects\Side_Projects\IAPrecinctMap\data\2000\20001107__ia__general__precinct.csv,22911
RINGGOLD,ABSENTEE & SPECIAL BALLOTS,,election_geometry_ambiguous,0.2631578947368421,C:\Users\Shama\OneDrive\Documents\Side_Projects\Side_Projects\IAPrecinctMap\data\2000\20001107__ia__general__precinct.csv,22929
RINGGOLD,ATHENS,RINGGOLD - ATHENS,election_geometry_exact,1.0,C:\Users\Shama\OneDrive\Documents\Side_Projects\Side_Projects\IAPrecinctMap\data\2000\20001107__ia__general__precinct.csv,22939
RINGGOLD,CLINTON,RINGGOLD - CLINTON,election_geometry_exact,1.0,C:\Users\Shama\OneDrive\Documents\Side_Projects\Side_Projects\IAPrecinctMap\data\2000\20001107__ia__general__precinct.csv,22955
RINGGOLD,MONROE,,election_geometry_ambiguous,0.47058823529411764,C:\Users\Shama\OneDrive\Documents\Side_Projects\Side_Projects\IAPrecinctMap\data\2000\20001107__ia__general__precinct.csv,22971
RINGGOLD,MT AYR WARD 1,,election_geometry_ambiguous,0.6666666666666666,C:\Users\Shama\OneDrive\Documents\Side_Projects\Side_Projects\IAPrecinctMap\data\2000\20001107__ia__general__precinct.csv,22987
RINGGOLD,MT AYR WARD 2,,election_geometry_ambiguous,0.6666666666666666,C:\Users\Shama\OneDrive\Documents\Side_Projects\Side_Projects\IAPrecinctMap\data\2000\20001107__ia__general__precinct.csv,23003
RINGGOLD,TINGLEY,RINGGOLD - TINGLEY,election_geometry_exact,1.0,C:\Users\Shama\OneDrive\Documents\Side_Projects\Side_Projects\IAPrecinctMap\data\2000\20001107__ia__general__precinct.csv,23019
RINGGOLD,UNION,RINGGOLD - UNION,election_geometry_exact,1.0,C:\Users\Shama\OneDrive\Documents\Side_Projects\Side_Projects\IAPrecinctMap\data\2000\20001107__ia__general__precinct.csv,23035
RINGGOLD,WASHINGTON,RINGGOLD - WASHINGTON,election_geometry_exact,1.0,C:\Users\Shama\OneDrive\Documents\Side_Projects\Side_Projects\IAPrecinctMap\data\2000\20001107__ia__general__precinct.csv,23051
RINGGOLD,WAUBONSIE,,election_geometry_ambiguous,0.42857142857142855,C:\Users\Shama\OneDrive\Documents\Side_Projects\Side_Projects\IAPrecinctMap\data\2000\20001107__ia__general__precinct.csv,23067
SAC,ABSENTEE & SPECIAL BALLOTS,,election_geometry_ambiguous,0.2777777777777778,C:\Users\Shama\OneDrive\Documents\Side_Projects\Side_Projects\IAPrecinctMap\data\2000\20001107__ia__general__precinct.csv,23086
SAC,BOYER VALLEY,,election_geometry_ambiguous,0.4,C:\Users\Shama\OneDrive\Documents\Side_Projects\Side_Projects\IAPrecinctMap\data\2000\20001107__ia__general__precinct.csv,23095
SAC,CEDAR COON VALLEY,,election_geometry_ambiguous,0.45454545454545453,C:\Users\Shama\OneDrive\Documents\Side_Projects\Side_Projects\IAPrecinctMap\data\2000\20001107__ia__general__precinct.csv,23107
SAC,CLINTON WALL LAKE,,election_geometry_ambiguous,0.6923076923076923,C:\Users\Shama\OneDrive\Documents\Side_Projects\Side_Projects\IAPrecinctMap\data\2000\20001107__ia__general__precinct.csv,23119
SAC,COOK EDEN EUREKA,,election_geometry_ambiguous,0.2608695652173913,C:\Users\Shama\OneDrive\Documents\Side_Projects\Side_Projects\IAPrecinctMap\data\2000\20001107__ia__general__precinct.csv,23131
SAC,DELAWARE DOUGLAS,,election_geometry_ambiguous,0.38095238095238093,C:\Users\Shama\OneDrive\Documents\Side_Projects\Side_Projects\IAPrecinctMap\data\2000\20001107__ia__general__precinct.csv,23143
SAC,JACKSON SAC CITY,,election_geometry_ambiguous,0.6666666666666666,C:\Users\Shama\OneDrive\Documents\Side_Projects\Side_Projects\IAPrecinctMap\data\2000\20001107__ia__general__precinct.csv,23155
SAC,RICHLAND WHEELER,,election_geometry_ambiguous,0.5,C:\Users\Shama\OneDrive\Documents\Side_Projects\Side_Projects\IAPrecinctMap\data\2000\20001107__ia__general__precinct.csv,23167
SAC,SAC,SAC - SAC CITY,election_geometry_prefix,0.98,C:\Users\Shama\OneDrive\Documents\Side_Projects\Side_Projects\IAPrecinctMap\data\2000\20001107__ia__general__precinct.csv,23179
SAC,VIOLA LEVEY,,election_geometry_ambiguous,0.3157894736842105,C:\Users\Shama\OneDrive\Documents\Side_Projects\Side_Projects\IAPrecinctMap\data\2000\20001107__ia__general__precinct.csv,23191
SCOTT,ABSENTEE & SPECIAL BALLOTS,,election_geometry_ambiguous,0.34782608695652173,C:\Users\Shama\OneDrive\Documents\Side_Projects\Side_Projects\IAPrecinctMap\data\2000\20001107__ia__general__precinct.csv,23234
SCOTT,ALLENS GROVE,,election_geometry_ambiguous,0.6666666666666666,C:\Users\Shama\OneDrive\Documents\Side_Projects\Side_Projects\IAPrecinctMap\data\2000\20001107__ia__general__precinct.csv,23244
SCOTT,BETTENDORF W1 P1,,election_geometry_ambiguous,0.5263157894736842,C:\Users\Shama\OneDrive\Documents\Side_Projects\Side_Projects\IAPrecinctMap\data\2000\20001107__ia__general__precinct.csv,23260
SCOTT,BETTENDORF W1 P2,,election_geometry_ambiguous,0.5263157894736842,C:\Users\Shama\OneDrive\Documents\Side_Projects\Side_Projects\IAPrecinctMap\data\2000\20001107__ia__general__precinct.csv,23273
SCOTT,BETTENDORF W2 P1,,election_geometry_ambiguous,0.5263157894736842,C:\Users\Shama\OneDrive\Documents\Side_Projects\Side_Projects\IAPrecinctMap\data\2000\20001107__ia__general__precinct.csv,23286
SCOTT,BETTENDORF W2 P2,,election_geometry_ambiguous,0.5263157894736842,C:\Users\Shama\OneDrive\Documents\Side_Projects\Side_Projects\IAPrecinctMap\data\2000\20001107__ia__general__precinct.csv,23299
SCOTT,BETTENDORF W3 P1,,election_geometry_ambiguous,0.5263157894736842,C:\Users\Shama\OneDrive\Documents\Side_Projects\Side_Projects\IAPrecinctMap\data\2000\20001107__ia__general__precinct.csv,23312
SCOTT,BETTENDORF W3 P2,,election_geometry_ambiguous,0.5263157894736842,C:\Users\Shama\OneDrive\Documents\Side_Projects\Side_Projects\IAPrecinctMap\data\2000\20001107__ia__general__precinct.csv,23325
SCOTT,BETTENDORF W4 P1,,election_geometry_ambiguous,0.5263157894736842,C:\Users\Shama\OneDrive\Documents\Side_Projects\Side_Projects\IAPrecinctMap\data\2000\20001107__ia__general__precinct.csv,23338
SCOTT,BETTENDORF W4 P2,,election_geometry_ambiguous,0.5263157894736842,C:\Users\Shama\OneDrive\Documents\Side_Projects\Side_Projects\IAPrecinctMap\data\2000\20001107__ia__general__precinct.csv,23351
SCOTT,BETTENDORF W5 P1,,election_geometry_ambiguous,0.5263157894736842,C:\Users\Shama\OneDrive\Documents\Side_Projects\Side_Projects\IAPrecinctMap\data\2000\20001107__ia__general__precinct.csv,23364
SCOTT,BETTENDORF W5 P2,,election_geometry_ambiguous,0.5263157894736842,C:\Users\Shama\OneDrive\Documents\Side_Projects\Side_Projects\IAPrecinctMap\data\2000\20001107__ia__general__precinct.csv,23377
SCOTT,BLUE GRASS CITY,,election_geometry_ambiguous,0.6486486486486487,C:\Users\Shama\OneDrive\Documents\Side_Projects\Side_Projects\IAPrecinctMap\data\2000\20001107__ia__general__precinct.csv,23390
SCOTT,BLUE GRASS TWP,,election_geometry_ambiguous,0.7777777777777778,C:\Users\Shama\OneDrive\Documents\Side_Projects\Side_Projects\IAPrecinctMap\data\2000\20001107__ia__general__precinct.csv,23406
SCOTT,BUFFALO CITY,,election_geometry_ambiguous,0.5806451612903226,C:\Users\Shama\OneDrive\Documents\Side_Projects\Side_Projects\IAPrecinctMap\data\2000\20001107__ia__general__precinct.csv,23422
SCOTT,BUFFALO TWP,,election_geometry_ambiguous,0.7333333333333333,C:\Users\Shama\OneDrive\Documents\Side_Projects\Side_Projects\IAPrecinctMap\data\2000\20001107__ia__general__precinct.csv,23438
SCOTT,BUTLER,,election_geometry_ambiguous,0.32,C:\Users\Shama\OneDrive\Documents\Side_Projects\Side_Projects\IAPrecinctMap\data\2000\20001107__ia__general__precinct.csv,23454
SCOTT,CLEONA,,election_geometry_ambiguous,0.375,C:\Users\Shama\OneDrive\Documents\Side_Projects\Side_Projects\IAPrecinctMap\data\2000\20001107__ia__general__precinct.csv,23470
SCOTT,CODY (LECLAIRE TWP),,election_geometry_ambiguous,0.7368421052631579,C:\Users\Shama\OneDrive\Documents\Side_Projects\Side_Projects\IAPrecinctMap\data\2000\20001107__ia__general__precinct.csv,23486
SCOTT,DAVENPORT W1 P1,,election_geometry_ambiguous,0.5,C:\Users\Shama\OneDrive\Documents\Side_Projects\Side_Projects\IAPrecinctMap\data\2000\20001107__ia__general__precinct.csv,23499
SCOTT,DAVENPORT W1 P2,,election_geometry_ambiguous,0.5,C:\Users\Shama\OneDrive\Documents\Side_Projects\Side_Projects\IAPrecinctMap\data\2000\20001107__ia__general__precinct.csv,23515
SCOTT,DAVENPORT W1 P3,,election_geometry_ambiguous,0.5,C:\Users\Shama\OneDrive\Documents\Side_Projects\Side_Projects\IAPrecinctMap\data\2000\20001107__ia__general__precinct.csv,23531
SCOTT,DAVENPORT W1 P4,,election_geometry_ambiguous,0.5,C:\Users\Shama\OneDrive\Documents\Side_Projects\Side_Projects\IAPrecinctMap\data\2000\20001107__ia__general__precinct.csv,23547
SCOTT,DAVENPORT W2 P1,,election_geometry_ambiguous,0.5,C:\Users\Shama\OneDrive\Documents\Side_Projects\Side_Projects\IAPrecinctMap\data\2000\20001107__ia__general__precinct.csv,23563
SCOTT,DAVENPORT W2 P2,,election_geometry_ambiguous,0.5,C:\Users\Shama\OneDrive\Documents\Side_Projects\Side_Projects\IAPrecinctMap\data\2000\20001107__ia__general__precinct.csv,23579
SCOTT,DAVENPORT W2 P3,,election_geometry_ambiguous,0.5,C:\Users\Shama\OneDrive\Documents\Side_Projects\Side_Projects\IAPrecinctMap\data\2000\20001107__ia__general__precinct.csv,23595
SCOTT,DAVENPORT W2 P4,,election_geometry_ambiguous,0.5,C:\Users\Shama\OneDrive\Documents\Side_Projects\Side_Projects\IAPrecinctMap\data\2000\20001107__ia__general__precinct.csv,23611
SCOTT,DAVENPORT W3 P1,,election_geometry_ambiguous,0.5,C:\Users\Shama\OneDrive\Documents\Side_Projects\Side_Projects\IAPrecinctMap\data\2000\20001107__ia__general__precinct.csv,23627
SCOTT,DAVENPORT W3 P2,,election_geometry_ambiguous,0.5,C:\Users\Shama\OneDrive\Documents\Side_Projects\Side_Projects\IAPrecinctMap\data\2000\20001107__ia__general__precinct.csv,23643
SCOTT,DAVENPORT W3 P3,,election_geometry_ambiguous,0.5,C:\Users\Shama\OneDrive\Documents\Side_Projects\Side_Projects\IAPrecinctMap\data\2000\20001107__ia__general__precinct.csv,23659
SCOTT,DAVENPORT W3 P4,,election_geometry_ambiguous,0.5,C:\Users\Shama\OneDrive\Documents\Side_Projects\Side_Projects\IAPrecinctMap\data\2000\20001107__ia__general__precinct.csv,23673
SCOTT,DAVENPORT W4 P1,,election_geometry_ambiguous,0.5,C:\Users\Shama\OneDrive\Documents\Side_Projects\Side_Projects\IAPrecinctMap\data\2000\20001107__ia__general__precinct.csv,23689
SCOTT,DAVENPORT W4 P2,,election_geometry_ambiguous,0.5,C:\Users\Shama\OneDrive\Documents\Side_Projects\Side_Projects\IAPrecinctMap\data\2000\20001107__ia__general__precinct.csv,23705
SCOTT,DAVENPORT W4 P3,,election_geometry_ambiguous,0.5,C:\Users\Shama\OneDrive\Documents\Side_Projects\Side_Projects\IAPrecinctMap\data\2000\20001107__ia__general__precinct.csv,23721
SCOTT,DAVENPORT W4 P4,,election_geometry_ambiguous,0.5,C:\Users\Shama\OneDrive\Documents\Side_Projects\Side_Projects\IAPrecinctMap\data\2000\20001107__ia__general__precinct.csv,23737
SCOTT,DAVENPORT W5 P1,,election_geometry_ambiguous,0.5,C:\Users\Shama\OneDrive\Documents\Side_Projects\Side_Projects\IAPrecinctMap\data\2000\20001107__ia__general__precinct.csv,23753
SCOTT,DAVENPORT W5 P2,,election_geometry_ambiguous,0.5,C:\Users\Shama\OneDrive\Documents\Side_Projects\Side_Projects\IAPrecinctMap\data\2000\20001107__ia__general__precinct.csv,23767
SCOTT,DAVENPORT W5 P3,,election_geometry_ambiguous,0.5,C:\Users\Shama\OneDrive\Documents\Side_Projects\Side_Projects\IAPrecinctMap\data\2000\20001107__ia__general__precinct.csv,23781
SCOTT,DAVENPORT W5 P4,,election_geometry_ambiguous,0.5,C:\Users\Shama\OneDrive\Documents\Side_Projects\Side_Projects\IAPrecinctMap\data\2000\20001107__ia__general__precinct.csv,23795
SCOTT,DAVENPORT W6 P1,,election_geometry_ambiguous,0.5,C:\Users\Shama\OneDrive\Documents\Side_Projects\Side_Projects\IAPrecinctMap\data\2000\20001107__ia__general__precinct.csv,23809
SCOTT,DAVENPORT W6 P2,,election_geometry_ambiguous,0.5,C:\Users\Shama\OneDrive\Documents\Side_Projects\Side_Projects\IAPrecinctMap\data\2000\20001107__ia__general__precinct.csv,23823
SCOTT,DAVENPORT W6 P3,,election_geometry_ambiguous,0.5,C:\Users\Shama\OneDrive\Documents\Side_Projects\Side_Projects\IAPrecinctMap\data\2000\20001107__ia__general__precinct.csv,23836
SCOTT,DAVENPORT W6 P4,,election_geometry_ambiguous,0.5,C:\Users\Shama\OneDrive\Documents\Side_Projects\Side_Projects\IAPrecinctMap\data\2000\20001107__ia__general__precinct.csv,23850
SCOTT,DAVENPORT W6 P5,,election_geometry_ambiguous,0.5,C:\Users\Shama\OneDrive\Documents\Side_Projects\Side_Projects\IAPrecinctMap\data\2000\20001107__ia__general__precinct.csv,23864
SCOTT,DAVENPORT W7 P1,,election_geometry_ambiguous,0.5,C:\Users\Shama\OneDrive\Documents\Side_Projects\Side_Projects\IAPrecinctMap\data\2000\20001107__ia__general__precinct.csv,23877
SCOTT,DAVENPORT W7 P2,,election_geometry_ambiguous,0.5,C:\Users\Shama\OneDrive\Documents\Side_Projects\Side_Projects\IAPrecinctMap\data\2000\20001107__ia__general__precinct.csv,23893
SCOTT,DAVENPORT W7 P3,,election_geometry_ambiguous,0.5,C:\Users\Shama\OneDrive\Documents\Side_Projects\Side_Projects\IAPrecinctMap\data\2000\20001107__ia__general__precinct.csv,23907
SCOTT,DAVENPORT W7 P4,,election_geometry_ambiguous,0.5,C:\Users\Shama\OneDrive\Documents\Side_Projects\Side_Projects\IAPrecinctMap\data\2000\20001107__ia__general__precinct.csv,23923
SCOTT,DAVENPORT W8 P1,,election_geometry_ambiguous,0.5,C:\Users\Shama\OneDrive\Documents\Side_Projects\Side_Projects\IAPrecinctMap\data\2000\20001107__ia__general__precinct.csv,23937
SCOTT,DAVENPORT W8 P2,,election_geometry_ambiguous,0.5,C:\Users\Shama\OneDrive\Documents\Side_Projects\Side_Projects\IAPrecinctMap\data\2000\20001107__ia__general__precinct.csv,23953
SCOTT,DAVENPORT W8 P3,,election_geometry_ambiguous,0.5,C:\Users\Shama\OneDrive\Documents\Side_Projects\Side_Projects\IAPrecinctMap\data\2000\20001107__ia__general__precinct.csv,23969
SCOTT,DAVENPORT W8 P4,,election_geometry_ambiguous,0.5,C:\Users\Shama\OneDrive\Documents\Side_Projects\Side_Projects\IAPrecinctMap\data\2000\20001107__ia__general__precinct.csv,23985
SCOTT,ELDRIDGE CITY,,election_geometry_ambiguous,0.48484848484848486,C:\Users\Shama\OneDrive\Documents\Side_Projects\Side_Projects\IAPrecinctMap\data\2000\20001107__ia__general__precinct.csv,24001
SCOTT,HICKORY GROVE,,election_geometry_ambiguous,0.6842105263157895,C:\Users\Shama\OneDrive\Documents\Side_Projects\Side_Projects\IAPrecinctMap\data\2000\20001107__ia__general__precinct.csv,24017
SCOTT,LECLAIRE CITY,,election_geometry_ambiguous,0.5882352941176471,C:\Users\Shama\OneDrive\Documents\Side_Projects\Side_Projects\IAPrecinctMap\data\2000\20001107__ia__general__precinct.csv,24033
SCOTT,LIBERTY,,election_geometry_ambiguous,0.5384615384615384,C:\Users\Shama\OneDrive\Documents\Side_Projects\Side_Projects\IAPrecinctMap\data\2000\20001107__ia__general__precinct.csv,24046
SCOTT,LINCOLN,,election_geometry_ambiguous,0.37037037037037035,C:\Users\Shama\OneDrive\Documents\Side_Projects\Side_Projects\IAPrecinctMap\data\2000\20001107__ia__general__precinct.csv,24062
SCOTT,PLEASANT VALLEY,SCOTT - (PV) PLEASANT VALLEY,election_geometry_fuzzy,0.9090909090909091,C:\Users\Shama\OneDrive\Documents\Side_Projects\Side_Projects\IAPrecinctMap\data\2000\20001107__ia__general__precinct.csv,24075
SCOTT,PRINCETON,,election_geometry_ambiguous,0.6206896551724138,C:\Users\Shama\OneDrive\Documents\Side_Projects\Side_Projects\IAPrecinctMap\data\2000\20001107__ia__general__precinct.csv,24088
SCOTT,RIVERDALE,,election_geometry_ambiguous,0.6206896551724138,C:\Users\Shama\OneDrive\Documents\Side_Projects\Side_Projects\IAPrecinctMap\data\2000\20001107__ia__general__precinct.csv,24101
SCOTT,SHERIDAN,,election_geometry_ambiguous,0.2857142857142857,C:\Users\Shama\OneDrive\Documents\Side_Projects\Side_Projects\IAPrecinctMap\data\2000\20001107__ia__general__precinct.csv,24114
SCOTT,WALCOTT,,election_geometry_ambiguous,0.8235294117647058,C:\Users\Shama\OneDrive\Documents\Side_Projects\Side_Projects\IAPrecinctMap\data\2000\20001107__ia__general__precinct.csv,24130
SCOTT,WINFIELD,,election_geometry_ambiguous,0.5714285714285714,C:\Users\Shama\OneDrive\Documents\Side_Projects\Side_Projects\IAPrecinctMap\data\2000\20001107__ia__general__precinct.csv,24146
SHELBY,ABSENTEE & SPECIAL BALLOTS,,election_geometry_ambiguous,0.43636363636363634,C:\Users\Shama\OneDrive\Documents\Side_Projects\Side_Projects\IAPrecinctMap\data\2000\20001107__ia__general__precinct.csv,24165
SHELBY,CASS,SHELBY - CASS-CENTER-JACKSON-LINCOLN,election_geometry_prefix,0.98,C:\Users\Shama\OneDrive\Documents\Side_Projects\Side_Projects\IAPrecinctMap\data\2000\20001107__ia__general__precinct.csv,24174
SHELBY,CENTER LINCOLN,,election_geometry_ambiguous,0.6829268292682927,C:\Users\Shama\OneDrive\Documents\Side_Projects\Side_Projects\IAPrecinctMap\data\2000\20001107__ia__general__precinct.csv,24186
SHELBY,CLAY,SHELBY - CLAY-MONROE,election_geometry_prefix,0.98,C:\Users\Shama\OneDrive\Documents\Side_Projects\Side_Projects\IAPrecinctMap\data\2000\20001107__ia__general__precinct.csv,24198
SHELBY,DOUGLAS,SHELBY - DOUGLAS-GREELEY-JEFFERSON-POLK,election_geometry_prefix,0.98,C:\Users\Shama\OneDrive\Documents\Side_Projects\Side_Projects\IAPrecinctMap\data\2000\20001107__ia__general__precinct.csv,24210
SHELBY,FAIRVIEW MONROE,,election_geometry_ambiguous,0.6666666666666666,C:\Users\Shama\OneDrive\Documents\Side_Projects\Side_Projects\IAPrecinctMap\data\2000\20001107__ia__general__precinct.csv,24222
SHELBY,GREELEY JEFF POLK,,election_geometry_ambiguous,0.723404255319149,C:\Users\Shama\OneDrive\Documents\Side_Projects\Side_Projects\IAPrecinctMap\data\2000\20001107__ia__general__precinct.csv,24234
SHELBY,GROVE UNION,SHELBY - GROVE-UNION-WASHINGTON-WESTPHALIA,election_geometry_prefix,0.98,C:\Users\Shama\OneDrive\Documents\Side_Projects\Side_Projects\IAPrecinctMap\data\2000\20001107__ia__general__precinct.csv,24246
SHELBY,HARLAN 1,SHELBY - HARLAN 1,election_geometry_exact,1.0,C:\Users\Shama\OneDrive\Documents\Side_Projects\Side_Projects\IAPrecinctMap\data\2000\20001107__ia__general__precinct.csv,24258
SHELBY,HARLAN 2,SHELBY - HARLAN 2,election_geometry_exact,1.0,C:\Users\Shama\OneDrive\Documents\Side_Projects\Side_Projects\IAPrecinctMap\data\2000\20001107__ia__general__precinct.csv,24270
SHELBY,HARLAN 3,SHELBY - HARLAN 3,election_geometry_exact,1.0,C:\Users\Shama\OneDrive\Documents\Side_Projects\Side_Projects\IAPrecinctMap\data\2000\20001107__ia__general__precinct.csv,24282
SHELBY,HARLAN 4,SHELBY - HARLAN 4,election_geometry_exact,1.0,C:\Users\Shama\OneDrive\Documents\Side_Projects\Side_Projects\IAPrecinctMap\data\2000\20001107__ia__general__precinct.csv,24294
SHELBY,JACKSON,,election_geometry_ambiguous,0.4117647058823529,C:\Users\Shama\OneDrive\Documents\Side_Projects\Side_Projects\IAPrecinctMap\data\2000\20001107__ia__general__precinct.csv,24306
SHELBY,SHELBY,,election_geometry_ambiguous,0.5714285714285714,C:\Users\Shama\OneDrive\Documents\Side_Projects\Side_Projects\IAPrecinctMap\data\2000\20001107__ia__general__precinct.csv,24318
SHELBY,WASHINGTON,,election_geometry_ambiguous,0.46511627906976744,C:\Users\Shama\OneDrive\Documents\Side_Projects\Side_Projects\IAPrecinctMap\data\2000\20001107__ia__general__precinct.csv,24330
SHELBY,WESTPHALIA EARLING 1,,election_geometry_ambiguous,0.5,C:\Users\Shama\OneDrive\Documents\Side_Projects\Side_Projects\IAPrecinctMap\data\2000\20001107__ia__general__precinct.csv,24342
SHELBY,WESTPHALIA WESTPHALIA 2,,election_geometry_ambiguous,0.5,C:\Users\Shama\OneDrive\Documents\Side_Projects\Side_Projects\IAPrecinctMap\data\2000\20001107__ia__general__precinct.csv,24354
SIOUX,ABSENTEE & SPECIAL BALLOTS,,election_geometry_ambiguous,0.391304347826087,C:\Users\Shama\OneDrive\Documents\Side_Projects\Side_Projects\IAPrecinctMap\data\2000\20001107__ia__general__precinct.csv,24370
SIOUX,ALTON & NASSAU N,,election_geometry_ambiguous,0.6666666666666666,C:\Users\Shama\OneDrive\Documents\Side_Projects\Side_Projects\IAPrecinctMap\data\2000\20001107__ia__general__precinct.csv,24379
SIOUX,BUNCOMBE CENTER S & EAGLE,,election_geometry_ambiguous,0.47058823529411764,C:\Users\Shama\OneDrive\Documents\Side_Projects\Side_Projects\IAPrecinctMap\data\2000\20001107__ia__general__precinct.csv,24390
SIOUX,CAPEL,,election_geometry_ambiguous,0.45454545454545453,C:\Users\Shama\OneDrive\Documents\Side_Projects\Side_Projects\IAPrecinctMap\data\2000\20001107__ia__general__precinct.csv,24401
SIOUX,CENTER N & WEST BRANCH,,election_geometry_ambiguous,0.5365853658536586,C:\Users\Shama\OneDrive\Documents\Side_Projects\Side_Projects\IAPrecinctMap\data\2000\20001107__ia__general__precinct.csv,24412
SIOUX,EAST ORANGE,,election_geometry_ambiguous,0.6285714285714286,C:\Users\Shama\OneDrive\Documents\Side_Projects\Side_Projects\IAPrecinctMap\data\2000\20001107__ia__general__precinct.csv,24423
SIOUX,FLOYD,SIOUX - FLOYD/LYNN,election_geometry_prefix,0.98,C:\Users\Shama\OneDrive\Documents\Side_Projects\Side_Projects\IAPrecinctMap\data\2000\20001107__ia__general__precinct.csv,24434
SIOUX,GARFIELD PLATO W & SETTLERS,,election_geometry_ambiguous,0.37209302325581395,C:\Users\Shama\OneDrive\Documents\Side_Projects\Side_Projects\IAPrecinctMap\data\2000\20001107__ia__general__precinct.csv,24445
SIOUX,GRANT,SIOUX - GRANT/SHERIDAN,election_geometry_prefix,0.98,C:\Users\Shama\OneDrive\Documents\Side_Projects\Side_Projects\IAPrecinctMap\data\2000\20001107__ia__general__precinct.csv,24456
SIOUX,HAWARDEN LOGAN WASHINGTON,,election_geometry_ambiguous,0.43902439024390244,C:\Users\Shama\OneDrive\Documents\Side_Projects\Side_Projects\IAPrecinctMap\data\2000\20001107__ia__general__precinct.csv,24467
SIOUX,HOLLAND,,election_geometry_ambiguous,0.5833333333333334,C:\Users\Shama\OneDrive\Documents\Side_Projects\Side_Projects\IAPrecinctMap\data\2000\20001107__ia__general__precinct.csv,24478
SIOUX,LINCOLN,SIOUX - LINCOLN,election_geometry_exact,1.0,C:\Users\Shama\OneDrive\Documents\Side_Projects\Side_Projects\IAPrecinctMap\data\2000\20001107__ia__general__precinct.csv,24489
SIOUX,LYNN,,election_geometry_ambiguous,0.5714285714285714,C:\Users\Shama\OneDrive\Documents\Side_Projects\Side_Projects\IAPrecinctMap\data\2000\20001107__ia__general__precinct.csv,24500
SIOUX,NASSAU S,,election_geometry_ambiguous,0.5,C:\Users\Shama\OneDrive\Documents\Side_Projects\Side_Projects\IAPrecinctMap\data\2000\20001107__ia__general__precinct.csv,24511
SIOUX,ORANGE CITY 1,,election_geometry_ambiguous,0.48484848484848486,C:\Users\Shama\OneDrive\Documents\Side_Projects\Side_Projects\IAPrecinctMap\data\2000\20001107__ia__general__precinct.csv,24522
SIOUX,ORANGE CITY 2,,election_geometry_ambiguous,0.48484848484848486,C:\Users\Shama\OneDrive\Documents\Side_Projects\Side_Projects\IAPrecinctMap\data\2000\20001107__ia__general__precinct.csv,24533
SIOUX,PLATO E & WELCOME,,election_geometry_ambiguous,0.5555555555555556,C:\Users\Shama\OneDrive\Documents\Side_Projects\Side_Projects\IAPrecinctMap\data\2000\20001107__ia__general__precinct.csv,24544
SIOUX,READING,SIOUX - READING/CENTER SOUTH,election_geometry_prefix,0.98,C:\Users\Shama\OneDrive\Documents\Side_Projects\Side_Projects\IAPrecinctMap\data\2000\20001107__ia__general__precinct.csv,24555
SIOUX,ROCK & SIOUX,,election_geometry_ambiguous,0.5333333333333333,C:\Users\Shama\OneDrive\Documents\Side_Projects\Side_Projects\IAPrecinctMap\data\2000\20001107__ia__general__precinct.csv,24566
SIOUX,ROCK VALLEY,,election_geometry_ambiguous,0.8148148148148148,C:\Users\Shama\OneDrive\Documents\Side_Projects\Side_Projects\IAPrecinctMap\data\2000\20001107__ia__general__precinct.csv,24577
SIOUX,SHERIDAN,,election_geometry_ambiguous,0.8,C:\Users\Shama\OneDrive\Documents\Side_Projects\Side_Projects\IAPrecinctMap\data\2000\20001107__ia__general__precinct.csv,24588
SIOUX,SHERMAN,SIOUX - SHERMAN,election_geometry_exact,1.0,C:\Users\Shama\OneDrive\Documents\Side_Projects\Side_Projects\IAPrecinctMap\data\2000\20001107__ia__general__precinct.csv,24599
SIOUX,SIOUX CENTER 1,,election_geometry_ambiguous,0.8125,C:\Users\Shama\OneDrive\Documents\Side_Projects\Side_Projects\IAPrecinctMap\data\2000\20001107__ia__general__precinct.csv,24610
SIOUX,SIOUX CENTER 2,,election_geometry_ambiguous,0.8125,C:\Users\Shama\OneDrive\Documents\Side_Projects\Side_Projects\IAPrecinctMap\data\2000\20001107__ia__general__precinct.csv,24621
STORY,ABSENTEE & SPECIAL BALLOTS,,election_geometry_ambiguous,0.4,C:\Users\Shama\OneDrive\Documents\Side_Projects\Side_Projects\IAPrecinctMap\data\2000\20001107__ia__general__precinct.csv,24645
STORY,AMES W1 P1,STORY - AMES 1-1,election_geometry_fuzzy,0.8888888888888888,C:\Users\Shama\OneDrive\Documents\Side_Projects\Side_Projects\IAPrecinctMap\data\2000\20001107__ia__general__precinct.csv,24655
STORY,AMES W1 P2,STORY - AMES 1-2,election_geometry_fuzzy,0.8888888888888888,C:\Users\Shama\OneDrive\Documents\Side_Projects\Side_Projects\IAPrecinctMap\data\2000\20001107__ia__general__precinct.csv,24668
STORY,AMES W1 P3,,election_geometry_ambiguous,0.7777777777777778,C:\Users\Shama\OneDrive\Documents\Side_Projects\Side_Projects\IAPrecinctMap\data\2000\20001107__ia__general__precinct.csv,24681
STORY,AMES W1 P4,STORY - AMES 1-4,election_geometry_fuzzy,0.8888888888888888,C:\Users\Shama\OneDrive\Documents\Side_Projects\Side_Projects\IAPrecinctMap\data\2000\20001107__ia__general__precinct.csv,24694
STORY,AMES W1 P5,STORY - AMES 1-5,election_geometry_fuzzy,0.8888888888888888,C:\Users\Shama\OneDrive\Documents\Side_Projects\Side_Projects\IAPrecinctMap\data\2000\20001107__ia__general__precinct.csv,24708
STORY,AMES W2 P1,STORY - AMES 2-1,election_geometry_fuzzy,0.8888888888888888,C:\Users\Shama\OneDrive\Documents\Side_Projects\Side_Projects\IAPrecinctMap\data\2000\20001107__ia__general__precinct.csv,24722
STORY,AMES W2 P2,STORY - AMES 2-2,election_geometry_fuzzy,0.8888888888888888,C:\Users\Shama\OneDrive\Documents\Side_Projects\Side_Projects\IAPrecinctMap\data\2000\20001107__ia__general__precinct.csv,24736
STORY,AMES W2 P3,STORY - AMES 2-3,election_geometry_fuzzy,0.8888888888888888,C:\Users\Shama\OneDrive\Documents\Side_Projects\Side_Projects\IAPrecinctMap\data\2000\20001107__ia__general__precinct.csv,24750
STORY,AMES W2 P4,STORY - AMES 2-4,election_geometry_fuzzy,0.8888888888888888,C:\Users\Shama\OneDrive\Documents\Side_Projects\Side_Projects\IAPrecinctMap\data\2000\20001107__ia__general__precinct.csv,24764
STORY,AMES W2 P5,STORY - AMES 2-5,election_geometry_fuzzy,0.8888888888888888,C:\Users\Shama\OneDrive\Documents\Side_Projects\Side_Projects\IAPrecinctMap\data\2000\20001107__ia__general__precinct.csv,24778
STORY,AMES W2 P6,,election_geometry_ambiguous,0.7777777777777778,C:\Users\Shama\OneDrive\Documents\Side_Projects\Side_Projects\IAPrecinctMap\data\2000\20001107__ia__general__precinct.csv,24792
STORY,AMES W3 P1,STORY - AMES 3-1,election_geometry_fuzzy,0.8888888888888888,C:\Users\Shama\OneDrive\Documents\Side_Projects\Side_Projects\IAPrecinctMap\data\2000\20001107__ia__general__precinct.csv,24808
STORY,AMES W3 P2,STORY - AMES 3-2,election_geometry_fuzzy,0.8888888888888888,C:\Users\Shama\OneDrive\Documents\Side_Projects\Side_Projects\IAPrecinctMap\data\2000\20001107__ia__general__precinct.csv,24821
STORY,AMES W3 P3,STORY - AMES 3-3,election_geometry_fuzzy,0.8888888888888888,C:\Users\Shama\OneDrive\Documents\Side_Projects\Side_Projects\IAPrecinctMap\data\2000\20001107__ia__general__precinct.csv,24834
STORY,AMES W3 P4,STORY - AMES 3-4,election_geometry_fuzzy,0.8888888888888888,C:\Users\Shama\OneDrive\Documents\Side_Projects\Side_Projects\IAPrecinctMap\data\2000\20001107__ia__general__precinct.csv,24847
STORY,AMES W3 P5,STORY - AMES 3-5,election_geometry_fuzzy,0.8888888888888888,C:\Users\Shama\OneDrive\Documents\Side_Projects\Side_Projects\IAPrecinctMap\data\2000\20001107__ia__general__precinct.csv,24860
STORY,AMES W4 P1,STORY - AMES 4-1,election_geometry_fuzzy,0.8888888888888888,C:\Users\Shama\OneDrive\Documents\Side_Projects\Side_Projects\IAPrecinctMap\data\2000\20001107__ia__general__precinct.csv,24873
STORY,AMES W4 P2,STORY - AMES 4-2,election_geometry_fuzzy,0.8888888888888888,C:\Users\Shama\OneDrive\Documents\Side_Projects\Side_Projects\IAPrecinctMap\data\2000\20001107__ia__general__precinct.csv,24887
STORY,AMES W4 P3,STORY - AMES 4-3,election_geometry_fuzzy,0.8888888888888888,C:\Users\Shama\OneDrive\Documents\Side_Projects\Side_Projects\IAPrecinctMap\data\2000\20001107__ia__general__precinct.csv,24901
STORY,AMES W4 P4,STORY - AMES 4-4,election_geometry_fuzzy,0.8888888888888888,C:\Users\Shama\OneDrive\Documents\Side_Projects\Side_Projects\IAPrecinctMap\data\2000\20001107__ia__general__precinct.csv,24915
STORY,AMES W4 P5,STORY - AMES 4-5,election_geometry_fuzzy,0.8888888888888888,C:\Users\Shama\OneDrive\Documents\Side_Projects\Side_Projects\IAPrecinctMap\data\2000\20001107__ia__general__precinct.csv,24928
STORY,COLLINS,STORY - COLLINS TWP-COLLINS,election_geometry_prefix,0.98,C:\Users\Shama\OneDrive\Documents\Side_Projects\Side_Projects\IAPrecinctMap\data\2000\20001107__ia__general__precinct.csv,24942
STORY,FRANKLIN GILBERT & AMES W4 P6,,election_geometry_ambiguous,0.6274509803921569,C:\Users\Shama\OneDrive\Documents\Side_Projects\Side_Projects\IAPrecinctMap\data\2000\20001107__ia__general__precinct.csv,24958
STORY,GRANT,STORY - GRANT TOWNSHIP,election_geometry_prefix,0.98,C:\Users\Shama\OneDrive\Documents\Side_Projects\Side_Projects\IAPrecinctMap\data\2000\20001107__ia__general__precinct.csv,24974
STORY,HOWARD ROLAND,,election_geometry_ambiguous,0.8666666666666667,C:\Users\Shama\OneDrive\Documents\Side_Projects\Side_Projects\IAPrecinctMap\data\2000\20001107__ia__general__precinct.csv,24987
STORY,INDIAN CREEK MAXWELL,STORY - INDIAN CREEK TWP-MAXWELL,election_geometry_fuzzy,0.9090909090909091,C:\Users\Shama\OneDrive\Documents\Side_Projects\Side_Projects\IAPrecinctMap\data\2000\20001107__ia__general__precinct.csv,25003
STORY,KELLEY,,election_geometry_ambiguous,0.5,C:\Users\Shama\OneDrive\Documents\Side_Projects\Side_Projects\IAPrecinctMap\data\2000\20001107__ia__general__precinct.csv,25016
STORY,LAFAYETTE,STORY - LAFAYETTE TOWNSHIP,election_geometry_prefix,0.98,C:\Users\Shama\OneDrive\Documents\Side_Projects\Side_Projects\IAPrecinctMap\data\2000\20001107__ia__general__precinct.csv,25029
STORY,LINCOLN ZEARING,STORY - LINCOLN TWP-ZEARING,election_geometry_fuzzy,0.8823529411764706,C:\Users\Shama\OneDrive\Documents\Side_Projects\Side_Projects\IAPrecinctMap\data\2000\20001107__ia__general__precinct.csv,25045
STORY,MILFORD,STORY - MILFORD TOWNSHIP,election_geometry_prefix,0.98,C:\Users\Shama\OneDrive\Documents\Side_Projects\Side_Projects\IAPrecinctMap\data\2000\20001107__ia__general__precinct.csv,25061
STORY,NEVADA 1,STORY - NEVADA 1,election_geometry_exact,1.0,C:\Users\Shama\OneDrive\Documents\Side_Projects\Side_Projects\IAPrecinctMap\data\2000\20001107__ia__general__precinct.csv,25077
STORY,NEVADA 2,STORY - NEVADA 2,election_geometry_exact,1.0,C:\Users\Shama\OneDrive\Documents\Side_Projects\Side_Projects\IAPrecinctMap\data\2000\20001107__ia__general__precinct.csv,25093
STORY,NEVADA 3,STORY - NEVADA 3 - GRANT TWP 3,election_geometry_prefix,0.98,C:\Users\Shama\OneDrive\Documents\Side_Projects\Side_Projects\IAPrecinctMap\data\2000\20001107__ia__general__precinct.csv,25109
STORY,NEVADA 3A,,election_geometry_ambiguous,0.8235294117647058,C:\Users\Shama\OneDrive\Documents\Side_Projects\Side_Projects\IAPrecinctMap\data\2000\20001107__ia__general__precinct.csv,25125
STORY,NEVADA 4,STORY - NEVADA 4,election_geometry_exact,1.0,C:\Users\Shama\OneDrive\Documents\Side_Projects\Side_Projects\IAPrecinctMap\data\2000\20001107__ia__general__precinct.csv,25138
STORY,NEVADA TWP,,election_geometry_ambiguous,0.8,C:\Users\Shama\OneDrive\Documents\Side_Projects\Side_Projects\IAPrecinctMap\data\2000\20001107__ia__general__precinct.csv,25154
STORY,NEW ALBANY COLO,STORY - NEW ALBANY TWP-COLO,election_geometry_fuzzy,0.8823529411764706,C:\Users\Shama\OneDrive\Documents\Side_Projects\Side_Projects\IAPrecinctMap\data\2000\20001107__ia__general__precinct.csv,25170
STORY,PALESTINE 1,,election_geometry_ambiguous,0.6896551724137931,C:\Users\Shama\OneDrive\Documents\Side_Projects\Side_Projects\IAPrecinctMap\data\2000\20001107__ia__general__precinct.csv,25186
STORY,PALESTINE 2 SLATER SHELDAHL,,election_geometry_ambiguous,0.625,C:\Users\Shama\OneDrive\Documents\Side_Projects\Side_Projects\IAPrecinctMap\data\2000\20001107__ia__general__precinct.csv,25199
STORY,RICHLAND,STORY - RICHLAND TOWNSHIP,election_geometry_prefix,0.98,C:\Users\Shama\OneDrive\Documents\Side_Projects\Side_Projects\IAPrecinctMap\data\2000\20001107__ia__general__precinct.csv,25212
STORY,SHERMAN,STORY - SHERMAN TOWNSHIP,election_geometry_prefix,0.98,C:\Users\Shama\OneDrive\Documents\Side_Projects\Side_Projects\IAPrecinctMap\data\2000\20001107__ia__general__precinct.csv,25228
STORY,STORY CITY,STORY - STORY CITY,election_geometry_exact,1.0,C:\Users\Shama\OneDrive\Documents\Side_Projects\Side_Projects\IAPrecinctMap\data\2000\20001107__ia__general__precinct.csv,25244
STORY,UNION CAMBRIDGE,STORY - UNION TWP-CAMBRIDGE,election_geometry_fuzzy,0.8823529411764706,C:\Users\Shama\OneDrive\Documents\Side_Projects\Side_Projects\IAPrecinctMap\data\2000\20001107__ia__general__precinct.csv,25260
STORY,WARREN MCCALLSBURG,STORY - WARREN TWP-MCCALLSBURG,election_geometry_fuzzy,0.9,C:\Users\Shama\OneDrive\Documents\Side_Projects\Side_Projects\IAPrecinctMap\data\2000\20001107__ia__general__precinct.csv,25273
STORY,WASHINGTON,STORY - WASHINGTON TWP-KELLEY,election_geometry_prefix,0.98,C:\Users\Shama\OneDrive\Documents\Side_Projects\Side_Projects\IAPrecinctMap\data\2000\20001107__ia__general__precinct.csv,25289
TAMA,ABSENTEE & SPECIAL BALLOTS,,election_geometry_ambiguous,0.36,C:\Users\Shama\OneDrive\Documents\Side_Projects\Side_Projects\IAPrecinctMap\data\2000\20001107__ia__general__precinct.csv,25308
TAMA,BUCKINGHAM,,election_geometry_ambiguous,0.5555555555555556,C:\Users\Shama\OneDrive\Documents\Side_Projects\Side_Projects\IAPrecinctMap\data\2000\20001107__ia__general__precinct.csv,25317
TAMA,CARLTON,TAMA - CARLTON,election_geometry_exact,1.0,C:\Users\Shama\OneDrive\Documents\Side_Projects\Side_Projects\IAPrecinctMap\data\2000\20001107__ia__general__precinct.csv,25332
TAMA,CARROLL,TAMA - CARROLL/ONEIDA/N OTTER CR,election_geometry_prefix,0.98,C:\Users\Shama\OneDrive\Documents\Side_Projects\Side_Projects\IAPrecinctMap\data\2000\20001107__ia__general__precinct.csv,25347
TAMA,CLARK,TAMA - CLARK/GENESEO,election_geometry_prefix,0.98,C:\Users\Shama\OneDrive\Documents\Side_Projects\Side_Projects\IAPrecinctMap\data\2000\20001107__ia__general__precinct.csv,25362
TAMA,COLUMBIA,TAMA - COLUMBIA/TAMA,election_geometry_prefix,0.98,C:\Users\Shama\OneDrive\Documents\Side_Projects\Side_Projects\IAPrecinctMap\data\2000\20001107__ia__general__precinct.csv,25377
TAMA,GENESEO,,election_geometry_ambiguous,0.7,C:\Users\Shama\OneDrive\Documents\Side_Projects\Side_Projects\IAPrecinctMap\data\2000\20001107__ia__general__precinct.csv,25392
TAMA,GRANT,TAMA - GRANT,election_geometry_exact,1.0,C:\Users\Shama\OneDrive\Documents\Side_Projects\Side_Projects\IAPrecinctMap\data\2000\20001107__ia__general__precinct.csv,25407
TAMA,HIGHLAND,TAMA - HIGHLAND/INDIAN VILLAGE,election_geometry_prefix,0.98,C:\Users\Shama\OneDrive\Documents\Side_Projects\Side_Projects\IAPrecinctMap\data\2000\20001107__ia__general__precinct.csv,25422
TAMA,HOWARD,TAMA - HOWARD/TOLEDO,election_geometry_prefix,0.98,C:\Users\Shama\OneDrive\Documents\Side_Projects\Side_Projects\IAPrecinctMap\data\2000\20001107__ia__general__precinct.csv,25437
TAMA,INDIAN SETTLEMENT,TAMA - INDIAN SETTLEMENT,election_geometry_exact,1.0,C:\Users\Shama\OneDrive\Documents\Side_Projects\Side_Projects\IAPrecinctMap\data\2000\20001107__ia__general__precinct.csv,25452
TAMA,INDIAN VILLAGE,,election_geometry_ambiguous,0.7567567567567568,C:\Users\Shama\OneDrive\Documents\Side_Projects\Side_Projects\IAPrecinctMap\data\2000\20001107__ia__general__precinct.csv,25467
TAMA,LINCOLN,TAMA - LINCOLN,election_geometry_exact,1.0,C:\Users\Shama\OneDrive\Documents\Side_Projects\Side_Projects\IAPrecinctMap\data\2000\20001107__ia__general__precinct.csv,25482
TAMA,ONEIDA,,election_geometry_ambiguous,0.3870967741935484,C:\Users\Shama\OneDrive\Documents\Side_Projects\Side_Projects\IAPrecinctMap\data\2000\20001107__ia__general__precinct.csv,25497
TAMA,OTTER CREEK,TAMA - S. OTTER CREEK,election_geometry_fuzzy,0.9166666666666666,C:\Users\Shama\OneDrive\Documents\Side_Projects\Side_Projects\IAPrecinctMap\data\2000\20001107__ia__general__precinct.csv,25512
TAMA,PERRY E CRYSTAL,,election_geometry_ambiguous,0.7317073170731707,C:\Users\Shama\OneDrive\Documents\Side_Projects\Side_Projects\IAPrecinctMap\data\2000\20001107__ia__general__precinct.csv,25527
TAMA,RICHLAND,TAMA - RICHLAND/SALT CREEK,election_geometry_prefix,0.98,C:\Users\Shama\OneDrive\Documents\Side_Projects\Side_Projects\IAPrecinctMap\data\2000\20001107__ia__general__precinct.csv,25542
TAMA,SALT CREEK,,election_geometry_ambiguous,0.6956521739130435,C:\Users\Shama\OneDrive\Documents\Side_Projects\Side_Projects\IAPrecinctMap\data\2000\20001107__ia__general__precinct.csv,25557
TAMA,SPRING CREEK,TAMA - SPRING CREEK/W CRYSTAL,election_geometry_prefix,0.98,C:\Users\Shama\OneDrive\Documents\Side_Projects\Side_Projects\IAPrecinctMap\data\2000\20001107__ia__general__precinct.csv,25572
TAMA,TAMA,,election_geometry_ambiguous,0.47058823529411764,C:\Users\Shama\OneDrive\Documents\Side_Projects\Side_Projects\IAPrecinctMap\data\2000\20001107__ia__general__precinct.csv,25587
TAMA,TOLEDO 1,,election_geometry_ambiguous,0.7368421052631579,C:\Users\Shama\OneDrive\Documents\Side_Projects\Side_Projects\IAPrecinctMap\data\2000\20001107__ia__general__precinct.csv,25602
TAMA,TOLEDO 2,,election_geometry_ambiguous,0.7368421052631579,C:\Users\Shama\OneDrive\Documents\Side_Projects\Side_Projects\IAPrecinctMap\data\2000\20001107__ia__general__precinct.csv,25617
TAMA,TOLEDO 3,,election_geometry_ambiguous,0.7368421052631579,C:\Users\Shama\OneDrive\Documents\Side_Projects\Side_Projects\IAPrecinctMap\data\2000\20001107__ia__general__precinct.csv,25632
TAMA,WEST CRYSTAL,,election_geometry_ambiguous,0.5294117647058824,C:\Users\Shama\OneDrive\Documents\Side_Projects\Side_Projects\IAPrecinctMap\data\2000\20001107__ia__general__precinct.csv,25647
TAMA,YORK,TAMA - YORK,election_geometry_exact,1.0,C:\Users\Shama\OneDrive\Documents\Side_Projects\Side_Projects\IAPrecinctMap\data\2000\20001107__ia__general__precinct.csv,25662
TAYLOR,ABSENTEE & SPECIAL BALLOTS,,election_geometry_ambiguous,0.3,C:\Users\Shama\OneDrive\Documents\Side_Projects\Side_Projects\IAPrecinctMap\data\2000\20001107__ia__general__precinct.csv,25686
TAYLOR,ATHEL BLOCK JEFF GAY,,election_geometry_ambiguous,0.375,C:\Users\Shama\OneDrive\Documents\Side_Projects\Side_Projects\IAPrecinctMap\data\2000\20001107__ia__general__precinct.csv,25696
TAYLOR,BED 1&2 BED BEN CLAY,,election_geometry_ambiguous,0.32558139534883723,C:\Users\Shama\OneDrive\Documents\Side_Projects\Side_Projects\IAPrecinctMap\data\2000\20001107__ia__general__precinct.csv,25712
TAYLOR,BED 3 ROSS JACK POLK MSN S,,election_geometry_ambiguous,0.3157894736842105,C:\Users\Shama\OneDrive\Documents\Side_Projects\Side_Projects\IAPrecinctMap\data\2000\20001107__ia__general__precinct.csv,25728
TAYLOR,CLEARFIELD GRANT,,election_geometry_ambiguous,0.6666666666666666,C:\Users\Shama\OneDrive\Documents\Side_Projects\Side_Projects\IAPrecinctMap\data\2000\20001107__ia__general__precinct.csv,25744
TAYLOR,GRAVITY WASHINGTON MSHL S,,election_geometry_ambiguous,0.3888888888888889,C:\Users\Shama\OneDrive\Documents\Side_Projects\Side_Projects\IAPrecinctMap\data\2000\20001107__ia__general__precinct.csv,25760
TAYLOR,LENOX PLATTE MSHL N SHPSBG,,election_geometry_ambiguous,0.2857142857142857,C:\Users\Shama\OneDrive\Documents\Side_Projects\Side_Projects\IAPrecinctMap\data\2000\20001107__ia__general__precinct.csv,25776
TAYLOR,N MARKET-DALLAS S-MASON N,,election_geometry_ambiguous,0.41025641025641024,C:\Users\Shama\OneDrive\Documents\Side_Projects\Side_Projects\IAPrecinctMap\data\2000\20001107__ia__general__precinct.csv,25792
TAYLOR,NODAWAY HOLT GROVE DLS N,,election_geometry_ambiguous,0.2857142857142857,C:\Users\Shama\OneDrive\Documents\Side_Projects\Side_Projects\IAPrecinctMap\data\2000\20001107__ia__general__precinct.csv,25808
UNION,ABSENTEE & SPECIAL BALLOTS,,election_geometry_ambiguous,0.2857142857142857,C:\Users\Shama\OneDrive\Documents\Side_Projects\Side_Projects\IAPrecinctMap\data\2000\20001107__ia__general__precinct.csv,25828
UNION,AFTON,UNION - AFTON,election_geometry_exact,1.0,C:\Users\Shama\OneDrive\Documents\Side_Projects\Side_Projects\IAPrecinctMap\data\2000\20001107__ia__general__precinct.csv,25838
UNION,ARISPE,UNION - ARISPE,election_geometry_exact,1.0,C:\Users\Shama\OneDrive\Documents\Side_Projects\Side_Projects\IAPrecinctMap\data\2000\20001107__ia__general__precinct.csv,25852
UNION,CRESTON 1,UNION - CRESTON 1,election_geometry_exact,1.0,C:\Users\Shama\OneDrive\Documents\Side_Projects\Side_Projects\IAPrecinctMap\data\2000\20001107__ia__general__precinct.csv,25866
UNION,CRESTON 2,UNION - CRESTON 2 - SWCC,election_geometry_prefix,0.98,C:\Users\Shama\OneDrive\Documents\Side_Projects\Side_Projects\IAPrecinctMap\data\2000\20001107__ia__general__precinct.csv,25880
UNION,CRESTON 3,UNION - CRESTON 3,election_geometry_exact,1.0,C:\Users\Shama\OneDrive\Documents\Side_Projects\Side_Projects\IAPrecinctMap\data\2000\20001107__ia__general__precinct.csv,25894
UNION,CRESTON 4,UNION - CRESTON 4 - SUPERTEL,election_geometry_prefix,0.98,C:\Users\Shama\OneDrive\Documents\Side_Projects\Side_Projects\IAPrecinctMap\data\2000\20001107__ia__general__precinct.csv,25908
UNION,CRESTON 5,UNION - CRESTON 5,election_geometry_exact,1.0,C:\Users\Shama\OneDrive\Documents\Side_Projects\Side_Projects\IAPrecinctMap\data\2000\20001107__ia__general__precinct.csv,25922
UNION,CROMWELL,,election_geometry_ambiguous,0.38461538461538464,C:\Users\Shama\OneDrive\Documents\Side_Projects\Side_Projects\IAPrecinctMap\data\2000\20001107__ia__general__precinct.csv,25936
UNION,HIGHLAND,,election_geometry_ambiguous,0.3076923076923077,C:\Users\Shama\OneDrive\Documents\Side_Projects\Side_Projects\IAPrecinctMap\data\2000\20001107__ia__general__precinct.csv,25950
UNION,KENT,,election_geometry_ambiguous,0.3076923076923077,C:\Users\Shama\OneDrive\Documents\Side_Projects\Side_Projects\IAPrecinctMap\data\2000\20001107__ia__general__precinct.csv,25964
UNION,LINCOLN,,election_geometry_ambiguous,0.42857142857142855,C:\Users\Shama\OneDrive\Documents\Side_Projects\Side_Projects\IAPrecinctMap\data\2000\20001107__ia__general__precinct.csv,25978
UNION,LORIMOR,UNION - LORIMOR,election_geometry_exact,1.0,C:\Users\Shama\OneDrive\Documents\Side_Projects\Side_Projects\IAPrecinctMap\data\2000\20001107__ia__general__precinct.csv,25992
UNION,PLEASANT,,election_geometry_ambiguous,0.35294117647058826,C:\Users\Shama\OneDrive\Documents\Side_Projects\Side_Projects\IAPrecinctMap\data\2000\20001107__ia__general__precinct.csv,26006
UNION,SHANNON CITY,,election_geometry_ambiguous,0.38461538461538464,C:\Users\Shama\OneDrive\Documents\Side_Projects\Side_Projects\IAPrecinctMap\data\2000\20001107__ia__general__precinct.csv,26020
UNION,THAYER,,election_geometry_ambiguous,0.3333333333333333,C:\Users\Shama\OneDrive\Documents\Side_Projects\Side_Projects\IAPrecinctMap\data\2000\20001107__ia__general__precinct.csv,26034
VAN BUREN,ABSENTEE & SPECIAL BALLOTS,,election_geometry_ambiguous,0.2857142857142857,C:\Users\Shama\OneDrive\Documents\Side_Projects\Side_Projects\IAPrecinctMap\data\2000\20001107__ia__general__precinct.csv,26055
VAN BUREN,BIRMINGHAM,VAN BUREN - BIRMINGHAM,election_geometry_exact,1.0,C:\Users\Shama\OneDrive\Documents\Side_Projects\Side_Projects\IAPrecinctMap\data\2000\20001107__ia__general__precinct.csv,26065
VAN BUREN,BONAPARTE,VAN BUREN - BONAPARTE,election_geometry_exact,1.0,C:\Users\Shama\OneDrive\Documents\Side_Projects\Side_Projects\IAPrecinctMap\data\2000\20001107__ia__general__precinct.csv,26078
VAN BUREN,CANTRIL,VAN BUREN - CANTRIL,election_geometry_exact,1.0,C:\Users\Shama\OneDrive\Documents\Side_Projects\Side_Projects\IAPrecinctMap\data\2000\20001107__ia__general__precinct.csv,26091
VAN BUREN,DOUDS,VAN BUREN - DOUDS,election_geometry_exact,1.0,C:\Users\Shama\OneDrive\Documents\Side_Projects\Side_Projects\IAPrecinctMap\data\2000\20001107__ia__general__precinct.csv,26104
VAN BUREN,FARMINGTON,VAN BUREN - FARMINGTON,election_geometry_exact,1.0,C:\Users\Shama\OneDrive\Documents\Side_Projects\Side_Projects\IAPrecinctMap\data\2000\20001107__ia__general__precinct.csv,26117
VAN BUREN,KEOSAUQUA,VAN BUREN - KEOSAUQUA,election_geometry_exact,1.0,C:\Users\Shama\OneDrive\Documents\Side_Projects\Side_Projects\IAPrecinctMap\data\2000\20001107__ia__general__precinct.csv,26130
VAN BUREN,MILTON,VAN BUREN - MILTON,election_geometry_exact,1.0,C:\Users\Shama\OneDrive\Documents\Side_Projects\Side_Projects\IAPrecinctMap\data\2000\20001107__ia__general__precinct.csv,26143
VAN BUREN,MT STERLING,,election_geometry_ambiguous,0.38095238095238093,C:\Users\Shama\OneDrive\Documents\Side_Projects\Side_Projects\IAPrecinctMap\data\2000\20001107__ia__general__precinct.csv,26158
VAN BUREN,STOCKPORT,VAN BUREN - STOCKPORT,election_geometry_exact,1.0,C:\Users\Shama\OneDrive\Documents\Side_Projects\Side_Projects\IAPrecinctMap\data\2000\20001107__ia__general__precinct.csv,26171
WAPELLO,ABSENTEE & SPECIAL BALLOTS,,election_geometry_ambiguous,0.4090909090909091,C:\Users\Shama\OneDrive\Documents\Side_Projects\Side_Projects\IAPrecinctMap\data\2000\20001107__ia__general__precinct.csv,26193
WAPELLO,ADAMS,WAPELLO - ADAMS/BLAKESBURG/POLK,election_geometry_prefix,0.98,C:\Users\Shama\OneDrive\Documents\Side_Projects\Side_Projects\IAPrecinctMap\data\2000\20001107__ia__general__precinct.csv,26203
WAPELLO,AGENCY,WAPELLO - AGENCY/AGENCY/PLEASANT,election_geometry_prefix,0.98,C:\Users\Shama\OneDrive\Documents\Side_Projects\Side_Projects\IAPrecinctMap\data\2000\20001107__ia__general__precinct.csv,26215
WAPELLO,CASS,WAPELLO - CASS/CHILLICOTHE,election_geometry_prefix,0.98,C:\Users\Shama\OneDrive\Documents\Side_Projects\Side_Projects\IAPrecinctMap\data\2000\20001107__ia__general__precinct.csv,26227
WAPELLO,CENTER,WAPELLO - CENTER TWP,election_geometry_prefix,0.98,C:\Users\Shama\OneDrive\Documents\Side_Projects\Side_Projects\IAPrecinctMap\data\2000\20001107__ia__general__precinct.csv,26242
WAPELLO,COLUMBIA,WAPELLO - COLUMBIA/EDDYVILLE,election_geometry_prefix,0.98,C:\Users\Shama\OneDrive\Documents\Side_Projects\Side_Projects\IAPrecinctMap\data\2000\20001107__ia__general__precinct.csv,26254
WAPELLO,COMPETINE,WAPELLO - COMPETINE TWP,election_geometry_prefix,0.98,C:\Users\Shama\OneDrive\Documents\Side_Projects\Side_Projects\IAPrecinctMap\data\2000\20001107__ia__general__precinct.csv,26269
WAPELLO,DAHLONEGA,,election_geometry_ambiguous,0.7272727272727273,C:\Users\Shama\OneDrive\Documents\Side_Projects\Side_Projects\IAPrecinctMap\data\2000\20001107__ia__general__precinct.csv,26284
WAPELLO,GREEN,WAPELLO - GREEN TWP,election_geometry_prefix,0.98,C:\Users\Shama\OneDrive\Documents\Side_Projects\Side_Projects\IAPrecinctMap\data\2000\20001107__ia__general__precinct.csv,26296
WAPELLO,HIGHLAND,WAPELLO - HIGHLAND TWP,election_geometry_prefix,0.98,C:\Users\Shama\OneDrive\Documents\Side_Projects\Side_Projects\IAPrecinctMap\data\2000\20001107__ia__general__precinct.csv,26308
WAPELLO,KEOKUK,WAPELLO - KEOKUK TWP,election_geometry_prefix,0.98,C:\Users\Shama\OneDrive\Documents\Side_Projects\Side_Projects\IAPrecinctMap\data\2000\20001107__ia__general__precinct.csv,26323
WAPELLO,OTTUMWA 1,WAPELLO - OTTUMWA PCT 10,election_geometry_prefix,0.98,C:\Users\Shama\OneDrive\Documents\Side_Projects\Side_Projects\IAPrecinctMap\data\2000\20001107__ia__general__precinct.csv,26335
WAPELLO,OTTUMWA 10,WAPELLO - OTTUMWA PCT 10,election_geometry_exact,1.0,C:\Users\Shama\OneDrive\Documents\Side_Projects\Side_Projects\IAPrecinctMap\data\2000\20001107__ia__general__precinct.csv,26443
WAPELLO,OTTUMWA 2,WAPELLO - OTTUMWA PCT 02,election_geometry_fuzzy,0.9473684210526315,C:\Users\Shama\OneDrive\Documents\Side_Projects\Side_Projects\IAPrecinctMap\data\2000\20001107__ia__general__precinct.csv,26347
WAPELLO,OTTUMWA 3,WAPELLO - OTTUMWA PCT 03,election_geometry_fuzzy,0.9473684210526315,C:\Users\Shama\OneDrive\Documents\Side_Projects\Side_Projects\IAPrecinctMap\data\2000\20001107__ia__general__precinct.csv,26359
WAPELLO,OTTUMWA 4,WAPELLO - OTTUMWA PCT 04,election_geometry_fuzzy,0.9473684210526315,C:\Users\Shama\OneDrive\Documents\Side_Projects\Side_Projects\IAPrecinctMap\data\2000\20001107__ia__general__precinct.csv,26371
WAPELLO,OTTUMWA 5,WAPELLO - OTTUMWA PCT 05,election_geometry_fuzzy,0.9473684210526315,C:\Users\Shama\OneDrive\Documents\Side_Projects\Side_Projects\IAPrecinctMap\data\2000\20001107__ia__general__precinct.csv,26383
WAPELLO,OTTUMWA 6,WAPELLO - OTTUMWA PCT 06,election_geometry_fuzzy,0.9473684210526315,C:\Users\Shama\OneDrive\Documents\Side_Projects\Side_Projects\IAPrecinctMap\data\2000\20001107__ia__general__precinct.csv,26395
WAPELLO,OTTUMWA 7,WAPELLO - OTTUMWA PCT 07,election_geometry_fuzzy,0.9473684210526315,C:\Users\Shama\OneDrive\Documents\Side_Projects\Side_Projects\IAPrecinctMap\data\2000\20001107__ia__general__precinct.csv,26407
WAPELLO,OTTUMWA 8,WAPELLO - OTTUMWA PCT 08,election_geometry_fuzzy,0.9473684210526315,C:\Users\Shama\OneDrive\Documents\Side_Projects\Side_Projects\IAPrecinctMap\data\2000\20001107__ia__general__precinct.csv,26419
WAPELLO,OTTUMWA 9,WAPELLO - OTTUMWA PCT 09,election_geometry_fuzzy,0.9473684210526315,C:\Users\Shama\OneDrive\Documents\Side_Projects\Side_Projects\IAPrecinctMap\data\2000\20001107__ia__general__precinct.csv,26431
WAPELLO,PLEASANT,,election_geometry_ambiguous,0.5333333333333333,C:\Users\Shama\OneDrive\Documents\Side_Projects\Side_Projects\IAPrecinctMap\data\2000\20001107__ia__general__precinct.csv,26455
WAPELLO,POLK,,election_geometry_ambiguous,0.32,C:\Users\Shama\OneDrive\Documents\Side_Projects\Side_Projects\IAPrecinctMap\data\2000\20001107__ia__general__precinct.csv,26467
WAPELLO,RICHLAND,WAPELLO - RICHLAND/KIRKVILLE,election_geometry_prefix,0.98,C:\Users\Shama\OneDrive\Documents\Side_Projects\Side_Projects\IAPrecinctMap\data\2000\20001107__ia__general__precinct.csv,26482
WAPELLO,WASHINGTON,WAPELLO - WASHINGTON/ELDON,election_geometry_prefix,0.98,C:\Users\Shama\OneDrive\Documents\Side_Projects\Side_Projects\IAPrecinctMap\data\2000\20001107__ia__general__precinct.csv,26497
WARREN,ABSENTEE & SPECIAL BALLOTS,,election_geometry_ambiguous,0.36363636363636365,C:\Users\Shama\OneDrive\Documents\Side_Projects\Side_Projects\IAPrecinctMap\data\2000\20001107__ia__general__precinct.csv,26515
WARREN,ALLEN 1,,election_geometry_ambiguous,0.8571428571428571,C:\Users\Shama\OneDrive\Documents\Side_Projects\Side_Projects\IAPrecinctMap\data\2000\20001107__ia__general__precinct.csv,26525
WARREN,ALLEN 2,WARREN - ALLEN 2,election_geometry_exact,1.0,C:\Users\Shama\OneDrive\Documents\Side_Projects\Side_Projects\IAPrecinctMap\data\2000\20001107__ia__general__precinct.csv,26538
WARREN,BELMONT,WARREN - BELMONT TWP,election_geometry_prefix,0.98,C:\Users\Shama\OneDrive\Documents\Side_Projects\Side_Projects\IAPrecinctMap\data\2000\20001107__ia__general__precinct.csv,26550
WARREN,GREENFIELD 1,,election_geometry_ambiguous,0.8571428571428571,C:\Users\Shama\OneDrive\Documents\Side_Projects\Side_Projects\IAPrecinctMap\data\2000\20001107__ia__general__precinct.csv,26563
WARREN,GREENFIELD 2,WARREN - GREENFIELD 2/LINCOLN 2,election_geometry_prefix,0.98,C:\Users\Shama\OneDrive\Documents\Side_Projects\Side_Projects\IAPrecinctMap\data\2000\20001107__ia__general__precinct.csv,26575
WARREN,GREENFIELD 3,,election_geometry_ambiguous,0.7857142857142857,C:\Users\Shama\OneDrive\Documents\Side_Projects\Side_Projects\IAPrecinctMap\data\2000\20001107__ia__general__precinct.csv,26587
WARREN,JACKSON,WARREN - JACKSON,election_geometry_exact,1.0,C:\Users\Shama\OneDrive\Documents\Side_Projects\Side_Projects\IAPrecinctMap\data\2000\20001107__ia__general__precinct.csv,26600
WARREN,JEFFERSON,WARREN - JEFFERSON,election_geometry_exact,1.0,C:\Users\Shama\OneDrive\Documents\Side_Projects\Side_Projects\IAPrecinctMap\data\2000\20001107__ia__general__precinct.csv,26613
WARREN,LIBERTY,WARREN - LIBERTY TWP,election_geometry_prefix,0.98,C:\Users\Shama\OneDrive\Documents\Side_Projects\Side_Projects\IAPrecinctMap\data\2000\20001107__ia__general__precinct.csv,26626
WARREN,LINCOLN,WARREN - LINCOLN TWP,election_geometry_prefix,0.98,C:\Users\Shama\OneDrive\Documents\Side_Projects\Side_Projects\IAPrecinctMap\data\2000\20001107__ia__general__precinct.csv,26639
WARREN,LINN,,election_geometry_ambiguous,0.5333333333333333,C:\Users\Shama\OneDrive\Documents\Side_Projects\Side_Projects\IAPrecinctMap\data\2000\20001107__ia__general__precinct.csv,26651
WARREN,NORWALK 1,WARREN - NORWALK 1,election_geometry_exact,1.0,C:\Users\Shama\OneDrive\Documents\Side_Projects\Side_Projects\IAPrecinctMap\data\2000\20001107__ia__general__precinct.csv,26664
WARREN,NORWALK 2,WARREN - NORWALK 2/GREENFIELD,election_geometry_prefix,0.98,C:\Users\Shama\OneDrive\Documents\Side_Projects\Side_Projects\IAPrecinctMap\data\2000\20001107__ia__general__precinct.csv,26677
WARREN,OTTER,WARREN - OTTER/MILO,election_geometry_prefix,0.98,C:\Users\Shama\OneDrive\Documents\Side_Projects\Side_Projects\IAPrecinctMap\data\2000\20001107__ia__general__precinct.csv,26690
WARREN,PALMYRA,WARREN - PALMYRA TWP,election_geometry_prefix,0.98,C:\Users\Shama\OneDrive\Documents\Side_Projects\Side_Projects\IAPrecinctMap\data\2000\20001107__ia__general__precinct.csv,26703
WARREN,RICHLAND,WARREN - RICHLAND/PALMYRA,election_geometry_prefix,0.98,C:\Users\Shama\OneDrive\Documents\Side_Projects\Side_Projects\IAPrecinctMap\data\2000\20001107__ia__general__precinct.csv,26715
WARREN,SQUAW,WARREN - SQUAW CREEK TWP,election_geometry_prefix,0.98,C:\Users\Shama\OneDrive\Documents\Side_Projects\Side_Projects\IAPrecinctMap\data\2000\20001107__ia__general__precinct.csv,26727
WARREN,UNION,WARREN - UNION,election_geometry_exact,1.0,C:\Users\Shama\OneDrive\Documents\Side_Projects\Side_Projects\IAPrecinctMap\data\2000\20001107__ia__general__precinct.csv,26740
WARREN,VIRGINIA,WARREN - VIRGINIA,election_geometry_exact,1.0,C:\Users\Shama\OneDrive\Documents\Side_Projects\Side_Projects\IAPrecinctMap\data\2000\20001107__ia__general__precinct.csv,26753
WARREN,WASHINGTON 1,,election_geometry_ambiguous,0.48,C:\Users\Shama\OneDrive\Documents\Side_Projects\Side_Projects\IAPrecinctMap\data\2000\20001107__ia__general__precinct.csv,26766
WARREN,WASHINGTON 2,,election_geometry_ambiguous,0.48,C:\Users\Shama\OneDrive\Documents\Side_Projects\Side_Projects\IAPrecinctMap\data\2000\20001107__ia__general__precinct.csv,26778
WARREN,WASHINGTON 3,,election_geometry_ambiguous,0.48,C:\Users\Shama\OneDrive\Documents\Side_Projects\Side_Projects\IAPrecinctMap\data\2000\20001107__ia__general__precinct.csv,26791
WARREN,WASHINGTON 4,,election_geometry_ambiguous,0.48,C:\Users\Shama\OneDrive\Documents\Side_Projects\Side_Projects\IAPrecinctMap\data\2000\20001107__ia__general__precinct.csv,26804
WARREN,WHITE BREAST,WARREN - WHITE BREAST,election_geometry_exact,1.0,C:\Users\Shama\OneDrive\Documents\Side_Projects\Side_Projects\IAPrecinctMap\data\2000\20001107__ia__general__precinct.csv,26817
WARREN,WHITE OAK,WARREN - WHITE OAK TWP,election_geometry_prefix,0.98,C:\Users\Shama\OneDrive\Documents\Side_Projects\Side_Projects\IAPrecinctMap\data\2000\20001107__ia__general__precinct.csv,26830
WASHINGTON,ABSENTEE & SPECIAL BALLOTS,,election_geometry_ambiguous,0.35555555555555557,C:\Users\Shama\OneDrive\Documents\Side_Projects\Side_Projects\IAPrecinctMap\data\2000\20001107__ia__general__precinct.csv,26851
WASHINGTON,AINSWORTH,WASHINGTON - AINSWORTH,election_geometry_exact,1.0,C:\Users\Shama\OneDrive\Documents\Side_Projects\Side_Projects\IAPrecinctMap\data\2000\20001107__ia__general__precinct.csv,26861
WASHINGTON,BRIGHTON CITY,,election_geometry_ambiguous,0.5405405405405406,C:\Users\Shama\OneDrive\Documents\Side_Projects\Side_Projects\IAPrecinctMap\data\2000\20001107__ia__general__precinct.csv,26873
WASHINGTON,BRIGHTON TWP,,election_geometry_ambiguous,0.5555555555555556,C:\Users\Shama\OneDrive\Documents\Side_Projects\Side_Projects\IAPrecinctMap\data\2000\20001107__ia__general__precinct.csv,26889
WASHINGTON,CRAWFORDSVILLE,,election_geometry_ambiguous,0.42105263157894735,C:\Users\Shama\OneDrive\Documents\Side_Projects\Side_Projects\IAPrecinctMap\data\2000\20001107__ia__general__precinct.csv,26901
WASHINGTON,HIGHLAND,,election_geometry_ambiguous,0.4,C:\Users\Shama\OneDrive\Documents\Side_Projects\Side_Projects\IAPrecinctMap\data\2000\20001107__ia__general__precinct.csv,26913
WASHINGTON,KALONA,WASHINGTON - KALONA,election_geometry_exact,1.0,C:\Users\Shama\OneDrive\Documents\Side_Projects\Side_Projects\IAPrecinctMap\data\2000\20001107__ia__general__precinct.csv,26929
WASHINGTON,NORTH WEST CHESTER,,election_geometry_ambiguous,0.8,C:\Users\Shama\OneDrive\Documents\Side_Projects\Side_Projects\IAPrecinctMap\data\2000\20001107__ia__general__precinct.csv,26945
WASHINGTON,RIVERSIDE,WASHINGTON - RIVERSIDE,election_geometry_exact,1.0,C:\Users\Shama\OneDrive\Documents\Side_Projects\Side_Projects\IAPrecinctMap\data\2000\20001107__ia__general__precinct.csv,26961
WASHINGTON,SOUTH WEST CHESTER,,election_geometry_ambiguous,0.8,C:\Users\Shama\OneDrive\Documents\Side_Projects\Side_Projects\IAPrecinctMap\data\2000\20001107__ia__general__precinct.csv,26977
WASHINGTON,WASHINGTON 1,,election_geometry_ambiguous,0.8275862068965517,C:\Users\Shama\OneDrive\Documents\Side_Projects\Side_Projects\IAPrecinctMap\data\2000\20001107__ia__general__precinct.csv,26989
WASHINGTON,WASHINGTON 2,,election_geometry_ambiguous,0.8275862068965517,C:\Users\Shama\OneDrive\Documents\Side_Projects\Side_Projects\IAPrecinctMap\data\2000\20001107__ia__general__precinct.csv,27001
WASHINGTON,WASHINGTON 3,,election_geometry_ambiguous,0.8275862068965517,C:\Users\Shama\OneDrive\Documents\Side_Projects\Side_Projects\IAPrecinctMap\data\2000\20001107__ia__general__precinct.csv,27013
WASHINGTON,WASHINGTON 4,,election_geometry_ambiguous,0.8275862068965517,C:\Users\Shama\OneDrive\Documents\Side_Projects\Side_Projects\IAPrecinctMap\data\2000\20001107__ia__general__precinct.csv,27025
WASHINGTON,WELLMAN,WASHINGTON - WELLMAN,election_geometry_exact,1.0,C:\Users\Shama\OneDrive\Documents\Side_Projects\Side_Projects\IAPrecinctMap\data\2000\20001107__ia__general__precinct.csv,27037
WAYNE,ABSENTEE & SPECIAL BALLOTS,,election_geometry_ambiguous,0.27450980392156865,C:\Users\Shama\OneDrive\Documents\Side_Projects\Side_Projects\IAPrecinctMap\data\2000\20001107__ia__general__precinct.csv,27057
WAYNE,BENTON CORYDON,,election_geometry_ambiguous,0.6153846153846154,C:\Users\Shama\OneDrive\Documents\Side_Projects\Side_Projects\IAPrecinctMap\data\2000\20001107__ia__general__precinct.csv,27067
WAYNE,CLINTON JEFFERSON,,election_geometry_ambiguous,0.4,C:\Users\Shama\OneDrive\Documents\Side_Projects\Side_Projects\IAPrecinctMap\data\2000\20001107__ia__general__precinct.csv,27081
WAYNE,CORYDON CORP,,election_geometry_ambiguous,0.5833333333333334,C:\Users\Shama\OneDrive\Documents\Side_Projects\Side_Projects\IAPrecinctMap\data\2000\20001107__ia__general__precinct.csv,27095
WAYNE,GRAND RIVER LINEVILLE,,election_geometry_ambiguous,0.5714285714285714,C:\Users\Shama\OneDrive\Documents\Side_Projects\Side_Projects\IAPrecinctMap\data\2000\20001107__ia__general__precinct.csv,27109
WAYNE,HOWARD JACKSON,,election_geometry_ambiguous,0.38461538461538464,C:\Users\Shama\OneDrive\Documents\Side_Projects\Side_Projects\IAPrecinctMap\data\2000\20001107__ia__general__precinct.csv,27123
WAYNE,RICHMAN CLAY,,election_geometry_ambiguous,0.3333333333333333,C:\Users\Shama\OneDrive\Documents\Side_Projects\Side_Projects\IAPrecinctMap\data\2000\20001107__ia__general__precinct.csv,27137
WAYNE,UNION WASHINGTON,,election_geometry_ambiguous,0.41025641025641024,C:\Users\Shama\OneDrive\Documents\Side_Projects\Side_Projects\IAPrecinctMap\data\2000\20001107__ia__general__precinct.csv,27151
WAYNE,WALNUT MONROE,,election_geometry_ambiguous,0.34146341463414637,C:\Users\Shama\OneDrive\Documents\Side_Projects\Side_Projects\IAPrecinctMap\data\2000\20001107__ia__general__precinct.csv,27165
WAYNE,WARREN,,election_geometry_ambiguous,0.2222222222222222,C:\Users\Shama\OneDrive\Documents\Side_Projects\Side_Projects\IAPrecinctMap\data\2000\20001107__ia__general__precinct.csv,27179
WAYNE,WRIGHT SOUTH FORK,,election_geometry_ambiguous,0.27586206896551724,C:\Users\Shama\OneDrive\Documents\Side_Projects\Side_Projects\IAPrecinctMap\data\2000\20001107__ia__general__precinct.csv,27193
WEBSTER,ABSENTEE & SPECIAL BALLOTS,,election_geometry_ambiguous,0.3333333333333333,C:\Users\Shama\OneDrive\Documents\Side_Projects\Side_Projects\IAPrecinctMap\data\2000\20001107__ia__general__precinct.csv,27213
WEBSTER,BADGER TOWNSHIP,,election_geometry_ambiguous,0.5806451612903226,C:\Users\Shama\OneDrive\Documents\Side_Projects\Side_Projects\IAPrecinctMap\data\2000\20001107__ia__general__precinct.csv,27222
WEBSTER,BURNSIDE TOWNSHIP,,election_geometry_ambiguous,0.5,C:\Users\Shama\OneDrive\Documents\Side_Projects\Side_Projects\IAPrecinctMap\data\2000\20001107__ia__general__precinct.csv,27234
WEBSTER,CLAY ROLAND,WEBSTER - CLAY-ROLAND,election_geometry_exact,1.0,C:\Users\Shama\OneDrive\Documents\Side_Projects\Side_Projects\IAPrecinctMap\data\2000\20001107__ia__general__precinct.csv,27246
WEBSTER,COLFAX,WEBSTER - COLFAX-DUNCOMBE,election_geometry_prefix,0.98,C:\Users\Shama\OneDrive\Documents\Side_Projects\Side_Projects\IAPrecinctMap\data\2000\20001107__ia__general__precinct.csv,27258
WEBSTER,DAYTON HARDIN,,election_geometry_ambiguous,0.6428571428571429,C:\Users\Shama\OneDrive\Documents\Side_Projects\Side_Projects\IAPrecinctMap\data\2000\20001107__ia__general__precinct.csv,27270
WEBSTER,DEER CREEK,WEBSTER - DEER CREEK-JACKSON,election_geometry_prefix,0.98,C:\Users\Shama\OneDrive\Documents\Side_Projects\Side_Projects\IAPrecinctMap\data\2000\20001107__ia__general__precinct.csv,27282
WEBSTER,DOUGLAS,WEBSTER - DOUGLAS,election_geometry_exact,1.0,C:\Users\Shama\OneDrive\Documents\Side_Projects\Side_Projects\IAPrecinctMap\data\2000\20001107__ia__general__precinct.csv,27294
WEBSTER,ELKHORN (HSE 14),WEBSTER - ELKHORN,election_geometry_prefix,0.98,C:\Users\Shama\OneDrive\Documents\Side_Projects\Side_Projects\IAPrecinctMap\data\2000\20001107__ia__general__precinct.csv,27306
WEBSTER,FORT DODGE 1,,election_geometry_ambiguous,0.96,C:\Users\Shama\OneDrive\Documents\Side_Projects\Side_Projects\IAPrecinctMap\data\2000\20001107__ia__general__precinct.csv,27318
WEBSTER,FORT DODGE 10,WEBSTER - FORT DODGE 10,election_geometry_exact,1.0,C:\Users\Shama\OneDrive\Documents\Side_Projects\Side_Projects\IAPrecinctMap\data\2000\20001107__ia__general__precinct.csv,27426
WEBSTER,FORT DODGE 11,WEBSTER - FORT DODGE 11,election_geometry_exact,1.0,C:\Users\Shama\OneDrive\Documents\Side_Projects\Side_Projects\IAPrecinctMap\data\2000\20001107__ia__general__precinct.csv,27438
WEBSTER,FORT DODGE 12,WEBSTER - FORT DODGE 12,election_geometry_exact,1.0,C:\Users\Shama\OneDrive\Documents\Side_Projects\Side_Projects\IAPrecinctMap\data\2000\20001107__ia__general__precinct.csv,27450
WEBSTER,FORT DODGE 2,,election_geometry_ambiguous,0.96,C:\Users\Shama\OneDrive\Documents\Side_Projects\Side_Projects\IAPrecinctMap\data\2000\20001107__ia__general__precinct.csv,27330
WEBSTER,FORT DODGE 3,WEBSTER - FORT DODGE 03,election_geometry_fuzzy,0.96,C:\Users\Shama\OneDrive\Documents\Side_Projects\Side_Projects\IAPrecinctMap\data\2000\20001107__ia__general__precinct.csv,27342
WEBSTER,FORT DODGE 4,WEBSTER - FORT DODGE 04,election_geometry_fuzzy,0.96,C:\Users\Shama\OneDrive\Documents\Side_Projects\Side_Projects\IAPrecinctMap\data\2000\20001107__ia__general__precinct.csv,27354
WEBSTER,FORT DODGE 5,WEBSTER - FORT DODGE 05,election_geometry_fuzzy,0.96,C:\Users\Shama\OneDrive\Documents\Side_Projects\Side_Projects\IAPrecinctMap\data\2000\20001107__ia__general__precinct.csv,27366
WEBSTER,FORT DODGE 6,WEBSTER - FORT DODGE 06,election_geometry_fuzzy,0.96,C:\Users\Shama\OneDrive\Documents\Side_Projects\Side_Projects\IAPrecinctMap\data\2000\20001107__ia__general__precinct.csv,27378
WEBSTER,FORT DODGE 7,WEBSTER - FORT DODGE 07,election_geometry_fuzzy,0.96,C:\Users\Shama\OneDrive\Documents\Side_Projects\Side_Projects\IAPrecinctMap\data\2000\20001107__ia__general__precinct.csv,27390
WEBSTER,FORT DODGE 8,WEBSTER - FORT DODGE 08,election_geometry_fuzzy,0.96,C:\Users\Shama\OneDrive\Documents\Side_Projects\Side_Projects\IAPrecinctMap\data\2000\20001107__ia__general__precinct.csv,27402
WEBSTER,FORT DODGE 9,WEBSTER - FORT DODGE 09,election_geometry_fuzzy,0.96,C:\Users\Shama\OneDrive\Documents\Side_Projects\Side_Projects\IAPrecinctMap\data\2000\20001107__ia__general__precinct.csv,27414
WEBSTER,FULTON,WEBSTER - FULTON,election_geometry_exact,1.0,C:\Users\Shama\OneDrive\Documents\Side_Projects\Side_Projects\IAPrecinctMap\data\2000\20001107__ia__general__precinct.csv,27462
WEBSTER,GOWRIE,WEBSTER - GOWRIE,election_geometry_exact,1.0,C:\Users\Shama\OneDrive\Documents\Side_Projects\Side_Projects\IAPrecinctMap\data\2000\20001107__ia__general__precinct.csv,27474
WEBSTER,JACKSON,,election_geometry_ambiguous,0.5714285714285714,C:\Users\Shama\OneDrive\Documents\Side_Projects\Side_Projects\IAPrecinctMap\data\2000\20001107__ia__general__precinct.csv,27486
WEBSTER,JOHNSON,WEBSTER - JOHNSON,election_geometry_exact,1.0,C:\Users\Shama\OneDrive\Documents\Side_Projects\Side_Projects\IAPrecinctMap\data\2000\20001107__ia__general__precinct.csv,27498
WEBSTER,LOST GROVE,WEBSTER - LOST GROVE,election_geometry_exact,1.0,C:\Users\Shama\OneDrive\Documents\Side_Projects\Side_Projects\IAPrecinctMap\data\2000\20001107__ia__general__precinct.csv,27510
WEBSTER,NEWARK,WEBSTER - NEWARK,election_geometry_exact,1.0,C:\Users\Shama\OneDrive\Documents\Side_Projects\Side_Projects\IAPrecinctMap\data\2000\20001107__ia__general__precinct.csv,27522
WEBSTER,NORTH COOPER,,election_geometry_ambiguous,0.6666666666666666,C:\Users\Shama\OneDrive\Documents\Side_Projects\Side_Projects\IAPrecinctMap\data\2000\20001107__ia__general__precinct.csv,27534
WEBSTER,OTHO,WEBSTER - OTHO-PLEASANT VALLEY,election_geometry_prefix,0.98,C:\Users\Shama\OneDrive\Documents\Side_Projects\Side_Projects\IAPrecinctMap\data\2000\20001107__ia__general__precinct.csv,27546
WEBSTER,PLEASANT VALLEY,,election_geometry_ambiguous,0.8571428571428571,C:\Users\Shama\OneDrive\Documents\Side_Projects\Side_Projects\IAPrecinctMap\data\2000\20001107__ia__general__precinct.csv,27558
WEBSTER,SOUTH COOPER,,election_geometry_ambiguous,0.6666666666666666,C:\Users\Shama\OneDrive\Documents\Side_Projects\Side_Projects\IAPrecinctMap\data\2000\20001107__ia__general__precinct.csv,27570
WEBSTER,WASHINGTON NORTH,WEBSTER - WASHINGTON,election_geometry_prefix,0.98,C:\Users\Shama\OneDrive\Documents\Side_Projects\Side_Projects\IAPrecinctMap\data\2000\20001107__ia__general__precinct.csv,27582
WEBSTER,WASHINGTON SOUTH,WEBSTER - WASHINGTON,election_geometry_prefix,0.98,C:\Users\Shama\OneDrive\Documents\Side_Projects\Side_Projects\IAPrecinctMap\data\2000\20001107__ia__general__precinct.csv,27594
WEBSTER,WEBSTER SUMNER YELL,,election_geometry_ambiguous,0.5333333333333333,C:\Users\Shama\OneDrive\Documents\Side_Projects\Side_Projects\IAPrecinctMap\data\2000\20001107__ia__general__precinct.csv,27606
WINNEBAGO,ABSENTEE & SPECIAL BALLOTS,,election_geometry_ambiguous,0.3111111111111111,C:\Users\Shama\OneDrive\Documents\Side_Projects\Side_Projects\IAPrecinctMap\data\2000\20001107__ia__general__precinct.csv,27623
WINNEBAGO,BUFFALO,WINNEBAGO - BUFFALO GRANT LINCOLN,election_geometry_prefix,0.98,C:\Users\Shama\OneDrive\Documents\Side_Projects\Side_Projects\IAPrecinctMap\data\2000\20001107__ia__general__precinct.csv,27632
WINNEBAGO,CENTER,WINNEBAGO - CENTER,election_geometry_exact,1.0,C:\Users\Shama\OneDrive\Documents\Side_Projects\Side_Projects\IAPrecinctMap\data\2000\20001107__ia__general__precinct.csv,27646
WINNEBAGO,EDEN,WINNEBAGO - EDEN LOGAN NORWAY,election_geometry_prefix,0.98,C:\Users\Shama\OneDrive\Documents\Side_Projects\Side_Projects\IAPrecinctMap\data\2000\20001107__ia__general__precinct.csv,27660
WINNEBAGO,FOREST CITY 1,,election_geometry_ambiguous,0.8387096774193549,C:\Users\Shama\OneDrive\Documents\Side_Projects\Side_Projects\IAPrecinctMap\data\2000\20001107__ia__general__precinct.csv,27674
WINNEBAGO,FOREST CITY 2,,election_geometry_ambiguous,0.8387096774193549,C:\Users\Shama\OneDrive\Documents\Side_Projects\Side_Projects\IAPrecinctMap\data\2000\20001107__ia__general__precinct.csv,27688
WINNEBAGO,FOREST CITY 3,,election_geometry_ambiguous,0.8387096774193549,C:\Users\Shama\OneDrive\Documents\Side_Projects\Side_Projects\IAPrecinctMap\data\2000\20001107__ia__general__precinct.csv,27702
WINNEBAGO,FOREST CITY 4,,election_geometry_ambiguous,0.8387096774193549,C:\Users\Shama\OneDrive\Documents\Side_Projects\Side_Projects\IAPrecinctMap\data\2000\20001107__ia__general__precinct.csv,27716
WINNEBAGO,FOREST LELAND,,election_geometry_ambiguous,0.5806451612903226,C:\Users\Shama\OneDrive\Documents\Side_Projects\Side_Projects\IAPrecinctMap\data\2000\20001107__ia__general__precinct.csv,27730
WINNEBAGO,GRANT,,election_geometry_ambiguous,0.38461538461538464,C:\Users\Shama\OneDrive\Documents\Side_Projects\Side_Projects\IAPrecinctMap\data\2000\20001107__ia__general__precinct.csv,27744
WINNEBAGO,KING,WINNEBAGO - KING LINDEN,election_geometry_prefix,0.98,C:\Users\Shama\OneDrive\Documents\Side_Projects\Side_Projects\IAPrecinctMap\data\2000\20001107__ia__general__precinct.csv,27758
WINNEBAGO,LINCOLN,,election_geometry_ambiguous,0.5,C:\Users\Shama\OneDrive\Documents\Side_Projects\Side_Projects\IAPrecinctMap\data\2000\20001107__ia__general__precinct.csv,27772
WINNEBAGO,LINDEN,,election_geometry_ambiguous,0.7058823529411765,C:\Users\Shama\OneDrive\Documents\Side_Projects\Side_Projects\IAPrecinctMap\data\2000\20001107__ia__general__precinct.csv,27786
WINNEBAGO,MT VALLEY,WINNEBAGO - MT. VALLEY,election_geometry_exact,1.0,C:\Users\Shama\OneDrive\Documents\Side_Projects\Side_Projects\IAPrecinctMap\data\2000\20001107__ia__general__precinct.csv,27800
WINNEBAGO,NEWTON,WINNEBAGO - NEWTON FOREST,election_geometry_prefix,0.98,C:\Users\Shama\OneDrive\Documents\Side_Projects\Side_Projects\IAPrecinctMap\data\2000\20001107__ia__general__precinct.csv,27814
WINNEBAGO,NORWAY,,election_geometry_ambiguous,0.5217391304347826,C:\Users\Shama\OneDrive\Documents\Side_Projects\Side_Projects\IAPrecinctMap\data\2000\20001107__ia__general__precinct.csv,27828
WINNEBAGO,SCARVILLE LOGAN,,election_geometry_ambiguous,0.4375,C:\Users\Shama\OneDrive\Documents\Side_Projects\Side_Projects\IAPrecinctMap\data\2000\20001107__ia__general__precinct.csv,27842
WINNESHIEK,ABSENTEE & SPECIAL BALLOTS,,election_geometry_ambiguous,0.2702702702702703,C:\Users\Shama\OneDrive\Documents\Side_Projects\Side_Projects\IAPrecinctMap\data\2000\20001107__ia__general__precinct.csv,27864
WINNESHIEK,BLOOMFIELD,,election_geometry_ambiguous,0.3157894736842105,C:\Users\Shama\OneDrive\Documents\Side_Projects\Side_Projects\IAPrecinctMap\data\2000\20001107__ia__general__precinct.csv,27873
WINNESHIEK,BLUFFTON,,election_geometry_ambiguous,0.3448275862068966,C:\Users\Shama\OneDrive\Documents\Side_Projects\Side_Projects\IAPrecinctMap\data\2000\20001107__ia__general__precinct.csv,27887
WINNESHIEK,BURR OAK,,election_geometry_ambiguous,0.3157894736842105,C:\Users\Shama\OneDrive\Documents\Side_Projects\Side_Projects\IAPrecinctMap\data\2000\20001107__ia__general__precinct.csv,27899
WINNESHIEK,CALMAR,,election_geometry_ambiguous,0.2962962962962963,C:\Users\Shama\OneDrive\Documents\Side_Projects\Side_Projects\IAPrecinctMap\data\2000\20001107__ia__general__precinct.csv,27911
WINNESHIEK,CANOE,,election_geometry_ambiguous,0.3076923076923077,C:\Users\Shama\OneDrive\Documents\Side_Projects\Side_Projects\IAPrecinctMap\data\2000\20001107__ia__general__precinct.csv,27923
WINNESHIEK,DECORAH 1,,election_geometry_ambiguous,0.35294117647058826,C:\Users\Shama\OneDrive\Documents\Side_Projects\Side_Projects\IAPrecinctMap\data\2000\20001107__ia__general__precinct.csv,27937
WINNESHIEK,DECORAH 2A,,election_geometry_ambiguous,0.35294117647058826,C:\Users\Shama\OneDrive\Documents\Side_Projects\Side_Projects\IAPrecinctMap\data\2000\20001107__ia__general__precinct.csv,27951
WINNESHIEK,DECORAH 2B,,election_geometry_ambiguous,0.35294117647058826,C:\Users\Shama\OneDrive\Documents\Side_Projects\Side_Projects\IAPrecinctMap\data\2000\20001107__ia__general__precinct.csv,27965
WINNESHIEK,DECORAH 3,,election_geometry_ambiguous,0.35294117647058826,C:\Users\Shama\OneDrive\Documents\Side_Projects\Side_Projects\IAPrecinctMap\data\2000\20001107__ia__general__precinct.csv,27979
WINNESHIEK,DECORAH 4,,election_geometry_ambiguous,0.35294117647058826,C:\Users\Shama\OneDrive\Documents\Side_Projects\Side_Projects\IAPrecinctMap\data\2000\20001107__ia__general__precinct.csv,27993
WINNESHIEK,DECORAH 5,,election_geometry_ambiguous,0.375,C:\Users\Shama\OneDrive\Documents\Side_Projects\Side_Projects\IAPrecinctMap\data\2000\20001107__ia__general__precinct.csv,28007
WINNESHIEK,DECORAH TWP,,election_geometry_ambiguous,0.42105263157894735,C:\Users\Shama\OneDrive\Documents\Side_Projects\Side_Projects\IAPrecinctMap\data\2000\20001107__ia__general__precinct.csv,28021
WINNESHIEK,FRANKVILLE,,election_geometry_ambiguous,0.25806451612903225,C:\Users\Shama\OneDrive\Documents\Side_Projects\Side_Projects\IAPrecinctMap\data\2000\20001107__ia__general__precinct.csv,28035
WINNESHIEK,FREMONT,,election_geometry_ambiguous,0.2857142857142857,C:\Users\Shama\OneDrive\Documents\Side_Projects\Side_Projects\IAPrecinctMap\data\2000\20001107__ia__general__precinct.csv,28049
WINNESHIEK,GLENWOOD,,election_geometry_ambiguous,0.3448275862068966,C:\Users\Shama\OneDrive\Documents\Side_Projects\Side_Projects\IAPrecinctMap\data\2000\20001107__ia__general__precinct.csv,28061
WINNESHIEK,HESPER,,election_geometry_ambiguous,0.375,C:\Users\Shama\OneDrive\Documents\Side_Projects\Side_Projects\IAPrecinctMap\data\2000\20001107__ia__general__precinct.csv,28075
WINNESHIEK,HIGHLAND,,election_geometry_ambiguous,0.3157894736842105,C:\Users\Shama\OneDrive\Documents\Side_Projects\Side_Projects\IAPrecinctMap\data\2000\20001107__ia__general__precinct.csv,28089
WINNESHIEK,JACKSON,,election_geometry_ambiguous,0.3333333333333333,C:\Users\Shama\OneDrive\Documents\Side_Projects\Side_Projects\IAPrecinctMap\data\2000\20001107__ia__general__precinct.csv,28103
WINNESHIEK,LINCOLN,,election_geometry_ambiguous,0.21428571428571427,C:\Users\Shama\OneDrive\Documents\Side_Projects\Side_Projects\IAPrecinctMap\data\2000\20001107__ia__general__precinct.csv,28115
WINNESHIEK,MADISON,,election_geometry_ambiguous,0.26666666666666666,C:\Users\Shama\OneDrive\Documents\Side_Projects\Side_Projects\IAPrecinctMap\data\2000\20001107__ia__general__precinct.csv,28127
WINNESHIEK,MILITARY 2,,election_geometry_ambiguous,0.3157894736842105,C:\Users\Shama\OneDrive\Documents\Side_Projects\Side_Projects\IAPrecinctMap\data\2000\20001107__ia__general__precinct.csv,28139
WINNESHIEK,MILITARY 3,,election_geometry_ambiguous,0.3157894736842105,C:\Users\Shama\OneDrive\Documents\Side_Projects\Side_Projects\IAPrecinctMap\data\2000\20001107__ia__general__precinct.csv,28153
WINNESHIEK,ORLEANS,,election_geometry_ambiguous,0.2857142857142857,C:\Users\Shama\OneDrive\Documents\Side_Projects\Side_Projects\IAPrecinctMap\data\2000\20001107__ia__general__precinct.csv,28167
WINNESHIEK,PLEASANT,,election_geometry_ambiguous,0.3157894736842105,C:\Users\Shama\OneDrive\Documents\Side_Projects\Side_Projects\IAPrecinctMap\data\2000\20001107__ia__general__precinct.csv,28179
WINNESHIEK,SPRINGFIELD,,election_geometry_ambiguous,0.21052631578947367,C:\Users\Shama\OneDrive\Documents\Side_Projects\Side_Projects\IAPrecinctMap\data\2000\20001107__ia__general__precinct.csv,28193
WINNESHIEK,SUMNER,,election_geometry_ambiguous,0.25,C:\Users\Shama\OneDrive\Documents\Side_Projects\Side_Projects\IAPrecinctMap\data\2000\20001107__ia__general__precinct.csv,28207
WINNESHIEK,WASHINGTON,,election_geometry_ambiguous,0.2222222222222222,C:\Users\Shama\OneDrive\Documents\Side_Projects\Side_Projects\IAPrecinctMap\data\2000\20001107__ia__general__precinct.csv,28219
WOODBURY,ABSENTEE & SPECIAL BALLOTS,,election_geometry_ambiguous,0.33962264150943394,C:\Users\Shama\OneDrive\Documents\Side_Projects\Side_Projects\IAPrecinctMap\data\2000\20001107__ia__general__precinct.csv,28253
WOODBURY,ARLINGTON,,election_geometry_ambiguous,0.45,C:\Users\Shama\OneDrive\Documents\Side_Projects\Side_Projects\IAPrecinctMap\data\2000\20001107__ia__general__precinct.csv,28262
WOODBURY,BANNER CONCORD,,election_geometry_ambiguous,0.42105263157894735,C:\Users\Shama\OneDrive\Documents\Side_Projects\Side_Projects\IAPrecinctMap\data\2000\20001107__ia__general__precinct.csv,28275
WOODBURY,FLOYD,,election_geometry_ambiguous,0.35714285714285715,C:\Users\Shama\OneDrive\Documents\Side_Projects\Side_Projects\IAPrecinctMap\data\2000\20001107__ia__general__precinct.csv,28288
WOODBURY,GRANGE LIBERTY LAKEPORT,,election_geometry_ambiguous,0.75,C:\Users\Shama\OneDrive\Documents\Side_Projects\Side_Projects\IAPrecinctMap\data\2000\20001107__ia__general__precinct.csv,28301
WOODBURY,GRANT MOVILLE WEST FORK,,election_geometry_ambiguous,0.5454545454545454,C:\Users\Shama\OneDrive\Documents\Side_Projects\Side_Projects\IAPrecinctMap\data\2000\20001107__ia__general__precinct.csv,28315
WOODBURY,KEDRON ROCK 2 UNION,,election_geometry_ambiguous,0.48,C:\Users\Shama\OneDrive\Documents\Side_Projects\Side_Projects\IAPrecinctMap\data\2000\20001107__ia__general__precinct.csv,28329
WOODBURY,LISTON MORGAN,,election_geometry_ambiguous,0.7027027027027027,C:\Users\Shama\OneDrive\Documents\Side_Projects\Side_Projects\IAPrecinctMap\data\2000\20001107__ia__general__precinct.csv,28343
WOODBURY,LITTLE SIOUX,,election_geometry_ambiguous,0.6486486486486487,C:\Users\Shama\OneDrive\Documents\Side_Projects\Side_Projects\IAPrecinctMap\data\2000\20001107__ia__general__precinct.csv,28357
WOODBURY,MILLER WOLF CREEK,,election_geometry_ambiguous,0.7083333333333334,C:\Users\Shama\OneDrive\Documents\Side_Projects\Side_Projects\IAPrecinctMap\data\2000\20001107__ia__general__precinct.csv,28371
WOODBURY,OTO,,election_geometry_ambiguous,0.2857142857142857,C:\Users\Shama\OneDrive\Documents\Side_Projects\Side_Projects\IAPrecinctMap\data\2000\20001107__ia__general__precinct.csv,28385
WOODBURY,ROCK 1,,election_geometry_ambiguous,0.42105263157894735,C:\Users\Shama\OneDrive\Documents\Side_Projects\Side_Projects\IAPrecinctMap\data\2000\20001107__ia__general__precinct.csv,28399
WOODBURY,RUTLAND,,election_geometry_ambiguous,0.56,C:\Users\Shama\OneDrive\Documents\Side_Projects\Side_Projects\IAPrecinctMap\data\2000\20001107__ia__general__precinct.csv,28413
WOODBURY,SERGEANT BLUFF CITY,,election_geometry_ambiguous,0.7804878048780488,C:\Users\Shama\OneDrive\Documents\Side_Projects\Side_Projects\IAPrecinctMap\data\2000\20001107__ia__general__precinct.csv,28427
WOODBURY,SIOUX CITY 1,,election_geometry_ambiguous,0.96,C:\Users\Shama\OneDrive\Documents\Side_Projects\Side_Projects\IAPrecinctMap\data\2000\20001107__ia__general__precinct.csv,28441
WOODBURY,SIOUX CITY 10,WOODBURY - SIOUX CITY 10,election_geometry_exact,1.0,C:\Users\Shama\OneDrive\Documents\Side_Projects\Side_Projects\IAPrecinctMap\data\2000\20001107__ia__general__precinct.csv,28549
WOODBURY,SIOUX CITY 11,WOODBURY - SIOUX CITY 11,election_geometry_exact,1.0,C:\Users\Shama\OneDrive\Documents\Side_Projects\Side_Projects\IAPrecinctMap\data\2000\20001107__ia__general__precinct.csv,28561
WOODBURY,SIOUX CITY 12,WOODBURY - SIOUX CITY 12,election_geometry_exact,1.0,C:\Users\Shama\OneDrive\Documents\Side_Projects\Side_Projects\IAPrecinctMap\data\2000\20001107__ia__general__precinct.csv,28573
WOODBURY,SIOUX CITY 13,WOODBURY - SIOUX CITY 13,election_geometry_exact,1.0,C:\Users\Shama\OneDrive\Documents\Side_Projects\Side_Projects\IAPrecinctMap\data\2000\20001107__ia__general__precinct.csv,28585
WOODBURY,SIOUX CITY 14,WOODBURY - SIOUX CITY 14,election_geometry_exact,1.0,C:\Users\Shama\OneDrive\Documents\Side_Projects\Side_Projects\IAPrecinctMap\data\2000\20001107__ia__general__precinct.csv,28597
WOODBURY,SIOUX CITY 15,WOODBURY - SIOUX CITY 15,election_geometry_exact,1.0,C:\Users\Shama\OneDrive\Documents\Side_Projects\Side_Projects\IAPrecinctMap\data\2000\20001107__ia__general__precinct.csv,28609
WOODBURY,SIOUX CITY 16,WOODBURY - SIOUX CITY 16,election_geometry_exact,1.0,C:\Users\Shama\OneDrive\Documents\Side_Projects\Side_Projects\IAPrecinctMap\data\2000\20001107__ia__general__precinct.csv,28623
WOODBURY,SIOUX CITY 17,WOODBURY - SIOUX CITY 17,election_geometry_exact,1.0,C:\Users\Shama\OneDrive\Documents\Side_Projects\Side_Projects\IAPrecinctMap\data\2000\20001107__ia__general__precinct.csv,28635
WOODBURY,SIOUX CITY 18,WOODBURY - SIOUX CITY 18,election_geometry_exact,1.0,C:\Users\Shama\OneDrive\Documents\Side_Projects\Side_Projects\IAPrecinctMap\data\2000\20001107__ia__general__precinct.csv,28647
WOODBURY,SIOUX CITY 19,WOODBURY - SIOUX CITY 19,election_geometry_exact,1.0,C:\Users\Shama\OneDrive\Documents\Side_Projects\Side_Projects\IAPrecinctMap\data\2000\20001107__ia__general__precinct.csv,28659
WOODBURY,SIOUX CITY 2,,election_geometry_ambiguous,0.96,C:\Users\Shama\OneDrive\Documents\Side_Projects\Side_Projects\IAPrecinctMap\data\2000\20001107__ia__general__precinct.csv,28453
WOODBURY,SIOUX CITY 20,WOODBURY - SIOUX CITY 20,election_geometry_exact,1.0,C:\Users\Shama\OneDrive\Documents\Side_Projects\Side_Projects\IAPrecinctMap\data\2000\20001107__ia__general__precinct.csv,28671
WOODBURY,SIOUX CITY 21,WOODBURY - SIOUX CITY 21,election_geometry_exact,1.0,C:\Users\Shama\OneDrive\Documents\Side_Projects\Side_Projects\IAPrecinctMap\data\2000\20001107__ia__general__precinct.csv,28683
WOODBURY,SIOUX CITY 22,,election_geometry_ambiguous,0.9230769230769231,C:\Users\Shama\OneDrive\Documents\Side_Projects\Side_Projects\IAPrecinctMap\data\2000\20001107__ia__general__precinct.csv,28695
WOODBURY,SIOUX CITY 23,WOODBURY - SIOUX CITY 23,election_geometry_exact,1.0,C:\Users\Shama\OneDrive\Documents\Side_Projects\Side_Projects\IAPrecinctMap\data\2000\20001107__ia__general__precinct.csv,28709
WOODBURY,SIOUX CITY 24,,election_geometry_ambiguous,0.9230769230769231,C:\Users\Shama\OneDrive\Documents\Side_Projects\Side_Projects\IAPrecinctMap\data\2000\20001107__ia__general__precinct.csv,28723
WOODBURY,SIOUX CITY 25,,election_geometry_ambiguous,0.9230769230769231,C:\Users\Shama\OneDrive\Documents\Side_Projects\Side_Projects\IAPrecinctMap\data\2000\20001107__ia__general__precinct.csv,28736
WOODBURY,SIOUX CITY 26,,election_geometry_ambiguous,0.9230769230769231,C:\Users\Shama\OneDrive\Documents\Side_Projects\Side_Projects\IAPrecinctMap\data\2000\20001107__ia__general__precinct.csv,28750
WOODBURY,SIOUX CITY 27,,election_geometry_ambiguous,0.9230769230769231,C:\Users\Shama\OneDrive\Documents\Side_Projects\Side_Projects\IAPrecinctMap\data\2000\20001107__ia__general__precinct.csv,28764
WOODBURY,SIOUX CITY 28,,election_geometry_ambiguous,0.9230769230769231,C:\Users\Shama\OneDrive\Documents\Side_Projects\Side_Projects\IAPrecinctMap\data\2000\20001107__ia__general__precinct.csv,28778
WOODBURY,SIOUX CITY 29,,election_geometry_ambiguous,0.9230769230769231,C:\Users\Shama\OneDrive\Documents\Side_Projects\Side_Projects\IAPrecinctMap\data\2000\20001107__ia__general__precinct.csv,28792
WOODBURY,SIOUX CITY 3,,election_geometry_ambiguous,0.96,C:\Users\Shama\OneDrive\Documents\Side_Projects\Side_Projects\IAPrecinctMap\data\2000\20001107__ia__general__precinct.csv,28465
WOODBURY,SIOUX CITY 30,,election_geometry_ambiguous,0.9230769230769231,C:\Users\Shama\OneDrive\Documents\Side_Projects\Side_Projects\IAPrecinctMap\data\2000\20001107__ia__general__precinct.csv,28806
WOODBURY,SIOUX CITY 31,,election_geometry_ambiguous,0.9230769230769231,C:\Users\Shama\OneDrive\Documents\Side_Projects\Side_Projects\IAPrecinctMap\data\2000\20001107__ia__general__precinct.csv,28818
WOODBURY,SIOUX CITY 32,,election_geometry_ambiguous,0.9230769230769231,C:\Users\Shama\OneDrive\Documents\Side_Projects\Side_Projects\IAPrecinctMap\data\2000\20001107__ia__general__precinct.csv,28830
WOODBURY,SIOUX CITY 33,,election_geometry_ambiguous,0.9230769230769231,C:\Users\Shama\OneDrive\Documents\Side_Projects\Side_Projects\IAPrecinctMap\data\2000\20001107__ia__general__precinct.csv,28842
WOODBURY,SIOUX CITY 4,,election_geometry_ambiguous,0.96,C:\Users\Shama\OneDrive\Documents\Side_Projects\Side_Projects\IAPrecinctMap\data\2000\20001107__ia__general__precinct.csv,28477
WOODBURY,SIOUX CITY 5,,election_geometry_ambiguous,0.96,C:\Users\Shama\OneDrive\Documents\Side_Projects\Side_Projects\IAPrecinctMap\data\2000\20001107__ia__general__precinct.csv,28489
WOODBURY,SIOUX CITY 6,,election_geometry_ambiguous,0.96,C:\Users\Shama\OneDrive\Documents\Side_Projects\Side_Projects\IAPrecinctMap\data\2000\20001107__ia__general__precinct.csv,28501
WOODBURY,SIOUX CITY 7,,election_geometry_ambiguous,0.96,C:\Users\Shama\OneDrive\Documents\Side_Projects\Side_Projects\IAPrecinctMap\data\2000\20001107__ia__general__precinct.csv,28513
WOODBURY,SIOUX CITY 8,,election_geometry_ambiguous,0.96,C:\Users\Shama\OneDrive\Documents\Side_Projects\Side_Projects\IAPrecinctMap\data\2000\20001107__ia__general__precinct.csv,28525
WOODBURY,SIOUX CITY 9,,election_geometry_ambiguous,0.96,C:\Users\Shama\OneDrive\Documents\Side_Projects\Side_Projects\IAPrecinctMap\data\2000\20001107__ia__general__precinct.csv,28537
WOODBURY,SLOAN,,election_geometry_ambiguous,0.7692307692307693,C:\Users\Shama\OneDrive\Documents\Side_Projects\Side_Projects\IAPrecinctMap\data\2000\20001107__ia__general__precinct.csv,28854
WOODBURY,WILLOW,,election_geometry_ambiguous,0.5217391304347826,C:\Users\Shama\OneDrive\Documents\Side_Projects\Side_Projects\IAPrecinctMap\data\2000\20001107__ia__general__precinct.csv,28868
WOODBURY,WOODBURY,,election_geometry_ambiguous,0.8421052631578947,C:\Users\Shama\OneDrive\Documents\Side_Projects\Side_Projects\IAPrecinctMap\data\2000\20001107__ia__general__precinct.csv,28882
WORTH,ABSENTEE & SPECIAL BALLOTS,,election_geometry_ambiguous,0.2857142857142857,C:\Users\Shama\OneDrive\Documents\Side_Projects\Side_Projects\IAPrecinctMap\data\2000\20001107__ia__general__precinct.csv,28902
WORTH,WORTH 1-1,,election_geometry_ambiguous,0.25,C:\Users\Shama\OneDrive\Documents\Side_Projects\Side_Projects\IAPrecinctMap\data\2000\20001107__ia__general__precinct.csv,28911
WORTH,WORTH 1-2,,election_geometry_ambiguous,0.25,C:\Users\Shama\OneDrive\Documents\Side_Projects\Side_Projects\IAPrecinctMap\data\2000\20001107__ia__general__precinct.csv,28926
WORTH,WORTH 2-1,,election_geometry_ambiguous,0.25,C:\Users\Shama\OneDrive\Documents\Side_Projects\Side_Projects\IAPrecinctMap\data\2000\20001107__ia__general__precinct.csv,28941
WORTH,WORTH 2-2,,election_geometry_ambiguous,0.25,C:\Users\Shama\OneDrive\Documents\Side_Projects\Side_Projects\IAPrecinctMap\data\2000\20001107__ia__general__precinct.csv,28956
WORTH,WORTH 2-3,,election_geometry_ambiguous,0.25,C:\Users\Shama\OneDrive\Documents\Side_Projects\Side_Projects\IAPrecinctMap\data\2000\20001107__ia__general__precinct.csv,28971
WORTH,WORTH 2-4,,election_geometry_ambiguous,0.25,C:\Users\Shama\OneDrive\Documents\Side_Projects\Side_Projects\IAPrecinctMap\data\2000\20001107__ia__general__precinct.csv,28986
WORTH,WORTH 2-5,,election_geometry_ambiguous,0.25,C:\Users\Shama\OneDrive\Documents\Side_Projects\Side_Projects\IAPrecinctMap\data\2000\20001107__ia__general__precinct.csv,29001
WORTH,WORTH 2-6,,election_geometry_ambiguous,0.25,C:\Users\Shama\OneDrive\Documents\Side_Projects\Side_Projects\IAPrecinctMap\data\2000\20001107__ia__general__precinct.csv,29016
WORTH,WORTH 3-1,,election_geometry_ambiguous,0.25,C:\Users\Shama\OneDrive\Documents\Side_Projects\Side_Projects\IAPrecinctMap\data\2000\20001107__ia__general__precinct.csv,29031
WORTH,WORTH 3-2,,election_geometry_ambiguous,0.25,C:\Users\Shama\OneDrive\Documents\Side_Projects\Side_Projects\IAPrecinctMap\data\2000\20001107__ia__general__precinct.csv,29046
WORTH,WORTH 3-3,,election_geometry_ambiguous,0.25,C:\Users\Shama\OneDrive\Documents\Side_Projects\Side_Projects\IAPrecinctMap\data\2000\20001107__ia__general__precinct.csv,29061
WRIGHT,ABSENTEE & SPECIAL BALLOTS,,election_geometry_ambiguous,0.26666666666666666,C:\Users\Shama\OneDrive\Documents\Side_Projects\Side_Projects\IAPrecinctMap\data\2000\20001107__ia__general__precinct.csv,29084
WRIGHT,BELMOND 1-BELMOND,WRIGHT - BELMOND,election_geometry_prefix,0.98,C:\Users\Shama\OneDrive\Documents\Side_Projects\Side_Projects\IAPrecinctMap\data\2000\20001107__ia__general__precinct.csv,29093
WRIGHT,BELMOND 2,WRIGHT - BELMOND,election_geometry_prefix,0.98,C:\Users\Shama\OneDrive\Documents\Side_Projects\Side_Projects\IAPrecinctMap\data\2000\20001107__ia__general__precinct.csv,29106
WRIGHT,BELMOND 3,WRIGHT - BELMOND,election_geometry_prefix,0.98,C:\Users\Shama\OneDrive\Documents\Side_Projects\Side_Projects\IAPrecinctMap\data\2000\20001107__ia__general__precinct.csv,29119
WRIGHT,BLAINE VERNON,,election_geometry_ambiguous,0.5,C:\Users\Shama\OneDrive\Documents\Side_Projects\Side_Projects\IAPrecinctMap\data\2000\20001107__ia__general__precinct.csv,29132
WRIGHT,BOONE NORWAY,,election_geometry_ambiguous,0.3157894736842105,C:\Users\Shama\OneDrive\Documents\Side_Projects\Side_Projects\IAPrecinctMap\data\2000\20001107__ia__general__precinct.csv,29144
WRIGHT,CLARION,WRIGHT - CLARION,election_geometry_exact,1.0,C:\Users\Shama\OneDrive\Documents\Side_Projects\Side_Projects\IAPrecinctMap\data\2000\20001107__ia__general__precinct.csv,29157
WRIGHT,DAYTON LAKE,,election_geometry_ambiguous,0.3333333333333333,C:\Users\Shama\OneDrive\Documents\Side_Projects\Side_Projects\IAPrecinctMap\data\2000\20001107__ia__general__precinct.csv,29169
WRIGHT,EAGLE GROVE 1,WRIGHT - EAGLE GROVE #1,election_geometry_exact,1.0,C:\Users\Shama\OneDrive\Documents\Side_Projects\Side_Projects\IAPrecinctMap\data\2000\20001107__ia__general__precinct.csv,29181
WRIGHT,EAGLE GROVE 2,WRIGHT - EAGLE GROVE #2,election_geometry_exact,1.0,C:\Users\Shama\OneDrive\Documents\Side_Projects\Side_Projects\IAPrecinctMap\data\2000\20001107__ia__general__precinct.csv,29193
WRIGHT,EAGLE GROVE 3,WRIGHT - EAGLE GROVE #3,election_geometry_exact,1.0,C:\Users\Shama\OneDrive\Documents\Side_Projects\Side_Projects\IAPrecinctMap\data\2000\20001107__ia__general__precinct.csv,29205
WRIGHT,EAGLE GROVE 4,WRIGHT - EAGLE GROVE #4,election_geometry_exact,1.0,C:\Users\Shama\OneDrive\Documents\Side_Projects\Side_Projects\IAPrecinctMap\data\2000\20001107__ia__general__precinct.csv,29217
WRIGHT,EAGLE GROVE TROY,,election_geometry_ambiguous,0.8275862068965517,C:\Users\Shama\OneDrive\Documents\Side_Projects\Side_Projects\IAPrecinctMap\data\2000\20001107__ia__general__precinct.csv,29229
WRIGHT,GRANT,,election_geometry_ambiguous,0.3333333333333333,C:\Users\Shama\OneDrive\Documents\Side_Projects\Side_Projects\IAPrecinctMap\data\2000\20001107__ia__general__precinct.csv,29241
WRIGHT,IOWA,,election_geometry_ambiguous,0.5,C:\Users\Shama\OneDrive\Documents\Side_Projects\Side_Projects\IAPrecinctMap\data\2000\20001107__ia__general__precinct.csv,29253
WRIGHT,LIBERTY,,election_geometry_ambiguous,0.375,C:\Users\Shama\OneDrive\Documents\Side_Projects\Side_Projects\IAPrecinctMap\data\2000\20001107__ia__general__precinct.csv,29265
WRIGHT,LINCOLN WALL LAKE,,election_geometry_ambiguous,0.29411764705882354,C:\Users\Shama\OneDrive\Documents\Side_Projects\Side_Projects\IAPrecinctMap\data\2000\20001107__ia__general__precinct.csv,29277
WRIGHT,PLEASANT,,election_geometry_ambiguous,0.4,C:\Users\Shama\OneDrive\Documents\Side_Projects\Side_Projects\IAPrecinctMap\data\2000\20001107__ia__general__precinct.csv,29289
WRIGHT,WOOLSTOCK,,election_geometry_ambiguous,0.3076923076923077,C:\Users\Shama\OneDrive\Documents\Side_Projects\Side_Projects\IAPrecinctMap\data\2000\20001107__ia__general__precinct.csv,29301
