year,county,office,district,candidate,party,votes
2008,ADAIR,PRESIDENT VICE PRESIDENT,,BARACK OBAMA JOE BIDEN,DEMOCRAT,1924.000000
2008,ADAIR,PRESIDENT VICE PRESIDENT,,BOB BARR WAYNE A ROOT,LIBERTARIAN,10.000000
2008,ADAIR,PRESIDENT VICE PRESIDENT,,BRIAN MOORE STEWART A ALEXANDER,SOCIALIST PARTY USA,0.000000
2008,ADAIR,PRESIDENT VICE PRESIDENT,,CHUCK BALDWIN DARRELL L CASTLE,CONSTITUTION PARTY,11.000000
2008,ADAIR,PRESIDENT VICE PRESIDENT,,CYNTHIA MCKINNEY ROSA CLEMENTE,GREEN PARTY,4.000000
2008,ADAIR,PRESIDENT VICE PRESIDENT,,GLORIA LA RIVA ROBERT MOSES,PARTY FOR SOCIALISM AND LIBERATION,0.000000
2008,ADAIR,PRESIDENT VICE PRESIDENT,,JAMES HARRIS ALYSON KENNEDY,SOCIALIST WORKERS PARTY,0.000000
2008,ADAIR,PRESIDENT VICE PRESIDENT,,JOHN MCCAIN SARAH PALIN,REPUBLICAN,2060.000000
2008,ADAIR,PRESIDENT VICE PRESIDENT,,RALPH NADER MATT GONZALEZ,PEACE AND FREEDOM,31.000000
2008,ADAIR,PRESIDENT VICE PRESIDENT,,SCATTERING,,13.000000
2008,ADAIR,U S SENATE,,CHRISTOPHER REED,REPUBLICAN,1648.000000
2008,ADAIR,U S SENATE,,SCATTERING,,4.000000
2008,ADAIR,U S SENATE,,TOM HARKIN,DEMOCRAT,2367.000000
2008,ADAMS,PRESIDENT VICE PRESIDENT,,BARACK OBAMA JOE BIDEN,DEMOCRAT,1118.000000
2008,ADAMS,PRESIDENT VICE PRESIDENT,,BOB BARR WAYNE A ROOT,LIBERTARIAN,6.000000
2008,ADAMS,PRESIDENT VICE PRESIDENT,,BRIAN MOORE STEWART A ALEXANDER,SOCIALIST PARTY USA,0.000000
2008,ADAMS,PRESIDENT VICE PRESIDENT,,CHUCK BALDWIN DARRELL L CASTLE,CONSTITUTION PARTY,7.000000
2008,ADAMS,PRESIDENT VICE PRESIDENT,,CYNTHIA MCKINNEY ROSA CLEMENTE,GREEN PARTY,4.000000
2008,ADAMS,PRESIDENT VICE PRESIDENT,,GLORIA LA RIVA ROBERT MOSES,PARTY FOR SOCIALISM AND LIBERATION,0.000000
2008,ADAMS,PRESIDENT VICE PRESIDENT,,JAMES HARRIS ALYSON KENNEDY,SOCIALIST WORKERS PARTY,5.000000
2008,ADAMS,PRESIDENT VICE PRESIDENT,,JOHN MCCAIN SARAH PALIN,REPUBLICAN,1046.000000
2008,ADAMS,PRESIDENT VICE PRESIDENT,,RALPH NADER MATT GONZALEZ,PEACE AND FREEDOM,13.000000
2008,ADAMS,PRESIDENT VICE PRESIDENT,,SCATTERING,,7.000000
2008,ADAMS,U S SENATE,,CHRISTOPHER REED,REPUBLICAN,885.000000
2008,ADAMS,U S SENATE,,SCATTERING,,0.000000
2008,ADAMS,U S SENATE,,TOM HARKIN,DEMOCRAT,1288.000000
2008,ALLAMAKEE,PRESIDENT VICE PRESIDENT,,BARACK OBAMA JOE BIDEN,DEMOCRAT,3971.000000
2008,ALLAMAKEE,PRESIDENT VICE PRESIDENT,,BOB BARR WAYNE A ROOT,LIBERTARIAN,20.000000
2008,ALLAMAKEE,PRESIDENT VICE PRESIDENT,,BRIAN MOORE STEWART A ALEXANDER,SOCIALIST PARTY USA,2.000000
2008,ALLAMAKEE,PRESIDENT VICE PRESIDENT,,CHUCK BALDWIN DARRELL L CASTLE,CONSTITUTION PARTY,17.000000
2008,ALLAMAKEE,PRESIDENT VICE PRESIDENT,,CYNTHIA MCKINNEY ROSA CLEMENTE,GREEN PARTY,9.000000
2008,ALLAMAKEE,PRESIDENT VICE PRESIDENT,,GLORIA LA RIVA ROBERT MOSES,PARTY FOR SOCIALISM AND LIBERATION,1.000000
2008,ALLAMAKEE,PRESIDENT VICE PRESIDENT,,JAMES HARRIS ALYSON KENNEDY,SOCIALIST WORKERS PARTY,3.000000
2008,ALLAMAKEE,PRESIDENT VICE PRESIDENT,,JOHN MCCAIN SARAH PALIN,REPUBLICAN,2965.000000
2008,ALLAMAKEE,PRESIDENT VICE PRESIDENT,,RALPH NADER MATT GONZALEZ,PEACE AND FREEDOM,42.000000
2008,ALLAMAKEE,PRESIDENT VICE PRESIDENT,,SCATTERING,,32.000000
2008,ALLAMAKEE,U S SENATE,,CHRISTOPHER REED,REPUBLICAN,2453.000000
2008,ALLAMAKEE,U S SENATE,,SCATTERING,,4.000000
2008,ALLAMAKEE,U S SENATE,,TOM HARKIN,DEMOCRAT,4429.000000
2008,APPANOOSE,PRESIDENT VICE PRESIDENT,,BARACK OBAMA JOE BIDEN,DEMOCRAT,2970.000000
2008,APPANOOSE,PRESIDENT VICE PRESIDENT,,BOB BARR WAYNE A ROOT,LIBERTARIAN,27.000000
2008,APPANOOSE,PRESIDENT VICE PRESIDENT,,BRIAN MOORE STEWART A ALEXANDER,SOCIALIST PARTY USA,3.000000
2008,APPANOOSE,PRESIDENT VICE PRESIDENT,,CHUCK BALDWIN DARRELL L CASTLE,CONSTITUTION PARTY,28.000000
2008,APPANOOSE,PRESIDENT VICE PRESIDENT,,CYNTHIA MCKINNEY ROSA CLEMENTE,GREEN PARTY,7.000000
2008,APPANOOSE,PRESIDENT VICE PRESIDENT,,GLORIA LA RIVA ROBERT MOSES,PARTY FOR SOCIALISM AND LIBERATION,0.000000
2008,APPANOOSE,PRESIDENT VICE PRESIDENT,,JAMES HARRIS ALYSON KENNEDY,SOCIALIST WORKERS PARTY,1.000000
2008,APPANOOSE,PRESIDENT VICE PRESIDENT,,JOHN MCCAIN SARAH PALIN,REPUBLICAN,3086.000000
2008,APPANOOSE,PRESIDENT VICE PRESIDENT,,RALPH NADER MATT GONZALEZ,PEACE AND FREEDOM,36.000000
2008,APPANOOSE,PRESIDENT VICE PRESIDENT,,SCATTERING,,21.000000
2008,APPANOOSE,U S SENATE,,CHRISTOPHER REED,REPUBLICAN,2524.000000
2008,APPANOOSE,U S SENATE,,SCATTERING,,5.000000
2008,APPANOOSE,U S SENATE,,TOM HARKIN,DEMOCRAT,3541.000000
2008,AUDUBON,PRESIDENT VICE PRESIDENT,,BARACK OBAMA JOE BIDEN,DEMOCRAT,1739.000000
2008,AUDUBON,PRESIDENT VICE PRESIDENT,,BOB BARR WAYNE A ROOT,LIBERTARIAN,6.000000
2008,AUDUBON,PRESIDENT VICE PRESIDENT,,BRIAN MOORE STEWART A ALEXANDER,SOCIALIST PARTY USA,1.000000
2008,AUDUBON,PRESIDENT VICE PRESIDENT,,CHUCK BALDWIN DARRELL L CASTLE,CONSTITUTION PARTY,15.000000
2008,AUDUBON,PRESIDENT VICE PRESIDENT,,CYNTHIA MCKINNEY ROSA CLEMENTE,GREEN PARTY,2.000000
2008,AUDUBON,PRESIDENT VICE PRESIDENT,,GLORIA LA RIVA ROBERT MOSES,PARTY FOR SOCIALISM AND LIBERATION,0.000000
2008,AUDUBON,PRESIDENT VICE PRESIDENT,,JAMES HARRIS ALYSON KENNEDY,SOCIALIST WORKERS PARTY,4.000000
2008,AUDUBON,PRESIDENT VICE PRESIDENT,,JOHN MCCAIN SARAH PALIN,REPUBLICAN,1634.000000
2008,AUDUBON,PRESIDENT VICE PRESIDENT,,RALPH NADER MATT GONZALEZ,PEACE AND FREEDOM,17.000000
2008,AUDUBON,PRESIDENT VICE PRESIDENT,,SCATTERING,,18.000000
2008,AUDUBON,U S SENATE,,CHRISTOPHER REED,REPUBLICAN,1406.000000
2008,AUDUBON,U S SENATE,,SCATTERING,,1.000000
2008,AUDUBON,U S SENATE,,TOM HARKIN,DEMOCRAT,1958.000000
2008,BENTON,PRESIDENT VICE PRESIDENT,,BARACK OBAMA JOE BIDEN,DEMOCRAT,7058.000000
2008,BENTON,PRESIDENT VICE PRESIDENT,,BOB BARR WAYNE A ROOT,LIBERTARIAN,26.000000
2008,BENTON,PRESIDENT VICE PRESIDENT,,BRIAN MOORE STEWART A ALEXANDER,SOCIALIST PARTY USA,1.000000
2008,BENTON,PRESIDENT VICE PRESIDENT,,CHUCK BALDWIN DARRELL L CASTLE,CONSTITUTION PARTY,35.000000
2008,BENTON,PRESIDENT VICE PRESIDENT,,CYNTHIA MCKINNEY ROSA CLEMENTE,GREEN PARTY,15.000000
2008,BENTON,PRESIDENT VICE PRESIDENT,,GLORIA LA RIVA ROBERT MOSES,PARTY FOR SOCIALISM AND LIBERATION,4.000000
2008,BENTON,PRESIDENT VICE PRESIDENT,,JAMES HARRIS ALYSON KENNEDY,SOCIALIST WORKERS PARTY,8.000000
2008,BENTON,PRESIDENT VICE PRESIDENT,,JOHN MCCAIN SARAH PALIN,REPUBLICAN,6447.000000
2008,BENTON,PRESIDENT VICE PRESIDENT,,RALPH NADER MATT GONZALEZ,PEACE AND FREEDOM,72.000000
2008,BENTON,PRESIDENT VICE PRESIDENT,,SCATTERING,,51.000000
2008,BENTON,U S SENATE,,CHRISTOPHER REED,REPUBLICAN,4985.000000
2008,BENTON,U S SENATE,,SCATTERING,,8.000000
2008,BENTON,U S SENATE,,TOM HARKIN,DEMOCRAT,8519.000000
2008,BLACK HAWK,PRESIDENT VICE PRESIDENT,,BARACK OBAMA JOE BIDEN,DEMOCRAT,39184.000000
2008,BLACK HAWK,PRESIDENT VICE PRESIDENT,,BOB BARR WAYNE A ROOT,LIBERTARIAN,171.000000
2008,BLACK HAWK,PRESIDENT VICE PRESIDENT,,BRIAN MOORE STEWART A ALEXANDER,SOCIALIST PARTY USA,9.000000
2008,BLACK HAWK,PRESIDENT VICE PRESIDENT,,CHUCK BALDWIN DARRELL L CASTLE,CONSTITUTION PARTY,109.000000
2008,BLACK HAWK,PRESIDENT VICE PRESIDENT,,CYNTHIA MCKINNEY ROSA CLEMENTE,GREEN PARTY,39.000000
2008,BLACK HAWK,PRESIDENT VICE PRESIDENT,,GLORIA LA RIVA ROBERT MOSES,PARTY FOR SOCIALISM AND LIBERATION,3.000000
2008,BLACK HAWK,PRESIDENT VICE PRESIDENT,,JAMES HARRIS ALYSON KENNEDY,SOCIALIST WORKERS PARTY,8.000000
2008,BLACK HAWK,PRESIDENT VICE PRESIDENT,,JOHN MCCAIN SARAH PALIN,REPUBLICAN,24662.000000
2008,BLACK HAWK,PRESIDENT VICE PRESIDENT,,RALPH NADER MATT GONZALEZ,PEACE AND FREEDOM,348.000000
2008,BLACK HAWK,PRESIDENT VICE PRESIDENT,,SCATTERING,,254.000000
2008,BLACK HAWK,U S SENATE,,CHRISTOPHER REED,REPUBLICAN,20043.000000
2008,BLACK HAWK,U S SENATE,,SCATTERING,,46.000000
2008,BLACK HAWK,U S SENATE,,TOM HARKIN,DEMOCRAT,42681.000000
2008,BOONE,PRESIDENT VICE PRESIDENT,,BARACK OBAMA JOE BIDEN,DEMOCRAT,7356.000000
2008,BOONE,PRESIDENT VICE PRESIDENT,,BOB BARR WAYNE A ROOT,LIBERTARIAN,56.000000
2008,BOONE,PRESIDENT VICE PRESIDENT,,BRIAN MOORE STEWART A ALEXANDER,SOCIALIST PARTY USA,2.000000
2008,BOONE,PRESIDENT VICE PRESIDENT,,CHUCK BALDWIN DARRELL L CASTLE,CONSTITUTION PARTY,57.000000
2008,BOONE,PRESIDENT VICE PRESIDENT,,CYNTHIA MCKINNEY ROSA CLEMENTE,GREEN PARTY,10.000000
2008,BOONE,PRESIDENT VICE PRESIDENT,,GLORIA LA RIVA ROBERT MOSES,PARTY FOR SOCIALISM AND LIBERATION,0.000000
2008,BOONE,PRESIDENT VICE PRESIDENT,,JAMES HARRIS ALYSON KENNEDY,SOCIALIST WORKERS PARTY,2.000000
2008,BOONE,PRESIDENT VICE PRESIDENT,,JOHN MCCAIN SARAH PALIN,REPUBLICAN,6293.000000
2008,BOONE,PRESIDENT VICE PRESIDENT,,RALPH NADER MATT GONZALEZ,PEACE AND FREEDOM,66.000000
2008,BOONE,PRESIDENT VICE PRESIDENT,,SCATTERING,,89.000000
2008,BOONE,U S SENATE,,CHRISTOPHER REED,REPUBLICAN,5361.000000
2008,BOONE,U S SENATE,,SCATTERING,,8.000000
2008,BOONE,U S SENATE,,TOM HARKIN,DEMOCRAT,8365.000000
2008,BREMER,PRESIDENT VICE PRESIDENT,,BARACK OBAMA JOE BIDEN,DEMOCRAT,6940.000000
2008,BREMER,PRESIDENT VICE PRESIDENT,,BOB BARR WAYNE A ROOT,LIBERTARIAN,27.000000
2008,BREMER,PRESIDENT VICE PRESIDENT,,BRIAN MOORE STEWART A ALEXANDER,SOCIALIST PARTY USA,1.000000
2008,BREMER,PRESIDENT VICE PRESIDENT,,CHUCK BALDWIN DARRELL L CASTLE,CONSTITUTION PARTY,29.000000
2008,BREMER,PRESIDENT VICE PRESIDENT,,CYNTHIA MCKINNEY ROSA CLEMENTE,GREEN PARTY,8.000000
2008,BREMER,PRESIDENT VICE PRESIDENT,,GLORIA LA RIVA ROBERT MOSES,PARTY FOR SOCIALISM AND LIBERATION,0.000000
2008,BREMER,PRESIDENT VICE PRESIDENT,,JAMES HARRIS ALYSON KENNEDY,SOCIALIST WORKERS PARTY,2.000000
2008,BREMER,PRESIDENT VICE PRESIDENT,,JOHN MCCAIN SARAH PALIN,REPUBLICAN,5741.000000
2008,BREMER,PRESIDENT VICE PRESIDENT,,RALPH NADER MATT GONZALEZ,PEACE AND FREEDOM,74.000000
2008,BREMER,PRESIDENT VICE PRESIDENT,,SCATTERING,,50.000000
2008,BREMER,U S SENATE,,CHRISTOPHER REED,REPUBLICAN,4835.000000
2008,BREMER,U S SENATE,,SCATTERING,,4.000000
2008,BREMER,U S SENATE,,TOM HARKIN,DEMOCRAT,7778.000000
2008,BUCHANAN,PRESIDENT VICE PRESIDENT,,BARACK OBAMA JOE BIDEN,DEMOCRAT,6050.000000
2008,BUCHANAN,PRESIDENT VICE PRESIDENT,,BOB BARR WAYNE A ROOT,LIBERTARIAN,21.000000
2008,BUCHANAN,PRESIDENT VICE PRESIDENT,,BRIAN MOORE STEWART A ALEXANDER,SOCIALIST PARTY USA,3.000000
2008,BUCHANAN,PRESIDENT VICE PRESIDENT,,CHUCK BALDWIN DARRELL L CASTLE,CONSTITUTION PARTY,25.000000
2008,BUCHANAN,PRESIDENT VICE PRESIDENT,,CYNTHIA MCKINNEY ROSA CLEMENTE,GREEN PARTY,7.000000
2008,BUCHANAN,PRESIDENT VICE PRESIDENT,,GLORIA LA RIVA ROBERT MOSES,PARTY FOR SOCIALISM AND LIBERATION,1.000000
2008,BUCHANAN,PRESIDENT VICE PRESIDENT,,JAMES HARRIS ALYSON KENNEDY,SOCIALIST WORKERS PARTY,2.000000
2008,BUCHANAN,PRESIDENT VICE PRESIDENT,,JOHN MCCAIN SARAH PALIN,REPUBLICAN,4139.000000
2008,BUCHANAN,PRESIDENT VICE PRESIDENT,,RALPH NADER MATT GONZALEZ,PEACE AND FREEDOM,61.000000
2008,BUCHANAN,PRESIDENT VICE PRESIDENT,,SCATTERING,,33.000000
2008,BUCHANAN,U S SENATE,,CHRISTOPHER REED,REPUBLICAN,3226.000000
2008,BUCHANAN,U S SENATE,,SCATTERING,,2.000000
2008,BUCHANAN,U S SENATE,,TOM HARKIN,DEMOCRAT,6952.000000
2008,BUENA VISTA,PRESIDENT VICE PRESIDENT,,BARACK OBAMA JOE BIDEN,DEMOCRAT,4075.000000
2008,BUENA VISTA,PRESIDENT VICE PRESIDENT,,BOB BARR WAYNE A ROOT,LIBERTARIAN,22.000000
2008,BUENA VISTA,PRESIDENT VICE PRESIDENT,,BRIAN MOORE STEWART A ALEXANDER,SOCIALIST PARTY USA,0.000000
2008,BUENA VISTA,PRESIDENT VICE PRESIDENT,,CHUCK BALDWIN DARRELL L CASTLE,CONSTITUTION PARTY,24.000000
2008,BUENA VISTA,PRESIDENT VICE PRESIDENT,,CYNTHIA MCKINNEY ROSA CLEMENTE,GREEN PARTY,2.000000
2008,BUENA VISTA,PRESIDENT VICE PRESIDENT,,GLORIA LA RIVA ROBERT MOSES,PARTY FOR SOCIALISM AND LIBERATION,2.000000
2008,BUENA VISTA,PRESIDENT VICE PRESIDENT,,JAMES HARRIS ALYSON KENNEDY,SOCIALIST WORKERS PARTY,2.000000
2008,BUENA VISTA,PRESIDENT VICE PRESIDENT,,JOHN MCCAIN SARAH PALIN,REPUBLICAN,4223.000000
2008,BUENA VISTA,PRESIDENT VICE PRESIDENT,,RALPH NADER MATT GONZALEZ,PEACE AND FREEDOM,38.000000
2008,BUENA VISTA,PRESIDENT VICE PRESIDENT,,SCATTERING,,32.000000
2008,BUENA VISTA,U S SENATE,,CHRISTOPHER REED,REPUBLICAN,3129.000000
2008,BUENA VISTA,U S SENATE,,SCATTERING,,2.000000
2008,BUENA VISTA,U S SENATE,,TOM HARKIN,DEMOCRAT,5071.000000
2008,BUTLER,PRESIDENT VICE PRESIDENT,,BARACK OBAMA JOE BIDEN,DEMOCRAT,3364.000000
2008,BUTLER,PRESIDENT VICE PRESIDENT,,BOB BARR WAYNE A ROOT,LIBERTARIAN,19.000000
2008,BUTLER,PRESIDENT VICE PRESIDENT,,BRIAN MOORE STEWART A ALEXANDER,SOCIALIST PARTY USA,0.000000
2008,BUTLER,PRESIDENT VICE PRESIDENT,,CHUCK BALDWIN DARRELL L CASTLE,CONSTITUTION PARTY,19.000000
2008,BUTLER,PRESIDENT VICE PRESIDENT,,CYNTHIA MCKINNEY ROSA CLEMENTE,GREEN PARTY,6.000000
2008,BUTLER,PRESIDENT VICE PRESIDENT,,GLORIA LA RIVA ROBERT MOSES,PARTY FOR SOCIALISM AND LIBERATION,0.000000
2008,BUTLER,PRESIDENT VICE PRESIDENT,,JAMES HARRIS ALYSON KENNEDY,SOCIALIST WORKERS PARTY,1.000000
2008,BUTLER,PRESIDENT VICE PRESIDENT,,JOHN MCCAIN SARAH PALIN,REPUBLICAN,3700.000000
2008,BUTLER,PRESIDENT VICE PRESIDENT,,RALPH NADER MATT GONZALEZ,PEACE AND FREEDOM,34.000000
2008,BUTLER,PRESIDENT VICE PRESIDENT,,SCATTERING,,23.000000
2008,BUTLER,U S SENATE,,CHRISTOPHER REED,REPUBLICAN,3030.000000
2008,BUTLER,U S SENATE,,SCATTERING,,5.000000
2008,BUTLER,U S SENATE,,TOM HARKIN,DEMOCRAT,4031.000000
2008,CALHOUN,PRESIDENT VICE PRESIDENT,,BARACK OBAMA JOE BIDEN,DEMOCRAT,2341.000000
2008,CALHOUN,PRESIDENT VICE PRESIDENT,,BOB BARR WAYNE A ROOT,LIBERTARIAN,11.000000
2008,CALHOUN,PRESIDENT VICE PRESIDENT,,BRIAN MOORE STEWART A ALEXANDER,SOCIALIST PARTY USA,0.000000
2008,CALHOUN,PRESIDENT VICE PRESIDENT,,CHUCK BALDWIN DARRELL L CASTLE,CONSTITUTION PARTY,24.000000
2008,CALHOUN,PRESIDENT VICE PRESIDENT,,CYNTHIA MCKINNEY ROSA CLEMENTE,GREEN PARTY,5.000000
2008,CALHOUN,PRESIDENT VICE PRESIDENT,,GLORIA LA RIVA ROBERT MOSES,PARTY FOR SOCIALISM AND LIBERATION,0.000000
2008,CALHOUN,PRESIDENT VICE PRESIDENT,,JAMES HARRIS ALYSON KENNEDY,SOCIALIST WORKERS PARTY,3.000000
2008,CALHOUN,PRESIDENT VICE PRESIDENT,,JOHN MCCAIN SARAH PALIN,REPUBLICAN,2741.000000
2008,CALHOUN,PRESIDENT VICE PRESIDENT,,RALPH NADER MATT GONZALEZ,PEACE AND FREEDOM,29.000000
2008,CALHOUN,PRESIDENT VICE PRESIDENT,,SCATTERING,,41.000000
2008,CALHOUN,U S SENATE,,CHRISTOPHER REED,REPUBLICAN,2096.000000
2008,CALHOUN,U S SENATE,,SCATTERING,,6.000000
2008,CALHOUN,U S SENATE,,TOM HARKIN,DEMOCRAT,2994.000000
2008,CARROLL,PRESIDENT VICE PRESIDENT,,BARACK OBAMA JOE BIDEN,DEMOCRAT,5302.000000
2008,CARROLL,PRESIDENT VICE PRESIDENT,,BOB BARR WAYNE A ROOT,LIBERTARIAN,19.000000
2008,CARROLL,PRESIDENT VICE PRESIDENT,,BRIAN MOORE STEWART A ALEXANDER,SOCIALIST PARTY USA,0.000000
2008,CARROLL,PRESIDENT VICE PRESIDENT,,CHUCK BALDWIN DARRELL L CASTLE,CONSTITUTION PARTY,33.000000
2008,CARROLL,PRESIDENT VICE PRESIDENT,,CYNTHIA MCKINNEY ROSA CLEMENTE,GREEN PARTY,7.000000
2008,CARROLL,PRESIDENT VICE PRESIDENT,,GLORIA LA RIVA ROBERT MOSES,PARTY FOR SOCIALISM AND LIBERATION,8.000000
2008,CARROLL,PRESIDENT VICE PRESIDENT,,JAMES HARRIS ALYSON KENNEDY,SOCIALIST WORKERS PARTY,3.000000
2008,CARROLL,PRESIDENT VICE PRESIDENT,,JOHN MCCAIN SARAH PALIN,REPUBLICAN,4922.000000
2008,CARROLL,PRESIDENT VICE PRESIDENT,,RALPH NADER MATT GONZALEZ,PEACE AND FREEDOM,58.000000
2008,CARROLL,PRESIDENT VICE PRESIDENT,,SCATTERING,,43.000000
2008,CARROLL,U S SENATE,,CHRISTOPHER REED,REPUBLICAN,4194.000000
2008,CARROLL,U S SENATE,,SCATTERING,,5.000000
2008,CARROLL,U S SENATE,,TOM HARKIN,DEMOCRAT,5905.000000
2008,CASS,PRESIDENT VICE PRESIDENT,,BARACK OBAMA JOE BIDEN,DEMOCRAT,3211.000000
2008,CASS,PRESIDENT VICE PRESIDENT,,BOB BARR WAYNE A ROOT,LIBERTARIAN,11.000000
2008,CASS,PRESIDENT VICE PRESIDENT,,BRIAN MOORE STEWART A ALEXANDER,SOCIALIST PARTY USA,1.000000
2008,CASS,PRESIDENT VICE PRESIDENT,,CHUCK BALDWIN DARRELL L CASTLE,CONSTITUTION PARTY,29.000000
2008,CASS,PRESIDENT VICE PRESIDENT,,CYNTHIA MCKINNEY ROSA CLEMENTE,GREEN PARTY,14.000000
2008,CASS,PRESIDENT VICE PRESIDENT,,GLORIA LA RIVA ROBERT MOSES,PARTY FOR SOCIALISM AND LIBERATION,1.000000
2008,CASS,PRESIDENT VICE PRESIDENT,,JAMES HARRIS ALYSON KENNEDY,SOCIALIST WORKERS PARTY,1.000000
2008,CASS,PRESIDENT VICE PRESIDENT,,JOHN MCCAIN SARAH PALIN,REPUBLICAN,4006.000000
2008,CASS,PRESIDENT VICE PRESIDENT,,RALPH NADER MATT GONZALEZ,PEACE AND FREEDOM,42.000000
2008,CASS,PRESIDENT VICE PRESIDENT,,SCATTERING,,36.000000
2008,CASS,U S SENATE,,CHRISTOPHER REED,REPUBLICAN,3230.000000
2008,CASS,U S SENATE,,SCATTERING,,3.000000
2008,CASS,U S SENATE,,TOM HARKIN,DEMOCRAT,3928.000000
2008,CEDAR,PRESIDENT VICE PRESIDENT,,BARACK OBAMA JOE BIDEN,DEMOCRAT,5221.000000
2008,CEDAR,PRESIDENT VICE PRESIDENT,,BOB BARR WAYNE A ROOT,LIBERTARIAN,26.000000
2008,CEDAR,PRESIDENT VICE PRESIDENT,,BRIAN MOORE STEWART A ALEXANDER,SOCIALIST PARTY USA,0.000000
2008,CEDAR,PRESIDENT VICE PRESIDENT,,CHUCK BALDWIN DARRELL L CASTLE,CONSTITUTION PARTY,35.000000
2008,CEDAR,PRESIDENT VICE PRESIDENT,,CYNTHIA MCKINNEY ROSA CLEMENTE,GREEN PARTY,11.000000
2008,CEDAR,PRESIDENT VICE PRESIDENT,,GLORIA LA RIVA ROBERT MOSES,PARTY FOR SOCIALISM AND LIBERATION,0.000000
2008,CEDAR,PRESIDENT VICE PRESIDENT,,JAMES HARRIS ALYSON KENNEDY,SOCIALIST WORKERS PARTY,3.000000
2008,CEDAR,PRESIDENT VICE PRESIDENT,,JOHN MCCAIN SARAH PALIN,REPUBLICAN,4289.000000
2008,CEDAR,PRESIDENT VICE PRESIDENT,,RALPH NADER MATT GONZALEZ,PEACE AND FREEDOM,51.000000
2008,CEDAR,PRESIDENT VICE PRESIDENT,,SCATTERING,,29.000000
2008,CEDAR,U S SENATE,,CHRISTOPHER REED,REPUBLICAN,3343.000000
2008,CEDAR,U S SENATE,,SCATTERING,,4.000000
2008,CEDAR,U S SENATE,,TOM HARKIN,DEMOCRAT,6123.000000
2008,CERRO GORDO,PRESIDENT VICE PRESIDENT,,BARACK OBAMA JOE BIDEN,DEMOCRAT,14405.000000
2008,CERRO GORDO,PRESIDENT VICE PRESIDENT,,BOB BARR WAYNE A ROOT,LIBERTARIAN,48.000000
2008,CERRO GORDO,PRESIDENT VICE PRESIDENT,,BRIAN MOORE STEWART A ALEXANDER,SOCIALIST PARTY USA,1.000000
2008,CERRO GORDO,PRESIDENT VICE PRESIDENT,,CHUCK BALDWIN DARRELL L CASTLE,CONSTITUTION PARTY,56.000000
2008,CERRO GORDO,PRESIDENT VICE PRESIDENT,,CYNTHIA MCKINNEY ROSA CLEMENTE,GREEN PARTY,15.000000
2008,CERRO GORDO,PRESIDENT VICE PRESIDENT,,GLORIA LA RIVA ROBERT MOSES,PARTY FOR SOCIALISM AND LIBERATION,2.000000
2008,CERRO GORDO,PRESIDENT VICE PRESIDENT,,JAMES HARRIS ALYSON KENNEDY,SOCIALIST WORKERS PARTY,3.000000
2008,CERRO GORDO,PRESIDENT VICE PRESIDENT,,JOHN MCCAIN SARAH PALIN,REPUBLICAN,9375.000000
2008,CERRO GORDO,PRESIDENT VICE PRESIDENT,,RALPH NADER MATT GONZALEZ,PEACE AND FREEDOM,133.000000
2008,CERRO GORDO,PRESIDENT VICE PRESIDENT,,SCATTERING,,105.000000
2008,CERRO GORDO,U S SENATE,,CHRISTOPHER REED,REPUBLICAN,7449.000000
2008,CERRO GORDO,U S SENATE,,SCATTERING,,13.000000
2008,CERRO GORDO,U S SENATE,,TOM HARKIN,DEMOCRAT,16314.000000
2008,CHEROKEE,PRESIDENT VICE PRESIDENT,,BARACK OBAMA JOE BIDEN,DEMOCRAT,2890.000000
2008,CHEROKEE,PRESIDENT VICE PRESIDENT,,BOB BARR WAYNE A ROOT,LIBERTARIAN,21.000000
2008,CHEROKEE,PRESIDENT VICE PRESIDENT,,BRIAN MOORE STEWART A ALEXANDER,SOCIALIST PARTY USA,2.000000
2008,CHEROKEE,PRESIDENT VICE PRESIDENT,,CHUCK BALDWIN DARRELL L CASTLE,CONSTITUTION PARTY,11.000000
2008,CHEROKEE,PRESIDENT VICE PRESIDENT,,CYNTHIA MCKINNEY ROSA CLEMENTE,GREEN PARTY,9.000000
2008,CHEROKEE,PRESIDENT VICE PRESIDENT,,GLORIA LA RIVA ROBERT MOSES,PARTY FOR SOCIALISM AND LIBERATION,1.000000
2008,CHEROKEE,PRESIDENT VICE PRESIDENT,,JAMES HARRIS ALYSON KENNEDY,SOCIALIST WORKERS PARTY,2.000000
2008,CHEROKEE,PRESIDENT VICE PRESIDENT,,JOHN MCCAIN SARAH PALIN,REPUBLICAN,3372.000000
2008,CHEROKEE,PRESIDENT VICE PRESIDENT,,RALPH NADER MATT GONZALEZ,PEACE AND FREEDOM,36.000000
2008,CHEROKEE,PRESIDENT VICE PRESIDENT,,SCATTERING,,24.000000
2008,CHEROKEE,U S SENATE,,CHRISTOPHER REED,REPUBLICAN,2398.000000
2008,CHEROKEE,U S SENATE,,SCATTERING,,1.000000
2008,CHEROKEE,U S SENATE,,TOM HARKIN,DEMOCRAT,3883.000000
2008,CHICKASAW,PRESIDENT VICE PRESIDENT,,BARACK OBAMA JOE BIDEN,DEMOCRAT,3923.000000
2008,CHICKASAW,PRESIDENT VICE PRESIDENT,,BOB BARR WAYNE A ROOT,LIBERTARIAN,12.000000
2008,CHICKASAW,PRESIDENT VICE PRESIDENT,,BRIAN MOORE STEWART A ALEXANDER,SOCIALIST PARTY USA,2.000000
2008,CHICKASAW,PRESIDENT VICE PRESIDENT,,CHUCK BALDWIN DARRELL L CASTLE,CONSTITUTION PARTY,14.000000
2008,CHICKASAW,PRESIDENT VICE PRESIDENT,,CYNTHIA MCKINNEY ROSA CLEMENTE,GREEN PARTY,3.000000
2008,CHICKASAW,PRESIDENT VICE PRESIDENT,,GLORIA LA RIVA ROBERT MOSES,PARTY FOR SOCIALISM AND LIBERATION,1.000000
2008,CHICKASAW,PRESIDENT VICE PRESIDENT,,JAMES HARRIS ALYSON KENNEDY,SOCIALIST WORKERS PARTY,2.000000
2008,CHICKASAW,PRESIDENT VICE PRESIDENT,,JOHN MCCAIN SARAH PALIN,REPUBLICAN,2557.000000
2008,CHICKASAW,PRESIDENT VICE PRESIDENT,,RALPH NADER MATT GONZALEZ,PEACE AND FREEDOM,37.000000
2008,CHICKASAW,PRESIDENT VICE PRESIDENT,,SCATTERING,,35.000000
2008,CHICKASAW,U S SENATE,,CHRISTOPHER REED,REPUBLICAN,2005.000000
2008,CHICKASAW,U S SENATE,,SCATTERING,,1.000000
2008,CHICKASAW,U S SENATE,,TOM HARKIN,DEMOCRAT,4445.000000
2008,CLARKE,PRESIDENT VICE PRESIDENT,,BARACK OBAMA JOE BIDEN,DEMOCRAT,2218.000000
2008,CLARKE,PRESIDENT VICE PRESIDENT,,BOB BARR WAYNE A ROOT,LIBERTARIAN,14.000000
2008,CLARKE,PRESIDENT VICE PRESIDENT,,BRIAN MOORE STEWART A ALEXANDER,SOCIALIST PARTY USA,2.000000
2008,CLARKE,PRESIDENT VICE PRESIDENT,,CHUCK BALDWIN DARRELL L CASTLE,CONSTITUTION PARTY,25.000000
2008,CLARKE,PRESIDENT VICE PRESIDENT,,CYNTHIA MCKINNEY ROSA CLEMENTE,GREEN PARTY,2.000000
2008,CLARKE,PRESIDENT VICE PRESIDENT,,GLORIA LA RIVA ROBERT MOSES,PARTY FOR SOCIALISM AND LIBERATION,0.000000
2008,CLARKE,PRESIDENT VICE PRESIDENT,,JAMES HARRIS ALYSON KENNEDY,SOCIALIST WORKERS PARTY,2.000000
2008,CLARKE,PRESIDENT VICE PRESIDENT,,JOHN MCCAIN SARAH PALIN,REPUBLICAN,2118.000000
2008,CLARKE,PRESIDENT VICE PRESIDENT,,RALPH NADER MATT GONZALEZ,PEACE AND FREEDOM,41.000000
2008,CLARKE,PRESIDENT VICE PRESIDENT,,SCATTERING,,23.000000
2008,CLARKE,U S SENATE,,CHRISTOPHER REED,REPUBLICAN,1727.000000
2008,CLARKE,U S SENATE,,SCATTERING,,2.000000
2008,CLARKE,U S SENATE,,TOM HARKIN,DEMOCRAT,2680.000000
2008,CLAY,PRESIDENT VICE PRESIDENT,,BARACK OBAMA JOE BIDEN,DEMOCRAT,3925.000000
2008,CLAY,PRESIDENT VICE PRESIDENT,,BOB BARR WAYNE A ROOT,LIBERTARIAN,15.000000
2008,CLAY,PRESIDENT VICE PRESIDENT,,BRIAN MOORE STEWART A ALEXANDER,SOCIALIST PARTY USA,3.000000
2008,CLAY,PRESIDENT VICE PRESIDENT,,CHUCK BALDWIN DARRELL L CASTLE,CONSTITUTION PARTY,17.000000
2008,CLAY,PRESIDENT VICE PRESIDENT,,CYNTHIA MCKINNEY ROSA CLEMENTE,GREEN PARTY,5.000000
2008,CLAY,PRESIDENT VICE PRESIDENT,,GLORIA LA RIVA ROBERT MOSES,PARTY FOR SOCIALISM AND LIBERATION,1.000000
2008,CLAY,PRESIDENT VICE PRESIDENT,,JAMES HARRIS ALYSON KENNEDY,SOCIALIST WORKERS PARTY,1.000000
2008,CLAY,PRESIDENT VICE PRESIDENT,,JOHN MCCAIN SARAH PALIN,REPUBLICAN,4355.000000
2008,CLAY,PRESIDENT VICE PRESIDENT,,RALPH NADER MATT GONZALEZ,PEACE AND FREEDOM,46.000000
2008,CLAY,PRESIDENT VICE PRESIDENT,,SCATTERING,,34.000000
2008,CLAY,U S SENATE,,CHRISTOPHER REED,REPUBLICAN,3297.000000
2008,CLAY,U S SENATE,,SCATTERING,,6.000000
2008,CLAY,U S SENATE,,TOM HARKIN,DEMOCRAT,4898.000000
2008,CLAYTON,PRESIDENT VICE PRESIDENT,,BARACK OBAMA JOE BIDEN,DEMOCRAT,5195.000000
2008,CLAYTON,PRESIDENT VICE PRESIDENT,,BOB BARR WAYNE A ROOT,LIBERTARIAN,16.000000
2008,CLAYTON,PRESIDENT VICE PRESIDENT,,BRIAN MOORE STEWART A ALEXANDER,SOCIALIST PARTY USA,0.000000
2008,CLAYTON,PRESIDENT VICE PRESIDENT,,CHUCK BALDWIN DARRELL L CASTLE,CONSTITUTION PARTY,34.000000
2008,CLAYTON,PRESIDENT VICE PRESIDENT,,CYNTHIA MCKINNEY ROSA CLEMENTE,GREEN PARTY,6.000000
2008,CLAYTON,PRESIDENT VICE PRESIDENT,,GLORIA LA RIVA ROBERT MOSES,PARTY FOR SOCIALISM AND LIBERATION,1.000000
2008,CLAYTON,PRESIDENT VICE PRESIDENT,,JAMES HARRIS ALYSON KENNEDY,SOCIALIST WORKERS PARTY,2.000000
2008,CLAYTON,PRESIDENT VICE PRESIDENT,,JOHN MCCAIN SARAH PALIN,REPUBLICAN,3651.000000
2008,CLAYTON,PRESIDENT VICE PRESIDENT,,RALPH NADER MATT GONZALEZ,PEACE AND FREEDOM,61.000000
2008,CLAYTON,PRESIDENT VICE PRESIDENT,,SCATTERING,,24.000000
2008,CLAYTON,U S SENATE,,CHRISTOPHER REED,REPUBLICAN,2916.000000
2008,CLAYTON,U S SENATE,,SCATTERING,,18.000000
2008,CLAYTON,U S SENATE,,TOM HARKIN,DEMOCRAT,5907.000000
2008,CLINTON,PRESIDENT VICE PRESIDENT,,BARACK OBAMA JOE BIDEN,DEMOCRAT,15018.000000
2008,CLINTON,PRESIDENT VICE PRESIDENT,,BOB BARR WAYNE A ROOT,LIBERTARIAN,58.000000
2008,CLINTON,PRESIDENT VICE PRESIDENT,,BRIAN MOORE STEWART A ALEXANDER,SOCIALIST PARTY USA,3.000000
2008,CLINTON,PRESIDENT VICE PRESIDENT,,CHUCK BALDWIN DARRELL L CASTLE,CONSTITUTION PARTY,53.000000
2008,CLINTON,PRESIDENT VICE PRESIDENT,,CYNTHIA MCKINNEY ROSA CLEMENTE,GREEN PARTY,22.000000
2008,CLINTON,PRESIDENT VICE PRESIDENT,,GLORIA LA RIVA ROBERT MOSES,PARTY FOR SOCIALISM AND LIBERATION,0.000000
2008,CLINTON,PRESIDENT VICE PRESIDENT,,JAMES HARRIS ALYSON KENNEDY,SOCIALIST WORKERS PARTY,7.000000
2008,CLINTON,PRESIDENT VICE PRESIDENT,,JOHN MCCAIN SARAH PALIN,REPUBLICAN,9324.000000
2008,CLINTON,PRESIDENT VICE PRESIDENT,,RALPH NADER MATT GONZALEZ,PEACE AND FREEDOM,143.000000
2008,CLINTON,PRESIDENT VICE PRESIDENT,,SCATTERING,,94.000000
2008,CLINTON,U S SENATE,,CHRISTOPHER REED,REPUBLICAN,7025.000000
2008,CLINTON,U S SENATE,,SCATTERING,,9.000000
2008,CLINTON,U S SENATE,,TOM HARKIN,DEMOCRAT,17238.000000
2008,CRAWFORD,PRESIDENT VICE PRESIDENT,,BARACK OBAMA JOE BIDEN,DEMOCRAT,3715.000000
2008,CRAWFORD,PRESIDENT VICE PRESIDENT,,BOB BARR WAYNE A ROOT,LIBERTARIAN,23.000000
2008,CRAWFORD,PRESIDENT VICE PRESIDENT,,BRIAN MOORE STEWART A ALEXANDER,SOCIALIST PARTY USA,0.000000
2008,CRAWFORD,PRESIDENT VICE PRESIDENT,,CHUCK BALDWIN DARRELL L CASTLE,CONSTITUTION PARTY,23.000000
2008,CRAWFORD,PRESIDENT VICE PRESIDENT,,CYNTHIA MCKINNEY ROSA CLEMENTE,GREEN PARTY,8.000000
2008,CRAWFORD,PRESIDENT VICE PRESIDENT,,GLORIA LA RIVA ROBERT MOSES,PARTY FOR SOCIALISM AND LIBERATION,0.000000
2008,CRAWFORD,PRESIDENT VICE PRESIDENT,,JAMES HARRIS ALYSON KENNEDY,SOCIALIST WORKERS PARTY,3.000000
2008,CRAWFORD,PRESIDENT VICE PRESIDENT,,JOHN MCCAIN SARAH PALIN,REPUBLICAN,3345.000000
2008,CRAWFORD,PRESIDENT VICE PRESIDENT,,RALPH NADER MATT GONZALEZ,PEACE AND FREEDOM,48.000000
2008,CRAWFORD,PRESIDENT VICE PRESIDENT,,SCATTERING,,26.000000
2008,CRAWFORD,U S SENATE,,CHRISTOPHER REED,REPUBLICAN,2420.000000
2008,CRAWFORD,U S SENATE,,SCATTERING,,5.000000
2008,CRAWFORD,U S SENATE,,TOM HARKIN,DEMOCRAT,4469.000000
2008,DALLAS,PRESIDENT VICE PRESIDENT,,BARACK OBAMA JOE BIDEN,DEMOCRAT,15149.000000
2008,DALLAS,PRESIDENT VICE PRESIDENT,,BOB BARR WAYNE A ROOT,LIBERTARIAN,120.000000
2008,DALLAS,PRESIDENT VICE PRESIDENT,,BRIAN MOORE STEWART A ALEXANDER,SOCIALIST PARTY USA,3.000000
2008,DALLAS,PRESIDENT VICE PRESIDENT,,CHUCK BALDWIN DARRELL L CASTLE,CONSTITUTION PARTY,121.000000
2008,DALLAS,PRESIDENT VICE PRESIDENT,,CYNTHIA MCKINNEY ROSA CLEMENTE,GREEN PARTY,22.000000
2008,DALLAS,PRESIDENT VICE PRESIDENT,,GLORIA LA RIVA ROBERT MOSES,PARTY FOR SOCIALISM AND LIBERATION,0.000000
2008,DALLAS,PRESIDENT VICE PRESIDENT,,JAMES HARRIS ALYSON KENNEDY,SOCIALIST WORKERS PARTY,3.000000
2008,DALLAS,PRESIDENT VICE PRESIDENT,,JOHN MCCAIN SARAH PALIN,REPUBLICAN,16954.000000
2008,DALLAS,PRESIDENT VICE PRESIDENT,,RALPH NADER MATT GONZALEZ,PEACE AND FREEDOM,127.000000
2008,DALLAS,PRESIDENT VICE PRESIDENT,,SCATTERING,,144.000000
2008,DALLAS,U S SENATE,,CHRISTOPHER REED,REPUBLICAN,15248.000000
2008,DALLAS,U S SENATE,,SCATTERING,,17.000000
2008,DALLAS,U S SENATE,,TOM HARKIN,DEMOCRAT,16765.000000
2008,DAVIS,PRESIDENT VICE PRESIDENT,,BARACK OBAMA JOE BIDEN,DEMOCRAT,1680.000000
2008,DAVIS,PRESIDENT VICE PRESIDENT,,BOB BARR WAYNE A ROOT,LIBERTARIAN,7.000000
2008,DAVIS,PRESIDENT VICE PRESIDENT,,BRIAN MOORE STEWART A ALEXANDER,SOCIALIST PARTY USA,2.000000
2008,DAVIS,PRESIDENT VICE PRESIDENT,,CHUCK BALDWIN DARRELL L CASTLE,CONSTITUTION PARTY,29.000000
2008,DAVIS,PRESIDENT VICE PRESIDENT,,CYNTHIA MCKINNEY ROSA CLEMENTE,GREEN PARTY,4.000000
2008,DAVIS,PRESIDENT VICE PRESIDENT,,GLORIA LA RIVA ROBERT MOSES,PARTY FOR SOCIALISM AND LIBERATION,1.000000
2008,DAVIS,PRESIDENT VICE PRESIDENT,,JAMES HARRIS ALYSON KENNEDY,SOCIALIST WORKERS PARTY,1.000000
2008,DAVIS,PRESIDENT VICE PRESIDENT,,JOHN MCCAIN SARAH PALIN,REPUBLICAN,2029.000000
2008,DAVIS,PRESIDENT VICE PRESIDENT,,RALPH NADER MATT GONZALEZ,PEACE AND FREEDOM,31.000000
2008,DAVIS,PRESIDENT VICE PRESIDENT,,SCATTERING,,34.000000
2008,DAVIS,U S SENATE,,CHRISTOPHER REED,REPUBLICAN,1556.000000
2008,DAVIS,U S SENATE,,SCATTERING,,2.000000
2008,DAVIS,U S SENATE,,TOM HARKIN,DEMOCRAT,2236.000000
2008,DECATUR,PRESIDENT VICE PRESIDENT,,BARACK OBAMA JOE BIDEN,DEMOCRAT,1986.000000
2008,DECATUR,PRESIDENT VICE PRESIDENT,,BOB BARR WAYNE A ROOT,LIBERTARIAN,18.000000
2008,DECATUR,PRESIDENT VICE PRESIDENT,,BRIAN MOORE STEWART A ALEXANDER,SOCIALIST PARTY USA,2.000000
2008,DECATUR,PRESIDENT VICE PRESIDENT,,CHUCK BALDWIN DARRELL L CASTLE,CONSTITUTION PARTY,15.000000
2008,DECATUR,PRESIDENT VICE PRESIDENT,,CYNTHIA MCKINNEY ROSA CLEMENTE,GREEN PARTY,3.000000
2008,DECATUR,PRESIDENT VICE PRESIDENT,,GLORIA LA RIVA ROBERT MOSES,PARTY FOR SOCIALISM AND LIBERATION,2.000000
2008,DECATUR,PRESIDENT VICE PRESIDENT,,JAMES HARRIS ALYSON KENNEDY,SOCIALIST WORKERS PARTY,1.000000
2008,DECATUR,PRESIDENT VICE PRESIDENT,,JOHN MCCAIN SARAH PALIN,REPUBLICAN,2020.000000
2008,DECATUR,PRESIDENT VICE PRESIDENT,,RALPH NADER MATT GONZALEZ,PEACE AND FREEDOM,26.000000
2008,DECATUR,PRESIDENT VICE PRESIDENT,,SCATTERING,,33.000000
2008,DECATUR,U S SENATE,,CHRISTOPHER REED,REPUBLICAN,1577.000000
2008,DECATUR,U S SENATE,,SCATTERING,,0.000000
2008,DECATUR,U S SENATE,,TOM HARKIN,DEMOCRAT,2448.000000
2008,DELAWARE,PRESIDENT VICE PRESIDENT,,BARACK OBAMA JOE BIDEN,DEMOCRAT,4649.000000
2008,DELAWARE,PRESIDENT VICE PRESIDENT,,BOB BARR WAYNE A ROOT,LIBERTARIAN,22.000000
2008,DELAWARE,PRESIDENT VICE PRESIDENT,,BRIAN MOORE STEWART A ALEXANDER,SOCIALIST PARTY USA,2.000000
2008,DELAWARE,PRESIDENT VICE PRESIDENT,,CHUCK BALDWIN DARRELL L CASTLE,CONSTITUTION PARTY,35.000000
2008,DELAWARE,PRESIDENT VICE PRESIDENT,,CYNTHIA MCKINNEY ROSA CLEMENTE,GREEN PARTY,5.000000
2008,DELAWARE,PRESIDENT VICE PRESIDENT,,GLORIA LA RIVA ROBERT MOSES,PARTY FOR SOCIALISM AND LIBERATION,0.000000
2008,DELAWARE,PRESIDENT VICE PRESIDENT,,JAMES HARRIS ALYSON KENNEDY,SOCIALIST WORKERS PARTY,1.000000
2008,DELAWARE,PRESIDENT VICE PRESIDENT,,JOHN MCCAIN SARAH PALIN,REPUBLICAN,4113.000000
2008,DELAWARE,PRESIDENT VICE PRESIDENT,,RALPH NADER MATT GONZALEZ,PEACE AND FREEDOM,48.000000
2008,DELAWARE,PRESIDENT VICE PRESIDENT,,SCATTERING,,28.000000
2008,DELAWARE,U S SENATE,,CHRISTOPHER REED,REPUBLICAN,3234.000000
2008,DELAWARE,U S SENATE,,SCATTERING,,1.000000
2008,DELAWARE,U S SENATE,,TOM HARKIN,DEMOCRAT,5513.000000
2008,DES MOINES,PRESIDENT VICE PRESIDENT,,BARACK OBAMA JOE BIDEN,DEMOCRAT,12462.000000
2008,DES MOINES,PRESIDENT VICE PRESIDENT,,BOB BARR WAYNE A ROOT,LIBERTARIAN,47.000000
2008,DES MOINES,PRESIDENT VICE PRESIDENT,,BRIAN MOORE STEWART A ALEXANDER,SOCIALIST PARTY USA,3.000000
2008,DES MOINES,PRESIDENT VICE PRESIDENT,,CHUCK BALDWIN DARRELL L CASTLE,CONSTITUTION PARTY,47.000000
2008,DES MOINES,PRESIDENT VICE PRESIDENT,,CYNTHIA MCKINNEY ROSA CLEMENTE,GREEN PARTY,30.000000
2008,DES MOINES,PRESIDENT VICE PRESIDENT,,GLORIA LA RIVA ROBERT MOSES,PARTY FOR SOCIALISM AND LIBERATION,1.000000
2008,DES MOINES,PRESIDENT VICE PRESIDENT,,JAMES HARRIS ALYSON KENNEDY,SOCIALIST WORKERS PARTY,4.000000
2008,DES MOINES,PRESIDENT VICE PRESIDENT,,JOHN MCCAIN SARAH PALIN,REPUBLICAN,7721.000000
2008,DES MOINES,PRESIDENT VICE PRESIDENT,,RALPH NADER MATT GONZALEZ,PEACE AND FREEDOM,135.000000
2008,DES MOINES,PRESIDENT VICE PRESIDENT,,SCATTERING,,124.000000
2008,DES MOINES,U S SENATE,,CHRISTOPHER REED,REPUBLICAN,6343.000000
2008,DES MOINES,U S SENATE,,SCATTERING,,24.000000
2008,DES MOINES,U S SENATE,,TOM HARKIN,DEMOCRAT,13721.000000
2008,DICKINSON,PRESIDENT VICE PRESIDENT,,BARACK OBAMA JOE BIDEN,DEMOCRAT,4625.000000
2008,DICKINSON,PRESIDENT VICE PRESIDENT,,BOB BARR WAYNE A ROOT,LIBERTARIAN,19.000000
2008,DICKINSON,PRESIDENT VICE PRESIDENT,,BRIAN MOORE STEWART A ALEXANDER,SOCIALIST PARTY USA,0.000000
2008,DICKINSON,PRESIDENT VICE PRESIDENT,,CHUCK BALDWIN DARRELL L CASTLE,CONSTITUTION PARTY,16.000000
2008,DICKINSON,PRESIDENT VICE PRESIDENT,,CYNTHIA MCKINNEY ROSA CLEMENTE,GREEN PARTY,7.000000
2008,DICKINSON,PRESIDENT VICE PRESIDENT,,GLORIA LA RIVA ROBERT MOSES,PARTY FOR SOCIALISM AND LIBERATION,1.000000
2008,DICKINSON,PRESIDENT VICE PRESIDENT,,JAMES HARRIS ALYSON KENNEDY,SOCIALIST WORKERS PARTY,1.000000
2008,DICKINSON,PRESIDENT VICE PRESIDENT,,JOHN MCCAIN SARAH PALIN,REPUBLICAN,5162.000000
2008,DICKINSON,PRESIDENT VICE PRESIDENT,,RALPH NADER MATT GONZALEZ,PEACE AND FREEDOM,50.000000
2008,DICKINSON,PRESIDENT VICE PRESIDENT,,SCATTERING,,26.000000
2008,DICKINSON,U S SENATE,,CHRISTOPHER REED,REPUBLICAN,3846.000000
2008,DICKINSON,U S SENATE,,SCATTERING,,3.000000
2008,DICKINSON,U S SENATE,,TOM HARKIN,DEMOCRAT,5843.000000
2008,DUBUQUE,PRESIDENT VICE PRESIDENT,,BARACK OBAMA JOE BIDEN,DEMOCRAT,28611.000000
2008,DUBUQUE,PRESIDENT VICE PRESIDENT,,BOB BARR WAYNE A ROOT,LIBERTARIAN,109.000000
2008,DUBUQUE,PRESIDENT VICE PRESIDENT,,BRIAN MOORE STEWART A ALEXANDER,SOCIALIST PARTY USA,7.000000
2008,DUBUQUE,PRESIDENT VICE PRESIDENT,,CHUCK BALDWIN DARRELL L CASTLE,CONSTITUTION PARTY,81.000000
2008,DUBUQUE,PRESIDENT VICE PRESIDENT,,CYNTHIA MCKINNEY ROSA CLEMENTE,GREEN PARTY,57.000000
2008,DUBUQUE,PRESIDENT VICE PRESIDENT,,GLORIA LA RIVA ROBERT MOSES,PARTY FOR SOCIALISM AND LIBERATION,3.000000
2008,DUBUQUE,PRESIDENT VICE PRESIDENT,,JAMES HARRIS ALYSON KENNEDY,SOCIALIST WORKERS PARTY,8.000000
2008,DUBUQUE,PRESIDENT VICE PRESIDENT,,JOHN MCCAIN SARAH PALIN,REPUBLICAN,18651.000000
2008,DUBUQUE,PRESIDENT VICE PRESIDENT,,RALPH NADER MATT GONZALEZ,PEACE AND FREEDOM,248.000000
2008,DUBUQUE,PRESIDENT VICE PRESIDENT,,SCATTERING,,188.000000
2008,DUBUQUE,U S SENATE,,CHRISTOPHER REED,REPUBLICAN,14482.000000
2008,DUBUQUE,U S SENATE,,SCATTERING,,27.000000
2008,DUBUQUE,U S SENATE,,TOM HARKIN,DEMOCRAT,32086.000000
2008,EMMET,PRESIDENT VICE PRESIDENT,,BARACK OBAMA JOE BIDEN,DEMOCRAT,2570.000000
2008,EMMET,PRESIDENT VICE PRESIDENT,,BOB BARR WAYNE A ROOT,LIBERTARIAN,15.000000
2008,EMMET,PRESIDENT VICE PRESIDENT,,BRIAN MOORE STEWART A ALEXANDER,SOCIALIST PARTY USA,0.000000
2008,EMMET,PRESIDENT VICE PRESIDENT,,CHUCK BALDWIN DARRELL L CASTLE,CONSTITUTION PARTY,6.000000
2008,EMMET,PRESIDENT VICE PRESIDENT,,CYNTHIA MCKINNEY ROSA CLEMENTE,GREEN PARTY,9.000000
2008,EMMET,PRESIDENT VICE PRESIDENT,,GLORIA LA RIVA ROBERT MOSES,PARTY FOR SOCIALISM AND LIBERATION,0.000000
2008,EMMET,PRESIDENT VICE PRESIDENT,,JAMES HARRIS ALYSON KENNEDY,SOCIALIST WORKERS PARTY,3.000000
2008,EMMET,PRESIDENT VICE PRESIDENT,,JOHN MCCAIN SARAH PALIN,REPUBLICAN,2373.000000
2008,EMMET,PRESIDENT VICE PRESIDENT,,RALPH NADER MATT GONZALEZ,PEACE AND FREEDOM,32.000000
2008,EMMET,PRESIDENT VICE PRESIDENT,,SCATTERING,,7.000000
2008,EMMET,U S SENATE,,CHRISTOPHER REED,REPUBLICAN,1554.000000
2008,EMMET,U S SENATE,,SCATTERING,,2.000000
2008,EMMET,U S SENATE,,TOM HARKIN,DEMOCRAT,3337.000000
2008,FAYETTE,PRESIDENT VICE PRESIDENT,,BARACK OBAMA JOE BIDEN,DEMOCRAT,5908.000000
2008,FAYETTE,PRESIDENT VICE PRESIDENT,,BOB BARR WAYNE A ROOT,LIBERTARIAN,24.000000
2008,FAYETTE,PRESIDENT VICE PRESIDENT,,BRIAN MOORE STEWART A ALEXANDER,SOCIALIST PARTY USA,3.000000
2008,FAYETTE,PRESIDENT VICE PRESIDENT,,CHUCK BALDWIN DARRELL L CASTLE,CONSTITUTION PARTY,31.000000
2008,FAYETTE,PRESIDENT VICE PRESIDENT,,CYNTHIA MCKINNEY ROSA CLEMENTE,GREEN PARTY,9.000000
2008,FAYETTE,PRESIDENT VICE PRESIDENT,,GLORIA LA RIVA ROBERT MOSES,PARTY FOR SOCIALISM AND LIBERATION,0.000000
2008,FAYETTE,PRESIDENT VICE PRESIDENT,,JAMES HARRIS ALYSON KENNEDY,SOCIALIST WORKERS PARTY,1.000000
2008,FAYETTE,PRESIDENT VICE PRESIDENT,,JOHN MCCAIN SARAH PALIN,REPUBLICAN,4205.000000
2008,FAYETTE,PRESIDENT VICE PRESIDENT,,RALPH NADER MATT GONZALEZ,PEACE AND FREEDOM,47.000000
2008,FAYETTE,PRESIDENT VICE PRESIDENT,,SCATTERING,,34.000000
2008,FAYETTE,U S SENATE,,CHRISTOPHER REED,REPUBLICAN,3326.000000
2008,FAYETTE,U S SENATE,,SCATTERING,,3.000000
2008,FAYETTE,U S SENATE,,TOM HARKIN,DEMOCRAT,6810.000000
2008,FLOYD,PRESIDENT VICE PRESIDENT,,BARACK OBAMA JOE BIDEN,DEMOCRAT,4822.000000
2008,FLOYD,PRESIDENT VICE PRESIDENT,,BOB BARR WAYNE A ROOT,LIBERTARIAN,23.000000
2008,FLOYD,PRESIDENT VICE PRESIDENT,,BRIAN MOORE STEWART A ALEXANDER,SOCIALIST PARTY USA,1.000000
2008,FLOYD,PRESIDENT VICE PRESIDENT,,CHUCK BALDWIN DARRELL L CASTLE,CONSTITUTION PARTY,35.000000
2008,FLOYD,PRESIDENT VICE PRESIDENT,,CYNTHIA MCKINNEY ROSA CLEMENTE,GREEN PARTY,7.000000
2008,FLOYD,PRESIDENT VICE PRESIDENT,,GLORIA LA RIVA ROBERT MOSES,PARTY FOR SOCIALISM AND LIBERATION,1.000000
2008,FLOYD,PRESIDENT VICE PRESIDENT,,JAMES HARRIS ALYSON KENNEDY,SOCIALIST WORKERS PARTY,5.000000
2008,FLOYD,PRESIDENT VICE PRESIDENT,,JOHN MCCAIN SARAH PALIN,REPUBLICAN,3051.000000
2008,FLOYD,PRESIDENT VICE PRESIDENT,,RALPH NADER MATT GONZALEZ,PEACE AND FREEDOM,109.000000
2008,FLOYD,PRESIDENT VICE PRESIDENT,,SCATTERING,,39.000000
2008,FLOYD,U S SENATE,,CHRISTOPHER REED,REPUBLICAN,2360.000000
2008,FLOYD,U S SENATE,,SCATTERING,,2.000000
2008,FLOYD,U S SENATE,,TOM HARKIN,DEMOCRAT,5629.000000
2008,FRANKLIN,PRESIDENT VICE PRESIDENT,,BARACK OBAMA JOE BIDEN,DEMOCRAT,2575.000000
2008,FRANKLIN,PRESIDENT VICE PRESIDENT,,BOB BARR WAYNE A ROOT,LIBERTARIAN,13.000000
2008,FRANKLIN,PRESIDENT VICE PRESIDENT,,BRIAN MOORE STEWART A ALEXANDER,SOCIALIST PARTY USA,1.000000
2008,FRANKLIN,PRESIDENT VICE PRESIDENT,,CHUCK BALDWIN DARRELL L CASTLE,CONSTITUTION PARTY,20.000000
2008,FRANKLIN,PRESIDENT VICE PRESIDENT,,CYNTHIA MCKINNEY ROSA CLEMENTE,GREEN PARTY,2.000000
2008,FRANKLIN,PRESIDENT VICE PRESIDENT,,GLORIA LA RIVA ROBERT MOSES,PARTY FOR SOCIALISM AND LIBERATION,0.000000
2008,FRANKLIN,PRESIDENT VICE PRESIDENT,,JAMES HARRIS ALYSON KENNEDY,SOCIALIST WORKERS PARTY,1.000000
2008,FRANKLIN,PRESIDENT VICE PRESIDENT,,JOHN MCCAIN SARAH PALIN,REPUBLICAN,2501.000000
2008,FRANKLIN,PRESIDENT VICE PRESIDENT,,RALPH NADER MATT GONZALEZ,PEACE AND FREEDOM,18.000000
2008,FRANKLIN,PRESIDENT VICE PRESIDENT,,SCATTERING,,18.000000
2008,FRANKLIN,U S SENATE,,CHRISTOPHER REED,REPUBLICAN,2075.000000
2008,FRANKLIN,U S SENATE,,SCATTERING,,2.000000
2008,FRANKLIN,U S SENATE,,TOM HARKIN,DEMOCRAT,2993.000000
2008,FREMONT,PRESIDENT VICE PRESIDENT,,BARACK OBAMA JOE BIDEN,DEMOCRAT,1848.000000
2008,FREMONT,PRESIDENT VICE PRESIDENT,,BOB BARR WAYNE A ROOT,LIBERTARIAN,6.000000
2008,FREMONT,PRESIDENT VICE PRESIDENT,,BRIAN MOORE STEWART A ALEXANDER,SOCIALIST PARTY USA,1.000000
2008,FREMONT,PRESIDENT VICE PRESIDENT,,CHUCK BALDWIN DARRELL L CASTLE,CONSTITUTION PARTY,6.000000
2008,FREMONT,PRESIDENT VICE PRESIDENT,,CYNTHIA MCKINNEY ROSA CLEMENTE,GREEN PARTY,4.000000
2008,FREMONT,PRESIDENT VICE PRESIDENT,,GLORIA LA RIVA ROBERT MOSES,PARTY FOR SOCIALISM AND LIBERATION,1.000000
2008,FREMONT,PRESIDENT VICE PRESIDENT,,JAMES HARRIS ALYSON KENNEDY,SOCIALIST WORKERS PARTY,1.000000
2008,FREMONT,PRESIDENT VICE PRESIDENT,,JOHN MCCAIN SARAH PALIN,REPUBLICAN,1989.000000
2008,FREMONT,PRESIDENT VICE PRESIDENT,,RALPH NADER MATT GONZALEZ,PEACE AND FREEDOM,25.000000
2008,FREMONT,PRESIDENT VICE PRESIDENT,,SCATTERING,,15.000000
2008,FREMONT,U S SENATE,,CHRISTOPHER REED,REPUBLICAN,1537.000000
2008,FREMONT,U S SENATE,,SCATTERING,,4.000000
2008,FREMONT,U S SENATE,,TOM HARKIN,DEMOCRAT,2260.000000
2008,GREENE,PRESIDENT VICE PRESIDENT,,BARACK OBAMA JOE BIDEN,DEMOCRAT,2371.000000
2008,GREENE,PRESIDENT VICE PRESIDENT,,BOB BARR WAYNE A ROOT,LIBERTARIAN,13.000000
2008,GREENE,PRESIDENT VICE PRESIDENT,,BRIAN MOORE STEWART A ALEXANDER,SOCIALIST PARTY USA,0.000000
2008,GREENE,PRESIDENT VICE PRESIDENT,,CHUCK BALDWIN DARRELL L CASTLE,CONSTITUTION PARTY,13.000000
2008,GREENE,PRESIDENT VICE PRESIDENT,,CYNTHIA MCKINNEY ROSA CLEMENTE,GREEN PARTY,2.000000
2008,GREENE,PRESIDENT VICE PRESIDENT,,GLORIA LA RIVA ROBERT MOSES,PARTY FOR SOCIALISM AND LIBERATION,0.000000
2008,GREENE,PRESIDENT VICE PRESIDENT,,JAMES HARRIS ALYSON KENNEDY,SOCIALIST WORKERS PARTY,1.000000
2008,GREENE,PRESIDENT VICE PRESIDENT,,JOHN MCCAIN SARAH PALIN,REPUBLICAN,2349.000000
2008,GREENE,PRESIDENT VICE PRESIDENT,,RALPH NADER MATT GONZALEZ,PEACE AND FREEDOM,27.000000
2008,GREENE,PRESIDENT VICE PRESIDENT,,SCATTERING,,28.000000
2008,GREENE,U S SENATE,,CHRISTOPHER REED,REPUBLICAN,1977.000000
2008,GREENE,U S SENATE,,SCATTERING,,3.000000
2008,GREENE,U S SENATE,,TOM HARKIN,DEMOCRAT,2743.000000
2008,GRUNDY,PRESIDENT VICE PRESIDENT,,BARACK OBAMA JOE BIDEN,DEMOCRAT,2790.000000
2008,GRUNDY,PRESIDENT VICE PRESIDENT,,BOB BARR WAYNE A ROOT,LIBERTARIAN,18.000000
2008,GRUNDY,PRESIDENT VICE PRESIDENT,,BRIAN MOORE STEWART A ALEXANDER,SOCIALIST PARTY USA,1.000000
2008,GRUNDY,PRESIDENT VICE PRESIDENT,,CHUCK BALDWIN DARRELL L CASTLE,CONSTITUTION PARTY,25.000000
2008,GRUNDY,PRESIDENT VICE PRESIDENT,,CYNTHIA MCKINNEY ROSA CLEMENTE,GREEN PARTY,3.000000
2008,GRUNDY,PRESIDENT VICE PRESIDENT,,GLORIA LA RIVA ROBERT MOSES,PARTY FOR SOCIALISM AND LIBERATION,0.000000
2008,GRUNDY,PRESIDENT VICE PRESIDENT,,JAMES HARRIS ALYSON KENNEDY,SOCIALIST WORKERS PARTY,3.000000
2008,GRUNDY,PRESIDENT VICE PRESIDENT,,JOHN MCCAIN SARAH PALIN,REPUBLICAN,3945.000000
2008,GRUNDY,PRESIDENT VICE PRESIDENT,,RALPH NADER MATT GONZALEZ,PEACE AND FREEDOM,15.000000
2008,GRUNDY,PRESIDENT VICE PRESIDENT,,SCATTERING,,29.000000
2008,GRUNDY,U S SENATE,,CHRISTOPHER REED,REPUBLICAN,3325.000000
2008,GRUNDY,U S SENATE,,SCATTERING,,4.000000
2008,GRUNDY,U S SENATE,,TOM HARKIN,DEMOCRAT,3389.000000
2008,GUTHRIE,PRESIDENT VICE PRESIDENT,,BARACK OBAMA JOE BIDEN,DEMOCRAT,2625.000000
2008,GUTHRIE,PRESIDENT VICE PRESIDENT,,BOB BARR WAYNE A ROOT,LIBERTARIAN,42.000000
2008,GUTHRIE,PRESIDENT VICE PRESIDENT,,BRIAN MOORE STEWART A ALEXANDER,SOCIALIST PARTY USA,2.000000
2008,GUTHRIE,PRESIDENT VICE PRESIDENT,,CHUCK BALDWIN DARRELL L CASTLE,CONSTITUTION PARTY,22.000000
2008,GUTHRIE,PRESIDENT VICE PRESIDENT,,CYNTHIA MCKINNEY ROSA CLEMENTE,GREEN PARTY,4.000000
2008,GUTHRIE,PRESIDENT VICE PRESIDENT,,GLORIA LA RIVA ROBERT MOSES,PARTY FOR SOCIALISM AND LIBERATION,0.000000
2008,GUTHRIE,PRESIDENT VICE PRESIDENT,,JAMES HARRIS ALYSON KENNEDY,SOCIALIST WORKERS PARTY,3.000000
2008,GUTHRIE,PRESIDENT VICE PRESIDENT,,JOHN MCCAIN SARAH PALIN,REPUBLICAN,3074.000000
2008,GUTHRIE,PRESIDENT VICE PRESIDENT,,RALPH NADER MATT GONZALEZ,PEACE AND FREEDOM,46.000000
2008,GUTHRIE,PRESIDENT VICE PRESIDENT,,SCATTERING,,31.000000
2008,GUTHRIE,U S SENATE,,CHRISTOPHER REED,REPUBLICAN,2635.000000
2008,GUTHRIE,U S SENATE,,SCATTERING,,6.000000
2008,GUTHRIE,U S SENATE,,TOM HARKIN,DEMOCRAT,3147.000000
2008,HAMILTON,PRESIDENT VICE PRESIDENT,,BARACK OBAMA JOE BIDEN,DEMOCRAT,4018.000000
2008,HAMILTON,PRESIDENT VICE PRESIDENT,,BOB BARR WAYNE A ROOT,LIBERTARIAN,27.000000
2008,HAMILTON,PRESIDENT VICE PRESIDENT,,BRIAN MOORE STEWART A ALEXANDER,SOCIALIST PARTY USA,1.000000
2008,HAMILTON,PRESIDENT VICE PRESIDENT,,CHUCK BALDWIN DARRELL L CASTLE,CONSTITUTION PARTY,28.000000
2008,HAMILTON,PRESIDENT VICE PRESIDENT,,CYNTHIA MCKINNEY ROSA CLEMENTE,GREEN PARTY,4.000000
2008,HAMILTON,PRESIDENT VICE PRESIDENT,,GLORIA LA RIVA ROBERT MOSES,PARTY FOR SOCIALISM AND LIBERATION,2.000000
2008,HAMILTON,PRESIDENT VICE PRESIDENT,,JAMES HARRIS ALYSON KENNEDY,SOCIALIST WORKERS PARTY,4.000000
2008,HAMILTON,PRESIDENT VICE PRESIDENT,,JOHN MCCAIN SARAH PALIN,REPUBLICAN,3913.000000
2008,HAMILTON,PRESIDENT VICE PRESIDENT,,RALPH NADER MATT GONZALEZ,PEACE AND FREEDOM,52.000000
2008,HAMILTON,PRESIDENT VICE PRESIDENT,,SCATTERING,,32.000000
2008,HAMILTON,U S SENATE,,CHRISTOPHER REED,REPUBLICAN,3178.000000
2008,HAMILTON,U S SENATE,,SCATTERING,,2.000000
2008,HAMILTON,U S SENATE,,TOM HARKIN,DEMOCRAT,4765.000000
2008,HANCOCK,PRESIDENT VICE PRESIDENT,,BARACK OBAMA JOE BIDEN,DEMOCRAT,2805.000000
2008,HANCOCK,PRESIDENT VICE PRESIDENT,,BOB BARR WAYNE A ROOT,LIBERTARIAN,20.000000
2008,HANCOCK,PRESIDENT VICE PRESIDENT,,BRIAN MOORE STEWART A ALEXANDER,SOCIALIST PARTY USA,0.000000
2008,HANCOCK,PRESIDENT VICE PRESIDENT,,CHUCK BALDWIN DARRELL L CASTLE,CONSTITUTION PARTY,16.000000
2008,HANCOCK,PRESIDENT VICE PRESIDENT,,CYNTHIA MCKINNEY ROSA CLEMENTE,GREEN PARTY,6.000000
2008,HANCOCK,PRESIDENT VICE PRESIDENT,,GLORIA LA RIVA ROBERT MOSES,PARTY FOR SOCIALISM AND LIBERATION,0.000000
2008,HANCOCK,PRESIDENT VICE PRESIDENT,,JAMES HARRIS ALYSON KENNEDY,SOCIALIST WORKERS PARTY,1.000000
2008,HANCOCK,PRESIDENT VICE PRESIDENT,,JOHN MCCAIN SARAH PALIN,REPUBLICAN,3016.000000
2008,HANCOCK,PRESIDENT VICE PRESIDENT,,RALPH NADER MATT GONZALEZ,PEACE AND FREEDOM,43.000000
2008,HANCOCK,PRESIDENT VICE PRESIDENT,,SCATTERING,,23.000000
2008,HANCOCK,U S SENATE,,CHRISTOPHER REED,REPUBLICAN,2326.000000
2008,HANCOCK,U S SENATE,,SCATTERING,,2.000000
2008,HANCOCK,U S SENATE,,TOM HARKIN,DEMOCRAT,3518.000000
2008,HARDIN,PRESIDENT VICE PRESIDENT,,BARACK OBAMA JOE BIDEN,DEMOCRAT,4393.000000
2008,HARDIN,PRESIDENT VICE PRESIDENT,,BOB BARR WAYNE A ROOT,LIBERTARIAN,22.000000
2008,HARDIN,PRESIDENT VICE PRESIDENT,,BRIAN MOORE STEWART A ALEXANDER,SOCIALIST PARTY USA,1.000000
2008,HARDIN,PRESIDENT VICE PRESIDENT,,CHUCK BALDWIN DARRELL L CASTLE,CONSTITUTION PARTY,51.000000
2008,HARDIN,PRESIDENT VICE PRESIDENT,,CYNTHIA MCKINNEY ROSA CLEMENTE,GREEN PARTY,7.000000
2008,HARDIN,PRESIDENT VICE PRESIDENT,,GLORIA LA RIVA ROBERT MOSES,PARTY FOR SOCIALISM AND LIBERATION,1.000000
2008,HARDIN,PRESIDENT VICE PRESIDENT,,JAMES HARRIS ALYSON KENNEDY,SOCIALIST WORKERS PARTY,4.000000
2008,HARDIN,PRESIDENT VICE PRESIDENT,,JOHN MCCAIN SARAH PALIN,REPUBLICAN,4315.000000
2008,HARDIN,PRESIDENT VICE PRESIDENT,,RALPH NADER MATT GONZALEZ,PEACE AND FREEDOM,36.000000
2008,HARDIN,PRESIDENT VICE PRESIDENT,,SCATTERING,,31.000000
2008,HARDIN,U S SENATE,,CHRISTOPHER REED,REPUBLICAN,3611.000000
2008,HARDIN,U S SENATE,,SCATTERING,,7.000000
2008,HARDIN,U S SENATE,,TOM HARKIN,DEMOCRAT,5131.000000
2008,HARRISON,PRESIDENT VICE PRESIDENT,,BARACK OBAMA JOE BIDEN,DEMOCRAT,3555.000000
2008,HARRISON,PRESIDENT VICE PRESIDENT,,BOB BARR WAYNE A ROOT,LIBERTARIAN,10.000000
2008,HARRISON,PRESIDENT VICE PRESIDENT,,BRIAN MOORE STEWART A ALEXANDER,SOCIALIST PARTY USA,1.000000
2008,HARRISON,PRESIDENT VICE PRESIDENT,,CHUCK BALDWIN DARRELL L CASTLE,CONSTITUTION PARTY,11.000000
2008,HARRISON,PRESIDENT VICE PRESIDENT,,CYNTHIA MCKINNEY ROSA CLEMENTE,GREEN PARTY,7.000000
2008,HARRISON,PRESIDENT VICE PRESIDENT,,GLORIA LA RIVA ROBERT MOSES,PARTY FOR SOCIALISM AND LIBERATION,4.000000
2008,HARRISON,PRESIDENT VICE PRESIDENT,,JAMES HARRIS ALYSON KENNEDY,SOCIALIST WORKERS PARTY,1.000000
2008,HARRISON,PRESIDENT VICE PRESIDENT,,JOHN MCCAIN SARAH PALIN,REPUBLICAN,3909.000000
2008,HARRISON,PRESIDENT VICE PRESIDENT,,RALPH NADER MATT GONZALEZ,PEACE AND FREEDOM,50.000000
2008,HARRISON,PRESIDENT VICE PRESIDENT,,SCATTERING,,35.000000
2008,HARRISON,U S SENATE,,CHRISTOPHER REED,REPUBLICAN,2928.000000
2008,HARRISON,U S SENATE,,SCATTERING,,9.000000
2008,HARRISON,U S SENATE,,TOM HARKIN,DEMOCRAT,4422.000000
2008,HENRY,PRESIDENT VICE PRESIDENT,,BARACK OBAMA JOE BIDEN,DEMOCRAT,4349.000000
2008,HENRY,PRESIDENT VICE PRESIDENT,,BOB BARR WAYNE A ROOT,LIBERTARIAN,20.000000
2008,HENRY,PRESIDENT VICE PRESIDENT,,BRIAN MOORE STEWART A ALEXANDER,SOCIALIST PARTY USA,2.000000
2008,HENRY,PRESIDENT VICE PRESIDENT,,CHUCK BALDWIN DARRELL L CASTLE,CONSTITUTION PARTY,45.000000
2008,HENRY,PRESIDENT VICE PRESIDENT,,CYNTHIA MCKINNEY ROSA CLEMENTE,GREEN PARTY,13.000000
2008,HENRY,PRESIDENT VICE PRESIDENT,,GLORIA LA RIVA ROBERT MOSES,PARTY FOR SOCIALISM AND LIBERATION,1.000000
2008,HENRY,PRESIDENT VICE PRESIDENT,,JAMES HARRIS ALYSON KENNEDY,SOCIALIST WORKERS PARTY,1.000000
2008,HENRY,PRESIDENT VICE PRESIDENT,,JOHN MCCAIN SARAH PALIN,REPUBLICAN,4822.000000
2008,HENRY,PRESIDENT VICE PRESIDENT,,RALPH NADER MATT GONZALEZ,PEACE AND FREEDOM,65.000000
2008,HENRY,PRESIDENT VICE PRESIDENT,,SCATTERING,,62.000000
2008,HENRY,U S SENATE,,CHRISTOPHER REED,REPUBLICAN,3950.000000
2008,HENRY,U S SENATE,,SCATTERING,,7.000000
2008,HENRY,U S SENATE,,TOM HARKIN,DEMOCRAT,5193.000000
2008,HOWARD,PRESIDENT VICE PRESIDENT,,BARACK OBAMA JOE BIDEN,DEMOCRAT,2941.000000
2008,HOWARD,PRESIDENT VICE PRESIDENT,,BOB BARR WAYNE A ROOT,LIBERTARIAN,9.000000
2008,HOWARD,PRESIDENT VICE PRESIDENT,,BRIAN MOORE STEWART A ALEXANDER,SOCIALIST PARTY USA,0.000000
2008,HOWARD,PRESIDENT VICE PRESIDENT,,CHUCK BALDWIN DARRELL L CASTLE,CONSTITUTION PARTY,13.000000
2008,HOWARD,PRESIDENT VICE PRESIDENT,,CYNTHIA MCKINNEY ROSA CLEMENTE,GREEN PARTY,4.000000
2008,HOWARD,PRESIDENT VICE PRESIDENT,,GLORIA LA RIVA ROBERT MOSES,PARTY FOR SOCIALISM AND LIBERATION,1.000000
2008,HOWARD,PRESIDENT VICE PRESIDENT,,JAMES HARRIS ALYSON KENNEDY,SOCIALIST WORKERS PARTY,2.000000
2008,HOWARD,PRESIDENT VICE PRESIDENT,,JOHN MCCAIN SARAH PALIN,REPUBLICAN,1722.000000
2008,HOWARD,PRESIDENT VICE PRESIDENT,,RALPH NADER MATT GONZALEZ,PEACE AND FREEDOM,23.000000
2008,HOWARD,PRESIDENT VICE PRESIDENT,,SCATTERING,,14.000000
2008,HOWARD,U S SENATE,,CHRISTOPHER REED,REPUBLICAN,1281.000000
2008,HOWARD,U S SENATE,,SCATTERING,,0.000000
2008,HOWARD,U S SENATE,,TOM HARKIN,DEMOCRAT,3361.000000
2008,HUMBOLDT,PRESIDENT VICE PRESIDENT,,BARACK OBAMA JOE BIDEN,DEMOCRAT,2160.000000
2008,HUMBOLDT,PRESIDENT VICE PRESIDENT,,BOB BARR WAYNE A ROOT,LIBERTARIAN,14.000000
2008,HUMBOLDT,PRESIDENT VICE PRESIDENT,,BRIAN MOORE STEWART A ALEXANDER,SOCIALIST PARTY USA,1.000000
2008,HUMBOLDT,PRESIDENT VICE PRESIDENT,,CHUCK BALDWIN DARRELL L CASTLE,CONSTITUTION PARTY,13.000000
2008,HUMBOLDT,PRESIDENT VICE PRESIDENT,,CYNTHIA MCKINNEY ROSA CLEMENTE,GREEN PARTY,3.000000
2008,HUMBOLDT,PRESIDENT VICE PRESIDENT,,GLORIA LA RIVA ROBERT MOSES,PARTY FOR SOCIALISM AND LIBERATION,0.000000
2008,HUMBOLDT,PRESIDENT VICE PRESIDENT,,JAMES HARRIS ALYSON KENNEDY,SOCIALIST WORKERS PARTY,2.000000
2008,HUMBOLDT,PRESIDENT VICE PRESIDENT,,JOHN MCCAIN SARAH PALIN,REPUBLICAN,2895.000000
2008,HUMBOLDT,PRESIDENT VICE PRESIDENT,,RALPH NADER MATT GONZALEZ,PEACE AND FREEDOM,30.000000
2008,HUMBOLDT,PRESIDENT VICE PRESIDENT,,SCATTERING,,5.000000
2008,HUMBOLDT,U S SENATE,,CHRISTOPHER REED,REPUBLICAN,2275.000000
2008,HUMBOLDT,U S SENATE,,SCATTERING,,4.000000
2008,HUMBOLDT,U S SENATE,,TOM HARKIN,DEMOCRAT,2777.000000
2008,IDA,PRESIDENT VICE PRESIDENT,,BARACK OBAMA JOE BIDEN,DEMOCRAT,1454.000000
2008,IDA,PRESIDENT VICE PRESIDENT,,BOB BARR WAYNE A ROOT,LIBERTARIAN,12.000000
2008,IDA,PRESIDENT VICE PRESIDENT,,BRIAN MOORE STEWART A ALEXANDER,SOCIALIST PARTY USA,0.000000
2008,IDA,PRESIDENT VICE PRESIDENT,,CHUCK BALDWIN DARRELL L CASTLE,CONSTITUTION PARTY,5.000000
2008,IDA,PRESIDENT VICE PRESIDENT,,CYNTHIA MCKINNEY ROSA CLEMENTE,GREEN PARTY,4.000000
2008,IDA,PRESIDENT VICE PRESIDENT,,GLORIA LA RIVA ROBERT MOSES,PARTY FOR SOCIALISM AND LIBERATION,0.000000
2008,IDA,PRESIDENT VICE PRESIDENT,,JAMES HARRIS ALYSON KENNEDY,SOCIALIST WORKERS PARTY,1.000000
2008,IDA,PRESIDENT VICE PRESIDENT,,JOHN MCCAIN SARAH PALIN,REPUBLICAN,2036.000000
2008,IDA,PRESIDENT VICE PRESIDENT,,RALPH NADER MATT GONZALEZ,PEACE AND FREEDOM,23.000000
2008,IDA,PRESIDENT VICE PRESIDENT,,SCATTERING,,12.000000
2008,IDA,U S SENATE,,CHRISTOPHER REED,REPUBLICAN,1447.000000
2008,IDA,U S SENATE,,SCATTERING,,2.000000
2008,IDA,U S SENATE,,TOM HARKIN,DEMOCRAT,1987.000000
2008,IOWA,PRESIDENT VICE PRESIDENT,,BARACK OBAMA JOE BIDEN,DEMOCRAT,4202.000000
2008,IOWA,PRESIDENT VICE PRESIDENT,,BOB BARR WAYNE A ROOT,LIBERTARIAN,31.000000
2008,IOWA,PRESIDENT VICE PRESIDENT,,BRIAN MOORE STEWART A ALEXANDER,SOCIALIST PARTY USA,2.000000
2008,IOWA,PRESIDENT VICE PRESIDENT,,CHUCK BALDWIN DARRELL L CASTLE,CONSTITUTION PARTY,31.000000
2008,IOWA,PRESIDENT VICE PRESIDENT,,CYNTHIA MCKINNEY ROSA CLEMENTE,GREEN PARTY,10.000000
2008,IOWA,PRESIDENT VICE PRESIDENT,,GLORIA LA RIVA ROBERT MOSES,PARTY FOR SOCIALISM AND LIBERATION,0.000000
2008,IOWA,PRESIDENT VICE PRESIDENT,,JAMES HARRIS ALYSON KENNEDY,SOCIALIST WORKERS PARTY,2.000000
2008,IOWA,PRESIDENT VICE PRESIDENT,,JOHN MCCAIN SARAH PALIN,REPUBLICAN,4188.000000
2008,IOWA,PRESIDENT VICE PRESIDENT,,RALPH NADER MATT GONZALEZ,PEACE AND FREEDOM,50.000000
2008,IOWA,PRESIDENT VICE PRESIDENT,,SCATTERING,,32.000000
2008,IOWA,U S SENATE,,CHRISTOPHER REED,REPUBLICAN,3318.000000
2008,IOWA,U S SENATE,,SCATTERING,,6.000000
2008,IOWA,U S SENATE,,TOM HARKIN,DEMOCRAT,5051.000000
2008,JACKSON,PRESIDENT VICE PRESIDENT,,BARACK OBAMA JOE BIDEN,DEMOCRAT,6102.000000
2008,JACKSON,PRESIDENT VICE PRESIDENT,,BOB BARR WAYNE A ROOT,LIBERTARIAN,18.000000
2008,JACKSON,PRESIDENT VICE PRESIDENT,,BRIAN MOORE STEWART A ALEXANDER,SOCIALIST PARTY USA,1.000000
2008,JACKSON,PRESIDENT VICE PRESIDENT,,CHUCK BALDWIN DARRELL L CASTLE,CONSTITUTION PARTY,48.000000
2008,JACKSON,PRESIDENT VICE PRESIDENT,,CYNTHIA MCKINNEY ROSA CLEMENTE,GREEN PARTY,13.000000
2008,JACKSON,PRESIDENT VICE PRESIDENT,,GLORIA LA RIVA ROBERT MOSES,PARTY FOR SOCIALISM AND LIBERATION,1.000000
2008,JACKSON,PRESIDENT VICE PRESIDENT,,JAMES HARRIS ALYSON KENNEDY,SOCIALIST WORKERS PARTY,3.000000
2008,JACKSON,PRESIDENT VICE PRESIDENT,,JOHN MCCAIN SARAH PALIN,REPUBLICAN,3673.000000
2008,JACKSON,PRESIDENT VICE PRESIDENT,,RALPH NADER MATT GONZALEZ,PEACE AND FREEDOM,48.000000
2008,JACKSON,PRESIDENT VICE PRESIDENT,,SCATTERING,,50.000000
2008,JACKSON,U S SENATE,,CHRISTOPHER REED,REPUBLICAN,2813.000000
2008,JACKSON,U S SENATE,,SCATTERING,,2.000000
2008,JACKSON,U S SENATE,,TOM HARKIN,DEMOCRAT,6871.000000
2008,JASPER,PRESIDENT VICE PRESIDENT,,BARACK OBAMA JOE BIDEN,DEMOCRAT,10250.000000
2008,JASPER,PRESIDENT VICE PRESIDENT,,BOB BARR WAYNE A ROOT,LIBERTARIAN,62.000000
2008,JASPER,PRESIDENT VICE PRESIDENT,,BRIAN MOORE STEWART A ALEXANDER,SOCIALIST PARTY USA,1.000000
2008,JASPER,PRESIDENT VICE PRESIDENT,,CHUCK BALDWIN DARRELL L CASTLE,CONSTITUTION PARTY,74.000000
2008,JASPER,PRESIDENT VICE PRESIDENT,,CYNTHIA MCKINNEY ROSA CLEMENTE,GREEN PARTY,14.000000
2008,JASPER,PRESIDENT VICE PRESIDENT,,GLORIA LA RIVA ROBERT MOSES,PARTY FOR SOCIALISM AND LIBERATION,0.000000
2008,JASPER,PRESIDENT VICE PRESIDENT,,JAMES HARRIS ALYSON KENNEDY,SOCIALIST WORKERS PARTY,6.000000
2008,JASPER,PRESIDENT VICE PRESIDENT,,JOHN MCCAIN SARAH PALIN,REPUBLICAN,8794.000000
2008,JASPER,PRESIDENT VICE PRESIDENT,,RALPH NADER MATT GONZALEZ,PEACE AND FREEDOM,103.000000
2008,JASPER,PRESIDENT VICE PRESIDENT,,SCATTERING,,118.000000
2008,JASPER,U S SENATE,,CHRISTOPHER REED,REPUBLICAN,7759.000000
2008,JASPER,U S SENATE,,SCATTERING,,11.000000
2008,JASPER,U S SENATE,,TOM HARKIN,DEMOCRAT,11368.000000
2008,JEFFERSON,PRESIDENT VICE PRESIDENT,,BARACK OBAMA JOE BIDEN,DEMOCRAT,5070.000000
2008,JEFFERSON,PRESIDENT VICE PRESIDENT,,BOB BARR WAYNE A ROOT,LIBERTARIAN,32.000000
2008,JEFFERSON,PRESIDENT VICE PRESIDENT,,BRIAN MOORE STEWART A ALEXANDER,SOCIALIST PARTY USA,0.000000
2008,JEFFERSON,PRESIDENT VICE PRESIDENT,,CHUCK BALDWIN DARRELL L CASTLE,CONSTITUTION PARTY,44.000000
2008,JEFFERSON,PRESIDENT VICE PRESIDENT,,CYNTHIA MCKINNEY ROSA CLEMENTE,GREEN PARTY,22.000000
2008,JEFFERSON,PRESIDENT VICE PRESIDENT,,GLORIA LA RIVA ROBERT MOSES,PARTY FOR SOCIALISM AND LIBERATION,1.000000
2008,JEFFERSON,PRESIDENT VICE PRESIDENT,,JAMES HARRIS ALYSON KENNEDY,SOCIALIST WORKERS PARTY,2.000000
2008,JEFFERSON,PRESIDENT VICE PRESIDENT,,JOHN MCCAIN SARAH PALIN,REPUBLICAN,3324.000000
2008,JEFFERSON,PRESIDENT VICE PRESIDENT,,RALPH NADER MATT GONZALEZ,PEACE AND FREEDOM,51.000000
2008,JEFFERSON,PRESIDENT VICE PRESIDENT,,SCATTERING,,86.000000
2008,JEFFERSON,U S SENATE,,CHRISTOPHER REED,REPUBLICAN,2700.000000
2008,JEFFERSON,U S SENATE,,SCATTERING,,10.000000
2008,JEFFERSON,U S SENATE,,TOM HARKIN,DEMOCRAT,5690.000000
2008,JOHNSON,PRESIDENT VICE PRESIDENT,,BARACK OBAMA JOE BIDEN,DEMOCRAT,51027.000000
2008,JOHNSON,PRESIDENT VICE PRESIDENT,,BOB BARR WAYNE A ROOT,LIBERTARIAN,287.000000
2008,JOHNSON,PRESIDENT VICE PRESIDENT,,BRIAN MOORE STEWART A ALEXANDER,SOCIALIST PARTY USA,10.000000
2008,JOHNSON,PRESIDENT VICE PRESIDENT,,CHUCK BALDWIN DARRELL L CASTLE,CONSTITUTION PARTY,128.000000
2008,JOHNSON,PRESIDENT VICE PRESIDENT,,CYNTHIA MCKINNEY ROSA CLEMENTE,GREEN PARTY,120.000000
2008,JOHNSON,PRESIDENT VICE PRESIDENT,,GLORIA LA RIVA ROBERT MOSES,PARTY FOR SOCIALISM AND LIBERATION,4.000000
2008,JOHNSON,PRESIDENT VICE PRESIDENT,,JAMES HARRIS ALYSON KENNEDY,SOCIALIST WORKERS PARTY,9.000000
2008,JOHNSON,PRESIDENT VICE PRESIDENT,,JOHN MCCAIN SARAH PALIN,REPUBLICAN,20732.000000
2008,JOHNSON,PRESIDENT VICE PRESIDENT,,RALPH NADER MATT GONZALEZ,PEACE AND FREEDOM,326.000000
2008,JOHNSON,PRESIDENT VICE PRESIDENT,,SCATTERING,,346.000000
2008,JOHNSON,U S SENATE,,CHRISTOPHER REED,REPUBLICAN,17537.000000
2008,JOHNSON,U S SENATE,,SCATTERING,,135.000000
2008,JOHNSON,U S SENATE,,TOM HARKIN,DEMOCRAT,52741.000000
2008,JONES,PRESIDENT VICE PRESIDENT,,BARACK OBAMA JOE BIDEN,DEMOCRAT,5446.000000
2008,JONES,PRESIDENT VICE PRESIDENT,,BOB BARR WAYNE A ROOT,LIBERTARIAN,30.000000
2008,JONES,PRESIDENT VICE PRESIDENT,,BRIAN MOORE STEWART A ALEXANDER,SOCIALIST PARTY USA,4.000000
2008,JONES,PRESIDENT VICE PRESIDENT,,CHUCK BALDWIN DARRELL L CASTLE,CONSTITUTION PARTY,26.000000
2008,JONES,PRESIDENT VICE PRESIDENT,,CYNTHIA MCKINNEY ROSA CLEMENTE,GREEN PARTY,7.000000
2008,JONES,PRESIDENT VICE PRESIDENT,,GLORIA LA RIVA ROBERT MOSES,PARTY FOR SOCIALISM AND LIBERATION,0.000000
2008,JONES,PRESIDENT VICE PRESIDENT,,JAMES HARRIS ALYSON KENNEDY,SOCIALIST WORKERS PARTY,1.000000
2008,JONES,PRESIDENT VICE PRESIDENT,,JOHN MCCAIN SARAH PALIN,REPUBLICAN,4405.000000
2008,JONES,PRESIDENT VICE PRESIDENT,,RALPH NADER MATT GONZALEZ,PEACE AND FREEDOM,51.000000
2008,JONES,PRESIDENT VICE PRESIDENT,,SCATTERING,,38.000000
2008,JONES,U S SENATE,,CHRISTOPHER REED,REPUBLICAN,3543.000000
2008,JONES,U S SENATE,,SCATTERING,,7.000000
2008,JONES,U S SENATE,,TOM HARKIN,DEMOCRAT,6306.000000
2008,KEOKUK,PRESIDENT VICE PRESIDENT,,BARACK OBAMA JOE BIDEN,DEMOCRAT,2518.000000
2008,KEOKUK,PRESIDENT VICE PRESIDENT,,BOB BARR WAYNE A ROOT,LIBERTARIAN,13.000000
2008,KEOKUK,PRESIDENT VICE PRESIDENT,,BRIAN MOORE STEWART A ALEXANDER,SOCIALIST PARTY USA,0.000000
2008,KEOKUK,PRESIDENT VICE PRESIDENT,,CHUCK BALDWIN DARRELL L CASTLE,CONSTITUTION PARTY,32.000000
2008,KEOKUK,PRESIDENT VICE PRESIDENT,,CYNTHIA MCKINNEY ROSA CLEMENTE,GREEN PARTY,8.000000
2008,KEOKUK,PRESIDENT VICE PRESIDENT,,GLORIA LA RIVA ROBERT MOSES,PARTY FOR SOCIALISM AND LIBERATION,1.000000
2008,KEOKUK,PRESIDENT VICE PRESIDENT,,JAMES HARRIS ALYSON KENNEDY,SOCIALIST WORKERS PARTY,7.000000
2008,KEOKUK,PRESIDENT VICE PRESIDENT,,JOHN MCCAIN SARAH PALIN,REPUBLICAN,2712.000000
2008,KEOKUK,PRESIDENT VICE PRESIDENT,,RALPH NADER MATT GONZALEZ,PEACE AND FREEDOM,33.000000
2008,KEOKUK,PRESIDENT VICE PRESIDENT,,SCATTERING,,38.000000
2008,KEOKUK,U S SENATE,,CHRISTOPHER REED,REPUBLICAN,2035.000000
2008,KEOKUK,U S SENATE,,SCATTERING,,1.000000
2008,KEOKUK,U S SENATE,,TOM HARKIN,DEMOCRAT,3170.000000
2008,KOSSUTH,PRESIDENT VICE PRESIDENT,,BARACK OBAMA JOE BIDEN,DEMOCRAT,4625.000000
2008,KOSSUTH,PRESIDENT VICE PRESIDENT,,BOB BARR WAYNE A ROOT,LIBERTARIAN,22.000000
2008,KOSSUTH,PRESIDENT VICE PRESIDENT,,BRIAN MOORE STEWART A ALEXANDER,SOCIALIST PARTY USA,2.000000
2008,KOSSUTH,PRESIDENT VICE PRESIDENT,,CHUCK BALDWIN DARRELL L CASTLE,CONSTITUTION PARTY,25.000000
2008,KOSSUTH,PRESIDENT VICE PRESIDENT,,CYNTHIA MCKINNEY ROSA CLEMENTE,GREEN PARTY,9.000000
2008,KOSSUTH,PRESIDENT VICE PRESIDENT,,GLORIA LA RIVA ROBERT MOSES,PARTY FOR SOCIALISM AND LIBERATION,1.000000
2008,KOSSUTH,PRESIDENT VICE PRESIDENT,,JAMES HARRIS ALYSON KENNEDY,SOCIALIST WORKERS PARTY,0.000000
2008,KOSSUTH,PRESIDENT VICE PRESIDENT,,JOHN MCCAIN SARAH PALIN,REPUBLICAN,4329.000000
2008,KOSSUTH,PRESIDENT VICE PRESIDENT,,RALPH NADER MATT GONZALEZ,PEACE AND FREEDOM,52.000000
2008,KOSSUTH,PRESIDENT VICE PRESIDENT,,SCATTERING,,35.000000
2008,KOSSUTH,U S SENATE,,CHRISTOPHER REED,REPUBLICAN,3100.000000
2008,KOSSUTH,U S SENATE,,SCATTERING,,2.000000
2008,KOSSUTH,U S SENATE,,TOM HARKIN,DEMOCRAT,5880.000000
2008,LEE,PRESIDENT VICE PRESIDENT,,BARACK OBAMA JOE BIDEN,DEMOCRAT,9821.000000
2008,LEE,PRESIDENT VICE PRESIDENT,,BOB BARR WAYNE A ROOT,LIBERTARIAN,67.000000
2008,LEE,PRESIDENT VICE PRESIDENT,,BRIAN MOORE STEWART A ALEXANDER,SOCIALIST PARTY USA,4.000000
2008,LEE,PRESIDENT VICE PRESIDENT,,CHUCK BALDWIN DARRELL L CASTLE,CONSTITUTION PARTY,45.000000
2008,LEE,PRESIDENT VICE PRESIDENT,,CYNTHIA MCKINNEY ROSA CLEMENTE,GREEN PARTY,21.000000
2008,LEE,PRESIDENT VICE PRESIDENT,,GLORIA LA RIVA ROBERT MOSES,PARTY FOR SOCIALISM AND LIBERATION,2.000000
2008,LEE,PRESIDENT VICE PRESIDENT,,JAMES HARRIS ALYSON KENNEDY,SOCIALIST WORKERS PARTY,2.000000
2008,LEE,PRESIDENT VICE PRESIDENT,,JOHN MCCAIN SARAH PALIN,REPUBLICAN,7062.000000
2008,LEE,PRESIDENT VICE PRESIDENT,,RALPH NADER MATT GONZALEZ,PEACE AND FREEDOM,118.000000
2008,LEE,PRESIDENT VICE PRESIDENT,,SCATTERING,,88.000000
2008,LEE,U S SENATE,,CHRISTOPHER REED,REPUBLICAN,5327.000000
2008,LEE,U S SENATE,,SCATTERING,,13.000000
2008,LEE,U S SENATE,,TOM HARKIN,DEMOCRAT,11473.000000
2008,LINN,PRESIDENT VICE PRESIDENT,,BARACK OBAMA JOE BIDEN,DEMOCRAT,68037.000000
2008,LINN,PRESIDENT VICE PRESIDENT,,BOB BARR WAYNE A ROOT,LIBERTARIAN,379.000000
2008,LINN,PRESIDENT VICE PRESIDENT,,BRIAN MOORE STEWART A ALEXANDER,SOCIALIST PARTY USA,8.000000
2008,LINN,PRESIDENT VICE PRESIDENT,,CHUCK BALDWIN DARRELL L CASTLE,CONSTITUTION PARTY,190.000000
2008,LINN,PRESIDENT VICE PRESIDENT,,CYNTHIA MCKINNEY ROSA CLEMENTE,GREEN PARTY,105.000000
2008,LINN,PRESIDENT VICE PRESIDENT,,GLORIA LA RIVA ROBERT MOSES,PARTY FOR SOCIALISM AND LIBERATION,6.000000
2008,LINN,PRESIDENT VICE PRESIDENT,,JAMES HARRIS ALYSON KENNEDY,SOCIALIST WORKERS PARTY,7.000000
2008,LINN,PRESIDENT VICE PRESIDENT,,JOHN MCCAIN SARAH PALIN,REPUBLICAN,43626.000000
2008,LINN,PRESIDENT VICE PRESIDENT,,RALPH NADER MATT GONZALEZ,PEACE AND FREEDOM,496.000000
2008,LINN,PRESIDENT VICE PRESIDENT,,SCATTERING,,515.000000
2008,LINN,U S SENATE,,CHRISTOPHER REED,REPUBLICAN,36662.000000
2008,LINN,U S SENATE,,SCATTERING,,141.000000
2008,LINN,U S SENATE,,TOM HARKIN,DEMOCRAT,74373.000000
2008,LOUISA,PRESIDENT VICE PRESIDENT,,BARACK OBAMA JOE BIDEN,DEMOCRAT,2523.000000
2008,LOUISA,PRESIDENT VICE PRESIDENT,,BOB BARR WAYNE A ROOT,LIBERTARIAN,13.000000
2008,LOUISA,PRESIDENT VICE PRESIDENT,,BRIAN MOORE STEWART A ALEXANDER,SOCIALIST PARTY USA,0.000000
2008,LOUISA,PRESIDENT VICE PRESIDENT,,CHUCK BALDWIN DARRELL L CASTLE,CONSTITUTION PARTY,8.000000
2008,LOUISA,PRESIDENT VICE PRESIDENT,,CYNTHIA MCKINNEY ROSA CLEMENTE,GREEN PARTY,3.000000
2008,LOUISA,PRESIDENT VICE PRESIDENT,,GLORIA LA RIVA ROBERT MOSES,PARTY FOR SOCIALISM AND LIBERATION,1.000000
2008,LOUISA,PRESIDENT VICE PRESIDENT,,JAMES HARRIS ALYSON KENNEDY,SOCIALIST WORKERS PARTY,3.000000
2008,LOUISA,PRESIDENT VICE PRESIDENT,,JOHN MCCAIN SARAH PALIN,REPUBLICAN,2314.000000
2008,LOUISA,PRESIDENT VICE PRESIDENT,,RALPH NADER MATT GONZALEZ,PEACE AND FREEDOM,28.000000
2008,LOUISA,PRESIDENT VICE PRESIDENT,,SCATTERING,,28.000000
2008,LOUISA,U S SENATE,,CHRISTOPHER REED,REPUBLICAN,1656.000000
2008,LOUISA,U S SENATE,,SCATTERING,,2.000000
2008,LOUISA,U S SENATE,,TOM HARKIN,DEMOCRAT,3167.000000
2008,LUCAS,PRESIDENT VICE PRESIDENT,,BARACK OBAMA JOE BIDEN,DEMOCRAT,2029.000000
2008,LUCAS,PRESIDENT VICE PRESIDENT,,BOB BARR WAYNE A ROOT,LIBERTARIAN,10.000000
2008,LUCAS,PRESIDENT VICE PRESIDENT,,BRIAN MOORE STEWART A ALEXANDER,SOCIALIST PARTY USA,4.000000
2008,LUCAS,PRESIDENT VICE PRESIDENT,,CHUCK BALDWIN DARRELL L CASTLE,CONSTITUTION PARTY,34.000000
2008,LUCAS,PRESIDENT VICE PRESIDENT,,CYNTHIA MCKINNEY ROSA CLEMENTE,GREEN PARTY,7.000000
2008,LUCAS,PRESIDENT VICE PRESIDENT,,GLORIA LA RIVA ROBERT MOSES,PARTY FOR SOCIALISM AND LIBERATION,1.000000
2008,LUCAS,PRESIDENT VICE PRESIDENT,,JAMES HARRIS ALYSON KENNEDY,SOCIALIST WORKERS PARTY,4.000000
2008,LUCAS,PRESIDENT VICE PRESIDENT,,JOHN MCCAIN SARAH PALIN,REPUBLICAN,2330.000000
2008,LUCAS,PRESIDENT VICE PRESIDENT,,RALPH NADER MATT GONZALEZ,PEACE AND FREEDOM,21.000000
2008,LUCAS,PRESIDENT VICE PRESIDENT,,SCATTERING,,36.000000
2008,LUCAS,U S SENATE,,CHRISTOPHER REED,REPUBLICAN,2039.000000
2008,LUCAS,U S SENATE,,SCATTERING,,1.000000
2008,LUCAS,U S SENATE,,TOM HARKIN,DEMOCRAT,2360.000000
2008,LYON,PRESIDENT VICE PRESIDENT,,BARACK OBAMA JOE BIDEN,DEMOCRAT,1675.000000
2008,LYON,PRESIDENT VICE PRESIDENT,,BOB BARR WAYNE A ROOT,LIBERTARIAN,12.000000
2008,LYON,PRESIDENT VICE PRESIDENT,,BRIAN MOORE STEWART A ALEXANDER,SOCIALIST PARTY USA,0.000000
2008,LYON,PRESIDENT VICE PRESIDENT,,CHUCK BALDWIN DARRELL L CASTLE,CONSTITUTION PARTY,15.000000
2008,LYON,PRESIDENT VICE PRESIDENT,,CYNTHIA MCKINNEY ROSA CLEMENTE,GREEN PARTY,3.000000
2008,LYON,PRESIDENT VICE PRESIDENT,,GLORIA LA RIVA ROBERT MOSES,PARTY FOR SOCIALISM AND LIBERATION,3.000000
2008,LYON,PRESIDENT VICE PRESIDENT,,JAMES HARRIS ALYSON KENNEDY,SOCIALIST WORKERS PARTY,2.000000
2008,LYON,PRESIDENT VICE PRESIDENT,,JOHN MCCAIN SARAH PALIN,REPUBLICAN,4471.000000
2008,LYON,PRESIDENT VICE PRESIDENT,,RALPH NADER MATT GONZALEZ,PEACE AND FREEDOM,28.000000
2008,LYON,PRESIDENT VICE PRESIDENT,,SCATTERING,,11.000000
2008,LYON,U S SENATE,,CHRISTOPHER REED,REPUBLICAN,3614.000000
2008,LYON,U S SENATE,,SCATTERING,,6.000000
2008,LYON,U S SENATE,,TOM HARKIN,DEMOCRAT,2318.000000
2008,MADISON,PRESIDENT VICE PRESIDENT,,BARACK OBAMA JOE BIDEN,DEMOCRAT,3733.000000
2008,MADISON,PRESIDENT VICE PRESIDENT,,BOB BARR WAYNE A ROOT,LIBERTARIAN,25.000000
2008,MADISON,PRESIDENT VICE PRESIDENT,,BRIAN MOORE STEWART A ALEXANDER,SOCIALIST PARTY USA,0.000000
2008,MADISON,PRESIDENT VICE PRESIDENT,,CHUCK BALDWIN DARRELL L CASTLE,CONSTITUTION PARTY,49.000000
2008,MADISON,PRESIDENT VICE PRESIDENT,,CYNTHIA MCKINNEY ROSA CLEMENTE,GREEN PARTY,6.000000
2008,MADISON,PRESIDENT VICE PRESIDENT,,GLORIA LA RIVA ROBERT MOSES,PARTY FOR SOCIALISM AND LIBERATION,1.000000
2008,MADISON,PRESIDENT VICE PRESIDENT,,JAMES HARRIS ALYSON KENNEDY,SOCIALIST WORKERS PARTY,2.000000
2008,MADISON,PRESIDENT VICE PRESIDENT,,JOHN MCCAIN SARAH PALIN,REPUBLICAN,4579.000000
2008,MADISON,PRESIDENT VICE PRESIDENT,,RALPH NADER MATT GONZALEZ,PEACE AND FREEDOM,50.000000
2008,MADISON,PRESIDENT VICE PRESIDENT,,SCATTERING,,36.000000
2008,MADISON,U S SENATE,,CHRISTOPHER REED,REPUBLICAN,3953.000000
2008,MADISON,U S SENATE,,SCATTERING,,9.000000
2008,MADISON,U S SENATE,,TOM HARKIN,DEMOCRAT,4386.000000
2008,MAHASKA,PRESIDENT VICE PRESIDENT,,BARACK OBAMA JOE BIDEN,DEMOCRAT,4464.000000
2008,MAHASKA,PRESIDENT VICE PRESIDENT,,BOB BARR WAYNE A ROOT,LIBERTARIAN,26.000000
2008,MAHASKA,PRESIDENT VICE PRESIDENT,,BRIAN MOORE STEWART A ALEXANDER,SOCIALIST PARTY USA,1.000000
2008,MAHASKA,PRESIDENT VICE PRESIDENT,,CHUCK BALDWIN DARRELL L CASTLE,CONSTITUTION PARTY,55.000000
2008,MAHASKA,PRESIDENT VICE PRESIDENT,,CYNTHIA MCKINNEY ROSA CLEMENTE,GREEN PARTY,7.000000
2008,MAHASKA,PRESIDENT VICE PRESIDENT,,GLORIA LA RIVA ROBERT MOSES,PARTY FOR SOCIALISM AND LIBERATION,1.000000
2008,MAHASKA,PRESIDENT VICE PRESIDENT,,JAMES HARRIS ALYSON KENNEDY,SOCIALIST WORKERS PARTY,3.000000
2008,MAHASKA,PRESIDENT VICE PRESIDENT,,JOHN MCCAIN SARAH PALIN,REPUBLICAN,6271.000000
2008,MAHASKA,PRESIDENT VICE PRESIDENT,,RALPH NADER MATT GONZALEZ,PEACE AND FREEDOM,48.000000
2008,MAHASKA,PRESIDENT VICE PRESIDENT,,SCATTERING,,58.000000
2008,MAHASKA,U S SENATE,,CHRISTOPHER REED,REPUBLICAN,5248.000000
2008,MAHASKA,U S SENATE,,SCATTERING,,5.000000
2008,MAHASKA,U S SENATE,,TOM HARKIN,DEMOCRAT,5490.000000
2008,MARION,PRESIDENT VICE PRESIDENT,,BARACK OBAMA JOE BIDEN,DEMOCRAT,7421.000000
2008,MARION,PRESIDENT VICE PRESIDENT,,BOB BARR WAYNE A ROOT,LIBERTARIAN,62.000000
2008,MARION,PRESIDENT VICE PRESIDENT,,BRIAN MOORE STEWART A ALEXANDER,SOCIALIST PARTY USA,1.000000
2008,MARION,PRESIDENT VICE PRESIDENT,,CHUCK BALDWIN DARRELL L CASTLE,CONSTITUTION PARTY,69.000000
2008,MARION,PRESIDENT VICE PRESIDENT,,CYNTHIA MCKINNEY ROSA CLEMENTE,GREEN PARTY,17.000000
2008,MARION,PRESIDENT VICE PRESIDENT,,GLORIA LA RIVA ROBERT MOSES,PARTY FOR SOCIALISM AND LIBERATION,1.000000
2008,MARION,PRESIDENT VICE PRESIDENT,,JAMES HARRIS ALYSON KENNEDY,SOCIALIST WORKERS PARTY,4.000000
2008,MARION,PRESIDENT VICE PRESIDENT,,JOHN MCCAIN SARAH PALIN,REPUBLICAN,9256.000000
2008,MARION,PRESIDENT VICE PRESIDENT,,RALPH NADER MATT GONZALEZ,PEACE AND FREEDOM,91.000000
2008,MARION,PRESIDENT VICE PRESIDENT,,SCATTERING,,110.000000
2008,MARION,U S SENATE,,CHRISTOPHER REED,REPUBLICAN,8168.000000
2008,MARION,U S SENATE,,SCATTERING,,10.000000
2008,MARION,U S SENATE,,TOM HARKIN,DEMOCRAT,8609.000000
2008,MARSHALL,PRESIDENT VICE PRESIDENT,,BARACK OBAMA JOE BIDEN,DEMOCRAT,10023.000000
2008,MARSHALL,PRESIDENT VICE PRESIDENT,,BOB BARR WAYNE A ROOT,LIBERTARIAN,64.000000
2008,MARSHALL,PRESIDENT VICE PRESIDENT,,BRIAN MOORE STEWART A ALEXANDER,SOCIALIST PARTY USA,2.000000
2008,MARSHALL,PRESIDENT VICE PRESIDENT,,CHUCK BALDWIN DARRELL L CASTLE,CONSTITUTION PARTY,55.000000
2008,MARSHALL,PRESIDENT VICE PRESIDENT,,CYNTHIA MCKINNEY ROSA CLEMENTE,GREEN PARTY,11.000000
2008,MARSHALL,PRESIDENT VICE PRESIDENT,,GLORIA LA RIVA ROBERT MOSES,PARTY FOR SOCIALISM AND LIBERATION,4.000000
2008,MARSHALL,PRESIDENT VICE PRESIDENT,,JAMES HARRIS ALYSON KENNEDY,SOCIALIST WORKERS PARTY,2.000000
2008,MARSHALL,PRESIDENT VICE PRESIDENT,,JOHN MCCAIN SARAH PALIN,REPUBLICAN,8278.000000
2008,MARSHALL,PRESIDENT VICE PRESIDENT,,RALPH NADER MATT GONZALEZ,PEACE AND FREEDOM,118.000000
2008,MARSHALL,PRESIDENT VICE PRESIDENT,,SCATTERING,,106.000000
2008,MARSHALL,U S SENATE,,CHRISTOPHER REED,REPUBLICAN,7327.000000
2008,MARSHALL,U S SENATE,,SCATTERING,,10.000000
2008,MARSHALL,U S SENATE,,TOM HARKIN,DEMOCRAT,11023.000000
2008,MILLS,PRESIDENT VICE PRESIDENT,,BARACK OBAMA JOE BIDEN,DEMOCRAT,2976.000000
2008,MILLS,PRESIDENT VICE PRESIDENT,,BOB BARR WAYNE A ROOT,LIBERTARIAN,23.000000
2008,MILLS,PRESIDENT VICE PRESIDENT,,BRIAN MOORE STEWART A ALEXANDER,SOCIALIST PARTY USA,1.000000
2008,MILLS,PRESIDENT VICE PRESIDENT,,CHUCK BALDWIN DARRELL L CASTLE,CONSTITUTION PARTY,12.000000
2008,MILLS,PRESIDENT VICE PRESIDENT,,CYNTHIA MCKINNEY ROSA CLEMENTE,GREEN PARTY,5.000000
2008,MILLS,PRESIDENT VICE PRESIDENT,,GLORIA LA RIVA ROBERT MOSES,PARTY FOR SOCIALISM AND LIBERATION,0.000000
2008,MILLS,PRESIDENT VICE PRESIDENT,,JAMES HARRIS ALYSON KENNEDY,SOCIALIST WORKERS PARTY,0.000000
2008,MILLS,PRESIDENT VICE PRESIDENT,,JOHN MCCAIN SARAH PALIN,REPUBLICAN,4183.000000
2008,MILLS,PRESIDENT VICE PRESIDENT,,RALPH NADER MATT GONZALEZ,PEACE AND FREEDOM,58.000000
2008,MILLS,PRESIDENT VICE PRESIDENT,,SCATTERING,,25.000000
2008,MILLS,U S SENATE,,CHRISTOPHER REED,REPUBLICAN,3303.000000
2008,MILLS,U S SENATE,,SCATTERING,,6.000000
2008,MILLS,U S SENATE,,TOM HARKIN,DEMOCRAT,3715.000000
2008,MITCHELL,PRESIDENT VICE PRESIDENT,,BARACK OBAMA JOE BIDEN,DEMOCRAT,3179.000000
2008,MITCHELL,PRESIDENT VICE PRESIDENT,,BOB BARR WAYNE A ROOT,LIBERTARIAN,14.000000
2008,MITCHELL,PRESIDENT VICE PRESIDENT,,BRIAN MOORE STEWART A ALEXANDER,SOCIALIST PARTY USA,0.000000
2008,MITCHELL,PRESIDENT VICE PRESIDENT,,CHUCK BALDWIN DARRELL L CASTLE,CONSTITUTION PARTY,21.000000
2008,MITCHELL,PRESIDENT VICE PRESIDENT,,CYNTHIA MCKINNEY ROSA CLEMENTE,GREEN PARTY,8.000000
2008,MITCHELL,PRESIDENT VICE PRESIDENT,,GLORIA LA RIVA ROBERT MOSES,PARTY FOR SOCIALISM AND LIBERATION,0.000000
2008,MITCHELL,PRESIDENT VICE PRESIDENT,,JAMES HARRIS ALYSON KENNEDY,SOCIALIST WORKERS PARTY,2.000000
2008,MITCHELL,PRESIDENT VICE PRESIDENT,,JOHN MCCAIN SARAH PALIN,REPUBLICAN,2469.000000
2008,MITCHELL,PRESIDENT VICE PRESIDENT,,RALPH NADER MATT GONZALEZ,PEACE AND FREEDOM,35.000000
2008,MITCHELL,PRESIDENT VICE PRESIDENT,,SCATTERING,,38.000000
2008,MITCHELL,U S SENATE,,CHRISTOPHER REED,REPUBLICAN,1761.000000
2008,MITCHELL,U S SENATE,,SCATTERING,,3.000000
2008,MITCHELL,U S SENATE,,TOM HARKIN,DEMOCRAT,3881.000000
2008,MONONA,PRESIDENT VICE PRESIDENT,,BARACK OBAMA JOE BIDEN,DEMOCRAT,2295.000000
2008,MONONA,PRESIDENT VICE PRESIDENT,,BOB BARR WAYNE A ROOT,LIBERTARIAN,13.000000
2008,MONONA,PRESIDENT VICE PRESIDENT,,BRIAN MOORE STEWART A ALEXANDER,SOCIALIST PARTY USA,1.000000
2008,MONONA,PRESIDENT VICE PRESIDENT,,CHUCK BALDWIN DARRELL L CASTLE,CONSTITUTION PARTY,13.000000
2008,MONONA,PRESIDENT VICE PRESIDENT,,CYNTHIA MCKINNEY ROSA CLEMENTE,GREEN PARTY,4.000000
2008,MONONA,PRESIDENT VICE PRESIDENT,,GLORIA LA RIVA ROBERT MOSES,PARTY FOR SOCIALISM AND LIBERATION,0.000000
2008,MONONA,PRESIDENT VICE PRESIDENT,,JAMES HARRIS ALYSON KENNEDY,SOCIALIST WORKERS PARTY,3.000000
2008,MONONA,PRESIDENT VICE PRESIDENT,,JOHN MCCAIN SARAH PALIN,REPUBLICAN,2411.000000
2008,MONONA,PRESIDENT VICE PRESIDENT,,RALPH NADER MATT GONZALEZ,PEACE AND FREEDOM,31.000000
2008,MONONA,PRESIDENT VICE PRESIDENT,,SCATTERING,,26.000000
2008,MONONA,U S SENATE,,CHRISTOPHER REED,REPUBLICAN,1671.000000
2008,MONONA,U S SENATE,,SCATTERING,,4.000000
2008,MONONA,U S SENATE,,TOM HARKIN,DEMOCRAT,3026.000000
2008,MONROE,PRESIDENT VICE PRESIDENT,,BARACK OBAMA JOE BIDEN,DEMOCRAT,1798.000000
2008,MONROE,PRESIDENT VICE PRESIDENT,,BOB BARR WAYNE A ROOT,LIBERTARIAN,6.000000
2008,MONROE,PRESIDENT VICE PRESIDENT,,BRIAN MOORE STEWART A ALEXANDER,SOCIALIST PARTY USA,0.000000
2008,MONROE,PRESIDENT VICE PRESIDENT,,CHUCK BALDWIN DARRELL L CASTLE,CONSTITUTION PARTY,22.000000
2008,MONROE,PRESIDENT VICE PRESIDENT,,CYNTHIA MCKINNEY ROSA CLEMENTE,GREEN PARTY,3.000000
2008,MONROE,PRESIDENT VICE PRESIDENT,,GLORIA LA RIVA ROBERT MOSES,PARTY FOR SOCIALISM AND LIBERATION,1.000000
2008,MONROE,PRESIDENT VICE PRESIDENT,,JAMES HARRIS ALYSON KENNEDY,SOCIALIST WORKERS PARTY,1.000000
2008,MONROE,PRESIDENT VICE PRESIDENT,,JOHN MCCAIN SARAH PALIN,REPUBLICAN,2000.000000
2008,MONROE,PRESIDENT VICE PRESIDENT,,RALPH NADER MATT GONZALEZ,PEACE AND FREEDOM,25.000000
2008,MONROE,PRESIDENT VICE PRESIDENT,,SCATTERING,,18.000000
2008,MONROE,U S SENATE,,CHRISTOPHER REED,REPUBLICAN,1549.000000
2008,MONROE,U S SENATE,,SCATTERING,,1.000000
2008,MONROE,U S SENATE,,TOM HARKIN,DEMOCRAT,2260.000000
2008,MONTGOMERY,PRESIDENT VICE PRESIDENT,,BARACK OBAMA JOE BIDEN,DEMOCRAT,2326.000000
2008,MONTGOMERY,PRESIDENT VICE PRESIDENT,,BOB BARR WAYNE A ROOT,LIBERTARIAN,11.000000
2008,MONTGOMERY,PRESIDENT VICE PRESIDENT,,BRIAN MOORE STEWART A ALEXANDER,SOCIALIST PARTY USA,1.000000
2008,MONTGOMERY,PRESIDENT VICE PRESIDENT,,CHUCK BALDWIN DARRELL L CASTLE,CONSTITUTION PARTY,12.000000
2008,MONTGOMERY,PRESIDENT VICE PRESIDENT,,CYNTHIA MCKINNEY ROSA CLEMENTE,GREEN PARTY,4.000000
2008,MONTGOMERY,PRESIDENT VICE PRESIDENT,,GLORIA LA RIVA ROBERT MOSES,PARTY FOR SOCIALISM AND LIBERATION,1.000000
2008,MONTGOMERY,PRESIDENT VICE PRESIDENT,,JAMES HARRIS ALYSON KENNEDY,SOCIALIST WORKERS PARTY,1.000000
2008,MONTGOMERY,PRESIDENT VICE PRESIDENT,,JOHN MCCAIN SARAH PALIN,REPUBLICAN,2887.000000
2008,MONTGOMERY,PRESIDENT VICE PRESIDENT,,RALPH NADER MATT GONZALEZ,PEACE AND FREEDOM,27.000000
2008,MONTGOMERY,PRESIDENT VICE PRESIDENT,,SCATTERING,,19.000000
2008,MONTGOMERY,U S SENATE,,CHRISTOPHER REED,REPUBLICAN,2343.000000
2008,MONTGOMERY,U S SENATE,,SCATTERING,,1.000000
2008,MONTGOMERY,U S SENATE,,TOM HARKIN,DEMOCRAT,2812.000000
2008,MUSCATINE,PRESIDENT VICE PRESIDENT,,BARACK OBAMA JOE BIDEN,DEMOCRAT,10920.000000
2008,MUSCATINE,PRESIDENT VICE PRESIDENT,,BOB BARR WAYNE A ROOT,LIBERTARIAN,39.000000
2008,MUSCATINE,PRESIDENT VICE PRESIDENT,,BRIAN MOORE STEWART A ALEXANDER,SOCIALIST PARTY USA,0.000000
2008,MUSCATINE,PRESIDENT VICE PRESIDENT,,CHUCK BALDWIN DARRELL L CASTLE,CONSTITUTION PARTY,41.000000
2008,MUSCATINE,PRESIDENT VICE PRESIDENT,,CYNTHIA MCKINNEY ROSA CLEMENTE,GREEN PARTY,14.000000
2008,MUSCATINE,PRESIDENT VICE PRESIDENT,,GLORIA LA RIVA ROBERT MOSES,PARTY FOR SOCIALISM AND LIBERATION,1.000000
2008,MUSCATINE,PRESIDENT VICE PRESIDENT,,JAMES HARRIS ALYSON KENNEDY,SOCIALIST WORKERS PARTY,1.000000
2008,MUSCATINE,PRESIDENT VICE PRESIDENT,,JOHN MCCAIN SARAH PALIN,REPUBLICAN,7929.000000
2008,MUSCATINE,PRESIDENT VICE PRESIDENT,,RALPH NADER MATT GONZALEZ,PEACE AND FREEDOM,83.000000
2008,MUSCATINE,PRESIDENT VICE PRESIDENT,,SCATTERING,,92.000000
2008,MUSCATINE,U S SENATE,,CHRISTOPHER REED,REPUBLICAN,6242.000000
2008,MUSCATINE,U S SENATE,,SCATTERING,,17.000000
2008,MUSCATINE,U S SENATE,,TOM HARKIN,DEMOCRAT,12348.000000
2008,OBRIEN,PRESIDENT VICE PRESIDENT,,BARACK OBAMA JOE BIDEN,DEMOCRAT,2338.000000
2008,OBRIEN,PRESIDENT VICE PRESIDENT,,BOB BARR WAYNE A ROOT,LIBERTARIAN,12.000000
2008,OBRIEN,PRESIDENT VICE PRESIDENT,,BRIAN MOORE STEWART A ALEXANDER,SOCIALIST PARTY USA,0.000000
2008,OBRIEN,PRESIDENT VICE PRESIDENT,,CHUCK BALDWIN DARRELL L CASTLE,CONSTITUTION PARTY,16.000000
2008,OBRIEN,PRESIDENT VICE PRESIDENT,,CYNTHIA MCKINNEY ROSA CLEMENTE,GREEN PARTY,5.000000
2008,OBRIEN,PRESIDENT VICE PRESIDENT,,GLORIA LA RIVA ROBERT MOSES,PARTY FOR SOCIALISM AND LIBERATION,0.000000
2008,OBRIEN,PRESIDENT VICE PRESIDENT,,JAMES HARRIS ALYSON KENNEDY,SOCIALIST WORKERS PARTY,2.000000
2008,OBRIEN,PRESIDENT VICE PRESIDENT,,JOHN MCCAIN SARAH PALIN,REPUBLICAN,4894.000000
2008,OBRIEN,PRESIDENT VICE PRESIDENT,,RALPH NADER MATT GONZALEZ,PEACE AND FREEDOM,47.000000
2008,OBRIEN,PRESIDENT VICE PRESIDENT,,SCATTERING,,19.000000
2008,OBRIEN,U S SENATE,,CHRISTOPHER REED,REPUBLICAN,3881.000000
2008,OBRIEN,U S SENATE,,SCATTERING,,3.000000
2008,OBRIEN,U S SENATE,,TOM HARKIN,DEMOCRAT,3259.000000
2008,OSCEOLA,PRESIDENT VICE PRESIDENT,,BARACK OBAMA JOE BIDEN,DEMOCRAT,1037.000000
2008,OSCEOLA,PRESIDENT VICE PRESIDENT,,BOB BARR WAYNE A ROOT,LIBERTARIAN,5.000000
2008,OSCEOLA,PRESIDENT VICE PRESIDENT,,BRIAN MOORE STEWART A ALEXANDER,SOCIALIST PARTY USA,2.000000
2008,OSCEOLA,PRESIDENT VICE PRESIDENT,,CHUCK BALDWIN DARRELL L CASTLE,CONSTITUTION PARTY,24.000000
2008,OSCEOLA,PRESIDENT VICE PRESIDENT,,CYNTHIA MCKINNEY ROSA CLEMENTE,GREEN PARTY,4.000000
2008,OSCEOLA,PRESIDENT VICE PRESIDENT,,GLORIA LA RIVA ROBERT MOSES,PARTY FOR SOCIALISM AND LIBERATION,0.000000
2008,OSCEOLA,PRESIDENT VICE PRESIDENT,,JAMES HARRIS ALYSON KENNEDY,SOCIALIST WORKERS PARTY,1.000000
2008,OSCEOLA,PRESIDENT VICE PRESIDENT,,JOHN MCCAIN SARAH PALIN,REPUBLICAN,2027.000000
2008,OSCEOLA,PRESIDENT VICE PRESIDENT,,RALPH NADER MATT GONZALEZ,PEACE AND FREEDOM,20.000000
2008,OSCEOLA,PRESIDENT VICE PRESIDENT,,SCATTERING,,9.000000
2008,OSCEOLA,U S SENATE,,CHRISTOPHER REED,REPUBLICAN,1570.000000
2008,OSCEOLA,U S SENATE,,SCATTERING,,3.000000
2008,OSCEOLA,U S SENATE,,TOM HARKIN,DEMOCRAT,1465.000000
2008,PAGE,PRESIDENT VICE PRESIDENT,,BARACK OBAMA JOE BIDEN,DEMOCRAT,2900.000000
2008,PAGE,PRESIDENT VICE PRESIDENT,,BOB BARR WAYNE A ROOT,LIBERTARIAN,11.000000
2008,PAGE,PRESIDENT VICE PRESIDENT,,BRIAN MOORE STEWART A ALEXANDER,SOCIALIST PARTY USA,3.000000
2008,PAGE,PRESIDENT VICE PRESIDENT,,CHUCK BALDWIN DARRELL L CASTLE,CONSTITUTION PARTY,20.000000
2008,PAGE,PRESIDENT VICE PRESIDENT,,CYNTHIA MCKINNEY ROSA CLEMENTE,GREEN PARTY,6.000000
2008,PAGE,PRESIDENT VICE PRESIDENT,,GLORIA LA RIVA ROBERT MOSES,PARTY FOR SOCIALISM AND LIBERATION,0.000000
2008,PAGE,PRESIDENT VICE PRESIDENT,,JAMES HARRIS ALYSON KENNEDY,SOCIALIST WORKERS PARTY,1.000000
2008,PAGE,PRESIDENT VICE PRESIDENT,,JOHN MCCAIN SARAH PALIN,REPUBLICAN,4351.000000
2008,PAGE,PRESIDENT VICE PRESIDENT,,RALPH NADER MATT GONZALEZ,PEACE AND FREEDOM,35.000000
2008,PAGE,PRESIDENT VICE PRESIDENT,,SCATTERING,,32.000000
2008,PAGE,U S SENATE,,CHRISTOPHER REED,REPUBLICAN,3618.000000
2008,PAGE,U S SENATE,,SCATTERING,,3.000000
2008,PAGE,U S SENATE,,TOM HARKIN,DEMOCRAT,3565.000000
2008,PALO ALTO,PRESIDENT VICE PRESIDENT,,BARACK OBAMA JOE BIDEN,DEMOCRAT,2428.000000
2008,PALO ALTO,PRESIDENT VICE PRESIDENT,,BOB BARR WAYNE A ROOT,LIBERTARIAN,12.000000
2008,PALO ALTO,PRESIDENT VICE PRESIDENT,,BRIAN MOORE STEWART A ALEXANDER,SOCIALIST PARTY USA,0.000000
2008,PALO ALTO,PRESIDENT VICE PRESIDENT,,CHUCK BALDWIN DARRELL L CASTLE,CONSTITUTION PARTY,8.000000
2008,PALO ALTO,PRESIDENT VICE PRESIDENT,,CYNTHIA MCKINNEY ROSA CLEMENTE,GREEN PARTY,5.000000
2008,PALO ALTO,PRESIDENT VICE PRESIDENT,,GLORIA LA RIVA ROBERT MOSES,PARTY FOR SOCIALISM AND LIBERATION,2.000000
2008,PALO ALTO,PRESIDENT VICE PRESIDENT,,JAMES HARRIS ALYSON KENNEDY,SOCIALIST WORKERS PARTY,3.000000
2008,PALO ALTO,PRESIDENT VICE PRESIDENT,,JOHN MCCAIN SARAH PALIN,REPUBLICAN,2294.000000
2008,PALO ALTO,PRESIDENT VICE PRESIDENT,,RALPH NADER MATT GONZALEZ,PEACE AND FREEDOM,40.000000
2008,PALO ALTO,PRESIDENT VICE PRESIDENT,,SCATTERING,,16.000000
2008,PALO ALTO,U S SENATE,,CHRISTOPHER REED,REPUBLICAN,1665.000000
2008,PALO ALTO,U S SENATE,,SCATTERING,,3.000000
2008,PALO ALTO,U S SENATE,,TOM HARKIN,DEMOCRAT,3012.000000
2008,PLYMOUTH,PRESIDENT VICE PRESIDENT,,BARACK OBAMA JOE BIDEN,DEMOCRAT,4629.000000
2008,PLYMOUTH,PRESIDENT VICE PRESIDENT,,BOB BARR WAYNE A ROOT,LIBERTARIAN,22.000000
2008,PLYMOUTH,PRESIDENT VICE PRESIDENT,,BRIAN MOORE STEWART A ALEXANDER,SOCIALIST PARTY USA,0.000000
2008,PLYMOUTH,PRESIDENT VICE PRESIDENT,,CHUCK BALDWIN DARRELL L CASTLE,CONSTITUTION PARTY,15.000000
2008,PLYMOUTH,PRESIDENT VICE PRESIDENT,,CYNTHIA MCKINNEY ROSA CLEMENTE,GREEN PARTY,7.000000
2008,PLYMOUTH,PRESIDENT VICE PRESIDENT,,GLORIA LA RIVA ROBERT MOSES,PARTY FOR SOCIALISM AND LIBERATION,3.000000
2008,PLYMOUTH,PRESIDENT VICE PRESIDENT,,JAMES HARRIS ALYSON KENNEDY,SOCIALIST WORKERS PARTY,2.000000
2008,PLYMOUTH,PRESIDENT VICE PRESIDENT,,JOHN MCCAIN SARAH PALIN,REPUBLICAN,7765.000000
2008,PLYMOUTH,PRESIDENT VICE PRESIDENT,,RALPH NADER MATT GONZALEZ,PEACE AND FREEDOM,45.000000
2008,PLYMOUTH,PRESIDENT VICE PRESIDENT,,SCATTERING,,27.000000
2008,PLYMOUTH,U S SENATE,,CHRISTOPHER REED,REPUBLICAN,5886.000000
2008,PLYMOUTH,U S SENATE,,SCATTERING,,0.000000
2008,PLYMOUTH,U S SENATE,,TOM HARKIN,DEMOCRAT,6240.000000
2008,POCAHONTAS,PRESIDENT VICE PRESIDENT,,BARACK OBAMA JOE BIDEN,DEMOCRAT,1800.000000
2008,POCAHONTAS,PRESIDENT VICE PRESIDENT,,BOB BARR WAYNE A ROOT,LIBERTARIAN,8.000000
2008,POCAHONTAS,PRESIDENT VICE PRESIDENT,,BRIAN MOORE STEWART A ALEXANDER,SOCIALIST PARTY USA,1.000000
2008,POCAHONTAS,PRESIDENT VICE PRESIDENT,,CHUCK BALDWIN DARRELL L CASTLE,CONSTITUTION PARTY,14.000000
2008,POCAHONTAS,PRESIDENT VICE PRESIDENT,,CYNTHIA MCKINNEY ROSA CLEMENTE,GREEN PARTY,5.000000
2008,POCAHONTAS,PRESIDENT VICE PRESIDENT,,GLORIA LA RIVA ROBERT MOSES,PARTY FOR SOCIALISM AND LIBERATION,0.000000
2008,POCAHONTAS,PRESIDENT VICE PRESIDENT,,JAMES HARRIS ALYSON KENNEDY,SOCIALIST WORKERS PARTY,0.000000
2008,POCAHONTAS,PRESIDENT VICE PRESIDENT,,JOHN MCCAIN SARAH PALIN,REPUBLICAN,2138.000000
2008,POCAHONTAS,PRESIDENT VICE PRESIDENT,,RALPH NADER MATT GONZALEZ,PEACE AND FREEDOM,33.000000
2008,POCAHONTAS,PRESIDENT VICE PRESIDENT,,SCATTERING,,13.000000
2008,POCAHONTAS,U S SENATE,,CHRISTOPHER REED,REPUBLICAN,1666.000000
2008,POCAHONTAS,U S SENATE,,SCATTERING,,3.000000
2008,POCAHONTAS,U S SENATE,,TOM HARKIN,DEMOCRAT,2291.000000
2008,POLK,PRESIDENT VICE PRESIDENT,,BARACK OBAMA JOE BIDEN,DEMOCRAT,120984.000000
2008,POLK,PRESIDENT VICE PRESIDENT,,BOB BARR WAYNE A ROOT,LIBERTARIAN,852.000000
2008,POLK,PRESIDENT VICE PRESIDENT,,BRIAN MOORE STEWART A ALEXANDER,SOCIALIST PARTY USA,13.000000
2008,POLK,PRESIDENT VICE PRESIDENT,,CHUCK BALDWIN DARRELL L CASTLE,CONSTITUTION PARTY,773.000000
2008,POLK,PRESIDENT VICE PRESIDENT,,CYNTHIA MCKINNEY ROSA CLEMENTE,GREEN PARTY,202.000000
2008,POLK,PRESIDENT VICE PRESIDENT,,GLORIA LA RIVA ROBERT MOSES,PARTY FOR SOCIALISM AND LIBERATION,10.000000
2008,POLK,PRESIDENT VICE PRESIDENT,,JAMES HARRIS ALYSON KENNEDY,SOCIALIST WORKERS PARTY,36.000000
2008,POLK,PRESIDENT VICE PRESIDENT,,JOHN MCCAIN SARAH PALIN,REPUBLICAN,89668.000000
2008,POLK,PRESIDENT VICE PRESIDENT,,RALPH NADER MATT GONZALEZ,PEACE AND FREEDOM,937.000000
2008,POLK,PRESIDENT VICE PRESIDENT,,SCATTERING,,934.000000
2008,POLK,U S SENATE,,CHRISTOPHER REED,REPUBLICAN,80051.000000
2008,POLK,U S SENATE,,SCATTERING,,256.000000
2008,POLK,U S SENATE,,TOM HARKIN,DEMOCRAT,130928.000000
2008,POTTAWATTAMIE,PRESIDENT VICE PRESIDENT,,BARACK OBAMA JOE BIDEN,DEMOCRAT,20436.000000
2008,POTTAWATTAMIE,PRESIDENT VICE PRESIDENT,,BOB BARR WAYNE A ROOT,LIBERTARIAN,92.000000
2008,POTTAWATTAMIE,PRESIDENT VICE PRESIDENT,,BRIAN MOORE STEWART A ALEXANDER,SOCIALIST PARTY USA,3.000000
2008,POTTAWATTAMIE,PRESIDENT VICE PRESIDENT,,CHUCK BALDWIN DARRELL L CASTLE,CONSTITUTION PARTY,75.000000
2008,POTTAWATTAMIE,PRESIDENT VICE PRESIDENT,,CYNTHIA MCKINNEY ROSA CLEMENTE,GREEN PARTY,38.000000
2008,POTTAWATTAMIE,PRESIDENT VICE PRESIDENT,,GLORIA LA RIVA ROBERT MOSES,PARTY FOR SOCIALISM AND LIBERATION,1.000000
2008,POTTAWATTAMIE,PRESIDENT VICE PRESIDENT,,JAMES HARRIS ALYSON KENNEDY,SOCIALIST WORKERS PARTY,6.000000
2008,POTTAWATTAMIE,PRESIDENT VICE PRESIDENT,,JOHN MCCAIN SARAH PALIN,REPUBLICAN,21237.000000
2008,POTTAWATTAMIE,PRESIDENT VICE PRESIDENT,,RALPH NADER MATT GONZALEZ,PEACE AND FREEDOM,247.000000
2008,POTTAWATTAMIE,PRESIDENT VICE PRESIDENT,,SCATTERING,,189.000000
2008,POTTAWATTAMIE,U S SENATE,,CHRISTOPHER REED,REPUBLICAN,17017.000000
2008,POTTAWATTAMIE,U S SENATE,,SCATTERING,,34.000000
2008,POTTAWATTAMIE,U S SENATE,,TOM HARKIN,DEMOCRAT,23980.000000
2008,POWESHIEK,PRESIDENT VICE PRESIDENT,,BARACK OBAMA JOE BIDEN,DEMOCRAT,5519.000000
2008,POWESHIEK,PRESIDENT VICE PRESIDENT,,BOB BARR WAYNE A ROOT,LIBERTARIAN,32.000000
2008,POWESHIEK,PRESIDENT VICE PRESIDENT,,BRIAN MOORE STEWART A ALEXANDER,SOCIALIST PARTY USA,1.000000
2008,POWESHIEK,PRESIDENT VICE PRESIDENT,,CHUCK BALDWIN DARRELL L CASTLE,CONSTITUTION PARTY,38.000000
2008,POWESHIEK,PRESIDENT VICE PRESIDENT,,CYNTHIA MCKINNEY ROSA CLEMENTE,GREEN PARTY,8.000000
2008,POWESHIEK,PRESIDENT VICE PRESIDENT,,GLORIA LA RIVA ROBERT MOSES,PARTY FOR SOCIALISM AND LIBERATION,1.000000
2008,POWESHIEK,PRESIDENT VICE PRESIDENT,,JAMES HARRIS ALYSON KENNEDY,SOCIALIST WORKERS PARTY,2.000000
2008,POWESHIEK,PRESIDENT VICE PRESIDENT,,JOHN MCCAIN SARAH PALIN,REPUBLICAN,4340.000000
2008,POWESHIEK,PRESIDENT VICE PRESIDENT,,RALPH NADER MATT GONZALEZ,PEACE AND FREEDOM,57.000000
2008,POWESHIEK,PRESIDENT VICE PRESIDENT,,SCATTERING,,35.000000
2008,POWESHIEK,U S SENATE,,CHRISTOPHER REED,REPUBLICAN,3647.000000
2008,POWESHIEK,U S SENATE,,SCATTERING,,8.000000
2008,POWESHIEK,U S SENATE,,TOM HARKIN,DEMOCRAT,6196.000000
2008,RINGGOLD,PRESIDENT VICE PRESIDENT,,BARACK OBAMA JOE BIDEN,DEMOCRAT,1236.000000
2008,RINGGOLD,PRESIDENT VICE PRESIDENT,,BOB BARR WAYNE A ROOT,LIBERTARIAN,6.000000
2008,RINGGOLD,PRESIDENT VICE PRESIDENT,,BRIAN MOORE STEWART A ALEXANDER,SOCIALIST PARTY USA,0.000000
2008,RINGGOLD,PRESIDENT VICE PRESIDENT,,CHUCK BALDWIN DARRELL L CASTLE,CONSTITUTION PARTY,7.000000
2008,RINGGOLD,PRESIDENT VICE PRESIDENT,,CYNTHIA MCKINNEY ROSA CLEMENTE,GREEN PARTY,1.000000
2008,RINGGOLD,PRESIDENT VICE PRESIDENT,,GLORIA LA RIVA ROBERT MOSES,PARTY FOR SOCIALISM AND LIBERATION,0.000000
2008,RINGGOLD,PRESIDENT VICE PRESIDENT,,JAMES HARRIS ALYSON KENNEDY,SOCIALIST WORKERS PARTY,2.000000
2008,RINGGOLD,PRESIDENT VICE PRESIDENT,,JOHN MCCAIN SARAH PALIN,REPUBLICAN,1401.000000
2008,RINGGOLD,PRESIDENT VICE PRESIDENT,,RALPH NADER MATT GONZALEZ,PEACE AND FREEDOM,20.000000
2008,RINGGOLD,PRESIDENT VICE PRESIDENT,,SCATTERING,,16.000000
2008,RINGGOLD,U S SENATE,,CHRISTOPHER REED,REPUBLICAN,1023.000000
2008,RINGGOLD,U S SENATE,,SCATTERING,,1.000000
2008,RINGGOLD,U S SENATE,,TOM HARKIN,DEMOCRAT,1648.000000
2008,SAC,PRESIDENT VICE PRESIDENT,,BARACK OBAMA JOE BIDEN,DEMOCRAT,2256.000000
2008,SAC,PRESIDENT VICE PRESIDENT,,BOB BARR WAYNE A ROOT,LIBERTARIAN,18.000000
2008,SAC,PRESIDENT VICE PRESIDENT,,BRIAN MOORE STEWART A ALEXANDER,SOCIALIST PARTY USA,0.000000
2008,SAC,PRESIDENT VICE PRESIDENT,,CHUCK BALDWIN DARRELL L CASTLE,CONSTITUTION PARTY,28.000000
2008,SAC,PRESIDENT VICE PRESIDENT,,CYNTHIA MCKINNEY ROSA CLEMENTE,GREEN PARTY,2.000000
2008,SAC,PRESIDENT VICE PRESIDENT,,GLORIA LA RIVA ROBERT MOSES,PARTY FOR SOCIALISM AND LIBERATION,0.000000
2008,SAC,PRESIDENT VICE PRESIDENT,,JAMES HARRIS ALYSON KENNEDY,SOCIALIST WORKERS PARTY,1.000000
2008,SAC,PRESIDENT VICE PRESIDENT,,JOHN MCCAIN SARAH PALIN,REPUBLICAN,2705.000000
2008,SAC,PRESIDENT VICE PRESIDENT,,RALPH NADER MATT GONZALEZ,PEACE AND FREEDOM,29.000000
2008,SAC,PRESIDENT VICE PRESIDENT,,SCATTERING,,14.000000
2008,SAC,U S SENATE,,CHRISTOPHER REED,REPUBLICAN,2088.000000
2008,SAC,U S SENATE,,SCATTERING,,4.000000
2008,SAC,U S SENATE,,TOM HARKIN,DEMOCRAT,2850.000000
2008,SCOTT,PRESIDENT VICE PRESIDENT,,BARACK OBAMA JOE BIDEN,DEMOCRAT,48927.000000
2008,SCOTT,PRESIDENT VICE PRESIDENT,,BOB BARR WAYNE A ROOT,LIBERTARIAN,201.000000
2008,SCOTT,PRESIDENT VICE PRESIDENT,,BRIAN MOORE STEWART A ALEXANDER,SOCIALIST PARTY USA,6.000000
2008,SCOTT,PRESIDENT VICE PRESIDENT,,CHUCK BALDWIN DARRELL L CASTLE,CONSTITUTION PARTY,133.000000
2008,SCOTT,PRESIDENT VICE PRESIDENT,,CYNTHIA MCKINNEY ROSA CLEMENTE,GREEN PARTY,72.000000
2008,SCOTT,PRESIDENT VICE PRESIDENT,,GLORIA LA RIVA ROBERT MOSES,PARTY FOR SOCIALISM AND LIBERATION,1.000000
2008,SCOTT,PRESIDENT VICE PRESIDENT,,JAMES HARRIS ALYSON KENNEDY,SOCIALIST WORKERS PARTY,11.000000
2008,SCOTT,PRESIDENT VICE PRESIDENT,,JOHN MCCAIN SARAH PALIN,REPUBLICAN,36365.000000
2008,SCOTT,PRESIDENT VICE PRESIDENT,,RALPH NADER MATT GONZALEZ,PEACE AND FREEDOM,338.000000
2008,SCOTT,PRESIDENT VICE PRESIDENT,,SCATTERING,,324.000000
2008,SCOTT,U S SENATE,,CHRISTOPHER REED,REPUBLICAN,28642.000000
2008,SCOTT,U S SENATE,,SCATTERING,,76.000000
2008,SCOTT,U S SENATE,,TOM HARKIN,DEMOCRAT,55129.000000
2008,SHELBY,PRESIDENT VICE PRESIDENT,,BARACK OBAMA JOE BIDEN,DEMOCRAT,2863.000000
2008,SHELBY,PRESIDENT VICE PRESIDENT,,BOB BARR WAYNE A ROOT,LIBERTARIAN,20.000000
2008,SHELBY,PRESIDENT VICE PRESIDENT,,BRIAN MOORE STEWART A ALEXANDER,SOCIALIST PARTY USA,1.000000
2008,SHELBY,PRESIDENT VICE PRESIDENT,,CHUCK BALDWIN DARRELL L CASTLE,CONSTITUTION PARTY,18.000000
2008,SHELBY,PRESIDENT VICE PRESIDENT,,CYNTHIA MCKINNEY ROSA CLEMENTE,GREEN PARTY,6.000000
2008,SHELBY,PRESIDENT VICE PRESIDENT,,GLORIA LA RIVA ROBERT MOSES,PARTY FOR SOCIALISM AND LIBERATION,1.000000
2008,SHELBY,PRESIDENT VICE PRESIDENT,,JAMES HARRIS ALYSON KENNEDY,SOCIALIST WORKERS PARTY,1.000000
2008,SHELBY,PRESIDENT VICE PRESIDENT,,JOHN MCCAIN SARAH PALIN,REPUBLICAN,3488.000000
2008,SHELBY,PRESIDENT VICE PRESIDENT,,RALPH NADER MATT GONZALEZ,PEACE AND FREEDOM,35.000000
2008,SHELBY,PRESIDENT VICE PRESIDENT,,SCATTERING,,22.000000
2008,SHELBY,U S SENATE,,CHRISTOPHER REED,REPUBLICAN,2787.000000
2008,SHELBY,U S SENATE,,SCATTERING,,5.000000
2008,SHELBY,U S SENATE,,TOM HARKIN,DEMOCRAT,3449.000000
2008,SIOUX,PRESIDENT VICE PRESIDENT,,BARACK OBAMA JOE BIDEN,DEMOCRAT,3030.000000
2008,SIOUX,PRESIDENT VICE PRESIDENT,,BOB BARR WAYNE A ROOT,LIBERTARIAN,31.000000
2008,SIOUX,PRESIDENT VICE PRESIDENT,,BRIAN MOORE STEWART A ALEXANDER,SOCIALIST PARTY USA,0.000000
2008,SIOUX,PRESIDENT VICE PRESIDENT,,CHUCK BALDWIN DARRELL L CASTLE,CONSTITUTION PARTY,43.000000
2008,SIOUX,PRESIDENT VICE PRESIDENT,,CYNTHIA MCKINNEY ROSA CLEMENTE,GREEN PARTY,17.000000
2008,SIOUX,PRESIDENT VICE PRESIDENT,,GLORIA LA RIVA ROBERT MOSES,PARTY FOR SOCIALISM AND LIBERATION,1.000000
2008,SIOUX,PRESIDENT VICE PRESIDENT,,JAMES HARRIS ALYSON KENNEDY,SOCIALIST WORKERS PARTY,0.000000
2008,SIOUX,PRESIDENT VICE PRESIDENT,,JOHN MCCAIN SARAH PALIN,REPUBLICAN,13490.000000
2008,SIOUX,PRESIDENT VICE PRESIDENT,,RALPH NADER MATT GONZALEZ,PEACE AND FREEDOM,34.000000
2008,SIOUX,PRESIDENT VICE PRESIDENT,,SCATTERING,,19.000000
2008,SIOUX,U S SENATE,,CHRISTOPHER REED,REPUBLICAN,11945.000000
2008,SIOUX,U S SENATE,,SCATTERING,,4.000000
2008,SIOUX,U S SENATE,,TOM HARKIN,DEMOCRAT,4291.000000
2008,STORY,PRESIDENT VICE PRESIDENT,,BARACK OBAMA JOE BIDEN,DEMOCRAT,26548.000000
2008,STORY,PRESIDENT VICE PRESIDENT,,BOB BARR WAYNE A ROOT,LIBERTARIAN,301.000000
2008,STORY,PRESIDENT VICE PRESIDENT,,BRIAN MOORE STEWART A ALEXANDER,SOCIALIST PARTY USA,6.000000
2008,STORY,PRESIDENT VICE PRESIDENT,,CHUCK BALDWIN DARRELL L CASTLE,CONSTITUTION PARTY,202.000000
2008,STORY,PRESIDENT VICE PRESIDENT,,CYNTHIA MCKINNEY ROSA CLEMENTE,GREEN PARTY,56.000000
2008,STORY,PRESIDENT VICE PRESIDENT,,GLORIA LA RIVA ROBERT MOSES,PARTY FOR SOCIALISM AND LIBERATION,0.000000
2008,STORY,PRESIDENT VICE PRESIDENT,,JAMES HARRIS ALYSON KENNEDY,SOCIALIST WORKERS PARTY,6.000000
2008,STORY,PRESIDENT VICE PRESIDENT,,JOHN MCCAIN SARAH PALIN,REPUBLICAN,18995.000000
2008,STORY,PRESIDENT VICE PRESIDENT,,RALPH NADER MATT GONZALEZ,PEACE AND FREEDOM,258.000000
2008,STORY,PRESIDENT VICE PRESIDENT,,SCATTERING,,209.000000
2008,STORY,U S SENATE,,CHRISTOPHER REED,REPUBLICAN,16802.000000
2008,STORY,U S SENATE,,SCATTERING,,46.000000
2008,STORY,U S SENATE,,TOM HARKIN,DEMOCRAT,28351.000000
2008,TAMA,PRESIDENT VICE PRESIDENT,,BARACK OBAMA JOE BIDEN,DEMOCRAT,4899.000000
2008,TAMA,PRESIDENT VICE PRESIDENT,,BOB BARR WAYNE A ROOT,LIBERTARIAN,21.000000
2008,TAMA,PRESIDENT VICE PRESIDENT,,BRIAN MOORE STEWART A ALEXANDER,SOCIALIST PARTY USA,1.000000
2008,TAMA,PRESIDENT VICE PRESIDENT,,CHUCK BALDWIN DARRELL L CASTLE,CONSTITUTION PARTY,11.000000
2008,TAMA,PRESIDENT VICE PRESIDENT,,CYNTHIA MCKINNEY ROSA CLEMENTE,GREEN PARTY,10.000000
2008,TAMA,PRESIDENT VICE PRESIDENT,,GLORIA LA RIVA ROBERT MOSES,PARTY FOR SOCIALISM AND LIBERATION,1.000000
2008,TAMA,PRESIDENT VICE PRESIDENT,,JAMES HARRIS ALYSON KENNEDY,SOCIALIST WORKERS PARTY,1.000000
2008,TAMA,PRESIDENT VICE PRESIDENT,,JOHN MCCAIN SARAH PALIN,REPUBLICAN,3820.000000
2008,TAMA,PRESIDENT VICE PRESIDENT,,RALPH NADER MATT GONZALEZ,PEACE AND FREEDOM,48.000000
2008,TAMA,PRESIDENT VICE PRESIDENT,,SCATTERING,,40.000000
2008,TAMA,U S SENATE,,CHRISTOPHER REED,REPUBLICAN,3163.000000
2008,TAMA,U S SENATE,,SCATTERING,,3.000000
2008,TAMA,U S SENATE,,TOM HARKIN,DEMOCRAT,5547.000000
2008,TAYLOR,PRESIDENT VICE PRESIDENT,,BARACK OBAMA JOE BIDEN,DEMOCRAT,1347.000000
2008,TAYLOR,PRESIDENT VICE PRESIDENT,,BOB BARR WAYNE A ROOT,LIBERTARIAN,11.000000
2008,TAYLOR,PRESIDENT VICE PRESIDENT,,BRIAN MOORE STEWART A ALEXANDER,SOCIALIST PARTY USA,0.000000
2008,TAYLOR,PRESIDENT VICE PRESIDENT,,CHUCK BALDWIN DARRELL L CASTLE,CONSTITUTION PARTY,13.000000
2008,TAYLOR,PRESIDENT VICE PRESIDENT,,CYNTHIA MCKINNEY ROSA CLEMENTE,GREEN PARTY,1.000000
2008,TAYLOR,PRESIDENT VICE PRESIDENT,,GLORIA LA RIVA ROBERT MOSES,PARTY FOR SOCIALISM AND LIBERATION,0.000000
2008,TAYLOR,PRESIDENT VICE PRESIDENT,,JAMES HARRIS ALYSON KENNEDY,SOCIALIST WORKERS PARTY,0.000000
2008,TAYLOR,PRESIDENT VICE PRESIDENT,,JOHN MCCAIN SARAH PALIN,REPUBLICAN,1607.000000
2008,TAYLOR,PRESIDENT VICE PRESIDENT,,RALPH NADER MATT GONZALEZ,PEACE AND FREEDOM,26.000000
2008,TAYLOR,PRESIDENT VICE PRESIDENT,,SCATTERING,,21.000000
2008,TAYLOR,U S SENATE,,CHRISTOPHER REED,REPUBLICAN,1209.000000
2008,TAYLOR,U S SENATE,,SCATTERING,,2.000000
2008,TAYLOR,U S SENATE,,TOM HARKIN,DEMOCRAT,1745.000000
2008,UNION,PRESIDENT VICE PRESIDENT,,BARACK OBAMA JOE BIDEN,DEMOCRAT,3000.000000
2008,UNION,PRESIDENT VICE PRESIDENT,,BOB BARR WAYNE A ROOT,LIBERTARIAN,14.000000
2008,UNION,PRESIDENT VICE PRESIDENT,,BRIAN MOORE STEWART A ALEXANDER,SOCIALIST PARTY USA,4.000000
2008,UNION,PRESIDENT VICE PRESIDENT,,CHUCK BALDWIN DARRELL L CASTLE,CONSTITUTION PARTY,35.000000
2008,UNION,PRESIDENT VICE PRESIDENT,,CYNTHIA MCKINNEY ROSA CLEMENTE,GREEN PARTY,6.000000
2008,UNION,PRESIDENT VICE PRESIDENT,,GLORIA LA RIVA ROBERT MOSES,PARTY FOR SOCIALISM AND LIBERATION,1.000000
2008,UNION,PRESIDENT VICE PRESIDENT,,JAMES HARRIS ALYSON KENNEDY,SOCIALIST WORKERS PARTY,0.000000
2008,UNION,PRESIDENT VICE PRESIDENT,,JOHN MCCAIN SARAH PALIN,REPUBLICAN,2781.000000
2008,UNION,PRESIDENT VICE PRESIDENT,,RALPH NADER MATT GONZALEZ,PEACE AND FREEDOM,54.000000
2008,UNION,PRESIDENT VICE PRESIDENT,,SCATTERING,,19.000000
2008,UNION,U S SENATE,,CHRISTOPHER REED,REPUBLICAN,2336.000000
2008,UNION,U S SENATE,,SCATTERING,,3.000000
2008,UNION,U S SENATE,,TOM HARKIN,DEMOCRAT,3458.000000
2008,VAN BUREN,PRESIDENT VICE PRESIDENT,,BARACK OBAMA JOE BIDEN,DEMOCRAT,1546.000000
2008,VAN BUREN,PRESIDENT VICE PRESIDENT,,BOB BARR WAYNE A ROOT,LIBERTARIAN,10.000000
2008,VAN BUREN,PRESIDENT VICE PRESIDENT,,BRIAN MOORE STEWART A ALEXANDER,SOCIALIST PARTY USA,4.000000
2008,VAN BUREN,PRESIDENT VICE PRESIDENT,,CHUCK BALDWIN DARRELL L CASTLE,CONSTITUTION PARTY,28.000000
2008,VAN BUREN,PRESIDENT VICE PRESIDENT,,CYNTHIA MCKINNEY ROSA CLEMENTE,GREEN PARTY,2.000000
2008,VAN BUREN,PRESIDENT VICE PRESIDENT,,GLORIA LA RIVA ROBERT MOSES,PARTY FOR SOCIALISM AND LIBERATION,0.000000
2008,VAN BUREN,PRESIDENT VICE PRESIDENT,,JAMES HARRIS ALYSON KENNEDY,SOCIALIST WORKERS PARTY,0.000000
2008,VAN BUREN,PRESIDENT VICE PRESIDENT,,JOHN MCCAIN SARAH PALIN,REPUBLICAN,1986.000000
2008,VAN BUREN,PRESIDENT VICE PRESIDENT,,RALPH NADER MATT GONZALEZ,PEACE AND FREEDOM,17.000000
2008,VAN BUREN,PRESIDENT VICE PRESIDENT,,SCATTERING,,19.000000
2008,VAN BUREN,U S SENATE,,CHRISTOPHER REED,REPUBLICAN,1492.000000
2008,VAN BUREN,U S SENATE,,SCATTERING,,5.000000
2008,VAN BUREN,U S SENATE,,TOM HARKIN,DEMOCRAT,2022.000000
2008,WAPELLO,PRESIDENT VICE PRESIDENT,,BARACK OBAMA JOE BIDEN,DEMOCRAT,8820.000000
2008,WAPELLO,PRESIDENT VICE PRESIDENT,,BOB BARR WAYNE A ROOT,LIBERTARIAN,39.000000
2008,WAPELLO,PRESIDENT VICE PRESIDENT,,BRIAN MOORE STEWART A ALEXANDER,SOCIALIST PARTY USA,5.000000
2008,WAPELLO,PRESIDENT VICE PRESIDENT,,CHUCK BALDWIN DARRELL L CASTLE,CONSTITUTION PARTY,129.000000
2008,WAPELLO,PRESIDENT VICE PRESIDENT,,CYNTHIA MCKINNEY ROSA CLEMENTE,GREEN PARTY,26.000000
2008,WAPELLO,PRESIDENT VICE PRESIDENT,,GLORIA LA RIVA ROBERT MOSES,PARTY FOR SOCIALISM AND LIBERATION,4.000000
2008,WAPELLO,PRESIDENT VICE PRESIDENT,,JAMES HARRIS ALYSON KENNEDY,SOCIALIST WORKERS PARTY,5.000000
2008,WAPELLO,PRESIDENT VICE PRESIDENT,,JOHN MCCAIN SARAH PALIN,REPUBLICAN,6663.000000
2008,WAPELLO,PRESIDENT VICE PRESIDENT,,RALPH NADER MATT GONZALEZ,PEACE AND FREEDOM,127.000000
2008,WAPELLO,PRESIDENT VICE PRESIDENT,,SCATTERING,,122.000000
2008,WAPELLO,U S SENATE,,CHRISTOPHER REED,REPUBLICAN,5336.000000
2008,WAPELLO,U S SENATE,,SCATTERING,,16.000000
2008,WAPELLO,U S SENATE,,TOM HARKIN,DEMOCRAT,10184.000000
2008,WARREN,PRESIDENT VICE PRESIDENT,,BARACK OBAMA JOE BIDEN,DEMOCRAT,12299.000000
2008,WARREN,PRESIDENT VICE PRESIDENT,,BOB BARR WAYNE A ROOT,LIBERTARIAN,61.000000
2008,WARREN,PRESIDENT VICE PRESIDENT,,BRIAN MOORE STEWART A ALEXANDER,SOCIALIST PARTY USA,6.000000
2008,WARREN,PRESIDENT VICE PRESIDENT,,CHUCK BALDWIN DARRELL L CASTLE,CONSTITUTION PARTY,110.000000
2008,WARREN,PRESIDENT VICE PRESIDENT,,CYNTHIA MCKINNEY ROSA CLEMENTE,GREEN PARTY,11.000000
2008,WARREN,PRESIDENT VICE PRESIDENT,,GLORIA LA RIVA ROBERT MOSES,PARTY FOR SOCIALISM AND LIBERATION,3.000000
2008,WARREN,PRESIDENT VICE PRESIDENT,,JAMES HARRIS ALYSON KENNEDY,SOCIALIST WORKERS PARTY,3.000000
2008,WARREN,PRESIDENT VICE PRESIDENT,,JOHN MCCAIN SARAH PALIN,REPUBLICAN,12144.000000
2008,WARREN,PRESIDENT VICE PRESIDENT,,RALPH NADER MATT GONZALEZ,PEACE AND FREEDOM,117.000000
2008,WARREN,PRESIDENT VICE PRESIDENT,,SCATTERING,,135.000000
2008,WARREN,U S SENATE,,CHRISTOPHER REED,REPUBLICAN,10471.000000
2008,WARREN,U S SENATE,,SCATTERING,,17.000000
2008,WARREN,U S SENATE,,TOM HARKIN,DEMOCRAT,13979.000000
2008,WASHINGTON,PRESIDENT VICE PRESIDENT,,BARACK OBAMA JOE BIDEN,DEMOCRAT,5170.000000
2008,WASHINGTON,PRESIDENT VICE PRESIDENT,,BOB BARR WAYNE A ROOT,LIBERTARIAN,28.000000
2008,WASHINGTON,PRESIDENT VICE PRESIDENT,,BRIAN MOORE STEWART A ALEXANDER,SOCIALIST PARTY USA,1.000000
2008,WASHINGTON,PRESIDENT VICE PRESIDENT,,CHUCK BALDWIN DARRELL L CASTLE,CONSTITUTION PARTY,50.000000
2008,WASHINGTON,PRESIDENT VICE PRESIDENT,,CYNTHIA MCKINNEY ROSA CLEMENTE,GREEN PARTY,8.000000
2008,WASHINGTON,PRESIDENT VICE PRESIDENT,,GLORIA LA RIVA ROBERT MOSES,PARTY FOR SOCIALISM AND LIBERATION,2.000000
2008,WASHINGTON,PRESIDENT VICE PRESIDENT,,JAMES HARRIS ALYSON KENNEDY,SOCIALIST WORKERS PARTY,3.000000
2008,WASHINGTON,PRESIDENT VICE PRESIDENT,,JOHN MCCAIN SARAH PALIN,REPUBLICAN,5247.000000
2008,WASHINGTON,PRESIDENT VICE PRESIDENT,,RALPH NADER MATT GONZALEZ,PEACE AND FREEDOM,71.000000
2008,WASHINGTON,PRESIDENT VICE PRESIDENT,,SCATTERING,,49.000000
2008,WASHINGTON,U S SENATE,,CHRISTOPHER REED,REPUBLICAN,4209.000000
2008,WASHINGTON,U S SENATE,,SCATTERING,,6.000000
2008,WASHINGTON,U S SENATE,,TOM HARKIN,DEMOCRAT,6122.000000
2008,WAYNE,PRESIDENT VICE PRESIDENT,,BARACK OBAMA JOE BIDEN,DEMOCRAT,1357.000000
2008,WAYNE,PRESIDENT VICE PRESIDENT,,BOB BARR WAYNE A ROOT,LIBERTARIAN,3.000000
2008,WAYNE,PRESIDENT VICE PRESIDENT,,BRIAN MOORE STEWART A ALEXANDER,SOCIALIST PARTY USA,1.000000
2008,WAYNE,PRESIDENT VICE PRESIDENT,,CHUCK BALDWIN DARRELL L CASTLE,CONSTITUTION PARTY,11.000000
2008,WAYNE,PRESIDENT VICE PRESIDENT,,CYNTHIA MCKINNEY ROSA CLEMENTE,GREEN PARTY,3.000000
2008,WAYNE,PRESIDENT VICE PRESIDENT,,GLORIA LA RIVA ROBERT MOSES,PARTY FOR SOCIALISM AND LIBERATION,0.000000
2008,WAYNE,PRESIDENT VICE PRESIDENT,,JAMES HARRIS ALYSON KENNEDY,SOCIALIST WORKERS PARTY,1.000000
2008,WAYNE,PRESIDENT VICE PRESIDENT,,JOHN MCCAIN SARAH PALIN,REPUBLICAN,1565.000000
2008,WAYNE,PRESIDENT VICE PRESIDENT,,RALPH NADER MATT GONZALEZ,PEACE AND FREEDOM,21.000000
2008,WAYNE,PRESIDENT VICE PRESIDENT,,SCATTERING,,19.000000
2008,WAYNE,U S SENATE,,CHRISTOPHER REED,REPUBLICAN,1340.000000
2008,WAYNE,U S SENATE,,SCATTERING,,1.000000
2008,WAYNE,U S SENATE,,TOM HARKIN,DEMOCRAT,1596.000000
2008,WEBSTER,PRESIDENT VICE PRESIDENT,,BARACK OBAMA JOE BIDEN,DEMOCRAT,9917.000000
2008,WEBSTER,PRESIDENT VICE PRESIDENT,,BOB BARR WAYNE A ROOT,LIBERTARIAN,49.000000
2008,WEBSTER,PRESIDENT VICE PRESIDENT,,BRIAN MOORE STEWART A ALEXANDER,SOCIALIST PARTY USA,1.000000
2008,WEBSTER,PRESIDENT VICE PRESIDENT,,CHUCK BALDWIN DARRELL L CASTLE,CONSTITUTION PARTY,47.000000
2008,WEBSTER,PRESIDENT VICE PRESIDENT,,CYNTHIA MCKINNEY ROSA CLEMENTE,GREEN PARTY,13.000000
2008,WEBSTER,PRESIDENT VICE PRESIDENT,,GLORIA LA RIVA ROBERT MOSES,PARTY FOR SOCIALISM AND LIBERATION,1.000000
2008,WEBSTER,PRESIDENT VICE PRESIDENT,,JAMES HARRIS ALYSON KENNEDY,SOCIALIST WORKERS PARTY,3.000000
2008,WEBSTER,PRESIDENT VICE PRESIDENT,,JOHN MCCAIN SARAH PALIN,REPUBLICAN,8337.000000
2008,WEBSTER,PRESIDENT VICE PRESIDENT,,RALPH NADER MATT GONZALEZ,PEACE AND FREEDOM,115.000000
2008,WEBSTER,PRESIDENT VICE PRESIDENT,,SCATTERING,,73.000000
2008,WEBSTER,U S SENATE,,CHRISTOPHER REED,REPUBLICAN,6460.000000
2008,WEBSTER,U S SENATE,,SCATTERING,,11.000000
2008,WEBSTER,U S SENATE,,TOM HARKIN,DEMOCRAT,11773.000000
2008,WINNEBAGO,PRESIDENT VICE PRESIDENT,,BARACK OBAMA JOE BIDEN,DEMOCRAT,3254.000000
2008,WINNEBAGO,PRESIDENT VICE PRESIDENT,,BOB BARR WAYNE A ROOT,LIBERTARIAN,19.000000
2008,WINNEBAGO,PRESIDENT VICE PRESIDENT,,BRIAN MOORE STEWART A ALEXANDER,SOCIALIST PARTY USA,1.000000
2008,WINNEBAGO,PRESIDENT VICE PRESIDENT,,CHUCK BALDWIN DARRELL L CASTLE,CONSTITUTION PARTY,17.000000
2008,WINNEBAGO,PRESIDENT VICE PRESIDENT,,CYNTHIA MCKINNEY ROSA CLEMENTE,GREEN PARTY,3.000000
2008,WINNEBAGO,PRESIDENT VICE PRESIDENT,,GLORIA LA RIVA ROBERT MOSES,PARTY FOR SOCIALISM AND LIBERATION,2.000000
2008,WINNEBAGO,PRESIDENT VICE PRESIDENT,,JAMES HARRIS ALYSON KENNEDY,SOCIALIST WORKERS PARTY,2.000000
2008,WINNEBAGO,PRESIDENT VICE PRESIDENT,,JOHN MCCAIN SARAH PALIN,REPUBLICAN,2730.000000
2008,WINNEBAGO,PRESIDENT VICE PRESIDENT,,RALPH NADER MATT GONZALEZ,PEACE AND FREEDOM,32.000000
2008,WINNEBAGO,PRESIDENT VICE PRESIDENT,,SCATTERING,,25.000000
2008,WINNEBAGO,U S SENATE,,CHRISTOPHER REED,REPUBLICAN,2055.000000
2008,WINNEBAGO,U S SENATE,,SCATTERING,,0.000000
2008,WINNEBAGO,U S SENATE,,TOM HARKIN,DEMOCRAT,3912.000000
2008,WINNESHIEK,PRESIDENT VICE PRESIDENT,,BARACK OBAMA JOE BIDEN,DEMOCRAT,6829.000000
2008,WINNESHIEK,PRESIDENT VICE PRESIDENT,,BOB BARR WAYNE A ROOT,LIBERTARIAN,29.000000
2008,WINNESHIEK,PRESIDENT VICE PRESIDENT,,BRIAN MOORE STEWART A ALEXANDER,SOCIALIST PARTY USA,2.000000
2008,WINNESHIEK,PRESIDENT VICE PRESIDENT,,CHUCK BALDWIN DARRELL L CASTLE,CONSTITUTION PARTY,24.000000
2008,WINNESHIEK,PRESIDENT VICE PRESIDENT,,CYNTHIA MCKINNEY ROSA CLEMENTE,GREEN PARTY,7.000000
2008,WINNESHIEK,PRESIDENT VICE PRESIDENT,,GLORIA LA RIVA ROBERT MOSES,PARTY FOR SOCIALISM AND LIBERATION,2.000000
2008,WINNESHIEK,PRESIDENT VICE PRESIDENT,,JAMES HARRIS ALYSON KENNEDY,SOCIALIST WORKERS PARTY,4.000000
2008,WINNESHIEK,PRESIDENT VICE PRESIDENT,,JOHN MCCAIN SARAH PALIN,REPUBLICAN,4273.000000
2008,WINNESHIEK,PRESIDENT VICE PRESIDENT,,RALPH NADER MATT GONZALEZ,PEACE AND FREEDOM,73.000000
2008,WINNESHIEK,PRESIDENT VICE PRESIDENT,,SCATTERING,,41.000000
2008,WINNESHIEK,U S SENATE,,CHRISTOPHER REED,REPUBLICAN,3303.000000
2008,WINNESHIEK,U S SENATE,,SCATTERING,,6.000000
2008,WINNESHIEK,U S SENATE,,TOM HARKIN,DEMOCRAT,7612.000000
2008,WOODBURY,PRESIDENT VICE PRESIDENT,,BARACK OBAMA JOE BIDEN,DEMOCRAT,21983.000000
2008,WOODBURY,PRESIDENT VICE PRESIDENT,,BOB BARR WAYNE A ROOT,LIBERTARIAN,81.000000
2008,WOODBURY,PRESIDENT VICE PRESIDENT,,BRIAN MOORE STEWART A ALEXANDER,SOCIALIST PARTY USA,6.000000
2008,WOODBURY,PRESIDENT VICE PRESIDENT,,CHUCK BALDWIN DARRELL L CASTLE,CONSTITUTION PARTY,73.000000
2008,WOODBURY,PRESIDENT VICE PRESIDENT,,CYNTHIA MCKINNEY ROSA CLEMENTE,GREEN PARTY,33.000000
2008,WOODBURY,PRESIDENT VICE PRESIDENT,,GLORIA LA RIVA ROBERT MOSES,PARTY FOR SOCIALISM AND LIBERATION,8.000000
2008,WOODBURY,PRESIDENT VICE PRESIDENT,,JAMES HARRIS ALYSON KENNEDY,SOCIALIST WORKERS PARTY,4.000000
2008,WOODBURY,PRESIDENT VICE PRESIDENT,,JOHN MCCAIN SARAH PALIN,REPUBLICAN,22219.000000
2008,WOODBURY,PRESIDENT VICE PRESIDENT,,RALPH NADER MATT GONZALEZ,PEACE AND FREEDOM,230.000000
2008,WOODBURY,PRESIDENT VICE PRESIDENT,,SCATTERING,,178.000000
2008,WOODBURY,U S SENATE,,CHRISTOPHER REED,REPUBLICAN,17358.000000
2008,WOODBURY,U S SENATE,,SCATTERING,,27.000000
2008,WOODBURY,U S SENATE,,TOM HARKIN,DEMOCRAT,26038.000000
2008,WORTH,PRESIDENT VICE PRESIDENT,,BARACK OBAMA JOE BIDEN,DEMOCRAT,2567.000000
2008,WORTH,PRESIDENT VICE PRESIDENT,,BOB BARR WAYNE A ROOT,LIBERTARIAN,9.000000
2008,WORTH,PRESIDENT VICE PRESIDENT,,BRIAN MOORE STEWART A ALEXANDER,SOCIALIST PARTY USA,1.000000
2008,WORTH,PRESIDENT VICE PRESIDENT,,CHUCK BALDWIN DARRELL L CASTLE,CONSTITUTION PARTY,5.000000
2008,WORTH,PRESIDENT VICE PRESIDENT,,CYNTHIA MCKINNEY ROSA CLEMENTE,GREEN PARTY,5.000000
2008,WORTH,PRESIDENT VICE PRESIDENT,,GLORIA LA RIVA ROBERT MOSES,PARTY FOR SOCIALISM AND LIBERATION,1.000000
2008,WORTH,PRESIDENT VICE PRESIDENT,,JAMES HARRIS ALYSON KENNEDY,SOCIALIST WORKERS PARTY,1.000000
2008,WORTH,PRESIDENT VICE PRESIDENT,,JOHN MCCAIN SARAH PALIN,REPUBLICAN,1612.000000
2008,WORTH,PRESIDENT VICE PRESIDENT,,RALPH NADER MATT GONZALEZ,PEACE AND FREEDOM,42.000000
2008,WORTH,PRESIDENT VICE PRESIDENT,,SCATTERING,,16.000000
2008,WORTH,U S SENATE,,CHRISTOPHER REED,REPUBLICAN,1113.000000
2008,WORTH,U S SENATE,,SCATTERING,,2.000000
2008,WORTH,U S SENATE,,TOM HARKIN,DEMOCRAT,3081.000000
2008,WRIGHT,PRESIDENT VICE PRESIDENT,,BARACK OBAMA JOE BIDEN,DEMOCRAT,3102.000000
2008,WRIGHT,PRESIDENT VICE PRESIDENT,,BOB BARR WAYNE A ROOT,LIBERTARIAN,19.000000
2008,WRIGHT,PRESIDENT VICE PRESIDENT,,BRIAN MOORE STEWART A ALEXANDER,SOCIALIST PARTY USA,0.000000
2008,WRIGHT,PRESIDENT VICE PRESIDENT,,CHUCK BALDWIN DARRELL L CASTLE,CONSTITUTION PARTY,15.000000
2008,WRIGHT,PRESIDENT VICE PRESIDENT,,CYNTHIA MCKINNEY ROSA CLEMENTE,GREEN PARTY,4.000000
2008,WRIGHT,PRESIDENT VICE PRESIDENT,,GLORIA LA RIVA ROBERT MOSES,PARTY FOR SOCIALISM AND LIBERATION,0.000000
2008,WRIGHT,PRESIDENT VICE PRESIDENT,,JAMES HARRIS ALYSON KENNEDY,SOCIALIST WORKERS PARTY,1.000000
2008,WRIGHT,PRESIDENT VICE PRESIDENT,,JOHN MCCAIN SARAH PALIN,REPUBLICAN,3198.000000
2008,WRIGHT,PRESIDENT VICE PRESIDENT,,RALPH NADER MATT GONZALEZ,PEACE AND FREEDOM,32.000000
2008,WRIGHT,PRESIDENT VICE PRESIDENT,,SCATTERING,,24.000000
2008,WRIGHT,U S SENATE,,CHRISTOPHER REED,REPUBLICAN,2509.000000
2008,WRIGHT,U S SENATE,,SCATTERING,,1.000000
2008,WRIGHT,U S SENATE,,TOM HARKIN,DEMOCRAT,3786.000000
