county,precinct,vtd_id,match_method,confidence,source_file,source_row
Adair,1NW,ADAIR - 1NW ADAIR,election_geometry_prefix,0.98,C:\Users\Shama\OneDrive\Documents\Side_Projects\Side_Projects\IAPrecinctMap\data\2016\20161108__ia__general__precinct.csv,2
Adair,2NE,ADAIR - 2NE STUART,election_geometry_prefix,0.98,C:\Users\Shama\OneDrive\Documents\Side_Projects\Side_Projects\IAPrecinctMap\data\2016\20161108__ia__general__precinct.csv,51
Adair,3SW,ADAIR - 3SW FONTANELLE,election_geometry_prefix,0.98,C:\Users\Shama\OneDrive\Documents\Side_Projects\Side_Projects\IAPrecinctMap\data\2016\20161108__ia__general__precinct.csv,100
Adair,4SE,ADAIR - 4SE ORIENT,election_geometry_prefix,0.98,C:\Users\Shama\OneDrive\Documents\Side_Projects\Side_Projects\IAPrecinctMap\data\2016\20161108__ia__general__precinct.csv,149
Adair,5GF,ADAIR - 5GF GREENFIELD,election_geometry_prefix,0.98,C:\Users\Shama\OneDrive\Documents\Side_Projects\Side_Projects\IAPrecinctMap\data\2016\20161108__ia__general__precinct.csv,198
Adams,Adams 1,ADAMS - ADAMS 1,election_geometry_exact,1.0,C:\Users\Shama\OneDrive\Documents\Side_Projects\Side_Projects\IAPrecinctMap\data\2016\20161108__ia__general__precinct.csv,247
Adams,Adams 2,ADAMS - ADAMS 2,election_geometry_exact,1.0,C:\Users\Shama\OneDrive\Documents\Side_Projects\Side_Projects\IAPrecinctMap\data\2016\20161108__ia__general__precinct.csv,290
Adams,Adams 3,ADAMS - ADAMS 3,election_geometry_exact,1.0,C:\Users\Shama\OneDrive\Documents\Side_Projects\Side_Projects\IAPrecinctMap\data\2016\20161108__ia__general__precinct.csv,333
Adams,Adams 4,ADAMS - ADAMS 4,election_geometry_exact,1.0,C:\Users\Shama\OneDrive\Documents\Side_Projects\Side_Projects\IAPrecinctMap\data\2016\20161108__ia__general__precinct.csv,376
Adams,Adams 5,ADAMS - ADAMS 5,election_geometry_exact,1.0,C:\Users\Shama\OneDrive\Documents\Side_Projects\Side_Projects\IAPrecinctMap\data\2016\20161108__ia__general__precinct.csv,419
Allamakee,Pct 1-WL/HV,ALLAMAKEE - PCT 01 - WL/HV,election_geometry_fuzzy,0.9333333333333333,C:\Users\Shama\OneDrive\Documents\Side_Projects\Side_Projects\IAPrecinctMap\data\2016\20161108__ia__general__precinct.csv,548
Allamakee,Pct 10-WAUKON 2,ALLAMAKEE - PCT 10 - WAUKON 2,election_geometry_exact,1.0,C:\Users\Shama\OneDrive\Documents\Side_Projects\Side_Projects\IAPrecinctMap\data\2016\20161108__ia__general__precinct.csv,462
Allamakee,Pct 11-WAUKON 3,ALLAMAKEE - PCT 11 - WAUKON 3,election_geometry_exact,1.0,C:\Users\Shama\OneDrive\Documents\Side_Projects\Side_Projects\IAPrecinctMap\data\2016\20161108__ia__general__precinct.csv,505
Allamakee,Pct 2-FC/JF/LL/MK/UP,ALLAMAKEE - PCT 02 - FC/JF/LL/MK/UP,election_geometry_fuzzy,0.9696969696969697,C:\Users\Shama\OneDrive\Documents\Side_Projects\Side_Projects\IAPrecinctMap\data\2016\20161108__ia__general__precinct.csv,591
Allamakee,Pct 3-PO/FK,ALLAMAKEE - PCT 03 - PO/FK,election_geometry_fuzzy,0.9333333333333333,C:\Users\Shama\OneDrive\Documents\Side_Projects\Side_Projects\IAPrecinctMap\data\2016\20161108__ia__general__precinct.csv,634
Allamakee,Pct 4-PV CITY,ALLAMAKEE - PCT 04 - PV CITY,election_geometry_fuzzy,0.9473684210526315,C:\Users\Shama\OneDrive\Documents\Side_Projects\Side_Projects\IAPrecinctMap\data\2016\20161108__ia__general__precinct.csv,677
Allamakee,Pct 5-LT/PC/WV CITY,ALLAMAKEE - PCT 05 - LT/PC/WV CITY,election_geometry_fuzzy,0.967741935483871,C:\Users\Shama\OneDrive\Documents\Side_Projects\Side_Projects\IAPrecinctMap\data\2016\20161108__ia__general__precinct.csv,720
Allamakee,Pct 6-FV/TL/HF CITY,ALLAMAKEE - PCT 06 - FV/TL/HF CITY,election_geometry_fuzzy,0.967741935483871,C:\Users\Shama\OneDrive\Documents\Side_Projects\Side_Projects\IAPrecinctMap\data\2016\20161108__ia__general__precinct.csv,763
Allamakee,Pct 7-CN/LF/LS/LS CITY,ALLAMAKEE - PCT 07 - CN/LF/LS/LS CITY,election_geometry_fuzzy,0.972972972972973,C:\Users\Shama\OneDrive\Documents\Side_Projects\Side_Projects\IAPrecinctMap\data\2016\20161108__ia__general__precinct.csv,806
Allamakee,Pct 8-IA/UN/NA CITY,ALLAMAKEE - PCT 08 - IA/UC/NA CITY,election_geometry_fuzzy,0.9032258064516129,C:\Users\Shama\OneDrive\Documents\Side_Projects\Side_Projects\IAPrecinctMap\data\2016\20161108__ia__general__precinct.csv,849
Allamakee,Pct 9-WAUKON 1,ALLAMAKEE - PCT 09 - WAUKON 1,election_geometry_fuzzy,0.9523809523809523,C:\Users\Shama\OneDrive\Documents\Side_Projects\Side_Projects\IAPrecinctMap\data\2016\20161108__ia__general__precinct.csv,892
Appanoose,Bellair-Lincoln,APPANOOSE - BELLAIR/LINCOLN,election_geometry_exact,1.0,C:\Users\Shama\OneDrive\Documents\Side_Projects\Side_Projects\IAPrecinctMap\data\2016\20161108__ia__general__precinct.csv,935
Appanoose,Caldwell,APPANOOSE - CALDWELL TOWNSHIP,election_geometry_prefix,0.98,C:\Users\Shama\OneDrive\Documents\Side_Projects\Side_Projects\IAPrecinctMap\data\2016\20161108__ia__general__precinct.csv,981
Appanoose,Centerville W1,,election_geometry_ambiguous,0.875,C:\Users\Shama\OneDrive\Documents\Side_Projects\Side_Projects\IAPrecinctMap\data\2016\20161108__ia__general__precinct.csv,1027
Appanoose,Centerville W2,,election_geometry_ambiguous,0.875,C:\Users\Shama\OneDrive\Documents\Side_Projects\Side_Projects\IAPrecinctMap\data\2016\20161108__ia__general__precinct.csv,1073
Appanoose,Centerville W3,,election_geometry_ambiguous,0.875,C:\Users\Shama\OneDrive\Documents\Side_Projects\Side_Projects\IAPrecinctMap\data\2016\20161108__ia__general__precinct.csv,1119
Appanoose,Franklin-Pleasant,,election_geometry_ambiguous,0.47619047619047616,C:\Users\Shama\OneDrive\Documents\Side_Projects\Side_Projects\IAPrecinctMap\data\2016\20161108__ia__general__precinct.csv,1165
Appanoose,Johns-Independence,APPANOOSE - JOHNS/INDEPENDENCE,election_geometry_exact,1.0,C:\Users\Shama\OneDrive\Documents\Side_Projects\Side_Projects\IAPrecinctMap\data\2016\20161108__ia__general__precinct.csv,1211
Appanoose,Taylor-Chariton,APPANOOSE - TAYLOR/CHARITON,election_geometry_exact,1.0,C:\Users\Shama\OneDrive\Documents\Side_Projects\Side_Projects\IAPrecinctMap\data\2016\20161108__ia__general__precinct.csv,1257
Appanoose,Union-Udell,APPANOOSE - UNION/UDELL TOWNSHIP,election_geometry_prefix,0.98,C:\Users\Shama\OneDrive\Documents\Side_Projects\Side_Projects\IAPrecinctMap\data\2016\20161108__ia__general__precinct.csv,1303
Appanoose,Vermillion-Douglas-Sharon,APPANOOSE - VERMILLION/DOUGLAS/SHARON,election_geometry_exact,1.0,C:\Users\Shama\OneDrive\Documents\Side_Projects\Side_Projects\IAPrecinctMap\data\2016\20161108__ia__general__precinct.csv,1349
Appanoose,Walnut,APPANOOSE - WALNUT,election_geometry_exact,1.0,C:\Users\Shama\OneDrive\Documents\Side_Projects\Side_Projects\IAPrecinctMap\data\2016\20161108__ia__general__precinct.csv,1395
Appanoose,Washington-Wells,APPANOOSE - WASHINGTON/WELLS,election_geometry_exact,1.0,C:\Users\Shama\OneDrive\Documents\Side_Projects\Side_Projects\IAPrecinctMap\data\2016\20161108__ia__general__precinct.csv,1441
Audubon,Precinct #1,AUDUBON - PRECINCT 1,election_geometry_exact,1.0,C:\Users\Shama\OneDrive\Documents\Side_Projects\Side_Projects\IAPrecinctMap\data\2016\20161108__ia__general__precinct.csv,1487
Audubon,Precinct #2,AUDUBON - PRECINCT 2,election_geometry_exact,1.0,C:\Users\Shama\OneDrive\Documents\Side_Projects\Side_Projects\IAPrecinctMap\data\2016\20161108__ia__general__precinct.csv,1539
Benton,Belle Plaine 1,BENTON - BELLE PLAINE 1,election_geometry_exact,1.0,C:\Users\Shama\OneDrive\Documents\Side_Projects\Side_Projects\IAPrecinctMap\data\2016\20161108__ia__general__precinct.csv,1591
Benton,Belle Plaine 2,BENTON - BELLE PLAINE 2,election_geometry_exact,1.0,C:\Users\Shama\OneDrive\Documents\Side_Projects\Side_Projects\IAPrecinctMap\data\2016\20161108__ia__general__precinct.csv,1648
Benton,Belle Plaine 3,BENTON - BELLE PLAINE 3,election_geometry_exact,1.0,C:\Users\Shama\OneDrive\Documents\Side_Projects\Side_Projects\IAPrecinctMap\data\2016\20161108__ia__general__precinct.csv,1705
Benton,Benton - Canton - Shellsburg,BENTON - BENTON-CANTON-SHELLSBURG,election_geometry_exact,1.0,C:\Users\Shama\OneDrive\Documents\Side_Projects\Side_Projects\IAPrecinctMap\data\2016\20161108__ia__general__precinct.csv,1762
Benton,Big Grove - Union - Van Horne,BENTON - BIG GROVE-UNION-VAN HORNE,election_geometry_exact,1.0,C:\Users\Shama\OneDrive\Documents\Side_Projects\Side_Projects\IAPrecinctMap\data\2016\20161108__ia__general__precinct.csv,1819
Benton,Bruce - Cedar - Mt Auburn,BENTON - BRUCE-CEDAR-MT AUBURN,election_geometry_exact,1.0,C:\Users\Shama\OneDrive\Documents\Side_Projects\Side_Projects\IAPrecinctMap\data\2016\20161108__ia__general__precinct.csv,1876
Benton,Eden - Harrison - Taylor,BENTON - EDEN-HARRISON-TAYLOR,election_geometry_exact,1.0,C:\Users\Shama\OneDrive\Documents\Side_Projects\Side_Projects\IAPrecinctMap\data\2016\20161108__ia__general__precinct.csv,1933
Benton,Eldorado - Newhall,BENTON - ELDORADO-NEWHALL,election_geometry_exact,1.0,C:\Users\Shama\OneDrive\Documents\Side_Projects\Side_Projects\IAPrecinctMap\data\2016\20161108__ia__general__precinct.csv,1990
Benton,Florence - St Clair - Norway,BENTON - FLORENCE-ST CLAIR-NORWAY,election_geometry_exact,1.0,C:\Users\Shama\OneDrive\Documents\Side_Projects\Side_Projects\IAPrecinctMap\data\2016\20161108__ia__general__precinct.csv,2047
Benton,Fremont - Atkins,BENTON - FREMONT-ATKINS,election_geometry_exact,1.0,C:\Users\Shama\OneDrive\Documents\Side_Projects\Side_Projects\IAPrecinctMap\data\2016\20161108__ia__general__precinct.csv,2104
Benton,Homer - Monroe - Jackson - Garrison,BENTON - HOMER-MONROE-JACKSON-GARRISON,election_geometry_exact,1.0,C:\Users\Shama\OneDrive\Documents\Side_Projects\Side_Projects\IAPrecinctMap\data\2016\20161108__ia__general__precinct.csv,2161
Benton,Iowa - Leroy - Luzerne - Blairstown,BENTON - IOWA-LEROY-LUZERNE-BLAIRSTOWN,election_geometry_exact,1.0,C:\Users\Shama\OneDrive\Documents\Side_Projects\Side_Projects\IAPrecinctMap\data\2016\20161108__ia__general__precinct.csv,2218
Benton,Kane - Keystone,BENTON - KANE-KEYSTONE,election_geometry_exact,1.0,C:\Users\Shama\OneDrive\Documents\Side_Projects\Side_Projects\IAPrecinctMap\data\2016\20161108__ia__general__precinct.csv,2275
Benton,Polk - Urbana,BENTON - POLK-URBANA,election_geometry_exact,1.0,C:\Users\Shama\OneDrive\Documents\Side_Projects\Side_Projects\IAPrecinctMap\data\2016\20161108__ia__general__precinct.csv,2332
Benton,Vinton 1,BENTON - VINTON 1,election_geometry_exact,1.0,C:\Users\Shama\OneDrive\Documents\Side_Projects\Side_Projects\IAPrecinctMap\data\2016\20161108__ia__general__precinct.csv,2389
Benton,Vinton 2,BENTON - VINTON 2,election_geometry_exact,1.0,C:\Users\Shama\OneDrive\Documents\Side_Projects\Side_Projects\IAPrecinctMap\data\2016\20161108__ia__general__precinct.csv,2446
Benton,Vinton 3,BENTON - VINTON 3,election_geometry_exact,1.0,C:\Users\Shama\OneDrive\Documents\Side_Projects\Side_Projects\IAPrecinctMap\data\2016\20161108__ia__general__precinct.csv,2503
Benton,Vinton 4,BENTON - VINTON 4,election_geometry_exact,1.0,C:\Users\Shama\OneDrive\Documents\Side_Projects\Side_Projects\IAPrecinctMap\data\2016\20161108__ia__general__precinct.csv,2560
Benton,Walford,BENTON - WALFORD,election_geometry_exact,1.0,C:\Users\Shama\OneDrive\Documents\Side_Projects\Side_Projects\IAPrecinctMap\data\2016\20161108__ia__general__precinct.csv,2617
Black Hawk,Barclay Lester Dunkerton,BLACK HAWK - BARCLAY LESTER DUNKERTON,election_geometry_exact,1.0,C:\Users\Shama\OneDrive\Documents\Side_Projects\Side_Projects\IAPrecinctMap\data\2016\20161108__ia__general__precinct.csv,2674
Black Hawk,Bennington,BLACK HAWK - BENNINGTON,election_geometry_exact,1.0,C:\Users\Shama\OneDrive\Documents\Side_Projects\Side_Projects\IAPrecinctMap\data\2016\20161108__ia__general__precinct.csv,2728
Black Hawk,Big Creek La Porte City,BLACK HAWK - BIG CREEK LA PORTE,election_geometry_prefix,0.98,C:\Users\Shama\OneDrive\Documents\Side_Projects\Side_Projects\IAPrecinctMap\data\2016\20161108__ia__general__precinct.csv,2782
Black Hawk,Black Hawk Hudson Lincoln,BLACK HAWK - BLACK HAWK HUDSON LINCOLN,election_geometry_exact,1.0,C:\Users\Shama\OneDrive\Documents\Side_Projects\Side_Projects\IAPrecinctMap\data\2016\20161108__ia__general__precinct.csv,2836
Black Hawk,Cedar Orange,BLACK HAWK - CEDAR ORANGE,election_geometry_exact,1.0,C:\Users\Shama\OneDrive\Documents\Side_Projects\Side_Projects\IAPrecinctMap\data\2016\20161108__ia__general__precinct.csv,2890
Black Hawk,CF W1 P1,BLACK HAWK - CF W1 P1,election_geometry_exact,1.0,C:\Users\Shama\OneDrive\Documents\Side_Projects\Side_Projects\IAPrecinctMap\data\2016\20161108__ia__general__precinct.csv,2940
Black Hawk,CF W1 P2,BLACK HAWK - CF W1 P2,election_geometry_exact,1.0,C:\Users\Shama\OneDrive\Documents\Side_Projects\Side_Projects\IAPrecinctMap\data\2016\20161108__ia__general__precinct.csv,2995
Black Hawk,CF W1 P3,BLACK HAWK - CF W1 P3,election_geometry_exact,1.0,C:\Users\Shama\OneDrive\Documents\Side_Projects\Side_Projects\IAPrecinctMap\data\2016\20161108__ia__general__precinct.csv,3050
Black Hawk,CF W2 P1,BLACK HAWK - CF W2 P1,election_geometry_exact,1.0,C:\Users\Shama\OneDrive\Documents\Side_Projects\Side_Projects\IAPrecinctMap\data\2016\20161108__ia__general__precinct.csv,3105
Black Hawk,CF W2 P2 CF Twp,BLACK HAWK - CF W2 P2 & CF TWP,election_geometry_fuzzy,0.8823529411764706,C:\Users\Shama\OneDrive\Documents\Side_Projects\Side_Projects\IAPrecinctMap\data\2016\20161108__ia__general__precinct.csv,3160
Black Hawk,CF W2 P3,BLACK HAWK - CF W2 P3,election_geometry_exact,1.0,C:\Users\Shama\OneDrive\Documents\Side_Projects\Side_Projects\IAPrecinctMap\data\2016\20161108__ia__general__precinct.csv,3214
Black Hawk,CF W3 P1,BLACK HAWK - CF W3 P1,election_geometry_exact,1.0,C:\Users\Shama\OneDrive\Documents\Side_Projects\Side_Projects\IAPrecinctMap\data\2016\20161108__ia__general__precinct.csv,3268
Black Hawk,CF W3 P2,BLACK HAWK - CF W3 P2,election_geometry_exact,1.0,C:\Users\Shama\OneDrive\Documents\Side_Projects\Side_Projects\IAPrecinctMap\data\2016\20161108__ia__general__precinct.csv,3323
Black Hawk,CF W3 P3,BLACK HAWK - CF W3 P3,election_geometry_exact,1.0,C:\Users\Shama\OneDrive\Documents\Side_Projects\Side_Projects\IAPrecinctMap\data\2016\20161108__ia__general__precinct.csv,3378
Black Hawk,CF W4 P1,BLACK HAWK - CF W4 P1,election_geometry_exact,1.0,C:\Users\Shama\OneDrive\Documents\Side_Projects\Side_Projects\IAPrecinctMap\data\2016\20161108__ia__general__precinct.csv,3433
Black Hawk,CF W4 P2,BLACK HAWK - CF W4 P2,election_geometry_exact,1.0,C:\Users\Shama\OneDrive\Documents\Side_Projects\Side_Projects\IAPrecinctMap\data\2016\20161108__ia__general__precinct.csv,3488
Black Hawk,CF W4 P3,BLACK HAWK - CF W4 P3,election_geometry_exact,1.0,C:\Users\Shama\OneDrive\Documents\Side_Projects\Side_Projects\IAPrecinctMap\data\2016\20161108__ia__general__precinct.csv,3543
Black Hawk,CF W5 P1,BLACK HAWK - CF W5 P1,election_geometry_exact,1.0,C:\Users\Shama\OneDrive\Documents\Side_Projects\Side_Projects\IAPrecinctMap\data\2016\20161108__ia__general__precinct.csv,3598
Black Hawk,CF W5 P2,BLACK HAWK - CF W5 P2,election_geometry_exact,1.0,C:\Users\Shama\OneDrive\Documents\Side_Projects\Side_Projects\IAPrecinctMap\data\2016\20161108__ia__general__precinct.csv,3653
Black Hawk,CF W5 P3,BLACK HAWK - CF W5 P3,election_geometry_exact,1.0,C:\Users\Shama\OneDrive\Documents\Side_Projects\Side_Projects\IAPrecinctMap\data\2016\20161108__ia__general__precinct.csv,3708
Black Hawk,Eagle,BLACK HAWK - EAGLE,election_geometry_exact,1.0,C:\Users\Shama\OneDrive\Documents\Side_Projects\Side_Projects\IAPrecinctMap\data\2016\20161108__ia__general__precinct.csv,3762
Black Hawk,Elk Run Heights Raymond,BLACK HAWK - ELK RUN HEIGHTS & RAYMOND,election_geometry_fuzzy,0.92,C:\Users\Shama\OneDrive\Documents\Side_Projects\Side_Projects\IAPrecinctMap\data\2016\20161108__ia__general__precinct.csv,3816
Black Hawk,Evansdale W1,BLACK HAWK - EVANSDALE W1,election_geometry_exact,1.0,C:\Users\Shama\OneDrive\Documents\Side_Projects\Side_Projects\IAPrecinctMap\data\2016\20161108__ia__general__precinct.csv,3868
Black Hawk,Evansdale W2,BLACK HAWK - EVANSDALE W2,election_geometry_exact,1.0,C:\Users\Shama\OneDrive\Documents\Side_Projects\Side_Projects\IAPrecinctMap\data\2016\20161108__ia__general__precinct.csv,3920
Black Hawk,Evansdale W3,BLACK HAWK - EVANSDALE W3,election_geometry_exact,1.0,C:\Users\Shama\OneDrive\Documents\Side_Projects\Side_Projects\IAPrecinctMap\data\2016\20161108__ia__general__precinct.csv,3972
Black Hawk,Evansdale W4,BLACK HAWK - EVANSDALE W4,election_geometry_exact,1.0,C:\Users\Shama\OneDrive\Documents\Side_Projects\Side_Projects\IAPrecinctMap\data\2016\20161108__ia__general__precinct.csv,4024
Black Hawk,Mt Vernon,BLACK HAWK - MT VERNON,election_geometry_exact,1.0,C:\Users\Shama\OneDrive\Documents\Side_Projects\Side_Projects\IAPrecinctMap\data\2016\20161108__ia__general__precinct.csv,4076
Black Hawk,Poyner P1 East Wloo,BLACK HAWK - POYNER P1 & EAST WLOO,election_geometry_fuzzy,0.9047619047619048,C:\Users\Shama\OneDrive\Documents\Side_Projects\Side_Projects\IAPrecinctMap\data\2016\20161108__ia__general__precinct.csv,4130
Black Hawk,Poyner P2 Gilb Fox Jesup,,election_geometry_ambiguous,0.7843137254901961,C:\Users\Shama\OneDrive\Documents\Side_Projects\Side_Projects\IAPrecinctMap\data\2016\20161108__ia__general__precinct.csv,4184
Black Hawk,Spring Creek,BLACK HAWK - SPRING CREEK,election_geometry_exact,1.0,C:\Users\Shama\OneDrive\Documents\Side_Projects\Side_Projects\IAPrecinctMap\data\2016\20161108__ia__general__precinct.csv,4234
Black Hawk,Union,BLACK HAWK - UNION,election_geometry_exact,1.0,C:\Users\Shama\OneDrive\Documents\Side_Projects\Side_Projects\IAPrecinctMap\data\2016\20161108__ia__general__precinct.csv,4284
Black Hawk,Washington Janesville,BLACK HAWK - WASHINGTON JANESVILLE,election_geometry_exact,1.0,C:\Users\Shama\OneDrive\Documents\Side_Projects\Side_Projects\IAPrecinctMap\data\2016\20161108__ia__general__precinct.csv,4338
Black Hawk,WL W1 P1,,election_geometry_ambiguous,0.8571428571428571,C:\Users\Shama\OneDrive\Documents\Side_Projects\Side_Projects\IAPrecinctMap\data\2016\20161108__ia__general__precinct.csv,4392
Black Hawk,WL W1 P2,,election_geometry_ambiguous,0.8571428571428571,C:\Users\Shama\OneDrive\Documents\Side_Projects\Side_Projects\IAPrecinctMap\data\2016\20161108__ia__general__precinct.csv,4446
Black Hawk,WL W1 P3,,election_geometry_ambiguous,0.8571428571428571,C:\Users\Shama\OneDrive\Documents\Side_Projects\Side_Projects\IAPrecinctMap\data\2016\20161108__ia__general__precinct.csv,4500
Black Hawk,WL W1 P4,,election_geometry_ambiguous,0.8571428571428571,C:\Users\Shama\OneDrive\Documents\Side_Projects\Side_Projects\IAPrecinctMap\data\2016\20161108__ia__general__precinct.csv,4550
Black Hawk,WL W1 P5,,election_geometry_ambiguous,0.8571428571428571,C:\Users\Shama\OneDrive\Documents\Side_Projects\Side_Projects\IAPrecinctMap\data\2016\20161108__ia__general__precinct.csv,4604
Black Hawk,WL W1 P6,,election_geometry_ambiguous,0.8571428571428571,C:\Users\Shama\OneDrive\Documents\Side_Projects\Side_Projects\IAPrecinctMap\data\2016\20161108__ia__general__precinct.csv,4658
Black Hawk,WL W2 P1,,election_geometry_ambiguous,0.8571428571428571,C:\Users\Shama\OneDrive\Documents\Side_Projects\Side_Projects\IAPrecinctMap\data\2016\20161108__ia__general__precinct.csv,4712
Black Hawk,WL W2 P2,,election_geometry_ambiguous,0.8571428571428571,C:\Users\Shama\OneDrive\Documents\Side_Projects\Side_Projects\IAPrecinctMap\data\2016\20161108__ia__general__precinct.csv,4762
Black Hawk,WL W2 P3,,election_geometry_ambiguous,0.8571428571428571,C:\Users\Shama\OneDrive\Documents\Side_Projects\Side_Projects\IAPrecinctMap\data\2016\20161108__ia__general__precinct.csv,4812
Black Hawk,WL W2 P4,,election_geometry_ambiguous,0.8571428571428571,C:\Users\Shama\OneDrive\Documents\Side_Projects\Side_Projects\IAPrecinctMap\data\2016\20161108__ia__general__precinct.csv,4862
Black Hawk,WL W2 P5,,election_geometry_ambiguous,0.8571428571428571,C:\Users\Shama\OneDrive\Documents\Side_Projects\Side_Projects\IAPrecinctMap\data\2016\20161108__ia__general__precinct.csv,4912
Black Hawk,WL W2 P6,,election_geometry_ambiguous,0.8571428571428571,C:\Users\Shama\OneDrive\Documents\Side_Projects\Side_Projects\IAPrecinctMap\data\2016\20161108__ia__general__precinct.csv,4962
Black Hawk,WL W3 P1,,election_geometry_ambiguous,0.8571428571428571,C:\Users\Shama\OneDrive\Documents\Side_Projects\Side_Projects\IAPrecinctMap\data\2016\20161108__ia__general__precinct.csv,5016
Black Hawk,WL W3 P2,,election_geometry_ambiguous,0.8571428571428571,C:\Users\Shama\OneDrive\Documents\Side_Projects\Side_Projects\IAPrecinctMap\data\2016\20161108__ia__general__precinct.csv,5068
Black Hawk,WL W3 P3,,election_geometry_ambiguous,0.8571428571428571,C:\Users\Shama\OneDrive\Documents\Side_Projects\Side_Projects\IAPrecinctMap\data\2016\20161108__ia__general__precinct.csv,5120
Black Hawk,WL W3 P4,,election_geometry_ambiguous,0.8571428571428571,C:\Users\Shama\OneDrive\Documents\Side_Projects\Side_Projects\IAPrecinctMap\data\2016\20161108__ia__general__precinct.csv,5172
Black Hawk,WL W3 P5,,election_geometry_ambiguous,0.8571428571428571,C:\Users\Shama\OneDrive\Documents\Side_Projects\Side_Projects\IAPrecinctMap\data\2016\20161108__ia__general__precinct.csv,5224
Black Hawk,WL W3 P6,,election_geometry_ambiguous,0.8571428571428571,C:\Users\Shama\OneDrive\Documents\Side_Projects\Side_Projects\IAPrecinctMap\data\2016\20161108__ia__general__precinct.csv,5276
Black Hawk,WL W4 P1,,election_geometry_ambiguous,0.8571428571428571,C:\Users\Shama\OneDrive\Documents\Side_Projects\Side_Projects\IAPrecinctMap\data\2016\20161108__ia__general__precinct.csv,5326
Black Hawk,WL W4 P2,,election_geometry_ambiguous,0.8571428571428571,C:\Users\Shama\OneDrive\Documents\Side_Projects\Side_Projects\IAPrecinctMap\data\2016\20161108__ia__general__precinct.csv,5378
Black Hawk,WL W4 P3,,election_geometry_ambiguous,0.8571428571428571,C:\Users\Shama\OneDrive\Documents\Side_Projects\Side_Projects\IAPrecinctMap\data\2016\20161108__ia__general__precinct.csv,5430
Black Hawk,WL W4 P4,,election_geometry_ambiguous,0.8571428571428571,C:\Users\Shama\OneDrive\Documents\Side_Projects\Side_Projects\IAPrecinctMap\data\2016\20161108__ia__general__precinct.csv,5482
Black Hawk,WL W4 P5,,election_geometry_ambiguous,0.8571428571428571,C:\Users\Shama\OneDrive\Documents\Side_Projects\Side_Projects\IAPrecinctMap\data\2016\20161108__ia__general__precinct.csv,5534
Black Hawk,WL W4 P6,,election_geometry_ambiguous,0.8571428571428571,C:\Users\Shama\OneDrive\Documents\Side_Projects\Side_Projects\IAPrecinctMap\data\2016\20161108__ia__general__precinct.csv,5586
Black Hawk,WL W5 P1,,election_geometry_ambiguous,0.8571428571428571,C:\Users\Shama\OneDrive\Documents\Side_Projects\Side_Projects\IAPrecinctMap\data\2016\20161108__ia__general__precinct.csv,5638
Black Hawk,WL W5 P2,,election_geometry_ambiguous,0.8571428571428571,C:\Users\Shama\OneDrive\Documents\Side_Projects\Side_Projects\IAPrecinctMap\data\2016\20161108__ia__general__precinct.csv,5688
Black Hawk,WL W5 P3,,election_geometry_ambiguous,0.8571428571428571,C:\Users\Shama\OneDrive\Documents\Side_Projects\Side_Projects\IAPrecinctMap\data\2016\20161108__ia__general__precinct.csv,5738
Black Hawk,WL W5 P4,,election_geometry_ambiguous,0.8571428571428571,C:\Users\Shama\OneDrive\Documents\Side_Projects\Side_Projects\IAPrecinctMap\data\2016\20161108__ia__general__precinct.csv,5788
Black Hawk,WL W5 P5,,election_geometry_ambiguous,0.8571428571428571,C:\Users\Shama\OneDrive\Documents\Side_Projects\Side_Projects\IAPrecinctMap\data\2016\20161108__ia__general__precinct.csv,5838
Black Hawk,WL W5 P6,,election_geometry_ambiguous,0.8571428571428571,C:\Users\Shama\OneDrive\Documents\Side_Projects\Side_Projects\IAPrecinctMap\data\2016\20161108__ia__general__precinct.csv,5892
Boone,BN4/DSM Twp,,election_geometry_ambiguous,0.48,C:\Users\Shama\OneDrive\Documents\Side_Projects\Side_Projects\IAPrecinctMap\data\2016\20161108__ia__general__precinct.csv,5946
Boone,Boone 1st Ward - BN1,BOONE - BOONE 1ST WARD,election_geometry_prefix,0.98,C:\Users\Shama\OneDrive\Documents\Side_Projects\Side_Projects\IAPrecinctMap\data\2016\20161108__ia__general__precinct.csv,5992
Boone,Boone 2nd Ward - BN2,BOONE - BOONE 2ND WARD,election_geometry_prefix,0.98,C:\Users\Shama\OneDrive\Documents\Side_Projects\Side_Projects\IAPrecinctMap\data\2016\20161108__ia__general__precinct.csv,6038
Boone,Boone 3rd Ward - BN3,BOONE - BOONE 3RD WARD,election_geometry_prefix,0.98,C:\Users\Shama\OneDrive\Documents\Side_Projects\Side_Projects\IAPrecinctMap\data\2016\20161108__ia__general__precinct.csv,6084
Boone,Boone 5th Ward - BN5,BOONE - BOONE 5TH WARD,election_geometry_prefix,0.98,C:\Users\Shama\OneDrive\Documents\Side_Projects\Side_Projects\IAPrecinctMap\data\2016\20161108__ia__general__precinct.csv,6130
Boone,Madrid 1st Ward - MD1,BOONE - MADRID 1ST WARD,election_geometry_prefix,0.98,C:\Users\Shama\OneDrive\Documents\Side_Projects\Side_Projects\IAPrecinctMap\data\2016\20161108__ia__general__precinct.csv,6176
Boone,Madrid 2nd Ward - MD2,BOONE - MADRID 2ND WARD,election_geometry_prefix,0.98,C:\Users\Shama\OneDrive\Documents\Side_Projects\Side_Projects\IAPrecinctMap\data\2016\20161108__ia__general__precinct.csv,6222
Boone,Madrid 3rd Ward,BOONE - MADRID 3RD WARD,election_geometry_exact,1.0,C:\Users\Shama\OneDrive\Documents\Side_Projects\Side_Projects\IAPrecinctMap\data\2016\20161108__ia__general__precinct.csv,6268
Boone,Ogden - OG,BOONE - OGDEN,election_geometry_prefix,0.98,C:\Users\Shama\OneDrive\Documents\Side_Projects\Side_Projects\IAPrecinctMap\data\2016\20161108__ia__general__precinct.csv,6317
Boone,Rural Precinct 1 - RP1,BOONE - RURAL PRECINCT 1,election_geometry_prefix,0.98,C:\Users\Shama\OneDrive\Documents\Side_Projects\Side_Projects\IAPrecinctMap\data\2016\20161108__ia__general__precinct.csv,6363
Boone,Rural Precinct 2 - RP2,BOONE - RURAL PRECINCT 2,election_geometry_prefix,0.98,C:\Users\Shama\OneDrive\Documents\Side_Projects\Side_Projects\IAPrecinctMap\data\2016\20161108__ia__general__precinct.csv,6409
Boone,Rural Precinct 3 - RP3,BOONE - RURAL PRECINCT 3,election_geometry_prefix,0.98,C:\Users\Shama\OneDrive\Documents\Side_Projects\Side_Projects\IAPrecinctMap\data\2016\20161108__ia__general__precinct.csv,6455
Boone,Rural Precinct 4 - RP4,BOONE - RURAL PRECINCT 4,election_geometry_prefix,0.98,C:\Users\Shama\OneDrive\Documents\Side_Projects\Side_Projects\IAPrecinctMap\data\2016\20161108__ia__general__precinct.csv,6501
Boone,Rural Precinct 5 - RP5,BOONE - RURAL PRECINCT 5,election_geometry_prefix,0.98,C:\Users\Shama\OneDrive\Documents\Side_Projects\Side_Projects\IAPrecinctMap\data\2016\20161108__ia__general__precinct.csv,6547
Boone,Rural Precinct 6 - RP6,BOONE - RURAL PRECINCT 6,election_geometry_prefix,0.98,C:\Users\Shama\OneDrive\Documents\Side_Projects\Side_Projects\IAPrecinctMap\data\2016\20161108__ia__general__precinct.csv,6593
Bremer,City of Denver/Jefferson Twp,BREMER - CITY OF DENVER/JEFFERSON TWP,election_geometry_exact,1.0,C:\Users\Shama\OneDrive\Documents\Side_Projects\Side_Projects\IAPrecinctMap\data\2016\20161108__ia__general__precinct.csv,6639
Bremer,City of Frederika/Frederika Twp/Leroy Twp,BREMER - CITY OF FREDERIKA-FREDERIKA & LEROY TWP,election_geometry_fuzzy,0.926829268292683,C:\Users\Shama\OneDrive\Documents\Side_Projects\Side_Projects\IAPrecinctMap\data\2016\20161108__ia__general__precinct.csv,6681
Bremer,City of Janesville/Jackson Twp,BREMER - CITY OF JANESVILLE/JACKSON TWP,election_geometry_exact,1.0,C:\Users\Shama\OneDrive\Documents\Side_Projects\Side_Projects\IAPrecinctMap\data\2016\20161108__ia__general__precinct.csv,6723
Bremer,City of Plainfield/ Polk Twp/Douglas Twp,BREMER - CITY OF PLAINFIELD/POLK TWP/DOUGLAS TWP,election_geometry_exact,1.0,C:\Users\Shama\OneDrive\Documents\Side_Projects\Side_Projects\IAPrecinctMap\data\2016\20161108__ia__general__precinct.csv,6765
Bremer,City of Readlyn/Maxfield Twp/Franklin Twp,BREMER - CITY OF READLYN/MAXFIELD & FRANKLIN TWP,election_geometry_fuzzy,0.926829268292683,C:\Users\Shama\OneDrive\Documents\Side_Projects\Side_Projects\IAPrecinctMap\data\2016\20161108__ia__general__precinct.csv,6807
Bremer,City of Sumner/Sumner #2 Twp/ Dayton Twp,BREMER - CITY OF SUMNER/SUMNER TWP/DAYTON TWP,election_geometry_fuzzy,0.972972972972973,C:\Users\Shama\OneDrive\Documents\Side_Projects\Side_Projects\IAPrecinctMap\data\2016\20161108__ia__general__precinct.csv,6849
Bremer,City of Tripoli/Fremont Twp,BREMER - CITY OF TRIPOLI/FREMONT,election_geometry_prefix,0.98,C:\Users\Shama\OneDrive\Documents\Side_Projects\Side_Projects\IAPrecinctMap\data\2016\20161108__ia__general__precinct.csv,6891
Bremer,City of Waverly Ward III,,election_geometry_ambiguous,0.8,C:\Users\Shama\OneDrive\Documents\Side_Projects\Side_Projects\IAPrecinctMap\data\2016\20161108__ia__general__precinct.csv,6933
Bremer,City of Waverly Ward IV,,election_geometry_ambiguous,0.7894736842105263,C:\Users\Shama\OneDrive\Documents\Side_Projects\Side_Projects\IAPrecinctMap\data\2016\20161108__ia__general__precinct.csv,6975
Bremer,Lafayette Twp/Warren Twp,BREMER - LAFAYETTE TWP/WARREN TWP,election_geometry_exact,1.0,C:\Users\Shama\OneDrive\Documents\Side_Projects\Side_Projects\IAPrecinctMap\data\2016\20161108__ia__general__precinct.csv,7017
Bremer,Waverly Ward I/East Washington Twp,BREMER - WAVERLY WARD I/E WASHINGTON TWP,election_geometry_fuzzy,0.9538461538461539,C:\Users\Shama\OneDrive\Documents\Side_Projects\Side_Projects\IAPrecinctMap\data\2016\20161108__ia__general__precinct.csv,7059
Bremer,Waverly Ward II/NE 1/4 Sec. 36 Washington Twp,BREMER - WAVERLY WARD II/NE 1/4 SEC 36 WASHINGTON TWP,election_geometry_exact,1.0,C:\Users\Shama\OneDrive\Documents\Side_Projects\Side_Projects\IAPrecinctMap\data\2016\20161108__ia__general__precinct.csv,7101
Bremer,Waverly Ward V/West Washington Twp,,election_geometry_ambiguous,0.9538461538461539,C:\Users\Shama\OneDrive\Documents\Side_Projects\Side_Projects\IAPrecinctMap\data\2016\20161108__ia__general__precinct.csv,7143
Buchanan,Aurora,BUCHANAN - AURORA,election_geometry_exact,1.0,C:\Users\Shama\OneDrive\Documents\Side_Projects\Side_Projects\IAPrecinctMap\data\2016\20161108__ia__general__precinct.csv,7185
Buchanan,Brandon,BUCHANAN - BRANDON,election_geometry_exact,1.0,C:\Users\Shama\OneDrive\Documents\Side_Projects\Side_Projects\IAPrecinctMap\data\2016\20161108__ia__general__precinct.csv,7239
Buchanan,Fairbank,BUCHANAN - FAIRBANK,election_geometry_exact,1.0,C:\Users\Shama\OneDrive\Documents\Side_Projects\Side_Projects\IAPrecinctMap\data\2016\20161108__ia__general__precinct.csv,7293
Buchanan,Hazleton,BUCHANAN - HAZLETON,election_geometry_exact,1.0,C:\Users\Shama\OneDrive\Documents\Side_Projects\Side_Projects\IAPrecinctMap\data\2016\20161108__ia__general__precinct.csv,7347
Buchanan,Independence 1st Ward,BUCHANAN - INDEPENDENCE 1ST WARD,election_geometry_exact,1.0,C:\Users\Shama\OneDrive\Documents\Side_Projects\Side_Projects\IAPrecinctMap\data\2016\20161108__ia__general__precinct.csv,7401
Buchanan,Independence 2nd Ward,BUCHANAN - INDEPENDENCE 2ND WARD,election_geometry_exact,1.0,C:\Users\Shama\OneDrive\Documents\Side_Projects\Side_Projects\IAPrecinctMap\data\2016\20161108__ia__general__precinct.csv,7455
Buchanan,Independence 3rd Ward,BUCHANAN - INDEPENDENCE 3RD WARD,election_geometry_exact,1.0,C:\Users\Shama\OneDrive\Documents\Side_Projects\Side_Projects\IAPrecinctMap\data\2016\20161108__ia__general__precinct.csv,7509
Buchanan,Independence 4th Ward,BUCHANAN - INDEPENDENCE 4TH WARD,election_geometry_exact,1.0,C:\Users\Shama\OneDrive\Documents\Side_Projects\Side_Projects\IAPrecinctMap\data\2016\20161108__ia__general__precinct.csv,7563
Buchanan,Independence 5th Ward,BUCHANAN - INDEPENDENCE 5TH WARD,election_geometry_exact,1.0,C:\Users\Shama\OneDrive\Documents\Side_Projects\Side_Projects\IAPrecinctMap\data\2016\20161108__ia__general__precinct.csv,7617
Buchanan,Jesup,BUCHANAN - JESUP,election_geometry_exact,1.0,C:\Users\Shama\OneDrive\Documents\Side_Projects\Side_Projects\IAPrecinctMap\data\2016\20161108__ia__general__precinct.csv,7671
Buchanan,Middlefield - Newton,BUCHANAN - MIDDLEFIELD-NEWTON,election_geometry_exact,1.0,C:\Users\Shama\OneDrive\Documents\Side_Projects\Side_Projects\IAPrecinctMap\data\2016\20161108__ia__general__precinct.csv,7725
Buchanan,Perry-Westburg,BUCHANAN - PERRY-WESTBURG,election_geometry_exact,1.0,C:\Users\Shama\OneDrive\Documents\Side_Projects\Side_Projects\IAPrecinctMap\data\2016\20161108__ia__general__precinct.csv,7780
Buchanan,Quasqueton,BUCHANAN - QUASQUETON,election_geometry_exact,1.0,C:\Users\Shama\OneDrive\Documents\Side_Projects\Side_Projects\IAPrecinctMap\data\2016\20161108__ia__general__precinct.csv,7834
Buchanan,Rowley,BUCHANAN - ROWLEY,election_geometry_exact,1.0,C:\Users\Shama\OneDrive\Documents\Side_Projects\Side_Projects\IAPrecinctMap\data\2016\20161108__ia__general__precinct.csv,7888
Buchanan,Winthrop,BUCHANAN - WINTHROP,election_geometry_exact,1.0,C:\Users\Shama\OneDrive\Documents\Side_Projects\Side_Projects\IAPrecinctMap\data\2016\20161108__ia__general__precinct.csv,7943
Buena Vista,ACFC,,election_geometry_ambiguous,0.26666666666666666,C:\Users\Shama\OneDrive\Documents\Side_Projects\Side_Projects\IAPrecinctMap\data\2016\20161108__ia__general__precinct.csv,7997
Buena Vista,ALNE,,election_geometry_ambiguous,0.4,C:\Users\Shama\OneDrive\Documents\Side_Projects\Side_Projects\IAPrecinctMap\data\2016\20161108__ia__general__precinct.csv,8045
Buena Vista,LKHM,,election_geometry_ambiguous,0.25806451612903225,C:\Users\Shama\OneDrive\Documents\Side_Projects\Side_Projects\IAPrecinctMap\data\2016\20161108__ia__general__precinct.csv,8093
Buena Vista,NENP,,election_geometry_ambiguous,0.2857142857142857,C:\Users\Shama\OneDrive\Documents\Side_Projects\Side_Projects\IAPrecinctMap\data\2016\20161108__ia__general__precinct.csv,8141
Buena Vista,SL01,,election_geometry_ambiguous,0.47058823529411764,C:\Users\Shama\OneDrive\Documents\Side_Projects\Side_Projects\IAPrecinctMap\data\2016\20161108__ia__general__precinct.csv,8189
Buena Vista,SL02,,election_geometry_ambiguous,0.47058823529411764,C:\Users\Shama\OneDrive\Documents\Side_Projects\Side_Projects\IAPrecinctMap\data\2016\20161108__ia__general__precinct.csv,8237
Buena Vista,SL03,,election_geometry_ambiguous,0.47058823529411764,C:\Users\Shama\OneDrive\Documents\Side_Projects\Side_Projects\IAPrecinctMap\data\2016\20161108__ia__general__precinct.csv,8285
Buena Vista,SL04 - City,,election_geometry_ambiguous,0.36363636363636365,C:\Users\Shama\OneDrive\Documents\Side_Projects\Side_Projects\IAPrecinctMap\data\2016\20161108__ia__general__precinct.csv,8333
Buena Vista,SMLR,,election_geometry_ambiguous,0.35294117647058826,C:\Users\Shama\OneDrive\Documents\Side_Projects\Side_Projects\IAPrecinctMap\data\2016\20161108__ia__general__precinct.csv,8381
Buena Vista,TRWG,,election_geometry_ambiguous,0.26666666666666666,C:\Users\Shama\OneDrive\Documents\Side_Projects\Side_Projects\IAPrecinctMap\data\2016\20161108__ia__general__precinct.csv,8429
Butler,1-GR,BUTLER - 1-GR,election_geometry_exact,1.0,C:\Users\Shama\OneDrive\Documents\Side_Projects\Side_Projects\IAPrecinctMap\data\2016\20161108__ia__general__precinct.csv,8477
Butler,2-CL,BUTLER - 2-CL,election_geometry_exact,1.0,C:\Users\Shama\OneDrive\Documents\Side_Projects\Side_Projects\IAPrecinctMap\data\2016\20161108__ia__general__precinct.csv,8515
Butler,3-DU,BUTLER - 3-DU,election_geometry_exact,1.0,C:\Users\Shama\OneDrive\Documents\Side_Projects\Side_Projects\IAPrecinctMap\data\2016\20161108__ia__general__precinct.csv,8553
Butler,4-AL,BUTLER - 4-AL,election_geometry_exact,1.0,C:\Users\Shama\OneDrive\Documents\Side_Projects\Side_Projects\IAPrecinctMap\data\2016\20161108__ia__general__precinct.csv,8591
Butler,5-AP,BUTLER - 5-AP,election_geometry_exact,1.0,C:\Users\Shama\OneDrive\Documents\Side_Projects\Side_Projects\IAPrecinctMap\data\2016\20161108__ia__general__precinct.csv,8629
Butler,6-SR,BUTLER - 6-SR,election_geometry_exact,1.0,C:\Users\Shama\OneDrive\Documents\Side_Projects\Side_Projects\IAPrecinctMap\data\2016\20161108__ia__general__precinct.csv,8668
Butler,7-PB,BUTLER - 7-PB,election_geometry_exact,1.0,C:\Users\Shama\OneDrive\Documents\Side_Projects\Side_Projects\IAPrecinctMap\data\2016\20161108__ia__general__precinct.csv,8707
Butler,8-NH,BUTLER - 8-NH,election_geometry_exact,1.0,C:\Users\Shama\OneDrive\Documents\Side_Projects\Side_Projects\IAPrecinctMap\data\2016\20161108__ia__general__precinct.csv,8746
Calhoun,Butler-Williams,CALHOUN - BUTLER-WILLIAMS,election_geometry_exact,1.0,C:\Users\Shama\OneDrive\Documents\Side_Projects\Side_Projects\IAPrecinctMap\data\2016\20161108__ia__general__precinct.csv,8785
Calhoun,Calhoun-Jackson-Elm Grove-Lake City,,election_geometry_ambiguous,0.75,C:\Users\Shama\OneDrive\Documents\Side_Projects\Side_Projects\IAPrecinctMap\data\2016\20161108__ia__general__precinct.csv,8827
Calhoun,Cedar,CALHOUN - CEDAR,election_geometry_exact,1.0,C:\Users\Shama\OneDrive\Documents\Side_Projects\Side_Projects\IAPrecinctMap\data\2016\20161108__ia__general__precinct.csv,8869
Calhoun,Center-Logan-Twin Lakes-Garfield-Lake Creek,,election_geometry_ambiguous,0.6349206349206349,C:\Users\Shama\OneDrive\Documents\Side_Projects\Side_Projects\IAPrecinctMap\data\2016\20161108__ia__general__precinct.csv,8911
Calhoun,Greenfield-Lincoln 2,CALHOUN - GREENFIELD & LINCOLN 2,election_geometry_fuzzy,0.9090909090909091,C:\Users\Shama\OneDrive\Documents\Side_Projects\Side_Projects\IAPrecinctMap\data\2016\20161108__ia__general__precinct.csv,8953
Calhoun,Lincoln 1,CALHOUN - LINCOLN 1,election_geometry_exact,1.0,C:\Users\Shama\OneDrive\Documents\Side_Projects\Side_Projects\IAPrecinctMap\data\2016\20161108__ia__general__precinct.csv,8995
Calhoun,Reading,CALHOUN - READING,election_geometry_exact,1.0,C:\Users\Shama\OneDrive\Documents\Side_Projects\Side_Projects\IAPrecinctMap\data\2016\20161108__ia__general__precinct.csv,9037
Calhoun,Rockwell City,CALHOUN - ROCKWELL CITY,election_geometry_exact,1.0,C:\Users\Shama\OneDrive\Documents\Side_Projects\Side_Projects\IAPrecinctMap\data\2016\20161108__ia__general__precinct.csv,9079
Calhoun,Sherman,CALHOUN - SHERMAN,election_geometry_exact,1.0,C:\Users\Shama\OneDrive\Documents\Side_Projects\Side_Projects\IAPrecinctMap\data\2016\20161108__ia__general__precinct.csv,9121
Calhoun,Union,CALHOUN - UNION,election_geometry_exact,1.0,C:\Users\Shama\OneDrive\Documents\Side_Projects\Side_Projects\IAPrecinctMap\data\2016\20161108__ia__general__precinct.csv,9163
Carroll,Arcadia,CARROLL - ARCADIA,election_geometry_exact,1.0,C:\Users\Shama\OneDrive\Documents\Side_Projects\Side_Projects\IAPrecinctMap\data\2016\20161108__ia__general__precinct.csv,9205
Carroll,Carroll Ward Four,CARROLL - CARROLL WARD FOUR,election_geometry_exact,1.0,C:\Users\Shama\OneDrive\Documents\Side_Projects\Side_Projects\IAPrecinctMap\data\2016\20161108__ia__general__precinct.csv,9251
Carroll,Carroll Ward One,CARROLL - CARROLL WARD ONE,election_geometry_exact,1.0,C:\Users\Shama\OneDrive\Documents\Side_Projects\Side_Projects\IAPrecinctMap\data\2016\20161108__ia__general__precinct.csv,9297
Carroll,Carroll Ward Three and S1/2 Maple River,CARROLL - CARROLL WARD THREE & S1/2 MAPLE RIVER TWP,election_geometry_prefix,0.98,C:\Users\Shama\OneDrive\Documents\Side_Projects\Side_Projects\IAPrecinctMap\data\2016\20161108__ia__general__precinct.csv,9343
Carroll,Carroll Ward Two and N1/2 Maple River,CARROLL - CARROLL WARD TWO & N1/2 MAPLE RIVER TWP,election_geometry_prefix,0.98,C:\Users\Shama\OneDrive\Documents\Side_Projects\Side_Projects\IAPrecinctMap\data\2016\20161108__ia__general__precinct.csv,9389
Carroll,Eden,CARROLL - EDEN,election_geometry_exact,1.0,C:\Users\Shama\OneDrive\Documents\Side_Projects\Side_Projects\IAPrecinctMap\data\2016\20161108__ia__general__precinct.csv,9435
Carroll,Ewoldt,CARROLL - EWOLDT,election_geometry_exact,1.0,C:\Users\Shama\OneDrive\Documents\Side_Projects\Side_Projects\IAPrecinctMap\data\2016\20161108__ia__general__precinct.csv,9481
Carroll,Glidden-Richland,CARROLL - GLIDDEN-RICHLAND,election_geometry_exact,1.0,C:\Users\Shama\OneDrive\Documents\Side_Projects\Side_Projects\IAPrecinctMap\data\2016\20161108__ia__general__precinct.csv,9527
Carroll,Pleasant Valley-Newton,CARROLL - PLEASANT VALLEY-NEWTON,election_geometry_exact,1.0,C:\Users\Shama\OneDrive\Documents\Side_Projects\Side_Projects\IAPrecinctMap\data\2016\20161108__ia__general__precinct.csv,9573
Carroll,Sheridan-Grant-Jasper,CARROLL - SHERIDAN-GRANT-JASPER,election_geometry_exact,1.0,C:\Users\Shama\OneDrive\Documents\Side_Projects\Side_Projects\IAPrecinctMap\data\2016\20161108__ia__general__precinct.csv,9619
Carroll,Union,CARROLL - UNION,election_geometry_exact,1.0,C:\Users\Shama\OneDrive\Documents\Side_Projects\Side_Projects\IAPrecinctMap\data\2016\20161108__ia__general__precinct.csv,9665
Carroll,Washington-Roselle,CARROLL - WASHINGTON-ROSELLE,election_geometry_exact,1.0,C:\Users\Shama\OneDrive\Documents\Side_Projects\Side_Projects\IAPrecinctMap\data\2016\20161108__ia__general__precinct.csv,9711
Carroll,Wheatland-Kniest,CARROLL - WHEATLAND-KNIEST,election_geometry_exact,1.0,C:\Users\Shama\OneDrive\Documents\Side_Projects\Side_Projects\IAPrecinctMap\data\2016\20161108__ia__general__precinct.csv,9757
Cass,Atlantic 1,CASS - ATLANTIC 1/BRIGHTON-GROVE-PYMOSA-WASHINGTON,election_geometry_prefix,0.98,C:\Users\Shama\OneDrive\Documents\Side_Projects\Side_Projects\IAPrecinctMap\data\2016\20161108__ia__general__precinct.csv,9803
Cass,Atlantic 2,CASS - ATLANTIC 2/3,election_geometry_prefix,0.98,C:\Users\Shama\OneDrive\Documents\Side_Projects\Side_Projects\IAPrecinctMap\data\2016\20161108__ia__general__precinct.csv,9854
Cass,Atlantic 3,CASS - ATLANTIC 2/3,election_geometry_fuzzy,0.9090909090909091,C:\Users\Shama\OneDrive\Documents\Side_Projects\Side_Projects\IAPrecinctMap\data\2016\20161108__ia__general__precinct.csv,9905
Cass,Atlantic 4,CASS - ATLANTIC 4/5,election_geometry_prefix,0.98,C:\Users\Shama\OneDrive\Documents\Side_Projects\Side_Projects\IAPrecinctMap\data\2016\20161108__ia__general__precinct.csv,9956
Cass,Atlantic 5,CASS - ATLANTIC 4/5,election_geometry_fuzzy,0.9090909090909091,C:\Users\Shama\OneDrive\Documents\Side_Projects\Side_Projects\IAPrecinctMap\data\2016\20161108__ia__general__precinct.csv,10007
Cass,Bear Grove/Cass Twp/Lewis,CASS - BEAR GROVE-CASS TWP/LEWIS,election_geometry_exact,1.0,C:\Users\Shama\OneDrive\Documents\Side_Projects\Side_Projects\IAPrecinctMap\data\2016\20161108__ia__general__precinct.csv,10058
Cass,Benton/Franklin Twp/Wiota,,election_geometry_ambiguous,0.7407407407407407,C:\Users\Shama\OneDrive\Documents\Side_Projects\Side_Projects\IAPrecinctMap\data\2016\20161108__ia__general__precinct.csv,10109
Cass,Brighton/Grove/Pymosa/Washington Twp/Marne,,election_geometry_ambiguous,0.7529411764705882,C:\Users\Shama\OneDrive\Documents\Side_Projects\Side_Projects\IAPrecinctMap\data\2016\20161108__ia__general__precinct.csv,10166
Cass,Edna/Victoria Twp,CASS - EDNA-VICTORIA TWP,election_geometry_exact,1.0,C:\Users\Shama\OneDrive\Documents\Side_Projects\Side_Projects\IAPrecinctMap\data\2016\20161108__ia__general__precinct.csv,10217
Cass,Grant/Lincoln Twp/Anita,,election_geometry_ambiguous,0.5116279069767442,C:\Users\Shama\OneDrive\Documents\Side_Projects\Side_Projects\IAPrecinctMap\data\2016\20161108__ia__general__precinct.csv,10268
Cass,Massena Twp/Massena City,CASS - MASSENA TWP/MASSENA CITY,election_geometry_exact,1.0,C:\Users\Shama\OneDrive\Documents\Side_Projects\Side_Projects\IAPrecinctMap\data\2016\20161108__ia__general__precinct.csv,10325
Cass,Noble/Pleasant Twp/Griswold,CASS - NOBLE-PLEASANT TWP/GRISWOLD,election_geometry_exact,1.0,C:\Users\Shama\OneDrive\Documents\Side_Projects\Side_Projects\IAPrecinctMap\data\2016\20161108__ia__general__precinct.csv,10376
Cass,Union Twp/Cumberland,CASS - UNION TWP/CUMBERLAND,election_geometry_exact,1.0,C:\Users\Shama\OneDrive\Documents\Side_Projects\Side_Projects\IAPrecinctMap\data\2016\20161108__ia__general__precinct.csv,10427
Cedar,CASS/CENTER/IOWA/ROCHESTER,CEDAR - CASS/CENTER/IOWA/ROCHESTER,election_geometry_exact,1.0,C:\Users\Shama\OneDrive\Documents\Side_Projects\Side_Projects\IAPrecinctMap\data\2016\20161108__ia__general__precinct.csv,10478
Cedar,DAYTON/FAIRFIELD,CEDAR - DAYTON/FAIRFIELD,election_geometry_exact,1.0,C:\Users\Shama\OneDrive\Documents\Side_Projects\Side_Projects\IAPrecinctMap\data\2016\20161108__ia__general__precinct.csv,10522
Cedar,FARMINGTON/SUGAR CREEK,CEDAR - FARMINGTON/SUGAR CREEK,election_geometry_exact,1.0,C:\Users\Shama\OneDrive\Documents\Side_Projects\Side_Projects\IAPrecinctMap\data\2016\20161108__ia__general__precinct.csv,10566
Cedar,FREMONT/RED OAK,CEDAR - FREMONT/RED OAK,election_geometry_exact,1.0,C:\Users\Shama\OneDrive\Documents\Side_Projects\Side_Projects\IAPrecinctMap\data\2016\20161108__ia__general__precinct.csv,10610
Cedar,GOWER/SPRINGDALE,CEDAR - GOWER/SPRINGDALE,election_geometry_exact,1.0,C:\Users\Shama\OneDrive\Documents\Side_Projects\Side_Projects\IAPrecinctMap\data\2016\20161108__ia__general__precinct.csv,10654
Cedar,INLAND,CEDAR - INLAND,election_geometry_exact,1.0,C:\Users\Shama\OneDrive\Documents\Side_Projects\Side_Projects\IAPrecinctMap\data\2016\20161108__ia__general__precinct.csv,10698
Cedar,LINN/PIONEER,CEDAR - LINN/PIONEER,election_geometry_exact,1.0,C:\Users\Shama\OneDrive\Documents\Side_Projects\Side_Projects\IAPrecinctMap\data\2016\20161108__ia__general__precinct.csv,10742
Cedar,MASSILLON/SPRINGFIELD,CEDAR - MASSILLON/SPRINGFIELD,election_geometry_exact,1.0,C:\Users\Shama\OneDrive\Documents\Side_Projects\Side_Projects\IAPrecinctMap\data\2016\20161108__ia__general__precinct.csv,10786
Cedar,TIPTON 1,CEDAR - TIPTON 1,election_geometry_exact,1.0,C:\Users\Shama\OneDrive\Documents\Side_Projects\Side_Projects\IAPrecinctMap\data\2016\20161108__ia__general__precinct.csv,10830
Cedar,TIPTON 2,CEDAR - TIPTON 2,election_geometry_exact,1.0,C:\Users\Shama\OneDrive\Documents\Side_Projects\Side_Projects\IAPrecinctMap\data\2016\20161108__ia__general__precinct.csv,10874
Cedar,TIPTON 3,CEDAR - TIPTON 3,election_geometry_exact,1.0,C:\Users\Shama\OneDrive\Documents\Side_Projects\Side_Projects\IAPrecinctMap\data\2016\20161108__ia__general__precinct.csv,10918
Cedar,WEST BRANCH 1,CEDAR - WEST BRANCH 1,election_geometry_exact,1.0,C:\Users\Shama\OneDrive\Documents\Side_Projects\Side_Projects\IAPrecinctMap\data\2016\20161108__ia__general__precinct.csv,10962
Cerro Gordo,Clear Lake / Grant / Union Twps,CERRO GORDO - CLEAR LAKE-GRANT-UNION,election_geometry_prefix,0.98,C:\Users\Shama\OneDrive\Documents\Side_Projects\Side_Projects\IAPrecinctMap\data\2016\20161108__ia__general__precinct.csv,11006
Cerro Gordo,Clear Lake Ward 1,CERRO GORDO - CLEAR LAKE-WARD 1,election_geometry_exact,1.0,C:\Users\Shama\OneDrive\Documents\Side_Projects\Side_Projects\IAPrecinctMap\data\2016\20161108__ia__general__precinct.csv,11044
Cerro Gordo,Clear Lake Ward 2,CERRO GORDO - CLEAR LAKE-WARD 2,election_geometry_exact,1.0,C:\Users\Shama\OneDrive\Documents\Side_Projects\Side_Projects\IAPrecinctMap\data\2016\20161108__ia__general__precinct.csv,11082
Cerro Gordo,Clear Lake Ward 3,CERRO GORDO - CLEAR LAKE-WARD 3,election_geometry_exact,1.0,C:\Users\Shama\OneDrive\Documents\Side_Projects\Side_Projects\IAPrecinctMap\data\2016\20161108__ia__general__precinct.csv,11120
Cerro Gordo,Falls Twp - Plymouth,,election_geometry_ambiguous,0.875,C:\Users\Shama\OneDrive\Documents\Side_Projects\Side_Projects\IAPrecinctMap\data\2016\20161108__ia__general__precinct.csv,11158
Cerro Gordo,Falls Twp - Rock Falls,CERRO GORDO - FALLS-ROCK FALLS PCT,election_geometry_fuzzy,0.8888888888888888,C:\Users\Shama\OneDrive\Documents\Side_Projects\Side_Projects\IAPrecinctMap\data\2016\20161108__ia__general__precinct.csv,11200
Cerro Gordo,Geneseo Twp Pct,CERRO GORDO - GENESEO TWP PCT,election_geometry_exact,1.0,C:\Users\Shama\OneDrive\Documents\Side_Projects\Side_Projects\IAPrecinctMap\data\2016\20161108__ia__general__precinct.csv,11242
Cerro Gordo,Grimes Twp - Meservey Pct,CERRO GORDO - GRIMES-MESERVEY PCT,election_geometry_fuzzy,0.8823529411764706,C:\Users\Shama\OneDrive\Documents\Side_Projects\Side_Projects\IAPrecinctMap\data\2016\20161108__ia__general__precinct.csv,11281
Cerro Gordo,Grimes Twp - Thornton Pct,CERRO GORDO - GRIMES-THORNTON PCT,election_geometry_fuzzy,0.8823529411764706,C:\Users\Shama\OneDrive\Documents\Side_Projects\Side_Projects\IAPrecinctMap\data\2016\20161108__ia__general__precinct.csv,11319
Cerro Gordo,Lake / Lincoln Twps,CERRO GORDO - LAKE/LINCOLN TWPS PCT,election_geometry_exact,1.0,C:\Users\Shama\OneDrive\Documents\Side_Projects\Side_Projects\IAPrecinctMap\data\2016\20161108__ia__general__precinct.csv,11357
Cerro Gordo,Lime Creek / Mason North Twps Pct,CERRO GORDO - LIME CREEK/MASON N TWPS,election_geometry_fuzzy,0.92,C:\Users\Shama\OneDrive\Documents\Side_Projects\Side_Projects\IAPrecinctMap\data\2016\20161108__ia__general__precinct.csv,11395
Cerro Gordo,Mason City W-1 P-1,CERRO GORDO - MASON CITY W-1 P-1,election_geometry_exact,1.0,C:\Users\Shama\OneDrive\Documents\Side_Projects\Side_Projects\IAPrecinctMap\data\2016\20161108__ia__general__precinct.csv,11434
Cerro Gordo,Mason City W-1 P-2,CERRO GORDO - MASON CITY W-1 P-2,election_geometry_exact,1.0,C:\Users\Shama\OneDrive\Documents\Side_Projects\Side_Projects\IAPrecinctMap\data\2016\20161108__ia__general__precinct.csv,11473
Cerro Gordo,Mason City W-1 P-3,CERRO GORDO - MASON CITY W-1 P-3,election_geometry_exact,1.0,C:\Users\Shama\OneDrive\Documents\Side_Projects\Side_Projects\IAPrecinctMap\data\2016\20161108__ia__general__precinct.csv,11512
Cerro Gordo,Mason City W-2 P-1,CERRO GORDO - MASON CITY W-2 P-1,election_geometry_exact,1.0,C:\Users\Shama\OneDrive\Documents\Side_Projects\Side_Projects\IAPrecinctMap\data\2016\20161108__ia__general__precinct.csv,11551
Cerro Gordo,Mason City W-2 P-2,CERRO GORDO - MASON CITY W-2 P-2,election_geometry_exact,1.0,C:\Users\Shama\OneDrive\Documents\Side_Projects\Side_Projects\IAPrecinctMap\data\2016\20161108__ia__general__precinct.csv,11590
Cerro Gordo,Mason City W-2 P-3,CERRO GORDO - MASON CITY W-2 P-3,election_geometry_exact,1.0,C:\Users\Shama\OneDrive\Documents\Side_Projects\Side_Projects\IAPrecinctMap\data\2016\20161108__ia__general__precinct.csv,11629
Cerro Gordo,Mason City W-3 P-1,CERRO GORDO - MASON CITY W-3 P-1,election_geometry_exact,1.0,C:\Users\Shama\OneDrive\Documents\Side_Projects\Side_Projects\IAPrecinctMap\data\2016\20161108__ia__general__precinct.csv,11668
Cerro Gordo,Mason City W-3 P-2,CERRO GORDO - MASON CITY W-3 P-2,election_geometry_exact,1.0,C:\Users\Shama\OneDrive\Documents\Side_Projects\Side_Projects\IAPrecinctMap\data\2016\20161108__ia__general__precinct.csv,11707
Cerro Gordo,Mason City W-3 P-3,CERRO GORDO - MASON CITY W-3 P-3,election_geometry_exact,1.0,C:\Users\Shama\OneDrive\Documents\Side_Projects\Side_Projects\IAPrecinctMap\data\2016\20161108__ia__general__precinct.csv,11746
Cerro Gordo,Mason City W-4 P-1,CERRO GORDO - MASON CITY W-4 P-1,election_geometry_exact,1.0,C:\Users\Shama\OneDrive\Documents\Side_Projects\Side_Projects\IAPrecinctMap\data\2016\20161108__ia__general__precinct.csv,11785
Cerro Gordo,Mason City W-4 P-2,CERRO GORDO - MASON CITY W-4 P-2,election_geometry_exact,1.0,C:\Users\Shama\OneDrive\Documents\Side_Projects\Side_Projects\IAPrecinctMap\data\2016\20161108__ia__general__precinct.csv,11824
Cerro Gordo,Mason City W-4 P-3,CERRO GORDO - MASON CITY W-4 P-3,election_geometry_exact,1.0,C:\Users\Shama\OneDrive\Documents\Side_Projects\Side_Projects\IAPrecinctMap\data\2016\20161108__ia__general__precinct.csv,11863
Cerro Gordo,Mason South / Bath Twps Pct,CERRO GORDO - MASON S/BATH TWPS,election_geometry_fuzzy,0.8947368421052632,C:\Users\Shama\OneDrive\Documents\Side_Projects\Side_Projects\IAPrecinctMap\data\2016\20161108__ia__general__precinct.csv,11902
Cerro Gordo,Mt Vernon / Pleasant Valley Twps Pct,CERRO GORDO - MT VERNON-PL VALLEY TWPS,election_geometry_fuzzy,0.8888888888888888,C:\Users\Shama\OneDrive\Documents\Side_Projects\Side_Projects\IAPrecinctMap\data\2016\20161108__ia__general__precinct.csv,11941
Cerro Gordo,Portland / Owen / Dougherty Twps,CERRO GORDO - PORTLAND-OWEN-DOUGHERTY,election_geometry_prefix,0.98,C:\Users\Shama\OneDrive\Documents\Side_Projects\Side_Projects\IAPrecinctMap\data\2016\20161108__ia__general__precinct.csv,11979
Cherokee,#1 Aurelia,CHEROKEE - #1 AURELIA,election_geometry_exact,1.0,C:\Users\Shama\OneDrive\Documents\Side_Projects\Side_Projects\IAPrecinctMap\data\2016\20161108__ia__general__precinct.csv,12021
Cherokee,#2 Cleghorn,CHEROKEE - #2 CLEGHORN/MARCUS,election_geometry_prefix,0.98,C:\Users\Shama\OneDrive\Documents\Side_Projects\Side_Projects\IAPrecinctMap\data\2016\20161108__ia__general__precinct.csv,12068
Cherokee,#3 Quimby,CHEROKEE - #3 QUIMBY,election_geometry_exact,1.0,C:\Users\Shama\OneDrive\Documents\Side_Projects\Side_Projects\IAPrecinctMap\data\2016\20161108__ia__general__precinct.csv,12115
Cherokee,#4 Cherokee,CHEROKEE - #4 CHEROKEE,election_geometry_exact,1.0,C:\Users\Shama\OneDrive\Documents\Side_Projects\Side_Projects\IAPrecinctMap\data\2016\20161108__ia__general__precinct.csv,12162
Cherokee,#5 Cherokee Ward 1,CHEROKEE - #5 CHEROKEE WARD 1,election_geometry_exact,1.0,C:\Users\Shama\OneDrive\Documents\Side_Projects\Side_Projects\IAPrecinctMap\data\2016\20161108__ia__general__precinct.csv,12209
Cherokee,#6 Cherokee Ward 2,CHEROKEE - #6 CHEROKEE WARD 2,election_geometry_exact,1.0,C:\Users\Shama\OneDrive\Documents\Side_Projects\Side_Projects\IAPrecinctMap\data\2016\20161108__ia__general__precinct.csv,12256
Cherokee,#7 Cherokee Ward 3,CHEROKEE - #7 CHEROKEE WARD 3,election_geometry_exact,1.0,C:\Users\Shama\OneDrive\Documents\Side_Projects\Side_Projects\IAPrecinctMap\data\2016\20161108__ia__general__precinct.csv,12303
Chickasaw,BRADFORD,CHICKASAW - BRADFORD,election_geometry_exact,1.0,C:\Users\Shama\OneDrive\Documents\Side_Projects\Side_Projects\IAPrecinctMap\data\2016\20161108__ia__general__precinct.csv,12350
Chickasaw,CHICKASAW,CHICKASAW - CHICKASAW,election_geometry_exact,1.0,C:\Users\Shama\OneDrive\Documents\Side_Projects\Side_Projects\IAPrecinctMap\data\2016\20161108__ia__general__precinct.csv,12404
Chickasaw,City of New Hampton - Ward Four,CHICKASAW - CITY OF NEW HAMPTON WARD FOUR,election_geometry_exact,1.0,C:\Users\Shama\OneDrive\Documents\Side_Projects\Side_Projects\IAPrecinctMap\data\2016\20161108__ia__general__precinct.csv,12458
Chickasaw,City of New Hampton - Ward One,CHICKASAW - CITY OF NEW HAMPTON WARD ONE,election_geometry_exact,1.0,C:\Users\Shama\OneDrive\Documents\Side_Projects\Side_Projects\IAPrecinctMap\data\2016\20161108__ia__general__precinct.csv,12512
Chickasaw,City of New Hampton - Ward Three,CHICKASAW - CITY OF NEW HAMPTON WARD THREE,election_geometry_exact,1.0,C:\Users\Shama\OneDrive\Documents\Side_Projects\Side_Projects\IAPrecinctMap\data\2016\20161108__ia__general__precinct.csv,12566
Chickasaw,City of New Hampton - Ward Two,CHICKASAW - CITY OF NEW HAMPTON WARD TWO,election_geometry_exact,1.0,C:\Users\Shama\OneDrive\Documents\Side_Projects\Side_Projects\IAPrecinctMap\data\2016\20161108__ia__general__precinct.csv,12620
Chickasaw,DAYTON - RICHLAND,CHICKASAW - DAYTON-RICHLAND,election_geometry_exact,1.0,C:\Users\Shama\OneDrive\Documents\Side_Projects\Side_Projects\IAPrecinctMap\data\2016\20161108__ia__general__precinct.csv,12674
Chickasaw,DEERFIELD - WASHINGTON 2,CHICKASAW - DEERFIELD-WASHINGTON 2,election_geometry_exact,1.0,C:\Users\Shama\OneDrive\Documents\Side_Projects\Side_Projects\IAPrecinctMap\data\2016\20161108__ia__general__precinct.csv,12728
Chickasaw,DRESDEN - FREDERICKSBURG,CHICKASAW - DRESDEN-FREDERICKSBURG,election_geometry_exact,1.0,C:\Users\Shama\OneDrive\Documents\Side_Projects\Side_Projects\IAPrecinctMap\data\2016\20161108__ia__general__precinct.csv,12782
Chickasaw,JACKSONVILLE - UTICA,CHICKASAW - JACKSONVILLE-UTICA,election_geometry_exact,1.0,C:\Users\Shama\OneDrive\Documents\Side_Projects\Side_Projects\IAPrecinctMap\data\2016\20161108__ia__general__precinct.csv,12836
Chickasaw,NEW HAMPTON RURAL,CHICKASAW - NEW HAMPTON RURAL,election_geometry_exact,1.0,C:\Users\Shama\OneDrive\Documents\Side_Projects\Side_Projects\IAPrecinctMap\data\2016\20161108__ia__general__precinct.csv,12890
Chickasaw,STAPLETON,CHICKASAW - STAPLETON,election_geometry_exact,1.0,C:\Users\Shama\OneDrive\Documents\Side_Projects\Side_Projects\IAPrecinctMap\data\2016\20161108__ia__general__precinct.csv,12944
Chickasaw,WASHINGTON 1,CHICKASAW - WASHINGTON 1 TOWNSHIP,election_geometry_prefix,0.98,C:\Users\Shama\OneDrive\Documents\Side_Projects\Side_Projects\IAPrecinctMap\data\2016\20161108__ia__general__precinct.csv,12998
Clarke,MIDDLE PRECINCT,CLARKE - MIDDLE PRECINCT,election_geometry_exact,1.0,C:\Users\Shama\OneDrive\Documents\Side_Projects\Side_Projects\IAPrecinctMap\data\2016\20161108__ia__general__precinct.csv,13052
Clarke,MURRAY PRECINCT,CLARKE - MURRAY PRECINCT,election_geometry_exact,1.0,C:\Users\Shama\OneDrive\Documents\Side_Projects\Side_Projects\IAPrecinctMap\data\2016\20161108__ia__general__precinct.csv,13096
Clarke,NORTH EAST PRECINCT,CLARKE - NORTHEAST PRECINCT,election_geometry_prefix,0.98,C:\Users\Shama\OneDrive\Documents\Side_Projects\Side_Projects\IAPrecinctMap\data\2016\20161108__ia__general__precinct.csv,13140
Clarke,OSCEOLA 1ST WARD PRECINCT,CLARKE - OSCEOLA 1ST WARD PRECINCT,election_geometry_exact,1.0,C:\Users\Shama\OneDrive\Documents\Side_Projects\Side_Projects\IAPrecinctMap\data\2016\20161108__ia__general__precinct.csv,13184
Clarke,OSCEOLA 2ND WARD PRECINCT,CLARKE - OSCEOLA 2ND WARD PRECINCT,election_geometry_exact,1.0,C:\Users\Shama\OneDrive\Documents\Side_Projects\Side_Projects\IAPrecinctMap\data\2016\20161108__ia__general__precinct.csv,13228
Clarke,OSCEOLA 3RD WARD PRECINCT,CLARKE - OSCEOLA 3RD WARD PRECINCT,election_geometry_exact,1.0,C:\Users\Shama\OneDrive\Documents\Side_Projects\Side_Projects\IAPrecinctMap\data\2016\20161108__ia__general__precinct.csv,13272
Clarke,WOODBURN PRECINCT,CLARKE - WOODBURN PRECINCT,election_geometry_exact,1.0,C:\Users\Shama\OneDrive\Documents\Side_Projects\Side_Projects\IAPrecinctMap\data\2016\20161108__ia__general__precinct.csv,13316
Clay,Douglas/Peterson,CLAY - DOUGLAS-PETERSON,election_geometry_exact,1.0,C:\Users\Shama\OneDrive\Documents\Side_Projects\Side_Projects\IAPrecinctMap\data\2016\20161108__ia__general__precinct.csv,13360
Clay,Garfield/Herdland,CLAY - GARFIELD-HERDLAND,election_geometry_exact,1.0,C:\Users\Shama\OneDrive\Documents\Side_Projects\Side_Projects\IAPrecinctMap\data\2016\20161108__ia__general__precinct.csv,13404
Clay,Lake/Freeman,CLAY - LAKE-FREEMAN,election_geometry_exact,1.0,C:\Users\Shama\OneDrive\Documents\Side_Projects\Side_Projects\IAPrecinctMap\data\2016\20161108__ia__general__precinct.csv,13448
Clay,Lincoln/Clay,CLAY - LINCOLN-CLAY,election_geometry_exact,1.0,C:\Users\Shama\OneDrive\Documents\Side_Projects\Side_Projects\IAPrecinctMap\data\2016\20161108__ia__general__precinct.csv,13492
Clay,Logan/Gillett Grove,CLAY - LOGAN-GILLETT GROVE,election_geometry_exact,1.0,C:\Users\Shama\OneDrive\Documents\Side_Projects\Side_Projects\IAPrecinctMap\data\2016\20161108__ia__general__precinct.csv,13536
Clay,Spencer Ward 1,CLAY - SPENCER WARD 1,election_geometry_exact,1.0,C:\Users\Shama\OneDrive\Documents\Side_Projects\Side_Projects\IAPrecinctMap\data\2016\20161108__ia__general__precinct.csv,13580
Clay,Spencer Ward 2,CLAY - SPENCER WARD 2,election_geometry_exact,1.0,C:\Users\Shama\OneDrive\Documents\Side_Projects\Side_Projects\IAPrecinctMap\data\2016\20161108__ia__general__precinct.csv,13624
Clay,Spencer Ward 3,CLAY - SPENCER WARD 3,election_geometry_exact,1.0,C:\Users\Shama\OneDrive\Documents\Side_Projects\Side_Projects\IAPrecinctMap\data\2016\20161108__ia__general__precinct.csv,13668
Clay,Spencer Ward 4,CLAY - SPENCER WARD 4,election_geometry_exact,1.0,C:\Users\Shama\OneDrive\Documents\Side_Projects\Side_Projects\IAPrecinctMap\data\2016\20161108__ia__general__precinct.csv,13712
Clay,Spencer Ward 5,CLAY - SPENCER WARD 5,election_geometry_exact,1.0,C:\Users\Shama\OneDrive\Documents\Side_Projects\Side_Projects\IAPrecinctMap\data\2016\20161108__ia__general__precinct.csv,13756
Clay,Summit/Riverton/Sioux/Meadow,CLAY - SUMMIT-RIVERTON-SIOUX-MEADOW,election_geometry_exact,1.0,C:\Users\Shama\OneDrive\Documents\Side_Projects\Side_Projects\IAPrecinctMap\data\2016\20161108__ia__general__precinct.csv,13800
Clay,Waterford/Lone Tree,CLAY - WATERFORD-LONE TREE,election_geometry_exact,1.0,C:\Users\Shama\OneDrive\Documents\Side_Projects\Side_Projects\IAPrecinctMap\data\2016\20161108__ia__general__precinct.csv,14446
Clayton,BOARDMAN-HIGHLAND,CLAYTON - BOARDMAN-HIGHLAND,election_geometry_exact,1.0,C:\Users\Shama\OneDrive\Documents\Side_Projects\Side_Projects\IAPrecinctMap\data\2016\20161108__ia__general__precinct.csv,13844
Clayton,BUENA VISTA,CLAYTON - BUENA VISTA,election_geometry_exact,1.0,C:\Users\Shama\OneDrive\Documents\Side_Projects\Side_Projects\IAPrecinctMap\data\2016\20161108__ia__general__precinct.csv,13887
Clayton,CASS,CLAYTON - CASS,election_geometry_exact,1.0,C:\Users\Shama\OneDrive\Documents\Side_Projects\Side_Projects\IAPrecinctMap\data\2016\20161108__ia__general__precinct.csv,13930
Clayton,CLAYTON-GARNAVILLO,CLAYTON - CLAYTON-GARNAVILLO,election_geometry_exact,1.0,C:\Users\Shama\OneDrive\Documents\Side_Projects\Side_Projects\IAPrecinctMap\data\2016\20161108__ia__general__precinct.csv,13973
Clayton,COX CREEK-SPERRY,CLAYTON - COX CREEK-SPERRY,election_geometry_exact,1.0,C:\Users\Shama\OneDrive\Documents\Side_Projects\Side_Projects\IAPrecinctMap\data\2016\20161108__ia__general__precinct.csv,14016
Clayton,ELK-MALLORY-VOLGA,CLAYTON - ELK-MALLORY-VOLGA,election_geometry_exact,1.0,C:\Users\Shama\OneDrive\Documents\Side_Projects\Side_Projects\IAPrecinctMap\data\2016\20161108__ia__general__precinct.csv,14059
Clayton,FARMERSBURG-WAGNER,CLAYTON - FARMERSBURG-WAGNER,election_geometry_exact,1.0,C:\Users\Shama\OneDrive\Documents\Side_Projects\Side_Projects\IAPrecinctMap\data\2016\20161108__ia__general__precinct.csv,14102
Clayton,GIARD-LUANA-MONONA,CLAYTON - GIARD-LUANA-MONONA,election_geometry_exact,1.0,C:\Users\Shama\OneDrive\Documents\Side_Projects\Side_Projects\IAPrecinctMap\data\2016\20161108__ia__general__precinct.csv,14145
Clayton,GRAND MEADOW,CLAYTON - GRAND MEADOW,election_geometry_exact,1.0,C:\Users\Shama\OneDrive\Documents\Side_Projects\Side_Projects\IAPrecinctMap\data\2016\20161108__ia__general__precinct.csv,14188
Clayton,JEFFERSON-MILLVILLE,CLAYTON - JEFFERSON-MILLVILLE,election_geometry_exact,1.0,C:\Users\Shama\OneDrive\Documents\Side_Projects\Side_Projects\IAPrecinctMap\data\2016\20161108__ia__general__precinct.csv,14231
Clayton,LODOMILLO,CLAYTON - LODOMILLO,election_geometry_exact,1.0,C:\Users\Shama\OneDrive\Documents\Side_Projects\Side_Projects\IAPrecinctMap\data\2016\20161108__ia__general__precinct.csv,14274
Clayton,MARION,CLAYTON - MARION,election_geometry_exact,1.0,C:\Users\Shama\OneDrive\Documents\Side_Projects\Side_Projects\IAPrecinctMap\data\2016\20161108__ia__general__precinct.csv,14317
Clayton,MENDON,CLAYTON - MENDON,election_geometry_exact,1.0,C:\Users\Shama\OneDrive\Documents\Side_Projects\Side_Projects\IAPrecinctMap\data\2016\20161108__ia__general__precinct.csv,14360
Clayton,READ,CLAYTON - READ,election_geometry_exact,1.0,C:\Users\Shama\OneDrive\Documents\Side_Projects\Side_Projects\IAPrecinctMap\data\2016\20161108__ia__general__precinct.csv,14403
Clinton,BLOOMFIELD BROOKFIELD DELMAR,CLINTON - BLOOMFIELD BROOKFIELD DELMAR,election_geometry_exact,1.0,C:\Users\Shama\OneDrive\Documents\Side_Projects\Side_Projects\IAPrecinctMap\data\2016\20161108__ia__general__precinct.csv,14490
Clinton,CAMANCHE 1,CLINTON - CAMANCHE 1,election_geometry_exact,1.0,C:\Users\Shama\OneDrive\Documents\Side_Projects\Side_Projects\IAPrecinctMap\data\2016\20161108__ia__general__precinct.csv,14536
Clinton,CAMANCHE 2,CLINTON - CAMANCHE 2,election_geometry_exact,1.0,C:\Users\Shama\OneDrive\Documents\Side_Projects\Side_Projects\IAPrecinctMap\data\2016\20161108__ia__general__precinct.csv,14582
Clinton,CENTER TWP,CLINTON - CENTER TWP,election_geometry_exact,1.0,C:\Users\Shama\OneDrive\Documents\Side_Projects\Side_Projects\IAPrecinctMap\data\2016\20161108__ia__general__precinct.csv,14628
Clinton,CLINTON 1-1,CLINTON - CLINTON 1-1,election_geometry_exact,1.0,C:\Users\Shama\OneDrive\Documents\Side_Projects\Side_Projects\IAPrecinctMap\data\2016\20161108__ia__general__precinct.csv,14673
Clinton,CLINTON 1-2,CLINTON - CLINTON 1-2,election_geometry_exact,1.0,C:\Users\Shama\OneDrive\Documents\Side_Projects\Side_Projects\IAPrecinctMap\data\2016\20161108__ia__general__precinct.csv,14718
Clinton,CLINTON 2-1,CLINTON - CLINTON 2-1,election_geometry_exact,1.0,C:\Users\Shama\OneDrive\Documents\Side_Projects\Side_Projects\IAPrecinctMap\data\2016\20161108__ia__general__precinct.csv,14763
Clinton,CLINTON 2-2,CLINTON - CLINTON 2-2,election_geometry_exact,1.0,C:\Users\Shama\OneDrive\Documents\Side_Projects\Side_Projects\IAPrecinctMap\data\2016\20161108__ia__general__precinct.csv,14808
Clinton,CLINTON 3-1,CLINTON - CLINTON 3-1,election_geometry_exact,1.0,C:\Users\Shama\OneDrive\Documents\Side_Projects\Side_Projects\IAPrecinctMap\data\2016\20161108__ia__general__precinct.csv,14853
Clinton,CLINTON 3-2,CLINTON - CLINTON 3-2,election_geometry_exact,1.0,C:\Users\Shama\OneDrive\Documents\Side_Projects\Side_Projects\IAPrecinctMap\data\2016\20161108__ia__general__precinct.csv,14898
Clinton,CLINTON 4-1,CLINTON - CLINTON 4-1,election_geometry_exact,1.0,C:\Users\Shama\OneDrive\Documents\Side_Projects\Side_Projects\IAPrecinctMap\data\2016\20161108__ia__general__precinct.csv,14943
Clinton,CLINTON 4-2,CLINTON - CLINTON 4-2,election_geometry_exact,1.0,C:\Users\Shama\OneDrive\Documents\Side_Projects\Side_Projects\IAPrecinctMap\data\2016\20161108__ia__general__precinct.csv,14988
Clinton,DEEP CREEK GOOSE LAKE,CLINTON - DEEP CREEK GOOSE LAKE,election_geometry_exact,1.0,C:\Users\Shama\OneDrive\Documents\Side_Projects\Side_Projects\IAPrecinctMap\data\2016\20161108__ia__general__precinct.csv,15033
Clinton,DEWITT 1,CLINTON - DEWITT 1,election_geometry_exact,1.0,C:\Users\Shama\OneDrive\Documents\Side_Projects\Side_Projects\IAPrecinctMap\data\2016\20161108__ia__general__precinct.csv,15078
Clinton,DEWITT 2,CLINTON - DEWITT 2,election_geometry_exact,1.0,C:\Users\Shama\OneDrive\Documents\Side_Projects\Side_Projects\IAPrecinctMap\data\2016\20161108__ia__general__precinct.csv,15124
Clinton,DEWITT TWP,CLINTON - DEWITT TWP,election_geometry_exact,1.0,C:\Users\Shama\OneDrive\Documents\Side_Projects\Side_Projects\IAPrecinctMap\data\2016\20161108__ia__general__precinct.csv,15170
Clinton,EDEN CAMANCHE TWP,CLINTON - EDEN CAMANCHE TWP,election_geometry_exact,1.0,C:\Users\Shama\OneDrive\Documents\Side_Projects\Side_Projects\IAPrecinctMap\data\2016\20161108__ia__general__precinct.csv,15216
Clinton,ELK RIVER HAMPSHIRE ANDOVER,CLINTON - ELK RIVER HAMPSHIRE ANDOVER,election_geometry_exact,1.0,C:\Users\Shama\OneDrive\Documents\Side_Projects\Side_Projects\IAPrecinctMap\data\2016\20161108__ia__general__precinct.csv,15262
Clinton,LIBERTY TORONTO,CLINTON - LIBERTY TORONTO,election_geometry_exact,1.0,C:\Users\Shama\OneDrive\Documents\Side_Projects\Side_Projects\IAPrecinctMap\data\2016\20161108__ia__general__precinct.csv,15307
Clinton,LOW MOOR,CLINTON - LOW MOOR,election_geometry_exact,1.0,C:\Users\Shama\OneDrive\Documents\Side_Projects\Side_Projects\IAPrecinctMap\data\2016\20161108__ia__general__precinct.csv,15353
Clinton,OLIVE GRANT CALAMUS,CLINTON - OLIVE GRANT CALAMUS,election_geometry_exact,1.0,C:\Users\Shama\OneDrive\Documents\Side_Projects\Side_Projects\IAPrecinctMap\data\2016\20161108__ia__general__precinct.csv,15398
Clinton,ORANGE GRAND MOUND,CLINTON - ORANGE GRAND MOUND,election_geometry_exact,1.0,C:\Users\Shama\OneDrive\Documents\Side_Projects\Side_Projects\IAPrecinctMap\data\2016\20161108__ia__general__precinct.csv,15444
Clinton,SHARON LOST NATION,CLINTON - SHARON LOST NATION,election_geometry_exact,1.0,C:\Users\Shama\OneDrive\Documents\Side_Projects\Side_Projects\IAPrecinctMap\data\2016\20161108__ia__general__precinct.csv,15490
Clinton,SPRING ROCK WHEATLAND,CLINTON - SPRING ROCK WHEATLAND,election_geometry_exact,1.0,C:\Users\Shama\OneDrive\Documents\Side_Projects\Side_Projects\IAPrecinctMap\data\2016\20161108__ia__general__precinct.csv,15536
Clinton,WATERFORD CHARLOTTE,CLINTON - WATERFORD CHARLOTTE,election_geometry_exact,1.0,C:\Users\Shama\OneDrive\Documents\Side_Projects\Side_Projects\IAPrecinctMap\data\2016\20161108__ia__general__precinct.csv,15582
Clinton,WELTON WASHINGTON WELTON,CLINTON - WELTON WASHINGTON WELTON,election_geometry_exact,1.0,C:\Users\Shama\OneDrive\Documents\Side_Projects\Side_Projects\IAPrecinctMap\data\2016\20161108__ia__general__precinct.csv,15627
Crawford,Charter Oak,CRAWFORD - CHARTER OAK,election_geometry_exact,1.0,C:\Users\Shama\OneDrive\Documents\Side_Projects\Side_Projects\IAPrecinctMap\data\2016\20161108__ia__general__precinct.csv,15673
Crawford,DCAB Precinct,CRAWFORD - DCAB,election_geometry_exact,1.0,C:\Users\Shama\OneDrive\Documents\Side_Projects\Side_Projects\IAPrecinctMap\data\2016\20161108__ia__general__precinct.csv,15717
Crawford,Denison 1st Ward,,election_geometry_ambiguous,0.8,C:\Users\Shama\OneDrive\Documents\Side_Projects\Side_Projects\IAPrecinctMap\data\2016\20161108__ia__general__precinct.csv,15761
Crawford,Denison 2nd Ward - Denison Township,,election_geometry_ambiguous,0.8135593220338984,C:\Users\Shama\OneDrive\Documents\Side_Projects\Side_Projects\IAPrecinctMap\data\2016\20161108__ia__general__precinct.csv,15805
Crawford,Denison 3rd Ward - Goodrich Township,,election_geometry_ambiguous,0.819672131147541,C:\Users\Shama\OneDrive\Documents\Side_Projects\Side_Projects\IAPrecinctMap\data\2016\20161108__ia__general__precinct.csv,15849
Crawford,Northeast Precinct,CRAWFORD - NORTHEAST,election_geometry_exact,1.0,C:\Users\Shama\OneDrive\Documents\Side_Projects\Side_Projects\IAPrecinctMap\data\2016\20161108__ia__general__precinct.csv,15893
Crawford,Southeast Precinct,CRAWFORD - SOUTHEAST,election_geometry_exact,1.0,C:\Users\Shama\OneDrive\Documents\Side_Projects\Side_Projects\IAPrecinctMap\data\2016\20161108__ia__general__precinct.csv,15941
Crawford,SRK Precinct,CRAWFORD - SRK,election_geometry_exact,1.0,C:\Users\Shama\OneDrive\Documents\Side_Projects\Side_Projects\IAPrecinctMap\data\2016\20161108__ia__general__precinct.csv,15989
Dallas,ADAMS,DALLAS - ADAMS,election_geometry_exact,1.0,C:\Users\Shama\OneDrive\Documents\Side_Projects\Side_Projects\IAPrecinctMap\data\2016\20161108__ia__general__precinct.csv,16033
Dallas,ADEL 1,DALLAS - ADEL 1,election_geometry_exact,1.0,C:\Users\Shama\OneDrive\Documents\Side_Projects\Side_Projects\IAPrecinctMap\data\2016\20161108__ia__general__precinct.csv,16082
Dallas,ADEL 2,DALLAS - ADEL 2,election_geometry_exact,1.0,C:\Users\Shama\OneDrive\Documents\Side_Projects\Side_Projects\IAPrecinctMap\data\2016\20161108__ia__general__precinct.csv,16131
Dallas,BEAVER / DES MOINES,DALLAS - BEAVER/DES MOINES,election_geometry_exact,1.0,C:\Users\Shama\OneDrive\Documents\Side_Projects\Side_Projects\IAPrecinctMap\data\2016\20161108__ia__general__precinct.csv,16180
Dallas,CLIVE 5,DALLAS - CLIVE 5,election_geometry_exact,1.0,C:\Users\Shama\OneDrive\Documents\Side_Projects\Side_Projects\IAPrecinctMap\data\2016\20161108__ia__general__precinct.csv,16229
Dallas,CLIVE 6,DALLAS - CLIVE 6,election_geometry_exact,1.0,C:\Users\Shama\OneDrive\Documents\Side_Projects\Side_Projects\IAPrecinctMap\data\2016\20161108__ia__general__precinct.csv,16277
Dallas,COLFAX / ADEL,DALLAS - COLFAX/ADEL,election_geometry_exact,1.0,C:\Users\Shama\OneDrive\Documents\Side_Projects\Side_Projects\IAPrecinctMap\data\2016\20161108__ia__general__precinct.csv,16325
Dallas,DESOTO,DALLAS - DE SOTO,election_geometry_prefix,0.98,C:\Users\Shama\OneDrive\Documents\Side_Projects\Side_Projects\IAPrecinctMap\data\2016\20161108__ia__general__precinct.csv,16374
Dallas,LINCOLN /WASHINGTON /LINN,DALLAS - LINCOLN/WASHINGTON/LINN,election_geometry_exact,1.0,C:\Users\Shama\OneDrive\Documents\Side_Projects\Side_Projects\IAPrecinctMap\data\2016\20161108__ia__general__precinct.csv,16423
Dallas,PERRY 1,DALLAS - PERRY 1,election_geometry_exact,1.0,C:\Users\Shama\OneDrive\Documents\Side_Projects\Side_Projects\IAPrecinctMap\data\2016\20161108__ia__general__precinct.csv,16474
Dallas,PERRY 2,DALLAS - PERRY 2,election_geometry_exact,1.0,C:\Users\Shama\OneDrive\Documents\Side_Projects\Side_Projects\IAPrecinctMap\data\2016\20161108__ia__general__precinct.csv,16525
Dallas,PERRY 3,DALLAS - PERRY 3,election_geometry_exact,1.0,C:\Users\Shama\OneDrive\Documents\Side_Projects\Side_Projects\IAPrecinctMap\data\2016\20161108__ia__general__precinct.csv,16576
Dallas,SPRING VALLEY / DALLAS,DALLAS - SPRING VALLEY/DALLAS,election_geometry_exact,1.0,C:\Users\Shama\OneDrive\Documents\Side_Projects\Side_Projects\IAPrecinctMap\data\2016\20161108__ia__general__precinct.csv,16627
Dallas,SUGAR GROVE / DALLAS CENTER,DALLAS - SUGAR GROVE/DALLAS CENTER,election_geometry_exact,1.0,C:\Users\Shama\OneDrive\Documents\Side_Projects\Side_Projects\IAPrecinctMap\data\2016\20161108__ia__general__precinct.csv,16678
Dallas,UNION,DALLAS - UNION,election_geometry_exact,1.0,C:\Users\Shama\OneDrive\Documents\Side_Projects\Side_Projects\IAPrecinctMap\data\2016\20161108__ia__general__precinct.csv,16727
Dallas,URBANDALE 13,DALLAS - URBANDALE 13,election_geometry_exact,1.0,C:\Users\Shama\OneDrive\Documents\Side_Projects\Side_Projects\IAPrecinctMap\data\2016\20161108__ia__general__precinct.csv,16776
Dallas,URBANDALE 14,DALLAS - URBANDALE 14,election_geometry_exact,1.0,C:\Users\Shama\OneDrive\Documents\Side_Projects\Side_Projects\IAPrecinctMap\data\2016\20161108__ia__general__precinct.csv,16825
Dallas,URBANDALE 15,DALLAS - URBANDALE 15,election_geometry_exact,1.0,C:\Users\Shama\OneDrive\Documents\Side_Projects\Side_Projects\IAPrecinctMap\data\2016\20161108__ia__general__precinct.csv,16874
Dallas,VAN METER,DALLAS - VAN METER,election_geometry_exact,1.0,C:\Users\Shama\OneDrive\Documents\Side_Projects\Side_Projects\IAPrecinctMap\data\2016\20161108__ia__general__precinct.csv,16923
Dallas,WALNUT / GRIMES / GRANT,DALLAS - WALNUT/GRIMES/GRANT,election_geometry_exact,1.0,C:\Users\Shama\OneDrive\Documents\Side_Projects\Side_Projects\IAPrecinctMap\data\2016\20161108__ia__general__precinct.csv,16972
Dallas,WAUKEE 1,DALLAS - WAUKEE 1,election_geometry_exact,1.0,C:\Users\Shama\OneDrive\Documents\Side_Projects\Side_Projects\IAPrecinctMap\data\2016\20161108__ia__general__precinct.csv,17021
Dallas,WAUKEE 2,DALLAS - WAUKEE 2,election_geometry_exact,1.0,C:\Users\Shama\OneDrive\Documents\Side_Projects\Side_Projects\IAPrecinctMap\data\2016\20161108__ia__general__precinct.csv,17069
Dallas,WAUKEE 3,DALLAS - WAUKEE 3,election_geometry_exact,1.0,C:\Users\Shama\OneDrive\Documents\Side_Projects\Side_Projects\IAPrecinctMap\data\2016\20161108__ia__general__precinct.csv,17117
Dallas,WAUKEE 4,DALLAS - WAUKEE 4,election_geometry_exact,1.0,C:\Users\Shama\OneDrive\Documents\Side_Projects\Side_Projects\IAPrecinctMap\data\2016\20161108__ia__general__precinct.csv,17165
Dallas,WAUKEE 5,DALLAS - WAUKEE 5,election_geometry_exact,1.0,C:\Users\Shama\OneDrive\Documents\Side_Projects\Side_Projects\IAPrecinctMap\data\2016\20161108__ia__general__precinct.csv,17213
Dallas,WAUKEE 6,DALLAS - WAUKEE 6,election_geometry_exact,1.0,C:\Users\Shama\OneDrive\Documents\Side_Projects\Side_Projects\IAPrecinctMap\data\2016\20161108__ia__general__precinct.csv,17267
Dallas,WEST DES MOINES 221,DALLAS - WEST DES MOINES 221,election_geometry_exact,1.0,C:\Users\Shama\OneDrive\Documents\Side_Projects\Side_Projects\IAPrecinctMap\data\2016\20161108__ia__general__precinct.csv,17321
Dallas,WEST DES MOINES 222,DALLAS - WEST DES MOINES 222,election_geometry_exact,1.0,C:\Users\Shama\OneDrive\Documents\Side_Projects\Side_Projects\IAPrecinctMap\data\2016\20161108__ia__general__precinct.csv,17369
Dallas,WEST DES MOINES 223,DALLAS - WEST DES MOINES 223,election_geometry_exact,1.0,C:\Users\Shama\OneDrive\Documents\Side_Projects\Side_Projects\IAPrecinctMap\data\2016\20161108__ia__general__precinct.csv,17417
Dallas,WEST DES MOINES 224,DALLAS - WEST DES MOINES 224,election_geometry_exact,1.0,C:\Users\Shama\OneDrive\Documents\Side_Projects\Side_Projects\IAPrecinctMap\data\2016\20161108__ia__general__precinct.csv,17465
Dallas,WEST DES MOINES 225,DALLAS - WEST DES MOINES 225,election_geometry_exact,1.0,C:\Users\Shama\OneDrive\Documents\Side_Projects\Side_Projects\IAPrecinctMap\data\2016\20161108__ia__general__precinct.csv,17514
Dallas,WEST DES MOINES 226,DALLAS - WEST DES MOINES 226,election_geometry_exact,1.0,C:\Users\Shama\OneDrive\Documents\Side_Projects\Side_Projects\IAPrecinctMap\data\2016\20161108__ia__general__precinct.csv,17562
Dallas,WEST DES MOINES 321,DALLAS - WEST DES MOINES 321,election_geometry_exact,1.0,C:\Users\Shama\OneDrive\Documents\Side_Projects\Side_Projects\IAPrecinctMap\data\2016\20161108__ia__general__precinct.csv,17610
Dallas,WEST DES MOINES 322,DALLAS - WEST DES MOINES 322,election_geometry_exact,1.0,C:\Users\Shama\OneDrive\Documents\Side_Projects\Side_Projects\IAPrecinctMap\data\2016\20161108__ia__general__precinct.csv,17658
Davis,BLOOMFIELD WARD 1,DAVIS - BLOOMFIELD,election_geometry_prefix,0.98,C:\Users\Shama\OneDrive\Documents\Side_Projects\Side_Projects\IAPrecinctMap\data\2016\20161108__ia__general__precinct.csv,17707
Davis,BLOOMFIELD WARD 2,DAVIS - BLOOMFIELD,election_geometry_prefix,0.98,C:\Users\Shama\OneDrive\Documents\Side_Projects\Side_Projects\IAPrecinctMap\data\2016\20161108__ia__general__precinct.csv,17749
Davis,BLOOMFIELD WARD 3,DAVIS - BLOOMFIELD,election_geometry_prefix,0.98,C:\Users\Shama\OneDrive\Documents\Side_Projects\Side_Projects\IAPrecinctMap\data\2016\20161108__ia__general__precinct.csv,17791
Davis,CENTRAL,DAVIS - CENTRAL,election_geometry_exact,1.0,C:\Users\Shama\OneDrive\Documents\Side_Projects\Side_Projects\IAPrecinctMap\data\2016\20161108__ia__general__precinct.csv,17833
Davis,NORTHEAST,DAVIS - NORTHEAST,election_geometry_exact,1.0,C:\Users\Shama\OneDrive\Documents\Side_Projects\Side_Projects\IAPrecinctMap\data\2016\20161108__ia__general__precinct.csv,17875
Davis,NORTHWEST,DAVIS - NORTHWEST,election_geometry_exact,1.0,C:\Users\Shama\OneDrive\Documents\Side_Projects\Side_Projects\IAPrecinctMap\data\2016\20161108__ia__general__precinct.csv,17917
Davis,SOUTHEAST,DAVIS - SOUTHEAST,election_geometry_exact,1.0,C:\Users\Shama\OneDrive\Documents\Side_Projects\Side_Projects\IAPrecinctMap\data\2016\20161108__ia__general__precinct.csv,17959
Davis,SOUTHWEST,DAVIS - SOUTHWEST,election_geometry_exact,1.0,C:\Users\Shama\OneDrive\Documents\Side_Projects\Side_Projects\IAPrecinctMap\data\2016\20161108__ia__general__precinct.csv,18001
Decatur,BL/FA/Lamoni,DECATUR - BL/FA/LAMONI,election_geometry_exact,1.0,C:\Users\Shama\OneDrive\Documents\Side_Projects\Side_Projects\IAPrecinctMap\data\2016\20161108__ia__general__precinct.csv,18043
Decatur,BU/HA/MO/NB/Davis City/Pleasanton,DECATUR - BU/HA/MO/NB/DAVIS CITY/PLEASANTON,election_geometry_exact,1.0,C:\Users\Shama\OneDrive\Documents\Side_Projects\Side_Projects\IAPrecinctMap\data\2016\20161108__ia__general__precinct.csv,18087
Decatur,CE/ED/Leon,DECATUR - CE/ED/LEON,election_geometry_exact,1.0,C:\Users\Shama\OneDrive\Documents\Side_Projects\Side_Projects\IAPrecinctMap\data\2016\20161108__ia__general__precinct.csv,18131
Decatur,DE/Decatur City,DECATUR - DE/DECATUR CITY,election_geometry_exact,1.0,C:\Users\Shama\OneDrive\Documents\Side_Projects\Side_Projects\IAPrecinctMap\data\2016\20161108__ia__general__precinct.csv,18175
Decatur,FR/LC/Van Wert/Weldon,DECATUR - FR/LC/VAN WERT/WELDON,election_geometry_exact,1.0,C:\Users\Shama\OneDrive\Documents\Side_Projects\Side_Projects\IAPrecinctMap\data\2016\20161108__ia__general__precinct.csv,18219
Decatur,GG/HP/WO/Garden Grove/LeRoy,DECATUR - GG/HP/WO/GARDEN GROVE/LEROY,election_geometry_exact,1.0,C:\Users\Shama\OneDrive\Documents\Side_Projects\Side_Projects\IAPrecinctMap\data\2016\20161108__ia__general__precinct.csv,18263
Decatur,GR/RL/Grand River,DECATUR - GR/RL/GRAND RIVER,election_geometry_exact,1.0,C:\Users\Shama\OneDrive\Documents\Side_Projects\Side_Projects\IAPrecinctMap\data\2016\20161108__ia__general__precinct.csv,18307
Delaware,Adams/Hazel Green,DELAWARE - ADAMS/HAZEL GREEN,election_geometry_exact,1.0,C:\Users\Shama\OneDrive\Documents\Side_Projects\Side_Projects\IAPrecinctMap\data\2016\20161108__ia__general__precinct.csv,18351
Delaware,Colony,DELAWARE - COLONY,election_geometry_exact,1.0,C:\Users\Shama\OneDrive\Documents\Side_Projects\Side_Projects\IAPrecinctMap\data\2016\20161108__ia__general__precinct.csv,18394
Delaware,Delaware,DELAWARE - DELAWARE,election_geometry_exact,1.0,C:\Users\Shama\OneDrive\Documents\Side_Projects\Side_Projects\IAPrecinctMap\data\2016\20161108__ia__general__precinct.csv,18437
Delaware,Delhi/Delaware Corp,DELAWARE - DELHI/DELAWARE CORP,election_geometry_exact,1.0,C:\Users\Shama\OneDrive\Documents\Side_Projects\Side_Projects\IAPrecinctMap\data\2016\20161108__ia__general__precinct.csv,18480
Delaware,Honey Creek/Elk,DELAWARE - HONEY CREEK/ELK,election_geometry_exact,1.0,C:\Users\Shama\OneDrive\Documents\Side_Projects\Side_Projects\IAPrecinctMap\data\2016\20161108__ia__general__precinct.csv,18523
Delaware,Manchester Ward 1,DELAWARE - MANCHESTER WARD 1,election_geometry_exact,1.0,C:\Users\Shama\OneDrive\Documents\Side_Projects\Side_Projects\IAPrecinctMap\data\2016\20161108__ia__general__precinct.csv,18566
Delaware,Manchester Ward 2,DELAWARE - MANCHESTER WARD 2,election_geometry_exact,1.0,C:\Users\Shama\OneDrive\Documents\Side_Projects\Side_Projects\IAPrecinctMap\data\2016\20161108__ia__general__precinct.csv,18609
Delaware,Manchester Ward 3,DELAWARE - MANCHESTER WARD 3,election_geometry_exact,1.0,C:\Users\Shama\OneDrive\Documents\Side_Projects\Side_Projects\IAPrecinctMap\data\2016\20161108__ia__general__precinct.csv,18652
Delaware,Milo/Prairie,DELAWARE - MILO/PRAIRIE,election_geometry_exact,1.0,C:\Users\Shama\OneDrive\Documents\Side_Projects\Side_Projects\IAPrecinctMap\data\2016\20161108__ia__general__precinct.csv,18695
Delaware,Oneida/N Fork/Bremen,DELAWARE - ONEIDA/N FORK/BREMEN,election_geometry_exact,1.0,C:\Users\Shama\OneDrive\Documents\Side_Projects\Side_Projects\IAPrecinctMap\data\2016\20161108__ia__general__precinct.csv,18738
Delaware,Richland/Coffins Grove,DELAWARE - RICHLAND/COFFINS GROVE,election_geometry_exact,1.0,C:\Users\Shama\OneDrive\Documents\Side_Projects\Side_Projects\IAPrecinctMap\data\2016\20161108__ia__general__precinct.csv,18781
Delaware,South Fork/Union,DELAWARE - SOUTH FORK/UNION,election_geometry_exact,1.0,C:\Users\Shama\OneDrive\Documents\Side_Projects\Side_Projects\IAPrecinctMap\data\2016\20161108__ia__general__precinct.csv,18824
Des Moines,DM,DES MOINES - PCT DM,election_geometry_exact,1.0,C:\Users\Shama\OneDrive\Documents\Side_Projects\Side_Projects\IAPrecinctMap\data\2016\20161108__ia__general__precinct.csv,18867
Des Moines,FM,DES MOINES - PCT FM,election_geometry_exact,1.0,C:\Users\Shama\OneDrive\Documents\Side_Projects\Side_Projects\IAPrecinctMap\data\2016\20161108__ia__general__precinct.csv,18909
Des Moines,HJ,DES MOINES - PCT HJ,election_geometry_exact,1.0,C:\Users\Shama\OneDrive\Documents\Side_Projects\Side_Projects\IAPrecinctMap\data\2016\20161108__ia__general__precinct.csv,18951
Des Moines,MY,DES MOINES - PCT MY,election_geometry_exact,1.0,C:\Users\Shama\OneDrive\Documents\Side_Projects\Side_Projects\IAPrecinctMap\data\2016\20161108__ia__general__precinct.csv,18993
Des Moines,Pct 1T,DES MOINES - PCT 1T,election_geometry_exact,1.0,C:\Users\Shama\OneDrive\Documents\Side_Projects\Side_Projects\IAPrecinctMap\data\2016\20161108__ia__general__precinct.csv,19035
Des Moines,Pct 2,DES MOINES - PCT 2,election_geometry_exact,1.0,C:\Users\Shama\OneDrive\Documents\Side_Projects\Side_Projects\IAPrecinctMap\data\2016\20161108__ia__general__precinct.csv,19076
Des Moines,Pct 3,DES MOINES - PCT 3,election_geometry_exact,1.0,C:\Users\Shama\OneDrive\Documents\Side_Projects\Side_Projects\IAPrecinctMap\data\2016\20161108__ia__general__precinct.csv,19117
Des Moines,Pct 4,DES MOINES - PCT 4,election_geometry_exact,1.0,C:\Users\Shama\OneDrive\Documents\Side_Projects\Side_Projects\IAPrecinctMap\data\2016\20161108__ia__general__precinct.csv,19158
Des Moines,Pct 5,DES MOINES - PCT 5,election_geometry_exact,1.0,C:\Users\Shama\OneDrive\Documents\Side_Projects\Side_Projects\IAPrecinctMap\data\2016\20161108__ia__general__precinct.csv,19199
Des Moines,Pct 6,DES MOINES - PCT 6,election_geometry_exact,1.0,C:\Users\Shama\OneDrive\Documents\Side_Projects\Side_Projects\IAPrecinctMap\data\2016\20161108__ia__general__precinct.csv,19240
Des Moines,Pct 7,DES MOINES - PCT 7,election_geometry_exact,1.0,C:\Users\Shama\OneDrive\Documents\Side_Projects\Side_Projects\IAPrecinctMap\data\2016\20161108__ia__general__precinct.csv,19281
Des Moines,Pct 8,DES MOINES - PCT 8C,election_geometry_prefix,0.98,C:\Users\Shama\OneDrive\Documents\Side_Projects\Side_Projects\IAPrecinctMap\data\2016\20161108__ia__general__precinct.csv,19322
Des Moines,Pct 9,DES MOINES - PCT 9,election_geometry_exact,1.0,C:\Users\Shama\OneDrive\Documents\Side_Projects\Side_Projects\IAPrecinctMap\data\2016\20161108__ia__general__precinct.csv,19363
Des Moines,PW,DES MOINES - PCT PW,election_geometry_exact,1.0,C:\Users\Shama\OneDrive\Documents\Side_Projects\Side_Projects\IAPrecinctMap\data\2016\20161108__ia__general__precinct.csv,19404
Des Moines,Union,DES MOINES - PCT UNION,election_geometry_exact,1.0,C:\Users\Shama\OneDrive\Documents\Side_Projects\Side_Projects\IAPrecinctMap\data\2016\20161108__ia__general__precinct.csv,19446
Des Moines,WB,DES MOINES - PCT WB,election_geometry_exact,1.0,C:\Users\Shama\OneDrive\Documents\Side_Projects\Side_Projects\IAPrecinctMap\data\2016\20161108__ia__general__precinct.csv,19488
Dickinson,Precinct 6 & No. 7,,election_geometry_ambiguous,0.5333333333333333,C:\Users\Shama\OneDrive\Documents\Side_Projects\Side_Projects\IAPrecinctMap\data\2016\20161108__ia__general__precinct.csv,19529
Dickinson,Precinct No. 1,,election_geometry_ambiguous,0.8888888888888888,C:\Users\Shama\OneDrive\Documents\Side_Projects\Side_Projects\IAPrecinctMap\data\2016\20161108__ia__general__precinct.csv,19573
Dickinson,Precinct No. 10-City-Wahpeton-W Okoboji-ILCC,DICKINSON - PRECINCT NO. 10,election_geometry_prefix,0.98,C:\Users\Shama\OneDrive\Documents\Side_Projects\Side_Projects\IAPrecinctMap\data\2016\20161108__ia__general__precinct.csv,19617
Dickinson,Precinct No. 11,DICKINSON - PRECINCT NO. 11,election_geometry_exact,1.0,C:\Users\Shama\OneDrive\Documents\Side_Projects\Side_Projects\IAPrecinctMap\data\2016\20161108__ia__general__precinct.csv,19661
Dickinson,Precinct No. 12,DICKINSON - PRECINCT NO. 12,election_geometry_exact,1.0,C:\Users\Shama\OneDrive\Documents\Side_Projects\Side_Projects\IAPrecinctMap\data\2016\20161108__ia__general__precinct.csv,19705
Dickinson,Precinct No. 13,DICKINSON - PRECINCT NO. 13,election_geometry_exact,1.0,C:\Users\Shama\OneDrive\Documents\Side_Projects\Side_Projects\IAPrecinctMap\data\2016\20161108__ia__general__precinct.csv,19749
Dickinson,Precinct No. 14,DICKINSON - PRECINCT NO. 14,election_geometry_exact,1.0,C:\Users\Shama\OneDrive\Documents\Side_Projects\Side_Projects\IAPrecinctMap\data\2016\20161108__ia__general__precinct.csv,19793
Dickinson,Precinct No. 15,DICKINSON - PRECINCT NO. 15,election_geometry_exact,1.0,C:\Users\Shama\OneDrive\Documents\Side_Projects\Side_Projects\IAPrecinctMap\data\2016\20161108__ia__general__precinct.csv,19837
Dickinson,Precinct No. 2,,election_geometry_ambiguous,0.8888888888888888,C:\Users\Shama\OneDrive\Documents\Side_Projects\Side_Projects\IAPrecinctMap\data\2016\20161108__ia__general__precinct.csv,19881
Dickinson,Precinct No. 3,,election_geometry_ambiguous,0.8888888888888888,C:\Users\Shama\OneDrive\Documents\Side_Projects\Side_Projects\IAPrecinctMap\data\2016\20161108__ia__general__precinct.csv,19925
Dickinson,Precinct No. 4,,election_geometry_ambiguous,0.8888888888888888,C:\Users\Shama\OneDrive\Documents\Side_Projects\Side_Projects\IAPrecinctMap\data\2016\20161108__ia__general__precinct.csv,19969
Dickinson,Precinct No. 5,,election_geometry_ambiguous,0.8888888888888888,C:\Users\Shama\OneDrive\Documents\Side_Projects\Side_Projects\IAPrecinctMap\data\2016\20161108__ia__general__precinct.csv,20013
Dickinson,Precinct No. 8,DICKINSON - PRECINCT NO. 08,election_geometry_fuzzy,0.8888888888888888,C:\Users\Shama\OneDrive\Documents\Side_Projects\Side_Projects\IAPrecinctMap\data\2016\20161108__ia__general__precinct.csv,20057
Dickinson,Precinct No. 9,DICKINSON - PRECINCT NO. 09,election_geometry_fuzzy,0.8888888888888888,C:\Users\Shama\OneDrive\Documents\Side_Projects\Side_Projects\IAPrecinctMap\data\2016\20161108__ia__general__precinct.csv,20101
Dubuque,ARC Building,,election_geometry_ambiguous,0.18181818181818182,C:\Users\Shama\OneDrive\Documents\Side_Projects\Side_Projects\IAPrecinctMap\data\2016\20161108__ia__general__precinct.csv,20145
Dubuque,Asbury City Hall,,election_geometry_ambiguous,0.23076923076923078,C:\Users\Shama\OneDrive\Documents\Side_Projects\Side_Projects\IAPrecinctMap\data\2016\20161108__ia__general__precinct.csv,20186
Dubuque,Beckman High School,,election_geometry_ambiguous,0.20689655172413793,C:\Users\Shama\OneDrive\Documents\Side_Projects\Side_Projects\IAPrecinctMap\data\2016\20161108__ia__general__precinct.csv,20230
Dubuque,Bernard Fire Station,,election_geometry_ambiguous,0.2,C:\Users\Shama\OneDrive\Documents\Side_Projects\Side_Projects\IAPrecinctMap\data\2016\20161108__ia__general__precinct.csv,20269
Dubuque,Cascade City Hall,,election_geometry_ambiguous,0.2222222222222222,C:\Users\Shama\OneDrive\Documents\Side_Projects\Side_Projects\IAPrecinctMap\data\2016\20161108__ia__general__precinct.csv,20308
Dubuque,Dyersville Social Center,,election_geometry_ambiguous,0.17647058823529413,C:\Users\Shama\OneDrive\Documents\Side_Projects\Side_Projects\IAPrecinctMap\data\2016\20161108__ia__general__precinct.csv,20347
Dubuque,Election Annex,,election_geometry_ambiguous,0.16666666666666666,C:\Users\Shama\OneDrive\Documents\Side_Projects\Side_Projects\IAPrecinctMap\data\2016\20161108__ia__general__precinct.csv,20386
Dubuque,Emmaus Bible School,,election_geometry_ambiguous,0.27586206896551724,C:\Users\Shama\OneDrive\Documents\Side_Projects\Side_Projects\IAPrecinctMap\data\2016\20161108__ia__general__precinct.csv,20427
Dubuque,Epworth Council Chambers,,election_geometry_ambiguous,0.11764705882352941,C:\Users\Shama\OneDrive\Documents\Side_Projects\Side_Projects\IAPrecinctMap\data\2016\20161108__ia__general__precinct.csv,20468
Dubuque,Farley Community Center,,election_geometry_ambiguous,0.12121212121212122,C:\Users\Shama\OneDrive\Documents\Side_Projects\Side_Projects\IAPrecinctMap\data\2016\20161108__ia__general__precinct.csv,20507
Dubuque,Federal Building,,election_geometry_ambiguous,0.23076923076923078,C:\Users\Shama\OneDrive\Documents\Side_Projects\Side_Projects\IAPrecinctMap\data\2016\20161108__ia__general__precinct.csv,20546
Dubuque,Fogarty Hall,,election_geometry_ambiguous,0.09090909090909091,C:\Users\Shama\OneDrive\Documents\Side_Projects\Side_Projects\IAPrecinctMap\data\2016\20161108__ia__general__precinct.csv,20587
Dubuque,Holy Trinity Church,,election_geometry_ambiguous,0.06896551724137931,C:\Users\Shama\OneDrive\Documents\Side_Projects\Side_Projects\IAPrecinctMap\data\2016\20161108__ia__general__precinct.csv,20628
Dubuque,Hope Church,,election_geometry_ambiguous,0.19047619047619047,C:\Users\Shama\OneDrive\Documents\Side_Projects\Side_Projects\IAPrecinctMap\data\2016\20161108__ia__general__precinct.csv,20669
Dubuque,Key West Fire Station,,election_geometry_ambiguous,0.12903225806451613,C:\Users\Shama\OneDrive\Documents\Side_Projects\Side_Projects\IAPrecinctMap\data\2016\20161108__ia__general__precinct.csv,20710
Dubuque,Luxemburg City Hall,,election_geometry_ambiguous,0.27586206896551724,C:\Users\Shama\OneDrive\Documents\Side_Projects\Side_Projects\IAPrecinctMap\data\2016\20161108__ia__general__precinct.csv,20752
Dubuque,Meadow Golf Course,,election_geometry_ambiguous,0.14285714285714285,C:\Users\Shama\OneDrive\Documents\Side_Projects\Side_Projects\IAPrecinctMap\data\2016\20161108__ia__general__precinct.csv,20791
Dubuque,Moose Lodge 355,,election_geometry_ambiguous,0.4,C:\Users\Shama\OneDrive\Documents\Side_Projects\Side_Projects\IAPrecinctMap\data\2016\20161108__ia__general__precinct.csv,20830
Dubuque,Operation New View,,election_geometry_ambiguous,0.14285714285714285,C:\Users\Shama\OneDrive\Documents\Side_Projects\Side_Projects\IAPrecinctMap\data\2016\20161108__ia__general__precinct.csv,20871
Dubuque,Peosta Community Center,,election_geometry_ambiguous,0.12121212121212122,C:\Users\Shama\OneDrive\Documents\Side_Projects\Side_Projects\IAPrecinctMap\data\2016\20161108__ia__general__precinct.csv,20910
Dubuque,Rockdale Methodist Church,,election_geometry_ambiguous,0.17142857142857143,C:\Users\Shama\OneDrive\Documents\Side_Projects\Side_Projects\IAPrecinctMap\data\2016\20161108__ia__general__precinct.csv,20949
Dubuque,Sacred Heart Church,,election_geometry_ambiguous,0.13793103448275862,C:\Users\Shama\OneDrive\Documents\Side_Projects\Side_Projects\IAPrecinctMap\data\2016\20161108__ia__general__precinct.csv,20990
Dubuque,SS Peter and Paul School,,election_geometry_ambiguous,0.058823529411764705,C:\Users\Shama\OneDrive\Documents\Side_Projects\Side_Projects\IAPrecinctMap\data\2016\20161108__ia__general__precinct.csv,21031
Dubuque,St John's Church,,election_geometry_ambiguous,0.08,C:\Users\Shama\OneDrive\Documents\Side_Projects\Side_Projects\IAPrecinctMap\data\2016\20161108__ia__general__precinct.csv,21070
Dubuque,Summit Church,,election_geometry_ambiguous,0.17391304347826086,C:\Users\Shama\OneDrive\Documents\Side_Projects\Side_Projects\IAPrecinctMap\data\2016\20161108__ia__general__precinct.csv,21111
Dubuque,Swiss Valley Nature Center,,election_geometry_ambiguous,0.16666666666666666,C:\Users\Shama\OneDrive\Documents\Side_Projects\Side_Projects\IAPrecinctMap\data\2016\20161108__ia__general__precinct.csv,21152
Dubuque,The Journey Church,,election_geometry_ambiguous,0.14285714285714285,C:\Users\Shama\OneDrive\Documents\Side_Projects\Side_Projects\IAPrecinctMap\data\2016\20161108__ia__general__precinct.csv,21191
Dubuque,Theisens,,election_geometry_ambiguous,0.1111111111111111,C:\Users\Shama\OneDrive\Documents\Side_Projects\Side_Projects\IAPrecinctMap\data\2016\20161108__ia__general__precinct.csv,21232
Dubuque,Tri-State Blind Five,,election_geometry_ambiguous,0.13333333333333333,C:\Users\Shama\OneDrive\Documents\Side_Projects\Side_Projects\IAPrecinctMap\data\2016\20161108__ia__general__precinct.csv,21273
Dubuque,Tri-State Blind Seven,,election_geometry_ambiguous,0.12903225806451613,C:\Users\Shama\OneDrive\Documents\Side_Projects\Side_Projects\IAPrecinctMap\data\2016\20161108__ia__general__precinct.csv,21314
Dubuque,U.A.W. Local 94 Hall,,election_geometry_ambiguous,0.20689655172413793,C:\Users\Shama\OneDrive\Documents\Side_Projects\Side_Projects\IAPrecinctMap\data\2016\20161108__ia__general__precinct.csv,21355
Dubuque,Westminster Church Nine,,election_geometry_ambiguous,0.12121212121212122,C:\Users\Shama\OneDrive\Documents\Side_Projects\Side_Projects\IAPrecinctMap\data\2016\20161108__ia__general__precinct.csv,21396
Dubuque,Westminster Church Ten,,election_geometry_ambiguous,0.125,C:\Users\Shama\OneDrive\Documents\Side_Projects\Side_Projects\IAPrecinctMap\data\2016\20161108__ia__general__precinct.csv,21437
Dubuque,Windsor Park,,election_geometry_ambiguous,0.18181818181818182,C:\Users\Shama\OneDrive\Documents\Side_Projects\Side_Projects\IAPrecinctMap\data\2016\20161108__ia__general__precinct.csv,21478
Dubuque,Y Building,,election_geometry_ambiguous,0.2,C:\Users\Shama\OneDrive\Documents\Side_Projects\Side_Projects\IAPrecinctMap\data\2016\20161108__ia__general__precinct.csv,21519
Emmet,AG-IL-Armstrong,EMMET - AG-IL-ARMSTRONG,election_geometry_exact,1.0,C:\Users\Shama\OneDrive\Documents\Side_Projects\Side_Projects\IAPrecinctMap\data\2016\20161108__ia__general__precinct.csv,21560
Emmet,CN-SL-Gruver,EMMET - CN-SL-GRUVER,election_geometry_exact,1.0,C:\Users\Shama\OneDrive\Documents\Side_Projects\Side_Projects\IAPrecinctMap\data\2016\20161108__ia__general__precinct.csv,21608
Emmet,DM-JC-Ringsted,EMMET - DM-JC-RINGSTED,election_geometry_exact,1.0,C:\Users\Shama\OneDrive\Documents\Side_Projects\Side_Projects\IAPrecinctMap\data\2016\20161108__ia__general__precinct.csv,21656
Emmet,EL-LN-Dolliver,EMMET - EL-LN-DOLLIVER,election_geometry_exact,1.0,C:\Users\Shama\OneDrive\Documents\Side_Projects\Side_Projects\IAPrecinctMap\data\2016\20161108__ia__general__precinct.csv,21704
Emmet,Emmet-Estherville,EMMET - EMMET-ESTHERVILLE,election_geometry_exact,1.0,C:\Users\Shama\OneDrive\Documents\Side_Projects\Side_Projects\IAPrecinctMap\data\2016\20161108__ia__general__precinct.csv,21752
Emmet,Estherville Ward 1,EMMET - ESTHERVILLE WARD 1,election_geometry_exact,1.0,C:\Users\Shama\OneDrive\Documents\Side_Projects\Side_Projects\IAPrecinctMap\data\2016\20161108__ia__general__precinct.csv,21800
Emmet,Estherville Ward 2,EMMET - ESTHERVILLE WARD 2,election_geometry_exact,1.0,C:\Users\Shama\OneDrive\Documents\Side_Projects\Side_Projects\IAPrecinctMap\data\2016\20161108__ia__general__precinct.csv,21848
Emmet,Estherville Ward 3,EMMET - ESTHERVILLE WARD 3,election_geometry_exact,1.0,C:\Users\Shama\OneDrive\Documents\Side_Projects\Side_Projects\IAPrecinctMap\data\2016\20161108__ia__general__precinct.csv,21896
Emmet,Estherville Ward 4,EMMET - ESTHERVILLE WARD 4,election_geometry_exact,1.0,C:\Users\Shama\OneDrive\Documents\Side_Projects\Side_Projects\IAPrecinctMap\data\2016\20161108__ia__general__precinct.csv,21944
Emmet,Estherville Ward 5,EMMET - ESTHERVILLE WARD 5,election_geometry_exact,1.0,C:\Users\Shama\OneDrive\Documents\Side_Projects\Side_Projects\IAPrecinctMap\data\2016\20161108__ia__general__precinct.csv,21992
Emmet,HL-TM-Wallingford,EMMET - HL-TM-WALLINGFORD,election_geometry_exact,1.0,C:\Users\Shama\OneDrive\Documents\Side_Projects\Side_Projects\IAPrecinctMap\data\2016\20161108__ia__general__precinct.csv,22040
Fayette,AUBURN TWP AUBURN TWP,FAYETTE - AUBURN TWP,election_geometry_prefix,0.98,C:\Users\Shama\OneDrive\Documents\Side_Projects\Side_Projects\IAPrecinctMap\data\2016\20161108__ia__general__precinct.csv,22088
Fayette,BANKS-FREMONT TWP SUMNER,FAYETTE - BANKS-FREMONT TWP,election_geometry_prefix,0.98,C:\Users\Shama\OneDrive\Documents\Side_Projects\Side_Projects\IAPrecinctMap\data\2016\20161108__ia__general__precinct.csv,22143
Fayette,BETHEL-WINDSOR TWP BETHEL,FAYETTE - BETHEL-WINDSOR TWP,election_geometry_prefix,0.98,C:\Users\Shama\OneDrive\Documents\Side_Projects\Side_Projects\IAPrecinctMap\data\2016\20161108__ia__general__precinct.csv,22197
Fayette,CENTER TWP RANDALIA INC.,FAYETTE - CENTER TWP,election_geometry_prefix,0.98,C:\Users\Shama\OneDrive\Documents\Side_Projects\Side_Projects\IAPrecinctMap\data\2016\20161108__ia__general__precinct.csv,22252
Fayette,CLERMONT TWP CLERMONT IN,FAYETTE - CLERMONT TWP,election_geometry_prefix,0.98,C:\Users\Shama\OneDrive\Documents\Side_Projects\Side_Projects\IAPrecinctMap\data\2016\20161108__ia__general__precinct.csv,22306
Fayette,DOVER TWP.,FAYETTE - DOVER TWP,election_geometry_exact,1.0,C:\Users\Shama\OneDrive\Documents\Side_Projects\Side_Projects\IAPrecinctMap\data\2016\20161108__ia__general__precinct.csv,22361
Fayette,EDEN TWP WAUCOMA INC.,FAYETTE - EDEN TWP,election_geometry_prefix,0.98,C:\Users\Shama\OneDrive\Documents\Side_Projects\Side_Projects\IAPrecinctMap\data\2016\20161108__ia__general__precinct.csv,22416
Fayette,FAIRBANK INC.,FAYETTE - FAIRBANK INC,election_geometry_exact,1.0,C:\Users\Shama\OneDrive\Documents\Side_Projects\Side_Projects\IAPrecinctMap\data\2016\20161108__ia__general__precinct.csv,22471
Fayette,FAIRFIELD-PUTNAM TWP ARLI,FAYETTE - FAIRFIELD-PUTNAM TWP,election_geometry_prefix,0.98,C:\Users\Shama\OneDrive\Documents\Side_Projects\Side_Projects\IAPrecinctMap\data\2016\20161108__ia__general__precinct.csv,22525
Fayette,HARLAN TWP MAYNARD INC.,FAYETTE - HARLAN TWP,election_geometry_prefix,0.98,C:\Users\Shama\OneDrive\Documents\Side_Projects\Side_Projects\IAPrecinctMap\data\2016\20161108__ia__general__precinct.csv,22579
Fayette,ILLYRIA TWP WADENA INC.,FAYETTE - ILLYRIA TWP,election_geometry_prefix,0.98,C:\Users\Shama\OneDrive\Documents\Side_Projects\Side_Projects\IAPrecinctMap\data\2016\20161108__ia__general__precinct.csv,22633
Fayette,JEFFERSON TWP.,FAYETTE - JEFFERSON TWP,election_geometry_exact,1.0,C:\Users\Shama\OneDrive\Documents\Side_Projects\Side_Projects\IAPrecinctMap\data\2016\20161108__ia__general__precinct.csv,22688
Fayette,OELWEIN - WARD 1,FAYETTE - OELWEIN WARD 1,election_geometry_exact,1.0,C:\Users\Shama\OneDrive\Documents\Side_Projects\Side_Projects\IAPrecinctMap\data\2016\20161108__ia__general__precinct.csv,22742
Fayette,OELWEIN - WARD 2,FAYETTE - OELWEIN WARD 2,election_geometry_exact,1.0,C:\Users\Shama\OneDrive\Documents\Side_Projects\Side_Projects\IAPrecinctMap\data\2016\20161108__ia__general__precinct.csv,22796
Fayette,OELWEIN - WARD 3,FAYETTE - OELWEIN WARD 3,election_geometry_exact,1.0,C:\Users\Shama\OneDrive\Documents\Side_Projects\Side_Projects\IAPrecinctMap\data\2016\20161108__ia__general__precinct.csv,22850
Fayette,OELWEIN - WARD 4,FAYETTE - OELWEIN WARD 4,election_geometry_exact,1.0,C:\Users\Shama\OneDrive\Documents\Side_Projects\Side_Projects\IAPrecinctMap\data\2016\20161108__ia__general__precinct.csv,22904
Fayette,ORAN TWP.,FAYETTE - ORAN TWP,election_geometry_exact,1.0,C:\Users\Shama\OneDrive\Documents\Side_Projects\Side_Projects\IAPrecinctMap\data\2016\20161108__ia__general__precinct.csv,22958
Fayette,PLEASANT VALLEY TWP ELGIN,FAYETTE - PLEASANT VALLEY TWP,election_geometry_prefix,0.98,C:\Users\Shama\OneDrive\Documents\Side_Projects\Side_Projects\IAPrecinctMap\data\2016\20161108__ia__general__precinct.csv,23012
Fayette,SCOTT TWP STANLEY INC.,FAYETTE - SCOTT TWP,election_geometry_prefix,0.98,C:\Users\Shama\OneDrive\Documents\Side_Projects\Side_Projects\IAPrecinctMap\data\2016\20161108__ia__general__precinct.csv,23067
Fayette,SMITHFIELD TWP.,FAYETTE - SMITHFIELD TWP,election_geometry_exact,1.0,C:\Users\Shama\OneDrive\Documents\Side_Projects\Side_Projects\IAPrecinctMap\data\2016\20161108__ia__general__precinct.csv,23121
Fayette,UNION TWP.,FAYETTE - UNION TWP,election_geometry_exact,1.0,C:\Users\Shama\OneDrive\Documents\Side_Projects\Side_Projects\IAPrecinctMap\data\2016\20161108__ia__general__precinct.csv,23175
Fayette,WEST UNION - WARD 1,FAYETTE - WEST UNION WARD 1,election_geometry_exact,1.0,C:\Users\Shama\OneDrive\Documents\Side_Projects\Side_Projects\IAPrecinctMap\data\2016\20161108__ia__general__precinct.csv,23230
Fayette,WEST UNION - WARD 2,FAYETTE - WEST UNION WARD 2,election_geometry_exact,1.0,C:\Users\Shama\OneDrive\Documents\Side_Projects\Side_Projects\IAPrecinctMap\data\2016\20161108__ia__general__precinct.csv,23285
Fayette,WEST UNION - WARD 3,FAYETTE - WEST UNION WARD 3,election_geometry_exact,1.0,C:\Users\Shama\OneDrive\Documents\Side_Projects\Side_Projects\IAPrecinctMap\data\2016\20161108__ia__general__precinct.csv,23340
Fayette,WESTFIELD TWP FAYETTE IN,FAYETTE - WESTFIELD TWP,election_geometry_prefix,0.98,C:\Users\Shama\OneDrive\Documents\Side_Projects\Side_Projects\IAPrecinctMap\data\2016\20161108__ia__general__precinct.csv,23395
Floyd,CC1 (Courthouse),,election_geometry_ambiguous,0.34285714285714286,C:\Users\Shama\OneDrive\Documents\Side_Projects\Side_Projects\IAPrecinctMap\data\2016\20161108__ia__general__precinct.csv,23450
Floyd,CC2 (Messiah),,election_geometry_ambiguous,0.2857142857142857,C:\Users\Shama\OneDrive\Documents\Side_Projects\Side_Projects\IAPrecinctMap\data\2016\20161108__ia__general__precinct.csv,23492
Floyd,CC3 (Trinity),,election_geometry_ambiguous,0.3333333333333333,C:\Users\Shama\OneDrive\Documents\Side_Projects\Side_Projects\IAPrecinctMap\data\2016\20161108__ia__general__precinct.csv,23534
Floyd,Floyd-Cedar-Niles,FLOYD - FLOYD-CEDAR-NILES,election_geometry_exact,1.0,C:\Users\Shama\OneDrive\Documents\Side_Projects\Side_Projects\IAPrecinctMap\data\2016\20161108__ia__general__precinct.csv,23576
Floyd,Rock Grove-Rudd,FLOYD - ROCK GROVE-RUDD,election_geometry_exact,1.0,C:\Users\Shama\OneDrive\Documents\Side_Projects\Side_Projects\IAPrecinctMap\data\2016\20161108__ia__general__precinct.csv,23618
Floyd,Rockford-Ulster,FLOYD - ROCKFORD-ULSTER,election_geometry_exact,1.0,C:\Users\Shama\OneDrive\Documents\Side_Projects\Side_Projects\IAPrecinctMap\data\2016\20161108__ia__general__precinct.csv,23660
Floyd,Scott-Union-Pleasant Grove,FLOYD - SCOTT-UNION-PLEASANT GROVE,election_geometry_exact,1.0,C:\Users\Shama\OneDrive\Documents\Side_Projects\Side_Projects\IAPrecinctMap\data\2016\20161108__ia__general__precinct.csv,23702
Floyd,St. Charles-Riverton,FLOYD - ST. CHARLES-RIVERTON,election_geometry_exact,1.0,C:\Users\Shama\OneDrive\Documents\Side_Projects\Side_Projects\IAPrecinctMap\data\2016\20161108__ia__general__precinct.csv,23744
Franklin,Geneva / Ingham / East Mott,FRANKLIN - GENEVA/INGHAM/EAST MOTT,election_geometry_exact,1.0,C:\Users\Shama\OneDrive\Documents\Side_Projects\Side_Projects\IAPrecinctMap\data\2016\20161108__ia__general__precinct.csv,23786
Franklin,Grant / Osceola,FRANKLIN - GRANT/OSCEOLA,election_geometry_exact,1.0,C:\Users\Shama\OneDrive\Documents\Side_Projects\Side_Projects\IAPrecinctMap\data\2016\20161108__ia__general__precinct.csv,23824
Franklin,Hamilton / Lee / Reeve,FRANKLIN - HAMILTON/LEE/REEVE,election_geometry_exact,1.0,C:\Users\Shama\OneDrive\Documents\Side_Projects\Side_Projects\IAPrecinctMap\data\2016\20161108__ia__general__precinct.csv,23862
Franklin,Hampton 1,FRANKLIN - HAMPTON 1,election_geometry_exact,1.0,C:\Users\Shama\OneDrive\Documents\Side_Projects\Side_Projects\IAPrecinctMap\data\2016\20161108__ia__general__precinct.csv,23900
Franklin,Hampton 2,FRANKLIN - HAMPTON 2,election_geometry_exact,1.0,C:\Users\Shama\OneDrive\Documents\Side_Projects\Side_Projects\IAPrecinctMap\data\2016\20161108__ia__general__precinct.csv,23938
Franklin,Hampton 3,FRANKLIN - HAMPTON 3,election_geometry_exact,1.0,C:\Users\Shama\OneDrive\Documents\Side_Projects\Side_Projects\IAPrecinctMap\data\2016\20161108__ia__general__precinct.csv,23976
Franklin,Hampton 4,FRANKLIN - HAMPTON 4,election_geometry_exact,1.0,C:\Users\Shama\OneDrive\Documents\Side_Projects\Side_Projects\IAPrecinctMap\data\2016\20161108__ia__general__precinct.csv,24014
Franklin,Marion,FRANKLIN - MARION,election_geometry_exact,1.0,C:\Users\Shama\OneDrive\Documents\Side_Projects\Side_Projects\IAPrecinctMap\data\2016\20161108__ia__general__precinct.csv,24052
Franklin,Oakland / Morgan,FRANKLIN - OAKLAND/MORGAN,election_geometry_exact,1.0,C:\Users\Shama\OneDrive\Documents\Side_Projects\Side_Projects\IAPrecinctMap\data\2016\20161108__ia__general__precinct.csv,24090
Franklin,Richland / Ross / West Fork,FRANKLIN - RICHLAND/ROSS/WEST FORK,election_geometry_exact,1.0,C:\Users\Shama\OneDrive\Documents\Side_Projects\Side_Projects\IAPrecinctMap\data\2016\20161108__ia__general__precinct.csv,24128
Franklin,West Mott,FRANKLIN - WEST MOTT TOWNSHIP,election_geometry_prefix,0.98,C:\Users\Shama\OneDrive\Documents\Side_Projects\Side_Projects\IAPrecinctMap\data\2016\20161108__ia__general__precinct.csv,24166
Franklin,Wisner / Scott,FRANKLIN - WISNER/SCOTT,election_geometry_exact,1.0,C:\Users\Shama\OneDrive\Documents\Side_Projects\Side_Projects\IAPrecinctMap\data\2016\20161108__ia__general__precinct.csv,24204
Fremont,Farragut,FREMONT - FARRAGUT,election_geometry_exact,1.0,C:\Users\Shama\OneDrive\Documents\Side_Projects\Side_Projects\IAPrecinctMap\data\2016\20161108__ia__general__precinct.csv,24242
Fremont,Green/Riverside/Scott,FREMONT - GREEN RIVERSIDE SCOTT,election_geometry_exact,1.0,C:\Users\Shama\OneDrive\Documents\Side_Projects\Side_Projects\IAPrecinctMap\data\2016\20161108__ia__general__precinct.csv,24297
Fremont,Hamburg/Washington,FREMONT - HAMBURG/WASHINGTON,election_geometry_exact,1.0,C:\Users\Shama\OneDrive\Documents\Side_Projects\Side_Projects\IAPrecinctMap\data\2016\20161108__ia__general__precinct.csv,24352
Fremont,Riverton,FREMONT - RIVERTON,election_geometry_exact,1.0,C:\Users\Shama\OneDrive\Documents\Side_Projects\Side_Projects\IAPrecinctMap\data\2016\20161108__ia__general__precinct.csv,24407
Fremont,Sidney,FREMONT - SIDNEY,election_geometry_exact,1.0,C:\Users\Shama\OneDrive\Documents\Side_Projects\Side_Projects\IAPrecinctMap\data\2016\20161108__ia__general__precinct.csv,24462
Greene,Central Precinct,GREENE - CENTRAL PRECINCT,election_geometry_exact,1.0,C:\Users\Shama\OneDrive\Documents\Side_Projects\Side_Projects\IAPrecinctMap\data\2016\20161108__ia__general__precinct.csv,24517
Greene,East Precinct,GREENE - EAST PRECINCT,election_geometry_exact,1.0,C:\Users\Shama\OneDrive\Documents\Side_Projects\Side_Projects\IAPrecinctMap\data\2016\20161108__ia__general__precinct.csv,24563
Greene,Jefferson 1 Precinct,GREENE - JEFFERSON 1 PRECINCT,election_geometry_exact,1.0,C:\Users\Shama\OneDrive\Documents\Side_Projects\Side_Projects\IAPrecinctMap\data\2016\20161108__ia__general__precinct.csv,24609
Greene,Jefferson 2 Precinct,GREENE - JEFFERSON 2 PRECINCT,election_geometry_exact,1.0,C:\Users\Shama\OneDrive\Documents\Side_Projects\Side_Projects\IAPrecinctMap\data\2016\20161108__ia__general__precinct.csv,24655
Greene,Jefferson 3 Precinct,GREENE - JEFFERSON 3 PRECINCT,election_geometry_exact,1.0,C:\Users\Shama\OneDrive\Documents\Side_Projects\Side_Projects\IAPrecinctMap\data\2016\20161108__ia__general__precinct.csv,24701
Greene,North Precinct,GREENE - NORTH PRECINCT,election_geometry_exact,1.0,C:\Users\Shama\OneDrive\Documents\Side_Projects\Side_Projects\IAPrecinctMap\data\2016\20161108__ia__general__precinct.csv,24747
Greene,West Precinct,GREENE - WEST PRECINCT,election_geometry_exact,1.0,C:\Users\Shama\OneDrive\Documents\Side_Projects\Side_Projects\IAPrecinctMap\data\2016\20161108__ia__general__precinct.csv,24793
Grundy,PRECINCT 1,GRUNDY - PRECINCT 1,election_geometry_exact,1.0,C:\Users\Shama\OneDrive\Documents\Side_Projects\Side_Projects\IAPrecinctMap\data\2016\20161108__ia__general__precinct.csv,24839
Grundy,PRECINCT 2,GRUNDY - PRECINCT 2,election_geometry_exact,1.0,C:\Users\Shama\OneDrive\Documents\Side_Projects\Side_Projects\IAPrecinctMap\data\2016\20161108__ia__general__precinct.csv,24890
Grundy,PRECINCT 3,GRUNDY - PRECINCT 3,election_geometry_exact,1.0,C:\Users\Shama\OneDrive\Documents\Side_Projects\Side_Projects\IAPrecinctMap\data\2016\20161108__ia__general__precinct.csv,24941
Grundy,PRECINCT 4,GRUNDY - PRECINCT 4,election_geometry_exact,1.0,C:\Users\Shama\OneDrive\Documents\Side_Projects\Side_Projects\IAPrecinctMap\data\2016\20161108__ia__general__precinct.csv,24992
Grundy,PRECINCT 5,GRUNDY - PRECINCT 5,election_geometry_exact,1.0,C:\Users\Shama\OneDrive\Documents\Side_Projects\Side_Projects\IAPrecinctMap\data\2016\20161108__ia__general__precinct.csv,25043
Grundy,PRECINCT 6,GRUNDY - PRECINCT 6,election_geometry_exact,1.0,C:\Users\Shama\OneDrive\Documents\Side_Projects\Side_Projects\IAPrecinctMap\data\2016\20161108__ia__general__precinct.csv,25094
Grundy,PRECINCT 7,GRUNDY - PRECINCT 7,election_geometry_exact,1.0,C:\Users\Shama\OneDrive\Documents\Side_Projects\Side_Projects\IAPrecinctMap\data\2016\20161108__ia__general__precinct.csv,25145
Guthrie,BLACK PRECINCT,GUTHRIE - BLACK,election_geometry_exact,1.0,C:\Users\Shama\OneDrive\Documents\Side_Projects\Side_Projects\IAPrecinctMap\data\2016\20161108__ia__general__precinct.csv,25196
Guthrie,BLUE PRECINCT,GUTHRIE - BLUE,election_geometry_exact,1.0,C:\Users\Shama\OneDrive\Documents\Side_Projects\Side_Projects\IAPrecinctMap\data\2016\20161108__ia__general__precinct.csv,25247
Guthrie,BROWN PRECINCT,GUTHRIE - BROWN,election_geometry_exact,1.0,C:\Users\Shama\OneDrive\Documents\Side_Projects\Side_Projects\IAPrecinctMap\data\2016\20161108__ia__general__precinct.csv,25298
Guthrie,GOLD PRECINCT,GUTHRIE - GOLD,election_geometry_exact,1.0,C:\Users\Shama\OneDrive\Documents\Side_Projects\Side_Projects\IAPrecinctMap\data\2016\20161108__ia__general__precinct.csv,25349
Guthrie,GREEN PRECINCT,GUTHRIE - GREEN,election_geometry_exact,1.0,C:\Users\Shama\OneDrive\Documents\Side_Projects\Side_Projects\IAPrecinctMap\data\2016\20161108__ia__general__precinct.csv,25400
Guthrie,PURPLE PRECINCT,GUTHRIE - PURPLE,election_geometry_exact,1.0,C:\Users\Shama\OneDrive\Documents\Side_Projects\Side_Projects\IAPrecinctMap\data\2016\20161108__ia__general__precinct.csv,25451
Guthrie,RED PRECINCT - BAYARD/HIGHLAND/ORANGE,GUTHRIE - RED,election_geometry_prefix,0.98,C:\Users\Shama\OneDrive\Documents\Side_Projects\Side_Projects\IAPrecinctMap\data\2016\20161108__ia__general__precinct.csv,25502
Guthrie,WHITE PRECINCT,GUTHRIE - WHITE,election_geometry_exact,1.0,C:\Users\Shama\OneDrive\Documents\Side_Projects\Side_Projects\IAPrecinctMap\data\2016\20161108__ia__general__precinct.csv,25553
Hamilton,Precinct 1,HAMILTON - PCT 1 CASS FREEDOM FREMONT INDEPENDENCE,election_geometry_prefix,0.98,C:\Users\Shama\OneDrive\Documents\Side_Projects\Side_Projects\IAPrecinctMap\data\2016\20161108__ia__general__precinct.csv,25604
Hamilton,Precinct 2,HAMILTON - PCT 2 BLAIRSBURG LIBERTY WILLIAMS,election_geometry_prefix,0.98,C:\Users\Shama\OneDrive\Documents\Side_Projects\Side_Projects\IAPrecinctMap\data\2016\20161108__ia__general__precinct.csv,25650
Hamilton,Precinct 3,HAMILTON - PCT 3 CLEAR LAKE HAMILTON MARION WEBSTER,election_geometry_prefix,0.98,C:\Users\Shama\OneDrive\Documents\Side_Projects\Side_Projects\IAPrecinctMap\data\2016\20161108__ia__general__precinct.csv,25696
Hamilton,Precinct 4,HAMILTON - PCT 4 LYON ELLSWORTH,election_geometry_prefix,0.98,C:\Users\Shama\OneDrive\Documents\Side_Projects\Side_Projects\IAPrecinctMap\data\2016\20161108__ia__general__precinct.csv,25742
Hamilton,Precinct 5,HAMILTON - PCT 5 LINCOLN ROSE GROVE SCOTT,election_geometry_prefix,0.98,C:\Users\Shama\OneDrive\Documents\Side_Projects\Side_Projects\IAPrecinctMap\data\2016\20161108__ia__general__precinct.csv,25788
Hamilton,Webster City 1,HAMILTON - WEBSTER CITY 1,election_geometry_exact,1.0,C:\Users\Shama\OneDrive\Documents\Side_Projects\Side_Projects\IAPrecinctMap\data\2016\20161108__ia__general__precinct.csv,25834
Hamilton,Webster City 2,HAMILTON - WEBSTER CITY 2,election_geometry_exact,1.0,C:\Users\Shama\OneDrive\Documents\Side_Projects\Side_Projects\IAPrecinctMap\data\2016\20161108__ia__general__precinct.csv,25880
Hamilton,Webster City 3/Cass,HAMILTON - WEBSTER CITY 3,election_geometry_prefix,0.98,C:\Users\Shama\OneDrive\Documents\Side_Projects\Side_Projects\IAPrecinctMap\data\2016\20161108__ia__general__precinct.csv,25926
Hancock,Precinct #1,HANCOCK - PRECINCT 10,election_geometry_prefix,0.98,C:\Users\Shama\OneDrive\Documents\Side_Projects\Side_Projects\IAPrecinctMap\data\2016\20161108__ia__general__precinct.csv,25972
Hancock,Precinct #10,HANCOCK - PRECINCT 10,election_geometry_exact,1.0,C:\Users\Shama\OneDrive\Documents\Side_Projects\Side_Projects\IAPrecinctMap\data\2016\20161108__ia__general__precinct.csv,26014
Hancock,Precinct #2,,election_geometry_ambiguous,0.6666666666666666,C:\Users\Shama\OneDrive\Documents\Side_Projects\Side_Projects\IAPrecinctMap\data\2016\20161108__ia__general__precinct.csv,26056
Hancock,Precinct #3,,election_geometry_ambiguous,0.6666666666666666,C:\Users\Shama\OneDrive\Documents\Side_Projects\Side_Projects\IAPrecinctMap\data\2016\20161108__ia__general__precinct.csv,26098
Hancock,Precinct #4,,election_geometry_ambiguous,0.6666666666666666,C:\Users\Shama\OneDrive\Documents\Side_Projects\Side_Projects\IAPrecinctMap\data\2016\20161108__ia__general__precinct.csv,26140
Hancock,Precinct #5,,election_geometry_ambiguous,0.6666666666666666,C:\Users\Shama\OneDrive\Documents\Side_Projects\Side_Projects\IAPrecinctMap\data\2016\20161108__ia__general__precinct.csv,26182
Hancock,Precinct #6,,election_geometry_ambiguous,0.6666666666666666,C:\Users\Shama\OneDrive\Documents\Side_Projects\Side_Projects\IAPrecinctMap\data\2016\20161108__ia__general__precinct.csv,26224
Hancock,Precinct #7,,election_geometry_ambiguous,0.6666666666666666,C:\Users\Shama\OneDrive\Documents\Side_Projects\Side_Projects\IAPrecinctMap\data\2016\20161108__ia__general__precinct.csv,26266
Hancock,Precinct #8,,election_geometry_ambiguous,0.6666666666666666,C:\Users\Shama\OneDrive\Documents\Side_Projects\Side_Projects\IAPrecinctMap\data\2016\20161108__ia__general__precinct.csv,26308
Hancock,Precinct #9,,election_geometry_ambiguous,0.6666666666666666,C:\Users\Shama\OneDrive\Documents\Side_Projects\Side_Projects\IAPrecinctMap\data\2016\20161108__ia__general__precinct.csv,26350
Hardin,Alden/Buckeye,HARDIN - ALDEN/BUCKEYE,election_geometry_exact,1.0,C:\Users\Shama\OneDrive\Documents\Side_Projects\Side_Projects\IAPrecinctMap\data\2016\20161108__ia__general__precinct.csv,26392
Hardin,Concord/Sherman/Grant/Tipton,HARDIN - CONCORD/SHERMAN/GRANT/TIPTON,election_geometry_exact,1.0,C:\Users\Shama\OneDrive\Documents\Side_Projects\Side_Projects\IAPrecinctMap\data\2016\20161108__ia__general__precinct.csv,26435
Hardin,Eldora City,HARDIN - ELDORA CITY,election_geometry_exact,1.0,C:\Users\Shama\OneDrive\Documents\Side_Projects\Side_Projects\IAPrecinctMap\data\2016\20161108__ia__general__precinct.csv,26480
Hardin,Eldora/Pleasant/Providence/Union,HARDIN - ELDORA/PLEASANT/PROVIDENCE/UNION,election_geometry_exact,1.0,C:\Users\Shama\OneDrive\Documents\Side_Projects\Side_Projects\IAPrecinctMap\data\2016\20161108__ia__general__precinct.csv,26525
Hardin,Etna/Clay,HARDIN - ETNA/CLAY,election_geometry_exact,1.0,C:\Users\Shama\OneDrive\Documents\Side_Projects\Side_Projects\IAPrecinctMap\data\2016\20161108__ia__general__precinct.csv,26570
Hardin,Hardin/Ellis/Jackson,HARDIN - HARDIN/ELLIS/JACKSON,election_geometry_exact,1.0,C:\Users\Shama\OneDrive\Documents\Side_Projects\Side_Projects\IAPrecinctMap\data\2016\20161108__ia__general__precinct.csv,26613
Hardin,Iowa Falls #1,HARDIN - IOWA FALLS #1,election_geometry_exact,1.0,C:\Users\Shama\OneDrive\Documents\Side_Projects\Side_Projects\IAPrecinctMap\data\2016\20161108__ia__general__precinct.csv,26656
Hardin,Iowa Falls #2,HARDIN - IOWA FALLS #2,election_geometry_exact,1.0,C:\Users\Shama\OneDrive\Documents\Side_Projects\Side_Projects\IAPrecinctMap\data\2016\20161108__ia__general__precinct.csv,26699
Harrison,Precinct #1,,election_geometry_ambiguous,0.2222222222222222,C:\Users\Shama\OneDrive\Documents\Side_Projects\Side_Projects\IAPrecinctMap\data\2016\20161108__ia__general__precinct.csv,26742
Harrison,Precinct #10 - Logan,HARRISON - PRECINCT #10 LOGAN,election_geometry_exact,1.0,C:\Users\Shama\OneDrive\Documents\Side_Projects\Side_Projects\IAPrecinctMap\data\2016\20161108__ia__general__precinct.csv,26791
Harrison,Precinct #11 - St John,HARRISON - PRECINCT #11 ST JOHN,election_geometry_exact,1.0,C:\Users\Shama\OneDrive\Documents\Side_Projects\Side_Projects\IAPrecinctMap\data\2016\20161108__ia__general__precinct.csv,26839
Harrison,Precinct #12 - Missouri Valley,HARRISON - PRECINCT #12 MISSOURI VALLEY,election_geometry_exact,1.0,C:\Users\Shama\OneDrive\Documents\Side_Projects\Side_Projects\IAPrecinctMap\data\2016\20161108__ia__general__precinct.csv,26888
Harrison,Precinct #13,HARRISON - PRECINCT #13 PERSIA,election_geometry_prefix,0.98,C:\Users\Shama\OneDrive\Documents\Side_Projects\Side_Projects\IAPrecinctMap\data\2016\20161108__ia__general__precinct.csv,26937
Harrison,Precinct #2,,election_geometry_ambiguous,0.2,C:\Users\Shama\OneDrive\Documents\Side_Projects\Side_Projects\IAPrecinctMap\data\2016\20161108__ia__general__precinct.csv,26985
Harrison,Precinct #3,,election_geometry_ambiguous,0.2,C:\Users\Shama\OneDrive\Documents\Side_Projects\Side_Projects\IAPrecinctMap\data\2016\20161108__ia__general__precinct.csv,27034
Harrison,Precinct #4,,election_geometry_ambiguous,0.16666666666666666,C:\Users\Shama\OneDrive\Documents\Side_Projects\Side_Projects\IAPrecinctMap\data\2016\20161108__ia__general__precinct.csv,27082
Harrison,Precinct #5,,election_geometry_ambiguous,0.16666666666666666,C:\Users\Shama\OneDrive\Documents\Side_Projects\Side_Projects\IAPrecinctMap\data\2016\20161108__ia__general__precinct.csv,27131
Harrison,Precinct #6,,election_geometry_ambiguous,0.11764705882352941,C:\Users\Shama\OneDrive\Documents\Side_Projects\Side_Projects\IAPrecinctMap\data\2016\20161108__ia__general__precinct.csv,27180
Harrison,Precinct #7 - Woodbine,HARRISON - PRECINCT #07 WOODBINE,election_geometry_fuzzy,0.9523809523809523,C:\Users\Shama\OneDrive\Documents\Side_Projects\Side_Projects\IAPrecinctMap\data\2016\20161108__ia__general__precinct.csv,27229
Harrison,Precinct #8,,election_geometry_ambiguous,0.2,C:\Users\Shama\OneDrive\Documents\Side_Projects\Side_Projects\IAPrecinctMap\data\2016\20161108__ia__general__precinct.csv,27278
Harrison,Precinct #9,,election_geometry_ambiguous,0.09090909090909091,C:\Users\Shama\OneDrive\Documents\Side_Projects\Side_Projects\IAPrecinctMap\data\2016\20161108__ia__general__precinct.csv,27327
Henry,Central Precinct,HENRY - CENTRAL PRECINCT,election_geometry_exact,1.0,C:\Users\Shama\OneDrive\Documents\Side_Projects\Side_Projects\IAPrecinctMap\data\2016\20161108__ia__general__precinct.csv,27375
Henry,Mt Pleasant Ward 1,HENRY - MT. PLEASANT,election_geometry_prefix,0.98,C:\Users\Shama\OneDrive\Documents\Side_Projects\Side_Projects\IAPrecinctMap\data\2016\20161108__ia__general__precinct.csv,27417
Henry,Mt Pleasant Ward 2,HENRY - MT. PLEASANT,election_geometry_prefix,0.98,C:\Users\Shama\OneDrive\Documents\Side_Projects\Side_Projects\IAPrecinctMap\data\2016\20161108__ia__general__precinct.csv,27459
Henry,Mt Pleasant Ward 3,HENRY - MT. PLEASANT,election_geometry_prefix,0.98,C:\Users\Shama\OneDrive\Documents\Side_Projects\Side_Projects\IAPrecinctMap\data\2016\20161108__ia__general__precinct.csv,27501
Henry,Mt Pleasant Ward 4,HENRY - MT. PLEASANT,election_geometry_prefix,0.98,C:\Users\Shama\OneDrive\Documents\Side_Projects\Side_Projects\IAPrecinctMap\data\2016\20161108__ia__general__precinct.csv,27543
Henry,Northeast Precinct,HENRY - NORTHEAST PRECINCT,election_geometry_exact,1.0,C:\Users\Shama\OneDrive\Documents\Side_Projects\Side_Projects\IAPrecinctMap\data\2016\20161108__ia__general__precinct.csv,27585
Henry,Northwest Precinct,HENRY - NORTHWEST PRECINCT,election_geometry_exact,1.0,C:\Users\Shama\OneDrive\Documents\Side_Projects\Side_Projects\IAPrecinctMap\data\2016\20161108__ia__general__precinct.csv,27627
Henry,Southeast Precinct,HENRY - SOUTHEAST PRECINCT,election_geometry_exact,1.0,C:\Users\Shama\OneDrive\Documents\Side_Projects\Side_Projects\IAPrecinctMap\data\2016\20161108__ia__general__precinct.csv,27669
Henry,Southwest Precinct,HENRY - SOUTHWEST PRECINCT,election_geometry_exact,1.0,C:\Users\Shama\OneDrive\Documents\Side_Projects\Side_Projects\IAPrecinctMap\data\2016\20161108__ia__general__precinct.csv,27711
Howard,Afton/Howard/Paris,HOWARD - AFTON/HOWARD/PARIS,election_geometry_exact,1.0,C:\Users\Shama\OneDrive\Documents\Side_Projects\Side_Projects\IAPrecinctMap\data\2016\20161108__ia__general__precinct.csv,27753
Howard,Albion/Forest City,HOWARD - ALBION/FOREST CITY,election_geometry_exact,1.0,C:\Users\Shama\OneDrive\Documents\Side_Projects\Side_Projects\IAPrecinctMap\data\2016\20161108__ia__general__precinct.csv,27807
Howard,Cresco 1A,,election_geometry_ambiguous,0.4666666666666667,C:\Users\Shama\OneDrive\Documents\Side_Projects\Side_Projects\IAPrecinctMap\data\2016\20161108__ia__general__precinct.csv,27861
Howard,Cresco 2,,election_geometry_ambiguous,0.4827586206896552,C:\Users\Shama\OneDrive\Documents\Side_Projects\Side_Projects\IAPrecinctMap\data\2016\20161108__ia__general__precinct.csv,27915
Howard,Cresco 3,,election_geometry_ambiguous,0.4827586206896552,C:\Users\Shama\OneDrive\Documents\Side_Projects\Side_Projects\IAPrecinctMap\data\2016\20161108__ia__general__precinct.csv,27969
Howard,New Oregon,HOWARD - NEW OREGON,election_geometry_exact,1.0,C:\Users\Shama\OneDrive\Documents\Side_Projects\Side_Projects\IAPrecinctMap\data\2016\20161108__ia__general__precinct.csv,28023
Howard,Riceville/Jamestown,,election_geometry_ambiguous,0.5,C:\Users\Shama\OneDrive\Documents\Side_Projects\Side_Projects\IAPrecinctMap\data\2016\20161108__ia__general__precinct.csv,28077
Howard,Saratoga/Howard Center,,election_geometry_ambiguous,0.8571428571428571,C:\Users\Shama\OneDrive\Documents\Side_Projects\Side_Projects\IAPrecinctMap\data\2016\20161108__ia__general__precinct.csv,28131
Howard,Vernon Springs,,election_geometry_ambiguous,0.8,C:\Users\Shama\OneDrive\Documents\Side_Projects\Side_Projects\IAPrecinctMap\data\2016\20161108__ia__general__precinct.csv,28185
Humboldt,Avery-North Weaver,HUMBOLDT - AVERY-NORTH WEAVER,election_geometry_exact,1.0,C:\Users\Shama\OneDrive\Documents\Side_Projects\Side_Projects\IAPrecinctMap\data\2016\20161108__ia__general__precinct.csv,28239
Humboldt,Dakota City-Grove,HUMBOLDT - DAKOTA CITY-GROVE,election_geometry_exact,1.0,C:\Users\Shama\OneDrive\Documents\Side_Projects\Side_Projects\IAPrecinctMap\data\2016\20161108__ia__general__precinct.csv,28281
Humboldt,Delana-Wacousta-North Rutland,HUMBOLDT - DELANA-WACOUSTA-NORTH RUTLAND,election_geometry_exact,1.0,C:\Users\Shama\OneDrive\Documents\Side_Projects\Side_Projects\IAPrecinctMap\data\2016\20161108__ia__general__precinct.csv,28323
Humboldt,Humboldt 1-Corinth-S. Weaver,HUMBOLDT - HUMBOLDT 1-CORINTH-SOUTH WEAVER,election_geometry_fuzzy,0.9310344827586207,C:\Users\Shama\OneDrive\Documents\Side_Projects\Side_Projects\IAPrecinctMap\data\2016\20161108__ia__general__precinct.csv,28365
Humboldt,Humboldt 2-Beaver-South Norway,HUMBOLDT - HUMBOLDT 2-BEAVER-SOUTH NORWAY,election_geometry_exact,1.0,C:\Users\Shama\OneDrive\Documents\Side_Projects\Side_Projects\IAPrecinctMap\data\2016\20161108__ia__general__precinct.csv,28407
Humboldt,Humboldt 3-South Rutland,HUMBOLDT - HUMBOLDT 3-SOUTH RUTLAND,election_geometry_exact,1.0,C:\Users\Shama\OneDrive\Documents\Side_Projects\Side_Projects\IAPrecinctMap\data\2016\20161108__ia__general__precinct.csv,28449
Humboldt,Humboldt-West Vernon,HUMBOLDT - HUMBOLDT-WEST VERNON,election_geometry_exact,1.0,C:\Users\Shama\OneDrive\Documents\Side_Projects\Side_Projects\IAPrecinctMap\data\2016\20161108__ia__general__precinct.csv,28491
Humboldt,North Lake-East Vernon,HUMBOLDT - NORTH LAKE-EAST VERNON,election_geometry_exact,1.0,C:\Users\Shama\OneDrive\Documents\Side_Projects\Side_Projects\IAPrecinctMap\data\2016\20161108__ia__general__precinct.csv,28533
Humboldt,South Lake-North Norway,HUMBOLDT - SOUTH LAKE-NORTH NORWAY,election_geometry_exact,1.0,C:\Users\Shama\OneDrive\Documents\Side_Projects\Side_Projects\IAPrecinctMap\data\2016\20161108__ia__general__precinct.csv,28575
Ida,City of Arthur,IDA - CITY OF ARTHUR,election_geometry_exact,1.0,C:\Users\Shama\OneDrive\Documents\Side_Projects\Side_Projects\IAPrecinctMap\data\2016\20161108__ia__general__precinct.csv,28617
Ida,City of Battle Creek and Grant Twp,IDA - CITY OF BATTLE CREEK & GRANT TWP,election_geometry_exact,1.0,C:\Users\Shama\OneDrive\Documents\Side_Projects\Side_Projects\IAPrecinctMap\data\2016\20161108__ia__general__precinct.csv,28662
Ida,City of Galva,IDA - CITY OF GALVA,election_geometry_exact,1.0,C:\Users\Shama\OneDrive\Documents\Side_Projects\Side_Projects\IAPrecinctMap\data\2016\20161108__ia__general__precinct.csv,28707
Ida,City of Holstein,IDA - CITY OF HOLSTEIN,election_geometry_exact,1.0,C:\Users\Shama\OneDrive\Documents\Side_Projects\Side_Projects\IAPrecinctMap\data\2016\20161108__ia__general__precinct.csv,28752
Ida,Ida Grove Ward 1,IDA - IDA GROVE WARD 1,election_geometry_exact,1.0,C:\Users\Shama\OneDrive\Documents\Side_Projects\Side_Projects\IAPrecinctMap\data\2016\20161108__ia__general__precinct.csv,28797
Ida,Ida Grove Ward 2,IDA - IDA GROVE WARD 2,election_geometry_exact,1.0,C:\Users\Shama\OneDrive\Documents\Side_Projects\Side_Projects\IAPrecinctMap\data\2016\20161108__ia__general__precinct.csv,28842
Ida,Ida Grove Ward 3,IDA - IDA GROVE WARD 3,election_geometry_exact,1.0,C:\Users\Shama\OneDrive\Documents\Side_Projects\Side_Projects\IAPrecinctMap\data\2016\20161108__ia__general__precinct.csv,28887
Iowa,Dayton / English I,IOWA - DAYTON/ENGLISH I,election_geometry_exact,1.0,C:\Users\Shama\OneDrive\Documents\Side_Projects\Side_Projects\IAPrecinctMap\data\2016\20161108__ia__general__precinct.csv,28932
Iowa,English II,IOWA - ENGLISH II,election_geometry_exact,1.0,C:\Users\Shama\OneDrive\Documents\Side_Projects\Side_Projects\IAPrecinctMap\data\2016\20161108__ia__general__precinct.csv,28989
Iowa,Fillmore / Greene,IOWA - FILLMORE/GREENE,election_geometry_exact,1.0,C:\Users\Shama\OneDrive\Documents\Side_Projects\Side_Projects\IAPrecinctMap\data\2016\20161108__ia__general__precinct.csv,29046
Iowa,Hartford I / Sumner,IOWA - HARTFORD I/SUMNER,election_geometry_exact,1.0,C:\Users\Shama\OneDrive\Documents\Side_Projects\Side_Projects\IAPrecinctMap\data\2016\20161108__ia__general__precinct.csv,29103
Iowa,Hartford II / Lincoln,IOWA - HARTFORD II/LINCOLN,election_geometry_exact,1.0,C:\Users\Shama\OneDrive\Documents\Side_Projects\Side_Projects\IAPrecinctMap\data\2016\20161108__ia__general__precinct.csv,29160
Iowa,Hilton / Washington,IOWA - HILTON/WASHINGTON,election_geometry_exact,1.0,C:\Users\Shama\OneDrive\Documents\Side_Projects\Side_Projects\IAPrecinctMap\data\2016\20161108__ia__general__precinct.csv,29217
Iowa,Honey Creek / Marengo Rural,IOWA - HONEY CREEK/MARENGO RURAL,election_geometry_exact,1.0,C:\Users\Shama\OneDrive\Documents\Side_Projects\Side_Projects\IAPrecinctMap\data\2016\20161108__ia__general__precinct.csv,29274
Iowa,Lenox / Iowa,IOWA - LENOX/IOWA,election_geometry_exact,1.0,C:\Users\Shama\OneDrive\Documents\Side_Projects\Side_Projects\IAPrecinctMap\data\2016\20161108__ia__general__precinct.csv,29331
Iowa,Marengo City,IOWA - MARENGO CITY,election_geometry_exact,1.0,C:\Users\Shama\OneDrive\Documents\Side_Projects\Side_Projects\IAPrecinctMap\data\2016\20161108__ia__general__precinct.csv,29388
Iowa,Pilot / Troy / York,IOWA - PILOT/TROY/YORK,election_geometry_exact,1.0,C:\Users\Shama\OneDrive\Documents\Side_Projects\Side_Projects\IAPrecinctMap\data\2016\20161108__ia__general__precinct.csv,29445
Iowa,Williamsburg,IOWA - WILLIAMSBURG,election_geometry_exact,1.0,C:\Users\Shama\OneDrive\Documents\Side_Projects\Side_Projects\IAPrecinctMap\data\2016\20161108__ia__general__precinct.csv,29502
Jackson,Andrew City Hall - Pct 6,,election_geometry_ambiguous,0.2857142857142857,C:\Users\Shama\OneDrive\Documents\Side_Projects\Side_Projects\IAPrecinctMap\data\2016\20161108__ia__general__precinct.csv,29559
Jackson,Bellevue Community Center - Pct 1,,election_geometry_ambiguous,0.2702702702702703,C:\Users\Shama\OneDrive\Documents\Side_Projects\Side_Projects\IAPrecinctMap\data\2016\20161108__ia__general__precinct.csv,29604
Jackson,Courthouse Courtroom - Pct 7,,election_geometry_ambiguous,0.25,C:\Users\Shama\OneDrive\Documents\Side_Projects\Side_Projects\IAPrecinctMap\data\2016\20161108__ia__general__precinct.csv,29649
Jackson,Courthouse North Lobby - Pct 15,,election_geometry_ambiguous,0.34285714285714286,C:\Users\Shama\OneDrive\Documents\Side_Projects\Side_Projects\IAPrecinctMap\data\2016\20161108__ia__general__precinct.csv,29694
Jackson,LaMotte Recreation Center - Pct 3,,election_geometry_ambiguous,0.32432432432432434,C:\Users\Shama\OneDrive\Documents\Side_Projects\Side_Projects\IAPrecinctMap\data\2016\20161108__ia__general__precinct.csv,29739
Jackson,Maquoketa City Hall - Pct 14,,election_geometry_ambiguous,0.3125,C:\Users\Shama\OneDrive\Documents\Side_Projects\Side_Projects\IAPrecinctMap\data\2016\20161108__ia__general__precinct.csv,29784
Jackson,Maquoketa Fire Station - Pct 16,,election_geometry_ambiguous,0.45714285714285713,C:\Users\Shama\OneDrive\Documents\Side_Projects\Side_Projects\IAPrecinctMap\data\2016\20161108__ia__general__precinct.csv,29829
Jackson,Miles City Hall - Pct 10,,election_geometry_ambiguous,0.2857142857142857,C:\Users\Shama\OneDrive\Documents\Side_Projects\Side_Projects\IAPrecinctMap\data\2016\20161108__ia__general__precinct.csv,29874
Jackson,Monmouth City Hall - Pct 5,,election_geometry_ambiguous,0.26666666666666666,C:\Users\Shama\OneDrive\Documents\Side_Projects\Side_Projects\IAPrecinctMap\data\2016\20161108__ia__general__precinct.csv,29919
Jackson,Preston Community Hall - Pct 9,,election_geometry_ambiguous,0.29411764705882354,C:\Users\Shama\OneDrive\Documents\Side_Projects\Side_Projects\IAPrecinctMap\data\2016\20161108__ia__general__precinct.csv,29964
Jackson,Sabula City Hall - Pct 11,,election_geometry_ambiguous,0.27586206896551724,C:\Users\Shama\OneDrive\Documents\Side_Projects\Side_Projects\IAPrecinctMap\data\2016\20161108__ia__general__precinct.csv,30009
Jackson,Senior Citizens Building - Pct 12,,election_geometry_ambiguous,0.2702702702702703,C:\Users\Shama\OneDrive\Documents\Side_Projects\Side_Projects\IAPrecinctMap\data\2016\20161108__ia__general__precinct.csv,30054
Jackson,Skilled Unit Hospital Lobby - Pct 13,,election_geometry_ambiguous,0.25,C:\Users\Shama\OneDrive\Documents\Side_Projects\Side_Projects\IAPrecinctMap\data\2016\20161108__ia__general__precinct.csv,30099
Jackson,Springbrook City Hall - Pct 8,,election_geometry_ambiguous,0.24242424242424243,C:\Users\Shama\OneDrive\Documents\Side_Projects\Side_Projects\IAPrecinctMap\data\2016\20161108__ia__general__precinct.csv,30144
Jackson,St. Donatus City Hall - Pct 2,,election_geometry_ambiguous,0.3125,C:\Users\Shama\OneDrive\Documents\Side_Projects\Side_Projects\IAPrecinctMap\data\2016\20161108__ia__general__precinct.csv,30189
Jackson,St. Lawrence Community Hall - Pct 4,,election_geometry_ambiguous,0.15789473684210525,C:\Users\Shama\OneDrive\Documents\Side_Projects\Side_Projects\IAPrecinctMap\data\2016\20161108__ia__general__precinct.csv,30234
Jasper,CLEAR CREEK/POWESHIEK,JASPER - CLEAR CREEK/POWESHIEK,election_geometry_exact,1.0,C:\Users\Shama\OneDrive\Documents\Side_Projects\Side_Projects\IAPrecinctMap\data\2016\20161108__ia__general__precinct.csv,30279
Jasper,COLFAX WARD 1,JASPER - COLFAX WARD 1,election_geometry_exact,1.0,C:\Users\Shama\OneDrive\Documents\Side_Projects\Side_Projects\IAPrecinctMap\data\2016\20161108__ia__general__precinct.csv,30323
Jasper,COLFAX WARD 2,JASPER - COLFAX WARD 2,election_geometry_exact,1.0,C:\Users\Shama\OneDrive\Documents\Side_Projects\Side_Projects\IAPrecinctMap\data\2016\20161108__ia__general__precinct.csv,30367
Jasper,COLFAX WARD 3,JASPER - COLFAX WARD 3,election_geometry_exact,1.0,C:\Users\Shama\OneDrive\Documents\Side_Projects\Side_Projects\IAPrecinctMap\data\2016\20161108__ia__general__precinct.csv,30411
Jasper,DES MOINES,JASPER - DES MOINES,election_geometry_exact,1.0,C:\Users\Shama\OneDrive\Documents\Side_Projects\Side_Projects\IAPrecinctMap\data\2016\20161108__ia__general__precinct.csv,30455
Jasper,ELK CREEK/LYNNGROVE,JASPER - ELK CREEK/LYNNGROVE,election_geometry_exact,1.0,C:\Users\Shama\OneDrive\Documents\Side_Projects\Side_Projects\IAPrecinctMap\data\2016\20161108__ia__general__precinct.csv,30499
Jasper,FAIRVIEW,JASPER - FAIRVIEW,election_geometry_exact,1.0,C:\Users\Shama\OneDrive\Documents\Side_Projects\Side_Projects\IAPrecinctMap\data\2016\20161108__ia__general__precinct.csv,30545
Jasper,HG/K/RC/BV/RL,JASPER - HG/K/RC/BV/RL,election_geometry_exact,1.0,C:\Users\Shama\OneDrive\Documents\Side_Projects\Side_Projects\IAPrecinctMap\data\2016\20161108__ia__general__precinct.csv,30591
Jasper,INDEP/MALAKA/MARIPOSA,JASPER - INDEP/MALAKA/MARIPOSA,election_geometry_exact,1.0,C:\Users\Shama\OneDrive\Documents\Side_Projects\Side_Projects\IAPrecinctMap\data\2016\20161108__ia__general__precinct.csv,30635
Jasper,MOUND PRAIRIE/WASHINGTON,JASPER - MOUND PRAIRIE/WASHINGTON,election_geometry_exact,1.0,C:\Users\Shama\OneDrive\Documents\Side_Projects\Side_Projects\IAPrecinctMap\data\2016\20161108__ia__general__precinct.csv,30679
Jasper,NEWTON 1-1,JASPER - NEWTON 1-1,election_geometry_exact,1.0,C:\Users\Shama\OneDrive\Documents\Side_Projects\Side_Projects\IAPrecinctMap\data\2016\20161108__ia__general__precinct.csv,30723
Jasper,NEWTON 1-2,JASPER - NEWTON 1-2,election_geometry_exact,1.0,C:\Users\Shama\OneDrive\Documents\Side_Projects\Side_Projects\IAPrecinctMap\data\2016\20161108__ia__general__precinct.csv,30767
Jasper,NEWTON 2-1,JASPER - NEWTON 2-1,election_geometry_exact,1.0,C:\Users\Shama\OneDrive\Documents\Side_Projects\Side_Projects\IAPrecinctMap\data\2016\20161108__ia__general__precinct.csv,30811
Jasper,NEWTON 2-2,JASPER - NEWTON 2-2,election_geometry_exact,1.0,C:\Users\Shama\OneDrive\Documents\Side_Projects\Side_Projects\IAPrecinctMap\data\2016\20161108__ia__general__precinct.csv,30855
Jasper,NEWTON 3-1,JASPER - NEWTON 3-1,election_geometry_exact,1.0,C:\Users\Shama\OneDrive\Documents\Side_Projects\Side_Projects\IAPrecinctMap\data\2016\20161108__ia__general__precinct.csv,30899
Jasper,NEWTON 3-2,JASPER - NEWTON 3-2,election_geometry_exact,1.0,C:\Users\Shama\OneDrive\Documents\Side_Projects\Side_Projects\IAPrecinctMap\data\2016\20161108__ia__general__precinct.csv,30943
Jasper,NEWTON 4-1,JASPER - NEWTON 4-1,election_geometry_exact,1.0,C:\Users\Shama\OneDrive\Documents\Side_Projects\Side_Projects\IAPrecinctMap\data\2016\20161108__ia__general__precinct.csv,30993
Jasper,NEWTON 4-2,JASPER - NEWTON 4-2,election_geometry_exact,1.0,C:\Users\Shama\OneDrive\Documents\Side_Projects\Side_Projects\IAPrecinctMap\data\2016\20161108__ia__general__precinct.csv,31037
Jasper,NEWTON/SHERMAN,JASPER - NEWTON/SHERMAN,election_geometry_exact,1.0,C:\Users\Shama\OneDrive\Documents\Side_Projects\Side_Projects\IAPrecinctMap\data\2016\20161108__ia__general__precinct.csv,31081
Jasper,PALO ALTO,JASPER - PALO ALTO,election_geometry_exact,1.0,C:\Users\Shama\OneDrive\Documents\Side_Projects\Side_Projects\IAPrecinctMap\data\2016\20161108__ia__general__precinct.csv,31125
Jefferson,BLACKHAWK-POLK-PACKWOOD,JEFFERSON - BLACK HAWK-POLK-PACKWOOD,election_geometry_prefix,0.98,C:\Users\Shama\OneDrive\Documents\Side_Projects\Side_Projects\IAPrecinctMap\data\2016\20161108__ia__general__precinct.csv,31171
Jefferson,BUCHANAN TOWNSHIP,JEFFERSON - BUCHANAN TOWNSHIP,election_geometry_exact,1.0,C:\Users\Shama\OneDrive\Documents\Side_Projects\Side_Projects\IAPrecinctMap\data\2016\20161108__ia__general__precinct.csv,31213
Jefferson,CENTER-CEDAR-MAHARISHI VEDIC CITY,JEFFERSON - CENTER-CEDAR-MAHARISHI VEDIC CITY,election_geometry_exact,1.0,C:\Users\Shama\OneDrive\Documents\Side_Projects\Side_Projects\IAPrecinctMap\data\2016\20161108__ia__general__precinct.csv,31259
Jefferson,FAIRFIELD 1ST WARD,JEFFERSON - FAIRFIELD 1ST WARD,election_geometry_exact,1.0,C:\Users\Shama\OneDrive\Documents\Side_Projects\Side_Projects\IAPrecinctMap\data\2016\20161108__ia__general__precinct.csv,31301
Jefferson,FAIRFIELD 2ND WARD,JEFFERSON - FAIRFIELD 2ND WARD,election_geometry_exact,1.0,C:\Users\Shama\OneDrive\Documents\Side_Projects\Side_Projects\IAPrecinctMap\data\2016\20161108__ia__general__precinct.csv,31343
Jefferson,FAIRFIELD 3RD WARD,JEFFERSON - FAIRFIELD 3RD WARD,election_geometry_exact,1.0,C:\Users\Shama\OneDrive\Documents\Side_Projects\Side_Projects\IAPrecinctMap\data\2016\20161108__ia__general__precinct.csv,31385
Jefferson,FAIRFIELD 4TH WARD,JEFFERSON - FAIRFIELD 4TH WARD,election_geometry_exact,1.0,C:\Users\Shama\OneDrive\Documents\Side_Projects\Side_Projects\IAPrecinctMap\data\2016\20161108__ia__general__precinct.csv,31427
Jefferson,FAIRFIELD 5TH WARD,JEFFERSON - FAIRFIELD 5TH WARD,election_geometry_exact,1.0,C:\Users\Shama\OneDrive\Documents\Side_Projects\Side_Projects\IAPrecinctMap\data\2016\20161108__ia__general__precinct.csv,31469
Jefferson,LIBERTY-DES MOINES-LIBERTYVILLE,,election_geometry_ambiguous,0.7419354838709677,C:\Users\Shama\OneDrive\Documents\Side_Projects\Side_Projects\IAPrecinctMap\data\2016\20161108__ia__general__precinct.csv,31511
Jefferson,LOCKRIDGE-ROUND PRAIRIE-WALNUT-LOCKRIDGE-COPPOCK,JEFFERSON - LOCKRIDGE-ROUND PRAIRIE-WALNUT-COPPOCK,election_geometry_fuzzy,0.8837209302325582,C:\Users\Shama\OneDrive\Documents\Side_Projects\Side_Projects\IAPrecinctMap\data\2016\20161108__ia__general__precinct.csv,31553
Jefferson,LOCUST GROVE-BATAVIA,JEFFERSON - LOCUST GROVE-BATAVIA,election_geometry_exact,1.0,C:\Users\Shama\OneDrive\Documents\Side_Projects\Side_Projects\IAPrecinctMap\data\2016\20161108__ia__general__precinct.csv,31599
Jefferson,PENN-PLEASANT PLAIN,JEFFERSON - PENN-PLEASANT PLAIN,election_geometry_exact,1.0,C:\Users\Shama\OneDrive\Documents\Side_Projects\Side_Projects\IAPrecinctMap\data\2016\20161108__ia__general__precinct.csv,31641
Johnson,BIG GROVE TOWNSHIP,JOHNSON - BIG GROVE TOWNSHIP,election_geometry_exact,1.0,C:\Users\Shama\OneDrive\Documents\Side_Projects\Side_Projects\IAPrecinctMap\data\2016\20161108__ia__general__precinct.csv,31683
Johnson,CEDAR TOWNSHIP,JOHNSON - CEDAR TOWNSHIP,election_geometry_exact,1.0,C:\Users\Shama\OneDrive\Documents\Side_Projects\Side_Projects\IAPrecinctMap\data\2016\20161108__ia__general__precinct.csv,31735
Johnson,CLEAR CREEK/TIFFIN,JOHNSON - CLEAR CREEK/TIFFIN,election_geometry_exact,1.0,C:\Users\Shama\OneDrive\Documents\Side_Projects\Side_Projects\IAPrecinctMap\data\2016\20161108__ia__general__precinct.csv,31787
Johnson,CORALVILLE 01,JOHNSON - CORALVILLE 01,election_geometry_exact,1.0,C:\Users\Shama\OneDrive\Documents\Side_Projects\Side_Projects\IAPrecinctMap\data\2016\20161108__ia__general__precinct.csv,31840
Johnson,CORALVILLE 02,JOHNSON - CORALVILLE 02,election_geometry_exact,1.0,C:\Users\Shama\OneDrive\Documents\Side_Projects\Side_Projects\IAPrecinctMap\data\2016\20161108__ia__general__precinct.csv,31892
Johnson,CORALVILLE 03,JOHNSON - CORALVILLE 03,election_geometry_exact,1.0,C:\Users\Shama\OneDrive\Documents\Side_Projects\Side_Projects\IAPrecinctMap\data\2016\20161108__ia__general__precinct.csv,31944
Johnson,CORALVILLE 04,JOHNSON - CORALVILLE 04,election_geometry_exact,1.0,C:\Users\Shama\OneDrive\Documents\Side_Projects\Side_Projects\IAPrecinctMap\data\2016\20161108__ia__general__precinct.csv,31996
Johnson,CORALVILLE 05,JOHNSON - CORALVILLE 05,election_geometry_exact,1.0,C:\Users\Shama\OneDrive\Documents\Side_Projects\Side_Projects\IAPrecinctMap\data\2016\20161108__ia__general__precinct.csv,32048
Johnson,CORALVILLE 06,JOHNSON - CORALVILLE 06,election_geometry_exact,1.0,C:\Users\Shama\OneDrive\Documents\Side_Projects\Side_Projects\IAPrecinctMap\data\2016\20161108__ia__general__precinct.csv,32100
Johnson,CORALVILLE 07,JOHNSON - CORALVILLE 07,election_geometry_exact,1.0,C:\Users\Shama\OneDrive\Documents\Side_Projects\Side_Projects\IAPrecinctMap\data\2016\20161108__ia__general__precinct.csv,32152
Johnson,FREMONT-LINCOLN (INCLUDES,JOHNSON - FREMONT-LINCOLN,election_geometry_prefix,0.98,C:\Users\Shama\OneDrive\Documents\Side_Projects\Side_Projects\IAPrecinctMap\data\2016\20161108__ia__general__precinct.csv,32204
Johnson,GRAHAM TOWNSHIP,JOHNSON - GRAHAM TOWNSHIP,election_geometry_exact,1.0,C:\Users\Shama\OneDrive\Documents\Side_Projects\Side_Projects\IAPrecinctMap\data\2016\20161108__ia__general__precinct.csv,32257
Johnson,HARDIN TOWNSHIP,JOHNSON - HARDIN TOWNSHIP,election_geometry_exact,1.0,C:\Users\Shama\OneDrive\Documents\Side_Projects\Side_Projects\IAPrecinctMap\data\2016\20161108__ia__general__precinct.csv,32309
Johnson,HILLS,JOHNSON - HILLS,election_geometry_exact,1.0,C:\Users\Shama\OneDrive\Documents\Side_Projects\Side_Projects\IAPrecinctMap\data\2016\20161108__ia__general__precinct.csv,32362
Johnson,IC 10/ELSW,,election_geometry_ambiguous,0.7407407407407407,C:\Users\Shama\OneDrive\Documents\Side_Projects\Side_Projects\IAPrecinctMap\data\2016\20161108__ia__general__precinct.csv,32417
Johnson,IC 12/EAST LUCAS SE,,election_geometry_ambiguous,0.6,C:\Users\Shama\OneDrive\Documents\Side_Projects\Side_Projects\IAPrecinctMap\data\2016\20161108__ia__general__precinct.csv,32469
Johnson,IOWA CITY 01,JOHNSON - IOWA CITY 01,election_geometry_exact,1.0,C:\Users\Shama\OneDrive\Documents\Side_Projects\Side_Projects\IAPrecinctMap\data\2016\20161108__ia__general__precinct.csv,32521
Johnson,IOWA CITY 02,JOHNSON - IOWA CITY 02,election_geometry_exact,1.0,C:\Users\Shama\OneDrive\Documents\Side_Projects\Side_Projects\IAPrecinctMap\data\2016\20161108__ia__general__precinct.csv,32573
Johnson,IOWA CITY 03,JOHNSON - IOWA CITY 03,election_geometry_exact,1.0,C:\Users\Shama\OneDrive\Documents\Side_Projects\Side_Projects\IAPrecinctMap\data\2016\20161108__ia__general__precinct.csv,32625
Johnson,IOWA CITY 04,JOHNSON - IOWA CITY 04,election_geometry_exact,1.0,C:\Users\Shama\OneDrive\Documents\Side_Projects\Side_Projects\IAPrecinctMap\data\2016\20161108__ia__general__precinct.csv,32677
Johnson,IOWA CITY 05,JOHNSON - IOWA CITY 05,election_geometry_exact,1.0,C:\Users\Shama\OneDrive\Documents\Side_Projects\Side_Projects\IAPrecinctMap\data\2016\20161108__ia__general__precinct.csv,32729
Johnson,IOWA CITY 06,JOHNSON - IOWA CITY 06,election_geometry_exact,1.0,C:\Users\Shama\OneDrive\Documents\Side_Projects\Side_Projects\IAPrecinctMap\data\2016\20161108__ia__general__precinct.csv,32781
Johnson,IOWA CITY 07,JOHNSON - IOWA CITY 07,election_geometry_exact,1.0,C:\Users\Shama\OneDrive\Documents\Side_Projects\Side_Projects\IAPrecinctMap\data\2016\20161108__ia__general__precinct.csv,32833
Johnson,IOWA CITY 08,JOHNSON - IOWA CITY 08,election_geometry_exact,1.0,C:\Users\Shama\OneDrive\Documents\Side_Projects\Side_Projects\IAPrecinctMap\data\2016\20161108__ia__general__precinct.csv,32885
Johnson,IOWA CITY 09,JOHNSON - IOWA CITY 09,election_geometry_exact,1.0,C:\Users\Shama\OneDrive\Documents\Side_Projects\Side_Projects\IAPrecinctMap\data\2016\20161108__ia__general__precinct.csv,32937
Johnson,IOWA CITY 11,JOHNSON - IOWA CITY 11,election_geometry_exact,1.0,C:\Users\Shama\OneDrive\Documents\Side_Projects\Side_Projects\IAPrecinctMap\data\2016\20161108__ia__general__precinct.csv,32989
Johnson,IOWA CITY 13,JOHNSON - IOWA CITY 13,election_geometry_exact,1.0,C:\Users\Shama\OneDrive\Documents\Side_Projects\Side_Projects\IAPrecinctMap\data\2016\20161108__ia__general__precinct.csv,33041
Johnson,IOWA CITY 14,JOHNSON - IOWA CITY 14,election_geometry_exact,1.0,C:\Users\Shama\OneDrive\Documents\Side_Projects\Side_Projects\IAPrecinctMap\data\2016\20161108__ia__general__precinct.csv,33093
Johnson,IOWA CITY 15,JOHNSON - IOWA CITY 15,election_geometry_exact,1.0,C:\Users\Shama\OneDrive\Documents\Side_Projects\Side_Projects\IAPrecinctMap\data\2016\20161108__ia__general__precinct.csv,33145
Johnson,IOWA CITY 16,JOHNSON - IOWA CITY 16,election_geometry_exact,1.0,C:\Users\Shama\OneDrive\Documents\Side_Projects\Side_Projects\IAPrecinctMap\data\2016\20161108__ia__general__precinct.csv,33197
Johnson,IOWA CITY 17,JOHNSON - IOWA CITY 17,election_geometry_exact,1.0,C:\Users\Shama\OneDrive\Documents\Side_Projects\Side_Projects\IAPrecinctMap\data\2016\20161108__ia__general__precinct.csv,33249
Johnson,IOWA CITY 18,JOHNSON - IOWA CITY 18,election_geometry_exact,1.0,C:\Users\Shama\OneDrive\Documents\Side_Projects\Side_Projects\IAPrecinctMap\data\2016\20161108__ia__general__precinct.csv,33301
Johnson,IOWA CITY 19,JOHNSON - IOWA CITY 19,election_geometry_exact,1.0,C:\Users\Shama\OneDrive\Documents\Side_Projects\Side_Projects\IAPrecinctMap\data\2016\20161108__ia__general__precinct.csv,33353
Johnson,IOWA CITY 20,JOHNSON - IOWA CITY 20,election_geometry_exact,1.0,C:\Users\Shama\OneDrive\Documents\Side_Projects\Side_Projects\IAPrecinctMap\data\2016\20161108__ia__general__precinct.csv,33405
Johnson,IOWA CITY 21,JOHNSON - IOWA CITY 21,election_geometry_exact,1.0,C:\Users\Shama\OneDrive\Documents\Side_Projects\Side_Projects\IAPrecinctMap\data\2016\20161108__ia__general__precinct.csv,33457
Johnson,IOWA CITY 22,JOHNSON - IOWA CITY 22,election_geometry_exact,1.0,C:\Users\Shama\OneDrive\Documents\Side_Projects\Side_Projects\IAPrecinctMap\data\2016\20161108__ia__general__precinct.csv,33509
Johnson,IOWA CITY 23,JOHNSON - IOWA CITY 23,election_geometry_exact,1.0,C:\Users\Shama\OneDrive\Documents\Side_Projects\Side_Projects\IAPrecinctMap\data\2016\20161108__ia__general__precinct.csv,33561
Johnson,IOWA CITY 24. 73,JOHNSON - IOWA CITY 24,election_geometry_prefix,0.98,C:\Users\Shama\OneDrive\Documents\Side_Projects\Side_Projects\IAPrecinctMap\data\2016\20161108__ia__general__precinct.csv,33613
Johnson,JEFFERSON EAST/SHUEYVILLE,JOHNSON - JEFFERSON EAST/SHUEYVILLE,election_geometry_exact,1.0,C:\Users\Shama\OneDrive\Documents\Side_Projects\Side_Projects\IAPrecinctMap\data\2016\20161108__ia__general__precinct.csv,33667
Johnson,JW/MN/SW,JOHNSON - JW/MN/SW,election_geometry_exact,1.0,C:\Users\Shama\OneDrive\Documents\Side_Projects\Side_Projects\IAPrecinctMap\data\2016\20161108__ia__general__precinct.csv,33720
Johnson,LIBERTY-PLEASANT VALLEY,JOHNSON - LIBERTY-PLEASANT VALLEY,election_geometry_exact,1.0,C:\Users\Shama\OneDrive\Documents\Side_Projects\Side_Projects\IAPrecinctMap\data\2016\20161108__ia__general__precinct.csv,33773
Johnson,NEWPORT TOWNSHIP,JOHNSON - NEWPORT TOWNSHIP,election_geometry_exact,1.0,C:\Users\Shama\OneDrive\Documents\Side_Projects\Side_Projects\IAPrecinctMap\data\2016\20161108__ia__general__precinct.csv,33826
Johnson,NL06/MADISON /CCN,,election_geometry_ambiguous,0.7272727272727273,C:\Users\Shama\OneDrive\Documents\Side_Projects\Side_Projects\IAPrecinctMap\data\2016\20161108__ia__general__precinct.csv,33878
Johnson,NORTH LIBERTY 01,JOHNSON - NORTH LIBERTY 01,election_geometry_exact,1.0,C:\Users\Shama\OneDrive\Documents\Side_Projects\Side_Projects\IAPrecinctMap\data\2016\20161108__ia__general__precinct.csv,33931
Johnson,NORTH LIBERTY 02,JOHNSON - NORTH LIBERTY 02,election_geometry_exact,1.0,C:\Users\Shama\OneDrive\Documents\Side_Projects\Side_Projects\IAPrecinctMap\data\2016\20161108__ia__general__precinct.csv,33984
Johnson,NORTH LIBERTY 03 (PW),JOHNSON - NORTH LIBERTY 03/PW,election_geometry_exact,1.0,C:\Users\Shama\OneDrive\Documents\Side_Projects\Side_Projects\IAPrecinctMap\data\2016\20161108__ia__general__precinct.csv,34037
Johnson,NORTH LIBERTY 04,JOHNSON - NORTH LIBERTY 04,election_geometry_exact,1.0,C:\Users\Shama\OneDrive\Documents\Side_Projects\Side_Projects\IAPrecinctMap\data\2016\20161108__ia__general__precinct.csv,34092
Johnson,NORTH LIBERTY 05,JOHNSON - NORTH LIBERTY 05,election_geometry_exact,1.0,C:\Users\Shama\OneDrive\Documents\Side_Projects\Side_Projects\IAPrecinctMap\data\2016\20161108__ia__general__precinct.csv,34145
Johnson,OXFORD TOWNSHIP/OXFORD,JOHNSON - OXFORD TOWNSHIP/OXFORD,election_geometry_exact,1.0,C:\Users\Shama\OneDrive\Documents\Side_Projects\Side_Projects\IAPrecinctMap\data\2016\20161108__ia__general__precinct.csv,34198
Johnson,PENN/ EAST LUCAS NORTH,JOHNSON - PENN/EAST LUCAS NORTH,election_geometry_exact,1.0,C:\Users\Shama\OneDrive\Documents\Side_Projects\Side_Projects\IAPrecinctMap\data\2016\20161108__ia__general__precinct.csv,34251
Johnson,SCOTT TWP-WEST BRANCH,JOHNSON - SCOTT TWP-WEST BRANCH,election_geometry_exact,1.0,C:\Users\Shama\OneDrive\Documents\Side_Projects\Side_Projects\IAPrecinctMap\data\2016\20161108__ia__general__precinct.csv,34303
Johnson,SHARON TOWNSHIP,JOHNSON - SHARON TOWNSHIP,election_geometry_exact,1.0,C:\Users\Shama\OneDrive\Documents\Side_Projects\Side_Projects\IAPrecinctMap\data\2016\20161108__ia__general__precinct.csv,34355
Johnson,SOLON,JOHNSON - SOLON,election_geometry_exact,1.0,C:\Users\Shama\OneDrive\Documents\Side_Projects\Side_Projects\IAPrecinctMap\data\2016\20161108__ia__general__precinct.csv,34408
Johnson,UNION TOWNSHIP,JOHNSON - UNION TOWNSHIP,election_geometry_exact,1.0,C:\Users\Shama\OneDrive\Documents\Side_Projects\Side_Projects\IAPrecinctMap\data\2016\20161108__ia__general__precinct.csv,34460
Johnson,UNIVERSITY HEIGHTS,JOHNSON - UNIVERSITY HEIGHTS,election_geometry_exact,1.0,C:\Users\Shama\OneDrive\Documents\Side_Projects\Side_Projects\IAPrecinctMap\data\2016\20161108__ia__general__precinct.csv,34513
Johnson,WASHINGTON TOWNSHIP,JOHNSON - WASHINGTON TOWNSHIP,election_geometry_exact,1.0,C:\Users\Shama\OneDrive\Documents\Side_Projects\Side_Projects\IAPrecinctMap\data\2016\20161108__ia__general__precinct.csv,34565
Johnson,WEST LUCAS TOWNSHIP,JOHNSON - WEST LUCAS TOWNSHIP,election_geometry_exact,1.0,C:\Users\Shama\OneDrive\Documents\Side_Projects\Side_Projects\IAPrecinctMap\data\2016\20161108__ia__general__precinct.csv,34618
Jones,ANN-ANAMOSA NORTH/CASS,JONES - ANN-ANAMOSA NORTH/CASS,election_geometry_exact,1.0,C:\Users\Shama\OneDrive\Documents\Side_Projects\Side_Projects\IAPrecinctMap\data\2016\20161108__ia__general__precinct.csv,34673
Jones,ANS-ANAMOSA SOUTH/JACKSON,JONES - ANS-ANAMOSA SOUTH/JACKSON,election_geometry_exact,1.0,C:\Users\Shama\OneDrive\Documents\Side_Projects\Side_Projects\IAPrecinctMap\data\2016\20161108__ia__general__precinct.csv,34730
Jones,CGLW-CASTLE GRV/LOV/WAYN,JONES - CGLW-CASTLE GRV/LOV/WAYN,election_geometry_exact,1.0,C:\Users\Shama\OneDrive\Documents\Side_Projects\Side_Projects\IAPrecinctMap\data\2016\20161108__ia__general__precinct.csv,34787
Jones,FV-FAIRVIEW,JONES - FV-FAIRVIEW,election_geometry_exact,1.0,C:\Users\Shama\OneDrive\Documents\Side_Projects\Side_Projects\IAPrecinctMap\data\2016\20161108__ia__general__precinct.csv,34844
Jones,GF-GREENFIELD,JONES - GF-GREENFIELD,election_geometry_exact,1.0,C:\Users\Shama\OneDrive\Documents\Side_Projects\Side_Projects\IAPrecinctMap\data\2016\20161108__ia__general__precinct.csv,34897
Jones,MN1-MONTICELLO 1,JONES - MN1-MONTICELLO 1,election_geometry_exact,1.0,C:\Users\Shama\OneDrive\Documents\Side_Projects\Side_Projects\IAPrecinctMap\data\2016\20161108__ia__general__precinct.csv,34950
Jones,MN2-MONTICELLO 2,JONES - MN2-MONTICELLO 2,election_geometry_exact,1.0,C:\Users\Shama\OneDrive\Documents\Side_Projects\Side_Projects\IAPrecinctMap\data\2016\20161108__ia__general__precinct.csv,35007
Jones,MN3-MONTICELLO 3,JONES - MN3-MONTICELLO 3,election_geometry_exact,1.0,C:\Users\Shama\OneDrive\Documents\Side_Projects\Side_Projects\IAPrecinctMap\data\2016\20161108__ia__general__precinct.csv,35064
Jones,MN4-MONTICELLO 4,JONES - MN4-MONTICELLO 4,election_geometry_exact,1.0,C:\Users\Shama\OneDrive\Documents\Side_Projects\Side_Projects\IAPrecinctMap\data\2016\20161108__ia__general__precinct.csv,35121
Jones,OX-OXFORD,JONES - OX-OXFORD,election_geometry_exact,1.0,C:\Users\Shama\OneDrive\Documents\Side_Projects\Side_Projects\IAPrecinctMap\data\2016\20161108__ia__general__precinct.csv,35178
Jones,RLWS-RICHLAND/WASHINGTON,JONES - RLWS-RICHLAND/WASHINGTON,election_geometry_exact,1.0,C:\Users\Shama\OneDrive\Documents\Side_Projects\Side_Projects\IAPrecinctMap\data\2016\20161108__ia__general__precinct.csv,35231
Jones,ROHA-ROME/HALE,JONES - ROHA-ROME/HALE,election_geometry_exact,1.0,C:\Users\Shama\OneDrive\Documents\Side_Projects\Side_Projects\IAPrecinctMap\data\2016\20161108__ia__general__precinct.csv,35284
Jones,SGMC-SC GRV/MADISON/CLAY,JONES - SGMC-SC GRV/MADISON/CLAY,election_geometry_exact,1.0,C:\Users\Shama\OneDrive\Documents\Side_Projects\Side_Projects\IAPrecinctMap\data\2016\20161108__ia__general__precinct.csv,35337
Jones,WY-WYOMING,JONES - WY-WYOMING,election_geometry_exact,1.0,C:\Users\Shama\OneDrive\Documents\Side_Projects\Side_Projects\IAPrecinctMap\data\2016\20161108__ia__general__precinct.csv,35390
Keokuk,ADAMS,KEOKUK - ADAMS,election_geometry_exact,1.0,C:\Users\Shama\OneDrive\Documents\Side_Projects\Side_Projects\IAPrecinctMap\data\2016\20161108__ia__general__precinct.csv,35443
Keokuk,BENTON/STEADY RUN,KEOKUK - BENTON/STEADY RUN,election_geometry_exact,1.0,C:\Users\Shama\OneDrive\Documents\Side_Projects\Side_Projects\IAPrecinctMap\data\2016\20161108__ia__general__precinct.csv,35486
Keokuk,EAST/WEST LANCASTER,KEOKUK - EAST/WEST LANCASTER,election_geometry_exact,1.0,C:\Users\Shama\OneDrive\Documents\Side_Projects\Side_Projects\IAPrecinctMap\data\2016\20161108__ia__general__precinct.csv,35529
Keokuk,ENGLISH RIVER/LIBERTY,KEOKUK - ENGLISH RIVER/LIBERTY,election_geometry_exact,1.0,C:\Users\Shama\OneDrive\Documents\Side_Projects\Side_Projects\IAPrecinctMap\data\2016\20161108__ia__general__precinct.csv,35572
Keokuk,JACKSON,KEOKUK - JACKSON,election_geometry_exact,1.0,C:\Users\Shama\OneDrive\Documents\Side_Projects\Side_Projects\IAPrecinctMap\data\2016\20161108__ia__general__precinct.csv,35615
Keokuk,LAFAYETTE/CLEAR CREEK,KEOKUK - LAFAYETTE/CLEAR CREEK,election_geometry_exact,1.0,C:\Users\Shama\OneDrive\Documents\Side_Projects\Side_Projects\IAPrecinctMap\data\2016\20161108__ia__general__precinct.csv,35658
Keokuk,PRAIRIE,KEOKUK - PRAIRIE,election_geometry_exact,1.0,C:\Users\Shama\OneDrive\Documents\Side_Projects\Side_Projects\IAPrecinctMap\data\2016\20161108__ia__general__precinct.csv,35701
Keokuk,RICHLAND,KEOKUK - RICHLAND,election_geometry_exact,1.0,C:\Users\Shama\OneDrive\Documents\Side_Projects\Side_Projects\IAPrecinctMap\data\2016\20161108__ia__general__precinct.csv,35744
Keokuk,SIGOURNEY 1ST WARD,KEOKUK - SIGOURNEY 1ST WARD,election_geometry_exact,1.0,C:\Users\Shama\OneDrive\Documents\Side_Projects\Side_Projects\IAPrecinctMap\data\2016\20161108__ia__general__precinct.csv,35787
Keokuk,SIGOURNEY 2ND WARD,KEOKUK - SIGOURNEY 2ND WARD,election_geometry_exact,1.0,C:\Users\Shama\OneDrive\Documents\Side_Projects\Side_Projects\IAPrecinctMap\data\2016\20161108__ia__general__precinct.csv,35830
Keokuk,SIGOURNEY 3RD WARD,KEOKUK - SIGOURNEY 3RD WARD,election_geometry_exact,1.0,C:\Users\Shama\OneDrive\Documents\Side_Projects\Side_Projects\IAPrecinctMap\data\2016\20161108__ia__general__precinct.csv,35873
Keokuk,SIGOURNEY 4TH WARD,KEOKUK - SIGOURNEY 4TH WARD,election_geometry_exact,1.0,C:\Users\Shama\OneDrive\Documents\Side_Projects\Side_Projects\IAPrecinctMap\data\2016\20161108__ia__general__precinct.csv,35916
Keokuk,SIGOURNEY/PLANK/VAN BUREN,KEOKUK - SIGOURNEY/PLANK/VAN BUREN,election_geometry_exact,1.0,C:\Users\Shama\OneDrive\Documents\Side_Projects\Side_Projects\IAPrecinctMap\data\2016\20161108__ia__general__precinct.csv,35959
Keokuk,WARREN,KEOKUK - WARREN,election_geometry_exact,1.0,C:\Users\Shama\OneDrive\Documents\Side_Projects\Side_Projects\IAPrecinctMap\data\2016\20161108__ia__general__precinct.csv,36002
Keokuk,WHAT CHEER/WASHINGTON,KEOKUK - WHAT CHEER/WASHINGTON,election_geometry_exact,1.0,C:\Users\Shama\OneDrive\Documents\Side_Projects\Side_Projects\IAPrecinctMap\data\2016\20161108__ia__general__precinct.csv,36045
Kossuth,AL1,KOSSUTH - AL1,election_geometry_exact,1.0,C:\Users\Shama\OneDrive\Documents\Side_Projects\Side_Projects\IAPrecinctMap\data\2016\20161108__ia__general__precinct.csv,36088
Kossuth,AL2,KOSSUTH - AL2,election_geometry_exact,1.0,C:\Users\Shama\OneDrive\Documents\Side_Projects\Side_Projects\IAPrecinctMap\data\2016\20161108__ia__general__precinct.csv,36136
Kossuth,AL3,KOSSUTH - AL3,election_geometry_exact,1.0,C:\Users\Shama\OneDrive\Documents\Side_Projects\Side_Projects\IAPrecinctMap\data\2016\20161108__ia__general__precinct.csv,36184
Kossuth,AL4,KOSSUTH - AL4,election_geometry_exact,1.0,C:\Users\Shama\OneDrive\Documents\Side_Projects\Side_Projects\IAPrecinctMap\data\2016\20161108__ia__general__precinct.csv,36232
Kossuth,BF PT,KOSSUTH - BF-PT,election_geometry_exact,1.0,C:\Users\Shama\OneDrive\Documents\Side_Projects\Side_Projects\IAPrecinctMap\data\2016\20161108__ia__general__precinct.csv,36280
Kossuth,BT FT UN,KOSSUTH - BT-FT-UN,election_geometry_exact,1.0,C:\Users\Shama\OneDrive\Documents\Side_Projects\Side_Projects\IAPrecinctMap\data\2016\20161108__ia__general__precinct.csv,36328
Kossuth,CR 1,KOSSUTH - CR 1,election_geometry_exact,1.0,C:\Users\Shama\OneDrive\Documents\Side_Projects\Side_Projects\IAPrecinctMap\data\2016\20161108__ia__general__precinct.csv,36376
Kossuth,CR 2,KOSSUTH - CR 2,election_geometry_exact,1.0,C:\Users\Shama\OneDrive\Documents\Side_Projects\Side_Projects\IAPrecinctMap\data\2016\20161108__ia__general__precinct.csv,36424
Kossuth,CR IV RV,KOSSUTH - CR-IV-RV,election_geometry_exact,1.0,C:\Users\Shama\OneDrive\Documents\Side_Projects\Side_Projects\IAPrecinctMap\data\2016\20161108__ia__general__precinct.csv,36472
Kossuth,EG GT HS SW,KOSSUTH - EG-GT-HS-SW,election_geometry_exact,1.0,C:\Users\Shama\OneDrive\Documents\Side_Projects\Side_Projects\IAPrecinctMap\data\2016\20161108__ia__general__precinct.csv,36520
Kossuth,GF WM,KOSSUTH - GF-WM,election_geometry_exact,1.0,C:\Users\Shama\OneDrive\Documents\Side_Projects\Side_Projects\IAPrecinctMap\data\2016\20161108__ia__general__precinct.csv,36568
Kossuth,GM RM,KOSSUTH - GM-RM,election_geometry_exact,1.0,C:\Users\Shama\OneDrive\Documents\Side_Projects\Side_Projects\IAPrecinctMap\data\2016\20161108__ia__general__precinct.csv,36616
Kossuth,GW SN,KOSSUTH - GW-SN,election_geometry_exact,1.0,C:\Users\Shama\OneDrive\Documents\Side_Projects\Side_Projects\IAPrecinctMap\data\2016\20161108__ia__general__precinct.csv,36664
Kossuth,HB LY LN SF,KOSSUTH - HB-LY-LN-SF,election_geometry_exact,1.0,C:\Users\Shama\OneDrive\Documents\Side_Projects\Side_Projects\IAPrecinctMap\data\2016\20161108__ia__general__precinct.csv,36712
Kossuth,IV PC,KOSSUTH - IV-PC,election_geometry_exact,1.0,C:\Users\Shama\OneDrive\Documents\Side_Projects\Side_Projects\IAPrecinctMap\data\2016\20161108__ia__general__precinct.csv,36760
Kossuth,LC,KOSSUTH - LC,election_geometry_exact,1.0,C:\Users\Shama\OneDrive\Documents\Side_Projects\Side_Projects\IAPrecinctMap\data\2016\20161108__ia__general__precinct.csv,36808
Kossuth,LV SM,KOSSUTH - LV-SM,election_geometry_exact,1.0,C:\Users\Shama\OneDrive\Documents\Side_Projects\Side_Projects\IAPrecinctMap\data\2016\20161108__ia__general__precinct.csv,36856
Kossuth,PC,KOSSUTH - PC,election_geometry_exact,1.0,C:\Users\Shama\OneDrive\Documents\Side_Projects\Side_Projects\IAPrecinctMap\data\2016\20161108__ia__general__precinct.csv,36904
Kossuth,PR WL,KOSSUTH - PR-WL,election_geometry_exact,1.0,C:\Users\Shama\OneDrive\Documents\Side_Projects\Side_Projects\IAPrecinctMap\data\2016\20161108__ia__general__precinct.csv,36952
Kossuth,UN,KOSSUTH - UN,election_geometry_exact,1.0,C:\Users\Shama\OneDrive\Documents\Side_Projects\Side_Projects\IAPrecinctMap\data\2016\20161108__ia__general__precinct.csv,37000
Lee,CENTRAL LEE HIGH SCH,,election_geometry_ambiguous,0.35,C:\Users\Shama\OneDrive\Documents\Side_Projects\Side_Projects\IAPrecinctMap\data\2016\20161108__ia__general__precinct.csv,37048
Lee,EVANGELICAL FREE CHURCH,,election_geometry_ambiguous,0.3181818181818182,C:\Users\Shama\OneDrive\Documents\Side_Projects\Side_Projects\IAPrecinctMap\data\2016\20161108__ia__general__precinct.csv,37089
Lee,FIRST CHRISTIAN CHURCH,,election_geometry_ambiguous,0.4444444444444444,C:\Users\Shama\OneDrive\Documents\Side_Projects\Side_Projects\IAPrecinctMap\data\2016\20161108__ia__general__precinct.csv,37130
Lee,FT MADISON CITY HALL,,election_geometry_ambiguous,0.6470588235294118,C:\Users\Shama\OneDrive\Documents\Side_Projects\Side_Projects\IAPrecinctMap\data\2016\20161108__ia__general__precinct.csv,37171
Lee,FT MADISON PUB LIBRARY,,election_geometry_ambiguous,0.6111111111111112,C:\Users\Shama\OneDrive\Documents\Side_Projects\Side_Projects\IAPrecinctMap\data\2016\20161108__ia__general__precinct.csv,37212
Lee,GRACE BIBLE CHURCH,,election_geometry_ambiguous,0.3157894736842105,C:\Users\Shama\OneDrive\Documents\Side_Projects\Side_Projects\IAPrecinctMap\data\2016\20161108__ia__general__precinct.csv,37253
Lee,HERITAGE CENTER A,,election_geometry_ambiguous,0.42105263157894735,C:\Users\Shama\OneDrive\Documents\Side_Projects\Side_Projects\IAPrecinctMap\data\2016\20161108__ia__general__precinct.csv,37294
Lee,HERITAGE CENTER B,,election_geometry_ambiguous,0.3684210526315789,C:\Users\Shama\OneDrive\Documents\Side_Projects\Side_Projects\IAPrecinctMap\data\2016\20161108__ia__general__precinct.csv,37335
Lee,HILLVIEW VILLAGE,,election_geometry_ambiguous,0.35,C:\Users\Shama\OneDrive\Documents\Side_Projects\Side_Projects\IAPrecinctMap\data\2016\20161108__ia__general__precinct.csv,37376
Lee,HOLY TRINITY HIGH SCH A,,election_geometry_ambiguous,0.2702702702702703,C:\Users\Shama\OneDrive\Documents\Side_Projects\Side_Projects\IAPrecinctMap\data\2016\20161108__ia__general__precinct.csv,37417
Lee,HOLY TRINITY HIGH SCH B,,election_geometry_ambiguous,0.2702702702702703,C:\Users\Shama\OneDrive\Documents\Side_Projects\Side_Projects\IAPrecinctMap\data\2016\20161108__ia__general__precinct.csv,37458
Lee,IVOR FOWLER COMM CTR,,election_geometry_ambiguous,0.3181818181818182,C:\Users\Shama\OneDrive\Documents\Side_Projects\Side_Projects\IAPrecinctMap\data\2016\20161108__ia__general__precinct.csv,37499
Lee,JACKSON TWP FIRE STN-JK,LEE - JACKSON,election_geometry_prefix,0.98,C:\Users\Shama\OneDrive\Documents\Side_Projects\Side_Projects\IAPrecinctMap\data\2016\20161108__ia__general__precinct.csv,37540
Lee,KEOKUK NAZARENE CHURCH,,election_geometry_ambiguous,0.4666666666666667,C:\Users\Shama\OneDrive\Documents\Side_Projects\Side_Projects\IAPrecinctMap\data\2016\20161108__ia__general__precinct.csv,37581
Lee,KEOKUK PUBLIC LIBRARY,,election_geometry_ambiguous,0.4827586206896552,C:\Users\Shama\OneDrive\Documents\Side_Projects\Side_Projects\IAPrecinctMap\data\2016\20161108__ia__general__precinct.csv,37622
Lee,LEARNING CENTER,,election_geometry_ambiguous,0.4166666666666667,C:\Users\Shama\OneDrive\Documents\Side_Projects\Side_Projects\IAPrecinctMap\data\2016\20161108__ia__general__precinct.csv,37663
Lee,LEE CO CONSERVTN CTR-JF,,election_geometry_ambiguous,0.3829787234042553,C:\Users\Shama\OneDrive\Documents\Side_Projects\Side_Projects\IAPrecinctMap\data\2016\20161108__ia__general__precinct.csv,37704
Lee,MCALEER HALL,,election_geometry_ambiguous,0.30303030303030304,C:\Users\Shama\OneDrive\Documents\Side_Projects\Side_Projects\IAPrecinctMap\data\2016\20161108__ia__general__precinct.csv,37745
Lee,PLT GRV BANK COMM ROOM,,election_geometry_ambiguous,0.3333333333333333,C:\Users\Shama\OneDrive\Documents\Side_Projects\Side_Projects\IAPrecinctMap\data\2016\20161108__ia__general__precinct.csv,37786
Lee,PLT GRV BANK COMM ROOM-HR,,election_geometry_ambiguous,0.3111111111111111,C:\Users\Shama\OneDrive\Documents\Side_Projects\Side_Projects\IAPrecinctMap\data\2016\20161108__ia__general__precinct.csv,37828
Lee,S LEE COUNTY COURTHOUSE,,election_geometry_ambiguous,0.3870967741935484,C:\Users\Shama\OneDrive\Documents\Side_Projects\Side_Projects\IAPrecinctMap\data\2016\20161108__ia__general__precinct.csv,37870
Lee,WEST POINT LIBRARY,,election_geometry_ambiguous,0.5882352941176471,C:\Users\Shama\OneDrive\Documents\Side_Projects\Side_Projects\IAPrecinctMap\data\2016\20161108__ia__general__precinct.csv,37911
Linn,Bertram Township,LINN - BERTRAM,election_geometry_prefix,0.98,C:\Users\Shama\OneDrive\Documents\Side_Projects\Side_Projects\IAPrecinctMap\data\2016\20161108__ia__general__precinct.csv,37953
Linn,Boulder Township,LINN - BOULDER,election_geometry_prefix,0.98,C:\Users\Shama\OneDrive\Documents\Side_Projects\Side_Projects\IAPrecinctMap\data\2016\20161108__ia__general__precinct.csv,38009
Linn,Brown Township,LINN - BROWN,election_geometry_prefix,0.98,C:\Users\Shama\OneDrive\Documents\Side_Projects\Side_Projects\IAPrecinctMap\data\2016\20161108__ia__general__precinct.csv,38066
Linn,Buffalo Township,LINN - BUFFALO,election_geometry_prefix,0.98,C:\Users\Shama\OneDrive\Documents\Side_Projects\Side_Projects\IAPrecinctMap\data\2016\20161108__ia__general__precinct.csv,38123
Linn,Cedar Rapids 01,LINN - CEDAR RAPIDS 01,election_geometry_exact,1.0,C:\Users\Shama\OneDrive\Documents\Side_Projects\Side_Projects\IAPrecinctMap\data\2016\20161108__ia__general__precinct.csv,38180
Linn,Cedar Rapids 02,LINN - CEDAR RAPIDS 02,election_geometry_exact,1.0,C:\Users\Shama\OneDrive\Documents\Side_Projects\Side_Projects\IAPrecinctMap\data\2016\20161108__ia__general__precinct.csv,38239
Linn,Cedar Rapids 03,LINN - CEDAR RAPIDS 03,election_geometry_exact,1.0,C:\Users\Shama\OneDrive\Documents\Side_Projects\Side_Projects\IAPrecinctMap\data\2016\20161108__ia__general__precinct.csv,38291
Linn,Cedar Rapids 04,LINN - CEDAR RAPIDS 04,election_geometry_exact,1.0,C:\Users\Shama\OneDrive\Documents\Side_Projects\Side_Projects\IAPrecinctMap\data\2016\20161108__ia__general__precinct.csv,38347
Linn,Cedar Rapids 05,LINN - CEDAR RAPIDS 05,election_geometry_exact,1.0,C:\Users\Shama\OneDrive\Documents\Side_Projects\Side_Projects\IAPrecinctMap\data\2016\20161108__ia__general__precinct.csv,38403
Linn,Cedar Rapids 06,LINN - CEDAR RAPIDS 06,election_geometry_exact,1.0,C:\Users\Shama\OneDrive\Documents\Side_Projects\Side_Projects\IAPrecinctMap\data\2016\20161108__ia__general__precinct.csv,38459
Linn,Cedar Rapids 07,LINN - CEDAR RAPIDS 07,election_geometry_exact,1.0,C:\Users\Shama\OneDrive\Documents\Side_Projects\Side_Projects\IAPrecinctMap\data\2016\20161108__ia__general__precinct.csv,38515
Linn,Cedar Rapids 08,LINN - CEDAR RAPIDS 08,election_geometry_exact,1.0,C:\Users\Shama\OneDrive\Documents\Side_Projects\Side_Projects\IAPrecinctMap\data\2016\20161108__ia__general__precinct.csv,38567
Linn,Cedar Rapids 09,LINN - CEDAR RAPIDS 09,election_geometry_exact,1.0,C:\Users\Shama\OneDrive\Documents\Side_Projects\Side_Projects\IAPrecinctMap\data\2016\20161108__ia__general__precinct.csv,38619
Linn,Cedar Rapids 10,LINN - CEDAR RAPIDS 10,election_geometry_exact,1.0,C:\Users\Shama\OneDrive\Documents\Side_Projects\Side_Projects\IAPrecinctMap\data\2016\20161108__ia__general__precinct.csv,38671
Linn,Cedar Rapids 11,LINN - CEDAR RAPIDS 11,election_geometry_exact,1.0,C:\Users\Shama\OneDrive\Documents\Side_Projects\Side_Projects\IAPrecinctMap\data\2016\20161108__ia__general__precinct.csv,38723
Linn,Cedar Rapids 12,LINN - CEDAR RAPIDS 12,election_geometry_exact,1.0,C:\Users\Shama\OneDrive\Documents\Side_Projects\Side_Projects\IAPrecinctMap\data\2016\20161108__ia__general__precinct.csv,38775
Linn,Cedar Rapids 13,LINN - CEDAR RAPIDS 13,election_geometry_exact,1.0,C:\Users\Shama\OneDrive\Documents\Side_Projects\Side_Projects\IAPrecinctMap\data\2016\20161108__ia__general__precinct.csv,38827
Linn,Cedar Rapids 14,LINN - CEDAR RAPIDS 14,election_geometry_exact,1.0,C:\Users\Shama\OneDrive\Documents\Side_Projects\Side_Projects\IAPrecinctMap\data\2016\20161108__ia__general__precinct.csv,38879
Linn,Cedar Rapids 15,LINN - CEDAR RAPIDS 15,election_geometry_exact,1.0,C:\Users\Shama\OneDrive\Documents\Side_Projects\Side_Projects\IAPrecinctMap\data\2016\20161108__ia__general__precinct.csv,38931
Linn,Cedar Rapids 16,LINN - CEDAR RAPIDS 16,election_geometry_exact,1.0,C:\Users\Shama\OneDrive\Documents\Side_Projects\Side_Projects\IAPrecinctMap\data\2016\20161108__ia__general__precinct.csv,38984
Linn,Cedar Rapids 17,LINN - CEDAR RAPIDS 17,election_geometry_exact,1.0,C:\Users\Shama\OneDrive\Documents\Side_Projects\Side_Projects\IAPrecinctMap\data\2016\20161108__ia__general__precinct.csv,39036
Linn,Cedar Rapids 18,LINN - CEDAR RAPIDS 18,election_geometry_exact,1.0,C:\Users\Shama\OneDrive\Documents\Side_Projects\Side_Projects\IAPrecinctMap\data\2016\20161108__ia__general__precinct.csv,39089
Linn,Cedar Rapids 19,LINN - CEDAR RAPIDS 19,election_geometry_exact,1.0,C:\Users\Shama\OneDrive\Documents\Side_Projects\Side_Projects\IAPrecinctMap\data\2016\20161108__ia__general__precinct.csv,39143
Linn,Cedar Rapids 20,LINN - CEDAR RAPIDS 20,election_geometry_exact,1.0,C:\Users\Shama\OneDrive\Documents\Side_Projects\Side_Projects\IAPrecinctMap\data\2016\20161108__ia__general__precinct.csv,39197
Linn,Cedar Rapids 21,LINN - CEDAR RAPIDS 21,election_geometry_exact,1.0,C:\Users\Shama\OneDrive\Documents\Side_Projects\Side_Projects\IAPrecinctMap\data\2016\20161108__ia__general__precinct.csv,39251
Linn,Cedar Rapids 22,LINN - CEDAR RAPIDS 22,election_geometry_exact,1.0,C:\Users\Shama\OneDrive\Documents\Side_Projects\Side_Projects\IAPrecinctMap\data\2016\20161108__ia__general__precinct.csv,39305
Linn,Cedar Rapids 23,LINN - CEDAR RAPIDS 23,election_geometry_exact,1.0,C:\Users\Shama\OneDrive\Documents\Side_Projects\Side_Projects\IAPrecinctMap\data\2016\20161108__ia__general__precinct.csv,39358
Linn,Cedar Rapids 24,LINN - CEDAR RAPIDS 24,election_geometry_exact,1.0,C:\Users\Shama\OneDrive\Documents\Side_Projects\Side_Projects\IAPrecinctMap\data\2016\20161108__ia__general__precinct.csv,39411
Linn,Cedar Rapids 25,LINN - CEDAR RAPIDS 25,election_geometry_exact,1.0,C:\Users\Shama\OneDrive\Documents\Side_Projects\Side_Projects\IAPrecinctMap\data\2016\20161108__ia__general__precinct.csv,39464
Linn,Cedar Rapids 26,LINN - CEDAR RAPIDS 26,election_geometry_exact,1.0,C:\Users\Shama\OneDrive\Documents\Side_Projects\Side_Projects\IAPrecinctMap\data\2016\20161108__ia__general__precinct.csv,39523
Linn,Cedar Rapids 27,LINN - CEDAR RAPIDS 27,election_geometry_exact,1.0,C:\Users\Shama\OneDrive\Documents\Side_Projects\Side_Projects\IAPrecinctMap\data\2016\20161108__ia__general__precinct.csv,39576
Linn,Cedar Rapids 28,LINN - CEDAR RAPIDS 28,election_geometry_exact,1.0,C:\Users\Shama\OneDrive\Documents\Side_Projects\Side_Projects\IAPrecinctMap\data\2016\20161108__ia__general__precinct.csv,39630
Linn,Cedar Rapids 29,LINN - CEDAR RAPIDS 29,election_geometry_exact,1.0,C:\Users\Shama\OneDrive\Documents\Side_Projects\Side_Projects\IAPrecinctMap\data\2016\20161108__ia__general__precinct.csv,39684
Linn,Cedar Rapids 30,LINN - CEDAR RAPIDS 30,election_geometry_exact,1.0,C:\Users\Shama\OneDrive\Documents\Side_Projects\Side_Projects\IAPrecinctMap\data\2016\20161108__ia__general__precinct.csv,39738
Linn,Cedar Rapids 31,LINN - CEDAR RAPIDS 31,election_geometry_exact,1.0,C:\Users\Shama\OneDrive\Documents\Side_Projects\Side_Projects\IAPrecinctMap\data\2016\20161108__ia__general__precinct.csv,39792
Linn,Cedar Rapids 32,LINN - CEDAR RAPIDS 32,election_geometry_exact,1.0,C:\Users\Shama\OneDrive\Documents\Side_Projects\Side_Projects\IAPrecinctMap\data\2016\20161108__ia__general__precinct.csv,39846
Linn,Cedar Rapids 33,LINN - CEDAR RAPIDS 33,election_geometry_exact,1.0,C:\Users\Shama\OneDrive\Documents\Side_Projects\Side_Projects\IAPrecinctMap\data\2016\20161108__ia__general__precinct.csv,39900
Linn,Cedar Rapids 34,LINN - CEDAR RAPIDS 34,election_geometry_exact,1.0,C:\Users\Shama\OneDrive\Documents\Side_Projects\Side_Projects\IAPrecinctMap\data\2016\20161108__ia__general__precinct.csv,39952
Linn,Cedar Rapids 35,LINN - CEDAR RAPIDS 35,election_geometry_exact,1.0,C:\Users\Shama\OneDrive\Documents\Side_Projects\Side_Projects\IAPrecinctMap\data\2016\20161108__ia__general__precinct.csv,40004
Linn,Cedar Rapids 36,LINN - CEDAR RAPIDS 36,election_geometry_exact,1.0,C:\Users\Shama\OneDrive\Documents\Side_Projects\Side_Projects\IAPrecinctMap\data\2016\20161108__ia__general__precinct.csv,40057
Linn,Cedar Rapids 37,LINN - CEDAR RAPIDS 37,election_geometry_exact,1.0,C:\Users\Shama\OneDrive\Documents\Side_Projects\Side_Projects\IAPrecinctMap\data\2016\20161108__ia__general__precinct.csv,40110
Linn,Cedar Rapids 38,LINN - CEDAR RAPIDS 38,election_geometry_exact,1.0,C:\Users\Shama\OneDrive\Documents\Side_Projects\Side_Projects\IAPrecinctMap\data\2016\20161108__ia__general__precinct.csv,40163
Linn,Cedar Rapids 39,LINN - CEDAR RAPIDS 39,election_geometry_exact,1.0,C:\Users\Shama\OneDrive\Documents\Side_Projects\Side_Projects\IAPrecinctMap\data\2016\20161108__ia__general__precinct.csv,40215
Linn,Cedar Rapids 40,LINN - CEDAR RAPIDS 40,election_geometry_exact,1.0,C:\Users\Shama\OneDrive\Documents\Side_Projects\Side_Projects\IAPrecinctMap\data\2016\20161108__ia__general__precinct.csv,40267
Linn,Cedar Rapids 41,LINN - CEDAR RAPIDS 41,election_geometry_exact,1.0,C:\Users\Shama\OneDrive\Documents\Side_Projects\Side_Projects\IAPrecinctMap\data\2016\20161108__ia__general__precinct.csv,40319
Linn,Cedar Rapids 42,LINN - CEDAR RAPIDS 42,election_geometry_exact,1.0,C:\Users\Shama\OneDrive\Documents\Side_Projects\Side_Projects\IAPrecinctMap\data\2016\20161108__ia__general__precinct.csv,40375
Linn,Cedar Rapids 43,LINN - CEDAR RAPIDS 43,election_geometry_exact,1.0,C:\Users\Shama\OneDrive\Documents\Side_Projects\Side_Projects\IAPrecinctMap\data\2016\20161108__ia__general__precinct.csv,40427
Linn,Cedar Rapids 44,LINN - CEDAR RAPIDS 44,election_geometry_exact,1.0,C:\Users\Shama\OneDrive\Documents\Side_Projects\Side_Projects\IAPrecinctMap\data\2016\20161108__ia__general__precinct.csv,40479
Linn,Clinton Township,LINN - CLINTON,election_geometry_prefix,0.98,C:\Users\Shama\OneDrive\Documents\Side_Projects\Side_Projects\IAPrecinctMap\data\2016\20161108__ia__general__precinct.csv,40531
Linn,College Township,LINN - COLLEGE,election_geometry_prefix,0.98,C:\Users\Shama\OneDrive\Documents\Side_Projects\Side_Projects\IAPrecinctMap\data\2016\20161108__ia__general__precinct.csv,40585
Linn,Fairfax,,election_geometry_ambiguous,0.7368421052631579,C:\Users\Shama\OneDrive\Documents\Side_Projects\Side_Projects\IAPrecinctMap\data\2016\20161108__ia__general__precinct.csv,40637
Linn,Fairfax Township,LINN - FAIRFAX TOWNSHIP,election_geometry_exact,1.0,C:\Users\Shama\OneDrive\Documents\Side_Projects\Side_Projects\IAPrecinctMap\data\2016\20161108__ia__general__precinct.csv,40689
Linn,Fayette Township,LINN - FAYETTE,election_geometry_prefix,0.98,C:\Users\Shama\OneDrive\Documents\Side_Projects\Side_Projects\IAPrecinctMap\data\2016\20161108__ia__general__precinct.csv,40741
Linn,Franklin Township,LINN - FRANKLIN,election_geometry_prefix,0.98,C:\Users\Shama\OneDrive\Documents\Side_Projects\Side_Projects\IAPrecinctMap\data\2016\20161108__ia__general__precinct.csv,40798
Linn,Grant Township,LINN - GRANT,election_geometry_prefix,0.98,C:\Users\Shama\OneDrive\Documents\Side_Projects\Side_Projects\IAPrecinctMap\data\2016\20161108__ia__general__precinct.csv,40855
Linn,Hiawatha 01,LINN - HIAWATHA 1,election_geometry_fuzzy,0.9523809523809523,C:\Users\Shama\OneDrive\Documents\Side_Projects\Side_Projects\IAPrecinctMap\data\2016\20161108__ia__general__precinct.csv,40912
Linn,Hiawatha 02,LINN - HIAWATHA 2,election_geometry_fuzzy,0.9523809523809523,C:\Users\Shama\OneDrive\Documents\Side_Projects\Side_Projects\IAPrecinctMap\data\2016\20161108__ia__general__precinct.csv,40968
Linn,Hiawatha 03,LINN - HIAWATHA 3,election_geometry_fuzzy,0.9523809523809523,C:\Users\Shama\OneDrive\Documents\Side_Projects\Side_Projects\IAPrecinctMap\data\2016\20161108__ia__general__precinct.csv,41024
Linn,Hiawatha 04,LINN - HIAWATHA 4,election_geometry_fuzzy,0.9523809523809523,C:\Users\Shama\OneDrive\Documents\Side_Projects\Side_Projects\IAPrecinctMap\data\2016\20161108__ia__general__precinct.csv,41087
Linn,Jackson Township,LINN - JACKSON,election_geometry_prefix,0.98,C:\Users\Shama\OneDrive\Documents\Side_Projects\Side_Projects\IAPrecinctMap\data\2016\20161108__ia__general__precinct.csv,41144
Linn,Linn Township,LINN - LINN,election_geometry_prefix,0.98,C:\Users\Shama\OneDrive\Documents\Side_Projects\Side_Projects\IAPrecinctMap\data\2016\20161108__ia__general__precinct.csv,41201
Linn,Maine Township,LINN - MAINE,election_geometry_prefix,0.98,C:\Users\Shama\OneDrive\Documents\Side_Projects\Side_Projects\IAPrecinctMap\data\2016\20161108__ia__general__precinct.csv,41258
Linn,Marion 01,LINN - MARION 01,election_geometry_exact,1.0,C:\Users\Shama\OneDrive\Documents\Side_Projects\Side_Projects\IAPrecinctMap\data\2016\20161108__ia__general__precinct.csv,41315
Linn,Marion 02,LINN - MARION 02,election_geometry_exact,1.0,C:\Users\Shama\OneDrive\Documents\Side_Projects\Side_Projects\IAPrecinctMap\data\2016\20161108__ia__general__precinct.csv,41371
Linn,Marion 03,LINN - MARION 03,election_geometry_exact,1.0,C:\Users\Shama\OneDrive\Documents\Side_Projects\Side_Projects\IAPrecinctMap\data\2016\20161108__ia__general__precinct.csv,41427
Linn,Marion 04,LINN - MARION 04,election_geometry_exact,1.0,C:\Users\Shama\OneDrive\Documents\Side_Projects\Side_Projects\IAPrecinctMap\data\2016\20161108__ia__general__precinct.csv,41483
Linn,Marion 05,LINN - MARION 05,election_geometry_exact,1.0,C:\Users\Shama\OneDrive\Documents\Side_Projects\Side_Projects\IAPrecinctMap\data\2016\20161108__ia__general__precinct.csv,41539
Linn,Marion 06,LINN - MARION 06,election_geometry_exact,1.0,C:\Users\Shama\OneDrive\Documents\Side_Projects\Side_Projects\IAPrecinctMap\data\2016\20161108__ia__general__precinct.csv,41602
Linn,Marion 07,LINN - MARION 07,election_geometry_exact,1.0,C:\Users\Shama\OneDrive\Documents\Side_Projects\Side_Projects\IAPrecinctMap\data\2016\20161108__ia__general__precinct.csv,41658
Linn,Marion 08,LINN - MARION 08,election_geometry_exact,1.0,C:\Users\Shama\OneDrive\Documents\Side_Projects\Side_Projects\IAPrecinctMap\data\2016\20161108__ia__general__precinct.csv,41714
Linn,Marion 09,LINN - MARION 09,election_geometry_exact,1.0,C:\Users\Shama\OneDrive\Documents\Side_Projects\Side_Projects\IAPrecinctMap\data\2016\20161108__ia__general__precinct.csv,41770
Linn,Marion 10,LINN - MARION 10,election_geometry_exact,1.0,C:\Users\Shama\OneDrive\Documents\Side_Projects\Side_Projects\IAPrecinctMap\data\2016\20161108__ia__general__precinct.csv,41826
Linn,Marion 11,LINN - MARION 11,election_geometry_exact,1.0,C:\Users\Shama\OneDrive\Documents\Side_Projects\Side_Projects\IAPrecinctMap\data\2016\20161108__ia__general__precinct.csv,41882
Linn,Marion 12,LINN - MARION 12,election_geometry_exact,1.0,C:\Users\Shama\OneDrive\Documents\Side_Projects\Side_Projects\IAPrecinctMap\data\2016\20161108__ia__general__precinct.csv,41945
Linn,Marion 13,LINN - MARION 13,election_geometry_exact,1.0,C:\Users\Shama\OneDrive\Documents\Side_Projects\Side_Projects\IAPrecinctMap\data\2016\20161108__ia__general__precinct.csv,42001
Linn,Marion 14,LINN - MARION 14,election_geometry_exact,1.0,C:\Users\Shama\OneDrive\Documents\Side_Projects\Side_Projects\IAPrecinctMap\data\2016\20161108__ia__general__precinct.csv,42064
Linn,Marion Township,LINN - MARION TOWNSHIP,election_geometry_exact,1.0,C:\Users\Shama\OneDrive\Documents\Side_Projects\Side_Projects\IAPrecinctMap\data\2016\20161108__ia__general__precinct.csv,42120
Linn,Monroe Township 01,,election_geometry_ambiguous,0.7272727272727273,C:\Users\Shama\OneDrive\Documents\Side_Projects\Side_Projects\IAPrecinctMap\data\2016\20161108__ia__general__precinct.csv,42177
Linn,Monroe Township 02,,election_geometry_ambiguous,0.7272727272727273,C:\Users\Shama\OneDrive\Documents\Side_Projects\Side_Projects\IAPrecinctMap\data\2016\20161108__ia__general__precinct.csv,42234
Linn,Mount Vernon North,LINN - MOUNT VERNON NORTH,election_geometry_exact,1.0,C:\Users\Shama\OneDrive\Documents\Side_Projects\Side_Projects\IAPrecinctMap\data\2016\20161108__ia__general__precinct.csv,42291
Linn,Mount Vernon South,LINN - MOUNT VERNON SOUTH,election_geometry_exact,1.0,C:\Users\Shama\OneDrive\Documents\Side_Projects\Side_Projects\IAPrecinctMap\data\2016\20161108__ia__general__precinct.csv,42348
Linn,Otter Creek Township,LINN - OTTER CREEK,election_geometry_prefix,0.98,C:\Users\Shama\OneDrive\Documents\Side_Projects\Side_Projects\IAPrecinctMap\data\2016\20161108__ia__general__precinct.csv,42405
Linn,Putnam Township,LINN - PUTNAM,election_geometry_prefix,0.98,C:\Users\Shama\OneDrive\Documents\Side_Projects\Side_Projects\IAPrecinctMap\data\2016\20161108__ia__general__precinct.csv,42462
Linn,Robins,LINN - ROBINS,election_geometry_exact,1.0,C:\Users\Shama\OneDrive\Documents\Side_Projects\Side_Projects\IAPrecinctMap\data\2016\20161108__ia__general__precinct.csv,42518
Linn,Spring Grove Township,LINN - SPRING GROVE,election_geometry_prefix,0.98,C:\Users\Shama\OneDrive\Documents\Side_Projects\Side_Projects\IAPrecinctMap\data\2016\20161108__ia__general__precinct.csv,42581
Linn,Washington Township,LINN - WASHINGTON,election_geometry_prefix,0.98,C:\Users\Shama\OneDrive\Documents\Side_Projects\Side_Projects\IAPrecinctMap\data\2016\20161108__ia__general__precinct.csv,42638
Louisa,City of Columbus Junction,,election_geometry_ambiguous,0.8095238095238095,C:\Users\Shama\OneDrive\Documents\Side_Projects\Side_Projects\IAPrecinctMap\data\2016\20161108__ia__general__precinct.csv,42695
Louisa,Grandview-Port Louisa,LOUISA - GRANDVIEW-PORT LOUISA,election_geometry_exact,1.0,C:\Users\Shama\OneDrive\Documents\Side_Projects\Side_Projects\IAPrecinctMap\data\2016\20161108__ia__general__precinct.csv,42737
Louisa,Morning Sun-Marshall,LOUISA - MORNING SUN-MARSHALL,election_geometry_exact,1.0,C:\Users\Shama\OneDrive\Documents\Side_Projects\Side_Projects\IAPrecinctMap\data\2016\20161108__ia__general__precinct.csv,42779
Louisa,Southeast Louisa,LOUISA - SOUTHEAST LOUISA,election_geometry_exact,1.0,C:\Users\Shama\OneDrive\Documents\Side_Projects\Side_Projects\IAPrecinctMap\data\2016\20161108__ia__general__precinct.csv,42821
Louisa,West Louisa,LOUISA - WEST LOUISA,election_geometry_exact,1.0,C:\Users\Shama\OneDrive\Documents\Side_Projects\Side_Projects\IAPrecinctMap\data\2016\20161108__ia__general__precinct.csv,42863
Lucas,Chariton City Hall,,election_geometry_ambiguous,0.6428571428571429,C:\Users\Shama\OneDrive\Documents\Side_Projects\Side_Projects\IAPrecinctMap\data\2016\20161108__ia__general__precinct.csv,42905
Lucas,Chariton Community Center,,election_geometry_ambiguous,0.5142857142857142,C:\Users\Shama\OneDrive\Documents\Side_Projects\Side_Projects\IAPrecinctMap\data\2016\20161108__ia__general__precinct.csv,42949
Lucas,L.C. Extension,,election_geometry_ambiguous,0.6857142857142857,C:\Users\Shama\OneDrive\Documents\Side_Projects\Side_Projects\IAPrecinctMap\data\2016\20161108__ia__general__precinct.csv,42993
Lucas,Lucas Community Center,LUCAS - LUCAS,election_geometry_prefix,0.98,C:\Users\Shama\OneDrive\Documents\Side_Projects\Side_Projects\IAPrecinctMap\data\2016\20161108__ia__general__precinct.csv,43037
Lucas,Pin Oak Marsh,LUCAS - PIN OAK MARSH,election_geometry_exact,1.0,C:\Users\Shama\OneDrive\Documents\Side_Projects\Side_Projects\IAPrecinctMap\data\2016\20161108__ia__general__precinct.csv,43081
Lucas,Russell Community Center-City of Russell Cedar and Washington Townships,,election_geometry_ambiguous,0.7321428571428571,C:\Users\Shama\OneDrive\Documents\Side_Projects\Side_Projects\IAPrecinctMap\data\2016\20161108__ia__general__precinct.csv,43125
Lucas,Williamson Community Center,LUCAS - WILLIAMSON,election_geometry_prefix,0.98,C:\Users\Shama\OneDrive\Documents\Side_Projects\Side_Projects\IAPrecinctMap\data\2016\20161108__ia__general__precinct.csv,43169
Lyon,P1 - George Community Center,,election_geometry_ambiguous,0.47058823529411764,C:\Users\Shama\OneDrive\Documents\Side_Projects\Side_Projects\IAPrecinctMap\data\2016\20161108__ia__general__precinct.csv,43213
Lyon,P2 - Doon Community Center,,election_geometry_ambiguous,0.4,C:\Users\Shama\OneDrive\Documents\Side_Projects\Side_Projects\IAPrecinctMap\data\2016\20161108__ia__general__precinct.csv,43257
Lyon,P3 - Inwood Community Center,,election_geometry_ambiguous,0.47058823529411764,C:\Users\Shama\OneDrive\Documents\Side_Projects\Side_Projects\IAPrecinctMap\data\2016\20161108__ia__general__precinct.csv,43301
Lyon,P4 - Larchwood Community Center,,election_geometry_ambiguous,0.55,C:\Users\Shama\OneDrive\Documents\Side_Projects\Side_Projects\IAPrecinctMap\data\2016\20161108__ia__general__precinct.csv,43345
Lyon,P5 - Lester Community Center,,election_geometry_ambiguous,0.47058823529411764,C:\Users\Shama\OneDrive\Documents\Side_Projects\Side_Projects\IAPrecinctMap\data\2016\20161108__ia__general__precinct.csv,43389
Lyon,P6 - Little Rock Town & Country Building,,election_geometry_ambiguous,0.49056603773584906,C:\Users\Shama\OneDrive\Documents\Side_Projects\Side_Projects\IAPrecinctMap\data\2016\20161108__ia__general__precinct.csv,43433
Lyon,P7 - Rock Rapids Forster Building (North),,election_geometry_ambiguous,0.52,C:\Users\Shama\OneDrive\Documents\Side_Projects\Side_Projects\IAPrecinctMap\data\2016\20161108__ia__general__precinct.csv,43477
Lyon,P8 - Rock Rapids Forster Building (South),,election_geometry_ambiguous,0.52,C:\Users\Shama\OneDrive\Documents\Side_Projects\Side_Projects\IAPrecinctMap\data\2016\20161108__ia__general__precinct.csv,43521
Madison,Grand River - Monroe - Webster and Macksburg,MADISON - GRAND RIVER-MONROE-WEBSTER,election_geometry_prefix,0.98,C:\Users\Shama\OneDrive\Documents\Side_Projects\Side_Projects\IAPrecinctMap\data\2016\20161108__ia__general__precinct.csv,43565
Madison,Jackson - Douglas - Lincoln,MADISON - JACKSON-DOUGLAS-LINCOLN,election_geometry_exact,1.0,C:\Users\Shama\OneDrive\Documents\Side_Projects\Side_Projects\IAPrecinctMap\data\2016\20161108__ia__general__precinct.csv,43611
Madison,Jefferson - Lee,MADISON - JEFFERSON-LEE,election_geometry_exact,1.0,C:\Users\Shama\OneDrive\Documents\Side_Projects\Side_Projects\IAPrecinctMap\data\2016\20161108__ia__general__precinct.csv,43657
Madison,Penn - Madison and Earlham,MADISON - PENN-MADISON,election_geometry_prefix,0.98,C:\Users\Shama\OneDrive\Documents\Side_Projects\Side_Projects\IAPrecinctMap\data\2016\20161108__ia__general__precinct.csv,43703
Madison,South Township,MADISON - SOUTH,election_geometry_prefix,0.98,C:\Users\Shama\OneDrive\Documents\Side_Projects\Side_Projects\IAPrecinctMap\data\2016\20161108__ia__general__precinct.csv,43749
Madison,Union-Crawford-Scott,MADISON - UNION-CRAWFORD-SCOTT,election_geometry_exact,1.0,C:\Users\Shama\OneDrive\Documents\Side_Projects\Side_Projects\IAPrecinctMap\data\2016\20161108__ia__general__precinct.csv,43795
Madison,Walnut - Ohio and East Peru & Truro,MADISON - WALNUT-OHIO,election_geometry_prefix,0.98,C:\Users\Shama\OneDrive\Documents\Side_Projects\Side_Projects\IAPrecinctMap\data\2016\20161108__ia__general__precinct.csv,43841
Madison,Winterset 1 - North Ward,MADISON - WINTERSET 1,election_geometry_prefix,0.98,C:\Users\Shama\OneDrive\Documents\Side_Projects\Side_Projects\IAPrecinctMap\data\2016\20161108__ia__general__precinct.csv,43887
Madison,Winterset 2 - South Ward,MADISON - WINTERSET 2,election_geometry_prefix,0.98,C:\Users\Shama\OneDrive\Documents\Side_Projects\Side_Projects\IAPrecinctMap\data\2016\20161108__ia__general__precinct.csv,43933
Mahaska,AD / MN / PG / UN,,election_geometry_ambiguous,0.5,C:\Users\Shama\OneDrive\Documents\Side_Projects\Side_Projects\IAPrecinctMap\data\2016\20161108__ia__general__precinct.csv,43979
Mahaska,BO / ST,,election_geometry_ambiguous,0.5,C:\Users\Shama\OneDrive\Documents\Side_Projects\Side_Projects\IAPrecinctMap\data\2016\20161108__ia__general__precinct.csv,44025
Mahaska,CE / HA / WO,,election_geometry_ambiguous,0.5,C:\Users\Shama\OneDrive\Documents\Side_Projects\Side_Projects\IAPrecinctMap\data\2016\20161108__ia__general__precinct.csv,44069
Mahaska,EDM / JF / WDM,,election_geometry_ambiguous,0.3157894736842105,C:\Users\Shama\OneDrive\Documents\Side_Projects\Side_Projects\IAPrecinctMap\data\2016\20161108__ia__general__precinct.csv,44115
Mahaska,GF / LN / MD,,election_geometry_ambiguous,0.5,C:\Users\Shama\OneDrive\Documents\Side_Projects\Side_Projects\IAPrecinctMap\data\2016\20161108__ia__general__precinct.csv,44159
Mahaska,OSKALOOSA - 1ST WARD,,election_geometry_ambiguous,0.8235294117647058,C:\Users\Shama\OneDrive\Documents\Side_Projects\Side_Projects\IAPrecinctMap\data\2016\20161108__ia__general__precinct.csv,44203
Mahaska,OSKALOOSA - 2ND WARD,,election_geometry_ambiguous,0.8235294117647058,C:\Users\Shama\OneDrive\Documents\Side_Projects\Side_Projects\IAPrecinctMap\data\2016\20161108__ia__general__precinct.csv,44247
Mahaska,OSKALOOSA - 3RD WARD / UNIVERSITY PARK,MAHASKA - OSKALOOSA WARD 3-UNIVERSITY PARK,election_geometry_fuzzy,0.9090909090909091,C:\Users\Shama\OneDrive\Documents\Side_Projects\Side_Projects\IAPrecinctMap\data\2016\20161108__ia__general__precinct.csv,44291
Mahaska,OSKALOOSA - 4TH WARD,,election_geometry_ambiguous,0.8235294117647058,C:\Users\Shama\OneDrive\Documents\Side_Projects\Side_Projects\IAPrecinctMap\data\2016\20161108__ia__general__precinct.csv,44335
Mahaska,PR / RL,,election_geometry_ambiguous,0.47619047619047616,C:\Users\Shama\OneDrive\Documents\Side_Projects\Side_Projects\IAPrecinctMap\data\2016\20161108__ia__general__precinct.csv,44379
Mahaska,SP / KE,,election_geometry_ambiguous,0.47058823529411764,C:\Users\Shama\OneDrive\Documents\Side_Projects\Side_Projects\IAPrecinctMap\data\2016\20161108__ia__general__precinct.csv,44423
Marion,Clay,MARION - CLAY,election_geometry_exact,1.0,C:\Users\Shama\OneDrive\Documents\Side_Projects\Side_Projects\IAPrecinctMap\data\2016\20161108__ia__general__precinct.csv,44469
Marion,Dallas,MARION - DALLAS,election_geometry_exact,1.0,C:\Users\Shama\OneDrive\Documents\Side_Projects\Side_Projects\IAPrecinctMap\data\2016\20161108__ia__general__precinct.csv,44515
Marion,Indiana Township,MARION - INDIANA TOWNSHIP,election_geometry_exact,1.0,C:\Users\Shama\OneDrive\Documents\Side_Projects\Side_Projects\IAPrecinctMap\data\2016\20161108__ia__general__precinct.csv,44561
Marion,Knoxville 1,MARION - KNOXVILLE 1,election_geometry_exact,1.0,C:\Users\Shama\OneDrive\Documents\Side_Projects\Side_Projects\IAPrecinctMap\data\2016\20161108__ia__general__precinct.csv,44607
Marion,Knoxville 2,MARION - KNOXVILLE 2,election_geometry_exact,1.0,C:\Users\Shama\OneDrive\Documents\Side_Projects\Side_Projects\IAPrecinctMap\data\2016\20161108__ia__general__precinct.csv,44653
Marion,Knoxville 3,MARION - KNOXVILLE 3,election_geometry_exact,1.0,C:\Users\Shama\OneDrive\Documents\Side_Projects\Side_Projects\IAPrecinctMap\data\2016\20161108__ia__general__precinct.csv,44699
Marion,Knoxville 4,MARION - KNOXVILLE 4,election_geometry_exact,1.0,C:\Users\Shama\OneDrive\Documents\Side_Projects\Side_Projects\IAPrecinctMap\data\2016\20161108__ia__general__precinct.csv,44745
Marion,Knoxville Twp,,election_geometry_ambiguous,0.8387096774193549,C:\Users\Shama\OneDrive\Documents\Side_Projects\Side_Projects\IAPrecinctMap\data\2016\20161108__ia__general__precinct.csv,44791
Marion,Lake Prairie Township,MARION - LAKE PRAIRIE TOWNSHIP,election_geometry_exact,1.0,C:\Users\Shama\OneDrive\Documents\Side_Projects\Side_Projects\IAPrecinctMap\data\2016\20161108__ia__general__precinct.csv,44837
Marion,Liberty,MARION - LIBERTY,election_geometry_exact,1.0,C:\Users\Shama\OneDrive\Documents\Side_Projects\Side_Projects\IAPrecinctMap\data\2016\20161108__ia__general__precinct.csv,44881
Marion,Otley,MARION - OTLEY,election_geometry_exact,1.0,C:\Users\Shama\OneDrive\Documents\Side_Projects\Side_Projects\IAPrecinctMap\data\2016\20161108__ia__general__precinct.csv,44927
Marion,Pella 1,MARION - PELLA 1,election_geometry_exact,1.0,C:\Users\Shama\OneDrive\Documents\Side_Projects\Side_Projects\IAPrecinctMap\data\2016\20161108__ia__general__precinct.csv,44973
Marion,Pella 2,MARION - PELLA 2,election_geometry_exact,1.0,C:\Users\Shama\OneDrive\Documents\Side_Projects\Side_Projects\IAPrecinctMap\data\2016\20161108__ia__general__precinct.csv,45017
Marion,Pella 3,MARION - PELLA 3,election_geometry_exact,1.0,C:\Users\Shama\OneDrive\Documents\Side_Projects\Side_Projects\IAPrecinctMap\data\2016\20161108__ia__general__precinct.csv,45061
Marion,Pella 4,MARION - PELLA 4,election_geometry_exact,1.0,C:\Users\Shama\OneDrive\Documents\Side_Projects\Side_Projects\IAPrecinctMap\data\2016\20161108__ia__general__precinct.csv,45105
Marion,Pleasantville,MARION - PLEASANTVILLE,election_geometry_exact,1.0,C:\Users\Shama\OneDrive\Documents\Side_Projects\Side_Projects\IAPrecinctMap\data\2016\20161108__ia__general__precinct.csv,45149
Marion,Washington Township,MARION - WASHINGTON TOWNSHIP,election_geometry_exact,1.0,C:\Users\Shama\OneDrive\Documents\Side_Projects\Side_Projects\IAPrecinctMap\data\2016\20161108__ia__general__precinct.csv,45195
Marshall,BANGOR / LISCOMB,MARSHALL - BANGOR/LISCOMB,election_geometry_exact,1.0,C:\Users\Shama\OneDrive\Documents\Side_Projects\Side_Projects\IAPrecinctMap\data\2016\20161108__ia__general__precinct.csv,45241
Marshall,EDEN / LOGAN,MARSHALL - EDEN/LOGAN,election_geometry_exact,1.0,C:\Users\Shama\OneDrive\Documents\Side_Projects\Side_Projects\IAPrecinctMap\data\2016\20161108__ia__general__precinct.csv,45286
Marshall,FIRST BAPTIST CHURCH 4-1/MC,,election_geometry_ambiguous,0.358974358974359,C:\Users\Shama\OneDrive\Documents\Side_Projects\Side_Projects\IAPrecinctMap\data\2016\20161108__ia__general__precinct.csv,45332
Marshall,FIRST BAPTIST CHURCH 4-2,,election_geometry_ambiguous,0.3888888888888889,C:\Users\Shama\OneDrive\Documents\Side_Projects\Side_Projects\IAPrecinctMap\data\2016\20161108__ia__general__precinct.csv,45377
Marshall,FISHER COMM CENTER 3-1/MC,,election_geometry_ambiguous,0.4864864864864865,C:\Users\Shama\OneDrive\Documents\Side_Projects\Side_Projects\IAPrecinctMap\data\2016\20161108__ia__general__precinct.csv,45422
Marshall,FISHER COMM CENTER 3-2/MC,,election_geometry_ambiguous,0.4864864864864865,C:\Users\Shama\OneDrive\Documents\Side_Projects\Side_Projects\IAPrecinctMap\data\2016\20161108__ia__general__precinct.csv,45467
Marshall,GREEN CASTLE,MARSHALL - GREEN CASTLE,election_geometry_exact,1.0,C:\Users\Shama\OneDrive\Documents\Side_Projects\Side_Projects\IAPrecinctMap\data\2016\20161108__ia__general__precinct.csv,45512
Marshall,IVH MALLOY HALL 2-1/MC,,election_geometry_ambiguous,0.5263157894736842,C:\Users\Shama\OneDrive\Documents\Side_Projects\Side_Projects\IAPrecinctMap\data\2016\20161108__ia__general__precinct.csv,45558
Marshall,IVH MALLOY HALL 2-2/MC,,election_geometry_ambiguous,0.5263157894736842,C:\Users\Shama\OneDrive\Documents\Side_Projects\Side_Projects\IAPrecinctMap\data\2016\20161108__ia__general__precinct.csv,45603
Marshall,JEFFERSON,MARSHALL - JEFFERSON,election_geometry_exact,1.0,C:\Users\Shama\OneDrive\Documents\Side_Projects\Side_Projects\IAPrecinctMap\data\2016\20161108__ia__general__precinct.csv,45648
Marshall,LEGRAND,MARSHALL - LE GRAND,election_geometry_prefix,0.98,C:\Users\Shama\OneDrive\Documents\Side_Projects\Side_Projects\IAPrecinctMap\data\2016\20161108__ia__general__precinct.csv,45694
Marshall,LIBERTY / MINERVA,MARSHALL - LIBERTY/MINERVA,election_geometry_exact,1.0,C:\Users\Shama\OneDrive\Documents\Side_Projects\Side_Projects\IAPrecinctMap\data\2016\20161108__ia__general__precinct.csv,45740
Marshall,MARIETTA / WASHINGTON,MARSHALL - MARIETTA/WASHINGTON,election_geometry_exact,1.0,C:\Users\Shama\OneDrive\Documents\Side_Projects\Side_Projects\IAPrecinctMap\data\2016\20161108__ia__general__precinct.csv,45786
Marshall,MARION / VIENNA,MARSHALL - MARION/VIENNA,election_geometry_exact,1.0,C:\Users\Shama\OneDrive\Documents\Side_Projects\Side_Projects\IAPrecinctMap\data\2016\20161108__ia__general__precinct.csv,45832
Marshall,PUBLIC LIBRARY 1-1/MC,,election_geometry_ambiguous,0.3888888888888889,C:\Users\Shama\OneDrive\Documents\Side_Projects\Side_Projects\IAPrecinctMap\data\2016\20161108__ia__general__precinct.csv,45877
Marshall,PUBLIC LIBRARY 1-2/MC,,election_geometry_ambiguous,0.3888888888888889,C:\Users\Shama\OneDrive\Documents\Side_Projects\Side_Projects\IAPrecinctMap\data\2016\20161108__ia__general__precinct.csv,45922
Marshall,STATE CENTER,MARSHALL - STATE CENTER,election_geometry_exact,1.0,C:\Users\Shama\OneDrive\Documents\Side_Projects\Side_Projects\IAPrecinctMap\data\2016\20161108__ia__general__precinct.csv,45967
Marshall,TAYLOR,MARSHALL - TAYLOR,election_geometry_exact,1.0,C:\Users\Shama\OneDrive\Documents\Side_Projects\Side_Projects\IAPrecinctMap\data\2016\20161108__ia__general__precinct.csv,46013
Marshall,TIMBER CREEK,MARSHALL - TIMBER CREEK,election_geometry_exact,1.0,C:\Users\Shama\OneDrive\Documents\Side_Projects\Side_Projects\IAPrecinctMap\data\2016\20161108__ia__general__precinct.csv,46058
Mills,Deer Creek / White Cloud,MILLS - DEER CREEK/WHITE CLOUD,election_geometry_exact,1.0,C:\Users\Shama\OneDrive\Documents\Side_Projects\Side_Projects\IAPrecinctMap\data\2016\20161108__ia__general__precinct.csv,46104
Mills,Emerson / Hastings / Indian Creek,MILLS - EMERSON/HASTINGS/INDIAN CREEK,election_geometry_exact,1.0,C:\Users\Shama\OneDrive\Documents\Side_Projects\Side_Projects\IAPrecinctMap\data\2016\20161108__ia__general__precinct.csv,46159
Mills,Glenwood Township,MILLS - GLENWOOD TOWNSHIP,election_geometry_exact,1.0,C:\Users\Shama\OneDrive\Documents\Side_Projects\Side_Projects\IAPrecinctMap\data\2016\20161108__ia__general__precinct.csv,46214
Mills,Glenwood Ward 1,MILLS - GLENWOOD WARD 1,election_geometry_exact,1.0,C:\Users\Shama\OneDrive\Documents\Side_Projects\Side_Projects\IAPrecinctMap\data\2016\20161108__ia__general__precinct.csv,46269
Mills,Glenwood Ward 2,MILLS - GLENWOOD WARD 2,election_geometry_exact,1.0,C:\Users\Shama\OneDrive\Documents\Side_Projects\Side_Projects\IAPrecinctMap\data\2016\20161108__ia__general__precinct.csv,46324
Mills,Glenwood Ward 3,MILLS - GLENWOOD WARD 3,election_geometry_exact,1.0,C:\Users\Shama\OneDrive\Documents\Side_Projects\Side_Projects\IAPrecinctMap\data\2016\20161108__ia__general__precinct.csv,46379
Mills,Henderson / Anderson,MILLS - HENDERSON/ANDERSON,election_geometry_exact,1.0,C:\Users\Shama\OneDrive\Documents\Side_Projects\Side_Projects\IAPrecinctMap\data\2016\20161108__ia__general__precinct.csv,46434
Mills,Malvern / Tabor / Center / Rawles / Silver Creek,MILLS - MALVERN/TABOR/CENTER TWP/RAWLES TWP/SILVER CREEK,election_geometry_fuzzy,0.9090909090909091,C:\Users\Shama\OneDrive\Documents\Side_Projects\Side_Projects\IAPrecinctMap\data\2016\20161108__ia__general__precinct.csv,46489
Mills,Oak / St. Mary,,election_geometry_ambiguous,0.8461538461538461,C:\Users\Shama\OneDrive\Documents\Side_Projects\Side_Projects\IAPrecinctMap\data\2016\20161108__ia__general__precinct.csv,46544
Mills,Pacific Junction / Lyons / Plattville,MILLS - PACIFIC JUNCTION/LYONS/PLATTVILLE,election_geometry_exact,1.0,C:\Users\Shama\OneDrive\Documents\Side_Projects\Side_Projects\IAPrecinctMap\data\2016\20161108__ia__general__precinct.csv,46599
Mills,Silver City / Ingraham,MILLS - SILVER CITY/INGRAHAM,election_geometry_exact,1.0,C:\Users\Shama\OneDrive\Documents\Side_Projects\Side_Projects\IAPrecinctMap\data\2016\20161108__ia__general__precinct.csv,46654
Mitchell,Carpenter Community Center,,election_geometry_ambiguous,0.30434782608695654,C:\Users\Shama\OneDrive\Documents\Side_Projects\Side_Projects\IAPrecinctMap\data\2016\20161108__ia__general__precinct.csv,46709
Mitchell,Mitchell City Hall,,election_geometry_ambiguous,0.6666666666666666,C:\Users\Shama\OneDrive\Documents\Side_Projects\Side_Projects\IAPrecinctMap\data\2016\20161108__ia__general__precinct.csv,46751
Mitchell,New Haven Church,,election_geometry_ambiguous,0.2777777777777778,C:\Users\Shama\OneDrive\Documents\Side_Projects\Side_Projects\IAPrecinctMap\data\2016\20161108__ia__general__precinct.csv,46793
Mitchell,Osage City Ward 1,,election_geometry_ambiguous,0.5405405405405406,C:\Users\Shama\OneDrive\Documents\Side_Projects\Side_Projects\IAPrecinctMap\data\2016\20161108__ia__general__precinct.csv,46835
Mitchell,Osage City Ward 2,,election_geometry_ambiguous,0.56,C:\Users\Shama\OneDrive\Documents\Side_Projects\Side_Projects\IAPrecinctMap\data\2016\20161108__ia__general__precinct.csv,46877
Mitchell,Osage City Ward 3,,election_geometry_ambiguous,0.5,C:\Users\Shama\OneDrive\Documents\Side_Projects\Side_Projects\IAPrecinctMap\data\2016\20161108__ia__general__precinct.csv,46919
Mitchell,Osage City Ward 4,,election_geometry_ambiguous,0.56,C:\Users\Shama\OneDrive\Documents\Side_Projects\Side_Projects\IAPrecinctMap\data\2016\20161108__ia__general__precinct.csv,46961
Mitchell,Osage Methodist Church,,election_geometry_ambiguous,0.47619047619047616,C:\Users\Shama\OneDrive\Documents\Side_Projects\Side_Projects\IAPrecinctMap\data\2016\20161108__ia__general__precinct.csv,47003
Mitchell,Riceville City Hall,,election_geometry_ambiguous,0.45161290322580644,C:\Users\Shama\OneDrive\Documents\Side_Projects\Side_Projects\IAPrecinctMap\data\2016\20161108__ia__general__precinct.csv,47045
Mitchell,St. Ansgar Lutheran Parish Center,,election_geometry_ambiguous,0.22727272727272727,C:\Users\Shama\OneDrive\Documents\Side_Projects\Side_Projects\IAPrecinctMap\data\2016\20161108__ia__general__precinct.csv,47087
Mitchell,Stacyville Library,,election_geometry_ambiguous,0.35714285714285715,C:\Users\Shama\OneDrive\Documents\Side_Projects\Side_Projects\IAPrecinctMap\data\2016\20161108__ia__general__precinct.csv,47129
Monona,AS-BV-KB-LN-NW FR-TU,,election_geometry_ambiguous,0.5,C:\Users\Shama\OneDrive\Documents\Side_Projects\Side_Projects\IAPrecinctMap\data\2016\20161108__ia__general__precinct.csv,47171
Monona,Castana - Center - Jordan,MONONA - CASTANA CENTER JORDAN,election_geometry_exact,1.0,C:\Users\Shama\OneDrive\Documents\Side_Projects\Side_Projects\IAPrecinctMap\data\2016\20161108__ia__general__precinct.csv,47216
Monona,Cooper - Maple - Mapleton,MONONA - COOPER MAPLE MAPLETON,election_geometry_exact,1.0,C:\Users\Shama\OneDrive\Documents\Side_Projects\Side_Projects\IAPrecinctMap\data\2016\20161108__ia__general__precinct.csv,47261
Monona,Fairview-Grant-Lake- Rodney-Whiting-West Fork,,election_geometry_ambiguous,0.8181818181818182,C:\Users\Shama\OneDrive\Documents\Side_Projects\Side_Projects\IAPrecinctMap\data\2016\20161108__ia__general__precinct.csv,47306
Monona,Moorhead-Soldier-Soldier City-Spring Valley-Willow,,election_geometry_ambiguous,0.8505747126436781,C:\Users\Shama\OneDrive\Documents\Side_Projects\Side_Projects\IAPrecinctMap\data\2016\20161108__ia__general__precinct.csv,47351
Monona,Onawa Ward 1,MONONA - ONAWA WARD 1,election_geometry_exact,1.0,C:\Users\Shama\OneDrive\Documents\Side_Projects\Side_Projects\IAPrecinctMap\data\2016\20161108__ia__general__precinct.csv,47396
Monona,Onawa Ward 2 - NE Franklin,MONONA - ONAWA WARD 2-NE FRANKLIN,election_geometry_exact,1.0,C:\Users\Shama\OneDrive\Documents\Side_Projects\Side_Projects\IAPrecinctMap\data\2016\20161108__ia__general__precinct.csv,47441
Monona,Onawa Ward 3,MONONA - ONAWA WARD 3,election_geometry_exact,1.0,C:\Users\Shama\OneDrive\Documents\Side_Projects\Side_Projects\IAPrecinctMap\data\2016\20161108__ia__general__precinct.csv,47486
Monona,Onawa Ward 4,MONONA - ONAWA WARD 4,election_geometry_exact,1.0,C:\Users\Shama\OneDrive\Documents\Side_Projects\Side_Projects\IAPrecinctMap\data\2016\20161108__ia__general__precinct.csv,47531
Monona,Sherman-SE Franklin-Blencoe-Sioux,MONONA - SHERMAN SE FRANKLIN BLENCOE SIOUX,election_geometry_exact,1.0,C:\Users\Shama\OneDrive\Documents\Side_Projects\Side_Projects\IAPrecinctMap\data\2016\20161108__ia__general__precinct.csv,47576
Monona,St. Clair - Ute,MONONA - ST CLAIR UTE,election_geometry_exact,1.0,C:\Users\Shama\OneDrive\Documents\Side_Projects\Side_Projects\IAPrecinctMap\data\2016\20161108__ia__general__precinct.csv,47621
Monroe,No. 1 - Albia First Ward,MONROE - NO. 1 ALBIA FIRST WARD,election_geometry_exact,1.0,C:\Users\Shama\OneDrive\Documents\Side_Projects\Side_Projects\IAPrecinctMap\data\2016\20161108__ia__general__precinct.csv,47666
Monroe,No. 2 - Albia Second Ward,MONROE - NO. 2 ALBIA SECOND WARD,election_geometry_exact,1.0,C:\Users\Shama\OneDrive\Documents\Side_Projects\Side_Projects\IAPrecinctMap\data\2016\20161108__ia__general__precinct.csv,47712
Monroe,No. 3 - Albia Third Ward,MONROE - NO. 3 ALBIA THIRD WARD,election_geometry_exact,1.0,C:\Users\Shama\OneDrive\Documents\Side_Projects\Side_Projects\IAPrecinctMap\data\2016\20161108__ia__general__precinct.csv,47758
Monroe,No. 4 - Albia Fourth Ward,MONROE - NO. 4 ALBIA FOURTH WARD,election_geometry_exact,1.0,C:\Users\Shama\OneDrive\Documents\Side_Projects\Side_Projects\IAPrecinctMap\data\2016\20161108__ia__general__precinct.csv,47804
Monroe,No. 5 - Courthouse,,election_geometry_ambiguous,0.4864864864864865,C:\Users\Shama\OneDrive\Documents\Side_Projects\Side_Projects\IAPrecinctMap\data\2016\20161108__ia__general__precinct.csv,47850
Monroe,No. 6 - Lovilia City and BC/CE/UN Twps,,election_geometry_ambiguous,0.4642857142857143,C:\Users\Shama\OneDrive\Documents\Side_Projects\Side_Projects\IAPrecinctMap\data\2016\20161108__ia__general__precinct.csv,47896
Monroe,No. 7 - Melrose City and FR/JK/WY/ Twps,,election_geometry_ambiguous,0.42105263157894735,C:\Users\Shama\OneDrive\Documents\Side_Projects\Side_Projects\IAPrecinctMap\data\2016\20161108__ia__general__precinct.csv,47942
Montgomery,#1 Gold Fair Building,,election_geometry_ambiguous,0.35555555555555557,C:\Users\Shama\OneDrive\Documents\Side_Projects\Side_Projects\IAPrecinctMap\data\2016\20161108__ia__general__precinct.csv,47988
Montgomery,#2 Red Oak Fire Station,,election_geometry_ambiguous,0.4406779661016949,C:\Users\Shama\OneDrive\Documents\Side_Projects\Side_Projects\IAPrecinctMap\data\2016\20161108__ia__general__precinct.csv,48043
Montgomery,#3 First Christian Church,,election_geometry_ambiguous,0.32786885245901637,C:\Users\Shama\OneDrive\Documents\Side_Projects\Side_Projects\IAPrecinctMap\data\2016\20161108__ia__general__precinct.csv,48098
Montgomery,#4 Elliott Community Building,,election_geometry_ambiguous,0.37735849056603776,C:\Users\Shama\OneDrive\Documents\Side_Projects\Side_Projects\IAPrecinctMap\data\2016\20161108__ia__general__precinct.csv,48153
Montgomery,#5 Grant Fire Station,,election_geometry_ambiguous,0.5263157894736842,C:\Users\Shama\OneDrive\Documents\Side_Projects\Side_Projects\IAPrecinctMap\data\2016\20161108__ia__general__precinct.csv,48208
Montgomery,#6 Stanton Fire Station,,election_geometry_ambiguous,0.34375,C:\Users\Shama\OneDrive\Documents\Side_Projects\Side_Projects\IAPrecinctMap\data\2016\20161108__ia__general__precinct.csv,48263
Montgomery,#7 Villisca Community Building,,election_geometry_ambiguous,0.37037037037037035,C:\Users\Shama\OneDrive\Documents\Side_Projects\Side_Projects\IAPrecinctMap\data\2016\20161108__ia__general__precinct.csv,48317
Muscatine,Bloomington,MUSCATINE - BLOOMINGTON,election_geometry_exact,1.0,C:\Users\Shama\OneDrive\Documents\Side_Projects\Side_Projects\IAPrecinctMap\data\2016\20161108__ia__general__precinct.csv,48371
Muscatine,Fruitland One-City,MUSCATINE - FRUITLAND ONE,election_geometry_prefix,0.98,C:\Users\Shama\OneDrive\Documents\Side_Projects\Side_Projects\IAPrecinctMap\data\2016\20161108__ia__general__precinct.csv,48419
Muscatine,Fruitland Two/Lake-Fruitl,MUSCATINE - FRUITLAND TWO/LAKE,election_geometry_prefix,0.98,C:\Users\Shama\OneDrive\Documents\Side_Projects\Side_Projects\IAPrecinctMap\data\2016\20161108__ia__general__precinct.csv,48467
Muscatine,Fulton/Montpelier-City,MUSCATINE - FULTON/MONTPELIER,election_geometry_prefix,0.98,C:\Users\Shama\OneDrive\Documents\Side_Projects\Side_Projects\IAPrecinctMap\data\2016\20161108__ia__general__precinct.csv,48515
Muscatine,Goshen-City,MUSCATINE - GOSHEN CITY,election_geometry_exact,1.0,C:\Users\Shama\OneDrive\Documents\Side_Projects\Side_Projects\IAPrecinctMap\data\2016\20161108__ia__general__precinct.csv,48563
Muscatine,Muscatine Eighth,,election_geometry_ambiguous,0.8,C:\Users\Shama\OneDrive\Documents\Side_Projects\Side_Projects\IAPrecinctMap\data\2016\20161108__ia__general__precinct.csv,48611
Muscatine,Muscatine Fifth,,election_geometry_ambiguous,0.8275862068965517,C:\Users\Shama\OneDrive\Documents\Side_Projects\Side_Projects\IAPrecinctMap\data\2016\20161108__ia__general__precinct.csv,48659
Muscatine,Muscatine First,,election_geometry_ambiguous,0.8275862068965517,C:\Users\Shama\OneDrive\Documents\Side_Projects\Side_Projects\IAPrecinctMap\data\2016\20161108__ia__general__precinct.csv,48707
Muscatine,Muscatine Fourth,,election_geometry_ambiguous,0.8,C:\Users\Shama\OneDrive\Documents\Side_Projects\Side_Projects\IAPrecinctMap\data\2016\20161108__ia__general__precinct.csv,48755
Muscatine,Muscatine Ninth,,election_geometry_ambiguous,0.8275862068965517,C:\Users\Shama\OneDrive\Documents\Side_Projects\Side_Projects\IAPrecinctMap\data\2016\20161108__ia__general__precinct.csv,48803
Muscatine,Muscatine Second,,election_geometry_ambiguous,0.8,C:\Users\Shama\OneDrive\Documents\Side_Projects\Side_Projects\IAPrecinctMap\data\2016\20161108__ia__general__precinct.csv,48851
Muscatine,Muscatine Seventh,,election_geometry_ambiguous,0.7741935483870968,C:\Users\Shama\OneDrive\Documents\Side_Projects\Side_Projects\IAPrecinctMap\data\2016\20161108__ia__general__precinct.csv,48899
Muscatine,Muscatine Sixth,,election_geometry_ambiguous,0.8275862068965517,C:\Users\Shama\OneDrive\Documents\Side_Projects\Side_Projects\IAPrecinctMap\data\2016\20161108__ia__general__precinct.csv,48947
Muscatine,Muscatine Tenth,,election_geometry_ambiguous,0.8275862068965517,C:\Users\Shama\OneDrive\Documents\Side_Projects\Side_Projects\IAPrecinctMap\data\2016\20161108__ia__general__precinct.csv,48995
Muscatine,Muscatine Third,,election_geometry_ambiguous,0.8275862068965517,C:\Users\Shama\OneDrive\Documents\Side_Projects\Side_Projects\IAPrecinctMap\data\2016\20161108__ia__general__precinct.csv,49043
Muscatine,Orono-City,MUSCATINE - ORONO CITY,election_geometry_exact,1.0,C:\Users\Shama\OneDrive\Documents\Side_Projects\Side_Projects\IAPrecinctMap\data\2016\20161108__ia__general__precinct.csv,49091
Muscatine,Pike-City,MUSCATINE - PIKE CITY,election_geometry_exact,1.0,C:\Users\Shama\OneDrive\Documents\Side_Projects\Side_Projects\IAPrecinctMap\data\2016\20161108__ia__general__precinct.csv,49139
Muscatine,Seventy-Six/Cedar-Seventy,MUSCATINE - SEVENTY-SIX/CEDAR,election_geometry_prefix,0.98,C:\Users\Shama\OneDrive\Documents\Side_Projects\Side_Projects\IAPrecinctMap\data\2016\20161108__ia__general__precinct.csv,49187
Muscatine,Sweetland,MUSCATINE - SWEETLAND,election_geometry_exact,1.0,C:\Users\Shama\OneDrive\Documents\Side_Projects\Side_Projects\IAPrecinctMap\data\2016\20161108__ia__general__precinct.csv,49235
Muscatine,West Liberty 2,MUSCATINE - WEST LIBERTY 2,election_geometry_exact,1.0,C:\Users\Shama\OneDrive\Documents\Side_Projects\Side_Projects\IAPrecinctMap\data\2016\20161108__ia__general__precinct.csv,49283
Muscatine,West Liberty/Wapsie-WL 1,,election_geometry_ambiguous,0.8444444444444444,C:\Users\Shama\OneDrive\Documents\Side_Projects\Side_Projects\IAPrecinctMap\data\2016\20161108__ia__general__precinct.csv,49331
Muscatine,Wilton City,MUSCATINE - WILTON CITY,election_geometry_exact,1.0,C:\Users\Shama\OneDrive\Documents\Side_Projects\Side_Projects\IAPrecinctMap\data\2016\20161108__ia__general__precinct.csv,49379
Muscatine,Wilton/Moscow-Wilton,MUSCATINE - WILTON/MOSCOW,election_geometry_prefix,0.98,C:\Users\Shama\OneDrive\Documents\Side_Projects\Side_Projects\IAPrecinctMap\data\2016\20161108__ia__general__precinct.csv,49423
O'Brien,Carroll-Floyd,OBRIEN - CARROLL-FLOYD,election_geometry_exact,1.0,C:\Users\Shama\OneDrive\Documents\Side_Projects\Side_Projects\IAPrecinctMap\data\2016\20161108__ia__general__precinct.csv,49471
O'Brien,Franklin,OBRIEN - FRANKLIN,election_geometry_exact,1.0,C:\Users\Shama\OneDrive\Documents\Side_Projects\Side_Projects\IAPrecinctMap\data\2016\20161108__ia__general__precinct.csv,49518
O'Brien,Hartley-Lincoln-Omega,OBRIEN - HARTLEY-LINCOLN-OMEGA,election_geometry_exact,1.0,C:\Users\Shama\OneDrive\Documents\Side_Projects\Side_Projects\IAPrecinctMap\data\2016\20161108__ia__general__precinct.csv,49565
O'Brien,Sheldon 1st Ward,OBRIEN - SHELDON 1ST WARD,election_geometry_exact,1.0,C:\Users\Shama\OneDrive\Documents\Side_Projects\Side_Projects\IAPrecinctMap\data\2016\20161108__ia__general__precinct.csv,49612
O'Brien,Sheldon 2nd Ward,OBRIEN - SHELDON 2ND WARD,election_geometry_exact,1.0,C:\Users\Shama\OneDrive\Documents\Side_Projects\Side_Projects\IAPrecinctMap\data\2016\20161108__ia__general__precinct.csv,49659
O'Brien,Sheldon 3rd Ward,OBRIEN - SHELDON 3RD WARD,election_geometry_exact,1.0,C:\Users\Shama\OneDrive\Documents\Side_Projects\Side_Projects\IAPrecinctMap\data\2016\20161108__ia__general__precinct.csv,49706
O'Brien,Summit-Center-Dale-Highland,OBRIEN - SUMMIT-CENTER-DALE-HIGHLAND,election_geometry_exact,1.0,C:\Users\Shama\OneDrive\Documents\Side_Projects\Side_Projects\IAPrecinctMap\data\2016\20161108__ia__general__precinct.csv,49753
O'Brien,Union-Baker-Caledonia,OBRIEN - UNION-BAKER-CALEDONIA,election_geometry_exact,1.0,C:\Users\Shama\OneDrive\Documents\Side_Projects\Side_Projects\IAPrecinctMap\data\2016\20161108__ia__general__precinct.csv,49800
O'Brien,Waterman-Grant-Liberty,OBRIEN - WATERMAN-GRANT-LIBERTY,election_geometry_exact,1.0,C:\Users\Shama\OneDrive\Documents\Side_Projects\Side_Projects\IAPrecinctMap\data\2016\20161108__ia__general__precinct.csv,49847
Osceola,Ashton,OSCEOLA - ASHTON PRECINCT 0100,election_geometry_prefix,0.98,C:\Users\Shama\OneDrive\Documents\Side_Projects\Side_Projects\IAPrecinctMap\data\2016\20161108__ia__general__precinct.csv,49894
Osceola,Harris,OSCEOLA - HARRIS PRECINCT 0200,election_geometry_prefix,0.98,C:\Users\Shama\OneDrive\Documents\Side_Projects\Side_Projects\IAPrecinctMap\data\2016\20161108__ia__general__precinct.csv,49938
Osceola,May City,OSCEOLA - MAY CITY PRECINCT 0300,election_geometry_prefix,0.98,C:\Users\Shama\OneDrive\Documents\Side_Projects\Side_Projects\IAPrecinctMap\data\2016\20161108__ia__general__precinct.csv,49982
Osceola,Melvin,OSCEOLA - MELVIN PRECINCT 0400,election_geometry_prefix,0.98,C:\Users\Shama\OneDrive\Documents\Side_Projects\Side_Projects\IAPrecinctMap\data\2016\20161108__ia__general__precinct.csv,50026
Osceola,Ocheyedan,OSCEOLA - OCHEYEDAN PRECINCT 0500,election_geometry_prefix,0.98,C:\Users\Shama\OneDrive\Documents\Side_Projects\Side_Projects\IAPrecinctMap\data\2016\20161108__ia__general__precinct.csv,50070
Osceola,Osceola 1,OSCEOLA - OSCEOLA 1 PRECINCT 0600,election_geometry_prefix,0.98,C:\Users\Shama\OneDrive\Documents\Side_Projects\Side_Projects\IAPrecinctMap\data\2016\20161108__ia__general__precinct.csv,50114
Osceola,Osceola 2,OSCEOLA - OSCEOLA 2 PRECINCT 0700,election_geometry_prefix,0.98,C:\Users\Shama\OneDrive\Documents\Side_Projects\Side_Projects\IAPrecinctMap\data\2016\20161108__ia__general__precinct.csv,50158
Osceola,Osceola 3,OSCEOLA - OSCEOLA 3 PRECINCT 0800,election_geometry_prefix,0.98,C:\Users\Shama\OneDrive\Documents\Side_Projects\Side_Projects\IAPrecinctMap\data\2016\20161108__ia__general__precinct.csv,50202
Page,Clarinda Ward 1,PAGE - CLARINDA WARD 1,election_geometry_exact,1.0,C:\Users\Shama\OneDrive\Documents\Side_Projects\Side_Projects\IAPrecinctMap\data\2016\20161108__ia__general__precinct.csv,50246
Page,Clarinda Ward 2,PAGE - CLARINDA WARD 2,election_geometry_exact,1.0,C:\Users\Shama\OneDrive\Documents\Side_Projects\Side_Projects\IAPrecinctMap\data\2016\20161108__ia__general__precinct.csv,50300
Page,Essex City Hall,,election_geometry_ambiguous,0.2413793103448276,C:\Users\Shama\OneDrive\Documents\Side_Projects\Side_Projects\IAPrecinctMap\data\2016\20161108__ia__general__precinct.csv,50354
Page,Page County Courthouse,,election_geometry_ambiguous,0.39285714285714285,C:\Users\Shama\OneDrive\Documents\Side_Projects\Side_Projects\IAPrecinctMap\data\2016\20161108__ia__general__precinct.csv,50408
Page,Shenandoah Fire Station,,election_geometry_ambiguous,0.6285714285714286,C:\Users\Shama\OneDrive\Documents\Side_Projects\Side_Projects\IAPrecinctMap\data\2016\20161108__ia__general__precinct.csv,50462
Page,Shenandoah Ward 1,,election_geometry_ambiguous,0.8275862068965517,C:\Users\Shama\OneDrive\Documents\Side_Projects\Side_Projects\IAPrecinctMap\data\2016\20161108__ia__general__precinct.csv,50516
Page,Shenandoah Ward 2,,election_geometry_ambiguous,0.8275862068965517,C:\Users\Shama\OneDrive\Documents\Side_Projects\Side_Projects\IAPrecinctMap\data\2016\20161108__ia__general__precinct.csv,50570
Page,Shenandoah Ward 3,,election_geometry_ambiguous,0.8275862068965517,C:\Users\Shama\OneDrive\Documents\Side_Projects\Side_Projects\IAPrecinctMap\data\2016\20161108__ia__general__precinct.csv,50624
Palo Alto,EM Ward 3/SL/pt.HL&WL&EM,PALO ALTO - EM WARD 3/AYRSHIRE/PT. HL&WL&EM,election_geometry_fuzzy,0.8857142857142857,C:\Users\Shama\OneDrive\Documents\Side_Projects\Side_Projects\IAPrecinctMap\data\2016\20161108__ia__general__precinct.csv,50678
Palo Alto,Emmetsburg Ward 1,PALO ALTO - EMMETSBURG WARD 1,election_geometry_exact,1.0,C:\Users\Shama\OneDrive\Documents\Side_Projects\Side_Projects\IAPrecinctMap\data\2016\20161108__ia__general__precinct.csv,50722
Palo Alto,Emmetsburg Ward 2,PALO ALTO - EMMETSBURG WARD 2,election_geometry_exact,1.0,C:\Users\Shama\OneDrive\Documents\Side_Projects\Side_Projects\IAPrecinctMap\data\2016\20161108__ia__general__precinct.csv,50766
Palo Alto,EMWard4/FV/FF/FR/IN/VN/ptEM,,election_geometry_ambiguous,0.8235294117647058,C:\Users\Shama\OneDrive\Documents\Side_Projects\Side_Projects\IAPrecinctMap\data\2016\20161108__ia__general__precinct.csv,50810
Palo Alto,GR/RV/LI/pt. HL&WL,PALO ALTO - GR/RV/LI/PT. HL&WL,election_geometry_exact,1.0,C:\Users\Shama\OneDrive\Documents\Side_Projects\Side_Projects\IAPrecinctMap\data\2016\20161108__ia__general__precinct.csv,50854
Palo Alto,WB/EL/RL/BO/GO/NV,PALO ALTO - WB/EL/RL/BO/GO/NV,election_geometry_exact,1.0,C:\Users\Shama\OneDrive\Documents\Side_Projects\Side_Projects\IAPrecinctMap\data\2016\20161108__ia__general__precinct.csv,50898
Plymouth,Akron Library,,election_geometry_ambiguous,0.29411764705882354,C:\Users\Shama\OneDrive\Documents\Side_Projects\Side_Projects\IAPrecinctMap\data\2016\20161108__ia__general__precinct.csv,50942
Plymouth,American Bank,,election_geometry_ambiguous,0.2222222222222222,C:\Users\Shama\OneDrive\Documents\Side_Projects\Side_Projects\IAPrecinctMap\data\2016\20161108__ia__general__precinct.csv,50987
Plymouth,Brunsville Legion,,election_geometry_ambiguous,0.21052631578947367,C:\Users\Shama\OneDrive\Documents\Side_Projects\Side_Projects\IAPrecinctMap\data\2016\20161108__ia__general__precinct.csv,51034
Plymouth,Courthouse Annex,,election_geometry_ambiguous,0.4,C:\Users\Shama\OneDrive\Documents\Side_Projects\Side_Projects\IAPrecinctMap\data\2016\20161108__ia__general__precinct.csv,51079
Plymouth,Hinton Community Center,,election_geometry_ambiguous,0.21621621621621623,C:\Users\Shama\OneDrive\Documents\Side_Projects\Side_Projects\IAPrecinctMap\data\2016\20161108__ia__general__precinct.csv,51124
Plymouth,Kingsley Community Center,,election_geometry_ambiguous,0.2564102564102564,C:\Users\Shama\OneDrive\Documents\Side_Projects\Side_Projects\IAPrecinctMap\data\2016\20161108__ia__general__precinct.csv,51169
Plymouth,Kissinger Community Center,,election_geometry_ambiguous,0.1,C:\Users\Shama\OneDrive\Documents\Side_Projects\Side_Projects\IAPrecinctMap\data\2016\20161108__ia__general__precinct.csv,51214
Plymouth,Le Mars Convention Center-11,,election_geometry_ambiguous,0.3673469387755102,C:\Users\Shama\OneDrive\Documents\Side_Projects\Side_Projects\IAPrecinctMap\data\2016\20161108__ia__general__precinct.csv,51259
Plymouth,Le Mars Convention Center-12,,election_geometry_ambiguous,0.3673469387755102,C:\Users\Shama\OneDrive\Documents\Side_Projects\Side_Projects\IAPrecinctMap\data\2016\20161108__ia__general__precinct.csv,51304
Plymouth,Le Mars Convention Center-13,,election_geometry_ambiguous,0.3673469387755102,C:\Users\Shama\OneDrive\Documents\Side_Projects\Side_Projects\IAPrecinctMap\data\2016\20161108__ia__general__precinct.csv,51349
Plymouth,Perry Township Hall,,election_geometry_ambiguous,0.30303030303030304,C:\Users\Shama\OneDrive\Documents\Side_Projects\Side_Projects\IAPrecinctMap\data\2016\20161108__ia__general__precinct.csv,51394
Plymouth,Remsen Library,,election_geometry_ambiguous,0.2857142857142857,C:\Users\Shama\OneDrive\Documents\Side_Projects\Side_Projects\IAPrecinctMap\data\2016\20161108__ia__general__precinct.csv,51439
Plymouth,Westfield Community Center,,election_geometry_ambiguous,0.2,C:\Users\Shama\OneDrive\Documents\Side_Projects\Side_Projects\IAPrecinctMap\data\2016\20161108__ia__general__precinct.csv,51484
Pocahontas,Bellville-Lizard-S Lake-S Lincoln,POCAHONTAS - BELLVILLE-LIZARD-S LAKE-S LINCOLN,election_geometry_exact,1.0,C:\Users\Shama\OneDrive\Documents\Side_Projects\Side_Projects\IAPrecinctMap\data\2016\20161108__ia__general__precinct.csv,51529
Pocahontas,Cedar-Colfax-Dover,POCAHONTAS - CEDAR-COLFAX-DOVER,election_geometry_exact,1.0,C:\Users\Shama\OneDrive\Documents\Side_Projects\Side_Projects\IAPrecinctMap\data\2016\20161108__ia__general__precinct.csv,51571
Pocahontas,Des Moines-Cummins-Powhatan- N Garfield-N Sherman-N Roosevelt,,election_geometry_ambiguous,0.7755102040816326,C:\Users\Shama\OneDrive\Documents\Side_Projects\Side_Projects\IAPrecinctMap\data\2016\20161108__ia__general__precinct.csv,51613
Pocahontas,Grant-S Marshall-S Sherman,POCAHONTAS - GRANT-S MARSHALL-S SHERMAN,election_geometry_exact,1.0,C:\Users\Shama\OneDrive\Documents\Side_Projects\Side_Projects\IAPrecinctMap\data\2016\20161108__ia__general__precinct.csv,51655
Pocahontas,Pocahontas #1,POCAHONTAS - POCAHONTAS #1,election_geometry_exact,1.0,C:\Users\Shama\OneDrive\Documents\Side_Projects\Side_Projects\IAPrecinctMap\data\2016\20161108__ia__general__precinct.csv,51697
Pocahontas,Pocahontas #2,POCAHONTAS - POCAHONTAS #2,election_geometry_exact,1.0,C:\Users\Shama\OneDrive\Documents\Side_Projects\Side_Projects\IAPrecinctMap\data\2016\20161108__ia__general__precinct.csv,51739
Pocahontas,Swan Lake-N Marshall,POCAHONTAS - SWAN LAKE-N MARSHALL,election_geometry_exact,1.0,C:\Users\Shama\OneDrive\Documents\Side_Projects\Side_Projects\IAPrecinctMap\data\2016\20161108__ia__general__precinct.csv,51781
Polk,ALLEMAN,POLK - ALLEMAN 01,election_geometry_prefix,0.98,C:\Users\Shama\OneDrive\Documents\Side_Projects\Side_Projects\IAPrecinctMap\data\2016\20161108__ia__general__precinct.csv,51823
Polk,ALLEN,POLK - ALLEN 01,election_geometry_prefix,0.98,C:\Users\Shama\OneDrive\Documents\Side_Projects\Side_Projects\IAPrecinctMap\data\2016\20161108__ia__general__precinct.csv,51887
Polk,ALTOONA 1,POLK - ALTOONA 01,election_geometry_fuzzy,0.9473684210526315,C:\Users\Shama\OneDrive\Documents\Side_Projects\Side_Projects\IAPrecinctMap\data\2016\20161108__ia__general__precinct.csv,51951
Polk,ALTOONA 2,POLK - ALTOONA 02,election_geometry_fuzzy,0.9473684210526315,C:\Users\Shama\OneDrive\Documents\Side_Projects\Side_Projects\IAPrecinctMap\data\2016\20161108__ia__general__precinct.csv,52015
Polk,ALTOONA 3,POLK - ALTOONA 03,election_geometry_fuzzy,0.9473684210526315,C:\Users\Shama\OneDrive\Documents\Side_Projects\Side_Projects\IAPrecinctMap\data\2016\20161108__ia__general__precinct.csv,52079
Polk,ALTOONA 4,POLK - ALTOONA 04,election_geometry_fuzzy,0.9473684210526315,C:\Users\Shama\OneDrive\Documents\Side_Projects\Side_Projects\IAPrecinctMap\data\2016\20161108__ia__general__precinct.csv,52143
Polk,ALTOONA 5,POLK - ALTOONA 05,election_geometry_fuzzy,0.9473684210526315,C:\Users\Shama\OneDrive\Documents\Side_Projects\Side_Projects\IAPrecinctMap\data\2016\20161108__ia__general__precinct.csv,52207
Polk,ANKENY 1,,election_geometry_ambiguous,0.9411764705882353,C:\Users\Shama\OneDrive\Documents\Side_Projects\Side_Projects\IAPrecinctMap\data\2016\20161108__ia__general__precinct.csv,52271
Polk,ANKENY 10,POLK - ANKENY 10,election_geometry_exact,1.0,C:\Users\Shama\OneDrive\Documents\Side_Projects\Side_Projects\IAPrecinctMap\data\2016\20161108__ia__general__precinct.csv,52335
Polk,ANKENY 11,POLK - ANKENY 11,election_geometry_exact,1.0,C:\Users\Shama\OneDrive\Documents\Side_Projects\Side_Projects\IAPrecinctMap\data\2016\20161108__ia__general__precinct.csv,52399
Polk,ANKENY 12,POLK - ANKENY 12,election_geometry_exact,1.0,C:\Users\Shama\OneDrive\Documents\Side_Projects\Side_Projects\IAPrecinctMap\data\2016\20161108__ia__general__precinct.csv,52463
Polk,ANKENY 13,POLK - ANKENY 13,election_geometry_exact,1.0,C:\Users\Shama\OneDrive\Documents\Side_Projects\Side_Projects\IAPrecinctMap\data\2016\20161108__ia__general__precinct.csv,52527
Polk,ANKENY 14,POLK - ANKENY 14,election_geometry_exact,1.0,C:\Users\Shama\OneDrive\Documents\Side_Projects\Side_Projects\IAPrecinctMap\data\2016\20161108__ia__general__precinct.csv,52591
Polk,ANKENY 15,POLK - ANKENY 15,election_geometry_exact,1.0,C:\Users\Shama\OneDrive\Documents\Side_Projects\Side_Projects\IAPrecinctMap\data\2016\20161108__ia__general__precinct.csv,52657
Polk,ANKENY 2,,election_geometry_ambiguous,0.9411764705882353,C:\Users\Shama\OneDrive\Documents\Side_Projects\Side_Projects\IAPrecinctMap\data\2016\20161108__ia__general__precinct.csv,52723
Polk,ANKENY 3,,election_geometry_ambiguous,0.9411764705882353,C:\Users\Shama\OneDrive\Documents\Side_Projects\Side_Projects\IAPrecinctMap\data\2016\20161108__ia__general__precinct.csv,52787
Polk,ANKENY 4,,election_geometry_ambiguous,0.9411764705882353,C:\Users\Shama\OneDrive\Documents\Side_Projects\Side_Projects\IAPrecinctMap\data\2016\20161108__ia__general__precinct.csv,52851
Polk,ANKENY 5,,election_geometry_ambiguous,0.9411764705882353,C:\Users\Shama\OneDrive\Documents\Side_Projects\Side_Projects\IAPrecinctMap\data\2016\20161108__ia__general__precinct.csv,52915
Polk,ANKENY 6,POLK - ANKENY 06,election_geometry_fuzzy,0.9411764705882353,C:\Users\Shama\OneDrive\Documents\Side_Projects\Side_Projects\IAPrecinctMap\data\2016\20161108__ia__general__precinct.csv,52979
Polk,ANKENY 7,POLK - ANKENY 07,election_geometry_fuzzy,0.9411764705882353,C:\Users\Shama\OneDrive\Documents\Side_Projects\Side_Projects\IAPrecinctMap\data\2016\20161108__ia__general__precinct.csv,53045
Polk,ANKENY 8,POLK - ANKENY 08,election_geometry_fuzzy,0.9411764705882353,C:\Users\Shama\OneDrive\Documents\Side_Projects\Side_Projects\IAPrecinctMap\data\2016\20161108__ia__general__precinct.csv,53111
Polk,ANKENY 9,POLK - ANKENY 09,election_geometry_fuzzy,0.9411764705882353,C:\Users\Shama\OneDrive\Documents\Side_Projects\Side_Projects\IAPrecinctMap\data\2016\20161108__ia__general__precinct.csv,53177
Polk,BONDURANT 1,POLK - BONDURANT 01,election_geometry_fuzzy,0.9565217391304348,C:\Users\Shama\OneDrive\Documents\Side_Projects\Side_Projects\IAPrecinctMap\data\2016\20161108__ia__general__precinct.csv,53243
Polk,BONDURANT 2,POLK - BONDURANT 02,election_geometry_fuzzy,0.9565217391304348,C:\Users\Shama\OneDrive\Documents\Side_Projects\Side_Projects\IAPrecinctMap\data\2016\20161108__ia__general__precinct.csv,53307
Polk,CLAY,POLK - CLAY PRECINCT 01,election_geometry_prefix,0.98,C:\Users\Shama\OneDrive\Documents\Side_Projects\Side_Projects\IAPrecinctMap\data\2016\20161108__ia__general__precinct.csv,53371
Polk,CLIVE 1,POLK - CLIVE 01,election_geometry_fuzzy,0.9333333333333333,C:\Users\Shama\OneDrive\Documents\Side_Projects\Side_Projects\IAPrecinctMap\data\2016\20161108__ia__general__precinct.csv,53435
Polk,CLIVE 2,POLK - CLIVE 02,election_geometry_fuzzy,0.9333333333333333,C:\Users\Shama\OneDrive\Documents\Side_Projects\Side_Projects\IAPrecinctMap\data\2016\20161108__ia__general__precinct.csv,53502
Polk,CLIVE 3,POLK - CLIVE 03,election_geometry_fuzzy,0.9333333333333333,C:\Users\Shama\OneDrive\Documents\Side_Projects\Side_Projects\IAPrecinctMap\data\2016\20161108__ia__general__precinct.csv,53569
Polk,CLIVE 4,POLK - CLIVE 04,election_geometry_fuzzy,0.9333333333333333,C:\Users\Shama\OneDrive\Documents\Side_Projects\Side_Projects\IAPrecinctMap\data\2016\20161108__ia__general__precinct.csv,53636
Polk,CROCKER 1,POLK - CROCKER 01,election_geometry_fuzzy,0.9473684210526315,C:\Users\Shama\OneDrive\Documents\Side_Projects\Side_Projects\IAPrecinctMap\data\2016\20161108__ia__general__precinct.csv,53703
Polk,CROCKER 2,POLK - CROCKER 02,election_geometry_fuzzy,0.9473684210526315,C:\Users\Shama\OneDrive\Documents\Side_Projects\Side_Projects\IAPrecinctMap\data\2016\20161108__ia__general__precinct.csv,53769
Polk,DELAWARE 1,POLK - DELAWARE 01,election_geometry_fuzzy,0.9523809523809523,C:\Users\Shama\OneDrive\Documents\Side_Projects\Side_Projects\IAPrecinctMap\data\2016\20161108__ia__general__precinct.csv,53835
Polk,DELAWARE 2,POLK - DELAWARE 02,election_geometry_fuzzy,0.9523809523809523,C:\Users\Shama\OneDrive\Documents\Side_Projects\Side_Projects\IAPrecinctMap\data\2016\20161108__ia__general__precinct.csv,53901
Polk,DES MOINES 1,,election_geometry_ambiguous,0.96,C:\Users\Shama\OneDrive\Documents\Side_Projects\Side_Projects\IAPrecinctMap\data\2016\20161108__ia__general__precinct.csv,53970
Polk,DES MOINES 10,POLK - DES MOINES 10,election_geometry_exact,1.0,C:\Users\Shama\OneDrive\Documents\Side_Projects\Side_Projects\IAPrecinctMap\data\2016\20161108__ia__general__precinct.csv,54036
Polk,DES MOINES 11,POLK - DES MOINES 11,election_geometry_exact,1.0,C:\Users\Shama\OneDrive\Documents\Side_Projects\Side_Projects\IAPrecinctMap\data\2016\20161108__ia__general__precinct.csv,54102
Polk,DES MOINES 12,POLK - DES MOINES 12,election_geometry_exact,1.0,C:\Users\Shama\OneDrive\Documents\Side_Projects\Side_Projects\IAPrecinctMap\data\2016\20161108__ia__general__precinct.csv,54168
Polk,DES MOINES 13,POLK - DES MOINES 13,election_geometry_exact,1.0,C:\Users\Shama\OneDrive\Documents\Side_Projects\Side_Projects\IAPrecinctMap\data\2016\20161108__ia__general__precinct.csv,54234
Polk,DES MOINES 14,POLK - DES MOINES 14,election_geometry_exact,1.0,C:\Users\Shama\OneDrive\Documents\Side_Projects\Side_Projects\IAPrecinctMap\data\2016\20161108__ia__general__precinct.csv,54300
Polk,DES MOINES 15,POLK - DES MOINES 15,election_geometry_exact,1.0,C:\Users\Shama\OneDrive\Documents\Side_Projects\Side_Projects\IAPrecinctMap\data\2016\20161108__ia__general__precinct.csv,54366
Polk,DES MOINES 16,POLK - DES MOINES 16,election_geometry_exact,1.0,C:\Users\Shama\OneDrive\Documents\Side_Projects\Side_Projects\IAPrecinctMap\data\2016\20161108__ia__general__precinct.csv,54432
Polk,DES MOINES 17,POLK - DES MOINES 17,election_geometry_exact,1.0,C:\Users\Shama\OneDrive\Documents\Side_Projects\Side_Projects\IAPrecinctMap\data\2016\20161108__ia__general__precinct.csv,54498
Polk,DES MOINES 18,POLK - DES MOINES 18,election_geometry_exact,1.0,C:\Users\Shama\OneDrive\Documents\Side_Projects\Side_Projects\IAPrecinctMap\data\2016\20161108__ia__general__precinct.csv,54564
Polk,DES MOINES 19,POLK - DES MOINES 19,election_geometry_exact,1.0,C:\Users\Shama\OneDrive\Documents\Side_Projects\Side_Projects\IAPrecinctMap\data\2016\20161108__ia__general__precinct.csv,54630
Polk,DES MOINES 2,,election_geometry_ambiguous,0.96,C:\Users\Shama\OneDrive\Documents\Side_Projects\Side_Projects\IAPrecinctMap\data\2016\20161108__ia__general__precinct.csv,54696
Polk,DES MOINES 20,POLK - DES MOINES 20,election_geometry_exact,1.0,C:\Users\Shama\OneDrive\Documents\Side_Projects\Side_Projects\IAPrecinctMap\data\2016\20161108__ia__general__precinct.csv,54765
Polk,DES MOINES 21,POLK - DES MOINES 21,election_geometry_exact,1.0,C:\Users\Shama\OneDrive\Documents\Side_Projects\Side_Projects\IAPrecinctMap\data\2016\20161108__ia__general__precinct.csv,54834
Polk,DES MOINES 22,POLK - DES MOINES 22,election_geometry_exact,1.0,C:\Users\Shama\OneDrive\Documents\Side_Projects\Side_Projects\IAPrecinctMap\data\2016\20161108__ia__general__precinct.csv,54903
Polk,DES MOINES 23,POLK - DES MOINES 23,election_geometry_exact,1.0,C:\Users\Shama\OneDrive\Documents\Side_Projects\Side_Projects\IAPrecinctMap\data\2016\20161108__ia__general__precinct.csv,54972
Polk,DES MOINES 24,POLK - DES MOINES 24,election_geometry_exact,1.0,C:\Users\Shama\OneDrive\Documents\Side_Projects\Side_Projects\IAPrecinctMap\data\2016\20161108__ia__general__precinct.csv,55041
Polk,DES MOINES 25,POLK - DES MOINES 25,election_geometry_exact,1.0,C:\Users\Shama\OneDrive\Documents\Side_Projects\Side_Projects\IAPrecinctMap\data\2016\20161108__ia__general__precinct.csv,55110
Polk,DES MOINES 26,POLK - DES MOINES 26,election_geometry_exact,1.0,C:\Users\Shama\OneDrive\Documents\Side_Projects\Side_Projects\IAPrecinctMap\data\2016\20161108__ia__general__precinct.csv,55179
Polk,DES MOINES 27,POLK - DES MOINES 27,election_geometry_exact,1.0,C:\Users\Shama\OneDrive\Documents\Side_Projects\Side_Projects\IAPrecinctMap\data\2016\20161108__ia__general__precinct.csv,55248
Polk,DES MOINES 28,POLK - DES MOINES 28,election_geometry_exact,1.0,C:\Users\Shama\OneDrive\Documents\Side_Projects\Side_Projects\IAPrecinctMap\data\2016\20161108__ia__general__precinct.csv,55317
Polk,DES MOINES 29,POLK - DES MOINES 29,election_geometry_exact,1.0,C:\Users\Shama\OneDrive\Documents\Side_Projects\Side_Projects\IAPrecinctMap\data\2016\20161108__ia__general__precinct.csv,55386
Polk,DES MOINES 3,,election_geometry_ambiguous,0.96,C:\Users\Shama\OneDrive\Documents\Side_Projects\Side_Projects\IAPrecinctMap\data\2016\20161108__ia__general__precinct.csv,55455
Polk,DES MOINES 30,POLK - DES MOINES 30,election_geometry_exact,1.0,C:\Users\Shama\OneDrive\Documents\Side_Projects\Side_Projects\IAPrecinctMap\data\2016\20161108__ia__general__precinct.csv,55524
Polk,DES MOINES 31,POLK - DES MOINES 31,election_geometry_exact,1.0,C:\Users\Shama\OneDrive\Documents\Side_Projects\Side_Projects\IAPrecinctMap\data\2016\20161108__ia__general__precinct.csv,55593
Polk,DES MOINES 32,POLK - DES MOINES 32,election_geometry_exact,1.0,C:\Users\Shama\OneDrive\Documents\Side_Projects\Side_Projects\IAPrecinctMap\data\2016\20161108__ia__general__precinct.csv,55662
Polk,DES MOINES 33,POLK - DES MOINES 33,election_geometry_exact,1.0,C:\Users\Shama\OneDrive\Documents\Side_Projects\Side_Projects\IAPrecinctMap\data\2016\20161108__ia__general__precinct.csv,55731
Polk,DES MOINES 34,POLK - DES MOINES 34,election_geometry_exact,1.0,C:\Users\Shama\OneDrive\Documents\Side_Projects\Side_Projects\IAPrecinctMap\data\2016\20161108__ia__general__precinct.csv,55800
Polk,DES MOINES 35,POLK - DES MOINES 35,election_geometry_exact,1.0,C:\Users\Shama\OneDrive\Documents\Side_Projects\Side_Projects\IAPrecinctMap\data\2016\20161108__ia__general__precinct.csv,55866
Polk,DES MOINES 36,POLK - DES MOINES 36,election_geometry_exact,1.0,C:\Users\Shama\OneDrive\Documents\Side_Projects\Side_Projects\IAPrecinctMap\data\2016\20161108__ia__general__precinct.csv,55932
Polk,DES MOINES 37,POLK - DES MOINES 37,election_geometry_exact,1.0,C:\Users\Shama\OneDrive\Documents\Side_Projects\Side_Projects\IAPrecinctMap\data\2016\20161108__ia__general__precinct.csv,55998
Polk,DES MOINES 38,POLK - DES MOINES 38,election_geometry_exact,1.0,C:\Users\Shama\OneDrive\Documents\Side_Projects\Side_Projects\IAPrecinctMap\data\2016\20161108__ia__general__precinct.csv,56064
Polk,DES MOINES 39,POLK - DES MOINES 39,election_geometry_exact,1.0,C:\Users\Shama\OneDrive\Documents\Side_Projects\Side_Projects\IAPrecinctMap\data\2016\20161108__ia__general__precinct.csv,56130
Polk,DES MOINES 4,,election_geometry_ambiguous,0.96,C:\Users\Shama\OneDrive\Documents\Side_Projects\Side_Projects\IAPrecinctMap\data\2016\20161108__ia__general__precinct.csv,56196
Polk,DES MOINES 40,POLK - DES MOINES 40,election_geometry_exact,1.0,C:\Users\Shama\OneDrive\Documents\Side_Projects\Side_Projects\IAPrecinctMap\data\2016\20161108__ia__general__precinct.csv,56265
Polk,DES MOINES 41,POLK - DES MOINES 41,election_geometry_exact,1.0,C:\Users\Shama\OneDrive\Documents\Side_Projects\Side_Projects\IAPrecinctMap\data\2016\20161108__ia__general__precinct.csv,56328
Polk,DES MOINES 42,POLK - DES MOINES 42,election_geometry_exact,1.0,C:\Users\Shama\OneDrive\Documents\Side_Projects\Side_Projects\IAPrecinctMap\data\2016\20161108__ia__general__precinct.csv,56394
Polk,DES MOINES 43,POLK - DES MOINES 43,election_geometry_exact,1.0,C:\Users\Shama\OneDrive\Documents\Side_Projects\Side_Projects\IAPrecinctMap\data\2016\20161108__ia__general__precinct.csv,56460
Polk,DES MOINES 44,POLK - DES MOINES 44,election_geometry_exact,1.0,C:\Users\Shama\OneDrive\Documents\Side_Projects\Side_Projects\IAPrecinctMap\data\2016\20161108__ia__general__precinct.csv,56523
Polk,DES MOINES 45,POLK - DES MOINES 45,election_geometry_exact,1.0,C:\Users\Shama\OneDrive\Documents\Side_Projects\Side_Projects\IAPrecinctMap\data\2016\20161108__ia__general__precinct.csv,56586
Polk,DES MOINES 46,POLK - DES MOINES 46,election_geometry_exact,1.0,C:\Users\Shama\OneDrive\Documents\Side_Projects\Side_Projects\IAPrecinctMap\data\2016\20161108__ia__general__precinct.csv,56649
Polk,DES MOINES 47,POLK - DES MOINES 47,election_geometry_exact,1.0,C:\Users\Shama\OneDrive\Documents\Side_Projects\Side_Projects\IAPrecinctMap\data\2016\20161108__ia__general__precinct.csv,56715
Polk,DES MOINES 48,POLK - DES MOINES 48,election_geometry_exact,1.0,C:\Users\Shama\OneDrive\Documents\Side_Projects\Side_Projects\IAPrecinctMap\data\2016\20161108__ia__general__precinct.csv,56784
Polk,DES MOINES 49,POLK - DES MOINES 49,election_geometry_exact,1.0,C:\Users\Shama\OneDrive\Documents\Side_Projects\Side_Projects\IAPrecinctMap\data\2016\20161108__ia__general__precinct.csv,56848
Polk,DES MOINES 5,,election_geometry_ambiguous,0.96,C:\Users\Shama\OneDrive\Documents\Side_Projects\Side_Projects\IAPrecinctMap\data\2016\20161108__ia__general__precinct.csv,56912
Polk,DES MOINES 50,POLK - DES MOINES 50,election_geometry_exact,1.0,C:\Users\Shama\OneDrive\Documents\Side_Projects\Side_Projects\IAPrecinctMap\data\2016\20161108__ia__general__precinct.csv,56978
Polk,DES MOINES 51,POLK - DES MOINES 51,election_geometry_exact,1.0,C:\Users\Shama\OneDrive\Documents\Side_Projects\Side_Projects\IAPrecinctMap\data\2016\20161108__ia__general__precinct.csv,57042
Polk,DES MOINES 52,POLK - DES MOINES 52,election_geometry_exact,1.0,C:\Users\Shama\OneDrive\Documents\Side_Projects\Side_Projects\IAPrecinctMap\data\2016\20161108__ia__general__precinct.csv,57106
Polk,DES MOINES 53,POLK - DES MOINES 53,election_geometry_exact,1.0,C:\Users\Shama\OneDrive\Documents\Side_Projects\Side_Projects\IAPrecinctMap\data\2016\20161108__ia__general__precinct.csv,57170
Polk,DES MOINES 54,POLK - DES MOINES 54,election_geometry_exact,1.0,C:\Users\Shama\OneDrive\Documents\Side_Projects\Side_Projects\IAPrecinctMap\data\2016\20161108__ia__general__precinct.csv,57234
Polk,DES MOINES 55,POLK - DES MOINES 55,election_geometry_exact,1.0,C:\Users\Shama\OneDrive\Documents\Side_Projects\Side_Projects\IAPrecinctMap\data\2016\20161108__ia__general__precinct.csv,57298
Polk,DES MOINES 56,POLK - DES MOINES 56,election_geometry_exact,1.0,C:\Users\Shama\OneDrive\Documents\Side_Projects\Side_Projects\IAPrecinctMap\data\2016\20161108__ia__general__precinct.csv,57361
Polk,DES MOINES 57,POLK - DES MOINES 57,election_geometry_exact,1.0,C:\Users\Shama\OneDrive\Documents\Side_Projects\Side_Projects\IAPrecinctMap\data\2016\20161108__ia__general__precinct.csv,57424
Polk,DES MOINES 58,POLK - DES MOINES 58,election_geometry_exact,1.0,C:\Users\Shama\OneDrive\Documents\Side_Projects\Side_Projects\IAPrecinctMap\data\2016\20161108__ia__general__precinct.csv,57487
Polk,DES MOINES 59,POLK - DES MOINES 59,election_geometry_exact,1.0,C:\Users\Shama\OneDrive\Documents\Side_Projects\Side_Projects\IAPrecinctMap\data\2016\20161108__ia__general__precinct.csv,57550
Polk,DES MOINES 6,,election_geometry_ambiguous,0.96,C:\Users\Shama\OneDrive\Documents\Side_Projects\Side_Projects\IAPrecinctMap\data\2016\20161108__ia__general__precinct.csv,57613
Polk,DES MOINES 60,POLK - DES MOINES 60,election_geometry_exact,1.0,C:\Users\Shama\OneDrive\Documents\Side_Projects\Side_Projects\IAPrecinctMap\data\2016\20161108__ia__general__precinct.csv,57679
Polk,DES MOINES 61,POLK - DES MOINES 61,election_geometry_exact,1.0,C:\Users\Shama\OneDrive\Documents\Side_Projects\Side_Projects\IAPrecinctMap\data\2016\20161108__ia__general__precinct.csv,57742
Polk,DES MOINES 62,POLK - DES MOINES 62,election_geometry_exact,1.0,C:\Users\Shama\OneDrive\Documents\Side_Projects\Side_Projects\IAPrecinctMap\data\2016\20161108__ia__general__precinct.csv,57805
Polk,DES MOINES 63,POLK - DES MOINES 63,election_geometry_exact,1.0,C:\Users\Shama\OneDrive\Documents\Side_Projects\Side_Projects\IAPrecinctMap\data\2016\20161108__ia__general__precinct.csv,57868
Polk,DES MOINES 64,POLK - DES MOINES 64,election_geometry_exact,1.0,C:\Users\Shama\OneDrive\Documents\Side_Projects\Side_Projects\IAPrecinctMap\data\2016\20161108__ia__general__precinct.csv,57931
Polk,DES MOINES 65,POLK - DES MOINES 65,election_geometry_exact,1.0,C:\Users\Shama\OneDrive\Documents\Side_Projects\Side_Projects\IAPrecinctMap\data\2016\20161108__ia__general__precinct.csv,57994
Polk,DES MOINES 66,POLK - DES MOINES 66,election_geometry_exact,1.0,C:\Users\Shama\OneDrive\Documents\Side_Projects\Side_Projects\IAPrecinctMap\data\2016\20161108__ia__general__precinct.csv,58057
Polk,DES MOINES 67,POLK - DES MOINES 67,election_geometry_exact,1.0,C:\Users\Shama\OneDrive\Documents\Side_Projects\Side_Projects\IAPrecinctMap\data\2016\20161108__ia__general__precinct.csv,58120
Polk,DES MOINES 68,POLK - DES MOINES 68,election_geometry_exact,1.0,C:\Users\Shama\OneDrive\Documents\Side_Projects\Side_Projects\IAPrecinctMap\data\2016\20161108__ia__general__precinct.csv,58184
Polk,DES MOINES 69,POLK - DES MOINES 69,election_geometry_exact,1.0,C:\Users\Shama\OneDrive\Documents\Side_Projects\Side_Projects\IAPrecinctMap\data\2016\20161108__ia__general__precinct.csv,58247
Polk,DES MOINES 7,,election_geometry_ambiguous,0.96,C:\Users\Shama\OneDrive\Documents\Side_Projects\Side_Projects\IAPrecinctMap\data\2016\20161108__ia__general__precinct.csv,58311
Polk,DES MOINES 70,POLK - DES MOINES 70,election_geometry_exact,1.0,C:\Users\Shama\OneDrive\Documents\Side_Projects\Side_Projects\IAPrecinctMap\data\2016\20161108__ia__general__precinct.csv,58377
Polk,DES MOINES 71,POLK - DES MOINES 71,election_geometry_exact,1.0,C:\Users\Shama\OneDrive\Documents\Side_Projects\Side_Projects\IAPrecinctMap\data\2016\20161108__ia__general__precinct.csv,58441
Polk,DES MOINES 72,POLK - DES MOINES 72,election_geometry_exact,1.0,C:\Users\Shama\OneDrive\Documents\Side_Projects\Side_Projects\IAPrecinctMap\data\2016\20161108__ia__general__precinct.csv,58505
Polk,DES MOINES 73,POLK - DES MOINES 73,election_geometry_exact,1.0,C:\Users\Shama\OneDrive\Documents\Side_Projects\Side_Projects\IAPrecinctMap\data\2016\20161108__ia__general__precinct.csv,58569
Polk,DES MOINES 74,POLK - DES MOINES 74,election_geometry_exact,1.0,C:\Users\Shama\OneDrive\Documents\Side_Projects\Side_Projects\IAPrecinctMap\data\2016\20161108__ia__general__precinct.csv,58633
Polk,DES MOINES 75,POLK - DES MOINES 75,election_geometry_exact,1.0,C:\Users\Shama\OneDrive\Documents\Side_Projects\Side_Projects\IAPrecinctMap\data\2016\20161108__ia__general__precinct.csv,58697
Polk,DES MOINES 76,POLK - DES MOINES 76,election_geometry_exact,1.0,C:\Users\Shama\OneDrive\Documents\Side_Projects\Side_Projects\IAPrecinctMap\data\2016\20161108__ia__general__precinct.csv,58761
Polk,DES MOINES 77,POLK - DES MOINES 77,election_geometry_exact,1.0,C:\Users\Shama\OneDrive\Documents\Side_Projects\Side_Projects\IAPrecinctMap\data\2016\20161108__ia__general__precinct.csv,58825
Polk,DES MOINES 78,POLK - DES MOINES 78,election_geometry_exact,1.0,C:\Users\Shama\OneDrive\Documents\Side_Projects\Side_Projects\IAPrecinctMap\data\2016\20161108__ia__general__precinct.csv,58888
Polk,DES MOINES 79,POLK - DES MOINES 79,election_geometry_exact,1.0,C:\Users\Shama\OneDrive\Documents\Side_Projects\Side_Projects\IAPrecinctMap\data\2016\20161108__ia__general__precinct.csv,58951
Polk,DES MOINES 8,,election_geometry_ambiguous,0.96,C:\Users\Shama\OneDrive\Documents\Side_Projects\Side_Projects\IAPrecinctMap\data\2016\20161108__ia__general__precinct.csv,59014
Polk,DES MOINES 80,POLK - DES MOINES 80,election_geometry_exact,1.0,C:\Users\Shama\OneDrive\Documents\Side_Projects\Side_Projects\IAPrecinctMap\data\2016\20161108__ia__general__precinct.csv,59080
Polk,DES MOINES 81,POLK - DES MOINES 81,election_geometry_exact,1.0,C:\Users\Shama\OneDrive\Documents\Side_Projects\Side_Projects\IAPrecinctMap\data\2016\20161108__ia__general__precinct.csv,59143
Polk,DES MOINES 82,POLK - DES MOINES 82,election_geometry_exact,1.0,C:\Users\Shama\OneDrive\Documents\Side_Projects\Side_Projects\IAPrecinctMap\data\2016\20161108__ia__general__precinct.csv,59206
Polk,DES MOINES 83,POLK - DES MOINES 83,election_geometry_exact,1.0,C:\Users\Shama\OneDrive\Documents\Side_Projects\Side_Projects\IAPrecinctMap\data\2016\20161108__ia__general__precinct.csv,59269
Polk,DES MOINES 84,POLK - DES MOINES 84,election_geometry_exact,1.0,C:\Users\Shama\OneDrive\Documents\Side_Projects\Side_Projects\IAPrecinctMap\data\2016\20161108__ia__general__precinct.csv,59332
Polk,DES MOINES 9,,election_geometry_ambiguous,0.96,C:\Users\Shama\OneDrive\Documents\Side_Projects\Side_Projects\IAPrecinctMap\data\2016\20161108__ia__general__precinct.csv,59395
Polk,DOUGLAS,POLK - DOUGLAS 01,election_geometry_prefix,0.98,C:\Users\Shama\OneDrive\Documents\Side_Projects\Side_Projects\IAPrecinctMap\data\2016\20161108__ia__general__precinct.csv,59461
Polk,ELKHART,POLK - ELKHART 01,election_geometry_prefix,0.98,C:\Users\Shama\OneDrive\Documents\Side_Projects\Side_Projects\IAPrecinctMap\data\2016\20161108__ia__general__precinct.csv,59525
Polk,FOUR MILE,POLK - FOUR MILE 01,election_geometry_prefix,0.98,C:\Users\Shama\OneDrive\Documents\Side_Projects\Side_Projects\IAPrecinctMap\data\2016\20161108__ia__general__precinct.csv,59589
Polk,FRANKLIN,POLK - FRANKLIN 01,election_geometry_prefix,0.98,C:\Users\Shama\OneDrive\Documents\Side_Projects\Side_Projects\IAPrecinctMap\data\2016\20161108__ia__general__precinct.csv,59653
Polk,GRANGER,POLK - GRANGER 01,election_geometry_prefix,0.98,C:\Users\Shama\OneDrive\Documents\Side_Projects\Side_Projects\IAPrecinctMap\data\2016\20161108__ia__general__precinct.csv,59717
Polk,GRIMES 1,POLK - GRIMES 01,election_geometry_fuzzy,0.9411764705882353,C:\Users\Shama\OneDrive\Documents\Side_Projects\Side_Projects\IAPrecinctMap\data\2016\20161108__ia__general__precinct.csv,59784
Polk,GRIMES 2,POLK - GRIMES 02,election_geometry_fuzzy,0.9411764705882353,C:\Users\Shama\OneDrive\Documents\Side_Projects\Side_Projects\IAPrecinctMap\data\2016\20161108__ia__general__precinct.csv,59851
Polk,GRIMES 3,POLK - GRIMES 03,election_geometry_fuzzy,0.9411764705882353,C:\Users\Shama\OneDrive\Documents\Side_Projects\Side_Projects\IAPrecinctMap\data\2016\20161108__ia__general__precinct.csv,59918
Polk,JEFFERSON,POLK - JEFFERSON 01,election_geometry_prefix,0.98,C:\Users\Shama\OneDrive\Documents\Side_Projects\Side_Projects\IAPrecinctMap\data\2016\20161108__ia__general__precinct.csv,59985
Polk,JOHNSTON 1,POLK - JOHNSTON 01,election_geometry_fuzzy,0.9523809523809523,C:\Users\Shama\OneDrive\Documents\Side_Projects\Side_Projects\IAPrecinctMap\data\2016\20161108__ia__general__precinct.csv,60052
Polk,JOHNSTON 2,POLK - JOHNSTON 02,election_geometry_fuzzy,0.9523809523809523,C:\Users\Shama\OneDrive\Documents\Side_Projects\Side_Projects\IAPrecinctMap\data\2016\20161108__ia__general__precinct.csv,60119
Polk,JOHNSTON 3,POLK - JOHNSTON 03,election_geometry_fuzzy,0.9523809523809523,C:\Users\Shama\OneDrive\Documents\Side_Projects\Side_Projects\IAPrecinctMap\data\2016\20161108__ia__general__precinct.csv,60186
Polk,JOHNSTON 4,POLK - JOHNSTON 04,election_geometry_fuzzy,0.9523809523809523,C:\Users\Shama\OneDrive\Documents\Side_Projects\Side_Projects\IAPrecinctMap\data\2016\20161108__ia__general__precinct.csv,60253
Polk,JOHNSTON 5,POLK - JOHNSTON 05,election_geometry_fuzzy,0.9523809523809523,C:\Users\Shama\OneDrive\Documents\Side_Projects\Side_Projects\IAPrecinctMap\data\2016\20161108__ia__general__precinct.csv,60320
Polk,JOHNSTON 6,POLK - JOHNSTON 06,election_geometry_fuzzy,0.9523809523809523,C:\Users\Shama\OneDrive\Documents\Side_Projects\Side_Projects\IAPrecinctMap\data\2016\20161108__ia__general__precinct.csv,60387
Polk,MADISON,POLK - MADISON 01,election_geometry_prefix,0.98,C:\Users\Shama\OneDrive\Documents\Side_Projects\Side_Projects\IAPrecinctMap\data\2016\20161108__ia__general__precinct.csv,60454
Polk,MITCHELLVILLE,POLK - MITCHELLVILLE 01,election_geometry_prefix,0.98,C:\Users\Shama\OneDrive\Documents\Side_Projects\Side_Projects\IAPrecinctMap\data\2016\20161108__ia__general__precinct.csv,60521
Polk,PLEASANT HILL 1,POLK - PLEASANT HILL 01,election_geometry_fuzzy,0.967741935483871,C:\Users\Shama\OneDrive\Documents\Side_Projects\Side_Projects\IAPrecinctMap\data\2016\20161108__ia__general__precinct.csv,60585
Polk,PLEASANT HILL 2,POLK - PLEASANT HILL 02,election_geometry_fuzzy,0.967741935483871,C:\Users\Shama\OneDrive\Documents\Side_Projects\Side_Projects\IAPrecinctMap\data\2016\20161108__ia__general__precinct.csv,60654
Polk,PLEASANT HILL 3,POLK - PLEASANT HILL 03,election_geometry_fuzzy,0.967741935483871,C:\Users\Shama\OneDrive\Documents\Side_Projects\Side_Projects\IAPrecinctMap\data\2016\20161108__ia__general__precinct.csv,60723
Polk,POLK CITY,POLK - POLK CITY 01,election_geometry_prefix,0.98,C:\Users\Shama\OneDrive\Documents\Side_Projects\Side_Projects\IAPrecinctMap\data\2016\20161108__ia__general__precinct.csv,60792
Polk,RUNNELLS,POLK - RUNNELLS 01,election_geometry_prefix,0.98,C:\Users\Shama\OneDrive\Documents\Side_Projects\Side_Projects\IAPrecinctMap\data\2016\20161108__ia__general__precinct.csv,60859
Polk,SAYLOR 1,POLK - SAYLOR 01,election_geometry_fuzzy,0.9411764705882353,C:\Users\Shama\OneDrive\Documents\Side_Projects\Side_Projects\IAPrecinctMap\data\2016\20161108__ia__general__precinct.csv,60923
Polk,SAYLOR 2,POLK - SAYLOR 02,election_geometry_fuzzy,0.9411764705882353,C:\Users\Shama\OneDrive\Documents\Side_Projects\Side_Projects\IAPrecinctMap\data\2016\20161108__ia__general__precinct.csv,60989
Polk,SHELDAHL,POLK - SHELDAHL 01,election_geometry_prefix,0.98,C:\Users\Shama\OneDrive\Documents\Side_Projects\Side_Projects\IAPrecinctMap\data\2016\20161108__ia__general__precinct.csv,61055
Polk,URBANDALE 1,,election_geometry_ambiguous,0.9565217391304348,C:\Users\Shama\OneDrive\Documents\Side_Projects\Side_Projects\IAPrecinctMap\data\2016\20161108__ia__general__precinct.csv,61122
Polk,URBANDALE 10,POLK - URBANDALE 10,election_geometry_exact,1.0,C:\Users\Shama\OneDrive\Documents\Side_Projects\Side_Projects\IAPrecinctMap\data\2016\20161108__ia__general__precinct.csv,61189
Polk,URBANDALE 11,POLK - URBANDALE 11,election_geometry_exact,1.0,C:\Users\Shama\OneDrive\Documents\Side_Projects\Side_Projects\IAPrecinctMap\data\2016\20161108__ia__general__precinct.csv,61256
Polk,URBANDALE 2,POLK - URBANDALE 02,election_geometry_fuzzy,0.9565217391304348,C:\Users\Shama\OneDrive\Documents\Side_Projects\Side_Projects\IAPrecinctMap\data\2016\20161108__ia__general__precinct.csv,61323
Polk,URBANDALE 3,POLK - URBANDALE 03,election_geometry_fuzzy,0.9565217391304348,C:\Users\Shama\OneDrive\Documents\Side_Projects\Side_Projects\IAPrecinctMap\data\2016\20161108__ia__general__precinct.csv,61390
Polk,URBANDALE 4,POLK - URBANDALE 04,election_geometry_fuzzy,0.9565217391304348,C:\Users\Shama\OneDrive\Documents\Side_Projects\Side_Projects\IAPrecinctMap\data\2016\20161108__ia__general__precinct.csv,61457
Polk,URBANDALE 5,POLK - URBANDALE 05,election_geometry_fuzzy,0.9565217391304348,C:\Users\Shama\OneDrive\Documents\Side_Projects\Side_Projects\IAPrecinctMap\data\2016\20161108__ia__general__precinct.csv,61524
Polk,URBANDALE 6,POLK - URBANDALE 06,election_geometry_fuzzy,0.9565217391304348,C:\Users\Shama\OneDrive\Documents\Side_Projects\Side_Projects\IAPrecinctMap\data\2016\20161108__ia__general__precinct.csv,61591
Polk,URBANDALE 7,POLK - URBANDALE 07,election_geometry_fuzzy,0.9565217391304348,C:\Users\Shama\OneDrive\Documents\Side_Projects\Side_Projects\IAPrecinctMap\data\2016\20161108__ia__general__precinct.csv,61658
Polk,URBANDALE 8,POLK - URBANDALE 08,election_geometry_fuzzy,0.9565217391304348,C:\Users\Shama\OneDrive\Documents\Side_Projects\Side_Projects\IAPrecinctMap\data\2016\20161108__ia__general__precinct.csv,61725
Polk,URBANDALE 9,POLK - URBANDALE 09,election_geometry_fuzzy,0.9565217391304348,C:\Users\Shama\OneDrive\Documents\Side_Projects\Side_Projects\IAPrecinctMap\data\2016\20161108__ia__general__precinct.csv,61792
Polk,WASHINGTON,POLK - WASHINGTON 01,election_geometry_prefix,0.98,C:\Users\Shama\OneDrive\Documents\Side_Projects\Side_Projects\IAPrecinctMap\data\2016\20161108__ia__general__precinct.csv,61859
Polk,WEBSTER,POLK - WEBSTER 01,election_geometry_prefix,0.98,C:\Users\Shama\OneDrive\Documents\Side_Projects\Side_Projects\IAPrecinctMap\data\2016\20161108__ia__general__precinct.csv,61923
Polk,WEST DES MOINES 111,,election_geometry_ambiguous,0.8125,C:\Users\Shama\OneDrive\Documents\Side_Projects\Side_Projects\IAPrecinctMap\data\2016\20161108__ia__general__precinct.csv,61989
Polk,WEST DES MOINES 112,,election_geometry_ambiguous,0.8125,C:\Users\Shama\OneDrive\Documents\Side_Projects\Side_Projects\IAPrecinctMap\data\2016\20161108__ia__general__precinct.csv,62053
Polk,WEST DES MOINES 113,,election_geometry_ambiguous,0.8125,C:\Users\Shama\OneDrive\Documents\Side_Projects\Side_Projects\IAPrecinctMap\data\2016\20161108__ia__general__precinct.csv,62117
Polk,WEST DES MOINES 114,,election_geometry_ambiguous,0.8125,C:\Users\Shama\OneDrive\Documents\Side_Projects\Side_Projects\IAPrecinctMap\data\2016\20161108__ia__general__precinct.csv,62181
Polk,WEST DES MOINES 115,,election_geometry_ambiguous,0.8125,C:\Users\Shama\OneDrive\Documents\Side_Projects\Side_Projects\IAPrecinctMap\data\2016\20161108__ia__general__precinct.csv,62245
Polk,WEST DES MOINES 116,,election_geometry_ambiguous,0.8125,C:\Users\Shama\OneDrive\Documents\Side_Projects\Side_Projects\IAPrecinctMap\data\2016\20161108__ia__general__precinct.csv,62309
Polk,WEST DES MOINES 117,,election_geometry_ambiguous,0.8125,C:\Users\Shama\OneDrive\Documents\Side_Projects\Side_Projects\IAPrecinctMap\data\2016\20161108__ia__general__precinct.csv,62376
Polk,WEST DES MOINES 118,,election_geometry_ambiguous,0.8125,C:\Users\Shama\OneDrive\Documents\Side_Projects\Side_Projects\IAPrecinctMap\data\2016\20161108__ia__general__precinct.csv,62443
Polk,WEST DES MOINES 211,,election_geometry_ambiguous,0.8125,C:\Users\Shama\OneDrive\Documents\Side_Projects\Side_Projects\IAPrecinctMap\data\2016\20161108__ia__general__precinct.csv,62507
Polk,WEST DES MOINES 212,,election_geometry_ambiguous,0.8125,C:\Users\Shama\OneDrive\Documents\Side_Projects\Side_Projects\IAPrecinctMap\data\2016\20161108__ia__general__precinct.csv,62574
Polk,WEST DES MOINES 213,,election_geometry_ambiguous,0.8125,C:\Users\Shama\OneDrive\Documents\Side_Projects\Side_Projects\IAPrecinctMap\data\2016\20161108__ia__general__precinct.csv,62641
Polk,WEST DES MOINES 311,,election_geometry_ambiguous,0.8125,C:\Users\Shama\OneDrive\Documents\Side_Projects\Side_Projects\IAPrecinctMap\data\2016\20161108__ia__general__precinct.csv,62705
Polk,WEST DES MOINES 312,,election_geometry_ambiguous,0.8125,C:\Users\Shama\OneDrive\Documents\Side_Projects\Side_Projects\IAPrecinctMap\data\2016\20161108__ia__general__precinct.csv,62769
Polk,WEST DES MOINES 313,,election_geometry_ambiguous,0.8125,C:\Users\Shama\OneDrive\Documents\Side_Projects\Side_Projects\IAPrecinctMap\data\2016\20161108__ia__general__precinct.csv,62836
Polk,WEST DES MOINES 314,,election_geometry_ambiguous,0.8125,C:\Users\Shama\OneDrive\Documents\Side_Projects\Side_Projects\IAPrecinctMap\data\2016\20161108__ia__general__precinct.csv,62903
Polk,WEST DES MOINES 315,,election_geometry_ambiguous,0.8125,C:\Users\Shama\OneDrive\Documents\Side_Projects\Side_Projects\IAPrecinctMap\data\2016\20161108__ia__general__precinct.csv,62967
Polk,WEST DES MOINES 316,,election_geometry_ambiguous,0.8125,C:\Users\Shama\OneDrive\Documents\Side_Projects\Side_Projects\IAPrecinctMap\data\2016\20161108__ia__general__precinct.csv,63031
Polk,WEST DES MOINES 317,,election_geometry_ambiguous,0.8125,C:\Users\Shama\OneDrive\Documents\Side_Projects\Side_Projects\IAPrecinctMap\data\2016\20161108__ia__general__precinct.csv,63095
Polk,WEST DES MOINES 318,,election_geometry_ambiguous,0.8125,C:\Users\Shama\OneDrive\Documents\Side_Projects\Side_Projects\IAPrecinctMap\data\2016\20161108__ia__general__precinct.csv,63159
Polk,WINDSOR HEIGHTS 1,POLK - WINDSOR HEIGHTS 01,election_geometry_fuzzy,0.9714285714285714,C:\Users\Shama\OneDrive\Documents\Side_Projects\Side_Projects\IAPrecinctMap\data\2016\20161108__ia__general__precinct.csv,63223
Polk,WINDSOR HEIGHTS 2,POLK - WINDSOR HEIGHTS 02,election_geometry_fuzzy,0.9714285714285714,C:\Users\Shama\OneDrive\Documents\Side_Projects\Side_Projects\IAPrecinctMap\data\2016\20161108__ia__general__precinct.csv,63290
Polk,WINDSOR HEIGHTS 3,POLK - WINDSOR HEIGHTS 03,election_geometry_fuzzy,0.9714285714285714,C:\Users\Shama\OneDrive\Documents\Side_Projects\Side_Projects\IAPrecinctMap\data\2016\20161108__ia__general__precinct.csv,63357
Pottawattamie,Avoca,POTTAWATTAMIE - AVOCA,election_geometry_exact,1.0,C:\Users\Shama\OneDrive\Documents\Side_Projects\Side_Projects\IAPrecinctMap\data\2016\20161108__ia__general__precinct.csv,63424
Pottawattamie,Carson,POTTAWATTAMIE - CARSON,election_geometry_exact,1.0,C:\Users\Shama\OneDrive\Documents\Side_Projects\Side_Projects\IAPrecinctMap\data\2016\20161108__ia__general__precinct.csv,63475
Pottawattamie,Carter Lake 1,POTTAWATTAMIE - CARTER LAKE 1,election_geometry_exact,1.0,C:\Users\Shama\OneDrive\Documents\Side_Projects\Side_Projects\IAPrecinctMap\data\2016\20161108__ia__general__precinct.csv,63526
Pottawattamie,Carter Lake 2,POTTAWATTAMIE - CARTER LAKE 2,election_geometry_exact,1.0,C:\Users\Shama\OneDrive\Documents\Side_Projects\Side_Projects\IAPrecinctMap\data\2016\20161108__ia__general__precinct.csv,63581
Pottawattamie,CB 01,,election_geometry_ambiguous,0.45454545454545453,C:\Users\Shama\OneDrive\Documents\Side_Projects\Side_Projects\IAPrecinctMap\data\2016\20161108__ia__general__precinct.csv,63636
Pottawattamie,CB 02,,election_geometry_ambiguous,0.45454545454545453,C:\Users\Shama\OneDrive\Documents\Side_Projects\Side_Projects\IAPrecinctMap\data\2016\20161108__ia__general__precinct.csv,63691
Pottawattamie,CB 03,,election_geometry_ambiguous,0.45454545454545453,C:\Users\Shama\OneDrive\Documents\Side_Projects\Side_Projects\IAPrecinctMap\data\2016\20161108__ia__general__precinct.csv,63746
Pottawattamie,CB 04,,election_geometry_ambiguous,0.45454545454545453,C:\Users\Shama\OneDrive\Documents\Side_Projects\Side_Projects\IAPrecinctMap\data\2016\20161108__ia__general__precinct.csv,63801
Pottawattamie,CB 05,,election_geometry_ambiguous,0.45454545454545453,C:\Users\Shama\OneDrive\Documents\Side_Projects\Side_Projects\IAPrecinctMap\data\2016\20161108__ia__general__precinct.csv,63856
Pottawattamie,CB 06,,election_geometry_ambiguous,0.45454545454545453,C:\Users\Shama\OneDrive\Documents\Side_Projects\Side_Projects\IAPrecinctMap\data\2016\20161108__ia__general__precinct.csv,63911
Pottawattamie,CB 07,,election_geometry_ambiguous,0.45454545454545453,C:\Users\Shama\OneDrive\Documents\Side_Projects\Side_Projects\IAPrecinctMap\data\2016\20161108__ia__general__precinct.csv,63966
Pottawattamie,CB 08,,election_geometry_ambiguous,0.45454545454545453,C:\Users\Shama\OneDrive\Documents\Side_Projects\Side_Projects\IAPrecinctMap\data\2016\20161108__ia__general__precinct.csv,64021
Pottawattamie,CB 09,,election_geometry_ambiguous,0.45454545454545453,C:\Users\Shama\OneDrive\Documents\Side_Projects\Side_Projects\IAPrecinctMap\data\2016\20161108__ia__general__precinct.csv,64076
Pottawattamie,CB 10A,,election_geometry_ambiguous,0.5,C:\Users\Shama\OneDrive\Documents\Side_Projects\Side_Projects\IAPrecinctMap\data\2016\20161108__ia__general__precinct.csv,64131
Pottawattamie,CB 10B,,election_geometry_ambiguous,0.5,C:\Users\Shama\OneDrive\Documents\Side_Projects\Side_Projects\IAPrecinctMap\data\2016\20161108__ia__general__precinct.csv,64182
Pottawattamie,CB 11,,election_geometry_ambiguous,0.45454545454545453,C:\Users\Shama\OneDrive\Documents\Side_Projects\Side_Projects\IAPrecinctMap\data\2016\20161108__ia__general__precinct.csv,64233
Pottawattamie,CB 12,,election_geometry_ambiguous,0.45454545454545453,C:\Users\Shama\OneDrive\Documents\Side_Projects\Side_Projects\IAPrecinctMap\data\2016\20161108__ia__general__precinct.csv,64288
Pottawattamie,CB 13,,election_geometry_ambiguous,0.45454545454545453,C:\Users\Shama\OneDrive\Documents\Side_Projects\Side_Projects\IAPrecinctMap\data\2016\20161108__ia__general__precinct.csv,64343
Pottawattamie,CB 14,,election_geometry_ambiguous,0.45454545454545453,C:\Users\Shama\OneDrive\Documents\Side_Projects\Side_Projects\IAPrecinctMap\data\2016\20161108__ia__general__precinct.csv,64398
Pottawattamie,CB 15,,election_geometry_ambiguous,0.45454545454545453,C:\Users\Shama\OneDrive\Documents\Side_Projects\Side_Projects\IAPrecinctMap\data\2016\20161108__ia__general__precinct.csv,64453
Pottawattamie,CB 16,,election_geometry_ambiguous,0.45454545454545453,C:\Users\Shama\OneDrive\Documents\Side_Projects\Side_Projects\IAPrecinctMap\data\2016\20161108__ia__general__precinct.csv,64508
Pottawattamie,CB 17,,election_geometry_ambiguous,0.45454545454545453,C:\Users\Shama\OneDrive\Documents\Side_Projects\Side_Projects\IAPrecinctMap\data\2016\20161108__ia__general__precinct.csv,64563
Pottawattamie,CB 18,,election_geometry_ambiguous,0.45454545454545453,C:\Users\Shama\OneDrive\Documents\Side_Projects\Side_Projects\IAPrecinctMap\data\2016\20161108__ia__general__precinct.csv,64618
Pottawattamie,CB 19,,election_geometry_ambiguous,0.45454545454545453,C:\Users\Shama\OneDrive\Documents\Side_Projects\Side_Projects\IAPrecinctMap\data\2016\20161108__ia__general__precinct.csv,64673
Pottawattamie,CB 20,,election_geometry_ambiguous,0.45454545454545453,C:\Users\Shama\OneDrive\Documents\Side_Projects\Side_Projects\IAPrecinctMap\data\2016\20161108__ia__general__precinct.csv,64728
Pottawattamie,CB 21,,election_geometry_ambiguous,0.45454545454545453,C:\Users\Shama\OneDrive\Documents\Side_Projects\Side_Projects\IAPrecinctMap\data\2016\20161108__ia__general__precinct.csv,64783
Pottawattamie,Crescent,POTTAWATTAMIE - CRESCENT,election_geometry_exact,1.0,C:\Users\Shama\OneDrive\Documents\Side_Projects\Side_Projects\IAPrecinctMap\data\2016\20161108__ia__general__precinct.csv,64838
Pottawattamie,Garner,POTTAWATTAMIE - GARNER,election_geometry_exact,1.0,C:\Users\Shama\OneDrive\Documents\Side_Projects\Side_Projects\IAPrecinctMap\data\2016\20161108__ia__general__precinct.csv,64889
Pottawattamie,GLWCW,POTTAWATTAMIE - GLWCW,election_geometry_exact,1.0,C:\Users\Shama\OneDrive\Documents\Side_Projects\Side_Projects\IAPrecinctMap\data\2016\20161108__ia__general__precinct.csv,64940
Pottawattamie,Hancock,POTTAWATTAMIE - HANCOCK,election_geometry_exact,1.0,C:\Users\Shama\OneDrive\Documents\Side_Projects\Side_Projects\IAPrecinctMap\data\2016\20161108__ia__general__precinct.csv,64991
Pottawattamie,Lewis 1,POTTAWATTAMIE - LEWIS 1,election_geometry_exact,1.0,C:\Users\Shama\OneDrive\Documents\Side_Projects\Side_Projects\IAPrecinctMap\data\2016\20161108__ia__general__precinct.csv,65042
Pottawattamie,Lewis 2,POTTAWATTAMIE - LEWIS 2,election_geometry_exact,1.0,C:\Users\Shama\OneDrive\Documents\Side_Projects\Side_Projects\IAPrecinctMap\data\2016\20161108__ia__general__precinct.csv,65093
Pottawattamie,Macedonia,POTTAWATTAMIE - MACEDONIA,election_geometry_exact,1.0,C:\Users\Shama\OneDrive\Documents\Side_Projects\Side_Projects\IAPrecinctMap\data\2016\20161108__ia__general__precinct.csv,65144
Pottawattamie,McClelland,POTTAWATTAMIE - MCCLELLAND,election_geometry_exact,1.0,C:\Users\Shama\OneDrive\Documents\Side_Projects\Side_Projects\IAPrecinctMap\data\2016\20161108__ia__general__precinct.csv,65195
Pottawattamie,Minden,POTTAWATTAMIE - MINDEN,election_geometry_exact,1.0,C:\Users\Shama\OneDrive\Documents\Side_Projects\Side_Projects\IAPrecinctMap\data\2016\20161108__ia__general__precinct.csv,65246
Pottawattamie,Neola,POTTAWATTAMIE - NEOLA,election_geometry_exact,1.0,C:\Users\Shama\OneDrive\Documents\Side_Projects\Side_Projects\IAPrecinctMap\data\2016\20161108__ia__general__precinct.csv,65297
Pottawattamie,Oakland,POTTAWATTAMIE - OAKLAND,election_geometry_exact,1.0,C:\Users\Shama\OneDrive\Documents\Side_Projects\Side_Projects\IAPrecinctMap\data\2016\20161108__ia__general__precinct.csv,65348
Pottawattamie,Treynor,POTTAWATTAMIE - TREYNOR,election_geometry_exact,1.0,C:\Users\Shama\OneDrive\Documents\Side_Projects\Side_Projects\IAPrecinctMap\data\2016\20161108__ia__general__precinct.csv,65399
Pottawattamie,Underwood,POTTAWATTAMIE - UNDERWOOD,election_geometry_exact,1.0,C:\Users\Shama\OneDrive\Documents\Side_Projects\Side_Projects\IAPrecinctMap\data\2016\20161108__ia__general__precinct.csv,65450
Pottawattamie,Walnut,POTTAWATTAMIE - WALNUT,election_geometry_exact,1.0,C:\Users\Shama\OneDrive\Documents\Side_Projects\Side_Projects\IAPrecinctMap\data\2016\20161108__ia__general__precinct.csv,65501
Poweshiek,1st Ward GR-06GR,POWESHIEK - 1ST WARD,election_geometry_prefix,0.98,C:\Users\Shama\OneDrive\Documents\Side_Projects\Side_Projects\IAPrecinctMap\data\2016\20161108__ia__general__precinct.csv,65552
Poweshiek,2nd Ward GR-07GR,POWESHIEK - 2ND WARD,election_geometry_prefix,0.98,C:\Users\Shama\OneDrive\Documents\Side_Projects\Side_Projects\IAPrecinctMap\data\2016\20161108__ia__general__precinct.csv,65599
Poweshiek,3rd Ward GR-08GR,POWESHIEK - 3RD WARD,election_geometry_prefix,0.98,C:\Users\Shama\OneDrive\Documents\Side_Projects\Side_Projects\IAPrecinctMap\data\2016\20161108__ia__general__precinct.csv,65646
Poweshiek,4th Ward GR-09GR,POWESHIEK - 4TH WARD,election_geometry_prefix,0.98,C:\Users\Shama\OneDrive\Documents\Side_Projects\Side_Projects\IAPrecinctMap\data\2016\20161108__ia__general__precinct.csv,65693
Poweshiek,BMWJ,POWESHIEK - BMWJ,election_geometry_exact,1.0,C:\Users\Shama\OneDrive\Documents\Side_Projects\Side_Projects\IAPrecinctMap\data\2016\20161108__ia__general__precinct.csv,65740
Poweshiek,CGWS,POWESHIEK - CGWS,election_geometry_exact,1.0,C:\Users\Shama\OneDrive\Documents\Side_Projects\Side_Projects\IAPrecinctMap\data\2016\20161108__ia__general__precinct.csv,65787
Poweshiek,DRL,POWESHIEK - DRL,election_geometry_exact,1.0,C:\Users\Shama\OneDrive\Documents\Side_Projects\Side_Projects\IAPrecinctMap\data\2016\20161108__ia__general__precinct.csv,65834
Poweshiek,JUPS,POWESHIEK - JUPS,election_geometry_exact,1.0,C:\Users\Shama\OneDrive\Documents\Side_Projects\Side_Projects\IAPrecinctMap\data\2016\20161108__ia__general__precinct.csv,65881
Poweshiek,Montezuma-11MO,POWESHIEK - MONTEZUMA,election_geometry_prefix,0.98,C:\Users\Shama\OneDrive\Documents\Side_Projects\Side_Projects\IAPrecinctMap\data\2016\20161108__ia__general__precinct.csv,65928
Poweshiek,MS,POWESHIEK - MS,election_geometry_exact,1.0,C:\Users\Shama\OneDrive\Documents\Side_Projects\Side_Projects\IAPrecinctMap\data\2016\20161108__ia__general__precinct.csv,65975
Ringgold,ATHENS PRECINCT,RINGGOLD - ATHENS,election_geometry_exact,1.0,C:\Users\Shama\OneDrive\Documents\Side_Projects\Side_Projects\IAPrecinctMap\data\2016\20161108__ia__general__precinct.csv,66022
Ringgold,CLINTON,RINGGOLD - CLINTON,election_geometry_exact,1.0,C:\Users\Shama\OneDrive\Documents\Side_Projects\Side_Projects\IAPrecinctMap\data\2016\20161108__ia__general__precinct.csv,66068
Ringgold,MOUNT AYR 1,RINGGOLD - MOUNT AYR 1,election_geometry_exact,1.0,C:\Users\Shama\OneDrive\Documents\Side_Projects\Side_Projects\IAPrecinctMap\data\2016\20161108__ia__general__precinct.csv,66114
Ringgold,MOUNT AYR 2,RINGGOLD - MOUNT AYR 2,election_geometry_exact,1.0,C:\Users\Shama\OneDrive\Documents\Side_Projects\Side_Projects\IAPrecinctMap\data\2016\20161108__ia__general__precinct.csv,66160
Ringgold,TINGLEY,RINGGOLD - TINGLEY,election_geometry_exact,1.0,C:\Users\Shama\OneDrive\Documents\Side_Projects\Side_Projects\IAPrecinctMap\data\2016\20161108__ia__general__precinct.csv,66206
Ringgold,UNION,RINGGOLD - UNION,election_geometry_exact,1.0,C:\Users\Shama\OneDrive\Documents\Side_Projects\Side_Projects\IAPrecinctMap\data\2016\20161108__ia__general__precinct.csv,66252
Ringgold,WASHINGTON,RINGGOLD - WASHINGTON,election_geometry_exact,1.0,C:\Users\Shama\OneDrive\Documents\Side_Projects\Side_Projects\IAPrecinctMap\data\2016\20161108__ia__general__precinct.csv,66298
Sac,Auburn,SAC - AUBURN,election_geometry_exact,1.0,C:\Users\Shama\OneDrive\Documents\Side_Projects\Side_Projects\IAPrecinctMap\data\2016\20161108__ia__general__precinct.csv,66344
Sac,Early Inc and Boyer Valley Twp,SAC - EARLY,election_geometry_prefix,0.98,C:\Users\Shama\OneDrive\Documents\Side_Projects\Side_Projects\IAPrecinctMap\data\2016\20161108__ia__general__precinct.csv,66390
Sac,Lake View Inc and Clinton and Wall Lake Twps.,SAC - LAKE VIEW,election_geometry_prefix,0.98,C:\Users\Shama\OneDrive\Documents\Side_Projects\Side_Projects\IAPrecinctMap\data\2016\20161108__ia__general__precinct.csv,66436
Sac,Lytton Inc and Cedar and Pt of Coon Valley Twps.,SAC - LYTTON,election_geometry_prefix,0.98,C:\Users\Shama\OneDrive\Documents\Side_Projects\Side_Projects\IAPrecinctMap\data\2016\20161108__ia__general__precinct.csv,66482
Sac,Nemaha Inc and Douglas and Delaware Twps,SAC - NEMAHA,election_geometry_prefix,0.98,C:\Users\Shama\OneDrive\Documents\Side_Projects\Side_Projects\IAPrecinctMap\data\2016\20161108__ia__general__precinct.csv,66528
Sac,Odebolt Inc and Wheeler and Richland Twps.,SAC - ODEBOLT,election_geometry_prefix,0.98,C:\Users\Shama\OneDrive\Documents\Side_Projects\Side_Projects\IAPrecinctMap\data\2016\20161108__ia__general__precinct.csv,66574
Sac,Sac City,SAC - SAC CITY,election_geometry_exact,1.0,C:\Users\Shama\OneDrive\Documents\Side_Projects\Side_Projects\IAPrecinctMap\data\2016\20161108__ia__general__precinct.csv,66620
Sac,Schaller,SAC - SCHALLER,election_geometry_exact,1.0,C:\Users\Shama\OneDrive\Documents\Side_Projects\Side_Projects\IAPrecinctMap\data\2016\20161108__ia__general__precinct.csv,66666
Sac,Wall Lake Inc and Viola and Levy Twps.,SAC - WALL LAKE,election_geometry_prefix,0.98,C:\Users\Shama\OneDrive\Documents\Side_Projects\Side_Projects\IAPrecinctMap\data\2016\20161108__ia__general__precinct.csv,66712
Scott,(AG) ALLEN'S GROVE TOWNSHIP,SCOTT - (AG) ALLEN'S GROVE TOWNSHIP,election_geometry_exact,1.0,C:\Users\Shama\OneDrive\Documents\Side_Projects\Side_Projects\IAPrecinctMap\data\2016\20161108__ia__general__precinct.csv,66758
Scott,(B11) CITY OF BETTENDORF,SCOTT - (B11) CITY OF BETTENDORF,election_geometry_exact,1.0,C:\Users\Shama\OneDrive\Documents\Side_Projects\Side_Projects\IAPrecinctMap\data\2016\20161108__ia__general__precinct.csv,66804
Scott,(B12) CITY OF BETTENDORF,SCOTT - (B12) CITY OF BETTENDORF,election_geometry_exact,1.0,C:\Users\Shama\OneDrive\Documents\Side_Projects\Side_Projects\IAPrecinctMap\data\2016\20161108__ia__general__precinct.csv,66849
Scott,(B21) CITY OF BETTENDORF,SCOTT - (B21) CITY OF BETTENDORF,election_geometry_exact,1.0,C:\Users\Shama\OneDrive\Documents\Side_Projects\Side_Projects\IAPrecinctMap\data\2016\20161108__ia__general__precinct.csv,66893
Scott,(B22) CITY OF BETTENDORF,SCOTT - (B22) CITY OF BETTENDORF,election_geometry_exact,1.0,C:\Users\Shama\OneDrive\Documents\Side_Projects\Side_Projects\IAPrecinctMap\data\2016\20161108__ia__general__precinct.csv,66938
Scott,(B23) CITY OF BETTENDORF,SCOTT - (B23) CITY OF BETTENDORF,election_geometry_exact,1.0,C:\Users\Shama\OneDrive\Documents\Side_Projects\Side_Projects\IAPrecinctMap\data\2016\20161108__ia__general__precinct.csv,66983
Scott,(B31) CITY OF BETTENDORF,SCOTT - (B31) CITY OF BETTENDORF,election_geometry_exact,1.0,C:\Users\Shama\OneDrive\Documents\Side_Projects\Side_Projects\IAPrecinctMap\data\2016\20161108__ia__general__precinct.csv,67027
Scott,(B32) CITY OF BETTENDORF,SCOTT - (B32) CITY OF BETTENDORF,election_geometry_exact,1.0,C:\Users\Shama\OneDrive\Documents\Side_Projects\Side_Projects\IAPrecinctMap\data\2016\20161108__ia__general__precinct.csv,67071
Scott,(B41) CITY OF BETTENDORF,SCOTT - (B41) CITY OF BETTENDORF,election_geometry_exact,1.0,C:\Users\Shama\OneDrive\Documents\Side_Projects\Side_Projects\IAPrecinctMap\data\2016\20161108__ia__general__precinct.csv,67115
Scott,(B42) CITY OF BETTENDORF,SCOTT - (B42) CITY OF BETTENDORF,election_geometry_exact,1.0,C:\Users\Shama\OneDrive\Documents\Side_Projects\Side_Projects\IAPrecinctMap\data\2016\20161108__ia__general__precinct.csv,67159
Scott,(B51) CITY OF BETTENDORF,SCOTT - (B51) CITY OF BETTENDORF,election_geometry_exact,1.0,C:\Users\Shama\OneDrive\Documents\Side_Projects\Side_Projects\IAPrecinctMap\data\2016\20161108__ia__general__precinct.csv,67203
Scott,(B52) CITY OF BETTENDORF,SCOTT - (B52) CITY OF BETTENDORF,election_geometry_exact,1.0,C:\Users\Shama\OneDrive\Documents\Side_Projects\Side_Projects\IAPrecinctMap\data\2016\20161108__ia__general__precinct.csv,67247
Scott,(BF) CITY OF BUFFALO,SCOTT - (BF) CITY OF BUFFALO,election_geometry_exact,1.0,C:\Users\Shama\OneDrive\Documents\Side_Projects\Side_Projects\IAPrecinctMap\data\2016\20161108__ia__general__precinct.csv,67291
Scott,(BG) BLUE GRASS TOWNSHIP,SCOTT - (BG) BLUE GRASS TOWNSHIP,election_geometry_exact,1.0,C:\Users\Shama\OneDrive\Documents\Side_Projects\Side_Projects\IAPrecinctMap\data\2016\20161108__ia__general__precinct.csv,67335
Scott,(BU) BUFFALO TOWNSHIP,SCOTT - (BU) BUFFALO TOWNSHIP,election_geometry_exact,1.0,C:\Users\Shama\OneDrive\Documents\Side_Projects\Side_Projects\IAPrecinctMap\data\2016\20161108__ia__general__precinct.csv,67383
Scott,(D11) CITY OF DAVENPORT,SCOTT - (D11) CITY OF DAVENPORT,election_geometry_exact,1.0,C:\Users\Shama\OneDrive\Documents\Side_Projects\Side_Projects\IAPrecinctMap\data\2016\20161108__ia__general__precinct.csv,67431
Scott,(D12) CITY OF DAVENPORT,SCOTT - (D12) CITY OF DAVENPORT,election_geometry_exact,1.0,C:\Users\Shama\OneDrive\Documents\Side_Projects\Side_Projects\IAPrecinctMap\data\2016\20161108__ia__general__precinct.csv,67475
Scott,(D13) CITY OF DAVENPORT,SCOTT - (D13) CITY OF DAVENPORT,election_geometry_exact,1.0,C:\Users\Shama\OneDrive\Documents\Side_Projects\Side_Projects\IAPrecinctMap\data\2016\20161108__ia__general__precinct.csv,67519
Scott,(D14) CITY OF DAVENPORT,SCOTT - (D14) CITY OF DAVENPORT,election_geometry_exact,1.0,C:\Users\Shama\OneDrive\Documents\Side_Projects\Side_Projects\IAPrecinctMap\data\2016\20161108__ia__general__precinct.csv,67563
Scott,(D21) CITY OF DAVENPORT,SCOTT - (D21) CITY OF DAVENPORT,election_geometry_exact,1.0,C:\Users\Shama\OneDrive\Documents\Side_Projects\Side_Projects\IAPrecinctMap\data\2016\20161108__ia__general__precinct.csv,67607
Scott,(D22) CITY OF DAVENPORT,SCOTT - (D22) CITY OF DAVENPORT,election_geometry_exact,1.0,C:\Users\Shama\OneDrive\Documents\Side_Projects\Side_Projects\IAPrecinctMap\data\2016\20161108__ia__general__precinct.csv,67655
Scott,(D23) CITY OF DAVENPORT,SCOTT - (D23) CITY OF DAVENPORT,election_geometry_exact,1.0,C:\Users\Shama\OneDrive\Documents\Side_Projects\Side_Projects\IAPrecinctMap\data\2016\20161108__ia__general__precinct.csv,67699
Scott,(D24) CITY OF DAVENPORT,SCOTT - (D24) CITY OF DAVENPORT,election_geometry_exact,1.0,C:\Users\Shama\OneDrive\Documents\Side_Projects\Side_Projects\IAPrecinctMap\data\2016\20161108__ia__general__precinct.csv,67743
Scott,(D31) CITY OF DAVENPORT,SCOTT - (D31) CITY OF DAVENPORT,election_geometry_exact,1.0,C:\Users\Shama\OneDrive\Documents\Side_Projects\Side_Projects\IAPrecinctMap\data\2016\20161108__ia__general__precinct.csv,67787
Scott,(D32) CITY OF DAVENPORT,SCOTT - (D32) CITY OF DAVENPORT,election_geometry_exact,1.0,C:\Users\Shama\OneDrive\Documents\Side_Projects\Side_Projects\IAPrecinctMap\data\2016\20161108__ia__general__precinct.csv,67831
Scott,(D33) CITY OF DAVENPORT,SCOTT - (D33) CITY OF DAVENPORT,election_geometry_exact,1.0,C:\Users\Shama\OneDrive\Documents\Side_Projects\Side_Projects\IAPrecinctMap\data\2016\20161108__ia__general__precinct.csv,67875
Scott,(D34) CITY OF DAVENPORT,SCOTT - (D34) CITY OF DAVENPORT,election_geometry_exact,1.0,C:\Users\Shama\OneDrive\Documents\Side_Projects\Side_Projects\IAPrecinctMap\data\2016\20161108__ia__general__precinct.csv,67919
Scott,(D41) CITY OF DAVENPORT,SCOTT - (D41) CITY OF DAVENPORT,election_geometry_exact,1.0,C:\Users\Shama\OneDrive\Documents\Side_Projects\Side_Projects\IAPrecinctMap\data\2016\20161108__ia__general__precinct.csv,67963
Scott,(D42) CITY OF DAVENPORT,SCOTT - (D42) CITY OF DAVENPORT,election_geometry_exact,1.0,C:\Users\Shama\OneDrive\Documents\Side_Projects\Side_Projects\IAPrecinctMap\data\2016\20161108__ia__general__precinct.csv,68007
Scott,(D43) CITY OF DAVENPORT,SCOTT - (D43) CITY OF DAVENPORT,election_geometry_exact,1.0,C:\Users\Shama\OneDrive\Documents\Side_Projects\Side_Projects\IAPrecinctMap\data\2016\20161108__ia__general__precinct.csv,68051
Scott,(D44) CITY OF DAVENPORT,SCOTT - (D44) CITY OF DAVENPORT,election_geometry_exact,1.0,C:\Users\Shama\OneDrive\Documents\Side_Projects\Side_Projects\IAPrecinctMap\data\2016\20161108__ia__general__precinct.csv,68095
Scott,(D51) CITY OF DAVENPORT,SCOTT - (D51) CITY OF DAVENPORT,election_geometry_exact,1.0,C:\Users\Shama\OneDrive\Documents\Side_Projects\Side_Projects\IAPrecinctMap\data\2016\20161108__ia__general__precinct.csv,68139
Scott,(D52) CITY OF DAVENPORT,SCOTT - (D52) CITY OF DAVENPORT,election_geometry_exact,1.0,C:\Users\Shama\OneDrive\Documents\Side_Projects\Side_Projects\IAPrecinctMap\data\2016\20161108__ia__general__precinct.csv,68184
Scott,(D53) CITY OF DAVENPORT,SCOTT - (D53) CITY OF DAVENPORT,election_geometry_exact,1.0,C:\Users\Shama\OneDrive\Documents\Side_Projects\Side_Projects\IAPrecinctMap\data\2016\20161108__ia__general__precinct.csv,68229
Scott,(D54) CITY OF DAVENPORT,SCOTT - (D54) CITY OF DAVENPORT,election_geometry_exact,1.0,C:\Users\Shama\OneDrive\Documents\Side_Projects\Side_Projects\IAPrecinctMap\data\2016\20161108__ia__general__precinct.csv,68274
Scott,(D61) CITY OF DAVENPORT,SCOTT - (D61) CITY OF DAVENPORT,election_geometry_exact,1.0,C:\Users\Shama\OneDrive\Documents\Side_Projects\Side_Projects\IAPrecinctMap\data\2016\20161108__ia__general__precinct.csv,68318
Scott,(D62) CITY OF DAVENPORT,SCOTT - (D62) CITY OF DAVENPORT,election_geometry_exact,1.0,C:\Users\Shama\OneDrive\Documents\Side_Projects\Side_Projects\IAPrecinctMap\data\2016\20161108__ia__general__precinct.csv,68362
Scott,(D63) CITY OF DAVENPORT,SCOTT - (D63) CITY OF DAVENPORT,election_geometry_exact,1.0,C:\Users\Shama\OneDrive\Documents\Side_Projects\Side_Projects\IAPrecinctMap\data\2016\20161108__ia__general__precinct.csv,68407
Scott,(D64) CITY OF DAVENPORT,SCOTT - (D64) CITY OF DAVENPORT,election_geometry_exact,1.0,C:\Users\Shama\OneDrive\Documents\Side_Projects\Side_Projects\IAPrecinctMap\data\2016\20161108__ia__general__precinct.csv,68452
Scott,(D71) CITY OF DAVENPORT,SCOTT - (D71) CITY OF DAVENPORT,election_geometry_exact,1.0,C:\Users\Shama\OneDrive\Documents\Side_Projects\Side_Projects\IAPrecinctMap\data\2016\20161108__ia__general__precinct.csv,68497
Scott,(D72) CITY OF DAVENPORT,SCOTT - (D72) CITY OF DAVENPORT,election_geometry_exact,1.0,C:\Users\Shama\OneDrive\Documents\Side_Projects\Side_Projects\IAPrecinctMap\data\2016\20161108__ia__general__precinct.csv,68541
Scott,(D73) CITY OF DAVENPORT,SCOTT - (D73) CITY OF DAVENPORT,election_geometry_exact,1.0,C:\Users\Shama\OneDrive\Documents\Side_Projects\Side_Projects\IAPrecinctMap\data\2016\20161108__ia__general__precinct.csv,68585
Scott,(D74) CITY OF DAVENPORT,SCOTT - (D74) CITY OF DAVENPORT,election_geometry_exact,1.0,C:\Users\Shama\OneDrive\Documents\Side_Projects\Side_Projects\IAPrecinctMap\data\2016\20161108__ia__general__precinct.csv,68633
Scott,(D81) CITY OF DAVENPORT,SCOTT - (D81) CITY OF DAVENPORT,election_geometry_exact,1.0,C:\Users\Shama\OneDrive\Documents\Side_Projects\Side_Projects\IAPrecinctMap\data\2016\20161108__ia__general__precinct.csv,68678
Scott,(D82) CITY OF DAVENPORT,SCOTT - (D82) CITY OF DAVENPORT,election_geometry_exact,1.0,C:\Users\Shama\OneDrive\Documents\Side_Projects\Side_Projects\IAPrecinctMap\data\2016\20161108__ia__general__precinct.csv,68726
Scott,(D83) CITY OF DAVENPORT,SCOTT - (D83) CITY OF DAVENPORT,election_geometry_exact,1.0,C:\Users\Shama\OneDrive\Documents\Side_Projects\Side_Projects\IAPrecinctMap\data\2016\20161108__ia__general__precinct.csv,68770
Scott,(D84) CITY OF DAVENPORT,SCOTT - (D84) CITY OF DAVENPORT,election_geometry_exact,1.0,C:\Users\Shama\OneDrive\Documents\Side_Projects\Side_Projects\IAPrecinctMap\data\2016\20161108__ia__general__precinct.csv,68818
Scott,(DH) CITY OF DONAHUE,SCOTT - (DH) CITY OF DONAHUE,election_geometry_exact,1.0,C:\Users\Shama\OneDrive\Documents\Side_Projects\Side_Projects\IAPrecinctMap\data\2016\20161108__ia__general__precinct.csv,68862
Scott,(EL1) CITY OF ELDRIDGE,SCOTT - (EL1) CITY OF ELDRIDGE,election_geometry_exact,1.0,C:\Users\Shama\OneDrive\Documents\Side_Projects\Side_Projects\IAPrecinctMap\data\2016\20161108__ia__general__precinct.csv,68910
Scott,(EL2) CITY OF ELDRIDGE,SCOTT - (EL2) CITY OF ELDRIDGE,election_geometry_exact,1.0,C:\Users\Shama\OneDrive\Documents\Side_Projects\Side_Projects\IAPrecinctMap\data\2016\20161108__ia__general__precinct.csv,68958
Scott,(HG) HICKORY GROVE TOWNSHIP,SCOTT - (HG) HICKORY GROVE TOWNSHIP,election_geometry_exact,1.0,C:\Users\Shama\OneDrive\Documents\Side_Projects\Side_Projects\IAPrecinctMap\data\2016\20161108__ia__general__precinct.csv,69006
Scott,(LB) LIBERTY TOWNSHIP,SCOTT - (LB) LIBERTY TOWNSHIP,election_geometry_exact,1.0,C:\Users\Shama\OneDrive\Documents\Side_Projects\Side_Projects\IAPrecinctMap\data\2016\20161108__ia__general__precinct.csv,69054
Scott,(LC1) CITY OF LeCLAIRE,SCOTT - (LC1) CITY OF LECLAIRE,election_geometry_exact,1.0,C:\Users\Shama\OneDrive\Documents\Side_Projects\Side_Projects\IAPrecinctMap\data\2016\20161108__ia__general__precinct.csv,69102
Scott,(LC2) CITY OF LeCLAIRE,SCOTT - (LC2) CITY OF LECLAIRE,election_geometry_exact,1.0,C:\Users\Shama\OneDrive\Documents\Side_Projects\Side_Projects\IAPrecinctMap\data\2016\20161108__ia__general__precinct.csv,69148
Scott,(LCT) LeCLAIRE TOWNSHIP,SCOTT - (LCT) LECLAIRE TOWNSHIP,election_geometry_exact,1.0,C:\Users\Shama\OneDrive\Documents\Side_Projects\Side_Projects\IAPrecinctMap\data\2016\20161108__ia__general__precinct.csv,69194
Scott,(LG) CITY OF LONG GROVE,SCOTT - (LG) CITY OF LONG GROVE,election_geometry_exact,1.0,C:\Users\Shama\OneDrive\Documents\Side_Projects\Side_Projects\IAPrecinctMap\data\2016\20161108__ia__general__precinct.csv,69240
Scott,(MC) McCAUSLAND,,election_geometry_ambiguous,0.7647058823529411,C:\Users\Shama\OneDrive\Documents\Side_Projects\Side_Projects\IAPrecinctMap\data\2016\20161108__ia__general__precinct.csv,69288
Scott,(PKV) PARK VIEW,SCOTT - (PKV) PARK VIEW,election_geometry_exact,1.0,C:\Users\Shama\OneDrive\Documents\Side_Projects\Side_Projects\IAPrecinctMap\data\2016\20161108__ia__general__precinct.csv,69334
Scott,(PR) PRINCETON TOWNSHIP,,election_geometry_ambiguous,0.6341463414634146,C:\Users\Shama\OneDrive\Documents\Side_Projects\Side_Projects\IAPrecinctMap\data\2016\20161108__ia__general__precinct.csv,69380
Scott,(PV) PLEASANT VALLEY,SCOTT - (PV) PLEASANT VALLEY,election_geometry_exact,1.0,C:\Users\Shama\OneDrive\Documents\Side_Projects\Side_Projects\IAPrecinctMap\data\2016\20161108__ia__general__precinct.csv,69426
Scott,(RV) CITY OF RIVERDALE,SCOTT - (RV) CITY OF RIVERDALE,election_geometry_exact,1.0,C:\Users\Shama\OneDrive\Documents\Side_Projects\Side_Projects\IAPrecinctMap\data\2016\20161108__ia__general__precinct.csv,69470
Scott,(WC) WALCOTT PRECINCT,SCOTT - (WC) WALCOTT PRECINCT,election_geometry_exact,1.0,C:\Users\Shama\OneDrive\Documents\Side_Projects\Side_Projects\IAPrecinctMap\data\2016\20161108__ia__general__precinct.csv,69514
Scott,(WF) WINFIELD TOWNSHIP,SCOTT - (WF) WINFIELD TOWNSHIP,election_geometry_exact,1.0,C:\Users\Shama\OneDrive\Documents\Side_Projects\Side_Projects\IAPrecinctMap\data\2016\20161108__ia__general__precinct.csv,69562
Shelby,EH-K School,,election_geometry_ambiguous,0.38461538461538464,C:\Users\Shama\OneDrive\Documents\Side_Projects\Side_Projects\IAPrecinctMap\data\2016\20161108__ia__general__precinct.csv,69608
Shelby,Harlan Ward 1,,election_geometry_ambiguous,0.7619047619047619,C:\Users\Shama\OneDrive\Documents\Side_Projects\Side_Projects\IAPrecinctMap\data\2016\20161108__ia__general__precinct.csv,69656
Shelby,Harlan Ward 2,,election_geometry_ambiguous,0.7619047619047619,C:\Users\Shama\OneDrive\Documents\Side_Projects\Side_Projects\IAPrecinctMap\data\2016\20161108__ia__general__precinct.csv,69704
Shelby,Harlan Ward 3,,election_geometry_ambiguous,0.7619047619047619,C:\Users\Shama\OneDrive\Documents\Side_Projects\Side_Projects\IAPrecinctMap\data\2016\20161108__ia__general__precinct.csv,69752
Shelby,Harlan Ward 4,,election_geometry_ambiguous,0.7619047619047619,C:\Users\Shama\OneDrive\Documents\Side_Projects\Side_Projects\IAPrecinctMap\data\2016\20161108__ia__general__precinct.csv,69800
Shelby,Irwin Comm Bldg,,election_geometry_ambiguous,0.3333333333333333,C:\Users\Shama\OneDrive\Documents\Side_Projects\Side_Projects\IAPrecinctMap\data\2016\20161108__ia__general__precinct.csv,69848
Shelby,Shelby Comm Hall,,election_geometry_ambiguous,0.3870967741935484,C:\Users\Shama\OneDrive\Documents\Side_Projects\Side_Projects\IAPrecinctMap\data\2016\20161108__ia__general__precinct.csv,69896
Shelby,St Josheph Hall,,election_geometry_ambiguous,0.38095238095238093,C:\Users\Shama\OneDrive\Documents\Side_Projects\Side_Projects\IAPrecinctMap\data\2016\20161108__ia__general__precinct.csv,69944
Shelby,Therkildsen Center,,election_geometry_ambiguous,0.38461538461538464,C:\Users\Shama\OneDrive\Documents\Side_Projects\Side_Projects\IAPrecinctMap\data\2016\20161108__ia__general__precinct.csv,69992
Sioux,Alton/Nassau/East Orange,SIOUX - ALTON/NASSAU/EAST ORANGE,election_geometry_exact,1.0,C:\Users\Shama\OneDrive\Documents\Side_Projects\Side_Projects\IAPrecinctMap\data\2016\20161108__ia__general__precinct.csv,70040
Sioux,Floyd/Lynn,SIOUX - FLOYD/LYNN,election_geometry_exact,1.0,C:\Users\Shama\OneDrive\Documents\Side_Projects\Side_Projects\IAPrecinctMap\data\2016\20161108__ia__general__precinct.csv,70087
Sioux,Grant/Sheridan,SIOUX - GRANT/SHERIDAN,election_geometry_exact,1.0,C:\Users\Shama\OneDrive\Documents\Side_Projects\Side_Projects\IAPrecinctMap\data\2016\20161108__ia__general__precinct.csv,70134
Sioux,Hawarden/Buncombe/Logan/Washington/Eagle South,,election_geometry_ambiguous,0.5161290322580645,C:\Users\Shama\OneDrive\Documents\Side_Projects\Side_Projects\IAPrecinctMap\data\2016\20161108__ia__general__precinct.csv,70181
Sioux,Lincoln,SIOUX - LINCOLN,election_geometry_exact,1.0,C:\Users\Shama\OneDrive\Documents\Side_Projects\Side_Projects\IAPrecinctMap\data\2016\20161108__ia__general__precinct.csv,70228
Sioux,Orange City No. 1/Holland West,,election_geometry_ambiguous,0.7391304347826086,C:\Users\Shama\OneDrive\Documents\Side_Projects\Side_Projects\IAPrecinctMap\data\2016\20161108__ia__general__precinct.csv,70275
Sioux,Orange City No. 2/Holland East/Nassau,,election_geometry_ambiguous,0.5964912280701754,C:\Users\Shama\OneDrive\Documents\Side_Projects\Side_Projects\IAPrecinctMap\data\2016\20161108__ia__general__precinct.csv,70322
Sioux,Plato/Garfield/Settlers/Sioux/Eagle North,,election_geometry_ambiguous,0.5614035087719298,C:\Users\Shama\OneDrive\Documents\Side_Projects\Side_Projects\IAPrecinctMap\data\2016\20161108__ia__general__precinct.csv,70369
Sioux,Reading/Center South,SIOUX - READING/CENTER SOUTH,election_geometry_exact,1.0,C:\Users\Shama\OneDrive\Documents\Side_Projects\Side_Projects\IAPrecinctMap\data\2016\20161108__ia__general__precinct.csv,70416
Sioux,Rock Valley East,SIOUX - ROCK VALLEY EAST,election_geometry_exact,1.0,C:\Users\Shama\OneDrive\Documents\Side_Projects\Side_Projects\IAPrecinctMap\data\2016\20161108__ia__general__precinct.csv,70463
Sioux,Rock Valley West/Rock,SIOUX - ROCK VALLEY WEST/ROCK,election_geometry_exact,1.0,C:\Users\Shama\OneDrive\Documents\Side_Projects\Side_Projects\IAPrecinctMap\data\2016\20161108__ia__general__precinct.csv,70510
Sioux,Sherman,SIOUX - SHERMAN,election_geometry_exact,1.0,C:\Users\Shama\OneDrive\Documents\Side_Projects\Side_Projects\IAPrecinctMap\data\2016\20161108__ia__general__precinct.csv,70557
Sioux,Sioux Center Central,SIOUX - SIOUX CENTER CENTRAL,election_geometry_exact,1.0,C:\Users\Shama\OneDrive\Documents\Side_Projects\Side_Projects\IAPrecinctMap\data\2016\20161108__ia__general__precinct.csv,70604
Sioux,Sioux Center North/Capel/Welcome,,election_geometry_ambiguous,0.6938775510204082,C:\Users\Shama\OneDrive\Documents\Side_Projects\Side_Projects\IAPrecinctMap\data\2016\20161108__ia__general__precinct.csv,70651
Sioux,Sioux Center South,SIOUX - SIOUX CENTER SOUTH,election_geometry_exact,1.0,C:\Users\Shama\OneDrive\Documents\Side_Projects\Side_Projects\IAPrecinctMap\data\2016\20161108__ia__general__precinct.csv,70698
Sioux,West Branch/Center North,SIOUX - WEST BRANCH/CENTER NORTH,election_geometry_exact,1.0,C:\Users\Shama\OneDrive\Documents\Side_Projects\Side_Projects\IAPrecinctMap\data\2016\20161108__ia__general__precinct.csv,70745
Story,Ames 1-1,STORY - AMES 1-1,election_geometry_exact,1.0,C:\Users\Shama\OneDrive\Documents\Side_Projects\Side_Projects\IAPrecinctMap\data\2016\20161108__ia__general__precinct.csv,70792
Story,Ames 1-2,STORY - AMES 1-2,election_geometry_exact,1.0,C:\Users\Shama\OneDrive\Documents\Side_Projects\Side_Projects\IAPrecinctMap\data\2016\20161108__ia__general__precinct.csv,70836
Story,Ames 1-3/Grant 2,STORY - AMES 1-3 - GRANT TWP 2,election_geometry_fuzzy,0.8888888888888888,C:\Users\Shama\OneDrive\Documents\Side_Projects\Side_Projects\IAPrecinctMap\data\2016\20161108__ia__general__precinct.csv,70880
Story,Ames 1-4,STORY - AMES 1-4,election_geometry_exact,1.0,C:\Users\Shama\OneDrive\Documents\Side_Projects\Side_Projects\IAPrecinctMap\data\2016\20161108__ia__general__precinct.csv,70924
Story,Ames 1-5,STORY - AMES 1-5,election_geometry_exact,1.0,C:\Users\Shama\OneDrive\Documents\Side_Projects\Side_Projects\IAPrecinctMap\data\2016\20161108__ia__general__precinct.csv,70968
Story,Ames 2-1,STORY - AMES 2-1,election_geometry_exact,1.0,C:\Users\Shama\OneDrive\Documents\Side_Projects\Side_Projects\IAPrecinctMap\data\2016\20161108__ia__general__precinct.csv,71012
Story,Ames 2-2,STORY - AMES 2-2,election_geometry_exact,1.0,C:\Users\Shama\OneDrive\Documents\Side_Projects\Side_Projects\IAPrecinctMap\data\2016\20161108__ia__general__precinct.csv,71054
Story,Ames 2-3,STORY - AMES 2-3,election_geometry_exact,1.0,C:\Users\Shama\OneDrive\Documents\Side_Projects\Side_Projects\IAPrecinctMap\data\2016\20161108__ia__general__precinct.csv,71096
Story,Ames 2-4,STORY - AMES 2-4,election_geometry_exact,1.0,C:\Users\Shama\OneDrive\Documents\Side_Projects\Side_Projects\IAPrecinctMap\data\2016\20161108__ia__general__precinct.csv,71138
Story,Ames 2-5,STORY - AMES 2-5,election_geometry_exact,1.0,C:\Users\Shama\OneDrive\Documents\Side_Projects\Side_Projects\IAPrecinctMap\data\2016\20161108__ia__general__precinct.csv,71180
Story,Ames 3-1/Wash 2,STORY - AMES 3-1,election_geometry_prefix,0.98,C:\Users\Shama\OneDrive\Documents\Side_Projects\Side_Projects\IAPrecinctMap\data\2016\20161108__ia__general__precinct.csv,71228
Story,Ames 3-2,STORY - AMES 3-2,election_geometry_exact,1.0,C:\Users\Shama\OneDrive\Documents\Side_Projects\Side_Projects\IAPrecinctMap\data\2016\20161108__ia__general__precinct.csv,71272
Story,Ames 3-3,STORY - AMES 3-3,election_geometry_exact,1.0,C:\Users\Shama\OneDrive\Documents\Side_Projects\Side_Projects\IAPrecinctMap\data\2016\20161108__ia__general__precinct.csv,71316
Story,Ames 3-4,STORY - AMES 3-4,election_geometry_exact,1.0,C:\Users\Shama\OneDrive\Documents\Side_Projects\Side_Projects\IAPrecinctMap\data\2016\20161108__ia__general__precinct.csv,71360
Story,Ames 3-5/Wash 3,STORY - AMES 3-5,election_geometry_prefix,0.98,C:\Users\Shama\OneDrive\Documents\Side_Projects\Side_Projects\IAPrecinctMap\data\2016\20161108__ia__general__precinct.csv,71404
Story,Ames 4-1,STORY - AMES 4-1,election_geometry_exact,1.0,C:\Users\Shama\OneDrive\Documents\Side_Projects\Side_Projects\IAPrecinctMap\data\2016\20161108__ia__general__precinct.csv,71448
Story,Ames 4-2,STORY - AMES 4-2,election_geometry_exact,1.0,C:\Users\Shama\OneDrive\Documents\Side_Projects\Side_Projects\IAPrecinctMap\data\2016\20161108__ia__general__precinct.csv,71490
Story,Ames 4-3,STORY - AMES 4-3,election_geometry_exact,1.0,C:\Users\Shama\OneDrive\Documents\Side_Projects\Side_Projects\IAPrecinctMap\data\2016\20161108__ia__general__precinct.csv,71532
Story,Ames 4-4,STORY - AMES 4-4,election_geometry_exact,1.0,C:\Users\Shama\OneDrive\Documents\Side_Projects\Side_Projects\IAPrecinctMap\data\2016\20161108__ia__general__precinct.csv,71574
Story,Ames 4-5,STORY - AMES 4-5,election_geometry_exact,1.0,C:\Users\Shama\OneDrive\Documents\Side_Projects\Side_Projects\IAPrecinctMap\data\2016\20161108__ia__general__precinct.csv,71616
Story,Collins/Collins,STORY - COLLINS TWP-COLLINS,election_geometry_fuzzy,0.8823529411764706,C:\Users\Shama\OneDrive\Documents\Side_Projects\Side_Projects\IAPrecinctMap\data\2016\20161108__ia__general__precinct.csv,71658
Story,Franklin/Gilbert,STORY - FRANKLIN TWP-GILBERT,election_geometry_fuzzy,0.8888888888888888,C:\Users\Shama\OneDrive\Documents\Side_Projects\Side_Projects\IAPrecinctMap\data\2016\20161108__ia__general__precinct.csv,71703
Story,Grant Twp,,election_geometry_ambiguous,0.782608695652174,C:\Users\Shama\OneDrive\Documents\Side_Projects\Side_Projects\IAPrecinctMap\data\2016\20161108__ia__general__precinct.csv,71749
Story,Howard/Roland,,election_geometry_ambiguous,0.8666666666666667,C:\Users\Shama\OneDrive\Documents\Side_Projects\Side_Projects\IAPrecinctMap\data\2016\20161108__ia__general__precinct.csv,71793
Story,Huxley,STORY - HUXLEY,election_geometry_exact,1.0,C:\Users\Shama\OneDrive\Documents\Side_Projects\Side_Projects\IAPrecinctMap\data\2016\20161108__ia__general__precinct.csv,71838
Story,Indian Creek/Maxwell,STORY - INDIAN CREEK TWP-MAXWELL,election_geometry_fuzzy,0.9090909090909091,C:\Users\Shama\OneDrive\Documents\Side_Projects\Side_Projects\IAPrecinctMap\data\2016\20161108__ia__general__precinct.csv,71883
Story,Lafayette Twp,,election_geometry_ambiguous,0.8387096774193549,C:\Users\Shama\OneDrive\Documents\Side_Projects\Side_Projects\IAPrecinctMap\data\2016\20161108__ia__general__precinct.csv,71928
Story,Lincoln/Zearing,STORY - LINCOLN TWP-ZEARING,election_geometry_fuzzy,0.8823529411764706,C:\Users\Shama\OneDrive\Documents\Side_Projects\Side_Projects\IAPrecinctMap\data\2016\20161108__ia__general__precinct.csv,71974
Story,Milford Twp,,election_geometry_ambiguous,0.8148148148148148,C:\Users\Shama\OneDrive\Documents\Side_Projects\Side_Projects\IAPrecinctMap\data\2016\20161108__ia__general__precinct.csv,72019
Story,Nevada 1,STORY - NEVADA 1,election_geometry_exact,1.0,C:\Users\Shama\OneDrive\Documents\Side_Projects\Side_Projects\IAPrecinctMap\data\2016\20161108__ia__general__precinct.csv,72063
Story,Nevada 2,STORY - NEVADA 2,election_geometry_exact,1.0,C:\Users\Shama\OneDrive\Documents\Side_Projects\Side_Projects\IAPrecinctMap\data\2016\20161108__ia__general__precinct.csv,72108
Story,Nevada 3/Grant 3,STORY - NEVADA 3 - GRANT TWP 3,election_geometry_fuzzy,0.8888888888888888,C:\Users\Shama\OneDrive\Documents\Side_Projects\Side_Projects\IAPrecinctMap\data\2016\20161108__ia__general__precinct.csv,72153
Story,Nevada 4,STORY - NEVADA 4,election_geometry_exact,1.0,C:\Users\Shama\OneDrive\Documents\Side_Projects\Side_Projects\IAPrecinctMap\data\2016\20161108__ia__general__precinct.csv,72198
Story,Nevada Twp,,election_geometry_ambiguous,0.8,C:\Users\Shama\OneDrive\Documents\Side_Projects\Side_Projects\IAPrecinctMap\data\2016\20161108__ia__general__precinct.csv,72243
Story,New Albany/Colo,STORY - NEW ALBANY TWP-COLO,election_geometry_fuzzy,0.8823529411764706,C:\Users\Shama\OneDrive\Documents\Side_Projects\Side_Projects\IAPrecinctMap\data\2016\20161108__ia__general__precinct.csv,72288
Story,Palestine Twp,,election_geometry_ambiguous,0.8387096774193549,C:\Users\Shama\OneDrive\Documents\Side_Projects\Side_Projects\IAPrecinctMap\data\2016\20161108__ia__general__precinct.csv,72333
Story,Richland Twp,,election_geometry_ambiguous,0.8275862068965517,C:\Users\Shama\OneDrive\Documents\Side_Projects\Side_Projects\IAPrecinctMap\data\2016\20161108__ia__general__precinct.csv,72378
Story,Sherman Twp,,election_geometry_ambiguous,0.8148148148148148,C:\Users\Shama\OneDrive\Documents\Side_Projects\Side_Projects\IAPrecinctMap\data\2016\20161108__ia__general__precinct.csv,72423
Story,Slater/Sheldahl,STORY - SLATER/SHELDAHL-PAL 2,election_geometry_prefix,0.98,C:\Users\Shama\OneDrive\Documents\Side_Projects\Side_Projects\IAPrecinctMap\data\2016\20161108__ia__general__precinct.csv,72468
Story,Story City,STORY - STORY CITY,election_geometry_exact,1.0,C:\Users\Shama\OneDrive\Documents\Side_Projects\Side_Projects\IAPrecinctMap\data\2016\20161108__ia__general__precinct.csv,72514
Story,Union/Cambridge,STORY - UNION TWP-CAMBRIDGE,election_geometry_fuzzy,0.8823529411764706,C:\Users\Shama\OneDrive\Documents\Side_Projects\Side_Projects\IAPrecinctMap\data\2016\20161108__ia__general__precinct.csv,72559
Story,Warren/McCallsburg,STORY - WARREN TWP-MCCALLSBURG,election_geometry_fuzzy,0.9,C:\Users\Shama\OneDrive\Documents\Side_Projects\Side_Projects\IAPrecinctMap\data\2016\20161108__ia__general__precinct.csv,72604
Story,Washington/Kelley,STORY - WASHINGTON TWP-KELLEY,election_geometry_fuzzy,0.8947368421052632,C:\Users\Shama\OneDrive\Documents\Side_Projects\Side_Projects\IAPrecinctMap\data\2016\20161108__ia__general__precinct.csv,72649
Tama,Carlton,TAMA - CARLTON,election_geometry_exact,1.0,C:\Users\Shama\OneDrive\Documents\Side_Projects\Side_Projects\IAPrecinctMap\data\2016\20161108__ia__general__precinct.csv,72693
Tama,Carroll/Oneida/N. Otter C,TAMA - CARROLL/ONEIDA/N OTTER CR,election_geometry_prefix,0.98,C:\Users\Shama\OneDrive\Documents\Side_Projects\Side_Projects\IAPrecinctMap\data\2016\20161108__ia__general__precinct.csv,72749
Tama,Clark/Geneseo,TAMA - CLARK/GENESEO,election_geometry_exact,1.0,C:\Users\Shama\OneDrive\Documents\Side_Projects\Side_Projects\IAPrecinctMap\data\2016\20161108__ia__general__precinct.csv,72805
Tama,Columbia/Tama,TAMA - COLUMBIA/TAMA,election_geometry_exact,1.0,C:\Users\Shama\OneDrive\Documents\Side_Projects\Side_Projects\IAPrecinctMap\data\2016\20161108__ia__general__precinct.csv,72861
Tama,Grant,TAMA - GRANT,election_geometry_exact,1.0,C:\Users\Shama\OneDrive\Documents\Side_Projects\Side_Projects\IAPrecinctMap\data\2016\20161108__ia__general__precinct.csv,72917
Tama,Highland/Indian Village,TAMA - HIGHLAND/INDIAN VILLAGE,election_geometry_exact,1.0,C:\Users\Shama\OneDrive\Documents\Side_Projects\Side_Projects\IAPrecinctMap\data\2016\20161108__ia__general__precinct.csv,72973
Tama,Howard/Toledo/Toledo 1,TAMA - HOWARD/TOLEDO,election_geometry_prefix,0.98,C:\Users\Shama\OneDrive\Documents\Side_Projects\Side_Projects\IAPrecinctMap\data\2016\20161108__ia__general__precinct.csv,73029
Tama,Indian Settlement,TAMA - INDIAN SETTLEMENT,election_geometry_exact,1.0,C:\Users\Shama\OneDrive\Documents\Side_Projects\Side_Projects\IAPrecinctMap\data\2016\20161108__ia__general__precinct.csv,73085
Tama,Lincoln,TAMA - LINCOLN,election_geometry_exact,1.0,C:\Users\Shama\OneDrive\Documents\Side_Projects\Side_Projects\IAPrecinctMap\data\2016\20161108__ia__general__precinct.csv,73141
Tama,Perry/Buckingham/E. Cryst,TAMA - PERRY/BUCKINGHAM/E CRYSTAL,election_geometry_prefix,0.98,C:\Users\Shama\OneDrive\Documents\Side_Projects\Side_Projects\IAPrecinctMap\data\2016\20161108__ia__general__precinct.csv,73197
Tama,Richland/Salt Creek,TAMA - RICHLAND/SALT CREEK,election_geometry_exact,1.0,C:\Users\Shama\OneDrive\Documents\Side_Projects\Side_Projects\IAPrecinctMap\data\2016\20161108__ia__general__precinct.csv,73253
Tama,S. Otter Creek,TAMA - S. OTTER CREEK,election_geometry_exact,1.0,C:\Users\Shama\OneDrive\Documents\Side_Projects\Side_Projects\IAPrecinctMap\data\2016\20161108__ia__general__precinct.csv,73309
Tama,Spring Creek/W. Crystal,TAMA - SPRING CREEK/W CRYSTAL,election_geometry_exact,1.0,C:\Users\Shama\OneDrive\Documents\Side_Projects\Side_Projects\IAPrecinctMap\data\2016\20161108__ia__general__precinct.csv,73365
Tama,Toledo 2,,election_geometry_ambiguous,0.7368421052631579,C:\Users\Shama\OneDrive\Documents\Side_Projects\Side_Projects\IAPrecinctMap\data\2016\20161108__ia__general__precinct.csv,73421
Tama,Toledo 3,,election_geometry_ambiguous,0.7368421052631579,C:\Users\Shama\OneDrive\Documents\Side_Projects\Side_Projects\IAPrecinctMap\data\2016\20161108__ia__general__precinct.csv,73477
Tama,York,TAMA - YORK,election_geometry_exact,1.0,C:\Users\Shama\OneDrive\Documents\Side_Projects\Side_Projects\IAPrecinctMap\data\2016\20161108__ia__general__precinct.csv,73533
Taylor,1-1 Blockton,TAYLOR - 1-1 BLOCKTON,election_geometry_exact,1.0,C:\Users\Shama\OneDrive\Documents\Side_Projects\Side_Projects\IAPrecinctMap\data\2016\20161108__ia__general__precinct.csv,73589
Taylor,2-1 Clearfield,TAYLOR - 2-1 CLEARFIELD,election_geometry_exact,1.0,C:\Users\Shama\OneDrive\Documents\Side_Projects\Side_Projects\IAPrecinctMap\data\2016\20161108__ia__general__precinct.csv,73635
Taylor,3-1 Gravity,TAYLOR - 3-1 GRAVITY,election_geometry_exact,1.0,C:\Users\Shama\OneDrive\Documents\Side_Projects\Side_Projects\IAPrecinctMap\data\2016\20161108__ia__general__precinct.csv,73681
Taylor,4-1 New Market,TAYLOR - 4-1 NEW MARKET,election_geometry_exact,1.0,C:\Users\Shama\OneDrive\Documents\Side_Projects\Side_Projects\IAPrecinctMap\data\2016\20161108__ia__general__precinct.csv,73727
Taylor,5-2 Lenox,TAYLOR - 5-2 LENOX,election_geometry_exact,1.0,C:\Users\Shama\OneDrive\Documents\Side_Projects\Side_Projects\IAPrecinctMap\data\2016\20161108__ia__general__precinct.csv,73773
Taylor,6-3 Courthouse,,election_geometry_ambiguous,0.42424242424242425,C:\Users\Shama\OneDrive\Documents\Side_Projects\Side_Projects\IAPrecinctMap\data\2016\20161108__ia__general__precinct.csv,73819
Taylor,7-3 Bedford Legion,,election_geometry_ambiguous,0.7142857142857143,C:\Users\Shama\OneDrive\Documents\Side_Projects\Side_Projects\IAPrecinctMap\data\2016\20161108__ia__general__precinct.csv,73865
Union,Afton Methodist Church,UNION - AFTON,election_geometry_prefix,0.98,C:\Users\Shama\OneDrive\Documents\Side_Projects\Side_Projects\IAPrecinctMap\data\2016\20161108__ia__general__precinct.csv,73911
Union,Arispe Methodist Church,UNION - ARISPE,election_geometry_prefix,0.98,C:\Users\Shama\OneDrive\Documents\Side_Projects\Side_Projects\IAPrecinctMap\data\2016\20161108__ia__general__precinct.csv,73954
Union,Crest Baptist Church CS5,,election_geometry_ambiguous,0.47368421052631576,C:\Users\Shama\OneDrive\Documents\Side_Projects\Side_Projects\IAPrecinctMap\data\2016\20161108__ia__general__precinct.csv,73997
Union,Lorimor,UNION - LORIMOR,election_geometry_exact,1.0,C:\Users\Shama\OneDrive\Documents\Side_Projects\Side_Projects\IAPrecinctMap\data\2016\20161108__ia__general__precinct.csv,74040
Union,Salem Lutheran Church CS1,,election_geometry_ambiguous,0.3076923076923077,C:\Users\Shama\OneDrive\Documents\Side_Projects\Side_Projects\IAPrecinctMap\data\2016\20161108__ia__general__precinct.csv,74083
Union,Supertel CS4,,election_geometry_ambiguous,0.5333333333333333,C:\Users\Shama\OneDrive\Documents\Side_Projects\Side_Projects\IAPrecinctMap\data\2016\20161108__ia__general__precinct.csv,74126
Union,SWCC CS2,,election_geometry_ambiguous,0.36363636363636365,C:\Users\Shama\OneDrive\Documents\Side_Projects\Side_Projects\IAPrecinctMap\data\2016\20161108__ia__general__precinct.csv,74169
Union,Trinity Lutheran Church CS3,,election_geometry_ambiguous,0.26666666666666666,C:\Users\Shama\OneDrive\Documents\Side_Projects\Side_Projects\IAPrecinctMap\data\2016\20161108__ia__general__precinct.csv,74212
Van Buren,Birmingham,VAN BUREN - BIRMINGHAM,election_geometry_exact,1.0,C:\Users\Shama\OneDrive\Documents\Side_Projects\Side_Projects\IAPrecinctMap\data\2016\20161108__ia__general__precinct.csv,74255
Van Buren,Bonaparte,VAN BUREN - BONAPARTE,election_geometry_exact,1.0,C:\Users\Shama\OneDrive\Documents\Side_Projects\Side_Projects\IAPrecinctMap\data\2016\20161108__ia__general__precinct.csv,74297
Van Buren,Cantril,VAN BUREN - CANTRIL,election_geometry_exact,1.0,C:\Users\Shama\OneDrive\Documents\Side_Projects\Side_Projects\IAPrecinctMap\data\2016\20161108__ia__general__precinct.csv,74339
Van Buren,Douds,VAN BUREN - DOUDS,election_geometry_exact,1.0,C:\Users\Shama\OneDrive\Documents\Side_Projects\Side_Projects\IAPrecinctMap\data\2016\20161108__ia__general__precinct.csv,74381
Van Buren,Farmington,VAN BUREN - FARMINGTON,election_geometry_exact,1.0,C:\Users\Shama\OneDrive\Documents\Side_Projects\Side_Projects\IAPrecinctMap\data\2016\20161108__ia__general__precinct.csv,74423
Van Buren,Keosauqua,VAN BUREN - KEOSAUQUA,election_geometry_exact,1.0,C:\Users\Shama\OneDrive\Documents\Side_Projects\Side_Projects\IAPrecinctMap\data\2016\20161108__ia__general__precinct.csv,74465
Van Buren,Milton,VAN BUREN - MILTON,election_geometry_exact,1.0,C:\Users\Shama\OneDrive\Documents\Side_Projects\Side_Projects\IAPrecinctMap\data\2016\20161108__ia__general__precinct.csv,74507
Van Buren,Stockport,VAN BUREN - STOCKPORT,election_geometry_exact,1.0,C:\Users\Shama\OneDrive\Documents\Side_Projects\Side_Projects\IAPrecinctMap\data\2016\20161108__ia__general__precinct.csv,74549
Wapello,Adams/Blakesburg/Polk,WAPELLO - ADAMS/BLAKESBURG/POLK,election_geometry_exact,1.0,C:\Users\Shama\OneDrive\Documents\Side_Projects\Side_Projects\IAPrecinctMap\data\2016\20161108__ia__general__precinct.csv,74591
Wapello,Agency/Agency/Pleasant,WAPELLO - AGENCY/AGENCY/PLEASANT,election_geometry_exact,1.0,C:\Users\Shama\OneDrive\Documents\Side_Projects\Side_Projects\IAPrecinctMap\data\2016\20161108__ia__general__precinct.csv,74637
Wapello,Cass/Chillicothe,WAPELLO - CASS/CHILLICOTHE,election_geometry_exact,1.0,C:\Users\Shama\OneDrive\Documents\Side_Projects\Side_Projects\IAPrecinctMap\data\2016\20161108__ia__general__precinct.csv,74679
Wapello,Center Twp,WAPELLO - CENTER TWP,election_geometry_exact,1.0,C:\Users\Shama\OneDrive\Documents\Side_Projects\Side_Projects\IAPrecinctMap\data\2016\20161108__ia__general__precinct.csv,74725
Wapello,Columbia/Eddyville,WAPELLO - COLUMBIA/EDDYVILLE,election_geometry_exact,1.0,C:\Users\Shama\OneDrive\Documents\Side_Projects\Side_Projects\IAPrecinctMap\data\2016\20161108__ia__general__precinct.csv,74771
Wapello,Competine Twp,WAPELLO - COMPETINE TWP,election_geometry_exact,1.0,C:\Users\Shama\OneDrive\Documents\Side_Projects\Side_Projects\IAPrecinctMap\data\2016\20161108__ia__general__precinct.csv,74817
Wapello,Dahlonega Twp,WAPELLO - DAHLONGEA TWP,election_geometry_fuzzy,0.9230769230769231,C:\Users\Shama\OneDrive\Documents\Side_Projects\Side_Projects\IAPrecinctMap\data\2016\20161108__ia__general__precinct.csv,74859
Wapello,Green Twp,WAPELLO - GREEN TWP,election_geometry_exact,1.0,C:\Users\Shama\OneDrive\Documents\Side_Projects\Side_Projects\IAPrecinctMap\data\2016\20161108__ia__general__precinct.csv,74901
Wapello,Highland Twp,WAPELLO - HIGHLAND TWP,election_geometry_exact,1.0,C:\Users\Shama\OneDrive\Documents\Side_Projects\Side_Projects\IAPrecinctMap\data\2016\20161108__ia__general__precinct.csv,74943
Wapello,Keokuk Twp,WAPELLO - KEOKUK TWP,election_geometry_exact,1.0,C:\Users\Shama\OneDrive\Documents\Side_Projects\Side_Projects\IAPrecinctMap\data\2016\20161108__ia__general__precinct.csv,74989
Wapello,Pct 1,,election_geometry_ambiguous,0.18181818181818182,C:\Users\Shama\OneDrive\Documents\Side_Projects\Side_Projects\IAPrecinctMap\data\2016\20161108__ia__general__precinct.csv,75031
Wapello,Pct 10,,election_geometry_ambiguous,0.3333333333333333,C:\Users\Shama\OneDrive\Documents\Side_Projects\Side_Projects\IAPrecinctMap\data\2016\20161108__ia__general__precinct.csv,75073
Wapello,Pct 2,,election_geometry_ambiguous,0.18181818181818182,C:\Users\Shama\OneDrive\Documents\Side_Projects\Side_Projects\IAPrecinctMap\data\2016\20161108__ia__general__precinct.csv,75115
Wapello,Pct 3,,election_geometry_ambiguous,0.18181818181818182,C:\Users\Shama\OneDrive\Documents\Side_Projects\Side_Projects\IAPrecinctMap\data\2016\20161108__ia__general__precinct.csv,75157
Wapello,Pct 4,,election_geometry_ambiguous,0.18181818181818182,C:\Users\Shama\OneDrive\Documents\Side_Projects\Side_Projects\IAPrecinctMap\data\2016\20161108__ia__general__precinct.csv,75199
Wapello,Pct 5,,election_geometry_ambiguous,0.18181818181818182,C:\Users\Shama\OneDrive\Documents\Side_Projects\Side_Projects\IAPrecinctMap\data\2016\20161108__ia__general__precinct.csv,75241
Wapello,Pct 6,,election_geometry_ambiguous,0.18181818181818182,C:\Users\Shama\OneDrive\Documents\Side_Projects\Side_Projects\IAPrecinctMap\data\2016\20161108__ia__general__precinct.csv,75283
Wapello,Pct 7,,election_geometry_ambiguous,0.18181818181818182,C:\Users\Shama\OneDrive\Documents\Side_Projects\Side_Projects\IAPrecinctMap\data\2016\20161108__ia__general__precinct.csv,75325
Wapello,Pct 8,,election_geometry_ambiguous,0.18181818181818182,C:\Users\Shama\OneDrive\Documents\Side_Projects\Side_Projects\IAPrecinctMap\data\2016\20161108__ia__general__precinct.csv,75367
Wapello,Pct 9,,election_geometry_ambiguous,0.18181818181818182,C:\Users\Shama\OneDrive\Documents\Side_Projects\Side_Projects\IAPrecinctMap\data\2016\20161108__ia__general__precinct.csv,75409
Wapello,Richland/Kirkville,WAPELLO - RICHLAND/KIRKVILLE,election_geometry_exact,1.0,C:\Users\Shama\OneDrive\Documents\Side_Projects\Side_Projects\IAPrecinctMap\data\2016\20161108__ia__general__precinct.csv,75451
Wapello,Washington/Eldon,WAPELLO - WASHINGTON/ELDON,election_geometry_exact,1.0,C:\Users\Shama\OneDrive\Documents\Side_Projects\Side_Projects\IAPrecinctMap\data\2016\20161108__ia__general__precinct.csv,75497
Warren,Allen 2,WARREN - ALLEN 2,election_geometry_exact,1.0,C:\Users\Shama\OneDrive\Documents\Side_Projects\Side_Projects\IAPrecinctMap\data\2016\20161108__ia__general__precinct.csv,75539
Warren,Allen 3,WARREN - ALLEN 3,election_geometry_exact,1.0,C:\Users\Shama\OneDrive\Documents\Side_Projects\Side_Projects\IAPrecinctMap\data\2016\20161108__ia__general__precinct.csv,75585
Warren,Belmont,WARREN - BELMONT TWP,election_geometry_prefix,0.98,C:\Users\Shama\OneDrive\Documents\Side_Projects\Side_Projects\IAPrecinctMap\data\2016\20161108__ia__general__precinct.csv,75631
Warren,Cumming/WDM,WARREN - CUMMING/WDM,election_geometry_exact,1.0,C:\Users\Shama\OneDrive\Documents\Side_Projects\Side_Projects\IAPrecinctMap\data\2016\20161108__ia__general__precinct.csv,75677
Warren,Greenfield 1,,election_geometry_ambiguous,0.8571428571428571,C:\Users\Shama\OneDrive\Documents\Side_Projects\Side_Projects\IAPrecinctMap\data\2016\20161108__ia__general__precinct.csv,75723
Warren,Greenfield 1/DM85,WARREN - GREENFIELD 1/DM85,election_geometry_exact,1.0,C:\Users\Shama\OneDrive\Documents\Side_Projects\Side_Projects\IAPrecinctMap\data\2016\20161108__ia__general__precinct.csv,75769
Warren,Greenfield 1/DM86,WARREN - GREENFIELD 1/DM85,election_geometry_fuzzy,0.9411764705882353,C:\Users\Shama\OneDrive\Documents\Side_Projects\Side_Projects\IAPrecinctMap\data\2016\20161108__ia__general__precinct.csv,75815
Warren,Greenfield 2/Lincoln 2,WARREN - GREENFIELD 2/LINCOLN 2,election_geometry_exact,1.0,C:\Users\Shama\OneDrive\Documents\Side_Projects\Side_Projects\IAPrecinctMap\data\2016\20161108__ia__general__precinct.csv,75861
Warren,Indianola 1,WARREN - INDIANOLA 1,election_geometry_exact,1.0,C:\Users\Shama\OneDrive\Documents\Side_Projects\Side_Projects\IAPrecinctMap\data\2016\20161108__ia__general__precinct.csv,75907
Warren,Indianola 2,WARREN - INDIANOLA 2,election_geometry_exact,1.0,C:\Users\Shama\OneDrive\Documents\Side_Projects\Side_Projects\IAPrecinctMap\data\2016\20161108__ia__general__precinct.csv,75953
Warren,Indianola 3,WARREN - INDIANOLA 3,election_geometry_exact,1.0,C:\Users\Shama\OneDrive\Documents\Side_Projects\Side_Projects\IAPrecinctMap\data\2016\20161108__ia__general__precinct.csv,75999
Warren,Indianola 4,WARREN - INDIANOLA 4,election_geometry_exact,1.0,C:\Users\Shama\OneDrive\Documents\Side_Projects\Side_Projects\IAPrecinctMap\data\2016\20161108__ia__general__precinct.csv,76045
Warren,Indianola 5,WARREN - INDIANOLA 5,election_geometry_exact,1.0,C:\Users\Shama\OneDrive\Documents\Side_Projects\Side_Projects\IAPrecinctMap\data\2016\20161108__ia__general__precinct.csv,76091
Warren,Indianola 6,WARREN - INDIANOLA 6,election_geometry_exact,1.0,C:\Users\Shama\OneDrive\Documents\Side_Projects\Side_Projects\IAPrecinctMap\data\2016\20161108__ia__general__precinct.csv,76137
Warren,Indianola 7,WARREN - INDIANOLA 7,election_geometry_exact,1.0,C:\Users\Shama\OneDrive\Documents\Side_Projects\Side_Projects\IAPrecinctMap\data\2016\20161108__ia__general__precinct.csv,76183
Warren,Jackson,WARREN - JACKSON,election_geometry_exact,1.0,C:\Users\Shama\OneDrive\Documents\Side_Projects\Side_Projects\IAPrecinctMap\data\2016\20161108__ia__general__precinct.csv,76229
Warren,Jefferson,WARREN - JEFFERSON,election_geometry_exact,1.0,C:\Users\Shama\OneDrive\Documents\Side_Projects\Side_Projects\IAPrecinctMap\data\2016\20161108__ia__general__precinct.csv,76275
Warren,Liberty,WARREN - LIBERTY TWP,election_geometry_prefix,0.98,C:\Users\Shama\OneDrive\Documents\Side_Projects\Side_Projects\IAPrecinctMap\data\2016\20161108__ia__general__precinct.csv,76324
Warren,Lincoln 1,,election_geometry_ambiguous,0.8,C:\Users\Shama\OneDrive\Documents\Side_Projects\Side_Projects\IAPrecinctMap\data\2016\20161108__ia__general__precinct.csv,76370
Warren,Norwalk 1,WARREN - NORWALK 1,election_geometry_exact,1.0,C:\Users\Shama\OneDrive\Documents\Side_Projects\Side_Projects\IAPrecinctMap\data\2016\20161108__ia__general__precinct.csv,76416
Warren,Norwalk 2/Greenfield 1,WARREN - NORWALK 2/GREENFIELD,election_geometry_prefix,0.98,C:\Users\Shama\OneDrive\Documents\Side_Projects\Side_Projects\IAPrecinctMap\data\2016\20161108__ia__general__precinct.csv,76462
Warren,Norwalk 3/Linn,WARREN - NORWALK 3/LINN,election_geometry_exact,1.0,C:\Users\Shama\OneDrive\Documents\Side_Projects\Side_Projects\IAPrecinctMap\data\2016\20161108__ia__general__precinct.csv,76511
Warren,Norwalk 4,WARREN - NORWALK 4 CITY,election_geometry_prefix,0.98,C:\Users\Shama\OneDrive\Documents\Side_Projects\Side_Projects\IAPrecinctMap\data\2016\20161108__ia__general__precinct.csv,76557
Warren,Otter/Milo,WARREN - OTTER/MILO,election_geometry_exact,1.0,C:\Users\Shama\OneDrive\Documents\Side_Projects\Side_Projects\IAPrecinctMap\data\2016\20161108__ia__general__precinct.csv,76603
Warren,Palmyra,WARREN - PALMYRA TWP,election_geometry_prefix,0.98,C:\Users\Shama\OneDrive\Documents\Side_Projects\Side_Projects\IAPrecinctMap\data\2016\20161108__ia__general__precinct.csv,76649
Warren,Richland/Palmyra,WARREN - RICHLAND/PALMYRA,election_geometry_exact,1.0,C:\Users\Shama\OneDrive\Documents\Side_Projects\Side_Projects\IAPrecinctMap\data\2016\20161108__ia__general__precinct.csv,76695
Warren,Squaw Creek,WARREN - SQUAW CREEK TWP,election_geometry_prefix,0.98,C:\Users\Shama\OneDrive\Documents\Side_Projects\Side_Projects\IAPrecinctMap\data\2016\20161108__ia__general__precinct.csv,76741
Warren,Union,WARREN - UNION,election_geometry_exact,1.0,C:\Users\Shama\OneDrive\Documents\Side_Projects\Side_Projects\IAPrecinctMap\data\2016\20161108__ia__general__precinct.csv,76787
Warren,Virginia,WARREN - VIRGINIA,election_geometry_exact,1.0,C:\Users\Shama\OneDrive\Documents\Side_Projects\Side_Projects\IAPrecinctMap\data\2016\20161108__ia__general__precinct.csv,76833
Warren,White Breast,WARREN - WHITE BREAST,election_geometry_exact,1.0,C:\Users\Shama\OneDrive\Documents\Side_Projects\Side_Projects\IAPrecinctMap\data\2016\20161108__ia__general__precinct.csv,76879
Warren,White Oak,WARREN - WHITE OAK TWP,election_geometry_prefix,0.98,C:\Users\Shama\OneDrive\Documents\Side_Projects\Side_Projects\IAPrecinctMap\data\2016\20161108__ia__general__precinct.csv,76925
Washington,AINSWORTH,WASHINGTON - AINSWORTH,election_geometry_exact,1.0,C:\Users\Shama\OneDrive\Documents\Side_Projects\Side_Projects\IAPrecinctMap\data\2016\20161108__ia__general__precinct.csv,76971
Washington,BRIGHTON/MARION/CRAWFORD,WASHINGTON - BRIGHTON/MARION/CRAWFORD,election_geometry_exact,1.0,C:\Users\Shama\OneDrive\Documents\Side_Projects\Side_Projects\IAPrecinctMap\data\2016\20161108__ia__general__precinct.csv,77014
Washington,KALONA,WASHINGTON - KALONA,election_geometry_exact,1.0,C:\Users\Shama\OneDrive\Documents\Side_Projects\Side_Projects\IAPrecinctMap\data\2016\20161108__ia__general__precinct.csv,77060
Washington,RIVERSIDE,WASHINGTON - RIVERSIDE,election_geometry_exact,1.0,C:\Users\Shama\OneDrive\Documents\Side_Projects\Side_Projects\IAPrecinctMap\data\2016\20161108__ia__general__precinct.csv,77103
Washington,WARD FOUR,,election_geometry_ambiguous,0.38461538461538464,C:\Users\Shama\OneDrive\Documents\Side_Projects\Side_Projects\IAPrecinctMap\data\2016\20161108__ia__general__precinct.csv,77146
Washington,WARD ONE,,election_geometry_ambiguous,0.42857142857142855,C:\Users\Shama\OneDrive\Documents\Side_Projects\Side_Projects\IAPrecinctMap\data\2016\20161108__ia__general__precinct.csv,77189
Washington,WARD THREE,,election_geometry_ambiguous,0.42105263157894735,C:\Users\Shama\OneDrive\Documents\Side_Projects\Side_Projects\IAPrecinctMap\data\2016\20161108__ia__general__precinct.csv,77232
Washington,WARD TWO,,election_geometry_ambiguous,0.4,C:\Users\Shama\OneDrive\Documents\Side_Projects\Side_Projects\IAPrecinctMap\data\2016\20161108__ia__general__precinct.csv,77275
Washington,WELLMAN,WASHINGTON - WELLMAN,election_geometry_exact,1.0,C:\Users\Shama\OneDrive\Documents\Side_Projects\Side_Projects\IAPrecinctMap\data\2016\20161108__ia__general__precinct.csv,77318
Washington,WEST CHESTER,WASHINGTON - WEST CHESTER,election_geometry_exact,1.0,C:\Users\Shama\OneDrive\Documents\Side_Projects\Side_Projects\IAPrecinctMap\data\2016\20161108__ia__general__precinct.csv,77361
Wayne,A-01 Allerton,WAYNE - A-01 ALLERTON-CLIO-LINEVILLE,election_geometry_prefix,0.98,C:\Users\Shama\OneDrive\Documents\Side_Projects\Side_Projects\IAPrecinctMap\data\2016\20161108__ia__general__precinct.csv,77404
Wayne,C-02 Corydon,WAYNE - C-02 CORYDON,election_geometry_exact,1.0,C:\Users\Shama\OneDrive\Documents\Side_Projects\Side_Projects\IAPrecinctMap\data\2016\20161108__ia__general__precinct.csv,77448
Wayne,H-03 Humeston,WAYNE - H-03 HUMESTON-MILLERTON,election_geometry_prefix,0.98,C:\Users\Shama\OneDrive\Documents\Side_Projects\Side_Projects\IAPrecinctMap\data\2016\20161108__ia__general__precinct.csv,77492
Wayne,S-04 Seymour,WAYNE - S-04 SEYMOUR-PROMISE CITY,election_geometry_prefix,0.98,C:\Users\Shama\OneDrive\Documents\Side_Projects\Side_Projects\IAPrecinctMap\data\2016\20161108__ia__general__precinct.csv,77536
Webster,Badger-NW Cooper,WEBSTER - BADGER-NW COOPER,election_geometry_exact,1.0,C:\Users\Shama\OneDrive\Documents\Side_Projects\Side_Projects\IAPrecinctMap\data\2016\20161108__ia__general__precinct.csv,77580
Webster,Clay-Roland,WEBSTER - CLAY-ROLAND,election_geometry_exact,1.0,C:\Users\Shama\OneDrive\Documents\Side_Projects\Side_Projects\IAPrecinctMap\data\2016\20161108__ia__general__precinct.csv,77623
Webster,Colfax-Duncombe,WEBSTER - COLFAX-DUNCOMBE,election_geometry_exact,1.0,C:\Users\Shama\OneDrive\Documents\Side_Projects\Side_Projects\IAPrecinctMap\data\2016\20161108__ia__general__precinct.csv,77665
Webster,Cooper Township,WEBSTER - COOPER,election_geometry_prefix,0.98,C:\Users\Shama\OneDrive\Documents\Side_Projects\Side_Projects\IAPrecinctMap\data\2016\20161108__ia__general__precinct.csv,77708
Webster,Dayton-Burnside,WEBSTER - DAYTON-BURNSIDE,election_geometry_exact,1.0,C:\Users\Shama\OneDrive\Documents\Side_Projects\Side_Projects\IAPrecinctMap\data\2016\20161108__ia__general__precinct.csv,77751
Webster,Deer Creek-Jackson,WEBSTER - DEER CREEK-JACKSON,election_geometry_exact,1.0,C:\Users\Shama\OneDrive\Documents\Side_Projects\Side_Projects\IAPrecinctMap\data\2016\20161108__ia__general__precinct.csv,77797
Webster,Douglas Township,WEBSTER - DOUGLAS,election_geometry_prefix,0.98,C:\Users\Shama\OneDrive\Documents\Side_Projects\Side_Projects\IAPrecinctMap\data\2016\20161108__ia__general__precinct.csv,77840
Webster,Elkhorn,WEBSTER - ELKHORN,election_geometry_exact,1.0,C:\Users\Shama\OneDrive\Documents\Side_Projects\Side_Projects\IAPrecinctMap\data\2016\20161108__ia__general__precinct.csv,77883
Webster,Fort Dodge #1,,election_geometry_ambiguous,0.96,C:\Users\Shama\OneDrive\Documents\Side_Projects\Side_Projects\IAPrecinctMap\data\2016\20161108__ia__general__precinct.csv,77926
Webster,Fort Dodge #10,WEBSTER - FORT DODGE 10,election_geometry_exact,1.0,C:\Users\Shama\OneDrive\Documents\Side_Projects\Side_Projects\IAPrecinctMap\data\2016\20161108__ia__general__precinct.csv,77969
Webster,Fort Dodge #11,WEBSTER - FORT DODGE 11,election_geometry_exact,1.0,C:\Users\Shama\OneDrive\Documents\Side_Projects\Side_Projects\IAPrecinctMap\data\2016\20161108__ia__general__precinct.csv,78012
Webster,Fort Dodge #12,WEBSTER - FORT DODGE 12,election_geometry_exact,1.0,C:\Users\Shama\OneDrive\Documents\Side_Projects\Side_Projects\IAPrecinctMap\data\2016\20161108__ia__general__precinct.csv,78055
Webster,Fort Dodge #2,,election_geometry_ambiguous,0.96,C:\Users\Shama\OneDrive\Documents\Side_Projects\Side_Projects\IAPrecinctMap\data\2016\20161108__ia__general__precinct.csv,78098
Webster,Fort Dodge #3,WEBSTER - FORT DODGE 03,election_geometry_fuzzy,0.96,C:\Users\Shama\OneDrive\Documents\Side_Projects\Side_Projects\IAPrecinctMap\data\2016\20161108__ia__general__precinct.csv,78141
Webster,Fort Dodge #4,WEBSTER - FORT DODGE 04,election_geometry_fuzzy,0.96,C:\Users\Shama\OneDrive\Documents\Side_Projects\Side_Projects\IAPrecinctMap\data\2016\20161108__ia__general__precinct.csv,78184
Webster,Fort Dodge #5,WEBSTER - FORT DODGE 05,election_geometry_fuzzy,0.96,C:\Users\Shama\OneDrive\Documents\Side_Projects\Side_Projects\IAPrecinctMap\data\2016\20161108__ia__general__precinct.csv,78227
Webster,Fort Dodge #6,WEBSTER - FORT DODGE 06,election_geometry_fuzzy,0.96,C:\Users\Shama\OneDrive\Documents\Side_Projects\Side_Projects\IAPrecinctMap\data\2016\20161108__ia__general__precinct.csv,78270
Webster,Fort Dodge #7,WEBSTER - FORT DODGE 07,election_geometry_fuzzy,0.96,C:\Users\Shama\OneDrive\Documents\Side_Projects\Side_Projects\IAPrecinctMap\data\2016\20161108__ia__general__precinct.csv,78313
Webster,Fort Dodge #8,WEBSTER - FORT DODGE 08,election_geometry_fuzzy,0.96,C:\Users\Shama\OneDrive\Documents\Side_Projects\Side_Projects\IAPrecinctMap\data\2016\20161108__ia__general__precinct.csv,78356
Webster,Fort Dodge #9,WEBSTER - FORT DODGE 09,election_geometry_fuzzy,0.96,C:\Users\Shama\OneDrive\Documents\Side_Projects\Side_Projects\IAPrecinctMap\data\2016\20161108__ia__general__precinct.csv,78399
Webster,Fulton,WEBSTER - FULTON,election_geometry_exact,1.0,C:\Users\Shama\OneDrive\Documents\Side_Projects\Side_Projects\IAPrecinctMap\data\2016\20161108__ia__general__precinct.csv,78442
Webster,Gowrie,WEBSTER - GOWRIE,election_geometry_exact,1.0,C:\Users\Shama\OneDrive\Documents\Side_Projects\Side_Projects\IAPrecinctMap\data\2016\20161108__ia__general__precinct.csv,78484
Webster,Johnson,WEBSTER - JOHNSON,election_geometry_exact,1.0,C:\Users\Shama\OneDrive\Documents\Side_Projects\Side_Projects\IAPrecinctMap\data\2016\20161108__ia__general__precinct.csv,78526
Webster,Lost Grove,WEBSTER - LOST GROVE,election_geometry_exact,1.0,C:\Users\Shama\OneDrive\Documents\Side_Projects\Side_Projects\IAPrecinctMap\data\2016\20161108__ia__general__precinct.csv,78568
Webster,Newark,WEBSTER - NEWARK,election_geometry_exact,1.0,C:\Users\Shama\OneDrive\Documents\Side_Projects\Side_Projects\IAPrecinctMap\data\2016\20161108__ia__general__precinct.csv,78610
Webster,Otho-Pleasant Valley,WEBSTER - OTHO-PLEASANT VALLEY,election_geometry_exact,1.0,C:\Users\Shama\OneDrive\Documents\Side_Projects\Side_Projects\IAPrecinctMap\data\2016\20161108__ia__general__precinct.csv,78653
Webster,Sumner-Webster-Yell- Hardin,WEBSTER - SUMNER-WEBSTER-YELL-HARDIN,election_geometry_exact,1.0,C:\Users\Shama\OneDrive\Documents\Side_Projects\Side_Projects\IAPrecinctMap\data\2016\20161108__ia__general__precinct.csv,78699
Webster,Washington Township,WEBSTER - WASHINGTON,election_geometry_prefix,0.98,C:\Users\Shama\OneDrive\Documents\Side_Projects\Side_Projects\IAPrecinctMap\data\2016\20161108__ia__general__precinct.csv,78745
Winnebago,Buffalo Grant Lincoln,WINNEBAGO - BUFFALO GRANT LINCOLN,election_geometry_exact,1.0,C:\Users\Shama\OneDrive\Documents\Side_Projects\Side_Projects\IAPrecinctMap\data\2016\20161108__ia__general__precinct.csv,78791
Winnebago,Center,WINNEBAGO - CENTER,election_geometry_exact,1.0,C:\Users\Shama\OneDrive\Documents\Side_Projects\Side_Projects\IAPrecinctMap\data\2016\20161108__ia__general__precinct.csv,78833
Winnebago,Eden Logan Norway,WINNEBAGO - EDEN LOGAN NORWAY,election_geometry_exact,1.0,C:\Users\Shama\OneDrive\Documents\Side_Projects\Side_Projects\IAPrecinctMap\data\2016\20161108__ia__general__precinct.csv,78875
Winnebago,FC3 Forest D3,,election_geometry_ambiguous,0.5806451612903226,C:\Users\Shama\OneDrive\Documents\Side_Projects\Side_Projects\IAPrecinctMap\data\2016\20161108__ia__general__precinct.csv,78917
Winnebago,Forest City Ward 1,WINNEBAGO - FOREST CITY WARD 1,election_geometry_exact,1.0,C:\Users\Shama\OneDrive\Documents\Side_Projects\Side_Projects\IAPrecinctMap\data\2016\20161108__ia__general__precinct.csv,78959
Winnebago,Forest City Ward 2,WINNEBAGO - FOREST CITY WARD 2,election_geometry_exact,1.0,C:\Users\Shama\OneDrive\Documents\Side_Projects\Side_Projects\IAPrecinctMap\data\2016\20161108__ia__general__precinct.csv,79001
Winnebago,Forest City Ward 4,WINNEBAGO - FOREST CITY WARD 4,election_geometry_exact,1.0,C:\Users\Shama\OneDrive\Documents\Side_Projects\Side_Projects\IAPrecinctMap\data\2016\20161108__ia__general__precinct.csv,79043
Winnebago,King Linden,WINNEBAGO - KING LINDEN,election_geometry_exact,1.0,C:\Users\Shama\OneDrive\Documents\Side_Projects\Side_Projects\IAPrecinctMap\data\2016\20161108__ia__general__precinct.csv,79085
Winnebago,Mt. Valley Forest D2,WINNEBAGO - MT. VALLEY,election_geometry_prefix,0.98,C:\Users\Shama\OneDrive\Documents\Side_Projects\Side_Projects\IAPrecinctMap\data\2016\20161108__ia__general__precinct.csv,79127
Winnebago,Newton Forest,WINNEBAGO - NEWTON FOREST,election_geometry_exact,1.0,C:\Users\Shama\OneDrive\Documents\Side_Projects\Side_Projects\IAPrecinctMap\data\2016\20161108__ia__general__precinct.csv,79169
Winneshiek,Pct 1 - HE/HI/PL,WINNESHIEK - PCT 01 - HE/HI/PL,election_geometry_fuzzy,0.9523809523809523,C:\Users\Shama\OneDrive\Documents\Side_Projects\Side_Projects\IAPrecinctMap\data\2016\20161108__ia__general__precinct.csv,79211
Winneshiek,Pct 10 - JA/SU/WA,WINNESHIEK - PCT 10 - JA/SU/WA,election_geometry_exact,1.0,C:\Users\Shama\OneDrive\Documents\Side_Projects\Side_Projects\IAPrecinctMap\data\2016\20161108__ia__general__precinct.csv,79254
Winneshiek,Pct 11 - Decorah Township Sup 5,,election_geometry_ambiguous,0.5714285714285714,C:\Users\Shama\OneDrive\Documents\Side_Projects\Side_Projects\IAPrecinctMap\data\2016\20161108__ia__general__precinct.csv,79297
Winneshiek,Pct 2 - FR/GL/DEW3/DETSUP1,WINNESHIEK - PCT 02 - FR/GL/DEW3/DETSUP1,election_geometry_fuzzy,0.975609756097561,C:\Users\Shama\OneDrive\Documents\Side_Projects\Side_Projects\IAPrecinctMap\data\2016\20161108__ia__general__precinct.csv,79340
Winneshiek,Pct 3 - DEW1/DETSUP2,WINNESHIEK - PCT 03 - DEW1/DETSUP2,election_geometry_fuzzy,0.9655172413793104,C:\Users\Shama\OneDrive\Documents\Side_Projects\Side_Projects\IAPrecinctMap\data\2016\20161108__ia__general__precinct.csv,79383
Winneshiek,Pct 4 - Decorah Ward 2,,election_geometry_ambiguous,0.5217391304347826,C:\Users\Shama\OneDrive\Documents\Side_Projects\Side_Projects\IAPrecinctMap\data\2016\20161108__ia__general__precinct.csv,79426
Winneshiek,Pct 5 - CN/DEW4/DETSUP3,WINNESHIEK - PCT 05 - CN/DEW4/DETSUP3,election_geometry_fuzzy,0.9714285714285714,C:\Users\Shama\OneDrive\Documents\Side_Projects\Side_Projects\IAPrecinctMap\data\2016\20161108__ia__general__precinct.csv,79469
Winneshiek,Pct 6 - Decorah Ward 5,,election_geometry_ambiguous,0.5217391304347826,C:\Users\Shama\OneDrive\Documents\Side_Projects\Side_Projects\IAPrecinctMap\data\2016\20161108__ia__general__precinct.csv,79512
Winneshiek,Pct 7 - CA/SP,WINNESHIEK - PCT 07 - CA/SP,election_geometry_fuzzy,0.9333333333333333,C:\Users\Shama\OneDrive\Documents\Side_Projects\Side_Projects\IAPrecinctMap\data\2016\20161108__ia__general__precinct.csv,79555
Winneshiek,Pct 8 - MI/BLM,WINNESHIEK - PCT 08 - MI/BLM,election_geometry_fuzzy,0.9411764705882353,C:\Users\Shama\OneDrive\Documents\Side_Projects\Side_Projects\IAPrecinctMap\data\2016\20161108__ia__general__precinct.csv,79598
Winneshiek,Pct 9 - BLF/BO/FR/LI/MA/OR,WINNESHIEK - PCT 09 - BLF/BO/FR/LI/MA/OR,election_geometry_fuzzy,0.975609756097561,C:\Users\Shama\OneDrive\Documents\Side_Projects\Side_Projects\IAPrecinctMap\data\2016\20161108__ia__general__precinct.csv,79641
Woodbury,1 CHURCH OF JESUS CHRIST,,election_geometry_ambiguous,0.3333333333333333,C:\Users\Shama\OneDrive\Documents\Side_Projects\Side_Projects\IAPrecinctMap\data\2016\20161108__ia__general__precinct.csv,79683
Woodbury,10 FIRST CONGREGATIONAL,,election_geometry_ambiguous,0.46808510638297873,C:\Users\Shama\OneDrive\Documents\Side_Projects\Side_Projects\IAPrecinctMap\data\2016\20161108__ia__general__precinct.csv,79728
Woodbury,11 GIRLS INC,,election_geometry_ambiguous,0.37037037037037035,C:\Users\Shama\OneDrive\Documents\Side_Projects\Side_Projects\IAPrecinctMap\data\2016\20161108__ia__general__precinct.csv,79773
Woodbury,12 ST JOHN LUTHERAN,,election_geometry_ambiguous,0.4864864864864865,C:\Users\Shama\OneDrive\Documents\Side_Projects\Side_Projects\IAPrecinctMap\data\2016\20161108__ia__general__precinct.csv,79818
Woodbury,13 SC TRANSIT SYSTEM,,election_geometry_ambiguous,0.47619047619047616,C:\Users\Shama\OneDrive\Documents\Side_Projects\Side_Projects\IAPrecinctMap\data\2016\20161108__ia__general__precinct.csv,79863
Woodbury,14 BOYS & GIRLS HOME,,election_geometry_ambiguous,0.46808510638297873,C:\Users\Shama\OneDrive\Documents\Side_Projects\Side_Projects\IAPrecinctMap\data\2016\20161108__ia__general__precinct.csv,79908
Woodbury,15 PEACE REFORMED/CONCORD,,election_geometry_ambiguous,0.3,C:\Users\Shama\OneDrive\Documents\Side_Projects\Side_Projects\IAPrecinctMap\data\2016\20161108__ia__general__precinct.csv,79953
Woodbury,16 TRIMBLE UNITED METH CH,,election_geometry_ambiguous,0.35714285714285715,C:\Users\Shama\OneDrive\Documents\Side_Projects\Side_Projects\IAPrecinctMap\data\2016\20161108__ia__general__precinct.csv,79998
Woodbury,17 SC BAPTIST CHURCH,,election_geometry_ambiguous,0.39215686274509803,C:\Users\Shama\OneDrive\Documents\Side_Projects\Side_Projects\IAPrecinctMap\data\2016\20161108__ia__general__precinct.csv,80043
Woodbury,18 CALVARY LUTHERAN,,election_geometry_ambiguous,0.5116279069767442,C:\Users\Shama\OneDrive\Documents\Side_Projects\Side_Projects\IAPrecinctMap\data\2016\20161108__ia__general__precinct.csv,80088
Woodbury,19 CENTRAL BAPTIST CHURCH,,election_geometry_ambiguous,0.4642857142857143,C:\Users\Shama\OneDrive\Documents\Side_Projects\Side_Projects\IAPrecinctMap\data\2016\20161108__ia__general__precinct.csv,80133
Woodbury,2 CROSS POINTE CHURCH,,election_geometry_ambiguous,0.4090909090909091,C:\Users\Shama\OneDrive\Documents\Side_Projects\Side_Projects\IAPrecinctMap\data\2016\20161108__ia__general__precinct.csv,80178
Woodbury,20 AUGUSTANA LUTHERAN,,election_geometry_ambiguous,0.43243243243243246,C:\Users\Shama\OneDrive\Documents\Side_Projects\Side_Projects\IAPrecinctMap\data\2016\20161108__ia__general__precinct.csv,80223
Woodbury,21 M'SIDE LUTHERAN CHURCH,,election_geometry_ambiguous,0.40816326530612246,C:\Users\Shama\OneDrive\Documents\Side_Projects\Side_Projects\IAPrecinctMap\data\2016\20161108__ia__general__precinct.csv,80268
Woodbury,22 MORNINGSIDE LIBRARY,,election_geometry_ambiguous,0.3829787234042553,C:\Users\Shama\OneDrive\Documents\Side_Projects\Side_Projects\IAPrecinctMap\data\2016\20161108__ia__general__precinct.csv,80313
Woodbury,23 IGLESIA RESTAURACION,,election_geometry_ambiguous,0.4878048780487805,C:\Users\Shama\OneDrive\Documents\Side_Projects\Side_Projects\IAPrecinctMap\data\2016\20161108__ia__general__precinct.csv,80358
Woodbury,24 WASHINGTON HEIGHTS,,election_geometry_ambiguous,0.4444444444444444,C:\Users\Shama\OneDrive\Documents\Side_Projects\Side_Projects\IAPrecinctMap\data\2016\20161108__ia__general__precinct.csv,80403
Woodbury,25 M'SIDE COLLEGE EPPLEY,,election_geometry_ambiguous,0.37037037037037035,C:\Users\Shama\OneDrive\Documents\Side_Projects\Side_Projects\IAPrecinctMap\data\2016\20161108__ia__general__precinct.csv,80448
Woodbury,26 EAST MIDDLE SCHOOL,,election_geometry_ambiguous,0.4782608695652174,C:\Users\Shama\OneDrive\Documents\Side_Projects\Side_Projects\IAPrecinctMap\data\2016\20161108__ia__general__precinct.csv,80493
Woodbury,27 ST JAMES UNITED METH.,,election_geometry_ambiguous,0.375,C:\Users\Shama\OneDrive\Documents\Side_Projects\Side_Projects\IAPrecinctMap\data\2016\20161108__ia__general__precinct.csv,80538
Woodbury,28 REDEEMER LUTHERAN,,election_geometry_ambiguous,0.37209302325581395,C:\Users\Shama\OneDrive\Documents\Side_Projects\Side_Projects\IAPrecinctMap\data\2016\20161108__ia__general__precinct.csv,80583
Woodbury,29 SGT BLUFF EAST/WDBY,,election_geometry_ambiguous,0.8301886792452831,C:\Users\Shama\OneDrive\Documents\Side_Projects\Side_Projects\IAPrecinctMap\data\2016\20161108__ia__general__precinct.csv,80628
Woodbury,3 CONCORDIA LUTHERAN,,election_geometry_ambiguous,0.47368421052631576,C:\Users\Shama\OneDrive\Documents\Side_Projects\Side_Projects\IAPrecinctMap\data\2016\20161108__ia__general__precinct.csv,80673
Woodbury,30 SGT BLUFF WEST,,election_geometry_ambiguous,0.8717948717948718,C:\Users\Shama\OneDrive\Documents\Side_Projects\Side_Projects\IAPrecinctMap\data\2016\20161108__ia__general__precinct.csv,80718
Woodbury,31 SALIX/LIB-LAK TWP,,election_geometry_ambiguous,0.7555555555555555,C:\Users\Shama\OneDrive\Documents\Side_Projects\Side_Projects\IAPrecinctMap\data\2016\20161108__ia__general__precinct.csv,80763
Woodbury,32 BRONSON/FLO-GRG TWP,,election_geometry_ambiguous,0.8,C:\Users\Shama\OneDrive\Documents\Side_Projects\Side_Projects\IAPrecinctMap\data\2016\20161108__ia__general__precinct.csv,80808
Woodbury,33 PIERSON/RUTLAND TWP,WOODBURY - 33 PIERSON/RUTLAND,election_geometry_prefix,0.98,C:\Users\Shama\OneDrive\Documents\Side_Projects\Side_Projects\IAPrecinctMap\data\2016\20161108__ia__general__precinct.csv,80853
Woodbury,34 C'VILLE/KED-UNI TWP,,election_geometry_ambiguous,0.6538461538461539,C:\Users\Shama\OneDrive\Documents\Side_Projects\Side_Projects\IAPrecinctMap\data\2016\20161108__ia__general__precinct.csv,80898
Woodbury,35 MOVILLE/ARL-MOV-WOL TW,,election_geometry_ambiguous,0.7142857142857143,C:\Users\Shama\OneDrive\Documents\Side_Projects\Side_Projects\IAPrecinctMap\data\2016\20161108__ia__general__precinct.csv,80943
Woodbury,36 LAWTON/BANNER TWP,WOODBURY - 36 LAWTON/BANNER,election_geometry_prefix,0.98,C:\Users\Shama\OneDrive\Documents\Side_Projects\Side_Projects\IAPrecinctMap\data\2016\20161108__ia__general__precinct.csv,80988
Woodbury,37 CLIMBING HILL/GRT-WES,,election_geometry_ambiguous,0.8571428571428571,C:\Users\Shama\OneDrive\Documents\Side_Projects\Side_Projects\IAPrecinctMap\data\2016\20161108__ia__general__precinct.csv,81033
Woodbury,38 SLOAN/SLOAN TWP,WOODBURY - 38 SLOAN,election_geometry_prefix,0.98,C:\Users\Shama\OneDrive\Documents\Side_Projects\Side_Projects\IAPrecinctMap\data\2016\20161108__ia__general__precinct.csv,81078
Woodbury,39 HORNICK/WILLOW TWP,WOODBURY - 39 HORNICK/WILLOW,election_geometry_prefix,0.98,C:\Users\Shama\OneDrive\Documents\Side_Projects\Side_Projects\IAPrecinctMap\data\2016\20161108__ia__general__precinct.csv,81123
Woodbury,4 SIOUXLAND CENTER,,election_geometry_ambiguous,0.5161290322580645,C:\Users\Shama\OneDrive\Documents\Side_Projects\Side_Projects\IAPrecinctMap\data\2016\20161108__ia__general__precinct.csv,81168
Woodbury,40 ANTHON/MILLER TWP,WOODBURY - 40 ANTHON/MILLER,election_geometry_prefix,0.98,C:\Users\Shama\OneDrive\Documents\Side_Projects\Side_Projects\IAPrecinctMap\data\2016\20161108__ia__general__precinct.csv,81213
Woodbury,41 DANBURY/LIS-MOR TWP,,election_geometry_ambiguous,0.782608695652174,C:\Users\Shama\OneDrive\Documents\Side_Projects\Side_Projects\IAPrecinctMap\data\2016\20161108__ia__general__precinct.csv,81258
Woodbury,42 SMITHLAND/LITTLE SIOUX,WOODBURY - 42 SMITHLAND/LITTLE SIOUX,election_geometry_exact,1.0,C:\Users\Shama\OneDrive\Documents\Side_Projects\Side_Projects\IAPrecinctMap\data\2016\20161108__ia__general__precinct.csv,81303
Woodbury,43 OTO/OTO TWP,,election_geometry_ambiguous,0.8484848484848485,C:\Users\Shama\OneDrive\Documents\Side_Projects\Side_Projects\IAPrecinctMap\data\2016\20161108__ia__general__precinct.csv,81348
Woodbury,44 CUSHING/ROCK TWP,WOODBURY - 44 CUSHING/ROCK,election_geometry_prefix,0.98,C:\Users\Shama\OneDrive\Documents\Side_Projects\Side_Projects\IAPrecinctMap\data\2016\20161108__ia__general__precinct.csv,81393
Woodbury,5 RIVERSIDE LUTHERAN,,election_geometry_ambiguous,0.5263157894736842,C:\Users\Shama\OneDrive\Documents\Side_Projects\Side_Projects\IAPrecinctMap\data\2016\20161108__ia__general__precinct.csv,81438
Woodbury,6 FAITH LUTHERAN CHURCH,,election_geometry_ambiguous,0.41025641025641024,C:\Users\Shama\OneDrive\Documents\Side_Projects\Side_Projects\IAPrecinctMap\data\2016\20161108__ia__general__precinct.csv,81483
Woodbury,7 BRYANT/CRESCENT PARK,,election_geometry_ambiguous,0.5185185185185185,C:\Users\Shama\OneDrive\Documents\Side_Projects\Side_Projects\IAPrecinctMap\data\2016\20161108__ia__general__precinct.csv,81528
Woodbury,8 MT. ZION BAPTIST CHURCH,,election_geometry_ambiguous,0.4,C:\Users\Shama\OneDrive\Documents\Side_Projects\Side_Projects\IAPrecinctMap\data\2016\20161108__ia__general__precinct.csv,81573
Woodbury,9 BOYS & GIRLS HOME,,election_geometry_ambiguous,0.43478260869565216,C:\Users\Shama\OneDrive\Documents\Side_Projects\Side_Projects\IAPrecinctMap\data\2016\20161108__ia__general__precinct.csv,81618
Worth,Barton Deer Creek Union Grafton,WORTH - BARTON/DEER CREEK/UNION/GRAFTON,election_geometry_exact,1.0,C:\Users\Shama\OneDrive\Documents\Side_Projects\Side_Projects\IAPrecinctMap\data\2016\20161108__ia__general__precinct.csv,81663
Worth,Bristol Silver Lake Joice,WORTH - BRISTOL/SILVER LAKE/JOICE,election_geometry_exact,1.0,C:\Users\Shama\OneDrive\Documents\Side_Projects\Side_Projects\IAPrecinctMap\data\2016\20161108__ia__general__precinct.csv,81705
Worth,Brookfield Kensett,WORTH - BROOKFIELD/KENSETT,election_geometry_exact,1.0,C:\Users\Shama\OneDrive\Documents\Side_Projects\Side_Projects\IAPrecinctMap\data\2016\20161108__ia__general__precinct.csv,81747
Worth,Danville Hanlontown,WORTH - DANVILLE/HANLONTOWN,election_geometry_exact,1.0,C:\Users\Shama\OneDrive\Documents\Side_Projects\Side_Projects\IAPrecinctMap\data\2016\20161108__ia__general__precinct.csv,81789
Worth,Deer Creek Grove Hartland Northwood,WORTH - DEER CREEK/GROVE/HARTLAND/NORTHWOOD,election_geometry_exact,1.0,C:\Users\Shama\OneDrive\Documents\Side_Projects\Side_Projects\IAPrecinctMap\data\2016\20161108__ia__general__precinct.csv,81831
Worth,Fertile,WORTH - FERTILE,election_geometry_exact,1.0,C:\Users\Shama\OneDrive\Documents\Side_Projects\Side_Projects\IAPrecinctMap\data\2016\20161108__ia__general__precinct.csv,81873
Worth,Lincoln Manly,WORTH - LINCOLN/MANLY,election_geometry_exact,1.0,C:\Users\Shama\OneDrive\Documents\Side_Projects\Side_Projects\IAPrecinctMap\data\2016\20161108__ia__general__precinct.csv,81915
Wright,Belmond Precinct,WRIGHT - BELMOND,election_geometry_exact,1.0,C:\Users\Shama\OneDrive\Documents\Side_Projects\Side_Projects\IAPrecinctMap\data\2016\20161108__ia__general__precinct.csv,81957
Wright,Big 6 Townships Precinct,WRIGHT - BIG 6,election_geometry_prefix,0.98,C:\Users\Shama\OneDrive\Documents\Side_Projects\Side_Projects\IAPrecinctMap\data\2016\20161108__ia__general__precinct.csv,82003
Wright,Clarion Precinct,WRIGHT - CLARION,election_geometry_exact,1.0,C:\Users\Shama\OneDrive\Documents\Side_Projects\Side_Projects\IAPrecinctMap\data\2016\20161108__ia__general__precinct.csv,82049
Wright,Dows Precinct,WRIGHT - DOWS,election_geometry_exact,1.0,C:\Users\Shama\OneDrive\Documents\Side_Projects\Side_Projects\IAPrecinctMap\data\2016\20161108__ia__general__precinct.csv,82095
Wright,Eagle Grove - Ward #1,,election_geometry_ambiguous,0.8387096774193549,C:\Users\Shama\OneDrive\Documents\Side_Projects\Side_Projects\IAPrecinctMap\data\2016\20161108__ia__general__precinct.csv,82141
Wright,Eagle Grove - Ward #2,,election_geometry_ambiguous,0.8387096774193549,C:\Users\Shama\OneDrive\Documents\Side_Projects\Side_Projects\IAPrecinctMap\data\2016\20161108__ia__general__precinct.csv,82187
Wright,Eagle Grove - Ward #3,,election_geometry_ambiguous,0.8387096774193549,C:\Users\Shama\OneDrive\Documents\Side_Projects\Side_Projects\IAPrecinctMap\data\2016\20161108__ia__general__precinct.csv,82233
Wright,Eagle Grove - Ward #4,,election_geometry_ambiguous,0.8387096774193549,C:\Users\Shama\OneDrive\Documents\Side_Projects\Side_Projects\IAPrecinctMap\data\2016\20161108__ia__general__precinct.csv,82279
Wright,Goldfield Precinct,WRIGHT - GOLDFIELD,election_geometry_exact,1.0,C:\Users\Shama\OneDrive\Documents\Side_Projects\Side_Projects\IAPrecinctMap\data\2016\20161108__ia__general__precinct.csv,82325
Wright,Rural Eagle Grove Precinct,WRIGHT - RURAL EAGLE GROVE,election_geometry_exact,1.0,C:\Users\Shama\OneDrive\Documents\Side_Projects\Side_Projects\IAPrecinctMap\data\2016\20161108__ia__general__precinct.csv,82371
