{"type":"FeatureCollection","name":"Iowa precincts current","source":"https://gis.legis.iowa.gov/arcgis/rest/services/AR/Precincts/MapServer/0","features":[{"type":"Feature","id":1,"geometry":{"type":"Point","coordinates":[-94.97123887899994,43.30654945900005]},"properties":{"OBJECTID_12":1,"COUNTY":"Dickinson","DISTRICT_CODE":"PCT 06","PRECINCT":"Precinct 06","POLLING_PLACE":"TERRIL MEMORIAL BLDG-EAST RM","ADDR_LINE_1":"115 N STATE ST","CITY_1":"TERRIL","ZIP":"51364","House_Dist":2,"Senate_Dis":"1","Congressio":"4","SOSID_NEW":"30_PCT 06"}},{"type":"Feature","id":2,"geometry":{"type":"Point","coordinates":[-94.97123887899994,43.30654945900005]},"properties":{"OBJECTID_12":2,"COUNTY":"Dickinson","DISTRICT_CODE":"PCT 07","PRECINCT":"Precinct 07","POLLING_PLACE":"TERRIL MEMORIAL BLDG-WEST RM","ADDR_LINE_1":"115 N STATE ST\r\n","CITY_1":"TERRIL","ZIP":"51364","House_Dist":2,"Senate_Dis":"1","Congressio":"4","SOSID_NEW":"30_PCT 07"}},{"type":"Feature","id":3,"geometry":{"type":"Point","coordinates":[-95.15132343399995,43.323338780000086]},"properties":{"OBJECTID_12":3,"COUNTY":"Dickinson","DISTRICT_CODE":"PCT 08","PRECINCT":"Precinct 08","POLLING_PLACE":"MILFORD COMM BLDG-EAST ROOM","ADDR_LINE_1":"806 N AVE","CITY_1":"MILFORD","ZIP":"51351","House_Dist":2,"Senate_Dis":"1","Congressio":"4","SOSID_NEW":"30_PCT 08"}},{"type":"Feature","id":4,"geometry":{"type":"Point","coordinates":[-95.15132343399995,43.323338780000086]},"properties":{"OBJECTID_12":4,"COUNTY":"Dickinson","DISTRICT_CODE":"PCT 09","PRECINCT":"Precinct 09","POLLING_PLACE":"MILFORD COMM BLDG-EAST ROOM","ADDR_LINE_1":"806 N AVE","CITY_1":"MILFORD","ZIP":"51351","House_Dist":2,"Senate_Dis":"1","Congressio":"4","SOSID_NEW":"30_PCT 09"}},{"type":"Feature","id":5,"geometry":{"type":"Point","coordinates":[-95.02389206299995,43.13244492400008]},"properties":{"OBJECTID_12":5,"COUNTY":"Clay","DISTRICT_CODE":"LAFR","PRECINCT":"Lake/Freeman","POLLING_PLACE":"DICKENS COMM CENTER","ADDR_LINE_1":"302 MAIN ST","CITY_1":"DICKENS","ZIP":"51333","House_Dist":2,"Senate_Dis":"1","Congressio":"4","SOSID_NEW":"21_LAFR"}},{"type":"Feature","id":6,"geometry":{"type":"Point","coordinates":[-95.32729836199991,43.159639112000036]},"properties":{"OBJECTID_12":6,"COUNTY":"Clay","DISTRICT_CODE":"WFLT","PRECINCT":"Waterford/Lone Tree","POLLING_PLACE":"HAP KETELSEN COMM CNTR-EVERLY","ADDR_LINE_1":"203 N MAIN ST","CITY_1":"EVERLY","ZIP":"51338","House_Dist":2,"Senate_Dis":"1","Congressio":"4","SOSID_NEW":"21_WFLT"}},{"type":"Feature","id":7,"geometry":{"type":"Point","coordinates":[-95.0372201539999,43.01470199100004]},"properties":{"OBJECTID_12":7,"COUNTY":"Clay","DISTRICT_CODE":"LGGG","PRECINCT":"Logan/Gillett Grove","POLLING_PLACE":"GILLETT GROVE CITY HALL","ADDR_LINE_1":"221 RAILWAY ST","CITY_1":"GILLETT GROVE","ZIP":"51341","House_Dist":2,"Senate_Dis":"1","Congressio":"4","SOSID_NEW":"21_LGGG"}},{"type":"Feature","id":8,"geometry":{"type":"Point","coordinates":[-95.2843501019999,43.06450700700009]},"properties":{"OBJECTID_12":8,"COUNTY":"Clay","DISTRICT_CODE":"LNCL","PRECINCT":"Lincoln/Clay","POLLING_PLACE":"ROYAL COMMUNITY CENTER","ADDR_LINE_1":"302 MAIN ST","CITY_1":"ROYAL","ZIP":"51357","House_Dist":2,"Senate_Dis":"1","Congressio":"4","SOSID_NEW":"21_LNCL"}},{"type":"Feature","id":9,"geometry":{"type":"Point","coordinates":[-95.34456422499994,42.917848054000046]},"properties":{"OBJECTID_12":9,"COUNTY":"Clay","DISTRICT_CODE":"DGPE","PRECINCT":"Douglas/Peterson","POLLING_PLACE":"PETERSON COMMUNITY CTR","ADDR_LINE_1":"12 2ND ST","CITY_1":"PETERSON","ZIP":"51047","House_Dist":2,"Senate_Dis":"1","Congressio":"4","SOSID_NEW":"21_DGPE"}},{"type":"Feature","id":10,"geometry":{"type":"Point","coordinates":[-95.01294127599994,42.949539075000075]},"properties":{"OBJECTID_12":10,"COUNTY":"Clay","DISTRICT_CODE":"GFHD","PRECINCT":"Garfield/Herdland","POLLING_PLACE":"WEBB COMMUNITY CENTER","ADDR_LINE_1":"306 CHURCH ST","CITY_1":"WEBB","ZIP":"51336","House_Dist":2,"Senate_Dis":"1","Congressio":"4","SOSID_NEW":"21_GFHD"}},{"type":"Feature","id":11,"geometry":{"type":"Point","coordinates":[-95.15556756899991,43.155537036000055]},"properties":{"OBJECTID_12":11,"COUNTY":"Clay","DISTRICT_CODE":"SP1","PRECINCT":"Spencer Ward 1","POLLING_PLACE":"CLAY CO REG  EVENTS CENTER 1","ADDR_LINE_1":"800 W 18TH ST","CITY_1":"SPENCER","ZIP":"51301","House_Dist":2,"Senate_Dis":"1","Congressio":"4","SOSID_NEW":"21_SP1"}},{"type":"Feature","id":12,"geometry":{"type":"Point","coordinates":[-95.15556756899991,43.155537036000055]},"properties":{"OBJECTID_12":12,"COUNTY":"Clay","DISTRICT_CODE":"SP2","PRECINCT":"Spencer Ward 2","POLLING_PLACE":"CLAY CO REG EVENTS CENTER 2","ADDR_LINE_1":"800 W 18TH ST","CITY_1":"SPENCER","ZIP":"51301","House_Dist":2,"Senate_Dis":"1","Congressio":"4","SOSID_NEW":"21_SP2"}},{"type":"Feature","id":13,"geometry":{"type":"Point","coordinates":[-95.15556756899991,43.155537036000055]},"properties":{"OBJECTID_12":13,"COUNTY":"Clay","DISTRICT_CODE":"SP3","PRECINCT":"Spencer Ward 3","POLLING_PLACE":"CLAY CO REG EVENTS CENTER 3","ADDR_LINE_1":"800 W 18TH ST","CITY_1":"SPENCER","ZIP":"51301","House_Dist":2,"Senate_Dis":"1","Congressio":"4","SOSID_NEW":"21_SP3"}},{"type":"Feature","id":14,"geometry":{"type":"Point","coordinates":[-95.15556756899991,43.155537036000055]},"properties":{"OBJECTID_12":14,"COUNTY":"Clay","DISTRICT_CODE":"SP4","PRECINCT":"Spencer Ward 4","POLLING_PLACE":"CLAY CO REG EVENTS CENTER 4","ADDR_LINE_1":"800 W 18TH ST","CITY_1":"SPENCER","ZIP":"51301","House_Dist":2,"Senate_Dis":"1","Congressio":"4","SOSID_NEW":"21_SP4"}},{"type":"Feature","id":15,"geometry":{"type":"Point","coordinates":[-95.15556756899991,43.155537036000055]},"properties":{"OBJECTID_12":15,"COUNTY":"Clay","DISTRICT_CODE":"SP5","PRECINCT":"Spencer Ward 5","POLLING_PLACE":"CLAY CO REG EVENTS CENTER 5","ADDR_LINE_1":"800 W 18TH ST","CITY_1":"SPENCER","ZIP":"51301","House_Dist":2,"Senate_Dis":"1","Congressio":"4","SOSID_NEW":"21_SP5"}},{"type":"Feature","id":16,"geometry":{"type":"Point","coordinates":[-95.15556756899991,43.155537036000055]},"properties":{"OBJECTID_12":16,"COUNTY":"Clay","DISTRICT_CODE":"SRSM","PRECINCT":"Summit/Riverton/Sioux/Meadow","POLLING_PLACE":"CLAY CO REG EVENTS CENTER 6","ADDR_LINE_1":"800 W 18TH ST","CITY_1":"SPENCER","ZIP":"51301","House_Dist":2,"Senate_Dis":"1","Congressio":"4","SOSID_NEW":"21_SRSM"}},{"type":"Feature","id":17,"geometry":{"type":"Point","coordinates":[-95.32378550699991,43.44820445800008]},"properties":{"OBJECTID_12":17,"COUNTY":"Dickinson","DISTRICT_CODE":"PCT 01","PRECINCT":"Precinct 01","POLLING_PLACE":"LAKE PARK COMMUNITY CENTER","ADDR_LINE_1":"903 S MARKET ST","CITY_1":"LAKE PARK","ZIP":"51347","House_Dist":1,"Senate_Dis":"1","Congressio":"4","SOSID_NEW":"30_PCT 01"}},{"type":"Feature","id":18,"geometry":{"type":"Point","coordinates":[-94.94765807099992,43.43122051200004]},"properties":{"OBJECTID_12":18,"COUNTY":"Dickinson","DISTRICT_CODE":"PCT 04","PRECINCT":"Precinct 04","POLLING_PLACE":"SUPERIOR MUNICIPAL BUILDING","ADDR_LINE_1":"111 7TH ST","CITY_1":"SUPERIOR","ZIP":"51363","House_Dist":1,"Senate_Dis":"1","Congressio":"4","SOSID_NEW":"30_PCT 04"}},{"type":"Feature","id":19,"geometry":{"type":"Point","coordinates":[-95.18534264199991,43.38062993500006]},"properties":{"OBJECTID_12":19,"COUNTY":"Dickinson","DISTRICT_CODE":"PCT 02","PRECINCT":"Precinct 02","POLLING_PLACE":"MAHAN HALL-LAKESIDE LAB GROUNDS","ADDR_LINE_1":"1838 HWY 86","CITY_1":"MILFORD","ZIP":"51351","House_Dist":1,"Senate_Dis":"1","Congressio":"4","SOSID_NEW":"30_PCT 02"}},{"type":"Feature","id":20,"geometry":{"type":"Point","coordinates":[-95.17341820299993,43.37420558600007]},"properties":{"OBJECTID_12":20,"COUNTY":"Dickinson","DISTRICT_CODE":"PCT 10","PRECINCT":"Precinct 10","POLLING_PLACE":"WAHPETON CITY HALL","ADDR_LINE_1":"1201 DAKOTA DR","CITY_1":"MILFORD","ZIP":"51351","House_Dist":1,"Senate_Dis":"1","Congressio":"4","SOSID_NEW":"30_PCT 10"}},{"type":"Feature","id":21,"geometry":{"type":"Point","coordinates":[-95.12726359599992,43.38689577200006]},"properties":{"OBJECTID_12":21,"COUNTY":"Dickinson","DISTRICT_CODE":"PCT 11","PRECINCT":"Precinct 11","POLLING_PLACE":"OKOBOJI CITY HALL","ADDR_LINE_1":"1322 HWY 71 N","CITY_1":"OKOBOJI","ZIP":"51355","House_Dist":1,"Senate_Dis":"1","Congressio":"4","SOSID_NEW":"30_PCT 11"}},{"type":"Feature","id":22,"geometry":{"type":"Point","coordinates":[-95.11556992999994,43.42554676000009]},"properties":{"OBJECTID_12":22,"COUNTY":"Dickinson","DISTRICT_CODE":"PCT 03","PRECINCT":"Precinct 03","POLLING_PLACE":"DC EXPO CENTER MEETING RM","ADDR_LINE_1":"1602 15TH ST","CITY_1":"SPIRIT LAKE ","ZIP":"51360","House_Dist":1,"Senate_Dis":"1","Congressio":"4","SOSID_NEW":"30_PCT 03"}},{"type":"Feature","id":23,"geometry":{"type":"Point","coordinates":[-95.11556992999994,43.42554676000009]},"properties":{"OBJECTID_12":23,"COUNTY":"Dickinson","DISTRICT_CODE":"PCT 12","PRECINCT":"Precinct 12","POLLING_PLACE":"DICKINSON CO EXPO BLDG","ADDR_LINE_1":"1602 15TH ST","CITY_1":"SPIRIT LAKE","ZIP":"51360","House_Dist":1,"Senate_Dis":"1","Congressio":"4","SOSID_NEW":"30_PCT 12"}},{"type":"Feature","id":24,"geometry":{"type":"Point","coordinates":[-95.11556992999994,43.42554676000009]},"properties":{"OBJECTID_12":24,"COUNTY":"Dickinson","DISTRICT_CODE":"PCT 13","PRECINCT":"Precinct 13","POLLING_PLACE":"DC COMM BLDG-WEST ROOM","ADDR_LINE_1":"1602 15TH ST","CITY_1":"SPIRIT LAKE","ZIP":"51360","House_Dist":1,"Senate_Dis":"1","Congressio":"4","SOSID_NEW":"30_PCT 13"}},{"type":"Feature","id":25,"geometry":{"type":"Point","coordinates":[-95.11556992999994,43.42554676000009]},"properties":{"OBJECTID_12":25,"COUNTY":"Dickinson","DISTRICT_CODE":"PCT 15","PRECINCT":"Precinct 15","POLLING_PLACE":"DC COMM BLDG EAST ROOM","ADDR_LINE_1":"1602 15TH ST","CITY_1":"SPIRIT LAKE","ZIP":"51360","House_Dist":1,"Senate_Dis":"1","Congressio":"4","SOSID_NEW":"30_PCT 15"}},{"type":"Feature","id":26,"geometry":{"type":"Point","coordinates":[-95.12683818099993,43.416129355000066]},"properties":{"OBJECTID_12":26,"COUNTY":"Dickinson","DISTRICT_CODE":"PCT 14","PRECINCT":"Precinct 14","POLLING_PLACE":"LAKES COMMUNITY LAND TRUST OFFICE","ADDR_LINE_1":"2650 ENTERPRISE AVE","CITY_1":"SPIRIT LAKE","ZIP":"51360","House_Dist":1,"Senate_Dis":"1","Congressio":"4","SOSID_NEW":"30_PCT 14"}},{"type":"Feature","id":27,"geometry":{"type":"Point","coordinates":[-95.12620861499994,43.37042048900008]},"properties":{"OBJECTID_12":27,"COUNTY":"Dickinson","DISTRICT_CODE":"PCT 05","PRECINCT":"Precinct 05","POLLING_PLACE":"ARNOLDS PARK CITY HALL","ADDR_LINE_1":"156 N HWY 71 ","CITY_1":"ARNOLDS PARK","ZIP":"51331","House_Dist":1,"Senate_Dis":"1","Congressio":"4","SOSID_NEW":"30_PCT 05"}},{"type":"Feature","id":28,"geometry":{"type":"Point","coordinates":[-95.43659960499991,42.712909409000076]},"properties":{"OBJECTID_12":28,"COUNTY":"Cherokee","DISTRICT_CODE":"1 AUR","PRECINCT":"Aurelia","POLLING_PLACE":"AURELIA COMMUNITY CENTER","ADDR_LINE_1":"235 MAIN ST","CITY_1":"AURELIA","ZIP":"51005","House_Dist":3,"Senate_Dis":"2","Congressio":"4","SOSID_NEW":"18_1 AUR"}},{"type":"Feature","id":29,"geometry":{"type":"Point","coordinates":[-95.71333130399995,42.81303069300009]},"properties":{"OBJECTID_12":29,"COUNTY":"Cherokee","DISTRICT_CODE":"2 CLEG","PRECINCT":"Cleghorn","POLLING_PLACE":"CLEGHORN COMMUNITY CENTER","ADDR_LINE_1":"102 W GRACE","CITY_1":"CLEGHORN","ZIP":"51014","House_Dist":3,"Senate_Dis":"2","Congressio":"4","SOSID_NEW":"18_2 CLEG"}},{"type":"Feature","id":30,"geometry":{"type":"Point","coordinates":[-95.64206621299991,42.62568825200009]},"properties":{"OBJECTID_12":30,"COUNTY":"Cherokee","DISTRICT_CODE":"3 QUIM","PRECINCT":"Quimby","POLLING_PLACE":"QUIMBY COMMUNITY CENTER","ADDR_LINE_1":"MAIN STREET","CITY_1":"QUIMBY","ZIP":"51049","House_Dist":3,"Senate_Dis":"2","Congressio":"4","SOSID_NEW":"18_3 QUIM"}},{"type":"Feature","id":31,"geometry":{"type":"Point","coordinates":[-95.55224705799992,42.76421148800006]},"properties":{"OBJECTID_12":31,"COUNTY":"Cherokee","DISTRICT_CODE":"4 CHER","PRECINCT":"Cherokee","POLLING_PLACE":"LOWER LEVEL","ADDR_LINE_1":"COMMUNITY CENTER, 530 W BLUFF ST","CITY_1":"CHEROKEE","ZIP":"51012","House_Dist":3,"Senate_Dis":"2","Congressio":"4","SOSID_NEW":"18_4 CHER"}},{"type":"Feature","id":32,"geometry":{"type":"Point","coordinates":[-95.55224705799992,42.76421148800006]},"properties":{"OBJECTID_12":32,"COUNTY":"Cherokee","DISTRICT_CODE":"5 CH W1","PRECINCT":"Cherokee Ward 1","POLLING_PLACE":"UPPER LEVEL, WEST SIDE OF AUDITORIUM","ADDR_LINE_1":"COMMUNITY CENTER, 530 W BLUFF ST","CITY_1":"CHEROKEE","ZIP":"51012","House_Dist":3,"Senate_Dis":"2","Congressio":"4","SOSID_NEW":"18_5 CH W1"}},{"type":"Feature","id":33,"geometry":{"type":"Point","coordinates":[-95.55224705799992,42.76421148800006]},"properties":{"OBJECTID_12":33,"COUNTY":"Cherokee","DISTRICT_CODE":"6 CH W2","PRECINCT":"Cherokee Ward 2","POLLING_PLACE":"UPPER LEVEL, EAST SIDE OF AUDITORIUM","ADDR_LINE_1":"COMMUNITY CENTER, 530 W BLUFF ST","CITY_1":"CHEROKEE","ZIP":"51012","House_Dist":3,"Senate_Dis":"2","Congressio":"4","SOSID_NEW":"18_6 CH W2"}},{"type":"Feature","id":34,"geometry":{"type":"Point","coordinates":[-95.55224705799992,42.76421148800006]},"properties":{"OBJECTID_12":34,"COUNTY":"Cherokee","DISTRICT_CODE":"7 CH W3","PRECINCT":"Cherokee Ward 3","POLLING_PLACE":"UPPER LEVEL, SOUTH ROOM","ADDR_LINE_1":"COMMUNITY CENTER, 530 W BLUFF ST","CITY_1":"CHEROKEE","ZIP":"51012","House_Dist":3,"Senate_Dis":"2","Congressio":"4","SOSID_NEW":"18_7 CH W3"}},{"type":"Feature","id":35,"geometry":{"type":"Point","coordinates":[-94.47908041599993,42.15528689000007]},"properties":{"OBJECTID_12":35,"COUNTY":"Greene","DISTRICT_CODE":"NORTH","PRECINCT":"North Precinct","POLLING_PLACE":"COMMUNITY CENTER, CHURDAN","ADDR_LINE_1":"410 SAND STREET","CITY_1":"CHURDAN","ZIP":"50050","House_Dist":47,"Senate_Dis":"24","Congressio":"4","SOSID_NEW":"37_NORTH"}},{"type":"Feature","id":36,"geometry":{"type":"Point","coordinates":[-94.54286669999993,42.02265387300008]},"properties":{"OBJECTID_12":36,"COUNTY":"Greene","DISTRICT_CODE":"WEST","PRECINCT":"West Precinct","POLLING_PLACE":"NEW SCRANTON CITY HALL","ADDR_LINE_1":"900 EAGLE STREET ","CITY_1":"SCRANTON","ZIP":"51462","House_Dist":47,"Senate_Dis":"24","Congressio":"4","SOSID_NEW":"37_WEST"}},{"type":"Feature","id":37,"geometry":{"type":"Point","coordinates":[-94.2331135629999,42.03071434100008]},"properties":{"OBJECTID_12":37,"COUNTY":"Greene","DISTRICT_CODE":"EAST","PRECINCT":"East Precinct","POLLING_PLACE":"ST BRIGID PARISH CENTER","ADDR_LINE_1":"602 HAGER ST E ","CITY_1":"GRAND JUNCTION","ZIP":"50107","House_Dist":47,"Senate_Dis":"24","Congressio":"4","SOSID_NEW":"37_EAST"}},{"type":"Feature","id":38,"geometry":{"type":"Point","coordinates":[-94.36798598599995,42.01526164300009]},"properties":{"OBJECTID_12":38,"COUNTY":"Greene","DISTRICT_CODE":"CENTRAL","PRECINCT":"Central Precinct","POLLING_PLACE":"CLOVER HALL, FAIRGROUNDS","ADDR_LINE_1":"601 E LINCOLNWAY ","CITY_1":"JEFFERSON","ZIP":"50129","House_Dist":47,"Senate_Dis":"24","Congressio":"4","SOSID_NEW":"37_CENTRAL"}},{"type":"Feature","id":39,"geometry":{"type":"Point","coordinates":[-94.3735230559999,42.01548955700008]},"properties":{"OBJECTID_12":39,"COUNTY":"Greene","DISTRICT_CODE":"J1","PRECINCT":"Jefferson 1","POLLING_PLACE":"S ASSM ROOM, COURTHOUSE","ADDR_LINE_1":"114 N CHESTNUT STREET","CITY_1":"JEFFERSON","ZIP":"50129","House_Dist":47,"Senate_Dis":"24","Congressio":"4","SOSID_NEW":"37_J1"}},{"type":"Feature","id":40,"geometry":{"type":"Point","coordinates":[-94.38465112099993,42.01520299500004]},"properties":{"OBJECTID_12":40,"COUNTY":"Greene","DISTRICT_CODE":"J2","PRECINCT":"Jefferson 2","POLLING_PLACE":"TRINITY LUTHERAN CHURCH","ADDR_LINE_1":"801 W LINCOLN WAY","CITY_1":"JEFFERSON","ZIP":"50129","House_Dist":47,"Senate_Dis":"24","Congressio":"4","SOSID_NEW":"37_J2"}},{"type":"Feature","id":41,"geometry":{"type":"Point","coordinates":[-94.37622091199995,42.014318365000065]},"properties":{"OBJECTID_12":41,"COUNTY":"Greene","DISTRICT_CODE":"J3","PRECINCT":"Jefferson 3","POLLING_PLACE":"GREENE CO COMMUNITY CENTER","ADDR_LINE_1":"204 W HARRISON STREET","CITY_1":"JEFFERSON","ZIP":"50129","House_Dist":47,"Senate_Dis":"24","Congressio":"4","SOSID_NEW":"37_J3"}},{"type":"Feature","id":42,"geometry":{"type":"Point","coordinates":[-93.8166648859999,41.967423385000075]},"properties":{"OBJECTID_12":42,"COUNTY":"Boone","DISTRICT_CODE":"RP2","PRECINCT":"Rural Precinct 2","POLLING_PLACE":"LUTHER COMM ROOM","ADDR_LINE_1":"7 LUTHER ST","CITY_1":"LUTHER","ZIP":"50152","House_Dist":47,"Senate_Dis":"24","Congressio":"4","SOSID_NEW":"8_RP2"}},{"type":"Feature","id":43,"geometry":{"type":"Point","coordinates":[-94.1138005009999,41.94395356900009]},"properties":{"OBJECTID_12":43,"COUNTY":"Boone","DISTRICT_CODE":"RP3","PRECINCT":"Rural Precinct 3","POLLING_PLACE":"COUNTY SHED - BERKLEY","ADDR_LINE_1":"262 284TH ST","CITY_1":"PERRY","ZIP":"50220","House_Dist":47,"Senate_Dis":"24","Congressio":"4","SOSID_NEW":"8_RP3"}},{"type":"Feature","id":44,"geometry":{"type":"Point","coordinates":[-94.01723440099994,42.153905430000066]},"properties":{"OBJECTID_12":44,"COUNTY":"Boone","DISTRICT_CODE":"RP5","PRECINCT":"Rural Precinct 5","POLLING_PLACE":"PILOT MOUND COMM ROOM","ADDR_LINE_1":"508 PILOT ST","CITY_1":"PILOT MOUND","ZIP":"50223","House_Dist":47,"Senate_Dis":"24","Congressio":"4","SOSID_NEW":"8_RP5"}},{"type":"Feature","id":45,"geometry":{"type":"Point","coordinates":[-93.85906614099991,42.06379816200007]},"properties":{"OBJECTID_12":45,"COUNTY":"Boone","DISTRICT_CODE":"BN1","PRECINCT":"Boone 1","POLLING_PLACE":"FAIRGROUNDS COMM BLDG - BN1","ADDR_LINE_1":"1601 INDUSTRIAL PARK RD","CITY_1":"BOONE","ZIP":"50036","House_Dist":47,"Senate_Dis":"24","Congressio":"4","SOSID_NEW":"8_BN1"}},{"type":"Feature","id":46,"geometry":{"type":"Point","coordinates":[-93.88334332199992,42.062940379000054]},"properties":{"OBJECTID_12":46,"COUNTY":"Boone","DISTRICT_CODE":"BN4","PRECINCT":"Boone 4/DMS Twp","POLLING_PLACE":"ERICSON PUBLIC LIBRARY","ADDR_LINE_1":"702 GREENE ST","CITY_1":"BOONE","ZIP":"50036","House_Dist":47,"Senate_Dis":"24","Congressio":"4","SOSID_NEW":"8_BN4"}},{"type":"Feature","id":47,"geometry":{"type":"Point","coordinates":[-93.85906614099991,42.06379816200007]},"properties":{"OBJECTID_12":47,"COUNTY":"Boone","DISTRICT_CODE":"RP6","PRECINCT":"Rural Precinct 6","POLLING_PLACE":"FAIRGROUNDS COMM BLDG - RP6","ADDR_LINE_1":"1601 INDUSTRIAL PARK RD","CITY_1":"BOONE","ZIP":"50036","House_Dist":47,"Senate_Dis":"24","Congressio":"4","SOSID_NEW":"8_RP6"}},{"type":"Feature","id":48,"geometry":{"type":"Point","coordinates":[-94.03779252099991,42.038795994000054]},"properties":{"OBJECTID_12":48,"COUNTY":"Boone","DISTRICT_CODE":"OG","PRECINCT":"Ogden","POLLING_PLACE":"LEONARD GOOD COMM CENTER","ADDR_LINE_1":"114 SW 8TH ST","CITY_1":"OGDEN","ZIP":"50212","House_Dist":47,"Senate_Dis":"24","Congressio":"4","SOSID_NEW":"8_OG"}},{"type":"Feature","id":49,"geometry":{"type":"Point","coordinates":[-94.02968233199994,42.03801680200007]},"properties":{"OBJECTID_12":49,"COUNTY":"Boone","DISTRICT_CODE":"RP4","PRECINCT":"Rural Precinct 4","POLLING_PLACE":"GOOD PUBLIC LIBRARY","ADDR_LINE_1":"208 W MULBERRY ST","CITY_1":"OGDEN","ZIP":"50212","House_Dist":47,"Senate_Dis":"24","Congressio":"4","SOSID_NEW":"8_RP4"}},{"type":"Feature","id":50,"geometry":{"type":"Point","coordinates":[-93.87694161899992,42.04574078300004]},"properties":{"OBJECTID_12":50,"COUNTY":"Boone","DISTRICT_CODE":"BN2","PRECINCT":"Boone 2","POLLING_PLACE":"DMACC","ADDR_LINE_1":"1125 HANCOCK DR","CITY_1":"BOONE","ZIP":"50036","House_Dist":47,"Senate_Dis":"24","Congressio":"4","SOSID_NEW":"8_BN2"}},{"type":"Feature","id":51,"geometry":{"type":"Point","coordinates":[-93.88024769999993,42.04031180100009]},"properties":{"OBJECTID_12":51,"COUNTY":"Boone","DISTRICT_CODE":"BN3","PRECINCT":"Boone 3","POLLING_PLACE":"FIRST EVANGELICAL FREE CHURCH","ADDR_LINE_1":"1407 KATE SHELLEY DR","CITY_1":"BOONE","ZIP":"50036","House_Dist":47,"Senate_Dis":"24","Congressio":"4","SOSID_NEW":"8_BN3"}},{"type":"Feature","id":52,"geometry":{"type":"Point","coordinates":[-93.90561758199993,42.05884007800006]},"properties":{"OBJECTID_12":52,"COUNTY":"Boone","DISTRICT_CODE":"BN5","PRECINCT":"Boone 5","POLLING_PLACE":"COURTHOUSE","ADDR_LINE_1":"201 STATE ST","CITY_1":"BOONE","ZIP":"50036","House_Dist":47,"Senate_Dis":"24","Congressio":"4","SOSID_NEW":"8_BN5"}},{"type":"Feature","id":53,"geometry":{"type":"Point","coordinates":[-93.64317735799995,42.48013024100004]},"properties":{"OBJECTID_12":53,"COUNTY":"Hamilton","DISTRICT_CODE":"PCT 2","PRECINCT":"Pct 2 Blairsburg Liberty Williams","POLLING_PLACE":"BLAIRSBURG CITY HALL","ADDR_LINE_1":"516 LAKE ST","CITY_1":"BLAIRSBURG","ZIP":"50034","House_Dist":48,"Senate_Dis":"24","Congressio":"4","SOSID_NEW":"40_PCT 2"}},{"type":"Feature","id":54,"geometry":{"type":"Point","coordinates":[-93.79562043099992,42.28899655300006]},"properties":{"OBJECTID_12":54,"COUNTY":"Hamilton","DISTRICT_CODE":"PCT 3","PRECINCT":"Pct 3 Clear Lake Hamilton Marion Webster ","POLLING_PLACE":"STANHOPE COMMUNITY BUILDING","ADDR_LINE_1":"600 MAIN ST","CITY_1":"STANHOPE","ZIP":"50246","House_Dist":48,"Senate_Dis":"24","Congressio":"4","SOSID_NEW":"40_PCT 3"}},{"type":"Feature","id":55,"geometry":{"type":"Point","coordinates":[-93.6449366089999,42.30250852100005]},"properties":{"OBJECTID_12":55,"COUNTY":"Hamilton","DISTRICT_CODE":"PCT 4","PRECINCT":"Pct 4 Lyon Ellsworth","POLLING_PLACE":"SOUTH HAMILTON HIGH SCHOOL","ADDR_LINE_1":"315 DIVISION ST","CITY_1":"JEWELL","ZIP":"50130","House_Dist":48,"Senate_Dis":"24","Congressio":"4","SOSID_NEW":"40_PCT 4"}},{"type":"Feature","id":56,"geometry":{"type":"Point","coordinates":[-93.58005677299991,42.31448031700006]},"properties":{"OBJECTID_12":56,"COUNTY":"Hamilton","DISTRICT_CODE":"PCT 5","PRECINCT":"Pct 5 Lincoln Rose Grove Scott","POLLING_PLACE":"ELLSWORTH COMMUNITY CENTER","ADDR_LINE_1":"1724 DESOTA ST","CITY_1":"ELLSWORTH","ZIP":"50075","House_Dist":48,"Senate_Dis":"24","Congressio":"4","SOSID_NEW":"40_PCT 5"}},{"type":"Feature","id":57,"geometry":{"type":"Point","coordinates":[-93.83470965299995,42.46113692100005]},"properties":{"OBJECTID_12":57,"COUNTY":"Hamilton","DISTRICT_CODE":"PCT 1","PRECINCT":"Pct 1 Cass Freedom Fremont Independence","POLLING_PLACE":"TRINITY EVANGELICAL LUTHERAN CHURCH","ADDR_LINE_1":"1229 KATHY LANE","CITY_1":"WEBSTER CITY","ZIP":"50595","House_Dist":48,"Senate_Dis":"24","Congressio":"4","SOSID_NEW":"40_PCT 1"}},{"type":"Feature","id":58,"geometry":{"type":"Point","coordinates":[-93.83545791699993,42.46614982400007]},"properties":{"OBJECTID_12":58,"COUNTY":"Hamilton","DISTRICT_CODE":"WC2","PRECINCT":"Webster City 2","POLLING_PLACE":"ST PAUL LUTHERAN CHURCH","ADDR_LINE_1":"1005 BEACH ST","CITY_1":"WEBSTER CITY","ZIP":"50595","House_Dist":48,"Senate_Dis":"24","Congressio":"4","SOSID_NEW":"40_WC2"}},{"type":"Feature","id":59,"geometry":{"type":"Point","coordinates":[-93.8159179669999,42.46681883200006]},"properties":{"OBJECTID_12":59,"COUNTY":"Hamilton","DISTRICT_CODE":"WC1","PRECINCT":"Webster City 1","POLLING_PLACE":"WEBSTER CITY FIRE STATION","ADDR_LINE_1":"919 SUPERIOR ST","CITY_1":"WEBSTER CITY","ZIP":"50595","House_Dist":48,"Senate_Dis":"24","Congressio":"4","SOSID_NEW":"40_WC1"}},{"type":"Feature","id":60,"geometry":{"type":"Point","coordinates":[-93.81861031999995,42.467567097000085]},"properties":{"OBJECTID_12":60,"COUNTY":"Hamilton","DISTRICT_CODE":"WC3","PRECINCT":"Webster City 3","POLLING_PLACE":"FIRST BAPTIST CHURCH","ADDR_LINE_1":"543 DIVISION ST","CITY_1":"WEBSTER CITY","ZIP":"50595","House_Dist":48,"Senate_Dis":"24","Congressio":"4","SOSID_NEW":"40_WC3"}},{"type":"Feature","id":61,"geometry":{"type":"Point","coordinates":[-93.82174033599995,41.874835027000074]},"properties":{"OBJECTID_12":61,"COUNTY":"Boone","DISTRICT_CODE":"MD1","PRECINCT":"Madrid 1","POLLING_PLACE":"MADRID COMM ROOM - MD1","ADDR_LINE_1":"303 S WATER ST","CITY_1":"MADRID","ZIP":"50156","House_Dist":48,"Senate_Dis":"24","Congressio":"4","SOSID_NEW":"8_MD1"}},{"type":"Feature","id":62,"geometry":{"type":"Point","coordinates":[-93.82174033599995,41.874835027000074]},"properties":{"OBJECTID_12":62,"COUNTY":"Boone","DISTRICT_CODE":"MD2","PRECINCT":"Madrid 2","POLLING_PLACE":"MADRID COMM ROOM - MD2","ADDR_LINE_1":"303 S WATER ST","CITY_1":"MADRID","ZIP":"50156","House_Dist":48,"Senate_Dis":"24","Congressio":"4","SOSID_NEW":"8_MD2"}},{"type":"Feature","id":63,"geometry":{"type":"Point","coordinates":[-93.82174033599995,41.874835027000074]},"properties":{"OBJECTID_12":63,"COUNTY":"Boone","DISTRICT_CODE":"MD3","PRECINCT":"Madrid 3","POLLING_PLACE":"MADRID COMM ROOM - MD3","ADDR_LINE_1":"303 S WATER ST","CITY_1":"MADRID","ZIP":"50156","House_Dist":48,"Senate_Dis":"24","Congressio":"4","SOSID_NEW":"8_MD3"}},{"type":"Feature","id":64,"geometry":{"type":"Point","coordinates":[-93.8215850339999,41.87495882800005]},"properties":{"OBJECTID_12":64,"COUNTY":"Boone","DISTRICT_CODE":"RP1","PRECINCT":"Rural Precinct 1","POLLING_PLACE":"MADRID PUBLIC LIBRARY","ADDR_LINE_1":"100 W 3RD ST","CITY_1":"MADRID","ZIP":"50156","House_Dist":48,"Senate_Dis":"24","Congressio":"4","SOSID_NEW":"8_RP1"}},{"type":"Feature","id":65,"geometry":{"type":"Point","coordinates":[-92.87276480799994,42.224530316000084]},"properties":{"OBJECTID_12":65,"COUNTY":"Grundy","DISTRICT_CODE":"P1","PRECINCT":"P1","POLLING_PLACE":"CONRAD LIBRARY","ADDR_LINE_1":"204 E CENTER STREET","CITY_1":"CONRAD","ZIP":"50621","House_Dist":50,"Senate_Dis":"25","Congressio":"4","SOSID_NEW":"38_P1"}},{"type":"Feature","id":66,"geometry":{"type":"Point","coordinates":[-92.9263077309999,42.435329968000076]},"properties":{"OBJECTID_12":66,"COUNTY":"Grundy","DISTRICT_CODE":"P3","PRECINCT":"P3","POLLING_PLACE":"WELLSBURG PUBLIC LIBRARY","ADDR_LINE_1":"411 NORTH ADAMS STREET","CITY_1":"WELLSBURG","ZIP":"50680","House_Dist":50,"Senate_Dis":"25","Congressio":"4","SOSID_NEW":"38_P3"}},{"type":"Feature","id":67,"geometry":{"type":"Point","coordinates":[-92.77029350299995,42.45542936700008]},"properties":{"OBJECTID_12":67,"COUNTY":"Grundy","DISTRICT_CODE":"P4","PRECINCT":"P4","POLLING_PLACE":"HCC WESTERN OUTREACH CENTER","ADDR_LINE_1":"17040 MARKET AVENUE","CITY_1":"HOLLAND","ZIP":"50642","House_Dist":50,"Senate_Dis":"25","Congressio":"4","SOSID_NEW":"38_P4"}},{"type":"Feature","id":68,"geometry":{"type":"Point","coordinates":[-92.62765045299994,42.46513016000006]},"properties":{"OBJECTID_12":68,"COUNTY":"Grundy","DISTRICT_CODE":"P5","PRECINCT":"P5","POLLING_PLACE":"DIKE LIBRARY","ADDR_LINE_1":"133 EAST ELDER STREET","CITY_1":"DIKE","ZIP":"50624","House_Dist":50,"Senate_Dis":"25","Congressio":"4","SOSID_NEW":"38_P5"}},{"type":"Feature","id":69,"geometry":{"type":"Point","coordinates":[-92.59773354799995,42.32399829600007]},"properties":{"OBJECTID_12":69,"COUNTY":"Grundy","DISTRICT_CODE":"P6","PRECINCT":"P6","POLLING_PLACE":"REINBECK MEMORIAL BUILDING","ADDR_LINE_1":"208 BROAD STREET","CITY_1":"REINBECK","ZIP":"50669","House_Dist":50,"Senate_Dis":"25","Congressio":"4","SOSID_NEW":"38_P6"}},{"type":"Feature","id":70,"geometry":{"type":"Point","coordinates":[-92.7728237849999,42.36252769100008]},"properties":{"OBJECTID_12":70,"COUNTY":"Grundy","DISTRICT_CODE":"P2","PRECINCT":"P2","POLLING_PLACE":"GC COMMUNITY CENTER (P2)","ADDR_LINE_1":"705 F AVENUE","CITY_1":"GRUNDY CENTER","ZIP":"50638","House_Dist":50,"Senate_Dis":"25","Congressio":"4","SOSID_NEW":"38_P2"}},{"type":"Feature","id":71,"geometry":{"type":"Point","coordinates":[-92.7728237849999,42.36252769100008]},"properties":{"OBJECTID_12":71,"COUNTY":"Grundy","DISTRICT_CODE":"P7","PRECINCT":"P7","POLLING_PLACE":"GRUNDY CENTER COMMUNITY CENTER","ADDR_LINE_1":"705 F AVENUE","CITY_1":"GRUNDY CENTER","ZIP":"50638","House_Dist":50,"Senate_Dis":"25","Congressio":"4","SOSID_NEW":"38_P7"}},{"type":"Feature","id":72,"geometry":{"type":"Point","coordinates":[-93.37476500699995,42.519503850000035]},"properties":{"OBJECTID_12":72,"COUNTY":"Hardin","DISTRICT_CODE":"AL","PRECINCT":"Alden/Buckeye Pct","POLLING_PLACE":"ALDEN PUBLIC LIBRARY","ADDR_LINE_1":"1012 WATER ST.","CITY_1":"ALDEN","ZIP":"50006","House_Dist":50,"Senate_Dis":"25","Congressio":"4","SOSID_NEW":"42_AL"}},{"type":"Feature","id":73,"geometry":{"type":"Point","coordinates":[-93.05211050399993,42.55114190100005]},"properties":{"OBJECTID_12":73,"COUNTY":"Hardin","DISTRICT_CODE":"ET","PRECINCT":"Etna/Clay Pct","POLLING_PLACE":"ST. JOHN'S UNITED CHURCH OF CHRIST","ADDR_LINE_1":"716 3RD AVE.","CITY_1":"ACKLEY","ZIP":"50601","House_Dist":50,"Senate_Dis":"25","Congressio":"4","SOSID_NEW":"42_ET"}},{"type":"Feature","id":74,"geometry":{"type":"Point","coordinates":[-93.26779575599994,42.496164726000075]},"properties":{"OBJECTID_12":74,"COUNTY":"Hardin","DISTRICT_CODE":"HA","PRECINCT":"Hardin/Ellis/Jackson Pct","POLLING_PLACE":"ELLSWORTH EQUINE CENTER","ADDR_LINE_1":"709 ELLSWORTH AVE","CITY_1":"IOWA FALLS","ZIP":"50126","House_Dist":50,"Senate_Dis":"25","Congressio":"4","SOSID_NEW":"42_HA"}},{"type":"Feature","id":75,"geometry":{"type":"Point","coordinates":[-93.26849052799992,42.519601753000074]},"properties":{"OBJECTID_12":75,"COUNTY":"Hardin","DISTRICT_CODE":"IF1","PRECINCT":"Iowa Falls 1 Pct","POLLING_PLACE":"BARLOW MEMORIAL LIBRARY","ADDR_LINE_1":"921 WASHINGTON AVE","CITY_1":"IOWA FALLS","ZIP":"50126","House_Dist":50,"Senate_Dis":"25","Congressio":"4","SOSID_NEW":"42_IF1"}},{"type":"Feature","id":76,"geometry":{"type":"Point","coordinates":[-93.27094627899993,42.514478126000085]},"properties":{"OBJECTID_12":76,"COUNTY":"Hardin","DISTRICT_CODE":"IF2","PRECINCT":"Iowa Falls 2 Pct","POLLING_PLACE":"IOWA FALLS FIRE DEPARTMENT","ADDR_LINE_1":"218 SO RIVER ST","CITY_1":"IOWA FALLS","ZIP":"50126","House_Dist":50,"Senate_Dis":"25","Congressio":"4","SOSID_NEW":"42_IF2"}},{"type":"Feature","id":77,"geometry":{"type":"Point","coordinates":[-92.88413621199993,42.58395664800008]},"properties":{"OBJECTID_12":77,"COUNTY":"Butler","DISTRICT_CODE":"5-AP","PRECINCT":"5-AP","POLLING_PLACE":"APLINGTON COMMUNITY CENTER","ADDR_LINE_1":"929 PARRIOTT ST","CITY_1":"APLINGTON","ZIP":"50604","House_Dist":50,"Senate_Dis":"25","Congressio":"4","SOSID_NEW":"12_5-AP"}},{"type":"Feature","id":78,"geometry":{"type":"Point","coordinates":[-92.7874686639999,42.57437567200009]},"properties":{"OBJECTID_12":78,"COUNTY":"Butler","DISTRICT_CODE":"7-PB","PRECINCT":"7-PB","POLLING_PLACE":"PARKERSBURG VETERANS MEMORIAL BUILDING","ADDR_LINE_1":"102 COLFAX ST","CITY_1":"PARKERSBURG","ZIP":"50665","House_Dist":50,"Senate_Dis":"25","Congressio":"4","SOSID_NEW":"12_7-PB"}},{"type":"Feature","id":79,"geometry":{"type":"Point","coordinates":[-92.58333292799995,42.709980649000045]},"properties":{"OBJECTID_12":79,"COUNTY":"Butler","DISTRICT_CODE":"6-SR","PRECINCT":"6-SR","POLLING_PLACE":"BOYD BUILDING, SHELL ROCK","ADDR_LINE_1":"305 S CHERRY ST","CITY_1":"SHELL ROCK","ZIP":"50670","House_Dist":50,"Senate_Dis":"25","Congressio":"4","SOSID_NEW":"12_6-SR"}},{"type":"Feature","id":80,"geometry":{"type":"Point","coordinates":[-92.61831314199992,42.56837994700004]},"properties":{"OBJECTID_12":80,"COUNTY":"Butler","DISTRICT_CODE":"8-NH","PRECINCT":"8-NH","POLLING_PLACE":"NEW HARTFORD COMMUNITY CENTER","ADDR_LINE_1":"303 BROADWAY ST","CITY_1":"NEW HARTFORD","ZIP":"50660","House_Dist":50,"Senate_Dis":"25","Congressio":"4","SOSID_NEW":"12_8-NH"}},{"type":"Feature","id":81,"geometry":{"type":"Point","coordinates":[-93.29589622999993,42.30410660200005]},"properties":{"OBJECTID_12":81,"COUNTY":"Hardin","DISTRICT_CODE":"CC","PRECINCT":"Concord/Sherman/Grant/Tipton Pct","POLLING_PLACE":"HUBBARD FIRE STATION","ADDR_LINE_1":"218 N IOWA ST","CITY_1":"HUBBARD","ZIP":"50122","House_Dist":49,"Senate_Dis":"25","Congressio":"4","SOSID_NEW":"42_CC"}},{"type":"Feature","id":82,"geometry":{"type":"Point","coordinates":[-93.0995378589999,42.359368343000085]},"properties":{"OBJECTID_12":82,"COUNTY":"Hardin","DISTRICT_CODE":"EL","PRECINCT":"Eldora/Pleasant/Providence/Union Pct","POLLING_PLACE":"ELDORA CITY HALL","ADDR_LINE_1":"1442 WASHINGTON ST.","CITY_1":"ELDORA","ZIP":"50627","House_Dist":49,"Senate_Dis":"25","Congressio":"4","SOSID_NEW":"42_EL"}},{"type":"Feature","id":83,"geometry":{"type":"Point","coordinates":[-93.0989597599999,42.36060146400007]},"properties":{"OBJECTID_12":83,"COUNTY":"Hardin","DISTRICT_CODE":"ELC","PRECINCT":"Eldora City Pct","POLLING_PLACE":"HARDIN COUNTY COURTHOUSE","ADDR_LINE_1":"1215 EDGINGTON AVE.","CITY_1":"ELDORA","ZIP":"50627","House_Dist":49,"Senate_Dis":"25","Congressio":"4","SOSID_NEW":"42_ELC"}},{"type":"Feature","id":84,"geometry":{"type":"Point","coordinates":[-92.74006160199991,43.12513594400008]},"properties":{"OBJECTID_12":84,"COUNTY":"Floyd","DISTRICT_CODE":"FlCeNi","PRECINCT":"Floyd-Cedar-Niles","POLLING_PLACE":"FLOYD COMMUNITY CENTER","ADDR_LINE_1":"706 FAIRFIELD ST","CITY_1":"FLOYD","ZIP":"50435","House_Dist":52,"Senate_Dis":"26","Congressio":"4","SOSID_NEW":"34_FlCeNi"}},{"type":"Feature","id":85,"geometry":{"type":"Point","coordinates":[-92.94868052299995,43.052330303000076]},"properties":{"OBJECTID_12":85,"COUNTY":"Floyd","DISTRICT_CODE":"RfUl","PRECINCT":"Rockford-Ulster","POLLING_PLACE":"ROCKFORD CITY HALL","ADDR_LINE_1":"206 W. MAIN AVENUE","CITY_1":"ROCKFORD","ZIP":"50468","House_Dist":52,"Senate_Dis":"26","Congressio":"4","SOSID_NEW":"34_RfUl"}},{"type":"Feature","id":86,"geometry":{"type":"Point","coordinates":[-92.86835889199995,42.96481095100006]},"properties":{"OBJECTID_12":86,"COUNTY":"Floyd","DISTRICT_CODE":"ScUnPG","PRECINCT":"Scott-Union-Pleasant Grove","POLLING_PLACE":"MARBLE ROCK LIBRARY","ADDR_LINE_1":"122 MAIN ST. S\r\n","CITY_1":"MARBLE ROCK","ZIP":"50653","House_Dist":52,"Senate_Dis":"26","Congressio":"4","SOSID_NEW":"34_ScUnPG"}},{"type":"Feature","id":87,"geometry":{"type":"Point","coordinates":[-93.0055750009999,43.14312980600005]},"properties":{"OBJECTID_12":87,"COUNTY":"Floyd","DISTRICT_CODE":"RGRu","PRECINCT":"Rock Grove-Rudd","POLLING_PLACE":"NORA SPRINGS CITY HALL","ADDR_LINE_1":"45 N HAWKEYE AVENUE","CITY_1":"NORA SPRINGS","ZIP":"50458","House_Dist":52,"Senate_Dis":"26","Congressio":"4","SOSID_NEW":"34_RGRu"}},{"type":"Feature","id":88,"geometry":{"type":"Point","coordinates":[-92.6816185369999,43.06429145200008]},"properties":{"OBJECTID_12":88,"COUNTY":"Floyd","DISTRICT_CODE":"CC1","PRECINCT":"Charles City 1 (Courthouse)","POLLING_PLACE":"FLOYD COUNTY COURTHOUSE","ADDR_LINE_1":"101 S MAIN ST","CITY_1":"CHARLES CITY","ZIP":"50616","House_Dist":52,"Senate_Dis":"26","Congressio":"4","SOSID_NEW":"34_CC1"}},{"type":"Feature","id":89,"geometry":{"type":"Point","coordinates":[-92.66133599599993,43.06568651400005]},"properties":{"OBJECTID_12":89,"COUNTY":"Floyd","DISTRICT_CODE":"CC2","PRECINCT":"Charles City 2 (Messiah)","POLLING_PLACE":"MESSIAH LUTHERAN CHURCH","ADDR_LINE_1":"705 3RD AVENUE","CITY_1":"CHARLES CITY","ZIP":"50616","House_Dist":52,"Senate_Dis":"26","Congressio":"4","SOSID_NEW":"34_CC2"}},{"type":"Feature","id":90,"geometry":{"type":"Point","coordinates":[-92.67361358699992,43.06987073200008]},"properties":{"OBJECTID_12":90,"COUNTY":"Floyd","DISTRICT_CODE":"CC3","PRECINCT":"Charles City 3 (Trinity)","POLLING_PLACE":"TRINITY UNITED METHODIST CHURCH","ADDR_LINE_1":"601 MILWAUKEE ST","CITY_1":"CHARLES CITY","ZIP":"50616","House_Dist":52,"Senate_Dis":"26","Congressio":"4","SOSID_NEW":"34_CC3"}},{"type":"Feature","id":91,"geometry":{"type":"Point","coordinates":[-92.6656715449999,43.08005025500006]},"properties":{"OBJECTID_12":91,"COUNTY":"Floyd","DISTRICT_CODE":"SCRv","PRECINCT":"St Charles-Riverton","POLLING_PLACE":"CEDAR VALLEY TRANSPORTATION","ADDR_LINE_1":"600 18TH ST.","CITY_1":"CHARLES CITY","ZIP":"50616","House_Dist":52,"Senate_Dis":"26","Congressio":"4","SOSID_NEW":"34_SCRv"}},{"type":"Feature","id":92,"geometry":{"type":"Point","coordinates":[-93.12331797099995,43.24520928700008]},"properties":{"OBJECTID_12":92,"COUNTY":"Cerro Gordo","DISTRICT_CODE":"FLN","PRECINCT":"Falls Twp/Plymouth Pct","POLLING_PLACE":"PLYMOUTH CITY HALL","ADDR_LINE_1":"616 BROAD ST","CITY_1":"PLYMOUTH","ZIP":"50464","House_Dist":52,"Senate_Dis":"26","Congressio":"4","SOSID_NEW":"17_FLN"}},{"type":"Feature","id":93,"geometry":{"type":"Point","coordinates":[-93.08338293399993,43.20750682400006]},"properties":{"OBJECTID_12":93,"COUNTY":"Cerro Gordo","DISTRICT_CODE":"FLS","PRECINCT":"Falls Township/Rock Falls Precinct","POLLING_PLACE":"ROCK FALLS COMMUNITY CENTER","ADDR_LINE_1":"3 S NOTTINGHAM","CITY_1":"ROCK FALLS","ZIP":"50467","House_Dist":52,"Senate_Dis":"26","Congressio":"4","SOSID_NEW":"17_FLS"}},{"type":"Feature","id":94,"geometry":{"type":"Point","coordinates":[-93.14200242899994,43.07403979900005]},"properties":{"OBJECTID_12":94,"COUNTY":"Cerro Gordo","DISTRICT_CODE":"POD","PRECINCT":"Portland/Owen/Dougherty Twps Pct","POLLING_PLACE":"HANFORD COMMUNITY CHURCH","ADDR_LINE_1":"12411 SPRUCE AVE","CITY_1":"MASON CITY","ZIP":"50401","House_Dist":52,"Senate_Dis":"26","Congressio":"4","SOSID_NEW":"17_POD"}},{"type":"Feature","id":95,"geometry":{"type":"Point","coordinates":[-92.54800246699995,42.957689289000086]},"properties":{"OBJECTID_12":95,"COUNTY":"Chickasaw","DISTRICT_CODE":"BD","PRECINCT":"Bradford","POLLING_PLACE":"GATEWAY TO  N.E. IOWA WELCOME CENTER","ADDR_LINE_1":"10 AMHERST BLVD","CITY_1":"NASHUA","ZIP":"50658","House_Dist":52,"Senate_Dis":"26","Congressio":"4","SOSID_NEW":"19_BD"}},{"type":"Feature","id":96,"geometry":{"type":"Point","coordinates":[-92.45634077499994,43.03316733000008]},"properties":{"OBJECTID_12":96,"COUNTY":"Chickasaw","DISTRICT_CODE":"CH","PRECINCT":"Chickasaw","POLLING_PLACE":"IONIA CITY HALL","ADDR_LINE_1":"101 W IOWA ST","CITY_1":"IONIA","ZIP":"50645","House_Dist":52,"Senate_Dis":"26","Congressio":"4","SOSID_NEW":"19_CH"}},{"type":"Feature","id":97,"geometry":{"type":"Point","coordinates":[-92.41384834099995,43.114990026000044]},"properties":{"OBJECTID_12":97,"COUNTY":"Chickasaw","DISTRICT_CODE":"DF-W2","PRECINCT":"Deerfield Washington 2","POLLING_PLACE":"NORTH WASHINGTON FIRE STATION","ADDR_LINE_1":"114 S WAPSIE","CITY_1":"NEW HAMPTON","ZIP":"50659","House_Dist":52,"Senate_Dis":"26","Congressio":"4","SOSID_NEW":"19_DF-W2"}},{"type":"Feature","id":98,"geometry":{"type":"Point","coordinates":[-92.2003610299999,42.96512658100005]},"properties":{"OBJECTID_12":98,"COUNTY":"Chickasaw","DISTRICT_CODE":"DS-FB","PRECINCT":"Dresden Fredericksburg","POLLING_PLACE":"FREDERICKSBURG COMM CENTER","ADDR_LINE_1":"151 W MAIN ST","CITY_1":"FREDERICKSBURG","ZIP":"50630","House_Dist":52,"Senate_Dis":"26","Congressio":"4","SOSID_NEW":"19_DS-FB"}},{"type":"Feature","id":99,"geometry":{"type":"Point","coordinates":[-92.23883506499993,43.09268741400007]},"properties":{"OBJECTID_12":99,"COUNTY":"Chickasaw","DISTRICT_CODE":"JA-UT","PRECINCT":"Jacksonville Utica","POLLING_PLACE":"BETHANY HALL","ADDR_LINE_1":"1241 PEMBROKE AVE","CITY_1":"NEW HAMPTON","ZIP":"50659","House_Dist":52,"Senate_Dis":"26","Congressio":"4","SOSID_NEW":"19_JA-UT"}},{"type":"Feature","id":100,"geometry":{"type":"Point","coordinates":[-92.15051192999994,43.069538942000065]},"properties":{"OBJECTID_12":100,"COUNTY":"Chickasaw","DISTRICT_CODE":"ST","PRECINCT":"Stapleton","POLLING_PLACE":"LAWLER CITY HALL","ADDR_LINE_1":"412 E GROVE ST","CITY_1":"LAWLER","ZIP":"52154","House_Dist":52,"Senate_Dis":"26","Congressio":"4","SOSID_NEW":"19_ST"}},{"type":"Feature","id":101,"geometry":{"type":"Point","coordinates":[-92.41530150599993,43.198528940000074]},"properties":{"OBJECTID_12":101,"COUNTY":"Chickasaw","DISTRICT_CODE":"W1","PRECINCT":"Washington 1","POLLING_PLACE":"ALTA VISTA CITY HALL","ADDR_LINE_1":"110 E WEBER ST","CITY_1":"ALTA VISTA","ZIP":"50603","House_Dist":52,"Senate_Dis":"26","Congressio":"4","SOSID_NEW":"19_W1"}},{"type":"Feature","id":102,"geometry":{"type":"Point","coordinates":[-92.31284117599995,43.062121509000065]},"properties":{"OBJECTID_12":102,"COUNTY":"Chickasaw","DISTRICT_CODE":"NH1","PRECINCT":"New Hampton Ward 1","POLLING_PLACE":"CHICKASAW EVENT CENTER 1","ADDR_LINE_1":"301 N WATER AVE","CITY_1":"NEW HAMPTON","ZIP":"50659","House_Dist":52,"Senate_Dis":"26","Congressio":"4","SOSID_NEW":"19_NH1"}},{"type":"Feature","id":103,"geometry":{"type":"Point","coordinates":[-92.31284117599995,43.062121509000065]},"properties":{"OBJECTID_12":103,"COUNTY":"Chickasaw","DISTRICT_CODE":"NH2","PRECINCT":"New Hampton Ward 2","POLLING_PLACE":"CHICKASAW EVENT CENTER 2","ADDR_LINE_1":"301 N WATER AVE","CITY_1":"NEW HAMPTON","ZIP":"50659","House_Dist":52,"Senate_Dis":"26","Congressio":"4","SOSID_NEW":"19_NH2"}},{"type":"Feature","id":104,"geometry":{"type":"Point","coordinates":[-92.31284117599995,43.062121509000065]},"properties":{"OBJECTID_12":104,"COUNTY":"Chickasaw","DISTRICT_CODE":"NH3","PRECINCT":"New Hampton Ward 3","POLLING_PLACE":"CHICKASAW EVENT CENTER 3","ADDR_LINE_1":"301 N WATER AVE","CITY_1":"NEW HAMPTON","ZIP":"50659","House_Dist":52,"Senate_Dis":"26","Congressio":"4","SOSID_NEW":"19_NH3"}},{"type":"Feature","id":105,"geometry":{"type":"Point","coordinates":[-92.31284117599995,43.062121509000065]},"properties":{"OBJECTID_12":105,"COUNTY":"Chickasaw","DISTRICT_CODE":"NH4","PRECINCT":"New Hampton Ward 4","POLLING_PLACE":"CHICKASAW EVENT CENTER 4","ADDR_LINE_1":"301 N WATER AVE","CITY_1":"NEW HAMPTON","ZIP":"50659","House_Dist":52,"Senate_Dis":"26","Congressio":"4","SOSID_NEW":"19_NH4"}},{"type":"Feature","id":106,"geometry":{"type":"Point","coordinates":[-92.31266597399991,43.060269290000065]},"properties":{"OBJECTID_12":106,"COUNTY":"Chickasaw","DISTRICT_CODE":"NHR","PRECINCT":"New Hampton Rural","POLLING_PLACE":"COMMUNITY SERVICES BLDG","ADDR_LINE_1":"206 E PROSPECT ST","CITY_1":"NEW HAMPTON","ZIP":"50659","House_Dist":52,"Senate_Dis":"26","Congressio":"4","SOSID_NEW":"19_NHR"}},{"type":"Feature","id":107,"geometry":{"type":"Point","coordinates":[-92.31784781599993,43.052019622000046]},"properties":{"OBJECTID_12":107,"COUNTY":"Chickasaw","DISTRICT_CODE":"DA-RD","PRECINCT":"Dayton Richland","POLLING_PLACE":"NEW HAMPTON FIRE STATION","ADDR_LINE_1":"403 S LINN AVE","CITY_1":"NEW HAMPTON","ZIP":"50659","House_Dist":52,"Senate_Dis":"26","Congressio":"4","SOSID_NEW":"19_DA-RD"}},{"type":"Feature","id":108,"geometry":{"type":"Point","coordinates":[-93.1840699999999,43.16330063200007]},"properties":{"OBJECTID_12":108,"COUNTY":"Cerro Gordo","DISTRICT_CODE":"MC W1P2","PRECINCT":"Mason City W1 P2","POLLING_PLACE":"HARDING SCHOOL","ADDR_LINE_1":"1239 N RHODE ISLAND","CITY_1":"MASON CITY","ZIP":"50401","House_Dist":53,"Senate_Dis":"27","Congressio":"4","SOSID_NEW":"17_MC W1P2"}},{"type":"Feature","id":109,"geometry":{"type":"Point","coordinates":[-93.17132189099993,43.156030660000056]},"properties":{"OBJECTID_12":109,"COUNTY":"Cerro Gordo","DISTRICT_CODE":"MC W1P3","PRECINCT":"Mason City W1 P3","POLLING_PLACE":"GRACE EVANGELICAL FREE CHURCH","ADDR_LINE_1":"440 N ILLINOIS","CITY_1":"MASON CITY","ZIP":"50401","House_Dist":53,"Senate_Dis":"27","Congressio":"4","SOSID_NEW":"17_MC W1P3"}},{"type":"Feature","id":110,"geometry":{"type":"Point","coordinates":[-93.20272837099992,43.153799855000045]},"properties":{"OBJECTID_12":110,"COUNTY":"Cerro Gordo","DISTRICT_CODE":"MC W2P1","PRECINCT":"Mason City W2 P1","POLLING_PLACE":"CERRO GORDO CO COURTHOUSE BOARDROOM","ADDR_LINE_1":"220 N WASHINGTON AVE","CITY_1":"MASON CITY","ZIP":"50401","House_Dist":53,"Senate_Dis":"27","Congressio":"4","SOSID_NEW":"17_MC W2P1"}},{"type":"Feature","id":111,"geometry":{"type":"Point","coordinates":[-93.22104802099994,43.150679757000034]},"properties":{"OBJECTID_12":111,"COUNTY":"Cerro Gordo","DISTRICT_CODE":"MC W2P2","PRECINCT":"Mason City W2 P2","POLLING_PLACE":"FIRST PRESBYTERIAN CHURCH","ADDR_LINE_1":"100 S PIERCE AVE","CITY_1":"MASON CITY","ZIP":"50401","House_Dist":53,"Senate_Dis":"27","Congressio":"4","SOSID_NEW":"17_MC W2P2"}},{"type":"Feature","id":112,"geometry":{"type":"Point","coordinates":[-93.20544053799995,43.16451681500007]},"properties":{"OBJECTID_12":112,"COUNTY":"Cerro Gordo","DISTRICT_CODE":"MC W2P3","PRECINCT":"Mason City W2 P3","POLLING_PLACE":"GRACE METHODIST CHURCH","ADDR_LINE_1":"200 14TH ST NW","CITY_1":"MASON CITY","ZIP":"50401","House_Dist":53,"Senate_Dis":"27","Congressio":"4","SOSID_NEW":"17_MC W2P3"}},{"type":"Feature","id":113,"geometry":{"type":"Point","coordinates":[-93.1958902639999,43.15090703300007]},"properties":{"OBJECTID_12":113,"COUNTY":"Cerro Gordo","DISTRICT_CODE":"MC W3P1","PRECINCT":"Mason City W3 P1","POLLING_PLACE":"MASONIC TEMPLE","ADDR_LINE_1":"304 1ST ST SE","CITY_1":"MASON CITY","ZIP":"50401","House_Dist":53,"Senate_Dis":"27","Congressio":"4","SOSID_NEW":"17_MC W3P1"}},{"type":"Feature","id":114,"geometry":{"type":"Point","coordinates":[-93.17703330899991,43.14730907200004]},"properties":{"OBJECTID_12":114,"COUNTY":"Cerro Gordo","DISTRICT_CODE":"MC W3P3","PRECINCT":"Mason City W3 P3","POLLING_PLACE":"FIRST COVENANT CHURCH","ADDR_LINE_1":"411 S OHIO AVE","CITY_1":"MASON CITY","ZIP":"50401","House_Dist":53,"Senate_Dis":"27","Congressio":"4","SOSID_NEW":"17_MC W3P3"}},{"type":"Feature","id":115,"geometry":{"type":"Point","coordinates":[-93.19839263499995,43.13796859200005]},"properties":{"OBJECTID_12":115,"COUNTY":"Cerro Gordo","DISTRICT_CODE":"MC W3P2","PRECINCT":"Mason City W3 P2","POLLING_PLACE":"WESLEY UNITED METHODIST CHURCH","ADDR_LINE_1":"1405 S PENNSYLVANIA AVE","CITY_1":"MASON CITY","ZIP":"50401","House_Dist":53,"Senate_Dis":"27","Congressio":"4","SOSID_NEW":"17_MC W3P2"}},{"type":"Feature","id":116,"geometry":{"type":"Point","coordinates":[-93.21025063999991,43.14627175900006]},"properties":{"OBJECTID_12":116,"COUNTY":"Cerro Gordo","DISTRICT_CODE":"MC W4P1","PRECINCT":"Mason City W4 P1","POLLING_PLACE":"NORTH IA AREA COUNCIL OF GOVERNMENTS","ADDR_LINE_1":"525 6TH ST SW","CITY_1":"MASON CITY","ZIP":"50401","House_Dist":53,"Senate_Dis":"27","Congressio":"4","SOSID_NEW":"17_MC W4P1"}},{"type":"Feature","id":117,"geometry":{"type":"Point","coordinates":[-93.20667079299994,43.13375894700005]},"properties":{"OBJECTID_12":117,"COUNTY":"Cerro Gordo","DISTRICT_CODE":"MC W4P2","PRECINCT":"Mason City W4 P2","POLLING_PLACE":"ROLLING ACRES CR CHURCH","ADDR_LINE_1":"340 19TH ST SW","CITY_1":"MASON CITY","ZIP":"50401","House_Dist":53,"Senate_Dis":"27","Congressio":"4","SOSID_NEW":"17_MC W4P2"}},{"type":"Feature","id":118,"geometry":{"type":"Point","coordinates":[-93.20117698799993,43.126011765000044]},"properties":{"OBJECTID_12":118,"COUNTY":"Cerro Gordo","DISTRICT_CODE":"MSB","PRECINCT":"Mason S/Bath Twps Precinct","POLLING_PLACE":"CERRO GORDO COUNTY ENG BLDG","ADDR_LINE_1":"2716 S FEDERAL","CITY_1":"MASON CITY","ZIP":"50401","House_Dist":53,"Senate_Dis":"27","Congressio":"4","SOSID_NEW":"17_MSB"}},{"type":"Feature","id":119,"geometry":{"type":"Point","coordinates":[-93.23869982699995,43.13381234600007]},"properties":{"OBJECTID_12":119,"COUNTY":"Cerro Gordo","DISTRICT_CODE":"MC W4P3","PRECINCT":"Mason City W4 P3","POLLING_PLACE":"NEWMAN CATHOLIC HIGH SCHOOL","ADDR_LINE_1":"2445 19TH ST SW","CITY_1":"MASON CITY","ZIP":"50401","House_Dist":53,"Senate_Dis":"27","Congressio":"4","SOSID_NEW":"17_MC W4P3"}},{"type":"Feature","id":120,"geometry":{"type":"Point","coordinates":[-93.1894134669999,42.985929954000085]},"properties":{"OBJECTID_12":120,"COUNTY":"Cerro Gordo","DISTRICT_CODE":"GN","PRECINCT":"Geneseo Township Precinct","POLLING_PLACE":"ROCKWELL COMMUNITY CENTER","ADDR_LINE_1":"114 3RD ST N","CITY_1":"ROCKWELL","ZIP":"50469","House_Dist":53,"Senate_Dis":"27","Congressio":"4","SOSID_NEW":"17_GN"}},{"type":"Feature","id":121,"geometry":{"type":"Point","coordinates":[-93.19475062599992,43.18406236900006]},"properties":{"OBJECTID_12":121,"COUNTY":"Cerro Gordo","DISTRICT_CODE":"LCN","PRECINCT":"Lime Creek/Mason North Twps Pct","POLLING_PLACE":"LIME CREEK NATURE CENTER","ADDR_LINE_1":"3501 LIME CREEK RD","CITY_1":"MASON CITY","ZIP":"50401","House_Dist":53,"Senate_Dis":"27","Congressio":"4","SOSID_NEW":"17_LCN"}},{"type":"Feature","id":122,"geometry":{"type":"Point","coordinates":[-93.19782269599995,43.15388960000007]},"properties":{"OBJECTID_12":122,"COUNTY":"Cerro Gordo","DISTRICT_CODE":"MC W1P1","PRECINCT":"Mason City W1 P1","POLLING_PLACE":"TRINITY LUTHERAN CHURCH","ADDR_LINE_1":"213 N PENNSYLVANIA AVE","CITY_1":"MASON CITY ","ZIP":"50401","House_Dist":53,"Senate_Dis":"27","Congressio":"4","SOSID_NEW":"17_MC W1P1"}},{"type":"Feature","id":123,"geometry":{"type":"Point","coordinates":[-92.81226971899991,42.89077687000008]},"properties":{"OBJECTID_12":123,"COUNTY":"Butler","DISTRICT_CODE":"1-GR","PRECINCT":"1-GR","POLLING_PLACE":"GREENE COMMUNITY CENTER","ADDR_LINE_1":"202 W SOUTH ST","CITY_1":"GREENE","ZIP":"50636","House_Dist":54,"Senate_Dis":"27","Congressio":"4","SOSID_NEW":"12_1-GR"}},{"type":"Feature","id":124,"geometry":{"type":"Point","coordinates":[-92.66737105999994,42.783751797000036]},"properties":{"OBJECTID_12":124,"COUNTY":"Butler","DISTRICT_CODE":"2-CL","PRECINCT":"2-CL","POLLING_PLACE":"CLARKSVILLE AMVET BUILDING","ADDR_LINE_1":"102 E GREENE ST","CITY_1":"CLARKSVILLE","ZIP":"50619","House_Dist":54,"Senate_Dis":"27","Congressio":"4","SOSID_NEW":"12_2-CL"}},{"type":"Feature","id":125,"geometry":{"type":"Point","coordinates":[-92.97295556199992,42.74962740800004]},"properties":{"OBJECTID_12":125,"COUNTY":"Butler","DISTRICT_CODE":"3-DU","PRECINCT":"3-DU","POLLING_PLACE":"AMERICAN LEGION HALL, DUMONT","ADDR_LINE_1":"508 MAIN ST","CITY_1":"DUMONT","ZIP":"50625","House_Dist":54,"Senate_Dis":"27","Congressio":"4","SOSID_NEW":"12_3-DU"}},{"type":"Feature","id":126,"geometry":{"type":"Point","coordinates":[-92.7941703539999,42.755586996000034]},"properties":{"OBJECTID_12":126,"COUNTY":"Butler","DISTRICT_CODE":"4-AL","PRECINCT":"4-AL","POLLING_PLACE":"LOWER LEVEL, COURTHOUSE","ADDR_LINE_1":"428 6TH ST","CITY_1":"ALLISON","ZIP":"50602","House_Dist":54,"Senate_Dis":"27","Congressio":"4","SOSID_NEW":"12_4-AL"}},{"type":"Feature","id":127,"geometry":{"type":"Point","coordinates":[-93.47900842899992,43.12663075000006]},"properties":{"OBJECTID_12":127,"COUNTY":"Cerro Gordo","DISTRICT_CODE":"CL","PRECINCT":"Clear Lake/Grant/Union Townships Pct","POLLING_PLACE":"VENTURA COMMUNITY CENTER","ADDR_LINE_1":"4 N WEIMER","CITY_1":"VENTURA","ZIP":"50482","House_Dist":54,"Senate_Dis":"27","Congressio":"4","SOSID_NEW":"17_CL"}},{"type":"Feature","id":128,"geometry":{"type":"Point","coordinates":[-93.47817347199992,42.91231918400007]},"properties":{"OBJECTID_12":128,"COUNTY":"Cerro Gordo","DISTRICT_CODE":"GMW","PRECINCT":"Grimes Township/Meservey Precinct","POLLING_PLACE":"MESERVEY CITY HALL","ADDR_LINE_1":"428 1ST ST","CITY_1":"MESERVEY","ZIP":"50457","House_Dist":54,"Senate_Dis":"27","Congressio":"4","SOSID_NEW":"17_GMW"}},{"type":"Feature","id":129,"geometry":{"type":"Point","coordinates":[-93.38359220599995,42.94350075400007]},"properties":{"OBJECTID_12":129,"COUNTY":"Cerro Gordo","DISTRICT_CODE":"GME","PRECINCT":"Grimes Township/Thornton Precinct","POLLING_PLACE":"THORNTON CITY HALL","ADDR_LINE_1":"404 MAIN ST","CITY_1":"THORNTON","ZIP":"50479","House_Dist":54,"Senate_Dis":"27","Congressio":"4","SOSID_NEW":"17_GME"}},{"type":"Feature","id":130,"geometry":{"type":"Point","coordinates":[-93.30841248899992,43.14836797600009]},"properties":{"OBJECTID_12":130,"COUNTY":"Cerro Gordo","DISTRICT_CODE":"LK","PRECINCT":"Lake/Lincoln Townships Precinct","POLLING_PLACE":"AREA EDUCATION AGENCY FEDERAL ROOM","ADDR_LINE_1":"9184B 265TH ST","CITY_1":"CLEAR LAKE","ZIP":"50428","House_Dist":54,"Senate_Dis":"27","Congressio":"4","SOSID_NEW":"17_LK"}},{"type":"Feature","id":131,"geometry":{"type":"Point","coordinates":[-93.3154003919999,42.97845663800007]},"properties":{"OBJECTID_12":131,"COUNTY":"Cerro Gordo","DISTRICT_CODE":"MV","PRECINCT":"Mt Vernon/Pl Valley Townships Precinct","POLLING_PLACE":"SWALEDALE CITY HALL","ADDR_LINE_1":"402 MAIN ST","CITY_1":"SWALEDALE","ZIP":"50477","House_Dist":54,"Senate_Dis":"27","Congressio":"4","SOSID_NEW":"17_MV"}},{"type":"Feature","id":132,"geometry":{"type":"Point","coordinates":[-93.38219869599993,43.13769236300004]},"properties":{"OBJECTID_12":132,"COUNTY":"Cerro Gordo","DISTRICT_CODE":"CL1","PRECINCT":"Clear Lake Ward 1","POLLING_PLACE":"ZION LUTHERAN CHURCH","ADDR_LINE_1":"112 N 4TH ST","CITY_1":"CLEAR LAKE","ZIP":"50428","House_Dist":54,"Senate_Dis":"27","Congressio":"4","SOSID_NEW":"17_CL1"}},{"type":"Feature","id":133,"geometry":{"type":"Point","coordinates":[-93.37915818099992,43.137870983000084]},"properties":{"OBJECTID_12":133,"COUNTY":"Cerro Gordo","DISTRICT_CODE":"CL2","PRECINCT":"Clear Lake Ward 2","POLLING_PLACE":"CLEAR LAKE CITY HALL","ADDR_LINE_1":"15 N 6TH ST","CITY_1":"CLEAR LAKE","ZIP":"50428","House_Dist":54,"Senate_Dis":"27","Congressio":"4","SOSID_NEW":"17_CL2"}},{"type":"Feature","id":134,"geometry":{"type":"Point","coordinates":[-93.36315059599991,43.147686700000065]},"properties":{"OBJECTID_12":134,"COUNTY":"Cerro Gordo","DISTRICT_CODE":"CL3","PRECINCT":"Clear Lake Ward 3","POLLING_PLACE":"CLEAR LAKE CHURCH OF CHRIST","ADDR_LINE_1":"2010 14TH AVE N","CITY_1":"CLEAR LAKE","ZIP":"50428","House_Dist":54,"Senate_Dis":"27","Congressio":"4","SOSID_NEW":"17_CL3"}},{"type":"Feature","id":135,"geometry":{"type":"Point","coordinates":[-93.1043560789999,42.75652766300004]},"properties":{"OBJECTID_12":135,"COUNTY":"Franklin","DISTRICT_CODE":"GNIGEM","PRECINCT":"Geneva/Ingham/East Mott","POLLING_PLACE":"HANSELL COMMUNITY CENTER","ADDR_LINE_1":"1471 TIMBER AVE","CITY_1":"HANSELL","ZIP":"50441","House_Dist":54,"Senate_Dis":"27","Congressio":"4","SOSID_NEW":"35_GNIGEM"}},{"type":"Feature","id":136,"geometry":{"type":"Point","coordinates":[-93.24459920899994,42.63254532500008]},"properties":{"OBJECTID_12":136,"COUNTY":"Franklin","DISTRICT_CODE":"GROC","PRECINCT":"Grant/Osceola","POLLING_PLACE":"BRADFORD COMMUNITY CENTER","ADDR_LINE_1":"302 MAIN ST","CITY_1":"BRADFORD","ZIP":"50041","House_Dist":54,"Senate_Dis":"27","Congressio":"4","SOSID_NEW":"35_GROC"}},{"type":"Feature","id":137,"geometry":{"type":"Point","coordinates":[-93.21356771099994,42.74048884600006]},"properties":{"OBJECTID_12":137,"COUNTY":"Franklin","DISTRICT_CODE":"HP1","PRECINCT":"Hampton 1","POLLING_PLACE":"FRANKLIN CO LAW ENF CTR - HP1","ADDR_LINE_1":"105 5TH ST SW","CITY_1":"HAMPTON","ZIP":"50441","House_Dist":54,"Senate_Dis":"27","Congressio":"4","SOSID_NEW":"35_HP1"}},{"type":"Feature","id":138,"geometry":{"type":"Point","coordinates":[-93.21356771099994,42.74048884600006]},"properties":{"OBJECTID_12":138,"COUNTY":"Franklin","DISTRICT_CODE":"HP2","PRECINCT":"Hampton 2","POLLING_PLACE":"FRANKLIN CO LAW ENF CTR - HP2","ADDR_LINE_1":"105 5TH ST SW","CITY_1":"HAMPTON","ZIP":"50441","House_Dist":54,"Senate_Dis":"27","Congressio":"4","SOSID_NEW":"35_HP2"}},{"type":"Feature","id":139,"geometry":{"type":"Point","coordinates":[-93.21029026699995,42.74358679900007]},"properties":{"OBJECTID_12":139,"COUNTY":"Franklin","DISTRICT_CODE":"HP4","PRECINCT":"Hampton 4","POLLING_PLACE":"HAMPTON FIRE STATION","ADDR_LINE_1":"203 2ND AVE NW","CITY_1":"HAMPTON","ZIP":"50441","House_Dist":54,"Senate_Dis":"27","Congressio":"4","SOSID_NEW":"35_HP4"}},{"type":"Feature","id":140,"geometry":{"type":"Point","coordinates":[-93.20809092999991,42.742671865000034]},"properties":{"OBJECTID_12":140,"COUNTY":"Franklin","DISTRICT_CODE":"WMO","PRECINCT":"West Mott","POLLING_PLACE":"FRANKLIN COUNTY COURTHOUSE","ADDR_LINE_1":"12 1ST AVE NW","CITY_1":"HAMPTON","ZIP":"50441","House_Dist":54,"Senate_Dis":"27","Congressio":"4","SOSID_NEW":"35_WMO"}},{"type":"Feature","id":141,"geometry":{"type":"Point","coordinates":[-93.20718291199995,42.75540165700005]},"properties":{"OBJECTID_12":141,"COUNTY":"Franklin","DISTRICT_CODE":"HP3","PRECINCT":"Hampton 3","POLLING_PLACE":"ST PAT'S CATHOLIC CHURCH - HP3","ADDR_LINE_1":"1405 N FEDERAL","CITY_1":"HAMPTON","ZIP":"50441","House_Dist":54,"Senate_Dis":"27","Congressio":"4","SOSID_NEW":"35_HP3"}},{"type":"Feature","id":142,"geometry":{"type":"Point","coordinates":[-93.2032178899999,42.679699964000065]},"properties":{"OBJECTID_12":142,"COUNTY":"Franklin","DISTRICT_CODE":"HLLERV","PRECINCT":"Hamilton/Lee/Reeve","POLLING_PLACE":"MAYNES GROVE SHELTER","ADDR_LINE_1":"948 HWY 65","CITY_1":"HAMPTON","ZIP":"50441","House_Dist":54,"Senate_Dis":"27","Congressio":"4","SOSID_NEW":"35_HLLERV"}},{"type":"Feature","id":143,"geometry":{"type":"Point","coordinates":[-93.3682188969999,42.76358066900008]},"properties":{"OBJECTID_12":143,"COUNTY":"Franklin","DISTRICT_CODE":"MA","PRECINCT":"Marion","POLLING_PLACE":"LATIMER COMMUNITY CENTER","ADDR_LINE_1":"104 N AKIR","CITY_1":"LATIMER","ZIP":"50452","House_Dist":54,"Senate_Dis":"27","Congressio":"4","SOSID_NEW":"35_MA"}},{"type":"Feature","id":144,"geometry":{"type":"Point","coordinates":[-93.36997821499995,42.736399034000044]},"properties":{"OBJECTID_12":144,"COUNTY":"Franklin","DISTRICT_CODE":"OKMG","PRECINCT":"Oakland/Morgan","POLLING_PLACE":"COULTER COMMUNITY CENTER","ADDR_LINE_1":"109 MAIN ST","CITY_1":"COULTER","ZIP":"50431","House_Dist":54,"Senate_Dis":"27","Congressio":"4","SOSID_NEW":"35_OKMG"}},{"type":"Feature","id":145,"geometry":{"type":"Point","coordinates":[-93.21534208899993,42.89344195600006]},"properties":{"OBJECTID_12":145,"COUNTY":"Franklin","DISTRICT_CODE":"RLRSWF","PRECINCT":"Richland/Ross/West Fork","POLLING_PLACE":"SHEFFIELD EMS BUILDING","ADDR_LINE_1":"111 N 3RD ST","CITY_1":"SHEFFIELD","ZIP":"50475","House_Dist":54,"Senate_Dis":"27","Congressio":"4","SOSID_NEW":"35_RLRSWF"}},{"type":"Feature","id":146,"geometry":{"type":"Point","coordinates":[-93.47661237999995,42.80617673200004]},"properties":{"OBJECTID_12":146,"COUNTY":"Franklin","DISTRICT_CODE":"WRSC","PRECINCT":"Wisner/Scott","POLLING_PLACE":"ALEXANDER PUBLIC LIBRARY","ADDR_LINE_1":"409 HARRIMAN","CITY_1":"ALEXANDER","ZIP":"50420","House_Dist":54,"Senate_Dis":"27","Congressio":"4","SOSID_NEW":"35_WRSC"}},{"type":"Feature","id":147,"geometry":{"type":"Point","coordinates":[-93.59929171599993,43.18418972200004]},"properties":{"OBJECTID_12":147,"COUNTY":"Hancock","DISTRICT_CODE":"01","PRECINCT":"01","POLLING_PLACE":"FAITH LUTHERAN CHURCH","ADDR_LINE_1":"1985 290TH ST","CITY_1":"GARNER","ZIP":"50438","House_Dist":8,"Senate_Dis":"4","Congressio":"4","SOSID_NEW":"41_01"}},{"type":"Feature","id":148,"geometry":{"type":"Point","coordinates":[-93.79013561799991,43.22209134900004]},"properties":{"OBJECTID_12":148,"COUNTY":"Hancock","DISTRICT_CODE":"02","PRECINCT":"02","POLLING_PLACE":"CRYSTAL LAKE TOWN HALL","ADDR_LINE_1":"225 S STATE AVE","CITY_1":"CRYSTAL LAKE","ZIP":"50432","House_Dist":8,"Senate_Dis":"4","Congressio":"4","SOSID_NEW":"41_02"}},{"type":"Feature","id":149,"geometry":{"type":"Point","coordinates":[-93.91005855999992,43.23259296500004]},"properties":{"OBJECTID_12":149,"COUNTY":"Hancock","DISTRICT_CODE":"03","PRECINCT":"03","POLLING_PLACE":"WODEN COMMUNITY CENTER","ADDR_LINE_1":"208 MAIN ST","CITY_1":"WODEN","ZIP":"50484","House_Dist":8,"Senate_Dis":"4","Congressio":"4","SOSID_NEW":"41_03"}},{"type":"Feature","id":150,"geometry":{"type":"Point","coordinates":[-93.80181182699994,43.09537947800004]},"properties":{"OBJECTID_12":150,"COUNTY":"Hancock","DISTRICT_CODE":"04","PRECINCT":"04","POLLING_PLACE":"BRITT MUNICIPAL BUILDING","ADDR_LINE_1":"170 MAIN AVE S","CITY_1":"BRITT","ZIP":"50423","House_Dist":8,"Senate_Dis":"4","Congressio":"4","SOSID_NEW":"41_04"}},{"type":"Feature","id":151,"geometry":{"type":"Point","coordinates":[-93.59294318299993,43.10637460800007]},"properties":{"OBJECTID_12":151,"COUNTY":"Hancock","DISTRICT_CODE":"05","PRECINCT":"05","POLLING_PLACE":"DUNCAN HEIGHTS CARE FACILITY","ADDR_LINE_1":"1465 HWY 18","CITY_1":"GARNER","ZIP":"50438","House_Dist":8,"Senate_Dis":"4","Congressio":"4","SOSID_NEW":"41_05"}},{"type":"Feature","id":152,"geometry":{"type":"Point","coordinates":[-93.60208130799992,43.101242219000085]},"properties":{"OBJECTID_12":152,"COUNTY":"Hancock","DISTRICT_CODE":"06","PRECINCT":"06","POLLING_PLACE":"GARNER PUBLIC LIBRARY","ADDR_LINE_1":"416 STATE ST","CITY_1":"GARNER","ZIP":"50438","House_Dist":8,"Senate_Dis":"4","Congressio":"4","SOSID_NEW":"41_06"}},{"type":"Feature","id":153,"geometry":{"type":"Point","coordinates":[-93.6061317789999,43.00686909500007]},"properties":{"OBJECTID_12":153,"COUNTY":"Hancock","DISTRICT_CODE":"07","PRECINCT":"07","POLLING_PLACE":"KLEMME CITY HALL","ADDR_LINE_1":"204 E MAIN ST","CITY_1":"KLEMME","ZIP":"50449","House_Dist":8,"Senate_Dis":"4","Congressio":"4","SOSID_NEW":"41_07"}},{"type":"Feature","id":154,"geometry":{"type":"Point","coordinates":[-93.95519748899994,42.99526896500004]},"properties":{"OBJECTID_12":154,"COUNTY":"Hancock","DISTRICT_CODE":"08","PRECINCT":"08","POLLING_PLACE":"CORWITH COMMUNITY CENTER","ADDR_LINE_1":"110 WAYNE ST","CITY_1":"CORWITH","ZIP":"50430","House_Dist":8,"Senate_Dis":"4","Congressio":"4","SOSID_NEW":"41_08"}},{"type":"Feature","id":155,"geometry":{"type":"Point","coordinates":[-93.79319547299991,42.93966076900006]},"properties":{"OBJECTID_12":155,"COUNTY":"Hancock","DISTRICT_CODE":"09","PRECINCT":"09","POLLING_PLACE":"KANAWHA CITY HALL","ADDR_LINE_1":"121 N MAIN ST","CITY_1":"KANAWHA","ZIP":"50447","House_Dist":8,"Senate_Dis":"4","Congressio":"4","SOSID_NEW":"41_09"}},{"type":"Feature","id":156,"geometry":{"type":"Point","coordinates":[-93.61305067799992,42.92415041900006]},"properties":{"OBJECTID_12":156,"COUNTY":"Hancock","DISTRICT_CODE":"10","PRECINCT":"10","POLLING_PLACE":"GOODELL COMMUNITY CENTER","ADDR_LINE_1":"315 BROADWAY ST","CITY_1":"GOODELL","ZIP":"50439","House_Dist":8,"Senate_Dis":"4","Congressio":"4","SOSID_NEW":"41_10"}},{"type":"Feature","id":157,"geometry":{"type":"Point","coordinates":[-94.48030887399995,43.39565932000005]},"properties":{"OBJECTID_12":157,"COUNTY":"Emmet","DISTRICT_CODE":"1","PRECINCT":"AG-IL-ARMSTRONG","POLLING_PLACE":"ARMSTRONG COMMUNITY CENTER","ADDR_LINE_1":"519 6TH ST","CITY_1":"ARMSTRONG","ZIP":"50514","House_Dist":7,"Senate_Dis":"4","Congressio":"4","SOSID_NEW":"32_1"}},{"type":"Feature","id":158,"geometry":{"type":"Point","coordinates":[-94.7066202979999,43.39355672100004]},"properties":{"OBJECTID_12":158,"COUNTY":"Emmet","DISTRICT_CODE":"2","PRECINCT":"CN-SL-GRUVER","POLLING_PLACE":"GRUVER CITY HALL","ADDR_LINE_1":"201 1ST AVE","CITY_1":"GRUVER ","ZIP":"51334","House_Dist":7,"Senate_Dis":"4","Congressio":"4","SOSID_NEW":"32_2"}},{"type":"Feature","id":159,"geometry":{"type":"Point","coordinates":[-94.50918813899995,43.29549333300008]},"properties":{"OBJECTID_12":159,"COUNTY":"Emmet","DISTRICT_CODE":"3","PRECINCT":"DM-JC-RINGSTED","POLLING_PLACE":"RINGSTED PUBLIC LIBRARY","ADDR_LINE_1":"8 WEST MAPLE ST","CITY_1":"RINGSTED","ZIP":"50578","House_Dist":7,"Senate_Dis":"4","Congressio":"4","SOSID_NEW":"32_3"}},{"type":"Feature","id":160,"geometry":{"type":"Point","coordinates":[-94.61504638899993,43.46638705500004]},"properties":{"OBJECTID_12":160,"COUNTY":"Emmet","DISTRICT_CODE":"4","PRECINCT":"EL-LN-DOLLIVER","POLLING_PLACE":"DOLLIVER CITY BLDG","ADDR_LINE_1":"5017 SHAFTER ST","CITY_1":"DOLLIVER","ZIP":"50531","House_Dist":7,"Senate_Dis":"4","Congressio":"4","SOSID_NEW":"32_4"}},{"type":"Feature","id":161,"geometry":{"type":"Point","coordinates":[-94.79411008499994,43.31972217100008]},"properties":{"OBJECTID_12":161,"COUNTY":"Emmet","DISTRICT_CODE":"11","PRECINCT":"HL-TM-WALLINGFORD","POLLING_PLACE":"WALLINGFORD COMMUNITY CENTER","ADDR_LINE_1":"42 ST JAMES AVE","CITY_1":"WALLINGFORD","ZIP":"51365","House_Dist":7,"Senate_Dis":"4","Congressio":"4","SOSID_NEW":"32_11"}},{"type":"Feature","id":162,"geometry":{"type":"Point","coordinates":[-94.8254882249999,43.41108847900006]},"properties":{"OBJECTID_12":162,"COUNTY":"Emmet","DISTRICT_CODE":"6","PRECINCT":"E'VILLE-WARD 1","POLLING_PLACE":"REDEEMER LUTHERAN CHURCH","ADDR_LINE_1":"1215 N 15TH ST","CITY_1":"ESTHERVILLE  ","ZIP":"51334","House_Dist":7,"Senate_Dis":"4","Congressio":"4","SOSID_NEW":"32_6"}},{"type":"Feature","id":163,"geometry":{"type":"Point","coordinates":[-94.8382308589999,43.402936829000055]},"properties":{"OBJECTID_12":163,"COUNTY":"Emmet","DISTRICT_CODE":"7","PRECINCT":"E'VILLE-WARD 2","POLLING_PLACE":"FARM BUREAU OFFICE","ADDR_LINE_1":"421 1ST AVE N","CITY_1":"ESTHERVILLE","ZIP":"51334","House_Dist":7,"Senate_Dis":"4","Congressio":"4","SOSID_NEW":"32_7"}},{"type":"Feature","id":164,"geometry":{"type":"Point","coordinates":[-94.83601054299993,43.40297645700008]},"properties":{"OBJECTID_12":164,"COUNTY":"Emmet","DISTRICT_CODE":"5","PRECINCT":"EM-ES","POLLING_PLACE":"COURTHOUSE - BOARDROOM","ADDR_LINE_1":"609 1ST AVE N","CITY_1":"ESTHERVILLE","ZIP":"51334","House_Dist":7,"Senate_Dis":"4","Congressio":"4","SOSID_NEW":"32_5"}},{"type":"Feature","id":165,"geometry":{"type":"Point","coordinates":[-94.83601054299993,43.40297645700008]},"properties":{"OBJECTID_12":165,"COUNTY":"Emmet","DISTRICT_CODE":"8","PRECINCT":"E'VILLE-WARD 3","POLLING_PLACE":"COURTHOUSE - ALL PURPOSE ROOM","ADDR_LINE_1":"609 1ST AVE N","CITY_1":"ESTHERVILLE","ZIP":"51334","House_Dist":7,"Senate_Dis":"4","Congressio":"4","SOSID_NEW":"32_8"}},{"type":"Feature","id":166,"geometry":{"type":"Point","coordinates":[-94.8379779409999,43.401009059000046]},"properties":{"OBJECTID_12":166,"COUNTY":"Emmet","DISTRICT_CODE":"9","PRECINCT":"E'VILLE-WARD 4","POLLING_PLACE":"ESTHERVILLE FIRE STATION","ADDR_LINE_1":"27 S 5TH ST\r\n","CITY_1":"ESTHERVILLE","ZIP":"51334","House_Dist":7,"Senate_Dis":"4","Congressio":"4","SOSID_NEW":"32_9"}},{"type":"Feature","id":167,"geometry":{"type":"Point","coordinates":[-94.81604116699992,43.401682761000075]},"properties":{"OBJECTID_12":167,"COUNTY":"Emmet","DISTRICT_CODE":"10","PRECINCT":"E'VILLE-WARD 5","POLLING_PLACE":"MASONIC HALL","ADDR_LINE_1":"2003 E CENTRAL AVE","CITY_1":"ESTHERVILLE","ZIP":"51334","House_Dist":7,"Senate_Dis":"4","Congressio":"4","SOSID_NEW":"32_10"}},{"type":"Feature","id":168,"geometry":{"type":"Point","coordinates":[-94.68402936099994,42.55089668200009]},"properties":{"OBJECTID_12":168,"COUNTY":"Calhoun","DISTRICT_CODE":"BUWM","PRECINCT":"Butler Williams","POLLING_PLACE":"POMEROY COMMUNITY BUILDING","ADDR_LINE_1":"109 S ONTARIO ST","CITY_1":"POMEROY","ZIP":"50575","House_Dist":10,"Senate_Dis":"5","Congressio":"4","SOSID_NEW":"13_BUWM"}},{"type":"Feature","id":169,"geometry":{"type":"Point","coordinates":[-94.7328911269999,42.26829691100005]},"properties":{"OBJECTID_12":169,"COUNTY":"Calhoun","DISTRICT_CODE":"CHJEGLK","PRECINCT":"Calhoun Jackson Elm Grove & Lake City","POLLING_PLACE":"LAKE CITY COMMUNITY BUILDING","ADDR_LINE_1":"126 E WASHINGTON ST","CITY_1":"LAKE CTIY","ZIP":"51449","House_Dist":10,"Senate_Dis":"5","Congressio":"4","SOSID_NEW":"13_CHJEGLK"}},{"type":"Feature","id":170,"geometry":{"type":"Point","coordinates":[-94.43033128699994,42.37730682400007]},"properties":{"OBJECTID_12":170,"COUNTY":"Calhoun","DISTRICT_CODE":"CEDAR","PRECINCT":"Cedar","POLLING_PLACE":"SOMERS COMMUNITY BUILDING","ADDR_LINE_1":"702 6TH AVE","CITY_1":"SOMERS","ZIP":"50586","House_Dist":10,"Senate_Dis":"5","Congressio":"4","SOSID_NEW":"13_CEDAR"}},{"type":"Feature","id":171,"geometry":{"type":"Point","coordinates":[-94.45706695399991,42.454718590000084]},"properties":{"OBJECTID_12":171,"COUNTY":"Calhoun","DISTRICT_CODE":"GREENFI","PRECINCT":"Greenfield & Lincoln 2","POLLING_PLACE":"KNIERIM CITY HALL","ADDR_LINE_1":"211 CENTER AVE","CITY_1":"KNIERIM","ZIP":"50552","House_Dist":10,"Senate_Dis":"5","Congressio":"4","SOSID_NEW":"13_GREENFI"}},{"type":"Feature","id":172,"geometry":{"type":"Point","coordinates":[-94.53291483499993,42.52801405000008]},"properties":{"OBJECTID_12":172,"COUNTY":"Calhoun","DISTRICT_CODE":"LINCOLN","PRECINCT":"Lincoln 1","POLLING_PLACE":"MANSON FIRE STATION","ADDR_LINE_1":"1222 9TH AVE","CITY_1":"MANSON","ZIP":"50563","House_Dist":10,"Senate_Dis":"5","Congressio":"4","SOSID_NEW":"13_LINCOLN"}},{"type":"Feature","id":173,"geometry":{"type":"Point","coordinates":[-94.40384374399991,42.28049990900007]},"properties":{"OBJECTID_12":173,"COUNTY":"Calhoun","DISTRICT_CODE":"READING","PRECINCT":"Reading","POLLING_PLACE":"HOLY TRINITY LUTHERAN CHURCH","ADDR_LINE_1":"805 GARFIELD AVE","CITY_1":"FARNHAMVILLE","ZIP":"50538","House_Dist":10,"Senate_Dis":"5","Congressio":"4","SOSID_NEW":"13_READING"}},{"type":"Feature","id":174,"geometry":{"type":"Point","coordinates":[-94.63348738999991,42.39494934900006]},"properties":{"OBJECTID_12":174,"COUNTY":"Calhoun","DISTRICT_CODE":"CNLGTGA","PRECINCT":"Center Logan Twin Lakes Garfield & Lake Creek","POLLING_PLACE":"COURTHOUSE BASEMENT NORTHWEST ROOM","ADDR_LINE_1":"416 FOURTH ST","CITY_1":"ROCKWELL CITY","ZIP":"50579","House_Dist":10,"Senate_Dis":"5","Congressio":"4","SOSID_NEW":"13_CNLGTGA"}},{"type":"Feature","id":175,"geometry":{"type":"Point","coordinates":[-94.63348738999991,42.39494934900006]},"properties":{"OBJECTID_12":175,"COUNTY":"Calhoun","DISTRICT_CODE":"ROCKWEL","PRECINCT":"Rockwell City","POLLING_PLACE":"ROCKWELL CITY COURTHOUSE","ADDR_LINE_1":"416 FOURTH ST","CITY_1":"ROCKWELL CITY","ZIP":"50579","House_Dist":10,"Senate_Dis":"5","Congressio":"4","SOSID_NEW":"13_ROCKWEL"}},{"type":"Feature","id":176,"geometry":{"type":"Point","coordinates":[-94.63606785299993,42.48388438200004]},"properties":{"OBJECTID_12":176,"COUNTY":"Calhoun","DISTRICT_CODE":"SHERMAN","PRECINCT":"Sherman","POLLING_PLACE":"TWIN LAKES CHRISTIAN CENTER","ADDR_LINE_1":"7718 TWIN LAKES RD","CITY_1":"MANSON","ZIP":"50563","House_Dist":10,"Senate_Dis":"5","Congressio":"4","SOSID_NEW":"13_SHERMAN"}},{"type":"Feature","id":177,"geometry":{"type":"Point","coordinates":[-94.5481172879999,42.27017802700004]},"properties":{"OBJECTID_12":177,"COUNTY":"Calhoun","DISTRICT_CODE":"UNION","PRECINCT":"Union","POLLING_PLACE":"LOHRVILLE JJ HANDS LIBRARY","ADDR_LINE_1":"609 2ND ST","CITY_1":"LOHRVILLE","ZIP":"51453","House_Dist":10,"Senate_Dis":"5","Congressio":"4","SOSID_NEW":"13_UNION"}},{"type":"Feature","id":178,"geometry":{"type":"Point","coordinates":[-94.22510951599992,42.716463762000046]},"properties":{"OBJECTID_12":178,"COUNTY":"Humboldt","DISTRICT_CODE":"H1-C-SW","PRECINCT":"H1-Corinth-South Weaver","POLLING_PLACE":"OUR SAVIOUR'S LUTHERAN CHURCH","ADDR_LINE_1":"1212 SUMNER AVE SW","CITY_1":"HUMBOLDT","ZIP":"50548","House_Dist":10,"Senate_Dis":"5","Congressio":"4","SOSID_NEW":"46_H1-C-SW"}},{"type":"Feature","id":179,"geometry":{"type":"Point","coordinates":[-94.21201329899992,42.728002900000035]},"properties":{"OBJECTID_12":179,"COUNTY":"Humboldt","DISTRICT_CODE":"H3-SR","PRECINCT":"H3-South Rutland","POLLING_PLACE":"HUMBOLDT COUNTY FAIRGROUNDS","ADDR_LINE_1":"311 6TH AVE N","CITY_1":"HUMBOLDT","ZIP":"50548","House_Dist":10,"Senate_Dis":"5","Congressio":"4","SOSID_NEW":"46_H3-SR"}},{"type":"Feature","id":180,"geometry":{"type":"Point","coordinates":[-94.44031027299991,42.73219931700004]},"properties":{"OBJECTID_12":180,"COUNTY":"Humboldt","DISTRICT_CODE":"A-NW","PRECINCT":"Avery-North Weaver","POLLING_PLACE":"FAITH UNITED METHODIST CHURCH","ADDR_LINE_1":"111 SE 2ND ST","CITY_1":"GILMORE CITY","ZIP":"50541","House_Dist":10,"Senate_Dis":"5","Congressio":"4","SOSID_NEW":"46_A-NW"}},{"type":"Feature","id":181,"geometry":{"type":"Point","coordinates":[-94.28745004699994,42.868554077000056]},"properties":{"OBJECTID_12":181,"COUNTY":"Humboldt","DISTRICT_CODE":"D-W-NR","PRECINCT":"Delana-Wacousta-North Rutland","POLLING_PLACE":"BODE CITY HALL","ADDR_LINE_1":"105 HUMBOLDT AVE","CITY_1":"BODE","ZIP":"50519","House_Dist":10,"Senate_Dis":"5","Congressio":"4","SOSID_NEW":"46_D-W-NR"}},{"type":"Feature","id":182,"geometry":{"type":"Point","coordinates":[-94.18504060299995,42.868431514000065]},"properties":{"OBJECTID_12":182,"COUNTY":"Humboldt","DISTRICT_CODE":"H-WV","PRECINCT":"Humboldt-West Vernon","POLLING_PLACE":"LIVERMORE CITY HALL","ADDR_LINE_1":"401 4TH AVE","CITY_1":"LIVERMORE","ZIP":"50558","House_Dist":10,"Senate_Dis":"5","Congressio":"4","SOSID_NEW":"46_H-WV"}},{"type":"Feature","id":183,"geometry":{"type":"Point","coordinates":[-93.9808402669999,42.82898680800008]},"properties":{"OBJECTID_12":183,"COUNTY":"Humboldt","DISTRICT_CODE":"NL-EV","PRECINCT":"North Lake-East Vernon","POLLING_PLACE":"UNITED METHODIST CHURCH, RENWICK","ADDR_LINE_1":"610 KELLING ST","CITY_1":"RENWICK","ZIP":"50577","House_Dist":10,"Senate_Dis":"5","Congressio":"4","SOSID_NEW":"46_NL-EV"}},{"type":"Feature","id":184,"geometry":{"type":"Point","coordinates":[-94.04965549799994,42.68815872300007]},"properties":{"OBJECTID_12":184,"COUNTY":"Humboldt","DISTRICT_CODE":"SL-NN","PRECINCT":"South Lake-North Norway","POLLING_PLACE":"ULLENSVANG LUTHERAN CHURCH","ADDR_LINE_1":"105 N ANN ST","CITY_1":"THOR","ZIP":"50591","House_Dist":10,"Senate_Dis":"5","Congressio":"4","SOSID_NEW":"46_SL-NN"}},{"type":"Feature","id":185,"geometry":{"type":"Point","coordinates":[-94.2012273499999,42.72063420500007]},"properties":{"OBJECTID_12":185,"COUNTY":"Humboldt","DISTRICT_CODE":"DC-GR","PRECINCT":"Dakota City-Grove","POLLING_PLACE":"DAKOTA CITY HALL","ADDR_LINE_1":"26 5TH ST S","CITY_1":"DAKOTA CITY","ZIP":"50529","House_Dist":10,"Senate_Dis":"5","Congressio":"4","SOSID_NEW":"46_DC-GR"}},{"type":"Feature","id":186,"geometry":{"type":"Point","coordinates":[-94.21444318599993,42.720281053000065]},"properties":{"OBJECTID_12":186,"COUNTY":"Humboldt","DISTRICT_CODE":"H2-B-SN","PRECINCT":"H2-Beaver-South Norway","POLLING_PLACE":"CITY COUNCIL CHAMBERS","ADDR_LINE_1":"29 5TH ST S","CITY_1":"HUMBOLDT","ZIP":"50548","House_Dist":10,"Senate_Dis":"5","Congressio":"4","SOSID_NEW":"46_H2-B-SN"}},{"type":"Feature","id":187,"geometry":{"type":"Point","coordinates":[-94.94789000999992,42.781651529000044]},"properties":{"OBJECTID_12":187,"COUNTY":"Buena Vista","DISTRICT_CODE":"ACFC","PRECINCT":"Albert City Fairfield Coon","POLLING_PLACE":"ALBERT CITY CITY HALL","ADDR_LINE_1":"121 MAIN ST","CITY_1":"ALBERT CITY","ZIP":"50510","House_Dist":11,"Senate_Dis":"6","Congressio":"4","SOSID_NEW":"11_ACFC"}},{"type":"Feature","id":188,"geometry":{"type":"Point","coordinates":[-95.1499137209999,42.89318949300008]},"properties":{"OBJECTID_12":188,"COUNTY":"Buena Vista","DISTRICT_CODE":"S-M-L-R","PRECINCT":"SRL;LGB;RELS;MAP","POLLING_PLACE":"AMERICAN LEGION BLDG","ADDR_LINE_1":"200 MAIN ST","CITY_1":"SIOUX RAPIDS","ZIP":"50585","House_Dist":11,"Senate_Dis":"6","Congressio":"4","SOSID_NEW":"11_S-M-L-R"}},{"type":"Feature","id":189,"geometry":{"type":"Point","coordinates":[-95.29916736299992,42.675819947000036]},"properties":{"OBJECTID_12":189,"COUNTY":"Buena Vista","DISTRICT_CODE":"ALNE","PRECINCT":"Alta Nokomis Elk","POLLING_PLACE":"ALTA COMMUNITY CENTER","ADDR_LINE_1":"27 LAKE ST","CITY_1":"ALTA","ZIP":"51002","House_Dist":11,"Senate_Dis":"6","Congressio":"4","SOSID_NEW":"11_ALNE"}},{"type":"Feature","id":190,"geometry":{"type":"Point","coordinates":[-95.01057519199992,42.60783164700007]},"properties":{"OBJECTID_12":190,"COUNTY":"Buena Vista","DISTRICT_CODE":"NENP","PRECINCT":"Newell Newell Providence","POLLING_PLACE":"DONS FARM SUPPLY MTG ROOM","ADDR_LINE_1":"167 WEST 1ST ST","CITY_1":"NEWELL","ZIP":"50568","House_Dist":11,"Senate_Dis":"6","Congressio":"4","SOSID_NEW":"11_NENP"}},{"type":"Feature","id":191,"geometry":{"type":"Point","coordinates":[-95.23983071999993,42.60435140200008]},"properties":{"OBJECTID_12":191,"COUNTY":"Buena Vista","DISTRICT_CODE":"LKHM","PRECINCT":"Lakeside Hayes Maple Valley","POLLING_PLACE":"STORM LAKE AIRPORT","ADDR_LINE_1":"850 630TH STREET","CITY_1":"STORM LAKE","ZIP":"50588","House_Dist":11,"Senate_Dis":"6","Congressio":"4","SOSID_NEW":"11_LKHM"}},{"type":"Feature","id":192,"geometry":{"type":"Point","coordinates":[-95.19678688699992,42.636041902000045]},"properties":{"OBJECTID_12":192,"COUNTY":"Buena Vista","DISTRICT_CODE":"04","PRECINCT":"Storm Lake 4","POLLING_PLACE":"CHAUTAUQUA SHELTER HOUSE","ADDR_LINE_1":"410 E LAKESHORE DR","CITY_1":"STORM LAKE","ZIP":"50588","House_Dist":11,"Senate_Dis":"6","Congressio":"4","SOSID_NEW":"11_04"}},{"type":"Feature","id":193,"geometry":{"type":"Point","coordinates":[-95.19966805299993,42.64510965100004]},"properties":{"OBJECTID_12":193,"COUNTY":"Buena Vista","DISTRICT_CODE":"02","PRECINCT":"Storm Lake 2","POLLING_PLACE":"STORM LAKE CITY HALL","ADDR_LINE_1":"620 ERIE ST","CITY_1":"STORM LAKE","ZIP":"50588","House_Dist":11,"Senate_Dis":"6","Congressio":"4","SOSID_NEW":"11_02"}},{"type":"Feature","id":194,"geometry":{"type":"Point","coordinates":[-95.19669601899994,42.647500842000056]},"properties":{"OBJECTID_12":194,"COUNTY":"Buena Vista","DISTRICT_CODE":"01","PRECINCT":"Storm Lake 1","POLLING_PLACE":"STORM LAKE FIRE STATION","ADDR_LINE_1":"401 E MILWAUKEE","CITY_1":"STORM LAKE","ZIP":"50588","House_Dist":11,"Senate_Dis":"6","Congressio":"4","SOSID_NEW":"11_01"}},{"type":"Feature","id":195,"geometry":{"type":"Point","coordinates":[-95.22380690499995,42.64432229200008]},"properties":{"OBJECTID_12":195,"COUNTY":"Buena Vista","DISTRICT_CODE":"03","PRECINCT":"Storm Lake 3","POLLING_PLACE":"ST MARK LUTHERAN CHURCH","ADDR_LINE_1":"1614 W 5TH ST","CITY_1":"STORM LAKE","ZIP":"50588","House_Dist":11,"Senate_Dis":"6","Congressio":"4","SOSID_NEW":"11_03"}},{"type":"Feature","id":196,"geometry":{"type":"Point","coordinates":[-95.22921282899995,42.651545654000074]},"properties":{"OBJECTID_12":196,"COUNTY":"Buena Vista","DISTRICT_CODE":"TRWG","PRECINCT":"Truesdale Washington Grant","POLLING_PLACE":"HOPE EVANGELICAL FREE CHURCH","ADDR_LINE_1":"2015 W MILWAUKEE AVE","CITY_1":"STORM LAKE","ZIP":"50588","House_Dist":11,"Senate_Dis":"6","Congressio":"4","SOSID_NEW":"11_TRWG"}},{"type":"Feature","id":197,"geometry":{"type":"Point","coordinates":[-94.92265710299995,41.71497303600006]},"properties":{"OBJECTID_12":197,"COUNTY":"Audubon","DISTRICT_CODE":"01","PRECINCT":"Precinct 1","POLLING_PLACE":"AHS ACTIVITY CENTER","ADDR_LINE_1":"800 3RD AVE","CITY_1":"AUDUBON","ZIP":"50025","House_Dist":12,"Senate_Dis":"6","Congressio":"4","SOSID_NEW":"5_01"}},{"type":"Feature","id":198,"geometry":{"type":"Point","coordinates":[-94.8762743289999,41.591274990000045]},"properties":{"OBJECTID_12":198,"COUNTY":"Audubon","DISTRICT_CODE":"02","PRECINCT":"Precinct 2","POLLING_PLACE":"EXIRA REC CENTER","ADDR_LINE_1":"106 N JEFFERSON","CITY_1":"EXIRA","ZIP":"50076","House_Dist":12,"Senate_Dis":"6","Congressio":"4","SOSID_NEW":"5_02"}},{"type":"Feature","id":199,"geometry":{"type":"Point","coordinates":[-95.23160026099993,41.88973434700006]},"properties":{"OBJECTID_12":199,"COUNTY":"Crawford","DISTRICT_CODE":"SE","PRECINCT":"Southeast Precinct","POLLING_PLACE":"MANILLA-FIRE HALL","ADDR_LINE_1":"549 MAIN ST","CITY_1":"MANILLA","ZIP":"51454","House_Dist":12,"Senate_Dis":"6","Congressio":"4","SOSID_NEW":"24_SE"}},{"type":"Feature","id":200,"geometry":{"type":"Point","coordinates":[-95.2000771509999,42.06120025700005]},"properties":{"OBJECTID_12":200,"COUNTY":"Crawford","DISTRICT_CODE":"NE","PRECINCT":"Northeast Precinct","POLLING_PLACE":"VAIL-COMMUNITY CTR","ADDR_LINE_1":"309 MAIN ST","CITY_1":"VAIL","ZIP":"51465","House_Dist":12,"Senate_Dis":"6","Congressio":"4","SOSID_NEW":"24_NE"}},{"type":"Feature","id":201,"geometry":{"type":"Point","coordinates":[-94.8549712279999,42.07855835200007]},"properties":{"OBJECTID_12":201,"COUNTY":"Carroll","DISTRICT_CODE":"01","PRECINCT":"Carroll 1","POLLING_PLACE":"ST. JOHN LUTHERAN CHURCH","ADDR_LINE_1":"801 E. 18TH ST.","CITY_1":"CARROLL","ZIP":"51401","House_Dist":12,"Senate_Dis":"6","Congressio":"4","SOSID_NEW":"14_01"}},{"type":"Feature","id":202,"geometry":{"type":"Point","coordinates":[-94.86409021299994,42.076571770000044]},"properties":{"OBJECTID_12":202,"COUNTY":"Carroll","DISTRICT_CODE":"02","PRECINCT":"Carroll 2 North 1/2 Of Maple River Twp","POLLING_PLACE":"FIRST UNITED METHODIST CHURCH","ADDR_LINE_1":"1621 N. MAIN ST.","CITY_1":"CARROLL","ZIP":"51401","House_Dist":12,"Senate_Dis":"6","Congressio":"4","SOSID_NEW":"14_02"}},{"type":"Feature","id":203,"geometry":{"type":"Point","coordinates":[-94.86646792099992,42.06544391700004]},"properties":{"OBJECTID_12":203,"COUNTY":"Carroll","DISTRICT_CODE":"03","PRECINCT":"Carroll 3 South 1/2 Of Maple River Twp","POLLING_PLACE":"COURTHOUSE MEETING ROOM","ADDR_LINE_1":"114 E. 6TH ST.","CITY_1":"CARROLL","ZIP":"51401","House_Dist":12,"Senate_Dis":"6","Congressio":"4","SOSID_NEW":"14_03"}},{"type":"Feature","id":204,"geometry":{"type":"Point","coordinates":[-94.85924402599994,42.059620977000066]},"properties":{"OBJECTID_12":204,"COUNTY":"Carroll","DISTRICT_CODE":"04","PRECINCT":"Carroll 4","POLLING_PLACE":"MIDAMERICAN ENERGY BUILDING","ADDR_LINE_1":"206 N. GRANT RD.","CITY_1":"CARROLL","ZIP":"51401","House_Dist":12,"Senate_Dis":"6","Congressio":"4","SOSID_NEW":"14_04"}},{"type":"Feature","id":205,"geometry":{"type":"Point","coordinates":[-94.97712708799992,42.18381067000007]},"properties":{"OBJECTID_12":205,"COUNTY":"Carroll","DISTRICT_CODE":"05","PRECINCT":"Wheatland-Kniest","POLLING_PLACE":"ST. BERNARD'S PARISH HALL","ADDR_LINE_1":"304 N. 2ND ST.","CITY_1":"BREDA","ZIP":"51436","House_Dist":12,"Senate_Dis":"6","Congressio":"4","SOSID_NEW":"14_05"}},{"type":"Feature","id":206,"geometry":{"type":"Point","coordinates":[-94.78359975599994,42.122316509000086]},"properties":{"OBJECTID_12":206,"COUNTY":"Carroll","DISTRICT_CODE":"06","PRECINCT":"Sheridan-Grant-Jasper","POLLING_PLACE":"LIDDERDALE COMMUNITY BUILDING","ADDR_LINE_1":"MAIN ST.","CITY_1":"LIDDERDALE","ZIP":"51452","House_Dist":12,"Senate_Dis":"6","Congressio":"4","SOSID_NEW":"14_06"}},{"type":"Feature","id":207,"geometry":{"type":"Point","coordinates":[-95.04457178799993,42.08715669600008]},"properties":{"OBJECTID_12":207,"COUNTY":"Carroll","DISTRICT_CODE":"07","PRECINCT":"Arcadia","POLLING_PLACE":"ARCADIA CITY HALL","ADDR_LINE_1":"205 W.FRONT ST.","CITY_1":"ARCADIA","ZIP":"51430","House_Dist":12,"Senate_Dis":"6","Congressio":"4","SOSID_NEW":"14_07"}},{"type":"Feature","id":208,"geometry":{"type":"Point","coordinates":[-94.72885376399995,42.05611043000005]},"properties":{"OBJECTID_12":208,"COUNTY":"Carroll","DISTRICT_CODE":"08","PRECINCT":"Glidden-Richland","POLLING_PLACE":"GLIDDEN COMMUNITY MTG. ROOM","ADDR_LINE_1":"108 IDAHO ST.","CITY_1":"GLIDDEN","ZIP":"51443","House_Dist":12,"Senate_Dis":"6","Congressio":"4","SOSID_NEW":"14_08"}},{"type":"Feature","id":209,"geometry":{"type":"Point","coordinates":[-94.97154654399992,42.005656600000066]},"properties":{"OBJECTID_12":209,"COUNTY":"Carroll","DISTRICT_CODE":"09","PRECINCT":"Washington-Roselle","POLLING_PLACE":"HALBUR COMMUNITY BLDG.","ADDR_LINE_1":"105 W. 2ND ST.","CITY_1":"HALBUR","ZIP":"51444","House_Dist":12,"Senate_Dis":"6","Congressio":"4","SOSID_NEW":"14_09"}},{"type":"Feature","id":210,"geometry":{"type":"Point","coordinates":[-94.82388877799991,41.90907877400008]},"properties":{"OBJECTID_12":210,"COUNTY":"Carroll","DISTRICT_CODE":"10","PRECINCT":"Pleasant Valley-Newton","POLLING_PLACE":"DEDHAM CITY HALL","ADDR_LINE_1":"MAIN ST.","CITY_1":"DEDHAM","ZIP":"51440","House_Dist":12,"Senate_Dis":"6","Congressio":"4","SOSID_NEW":"14_10"}},{"type":"Feature","id":211,"geometry":{"type":"Point","coordinates":[-95.05978695899995,41.90970009000006]},"properties":{"OBJECTID_12":211,"COUNTY":"Carroll","DISTRICT_CODE":"11","PRECINCT":"Ewoldt","POLLING_PLACE":"SACRED HEART CHURCH HALL","ADDR_LINE_1":"203 SUE ST.","CITY_1":"MANNING","ZIP":"51455","House_Dist":12,"Senate_Dis":"6","Congressio":"4","SOSID_NEW":"14_11"}},{"type":"Feature","id":212,"geometry":{"type":"Point","coordinates":[-94.9431327019999,41.91803904100004]},"properties":{"OBJECTID_12":212,"COUNTY":"Carroll","DISTRICT_CODE":"12","PRECINCT":"Eden","POLLING_PLACE":"TEMPLETON FIRE HALL","ADDR_LINE_1":"MAIN ST.","CITY_1":"TEMPLETON","ZIP":"51463","House_Dist":12,"Senate_Dis":"6","Congressio":"4","SOSID_NEW":"14_12"}},{"type":"Feature","id":213,"geometry":{"type":"Point","coordinates":[-94.67476429399994,41.87086145500007]},"properties":{"OBJECTID_12":213,"COUNTY":"Carroll","DISTRICT_CODE":"13","PRECINCT":"Union","POLLING_PLACE":"COON RAPIDS MUNICIPAL BLDG.","ADDR_LINE_1":"123 3RD AVE.","CITY_1":"COON RAPIDS","ZIP":"50058","House_Dist":12,"Senate_Dis":"6","Congressio":"4","SOSID_NEW":"14_13"}},{"type":"Feature","id":214,"geometry":{"type":"Point","coordinates":[-95.59961054399992,41.85428309200006]},"properties":{"OBJECTID_12":214,"COUNTY":"Harrison","DISTRICT_CODE":"HS","PRECINCT":"Harrison Douglas Dunlap","POLLING_PLACE":"DUNLAP CITY HALL","ADDR_LINE_1":"716 IOWA AVE","CITY_1":"DUNLAP","ZIP":"51529","House_Dist":18,"Senate_Dis":"9","Congressio":"4","SOSID_NEW":"43_HS"}},{"type":"Feature","id":215,"geometry":{"type":"Point","coordinates":[-95.7905705689999,41.64620856700009]},"properties":{"OBJECTID_12":215,"COUNTY":"Harrison","DISTRICT_CODE":"JF","PRECINCT":"Jefferson Lagrange","POLLING_PLACE":"LOGAN COMMUNITY CENTER-TOWNSHIPS","ADDR_LINE_1":"108 W 4TH ST","CITY_1":"LOGAN","ZIP":"51546","House_Dist":18,"Senate_Dis":"9","Congressio":"4","SOSID_NEW":"43_JF"}},{"type":"Feature","id":216,"geometry":{"type":"Point","coordinates":[-95.7905705689999,41.64620856700009]},"properties":{"OBJECTID_12":216,"COUNTY":"Harrison","DISTRICT_CODE":"LO","PRECINCT":"Logan City","POLLING_PLACE":"LOGAN COMMUNITY CENTER","ADDR_LINE_1":"108 W 4TH ST","CITY_1":"LOGAN","ZIP":"51546","House_Dist":18,"Senate_Dis":"9","Congressio":"4","SOSID_NEW":"43_LO"}},{"type":"Feature","id":217,"geometry":{"type":"Point","coordinates":[-95.56938976599992,41.57961772500005]},"properties":{"OBJECTID_12":217,"COUNTY":"Harrison","DISTRICT_CODE":"WS","PRECINCT":"Cass Union Washington Persia","POLLING_PLACE":"PERSIA PIC HALL","ADDR_LINE_1":"121 MAIN ST","CITY_1":"PERSIA","ZIP":"51563","House_Dist":18,"Senate_Dis":"9","Congressio":"4","SOSID_NEW":"43_WS"}},{"type":"Feature","id":218,"geometry":{"type":"Point","coordinates":[-95.58855380099993,42.069440221000036]},"properties":{"OBJECTID_12":218,"COUNTY":"Crawford","DISTRICT_CODE":"CO","PRECINCT":"Charter Oak Precinct","POLLING_PLACE":"CHARTER OAK-CH OAK LIBRARY","ADDR_LINE_1":"453 RAILROAD ST","CITY_1":"CHARTER OAK","ZIP":"51439","House_Dist":18,"Senate_Dis":"9","Congressio":"4","SOSID_NEW":"24_CO"}},{"type":"Feature","id":219,"geometry":{"type":"Point","coordinates":[-95.43158096799993,42.161262513000054]},"properties":{"OBJECTID_12":219,"COUNTY":"Crawford","DISTRICT_CODE":"SRK","PRECINCT":"SRK Precinct","POLLING_PLACE":"SCHLESWIG-IMMANUEL LUTHERAN CHURCH","ADDR_LINE_1":"501 GLAD ST","CITY_1":"SCHLESWIG","ZIP":"51461","House_Dist":18,"Senate_Dis":"9","Congressio":"4","SOSID_NEW":"24_SRK"}},{"type":"Feature","id":220,"geometry":{"type":"Point","coordinates":[-95.49618692799993,41.92942186000005]},"properties":{"OBJECTID_12":220,"COUNTY":"Crawford","DISTRICT_CODE":"DC-AB","PRECINCT":"DCAB Precinct","POLLING_PLACE":"DOW CITY-CITY HALL","ADDR_LINE_1":"117 N FRANKLIN ST ","CITY_1":"DOW CITY","ZIP":"51528","House_Dist":18,"Senate_Dis":"9","Congressio":"4","SOSID_NEW":"24_DC-AB"}},{"type":"Feature","id":221,"geometry":{"type":"Point","coordinates":[-95.35533441099994,42.01797117400008]},"properties":{"OBJECTID_12":221,"COUNTY":"Crawford","DISTRICT_CODE":"D1","PRECINCT":"Denison 1st Ward","POLLING_PLACE":"1ST WARD COMMUNITY ROOM DENISON","ADDR_LINE_1":"109 N MAIN ST","CITY_1":"DENISON","ZIP":"51442","House_Dist":18,"Senate_Dis":"9","Congressio":"4","SOSID_NEW":"24_D1"}},{"type":"Feature","id":222,"geometry":{"type":"Point","coordinates":[-95.35699115999995,42.01780327100005]},"properties":{"OBJECTID_12":222,"COUNTY":"Crawford","DISTRICT_CODE":"D2-DT","PRECINCT":"Denison 2nd Ward-Denison Twp","POLLING_PLACE":"2ND WARD DT-LAW ENFORCEMENT CTR MTG ROOM","ADDR_LINE_1":"1119 1ST AVE N","CITY_1":"DENISON","ZIP":"51442","House_Dist":18,"Senate_Dis":"9","Congressio":"4","SOSID_NEW":"24_D2-DT"}},{"type":"Feature","id":223,"geometry":{"type":"Point","coordinates":[-95.33813420599995,42.02228935900007]},"properties":{"OBJECTID_12":223,"COUNTY":"Crawford","DISTRICT_CODE":"D3-GR","PRECINCT":"Denison 3rd Ward - Goodrich Twp","POLLING_PLACE":"3RD WARD-OUR SAVIOR LUTHERAN CHURCH","ADDR_LINE_1":"500 N 24TH ST","CITY_1":"DENISON","ZIP":"51442","House_Dist":18,"Senate_Dis":"9","Congressio":"4","SOSID_NEW":"24_D3-GR"}},{"type":"Feature","id":224,"geometry":{"type":"Point","coordinates":[-95.34749708699991,42.33483313900007]},"properties":{"OBJECTID_12":224,"COUNTY":"Ida","DISTRICT_CODE":"BL","PRECINCT":"Blaine Hayes Silver Creek","POLLING_PLACE":"ARTHUR COMM CENTER","ADDR_LINE_1":"224 S MAIN","CITY_1":"ARTHUR","ZIP":"51431","House_Dist":17,"Senate_Dis":"9","Congressio":"4","SOSID_NEW":"47_BL"}},{"type":"Feature","id":225,"geometry":{"type":"Point","coordinates":[-95.41729751499992,42.50746985200004]},"properties":{"OBJECTID_12":225,"COUNTY":"Ida","DISTRICT_CODE":"GV","PRECINCT":"Galva","POLLING_PLACE":"GALVA CITY HALL","ADDR_LINE_1":"116 S MAIN ST","CITY_1":"GALVA","ZIP":"51020","House_Dist":17,"Senate_Dis":"9","Congressio":"4","SOSID_NEW":"47_GV"}},{"type":"Feature","id":226,"geometry":{"type":"Point","coordinates":[-95.54228569399993,42.47686420700006]},"properties":{"OBJECTID_12":226,"COUNTY":"Ida","DISTRICT_CODE":"GG","PRECINCT":"Griggs Douglas","POLLING_PLACE":"LOHFF SCHUMAN COMM ROOM","ADDR_LINE_1":"301 LOHFF SCHUMAN DR","CITY_1":"HOLSTEIN","ZIP":"51025","House_Dist":17,"Senate_Dis":"9","Congressio":"4","SOSID_NEW":"47_GG"}},{"type":"Feature","id":227,"geometry":{"type":"Point","coordinates":[-95.59904176999993,42.31586646000005]},"properties":{"OBJECTID_12":227,"COUNTY":"Ida","DISTRICT_CODE":"MP","PRECINCT":"Maple Garfield Grant Battle Logan","POLLING_PLACE":"BATTLE CREEK COMM CENTER","ADDR_LINE_1":"115 MAIN ST","CITY_1":"BATTLE CREEK","ZIP":"51006","House_Dist":17,"Senate_Dis":"9","Congressio":"4","SOSID_NEW":"47_MP"}},{"type":"Feature","id":228,"geometry":{"type":"Point","coordinates":[-95.46547313499991,42.34306970600005]},"properties":{"OBJECTID_12":228,"COUNTY":"Ida","DISTRICT_CODE":"IG1","PRECINCT":"Ida Grove 1","POLLING_PLACE":"IG REC COMM RM WEST","ADDR_LINE_1":"311 BARNES ST","CITY_1":"IDA GROVE","ZIP":"51445","House_Dist":17,"Senate_Dis":"9","Congressio":"4","SOSID_NEW":"47_IG1"}},{"type":"Feature","id":229,"geometry":{"type":"Point","coordinates":[-95.46547313499991,42.34306970600005]},"properties":{"OBJECTID_12":229,"COUNTY":"Ida","DISTRICT_CODE":"IG2","PRECINCT":"Ida Grove 2","POLLING_PLACE":"IG REC COMM RM EAST","ADDR_LINE_1":"311 BARNES ST","CITY_1":"IDA GROVE","ZIP":"51445","House_Dist":17,"Senate_Dis":"9","Congressio":"4","SOSID_NEW":"47_IG2"}},{"type":"Feature","id":230,"geometry":{"type":"Point","coordinates":[-95.46547313499991,42.34306970600005]},"properties":{"OBJECTID_12":230,"COUNTY":"Ida","DISTRICT_CODE":"IG3","PRECINCT":"Ida Grove 3 Corwin","POLLING_PLACE":"IG REC SENIOR ROOM","ADDR_LINE_1":"311 BARNES ST","CITY_1":"IDA GROVE","ZIP":"51445","House_Dist":17,"Senate_Dis":"9","Congressio":"4","SOSID_NEW":"47_IG3"}},{"type":"Feature","id":231,"geometry":{"type":"Point","coordinates":[-96.02546606899995,41.80884618200008]},"properties":{"OBJECTID_12":231,"COUNTY":"Harrison","DISTRICT_CODE":"LS","PRECINCT":"Little Sioux","POLLING_PLACE":"LITTLE SIOUX CITY HALL","ADDR_LINE_1":"407 N 1ST ST","CITY_1":"LITTLE SIOUX","ZIP":"51545","House_Dist":17,"Senate_Dis":"9","Congressio":"4","SOSID_NEW":"43_LS"}},{"type":"Feature","id":232,"geometry":{"type":"Point","coordinates":[-95.9262993189999,41.83347334500007]},"properties":{"OBJECTID_12":232,"COUNTY":"Harrison","DISTRICT_CODE":"JA","PRECINCT":"Jackson Allen Pisgah","POLLING_PLACE":"FELLOWSHIP HALL PISGAH METHODIST CHURCH","ADDR_LINE_1":"420 FRONT ST","CITY_1":"PISGAH","ZIP":"51564","House_Dist":17,"Senate_Dis":"9","Congressio":"4","SOSID_NEW":"43_JA"}},{"type":"Feature","id":233,"geometry":{"type":"Point","coordinates":[-96.02156039099992,41.71034365700007]},"properties":{"OBJECTID_12":233,"COUNTY":"Harrison","DISTRICT_CODE":"MR","PRECINCT":"Morgan Raglan Mondamin","POLLING_PLACE":"MONDAMIN COMMUNITY CENTER","ADDR_LINE_1":"200 MAPLE ST","CITY_1":"MONDAMIN","ZIP":"51557","House_Dist":17,"Senate_Dis":"9","Congressio":"4","SOSID_NEW":"43_MR"}},{"type":"Feature","id":234,"geometry":{"type":"Point","coordinates":[-95.8729529279999,41.69407556300007]},"properties":{"OBJECTID_12":234,"COUNTY":"Harrison","DISTRICT_CODE":"MA","PRECINCT":"Magnolia Calhoun","POLLING_PLACE":"MAGNOLIA CITY HALL","ADDR_LINE_1":"380 MAGNOLIA ST","CITY_1":"MAGNOLIA","ZIP":"51550","House_Dist":17,"Senate_Dis":"9","Congressio":"4","SOSID_NEW":"43_MA"}},{"type":"Feature","id":235,"geometry":{"type":"Point","coordinates":[-95.7081834299999,41.739460687000076]},"properties":{"OBJECTID_12":235,"COUNTY":"Harrison","DISTRICT_CODE":"BO","PRECINCT":"Boyer Lincoln","POLLING_PLACE":"SACRED HEART PARISH CTR-TOWNSHIPS","ADDR_LINE_1":"704 NORMAL ST","CITY_1":"WOODBINE","ZIP":"51579","House_Dist":17,"Senate_Dis":"9","Congressio":"4","SOSID_NEW":"43_BO"}},{"type":"Feature","id":236,"geometry":{"type":"Point","coordinates":[-95.7081834299999,41.739460687000076]},"properties":{"OBJECTID_12":236,"COUNTY":"Harrison","DISTRICT_CODE":"WB","PRECINCT":"Woodbine City","POLLING_PLACE":"SACRED HEART PARISH CTR-WOODBINE","ADDR_LINE_1":"704 NORMAL ST","CITY_1":"WOODBINE","ZIP":"51579","House_Dist":17,"Senate_Dis":"9","Congressio":"4","SOSID_NEW":"43_WB"}},{"type":"Feature","id":237,"geometry":{"type":"Point","coordinates":[-96.01151010899991,41.62100302300007]},"properties":{"OBJECTID_12":237,"COUNTY":"Harrison","DISTRICT_CODE":"TA","PRECINCT":"Clay Taylor Cincinnati Modale","POLLING_PLACE":"MODALE AMERICAN LEGION BLDG","ADDR_LINE_1":"102 E PALMER ST","CITY_1":"MODALE","ZIP":"51556","House_Dist":17,"Senate_Dis":"9","Congressio":"4","SOSID_NEW":"43_TA"}},{"type":"Feature","id":238,"geometry":{"type":"Point","coordinates":[-95.89043352099992,41.55632130400005]},"properties":{"OBJECTID_12":238,"COUNTY":"Harrison","DISTRICT_CODE":"MV","PRECINCT":"Missouri Valley City","POLLING_PLACE":"RAND CENTER MISSOURI VALLEY","ADDR_LINE_1":"100 S 4TH ST","CITY_1":"MISSOURI VALLEY","ZIP":"51555","House_Dist":17,"Senate_Dis":"9","Congressio":"4","SOSID_NEW":"43_MV"}},{"type":"Feature","id":239,"geometry":{"type":"Point","coordinates":[-95.89043352099992,41.55632130400005]},"properties":{"OBJECTID_12":239,"COUNTY":"Harrison","DISTRICT_CODE":"SJ","PRECINCT":"St John Twp","POLLING_PLACE":"RAND CENTER-TOWNSHIP","ADDR_LINE_1":"100 S 4TH ST","CITY_1":"MISSOURI VALLEY","ZIP":"51555","House_Dist":17,"Senate_Dis":"9","Congressio":"4","SOSID_NEW":"43_SJ"}},{"type":"Feature","id":240,"geometry":{"type":"Point","coordinates":[-94.12206054399991,41.51037765700005]},"properties":{"OBJECTID_12":240,"COUNTY":"Dallas","DISTRICT_CODE":"ADS","PRECINCT":"Adams","POLLING_PLACE":"CROSSROAD EVANGELICAL FREE CH","ADDR_LINE_1":"18293 365TH ST","CITY_1":"EARLHAM","ZIP":"50072","House_Dist":19,"Senate_Dis":"10","Congressio":"3","SOSID_NEW":"25_ADS"}},{"type":"Feature","id":241,"geometry":{"type":"Point","coordinates":[-94.01457042699991,41.60030338100006]},"properties":{"OBJECTID_12":241,"COUNTY":"Dallas","DISTRICT_CODE":"COA","PRECINCT":"Colfax Adel","POLLING_PLACE":"GRACE LUTHERAN CHURCH","ADDR_LINE_1":"23932 MEADOW RD","CITY_1":"ADEL","ZIP":"50003","House_Dist":19,"Senate_Dis":"10","Congressio":"3","SOSID_NEW":"25_COA"}},{"type":"Feature","id":242,"geometry":{"type":"Point","coordinates":[-93.92300015299992,41.85373762900008]},"properties":{"OBJECTID_12":242,"COUNTY":"Dallas","DISTRICT_CODE":"BDM","PRECINCT":"Beaver Des Moines","POLLING_PLACE":"WOODWARD UNITED METHODIST CH","ADDR_LINE_1":"108 W 5TH ST","CITY_1":"WOODWARD","ZIP":"50276","House_Dist":19,"Senate_Dis":"10","Congressio":"3","SOSID_NEW":"25_BDM"}},{"type":"Feature","id":243,"geometry":{"type":"Point","coordinates":[-94.00946128299995,41.52984435800005]},"properties":{"OBJECTID_12":243,"COUNTY":"Dallas","DISTRICT_CODE":"DO","PRECINCT":"DeSoto","POLLING_PLACE":"DESOTO UNITED METHODIST","ADDR_LINE_1":"421 DALLAS ST.","CITY_1":"DESOTO","ZIP":"50069","House_Dist":19,"Senate_Dis":"10","Congressio":"3","SOSID_NEW":"25_DO"}},{"type":"Feature","id":244,"geometry":{"type":"Point","coordinates":[-94.19654079199995,41.59058294100004]},"properties":{"OBJECTID_12":244,"COUNTY":"Dallas","DISTRICT_CODE":"UN","PRECINCT":"Union","POLLING_PLACE":"REDFIELD AMERICAN LEGION","ADDR_LINE_1":"1116 THOMAS ST","CITY_1":"REDFIELD","ZIP":"50233","House_Dist":19,"Senate_Dis":"10","Congressio":"3","SOSID_NEW":"25_UN"}},{"type":"Feature","id":245,"geometry":{"type":"Point","coordinates":[-93.95467060599992,41.53214126700004]},"properties":{"OBJECTID_12":245,"COUNTY":"Dallas","DISTRICT_CODE":"VM","PRECINCT":"Van Meter","POLLING_PLACE":"VM AMERICAN LEGION","ADDR_LINE_1":"910 MAIN ST. ","CITY_1":"VAN METER","ZIP":"50261","House_Dist":19,"Senate_Dis":"10","Congressio":"3","SOSID_NEW":"25_VM"}},{"type":"Feature","id":246,"geometry":{"type":"Point","coordinates":[-93.82317682899992,41.76103097300006]},"properties":{"OBJECTID_12":246,"COUNTY":"Dallas","DISTRICT_CODE":"WGG","PRECINCT":"Walnut Grimes Grant","POLLING_PLACE":"EMMANUEL UNITED METHODIST CHURCH","ADDR_LINE_1":"1910 LOCUST ST","CITY_1":"GRANGER","ZIP":"50109","House_Dist":19,"Senate_Dis":"10","Congressio":"3","SOSID_NEW":"25_WGG"}},{"type":"Feature","id":247,"geometry":{"type":"Point","coordinates":[-93.9108041479999,41.61368122400006]},"properties":{"OBJECTID_12":247,"COUNTY":"Dallas","DISTRICT_CODE":"WK2","PRECINCT":"Waukee 2","POLLING_PLACE":"WAUKEE CHRISTIAN CHURCH","ADDR_LINE_1":"29043 T AVE","CITY_1":"WAUKEE","ZIP":"50263","House_Dist":19,"Senate_Dis":"10","Congressio":"3","SOSID_NEW":"25_WK2"}},{"type":"Feature","id":248,"geometry":{"type":"Point","coordinates":[-93.86137934099992,41.55287129300007]},"properties":{"OBJECTID_12":248,"COUNTY":"Dallas","DISTRICT_CODE":"WM224","PRECINCT":"West Des Moines 224","POLLING_PLACE":"FOX CREEK CENTER","ADDR_LINE_1":"33365 335TH ST","CITY_1":"WAUKEE","ZIP":"50263","House_Dist":19,"Senate_Dis":"10","Congressio":"3","SOSID_NEW":"25_WM224"}},{"type":"Feature","id":249,"geometry":{"type":"Point","coordinates":[-94.02616735499993,41.61232222700005]},"properties":{"OBJECTID_12":249,"COUNTY":"Dallas","DISTRICT_CODE":"AL2","PRECINCT":"Adel 2","POLLING_PLACE":"FAITH LUTHERAN CHURCH","ADDR_LINE_1":"602 S 14TH ST","CITY_1":"ADEL","ZIP":"50003","House_Dist":19,"Senate_Dis":"10","Congressio":"3","SOSID_NEW":"25_AL2"}},{"type":"Feature","id":250,"geometry":{"type":"Point","coordinates":[-94.01991433699993,41.61507052500008]},"properties":{"OBJECTID_12":250,"COUNTY":"Dallas","DISTRICT_CODE":"AL1","PRECINCT":"Adel 1","POLLING_PLACE":"ADEL LIBRARY","ADDR_LINE_1":"303 S 10TH ST","CITY_1":"ADEL","ZIP":"50003","House_Dist":19,"Senate_Dis":"10","Congressio":"3","SOSID_NEW":"25_AL1"}},{"type":"Feature","id":251,"geometry":{"type":"Point","coordinates":[-93.95998151799995,41.673204517000045]},"properties":{"OBJECTID_12":251,"COUNTY":"Dallas","DISTRICT_CODE":"SGDC","PRECINCT":"Sugar Grove Dallas Center","POLLING_PLACE":"DC 1ST PRESBYTERIAN CHURCH","ADDR_LINE_1":"1204 13TH ST","CITY_1":"DALLAS CENTER","ZIP":"50063","House_Dist":19,"Senate_Dis":"10","Congressio":"3","SOSID_NEW":"25_SGDC"}},{"type":"Feature","id":252,"geometry":{"type":"Point","coordinates":[-94.64349687999993,41.496211921000054]},"properties":{"OBJECTID_12":252,"COUNTY":"Adair","DISTRICT_CODE":"1NW","PRECINCT":"1NW ADAIR","POLLING_PLACE":"ADAIR COMMUNITY CENTRE","ADDR_LINE_1":"103 S 5TH ST","CITY_1":"ADAIR","ZIP":"50002","House_Dist":20,"Senate_Dis":"10","Congressio":"3","SOSID_NEW":"1_1NW"}},{"type":"Feature","id":253,"geometry":{"type":"Point","coordinates":[-94.32216057999995,41.502757484000085]},"properties":{"OBJECTID_12":253,"COUNTY":"Adair","DISTRICT_CODE":"2NE","PRECINCT":"2NE STUART","POLLING_PLACE":"STUART RECREATIONAL CENTER","ADDR_LINE_1":"323 SW 2ND ST","CITY_1":"STUART","ZIP":"50250","House_Dist":20,"Senate_Dis":"10","Congressio":"3","SOSID_NEW":"1_2NE"}},{"type":"Feature","id":254,"geometry":{"type":"Point","coordinates":[-94.56408647899991,41.28920268100006]},"properties":{"OBJECTID_12":254,"COUNTY":"Adair","DISTRICT_CODE":"3SW","PRECINCT":"3SW FONTANELLE","POLLING_PLACE":"FONTANELLE COMMUNITY BUILDING","ADDR_LINE_1":"224 3RD ST","CITY_1":"FONTANELLE","ZIP":"50846","House_Dist":20,"Senate_Dis":"10","Congressio":"3","SOSID_NEW":"1_3SW"}},{"type":"Feature","id":255,"geometry":{"type":"Point","coordinates":[-94.4181365209999,41.20158119000007]},"properties":{"OBJECTID_12":255,"COUNTY":"Adair","DISTRICT_CODE":"4SE","PRECINCT":"4SE ORIENT","POLLING_PLACE":"ORIENT UNITED METHODIST CHURCH","ADDR_LINE_1":"124 S MAPLE ST","CITY_1":"ORIENT","ZIP":"50858","House_Dist":20,"Senate_Dis":"10","Congressio":"3","SOSID_NEW":"1_4SE"}},{"type":"Feature","id":256,"geometry":{"type":"Point","coordinates":[-94.45700483699994,41.316252818000066]},"properties":{"OBJECTID_12":256,"COUNTY":"Adair","DISTRICT_CODE":"5GF","PRECINCT":"5GF GREENFIELD","POLLING_PLACE":"ADAIR CO HEALTH & FITNESS CENTER","ADDR_LINE_1":"202 N TOWNLINE RD","CITY_1":"GREENFIELD","ZIP":"50849","House_Dist":20,"Senate_Dis":"10","Congressio":"3","SOSID_NEW":"1_5GF"}},{"type":"Feature","id":257,"geometry":{"type":"Point","coordinates":[-94.88739144699991,41.40122006200005]},"properties":{"OBJECTID_12":257,"COUNTY":"Cass","DISTRICT_CODE":"BN","PRECINCT":"Benton/Franklin/Wiota","POLLING_PLACE":"WIOTA CITY HALL","ADDR_LINE_1":"311 CENTER ST","CITY_1":"WIOTA","ZIP":"50274","House_Dist":20,"Senate_Dis":"10","Congressio":"3","SOSID_NEW":"15_BN"}},{"type":"Feature","id":258,"geometry":{"type":"Point","coordinates":[-94.7661560279999,41.444484738000085]},"properties":{"OBJECTID_12":258,"COUNTY":"Cass","DISTRICT_CODE":"AN","PRECINCT":"Grant/Anita/Lincoln","POLLING_PLACE":"ANITA COMMUNITY CENTER","ADDR_LINE_1":"805 MAIN ST","CITY_1":"ANITA","ZIP":"50020","House_Dist":20,"Senate_Dis":"10","Congressio":"3","SOSID_NEW":"15_AN"}},{"type":"Feature","id":259,"geometry":{"type":"Point","coordinates":[-94.10747246999995,41.731903137000074]},"properties":{"OBJECTID_12":259,"COUNTY":"Dallas","DISTRICT_CODE":"LWL","PRECINCT":"Lincoln Washington Linn","POLLING_PLACE":"WASHINGTON TWP SCHOOL","ADDR_LINE_1":"18930 210TH ST","CITY_1":"MINBURN","ZIP":"50167","House_Dist":20,"Senate_Dis":"10","Congressio":"3","SOSID_NEW":"25_LWL"}},{"type":"Feature","id":260,"geometry":{"type":"Point","coordinates":[-94.2220633579999,41.84175141700007]},"properties":{"OBJECTID_12":260,"COUNTY":"Dallas","DISTRICT_CODE":"SD","PRECINCT":"Spring Valley Dallas","POLLING_PLACE":"DAWSON COMMUNITY BLDG","ADDR_LINE_1":"208 S 1ST ST","CITY_1":"DAWSON","ZIP":"50066","House_Dist":20,"Senate_Dis":"10","Congressio":"3","SOSID_NEW":"25_SD"}},{"type":"Feature","id":261,"geometry":{"type":"Point","coordinates":[-94.10669906099992,41.83844900100007]},"properties":{"OBJECTID_12":261,"COUNTY":"Dallas","DISTRICT_CODE":"PY1","PRECINCT":"Perry 1","POLLING_PLACE":"PERRY PUBLIC LIBRARY","ADDR_LINE_1":"1101 WILLIS AVE","CITY_1":"PERRY","ZIP":"50220","House_Dist":20,"Senate_Dis":"10","Congressio":"3","SOSID_NEW":"25_PY1"}},{"type":"Feature","id":262,"geometry":{"type":"Point","coordinates":[-94.07318279299994,41.83856666400004]},"properties":{"OBJECTID_12":262,"COUNTY":"Dallas","DISTRICT_CODE":"PY2","PRECINCT":"Perry 2","POLLING_PLACE":"OTLEY MASONIC LODGE #299","ADDR_LINE_1":"3316 WILLIS AVE","CITY_1":"PERRY","ZIP":"50220","House_Dist":20,"Senate_Dis":"10","Congressio":"3","SOSID_NEW":"25_PY2"}},{"type":"Feature","id":263,"geometry":{"type":"Point","coordinates":[-94.09762093599994,41.84159955200005]},"properties":{"OBJECTID_12":263,"COUNTY":"Dallas","DISTRICT_CODE":"PY3","PRECINCT":"Perry 3","POLLING_PLACE":"MCCREARY COMMUNITY BLDG","ADDR_LINE_1":"1800 PATTEE ST","CITY_1":"PERRY","ZIP":"50220","House_Dist":20,"Senate_Dis":"10","Congressio":"3","SOSID_NEW":"25_PY3"}},{"type":"Feature","id":264,"geometry":{"type":"Point","coordinates":[-94.55801761499993,41.85089026300005]},"properties":{"OBJECTID_12":264,"COUNTY":"Guthrie","DISTRICT_CODE":"07","PRECINCT":"Red","POLLING_PLACE":"BAYARD LIBRARY","ADDR_LINE_1":"315 MAIN STREET","CITY_1":"BAYARD","ZIP":"50029","House_Dist":20,"Senate_Dis":"10","Congressio":"3","SOSID_NEW":"39_07"}},{"type":"Feature","id":265,"geometry":{"type":"Point","coordinates":[-94.35487837599993,41.774947162000046]},"properties":{"OBJECTID_12":265,"COUNTY":"Guthrie","DISTRICT_CODE":"05","PRECINCT":"Green","POLLING_PLACE":"YALE COMMUNITY BUILDING","ADDR_LINE_1":"MAIN STREET","CITY_1":"YALE","ZIP":"50277","House_Dist":20,"Senate_Dis":"10","Congressio":"3","SOSID_NEW":"39_05"}},{"type":"Feature","id":266,"geometry":{"type":"Point","coordinates":[-94.5191194489999,41.50685162500008]},"properties":{"OBJECTID_12":266,"COUNTY":"Guthrie","DISTRICT_CODE":"01","PRECINCT":"Black","POLLING_PLACE":"CASEY VISITORS CENTER","ADDR_LINE_1":"100 E GRANT ST","CITY_1":"CASEY","ZIP":"50048","House_Dist":20,"Senate_Dis":"10","Congressio":"3","SOSID_NEW":"39_01"}},{"type":"Feature","id":267,"geometry":{"type":"Point","coordinates":[-94.3650808669999,41.69170815100006]},"properties":{"OBJECTID_12":267,"COUNTY":"Guthrie","DISTRICT_CODE":"02","PRECINCT":"Blue","POLLING_PLACE":"VET'S AUDITORIUM - PANORA","ADDR_LINE_1":"115 W. MAIN STREET","CITY_1":"PANORA","ZIP":"50216","House_Dist":20,"Senate_Dis":"10","Congressio":"3","SOSID_NEW":"39_02"}},{"type":"Feature","id":268,"geometry":{"type":"Point","coordinates":[-94.36469401199992,41.69170795600007]},"properties":{"OBJECTID_12":268,"COUNTY":"Guthrie","DISTRICT_CODE":"03","PRECINCT":"Brown","POLLING_PLACE":"PANORA LIBRARY","ADDR_LINE_1":"117 W. MAIN STREET","CITY_1":"PANORA","ZIP":"50216","House_Dist":20,"Senate_Dis":"10","Congressio":"3","SOSID_NEW":"39_03"}},{"type":"Feature","id":269,"geometry":{"type":"Point","coordinates":[-94.5033488929999,41.679116589000046]},"properties":{"OBJECTID_12":269,"COUNTY":"Guthrie","DISTRICT_CODE":"04","PRECINCT":"Gold","POLLING_PLACE":"GUTHRIE CENTER LIBRARY","ADDR_LINE_1":"400 GRAND STREET","CITY_1":"GUTHRIE CENTER","ZIP":"50115","House_Dist":20,"Senate_Dis":"10","Congressio":"3","SOSID_NEW":"39_04"}},{"type":"Feature","id":270,"geometry":{"type":"Point","coordinates":[-94.50350695599991,41.67738052800007]},"properties":{"OBJECTID_12":270,"COUNTY":"Guthrie","DISTRICT_CODE":"08","PRECINCT":"White","POLLING_PLACE":"CHRISTIAN CHURCH - GUTHRIE CENTER","ADDR_LINE_1":"105 N. 4TH STREET","CITY_1":"GUTHRIE CENTER","ZIP":"50115","House_Dist":20,"Senate_Dis":"10","Congressio":"3","SOSID_NEW":"39_08"}},{"type":"Feature","id":271,"geometry":{"type":"Point","coordinates":[-94.31838778999992,41.50563165700004]},"properties":{"OBJECTID_12":271,"COUNTY":"Guthrie","DISTRICT_CODE":"06","PRECINCT":"Purple","POLLING_PLACE":"CONGREGATIONAL CHURCH - STUART","ADDR_LINE_1":"224 N DIVISION STREET","CITY_1":"STUART","ZIP":"50250","House_Dist":20,"Senate_Dis":"10","Congressio":"3","SOSID_NEW":"39_06"}},{"type":"Feature","id":272,"geometry":{"type":"Point","coordinates":[-95.00613863299992,41.40273782300005]},"properties":{"OBJECTID_12":272,"COUNTY":"Cass","DISTRICT_CODE":"AT1","PRECINCT":"Atlantic Ward 1","POLLING_PLACE":"ZION LUTHERAN CHURCH","ADDR_LINE_1":"811 OAK ST","CITY_1":"ATLANTIC","ZIP":"50022","House_Dist":21,"Senate_Dis":"11","Congressio":"3","SOSID_NEW":"15_AT1"}},{"type":"Feature","id":273,"geometry":{"type":"Point","coordinates":[-95.01447735399995,41.40542021500005]},"properties":{"OBJECTID_12":273,"COUNTY":"Cass","DISTRICT_CODE":"AT2","PRECINCT":"Atlantic Ward 2 ","POLLING_PLACE":"ATLANTIC PUBLIC LIBRARY","ADDR_LINE_1":"507 POPLAR ST","CITY_1":"ATLANTIC","ZIP":"50022","House_Dist":21,"Senate_Dis":"11","Congressio":"3","SOSID_NEW":"15_AT2"}},{"type":"Feature","id":274,"geometry":{"type":"Point","coordinates":[-95.02327120599995,41.401002893000054]},"properties":{"OBJECTID_12":274,"COUNTY":"Cass","DISTRICT_CODE":"AT3","PRECINCT":"Atlantic Ward 3","POLLING_PLACE":"CASS CO COMM BLDG(AT3)","ADDR_LINE_1":"805 W 10TH ST","CITY_1":"ATLANTIC","ZIP":"50022","House_Dist":21,"Senate_Dis":"11","Congressio":"3","SOSID_NEW":"15_AT3"}},{"type":"Feature","id":275,"geometry":{"type":"Point","coordinates":[-95.02327120599995,41.401002893000054]},"properties":{"OBJECTID_12":275,"COUNTY":"Cass","DISTRICT_CODE":"MR","PRECINCT":"Brighton/ Marne/ Grove/ Pymosa/ Washington","POLLING_PLACE":"CASS CO COMM BLDG(MR-BR)","ADDR_LINE_1":"805 W 10TH ST","CITY_1":"ATLANTIC","ZIP":"50022","House_Dist":21,"Senate_Dis":"11","Congressio":"3","SOSID_NEW":"15_MR"}},{"type":"Feature","id":276,"geometry":{"type":"Point","coordinates":[-95.00447718999993,41.39487109000004]},"properties":{"OBJECTID_12":276,"COUNTY":"Cass","DISTRICT_CODE":"AT4","PRECINCT":"Atlantic Ward 4","POLLING_PLACE":"UNITED CHURCH OF CHRIST","ADDR_LINE_1":"1607 HAZEL ST","CITY_1":"ATLANTIC","ZIP":"50022","House_Dist":21,"Senate_Dis":"11","Congressio":"3","SOSID_NEW":"15_AT4"}},{"type":"Feature","id":277,"geometry":{"type":"Point","coordinates":[-95.0005307369999,41.39837347900004]},"properties":{"OBJECTID_12":277,"COUNTY":"Cass","DISTRICT_CODE":"AT5","PRECINCT":"Atlantic Ward 5","POLLING_PLACE":"HERITAGE HOUSE","ADDR_LINE_1":"1200 BROOKRIDGE CIRCLE","CITY_1":"ATLANTIC","ZIP":"50022","House_Dist":21,"Senate_Dis":"11","Congressio":"3","SOSID_NEW":"15_AT5"}},{"type":"Feature","id":278,"geometry":{"type":"Point","coordinates":[-95.0886652129999,41.30571437000009]},"properties":{"OBJECTID_12":278,"COUNTY":"Cass","DISTRICT_CODE":"LW","PRECINCT":"Bear Grove/ Cass/ Lewis","POLLING_PLACE":"LEWIS PUBLIC LIBRARY","ADDR_LINE_1":"412 W MAIN ST","CITY_1":"LEWIS","ZIP":"51544","House_Dist":21,"Senate_Dis":"11","Congressio":"3","SOSID_NEW":"15_LW"}},{"type":"Feature","id":279,"geometry":{"type":"Point","coordinates":[-95.14127704099991,41.23570777800006]},"properties":{"OBJECTID_12":279,"COUNTY":"Cass","DISTRICT_CODE":"GS","PRECINCT":"Noble/ Pleasant/ Griswold","POLLING_PLACE":"GRISWOLD COMMUNITY BUILDING","ADDR_LINE_1":"601 2ND ST","CITY_1":"GRISWOLD","ZIP":"51535","House_Dist":21,"Senate_Dis":"11","Congressio":"3","SOSID_NEW":"15_GS"}},{"type":"Feature","id":280,"geometry":{"type":"Point","coordinates":[-94.7688439339999,41.25270091400006]},"properties":{"OBJECTID_12":280,"COUNTY":"Cass","DISTRICT_CODE":"MS","PRECINCT":"Massena Twp And City","POLLING_PLACE":"MASSENA PUBLIC LIBRARY(MS)","ADDR_LINE_1":"122 MAIN ST","CITY_1":"MASSENA","ZIP":"50853","House_Dist":21,"Senate_Dis":"11","Congressio":"3","SOSID_NEW":"15_MS"}},{"type":"Feature","id":281,"geometry":{"type":"Point","coordinates":[-94.7688439339999,41.25270091400006]},"properties":{"OBJECTID_12":281,"COUNTY":"Cass","DISTRICT_CODE":"VI","PRECINCT":"Victoria/Edna","POLLING_PLACE":"MASSENA PUBLIC LIBRARY(VI)","ADDR_LINE_1":"122 MAIN ST","CITY_1":"MASSENA","ZIP":"50853","House_Dist":21,"Senate_Dis":"11","Congressio":"3","SOSID_NEW":"15_VI"}},{"type":"Feature","id":282,"geometry":{"type":"Point","coordinates":[-94.87162648999993,41.27319075300005]},"properties":{"OBJECTID_12":282,"COUNTY":"Cass","DISTRICT_CODE":"CU","PRECINCT":"Union Twp And Cumberland","POLLING_PLACE":"CUMBERLAND COMMUNITY BUILDING","ADDR_LINE_1":"200 W 2ND ST","CITY_1":"CUMBERLAND","ZIP":"50843","House_Dist":21,"Senate_Dis":"11","Congressio":"3","SOSID_NEW":"15_CU"}},{"type":"Feature","id":283,"geometry":{"type":"Point","coordinates":[-94.73523032599991,40.988088160000075]},"properties":{"OBJECTID_12":283,"COUNTY":"Adams","DISTRICT_CODE":"AD1","PRECINCT":"ADAMS 1","POLLING_PLACE":"CORNING COMMUNITY CENTER","ADDR_LINE_1":"606 6TH STREET","CITY_1":"CORNING","ZIP":"50841","House_Dist":21,"Senate_Dis":"11","Congressio":"3","SOSID_NEW":"2_AD1"}},{"type":"Feature","id":284,"geometry":{"type":"Point","coordinates":[-94.73528735899993,40.99087840000004]},"properties":{"OBJECTID_12":284,"COUNTY":"Adams","DISTRICT_CODE":"AD2","PRECINCT":"ADAMS 2","POLLING_PLACE":"CORNING CITY LIBRARY","ADDR_LINE_1":"603 9TH STREET","CITY_1":"CORNING","ZIP":"50841","House_Dist":21,"Senate_Dis":"11","Congressio":"3","SOSID_NEW":"2_AD2"}},{"type":"Feature","id":285,"geometry":{"type":"Point","coordinates":[-94.73732010399993,40.99883775400008]},"properties":{"OBJECTID_12":285,"COUNTY":"Adams","DISTRICT_CODE":"AD3","PRECINCT":"ADAMS 3","POLLING_PLACE":"REDEEMER LUTHERAN CHURCH","ADDR_LINE_1":"800 17TH ST","CITY_1":"CORNING","ZIP":"50841","House_Dist":21,"Senate_Dis":"11","Congressio":"3","SOSID_NEW":"2_AD3"}},{"type":"Feature","id":286,"geometry":{"type":"Point","coordinates":[-94.61025929899995,41.023172740000064]},"properties":{"OBJECTID_12":286,"COUNTY":"Adams","DISTRICT_CODE":"AD5","PRECINCT":"ADAMS 5","POLLING_PLACE":"PRESCOTT CITY HALL","ADDR_LINE_1":"607 2ND ST","CITY_1":"PRESCOTT","ZIP":"50859","House_Dist":21,"Senate_Dis":"11","Congressio":"3","SOSID_NEW":"2_AD5"}},{"type":"Feature","id":287,"geometry":{"type":"Point","coordinates":[-92.26102286999992,42.46917201800005]},"properties":{"OBJECTID_12":287,"COUNTY":"Black Hawk","DISTRICT_CODE":"DK00","PRECINCT":"Elk Run Heights/Raymond","POLLING_PLACE":"DK00 ELK RUN HEIGHTS CITY HALL","ADDR_LINE_1":"5042 LAFAYETTE RD","CITY_1":"ELK RUN HEIGHTS","ZIP":"50707","House_Dist":62,"Senate_Dis":"31","Congressio":"1","SOSID_NEW":"7_DK00"}},{"type":"Feature","id":288,"geometry":{"type":"Point","coordinates":[-92.28812275999991,42.47800207700004]},"properties":{"OBJECTID_12":288,"COUNTY":"Black Hawk","DISTRICT_CODE":"J100","PRECINCT":"Evansdale Ward 1","POLLING_PLACE":"J100 EVANSDALE CITY HALL","ADDR_LINE_1":"123 N EVANS RD","CITY_1":"EVANSDALE","ZIP":"50707","House_Dist":62,"Senate_Dis":"31","Congressio":"1","SOSID_NEW":"7_J100"}},{"type":"Feature","id":289,"geometry":{"type":"Point","coordinates":[-92.2875108419999,42.46538154000007]},"properties":{"OBJECTID_12":289,"COUNTY":"Black Hawk","DISTRICT_CODE":"J200","PRECINCT":"Evansdale Ward 2","POLLING_PLACE":"J200 COMMUNITY RESPONSE CENTER","ADDR_LINE_1":"911 EVANS RD","CITY_1":"EVANSDALE","ZIP":"50707","House_Dist":62,"Senate_Dis":"31","Congressio":"1","SOSID_NEW":"7_J200"}},{"type":"Feature","id":290,"geometry":{"type":"Point","coordinates":[-92.2875108419999,42.46538154000007]},"properties":{"OBJECTID_12":290,"COUNTY":"Black Hawk","DISTRICT_CODE":"J400","PRECINCT":"Evansdale Ward 4","POLLING_PLACE":"J400 COMMUNITY RESPONSE CENTER","ADDR_LINE_1":"911 EVANS RD","CITY_1":"EVANSDALE","ZIP":"50707","House_Dist":62,"Senate_Dis":"31","Congressio":"1","SOSID_NEW":"7_J400"}},{"type":"Feature","id":291,"geometry":{"type":"Point","coordinates":[-92.27798235699993,42.47412664500007]},"properties":{"OBJECTID_12":291,"COUNTY":"Black Hawk","DISTRICT_CODE":"J300","PRECINCT":"Evansdale Ward 3","POLLING_PLACE":"J300 PRINCE OF PEACE CHURCH","ADDR_LINE_1":"4031 LAFAYETTE RD","CITY_1":"EVANSDALE","ZIP":"50707","House_Dist":62,"Senate_Dis":"31","Congressio":"1","SOSID_NEW":"7_J300"}},{"type":"Feature","id":292,"geometry":{"type":"Point","coordinates":[-92.36881835299994,42.530438762000074]},"properties":{"OBJECTID_12":292,"COUNTY":"Black Hawk","DISTRICT_CODE":"W301","PRECINCT":"Precinct W301","POLLING_PLACE":"W301 RIVER'S EDGE CHRISTIAN CHURCH","ADDR_LINE_1":"1247 CEDAR BEND ST","CITY_1":"WATERLOO","ZIP":"50703","House_Dist":62,"Senate_Dis":"31","Congressio":"1","SOSID_NEW":"7_W301"}},{"type":"Feature","id":293,"geometry":{"type":"Point","coordinates":[-92.34035984199994,42.53141197200006]},"properties":{"OBJECTID_12":293,"COUNTY":"Black Hawk","DISTRICT_CODE":"W302","PRECINCT":"Precinct W302","POLLING_PLACE":"W302 BARRETT FORUM, (ALLEN COLLEGE)","ADDR_LINE_1":"1990 HEATH ST","CITY_1":"WATERLOO","ZIP":"50703","House_Dist":62,"Senate_Dis":"31","Congressio":"1","SOSID_NEW":"7_W302"}},{"type":"Feature","id":294,"geometry":{"type":"Point","coordinates":[-92.33162076999992,42.52759722400003]},"properties":{"OBJECTID_12":294,"COUNTY":"Black Hawk","DISTRICT_CODE":"W401","PRECINCT":"Precinct W401","POLLING_PLACE":"W401 GOOD SHEPHERD LUTHERAN CHURCH","ADDR_LINE_1":"517 E DONALD ST","CITY_1":"WATERLOO","ZIP":"50703","House_Dist":62,"Senate_Dis":"31","Congressio":"1","SOSID_NEW":"7_W401"}},{"type":"Feature","id":295,"geometry":{"type":"Point","coordinates":[-92.34056031099993,42.523942151000085]},"properties":{"OBJECTID_12":295,"COUNTY":"Black Hawk","DISTRICT_CODE":"W303","PRECINCT":"Precinct W303","POLLING_PLACE":"W303 ST PAUL UNITED METHODIST CHURCH","ADDR_LINE_1":"207 W LOUISE ST","CITY_1":"WATERLOO","ZIP":"50703","House_Dist":62,"Senate_Dis":"31","Congressio":"1","SOSID_NEW":"7_W303"}},{"type":"Feature","id":296,"geometry":{"type":"Point","coordinates":[-92.3450836959999,42.512621452000076]},"properties":{"OBJECTID_12":296,"COUNTY":"Black Hawk","DISTRICT_CODE":"W304","PRECINCT":"Precinct W304","POLLING_PLACE":"W304 NEW HOPE MISSIONARY BAPTIST CHURCH","ADDR_LINE_1":"710 BROADWAY ST","CITY_1":"WATERLOO","ZIP":"50703","House_Dist":62,"Senate_Dis":"31","Congressio":"1","SOSID_NEW":"7_W304"}},{"type":"Feature","id":297,"geometry":{"type":"Point","coordinates":[-92.16015880999993,41.573841593000054]},"properties":{"OBJECTID_12":297,"COUNTY":"Iowa","DISTRICT_CODE":"DA","PRECINCT":"Dayton English 1","POLLING_PLACE":"MILLERSBURG CITY HALL","ADDR_LINE_1":"461 WASHINGTON ST","CITY_1":"MILLERSBURG","ZIP":"52308","House_Dist":76,"Senate_Dis":"38","Congressio":"1","SOSID_NEW":"48_DA"}},{"type":"Feature","id":298,"geometry":{"type":"Point","coordinates":[-92.07646837399994,41.51621255500004]},"properties":{"OBJECTID_12":298,"COUNTY":"Iowa","DISTRICT_CODE":"EN","PRECINCT":"English 2","POLLING_PLACE":"NORTH ENGLISH FIRE STATION","ADDR_LINE_1":"210 N MAIN ST","CITY_1":"NORTH ENGLISH","ZIP":"52316","House_Dist":76,"Senate_Dis":"38","Congressio":"1","SOSID_NEW":"48_EN"}},{"type":"Feature","id":299,"geometry":{"type":"Point","coordinates":[-92.29812651099991,41.731773399000076]},"properties":{"OBJECTID_12":299,"COUNTY":"Iowa","DISTRICT_CODE":"HL","PRECINCT":"Hartford 2 Lincoln","POLLING_PLACE":"VICTOR PUBLIC LIBRARY","ADDR_LINE_1":"712 2ND ST","CITY_1":"VICTOR","ZIP":"52347","House_Dist":76,"Senate_Dis":"38","Congressio":"1","SOSID_NEW":"48_HL"}},{"type":"Feature","id":300,"geometry":{"type":"Point","coordinates":[-92.18229647299995,41.75675728900006]},"properties":{"OBJECTID_12":300,"COUNTY":"Iowa","DISTRICT_CODE":"HS","PRECINCT":"Hartford 1 Sumner","POLLING_PLACE":"IA CO SECONDARY ROAD SHOP","ADDR_LINE_1":"105 EAST ST","CITY_1":"LADORA","ZIP":"52251","House_Dist":76,"Senate_Dis":"38","Congressio":"1","SOSID_NEW":"48_HS"}},{"type":"Feature","id":301,"geometry":{"type":"Point","coordinates":[-95.65746347899994,40.605312618000085]},"properties":{"OBJECTID_12":301,"COUNTY":"Fremont","DISTRICT_CODE":"HB","PRECINCT":"Hamburg/Washington Twp","POLLING_PLACE":"HAMBURG CITY HALL","ADDR_LINE_1":"1201 MAIN ST","CITY_1":"HAMBURG","ZIP":"51640","House_Dist":23,"Senate_Dis":"12","Congressio":"3","SOSID_NEW":"36_HB"}},{"type":"Feature","id":302,"geometry":{"type":"Point","coordinates":[-95.48102467299992,40.71921776000005]},"properties":{"OBJECTID_12":302,"COUNTY":"Fremont","DISTRICT_CODE":"FG","PRECINCT":"Farragut Pct","POLLING_PLACE":"FARRAGUT CITY HALL","ADDR_LINE_1":"518 HARTFORD AVE","CITY_1":"FARRAGUT","ZIP":"51639","House_Dist":23,"Senate_Dis":"12","Congressio":"3","SOSID_NEW":"36_FG"}},{"type":"Feature","id":303,"geometry":{"type":"Point","coordinates":[-95.56847292299994,40.68591016800008]},"properties":{"OBJECTID_12":303,"COUNTY":"Fremont","DISTRICT_CODE":"RT","PRECINCT":"Riverton Pct","POLLING_PLACE":"RIVERTON COMMUNITY CENTER","ADDR_LINE_1":"808 SUMMER AVE","CITY_1":"RIVERTON","ZIP":"51650","House_Dist":23,"Senate_Dis":"12","Congressio":"3","SOSID_NEW":"36_RT"}},{"type":"Feature","id":304,"geometry":{"type":"Point","coordinates":[-95.6471181529999,40.74829309200004]},"properties":{"OBJECTID_12":304,"COUNTY":"Fremont","DISTRICT_CODE":"SN","PRECINCT":"Sidney Pct","POLLING_PLACE":"COURTHOUSE","ADDR_LINE_1":"506 FILMORE ST","CITY_1":"SIDNEY","ZIP":"51652","House_Dist":23,"Senate_Dis":"12","Congressio":"3","SOSID_NEW":"36_SN"}},{"type":"Feature","id":305,"geometry":{"type":"Point","coordinates":[-95.67131479099993,40.90155370300005]},"properties":{"OBJECTID_12":305,"COUNTY":"Fremont","DISTRICT_CODE":"GNRSSC","PRECINCT":"Green Riverside Scott Pct","POLLING_PLACE":"TABOR CITY HALL","ADDR_LINE_1":"900 MAIN ST","CITY_1":"TABOR","ZIP":"51653","House_Dist":23,"Senate_Dis":"12","Congressio":"3","SOSID_NEW":"65_GNRSSC"}},{"type":"Feature","id":306,"geometry":{"type":"Point","coordinates":[-91.05854385599991,41.88875132700008]},"properties":{"OBJECTID_12":306,"COUNTY":"Cedar","DISTRICT_CODE":"DA","PRECINCT":"Dayton Fairfield","POLLING_PLACE":"CLARENCE CITY HALL","ADDR_LINE_1":"411 LOMBARD ST","CITY_1":"CLARENCE","ZIP":"52216","House_Dist":73,"Senate_Dis":"37","Congressio":"2","SOSID_NEW":"16_DA"}},{"type":"Feature","id":307,"geometry":{"type":"Point","coordinates":[-90.91255658299991,41.602799926000046]},"properties":{"OBJECTID_12":307,"COUNTY":"Cedar","DISTRICT_CODE":"FM","PRECINCT":"Farmington Sugar Creek","POLLING_PLACE":"DURANT COMMUNITY CENTER","ADDR_LINE_1":"605 5TH AVE","CITY_1":"DURANT","ZIP":"52747","House_Dist":73,"Senate_Dis":"37","Congressio":"2","SOSID_NEW":"16_FM"}},{"type":"Feature","id":308,"geometry":{"type":"Point","coordinates":[-91.15052414899992,41.89280800600005]},"properties":{"OBJECTID_12":308,"COUNTY":"Cedar","DISTRICT_CODE":"FR","PRECINCT":"Fremont Red Oak","POLLING_PLACE":"STANWOOD MASONIC HALL","ADDR_LINE_1":"209 E BROADWAY ST","CITY_1":"STANWOOD","ZIP":"52337","House_Dist":73,"Senate_Dis":"37","Congressio":"2","SOSID_NEW":"16_FR"}},{"type":"Feature","id":309,"geometry":{"type":"Point","coordinates":[-90.9739270579999,41.73993272300004]},"properties":{"OBJECTID_12":309,"COUNTY":"Cedar","DISTRICT_CODE":"IN","PRECINCT":"Inland ","POLLING_PLACE":"BENNETT COMMUNITY BUILDING","ADDR_LINE_1":"242 MAIN STREET","CITY_1":"BENNETT","ZIP":"52721","House_Dist":73,"Senate_Dis":"37","Congressio":"2","SOSID_NEW":"16_IN"}},{"type":"Feature","id":310,"geometry":{"type":"Point","coordinates":[-91.25427084099994,41.90481422900007]},"properties":{"OBJECTID_12":310,"COUNTY":"Cedar","DISTRICT_CODE":"LN","PRECINCT":"Linn Pioneer","POLLING_PLACE":"MECHANICSVILLE MEMORIAL BLDG.","ADDR_LINE_1":"102 N JOHN ST","CITY_1":"MECHANICSVILLE","ZIP":"52306","House_Dist":73,"Senate_Dis":"37","Congressio":"2","SOSID_NEW":"16_LN"}},{"type":"Feature","id":311,"geometry":{"type":"Point","coordinates":[-90.92685875599994,41.857603038000036]},"properties":{"OBJECTID_12":311,"COUNTY":"Cedar","DISTRICT_CODE":"MA","PRECINCT":"Massillon Springfield","POLLING_PLACE":"LOWDEN CITY HALL","ADDR_LINE_1":"501 MAIN ST","CITY_1":"LOWDEN","ZIP":"52255","House_Dist":73,"Senate_Dis":"37","Congressio":"2","SOSID_NEW":"16_MA"}},{"type":"Feature","id":312,"geometry":{"type":"Point","coordinates":[-91.12836391299993,41.76905432500007]},"properties":{"OBJECTID_12":312,"COUNTY":"Cedar","DISTRICT_CODE":"CN","PRECINCT":"Cass Center Iowa Rochester","POLLING_PLACE":"CASS/CENTER/IOWA/ROCHESTER - COURT ROOM","ADDR_LINE_1":"400 CEDAR ST","CITY_1":"TIPTON","ZIP":"52772","House_Dist":73,"Senate_Dis":"37","Congressio":"2","SOSID_NEW":"16_CN"}},{"type":"Feature","id":313,"geometry":{"type":"Point","coordinates":[-91.12836391299993,41.76905432500007]},"properties":{"OBJECTID_12":313,"COUNTY":"Cedar","DISTRICT_CODE":"TT1","PRECINCT":"Tipton 1","POLLING_PLACE":"TIPTON 1- ROOM 2B","ADDR_LINE_1":"400 CEDAR ST","CITY_1":"TIPTON","ZIP":"52772","House_Dist":73,"Senate_Dis":"37","Congressio":"2","SOSID_NEW":"16_TT1"}},{"type":"Feature","id":314,"geometry":{"type":"Point","coordinates":[-91.12836391299993,41.76905432500007]},"properties":{"OBJECTID_12":314,"COUNTY":"Cedar","DISTRICT_CODE":"TT2","PRECINCT":"Tipton 2","POLLING_PLACE":"TIPTON 2 - N 1/2 ROOM B-4","ADDR_LINE_1":"400 CEDAR ST","CITY_1":"TIPTON","ZIP":"52772","House_Dist":73,"Senate_Dis":"37","Congressio":"2","SOSID_NEW":"16_TT2"}},{"type":"Feature","id":315,"geometry":{"type":"Point","coordinates":[-91.12836391299993,41.76905432500007]},"properties":{"OBJECTID_12":315,"COUNTY":"Cedar","DISTRICT_CODE":"TT3","PRECINCT":"Tipton 3","POLLING_PLACE":"TIPTON 3 - S 1/2 ROOM B-4","ADDR_LINE_1":"400 CEDAR ST","CITY_1":"TIPTON","ZIP":"52772","House_Dist":73,"Senate_Dis":"37","Congressio":"2","SOSID_NEW":"16_TT3"}},{"type":"Feature","id":316,"geometry":{"type":"Point","coordinates":[-91.34512082299995,41.67143858600008]},"properties":{"OBJECTID_12":316,"COUNTY":"Cedar","DISTRICT_CODE":"GW","PRECINCT":"Gower Springdale","POLLING_PLACE":"W.B. TOWN HALL (GW/SD)","ADDR_LINE_1":"205 E MAIN ST","CITY_1":"WEST BRANCH","ZIP":"52358","House_Dist":73,"Senate_Dis":"37","Congressio":"2","SOSID_NEW":"16_GW"}},{"type":"Feature","id":317,"geometry":{"type":"Point","coordinates":[-91.34529511799991,41.671436449000055]},"properties":{"OBJECTID_12":317,"COUNTY":"Cedar","DISTRICT_CODE":"WB1","PRECINCT":"West Branch 1","POLLING_PLACE":"W.B. TOWN HALL (WB1)","ADDR_LINE_1":"205 E MAIN","CITY_1":"WEST BRANCH","ZIP":"52358","House_Dist":73,"Senate_Dis":"37","Congressio":"2","SOSID_NEW":"16_WB1"}},{"type":"Feature","id":318,"geometry":{"type":"Point","coordinates":[-92.94973922499992,40.77761704200009]},"properties":{"OBJECTID_12":318,"COUNTY":"Appanoose","DISTRICT_CODE":"WA","PRECINCT":"Walnut","POLLING_PLACE":"MYSTIC CITY HALL","ADDR_LINE_1":"MAIN ST","CITY_1":"MYSTIC","ZIP":"52574","House_Dist":80,"Senate_Dis":"40","Congressio":"2","SOSID_NEW":"4_WA"}},{"type":"Feature","id":319,"geometry":{"type":"Point","coordinates":[-92.97833815199994,40.68882025100004]},"properties":{"OBJECTID_12":319,"COUNTY":"Appanoose","DISTRICT_CODE":"BL","PRECINCT":"Bellair Lincoln","POLLING_PLACE":"NUMA COMMUNITY CENTER","ADDR_LINE_1":"104 WALNUT ST","CITY_1":"NUMA","ZIP":"52544","House_Dist":80,"Senate_Dis":"40","Congressio":"2","SOSID_NEW":"4_BL"}},{"type":"Feature","id":320,"geometry":{"type":"Point","coordinates":[-92.81459711199994,40.89088407700007]},"properties":{"OBJECTID_12":320,"COUNTY":"Appanoose","DISTRICT_CODE":"TY","PRECINCT":"Taylor Chariton","POLLING_PLACE":"MORAVIA CITY HALL","ADDR_LINE_1":"116 S WILLIAM","CITY_1":"MORAVIA","ZIP":"52571","House_Dist":80,"Senate_Dis":"40","Congressio":"2","SOSID_NEW":"4_TY"}},{"type":"Feature","id":321,"geometry":{"type":"Point","coordinates":[-92.93167406399994,40.63093654000005]},"properties":{"OBJECTID_12":321,"COUNTY":"Appanoose","DISTRICT_CODE":"PS","PRECINCT":"Pleasant Franklin","POLLING_PLACE":"CINCINNATI CITY HALL","ADDR_LINE_1":"W PLEASANT ST","CITY_1":"CINCINNATI","ZIP":"52549","House_Dist":80,"Senate_Dis":"40","Congressio":"2","SOSID_NEW":"4_PS"}},{"type":"Feature","id":322,"geometry":{"type":"Point","coordinates":[-93.0456139499999,40.75736518000008]},"properties":{"OBJECTID_12":322,"COUNTY":"Appanoose","DISTRICT_CODE":"JO","PRECINCT":"Johns Independence","POLLING_PLACE":"CHRISTIAN CHURCH FELLOWSHIP HALL","ADDR_LINE_1":"2ND ST","CITY_1":"PLANO","ZIP":"52581","House_Dist":80,"Senate_Dis":"40","Congressio":"2","SOSID_NEW":"4_JO"}},{"type":"Feature","id":323,"geometry":{"type":"Point","coordinates":[-92.67716710299993,40.68535290900007]},"properties":{"OBJECTID_12":323,"COUNTY":"Appanoose","DISTRICT_CODE":"WS","PRECINCT":"Washington Wells","POLLING_PLACE":"MOULTON CITY HALL","ADDR_LINE_1":"MAIN ST","CITY_1":"MOULTON","ZIP":"52572","House_Dist":80,"Senate_Dis":"40","Congressio":"2","SOSID_NEW":"4_WS"}},{"type":"Feature","id":324,"geometry":{"type":"Point","coordinates":[-92.84750355999995,40.64833316800008]},"properties":{"OBJECTID_12":324,"COUNTY":"Appanoose","DISTRICT_CODE":"CW","PRECINCT":"Caldwell","POLLING_PLACE":"EXLINE COMMUNITY BUILDING","ADDR_LINE_1":"MAIN ST","CITY_1":"EXLINE","ZIP":"52555","House_Dist":80,"Senate_Dis":"40","Congressio":"2","SOSID_NEW":"4_CW"}},{"type":"Feature","id":325,"geometry":{"type":"Point","coordinates":[-92.69599232099995,40.81920551300004]},"properties":{"OBJECTID_12":325,"COUNTY":"Appanoose","DISTRICT_CODE":"UD","PRECINCT":"Union/Udell","POLLING_PLACE":"UNIONVILLE AMERICAN LEGION","ADDR_LINE_1":"MAIN ST","CITY_1":"UNIONVILLE","ZIP":"52594","House_Dist":80,"Senate_Dis":"40","Congressio":"2","SOSID_NEW":"4_UD"}},{"type":"Feature","id":326,"geometry":{"type":"Point","coordinates":[-92.87175054999994,40.73249692400009]},"properties":{"OBJECTID_12":326,"COUNTY":"Appanoose","DISTRICT_CODE":"CV2","PRECINCT":"Centerville W2","POLLING_PLACE":"CENTERVILLE CITY HALL","ADDR_LINE_1":"312 E MAPLE","CITY_1":"CENTERVILLE","ZIP":"52544","House_Dist":80,"Senate_Dis":"40","Congressio":"2","SOSID_NEW":"4_CV2"}},{"type":"Feature","id":327,"geometry":{"type":"Point","coordinates":[-92.87475784399993,40.73384201600004]},"properties":{"OBJECTID_12":327,"COUNTY":"Appanoose","DISTRICT_CODE":"VM","PRECINCT":"Vermillion Douglas Sharon","POLLING_PLACE":"COURTHOUSE-1ST FLOOR","ADDR_LINE_1":"201 N 12TH","CITY_1":"CENTERVILLE","ZIP":"52544","House_Dist":80,"Senate_Dis":"40","Congressio":"2","SOSID_NEW":"4_VM"}},{"type":"Feature","id":328,"geometry":{"type":"Point","coordinates":[-92.8678303989999,40.71531611900008]},"properties":{"OBJECTID_12":328,"COUNTY":"Appanoose","DISTRICT_CODE":"CV1","PRECINCT":"Centerville W1","POLLING_PLACE":"BUS BARN","ADDR_LINE_1":"10TH & FRANKLIN","CITY_1":"CENTERVILLE","ZIP":"52544","House_Dist":80,"Senate_Dis":"40","Congressio":"2","SOSID_NEW":"4_CV1"}},{"type":"Feature","id":329,"geometry":{"type":"Point","coordinates":[-92.86771816999993,40.71915176300007]},"properties":{"OBJECTID_12":329,"COUNTY":"Appanoose","DISTRICT_CODE":"CV3","PRECINCT":"Centerville W3","POLLING_PLACE":"LAKEVIEW SCHOOL","ADDR_LINE_1":"W COTTAGE","CITY_1":"CENTERVILLE","ZIP":"52544","House_Dist":80,"Senate_Dis":"40","Congressio":"2","SOSID_NEW":"4_CV3"}},{"type":"Feature","id":330,"geometry":{"type":"Point","coordinates":[-92.41895170499993,40.747559580000086]},"properties":{"OBJECTID_12":330,"COUNTY":"Davis","DISTRICT_CODE":"BF2","PRECINCT":"Bloomfield 2","POLLING_PLACE":"BLFD FIRE STATION 2","ADDR_LINE_1":"501 S. WEST ST.","CITY_1":"BLOOMFIELD","ZIP":"52537","House_Dist":82,"Senate_Dis":"41","Congressio":"2","SOSID_NEW":"26_BF2"}},{"type":"Feature","id":331,"geometry":{"type":"Point","coordinates":[-92.41895170499993,40.747559580000086]},"properties":{"OBJECTID_12":331,"COUNTY":"Davis","DISTRICT_CODE":"BF3","PRECINCT":"Bloomfield 3","POLLING_PLACE":"BLFD FIRE STATION 3","ADDR_LINE_1":"501 S. WEST ST.","CITY_1":"BLOOMFIELD","ZIP":"52537","House_Dist":82,"Senate_Dis":"41","Congressio":"2","SOSID_NEW":"26_BF3"}},{"type":"Feature","id":332,"geometry":{"type":"Point","coordinates":[-92.49030498799993,40.823908982000034]},"properties":{"OBJECTID_12":332,"COUNTY":"Davis","DISTRICT_CODE":"NW","PRECINCT":"North West","POLLING_PLACE":"DRAKESVILLE SHELTER HOUSE","ADDR_LINE_1":"CITY PARK","CITY_1":"DRAKESVILLE","ZIP":"52552","House_Dist":82,"Senate_Dis":"41","Congressio":"2","SOSID_NEW":"26_NW"}},{"type":"Feature","id":333,"geometry":{"type":"Point","coordinates":[-92.3039980669999,40.862975567000035]},"properties":{"OBJECTID_12":333,"COUNTY":"Davis","DISTRICT_CODE":"NE","PRECINCT":"North East","POLLING_PLACE":"FLORIS COMMUNITY HALL","ADDR_LINE_1":"COMMUNITY HALL","CITY_1":"FLORIS","ZIP":"52560","House_Dist":82,"Senate_Dis":"41","Congressio":"2","SOSID_NEW":"26_NE"}},{"type":"Feature","id":334,"geometry":{"type":"Point","coordinates":[-92.27350007899992,40.696838193000076]},"properties":{"OBJECTID_12":334,"COUNTY":"Davis","DISTRICT_CODE":"SE","PRECINCT":"South East","POLLING_PLACE":"PULASKI CITY HALL/FIRE DEPT","ADDR_LINE_1":"106 S SECOND ST","CITY_1":"PULASKI","ZIP":"52584","House_Dist":82,"Senate_Dis":"41","Congressio":"2","SOSID_NEW":"26_SE"}},{"type":"Feature","id":335,"geometry":{"type":"Point","coordinates":[-92.39445280799993,40.73808403800007]},"properties":{"OBJECTID_12":335,"COUNTY":"Davis","DISTRICT_CODE":"CN","PRECINCT":"Central","POLLING_PLACE":"SOUTHERN IOWA ELECTRIC COOP","ADDR_LINE_1":"22458 HWY 2","CITY_1":"BLOOMFIELD","ZIP":"52537","House_Dist":82,"Senate_Dis":"41","Congressio":"2","SOSID_NEW":"26_CN"}},{"type":"Feature","id":336,"geometry":{"type":"Point","coordinates":[-92.55958664799994,40.725562429000036]},"properties":{"OBJECTID_12":336,"COUNTY":"Davis","DISTRICT_CODE":"SW","PRECINCT":"South West","POLLING_PLACE":"WEST GROVE TOWNSHIP HALL","ADDR_LINE_1":"HWY 2","CITY_1":"WEST GROVE","ZIP":"52538","House_Dist":82,"Senate_Dis":"41","Congressio":"2","SOSID_NEW":"26_SW"}},{"type":"Feature","id":337,"geometry":{"type":"Point","coordinates":[-92.40505165399992,40.75462887000003]},"properties":{"OBJECTID_12":337,"COUNTY":"Davis","DISTRICT_CODE":"BF1","PRECINCT":"Bloomfield 1","POLLING_PLACE":"MUTCHLER CENTER","ADDR_LINE_1":"900 E NORTH ST","CITY_1":"BLOOMFIELD","ZIP":"52537","House_Dist":82,"Senate_Dis":"41","Congressio":"2","SOSID_NEW":"26_BF1"}},{"type":"Feature","id":338,"geometry":{"type":"Point","coordinates":[-91.66112447499995,41.14712565600007]},"properties":{"OBJECTID_12":338,"COUNTY":"Henry","DISTRICT_CODE":"NW","PRECINCT":"NW Precinct","POLLING_PLACE":"WAYLAND CITY HALL","ADDR_LINE_1":"218 W MAIN ST","CITY_1":"WAYLAND","ZIP":"52654","House_Dist":84,"Senate_Dis":"42","Congressio":"2","SOSID_NEW":"44_NW"}},{"type":"Feature","id":339,"geometry":{"type":"Point","coordinates":[-91.43794752799994,41.128839897000034]},"properties":{"OBJECTID_12":339,"COUNTY":"Henry","DISTRICT_CODE":"NE","PRECINCT":"NE Precinct","POLLING_PLACE":"WINFIELD CITY HALL","ADDR_LINE_1":"115 N LOCUST ST","CITY_1":"WINFIELD","ZIP":"52659","House_Dist":84,"Senate_Dis":"42","Congressio":"2","SOSID_NEW":"44_NE"}},{"type":"Feature","id":340,"geometry":{"type":"Point","coordinates":[-91.62140210099994,40.85357335600008]},"properties":{"OBJECTID_12":340,"COUNTY":"Henry","DISTRICT_CODE":"SW","PRECINCT":"SW Precinct","POLLING_PLACE":"SALEM COMMUNITY CENTER","ADDR_LINE_1":"201 S MAIN ST","CITY_1":"SALEM","ZIP":"52649","House_Dist":84,"Senate_Dis":"42","Congressio":"2","SOSID_NEW":"44_SW"}},{"type":"Feature","id":341,"geometry":{"type":"Point","coordinates":[-91.40163636599993,40.925897845000065]},"properties":{"OBJECTID_12":341,"COUNTY":"Henry","DISTRICT_CODE":"SE","PRECINCT":"SE Precinct","POLLING_PLACE":"NEW LONDON COMM CTR","ADDR_LINE_1":"106 N DIVISION ST","CITY_1":"NEW LONDON","ZIP":"52645","House_Dist":84,"Senate_Dis":"42","Congressio":"2","SOSID_NEW":"44_SE"}},{"type":"Feature","id":342,"geometry":{"type":"Point","coordinates":[-91.54881938599993,40.96716001600004]},"properties":{"OBJECTID_12":342,"COUNTY":"Henry","DISTRICT_CODE":"CE","PRECINCT":"Central Precinct","POLLING_PLACE":"COTTRELL GYM WRESTLING ROOM","ADDR_LINE_1":"404 E MADISON ST","CITY_1":"MT PLEASANT","ZIP":"52641","House_Dist":84,"Senate_Dis":"42","Congressio":"2","SOSID_NEW":"44_CE"}},{"type":"Feature","id":343,"geometry":{"type":"Point","coordinates":[-91.54444270499994,40.96673752000004]},"properties":{"OBJECTID_12":343,"COUNTY":"Henry","DISTRICT_CODE":"MP1","PRECINCT":"Mt Pleasant Pct 1","POLLING_PLACE":"COTTRELL GYM 1","ADDR_LINE_1":"E. MADISON ST","CITY_1":"MT PLEASANT","ZIP":"52641","House_Dist":84,"Senate_Dis":"42","Congressio":"2","SOSID_NEW":"44_MP1"}},{"type":"Feature","id":344,"geometry":{"type":"Point","coordinates":[-91.54444270499994,40.96673752000004]},"properties":{"OBJECTID_12":344,"COUNTY":"Henry","DISTRICT_CODE":"MP2","PRECINCT":"Mt Pleasant Pct 2","POLLING_PLACE":"COTTRELL GYM 2","ADDR_LINE_1":"E. MADISON ST","CITY_1":"MT PLEASANT","ZIP":"52641","House_Dist":84,"Senate_Dis":"42","Congressio":"2","SOSID_NEW":"44_MP2"}},{"type":"Feature","id":345,"geometry":{"type":"Point","coordinates":[-91.54444270499994,40.96673752000004]},"properties":{"OBJECTID_12":345,"COUNTY":"Henry","DISTRICT_CODE":"MP3","PRECINCT":"Mt Pleasant Pct 3","POLLING_PLACE":"COTTRELL GYM 3","ADDR_LINE_1":"E. MADISON ST","CITY_1":"MT PLEASANT","ZIP":"52641","House_Dist":84,"Senate_Dis":"42","Congressio":"2","SOSID_NEW":"44_MP3"}},{"type":"Feature","id":346,"geometry":{"type":"Point","coordinates":[-91.54444270499994,40.96673752000004]},"properties":{"OBJECTID_12":346,"COUNTY":"Henry","DISTRICT_CODE":"MP4","PRECINCT":"Mt Pleasant Pct 4","POLLING_PLACE":"COTTRELL GYM 4","ADDR_LINE_1":"E MADISON ST","CITY_1":"MT PLEASANT","ZIP":"52641","House_Dist":84,"Senate_Dis":"42","Congressio":"2","SOSID_NEW":"44_MP4"}},{"type":"Feature","id":347,"geometry":{"type":"Point","coordinates":[-93.78028911599995,41.64599012600007]},"properties":{"OBJECTID_12":347,"COUNTY":"Dallas","DISTRICT_CODE":"URB13","PRECINCT":"Urbandale 13","POLLING_PLACE":"KAPLAN UNIVERSITY","ADDR_LINE_1":"4655 121ST ST","CITY_1":"URBANDALE","ZIP":"50323","House_Dist":40,"Senate_Dis":"20","Congressio":"3","SOSID_NEW":"77_URB13"}},{"type":"Feature","id":348,"geometry":{"type":"Point","coordinates":[-93.83179002399993,41.55410798100007]},"properties":{"OBJECTID_12":348,"COUNTY":"Dallas","DISTRICT_CODE":"WM321","PRECINCT":"West Des Moines 321","POLLING_PLACE":"EDGEWATER WESLEY LIFE COMMUNITY (WDM321)","ADDR_LINE_1":"9225 CASCADE AVE","CITY_1":"W DES MOINES","ZIP":"50266","House_Dist":44,"Senate_Dis":"22","Congressio":"3","SOSID_NEW":"25_WM321"}},{"type":"Feature","id":349,"geometry":{"type":"Point","coordinates":[-93.83179002399993,41.55410798100007]},"properties":{"OBJECTID_12":349,"COUNTY":"Dallas","DISTRICT_CODE":"WM322","PRECINCT":"West Des Moines 322","POLLING_PLACE":"EDGEWATER WESLEY LIFE COMMUNITY (WDM322)","ADDR_LINE_1":"9225 CASCADE AVE","CITY_1":"W DES MOINES","ZIP":"50266","House_Dist":44,"Senate_Dis":"22","Congressio":"3","SOSID_NEW":"25_WM322"}},{"type":"Feature","id":350,"geometry":{"type":"Point","coordinates":[-93.80470333099993,41.583137597000075]},"properties":{"OBJECTID_12":350,"COUNTY":"Dallas","DISTRICT_CODE":"WM225","PRECINCT":"West Des Moines 225","POLLING_PLACE":"ST FRANCIS OF ASSISI CHURCH (WDM 225)","ADDR_LINE_1":"7075 ASHWORTH RD","CITY_1":"W DES MOINES","ZIP":"50266","House_Dist":44,"Senate_Dis":"22","Congressio":"3","SOSID_NEW":"25_WM225"}},{"type":"Feature","id":351,"geometry":{"type":"Point","coordinates":[-93.80470333099993,41.583137597000075]},"properties":{"OBJECTID_12":351,"COUNTY":"Dallas","DISTRICT_CODE":"WM226","PRECINCT":"West Des Moines 226","POLLING_PLACE":"ST FRANCIS OF ASSISI CHURCH (WDM 226)","ADDR_LINE_1":"7075 ASHWORTH RD.","CITY_1":"W W DES MOINES","ZIP":"50266","House_Dist":44,"Senate_Dis":"22","Congressio":"3","SOSID_NEW":"25_WM226"}},{"type":"Feature","id":352,"geometry":{"type":"Point","coordinates":[-93.80899361099995,41.580879984000035]},"properties":{"OBJECTID_12":352,"COUNTY":"Dallas","DISTRICT_CODE":"WM221","PRECINCT":"West Des Moines 221","POLLING_PLACE":"LUTHERAN CHURCH OF HOPE (WDM221)","ADDR_LINE_1":"925 JORDAN CREEK PKWY","CITY_1":"W DES MOINES","ZIP":"50266","House_Dist":44,"Senate_Dis":"22","Congressio":"3","SOSID_NEW":"25_WM221"}},{"type":"Feature","id":353,"geometry":{"type":"Point","coordinates":[-93.80899361099995,41.580879984000035]},"properties":{"OBJECTID_12":353,"COUNTY":"Dallas","DISTRICT_CODE":"WM222","PRECINCT":"West Des Moines 222","POLLING_PLACE":"LUTHERAN CHURCH OF HOPE (WDM222)","ADDR_LINE_1":"925 JORDAN CREEK PKWY","CITY_1":"W DES MOINES","ZIP":"50266","House_Dist":44,"Senate_Dis":"22","Congressio":"3","SOSID_NEW":"25_WM222"}},{"type":"Feature","id":354,"geometry":{"type":"Point","coordinates":[-93.81844248499993,41.57455820200005]},"properties":{"OBJECTID_12":354,"COUNTY":"Dallas","DISTRICT_CODE":"WM223","PRECINCT":"West Des Moines 223","POLLING_PLACE":"BTFL SVR EVANG LUTHERAN CHURCH","ADDR_LINE_1":"8051 EP TRUE PKWY","CITY_1":"W DES MOINES","ZIP":"50266","House_Dist":44,"Senate_Dis":"22","Congressio":"3","SOSID_NEW":"25_WM223"}},{"type":"Feature","id":355,"geometry":{"type":"Point","coordinates":[-93.87225689199994,41.60542001600004]},"properties":{"OBJECTID_12":355,"COUNTY":"Dallas","DISTRICT_CODE":"WK1","PRECINCT":"Waukee 1","POLLING_PLACE":"IMMANUEL LUTHERAN CHURCH","ADDR_LINE_1":"900 WARRIOR LN","CITY_1":"WAUKEE","ZIP":"50263","House_Dist":44,"Senate_Dis":"22","Congressio":"3","SOSID_NEW":"25_WK1"}},{"type":"Feature","id":356,"geometry":{"type":"Point","coordinates":[-93.88682122799992,41.61150281100004]},"properties":{"OBJECTID_12":356,"COUNTY":"Dallas","DISTRICT_CODE":"WK3","PRECINCT":"Waukee 3","POLLING_PLACE":"WAUKEE COMMUNITY CENTER","ADDR_LINE_1":"675 WALNUT","CITY_1":"WAUKEE","ZIP":"50263","House_Dist":44,"Senate_Dis":"22","Congressio":"3","SOSID_NEW":"25_WK3"}},{"type":"Feature","id":357,"geometry":{"type":"Point","coordinates":[-93.87229768499992,41.600390796000056]},"properties":{"OBJECTID_12":357,"COUNTY":"Dallas","DISTRICT_CODE":"WK5","PRECINCT":"Waukee 5","POLLING_PLACE":"ST BONIFACE CHURCH","ADDR_LINE_1":"1200 WARRIOR LN","CITY_1":"WAUKEE","ZIP":"50263","House_Dist":44,"Senate_Dis":"22","Congressio":"3","SOSID_NEW":"25_WK5"}},{"type":"Feature","id":358,"geometry":{"type":"Point","coordinates":[-93.86209005799992,41.600393127000075]},"properties":{"OBJECTID_12":358,"COUNTY":"Dallas","DISTRICT_CODE":"WK6","PRECINCT":"Waukee 6","POLLING_PLACE":"WAUKEE SCHOOL ADMIN BLDG","ADDR_LINE_1":"560 SE UNIVERSITY AVE","CITY_1":"WAUKEE","ZIP":"50263","House_Dist":44,"Senate_Dis":"22","Congressio":"3","SOSID_NEW":"25_WK6"}},{"type":"Feature","id":359,"geometry":{"type":"Point","coordinates":[-93.83359424999992,41.601390812000034]},"properties":{"OBJECTID_12":359,"COUNTY":"Dallas","DISTRICT_CODE":"WK4","PRECINCT":"Waukee 4","POLLING_PLACE":"WESTVIEW CHURCH","ADDR_LINE_1":"1155 SE BOONE DR","CITY_1":"WAUKEE","ZIP":"50263","House_Dist":44,"Senate_Dis":"22","Congressio":"3","SOSID_NEW":"25_WK4"}},{"type":"Feature","id":360,"geometry":{"type":"Point","coordinates":[-93.86605399199993,41.619020473000035]},"properties":{"OBJECTID_12":360,"COUNTY":"Dallas","DISTRICT_CODE":"URB14","PRECINCT":"Urbandale 14","POLLING_PLACE":"POINT OF GRACE CHURCH 14","ADDR_LINE_1":"305 NE DARTMOOR DR","CITY_1":"WAUKEE","ZIP":"50263","House_Dist":44,"Senate_Dis":"22","Congressio":"3","SOSID_NEW":"25_URB14"}},{"type":"Feature","id":361,"geometry":{"type":"Point","coordinates":[-93.86604577299994,41.619403101000046]},"properties":{"OBJECTID_12":361,"COUNTY":"Dallas","DISTRICT_CODE":"URB15","PRECINCT":"Urbandale 15","POLLING_PLACE":"POINT OF GRACE CHURCH 15","ADDR_LINE_1":"305 NE DARTMOOR DR","CITY_1":"WAUKEE","ZIP":"5063","House_Dist":44,"Senate_Dis":"22","Congressio":"3","SOSID_NEW":"25_URB15"}},{"type":"Feature","id":362,"geometry":{"type":"Point","coordinates":[-93.8157303189999,41.614793131000056]},"properties":{"OBJECTID_12":362,"COUNTY":"Dallas","DISTRICT_CODE":"CL5","PRECINCT":"Clive 5","POLLING_PLACE":"HEARTLAND PRESBYTERIAN CHURCH (CLIVE5)","ADDR_LINE_1":"14300 HICKMAN RD","CITY_1":"CLIVE","ZIP":"50325","House_Dist":44,"Senate_Dis":"22","Congressio":"3","SOSID_NEW":"25_CL5"}},{"type":"Feature","id":363,"geometry":{"type":"Point","coordinates":[-93.8157303189999,41.614793131000056]},"properties":{"OBJECTID_12":363,"COUNTY":"Dallas","DISTRICT_CODE":"CL6","PRECINCT":"Clive 6","POLLING_PLACE":"HEARTLAND PRESBYTERIAN CHURCH (CLIVE6)","ADDR_LINE_1":"14300 HICKMAN RD","CITY_1":"CLIVE","ZIP":"50325","House_Dist":44,"Senate_Dis":"22","Congressio":"3","SOSID_NEW":"25_CL6"}},{"type":"Feature","id":364,"geometry":{"type":"Point","coordinates":[-93.95083744199991,41.04129183400005]},"properties":{"OBJECTID_12":364,"COUNTY":"Clarke","DISTRICT_CODE":"MY","PRECINCT":"MURRAY PRECINCT","POLLING_PLACE":"MURRAY COMMUNITY CENTER","ADDR_LINE_1":"416 MAPLE ST","CITY_1":"MURRAY","ZIP":"50174","House_Dist":27,"Senate_Dis":"14","Congressio":"2","SOSID_NEW":"20_MY"}},{"type":"Feature","id":365,"geometry":{"type":"Point","coordinates":[-93.7647038369999,41.062291015000085]},"properties":{"OBJECTID_12":365,"COUNTY":"Clarke","DISTRICT_CODE":"NE","PRECINCT":"NORTH EAST PRECINCT","POLLING_PLACE":"OSCEOLA EAGLES BLDG","ADDR_LINE_1":"2329 N MAIN ST","CITY_1":"OSCEOLA","ZIP":"50213","House_Dist":27,"Senate_Dis":"14","Congressio":"2","SOSID_NEW":"20_NE"}},{"type":"Feature","id":366,"geometry":{"type":"Point","coordinates":[-93.76751567199994,41.03515953500005]},"properties":{"OBJECTID_12":366,"COUNTY":"Clarke","DISTRICT_CODE":"OC1","PRECINCT":"OSCEOLA 1ST WARD","POLLING_PLACE":"OSCEOLA CITY HALL","ADDR_LINE_1":"115 N FILLMORE ST","CITY_1":"OSCEOLA","ZIP":"50213","House_Dist":27,"Senate_Dis":"14","Congressio":"2","SOSID_NEW":"20_OC1"}},{"type":"Feature","id":367,"geometry":{"type":"Point","coordinates":[-93.76574697799992,41.03416234600007]},"properties":{"OBJECTID_12":367,"COUNTY":"Clarke","DISTRICT_CODE":"OC2","PRECINCT":"OSCEOLA 2ND WARD","POLLING_PLACE":"COURTHOUSE, 1ST FLOOR","ADDR_LINE_1":"100 S MAIN ST","CITY_1":"OSCEOLA","ZIP":"50213","House_Dist":27,"Senate_Dis":"14","Congressio":"2","SOSID_NEW":"20_OC2"}},{"type":"Feature","id":368,"geometry":{"type":"Point","coordinates":[-93.78762807499993,41.02832622600005]},"properties":{"OBJECTID_12":368,"COUNTY":"Clarke","DISTRICT_CODE":"MDL","PRECINCT":"MIDDLE PRECINCT","POLLING_PLACE":"CLARKE CO 4-H BLDG","ADDR_LINE_1":"2070 W MCLANE ST","CITY_1":"OSCEOLA","ZIP":"50213","House_Dist":27,"Senate_Dis":"14","Congressio":"2","SOSID_NEW":"20_MDL"}},{"type":"Feature","id":369,"geometry":{"type":"Point","coordinates":[-93.76684122699993,41.02958622700004]},"properties":{"OBJECTID_12":369,"COUNTY":"Clarke","DISTRICT_CODE":"OC3","PRECINCT":"OSCEOLA 3RD WARD","POLLING_PLACE":"UNITED METHODIST CHURCH","ADDR_LINE_1":"130 W GRANT ST","CITY_1":"OSCEOLA","ZIP":"50213","House_Dist":27,"Senate_Dis":"14","Congressio":"2","SOSID_NEW":"20_OC3"}},{"type":"Feature","id":370,"geometry":{"type":"Point","coordinates":[-93.59784595499991,41.01117996800008]},"properties":{"OBJECTID_12":370,"COUNTY":"Clarke","DISTRICT_CODE":"WB","PRECINCT":"WOODBURN PRECINCT","POLLING_PLACE":"WOODBURN LEGION HALL","ADDR_LINE_1":"605 SIGLER ST","CITY_1":"WOODBURN","ZIP":"50275","House_Dist":27,"Senate_Dis":"14","Congressio":"2","SOSID_NEW":"20_WB"}},{"type":"Feature","id":371,"geometry":{"type":"Point","coordinates":[-93.9344615999999,40.623528874000044]},"properties":{"OBJECTID_12":371,"COUNTY":"Decatur","DISTRICT_CODE":"BL","PRECINCT":"BL/FA/LAMONI ","POLLING_PLACE":"LAMONI COMMUNITY CENTER","ADDR_LINE_1":"108 S CHESTNUT","CITY_1":"LAMONI","ZIP":"50140","House_Dist":27,"Senate_Dis":"14","Congressio":"2","SOSID_NEW":"27_BL"}},{"type":"Feature","id":372,"geometry":{"type":"Point","coordinates":[-93.80834689199992,40.63920802600006]},"properties":{"OBJECTID_12":372,"COUNTY":"Decatur","DISTRICT_CODE":"BU","PRECINCT":"BU/ NB/ DC/ HA/ MO/ PL","POLLING_PLACE":"DAVIS CITY COMM CENTER","ADDR_LINE_1":"209 BRIDGE STREET","CITY_1":"DAVIS CITY","ZIP":"50065","House_Dist":27,"Senate_Dis":"14","Congressio":"2","SOSID_NEW":"27_BU"}},{"type":"Feature","id":373,"geometry":{"type":"Point","coordinates":[-93.74552053699995,40.74028337500005]},"properties":{"OBJECTID_12":373,"COUNTY":"Decatur","DISTRICT_CODE":"LE","PRECINCT":"LEON/ CE/ED","POLLING_PLACE":"LEON COMMUNITY CENTER","ADDR_LINE_1":"203 NE 2ND STREET","CITY_1":"LEON","ZIP":"50144","House_Dist":27,"Senate_Dis":"14","Congressio":"2","SOSID_NEW":"27_LE"}},{"type":"Feature","id":374,"geometry":{"type":"Point","coordinates":[-93.83353265199992,40.74191050300004]},"properties":{"OBJECTID_12":374,"COUNTY":"Decatur","DISTRICT_CODE":"DE","PRECINCT":"DE/DECATUR CITY","POLLING_PLACE":"BARNUM COMMUNITY CENTER","ADDR_LINE_1":"302 NE 4TH STREET","CITY_1":"DECATUR","ZIP":"50067","House_Dist":27,"Senate_Dis":"14","Congressio":"2","SOSID_NEW":"27_DE"}},{"type":"Feature","id":375,"geometry":{"type":"Point","coordinates":[-93.6228534579999,40.82698691000007]},"properties":{"OBJECTID_12":375,"COUNTY":"Decatur","DISTRICT_CODE":"GG","PRECINCT":"GG/ GG /LR/ HP/ WO","POLLING_PLACE":"GARDEN GROVE CITY HALL","ADDR_LINE_1":"W MAIN STREET","CITY_1":"GARDEN GROVE","ZIP":"50103","House_Dist":27,"Senate_Dis":"14","Congressio":"2","SOSID_NEW":"27_GG"}},{"type":"Feature","id":376,"geometry":{"type":"Point","coordinates":[-93.96245651399994,40.818182095000054]},"properties":{"OBJECTID_12":376,"COUNTY":"Decatur","DISTRICT_CODE":"GR","PRECINCT":"GR/RL/GR","POLLING_PLACE":"GRAND RIVER COMM CENTER","ADDR_LINE_1":"122 BROADWAY ST","CITY_1":"GRAND RIVER","ZIP":"50108","House_Dist":27,"Senate_Dis":"14","Congressio":"2","SOSID_NEW":"27_GR"}},{"type":"Feature","id":377,"geometry":{"type":"Point","coordinates":[-93.79546191999992,40.869547744000045]},"properties":{"OBJECTID_12":377,"COUNTY":"Decatur","DISTRICT_CODE":"LC","PRECINCT":"LC/ VW/ FR/ WE","POLLING_PLACE":"VAN WERT CITY HALL","ADDR_LINE_1":"101 E 1ST STREET","CITY_1":"VAN WERT","ZIP":"50262","House_Dist":27,"Senate_Dis":"14","Congressio":"2","SOSID_NEW":"27_LC"}},{"type":"Feature","id":378,"geometry":{"type":"Point","coordinates":[-91.03859718199993,40.976759980000054]},"properties":{"OBJECTID_12":378,"COUNTY":"Des Moines","DISTRICT_CODE":"HJ","PRECINCT":"Benton / Huron / Jackson Twps","POLLING_PLACE":"TWO RIVERS OFFICE BLDG","ADDR_LINE_1":"5601 - 205TH ST (KINGSTON)","CITY_1":"MEDIAPOLIS","ZIP":"52637","House_Dist":88,"Senate_Dis":"44","Congressio":"2","SOSID_NEW":"29_HJ"}},{"type":"Feature","id":379,"geometry":{"type":"Point","coordinates":[-91.16504150399993,41.00791974200007]},"properties":{"OBJECTID_12":379,"COUNTY":"Des Moines","DISTRICT_CODE":"MY","PRECINCT":"Mediapolis Town / Franklin & Yellow Spring Twps","POLLING_PLACE":"MEDIAPOLIS CITY HALL","ADDR_LINE_1":"510 MAIN ST","CITY_1":"MEDIAPOLIS","ZIP":"52637","House_Dist":88,"Senate_Dis":"44","Congressio":"2","SOSID_NEW":"29_MY"}},{"type":"Feature","id":380,"geometry":{"type":"Point","coordinates":[-91.32276189499993,41.026529217000075]},"properties":{"OBJECTID_12":380,"COUNTY":"Des Moines","DISTRICT_CODE":"PW","PRECINCT":"Pleasant Grove / Washington Twps","POLLING_PLACE":"YARMOUTH FIRE STATION","ADDR_LINE_1":"20454 EASTERN AVE","CITY_1":"YARMOUTH","ZIP":"52660","House_Dist":88,"Senate_Dis":"44","Congressio":"2","SOSID_NEW":"29_PW"}},{"type":"Feature","id":381,"geometry":{"type":"Point","coordinates":[-91.31479908199992,40.866375463000054]},"properties":{"OBJECTID_12":381,"COUNTY":"Des Moines","DISTRICT_CODE":"DM","PRECINCT":"Danville Town / Danville Twp","POLLING_PLACE":"DANVILLE COMMUNITY BLDG","ADDR_LINE_1":"104 W SHEPHERD ST","CITY_1":"DANVILLE","ZIP":"52623","House_Dist":88,"Senate_Dis":"44","Congressio":"2","SOSID_NEW":"29_DM"}},{"type":"Feature","id":382,"geometry":{"type":"Point","coordinates":[-91.1916773399999,40.83694405700004]},"properties":{"OBJECTID_12":382,"COUNTY":"Des Moines","DISTRICT_CODE":"FM","PRECINCT":"Flint River Twp / Middletown","POLLING_PLACE":"CONSERVATION OFFICE","ADDR_LINE_1":"13700 WASHINGTON RD","CITY_1":"WEST BURLINGTON","ZIP":"52655","House_Dist":88,"Senate_Dis":"44","Congressio":"2","SOSID_NEW":"29_FM"}},{"type":"Feature","id":383,"geometry":{"type":"Point","coordinates":[-91.16176452799994,40.82610222000005]},"properties":{"OBJECTID_12":383,"COUNTY":"Des Moines","DISTRICT_CODE":"WB","PRECINCT":"West Burlington Town","POLLING_PLACE":"ST MARY'S PARISH CENTER","ADDR_LINE_1":"502 W MT PLEASANT ST","CITY_1":"WEST BURLINGTON","ZIP":"52655","House_Dist":87,"Senate_Dis":"44","Congressio":"2","SOSID_NEW":"29_WB"}},{"type":"Feature","id":384,"geometry":{"type":"Point","coordinates":[-91.12723727799994,40.83904957200008]},"properties":{"OBJECTID_12":384,"COUNTY":"Des Moines","DISTRICT_CODE":"BU1T","PRECINCT":"PCT 1T","POLLING_PLACE":"CONCORDIA LUTHERAN CHURCH","ADDR_LINE_1":"2901 CLIFF RD","CITY_1":"BURLINGTON","ZIP":"52601","House_Dist":87,"Senate_Dis":"44","Congressio":"2","SOSID_NEW":"29_BU1T"}},{"type":"Feature","id":385,"geometry":{"type":"Point","coordinates":[-91.13842891799993,40.822789492000084]},"properties":{"OBJECTID_12":385,"COUNTY":"Des Moines","DISTRICT_CODE":"BU2","PRECINCT":"PCT 2","POLLING_PLACE":"AUTUMN HEIGHTS","ADDR_LINE_1":"2830 WINEGARD DR","CITY_1":"BURLINGTON","ZIP":"52601","House_Dist":87,"Senate_Dis":"44","Congressio":"2","SOSID_NEW":"29_BU2"}},{"type":"Feature","id":386,"geometry":{"type":"Point","coordinates":[-91.11207036099995,40.823432764000074]},"properties":{"OBJECTID_12":386,"COUNTY":"Des Moines","DISTRICT_CODE":"BU3","PRECINCT":"PCT 3","POLLING_PLACE":"OAK STREET BAPTIST CHURCH","ADDR_LINE_1":"1303 OAK ST","CITY_1":"BURLINGTON","ZIP":"52601","House_Dist":87,"Senate_Dis":"44","Congressio":"2","SOSID_NEW":"29_BU3"}},{"type":"Feature","id":387,"geometry":{"type":"Point","coordinates":[-91.14068388599992,40.80162005100004]},"properties":{"OBJECTID_12":387,"COUNTY":"Des Moines","DISTRICT_CODE":"BU5","PRECINCT":"PCT 5","POLLING_PLACE":"NOTRE DAME SCHOOL","ADDR_LINE_1":"702 S ROOSEVELT AVE","CITY_1":"BURLINGTON","ZIP":"52601","House_Dist":87,"Senate_Dis":"44","Congressio":"2","SOSID_NEW":"29_BU5"}},{"type":"Feature","id":388,"geometry":{"type":"Point","coordinates":[-91.11230724199993,40.80151420900006]},"properties":{"OBJECTID_12":388,"COUNTY":"Des Moines","DISTRICT_CODE":"BU4","PRECINCT":"PCT 4","POLLING_PLACE":"TRINITY LUTHERAN CHURCH","ADDR_LINE_1":"115 S CENTRAL AVE","CITY_1":"BURLINGTON","ZIP":"52601","House_Dist":87,"Senate_Dis":"44","Congressio":"2","SOSID_NEW":"29_BU4"}},{"type":"Feature","id":389,"geometry":{"type":"Point","coordinates":[-91.10900970499995,40.80472266600009]},"properties":{"OBJECTID_12":389,"COUNTY":"Des Moines","DISTRICT_CODE":"BU6","PRECINCT":"PCT 6","POLLING_PLACE":"PRO PLUMBING","ADDR_LINE_1":"705 MAPLE ST","CITY_1":"BURLINGTON","ZIP":"52601","House_Dist":87,"Senate_Dis":"44","Congressio":"2","SOSID_NEW":"29_BU6"}},{"type":"Feature","id":390,"geometry":{"type":"Point","coordinates":[-91.11328503099992,40.79539538600005]},"properties":{"OBJECTID_12":390,"COUNTY":"Des Moines","DISTRICT_CODE":"BU7","PRECINCT":"PCT 7","POLLING_PLACE":"ST LUKE UNITED CHURCH OF CHRIST","ADDR_LINE_1":"1403 SOUTH ST","CITY_1":"BURLINGTON","ZIP":"52601","House_Dist":87,"Senate_Dis":"44","Congressio":"2","SOSID_NEW":"29_BU7"}},{"type":"Feature","id":391,"geometry":{"type":"Point","coordinates":[-91.10784651499995,40.78043671800009]},"properties":{"OBJECTID_12":391,"COUNTY":"Des Moines","DISTRICT_CODE":"BU8C","PRECINCT":"PCT 8C","POLLING_PLACE":"BETHANY LUTHERAN CHURCH","ADDR_LINE_1":"2515 MADISON AVE","CITY_1":"BURLINGTON","ZIP":"52601","House_Dist":87,"Senate_Dis":"44","Congressio":"2","SOSID_NEW":"29_BU8C"}},{"type":"Feature","id":392,"geometry":{"type":"Point","coordinates":[-91.1290007099999,40.80029368800007]},"properties":{"OBJECTID_12":392,"COUNTY":"Des Moines","DISTRICT_CODE":"BU9","PRECINCT":"PCT 9","POLLING_PLACE":"MESSIAH LUTHERAN CHURCH","ADDR_LINE_1":"2411 WEST AVE","CITY_1":"BURLINGTON","ZIP":"52601","House_Dist":87,"Senate_Dis":"44","Congressio":"2","SOSID_NEW":"29_BU9"}},{"type":"Feature","id":393,"geometry":{"type":"Point","coordinates":[-91.14189343899994,40.78990036000005]},"properties":{"OBJECTID_12":393,"COUNTY":"Des Moines","DISTRICT_CODE":"UNION","PRECINCT":"PCT UNION","POLLING_PLACE":"CHURCH OF CHRIST OF BURLINGTON","ADDR_LINE_1":"2120 S ROOSEVELT","CITY_1":"BURLINGTON","ZIP":"52601","House_Dist":87,"Senate_Dis":"44","Congressio":"2","SOSID_NEW":"29_UNION"}},{"type":"Feature","id":394,"geometry":{"type":"Point","coordinates":[-90.35452407199995,41.85790086800006]},"properties":{"OBJECTID_12":394,"COUNTY":"Clinton","DISTRICT_CODE":"CENT","PRECINCT":"Center","POLLING_PLACE":"ELVIRA ZION LUTHERAN CHURCH","ADDR_LINE_1":"2207 380TH AVE","CITY_1":"CLINTON","ZIP":"52732","House_Dist":98,"Senate_Dis":"49","Congressio":"2","SOSID_NEW":"23_CENT"}},{"type":"Feature","id":395,"geometry":{"type":"Point","coordinates":[-90.38134758399991,41.967931029000056]},"properties":{"OBJECTID_12":395,"COUNTY":"Clinton","DISTRICT_CODE":"DCGL","PRECINCT":"Deep Creek Goose Lake","POLLING_PLACE":"GOOSE LAKE CITY HALL","ADDR_LINE_1":"1 SCHOOL LANE","CITY_1":"GOOSE LAKE","ZIP":"52750","House_Dist":98,"Senate_Dis":"49","Congressio":"2","SOSID_NEW":"23_DCGL"}},{"type":"Feature","id":396,"geometry":{"type":"Point","coordinates":[-90.2524271879999,41.97976248500004]},"properties":{"OBJECTID_12":396,"COUNTY":"Clinton","DISTRICT_CODE":"ERHA","PRECINCT":"Elk River Hampshire Andover","POLLING_PLACE":"ANDOVER FIRE STATION","ADDR_LINE_1":"1367 WASHINGTON ST","CITY_1":"ANDOVER","ZIP":"52701","House_Dist":98,"Senate_Dis":"49","Congressio":"2","SOSID_NEW":"23_ERHA"}},{"type":"Feature","id":397,"geometry":{"type":"Point","coordinates":[-90.35268411399994,41.801121478000084]},"properties":{"OBJECTID_12":397,"COUNTY":"Clinton","DISTRICT_CODE":"EDCM","PRECINCT":"Eden Camanche Twp","POLLING_PLACE":"LOW MOOR COMMUNITY CENTER 2","ADDR_LINE_1":"211 3RD AVE","CITY_1":"LOW MOOR","ZIP":"52757","House_Dist":98,"Senate_Dis":"49","Congressio":"2","SOSID_NEW":"23_EDCM"}},{"type":"Feature","id":398,"geometry":{"type":"Point","coordinates":[-90.35268411399994,41.801121478000084]},"properties":{"OBJECTID_12":398,"COUNTY":"Clinton","DISTRICT_CODE":"LOMO","PRECINCT":"Low Moor","POLLING_PLACE":"LOW MOOR COMMUNITY CENTER","ADDR_LINE_1":"211 3RD AVE","CITY_1":"LOW MOOR","ZIP":"52757","House_Dist":98,"Senate_Dis":"49","Congressio":"2","SOSID_NEW":"23_LOMO"}},{"type":"Feature","id":399,"geometry":{"type":"Point","coordinates":[-90.46850485399995,41.961238653000066]},"properties":{"OBJECTID_12":399,"COUNTY":"Clinton","DISTRICT_CODE":"WFCH","PRECINCT":"Waterford Charlotte","POLLING_PLACE":"CHARLOTTE FIRE STATION","ADDR_LINE_1":"102 CHARLES ST","CITY_1":"CHARLOTTE","ZIP":"52731","House_Dist":98,"Senate_Dis":"49","Congressio":"2","SOSID_NEW":"23_WFCH"}},{"type":"Feature","id":400,"geometry":{"type":"Point","coordinates":[-90.21380459799991,41.823028014000045]},"properties":{"OBJECTID_12":400,"COUNTY":"Clinton","DISTRICT_CODE":"CL12","PRECINCT":"Clinton W1p2","POLLING_PLACE":"CHANCY LUTHERAN CHURCH","ADDR_LINE_1":"2315 WALLACE ST","CITY_1":"CLINTON","ZIP":"52732","House_Dist":98,"Senate_Dis":"49","Congressio":"2","SOSID_NEW":"23_CL12"}},{"type":"Feature","id":401,"geometry":{"type":"Point","coordinates":[-90.19068532199992,41.83978907300008]},"properties":{"OBJECTID_12":401,"COUNTY":"Clinton","DISTRICT_CODE":"CL11","PRECINCT":"Clinton W1p1","POLLING_PLACE":"FIRST UNITED METHODIST CHURCH","ADDR_LINE_1":"621 S 3RD ST","CITY_1":"CLINTON","ZIP":"52732","House_Dist":98,"Senate_Dis":"49","Congressio":"2","SOSID_NEW":"23_CL11"}},{"type":"Feature","id":402,"geometry":{"type":"Point","coordinates":[-90.19338864699995,41.841200995000065]},"properties":{"OBJECTID_12":402,"COUNTY":"Clinton","DISTRICT_CODE":"CL21","PRECINCT":"Clinton W2p1","POLLING_PLACE":"FIRST PRESBYTERIAN CHURCH","ADDR_LINE_1":"400 5TH AVE S","CITY_1":"CLINTON","ZIP":"52732","House_Dist":98,"Senate_Dis":"49","Congressio":"2","SOSID_NEW":"23_CL21"}},{"type":"Feature","id":403,"geometry":{"type":"Point","coordinates":[-90.22403007999992,41.844553329000064]},"properties":{"OBJECTID_12":403,"COUNTY":"Clinton","DISTRICT_CODE":"CL22","PRECINCT":"Clinton W2p2","POLLING_PLACE":"CALVARY BAPTIST CHURCH","ADDR_LINE_1":"1619 2ND AVE SOUTH","CITY_1":"CLINTON","ZIP":"52732","House_Dist":98,"Senate_Dis":"49","Congressio":"2","SOSID_NEW":"23_CL22"}},{"type":"Feature","id":404,"geometry":{"type":"Point","coordinates":[-90.18463315999992,41.86672269200005]},"properties":{"OBJECTID_12":404,"COUNTY":"Clinton","DISTRICT_CODE":"CL31","PRECINCT":"Clinton W3p1","POLLING_PLACE":"CLINTON COUNTY ADMIN BLDG","ADDR_LINE_1":"1900 N 3RD ST","CITY_1":"CLINTON","ZIP":"52732","House_Dist":98,"Senate_Dis":"49","Congressio":"2","SOSID_NEW":"23_CL31"}},{"type":"Feature","id":405,"geometry":{"type":"Point","coordinates":[-90.19697019299991,41.85937758300008]},"properties":{"OBJECTID_12":405,"COUNTY":"Clinton","DISTRICT_CODE":"CL41","PRECINCT":"Clinton W4p1","POLLING_PLACE":"CHURCH OF THE OPEN DOOR 41","ADDR_LINE_1":"816 13TH AVE N","CITY_1":";CLINTON","ZIP":"52732","House_Dist":98,"Senate_Dis":"49","Congressio":"2","SOSID_NEW":"23_CL41"}},{"type":"Feature","id":406,"geometry":{"type":"Point","coordinates":[-90.19697019299991,41.85937758300008]},"properties":{"OBJECTID_12":406,"COUNTY":"Clinton","DISTRICT_CODE":"CL42","PRECINCT":"Clinton W4p2","POLLING_PLACE":"CHURCH OF THE OPEN DOOR","ADDR_LINE_1":"816 13TH AVE N","CITY_1":"CLINTON","ZIP":"52732","House_Dist":98,"Senate_Dis":"49","Congressio":"2","SOSID_NEW":"23_CL42"}},{"type":"Feature","id":407,"geometry":{"type":"Point","coordinates":[-90.21826781699991,41.856053693000035]},"properties":{"OBJECTID_12":407,"COUNTY":"Clinton","DISTRICT_CODE":"CL32","PRECINCT":"Clinton W3p2","POLLING_PLACE":"ERICKSEN CENTER","ADDR_LINE_1":"1401 11TH AVE N","CITY_1":"CLINTON","ZIP":"52732","House_Dist":98,"Senate_Dis":"49","Congressio":"2","SOSID_NEW":"23_CL32"}},{"type":"Feature","id":408,"geometry":{"type":"Point","coordinates":[-90.60706632199992,42.003457112000035]},"properties":{"OBJECTID_12":408,"COUNTY":"Clinton","DISTRICT_CODE":"BBRD","PRECINCT":"Bloomfield Brookfield Delmar","POLLING_PLACE":"GROSSMAN HALL","ADDR_LINE_1":"309 N MAIN ST","CITY_1":"DELMAR","ZIP":"52037","House_Dist":97,"Senate_Dis":"49","Congressio":"2","SOSID_NEW":"23_BBRD"}},{"type":"Feature","id":409,"geometry":{"type":"Point","coordinates":[-90.7582603329999,41.82556350500005]},"properties":{"OBJECTID_12":409,"COUNTY":"Clinton","DISTRICT_CODE":"OGCA","PRECINCT":"Olive Grant Calamus","POLLING_PLACE":"CALCO","ADDR_LINE_1":"201 MAIN ST","CITY_1":"CALAMUS","ZIP":"52729","House_Dist":97,"Senate_Dis":"49","Congressio":"2","SOSID_NEW":"23_OGCA"}},{"type":"Feature","id":410,"geometry":{"type":"Point","coordinates":[-90.86448647299994,41.90631079900004]},"properties":{"OBJECTID_12":410,"COUNTY":"Clinton","DISTRICT_CODE":"LBTO","PRECINCT":"Liberty Toronto","POLLING_PLACE":"TORONTO FIRE STATION","ADDR_LINE_1":"200 MILL ST W","CITY_1":"TORONTO","ZIP":"52777","House_Dist":97,"Senate_Dis":"49","Congressio":"2","SOSID_NEW":"23_LBTO"}},{"type":"Feature","id":411,"geometry":{"type":"Point","coordinates":[-90.64775734499995,41.82360076900005]},"properties":{"OBJECTID_12":411,"COUNTY":"Clinton","DISTRICT_CODE":"ORGM","PRECINCT":"Orange Grand Mound","POLLING_PLACE":"GRAND MOUND COMM CENTER","ADDR_LINE_1":"510 SMITH ST","CITY_1":"GRAND MOUND","ZIP":"52751","House_Dist":97,"Senate_Dis":"49","Congressio":"2","SOSID_NEW":"23_ORGM"}},{"type":"Feature","id":412,"geometry":{"type":"Point","coordinates":[-90.8182762639999,41.966747841000085]},"properties":{"OBJECTID_12":412,"COUNTY":"Clinton","DISTRICT_CODE":"SHLN","PRECINCT":"Sharon Lost Nation","POLLING_PLACE":"SACRED HEART PARISH HALL","ADDR_LINE_1":"903 MAIN ST","CITY_1":"LOST NATION","ZIP":"52254","House_Dist":97,"Senate_Dis":"49","Congressio":"2","SOSID_NEW":"23_SHLN"}},{"type":"Feature","id":413,"geometry":{"type":"Point","coordinates":[-90.83837538199992,41.83124243300006]},"properties":{"OBJECTID_12":413,"COUNTY":"Clinton","DISTRICT_CODE":"SRWH","PRECINCT":"Spring Rock Wheatland","POLLING_PLACE":"WHEATLAND CITY HALL","ADDR_LINE_1":"205 JEFFERSON ST E","CITY_1":"WHEATLAND","ZIP":"52777","House_Dist":97,"Senate_Dis":"49","Congressio":"2","SOSID_NEW":"23_SRWH"}},{"type":"Feature","id":414,"geometry":{"type":"Point","coordinates":[-90.59418070399994,41.90500537500009]},"properties":{"OBJECTID_12":414,"COUNTY":"Clinton","DISTRICT_CODE":"WWAW","PRECINCT":"Welton Washington Welton","POLLING_PLACE":"WELTON FIRE STATION","ADDR_LINE_1":"95 MAIN ST","CITY_1":"WELTON","ZIP":"52774","House_Dist":97,"Senate_Dis":"49","Congressio":"2","SOSID_NEW":"23_WWAW"}},{"type":"Feature","id":415,"geometry":{"type":"Point","coordinates":[-90.26259018899992,41.794209108000075]},"properties":{"OBJECTID_12":415,"COUNTY":"Clinton","DISTRICT_CODE":"CAM1","PRECINCT":"Camanche 1","POLLING_PLACE":"CHURCH OF THE VISITATION 1","ADDR_LINE_1":"1032 MIDDLE ROAD","CITY_1":"CAMANCHE","ZIP":"52730","House_Dist":97,"Senate_Dis":"49","Congressio":"2","SOSID_NEW":"23_CAM1"}},{"type":"Feature","id":416,"geometry":{"type":"Point","coordinates":[-90.26259018899992,41.794209108000075]},"properties":{"OBJECTID_12":416,"COUNTY":"Clinton","DISTRICT_CODE":"CAM2","PRECINCT":"Camanche 2","POLLING_PLACE":"CHURCH OF THE VISITATION","ADDR_LINE_1":"1032 MIDDLE ROAD","CITY_1":"CAMANCHE","ZIP":"52730","House_Dist":97,"Senate_Dis":"49","Congressio":"2","SOSID_NEW":"23_CAM2"}},{"type":"Feature","id":417,"geometry":{"type":"Point","coordinates":[-90.5376611239999,41.82522783500008]},"properties":{"OBJECTID_12":417,"COUNTY":"Clinton","DISTRICT_CODE":"DEW1","PRECINCT":"Dewitt 1","POLLING_PLACE":"DEWITT COMMUNITY CENTER","ADDR_LINE_1":"512 10TH ST","CITY_1":"DEWITT","ZIP":"52742","House_Dist":97,"Senate_Dis":"49","Congressio":"2","SOSID_NEW":"23_DEW1"}},{"type":"Feature","id":418,"geometry":{"type":"Point","coordinates":[-90.54054112499995,41.82419751500004]},"properties":{"OBJECTID_12":418,"COUNTY":"Clinton","DISTRICT_CODE":"DEW2","PRECINCT":"Dewitt 2","POLLING_PLACE":"AMERICAN LEGION POST 238","ADDR_LINE_1":"704 9TH ST","CITY_1":"DEWITT","ZIP":"52742","House_Dist":97,"Senate_Dis":"49","Congressio":"2","SOSID_NEW":"23_DEW2"}},{"type":"Feature","id":419,"geometry":{"type":"Point","coordinates":[-90.52592083699994,41.82646794900006]},"properties":{"OBJECTID_12":419,"COUNTY":"Clinton","DISTRICT_CODE":"DEWT","PRECINCT":"Dewitt Twp","POLLING_PLACE":"FIRST CONGREGATIONAL UCC","ADDR_LINE_1":"520 E 11TH ST","CITY_1":"DEWITT","ZIP":"52742","House_Dist":97,"Senate_Dis":"49","Congressio":"2","SOSID_NEW":"23_DEWT"}},{"type":"Feature","id":420,"geometry":{"type":"Point","coordinates":[-91.51163871999995,43.47084704000008]},"properties":{"OBJECTID_12":420,"COUNTY":"Allamakee","DISTRICT_CODE":"PCT 1","PRECINCT":"WL/HV","POLLING_PLACE":"ST. MARY'S CHURCH DORCHESTER","ADDR_LINE_1":"590 WATERLOO CREEK DR","CITY_1":"DORCHESTER","ZIP":"52140","House_Dist":56,"Senate_Dis":"28","Congressio":"1","SOSID_NEW":"3_PCT 1"}},{"type":"Feature","id":421,"geometry":{"type":"Point","coordinates":[-91.56735752799995,43.08670773000006]},"properties":{"OBJECTID_12":421,"COUNTY":"Allamakee","DISTRICT_CODE":"PCT 3","PRECINCT":"PO/FK","POLLING_PLACE":"TURNER HALL","ADDR_LINE_1":"119 E GREENE ST","CITY_1":"POSTVILLE","ZIP":"52162","House_Dist":56,"Senate_Dis":"28","Congressio":"1","SOSID_NEW":"3_PCT 3"}},{"type":"Feature","id":422,"geometry":{"type":"Point","coordinates":[-91.56735752799995,43.08670773000006]},"properties":{"OBJECTID_12":422,"COUNTY":"Allamakee","DISTRICT_CODE":"PCT 4","PRECINCT":"PV CITY","POLLING_PLACE":"TURNER HALL CITY","ADDR_LINE_1":null,"CITY_1":null,"ZIP":null,"House_Dist":56,"Senate_Dis":"28","Congressio":"1","SOSID_NEW":"3_PCT 4"}},{"type":"Feature","id":423,"geometry":{"type":"Point","coordinates":[-91.57259801399994,43.08344681300008]},"properties":{"OBJECTID_12":423,"COUNTY":"Clayton","DISTRICT_CODE":"GM","PRECINCT":"Grand Meadow","POLLING_PLACE":"POSTVILLE SCHOOL FINE ARTS CENTER","ADDR_LINE_1":"314 W POST ST","CITY_1":"POSTVILLE","ZIP":"52162","House_Dist":56,"Senate_Dis":"28","Congressio":"1","SOSID_NEW":"3_GM"}},{"type":"Feature","id":424,"geometry":{"type":"Point","coordinates":[-91.2967377409999,43.212725069000044]},"properties":{"OBJECTID_12":424,"COUNTY":"Allamakee","DISTRICT_CODE":"PCT 5","PRECINCT":"PC/LT/WV CITY","POLLING_PLACE":"WATERVILLE CITY HALL/LIBRARY","ADDR_LINE_1":"115 MAIN ST","CITY_1":"WATERVILLE","ZIP":"52170","House_Dist":56,"Senate_Dis":"28","Congressio":"1","SOSID_NEW":"3_PCT 5"}},{"type":"Feature","id":425,"geometry":{"type":"Point","coordinates":[-91.15086527199992,43.202083618000074]},"properties":{"OBJECTID_12":425,"COUNTY":"Allamakee","DISTRICT_CODE":"PCT 6","PRECINCT":"FV/TL/HF CITY","POLLING_PLACE":"HARPERS FERRY COMMUNITY CENTER","ADDR_LINE_1":"238 N 4","CITY_1":"HARPERS FERRY","ZIP":"52146","House_Dist":56,"Senate_Dis":"28","Congressio":"1","SOSID_NEW":"3_PCT 6"}},{"type":"Feature","id":426,"geometry":{"type":"Point","coordinates":[-91.21855929599991,43.36179162900004]},"properties":{"OBJECTID_12":426,"COUNTY":"Allamakee","DISTRICT_CODE":"PCT 7","PRECINCT":"LF/CN/LS/LS CITY","POLLING_PLACE":"KBSB COMMUNITY CENTER","ADDR_LINE_1":"391 MAIN ST","CITY_1":"LANSING","ZIP":"52151","House_Dist":56,"Senate_Dis":"28","Congressio":"1","SOSID_NEW":"3_PCT 7"}},{"type":"Feature","id":427,"geometry":{"type":"Point","coordinates":[-91.28989907599993,43.497078886000054]},"properties":{"OBJECTID_12":427,"COUNTY":"Allamakee","DISTRICT_CODE":"PCT 8","PRECINCT":"UC/IA/NA CITY","POLLING_PLACE":"NEW ALBIN COMMUNITY CENTER","ADDR_LINE_1":"137 RAILROAD AVE SW","CITY_1":"NEW ALBIN","ZIP":"52160","House_Dist":56,"Senate_Dis":"28","Congressio":"1","SOSID_NEW":"3_PCT 8"}},{"type":"Feature","id":428,"geometry":{"type":"Point","coordinates":[-91.47561831199994,43.27022951400005]},"properties":{"OBJECTID_12":428,"COUNTY":"Allamakee","DISTRICT_CODE":"PCT 11","PRECINCT":"WK 3 CITY","POLLING_PLACE":"ALLAMAKEE COURTHOUSE","ADDR_LINE_1":"110 ALLAMAKEE ST","CITY_1":"WAUKON","ZIP":"52172","House_Dist":56,"Senate_Dis":"28","Congressio":"1","SOSID_NEW":"3_PCT 11"}},{"type":"Feature","id":429,"geometry":{"type":"Point","coordinates":[-91.4739549059999,43.26319084100004]},"properties":{"OBJECTID_12":429,"COUNTY":"Allamakee","DISTRICT_CODE":"PCT 2","PRECINCT":"UP/MK/FC/JF/LL","POLLING_PLACE":"WAUKON BANQUET CENTER","ADDR_LINE_1":"612 ROSSVILLE RD","CITY_1":"WAUKON","ZIP":"52146","House_Dist":56,"Senate_Dis":"28","Congressio":"1","SOSID_NEW":"3_PCT 2"}},{"type":"Feature","id":430,"geometry":{"type":"Point","coordinates":[-91.48208022799992,43.26914539900008]},"properties":{"OBJECTID_12":430,"COUNTY":"Allamakee","DISTRICT_CODE":"PCT 10","PRECINCT":"WK 2 CITY","POLLING_PLACE":"ST. JOHN'S LUTHERAN CHURCH","ADDR_LINE_1":"8 5 ST SW","CITY_1":"WAUKON","ZIP":"52172","House_Dist":56,"Senate_Dis":"28","Congressio":"1","SOSID_NEW":"3_PCT 10"}},{"type":"Feature","id":431,"geometry":{"type":"Point","coordinates":[-91.49332140199994,43.27190669700008]},"properties":{"OBJECTID_12":431,"COUNTY":"Allamakee","DISTRICT_CODE":"PCT 9","PRECINCT":"WK 1 CITY","POLLING_PLACE":"NICC CENTER","ADDR_LINE_1":"1220 3RD AVE NW","CITY_1":"WAUKON","ZIP":"52172","House_Dist":56,"Senate_Dis":"28","Congressio":"1","SOSID_NEW":"3_PCT 9"}},{"type":"Feature","id":432,"geometry":{"type":"Point","coordinates":[-91.34871102999995,42.89149987300004]},"properties":{"OBJECTID_12":432,"COUNTY":"Clayton","DISTRICT_CODE":"RD","PRECINCT":"Read","POLLING_PLACE":"SCENIC ACRES CARE FACILITY","ADDR_LINE_1":"23105 GRANITE AVE","CITY_1":"SAINT OLAF","ZIP":"52072","House_Dist":56,"Senate_Dis":"28","Congressio":"1","SOSID_NEW":"22_RD"}},{"type":"Feature","id":433,"geometry":{"type":"Point","coordinates":[-91.54106283599992,42.80132018100005]},"properties":{"OBJECTID_12":433,"COUNTY":"Clayton","DISTRICT_CODE":"CC-SY","PRECINCT":"Cox Creek-Sperry","POLLING_PLACE":"ST PAULS FELLOWSHIP HALL","ADDR_LINE_1":"700 WASHINGTON ST","CITY_1":"VOLGA","ZIP":"52077","House_Dist":56,"Senate_Dis":"28","Congressio":"1","SOSID_NEW":"22_CC-SY"}},{"type":"Feature","id":434,"geometry":{"type":"Point","coordinates":[-91.5357764339999,42.67918567600009]},"properties":{"OBJECTID_12":434,"COUNTY":"Clayton","DISTRICT_CODE":"CS","PRECINCT":"Cass","POLLING_PLACE":"STRAWBERRY POINT CIVIC CENTER","ADDR_LINE_1":"401 COMMERCIAL ST","CITY_1":"STRAWBERRY POINT","ZIP":"52076","House_Dist":56,"Senate_Dis":"28","Congressio":"1","SOSID_NEW":"22_CS"}},{"type":"Feature","id":435,"geometry":{"type":"Point","coordinates":[-91.40254902499993,42.644480660000056]},"properties":{"OBJECTID_12":435,"COUNTY":"Clayton","DISTRICT_CODE":"LM","PRECINCT":"Lodomillo","POLLING_PLACE":"EDGEWOOD CITY HALL","ADDR_LINE_1":"203 W UNION ST","CITY_1":"EDGEWOOD","ZIP":"52042","House_Dist":56,"Senate_Dis":"28","Congressio":"1","SOSID_NEW":"22_LM"}},{"type":"Feature","id":436,"geometry":{"type":"Point","coordinates":[-91.27700229699991,42.74132660300006]},"properties":{"OBJECTID_12":436,"COUNTY":"Clayton","DISTRICT_CODE":"ELMYVO","PRECINCT":"Elk-Mallory-Volga","POLLING_PLACE":"ELKPORT-GARBER COMMUNITY CENTER","ADDR_LINE_1":"231 WATER ST","CITY_1":"ELKPORT","ZIP":"52044","House_Dist":56,"Senate_Dis":"28","Congressio":"1","SOSID_NEW":"22_ELMYVO"}},{"type":"Feature","id":437,"geometry":{"type":"Point","coordinates":[-91.10078969699993,42.79039878000009]},"properties":{"OBJECTID_12":437,"COUNTY":"Clayton","DISTRICT_CODE":"JF-MV","PRECINCT":"Jefferson-Millville","POLLING_PLACE":"GUTTENBERG MUNICIPAL BUILDING","ADDR_LINE_1":"502 FIRST ST","CITY_1":"GUTTENBERG","ZIP":"52052","House_Dist":56,"Senate_Dis":"28","Congressio":"1","SOSID_NEW":"22_JF-MV"}},{"type":"Feature","id":438,"geometry":{"type":"Point","coordinates":[-90.95865931599991,42.67981534000006]},"properties":{"OBJECTID_12":438,"COUNTY":"Clayton","DISTRICT_CODE":"BV","PRECINCT":"Buena Vista","POLLING_PLACE":"IC PARISH HALL","ADDR_LINE_1":"WALNUT ST","CITY_1":"NORTH BUENA VISTA","ZIP":"52066","House_Dist":56,"Senate_Dis":"28","Congressio":"1","SOSID_NEW":"22_BV"}},{"type":"Feature","id":439,"geometry":{"type":"Point","coordinates":[-91.23563720399994,42.86765207600007]},"properties":{"OBJECTID_12":439,"COUNTY":"Clayton","DISTRICT_CODE":"CL-GV","PRECINCT":"Clayton-Garnavillo","POLLING_PLACE":"GARNAVILLO COMMUNITY BUILDING","ADDR_LINE_1":"106 W NIAGARA ST","CITY_1":"GARNAVILLO","ZIP":"52049","House_Dist":56,"Senate_Dis":"28","Congressio":"1","SOSID_NEW":"22_CL-GV"}},{"type":"Feature","id":440,"geometry":{"type":"Point","coordinates":[-91.36790918499992,42.95919949800009]},"properties":{"OBJECTID_12":440,"COUNTY":"Clayton","DISTRICT_CODE":"FB-WG","PRECINCT":"Farmersburg-Wagner","POLLING_PLACE":"FARMERSBURG COMMUNITY CENTER","ADDR_LINE_1":"4 E ADAMS ST","CITY_1":"FARMERSBURG","ZIP":"52047","House_Dist":56,"Senate_Dis":"28","Congressio":"1","SOSID_NEW":"22_FB-WG"}},{"type":"Feature","id":441,"geometry":{"type":"Point","coordinates":[-91.17762007899995,43.02274305200007]},"properties":{"OBJECTID_12":441,"COUNTY":"Clayton","DISTRICT_CODE":"MN","PRECINCT":"Mendon","POLLING_PLACE":"MCGREGOR PUBLIC LIBRARY","ADDR_LINE_1":"334 MAIN ST","CITY_1":"MCGREGOR","ZIP":"52157","House_Dist":56,"Senate_Dis":"28","Congressio":"1","SOSID_NEW":"22_MN"}},{"type":"Feature","id":442,"geometry":{"type":"Point","coordinates":[-91.3886730399999,43.05284360600007]},"properties":{"OBJECTID_12":442,"COUNTY":"Clayton","DISTRICT_CODE":"GDLUMO","PRECINCT":"Giard-Luana-Monona","POLLING_PLACE":"MONONA COMMUNITY CENTER","ADDR_LINE_1":"104 S EGBERT ST","CITY_1":"MONONA","ZIP":"52159","House_Dist":56,"Senate_Dis":"28","Congressio":"1","SOSID_NEW":"22_GDLUMO"}},{"type":"Feature","id":443,"geometry":{"type":"Point","coordinates":[-91.9333717799999,43.06657231000008]},"properties":{"OBJECTID_12":443,"COUNTY":"Fayette","DISTRICT_CODE":"AU","PRECINCT":"Auburn Twp","POLLING_PLACE":"ST. LUCAS COMMUNITY CENTER","ADDR_LINE_1":"101 W MAIN ST.","CITY_1":"ST. LUCAS","ZIP":"52166","House_Dist":55,"Senate_Dis":"28","Congressio":"1","SOSID_NEW":"33_AU"}},{"type":"Feature","id":444,"geometry":{"type":"Point","coordinates":[-91.94997303799994,42.937703454000086]},"properties":{"OBJECTID_12":444,"COUNTY":"Fayette","DISTRICT_CODE":"BW","PRECINCT":"Bethel-Windsor Twp.","POLLING_PLACE":"HAWKEYE PUBLIC LIBRARY","ADDR_LINE_1":"104 S 2ND ST.","CITY_1":"HAWKEYE","ZIP":"52147","House_Dist":55,"Senate_Dis":"28","Congressio":"1","SOSID_NEW":"33_BW"}},{"type":"Feature","id":445,"geometry":{"type":"Point","coordinates":[-91.6504848319999,43.00268081400009]},"properties":{"OBJECTID_12":445,"COUNTY":"Fayette","DISTRICT_CODE":"CL","PRECINCT":"Clermont Twp","POLLING_PLACE":"CLERMONT FIRE HALL","ADDR_LINE_1":"808 STATE ST","CITY_1":"CLERMONT","ZIP":"52135","House_Dist":55,"Senate_Dis":"28","Congressio":"1","SOSID_NEW":"33_CL"}},{"type":"Feature","id":446,"geometry":{"type":"Point","coordinates":[-92.03487811499991,43.05583903200005]},"properties":{"OBJECTID_12":446,"COUNTY":"Fayette","DISTRICT_CODE":"ED","PRECINCT":"Eden Twp","POLLING_PLACE":"WAUCOMA COMMUNITY CENTER","ADDR_LINE_1":"113 1ST AVE. SW","CITY_1":"WAUCOMA","ZIP":"52171","House_Dist":55,"Senate_Dis":"28","Congressio":"1","SOSID_NEW":"33_ED"}},{"type":"Feature","id":447,"geometry":{"type":"Point","coordinates":[-91.65688353899992,42.840336645000036]},"properties":{"OBJECTID_12":447,"COUNTY":"Fayette","DISTRICT_CODE":"IL","PRECINCT":"Illyria Twp","POLLING_PLACE":"WADENA LIBRARY, MEETING ROOM","ADDR_LINE_1":"136 S MILL ST.","CITY_1":"WADENA","ZIP":"52169","House_Dist":55,"Senate_Dis":"28","Congressio":"1","SOSID_NEW":"33_IL"}},{"type":"Feature","id":448,"geometry":{"type":"Point","coordinates":[-91.62835276499993,42.95664625500007]},"properties":{"OBJECTID_12":448,"COUNTY":"Fayette","DISTRICT_CODE":"PL","PRECINCT":"Pleasant Valley Twp","POLLING_PLACE":"ELGIN LIBRARY, MEETING ROOM","ADDR_LINE_1":"214 MAIN ST.","CITY_1":"ELGIN","ZIP":"52141","House_Dist":55,"Senate_Dis":"28","Congressio":"1","SOSID_NEW":"33_PL"}},{"type":"Feature","id":449,"geometry":{"type":"Point","coordinates":[-91.80435310999991,42.941804682000054]},"properties":{"OBJECTID_12":449,"COUNTY":"Fayette","DISTRICT_CODE":"DV","PRECINCT":"Dover Twp","POLLING_PLACE":"DOVER TWP. HALL","ADDR_LINE_1":"280TH ST. & GREAT RIVER RD.","CITY_1":"WEST UNION","ZIP":"52175","House_Dist":55,"Senate_Dis":"28","Congressio":"1","SOSID_NEW":"33_DV"}},{"type":"Feature","id":450,"geometry":{"type":"Point","coordinates":[-91.80286962899993,42.84323179800003]},"properties":{"OBJECTID_12":450,"COUNTY":"Fayette","DISTRICT_CODE":"SF","PRECINCT":"Smithfield Twp","POLLING_PLACE":"FAYETTE LIBRARY-ICN RM-BACK ENT","ADDR_LINE_1":"104 W STATE ST","CITY_1":"FAYETTE","ZIP":"52142","House_Dist":55,"Senate_Dis":"28","Congressio":"1","SOSID_NEW":"33_SF"}},{"type":"Feature","id":451,"geometry":{"type":"Point","coordinates":[-91.80286962899993,42.84323179800003]},"properties":{"OBJECTID_12":451,"COUNTY":"Fayette","DISTRICT_CODE":"WF","PRECINCT":"Westfield Twp","POLLING_PLACE":"FAYETTE LIBRARY, ICN ROOM","ADDR_LINE_1":"104 W STATE ST.","CITY_1":"FAYETTE","ZIP":"52142","House_Dist":55,"Senate_Dis":"28","Congressio":"1","SOSID_NEW":"33_WF"}},{"type":"Feature","id":452,"geometry":{"type":"Point","coordinates":[-91.80812262899991,42.96147034400008]},"properties":{"OBJECTID_12":452,"COUNTY":"Fayette","DISTRICT_CODE":"UN","PRECINCT":"Union Twp","POLLING_PLACE":"COURTHOUSE ASSEMBLY ROOM-WEST SIDE","ADDR_LINE_1":"114 N VINE ST.","CITY_1":"WEST UNION","ZIP":"52175","House_Dist":55,"Senate_Dis":"28","Congressio":"1","SOSID_NEW":"33_UN"}},{"type":"Feature","id":453,"geometry":{"type":"Point","coordinates":[-91.80812262899991,42.96147034400008]},"properties":{"OBJECTID_12":453,"COUNTY":"Fayette","DISTRICT_CODE":"WE1","PRECINCT":"West Union Ward 1","POLLING_PLACE":"COURTHOUSE LOUNGE","ADDR_LINE_1":"114 N VINE ST.","CITY_1":"WEST UNION","ZIP":"52175","House_Dist":55,"Senate_Dis":"28","Congressio":"1","SOSID_NEW":"33_WE1"}},{"type":"Feature","id":454,"geometry":{"type":"Point","coordinates":[-91.80815293299992,42.963936585000056]},"properties":{"OBJECTID_12":454,"COUNTY":"Fayette","DISTRICT_CODE":"WE2","PRECINCT":"West Union Ward 2","POLLING_PLACE":"WEST UNION COMMUNITY LIBRARY","ADDR_LINE_1":"210 N VINE ST.","CITY_1":"WEST UNION","ZIP":"52175","House_Dist":55,"Senate_Dis":"28","Congressio":"1","SOSID_NEW":"33_WE2"}},{"type":"Feature","id":455,"geometry":{"type":"Point","coordinates":[-91.80812262899991,42.96147034400008]},"properties":{"OBJECTID_12":455,"COUNTY":"Fayette","DISTRICT_CODE":"WE3","PRECINCT":"West Union Ward 3","POLLING_PLACE":"COURTHOUSE ASSEMBLY ROOM","ADDR_LINE_1":"114 N VINE ST.","CITY_1":"WEST UNION","ZIP":"52175","House_Dist":55,"Senate_Dis":"28","Congressio":"1","SOSID_NEW":"33_WE3"}},{"type":"Feature","id":456,"geometry":{"type":"Point","coordinates":[-91.51338744999993,42.96506810800008]},"properties":{"OBJECTID_12":456,"COUNTY":"Clayton","DISTRICT_CODE":"MR","PRECINCT":"Marion","POLLING_PLACE":"MARION LUTHERAN CHURCH - GUNDER","ADDR_LINE_1":"14734 AGATE RD","CITY_1":"ELGIN","ZIP":"52141","House_Dist":55,"Senate_Dis":"28","Congressio":"1","SOSID_NEW":"22_MR"}},{"type":"Feature","id":457,"geometry":{"type":"Point","coordinates":[-91.40530946099994,42.855452279000076]},"properties":{"OBJECTID_12":457,"COUNTY":"Clayton","DISTRICT_CODE":"BM-HI","PRECINCT":"Boardman-Highland","POLLING_PLACE":"CENTRAL STATE BANK COMMUNITY ROOM","ADDR_LINE_1":"200 N MAIN ST","CITY_1":"ELKADER","ZIP":"52043","House_Dist":55,"Senate_Dis":"28","Congressio":"1","SOSID_NEW":"22_BM-HI"}},{"type":"Feature","id":458,"geometry":{"type":"Point","coordinates":[-91.01514879399991,42.29851551500008]},"properties":{"OBJECTID_12":458,"COUNTY":"Dubuque","DISTRICT_CODE":"33","PRECINCT":"33","POLLING_PLACE":"33 CASCADE CITY HALL","ADDR_LINE_1":"320 1ST AVE W","CITY_1":"CASCADE","ZIP":"52033","House_Dist":58,"Senate_Dis":"29","Congressio":"1","SOSID_NEW":"31_33"}},{"type":"Feature","id":459,"geometry":{"type":"Point","coordinates":[-90.7975719179999,42.51439914600007]},"properties":{"OBJECTID_12":459,"COUNTY":"Dubuque","DISTRICT_CODE":"32","PRECINCT":"32","POLLING_PLACE":"32 MEADOWS GOLF CLUB","ADDR_LINE_1":"15766 CLOVER LN","CITY_1":"ASBURY","ZIP":"52002","House_Dist":57,"Senate_Dis":"29","Congressio":"1","SOSID_NEW":"31_32"}},{"type":"Feature","id":460,"geometry":{"type":"Point","coordinates":[-90.84010180099995,42.44757352900007]},"properties":{"OBJECTID_12":460,"COUNTY":"Dubuque","DISTRICT_CODE":"34","PRECINCT":"34","POLLING_PLACE":"34 PEOSTA COMMUNITY CENTER","ADDR_LINE_1":"7896  BURDS RD","CITY_1":"PEOSTA","ZIP":"52068","House_Dist":57,"Senate_Dis":"29","Congressio":"1","SOSID_NEW":"31_34"}},{"type":"Feature","id":461,"geometry":{"type":"Point","coordinates":[-91.0742108959999,42.60151861400004]},"properties":{"OBJECTID_12":461,"COUNTY":"Dubuque","DISTRICT_CODE":"35","PRECINCT":"35","POLLING_PLACE":"35  LUXEMBURG CITY HALL","ADDR_LINE_1":"202 S ANDRES","CITY_1":"LUXEMBURG","ZIP":"52056","House_Dist":57,"Senate_Dis":"29","Congressio":"1","SOSID_NEW":"31_35"}},{"type":"Feature","id":462,"geometry":{"type":"Point","coordinates":[-91.11423356699993,42.47388887900007]},"properties":{"OBJECTID_12":462,"COUNTY":"Dubuque","DISTRICT_CODE":"39","PRECINCT":"39","POLLING_PLACE":"39 DYERSVILLE BECKMAN HS","ADDR_LINE_1":"1325 9TH ST SE","CITY_1":"DYERSVILLE","ZIP":"52040","House_Dist":57,"Senate_Dis":"29","Congressio":"1","SOSID_NEW":"31_39"}},{"type":"Feature","id":463,"geometry":{"type":"Point","coordinates":[-91.00614284699992,42.444742233000056]},"properties":{"OBJECTID_12":463,"COUNTY":"Dubuque","DISTRICT_CODE":"40","PRECINCT":"40","POLLING_PLACE":"40 FARLEY MEMORIAL HALL","ADDR_LINE_1":"301 1ST ST NW","CITY_1":"FARLEY","ZIP":"52046","House_Dist":57,"Senate_Dis":"29","Congressio":"1","SOSID_NEW":"31_40"}},{"type":"Feature","id":464,"geometry":{"type":"Point","coordinates":[-90.92956889499993,42.44054416900008]},"properties":{"OBJECTID_12":464,"COUNTY":"Dubuque","DISTRICT_CODE":"41","PRECINCT":"41","POLLING_PLACE":"41 EPWORTH COUNCIL CHAMBERS","ADDR_LINE_1":"191 JACOBY DR  E","CITY_1":"EPWORTH","ZIP":"52045","House_Dist":57,"Senate_Dis":"29","Congressio":"1","SOSID_NEW":"31_41"}},{"type":"Feature","id":465,"geometry":{"type":"Point","coordinates":[-90.78297442199994,42.60247222500004]},"properties":{"OBJECTID_12":465,"COUNTY":"Dubuque","DISTRICT_CODE":"42","PRECINCT":"42","POLLING_PLACE":"42 SS PETER & PAUL SHERRILL","ADDR_LINE_1":"5131 SHERRILL RD","CITY_1":"SHERRILL","ZIP":"52073","House_Dist":57,"Senate_Dis":"29","Congressio":"1","SOSID_NEW":"31_42"}},{"type":"Feature","id":466,"geometry":{"type":"Point","coordinates":[-90.83132447399993,42.31401444900007]},"properties":{"OBJECTID_12":466,"COUNTY":"Dubuque","DISTRICT_CODE":"44","PRECINCT":"44","POLLING_PLACE":"44 BERNARD FIRE STATION","ADDR_LINE_1":"547 ROLUS ST","CITY_1":"BERNARD","ZIP":"52032","House_Dist":57,"Senate_Dis":"29","Congressio":"1","SOSID_NEW":"31_44"}},{"type":"Feature","id":467,"geometry":{"type":"Point","coordinates":[-90.74366451999992,42.42555707900004]},"properties":{"OBJECTID_12":467,"COUNTY":"Dubuque","DISTRICT_CODE":"45","PRECINCT":"45","POLLING_PLACE":"45 SWISS VALLEY NATURE CNTR","ADDR_LINE_1":"13069 SWISS VALLEY RD","CITY_1":"PEOSTA","ZIP":"52068","House_Dist":57,"Senate_Dis":"29","Congressio":"1","SOSID_NEW":"31_45"}},{"type":"Feature","id":468,"geometry":{"type":"Point","coordinates":[-91.12722023899994,42.48443107200006]},"properties":{"OBJECTID_12":468,"COUNTY":"Dubuque","DISTRICT_CODE":"37","PRECINCT":"37","POLLING_PLACE":"37 DYERSVILLE XAVIER CH BASEMENT","ADDR_LINE_1":"104 3RD ST SW","CITY_1":"DYERSVILLE","ZIP":"52040","House_Dist":57,"Senate_Dis":"29","Congressio":"1","SOSID_NEW":"31_37"}},{"type":"Feature","id":469,"geometry":{"type":"Point","coordinates":[-91.11743920399994,42.48279597100009]},"properties":{"OBJECTID_12":469,"COUNTY":"Dubuque","DISTRICT_CODE":"38","PRECINCT":"38","POLLING_PLACE":"38 DV SOCIAL CENTER","ADDR_LINE_1":"625 3RD AVE SE","CITY_1":"DYERSVILLE","ZIP":"52040","House_Dist":57,"Senate_Dis":"29","Congressio":"1","SOSID_NEW":"31_38"}},{"type":"Feature","id":470,"geometry":{"type":"Point","coordinates":[-90.7556612219999,42.50836730300006]},"properties":{"OBJECTID_12":470,"COUNTY":"Dubuque","DISTRICT_CODE":"31","PRECINCT":"31","POLLING_PLACE":"31 ASBURY FIRE STATION","ADDR_LINE_1":"5485 SARATOGA RD","CITY_1":"ASBURY","ZIP":"52002","House_Dist":57,"Senate_Dis":"29","Congressio":"1","SOSID_NEW":"31_31"}},{"type":"Feature","id":471,"geometry":{"type":"Point","coordinates":[-92.4553630659999,42.40684459900007]},"properties":{"OBJECTID_12":471,"COUNTY":"Black Hawk","DISTRICT_CODE":"DM00","PRECINCT":"Black Hawk/Hudson/Lincoln","POLLING_PLACE":"DM00 HUDSON COMMUNITY CENTER","ADDR_LINE_1":"525 JEFFERSON ST","CITY_1":"HUDSON","ZIP":"50643","House_Dist":60,"Senate_Dis":"30","Congressio":"1","SOSID_NEW":"7_DM00"}},{"type":"Feature","id":472,"geometry":{"type":"Point","coordinates":[-92.4948757969999,42.480537404000074]},"properties":{"OBJECTID_12":472,"COUNTY":"Black Hawk","DISTRICT_CODE":"R000","PRECINCT":"Union","POLLING_PLACE":"R000 AMERICAN MARTYR RETREAT HOUSE","ADDR_LINE_1":"2209 S UNION RD","CITY_1":"CEDAR FALLS","ZIP":"50613","House_Dist":60,"Senate_Dis":"30","Congressio":"1","SOSID_NEW":"7_R000"}},{"type":"Feature","id":473,"geometry":{"type":"Point","coordinates":[-92.46011783699993,42.56242227700005]},"properties":{"OBJECTID_12":473,"COUNTY":"Black Hawk","DISTRICT_CODE":"X101","PRECINCT":"Precinct X101","POLLING_PLACE":"X101 LIVING WATER CHURCH OF THE NAZARENE","ADDR_LINE_1":"1210 W LONE TREE RD (REAR ENTR)","CITY_1":"CEDAR FALLS","ZIP":"50613","House_Dist":59,"Senate_Dis":"30","Congressio":"1","SOSID_NEW":"7_X101"}},{"type":"Feature","id":474,"geometry":{"type":"Point","coordinates":[-92.4560377389999,42.53183039400005]},"properties":{"OBJECTID_12":474,"COUNTY":"Black Hawk","DISTRICT_CODE":"X102","PRECINCT":"Precinct X102","POLLING_PLACE":"X102 ST JOHN LUTHERAN CHURCH","ADDR_LINE_1":"715 COLLEGE ST","CITY_1":"CEDAR FALLS","ZIP":"50613","House_Dist":59,"Senate_Dis":"30","Congressio":"1","SOSID_NEW":"7_X102"}},{"type":"Feature","id":475,"geometry":{"type":"Point","coordinates":[-92.45760070299991,42.53776172700009]},"properties":{"OBJECTID_12":475,"COUNTY":"Black Hawk","DISTRICT_CODE":"X301","PRECINCT":"Precinct X301","POLLING_PLACE":"X301 CEDAR FALLS SCHOOL ADMIN. BLDG.","ADDR_LINE_1":"1002 W 1ST ST (BOARD RM)","CITY_1":"CEDAR FALLS","ZIP":"50613","House_Dist":59,"Senate_Dis":"30","Congressio":"1","SOSID_NEW":"7_X301"}},{"type":"Feature","id":476,"geometry":{"type":"Point","coordinates":[-92.44812385599994,42.53638991000008]},"properties":{"OBJECTID_12":476,"COUNTY":"Black Hawk","DISTRICT_CODE":"X103","PRECINCT":"Precinct X103","POLLING_PLACE":"X103 CEDAR FALLS CITY HALL","ADDR_LINE_1":"220 CLAY ST (COUNCIL CHAMBERS)","CITY_1":"CEDAR FALLS","ZIP":"50613","House_Dist":59,"Senate_Dis":"30","Congressio":"1","SOSID_NEW":"7_X103"}},{"type":"Feature","id":477,"geometry":{"type":"Point","coordinates":[-92.46916266499994,42.50517494200005]},"properties":{"OBJECTID_12":477,"COUNTY":"Black Hawk","DISTRICT_CODE":"X201","PRECINCT":"Precinct X201","POLLING_PLACE":"X201 UNITED CHURCH OF CHRIST","ADDR_LINE_1":"9204 UNIVERSITY AVE","CITY_1":"CEDAR FALLS","ZIP":"50613","House_Dist":59,"Senate_Dis":"30","Congressio":"1","SOSID_NEW":"7_X201"}},{"type":"Feature","id":478,"geometry":{"type":"Point","coordinates":[-92.47900082199993,42.53495631900006]},"properties":{"OBJECTID_12":478,"COUNTY":"Black Hawk","DISTRICT_CODE":"X302","PRECINCT":"Precinct X302","POLLING_PLACE":"X302 CHURCH OF CHRIST","ADDR_LINE_1":"2727 W 4TH ST","CITY_1":"CEDAR FALLS","ZIP":"50613","House_Dist":59,"Senate_Dis":"30","Congressio":"1","SOSID_NEW":"7_X302"}},{"type":"Feature","id":479,"geometry":{"type":"Point","coordinates":[-92.46509927999995,42.521392725000055]},"properties":{"OBJECTID_12":479,"COUNTY":"Black Hawk","DISTRICT_CODE":"X403","PRECINCT":"Precinct X403","POLLING_PLACE":"X403 GILCHRIST HALL, UNI","ADDR_LINE_1":"UNIVERSITY AVE TO SOUTH CAMPUS ST\r\n","CITY_1":"CEDAR FALLS","ZIP":"50613","House_Dist":59,"Senate_Dis":"30","Congressio":"1","SOSID_NEW":"7_X403"}},{"type":"Feature","id":480,"geometry":{"type":"Point","coordinates":[-92.42159582499994,42.51982800800005]},"properties":{"OBJECTID_12":480,"COUNTY":"Black Hawk","DISTRICT_CODE":"X401","PRECINCT":"Precinct X401","POLLING_PLACE":"X401 CEDAR HGTS. COMM. PRESBYTERIAN CHURCH","ADDR_LINE_1":"2015 RAINBOW DR","CITY_1":"CEDAR FALLS","ZIP":"50613","House_Dist":59,"Senate_Dis":"30","Congressio":"1","SOSID_NEW":"7_X401"}},{"type":"Feature","id":481,"geometry":{"type":"Point","coordinates":[-92.45712050799995,42.51673690500007]},"properties":{"OBJECTID_12":481,"COUNTY":"Black Hawk","DISTRICT_CODE":"X303","PRECINCT":"Precinct X303","POLLING_PLACE":"X303 UNIVERSITY BOOK & SUPPLY","ADDR_LINE_1":"1009 W 23RD ST (LOWER LEVEL ENTR)","CITY_1":"CEDAR FALLS","ZIP":"50613","House_Dist":59,"Senate_Dis":"30","Congressio":"1","SOSID_NEW":"7_X303"}},{"type":"Feature","id":482,"geometry":{"type":"Point","coordinates":[-92.40980271199993,42.509195988000045]},"properties":{"OBJECTID_12":482,"COUNTY":"Black Hawk","DISTRICT_CODE":"X501","PRECINCT":"Precinct X501","POLLING_PLACE":"X501 ST TIMOTHY UNITED METHODIST CHURCH","ADDR_LINE_1":"3220 TERRACE DR","CITY_1":"CEDAR FALLS","ZIP":"50613","House_Dist":59,"Senate_Dis":"30","Congressio":"1","SOSID_NEW":"7_X501"}},{"type":"Feature","id":483,"geometry":{"type":"Point","coordinates":[-92.2689944309999,42.41132229500005]},"properties":{"OBJECTID_12":483,"COUNTY":"Black Hawk","DISTRICT_CODE":"EO00","PRECINCT":"Cedar/Orange","POLLING_PLACE":"EO00  ST PAUL PRESBYTERIAN CHURCH","ADDR_LINE_1":"410 FIRST ST","CITY_1":"WASHBURN","ZIP":"50706","House_Dist":61,"Senate_Dis":"31","Congressio":"1","SOSID_NEW":"7_EO00"}},{"type":"Feature","id":484,"geometry":{"type":"Point","coordinates":[-92.3275471149999,42.42849645700005]},"properties":{"OBJECTID_12":484,"COUNTY":"Black Hawk","DISTRICT_CODE":"W205","PRECINCT":"Precinct W205","POLLING_PLACE":"W205 HAWKEYE CENTER, HCC CAMPUS","ADDR_LINE_1":"1501 E ORANGE RD","CITY_1":"WATERLOO","ZIP":"50701","House_Dist":61,"Senate_Dis":"31","Congressio":"1","SOSID_NEW":"7_W205"}},{"type":"Feature","id":485,"geometry":{"type":"Point","coordinates":[-92.21330529999994,42.41472240300004]},"properties":{"OBJECTID_12":485,"COUNTY":"Black Hawk","DISTRICT_CODE":"PK02","PRECINCT":"Poyner P2/Gilbertville/Fox/Jesup","POLLING_PLACE":"PK02 AMERICAN LEGION","ADDR_LINE_1":"1110 6TH ST (SOUTH ENTR)","CITY_1":"GILBERTVILLE","ZIP":"50634","House_Dist":61,"Senate_Dis":"31","Congressio":"1","SOSID_NEW":"7_PK02"}},{"type":"Feature","id":486,"geometry":{"type":"Point","coordinates":[-92.35138563999993,42.48727678900008]},"properties":{"OBJECTID_12":486,"COUNTY":"Black Hawk","DISTRICT_CODE":"W103","PRECINCT":"Precinct W103","POLLING_PLACE":"W103 FIRST BAPTIST CHURCH","ADDR_LINE_1":"1200 W 4TH ST","CITY_1":"WATERLOO","ZIP":"50701","House_Dist":61,"Senate_Dis":"31","Congressio":"1","SOSID_NEW":"7_W103"}},{"type":"Feature","id":487,"geometry":{"type":"Point","coordinates":[-92.3507351529999,42.463434050000046]},"properties":{"OBJECTID_12":487,"COUNTY":"Black Hawk","DISTRICT_CODE":"W201","PRECINCT":"Precinct W201","POLLING_PLACE":"W201 FRIENDSHIP VILLAGE","ADDR_LINE_1":"600 PARK LN (CHAPEL ENTRANCE)\r\n","CITY_1":"WATERLOO","ZIP":"50702","House_Dist":61,"Senate_Dis":"31","Congressio":"1","SOSID_NEW":"7_W201"}},{"type":"Feature","id":488,"geometry":{"type":"Point","coordinates":[-92.3715130359999,42.50068652300007]},"properties":{"OBJECTID_12":488,"COUNTY":"Black Hawk","DISTRICT_CODE":"W305","PRECINCT":"Precinct W305","POLLING_PLACE":"W305 OUR SAVIORS LUTHERAN CHURCH","ADDR_LINE_1":"420 HARWOOD AV","CITY_1":"WATERLOO","ZIP":"50701","House_Dist":62,"Senate_Dis":"31","Congressio":"1","SOSID_NEW":"7_W305"}},{"type":"Feature","id":489,"geometry":{"type":"Point","coordinates":[-92.33278745599995,42.50277979800006]},"properties":{"OBJECTID_12":489,"COUNTY":"Black Hawk","DISTRICT_CODE":"W402","PRECINCT":"Precinct W402","POLLING_PLACE":"W402 HARVEST VINEYARD CHURCH","ADDR_LINE_1":"715 E 4TH ST","CITY_1":"WATERLOO","ZIP":"50703","House_Dist":62,"Senate_Dis":"31","Congressio":"1","SOSID_NEW":"7_W402"}},{"type":"Feature","id":490,"geometry":{"type":"Point","coordinates":[-92.3324844199999,42.498773904000075]},"properties":{"OBJECTID_12":490,"COUNTY":"Black Hawk","DISTRICT_CODE":"W403","PRECINCT":"Precinct W403","POLLING_PLACE":"W403 WATERLOO CITY HALL","ADDR_LINE_1":"715 MULBERRY ST","CITY_1":"WATERLOO","ZIP":"50703","House_Dist":62,"Senate_Dis":"31","Congressio":"1","SOSID_NEW":"7_W403"}},{"type":"Feature","id":491,"geometry":{"type":"Point","coordinates":[-92.31415078499992,42.492327411000076]},"properties":{"OBJECTID_12":491,"COUNTY":"Black Hawk","DISTRICT_CODE":"W404","PRECINCT":"Precinct W404","POLLING_PLACE":"W404 LINDEN METHODIST CHURCH","ADDR_LINE_1":"301 BUTLER AV","CITY_1":"WATERLOO","ZIP":"50703","House_Dist":62,"Senate_Dis":"31","Congressio":"1","SOSID_NEW":"7_W404"}},{"type":"Feature","id":492,"geometry":{"type":"Point","coordinates":[-92.32276281499992,42.506620188000056]},"properties":{"OBJECTID_12":492,"COUNTY":"Black Hawk","DISTRICT_CODE":"W405","PRECINCT":"Precinct W405","POLLING_PLACE":"W405 PAYNE MEMORIAL AME CHURCH","ADDR_LINE_1":"1044 MOBILE ST","CITY_1":"WATERLOO","ZIP":"50703","House_Dist":62,"Senate_Dis":"31","Congressio":"1","SOSID_NEW":"7_W405"}},{"type":"Feature","id":493,"geometry":{"type":"Point","coordinates":[-92.30631032899993,42.49841725500005]},"properties":{"OBJECTID_12":493,"COUNTY":"Black Hawk","DISTRICT_CODE":"W406","PRECINCT":"Precinct W406","POLLING_PLACE":"W406 PINECREST ROOM 220","ADDR_LINE_1":"1407 INDEPENDENCE AVE","CITY_1":"WATERLOO","ZIP":"50703","House_Dist":62,"Senate_Dis":"31","Congressio":"1","SOSID_NEW":"7_W406"}},{"type":"Feature","id":494,"geometry":{"type":"Point","coordinates":[-92.53722672299995,42.84723186400004]},"properties":{"OBJECTID_12":494,"COUNTY":"Bremer","DISTRICT_CODE":"PL","PRECINCT":"City of Plainfield, Polk Twp, Douglas Twp","POLLING_PLACE":"PLAINFIELD PUBLIC LIBRARY","ADDR_LINE_1":"723 MAIN ST","CITY_1":"PLAINFIELD","ZIP":"50666","House_Dist":63,"Senate_Dis":"32","Congressio":"1","SOSID_NEW":"9_PL"}},{"type":"Feature","id":495,"geometry":{"type":"Point","coordinates":[-92.30690008199991,42.88152730100006]},"properties":{"OBJECTID_12":495,"COUNTY":"Bremer","DISTRICT_CODE":"FD","PRECINCT":"City Of Frederika, Frederika Twp, Leroy Twp","POLLING_PLACE":"FREDERIKA COMMUNITY BUILDING","ADDR_LINE_1":"111 3RD ST","CITY_1":"FREDERIKA","ZIP":"50631","House_Dist":63,"Senate_Dis":"32","Congressio":"1","SOSID_NEW":"9_FD"}},{"type":"Feature","id":496,"geometry":{"type":"Point","coordinates":[-92.09709009699992,42.847432333000086]},"properties":{"OBJECTID_12":496,"COUNTY":"Bremer","DISTRICT_CODE":"SU","PRECINCT":"City of Sumner, Sumner Twp, Dayton Twp","POLLING_PLACE":"SUMNER AMERICAN LEGION HALL","ADDR_LINE_1":"113 E 1ST ST","CITY_1":"SUMNER","ZIP":"50674","House_Dist":63,"Senate_Dis":"32","Congressio":"1","SOSID_NEW":"9_SU"}},{"type":"Feature","id":497,"geometry":{"type":"Point","coordinates":[-92.25810323999991,42.80707852200004]},"properties":{"OBJECTID_12":497,"COUNTY":"Bremer","DISTRICT_CODE":"TR","PRECINCT":"City of Tripoli, Fremont Twp","POLLING_PLACE":"TRIPOLI CITY HALL","ADDR_LINE_1":"303 S MAIN ST","CITY_1":"TRIPOLI","ZIP":"50676","House_Dist":63,"Senate_Dis":"32","Congressio":"1","SOSID_NEW":"9_TR"}},{"type":"Feature","id":498,"geometry":{"type":"Point","coordinates":[-92.46554372299994,42.760008981000055]},"properties":{"OBJECTID_12":498,"COUNTY":"Bremer","DISTRICT_CODE":"LA","PRECINCT":"Lafayette Twp, Warren Twp","POLLING_PLACE":"BREMER COUNTY SECONDARY ROAD BUILDING","ADDR_LINE_1":"1995 EUCLID AVE","CITY_1":"WAVERLY","ZIP":"50677","House_Dist":63,"Senate_Dis":"32","Congressio":"1","SOSID_NEW":"9_LA"}},{"type":"Feature","id":499,"geometry":{"type":"Point","coordinates":[-92.2254814229999,42.700845144000084]},"properties":{"OBJECTID_12":499,"COUNTY":"Bremer","DISTRICT_CODE":"RD","PRECINCT":"City Of Readlyn, Franklin Twp, Maxfield Twp","POLLING_PLACE":"READLYN TELEPHONE CO","ADDR_LINE_1":"121 MAIN ST ","CITY_1":"READLYN","ZIP":"50668","House_Dist":63,"Senate_Dis":"32","Congressio":"1","SOSID_NEW":"9_RD"}},{"type":"Feature","id":500,"geometry":{"type":"Point","coordinates":[-92.33651245899995,42.67403553500009]},"properties":{"OBJECTID_12":500,"COUNTY":"Bremer","DISTRICT_CODE":"DV","PRECINCT":"City Of Denver, Jefferson Twp","POLLING_PLACE":"DENVER COMMUNITY ROOM","ADDR_LINE_1":"100 WASHINGTON ST","CITY_1":"DENVER","ZIP":"50622","House_Dist":63,"Senate_Dis":"32","Congressio":"1","SOSID_NEW":"9_DV"}},{"type":"Feature","id":501,"geometry":{"type":"Point","coordinates":[-92.46299356499992,42.647398733000045]},"properties":{"OBJECTID_12":501,"COUNTY":"Bremer","DISTRICT_CODE":"JV","PRECINCT":"City Of Janesville, Jackson Twp","POLLING_PLACE":"JANESVILLE CITY HALL","ADDR_LINE_1":"227 MAIN ST","CITY_1":"JANESVILLE","ZIP":"50647","House_Dist":63,"Senate_Dis":"32","Congressio":"1","SOSID_NEW":"9_JV"}},{"type":"Feature","id":502,"geometry":{"type":"Point","coordinates":[-92.46911837499994,42.72689887700005]},"properties":{"OBJECTID_12":502,"COUNTY":"Bremer","DISTRICT_CODE":"WL1","PRECINCT":"Waverly Ward 1, East Washington Twp","POLLING_PLACE":"WAVERLY CITY HALL","ADDR_LINE_1":"200 1ST ST NE","CITY_1":"WAVERLY","ZIP":"50677","House_Dist":63,"Senate_Dis":"32","Congressio":"1","SOSID_NEW":"9_WL1"}},{"type":"Feature","id":503,"geometry":{"type":"Point","coordinates":[-92.46617171799994,42.71956631100005]},"properties":{"OBJECTID_12":503,"COUNTY":"Bremer","DISTRICT_CODE":"WL5","PRECINCT":"Waverly Ward 5, West Washington Twp","POLLING_PLACE":"BARTELS LUTHERAN HOME CHAPEL","ADDR_LINE_1":"EVERGREEN ARBOR ENTRANCE \r\n20TH ST NW","CITY_1":"WAVERLY","ZIP":"50677","House_Dist":63,"Senate_Dis":"32","Congressio":"1","SOSID_NEW":"9_WL5"}},{"type":"Feature","id":504,"geometry":{"type":"Point","coordinates":[-92.47047620599994,42.73626966200004]},"properties":{"OBJECTID_12":504,"COUNTY":"Bremer","DISTRICT_CODE":"WL2","PRECINCT":"Waverly Ward 2, NE SEC 36 WASHINGTON TWP","POLLING_PLACE":"WAVERLY LIGHT AND POWER","ADDR_LINE_1":"1002 ADAMS PKWY","CITY_1":"WAVERLY","ZIP":"50677","House_Dist":63,"Senate_Dis":"32","Congressio":"1","SOSID_NEW":"9_WL2"}},{"type":"Feature","id":505,"geometry":{"type":"Point","coordinates":[-92.47192946099995,42.72549232500006]},"properties":{"OBJECTID_12":505,"COUNTY":"Bremer","DISTRICT_CODE":"WL3","PRECINCT":"Waverly Ward 3","POLLING_PLACE":"WAVERLY FIRE STATION","ADDR_LINE_1":"123 1ST ST SW","CITY_1":"WAVERLY","ZIP":"50677","House_Dist":63,"Senate_Dis":"32","Congressio":"1","SOSID_NEW":"9_WL3"}},{"type":"Feature","id":506,"geometry":{"type":"Point","coordinates":[-92.4962505229999,42.72557251600006]},"properties":{"OBJECTID_12":506,"COUNTY":"Bremer","DISTRICT_CODE":"WL4","PRECINCT":"Waverly Ward 4 ","POLLING_PLACE":"REDEEMER LUTHERAN CHURCH","ADDR_LINE_1":"2001 W BREMER AVE","CITY_1":"WAVERLY","ZIP":"50677","House_Dist":63,"Senate_Dis":"32","Congressio":"1","SOSID_NEW":"9_WL4"}},{"type":"Feature","id":507,"geometry":{"type":"Point","coordinates":[-92.15856080799995,42.56814684300008]},"properties":{"OBJECTID_12":507,"COUNTY":"Black Hawk","DISTRICT_CODE":"ALOO","PRECINCT":"Barclay/Lester/Dunkerton","POLLING_PLACE":"ALOO DUNKERTON PUBLIC LIBRARY","ADDR_LINE_1":"203 E TOWER ST","CITY_1":"DUNKERTON","ZIP":"50626","House_Dist":63,"Senate_Dis":"32","Congressio":"1","SOSID_NEW":"7_ALOO"}},{"type":"Feature","id":508,"geometry":{"type":"Point","coordinates":[-92.25618580799994,42.584928468000044]},"properties":{"OBJECTID_12":508,"COUNTY":"Black Hawk","DISTRICT_CODE":"B000","PRECINCT":"Bennington","POLLING_PLACE":"B000  ST JOHN'S LUTHERAN CHURCH","ADDR_LINE_1":"4110 E MT VERNON RD","CITY_1":"WATERLOO","ZIP":"50703","House_Dist":63,"Senate_Dis":"32","Congressio":"1","SOSID_NEW":"7_B000"}},{"type":"Feature","id":509,"geometry":{"type":"Point","coordinates":[-92.3654208609999,42.57066669800008]},"properties":{"OBJECTID_12":509,"COUNTY":"Black Hawk","DISTRICT_CODE":"N000","PRECINCT":"Mt Vernon","POLLING_PLACE":"N000 COUNTRY VIEW","ADDR_LINE_1":"1410 W DUNKERTON RD","CITY_1":"WATERLOO","ZIP":"50703","House_Dist":63,"Senate_Dis":"32","Congressio":"1","SOSID_NEW":"7_N000"}},{"type":"Feature","id":510,"geometry":{"type":"Point","coordinates":[-92.21852219199991,42.526560422000045]},"properties":{"OBJECTID_12":510,"COUNTY":"Black Hawk","DISTRICT_CODE":"PH01","PRECINCT":"Poyner P1/ East Wloo Twp","POLLING_PLACE":"PH01 DEWAR COMMUNITY CENTER","ADDR_LINE_1":"1731 N RAYMOND RD","CITY_1":"DEWAR","ZIP":"50623","House_Dist":63,"Senate_Dis":"32","Congressio":"1","SOSID_NEW":"7_PH01"}},{"type":"Feature","id":511,"geometry":{"type":"Point","coordinates":[-92.45558318699995,42.60828969700009]},"properties":{"OBJECTID_12":511,"COUNTY":"Black Hawk","DISTRICT_CODE":"S000","PRECINCT":"Washington/Janesville","POLLING_PLACE":"S000 ANTIQUE ACRES","ADDR_LINE_1":"7610 WAVERLY RD","CITY_1":"CEDAR FALLS","ZIP":"50613","House_Dist":63,"Senate_Dis":"32","Congressio":"1","SOSID_NEW":"7_S000"}},{"type":"Feature","id":512,"geometry":{"type":"Point","coordinates":[-91.7291738589999,42.61871628300008]},"properties":{"OBJECTID_12":512,"COUNTY":"Buchanan","DISTRICT_CODE":"AR","PRECINCT":"Aurora","POLLING_PLACE":"AURORA LEGION HALL","ADDR_LINE_1":"302 WARREN ST\r\nPO BOX 114","CITY_1":"AURORA","ZIP":"50607","House_Dist":64,"Senate_Dis":"32","Congressio":"1","SOSID_NEW":"10_AR"}},{"type":"Feature","id":513,"geometry":{"type":"Point","coordinates":[-91.81141322899992,42.64249059700006]},"properties":{"OBJECTID_12":513,"COUNTY":"Fayette","DISTRICT_CODE":"SC","PRECINCT":"Scott Twp","POLLING_PLACE":"STANLEY COMMUNITY HALL","ADDR_LINE_1":"115 MAIN ST.","CITY_1":"STANLEY","ZIP":"50671","House_Dist":64,"Senate_Dis":"32","Congressio":"1","SOSID_NEW":"10_SC"}},{"type":"Feature","id":514,"geometry":{"type":"Point","coordinates":[-92.00743127599992,42.31453660100004]},"properties":{"OBJECTID_12":514,"COUNTY":"Buchanan","DISTRICT_CODE":"BD","PRECINCT":"Brandon","POLLING_PLACE":"BRANDON AREA COMM CLUB","ADDR_LINE_1":"802 MAIN ST.","CITY_1":"BRANDON","ZIP":"52210","House_Dist":64,"Senate_Dis":"32","Congressio":"1","SOSID_NEW":"10_BD"}},{"type":"Feature","id":515,"geometry":{"type":"Point","coordinates":[-92.05090549399995,42.63933926700008]},"properties":{"OBJECTID_12":515,"COUNTY":"Buchanan","DISTRICT_CODE":"FB","PRECINCT":"Fairbank","POLLING_PLACE":"FAIRBANK AMERICAN LEGION","ADDR_LINE_1":"109 MAIN ST E","CITY_1":"FAIRBANK","ZIP":"50629","House_Dist":64,"Senate_Dis":"32","Congressio":"1","SOSID_NEW":"10_FB"}},{"type":"Feature","id":516,"geometry":{"type":"Point","coordinates":[-92.05025016399992,42.63928204800004]},"properties":{"OBJECTID_12":516,"COUNTY":"Fayette","DISTRICT_CODE":"FB","PRECINCT":"Fairbank Inc","POLLING_PLACE":"FAIRBANK CITY HALL","ADDR_LINE_1":"116 E MAIN ST","CITY_1":"FAIRBANK","ZIP":"50629","House_Dist":64,"Senate_Dis":"32","Congressio":"1","SOSID_NEW":"10_FB"}},{"type":"Feature","id":517,"geometry":{"type":"Point","coordinates":[-91.90690386799992,42.61771521600008]},"properties":{"OBJECTID_12":517,"COUNTY":"Buchanan","DISTRICT_CODE":"HT","PRECINCT":"Hazleton","POLLING_PLACE":"HAZLETON CITY HALL","ADDR_LINE_1":"111 3RD ST N\r\nPO BOX 500","CITY_1":"HAZLETON","ZIP":"50641","House_Dist":64,"Senate_Dis":"32","Congressio":"1","SOSID_NEW":"10_HT"}},{"type":"Feature","id":518,"geometry":{"type":"Point","coordinates":[-92.0634939709999,42.47674090700008]},"properties":{"OBJECTID_12":518,"COUNTY":"Buchanan","DISTRICT_CODE":"JS","PRECINCT":"Jesup","POLLING_PLACE":"1ST PRESBYTERIAN CHURCH","ADDR_LINE_1":"643 6TH ST\r\n","CITY_1":"JESUP","ZIP":"50648","House_Dist":64,"Senate_Dis":"32","Congressio":"1","SOSID_NEW":"10_JS"}},{"type":"Feature","id":519,"geometry":{"type":"Point","coordinates":[-92.06358371699991,42.47905096900007]},"properties":{"OBJECTID_12":519,"COUNTY":"Buchanan","DISTRICT_CODE":"PW","PRECINCT":"Perry/Westburg","POLLING_PLACE":"METHODIST CHURCH","ADDR_LINE_1":"455 6TH ST\r\nPO BOX 271","CITY_1":"JESUP","ZIP":"50648","House_Dist":64,"Senate_Dis":"32","Congressio":"1","SOSID_NEW":"10_PW"}},{"type":"Feature","id":520,"geometry":{"type":"Point","coordinates":[-91.76117401399995,42.394313829000055]},"properties":{"OBJECTID_12":520,"COUNTY":"Buchanan","DISTRICT_CODE":"QT","PRECINCT":"Quasqueton","POLLING_PLACE":"QUASQUETON LEGION HALL","ADDR_LINE_1":"106 WATER ST S","CITY_1":"QUASQUETON","ZIP":"52326","House_Dist":64,"Senate_Dis":"32","Congressio":"1","SOSID_NEW":"10_QT"}},{"type":"Feature","id":521,"geometry":{"type":"Point","coordinates":[-91.7318743319999,42.468944985000064]},"properties":{"OBJECTID_12":521,"COUNTY":"Buchanan","DISTRICT_CODE":"WN","PRECINCT":"Winthrop","POLLING_PLACE":"ST. PATRICK'S PARISH CENTER","ADDR_LINE_1":"544 1ST ST S\r\nPO BOX 236","CITY_1":"WINTHROP","ZIP":"50682","House_Dist":64,"Senate_Dis":"32","Congressio":"1","SOSID_NEW":"10_WN"}},{"type":"Feature","id":522,"geometry":{"type":"Point","coordinates":[-91.8894980959999,42.48169903100006]},"properties":{"OBJECTID_12":522,"COUNTY":"Buchanan","DISTRICT_CODE":"I1","PRECINCT":"Indep 1st Ward","POLLING_PLACE":"FALCON CIVIC CENTER","ADDR_LINE_1":"1305 5TH AVE NE\r\n","CITY_1":"INDEPENDENCE","ZIP":"50644","House_Dist":64,"Senate_Dis":"32","Congressio":"1","SOSID_NEW":"10_I1"}},{"type":"Feature","id":523,"geometry":{"type":"Point","coordinates":[-91.89174288899994,42.46967902000006]},"properties":{"OBJECTID_12":523,"COUNTY":"Buchanan","DISTRICT_CODE":"I2","PRECINCT":"Indep 2nd Ward","POLLING_PLACE":"VFW","ADDR_LINE_1":"128 3RD AVE NE","CITY_1":"INDEPENDENCE","ZIP":"50644","House_Dist":64,"Senate_Dis":"32","Congressio":"1","SOSID_NEW":"10_I2"}},{"type":"Feature","id":524,"geometry":{"type":"Point","coordinates":[-91.88941301299991,42.47221752300004]},"properties":{"OBJECTID_12":524,"COUNTY":"Buchanan","DISTRICT_CODE":"I4","PRECINCT":"Indep 4th Ward","POLLING_PLACE":"SENIOR CITIZEN CENTER","ADDR_LINE_1":"400 5TH AVE NE","CITY_1":"INDEPENDENCE","ZIP":"50644","House_Dist":64,"Senate_Dis":"32","Congressio":"1","SOSID_NEW":"10_I4"}},{"type":"Feature","id":525,"geometry":{"type":"Point","coordinates":[-91.91111033999994,42.46847154000005]},"properties":{"OBJECTID_12":525,"COUNTY":"Buchanan","DISTRICT_CODE":"I3","PRECINCT":"Indep 3rd Ward","POLLING_PLACE":"PUBLIC HEALTH MEETING RM","ADDR_LINE_1":"1413 1ST ST W","CITY_1":"INDEPENDENCE","ZIP":"50644","House_Dist":64,"Senate_Dis":"32","Congressio":"1","SOSID_NEW":"10_I3"}},{"type":"Feature","id":526,"geometry":{"type":"Point","coordinates":[-91.90025818099991,42.46915803200005]},"properties":{"OBJECTID_12":526,"COUNTY":"Buchanan","DISTRICT_CODE":"I5","PRECINCT":"Indep 5th Ward","POLLING_PLACE":"FIRST PRESBYTERIAN CHURCH","ADDR_LINE_1":"115 6TH AVE NW","CITY_1":"INDEPENDENCE","ZIP":"50644","House_Dist":64,"Senate_Dis":"32","Congressio":"1","SOSID_NEW":"10_I5"}},{"type":"Feature","id":527,"geometry":{"type":"Point","coordinates":[-91.99578073399994,42.769696786000054]},"properties":{"OBJECTID_12":527,"COUNTY":"Fayette","DISTRICT_CODE":"BF","PRECINCT":"Banks-Fremont Twp.","POLLING_PLACE":"WESTGATE LEGION HALL","ADDR_LINE_1":"115 MAIN ST.","CITY_1":"WESTGATE","ZIP":"50681","House_Dist":64,"Senate_Dis":"32","Congressio":"1","SOSID_NEW":"33_BF"}},{"type":"Feature","id":528,"geometry":{"type":"Point","coordinates":[-91.88608778399993,42.861707627000044]},"properties":{"OBJECTID_12":528,"COUNTY":"Fayette","DISTRICT_CODE":"CE","PRECINCT":"Center Twp","POLLING_PLACE":"RANDALIA-CENTER TWP. COMMUNITY HALL","ADDR_LINE_1":"107 N 2ND ST.","CITY_1":"RANDALIA","ZIP":"52164","House_Dist":64,"Senate_Dis":"32","Congressio":"1","SOSID_NEW":"33_CE"}},{"type":"Feature","id":529,"geometry":{"type":"Point","coordinates":[-91.6718045309999,42.74909388200007]},"properties":{"OBJECTID_12":529,"COUNTY":"Fayette","DISTRICT_CODE":"FP","PRECINCT":"Fairfield-Putnam Twp.","POLLING_PLACE":"ARLINGTON PUBLIC LIBRARY, BACK ENTRANCE","ADDR_LINE_1":"711 MAIN ST.","CITY_1":"ARLINGTON","ZIP":"50606","House_Dist":64,"Senate_Dis":"32","Congressio":"1","SOSID_NEW":"33_FP"}},{"type":"Feature","id":530,"geometry":{"type":"Point","coordinates":[-91.88070443899994,42.773875571000076]},"properties":{"OBJECTID_12":530,"COUNTY":"Fayette","DISTRICT_CODE":"HL","PRECINCT":"Harlan Twp","POLLING_PLACE":"MAYNARD FIRE HALL","ADDR_LINE_1":"210 MAIN ST. W","CITY_1":"MAYNARD","ZIP":"50655","House_Dist":64,"Senate_Dis":"32","Congressio":"1","SOSID_NEW":"33_HL"}},{"type":"Feature","id":531,"geometry":{"type":"Point","coordinates":[-92.07483331999993,42.700840173000074]},"properties":{"OBJECTID_12":531,"COUNTY":"Fayette","DISTRICT_CODE":"OR","PRECINCT":"Oran Twp","POLLING_PLACE":"ORAN COMMUNITY HALL","ADDR_LINE_1":"5054 MAIN ST.","CITY_1":"ORAN","ZIP":"50664","House_Dist":64,"Senate_Dis":"32","Congressio":"1","SOSID_NEW":"33_OR"}},{"type":"Feature","id":532,"geometry":{"type":"Point","coordinates":[-91.91045182199991,42.67859738200008]},"properties":{"OBJECTID_12":532,"COUNTY":"Fayette","DISTRICT_CODE":"OE1","PRECINCT":"Oelwein Ward 1","POLLING_PLACE":"OELWEIN PUBLIC LIBRARY, MTG. RM.-EAST ENTRANCE","ADDR_LINE_1":"201 EAST CHARLES ST.","CITY_1":"OELWEIN","ZIP":"50662","House_Dist":64,"Senate_Dis":"32","Congressio":"1","SOSID_NEW":"33_OE1"}},{"type":"Feature","id":533,"geometry":{"type":"Point","coordinates":[-91.93329738499995,42.67835806100004]},"properties":{"OBJECTID_12":533,"COUNTY":"Fayette","DISTRICT_CODE":"OE2","PRECINCT":"Oelwein Ward 2","POLLING_PLACE":"OELWEIN COMMUNITY PLAZA","ADDR_LINE_1":"25 W CHARLES ST","CITY_1":"OELWEIN","ZIP":"50662","House_Dist":64,"Senate_Dis":"32","Congressio":"1","SOSID_NEW":"33_OE2"}},{"type":"Feature","id":534,"geometry":{"type":"Point","coordinates":[-91.9147805639999,42.67704141300004]},"properties":{"OBJECTID_12":534,"COUNTY":"Fayette","DISTRICT_CODE":"JF","PRECINCT":"Jefferson Twp","POLLING_PLACE":"OELWEIN LEGION HALL, CONFERENCE RM.","ADDR_LINE_1":"108 1ST ST. SW","CITY_1":"OELWEIN","ZIP":"50662","House_Dist":64,"Senate_Dis":"32","Congressio":"1","SOSID_NEW":"33_JF"}},{"type":"Feature","id":535,"geometry":{"type":"Point","coordinates":[-91.9147805639999,42.67704141300004]},"properties":{"OBJECTID_12":535,"COUNTY":"Fayette","DISTRICT_CODE":"OE3","PRECINCT":"Oelwein Ward 3","POLLING_PLACE":"OELWEIN LEGION HALL","ADDR_LINE_1":"108 1ST ST. SW","CITY_1":"OELWEIN","ZIP":"50662","House_Dist":64,"Senate_Dis":"32","Congressio":"1","SOSID_NEW":"33_OE3"}},{"type":"Feature","id":536,"geometry":{"type":"Point","coordinates":[-91.90778977299993,42.67861253400008]},"properties":{"OBJECTID_12":536,"COUNTY":"Fayette","DISTRICT_CODE":"OE4","PRECINCT":"Oelwein Ward 4","POLLING_PLACE":"ZION LUTHERAN CHURCH","ADDR_LINE_1":"402 E. CHARLES ST.","CITY_1":"OELWEIN","ZIP":"50662","House_Dist":64,"Senate_Dis":"32","Congressio":"1","SOSID_NEW":"33_OE4"}},{"type":"Feature","id":537,"geometry":{"type":"Point","coordinates":[-92.19815703099994,42.31461352600007]},"properties":{"OBJECTID_12":537,"COUNTY":"Black Hawk","DISTRICT_CODE":"C000","PRECINCT":"Big Creek/La Porte City","POLLING_PLACE":"C000  UNION HIGH SCHOOL","ADDR_LINE_1":"200 ADAMS ST","CITY_1":"LA PORTE CITY","ZIP":"50651","House_Dist":72,"Senate_Dis":"36","Congressio":"1","SOSID_NEW":"7_C000"}},{"type":"Feature","id":538,"geometry":{"type":"Point","coordinates":[-92.19815703099994,42.31461352600007]},"properties":{"OBJECTID_12":538,"COUNTY":"Black Hawk","DISTRICT_CODE":"Q000","PRECINCT":"Spring Creek","POLLING_PLACE":"Q000 UNION HIGH SCHOOL","ADDR_LINE_1":"200 ADAMS ST","CITY_1":"LA PORTE CITY","ZIP":"50651","House_Dist":72,"Senate_Dis":"36","Congressio":"1","SOSID_NEW":"7_Q000"}},{"type":"Feature","id":539,"geometry":{"type":"Point","coordinates":[-92.32926059099992,42.34096710700004]},"properties":{"OBJECTID_12":539,"COUNTY":"Black Hawk","DISTRICT_CODE":"G000","PRECINCT":"Eagle","POLLING_PLACE":"G000  ST MARY OF MOUNT CARMEL CHURCH","ADDR_LINE_1":"1435 E EAGLE RD","CITY_1":"WATERLOO","ZIP":"50701","House_Dist":72,"Senate_Dis":"36","Congressio":"1","SOSID_NEW":"7_G000"}},{"type":"Feature","id":540,"geometry":{"type":"Point","coordinates":[-91.87032062399993,42.09454229800008]},"properties":{"OBJECTID_12":540,"COUNTY":"Benton","DISTRICT_CODE":"BN","PRECINCT":"Precinct Bn","POLLING_PLACE":"SHELLSBURG LEGION HALL","ADDR_LINE_1":"114 MAIN STREET SW","CITY_1":"SHELLSBURG","ZIP":"52332","House_Dist":75,"Senate_Dis":"38","Congressio":"1","SOSID_NEW":"6_BN"}},{"type":"Feature","id":541,"geometry":{"type":"Point","coordinates":[-92.09170327899994,42.25522488300004]},"properties":{"OBJECTID_12":541,"COUNTY":"Benton","DISTRICT_CODE":"BR","PRECINCT":"Precinct Br","POLLING_PLACE":"CEDAR-MT AUBURN HALL","ADDR_LINE_1":"203 2ND STREET","CITY_1":"MT. AUBURN","ZIP":"52313","House_Dist":75,"Senate_Dis":"38","Congressio":"1","SOSID_NEW":"6_BR"}},{"type":"Feature","id":542,"geometry":{"type":"Point","coordinates":[-92.09134886899994,42.00753486000008]},"properties":{"OBJECTID_12":542,"COUNTY":"Benton","DISTRICT_CODE":"BG","PRECINCT":"Precinct Bg","POLLING_PLACE":"VAN HORNE COMMUNITY CENTER","ADDR_LINE_1":"508 1ST AVE","CITY_1":"VAN HORNE","ZIP":"52346","House_Dist":75,"Senate_Dis":"38","Congressio":"1","SOSID_NEW":"6_BG"}},{"type":"Feature","id":543,"geometry":{"type":"Point","coordinates":[-91.9718155939999,41.99453055200007]},"properties":{"OBJECTID_12":543,"COUNTY":"Benton","DISTRICT_CODE":"EL","PRECINCT":"Precinct El","POLLING_PLACE":"NEWHALL CITY HALL","ADDR_LINE_1":"220 1ST STREET","CITY_1":"NEWHALL","ZIP":"52315","House_Dist":75,"Senate_Dis":"38","Congressio":"1","SOSID_NEW":"6_EL"}},{"type":"Feature","id":544,"geometry":{"type":"Point","coordinates":[-91.92656047899993,41.902618389000054]},"properties":{"OBJECTID_12":544,"COUNTY":"Benton","DISTRICT_CODE":"FL","PRECINCT":"Precinct Fl","POLLING_PLACE":"ST. MICHAEL'S PARISH CENTER","ADDR_LINE_1":"512 EVERGREEN STREET","CITY_1":"NORWAY","ZIP":"52318","House_Dist":75,"Senate_Dis":"38","Congressio":"1","SOSID_NEW":"6_FL"}},{"type":"Feature","id":545,"geometry":{"type":"Point","coordinates":[-91.86521833099994,41.994965952000086]},"properties":{"OBJECTID_12":545,"COUNTY":"Benton","DISTRICT_CODE":"FR","PRECINCT":"Precinct Fr","POLLING_PLACE":"ATKINS CITY HALL/LIBRARY","ADDR_LINE_1":"480 3RD AVE","CITY_1":"ATKINS","ZIP":"52206","House_Dist":75,"Senate_Dis":"38","Congressio":"1","SOSID_NEW":"6_FR"}},{"type":"Feature","id":546,"geometry":{"type":"Point","coordinates":[-92.14376313799994,42.145258556000044]},"properties":{"OBJECTID_12":546,"COUNTY":"Benton","DISTRICT_CODE":"HO","PRECINCT":"Precinct Ho","POLLING_PLACE":"GARRISON FIRE STATION","ADDR_LINE_1":"204 N SYCAMORE STREET","CITY_1":"GARRISON","ZIP":"52229","House_Dist":75,"Senate_Dis":"38","Congressio":"1","SOSID_NEW":"6_HO"}},{"type":"Feature","id":547,"geometry":{"type":"Point","coordinates":[-92.08445702199992,41.90869075000006]},"properties":{"OBJECTID_12":547,"COUNTY":"Benton","DISTRICT_CODE":"IA","PRECINCT":"Precinct Ia","POLLING_PLACE":"BLAIRSTOWN COMMUNITY CENTER","ADDR_LINE_1":"305 LOCUST STREET NW","CITY_1":"BLAIRSTOWN","ZIP":"52209","House_Dist":75,"Senate_Dis":"38","Congressio":"1","SOSID_NEW":"6_IA"}},{"type":"Feature","id":548,"geometry":{"type":"Point","coordinates":[-92.1977106359999,41.99916776500004]},"properties":{"OBJECTID_12":548,"COUNTY":"Benton","DISTRICT_CODE":"KA","PRECINCT":"Precinct Ka","POLLING_PLACE":"KEYSTONE CITY HALL","ADDR_LINE_1":"208 1ST STREET","CITY_1":"KEYSTONE","ZIP":"52249","House_Dist":75,"Senate_Dis":"38","Congressio":"1","SOSID_NEW":"6_KA"}},{"type":"Feature","id":549,"geometry":{"type":"Point","coordinates":[-91.88827341699994,42.229965495000044]},"properties":{"OBJECTID_12":549,"COUNTY":"Benton","DISTRICT_CODE":"PO","PRECINCT":"Precinct Po","POLLING_PLACE":"URBANA COMMUNITY CENTER","ADDR_LINE_1":"906 W MAIN STREET","CITY_1":"URBANA","ZIP":"52345","House_Dist":75,"Senate_Dis":"38","Congressio":"1","SOSID_NEW":"6_PO"}},{"type":"Feature","id":550,"geometry":{"type":"Point","coordinates":[-91.83849983399995,41.87667582600005]},"properties":{"OBJECTID_12":550,"COUNTY":"Benton","DISTRICT_CODE":"WA","PRECINCT":"Precinct Wa","POLLING_PLACE":"WALFORD COMMUNITY CENTER","ADDR_LINE_1":"120 5TH STREET N","CITY_1":"WALFORD","ZIP":"52351","House_Dist":75,"Senate_Dis":"38","Congressio":"1","SOSID_NEW":"6_WA"}},{"type":"Feature","id":551,"geometry":{"type":"Point","coordinates":[-92.28140642699992,41.897192103000066]},"properties":{"OBJECTID_12":551,"COUNTY":"Benton","DISTRICT_CODE":"BP1","PRECINCT":"Precinct Bp1","POLLING_PLACE":"BELLE PLAINE COMMUNITY CENTER RSVP RM","ADDR_LINE_1":"1309 5TH AVE","CITY_1":"BELLE PLAINE","ZIP":"52208","House_Dist":75,"Senate_Dis":"38","Congressio":"1","SOSID_NEW":"6_BP1"}},{"type":"Feature","id":552,"geometry":{"type":"Point","coordinates":[-92.28140642699992,41.897192103000066]},"properties":{"OBJECTID_12":552,"COUNTY":"Benton","DISTRICT_CODE":"BP2","PRECINCT":"Precinct Bp2","POLLING_PLACE":"BELLE PLAINE COMMUNITY CENTER DINING ROOM","ADDR_LINE_1":"1309 5TH AVENUE","CITY_1":"BELLE PLAINE","ZIP":"52208","House_Dist":75,"Senate_Dis":"38","Congressio":"1","SOSID_NEW":"6_BP2"}},{"type":"Feature","id":553,"geometry":{"type":"Point","coordinates":[-92.28098007499995,41.89705769100004]},"properties":{"OBJECTID_12":553,"COUNTY":"Benton","DISTRICT_CODE":"BP3","PRECINCT":"Precinct Bp3","POLLING_PLACE":"BELLE PLAINE FIRE STATION","ADDR_LINE_1":"504 13TH STREET","CITY_1":"BELLE PLAINE","ZIP":"52208","House_Dist":75,"Senate_Dis":"38","Congressio":"1","SOSID_NEW":"6_BP3"}},{"type":"Feature","id":554,"geometry":{"type":"Point","coordinates":[-92.02363084399991,42.167667047000066]},"properties":{"OBJECTID_12":554,"COUNTY":"Benton","DISTRICT_CODE":"ED","PRECINCT":"Precinct Ed","POLLING_PLACE":"BENTON COUNTY COURTHOUSE","ADDR_LINE_1":"111 E 4TH STREET","CITY_1":"VINTON","ZIP":"52349","House_Dist":75,"Senate_Dis":"38","Congressio":"1","SOSID_NEW":"6_ED"}},{"type":"Feature","id":555,"geometry":{"type":"Point","coordinates":[-92.02800737299992,42.15517033800006]},"properties":{"OBJECTID_12":555,"COUNTY":"Benton","DISTRICT_CODE":"VT1","PRECINCT":"Precinct Vt1","POLLING_PLACE":"VT1-VINTON SKATE & ACTIVITY CENTER","ADDR_LINE_1":"1703 C AVE","CITY_1":"VINTON","ZIP":"52349","House_Dist":75,"Senate_Dis":"38","Congressio":"1","SOSID_NEW":"6_VT1"}},{"type":"Feature","id":556,"geometry":{"type":"Point","coordinates":[-92.02800737299992,42.15517033800006]},"properties":{"OBJECTID_12":556,"COUNTY":"Benton","DISTRICT_CODE":"VT2","PRECINCT":"Precinct Vt2","POLLING_PLACE":"VT2-VINTON SKATE & ACTIVITY CENTER","ADDR_LINE_1":"1703 C AVE","CITY_1":"VINTON","ZIP":"52349","House_Dist":75,"Senate_Dis":"38","Congressio":"1","SOSID_NEW":"6_VT2"}},{"type":"Feature","id":557,"geometry":{"type":"Point","coordinates":[-92.02800737299992,42.15517033800006]},"properties":{"OBJECTID_12":557,"COUNTY":"Benton","DISTRICT_CODE":"VT3","PRECINCT":"Precinct Vt3","POLLING_PLACE":"VT3-VINTON SKATE & ACTIVITY CENTER","ADDR_LINE_1":"1703 C AVE","CITY_1":"VINTON","ZIP":"52349","House_Dist":75,"Senate_Dis":"38","Congressio":"1","SOSID_NEW":"6_VT3"}},{"type":"Feature","id":558,"geometry":{"type":"Point","coordinates":[-92.02800737299992,42.15517033800006]},"properties":{"OBJECTID_12":558,"COUNTY":"Benton","DISTRICT_CODE":"VT4","PRECINCT":"Precinct Vt4","POLLING_PLACE":"VT4-VINTON SKATE & ACTIVITY CENTER","ADDR_LINE_1":"1703 C AVE","CITY_1":"VINTON","ZIP":"52349","House_Dist":75,"Senate_Dis":"38","Congressio":"1","SOSID_NEW":"6_VT4"}},{"type":"Feature","id":559,"geometry":{"type":"Point","coordinates":[-92.06859593199994,41.801063475000035]},"properties":{"OBJECTID_12":559,"COUNTY":"Iowa","DISTRICT_CODE":"HC","PRECINCT":"Honey Creek Marengo","POLLING_PLACE":"MARENGO PUBLIC LIBRARY (2)","ADDR_LINE_1":"1020 MARENGO AVE","CITY_1":"MARENGO","ZIP":"52301","House_Dist":75,"Senate_Dis":"38","Congressio":"1","SOSID_NEW":"48_HC"}},{"type":"Feature","id":560,"geometry":{"type":"Point","coordinates":[-91.99659884099992,41.73027074500004]},"properties":{"OBJECTID_12":560,"COUNTY":"Iowa","DISTRICT_CODE":"HT","PRECINCT":"Hilton Washington","POLLING_PLACE":"HILTON TOWNSHIP HALL, CONROY","ADDR_LINE_1":"550 7TH AVE","CITY_1":"CONROY","ZIP":"52220","House_Dist":75,"Senate_Dis":"38","Congressio":"1","SOSID_NEW":"48_HT"}},{"type":"Feature","id":561,"geometry":{"type":"Point","coordinates":[-92.00435152999995,41.58304808400004]},"properties":{"OBJECTID_12":561,"COUNTY":"Iowa","DISTRICT_CODE":"FM","PRECINCT":"Fillmore Greene","POLLING_PLACE":"PARNELL CITY HALL","ADDR_LINE_1":"600 CLEVELAND ST","CITY_1":"PARNELL","ZIP":"52325","House_Dist":76,"Senate_Dis":"38","Congressio":"1","SOSID_NEW":"48_FM"}},{"type":"Feature","id":562,"geometry":{"type":"Point","coordinates":[-91.4824739039999,42.35099990700007]},"properties":{"OBJECTID_12":562,"COUNTY":"Delaware","DISTRICT_CODE":"ADHG","PRECINCT":"Adams/Hazel Green","POLLING_PLACE":"RYAN CITY HALL","ADDR_LINE_1":"405 FRANKLIN STREET","CITY_1":"RYAN","ZIP":"52330","House_Dist":96,"Senate_Dis":"48","Congressio":"1","SOSID_NEW":"28_ADHG"}},{"type":"Feature","id":563,"geometry":{"type":"Point","coordinates":[-91.20219772099995,42.63777386500004]},"properties":{"OBJECTID_12":563,"COUNTY":"Delaware","DISTRICT_CODE":"CL","PRECINCT":"Colony","POLLING_PLACE":"COLESBURG COMMUNITY CENTER","ADDR_LINE_1":"220 MAIN STREET","CITY_1":"COLESBURG","ZIP":"52035","House_Dist":96,"Senate_Dis":"48","Congressio":"1","SOSID_NEW":"28_CL"}},{"type":"Feature","id":564,"geometry":{"type":"Point","coordinates":[-91.33181990399993,42.42968651800004]},"properties":{"OBJECTID_12":564,"COUNTY":"Delaware","DISTRICT_CODE":"DH","PRECINCT":"Delhi/Delaware Corp","POLLING_PLACE":"DELHI COMMUNITY CENTER","ADDR_LINE_1":"316 FRANKLIN STREET","CITY_1":"DELHI","ZIP":"52223","House_Dist":96,"Senate_Dis":"48","Congressio":"1","SOSID_NEW":"28_DH"}},{"type":"Feature","id":565,"geometry":{"type":"Point","coordinates":[-91.63673138299993,42.44949915300003]},"properties":{"OBJECTID_12":565,"COUNTY":"Buchanan","DISTRICT_CODE":"MN","PRECINCT":"Middlefield/Newton","POLLING_PLACE":"MONTI COMMUNITY CENTER","ADDR_LINE_1":"2854 WASHINGTON AVE","CITY_1":"MASONVILLE","ZIP":"50654","House_Dist":95,"Senate_Dis":"48","Congressio":"1","SOSID_NEW":"10_MN"}},{"type":"Feature","id":566,"geometry":{"type":"Point","coordinates":[-91.8434309029999,42.36998739900008]},"properties":{"OBJECTID_12":566,"COUNTY":"Buchanan","DISTRICT_CODE":"RW","PRECINCT":"Rowley","POLLING_PLACE":"ROWLEY COMMUNITY BLDG","ADDR_LINE_1":"109 ELY ST","CITY_1":"ROWLEY","ZIP":"52329","House_Dist":95,"Senate_Dis":"48","Congressio":"1","SOSID_NEW":"10_RW"}},{"type":"Feature","id":567,"geometry":{"type":"Point","coordinates":[-90.69366952399992,42.49928556800006]},"properties":{"OBJECTID_12":567,"COUNTY":"Dubuque","DISTRICT_CODE":"09A","PRECINCT":"09","POLLING_PLACE":"09 WESTMINSTER CHURCH","ADDR_LINE_1":"2155 UNIVERSITY AVE","CITY_1":"DUBUQUE","ZIP":"52001","House_Dist":99,"Senate_Dis":"50","Congressio":"1","SOSID_NEW":"31_09A"}},{"type":"Feature","id":568,"geometry":{"type":"Point","coordinates":[-90.69366952399992,42.49928556800006]},"properties":{"OBJECTID_12":568,"COUNTY":"Dubuque","DISTRICT_CODE":"10","PRECINCT":"10","POLLING_PLACE":"10 WESTMINSTER CHURCH","ADDR_LINE_1":"2155 UNIVERSITY AVE","CITY_1":"DUBUQUE","ZIP":"52001","House_Dist":99,"Senate_Dis":"50","Congressio":"1","SOSID_NEW":"31_10"}},{"type":"Feature","id":569,"geometry":{"type":"Point","coordinates":[-90.72209190399991,42.51287320500006]},"properties":{"OBJECTID_12":569,"COUNTY":"Dubuque","DISTRICT_CODE":"05","PRECINCT":"05","POLLING_PLACE":"05 TRI STATE BLIND","ADDR_LINE_1":"3333 ASBURY RD","CITY_1":"DUBUQUE","ZIP":"52002","House_Dist":99,"Senate_Dis":"50","Congressio":"1","SOSID_NEW":"31_05"}},{"type":"Feature","id":570,"geometry":{"type":"Point","coordinates":[-90.7213821009999,42.52164374500006]},"properties":{"OBJECTID_12":570,"COUNTY":"Dubuque","DISTRICT_CODE":"06","PRECINCT":"06","POLLING_PLACE":"06 SUMMIT CHURCH","ADDR_LINE_1":"2885 JOHN F. KENNEDY RD","CITY_1":"DUBUQUE","ZIP":"52002","House_Dist":99,"Senate_Dis":"50","Congressio":"1","SOSID_NEW":"31_06"}},{"type":"Feature","id":571,"geometry":{"type":"Point","coordinates":[-90.72209190399991,42.51287320500006]},"properties":{"OBJECTID_12":571,"COUNTY":"Dubuque","DISTRICT_CODE":"07","PRECINCT":"07","POLLING_PLACE":"07 TRI STATE BLIND","ADDR_LINE_1":"3333 ASBURY RD","CITY_1":"DUBUQUE","ZIP":"52002","House_Dist":99,"Senate_Dis":"50","Congressio":"1","SOSID_NEW":"31_07"}},{"type":"Feature","id":572,"geometry":{"type":"Point","coordinates":[-90.72296954099994,42.50549662600008]},"properties":{"OBJECTID_12":572,"COUNTY":"Dubuque","DISTRICT_CODE":"03","PRECINCT":"03","POLLING_PLACE":"03 AREA RESIDENTIAL CARE","ADDR_LINE_1":"3355 KENNEDY CIR","CITY_1":"DUBUQUE","ZIP":"52002","House_Dist":99,"Senate_Dis":"50","Congressio":"1","SOSID_NEW":"31_03"}},{"type":"Feature","id":573,"geometry":{"type":"Point","coordinates":[-90.73854671999993,42.501426629000036]},"properties":{"OBJECTID_12":573,"COUNTY":"Dubuque","DISTRICT_CODE":"04","PRECINCT":"04","POLLING_PLACE":"04 JOURNEY CHURCH","ADDR_LINE_1":"3939 PENNSYLVANIA AVE","CITY_1":"DUBUQUE","ZIP":"52002","House_Dist":99,"Senate_Dis":"50","Congressio":"1","SOSID_NEW":"31_04"}},{"type":"Feature","id":574,"geometry":{"type":"Point","coordinates":[-90.67636596599993,42.486279738000064]},"properties":{"OBJECTID_12":574,"COUNTY":"Dubuque","DISTRICT_CODE":"20","PRECINCT":"20","POLLING_PLACE":"20 FOGARTY HALL","ADDR_LINE_1":"1240 RUSH ST\r\nRECTORY BASEMENT","CITY_1":"DUBUQUE","ZIP":"52003","House_Dist":99,"Senate_Dis":"50","Congressio":"1","SOSID_NEW":"31_20"}},{"type":"Feature","id":575,"geometry":{"type":"Point","coordinates":[-90.68064483299992,42.46959626800009]},"properties":{"OBJECTID_12":575,"COUNTY":"Dubuque","DISTRICT_CODE":"01","PRECINCT":"01","POLLING_PLACE":"01 ROCKDALE METHODIST CHURCH","ADDR_LINE_1":"1500 OLD MILL RD","CITY_1":"DUBUQUE","ZIP":"52003","House_Dist":99,"Senate_Dis":"50","Congressio":"1","SOSID_NEW":"31_01"}},{"type":"Feature","id":576,"geometry":{"type":"Point","coordinates":[-90.70665350299993,42.49176312900005]},"properties":{"OBJECTID_12":576,"COUNTY":"Dubuque","DISTRICT_CODE":"02","PRECINCT":"02","POLLING_PLACE":"02 THEISENS HOME CENTER","ADDR_LINE_1":"2900 DODGE ST","CITY_1":"DUBUQUE","ZIP":"52002","House_Dist":99,"Senate_Dis":"50","Congressio":"1","SOSID_NEW":"31_02"}},{"type":"Feature","id":577,"geometry":{"type":"Point","coordinates":[-90.68416237399992,42.52937697300007]},"properties":{"OBJECTID_12":577,"COUNTY":"Dubuque","DISTRICT_CODE":"11","PRECINCT":"11","POLLING_PLACE":"11 U.A.W. LOCAL 94 UNION HALL","ADDR_LINE_1":"3450 CENTRAL AVE","CITY_1":"DUBUQUE","ZIP":"52001","House_Dist":100,"Senate_Dis":"50","Congressio":"1","SOSID_NEW":"31_11"}},{"type":"Feature","id":578,"geometry":{"type":"Point","coordinates":[-90.68493238199994,42.530536522000034]},"properties":{"OBJECTID_12":578,"COUNTY":"Dubuque","DISTRICT_CODE":"19","PRECINCT":"19","POLLING_PLACE":"19 Y COMMUNITY BUILDING","ADDR_LINE_1":"DODGE & BOOTH STS","CITY_1":"DUBUQUE","ZIP":"52001","House_Dist":100,"Senate_Dis":"50","Congressio":"1","SOSID_NEW":"31_19"}},{"type":"Feature","id":579,"geometry":{"type":"Point","coordinates":[-90.67857830199995,42.54356766800004]},"properties":{"OBJECTID_12":579,"COUNTY":"Dubuque","DISTRICT_CODE":"36","PRECINCT":"36","POLLING_PLACE":"36 HOPE CHURCH","ADDR_LINE_1":"11919 KENNEDY RD","CITY_1":"DUBUQUE","ZIP":"52001","House_Dist":100,"Senate_Dis":"50","Congressio":"1","SOSID_NEW":"31_36"}},{"type":"Feature","id":580,"geometry":{"type":"Point","coordinates":[-90.67115461999992,42.52966255900009]},"properties":{"OBJECTID_12":580,"COUNTY":"Dubuque","DISTRICT_CODE":"12","PRECINCT":"12","POLLING_PLACE":"12 WINDSOR PARK","ADDR_LINE_1":"801 DAVIS ST","CITY_1":"DUBUQUE","ZIP":"52001","House_Dist":100,"Senate_Dis":"50","Congressio":"1","SOSID_NEW":"31_12"}},{"type":"Feature","id":581,"geometry":{"type":"Point","coordinates":[-90.67080166599993,42.516721860000075]},"properties":{"OBJECTID_12":581,"COUNTY":"Dubuque","DISTRICT_CODE":"13","PRECINCT":"13","POLLING_PLACE":"13 COMISKEY PARK","ADDR_LINE_1":"255 E 24TH ST","CITY_1":"DUBUQUE","ZIP":"52001","House_Dist":100,"Senate_Dis":"50","Congressio":"1","SOSID_NEW":"31_13"}},{"type":"Feature","id":582,"geometry":{"type":"Point","coordinates":[-90.65634006199991,42.52551482400008]},"properties":{"OBJECTID_12":582,"COUNTY":"Dubuque","DISTRICT_CODE":"15","PRECINCT":"15","POLLING_PLACE":"15 HOLY TRINITY CHURCH","ADDR_LINE_1":"1700 LINCOLN AVE","CITY_1":"DUBUQUE","ZIP":"52001","House_Dist":100,"Senate_Dis":"50","Congressio":"1","SOSID_NEW":"31_15"}},{"type":"Feature","id":583,"geometry":{"type":"Point","coordinates":[-90.66625748699994,42.51691266800009]},"properties":{"OBJECTID_12":583,"COUNTY":"Dubuque","DISTRICT_CODE":"14","PRECINCT":"14","POLLING_PLACE":"14 SACRED HEART CH BASEMENT","ADDR_LINE_1":"2215 WINDSOR AVE","CITY_1":"DUBUQUE","ZIP":"52001","House_Dist":100,"Senate_Dis":"50","Congressio":"1","SOSID_NEW":"31_14"}},{"type":"Feature","id":584,"geometry":{"type":"Point","coordinates":[-90.67103045599993,42.505625999000074]},"properties":{"OBJECTID_12":584,"COUNTY":"Dubuque","DISTRICT_CODE":"17","PRECINCT":"17","POLLING_PLACE":"17 ST JOHNS PARISH HOUSE","ADDR_LINE_1":"1458 LOCUST ST","CITY_1":"DUBUQUE","ZIP":"52001","House_Dist":100,"Senate_Dis":"50","Congressio":"1","SOSID_NEW":"31_17"}},{"type":"Feature","id":585,"geometry":{"type":"Point","coordinates":[-90.7063818549999,42.50775657100007]},"properties":{"OBJECTID_12":585,"COUNTY":"Dubuque","DISTRICT_CODE":"08","PRECINCT":"08","POLLING_PLACE":"08 EMMAUS BIBLE COLLEGE","ADDR_LINE_1":"2570 ASBURY RD","CITY_1":"DUBUQUE","ZIP":"52001","House_Dist":100,"Senate_Dis":"50","Congressio":"1","SOSID_NEW":"31_08"}},{"type":"Feature","id":586,"geometry":{"type":"Point","coordinates":[-90.66471688399992,42.50070815600009]},"properties":{"OBJECTID_12":586,"COUNTY":"Dubuque","DISTRICT_CODE":"16","PRECINCT":"16","POLLING_PLACE":"16 ELECTION ANNEX","ADDR_LINE_1":"707 CENTRAL AVE","CITY_1":"DUBUQUE","ZIP":"52001","House_Dist":100,"Senate_Dis":"50","Congressio":"1","SOSID_NEW":"31_16"}},{"type":"Feature","id":587,"geometry":{"type":"Point","coordinates":[-90.66794182699994,42.498702808000075]},"properties":{"OBJECTID_12":587,"COUNTY":"Dubuque","DISTRICT_CODE":"18","PRECINCT":"18","POLLING_PLACE":"18 FEDERAL BUILDING","ADDR_LINE_1":"350 W 6TH ST","CITY_1":"DUBUQUE","ZIP":"52001","House_Dist":100,"Senate_Dis":"50","Congressio":"1","SOSID_NEW":"31_18"}},{"type":"Feature","id":588,"geometry":{"type":"Point","coordinates":[-90.68260767499993,42.44728985100005]},"properties":{"OBJECTID_12":588,"COUNTY":"Dubuque","DISTRICT_CODE":"43","PRECINCT":"43","POLLING_PLACE":"43 KEY WEST FIRE STATION","ADDR_LINE_1":"10480 TIMOTHY ST","CITY_1":"DUBUQUE","ZIP":"52003","House_Dist":57,"Senate_Dis":"29","Congressio":"1","SOSID_NEW":"31_43"}},{"type":"Feature","id":589,"geometry":{"type":"Point","coordinates":[-92.46532241999995,42.50197967000008]},"properties":{"OBJECTID_12":589,"COUNTY":"Black Hawk","DISTRICT_CODE":"X202","PRECINCT":"Precinct X202 & CF Twp","POLLING_PLACE":"X202 BETHLEHEM LUTHERAN CHURCH","ADDR_LINE_1":"4000 HUDSON RD","CITY_1":"CEDAR FALLS","ZIP":"50613","House_Dist":60,"Senate_Dis":"30","Congressio":"1","SOSID_NEW":"7_X202"}},{"type":"Feature","id":590,"geometry":{"type":"Point","coordinates":[-92.43155135699993,42.501910820000035]},"properties":{"OBJECTID_12":590,"COUNTY":"Black Hawk","DISTRICT_CODE":"X502","PRECINCT":"Precinct X502","POLLING_PLACE":"X502 ORCHARD HILL CHURCH","ADDR_LINE_1":"3900 ORCHARD HILL DR (SOUTH ENTR, DOOR E)","CITY_1":"CEDAR FALLS","ZIP":"50613","House_Dist":60,"Senate_Dis":"30","Congressio":"1","SOSID_NEW":"7_X502"}},{"type":"Feature","id":591,"geometry":{"type":"Point","coordinates":[-92.44439069399994,42.50578217800006]},"properties":{"OBJECTID_12":591,"COUNTY":"Black Hawk","DISTRICT_CODE":"X503","PRECINCT":"Precinct X503","POLLING_PLACE":"X503 TRINITY BIBLE CHURCH","ADDR_LINE_1":"125 ORCHARD DR ","CITY_1":"CEDAR FALLS","ZIP":"50613","House_Dist":60,"Senate_Dis":"30","Congressio":"1","SOSID_NEW":"7_X503"}},{"type":"Feature","id":592,"geometry":{"type":"Point","coordinates":[-92.39357983299993,42.507142341000076]},"properties":{"OBJECTID_12":592,"COUNTY":"Black Hawk","DISTRICT_CODE":"W101","PRECINCT":"Precinct W101","POLLING_PLACE":"W101 ASCENSION LUTHERAN CHURCH","ADDR_LINE_1":"2211 MAYNARD AV","CITY_1":"WATERLOO","ZIP":"50701","House_Dist":60,"Senate_Dis":"30","Congressio":"1","SOSID_NEW":"7_W101"}},{"type":"Feature","id":593,"geometry":{"type":"Point","coordinates":[-92.39657288899991,42.504880066000055]},"properties":{"OBJECTID_12":593,"COUNTY":"Black Hawk","DISTRICT_CODE":"W102","PRECINCT":"Precinct W102","POLLING_PLACE":"W102 YMCA","ADDR_LINE_1":"669 S HACKETT RD","CITY_1":"WATERLOO","ZIP":"50701","House_Dist":60,"Senate_Dis":"30","Congressio":"1","SOSID_NEW":"7_W102"}},{"type":"Feature","id":594,"geometry":{"type":"Point","coordinates":[-92.36582296599994,42.48025728300007]},"properties":{"OBJECTID_12":594,"COUNTY":"Black Hawk","DISTRICT_CODE":"W104","PRECINCT":"Precinct W104","POLLING_PLACE":"W104 IRV WARREN MEM. GOLF PRO SHOP","ADDR_LINE_1":"1000 FLETCHER AV","CITY_1":"WATERLOO","ZIP":"50701","House_Dist":60,"Senate_Dis":"30","Congressio":"1","SOSID_NEW":"7_W104"}},{"type":"Feature","id":595,"geometry":{"type":"Point","coordinates":[-92.37734996199993,42.469342184000084]},"properties":{"OBJECTID_12":595,"COUNTY":"Black Hawk","DISTRICT_CODE":"W105","PRECINCT":"Precinct W105","POLLING_PLACE":"W105 WALNUT RIDGE BAPTIST CHURCH","ADDR_LINE_1":"1307 W RIDGEWAY AVE (DOOR A)","CITY_1":"WATERLOO","ZIP":"50701","House_Dist":60,"Senate_Dis":"30","Congressio":"1","SOSID_NEW":"7_W105"}},{"type":"Feature","id":596,"geometry":{"type":"Point","coordinates":[-92.3762578699999,42.46412881100008]},"properties":{"OBJECTID_12":596,"COUNTY":"Black Hawk","DISTRICT_CODE":"W106","PRECINCT":"Precinct W106","POLLING_PLACE":"W106 CEDAR VALLEY COMMUNITY CHURCH","ADDR_LINE_1":"3520 ANSBOROUGH AVE (EAST ENTRANCE)","CITY_1":"WATERLOO","ZIP":"50701","House_Dist":60,"Senate_Dis":"30","Congressio":"1","SOSID_NEW":"7_W106"}},{"type":"Feature","id":597,"geometry":{"type":"Point","coordinates":[-92.35659320899993,42.450859361000084]},"properties":{"OBJECTID_12":597,"COUNTY":"Black Hawk","DISTRICT_CODE":"W206","PRECINCT":"Precinct W206","POLLING_PLACE":"W206 TRINITY EPISCOPAL PARISH","ADDR_LINE_1":"4535 KIMBALL AV","CITY_1":"WATERLOO","ZIP":"50701","House_Dist":60,"Senate_Dis":"30","Congressio":"1","SOSID_NEW":"7_W206"}},{"type":"Feature","id":598,"geometry":{"type":"Point","coordinates":[-92.35669344399992,42.461851384000056]},"properties":{"OBJECTID_12":598,"COUNTY":"Black Hawk","DISTRICT_CODE":"W506","PRECINCT":"Precinct W506","POLLING_PLACE":"W506 CENTRAL CHRISTIAN CHURCH","ADDR_LINE_1":"3475 KIMBALL AVE","CITY_1":"WATERLOO","ZIP":"50702","House_Dist":60,"Senate_Dis":"30","Congressio":"1","SOSID_NEW":"7_W506"}},{"type":"Feature","id":599,"geometry":{"type":"Point","coordinates":[-92.35695335499992,42.47069069100007]},"properties":{"OBJECTID_12":599,"COUNTY":"Black Hawk","DISTRICT_CODE":"W504","PRECINCT":"Precinct W504","POLLING_PLACE":"W504 KIMBALL RIDGE CENTER","ADDR_LINE_1":"2101 KIMBALL AV","CITY_1":"WATERLOO","ZIP":"50702","House_Dist":60,"Senate_Dis":"30","Congressio":"1","SOSID_NEW":"7_W504"}},{"type":"Feature","id":600,"geometry":{"type":"Point","coordinates":[-92.35724540799993,42.483425321000084]},"properties":{"OBJECTID_12":600,"COUNTY":"Black Hawk","DISTRICT_CODE":"W505","PRECINCT":"Precinct W505","POLLING_PLACE":"W505 ZION LUTHERAN CHURCH","ADDR_LINE_1":"810 KIMBALL AV","CITY_1":"WATERLOO","ZIP":"50701","House_Dist":60,"Senate_Dis":"30","Congressio":"1","SOSID_NEW":"7_W505"}},{"type":"Feature","id":601,"geometry":{"type":"Point","coordinates":[-92.3369180599999,42.45942943300008]},"properties":{"OBJECTID_12":601,"COUNTY":"Black Hawk","DISTRICT_CODE":"W202","PRECINCT":"Precinct W202","POLLING_PLACE":"W202 GRACE BAPTIST CHURCH","ADDR_LINE_1":"3820 HAMMOND AV","CITY_1":"WATERLOO","ZIP":"50702","House_Dist":61,"Senate_Dis":"31","Congressio":"1","SOSID_NEW":"7_W202"}},{"type":"Feature","id":602,"geometry":{"type":"Point","coordinates":[-92.33741806799992,42.47077927100008]},"properties":{"OBJECTID_12":602,"COUNTY":"Black Hawk","DISTRICT_CODE":"W203","PRECINCT":"Precinct W203","POLLING_PLACE":"W203 HAMMOND AVE BRETHREN CHURCH","ADDR_LINE_1":"1604 HAMMOND AV","CITY_1":"WATERLOO","ZIP":"50702","House_Dist":61,"Senate_Dis":"31","Congressio":"1","SOSID_NEW":"7_W203"}},{"type":"Feature","id":603,"geometry":{"type":"Point","coordinates":[-92.3322669339999,42.45177202000008]},"properties":{"OBJECTID_12":603,"COUNTY":"Black Hawk","DISTRICT_CODE":"W204","PRECINCT":"Precinct W204","POLLING_PLACE":"W204 LANDMARK COMMONS","ADDR_LINE_1":"1400 MAXHELEN BLVD","CITY_1":"WATERLOO","ZIP":"50701","House_Dist":61,"Senate_Dis":"31","Congressio":"1","SOSID_NEW":"7_W204"}},{"type":"Feature","id":604,"geometry":{"type":"Point","coordinates":[-92.34320487699995,42.497444046000055]},"properties":{"OBJECTID_12":604,"COUNTY":"Black Hawk","DISTRICT_CODE":"W306","PRECINCT":"Precinct W306","POLLING_PLACE":"W306 WATERLOO CENTER FOR THE ARTS","ADDR_LINE_1":"225 COMMERCIAL ST","CITY_1":"WATERLOO","ZIP":"50701","House_Dist":61,"Senate_Dis":"31","Congressio":"1","SOSID_NEW":"7_W306"}},{"type":"Feature","id":605,"geometry":{"type":"Point","coordinates":[-92.34367108499993,42.49181574800008]},"properties":{"OBJECTID_12":605,"COUNTY":"Black Hawk","DISTRICT_CODE":"W501","PRECINCT":"Precinct W501","POLLING_PLACE":"W501 TRINITY AMERICAN LUTHERAN CHURCH","ADDR_LINE_1":"605 W 4TH ST","CITY_1":"WATERLOO","ZIP":"50702","House_Dist":61,"Senate_Dis":"31","Congressio":"1","SOSID_NEW":"7_W501"}},{"type":"Feature","id":606,"geometry":{"type":"Point","coordinates":[-92.3351278209999,42.48069901400004]},"properties":{"OBJECTID_12":606,"COUNTY":"Black Hawk","DISTRICT_CODE":"W502","PRECINCT":"Precinct W502","POLLING_PLACE":"W502 ST ANSGAR LUTHERAN CHURCH","ADDR_LINE_1":"1122 W 11TH ST","CITY_1":"WATERLOO","ZIP":"50702","House_Dist":61,"Senate_Dis":"31","Congressio":"1","SOSID_NEW":"7_W502"}},{"type":"Feature","id":607,"geometry":{"type":"Point","coordinates":[-92.35167005199992,42.47667680400008]},"properties":{"OBJECTID_12":607,"COUNTY":"Black Hawk","DISTRICT_CODE":"W503","PRECINCT":"Precinct W503","POLLING_PLACE":"W503 SONS OF JACOB SYNAGOGUE","ADDR_LINE_1":"411 E MITCHELL AV","CITY_1":"WATERLOO","ZIP":"50702","House_Dist":61,"Senate_Dis":"31","Congressio":"1","SOSID_NEW":"7_W503"}},{"type":"Feature","id":608,"geometry":{"type":"Point","coordinates":[-91.39981403899992,42.64267739700006]},"properties":{"OBJECTID_12":608,"COUNTY":"Delaware","DISTRICT_CODE":"HCEK","PRECINCT":"Honey Creek/Elk","POLLING_PLACE":"ST MARK'S PARISH CENTER","ADDR_LINE_1":"200 E JACKSON STREET","CITY_1":"EDGEWOOD","ZIP":"52042","House_Dist":96,"Senate_Dis":"48","Congressio":"1","SOSID_NEW":"28_HCEK"}},{"type":"Feature","id":609,"geometry":{"type":"Point","coordinates":[-91.45406726199991,42.48404792000008]},"properties":{"OBJECTID_12":609,"COUNTY":"Delaware","DISTRICT_CODE":"MC1","PRECINCT":"Manchester 1st Ward","POLLING_PLACE":"MANCHESTER FIRE STATION","ADDR_LINE_1":"400 E MAIN STREET","CITY_1":"MANCHESTER","ZIP":"52057","House_Dist":96,"Senate_Dis":"48","Congressio":"1","SOSID_NEW":"28_MC1"}},{"type":"Feature","id":610,"geometry":{"type":"Point","coordinates":[-91.45654092899991,42.493617552000046]},"properties":{"OBJECTID_12":610,"COUNTY":"Delaware","DISTRICT_CODE":"DW","PRECINCT":"Delaware ","POLLING_PLACE":"DELAWARE CO REC CENTER","ADDR_LINE_1":"FAIRGROUNDS","CITY_1":"MANCHESTER","ZIP":"52057","House_Dist":96,"Senate_Dis":"48","Congressio":"1","SOSID_NEW":"28_DW"}},{"type":"Feature","id":611,"geometry":{"type":"Point","coordinates":[-91.4592701229999,42.495833463000054]},"properties":{"OBJECTID_12":611,"COUNTY":"Delaware","DISTRICT_CODE":"MC2","PRECINCT":"Manchester 2nd Ward","POLLING_PLACE":"DELAWARE CO COMMUNITY CENTER","ADDR_LINE_1":"200 EAST ACERS STREET","CITY_1":"MANCHESTER","ZIP":"52057","House_Dist":96,"Senate_Dis":"48","Congressio":"1","SOSID_NEW":"28_MC2"}},{"type":"Feature","id":612,"geometry":{"type":"Point","coordinates":[-91.46386986699991,42.50194178900006]},"properties":{"OBJECTID_12":612,"COUNTY":"Delaware","DISTRICT_CODE":"MC3","PRECINCT":"Manchester 3rd Ward","POLLING_PLACE":"SEIBERT PARK MEMORIAL HALL","ADDR_LINE_1":"508 QUAKER MILL DR","CITY_1":"MANCHESTER","ZIP":"52057","House_Dist":96,"Senate_Dis":"48","Congressio":"1","SOSID_NEW":"28_MC3"}},{"type":"Feature","id":613,"geometry":{"type":"Point","coordinates":[-91.40753443999995,42.444958332000056]},"properties":{"OBJECTID_12":613,"COUNTY":"Delaware","DISTRICT_CODE":"MLPR","PRECINCT":"Milo/Prairie","POLLING_PLACE":"CONSERVATION BUILDING","ADDR_LINE_1":"2379 JEFFERSON ROAD","CITY_1":"MANCHESTER","ZIP":"52057","House_Dist":96,"Senate_Dis":"48","Congressio":"1","SOSID_NEW":"28_MLPR"}},{"type":"Feature","id":614,"geometry":{"type":"Point","coordinates":[-91.27237370299991,42.482209529000045]},"properties":{"OBJECTID_12":614,"COUNTY":"Delaware","DISTRICT_CODE":"ONNFBM","PRECINCT":"Oneida/North Fork/Bremen","POLLING_PLACE":"EARLVILLE CIVIC CENTER","ADDR_LINE_1":"120 NORTHERN AVENUE","CITY_1":"EARLVILLE","ZIP":"52041","House_Dist":96,"Senate_Dis":"48","Congressio":"1","SOSID_NEW":"28_ONNFBM"}},{"type":"Feature","id":615,"geometry":{"type":"Point","coordinates":[-91.5456718719999,42.57927900000004]},"properties":{"OBJECTID_12":615,"COUNTY":"Delaware","DISTRICT_CODE":"RLCG","PRECINCT":"Richland/Coffins Grove","POLLING_PLACE":"DUNDEE COMMUNITY CENTER","ADDR_LINE_1":"215 SECOND STREET","CITY_1":"DUNDEE","ZIP":"52038","House_Dist":96,"Senate_Dis":"48","Congressio":"1","SOSID_NEW":"28_RLCG"}},{"type":"Feature","id":616,"geometry":{"type":"Point","coordinates":[-91.24741058799992,42.34342635500008]},"properties":{"OBJECTID_12":616,"COUNTY":"Delaware","DISTRICT_CODE":"SFUN","PRECINCT":"South Fork/Union","POLLING_PLACE":"HOPKINTON COMMUNITY CENTER (SF UN)","ADDR_LINE_1":"115 1ST STREET SE","CITY_1":"HOPKINTON","ZIP":"52237","House_Dist":96,"Senate_Dis":"48","Congressio":"1","SOSID_NEW":"28_SFUN"}},{"type":"Feature","id":617,"geometry":{"type":"Point","coordinates":[-92.42946037799993,42.498142193000035]},"properties":{"OBJECTID_12":617,"COUNTY":"Black Hawk","DISTRICT_CODE":"X203","PRECINCT":"Precinct X203","POLLING_PLACE":"X203 HEARTLAND VINEYARD CHURCH","ADDR_LINE_1":"1405 GREENHILL RD","CITY_1":"CEDAR FALLS","ZIP":"50613","House_Dist":60,"Senate_Dis":"30","Congressio":"1","SOSID_NEW":"7_X203"}},{"type":"Feature","id":618,"geometry":{"type":"Point","coordinates":[-92.4483527989999,42.51587192200009]},"properties":{"OBJECTID_12":618,"COUNTY":"Black Hawk","DISTRICT_CODE":"X402","PRECINCT":"Precinct X402","POLLING_PLACE":"X402 HEARST CENTER","ADDR_LINE_1":"304 SEERLEY BD","CITY_1":"CEDAR FALLS","ZIP":"50613","House_Dist":60,"Senate_Dis":"30","Congressio":"1","SOSID_NEW":"7_X402"}},{"type":"Feature","id":619,"geometry":{"type":"Point","coordinates":[-92.55416289999994,43.36129978000008]},"properties":{"OBJECTID_12":619,"COUNTY":"Howard","DISTRICT_CODE":"RJO","PRECINCT":"Riceville/Jamestown/Oakdale","POLLING_PLACE":"UNITED METHODIST CHURCH","ADDR_LINE_1":"308 WOODLAND AVE","CITY_1":"RICEVILLE","ZIP":"50466","House_Dist":51,"Senate_Dis":"26","Congressio":"1","SOSID_NEW":"45_RJO"}},{"type":"Feature","id":620,"geometry":{"type":"Point","coordinates":[-92.28136702699993,43.44778838500008]},"properties":{"OBJECTID_12":620,"COUNTY":"Howard","DISTRICT_CODE":"AL","PRECINCT":"Albion Forest City","POLLING_PLACE":"LIME SPRINGS COMMUNITY CENTER","ADDR_LINE_1":"201 CENTER ST","CITY_1":"LIME SPRINGS","ZIP":"52155","House_Dist":51,"Senate_Dis":"26","Congressio":"1","SOSID_NEW":"45_AL"}},{"type":"Feature","id":621,"geometry":{"type":"Point","coordinates":[-92.31751597599992,43.37095645900007]},"properties":{"OBJECTID_12":621,"COUNTY":"Howard","DISTRICT_CODE":"SHC","PRECINCT":"Saratoga Howard Ctr Chester","POLLING_PLACE":"SARATOGA TOWNSHIP HALL","ADDR_LINE_1":"STATE HWY 9","CITY_1":"LIME SPRINGS","ZIP":"52155","House_Dist":51,"Senate_Dis":"26","Congressio":"1","SOSID_NEW":"45_SHC"}},{"type":"Feature","id":622,"geometry":{"type":"Point","coordinates":[-92.09091606099992,43.21667621700004]},"properties":{"OBJECTID_12":622,"COUNTY":"Howard","DISTRICT_CODE":"NO","PRECINCT":"New Oregon","POLLING_PLACE":"PROTIVIN CITY HALL","ADDR_LINE_1":"MAIN ST","CITY_1":"PROTIVIN","ZIP":"52163","House_Dist":51,"Senate_Dis":"26","Congressio":"1","SOSID_NEW":"45_NO"}},{"type":"Feature","id":623,"geometry":{"type":"Point","coordinates":[-92.43591381599992,43.245716927000046]},"properties":{"OBJECTID_12":623,"COUNTY":"Howard","DISTRICT_CODE":"AF","PRECINCT":"Afton Howard Paris ","POLLING_PLACE":"ELMA MEMORIAL HALL","ADDR_LINE_1":"BUSTI AVE","CITY_1":"ELMA","ZIP":"50628","House_Dist":51,"Senate_Dis":"26","Congressio":"1","SOSID_NEW":"45_AF"}},{"type":"Feature","id":624,"geometry":{"type":"Point","coordinates":[-92.12713777499994,43.37567786900007]},"properties":{"OBJECTID_12":624,"COUNTY":"Howard","DISTRICT_CODE":"CR1A","PRECINCT":"Cresco 1A","POLLING_PLACE":"HOWARD CO FAIRGROUNDS EXPO (CR1A)","ADDR_LINE_1":"314 W 7TH ST","CITY_1":"CRESCO","ZIP":"52136","House_Dist":51,"Senate_Dis":"26","Congressio":"1","SOSID_NEW":"45_CR1A"}},{"type":"Feature","id":625,"geometry":{"type":"Point","coordinates":[-92.12713777499994,43.37567786900007]},"properties":{"OBJECTID_12":625,"COUNTY":"Howard","DISTRICT_CODE":"CR1B","PRECINCT":"Vernon Springs Cresco 1B","POLLING_PLACE":"HOWARD CO FAIRGROUNDS EXPO (VS/1B)","ADDR_LINE_1":"314 W 7TH ST","CITY_1":"CRESCO","ZIP":"52136","House_Dist":51,"Senate_Dis":"26","Congressio":"1","SOSID_NEW":"45_CR1B"}},{"type":"Feature","id":626,"geometry":{"type":"Point","coordinates":[-92.12713777499994,43.37567786900007]},"properties":{"OBJECTID_12":626,"COUNTY":"Howard","DISTRICT_CODE":"CR2","PRECINCT":"Cresco 2","POLLING_PLACE":"HOWARD CO FAIRGROUNDS EXPO (CR2))","ADDR_LINE_1":"314 W 7TH ST","CITY_1":"CRESCO","ZIP":"52136","House_Dist":51,"Senate_Dis":"26","Congressio":"1","SOSID_NEW":"45_CR2"}},{"type":"Feature","id":627,"geometry":{"type":"Point","coordinates":[-92.12713777499994,43.37567786900007]},"properties":{"OBJECTID_12":627,"COUNTY":"Howard","DISTRICT_CODE":"CR3","PRECINCT":"Cresco 3","POLLING_PLACE":"HOWARD CO FAIRGROUNDS EXPO (CR3)","ADDR_LINE_1":"314 W 7TH ST","CITY_1":"CRESCO","ZIP":"52136","House_Dist":51,"Senate_Dis":"26","Congressio":"1","SOSID_NEW":"45_CR3"}},{"type":"Feature","id":628,"geometry":{"type":"Point","coordinates":[-94.89465896399992,40.936926001000074]},"properties":{"OBJECTID_12":628,"COUNTY":"Adams","DISTRICT_CODE":"AD4","PRECINCT":"ADAMS 4","POLLING_PLACE":"NODAWAY COMMUNITY BUILDING","ADDR_LINE_1":"300 7TH AVE","CITY_1":"NODAWAY","ZIP":"50857","House_Dist":21,"Senate_Dis":"11","Congressio":"3","SOSID_NEW":"2_AD4"}},{"type":"Feature","id":629,"geometry":{"type":"Point","coordinates":[-94.75093871699994,43.237784660000045]},"properties":{"OBJECTID_12":629,"COUNTY":"Palo Alto","DISTRICT_CODE":"GR RV","PRECINCT":"GR.RV.LI.Pt. HL.WL","POLLING_PLACE":"GRAETTINGER PUBLIC LIBRARY","ADDR_LINE_1":"115 W ROBINS ST","CITY_1":"GRAETTINGER","ZIP":"51342","House_Dist":2,"Senate_Dis":"1","Congressio":"4","SOSID_NEW":"74_GR RV"}},{"type":"Feature","id":630,"geometry":{"type":"Point","coordinates":[-94.4451326869999,42.957643343000086]},"properties":{"OBJECTID_12":630,"COUNTY":"Palo Alto","DISTRICT_CODE":"WB","PRECINCT":"WB.EL.RL.BO.GO.NV","POLLING_PLACE":"WEST BEND PUBLIC LIBRARY","ADDR_LINE_1":"316 S BROADWAY","CITY_1":"WEST BEND","ZIP":"50597","House_Dist":2,"Senate_Dis":"1","Congressio":"4","SOSID_NEW":"74_WB"}},{"type":"Feature","id":631,"geometry":{"type":"Point","coordinates":[-94.67883095499991,43.10780085600004]},"properties":{"OBJECTID_12":631,"COUNTY":"Palo Alto","DISTRICT_CODE":"EM1","PRECINCT":"Emmetsburg Ward 1 ","POLLING_PLACE":"ELECTION CENTER-1","ADDR_LINE_1":"1302 BROADWAY","CITY_1":"EMMETSBURG","ZIP":"50536","House_Dist":2,"Senate_Dis":"1","Congressio":"4","SOSID_NEW":"74_EM1"}},{"type":"Feature","id":632,"geometry":{"type":"Point","coordinates":[-94.67883095499991,43.10780085600004]},"properties":{"OBJECTID_12":632,"COUNTY":"Palo Alto","DISTRICT_CODE":"EM2","PRECINCT":"Emmetsburg Ward 2","POLLING_PLACE":"ELECTION CENTER-2","ADDR_LINE_1":"1302 BROADWAY","CITY_1":"EMMETSBURG","ZIP":"50536","House_Dist":2,"Senate_Dis":"1","Congressio":"4","SOSID_NEW":"74_EM2"}},{"type":"Feature","id":633,"geometry":{"type":"Point","coordinates":[-94.67883095499991,43.10780085600004]},"properties":{"OBJECTID_12":633,"COUNTY":"Palo Alto","DISTRICT_CODE":"EM3","PRECINCT":"EM Ward 3.SL.pt. HL.WL.EM","POLLING_PLACE":"ELECTION CENTER-3","ADDR_LINE_1":"1302 BROADWAY","CITY_1":"EMMETSBURG","ZIP":"50536","House_Dist":2,"Senate_Dis":"1","Congressio":"4","SOSID_NEW":"74_EM3"}},{"type":"Feature","id":634,"geometry":{"type":"Point","coordinates":[-94.67883095499991,43.10780085600004]},"properties":{"OBJECTID_12":634,"COUNTY":"Palo Alto","DISTRICT_CODE":"EM4","PRECINCT":"EM Ward 4 .FV.FF.FR.IN.VN.pt. EM","POLLING_PLACE":"ELECTION CENTER-4","ADDR_LINE_1":"1302 BROADWAY","CITY_1":"EMMETSBURG","ZIP":"50536","House_Dist":2,"Senate_Dis":"1","Congressio":"4","SOSID_NEW":"74_EM4"}},{"type":"Feature","id":635,"geometry":{"type":"Point","coordinates":[-95.79131183899995,43.311341662000075]},"properties":{"OBJECTID_12":635,"COUNTY":"Osceola","DISTRICT_CODE":"AT","PRECINCT":"Ashton","POLLING_PLACE":"ASHTON LEGION COMMUNITY BUILDING","ADDR_LINE_1":"321 3RD ST.","CITY_1":"ASHTON ","ZIP":"51232","House_Dist":1,"Senate_Dis":"1","Congressio":"4","SOSID_NEW":"72_AT"}},{"type":"Feature","id":636,"geometry":{"type":"Point","coordinates":[-95.4338146739999,43.44483252100008]},"properties":{"OBJECTID_12":636,"COUNTY":"Osceola","DISTRICT_CODE":"HA","PRECINCT":"Harris","POLLING_PLACE":"HARRIS CIVIC CENTER","ADDR_LINE_1":"122 MAIN ST S","CITY_1":"HARRIS","ZIP":"51345","House_Dist":1,"Senate_Dis":"1","Congressio":"4","SOSID_NEW":"72_HA"}},{"type":"Feature","id":637,"geometry":{"type":"Point","coordinates":[-95.4737836679999,43.320641082000066]},"properties":{"OBJECTID_12":637,"COUNTY":"Osceola","DISTRICT_CODE":"MC","PRECINCT":"May City","POLLING_PLACE":"MAY CITY FIRE STATION","ADDR_LINE_1":"6656 FREDERICK AVE","CITY_1":"MAY CITY","ZIP":"51349","House_Dist":1,"Senate_Dis":"1","Congressio":"4","SOSID_NEW":"72_MC"}},{"type":"Feature","id":638,"geometry":{"type":"Point","coordinates":[-95.6068799329999,43.287149199000055]},"properties":{"OBJECTID_12":638,"COUNTY":"Osceola","DISTRICT_CODE":"MV","PRECINCT":"Melvin","POLLING_PLACE":"MELVIN FIRE STATION","ADDR_LINE_1":"233 MAIN ST","CITY_1":"MELVIN ","ZIP":"51350","House_Dist":1,"Senate_Dis":"1","Congressio":"4","SOSID_NEW":"72_MV"}},{"type":"Feature","id":639,"geometry":{"type":"Point","coordinates":[-95.53493893099994,43.41452795200007]},"properties":{"OBJECTID_12":639,"COUNTY":"Osceola","DISTRICT_CODE":"OX","PRECINCT":"Ocheyedan","POLLING_PLACE":"OCHEYEDAN TOWN HALL","ADDR_LINE_1":"869 MAIN ST","CITY_1":"OCHEYEDAN","ZIP":"51354","House_Dist":1,"Senate_Dis":"1","Congressio":"4","SOSID_NEW":"72_OX"}},{"type":"Feature","id":640,"geometry":{"type":"Point","coordinates":[-95.74996937499992,43.40157247600007]},"properties":{"OBJECTID_12":640,"COUNTY":"Osceola","DISTRICT_CODE":"OS1","PRECINCT":"Osceola 1","POLLING_PLACE":"OSCEOLA  CO.COURTHOUSE(GRD.FLOOR)","ADDR_LINE_1":"300 7TH ST","CITY_1":"SIBLEY","ZIP":"51249","House_Dist":1,"Senate_Dis":"1","Congressio":"4","SOSID_NEW":"72_OS1"}},{"type":"Feature","id":641,"geometry":{"type":"Point","coordinates":[-95.7431757839999,43.40071683700006]},"properties":{"OBJECTID_12":641,"COUNTY":"Osceola","DISTRICT_CODE":"OS2","PRECINCT":"Osceola 2","POLLING_PLACE":"ST. ANDREW CATHOLIC SCHOOL","ADDR_LINE_1":"722 8TH AVE","CITY_1":"SIBLEY","ZIP":"51249","House_Dist":1,"Senate_Dis":"1","Congressio":"4","SOSID_NEW":"72_OS2"}},{"type":"Feature","id":642,"geometry":{"type":"Point","coordinates":[-95.73761059899994,43.409726737000085]},"properties":{"OBJECTID_12":642,"COUNTY":"Osceola","DISTRICT_CODE":"OS3","PRECINCT":"Osceola 3","POLLING_PLACE":"UNITED METHODIST CHURCH","ADDR_LINE_1":"700 11TH AVE NE","CITY_1":"SIBLEY","ZIP":"51249","House_Dist":1,"Senate_Dis":"1","Congressio":"4","SOSID_NEW":"72_OS3"}},{"type":"Feature","id":643,"geometry":{"type":"Point","coordinates":[-96.00230163499992,43.34334259600007]},"properties":{"OBJECTID_12":643,"COUNTY":"Lyon","DISTRICT_CODE":"P1","PRECINCT":"Pct 1 George","POLLING_PLACE":"GEORGE COMM CTR","ADDR_LINE_1":"117 S MAIN ST","CITY_1":"GEORGE","ZIP":"51237","House_Dist":1,"Senate_Dis":"1","Congressio":"4","SOSID_NEW":"60_P1"}},{"type":"Feature","id":644,"geometry":{"type":"Point","coordinates":[-96.23137120399991,43.27799464100008]},"properties":{"OBJECTID_12":644,"COUNTY":"Lyon","DISTRICT_CODE":"P2","PRECINCT":"Pct 2 Doon","POLLING_PLACE":"DOON COMM CTR","ADDR_LINE_1":"207 BARTON AVE","CITY_1":"DOON","ZIP":"51235","House_Dist":1,"Senate_Dis":"1","Congressio":"4","SOSID_NEW":"60_P2"}},{"type":"Feature","id":645,"geometry":{"type":"Point","coordinates":[-96.43184953899993,43.30917807700007]},"properties":{"OBJECTID_12":645,"COUNTY":"Lyon","DISTRICT_CODE":"P3","PRECINCT":"Pct 3 Inwood","POLLING_PLACE":"INWOOD COMM CTR","ADDR_LINE_1":"103 S MAIN ST","CITY_1":"INWOOD","ZIP":"51240","House_Dist":1,"Senate_Dis":"1","Congressio":"4","SOSID_NEW":"60_P3"}},{"type":"Feature","id":646,"geometry":{"type":"Point","coordinates":[-96.43418346399994,43.45298302700007]},"properties":{"OBJECTID_12":646,"COUNTY":"Lyon","DISTRICT_CODE":"P4","PRECINCT":"Pct 4 Larchwood","POLLING_PLACE":"LW CITY HALL","ADDR_LINE_1":"201 BROADWAY ST","CITY_1":"LARCHWOOD","ZIP":"51241","House_Dist":1,"Senate_Dis":"1","Congressio":"4","SOSID_NEW":"60_P4"}},{"type":"Feature","id":647,"geometry":{"type":"Point","coordinates":[-96.33361145399994,43.439548552000076]},"properties":{"OBJECTID_12":647,"COUNTY":"Lyon","DISTRICT_CODE":"P5","PRECINCT":"Pct 5 Lester","POLLING_PLACE":"LESTER COMM BLDG","ADDR_LINE_1":"203 5TH ST","CITY_1":"LESTER","ZIP":"51242","House_Dist":1,"Senate_Dis":"1","Congressio":"4","SOSID_NEW":"60_P5"}},{"type":"Feature","id":648,"geometry":{"type":"Point","coordinates":[-96.16956197399992,43.431797379000045]},"properties":{"OBJECTID_12":648,"COUNTY":"Lyon","DISTRICT_CODE":"P7","PRECINCT":"Pct 7 Rock Rapids ","POLLING_PLACE":"FORSTER COMM BLDG N","ADDR_LINE_1":"404 1ST AVE","CITY_1":"ROCK RAPIDS","ZIP":"51246","House_Dist":1,"Senate_Dis":"1","Congressio":"4","SOSID_NEW":"60_P7"}},{"type":"Feature","id":649,"geometry":{"type":"Point","coordinates":[-96.16956197399992,43.431797379000045]},"properties":{"OBJECTID_12":649,"COUNTY":"Lyon","DISTRICT_CODE":"P8","PRECINCT":"Pct 8 Rock Rapids","POLLING_PLACE":"FORSTER COMM BLDG S","ADDR_LINE_1":"404 1ST AVE","CITY_1":"ROCK RAPIDS","ZIP":"51246","House_Dist":1,"Senate_Dis":"1","Congressio":"4","SOSID_NEW":"60_P8"}},{"type":"Feature","id":650,"geometry":{"type":"Point","coordinates":[-95.8832480879999,43.44433028600008]},"properties":{"OBJECTID_12":650,"COUNTY":"Lyon","DISTRICT_CODE":"P6","PRECINCT":"Pct 6 Little Rock","POLLING_PLACE":"LR TOWN & CTRY BLDG","ADDR_LINE_1":"409 MAIN ST","CITY_1":"LITTLE ROCK ","ZIP":"51243","House_Dist":1,"Senate_Dis":"1","Congressio":"4","SOSID_NEW":"60_P6"}},{"type":"Feature","id":651,"geometry":{"type":"Point","coordinates":[-95.85326356899992,43.18046767200008]},"properties":{"OBJECTID_12":651,"COUNTY":"O'Brien","DISTRICT_CODE":"P1","PRECINCT":"Carroll Floyd","POLLING_PLACE":"COMM BLDG, SHELDON P1","ADDR_LINE_1":"416 9TH ST","CITY_1":"SHELDON","ZIP":"51201","House_Dist":3,"Senate_Dis":"2","Congressio":"4","SOSID_NEW":"71_P1"}},{"type":"Feature","id":652,"geometry":{"type":"Point","coordinates":[-95.85326356899992,43.18046767200008]},"properties":{"OBJECTID_12":652,"COUNTY":"O'Brien","DISTRICT_CODE":"P4","PRECINCT":"Sheldon 1","POLLING_PLACE":"COMM BLDG SHELDON 1ST WARD","ADDR_LINE_1":"416 9TH ST","CITY_1":"SHELDON","ZIP":"51201","House_Dist":3,"Senate_Dis":"2","Congressio":"4","SOSID_NEW":"71_P4"}},{"type":"Feature","id":653,"geometry":{"type":"Point","coordinates":[-95.85326356899992,43.18046767200008]},"properties":{"OBJECTID_12":653,"COUNTY":"O'Brien","DISTRICT_CODE":"P5","PRECINCT":"Sheldon 2","POLLING_PLACE":"COMM BLDG, SHELDON 2ND WARD","ADDR_LINE_1":"416 9TH ST","CITY_1":"SHELDON","ZIP":"51201","House_Dist":3,"Senate_Dis":"2","Congressio":"4","SOSID_NEW":"71_P5"}},{"type":"Feature","id":654,"geometry":{"type":"Point","coordinates":[-95.85326356899992,43.18046767200008]},"properties":{"OBJECTID_12":654,"COUNTY":"O'Brien","DISTRICT_CODE":"P6","PRECINCT":"Sheldon 3","POLLING_PLACE":"COMM BLDG, SHELDON 3RD WARD","ADDR_LINE_1":"416 9TH ST","CITY_1":"SHELDON","ZIP":"51201","House_Dist":3,"Senate_Dis":"2","Congressio":"4","SOSID_NEW":"71_P6"}},{"type":"Feature","id":655,"geometry":{"type":"Point","coordinates":[-95.65577242899991,43.18185362300005]},"properties":{"OBJECTID_12":655,"COUNTY":"O'Brien","DISTRICT_CODE":"P2","PRECINCT":"Franklin","POLLING_PLACE":"COMM BLDG, SANBORN","ADDR_LINE_1":"225 MAIN ST","CITY_1":"SANBORN","ZIP":"51248","House_Dist":3,"Senate_Dis":"2","Congressio":"4","SOSID_NEW":"71_P2"}},{"type":"Feature","id":656,"geometry":{"type":"Point","coordinates":[-95.47577726799994,43.179960582000035]},"properties":{"OBJECTID_12":656,"COUNTY":"O'Brien","DISTRICT_CODE":"P3","PRECINCT":"Hartley Lincoln Omega","POLLING_PLACE":"PUBLIC LIBRARY, HARTLEY","ADDR_LINE_1":"91 1ST ST SE","CITY_1":"HARTLEY","ZIP":"51346","House_Dist":3,"Senate_Dis":"2","Congressio":"4","SOSID_NEW":"71_P3"}},{"type":"Feature","id":657,"geometry":{"type":"Point","coordinates":[-95.6269343649999,43.087737408000066]},"properties":{"OBJECTID_12":657,"COUNTY":"O'Brien","DISTRICT_CODE":"P7","PRECINCT":"Summit Center Dale Highland","POLLING_PLACE":"ASSEMBLY ROOM, CTHSE","ADDR_LINE_1":"155 S HAYES AVE","CITY_1":"PRIMGHAR","ZIP":"51245","House_Dist":3,"Senate_Dis":"2","Congressio":"4","SOSID_NEW":"71_P7"}},{"type":"Feature","id":658,"geometry":{"type":"Point","coordinates":[-95.68760168699993,42.97876396600009]},"properties":{"OBJECTID_12":658,"COUNTY":"O'Brien","DISTRICT_CODE":"P8","PRECINCT":"Union Baker Caledonia","POLLING_PLACE":"CITY HALL, PAULLINA","ADDR_LINE_1":"127 S MAIN ST","CITY_1":"PAULLINA","ZIP":"51046","House_Dist":3,"Senate_Dis":"2","Congressio":"4","SOSID_NEW":"71_P8"}},{"type":"Feature","id":659,"geometry":{"type":"Point","coordinates":[-95.49790517899993,42.97384345900008]},"properties":{"OBJECTID_12":659,"COUNTY":"O'Brien","DISTRICT_CODE":"P9","PRECINCT":"Waterman Grant Liberty","POLLING_PLACE":"MASON LDGE, SUTHERLAND","ADDR_LINE_1":"121 W 2ND ST","CITY_1":"SUTHERLAND","ZIP":"51058","House_Dist":3,"Senate_Dis":"2","Congressio":"4","SOSID_NEW":"71_P9"}},{"type":"Feature","id":660,"geometry":{"type":"Point","coordinates":[-96.55763581699995,42.82867997900007]},"properties":{"OBJECTID_12":660,"COUNTY":"Plymouth","DISTRICT_CODE":"AK","PRECINCT":"Akron","POLLING_PLACE":"AKRON LIBRARY CONFERENCE ROOM","ADDR_LINE_1":"350 REED ST","CITY_1":"AKRON","ZIP":"51001","House_Dist":5,"Senate_Dis":"3","Congressio":"4","SOSID_NEW":"75_AK"}},{"type":"Feature","id":661,"geometry":{"type":"Point","coordinates":[-96.26899642199993,42.80978138900008]},"properties":{"OBJECTID_12":661,"COUNTY":"Plymouth","DISTRICT_CODE":"BV","PRECINCT":"Brunsville","POLLING_PLACE":"BRUNSVILLE LEGION CLUB","ADDR_LINE_1":"305 OAK ST","CITY_1":"BRUNSVILLE","ZIP":"51008","House_Dist":5,"Senate_Dis":"3","Congressio":"4","SOSID_NEW":"75_BV"}},{"type":"Feature","id":662,"geometry":{"type":"Point","coordinates":[-96.60180916899992,42.755602485000054]},"properties":{"OBJECTID_12":662,"COUNTY":"Plymouth","DISTRICT_CODE":"WF","PRECINCT":"Westfield","POLLING_PLACE":"WESTFIELD COMMUNITY CENTER","ADDR_LINE_1":"215 LINDEN ST","CITY_1":"WESTFIELD","ZIP":"51062","House_Dist":5,"Senate_Dis":"3","Congressio":"4","SOSID_NEW":"75_WF"}},{"type":"Feature","id":663,"geometry":{"type":"Point","coordinates":[-96.25530645299995,42.71991525100009]},"properties":{"OBJECTID_12":663,"COUNTY":"Plymouth","DISTRICT_CODE":"MR","PRECINCT":"Merrill","POLLING_PLACE":"KISSINGER COMMUNITY CENTER-LOWER LEVEL","ADDR_LINE_1":"608 MAIN ST","CITY_1":"MERRILL","ZIP":"51038","House_Dist":5,"Senate_Dis":"3","Congressio":"4","SOSID_NEW":"75_MR"}},{"type":"Feature","id":664,"geometry":{"type":"Point","coordinates":[-96.29472651299994,42.62666070500006]},"properties":{"OBJECTID_12":664,"COUNTY":"Plymouth","DISTRICT_CODE":"HT","PRECINCT":"Hinton","POLLING_PLACE":"HINTON COMMUNITY CENTER","ADDR_LINE_1":"205 WEST MAIN ST","CITY_1":"HINTON","ZIP":"51024","House_Dist":5,"Senate_Dis":"3","Congressio":"4","SOSID_NEW":"75_HT"}},{"type":"Feature","id":665,"geometry":{"type":"Point","coordinates":[-96.28073945299991,42.62652877900007]},"properties":{"OBJECTID_12":665,"COUNTY":"Plymouth","DISTRICT_CODE":"PY","PRECINCT":"Perry Hancock Twp","POLLING_PLACE":"PERRY TOWNSHIP HALL","ADDR_LINE_1":"C60","CITY_1":"HINTON","ZIP":"51024","House_Dist":5,"Senate_Dis":"3","Congressio":"4","SOSID_NEW":"75_PY"}},{"type":"Feature","id":666,"geometry":{"type":"Point","coordinates":[-95.96408392799992,42.58679102100007]},"properties":{"OBJECTID_12":666,"COUNTY":"Plymouth","DISTRICT_CODE":"KL","PRECINCT":"Kingsley","POLLING_PLACE":"KINGSLEY COMMUNITY CENTER","ADDR_LINE_1":"207 E 1ST ST","CITY_1":"KINGSLEY","ZIP":"51028","House_Dist":5,"Senate_Dis":"3","Congressio":"4","SOSID_NEW":"75_KL"}},{"type":"Feature","id":667,"geometry":{"type":"Point","coordinates":[-96.16065825499993,42.789988496000035]},"properties":{"OBJECTID_12":667,"COUNTY":"Plymouth","DISTRICT_CODE":"SB","PRECINCT":"Courthouse Annex-Lower Level","POLLING_PLACE":"COURTHOUSE ANNEX LOWER LEVEL","ADDR_LINE_1":"215 4TH AVE SE","CITY_1":"LE MARS","ZIP":"51031","House_Dist":5,"Senate_Dis":"3","Congressio":"4","SOSID_NEW":"75_SB"}},{"type":"Feature","id":668,"geometry":{"type":"Point","coordinates":[-96.16200831599991,42.77876801900004]},"properties":{"OBJECTID_12":668,"COUNTY":"Plymouth","DISTRICT_CODE":"LM11","PRECINCT":"Le Mars Pct 11","POLLING_PLACE":"LE MARS CONVENTION CENTER PCT 11","ADDR_LINE_1":"301 12TH ST SE-LOWER LEVEL","CITY_1":"LE MARS","ZIP":"51031","House_Dist":5,"Senate_Dis":"3","Congressio":"4","SOSID_NEW":"75_LM11"}},{"type":"Feature","id":669,"geometry":{"type":"Point","coordinates":[-96.16200831599991,42.77876801900004]},"properties":{"OBJECTID_12":669,"COUNTY":"Plymouth","DISTRICT_CODE":"LM12","PRECINCT":"Le Mars Pct 12","POLLING_PLACE":"LE MARS CONVENTION CENTER PCT 12","ADDR_LINE_1":"301 12TH ST SE-LOWER LEVEL","CITY_1":"LE MARS","ZIP":"51031","House_Dist":5,"Senate_Dis":"3","Congressio":"4","SOSID_NEW":"75_LM12"}},{"type":"Feature","id":670,"geometry":{"type":"Point","coordinates":[-96.16200831599991,42.77876801900004]},"properties":{"OBJECTID_12":670,"COUNTY":"Plymouth","DISTRICT_CODE":"LM13","PRECINCT":"Le Mars Pct 13","POLLING_PLACE":"LE MARS CONVENTION CENTER PCT 13","ADDR_LINE_1":"301 12TH ST SE-LOWER LEVEL","CITY_1":"LE MARS","ZIP":"51031","House_Dist":5,"Senate_Dis":"3","Congressio":"4","SOSID_NEW":"75_LM13"}},{"type":"Feature","id":671,"geometry":{"type":"Point","coordinates":[-94.08443741499991,42.90925014600003]},"properties":{"OBJECTID_12":671,"COUNTY":"Kossuth","DISTRICT_CODE":"LV","PRECINCT":"LV SM","POLLING_PLACE":"LUVERNE COMMUNITY CENTER LVSM","ADDR_LINE_1":"109 DEWITT ST","CITY_1":"LUVERNE","ZIP":"50560","House_Dist":8,"Senate_Dis":"4","Congressio":"4","SOSID_NEW":"55_LV"}},{"type":"Feature","id":672,"geometry":{"type":"Point","coordinates":[-94.4219987379999,43.06461049500007]},"properties":{"OBJECTID_12":672,"COUNTY":"Kossuth","DISTRICT_CODE":"GF","PRECINCT":"GF WM","POLLING_PLACE":"WHITTEMORE FIRE STATION GFWM","ADDR_LINE_1":"405 RAILROAD ST","CITY_1":"WHITTEMORE","ZIP":"50598","House_Dist":8,"Senate_Dis":"4","Congressio":"4","SOSID_NEW":"55_GF"}},{"type":"Feature","id":673,"geometry":{"type":"Point","coordinates":[-94.4219987379999,43.06461049500007]},"properties":{"OBJECTID_12":673,"COUNTY":"Kossuth","DISTRICT_CODE":"LC","PRECINCT":"LC","POLLING_PLACE":"WHITTEMORE FIRE STATION LC","ADDR_LINE_1":"405 RAILROAD ST","CITY_1":"WHITTEMORE","ZIP":"50598","House_Dist":8,"Senate_Dis":"4","Congressio":"4","SOSID_NEW":"55_LC"}},{"type":"Feature","id":674,"geometry":{"type":"Point","coordinates":[-93.98984087699995,43.088382626000055]},"properties":{"OBJECTID_12":674,"COUNTY":"Kossuth","DISTRICT_CODE":"PR","PRECINCT":"PR WL","POLLING_PLACE":"WESLEY COMMUNITY CENTER","ADDR_LINE_1":"205 MAIN ST","CITY_1":"WESLEY","ZIP":"50483","House_Dist":8,"Senate_Dis":"4","Congressio":"4","SOSID_NEW":"55_PR"}},{"type":"Feature","id":675,"geometry":{"type":"Point","coordinates":[-94.2109283609999,43.292978247000065]},"properties":{"OBJECTID_12":675,"COUNTY":"Kossuth","DISTRICT_CODE":"GM","PRECINCT":"GM RM","POLLING_PLACE":"NORTH KOSSUTH GOLF CLUB GMRM","ADDR_LINE_1":"505 RAMSEY ST E","CITY_1":"BANCROFT","ZIP":"50517","House_Dist":8,"Senate_Dis":"4","Congressio":"4","SOSID_NEW":"55_GM"}},{"type":"Feature","id":676,"geometry":{"type":"Point","coordinates":[-94.2109283609999,43.292978247000065]},"properties":{"OBJECTID_12":676,"COUNTY":"Kossuth","DISTRICT_CODE":"GW","PRECINCT":"GW SN","POLLING_PLACE":"NORTH KOSSUTH GOLF CLUB GWSN","ADDR_LINE_1":"505 RAMSEY ST E","CITY_1":"BANCROFT","ZIP":"50517","House_Dist":8,"Senate_Dis":"4","Congressio":"4","SOSID_NEW":"55_GW"}},{"type":"Feature","id":677,"geometry":{"type":"Point","coordinates":[-94.0412829039999,43.23718678900008]},"properties":{"OBJECTID_12":677,"COUNTY":"Kossuth","DISTRICT_CODE":"BF","PRECINCT":"BF PT","POLLING_PLACE":"TITONKA COMMUNITY CENTER","ADDR_LINE_1":"224 MAIN ST N","CITY_1":"TITONKA","ZIP":"50480","House_Dist":8,"Senate_Dis":"4","Congressio":"4","SOSID_NEW":"55_BF"}},{"type":"Feature","id":678,"geometry":{"type":"Point","coordinates":[-94.21901591299991,43.08009183000007]},"properties":{"OBJECTID_12":678,"COUNTY":"Kossuth","DISTRICT_CODE":"AL1","PRECINCT":"AL1","POLLING_PLACE":"KC HALL AL1","ADDR_LINE_1":"1501 E WALNUT ST","CITY_1":"ALGONA","ZIP":"50511","House_Dist":7,"Senate_Dis":"4","Congressio":"4","SOSID_NEW":"55_AL1"}},{"type":"Feature","id":679,"geometry":{"type":"Point","coordinates":[-94.21901591299991,43.08009183000007]},"properties":{"OBJECTID_12":679,"COUNTY":"Kossuth","DISTRICT_CODE":"AL2","PRECINCT":"AL2","POLLING_PLACE":"KC HALL AL2","ADDR_LINE_1":"1501 E WALNUT","CITY_1":"ALGONA","ZIP":"50511","House_Dist":7,"Senate_Dis":"4","Congressio":"4","SOSID_NEW":"55_AL2"}},{"type":"Feature","id":680,"geometry":{"type":"Point","coordinates":[-94.21901591299991,43.08009183000007]},"properties":{"OBJECTID_12":680,"COUNTY":"Kossuth","DISTRICT_CODE":"AL3","PRECINCT":"AL3","POLLING_PLACE":"KC HALL AL3","ADDR_LINE_1":"1501 E WALNUT","CITY_1":"ALGONA","ZIP":"50511","House_Dist":7,"Senate_Dis":"4","Congressio":"4","SOSID_NEW":"55_AL3"}},{"type":"Feature","id":681,"geometry":{"type":"Point","coordinates":[-94.21901591299991,43.08009183000007]},"properties":{"OBJECTID_12":681,"COUNTY":"Kossuth","DISTRICT_CODE":"AL4","PRECINCT":"AL4","POLLING_PLACE":"KC HALL AL4","ADDR_LINE_1":"1501 E WALNUT ST","CITY_1":"ALGONA","ZIP":"50511","House_Dist":7,"Senate_Dis":"4","Congressio":"4","SOSID_NEW":"55_AL4"}},{"type":"Feature","id":682,"geometry":{"type":"Point","coordinates":[-94.21901591299991,43.08009183000007]},"properties":{"OBJECTID_12":682,"COUNTY":"Kossuth","DISTRICT_CODE":"CR 1","PRECINCT":"CR 1","POLLING_PLACE":"KC HALL CR1","ADDR_LINE_1":"1501 E WALNUT","CITY_1":"ALGONA","ZIP":"50511","House_Dist":7,"Senate_Dis":"4","Congressio":"4","SOSID_NEW":"55_CR 1"}},{"type":"Feature","id":683,"geometry":{"type":"Point","coordinates":[-94.21901591299991,43.08009183000007]},"properties":{"OBJECTID_12":683,"COUNTY":"Kossuth","DISTRICT_CODE":"CR 2","PRECINCT":"CR 2","POLLING_PLACE":"KC HALL CR2","ADDR_LINE_1":"1501 E WALNUT ST","CITY_1":"ALGONA","ZIP":"50511","House_Dist":7,"Senate_Dis":"4","Congressio":"4","SOSID_NEW":"55_CR 2"}},{"type":"Feature","id":684,"geometry":{"type":"Point","coordinates":[-94.21901591299991,43.08009183000007]},"properties":{"OBJECTID_12":684,"COUNTY":"Kossuth","DISTRICT_CODE":"IV","PRECINCT":"IV PC","POLLING_PLACE":"KC HALL IVPC","ADDR_LINE_1":"1501 E WALNUT","CITY_1":"ALGONA","ZIP":"50511","House_Dist":7,"Senate_Dis":"4","Congressio":"4","SOSID_NEW":"55_IV"}},{"type":"Feature","id":685,"geometry":{"type":"Point","coordinates":[-94.09504143599992,43.37720750200003]},"properties":{"OBJECTID_12":685,"COUNTY":"Kossuth","DISTRICT_CODE":"HB","PRECINCT":"HB LY LN SF","POLLING_PLACE":"EAGLE CENTER - LAKOTA","ADDR_LINE_1":"401 SMITH ST","CITY_1":"LAKOTA","ZIP":"50451","House_Dist":7,"Senate_Dis":"4","Congressio":"4","SOSID_NEW":"55_HB"}},{"type":"Feature","id":686,"geometry":{"type":"Point","coordinates":[-94.23639809299993,43.08786869800008]},"properties":{"OBJECTID_12":686,"COUNTY":"Kossuth","DISTRICT_CODE":"PC","PRECINCT":"PC","POLLING_PLACE":"IOWA LAKES COMMUNITY COLLEGE PC","ADDR_LINE_1":"2111 HWY 169 N","CITY_1":"ALGONA","ZIP":"50511","House_Dist":7,"Senate_Dis":"4","Congressio":"4","SOSID_NEW":"55_PC"}},{"type":"Feature","id":687,"geometry":{"type":"Point","coordinates":[-94.23639809299993,43.08786869800008]},"properties":{"OBJECTID_12":687,"COUNTY":"Kossuth","DISTRICT_CODE":"UN","PRECINCT":"UN ","POLLING_PLACE":"IOWA LAKES COMMUNITY COLLEGE UN","ADDR_LINE_1":"2111 HWY 169 N","CITY_1":"ALGONA","ZIP":"50511","House_Dist":7,"Senate_Dis":"4","Congressio":"4","SOSID_NEW":"55_UN"}},{"type":"Feature","id":688,"geometry":{"type":"Point","coordinates":[-94.21815080899995,43.197625981000044]},"properties":{"OBJECTID_12":688,"COUNTY":"Kossuth","DISTRICT_CODE":"BT","PRECINCT":"BT FT UN","POLLING_PLACE":"BURT COMMUNITY CENTER","ADDR_LINE_1":"400 1ST ST","CITY_1":"BURT","ZIP":"50522","House_Dist":7,"Senate_Dis":"4","Congressio":"4","SOSID_NEW":"55_BT"}},{"type":"Feature","id":689,"geometry":{"type":"Point","coordinates":[-94.3097431249999,43.38392952300006]},"properties":{"OBJECTID_12":689,"COUNTY":"Kossuth","DISTRICT_CODE":"EG","PRECINCT":"EG GT HS SW","POLLING_PLACE":"SWEA CITY LIBRARY MEETING ROOM","ADDR_LINE_1":"208 3RD ST N","CITY_1":"SWEA CITY","ZIP":"50590","House_Dist":7,"Senate_Dis":"4","Congressio":"4","SOSID_NEW":"55_EG"}},{"type":"Feature","id":690,"geometry":{"type":"Point","coordinates":[-94.23857062399992,43.06886721900008]},"properties":{"OBJECTID_12":690,"COUNTY":"Kossuth","DISTRICT_CODE":"CR","PRECINCT":"CR IV RV","POLLING_PLACE":"KOSSUTH COUNTY COURTHOUSE ASSEMBLY ROOM CR","ADDR_LINE_1":"114 W STATE ST","CITY_1":"ALGONA","ZIP":"50511","House_Dist":7,"Senate_Dis":"4","Congressio":"4","SOSID_NEW":"55_CR"}},{"type":"Feature","id":691,"geometry":{"type":"Point","coordinates":[-94.8512835219999,42.84965847700005]},"properties":{"OBJECTID_12":691,"COUNTY":"Pocahontas","DISTRICT_CODE":"SW","PRECINCT":"Swan Lake- N Marshall","POLLING_PLACE":"LAURENS MUNICIPAL BUILDING","ADDR_LINE_1":"272 N 3RD ST","CITY_1":"LAURENS","ZIP":"50554","House_Dist":10,"Senate_Dis":"5","Congressio":"4","SOSID_NEW":"76_SW"}},{"type":"Feature","id":692,"geometry":{"type":"Point","coordinates":[-94.67876319499993,42.73587921200004]},"properties":{"OBJECTID_12":692,"COUNTY":"Pocahontas","DISTRICT_CODE":"GT","PRECINCT":"Grant-S Marshall-S Sherman","POLLING_PLACE":"POCAHONTAS FIRE STATION","ADDR_LINE_1":"300 NW 7TH ST","CITY_1":"POCAHONTAS","ZIP":"50574","House_Dist":10,"Senate_Dis":"5","Congressio":"4","SOSID_NEW":"76_GT"}},{"type":"Feature","id":693,"geometry":{"type":"Point","coordinates":[-94.66897982899991,42.736490949000085]},"properties":{"OBJECTID_12":693,"COUNTY":"Pocahontas","DISTRICT_CODE":"PH1","PRECINCT":"Pocahontas #1","POLLING_PLACE":"POCAHONTAS COUNTY COURT HOUSE","ADDR_LINE_1":"99 COURT SQ","CITY_1":"POCAHONTAS","ZIP":"50574","House_Dist":10,"Senate_Dis":"5","Congressio":"4","SOSID_NEW":"76_PH1"}},{"type":"Feature","id":694,"geometry":{"type":"Point","coordinates":[-94.6698504609999,42.73442697400009]},"properties":{"OBJECTID_12":694,"COUNTY":"Pocahontas","DISTRICT_CODE":"PH2","PRECINCT":"PH#2-Center-S Roosevelt-N Lincoln-N Lake-S Garfield","POLLING_PLACE":"POCAHONTAS PUBLIC LIBRARY","ADDR_LINE_1":"14 2ND AVE NW","CITY_1":"POCAHONTAS","ZIP":"50574","House_Dist":10,"Senate_Dis":"5","Congressio":"4","SOSID_NEW":"76_PH2"}},{"type":"Feature","id":695,"geometry":{"type":"Point","coordinates":[-94.8458866929999,42.58128399100008]},"properties":{"OBJECTID_12":695,"COUNTY":"Pocahontas","DISTRICT_CODE":"CD","PRECINCT":"Cedar-Colfax-Dover","POLLING_PLACE":"FONDA COMMUNITY CENTER","ADDR_LINE_1":"104 2ND ST","CITY_1":"FONDA","ZIP":"50540","House_Dist":10,"Senate_Dis":"5","Congressio":"4","SOSID_NEW":"76_CD"}},{"type":"Feature","id":696,"geometry":{"type":"Point","coordinates":[-94.60057922199991,42.63192787400004]},"properties":{"OBJECTID_12":696,"COUNTY":"Pocahontas","DISTRICT_CODE":"BV","PRECINCT":"Bellvile-Lizard-S Lincoln-S Lake","POLLING_PLACE":"PALMER COMMUNITY CENTER","ADDR_LINE_1":"415 HANSEN AVE","CITY_1":"PALMER","ZIP":"50571","House_Dist":10,"Senate_Dis":"5","Congressio":"4","SOSID_NEW":"76_BV"}},{"type":"Feature","id":697,"geometry":{"type":"Point","coordinates":[-94.52782019999995,42.812959387000035]},"properties":{"OBJECTID_12":697,"COUNTY":"Pocahontas","DISTRICT_CODE":"DM","PRECINCT":"Des Moines-Cummins-Powhatan-N Garfield-N Sherman-N Roosevelt","POLLING_PLACE":"ROLFE COMMUNITY CENTER","ADDR_LINE_1":"319 GARFIELD AVE","CITY_1":"ROLFE","ZIP":"50581","House_Dist":10,"Senate_Dis":"5","Congressio":"4","SOSID_NEW":"76_DM"}},{"type":"Feature","id":698,"geometry":{"type":"Point","coordinates":[-95.90886423899991,42.07337594400008]},"properties":{"OBJECTID_12":698,"COUNTY":"Monona","DISTRICT_CODE":"CN002","PRECINCT":"Castana Center Jordan","POLLING_PLACE":"CASTANA LEGION HALL","ADDR_LINE_1":"111 THIRD ST","CITY_1":"CASTANA","ZIP":"51010","House_Dist":17,"Senate_Dis":"9","Congressio":"4","SOSID_NEW":"67_CN002"}},{"type":"Feature","id":699,"geometry":{"type":"Point","coordinates":[-95.7910402739999,42.16589662200005]},"properties":{"OBJECTID_12":699,"COUNTY":"Monona","DISTRICT_CODE":"CP003","PRECINCT":"Cooper Maple Mapleton","POLLING_PLACE":"MAPLETON CITY OFFICE","ADDR_LINE_1":"513 MAIN ST","CITY_1":"MAPLETON ","ZIP":"51034","House_Dist":17,"Senate_Dis":"9","Congressio":"4","SOSID_NEW":"67_CP003"}},{"type":"Feature","id":700,"geometry":{"type":"Point","coordinates":[-96.15244379399991,42.12743416500007]},"properties":{"OBJECTID_12":700,"COUNTY":"Monona","DISTRICT_CODE":"FV004","PRECINCT":"Fairview Grant Lake Rodney West Fork Whiting","POLLING_PLACE":"WHITING CITY OFFICE","ADDR_LINE_1":"605 WHITTIER ST","CITY_1":"WHITING","ZIP":"51063","House_Dist":17,"Senate_Dis":"9","Congressio":"4","SOSID_NEW":"67_FV004"}},{"type":"Feature","id":701,"geometry":{"type":"Point","coordinates":[-95.85141470399992,41.921609370000056]},"properties":{"OBJECTID_12":701,"COUNTY":"Monona","DISTRICT_CODE":"MH005","PRECINCT":"Moorhead Soldier Soldier City Spring Valley Willow","POLLING_PLACE":"MOORHEAD COMMUNITY BLDG","ADDR_LINE_1":"110 OAK AVE","CITY_1":"MOORHEAD","ZIP":"51558","House_Dist":17,"Senate_Dis":"9","Congressio":"4","SOSID_NEW":"67_MH005"}},{"type":"Feature","id":702,"geometry":{"type":"Point","coordinates":[-96.10366780499993,42.034541309000076]},"properties":{"OBJECTID_12":702,"COUNTY":"Monona","DISTRICT_CODE":"ON207","PRECINCT":"Onawa Ward 2 Franklin","POLLING_PLACE":"FAITH LUTHERAN CHURCH","ADDR_LINE_1":"316 15TH ST","CITY_1":"ONAWA","ZIP":"51040","House_Dist":17,"Senate_Dis":"9","Congressio":"4","SOSID_NEW":"67_ON207"}},{"type":"Feature","id":703,"geometry":{"type":"Point","coordinates":[-96.0817719339999,41.930413721000036]},"properties":{"OBJECTID_12":703,"COUNTY":"Monona","DISTRICT_CODE":"SH010","PRECINCT":"Sherman SE Franklin Blencoe Sioux","POLLING_PLACE":"BLENCOE COMMUNITY BLDG","ADDR_LINE_1":"413 MAIN ST","CITY_1":"BLENCOE","ZIP":"51523","House_Dist":17,"Senate_Dis":"9","Congressio":"4","SOSID_NEW":"67_SH010"}},{"type":"Feature","id":704,"geometry":{"type":"Point","coordinates":[-95.70676210599993,42.05018609600006]},"properties":{"OBJECTID_12":704,"COUNTY":"Monona","DISTRICT_CODE":"STC11","PRECINCT":"St Clair Ute","POLLING_PLACE":"UTE CITY HALL","ADDR_LINE_1":"130 MAIN ST","CITY_1":"UTE","ZIP":"51060","House_Dist":17,"Senate_Dis":"9","Congressio":"4","SOSID_NEW":"67_STC11"}},{"type":"Feature","id":705,"geometry":{"type":"Point","coordinates":[-96.0806919019999,42.026878013000044]},"properties":{"OBJECTID_12":705,"COUNTY":"Monona","DISTRICT_CODE":"AS001","PRECINCT":"Ashton Belvidere Kennebec Lincoln Franklin Turin","POLLING_PLACE":"ARBORETUM","ADDR_LINE_1":"318 E IOWA AVE","CITY_1":"ONAWA","ZIP":"51040","House_Dist":17,"Senate_Dis":"9","Congressio":"4","SOSID_NEW":"67_AS001"}},{"type":"Feature","id":706,"geometry":{"type":"Point","coordinates":[-96.09772542099995,42.037050210000075]},"properties":{"OBJECTID_12":706,"COUNTY":"Monona","DISTRICT_CODE":"ON106","PRECINCT":"Onawa Ward 1","POLLING_PLACE":"ONAWA COMMUNITY CENTER","ADDR_LINE_1":"320 10TH ST","CITY_1":"ONAWA","ZIP":"51040","House_Dist":17,"Senate_Dis":"9","Congressio":"4","SOSID_NEW":"67_ON106"}},{"type":"Feature","id":707,"geometry":{"type":"Point","coordinates":[-96.09184010399991,42.02670784600008]},"properties":{"OBJECTID_12":707,"COUNTY":"Monona","DISTRICT_CODE":"ON409","PRECINCT":"Onawa Ward 4","POLLING_PLACE":"COURTHOUSE ANNEX","ADDR_LINE_1":"610 IOWA AVE","CITY_1":"ONAWA","ZIP":"51040","House_Dist":17,"Senate_Dis":"9","Congressio":"4","SOSID_NEW":"67_ON409"}},{"type":"Feature","id":708,"geometry":{"type":"Point","coordinates":[-96.09611057099994,42.02534768500004]},"properties":{"OBJECTID_12":708,"COUNTY":"Monona","DISTRICT_CODE":"ON308","PRECINCT":"Onawa Ward 3","POLLING_PLACE":"ONAWA CITY OFFICE","ADDR_LINE_1":"914 DIAMOND ST","CITY_1":"ONAWA","ZIP":"51040","House_Dist":17,"Senate_Dis":"9","Congressio":"4","SOSID_NEW":"67_ON308"}},{"type":"Feature","id":709,"geometry":{"type":"Point","coordinates":[-93.69469276299992,41.863235735000046]},"properties":{"OBJECTID_12":709,"COUNTY":"Polk","DISTRICT_CODE":"SHELDAH","PRECINCT":"Sheldahl 1 Union Twp (142)","POLLING_PLACE":"142 SHELDAHL CITY HALL","ADDR_LINE_1":"803 2ND ST","CITY_1":"SHELDAHL","ZIP":"50243","House_Dist":19,"Senate_Dis":"10","Congressio":"3","SOSID_NEW":"77_SHELDAH"}},{"type":"Feature","id":710,"geometry":{"type":"Point","coordinates":[-93.7145822629999,41.77129912000004]},"properties":{"OBJECTID_12":710,"COUNTY":"Polk","DISTRICT_CODE":"MADISON","PRECINCT":"Madison 1 (133)","POLLING_PLACE":"133 POLK CITY COMMUNITY BUILDING","ADDR_LINE_1":"309 W. VAN DORN ST.","CITY_1":"POLK CITY","ZIP":"50226","House_Dist":19,"Senate_Dis":"10","Congressio":"3","SOSID_NEW":"77_MADISON"}},{"type":"Feature","id":711,"geometry":{"type":"Point","coordinates":[-93.7145822629999,41.77129912000004]},"properties":{"OBJECTID_12":711,"COUNTY":"Polk","DISTRICT_CODE":"POLK CI","PRECINCT":"Polk City 1 (138)","POLLING_PLACE":"138 POLK CITY COMMUNITY BUILDING","ADDR_LINE_1":"309 W VAN DORN ST","CITY_1":"POLK CITY","ZIP":"50226","House_Dist":19,"Senate_Dis":"10","Congressio":"3","SOSID_NEW":"77_POLK CI"}},{"type":"Feature","id":712,"geometry":{"type":"Point","coordinates":[-95.17404059099994,41.31011794400007]},"properties":{"OBJECTID_12":712,"COUNTY":"Pottawattamie","DISTRICT_CODE":"GLWCW","PRECINCT":"GLWCW","POLLING_PLACE":"29 ISU FARM-WALLACE CENTER","ADDR_LINE_1":"53020 HITCHCOCK AVE","CITY_1":"LEWIS","ZIP":"51544","House_Dist":21,"Senate_Dis":"11","Congressio":"3","SOSID_NEW":"78_GLWCW"}},{"type":"Feature","id":713,"geometry":{"type":"Point","coordinates":[-95.3394477469999,41.47700181400006]},"properties":{"OBJECTID_12":713,"COUNTY":"Pottawattamie","DISTRICT_CODE":"AVOCA","PRECINCT":"Avoca","POLLING_PLACE":"25 AVOCA AMERICAN LEGION","ADDR_LINE_1":"112 N ELM ST","CITY_1":"AVOCA","ZIP":"51521","House_Dist":22,"Senate_Dis":"11","Congressio":"3","SOSID_NEW":"78_AVOCA"}},{"type":"Feature","id":714,"geometry":{"type":"Point","coordinates":[-95.8586998969999,41.36372838500006]},"properties":{"OBJECTID_12":714,"COUNTY":"Pottawattamie","DISTRICT_CODE":"CRESC","PRECINCT":"Crescent","POLLING_PLACE":"27 CRESCENT CITY HALL","ADDR_LINE_1":"102 W FLORENCE ST","CITY_1":"CRESCENT","ZIP":"51526","House_Dist":22,"Senate_Dis":"11","Congressio":"3","SOSID_NEW":"78_CRESC"}},{"type":"Feature","id":715,"geometry":{"type":"Point","coordinates":[-95.54580178399993,41.46418439100006]},"properties":{"OBJECTID_12":715,"COUNTY":"Pottawattamie","DISTRICT_CODE":"MINDEN","PRECINCT":"Minden","POLLING_PLACE":"35 MINDEN UNITED CHURCH OF CHRIST","ADDR_LINE_1":"106 LINCOLN","CITY_1":"MINDEN","ZIP":"51553","House_Dist":22,"Senate_Dis":"11","Congressio":"3","SOSID_NEW":"78_MINDEN"}},{"type":"Feature","id":716,"geometry":{"type":"Point","coordinates":[-95.61744417199992,41.448878973000035]},"properties":{"OBJECTID_12":716,"COUNTY":"Pottawattamie","DISTRICT_CODE":"NEOLA","PRECINCT":"Neola","POLLING_PLACE":"36 NEOLA  AREA COMMUNITY CNTR","ADDR_LINE_1":"110 4TH ST","CITY_1":"NEOLA","ZIP":"51559","House_Dist":22,"Senate_Dis":"11","Congressio":"3","SOSID_NEW":"78_NEOLA"}},{"type":"Feature","id":717,"geometry":{"type":"Point","coordinates":[-95.40268888299994,41.30094646500004]},"properties":{"OBJECTID_12":717,"COUNTY":"Pottawattamie","DISTRICT_CODE":"OAKLAND","PRECINCT":"Oakland","POLLING_PLACE":"37 OAKLAND COMM CENTER","ADDR_LINE_1":"614 DR VAN ZEE RD","CITY_1":"OAKLAND","ZIP":"51560","House_Dist":22,"Senate_Dis":"11","Congressio":"3","SOSID_NEW":"78_OAKLAND"}},{"type":"Feature","id":718,"geometry":{"type":"Point","coordinates":[-95.42260762599994,41.23448033400007]},"properties":{"OBJECTID_12":718,"COUNTY":"Pottawattamie","DISTRICT_CODE":"CARSON","PRECINCT":"Carson","POLLING_PLACE":"26 CARSON COMMUNITY CENTER","ADDR_LINE_1":"316 S COMMERCIAL ST","CITY_1":"CARSON","ZIP":"51525","House_Dist":22,"Senate_Dis":"11","Congressio":"3","SOSID_NEW":"78_CARSON"}},{"type":"Feature","id":719,"geometry":{"type":"Point","coordinates":[-95.36234206199993,41.39108052500006]},"properties":{"OBJECTID_12":719,"COUNTY":"Pottawattamie","DISTRICT_CODE":"HANCOCK","PRECINCT":"Hancock","POLLING_PLACE":"30 HANCOCK FIRE HALL","ADDR_LINE_1":"WEST ENTRANCE","CITY_1":"HANCOCK","ZIP":"51536","House_Dist":22,"Senate_Dis":"11","Congressio":"3","SOSID_NEW":"78_HANCOCK"}},{"type":"Feature","id":720,"geometry":{"type":"Point","coordinates":[-95.4252603509999,41.19289806300009]},"properties":{"OBJECTID_12":720,"COUNTY":"Pottawattamie","DISTRICT_CODE":"MACEDON","PRECINCT":"Macedonia","POLLING_PLACE":"33 MACEDONIA CITY HALL","ADDR_LINE_1":"322 MAIN ST","CITY_1":"MACEDONIA","ZIP":"51549","House_Dist":22,"Senate_Dis":"11","Congressio":"3","SOSID_NEW":"78_MACEDON"}},{"type":"Feature","id":721,"geometry":{"type":"Point","coordinates":[-95.68167599999992,41.330570496000064]},"properties":{"OBJECTID_12":721,"COUNTY":"Pottawattamie","DISTRICT_CODE":"MCCLELL","PRECINCT":"McClelland","POLLING_PLACE":"34 MCCLELLAND TOWN HALL","ADDR_LINE_1":"117 MAIN ST","CITY_1":"MCCLELLAND","ZIP":"51548","House_Dist":22,"Senate_Dis":"11","Congressio":"3","SOSID_NEW":"78_MCCLELL"}},{"type":"Feature","id":722,"geometry":{"type":"Point","coordinates":[-95.78409959999993,41.23267843900004]},"properties":{"OBJECTID_12":722,"COUNTY":"Pottawattamie","DISTRICT_CODE":"LEWIS 1","PRECINCT":"Lewis 1","POLLING_PLACE":"31 FIRST CHRISTIAN CHURCH","ADDR_LINE_1":"20794 HWY 92","CITY_1":"COUNCIL BLUFFS","ZIP":"51503","House_Dist":22,"Senate_Dis":"11","Congressio":"3","SOSID_NEW":"78_LEWIS 1"}},{"type":"Feature","id":723,"geometry":{"type":"Point","coordinates":[-95.79913597799992,41.231929010000044]},"properties":{"OBJECTID_12":723,"COUNTY":"Pottawattamie","DISTRICT_CODE":"LEWIS 2","PRECINCT":"Lewis 2","POLLING_PLACE":"32 SALEM METHODIST CHURCH","ADDR_LINE_1":"14955 SOMERSET AVE","CITY_1":"COUNCIL BLUFFS","ZIP":"51503","House_Dist":22,"Senate_Dis":"11","Congressio":"3","SOSID_NEW":"78_LEWIS 2"}},{"type":"Feature","id":724,"geometry":{"type":"Point","coordinates":[-95.10409506899992,40.97825127600004]},"properties":{"OBJECTID_12":724,"COUNTY":"Montgomery","DISTRICT_CODE":"06","PRECINCT":"6 West Grant Scott Twp Coburg Stanton","POLLING_PLACE":"STANTON COMMUNITY","ADDR_LINE_1":"205 BROAD AVE","CITY_1":"STANTON","ZIP":"51573","House_Dist":24,"Senate_Dis":"12","Congressio":"3","SOSID_NEW":"69_06"}},{"type":"Feature","id":725,"geometry":{"type":"Point","coordinates":[-94.9772229059999,40.930357220000076]},"properties":{"OBJECTID_12":725,"COUNTY":"Montgomery","DISTRICT_CODE":"07","PRECINCT":"7 Scott East Twp Villisca","POLLING_PLACE":"VILLISCA COMMUNITY CENTER","ADDR_LINE_1":"207 S 3RD AVE","CITY_1":"VILLISCA","ZIP":"50864","House_Dist":24,"Senate_Dis":"12","Congressio":"3","SOSID_NEW":"69_07"}},{"type":"Feature","id":726,"geometry":{"type":"Point","coordinates":[-95.22681362299994,40.99826568700007]},"properties":{"OBJECTID_12":726,"COUNTY":"Montgomery","DISTRICT_CODE":"01","PRECINCT":"Ward1 Pilot Grove Frankfort Ro Twp","POLLING_PLACE":"GOLD FAIR BUILDING","ADDR_LINE_1":"FAIRGROUNDS","CITY_1":"RED OAK","ZIP":"51566","House_Dist":23,"Senate_Dis":"12","Congressio":"3","SOSID_NEW":"69_01"}},{"type":"Feature","id":727,"geometry":{"type":"Point","coordinates":[-95.23281071299994,41.02225214100008]},"properties":{"OBJECTID_12":727,"COUNTY":"Montgomery","DISTRICT_CODE":"02","PRECINCT":"Ward2 Sherman Ro Twp","POLLING_PLACE":"RED OAK FIRE DEPARTMENT","ADDR_LINE_1":"1904 N BROADWAY","CITY_1":"RED OAK","ZIP":"51566","House_Dist":23,"Senate_Dis":"12","Congressio":"3","SOSID_NEW":"69_02"}},{"type":"Feature","id":728,"geometry":{"type":"Point","coordinates":[-95.21116564999994,41.01622244200007]},"properties":{"OBJECTID_12":728,"COUNTY":"Montgomery","DISTRICT_CODE":"03","PRECINCT":"Ward3 Sherman Pilot Grove Frankfort Ro Twp","POLLING_PLACE":"RED OAK FIRST CHRISTIAN CHURCH","ADDR_LINE_1":"1909 E SUMMIT ST","CITY_1":"RED OAK","ZIP":"51566","House_Dist":23,"Senate_Dis":"12","Congressio":"3","SOSID_NEW":"69_03"}},{"type":"Feature","id":729,"geometry":{"type":"Point","coordinates":[-95.16259582099991,41.14928623000009]},"properties":{"OBJECTID_12":729,"COUNTY":"Montgomery","DISTRICT_CODE":"04","PRECINCT":"4 Grfld Lncln Sher Pilot Grove Twp Elliott","POLLING_PLACE":"ELLIOTT COMMUNITY BUILDING","ADDR_LINE_1":"403 MAIN ST","CITY_1":"ELLIOTT","ZIP":"51532","House_Dist":23,"Senate_Dis":"12","Congressio":"3","SOSID_NEW":"69_04"}},{"type":"Feature","id":730,"geometry":{"type":"Point","coordinates":[-94.98471462599991,41.14168975900009]},"properties":{"OBJECTID_12":730,"COUNTY":"Montgomery","DISTRICT_CODE":"05","PRECINCT":"5 Pilot Grove Frankfort Douglas Wash Twp Grant","POLLING_PLACE":"GRANT FIRE DEPARTMENT","ADDR_LINE_1":"106 U AVE","CITY_1":"GRANT","ZIP":"50847","House_Dist":23,"Senate_Dis":"12","Congressio":"3","SOSID_NEW":"69_05"}},{"type":"Feature","id":731,"geometry":{"type":"Point","coordinates":[-95.74254180499992,41.04635835100004]},"properties":{"OBJECTID_12":731,"COUNTY":"Mills","DISTRICT_CODE":"GW1","PRECINCT":"Glenwood 1","POLLING_PLACE":"MILLS COUNTY COURTHOUSE","ADDR_LINE_1":"418 SHARP ST","CITY_1":"GLENWOOD","ZIP":"51534","House_Dist":23,"Senate_Dis":"12","Congressio":"3","SOSID_NEW":"65_GW1"}},{"type":"Feature","id":732,"geometry":{"type":"Point","coordinates":[-95.74187687699992,41.04743316200006]},"properties":{"OBJECTID_12":732,"COUNTY":"Mills","DISTRICT_CODE":"GW2","PRECINCT":"Glenwood 2","POLLING_PLACE":"AMERICAN LEGION BLDG 2 WEST","ADDR_LINE_1":"1ST & VINE STREETS","CITY_1":"GLENWOOD","ZIP":"51534","House_Dist":23,"Senate_Dis":"12","Congressio":"3","SOSID_NEW":"65_GW2"}},{"type":"Feature","id":733,"geometry":{"type":"Point","coordinates":[-95.74571202099992,41.03596307500004]},"properties":{"OBJECTID_12":733,"COUNTY":"Mills","DISTRICT_CODE":"GWR","PRECINCT":"Glenwood Twp","POLLING_PLACE":"MILLS CO ENGINEER FACILITY","ADDR_LINE_1":"403 RAILROAD AVE","CITY_1":"GLENWOOD","ZIP":"51534","House_Dist":23,"Senate_Dis":"12","Congressio":"3","SOSID_NEW":"65_GWR"}},{"type":"Feature","id":734,"geometry":{"type":"Point","coordinates":[-93.60641334799993,41.52528116600007]},"properties":{"OBJECTID_12":734,"COUNTY":"Polk","DISTRICT_CODE":"DM 076","PRECINCT":"Des Moines 076","POLLING_PLACE":"076 CHRIST LUTHERAN CHURCH","ADDR_LINE_1":"6411 SE 5TH ST.","CITY_1":"DES MOINES","ZIP":"50315","House_Dist":34,"Senate_Dis":"17","Congressio":"3","SOSID_NEW":"77_DM 076"}},{"type":"Feature","id":735,"geometry":{"type":"Point","coordinates":[-93.61994518599994,41.62874442200007]},"properties":{"OBJECTID_12":735,"COUNTY":"Polk","DISTRICT_CODE":"DM 005","PRECINCT":"Des Moines 005","POLLING_PLACE":"005 HIGHLAND PARK AMERICAN LEGION POST 374","ADDR_LINE_1":"3712 2ND AVE.","CITY_1":"DES MOINES","ZIP":"50316","House_Dist":35,"Senate_Dis":"18","Congressio":"3","SOSID_NEW":"77_DM 005"}},{"type":"Feature","id":736,"geometry":{"type":"Point","coordinates":[-93.61140410699994,41.63518041300006]},"properties":{"OBJECTID_12":736,"COUNTY":"Polk","DISTRICT_CODE":"DM 006","PRECINCT":"Des Moines 006","POLLING_PLACE":"006 TRUE BIBLE BAPTIST CHURCH","ADDR_LINE_1":"4101 AMHERST ST.","CITY_1":"DES MOINES","ZIP":"50313","House_Dist":35,"Senate_Dis":"18","Congressio":"3","SOSID_NEW":"77_DM 006"}},{"type":"Feature","id":737,"geometry":{"type":"Point","coordinates":[-93.62197071399993,41.62772807600004]},"properties":{"OBJECTID_12":737,"COUNTY":"Polk","DISTRICT_CODE":"DM 019","PRECINCT":"Des Moines 019","POLLING_PLACE":"019 HIGHLAND PARK PRESBYTERIAN CHURCH","ADDR_LINE_1":"321 EUCLID AVE.","CITY_1":"DES MOINES","ZIP":"50313","House_Dist":35,"Senate_Dis":"18","Congressio":"3","SOSID_NEW":"77_DM 019"}},{"type":"Feature","id":738,"geometry":{"type":"Point","coordinates":[-93.6477695079999,41.62772807600004]},"properties":{"OBJECTID_12":738,"COUNTY":"Polk","DISTRICT_CODE":"DM 008","PRECINCT":"Des Moines 008","POLLING_PLACE":"008 POLK COUNTY RIVER PLACE","ADDR_LINE_1":"2309 EUCLID AVE.","CITY_1":"DES MOINES","ZIP":"50310","House_Dist":35,"Senate_Dis":"18","Congressio":"3","SOSID_NEW":"77_DM 008"}},{"type":"Feature","id":739,"geometry":{"type":"Point","coordinates":[-93.6477695079999,41.62772807600004]},"properties":{"OBJECTID_12":739,"COUNTY":"Polk","DISTRICT_CODE":"DM 017","PRECINCT":"Des Moines 017","POLLING_PLACE":"017 POLK COUNTY RIVER PLACE","ADDR_LINE_1":"2309 EUCLID AVE.","CITY_1":"DES MOINES","ZIP":"50310","House_Dist":35,"Senate_Dis":"18","Congressio":"3","SOSID_NEW":"77_DM 017"}},{"type":"Feature","id":740,"geometry":{"type":"Point","coordinates":[-93.65300220699993,41.62768801500005]},"properties":{"OBJECTID_12":740,"COUNTY":"Polk","DISTRICT_CODE":"DM 024","PRECINCT":"Des Moines 024","POLLING_PLACE":"024 PRINCE OF PEACE LUTHERAN CHURCH","ADDR_LINE_1":"2600 E. EUCLID AVE.","CITY_1":"DES MOINES","ZIP":"50310","House_Dist":35,"Senate_Dis":"18","Congressio":"3","SOSID_NEW":"77_DM 024"}},{"type":"Feature","id":741,"geometry":{"type":"Point","coordinates":[-93.61998699899993,41.623420313000054]},"properties":{"OBJECTID_12":741,"COUNTY":"Polk","DISTRICT_CODE":"DM 020","PRECINCT":"Des Moines 020","POLLING_PLACE":"020 MOUNT OLIVE MISSIONARY BAPTIST CHURCH","ADDR_LINE_1":"3100 2ND AVE.","CITY_1":"DES MOINES","ZIP":"50313","House_Dist":35,"Senate_Dis":"18","Congressio":"3","SOSID_NEW":"77_DM 020"}},{"type":"Feature","id":742,"geometry":{"type":"Point","coordinates":[-93.6317843949999,41.60832099600009]},"properties":{"OBJECTID_12":742,"COUNTY":"Polk","DISTRICT_CODE":"DM 018","PRECINCT":"Des Moines 018","POLLING_PLACE":"018 JOHN R. GRUBB YMCA","ADDR_LINE_1":"1611 11TH ST.","CITY_1":"DES MOINES","ZIP":"50314","House_Dist":35,"Senate_Dis":"18","Congressio":"3","SOSID_NEW":"77_DM 018"}},{"type":"Feature","id":743,"geometry":{"type":"Point","coordinates":[-93.6317843949999,41.60832099600009]},"properties":{"OBJECTID_12":743,"COUNTY":"Polk","DISTRICT_CODE":"DM 035","PRECINCT":"Des Moines 035","POLLING_PLACE":"035 JOHN R. GRUBB YMCA","ADDR_LINE_1":"1611 11TH ST.","CITY_1":"DES MOINES","ZIP":"50314","House_Dist":35,"Senate_Dis":"18","Congressio":"3","SOSID_NEW":"77_DM 035"}},{"type":"Feature","id":744,"geometry":{"type":"Point","coordinates":[-93.70254780099992,41.61515910400004]},"properties":{"OBJECTID_12":744,"COUNTY":"Polk","DISTRICT_CODE":"DM 013","PRECINCT":"Des Moines 013","POLLING_PLACE":"013 WESTOVER BAPTIST CHURCH","ADDR_LINE_1":"2330 62ND ST.","CITY_1":"DES MOINES","ZIP":"50322","House_Dist":36,"Senate_Dis":"18","Congressio":"3","SOSID_NEW":"77_DM 013"}},{"type":"Feature","id":745,"geometry":{"type":"Point","coordinates":[-93.6900475939999,41.62273964800005]},"properties":{"OBJECTID_12":745,"COUNTY":"Polk","DISTRICT_CODE":"DM 014","PRECINCT":"Des Moines 014","POLLING_PLACE":"014 GRACE LUTHERAN CHURCH","ADDR_LINE_1":"3010 52ND ST.","CITY_1":"DES MOINES","ZIP":"50310","House_Dist":36,"Senate_Dis":"18","Congressio":"3","SOSID_NEW":"77_DM 014"}},{"type":"Feature","id":746,"geometry":{"type":"Point","coordinates":[-93.6743515309999,41.62069765600006]},"properties":{"OBJECTID_12":746,"COUNTY":"Polk","DISTRICT_CODE":"DM 016","PRECINCT":"Des Moines 016","POLLING_PLACE":"016 ACANTHUS LODGE #632","ADDR_LINE_1":"4133 URBANDALE AVE.","CITY_1":"DES MOINES","ZIP":"50310","House_Dist":36,"Senate_Dis":"18","Congressio":"3","SOSID_NEW":"77_DM 016"}},{"type":"Feature","id":747,"geometry":{"type":"Point","coordinates":[-93.66424996599994,41.60401323200006]},"properties":{"OBJECTID_12":747,"COUNTY":"Polk","DISTRICT_CODE":"DM 040","PRECINCT":"Des Moines 040","POLLING_PLACE":"040 ST LUKES EPISCOPAL CHURCH","ADDR_LINE_1":"3424 FOREST AVE.","CITY_1":"DES MOINES","ZIP":"50311","House_Dist":36,"Senate_Dis":"18","Congressio":"3","SOSID_NEW":"77_DM 040"}},{"type":"Feature","id":748,"geometry":{"type":"Point","coordinates":[-93.67310675499994,41.61424067300004]},"properties":{"OBJECTID_12":748,"COUNTY":"Polk","DISTRICT_CODE":"DM 039","PRECINCT":"Des Moines 039","POLLING_PLACE":"039 FIRST CHURCH OF THE OPEN BIBLE","ADDR_LINE_1":"2200 BEAVER AVE.","CITY_1":"DES MOINES","ZIP":"50310","House_Dist":36,"Senate_Dis":"18","Congressio":"3","SOSID_NEW":"77_DM 039"}},{"type":"Feature","id":749,"geometry":{"type":"Point","coordinates":[-93.67469069799995,41.614852572000075]},"properties":{"OBJECTID_12":749,"COUNTY":"Polk","DISTRICT_CODE":"DM 041","PRECINCT":"Des Moines 041","POLLING_PLACE":"041 CALVIN COMMUNITY","ADDR_LINE_1":"4210 HICKMAN RD.","CITY_1":"DES MOINES","ZIP":"50310","House_Dist":36,"Senate_Dis":"18","Congressio":"3","SOSID_NEW":"77_DM 041"}},{"type":"Feature","id":750,"geometry":{"type":"Point","coordinates":[-93.6964017599999,41.61122880000005]},"properties":{"OBJECTID_12":750,"COUNTY":"Polk","DISTRICT_CODE":"DM 042","PRECINCT":"Des Moines 042","POLLING_PLACE":"042 CHRIST UNITED METHODIST CHURCH","ADDR_LINE_1":"5723 FRANKLIN AVE.","CITY_1":"DES MOINES","ZIP":"50311","House_Dist":36,"Senate_Dis":"18","Congressio":"3","SOSID_NEW":"77_DM 042"}},{"type":"Feature","id":751,"geometry":{"type":"Point","coordinates":[-93.68849045899992,41.64398358800008]},"properties":{"OBJECTID_12":751,"COUNTY":"Polk","DISTRICT_CODE":"WB 1","PRECINCT":"Webster 1 (155)","POLLING_PLACE":"155 MEREDITH DRIVE REFORMED CHURCH","ADDR_LINE_1":"5128  MEREDITH DR","CITY_1":"DES MOINES","ZIP":"50310","House_Dist":36,"Senate_Dis":"18","Congressio":"3","SOSID_NEW":"77_WB 1"}},{"type":"Feature","id":752,"geometry":{"type":"Point","coordinates":[-95.89650906199995,41.26456624000008]},"properties":{"OBJECTID_12":752,"COUNTY":"Pottawattamie","DISTRICT_CODE":"CB 02","PRECINCT":"Council Bluffs 02","POLLING_PLACE":"02 DODGE MEMORIAL CHURCH","ADDR_LINE_1":"3200 AVE C","CITY_1":"COUNCIL BLUFFS","ZIP":"51501","House_Dist":15,"Senate_Dis":"8","Congressio":"3","SOSID_NEW":"78_CB 02"}},{"type":"Feature","id":753,"geometry":{"type":"Point","coordinates":[-95.88486000199993,41.26621279200003]},"properties":{"OBJECTID_12":753,"COUNTY":"Pottawattamie","DISTRICT_CODE":"CB 03","PRECINCT":"Council Bluffs 03","POLLING_PLACE":"03 PEACE CHURCH BRETHREN","ADDR_LINE_1":"2605 AVENUE E","CITY_1":"COUNCIL BLUFFS","ZIP":"51501","House_Dist":15,"Senate_Dis":"8","Congressio":"3","SOSID_NEW":"78_CB 03"}},{"type":"Feature","id":754,"geometry":{"type":"Point","coordinates":[-95.88128068899994,41.26366263300008]},"properties":{"OBJECTID_12":754,"COUNTY":"Pottawattamie","DISTRICT_CODE":"CB 04","PRECINCT":"Council Bluffs 04","POLLING_PLACE":"04 EPWORTH METH","ADDR_LINE_1":"2447 AVE B","CITY_1":"COUNCIL BLUFFS","ZIP":"51501","House_Dist":15,"Senate_Dis":"8","Congressio":"3","SOSID_NEW":"78_CB 04"}},{"type":"Feature","id":755,"geometry":{"type":"Point","coordinates":[-95.88128068899994,41.26366263300008]},"properties":{"OBJECTID_12":755,"COUNTY":"Pottawattamie","DISTRICT_CODE":"CB 05","PRECINCT":"Council Bluffs 05","POLLING_PLACE":"05 EPWORTH METH","ADDR_LINE_1":"2447 AVE B","CITY_1":"COUNCIL BLUFFS","ZIP":"51501","House_Dist":15,"Senate_Dis":"8","Congressio":"3","SOSID_NEW":"78_CB 05"}},{"type":"Feature","id":756,"geometry":{"type":"Point","coordinates":[-95.84658081599991,41.26407639300004]},"properties":{"OBJECTID_12":756,"COUNTY":"Pottawattamie","DISTRICT_CODE":"CB 07","PRECINCT":"Council Bluffs 07","POLLING_PLACE":"07 COMMUNITY OF CHRIST CHURCH","ADDR_LINE_1":"140 W KANESVILLE BLVD","CITY_1":"COUNCIL BLUFFS","ZIP":"51503","House_Dist":15,"Senate_Dis":"8","Congressio":"3","SOSID_NEW":"78_CB 07"}},{"type":"Feature","id":757,"geometry":{"type":"Point","coordinates":[-95.89886023299994,41.25802850700006]},"properties":{"OBJECTID_12":757,"COUNTY":"Pottawattamie","DISTRICT_CODE":"CB 16","PRECINCT":"Council Bluffs 16","POLLING_PLACE":"16 QUEEN OF APOSTLES CHURCH","ADDR_LINE_1":"3304 4TH AVE","CITY_1":"COUNCIL BLUFFS","ZIP":"51501","House_Dist":15,"Senate_Dis":"8","Congressio":"3","SOSID_NEW":"78_CB 16"}},{"type":"Feature","id":758,"geometry":{"type":"Point","coordinates":[-95.89886023299994,41.25802850700006]},"properties":{"OBJECTID_12":758,"COUNTY":"Pottawattamie","DISTRICT_CODE":"CB 17","PRECINCT":"Council Bluffs 17","POLLING_PLACE":"17 QUEEN OF APOSTLES CHURCH","ADDR_LINE_1":"3304 4TH AVE","CITY_1":"COUNCIL BLUFFS","ZIP":"51501","House_Dist":15,"Senate_Dis":"8","Congressio":"3","SOSID_NEW":"78_CB 17"}},{"type":"Feature","id":759,"geometry":{"type":"Point","coordinates":[-91.59379392099993,42.02297118900009]},"properties":{"OBJECTID_12":759,"COUNTY":"Linn","DISTRICT_CODE":"MR04","PRECINCT":"Marion 04","POLLING_PLACE":"MR04-MARION SCHOOL ADMIN BLDG","ADDR_LINE_1":"777   S 15TH ST","CITY_1":"MARION","ZIP":"52302","House_Dist":68,"Senate_Dis":"34","Congressio":"1","SOSID_NEW":"57_MR04"}},{"type":"Feature","id":760,"geometry":{"type":"Point","coordinates":[-91.57432972999993,42.05044833200009]},"properties":{"OBJECTID_12":760,"COUNTY":"Linn","DISTRICT_CODE":"MR05","PRECINCT":"Marion 05","POLLING_PLACE":"MR05-LUTHERAN CHURCH OF THE RESURRECTION","ADDR_LINE_1":"3500 29TH AVE","CITY_1":"MARION","ZIP":"52302","House_Dist":68,"Senate_Dis":"34","Congressio":"1","SOSID_NEW":"57_MR05"}},{"type":"Feature","id":761,"geometry":{"type":"Point","coordinates":[-91.58152798399993,42.03890152100007]},"properties":{"OBJECTID_12":761,"COUNTY":"Linn","DISTRICT_CODE":"MR06","PRECINCT":"Marion 06","POLLING_PLACE":"MR06-FIRST BAPTIST CHURCH OF MARION","ADDR_LINE_1":"1260   29TH ST","CITY_1":"MARION","ZIP":"52302","House_Dist":68,"Senate_Dis":"34","Congressio":"1","SOSID_NEW":"57_MR06"}},{"type":"Feature","id":762,"geometry":{"type":"Point","coordinates":[-91.58353384399993,42.03519050400007]},"properties":{"OBJECTID_12":762,"COUNTY":"Linn","DISTRICT_CODE":"MR07","PRECINCT":"Marion 07","POLLING_PLACE":"MR07-ST. PAUL'S LUTHERAN CHURCH","ADDR_LINE_1":"915 27TH ST","CITY_1":"MARION","ZIP":"52302","House_Dist":68,"Senate_Dis":"34","Congressio":"1","SOSID_NEW":"57_MR07"}},{"type":"Feature","id":763,"geometry":{"type":"Point","coordinates":[-91.56304749299994,42.03904021800008]},"properties":{"OBJECTID_12":763,"COUNTY":"Linn","DISTRICT_CODE":"MR08","PRECINCT":"Marion 08","POLLING_PLACE":"MR08-SQUAW CREEK BAPTIST CHURCH","ADDR_LINE_1":"1410   44TH ST","CITY_1":"MARION","ZIP":"52302","House_Dist":68,"Senate_Dis":"34","Congressio":"1","SOSID_NEW":"57_MR08"}},{"type":"Feature","id":764,"geometry":{"type":"Point","coordinates":[-91.55200069099993,42.042937718000076]},"properties":{"OBJECTID_12":764,"COUNTY":"Linn","DISTRICT_CODE":"TMAR","PRECINCT":"Marion Township","POLLING_PLACE":"TMAR-KNIGHTS OF COLUMBUS HALL COUNCIL 5390","ADDR_LINE_1":"5650   KACENA AVE","CITY_1":"MARION","ZIP":"52302","House_Dist":68,"Senate_Dis":"34","Congressio":"1","SOSID_NEW":"57_TMAR"}},{"type":"Feature","id":765,"geometry":{"type":"Point","coordinates":[-91.58786025599994,42.020388395000055]},"properties":{"OBJECTID_12":765,"COUNTY":"Linn","DISTRICT_CODE":"MR09","PRECINCT":"Marion 09","POLLING_PLACE":"MR09-ASCENSION CHURCH","ADDR_LINE_1":"2210 GRAND AVE","CITY_1":"MARION","ZIP":"52302","House_Dist":68,"Senate_Dis":"34","Congressio":"1","SOSID_NEW":"57_MR09"}},{"type":"Feature","id":766,"geometry":{"type":"Point","coordinates":[-91.5694529029999,42.03565266600003]},"properties":{"OBJECTID_12":766,"COUNTY":"Linn","DISTRICT_CODE":"MR10","PRECINCT":"Marion 10","POLLING_PLACE":"MR10-MARION FIRE DEPT HQ","ADDR_LINE_1":"3933   KATZ DR","CITY_1":"MARION","ZIP":"52302","House_Dist":68,"Senate_Dis":"34","Congressio":"1","SOSID_NEW":"57_MR10"}},{"type":"Feature","id":767,"geometry":{"type":"Point","coordinates":[-91.69701211799992,42.103307631000064]},"properties":{"OBJECTID_12":767,"COUNTY":"Linn","DISTRICT_CODE":"HIA04","PRECINCT":"Hiawatha 04","POLLING_PLACE":"HIA04-KING OF KINGS LUTHERAN CHURCH","ADDR_LINE_1":"3275 N CENTER POINT RD","CITY_1":"ROBINS","ZIP":"52328","House_Dist":67,"Senate_Dis":"34","Congressio":"1","SOSID_NEW":"57_HIA04"}},{"type":"Feature","id":768,"geometry":{"type":"Point","coordinates":[-91.66717741499991,42.07064213800004]},"properties":{"OBJECTID_12":768,"COUNTY":"Linn","DISTRICT_CODE":"ROB","PRECINCT":"Robins","POLLING_PLACE":"ROB-ROBINS COMMUNITY CENTER","ADDR_LINE_1":"265  S 2ND ST","CITY_1":"ROBINS","ZIP":"52328","House_Dist":67,"Senate_Dis":"34","Congressio":"1","SOSID_NEW":"57_ROB"}},{"type":"Feature","id":769,"geometry":{"type":"Point","coordinates":[-91.69701211799992,42.103307631000064]},"properties":{"OBJECTID_12":769,"COUNTY":"Linn","DISTRICT_CODE":"TMON1","PRECINCT":"Monroe Township 01","POLLING_PLACE":"TMON1-KING OF KINGS LUTHERAN CHURCH","ADDR_LINE_1":"3275  N CENTER POINT RD","CITY_1":"ROBINS","ZIP":"52328","House_Dist":67,"Senate_Dis":"34","Congressio":"1","SOSID_NEW":"57_TMON1"}},{"type":"Feature","id":770,"geometry":{"type":"Point","coordinates":[-91.69364142099994,42.03472855200005]},"properties":{"OBJECTID_12":770,"COUNTY":"Linn","DISTRICT_CODE":"CR11","PRECINCT":"Cedar Rapids 11","POLLING_PLACE":"11-COMMUNITY OF CHRIST","ADDR_LINE_1":"1500 BLAIRSFERRY RD","CITY_1":"HIAWATHA","ZIP":"52233","House_Dist":67,"Senate_Dis":"34","Congressio":"1","SOSID_NEW":"57_CR11"}},{"type":"Feature","id":771,"geometry":{"type":"Point","coordinates":[-91.68151797799993,42.036840881000046]},"properties":{"OBJECTID_12":771,"COUNTY":"Linn","DISTRICT_CODE":"HIA01","PRECINCT":"Hiawatha 01","POLLING_PLACE":"HIA01-HOPE UNITED CHURCH OF CHRIST","ADDR_LINE_1":"150   9TH AVE","CITY_1":"HIAWATHA","ZIP":"52233","House_Dist":67,"Senate_Dis":"34","Congressio":"1","SOSID_NEW":"57_HIA01"}},{"type":"Feature","id":772,"geometry":{"type":"Point","coordinates":[-95.46089730199992,41.02628109700004]},"properties":{"OBJECTID_12":772,"COUNTY":"Mills","DISTRICT_CODE":"DR","PRECINCT":"Deer Creek White Cloud","POLLING_PLACE":"INDIAN CREEK MUSEUM - DR","ADDR_LINE_1":"59256 380TH ST","CITY_1":"HASTINGS","ZIP":"51540","House_Dist":23,"Senate_Dis":"12","Congressio":"3","SOSID_NEW":"65_DR"}},{"type":"Feature","id":773,"geometry":{"type":"Point","coordinates":[-95.46089730199992,41.02628109700004]},"properties":{"OBJECTID_12":773,"COUNTY":"Mills","DISTRICT_CODE":"EM","PRECINCT":"Emerson Hastings Ind Crk Twp","POLLING_PLACE":"INDIAN CREEK MUSEUM - EM","ADDR_LINE_1":"59256 380TH ST","CITY_1":"HASTINGS","ZIP":"51540","House_Dist":23,"Senate_Dis":"12","Congressio":"3","SOSID_NEW":"65_EM"}},{"type":"Feature","id":774,"geometry":{"type":"Point","coordinates":[-95.7257997779999,41.05188482500006]},"properties":{"OBJECTID_12":774,"COUNTY":"Mills","DISTRICT_CODE":"GW3","PRECINCT":"Glenwood 3","POLLING_PLACE":"AMERICAN LEGION BLDG 3 EAST","ADDR_LINE_1":"1ST & VINE STREETS","CITY_1":"GLENWOOD","ZIP":"51534","House_Dist":23,"Senate_Dis":"12","Congressio":"3","SOSID_NEW":"65_GW3"}},{"type":"Feature","id":775,"geometry":{"type":"Point","coordinates":[-95.43053083399991,41.139763154000036]},"properties":{"OBJECTID_12":775,"COUNTY":"Mills","DISTRICT_CODE":"HN","PRECINCT":"Henderson Anderson Twp","POLLING_PLACE":"HENDERSON CITY HALL","ADDR_LINE_1":"310 MAPLE STREET","CITY_1":"HENDERSON","ZIP":"51541","House_Dist":23,"Senate_Dis":"12","Congressio":"3","SOSID_NEW":"65_HN"}},{"type":"Feature","id":776,"geometry":{"type":"Point","coordinates":[-95.58512526099992,41.00345808800006]},"properties":{"OBJECTID_12":776,"COUNTY":"Mills","DISTRICT_CODE":"MV","PRECINCT":"Malvern Tabor Sil/Cen/Raw","POLLING_PLACE":"MALVERN PUBLIC LIBRARY","ADDR_LINE_1":"502 MAIN ST","CITY_1":"MALVERN","ZIP":"51551","House_Dist":23,"Senate_Dis":"12","Congressio":"3","SOSID_NEW":"65_MV"}},{"type":"Feature","id":777,"geometry":{"type":"Point","coordinates":[-95.69301068499993,41.14314316400004]},"properties":{"OBJECTID_12":777,"COUNTY":"Mills","DISTRICT_CODE":"OK","PRECINCT":"Oak Saint Mary Twp","POLLING_PLACE":"ST. JOHN LUTHERAN CHURCH","ADDR_LINE_1":"603 MAIN ST","CITY_1":"MINEOLA","ZIP":"51554","House_Dist":23,"Senate_Dis":"12","Congressio":"3","SOSID_NEW":"65_OK"}},{"type":"Feature","id":778,"geometry":{"type":"Point","coordinates":[-95.80045889399992,41.01853050700004]},"properties":{"OBJECTID_12":778,"COUNTY":"Mills","DISTRICT_CODE":"PJ","PRECINCT":"Pacific Junction Ly/Platt","POLLING_PLACE":"PACIFIC JCT COMMUNITY CENTER","ADDR_LINE_1":"407 LINCOLN","CITY_1":"PACIFIC JCT","ZIP":"51561","House_Dist":23,"Senate_Dis":"12","Congressio":"3","SOSID_NEW":"65_PJ"}},{"type":"Feature","id":779,"geometry":{"type":"Point","coordinates":[-95.63739438399995,41.112710261000075]},"properties":{"OBJECTID_12":779,"COUNTY":"Mills","DISTRICT_CODE":"SV","PRECINCT":"Silver City Ingraham Twp","POLLING_PLACE":"SILVER CITY AMERICAN LEGION","ADDR_LINE_1":"403 MAIN ST","CITY_1":"SILVER CITY","ZIP":"51571","House_Dist":23,"Senate_Dis":"12","Congressio":"3","SOSID_NEW":"65_SV"}},{"type":"Feature","id":780,"geometry":{"type":"Point","coordinates":[-94.01079807699995,41.33542494500006]},"properties":{"OBJECTID_12":780,"COUNTY":"Madison","DISTRICT_CODE":"WT2","PRECINCT":"Wt2","POLLING_PLACE":"WT.UNITED METHODIST CHURCH","ADDR_LINE_1":"304 E JEFFERSON ST.","CITY_1":"WINTERSET","ZIP":"50273","House_Dist":25,"Senate_Dis":"13","Congressio":"3","SOSID_NEW":"61_WT2"}},{"type":"Feature","id":781,"geometry":{"type":"Point","coordinates":[-94.0157098869999,41.33755247700009]},"properties":{"OBJECTID_12":781,"COUNTY":"Madison","DISTRICT_CODE":"WT1","PRECINCT":"Wt1","POLLING_PLACE":"NORTH WARD PLAZA","ADDR_LINE_1":"415 N 2ND AVE","CITY_1":"WINTERSET","ZIP":"50273","House_Dist":25,"Senate_Dis":"13","Congressio":"3","SOSID_NEW":"61_WT1"}},{"type":"Feature","id":782,"geometry":{"type":"Point","coordinates":[-94.1222400339999,41.49154284600007]},"properties":{"OBJECTID_12":782,"COUNTY":"Madison","DISTRICT_CODE":"PM","PRECINCT":"Penn-Mad","POLLING_PLACE":"EARLHAM COMMUNITY CTR","ADDR_LINE_1":"150 E 1ST ST","CITY_1":"EARLHAM","ZIP":"50072","House_Dist":25,"Senate_Dis":"13","Congressio":"3","SOSID_NEW":"61_PM"}},{"type":"Feature","id":783,"geometry":{"type":"Point","coordinates":[-93.87332099899993,41.476301222000075]},"properties":{"OBJECTID_12":783,"COUNTY":"Madison","DISTRICT_CODE":"JL","PRECINCT":"Jeff-Lee","POLLING_PLACE":"LEE TOWNSHIP SCHOOL","ADDR_LINE_1":"2933 120TH ST","CITY_1":"VAN METER","ZIP":"50261","House_Dist":25,"Senate_Dis":"13","Congressio":"3","SOSID_NEW":"61_JL"}},{"type":"Feature","id":784,"geometry":{"type":"Point","coordinates":[-94.02874826499993,41.33022817500006]},"properties":{"OBJECTID_12":784,"COUNTY":"Madison","DISTRICT_CODE":"JDL","PRECINCT":"Jack-Doug-Linc","POLLING_PLACE":"JACKSON BLDG (N END)","ADDR_LINE_1":"1146 W. SUMMIT","CITY_1":"WINTERSET","ZIP":"50273","House_Dist":25,"Senate_Dis":"13","Congressio":"3","SOSID_NEW":"61_JDL"}},{"type":"Feature","id":785,"geometry":{"type":"Point","coordinates":[-94.02874826499993,41.33022817500006]},"properties":{"OBJECTID_12":785,"COUNTY":"Madison","DISTRICT_CODE":"UCS","PRECINCT":"Union-Craw-Scott","POLLING_PLACE":"JACKSON BLDG (S END)","ADDR_LINE_1":"1146 W SUMMIT ST","CITY_1":"WINTERSET","ZIP":"50273","House_Dist":25,"Senate_Dis":"13","Congressio":"3","SOSID_NEW":"61_UCS"}},{"type":"Feature","id":786,"geometry":{"type":"Point","coordinates":[-93.80889865099994,41.28849778000006]},"properties":{"OBJECTID_12":786,"COUNTY":"Madison","DISTRICT_CODE":"South","PRECINCT":"South","POLLING_PLACE":"ST. CHARLES PARISH HALL","ADDR_LINE_1":"305 W MAIN ST","CITY_1":"ST CHARLES","ZIP":"50273","House_Dist":25,"Senate_Dis":"13","Congressio":"3","SOSID_NEW":"61_South"}},{"type":"Feature","id":787,"geometry":{"type":"Point","coordinates":[-94.18518622199991,41.21397753000008]},"properties":{"OBJECTID_12":787,"COUNTY":"Madison","DISTRICT_CODE":"GMW","PRECINCT":"GrandR-Monro-Webst","POLLING_PLACE":"WRC","ADDR_LINE_1":"110 W SOUTH ST.","CITY_1":"MACKSBURG","ZIP":"50155","House_Dist":25,"Senate_Dis":"13","Congressio":"3","SOSID_NEW":"61_GMW"}},{"type":"Feature","id":788,"geometry":{"type":"Point","coordinates":[-93.84286651699995,41.20792106500005]},"properties":{"OBJECTID_12":788,"COUNTY":"Madison","DISTRICT_CODE":"WO","PRECINCT":"Walnut-Ohio","POLLING_PLACE":"TRURO COMMUNITY CENTER","ADDR_LINE_1":"100 S. RAILROAD","CITY_1":"TRURO","ZIP":"50257","House_Dist":25,"Senate_Dis":"13","Congressio":"3","SOSID_NEW":"61_WO"}},{"type":"Feature","id":789,"geometry":{"type":"Point","coordinates":[-93.48515027699995,41.644043030000034]},"properties":{"OBJECTID_12":789,"COUNTY":"Polk","DISTRICT_CODE":"ALT 3","PRECINCT":"Altoona 3 (89)","POLLING_PLACE":"089 ADVENTURE LIFE REFORMED CHURCH","ADDR_LINE_1":"1700 8TH STREET, SW","CITY_1":"ALTOONA","ZIP":"50009","House_Dist":30,"Senate_Dis":"15","Congressio":"3","SOSID_NEW":"77_ALT 3"}},{"type":"Feature","id":790,"geometry":{"type":"Point","coordinates":[-93.48198209399993,41.64405239700005]},"properties":{"OBJECTID_12":790,"COUNTY":"Polk","DISTRICT_CODE":"ALT 2","PRECINCT":"Altoona 2 (88)","POLLING_PLACE":"088 ALTOONA CAMPUS","ADDR_LINE_1":"1500 8TH ST., SW","CITY_1":"ALTOONA","ZIP":"50009","House_Dist":30,"Senate_Dis":"15","Congressio":"3","SOSID_NEW":"77_ALT 2"}},{"type":"Feature","id":791,"geometry":{"type":"Point","coordinates":[-93.46039112799991,41.644088485000054]},"properties":{"OBJECTID_12":791,"COUNTY":"Polk","DISTRICT_CODE":"ALT 1","PRECINCT":"Altoona 1 (87)","POLLING_PLACE":"087 ALTOONA CITY HALL","ADDR_LINE_1":"407 8TH ST SE","CITY_1":"ALTOONA","ZIP":"50009","House_Dist":30,"Senate_Dis":"15","Congressio":"3","SOSID_NEW":"77_ALT 1"}},{"type":"Feature","id":792,"geometry":{"type":"Point","coordinates":[-93.46457280999994,41.63719043000009]},"properties":{"OBJECTID_12":792,"COUNTY":"Polk","DISTRICT_CODE":"ALT 4","PRECINCT":"Altoona 4 (90)","POLLING_PLACE":"090 SS JOHN & PAUL CATHOLIC FD CENTER","ADDR_LINE_1":"1401 1ST AVENUE, S.","CITY_1":"ALTOONA","ZIP":"50009","House_Dist":30,"Senate_Dis":"15","Congressio":"3","SOSID_NEW":"77_ALT 4"}},{"type":"Feature","id":793,"geometry":{"type":"Point","coordinates":[-93.46464898099993,41.63700219700007]},"properties":{"OBJECTID_12":793,"COUNTY":"Polk","DISTRICT_CODE":"ALT 5","PRECINCT":"Altoona 5 (91)","POLLING_PLACE":"091 ALTOONA CHRISTIAN CHURCH","ADDR_LINE_1":"2890 1ST AVENUE, S.","CITY_1":"ALTOONA","ZIP":"50009","House_Dist":30,"Senate_Dis":"15","Congressio":"3","SOSID_NEW":"77_ALT 5"}},{"type":"Feature","id":794,"geometry":{"type":"Point","coordinates":[-93.46464898099993,41.63700219700007]},"properties":{"OBJECTID_12":794,"COUNTY":"Polk","DISTRICT_CODE":"CLAY 1","PRECINCT":"Clay 1 (109)","POLLING_PLACE":"109 ALTOONA CHRISTIAN CHURCH","ADDR_LINE_1":"2890 1ST AVENUE, S","CITY_1":"ALTOONA","ZIP":"50009","House_Dist":30,"Senate_Dis":"15","Congressio":"3","SOSID_NEW":"77_CLAY 1"}},{"type":"Feature","id":795,"geometry":{"type":"Point","coordinates":[-93.4987025449999,41.52205373800007]},"properties":{"OBJECTID_12":795,"COUNTY":"Polk","DISTRICT_CODE":"ALLEN 1","PRECINCT":"Allen 1(86)","POLLING_PLACE":"086 CLEARWATER LAKE CLUBHOUSE","ADDR_LINE_1":"5701 SE 66TH PL","CITY_1":"CARLISLE","ZIP":"50047","House_Dist":30,"Senate_Dis":"15","Congressio":"3","SOSID_NEW":"77_ALLEN 1"}},{"type":"Feature","id":796,"geometry":{"type":"Point","coordinates":[-93.5269376789999,41.792899797000075]},"properties":{"OBJECTID_12":796,"COUNTY":"Polk","DISTRICT_CODE":"ELKHART","PRECINCT":"Elkhart 1 (119)","POLLING_PLACE":"119 ELKHART VETERANS MEMORIAL COMMUNITY CENTER","ADDR_LINE_1":"264 NW GARFIELD AVE.","CITY_1":"ELKHART","ZIP":"50073","House_Dist":30,"Senate_Dis":"15","Congressio":"3","SOSID_NEW":"77_ELKHART"}},{"type":"Feature","id":797,"geometry":{"type":"Point","coordinates":[-93.35808358399993,41.66870169500004]},"properties":{"OBJECTID_12":797,"COUNTY":"Polk","DISTRICT_CODE":"MITCHEL","PRECINCT":"Mitchellville 1 (134)","POLLING_PLACE":"134 MITCHELLVILLE CITY HALL","ADDR_LINE_1":"204 CENTER AVENUE, NORTH","CITY_1":"MITCHELLVILLE","ZIP":"50169","House_Dist":30,"Senate_Dis":"15","Congressio":"3","SOSID_NEW":"77_MITCHEL"}},{"type":"Feature","id":798,"geometry":{"type":"Point","coordinates":[-93.3576796079999,41.51038120800007]},"properties":{"OBJECTID_12":798,"COUNTY":"Polk","DISTRICT_CODE":"RUNNELL","PRECINCT":"Runnells 1 (139)","POLLING_PLACE":"139 RUNNELLS COMMUNITY CENTER","ADDR_LINE_1":"108 BROWN ST","CITY_1":"RUNNELLS","ZIP":"50237","House_Dist":30,"Senate_Dis":"15","Congressio":"3","SOSID_NEW":"77_RUNNELL"}},{"type":"Feature","id":799,"geometry":{"type":"Point","coordinates":[-93.42725072099995,41.79114801900005]},"properties":{"OBJECTID_12":799,"COUNTY":"Polk","DISTRICT_CODE":"WASH 1","PRECINCT":"Washington 1 (154)","POLLING_PLACE":"154 CHICHAQUA BOTTOMS GREENBELT LONGHOUSE","ADDR_LINE_1":"8700 NE 126TH AVENUE","CITY_1":"MAXWELL","ZIP":"50161","House_Dist":30,"Senate_Dis":"15","Congressio":"3","SOSID_NEW":"77_WASH 1"}},{"type":"Feature","id":800,"geometry":{"type":"Point","coordinates":[-93.46191807399993,41.70299005700008]},"properties":{"OBJECTID_12":800,"COUNTY":"Polk","DISTRICT_CODE":"BOND 1","PRECINCT":"Bondurant 1 (107)","POLLING_PLACE":"107 BONDURANT CITY CENTER","ADDR_LINE_1":"200 2ND ST NE","CITY_1":"BONDURANT","ZIP":"50035","House_Dist":30,"Senate_Dis":"15","Congressio":"3","SOSID_NEW":"77_BOND 1"}},{"type":"Feature","id":801,"geometry":{"type":"Point","coordinates":[-93.46330725999991,41.69807072700007]},"properties":{"OBJECTID_12":801,"COUNTY":"Polk","DISTRICT_CODE":"BOND 2","PRECINCT":"Bondurant 2 (108)","POLLING_PLACE":"108 BONDURANT CHRISTIAN CHURCH","ADDR_LINE_1":"304 GRANT ST. S.","CITY_1":"BONDURANT","ZIP":"50035","House_Dist":30,"Senate_Dis":"15","Congressio":"3","SOSID_NEW":"77_BOND 2"}},{"type":"Feature","id":802,"geometry":{"type":"Point","coordinates":[-93.47045073399994,41.70291346500005]},"properties":{"OBJECTID_12":802,"COUNTY":"Polk","DISTRICT_CODE":"FRANKLI","PRECINCT":"Franklin 1 (121)","POLLING_PLACE":"121 BONDURANT AMERICAN LEGION POST #396","ADDR_LINE_1":"315 2ND ST. NW","CITY_1":"BONDURANT","ZIP":"50035","House_Dist":30,"Senate_Dis":"15","Congressio":"3","SOSID_NEW":"77_FRANKLI"}},{"type":"Feature","id":803,"geometry":{"type":"Point","coordinates":[-93.47200670399991,41.56007078300007]},"properties":{"OBJECTID_12":803,"COUNTY":"Polk","DISTRICT_CODE":"FOUR MI","PRECINCT":"Four Mile 1 (120)","POLLING_PLACE":"120 WOODLAND HILLS CHURCH OF CHRIST","ADDR_LINE_1":"2484 SE 68TH ST.","CITY_1":"PLEASANT HILL","ZIP":"50327","House_Dist":30,"Senate_Dis":"15","Congressio":"3","SOSID_NEW":"77_FOUR MI"}},{"type":"Feature","id":804,"geometry":{"type":"Point","coordinates":[-93.56491033299994,41.63326313200008]},"properties":{"OBJECTID_12":804,"COUNTY":"Polk","DISTRICT_CODE":"DM 003","PRECINCT":"Des Moines 003","POLLING_PLACE":"003 STAVES UNITED METHODIST CHURCH","ADDR_LINE_1":"2747 E. MADISON AVE.","CITY_1":"DES MOINES","ZIP":"50317","House_Dist":32,"Senate_Dis":"16","Congressio":"3","SOSID_NEW":"77_DM 003"}},{"type":"Feature","id":805,"geometry":{"type":"Point","coordinates":[-93.6041481709999,41.61514215100004]},"properties":{"OBJECTID_12":805,"COUNTY":"Polk","DISTRICT_CODE":"DM 004","PRECINCT":"Des Moines 004","POLLING_PLACE":"004 UNION PARK UNITED METHODIST CHURCH","ADDR_LINE_1":"2305 E. 12TH ST.","CITY_1":"DES MOINES","ZIP":"50317","House_Dist":32,"Senate_Dis":"16","Congressio":"3","SOSID_NEW":"77_DM 004"}},{"type":"Feature","id":806,"geometry":{"type":"Point","coordinates":[-93.60426063299991,41.620413270000086]},"properties":{"OBJECTID_12":806,"COUNTY":"Polk","DISTRICT_CODE":"DM 021","PRECINCT":"Des Moines 021","POLLING_PLACE":"021 LUTHER MEMORIAL CHURCH","ADDR_LINE_1":"1201 GRANDVIEW AVE.","CITY_1":"DES MOINES","ZIP":"50316","House_Dist":32,"Senate_Dis":"16","Congressio":"3","SOSID_NEW":"77_DM 021"}},{"type":"Feature","id":807,"geometry":{"type":"Point","coordinates":[-93.6041481709999,41.61514215100004]},"properties":{"OBJECTID_12":807,"COUNTY":"Polk","DISTRICT_CODE":"DM 022","PRECINCT":"Des Moines 022","POLLING_PLACE":"022 UNION PARK UNITED METHODIST CHURCH","ADDR_LINE_1":"2305 E. 12TH ST.","CITY_1":"DES MOINES","ZIP":"50316","House_Dist":32,"Senate_Dis":"16","Congressio":"3","SOSID_NEW":"77_DM 022"}},{"type":"Feature","id":808,"geometry":{"type":"Point","coordinates":[-93.56944770299992,41.60143044000006]},"properties":{"OBJECTID_12":808,"COUNTY":"Polk","DISTRICT_CODE":"DM 025","PRECINCT":"Des Moines 025","POLLING_PLACE":"025 SALVATION ARMY COMMUNITY CENTER","ADDR_LINE_1":"1216 E. 25TH CT.","CITY_1":"DES MOINES","ZIP":"50317","House_Dist":32,"Senate_Dis":"16","Congressio":"3","SOSID_NEW":"77_DM 025"}},{"type":"Feature","id":809,"geometry":{"type":"Point","coordinates":[-93.56791154799993,41.611953923000044]},"properties":{"OBJECTID_12":809,"COUNTY":"Polk","DISTRICT_CODE":"DM 026","PRECINCT":"Des Moines 026","POLLING_PLACE":"026 EAST DES MOINES PUBLIC LIBRARY","ADDR_LINE_1":"2559 HUBBELL AVE.","CITY_1":"DES MOINES","ZIP":"50317","House_Dist":32,"Senate_Dis":"16","Congressio":"3","SOSID_NEW":"77_DM 026"}},{"type":"Feature","id":810,"geometry":{"type":"Point","coordinates":[-93.60316387599994,41.59587036000005]},"properties":{"OBJECTID_12":810,"COUNTY":"Polk","DISTRICT_CODE":"DM 033","PRECINCT":"Des Moines 033","POLLING_PLACE":"033 WESLEY UNITED METHODIST CHURCH","ADDR_LINE_1":"800 E. 12TH ST.","CITY_1":"DES MOINES","ZIP":"50316","House_Dist":32,"Senate_Dis":"16","Congressio":"3","SOSID_NEW":"77_DM 033"}},{"type":"Feature","id":811,"geometry":{"type":"Point","coordinates":[-93.6064362599999,41.59301953700009]},"properties":{"OBJECTID_12":811,"COUNTY":"Polk","DISTRICT_CODE":"DM 047","PRECINCT":"Des Moines 047","POLLING_PLACE":"047 CALVARY CHAPEL DES MOINES","ADDR_LINE_1":"606 E. 9TH ST.","CITY_1":"DES MOINES","ZIP":"50309","House_Dist":32,"Senate_Dis":"16","Congressio":"3","SOSID_NEW":"77_DM 047"}},{"type":"Feature","id":812,"geometry":{"type":"Point","coordinates":[-93.53205431399994,41.63119083600009]},"properties":{"OBJECTID_12":812,"COUNTY":"Polk","DISTRICT_CODE":"DM 001","PRECINCT":"Des Moines 001","POLLING_PLACE":"001 HOPE LUTHERAN CHURCH","ADDR_LINE_1":"3857 E. 42ND ST","CITY_1":"DES MOINES","ZIP":"50317","House_Dist":32,"Senate_Dis":"16","Congressio":"3","SOSID_NEW":"77_DM 001"}},{"type":"Feature","id":813,"geometry":{"type":"Point","coordinates":[-93.53205431399994,41.63119083600009]},"properties":{"OBJECTID_12":813,"COUNTY":"Polk","DISTRICT_CODE":"DM 002","PRECINCT":"Des Moines 002","POLLING_PLACE":"002 HOPE LUTHERAN CHURCH","ADDR_LINE_1":"3857 E 42ND ST.","CITY_1":"DES MOINES","ZIP":"50317","House_Dist":32,"Senate_Dis":"16","Congressio":"3","SOSID_NEW":"77_DM 002"}},{"type":"Feature","id":814,"geometry":{"type":"Point","coordinates":[-93.5611643499999,41.616871253000056]},"properties":{"OBJECTID_12":814,"COUNTY":"Polk","DISTRICT_CODE":"DM 027","PRECINCT":"Des Moines 027","POLLING_PLACE":"027 GRANDVIEW GOLF COURSE CLUBHOUSE","ADDR_LINE_1":"2401 E. 29TH ST.","CITY_1":"DES MOINES","ZIP":"50317","House_Dist":31,"Senate_Dis":"16","Congressio":"3","SOSID_NEW":"77_DM 027"}},{"type":"Feature","id":815,"geometry":{"type":"Point","coordinates":[-93.5418878079999,41.623000725000054]},"properties":{"OBJECTID_12":815,"COUNTY":"Polk","DISTRICT_CODE":"DM 028","PRECINCT":"Des Moines 028","POLLING_PLACE":"028 NEW TESTAMENT BAPTIST CHURCH","ADDR_LINE_1":"3020 E. 38TH ST.","CITY_1":"DES MOINES","ZIP":"50317","House_Dist":31,"Senate_Dis":"16","Congressio":"3","SOSID_NEW":"77_DM 028"}},{"type":"Feature","id":816,"geometry":{"type":"Point","coordinates":[-93.5351406119999,41.61879785800005]},"properties":{"OBJECTID_12":816,"COUNTY":"Polk","DISTRICT_CODE":"DEL 2","PRECINCT":"Delaware 2 (117)","POLLING_PLACE":"117 SHERIDAN PARK METHODIST CHURCH","ADDR_LINE_1":"4100 E. SHERIDAN AVE.","CITY_1":"DES MOINES","ZIP":"50317","House_Dist":31,"Senate_Dis":"16","Congressio":"3","SOSID_NEW":"77_DEL 2"}},{"type":"Feature","id":817,"geometry":{"type":"Point","coordinates":[-93.5351406119999,41.61879785800005]},"properties":{"OBJECTID_12":817,"COUNTY":"Polk","DISTRICT_CODE":"DM 029","PRECINCT":"Des Moines 029","POLLING_PLACE":"029 SHERIDAN PARK METHODIST CHURCH","ADDR_LINE_1":"4100 E. SHERIDAN AVE","CITY_1":"DES MOINES","ZIP":"50317","House_Dist":31,"Senate_Dis":"16","Congressio":"3","SOSID_NEW":"77_DM 029"}},{"type":"Feature","id":818,"geometry":{"type":"Point","coordinates":[-93.5423307069999,41.61490385500008]},"properties":{"OBJECTID_12":818,"COUNTY":"Polk","DISTRICT_CODE":"DM 030","PRECINCT":"Des Moines 030","POLLING_PLACE":"030 FOUR MILE COMMUNITY CENTER","ADDR_LINE_1":"3711 EASTON BLVD.","CITY_1":"DES MOINES","ZIP":"50317","House_Dist":31,"Senate_Dis":"16","Congressio":"3","SOSID_NEW":"77_DM 030"}},{"type":"Feature","id":819,"geometry":{"type":"Point","coordinates":[-93.56286018299994,41.59135335000008]},"properties":{"OBJECTID_12":819,"COUNTY":"Polk","DISTRICT_CODE":"DM 031","PRECINCT":"Des Moines 031","POLLING_PLACE":"031 VETERANS OF FOREIGN WARS POST #738","ADDR_LINE_1":"2801 DEAN AVE.","CITY_1":"DES MOINES","ZIP":"50317","House_Dist":31,"Senate_Dis":"16","Congressio":"3","SOSID_NEW":"77_DM 031"}},{"type":"Feature","id":820,"geometry":{"type":"Point","coordinates":[-93.5888153279999,41.59641526100006]},"properties":{"OBJECTID_12":820,"COUNTY":"Polk","DISTRICT_CODE":"DM 023","PRECINCT":"Des Moines 023","POLLING_PLACE":"023 ST PETERS CHURCH HALL","ADDR_LINE_1":"1746 DES MOINES ST.","CITY_1":"DES MOINES","ZIP":"50317","House_Dist":31,"Senate_Dis":"16","Congressio":"3","SOSID_NEW":"77_DM 023"}},{"type":"Feature","id":821,"geometry":{"type":"Point","coordinates":[-93.5888153279999,41.59641526100006]},"properties":{"OBJECTID_12":821,"COUNTY":"Polk","DISTRICT_CODE":"DM 032","PRECINCT":"Des Moines 032","POLLING_PLACE":"032 ST PETERS CHURCH HALL","ADDR_LINE_1":"1746 DES MOINES ST.","CITY_1":"DES MOINES","ZIP":"50316","House_Dist":31,"Senate_Dis":"16","Congressio":"3","SOSID_NEW":"77_DM 032"}},{"type":"Feature","id":822,"geometry":{"type":"Point","coordinates":[-93.50309346299991,41.59457834500006]},"properties":{"OBJECTID_12":822,"COUNTY":"Polk","DISTRICT_CODE":"PH 2","PRECINCT":"Pleasant Hill 2 (136)","POLLING_PLACE":"136 OAKWOOD UNITED METHODIST  CHURCH","ADDR_LINE_1":"400 NE 56TH ST.","CITY_1":"PLEASANT HILL","ZIP":"50327","House_Dist":31,"Senate_Dis":"16","Congressio":"3","SOSID_NEW":"77_PH 2"}},{"type":"Feature","id":823,"geometry":{"type":"Point","coordinates":[-93.5146204589999,41.59786278200005]},"properties":{"OBJECTID_12":823,"COUNTY":"Polk","DISTRICT_CODE":"PH 1","PRECINCT":"Pleasant Hill 1 (135)","POLLING_PLACE":"135 PLEASANT HILL SOUTH COMPLEX","ADDR_LINE_1":"5151 MAPLE DR.","CITY_1":"PLEASANT HILL","ZIP":"50327","House_Dist":31,"Senate_Dis":"16","Congressio":"3","SOSID_NEW":"77_PH 1"}},{"type":"Feature","id":824,"geometry":{"type":"Point","coordinates":[-93.51674344399993,41.58324627500008]},"properties":{"OBJECTID_12":824,"COUNTY":"Polk","DISTRICT_CODE":"PH 3","PRECINCT":"Pleasant Hill 3 (137)","POLLING_PLACE":"137 YOUTH CENTER DOANES PARK","ADDR_LINE_1":"5050 DOANES PARK RD.","CITY_1":"PLEASANT HILL","ZIP":"50327","House_Dist":31,"Senate_Dis":"16","Congressio":"3","SOSID_NEW":"77_PH 3"}},{"type":"Feature","id":825,"geometry":{"type":"Point","coordinates":[-93.56748373599993,41.547960474000035]},"properties":{"OBJECTID_12":825,"COUNTY":"Polk","DISTRICT_CODE":"DM 050","PRECINCT":"Des Moines 050","POLLING_PLACE":"050 LIVING HOPE COMMUNITY CHURCH","ADDR_LINE_1":"2620 E. WATROUS AVE.","CITY_1":"DES MOINES","ZIP":"50322","House_Dist":33,"Senate_Dis":"17","Congressio":"3","SOSID_NEW":"77_DM 050"}},{"type":"Feature","id":826,"geometry":{"type":"Point","coordinates":[-93.56677050399992,41.54794820600006]},"properties":{"OBJECTID_12":826,"COUNTY":"Polk","DISTRICT_CODE":"DM 051","PRECINCT":"Des Moines 051","POLLING_PLACE":"051 LIVING HOPE COMMUNITY CHURCH","ADDR_LINE_1":"2620 E. WATROUS AVE.","CITY_1":"DES MOINES","ZIP":"50320","House_Dist":33,"Senate_Dis":"17","Congressio":"3","SOSID_NEW":"77_DM 051"}},{"type":"Feature","id":827,"geometry":{"type":"Point","coordinates":[-93.57741403599994,41.55698098900007]},"properties":{"OBJECTID_12":827,"COUNTY":"Polk","DISTRICT_CODE":"DM 052","PRECINCT":"Des Moines 052","POLLING_PLACE":"052 RIVER WOODS SCHOOL","ADDR_LINE_1":"2929 SE 22ND ST.","CITY_1":"DES MOINES","ZIP":"50320","House_Dist":33,"Senate_Dis":"17","Congressio":"3","SOSID_NEW":"77_DM 052"}},{"type":"Feature","id":828,"geometry":{"type":"Point","coordinates":[-93.57619140499992,41.550054301000046]},"properties":{"OBJECTID_12":828,"COUNTY":"Polk","DISTRICT_CODE":"DM 071","PRECINCT":"Des Moines 071","POLLING_PLACE":"071 EVERGREEN CHURCH OF CHRIST","ADDR_LINE_1":"2215 EVERGREEN AVE.","CITY_1":"DES MOINES","ZIP":"50320","House_Dist":33,"Senate_Dis":"17","Congressio":"3","SOSID_NEW":"77_DM 071"}},{"type":"Feature","id":829,"geometry":{"type":"Point","coordinates":[-93.60521402799992,41.57484958200007]},"properties":{"OBJECTID_12":829,"COUNTY":"Polk","DISTRICT_CODE":"DM 048","PRECINCT":"Des Moines 048","POLLING_PLACE":"048 FELLOWSHIP BAPTIST CHURCH","ADDR_LINE_1":"1503 SE 6TH ST.","CITY_1":"DES MOINES","ZIP":"50315","House_Dist":33,"Senate_Dis":"17","Congressio":"3","SOSID_NEW":"77_DM 048"}},{"type":"Feature","id":830,"geometry":{"type":"Point","coordinates":[-93.60521402799992,41.57484958200007]},"properties":{"OBJECTID_12":830,"COUNTY":"Polk","DISTRICT_CODE":"DM 049","PRECINCT":"Des Moines 049","POLLING_PLACE":"049 FELLOWSHIP BAPTIST CHURCH","ADDR_LINE_1":"1503 SE 6TH ST.","CITY_1":"DES MOINES","ZIP":"50315","House_Dist":33,"Senate_Dis":"17","Congressio":"3","SOSID_NEW":"77_DM 049"}},{"type":"Feature","id":831,"geometry":{"type":"Point","coordinates":[-93.61469903299991,41.573265639000056]},"properties":{"OBJECTID_12":831,"COUNTY":"Polk","DISTRICT_CODE":"DM 054","PRECINCT":"Des Moines 054","POLLING_PLACE":"054 BELLIZZI MAC RAE AMERICAN LEGION POST #659","ADDR_LINE_1":"1813 SE 1ST ST.","CITY_1":"DES MOINES","ZIP":"50315","House_Dist":33,"Senate_Dis":"17","Congressio":"3","SOSID_NEW":"77_DM 054"}},{"type":"Feature","id":832,"geometry":{"type":"Point","coordinates":[-93.61469903299991,41.573265639000056]},"properties":{"OBJECTID_12":832,"COUNTY":"Polk","DISTRICT_CODE":"DM 067","PRECINCT":"Des Moines 067","POLLING_PLACE":"067 BELLIZZI MAC RAE AMERICAN LEGION POST #659","ADDR_LINE_1":"1813 SE 1ST ST.","CITY_1":"DES MOINES","ZIP":"50315","House_Dist":33,"Senate_Dis":"17","Congressio":"3","SOSID_NEW":"77_DM 067"}},{"type":"Feature","id":833,"geometry":{"type":"Point","coordinates":[-93.60661731399995,41.56840075700006]},"properties":{"OBJECTID_12":833,"COUNTY":"Polk","DISTRICT_CODE":"DM 053","PRECINCT":"Des Moines 053","POLLING_PLACE":"053 PIONEER COLUMBUS COMMUNITY CENTER","ADDR_LINE_1":"2100 SE 5TH ST.","CITY_1":"DES MOINES","ZIP":"50315","House_Dist":33,"Senate_Dis":"17","Congressio":"3","SOSID_NEW":"77_DM 053"}},{"type":"Feature","id":834,"geometry":{"type":"Point","coordinates":[-93.60256363399992,41.555800317000035]},"properties":{"OBJECTID_12":834,"COUNTY":"Polk","DISTRICT_CODE":"DM 069","PRECINCT":"Des Moines 069","POLLING_PLACE":"069 INDIANOLA HEIGHTS CHRISTIAN CHURCH","ADDR_LINE_1":"3139 SE 8TH ST.","CITY_1":"DES MOINES","ZIP":"50315","House_Dist":33,"Senate_Dis":"17","Congressio":"3","SOSID_NEW":"77_DM 069"}},{"type":"Feature","id":835,"geometry":{"type":"Point","coordinates":[-93.60256363399992,41.555800317000035]},"properties":{"OBJECTID_12":835,"COUNTY":"Polk","DISTRICT_CODE":"DM 070","PRECINCT":"Des Moines 070","POLLING_PLACE":"070 INDIANOLA HEIGHTS CHRISTIAN CHURCH","ADDR_LINE_1":"3139 SE 8TH ST.","CITY_1":"DES MOINES","ZIP":"50315","House_Dist":33,"Senate_Dis":"17","Congressio":"3","SOSID_NEW":"77_DM 070"}},{"type":"Feature","id":836,"geometry":{"type":"Point","coordinates":[-93.58160058499993,41.52625787200009]},"properties":{"OBJECTID_12":836,"COUNTY":"Polk","DISTRICT_CODE":"DM 073","PRECINCT":"Des Moines 073","POLLING_PLACE":"073 NEW HOPE OPEN BIBLE CHURCH","ADDR_LINE_1":"1990 E. ARMY POST RD.","CITY_1":"DES MOINES","ZIP":"50320","House_Dist":33,"Senate_Dis":"17","Congressio":"3","SOSID_NEW":"77_DM 073"}},{"type":"Feature","id":837,"geometry":{"type":"Point","coordinates":[-93.57748746399994,41.530041150000045]},"properties":{"OBJECTID_12":837,"COUNTY":"Polk","DISTRICT_CODE":"DM 075","PRECINCT":"Des Moines 075","POLLING_PLACE":"075 BLOOMFIELD UNITED METHODIST CHURCH","ADDR_LINE_1":"5930 INDIANOLA AVE.","CITY_1":"DES MOINES","ZIP":"50320","House_Dist":33,"Senate_Dis":"17","Congressio":"3","SOSID_NEW":"77_DM 075"}},{"type":"Feature","id":838,"geometry":{"type":"Point","coordinates":[-93.62857222199995,41.59519373900008]},"properties":{"OBJECTID_12":838,"COUNTY":"Polk","DISTRICT_CODE":"DM 046","PRECINCT":"Des Moines 046","POLLING_PLACE":"046 CORINTHIAN BAPTIST CHURCH","ADDR_LINE_1":"814 SCHOOL ST.","CITY_1":"DES MOINES","ZIP":"50309","House_Dist":34,"Senate_Dis":"17","Congressio":"3","SOSID_NEW":"77_DM 046"}},{"type":"Feature","id":839,"geometry":{"type":"Point","coordinates":[-93.63135082199994,41.593447790000084]},"properties":{"OBJECTID_12":839,"COUNTY":"Polk","DISTRICT_CODE":"DM 055","PRECINCT":"Des Moines 055","POLLING_PLACE":"055 ROYAL VIEW MANOR","ADDR_LINE_1":"1101 CROCKER ST.","CITY_1":"DES MOINES","ZIP":"50309","House_Dist":34,"Senate_Dis":"17","Congressio":"3","SOSID_NEW":"77_DM 055"}},{"type":"Feature","id":840,"geometry":{"type":"Point","coordinates":[-93.6395106299999,41.58983351200004]},"properties":{"OBJECTID_12":840,"COUNTY":"Polk","DISTRICT_CODE":"DM 056","PRECINCT":"Des Moines 056","POLLING_PLACE":"056 ROBERT MICKLE NEIGHBORHOOD RESOURCE CENTER","ADDR_LINE_1":"1620 PLEASANT ST.","CITY_1":"DES MOINES","ZIP":"50314","House_Dist":34,"Senate_Dis":"17","Congressio":"3","SOSID_NEW":"77_DM 056"}},{"type":"Feature","id":841,"geometry":{"type":"Point","coordinates":[-93.6395106299999,41.58983351200004]},"properties":{"OBJECTID_12":841,"COUNTY":"Polk","DISTRICT_CODE":"DM 057","PRECINCT":"Des Moines 057","POLLING_PLACE":"057 ROBERT MICKLE RESOURCE CENTER","ADDR_LINE_1":"1620 PLEASANT ST.","CITY_1":"DES MOINES","ZIP":"50314","House_Dist":34,"Senate_Dis":"17","Congressio":"3","SOSID_NEW":"77_DM 057"}},{"type":"Feature","id":842,"geometry":{"type":"Point","coordinates":[-93.64165984999994,41.562693204000084]},"properties":{"OBJECTID_12":842,"COUNTY":"Polk","DISTRICT_CODE":"DM 066","PRECINCT":"Des Moines 066","POLLING_PLACE":"066 FIRST UNITARIAN CHURCH","ADDR_LINE_1":"1800 BELL AVE.","CITY_1":"DES MOINES","ZIP":"50315","House_Dist":34,"Senate_Dis":"17","Congressio":"3","SOSID_NEW":"77_DM 066"}},{"type":"Feature","id":843,"geometry":{"type":"Point","coordinates":[-93.62572718599995,41.556594036000035]},"properties":{"OBJECTID_12":843,"COUNTY":"Polk","DISTRICT_CODE":"DM 078","PRECINCT":"Des Moines 078","POLLING_PLACE":"078 PARK AVENUE PRESBYTERIAN CHURCH","ADDR_LINE_1":"3120 SW 9TH ST.","CITY_1":"DES MOINES","ZIP":"50315","House_Dist":34,"Senate_Dis":"17","Congressio":"3","SOSID_NEW":"77_DM 078"}},{"type":"Feature","id":844,"geometry":{"type":"Point","coordinates":[-93.62578779299992,41.54948086500008]},"properties":{"OBJECTID_12":844,"COUNTY":"Polk","DISTRICT_CODE":"DM 080","PRECINCT":"Des Moines 080","POLLING_PLACE":"080 LUTHERAN CHURCH OF THE GOOD SHEPHERD","ADDR_LINE_1":"3820 SW 9TH ST.","CITY_1":"DES MOINES","ZIP":"50315","House_Dist":34,"Senate_Dis":"17","Congressio":"3","SOSID_NEW":"77_DM 080"}},{"type":"Feature","id":845,"geometry":{"type":"Point","coordinates":[-93.62441247899994,41.564032387000054]},"properties":{"OBJECTID_12":845,"COUNTY":"Polk","DISTRICT_CODE":"DM 068","PRECINCT":"Des Moines 068","POLLING_PLACE":"068 SOUTHVIEW MANOR","ADDR_LINE_1":"2417 SW 9TH ST.","CITY_1":"DES MOINES","ZIP":"50315","House_Dist":34,"Senate_Dis":"17","Congressio":"3","SOSID_NEW":"77_DM 068"}},{"type":"Feature","id":846,"geometry":{"type":"Point","coordinates":[-93.61609496999995,41.547132512000076]},"properties":{"OBJECTID_12":846,"COUNTY":"Polk","DISTRICT_CODE":"DM 077","PRECINCT":"Des Moines 077","POLLING_PLACE":"077 SOUTHSIDE NAZARENE CHURCH","ADDR_LINE_1":"4110 1/2 S. UNION ST.","CITY_1":"DES MOINES","ZIP":"50315","House_Dist":34,"Senate_Dis":"17","Congressio":"3","SOSID_NEW":"77_DM 077"}},{"type":"Feature","id":847,"geometry":{"type":"Point","coordinates":[-93.6105905739999,41.52639773400006]},"properties":{"OBJECTID_12":847,"COUNTY":"Polk","DISTRICT_CODE":"DM 079","PRECINCT":"Des Moines 079","POLLING_PLACE":"079 GLAD TIDINGS ASSEMBLY OF GOD","ADDR_LINE_1":"314 E. ARMY POST RD.","CITY_1":"DES MOINES","ZIP":"50315","House_Dist":34,"Senate_Dis":"17","Congressio":"3","SOSID_NEW":"77_DM 079"}},{"type":"Feature","id":848,"geometry":{"type":"Point","coordinates":[-93.62567357199993,41.527880276000076]},"properties":{"OBJECTID_12":848,"COUNTY":"Polk","DISTRICT_CODE":"DM 083","PRECINCT":"Des Moines 083","POLLING_PLACE":"083 FORT DES MOINES UNITED METHODIST CHURCH","ADDR_LINE_1":"6205 SW 9TH ST.","CITY_1":"DES MOINES","ZIP":"50315","House_Dist":34,"Senate_Dis":"17","Congressio":"3","SOSID_NEW":"77_DM 083"}},{"type":"Feature","id":849,"geometry":{"type":"Point","coordinates":[-93.6125603029999,41.52640822400008]},"properties":{"OBJECTID_12":849,"COUNTY":"Polk","DISTRICT_CODE":"DM 084","PRECINCT":"Des Moines 084","POLLING_PLACE":"084 THE FORT DES MOINES CHURCH OF CHRIST","ADDR_LINE_1":"244 E. ARMY POST RD.","CITY_1":"DES MOINES","ZIP":"50315","House_Dist":34,"Senate_Dis":"17","Congressio":"3","SOSID_NEW":"77_DM 084"}},{"type":"Feature","id":850,"geometry":{"type":"Point","coordinates":[-93.6353741989999,41.53323118000009]},"properties":{"OBJECTID_12":850,"COUNTY":"Polk","DISTRICT_CODE":"DM 081","PRECINCT":"Des Moines 081","POLLING_PLACE":"081 PEACE EVANGELICAL LUTHERAN CHURCH","ADDR_LINE_1":"5615 SW 14TH ST.","CITY_1":"DES MOINES","ZIP":"50315","House_Dist":34,"Senate_Dis":"17","Congressio":"3","SOSID_NEW":"77_DM 081"}},{"type":"Feature","id":851,"geometry":{"type":"Point","coordinates":[-93.64314543299992,41.526324841000076]},"properties":{"OBJECTID_12":851,"COUNTY":"Polk","DISTRICT_CODE":"DM 074","PRECINCT":"Des Moines 074","POLLING_PLACE":"074 NEW HOPE OPEN BIBLE CHURCH","ADDR_LINE_1":"1990 E. ARMY POST RD.","CITY_1":"DES MOINES","ZIP":"50315","House_Dist":34,"Senate_Dis":"17","Congressio":"3","SOSID_NEW":"77_DM 074"}},{"type":"Feature","id":852,"geometry":{"type":"Point","coordinates":[-93.6440872099999,41.60404374600006]},"properties":{"OBJECTID_12":852,"COUNTY":"Polk","DISTRICT_CODE":"DM 036","PRECINCT":"Des Moines 036","POLLING_PLACE":"036 CENTRAL SENIOR CENTER","ADDR_LINE_1":"2008 FOREST AVE.","CITY_1":"DES MOINES","ZIP":"50314","House_Dist":35,"Senate_Dis":"18","Congressio":"3","SOSID_NEW":"77_DM 036"}},{"type":"Feature","id":853,"geometry":{"type":"Point","coordinates":[-93.64426012599995,41.60404353600006]},"properties":{"OBJECTID_12":853,"COUNTY":"Polk","DISTRICT_CODE":"DM 037","PRECINCT":"Des Moines 037","POLLING_PLACE":"037 CENTRAL SENIOR CENTER","ADDR_LINE_1":"2008 FOREST AVE.","CITY_1":"DES MOINES","ZIP":"50311","House_Dist":35,"Senate_Dis":"18","Congressio":"3","SOSID_NEW":"77_DM 037"}},{"type":"Feature","id":854,"geometry":{"type":"Point","coordinates":[-93.62093106999993,41.60041760300004]},"properties":{"OBJECTID_12":854,"COUNTY":"Polk","DISTRICT_CODE":"DM 034","PRECINCT":"Des Moines 034","POLLING_PLACE":"034 UNIVERSITY NURSING & REHAB CENTER","ADDR_LINE_1":"233 UNIVERSITY AVE.","CITY_1":"DES MOINES","ZIP":"50314","House_Dist":35,"Senate_Dis":"18","Congressio":"3","SOSID_NEW":"77_DM 034"}},{"type":"Feature","id":855,"geometry":{"type":"Point","coordinates":[-93.28143596299992,41.76803808100004]},"properties":{"OBJECTID_12":855,"COUNTY":"Jasper","DISTRICT_CODE":"CP","PRECINCT":"ClearCreek- Poweshiek ","POLLING_PLACE":"MINGO COMMUNITY BUILDING","ADDR_LINE_1":"202 E RAILROAD ST","CITY_1":"MINGO","ZIP":"50168","House_Dist":29,"Senate_Dis":"15","Congressio":"2","SOSID_NEW":"50_CP"}},{"type":"Feature","id":856,"geometry":{"type":"Point","coordinates":[-93.23398568599993,41.59469455000004]},"properties":{"OBJECTID_12":856,"COUNTY":"Jasper","DISTRICT_CODE":"DM","PRECINCT":"Des Moines  ","POLLING_PLACE":"PRAIRIE CITY COMMUNITY BUILDING","ADDR_LINE_1":"502 S STATE ST","CITY_1":"PRAIRIE CITY","ZIP":"50228","House_Dist":29,"Senate_Dis":"15","Congressio":"2","SOSID_NEW":"50_DM"}},{"type":"Feature","id":857,"geometry":{"type":"Point","coordinates":[-92.90787036299992,41.71627848700007]},"properties":{"OBJECTID_12":857,"COUNTY":"Jasper","DISTRICT_CODE":"HR","PRECINCT":"Hickory Grove ","POLLING_PLACE":"KELLOGG CITY HALL","ADDR_LINE_1":"417 FRONT ST","CITY_1":"KELLOGG","ZIP":"50135","House_Dist":29,"Senate_Dis":"15","Congressio":"2","SOSID_NEW":"50_HR"}},{"type":"Feature","id":858,"geometry":{"type":"Point","coordinates":[-93.15139431599994,41.825252066000076]},"properties":{"OBJECTID_12":858,"COUNTY":"Jasper","DISTRICT_CODE":"IMM","PRECINCT":"Independence- Malaka-Mariposa ","POLLING_PLACE":"BAXTER COMMUNITY BUILDING","ADDR_LINE_1":"203 S MAIN ST, BAXTER, IA 50028","CITY_1":"BAXTER","ZIP":"50028","House_Dist":29,"Senate_Dis":"15","Congressio":"2","SOSID_NEW":"50_IMM"}},{"type":"Feature","id":859,"geometry":{"type":"Point","coordinates":[-93.2465468559999,41.68072747300005]},"properties":{"OBJECTID_12":859,"COUNTY":"Jasper","DISTRICT_CODE":"CF-1","PRECINCT":"Colfax 1","POLLING_PLACE":"COLFAX FAIRGROUNDS - CF 1","ADDR_LINE_1":"359 N WALNUT ","CITY_1":"COLFAX","ZIP":"50054","House_Dist":29,"Senate_Dis":"15","Congressio":"2","SOSID_NEW":"50_CF-1"}},{"type":"Feature","id":860,"geometry":{"type":"Point","coordinates":[-93.2465468559999,41.68072747300005]},"properties":{"OBJECTID_12":860,"COUNTY":"Jasper","DISTRICT_CODE":"CF-2","PRECINCT":"Colfax 2","POLLING_PLACE":"COLFAX FAIRGROUNDS - CF 2","ADDR_LINE_1":"359 N WALNUT","CITY_1":"COLFAX","ZIP":"50054","House_Dist":29,"Senate_Dis":"15","Congressio":"2","SOSID_NEW":"50_CF-2"}},{"type":"Feature","id":861,"geometry":{"type":"Point","coordinates":[-93.2465468559999,41.68072747300005]},"properties":{"OBJECTID_12":861,"COUNTY":"Jasper","DISTRICT_CODE":"CF-3","PRECINCT":"Colfax 3","POLLING_PLACE":"COLFAX FAIRGROUNDS - CF 3","ADDR_LINE_1":"359 N WALNUT","CITY_1":"COLFAX","ZIP":"50054","House_Dist":29,"Senate_Dis":"15","Congressio":"2","SOSID_NEW":"50_CF-3"}},{"type":"Feature","id":862,"geometry":{"type":"Point","coordinates":[-93.2471113869999,41.67347358500007]},"properties":{"OBJECTID_12":862,"COUNTY":"Jasper","DISTRICT_CODE":"MW","PRECINCT":"Mound Prairie- Washington  ","POLLING_PLACE":"COLFAX FIRE STATION","ADDR_LINE_1":"113 W STATE ST","CITY_1":"COLFAX","ZIP":"50054","House_Dist":29,"Senate_Dis":"15","Congressio":"2","SOSID_NEW":"50_MW"}},{"type":"Feature","id":863,"geometry":{"type":"Point","coordinates":[-93.05327718899991,41.71695915000004]},"properties":{"OBJECTID_12":863,"COUNTY":"Jasper","DISTRICT_CODE":"NS","PRECINCT":"Newton- Sherman ","POLLING_PLACE":"UNION HALL-LAGRV","ADDR_LINE_1":"1813 1ST ST. N.","CITY_1":"NEWTON","ZIP":"50208","House_Dist":29,"Senate_Dis":"15","Congressio":"2","SOSID_NEW":"50_NS"}},{"type":"Feature","id":864,"geometry":{"type":"Point","coordinates":[-93.05327718899991,41.71695915000004]},"properties":{"OBJECTID_12":864,"COUNTY":"Jasper","DISTRICT_CODE":"NT1-1","PRECINCT":"Newton 1-1","POLLING_PLACE":"UNION HALL","ADDR_LINE_1":"1813 1ST ST N","CITY_1":"NEWTON","ZIP":"50208","House_Dist":29,"Senate_Dis":"15","Congressio":"2","SOSID_NEW":"50_NT1-1"}},{"type":"Feature","id":865,"geometry":{"type":"Point","coordinates":[-93.05357439699992,41.70360112100008]},"properties":{"OBJECTID_12":865,"COUNTY":"Jasper","DISTRICT_CODE":"NT1-2","PRECINCT":"Newton 1-2","POLLING_PLACE":"PARK CENTRE","ADDR_LINE_1":"500 1ST ST N","CITY_1":"NEWTON","ZIP":"50208","House_Dist":29,"Senate_Dis":"15","Congressio":"2","SOSID_NEW":"50_NT1-2"}},{"type":"Feature","id":866,"geometry":{"type":"Point","coordinates":[-93.03622096499993,41.70275845000003]},"properties":{"OBJECTID_12":866,"COUNTY":"Jasper","DISTRICT_CODE":"NT2-1","PRECINCT":"Newton 2-1","POLLING_PLACE":"IMMANUEL BAPTIST CHURCH","ADDR_LINE_1":"1300 N 4TH AVE E","CITY_1":"NEWTON","ZIP":"50208","House_Dist":29,"Senate_Dis":"15","Congressio":"2","SOSID_NEW":"50_NT2-1"}},{"type":"Feature","id":867,"geometry":{"type":"Point","coordinates":[-93.02908681399992,41.703810915000076]},"properties":{"OBJECTID_12":867,"COUNTY":"Jasper","DISTRICT_CODE":"NT2-2","PRECINCT":"Newton 2-2","POLLING_PLACE":"ST. LUKE UNITED METHODIST CHURCH","ADDR_LINE_1":"501 E. 19TH ST. N.","CITY_1":"NEWTON","ZIP":"50208","House_Dist":29,"Senate_Dis":"15","Congressio":"2","SOSID_NEW":"50_NT2-2"}},{"type":"Feature","id":868,"geometry":{"type":"Point","coordinates":[-93.03949024899993,41.69271283000006]},"properties":{"OBJECTID_12":868,"COUNTY":"Jasper","DISTRICT_CODE":"NT3-1","PRECINCT":"Newton 3-1","POLLING_PLACE":"MCCANN CENTER","ADDR_LINE_1":"1115 S 8TH AVE E","CITY_1":"NEWTON","ZIP":"50208","House_Dist":29,"Senate_Dis":"15","Congressio":"2","SOSID_NEW":"50_NT3-1"}},{"type":"Feature","id":869,"geometry":{"type":"Point","coordinates":[-93.07662605899992,41.685470286000054]},"properties":{"OBJECTID_12":869,"COUNTY":"Jasper","DISTRICT_CODE":"NT4-1","PRECINCT":"Newton 4-1","POLLING_PLACE":"JASPER CO. HISTORICAL MUSEUM","ADDR_LINE_1":"1700 S. 15TH AVE. W.","CITY_1":"NEWTON","ZIP":"50208","House_Dist":29,"Senate_Dis":"15","Congressio":"2","SOSID_NEW":"50_NT4-1"}},{"type":"Feature","id":870,"geometry":{"type":"Point","coordinates":[-93.0579975469999,41.69004029200005]},"properties":{"OBJECTID_12":870,"COUNTY":"Jasper","DISTRICT_CODE":"NT4-2","PRECINCT":"Newton 4-2","POLLING_PLACE":"AMERICAN LEGION","ADDR_LINE_1":"1101 W. 4TH ST. S., NEWTON, IA","CITY_1":"NEWTON","ZIP":"50208","House_Dist":29,"Senate_Dis":"15","Congressio":"2","SOSID_NEW":"50_NT4-2"}},{"type":"Feature","id":871,"geometry":{"type":"Point","coordinates":[-91.50150934499993,41.799056041000085]},"properties":{"OBJECTID_12":871,"COUNTY":"Johnson","DISTRICT_CODE":"NP","PRECINCT":"NP","POLLING_PLACE":"NP ST. MARY'S CHURCH","ADDR_LINE_1":"2683 NEWPORT RD NE","CITY_1":"SOLON","ZIP":"52333","House_Dist":73,"Senate_Dis":"37","Congressio":"2","SOSID_NEW":"52_NP"}},{"type":"Feature","id":872,"geometry":{"type":"Point","coordinates":[-91.42454690599993,41.84101401600009]},"properties":{"OBJECTID_12":872,"COUNTY":"Johnson","DISTRICT_CODE":"CE","PRECINCT":"CE","POLLING_PLACE":"CE CEDAR TOWNSHIP HALL","ADDR_LINE_1":"5216 SUTLIFF RD NE","CITY_1":"SOLON","ZIP":"52333","House_Dist":73,"Senate_Dis":"37","Congressio":"2","SOSID_NEW":"52_CE"}},{"type":"Feature","id":873,"geometry":{"type":"Point","coordinates":[-91.47442864999994,41.73993759500007]},"properties":{"OBJECTID_12":873,"COUNTY":"Johnson","DISTRICT_CODE":"GR","PRECINCT":"GR","POLLING_PLACE":"GR THE CELEBRATION FARM","ADDR_LINE_1":"4696 ROBIN WOODS LN NE","CITY_1":"IOWA CITY","ZIP":"52240","House_Dist":73,"Senate_Dis":"37","Congressio":"2","SOSID_NEW":"52_GR"}},{"type":"Feature","id":874,"geometry":{"type":"Point","coordinates":[-91.41822376999994,41.641985531000046]},"properties":{"OBJECTID_12":874,"COUNTY":"Johnson","DISTRICT_CODE":"HD","PRECINCT":"HD","POLLING_PLACE":"HD ST. PETER'S HALL","ADDR_LINE_1":"2009 400TH ST SW","CITY_1":"IOWA CITY","ZIP":"52240","House_Dist":73,"Senate_Dis":"37","Congressio":"2","SOSID_NEW":"52_HD"}},{"type":"Feature","id":875,"geometry":{"type":"Point","coordinates":[-91.47887127999991,41.64972261100007]},"properties":{"OBJECTID_12":875,"COUNTY":"Johnson","DISTRICT_CODE":"SC","PRECINCT":"SC","POLLING_PLACE":"SC IC CHURCH OF CHRIST","ADDR_LINE_1":"4643 AMERICAN LEGION RD SE","CITY_1":"IOWA CITY","ZIP":"52240","House_Dist":73,"Senate_Dis":"37","Congressio":"2","SOSID_NEW":"52_SC"}},{"type":"Feature","id":876,"geometry":{"type":"Point","coordinates":[-91.4986783409999,41.80739322100004]},"properties":{"OBJECTID_12":876,"COUNTY":"Johnson","DISTRICT_CODE":"BG","PRECINCT":"BG","POLLING_PLACE":"BG SOLON PUBLIC LIBRARY","ADDR_LINE_1":"320 W MAIN ST","CITY_1":"SOLON","ZIP":"52333","House_Dist":73,"Senate_Dis":"37","Congressio":"2","SOSID_NEW":"52_BG"}},{"type":"Feature","id":877,"geometry":{"type":"Point","coordinates":[-91.49534326999992,41.80728026500009]},"properties":{"OBJECTID_12":877,"COUNTY":"Johnson","DISTRICT_CODE":"SO","PRECINCT":"SO","POLLING_PLACE":"SO SOLON CITY HALL","ADDR_LINE_1":"101 N IOWA ST","CITY_1":"SOLON","ZIP":"52333","House_Dist":73,"Senate_Dis":"37","Congressio":"2","SOSID_NEW":"52_SO"}},{"type":"Feature","id":878,"geometry":{"type":"Point","coordinates":[-91.0113670689999,41.596729896000056]},"properties":{"OBJECTID_12":878,"COUNTY":"Muscatine","DISTRICT_CODE":"WC","PRECINCT":"Wilton City","POLLING_PLACE":"WILTON COMM CENTER CITY","ADDR_LINE_1":"1215 CYPRESS ST","CITY_1":"WILTON","ZIP":"52778","House_Dist":73,"Senate_Dis":"37","Congressio":"2","SOSID_NEW":"70_WC"}},{"type":"Feature","id":879,"geometry":{"type":"Point","coordinates":[-91.0113670689999,41.596729896000056]},"properties":{"OBJECTID_12":879,"COUNTY":"Muscatine","DISTRICT_CODE":"WTMW","PRECINCT":"Wilton Twp/Moscow","POLLING_PLACE":"WILTON COMM CENTER TWP","ADDR_LINE_1":"1215 CYPRESS ST","CITY_1":"WILTON","ZIP":"52778","House_Dist":73,"Senate_Dis":"37","Congressio":"2","SOSID_NEW":"70_WTMW"}},{"type":"Feature","id":880,"geometry":{"type":"Point","coordinates":[-91.5812704039999,41.65693368500007]},"properties":{"OBJECTID_12":880,"COUNTY":"Johnson","DISTRICT_CODE":"IC.07","PRECINCT":"IC.07","POLLING_PLACE":"IC07 WEST HIGH SCHOOL","ADDR_LINE_1":"2901 MELROSE AVE","CITY_1":"IOWA CITY","ZIP":"52246","House_Dist":74,"Senate_Dis":"37","Congressio":"2","SOSID_NEW":"52_IC.07"}},{"type":"Feature","id":881,"geometry":{"type":"Point","coordinates":[-91.60758398899992,41.65716035500009]},"properties":{"OBJECTID_12":881,"COUNTY":"Johnson","DISTRICT_CODE":"UN","PRECINCT":"UN","POLLING_PLACE":"UN JOHNSON COUNTY MAINT. SHOP","ADDR_LINE_1":"4810 MELROSE AVE W","CITY_1":"IOWA CITY","ZIP":"52246","House_Dist":74,"Senate_Dis":"37","Congressio":"2","SOSID_NEW":"52_UN"}},{"type":"Feature","id":882,"geometry":{"type":"Point","coordinates":[-91.5749262299999,41.65986692000007]},"properties":{"OBJECTID_12":882,"COUNTY":"Johnson","DISTRICT_CODE":"IC.09","PRECINCT":"IC.09","POLLING_PLACE":"IC09 UI ATHLETICS HALL OF FAME","ADDR_LINE_1":"2425 PRAIRIE MEADOWS DR","CITY_1":"IOWA CITY","ZIP":"52246","House_Dist":74,"Senate_Dis":"37","Congressio":"2","SOSID_NEW":"52_IC.09"}},{"type":"Feature","id":883,"geometry":{"type":"Point","coordinates":[-91.60546692999992,41.709888867000075]},"properties":{"OBJECTID_12":883,"COUNTY":"Johnson","DISTRICT_CODE":"CV.03","PRECINCT":"CV.03","POLLING_PLACE":"CV03 STATE HYGIENIC LAB","ADDR_LINE_1":"2490 CROSSPARK RD","CITY_1":"CORALVILLE","ZIP":"52241","House_Dist":74,"Senate_Dis":"37","Congressio":"2","SOSID_NEW":"52_CV.03"}},{"type":"Feature","id":884,"geometry":{"type":"Point","coordinates":[-91.57783794699992,41.704918160000034]},"properties":{"OBJECTID_12":884,"COUNTY":"Johnson","DISTRICT_CODE":"CV.06","PRECINCT":"CV.06","POLLING_PLACE":"CV06 WICKHAM ELEMENTARY SCHOOL","ADDR_LINE_1":"601 OAKDALE BLVD","CITY_1":"CORALVILLE","ZIP":"52241","House_Dist":74,"Senate_Dis":"37","Congressio":"2","SOSID_NEW":"52_CV.06"}},{"type":"Feature","id":885,"geometry":{"type":"Point","coordinates":[-91.59603059199992,41.694904045000044]},"properties":{"OBJECTID_12":885,"COUNTY":"Johnson","DISTRICT_CODE":"CV.07","PRECINCT":"CV.07","POLLING_PLACE":"CV07 NORTH RIDGE PAVILION","ADDR_LINE_1":"2250 HOLIDAY RD","CITY_1":"CORALVILLE","ZIP":"52241","House_Dist":74,"Senate_Dis":"37","Congressio":"2","SOSID_NEW":"52_CV.07"}},{"type":"Feature","id":886,"geometry":{"type":"Point","coordinates":[-91.56519948899995,41.69873209300005]},"properties":{"OBJECTID_12":886,"COUNTY":"Johnson","DISTRICT_CODE":"CV.02","PRECINCT":"CV.02","POLLING_PLACE":"CV02 BROWN DEER GOLF CLUB","ADDR_LINE_1":"1900 COUNTRY CLUB DR","CITY_1":"CORALVILLE","ZIP":"52241","House_Dist":74,"Senate_Dis":"37","Congressio":"2","SOSID_NEW":"52_CV.02"}},{"type":"Feature","id":887,"geometry":{"type":"Point","coordinates":[-91.58387272899995,41.68180034900007]},"properties":{"OBJECTID_12":887,"COUNTY":"Johnson","DISTRICT_CODE":"CV.05","PRECINCT":"CV.05","POLLING_PLACE":"CV05 NORTHWEST JR HIGH SCHOOL","ADDR_LINE_1":"1507 8TH ST","CITY_1":"CORALVILLE","ZIP":"52241","House_Dist":74,"Senate_Dis":"37","Congressio":"2","SOSID_NEW":"52_CV.05"}},{"type":"Feature","id":888,"geometry":{"type":"Point","coordinates":[-91.57229939399991,41.67578830800005]},"properties":{"OBJECTID_12":888,"COUNTY":"Johnson","DISTRICT_CODE":"CV.01","PRECINCT":"CV.01","POLLING_PLACE":"CV01 CENTRAL ELEMENTARY SCHOOL","ADDR_LINE_1":"501 6TH ST","CITY_1":"CORALVILLE","ZIP":"52241","House_Dist":74,"Senate_Dis":"37","Congressio":"2","SOSID_NEW":"52_CV.01"}},{"type":"Feature","id":889,"geometry":{"type":"Point","coordinates":[-91.5964454789999,41.64421785800005]},"properties":{"OBJECTID_12":889,"COUNTY":"Johnson","DISTRICT_CODE":"IC.08","PRECINCT":"IC.08","POLLING_PLACE":"IC08 WEBER ELEMENTARY SCHOOL","ADDR_LINE_1":"3850 ROHRET RD","CITY_1":"IOWA CITY","ZIP":"52246","House_Dist":74,"Senate_Dis":"37","Congressio":"2","SOSID_NEW":"52_IC.08"}},{"type":"Feature","id":890,"geometry":{"type":"Point","coordinates":[-91.66584635499993,41.70392002500006]},"properties":{"OBJECTID_12":890,"COUNTY":"Johnson","DISTRICT_CODE":"CC","PRECINCT":"CC","POLLING_PLACE":"CC TIFFIN CITY HALL","ADDR_LINE_1":"300 RAILROAD ST","CITY_1":"TIFFIN","ZIP":"52340","House_Dist":77,"Senate_Dis":"39","Congressio":"2","SOSID_NEW":"52_CC"}},{"type":"Feature","id":891,"geometry":{"type":"Point","coordinates":[-91.42565361999993,41.49019084300005]},"properties":{"OBJECTID_12":891,"COUNTY":"Johnson","DISTRICT_CODE":"FR","PRECINCT":"FR","POLLING_PLACE":"FR LONE TREE AMERICAN LEGION","ADDR_LINE_1":"300 N DEVOE ST","CITY_1":"LONE TREE","ZIP":"52755","House_Dist":77,"Senate_Dis":"39","Congressio":"2","SOSID_NEW":"52_FR"}},{"type":"Feature","id":892,"geometry":{"type":"Point","coordinates":[-91.65110861499994,41.847739768000054]},"properties":{"OBJECTID_12":892,"COUNTY":"Johnson","DISTRICT_CODE":"JE","PRECINCT":"JE","POLLING_PLACE":"SH SHUEYVILLE COMM BLDG","ADDR_LINE_1":"2863 120TH ST NE","CITY_1":"SWISHER","ZIP":"52338","House_Dist":77,"Senate_Dis":"39","Congressio":"2","SOSID_NEW":"52_JE"}},{"type":"Feature","id":893,"geometry":{"type":"Point","coordinates":[-91.6936207409999,41.844608108000045]},"properties":{"OBJECTID_12":893,"COUNTY":"Johnson","DISTRICT_CODE":"JW","PRECINCT":"JW","POLLING_PLACE":"SW SWISHER AMERICAN LEGION","ADDR_LINE_1":"68 3RD ST SE","CITY_1":"SWISHER","ZIP":"52338","House_Dist":77,"Senate_Dis":"39","Congressio":"2","SOSID_NEW":"52_JW"}},{"type":"Feature","id":894,"geometry":{"type":"Point","coordinates":[-91.79069693299994,41.72452104700005]},"properties":{"OBJECTID_12":894,"COUNTY":"Johnson","DISTRICT_CODE":"OX","PRECINCT":"OX","POLLING_PLACE":"OX OXFORD CITY HALL","ADDR_LINE_1":"205 N AUGUSTA AVE","CITY_1":"OXFORD","ZIP":"52322","House_Dist":77,"Senate_Dis":"39","Congressio":"2","SOSID_NEW":"52_OX"}},{"type":"Feature","id":895,"geometry":{"type":"Point","coordinates":[-91.6925546999999,41.55473398500004]},"properties":{"OBJECTID_12":895,"COUNTY":"Johnson","DISTRICT_CODE":"SN","PRECINCT":"SN","POLLING_PLACE":"SN SHARON CENTER METHODIST CHURCH","ADDR_LINE_1":"2804 520TH ST SW","CITY_1":"KALONA","ZIP":"52247","House_Dist":77,"Senate_Dis":"39","Congressio":"2","SOSID_NEW":"52_SN"}},{"type":"Feature","id":896,"geometry":{"type":"Point","coordinates":[-91.77095767999992,41.54665447800005]},"properties":{"OBJECTID_12":896,"COUNTY":"Johnson","DISTRICT_CODE":"WS","PRECINCT":"WS","POLLING_PLACE":"WS WASHINGTON TWP SCHOOL","ADDR_LINE_1":"1592 ANGLE RD SW ","CITY_1":"KALONA","ZIP":"52247","House_Dist":77,"Senate_Dis":"39","Congressio":"2","SOSID_NEW":"52_WS"}},{"type":"Feature","id":897,"geometry":{"type":"Point","coordinates":[-91.61696338299993,41.73733814500008]},"properties":{"OBJECTID_12":897,"COUNTY":"Johnson","DISTRICT_CODE":"NL.06","PRECINCT":"NL.06","POLLING_PLACE":"NL06 NORTH BEND ELEMENTARY SCHOOL","ADDR_LINE_1":"2230 ST ANDREWS DR","CITY_1":"NORTH LIBERTY","ZIP":"52317","House_Dist":77,"Senate_Dis":"39","Congressio":"2","SOSID_NEW":"52_NL.06"}},{"type":"Feature","id":898,"geometry":{"type":"Point","coordinates":[-91.6065364239999,41.74942572700007]},"properties":{"OBJECTID_12":898,"COUNTY":"Johnson","DISTRICT_CODE":"NL.01","PRECINCT":"NL.01","POLLING_PLACE":"NL01 NL COMMUNITY LIBRARY","ADDR_LINE_1":"520 W CHERRY ST","CITY_1":"NORTH LIBERTY","ZIP":"52317","House_Dist":77,"Senate_Dis":"39","Congressio":"2","SOSID_NEW":"52_NL.01"}},{"type":"Feature","id":899,"geometry":{"type":"Point","coordinates":[-91.6065364239999,41.74942572700007]},"properties":{"OBJECTID_12":899,"COUNTY":"Johnson","DISTRICT_CODE":"NL.05","PRECINCT":"NL.05","POLLING_PLACE":"NL05 NL COMMUNITY LIBRARY","ADDR_LINE_1":"520 W CHERRY ST","CITY_1":"NORTH LIBERTY","ZIP":"52317","House_Dist":77,"Senate_Dis":"39","Congressio":"2","SOSID_NEW":"52_NL.05"}},{"type":"Feature","id":900,"geometry":{"type":"Point","coordinates":[-91.59572984999994,41.741598251000084]},"properties":{"OBJECTID_12":900,"COUNTY":"Johnson","DISTRICT_CODE":"NL.02","PRECINCT":"NL.02","POLLING_PLACE":"NL02 GARNER ELEMENTARY SCHOOL","ADDR_LINE_1":"80 BIRCH CT","CITY_1":"NORTH LIBERTY","ZIP":"52317","House_Dist":77,"Senate_Dis":"39","Congressio":"2","SOSID_NEW":"52_NL.02"}},{"type":"Feature","id":901,"geometry":{"type":"Point","coordinates":[-91.5957403399999,41.72291845700005]},"properties":{"OBJECTID_12":901,"COUNTY":"Johnson","DISTRICT_CODE":"NL.04","PRECINCT":"NL.04","POLLING_PLACE":"NL04 NORTH CENTRAL JR HIGH SCHOOL","ADDR_LINE_1":"180 E FOREVERGREEN RD","CITY_1":"NORTH LIBERTY","ZIP":"52317","House_Dist":77,"Senate_Dis":"39","Congressio":"2","SOSID_NEW":"52_NL.04"}},{"type":"Feature","id":902,"geometry":{"type":"Point","coordinates":[-91.59792569099994,41.75738172800004]},"properties":{"OBJECTID_12":902,"COUNTY":"Johnson","DISTRICT_CODE":"NL.03","PRECINCT":"NL.03","POLLING_PLACE":"NL03  SOUTH SLOPE COMMUNICATIONS","ADDR_LINE_1":"980 N FRONT ST","CITY_1":"NORTH LIBERTY","ZIP":"52317","House_Dist":77,"Senate_Dis":"39","Congressio":"2","SOSID_NEW":"52_NL.03"}},{"type":"Feature","id":903,"geometry":{"type":"Point","coordinates":[-91.59688138399991,41.748313980000034]},"properties":{"OBJECTID_12":903,"COUNTY":"Johnson","DISTRICT_CODE":"PN","PRECINCT":"PN","POLLING_PLACE":"PN PENN ELEMENTARY SCHOOL","ADDR_LINE_1":"230 N DUBUQUE ST","CITY_1":"NORTH LIBERTY","ZIP":"52317","House_Dist":77,"Senate_Dis":"39","Congressio":"2","SOSID_NEW":"52_PN"}},{"type":"Feature","id":904,"geometry":{"type":"Point","coordinates":[-91.95240006499995,41.36388806100007]},"properties":{"OBJECTID_12":904,"COUNTY":"Keokuk","DISTRICT_CODE":"LF/CC","PRECINCT":"Lafayette/Clear Creek","POLLING_PLACE":"LIBERTYVILLE SAVINGS BANK","ADDR_LINE_1":"225 E BROADWAY AVE","CITY_1":"KEOTA","ZIP":"52248","House_Dist":78,"Senate_Dis":"39","Congressio":"2","SOSID_NEW":"54_LF/CC"}},{"type":"Feature","id":905,"geometry":{"type":"Point","coordinates":[-92.33214059199992,41.455614515000036]},"properties":{"OBJECTID_12":905,"COUNTY":"Keokuk","DISTRICT_CODE":"PR","PRECINCT":"Prairie","POLLING_PLACE":"THORNBURG CITY HALL","ADDR_LINE_1":"501 GLEN ST","CITY_1":"THORNBURG","ZIP":"50255","House_Dist":78,"Senate_Dis":"39","Congressio":"2","SOSID_NEW":"54_PR"}},{"type":"Feature","id":906,"geometry":{"type":"Point","coordinates":[-91.99453712399992,41.184851310000056]},"properties":{"OBJECTID_12":906,"COUNTY":"Keokuk","DISTRICT_CODE":"RL","PRECINCT":"Richland","POLLING_PLACE":"RICHLAND CITY HALL","ADDR_LINE_1":"109 N RICHLAND ST","CITY_1":"RICHLAND","ZIP":"52585","House_Dist":78,"Senate_Dis":"39","Congressio":"2","SOSID_NEW":"54_RL"}},{"type":"Feature","id":907,"geometry":{"type":"Point","coordinates":[-92.18089265599991,41.336811115000046]},"properties":{"OBJECTID_12":907,"COUNTY":"Keokuk","DISTRICT_CODE":"SG1","PRECINCT":"Sigourney 1","POLLING_PLACE":"SG1 - KEOKUK COUNTY EXPO","ADDR_LINE_1":"400 220TH AVE","CITY_1":"SIGOURNEY","ZIP":"52591","House_Dist":78,"Senate_Dis":"39","Congressio":"2","SOSID_NEW":"54_SG1"}},{"type":"Feature","id":908,"geometry":{"type":"Point","coordinates":[-92.18089265599991,41.336811115000046]},"properties":{"OBJECTID_12":908,"COUNTY":"Keokuk","DISTRICT_CODE":"SG2","PRECINCT":"Sigourney 2","POLLING_PLACE":"SG 2 - KEOKUK COUNTY EXPO","ADDR_LINE_1":"400 220TH AVE","CITY_1":"SIGOURNEY","ZIP":"52591","House_Dist":78,"Senate_Dis":"39","Congressio":"2","SOSID_NEW":"54_SG2"}},{"type":"Feature","id":909,"geometry":{"type":"Point","coordinates":[-92.18089265599991,41.336811115000046]},"properties":{"OBJECTID_12":909,"COUNTY":"Keokuk","DISTRICT_CODE":"SG3","PRECINCT":"Sigourney 3","POLLING_PLACE":"SG 3 - KEOKUK COUNTY EXPO","ADDR_LINE_1":"400 220TH AVE","CITY_1":"SIGOURNEY","ZIP":"52591","House_Dist":78,"Senate_Dis":"39","Congressio":"2","SOSID_NEW":"54_SG3"}},{"type":"Feature","id":910,"geometry":{"type":"Point","coordinates":[-92.18089265599991,41.336811115000046]},"properties":{"OBJECTID_12":910,"COUNTY":"Keokuk","DISTRICT_CODE":"SG4","PRECINCT":"Sigourney 4","POLLING_PLACE":"SG 4- KEOKUK COUNTY EXPO","ADDR_LINE_1":"400 220TH AVE","CITY_1":"SIGOURNEY","ZIP":"52591","House_Dist":78,"Senate_Dis":"39","Congressio":"2","SOSID_NEW":"54_SG4"}},{"type":"Feature","id":911,"geometry":{"type":"Point","coordinates":[-92.18089265599991,41.336811115000046]},"properties":{"OBJECTID_12":911,"COUNTY":"Keokuk","DISTRICT_CODE":"SGR","PRECINCT":"Sigourney Plank Van Buren","POLLING_PLACE":"KEOKUK COUNTY EXPO","ADDR_LINE_1":"400 220TH AVE","CITY_1":"SIGOURNEY","ZIP":"52591","House_Dist":78,"Senate_Dis":"39","Congressio":"2","SOSID_NEW":"54_SGR"}},{"type":"Feature","id":912,"geometry":{"type":"Point","coordinates":[-92.33097040899992,41.32360767700004]},"properties":{"OBJECTID_12":912,"COUNTY":"Keokuk","DISTRICT_CODE":"WN","PRECINCT":"Warren","POLLING_PLACE":"DELTA CITY HALL","ADDR_LINE_1":"104 N 2ND ST W","CITY_1":"DELTA","ZIP":"52550","House_Dist":78,"Senate_Dis":"39","Congressio":"2","SOSID_NEW":"54_WN"}},{"type":"Feature","id":913,"geometry":{"type":"Point","coordinates":[-92.35471672199992,41.39988049600004]},"properties":{"OBJECTID_12":913,"COUNTY":"Keokuk","DISTRICT_CODE":"WC","PRECINCT":"What Cheer Washington","POLLING_PLACE":"WHAT CHEER CITY HALL","ADDR_LINE_1":"308 S BARNES ST","CITY_1":"WHAT CHEER","ZIP":"50268","House_Dist":78,"Senate_Dis":"39","Congressio":"2","SOSID_NEW":"54_WC"}},{"type":"Feature","id":914,"geometry":{"type":"Point","coordinates":[-92.90718206399993,41.129146338000055]},"properties":{"OBJECTID_12":914,"COUNTY":"Monroe","DISTRICT_CODE":"LOVILIA","PRECINCT":"Precinct Lovilia(CE/UN/BC/LV)","POLLING_PLACE":"LOVILIA COMMUNITY CENTER","ADDR_LINE_1":"608 W 7TH ","CITY_1":"LOVILIA","ZIP":"50150","House_Dist":80,"Senate_Dis":"40","Congressio":"2","SOSID_NEW":"68_LOVILIA"}},{"type":"Feature","id":915,"geometry":{"type":"Point","coordinates":[-93.04791620599991,40.976196161000075]},"properties":{"OBJECTID_12":915,"COUNTY":"Monroe","DISTRICT_CODE":"MELROSE","PRECINCT":"Precinct Melrose(JK/WY/FR/ML)","POLLING_PLACE":"ST PATRICK'S CHURCH","ADDR_LINE_1":"200 SHAMROCK","CITY_1":"MELROSE","ZIP":"52569","House_Dist":80,"Senate_Dis":"40","Congressio":"2","SOSID_NEW":"68_MELROSE"}},{"type":"Feature","id":916,"geometry":{"type":"Point","coordinates":[-92.80583371599994,41.029331264000064]},"properties":{"OBJECTID_12":916,"COUNTY":"Monroe","DISTRICT_CODE":"AL1","PRECINCT":"Precinct Al1","POLLING_PLACE":"LINCOLN CENTER","ADDR_LINE_1":"222 N 2ND ST","CITY_1":"ALBIA","ZIP":"52531","House_Dist":80,"Senate_Dis":"40","Congressio":"2","SOSID_NEW":"68_AL1"}},{"type":"Feature","id":917,"geometry":{"type":"Point","coordinates":[-92.81032096899992,41.02527758400004]},"properties":{"OBJECTID_12":917,"COUNTY":"Monroe","DISTRICT_CODE":"AL2","PRECINCT":"Precinct Al2","POLLING_PLACE":"ALBIA FIRE STATION","ADDR_LINE_1":"115 2ND AVE W","CITY_1":"ALBIA","ZIP":"52531","House_Dist":80,"Senate_Dis":"40","Congressio":"2","SOSID_NEW":"68_AL2"}},{"type":"Feature","id":918,"geometry":{"type":"Point","coordinates":[-92.80892682099994,41.01963038800005]},"properties":{"OBJECTID_12":918,"COUNTY":"Monroe","DISTRICT_CODE":"AL3","PRECINCT":"Precinct Al3","POLLING_PLACE":"GRANT ELEMENTARY SCHOOL","ADDR_LINE_1":"S CLINTON ST","CITY_1":"ALBIA","ZIP":"52531","House_Dist":80,"Senate_Dis":"40","Congressio":"2","SOSID_NEW":"68_AL3"}},{"type":"Feature","id":919,"geometry":{"type":"Point","coordinates":[-92.80816403299991,41.02710631300005]},"properties":{"OBJECTID_12":919,"COUNTY":"Monroe","DISTRICT_CODE":"CTHSE","PRECINCT":"Precinct Courthse(TR/MT/GL/UR/MN/PL)","POLLING_PLACE":"COURTHOUSE","ADDR_LINE_1":"10 BENTON AVE E","CITY_1":"ALBIA","ZIP":"52531","House_Dist":80,"Senate_Dis":"40","Congressio":"2","SOSID_NEW":"68_CTHSE"}},{"type":"Feature","id":920,"geometry":{"type":"Point","coordinates":[-92.80001726699993,41.02623118300005]},"properties":{"OBJECTID_12":920,"COUNTY":"Monroe","DISTRICT_CODE":"AL4","PRECINCT":"Precinct Al4","POLLING_PLACE":"KENDALL CENTER","ADDR_LINE_1":"701 WASHINGTON AVE E","CITY_1":"ALBIA","ZIP":"52531","House_Dist":80,"Senate_Dis":"40","Congressio":"2","SOSID_NEW":"68_AL4"}},{"type":"Feature","id":921,"geometry":{"type":"Point","coordinates":[-92.47463753799991,41.50320572000004]},"properties":{"OBJECTID_12":921,"COUNTY":"Mahaska","DISTRICT_CODE":"AD","PRECINCT":"Adams -  Monroe - Pleasant Grove - Union","POLLING_PLACE":"UNION MILLS CHRISTIAN CHURCH ACTIVITY BLDG","ADDR_LINE_1":"1405 PARKIN AVENUE","CITY_1":"UNION MILLS","ZIP":"50027","House_Dist":80,"Senate_Dis":"40","Congressio":"2","SOSID_NEW":"62_AD"}},{"type":"Feature","id":922,"geometry":{"type":"Point","coordinates":[-92.43667803699992,41.21260914800007]},"properties":{"OBJECTID_12":922,"COUNTY":"Mahaska","DISTRICT_CODE":"CE","PRECINCT":"CEDAR - HARRISON - WHITE OAK","POLLING_PLACE":"FREMONT COMMUNITY BUILDING","ADDR_LINE_1":"107 EAST MAIN STREET","CITY_1":"FREMONT ","ZIP":"52561","House_Dist":80,"Senate_Dis":"40","Congressio":"2","SOSID_NEW":"62_CE"}},{"type":"Feature","id":923,"geometry":{"type":"Point","coordinates":[-92.53634501999994,41.28836656700008]},"properties":{"OBJECTID_12":923,"COUNTY":"Mahaska","DISTRICT_CODE":"SP","PRECINCT":"SPRING CREEK","POLLING_PLACE":"KEOMAH VILLAGE COMMUNITY BUILDING","ADDR_LINE_1":"399 KEOMAH VILLAGE","CITY_1":"OSKALOOSA","ZIP":"52577","House_Dist":80,"Senate_Dis":"40","Congressio":"2","SOSID_NEW":"62_SP"}},{"type":"Feature","id":924,"geometry":{"type":"Point","coordinates":[-92.9161642059999,41.43287987500008]},"properties":{"OBJECTID_12":924,"COUNTY":"Marion","DISTRICT_CODE":"LP","PRECINCT":"Lake Prairie","POLLING_PLACE":"HEARTLAND REFORMED CHURCH","ADDR_LINE_1":"628 HWY T14","CITY_1":"PELLA","ZIP":"50219","House_Dist":79,"Senate_Dis":"40","Congressio":"2","SOSID_NEW":"63_LP"}},{"type":"Feature","id":925,"geometry":{"type":"Point","coordinates":[-92.91298350099993,41.40590040900008]},"properties":{"OBJECTID_12":925,"COUNTY":"Marion","DISTRICT_CODE":"PE1","PRECINCT":"Pella City Ward 1","POLLING_PLACE":"TRINITY REFORMED CHURCH ACTIVITY CTR","ADDR_LINE_1":"708 E SECOND ST","CITY_1":"PELLA","ZIP":"50219","House_Dist":79,"Senate_Dis":"40","Congressio":"2","SOSID_NEW":"63_PE1"}},{"type":"Feature","id":926,"geometry":{"type":"Point","coordinates":[-92.9298882089999,41.400037842000074]},"properties":{"OBJECTID_12":926,"COUNTY":"Marion","DISTRICT_CODE":"PE4","PRECINCT":"Pella City Ward 4","POLLING_PLACE":"UNITED METHODIST CHURCH OF PELLA","ADDR_LINE_1":"1414 UNIVERSITY ST","CITY_1":"PELLA","ZIP":"50219","House_Dist":79,"Senate_Dis":"40","Congressio":"2","SOSID_NEW":"63_PE4"}},{"type":"Feature","id":927,"geometry":{"type":"Point","coordinates":[-92.91296019099991,41.417398268000056]},"properties":{"OBJECTID_12":927,"COUNTY":"Marion","DISTRICT_CODE":"PE2","PRECINCT":"Pella City Ward 2","POLLING_PLACE":"CALVARY CHURCH","ADDR_LINE_1":"408 MAPLE ST","CITY_1":"PELLA","ZIP":"50219","House_Dist":79,"Senate_Dis":"40","Congressio":"2","SOSID_NEW":"63_PE2"}},{"type":"Feature","id":928,"geometry":{"type":"Point","coordinates":[-92.9183367359999,41.40764169700009]},"properties":{"OBJECTID_12":928,"COUNTY":"Marion","DISTRICT_CODE":"PE3","PRECINCT":"Pella City Ward 3","POLLING_PLACE":"PELLA LEGION HALL","ADDR_LINE_1":"829 BROADWAY ST","CITY_1":"PELLA","ZIP":"50219","House_Dist":79,"Senate_Dis":"40","Congressio":"2","SOSID_NEW":"63_PE3"}},{"type":"Feature","id":929,"geometry":{"type":"Point","coordinates":[-92.78610728399991,41.339961094000046]},"properties":{"OBJECTID_12":929,"COUNTY":"Mahaska","DISTRICT_CODE":"BO","PRECINCT":"Black Oak Scott","POLLING_PLACE":"LEIGHTON CHRISTIAN REFORMED CHURCH","ADDR_LINE_1":"415 REID STREET","CITY_1":"LEIGHTON","ZIP":"50143","House_Dist":79,"Senate_Dis":"40","Congressio":"2","SOSID_NEW":"62_BO"}},{"type":"Feature","id":930,"geometry":{"type":"Point","coordinates":[-92.7305040949999,41.19345446600005]},"properties":{"OBJECTID_12":930,"COUNTY":"Mahaska","DISTRICT_CODE":"ED","PRECINCT":"E&W DES MOINES - JEFFERSON","POLLING_PLACE":"MAINTAINER SHOP TRUAX","ADDR_LINE_1":"101 LAKONTA OAK STREET","CITY_1":"EDDYVILLE ","ZIP":"52553","House_Dist":79,"Senate_Dis":"40","Congressio":"2","SOSID_NEW":"62_ED"}},{"type":"Feature","id":931,"geometry":{"type":"Point","coordinates":[-92.6556144569999,41.29684033700005]},"properties":{"OBJECTID_12":931,"COUNTY":"Mahaska","DISTRICT_CODE":"OS1","PRECINCT":"Oskaloosa Ward 1","POLLING_PLACE":"AEA / AG EXTENSION OFFICE BLDG","ADDR_LINE_1":"212 NORTH I STREET","CITY_1":"OSKALOOSA","ZIP":"52577","House_Dist":79,"Senate_Dis":"40","Congressio":"2","SOSID_NEW":"62_OS1"}},{"type":"Feature","id":932,"geometry":{"type":"Point","coordinates":[-92.65564568499991,41.296212850000074]},"properties":{"OBJECTID_12":932,"COUNTY":"Mahaska","DISTRICT_CODE":"OS2","PRECINCT":"Oskaloosa Ward 2","POLLING_PLACE":"FELLOWSHIP BIBLE ACTIVITY BLDG","ADDR_LINE_1":"A AVE WEST & NORTH I STREET","CITY_1":"OSKALOOSA","ZIP":"52577","House_Dist":79,"Senate_Dis":"40","Congressio":"2","SOSID_NEW":"62_OS2"}},{"type":"Feature","id":933,"geometry":{"type":"Point","coordinates":[-92.6367341909999,41.29147078400007]},"properties":{"OBJECTID_12":933,"COUNTY":"Mahaska","DISTRICT_CODE":"OS3","PRECINCT":"OSKALOOSA WARD 3 - UNIVERSITY PARK","POLLING_PLACE":"OLD WEBSTER SCHOOL BLDG.","ADDR_LINE_1":"508 SOUTH 7TH STREET","CITY_1":"OSKALOOSA","ZIP":"52577","House_Dist":79,"Senate_Dis":"40","Congressio":"2","SOSID_NEW":"62_OS3"}},{"type":"Feature","id":934,"geometry":{"type":"Point","coordinates":[-92.6370803509999,41.297187661000066]},"properties":{"OBJECTID_12":934,"COUNTY":"Mahaska","DISTRICT_CODE":"OS4","PRECINCT":"Oskaloosa Ward 4","POLLING_PLACE":"OLD GRANT SCHOOL BLDG","ADDR_LINE_1":"715 B AVE EAST","CITY_1":"OSKALOOSA","ZIP":"52577","House_Dist":79,"Senate_Dis":"40","Congressio":"2","SOSID_NEW":"62_OS4"}},{"type":"Feature","id":935,"geometry":{"type":"Point","coordinates":[-92.66969493599993,41.30527630100005]},"properties":{"OBJECTID_12":935,"COUNTY":"Mahaska","DISTRICT_CODE":"GF","PRECINCT":"Garfield-Lincoln-Madison","POLLING_PLACE":"NEW COUNTY SHOP BLDG","ADDR_LINE_1":"2074 HWY 163","CITY_1":"OSKALOOSA","ZIP":"52577","House_Dist":79,"Senate_Dis":"40","Congressio":"2","SOSID_NEW":"62_GF"}},{"type":"Feature","id":936,"geometry":{"type":"Point","coordinates":[-92.65160998899995,41.470587908000084]},"properties":{"OBJECTID_12":936,"COUNTY":"Mahaska","DISTRICT_CODE":"PR","PRECINCT":"Prairie - Richland","POLLING_PLACE":"NEW SHARON CITY PARK BLDG","ADDR_LINE_1":"102 WEST HIGH STREET","CITY_1":"NEW SHARON","ZIP":"50207","House_Dist":79,"Senate_Dis":"40","Congressio":"2","SOSID_NEW":"62_PR"}},{"type":"Feature","id":937,"geometry":{"type":"Point","coordinates":[-91.98836915599992,41.00641098400007]},"properties":{"OBJECTID_12":937,"COUNTY":"Jefferson","DISTRICT_CODE":"CT","PRECINCT":"Center Cedar","POLLING_PLACE":"JEFFERSON CO AG GROUNDS ACTIVITY BLDG","ADDR_LINE_1":"2006 W BURLINGTON","CITY_1":"FAIRFIELD","ZIP":"52556","House_Dist":82,"Senate_Dis":"41","Congressio":"2","SOSID_NEW":"51_CT"}},{"type":"Feature","id":938,"geometry":{"type":"Point","coordinates":[-91.96940994999994,41.008649483000056]},"properties":{"OBJECTID_12":938,"COUNTY":"Jefferson","DISTRICT_CODE":"FF3","PRECINCT":"Fairfield 3","POLLING_PLACE":"NAZARENE FAMILY CENTER","ADDR_LINE_1":"507 W BRIGGS","CITY_1":"FAIRFIELD","ZIP":"52556","House_Dist":82,"Senate_Dis":"41","Congressio":"2","SOSID_NEW":"51_FF3"}},{"type":"Feature","id":939,"geometry":{"type":"Point","coordinates":[-92.08489783999994,41.13406155200005]},"properties":{"OBJECTID_12":939,"COUNTY":"Jefferson","DISTRICT_CODE":"BH-PO","PRECINCT":"Blackhawk Polk","POLLING_PLACE":"PACKWOOD FIRE STATION","ADDR_LINE_1":"112 N MAIN","CITY_1":"PACKWOOD","ZIP":"52580","House_Dist":82,"Senate_Dis":"41","Congressio":"2","SOSID_NEW":"51_BH-PO"}},{"type":"Feature","id":940,"geometry":{"type":"Point","coordinates":[-92.04969634199995,40.95941059000006]},"properties":{"OBJECTID_12":940,"COUNTY":"Jefferson","DISTRICT_CODE":"DM","PRECINCT":"Des Moines Liberty","POLLING_PLACE":"LIBERTYVILLE COMMUNITY CENTER","ADDR_LINE_1":"110 N MAIN","CITY_1":"LIBERTYVILLE","ZIP":"52567","House_Dist":82,"Senate_Dis":"41","Congressio":"2","SOSID_NEW":"51_DM"}},{"type":"Feature","id":941,"geometry":{"type":"Point","coordinates":[-92.16730829799991,40.995861379000075]},"properties":{"OBJECTID_12":941,"COUNTY":"Jefferson","DISTRICT_CODE":"LG","PRECINCT":"Locust Grove","POLLING_PLACE":"BATAVIA COMMUNITY CENTER","ADDR_LINE_1":"1006 3RD ST","CITY_1":"BATAVIA","ZIP":"52533","House_Dist":82,"Senate_Dis":"41","Congressio":"2","SOSID_NEW":"51_LG"}},{"type":"Feature","id":942,"geometry":{"type":"Point","coordinates":[-91.8692718769999,41.14956019200008]},"properties":{"OBJECTID_12":942,"COUNTY":"Jefferson","DISTRICT_CODE":"PN","PRECINCT":"Penn","POLLING_PLACE":"PLEASANT PLAIN COMMUNITY CENTER","ADDR_LINE_1":"PLEASANT PLAIN COMMUNITY CENTER","CITY_1":"PLEASANT PLAIN","ZIP":"52540","House_Dist":82,"Senate_Dis":"41","Congressio":"2","SOSID_NEW":"51_PN"}},{"type":"Feature","id":943,"geometry":{"type":"Point","coordinates":[-91.96813405799992,41.01382632200006]},"properties":{"OBJECTID_12":943,"COUNTY":"Jefferson","DISTRICT_CODE":"FF2","PRECINCT":"Fairfield 2","POLLING_PLACE":"LINCOLN SCHOOL","ADDR_LINE_1":"401 W STONE","CITY_1":"FAIRFIELD","ZIP":"52556","House_Dist":82,"Senate_Dis":"41","Congressio":"2","SOSID_NEW":"51_FF2"}},{"type":"Feature","id":944,"geometry":{"type":"Point","coordinates":[-91.97044333299993,40.997921950000034]},"properties":{"OBJECTID_12":944,"COUNTY":"Jefferson","DISTRICT_CODE":"FF5","PRECINCT":"Fairfield 5","POLLING_PLACE":"PENCE SCHOOL BLDG","ADDR_LINE_1":"1006 S 6TH ST","CITY_1":"FAIRFIELD","ZIP":"52556","House_Dist":82,"Senate_Dis":"41","Congressio":"2","SOSID_NEW":"51_FF5"}},{"type":"Feature","id":945,"geometry":{"type":"Point","coordinates":[-91.95523751699994,41.00769588900005]},"properties":{"OBJECTID_12":945,"COUNTY":"Jefferson","DISTRICT_CODE":"FF1","PRECINCT":"Fairfield 1","POLLING_PLACE":"FAIRFIELD HIGH SCHOOL GYM LOBBY","ADDR_LINE_1":"605 E BROADWAY","CITY_1":"FAIRFIELD","ZIP":"52556","House_Dist":82,"Senate_Dis":"41","Congressio":"2","SOSID_NEW":"51_FF1"}},{"type":"Feature","id":946,"geometry":{"type":"Point","coordinates":[-91.96245005299994,41.00868104300008]},"properties":{"OBJECTID_12":946,"COUNTY":"Jefferson","DISTRICT_CODE":"BU","PRECINCT":"Buchanan","POLLING_PLACE":"FIRST UNITED METHODIST CHURCH","ADDR_LINE_1":"201 N COURT","CITY_1":"FAIRFIELD","ZIP":"52556","House_Dist":82,"Senate_Dis":"41","Congressio":"2","SOSID_NEW":"51_BU"}},{"type":"Feature","id":947,"geometry":{"type":"Point","coordinates":[-91.96313196099993,41.008618485000056]},"properties":{"OBJECTID_12":947,"COUNTY":"Jefferson","DISTRICT_CODE":"FF4","PRECINCT":"Fairfield 4","POLLING_PLACE":"JEFFERSON CO COURTHOUSE","ADDR_LINE_1":"51 E BRIGGS","CITY_1":"FAIRFIELD","ZIP":"52556","House_Dist":82,"Senate_Dis":"41","Congressio":"2","SOSID_NEW":"51_FF4"}},{"type":"Feature","id":948,"geometry":{"type":"Point","coordinates":[-91.23199530999995,40.71033406400005]},"properties":{"OBJECTID_12":948,"COUNTY":"Lee","DISTRICT_CODE":"WS GB","PRECINCT":"Washington Green Bay ","POLLING_PLACE":"GRACE BIBLE CHURCH","ADDR_LINE_1":"3526 175TH ST","CITY_1":"WEVER","ZIP":"52658","House_Dist":83,"Senate_Dis":"42","Congressio":"2","SOSID_NEW":"56_WS GB"}},{"type":"Feature","id":949,"geometry":{"type":"Point","coordinates":[-91.52104221399992,40.577481452000086]},"properties":{"OBJECTID_12":949,"COUNTY":"Lee","DISTRICT_CODE":"CH VB","PRECINCT":"Charleston Van Buren Des Moines","POLLING_PLACE":"CENTRAL LEE HIGH SCHOOL","ADDR_LINE_1":"2642 HWY 218 ","CITY_1":"DONNELLSON","ZIP":"52625","House_Dist":83,"Senate_Dis":"42","Congressio":"2","SOSID_NEW":"56_CH VB"}},{"type":"Feature","id":950,"geometry":{"type":"Point","coordinates":[-91.45405160899992,40.443358077000084]},"properties":{"OBJECTID_12":950,"COUNTY":"Lee","DISTRICT_CODE":"JK","PRECINCT":"Jackson","POLLING_PLACE":"JACKSON TOWNSHIP FIRE STATION","ADDR_LINE_1":"3640 ARGYLE RD","CITY_1":"KEOKUK","ZIP":"52632","House_Dist":83,"Senate_Dis":"42","Congressio":"2","SOSID_NEW":"56_JK"}},{"type":"Feature","id":951,"geometry":{"type":"Point","coordinates":[-91.42108098699993,40.52858600400003]},"properties":{"OBJECTID_12":951,"COUNTY":"Lee","DISTRICT_CODE":"MO","PRECINCT":"Montrose","POLLING_PLACE":"IVOR FOWLER COMMUNITY CENTER","ADDR_LINE_1":"710 MAIN ST","CITY_1":"MONTROSE","ZIP":"52639","House_Dist":83,"Senate_Dis":"42","Congressio":"2","SOSID_NEW":"56_MO"}},{"type":"Feature","id":952,"geometry":{"type":"Point","coordinates":[-91.31183780899994,40.63303237900004]},"properties":{"OBJECTID_12":952,"COUNTY":"Lee","DISTRICT_CODE":"FM1","PRECINCT":"FM 1","POLLING_PLACE":"FORT MADISON CITY HALL","ADDR_LINE_1":"811 AVE E","CITY_1":"FT MADISON","ZIP":"52627","House_Dist":83,"Senate_Dis":"42","Congressio":"2","SOSID_NEW":"56_FM1"}},{"type":"Feature","id":953,"geometry":{"type":"Point","coordinates":[-91.37309447799993,40.62657986900007]},"properties":{"OBJECTID_12":953,"COUNTY":"Lee","DISTRICT_CODE":"FM5","PRECINCT":"FM5/Madison Twp","POLLING_PLACE":"HILLVIEW VILLAGE","ADDR_LINE_1":"1102 48TH ST","CITY_1":"FT MADISON","ZIP":"52627","House_Dist":83,"Senate_Dis":"42","Congressio":"2","SOSID_NEW":"56_FM5"}},{"type":"Feature","id":954,"geometry":{"type":"Point","coordinates":[-91.38634061699992,40.624288456000045]},"properties":{"OBJECTID_12":954,"COUNTY":"Lee","DISTRICT_CODE":"JF","PRECINCT":"Jefferson","POLLING_PLACE":"JIM BAIER FORD, INC","ADDR_LINE_1":"5601 AVE O","CITY_1":"FT MADISON","ZIP":"52627","House_Dist":83,"Senate_Dis":"42","Congressio":"2","SOSID_NEW":"56_JF"}},{"type":"Feature","id":955,"geometry":{"type":"Point","coordinates":[-91.31770079099994,40.63310794800009]},"properties":{"OBJECTID_12":955,"COUNTY":"Lee","DISTRICT_CODE":"FM2","PRECINCT":"FM 2","POLLING_PLACE":"MCALEER HALL","ADDR_LINE_1":"1111 AVE E","CITY_1":"FT MADISON","ZIP":"52627","House_Dist":83,"Senate_Dis":"42","Congressio":"2","SOSID_NEW":"56_FM2"}},{"type":"Feature","id":956,"geometry":{"type":"Point","coordinates":[-91.3321707259999,40.633193031000076]},"properties":{"OBJECTID_12":956,"COUNTY":"Lee","DISTRICT_CODE":"FM3","PRECINCT":"FM 3","POLLING_PLACE":"FORT MADISON PUBLIC LIBRARY","ADDR_LINE_1":"1920 AVE E","CITY_1":"FT MADISON","ZIP":"52627","House_Dist":83,"Senate_Dis":"42","Congressio":"2","SOSID_NEW":"56_FM3"}},{"type":"Feature","id":957,"geometry":{"type":"Point","coordinates":[-91.34223842299991,40.63746486300005]},"properties":{"OBJECTID_12":957,"COUNTY":"Lee","DISTRICT_CODE":"FM4A","PRECINCT":"FM 4A","POLLING_PLACE":"HOLY TRINITY CATHOLIC HIGH SCHOOL A","ADDR_LINE_1":"2600 AVE A","CITY_1":"FT MADISON","ZIP":"52627","House_Dist":83,"Senate_Dis":"42","Congressio":"2","SOSID_NEW":"56_FM4A"}},{"type":"Feature","id":958,"geometry":{"type":"Point","coordinates":[-91.34223842299991,40.63746486300005]},"properties":{"OBJECTID_12":958,"COUNTY":"Lee","DISTRICT_CODE":"FM4B","PRECINCT":"FM4B","POLLING_PLACE":"HOLY TRINITY CATHOLIC HIGH SCHOOL B","ADDR_LINE_1":"2600 AVE A","CITY_1":"FT MADISON","ZIP":"52627","House_Dist":83,"Senate_Dis":"42","Congressio":"2","SOSID_NEW":"56_FM4B"}},{"type":"Feature","id":959,"geometry":{"type":"Point","coordinates":[-91.38108895399995,40.39718522600003]},"properties":{"OBJECTID_12":959,"COUNTY":"Lee","DISTRICT_CODE":"KE3","PRECINCT":"KE3","POLLING_PLACE":"KEOKUK PUBLIC LIBRARY","ADDR_LINE_1":"210 N 5TH ST","CITY_1":"KEOKUK","ZIP":"52632","House_Dist":83,"Senate_Dis":"42","Congressio":"2","SOSID_NEW":"56_KE3"}},{"type":"Feature","id":960,"geometry":{"type":"Point","coordinates":[-91.38463254399994,40.39751672300008]},"properties":{"OBJECTID_12":960,"COUNTY":"Lee","DISTRICT_CODE":"KE1","PRECINCT":"KE1","POLLING_PLACE":"SOUTH LEE CO. COURTHOUSE","ADDR_LINE_1":"25 N 7TH ST","CITY_1":"KEOKUK","ZIP":"52632","House_Dist":83,"Senate_Dis":"42","Congressio":"2","SOSID_NEW":"56_KE1"}},{"type":"Feature","id":961,"geometry":{"type":"Point","coordinates":[-91.38348371299992,40.39588990200008]},"properties":{"OBJECTID_12":961,"COUNTY":"Lee","DISTRICT_CODE":"KE2A","PRECINCT":"KE2A","POLLING_PLACE":"HERITAGE CENTER A","ADDR_LINE_1":"508 MAIN ST","CITY_1":"KEOKUK","ZIP":"52632","House_Dist":83,"Senate_Dis":"42","Congressio":"2","SOSID_NEW":"56_KE2A"}},{"type":"Feature","id":962,"geometry":{"type":"Point","coordinates":[-91.38348371299992,40.39588990200008]},"properties":{"OBJECTID_12":962,"COUNTY":"Lee","DISTRICT_CODE":"KE2B","PRECINCT":"KE2B","POLLING_PLACE":"HERITAGE CENTER B","ADDR_LINE_1":"508 MAIN ST","CITY_1":"KEOKUK","ZIP":"52632","House_Dist":83,"Senate_Dis":"42","Congressio":"2","SOSID_NEW":"56_KE2B"}},{"type":"Feature","id":963,"geometry":{"type":"Point","coordinates":[-91.41367440099992,40.38935334700005]},"properties":{"OBJECTID_12":963,"COUNTY":"Lee","DISTRICT_CODE":"KE4","PRECINCT":"KE4","POLLING_PLACE":"EVANGELICAL FREE CHURCH","ADDR_LINE_1":"2315 S 7TH ST","CITY_1":"KEOKUK","ZIP":"52632","House_Dist":83,"Senate_Dis":"42","Congressio":"2","SOSID_NEW":"56_KE4"}},{"type":"Feature","id":964,"geometry":{"type":"Point","coordinates":[-91.39016853399994,40.41096966300006]},"properties":{"OBJECTID_12":964,"COUNTY":"Lee","DISTRICT_CODE":"KE5","PRECINCT":"KE5","POLLING_PLACE":"LEARNING CENTER","ADDR_LINE_1":"500 NO 20TH ST","CITY_1":"KEOKUK","ZIP":"52632","House_Dist":83,"Senate_Dis":"42","Congressio":"2","SOSID_NEW":"56_KE5"}},{"type":"Feature","id":965,"geometry":{"type":"Point","coordinates":[-91.39718146999991,40.405363986000054]},"properties":{"OBJECTID_12":965,"COUNTY":"Lee","DISTRICT_CODE":"KE6","PRECINCT":"KE6","POLLING_PLACE":"CITY CAR BARN","ADDR_LINE_1":"220 S 19TH ST","CITY_1":"KEOKUK","ZIP":"52632","House_Dist":83,"Senate_Dis":"42","Congressio":"2","SOSID_NEW":"56_KE6"}},{"type":"Feature","id":966,"geometry":{"type":"Point","coordinates":[-91.40615329799994,40.420894660000044]},"properties":{"OBJECTID_12":966,"COUNTY":"Lee","DISTRICT_CODE":"KE7","PRECINCT":"KE7","POLLING_PLACE":"KEOKUK NAZARENE CHURCH","ADDR_LINE_1":"3116 PLANK ROAD","CITY_1":"KEOKUK","ZIP":"52632","House_Dist":83,"Senate_Dis":"42","Congressio":"2","SOSID_NEW":"56_KE7"}},{"type":"Feature","id":967,"geometry":{"type":"Point","coordinates":[-91.56454552499991,40.642769555000086]},"properties":{"OBJECTID_12":967,"COUNTY":"Lee","DISTRICT_CODE":"FR CE","PRECINCT":"Franklin Cedar Marion","POLLING_PLACE":"PILOT GROVE SAVINGS BANK COMMUNITY ROOM","ADDR_LINE_1":"506 N MAIN ST","CITY_1":"DONNELLSON","ZIP":"52625","House_Dist":84,"Senate_Dis":"42","Congressio":"2","SOSID_NEW":"56_FR CE"}},{"type":"Feature","id":968,"geometry":{"type":"Point","coordinates":[-91.56454552499991,40.642769555000086]},"properties":{"OBJECTID_12":968,"COUNTY":"Lee","DISTRICT_CODE":"HR","PRECINCT":"Harrison","POLLING_PLACE":"PILOT GROVE SAVINGS BANK COMMUNITY ROOM HR","ADDR_LINE_1":"506 N MAIN ST","CITY_1":"DONNELLSON","ZIP":"52625","House_Dist":84,"Senate_Dis":"42","Congressio":"2","SOSID_NEW":"56_HR"}},{"type":"Feature","id":969,"geometry":{"type":"Point","coordinates":[-91.45240840699995,40.71695865000004]},"properties":{"OBJECTID_12":969,"COUNTY":"Lee","DISTRICT_CODE":"WPPRDN","PRECINCT":"West Point Pleasant Ridge Denmark","POLLING_PLACE":"WEST POINT LIBRARY","ADDR_LINE_1":"317 5TH ST","CITY_1":"WEST POINT","ZIP":"52656","House_Dist":84,"Senate_Dis":"42","Congressio":"2","SOSID_NEW":"56_WPPRDN"}},{"type":"Feature","id":970,"geometry":{"type":"Point","coordinates":[-91.7469256949999,40.99295139900005]},"properties":{"OBJECTID_12":970,"COUNTY":"Jefferson","DISTRICT_CODE":"WLR","PRECINCT":"Walnut Lockridge Round Prairie","POLLING_PLACE":"LOCKRIDGE SCHOOL","ADDR_LINE_1":"103 S CENTER","CITY_1":"LOCKRIDGE","ZIP":"52635","House_Dist":84,"Senate_Dis":"42","Congressio":"2","SOSID_NEW":"51_WLR"}},{"type":"Feature","id":971,"geometry":{"type":"Point","coordinates":[-91.53793627399995,41.660126577000085]},"properties":{"OBJECTID_12":971,"COUNTY":"Johnson","DISTRICT_CODE":"IC.05","PRECINCT":"IC.05","POLLING_PLACE":"IC05 U OF I MAIN LIBRARY","ADDR_LINE_1":"100 UI MAIN LIBRARY","CITY_1":"IOWA CITY","ZIP":"52242","House_Dist":85,"Senate_Dis":"43","Congressio":"2","SOSID_NEW":"52_IC.05"}},{"type":"Feature","id":972,"geometry":{"type":"Point","coordinates":[-91.53418374899991,41.66005206500006]},"properties":{"OBJECTID_12":972,"COUNTY":"Johnson","DISTRICT_CODE":"IC.11","PRECINCT":"IC.11","POLLING_PLACE":"IC11 UNIVERSITY OF IOWA MAIN LIBRARY","ADDR_LINE_1":"125 W WASHINGTON ST\r\n   ","CITY_1":"IOWA CITY","ZIP":"52240","House_Dist":85,"Senate_Dis":"43","Congressio":"2","SOSID_NEW":"52_IC.11"}},{"type":"Feature","id":973,"geometry":{"type":"Point","coordinates":[-91.5316238979999,41.66042092300006]},"properties":{"OBJECTID_12":973,"COUNTY":"Johnson","DISTRICT_CODE":"IC.20","PRECINCT":"IC.20","POLLING_PLACE":"IC20 IOWA CITY SENIOR CENTER","ADDR_LINE_1":"28 S LINN ST","CITY_1":"IOWA CITY","ZIP":"52240","House_Dist":85,"Senate_Dis":"43","Congressio":"2","SOSID_NEW":"52_IC.20"}},{"type":"Feature","id":974,"geometry":{"type":"Point","coordinates":[-91.53021361899994,41.658398745000056]},"properties":{"OBJECTID_12":974,"COUNTY":"Johnson","DISTRICT_CODE":"IC.19","PRECINCT":"IC.19","POLLING_PLACE":"IC19 IOWA CITY REC CENTER","ADDR_LINE_1":"220 S GILBERT ST","CITY_1":"IOWA CITY","ZIP":"52240","House_Dist":85,"Senate_Dis":"43","Congressio":"2","SOSID_NEW":"52_IC.19"}},{"type":"Feature","id":975,"geometry":{"type":"Point","coordinates":[-91.5258630319999,41.65510617100006]},"properties":{"OBJECTID_12":975,"COUNTY":"Johnson","DISTRICT_CODE":"IC.21","PRECINCT":"IC.21","POLLING_PLACE":"IC21 MANN ELEMENTARY SCHOOL","ADDR_LINE_1":"521 N DODGE ST","CITY_1":"IOWA CITY","ZIP":"52240","House_Dist":85,"Senate_Dis":"43","Congressio":"2","SOSID_NEW":"52_IC.21"}},{"type":"Feature","id":976,"geometry":{"type":"Point","coordinates":[-91.50861460199991,41.65868177800007]},"properties":{"OBJECTID_12":976,"COUNTY":"Johnson","DISTRICT_CODE":"IC.17","PRECINCT":"IC.17","POLLING_PLACE":"IC17 CITY HIGH SCHOOL","ADDR_LINE_1":"1900 MORNINGSIDE DR","CITY_1":"IOWA CITY","ZIP":"52240","House_Dist":85,"Senate_Dis":"43","Congressio":"2","SOSID_NEW":"52_IC.17"}},{"type":"Feature","id":977,"geometry":{"type":"Point","coordinates":[-91.4875415859999,41.66109809000005]},"properties":{"OBJECTID_12":977,"COUNTY":"Johnson","DISTRICT_CODE":"IC.01","PRECINCT":"IC.01","POLLING_PLACE":"IC01 LEMME ELEMENTARY SCHOOL","ADDR_LINE_1":"3100 E WASHINGTON ST","CITY_1":"IOWA CITY","ZIP":"52245","House_Dist":85,"Senate_Dis":"43","Congressio":"2","SOSID_NEW":"52_IC.01"}},{"type":"Feature","id":978,"geometry":{"type":"Point","coordinates":[-91.47170475599995,41.66449499200007]},"properties":{"OBJECTID_12":978,"COUNTY":"Johnson","DISTRICT_CODE":"IC.24","PRECINCT":"IC.24","POLLING_PLACE":"IC24 ST PATRICK CHURCH","ADDR_LINE_1":"4330 ST PATRICK DR","CITY_1":"IOWA CITY","ZIP":"52245","House_Dist":85,"Senate_Dis":"43","Congressio":"2","SOSID_NEW":"52_IC.24"}},{"type":"Feature","id":979,"geometry":{"type":"Point","coordinates":[-91.5267920519999,41.67896389800006]},"properties":{"OBJECTID_12":979,"COUNTY":"Johnson","DISTRICT_CODE":"IC.22","PRECINCT":"IC.22","POLLING_PLACE":"IC22 SHIMEK ELEMENTARY SCHOOL","ADDR_LINE_1":"1400 GRISSEL PL","CITY_1":"IOWA CITY","ZIP":"52240","House_Dist":85,"Senate_Dis":"43","Congressio":"2","SOSID_NEW":"52_IC.22"}},{"type":"Feature","id":980,"geometry":{"type":"Point","coordinates":[-91.5040291659999,41.665535703000046]},"properties":{"OBJECTID_12":980,"COUNTY":"Johnson","DISTRICT_CODE":"IC.23","PRECINCT":"IC.23","POLLING_PLACE":"IC23 REGINA CATHOLIC ED CENTER","ADDR_LINE_1":"2150 ROCHESTER AVE","CITY_1":"IOWA CITY","ZIP":"52240","House_Dist":85,"Senate_Dis":"43","Congressio":"2","SOSID_NEW":"52_IC.23"}},{"type":"Feature","id":981,"geometry":{"type":"Point","coordinates":[-91.54436071999993,41.658484369000064]},"properties":{"OBJECTID_12":981,"COUNTY":"Johnson","DISTRICT_CODE":"IC.03","PRECINCT":"IC.03","POLLING_PLACE":"IC03 QUADRANGLE RESIDENCE HALL","ADDR_LINE_1":"100 QUADRANGLE HALL","CITY_1":"IOWA CITY","ZIP":"52242","House_Dist":86,"Senate_Dis":"43","Congressio":"2","SOSID_NEW":"52_IC.03"}},{"type":"Feature","id":982,"geometry":{"type":"Point","coordinates":[-91.54208323799992,41.659665552000035]},"properties":{"OBJECTID_12":982,"COUNTY":"Johnson","DISTRICT_CODE":"IC.04","PRECINCT":"IC.04","POLLING_PLACE":"IC04 SCHOOL OF ART & ART HISTORY BUILDING","ADDR_LINE_1":"141 N RIVERSIDE DRIVE","CITY_1":"IOWA CITY","ZIP":"52242","House_Dist":86,"Senate_Dis":"43","Congressio":"2","SOSID_NEW":"52_IC.04"}},{"type":"Feature","id":983,"geometry":{"type":"Point","coordinates":[-91.54009796999992,41.645550332000084]},"properties":{"OBJECTID_12":983,"COUNTY":"Johnson","DISTRICT_CODE":"IC.13","PRECINCT":"IC.13","POLLING_PLACE":"IC13 IC TRANSIT BUILDING","ADDR_LINE_1":"1200 S RIVERSIDE DR","CITY_1":"IOWA CITY","ZIP":"52240","House_Dist":86,"Senate_Dis":"43","Congressio":"2","SOSID_NEW":"52_IC.13"}},{"type":"Feature","id":984,"geometry":{"type":"Point","coordinates":[-91.5265900149999,41.62715347400007]},"properties":{"OBJECTID_12":984,"COUNTY":"Johnson","DISTRICT_CODE":"IC.10","PRECINCT":"IC.10","POLLING_PLACE":"IC10 TERRY TRUEBLOOD RECREATION AREA","ADDR_LINE_1":"4213 SAND RD SE","CITY_1":"IOWA CITY","ZIP":"52240","House_Dist":86,"Senate_Dis":"43","Congressio":"2","SOSID_NEW":"52_IC.10"}},{"type":"Feature","id":985,"geometry":{"type":"Point","coordinates":[-91.5087598849999,41.63349856700006]},"properties":{"OBJECTID_12":985,"COUNTY":"Johnson","DISTRICT_CODE":"IC.12","PRECINCT":"IC.12","POLLING_PLACE":"IC12 GRANT WOOD ELEMENTARY SCHOOL","ADDR_LINE_1":"1930 LAKESIDE DR","CITY_1":"IOWA CITY","ZIP":"52240","House_Dist":86,"Senate_Dis":"43","Congressio":"2","SOSID_NEW":"52_IC.12"}},{"type":"Feature","id":986,"geometry":{"type":"Point","coordinates":[-91.5045931489999,41.64427380300003]},"properties":{"OBJECTID_12":986,"COUNTY":"Johnson","DISTRICT_CODE":"IC.15","PRECINCT":"IC.15","POLLING_PLACE":"IC15 TATE HIGH SCHOOL","ADDR_LINE_1":"1528 MALL DR","CITY_1":"IOWA CITY","ZIP":"52240","House_Dist":86,"Senate_Dis":"43","Congressio":"2","SOSID_NEW":"52_IC.15"}},{"type":"Feature","id":987,"geometry":{"type":"Point","coordinates":[-91.51520054999992,41.643962609000084]},"properties":{"OBJECTID_12":987,"COUNTY":"Johnson","DISTRICT_CODE":"IC.14","PRECINCT":"IC.14","POLLING_PLACE":"IC14 MARK TWAIN ELEMENTARY SCHOOL","ADDR_LINE_1":"1355 DEFOREST AVE","CITY_1":"IOWA CITY","ZIP":"52240","House_Dist":86,"Senate_Dis":"43","Congressio":"2","SOSID_NEW":"52_IC.14"}},{"type":"Feature","id":988,"geometry":{"type":"Point","coordinates":[-91.51808055099991,41.65352803500008]},"properties":{"OBJECTID_12":988,"COUNTY":"Johnson","DISTRICT_CODE":"IC.18","PRECINCT":"IC.18","POLLING_PLACE":"IC18 LONGFELLOW ELEMENTARY SCHOOL","ADDR_LINE_1":"1130 SEYMOUR AVE","CITY_1":"IOWA CITY","ZIP":"52240","House_Dist":86,"Senate_Dis":"43","Congressio":"2","SOSID_NEW":"52_IC.18"}},{"type":"Feature","id":989,"geometry":{"type":"Point","coordinates":[-91.49785965399991,41.64624619500006]},"properties":{"OBJECTID_12":989,"COUNTY":"Johnson","DISTRICT_CODE":"IC.06","PRECINCT":"IC.06","POLLING_PLACE":"IC06 MERCER PARK AQUATIC CENTER","ADDR_LINE_1":"2701 BRADFORD DR","CITY_1":"IOWA CITY","ZIP":"52240","House_Dist":86,"Senate_Dis":"43","Congressio":"2","SOSID_NEW":"52_IC.06"}},{"type":"Feature","id":990,"geometry":{"type":"Point","coordinates":[-91.49785965399991,41.64624619500006]},"properties":{"OBJECTID_12":990,"COUNTY":"Johnson","DISTRICT_CODE":"IC.16","PRECINCT":"IC.16","POLLING_PLACE":"IC16 MERCER PARK RECREATION CENTER","ADDR_LINE_1":"2701 BRADFORD DRIVE","CITY_1":"IOWA CITY","ZIP":"52240","House_Dist":86,"Senate_Dis":"43","Congressio":"2","SOSID_NEW":"52_IC.16"}},{"type":"Feature","id":991,"geometry":{"type":"Point","coordinates":[-91.53556893899992,41.554275895000046]},"properties":{"OBJECTID_12":991,"COUNTY":"Johnson","DISTRICT_CODE":"HS","PRECINCT":"HS","POLLING_PLACE":"HS HILLS COMMUNITY CENTER","ADDR_LINE_1":"110 E MAIN ST","CITY_1":"HILLS","ZIP":"52235","House_Dist":86,"Senate_Dis":"43","Congressio":"2","SOSID_NEW":"52_HS"}},{"type":"Feature","id":992,"geometry":{"type":"Point","coordinates":[-91.53556893899992,41.554275895000046]},"properties":{"OBJECTID_12":992,"COUNTY":"Johnson","DISTRICT_CODE":"LB","PRECINCT":"LB","POLLING_PLACE":"LB HILLS COMMUNITY CENTER","ADDR_LINE_1":"110 MAIN ST E","CITY_1":"HILLS","ZIP":"52235","House_Dist":86,"Senate_Dis":"43","Congressio":"2","SOSID_NEW":"52_LB"}},{"type":"Feature","id":993,"geometry":{"type":"Point","coordinates":[-91.56372349499992,41.651162029000034]},"properties":{"OBJECTID_12":993,"COUNTY":"Johnson","DISTRICT_CODE":"IC.02","PRECINCT":"IC.02","POLLING_PLACE":"IC02 HORN ELEMENTARY SCHOOL","ADDR_LINE_1":"600 KOSER AVE","CITY_1":"IOWA CITY","ZIP":"52246","House_Dist":86,"Senate_Dis":"43","Congressio":"2","SOSID_NEW":"52_IC.02"}},{"type":"Feature","id":994,"geometry":{"type":"Point","coordinates":[-91.55980415699992,41.65571751400006]},"properties":{"OBJECTID_12":994,"COUNTY":"Johnson","DISTRICT_CODE":"UH","PRECINCT":"UH","POLLING_PLACE":"UH ST ANDREW CHURCH","ADDR_LINE_1":"1300 MELROSE AVE","CITY_1":"IOWA CITY","ZIP":"52240","House_Dist":86,"Senate_Dis":"43","Congressio":"2","SOSID_NEW":"52_UH"}},{"type":"Feature","id":995,"geometry":{"type":"Point","coordinates":[-93.6819903519999,41.629507825000076]},"properties":{"OBJECTID_12":995,"COUNTY":"Polk","DISTRICT_CODE":"DM 015","PRECINCT":"Des Moines 015","POLLING_PLACE":"015 DOUGLAS AVENUE PRESBYTERIAN  CHURCH","ADDR_LINE_1":"4601 DOUGLAS AVE.","CITY_1":"DES MOINES","ZIP":"50310","House_Dist":36,"Senate_Dis":"18","Congressio":"3","SOSID_NEW":"77_DM 015"}},{"type":"Feature","id":996,"geometry":{"type":"Point","coordinates":[-93.68617107299991,41.63677834100008]},"properties":{"OBJECTID_12":996,"COUNTY":"Polk","DISTRICT_CODE":"DM 009","PRECINCT":"Des Moines 009","POLLING_PLACE":"009 WESTCHESTER EVANGELICAL FREE CHURCH","ADDR_LINE_1":"4919 AURORA AVE","CITY_1":"DES MOINES","ZIP":"50310","House_Dist":36,"Senate_Dis":"18","Congressio":"3","SOSID_NEW":"77_DM 009"}},{"type":"Feature","id":997,"geometry":{"type":"Point","coordinates":[-93.67815623699994,41.63938089900006]},"properties":{"OBJECTID_12":997,"COUNTY":"Polk","DISTRICT_CODE":"DM 010","PRECINCT":"Des Moines 010","POLLING_PLACE":"010 ZION LUTHERAN CHURCH","ADDR_LINE_1":"4300 BEAVER AVE.","CITY_1":"DES MOINES","ZIP":"50310","House_Dist":36,"Senate_Dis":"18","Congressio":"3","SOSID_NEW":"77_DM 010"}},{"type":"Feature","id":998,"geometry":{"type":"Point","coordinates":[-93.67815623699994,41.63938089900006]},"properties":{"OBJECTID_12":998,"COUNTY":"Polk","DISTRICT_CODE":"DM 011","PRECINCT":"Des Moines 011","POLLING_PLACE":"011 ZION LUTHERAN CHURCH","ADDR_LINE_1":"4300 BEAVER AVE.","CITY_1":"DES MOINES","ZIP":"50310","House_Dist":36,"Senate_Dis":"18","Congressio":"3","SOSID_NEW":"77_DM 011"}},{"type":"Feature","id":999,"geometry":{"type":"Point","coordinates":[-93.68617107299991,41.63677834100008]},"properties":{"OBJECTID_12":999,"COUNTY":"Polk","DISTRICT_CODE":"DM 012","PRECINCT":"Des Moines 012","POLLING_PLACE":"012 WESTCHESTER EVANGELICAL FREE CHURCH","ADDR_LINE_1":"4919 AURORA AVE.","CITY_1":"DES MOINES","ZIP":"50310","House_Dist":36,"Senate_Dis":"18","Congressio":"3","SOSID_NEW":"77_DM 012"}},{"type":"Feature","id":1000,"geometry":{"type":"Point","coordinates":[-93.57036685899993,41.760982358000035]},"properties":{"OBJECTID_12":1000,"COUNTY":"Polk","DISTRICT_CODE":"ANK 01","PRECINCT":"Ankeny 01 (92)","POLLING_PLACE":"092 ANKENY FIRST UNITED METHODIST CHURCH, CHRISTIAN LIFE CENTER","ADDR_LINE_1":"710 NE 36TH ST.","CITY_1":"ANKENY","ZIP":"50021","House_Dist":37,"Senate_Dis":"19","Congressio":"3","SOSID_NEW":"77_ANK 01"}},{"type":"Feature","id":1001,"geometry":{"type":"Point","coordinates":[-93.59211124799992,41.73188830100008]},"properties":{"OBJECTID_12":1001,"COUNTY":"Polk","DISTRICT_CODE":"ANK 03","PRECINCT":"Ankeny 03 (94)","POLLING_PLACE":"094 OUR LADYS IMMACULATE HEART CHURCH","ADDR_LINE_1":"510 E. 1ST ST.","CITY_1":"ANKENY","ZIP":"50021","House_Dist":37,"Senate_Dis":"19","Congressio":"3","SOSID_NEW":"77_ANK 03"}},{"type":"Feature","id":1002,"geometry":{"type":"Point","coordinates":[-93.59211124799992,41.73188830100008]},"properties":{"OBJECTID_12":1002,"COUNTY":"Polk","DISTRICT_CODE":"ANK 04","PRECINCT":"Ankeny 04 (95)","POLLING_PLACE":"095 OUR LADY'S IMMACULATE HEART CHURCH","ADDR_LINE_1":"510 E 1ST ST.","CITY_1":"ANKENY","ZIP":"50021","House_Dist":37,"Senate_Dis":"19","Congressio":"3","SOSID_NEW":"77_ANK 04"}},{"type":"Feature","id":1003,"geometry":{"type":"Point","coordinates":[-93.60733125999991,41.73489721800007]},"properties":{"OBJECTID_12":1003,"COUNTY":"Polk","DISTRICT_CODE":"ANK 10","PRECINCT":"Ankeny 10 (101)","POLLING_PLACE":"101 LAKESIDE CENTER","ADDR_LINE_1":"400 NW LAKESHORE DR.","CITY_1":"ANKENY","ZIP":"50023","House_Dist":37,"Senate_Dis":"19","Congressio":"3","SOSID_NEW":"77_ANK 10"}},{"type":"Feature","id":1004,"geometry":{"type":"Point","coordinates":[-93.61010972499992,41.737764680000055]},"properties":{"OBJECTID_12":1004,"COUNTY":"Polk","DISTRICT_CODE":"ANK 02","PRECINCT":"Ankeny 02 (93)","POLLING_PLACE":"093 RESSURECTION LUTHERAN CHURCH","ADDR_LINE_1":"914 NW ASH DR.","CITY_1":"ANKENY","ZIP":"50021","House_Dist":37,"Senate_Dis":"19","Congressio":"3","SOSID_NEW":"77_ANK 02"}},{"type":"Feature","id":1005,"geometry":{"type":"Point","coordinates":[-93.62946734199994,41.73263073800007]},"properties":{"OBJECTID_12":1005,"COUNTY":"Polk","DISTRICT_CODE":"ANK 11","PRECINCT":"Ankeny 11 (102)","POLLING_PLACE":"102 ANKENY EVANGELICAL FREE CHURCH","ADDR_LINE_1":"118 NW LINDEN ST.","CITY_1":"ANKENY","ZIP":"50023","House_Dist":37,"Senate_Dis":"19","Congressio":"3","SOSID_NEW":"77_ANK 11"}},{"type":"Feature","id":1006,"geometry":{"type":"Point","coordinates":[-93.62946734199994,41.73263073800007]},"properties":{"OBJECTID_12":1006,"COUNTY":"Polk","DISTRICT_CODE":"ANK 12","PRECINCT":"Ankeny 12 (103)","POLLING_PLACE":"103 ANKENY EVANGELICAL FREE CHURCH","ADDR_LINE_1":"118 NW LINDEN ST.","CITY_1":"ANKENY","ZIP":"50023","House_Dist":37,"Senate_Dis":"19","Congressio":"3","SOSID_NEW":"77_ANK 12"}},{"type":"Feature","id":1007,"geometry":{"type":"Point","coordinates":[-93.62874122199992,41.73185799700008]},"properties":{"OBJECTID_12":1007,"COUNTY":"Polk","DISTRICT_CODE":"ANK 15","PRECINCT":"Ankeny 15 (106)","POLLING_PLACE":"106 ST ANNE'S EPISCOPAL CHURCH","ADDR_LINE_1":"2110 W. 1ST ST.","CITY_1":"ANKENY","ZIP":"50023","House_Dist":37,"Senate_Dis":"19","Congressio":"3","SOSID_NEW":"77_ANK 15"}},{"type":"Feature","id":1008,"geometry":{"type":"Point","coordinates":[-93.59000048999991,41.73184284600006]},"properties":{"OBJECTID_12":1008,"COUNTY":"Polk","DISTRICT_CODE":"ANK 05","PRECINCT":"Ankeny 05 (96)","POLLING_PLACE":"096 CORNERSTONE BAPTIST CHURCH","ADDR_LINE_1":"701 E. 1ST ST.","CITY_1":"ANKENY","ZIP":"50021","House_Dist":37,"Senate_Dis":"19","Congressio":"3","SOSID_NEW":"77_ANK 05"}},{"type":"Feature","id":1009,"geometry":{"type":"Point","coordinates":[-93.59849363699993,41.72737074400004]},"properties":{"OBJECTID_12":1009,"COUNTY":"Polk","DISTRICT_CODE":"DOUGLAS","PRECINCT":"Douglas 1 (118)","POLLING_PLACE":"118 ANKENY CHURCH OF THE BRETHREN","ADDR_LINE_1":"417 SE GRANT ST.","CITY_1":"ANKENY","ZIP":"50021","House_Dist":37,"Senate_Dis":"19","Congressio":"3","SOSID_NEW":"77_DOUGLAS"}},{"type":"Feature","id":1010,"geometry":{"type":"Point","coordinates":[-93.6137669499999,41.818482207000045]},"properties":{"OBJECTID_12":1010,"COUNTY":"Polk","DISTRICT_CODE":"ALLEMAN","PRECINCT":"Alleman 1 (85)","POLLING_PLACE":"085 NORTH POLK MIDDLE SCHOOL","ADDR_LINE_1":"315 NE 141ST ST","CITY_1":"ALLEMAN","ZIP":"50007","House_Dist":37,"Senate_Dis":"19","Congressio":"3","SOSID_NEW":"77_ALLEMAN"}},{"type":"Feature","id":1011,"geometry":{"type":"Point","coordinates":[-93.60062770499991,41.66495013500008]},"properties":{"OBJECTID_12":1011,"COUNTY":"Polk","DISTRICT_CODE":"SAYLOR2","PRECINCT":"Saylor 2 (141)","POLLING_PLACE":"141 SAYDEL COM. SCHOOL DISTRICT OFFICE","ADDR_LINE_1":"5740 NE 14TH ST","CITY_1":"DES MOINES","ZIP":"50313","House_Dist":38,"Senate_Dis":"19","Congressio":"3","SOSID_NEW":"77_SAYLOR2"}},{"type":"Feature","id":1012,"geometry":{"type":"Point","coordinates":[-93.6206485699999,41.658607550000056]},"properties":{"OBJECTID_12":1012,"COUNTY":"Polk","DISTRICT_CODE":"SAYLOR1","PRECINCT":"Saylor 1 (140)","POLLING_PLACE":"140 SAYLOR TOWNSHIP FIRE DEPARTMENT","ADDR_LINE_1":"211 NW 54TH AVE.","CITY_1":"DES MOINES","ZIP":"50313","House_Dist":38,"Senate_Dis":"19","Congressio":"3","SOSID_NEW":"77_SAYLOR1"}},{"type":"Feature","id":1013,"geometry":{"type":"Point","coordinates":[-93.63814265499991,41.72991281100008]},"properties":{"OBJECTID_12":1013,"COUNTY":"Polk","DISTRICT_CODE":"ANK 13","PRECINCT":"Ankeny 13 (104)","POLLING_PLACE":"104 ANKENY BAPTIST CHURCH","ADDR_LINE_1":"2842 SW 3RD STREET","CITY_1":"ANKENY","ZIP":"50023","House_Dist":38,"Senate_Dis":"19","Congressio":"3","SOSID_NEW":"77_ANK 13"}},{"type":"Feature","id":1014,"geometry":{"type":"Point","coordinates":[-93.63255014299995,41.729788033000034]},"properties":{"OBJECTID_12":1014,"COUNTY":"Polk","DISTRICT_CODE":"ANK 14","PRECINCT":"Ankeny 14 (105)","POLLING_PLACE":"105 ANKENY CHRISTIAN CHURCH","ADDR_LINE_1":"2506 SW 3RD ST.","CITY_1":"ANKENY","ZIP":"50023","House_Dist":38,"Senate_Dis":"19","Congressio":"3","SOSID_NEW":"77_ANK 14"}},{"type":"Feature","id":1015,"geometry":{"type":"Point","coordinates":[-93.63814265499991,41.72991281100008]},"properties":{"OBJECTID_12":1015,"COUNTY":"Polk","DISTRICT_CODE":"CROCK 2","PRECINCT":"Crocker 2 (115)","POLLING_PLACE":"115 ANKENY BAPTIST CHURCH","ADDR_LINE_1":"2842 SW 3RD STREET","CITY_1":"ANKENY","ZIP":"50023","House_Dist":38,"Senate_Dis":"19","Congressio":"3","SOSID_NEW":"77_CROCK 2"}},{"type":"Feature","id":1016,"geometry":{"type":"Point","coordinates":[-93.58115509899994,41.72550698400005]},"properties":{"OBJECTID_12":1016,"COUNTY":"Polk","DISTRICT_CODE":"ANK 06","PRECINCT":"Ankeny 06 (97)","POLLING_PLACE":"097 ANKENY UNITED CHURCH OF CHRIST","ADDR_LINE_1":"602 SE DELAWARE AVE.","CITY_1":"ANKENY","ZIP":"50023","House_Dist":38,"Senate_Dis":"19","Congressio":"3","SOSID_NEW":"77_ANK 06"}},{"type":"Feature","id":1017,"geometry":{"type":"Point","coordinates":[-93.61231437799995,41.726671432000046]},"properties":{"OBJECTID_12":1017,"COUNTY":"Polk","DISTRICT_CODE":"ANK 08","PRECINCT":"Ankeny 08 (99)","POLLING_PLACE":"099 HOLY TRINITY LUTHERAN CHURCH","ADDR_LINE_1":"517 SW DES MOINES ST.","CITY_1":"ANKENY","ZIP":"50023","House_Dist":38,"Senate_Dis":"19","Congressio":"3","SOSID_NEW":"77_ANK 08"}},{"type":"Feature","id":1018,"geometry":{"type":"Point","coordinates":[-93.61231437799995,41.726671432000046]},"properties":{"OBJECTID_12":1018,"COUNTY":"Polk","DISTRICT_CODE":"ANK 09","PRECINCT":"Ankeny 09 (100)","POLLING_PLACE":"100 HOLY TRINITY LUTHERAN CHURCH","ADDR_LINE_1":"517 SW DES MOINES ST.","CITY_1":"ANKENY","ZIP":"50023","House_Dist":38,"Senate_Dis":"19","Congressio":"3","SOSID_NEW":"77_ANK 09"}},{"type":"Feature","id":1019,"geometry":{"type":"Point","coordinates":[-93.5957907959999,41.717342607000035]},"properties":{"OBJECTID_12":1019,"COUNTY":"Polk","DISTRICT_CODE":"ANK 07","PRECINCT":"Ankeny 07 (98)","POLLING_PLACE":"098 FIRST FAMILY CHURCH","ADDR_LINE_1":"317 SE MAGAZINE ROAD","CITY_1":"ANKENY","ZIP":"50021","House_Dist":38,"Senate_Dis":"19","Congressio":"3","SOSID_NEW":"77_ANK 07"}},{"type":"Feature","id":1020,"geometry":{"type":"Point","coordinates":[-93.63880782199993,41.69521054000006]},"properties":{"OBJECTID_12":1020,"COUNTY":"Polk","DISTRICT_CODE":"CROCK 1","PRECINCT":"Crocker 1 (114)","POLLING_PLACE":"114 ANKENY FIRST UNITED METHODIST CHURCH (CROCKER TOWNSHIP LOCATION)","ADDR_LINE_1":"7384 NW 16TH ST.","CITY_1":"ANKENY","ZIP":"50023","House_Dist":38,"Senate_Dis":"19","Congressio":"3","SOSID_NEW":"77_CROCK 1"}},{"type":"Feature","id":1021,"geometry":{"type":"Point","coordinates":[-93.55685075899993,41.64398358800008]},"properties":{"OBJECTID_12":1021,"COUNTY":"Polk","DISTRICT_CODE":"DEL 1","PRECINCT":"Delaware 1 (116)","POLLING_PLACE":"116 NORWOODVILLE COMMUNITY CENTER","ADDR_LINE_1":"3077 NE 46TH AVE","CITY_1":"DES MOINES","ZIP":"50317","House_Dist":38,"Senate_Dis":"19","Congressio":"3","SOSID_NEW":"77_DEL 1"}},{"type":"Feature","id":1022,"geometry":{"type":"Point","coordinates":[-93.78698042799994,41.61503789000005]},"properties":{"OBJECTID_12":1022,"COUNTY":"Polk","DISTRICT_CODE":"URB 11","PRECINCT":"Urbandale 11 (153)","POLLING_PLACE":"153 WALNUT HILLS CHURCH","ADDR_LINE_1":"12321 HICKMAN RD","CITY_1":"URBANDALE","ZIP":"50323","House_Dist":40,"Senate_Dis":"20","Congressio":"3","SOSID_NEW":"77_URB 11"}},{"type":"Feature","id":1023,"geometry":{"type":"Point","coordinates":[-93.7337907399999,41.636588361000065]},"properties":{"OBJECTID_12":1023,"COUNTY":"Polk","DISTRICT_CODE":"URB 07","PRECINCT":"Urbandale 07 (149)","POLLING_PLACE":"149 GLORIA DEI CHURCH FAMILY LIFE CENTER ENT.","ADDR_LINE_1":"8301 AURORA AVE.","CITY_1":"URBANDALE","ZIP":"50322","House_Dist":40,"Senate_Dis":"20","Congressio":"3","SOSID_NEW":"77_URB 07"}},{"type":"Feature","id":1024,"geometry":{"type":"Point","coordinates":[-93.7337907399999,41.636588361000065]},"properties":{"OBJECTID_12":1024,"COUNTY":"Polk","DISTRICT_CODE":"URB 08","PRECINCT":"Urbandale 08 (150)","POLLING_PLACE":"150 GLORIA DEI LUTHERAN CHURCH","ADDR_LINE_1":"8301 AURORA AVE","CITY_1":"URBANDALE","ZIP":"50322","House_Dist":40,"Senate_Dis":"20","Congressio":"3","SOSID_NEW":"77_URB 08"}},{"type":"Feature","id":1025,"geometry":{"type":"Point","coordinates":[-93.72269032399993,41.63662798900003]},"properties":{"OBJECTID_12":1025,"COUNTY":"Polk","DISTRICT_CODE":"URB 04","PRECINCT":"Urbandale 04 (146)","POLLING_PLACE":"146 URBAN HEIGHTS COVENANT CHURCH","ADDR_LINE_1":"7605 AURORA AVE.","CITY_1":"URBANDALE","ZIP":"50322","House_Dist":40,"Senate_Dis":"20","Congressio":"3","SOSID_NEW":"77_URB 04"}},{"type":"Feature","id":1026,"geometry":{"type":"Point","coordinates":[-93.7213068509999,41.62786211100007]},"properties":{"OBJECTID_12":1026,"COUNTY":"Polk","DISTRICT_CODE":"URB 06","PRECINCT":"Urbandale 06 (148)","POLLING_PLACE":"148 ALDERSGATE UNITED METHODIST CHURCH","ADDR_LINE_1":"3600 75TH ST.","CITY_1":"URBANDALE","ZIP":"50322","House_Dist":40,"Senate_Dis":"20","Congressio":"3","SOSID_NEW":"77_URB 06"}},{"type":"Feature","id":1027,"geometry":{"type":"Point","coordinates":[-93.73657123599992,41.626845142000036]},"properties":{"OBJECTID_12":1027,"COUNTY":"Polk","DISTRICT_CODE":"URB 09","PRECINCT":"Urbandale 09 (151)","POLLING_PLACE":"151 URBANDALE LIBRARY","ADDR_LINE_1":"3520 86TH ST","CITY_1":"URBANDALE","ZIP":"50322","House_Dist":40,"Senate_Dis":"20","Congressio":"3","SOSID_NEW":"77_URB 09"}},{"type":"Feature","id":1028,"geometry":{"type":"Point","coordinates":[-93.73657123599992,41.626845142000036]},"properties":{"OBJECTID_12":1028,"COUNTY":"Polk","DISTRICT_CODE":"URB 10","PRECINCT":"Urbandale 10 (152)","POLLING_PLACE":"152 URBANDALE LIBRARY","ADDR_LINE_1":"3520 86TH ST.","CITY_1":"URBANDALE","ZIP":"50322","House_Dist":40,"Senate_Dis":"20","Congressio":"3","SOSID_NEW":"77_URB 10"}},{"type":"Feature","id":1029,"geometry":{"type":"Point","coordinates":[-93.70991039299992,41.64021313000006]},"properties":{"OBJECTID_12":1029,"COUNTY":"Polk","DISTRICT_CODE":"URB 01","PRECINCT":"Urbandale 01 (143)","POLLING_PLACE":"143 NEW HOPE ASSEMBLY OF GOD","ADDR_LINE_1":"6800 TOWNSEND AVE.","CITY_1":"URBANDALE","ZIP":"50322","House_Dist":40,"Senate_Dis":"20","Congressio":"3","SOSID_NEW":"77_URB 01"}},{"type":"Feature","id":1030,"geometry":{"type":"Point","coordinates":[-93.70680894299994,41.63662798900003]},"properties":{"OBJECTID_12":1030,"COUNTY":"Polk","DISTRICT_CODE":"URB 02","PRECINCT":"Urbandale 02 (144)","POLLING_PLACE":"144 URBANDALE BAPTIST CHURCH","ADDR_LINE_1":"6501 AURORA AVE.","CITY_1":"URBANDALE","ZIP":"50322","House_Dist":40,"Senate_Dis":"20","Congressio":"3","SOSID_NEW":"77_URB 02"}},{"type":"Feature","id":1031,"geometry":{"type":"Point","coordinates":[-93.7073742199999,41.62901131400008]},"properties":{"OBJECTID_12":1031,"COUNTY":"Polk","DISTRICT_CODE":"URB 03","PRECINCT":"Urbandale 03 (145)","POLLING_PLACE":"145 ST PIUS CHURCH LOWER LEVEL","ADDR_LINE_1":"3663 66TH ST","CITY_1":"URBANDALE","ZIP":"50322","House_Dist":40,"Senate_Dis":"20","Congressio":"3","SOSID_NEW":"77_URB 03"}},{"type":"Feature","id":1032,"geometry":{"type":"Point","coordinates":[-93.7122472609999,41.62728284700006]},"properties":{"OBJECTID_12":1032,"COUNTY":"Polk","DISTRICT_CODE":"URB 05","PRECINCT":"Urbandale 05 (147)","POLLING_PLACE":"147 URBANDALE UNITED CHURCH OF CHRIST","ADDR_LINE_1":"3530 70TH ST","CITY_1":"URBANDALE","ZIP":"50322","House_Dist":40,"Senate_Dis":"20","Congressio":"3","SOSID_NEW":"77_URB 05"}},{"type":"Feature","id":1033,"geometry":{"type":"Point","coordinates":[-93.7842095339999,41.68840727500009]},"properties":{"OBJECTID_12":1033,"COUNTY":"Polk","DISTRICT_CODE":"GRIMES1","PRECINCT":"Grimes 1 (123)","POLLING_PLACE":"123 GRIMES UNITED METHODIST CHURCH","ADDR_LINE_1":"801 W 1ST ST.","CITY_1":"GRIMES","ZIP":"50111","House_Dist":39,"Senate_Dis":"20","Congressio":"3","SOSID_NEW":"77_GRIMES1"}},{"type":"Feature","id":1034,"geometry":{"type":"Point","coordinates":[-93.7842095339999,41.68840727500009]},"properties":{"OBJECTID_12":1034,"COUNTY":"Polk","DISTRICT_CODE":"GRIMES3","PRECINCT":"Grimes 3 (125)","POLLING_PLACE":"125 GRIMES UNITED METHODIST CHURCH","ADDR_LINE_1":"801 W. 1ST ST.","CITY_1":"GRIMES","ZIP":"50111","House_Dist":39,"Senate_Dis":"20","Congressio":"3","SOSID_NEW":"77_GRIMES3"}},{"type":"Feature","id":1035,"geometry":{"type":"Point","coordinates":[-93.79451435199991,41.678830316000074]},"properties":{"OBJECTID_12":1035,"COUNTY":"Polk","DISTRICT_CODE":"GRIMES2","PRECINCT":"Grimes 2 (124)","POLLING_PLACE":"124 ST PETER LUTHERAN CHURCH","ADDR_LINE_1":"1001 S JAMES ST","CITY_1":"GRIMES","ZIP":"50111","House_Dist":39,"Senate_Dis":"20","Congressio":"3","SOSID_NEW":"77_GRIMES2"}},{"type":"Feature","id":1036,"geometry":{"type":"Point","coordinates":[-93.69768408399995,41.67376030300005]},"properties":{"OBJECTID_12":1036,"COUNTY":"Polk","DISTRICT_CODE":"JOHN 1","PRECINCT":"Johnston 1 (127)","POLLING_PLACE":"127 JOHNSTON CITY HALL","ADDR_LINE_1":"6221 MERLE HAY RD","CITY_1":"JOHNSTON","ZIP":"50131","House_Dist":39,"Senate_Dis":"20","Congressio":"3","SOSID_NEW":"77_JOHN 1"}},{"type":"Feature","id":1037,"geometry":{"type":"Point","coordinates":[-93.69768408399995,41.67376030300005]},"properties":{"OBJECTID_12":1037,"COUNTY":"Polk","DISTRICT_CODE":"JOHN 2","PRECINCT":"Johnston 2 (128)","POLLING_PLACE":"128 JOHNSTON CITY HALL","ADDR_LINE_1":"6221 MERLE HAY RD.","CITY_1":"JOHNSTON","ZIP":"50131","House_Dist":39,"Senate_Dis":"20","Congressio":"3","SOSID_NEW":"77_JOHN 2"}},{"type":"Feature","id":1038,"geometry":{"type":"Point","coordinates":[-93.70554318799992,41.66320884700008]},"properties":{"OBJECTID_12":1038,"COUNTY":"Polk","DISTRICT_CODE":"JOHN 3","PRECINCT":"Johnston 3 (129)","POLLING_PLACE":"129 CROWN POINT COMMUNITY CENTER","ADDR_LINE_1":"6300 PIONEER PKWY.","CITY_1":"JOHNSTON","ZIP":"50131","House_Dist":39,"Senate_Dis":"20","Congressio":"3","SOSID_NEW":"77_JOHN 3"}},{"type":"Feature","id":1039,"geometry":{"type":"Point","coordinates":[-93.6977575109999,41.68354135000004]},"properties":{"OBJECTID_12":1039,"COUNTY":"Polk","DISTRICT_CODE":"JOHN 6","PRECINCT":"Johnston 6 (132)","POLLING_PLACE":"132 JOHNSTON PUBLIC LIBRARY","ADDR_LINE_1":"6700 MERLE HAY RD.","CITY_1":"JOHNSTON","ZIP":"50131","House_Dist":39,"Senate_Dis":"20","Congressio":"3","SOSID_NEW":"77_JOHN 6"}},{"type":"Feature","id":1040,"geometry":{"type":"Point","coordinates":[-93.7580768489999,41.67304952000006]},"properties":{"OBJECTID_12":1040,"COUNTY":"Polk","DISTRICT_CODE":"JOHN 4","PRECINCT":"Johnston 4 (130)","POLLING_PLACE":"130 JOHNSTON EVANGELICAL FREE CHURCH","ADDR_LINE_1":"9901 NW 62ND AVE.","CITY_1":"JOHNSTON","ZIP":"50131","House_Dist":39,"Senate_Dis":"20","Congressio":"3","SOSID_NEW":"77_JOHN 4"}},{"type":"Feature","id":1041,"geometry":{"type":"Point","coordinates":[-93.7580768489999,41.67304952000006]},"properties":{"OBJECTID_12":1041,"COUNTY":"Polk","DISTRICT_CODE":"JOHN 5","PRECINCT":"Johnston 5 (131)","POLLING_PLACE":"131 JOHNSTON EVANGELICAL FREE CHURCH","ADDR_LINE_1":"9901 NW 62ND AVE.","CITY_1":"JOHNSTON","ZIP":"50131","House_Dist":39,"Senate_Dis":"20","Congressio":"3","SOSID_NEW":"77_JOHN 5"}},{"type":"Feature","id":1042,"geometry":{"type":"Point","coordinates":[-93.6513208479999,41.60038263700005]},"properties":{"OBJECTID_12":1042,"COUNTY":"Polk","DISTRICT_CODE":"DM 038","PRECINCT":"Des Moines 038","POLLING_PLACE":"038 FIRST CHRISTIAN CHURCH","ADDR_LINE_1":"2500 UNIVERSITY AVE.","CITY_1":"DES MOINES","ZIP":"50311","House_Dist":41,"Senate_Dis":"21","Congressio":"3","SOSID_NEW":"77_DM 038"}},{"type":"Feature","id":1043,"geometry":{"type":"Point","coordinates":[-93.6513208479999,41.60038263700005]},"properties":{"OBJECTID_12":1043,"COUNTY":"Polk","DISTRICT_CODE":"DM 045","PRECINCT":"Des Moines 045","POLLING_PLACE":"045 FIRST CHRISTIAN CHURCH","ADDR_LINE_1":"2500 UNIVERSITY AVE.","CITY_1":"DES MOINES","ZIP":"50311","House_Dist":41,"Senate_Dis":"21","Congressio":"3","SOSID_NEW":"77_DM 045"}},{"type":"Feature","id":1044,"geometry":{"type":"Point","coordinates":[-93.70237641499995,41.60038859900004]},"properties":{"OBJECTID_12":1044,"COUNTY":"Polk","DISTRICT_CODE":"DM 043","PRECINCT":"Des Moines 043","POLLING_PLACE":"043 WINDSOR UNITED METHODIST CHURCH","ADDR_LINE_1":"6222 UNIVERSITY AVE.","CITY_1":"DES MOINES","ZIP":"50312","House_Dist":41,"Senate_Dis":"21","Congressio":"3","SOSID_NEW":"77_DM 043"}},{"type":"Feature","id":1045,"geometry":{"type":"Point","coordinates":[-93.67809141599992,41.591703873000085]},"properties":{"OBJECTID_12":1045,"COUNTY":"Polk","DISTRICT_CODE":"DM 044","PRECINCT":"Des Moines 044","POLLING_PLACE":"044 ROOSEVELT HIGH SCHOOL (WEST MAIN ENTRANCE)","ADDR_LINE_1":"4419 CENTER ST.","CITY_1":"DES MOINES","ZIP":"50312","House_Dist":41,"Senate_Dis":"21","Congressio":"3","SOSID_NEW":"77_DM 044"}},{"type":"Feature","id":1046,"geometry":{"type":"Point","coordinates":[-93.65833178799994,41.59164379100008]},"properties":{"OBJECTID_12":1046,"COUNTY":"Polk","DISTRICT_CODE":"DM 058","PRECINCT":"Des Moines 058","POLLING_PLACE":"058 CALLANAN SCHOOL","ADDR_LINE_1":"3010 CENTER ST.","CITY_1":"DES MOINES","ZIP":"50312","House_Dist":41,"Senate_Dis":"21","Congressio":"3","SOSID_NEW":"77_DM 058"}},{"type":"Feature","id":1047,"geometry":{"type":"Point","coordinates":[-93.67353100499992,41.58635326800004]},"properties":{"OBJECTID_12":1047,"COUNTY":"Polk","DISTRICT_CODE":"DM 059","PRECINCT":"Des Moines 059","POLLING_PLACE":"059 PLYMOUTH CONGREGATIONAL CHURCH","ADDR_LINE_1":"4126 INGERSOLL AVE.","CITY_1":"DES MOINES","ZIP":"50312","House_Dist":41,"Senate_Dis":"21","Congressio":"3","SOSID_NEW":"77_DM 059"}},{"type":"Feature","id":1048,"geometry":{"type":"Point","coordinates":[-93.66930016599991,41.584517574000074]},"properties":{"OBJECTID_12":1048,"COUNTY":"Polk","DISTRICT_CODE":"DM 060","PRECINCT":"Des Moines 060","POLLING_PLACE":"060 CENTRAL PRESBYTERIAN CHURCH","ADDR_LINE_1":"3829 GRAND AVE.","CITY_1":"DES MOINES","ZIP":"50312","House_Dist":41,"Senate_Dis":"21","Congressio":"3","SOSID_NEW":"77_DM 060"}},{"type":"Feature","id":1049,"geometry":{"type":"Point","coordinates":[-93.67431423399995,41.585051381000085]},"properties":{"OBJECTID_12":1049,"COUNTY":"Polk","DISTRICT_CODE":"DM 062","PRECINCT":"Des Moines 062","POLLING_PLACE":"062 ST AUGUSTINS PARISH HALL","ADDR_LINE_1":"545 42ND ST.","CITY_1":"DES MOINES","ZIP":"50312","House_Dist":41,"Senate_Dis":"21","Congressio":"3","SOSID_NEW":"77_DM 062"}},{"type":"Feature","id":1050,"geometry":{"type":"Point","coordinates":[-93.66440031899992,41.584433656000044]},"properties":{"OBJECTID_12":1050,"COUNTY":"Polk","DISTRICT_CODE":"DM 061","PRECINCT":"Des Moines 061","POLLING_PLACE":"061 WESLEY ACRES","ADDR_LINE_1":"3520 GRAND AVE.","CITY_1":"DES MOINES","ZIP":"50312","House_Dist":41,"Senate_Dis":"21","Congressio":"3","SOSID_NEW":"77_DM 061"}},{"type":"Feature","id":1051,"geometry":{"type":"Point","coordinates":[-93.7000578229999,41.58268682500005]},"properties":{"OBJECTID_12":1051,"COUNTY":"Polk","DISTRICT_CODE":"DM 063","PRECINCT":"Des Moines 063","POLLING_PLACE":"063 JUNIOR ACHIEVEMENT","ADDR_LINE_1":"6100 GRAND AVE.","CITY_1":"DES MOINES","ZIP":"50312","House_Dist":41,"Senate_Dis":"21","Congressio":"3","SOSID_NEW":"77_DM 063"}},{"type":"Feature","id":1052,"geometry":{"type":"Point","coordinates":[-93.6529106189999,41.55548795700008]},"properties":{"OBJECTID_12":1052,"COUNTY":"Polk","DISTRICT_CODE":"DM 064","PRECINCT":"Des Moines 064","POLLING_PLACE":"064 BRODY SCHOOL","ADDR_LINE_1":"2501 PARK AVE.","CITY_1":"DES MOINES","ZIP":"50321","House_Dist":41,"Senate_Dis":"21","Congressio":"3","SOSID_NEW":"77_DM 064"}},{"type":"Feature","id":1053,"geometry":{"type":"Point","coordinates":[-93.64510745899992,41.54902048400004]},"properties":{"OBJECTID_12":1053,"COUNTY":"Polk","DISTRICT_CODE":"DM 065","PRECINCT":"Des Moines 065","POLLING_PLACE":"065 WAKONDA CHRISTIAN CHURCH","ADDR_LINE_1":"3938 FLEUR DR.","CITY_1":"DES MOINES","ZIP":"50321","House_Dist":41,"Senate_Dis":"21","Congressio":"3","SOSID_NEW":"77_DM 065"}},{"type":"Feature","id":1054,"geometry":{"type":"Point","coordinates":[-93.64510745899992,41.54902048400004]},"properties":{"OBJECTID_12":1054,"COUNTY":"Polk","DISTRICT_CODE":"DM 082","PRECINCT":"Des Moines 082","POLLING_PLACE":"082 WAKONDA CHRISTIAN CHURCH","ADDR_LINE_1":"3938 FLEUR DR.","CITY_1":"DES MOINES","ZIP":"50321","House_Dist":41,"Senate_Dis":"21","Congressio":"3","SOSID_NEW":"77_DM 082"}},{"type":"Feature","id":1055,"geometry":{"type":"Point","coordinates":[-93.7179804559999,41.58174713100004]},"properties":{"OBJECTID_12":1055,"COUNTY":"Polk","DISTRICT_CODE":"WDM-118","PRECINCT":"West Des Moines 118 (163)","POLLING_PLACE":"163 ST MARKS LUTHERAN CHURCH","ADDR_LINE_1":"1115 GRAND AVE.","CITY_1":"WEST DES MOINES","ZIP":"50265","House_Dist":42,"Senate_Dis":"21","Congressio":"3","SOSID_NEW":"77_WDM-118"}},{"type":"Feature","id":1056,"geometry":{"type":"Point","coordinates":[-93.76237046499995,41.55926773900006]},"properties":{"OBJECTID_12":1056,"COUNTY":"Polk","DISTRICT_CODE":"WDM-112","PRECINCT":"West Des Moines 112 (157)","POLLING_PLACE":"157 VALLEY EVANGELICAL FREE CHURCH","ADDR_LINE_1":"4343 FULLER RD.","CITY_1":"WEST DES MOINES","ZIP":"50265","House_Dist":42,"Senate_Dis":"21","Congressio":"3","SOSID_NEW":"77_WDM-112"}},{"type":"Feature","id":1057,"geometry":{"type":"Point","coordinates":[-93.75693477599992,41.56767448700003]},"properties":{"OBJECTID_12":1057,"COUNTY":"Polk","DISTRICT_CODE":"WDM-311","PRECINCT":"West Des Moines 311 (167)","POLLING_PLACE":"167 WDM COMMUNITY SCHOOLS LEARNING RESOURCE CENTER","ADDR_LINE_1":"3550 MILLS CIVIC PKWY","CITY_1":"WEST DES MOINES","ZIP":"50266","House_Dist":42,"Senate_Dis":"21","Congressio":"3","SOSID_NEW":"77_WDM-311"}},{"type":"Feature","id":1058,"geometry":{"type":"Point","coordinates":[-93.76567937699991,41.56009409400008]},"properties":{"OBJECTID_12":1058,"COUNTY":"Polk","DISTRICT_CODE":"WDM-314","PRECINCT":"West Des Moines 314 (170)","POLLING_PLACE":"170 WDM CHRISTIAN CHURCH","ADDR_LINE_1":"4501 MILLS CIVIC PKWY.","CITY_1":"WEST DES MOINES","ZIP":"50265","House_Dist":42,"Senate_Dis":"21","Congressio":"3","SOSID_NEW":"77_WDM-314"}},{"type":"Feature","id":1059,"geometry":{"type":"Point","coordinates":[-93.76567937699991,41.56009409400008]},"properties":{"OBJECTID_12":1059,"COUNTY":"Polk","DISTRICT_CODE":"WDM-315","PRECINCT":"West Des Moines 315 (171)","POLLING_PLACE":"171 WDM CHRISTIAN CHURCH","ADDR_LINE_1":"4501 MILLS CIVIC PKWY.","CITY_1":"WEST DES MOINES","ZIP":"50265","House_Dist":42,"Senate_Dis":"21","Congressio":"3","SOSID_NEW":"77_WDM-315"}},{"type":"Feature","id":1060,"geometry":{"type":"Point","coordinates":[-93.7527117969999,41.568277212000055]},"properties":{"OBJECTID_12":1060,"COUNTY":"Polk","DISTRICT_CODE":"WDM-316","PRECINCT":"West Des Moines 316 (172)","POLLING_PLACE":"172 WDM LAW ENFORCEMENT CENTER","ADDR_LINE_1":"250 MILLS CIVIC PKWY.","CITY_1":"WEST DES MOINES","ZIP":"50265","House_Dist":42,"Senate_Dis":"21","Congressio":"3","SOSID_NEW":"77_WDM-316"}},{"type":"Feature","id":1061,"geometry":{"type":"Point","coordinates":[-93.76237046499995,41.55926773900006]},"properties":{"OBJECTID_12":1061,"COUNTY":"Polk","DISTRICT_CODE":"WDM-317","PRECINCT":"West Des Moines 317 (173)","POLLING_PLACE":"173 VALLEY EVANGELICAL FREE CHURCH","ADDR_LINE_1":"4343 FULLER RD.","CITY_1":"WEST DES MOINES","ZIP":"50265","House_Dist":42,"Senate_Dis":"21","Congressio":"3","SOSID_NEW":"77_WDM-317"}},{"type":"Feature","id":1062,"geometry":{"type":"Point","coordinates":[-93.76671202799992,41.54122781600006]},"properties":{"OBJECTID_12":1062,"COUNTY":"Polk","DISTRICT_CODE":"WDM-318","PRECINCT":"West Des Moines 318 (174)","POLLING_PLACE":"174 WDM FIRE/EMS STATION #18","ADDR_LINE_1":"5025 GRAND AVE.","CITY_1":"WEST DES MOINES","ZIP":"50265","House_Dist":42,"Senate_Dis":"21","Congressio":"3","SOSID_NEW":"77_WDM-318"}},{"type":"Feature","id":1063,"geometry":{"type":"Point","coordinates":[-93.7220394069999,41.56995626200006]},"properties":{"OBJECTID_12":1063,"COUNTY":"Polk","DISTRICT_CODE":"WDM-113","PRECINCT":"West Des Moines 113 (158)","POLLING_PLACE":"158 WDM FIRE/EMS STATION #17","ADDR_LINE_1":"1401 RAILROAD AVE.","CITY_1":"WEST DES MOINES","ZIP":"50265","House_Dist":42,"Senate_Dis":"21","Congressio":"3","SOSID_NEW":"77_WDM-113"}},{"type":"Feature","id":1064,"geometry":{"type":"Point","coordinates":[-93.71028572599994,41.570116262000056]},"properties":{"OBJECTID_12":1064,"COUNTY":"Polk","DISTRICT_CODE":"WDM-111","PRECINCT":"West Des Moines 111 (156)","POLLING_PLACE":"156 WESTSIDE SENIOR CENTER","ADDR_LINE_1":"134 6TH ST.","CITY_1":"WEST DES MOINES","ZIP":"50265","House_Dist":42,"Senate_Dis":"21","Congressio":"3","SOSID_NEW":"77_WDM-111"}},{"type":"Feature","id":1065,"geometry":{"type":"Point","coordinates":[-93.77898029599993,41.584462794000046]},"properties":{"OBJECTID_12":1065,"COUNTY":"Polk","DISTRICT_CODE":"WDM-213","PRECINCT":"West Des Moines 213 (166)","POLLING_PLACE":"166 ASHWORTH ROAD BAPTIST CHURCH","ADDR_LINE_1":"5300 ASHWORTH RD.","CITY_1":"WEST DES MOINES","ZIP":"50266","House_Dist":42,"Senate_Dis":"21","Congressio":"3","SOSID_NEW":"77_WDM-213"}},{"type":"Feature","id":1066,"geometry":{"type":"Point","coordinates":[-93.71221773699995,41.595395058000065]},"properties":{"OBJECTID_12":1066,"COUNTY":"Polk","DISTRICT_CODE":"WHTS 1","PRECINCT":"Windsor Heights 1 (175)","POLLING_PLACE":"175 WINDSOR HEIGHTS COMMUNITY CENTER","ADDR_LINE_1":"6900 SCHOOL ST.","CITY_1":"WINDSOR HEIGHTS","ZIP":"50324","House_Dist":43,"Senate_Dis":"22","Congressio":"3","SOSID_NEW":"77_WHTS 1"}},{"type":"Feature","id":1067,"geometry":{"type":"Point","coordinates":[-93.70865745799995,41.60143044000006]},"properties":{"OBJECTID_12":1067,"COUNTY":"Polk","DISTRICT_CODE":"WHTS 2","PRECINCT":"Windsor Heights 2 (176)","POLLING_PLACE":"176 WINDSOR HEIGHTS LUTHERAN CHURCH","ADDR_LINE_1":"1240 66TH ST.","CITY_1":"WINDSOR HEIGHTS","ZIP":"50324","House_Dist":43,"Senate_Dis":"22","Congressio":"3","SOSID_NEW":"77_WHTS 2"}},{"type":"Feature","id":1068,"geometry":{"type":"Point","coordinates":[-93.71221773699995,41.595395058000065]},"properties":{"OBJECTID_12":1068,"COUNTY":"Polk","DISTRICT_CODE":"WHTS 3","PRECINCT":"Windsor Heights 3 (177)","POLLING_PLACE":"177 WINDSOR HEIGHTS COMMUNITY CENTER","ADDR_LINE_1":"6900 SCHOOL ST.","CITY_1":"WINDSOR HEIGHTS","ZIP":"50324","House_Dist":43,"Senate_Dis":"22","Congressio":"3","SOSID_NEW":"77_WHTS 3"}},{"type":"Feature","id":1069,"geometry":{"type":"Point","coordinates":[-93.7419447179999,41.58525889500004]},"properties":{"OBJECTID_12":1069,"COUNTY":"Polk","DISTRICT_CODE":"WDM-114","PRECINCT":"West Des Moines 114 (159)","POLLING_PLACE":"159 COVENANT PRESBYTERIAN CHURCH","ADDR_LINE_1":"1025 28TH ST.","CITY_1":"WEST DES MOINES","ZIP":"50265","House_Dist":43,"Senate_Dis":"22","Congressio":"3","SOSID_NEW":"77_WDM-114"}},{"type":"Feature","id":1070,"geometry":{"type":"Point","coordinates":[-93.73879244999995,41.58530193100006]},"properties":{"OBJECTID_12":1070,"COUNTY":"Polk","DISTRICT_CODE":"WDM-115","PRECINCT":"West Des Moines 115 (160)","POLLING_PLACE":"160 ST TIMOTHYS EPISCOPAL CHURCH","ADDR_LINE_1":"1020 24TH ST.","CITY_1":"WEST DES MOINES","ZIP":"50265","House_Dist":43,"Senate_Dis":"22","Congressio":"3","SOSID_NEW":"77_WDM-115"}},{"type":"Feature","id":1071,"geometry":{"type":"Point","coordinates":[-93.7419540439999,41.585551390000035]},"properties":{"OBJECTID_12":1071,"COUNTY":"Polk","DISTRICT_CODE":"WDM-116","PRECINCT":"West Des Moines 116 (161)","POLLING_PLACE":"161 COVENANT PRESBYTERIAN CHURCH","ADDR_LINE_1":"1025 28TH ST.","CITY_1":"WEST DES MOINES","ZIP":"50266","House_Dist":43,"Senate_Dis":"22","Congressio":"3","SOSID_NEW":"77_WDM-116"}},{"type":"Feature","id":1072,"geometry":{"type":"Point","coordinates":[-93.72609480799991,41.578516308000076]},"properties":{"OBJECTID_12":1072,"COUNTY":"Polk","DISTRICT_CODE":"WDM-117","PRECINCT":"West Des Moines 117 (162)","POLLING_PLACE":"162 SACRED HEART PARISH HALL","ADDR_LINE_1":"1627 GRAND AVE.","CITY_1":"WEST DES MOINES","ZIP":"50265","House_Dist":43,"Senate_Dis":"22","Congressio":"3","SOSID_NEW":"77_WDM-117"}},{"type":"Feature","id":1073,"geometry":{"type":"Point","coordinates":[-93.76147068299991,41.584667925000076]},"properties":{"OBJECTID_12":1073,"COUNTY":"Polk","DISTRICT_CODE":"WDM-211","PRECINCT":"West Des Moines 211 (164)","POLLING_PLACE":"164 VALLEY UNITED METHODIST CHURCH","ADDR_LINE_1":"4201 ASHWORTH RD","CITY_1":"WEST DES MOINES","ZIP":"50265","House_Dist":43,"Senate_Dis":"22","Congressio":"3","SOSID_NEW":"77_WDM-211"}},{"type":"Feature","id":1074,"geometry":{"type":"Point","coordinates":[-93.76147068299991,41.584667925000076]},"properties":{"OBJECTID_12":1074,"COUNTY":"Polk","DISTRICT_CODE":"WDM-212","PRECINCT":"West Des Moines 212 (165)","POLLING_PLACE":"165 VALLEY UNITED METHODIST CHURCH","ADDR_LINE_1":"4201 ASHWORTH RD.","CITY_1":"WEST DES MOINES","ZIP":"50265","House_Dist":43,"Senate_Dis":"22","Congressio":"3","SOSID_NEW":"77_WDM-212"}},{"type":"Feature","id":1075,"geometry":{"type":"Point","coordinates":[-93.76542063199992,41.58458284300008]},"properties":{"OBJECTID_12":1075,"COUNTY":"Polk","DISTRICT_CODE":"WDM-312","PRECINCT":"West Des Moines 312 (168)","POLLING_PLACE":"168 COMMUNITY OF CHRIST CHURCH","ADDR_LINE_1":"4504 ASHWORTH RD.","CITY_1":"WEST DES MOINES","ZIP":"50265","House_Dist":43,"Senate_Dis":"22","Congressio":"3","SOSID_NEW":"77_WDM-312"}},{"type":"Feature","id":1076,"geometry":{"type":"Point","coordinates":[-93.75716058899991,41.58465277300007]},"properties":{"OBJECTID_12":1076,"COUNTY":"Polk","DISTRICT_CODE":"WDM-313","PRECINCT":"West Des Moines 313 (169)","POLLING_PLACE":"169 SHEPHERD OF THE VALLEY CHURCH","ADDR_LINE_1":"3900 ASHWORTH RD.","CITY_1":"WEST DES MOINES","ZIP":"50265","House_Dist":43,"Senate_Dis":"22","Congressio":"3","SOSID_NEW":"77_WDM-313"}},{"type":"Feature","id":1077,"geometry":{"type":"Point","coordinates":[-93.74734923799991,41.60214840000003]},"properties":{"OBJECTID_12":1077,"COUNTY":"Polk","DISTRICT_CODE":"CLIVE 2","PRECINCT":"Clive 2 (111)","POLLING_PLACE":"111 INDIAN HILLS SCHOOL","ADDR_LINE_1":"9401 INDIAN HILLS DR","CITY_1":"CLIVE","ZIP":"50325","House_Dist":43,"Senate_Dis":"22","Congressio":"3","SOSID_NEW":"77_CLIVE 2"}},{"type":"Feature","id":1078,"geometry":{"type":"Point","coordinates":[-93.76093104699993,41.60046771900005]},"properties":{"OBJECTID_12":1078,"COUNTY":"Polk","DISTRICT_CODE":"CLIVE 3","PRECINCT":"Clive 3 (112)","POLLING_PLACE":"112 FAITH LUTHERAN CHURCH","ADDR_LINE_1":"10395 UNIVERSITY AVE","CITY_1":"CLIVE","ZIP":"50325","House_Dist":43,"Senate_Dis":"22","Congressio":"3","SOSID_NEW":"77_CLIVE 3"}},{"type":"Feature","id":1079,"geometry":{"type":"Point","coordinates":[-93.77498722299993,41.60963104100006]},"properties":{"OBJECTID_12":1079,"COUNTY":"Polk","DISTRICT_CODE":"CLIVE 4","PRECINCT":"Clive 4 (113)","POLLING_PLACE":"113 CLIVE CITY HALL","ADDR_LINE_1":"1900 NW 114TH ST.","CITY_1":"CLIVE","ZIP":"50325","House_Dist":43,"Senate_Dis":"22","Congressio":"3","SOSID_NEW":"77_CLIVE 4"}},{"type":"Feature","id":1080,"geometry":{"type":"Point","coordinates":[-93.7345902859999,41.60762751200008]},"properties":{"OBJECTID_12":1080,"COUNTY":"Polk","DISTRICT_CODE":"CLIVE 1","PRECINCT":"Clive 1 (110)","POLLING_PLACE":"110 DYMOND PUBLIC SAFETY CENTER","ADDR_LINE_1":"8505 HARBACH BLVD","CITY_1":"CLIVE","ZIP":"50325","House_Dist":43,"Senate_Dis":"22","Congressio":"3","SOSID_NEW":"77_CLIVE 1"}},{"type":"Feature","id":1081,"geometry":{"type":"Point","coordinates":[-93.79885295499992,41.58554389400007]},"properties":{"OBJECTID_12":1081,"COUNTY":"Polk","DISTRICT_CODE":"DM 072","PRECINCT":"Des Moines 072","POLLING_PLACE":"072 CLEARWATER LAKE CLUBHOUSE","ADDR_LINE_1":"5701 SE 66TH PL.","CITY_1":"DES MOINES","ZIP":"50320","House_Dist":44,"Senate_Dis":"22","Congressio":"3","SOSID_NEW":"25_DM 072"}},{"type":"Feature","id":1082,"geometry":{"type":"Point","coordinates":[-95.82716907499992,41.27496818100008]},"properties":{"OBJECTID_12":1082,"COUNTY":"Pottawattamie","DISTRICT_CODE":"CB 08","PRECINCT":"Council Bluffs 08","POLLING_PLACE":"08 ST PAUL'S EPISCOPAL CHURCH","ADDR_LINE_1":"22 DILLMAN DR","CITY_1":"COUNCIL BLUFFS","ZIP":"51503","House_Dist":16,"Senate_Dis":"8","Congressio":"3","SOSID_NEW":"78_CB 08"}},{"type":"Feature","id":1083,"geometry":{"type":"Point","coordinates":[-95.84327073799994,41.26298313500007]},"properties":{"OBJECTID_12":1083,"COUNTY":"Pottawattamie","DISTRICT_CODE":"CB 06","PRECINCT":"Council Bluffs 06","POLLING_PLACE":"06 BROADWAY METHODIST","ADDR_LINE_1":"11 S 1ST ST","CITY_1":"COUNCIL BLUFFS","ZIP":"51503","House_Dist":16,"Senate_Dis":"8","Congressio":"3","SOSID_NEW":"78_CB 06"}},{"type":"Feature","id":1084,"geometry":{"type":"Point","coordinates":[-95.83628693999992,41.264775705000034]},"properties":{"OBJECTID_12":1084,"COUNTY":"Pottawattamie","DISTRICT_CODE":"CB 09","PRECINCT":"Council Bluffs 09","POLLING_PLACE":"09 ST PAULS LUTHERAN","ADDR_LINE_1":"239 FRANK ST","CITY_1":"COUNCIL BLUFFS","ZIP":"51503","House_Dist":16,"Senate_Dis":"8","Congressio":"3","SOSID_NEW":"78_CB 09"}},{"type":"Feature","id":1085,"geometry":{"type":"Point","coordinates":[-95.84327073799994,41.26298313500007]},"properties":{"OBJECTID_12":1085,"COUNTY":"Pottawattamie","DISTRICT_CODE":"CB 11","PRECINCT":"Council Bluffs 11","POLLING_PLACE":"11 BROADWAY METHODIST","ADDR_LINE_1":"11 S 1ST ST","CITY_1":"COUNCIL BLUFFS","ZIP":"51503","House_Dist":16,"Senate_Dis":"8","Congressio":"3","SOSID_NEW":"78_CB 11"}},{"type":"Feature","id":1086,"geometry":{"type":"Point","coordinates":[-95.8253322139999,41.227498867000065]},"properties":{"OBJECTID_12":1086,"COUNTY":"Pottawattamie","DISTRICT_CODE":"CB 12","PRECINCT":"Council Bluffs 12","POLLING_PLACE":"12 FIRST ASSEMBLY OF GOD","ADDR_LINE_1":"3320 HARRY LANGDON BLVD","CITY_1":"COUNCIL BLUFFS","ZIP":"51503","House_Dist":16,"Senate_Dis":"8","Congressio":"3","SOSID_NEW":"78_CB 12"}},{"type":"Feature","id":1087,"geometry":{"type":"Point","coordinates":[-95.85139441599995,41.25497134700004]},"properties":{"OBJECTID_12":1087,"COUNTY":"Pottawattamie","DISTRICT_CODE":"CB 13","PRECINCT":"Council Bluffs 13","POLLING_PLACE":"13 THE CENTER","ADDR_LINE_1":"714 S MAIN ST","CITY_1":"COUNCIL BLUFFS","ZIP":"51503","House_Dist":16,"Senate_Dis":"8","Congressio":"3","SOSID_NEW":"78_CB 13"}},{"type":"Feature","id":1088,"geometry":{"type":"Point","coordinates":[-95.85250606199992,41.259526691000076]},"properties":{"OBJECTID_12":1088,"COUNTY":"Pottawattamie","DISTRICT_CODE":"CB 15","PRECINCT":"Council Bluffs 15","POLLING_PLACE":"15 MASONIC TEMPLE","ADDR_LINE_1":"130 S 6TH ST","CITY_1":"COUNCIL BLUFFS","ZIP":"51501","House_Dist":16,"Senate_Dis":"8","Congressio":"3","SOSID_NEW":"78_CB 15"}},{"type":"Feature","id":1089,"geometry":{"type":"Point","coordinates":[-95.85490729399993,41.24355041300004]},"properties":{"OBJECTID_12":1089,"COUNTY":"Pottawattamie","DISTRICT_CODE":"CB 14","PRECINCT":"Council Bluffs 14","POLLING_PLACE":"14 BETHANY PRESBYTERIAN","ADDR_LINE_1":"1900 S 7TH ST","CITY_1":"COUNCIL BLUFFS","ZIP":"51501","House_Dist":16,"Senate_Dis":"8","Congressio":"3","SOSID_NEW":"78_CB 14"}},{"type":"Feature","id":1090,"geometry":{"type":"Point","coordinates":[-95.8576765709999,41.235521144000074]},"properties":{"OBJECTID_12":1090,"COUNTY":"Pottawattamie","DISTRICT_CODE":"CB 18","PRECINCT":"Council Bluffs 18","POLLING_PLACE":"18 AEA GREEN HILLS PETERSEN CNTR","ADDR_LINE_1":"2600 S 9TH ST","CITY_1":"COUNCIL BLUFFS","ZIP":"51501","House_Dist":16,"Senate_Dis":"8","Congressio":"3","SOSID_NEW":"78_CB 18"}},{"type":"Feature","id":1091,"geometry":{"type":"Point","coordinates":[-95.89244054699992,41.21117342300005]},"properties":{"OBJECTID_12":1091,"COUNTY":"Pottawattamie","DISTRICT_CODE":"CB 19","PRECINCT":"Council Bluffs 19","POLLING_PLACE":"19 FOX RUN GOLF CLUB","ADDR_LINE_1":"3001 MACINEERY DR","CITY_1":"COUNCIL BLUFFS","ZIP":"51501","House_Dist":16,"Senate_Dis":"8","Congressio":"3","SOSID_NEW":"78_CB 19"}},{"type":"Feature","id":1092,"geometry":{"type":"Point","coordinates":[-95.83891052599995,41.20697755000003]},"properties":{"OBJECTID_12":1092,"COUNTY":"Pottawattamie","DISTRICT_CODE":"CB 20","PRECINCT":"Council Bluffs 20","POLLING_PLACE":"20 GETHSEMANE PRESBYTERIAN CHURCH","ADDR_LINE_1":"224 WALLACE AVE","CITY_1":"COUNCIL BLUFFS","ZIP":"51501","House_Dist":16,"Senate_Dis":"8","Congressio":"3","SOSID_NEW":"78_CB 20"}},{"type":"Feature","id":1093,"geometry":{"type":"Point","coordinates":[-95.83891052599995,41.20697755000003]},"properties":{"OBJECTID_12":1093,"COUNTY":"Pottawattamie","DISTRICT_CODE":"CB 21","PRECINCT":"Council Bluffs 21","POLLING_PLACE":"21 GETHSEMANE PRESBYTERIAN CHURCH","ADDR_LINE_1":"224 WALLACE AVE","CITY_1":"COUNCIL BLUFFS","ZIP":"51501","House_Dist":16,"Senate_Dis":"8","Congressio":"3","SOSID_NEW":"78_CB 21"}},{"type":"Feature","id":1094,"geometry":{"type":"Point","coordinates":[-95.9168908339999,41.284968346000085]},"properties":{"OBJECTID_12":1094,"COUNTY":"Pottawattamie","DISTRICT_CODE":"CL 1","PRECINCT":"Carter Lake 1","POLLING_PLACE":"23 CARTER LAKE CITY HALL","ADDR_LINE_1":"950 E LOCUST ST","CITY_1":"CARTER LAKE","ZIP":"51510","House_Dist":15,"Senate_Dis":"8","Congressio":"3","SOSID_NEW":"78_CL 1"}},{"type":"Feature","id":1095,"geometry":{"type":"Point","coordinates":[-95.9168908339999,41.284968346000085]},"properties":{"OBJECTID_12":1095,"COUNTY":"Pottawattamie","DISTRICT_CODE":"CL 2","PRECINCT":"Carter Lake 2","POLLING_PLACE":"24 CARTER LAKE CITY HALL","ADDR_LINE_1":"950 E LOCUST ST","CITY_1":"CARTER LAKE","ZIP":"51510","House_Dist":15,"Senate_Dis":"8","Congressio":"3","SOSID_NEW":"78_CL 2"}},{"type":"Feature","id":1096,"geometry":{"type":"Point","coordinates":[-95.90987214699993,41.26838345800007]},"properties":{"OBJECTID_12":1096,"COUNTY":"Pottawattamie","DISTRICT_CODE":"CB 01","PRECINCT":"Council Bluffs 01","POLLING_PLACE":"01 NORTHWEST CHRISTIAN CHURCH","ADDR_LINE_1":"714 BENSON","CITY_1":"COUNCIL BLUFFS","ZIP":"51501","House_Dist":15,"Senate_Dis":"8","Congressio":"3","SOSID_NEW":"78_CB 01"}},{"type":"Feature","id":1097,"geometry":{"type":"Point","coordinates":[-93.32767179099994,41.02070775000004]},"properties":{"OBJECTID_12":1097,"COUNTY":"Lucas","DISTRICT_CODE":"EX","PRECINCT":"Extension Precinct","POLLING_PLACE":"LUCAS COUNTY EXTENSION OFFICE","ADDR_LINE_1":"48293 HY-VEE RD.","CITY_1":"CHARITON","ZIP":"50049","House_Dist":27,"Senate_Dis":"14","Congressio":"2","SOSID_NEW":"59_EX"}},{"type":"Feature","id":1098,"geometry":{"type":"Point","coordinates":[-93.32879090499995,41.027307789000076]},"properties":{"OBJECTID_12":1098,"COUNTY":"Marion","DISTRICT_CODE":"IN","PRECINCT":"Indiana","POLLING_PLACE":"ATTICA GAVEL LODGE","ADDR_LINE_1":"1870 HWY G76","CITY_1":"BUSSEY","ZIP":"50049","House_Dist":27,"Senate_Dis":"14","Congressio":"2","SOSID_NEW":"59_IN"}},{"type":"Feature","id":1099,"geometry":{"type":"Point","coordinates":[-93.46081079399994,41.028546636000044]},"properties":{"OBJECTID_12":1099,"COUNTY":"Lucas","DISTRICT_CODE":"LC","PRECINCT":"Lucas Precinct","POLLING_PLACE":"LUCAS COMMUNITY BUILDING","ADDR_LINE_1":"110 E. FRONT ST.","CITY_1":"LUCAS","ZIP":"50151","House_Dist":27,"Senate_Dis":"14","Congressio":"2","SOSID_NEW":"59_LC"}},{"type":"Feature","id":1100,"geometry":{"type":"Point","coordinates":[-93.3084468969999,41.013790215000085]},"properties":{"OBJECTID_12":1100,"COUNTY":"Lucas","DISTRICT_CODE":"C1","PRECINCT":"Chariton Ward #1","POLLING_PLACE":"CITY HALL","ADDR_LINE_1":"115 S. MAIN ST.","CITY_1":"CHARITON","ZIP":"50049","House_Dist":27,"Senate_Dis":"14","Congressio":"2","SOSID_NEW":"59_C1"}},{"type":"Feature","id":1101,"geometry":{"type":"Point","coordinates":[-93.30716192299991,41.01941054000008]},"properties":{"OBJECTID_12":1101,"COUNTY":"Lucas","DISTRICT_CODE":"C2","PRECINCT":"Chariton Ward #2","POLLING_PLACE":"CHARITON COMMUNITY CENTER","ADDR_LINE_1":"915 OSAGE","CITY_1":"CHARITON","ZIP":"50049","House_Dist":27,"Senate_Dis":"14","Congressio":"2","SOSID_NEW":"59_C2"}},{"type":"Feature","id":1102,"geometry":{"type":"Point","coordinates":[-92.92433799399993,41.31840975300008]},"properties":{"OBJECTID_12":1102,"COUNTY":"Marion","DISTRICT_CODE":"CL","PRECINCT":"Clay Township","POLLING_PLACE":"HARVEY COMMUNITY CENTER","ADDR_LINE_1":"300 MAIN ST","CITY_1":"HARVEY","ZIP":"50119","House_Dist":28,"Senate_Dis":"14","Congressio":"2","SOSID_NEW":"63_CL"}},{"type":"Feature","id":1103,"geometry":{"type":"Point","coordinates":[-93.24177849599994,41.22346506000008]},"properties":{"OBJECTID_12":1103,"COUNTY":"Marion","DISTRICT_CODE":"DA","PRECINCT":"Dallas","POLLING_PLACE":"MELCHER DALLAS COMMUNITY CTR","ADDR_LINE_1":"112 N MAIN ST","CITY_1":"MELCHER","ZIP":"50163","House_Dist":28,"Senate_Dis":"14","Congressio":"2","SOSID_NEW":"63_DA"}},{"type":"Feature","id":1104,"geometry":{"type":"Point","coordinates":[-92.8859337849999,41.20454057000006]},"properties":{"OBJECTID_12":1104,"COUNTY":"Marion","DISTRICT_CODE":"LB","PRECINCT":"Liberty","POLLING_PLACE":"BUSSEY COMMUNITY CENTER","ADDR_LINE_1":"313 5TH ST","CITY_1":"BUSSEY","ZIP":"50044","House_Dist":28,"Senate_Dis":"14","Congressio":"2","SOSID_NEW":"63_LB"}},{"type":"Feature","id":1105,"geometry":{"type":"Point","coordinates":[-93.26994482299995,41.386783835000074]},"properties":{"OBJECTID_12":1105,"COUNTY":"Marion","DISTRICT_CODE":"PVLLE","PRECINCT":"Pleasantville","POLLING_PLACE":"PLEASANTVILLE MEMORIAL BUILDING","ADDR_LINE_1":"101 N JEFFERSON ST","CITY_1":"PLEASANTVILLE","ZIP":"50225","House_Dist":28,"Senate_Dis":"14","Congressio":"2","SOSID_NEW":"63_PVLLE"}},{"type":"Feature","id":1106,"geometry":{"type":"Point","coordinates":[-93.11913724899995,41.31241052300004]},"properties":{"OBJECTID_12":1106,"COUNTY":"Marion","DISTRICT_CODE":"KX3","PRECINCT":"Knoxville City Ward 3","POLLING_PLACE":"COMMUNITY OF CHRIST CHURCH","ADDR_LINE_1":"714 WILLETTS DR","CITY_1":"KNOXVILLE","ZIP":"50138","House_Dist":28,"Senate_Dis":"14","Congressio":"2","SOSID_NEW":"63_KX3"}},{"type":"Feature","id":1107,"geometry":{"type":"Point","coordinates":[-93.1519303309999,41.17542341600006]},"properties":{"OBJECTID_12":1107,"COUNTY":"Marion","DISTRICT_CODE":"WS","PRECINCT":"Washington","POLLING_PLACE":"COLUMBIA FIRE STATION","ADDR_LINE_1":"1032 VIRGINIA ST","CITY_1":"COLUMBIA","ZIP":"50057","House_Dist":28,"Senate_Dis":"14","Congressio":"2","SOSID_NEW":"63_WS"}},{"type":"Feature","id":1108,"geometry":{"type":"Point","coordinates":[-93.0351475199999,41.46239201700007]},"properties":{"OBJECTID_12":1108,"COUNTY":"Marion","DISTRICT_CODE":"OTLEY","PRECINCT":"Otley","POLLING_PLACE":"OTLEY REFORMED CHURCH","ADDR_LINE_1":"700 JOHNSTON ST","CITY_1":"OTLEY","ZIP":"50214","House_Dist":28,"Senate_Dis":"14","Congressio":"2","SOSID_NEW":"63_OTLEY"}},{"type":"Feature","id":1109,"geometry":{"type":"Point","coordinates":[-93.1094916369999,41.33590834000006]},"properties":{"OBJECTID_12":1109,"COUNTY":"Marion","DISTRICT_CODE":"KXT","PRECINCT":"Knoxville Twp","POLLING_PLACE":"MARION CO PUBLIC HEALTH BLDG","ADDR_LINE_1":"2003 N LINCOLN","CITY_1":"KNOXVILLE","ZIP":"50138","House_Dist":28,"Senate_Dis":"14","Congressio":"2","SOSID_NEW":"63_KXT"}},{"type":"Feature","id":1110,"geometry":{"type":"Point","coordinates":[-93.0964340779999,41.31684183200008]},"properties":{"OBJECTID_12":1110,"COUNTY":"Marion","DISTRICT_CODE":"KX2","PRECINCT":"Knoxville City Ward 2","POLLING_PLACE":"KNOXVILLE CITY HALL","ADDR_LINE_1":"305 S THIRD ST","CITY_1":"KNOXVILLE","ZIP":"50138","House_Dist":28,"Senate_Dis":"14","Congressio":"2","SOSID_NEW":"63_KX2"}},{"type":"Feature","id":1111,"geometry":{"type":"Point","coordinates":[-93.10116650099991,41.318957616000034]},"properties":{"OBJECTID_12":1111,"COUNTY":"Marion","DISTRICT_CODE":"KX1","PRECINCT":"Knoxville City Ward 1","POLLING_PLACE":"KNOXVILLE SCHOOL ADMIN. BLDG.","ADDR_LINE_1":"309 W MAIN ST","CITY_1":"KNOXVILLE","ZIP":"50138","House_Dist":28,"Senate_Dis":"14","Congressio":"2","SOSID_NEW":"63_KX1"}},{"type":"Feature","id":1112,"geometry":{"type":"Point","coordinates":[-93.10951478399994,41.32540191900006]},"properties":{"OBJECTID_12":1112,"COUNTY":"Marion","DISTRICT_CODE":"KX4","PRECINCT":"Knoxville City Ward 4","POLLING_PLACE":"BINGLEY BUILDING","ADDR_LINE_1":"MARION COUNTY FAIRGROUNDS\r\n1000 N LINCOLN ST","CITY_1":"KNOXVILLE","ZIP":"50138","House_Dist":28,"Senate_Dis":"14","Congressio":"2","SOSID_NEW":"63_KX4"}},{"type":"Feature","id":1113,"geometry":{"type":"Point","coordinates":[-93.10455754899994,41.517194946000075]},"properties":{"OBJECTID_12":1113,"COUNTY":"Jasper","DISTRICT_CODE":"FV","PRECINCT":"Fairview ","POLLING_PLACE":"MONROE CITY HALL","ADDR_LINE_1":"206 W SHERMAN","CITY_1":"MONROE","ZIP":"50170","House_Dist":28,"Senate_Dis":"14","Congressio":"2","SOSID_NEW":"50_FV"}},{"type":"Feature","id":1114,"geometry":{"type":"Point","coordinates":[-92.84738684899992,41.57860022600005]},"properties":{"OBJECTID_12":1114,"COUNTY":"Jasper","DISTRICT_CODE":"EL","PRECINCT":"Elk Creek-Lynngrove","POLLING_PLACE":"SULLY COMMUNITY CENTER","ADDR_LINE_1":"318 6TH AVE","CITY_1":"SULLY","ZIP":"50251","House_Dist":28,"Senate_Dis":"14","Congressio":"2","SOSID_NEW":"50_EL"}},{"type":"Feature","id":1115,"geometry":{"type":"Point","coordinates":[-93.0391601739999,41.67750079100006]},"properties":{"OBJECTID_12":1115,"COUNTY":"Jasper","DISTRICT_CODE":"NT3-2","PRECINCT":"Newton 3-2","POLLING_PLACE":"JASPER COUNTY COMMUNITY CENTER","ADDR_LINE_1":"2401 IST AVE E","CITY_1":"NEWTON","ZIP":"50208","House_Dist":28,"Senate_Dis":"14","Congressio":"2","SOSID_NEW":"50_NT3-2"}},{"type":"Feature","id":1116,"geometry":{"type":"Point","coordinates":[-93.02297016299991,41.579088579000086]},"properties":{"OBJECTID_12":1116,"COUNTY":"Jasper","DISTRICT_CODE":"PA","PRECINCT":"Palo Alto  ","POLLING_PLACE":"REASNOR CITY HALL","ADDR_LINE_1":"312 NORTH ST","CITY_1":"REASNOR","ZIP":"50232","House_Dist":28,"Senate_Dis":"14","Congressio":"2","SOSID_NEW":"50_PA"}},{"type":"Feature","id":1117,"geometry":{"type":"Point","coordinates":[-93.3079513969999,40.98680106300009]},"properties":{"OBJECTID_12":1117,"COUNTY":"Lucas","DISTRICT_CODE":"POM","PRECINCT":"Pin Oak Marsh","POLLING_PLACE":"PIN OAK MARSH","ADDR_LINE_1":"45996 STATE HWY 14","CITY_1":"CHARITON","ZIP":"50049","House_Dist":28,"Senate_Dis":"14","Congressio":"2","SOSID_NEW":"59_POM"}},{"type":"Feature","id":1118,"geometry":{"type":"Point","coordinates":[-93.19917349799994,40.98548912900009]},"properties":{"OBJECTID_12":1118,"COUNTY":"Lucas","DISTRICT_CODE":"RS","PRECINCT":"Russell Precinct","POLLING_PLACE":"RUSSELL COMMUNITY CENTER","ADDR_LINE_1":"316 MAPLE ST.","CITY_1":"RUSSELL","ZIP":"50238","House_Dist":28,"Senate_Dis":"14","Congressio":"2","SOSID_NEW":"59_RS"}},{"type":"Feature","id":1119,"geometry":{"type":"Point","coordinates":[-93.25651892399992,41.08706468300005]},"properties":{"OBJECTID_12":1119,"COUNTY":"Lucas","DISTRICT_CODE":"WM","PRECINCT":"Williamson Precinct","POLLING_PLACE":"WILLIAMSON COMMUNITY CENTER","ADDR_LINE_1":"204 MAIN ST.","CITY_1":"WILLIAMSON","ZIP":"50272","House_Dist":28,"Senate_Dis":"14","Congressio":"2","SOSID_NEW":"59_WM"}},{"type":"Feature","id":1120,"geometry":{"type":"Point","coordinates":[-91.36164440599993,41.28151957100005]},"properties":{"OBJECTID_12":1120,"COUNTY":"Louisa","DISTRICT_CODE":"CJ","PRECINCT":"Columbus Jct City","POLLING_PLACE":"AMERICAN LEGION CJ","ADDR_LINE_1":"99 2ND ST","CITY_1":"COLUMBUS JCT","ZIP":"52738","House_Dist":88,"Senate_Dis":"44","Congressio":"2","SOSID_NEW":"58_CJ"}},{"type":"Feature","id":1121,"geometry":{"type":"Point","coordinates":[-91.1716249349999,41.232792044000064]},"properties":{"OBJECTID_12":1121,"COUNTY":"Louisa","DISTRICT_CODE":"GV","PRECINCT":"Grandview Port Louisa","POLLING_PLACE":"LOUISA COUNTY COMPLEX","ADDR_LINE_1":"12635 COUNTY RD G56","CITY_1":"WAPELLO","ZIP":"52653","House_Dist":88,"Senate_Dis":"44","Congressio":"2","SOSID_NEW":"58_GV"}},{"type":"Feature","id":1122,"geometry":{"type":"Point","coordinates":[-91.2557353599999,41.095466686000066]},"properties":{"OBJECTID_12":1122,"COUNTY":"Louisa","DISTRICT_CODE":"MS","PRECINCT":"Morningsun Marshall","POLLING_PLACE":"MORNING SUN COMMUNITY CENTER","ADDR_LINE_1":"19 NE 1ST ST","CITY_1":"MORNING SUN","ZIP":"52640","House_Dist":88,"Senate_Dis":"44","Congressio":"2","SOSID_NEW":"58_MS"}},{"type":"Feature","id":1123,"geometry":{"type":"Point","coordinates":[-91.18482981699992,41.182089759000064]},"properties":{"OBJECTID_12":1123,"COUNTY":"Louisa","DISTRICT_CODE":"SEL","PRECINCT":"Southeast Louisa","POLLING_PLACE":"BRIGGS CIVIC CENTER","ADDR_LINE_1":"317 N WATER ST","CITY_1":"WAPELLO","ZIP":"52653","House_Dist":88,"Senate_Dis":"44","Congressio":"2","SOSID_NEW":"58_SEL"}},{"type":"Feature","id":1124,"geometry":{"type":"Point","coordinates":[-91.37511665499994,41.25851103300005]},"properties":{"OBJECTID_12":1124,"COUNTY":"Louisa","DISTRICT_CODE":"WL","PRECINCT":"West Louisa","POLLING_PLACE":"COLUMBUS CITY MASONIC LODGE","ADDR_LINE_1":"2502 MARKET ST","CITY_1":"COLUMBUS CITY","ZIP":"52737","House_Dist":88,"Senate_Dis":"44","Congressio":"2","SOSID_NEW":"58_WL"}},{"type":"Feature","id":1125,"geometry":{"type":"Point","coordinates":[-91.09904914599991,41.41860154700004]},"properties":{"OBJECTID_12":1125,"COUNTY":"Muscatine","DISTRICT_CODE":"F2LA","PRECINCT":"Fruitland 2/Lake","POLLING_PLACE":"LUTHERAN HOMES","ADDR_LINE_1":"2421 LUTHERAN DR","CITY_1":"MUSCATINE","ZIP":"52761","House_Dist":88,"Senate_Dis":"44","Congressio":"2","SOSID_NEW":"70_F2LA"}},{"type":"Feature","id":1126,"geometry":{"type":"Point","coordinates":[-91.16536144999992,41.57204300800004]},"properties":{"OBJECTID_12":1126,"COUNTY":"Muscatine","DISTRICT_CODE":"GO","PRECINCT":"Goshen","POLLING_PLACE":"ATALISSA CITY HALL","ADDR_LINE_1":"122 3RD STREET","CITY_1":"ATALISSA","ZIP":"52720","House_Dist":88,"Senate_Dis":"44","Congressio":"2","SOSID_NEW":"70_GO"}},{"type":"Feature","id":1127,"geometry":{"type":"Point","coordinates":[-91.35046238199993,41.38197843800003]},"properties":{"OBJECTID_12":1127,"COUNTY":"Muscatine","DISTRICT_CODE":"OR","PRECINCT":"Orono","POLLING_PLACE":"CONESVILLE CITY HALL","ADDR_LINE_1":"306 W 3RD STREET","CITY_1":"CONESVILLE","ZIP":"52739","House_Dist":88,"Senate_Dis":"44","Congressio":"2","SOSID_NEW":"70_OR"}},{"type":"Feature","id":1128,"geometry":{"type":"Point","coordinates":[-91.30769517699991,41.480068439000036]},"properties":{"OBJECTID_12":1128,"COUNTY":"Muscatine","DISTRICT_CODE":"PI","PRECINCT":"Pike","POLLING_PLACE":"NICHOLS CITY HALL","ADDR_LINE_1":"332 MAIN STREET","CITY_1":"NICHOLS","ZIP":"52766","House_Dist":88,"Senate_Dis":"44","Congressio":"2","SOSID_NEW":"70_PI"}},{"type":"Feature","id":1129,"geometry":{"type":"Point","coordinates":[-91.26199144299994,41.574293401000034]},"properties":{"OBJECTID_12":1129,"COUNTY":"Muscatine","DISTRICT_CODE":"WL2","PRECINCT":"West Liberty 2","POLLING_PLACE":"CNTY FAIRGROUNDS CITY 2","ADDR_LINE_1":"COUNTY FAIRGROUNDS ","CITY_1":"WEST LIBERTY","ZIP":"52776","House_Dist":88,"Senate_Dis":"44","Congressio":"2","SOSID_NEW":"70_WL2"}},{"type":"Feature","id":1130,"geometry":{"type":"Point","coordinates":[-91.26199144299994,41.574293401000034]},"properties":{"OBJECTID_12":1130,"COUNTY":"Muscatine","DISTRICT_CODE":"WLWA","PRECINCT":"West Liberty 1/Wapsie","POLLING_PLACE":"CNTY FAIRGOUNDS TWP/CITY 1","ADDR_LINE_1":"COUNTY FAIRGROUNDS","CITY_1":"WEST LIBERTY","ZIP":"52776","House_Dist":88,"Senate_Dis":"44","Congressio":"2","SOSID_NEW":"70_WLWA"}},{"type":"Feature","id":1131,"geometry":{"type":"Point","coordinates":[-91.08736365999994,41.451369690000035]},"properties":{"OBJECTID_12":1131,"COUNTY":"Muscatine","DISTRICT_CODE":"BL","PRECINCT":"Bloomington","POLLING_PLACE":"CHURCH OF CHRIST","ADDR_LINE_1":"3603 MULBERRY AVE","CITY_1":"MUSCATINE","ZIP":"52761","House_Dist":91,"Senate_Dis":"46","Congressio":"2","SOSID_NEW":"70_BL"}},{"type":"Feature","id":1132,"geometry":{"type":"Point","coordinates":[-91.06796240799991,41.443602663000036]},"properties":{"OBJECTID_12":1132,"COUNTY":"Muscatine","DISTRICT_CODE":"MU01","PRECINCT":"Muscatine 1","POLLING_PLACE":"MUSC SCHOOL ADMIN BLDG EAST","ADDR_LINE_1":"2900 MULBERRY AVE","CITY_1":"MUSCATINE","ZIP":"52761","House_Dist":91,"Senate_Dis":"46","Congressio":"2","SOSID_NEW":"70_MU01"}},{"type":"Feature","id":1133,"geometry":{"type":"Point","coordinates":[-91.06796240799991,41.443602663000036]},"properties":{"OBJECTID_12":1133,"COUNTY":"Muscatine","DISTRICT_CODE":"MU06","PRECINCT":"Muscatine 6","POLLING_PLACE":"MUSC SCHOOL ADMIN BLDG WEST","ADDR_LINE_1":"2900 MULBERRY AVE","CITY_1":"MUSCATINE","ZIP":"52761","House_Dist":91,"Senate_Dis":"46","Congressio":"2","SOSID_NEW":"70_MU06"}},{"type":"Feature","id":1134,"geometry":{"type":"Point","coordinates":[-91.07141700999995,41.42794040000007]},"properties":{"OBJECTID_12":1134,"COUNTY":"Muscatine","DISTRICT_CODE":"MU02","PRECINCT":"Muscatine 2","POLLING_PLACE":"WEST MIDDLE SCHOOL","ADDR_LINE_1":"600 KINDLER AVE","CITY_1":"MUSCATINE","ZIP":"52761","House_Dist":91,"Senate_Dis":"46","Congressio":"2","SOSID_NEW":"70_MU02"}},{"type":"Feature","id":1135,"geometry":{"type":"Point","coordinates":[-91.05760209699991,41.42422355500008]},"properties":{"OBJECTID_12":1135,"COUNTY":"Muscatine","DISTRICT_CODE":"MU03","PRECINCT":"Muscatine 3","POLLING_PLACE":"WASHINGTON SCHOOL","ADDR_LINE_1":"610 MAIDEN LANE","CITY_1":"MUSCATINE","ZIP":"52761","House_Dist":91,"Senate_Dis":"46","Congressio":"2","SOSID_NEW":"70_MU03"}},{"type":"Feature","id":1136,"geometry":{"type":"Point","coordinates":[-91.04745507599995,41.42163610000006]},"properties":{"OBJECTID_12":1136,"COUNTY":"Muscatine","DISTRICT_CODE":"MU04","PRECINCT":"Muscatine 4","POLLING_PLACE":"CLARK HOUSE","ADDR_LINE_1":"117 W 3RD STREET","CITY_1":"MUSCATINE","ZIP":"52761","House_Dist":91,"Senate_Dis":"46","Congressio":"2","SOSID_NEW":"70_MU04"}},{"type":"Feature","id":1137,"geometry":{"type":"Point","coordinates":[-91.04918820599994,41.42823177900004]},"properties":{"OBJECTID_12":1137,"COUNTY":"Muscatine","DISTRICT_CODE":"MU05","PRECINCT":"Muscatine 5","POLLING_PLACE":"CENTRAL MIDDLE SCHOOL","ADDR_LINE_1":"901 CEDAR STREET","CITY_1":"MUSCATINE","ZIP":"52761","House_Dist":91,"Senate_Dis":"46","Congressio":"2","SOSID_NEW":"70_MU05"}},{"type":"Feature","id":1138,"geometry":{"type":"Point","coordinates":[-91.07230397099994,41.415913395000075]},"properties":{"OBJECTID_12":1138,"COUNTY":"Muscatine","DISTRICT_CODE":"MU07","PRECINCT":"Muscatine 7","POLLING_PLACE":"MULFORD CHURCH","ADDR_LINE_1":"2400 HERSHEY AVE","CITY_1":"MUSCATINE","ZIP":"52761","House_Dist":91,"Senate_Dis":"46","Congressio":"2","SOSID_NEW":"70_MU07"}},{"type":"Feature","id":1139,"geometry":{"type":"Point","coordinates":[-91.06729689499991,41.40110079600004]},"properties":{"OBJECTID_12":1139,"COUNTY":"Muscatine","DISTRICT_CODE":"MU08","PRECINCT":"Muscatine 8","POLLING_PLACE":"GARFIELD SCHOOL","ADDR_LINE_1":"1409 WISCONSIN STREET","CITY_1":"MUSCATINE","ZIP":"52761","House_Dist":91,"Senate_Dis":"46","Congressio":"2","SOSID_NEW":"70_MU08"}},{"type":"Feature","id":1140,"geometry":{"type":"Point","coordinates":[-91.03092683199992,41.434393886000066]},"properties":{"OBJECTID_12":1140,"COUNTY":"Muscatine","DISTRICT_CODE":"MU09","PRECINCT":"Muscatine 9","POLLING_PLACE":"LINCOLN CENTER","ADDR_LINE_1":"810 PARK AVE","CITY_1":"MUSCATINE","ZIP":"52761","House_Dist":91,"Senate_Dis":"46","Congressio":"2","SOSID_NEW":"70_MU09"}},{"type":"Feature","id":1141,"geometry":{"type":"Point","coordinates":[-91.0345772419999,41.44502226600008]},"properties":{"OBJECTID_12":1141,"COUNTY":"Muscatine","DISTRICT_CODE":"MU10","PRECINCT":"Muscatine 10","POLLING_PLACE":"MADISON SCHOOL","ADDR_LINE_1":"1820 1ST AVE","CITY_1":"MUSCATINE","ZIP":"52761","House_Dist":91,"Senate_Dis":"46","Congressio":"2","SOSID_NEW":"70_MU10"}},{"type":"Feature","id":1142,"geometry":{"type":"Point","coordinates":[-91.12391437899993,41.354509119000056]},"properties":{"OBJECTID_12":1142,"COUNTY":"Muscatine","DISTRICT_CODE":"F1","PRECINCT":"Fruitland 1","POLLING_PLACE":"FRUITLAND CITY HALL","ADDR_LINE_1":"104 SAND RUN RD","CITY_1":"FRUITLAND","ZIP":"52749","House_Dist":91,"Senate_Dis":"46","Congressio":"2","SOSID_NEW":"70_F1"}},{"type":"Feature","id":1143,"geometry":{"type":"Point","coordinates":[-90.84700410799991,41.518171014000075]},"properties":{"OBJECTID_12":1143,"COUNTY":"Muscatine","DISTRICT_CODE":"FUMO","PRECINCT":"Fulton/Montpelier","POLLING_PLACE":"A-1 SIGN","ADDR_LINE_1":"3667 HWY 61","CITY_1":"BLUE GRASS","ZIP":"52720","House_Dist":91,"Senate_Dis":"46","Congressio":"2","SOSID_NEW":"70_FUMO"}},{"type":"Feature","id":1144,"geometry":{"type":"Point","coordinates":[-90.89387095899991,41.466118186000074]},"properties":{"OBJECTID_12":1144,"COUNTY":"Muscatine","DISTRICT_CODE":"SW","PRECINCT":"Sweetland","POLLING_PLACE":"NEW ERA FELLOWSHIP HALL","ADDR_LINE_1":"3455 NEW ERA ROAD","CITY_1":"MUSCATINE","ZIP":"52761","House_Dist":91,"Senate_Dis":"46","Congressio":"2","SOSID_NEW":"70_SW"}},{"type":"Feature","id":1145,"geometry":{"type":"Point","coordinates":[-92.86713824899994,43.32170096900006]},"properties":{"OBJECTID_12":1145,"COUNTY":"Mitchell","DISTRICT_CODE":"MT","PRECINCT":"Rock Mitchell Cedar","POLLING_PLACE":"MITCHELL CITY HALL","ADDR_LINE_1":"125 E. VAN BUREN","CITY_1":"MITCHELL","ZIP":"50461","House_Dist":51,"Senate_Dis":"26","Congressio":"1","SOSID_NEW":"66_MT"}},{"type":"Feature","id":1146,"geometry":{"type":"Point","coordinates":[-92.64153168999991,43.28440353000008]},"properties":{"OBJECTID_12":1146,"COUNTY":"Mitchell","DISTRICT_CODE":"DG","PRECINCT":"Douglas East Lincoln","POLLING_PLACE":"NEW HAVEN CATHOLIC CHURCH","ADDR_LINE_1":"2985 360TH ST","CITY_1":"OSAGE","ZIP":"50461","House_Dist":51,"Senate_Dis":"26","Congressio":"1","SOSID_NEW":"66_DG"}},{"type":"Feature","id":1147,"geometry":{"type":"Point","coordinates":[-92.55465001899995,43.36378341100004]},"properties":{"OBJECTID_12":1147,"COUNTY":"Mitchell","DISTRICT_CODE":"JK","PRECINCT":"Jenkins Riceville City","POLLING_PLACE":"RICEVILLE CITY HALL","ADDR_LINE_1":"123 W MAIN ST","CITY_1":"RICEVILLE","ZIP":"50466","House_Dist":51,"Senate_Dis":"26","Congressio":"1","SOSID_NEW":"66_JK"}},{"type":"Feature","id":1148,"geometry":{"type":"Point","coordinates":[-93.01469956599993,43.41503874300008]},"properties":{"OBJECTID_12":1148,"COUNTY":"Mitchell","DISTRICT_CODE":"OT","PRECINCT":"Otranto Newburg Carpenter City","POLLING_PLACE":"CARPENTER COMMUNITY CENTER","ADDR_LINE_1":"508 WILLIAM ST.","CITY_1":"CARPENTER","ZIP":"50426","House_Dist":51,"Senate_Dis":"26","Congressio":"1","SOSID_NEW":"66_OT"}},{"type":"Feature","id":1149,"geometry":{"type":"Point","coordinates":[-92.9253646279999,43.37968287100006]},"properties":{"OBJECTID_12":1149,"COUNTY":"Mitchell","DISTRICT_CODE":"SA","PRECINCT":"St Ansgar Union","POLLING_PLACE":"FIRST LUTHERAN CHURCH","ADDR_LINE_1":"212 N. MAIN ST.","CITY_1":"ST. ANSGAR","ZIP":"50472","House_Dist":51,"Senate_Dis":"26","Congressio":"1","SOSID_NEW":"66_SA"}},{"type":"Feature","id":1150,"geometry":{"type":"Point","coordinates":[-92.78227900899992,43.436298289000035]},"properties":{"OBJECTID_12":1150,"COUNTY":"Mitchell","DISTRICT_CODE":"SV","PRECINCT":"Stacyville","POLLING_PLACE":"STACYVILLE LIBRARY","ADDR_LINE_1":"106 N BROAD ST","CITY_1":"STACYVILLE","ZIP":"50476","House_Dist":51,"Senate_Dis":"26","Congressio":"1","SOSID_NEW":"66_SV"}},{"type":"Feature","id":1151,"geometry":{"type":"Point","coordinates":[-92.80852937399993,43.28412630200006]},"properties":{"OBJECTID_12":1151,"COUNTY":"Mitchell","DISTRICT_CODE":"BO","PRECINCT":"BO Lib Osage","POLLING_PLACE":"OSAGE UNITED METHODIST CHURCH","ADDR_LINE_1":"819 MAIN ST","CITY_1":"OSAGE","ZIP":"50461","House_Dist":51,"Senate_Dis":"26","Congressio":"1","SOSID_NEW":"66_BO"}},{"type":"Feature","id":1152,"geometry":{"type":"Point","coordinates":[-92.8088353039999,43.28801267000006]},"properties":{"OBJECTID_12":1152,"COUNTY":"Mitchell","DISTRICT_CODE":"OS1","PRECINCT":"Osage Pct 1","POLLING_PLACE":"OUR SAVIOR'S LUTHERAN CHURCH","ADDR_LINE_1":"833 ASH ST","CITY_1":"OSAGE","ZIP":"50461","House_Dist":51,"Senate_Dis":"26","Congressio":"1","SOSID_NEW":"66_OS1"}},{"type":"Feature","id":1153,"geometry":{"type":"Point","coordinates":[-92.81429060499994,43.28510608600004]},"properties":{"OBJECTID_12":1153,"COUNTY":"Mitchell","DISTRICT_CODE":"OS2","PRECINCT":"Osage Pct 2","POLLING_PLACE":"LINCOLN SCHOOL","ADDR_LINE_1":"515 CHASE ST","CITY_1":"OSAGE","ZIP":"50461","House_Dist":51,"Senate_Dis":"26","Congressio":"1","SOSID_NEW":"66_OS2"}},{"type":"Feature","id":1154,"geometry":{"type":"Point","coordinates":[-92.8156112659999,43.28210733100008]},"properties":{"OBJECTID_12":1154,"COUNTY":"Mitchell","DISTRICT_CODE":"OS3","PRECINCT":"Osage Pct 3","POLLING_PLACE":"COUNTY SERVICE BUILDING","ADDR_LINE_1":"415 PLEASANT ST","CITY_1":"OSAGE","ZIP":"50461","House_Dist":51,"Senate_Dis":"26","Congressio":"1","SOSID_NEW":"66_OS3"}},{"type":"Feature","id":1155,"geometry":{"type":"Point","coordinates":[-92.80904469599994,43.28406698800006]},"properties":{"OBJECTID_12":1155,"COUNTY":"Mitchell","DISTRICT_CODE":"OS4","PRECINCT":"Osage Pct 4","POLLING_PLACE":"OSAGE CITY HALL","ADDR_LINE_1":"806 MAIN ST","CITY_1":"OSAGE","ZIP":"50461","House_Dist":51,"Senate_Dis":"26","Congressio":"1","SOSID_NEW":"66_OS4"}},{"type":"Feature","id":1156,"geometry":{"type":"Point","coordinates":[-91.02186001899992,42.29578150300006]},"properties":{"OBJECTID_12":1156,"COUNTY":"Jones","DISTRICT_CODE":"RLWS","PRECINCT":"Richland/Washington","POLLING_PLACE":"CASCADE EMS CENTER","ADDR_LINE_1":"803 1ST AVE W","CITY_1":"CASCADE","ZIP":"52032","House_Dist":58,"Senate_Dis":"29","Congressio":"1","SOSID_NEW":"31_RLWS"}},{"type":"Feature","id":1157,"geometry":{"type":"Point","coordinates":[-91.35844581499993,42.020957287000044]},"properties":{"OBJECTID_12":1157,"COUNTY":"Jones","DISTRICT_CODE":"GF","PRECINCT":"Greenfield","POLLING_PLACE":"MARTELLE FIRE STATION","ADDR_LINE_1":"212 IOWA ST","CITY_1":"MARTELLE","ZIP":"52305","House_Dist":58,"Senate_Dis":"29","Congressio":"1","SOSID_NEW":"53_GF"}},{"type":"Feature","id":1158,"geometry":{"type":"Point","coordinates":[-90.95500761699992,41.98284838500007]},"properties":{"OBJECTID_12":1158,"COUNTY":"Jones","DISTRICT_CODE":"OX","PRECINCT":"Oxford","POLLING_PLACE":"OXFORD JUNCTION FIRE STATION","ADDR_LINE_1":"201 MAIN ST","CITY_1":"OXFORD JUNCTION","ZIP":"52323","House_Dist":58,"Senate_Dis":"29","Congressio":"1","SOSID_NEW":"53_OX"}},{"type":"Feature","id":1159,"geometry":{"type":"Point","coordinates":[-91.13776187699995,41.99362095400005]},"properties":{"OBJECTID_12":1159,"COUNTY":"Jones","DISTRICT_CODE":"ROHA","PRECINCT":"Rome/Hale","POLLING_PLACE":"OLIN SCHOOL COMMUNITY MTG RM","ADDR_LINE_1":"301 PARKWAY ST","CITY_1":"OLIN","ZIP":"52320","House_Dist":58,"Senate_Dis":"29","Congressio":"1","SOSID_NEW":"53_ROHA"}},{"type":"Feature","id":1160,"geometry":{"type":"Point","coordinates":[-91.01447477399995,42.106698649000066]},"properties":{"OBJECTID_12":1160,"COUNTY":"Jones","DISTRICT_CODE":"SGMC","PRECINCT":"Scotch Grove/Madison/Clay","POLLING_PLACE":"ONSLOW COMMUNITY ROOM","ADDR_LINE_1":"105 S MAIN ST","CITY_1":"ONSLOW","ZIP":"52321","House_Dist":58,"Senate_Dis":"29","Congressio":"1","SOSID_NEW":"53_SGMC"}},{"type":"Feature","id":1161,"geometry":{"type":"Point","coordinates":[-91.00650182599992,42.05891614700005]},"properties":{"OBJECTID_12":1161,"COUNTY":"Jones","DISTRICT_CODE":"WY","PRECINCT":"Wyoming","POLLING_PLACE":"WYOMING MEMORIAL HALL","ADDR_LINE_1":"130 W MAIN ST","CITY_1":"WYOMING","ZIP":"52362","House_Dist":58,"Senate_Dis":"29","Congressio":"1","SOSID_NEW":"53_WY"}},{"type":"Feature","id":1162,"geometry":{"type":"Point","coordinates":[-90.42553479299994,42.25829965500009]},"properties":{"OBJECTID_12":1162,"COUNTY":"Jackson","DISTRICT_CODE":"01","PRECINCT":"Pct 1","POLLING_PLACE":"BELLEVUE COMM CENTER","ADDR_LINE_1":"106 N 3RD","CITY_1":"BELLEVUE","ZIP":"52031","House_Dist":58,"Senate_Dis":"29","Congressio":"1","SOSID_NEW":"49_01"}},{"type":"Feature","id":1163,"geometry":{"type":"Point","coordinates":[-90.5409315899999,42.361743491000084]},"properties":{"OBJECTID_12":1163,"COUNTY":"Jackson","DISTRICT_CODE":"02","PRECINCT":"Pct 2","POLLING_PLACE":"ST DONATUS CITY HALL","ADDR_LINE_1":"114 S MAIN ST","CITY_1":"ST DONATUS","ZIP":"52071","House_Dist":58,"Senate_Dis":"29","Congressio":"1","SOSID_NEW":"49_02"}},{"type":"Feature","id":1164,"geometry":{"type":"Point","coordinates":[-90.62554483899993,42.296003581000036]},"properties":{"OBJECTID_12":1164,"COUNTY":"Jackson","DISTRICT_CODE":"03","PRECINCT":"Pct 3","POLLING_PLACE":"LAMOTTE RECREATION CENTER","ADDR_LINE_1":"ELM STREET","CITY_1":"LAMOTTE","ZIP":"52054","House_Dist":58,"Senate_Dis":"29","Congressio":"1","SOSID_NEW":"49_03"}},{"type":"Feature","id":1165,"geometry":{"type":"Point","coordinates":[-90.6962121489999,42.24041830400006]},"properties":{"OBJECTID_12":1165,"COUNTY":"Jackson","DISTRICT_CODE":"04","PRECINCT":"Pct 4","POLLING_PLACE":"ST LAWRENCE COMMUNITY HALL","ADDR_LINE_1":"17374 BELLEVUE-CASCADE RD","CITY_1":"ZWINGLE","ZIP":"52079","House_Dist":58,"Senate_Dis":"29","Congressio":"1","SOSID_NEW":"49_04"}},{"type":"Feature","id":1166,"geometry":{"type":"Point","coordinates":[-90.87978331499994,42.07716089300004]},"properties":{"OBJECTID_12":1166,"COUNTY":"Jackson","DISTRICT_CODE":"05","PRECINCT":"Pct 5","POLLING_PLACE":"MONMOUTH CITY HALL/WATER BLDG","ADDR_LINE_1":"501 N. DIVISION ST","CITY_1":"MONMOUTH","ZIP":"52309","House_Dist":58,"Senate_Dis":"29","Congressio":"1","SOSID_NEW":"49_05"}},{"type":"Feature","id":1167,"geometry":{"type":"Point","coordinates":[-90.59215969199994,42.15458641200007]},"properties":{"OBJECTID_12":1167,"COUNTY":"Jackson","DISTRICT_CODE":"06","PRECINCT":"Pct 6","POLLING_PLACE":"ANDREW CITY HALL","ADDR_LINE_1":"11 E BENTON ST","CITY_1":"ANDREW","ZIP":"52030","House_Dist":58,"Senate_Dis":"29","Congressio":"1","SOSID_NEW":"49_06"}},{"type":"Feature","id":1168,"geometry":{"type":"Point","coordinates":[-90.4769679129999,42.163934451000046]},"properties":{"OBJECTID_12":1168,"COUNTY":"Jackson","DISTRICT_CODE":"08","PRECINCT":"Pct 8","POLLING_PLACE":"SPRINGBROOK CITY HALL","ADDR_LINE_1":"101 E MAIN","CITY_1":"SPRINGBROOK","ZIP":"52075","House_Dist":58,"Senate_Dis":"29","Congressio":"1","SOSID_NEW":"49_08"}},{"type":"Feature","id":1169,"geometry":{"type":"Point","coordinates":[-90.39403610699992,42.05072577100009]},"properties":{"OBJECTID_12":1169,"COUNTY":"Jackson","DISTRICT_CODE":"09","PRECINCT":"Pct 9","POLLING_PLACE":"PRESTON COMM HALL","ADDR_LINE_1":"1 W GILLET ST","CITY_1":"PRESTON","ZIP":"52069","House_Dist":58,"Senate_Dis":"29","Congressio":"1","SOSID_NEW":"49_09"}},{"type":"Feature","id":1170,"geometry":{"type":"Point","coordinates":[-90.31579009299992,42.046632344000045]},"properties":{"OBJECTID_12":1170,"COUNTY":"Jackson","DISTRICT_CODE":"10","PRECINCT":"Pct 10","POLLING_PLACE":"MILES CITY HALL","ADDR_LINE_1":"430 FERRY RD","CITY_1":"MILES","ZIP":"52064","House_Dist":58,"Senate_Dis":"29","Congressio":"1","SOSID_NEW":"49_10"}},{"type":"Feature","id":1171,"geometry":{"type":"Point","coordinates":[-90.17419577099992,42.07220834200007]},"properties":{"OBJECTID_12":1171,"COUNTY":"Jackson","DISTRICT_CODE":"11","PRECINCT":"Pct 11","POLLING_PLACE":"SABULA CITY HALL","ADDR_LINE_1":"411 BROAD","CITY_1":"SABULA","ZIP":"52070","House_Dist":58,"Senate_Dis":"29","Congressio":"1","SOSID_NEW":"49_11"}},{"type":"Feature","id":1172,"geometry":{"type":"Point","coordinates":[-90.65459564999992,42.070824652000056]},"properties":{"OBJECTID_12":1172,"COUNTY":"Jackson","DISTRICT_CODE":"12","PRECINCT":"Pct 12","POLLING_PLACE":"SENIOR CITIZEN'S BLDG","ADDR_LINE_1":"1000 E QUARRY ST","CITY_1":"MAQUOKETA","ZIP":"52060","House_Dist":58,"Senate_Dis":"29","Congressio":"1","SOSID_NEW":"49_12"}},{"type":"Feature","id":1173,"geometry":{"type":"Point","coordinates":[-90.67329298499993,42.073737244000085]},"properties":{"OBJECTID_12":1173,"COUNTY":"Jackson","DISTRICT_CODE":"13","PRECINCT":"Pct 13","POLLING_PLACE":"COUNTY HOSPITAL/SKILLED UNIT LOBBY","ADDR_LINE_1":"700 W GROVE ST","CITY_1":"MAQUOKETA","ZIP":"52060","House_Dist":58,"Senate_Dis":"29","Congressio":"1","SOSID_NEW":"49_13"}},{"type":"Feature","id":1174,"geometry":{"type":"Point","coordinates":[-90.66396040899991,42.06771318500006]},"properties":{"OBJECTID_12":1174,"COUNTY":"Jackson","DISTRICT_CODE":"14","PRECINCT":"Pct 14","POLLING_PLACE":"MAQUOKETA CITY HALL","ADDR_LINE_1":"201 E PLEASANT ST","CITY_1":"MAQUOKETA","ZIP":"52060","House_Dist":58,"Senate_Dis":"29","Congressio":"1","SOSID_NEW":"49_14"}},{"type":"Feature","id":1175,"geometry":{"type":"Point","coordinates":[-90.66732060499993,42.06920272000008]},"properties":{"OBJECTID_12":1175,"COUNTY":"Jackson","DISTRICT_CODE":"07","PRECINCT":"Pct 7","POLLING_PLACE":"COURTHOUSE COURTROOM","ADDR_LINE_1":"201 W PLATT ST","CITY_1":"MAQUOKETA","ZIP":"52060","House_Dist":58,"Senate_Dis":"29","Congressio":"1","SOSID_NEW":"49_07"}},{"type":"Feature","id":1176,"geometry":{"type":"Point","coordinates":[-90.66732060499993,42.06920272000008]},"properties":{"OBJECTID_12":1176,"COUNTY":"Jackson","DISTRICT_CODE":"15","PRECINCT":"Pct 15","POLLING_PLACE":"COURTHOUSE NORTH LOBBY","ADDR_LINE_1":"201 W PLATT ST","CITY_1":"MAQUOKETA","ZIP":"52060","House_Dist":58,"Senate_Dis":"29","Congressio":"1","SOSID_NEW":"49_15"}},{"type":"Feature","id":1177,"geometry":{"type":"Point","coordinates":[-90.66786244499991,42.06905534200007]},"properties":{"OBJECTID_12":1177,"COUNTY":"Jackson","DISTRICT_CODE":"16","PRECINCT":"Pct 16","POLLING_PLACE":"MAQUOKETA FIRE STATION","ADDR_LINE_1":"106 S NIAGARA ST","CITY_1":"MAQUOKETA","ZIP":"52060","House_Dist":58,"Senate_Dis":"29","Congressio":"1","SOSID_NEW":"49_16"}},{"type":"Feature","id":1178,"geometry":{"type":"Point","coordinates":[-91.63323396399994,41.99707099400007]},"properties":{"OBJECTID_12":1178,"COUNTY":"Linn","DISTRICT_CODE":"CR15","PRECINCT":"Cedar Rapids 15","POLLING_PLACE":"15-WASHINGTON SENIOR HIGH SCHOOL","ADDR_LINE_1":"2205 FOREST DR SE","CITY_1":"CEDAR RAPIDS","ZIP":"52403","House_Dist":65,"Senate_Dis":"33","Congressio":"1","SOSID_NEW":"57_CR15"}},{"type":"Feature","id":1179,"geometry":{"type":"Point","coordinates":[-91.65767609199992,41.98237611300004]},"properties":{"OBJECTID_12":1179,"COUNTY":"Linn","DISTRICT_CODE":"CR17","PRECINCT":"Cedar Rapids 17","POLLING_PLACE":"17-FIRST LUTHERAN CHURCH","ADDR_LINE_1":"1000 3RD AVE SE","CITY_1":"CEDAR RAPIDS","ZIP":"52403","House_Dist":65,"Senate_Dis":"33","Congressio":"1","SOSID_NEW":"57_CR17"}},{"type":"Feature","id":1180,"geometry":{"type":"Point","coordinates":[-91.66357012999993,41.97886323600005]},"properties":{"OBJECTID_12":1180,"COUNTY":"Linn","DISTRICT_CODE":"CR22","PRECINCT":"Cedar Rapids 22","POLLING_PLACE":"22-FIRST PRESBYTERIAN CHURCH","ADDR_LINE_1":"310  5TH ST SE","CITY_1":"CEDAR RAPIDS","ZIP":"52401","House_Dist":65,"Senate_Dis":"33","Congressio":"1","SOSID_NEW":"57_CR22"}},{"type":"Feature","id":1181,"geometry":{"type":"Point","coordinates":[-91.64468753299991,41.98613142100004]},"properties":{"OBJECTID_12":1181,"COUNTY":"Linn","DISTRICT_CODE":"CR23","PRECINCT":"Cedar Rapids 23","POLLING_PLACE":"23-JOHNSON SCHOOL FOR THE ARTS","ADDR_LINE_1":"355  18TH ST SE","CITY_1":"CEDAR RAPIDS","ZIP":"52403","House_Dist":65,"Senate_Dis":"33","Congressio":"1","SOSID_NEW":"57_CR23"}},{"type":"Feature","id":1182,"geometry":{"type":"Point","coordinates":[-91.63330739199995,41.99669103500008]},"properties":{"OBJECTID_12":1182,"COUNTY":"Linn","DISTRICT_CODE":"CR24","PRECINCT":"Cedar Rapids 24","POLLING_PLACE":"24-BETHANY LUTHERAN CHURCH","ADDR_LINE_1":"2202 FOREST DR SE","CITY_1":"CEDAR RAPIDS","ZIP":"52403","House_Dist":65,"Senate_Dis":"33","Congressio":"1","SOSID_NEW":"57_CR24"}},{"type":"Feature","id":1183,"geometry":{"type":"Point","coordinates":[-91.61440731399995,41.97800075100008]},"properties":{"OBJECTID_12":1183,"COUNTY":"Linn","DISTRICT_CODE":"CR25","PRECINCT":"Cedar Rapids 25","POLLING_PLACE":"25-CALVIN SINCLAIR PRESBYTERIAN CHURCH","ADDR_LINE_1":"715 38TH ST SE","CITY_1":"CEDAR RAPIDS","ZIP":"52403","House_Dist":65,"Senate_Dis":"33","Congressio":"1","SOSID_NEW":"57_CR25"}},{"type":"Feature","id":1184,"geometry":{"type":"Point","coordinates":[-91.63095770299992,41.978899367000054]},"properties":{"OBJECTID_12":1184,"COUNTY":"Linn","DISTRICT_CODE":"CR26","PRECINCT":"Cedar Rapids 26","POLLING_PLACE":"26-GRANT WOOD ELEM SCHOOL","ADDR_LINE_1":"645   26TH ST SE","CITY_1":"CEDAR RAPIDS","ZIP":"52403","House_Dist":65,"Senate_Dis":"33","Congressio":"1","SOSID_NEW":"57_CR26"}},{"type":"Feature","id":1185,"geometry":{"type":"Point","coordinates":[-91.62271397799992,41.98006139100005]},"properties":{"OBJECTID_12":1185,"COUNTY":"Linn","DISTRICT_CODE":"CR36","PRECINCT":"Cedar Rapids 36","POLLING_PLACE":"36-ST STEPHENS LUTHERAN CHURCH","ADDR_LINE_1":"610   31ST ST SE","CITY_1":"CEDAR RAPIDS","ZIP":"52403","House_Dist":65,"Senate_Dis":"33","Congressio":"1","SOSID_NEW":"57_CR36"}},{"type":"Feature","id":1186,"geometry":{"type":"Point","coordinates":[-91.66019011999992,41.96896796700008]},"properties":{"OBJECTID_12":1186,"COUNTY":"Linn","DISTRICT_CODE":"CR35","PRECINCT":"Cedar Rapids 35","POLLING_PLACE":"35-AFRICAN-AMERICAN MUSEUM OF IOWA","ADDR_LINE_1":"55     12TH AVE SE","CITY_1":"CEDAR RAPIDS","ZIP":"52401","House_Dist":65,"Senate_Dis":"33","Congressio":"1","SOSID_NEW":"57_CR35"}},{"type":"Feature","id":1187,"geometry":{"type":"Point","coordinates":[-91.69621052799994,42.03460308200005]},"properties":{"OBJECTID_12":1187,"COUNTY":"Linn","DISTRICT_CODE":"CR01","PRECINCT":"Cedar Rapids 01","POLLING_PLACE":"01-RIVER OF LIFE MINISTRIES","ADDR_LINE_1":"3801 BLAIRS FERRY RD NE","CITY_1":"CEDAR RAPIDS","ZIP":"52402","House_Dist":66,"Senate_Dis":"33","Congressio":"1","SOSID_NEW":"57_CR01"}},{"type":"Feature","id":1188,"geometry":{"type":"Point","coordinates":[-91.66224027099992,42.04765691100005]},"properties":{"OBJECTID_12":1188,"COUNTY":"Linn","DISTRICT_CODE":"CR02","PRECINCT":"Cedar Rapids 02","POLLING_PLACE":"02-NORTHBROOK BAPTIST CHURCH","ADDR_LINE_1":"1700 BOYSON RD NE","CITY_1":"CEDAR RAPIDS","ZIP":"52402","House_Dist":66,"Senate_Dis":"33","Congressio":"1","SOSID_NEW":"57_CR02"}},{"type":"Feature","id":1189,"geometry":{"type":"Point","coordinates":[-91.65334917099995,42.02622766300004]},"properties":{"OBJECTID_12":1189,"COUNTY":"Linn","DISTRICT_CODE":"CR08","PRECINCT":"Cedar Rapids 08","POLLING_PLACE":"08-HARDING MIDDLE SCHOOL","ADDR_LINE_1":"4801 GOLF ST NE","CITY_1":"CEDAR RAPIDS","ZIP":"52402","House_Dist":66,"Senate_Dis":"33","Congressio":"1","SOSID_NEW":"57_CR08"}},{"type":"Feature","id":1190,"geometry":{"type":"Point","coordinates":[-91.65832761899992,42.02809947800006]},"properties":{"OBJECTID_12":1190,"COUNTY":"Linn","DISTRICT_CODE":"CR09","PRECINCT":"Cedar Rapids 09","POLLING_PLACE":"09-ST. PIUS X CATHOLIC CHURCH","ADDR_LINE_1":"4949 COUNCIL ST NE","CITY_1":"CEDAR RAPIDS","ZIP":"52402","House_Dist":66,"Senate_Dis":"33","Congressio":"1","SOSID_NEW":"57_CR09"}},{"type":"Feature","id":1191,"geometry":{"type":"Point","coordinates":[-91.6784806309999,42.02172757800008]},"properties":{"OBJECTID_12":1191,"COUNTY":"Linn","DISTRICT_CODE":"CR10","PRECINCT":"Cedar Rapids 10","POLLING_PLACE":"10-LOVELY LANE UNITED METHODIST CHURCH","ADDR_LINE_1":"2424 42ND STREET NE","CITY_1":"CEDAR RAPIDS","ZIP":"52402","House_Dist":66,"Senate_Dis":"33","Congressio":"1","SOSID_NEW":"57_CR10"}},{"type":"Feature","id":1192,"geometry":{"type":"Point","coordinates":[-91.68555067799991,42.02171825400006]},"properties":{"OBJECTID_12":1192,"COUNTY":"Linn","DISTRICT_CODE":"CR12","PRECINCT":"Cedar Rapids 12","POLLING_PLACE":"12-OAKLAND CHURCH OF NAZARENE","ADDR_LINE_1":"3000 42ND ST NE","CITY_1":"CEDAR RAPIDS","ZIP":"52402","House_Dist":66,"Senate_Dis":"33","Congressio":"1","SOSID_NEW":"57_CR12"}},{"type":"Feature","id":1193,"geometry":{"type":"Point","coordinates":[-91.67175441299992,42.005850860000066]},"properties":{"OBJECTID_12":1193,"COUNTY":"Linn","DISTRICT_CODE":"CR13","PRECINCT":"Cedar Rapids 13","POLLING_PLACE":"13-ISAAC NEWTON ACADEMY","ADDR_LINE_1":"1635 LINMAR DR NE","CITY_1":"CEDAR RAPIDS","ZIP":"52402","House_Dist":66,"Senate_Dis":"33","Congressio":"1","SOSID_NEW":"57_CR13"}},{"type":"Feature","id":1194,"geometry":{"type":"Point","coordinates":[-91.64851976499995,42.008357894000085]},"properties":{"OBJECTID_12":1194,"COUNTY":"Linn","DISTRICT_CODE":"CR14","PRECINCT":"Cedar Rapids 14","POLLING_PLACE":"14-BUFFALO UNITED METHODIST CHURCH","ADDR_LINE_1":"1000 30TH ST NE","CITY_1":"CEDAR RAPIDS","ZIP":"52402","House_Dist":66,"Senate_Dis":"33","Congressio":"1","SOSID_NEW":"57_CR14"}},{"type":"Feature","id":1195,"geometry":{"type":"Point","coordinates":[-91.64320848799991,41.99710246300003]},"properties":{"OBJECTID_12":1195,"COUNTY":"Linn","DISTRICT_CODE":"CR16","PRECINCT":"Cedar Rapids 16","POLLING_PLACE":"16-FRANKLIN MIDDLE SCHOOL","ADDR_LINE_1":"300   20TH ST NE","CITY_1":"CEDAR RAPIDS","ZIP":"52402","House_Dist":66,"Senate_Dis":"33","Congressio":"1","SOSID_NEW":"57_CR16"}},{"type":"Feature","id":1196,"geometry":{"type":"Point","coordinates":[-91.55233053299992,41.99060352200007]},"properties":{"OBJECTID_12":1196,"COUNTY":"Linn","DISTRICT_CODE":"TBER","PRECINCT":"Bertram Township","POLLING_PLACE":"TBER-ANTIOCH CHRISTIAN CHURCH","ADDR_LINE_1":"7215 COTTAGE GROVE PKWY","CITY_1":"MARION","ZIP":"52302","House_Dist":68,"Senate_Dis":"34","Congressio":"1","SOSID_NEW":"57_TBER"}},{"type":"Feature","id":1197,"geometry":{"type":"Point","coordinates":[-91.5858054439999,41.873305551000044]},"properties":{"OBJECTID_12":1197,"COUNTY":"Linn","DISTRICT_CODE":"TPUT","PRECINCT":"Putnam Township","POLLING_PLACE":"TPUT-ELY PUBLIC LIBRARY","ADDR_LINE_1":"1595   DOWS ST","CITY_1":"ELY","ZIP":"52227","House_Dist":68,"Senate_Dis":"34","Congressio":"1","SOSID_NEW":"57_TPUT"}},{"type":"Feature","id":1198,"geometry":{"type":"Point","coordinates":[-91.59894085899992,42.03233264800008]},"properties":{"OBJECTID_12":1198,"COUNTY":"Linn","DISTRICT_CODE":"MR01","PRECINCT":"Marion 01","POLLING_PLACE":"MR01-MARION PUBLIC LIBRARY","ADDR_LINE_1":"1095   6TH AVE","CITY_1":"MARION","ZIP":"52302","House_Dist":68,"Senate_Dis":"34","Congressio":"1","SOSID_NEW":"57_MR01"}},{"type":"Feature","id":1199,"geometry":{"type":"Point","coordinates":[-91.61665367799992,42.027885533000074]},"properties":{"OBJECTID_12":1199,"COUNTY":"Linn","DISTRICT_CODE":"CR07","PRECINCT":"Cedar Rapids 07","POLLING_PLACE":"07-KIRKWOOD TRAINING SERVICES CR07","ADDR_LINE_1":"3375 ARMAR DR","CITY_1":"MARION","ZIP":"52302","House_Dist":68,"Senate_Dis":"34","Congressio":"1","SOSID_NEW":"57_CR07"}},{"type":"Feature","id":1200,"geometry":{"type":"Point","coordinates":[-91.61665367799992,42.027885533000074]},"properties":{"OBJECTID_12":1200,"COUNTY":"Linn","DISTRICT_CODE":"MR02","PRECINCT":"Marion 02","POLLING_PLACE":"MR02-KIRKWOOD TRAINING SERVICES","ADDR_LINE_1":"3375 ARMAR DR","CITY_1":"MARION","ZIP":"52302","House_Dist":68,"Senate_Dis":"34","Congressio":"1","SOSID_NEW":"57_MR02"}},{"type":"Feature","id":1201,"geometry":{"type":"Point","coordinates":[-91.5994431979999,42.016353364000054]},"properties":{"OBJECTID_12":1201,"COUNTY":"Linn","DISTRICT_CODE":"MR03","PRECINCT":"Marion 03","POLLING_PLACE":"MR03-GRACE BAPTIST CHURCH","ADDR_LINE_1":"1461 E POST RD","CITY_1":"MARION","ZIP":"52302","House_Dist":68,"Senate_Dis":"34","Congressio":"1","SOSID_NEW":"57_MR03"}},{"type":"Feature","id":1202,"geometry":{"type":"Point","coordinates":[-91.67525097499993,42.03873368600006]},"properties":{"OBJECTID_12":1202,"COUNTY":"Linn","DISTRICT_CODE":"HIA02","PRECINCT":"Hiawatha 02","POLLING_PLACE":"HIA02-HIAWATHA CITY HALL - COM. CENTER ROOM","ADDR_LINE_1":"101   EMMONS ST","CITY_1":"HIAWATHA","ZIP":"52233","House_Dist":67,"Senate_Dis":"34","Congressio":"1","SOSID_NEW":"57_HIA02"}},{"type":"Feature","id":1203,"geometry":{"type":"Point","coordinates":[-91.67525097499993,42.03873368600006]},"properties":{"OBJECTID_12":1203,"COUNTY":"Linn","DISTRICT_CODE":"HIA03","PRECINCT":"Hiawatha 03","POLLING_PLACE":"HIA03-HIAWATHA CITY HALL - MULTIPURPOSE ROOM","ADDR_LINE_1":"101   EMMONS ST","CITY_1":"HIAWATHA","ZIP":"52233","House_Dist":67,"Senate_Dis":"34","Congressio":"1","SOSID_NEW":"57_HIA03"}},{"type":"Feature","id":1204,"geometry":{"type":"Point","coordinates":[-91.6109503799999,42.04368365100004]},"properties":{"OBJECTID_12":1204,"COUNTY":"Linn","DISTRICT_CODE":"MR14","PRECINCT":"Marion 14","POLLING_PLACE":"MR14-FAITH LUTHERAN CHURCH","ADDR_LINE_1":"155   BOYSON RD","CITY_1":"MARION","ZIP":"52302","House_Dist":67,"Senate_Dis":"34","Congressio":"1","SOSID_NEW":"57_MR14"}},{"type":"Feature","id":1205,"geometry":{"type":"Point","coordinates":[-91.59852010599991,42.04304844300009]},"properties":{"OBJECTID_12":1205,"COUNTY":"Linn","DISTRICT_CODE":"MR11","PRECINCT":"Marion 11","POLLING_PLACE":"MR11-MARION CHRISTIAN CHURCH","ADDR_LINE_1":"1050   MCGOWAN BLVD","CITY_1":"MARION","ZIP":"52302","House_Dist":67,"Senate_Dis":"34","Congressio":"1","SOSID_NEW":"57_MR11"}},{"type":"Feature","id":1206,"geometry":{"type":"Point","coordinates":[-91.59944785999994,42.06732157000005]},"properties":{"OBJECTID_12":1206,"COUNTY":"Linn","DISTRICT_CODE":"MR12","PRECINCT":"Marion 12","POLLING_PLACE":"MR12-LOWE PARK ARTS AND ENVIRONMENTAL CENTER","ADDR_LINE_1":"4500 N 10TH ST","CITY_1":"MARION","ZIP":"52302","House_Dist":67,"Senate_Dis":"34","Congressio":"1","SOSID_NEW":"57_MR12"}},{"type":"Feature","id":1207,"geometry":{"type":"Point","coordinates":[-91.6385137719999,42.060230544000035]},"properties":{"OBJECTID_12":1207,"COUNTY":"Linn","DISTRICT_CODE":"CR04","PRECINCT":"Cedar Rapids 04","POLLING_PLACE":"04-ST. MARK'S LUTHERAN CHURCH","ADDR_LINE_1":"8300 C AVE NE","CITY_1":"MARION","ZIP":"52302","House_Dist":67,"Senate_Dis":"34","Congressio":"1","SOSID_NEW":"57_CR04"}},{"type":"Feature","id":1208,"geometry":{"type":"Point","coordinates":[-91.63866762099991,42.05029098600005]},"properties":{"OBJECTID_12":1208,"COUNTY":"Linn","DISTRICT_CODE":"CR03","PRECINCT":"Cedar Rapids 03","POLLING_PLACE":"03-NOELRIDGE CHRISTIAN CHURCH","ADDR_LINE_1":"7111 C AVE NE","CITY_1":"CEDAR RAPIDS","ZIP":"52402","House_Dist":67,"Senate_Dis":"34","Congressio":"1","SOSID_NEW":"57_CR03"}},{"type":"Feature","id":1209,"geometry":{"type":"Point","coordinates":[-91.63867810999994,42.04443075000006]},"properties":{"OBJECTID_12":1209,"COUNTY":"Linn","DISTRICT_CODE":"CR05","PRECINCT":"Cedar Rapids 05","POLLING_PLACE":"05-MT ZION MISSIONARY BAPTIST CHURCH","ADDR_LINE_1":"6621 C AVE NE","CITY_1":"CEDAR RAPIDS","ZIP":"52402","House_Dist":67,"Senate_Dis":"34","Congressio":"1","SOSID_NEW":"57_CR05"}},{"type":"Feature","id":1210,"geometry":{"type":"Point","coordinates":[-91.6385941929999,42.04366034000009]},"properties":{"OBJECTID_12":1210,"COUNTY":"Linn","DISTRICT_CODE":"CR06","PRECINCT":"Cedar Rapids 06","POLLING_PLACE":"06-PEACE CHRISTIAN REFORMED CHURCH","ADDR_LINE_1":"6600 C AVE NE","CITY_1":"CEDAR RAPIDS","ZIP":"52402","House_Dist":67,"Senate_Dis":"34","Congressio":"1","SOSID_NEW":"57_CR06"}},{"type":"Feature","id":1211,"geometry":{"type":"Point","coordinates":[-91.70772018399992,42.00514087700009]},"properties":{"OBJECTID_12":1211,"COUNTY":"Linn","DISTRICT_CODE":"CR19","PRECINCT":"Cedar Rapids 19","POLLING_PLACE":"19-CR SCHOOLS ELS CENTER","ADDR_LINE_1":"2500 EDGEWOOD RD NW","CITY_1":"CEDAR RAPIDS","ZIP":"52405","House_Dist":70,"Senate_Dis":"35","Congressio":"1","SOSID_NEW":"57_CR19"}},{"type":"Feature","id":1212,"geometry":{"type":"Point","coordinates":[-91.7160080569999,41.979640637000045]},"properties":{"OBJECTID_12":1212,"COUNTY":"Linn","DISTRICT_CODE":"CR20","PRECINCT":"Cedar Rapids 20","POLLING_PLACE":"20-HOLY REEDEMER LUTHERAN CHURCH","ADDR_LINE_1":"720 EDGEWOOD RD NW","CITY_1":"CEDAR RAPIDS","ZIP":"52405","House_Dist":70,"Senate_Dis":"35","Congressio":"1","SOSID_NEW":"57_CR20"}},{"type":"Feature","id":1213,"geometry":{"type":"Point","coordinates":[-91.68215784799992,41.98744962400008]},"properties":{"OBJECTID_12":1213,"COUNTY":"Linn","DISTRICT_CODE":"CR18","PRECINCT":"Cedar Rapids 18","POLLING_PLACE":"18-ST JAMES UNITED METHODIST CHURCH","ADDR_LINE_1":"1430 ELLIS BLVD NW","CITY_1":"CEDAR RAPIDS","ZIP":"52405","House_Dist":70,"Senate_Dis":"35","Congressio":"1","SOSID_NEW":"57_CR18"}},{"type":"Feature","id":1214,"geometry":{"type":"Point","coordinates":[-91.70011152399991,41.98006838400005]},"properties":{"OBJECTID_12":1214,"COUNTY":"Linn","DISTRICT_CODE":"CR21","PRECINCT":"Cedar Rapids 21","POLLING_PLACE":"21-IMMANUEL BAPTIST CHURCH","ADDR_LINE_1":"1900 F AVE NW","CITY_1":"CEDAR RAPIDS","ZIP":"52405","House_Dist":70,"Senate_Dis":"35","Congressio":"1","SOSID_NEW":"57_CR21"}},{"type":"Feature","id":1215,"geometry":{"type":"Point","coordinates":[-91.68703788199991,41.97747043800007]},"properties":{"OBJECTID_12":1215,"COUNTY":"Linn","DISTRICT_CODE":"CR27","PRECINCT":"Cedar Rapids 27","POLLING_PLACE":"27-LINN COUNTY DAY CARE","ADDR_LINE_1":"520   11TH ST NW","CITY_1":"CEDAR RAPIDS","ZIP":"52405","House_Dist":70,"Senate_Dis":"35","Congressio":"1","SOSID_NEW":"57_CR27"}},{"type":"Feature","id":1216,"geometry":{"type":"Point","coordinates":[-91.71199803999991,41.968435243000044]},"properties":{"OBJECTID_12":1216,"COUNTY":"Linn","DISTRICT_CODE":"CR28","PRECINCT":"Cedar Rapids 28","POLLING_PLACE":"28-FIRST CHURCH OF THE NAZERENE","ADDR_LINE_1":"3113 1ST AVE SW","CITY_1":"CEDAR RAPIDS","ZIP":"52404","House_Dist":70,"Senate_Dis":"35","Congressio":"1","SOSID_NEW":"57_CR28"}},{"type":"Feature","id":1217,"geometry":{"type":"Point","coordinates":[-91.72577395199994,41.96528958500005]},"properties":{"OBJECTID_12":1217,"COUNTY":"Linn","DISTRICT_CODE":"CR29","PRECINCT":"Cedar Rapids 29","POLLING_PLACE":"29-IBEW LOCAL 405","ADDR_LINE_1":"1211 WILEY BLVD SW","CITY_1":"CEDAR RAPIDS","ZIP":"52404","House_Dist":70,"Senate_Dis":"35","Congressio":"1","SOSID_NEW":"57_CR29"}},{"type":"Feature","id":1218,"geometry":{"type":"Point","coordinates":[-91.74443323499992,41.97268439900006]},"properties":{"OBJECTID_12":1218,"COUNTY":"Linn","DISTRICT_CODE":"CR30","PRECINCT":"Cedar Rapids 30","POLLING_PLACE":"30-GLORIA DEI LUTHERAN CHURCH","ADDR_LINE_1":"153   CHERRY HILL RD NW","CITY_1":"CEDAR RAPIDS","ZIP":"50405","House_Dist":70,"Senate_Dis":"35","Congressio":"1","SOSID_NEW":"57_CR30"}},{"type":"Feature","id":1219,"geometry":{"type":"Point","coordinates":[-91.75248068499991,41.97855320700006]},"properties":{"OBJECTID_12":1219,"COUNTY":"Linn","DISTRICT_CODE":"CR31","PRECINCT":"Cedar Rapids 31","POLLING_PLACE":"31-CEDAR HILLS COMMUNITY CHURCH","ADDR_LINE_1":"6455  E AVE NW","CITY_1":"CEDAR RAPIDS","ZIP":"52405","House_Dist":70,"Senate_Dis":"35","Congressio":"1","SOSID_NEW":"57_CR31"}},{"type":"Feature","id":1220,"geometry":{"type":"Point","coordinates":[-91.75502734799994,41.96947030700005]},"properties":{"OBJECTID_12":1220,"COUNTY":"Linn","DISTRICT_CODE":"TCLI","PRECINCT":"Clinton Township","POLLING_PLACE":"TCLI-STONEY POINT YMCA","ADDR_LINE_1":"300   STONEY POINT RD SW","CITY_1":"CEDAR RAPIDS","ZIP":"52404","House_Dist":70,"Senate_Dis":"35","Congressio":"1","SOSID_NEW":"57_TCLI"}},{"type":"Feature","id":1221,"geometry":{"type":"Point","coordinates":[-91.73915062899994,41.96625696700005]},"properties":{"OBJECTID_12":1221,"COUNTY":"Linn","DISTRICT_CODE":"CR32","PRECINCT":"Cedar Rapids 32","POLLING_PLACE":"32-CALVARY BAPTIST CHURCH","ADDR_LINE_1":"5338  JOHNSON AVE SW","CITY_1":"CEDAR RAPIDS","ZIP":"52404","House_Dist":70,"Senate_Dis":"35","Congressio":"1","SOSID_NEW":"57_CR32"}},{"type":"Feature","id":1222,"geometry":{"type":"Point","coordinates":[-91.78100796299992,41.919880910000074]},"properties":{"OBJECTID_12":1222,"COUNTY":"Linn","DISTRICT_CODE":"FAI","PRECINCT":"Fairfax City","POLLING_PLACE":"FAI-FAIRFAX PUBLIC LIBRARY","ADDR_LINE_1":"313   VANDERBILT ST","CITY_1":"FAIRFAX","ZIP":"52228","House_Dist":69,"Senate_Dis":"35","Congressio":"1","SOSID_NEW":"57_FAI"}},{"type":"Feature","id":1223,"geometry":{"type":"Point","coordinates":[-91.77398220599991,41.92986825500009]},"properties":{"OBJECTID_12":1223,"COUNTY":"Linn","DISTRICT_CODE":"TFAI","PRECINCT":"Fairfax Township","POLLING_PLACE":"TFAI-GUARANTY BANK-COMMUNITY ROOM","ADDR_LINE_1":"300 80TH STREET COURT","CITY_1":"FAIRFAX","ZIP":"52228","House_Dist":69,"Senate_Dis":"35","Congressio":"1","SOSID_NEW":"57_TFAI"}},{"type":"Feature","id":1224,"geometry":{"type":"Point","coordinates":[-91.68088160299993,41.943032808000055]},"properties":{"OBJECTID_12":1224,"COUNTY":"Linn","DISTRICT_CODE":"CR38","PRECINCT":"Cedar Rapids 38","POLLING_PLACE":"38-ELKS LODGE 251","ADDR_LINE_1":"801 33RD AVE SW","CITY_1":"CEDAR RAPIDS","ZIP":"52404","House_Dist":69,"Senate_Dis":"35","Congressio":"1","SOSID_NEW":"57_CR38"}},{"type":"Feature","id":1225,"geometry":{"type":"Point","coordinates":[-91.68800839099993,41.95322047500008]},"properties":{"OBJECTID_12":1225,"COUNTY":"Linn","DISTRICT_CODE":"CR39","PRECINCT":"Cedar Rapids 39","POLLING_PLACE":"39-LINN COUNTY CSB","ADDR_LINE_1":"1240 26TH AVE CT SW","CITY_1":"CEDAR RAPIDS","ZIP":"52404","House_Dist":69,"Senate_Dis":"35","Congressio":"1","SOSID_NEW":"57_CR39"}},{"type":"Feature","id":1226,"geometry":{"type":"Point","coordinates":[-91.72102911799993,41.94573448400007]},"properties":{"OBJECTID_12":1226,"COUNTY":"Linn","DISTRICT_CODE":"CR40","PRECINCT":"Cedar Rapids 40","POLLING_PLACE":"40-SALEM UNITED METHODIST CHURCH","ADDR_LINE_1":"3715 33RD AVE SW","CITY_1":"CEDAR RAPIDS","ZIP":"52404","House_Dist":69,"Senate_Dis":"35","Congressio":"1","SOSID_NEW":"57_CR40"}},{"type":"Feature","id":1227,"geometry":{"type":"Point","coordinates":[-91.74047699199991,41.96169045800008]},"properties":{"OBJECTID_12":1227,"COUNTY":"Linn","DISTRICT_CODE":"CR41","PRECINCT":"Cedar Rapids 41","POLLING_PLACE":"41-CR MOOSE LODGE 304/515","ADDR_LINE_1":"1820 WEST POST RD SW","CITY_1":"CEDAR RAPIDS","ZIP":"52404","House_Dist":69,"Senate_Dis":"35","Congressio":"1","SOSID_NEW":"57_CR41"}},{"type":"Feature","id":1228,"geometry":{"type":"Point","coordinates":[-91.6761938809999,41.935220325000046]},"properties":{"OBJECTID_12":1228,"COUNTY":"Linn","DISTRICT_CODE":"CR42","PRECINCT":"Cedar Rapids 42","POLLING_PLACE":"42-GRANT WOOD AEA","ADDR_LINE_1":"4401  6TH ST SW","CITY_1":"CEDAR RAPIDS","ZIP":"52404","House_Dist":69,"Senate_Dis":"35","Congressio":"1","SOSID_NEW":"57_CR42"}},{"type":"Feature","id":1229,"geometry":{"type":"Point","coordinates":[-91.65656418599991,41.91577012000005]},"properties":{"OBJECTID_12":1229,"COUNTY":"Linn","DISTRICT_CODE":"CR43","PRECINCT":"Cedar Rapids 43","POLLING_PLACE":"43-KIRKWOOD RECREATION CENTER","ADDR_LINE_1":"6301 KIRKWOOD BLVD SW","CITY_1":"CEDAR RAPIDS","ZIP":"52404","House_Dist":69,"Senate_Dis":"35","Congressio":"1","SOSID_NEW":"57_CR43"}},{"type":"Feature","id":1230,"geometry":{"type":"Point","coordinates":[-91.65656418599991,41.91577012000005]},"properties":{"OBJECTID_12":1230,"COUNTY":"Linn","DISTRICT_CODE":"CR44","PRECINCT":"Cedar Rapids 44","POLLING_PLACE":"44-KIRKWOOD RECREATION CENTER","ADDR_LINE_1":"6301 KIRKWOOD BLVD SW","CITY_1":"CEDAR RAPIDS","ZIP":"52404","House_Dist":69,"Senate_Dis":"35","Congressio":"1","SOSID_NEW":"57_CR44"}},{"type":"Feature","id":1231,"geometry":{"type":"Point","coordinates":[-91.66808069299992,41.90505316000008]},"properties":{"OBJECTID_12":1231,"COUNTY":"Linn","DISTRICT_CODE":"TCOL","PRECINCT":"College Township","POLLING_PLACE":"TCOL-PRAIRIE SENIOR HIGH SCHOOL","ADDR_LINE_1":"401   76TH AVE SW","CITY_1":"CEDAR RAPIDS","ZIP":"52404","House_Dist":69,"Senate_Dis":"35","Congressio":"1","SOSID_NEW":"57_TCOL"}},{"type":"Feature","id":1232,"geometry":{"type":"Point","coordinates":[-93.10296332399992,41.937910345000034]},"properties":{"OBJECTID_12":1232,"COUNTY":"Marshall","DISTRICT_CODE":"2 ED-LO","PRECINCT":"Eden Logan","POLLING_PLACE":"MELBOURNE RECREATION CENTER","ADDR_LINE_1":"613 MAIN ST","CITY_1":"MELBOURNE","ZIP":"50162","House_Dist":72,"Senate_Dis":"36","Congressio":"1","SOSID_NEW":"64_2 ED-LO"}},{"type":"Feature","id":1233,"geometry":{"type":"Point","coordinates":[-92.7878450739999,41.880530612000086]},"properties":{"OBJECTID_12":1233,"COUNTY":"Marshall","DISTRICT_CODE":"3 GC","PRECINCT":"Green Castle","POLLING_PLACE":"GILMAN CITY HALL","ADDR_LINE_1":"128 N MAIN ST","CITY_1":"GILMAN","ZIP":"50106","House_Dist":72,"Senate_Dis":"36","Congressio":"1","SOSID_NEW":"64_3 GC"}},{"type":"Feature","id":1234,"geometry":{"type":"Point","coordinates":[-92.92222374599993,41.88473814100007]},"properties":{"OBJECTID_12":1234,"COUNTY":"Marshall","DISTRICT_CODE":"4 JF","PRECINCT":"Jefferson","POLLING_PLACE":"LAUREL CITY HALL","ADDR_LINE_1":"102 N MAIN ST","CITY_1":"LAUREL","ZIP":"50141","House_Dist":72,"Senate_Dis":"36","Congressio":"1","SOSID_NEW":"64_4 JF"}},{"type":"Feature","id":1235,"geometry":{"type":"Point","coordinates":[-92.77445907299995,42.00855486700004]},"properties":{"OBJECTID_12":1235,"COUNTY":"Marshall","DISTRICT_CODE":"5 LG","PRECINCT":"Legrand","POLLING_PLACE":"LEGRAND COMM BLDG","ADDR_LINE_1":"206 N VINE ST","CITY_1":"LEGRAND","ZIP":"50142","House_Dist":72,"Senate_Dis":"36","Congressio":"1","SOSID_NEW":"64_5 LG"}},{"type":"Feature","id":1236,"geometry":{"type":"Point","coordinates":[-93.15627772199991,42.114789718000054]},"properties":{"OBJECTID_12":1236,"COUNTY":"Marshall","DISTRICT_CODE":"6 LB-MI","PRECINCT":"Liberty Minerva","POLLING_PLACE":"CLEMONS FIRE STATION","ADDR_LINE_1":"202 BEVINS ST","CITY_1":"CLEMONS","ZIP":"50051","House_Dist":72,"Senate_Dis":"36","Congressio":"1","SOSID_NEW":"64_6 LB-MI"}},{"type":"Feature","id":1237,"geometry":{"type":"Point","coordinates":[-93.02553780499994,42.00518651300007]},"properties":{"OBJECTID_12":1237,"COUNTY":"Marshall","DISTRICT_CODE":"7 MA-WA","PRECINCT":"Marietta Washington","POLLING_PLACE":"CONSUMER'S ENERGY","ADDR_LINE_1":"2074 242ND ST","CITY_1":"MARSHALLTOWN","ZIP":"50158","House_Dist":72,"Senate_Dis":"36","Congressio":"1","SOSID_NEW":"64_7 MA-WA"}},{"type":"Feature","id":1238,"geometry":{"type":"Point","coordinates":[-93.1627673399999,42.01675313700008]},"properties":{"OBJECTID_12":1238,"COUNTY":"Marshall","DISTRICT_CODE":"17 SC","PRECINCT":"State Center","POLLING_PLACE":"STATE CENTER CITY HALL","ADDR_LINE_1":"118 E MAIN ST.","CITY_1":"STATE CENTER","ZIP":"50247","House_Dist":72,"Senate_Dis":"36","Congressio":"1","SOSID_NEW":"64_17 SC"}},{"type":"Feature","id":1239,"geometry":{"type":"Point","coordinates":[-93.0048556449999,42.18943430600007]},"properties":{"OBJECTID_12":1239,"COUNTY":"Marshall","DISTRICT_CODE":"1 BA-LS","PRECINCT":"Bangor Liscomb","POLLING_PLACE":"LISCOMB COMM BLDG","ADDR_LINE_1":"114 MAIN ST","CITY_1":"LISCOMB","ZIP":"50148","House_Dist":71,"Senate_Dis":"36","Congressio":"1","SOSID_NEW":"64_1 BA-LS"}},{"type":"Feature","id":1240,"geometry":{"type":"Point","coordinates":[-92.82363004699994,42.10324640500005]},"properties":{"OBJECTID_12":1240,"COUNTY":"Marshall","DISTRICT_CODE":"8 MR-VI","PRECINCT":"Marion Vienna","POLLING_PLACE":"LIONS PARK BLDG","ADDR_LINE_1":"111 WOOLSTON ST","CITY_1":"GREEN MOUNTAIN","ZIP":"50632","House_Dist":71,"Senate_Dis":"36","Congressio":"1","SOSID_NEW":"64_8 MR-VI"}},{"type":"Feature","id":1241,"geometry":{"type":"Point","coordinates":[-92.99000341899995,42.111139309000066]},"properties":{"OBJECTID_12":1241,"COUNTY":"Marshall","DISTRICT_CODE":"18 TA","PRECINCT":"Taylor","POLLING_PLACE":"ALBION FIRE STATION","ADDR_LINE_1":"100 S MAIN ST","CITY_1":"ALBION","ZIP":"50005","House_Dist":71,"Senate_Dis":"36","Congressio":"1","SOSID_NEW":"64_18 TA"}},{"type":"Feature","id":1242,"geometry":{"type":"Point","coordinates":[-92.91466068499994,42.04549836700005]},"properties":{"OBJECTID_12":1242,"COUNTY":"Marshall","DISTRICT_CODE":"10 1-2","PRECINCT":"1-2 PUBLIC LIBRARY","POLLING_PLACE":"1-2LIBRARY","ADDR_LINE_1":"105 W. BOONE ST.","CITY_1":"MARSHALLTOWN","ZIP":"50158","House_Dist":71,"Senate_Dis":"36","Congressio":"1","SOSID_NEW":"64_10 1-2"}},{"type":"Feature","id":1243,"geometry":{"type":"Point","coordinates":[-92.91466068499994,42.04549836700005]},"properties":{"OBJECTID_12":1243,"COUNTY":"Marshall","DISTRICT_CODE":"9 1-1","PRECINCT":"1-1 PUBLIC LIBRARY","POLLING_PLACE":"1-1 LIBRARY","ADDR_LINE_1":"105 W BOONE ST","CITY_1":"MARSHALLTOWN","ZIP":"50158","House_Dist":71,"Senate_Dis":"36","Congressio":"1","SOSID_NEW":"64_9 1-1"}},{"type":"Feature","id":1244,"geometry":{"type":"Point","coordinates":[-92.93693028299992,42.05276771700005]},"properties":{"OBJECTID_12":1244,"COUNTY":"Marshall","DISTRICT_CODE":"11 2-1","PRECINCT":"2-1 IVH MALLOY HALL","POLLING_PLACE":"2-1 IVH MALLOY HALL","ADDR_LINE_1":"1301 SUMMIT ST","CITY_1":"MARSHALLTOWN","ZIP":"50158","House_Dist":71,"Senate_Dis":"36","Congressio":"1","SOSID_NEW":"64_11 2-1"}},{"type":"Feature","id":1245,"geometry":{"type":"Point","coordinates":[-92.93693028299992,42.05276771700005]},"properties":{"OBJECTID_12":1245,"COUNTY":"Marshall","DISTRICT_CODE":"12 2-2","PRECINCT":"2-2 IVH MALLOY HALL","POLLING_PLACE":"2-2 IVH MALLOY HALL","ADDR_LINE_1":"1301 SUMMIT ST","CITY_1":"MARSHALLTOWN","ZIP":"50158","House_Dist":71,"Senate_Dis":"36","Congressio":"1","SOSID_NEW":"64_12 2-2"}},{"type":"Feature","id":1246,"geometry":{"type":"Point","coordinates":[-92.91280750699991,42.03818938900008]},"properties":{"OBJECTID_12":1246,"COUNTY":"Marshall","DISTRICT_CODE":"13 3-1","PRECINCT":"3-1 FISHER COMMUNITY CENTER","POLLING_PLACE":"3-1 FISHER COMMUNITY CENTER","ADDR_LINE_1":"709 S CENTER ST","CITY_1":"MARSHALLTOWN","ZIP":"50158","House_Dist":71,"Senate_Dis":"36","Congressio":"1","SOSID_NEW":"64_13 3-1"}},{"type":"Feature","id":1247,"geometry":{"type":"Point","coordinates":[-92.91280750699991,42.03818938900008]},"properties":{"OBJECTID_12":1247,"COUNTY":"Marshall","DISTRICT_CODE":"14 3-2","PRECINCT":"3-2 FISHER COMMUNITY CENTER","POLLING_PLACE":"3-2 FISHER COMMUNITY CENTER","ADDR_LINE_1":"709 S. CENTER ST.","CITY_1":"MARSHALLTOWN","ZIP":"50158","House_Dist":71,"Senate_Dis":"36","Congressio":"1","SOSID_NEW":"64_14 3-2"}},{"type":"Feature","id":1248,"geometry":{"type":"Point","coordinates":[-92.91276193399995,42.039856730000054]},"properties":{"OBJECTID_12":1248,"COUNTY":"Marshall","DISTRICT_CODE":"19 TC","PRECINCT":"Timber Creek","POLLING_PLACE":"IVCCD ADMIN BLDG","ADDR_LINE_1":"3702 S CENTER ST","CITY_1":"MARSHALLTOWN","ZIP":"50158","House_Dist":71,"Senate_Dis":"36","Congressio":"1","SOSID_NEW":"64_19 TC"}},{"type":"Feature","id":1249,"geometry":{"type":"Point","coordinates":[-92.89928047799992,42.02844796900007]},"properties":{"OBJECTID_12":1249,"COUNTY":"Marshall","DISTRICT_CODE":"15 4-1","PRECINCT":"4-1 FIRST BAPTIST CHURCH","POLLING_PLACE":"4-1 FIRST BAPTIST CHURCH","ADDR_LINE_1":"700 E. OLIVE ST.","CITY_1":"MARSHALLTOWN","ZIP":"50158","House_Dist":71,"Senate_Dis":"36","Congressio":"1","SOSID_NEW":"64_15 4-1"}},{"type":"Feature","id":1250,"geometry":{"type":"Point","coordinates":[-92.89928047799992,42.02844796900007]},"properties":{"OBJECTID_12":1250,"COUNTY":"Marshall","DISTRICT_CODE":"16 4-2","PRECINCT":"4-2 FIRST BAPTIST CHURCH","POLLING_PLACE":"4-2 FIRST BAPTIST CHURCH","ADDR_LINE_1":"700 E OLIVE ST","CITY_1":"MARSHALLTOWN","ZIP":"50158","House_Dist":71,"Senate_Dis":"36","Congressio":"1","SOSID_NEW":"64_16 4-2"}},{"type":"Feature","id":1251,"geometry":{"type":"Point","coordinates":[-92.06859593199994,41.801063475000035]},"properties":{"OBJECTID_12":1251,"COUNTY":"Iowa","DISTRICT_CODE":"MR","PRECINCT":"Marengo City","POLLING_PLACE":"MARENGO PUBLIC LIBRARY","ADDR_LINE_1":"1020 MARENGO AVE","CITY_1":"MARENGO","ZIP":"52301","House_Dist":75,"Senate_Dis":"38","Congressio":"1","SOSID_NEW":"48_MR"}},{"type":"Feature","id":1252,"geometry":{"type":"Point","coordinates":[-91.89629237299994,41.801603594000085]},"properties":{"OBJECTID_12":1252,"COUNTY":"Iowa","DISTRICT_CODE":"LX","PRECINCT":"Lenox Iowa","POLLING_PLACE":"MIDDLE AMANA FIRE STATION","ADDR_LINE_1":"2725 K ST","CITY_1":"MIDDLE","ZIP":"52307","House_Dist":76,"Senate_Dis":"38","Congressio":"1","SOSID_NEW":"48_LX"}},{"type":"Feature","id":1253,"geometry":{"type":"Point","coordinates":[-92.0076208179999,41.65689457700006]},"properties":{"OBJECTID_12":1253,"COUNTY":"Iowa","DISTRICT_CODE":"PI","PRECINCT":"Pilot Troy York","POLLING_PLACE":"WILLIAMSBURG REC CENTER (2)","ADDR_LINE_1":"939 S HIGHLAND ST","CITY_1":"WILLIAMSBURG","ZIP":"52361","House_Dist":76,"Senate_Dis":"38","Congressio":"1","SOSID_NEW":"48_PI"}},{"type":"Feature","id":1254,"geometry":{"type":"Point","coordinates":[-92.0076208179999,41.65689457700006]},"properties":{"OBJECTID_12":1254,"COUNTY":"Iowa","DISTRICT_CODE":"WM","PRECINCT":"Williamsburg City","POLLING_PLACE":"WILLIAMSBURG REC CENTER(1)","ADDR_LINE_1":"939 S HIGHLAND ST","CITY_1":"WILLIAMSBURG","ZIP":"52361","House_Dist":76,"Senate_Dis":"38","Congressio":"1","SOSID_NEW":"48_WM"}},{"type":"Feature","id":1255,"geometry":{"type":"Point","coordinates":[-91.27936880399994,42.10650303700004]},"properties":{"OBJECTID_12":1255,"COUNTY":"Jones","DISTRICT_CODE":"ANS","PRECINCT":"Anamosa South/Jackson","POLLING_PLACE":"ANAMOSA LIBRARY","ADDR_LINE_1":"600 E 1ST ST","CITY_1":"ANAMOSA","ZIP":"52205","House_Dist":96,"Senate_Dis":"48","Congressio":"1","SOSID_NEW":"53_ANS"}},{"type":"Feature","id":1256,"geometry":{"type":"Point","coordinates":[-91.2699884619999,42.10445888000004]},"properties":{"OBJECTID_12":1256,"COUNTY":"Jones","DISTRICT_CODE":"FV","PRECINCT":"Fairview","POLLING_PLACE":"FIRST BAPTIST CHURCH","ADDR_LINE_1":"1302 E 3RD ST","CITY_1":"ANAMOSA","ZIP":"52205","House_Dist":96,"Senate_Dis":"48","Congressio":"1","SOSID_NEW":"53_FV"}},{"type":"Feature","id":1257,"geometry":{"type":"Point","coordinates":[-91.18793600799995,42.23811787600005]},"properties":{"OBJECTID_12":1257,"COUNTY":"Jones","DISTRICT_CODE":"MN1","PRECINCT":"Monticello 1","POLLING_PLACE":"MONTICELLO COUNCIL ROOM","ADDR_LINE_1":"220 E 1ST ST","CITY_1":"MONTICELLO","ZIP":"52310","House_Dist":96,"Senate_Dis":"48","Congressio":"1","SOSID_NEW":"53_MN1"}},{"type":"Feature","id":1258,"geometry":{"type":"Point","coordinates":[-91.18793600799995,42.23811787600005]},"properties":{"OBJECTID_12":1258,"COUNTY":"Jones","DISTRICT_CODE":"MN2","PRECINCT":"Monticello 2","POLLING_PLACE":"MONTICELLO VETERAN'S HALL","ADDR_LINE_1":"220 E 1ST ST","CITY_1":"MONTICELLO","ZIP":"52310","House_Dist":96,"Senate_Dis":"48","Congressio":"1","SOSID_NEW":"53_MN2"}},{"type":"Feature","id":1259,"geometry":{"type":"Point","coordinates":[-91.1876534459999,42.21022247600007]},"properties":{"OBJECTID_12":1259,"COUNTY":"Jones","DISTRICT_CODE":"CGLW","PRECINCT":"Castle Grove/Lovell/Wayne","POLLING_PLACE":"MONTICELLO KIRKWOOD CENTER","ADDR_LINE_1":"220 WELTER DR.","CITY_1":"MONTICELLO","ZIP":"52310","House_Dist":96,"Senate_Dis":"48","Congressio":"1","SOSID_NEW":"53_CGLW"}},{"type":"Feature","id":1260,"geometry":{"type":"Point","coordinates":[-91.1896930339999,42.246660218000045]},"properties":{"OBJECTID_12":1260,"COUNTY":"Jones","DISTRICT_CODE":"MN3","PRECINCT":"Monticello 3","POLLING_PLACE":"BERNDES CENTER","ADDR_LINE_1":"766 N MAPLE ST","CITY_1":"MONTICELLO","ZIP":"52310","House_Dist":96,"Senate_Dis":"48","Congressio":"1","SOSID_NEW":"53_MN3"}},{"type":"Feature","id":1261,"geometry":{"type":"Point","coordinates":[-91.1896930339999,42.246660218000045]},"properties":{"OBJECTID_12":1261,"COUNTY":"Jones","DISTRICT_CODE":"MN4","PRECINCT":"Monticello 4","POLLING_PLACE":"BERNDES CENTER 2","ADDR_LINE_1":"766 N MAPLE ST","CITY_1":"MONTICELLO","ZIP":"52310","House_Dist":96,"Senate_Dis":"48","Congressio":"1","SOSID_NEW":"53_MN4"}},{"type":"Feature","id":1262,"geometry":{"type":"Point","coordinates":[-91.42319903399994,42.23830224400007]},"properties":{"OBJECTID_12":1262,"COUNTY":"Linn","DISTRICT_CODE":"TBOU","PRECINCT":"Boulder Township","POLLING_PLACE":"TBOU-PRAIRIEBURG CITY HALL","ADDR_LINE_1":"109 W MAIN ST","CITY_1":"PRAIRIEBURG","ZIP":"52219","House_Dist":95,"Senate_Dis":"48","Congressio":"1","SOSID_NEW":"57_TBOU"}},{"type":"Feature","id":1263,"geometry":{"type":"Point","coordinates":[-91.44341381899994,42.06014196500007]},"properties":{"OBJECTID_12":1263,"COUNTY":"Linn","DISTRICT_CODE":"TBRO","PRECINCT":"Brown Township","POLLING_PLACE":"TBRO-SPRINGVILLE MEMORIAL LIBRARY","ADDR_LINE_1":"264 BROADWAY ST","CITY_1":"SPRINGVILLE","ZIP":"52336","House_Dist":95,"Senate_Dis":"48","Congressio":"1","SOSID_NEW":"57_TBRO"}},{"type":"Feature","id":1264,"geometry":{"type":"Point","coordinates":[-91.45762733999993,42.18862543400007]},"properties":{"OBJECTID_12":1264,"COUNTY":"Linn","DISTRICT_CODE":"TBUF","PRECINCT":"Buffalo Township","POLLING_PLACE":"TBUF-CAMP WAKONDA DINING HALL","ADDR_LINE_1":"4521   BOY SCOUTS RD","CITY_1":"CENTRAL CITY","ZIP":"52214","House_Dist":95,"Senate_Dis":"48","Congressio":"1","SOSID_NEW":"57_TBUF"}},{"type":"Feature","id":1265,"geometry":{"type":"Point","coordinates":[-91.80910749399993,42.06524927500004]},"properties":{"OBJECTID_12":1265,"COUNTY":"Linn","DISTRICT_CODE":"TFAY","PRECINCT":"Fayette Township","POLLING_PLACE":"TFAY-PALO CITY HALL & COMMUNITY CENTER","ADDR_LINE_1":"2800 HOLLENBECK RD","CITY_1":"PALO","ZIP":"52324","House_Dist":95,"Senate_Dis":"48","Congressio":"1","SOSID_NEW":"57_TFAY"}},{"type":"Feature","id":1266,"geometry":{"type":"Point","coordinates":[-91.38552708299994,41.92211055100006]},"properties":{"OBJECTID_12":1266,"COUNTY":"Linn","DISTRICT_CODE":"TFRA","PRECINCT":"Franklin Township","POLLING_PLACE":"TFRA-LISBON CITY HALL","ADDR_LINE_1":"115 N WASHINGTON ST","CITY_1":"LISBON","ZIP":"52253","House_Dist":95,"Senate_Dis":"48","Congressio":"1","SOSID_NEW":"57_TFRA"}},{"type":"Feature","id":1267,"geometry":{"type":"Point","coordinates":[-91.7819427099999,42.286755258000085]},"properties":{"OBJECTID_12":1267,"COUNTY":"Linn","DISTRICT_CODE":"TGRA","PRECINCT":"Grant Township","POLLING_PLACE":"TGRA-WALKER COMMUNITY ROOM","ADDR_LINE_1":"210   PARK ST","CITY_1":"WALKER","ZIP":"52352","House_Dist":95,"Senate_Dis":"48","Congressio":"1","SOSID_NEW":"57_TGRA"}},{"type":"Feature","id":1268,"geometry":{"type":"Point","coordinates":[-91.5319479129999,42.28141950600008]},"properties":{"OBJECTID_12":1268,"COUNTY":"Linn","DISTRICT_CODE":"TJAC","PRECINCT":"Jackson Township","POLLING_PLACE":"TJAC-AMERICAN LEGION POST 362","ADDR_LINE_1":"200 1ST ST N","CITY_1":"COGGON","ZIP":"52218","House_Dist":95,"Senate_Dis":"48","Congressio":"1","SOSID_NEW":"57_TJAC"}},{"type":"Feature","id":1269,"geometry":{"type":"Point","coordinates":[-91.45712733199991,41.948252008000054]},"properties":{"OBJECTID_12":1269,"COUNTY":"Linn","DISTRICT_CODE":"TLIN","PRECINCT":"Linn Township","POLLING_PLACE":"TLIN-COMMUNITY BIBLE CHURCH","ADDR_LINE_1":"940 W MOUNT VERNON RD","CITY_1":"MT VERNON","ZIP":"52314","House_Dist":95,"Senate_Dis":"48","Congressio":"1","SOSID_NEW":"57_TLIN"}},{"type":"Feature","id":1270,"geometry":{"type":"Point","coordinates":[-91.52456783799994,42.20567932900008]},"properties":{"OBJECTID_12":1270,"COUNTY":"Linn","DISTRICT_CODE":"TMAI","PRECINCT":"Maine Township","POLLING_PLACE":"TMAI-FALCON CIVIC CENTER","ADDR_LINE_1":"137 4TH ST N","CITY_1":"CENTRAL CITY","ZIP":"52214","House_Dist":95,"Senate_Dis":"48","Congressio":"1","SOSID_NEW":"57_TMAI"}},{"type":"Feature","id":1271,"geometry":{"type":"Point","coordinates":[-91.72667373399992,42.04095749900006]},"properties":{"OBJECTID_12":1271,"COUNTY":"Linn","DISTRICT_CODE":"TMON2","PRECINCT":"Monroe Township 02","POLLING_PLACE":"TMON2-BLAIR RIDGE BAPTIST CHURCH","ADDR_LINE_1":"4502   BLAIRS FERRY RD NE","CITY_1":"CEDAR RAPIDS","ZIP":"52411","House_Dist":95,"Senate_Dis":"48","Congressio":"1","SOSID_NEW":"57_TMON2"}},{"type":"Feature","id":1272,"geometry":{"type":"Point","coordinates":[-91.61863698699995,42.146791412000084]},"properties":{"OBJECTID_12":1272,"COUNTY":"Linn","DISTRICT_CODE":"TOTT","PRECINCT":"Otter Creek Township","POLLING_PLACE":"TOTT-ALBURNETT METHODIST CHURCH","ADDR_LINE_1":"221 S MAIN AVE","CITY_1":"ALBURNETT","ZIP":"52202","House_Dist":95,"Senate_Dis":"48","Congressio":"1","SOSID_NEW":"57_TOTT"}},{"type":"Feature","id":1273,"geometry":{"type":"Point","coordinates":[-91.66000013999991,42.29010729400005]},"properties":{"OBJECTID_12":1273,"COUNTY":"Linn","DISTRICT_CODE":"TSPR","PRECINCT":"Spring Grove Township","POLLING_PLACE":"TSPR-NORTH-LINN HIGH SCHOOL BLDG","ADDR_LINE_1":"3033   LYNX DR","CITY_1":"TROY MILLS","ZIP":"00000","House_Dist":95,"Senate_Dis":"48","Congressio":"1","SOSID_NEW":"57_TSPR"}},{"type":"Feature","id":1274,"geometry":{"type":"Point","coordinates":[-91.7786442879999,42.18619882200005]},"properties":{"OBJECTID_12":1274,"COUNTY":"Linn","DISTRICT_CODE":"TWAS","PRECINCT":"Washington Township","POLLING_PLACE":"TWAS-CENTER POINT CITY HALL","ADDR_LINE_1":"200   FRANKLIN ST","CITY_1":"CENTER POINT","ZIP":"52213","House_Dist":95,"Senate_Dis":"48","Congressio":"1","SOSID_NEW":"57_TWAS"}},{"type":"Feature","id":1275,"geometry":{"type":"Point","coordinates":[-91.41824673799994,41.92296604400008]},"properties":{"OBJECTID_12":1275,"COUNTY":"Linn","DISTRICT_CODE":"MVN","PRECINCT":"Mount Vernon North","POLLING_PLACE":"MVN-MOUNT VERNON CITY HALL","ADDR_LINE_1":"213 1ST ST NW","CITY_1":"MOUNT VERNON","ZIP":"52314","House_Dist":95,"Senate_Dis":"48","Congressio":"1","SOSID_NEW":"57_MVN"}},{"type":"Feature","id":1276,"geometry":{"type":"Point","coordinates":[-91.41904540399992,41.917630632000055]},"properties":{"OBJECTID_12":1276,"COUNTY":"Linn","DISTRICT_CODE":"MVS","PRECINCT":"Mount Vernon South","POLLING_PLACE":"MVS-ST. JOHN THE BAPTISIT CATHOLIC CHURCH","ADDR_LINE_1":"212  S 7TH ST SE","CITY_1":"MOUNT VERNON","ZIP":"52314","House_Dist":95,"Senate_Dis":"48","Congressio":"1","SOSID_NEW":"57_MVS"}},{"type":"Feature","id":1277,"geometry":{"type":"Point","coordinates":[-95.96790646199992,42.80826104200008]},"properties":{"OBJECTID_12":1277,"COUNTY":"Plymouth","DISTRICT_CODE":"MRHG","PRECINCT":"East Precinct","POLLING_PLACE":"REMSEN AMERICAN BANK","ADDR_LINE_1":"400 W HWY 3","CITY_1":"REMSEN","ZIP":"51050","House_Dist":5,"Senate_Dis":"3","Congressio":"4","SOSID_NEW":"75_MRHG"}},{"type":"Feature","id":1278,"geometry":{"type":"Point","coordinates":[-95.97195487699992,42.814486027000044]},"properties":{"OBJECTID_12":1278,"COUNTY":"Plymouth","DISTRICT_CODE":"RM","PRECINCT":"Remsen","POLLING_PLACE":"REMSEN LIBRARY","ADDR_LINE_1":"211 FULTON ST","CITY_1":"REMSEN","ZIP":"51050","House_Dist":5,"Senate_Dis":"3","Congressio":"4","SOSID_NEW":"75_RM"}},{"type":"Feature","id":1279,"geometry":{"type":"Point","coordinates":[-91.54470686399992,41.62178275600007]},"properties":{"OBJECTID_12":1279,"COUNTY":"Johnson","DISTRICT_CODE":"WL","PRECINCT":"WL","POLLING_PLACE":"WL 4H FAIRGROUNDS BLDG C","ADDR_LINE_1":"4275 OAK CREST HILL RD SE","CITY_1":"IOWA CITY","ZIP":"52246","House_Dist":77,"Senate_Dis":"39","Congressio":"2","SOSID_NEW":"52_WL"}},{"type":"Feature","id":1280,"geometry":{"type":"Point","coordinates":[-91.58364923099992,41.678432875000055]},"properties":{"OBJECTID_12":1280,"COUNTY":"Johnson","DISTRICT_CODE":"CV.04","PRECINCT":"CV.04","POLLING_PLACE":"CV04 CORALVILLE CITY HALL","ADDR_LINE_1":"1512 7TH ST","CITY_1":"CORALVILLE","ZIP":"52241","House_Dist":74,"Senate_Dis":"37","Congressio":"2","SOSID_NEW":"52_CV.04"}},{"type":"Feature","id":1281,"geometry":{"type":"Point","coordinates":[-91.21490633699995,41.377943740000035]},"properties":{"OBJECTID_12":1281,"COUNTY":"Muscatine","DISTRICT_CODE":"76CE","PRECINCT":"Seventy Six/Cedar","POLLING_PLACE":"76 TOWNSHIP HALL","ADDR_LINE_1":"INDEPENDENCE AVE","CITY_1":"LETTS","ZIP":"52754","House_Dist":88,"Senate_Dis":"44","Congressio":"2","SOSID_NEW":"70_76CE"}},{"type":"Feature","id":1282,"geometry":{"type":"Point","coordinates":[-93.62548104399991,41.63780789200007]},"properties":{"OBJECTID_12":1282,"COUNTY":"Polk","DISTRICT_CODE":"DM 007","PRECINCT":"Des Moines 007","POLLING_PLACE":"007 HIGHLAND PARK CHRISTIAN CHURCH","ADDR_LINE_1":"4260 NW 6TH DR","CITY_1":"DES MOINES","ZIP":"50313","House_Dist":35,"Senate_Dis":"18","Congressio":"3","SOSID_NEW":"77_DM 007"}},{"type":"Feature","id":1283,"geometry":{"type":"Point","coordinates":[-93.76822104699994,41.779609393000044]},"properties":{"OBJECTID_12":1283,"COUNTY":"Polk","DISTRICT_CODE":"GRANGER","PRECINCT":"Granger 1 (122)","POLLING_PLACE":"122 JESTER PARK LODGE","ADDR_LINE_1":"11407 NW JESTER PARK DR.","CITY_1":"GRANGER","ZIP":"50109","House_Dist":39,"Senate_Dis":"20","Congressio":"3","SOSID_NEW":"77_GRANGER"}},{"type":"Feature","id":1284,"geometry":{"type":"Point","coordinates":[-93.76822104699994,41.779609393000044]},"properties":{"OBJECTID_12":1284,"COUNTY":"Polk","DISTRICT_CODE":"JEFF 1","PRECINCT":"Jefferson 1 (126)","POLLING_PLACE":"126 JESTER PARK LODGE (JESTER PARK)","ADDR_LINE_1":"11407 NW JESTER PARK DR","CITY_1":"GRANGER","ZIP":"50109","House_Dist":39,"Senate_Dis":"20","Congressio":"3","SOSID_NEW":"77_JEFF 1"}},{"type":"Feature","id":1285,"geometry":{"type":"Point","coordinates":[-95.80429923299994,41.263356101000056]},"properties":{"OBJECTID_12":1285,"COUNTY":"Pottawattamie","DISTRICT_CODE":"CB 10A","PRECINCT":"Council Bluffs 10A","POLLING_PLACE":"10A NEW HORIZON CHURCH","ADDR_LINE_1":"30 VALLEY VIEW DR","CITY_1":"COUNCIL BLUFFS ","ZIP":"51503","House_Dist":16,"Senate_Dis":"8","Congressio":"3","SOSID_NEW":"78_CB 10A"}},{"type":"Feature","id":1286,"geometry":{"type":"Point","coordinates":[-95.80429923299994,41.263356101000056]},"properties":{"OBJECTID_12":1286,"COUNTY":"Pottawattamie","DISTRICT_CODE":"CB 10B","PRECINCT":"Council Bluffs 10B","POLLING_PLACE":"10B NEW HORIZON CHURCH","ADDR_LINE_1":"30 VALLEY VIEW DR","CITY_1":"COUNCIL BLUFFS","ZIP":"51503","House_Dist":16,"Senate_Dis":"8","Congressio":"3","SOSID_NEW":"78_CB 10B"}},{"type":"Feature","id":1287,"geometry":{"type":"Point","coordinates":[-95.80429923299994,41.263356101000056]},"properties":{"OBJECTID_12":1287,"COUNTY":"Pottawattamie","DISTRICT_CODE":"GARNER","PRECINCT":"Garner","POLLING_PLACE":"28 NEW HORIZON CHURCH","ADDR_LINE_1":"30 VALLEY VIEW DR","CITY_1":"COUNCIL BLUFFS","ZIP":"51503","House_Dist":16,"Senate_Dis":"8","Congressio":"3","SOSID_NEW":"78_GARNER"}},{"type":"Feature","id":1288,"geometry":{"type":"Point","coordinates":[-91.6758605419999,41.96275807500007]},"properties":{"OBJECTID_12":1288,"COUNTY":"Linn","DISTRICT_CODE":"CR33","PRECINCT":"Cedar Rapids 33","POLLING_PLACE":"33-CEDAR RAPIDS CITY SERVICES BUILDING","ADDR_LINE_1":"500 15TH AVE SW","CITY_1":"CEDAR RAPIDS","ZIP":"52404","House_Dist":69,"Senate_Dis":"35","Congressio":"1","SOSID_NEW":"57_CR33"}},{"type":"Feature","id":1289,"geometry":{"type":"Point","coordinates":[-91.67113085999995,41.96856702800005]},"properties":{"OBJECTID_12":1289,"COUNTY":"Linn","DISTRICT_CODE":"CR34","PRECINCT":"Cedar Rapids 34","POLLING_PLACE":"34-LINN COUNTY ELECTION DEPOT","ADDR_LINE_1":"823 3RD ST SW","CITY_1":"CEDAR RAPIDS","ZIP":"52404","House_Dist":69,"Senate_Dis":"35","Congressio":"1","SOSID_NEW":"57_CR34"}},{"type":"Feature","id":1290,"geometry":{"type":"Point","coordinates":[-91.65756769899991,41.950290503000076]},"properties":{"OBJECTID_12":1290,"COUNTY":"Linn","DISTRICT_CODE":"CR37","PRECINCT":"Cedar Rapids 37","POLLING_PLACE":"37-HOPE LUTHERAN CHURCH","ADDR_LINE_1":"2736 BOWLING ST SW","CITY_1":"CEDAR RAPIDS","ZIP":"52404","House_Dist":65,"Senate_Dis":"33","Congressio":"1","SOSID_NEW":"57_CR37"}},{"type":"Feature","id":1291,"geometry":{"type":"Point","coordinates":[-92.2098440769999,41.345201290000034]},"properties":{"OBJECTID_12":1291,"COUNTY":"Keokuk","DISTRICT_CODE":"LC","PRECINCT":"East West Lancaster","POLLING_PLACE":"HAYESVILLE CITY HALL","ADDR_LINE_1":"104 FRITZ ST","CITY_1":"SIGOURNEY","ZIP":"52591","House_Dist":78,"Senate_Dis":"39","Congressio":"2","SOSID_NEW":"54_LC"}},{"type":"Feature","id":1292,"geometry":{"type":"Point","coordinates":[-92.23933369999992,41.45378115200003]},"properties":{"OBJECTID_12":1292,"COUNTY":"Keokuk","DISTRICT_CODE":"AD","PRECINCT":"Adams","POLLING_PLACE":"KESWICK FIRE STATION","ADDR_LINE_1":"119 S IRONS ST","CITY_1":"KESWICK","ZIP":"50136","House_Dist":78,"Senate_Dis":"39","Congressio":"2","SOSID_NEW":"54_AD"}},{"type":"Feature","id":1293,"geometry":{"type":"Point","coordinates":[-92.3090073429999,41.17166111600005]},"properties":{"OBJECTID_12":1293,"COUNTY":"Keokuk","DISTRICT_CODE":"BN","PRECINCT":"Benton Steady Run","POLLING_PLACE":"HEDRICK CITY HALL","ADDR_LINE_1":"109 N MAIN ST","CITY_1":"HEDRICK","ZIP":"52563","House_Dist":78,"Senate_Dis":"39","Congressio":"2","SOSID_NEW":"54_BN"}},{"type":"Feature","id":1294,"geometry":{"type":"Point","coordinates":[-92.09034756099993,41.45285106700004]},"properties":{"OBJECTID_12":1294,"COUNTY":"Keokuk","DISTRICT_CODE":"ER","PRECINCT":"English River Liberty","POLLING_PLACE":"SOUTH ENGLISH FIRE STATION","ADDR_LINE_1":"401 BROADWAY ST","CITY_1":"SOUTH ENGLISH","ZIP":"52335","House_Dist":78,"Senate_Dis":"39","Congressio":"2","SOSID_NEW":"54_ER"}},{"type":"Feature","id":1295,"geometry":{"type":"Point","coordinates":[-92.09416114399994,41.19642842500008]},"properties":{"OBJECTID_12":1295,"COUNTY":"Keokuk","DISTRICT_CODE":"JA","PRECINCT":"Jackson","POLLING_PLACE":"OLLIE COMMUNITY HALL","ADDR_LINE_1":"210 W ALCORN ST","CITY_1":"OLLIE","ZIP":"52576","House_Dist":78,"Senate_Dis":"39","Congressio":"2","SOSID_NEW":"54_JA"}},{"type":"Feature","id":1296,"geometry":{"type":"Point","coordinates":[-91.27937832999993,42.10830677800004]},"properties":{"OBJECTID_12":1296,"COUNTY":"Jones","DISTRICT_CODE":"ANN","PRECINCT":"Anamosa North/Cass","POLLING_PLACE":"LAWRENCE CENTER","ADDR_LINE_1":"600 E MAIN ST","CITY_1":"ANAMOSA","ZIP":"52205","House_Dist":96,"Senate_Dis":"48","Congressio":"1","SOSID_NEW":"53_ANN"}},{"type":"Feature","id":1297,"geometry":{"type":"Point","coordinates":[-91.61403784399994,42.05232132300006]},"properties":{"OBJECTID_12":1297,"COUNTY":"Linn","DISTRICT_CODE":"MR13","PRECINCT":"Marion 13","POLLING_PLACE":"MR13-CHRIST COMMUNITY CHURCH","ADDR_LINE_1":"3000   ALBURNETT RD","CITY_1":"MARION","ZIP":"52302","House_Dist":67,"Senate_Dis":"34","Congressio":"1","SOSID_NEW":"57_MR13"}},{"type":"Feature","id":1298,"geometry":{"type":"Point","coordinates":[-95.30775025499992,40.83343293000007]},"properties":{"OBJECTID_12":1298,"COUNTY":"Page","DISTRICT_CODE":"PC","PRECINCT":"PC-FM-EX","POLLING_PLACE":"PC-ESSEX CITY HALL","ADDR_LINE_1":"412 IOWA AVE","CITY_1":"ESSEX","ZIP":"51638","House_Dist":0,"Senate_Dis":" ","Congressio":" ","SOSID_NEW":"73_PC"}},{"type":"Feature","id":1299,"geometry":{"type":"Point","coordinates":[-95.03775037999992,40.73507950900006]},"properties":{"OBJECTID_12":1299,"COUNTY":"Page","DISTRICT_CODE":"CL1","PRECINCT":"Clarinda 1","POLLING_PLACE":"CL1-CLARINDA LIED PUBLIC LIBRARY","ADDR_LINE_1":"100 E GARFIELD ST","CITY_1":"CLARINDA","ZIP":"51632","House_Dist":0,"Senate_Dis":" ","Congressio":" ","SOSID_NEW":"73_CL1"}},{"type":"Feature","id":1300,"geometry":{"type":"Point","coordinates":[-95.03775037999992,40.73507950900006]},"properties":{"OBJECTID_12":1300,"COUNTY":"Page","DISTRICT_CODE":"CL2","PRECINCT":"Clarinda 2","POLLING_PLACE":"CL2-CLARINDA LIED PUBLIC LIBRARY","ADDR_LINE_1":"100 E GARFIELD ST","CITY_1":"CLARINDA","ZIP":"51632","House_Dist":0,"Senate_Dis":" ","Congressio":" ","SOSID_NEW":"73_CL2"}},{"type":"Feature","id":1301,"geometry":{"type":"Point","coordinates":[-95.03759191199993,40.738267971000084]},"properties":{"OBJECTID_12":1301,"COUNTY":"Page","DISTRICT_CODE":"ER","PRECINCT":"DG-ER-NK-NW-VY-HB-YT-AM-BN-HL-BV-CS-SB","POLLING_PLACE":"ER-PAGE COUNTY COURTHOUSE","ADDR_LINE_1":"112 E MAIN ST","CITY_1":"CLARINDA","ZIP":"51632","House_Dist":0,"Senate_Dis":" ","Congressio":" ","SOSID_NEW":"73_ER"}},{"type":"Feature","id":1302,"geometry":{"type":"Point","coordinates":[-95.37026993399991,40.765932983000084]},"properties":{"OBJECTID_12":1302,"COUNTY":"Page","DISTRICT_CODE":"GT","PRECINCT":"GT-MT-TK-CX-LN-WS-BL-CN-NB","POLLING_PLACE":"GT-SHENANDOAH FIRE STATION","ADDR_LINE_1":"400 W SHERIDAN AVE","CITY_1":"SHENANDOAH","ZIP":"51601","House_Dist":0,"Senate_Dis":" ","Congressio":" ","SOSID_NEW":"73_GT"}},{"type":"Feature","id":1303,"geometry":{"type":"Point","coordinates":[-95.37516991899992,40.76584128600007]},"properties":{"OBJECTID_12":1303,"COUNTY":"Page","DISTRICT_CODE":"SD1","PRECINCT":"Shenandoah 1","POLLING_PLACE":"SD1-SHENANDOAH HISTORICAL SOCIETY","ADDR_LINE_1":"100 MAPLE ST","CITY_1":"SHENANDOAH","ZIP":"51601","House_Dist":0,"Senate_Dis":" ","Congressio":" ","SOSID_NEW":"73_SD1"}},{"type":"Feature","id":1304,"geometry":{"type":"Point","coordinates":[-95.37516991899992,40.76584128600007]},"properties":{"OBJECTID_12":1304,"COUNTY":"Page","DISTRICT_CODE":"SD2","PRECINCT":"Shenandoah 2","POLLING_PLACE":"SD2-SHENANDOAH HISTORICAL SOCIETY","ADDR_LINE_1":"100 MAPLE ST","CITY_1":"SHENANDOAH","ZIP":"51601","House_Dist":0,"Senate_Dis":" ","Congressio":" ","SOSID_NEW":"73_SD2"}},{"type":"Feature","id":1305,"geometry":{"type":"Point","coordinates":[-95.37516991899992,40.76584128600007]},"properties":{"OBJECTID_12":1305,"COUNTY":"Page","DISTRICT_CODE":"SD3","PRECINCT":"Shenandoah 3","POLLING_PLACE":"SD3-SHENANDOAH HISTORICAL BUILDING","ADDR_LINE_1":"100 MAPLE ST","CITY_1":"SHENANDOAH","ZIP":"51601","House_Dist":0,"Senate_Dis":" ","Congressio":" ","SOSID_NEW":"73_SD3"}},{"type":"Feature","id":1306,"geometry":{"type":"Point","coordinates":[-95.9048778149999,43.07201529000008]},"properties":{"OBJECTID_12":1306,"COUNTY":"Sioux","DISTRICT_CODE":"FL","PRECINCT":"Floyd Lynn","POLLING_PLACE":"HOSPERS COMMUNITY CENTER","ADDR_LINE_1":"211 MAIN ST","CITY_1":"HOSPERS","ZIP":"51238","House_Dist":3,"Senate_Dis":"2","Congressio":"4","SOSID_NEW":"84_FL"}},{"type":"Feature","id":1307,"geometry":{"type":"Point","coordinates":[-96.0057827419999,43.18946128200008]},"properties":{"OBJECTID_12":1307,"COUNTY":"Sioux","DISTRICT_CODE":"GT","PRECINCT":"Grant Sheridan","POLLING_PLACE":"BOYDEN DEMCO BUILDING","ADDR_LINE_1":"714 MAIN ST","CITY_1":"BOYDEN","ZIP":"51234","House_Dist":3,"Senate_Dis":"2","Congressio":"4","SOSID_NEW":"84_GT"}},{"type":"Feature","id":1308,"geometry":{"type":"Point","coordinates":[-96.4851834189999,42.99939870800006]},"properties":{"OBJECTID_12":1308,"COUNTY":"Sioux","DISTRICT_CODE":"HW","PRECINCT":"Hawarden BC LG WA EG S","POLLING_PLACE":"HAWARDEN COMMUNITY CENTER","ADDR_LINE_1":"1150 CENTRAL AVE","CITY_1":"HAWARDEN","ZIP":"51023","House_Dist":4,"Senate_Dis":"2","Congressio":"4","SOSID_NEW":"84_HW"}},{"type":"Feature","id":1309,"geometry":{"type":"Point","coordinates":[-96.1337487209999,43.18940883400006]},"properties":{"OBJECTID_12":1309,"COUNTY":"Sioux","DISTRICT_CODE":"LN","PRECINCT":"Lincoln","POLLING_PLACE":"HULL LIBRARY","ADDR_LINE_1":"1135 MAIN ST","CITY_1":"HULL","ZIP":"51239","House_Dist":4,"Senate_Dis":"2","Congressio":"4","SOSID_NEW":"84_LN"}},{"type":"Feature","id":1310,"geometry":{"type":"Point","coordinates":[-96.3182983829999,42.97511042900004]},"properties":{"OBJECTID_12":1310,"COUNTY":"Sioux","DISTRICT_CODE":"RD","PRECINCT":"Reading Center South","POLLING_PLACE":"IRETON CITY OFFICE","ADDR_LINE_1":"318 MAIN ST","CITY_1":"IRETON","ZIP":"51027","House_Dist":4,"Senate_Dis":"2","Congressio":"4","SOSID_NEW":"84_RD"}},{"type":"Feature","id":1311,"geometry":{"type":"Point","coordinates":[-96.17991265199993,42.96640049500007]},"properties":{"OBJECTID_12":1311,"COUNTY":"Sioux","DISTRICT_CODE":"SM","PRECINCT":"Sherman","POLLING_PLACE":"MAURICE COMMUNITY CENTER","ADDR_LINE_1":"225 MAIN ST","CITY_1":"MAURICE","ZIP":"51036","House_Dist":4,"Senate_Dis":"2","Congressio":"4","SOSID_NEW":"84_SM"}},{"type":"Feature","id":1312,"geometry":{"type":"Point","coordinates":[-96.17241261899994,43.047689397000056]},"properties":{"OBJECTID_12":1312,"COUNTY":"Sioux","DISTRICT_CODE":"SCC","PRECINCT":"Sioux Center Central","POLLING_PLACE":"SCC TERRACE VIEW EVENT CENTER","ADDR_LINE_1":"230 SAINT ANDREWS WAY","CITY_1":"SIOUX CENTER ","ZIP":"51250","House_Dist":4,"Senate_Dis":"2","Congressio":"4","SOSID_NEW":"84_SCC"}},{"type":"Feature","id":1313,"geometry":{"type":"Point","coordinates":[-96.17241261899994,43.047689397000056]},"properties":{"OBJECTID_12":1313,"COUNTY":"Sioux","DISTRICT_CODE":"SCN","PRECINCT":"Sioux Center North WC CP","POLLING_PLACE":"SCN TERRACE VIEW EVENT CENTER","ADDR_LINE_1":"230 SAINT ANDREWS WAY","CITY_1":"SIOUX CENTER","ZIP":"51250","House_Dist":4,"Senate_Dis":"2","Congressio":"4","SOSID_NEW":"84_SCN"}},{"type":"Feature","id":1314,"geometry":{"type":"Point","coordinates":[-96.17241261899994,43.047689397000056]},"properties":{"OBJECTID_12":1314,"COUNTY":"Sioux","DISTRICT_CODE":"SCS","PRECINCT":"Sioux Center South","POLLING_PLACE":"SCS TERRACE VIEW EVENT CENTER","ADDR_LINE_1":"230 SAINT ANDREWS WAY","CITY_1":"SIOUX CENTER","ZIP":"51250","House_Dist":4,"Senate_Dis":"2","Congressio":"4","SOSID_NEW":"84_SCS"}},{"type":"Feature","id":1315,"geometry":{"type":"Point","coordinates":[-96.17241261899994,43.047689397000056]},"properties":{"OBJECTID_12":1315,"COUNTY":"Sioux","DISTRICT_CODE":"WB","PRECINCT":"West Branch Center North","POLLING_PLACE":"WBC TERRACE VIEW EVENT CENTER","ADDR_LINE_1":"230 SAINT ANDREWS WAY","CITY_1":"SIOUX CENTER","ZIP":"51250","House_Dist":4,"Senate_Dis":"2","Congressio":"4","SOSID_NEW":"84_WB"}},{"type":"Feature","id":1316,"geometry":{"type":"Point","coordinates":[-96.29810107999992,43.19678657800006]},"properties":{"OBJECTID_12":1316,"COUNTY":"Sioux","DISTRICT_CODE":"PL","PRECINCT":"Plato GF ST SX EG N","POLLING_PLACE":"PL FAITH REFORMED CHURCH","ADDR_LINE_1":"1305 7TH ST ","CITY_1":"ROCK VALLEY ","ZIP":"51247","House_Dist":4,"Senate_Dis":"2","Congressio":"4","SOSID_NEW":"84_PL"}},{"type":"Feature","id":1317,"geometry":{"type":"Point","coordinates":[-96.29810107999992,43.19678657800006]},"properties":{"OBJECTID_12":1317,"COUNTY":"Sioux","DISTRICT_CODE":"RVE","PRECINCT":"Rock Valley East","POLLING_PLACE":"RVE FAITH REFORMED CHURCH","ADDR_LINE_1":"1305 7TH ST","CITY_1":"ROCK VALLEY","ZIP":"51247","House_Dist":4,"Senate_Dis":"2","Congressio":"4","SOSID_NEW":"84_RVE"}},{"type":"Feature","id":1318,"geometry":{"type":"Point","coordinates":[-96.29810107999992,43.19678657800006]},"properties":{"OBJECTID_12":1318,"COUNTY":"Sioux","DISTRICT_CODE":"RVW","PRECINCT":"Rock Valley West Rock","POLLING_PLACE":"RVW FAITH REFORMED CHURCH","ADDR_LINE_1":"1305 7TH ST","CITY_1":"ROCK VALLEY","ZIP":"51247","House_Dist":4,"Senate_Dis":"2","Congressio":"4","SOSID_NEW":"84_RVW"}},{"type":"Feature","id":1319,"geometry":{"type":"Point","coordinates":[-96.04366098899993,42.997546696000086]},"properties":{"OBJECTID_12":1319,"COUNTY":"Sioux","DISTRICT_CODE":"OC1","PRECINCT":"Orange City 1 Holland West","POLLING_PLACE":"OC1 LIVING WATER COMMUNITY","ADDR_LINE_1":"1005 8TH ST SE","CITY_1":"ORANGE CITY","ZIP":"51041","House_Dist":4,"Senate_Dis":"2","Congressio":"4","SOSID_NEW":"84_OC1"}},{"type":"Feature","id":1320,"geometry":{"type":"Point","coordinates":[-96.04366098899993,42.997546696000086]},"properties":{"OBJECTID_12":1320,"COUNTY":"Sioux","DISTRICT_CODE":"OC2","PRECINCT":"Orange City 2 Holland East","POLLING_PLACE":"OC2 LIVING WATER COMMUNITY","ADDR_LINE_1":"1005 8TH ST SE","CITY_1":"ORANGE CITY","ZIP":"51041","House_Dist":4,"Senate_Dis":"2","Congressio":"4","SOSID_NEW":"84_OC2"}},{"type":"Feature","id":1321,"geometry":{"type":"Point","coordinates":[-96.00971171099991,42.98831227800008]},"properties":{"OBJECTID_12":1321,"COUNTY":"Sioux","DISTRICT_CODE":"AT","PRECINCT":"Alton Nassau East Orange","POLLING_PLACE":"ALTON COMMUNITY BUILDING","ADDR_LINE_1":"1101 3RD AVE","CITY_1":"ALTON","ZIP":"51003","House_Dist":4,"Senate_Dis":"2","Congressio":"4","SOSID_NEW":"84_AT"}},{"type":"Feature","id":1322,"geometry":{"type":"Point","coordinates":[-93.6258076069999,42.03707981300005]},"properties":{"OBJECTID_12":1322,"COUNTY":"Story","DISTRICT_CODE":"7","PRECINCT":"Ames 2-2","POLLING_PLACE":"BETHESDA LUTHERAN CHURCH","ADDR_LINE_1":"1517 NORTHWESTERN AVENUE","CITY_1":"AMES","ZIP":"50010","House_Dist":46,"Senate_Dis":"23","Congressio":"4","SOSID_NEW":"85_7"}},{"type":"Feature","id":1323,"geometry":{"type":"Point","coordinates":[-93.63019346099992,42.05005088900003]},"properties":{"OBJECTID_12":1323,"COUNTY":"Story","DISTRICT_CODE":"8","PRECINCT":"Ames 2-3","POLLING_PLACE":"ST CECILIA CATHOLIC CHURCH","ADDR_LINE_1":"2900 HOOVER AVENUE","CITY_1":"AMES","ZIP":"50010","House_Dist":46,"Senate_Dis":"23","Congressio":"4","SOSID_NEW":"85_8"}},{"type":"Feature","id":1324,"geometry":{"type":"Point","coordinates":[-93.6418206919999,42.05631323000006]},"properties":{"OBJECTID_12":1324,"COUNTY":"Story","DISTRICT_CODE":"9","PRECINCT":"Ames 2-4","POLLING_PLACE":"ASCENSION LUTHERAN CHURCH","ADDR_LINE_1":"2400 BLOOMINGTON RD","CITY_1":"AMES","ZIP":"50010","House_Dist":46,"Senate_Dis":"23","Congressio":"4","SOSID_NEW":"85_9"}},{"type":"Feature","id":1325,"geometry":{"type":"Point","coordinates":[-93.63800710999993,42.05707897700006]},"properties":{"OBJECTID_12":1325,"COUNTY":"Story","DISTRICT_CODE":"10","PRECINCT":"Ames 2-5","POLLING_PLACE":"STONEBROOK COMMUNITY CHURCH","ADDR_LINE_1":"3611 EISENHOWER AVENUE","CITY_1":"AMES","ZIP":"50010","House_Dist":46,"Senate_Dis":"23","Congressio":"4","SOSID_NEW":"85_10"}},{"type":"Feature","id":1326,"geometry":{"type":"Point","coordinates":[-93.6458708749999,42.022753236000085]},"properties":{"OBJECTID_12":1326,"COUNTY":"Story","DISTRICT_CODE":"16","PRECINCT":"Ames 4-1","POLLING_PLACE":"MEMORIAL LUTHERAN CHURCH","ADDR_LINE_1":"2228 LINCOLN WAY","CITY_1":"AMES","ZIP":"50014","House_Dist":46,"Senate_Dis":"23","Congressio":"4","SOSID_NEW":"85_16"}},{"type":"Feature","id":1327,"geometry":{"type":"Point","coordinates":[-93.6475020879999,42.02895076700008]},"properties":{"OBJECTID_12":1327,"COUNTY":"Story","DISTRICT_CODE":"17","PRECINCT":"Ames 4-2","POLLING_PLACE":"MAPLE HALL, CONFERENCE ROOM M01B","ADDR_LINE_1":"ISU CAMPUS","CITY_1":"AMES","ZIP":"50011","House_Dist":46,"Senate_Dis":"23","Congressio":"4","SOSID_NEW":"85_17"}},{"type":"Feature","id":1328,"geometry":{"type":"Point","coordinates":[-93.6475020879999,42.02895076700008]},"properties":{"OBJECTID_12":1328,"COUNTY":"Story","DISTRICT_CODE":"18","PRECINCT":"Ames 4-3","POLLING_PLACE":"UNION DRIVE COMMUNITY CENTER","ADDR_LINE_1":"MULTIPURPOSE ROOM 136\r\nISU CAMPUS","CITY_1":"AMES","ZIP":"50011","House_Dist":46,"Senate_Dis":"23","Congressio":"4","SOSID_NEW":"85_18"}},{"type":"Feature","id":1329,"geometry":{"type":"Point","coordinates":[-93.65432079099992,42.02436217400009]},"properties":{"OBJECTID_12":1329,"COUNTY":"Story","DISTRICT_CODE":"19","PRECINCT":"Ames 4-4","POLLING_PLACE":"COLLEGIATE PRESBYTERIAN CHURCH","ADDR_LINE_1":"159 SHELDON AVENUE","CITY_1":"AMES","ZIP":"50014","House_Dist":46,"Senate_Dis":"23","Congressio":"4","SOSID_NEW":"85_19"}},{"type":"Feature","id":1330,"geometry":{"type":"Point","coordinates":[-93.6674045659999,42.03446309200007]},"properties":{"OBJECTID_12":1330,"COUNTY":"Story","DISTRICT_CODE":"20","PRECINCT":"Ames 4-5","POLLING_PLACE":"TRINITY CHRISTIAN REF. CHURCH","ADDR_LINE_1":"3626 ONTARIO STREET","CITY_1":"AMES","ZIP":"50014","House_Dist":46,"Senate_Dis":"23","Congressio":"4","SOSID_NEW":"85_20"}},{"type":"Feature","id":1331,"geometry":{"type":"Point","coordinates":[-93.57007461099994,42.09232289700009]},"properties":{"OBJECTID_12":1331,"COUNTY":"Story","DISTRICT_CODE":"29","PRECINCT":"Milford Twp","POLLING_PLACE":"STORY CO CONSERVATION CENTER","ADDR_LINE_1":"56461 180TH STREET","CITY_1":"AMES","ZIP":"50010","House_Dist":45,"Senate_Dis":"23","Congressio":"4","SOSID_NEW":"85_29"}},{"type":"Feature","id":1332,"geometry":{"type":"Point","coordinates":[-93.6668071169999,41.95147001000004]},"properties":{"OBJECTID_12":1332,"COUNTY":"Story","DISTRICT_CODE":"43","PRECINCT":"Kelley/Washington Twp","POLLING_PLACE":"KELLEY CITY HALL","ADDR_LINE_1":"1111 GRACE STREET","CITY_1":"KELLEY","ZIP":"50134","House_Dist":45,"Senate_Dis":"23","Congressio":"4","SOSID_NEW":"85_43"}},{"type":"Feature","id":1333,"geometry":{"type":"Point","coordinates":[-93.60739704799994,42.00705134600008]},"properties":{"OBJECTID_12":1333,"COUNTY":"Story","DISTRICT_CODE":"1","PRECINCT":"Ames 1-1","POLLING_PLACE":"HARVEST VINEYARD CHURCH","ADDR_LINE_1":"1627 S HIGH AVE","CITY_1":"AMES","ZIP":"50010","House_Dist":45,"Senate_Dis":"23","Congressio":"4","SOSID_NEW":"85_1"}},{"type":"Feature","id":1334,"geometry":{"type":"Point","coordinates":[-93.64887908299994,42.01184280000007]},"properties":{"OBJECTID_12":1334,"COUNTY":"Story","DISTRICT_CODE":"2","PRECINCT":"Ames 1-2","POLLING_PLACE":"UNIVERSITY BAPTIST CHURCH","ADDR_LINE_1":"2400 MORTENSEN PARKWAY","CITY_1":"AMES","ZIP":"50014","House_Dist":45,"Senate_Dis":"23","Congressio":"4","SOSID_NEW":"85_2"}},{"type":"Feature","id":1335,"geometry":{"type":"Point","coordinates":[-93.56157228299992,42.00881827400008]},"properties":{"OBJECTID_12":1335,"COUNTY":"Story","DISTRICT_CODE":"23","PRECINCT":"Grant Twp","POLLING_PLACE":"CROSSROAD BAPTIST CHURCH","ADDR_LINE_1":"57011 US HIGHWAY 30","CITY_1":"AMES","ZIP":"50010","House_Dist":45,"Senate_Dis":"23","Congressio":"4","SOSID_NEW":"85_23"}},{"type":"Feature","id":1336,"geometry":{"type":"Point","coordinates":[-93.63947799599993,41.99930995900007]},"properties":{"OBJECTID_12":1336,"COUNTY":"Story","DISTRICT_CODE":"11","PRECINCT":"Ames 3-1","POLLING_PLACE":"HOLIDAY INN AMES, CHAROLAIS RM","ADDR_LINE_1":"2609 UNIVERSITY BLVD","CITY_1":"AMES","ZIP":"50010","House_Dist":45,"Senate_Dis":"23","Congressio":"4","SOSID_NEW":"85_11"}},{"type":"Feature","id":1337,"geometry":{"type":"Point","coordinates":[-93.65271014899992,42.022753236000085]},"properties":{"OBJECTID_12":1337,"COUNTY":"Story","DISTRICT_CODE":"13","PRECINCT":"Ames 3-3","POLLING_PLACE":"COLL UNITED METHODIST CHURCH","ADDR_LINE_1":"2622 LINCOLN WAY","CITY_1":"AMES","ZIP":"50014","House_Dist":45,"Senate_Dis":"23","Congressio":"4","SOSID_NEW":"85_13"}},{"type":"Feature","id":1338,"geometry":{"type":"Point","coordinates":[-93.6135941199999,42.02214133800004]},"properties":{"OBJECTID_12":1338,"COUNTY":"Story","DISTRICT_CODE":"3","PRECINCT":"Ames 1-3","POLLING_PLACE":"HUMAN SERVICES CENTER","ADDR_LINE_1":"126 S KELLOGG AVENUE","CITY_1":"AMES","ZIP":"50010","House_Dist":45,"Senate_Dis":"23","Congressio":"4","SOSID_NEW":"85_3"}},{"type":"Feature","id":1339,"geometry":{"type":"Point","coordinates":[-93.6121570329999,42.02645026700009]},"properties":{"OBJECTID_12":1339,"COUNTY":"Story","DISTRICT_CODE":"4","PRECINCT":"Ames 1-4","POLLING_PLACE":"AMES PUBLIC LIBRARY AUDITORIUM","ADDR_LINE_1":"515 DOUGLAS AVENUE","CITY_1":"AMES","ZIP":"50010","House_Dist":45,"Senate_Dis":"23","Congressio":"4","SOSID_NEW":"85_4"}},{"type":"Feature","id":1340,"geometry":{"type":"Point","coordinates":[-93.62055460699992,42.05602534700006]},"properties":{"OBJECTID_12":1340,"COUNTY":"Story","DISTRICT_CODE":"5","PRECINCT":"Ames 1-5","POLLING_PLACE":"HEARTLAND BAPTIST CHURCH","ADDR_LINE_1":"3504 GRAND AVE","CITY_1":"AMES","ZIP":"50010","House_Dist":45,"Senate_Dis":"23","Congressio":"4","SOSID_NEW":"85_5"}},{"type":"Feature","id":1341,"geometry":{"type":"Point","coordinates":[-93.60456075699994,42.04016000000007]},"properties":{"OBJECTID_12":1341,"COUNTY":"Story","DISTRICT_CODE":"6","PRECINCT":"Ames 2-1","POLLING_PLACE":"FIRE SERVICE TRAINING BUREAU","ADDR_LINE_1":"ISU CAMPUS","CITY_1":"AMES","ZIP":"50010","House_Dist":45,"Senate_Dis":"23","Congressio":"4","SOSID_NEW":"85_6"}},{"type":"Feature","id":1342,"geometry":{"type":"Point","coordinates":[-93.66999015399995,42.01204793100004]},"properties":{"OBJECTID_12":1342,"COUNTY":"Story","DISTRICT_CODE":"12","PRECINCT":"Ames 3-2","POLLING_PLACE":"AMES MIDDLE SCHOOL, RM B111A","ADDR_LINE_1":"3915 MORTENSEN ROAD","CITY_1":"AMES","ZIP":"50014","House_Dist":45,"Senate_Dis":"23","Congressio":"4","SOSID_NEW":"85_12"}},{"type":"Feature","id":1343,"geometry":{"type":"Point","coordinates":[-93.66304714899991,42.02415069500006]},"properties":{"OBJECTID_12":1343,"COUNTY":"Story","DISTRICT_CODE":"15","PRECINCT":"Ames 3-5","POLLING_PLACE":"ST ANDREWS LUTHERAN CHURCH","ADDR_LINE_1":"209 COLORADO AVENUE","CITY_1":"AMES","ZIP":"50014","House_Dist":45,"Senate_Dis":"23","Congressio":"4","SOSID_NEW":"85_15"}},{"type":"Feature","id":1344,"geometry":{"type":"Point","coordinates":[-93.68209641399994,42.01116912900005]},"properties":{"OBJECTID_12":1344,"COUNTY":"Story","DISTRICT_CODE":"14","PRECINCT":"Ames 3-4","POLLING_PLACE":"HILTON GARDEN INN","ADDR_LINE_1":"1325 DICKINSON AVE","CITY_1":"AMES","ZIP":"50014","House_Dist":45,"Senate_Dis":"23","Congressio":"4","SOSID_NEW":"85_14"}},{"type":"Feature","id":1345,"geometry":{"type":"Point","coordinates":[-94.1491180989999,42.42227147700004]},"properties":{"OBJECTID_12":1345,"COUNTY":"Webster","DISTRICT_CODE":"OT/PV","PRECINCT":"Otho-Pleasant Valley Township","POLLING_PLACE":"OTHO COMMUNITY CENTER","ADDR_LINE_1":"220 RAKE ST","CITY_1":"OTHO","ZIP":"50569","House_Dist":48,"Senate_Dis":"24","Congressio":"4","SOSID_NEW":"94_OT/PV"}},{"type":"Feature","id":1346,"geometry":{"type":"Point","coordinates":[-94.05120670799994,42.358347511000034]},"properties":{"OBJECTID_12":1346,"COUNTY":"Webster","DISTRICT_CODE":"SWYH","PRECINCT":"Sumner-Webster-Yell-Hardin Township","POLLING_PLACE":"LEHIGH MUNICIPAL BUILDING","ADDR_LINE_1":"241 ELM ST","CITY_1":"LEHIGH","ZIP":"50557","House_Dist":48,"Senate_Dis":"24","Congressio":"4","SOSID_NEW":"94_SWYH"}},{"type":"Feature","id":1347,"geometry":{"type":"Point","coordinates":[-94.06963807199992,42.26043277400004]},"properties":{"OBJECTID_12":1347,"COUNTY":"Webster","DISTRICT_CODE":"DA/BU","PRECINCT":"Dayton-Burnside Township","POLLING_PLACE":"DAYTON COMMUNITY CENTER","ADDR_LINE_1":"104 1ST ST NW","CITY_1":"DAYTON","ZIP":"50530","House_Dist":48,"Senate_Dis":"24","Congressio":"4","SOSID_NEW":"94_DA/BU"}},{"type":"Feature","id":1348,"geometry":{"type":"Point","coordinates":[-93.6411575109999,42.104949230000045]},"properties":{"OBJECTID_12":1348,"COUNTY":"Story","DISTRICT_CODE":"22","PRECINCT":"Gilbert/Franklin Twp","POLLING_PLACE":"GILBERT LUTHERAN CHURCH","ADDR_LINE_1":"135 SCHOOL STREET","CITY_1":"GILBERT","ZIP":"50105","House_Dist":48,"Senate_Dis":"24","Congressio":"4","SOSID_NEW":"85_22"}},{"type":"Feature","id":1349,"geometry":{"type":"Point","coordinates":[-93.67947748899991,41.88022058300004]},"properties":{"OBJECTID_12":1349,"COUNTY":"Story","DISTRICT_CODE":"39","PRECINCT":"Slater/Sheldahl","POLLING_PLACE":"SLATER LOG CABIN","ADDR_LINE_1":"305 BENTON STREET","CITY_1":"SLATER","ZIP":"50244","House_Dist":48,"Senate_Dis":"24","Congressio":"4","SOSID_NEW":"85_39"}},{"type":"Feature","id":1350,"geometry":{"type":"Point","coordinates":[-93.30502725999992,41.90156126200009]},"properties":{"OBJECTID_12":1350,"COUNTY":"Story","DISTRICT_CODE":"21","PRECINCT":"Collins/Collins Twp","POLLING_PLACE":"COLLINS AREA COMMUNITY CENTER","ADDR_LINE_1":"219 MAIN STREET","CITY_1":"COLLINS","ZIP":"50055","House_Dist":49,"Senate_Dis":"25","Congressio":"4","SOSID_NEW":"85_21"}},{"type":"Feature","id":1351,"geometry":{"type":"Point","coordinates":[-93.5004915429999,42.16783434200005]},"properties":{"OBJECTID_12":1351,"COUNTY":"Story","DISTRICT_CODE":"24","PRECINCT":"Roland/Howard Twp","POLLING_PLACE":"ROLAND AREA COMMUNITY CENTER","ADDR_LINE_1":"208 N MAIN","CITY_1":"ROLAND","ZIP":"50236","House_Dist":49,"Senate_Dis":"25","Congressio":"4","SOSID_NEW":"85_24"}},{"type":"Feature","id":1352,"geometry":{"type":"Point","coordinates":[-93.39970714299994,41.88733025700009]},"properties":{"OBJECTID_12":1352,"COUNTY":"Story","DISTRICT_CODE":"26","PRECINCT":"Maxwell/Indian Creek Twp","POLLING_PLACE":"MAXWELL AREA COMMUNITY CENTER","ADDR_LINE_1":"84 MAIN STREET","CITY_1":"MAXWELL","ZIP":"50161","House_Dist":49,"Senate_Dis":"25","Congressio":"4","SOSID_NEW":"85_26"}},{"type":"Feature","id":1353,"geometry":{"type":"Point","coordinates":[-93.57881382599993,42.185940076000065]},"properties":{"OBJECTID_12":1353,"COUNTY":"Story","DISTRICT_CODE":"27","PRECINCT":"Lafayette Twp","POLLING_PLACE":"EVANGELICAL FREE CHURCH OF STORY CITY","ADDR_LINE_1":"524 RIVER HILLS DRIVE","CITY_1":"STORY CITY","ZIP":"50248","House_Dist":49,"Senate_Dis":"25","Congressio":"4","SOSID_NEW":"85_27"}},{"type":"Feature","id":1354,"geometry":{"type":"Point","coordinates":[-93.59722088899991,42.18710676200004]},"properties":{"OBJECTID_12":1354,"COUNTY":"Story","DISTRICT_CODE":"40","PRECINCT":"Story City ","POLLING_PLACE":"BERTHA BARTLETT PUBLIC LIBRARY","ADDR_LINE_1":"503 BROAD STREET","CITY_1":"STORY CITY","ZIP":"50248","House_Dist":49,"Senate_Dis":"25","Congressio":"4","SOSID_NEW":"85_40"}},{"type":"Feature","id":1355,"geometry":{"type":"Point","coordinates":[-93.29705043899992,42.16099211200009]},"properties":{"OBJECTID_12":1355,"COUNTY":"Story","DISTRICT_CODE":"28","PRECINCT":"Zearing/Lincoln Twp","POLLING_PLACE":"PUBLIC LIBRARY HERITAGE ROOM","ADDR_LINE_1":"101 E MAIN STREET","CITY_1":"ZEARING","ZIP":"50278","House_Dist":49,"Senate_Dis":"25","Congressio":"4","SOSID_NEW":"85_28"}},{"type":"Feature","id":1356,"geometry":{"type":"Point","coordinates":[-93.40683080399992,42.02261803600004]},"properties":{"OBJECTID_12":1356,"COUNTY":"Story","DISTRICT_CODE":"34","PRECINCT":"Nevada Twp","POLLING_PLACE":"RAY LOUNSBERRY'S SHED","ADDR_LINE_1":"64923 LINCOLN HIGHWAY","CITY_1":"NEVADA","ZIP":"50201","House_Dist":49,"Senate_Dis":"25","Congressio":"4","SOSID_NEW":"85_34"}},{"type":"Feature","id":1357,"geometry":{"type":"Point","coordinates":[-93.31453091299994,42.01848276900006]},"properties":{"OBJECTID_12":1357,"COUNTY":"Story","DISTRICT_CODE":"35","PRECINCT":"Colo/New Albany Twp","POLLING_PLACE":"COLO LIBRARY/COMMUNITY CENTER","ADDR_LINE_1":"309 MAIN STREET","CITY_1":"COLO","ZIP":"50056","House_Dist":49,"Senate_Dis":"25","Congressio":"4","SOSID_NEW":"85_35"}},{"type":"Feature","id":1358,"geometry":{"type":"Point","coordinates":[-93.39654042399991,42.07056288200005]},"properties":{"OBJECTID_12":1358,"COUNTY":"Story","DISTRICT_CODE":"37","PRECINCT":"Richland Twp","POLLING_PLACE":"DENNIS WILKENING'S SHED","ADDR_LINE_1":"65458 RICHLAND STREET","CITY_1":"NEVADA","ZIP":"50201","House_Dist":49,"Senate_Dis":"25","Congressio":"4","SOSID_NEW":"85_37"}},{"type":"Feature","id":1359,"geometry":{"type":"Point","coordinates":[-93.2901039379999,42.078211027000066]},"properties":{"OBJECTID_12":1359,"COUNTY":"Story","DISTRICT_CODE":"38","PRECINCT":"Sherman Twp","POLLING_PLACE":"SHERMAN TWP COMMUNITY HALL","ADDR_LINE_1":"18990 710TH AVENUE","CITY_1":"COLO","ZIP":"50056","House_Dist":49,"Senate_Dis":"25","Congressio":"4","SOSID_NEW":"85_38"}},{"type":"Feature","id":1360,"geometry":{"type":"Point","coordinates":[-93.52799580699991,41.89956966500006]},"properties":{"OBJECTID_12":1360,"COUNTY":"Story","DISTRICT_CODE":"41","PRECINCT":"Cambridge/Union Twp","POLLING_PLACE":"CAMBRIDGE FIRE STATION","ADDR_LINE_1":"304 RIVER STREET","CITY_1":"CAMBRIDGE","ZIP":"50046","House_Dist":49,"Senate_Dis":"25","Congressio":"4","SOSID_NEW":"85_41"}},{"type":"Feature","id":1361,"geometry":{"type":"Point","coordinates":[-93.39107762999993,42.164489839000055]},"properties":{"OBJECTID_12":1361,"COUNTY":"Story","DISTRICT_CODE":"42","PRECINCT":"McCallsburg/Warren Twp","POLLING_PLACE":"AMERICAN LEGION HALL","ADDR_LINE_1":"80 S. 4TH STREET","CITY_1":"MCCALLSBURG","ZIP":"50154","House_Dist":49,"Senate_Dis":"25","Congressio":"4","SOSID_NEW":"85_42"}},{"type":"Feature","id":1362,"geometry":{"type":"Point","coordinates":[-93.60624784499993,41.89816959700005]},"properties":{"OBJECTID_12":1362,"COUNTY":"Story","DISTRICT_CODE":"25","PRECINCT":"Huxley","POLLING_PLACE":"3 C'S, SAFE ROOM, NORTH DOOR","ADDR_LINE_1":"515 NORTH MAIN AVENUE","CITY_1":"HUXLEY","ZIP":"50124","House_Dist":49,"Senate_Dis":"25","Congressio":"4","SOSID_NEW":"85_25"}},{"type":"Feature","id":1363,"geometry":{"type":"Point","coordinates":[-93.60624784499993,41.89816959700005]},"properties":{"OBJECTID_12":1363,"COUNTY":"Story","DISTRICT_CODE":"36","PRECINCT":"Palestine Twp","POLLING_PLACE":"3 C'S, SAFE ROOM, SOUTH DOOR","ADDR_LINE_1":"515 NORTH MAIN AVENUE","CITY_1":"HUXLEY","ZIP":"50124","House_Dist":49,"Senate_Dis":"25","Congressio":"4","SOSID_NEW":"85_36"}},{"type":"Feature","id":1364,"geometry":{"type":"Point","coordinates":[-93.45743070499992,42.01859349400007]},"properties":{"OBJECTID_12":1364,"COUNTY":"Story","DISTRICT_CODE":"32","PRECINCT":"Nevada 3","POLLING_PLACE":"4-H HALL, ISU EXTENSION BLDG","ADDR_LINE_1":"220 H AVENUE","CITY_1":"NEVADA","ZIP":"50201","House_Dist":49,"Senate_Dis":"25","Congressio":"4","SOSID_NEW":"85_32"}},{"type":"Feature","id":1365,"geometry":{"type":"Point","coordinates":[-93.45095740499994,42.02128001900007]},"properties":{"OBJECTID_12":1365,"COUNTY":"Story","DISTRICT_CODE":"30","PRECINCT":"Nevada 1","POLLING_PLACE":"FIRST UNITED METHODIST CHURCH","ADDR_LINE_1":"1036 7TH STREET","CITY_1":"NEVADA","ZIP":"50201","House_Dist":49,"Senate_Dis":"25","Congressio":"4","SOSID_NEW":"85_30"}},{"type":"Feature","id":1366,"geometry":{"type":"Point","coordinates":[-93.45231407099993,42.023158838000086]},"properties":{"OBJECTID_12":1366,"COUNTY":"Story","DISTRICT_CODE":"31","PRECINCT":"Nevada 2","POLLING_PLACE":"NEVADA CITY HALL","ADDR_LINE_1":"1209 6TH STREET","CITY_1":"NEVADA","ZIP":"50201","House_Dist":49,"Senate_Dis":"25","Congressio":"4","SOSID_NEW":"85_31"}},{"type":"Feature","id":1367,"geometry":{"type":"Point","coordinates":[-93.43993391399994,42.01955971000007]},"properties":{"OBJECTID_12":1367,"COUNTY":"Story","DISTRICT_CODE":"33","PRECINCT":"Nevada 4","POLLING_PLACE":"GATES HALL","ADDR_LINE_1":"825 15TH STREET","CITY_1":"NEVADA","ZIP":"50201","House_Dist":49,"Senate_Dis":"25","Congressio":"4","SOSID_NEW":"85_33"}},{"type":"Feature","id":1368,"geometry":{"type":"Point","coordinates":[-93.4181359609999,43.24880659100006]},"properties":{"OBJECTID_12":1368,"COUNTY":"Worth","DISTRICT_CODE":"W24","PRECINCT":"Fertile","POLLING_PLACE":"FERTILE CITY HALL","ADDR_LINE_1":"3494 EAGLE AVE","CITY_1":"FERTILE","ZIP":"50434","House_Dist":54,"Senate_Dis":"27","Congressio":"4","SOSID_NEW":"17_W24"}},{"type":"Feature","id":1369,"geometry":{"type":"Point","coordinates":[-96.28777819499993,42.30820569000008]},"properties":{"OBJECTID_12":1369,"COUNTY":"Woodbury","DISTRICT_CODE":"31","PRECINCT":"31 Salix/Lib-Lak Twp","POLLING_PLACE":"31 SALIX CITY HALL","ADDR_LINE_1":"319 TIPTON ST","CITY_1":"SALIX","ZIP":"51052","House_Dist":6,"Senate_Dis":"3","Congressio":"4","SOSID_NEW":"97_31"}},{"type":"Feature","id":1370,"geometry":{"type":"Point","coordinates":[-96.2122033949999,42.41021067300005]},"properties":{"OBJECTID_12":1370,"COUNTY":"Woodbury","DISTRICT_CODE":"32","PRECINCT":"32 Bronson/Flo-Grg Twp","POLLING_PLACE":"32 FLOYD TOWNSHIP BUILDING","ADDR_LINE_1":"118 PINE ST","CITY_1":"BRONSON","ZIP":"51007","House_Dist":6,"Senate_Dis":"3","Congressio":"4","SOSID_NEW":"97_32"}},{"type":"Feature","id":1371,"geometry":{"type":"Point","coordinates":[-96.34509486299993,42.45254587000005]},"properties":{"OBJECTID_12":1371,"COUNTY":"Woodbury","DISTRICT_CODE":"28","PRECINCT":"28 Redeemer Lutheran Church/Woodbury Twp","POLLING_PLACE":"28 REDEEMER LUTHERAN CHURCH","ADDR_LINE_1":"3204 S LAKEPORT ST","CITY_1":"SIOUX CITY","ZIP":"51106","House_Dist":6,"Senate_Dis":"3","Congressio":"4","SOSID_NEW":"97_28"}},{"type":"Feature","id":1372,"geometry":{"type":"Point","coordinates":[-96.34795649499995,42.39668283200007]},"properties":{"OBJECTID_12":1372,"COUNTY":"Woodbury","DISTRICT_CODE":"29","PRECINCT":"29 Sgt Bluff East/Woodbury Twp","POLLING_PLACE":"SGT. BLUFF COMMUNITY CTR.","ADDR_LINE_1":"903 TOPAZ DR","CITY_1":"SERGEANT BLUFF","ZIP":"51054","House_Dist":6,"Senate_Dis":"3","Congressio":"4","SOSID_NEW":"97_29"}},{"type":"Feature","id":1373,"geometry":{"type":"Point","coordinates":[-96.34795649499995,42.39668283200007]},"properties":{"OBJECTID_12":1373,"COUNTY":"Woodbury","DISTRICT_CODE":"30","PRECINCT":"30 Sgt Bluff West","POLLING_PLACE":"30 SGT. BLUFF COMMUNITY CTR.","ADDR_LINE_1":"903 TOPAZ DR","CITY_1":"SERGEANT BLUFF","ZIP":"51054","House_Dist":6,"Senate_Dis":"3","Congressio":"4","SOSID_NEW":"97_30"}},{"type":"Feature","id":1374,"geometry":{"type":"Point","coordinates":[-96.35487008199993,42.47074663600006]},"properties":{"OBJECTID_12":1374,"COUNTY":"Woodbury","DISTRICT_CODE":"22","PRECINCT":"22 Morningside Branch Library","POLLING_PLACE":"22 MORNINGSIDE BRANCH LIBRARY","ADDR_LINE_1":"4005 MORNINGSIDE AVE","CITY_1":"SIOUX CITY","ZIP":"51106","House_Dist":6,"Senate_Dis":"3","Congressio":"4","SOSID_NEW":"97_22"}},{"type":"Feature","id":1375,"geometry":{"type":"Point","coordinates":[-96.37062092499991,42.48588674500007]},"properties":{"OBJECTID_12":1375,"COUNTY":"Woodbury","DISTRICT_CODE":"23","PRECINCT":"23 Third Presbyterian Church","POLLING_PLACE":"23 THIRD PRESBYTERIAN CHURCH","ADDR_LINE_1":"2925 CHICAGO AVE","CITY_1":"SIOUX CITY","ZIP":"51106","House_Dist":6,"Senate_Dis":"3","Congressio":"4","SOSID_NEW":"97_23"}},{"type":"Feature","id":1376,"geometry":{"type":"Point","coordinates":[-96.3595939359999,42.463229030000036]},"properties":{"OBJECTID_12":1376,"COUNTY":"Woodbury","DISTRICT_CODE":"24","PRECINCT":"24 Washington Heights Chapel","POLLING_PLACE":"24 WASHINGTON HEIGHTS CHAPEL","ADDR_LINE_1":"2600 S ST MARY'S ST","CITY_1":"SIOUX CITY","ZIP":"51106","House_Dist":6,"Senate_Dis":"3","Congressio":"4","SOSID_NEW":"97_24"}},{"type":"Feature","id":1377,"geometry":{"type":"Point","coordinates":[-96.3609711229999,42.47240484000008]},"properties":{"OBJECTID_12":1377,"COUNTY":"Woodbury","DISTRICT_CODE":"25","PRECINCT":"25 Morningside College Eppley Aud","POLLING_PLACE":"25 MORNINGSIDE COLLEGE EPPLEY AUDITORIUM","ADDR_LINE_1":"3625 GARRETSON AVE","CITY_1":"SIOUX CITY","ZIP":"51106","House_Dist":6,"Senate_Dis":"3","Congressio":"4","SOSID_NEW":"97_25"}},{"type":"Feature","id":1378,"geometry":{"type":"Point","coordinates":[-96.33820080899994,42.45878723100009]},"properties":{"OBJECTID_12":1378,"COUNTY":"Woodbury","DISTRICT_CODE":"26","PRECINCT":"26 East Middle School","POLLING_PLACE":"26 EAST MIDDLE SCHOOL","ADDR_LINE_1":"5401 LORRAINE AVE","CITY_1":"SIOUX CITY","ZIP":"51106","House_Dist":6,"Senate_Dis":"3","Congressio":"4","SOSID_NEW":"97_26"}},{"type":"Feature","id":1379,"geometry":{"type":"Point","coordinates":[-96.3408535339999,42.46901933500004]},"properties":{"OBJECTID_12":1379,"COUNTY":"Woodbury","DISTRICT_CODE":"27","PRECINCT":"27 St James United Methodist Church","POLLING_PLACE":"27 ST JAMES METHODIST CHURCH","ADDR_LINE_1":"2032 S CYPRESS ST","CITY_1":"SIOUX CITY","ZIP":"51106","House_Dist":6,"Senate_Dis":"3","Congressio":"4","SOSID_NEW":"97_27"}},{"type":"Feature","id":1380,"geometry":{"type":"Point","coordinates":[-95.86952058899993,42.54729684900008]},"properties":{"OBJECTID_12":1380,"COUNTY":"Woodbury","DISTRICT_CODE":"33","PRECINCT":"33 Pierson/Rutland Twp","POLLING_PLACE":"33 KINGSLEY-PIERSON MIDDLE SCH","ADDR_LINE_1":"321 4TH ST","CITY_1":"PIERSON","ZIP":"51048","House_Dist":5,"Senate_Dis":"3","Congressio":"4","SOSID_NEW":"97_33"}},{"type":"Feature","id":1381,"geometry":{"type":"Point","coordinates":[-95.78611361899993,42.47381894800009]},"properties":{"OBJECTID_12":1381,"COUNTY":"Woodbury","DISTRICT_CODE":"34","PRECINCT":"34 Correctionville/Ked-Uni Twp","POLLING_PLACE":"34 CORRECTIONVILLE COMM BLDG","ADDR_LINE_1":"312 DRIFTWOOD ST","CITY_1":"CORRECTIONVILLE","ZIP":"51016","House_Dist":5,"Senate_Dis":"3","Congressio":"4","SOSID_NEW":"97_34"}},{"type":"Feature","id":1382,"geometry":{"type":"Point","coordinates":[-96.06034641699995,42.489339880000045]},"properties":{"OBJECTID_12":1382,"COUNTY":"Woodbury","DISTRICT_CODE":"35","PRECINCT":"35 Moville/Arl-Mov-Wol Twp","POLLING_PLACE":"35 MOVILLE COMMUNITY CENTER","ADDR_LINE_1":"815 MAIN ST","CITY_1":"MOVILLE","ZIP":"51039","House_Dist":5,"Senate_Dis":"3","Congressio":"4","SOSID_NEW":"97_35"}},{"type":"Feature","id":1383,"geometry":{"type":"Point","coordinates":[-96.18380315899992,42.478849334000074]},"properties":{"OBJECTID_12":1383,"COUNTY":"Woodbury","DISTRICT_CODE":"36","PRECINCT":"36 Lawton/Banner Twp","POLLING_PLACE":"36 LAWTON FRIENDSHIP CENTER","ADDR_LINE_1":"300 CEDAR ST","CITY_1":"LAWTON","ZIP":"51030","House_Dist":5,"Senate_Dis":"3","Congressio":"4","SOSID_NEW":"97_36"}},{"type":"Feature","id":1384,"geometry":{"type":"Point","coordinates":[-96.08153107699991,42.343116326000086]},"properties":{"OBJECTID_12":1384,"COUNTY":"Woodbury","DISTRICT_CODE":"37","PRECINCT":"37 Climbing Hill/Grt-Wes Twp","POLLING_PLACE":"37 W.C. PUBLIC SAFETY CENTER","ADDR_LINE_1":"121 DEER RUN TRL","CITY_1":"CLIMBING HILL","ZIP":"51015","House_Dist":5,"Senate_Dis":"3","Congressio":"4","SOSID_NEW":"97_37"}},{"type":"Feature","id":1385,"geometry":{"type":"Point","coordinates":[-93.61417338299992,42.846600152000065]},"properties":{"OBJECTID_12":1385,"COUNTY":"Wright","DISTRICT_CODE":"BM","PRECINCT":"Belmond","POLLING_PLACE":"BELMOND CITY HALL","ADDR_LINE_1":"112 2ND AVE NE","CITY_1":"BELMOND","ZIP":"50421","House_Dist":8,"Senate_Dis":"4","Congressio":"4","SOSID_NEW":"99_BM"}},{"type":"Feature","id":1386,"geometry":{"type":"Point","coordinates":[-93.73409843699994,42.73035114900006]},"properties":{"OBJECTID_12":1386,"COUNTY":"Wright","DISTRICT_CODE":"Big_6","PRECINCT":"Big 6","POLLING_PLACE":"ISU EXTENSION OFFICE","ADDR_LINE_1":"210 1ST ST. SW","CITY_1":"CLARION","ZIP":"50525","House_Dist":8,"Senate_Dis":"4","Congressio":"4","SOSID_NEW":"99_Big_6"}},{"type":"Feature","id":1387,"geometry":{"type":"Point","coordinates":[-93.73274201299995,42.73184885900008]},"properties":{"OBJECTID_12":1387,"COUNTY":"Wright","DISTRICT_CODE":"CL","PRECINCT":"Clarion","POLLING_PLACE":"CLARION COURTHOUSE","ADDR_LINE_1":"115 N MAIN","CITY_1":"CLARION","ZIP":"50525","House_Dist":8,"Senate_Dis":"4","Congressio":"4","SOSID_NEW":"99_CL"}},{"type":"Feature","id":1388,"geometry":{"type":"Point","coordinates":[-93.50150549999995,42.65651628400008]},"properties":{"OBJECTID_12":1388,"COUNTY":"Wright","DISTRICT_CODE":"Dows","PRECINCT":"Dows","POLLING_PLACE":"DOWS CONVENTION CENTER/CITY HALL","ADDR_LINE_1":"119 ELLSWORTH ST","CITY_1":"DOWS","ZIP":"50071","House_Dist":8,"Senate_Dis":"4","Congressio":"4","SOSID_NEW":"99_Dows"}},{"type":"Feature","id":1389,"geometry":{"type":"Point","coordinates":[-93.9204803799999,42.735402356000066]},"properties":{"OBJECTID_12":1389,"COUNTY":"Wright","DISTRICT_CODE":"Gldfld","PRECINCT":"Goldfield","POLLING_PLACE":"GOLDFIELD LEGION HALL","ADDR_LINE_1":"505 N MAIN ST.","CITY_1":"GOLDFIELD","ZIP":"50542","House_Dist":8,"Senate_Dis":"4","Congressio":"4","SOSID_NEW":"99_Gldfld"}},{"type":"Feature","id":1390,"geometry":{"type":"Point","coordinates":[-93.90160360899995,42.66292291900004]},"properties":{"OBJECTID_12":1390,"COUNTY":"Wright","DISTRICT_CODE":"EG1","PRECINCT":"Eagle Grove Pct 1","POLLING_PLACE":"MEMORIAL HALL","ADDR_LINE_1":"200 S. PARK AVE","CITY_1":"EAGLE GROVE","ZIP":"50533","House_Dist":8,"Senate_Dis":"4","Congressio":"4","SOSID_NEW":"99_EG1"}},{"type":"Feature","id":1391,"geometry":{"type":"Point","coordinates":[-93.90160360899995,42.66292291900004]},"properties":{"OBJECTID_12":1391,"COUNTY":"Wright","DISTRICT_CODE":"EG2","PRECINCT":"Eagle Grove Pct 2","POLLING_PLACE":"MEMORIAL HALL","ADDR_LINE_1":"200 S. PARK AVE","CITY_1":"EAGLE GROVE","ZIP":"50533","House_Dist":8,"Senate_Dis":"4","Congressio":"4","SOSID_NEW":"99_EG2"}},{"type":"Feature","id":1392,"geometry":{"type":"Point","coordinates":[-93.90160360899995,42.66292291900004]},"properties":{"OBJECTID_12":1392,"COUNTY":"Wright","DISTRICT_CODE":"EG3","PRECINCT":"Eagle Grove Pct 3","POLLING_PLACE":"MEMORIAL HALL","ADDR_LINE_1":"200 S. PARK AVE","CITY_1":"EAGLE GROVE","ZIP":"50533","House_Dist":8,"Senate_Dis":"4","Congressio":"4","SOSID_NEW":"99_EG3"}},{"type":"Feature","id":1393,"geometry":{"type":"Point","coordinates":[-93.90160360899995,42.66292291900004]},"properties":{"OBJECTID_12":1393,"COUNTY":"Wright","DISTRICT_CODE":"EG4","PRECINCT":"Eagle Grove Pct 4","POLLING_PLACE":"MEMORIAL HALL","ADDR_LINE_1":"200 S. PARK AVE","CITY_1":"EAGLE GROVE","ZIP":"50533","House_Dist":8,"Senate_Dis":"4","Congressio":"4","SOSID_NEW":"99_EG4"}},{"type":"Feature","id":1394,"geometry":{"type":"Point","coordinates":[-93.90160360899995,42.66292291900004]},"properties":{"OBJECTID_12":1394,"COUNTY":"Wright","DISTRICT_CODE":"RuralEG","PRECINCT":"Rural Eagle Grove","POLLING_PLACE":"MEMORIAL HALL","ADDR_LINE_1":"200 S. PARK AVE","CITY_1":"EAGLE GROVE","ZIP":"50533","House_Dist":8,"Senate_Dis":"4","Congressio":"4","SOSID_NEW":"99_RuralEG"}},{"type":"Feature","id":1395,"geometry":{"type":"Point","coordinates":[-93.63689591499991,43.33810063000004]},"properties":{"OBJECTID_12":1395,"COUNTY":"Winnebago","DISTRICT_CODE":"NEFOD1","PRECINCT":"Newton Forest D1 Precinct","POLLING_PLACE":"LELAND COMMUNITY CENTER","ADDR_LINE_1":"202 2ND AVE W","CITY_1":"LELAND","ZIP":"50453","House_Dist":7,"Senate_Dis":"4","Congressio":"4","SOSID_NEW":"95_NEFOD1"}},{"type":"Feature","id":1396,"geometry":{"type":"Point","coordinates":[-93.61706853499993,43.47035985200006]},"properties":{"OBJECTID_12":1396,"COUNTY":"Winnebago","DISTRICT_CODE":"EDLONO","PRECINCT":"Eden Logan Norway Precinct","POLLING_PLACE":"SCARVILLE COMMUNITY CENTER","ADDR_LINE_1":"121 MAIN ST","CITY_1":"SCARVILLE","ZIP":"50473","House_Dist":7,"Senate_Dis":"4","Congressio":"4","SOSID_NEW":"95_EDLONO"}},{"type":"Feature","id":1397,"geometry":{"type":"Point","coordinates":[-93.53267347999991,43.41928004300007]},"properties":{"OBJECTID_12":1397,"COUNTY":"Winnebago","DISTRICT_CODE":"CENTER","PRECINCT":"Center Precinct","POLLING_PLACE":"HELGESON CIVIC CENTER, LAKE MILLS","ADDR_LINE_1":"105 W MAIN","CITY_1":"LAKE MILLS","ZIP":"50450","House_Dist":7,"Senate_Dis":"4","Congressio":"4","SOSID_NEW":"95_CENTER"}},{"type":"Feature","id":1398,"geometry":{"type":"Point","coordinates":[-93.94742495399993,43.384875967000085]},"properties":{"OBJECTID_12":1398,"COUNTY":"Winnebago","DISTRICT_CODE":"BUGRLC","PRECINCT":"Buffalo Grant Lincoln Precinct","POLLING_PLACE":"HERITAGE TOWN CENTER","ADDR_LINE_1":"201 2ND AVE SW","CITY_1":"BUFFALO CENTER","ZIP":"50524","House_Dist":7,"Senate_Dis":"4","Congressio":"4","SOSID_NEW":"95_BUGRLC"}},{"type":"Feature","id":1399,"geometry":{"type":"Point","coordinates":[-93.77107770399994,43.370813955000074]},"properties":{"OBJECTID_12":1399,"COUNTY":"Winnebago","DISTRICT_CODE":"KILI","PRECINCT":"King Linden Precinct","POLLING_PLACE":"THOMPSON PUBLIC LIBRARY","ADDR_LINE_1":"142 JACKSON ST N","CITY_1":"THOMPSON","ZIP":"50478","House_Dist":7,"Senate_Dis":"4","Congressio":"4","SOSID_NEW":"95_KILI"}},{"type":"Feature","id":1400,"geometry":{"type":"Point","coordinates":[-93.6387240169999,43.26548960100007]},"properties":{"OBJECTID_12":1400,"COUNTY":"Winnebago","DISTRICT_CODE":"FC 1","PRECINCT":"Forest City Ward 1 Precinct","POLLING_PLACE":"FOREST CITY CIVIC AUDITORIUM","ADDR_LINE_1":"146 WEST L","CITY_1":"FOREST CITY","ZIP":"50436","House_Dist":7,"Senate_Dis":"4","Congressio":"4","SOSID_NEW":"95_FC 1"}},{"type":"Feature","id":1401,"geometry":{"type":"Point","coordinates":[-93.6384916429999,43.262050772000066]},"properties":{"OBJECTID_12":1401,"COUNTY":"Winnebago","DISTRICT_CODE":"FC 4","PRECINCT":"Forest City Ward 4 Precinct","POLLING_PLACE":"IMMANUEL LUTHERAN CHURCH, FOREST CITY","ADDR_LINE_1":"246 S CLARK","CITY_1":"FOREST CITY","ZIP":"50436","House_Dist":7,"Senate_Dis":"4","Congressio":"4","SOSID_NEW":"95_FC 4"}},{"type":"Feature","id":1402,"geometry":{"type":"Point","coordinates":[-93.63274299599993,43.26431169600005]},"properties":{"OBJECTID_12":1402,"COUNTY":"Winnebago","DISTRICT_CODE":"MVFOD2","PRECINCT":"Mt. Valley Forest D2 Precinct","POLLING_PLACE":"TSB COMMUNITY ROOM","ADDR_LINE_1":"101 HWY 69 N","CITY_1":"FOREST CITY","ZIP":"50436","House_Dist":7,"Senate_Dis":"4","Congressio":"4","SOSID_NEW":"95_MVFOD2"}},{"type":"Feature","id":1403,"geometry":{"type":"Point","coordinates":[-93.64664278499993,43.269187113000044]},"properties":{"OBJECTID_12":1403,"COUNTY":"Winnebago","DISTRICT_CODE":"FC 2","PRECINCT":"Forest City Ward 2 Precinct","POLLING_PLACE":"CALVARY BAPTIST CHURCH, FOREST CITY","ADDR_LINE_1":"646 N BEST ST","CITY_1":"FOREST CITY","ZIP":"50436","House_Dist":7,"Senate_Dis":"4","Congressio":"4","SOSID_NEW":"95_FC 2"}},{"type":"Feature","id":1404,"geometry":{"type":"Point","coordinates":[-93.6386785059999,43.25954403900005]},"properties":{"OBJECTID_12":1404,"COUNTY":"Winnebago","DISTRICT_CODE":"FC3D3","PRECINCT":"FC3 Forest D3 Precinct","POLLING_PLACE":"AMERICAN LEGION HALL, FOREST CITY","ADDR_LINE_1":"S CLARK ST","CITY_1":"FOREST CITY","ZIP":"50436","House_Dist":7,"Senate_Dis":"4","Congressio":"4","SOSID_NEW":"95_FC3D3"}},{"type":"Feature","id":1405,"geometry":{"type":"Point","coordinates":[-94.33833100899994,42.58744669500004]},"properties":{"OBJECTID_12":1405,"COUNTY":"Webster","DISTRICT_CODE":"DJ","PRECINCT":"Deer Creek-Jackson Township","POLLING_PLACE":"CLARE COMMUNITY CENTER","ADDR_LINE_1":"520 E FRONT ST","CITY_1":"CLARE","ZIP":"50524","House_Dist":9,"Senate_Dis":"5","Congressio":"4","SOSID_NEW":"94_DJ"}},{"type":"Feature","id":1406,"geometry":{"type":"Point","coordinates":[-94.14570079399994,42.61488654100003]},"properties":{"OBJECTID_12":1406,"COUNTY":"Webster","DISTRICT_CODE":"BD/NWC","PRECINCT":"Badger-NW Cooper Township","POLLING_PLACE":"BADGER FIRE STATION","ADDR_LINE_1":"150 1ST AVE SE","CITY_1":"BADGER","ZIP":"50516","House_Dist":9,"Senate_Dis":"5","Congressio":"4","SOSID_NEW":"94_BD/NWC"}},{"type":"Feature","id":1407,"geometry":{"type":"Point","coordinates":[-93.99579738999995,42.46980023300006]},"properties":{"OBJECTID_12":1407,"COUNTY":"Webster","DISTRICT_CODE":"CD","PRECINCT":"Colfax-Duncombe Township","POLLING_PLACE":"DUNCOMBE TORNADO SHELTER","ADDR_LINE_1":"510 FOLGER ST","CITY_1":"DUNCOMBE","ZIP":"50532","House_Dist":9,"Senate_Dis":"5","Congressio":"4","SOSID_NEW":"94_CD"}},{"type":"Feature","id":1408,"geometry":{"type":"Point","coordinates":[-93.99579738999995,42.46980023300006]},"properties":{"OBJECTID_12":1408,"COUNTY":"Webster","DISTRICT_CODE":"WA","PRECINCT":"Washington Township","POLLING_PLACE":"DUNCOMBE COMMUNITY CENTER","ADDR_LINE_1":"510 FOLGER ST","CITY_1":"DUNCOMBE","ZIP":"50532","House_Dist":9,"Senate_Dis":"5","Congressio":"4","SOSID_NEW":"94_WA"}},{"type":"Feature","id":1409,"geometry":{"type":"Point","coordinates":[-94.19717319599994,42.45872768600009]},"properties":{"OBJECTID_12":1409,"COUNTY":"Webster","DISTRICT_CODE":"EL","PRECINCT":"Elkhorn Township","POLLING_PLACE":"WEBSTER COUNTY FAIR AND 4H BUILDING","ADDR_LINE_1":"22770 OLD HWY 169","CITY_1":"FT DODGE","ZIP":"50501","House_Dist":9,"Senate_Dis":"5","Congressio":"4","SOSID_NEW":"94_EL"}},{"type":"Feature","id":1410,"geometry":{"type":"Point","coordinates":[-94.02051644799991,42.59183537300004]},"properties":{"OBJECTID_12":1410,"COUNTY":"Webster","DISTRICT_CODE":"NE","PRECINCT":"Newark Township","POLLING_PLACE":"VINCENT FIRE STATION","ADDR_LINE_1":"102 S 1ST ST","CITY_1":"VINCENT","ZIP":"50594","House_Dist":9,"Senate_Dis":"5","Congressio":"4","SOSID_NEW":"94_NE"}},{"type":"Feature","id":1411,"geometry":{"type":"Point","coordinates":[-94.18573344599992,42.52104692000006]},"properties":{"OBJECTID_12":1411,"COUNTY":"Webster","DISTRICT_CODE":"1","PRECINCT":"Fd # 1","POLLING_PLACE":"FEELHAVER SCHOOL","ADDR_LINE_1":"1300 14TH AVE N","CITY_1":"FT DODGE","ZIP":"50501","House_Dist":9,"Senate_Dis":"5","Congressio":"4","SOSID_NEW":"94_1"}},{"type":"Feature","id":1412,"geometry":{"type":"Point","coordinates":[-94.18416646299994,42.51067270200008]},"properties":{"OBJECTID_12":1412,"COUNTY":"Webster","DISTRICT_CODE":"2","PRECINCT":"Fd # 2","POLLING_PLACE":"FIRST PRESBYTERIAN CHURCH","ADDR_LINE_1":"1111 5TH AVE N","CITY_1":"FORT DODGE","ZIP":"50501","House_Dist":9,"Senate_Dis":"5","Congressio":"4","SOSID_NEW":"94_2"}},{"type":"Feature","id":1413,"geometry":{"type":"Point","coordinates":[-94.1911893059999,42.51511415900006]},"properties":{"OBJECTID_12":1413,"COUNTY":"Webster","DISTRICT_CODE":"3","PRECINCT":"Fd # 3","POLLING_PLACE":"LION'S DEN (IZAAK WALTON)","ADDR_LINE_1":"731 EXPOSITION DR","CITY_1":"FORT DODGE","ZIP":"50501","House_Dist":9,"Senate_Dis":"5","Congressio":"4","SOSID_NEW":"94_3"}},{"type":"Feature","id":1414,"geometry":{"type":"Point","coordinates":[-94.20542089299994,42.49386240200005]},"properties":{"OBJECTID_12":1414,"COUNTY":"Webster","DISTRICT_CODE":"4","PRECINCT":"Fd # 4","POLLING_PLACE":"FIRST COVENANT CHURCH","ADDR_LINE_1":"201 AVENUE H","CITY_1":"FORT DODGE","ZIP":"50501","House_Dist":9,"Senate_Dis":"5","Congressio":"4","SOSID_NEW":"94_4"}},{"type":"Feature","id":1415,"geometry":{"type":"Point","coordinates":[-94.19781703699994,42.487326163000034]},"properties":{"OBJECTID_12":1415,"COUNTY":"Webster","DISTRICT_CODE":"5","PRECINCT":"Fd # 5","POLLING_PLACE":"THOMPKINS CELEBRATION CENTER","ADDR_LINE_1":"420 KENYON ROAD","CITY_1":"FORT DODGE","ZIP":"50501","House_Dist":9,"Senate_Dis":"5","Congressio":"4","SOSID_NEW":"94_5"}},{"type":"Feature","id":1416,"geometry":{"type":"Point","coordinates":[-94.20755611999994,42.48860394400003]},"properties":{"OBJECTID_12":1416,"COUNTY":"Webster","DISTRICT_CODE":"DO","PRECINCT":"Douglas Township","POLLING_PLACE":"LIFEWORKS COMMUNITY SERVICES","ADDR_LINE_1":"127 AVE M","CITY_1":"FT DODGE","ZIP":"50501","House_Dist":9,"Senate_Dis":"5","Congressio":"4","SOSID_NEW":"94_DO"}},{"type":"Feature","id":1417,"geometry":{"type":"Point","coordinates":[-94.19340437699992,42.50428681600005]},"properties":{"OBJECTID_12":1417,"COUNTY":"Webster","DISTRICT_CODE":"6","PRECINCT":"Fd # 6","POLLING_PLACE":"ELDERBRIDGE AGENCY","ADDR_LINE_1":"308 CENTRAL AVE","CITY_1":"FORT DODGE","ZIP":"50501","House_Dist":9,"Senate_Dis":"5","Congressio":"4","SOSID_NEW":"94_6"}},{"type":"Feature","id":1418,"geometry":{"type":"Point","coordinates":[-94.1749774999999,42.50482878300005]},"properties":{"OBJECTID_12":1418,"COUNTY":"Webster","DISTRICT_CODE":"7","PRECINCT":"Fd # 7","POLLING_PLACE":"CENTRAL ADMINISTRATION BLDG","ADDR_LINE_1":"104 S 17TH ST","CITY_1":"FORT DODGE","ZIP":"50501","House_Dist":9,"Senate_Dis":"5","Congressio":"4","SOSID_NEW":"94_7"}},{"type":"Feature","id":1419,"geometry":{"type":"Point","coordinates":[-94.17334343999994,42.49437872700008]},"properties":{"OBJECTID_12":1419,"COUNTY":"Webster","DISTRICT_CODE":"8","PRECINCT":"Fd # 8","POLLING_PLACE":"BUTLER SCHOOL","ADDR_LINE_1":"945 S 18TH ST","CITY_1":"FT DODGE","ZIP":"50501","House_Dist":9,"Senate_Dis":"5","Congressio":"4","SOSID_NEW":"94_8"}},{"type":"Feature","id":1420,"geometry":{"type":"Point","coordinates":[-94.16105302799991,42.492879868000045]},"properties":{"OBJECTID_12":1420,"COUNTY":"Webster","DISTRICT_CODE":"9","PRECINCT":"Fd # 9","POLLING_PLACE":"PRINCE OF PEACE LUTHERAN CHURCH","ADDR_LINE_1":"1023 S 27TH ST","CITY_1":"FT DODGE","ZIP":"50501","House_Dist":9,"Senate_Dis":"5","Congressio":"4","SOSID_NEW":"94_9"}},{"type":"Feature","id":1421,"geometry":{"type":"Point","coordinates":[-94.1644045569999,42.514088392000076]},"properties":{"OBJECTID_12":1421,"COUNTY":"Webster","DISTRICT_CODE":"10","PRECINCT":"Fd #10","POLLING_PLACE":"SENIOR HIGH SCHOOL","ADDR_LINE_1":"819 N 25TH ST","CITY_1":"FORT DODGE","ZIP":"50501","House_Dist":9,"Senate_Dis":"5","Congressio":"4","SOSID_NEW":"94_10"}},{"type":"Feature","id":1422,"geometry":{"type":"Point","coordinates":[-94.14994795099994,42.51372869700003]},"properties":{"OBJECTID_12":1422,"COUNTY":"Webster","DISTRICT_CODE":"CP","PRECINCT":"Cooper Township","POLLING_PLACE":"FORT DODGE MIDDLE SCHOOL","ADDR_LINE_1":"800 N 32ND ST","CITY_1":"FT DODGE","ZIP":"50501","House_Dist":9,"Senate_Dis":"5","Congressio":"4","SOSID_NEW":"94_CP"}},{"type":"Feature","id":1423,"geometry":{"type":"Point","coordinates":[-94.1763856419999,42.51211432100007]},"properties":{"OBJECTID_12":1423,"COUNTY":"Webster","DISTRICT_CODE":"12","PRECINCT":"Fd #12","POLLING_PLACE":"DUNCOMBE SCHOOL","ADDR_LINE_1":"615 N 16TH ST","CITY_1":"FORT DODGE","ZIP":"50501","House_Dist":9,"Senate_Dis":"5","Congressio":"4","SOSID_NEW":"94_12"}},{"type":"Feature","id":1424,"geometry":{"type":"Point","coordinates":[-94.1650729079999,42.520369832000085]},"properties":{"OBJECTID_12":1424,"COUNTY":"Webster","DISTRICT_CODE":"11","PRECINCT":"Fd #11","POLLING_PLACE":"COOPER SCHOOL","ADDR_LINE_1":"1523 N 24TH ST","CITY_1":"FORT DODGE","ZIP":"50501","House_Dist":9,"Senate_Dis":"5","Congressio":"4","SOSID_NEW":"94_11"}},{"type":"Feature","id":1425,"geometry":{"type":"Point","coordinates":[-94.3643172589999,42.505656558000055]},"properties":{"OBJECTID_12":1425,"COUNTY":"Webster","DISTRICT_CODE":"JO","PRECINCT":"Johnson Township","POLLING_PLACE":"MNW ELEMENTARY SCHOOL","ADDR_LINE_1":"303 PIERCE ST","CITY_1":"BARNUM","ZIP":"50518","House_Dist":10,"Senate_Dis":"5","Congressio":"4","SOSID_NEW":"94_JO"}},{"type":"Feature","id":1426,"geometry":{"type":"Point","coordinates":[-94.17627006299995,42.262716400000045]},"properties":{"OBJECTID_12":1426,"COUNTY":"Webster","DISTRICT_CODE":"LG","PRECINCT":"Lost Grove Township","POLLING_PLACE":"HARCOURT LIBRARY","ADDR_LINE_1":"106 W 2ND ST","CITY_1":"HARCOURT","ZIP":"50544","House_Dist":10,"Senate_Dis":"5","Congressio":"4","SOSID_NEW":"94_LG"}},{"type":"Feature","id":1427,"geometry":{"type":"Point","coordinates":[-94.29325101199993,42.361642273000086]},"properties":{"OBJECTID_12":1427,"COUNTY":"Webster","DISTRICT_CODE":"CR","PRECINCT":"Clay-Roland Township","POLLING_PLACE":"CALLENDER COMMUNITY CENTER","ADDR_LINE_1":"505 THOMAS ST","CITY_1":"CALLENDER","ZIP":"50523","House_Dist":10,"Senate_Dis":"5","Congressio":"4","SOSID_NEW":"94_CR"}},{"type":"Feature","id":1428,"geometry":{"type":"Point","coordinates":[-94.29631362599991,42.439904528000056]},"properties":{"OBJECTID_12":1428,"COUNTY":"Webster","DISTRICT_CODE":"FU","PRECINCT":"Fulton Township","POLLING_PLACE":"MOORLAND COMMUNITY CENTER","ADDR_LINE_1":"416 3RD ST","CITY_1":"MOORLAND","ZIP":"50566","House_Dist":10,"Senate_Dis":"5","Congressio":"4","SOSID_NEW":"94_FU"}},{"type":"Feature","id":1429,"geometry":{"type":"Point","coordinates":[-94.29135121399992,42.280596648000085]},"properties":{"OBJECTID_12":1429,"COUNTY":"Webster","DISTRICT_CODE":"GO","PRECINCT":"Gowrie Township","POLLING_PLACE":"GOWRIE COMMUNITY CENTER","ADDR_LINE_1":"1204 MARKET ST","CITY_1":"GOWRIE","ZIP":"50543","House_Dist":10,"Senate_Dis":"5","Congressio":"4","SOSID_NEW":"94_GO"}},{"type":"Feature","id":1430,"geometry":{"type":"Point","coordinates":[-95.2939003759999,42.49816666900006]},"properties":{"OBJECTID_12":1430,"COUNTY":"Sac","DISTRICT_CODE":"1","PRECINCT":"Schaller Pct 1","POLLING_PLACE":"1 SCHALLER PRESBYTERIAN CHURCH","ADDR_LINE_1":"100 W 3RD ST","CITY_1":"SCHALLER","ZIP":"51053","House_Dist":11,"Senate_Dis":"6","Congressio":"4","SOSID_NEW":"81_1"}},{"type":"Feature","id":1431,"geometry":{"type":"Point","coordinates":[-95.08898091399993,42.51552709400005]},"properties":{"OBJECTID_12":1431,"COUNTY":"Sac","DISTRICT_CODE":"2","PRECINCT":"Nemaha Pct 2","POLLING_PLACE":"2 NEMAHA COMM BLDG","ADDR_LINE_1":"312 MAIN ST","CITY_1":"NEMAHA","ZIP":"50567","House_Dist":11,"Senate_Dis":"6","Congressio":"4","SOSID_NEW":"81_2"}},{"type":"Feature","id":1432,"geometry":{"type":"Point","coordinates":[-95.15192987099994,42.461324008000076]},"properties":{"OBJECTID_12":1432,"COUNTY":"Sac","DISTRICT_CODE":"3","PRECINCT":"Early Pct 3","POLLING_PLACE":"3 EARLY FIRE STATION","ADDR_LINE_1":"114 E 2ND ST","CITY_1":"EARLY","ZIP":"50535","House_Dist":11,"Senate_Dis":"6","Congressio":"4","SOSID_NEW":"81_3"}},{"type":"Feature","id":1433,"geometry":{"type":"Point","coordinates":[-94.98862378099994,42.42209548500006]},"properties":{"OBJECTID_12":1433,"COUNTY":"Sac","DISTRICT_CODE":"4","PRECINCT":"Sac City Pct 4","POLLING_PLACE":"4 SAC CO COURTHOUSE","ADDR_LINE_1":"100 NW STATE ST","CITY_1":"SAC CITY ","ZIP":"50583","House_Dist":11,"Senate_Dis":"6","Congressio":"4","SOSID_NEW":"81_4"}},{"type":"Feature","id":1434,"geometry":{"type":"Point","coordinates":[-94.85977118999995,42.42403562700008]},"properties":{"OBJECTID_12":1434,"COUNTY":"Sac","DISTRICT_CODE":"5","PRECINCT":"Lytton Pct 5","POLLING_PLACE":"5 LYTTON COMM ROOM","ADDR_LINE_1":"118 MAIN ST\r\n","CITY_1":"LYTTON","ZIP":"50561","House_Dist":11,"Senate_Dis":"6","Congressio":"4","SOSID_NEW":"81_5"}},{"type":"Feature","id":1435,"geometry":{"type":"Point","coordinates":[-95.25219313699995,42.312119005000056]},"properties":{"OBJECTID_12":1435,"COUNTY":"Sac","DISTRICT_CODE":"6","PRECINCT":"Odebolt Pct 6","POLLING_PLACE":"6 ODEBOLT FIRE STATION","ADDR_LINE_1":"213 W 2ND ST","CITY_1":"ODEBOLT","ZIP":"51458","House_Dist":11,"Senate_Dis":"6","Congressio":"4","SOSID_NEW":"81_6"}},{"type":"Feature","id":1436,"geometry":{"type":"Point","coordinates":[-95.05057905699994,42.305863043000045]},"properties":{"OBJECTID_12":1436,"COUNTY":"Sac","DISTRICT_CODE":"7","PRECINCT":"Lake View Pct 7","POLLING_PLACE":"7 LAKE VIEW FIRE STATION","ADDR_LINE_1":"312 VINE ST","CITY_1":"LAKE VIEW","ZIP":"51450","House_Dist":11,"Senate_Dis":"6","Congressio":"4","SOSID_NEW":"81_7"}},{"type":"Feature","id":1437,"geometry":{"type":"Point","coordinates":[-94.87772519399994,42.250630786000045]},"properties":{"OBJECTID_12":1437,"COUNTY":"Sac","DISTRICT_CODE":"8","PRECINCT":"Auburn Pct 8 ","POLLING_PLACE":"8 AUBURN COMM BLDG","ADDR_LINE_1":"209 PINE ST","CITY_1":"AUBURN","ZIP":"51433","House_Dist":11,"Senate_Dis":"6","Congressio":"4","SOSID_NEW":"81_8"}},{"type":"Feature","id":1438,"geometry":{"type":"Point","coordinates":[-95.09356871099993,42.269839982000065]},"properties":{"OBJECTID_12":1438,"COUNTY":"Sac","DISTRICT_CODE":"9","PRECINCT":"Wall Lake Pct 9","POLLING_PLACE":"9 WALL LAKE COMM BLDG","ADDR_LINE_1":"108 BOYER ST","CITY_1":"WALL LAKE","ZIP":"51466","House_Dist":11,"Senate_Dis":"6","Congressio":"4","SOSID_NEW":"81_9"}},{"type":"Feature","id":1439,"geometry":{"type":"Point","coordinates":[-96.3520511829999,42.52487059500004]},"properties":{"OBJECTID_12":1439,"COUNTY":"Woodbury","DISTRICT_CODE":"15","PRECINCT":"15 Peace Reformed Church/Concord Twp","POLLING_PLACE":"15 PEACE REFORMED CHURCH","ADDR_LINE_1":"4100 OUTER DR N","CITY_1":"SIOUX CITY","ZIP":"51101","House_Dist":13,"Senate_Dis":"7","Congressio":"4","SOSID_NEW":"97_15"}},{"type":"Feature","id":1440,"geometry":{"type":"Point","coordinates":[-96.4022682989999,42.51960874700006]},"properties":{"OBJECTID_12":1440,"COUNTY":"Woodbury","DISTRICT_CODE":"12","PRECINCT":"12 St John Lutheran Church","POLLING_PLACE":"12 ST JOHN LUTHERAN CHURCH","ADDR_LINE_1":"2801 JACKSON ST","CITY_1":"SIOUX CITY","ZIP":"51104","House_Dist":13,"Senate_Dis":"7","Congressio":"4","SOSID_NEW":"97_12"}},{"type":"Feature","id":1441,"geometry":{"type":"Point","coordinates":[-96.37653528699991,42.49437983200005]},"properties":{"OBJECTID_12":1441,"COUNTY":"Woodbury","DISTRICT_CODE":"13","PRECINCT":"13 SC Transit Building","POLLING_PLACE":"13 SIOUX CITY TRANSIT SYSTEM","ADDR_LINE_1":"2505 4TH ST","CITY_1":"SIOUX CITY","ZIP":"51105","House_Dist":13,"Senate_Dis":"7","Congressio":"4","SOSID_NEW":"97_13"}},{"type":"Feature","id":1442,"geometry":{"type":"Point","coordinates":[-96.39602810299994,42.51294896400009]},"properties":{"OBJECTID_12":1442,"COUNTY":"Woodbury","DISTRICT_CODE":"14","PRECINCT":"14 Boys & Girls Home","POLLING_PLACE":"14 BOYS & GIRLS HOME","ADDR_LINE_1":"2101 COURT ST","CITY_1":"SIOUX CITY","ZIP":"51104","House_Dist":13,"Senate_Dis":"7","Congressio":"4","SOSID_NEW":"97_14"}},{"type":"Feature","id":1443,"geometry":{"type":"Point","coordinates":[-96.39151054599995,42.517542279000054]},"properties":{"OBJECTID_12":1443,"COUNTY":"Woodbury","DISTRICT_CODE":"16","PRECINCT":"16 Trimble United Methodist Church","POLLING_PLACE":"16 TRIMBLE UNITED METHODIST CHURCH","ADDR_LINE_1":"1424 27TH ST","CITY_1":"SIOUX CITY","ZIP":"51104","House_Dist":13,"Senate_Dis":"7","Congressio":"4","SOSID_NEW":"97_16"}},{"type":"Feature","id":1444,"geometry":{"type":"Point","coordinates":[-96.39137184899994,42.52601211600006]},"properties":{"OBJECTID_12":1444,"COUNTY":"Woodbury","DISTRICT_CODE":"17","PRECINCT":"17 Sioux City Baptist Church","POLLING_PLACE":"17 SIOUX CITY BAPTIST CHURCH","ADDR_LINE_1":"3222 PAWNEE PL","CITY_1":"SIOUX CITY","ZIP":"51104","House_Dist":13,"Senate_Dis":"7","Congressio":"4","SOSID_NEW":"97_17"}},{"type":"Feature","id":1445,"geometry":{"type":"Point","coordinates":[-96.36142380299992,42.54541919600007]},"properties":{"OBJECTID_12":1445,"COUNTY":"Woodbury","DISTRICT_CODE":"18","PRECINCT":"18 Calvary Lutheran Church","POLLING_PLACE":"18 CALVARY LUTHERAN CHURCH","ADDR_LINE_1":"4400 CENTRAL ST","CITY_1":"SIOUX CITY","ZIP":"51108","House_Dist":13,"Senate_Dis":"7","Congressio":"4","SOSID_NEW":"97_18"}},{"type":"Feature","id":1446,"geometry":{"type":"Point","coordinates":[-96.3744387729999,42.53688931800008]},"properties":{"OBJECTID_12":1446,"COUNTY":"Woodbury","DISTRICT_CODE":"19","PRECINCT":"19 Central Baptist Church","POLLING_PLACE":"19 CENTRAL BAPTIST CHURCH","ADDR_LINE_1":"4001 INDIAN HILLS DR","CITY_1":"SIOUX CITY","ZIP":"51108","House_Dist":13,"Senate_Dis":"7","Congressio":"4","SOSID_NEW":"97_19"}},{"type":"Feature","id":1447,"geometry":{"type":"Point","coordinates":[-96.39638358699995,42.49665965100007]},"properties":{"OBJECTID_12":1447,"COUNTY":"Woodbury","DISTRICT_CODE":"20","PRECINCT":"20 Augustana Lutheran Church","POLLING_PLACE":"20 AUGUSTANA LUTHERAN CHURCH","ADDR_LINE_1":"600 COURT ST","CITY_1":"SIOUX CITY","ZIP":"51101","House_Dist":13,"Senate_Dis":"7","Congressio":"4","SOSID_NEW":"97_20"}},{"type":"Feature","id":1448,"geometry":{"type":"Point","coordinates":[-96.3614133129999,42.48481912900007]},"properties":{"OBJECTID_12":1448,"COUNTY":"Woodbury","DISTRICT_CODE":"21","PRECINCT":"21 Morningside Lutheran Church","POLLING_PLACE":"21 MORNINGSIDE LUTHERAN CHURCH","ADDR_LINE_1":"700 S MARTHA ST","CITY_1":"SIOUX CITY","ZIP":"51106","House_Dist":13,"Senate_Dis":"7","Congressio":"4","SOSID_NEW":"97_21"}},{"type":"Feature","id":1449,"geometry":{"type":"Point","coordinates":[-96.4092206279999,42.535381734000055]},"properties":{"OBJECTID_12":1449,"COUNTY":"Woodbury","DISTRICT_CODE":"01","PRECINCT":"01 Sandy Keane School of Dance","POLLING_PLACE":"01 SANDY KEANE SCHOOL OF DANCE","ADDR_LINE_1":"206 38TH ST","CITY_1":"SIOUX CITY","ZIP":"51104","House_Dist":14,"Senate_Dis":"7","Congressio":"4","SOSID_NEW":"97_01"}},{"type":"Feature","id":1450,"geometry":{"type":"Point","coordinates":[-96.43844954899993,42.51006196900005]},"properties":{"OBJECTID_12":1450,"COUNTY":"Woodbury","DISTRICT_CODE":"02","PRECINCT":"02 Cross Pointe Church","POLLING_PLACE":"02 CROSS POINTE CHURCH","ADDR_LINE_1":"2300 W 19TH ST","CITY_1":"SIOUX CITY","ZIP":"51103","House_Dist":14,"Senate_Dis":"7","Congressio":"4","SOSID_NEW":"97_02"}},{"type":"Feature","id":1451,"geometry":{"type":"Point","coordinates":[-96.43397977799992,42.514782327000034]},"properties":{"OBJECTID_12":1451,"COUNTY":"Woodbury","DISTRICT_CODE":"03","PRECINCT":"03 Concordia Lutheran Church","POLLING_PLACE":"03 CONCORDIA LUTHERAN CHURCH","ADDR_LINE_1":"2000 MILITARY RD","CITY_1":"SIOUX CITY","ZIP":"51103","House_Dist":14,"Senate_Dis":"7","Congressio":"4","SOSID_NEW":"97_03"}},{"type":"Feature","id":1452,"geometry":{"type":"Point","coordinates":[-96.47391633399991,42.51180209200004]},"properties":{"OBJECTID_12":1452,"COUNTY":"Woodbury","DISTRICT_CODE":"05","PRECINCT":"05 Riverside Lutheran Church","POLLING_PLACE":"05 RIVERSIDE LUTHERAN CHURCH","ADDR_LINE_1":"1817 RIVERSIDE BLVD","CITY_1":"SIOUX CITY","ZIP":"51109","House_Dist":14,"Senate_Dis":"7","Congressio":"4","SOSID_NEW":"97_05"}},{"type":"Feature","id":1453,"geometry":{"type":"Point","coordinates":[-96.41652610999995,42.52460999500005]},"properties":{"OBJECTID_12":1453,"COUNTY":"Woodbury","DISTRICT_CODE":"06","PRECINCT":"06 Faith Lutheran Church","POLLING_PLACE":"06 FAITH LUTHERAN CHURCH","ADDR_LINE_1":"3101 HAMILTON BLVD","CITY_1":"SIOUX CITY","ZIP":"51104","House_Dist":14,"Senate_Dis":"7","Congressio":"4","SOSID_NEW":"97_06"}},{"type":"Feature","id":1454,"geometry":{"type":"Point","coordinates":[-96.42258098899993,42.51774158300009]},"properties":{"OBJECTID_12":1454,"COUNTY":"Woodbury","DISTRICT_CODE":"07","PRECINCT":"07 Crescent Park School","POLLING_PLACE":"07 CRESCENT PARK SCHOOL","ADDR_LINE_1":"1114 W 27TH ST","CITY_1":"SIOUX CITY","ZIP":"51103","House_Dist":14,"Senate_Dis":"7","Congressio":"4","SOSID_NEW":"97_07"}},{"type":"Feature","id":1455,"geometry":{"type":"Point","coordinates":[-96.41811821099992,42.50583928900005]},"properties":{"OBJECTID_12":1455,"COUNTY":"Woodbury","DISTRICT_CODE":"08","PRECINCT":"08 Mt. Zion Baptist Church","POLLING_PLACE":"08 MOUNT ZION BAPTIST CHURCH","ADDR_LINE_1":"1421 GENEVA ST","CITY_1":"SIOUX CITY","ZIP":"51103","House_Dist":14,"Senate_Dis":"7","Congressio":"4","SOSID_NEW":"97_08"}},{"type":"Feature","id":1456,"geometry":{"type":"Point","coordinates":[-96.40401075199992,42.505037411000046]},"properties":{"OBJECTID_12":1456,"COUNTY":"Woodbury","DISTRICT_CODE":"09","PRECINCT":"09 Midtown Family Comm Ctr","POLLING_PLACE":"09 MIDTOWN FAMILY COMM CTR","ADDR_LINE_1":"525 14TH ST","CITY_1":"SIOUX CITY","ZIP":"51105","House_Dist":14,"Senate_Dis":"7","Congressio":"4","SOSID_NEW":"97_09"}},{"type":"Feature","id":1457,"geometry":{"type":"Point","coordinates":[-96.40629517199994,42.54878988100006]},"properties":{"OBJECTID_12":1457,"COUNTY":"Woodbury","DISTRICT_CODE":"10","PRECINCT":"10 First Congregational Church","POLLING_PLACE":"10 FIRST CONGREGATIONAL CHURCH","ADDR_LINE_1":"4600 HAMILTON BLVD","CITY_1":"SIOUX CITY","ZIP":"51104","House_Dist":14,"Senate_Dis":"7","Congressio":"4","SOSID_NEW":"97_10"}},{"type":"Feature","id":1458,"geometry":{"type":"Point","coordinates":[-96.41900517199991,42.49865035900007]},"properties":{"OBJECTID_12":1458,"COUNTY":"Woodbury","DISTRICT_CODE":"04","PRECINCT":"04 SIOUXLAND CENTER FOR ACTIVE GENERATIONS","POLLING_PLACE":"04 SIOUXLAND CENTER FOR ACTIVE GENERATIONS","ADDR_LINE_1":"313 COOK ST","CITY_1":"SIOUX CITY","ZIP":"51103","House_Dist":14,"Senate_Dis":"7","Congressio":"4","SOSID_NEW":"97_04"}},{"type":"Feature","id":1459,"geometry":{"type":"Point","coordinates":[-96.41585710099992,42.50009793600009]},"properties":{"OBJECTID_12":1459,"COUNTY":"Woodbury","DISTRICT_CODE":"11","PRECINCT":"11 Girls Inc of Sioux City","POLLING_PLACE":"11 GIRLS INC OF SIOUX CITY","ADDR_LINE_1":"500 MAIN ST","CITY_1":"SIOUX CITY","ZIP":"51103","House_Dist":14,"Senate_Dis":"7","Congressio":"4","SOSID_NEW":"97_11"}},{"type":"Feature","id":1460,"geometry":{"type":"Point","coordinates":[-95.06000707099992,41.59376344000009]},"properties":{"OBJECTID_12":1460,"COUNTY":"Shelby","DISTRICT_CODE":"03","PRECINCT":"CLAY-MONROE","POLLING_PLACE":"ELK HORN CITY HALL - P/G","ADDR_LINE_1":"MAIN STREET","CITY_1":"ELK HORN","ZIP":"51531","House_Dist":18,"Senate_Dis":"9","Congressio":"4","SOSID_NEW":"83_03"}},{"type":"Feature","id":1461,"geometry":{"type":"Point","coordinates":[-95.2061774849999,41.79040092100007]},"properties":{"OBJECTID_12":1461,"COUNTY":"Shelby","DISTRICT_CODE":"04","PRECINCT":"DOUGLAS-GREELEY-JEFFERSON-POLK","POLLING_PLACE":"IRWIN COMMUNITY BLDG - P/G","ADDR_LINE_1":"504 ANN ST","CITY_1":"IRWIN","ZIP":"51446","House_Dist":18,"Senate_Dis":"9","Congressio":"4","SOSID_NEW":"83_04"}},{"type":"Feature","id":1462,"geometry":{"type":"Point","coordinates":[-95.45009292799995,41.516243720000034]},"properties":{"OBJECTID_12":1462,"COUNTY":"Shelby","DISTRICT_CODE":"05","PRECINCT":"FAIRVIEW-SHELBY","POLLING_PLACE":"SHELBY COMMUNITY HALL - P/G","ADDR_LINE_1":"500 EAST ST","CITY_1":"SHELBY","ZIP":"51570","House_Dist":18,"Senate_Dis":"9","Congressio":"4","SOSID_NEW":"83_05"}},{"type":"Feature","id":1463,"geometry":{"type":"Point","coordinates":[-95.41765416499993,41.77524099700008]},"properties":{"OBJECTID_12":1463,"COUNTY":"Shelby","DISTRICT_CODE":"06","PRECINCT":"GROVE-UNION-WASHINGTON-WESTPHALIA","POLLING_PLACE":"ST JOSEPH'S CHURCH HALL - P/G","ADDR_LINE_1":"118 MAIN ST","CITY_1":"EARLING","ZIP":"51530","House_Dist":18,"Senate_Dis":"9","Congressio":"4","SOSID_NEW":"83_06"}},{"type":"Feature","id":1464,"geometry":{"type":"Point","coordinates":[-95.31957096299993,41.65498843200004]},"properties":{"OBJECTID_12":1464,"COUNTY":"Shelby","DISTRICT_CODE":"02","PRECINCT":"CASS-CENTER-JACKSON-LINCOLN","POLLING_PLACE":"ACTIVITY CENTER - CS-CN-JA-LN - P/G","ADDR_LINE_1":"706 VICTORIA ST","CITY_1":"HARLAN","ZIP":"51537","House_Dist":18,"Senate_Dis":"9","Congressio":"4","SOSID_NEW":"83_02"}},{"type":"Feature","id":1465,"geometry":{"type":"Point","coordinates":[-95.31957096299993,41.65498843200004]},"properties":{"OBJECTID_12":1465,"COUNTY":"Shelby","DISTRICT_CODE":"07","PRECINCT":"HARLAN - WARD 1","POLLING_PLACE":"ACTIVITY CENTER - HL1 - P/G","ADDR_LINE_1":"706 VICTORIA ST","CITY_1":"HARLAN","ZIP":"51537","House_Dist":18,"Senate_Dis":"9","Congressio":"4","SOSID_NEW":"83_07"}},{"type":"Feature","id":1466,"geometry":{"type":"Point","coordinates":[-95.31957096299993,41.65498843200004]},"properties":{"OBJECTID_12":1466,"COUNTY":"Shelby","DISTRICT_CODE":"08","PRECINCT":"HARLAN - WARD 2","POLLING_PLACE":"ACTIVITY CENTER - HL2 - P/G","ADDR_LINE_1":"706 VICTORIA ST","CITY_1":"HARLAN","ZIP":"51537","House_Dist":18,"Senate_Dis":"9","Congressio":"4","SOSID_NEW":"83_08"}},{"type":"Feature","id":1467,"geometry":{"type":"Point","coordinates":[-95.31957096299993,41.65498843200004]},"properties":{"OBJECTID_12":1467,"COUNTY":"Shelby","DISTRICT_CODE":"09","PRECINCT":"HARLAN - WARD 3","POLLING_PLACE":"ACTIVITY CENTER - HL3 - P/G","ADDR_LINE_1":"706 VICTORIA ST","CITY_1":"HARLAN","ZIP":"51537","House_Dist":18,"Senate_Dis":"9","Congressio":"4","SOSID_NEW":"83_09"}},{"type":"Feature","id":1468,"geometry":{"type":"Point","coordinates":[-95.31957096299993,41.65498843200004]},"properties":{"OBJECTID_12":1468,"COUNTY":"Shelby","DISTRICT_CODE":"10","PRECINCT":"HARLAN - WARD 4","POLLING_PLACE":"ACTIVITY CENTER - HL4 - P/G","ADDR_LINE_1":"706 VICTORIA ST","CITY_1":"HARLAN","ZIP":"51537","House_Dist":18,"Senate_Dis":"9","Congressio":"4","SOSID_NEW":"83_10"}},{"type":"Feature","id":1469,"geometry":{"type":"Point","coordinates":[-96.22805796799992,42.233608694000054]},"properties":{"OBJECTID_12":1469,"COUNTY":"Woodbury","DISTRICT_CODE":"38","PRECINCT":"38 Sloan/Sloan Twp","POLLING_PLACE":"38 SLOAN COMMUNITY CENTER","ADDR_LINE_1":"423 EVANS ST","CITY_1":"SLOAN","ZIP":"51055","House_Dist":17,"Senate_Dis":"9","Congressio":"4","SOSID_NEW":"97_38"}},{"type":"Feature","id":1470,"geometry":{"type":"Point","coordinates":[-96.09722364299995,42.23057950700007]},"properties":{"OBJECTID_12":1470,"COUNTY":"Woodbury","DISTRICT_CODE":"39","PRECINCT":"39 Hornick/Willow Twp","POLLING_PLACE":"39 HORNICK FIRE STATION","ADDR_LINE_1":"400 MAIN ST","CITY_1":"HORNICK","ZIP":"51026","House_Dist":17,"Senate_Dis":"9","Congressio":"4","SOSID_NEW":"97_39"}},{"type":"Feature","id":1471,"geometry":{"type":"Point","coordinates":[-95.86252396999993,42.38867884900009]},"properties":{"OBJECTID_12":1471,"COUNTY":"Woodbury","DISTRICT_CODE":"40","PRECINCT":"40 Anthon/Miller Twp","POLLING_PLACE":"40 ANTHON COMMUNITY CENTER","ADDR_LINE_1":"110 N 5TH AVE","CITY_1":"ANTHON","ZIP":"51004","House_Dist":17,"Senate_Dis":"9","Congressio":"4","SOSID_NEW":"97_40"}},{"type":"Feature","id":1472,"geometry":{"type":"Point","coordinates":[-95.93074770499993,42.22812025800005]},"properties":{"OBJECTID_12":1472,"COUNTY":"Woodbury","DISTRICT_CODE":"42","PRECINCT":"42 Smithland/Little Sioux Twp","POLLING_PLACE":"42 SMITHLAND FIRE STATION","ADDR_LINE_1":"107 S HICKORY ST","CITY_1":"SMITHLAND","ZIP":"51056","House_Dist":17,"Senate_Dis":"9","Congressio":"4","SOSID_NEW":"97_42"}},{"type":"Feature","id":1473,"geometry":{"type":"Point","coordinates":[-95.89387646799992,42.28683218200007]},"properties":{"OBJECTID_12":1473,"COUNTY":"Woodbury","DISTRICT_CODE":"43","PRECINCT":"43 Oto/Oto Twp","POLLING_PLACE":"43 OTO CITY HALL","ADDR_LINE_1":"27 WASHINGTON ST","CITY_1":"OTO","ZIP":"51044","House_Dist":17,"Senate_Dis":"9","Congressio":"4","SOSID_NEW":"97_43"}},{"type":"Feature","id":1474,"geometry":{"type":"Point","coordinates":[-95.67514325799993,42.46549829800006]},"properties":{"OBJECTID_12":1474,"COUNTY":"Woodbury","DISTRICT_CODE":"44","PRECINCT":"44 Cushing/Rock Twp","POLLING_PLACE":"44 CUSHING FIRE STATION","ADDR_LINE_1":"201 MAIN ST","CITY_1":"CUSHING","ZIP":"51018","House_Dist":17,"Senate_Dis":"9","Congressio":"4","SOSID_NEW":"97_44"}},{"type":"Feature","id":1475,"geometry":{"type":"Point","coordinates":[-95.72182487099991,42.234503319000055]},"properties":{"OBJECTID_12":1475,"COUNTY":"Woodbury","DISTRICT_CODE":"41","PRECINCT":"41 Danbury/Lis-Mor Twp","POLLING_PLACE":"41 DANBURY EMERGENCY SERVICES BLD","ADDR_LINE_1":"201 MAIN ST","CITY_1":"DANBURY","ZIP":"51019","House_Dist":17,"Senate_Dis":"9","Congressio":"4","SOSID_NEW":"97_41"}},{"type":"Feature","id":1476,"geometry":{"type":"Point","coordinates":[-95.22217774899991,41.476871276000054]},"properties":{"OBJECTID_12":1476,"COUNTY":"Pottawattamie","DISTRICT_CODE":"WALNUT","PRECINCT":"Walnut","POLLING_PLACE":"40 WALNUT LIBRARY","ADDR_LINE_1":"224 ANTIQUE CITY DR","CITY_1":"WALNUT","ZIP":"51577","House_Dist":21,"Senate_Dis":"11","Congressio":"3","SOSID_NEW":"78_WALNUT"}},{"type":"Feature","id":1477,"geometry":{"type":"Point","coordinates":[-94.20049088399992,41.027465299000085]},"properties":{"OBJECTID_12":1477,"COUNTY":"Union","DISTRICT_CODE":"AF","PRECINCT":"Afton","POLLING_PLACE":"AFTON METHODIST CHURCH","ADDR_LINE_1":"PO BOX 136\r\n111 S DOUGLAS","CITY_1":"AFTON","ZIP":"50830","House_Dist":21,"Senate_Dis":"11","Congressio":"3","SOSID_NEW":"88_AF"}},{"type":"Feature","id":1478,"geometry":{"type":"Point","coordinates":[-94.22020740399995,40.948073660000034]},"properties":{"OBJECTID_12":1478,"COUNTY":"Union","DISTRICT_CODE":"AR","PRECINCT":"Arispe","POLLING_PLACE":"ARISPE METHODIST CHURCH","ADDR_LINE_1":"112 DIVISION STREET","CITY_1":"ARISPE","ZIP":"50831","House_Dist":21,"Senate_Dis":"11","Congressio":"3","SOSID_NEW":"88_AR"}},{"type":"Feature","id":1479,"geometry":{"type":"Point","coordinates":[-94.05542150699995,41.127046766000035]},"properties":{"OBJECTID_12":1479,"COUNTY":"Union","DISTRICT_CODE":"LR","PRECINCT":"Lorimor","POLLING_PLACE":"LORIMOR CITY HALL","ADDR_LINE_1":"503 MAIN ST","CITY_1":"LORIMOR","ZIP":"50149","House_Dist":21,"Senate_Dis":"11","Congressio":"3","SOSID_NEW":"88_LR"}},{"type":"Feature","id":1480,"geometry":{"type":"Point","coordinates":[-94.36826329099995,41.070547514000054]},"properties":{"OBJECTID_12":1480,"COUNTY":"Union","DISTRICT_CODE":"CS1","PRECINCT":"Creston Pct 1","POLLING_PLACE":"SALEM LUTHERAN CHURCH","ADDR_LINE_1":"1208 N SYCAMORE","CITY_1":"CRESTON","ZIP":"50801","House_Dist":21,"Senate_Dis":"11","Congressio":"3","SOSID_NEW":"88_CS1"}},{"type":"Feature","id":1481,"geometry":{"type":"Point","coordinates":[-94.38068019199994,41.07118859700006]},"properties":{"OBJECTID_12":1481,"COUNTY":"Union","DISTRICT_CODE":"CS2","PRECINCT":"Creston Pct 2","POLLING_PLACE":"SWCC TECH CENTER","ADDR_LINE_1":"1501 W TOWNLINE ST","CITY_1":"CRESTON","ZIP":"50801","House_Dist":21,"Senate_Dis":"11","Congressio":"3","SOSID_NEW":"88_CS2"}},{"type":"Feature","id":1482,"geometry":{"type":"Point","coordinates":[-94.37262355699994,41.06455036300008]},"properties":{"OBJECTID_12":1482,"COUNTY":"Union","DISTRICT_CODE":"CS3","PRECINCT":"Creston Pct 3","POLLING_PLACE":"TRINITY LUTHERAN CHURCH","ADDR_LINE_1":"800 N SUMNER ST","CITY_1":"CRESTON","ZIP":"50801","House_Dist":21,"Senate_Dis":"11","Congressio":"3","SOSID_NEW":"88_CS3"}},{"type":"Feature","id":1483,"geometry":{"type":"Point","coordinates":[-94.35550536599993,41.069965050000064]},"properties":{"OBJECTID_12":1483,"COUNTY":"Union","DISTRICT_CODE":"CS5","PRECINCT":"Creston Pct 5","POLLING_PLACE":"CREST BAPTIST CHURCH","ADDR_LINE_1":"1211 N POPLAR","CITY_1":"CRESTON","ZIP":"50801","House_Dist":21,"Senate_Dis":"11","Congressio":"3","SOSID_NEW":"88_CS5"}},{"type":"Feature","id":1484,"geometry":{"type":"Point","coordinates":[-94.3741357959999,41.04845046000008]},"properties":{"OBJECTID_12":1484,"COUNTY":"Union","DISTRICT_CODE":"CS4","PRECINCT":"Creston Pct 4","POLLING_PLACE":"SUPERTEL INN","ADDR_LINE_1":"800 LAUREL ST","CITY_1":"CRESTON","ZIP":"50801","House_Dist":21,"Senate_Dis":"11","Congressio":"3","SOSID_NEW":"88_CS4"}},{"type":"Feature","id":1485,"geometry":{"type":"Point","coordinates":[-95.6153905249999,41.232423191000066]},"properties":{"OBJECTID_12":1485,"COUNTY":"Pottawattamie","DISTRICT_CODE":"TREYNOR","PRECINCT":"Treynor","POLLING_PLACE":"38 TREYNOR COMMUNITY CENTER","ADDR_LINE_1":"13 W MAIN ST","CITY_1":"TREYNOR","ZIP":"51575","House_Dist":22,"Senate_Dis":"11","Congressio":"3","SOSID_NEW":"78_TREYNOR"}},{"type":"Feature","id":1486,"geometry":{"type":"Point","coordinates":[-95.67675750399991,41.386810351000065]},"properties":{"OBJECTID_12":1486,"COUNTY":"Pottawattamie","DISTRICT_CODE":"UNDERW","PRECINCT":"Underwood","POLLING_PLACE":"39 UMBA HALL","ADDR_LINE_1":"300 2ND AVE","CITY_1":"UNDERWOOD","ZIP":"51576","House_Dist":22,"Senate_Dis":"11","Congressio":"3","SOSID_NEW":"78_UNDERW"}},{"type":"Feature","id":1487,"geometry":{"type":"Point","coordinates":[-94.47950600399992,40.61539449800006]},"properties":{"OBJECTID_12":1487,"COUNTY":"Taylor","DISTRICT_CODE":"BK","PRECINCT":"1-1 Blockton,Jefferson, Gay","POLLING_PLACE":"BLOCKTON COMMUNITY BUILDING","ADDR_LINE_1":"405 DIVISION","CITY_1":"BLOCKTON","ZIP":"50836","House_Dist":24,"Senate_Dis":"12","Congressio":"3","SOSID_NEW":"87_BK"}},{"type":"Feature","id":1488,"geometry":{"type":"Point","coordinates":[-94.4757509719999,40.80472594000008]},"properties":{"OBJECTID_12":1488,"COUNTY":"Taylor","DISTRICT_CODE":"CF","PRECINCT":"2-1 Clearfield & Grant","POLLING_PLACE":"CLEARFIELD CITY HALL","ADDR_LINE_1":null,"CITY_1":null,"ZIP":null,"House_Dist":24,"Senate_Dis":"12","Congressio":"3","SOSID_NEW":"87_CF"}},{"type":"Feature","id":1489,"geometry":{"type":"Point","coordinates":[-94.7179543339999,40.66701117700006]},"properties":{"OBJECTID_12":1489,"COUNTY":"Taylor","DISTRICT_CODE":"3Twnshp","PRECINCT":"7-3 District 3 Townships","POLLING_PLACE":"BEDFORD AMERICAN LEGION","ADDR_LINE_1":"301 MAIN","CITY_1":"BEDFORD","ZIP":"50833","House_Dist":24,"Senate_Dis":"12","Congressio":"3","SOSID_NEW":"87_3Twnshp"}},{"type":"Feature","id":1490,"geometry":{"type":"Point","coordinates":[-94.71916607799994,40.667921043000035]},"properties":{"OBJECTID_12":1490,"COUNTY":"Taylor","DISTRICT_CODE":"BECITY","PRECINCT":"6-3 City of Bedford","POLLING_PLACE":"COURTHOUSE","ADDR_LINE_1":"405 JEFFERSON","CITY_1":"BEDFORD","ZIP":"50833","House_Dist":24,"Senate_Dis":"12","Congressio":"3","SOSID_NEW":"87_BECITY"}},{"type":"Feature","id":1491,"geometry":{"type":"Point","coordinates":[-94.89944045099992,40.73124482800006]},"properties":{"OBJECTID_12":1491,"COUNTY":"Taylor","DISTRICT_CODE":"NM","PRECINCT":"4-1New Market,Dallas,Mason","POLLING_PLACE":"NEW MARKET CITY HALL","ADDR_LINE_1":"512 MAIN","CITY_1":"NEW MARKET","ZIP":"51646","House_Dist":24,"Senate_Dis":"12","Congressio":"3","SOSID_NEW":"87_NM"}},{"type":"Feature","id":1492,"geometry":{"type":"Point","coordinates":[-94.74488028699994,40.758726299000045]},"properties":{"OBJECTID_12":1492,"COUNTY":"Taylor","DISTRICT_CODE":"Gravity","PRECINCT":"3-1Gravity,CW, Marsh,Wash","POLLING_PLACE":"GRAVITY FIRE STATION","ADDR_LINE_1":"405 MAIN ST","CITY_1":"GRAVITY","ZIP":"50848","House_Dist":24,"Senate_Dis":"12","Congressio":"3","SOSID_NEW":"87_Gravity"}},{"type":"Feature","id":1493,"geometry":{"type":"Point","coordinates":[-94.5563323849999,40.874773116000085]},"properties":{"OBJECTID_12":1493,"COUNTY":"Taylor","DISTRICT_CODE":"LX","PRECINCT":"5-2Lenox & Dist. 2 Townships","POLLING_PLACE":"LENOX COMMUNITY CENTER","ADDR_LINE_1":"210 E DALLAS STREET","CITY_1":"LENOX","ZIP":"50851","House_Dist":24,"Senate_Dis":"12","Congressio":"3","SOSID_NEW":"87_LX"}},{"type":"Feature","id":1494,"geometry":{"type":"Point","coordinates":[-94.33952506299994,40.80668405600005]},"properties":{"OBJECTID_12":1494,"COUNTY":"Ringgold","DISTRICT_CODE":"WS","PRECINCT":"Washington","POLLING_PLACE":"DIAGONAL COMMUNITY BUILDING","ADDR_LINE_1":"103 N BROADWAY ST","CITY_1":"DIAGONAL","ZIP":"50845","House_Dist":24,"Senate_Dis":"12","Congressio":"3","SOSID_NEW":"80_WS"}},{"type":"Feature","id":1495,"geometry":{"type":"Point","coordinates":[-94.19538209199993,40.85238992600006]},"properties":{"OBJECTID_12":1495,"COUNTY":"Ringgold","DISTRICT_CODE":"TG","PRECINCT":"Tingley","POLLING_PLACE":"TINGLEY COMMUNITY BUILDING","ADDR_LINE_1":"111 W MAIN ST","CITY_1":"TINGLEY","ZIP":"50863","House_Dist":24,"Senate_Dis":"12","Congressio":"3","SOSID_NEW":"80_TG"}},{"type":"Feature","id":1496,"geometry":{"type":"Point","coordinates":[-94.04966750499995,40.70807007800005]},"properties":{"OBJECTID_12":1496,"COUNTY":"Ringgold","DISTRICT_CODE":"AT","PRECINCT":"Athens","POLLING_PLACE":"KELLERTON CITY HALL","ADDR_LINE_1":"108 SOUTH DECATUR","CITY_1":"KELLERTON","ZIP":"50133","House_Dist":24,"Senate_Dis":"12","Congressio":"3","SOSID_NEW":"80_AT"}},{"type":"Feature","id":1497,"geometry":{"type":"Point","coordinates":[-94.05025227399994,40.80854672400005]},"properties":{"OBJECTID_12":1497,"COUNTY":"Ringgold","DISTRICT_CODE":"UN","PRECINCT":"Union","POLLING_PLACE":"ELLSTON COMMUNITY BUILDING","ADDR_LINE_1":"103 W MAIN ST","CITY_1":"ELLSTON","ZIP":"50074","House_Dist":24,"Senate_Dis":"12","Congressio":"3","SOSID_NEW":"80_UN"}},{"type":"Feature","id":1498,"geometry":{"type":"Point","coordinates":[-94.38909085299991,40.60375562300004]},"properties":{"OBJECTID_12":1498,"COUNTY":"Ringgold","DISTRICT_CODE":"CL","PRECINCT":"Clinton","POLLING_PLACE":"REDDING FRONTIER HALL","ADDR_LINE_1":"402 CENTRAL ST","CITY_1":"REDDING","ZIP":"50860","House_Dist":24,"Senate_Dis":"12","Congressio":"3","SOSID_NEW":"80_CL"}},{"type":"Feature","id":1499,"geometry":{"type":"Point","coordinates":[-94.2377554929999,40.71474339400004]},"properties":{"OBJECTID_12":1499,"COUNTY":"Ringgold","DISTRICT_CODE":"M2","PRECINCT":"Mt Ayr Ward 2","POLLING_PLACE":"RINGGOLD COUNTY COURTHOUSE","ADDR_LINE_1":"109 W MADISON ST","CITY_1":"MOUNT AYR","ZIP":"50854","House_Dist":24,"Senate_Dis":"12","Congressio":"3","SOSID_NEW":"80_M2"}},{"type":"Feature","id":1500,"geometry":{"type":"Point","coordinates":[-94.22365675099991,40.71051511500008]},"properties":{"OBJECTID_12":1500,"COUNTY":"Ringgold","DISTRICT_CODE":"M1","PRECINCT":"Mt Ayr Ward 1","POLLING_PLACE":"AMERICAN LEGION BUILDING","ADDR_LINE_1":"1302 S CLEVELAND ST","CITY_1":"MOUNT AYR","ZIP":"50854","House_Dist":24,"Senate_Dis":"12","Congressio":"3","SOSID_NEW":"80_M1"}},{"type":"Feature","id":1501,"geometry":{"type":"Point","coordinates":[-93.36508353699992,40.71100164300009]},"properties":{"OBJECTID_12":1501,"COUNTY":"Wayne","DISTRICT_CODE":"A01","PRECINCT":"A01","POLLING_PLACE":"CIVIC CENTER, ALLERTON","ADDR_LINE_1":"NORTH CENTRAL AVENUE","CITY_1":"ALLERTON","ZIP":"50008","House_Dist":27,"Senate_Dis":"14","Congressio":"2","SOSID_NEW":"93_A01"}},{"type":"Feature","id":1502,"geometry":{"type":"Point","coordinates":[-90.50431096599993,41.52530170300008]},"properties":{"OBJECTID_12":1502,"COUNTY":"Scott","DISTRICT_CODE":"B11","PRECINCT":"Bettendorf City B11","POLLING_PLACE":"(B11) WATERFRONT CONVENTION CENTER","ADDR_LINE_1":"2021 STATE ST","CITY_1":"BETTENDORF","ZIP":"52722","House_Dist":93,"Senate_Dis":"47","Congressio":"2","SOSID_NEW":"82_B11"}},{"type":"Feature","id":1503,"geometry":{"type":"Point","coordinates":[-90.51187048999992,41.55143311200004]},"properties":{"OBJECTID_12":1503,"COUNTY":"Scott","DISTRICT_CODE":"B21","PRECINCT":"Bettendorf City B21","POLLING_PLACE":"(B21) GRANT WOOD SCHOOL","ADDR_LINE_1":"1423 HILLSIDE DR","CITY_1":"BETTENDORF","ZIP":"52722","House_Dist":93,"Senate_Dis":"47","Congressio":"2","SOSID_NEW":"82_B21"}},{"type":"Feature","id":1504,"geometry":{"type":"Point","coordinates":[-90.50789140199993,41.560428598000044]},"properties":{"OBJECTID_12":1504,"COUNTY":"Scott","DISTRICT_CODE":"B22","PRECINCT":"Bettendorf City B22","POLLING_PLACE":"(B22) HARMONY HILLS BAPTIST CHURCH","ADDR_LINE_1":"1642 TANGLE FOOT LN","CITY_1":"BETTENDORF","ZIP":"52722","House_Dist":93,"Senate_Dis":"47","Congressio":"2","SOSID_NEW":"82_B22"}},{"type":"Feature","id":1505,"geometry":{"type":"Point","coordinates":[-90.56974673499991,41.53652027800007]},"properties":{"OBJECTID_12":1505,"COUNTY":"Scott","DISTRICT_CODE":"D52","PRECINCT":"Davenport City D52","POLLING_PLACE":"(D52) FIRST PRESBYTERIAN CHURCH","ADDR_LINE_1":"1702 IOWA ST","CITY_1":"DAVENPORT","ZIP":"52803","House_Dist":93,"Senate_Dis":"47","Congressio":"2","SOSID_NEW":"82_D52"}},{"type":"Feature","id":1506,"geometry":{"type":"Point","coordinates":[-90.5585693939999,41.540948090000086]},"properties":{"OBJECTID_12":1506,"COUNTY":"Scott","DISTRICT_CODE":"D53","PRECINCT":"Davenport City D53","POLLING_PLACE":"(D53) GRACE LUTHERAN CHURCH","ADDR_LINE_1":"1140 E HIGH ST","CITY_1":"DAVENPORT","ZIP":"52803","House_Dist":93,"Senate_Dis":"47","Congressio":"2","SOSID_NEW":"82_D53"}},{"type":"Feature","id":1507,"geometry":{"type":"Point","coordinates":[-90.5171095039999,41.56788559700004]},"properties":{"OBJECTID_12":1507,"COUNTY":"Scott","DISTRICT_CODE":"D62","PRECINCT":"Davenport City D62","POLLING_PLACE":"(D62) CHRIST'S FAMILY CHURCH","ADDR_LINE_1":"4601 UTICA RIDGE RD","CITY_1":"DAVENPORT","ZIP":"52807","House_Dist":93,"Senate_Dis":"47","Congressio":"2","SOSID_NEW":"82_D62"}},{"type":"Feature","id":1508,"geometry":{"type":"Point","coordinates":[-90.5513641469999,41.55808007500008]},"properties":{"OBJECTID_12":1508,"COUNTY":"Scott","DISTRICT_CODE":"D63","PRECINCT":"Davenport City D63","POLLING_PLACE":"(D63) UNITARIAN CHURCH","ADDR_LINE_1":"3707 EASTERN AV","CITY_1":"DAVENPORT","ZIP":"52807","House_Dist":93,"Senate_Dis":"47","Congressio":"2","SOSID_NEW":"82_D63"}},{"type":"Feature","id":1509,"geometry":{"type":"Point","coordinates":[-90.52477382399991,41.538500885000076]},"properties":{"OBJECTID_12":1509,"COUNTY":"Scott","DISTRICT_CODE":"D64","PRECINCT":"Davenport City D64","POLLING_PLACE":"(D64) DUCK CREEK PARK LODGE","ADDR_LINE_1":"3300 E LOCUST ST","CITY_1":"DAVENPORT","ZIP":"52803","House_Dist":93,"Senate_Dis":"47","Congressio":"2","SOSID_NEW":"82_D64"}},{"type":"Feature","id":1510,"geometry":{"type":"Point","coordinates":[-92.4454035309999,41.72873090600007]},"properties":{"OBJECTID_12":1510,"COUNTY":"Poweshiek","DISTRICT_CODE":"02","PRECINCT":"BMWJ","POLLING_PLACE":"MICHAEL J. MANATT COMM CTR","ADDR_LINE_1":"105 JACKSON STREET","CITY_1":"BROOKLYN","ZIP":"52211","House_Dist":76,"Senate_Dis":"38","Congressio":"1","SOSID_NEW":"79_02"}},{"type":"Feature","id":1511,"geometry":{"type":"Point","coordinates":[-92.37353844199993,41.580046447000086]},"properties":{"OBJECTID_12":1511,"COUNTY":"Poweshiek","DISTRICT_CODE":"03","PRECINCT":"DRL","POLLING_PLACE":"DEEP RIVER COMMUNITY CENTER","ADDR_LINE_1":"701 MAIN ST","CITY_1":"DEEP RIVER","ZIP":"52222","House_Dist":76,"Senate_Dis":"38","Congressio":"1","SOSID_NEW":"79_03"}},{"type":"Feature","id":1512,"geometry":{"type":"Point","coordinates":[-92.55611698199993,41.70719825100008]},"properties":{"OBJECTID_12":1512,"COUNTY":"Poweshiek","DISTRICT_CODE":"04","PRECINCT":"MS","POLLING_PLACE":"MALCOM AUDITORIUM","ADDR_LINE_1":"MAIN STREET","CITY_1":"MALCOM","ZIP":"50157","House_Dist":76,"Senate_Dis":"38","Congressio":"1","SOSID_NEW":"79_04"}},{"type":"Feature","id":1513,"geometry":{"type":"Point","coordinates":[-92.71770755499995,41.726521079000065]},"properties":{"OBJECTID_12":1513,"COUNTY":"Poweshiek","DISTRICT_CODE":"05","PRECINCT":"CGWS","POLLING_PLACE":"POW CO FAIR 4H BLDG SOUTH END","ADDR_LINE_1":"425 EAST ST S","CITY_1":"GRINNELL","ZIP":"50112","House_Dist":76,"Senate_Dis":"38","Congressio":"1","SOSID_NEW":"79_05"}},{"type":"Feature","id":1514,"geometry":{"type":"Point","coordinates":[-92.71770755499995,41.726521079000065]},"properties":{"OBJECTID_12":1514,"COUNTY":"Poweshiek","DISTRICT_CODE":"09","PRECINCT":"4th Ward","POLLING_PLACE":"POW CO FAIR 4H BLDG NORTH END","ADDR_LINE_1":"425 EAST ST S","CITY_1":"GRINNELL","ZIP":"50112","House_Dist":76,"Senate_Dis":"38","Congressio":"1","SOSID_NEW":"79_09"}},{"type":"Feature","id":1515,"geometry":{"type":"Point","coordinates":[-92.54034409499991,41.594382572000086]},"properties":{"OBJECTID_12":1515,"COUNTY":"Poweshiek","DISTRICT_CODE":"10","PRECINCT":"JUPS","POLLING_PLACE":"POW CO CONS  FOSTER CENTER","ADDR_LINE_1":"4896 STAGECOACH RD","CITY_1":"MONTEZUMA","ZIP":"50171","House_Dist":76,"Senate_Dis":"38","Congressio":"1","SOSID_NEW":"79_10"}},{"type":"Feature","id":1516,"geometry":{"type":"Point","coordinates":[-93.49010096699993,41.498596260000056]},"properties":{"OBJECTID_12":1516,"COUNTY":"Warren","DISTRICT_CODE":"AL2","PRECINCT":"Allen 2","POLLING_PLACE":"FAMILY LIFE CENTER","ADDR_LINE_1":"405 SCHOOL ST","CITY_1":"CARLISLE","ZIP":"50047","House_Dist":26,"Senate_Dis":"13","Congressio":"3","SOSID_NEW":"91_AL2"}},{"type":"Feature","id":1517,"geometry":{"type":"Point","coordinates":[-93.4854618729999,41.497721555000055]},"properties":{"OBJECTID_12":1517,"COUNTY":"Warren","DISTRICT_CODE":"AL3","PRECINCT":"Allen 3","POLLING_PLACE":"CARLISLE COMMUNITY BUILDING","ADDR_LINE_1":"35 VINE ST","CITY_1":"CARLISLE","ZIP":"50047","House_Dist":26,"Senate_Dis":"13","Congressio":"3","SOSID_NEW":"91_AL3"}},{"type":"Feature","id":1518,"geometry":{"type":"Point","coordinates":[-93.5586468269999,41.472465610000086]},"properties":{"OBJECTID_12":1518,"COUNTY":"Warren","DISTRICT_CODE":"GR1","PRECINCT":"Greenfield 1","POLLING_PLACE":"SCOTCH RIDGE CHURCH","ADDR_LINE_1":"13015 SCOTCH RIDGE RD","CITY_1":"CARLISLE","ZIP":"50047","House_Dist":26,"Senate_Dis":"13","Congressio":"3","SOSID_NEW":"91_GR1"}},{"type":"Feature","id":1519,"geometry":{"type":"Point","coordinates":[-93.6257574899999,41.49326082400006]},"properties":{"OBJECTID_12":1519,"COUNTY":"Warren","DISTRICT_CODE":"GR1DM86","PRECINCT":"Greenfield 1 DM86","POLLING_PLACE":"NORTHERN WARREN FIRE STATION","ADDR_LINE_1":"2300 R63 HWY","CITY_1":"NORWALK","ZIP":"50211","House_Dist":26,"Senate_Dis":"13","Congressio":"3","SOSID_NEW":"91_GR1DM86"}},{"type":"Feature","id":1520,"geometry":{"type":"Point","coordinates":[-93.50695357299992,41.20464763800004]},"properties":{"OBJECTID_12":1520,"COUNTY":"Warren","DISTRICT_CODE":"LB","PRECINCT":"Liberty","POLLING_PLACE":"SOUTHEAST WARREN SCHOOL","ADDR_LINE_1":"16331 TYLER ST","CITY_1":"LIBERTY CENTER","ZIP":"50145","House_Dist":26,"Senate_Dis":"13","Congressio":"3","SOSID_NEW":"91_LB"}},{"type":"Feature","id":1521,"geometry":{"type":"Point","coordinates":[-93.46701208099995,41.45719362900007]},"properties":{"OBJECTID_12":1521,"COUNTY":"Warren","DISTRICT_CODE":"PM","PRECINCT":"Palmyra","POLLING_PLACE":"PALMYRA TOWNSHIP HALL","ADDR_LINE_1":"19397 HIGHWAY G24","CITY_1":"PALMYRA","ZIP":"50047","House_Dist":26,"Senate_Dis":"13","Congressio":"3","SOSID_NEW":"91_PM"}},{"type":"Feature","id":1522,"geometry":{"type":"Point","coordinates":[-93.3966982529999,41.463162573000034]},"properties":{"OBJECTID_12":1522,"COUNTY":"Warren","DISTRICT_CODE":"RL","PRECINCT":"Richland/Palmyra","POLLING_PLACE":"HARTFORD CITY HALL","ADDR_LINE_1":"150 ELM","CITY_1":"HARTFORD","ZIP":"50118","House_Dist":26,"Senate_Dis":"13","Congressio":"3","SOSID_NEW":"91_RL"}},{"type":"Feature","id":1523,"geometry":{"type":"Point","coordinates":[-93.38402847899994,41.18969377900004]},"properties":{"OBJECTID_12":1523,"COUNTY":"Warren","DISTRICT_CODE":"WB","PRECINCT":"White Breast","POLLING_PLACE":"LACONA COMMUNITY HALL","ADDR_LINE_1":"104 N WASHINGTON","CITY_1":"LACONA","ZIP":"50139","House_Dist":26,"Senate_Dis":"13","Congressio":"3","SOSID_NEW":"91_WB"}},{"type":"Feature","id":1524,"geometry":{"type":"Point","coordinates":[-93.61256379999992,41.50365027300006]},"properties":{"OBJECTID_12":1524,"COUNTY":"Warren","DISTRICT_CODE":"GR1DM85","PRECINCT":"Greenfield 1 DM85","POLLING_PLACE":"THE CROSS COMMUNITY CHURCH","ADDR_LINE_1":"8383 RIDGEVIEW DR","CITY_1":"DES MOINES","ZIP":"50320","House_Dist":26,"Senate_Dis":"13","Congressio":"3","SOSID_NEW":"91_GR1DM85"}},{"type":"Feature","id":1525,"geometry":{"type":"Point","coordinates":[-93.55847123199993,41.39122320200005]},"properties":{"OBJECTID_12":1525,"COUNTY":"Warren","DISTRICT_CODE":"GR2LC2","PRECINCT":"Greenfield 2/Lincoln 2","POLLING_PLACE":"INDIANOLA FREEDOM FELLOWSHIP CHURCH","ADDR_LINE_1":"2604 N. JEFFERSON","CITY_1":"INDIANOLA","ZIP":"50125","House_Dist":26,"Senate_Dis":"13","Congressio":"3","SOSID_NEW":"91_GR2LC2"}},{"type":"Feature","id":1526,"geometry":{"type":"Point","coordinates":[-93.54568784399993,41.36901436100004]},"properties":{"OBJECTID_12":1526,"COUNTY":"Warren","DISTRICT_CODE":"IN1","PRECINCT":"INDIANOLA 1","POLLING_PLACE":"INDIANOLA CHURCH OF CHRIST","ADDR_LINE_1":"1112 E IOWA","CITY_1":"INDIANOLA","ZIP":"50125","House_Dist":26,"Senate_Dis":"13","Congressio":"3","SOSID_NEW":"91_IN1"}},{"type":"Feature","id":1527,"geometry":{"type":"Point","coordinates":[-93.5623566779999,41.36287988600009]},"properties":{"OBJECTID_12":1527,"COUNTY":"Warren","DISTRICT_CODE":"IN2","PRECINCT":"INDIANOLA 2","POLLING_PLACE":"WARREN CO ADMIN BLDG","ADDR_LINE_1":"301 N BUXTON ST","CITY_1":"INDIANOLA","ZIP":"50125","House_Dist":26,"Senate_Dis":"13","Congressio":"3","SOSID_NEW":"91_IN2"}},{"type":"Feature","id":1528,"geometry":{"type":"Point","coordinates":[-93.5829008799999,41.365859758000056]},"properties":{"OBJECTID_12":1528,"COUNTY":"Warren","DISTRICT_CODE":"IN3","PRECINCT":"INDIANOLA 3","POLLING_PLACE":"COMMUNITY OF CHRIST CHURCH","ADDR_LINE_1":"1609 W EUCLID","CITY_1":"INDIANOLA","ZIP":"50125","House_Dist":26,"Senate_Dis":"13","Congressio":"3","SOSID_NEW":"91_IN3"}},{"type":"Feature","id":1529,"geometry":{"type":"Point","coordinates":[-93.57921942699994,41.36229829200005]},"properties":{"OBJECTID_12":1529,"COUNTY":"Warren","DISTRICT_CODE":"IN4","PRECINCT":"INDIANOLA 4","POLLING_PLACE":"REDEEMER LUTHERAN CHURCH","ADDR_LINE_1":"1410 W BOSTON AVE","CITY_1":"INDIANOLA","ZIP":"50125","House_Dist":26,"Senate_Dis":"13","Congressio":"3","SOSID_NEW":"91_IN4"}},{"type":"Feature","id":1530,"geometry":{"type":"Point","coordinates":[-93.58352252799995,41.35627837900006]},"properties":{"OBJECTID_12":1530,"COUNTY":"Warren","DISTRICT_CODE":"IN6","PRECINCT":"INDIANOLA 6","POLLING_PLACE":"FIRST ASSEMBLY OF GOD CHURCH","ADDR_LINE_1":"1700 W 2ND AVE","CITY_1":"INDIANOLA","ZIP":"50125","House_Dist":26,"Senate_Dis":"13","Congressio":"3","SOSID_NEW":"91_IN6"}},{"type":"Feature","id":1531,"geometry":{"type":"Point","coordinates":[-93.60643395699992,41.35935424100006]},"properties":{"OBJECTID_12":1531,"COUNTY":"Warren","DISTRICT_CODE":"LC1","PRECINCT":"Lincoln 1","POLLING_PLACE":"ST THOMAS PASTORAL CENTER","ADDR_LINE_1":"210 R63 HWY","CITY_1":"INDIANOLA","ZIP":"50125","House_Dist":26,"Senate_Dis":"13","Congressio":"3","SOSID_NEW":"91_LC1"}},{"type":"Feature","id":1532,"geometry":{"type":"Point","coordinates":[-93.5616713519999,41.35924346300004]},"properties":{"OBJECTID_12":1532,"COUNTY":"Warren","DISTRICT_CODE":"IN7","PRECINCT":"INDIANOLA 7","POLLING_PLACE":"INDIANOLA  AM. LEGION HALL","ADDR_LINE_1":"105 W 1ST AVE","CITY_1":"INDIANOLA","ZIP":"50125","House_Dist":26,"Senate_Dis":"13","Congressio":"3","SOSID_NEW":"91_IN7"}},{"type":"Feature","id":1533,"geometry":{"type":"Point","coordinates":[-93.73714380199993,41.30803822200005]},"properties":{"OBJECTID_12":1533,"COUNTY":"Warren","DISTRICT_CODE":"JK","PRECINCT":"Jackson","POLLING_PLACE":"ST MARYS AM LEGION HALL","ADDR_LINE_1":"IOWA ST","CITY_1":"ST MARYS","ZIP":"50241","House_Dist":25,"Senate_Dis":"13","Congressio":"3","SOSID_NEW":"91_JK"}},{"type":"Feature","id":1534,"geometry":{"type":"Point","coordinates":[-93.67652056399993,41.475308314000074]},"properties":{"OBJECTID_12":1534,"COUNTY":"Warren","DISTRICT_CODE":"NW2 GR1","PRECINCT":"Norwalk 2 Greenfield 1","POLLING_PLACE":"NORWALK LIBRARY","ADDR_LINE_1":"1051 NORTH AVE","CITY_1":"NORWALK","ZIP":"50211","House_Dist":25,"Senate_Dis":"13","Congressio":"3","SOSID_NEW":"91_NW2 GR1"}},{"type":"Feature","id":1535,"geometry":{"type":"Point","coordinates":[-93.69536353199993,41.474250021000046]},"properties":{"OBJECTID_12":1535,"COUNTY":"Warren","DISTRICT_CODE":"NW3 LN","PRECINCT":"Norwalk 3 Linn","POLLING_PLACE":"ST. JOHN CHURCH","ADDR_LINE_1":"720 ORCHARD HILLS DR","CITY_1":"NORWALK","ZIP":"50211","House_Dist":25,"Senate_Dis":"13","Congressio":"3","SOSID_NEW":"91_NW3 LN"}},{"type":"Feature","id":1536,"geometry":{"type":"Point","coordinates":[-93.43833692599992,41.28719419300006]},"properties":{"OBJECTID_12":1536,"COUNTY":"Warren","DISTRICT_CODE":"BM","PRECINCT":"Belmont","POLLING_PLACE":"MILO CITY HALL","ADDR_LINE_1":"100 MAIN ST","CITY_1":"MILO","ZIP":"50166","House_Dist":25,"Senate_Dis":"13","Congressio":"3","SOSID_NEW":"91_BM"}},{"type":"Feature","id":1537,"geometry":{"type":"Point","coordinates":[-93.43740123799995,41.29133791500004]},"properties":{"OBJECTID_12":1537,"COUNTY":"Warren","DISTRICT_CODE":"OT ML","PRECINCT":"Otter Milo","POLLING_PLACE":"ST AUGUSTINE CHURCH","ADDR_LINE_1":"111 E BELMONT ST","CITY_1":"MILO","ZIP":"50166","House_Dist":25,"Senate_Dis":"13","Congressio":"3","SOSID_NEW":"91_OT ML"}},{"type":"Feature","id":1538,"geometry":{"type":"Point","coordinates":[-93.73638976699993,41.21300384400007]},"properties":{"OBJECTID_12":1538,"COUNTY":"Warren","DISTRICT_CODE":"SQ","PRECINCT":"Squaw Creek","POLLING_PLACE":"MEDORA CHURCH","ADDR_LINE_1":"10804 HIGHWAY G76","CITY_1":"MEDORA","ZIP":"50210","House_Dist":25,"Senate_Dis":"13","Congressio":"3","SOSID_NEW":"91_SQ"}},{"type":"Feature","id":1539,"geometry":{"type":"Point","coordinates":[-93.73031361199992,41.18177063600007]},"properties":{"OBJECTID_12":1539,"COUNTY":"Warren","DISTRICT_CODE":"VA","PRECINCT":"Virginia","POLLING_PLACE":"NEW VIRGINIA LIONS HALL","ADDR_LINE_1":"503 WEST ST","CITY_1":"NEW VIRGINIA","ZIP":"50210","House_Dist":25,"Senate_Dis":"13","Congressio":"3","SOSID_NEW":"91_VA"}},{"type":"Feature","id":1540,"geometry":{"type":"Point","coordinates":[-93.58250698599994,41.298794936000036]},"properties":{"OBJECTID_12":1540,"COUNTY":"Warren","DISTRICT_CODE":"WHO","PRECINCT":"White Oak","POLLING_PLACE":"ANNETT NATURE CENTER","ADDR_LINE_1":"15565 118TH AVE","CITY_1":"INDIANOLA","ZIP":"50125","House_Dist":25,"Senate_Dis":"13","Congressio":"3","SOSID_NEW":"91_WHO"}},{"type":"Feature","id":1541,"geometry":{"type":"Point","coordinates":[-93.67502053999993,41.50037282900007]},"properties":{"OBJECTID_12":1541,"COUNTY":"Warren","DISTRICT_CODE":"NW1","PRECINCT":"Norwalk 1","POLLING_PLACE":"NEW LIFE LUTHERAN CHURCH","ADDR_LINE_1":"4380 WAKONDA DR","CITY_1":"NORWALK","ZIP":"50211","House_Dist":25,"Senate_Dis":"13","Congressio":"3","SOSID_NEW":"91_NW1"}},{"type":"Feature","id":1542,"geometry":{"type":"Point","coordinates":[-93.6754995689999,41.48710454600007]},"properties":{"OBJECTID_12":1542,"COUNTY":"Warren","DISTRICT_CODE":"NWK4","PRECINCT":"Norwalk 4","POLLING_PLACE":"NORWALK POLICE STATION","ADDR_LINE_1":"1100 CHATHAM AVE","CITY_1":"NORWALK","ZIP":"50211","House_Dist":25,"Senate_Dis":"13","Congressio":"3","SOSID_NEW":"91_NWK4"}},{"type":"Feature","id":1543,"geometry":{"type":"Point","coordinates":[-91.5570122009999,41.28843765400006]},"properties":{"OBJECTID_12":1543,"COUNTY":"Washington","DISTRICT_CODE":"AW","PRECINCT":"Ainsworth","POLLING_PLACE":"AINSWORTH FIRE STATION","ADDR_LINE_1":"645 HWY 92","CITY_1":"AINSWORTH","ZIP":"52201","House_Dist":78,"Senate_Dis":"39","Congressio":"2","SOSID_NEW":"92_AW"}},{"type":"Feature","id":1544,"geometry":{"type":"Point","coordinates":[-91.7047969159999,41.48445182100005]},"properties":{"OBJECTID_12":1544,"COUNTY":"Washington","DISTRICT_CODE":"KA","PRECINCT":"Kalona","POLLING_PLACE":"KALONA COMMUNITY BLDG","ADDR_LINE_1":"307 6TH ST","CITY_1":"KALONA","ZIP":"52247","House_Dist":78,"Senate_Dis":"39","Congressio":"2","SOSID_NEW":"92_KA"}},{"type":"Feature","id":1545,"geometry":{"type":"Point","coordinates":[-91.58006315799992,41.48005946200004]},"properties":{"OBJECTID_12":1545,"COUNTY":"Washington","DISTRICT_CODE":"RS","PRECINCT":"Riverside","POLLING_PLACE":"RIVERSIDE CITY HALL","ADDR_LINE_1":"60 GREENE ST","CITY_1":"RIVERSIDE","ZIP":"52327","House_Dist":78,"Senate_Dis":"39","Congressio":"2","SOSID_NEW":"92_RS"}},{"type":"Feature","id":1546,"geometry":{"type":"Point","coordinates":[-91.69337289399994,41.299506164000036]},"properties":{"OBJECTID_12":1546,"COUNTY":"Washington","DISTRICT_CODE":"WS1","PRECINCT":"Ward 1","POLLING_PLACE":"WASHINGTON CO COURTHOUSE","ADDR_LINE_1":"222 W MAIN ST","CITY_1":"WASHINGTON","ZIP":"52353","House_Dist":78,"Senate_Dis":"39","Congressio":"2","SOSID_NEW":"92_WS1"}},{"type":"Feature","id":1547,"geometry":{"type":"Point","coordinates":[-91.69214053099995,41.298333368000044]},"properties":{"OBJECTID_12":1547,"COUNTY":"Washington","DISTRICT_CODE":"WS2","PRECINCT":"Ward 2","POLLING_PLACE":"CENTRAL PK COMM CTR","ADDR_LINE_1":"107 W WASHINGTON ST","CITY_1":"WASHINGTON","ZIP":"52353","House_Dist":78,"Senate_Dis":"39","Congressio":"2","SOSID_NEW":"92_WS2"}},{"type":"Feature","id":1548,"geometry":{"type":"Point","coordinates":[-91.69066964399991,41.29946858500006]},"properties":{"OBJECTID_12":1548,"COUNTY":"Washington","DISTRICT_CODE":"WS3","PRECINCT":"Ward 3","POLLING_PLACE":"OLD LIBRARY","ADDR_LINE_1":"120 E MAIN ST","CITY_1":"WASHINGTON","ZIP":"52353","House_Dist":78,"Senate_Dis":"39","Congressio":"2","SOSID_NEW":"92_WS3"}},{"type":"Feature","id":1549,"geometry":{"type":"Point","coordinates":[-91.6944435979999,41.288431107000065]},"properties":{"OBJECTID_12":1549,"COUNTY":"Washington","DISTRICT_CODE":"WS4","PRECINCT":"Ward 4","POLLING_PLACE":"HALCYON HOUSE","ADDR_LINE_1":"1124 S AVE B","CITY_1":"WASHINGTON","ZIP":"52353","House_Dist":78,"Senate_Dis":"39","Congressio":"2","SOSID_NEW":"92_WS4"}},{"type":"Feature","id":1550,"geometry":{"type":"Point","coordinates":[-91.8344121959999,41.47455282200008]},"properties":{"OBJECTID_12":1550,"COUNTY":"Washington","DISTRICT_CODE":"WL","PRECINCT":"Wellman","POLLING_PLACE":"PARKSIDE ACTIVITIES CENTER","ADDR_LINE_1":"525 13TH ST.","CITY_1":"WELLMAN","ZIP":"52356","House_Dist":78,"Senate_Dis":"39","Congressio":"2","SOSID_NEW":"92_WL"}},{"type":"Feature","id":1551,"geometry":{"type":"Point","coordinates":[-92.63671746799992,40.96408381900005]},"properties":{"OBJECTID_12":1551,"COUNTY":"Wapello","DISTRICT_CODE":"AD","PRECINCT":"Adams Twp/Blakesurg City/Polk","POLLING_PLACE":"BLAKESBURG CITY HALL","ADDR_LINE_1":"101 STATE ST","CITY_1":"BLAKESBURG","ZIP":"52536","House_Dist":80,"Senate_Dis":"40","Congressio":"2","SOSID_NEW":"90_AD"}},{"type":"Feature","id":1552,"geometry":{"type":"Point","coordinates":[-92.63784357899993,41.15745582000005]},"properties":{"OBJECTID_12":1552,"COUNTY":"Wapello","DISTRICT_CODE":"CB","PRECINCT":"Columbia Township","POLLING_PLACE":"EDDYVILLE PUBLIC LIBRARY","ADDR_LINE_1":"202 SECOND ST","CITY_1":"EDDYVILLE","ZIP":"52553","House_Dist":80,"Senate_Dis":"40","Congressio":"2","SOSID_NEW":"90_CB"}},{"type":"Feature","id":1553,"geometry":{"type":"Point","coordinates":[-92.52878575599993,41.08623611300004]},"properties":{"OBJECTID_12":1553,"COUNTY":"Wapello","DISTRICT_CODE":"CS","PRECINCT":"Cass Township","POLLING_PLACE":"CHILLICOTHE CITY HALL","ADDR_LINE_1":"201 MAIN ST","CITY_1":"CHILLICOTHE","ZIP":"52548","House_Dist":80,"Senate_Dis":"40","Congressio":"2","SOSID_NEW":"90_CS"}},{"type":"Feature","id":1554,"geometry":{"type":"Point","coordinates":[-92.35126172799994,41.12640711600005]},"properties":{"OBJECTID_12":1554,"COUNTY":"Wapello","DISTRICT_CODE":"CP","PRECINCT":"Competine Twp","POLLING_PLACE":"TOWNSHIP HALL, HIGHLAND CENTER CP","ADDR_LINE_1":"9906 HIGHLAND CENTER RD","CITY_1":"OTTUMWA","ZIP":"52501","House_Dist":80,"Senate_Dis":"40","Congressio":"2","SOSID_NEW":"90_CP"}},{"type":"Feature","id":1555,"geometry":{"type":"Point","coordinates":[-92.35126172799994,41.12640711600005]},"properties":{"OBJECTID_12":1555,"COUNTY":"Wapello","DISTRICT_CODE":"HI","PRECINCT":"Highland Twp","POLLING_PLACE":"TOWNSHIP HALL, HIGHLAND CENTER HI","ADDR_LINE_1":"9906 HIGHLAND CENTER RD","CITY_1":"OTTUMWA","ZIP":"52501","House_Dist":80,"Senate_Dis":"40","Congressio":"2","SOSID_NEW":"90_HI"}},{"type":"Feature","id":1556,"geometry":{"type":"Point","coordinates":[-92.5038420489999,41.14558967100004]},"properties":{"OBJECTID_12":1556,"COUNTY":"Wapello","DISTRICT_CODE":"RL","PRECINCT":"Richland Township","POLLING_PLACE":"KIRKVILLE CITY HALL","ADDR_LINE_1":"101 W MAIN ST","CITY_1":"KIRKVILLE","ZIP":"52566","House_Dist":80,"Senate_Dis":"40","Congressio":"2","SOSID_NEW":"90_RL"}},{"type":"Feature","id":1557,"geometry":{"type":"Point","coordinates":[-91.9459337589999,40.87912016300004]},"properties":{"OBJECTID_12":1557,"COUNTY":"Van Buren","DISTRICT_CODE":"BI","PRECINCT":"Birmingham Pct","POLLING_PLACE":"BIRMINGHAM LIONS BUILDING","ADDR_LINE_1":"110 N CROSS ST","CITY_1":"BIRMINGHAM","ZIP":"52535","House_Dist":82,"Senate_Dis":"41","Congressio":"2","SOSID_NEW":"89_BI"}},{"type":"Feature","id":1558,"geometry":{"type":"Point","coordinates":[-91.8021226269999,40.69797049300007]},"properties":{"OBJECTID_12":1558,"COUNTY":"Van Buren","DISTRICT_CODE":"BO","PRECINCT":"Bonaparte Pct","POLLING_PLACE":"BONAPARTE OPERA HOUSE","ADDR_LINE_1":"614 1ST ST","CITY_1":"BONAPARTE","ZIP":"52620","House_Dist":82,"Senate_Dis":"41","Congressio":"2","SOSID_NEW":"89_BO"}},{"type":"Feature","id":1559,"geometry":{"type":"Point","coordinates":[-92.07546319499994,40.645303442000056]},"properties":{"OBJECTID_12":1559,"COUNTY":"Van Buren","DISTRICT_CODE":"CN","PRECINCT":"Cantril Pct","POLLING_PLACE":"CANTRIL TWP HALL","ADDR_LINE_1":"607 W NORTH ST","CITY_1":"CANTRIL","ZIP":"52542","House_Dist":82,"Senate_Dis":"41","Congressio":"2","SOSID_NEW":"89_CN"}},{"type":"Feature","id":1560,"geometry":{"type":"Point","coordinates":[-92.08622228099995,40.840011908000065]},"properties":{"OBJECTID_12":1560,"COUNTY":"Van Buren","DISTRICT_CODE":"DO","PRECINCT":"Douds Pct","POLLING_PLACE":"DOUDS COMMUNITY CENTER","ADDR_LINE_1":"14159 HWY 98","CITY_1":"DOUDS","ZIP":"52551","House_Dist":82,"Senate_Dis":"41","Congressio":"2","SOSID_NEW":"89_DO"}},{"type":"Feature","id":1561,"geometry":{"type":"Point","coordinates":[-91.7400912039999,40.63989593900004]},"properties":{"OBJECTID_12":1561,"COUNTY":"Van Buren","DISTRICT_CODE":"FM","PRECINCT":"Farmington Pct","POLLING_PLACE":"FARMINGTON COMMUNITY CENTER","ADDR_LINE_1":"201 S 4TH ST","CITY_1":"FARMINGTON","ZIP":"52626","House_Dist":82,"Senate_Dis":"41","Congressio":"2","SOSID_NEW":"89_FM"}},{"type":"Feature","id":1562,"geometry":{"type":"Point","coordinates":[-91.96013562399992,40.73055943900005]},"properties":{"OBJECTID_12":1562,"COUNTY":"Van Buren","DISTRICT_CODE":"KE","PRECINCT":"Keosauqua Pct","POLLING_PLACE":"KEOSAUQUA SENIOR CITIZEN CENTER","ADDR_LINE_1":"801 FRONT ST","CITY_1":"KEOSAUQUA","ZIP":"52565","House_Dist":82,"Senate_Dis":"41","Congressio":"2","SOSID_NEW":"89_KE"}},{"type":"Feature","id":1563,"geometry":{"type":"Point","coordinates":[-92.16178389399994,40.672843096000065]},"properties":{"OBJECTID_12":1563,"COUNTY":"Van Buren","DISTRICT_CODE":"ML","PRECINCT":"Milton Pct","POLLING_PLACE":"MILTON AMERICAN LEGION CENTER","ADDR_LINE_1":"320 N MAIN ST","CITY_1":"MILTON","ZIP":"52570","House_Dist":82,"Senate_Dis":"41","Congressio":"2","SOSID_NEW":"89_ML"}},{"type":"Feature","id":1564,"geometry":{"type":"Point","coordinates":[-91.8326966809999,40.85766818400003]},"properties":{"OBJECTID_12":1564,"COUNTY":"Van Buren","DISTRICT_CODE":"SP","PRECINCT":"Stockport Pct","POLLING_PLACE":"STOCKPORT AMERICAN LEGION CENTER","ADDR_LINE_1":"110-112 E LEGION ST","CITY_1":"STOCKPORT","ZIP":"52651","House_Dist":82,"Senate_Dis":"41","Congressio":"2","SOSID_NEW":"89_SP"}},{"type":"Feature","id":1565,"geometry":{"type":"Point","coordinates":[-92.3067404059999,40.99490295700008]},"properties":{"OBJECTID_12":1565,"COUNTY":"Wapello","DISTRICT_CODE":"AG","PRECINCT":"Agency City/Twp/Pleasant Twp","POLLING_PLACE":"AGENCY COMMUNITY CENTER","ADDR_LINE_1":"102 W MAIN ST","CITY_1":"AGENCY","ZIP":"52530","House_Dist":81,"Senate_Dis":"41","Congressio":"2","SOSID_NEW":"90_AG"}},{"type":"Feature","id":1566,"geometry":{"type":"Point","coordinates":[-92.46180123799991,40.94433335900004]},"properties":{"OBJECTID_12":1566,"COUNTY":"Wapello","DISTRICT_CODE":"GR","PRECINCT":"Green Township","POLLING_PLACE":"ZION COMMUNITY CHURCH","ADDR_LINE_1":"15714 COPPERHEAD RD","CITY_1":"OTTUMWA","ZIP":"52501","House_Dist":81,"Senate_Dis":"41","Congressio":"2","SOSID_NEW":"90_GR"}},{"type":"Feature","id":1567,"geometry":{"type":"Point","coordinates":[-92.40893763899993,40.940533892000076]},"properties":{"OBJECTID_12":1567,"COUNTY":"Wapello","DISTRICT_CODE":"KE","PRECINCT":"Keokuk Township","POLLING_PLACE":"HICKORY GROVE COMMUNITY CHURCH","ADDR_LINE_1":"3929 US HWY 63","CITY_1":"OTTUMWA","ZIP":"52501","House_Dist":81,"Senate_Dis":"41","Congressio":"2","SOSID_NEW":"90_KE"}},{"type":"Feature","id":1568,"geometry":{"type":"Point","coordinates":[-92.2244665469999,40.91935100900008]},"properties":{"OBJECTID_12":1568,"COUNTY":"Wapello","DISTRICT_CODE":"WA","PRECINCT":"Washington Township","POLLING_PLACE":"ELDON LIBRARY HALL","ADDR_LINE_1":"608 W ELM ST","CITY_1":"ELDON","ZIP":"52554","House_Dist":81,"Senate_Dis":"41","Congressio":"2","SOSID_NEW":"90_WA"}},{"type":"Feature","id":1569,"geometry":{"type":"Point","coordinates":[-92.39446504799992,41.02742271100004]},"properties":{"OBJECTID_12":1569,"COUNTY":"Wapello","DISTRICT_CODE":"OT01","PRECINCT":"Ottumwa 1","POLLING_PLACE":"PENN AVE FREE METHODIST CHURCH","ADDR_LINE_1":"820 E PENNSYLVANIA AVE","CITY_1":"OTTUMWA","ZIP":"52501","House_Dist":81,"Senate_Dis":"41","Congressio":"2","SOSID_NEW":"90_OT01"}},{"type":"Feature","id":1570,"geometry":{"type":"Point","coordinates":[-92.39438233399994,41.04434222000003]},"properties":{"OBJECTID_12":1570,"COUNTY":"Wapello","DISTRICT_CODE":"DA","PRECINCT":"Dahlonega Township","POLLING_PLACE":"IHCC-ADVANCED TECHNOLOGY CENTER  DOOR 1","ADDR_LINE_1":"525 GRANDVIEW AVE","CITY_1":"OTTUMWA","ZIP":"52501","House_Dist":81,"Senate_Dis":"41","Congressio":"2","SOSID_NEW":"90_DA"}},{"type":"Feature","id":1571,"geometry":{"type":"Point","coordinates":[-92.40956377999993,41.06095066700004]},"properties":{"OBJECTID_12":1571,"COUNTY":"Wapello","DISTRICT_CODE":"OT03","PRECINCT":"Ottumwa 3","POLLING_PLACE":"GREAT PRAIRIE AEA 15","ADDR_LINE_1":"2814 N COURT ST","CITY_1":"OTTUMWA","ZIP":"52501","House_Dist":81,"Senate_Dis":"41","Congressio":"2","SOSID_NEW":"90_OT03"}},{"type":"Feature","id":1572,"geometry":{"type":"Point","coordinates":[-92.4222877659999,41.02620650300008]},"properties":{"OBJECTID_12":1572,"COUNTY":"Wapello","DISTRICT_CODE":"OT04","PRECINCT":"Ottumwa 4","POLLING_PLACE":"WESTGATE TOWERS","ADDR_LINE_1":"910 W 2ND ST","CITY_1":"OTTUMWA","ZIP":"52501","House_Dist":81,"Senate_Dis":"41","Congressio":"2","SOSID_NEW":"90_OT04"}},{"type":"Feature","id":1573,"geometry":{"type":"Point","coordinates":[-92.4106430519999,41.01961432100006]},"properties":{"OBJECTID_12":1573,"COUNTY":"Wapello","DISTRICT_CODE":"OT05","PRECINCT":"Ottumwa 5","POLLING_PLACE":"WAPELLO COUNTY COURTHOUSE","ADDR_LINE_1":"101 W 4TH ST","CITY_1":"OTTUMWA","ZIP":"52501","House_Dist":81,"Senate_Dis":"41","Congressio":"2","SOSID_NEW":"90_OT05"}},{"type":"Feature","id":1574,"geometry":{"type":"Point","coordinates":[-92.42148705299991,41.007364701000085]},"properties":{"OBJECTID_12":1574,"COUNTY":"Wapello","DISTRICT_CODE":"CN","PRECINCT":"Center Township","POLLING_PLACE":"FIRST PENTECOSTAL ASSEMBLY OF GOD CHURCH","ADDR_LINE_1":"733 CHURCH ST","CITY_1":"OTTUMWA","ZIP":"52501","House_Dist":81,"Senate_Dis":"41","Congressio":"2","SOSID_NEW":"90_CN"}},{"type":"Feature","id":1575,"geometry":{"type":"Point","coordinates":[-92.42352088599995,41.002132680000045]},"properties":{"OBJECTID_12":1575,"COUNTY":"Wapello","DISTRICT_CODE":"OT06","PRECINCT":"Ottumwa 6","POLLING_PLACE":"SOUTHOAK TOWERS","ADDR_LINE_1":"102 W FINLEY AVE","CITY_1":"OTTUMWA","ZIP":"52501","House_Dist":81,"Senate_Dis":"41","Congressio":"2","SOSID_NEW":"90_OT06"}},{"type":"Feature","id":1576,"geometry":{"type":"Point","coordinates":[-92.4210744589999,41.00065013900007]},"properties":{"OBJECTID_12":1576,"COUNTY":"Wapello","DISTRICT_CODE":"OT07","PRECINCT":"Ottumwa 7","POLLING_PLACE":"DAVIS STREET CHRISTIAN CHURCH","ADDR_LINE_1":"202 S DAVIS ST","CITY_1":"OTTUMWA","ZIP":"52501","House_Dist":81,"Senate_Dis":"41","Congressio":"2","SOSID_NEW":"90_OT07"}},{"type":"Feature","id":1577,"geometry":{"type":"Point","coordinates":[-92.43647098399993,40.998512574000074]},"properties":{"OBJECTID_12":1577,"COUNTY":"Wapello","DISTRICT_CODE":"OT09","PRECINCT":"Ottumwa 9","POLLING_PLACE":"BIBLE BAPTIST CHURCH","ADDR_LINE_1":"944 W WILLIAMS ST","CITY_1":"OTTUMWA","ZIP":"52501","House_Dist":81,"Senate_Dis":"41","Congressio":"2","SOSID_NEW":"90_OT09"}},{"type":"Feature","id":1578,"geometry":{"type":"Point","coordinates":[-92.4344231639999,41.00869805700006]},"properties":{"OBJECTID_12":1578,"COUNTY":"Wapello","DISTRICT_CODE":"OT10","PRECINCT":"Ottumwa 10","POLLING_PLACE":"CAMELOT TOWERS","ADDR_LINE_1":"827 ALBIA RD","CITY_1":"OTTUMWA","ZIP":"52501","House_Dist":81,"Senate_Dis":"41","Congressio":"2","SOSID_NEW":"90_OT10"}},{"type":"Feature","id":1579,"geometry":{"type":"Point","coordinates":[-91.82113609099991,41.17490690100004]},"properties":{"OBJECTID_12":1579,"COUNTY":"Washington","DISTRICT_CODE":"BMC","PRECINCT":"Brighton/Marion/Crawford","POLLING_PLACE":"BRIGHTON COMMUNITY BLDG","ADDR_LINE_1":"100 E WASHINGTON ST","CITY_1":"BRIGHTON","ZIP":"52540","House_Dist":84,"Senate_Dis":"42","Congressio":"2","SOSID_NEW":"92_BMC"}},{"type":"Feature","id":1580,"geometry":{"type":"Point","coordinates":[-93.76082005299992,41.485343586000056]},"properties":{"OBJECTID_12":1580,"COUNTY":"Warren","DISTRICT_CODE":"CM WDM","PRECINCT":"Cumming West Des Moines","POLLING_PLACE":"HARVEST CHURCH","ADDR_LINE_1":"4225 N. BIRCH ST","CITY_1":"CUMMING","ZIP":"50061","House_Dist":42,"Senate_Dis":"21","Congressio":"3","SOSID_NEW":"91_CM WDM"}},{"type":"Feature","id":1581,"geometry":{"type":"Point","coordinates":[-93.31728681699991,40.75809137600004]},"properties":{"OBJECTID_12":1581,"COUNTY":"Wayne","DISTRICT_CODE":"C02","PRECINCT":"C02","POLLING_PLACE":"BASEMENT COURTHOUSE","ADDR_LINE_1":"100 LAFAYETTE","CITY_1":"CORYDON","ZIP":"50060","House_Dist":27,"Senate_Dis":"14","Congressio":"2","SOSID_NEW":"93_C02"}},{"type":"Feature","id":1582,"geometry":{"type":"Point","coordinates":[-93.49517566599991,40.858910963000085]},"properties":{"OBJECTID_12":1582,"COUNTY":"Wayne","DISTRICT_CODE":"H03","PRECINCT":"H03","POLLING_PLACE":"COMMUNTIY BLDG, HUMESTON","ADDR_LINE_1":"BROAD STREET","CITY_1":"HUMESTON","ZIP":"50123","House_Dist":27,"Senate_Dis":"14","Congressio":"2","SOSID_NEW":"93_H03"}},{"type":"Feature","id":1583,"geometry":{"type":"Point","coordinates":[-93.1150717989999,40.68278006400004]},"properties":{"OBJECTID_12":1583,"COUNTY":"Wayne","DISTRICT_CODE":"S04","PRECINCT":"S04","POLLING_PLACE":"COMMUNITY BLDG, SEYMOUR","ADDR_LINE_1":"228 E 2ND STREET","CITY_1":"SEYMOUR","ZIP":"52590","House_Dist":27,"Senate_Dis":"14","Congressio":"2","SOSID_NEW":"93_S04"}},{"type":"Feature","id":1584,"geometry":{"type":"Point","coordinates":[-90.63658000499993,41.53813335800004]},"properties":{"OBJECTID_12":1584,"COUNTY":"Scott","DISTRICT_CODE":"D12","PRECINCT":"Davenport City D12","POLLING_PLACE":"(D12) NEW HOPE PRESBYTERIAN CHURCH","ADDR_LINE_1":"4209 W LOCUST ST","CITY_1":"DAVENPORT","ZIP":"52804","House_Dist":89,"Senate_Dis":"45","Congressio":"2","SOSID_NEW":"82_D12"}},{"type":"Feature","id":1585,"geometry":{"type":"Point","coordinates":[-90.63849961699992,41.567693286000065]},"properties":{"OBJECTID_12":1585,"COUNTY":"Scott","DISTRICT_CODE":"D22","PRECINCT":"Davenport City D22","POLLING_PLACE":"(D22) SEVENTH DAY ADVENTIST SCHOOL","ADDR_LINE_1":"4444 W KIMBERLY RD","CITY_1":"DAVENPORT","ZIP":"52806","House_Dist":89,"Senate_Dis":"45","Congressio":"2","SOSID_NEW":"82_D22"}},{"type":"Feature","id":1586,"geometry":{"type":"Point","coordinates":[-90.61105044599992,41.56262793500008]},"properties":{"OBJECTID_12":1586,"COUNTY":"Scott","DISTRICT_CODE":"D23","PRECINCT":"Davenport City D23","POLLING_PLACE":"(D23) CHRIST UNITED METHODIST CHURCH","ADDR_LINE_1":"2330 W 41ST ST","CITY_1":"DAVENPORT","ZIP":"52806","House_Dist":89,"Senate_Dis":"45","Congressio":"2","SOSID_NEW":"82_D23"}},{"type":"Feature","id":1587,"geometry":{"type":"Point","coordinates":[-90.62721038699993,41.54541786100003]},"properties":{"OBJECTID_12":1587,"COUNTY":"Scott","DISTRICT_CODE":"D24","PRECINCT":"Davenport City D24","POLLING_PLACE":"(D24) THE SALVATION ARMY","ADDR_LINE_1":"3400 W CENTRAL PARK AV","CITY_1":"DAVENPORT","ZIP":"52804","House_Dist":89,"Senate_Dis":"45","Congressio":"2","SOSID_NEW":"82_D24"}},{"type":"Feature","id":1588,"geometry":{"type":"Point","coordinates":[-90.59127156499994,41.52784764100005]},"properties":{"OBJECTID_12":1588,"COUNTY":"Scott","DISTRICT_CODE":"D32","PRECINCT":"Davenport City D32","POLLING_PLACE":"(D32) ZION LUTHERAN CHURCH","ADDR_LINE_1":"1216 W 8TH ST","CITY_1":"DAVENPORT","ZIP":"52802","House_Dist":90,"Senate_Dis":"45","Congressio":"2","SOSID_NEW":"82_D32"}},{"type":"Feature","id":1589,"geometry":{"type":"Point","coordinates":[-90.5818005459999,41.52352822200004]},"properties":{"OBJECTID_12":1589,"COUNTY":"Scott","DISTRICT_CODE":"D33","PRECINCT":"Davenport City D33","POLLING_PLACE":"(D33) SCOTT COUNTY ADMIN. CENTER","ADDR_LINE_1":"600 W 4TH ST","CITY_1":"DAVENPORT","ZIP":"52801","House_Dist":90,"Senate_Dis":"45","Congressio":"2","SOSID_NEW":"82_D33"}},{"type":"Feature","id":1590,"geometry":{"type":"Point","coordinates":[-90.5771288549999,41.528414714000064]},"properties":{"OBJECTID_12":1590,"COUNTY":"Scott","DISTRICT_CODE":"D34","PRECINCT":"Davenport City D34","POLLING_PLACE":"(D34) UNITED NEIGHBORS","ADDR_LINE_1":"808 HARRISON ST","CITY_1":"DAVENPORT","ZIP":"52803","House_Dist":90,"Senate_Dis":"45","Congressio":"2","SOSID_NEW":"82_D34"}},{"type":"Feature","id":1591,"geometry":{"type":"Point","coordinates":[-90.61855056999991,41.53815317200008]},"properties":{"OBJECTID_12":1591,"COUNTY":"Scott","DISTRICT_CODE":"D41","PRECINCT":"Davenport City D41","POLLING_PLACE":"(D41) 4H BUILDING M.V. FAIRGROUNDS","ADDR_LINE_1":"2815 W LOCUST ST","CITY_1":"DAVENPORT","ZIP":"52804","House_Dist":90,"Senate_Dis":"45","Congressio":"2","SOSID_NEW":"82_D41"}},{"type":"Feature","id":1592,"geometry":{"type":"Point","coordinates":[-90.57997067899993,41.53830818600005]},"properties":{"OBJECTID_12":1592,"COUNTY":"Scott","DISTRICT_CODE":"D44","PRECINCT":"Davenport City D44","POLLING_PLACE":"(D44) ST AMBROSE - ROGALSKI CENTER","ADDR_LINE_1":"518 W LOCUST ST","CITY_1":"DAVENPORT","ZIP":"52803","House_Dist":90,"Senate_Dis":"45","Congressio":"2","SOSID_NEW":"82_D44"}},{"type":"Feature","id":1593,"geometry":{"type":"Point","coordinates":[-90.56708118899991,41.53513797100004]},"properties":{"OBJECTID_12":1593,"COUNTY":"Scott","DISTRICT_CODE":"D54","PRECINCT":"Davenport City D54","POLLING_PLACE":"(D54) FIRST CHRISTIAN CHURCH","ADDR_LINE_1":"510 E 15TH ST","CITY_1":"DAVENPORT","ZIP":"52803","House_Dist":90,"Senate_Dis":"45","Congressio":"2","SOSID_NEW":"82_D54"}},{"type":"Feature","id":1594,"geometry":{"type":"Point","coordinates":[-90.87935789999995,41.71896034900004]},"properties":{"OBJECTID_12":1594,"COUNTY":"Scott","DISTRICT_CODE":"LB","PRECINCT":"Liberty Twp","POLLING_PLACE":"(LB) NEW LIBERTY FIRE STATION","ADDR_LINE_1":"765 PIKE ST","CITY_1":"NEW LIBERTY","ZIP":"52765","House_Dist":92,"Senate_Dis":"46","Congressio":"2","SOSID_NEW":"82_LB"}},{"type":"Feature","id":1595,"geometry":{"type":"Point","coordinates":[-90.77538998499995,41.50926808100007]},"properties":{"OBJECTID_12":1595,"COUNTY":"Scott","DISTRICT_CODE":"BG","PRECINCT":"Blue Grass","POLLING_PLACE":"(BG) BLUE GRASS PUBLIC SAFETY BUILDING","ADDR_LINE_1":"606 W MAYNE ST","CITY_1":"BLUE GRASS","ZIP":"52726","House_Dist":92,"Senate_Dis":"46","Congressio":"2","SOSID_NEW":"82_BG"}},{"type":"Feature","id":1596,"geometry":{"type":"Point","coordinates":[-90.6754675919999,41.69695066200006]},"properties":{"OBJECTID_12":1596,"COUNTY":"Scott","DISTRICT_CODE":"AG","PRECINCT":"Allens Grove Twp","POLLING_PLACE":"(AG) DONAHUE FIRE STATION","ADDR_LINE_1":"302 N MAIN ST","CITY_1":"DONAHUE","ZIP":"52746","House_Dist":92,"Senate_Dis":"46","Congressio":"2","SOSID_NEW":"82_AG"}},{"type":"Feature","id":1597,"geometry":{"type":"Point","coordinates":[-90.6754675919999,41.69695066200006]},"properties":{"OBJECTID_12":1597,"COUNTY":"Scott","DISTRICT_CODE":"DH","PRECINCT":"Donahue City","POLLING_PLACE":"(DH) DONAHUE FIRE STATION","ADDR_LINE_1":"302 N MAIN ST","CITY_1":"DONAHUE","ZIP":"52746","House_Dist":92,"Senate_Dis":"46","Congressio":"2","SOSID_NEW":"82_DH"}},{"type":"Feature","id":1598,"geometry":{"type":"Point","coordinates":[-90.72122941899994,41.64904777500004]},"properties":{"OBJECTID_12":1598,"COUNTY":"Scott","DISTRICT_CODE":"HG","PRECINCT":"Hickory Grove Twp","POLLING_PLACE":"(HG) MAYSVILLE FIRE STATION","ADDR_LINE_1":"9100 NEW LIBERTY RD","CITY_1":"WALCOTT","ZIP":"52773","House_Dist":92,"Senate_Dis":"46","Congressio":"2","SOSID_NEW":"82_HG"}},{"type":"Feature","id":1599,"geometry":{"type":"Point","coordinates":[-90.5829276039999,41.69804158900007]},"properties":{"OBJECTID_12":1599,"COUNTY":"Scott","DISTRICT_CODE":"LG","PRECINCT":"Long Grove City","POLLING_PLACE":"(LG) LONG GROVE COMMUNITY CENTER","ADDR_LINE_1":"114 N 1ST ST","CITY_1":"LONG GROVE","ZIP":"52756","House_Dist":92,"Senate_Dis":"46","Congressio":"2","SOSID_NEW":"82_LG"}},{"type":"Feature","id":1600,"geometry":{"type":"Point","coordinates":[-90.58284368699992,41.69840057000005]},"properties":{"OBJECTID_12":1600,"COUNTY":"Scott","DISTRICT_CODE":"WF","PRECINCT":"Winfield Twp","POLLING_PLACE":"(WF) LONG GROVE FIRE STATION","ADDR_LINE_1":"121 N 1ST ST","CITY_1":"LONG GROVE","ZIP":"52756","House_Dist":92,"Senate_Dis":"46","Congressio":"2","SOSID_NEW":"82_WF"}},{"type":"Feature","id":1601,"geometry":{"type":"Point","coordinates":[-90.77397853999992,41.58802812000005]},"properties":{"OBJECTID_12":1601,"COUNTY":"Scott","DISTRICT_CODE":"WC","PRECINCT":"Walcott","POLLING_PLACE":"(WC) CALVARY UNITED METHODIST CHURCH","ADDR_LINE_1":"100 E JAMES ST","CITY_1":"WALCOTT","ZIP":"52773","House_Dist":92,"Senate_Dis":"46","Congressio":"2","SOSID_NEW":"82_WC"}},{"type":"Feature","id":1602,"geometry":{"type":"Point","coordinates":[-90.5832970749999,41.64839158600006]},"properties":{"OBJECTID_12":1602,"COUNTY":"Scott","DISTRICT_CODE":"EL2","PRECINCT":"Eldridge City 2","POLLING_PLACE":"(EL2) ELDRIDGE UNITED METHODIST CHURCH","ADDR_LINE_1":"604 S 2ND ST","CITY_1":"ELDRIDGE","ZIP":"52748","House_Dist":92,"Senate_Dis":"46","Congressio":"2","SOSID_NEW":"82_EL2"}},{"type":"Feature","id":1603,"geometry":{"type":"Point","coordinates":[-90.57554752899995,41.656270505000066]},"properties":{"OBJECTID_12":1603,"COUNTY":"Scott","DISTRICT_CODE":"EL1","PRECINCT":"Eldridge City 1","POLLING_PLACE":"(EL1) SCOTT COUNTY LIBRARY","ADDR_LINE_1":"200 N 6TH AV","CITY_1":"ELDRIDGE","ZIP":"52748","House_Dist":92,"Senate_Dis":"46","Congressio":"2","SOSID_NEW":"82_EL1"}},{"type":"Feature","id":1604,"geometry":{"type":"Point","coordinates":[-90.57876086899995,41.57451274600004]},"properties":{"OBJECTID_12":1604,"COUNTY":"Scott","DISTRICT_CODE":"D73","PRECINCT":"Davenport City D73","POLLING_PLACE":"(D73) PRINCE OF PEACE LUTHERAN CHURCH","ADDR_LINE_1":"415 W 53RD ST","CITY_1":"DAVENPORT","ZIP":"52806","House_Dist":92,"Senate_Dis":"46","Congressio":"2","SOSID_NEW":"82_D73"}},{"type":"Feature","id":1605,"geometry":{"type":"Point","coordinates":[-90.61231037399995,41.58596748000008]},"properties":{"OBJECTID_12":1605,"COUNTY":"Scott","DISTRICT_CODE":"D21","PRECINCT":"Davenport City D21","POLLING_PLACE":"(D21) HIGH POINT BIBLE CHAPEL","ADDR_LINE_1":"2600 W 63RD ST","CITY_1":"DAVENPORT","ZIP":"52806","House_Dist":92,"Senate_Dis":"46","Congressio":"2","SOSID_NEW":"82_D21"}},{"type":"Feature","id":1606,"geometry":{"type":"Point","coordinates":[-90.60982431899993,41.58826005900005]},"properties":{"OBJECTID_12":1606,"COUNTY":"Scott","DISTRICT_CODE":"D81","PRECINCT":"Davenport City D81","POLLING_PLACE":"(D81) ADVENTURE CHRISTIAN CHURCH","ADDR_LINE_1":"6509 NORTHWEST BLVD","CITY_1":"DAVENPORT","ZIP":"52806","House_Dist":92,"Senate_Dis":"46","Congressio":"2","SOSID_NEW":"82_D81"}},{"type":"Feature","id":1607,"geometry":{"type":"Point","coordinates":[-90.57962102399995,41.57455820200005]},"properties":{"OBJECTID_12":1607,"COUNTY":"Scott","DISTRICT_CODE":"D83","PRECINCT":"Davenport City D83","POLLING_PLACE":"(D83) NORTH HIGH SCHOOL","ADDR_LINE_1":"626 W 53RD ST","CITY_1":"DAVENPORT","ZIP":"52806","House_Dist":92,"Senate_Dis":"46","Congressio":"2","SOSID_NEW":"82_D83"}},{"type":"Feature","id":1608,"geometry":{"type":"Point","coordinates":[-90.46440461899994,41.53976915800007]},"properties":{"OBJECTID_12":1608,"COUNTY":"Scott","DISTRICT_CODE":"RV","PRECINCT":"Riverdale","POLLING_PLACE":"(RV) RIVERDALE TOWN HALL","ADDR_LINE_1":"110 MANOR DR","CITY_1":"RIVERDALE","ZIP":"52722","House_Dist":94,"Senate_Dis":"47","Congressio":"2","SOSID_NEW":"82_RV"}},{"type":"Feature","id":1609,"geometry":{"type":"Point","coordinates":[-90.42172771799994,41.56991736200007]},"properties":{"OBJECTID_12":1609,"COUNTY":"Scott","DISTRICT_CODE":"PV","PRECINCT":"Pleasant Valley Twp","POLLING_PLACE":"(PV) TRINITY LUTHERAN CHURCH","ADDR_LINE_1":"18137 CRISWELL ST","CITY_1":"PLEASANT VALLEY","ZIP":"52767","House_Dist":94,"Senate_Dis":"47","Congressio":"2","SOSID_NEW":"82_PV"}},{"type":"Feature","id":1610,"geometry":{"type":"Point","coordinates":[-90.48112056499991,41.560758440000086]},"properties":{"OBJECTID_12":1610,"COUNTY":"Scott","DISTRICT_CODE":"B41","PRECINCT":"Bettendorf City B41","POLLING_PLACE":"(B41) BETTENDORF FAMILY Y","ADDR_LINE_1":"3800 TANGLEFOOT LN","CITY_1":"BETTENDORF","ZIP":"52722","House_Dist":94,"Senate_Dis":"47","Congressio":"2","SOSID_NEW":"82_B41"}},{"type":"Feature","id":1611,"geometry":{"type":"Point","coordinates":[-90.46808538499994,41.56033069400007]},"properties":{"OBJECTID_12":1611,"COUNTY":"Scott","DISTRICT_CODE":"B51","PRECINCT":"Bettendorf City B51","POLLING_PLACE":"(B51) TANGLE WOOD PAVILION","ADDR_LINE_1":"4250 MIDDLE RD","CITY_1":"BETTENDORF","ZIP":"52722","House_Dist":94,"Senate_Dis":"47","Congressio":"2","SOSID_NEW":"82_B51"}},{"type":"Feature","id":1612,"geometry":{"type":"Point","coordinates":[-90.46319253099995,41.56818746700009]},"properties":{"OBJECTID_12":1612,"COUNTY":"Scott","DISTRICT_CODE":"B52","PRECINCT":"Bettendorf City B52","POLLING_PLACE":"(B52) SURREY HEIGHTS FIRE STATION","ADDR_LINE_1":"5002 CROW CREEK RD","CITY_1":"BETTENDORF","ZIP":"52722","House_Dist":94,"Senate_Dis":"47","Congressio":"2","SOSID_NEW":"82_B52"}},{"type":"Feature","id":1613,"geometry":{"type":"Point","coordinates":[-90.48106928199991,41.552663901000074]},"properties":{"OBJECTID_12":1613,"COUNTY":"Scott","DISTRICT_CODE":"B31","PRECINCT":"Bettendorf City B31","POLLING_PLACE":"(B31) FIRST BAPTIST CHURCH","ADDR_LINE_1":"3593 MIDDLE RD","CITY_1":"BETTENDORF","ZIP":"52722","House_Dist":94,"Senate_Dis":"47","Congressio":"2","SOSID_NEW":"82_B31"}},{"type":"Feature","id":1614,"geometry":{"type":"Point","coordinates":[-90.49561847299992,41.54777687400008]},"properties":{"OBJECTID_12":1614,"COUNTY":"Scott","DISTRICT_CODE":"B32","PRECINCT":"Bettendorf City B32","POLLING_PLACE":"(B32) HERITAGE CHURCH","ADDR_LINE_1":"2700 MIDDLE RD","CITY_1":"BETTENDORF","ZIP":"52722","House_Dist":94,"Senate_Dis":"47","Congressio":"2","SOSID_NEW":"82_B32"}},{"type":"Feature","id":1615,"geometry":{"type":"Point","coordinates":[-90.50330391499995,41.52983951500005]},"properties":{"OBJECTID_12":1615,"COUNTY":"Scott","DISTRICT_CODE":"B12","PRECINCT":"Bettendorf City B12","POLLING_PLACE":"(B12) MISSISSIPPI BEND A.E.A.","ADDR_LINE_1":"729 21ST ST","CITY_1":"BETTENDORF","ZIP":"52722","House_Dist":94,"Senate_Dis":"47","Congressio":"2","SOSID_NEW":"82_B12"}},{"type":"Feature","id":1616,"geometry":{"type":"Point","coordinates":[-90.5067538539999,41.56611866800006]},"properties":{"OBJECTID_12":1616,"COUNTY":"Scott","DISTRICT_CODE":"B23","PRECINCT":"Bettendorf City B23","POLLING_PLACE":"(B23) PAUL NORTON SCHOOL","ADDR_LINE_1":"4485 GREENBRIER DR","CITY_1":"BETTENDORF","ZIP":"52722","House_Dist":94,"Senate_Dis":"47","Congressio":"2","SOSID_NEW":"82_B23"}},{"type":"Feature","id":1617,"geometry":{"type":"Point","coordinates":[-90.49771058199991,41.56401607000004]},"properties":{"OBJECTID_12":1617,"COUNTY":"Scott","DISTRICT_CODE":"B42","PRECINCT":"Bettendorf City B42","POLLING_PLACE":"(B42) ST JOHN VIANNEY CHURCH","ADDR_LINE_1":"4097 18TH ST","CITY_1":"BETTENDORF","ZIP":"52722","House_Dist":94,"Senate_Dis":"47","Congressio":"2","SOSID_NEW":"82_B42"}},{"type":"Feature","id":1618,"geometry":{"type":"Point","coordinates":[-90.51861069299991,41.57494748600004]},"properties":{"OBJECTID_12":1618,"COUNTY":"Scott","DISTRICT_CODE":"D61","PRECINCT":"Davenport City D61","POLLING_PLACE":"(D61) HARVEST BIBLE CHAPEL","ADDR_LINE_1":"3800 E 53RD ST","CITY_1":"DAVENPORT","ZIP":"52807","House_Dist":94,"Senate_Dis":"47","Congressio":"2","SOSID_NEW":"82_D61"}},{"type":"Feature","id":1619,"geometry":{"type":"Point","coordinates":[-90.55138745799991,41.582641085000034]},"properties":{"OBJECTID_12":1619,"COUNTY":"Scott","DISTRICT_CODE":"D84","PRECINCT":"Davenport City D84","POLLING_PLACE":"(D84) DAVENPORT EASTERN LIBRARY","ADDR_LINE_1":"6000 EASTERN AV","CITY_1":"DAVENPORT","ZIP":"52807","House_Dist":94,"Senate_Dis":"47","Congressio":"2","SOSID_NEW":"82_D84"}},{"type":"Feature","id":1620,"geometry":{"type":"Point","coordinates":[-90.56049599999994,41.56797767300009]},"properties":{"OBJECTID_12":1620,"COUNTY":"Scott","DISTRICT_CODE":"D74","PRECINCT":"Davenport City D74","POLLING_PLACE":"(D74) DAVENPORT PUBLIC WORKS CENTER","ADDR_LINE_1":"1200 E 46TH ST","CITY_1":"DAVENPORT","ZIP":"52807","House_Dist":93,"Senate_Dis":"47","Congressio":"2","SOSID_NEW":"82_D74"}},{"type":"Feature","id":1621,"geometry":{"type":"Point","coordinates":[-93.45414184899994,43.36274919300007]},"properties":{"OBJECTID_12":1621,"COUNTY":"Worth","DISTRICT_CODE":"W21","PRECINCT":"Joice Bristol Silver Lake","POLLING_PLACE":"JOICE COMMUNITY CENTER","ADDR_LINE_1":"201 MAIN ST","CITY_1":"JOICE","ZIP":"50446","House_Dist":51,"Senate_Dis":"26","Congressio":"1","SOSID_NEW":"98_W21"}},{"type":"Feature","id":1622,"geometry":{"type":"Point","coordinates":[-93.20812834599991,43.35435393800009]},"properties":{"OBJECTID_12":1622,"COUNTY":"Worth","DISTRICT_CODE":"W22","PRECINCT":"Kensett Brookfield","POLLING_PLACE":"KENSETT CITY HALL","ADDR_LINE_1":"207 5TH ST","CITY_1":"KENSETT","ZIP":"50448","House_Dist":51,"Senate_Dis":"26","Congressio":"1","SOSID_NEW":"98_W22"}},{"type":"Feature","id":1623,"geometry":{"type":"Point","coordinates":[-93.37870341799993,43.28114829600008]},"properties":{"OBJECTID_12":1623,"COUNTY":"Worth","DISTRICT_CODE":"W23","PRECINCT":"Hanlontown Danville","POLLING_PLACE":"HANLONTOWN COMMUNITY CENTER","ADDR_LINE_1":"214 MAIN ST","CITY_1":"HANLONTOWN","ZIP":"50444","House_Dist":51,"Senate_Dis":"26","Congressio":"1","SOSID_NEW":"98_W23"}},{"type":"Feature","id":1624,"geometry":{"type":"Point","coordinates":[-93.22093846199994,43.44519044000003]},"properties":{"OBJECTID_12":1624,"COUNTY":"Worth","DISTRICT_CODE":"W31","PRECINCT":"Northwood Deer Creek Grove Hartland","POLLING_PLACE":"NORTHWOOD FIRE STATION","ADDR_LINE_1":"98 8TH ST N","CITY_1":"NORTHWOOD","ZIP":"50459","House_Dist":51,"Senate_Dis":"26","Congressio":"1","SOSID_NEW":"98_W31"}},{"type":"Feature","id":1625,"geometry":{"type":"Point","coordinates":[-91.99056352999992,43.296464599000046]},"properties":{"OBJECTID_12":1625,"COUNTY":"Winneshiek","DISTRICT_CODE":"09","PRECINCT":"BLF/BO/FR/LI/MA/OR","POLLING_PLACE":"RIDGEWAY COMMUNITY CENTER","ADDR_LINE_1":"690 COUNTY RD","CITY_1":"RIDGEWAY","ZIP":"52165","House_Dist":51,"Senate_Dis":"26","Congressio":"1","SOSID_NEW":"96_09"}},{"type":"Feature","id":1626,"geometry":{"type":"Point","coordinates":[-91.80948861899992,43.442228853000074]},"properties":{"OBJECTID_12":1626,"COUNTY":"Winneshiek","DISTRICT_CODE":"01","PRECINCT":"HE/HI/PL","POLLING_PLACE":"NORTH WINN SCHOOL","ADDR_LINE_1":"3495 NORTH WINN RD","CITY_1":"DECORAH","ZIP":"52101","House_Dist":55,"Senate_Dis":"28","Congressio":"1","SOSID_NEW":"96_01"}},{"type":"Feature","id":1627,"geometry":{"type":"Point","coordinates":[-91.7925699249999,43.30238738600008]},"properties":{"OBJECTID_12":1627,"COUNTY":"Winneshiek","DISTRICT_CODE":"02","PRECINCT":"FR/GL/DEW3/DETSUP1","POLLING_PLACE":"1ST LUTHERAN CHURCH","ADDR_LINE_1":"604 W BROADWAY ST","CITY_1":"DECORAH","ZIP":"52101","House_Dist":55,"Senate_Dis":"28","Congressio":"1","SOSID_NEW":"96_02"}},{"type":"Feature","id":1628,"geometry":{"type":"Point","coordinates":[-91.78543393699994,43.30598098100006]},"properties":{"OBJECTID_12":1628,"COUNTY":"Winneshiek","DISTRICT_CODE":"03","PRECINCT":"DEW1/DETSUP2","POLLING_PLACE":"DECORAH CITY HALL","ADDR_LINE_1":"400 CLAIBORNE DR","CITY_1":"DECORAH","ZIP":"52101","House_Dist":55,"Senate_Dis":"28","Congressio":"1","SOSID_NEW":"96_03"}},{"type":"Feature","id":1629,"geometry":{"type":"Point","coordinates":[-91.7877912909999,43.303241712000045]},"properties":{"OBJECTID_12":1629,"COUNTY":"Winneshiek","DISTRICT_CODE":"04","PRECINCT":"DEW2","POLLING_PLACE":"COURTHOUSE - DE2","ADDR_LINE_1":"201 W MAIN ST","CITY_1":"DECORAH","ZIP":"52101","House_Dist":55,"Senate_Dis":"28","Congressio":"1","SOSID_NEW":"96_04"}},{"type":"Feature","id":1630,"geometry":{"type":"Point","coordinates":[-91.7877912909999,43.303241712000045]},"properties":{"OBJECTID_12":1630,"COUNTY":"Winneshiek","DISTRICT_CODE":"11","PRECINCT":"DETSUP5","POLLING_PLACE":"COURTHOUSE - DET","ADDR_LINE_1":"201 W MAIN ST","CITY_1":"DECORAH","ZIP":"52101","House_Dist":55,"Senate_Dis":"28","Congressio":"1","SOSID_NEW":"96_11"}},{"type":"Feature","id":1631,"geometry":{"type":"Point","coordinates":[-91.80520066999992,43.30727208300004]},"properties":{"OBJECTID_12":1631,"COUNTY":"Winneshiek","DISTRICT_CODE":"05","PRECINCT":"CN/DEW4/DETSUP3","POLLING_PLACE":"GOOD SHEPHERD LUTH CHURCH-4","ADDR_LINE_1":"701 IOWA AVE","CITY_1":"DECORAH","ZIP":"52101","House_Dist":55,"Senate_Dis":"28","Congressio":"1","SOSID_NEW":"96_05"}},{"type":"Feature","id":1632,"geometry":{"type":"Point","coordinates":[-91.80520066999992,43.30727208300004]},"properties":{"OBJECTID_12":1632,"COUNTY":"Winneshiek","DISTRICT_CODE":"06","PRECINCT":"DEW5","POLLING_PLACE":"GOOD SHEPHERD LUTH CHURCH-5","ADDR_LINE_1":"701 IOWA AVE","CITY_1":"DECORAH","ZIP":"52101","House_Dist":55,"Senate_Dis":"28","Congressio":"1","SOSID_NEW":"96_06"}},{"type":"Feature","id":1633,"geometry":{"type":"Point","coordinates":[-91.85944864999993,43.183820163000064]},"properties":{"OBJECTID_12":1633,"COUNTY":"Winneshiek","DISTRICT_CODE":"07","PRECINCT":"CA/SP","POLLING_PLACE":"CALMAR LUTHERAN CHURCH","ADDR_LINE_1":"205 N EAST ST","CITY_1":"CALMAR","ZIP":"52132","House_Dist":55,"Senate_Dis":"28","Congressio":"1","SOSID_NEW":"96_07"}},{"type":"Feature","id":1634,"geometry":{"type":"Point","coordinates":[-91.7661697229999,43.146092269000064]},"properties":{"OBJECTID_12":1634,"COUNTY":"Winneshiek","DISTRICT_CODE":"08","PRECINCT":"MI/BLM","POLLING_PLACE":"OSSIAN COMMUNITY CENTER","ADDR_LINE_1":"123 W MAIN ST","CITY_1":"OSSIAN","ZIP":"52161","House_Dist":55,"Senate_Dis":"28","Congressio":"1","SOSID_NEW":"96_08"}},{"type":"Feature","id":1635,"geometry":{"type":"Point","coordinates":[-91.9361339809999,43.14457940400007]},"properties":{"OBJECTID_12":1635,"COUNTY":"Winneshiek","DISTRICT_CODE":"10","PRECINCT":"JA/SU/WA","POLLING_PLACE":"FT ATKINSON COMMUNITY CENTER","ADDR_LINE_1":"303 3RD ST NW","CITY_1":"FT. ATKINSON","ZIP":"52144","House_Dist":55,"Senate_Dis":"28","Congressio":"1","SOSID_NEW":"96_10"}},{"type":"Feature","id":1636,"geometry":{"type":"Point","coordinates":[-92.4655180819999,42.196848181000064]},"properties":{"OBJECTID_12":1636,"COUNTY":"Tama","DISTRICT_CODE":"PY/CY/B","PRECINCT":"Perry E Crystal Buckingham","POLLING_PLACE":"NORTH TAMA ACTIVITY CENTER","ADDR_LINE_1":"212 N MAIN ST","CITY_1":"TRAER","ZIP":"50675","House_Dist":72,"Senate_Dis":"36","Congressio":"1","SOSID_NEW":"86_PY/CY/B"}},{"type":"Feature","id":1637,"geometry":{"type":"Point","coordinates":[-92.67555651399994,42.09205637700006]},"properties":{"OBJECTID_12":1637,"COUNTY":"Tama","DISTRICT_CODE":"CT","PRECINCT":"Carlton","POLLING_PLACE":"GARWIN COMMUNITY BLDG","ADDR_LINE_1":"614 3RD STREET","CITY_1":"GARWIN","ZIP":"50632","House_Dist":72,"Senate_Dis":"36","Congressio":"1","SOSID_NEW":"86_CT"}},{"type":"Feature","id":1638,"geometry":{"type":"Point","coordinates":[-92.40393954599995,42.07791971100005]},"properties":{"OBJECTID_12":1638,"COUNTY":"Tama","DISTRICT_CODE":"CRONNOC","PRECINCT":"Carroll/Oneida/N Otter Creek","POLLING_PLACE":"CLUTIER FIRE STATION","ADDR_LINE_1":"214 E MAIN ST","CITY_1":"CLUTIER","ZIP":"52217","House_Dist":72,"Senate_Dis":"36","Congressio":"1","SOSID_NEW":"86_CRONNOC"}},{"type":"Feature","id":1639,"geometry":{"type":"Point","coordinates":[-92.30629401199991,42.16978829400006]},"properties":{"OBJECTID_12":1639,"COUNTY":"Tama","DISTRICT_CODE":"CK/GE","PRECINCT":"Clark Geneseo","POLLING_PLACE":"DYSART COMMUNITY BLDG","ADDR_LINE_1":"418 MAIN ST","CITY_1":"DYSART","ZIP":"52224","House_Dist":72,"Senate_Dis":"36","Congressio":"1","SOSID_NEW":"86_CK/GE"}},{"type":"Feature","id":1640,"geometry":{"type":"Point","coordinates":[-92.57959688599993,41.96265667400007]},"properties":{"OBJECTID_12":1640,"COUNTY":"Tama","DISTRICT_CODE":"CB/TM","PRECINCT":"Columbia Tama","POLLING_PLACE":"TAMA CIVIC CTR MAIN W","ADDR_LINE_1":"305 SIEGEL ST","CITY_1":"TAMA","ZIP":"52339","House_Dist":72,"Senate_Dis":"36","Congressio":"1","SOSID_NEW":"86_CB/TM"}},{"type":"Feature","id":1641,"geometry":{"type":"Point","coordinates":[-92.57967222199994,41.962316254000086]},"properties":{"OBJECTID_12":1641,"COUNTY":"Tama","DISTRICT_CODE":"SOC","PRECINCT":"S Otter Creek","POLLING_PLACE":"TAMA CIVIC CTR MAIN S","ADDR_LINE_1":"305 SIEGEL","CITY_1":"TAMA","ZIP":"52339","House_Dist":72,"Senate_Dis":"36","Congressio":"1","SOSID_NEW":"86_SOC"}},{"type":"Feature","id":1642,"geometry":{"type":"Point","coordinates":[-92.71485374999992,42.18665528200006]},"properties":{"OBJECTID_12":1642,"COUNTY":"Tama","DISTRICT_CODE":"SP/WC","PRECINCT":"Spring Creek West Crystal","POLLING_PLACE":"GLADBROOK MEMORIAL BUILDING","ADDR_LINE_1":"421 JOHNSTON ST","CITY_1":"GLADBROOK","ZIP":"50635","House_Dist":72,"Senate_Dis":"36","Congressio":"1","SOSID_NEW":"86_SP/WC"}},{"type":"Feature","id":1643,"geometry":{"type":"Point","coordinates":[-92.61024074799991,42.25353676100008]},"properties":{"OBJECTID_12":1643,"COUNTY":"Tama","DISTRICT_CODE":"GR","PRECINCT":"Grant","POLLING_PLACE":"AMITY PRESBYTERIAN CHURCH","ADDR_LINE_1":"1803 HWY D65","CITY_1":"REINBECK","ZIP":"50669","House_Dist":72,"Senate_Dis":"36","Congressio":"1","SOSID_NEW":"86_GR"}},{"type":"Feature","id":1644,"geometry":{"type":"Point","coordinates":[-92.7146095999999,41.98114465600008]},"properties":{"OBJECTID_12":1644,"COUNTY":"Tama","DISTRICT_CODE":"HL/IV/T","PRECINCT":"Highland/Indian Village/Tama (Part)","POLLING_PLACE":"MONTOUR COMMUNITY BLDG","ADDR_LINE_1":"104 E ELM ST","CITY_1":"MONTOUR","ZIP":"50173","House_Dist":72,"Senate_Dis":"36","Congressio":"1","SOSID_NEW":"86_HL/IV/T"}},{"type":"Feature","id":1645,"geometry":{"type":"Point","coordinates":[-92.69137503999991,42.262993195000035]},"properties":{"OBJECTID_12":1645,"COUNTY":"Tama","DISTRICT_CODE":"LI","PRECINCT":"Lincoln","POLLING_PLACE":"LINCOLN AMVET HALL","ADDR_LINE_1":"103 MAIN ST","CITY_1":"LINCOLN","ZIP":"50652","House_Dist":72,"Senate_Dis":"36","Congressio":"1","SOSID_NEW":"86_LI"}},{"type":"Feature","id":1646,"geometry":{"type":"Point","coordinates":[-92.39466210799992,41.91800178400007]},"properties":{"OBJECTID_12":1646,"COUNTY":"Tama","DISTRICT_CODE":"RL/ST","PRECINCT":"Richland Salt Creek","POLLING_PLACE":"CHELSEA FIRE STATION","ADDR_LINE_1":"707 STATION ST","CITY_1":"CHELSEA","ZIP":"52215","House_Dist":72,"Senate_Dis":"36","Congressio":"1","SOSID_NEW":"86_RL/ST"}},{"type":"Feature","id":1647,"geometry":{"type":"Point","coordinates":[-92.31688346399994,42.00590609000005]},"properties":{"OBJECTID_12":1647,"COUNTY":"Tama","DISTRICT_CODE":"YK","PRECINCT":"York","POLLING_PLACE":"ELBERON COMMUNITY BLDG","ADDR_LINE_1":"102 MAIN ST","CITY_1":"ELBERON","ZIP":"52225","House_Dist":72,"Senate_Dis":"36","Congressio":"1","SOSID_NEW":"86_YK"}},{"type":"Feature","id":1648,"geometry":{"type":"Point","coordinates":[-92.58862940099993,41.988060845000064]},"properties":{"OBJECTID_12":1648,"COUNTY":"Tama","DISTRICT_CODE":"T1/TL/H","PRECINCT":"Toledo 1 Toledo Howard","POLLING_PLACE":"TL1-REINIG/TOLEDO CIVIC CENTER","ADDR_LINE_1":"1007 S PROSPECT DR","CITY_1":"TOLEDO","ZIP":"52342","House_Dist":72,"Senate_Dis":"36","Congressio":"1","SOSID_NEW":"86_T1/TL/H"}},{"type":"Feature","id":1649,"geometry":{"type":"Point","coordinates":[-92.58862940099993,41.988060845000064]},"properties":{"OBJECTID_12":1649,"COUNTY":"Tama","DISTRICT_CODE":"TL2","PRECINCT":"Toledo 2","POLLING_PLACE":"TL2-REINIG/TOLEDO CIVIC CTR EAST","ADDR_LINE_1":"1007 S PROSPECT DR","CITY_1":"TOLEDO","ZIP":"52342","House_Dist":72,"Senate_Dis":"36","Congressio":"1","SOSID_NEW":"86_TL2"}},{"type":"Feature","id":1650,"geometry":{"type":"Point","coordinates":[-92.58862940099993,41.988060845000064]},"properties":{"OBJECTID_12":1650,"COUNTY":"Tama","DISTRICT_CODE":"TL3","PRECINCT":"Toledo 3","POLLING_PLACE":"TL3-REINIG/TOLEDO CIVIC CTR WEST","ADDR_LINE_1":"1007 S PROSPECT DR","CITY_1":"TOLEDO","ZIP":"52342","House_Dist":72,"Senate_Dis":"36","Congressio":"1","SOSID_NEW":"86_TL3"}},{"type":"Feature","id":1651,"geometry":{"type":"Point","coordinates":[-92.6549700839999,41.99016280700005]},"properties":{"OBJECTID_12":1651,"COUNTY":"Tama","DISTRICT_CODE":"IS","PRECINCT":"Indian Settlement","POLLING_PLACE":"INDIAN SETTLEMENT","ADDR_LINE_1":"349 MESKWAKI RD","CITY_1":"TAMA","ZIP":"52339","House_Dist":72,"Senate_Dis":"36","Congressio":"1","SOSID_NEW":"86_IS"}},{"type":"Feature","id":1652,"geometry":{"type":"Point","coordinates":[-92.5221705319999,41.58533343800008]},"properties":{"OBJECTID_12":1652,"COUNTY":"Poweshiek","DISTRICT_CODE":"11","PRECINCT":"Montezuma","POLLING_PLACE":"MONTEZUMA PUBLIC LIBRARY","ADDR_LINE_1":"500 E MAIN ST","CITY_1":"MONTEZUMA","ZIP":"50171","House_Dist":76,"Senate_Dis":"38","Congressio":"1","SOSID_NEW":"79_11"}},{"type":"Feature","id":1653,"geometry":{"type":"Point","coordinates":[-92.7229209269999,41.743268442000044]},"properties":{"OBJECTID_12":1653,"COUNTY":"Poweshiek","DISTRICT_CODE":"06","PRECINCT":"1st Ward","POLLING_PLACE":"GR COMM CTR GYM WEST SIDE","ADDR_LINE_1":"927 4TH AVE","CITY_1":"GRINNELL","ZIP":"50112","House_Dist":76,"Senate_Dis":"38","Congressio":"1","SOSID_NEW":"79_06"}},{"type":"Feature","id":1654,"geometry":{"type":"Point","coordinates":[-92.7229209269999,41.743268442000044]},"properties":{"OBJECTID_12":1654,"COUNTY":"Poweshiek","DISTRICT_CODE":"07","PRECINCT":"2nd Ward","POLLING_PLACE":"GR COMM CTR GYM EAST SIDE","ADDR_LINE_1":"927 4TH AVENUE","CITY_1":"GRINNELL","ZIP":"50112","House_Dist":76,"Senate_Dis":"38","Congressio":"1","SOSID_NEW":"79_07"}},{"type":"Feature","id":1655,"geometry":{"type":"Point","coordinates":[-92.72246978599992,41.743724848000056]},"properties":{"OBJECTID_12":1655,"COUNTY":"Poweshiek","DISTRICT_CODE":"08","PRECINCT":"3rd Ward","POLLING_PLACE":"DRAKE LIBRARY","ADDR_LINE_1":"930 PARK ST","CITY_1":"GRINNELL","ZIP":"50112","House_Dist":76,"Senate_Dis":"38","Congressio":"1","SOSID_NEW":"79_08"}},{"type":"Feature","id":1656,"geometry":{"type":"Point","coordinates":[-92.40836678999995,41.03524511400008]},"properties":{"OBJECTID_12":1656,"COUNTY":"Wapello","DISTRICT_CODE":"OT02","PRECINCT":"Ottumwa 2","POLLING_PLACE":"NORTH COURT BAPTIST CHURCH","ADDR_LINE_1":"1411 N COURT ST","CITY_1":"OTTUMWA","ZIP":"52501","House_Dist":81,"Senate_Dis":"41","Congressio":"2","SOSID_NEW":"90_OT02"}},{"type":"Feature","id":1657,"geometry":{"type":"Point","coordinates":[-92.4269300339999,40.99830278100006]},"properties":{"OBJECTID_12":1657,"COUNTY":"Wapello","DISTRICT_CODE":"OT08","PRECINCT":"Ottumwa 8","POLLING_PLACE":"OTTUMWA BAPTIST TEMPLE CHURCH","ADDR_LINE_1":"238 W WILLIAMS ST","CITY_1":"OTTUMWA","ZIP":"52501","House_Dist":81,"Senate_Dis":"41","Congressio":"2","SOSID_NEW":"90_OT08"}},{"type":"Feature","id":1658,"geometry":{"type":"Point","coordinates":[-90.62968711699995,41.55145059500006]},"properties":{"OBJECTID_12":1658,"COUNTY":"Scott","DISTRICT_CODE":"D11","PRECINCT":"Davenport City D11","POLLING_PLACE":"(D11) DAVENPORT FAIRMOUNT LIBRARY","ADDR_LINE_1":"3000 N FAIRMOUNT ST","CITY_1":"DAVENPORT","ZIP":"52804","House_Dist":89,"Senate_Dis":"45","Congressio":"2","SOSID_NEW":"82_D11"}},{"type":"Feature","id":1659,"geometry":{"type":"Point","coordinates":[-93.67612884699992,41.36664959800004]},"properties":{"OBJECTID_12":1659,"COUNTY":"Warren","DISTRICT_CODE":"IN5","PRECINCT":"INDIANOLA 5","POLLING_PLACE":"MASONIC HALL","ADDR_LINE_1":"1606 HIGHWAY 92","CITY_1":"INDIANOLA","ZIP":"50125","House_Dist":26,"Senate_Dis":"13","Congressio":"3","SOSID_NEW":"91_IN5"}},{"type":"Feature","id":1660,"geometry":{"type":"Point","coordinates":[-93.7398618339999,41.37370100900006]},"properties":{"OBJECTID_12":1660,"COUNTY":"Warren","DISTRICT_CODE":"JF","PRECINCT":"Jefferson","POLLING_PLACE":"MARTENSDALE-ST MARYS SCHOOL","ADDR_LINE_1":"390 BURLINGTON","CITY_1":"MARTENSDALE","ZIP":"50160","House_Dist":26,"Senate_Dis":"13","Congressio":"3","SOSID_NEW":"91_JF"}},{"type":"Feature","id":1661,"geometry":{"type":"Point","coordinates":[-93.67612884699992,41.36664959800004]},"properties":{"OBJECTID_12":1661,"COUNTY":"Warren","DISTRICT_CODE":"UN","PRECINCT":"Union","POLLING_PLACE":"SANDYVILLE CITY HALL","ADDR_LINE_1":"HIGHWAY 92","CITY_1":"SANDYVILLE","ZIP":"50125","House_Dist":26,"Senate_Dis":"13","Congressio":"3","SOSID_NEW":"91_UN"}},{"type":"Feature","id":1662,"geometry":{"type":"Point","coordinates":[-91.81323110499994,41.337832854000055]},"properties":{"OBJECTID_12":1662,"COUNTY":"Washington","DISTRICT_CODE":"WC","PRECINCT":"West Chester","POLLING_PLACE":"WEST CHESTER HERITAGE BLDG","ADDR_LINE_1":"510 MAIN ST","CITY_1":"WEST CHESTER","ZIP":"52359","House_Dist":78,"Senate_Dis":"39","Congressio":"2","SOSID_NEW":"92_WC"}},{"type":"Feature","id":1663,"geometry":{"type":"Point","coordinates":[-90.6008742869999,41.545950504000075]},"properties":{"OBJECTID_12":1663,"COUNTY":"Scott","DISTRICT_CODE":"D42","PRECINCT":"Davenport City D42","POLLING_PLACE":"(D42) NEWCOMB PRESBYTERIAN CHURCH","ADDR_LINE_1":"2619 N DIVISION ST","CITY_1":"DAVENPORT","ZIP":"52804","House_Dist":89,"Senate_Dis":"45","Congressio":"2","SOSID_NEW":"82_D42"}},{"type":"Feature","id":1664,"geometry":{"type":"Point","coordinates":[-90.59208043699994,41.53942358900008]},"properties":{"OBJECTID_12":1664,"COUNTY":"Scott","DISTRICT_CODE":"D43","PRECINCT":"Davenport City D43","POLLING_PLACE":"(D43) HOLY FAMILY CHURCH","ADDR_LINE_1":"1315 W PLEASANT ST","CITY_1":"DAVENPORT","ZIP":"52804","House_Dist":89,"Senate_Dis":"45","Congressio":"2","SOSID_NEW":"82_D43"}},{"type":"Feature","id":1665,"geometry":{"type":"Point","coordinates":[-90.60044421099991,41.567850631000056]},"properties":{"OBJECTID_12":1665,"COUNTY":"Scott","DISTRICT_CODE":"D82","PRECINCT":"Davenport City D82","POLLING_PLACE":"(D82) NORTHSIDE BAPTIST CHURCH","ADDR_LINE_1":"4601 N DIVISION ST","CITY_1":"DAVENPORT","ZIP":"52806","House_Dist":89,"Senate_Dis":"45","Congressio":"2","SOSID_NEW":"82_D82"}},{"type":"Feature","id":1666,"geometry":{"type":"Point","coordinates":[-90.5751104599999,41.547668480000084]},"properties":{"OBJECTID_12":1666,"COUNTY":"Scott","DISTRICT_CODE":"D51","PRECINCT":"Davenport City D51","POLLING_PLACE":"(D51) LIVING HOPE COMMUNITY CHURCH","ADDR_LINE_1":"216 W HAYES ST","CITY_1":"DAVENPORT","ZIP":"52803","House_Dist":89,"Senate_Dis":"45","Congressio":"2","SOSID_NEW":"82_D51"}},{"type":"Feature","id":1667,"geometry":{"type":"Point","coordinates":[-90.58702669799993,41.560035465000055]},"properties":{"OBJECTID_12":1667,"COUNTY":"Scott","DISTRICT_CODE":"D71","PRECINCT":"Davenport City D71","POLLING_PLACE":"(D71) C.A.S.I.","ADDR_LINE_1":"1035 W KIMBERLY RD","CITY_1":"DAVENPORT","ZIP":"52806","House_Dist":89,"Senate_Dis":"45","Congressio":"2","SOSID_NEW":"82_D71"}},{"type":"Feature","id":1668,"geometry":{"type":"Point","coordinates":[-90.58992072699994,41.545537909000075]},"properties":{"OBJECTID_12":1668,"COUNTY":"Scott","DISTRICT_CODE":"D72","PRECINCT":"Davenport City D72","POLLING_PLACE":"(D72) TRINITY LUTHERAN CHURCH","ADDR_LINE_1":"1122 W CENTRAL PARK AV\r\n","CITY_1":"DAVENPORT","ZIP":"52804","House_Dist":89,"Senate_Dis":"45","Congressio":"2","SOSID_NEW":"82_D72"}},{"type":"Feature","id":1669,"geometry":{"type":"Point","coordinates":[-90.68806031899993,41.462761458000045]},"properties":{"OBJECTID_12":1669,"COUNTY":"Scott","DISTRICT_CODE":"BF","PRECINCT":"Buffalo City","POLLING_PLACE":"(BF) BUFFALO FIRE STATION","ADDR_LINE_1":"122 E FRONT ST","CITY_1":"BUFFALO","ZIP":"52728","House_Dist":90,"Senate_Dis":"45","Congressio":"2","SOSID_NEW":"82_BF"}},{"type":"Feature","id":1670,"geometry":{"type":"Point","coordinates":[-90.71942629199992,41.45870588300005]},"properties":{"OBJECTID_12":1670,"COUNTY":"Scott","DISTRICT_CODE":"BU","PRECINCT":"Buffalo Twp","POLLING_PLACE":"(BU) BUFFALO COMMUNITY CENTER","ADDR_LINE_1":"426 CLARK ST","CITY_1":"BUFFALO","ZIP":"52728","House_Dist":90,"Senate_Dis":"45","Congressio":"2","SOSID_NEW":"82_BU"}},{"type":"Feature","id":1671,"geometry":{"type":"Point","coordinates":[-90.6327710839999,41.50924826700009]},"properties":{"OBJECTID_12":1671,"COUNTY":"Scott","DISTRICT_CODE":"D13","PRECINCT":"Davenport City D13","POLLING_PLACE":"(D13) IMMANUAL LUTHERAN CHURCH","ADDR_LINE_1":"3834 ROCKINGHAM RD","CITY_1":"DAVENPORT","ZIP":"52802","House_Dist":90,"Senate_Dis":"45","Congressio":"2","SOSID_NEW":"82_D13"}},{"type":"Feature","id":1672,"geometry":{"type":"Point","coordinates":[-90.63662033799994,41.50342117900004]},"properties":{"OBJECTID_12":1672,"COUNTY":"Scott","DISTRICT_CODE":"D14","PRECINCT":"Davenport City D14","POLLING_PLACE":"(D14) WESTSIDE ASSEMBLY OF GOD","ADDR_LINE_1":"3908 RIVER DR","CITY_1":"DAVENPORT","ZIP":"52802","House_Dist":90,"Senate_Dis":"45","Congressio":"2","SOSID_NEW":"82_D14"}},{"type":"Feature","id":1673,"geometry":{"type":"Point","coordinates":[-90.6158057689999,41.522173888000054]},"properties":{"OBJECTID_12":1673,"COUNTY":"Scott","DISTRICT_CODE":"D31","PRECINCT":"Davenport City D31","POLLING_PLACE":"(D31) ST MARK LUTHERAN CHURCH","ADDR_LINE_1":"2363 W 3RD ST","CITY_1":"DAVENPORT","ZIP":"52802","House_Dist":90,"Senate_Dis":"45","Congressio":"2","SOSID_NEW":"82_D31"}},{"type":"Feature","id":1674,"geometry":{"type":"Point","coordinates":[-90.34016522499991,41.67450025100004]},"properties":{"OBJECTID_12":1674,"COUNTY":"Scott","DISTRICT_CODE":"PR","PRECINCT":"Princeton Twp","POLLING_PLACE":"(PR) PRINCETON COMMUNITY CENTER","ADDR_LINE_1":"428 RIVER DR","CITY_1":"PRINCETON","ZIP":"52768","House_Dist":97,"Senate_Dis":"49","Congressio":"2","SOSID_NEW":"82_PR"}},{"type":"Feature","id":1675,"geometry":{"type":"Point","coordinates":[-90.36315910199994,41.59804128700006]},"properties":{"OBJECTID_12":1675,"COUNTY":"Scott","DISTRICT_CODE":"LC2","PRECINCT":"LeClaire City 2","POLLING_PLACE":"(LC2) LECLAIRE FIRE STATION","ADDR_LINE_1":"201 N 15TH ST","CITY_1":"LECLAIRE","ZIP":"52753","House_Dist":97,"Senate_Dis":"49","Congressio":"2","SOSID_NEW":"82_LC2"}},{"type":"Feature","id":1676,"geometry":{"type":"Point","coordinates":[-90.34996610199994,41.63497672200003]},"properties":{"OBJECTID_12":1676,"COUNTY":"Scott","DISTRICT_CODE":"LCT","PRECINCT":"LeClaire Twp","POLLING_PLACE":"(LCT) OUR LADY OF THE RIVER CATHOLIC CHURCH","ADDR_LINE_1":"28200 226TH PL","CITY_1":"LECLAIRE","ZIP":"52753","House_Dist":97,"Senate_Dis":"49","Congressio":"2","SOSID_NEW":"82_LCT"}},{"type":"Feature","id":1677,"geometry":{"type":"Point","coordinates":[-90.54861765399994,41.69495779500005]},"properties":{"OBJECTID_12":1677,"COUNTY":"Scott","DISTRICT_CODE":"PKV","PRECINCT":"Park View","POLLING_PLACE":"(PKV) PARK VIEW LUTHERAN CHURCH","ADDR_LINE_1":"14 GROVE RD","CITY_1":"ELDRIDGE","ZIP":"52748","House_Dist":97,"Senate_Dis":"49","Congressio":"2","SOSID_NEW":"82_PKV"}},{"type":"Feature","id":1678,"geometry":{"type":"Point","coordinates":[-90.44492003499994,41.74560126100005]},"properties":{"OBJECTID_12":1678,"COUNTY":"Scott","DISTRICT_CODE":"MC","PRECINCT":"McCausland","POLLING_PLACE":"(MC) MCCAUSLAND COMMUNITY CENTER","ADDR_LINE_1":"305 N SALINA","CITY_1":"MCCAUSLAND","ZIP":"52758","House_Dist":97,"Senate_Dis":"49","Congressio":"2","SOSID_NEW":"82_MC"}},{"type":"Feature","id":1679,"geometry":{"type":"Point","coordinates":[-90.35821760699992,41.59576251400006]},"properties":{"OBJECTID_12":1679,"COUNTY":"Scott","DISTRICT_CODE":"LC1","PRECINCT":"LeClaire City 1","POLLING_PLACE":"(LC1) FIRST PRESBYTERIAN CHURCH OF LECLAIRE","ADDR_LINE_1":"200 S 12TH ST","CITY_1":"LECLAIRE","ZIP":"52753","House_Dist":97,"Senate_Dis":"49","Congressio":"2","SOSID_NEW":"82_LC1"}},{"type":"Feature","id":1680,"geometry":{"type":"Point","coordinates":[-93.06547880499994,43.328102019000085]},"properties":{"OBJECTID_12":1680,"COUNTY":"Worth","DISTRICT_CODE":"W11","PRECINCT":"Grafton Barton Deer Creek Union ","POLLING_PLACE":"GRAFTON COMMUNITY CENTER","ADDR_LINE_1":"202 6TH AVE","CITY_1":"GRAFTON","ZIP":"50440","House_Dist":51,"Senate_Dis":"26","Congressio":"1","SOSID_NEW":"98_W11"}},{"type":"Feature","id":1681,"geometry":{"type":"Point","coordinates":[-93.20116646699995,43.28675146000006]},"properties":{"OBJECTID_12":1681,"COUNTY":"Worth","DISTRICT_CODE":"W12","PRECINCT":"Manly Lincoln","POLLING_PLACE":"MANLY CITY HALL","ADDR_LINE_1":"106 S BROADWAY","CITY_1":"MANLY","ZIP":"50456","House_Dist":51,"Senate_Dis":"26","Congressio":"1","SOSID_NEW":"98_W12"}}]}