year,plan2_district,office,district,candidate,party,votes
2014,1,ATTORNEY GENERAL,,ADAM GREGG,REPUBLICAN PARTY,7320.169892
2014,1,ATTORNEY GENERAL,,TOM MILLER,DEMOCRATIC PARTY,8197.776041
2014,1,ATTORNEY GENERAL,,WRITE IN,,21.002214
2014,1,AUDITOR OF STATE,,JONATHAN NEIDERBACH,DEMOCRATIC PARTY,6777.640181
2014,1,AUDITOR OF STATE,,MARY MOSIMAN,REPUBLICAN PARTY,8304.246983
2014,1,AUDITOR OF STATE,,WRITE IN,,24.000238
2014,1,GOVERNOR,,JACK HATCH MONICA VERNON,DEMOCRATIC PARTY,5912.553942
2014,1,GOVERNOR,,JIM HENNAGER MARY MARGARET KRIEG,NEW INDEPENDENT PARTY IOWA,194.021122
2014,1,GOVERNOR,,JONATHAN R NARCISSE MICHAEL L RICHARDS,IOWA PARTY,113.999818
2014,1,GOVERNOR,,LEE DEAKINS HIEB TIM WATSON,LIBERTARIAN PARTY,172.009904
2014,1,GOVERNOR,,TERRY E BRANSTAD KIM REYNOLDS,REPUBLICAN PARTY,9607.376388
2014,1,GOVERNOR,,WRITE IN,,16.998595
2014,1,SECRETARY OF AGRICULTURE,,BILL NORTHEY,REPUBLICAN PARTY,8713.230413
2014,1,SECRETARY OF AGRICULTURE,,LEVI BENNING,NEW INDEPENDENT PARTY IOWA,757.082736
2014,1,SECRETARY OF AGRICULTURE,,SHERRIE TAHA,DEMOCRATIC PARTY,5782.594125
2014,1,SECRETARY OF AGRICULTURE,,WRITE IN,,10.998591
2014,1,SECRETARY OF STATE,,BRAD ANDERSON,DEMOCRATIC PARTY,7444.656579
2014,1,SECRETARY OF STATE,,JAKE PORTER,LIBERTARIAN PARTY,393.994398
2014,1,SECRETARY OF STATE,,PAUL D PATE,REPUBLICAN PARTY,7181.225405
2014,1,SECRETARY OF STATE,,SPENCER HIGHLAND,NEW INDEPENDENT PARTY IOWA,429.022295
2014,1,SECRETARY OF STATE,,WRITE IN,,12.998472
2014,1,TREASURER OF STATE,,KEITH A LAUBE,LIBERTARIAN PARTY,382.013557
2014,1,TREASURER OF STATE,,MICHAEL L FITZGERALD,DEMOCRATIC PARTY,7137.667269
2014,1,TREASURER OF STATE,,SAM CLOVIS,REPUBLICAN PARTY,7956.231164
2014,1,TREASURER OF STATE,,WRITE IN,,9.998928
2014,1,U S SENATE,,BOB QUAST,BOB QUAST FOR TERM LIMITS,129.029492
2014,1,U S SENATE,,BRUCE BRALEY,DEMOCRATIC PARTY,7038.701801
2014,1,U S SENATE,,DOUGLAS BUTZIER,LIBERTARIAN PARTY,102.010569
2014,1,U S SENATE,,JONI ERNST,REPUBLICAN PARTY,8112.131137
2014,1,U S SENATE,,RICK STEWART,INDEPENDENT,560.071416
2014,1,U S SENATE,,RUTH SMITH,,55.994065
2014,1,U S SENATE,,WRITE IN,,25.000638
2014,10,ATTORNEY GENERAL,,ADAM GREGG,REPUBLICAN PARTY,7153.565084
2014,10,ATTORNEY GENERAL,,TOM MILLER,DEMOCRATIC PARTY,7178.381510
2014,10,ATTORNEY GENERAL,,WRITE IN,,29.384821
2014,10,AUDITOR OF STATE,,JONATHAN NEIDERBACH,DEMOCRATIC PARTY,6019.873717
2014,10,AUDITOR OF STATE,,MARY MOSIMAN,REPUBLICAN PARTY,8136.988952
2014,10,AUDITOR OF STATE,,WRITE IN,,29.186164
2014,10,GOVERNOR,,JACK HATCH MONICA VERNON,DEMOCRATIC PARTY,5351.789648
2014,10,GOVERNOR,,JIM HENNAGER MARY MARGARET KRIEG,NEW INDEPENDENT PARTY IOWA,374.061344
2014,10,GOVERNOR,,JONATHAN R NARCISSE MICHAEL L RICHARDS,IOWA PARTY,142.128229
2014,10,GOVERNOR,,LEE DEAKINS HIEB TIM WATSON,LIBERTARIAN PARTY,453.202758
2014,10,GOVERNOR,,TERRY E BRANSTAD KIM REYNOLDS,REPUBLICAN PARTY,8435.039220
2014,10,GOVERNOR,,WRITE IN,,11.087423
2014,10,SECRETARY OF AGRICULTURE,,BILL NORTHEY,REPUBLICAN PARTY,7742.752049
2014,10,SECRETARY OF AGRICULTURE,,LEVI BENNING,NEW INDEPENDENT PARTY IOWA,1062.589333
2014,10,SECRETARY OF AGRICULTURE,,SHERRIE TAHA,DEMOCRATIC PARTY,5425.437700
2014,10,SECRETARY OF AGRICULTURE,,WRITE IN,,14.093160
2014,10,SECRETARY OF STATE,,BRAD ANDERSON,DEMOCRATIC PARTY,6253.958409
2014,10,SECRETARY OF STATE,,JAKE PORTER,LIBERTARIAN PARTY,522.052263
2014,10,SECRETARY OF STATE,,PAUL D PATE,REPUBLICAN PARTY,7095.289082
2014,10,SECRETARY OF STATE,,SPENCER HIGHLAND,NEW INDEPENDENT PARTY IOWA,542.943298
2014,10,SECRETARY OF STATE,,WRITE IN,,11.504688
2014,10,TREASURER OF STATE,,KEITH A LAUBE,LIBERTARIAN PARTY,775.926033
2014,10,TREASURER OF STATE,,MICHAEL L FITZGERALD,DEMOCRATIC PARTY,6526.498553
2014,10,TREASURER OF STATE,,SAM CLOVIS,REPUBLICAN PARTY,7016.653166
2014,10,TREASURER OF STATE,,WRITE IN,,12.588352
2014,10,U S SENATE,,BOB QUAST,BOB QUAST FOR TERM LIMITS,190.128117
2014,10,U S SENATE,,BRUCE BRALEY,DEMOCRATIC PARTY,6404.669937
2014,10,U S SENATE,,DOUGLAS BUTZIER,LIBERTARIAN PARTY,211.983169
2014,10,U S SENATE,,JONI ERNST,REPUBLICAN PARTY,7465.426683
2014,10,U S SENATE,,RICK STEWART,INDEPENDENT,404.855860
2014,10,U S SENATE,,RUTH SMITH,,86.067557
2014,10,U S SENATE,,WRITE IN,,9.202440
2014,11,ATTORNEY GENERAL,,ADAM GREGG,REPUBLICAN PARTY,9653.436598
2014,11,ATTORNEY GENERAL,,TOM MILLER,DEMOCRATIC PARTY,13577.328745
2014,11,ATTORNEY GENERAL,,WRITE IN,,20.407248
2014,11,AUDITOR OF STATE,,JONATHAN NEIDERBACH,DEMOCRATIC PARTY,9478.825720
2014,11,AUDITOR OF STATE,,MARY MOSIMAN,REPUBLICAN PARTY,12788.758430
2014,11,AUDITOR OF STATE,,WRITE IN,,34.407248
2014,11,GOVERNOR,,JACK HATCH MONICA VERNON,DEMOCRATIC PARTY,8793.440910
2014,11,GOVERNOR,,JIM HENNAGER MARY MARGARET KRIEG,NEW INDEPENDENT PARTY IOWA,208.036239
2014,11,GOVERNOR,,JONATHAN R NARCISSE MICHAEL L RICHARDS,IOWA PARTY,319.647109
2014,11,GOVERNOR,,LEE DEAKINS HIEB TIM WATSON,LIBERTARIAN PARTY,585.737704
2014,11,GOVERNOR,,TERRY E BRANSTAD KIM REYNOLDS,REPUBLICAN PARTY,13796.939621
2014,11,GOVERNOR,,WRITE IN,,29.407247
2014,11,SECRETARY OF AGRICULTURE,,BILL NORTHEY,REPUBLICAN PARTY,15126.098378
2014,11,SECRETARY OF AGRICULTURE,,LEVI BENNING,NEW INDEPENDENT PARTY IOWA,675.923207
2014,11,SECRETARY OF AGRICULTURE,,SHERRIE TAHA,DEMOCRATIC PARTY,7032.467656
2014,11,SECRETARY OF AGRICULTURE,,WRITE IN,,17.407247
2014,11,SECRETARY OF STATE,,BRAD ANDERSON,DEMOCRATIC PARTY,10739.654025
2014,11,SECRETARY OF STATE,,JAKE PORTER,LIBERTARIAN PARTY,761.235546
2014,11,SECRETARY OF STATE,,PAUL D PATE,REPUBLICAN PARTY,11032.748938
2014,11,SECRETARY OF STATE,,SPENCER HIGHLAND,NEW INDEPENDENT PARTY IOWA,370.665229
2014,11,SECRETARY OF STATE,,WRITE IN,,11.203624
2014,11,TREASURER OF STATE,,KEITH A LAUBE,LIBERTARIAN PARTY,662.588437
2014,11,TREASURER OF STATE,,MICHAEL L FITZGERALD,DEMOCRATIC PARTY,12202.260584
2014,11,TREASURER OF STATE,,SAM CLOVIS,REPUBLICAN PARTY,10177.269212
2014,11,TREASURER OF STATE,,WRITE IN,,10.203624
2014,11,U S SENATE,,BOB QUAST,BOB QUAST FOR TERM LIMITS,110.628990
2014,11,U S SENATE,,BRUCE BRALEY,DEMOCRATIC PARTY,9621.680780
2014,11,U S SENATE,,DOUGLAS BUTZIER,LIBERTARIAN PARTY,189.850733
2014,11,U S SENATE,,JONI ERNST,REPUBLICAN PARTY,12947.699751
2014,11,U S SENATE,,RICK STEWART,INDEPENDENT,629.312336
2014,11,U S SENATE,,RUTH SMITH,,125.425368
2014,11,U S SENATE,,WRITE IN,,36.203623
2014,12,ATTORNEY GENERAL,,ADAM GREGG,REPUBLICAN PARTY,10157.642200
2014,12,ATTORNEY GENERAL,,TOM MILLER,DEMOCRATIC PARTY,12387.561216
2014,12,ATTORNEY GENERAL,,WRITE IN,,28.518330
2014,12,AUDITOR OF STATE,,JONATHAN NEIDERBACH,DEMOCRATIC PARTY,7864.341630
2014,12,AUDITOR OF STATE,,MARY MOSIMAN,REPUBLICAN PARTY,13741.469498
2014,12,AUDITOR OF STATE,,WRITE IN,,25.250742
2014,12,GOVERNOR,,JACK HATCH MONICA VERNON,DEMOCRATIC PARTY,6616.569911
2014,12,GOVERNOR,,JIM HENNAGER MARY MARGARET KRIEG,NEW INDEPENDENT PARTY IOWA,219.955152
2014,12,GOVERNOR,,JONATHAN R NARCISSE MICHAEL L RICHARDS,IOWA PARTY,241.569649
2014,12,GOVERNOR,,LEE DEAKINS HIEB TIM WATSON,LIBERTARIAN PARTY,592.188531
2014,12,GOVERNOR,,TERRY E BRANSTAD KIM REYNOLDS,REPUBLICAN PARTY,14808.751358
2014,12,GOVERNOR,,WRITE IN,,17.520640
2014,12,SECRETARY OF AGRICULTURE,,BILL NORTHEY,REPUBLICAN PARTY,16126.934088
2014,12,SECRETARY OF AGRICULTURE,,LEVI BENNING,NEW INDEPENDENT PARTY IOWA,810.453757
2014,12,SECRETARY OF AGRICULTURE,,SHERRIE TAHA,DEMOCRATIC PARTY,5352.391232
2014,12,SECRETARY OF AGRICULTURE,,WRITE IN,,16.969871
2014,12,SECRETARY OF STATE,,BRAD ANDERSON,DEMOCRATIC PARTY,9374.988634
2014,12,SECRETARY OF STATE,,JAKE PORTER,LIBERTARIAN PARTY,782.366060
2014,12,SECRETARY OF STATE,,PAUL D PATE,REPUBLICAN PARTY,11630.758067
2014,12,SECRETARY OF STATE,,SPENCER HIGHLAND,NEW INDEPENDENT PARTY IOWA,385.609428
2014,12,SECRETARY OF STATE,,WRITE IN,,17.402056
2014,12,TREASURER OF STATE,,KEITH A LAUBE,LIBERTARIAN PARTY,678.263455
2014,12,TREASURER OF STATE,,MICHAEL L FITZGERALD,DEMOCRATIC PARTY,10916.770186
2014,12,TREASURER OF STATE,,SAM CLOVIS,REPUBLICAN PARTY,10710.547951
2014,12,TREASURER OF STATE,,WRITE IN,,11.438544
2014,12,U S SENATE,,BOB QUAST,BOB QUAST FOR TERM LIMITS,119.701316
2014,12,U S SENATE,,BRUCE BRALEY,DEMOCRATIC PARTY,7688.572311
2014,12,U S SENATE,,DOUGLAS BUTZIER,LIBERTARIAN PARTY,196.860690
2014,12,U S SENATE,,JONI ERNST,REPUBLICAN PARTY,13877.636511
2014,12,U S SENATE,,RICK STEWART,INDEPENDENT,682.035026
2014,12,U S SENATE,,RUTH SMITH,,337.520615
2014,12,U S SENATE,,WRITE IN,,23.253006
2014,13,ATTORNEY GENERAL,,ADAM GREGG,REPUBLICAN PARTY,7718.379181
2014,13,ATTORNEY GENERAL,,TOM MILLER,DEMOCRATIC PARTY,11050.243851
2014,13,ATTORNEY GENERAL,,WRITE IN,,24.000000
2014,13,AUDITOR OF STATE,,JONATHAN NEIDERBACH,DEMOCRATIC PARTY,8224.379182
2014,13,AUDITOR OF STATE,,MARY MOSIMAN,REPUBLICAN PARTY,9854.506469
2014,13,AUDITOR OF STATE,,WRITE IN,,23.000000
2014,13,GOVERNOR,,JACK HATCH MONICA VERNON,DEMOCRATIC PARTY,6781.686909
2014,13,GOVERNOR,,JIM HENNAGER MARY MARGARET KRIEG,NEW INDEPENDENT PARTY IOWA,240.347476
2014,13,GOVERNOR,,JONATHAN R NARCISSE MICHAEL L RICHARDS,IOWA PARTY,208.347476
2014,13,GOVERNOR,,LEE DEAKINS HIEB TIM WATSON,LIBERTARIAN PARTY,386.912460
2014,13,GOVERNOR,,TERRY E BRANSTAD KIM REYNOLDS,REPUBLICAN PARTY,11630.111202
2014,13,GOVERNOR,,WRITE IN,,12.000000
2014,13,SECRETARY OF AGRICULTURE,,BILL NORTHEY,REPUBLICAN PARTY,11276.851264
2014,13,SECRETARY OF AGRICULTURE,,LEVI BENNING,NEW INDEPENDENT PARTY IOWA,812.389906
2014,13,SECRETARY OF AGRICULTURE,,SHERRIE TAHA,DEMOCRATIC PARTY,6387.339433
2014,13,SECRETARY OF AGRICULTURE,,WRITE IN,,15.000000
2014,13,SECRETARY OF STATE,,BRAD ANDERSON,DEMOCRATIC PARTY,8684.639119
2014,13,SECRETARY OF STATE,,JAKE PORTER,LIBERTARIAN PARTY,557.477445
2014,13,SECRETARY OF STATE,,PAUL D PATE,REPUBLICAN PARTY,8775.639118
2014,13,SECRETARY OF STATE,,SPENCER HIGHLAND,NEW INDEPENDENT PARTY IOWA,460.259937
2014,13,SECRETARY OF STATE,,WRITE IN,,15.000000
2014,13,TREASURER OF STATE,,KEITH A LAUBE,LIBERTARIAN PARTY,654.042429
2014,13,TREASURER OF STATE,,MICHAEL L FITZGERALD,DEMOCRATIC PARTY,9908.418930
2014,13,TREASURER OF STATE,,SAM CLOVIS,REPUBLICAN PARTY,8034.466720
2014,13,TREASURER OF STATE,,WRITE IN,,5.000000
2014,13,U S SENATE,,BOB QUAST,BOB QUAST FOR TERM LIMITS,134.564984
2014,13,U S SENATE,,BRUCE BRALEY,DEMOCRATIC PARTY,7750.859307
2014,13,U S SENATE,,DOUGLAS BUTZIER,LIBERTARIAN PARTY,139.129969
2014,13,U S SENATE,,JONI ERNST,REPUBLICAN PARTY,10305.418929
2014,13,U S SENATE,,RICK STEWART,INDEPENDENT,661.302366
2014,13,U S SENATE,,RUTH SMITH,,123.000000
2014,13,U S SENATE,,WRITE IN,,24.000000
2014,14,ATTORNEY GENERAL,,ADAM GREGG,REPUBLICAN PARTY,8417.413910
2014,14,ATTORNEY GENERAL,,TOM MILLER,DEMOCRATIC PARTY,8467.287281
2014,14,ATTORNEY GENERAL,,WRITE IN,,14.725460
2014,14,AUDITOR OF STATE,,JONATHAN NEIDERBACH,DEMOCRATIC PARTY,5383.513134
2014,14,AUDITOR OF STATE,,MARY MOSIMAN,REPUBLICAN PARTY,10771.155941
2014,14,AUDITOR OF STATE,,WRITE IN,,27.341072
2014,14,GOVERNOR,,JACK HATCH MONICA VERNON,DEMOCRATIC PARTY,5180.285789
2014,14,GOVERNOR,,JIM HENNAGER MARY MARGARET KRIEG,NEW INDEPENDENT PARTY IOWA,67.149611
2014,14,GOVERNOR,,JONATHAN R NARCISSE MICHAEL L RICHARDS,IOWA PARTY,148.388778
2014,14,GOVERNOR,,LEE DEAKINS HIEB TIM WATSON,LIBERTARIAN PARTY,344.116562
2014,14,GOVERNOR,,TERRY E BRANSTAD KIM REYNOLDS,REPUBLICAN PARTY,11610.730492
2014,14,GOVERNOR,,WRITE IN,,26.411164
2014,14,SECRETARY OF AGRICULTURE,,BILL NORTHEY,REPUBLICAN PARTY,11928.600200
2014,14,SECRETARY OF AGRICULTURE,,LEVI BENNING,NEW INDEPENDENT PARTY IOWA,320.977129
2014,14,SECRETARY OF AGRICULTURE,,SHERRIE TAHA,DEMOCRATIC PARTY,4339.823473
2014,14,SECRETARY OF AGRICULTURE,,WRITE IN,,19.375905
2014,14,SECRETARY OF STATE,,BRAD ANDERSON,DEMOCRATIC PARTY,6668.785453
2014,14,SECRETARY OF STATE,,JAKE PORTER,LIBERTARIAN PARTY,468.624217
2014,14,SECRETARY OF STATE,,PAUL D PATE,REPUBLICAN PARTY,9391.383146
2014,14,SECRETARY OF STATE,,SPENCER HIGHLAND,NEW INDEPENDENT PARTY IOWA,141.249664
2014,14,SECRETARY OF STATE,,WRITE IN,,17.072869
2014,14,TREASURER OF STATE,,KEITH A LAUBE,LIBERTARIAN PARTY,416.607339
2014,14,TREASURER OF STATE,,MICHAEL L FITZGERALD,DEMOCRATIC PARTY,7736.924270
2014,14,TREASURER OF STATE,,SAM CLOVIS,REPUBLICAN PARTY,8634.974085
2014,14,TREASURER OF STATE,,WRITE IN,,9.020831
2014,14,U S SENATE,,BOB QUAST,BOB QUAST FOR TERM LIMITS,51.142402
2014,14,U S SENATE,,BRUCE BRALEY,DEMOCRATIC PARTY,6401.595982
2014,14,U S SENATE,,DOUGLAS BUTZIER,LIBERTARIAN PARTY,107.866635
2014,14,U S SENATE,,JONI ERNST,REPUBLICAN PARTY,10444.960459
2014,14,U S SENATE,,RICK STEWART,INDEPENDENT,268.101495
2014,14,U S SENATE,,RUTH SMITH,,50.147977
2014,14,U S SENATE,,WRITE IN,,20.702940
2014,15,ATTORNEY GENERAL,,ADAM GREGG,REPUBLICAN PARTY,4809.968631
2014,15,ATTORNEY GENERAL,,TOM MILLER,DEMOCRATIC PARTY,11501.699816
2014,15,ATTORNEY GENERAL,,WRITE IN,,31.392555
2014,15,AUDITOR OF STATE,,JONATHAN NEIDERBACH,DEMOCRATIC PARTY,9385.612350
2014,15,AUDITOR OF STATE,,MARY MOSIMAN,REPUBLICAN PARTY,6478.143042
2014,15,AUDITOR OF STATE,,WRITE IN,,43.471879
2014,15,GOVERNOR,,JACK HATCH MONICA VERNON,DEMOCRATIC PARTY,8962.460095
2014,15,GOVERNOR,,JIM HENNAGER MARY MARGARET KRIEG,NEW INDEPENDENT PARTY IOWA,216.264203
2014,15,GOVERNOR,,JONATHAN R NARCISSE MICHAEL L RICHARDS,IOWA PARTY,305.867954
2014,15,GOVERNOR,,LEE DEAKINS HIEB TIM WATSON,LIBERTARIAN PARTY,357.498645
2014,15,GOVERNOR,,TERRY E BRANSTAD KIM REYNOLDS,REPUBLICAN PARTY,6737.768882
2014,15,GOVERNOR,,WRITE IN,,23.234396
2014,15,SECRETARY OF AGRICULTURE,,BILL NORTHEY,REPUBLICAN PARTY,7132.977340
2014,15,SECRETARY OF AGRICULTURE,,LEVI BENNING,NEW INDEPENDENT PARTY IOWA,706.906144
2014,15,SECRETARY OF AGRICULTURE,,SHERRIE TAHA,DEMOCRATIC PARTY,8182.889469
2014,15,SECRETARY OF AGRICULTURE,,WRITE IN,,23.480532
2014,15,SECRETARY OF STATE,,BRAD ANDERSON,DEMOCRATIC PARTY,9991.301631
2014,15,SECRETARY OF STATE,,JAKE PORTER,LIBERTARIAN PARTY,517.711355
2014,15,SECRETARY OF STATE,,PAUL D PATE,REPUBLICAN PARTY,5316.684595
2014,15,SECRETARY OF STATE,,SPENCER HIGHLAND,NEW INDEPENDENT PARTY IOWA,394.195149
2014,15,SECRETARY OF STATE,,WRITE IN,,14.781044
2014,15,TREASURER OF STATE,,KEITH A LAUBE,LIBERTARIAN PARTY,468.718171
2014,15,TREASURER OF STATE,,MICHAEL L FITZGERALD,DEMOCRATIC PARTY,10958.650428
2014,15,TREASURER OF STATE,,SAM CLOVIS,REPUBLICAN PARTY,4784.021966
2014,15,TREASURER OF STATE,,WRITE IN,,20.105700
2014,15,U S SENATE,,BOB QUAST,BOB QUAST FOR TERM LIMITS,98.874441
2014,15,U S SENATE,,BRUCE BRALEY,DEMOCRATIC PARTY,9568.846938
2014,15,U S SENATE,,DOUGLAS BUTZIER,LIBERTARIAN PARTY,136.689239
2014,15,U S SENATE,,JONI ERNST,REPUBLICAN PARTY,6253.437504
2014,15,U S SENATE,,RICK STEWART,INDEPENDENT,428.203904
2014,15,U S SENATE,,RUTH SMITH,,67.458482
2014,15,U S SENATE,,WRITE IN,,32.739540
2014,16,ATTORNEY GENERAL,,ADAM GREGG,REPUBLICAN PARTY,11022.437513
2014,16,ATTORNEY GENERAL,,TOM MILLER,DEMOCRATIC PARTY,15530.163522
2014,16,ATTORNEY GENERAL,,WRITE IN,,38.246977
2014,16,AUDITOR OF STATE,,JONATHAN NEIDERBACH,DEMOCRATIC PARTY,11318.841906
2014,16,AUDITOR OF STATE,,MARY MOSIMAN,REPUBLICAN PARTY,14327.789261
2014,16,AUDITOR OF STATE,,WRITE IN,,57.580724
2014,16,GOVERNOR,,JACK HATCH MONICA VERNON,DEMOCRATIC PARTY,10824.964225
2014,16,GOVERNOR,,JIM HENNAGER MARY MARGARET KRIEG,NEW INDEPENDENT PARTY IOWA,214.098525
2014,16,GOVERNOR,,JONATHAN R NARCISSE MICHAEL L RICHARDS,IOWA PARTY,227.837393
2014,16,GOVERNOR,,LEE DEAKINS HIEB TIM WATSON,LIBERTARIAN PARTY,544.557159
2014,16,GOVERNOR,,TERRY E BRANSTAD KIM REYNOLDS,REPUBLICAN PARTY,15232.429517
2014,16,GOVERNOR,,WRITE IN,,36.228757
2014,16,SECRETARY OF AGRICULTURE,,BILL NORTHEY,REPUBLICAN PARTY,15739.349791
2014,16,SECRETARY OF AGRICULTURE,,LEVI BENNING,NEW INDEPENDENT PARTY IOWA,739.256082
2014,16,SECRETARY OF AGRICULTURE,,SHERRIE TAHA,DEMOCRATIC PARTY,9579.512012
2014,16,SECRETARY OF AGRICULTURE,,WRITE IN,,26.622192
2014,16,SECRETARY OF STATE,,BRAD ANDERSON,DEMOCRATIC PARTY,12831.163515
2014,16,SECRETARY OF STATE,,JAKE PORTER,LIBERTARIAN PARTY,753.425481
2014,16,SECRETARY OF STATE,,PAUL D PATE,REPUBLICAN PARTY,12386.912382
2014,16,SECRETARY OF STATE,,SPENCER HIGHLAND,NEW INDEPENDENT PARTY IOWA,355.501151
2014,16,SECRETARY OF STATE,,WRITE IN,,22.983629
2014,16,TREASURER OF STATE,,KEITH A LAUBE,LIBERTARIAN PARTY,663.906599
2014,16,TREASURER OF STATE,,MICHAEL L FITZGERALD,DEMOCRATIC PARTY,14646.290124
2014,16,TREASURER OF STATE,,SAM CLOVIS,REPUBLICAN PARTY,11011.444790
2014,16,TREASURER OF STATE,,WRITE IN,,29.967997
2014,16,U S SENATE,,BOB QUAST,BOB QUAST FOR TERM LIMITS,108.403797
2014,16,U S SENATE,,BRUCE BRALEY,DEMOCRATIC PARTY,12616.200356
2014,16,U S SENATE,,DOUGLAS BUTZIER,LIBERTARIAN PARTY,213.165202
2014,16,U S SENATE,,JONI ERNST,REPUBLICAN PARTY,13673.165768
2014,16,U S SENATE,,RICK STEWART,INDEPENDENT,410.229916
2014,16,U S SENATE,,RUTH SMITH,,50.537843
2014,16,U S SENATE,,WRITE IN,,33.963307
2014,17,ATTORNEY GENERAL,,ADAM GREGG,REPUBLICAN PARTY,3481.624959
2014,17,ATTORNEY GENERAL,,TOM MILLER,DEMOCRATIC PARTY,11953.406899
2014,17,ATTORNEY GENERAL,,WRITE IN,,44.486932
2014,17,AUDITOR OF STATE,,JONATHAN NEIDERBACH,DEMOCRATIC PARTY,10439.915775
2014,17,AUDITOR OF STATE,,MARY MOSIMAN,REPUBLICAN PARTY,4682.268183
2014,17,AUDITOR OF STATE,,WRITE IN,,41.139412
2014,17,GOVERNOR,,JACK HATCH MONICA VERNON,DEMOCRATIC PARTY,9928.442910
2014,17,GOVERNOR,,JIM HENNAGER MARY MARGARET KRIEG,NEW INDEPENDENT PARTY IOWA,207.157847
2014,17,GOVERNOR,,JONATHAN R NARCISSE MICHAEL L RICHARDS,IOWA PARTY,469.685131
2014,17,GOVERNOR,,LEE DEAKINS HIEB TIM WATSON,LIBERTARIAN PARTY,378.815381
2014,17,GOVERNOR,,TERRY E BRANSTAD KIM REYNOLDS,REPUBLICAN PARTY,4773.679475
2014,17,GOVERNOR,,WRITE IN,,33.587486
2014,17,SECRETARY OF AGRICULTURE,,BILL NORTHEY,REPUBLICAN PARTY,5209.197597
2014,17,SECRETARY OF AGRICULTURE,,LEVI BENNING,NEW INDEPENDENT PARTY IOWA,704.865222
2014,17,SECRETARY OF AGRICULTURE,,SHERRIE TAHA,DEMOCRATIC PARTY,9409.328480
2014,17,SECRETARY OF AGRICULTURE,,WRITE IN,,27.684966
2014,17,SECRETARY OF STATE,,BRAD ANDERSON,DEMOCRATIC PARTY,10905.799403
2014,17,SECRETARY OF STATE,,JAKE PORTER,LIBERTARIAN PARTY,506.095637
2014,17,SECRETARY OF STATE,,PAUL D PATE,REPUBLICAN PARTY,3682.634930
2014,17,SECRETARY OF STATE,,SPENCER HIGHLAND,NEW INDEPENDENT PARTY IOWA,396.556694
2014,17,SECRETARY OF STATE,,WRITE IN,,22.219510
2014,17,TREASURER OF STATE,,KEITH A LAUBE,LIBERTARIAN PARTY,546.803775
2014,17,TREASURER OF STATE,,MICHAEL L FITZGERALD,DEMOCRATIC PARTY,11449.965049
2014,17,TREASURER OF STATE,,SAM CLOVIS,REPUBLICAN PARTY,3428.924199
2014,17,TREASURER OF STATE,,WRITE IN,,22.383250
2014,17,U S SENATE,,BOB QUAST,BOB QUAST FOR TERM LIMITS,116.120109
2014,17,U S SENATE,,BRUCE BRALEY,DEMOCRATIC PARTY,10775.637793
2014,17,U S SENATE,,DOUGLAS BUTZIER,LIBERTARIAN PARTY,156.634120
2014,17,U S SENATE,,JONI ERNST,REPUBLICAN PARTY,4307.817543
2014,17,U S SENATE,,RICK STEWART,INDEPENDENT,423.275292
2014,17,U S SENATE,,RUTH SMITH,,68.091590
2014,17,U S SENATE,,WRITE IN,,20.702382
2014,18,ATTORNEY GENERAL,,ADAM GREGG,REPUBLICAN PARTY,6322.529748
2014,18,ATTORNEY GENERAL,,TOM MILLER,DEMOCRATIC PARTY,18313.650921
2014,18,ATTORNEY GENERAL,,WRITE IN,,74.763385
2014,18,AUDITOR OF STATE,,JONATHAN NEIDERBACH,DEMOCRATIC PARTY,14996.273557
2014,18,AUDITOR OF STATE,,MARY MOSIMAN,REPUBLICAN PARTY,8827.163691
2014,18,AUDITOR OF STATE,,WRITE IN,,79.692552
2014,18,GOVERNOR,,JACK HATCH MONICA VERNON,DEMOCRATIC PARTY,14630.885926
2014,18,GOVERNOR,,JIM HENNAGER MARY MARGARET KRIEG,NEW INDEPENDENT PARTY IOWA,262.095528
2014,18,GOVERNOR,,JONATHAN R NARCISSE MICHAEL L RICHARDS,IOWA PARTY,441.706512
2014,18,GOVERNOR,,LEE DEAKINS HIEB TIM WATSON,LIBERTARIAN PARTY,482.374676
2014,18,GOVERNOR,,TERRY E BRANSTAD KIM REYNOLDS,REPUBLICAN PARTY,9319.865964
2014,18,GOVERNOR,,WRITE IN,,63.443900
2014,18,SECRETARY OF AGRICULTURE,,BILL NORTHEY,REPUBLICAN PARTY,10143.057054
2014,18,SECRETARY OF AGRICULTURE,,LEVI BENNING,NEW INDEPENDENT PARTY IOWA,884.258563
2014,18,SECRETARY OF AGRICULTURE,,SHERRIE TAHA,DEMOCRATIC PARTY,13260.340896
2014,18,SECRETARY OF AGRICULTURE,,WRITE IN,,41.208967
2014,18,SECRETARY OF STATE,,BRAD ANDERSON,DEMOCRATIC PARTY,16439.450786
2014,18,SECRETARY OF STATE,,JAKE PORTER,LIBERTARIAN PARTY,729.424043
2014,18,SECRETARY OF STATE,,PAUL D PATE,REPUBLICAN PARTY,7023.328235
2014,18,SECRETARY OF STATE,,SPENCER HIGHLAND,NEW INDEPENDENT PARTY IOWA,449.456066
2014,18,SECRETARY OF STATE,,WRITE IN,,23.001049
2014,18,TREASURER OF STATE,,KEITH A LAUBE,LIBERTARIAN PARTY,731.765711
2014,18,TREASURER OF STATE,,MICHAEL L FITZGERALD,DEMOCRATIC PARTY,17438.140142
2014,18,TREASURER OF STATE,,SAM CLOVIS,REPUBLICAN PARTY,6349.301903
2014,18,TREASURER OF STATE,,WRITE IN,,20.831708
2014,18,U S SENATE,,BOB QUAST,BOB QUAST FOR TERM LIMITS,129.971664
2014,18,U S SENATE,,BRUCE BRALEY,DEMOCRATIC PARTY,16406.793260
2014,18,U S SENATE,,DOUGLAS BUTZIER,LIBERTARIAN PARTY,193.505041
2014,18,U S SENATE,,JONI ERNST,REPUBLICAN PARTY,7991.629978
2014,18,U S SENATE,,RICK STEWART,INDEPENDENT,424.493659
2014,18,U S SENATE,,RUTH SMITH,,60.537915
2014,18,U S SENATE,,WRITE IN,,45.118644
2014,19,ATTORNEY GENERAL,,ADAM GREGG,REPUBLICAN PARTY,10630.770644
2014,19,ATTORNEY GENERAL,,TOM MILLER,DEMOCRATIC PARTY,12054.790945
2014,19,ATTORNEY GENERAL,,WRITE IN,,17.613790
2014,19,AUDITOR OF STATE,,JONATHAN NEIDERBACH,DEMOCRATIC PARTY,8461.209770
2014,19,AUDITOR OF STATE,,MARY MOSIMAN,REPUBLICAN PARTY,13470.898593
2014,19,AUDITOR OF STATE,,WRITE IN,,32.258764
2014,19,GOVERNOR,,JACK HATCH MONICA VERNON,DEMOCRATIC PARTY,7599.591990
2014,19,GOVERNOR,,JIM HENNAGER MARY MARGARET KRIEG,NEW INDEPENDENT PARTY IOWA,266.805503
2014,19,GOVERNOR,,JONATHAN R NARCISSE MICHAEL L RICHARDS,IOWA PARTY,284.479934
2014,19,GOVERNOR,,LEE DEAKINS HIEB TIM WATSON,LIBERTARIAN PARTY,504.056260
2014,19,GOVERNOR,,TERRY E BRANSTAD KIM REYNOLDS,REPUBLICAN PARTY,14367.451863
2014,19,GOVERNOR,,WRITE IN,,28.259342
2014,19,SECRETARY OF AGRICULTURE,,BILL NORTHEY,REPUBLICAN PARTY,15406.206883
2014,19,SECRETARY OF AGRICULTURE,,LEVI BENNING,NEW INDEPENDENT PARTY IOWA,752.991287
2014,19,SECRETARY OF AGRICULTURE,,SHERRIE TAHA,DEMOCRATIC PARTY,6267.822823
2014,19,SECRETARY OF AGRICULTURE,,WRITE IN,,21.609102
2014,19,SECRETARY OF STATE,,BRAD ANDERSON,DEMOCRATIC PARTY,9318.154715
2014,19,SECRETARY OF STATE,,JAKE PORTER,LIBERTARIAN PARTY,680.852870
2014,19,SECRETARY OF STATE,,PAUL D PATE,REPUBLICAN PARTY,11976.112532
2014,19,SECRETARY OF STATE,,SPENCER HIGHLAND,NEW INDEPENDENT PARTY IOWA,452.710967
2014,19,SECRETARY OF STATE,,WRITE IN,,16.807469
2014,19,TREASURER OF STATE,,KEITH A LAUBE,LIBERTARIAN PARTY,915.622720
2014,19,TREASURER OF STATE,,MICHAEL L FITZGERALD,DEMOCRATIC PARTY,10631.159670
2014,19,TREASURER OF STATE,,SAM CLOVIS,REPUBLICAN PARTY,10974.818808
2014,19,TREASURER OF STATE,,WRITE IN,,14.811395
2014,19,U S SENATE,,BOB QUAST,BOB QUAST FOR TERM LIMITS,158.571500
2014,19,U S SENATE,,BRUCE BRALEY,DEMOCRATIC PARTY,8222.614597
2014,19,U S SENATE,,DOUGLAS BUTZIER,LIBERTARIAN PARTY,154.555739
2014,19,U S SENATE,,JONI ERNST,REPUBLICAN PARTY,13730.212590
2014,19,U S SENATE,,RICK STEWART,INDEPENDENT,634.271617
2014,19,U S SENATE,,RUTH SMITH,,72.810213
2014,19,U S SENATE,,WRITE IN,,32.128957
2014,2,ATTORNEY GENERAL,,ADAM GREGG,REPUBLICAN PARTY,17452.354536
2014,2,ATTORNEY GENERAL,,TOM MILLER,DEMOCRATIC PARTY,3627.269440
2014,2,ATTORNEY GENERAL,,WRITE IN,,9.290105
2014,2,AUDITOR OF STATE,,JONATHAN NEIDERBACH,DEMOCRATIC PARTY,2828.277202
2014,2,AUDITOR OF STATE,,MARY MOSIMAN,REPUBLICAN PARTY,17542.792737
2014,2,AUDITOR OF STATE,,WRITE IN,,14.290105
2014,2,GOVERNOR,,JACK HATCH MONICA VERNON,DEMOCRATIC PARTY,2300.223937
2014,2,GOVERNOR,,JIM HENNAGER MARY MARGARET KRIEG,NEW INDEPENDENT PARTY IOWA,75.477797
2014,2,GOVERNOR,,JONATHAN R NARCISSE MICHAEL L RICHARDS,IOWA PARTY,99.699739
2014,2,GOVERNOR,,LEE DEAKINS HIEB TIM WATSON,LIBERTARIAN PARTY,151.116332
2014,2,GOVERNOR,,TERRY E BRANSTAD KIM REYNOLDS,REPUBLICAN PARTY,19055.254015
2014,2,GOVERNOR,,WRITE IN,,8.290105
2014,2,SECRETARY OF AGRICULTURE,,BILL NORTHEY,REPUBLICAN PARTY,18487.433419
2014,2,SECRETARY OF AGRICULTURE,,LEVI BENNING,NEW INDEPENDENT PARTY IOWA,368.533083
2014,2,SECRETARY OF AGRICULTURE,,SHERRIE TAHA,DEMOCRATIC PARTY,2120.104479
2014,2,SECRETARY OF AGRICULTURE,,WRITE IN,,4.290105
2014,2,SECRETARY OF STATE,,BRAD ANDERSON,DEMOCRATIC PARTY,3644.562573
2014,2,SECRETARY OF STATE,,JAKE PORTER,LIBERTARIAN PARTY,453.922323
2014,2,SECRETARY OF STATE,,PAUL D PATE,REPUBLICAN PARTY,16466.933631
2014,2,SECRETARY OF STATE,,SPENCER HIGHLAND,NEW INDEPENDENT PARTY IOWA,223.662450
2014,2,SECRETARY OF STATE,,WRITE IN,,5.000000
2014,2,TREASURER OF STATE,,KEITH A LAUBE,LIBERTARIAN PARTY,325.294185
2014,2,TREASURER OF STATE,,MICHAEL L FITZGERALD,DEMOCRATIC PARTY,3523.259597
2014,2,TREASURER OF STATE,,SAM CLOVIS,REPUBLICAN PARTY,17252.801283
2014,2,TREASURER OF STATE,,WRITE IN,,5.290105
2014,2,U S SENATE,,BOB QUAST,BOB QUAST FOR TERM LIMITS,45.000398
2014,2,U S SENATE,,BRUCE BRALEY,DEMOCRATIC PARTY,3135.484755
2014,2,U S SENATE,,DOUGLAS BUTZIER,LIBERTARIAN PARTY,74.648691
2014,2,U S SENATE,,JONI ERNST,REPUBLICAN PARTY,17924.964808
2014,2,U S SENATE,,RICK STEWART,INDEPENDENT,357.949834
2014,2,U S SENATE,,RUTH SMITH,,39.477955
2014,2,U S SENATE,,WRITE IN,,13.238899
2014,20,ATTORNEY GENERAL,,ADAM GREGG,REPUBLICAN PARTY,6867.169601
2014,20,ATTORNEY GENERAL,,TOM MILLER,DEMOCRATIC PARTY,11762.630096
2014,20,ATTORNEY GENERAL,,WRITE IN,,20.208360
2014,20,AUDITOR OF STATE,,JONATHAN NEIDERBACH,DEMOCRATIC PARTY,8900.800619
2014,20,AUDITOR OF STATE,,MARY MOSIMAN,REPUBLICAN PARTY,9130.328577
2014,20,AUDITOR OF STATE,,WRITE IN,,30.134546
2014,20,GOVERNOR,,JACK HATCH MONICA VERNON,DEMOCRATIC PARTY,8502.012087
2014,20,GOVERNOR,,JIM HENNAGER MARY MARGARET KRIEG,NEW INDEPENDENT PARTY IOWA,227.683424
2014,20,GOVERNOR,,JONATHAN R NARCISSE MICHAEL L RICHARDS,IOWA PARTY,258.627569
2014,20,GOVERNOR,,LEE DEAKINS HIEB TIM WATSON,LIBERTARIAN PARTY,444.594012
2014,20,GOVERNOR,,TERRY E BRANSTAD KIM REYNOLDS,REPUBLICAN PARTY,9533.846905
2014,20,GOVERNOR,,WRITE IN,,24.219869
2014,20,SECRETARY OF AGRICULTURE,,BILL NORTHEY,REPUBLICAN PARTY,10237.669040
2014,20,SECRETARY OF AGRICULTURE,,LEVI BENNING,NEW INDEPENDENT PARTY IOWA,743.360777
2014,20,SECRETARY OF AGRICULTURE,,SHERRIE TAHA,DEMOCRATIC PARTY,7347.537928
2014,20,SECRETARY OF AGRICULTURE,,WRITE IN,,15.260022
2014,20,SECRETARY OF STATE,,BRAD ANDERSON,DEMOCRATIC PARTY,9837.183852
2014,20,SECRETARY OF STATE,,JAKE PORTER,LIBERTARIAN PARTY,555.148709
2014,20,SECRETARY OF STATE,,PAUL D PATE,REPUBLICAN PARTY,7648.101496
2014,20,SECRETARY OF STATE,,SPENCER HIGHLAND,NEW INDEPENDENT PARTY IOWA,402.852327
2014,20,SECRETARY OF STATE,,WRITE IN,,23.503052
2014,20,TREASURER OF STATE,,KEITH A LAUBE,LIBERTARIAN PARTY,523.512801
2014,20,TREASURER OF STATE,,MICHAEL L FITZGERALD,DEMOCRATIC PARTY,11168.757945
2014,20,TREASURER OF STATE,,SAM CLOVIS,REPUBLICAN PARTY,6804.988283
2014,20,TREASURER OF STATE,,WRITE IN,,17.692666
2014,20,U S SENATE,,BOB QUAST,BOB QUAST FOR TERM LIMITS,132.228601
2014,20,U S SENATE,,BRUCE BRALEY,DEMOCRATIC PARTY,9138.190095
2014,20,U S SENATE,,DOUGLAS BUTZIER,LIBERTARIAN PARTY,155.626442
2014,20,U S SENATE,,JONI ERNST,REPUBLICAN PARTY,8933.581470
2014,20,U S SENATE,,RICK STEWART,INDEPENDENT,513.175033
2014,20,U S SENATE,,RUTH SMITH,,57.109108
2014,20,U S SENATE,,WRITE IN,,20.791143
2014,21,ATTORNEY GENERAL,,ADAM GREGG,REPUBLICAN PARTY,9079.476678
2014,21,ATTORNEY GENERAL,,TOM MILLER,DEMOCRATIC PARTY,10421.082448
2014,21,ATTORNEY GENERAL,,WRITE IN,,32.392577
2014,21,AUDITOR OF STATE,,JONATHAN NEIDERBACH,DEMOCRATIC PARTY,7118.703436
2014,21,AUDITOR OF STATE,,MARY MOSIMAN,REPUBLICAN PARTY,11696.161710
2014,21,AUDITOR OF STATE,,WRITE IN,,37.319642
2014,21,GOVERNOR,,JACK HATCH MONICA VERNON,DEMOCRATIC PARTY,6846.530227
2014,21,GOVERNOR,,JIM HENNAGER MARY MARGARET KRIEG,NEW INDEPENDENT PARTY IOWA,174.144035
2014,21,GOVERNOR,,JONATHAN R NARCISSE MICHAEL L RICHARDS,IOWA PARTY,192.287787
2014,21,GOVERNOR,,LEE DEAKINS HIEB TIM WATSON,LIBERTARIAN PARTY,464.715690
2014,21,GOVERNOR,,TERRY E BRANSTAD KIM REYNOLDS,REPUBLICAN PARTY,12303.037418
2014,21,GOVERNOR,,WRITE IN,,29.268775
2014,21,SECRETARY OF AGRICULTURE,,BILL NORTHEY,REPUBLICAN PARTY,13020.017062
2014,21,SECRETARY OF AGRICULTURE,,LEVI BENNING,NEW INDEPENDENT PARTY IOWA,572.362028
2014,21,SECRETARY OF AGRICULTURE,,SHERRIE TAHA,DEMOCRATIC PARTY,5693.561184
2014,21,SECRETARY OF AGRICULTURE,,WRITE IN,,21.164314
2014,21,SECRETARY OF STATE,,BRAD ANDERSON,DEMOCRATIC PARTY,8316.079120
2014,21,SECRETARY OF STATE,,JAKE PORTER,LIBERTARIAN PARTY,567.994528
2014,21,SECRETARY OF STATE,,PAUL D PATE,REPUBLICAN PARTY,10167.074153
2014,21,SECRETARY OF STATE,,SPENCER HIGHLAND,NEW INDEPENDENT PARTY IOWA,321.131832
2014,21,SECRETARY OF STATE,,WRITE IN,,17.840956
2014,21,TREASURER OF STATE,,KEITH A LAUBE,LIBERTARIAN PARTY,528.280360
2014,21,TREASURER OF STATE,,MICHAEL L FITZGERALD,DEMOCRATIC PARTY,9901.609264
2014,21,TREASURER OF STATE,,SAM CLOVIS,REPUBLICAN PARTY,8970.629405
2014,21,TREASURER OF STATE,,WRITE IN,,18.366264
2014,21,U S SENATE,,BOB QUAST,BOB QUAST FOR TERM LIMITS,95.829974
2014,21,U S SENATE,,BRUCE BRALEY,DEMOCRATIC PARTY,7938.709548
2014,21,U S SENATE,,DOUGLAS BUTZIER,LIBERTARIAN PARTY,137.240843
2014,21,U S SENATE,,JONI ERNST,REPUBLICAN PARTY,11420.128276
2014,21,U S SENATE,,RICK STEWART,INDEPENDENT,387.946415
2014,21,U S SENATE,,RUTH SMITH,,37.529435
2014,21,U S SENATE,,WRITE IN,,32.451610
2014,22,ATTORNEY GENERAL,,ADAM GREGG,REPUBLICAN PARTY,10781.403558
2014,22,ATTORNEY GENERAL,,TOM MILLER,DEMOCRATIC PARTY,14141.776229
2014,22,ATTORNEY GENERAL,,WRITE IN,,36.838632
2014,22,AUDITOR OF STATE,,JONATHAN NEIDERBACH,DEMOCRATIC PARTY,9898.496944
2014,22,AUDITOR OF STATE,,MARY MOSIMAN,REPUBLICAN PARTY,14185.087977
2014,22,AUDITOR OF STATE,,WRITE IN,,56.203672
2014,22,GOVERNOR,,JACK HATCH MONICA VERNON,DEMOCRATIC PARTY,9401.432971
2014,22,GOVERNOR,,JIM HENNAGER MARY MARGARET KRIEG,NEW INDEPENDENT PARTY IOWA,188.168753
2014,22,GOVERNOR,,JONATHAN R NARCISSE MICHAEL L RICHARDS,IOWA PARTY,265.132090
2014,22,GOVERNOR,,LEE DEAKINS HIEB TIM WATSON,LIBERTARIAN PARTY,537.813662
2014,22,GOVERNOR,,TERRY E BRANSTAD KIM REYNOLDS,REPUBLICAN PARTY,15044.549377
2014,22,GOVERNOR,,WRITE IN,,44.852464
2014,22,SECRETARY OF AGRICULTURE,,BILL NORTHEY,REPUBLICAN PARTY,15625.624459
2014,22,SECRETARY OF AGRICULTURE,,LEVI BENNING,NEW INDEPENDENT PARTY IOWA,698.954414
2014,22,SECRETARY OF AGRICULTURE,,SHERRIE TAHA,DEMOCRATIC PARTY,8160.697810
2014,22,SECRETARY OF AGRICULTURE,,WRITE IN,,24.358954
2014,22,SECRETARY OF STATE,,BRAD ANDERSON,DEMOCRATIC PARTY,11344.673422
2014,22,SECRETARY OF STATE,,JAKE PORTER,LIBERTARIAN PARTY,647.060214
2014,22,SECRETARY OF STATE,,PAUL D PATE,REPUBLICAN PARTY,12357.665058
2014,22,SECRETARY OF STATE,,SPENCER HIGHLAND,NEW INDEPENDENT PARTY IOWA,394.807760
2014,22,SECRETARY OF STATE,,WRITE IN,,27.865387
2014,22,TREASURER OF STATE,,KEITH A LAUBE,LIBERTARIAN PARTY,604.657713
2014,22,TREASURER OF STATE,,MICHAEL L FITZGERALD,DEMOCRATIC PARTY,13424.446381
2014,22,TREASURER OF STATE,,SAM CLOVIS,REPUBLICAN PARTY,10705.553114
2014,22,TREASURER OF STATE,,WRITE IN,,17.411712
2014,22,U S SENATE,,BOB QUAST,BOB QUAST FOR TERM LIMITS,114.858184
2014,22,U S SENATE,,BRUCE BRALEY,DEMOCRATIC PARTY,10960.181932
2014,22,U S SENATE,,DOUGLAS BUTZIER,LIBERTARIAN PARTY,180.952852
2014,22,U S SENATE,,JONI ERNST,REPUBLICAN PARTY,13747.609707
2014,22,U S SENATE,,RICK STEWART,INDEPENDENT,409.393762
2014,22,U S SENATE,,RUTH SMITH,,51.069789
2014,22,U S SENATE,,WRITE IN,,33.870190
2014,23,ATTORNEY GENERAL,,ADAM GREGG,REPUBLICAN PARTY,10151.071604
2014,23,ATTORNEY GENERAL,,TOM MILLER,DEMOCRATIC PARTY,10298.069288
2014,23,ATTORNEY GENERAL,,WRITE IN,,26.981115
2014,23,AUDITOR OF STATE,,JONATHAN NEIDERBACH,DEMOCRATIC PARTY,6906.452921
2014,23,AUDITOR OF STATE,,MARY MOSIMAN,REPUBLICAN PARTY,12798.598149
2014,23,AUDITOR OF STATE,,WRITE IN,,27.099569
2014,23,GOVERNOR,,JACK HATCH MONICA VERNON,DEMOCRATIC PARTY,6554.020528
2014,23,GOVERNOR,,JIM HENNAGER MARY MARGARET KRIEG,NEW INDEPENDENT PARTY IOWA,180.935279
2014,23,GOVERNOR,,JONATHAN R NARCISSE MICHAEL L RICHARDS,IOWA PARTY,214.944213
2014,23,GOVERNOR,,LEE DEAKINS HIEB TIM WATSON,LIBERTARIAN PARTY,511.780083
2014,23,GOVERNOR,,TERRY E BRANSTAD KIM REYNOLDS,REPUBLICAN PARTY,13465.486893
2014,23,GOVERNOR,,WRITE IN,,34.450496
2014,23,SECRETARY OF AGRICULTURE,,BILL NORTHEY,REPUBLICAN PARTY,14329.113284
2014,23,SECRETARY OF AGRICULTURE,,LEVI BENNING,NEW INDEPENDENT PARTY IOWA,610.373236
2014,23,SECRETARY OF AGRICULTURE,,SHERRIE TAHA,DEMOCRATIC PARTY,5257.427335
2014,23,SECRETARY OF AGRICULTURE,,WRITE IN,,16.874262
2014,23,SECRETARY OF STATE,,BRAD ANDERSON,DEMOCRATIC PARTY,8054.938526
2014,23,SECRETARY OF STATE,,JAKE PORTER,LIBERTARIAN PARTY,620.634903
2014,23,SECRETARY OF STATE,,PAUL D PATE,REPUBLICAN PARTY,11232.805723
2014,23,SECRETARY OF STATE,,SPENCER HIGHLAND,NEW INDEPENDENT PARTY IOWA,347.577616
2014,23,SECRETARY OF STATE,,WRITE IN,,15.796213
2014,23,TREASURER OF STATE,,KEITH A LAUBE,LIBERTARIAN PARTY,518.241062
2014,23,TREASURER OF STATE,,MICHAEL L FITZGERALD,DEMOCRATIC PARTY,9692.310952
2014,23,TREASURER OF STATE,,SAM CLOVIS,REPUBLICAN PARTY,10073.824209
2014,23,TREASURER OF STATE,,WRITE IN,,9.246176
2014,23,U S SENATE,,BOB QUAST,BOB QUAST FOR TERM LIMITS,102.215182
2014,23,U S SENATE,,BRUCE BRALEY,DEMOCRATIC PARTY,7370.908591
2014,23,U S SENATE,,DOUGLAS BUTZIER,LIBERTARIAN PARTY,137.634338
2014,23,U S SENATE,,JONI ERNST,REPUBLICAN PARTY,12852.905865
2014,23,U S SENATE,,RICK STEWART,INDEPENDENT,437.130598
2014,23,U S SENATE,,RUTH SMITH,,53.240727
2014,23,U S SENATE,,WRITE IN,,22.321987
2014,24,ATTORNEY GENERAL,,ADAM GREGG,REPUBLICAN PARTY,9851.220946
2014,24,ATTORNEY GENERAL,,TOM MILLER,DEMOCRATIC PARTY,14168.045987
2014,24,ATTORNEY GENERAL,,WRITE IN,,22.661375
2014,24,AUDITOR OF STATE,,JONATHAN NEIDERBACH,DEMOCRATIC PARTY,9538.626938
2014,24,AUDITOR OF STATE,,MARY MOSIMAN,REPUBLICAN PARTY,13423.849214
2014,24,AUDITOR OF STATE,,WRITE IN,,23.007798
2014,24,GOVERNOR,,JACK HATCH MONICA VERNON,DEMOCRATIC PARTY,9092.092309
2014,24,GOVERNOR,,JIM HENNAGER MARY MARGARET KRIEG,NEW INDEPENDENT PARTY IOWA,226.804140
2014,24,GOVERNOR,,JONATHAN R NARCISSE MICHAEL L RICHARDS,IOWA PARTY,250.340754
2014,24,GOVERNOR,,LEE DEAKINS HIEB TIM WATSON,LIBERTARIAN PARTY,665.156384
2014,24,GOVERNOR,,TERRY E BRANSTAD KIM REYNOLDS,REPUBLICAN PARTY,14257.401171
2014,24,GOVERNOR,,WRITE IN,,26.026282
2014,24,SECRETARY OF AGRICULTURE,,BILL NORTHEY,REPUBLICAN PARTY,15764.087231
2014,24,SECRETARY OF AGRICULTURE,,LEVI BENNING,NEW INDEPENDENT PARTY IOWA,752.359677
2014,24,SECRETARY OF AGRICULTURE,,SHERRIE TAHA,DEMOCRATIC PARTY,7200.255630
2014,24,SECRETARY OF AGRICULTURE,,WRITE IN,,13.012629
2014,24,SECRETARY OF STATE,,BRAD ANDERSON,DEMOCRATIC PARTY,11093.415079
2014,24,SECRETARY OF STATE,,JAKE PORTER,LIBERTARIAN PARTY,855.856310
2014,24,SECRETARY OF STATE,,PAUL D PATE,REPUBLICAN PARTY,11265.378907
2014,24,SECRETARY OF STATE,,SPENCER HIGHLAND,NEW INDEPENDENT PARTY IOWA,396.471374
2014,24,SECRETARY OF STATE,,WRITE IN,,16.659682
2014,24,TREASURER OF STATE,,KEITH A LAUBE,LIBERTARIAN PARTY,804.011624
2014,24,TREASURER OF STATE,,MICHAEL L FITZGERALD,DEMOCRATIC PARTY,12733.833399
2014,24,TREASURER OF STATE,,SAM CLOVIS,REPUBLICAN PARTY,10276.749483
2014,24,TREASURER OF STATE,,WRITE IN,,12.204684
2014,24,U S SENATE,,BOB QUAST,BOB QUAST FOR TERM LIMITS,118.377321
2014,24,U S SENATE,,BRUCE BRALEY,DEMOCRATIC PARTY,9818.779961
2014,24,U S SENATE,,DOUGLAS BUTZIER,LIBERTARIAN PARTY,216.990615
2014,24,U S SENATE,,JONI ERNST,REPUBLICAN PARTY,13405.017567
2014,24,U S SENATE,,RICK STEWART,INDEPENDENT,733.863654
2014,24,U S SENATE,,RUTH SMITH,,125.728965
2014,24,U S SENATE,,WRITE IN,,27.842179
2014,25,ATTORNEY GENERAL,,ADAM GREGG,REPUBLICAN PARTY,5812.442060
2014,25,ATTORNEY GENERAL,,TOM MILLER,DEMOCRATIC PARTY,11541.505393
2014,25,ATTORNEY GENERAL,,WRITE IN,,29.009110
2014,25,AUDITOR OF STATE,,JONATHAN NEIDERBACH,DEMOCRATIC PARTY,8192.029236
2014,25,AUDITOR OF STATE,,MARY MOSIMAN,REPUBLICAN PARTY,8929.050176
2014,25,AUDITOR OF STATE,,WRITE IN,,28.007233
2014,25,GOVERNOR,,JACK HATCH MONICA VERNON,DEMOCRATIC PARTY,9057.395514
2014,25,GOVERNOR,,JIM HENNAGER MARY MARGARET KRIEG,NEW INDEPENDENT PARTY IOWA,118.835556
2014,25,GOVERNOR,,JONATHAN R NARCISSE MICHAEL L RICHARDS,IOWA PARTY,179.059936
2014,25,GOVERNOR,,LEE DEAKINS HIEB TIM WATSON,LIBERTARIAN PARTY,446.041380
2014,25,GOVERNOR,,TERRY E BRANSTAD KIM REYNOLDS,REPUBLICAN PARTY,8161.400587
2014,25,GOVERNOR,,WRITE IN,,34.717095
2014,25,SECRETARY OF AGRICULTURE,,BILL NORTHEY,REPUBLICAN PARTY,8856.458901
2014,25,SECRETARY OF AGRICULTURE,,LEVI BENNING,NEW INDEPENDENT PARTY IOWA,459.487609
2014,25,SECRETARY OF AGRICULTURE,,SHERRIE TAHA,DEMOCRATIC PARTY,7870.761981
2014,25,SECRETARY OF AGRICULTURE,,WRITE IN,,26.949547
2014,25,SECRETARY OF STATE,,BRAD ANDERSON,DEMOCRATIC PARTY,10057.159435
2014,25,SECRETARY OF STATE,,JAKE PORTER,LIBERTARIAN PARTY,657.945755
2014,25,SECRETARY OF STATE,,PAUL D PATE,REPUBLICAN PARTY,6390.113319
2014,25,SECRETARY OF STATE,,SPENCER HIGHLAND,NEW INDEPENDENT PARTY IOWA,206.380586
2014,25,SECRETARY OF STATE,,WRITE IN,,26.086168
2014,25,TREASURER OF STATE,,KEITH A LAUBE,LIBERTARIAN PARTY,609.736686
2014,25,TREASURER OF STATE,,MICHAEL L FITZGERALD,DEMOCRATIC PARTY,10936.259607
2014,25,TREASURER OF STATE,,SAM CLOVIS,REPUBLICAN PARTY,5790.686750
2014,25,TREASURER OF STATE,,WRITE IN,,16.808815
2014,25,U S SENATE,,BOB QUAST,BOB QUAST FOR TERM LIMITS,49.046296
2014,25,U S SENATE,,BRUCE BRALEY,DEMOCRATIC PARTY,10355.067526
2014,25,U S SENATE,,DOUGLAS BUTZIER,LIBERTARIAN PARTY,153.286255
2014,25,U S SENATE,,JONI ERNST,REPUBLICAN PARTY,7139.631933
2014,25,U S SENATE,,RICK STEWART,INDEPENDENT,318.537514
2014,25,U S SENATE,,RUTH SMITH,,66.130425
2014,25,U S SENATE,,WRITE IN,,23.880467
2014,26,ATTORNEY GENERAL,,ADAM GREGG,REPUBLICAN PARTY,9262.114105
2014,26,ATTORNEY GENERAL,,TOM MILLER,DEMOCRATIC PARTY,12845.138802
2014,26,ATTORNEY GENERAL,,WRITE IN,,16.326702
2014,26,AUDITOR OF STATE,,JONATHAN NEIDERBACH,DEMOCRATIC PARTY,8425.011106
2014,26,AUDITOR OF STATE,,MARY MOSIMAN,REPUBLICAN PARTY,13058.428389
2014,26,AUDITOR OF STATE,,WRITE IN,,14.983095
2014,26,GOVERNOR,,JACK HATCH MONICA VERNON,DEMOCRATIC PARTY,9068.226467
2014,26,GOVERNOR,,JIM HENNAGER MARY MARGARET KRIEG,NEW INDEPENDENT PARTY IOWA,185.406019
2014,26,GOVERNOR,,JONATHAN R NARCISSE MICHAEL L RICHARDS,IOWA PARTY,235.759787
2014,26,GOVERNOR,,LEE DEAKINS HIEB TIM WATSON,LIBERTARIAN PARTY,583.039481
2014,26,GOVERNOR,,TERRY E BRANSTAD KIM REYNOLDS,REPUBLICAN PARTY,12451.688922
2014,26,GOVERNOR,,WRITE IN,,17.270622
2014,26,SECRETARY OF AGRICULTURE,,BILL NORTHEY,REPUBLICAN PARTY,14079.487510
2014,26,SECRETARY OF AGRICULTURE,,LEVI BENNING,NEW INDEPENDENT PARTY IOWA,702.243304
2014,26,SECRETARY OF AGRICULTURE,,SHERRIE TAHA,DEMOCRATIC PARTY,7022.202240
2014,26,SECRETARY OF AGRICULTURE,,WRITE IN,,8.037830
2014,26,SECRETARY OF STATE,,BRAD ANDERSON,DEMOCRATIC PARTY,10282.543955
2014,26,SECRETARY OF STATE,,JAKE PORTER,LIBERTARIAN PARTY,715.467716
2014,26,SECRETARY OF STATE,,PAUL D PATE,REPUBLICAN PARTY,10558.261130
2014,26,SECRETARY OF STATE,,SPENCER HIGHLAND,NEW INDEPENDENT PARTY IOWA,271.235801
2014,26,SECRETARY OF STATE,,WRITE IN,,13.252287
2014,26,TREASURER OF STATE,,KEITH A LAUBE,LIBERTARIAN PARTY,590.441313
2014,26,TREASURER OF STATE,,MICHAEL L FITZGERALD,DEMOCRATIC PARTY,12072.845722
2014,26,TREASURER OF STATE,,SAM CLOVIS,REPUBLICAN PARTY,9321.740294
2014,26,TREASURER OF STATE,,WRITE IN,,4.985557
2014,26,U S SENATE,,BOB QUAST,BOB QUAST FOR TERM LIMITS,83.624046
2014,26,U S SENATE,,BRUCE BRALEY,DEMOCRATIC PARTY,9415.126406
2014,26,U S SENATE,,DOUGLAS BUTZIER,LIBERTARIAN PARTY,165.782892
2014,26,U S SENATE,,JONI ERNST,REPUBLICAN PARTY,12082.736621
2014,26,U S SENATE,,RICK STEWART,INDEPENDENT,603.734123
2014,26,U S SENATE,,RUTH SMITH,,105.148063
2014,26,U S SENATE,,WRITE IN,,25.290418
2014,27,ATTORNEY GENERAL,,ADAM GREGG,REPUBLICAN PARTY,11223.162066
2014,27,ATTORNEY GENERAL,,TOM MILLER,DEMOCRATIC PARTY,13847.723567
2014,27,ATTORNEY GENERAL,,WRITE IN,,26.048003
2014,27,AUDITOR OF STATE,,JONATHAN NEIDERBACH,DEMOCRATIC PARTY,9314.341814
2014,27,AUDITOR OF STATE,,MARY MOSIMAN,REPUBLICAN PARTY,14924.509029
2014,27,AUDITOR OF STATE,,WRITE IN,,37.022648
2014,27,GOVERNOR,,JACK HATCH MONICA VERNON,DEMOCRATIC PARTY,9311.432155
2014,27,GOVERNOR,,JIM HENNAGER MARY MARGARET KRIEG,NEW INDEPENDENT PARTY IOWA,307.274098
2014,27,GOVERNOR,,JONATHAN R NARCISSE MICHAEL L RICHARDS,IOWA PARTY,262.483492
2014,27,GOVERNOR,,LEE DEAKINS HIEB TIM WATSON,LIBERTARIAN PARTY,596.712114
2014,27,GOVERNOR,,TERRY E BRANSTAD KIM REYNOLDS,REPUBLICAN PARTY,15151.749276
2014,27,GOVERNOR,,WRITE IN,,25.369508
2014,27,SECRETARY OF AGRICULTURE,,BILL NORTHEY,REPUBLICAN PARTY,17135.590890
2014,27,SECRETARY OF AGRICULTURE,,LEVI BENNING,NEW INDEPENDENT PARTY IOWA,972.864446
2014,27,SECRETARY OF AGRICULTURE,,SHERRIE TAHA,DEMOCRATIC PARTY,6749.977393
2014,27,SECRETARY OF AGRICULTURE,,WRITE IN,,22.095805
2014,27,SECRETARY OF STATE,,BRAD ANDERSON,DEMOCRATIC PARTY,10812.710726
2014,27,SECRETARY OF STATE,,JAKE PORTER,LIBERTARIAN PARTY,644.076515
2014,27,SECRETARY OF STATE,,PAUL D PATE,REPUBLICAN PARTY,12960.346371
2014,27,SECRETARY OF STATE,,SPENCER HIGHLAND,NEW INDEPENDENT PARTY IOWA,507.185169
2014,27,SECRETARY OF STATE,,WRITE IN,,21.020808
2014,27,TREASURER OF STATE,,KEITH A LAUBE,LIBERTARIAN PARTY,754.154914
2014,27,TREASURER OF STATE,,MICHAEL L FITZGERALD,DEMOCRATIC PARTY,12830.866475
2014,27,TREASURER OF STATE,,SAM CLOVIS,REPUBLICAN PARTY,11364.398446
2014,27,TREASURER OF STATE,,WRITE IN,,11.020807
2014,27,U S SENATE,,BOB QUAST,BOB QUAST FOR TERM LIMITS,129.138225
2014,27,U S SENATE,,BRUCE BRALEY,DEMOCRATIC PARTY,9983.916524
2014,27,U S SENATE,,DOUGLAS BUTZIER,LIBERTARIAN PARTY,155.064407
2014,27,U S SENATE,,JONI ERNST,REPUBLICAN PARTY,14572.045006
2014,27,U S SENATE,,RICK STEWART,INDEPENDENT,697.637989
2014,27,U S SENATE,,RUTH SMITH,,75.859623
2014,27,U S SENATE,,WRITE IN,,19.122304
2014,28,ATTORNEY GENERAL,,ADAM GREGG,REPUBLICAN PARTY,11870.000021
2014,28,ATTORNEY GENERAL,,TOM MILLER,DEMOCRATIC PARTY,12482.000026
2014,28,ATTORNEY GENERAL,,WRITE IN,,19.000000
2014,28,AUDITOR OF STATE,,JONATHAN NEIDERBACH,DEMOCRATIC PARTY,7455.000015
2014,28,AUDITOR OF STATE,,MARY MOSIMAN,REPUBLICAN PARTY,15996.000031
2014,28,AUDITOR OF STATE,,WRITE IN,,20.000000
2014,28,GOVERNOR,,JACK HATCH MONICA VERNON,DEMOCRATIC PARTY,6908.000015
2014,28,GOVERNOR,,JIM HENNAGER MARY MARGARET KRIEG,NEW INDEPENDENT PARTY IOWA,205.000001
2014,28,GOVERNOR,,JONATHAN R NARCISSE MICHAEL L RICHARDS,IOWA PARTY,193.000000
2014,28,GOVERNOR,,LEE DEAKINS HIEB TIM WATSON,LIBERTARIAN PARTY,544.000001
2014,28,GOVERNOR,,TERRY E BRANSTAD KIM REYNOLDS,REPUBLICAN PARTY,16971.000032
2014,28,GOVERNOR,,WRITE IN,,20.000000
2014,28,SECRETARY OF AGRICULTURE,,BILL NORTHEY,REPUBLICAN PARTY,18207.000034
2014,28,SECRETARY OF AGRICULTURE,,LEVI BENNING,NEW INDEPENDENT PARTY IOWA,801.000001
2014,28,SECRETARY OF AGRICULTURE,,SHERRIE TAHA,DEMOCRATIC PARTY,5141.000012
2014,28,SECRETARY OF AGRICULTURE,,WRITE IN,,15.000000
2014,28,SECRETARY OF STATE,,BRAD ANDERSON,DEMOCRATIC PARTY,9185.000019
2014,28,SECRETARY OF STATE,,JAKE PORTER,LIBERTARIAN PARTY,657.000001
2014,28,SECRETARY OF STATE,,PAUL D PATE,REPUBLICAN PARTY,13593.000026
2014,28,SECRETARY OF STATE,,SPENCER HIGHLAND,NEW INDEPENDENT PARTY IOWA,436.000001
2014,28,SECRETARY OF STATE,,WRITE IN,,14.000000
2014,28,TREASURER OF STATE,,KEITH A LAUBE,LIBERTARIAN PARTY,669.000002
2014,28,TREASURER OF STATE,,MICHAEL L FITZGERALD,DEMOCRATIC PARTY,11215.000023
2014,28,TREASURER OF STATE,,SAM CLOVIS,REPUBLICAN PARTY,12157.000022
2014,28,TREASURER OF STATE,,WRITE IN,,10.000000
2014,28,U S SENATE,,BOB QUAST,BOB QUAST FOR TERM LIMITS,106.000000
2014,28,U S SENATE,,BRUCE BRALEY,DEMOCRATIC PARTY,8340.000017
2014,28,U S SENATE,,DOUGLAS BUTZIER,LIBERTARIAN PARTY,123.000000
2014,28,U S SENATE,,JONI ERNST,REPUBLICAN PARTY,15226.000030
2014,28,U S SENATE,,RICK STEWART,INDEPENDENT,781.000001
2014,28,U S SENATE,,RUTH SMITH,,129.000000
2014,28,U S SENATE,,WRITE IN,,22.000000
2014,29,ATTORNEY GENERAL,,ADAM GREGG,REPUBLICAN PARTY,10808.230844
2014,29,ATTORNEY GENERAL,,TOM MILLER,DEMOCRATIC PARTY,13096.136220
2014,29,ATTORNEY GENERAL,,WRITE IN,,16.251297
2014,29,AUDITOR OF STATE,,JONATHAN NEIDERBACH,DEMOCRATIC PARTY,9197.206035
2014,29,AUDITOR OF STATE,,MARY MOSIMAN,REPUBLICAN PARTY,13899.412085
2014,29,AUDITOR OF STATE,,WRITE IN,,17.458131
2014,29,GOVERNOR,,JACK HATCH MONICA VERNON,DEMOCRATIC PARTY,8322.419646
2014,29,GOVERNOR,,JIM HENNAGER MARY MARGARET KRIEG,NEW INDEPENDENT PARTY IOWA,252.083818
2014,29,GOVERNOR,,JONATHAN R NARCISSE MICHAEL L RICHARDS,IOWA PARTY,140.492297
2014,29,GOVERNOR,,LEE DEAKINS HIEB TIM WATSON,LIBERTARIAN PARTY,357.340300
2014,29,GOVERNOR,,TERRY E BRANSTAD KIM REYNOLDS,REPUBLICAN PARTY,15481.195687
2014,29,GOVERNOR,,WRITE IN,,12.000000
2014,29,SECRETARY OF AGRICULTURE,,BILL NORTHEY,REPUBLICAN PARTY,16481.748092
2014,29,SECRETARY OF AGRICULTURE,,LEVI BENNING,NEW INDEPENDENT PARTY IOWA,988.065461
2014,29,SECRETARY OF AGRICULTURE,,SHERRIE TAHA,DEMOCRATIC PARTY,6377.105761
2014,29,SECRETARY OF AGRICULTURE,,WRITE IN,,12.000000
2014,29,SECRETARY OF STATE,,BRAD ANDERSON,DEMOCRATIC PARTY,10505.572529
2014,29,SECRETARY OF STATE,,JAKE PORTER,LIBERTARIAN PARTY,598.586572
2014,29,SECRETARY OF STATE,,PAUL D PATE,REPUBLICAN PARTY,12324.823023
2014,29,SECRETARY OF STATE,,SPENCER HIGHLAND,NEW INDEPENDENT PARTY IOWA,409.837796
2014,29,SECRETARY OF STATE,,WRITE IN,,10.251297
2014,29,TREASURER OF STATE,,KEITH A LAUBE,LIBERTARIAN PARTY,1374.581458
2014,29,TREASURER OF STATE,,MICHAEL L FITZGERALD,DEMOCRATIC PARTY,11811.392393
2014,29,TREASURER OF STATE,,SAM CLOVIS,REPUBLICAN PARTY,10503.487170
2014,29,TREASURER OF STATE,,WRITE IN,,8.000000
2014,29,U S SENATE,,BOB QUAST,BOB QUAST FOR TERM LIMITS,96.418853
2014,29,U S SENATE,,BRUCE BRALEY,DEMOCRATIC PARTY,10101.475789
2014,29,U S SENATE,,DOUGLAS BUTZIER,LIBERTARIAN PARTY,183.418852
2014,29,U S SENATE,,JONI ERNST,REPUBLICAN PARTY,13449.409277
2014,29,U S SENATE,,RICK STEWART,INDEPENDENT,614.793409
2014,29,U S SENATE,,RUTH SMITH,,91.788059
2014,29,U S SENATE,,WRITE IN,,12.000000
2014,3,ATTORNEY GENERAL,,ADAM GREGG,REPUBLICAN PARTY,11066.810496
2014,3,ATTORNEY GENERAL,,TOM MILLER,DEMOCRATIC PARTY,7361.890368
2014,3,ATTORNEY GENERAL,,WRITE IN,,10.964516
2014,3,AUDITOR OF STATE,,JONATHAN NEIDERBACH,DEMOCRATIC PARTY,4751.865186
2014,3,AUDITOR OF STATE,,MARY MOSIMAN,REPUBLICAN PARTY,12949.974049
2014,3,AUDITOR OF STATE,,WRITE IN,,9.103003
2014,3,GOVERNOR,,JACK HATCH MONICA VERNON,DEMOCRATIC PARTY,4198.415744
2014,3,GOVERNOR,,JIM HENNAGER MARY MARGARET KRIEG,NEW INDEPENDENT PARTY IOWA,159.260792
2014,3,GOVERNOR,,JONATHAN R NARCISSE MICHAEL L RICHARDS,IOWA PARTY,135.547286
2014,3,GOVERNOR,,LEE DEAKINS HIEB TIM WATSON,LIBERTARIAN PARTY,225.082777
2014,3,GOVERNOR,,TERRY E BRANSTAD KIM REYNOLDS,REPUBLICAN PARTY,14547.339015
2014,3,GOVERNOR,,WRITE IN,,8.964516
2014,3,SECRETARY OF AGRICULTURE,,BILL NORTHEY,REPUBLICAN PARTY,14752.598743
2014,3,SECRETARY OF AGRICULTURE,,LEVI BENNING,NEW INDEPENDENT PARTY IOWA,507.306989
2014,3,SECRETARY OF AGRICULTURE,,SHERRIE TAHA,DEMOCRATIC PARTY,3336.885234
2014,3,SECRETARY OF AGRICULTURE,,WRITE IN,,8.982258
2014,3,SECRETARY OF STATE,,BRAD ANDERSON,DEMOCRATIC PARTY,6115.251714
2014,3,SECRETARY OF STATE,,JAKE PORTER,LIBERTARIAN PARTY,440.873790
2014,3,SECRETARY OF STATE,,PAUL D PATE,REPUBLICAN PARTY,11364.107123
2014,3,SECRETARY OF STATE,,SPENCER HIGHLAND,NEW INDEPENDENT PARTY IOWA,317.521160
2014,3,SECRETARY OF STATE,,WRITE IN,,8.973387
2014,3,TREASURER OF STATE,,KEITH A LAUBE,LIBERTARIAN PARTY,562.257434
2014,3,TREASURER OF STATE,,MICHAEL L FITZGERALD,DEMOCRATIC PARTY,6969.168070
2014,3,TREASURER OF STATE,,SAM CLOVIS,REPUBLICAN PARTY,10879.899047
2014,3,TREASURER OF STATE,,WRITE IN,,9.184408
2014,3,U S SENATE,,BOB QUAST,BOB QUAST FOR TERM LIMITS,97.617379
2014,3,U S SENATE,,BRUCE BRALEY,DEMOCRATIC PARTY,5449.874550
2014,3,U S SENATE,,DOUGLAS BUTZIER,LIBERTARIAN PARTY,99.884020
2014,3,U S SENATE,,JONI ERNST,REPUBLICAN PARTY,12819.574957
2014,3,U S SENATE,,RICK STEWART,INDEPENDENT,587.488311
2014,3,U S SENATE,,RUTH SMITH,,66.976417
2014,3,U S SENATE,,WRITE IN,,15.964515
2014,30,ATTORNEY GENERAL,,ADAM GREGG,REPUBLICAN PARTY,10306.769063
2014,30,ATTORNEY GENERAL,,TOM MILLER,DEMOCRATIC PARTY,13829.863703
2014,30,ATTORNEY GENERAL,,WRITE IN,,21.748703
2014,30,AUDITOR OF STATE,,JONATHAN NEIDERBACH,DEMOCRATIC PARTY,10075.793888
2014,30,AUDITOR OF STATE,,MARY MOSIMAN,REPUBLICAN PARTY,13326.587825
2014,30,AUDITOR OF STATE,,WRITE IN,,26.541869
2014,30,GOVERNOR,,JACK HATCH MONICA VERNON,DEMOCRATIC PARTY,8702.580279
2014,30,GOVERNOR,,JIM HENNAGER MARY MARGARET KRIEG,NEW INDEPENDENT PARTY IOWA,178.916180
2014,30,GOVERNOR,,JONATHAN R NARCISSE MICHAEL L RICHARDS,IOWA PARTY,98.507702
2014,30,GOVERNOR,,LEE DEAKINS HIEB TIM WATSON,LIBERTARIAN PARTY,306.659693
2014,30,GOVERNOR,,TERRY E BRANSTAD KIM REYNOLDS,REPUBLICAN PARTY,15585.804221
2014,30,GOVERNOR,,WRITE IN,,11.000000
2014,30,SECRETARY OF AGRICULTURE,,BILL NORTHEY,REPUBLICAN PARTY,15374.251810
2014,30,SECRETARY OF AGRICULTURE,,LEVI BENNING,NEW INDEPENDENT PARTY IOWA,722.934534
2014,30,SECRETARY OF AGRICULTURE,,SHERRIE TAHA,DEMOCRATIC PARTY,7926.894174
2014,30,SECRETARY OF AGRICULTURE,,WRITE IN,,13.000000
2014,30,SECRETARY OF STATE,,BRAD ANDERSON,DEMOCRATIC PARTY,11074.427391
2014,30,SECRETARY OF STATE,,JAKE PORTER,LIBERTARIAN PARTY,658.413422
2014,30,SECRETARY OF STATE,,PAUL D PATE,REPUBLICAN PARTY,11684.176887
2014,30,SECRETARY OF STATE,,SPENCER HIGHLAND,NEW INDEPENDENT PARTY IOWA,395.162206
2014,30,SECRETARY OF STATE,,WRITE IN,,12.748703
2014,30,TREASURER OF STATE,,KEITH A LAUBE,LIBERTARIAN PARTY,673.418530
2014,30,TREASURER OF STATE,,MICHAEL L FITZGERALD,DEMOCRATIC PARTY,13794.607543
2014,30,TREASURER OF STATE,,SAM CLOVIS,REPUBLICAN PARTY,9539.512739
2014,30,TREASURER OF STATE,,WRITE IN,,9.000000
2014,30,U S SENATE,,BOB QUAST,BOB QUAST FOR TERM LIMITS,58.581144
2014,30,U S SENATE,,BRUCE BRALEY,DEMOCRATIC PARTY,12634.524131
2014,30,U S SENATE,,DOUGLAS BUTZIER,LIBERTARIAN PARTY,175.581144
2014,30,U S SENATE,,JONI ERNST,REPUBLICAN PARTY,11298.590636
2014,30,U S SENATE,,RICK STEWART,INDEPENDENT,545.206589
2014,30,U S SENATE,,RUTH SMITH,,89.211941
2014,30,U S SENATE,,WRITE IN,,14.000000
2014,31,ATTORNEY GENERAL,,ADAM GREGG,REPUBLICAN PARTY,6273.094651
2014,31,ATTORNEY GENERAL,,TOM MILLER,DEMOCRATIC PARTY,14191.575903
2014,31,ATTORNEY GENERAL,,WRITE IN,,16.008896
2014,31,AUDITOR OF STATE,,JONATHAN NEIDERBACH,DEMOCRATIC PARTY,11629.446713
2014,31,AUDITOR OF STATE,,MARY MOSIMAN,REPUBLICAN PARTY,8121.966671
2014,31,AUDITOR OF STATE,,WRITE IN,,22.013446
2014,31,GOVERNOR,,JACK HATCH MONICA VERNON,DEMOCRATIC PARTY,11160.440175
2014,31,GOVERNOR,,JIM HENNAGER MARY MARGARET KRIEG,NEW INDEPENDENT PARTY IOWA,173.951244
2014,31,GOVERNOR,,JONATHAN R NARCISSE MICHAEL L RICHARDS,IOWA PARTY,158.998964
2014,31,GOVERNOR,,LEE DEAKINS HIEB TIM WATSON,LIBERTARIAN PARTY,281.218300
2014,31,GOVERNOR,,TERRY E BRANSTAD KIM REYNOLDS,REPUBLICAN PARTY,9107.314029
2014,31,GOVERNOR,,WRITE IN,,13.984754
2014,31,SECRETARY OF AGRICULTURE,,BILL NORTHEY,REPUBLICAN PARTY,9832.552865
2014,31,SECRETARY OF AGRICULTURE,,LEVI BENNING,NEW INDEPENDENT PARTY IOWA,546.034623
2014,31,SECRETARY OF AGRICULTURE,,SHERRIE TAHA,DEMOCRATIC PARTY,9830.930874
2014,31,SECRETARY OF AGRICULTURE,,WRITE IN,,13.005005
2014,31,SECRETARY OF STATE,,BRAD ANDERSON,DEMOCRATIC PARTY,12307.808744
2014,31,SECRETARY OF STATE,,JAKE PORTER,LIBERTARIAN PARTY,616.179134
2014,31,SECRETARY OF STATE,,PAUL D PATE,REPUBLICAN PARTY,7194.629006
2014,31,SECRETARY OF STATE,,SPENCER HIGHLAND,NEW INDEPENDENT PARTY IOWA,251.006326
2014,31,SECRETARY OF STATE,,WRITE IN,,9.007117
2014,31,TREASURER OF STATE,,KEITH A LAUBE,LIBERTARIAN PARTY,778.321875
2014,31,TREASURER OF STATE,,MICHAEL L FITZGERALD,DEMOCRATIC PARTY,13147.128718
2014,31,TREASURER OF STATE,,SAM CLOVIS,REPUBLICAN PARTY,6409.189060
2014,31,TREASURER OF STATE,,WRITE IN,,9.995003
2014,31,U S SENATE,,BOB QUAST,BOB QUAST FOR TERM LIMITS,73.992991
2014,31,U S SENATE,,BRUCE BRALEY,DEMOCRATIC PARTY,12399.827134
2014,31,U S SENATE,,DOUGLAS BUTZIER,LIBERTARIAN PARTY,143.038046
2014,31,U S SENATE,,JONI ERNST,REPUBLICAN PARTY,7929.957501
2014,31,U S SENATE,,RICK STEWART,INDEPENDENT,372.173016
2014,31,U S SENATE,,RUTH SMITH,,63.965580
2014,31,U S SENATE,,WRITE IN,,14.001252
2014,32,ATTORNEY GENERAL,,ADAM GREGG,REPUBLICAN PARTY,10167.554358
2014,32,ATTORNEY GENERAL,,TOM MILLER,DEMOCRATIC PARTY,14338.831990
2014,32,ATTORNEY GENERAL,,WRITE IN,,20.000005
2014,32,AUDITOR OF STATE,,JONATHAN NEIDERBACH,DEMOCRATIC PARTY,9856.211731
2014,32,AUDITOR OF STATE,,MARY MOSIMAN,REPUBLICAN PARTY,13643.448942
2014,32,AUDITOR OF STATE,,WRITE IN,,27.000005
2014,32,GOVERNOR,,JACK HATCH MONICA VERNON,DEMOCRATIC PARTY,8813.426448
2014,32,GOVERNOR,,JIM HENNAGER MARY MARGARET KRIEG,NEW INDEPENDENT PARTY IOWA,250.532377
2014,32,GOVERNOR,,JONATHAN R NARCISSE MICHAEL L RICHARDS,IOWA PARTY,185.815804
2014,32,GOVERNOR,,LEE DEAKINS HIEB TIM WATSON,LIBERTARIAN PARTY,264.470171
2014,32,GOVERNOR,,TERRY E BRANSTAD KIM REYNOLDS,REPUBLICAN PARTY,15807.674279
2014,32,GOVERNOR,,WRITE IN,,12.000000
2014,32,SECRETARY OF AGRICULTURE,,BILL NORTHEY,REPUBLICAN PARTY,15954.433953
2014,32,SECRETARY OF AGRICULTURE,,LEVI BENNING,NEW INDEPENDENT PARTY IOWA,900.397208
2014,32,SECRETARY OF AGRICULTURE,,SHERRIE TAHA,DEMOCRATIC PARTY,7495.092776
2014,32,SECRETARY OF AGRICULTURE,,WRITE IN,,11.351973
2014,32,SECRETARY OF STATE,,BRAD ANDERSON,DEMOCRATIC PARTY,11308.757147
2014,32,SECRETARY OF STATE,,JAKE PORTER,LIBERTARIAN PARTY,621.227895
2014,32,SECRETARY OF STATE,,PAUL D PATE,REPUBLICAN PARTY,11936.989185
2014,32,SECRETARY OF STATE,,SPENCER HIGHLAND,NEW INDEPENDENT PARTY IOWA,449.295396
2014,32,SECRETARY OF STATE,,WRITE IN,,12.000000
2014,32,TREASURER OF STATE,,KEITH A LAUBE,LIBERTARIAN PARTY,820.931852
2014,32,TREASURER OF STATE,,MICHAEL L FITZGERALD,DEMOCRATIC PARTY,13771.310170
2014,32,TREASURER OF STATE,,SAM CLOVIS,REPUBLICAN PARTY,9768.034706
2014,32,TREASURER OF STATE,,WRITE IN,,11.000000
2014,32,U S SENATE,,BOB QUAST,BOB QUAST FOR TERM LIMITS,131.172490
2014,32,U S SENATE,,BRUCE BRALEY,DEMOCRATIC PARTY,11148.907549
2014,32,U S SENATE,,DOUGLAS BUTZIER,LIBERTARIAN PARTY,182.174091
2014,32,U S SENATE,,JONI ERNST,REPUBLICAN PARTY,12899.437191
2014,32,U S SENATE,,RICK STEWART,INDEPENDENT,710.410440
2014,32,U S SENATE,,RUTH SMITH,,131.113403
2014,32,U S SENATE,,WRITE IN,,10.000005
2014,33,ATTORNEY GENERAL,,ADAM GREGG,REPUBLICAN PARTY,9059.177915
2014,33,ATTORNEY GENERAL,,TOM MILLER,DEMOCRATIC PARTY,12069.437051
2014,33,ATTORNEY GENERAL,,WRITE IN,,16.971819
2014,33,AUDITOR OF STATE,,JONATHAN NEIDERBACH,DEMOCRATIC PARTY,8603.160177
2014,33,AUDITOR OF STATE,,MARY MOSIMAN,REPUBLICAN PARTY,11271.838918
2014,33,AUDITOR OF STATE,,WRITE IN,,14.730184
2014,33,GOVERNOR,,JACK HATCH MONICA VERNON,DEMOCRATIC PARTY,7437.280664
2014,33,GOVERNOR,,JIM HENNAGER MARY MARGARET KRIEG,NEW INDEPENDENT PARTY IOWA,225.535491
2014,33,GOVERNOR,,JONATHAN R NARCISSE MICHAEL L RICHARDS,IOWA PARTY,151.630621
2014,33,GOVERNOR,,LEE DEAKINS HIEB TIM WATSON,LIBERTARIAN PARTY,219.062020
2014,33,GOVERNOR,,TERRY E BRANSTAD KIM REYNOLDS,REPUBLICAN PARTY,14047.312129
2014,33,GOVERNOR,,WRITE IN,,7.195627
2014,33,SECRETARY OF AGRICULTURE,,BILL NORTHEY,REPUBLICAN PARTY,13267.229536
2014,33,SECRETARY OF AGRICULTURE,,LEVI BENNING,NEW INDEPENDENT PARTY IOWA,820.064467
2014,33,SECRETARY OF AGRICULTURE,,SHERRIE TAHA,DEMOCRATIC PARTY,6588.132844
2014,33,SECRETARY OF AGRICULTURE,,WRITE IN,,11.316183
2014,33,SECRETARY OF STATE,,BRAD ANDERSON,DEMOCRATIC PARTY,9568.540204
2014,33,SECRETARY OF STATE,,JAKE PORTER,LIBERTARIAN PARTY,628.660389
2014,33,SECRETARY OF STATE,,PAUL D PATE,REPUBLICAN PARTY,10307.613457
2014,33,SECRETARY OF STATE,,SPENCER HIGHLAND,NEW INDEPENDENT PARTY IOWA,370.155525
2014,33,SECRETARY OF STATE,,WRITE IN,,9.093043
2014,33,TREASURER OF STATE,,KEITH A LAUBE,LIBERTARIAN PARTY,781.326660
2014,33,TREASURER OF STATE,,MICHAEL L FITZGERALD,DEMOCRATIC PARTY,11193.683252
2014,33,TREASURER OF STATE,,SAM CLOVIS,REPUBLICAN PARTY,8821.450078
2014,33,TREASURER OF STATE,,WRITE IN,,5.379689
2014,33,U S SENATE,,BOB QUAST,BOB QUAST FOR TERM LIMITS,120.210403
2014,33,U S SENATE,,BRUCE BRALEY,DEMOCRATIC PARTY,9532.700783
2014,33,U S SENATE,,DOUGLAS BUTZIER,LIBERTARIAN PARTY,234.830801
2014,33,U S SENATE,,JONI ERNST,REPUBLICAN PARTY,11659.007767
2014,33,U S SENATE,,RICK STEWART,INDEPENDENT,504.089517
2014,33,U S SENATE,,RUTH SMITH,,51.436672
2014,33,U S SENATE,,WRITE IN,,13.904039
2014,34,ATTORNEY GENERAL,,ADAM GREGG,REPUBLICAN PARTY,9984.961764
2014,34,ATTORNEY GENERAL,,TOM MILLER,DEMOCRATIC PARTY,13954.915707
2014,34,ATTORNEY GENERAL,,WRITE IN,,11.831738
2014,34,AUDITOR OF STATE,,JONATHAN NEIDERBACH,DEMOCRATIC PARTY,9740.742095
2014,34,AUDITOR OF STATE,,MARY MOSIMAN,REPUBLICAN PARTY,13302.142209
2014,34,AUDITOR OF STATE,,WRITE IN,,14.832787
2014,34,GOVERNOR,,JACK HATCH MONICA VERNON,DEMOCRATIC PARTY,8866.092914
2014,34,GOVERNOR,,JIM HENNAGER MARY MARGARET KRIEG,NEW INDEPENDENT PARTY IOWA,269.844941
2014,34,GOVERNOR,,JONATHAN R NARCISSE MICHAEL L RICHARDS,IOWA PARTY,195.024910
2014,34,GOVERNOR,,LEE DEAKINS HIEB TIM WATSON,LIBERTARIAN PARTY,300.943147
2014,34,GOVERNOR,,TERRY E BRANSTAD KIM REYNOLDS,REPUBLICAN PARTY,14868.721212
2014,34,GOVERNOR,,WRITE IN,,18.214207
2014,34,SECRETARY OF AGRICULTURE,,BILL NORTHEY,REPUBLICAN PARTY,16049.093271
2014,34,SECRETARY OF AGRICULTURE,,LEVI BENNING,NEW INDEPENDENT PARTY IOWA,943.001082
2014,34,SECRETARY OF AGRICULTURE,,SHERRIE TAHA,DEMOCRATIC PARTY,6747.556191
2014,34,SECRETARY OF AGRICULTURE,,WRITE IN,,9.832787
2014,34,SECRETARY OF STATE,,BRAD ANDERSON,DEMOCRATIC PARTY,10884.950973
2014,34,SECRETARY OF STATE,,JAKE PORTER,LIBERTARIAN PARTY,682.382906
2014,34,SECRETARY OF STATE,,PAUL D PATE,REPUBLICAN PARTY,11845.640845
2014,34,SECRETARY OF STATE,,SPENCER HIGHLAND,NEW INDEPENDENT PARTY IOWA,497.969176
2014,34,SECRETARY OF STATE,,WRITE IN,,9.000000
2014,34,TREASURER OF STATE,,KEITH A LAUBE,LIBERTARIAN PARTY,954.223309
2014,34,TREASURER OF STATE,,MICHAEL L FITZGERALD,DEMOCRATIC PARTY,13121.192841
2014,34,TREASURER OF STATE,,SAM CLOVIS,REPUBLICAN PARTY,9597.109437
2014,34,TREASURER OF STATE,,WRITE IN,,3.361063
2014,34,U S SENATE,,BOB QUAST,BOB QUAST FOR TERM LIMITS,174.254629
2014,34,U S SENATE,,BRUCE BRALEY,DEMOCRATIC PARTY,10502.501746
2014,34,U S SENATE,,DOUGLAS BUTZIER,LIBERTARIAN PARTY,136.991198
2014,34,U S SENATE,,JONI ERNST,REPUBLICAN PARTY,12924.548443
2014,34,U S SENATE,,RICK STEWART,INDEPENDENT,611.385866
2014,34,U S SENATE,,RUTH SMITH,,100.830708
2014,34,U S SENATE,,WRITE IN,,17.177367
2014,35,ATTORNEY GENERAL,,ADAM GREGG,REPUBLICAN PARTY,10045.245694
2014,35,ATTORNEY GENERAL,,TOM MILLER,DEMOCRATIC PARTY,12986.496669
2014,35,ATTORNEY GENERAL,,WRITE IN,,22.702792
2014,35,AUDITOR OF STATE,,JONATHAN NEIDERBACH,DEMOCRATIC PARTY,10533.604420
2014,35,AUDITOR OF STATE,,MARY MOSIMAN,REPUBLICAN PARTY,12086.072538
2014,35,AUDITOR OF STATE,,WRITE IN,,29.002253
2014,35,GOVERNOR,,JACK HATCH MONICA VERNON,DEMOCRATIC PARTY,8358.711190
2014,35,GOVERNOR,,JIM HENNAGER MARY MARGARET KRIEG,NEW INDEPENDENT PARTY IOWA,257.611219
2014,35,GOVERNOR,,JONATHAN R NARCISSE MICHAEL L RICHARDS,IOWA PARTY,184.506231
2014,35,GOVERNOR,,LEE DEAKINS HIEB TIM WATSON,LIBERTARIAN PARTY,218.361103
2014,35,GOVERNOR,,TERRY E BRANSTAD KIM REYNOLDS,REPUBLICAN PARTY,14967.503572
2014,35,GOVERNOR,,WRITE IN,,9.003757
2014,35,SECRETARY OF AGRICULTURE,,BILL NORTHEY,REPUBLICAN PARTY,12870.624270
2014,35,SECRETARY OF AGRICULTURE,,LEVI BENNING,NEW INDEPENDENT PARTY IOWA,1040.714554
2014,35,SECRETARY OF AGRICULTURE,,SHERRIE TAHA,DEMOCRATIC PARTY,9044.670874
2014,35,SECRETARY OF AGRICULTURE,,WRITE IN,,21.652453
2014,35,SECRETARY OF STATE,,BRAD ANDERSON,DEMOCRATIC PARTY,11106.788208
2014,35,SECRETARY OF STATE,,JAKE PORTER,LIBERTARIAN PARTY,533.149112
2014,35,SECRETARY OF STATE,,PAUL D PATE,REPUBLICAN PARTY,10840.485770
2014,35,SECRETARY OF STATE,,SPENCER HIGHLAND,NEW INDEPENDENT PARTY IOWA,651.055619
2014,35,SECRETARY OF STATE,,WRITE IN,,12.000670
2014,35,TREASURER OF STATE,,KEITH A LAUBE,LIBERTARIAN PARTY,800.227933
2014,35,TREASURER OF STATE,,MICHAEL L FITZGERALD,DEMOCRATIC PARTY,12601.889249
2014,35,TREASURER OF STATE,,SAM CLOVIS,REPUBLICAN PARTY,9615.939674
2014,35,TREASURER OF STATE,,WRITE IN,,17.352709
2014,35,U S SENATE,,BOB QUAST,BOB QUAST FOR TERM LIMITS,203.955995
2014,35,U S SENATE,,BRUCE BRALEY,DEMOCRATIC PARTY,11066.711229
2014,35,U S SENATE,,DOUGLAS BUTZIER,LIBERTARIAN PARTY,132.908526
2014,35,U S SENATE,,JONI ERNST,REPUBLICAN PARTY,11719.147373
2014,35,U S SENATE,,RICK STEWART,INDEPENDENT,712.175835
2014,35,U S SENATE,,RUTH SMITH,,95.892795
2014,35,U S SENATE,,WRITE IN,,16.528369
2014,36,ATTORNEY GENERAL,,ADAM GREGG,REPUBLICAN PARTY,7676.718376
2014,36,ATTORNEY GENERAL,,TOM MILLER,DEMOCRATIC PARTY,14117.311228
2014,36,ATTORNEY GENERAL,,WRITE IN,,17.496948
2014,36,AUDITOR OF STATE,,JONATHAN NEIDERBACH,DEMOCRATIC PARTY,11351.246922
2014,36,AUDITOR OF STATE,,MARY MOSIMAN,REPUBLICAN PARTY,9328.041646
2014,36,AUDITOR OF STATE,,WRITE IN,,27.438461
2014,36,GOVERNOR,,JACK HATCH MONICA VERNON,DEMOCRATIC PARTY,9926.299615
2014,36,GOVERNOR,,JIM HENNAGER MARY MARGARET KRIEG,NEW INDEPENDENT PARTY IOWA,193.663118
2014,36,GOVERNOR,,JONATHAN R NARCISSE MICHAEL L RICHARDS,IOWA PARTY,124.528298
2014,36,GOVERNOR,,LEE DEAKINS HIEB TIM WATSON,LIBERTARIAN PARTY,308.335845
2014,36,GOVERNOR,,TERRY E BRANSTAD KIM REYNOLDS,REPUBLICAN PARTY,12112.775307
2014,36,GOVERNOR,,WRITE IN,,8.973023
2014,36,SECRETARY OF AGRICULTURE,,BILL NORTHEY,REPUBLICAN PARTY,10087.237417
2014,36,SECRETARY OF AGRICULTURE,,LEVI BENNING,NEW INDEPENDENT PARTY IOWA,864.545350
2014,36,SECRETARY OF AGRICULTURE,,SHERRIE TAHA,DEMOCRATIC PARTY,9895.896548
2014,36,SECRETARY OF AGRICULTURE,,WRITE IN,,16.500495
2014,36,SECRETARY OF STATE,,BRAD ANDERSON,DEMOCRATIC PARTY,12108.633145
2014,36,SECRETARY OF STATE,,JAKE PORTER,LIBERTARIAN PARTY,770.022871
2014,36,SECRETARY OF STATE,,PAUL D PATE,REPUBLICAN PARTY,8200.010085
2014,36,SECRETARY OF STATE,,SPENCER HIGHLAND,NEW INDEPENDENT PARTY IOWA,344.227326
2014,36,SECRETARY OF STATE,,WRITE IN,,14.906957
2014,36,TREASURER OF STATE,,KEITH A LAUBE,LIBERTARIAN PARTY,895.890304
2014,36,TREASURER OF STATE,,MICHAEL L FITZGERALD,DEMOCRATIC PARTY,12930.816738
2014,36,TREASURER OF STATE,,SAM CLOVIS,REPUBLICAN PARTY,7566.530661
2014,36,TREASURER OF STATE,,WRITE IN,,18.920433
2014,36,U S SENATE,,BOB QUAST,BOB QUAST FOR TERM LIMITS,72.802404
2014,36,U S SENATE,,BRUCE BRALEY,DEMOCRATIC PARTY,12586.234319
2014,36,U S SENATE,,DOUGLAS BUTZIER,LIBERTARIAN PARTY,368.094251
2014,36,U S SENATE,,JONI ERNST,REPUBLICAN PARTY,9253.492505
2014,36,U S SENATE,,RICK STEWART,INDEPENDENT,386.057755
2014,36,U S SENATE,,RUTH SMITH,,66.726350
2014,36,U S SENATE,,WRITE IN,,13.564728
2014,37,ATTORNEY GENERAL,,ADAM GREGG,REPUBLICAN PARTY,9585.348630
2014,37,ATTORNEY GENERAL,,TOM MILLER,DEMOCRATIC PARTY,13389.267592
2014,37,ATTORNEY GENERAL,,WRITE IN,,28.278668
2014,37,AUDITOR OF STATE,,JONATHAN NEIDERBACH,DEMOCRATIC PARTY,9985.696068
2014,37,AUDITOR OF STATE,,MARY MOSIMAN,REPUBLICAN PARTY,12229.353864
2014,37,AUDITOR OF STATE,,WRITE IN,,40.299780
2014,37,GOVERNOR,,JACK HATCH MONICA VERNON,DEMOCRATIC PARTY,9792.798518
2014,37,GOVERNOR,,JIM HENNAGER MARY MARGARET KRIEG,NEW INDEPENDENT PARTY IOWA,162.695178
2014,37,GOVERNOR,,JONATHAN R NARCISSE MICHAEL L RICHARDS,IOWA PARTY,160.841884
2014,37,GOVERNOR,,LEE DEAKINS HIEB TIM WATSON,LIBERTARIAN PARTY,396.381716
2014,37,GOVERNOR,,TERRY E BRANSTAD KIM REYNOLDS,REPUBLICAN PARTY,13137.487031
2014,37,GOVERNOR,,WRITE IN,,25.731853
2014,37,SECRETARY OF AGRICULTURE,,BILL NORTHEY,REPUBLICAN PARTY,13327.327916
2014,37,SECRETARY OF AGRICULTURE,,LEVI BENNING,NEW INDEPENDENT PARTY IOWA,760.984633
2014,37,SECRETARY OF AGRICULTURE,,SHERRIE TAHA,DEMOCRATIC PARTY,8418.352136
2014,37,SECRETARY OF AGRICULTURE,,WRITE IN,,30.991206
2014,37,SECRETARY OF STATE,,BRAD ANDERSON,DEMOCRATIC PARTY,11176.486711
2014,37,SECRETARY OF STATE,,JAKE PORTER,LIBERTARIAN PARTY,781.722679
2014,37,SECRETARY OF STATE,,PAUL D PATE,REPUBLICAN PARTY,10971.371110
2014,37,SECRETARY OF STATE,,SPENCER HIGHLAND,NEW INDEPENDENT PARTY IOWA,296.757833
2014,37,SECRETARY OF STATE,,WRITE IN,,18.178115
2014,37,TREASURER OF STATE,,KEITH A LAUBE,LIBERTARIAN PARTY,939.992473
2014,37,TREASURER OF STATE,,MICHAEL L FITZGERALD,DEMOCRATIC PARTY,12825.751930
2014,37,TREASURER OF STATE,,SAM CLOVIS,REPUBLICAN PARTY,9094.620875
2014,37,TREASURER OF STATE,,WRITE IN,,17.390433
2014,37,U S SENATE,,BOB QUAST,BOB QUAST FOR TERM LIMITS,76.453276
2014,37,U S SENATE,,BRUCE BRALEY,DEMOCRATIC PARTY,11369.308511
2014,37,U S SENATE,,DOUGLAS BUTZIER,LIBERTARIAN PARTY,208.084977
2014,37,U S SENATE,,JONI ERNST,REPUBLICAN PARTY,11431.235809
2014,37,U S SENATE,,RICK STEWART,INDEPENDENT,507.293921
2014,37,U S SENATE,,RUTH SMITH,,93.083421
2014,37,U S SENATE,,WRITE IN,,23.840736
2014,38,ATTORNEY GENERAL,,ADAM GREGG,REPUBLICAN PARTY,10109.365358
2014,38,ATTORNEY GENERAL,,TOM MILLER,DEMOCRATIC PARTY,13780.420540
2014,38,ATTORNEY GENERAL,,WRITE IN,,15.942713
2014,38,AUDITOR OF STATE,,JONATHAN NEIDERBACH,DEMOCRATIC PARTY,10255.083359
2014,38,AUDITOR OF STATE,,MARY MOSIMAN,REPUBLICAN PARTY,12680.165323
2014,38,AUDITOR OF STATE,,WRITE IN,,20.962468
2014,38,GOVERNOR,,JACK HATCH MONICA VERNON,DEMOCRATIC PARTY,9855.897883
2014,38,GOVERNOR,,JIM HENNAGER MARY MARGARET KRIEG,NEW INDEPENDENT PARTY IOWA,169.613895
2014,38,GOVERNOR,,JONATHAN R NARCISSE MICHAEL L RICHARDS,IOWA PARTY,189.032709
2014,38,GOVERNOR,,LEE DEAKINS HIEB TIM WATSON,LIBERTARIAN PARTY,389.549835
2014,38,GOVERNOR,,TERRY E BRANSTAD KIM REYNOLDS,REPUBLICAN PARTY,13930.376650
2014,38,GOVERNOR,,WRITE IN,,19.262881
2014,38,SECRETARY OF AGRICULTURE,,BILL NORTHEY,REPUBLICAN PARTY,14955.878954
2014,38,SECRETARY OF AGRICULTURE,,LEVI BENNING,NEW INDEPENDENT PARTY IOWA,598.355862
2014,38,SECRETARY OF AGRICULTURE,,SHERRIE TAHA,DEMOCRATIC PARTY,8016.425575
2014,38,SECRETARY OF AGRICULTURE,,WRITE IN,,17.897753
2014,38,SECRETARY OF STATE,,BRAD ANDERSON,DEMOCRATIC PARTY,11278.278937
2014,38,SECRETARY OF STATE,,JAKE PORTER,LIBERTARIAN PARTY,669.825015
2014,38,SECRETARY OF STATE,,PAUL D PATE,REPUBLICAN PARTY,11505.535154
2014,38,SECRETARY OF STATE,,SPENCER HIGHLAND,NEW INDEPENDENT PARTY IOWA,302.535800
2014,38,SECRETARY OF STATE,,WRITE IN,,10.972074
2014,38,TREASURER OF STATE,,KEITH A LAUBE,LIBERTARIAN PARTY,900.499574
2014,38,TREASURER OF STATE,,MICHAEL L FITZGERALD,DEMOCRATIC PARTY,12571.567039
2014,38,TREASURER OF STATE,,SAM CLOVIS,REPUBLICAN PARTY,10250.694402
2014,38,TREASURER OF STATE,,WRITE IN,,11.623126
2014,38,U S SENATE,,BOB QUAST,BOB QUAST FOR TERM LIMITS,74.643539
2014,38,U S SENATE,,BRUCE BRALEY,DEMOCRATIC PARTY,11332.178644
2014,38,U S SENATE,,DOUGLAS BUTZIER,LIBERTARIAN PARTY,158.922249
2014,38,U S SENATE,,JONI ERNST,REPUBLICAN PARTY,12597.361563
2014,38,U S SENATE,,RICK STEWART,INDEPENDENT,420.895232
2014,38,U S SENATE,,RUTH SMITH,,70.741300
2014,38,U S SENATE,,WRITE IN,,16.530426
2014,39,ATTORNEY GENERAL,,ADAM GREGG,REPUBLICAN PARTY,6008.412921
2014,39,ATTORNEY GENERAL,,TOM MILLER,DEMOCRATIC PARTY,13368.370815
2014,39,ATTORNEY GENERAL,,WRITE IN,,23.247224
2014,39,AUDITOR OF STATE,,JONATHAN NEIDERBACH,DEMOCRATIC PARTY,10953.962804
2014,39,AUDITOR OF STATE,,MARY MOSIMAN,REPUBLICAN PARTY,7794.095365
2014,39,AUDITOR OF STATE,,WRITE IN,,40.743668
2014,39,GOVERNOR,,JACK HATCH MONICA VERNON,DEMOCRATIC PARTY,10874.645126
2014,39,GOVERNOR,,JIM HENNAGER MARY MARGARET KRIEG,NEW INDEPENDENT PARTY IOWA,157.589988
2014,39,GOVERNOR,,JONATHAN R NARCISSE MICHAEL L RICHARDS,IOWA PARTY,177.470536
2014,39,GOVERNOR,,LEE DEAKINS HIEB TIM WATSON,LIBERTARIAN PARTY,343.907254
2014,39,GOVERNOR,,TERRY E BRANSTAD KIM REYNOLDS,REPUBLICAN PARTY,8274.677862
2014,39,GOVERNOR,,WRITE IN,,40.224985
2014,39,SECRETARY OF AGRICULTURE,,BILL NORTHEY,REPUBLICAN PARTY,8574.096335
2014,39,SECRETARY OF AGRICULTURE,,LEVI BENNING,NEW INDEPENDENT PARTY IOWA,690.711696
2014,39,SECRETARY OF AGRICULTURE,,SHERRIE TAHA,DEMOCRATIC PARTY,9739.644741
2014,39,SECRETARY OF AGRICULTURE,,WRITE IN,,28.363088
2014,39,SECRETARY OF STATE,,BRAD ANDERSON,DEMOCRATIC PARTY,11633.137355
2014,39,SECRETARY OF STATE,,JAKE PORTER,LIBERTARIAN PARTY,723.066304
2014,39,SECRETARY OF STATE,,PAUL D PATE,REPUBLICAN PARTY,6866.213353
2014,39,SECRETARY OF STATE,,SPENCER HIGHLAND,NEW INDEPENDENT PARTY IOWA,274.227350
2014,39,SECRETARY OF STATE,,WRITE IN,,22.884946
2014,39,TREASURER OF STATE,,KEITH A LAUBE,LIBERTARIAN PARTY,845.888240
2014,39,TREASURER OF STATE,,MICHAEL L FITZGERALD,DEMOCRATIC PARTY,12826.017157
2014,39,TREASURER OF STATE,,SAM CLOVIS,REPUBLICAN PARTY,5609.521228
2014,39,TREASURER OF STATE,,WRITE IN,,20.584088
2014,39,U S SENATE,,BOB QUAST,BOB QUAST FOR TERM LIMITS,66.089373
2014,39,U S SENATE,,BRUCE BRALEY,DEMOCRATIC PARTY,12082.159295
2014,39,U S SENATE,,DOUGLAS BUTZIER,LIBERTARIAN PARTY,153.099042
2014,39,U S SENATE,,JONI ERNST,REPUBLICAN PARTY,7072.586783
2014,39,U S SENATE,,RICK STEWART,INDEPENDENT,441.095848
2014,39,U S SENATE,,RUTH SMITH,,78.390186
2014,39,U S SENATE,,WRITE IN,,21.328701
2014,4,ATTORNEY GENERAL,,ADAM GREGG,REPUBLICAN PARTY,9293.000185
2014,4,ATTORNEY GENERAL,,TOM MILLER,DEMOCRATIC PARTY,12703.000103
2014,4,ATTORNEY GENERAL,,WRITE IN,,14.000001
2014,4,AUDITOR OF STATE,,JONATHAN NEIDERBACH,DEMOCRATIC PARTY,8232.000054
2014,4,AUDITOR OF STATE,,MARY MOSIMAN,REPUBLICAN PARTY,12709.000217
2014,4,AUDITOR OF STATE,,WRITE IN,,15.000001
2014,4,GOVERNOR,,JACK HATCH MONICA VERNON,DEMOCRATIC PARTY,6970.000044
2014,4,GOVERNOR,,JIM HENNAGER MARY MARGARET KRIEG,NEW INDEPENDENT PARTY IOWA,257.000001
2014,4,GOVERNOR,,JONATHAN R NARCISSE MICHAEL L RICHARDS,IOWA PARTY,195.000000
2014,4,GOVERNOR,,LEE DEAKINS HIEB TIM WATSON,LIBERTARIAN PARTY,604.000005
2014,4,GOVERNOR,,TERRY E BRANSTAD KIM REYNOLDS,REPUBLICAN PARTY,14551.000256
2014,4,GOVERNOR,,WRITE IN,,18.000000
2014,4,SECRETARY OF AGRICULTURE,,BILL NORTHEY,REPUBLICAN PARTY,15413.000251
2014,4,SECRETARY OF AGRICULTURE,,LEVI BENNING,NEW INDEPENDENT PARTY IOWA,824.000004
2014,4,SECRETARY OF AGRICULTURE,,SHERRIE TAHA,DEMOCRATIC PARTY,5608.000035
2014,4,SECRETARY OF AGRICULTURE,,WRITE IN,,11.000000
2014,4,SECRETARY OF STATE,,BRAD ANDERSON,DEMOCRATIC PARTY,9553.000079
2014,4,SECRETARY OF STATE,,JAKE PORTER,LIBERTARIAN PARTY,639.000008
2014,4,SECRETARY OF STATE,,PAUL D PATE,REPUBLICAN PARTY,10934.000194
2014,4,SECRETARY OF STATE,,SPENCER HIGHLAND,NEW INDEPENDENT PARTY IOWA,541.000002
2014,4,SECRETARY OF STATE,,WRITE IN,,7.000000
2014,4,TREASURER OF STATE,,KEITH A LAUBE,LIBERTARIAN PARTY,673.000007
2014,4,TREASURER OF STATE,,MICHAEL L FITZGERALD,DEMOCRATIC PARTY,11542.000085
2014,4,TREASURER OF STATE,,SAM CLOVIS,REPUBLICAN PARTY,9573.000187
2014,4,TREASURER OF STATE,,WRITE IN,,7.000000
2014,4,U S SENATE,,BOB QUAST,BOB QUAST FOR TERM LIMITS,151.000001
2014,4,U S SENATE,,BRUCE BRALEY,DEMOCRATIC PARTY,8149.000060
2014,4,U S SENATE,,DOUGLAS BUTZIER,LIBERTARIAN PARTY,139.000003
2014,4,U S SENATE,,JONI ERNST,REPUBLICAN PARTY,13175.000226
2014,4,U S SENATE,,RICK STEWART,INDEPENDENT,740.000012
2014,4,U S SENATE,,RUTH SMITH,,93.000000
2014,4,U S SENATE,,WRITE IN,,16.000000
2014,40,ATTORNEY GENERAL,,ADAM GREGG,REPUBLICAN PARTY,9354.494123
2014,40,ATTORNEY GENERAL,,TOM MILLER,DEMOCRATIC PARTY,14974.082503
2014,40,ATTORNEY GENERAL,,WRITE IN,,35.662678
2014,40,AUDITOR OF STATE,,JONATHAN NEIDERBACH,DEMOCRATIC PARTY,11409.877480
2014,40,AUDITOR OF STATE,,MARY MOSIMAN,REPUBLICAN PARTY,12024.429563
2014,40,AUDITOR OF STATE,,WRITE IN,,52.380109
2014,40,GOVERNOR,,JACK HATCH MONICA VERNON,DEMOCRATIC PARTY,11363.884324
2014,40,GOVERNOR,,JIM HENNAGER MARY MARGARET KRIEG,NEW INDEPENDENT PARTY IOWA,180.521760
2014,40,GOVERNOR,,JONATHAN R NARCISSE MICHAEL L RICHARDS,IOWA PARTY,174.278574
2014,40,GOVERNOR,,LEE DEAKINS HIEB TIM WATSON,LIBERTARIAN PARTY,334.186274
2014,40,GOVERNOR,,TERRY E BRANSTAD KIM REYNOLDS,REPUBLICAN PARTY,12942.195904
2014,40,GOVERNOR,,WRITE IN,,29.644433
2014,40,SECRETARY OF AGRICULTURE,,BILL NORTHEY,REPUBLICAN PARTY,13062.191255
2014,40,SECRETARY OF AGRICULTURE,,LEVI BENNING,NEW INDEPENDENT PARTY IOWA,773.884896
2014,40,SECRETARY OF AGRICULTURE,,SHERRIE TAHA,DEMOCRATIC PARTY,9905.589752
2014,40,SECRETARY OF AGRICULTURE,,WRITE IN,,23.877370
2014,40,SECRETARY OF STATE,,BRAD ANDERSON,DEMOCRATIC PARTY,12651.269177
2014,40,SECRETARY OF STATE,,JAKE PORTER,LIBERTARIAN PARTY,714.839362
2014,40,SECRETARY OF STATE,,PAUL D PATE,REPUBLICAN PARTY,10837.199172
2014,40,SECRETARY OF STATE,,SPENCER HIGHLAND,NEW INDEPENDENT PARTY IOWA,315.450891
2014,40,SECRETARY OF STATE,,WRITE IN,,19.780505
2014,40,TREASURER OF STATE,,KEITH A LAUBE,LIBERTARIAN PARTY,909.378281
2014,40,TREASURER OF STATE,,MICHAEL L FITZGERALD,DEMOCRATIC PARTY,14453.158153
2014,40,TREASURER OF STATE,,SAM CLOVIS,REPUBLICAN PARTY,8838.192156
2014,40,TREASURER OF STATE,,WRITE IN,,19.793940
2014,40,U S SENATE,,BOB QUAST,BOB QUAST FOR TERM LIMITS,66.637721
2014,40,U S SENATE,,BRUCE BRALEY,DEMOCRATIC PARTY,12876.344296
2014,40,U S SENATE,,DOUGLAS BUTZIER,LIBERTARIAN PARTY,159.831508
2014,40,U S SENATE,,JONI ERNST,REPUBLICAN PARTY,11334.018403
2014,40,U S SENATE,,RICK STEWART,INDEPENDENT,539.162101
2014,40,U S SENATE,,RUTH SMITH,,83.706391
2014,40,U S SENATE,,WRITE IN,,27.945687
2014,41,ATTORNEY GENERAL,,ADAM GREGG,REPUBLICAN PARTY,9647.567155
2014,41,ATTORNEY GENERAL,,TOM MILLER,DEMOCRATIC PARTY,11883.410131
2014,41,ATTORNEY GENERAL,,WRITE IN,,27.948930
2014,41,AUDITOR OF STATE,,JONATHAN NEIDERBACH,DEMOCRATIC PARTY,9228.029879
2014,41,AUDITOR OF STATE,,MARY MOSIMAN,REPUBLICAN PARTY,11752.000500
2014,41,AUDITOR OF STATE,,WRITE IN,,31.429093
2014,41,GOVERNOR,,JACK HATCH MONICA VERNON,DEMOCRATIC PARTY,8079.325355
2014,41,GOVERNOR,,JIM HENNAGER MARY MARGARET KRIEG,NEW INDEPENDENT PARTY IOWA,159.629741
2014,41,GOVERNOR,,JONATHAN R NARCISSE MICHAEL L RICHARDS,IOWA PARTY,168.181529
2014,41,GOVERNOR,,LEE DEAKINS HIEB TIM WATSON,LIBERTARIAN PARTY,291.509319
2014,41,GOVERNOR,,TERRY E BRANSTAD KIM REYNOLDS,REPUBLICAN PARTY,13669.525410
2014,41,GOVERNOR,,WRITE IN,,17.926302
2014,41,SECRETARY OF AGRICULTURE,,BILL NORTHEY,REPUBLICAN PARTY,12689.404369
2014,41,SECRETARY OF AGRICULTURE,,LEVI BENNING,NEW INDEPENDENT PARTY IOWA,744.829793
2014,41,SECRETARY OF AGRICULTURE,,SHERRIE TAHA,DEMOCRATIC PARTY,7961.450398
2014,41,SECRETARY OF AGRICULTURE,,WRITE IN,,10.284048
2014,41,SECRETARY OF STATE,,BRAD ANDERSON,DEMOCRATIC PARTY,9991.563892
2014,41,SECRETARY OF STATE,,JAKE PORTER,LIBERTARIAN PARTY,682.565080
2014,41,SECRETARY OF STATE,,PAUL D PATE,REPUBLICAN PARTY,10632.721164
2014,41,SECRETARY OF STATE,,SPENCER HIGHLAND,NEW INDEPENDENT PARTY IOWA,306.761168
2014,41,SECRETARY OF STATE,,WRITE IN,,16.895186
2014,41,TREASURER OF STATE,,KEITH A LAUBE,LIBERTARIAN PARTY,746.266682
2014,41,TREASURER OF STATE,,MICHAEL L FITZGERALD,DEMOCRATIC PARTY,11501.511889
2014,41,TREASURER OF STATE,,SAM CLOVIS,REPUBLICAN PARTY,9247.598953
2014,41,TREASURER OF STATE,,WRITE IN,,12.911800
2014,41,U S SENATE,,BOB QUAST,BOB QUAST FOR TERM LIMITS,134.201404
2014,41,U S SENATE,,BRUCE BRALEY,DEMOCRATIC PARTY,10175.667947
2014,41,U S SENATE,,DOUGLAS BUTZIER,LIBERTARIAN PARTY,127.228184
2014,41,U S SENATE,,JONI ERNST,REPUBLICAN PARTY,11362.505459
2014,41,U S SENATE,,RICK STEWART,INDEPENDENT,428.708102
2014,41,U S SENATE,,RUTH SMITH,,110.202814
2014,41,U S SENATE,,WRITE IN,,20.395339
2014,42,ATTORNEY GENERAL,,ADAM GREGG,REPUBLICAN PARTY,11693.023314
2014,42,ATTORNEY GENERAL,,TOM MILLER,DEMOCRATIC PARTY,14823.484704
2014,42,ATTORNEY GENERAL,,WRITE IN,,16.811431
2014,42,AUDITOR OF STATE,,JONATHAN NEIDERBACH,DEMOCRATIC PARTY,10576.346285
2014,42,AUDITOR OF STATE,,MARY MOSIMAN,REPUBLICAN PARTY,15028.225916
2014,42,AUDITOR OF STATE,,WRITE IN,,28.576444
2014,42,GOVERNOR,,JACK HATCH MONICA VERNON,DEMOCRATIC PARTY,10287.413378
2014,42,GOVERNOR,,JIM HENNAGER MARY MARGARET KRIEG,NEW INDEPENDENT PARTY IOWA,198.978396
2014,42,GOVERNOR,,JONATHAN R NARCISSE MICHAEL L RICHARDS,IOWA PARTY,182.194330
2014,42,GOVERNOR,,LEE DEAKINS HIEB TIM WATSON,LIBERTARIAN PARTY,475.733933
2014,42,GOVERNOR,,TERRY E BRANSTAD KIM REYNOLDS,REPUBLICAN PARTY,16075.241174
2014,42,GOVERNOR,,WRITE IN,,17.398729
2014,42,SECRETARY OF AGRICULTURE,,BILL NORTHEY,REPUBLICAN PARTY,16841.190148
2014,42,SECRETARY OF AGRICULTURE,,LEVI BENNING,NEW INDEPENDENT PARTY IOWA,865.057314
2014,42,SECRETARY OF AGRICULTURE,,SHERRIE TAHA,DEMOCRATIC PARTY,8436.312496
2014,42,SECRETARY OF AGRICULTURE,,WRITE IN,,19.768337
2014,42,SECRETARY OF STATE,,BRAD ANDERSON,DEMOCRATIC PARTY,12120.543534
2014,42,SECRETARY OF STATE,,JAKE PORTER,LIBERTARIAN PARTY,811.298266
2014,42,SECRETARY OF STATE,,PAUL D PATE,REPUBLICAN PARTY,13353.766935
2014,42,SECRETARY OF STATE,,SPENCER HIGHLAND,NEW INDEPENDENT PARTY IOWA,350.490536
2014,42,SECRETARY OF STATE,,WRITE IN,,16.156434
2014,42,TREASURER OF STATE,,KEITH A LAUBE,LIBERTARIAN PARTY,938.594226
2014,42,TREASURER OF STATE,,MICHAEL L FITZGERALD,DEMOCRATIC PARTY,14262.927907
2014,42,TREASURER OF STATE,,SAM CLOVIS,REPUBLICAN PARTY,11045.871331
2014,42,TREASURER OF STATE,,WRITE IN,,12.231539
2014,42,U S SENATE,,BOB QUAST,BOB QUAST FOR TERM LIMITS,74.604952
2014,42,U S SENATE,,BRUCE BRALEY,DEMOCRATIC PARTY,11535.635677
2014,42,U S SENATE,,DOUGLAS BUTZIER,LIBERTARIAN PARTY,166.769795
2014,42,U S SENATE,,JONI ERNST,REPUBLICAN PARTY,14658.127933
2014,42,U S SENATE,,RICK STEWART,INDEPENDENT,637.301347
2014,42,U S SENATE,,RUTH SMITH,,111.746608
2014,42,U S SENATE,,WRITE IN,,29.884876
2014,43,ATTORNEY GENERAL,,ADAM GREGG,REPUBLICAN PARTY,5893.908841
2014,43,ATTORNEY GENERAL,,TOM MILLER,DEMOCRATIC PARTY,13452.624801
2014,43,ATTORNEY GENERAL,,WRITE IN,,22.354096
2014,43,AUDITOR OF STATE,,JONATHAN NEIDERBACH,DEMOCRATIC PARTY,11586.450310
2014,43,AUDITOR OF STATE,,MARY MOSIMAN,REPUBLICAN PARTY,7069.899588
2014,43,AUDITOR OF STATE,,WRITE IN,,28.612966
2014,43,GOVERNOR,,JACK HATCH MONICA VERNON,DEMOCRATIC PARTY,11301.997888
2014,43,GOVERNOR,,JIM HENNAGER MARY MARGARET KRIEG,NEW INDEPENDENT PARTY IOWA,178.536913
2014,43,GOVERNOR,,JONATHAN R NARCISSE MICHAEL L RICHARDS,IOWA PARTY,132.970657
2014,43,GOVERNOR,,LEE DEAKINS HIEB TIM WATSON,LIBERTARIAN PARTY,296.211758
2014,43,GOVERNOR,,TERRY E BRANSTAD KIM REYNOLDS,REPUBLICAN PARTY,8042.186278
2014,43,GOVERNOR,,WRITE IN,,25.772658
2014,43,SECRETARY OF AGRICULTURE,,BILL NORTHEY,REPUBLICAN PARTY,7909.574504
2014,43,SECRETARY OF AGRICULTURE,,LEVI BENNING,NEW INDEPENDENT PARTY IOWA,729.747590
2014,43,SECRETARY OF AGRICULTURE,,SHERRIE TAHA,DEMOCRATIC PARTY,10234.412645
2014,43,SECRETARY OF AGRICULTURE,,WRITE IN,,14.295643
2014,43,SECRETARY OF STATE,,BRAD ANDERSON,DEMOCRATIC PARTY,12146.842990
2014,43,SECRETARY OF STATE,,JAKE PORTER,LIBERTARIAN PARTY,610.387695
2014,43,SECRETARY OF STATE,,PAUL D PATE,REPUBLICAN PARTY,6287.117901
2014,43,SECRETARY OF STATE,,SPENCER HIGHLAND,NEW INDEPENDENT PARTY IOWA,311.298285
2014,43,SECRETARY OF STATE,,WRITE IN,,15.308817
2014,43,TREASURER OF STATE,,KEITH A LAUBE,LIBERTARIAN PARTY,738.029555
2014,43,TREASURER OF STATE,,MICHAEL L FITZGERALD,DEMOCRATIC PARTY,12763.988761
2014,43,TREASURER OF STATE,,SAM CLOVIS,REPUBLICAN PARTY,5600.613747
2014,43,TREASURER OF STATE,,WRITE IN,,16.091773
2014,43,U S SENATE,,BOB QUAST,BOB QUAST FOR TERM LIMITS,81.773321
2014,43,U S SENATE,,BRUCE BRALEY,DEMOCRATIC PARTY,12691.847998
2014,43,U S SENATE,,DOUGLAS BUTZIER,LIBERTARIAN PARTY,128.359070
2014,43,U S SENATE,,JONI ERNST,REPUBLICAN PARTY,6787.376220
2014,43,U S SENATE,,RICK STEWART,INDEPENDENT,273.581906
2014,43,U S SENATE,,RUTH SMITH,,53.778660
2014,43,U S SENATE,,WRITE IN,,18.708388
2014,44,ATTORNEY GENERAL,,ADAM GREGG,REPUBLICAN PARTY,10406.120594
2014,44,ATTORNEY GENERAL,,TOM MILLER,DEMOCRATIC PARTY,11348.585960
2014,44,ATTORNEY GENERAL,,WRITE IN,,24.685779
2014,44,AUDITOR OF STATE,,JONATHAN NEIDERBACH,DEMOCRATIC PARTY,7826.648177
2014,44,AUDITOR OF STATE,,MARY MOSIMAN,REPUBLICAN PARTY,13091.488407
2014,44,AUDITOR OF STATE,,WRITE IN,,30.040815
2014,44,GOVERNOR,,JACK HATCH MONICA VERNON,DEMOCRATIC PARTY,7165.012215
2014,44,GOVERNOR,,JIM HENNAGER MARY MARGARET KRIEG,NEW INDEPENDENT PARTY IOWA,208.519578
2014,44,GOVERNOR,,JONATHAN R NARCISSE MICHAEL L RICHARDS,IOWA PARTY,214.993479
2014,44,GOVERNOR,,LEE DEAKINS HIEB TIM WATSON,LIBERTARIAN PARTY,473.808380
2014,44,GOVERNOR,,TERRY E BRANSTAD KIM REYNOLDS,REPUBLICAN PARTY,14399.800760
2014,44,GOVERNOR,,WRITE IN,,17.333420
2014,44,SECRETARY OF AGRICULTURE,,BILL NORTHEY,REPUBLICAN PARTY,14605.715120
2014,44,SECRETARY OF AGRICULTURE,,LEVI BENNING,NEW INDEPENDENT PARTY IOWA,803.771650
2014,44,SECRETARY OF AGRICULTURE,,SHERRIE TAHA,DEMOCRATIC PARTY,6193.984062
2014,44,SECRETARY OF AGRICULTURE,,WRITE IN,,25.690467
2014,44,SECRETARY OF STATE,,BRAD ANDERSON,DEMOCRATIC PARTY,8522.493086
2014,44,SECRETARY OF STATE,,JAKE PORTER,LIBERTARIAN PARTY,736.702482
2014,44,SECRETARY OF STATE,,PAUL D PATE,REPUBLICAN PARTY,11914.408894
2014,44,SECRETARY OF STATE,,SPENCER HIGHLAND,NEW INDEPENDENT PARTY IOWA,408.760025
2014,44,SECRETARY OF STATE,,WRITE IN,,14.695724
2014,44,TREASURER OF STATE,,KEITH A LAUBE,LIBERTARIAN PARTY,796.234088
2014,44,TREASURER OF STATE,,MICHAEL L FITZGERALD,DEMOCRATIC PARTY,10288.028655
2014,44,TREASURER OF STATE,,SAM CLOVIS,REPUBLICAN PARTY,10453.276390
2014,44,TREASURER OF STATE,,WRITE IN,,13.691798
2014,44,U S SENATE,,BOB QUAST,BOB QUAST FOR TERM LIMITS,117.747185
2014,44,U S SENATE,,BRUCE BRALEY,DEMOCRATIC PARTY,8335.058658
2014,44,U S SENATE,,DOUGLAS BUTZIER,LIBERTARIAN PARTY,209.248020
2014,44,U S SENATE,,JONI ERNST,REPUBLICAN PARTY,12976.578330
2014,44,U S SENATE,,RICK STEWART,INDEPENDENT,576.447700
2014,44,U S SENATE,,RUTH SMITH,,129.712127
2014,44,U S SENATE,,WRITE IN,,22.374236
2014,45,ATTORNEY GENERAL,,ADAM GREGG,REPUBLICAN PARTY,4502.771144
2014,45,ATTORNEY GENERAL,,TOM MILLER,DEMOCRATIC PARTY,16398.009607
2014,45,ATTORNEY GENERAL,,WRITE IN,,45.397376
2014,45,AUDITOR OF STATE,,JONATHAN NEIDERBACH,DEMOCRATIC PARTY,14877.751622
2014,45,AUDITOR OF STATE,,MARY MOSIMAN,REPUBLICAN PARTY,5462.145462
2014,45,AUDITOR OF STATE,,WRITE IN,,45.848575
2014,45,GOVERNOR,,JACK HATCH MONICA VERNON,DEMOCRATIC PARTY,14758.088838
2014,45,GOVERNOR,,JIM HENNAGER MARY MARGARET KRIEG,NEW INDEPENDENT PARTY IOWA,201.071288
2014,45,GOVERNOR,,JONATHAN R NARCISSE MICHAEL L RICHARDS,IOWA PARTY,195.861390
2014,45,GOVERNOR,,LEE DEAKINS HIEB TIM WATSON,LIBERTARIAN PARTY,370.757132
2014,45,GOVERNOR,,TERRY E BRANSTAD KIM REYNOLDS,REPUBLICAN PARTY,6185.868456
2014,45,GOVERNOR,,WRITE IN,,32.530418
2014,45,SECRETARY OF AGRICULTURE,,BILL NORTHEY,REPUBLICAN PARTY,6051.275496
2014,45,SECRETARY OF AGRICULTURE,,LEVI BENNING,NEW INDEPENDENT PARTY IOWA,812.032627
2014,45,SECRETARY OF AGRICULTURE,,SHERRIE TAHA,DEMOCRATIC PARTY,13622.008590
2014,45,SECRETARY OF AGRICULTURE,,WRITE IN,,36.398999
2014,45,SECRETARY OF STATE,,BRAD ANDERSON,DEMOCRATIC PARTY,15281.433983
2014,45,SECRETARY OF STATE,,JAKE PORTER,LIBERTARIAN PARTY,721.083091
2014,45,SECRETARY OF STATE,,PAUL D PATE,REPUBLICAN PARTY,4683.195471
2014,45,SECRETARY OF STATE,,SPENCER HIGHLAND,NEW INDEPENDENT PARTY IOWA,376.081053
2014,45,SECRETARY OF STATE,,WRITE IN,,29.182515
2014,45,TREASURER OF STATE,,KEITH A LAUBE,LIBERTARIAN PARTY,814.662760
2014,45,TREASURER OF STATE,,MICHAEL L FITZGERALD,DEMOCRATIC PARTY,15684.104734
2014,45,TREASURER OF STATE,,SAM CLOVIS,REPUBLICAN PARTY,4265.706730
2014,45,TREASURER OF STATE,,WRITE IN,,30.438054
2014,45,U S SENATE,,BOB QUAST,BOB QUAST FOR TERM LIMITS,89.305785
2014,45,U S SENATE,,BRUCE BRALEY,DEMOCRATIC PARTY,16208.187852
2014,45,U S SENATE,,DOUGLAS BUTZIER,LIBERTARIAN PARTY,184.753495
2014,45,U S SENATE,,JONI ERNST,REPUBLICAN PARTY,5030.420481
2014,45,U S SENATE,,RICK STEWART,INDEPENDENT,283.344289
2014,45,U S SENATE,,RUTH SMITH,,57.062355
2014,45,U S SENATE,,WRITE IN,,26.794218
2014,46,ATTORNEY GENERAL,,ADAM GREGG,REPUBLICAN PARTY,10916.319430
2014,46,ATTORNEY GENERAL,,TOM MILLER,DEMOCRATIC PARTY,12691.364960
2014,46,ATTORNEY GENERAL,,WRITE IN,,23.248526
2014,46,AUDITOR OF STATE,,JONATHAN NEIDERBACH,DEMOCRATIC PARTY,9173.797646
2014,46,AUDITOR OF STATE,,MARY MOSIMAN,REPUBLICAN PARTY,13456.954211
2014,46,AUDITOR OF STATE,,WRITE IN,,15.538457
2014,46,GOVERNOR,,JACK HATCH MONICA VERNON,DEMOCRATIC PARTY,8795.912869
2014,46,GOVERNOR,,JIM HENNAGER MARY MARGARET KRIEG,NEW INDEPENDENT PARTY IOWA,202.391785
2014,46,GOVERNOR,,JONATHAN R NARCISSE MICHAEL L RICHARDS,IOWA PARTY,217.167942
2014,46,GOVERNOR,,LEE DEAKINS HIEB TIM WATSON,LIBERTARIAN PARTY,457.031073
2014,46,GOVERNOR,,TERRY E BRANSTAD KIM REYNOLDS,REPUBLICAN PARTY,14652.944468
2014,46,GOVERNOR,,WRITE IN,,21.696923
2014,46,SECRETARY OF AGRICULTURE,,BILL NORTHEY,REPUBLICAN PARTY,15196.149151
2014,46,SECRETARY OF AGRICULTURE,,LEVI BENNING,NEW INDEPENDENT PARTY IOWA,903.219734
2014,46,SECRETARY OF AGRICULTURE,,SHERRIE TAHA,DEMOCRATIC PARTY,7204.578444
2014,46,SECRETARY OF AGRICULTURE,,WRITE IN,,16.305356
2014,46,SECRETARY OF STATE,,BRAD ANDERSON,DEMOCRATIC PARTY,10453.722530
2014,46,SECRETARY OF STATE,,JAKE PORTER,LIBERTARIAN PARTY,750.529166
2014,46,SECRETARY OF STATE,,PAUL D PATE,REPUBLICAN PARTY,11972.685987
2014,46,SECRETARY OF STATE,,SPENCER HIGHLAND,NEW INDEPENDENT PARTY IOWA,405.620633
2014,46,SECRETARY OF STATE,,WRITE IN,,8.508666
2014,46,TREASURER OF STATE,,KEITH A LAUBE,LIBERTARIAN PARTY,844.307624
2014,46,TREASURER OF STATE,,MICHAEL L FITZGERALD,DEMOCRATIC PARTY,11953.905915
2014,46,TREASURER OF STATE,,SAM CLOVIS,REPUBLICAN PARTY,10412.678979
2014,46,TREASURER OF STATE,,WRITE IN,,14.470171
2014,46,U S SENATE,,BOB QUAST,BOB QUAST FOR TERM LIMITS,103.920888
2014,46,U S SENATE,,BRUCE BRALEY,DEMOCRATIC PARTY,10171.963670
2014,46,U S SENATE,,DOUGLAS BUTZIER,LIBERTARIAN PARTY,150.887422
2014,46,U S SENATE,,JONI ERNST,REPUBLICAN PARTY,13161.202578
2014,46,U S SENATE,,RICK STEWART,INDEPENDENT,589.073775
2014,46,U S SENATE,,RUTH SMITH,,108.158977
2014,46,U S SENATE,,WRITE IN,,31.497391
2014,47,ATTORNEY GENERAL,,ADAM GREGG,REPUBLICAN PARTY,12680.733023
2014,47,ATTORNEY GENERAL,,TOM MILLER,DEMOCRATIC PARTY,11093.131162
2014,47,ATTORNEY GENERAL,,WRITE IN,,19.586451
2014,47,AUDITOR OF STATE,,JONATHAN NEIDERBACH,DEMOCRATIC PARTY,8872.340512
2014,47,AUDITOR OF STATE,,MARY MOSIMAN,REPUBLICAN PARTY,14452.196985
2014,47,AUDITOR OF STATE,,WRITE IN,,11.753615
2014,47,GOVERNOR,,JACK HATCH MONICA VERNON,DEMOCRATIC PARTY,7334.252570
2014,47,GOVERNOR,,JIM HENNAGER MARY MARGARET KRIEG,NEW INDEPENDENT PARTY IOWA,124.604007
2014,47,GOVERNOR,,JONATHAN R NARCISSE MICHAEL L RICHARDS,IOWA PARTY,177.868204
2014,47,GOVERNOR,,LEE DEAKINS HIEB TIM WATSON,LIBERTARIAN PARTY,239.721887
2014,47,GOVERNOR,,TERRY E BRANSTAD KIM REYNOLDS,REPUBLICAN PARTY,16863.829761
2014,47,GOVERNOR,,WRITE IN,,11.451247
2014,47,SECRETARY OF AGRICULTURE,,BILL NORTHEY,REPUBLICAN PARTY,14864.559847
2014,47,SECRETARY OF AGRICULTURE,,LEVI BENNING,NEW INDEPENDENT PARTY IOWA,608.753619
2014,47,SECRETARY OF AGRICULTURE,,SHERRIE TAHA,DEMOCRATIC PARTY,8010.981588
2014,47,SECRETARY OF AGRICULTURE,,WRITE IN,,10.941698
2014,47,SECRETARY OF STATE,,BRAD ANDERSON,DEMOCRATIC PARTY,9284.526199
2014,47,SECRETARY OF STATE,,JAKE PORTER,LIBERTARIAN PARTY,680.797293
2014,47,SECRETARY OF STATE,,PAUL D PATE,REPUBLICAN PARTY,13564.475282
2014,47,SECRETARY OF STATE,,SPENCER HIGHLAND,NEW INDEPENDENT PARTY IOWA,278.963440
2014,47,SECRETARY OF STATE,,WRITE IN,,6.561457
2014,47,TREASURER OF STATE,,KEITH A LAUBE,LIBERTARIAN PARTY,748.432013
2014,47,TREASURER OF STATE,,MICHAEL L FITZGERALD,DEMOCRATIC PARTY,10772.995363
2014,47,TREASURER OF STATE,,SAM CLOVIS,REPUBLICAN PARTY,12274.204022
2014,47,TREASURER OF STATE,,WRITE IN,,5.913657
2014,47,U S SENATE,,BOB QUAST,BOB QUAST FOR TERM LIMITS,101.256504
2014,47,U S SENATE,,BRUCE BRALEY,DEMOCRATIC PARTY,10118.103896
2014,47,U S SENATE,,DOUGLAS BUTZIER,LIBERTARIAN PARTY,137.857401
2014,47,U S SENATE,,JONI ERNST,REPUBLICAN PARTY,13975.558564
2014,47,U S SENATE,,RICK STEWART,INDEPENDENT,316.407389
2014,47,U S SENATE,,RUTH SMITH,,88.576841
2014,47,U S SENATE,,WRITE IN,,10.924850
2014,48,ATTORNEY GENERAL,,ADAM GREGG,REPUBLICAN PARTY,8507.922052
2014,48,ATTORNEY GENERAL,,TOM MILLER,DEMOCRATIC PARTY,8680.352690
2014,48,ATTORNEY GENERAL,,WRITE IN,,15.384734
2014,48,AUDITOR OF STATE,,JONATHAN NEIDERBACH,DEMOCRATIC PARTY,6842.306638
2014,48,AUDITOR OF STATE,,MARY MOSIMAN,REPUBLICAN PARTY,10013.473017
2014,48,AUDITOR OF STATE,,WRITE IN,,14.689403
2014,48,GOVERNOR,,JACK HATCH MONICA VERNON,DEMOCRATIC PARTY,5904.445090
2014,48,GOVERNOR,,JIM HENNAGER MARY MARGARET KRIEG,NEW INDEPENDENT PARTY IOWA,215.769784
2014,48,GOVERNOR,,JONATHAN R NARCISSE MICHAEL L RICHARDS,IOWA PARTY,179.330139
2014,48,GOVERNOR,,LEE DEAKINS HIEB TIM WATSON,LIBERTARIAN PARTY,217.197419
2014,48,GOVERNOR,,TERRY E BRANSTAD KIM REYNOLDS,REPUBLICAN PARTY,11284.874549
2014,48,GOVERNOR,,WRITE IN,,14.743129
2014,48,SECRETARY OF AGRICULTURE,,BILL NORTHEY,REPUBLICAN PARTY,10944.023976
2014,48,SECRETARY OF AGRICULTURE,,LEVI BENNING,NEW INDEPENDENT PARTY IOWA,720.962253
2014,48,SECRETARY OF AGRICULTURE,,SHERRIE TAHA,DEMOCRATIC PARTY,5509.981582
2014,48,SECRETARY OF AGRICULTURE,,WRITE IN,,13.662999
2014,48,SECRETARY OF STATE,,BRAD ANDERSON,DEMOCRATIC PARTY,6987.169386
2014,48,SECRETARY OF STATE,,JAKE PORTER,LIBERTARIAN PARTY,452.230854
2014,48,SECRETARY OF STATE,,PAUL D PATE,REPUBLICAN PARTY,9302.699893
2014,48,SECRETARY OF STATE,,SPENCER HIGHLAND,NEW INDEPENDENT PARTY IOWA,434.345504
2014,48,SECRETARY OF STATE,,WRITE IN,,10.644846
2014,48,TREASURER OF STATE,,KEITH A LAUBE,LIBERTARIAN PARTY,634.481743
2014,48,TREASURER OF STATE,,MICHAEL L FITZGERALD,DEMOCRATIC PARTY,8269.936661
2014,48,TREASURER OF STATE,,SAM CLOVIS,REPUBLICAN PARTY,8260.178671
2014,48,TREASURER OF STATE,,WRITE IN,,8.332984
2014,48,U S SENATE,,BOB QUAST,BOB QUAST FOR TERM LIMITS,175.710625
2014,48,U S SENATE,,BRUCE BRALEY,DEMOCRATIC PARTY,7222.008832
2014,48,U S SENATE,,DOUGLAS BUTZIER,LIBERTARIAN PARTY,117.430613
2014,48,U S SENATE,,JONI ERNST,REPUBLICAN PARTY,9712.230890
2014,48,U S SENATE,,RICK STEWART,INDEPENDENT,420.033438
2014,48,U S SENATE,,RUTH SMITH,,70.326978
2014,48,U S SENATE,,WRITE IN,,14.346532
2014,49,ATTORNEY GENERAL,,ADAM GREGG,REPUBLICAN PARTY,7113.888137
2014,49,ATTORNEY GENERAL,,TOM MILLER,DEMOCRATIC PARTY,11966.793815
2014,49,ATTORNEY GENERAL,,WRITE IN,,31.461706
2014,49,AUDITOR OF STATE,,JONATHAN NEIDERBACH,DEMOCRATIC PARTY,10571.416459
2014,49,AUDITOR OF STATE,,MARY MOSIMAN,REPUBLICAN PARTY,8223.740838
2014,49,AUDITOR OF STATE,,WRITE IN,,31.815039
2014,49,GOVERNOR,,JACK HATCH MONICA VERNON,DEMOCRATIC PARTY,9103.229302
2014,49,GOVERNOR,,JIM HENNAGER MARY MARGARET KRIEG,NEW INDEPENDENT PARTY IOWA,155.219035
2014,49,GOVERNOR,,JONATHAN R NARCISSE MICHAEL L RICHARDS,IOWA PARTY,248.039868
2014,49,GOVERNOR,,LEE DEAKINS HIEB TIM WATSON,LIBERTARIAN PARTY,262.066569
2014,49,GOVERNOR,,TERRY E BRANSTAD KIM REYNOLDS,REPUBLICAN PARTY,9911.117213
2014,49,GOVERNOR,,WRITE IN,,17.881445
2014,49,SECRETARY OF AGRICULTURE,,BILL NORTHEY,REPUBLICAN PARTY,8324.614057
2014,49,SECRETARY OF AGRICULTURE,,LEVI BENNING,NEW INDEPENDENT PARTY IOWA,806.171763
2014,49,SECRETARY OF AGRICULTURE,,SHERRIE TAHA,DEMOCRATIC PARTY,9757.220233
2014,49,SECRETARY OF AGRICULTURE,,WRITE IN,,16.121801
2014,49,SECRETARY OF STATE,,BRAD ANDERSON,DEMOCRATIC PARTY,10842.458711
2014,49,SECRETARY OF STATE,,JAKE PORTER,LIBERTARIAN PARTY,692.767928
2014,49,SECRETARY OF STATE,,PAUL D PATE,REPUBLICAN PARTY,7256.913565
2014,49,SECRETARY OF STATE,,SPENCER HIGHLAND,NEW INDEPENDENT PARTY IOWA,343.342586
2014,49,SECRETARY OF STATE,,WRITE IN,,13.542878
2014,49,TREASURER OF STATE,,KEITH A LAUBE,LIBERTARIAN PARTY,730.505733
2014,49,TREASURER OF STATE,,MICHAEL L FITZGERALD,DEMOCRATIC PARTY,11618.221654
2014,49,TREASURER OF STATE,,SAM CLOVIS,REPUBLICAN PARTY,6724.973609
2014,49,TREASURER OF STATE,,WRITE IN,,13.521713
2014,49,U S SENATE,,BOB QUAST,BOB QUAST FOR TERM LIMITS,130.850580
2014,49,U S SENATE,,BRUCE BRALEY,DEMOCRATIC PARTY,11178.785891
2014,49,U S SENATE,,DOUGLAS BUTZIER,LIBERTARIAN PARTY,157.000522
2014,49,U S SENATE,,JONI ERNST,REPUBLICAN PARTY,7767.877900
2014,49,U S SENATE,,RICK STEWART,INDEPENDENT,342.734993
2014,49,U S SENATE,,RUTH SMITH,,100.359354
2014,49,U S SENATE,,WRITE IN,,17.851320
2014,5,ATTORNEY GENERAL,,ADAM GREGG,REPUBLICAN PARTY,10911.596536
2014,5,ATTORNEY GENERAL,,TOM MILLER,DEMOCRATIC PARTY,11111.449653
2014,5,ATTORNEY GENERAL,,WRITE IN,,16.035484
2014,5,AUDITOR OF STATE,,JONATHAN NEIDERBACH,DEMOCRATIC PARTY,7730.240478
2014,5,AUDITOR OF STATE,,MARY MOSIMAN,REPUBLICAN PARTY,13505.566235
2014,5,AUDITOR OF STATE,,WRITE IN,,20.035484
2014,5,GOVERNOR,,JACK HATCH MONICA VERNON,DEMOCRATIC PARTY,6246.897366
2014,5,GOVERNOR,,JIM HENNAGER MARY MARGARET KRIEG,NEW INDEPENDENT PARTY IOWA,220.513051
2014,5,GOVERNOR,,JONATHAN R NARCISSE MICHAEL L RICHARDS,IOWA PARTY,131.438013
2014,5,GOVERNOR,,LEE DEAKINS HIEB TIM WATSON,LIBERTARIAN PARTY,248.968040
2014,5,GOVERNOR,,TERRY E BRANSTAD KIM REYNOLDS,REPUBLICAN PARTY,16014.123800
2014,5,GOVERNOR,,WRITE IN,,16.035484
2014,5,SECRETARY OF AGRICULTURE,,BILL NORTHEY,REPUBLICAN PARTY,16371.807971
2014,5,SECRETARY OF AGRICULTURE,,LEVI BENNING,NEW INDEPENDENT PARTY IOWA,776.919624
2014,5,SECRETARY OF AGRICULTURE,,SHERRIE TAHA,DEMOCRATIC PARTY,5100.481146
2014,5,SECRETARY OF AGRICULTURE,,WRITE IN,,12.017742
2014,5,SECRETARY OF STATE,,BRAD ANDERSON,DEMOCRATIC PARTY,8966.137036
2014,5,SECRETARY OF STATE,,JAKE PORTER,LIBERTARIAN PARTY,549.110776
2014,5,SECRETARY OF STATE,,PAUL D PATE,REPUBLICAN PARTY,11733.000980
2014,5,SECRETARY OF STATE,,SPENCER HIGHLAND,NEW INDEPENDENT PARTY IOWA,544.928249
2014,5,SECRETARY OF STATE,,WRITE IN,,9.026613
2014,5,TREASURER OF STATE,,KEITH A LAUBE,LIBERTARIAN PARTY,665.228092
2014,5,TREASURER OF STATE,,MICHAEL L FITZGERALD,DEMOCRATIC PARTY,10889.517428
2014,5,TREASURER OF STATE,,SAM CLOVIS,REPUBLICAN PARTY,10324.626165
2014,5,TREASURER OF STATE,,WRITE IN,,10.035484
2014,5,U S SENATE,,BOB QUAST,BOB QUAST FOR TERM LIMITS,203.563491
2014,5,U S SENATE,,BRUCE BRALEY,DEMOCRATIC PARTY,8162.532415
2014,5,U S SENATE,,DOUGLAS BUTZIER,LIBERTARIAN PARTY,103.775659
2014,5,U S SENATE,,JONI ERNST,REPUBLICAN PARTY,13268.994195
2014,5,U S SENATE,,RICK STEWART,INDEPENDENT,747.774418
2014,5,U S SENATE,,RUTH SMITH,,143.487692
2014,5,U S SENATE,,WRITE IN,,22.035484
2014,50,ATTORNEY GENERAL,,ADAM GREGG,REPUBLICAN PARTY,7798.006406
2014,50,ATTORNEY GENERAL,,TOM MILLER,DEMOCRATIC PARTY,11716.692963
2014,50,ATTORNEY GENERAL,,WRITE IN,,28.908462
2014,50,AUDITOR OF STATE,,JONATHAN NEIDERBACH,DEMOCRATIC PARTY,10135.506451
2014,50,AUDITOR OF STATE,,MARY MOSIMAN,REPUBLICAN PARTY,9000.157975
2014,50,AUDITOR OF STATE,,WRITE IN,,24.603792
2014,50,GOVERNOR,,JACK HATCH MONICA VERNON,DEMOCRATIC PARTY,9168.383824
2014,50,GOVERNOR,,JIM HENNAGER MARY MARGARET KRIEG,NEW INDEPENDENT PARTY IOWA,260.604486
2014,50,GOVERNOR,,JONATHAN R NARCISSE MICHAEL L RICHARDS,IOWA PARTY,142.653500
2014,50,GOVERNOR,,LEE DEAKINS HIEB TIM WATSON,LIBERTARIAN PARTY,256.041038
2014,50,GOVERNOR,,TERRY E BRANSTAD KIM REYNOLDS,REPUBLICAN PARTY,10291.436887
2014,50,GOVERNOR,,WRITE IN,,11.994121
2014,50,SECRETARY OF AGRICULTURE,,BILL NORTHEY,REPUBLICAN PARTY,9298.935999
2014,50,SECRETARY OF AGRICULTURE,,LEVI BENNING,NEW INDEPENDENT PARTY IOWA,930.980622
2014,50,SECRETARY OF AGRICULTURE,,SHERRIE TAHA,DEMOCRATIC PARTY,9101.512092
2014,50,SECRETARY OF AGRICULTURE,,WRITE IN,,18.630196
2014,50,SECRETARY OF STATE,,BRAD ANDERSON,DEMOCRATIC PARTY,10297.079022
2014,50,SECRETARY OF STATE,,JAKE PORTER,LIBERTARIAN PARTY,550.397866
2014,50,SECRETARY OF STATE,,PAUL D PATE,REPUBLICAN PARTY,8210.123225
2014,50,SECRETARY OF STATE,,SPENCER HIGHLAND,NEW INDEPENDENT PARTY IOWA,464.094248
2014,50,SECRETARY OF STATE,,WRITE IN,,12.648158
2014,50,TREASURER OF STATE,,KEITH A LAUBE,LIBERTARIAN PARTY,716.439229
2014,50,TREASURER OF STATE,,MICHAEL L FITZGERALD,DEMOCRATIC PARTY,11206.580331
2014,50,TREASURER OF STATE,,SAM CLOVIS,REPUBLICAN PARTY,7521.131942
2014,50,TREASURER OF STATE,,WRITE IN,,12.960211
2014,50,U S SENATE,,BOB QUAST,BOB QUAST FOR TERM LIMITS,142.077254
2014,50,U S SENATE,,BRUCE BRALEY,DEMOCRATIC PARTY,10467.657435
2014,50,U S SENATE,,DOUGLAS BUTZIER,LIBERTARIAN PARTY,146.019953
2014,50,U S SENATE,,JONI ERNST,REPUBLICAN PARTY,8766.374648
2014,50,U S SENATE,,RICK STEWART,INDEPENDENT,426.405822
2014,50,U S SENATE,,RUTH SMITH,,93.093339
2014,50,U S SENATE,,WRITE IN,,17.946664
2014,6,ATTORNEY GENERAL,,ADAM GREGG,REPUBLICAN PARTY,8745.999843
2014,6,ATTORNEY GENERAL,,TOM MILLER,DEMOCRATIC PARTY,9118.999910
2014,6,ATTORNEY GENERAL,,WRITE IN,,7.999999
2014,6,AUDITOR OF STATE,,JONATHAN NEIDERBACH,DEMOCRATIC PARTY,5614.999956
2014,6,AUDITOR OF STATE,,MARY MOSIMAN,REPUBLICAN PARTY,11189.999812
2014,6,AUDITOR OF STATE,,WRITE IN,,18.999999
2014,6,GOVERNOR,,JACK HATCH MONICA VERNON,DEMOCRATIC PARTY,4917.999963
2014,6,GOVERNOR,,JIM HENNAGER MARY MARGARET KRIEG,NEW INDEPENDENT PARTY IOWA,166.999999
2014,6,GOVERNOR,,JONATHAN R NARCISSE MICHAEL L RICHARDS,IOWA PARTY,141.000000
2014,6,GOVERNOR,,LEE DEAKINS HIEB TIM WATSON,LIBERTARIAN PARTY,342.999996
2014,6,GOVERNOR,,TERRY E BRANSTAD KIM REYNOLDS,REPUBLICAN PARTY,13478.999777
2014,6,GOVERNOR,,WRITE IN,,24.000000
2014,6,SECRETARY OF AGRICULTURE,,BILL NORTHEY,REPUBLICAN PARTY,13208.999781
2014,6,SECRETARY OF AGRICULTURE,,LEVI BENNING,NEW INDEPENDENT PARTY IOWA,672.999998
2014,6,SECRETARY OF AGRICULTURE,,SHERRIE TAHA,DEMOCRATIC PARTY,3917.999972
2014,6,SECRETARY OF AGRICULTURE,,WRITE IN,,7.000000
2014,6,SECRETARY OF STATE,,BRAD ANDERSON,DEMOCRATIC PARTY,6743.999934
2014,6,SECRETARY OF STATE,,JAKE PORTER,LIBERTARIAN PARTY,531.999993
2014,6,SECRETARY OF STATE,,PAUL D PATE,REPUBLICAN PARTY,9745.999831
2014,6,SECRETARY OF STATE,,SPENCER HIGHLAND,NEW INDEPENDENT PARTY IOWA,356.999999
2014,6,SECRETARY OF STATE,,WRITE IN,,8.000000
2014,6,TREASURER OF STATE,,KEITH A LAUBE,LIBERTARIAN PARTY,539.999995
2014,6,TREASURER OF STATE,,MICHAEL L FITZGERALD,DEMOCRATIC PARTY,8358.999927
2014,6,TREASURER OF STATE,,SAM CLOVIS,REPUBLICAN PARTY,8670.999840
2014,6,TREASURER OF STATE,,WRITE IN,,3.000000
2014,6,U S SENATE,,BOB QUAST,BOB QUAST FOR TERM LIMITS,100.999999
2014,6,U S SENATE,,BRUCE BRALEY,DEMOCRATIC PARTY,6108.999948
2014,6,U S SENATE,,DOUGLAS BUTZIER,LIBERTARIAN PARTY,119.999997
2014,6,U S SENATE,,JONI ERNST,REPUBLICAN PARTY,11854.999804
2014,6,U S SENATE,,RICK STEWART,INDEPENDENT,576.999990
2014,6,U S SENATE,,RUTH SMITH,,111.000000
2014,6,U S SENATE,,WRITE IN,,11.000000
2014,7,ATTORNEY GENERAL,,ADAM GREGG,REPUBLICAN PARTY,13077.068525
2014,7,ATTORNEY GENERAL,,TOM MILLER,DEMOCRATIC PARTY,9375.614481
2014,7,ATTORNEY GENERAL,,WRITE IN,,21.707681
2014,7,AUDITOR OF STATE,,JONATHAN NEIDERBACH,DEMOCRATIC PARTY,6896.976941
2014,7,AUDITOR OF STATE,,MARY MOSIMAN,REPUBLICAN PARTY,14863.419978
2014,7,AUDITOR OF STATE,,WRITE IN,,16.571169
2014,7,GOVERNOR,,JACK HATCH MONICA VERNON,DEMOCRATIC PARTY,5552.909001
2014,7,GOVERNOR,,JIM HENNAGER MARY MARGARET KRIEG,NEW INDEPENDENT PARTY IOWA,194.727237
2014,7,GOVERNOR,,JONATHAN R NARCISSE MICHAEL L RICHARDS,IOWA PARTY,137.315143
2014,7,GOVERNOR,,LEE DEAKINS HIEB TIM WATSON,LIBERTARIAN PARTY,222.822947
2014,7,GOVERNOR,,TERRY E BRANSTAD KIM REYNOLDS,REPUBLICAN PARTY,17306.906760
2014,7,GOVERNOR,,WRITE IN,,19.711300
2014,7,SECRETARY OF AGRICULTURE,,BILL NORTHEY,REPUBLICAN PARTY,16311.929433
2014,7,SECRETARY OF AGRICULTURE,,LEVI BENNING,NEW INDEPENDENT PARTY IOWA,897.157566
2014,7,SECRETARY OF AGRICULTURE,,SHERRIE TAHA,DEMOCRATIC PARTY,5091.935008
2014,7,SECRETARY OF AGRICULTURE,,WRITE IN,,8.711304
2014,7,SECRETARY OF STATE,,BRAD ANDERSON,DEMOCRATIC PARTY,8534.392084
2014,7,SECRETARY OF STATE,,JAKE PORTER,LIBERTARIAN PARTY,574.098712
2014,7,SECRETARY OF STATE,,PAUL D PATE,REPUBLICAN PARTY,12798.732846
2014,7,SECRETARY OF STATE,,SPENCER HIGHLAND,NEW INDEPENDENT PARTY IOWA,474.865845
2014,7,SECRETARY OF STATE,,WRITE IN,,16.001527
2014,7,TREASURER OF STATE,,KEITH A LAUBE,LIBERTARIAN PARTY,507.206731
2014,7,TREASURER OF STATE,,MICHAEL L FITZGERALD,DEMOCRATIC PARTY,7843.387622
2014,7,TREASURER OF STATE,,SAM CLOVIS,REPUBLICAN PARTY,14251.442327
2014,7,TREASURER OF STATE,,WRITE IN,,11.491074
2014,7,U S SENATE,,BOB QUAST,BOB QUAST FOR TERM LIMITS,199.789239
2014,7,U S SENATE,,BRUCE BRALEY,DEMOCRATIC PARTY,7130.406473
2014,7,U S SENATE,,DOUGLAS BUTZIER,LIBERTARIAN PARTY,112.681061
2014,7,U S SENATE,,JONI ERNST,REPUBLICAN PARTY,14952.334882
2014,7,U S SENATE,,RICK STEWART,INDEPENDENT,839.716018
2014,7,U S SENATE,,RUTH SMITH,,71.063871
2014,7,U S SENATE,,WRITE IN,,32.760463
2014,8,ATTORNEY GENERAL,,ADAM GREGG,REPUBLICAN PARTY,12831.434663
2014,8,ATTORNEY GENERAL,,TOM MILLER,DEMOCRATIC PARTY,7765.618258
2014,8,ATTORNEY GENERAL,,WRITE IN,,36.615179
2014,8,AUDITOR OF STATE,,JONATHAN NEIDERBACH,DEMOCRATIC PARTY,5831.126132
2014,8,AUDITOR OF STATE,,MARY MOSIMAN,REPUBLICAN PARTY,14446.010726
2014,8,AUDITOR OF STATE,,WRITE IN,,32.813835
2014,8,GOVERNOR,,JACK HATCH MONICA VERNON,DEMOCRATIC PARTY,5092.210209
2014,8,GOVERNOR,,JIM HENNAGER MARY MARGARET KRIEG,NEW INDEPENDENT PARTY IOWA,343.938654
2014,8,GOVERNOR,,JONATHAN R NARCISSE MICHAEL L RICHARDS,IOWA PARTY,189.871765
2014,8,GOVERNOR,,LEE DEAKINS HIEB TIM WATSON,LIBERTARIAN PARTY,698.797225
2014,8,GOVERNOR,,TERRY E BRANSTAD KIM REYNOLDS,REPUBLICAN PARTY,15160.960445
2014,8,GOVERNOR,,WRITE IN,,13.912577
2014,8,SECRETARY OF AGRICULTURE,,BILL NORTHEY,REPUBLICAN PARTY,14704.247608
2014,8,SECRETARY OF AGRICULTURE,,LEVI BENNING,NEW INDEPENDENT PARTY IOWA,1161.410631
2014,8,SECRETARY OF AGRICULTURE,,SHERRIE TAHA,DEMOCRATIC PARTY,4769.562188
2014,8,SECRETARY OF AGRICULTURE,,WRITE IN,,15.906840
2014,8,SECRETARY OF STATE,,BRAD ANDERSON,DEMOCRATIC PARTY,6405.041410
2014,8,SECRETARY OF STATE,,JAKE PORTER,LIBERTARIAN PARTY,745.947712
2014,8,SECRETARY OF STATE,,PAUL D PATE,REPUBLICAN PARTY,12909.710653
2014,8,SECRETARY OF STATE,,SPENCER HIGHLAND,NEW INDEPENDENT PARTY IOWA,602.056690
2014,8,SECRETARY OF STATE,,WRITE IN,,15.495312
2014,8,TREASURER OF STATE,,KEITH A LAUBE,LIBERTARIAN PARTY,900.073941
2014,8,TREASURER OF STATE,,MICHAEL L FITZGERALD,DEMOCRATIC PARTY,7251.501234
2014,8,TREASURER OF STATE,,SAM CLOVIS,REPUBLICAN PARTY,12414.346587
2014,8,TREASURER OF STATE,,WRITE IN,,16.411648
2014,8,U S SENATE,,BOB QUAST,BOB QUAST FOR TERM LIMITS,161.871879
2014,8,U S SENATE,,BRUCE BRALEY,DEMOCRATIC PARTY,6387.329889
2014,8,U S SENATE,,DOUGLAS BUTZIER,LIBERTARIAN PARTY,186.016828
2014,8,U S SENATE,,JONI ERNST,REPUBLICAN PARTY,14069.573010
2014,8,U S SENATE,,RICK STEWART,INDEPENDENT,518.144125
2014,8,U S SENATE,,RUTH SMITH,,109.932442
2014,8,U S SENATE,,WRITE IN,,21.797560
2014,9,ATTORNEY GENERAL,,ADAM GREGG,REPUBLICAN PARTY,12156.102421
2014,9,ATTORNEY GENERAL,,TOM MILLER,DEMOCRATIC PARTY,10228.734490
2014,9,ATTORNEY GENERAL,,WRITE IN,,28.448480
2014,9,AUDITOR OF STATE,,JONATHAN NEIDERBACH,DEMOCRATIC PARTY,6353.998426
2014,9,AUDITOR OF STATE,,MARY MOSIMAN,REPUBLICAN PARTY,15307.996106
2014,9,AUDITOR OF STATE,,WRITE IN,,14.768045
2014,9,GOVERNOR,,JACK HATCH MONICA VERNON,DEMOCRATIC PARTY,5168.991096
2014,9,GOVERNOR,,JIM HENNAGER MARY MARGARET KRIEG,NEW INDEPENDENT PARTY IOWA,198.954394
2014,9,GOVERNOR,,JONATHAN R NARCISSE MICHAEL L RICHARDS,IOWA PARTY,179.444876
2014,9,GOVERNOR,,LEE DEAKINS HIEB TIM WATSON,LIBERTARIAN PARTY,531.395668
2014,9,GOVERNOR,,TERRY E BRANSTAD KIM REYNOLDS,REPUBLICAN PARTY,15357.248528
2014,9,GOVERNOR,,WRITE IN,,7.768044
2014,9,SECRETARY OF AGRICULTURE,,BILL NORTHEY,REPUBLICAN PARTY,16634.570985
2014,9,SECRETARY OF AGRICULTURE,,LEVI BENNING,NEW INDEPENDENT PARTY IOWA,903.751915
2014,9,SECRETARY OF AGRICULTURE,,SHERRIE TAHA,DEMOCRATIC PARTY,4764.928749
2014,9,SECRETARY OF AGRICULTURE,,WRITE IN,,13.000000
2014,9,SECRETARY OF STATE,,BRAD ANDERSON,DEMOCRATIC PARTY,7603.874913
2014,9,SECRETARY OF STATE,,JAKE PORTER,LIBERTARIAN PARTY,722.767336
2014,9,SECRETARY OF STATE,,PAUL D PATE,REPUBLICAN PARTY,13350.256764
2014,9,SECRETARY OF STATE,,SPENCER HIGHLAND,NEW INDEPENDENT PARTY IOWA,430.714537
2014,9,SECRETARY OF STATE,,WRITE IN,,10.536087
2014,9,TREASURER OF STATE,,KEITH A LAUBE,LIBERTARIAN PARTY,744.010773
2014,9,TREASURER OF STATE,,MICHAEL L FITZGERALD,DEMOCRATIC PARTY,9257.774013
2014,9,TREASURER OF STATE,,SAM CLOVIS,REPUBLICAN PARTY,12145.144033
2014,9,TREASURER OF STATE,,WRITE IN,,11.536087
2014,9,U S SENATE,,BOB QUAST,BOB QUAST FOR TERM LIMITS,98.041658
2014,9,U S SENATE,,BRUCE BRALEY,DEMOCRATIC PARTY,6591.526971
2014,9,U S SENATE,,DOUGLAS BUTZIER,LIBERTARIAN PARTY,137.634831
2014,9,U S SENATE,,JONI ERNST,REPUBLICAN PARTY,15511.318536
2014,9,U S SENATE,,RICK STEWART,INDEPENDENT,505.577026
2014,9,U S SENATE,,RUTH SMITH,,197.749001
2014,9,U S SENATE,,WRITE IN,,11.072175
