year,vtd_id,office,district,candidate,party,votes
2014,19007007005,ATTORNEY GENERAL,,ADAM GREGG,REPUBLICAN PARTY,56.000000
2014,19007007005,ATTORNEY GENERAL,,TOM MILLER,DEMOCRATIC PARTY,37.000000
2014,19007007005,ATTORNEY GENERAL,,WRITE IN,,0.000000
2014,19007007005,AUDITOR OF STATE,,JONATHAN NEIDERBACH,DEMOCRATIC PARTY,17.000000
2014,19007007005,AUDITOR OF STATE,,MARY MOSIMAN,REPUBLICAN PARTY,72.000000
2014,19007007005,AUDITOR OF STATE,,WRITE IN,,0.000000
2014,19007007005,GOVERNOR,,JACK HATCH MONICA VERNON,DEMOCRATIC PARTY,16.000000
2014,19007007005,GOVERNOR,,JIM HENNAGER MARY MARGARET KRIEG,NEW INDEPENDENT PARTY IOWA,0.000000
2014,19007007005,GOVERNOR,,JONATHAN R NARCISSE MICHAEL L RICHARDS,IOWA PARTY,0.000000
2014,19007007005,GOVERNOR,,LEE DEAKINS HIEB TIM WATSON,LIBERTARIAN PARTY,0.000000
2014,19007007005,GOVERNOR,,TERRY E BRANSTAD KIM REYNOLDS,REPUBLICAN PARTY,77.000000
2014,19007007005,GOVERNOR,,WRITE IN,,0.000000
2014,19007007005,SECRETARY OF AGRICULTURE,,BILL NORTHEY,REPUBLICAN PARTY,76.000000
2014,19007007005,SECRETARY OF AGRICULTURE,,LEVI BENNING,NEW INDEPENDENT PARTY IOWA,1.000000
2014,19007007005,SECRETARY OF AGRICULTURE,,SHERRIE TAHA,DEMOCRATIC PARTY,13.000000
2014,19007007005,SECRETARY OF AGRICULTURE,,WRITE IN,,0.000000
2014,19007007005,SECRETARY OF STATE,,BRAD ANDERSON,DEMOCRATIC PARTY,25.000000
2014,19007007005,SECRETARY OF STATE,,JAKE PORTER,LIBERTARIAN PARTY,4.000000
2014,19007007005,SECRETARY OF STATE,,PAUL D PATE,REPUBLICAN PARTY,61.000000
2014,19007007005,SECRETARY OF STATE,,SPENCER HIGHLAND,NEW INDEPENDENT PARTY IOWA,0.000000
2014,19007007005,SECRETARY OF STATE,,WRITE IN,,0.000000
2014,19007007005,TREASURER OF STATE,,KEITH A LAUBE,LIBERTARIAN PARTY,2.000000
2014,19007007005,TREASURER OF STATE,,MICHAEL L FITZGERALD,DEMOCRATIC PARTY,30.000000
2014,19007007005,TREASURER OF STATE,,SAM CLOVIS,REPUBLICAN PARTY,58.000000
2014,19007007005,TREASURER OF STATE,,WRITE IN,,0.000000
2014,19007007005,U S SENATE,,BOB QUAST,BOB QUAST FOR TERM LIMITS,0.000000
2014,19007007005,U S SENATE,,BRUCE BRALEY,DEMOCRATIC PARTY,21.000000
2014,19007007005,U S SENATE,,DOUGLAS BUTZIER,LIBERTARIAN PARTY,0.000000
2014,19007007005,U S SENATE,,JONI ERNST,REPUBLICAN PARTY,72.000000
2014,19007007005,U S SENATE,,RICK STEWART,INDEPENDENT,1.000000
2014,19007007005,U S SENATE,,RUTH SMITH,,0.000000
2014,19007007005,U S SENATE,,WRITE IN,,0.000000
2014,19007007006,ATTORNEY GENERAL,,ADAM GREGG,REPUBLICAN PARTY,77.000000
2014,19007007006,ATTORNEY GENERAL,,TOM MILLER,DEMOCRATIC PARTY,83.000000
2014,19007007006,ATTORNEY GENERAL,,WRITE IN,,0.000000
2014,19007007006,AUDITOR OF STATE,,JONATHAN NEIDERBACH,DEMOCRATIC PARTY,59.000000
2014,19007007006,AUDITOR OF STATE,,MARY MOSIMAN,REPUBLICAN PARTY,101.000000
2014,19007007006,AUDITOR OF STATE,,WRITE IN,,0.000000
2014,19007007006,GOVERNOR,,JACK HATCH MONICA VERNON,DEMOCRATIC PARTY,51.000000
2014,19007007006,GOVERNOR,,JIM HENNAGER MARY MARGARET KRIEG,NEW INDEPENDENT PARTY IOWA,0.000000
2014,19007007006,GOVERNOR,,JONATHAN R NARCISSE MICHAEL L RICHARDS,IOWA PARTY,0.000000
2014,19007007006,GOVERNOR,,LEE DEAKINS HIEB TIM WATSON,LIBERTARIAN PARTY,6.000000
2014,19007007006,GOVERNOR,,TERRY E BRANSTAD KIM REYNOLDS,REPUBLICAN PARTY,108.000000
2014,19007007006,GOVERNOR,,WRITE IN,,0.000000
2014,19007007006,SECRETARY OF AGRICULTURE,,BILL NORTHEY,REPUBLICAN PARTY,107.000000
2014,19007007006,SECRETARY OF AGRICULTURE,,LEVI BENNING,NEW INDEPENDENT PARTY IOWA,8.000000
2014,19007007006,SECRETARY OF AGRICULTURE,,SHERRIE TAHA,DEMOCRATIC PARTY,43.000000
2014,19007007006,SECRETARY OF AGRICULTURE,,WRITE IN,,0.000000
2014,19007007006,SECRETARY OF STATE,,BRAD ANDERSON,DEMOCRATIC PARTY,65.000000
2014,19007007006,SECRETARY OF STATE,,JAKE PORTER,LIBERTARIAN PARTY,8.000000
2014,19007007006,SECRETARY OF STATE,,PAUL D PATE,REPUBLICAN PARTY,88.000000
2014,19007007006,SECRETARY OF STATE,,SPENCER HIGHLAND,NEW INDEPENDENT PARTY IOWA,1.000000
2014,19007007006,SECRETARY OF STATE,,WRITE IN,,0.000000
2014,19007007006,TREASURER OF STATE,,KEITH A LAUBE,LIBERTARIAN PARTY,4.000000
2014,19007007006,TREASURER OF STATE,,MICHAEL L FITZGERALD,DEMOCRATIC PARTY,71.000000
2014,19007007006,TREASURER OF STATE,,SAM CLOVIS,REPUBLICAN PARTY,87.000000
2014,19007007006,TREASURER OF STATE,,WRITE IN,,0.000000
2014,19007007006,U S SENATE,,BOB QUAST,BOB QUAST FOR TERM LIMITS,0.000000
2014,19007007006,U S SENATE,,BRUCE BRALEY,DEMOCRATIC PARTY,53.000000
2014,19007007006,U S SENATE,,DOUGLAS BUTZIER,LIBERTARIAN PARTY,2.000000
2014,19007007006,U S SENATE,,JONI ERNST,REPUBLICAN PARTY,107.000000
2014,19007007006,U S SENATE,,RICK STEWART,INDEPENDENT,0.000000
2014,19007007006,U S SENATE,,RUTH SMITH,,0.000000
2014,19007007006,U S SENATE,,WRITE IN,,0.000000
2014,19007007019,ATTORNEY GENERAL,,ADAM GREGG,REPUBLICAN PARTY,85.000000
2014,19007007019,ATTORNEY GENERAL,,TOM MILLER,DEMOCRATIC PARTY,76.000000
2014,19007007019,ATTORNEY GENERAL,,WRITE IN,,0.000000
2014,19007007019,AUDITOR OF STATE,,JONATHAN NEIDERBACH,DEMOCRATIC PARTY,57.000000
2014,19007007019,AUDITOR OF STATE,,MARY MOSIMAN,REPUBLICAN PARTY,98.000000
2014,19007007019,AUDITOR OF STATE,,WRITE IN,,0.000000
2014,19007007019,GOVERNOR,,JACK HATCH MONICA VERNON,DEMOCRATIC PARTY,48.000000
2014,19007007019,GOVERNOR,,JIM HENNAGER MARY MARGARET KRIEG,NEW INDEPENDENT PARTY IOWA,2.000000
2014,19007007019,GOVERNOR,,JONATHAN R NARCISSE MICHAEL L RICHARDS,IOWA PARTY,5.000000
2014,19007007019,GOVERNOR,,LEE DEAKINS HIEB TIM WATSON,LIBERTARIAN PARTY,13.000000
2014,19007007019,GOVERNOR,,TERRY E BRANSTAD KIM REYNOLDS,REPUBLICAN PARTY,96.000000
2014,19007007019,GOVERNOR,,WRITE IN,,0.000000
2014,19007007019,SECRETARY OF AGRICULTURE,,BILL NORTHEY,REPUBLICAN PARTY,119.000000
2014,19007007019,SECRETARY OF AGRICULTURE,,LEVI BENNING,NEW INDEPENDENT PARTY IOWA,7.000000
2014,19007007019,SECRETARY OF AGRICULTURE,,SHERRIE TAHA,DEMOCRATIC PARTY,36.000000
2014,19007007019,SECRETARY OF AGRICULTURE,,WRITE IN,,0.000000
2014,19007007019,SECRETARY OF STATE,,BRAD ANDERSON,DEMOCRATIC PARTY,63.000000
2014,19007007019,SECRETARY OF STATE,,JAKE PORTER,LIBERTARIAN PARTY,7.000000
2014,19007007019,SECRETARY OF STATE,,PAUL D PATE,REPUBLICAN PARTY,88.000000
2014,19007007019,SECRETARY OF STATE,,SPENCER HIGHLAND,NEW INDEPENDENT PARTY IOWA,3.000000
2014,19007007019,SECRETARY OF STATE,,WRITE IN,,0.000000
2014,19007007019,TREASURER OF STATE,,KEITH A LAUBE,LIBERTARIAN PARTY,7.000000
2014,19007007019,TREASURER OF STATE,,MICHAEL L FITZGERALD,DEMOCRATIC PARTY,71.000000
2014,19007007019,TREASURER OF STATE,,SAM CLOVIS,REPUBLICAN PARTY,82.000000
2014,19007007019,TREASURER OF STATE,,WRITE IN,,0.000000
2014,19007007019,U S SENATE,,BOB QUAST,BOB QUAST FOR TERM LIMITS,0.000000
2014,19007007019,U S SENATE,,BRUCE BRALEY,DEMOCRATIC PARTY,58.000000
2014,19007007019,U S SENATE,,DOUGLAS BUTZIER,LIBERTARIAN PARTY,3.000000
2014,19007007019,U S SENATE,,JONI ERNST,REPUBLICAN PARTY,94.000000
2014,19007007019,U S SENATE,,RICK STEWART,INDEPENDENT,10.000000
2014,19007007019,U S SENATE,,RUTH SMITH,,0.000000
2014,19007007019,U S SENATE,,WRITE IN,,0.000000
2014,19011011018,ATTORNEY GENERAL,,ADAM GREGG,REPUBLICAN PARTY,346.000000
2014,19011011018,ATTORNEY GENERAL,,TOM MILLER,DEMOCRATIC PARTY,460.000000
2014,19011011018,ATTORNEY GENERAL,,WRITE IN,,0.000000
2014,19011011018,AUDITOR OF STATE,,JONATHAN NEIDERBACH,DEMOCRATIC PARTY,350.000000
2014,19011011018,AUDITOR OF STATE,,MARY MOSIMAN,REPUBLICAN PARTY,423.000000
2014,19011011018,AUDITOR OF STATE,,WRITE IN,,1.000000
2014,19011011018,GOVERNOR,,JACK HATCH MONICA VERNON,DEMOCRATIC PARTY,322.000000
2014,19011011018,GOVERNOR,,JIM HENNAGER MARY MARGARET KRIEG,NEW INDEPENDENT PARTY IOWA,10.000000
2014,19011011018,GOVERNOR,,JONATHAN R NARCISSE MICHAEL L RICHARDS,IOWA PARTY,10.000000
2014,19011011018,GOVERNOR,,LEE DEAKINS HIEB TIM WATSON,LIBERTARIAN PARTY,16.000000
2014,19011011018,GOVERNOR,,TERRY E BRANSTAD KIM REYNOLDS,REPUBLICAN PARTY,468.000000
2014,19011011018,GOVERNOR,,WRITE IN,,0.000000
2014,19011011018,SECRETARY OF AGRICULTURE,,BILL NORTHEY,REPUBLICAN PARTY,476.000000
2014,19011011018,SECRETARY OF AGRICULTURE,,LEVI BENNING,NEW INDEPENDENT PARTY IOWA,37.000000
2014,19011011018,SECRETARY OF AGRICULTURE,,SHERRIE TAHA,DEMOCRATIC PARTY,279.000000
2014,19011011018,SECRETARY OF AGRICULTURE,,WRITE IN,,1.000000
2014,19011011018,SECRETARY OF STATE,,BRAD ANDERSON,DEMOCRATIC PARTY,386.000000
2014,19011011018,SECRETARY OF STATE,,JAKE PORTER,LIBERTARIAN PARTY,18.000000
2014,19011011018,SECRETARY OF STATE,,PAUL D PATE,REPUBLICAN PARTY,379.000000
2014,19011011018,SECRETARY OF STATE,,SPENCER HIGHLAND,NEW INDEPENDENT PARTY IOWA,15.000000
2014,19011011018,SECRETARY OF STATE,,WRITE IN,,1.000000
2014,19011011018,TREASURER OF STATE,,KEITH A LAUBE,LIBERTARIAN PARTY,35.000000
2014,19011011018,TREASURER OF STATE,,MICHAEL L FITZGERALD,DEMOCRATIC PARTY,424.000000
2014,19011011018,TREASURER OF STATE,,SAM CLOVIS,REPUBLICAN PARTY,327.000000
2014,19011011018,TREASURER OF STATE,,WRITE IN,,1.000000
2014,19011011018,U S SENATE,,BOB QUAST,BOB QUAST FOR TERM LIMITS,5.000000
2014,19011011018,U S SENATE,,BRUCE BRALEY,DEMOCRATIC PARTY,348.000000
2014,19011011018,U S SENATE,,DOUGLAS BUTZIER,LIBERTARIAN PARTY,5.000000
2014,19011011018,U S SENATE,,JONI ERNST,REPUBLICAN PARTY,430.000000
2014,19011011018,U S SENATE,,RICK STEWART,INDEPENDENT,27.000000
2014,19011011018,U S SENATE,,RUTH SMITH,,4.000000
2014,19011011018,U S SENATE,,WRITE IN,,0.000000
2014,19013013001,ATTORNEY GENERAL,,ADAM GREGG,REPUBLICAN PARTY,277.000000
2014,19013013001,ATTORNEY GENERAL,,TOM MILLER,DEMOCRATIC PARTY,220.000000
2014,19013013001,ATTORNEY GENERAL,,WRITE IN,,1.000000
2014,19013013001,AUDITOR OF STATE,,JONATHAN NEIDERBACH,DEMOCRATIC PARTY,129.000000
2014,19013013001,AUDITOR OF STATE,,MARY MOSIMAN,REPUBLICAN PARTY,343.000000
2014,19013013001,AUDITOR OF STATE,,WRITE IN,,1.000000
2014,19013013001,GOVERNOR,,JACK HATCH MONICA VERNON,DEMOCRATIC PARTY,132.000000
2014,19013013001,GOVERNOR,,JIM HENNAGER MARY MARGARET KRIEG,NEW INDEPENDENT PARTY IOWA,3.000000
2014,19013013001,GOVERNOR,,JONATHAN R NARCISSE MICHAEL L RICHARDS,IOWA PARTY,2.000000
2014,19013013001,GOVERNOR,,LEE DEAKINS HIEB TIM WATSON,LIBERTARIAN PARTY,9.000000
2014,19013013001,GOVERNOR,,TERRY E BRANSTAD KIM REYNOLDS,REPUBLICAN PARTY,365.000000
2014,19013013001,GOVERNOR,,WRITE IN,,0.000000
2014,19013013001,SECRETARY OF AGRICULTURE,,BILL NORTHEY,REPUBLICAN PARTY,375.000000
2014,19013013001,SECRETARY OF AGRICULTURE,,LEVI BENNING,NEW INDEPENDENT PARTY IOWA,9.000000
2014,19013013001,SECRETARY OF AGRICULTURE,,SHERRIE TAHA,DEMOCRATIC PARTY,106.000000
2014,19013013001,SECRETARY OF AGRICULTURE,,WRITE IN,,0.000000
2014,19013013001,SECRETARY OF STATE,,BRAD ANDERSON,DEMOCRATIC PARTY,157.000000
2014,19013013001,SECRETARY OF STATE,,JAKE PORTER,LIBERTARIAN PARTY,12.000000
2014,19013013001,SECRETARY OF STATE,,PAUL D PATE,REPUBLICAN PARTY,317.000000
2014,19013013001,SECRETARY OF STATE,,SPENCER HIGHLAND,NEW INDEPENDENT PARTY IOWA,2.000000
2014,19013013001,SECRETARY OF STATE,,WRITE IN,,0.000000
2014,19013013001,TREASURER OF STATE,,KEITH A LAUBE,LIBERTARIAN PARTY,21.000000
2014,19013013001,TREASURER OF STATE,,MICHAEL L FITZGERALD,DEMOCRATIC PARTY,179.000000
2014,19013013001,TREASURER OF STATE,,SAM CLOVIS,REPUBLICAN PARTY,286.000000
2014,19013013001,TREASURER OF STATE,,WRITE IN,,0.000000
2014,19013013001,U S SENATE,,BOB QUAST,BOB QUAST FOR TERM LIMITS,0.000000
2014,19013013001,U S SENATE,,BRUCE BRALEY,DEMOCRATIC PARTY,165.000000
2014,19013013001,U S SENATE,,DOUGLAS BUTZIER,LIBERTARIAN PARTY,3.000000
2014,19013013001,U S SENATE,,JONI ERNST,REPUBLICAN PARTY,339.000000
2014,19013013001,U S SENATE,,RICK STEWART,INDEPENDENT,6.000000
2014,19013013001,U S SENATE,,RUTH SMITH,,1.000000
2014,19013013001,U S SENATE,,WRITE IN,,0.000000
2014,19013013002,ATTORNEY GENERAL,,ADAM GREGG,REPUBLICAN PARTY,164.000000
2014,19013013002,ATTORNEY GENERAL,,TOM MILLER,DEMOCRATIC PARTY,153.000000
2014,19013013002,ATTORNEY GENERAL,,WRITE IN,,0.000000
2014,19013013002,AUDITOR OF STATE,,JONATHAN NEIDERBACH,DEMOCRATIC PARTY,105.000000
2014,19013013002,AUDITOR OF STATE,,MARY MOSIMAN,REPUBLICAN PARTY,194.000000
2014,19013013002,AUDITOR OF STATE,,WRITE IN,,0.000000
2014,19013013002,GOVERNOR,,JACK HATCH MONICA VERNON,DEMOCRATIC PARTY,113.000000
2014,19013013002,GOVERNOR,,JIM HENNAGER MARY MARGARET KRIEG,NEW INDEPENDENT PARTY IOWA,1.000000
2014,19013013002,GOVERNOR,,JONATHAN R NARCISSE MICHAEL L RICHARDS,IOWA PARTY,3.000000
2014,19013013002,GOVERNOR,,LEE DEAKINS HIEB TIM WATSON,LIBERTARIAN PARTY,6.000000
2014,19013013002,GOVERNOR,,TERRY E BRANSTAD KIM REYNOLDS,REPUBLICAN PARTY,199.000000
2014,19013013002,GOVERNOR,,WRITE IN,,0.000000
2014,19013013002,SECRETARY OF AGRICULTURE,,BILL NORTHEY,REPUBLICAN PARTY,214.000000
2014,19013013002,SECRETARY OF AGRICULTURE,,LEVI BENNING,NEW INDEPENDENT PARTY IOWA,14.000000
2014,19013013002,SECRETARY OF AGRICULTURE,,SHERRIE TAHA,DEMOCRATIC PARTY,84.000000
2014,19013013002,SECRETARY OF AGRICULTURE,,WRITE IN,,0.000000
2014,19013013002,SECRETARY OF STATE,,BRAD ANDERSON,DEMOCRATIC PARTY,136.000000
2014,19013013002,SECRETARY OF STATE,,JAKE PORTER,LIBERTARIAN PARTY,6.000000
2014,19013013002,SECRETARY OF STATE,,PAUL D PATE,REPUBLICAN PARTY,166.000000
2014,19013013002,SECRETARY OF STATE,,SPENCER HIGHLAND,NEW INDEPENDENT PARTY IOWA,4.000000
2014,19013013002,SECRETARY OF STATE,,WRITE IN,,0.000000
2014,19013013002,TREASURER OF STATE,,KEITH A LAUBE,LIBERTARIAN PARTY,17.000000
2014,19013013002,TREASURER OF STATE,,MICHAEL L FITZGERALD,DEMOCRATIC PARTY,142.000000
2014,19013013002,TREASURER OF STATE,,SAM CLOVIS,REPUBLICAN PARTY,154.000000
2014,19013013002,TREASURER OF STATE,,WRITE IN,,0.000000
2014,19013013002,U S SENATE,,BOB QUAST,BOB QUAST FOR TERM LIMITS,0.000000
2014,19013013002,U S SENATE,,BRUCE BRALEY,DEMOCRATIC PARTY,116.000000
2014,19013013002,U S SENATE,,DOUGLAS BUTZIER,LIBERTARIAN PARTY,2.000000
2014,19013013002,U S SENATE,,JONI ERNST,REPUBLICAN PARTY,198.000000
2014,19013013002,U S SENATE,,RICK STEWART,INDEPENDENT,6.000000
2014,19013013002,U S SENATE,,RUTH SMITH,,1.000000
2014,19013013002,U S SENATE,,WRITE IN,,0.000000
2014,19013013004,ATTORNEY GENERAL,,ADAM GREGG,REPUBLICAN PARTY,213.000000
2014,19013013004,ATTORNEY GENERAL,,TOM MILLER,DEMOCRATIC PARTY,302.000000
2014,19013013004,ATTORNEY GENERAL,,WRITE IN,,0.000000
2014,19013013004,AUDITOR OF STATE,,JONATHAN NEIDERBACH,DEMOCRATIC PARTY,193.000000
2014,19013013004,AUDITOR OF STATE,,MARY MOSIMAN,REPUBLICAN PARTY,298.000000
2014,19013013004,AUDITOR OF STATE,,WRITE IN,,0.000000
2014,19013013004,GOVERNOR,,JACK HATCH MONICA VERNON,DEMOCRATIC PARTY,191.000000
2014,19013013004,GOVERNOR,,JIM HENNAGER MARY MARGARET KRIEG,NEW INDEPENDENT PARTY IOWA,6.000000
2014,19013013004,GOVERNOR,,JONATHAN R NARCISSE MICHAEL L RICHARDS,IOWA PARTY,6.000000
2014,19013013004,GOVERNOR,,LEE DEAKINS HIEB TIM WATSON,LIBERTARIAN PARTY,8.000000
2014,19013013004,GOVERNOR,,TERRY E BRANSTAD KIM REYNOLDS,REPUBLICAN PARTY,319.000000
2014,19013013004,GOVERNOR,,WRITE IN,,0.000000
2014,19013013004,SECRETARY OF AGRICULTURE,,BILL NORTHEY,REPUBLICAN PARTY,341.000000
2014,19013013004,SECRETARY OF AGRICULTURE,,LEVI BENNING,NEW INDEPENDENT PARTY IOWA,26.000000
2014,19013013004,SECRETARY OF AGRICULTURE,,SHERRIE TAHA,DEMOCRATIC PARTY,142.000000
2014,19013013004,SECRETARY OF AGRICULTURE,,WRITE IN,,0.000000
2014,19013013004,SECRETARY OF STATE,,BRAD ANDERSON,DEMOCRATIC PARTY,233.000000
2014,19013013004,SECRETARY OF STATE,,JAKE PORTER,LIBERTARIAN PARTY,17.000000
2014,19013013004,SECRETARY OF STATE,,PAUL D PATE,REPUBLICAN PARTY,252.000000
2014,19013013004,SECRETARY OF STATE,,SPENCER HIGHLAND,NEW INDEPENDENT PARTY IOWA,16.000000
2014,19013013004,SECRETARY OF STATE,,WRITE IN,,0.000000
2014,19013013004,TREASURER OF STATE,,KEITH A LAUBE,LIBERTARIAN PARTY,30.000000
2014,19013013004,TREASURER OF STATE,,MICHAEL L FITZGERALD,DEMOCRATIC PARTY,271.000000
2014,19013013004,TREASURER OF STATE,,SAM CLOVIS,REPUBLICAN PARTY,211.000000
2014,19013013004,TREASURER OF STATE,,WRITE IN,,0.000000
2014,19013013004,U S SENATE,,BOB QUAST,BOB QUAST FOR TERM LIMITS,5.000000
2014,19013013004,U S SENATE,,BRUCE BRALEY,DEMOCRATIC PARTY,216.000000
2014,19013013004,U S SENATE,,DOUGLAS BUTZIER,LIBERTARIAN PARTY,4.000000
2014,19013013004,U S SENATE,,JONI ERNST,REPUBLICAN PARTY,294.000000
2014,19013013004,U S SENATE,,RICK STEWART,INDEPENDENT,6.000000
2014,19013013004,U S SENATE,,RUTH SMITH,,2.000000
2014,19013013004,U S SENATE,,WRITE IN,,1.000000
2014,19013013005,ATTORNEY GENERAL,,ADAM GREGG,REPUBLICAN PARTY,116.000000
2014,19013013005,ATTORNEY GENERAL,,TOM MILLER,DEMOCRATIC PARTY,120.000000
2014,19013013005,ATTORNEY GENERAL,,WRITE IN,,0.000000
2014,19013013005,AUDITOR OF STATE,,JONATHAN NEIDERBACH,DEMOCRATIC PARTY,66.000000
2014,19013013005,AUDITOR OF STATE,,MARY MOSIMAN,REPUBLICAN PARTY,163.000000
2014,19013013005,AUDITOR OF STATE,,WRITE IN,,0.000000
2014,19013013005,GOVERNOR,,JACK HATCH MONICA VERNON,DEMOCRATIC PARTY,68.000000
2014,19013013005,GOVERNOR,,JIM HENNAGER MARY MARGARET KRIEG,NEW INDEPENDENT PARTY IOWA,2.000000
2014,19013013005,GOVERNOR,,JONATHAN R NARCISSE MICHAEL L RICHARDS,IOWA PARTY,3.000000
2014,19013013005,GOVERNOR,,LEE DEAKINS HIEB TIM WATSON,LIBERTARIAN PARTY,2.000000
2014,19013013005,GOVERNOR,,TERRY E BRANSTAD KIM REYNOLDS,REPUBLICAN PARTY,166.000000
2014,19013013005,GOVERNOR,,WRITE IN,,0.000000
2014,19013013005,SECRETARY OF AGRICULTURE,,BILL NORTHEY,REPUBLICAN PARTY,186.000000
2014,19013013005,SECRETARY OF AGRICULTURE,,LEVI BENNING,NEW INDEPENDENT PARTY IOWA,8.000000
2014,19013013005,SECRETARY OF AGRICULTURE,,SHERRIE TAHA,DEMOCRATIC PARTY,41.000000
2014,19013013005,SECRETARY OF AGRICULTURE,,WRITE IN,,0.000000
2014,19013013005,SECRETARY OF STATE,,BRAD ANDERSON,DEMOCRATIC PARTY,89.000000
2014,19013013005,SECRETARY OF STATE,,JAKE PORTER,LIBERTARIAN PARTY,5.000000
2014,19013013005,SECRETARY OF STATE,,PAUL D PATE,REPUBLICAN PARTY,138.000000
2014,19013013005,SECRETARY OF STATE,,SPENCER HIGHLAND,NEW INDEPENDENT PARTY IOWA,7.000000
2014,19013013005,SECRETARY OF STATE,,WRITE IN,,0.000000
2014,19013013005,TREASURER OF STATE,,KEITH A LAUBE,LIBERTARIAN PARTY,13.000000
2014,19013013005,TREASURER OF STATE,,MICHAEL L FITZGERALD,DEMOCRATIC PARTY,94.000000
2014,19013013005,TREASURER OF STATE,,SAM CLOVIS,REPUBLICAN PARTY,130.000000
2014,19013013005,TREASURER OF STATE,,WRITE IN,,0.000000
2014,19013013005,U S SENATE,,BOB QUAST,BOB QUAST FOR TERM LIMITS,3.000000
2014,19013013005,U S SENATE,,BRUCE BRALEY,DEMOCRATIC PARTY,72.000000
2014,19013013005,U S SENATE,,DOUGLAS BUTZIER,LIBERTARIAN PARTY,0.000000
2014,19013013005,U S SENATE,,JONI ERNST,REPUBLICAN PARTY,157.000000
2014,19013013005,U S SENATE,,RICK STEWART,INDEPENDENT,7.000000
2014,19013013005,U S SENATE,,RUTH SMITH,,1.000000
2014,19013013005,U S SENATE,,WRITE IN,,0.000000
2014,19013013009,ATTORNEY GENERAL,,ADAM GREGG,REPUBLICAN PARTY,138.000000
2014,19013013009,ATTORNEY GENERAL,,TOM MILLER,DEMOCRATIC PARTY,251.000000
2014,19013013009,ATTORNEY GENERAL,,WRITE IN,,0.000000
2014,19013013009,AUDITOR OF STATE,,JONATHAN NEIDERBACH,DEMOCRATIC PARTY,183.000000
2014,19013013009,AUDITOR OF STATE,,MARY MOSIMAN,REPUBLICAN PARTY,189.000000
2014,19013013009,AUDITOR OF STATE,,WRITE IN,,0.000000
2014,19013013009,GOVERNOR,,JACK HATCH MONICA VERNON,DEMOCRATIC PARTY,175.000000
2014,19013013009,GOVERNOR,,JIM HENNAGER MARY MARGARET KRIEG,NEW INDEPENDENT PARTY IOWA,6.000000
2014,19013013009,GOVERNOR,,JONATHAN R NARCISSE MICHAEL L RICHARDS,IOWA PARTY,2.000000
2014,19013013009,GOVERNOR,,LEE DEAKINS HIEB TIM WATSON,LIBERTARIAN PARTY,7.000000
2014,19013013009,GOVERNOR,,TERRY E BRANSTAD KIM REYNOLDS,REPUBLICAN PARTY,207.000000
2014,19013013009,GOVERNOR,,WRITE IN,,1.000000
2014,19013013009,SECRETARY OF AGRICULTURE,,BILL NORTHEY,REPUBLICAN PARTY,219.000000
2014,19013013009,SECRETARY OF AGRICULTURE,,LEVI BENNING,NEW INDEPENDENT PARTY IOWA,21.000000
2014,19013013009,SECRETARY OF AGRICULTURE,,SHERRIE TAHA,DEMOCRATIC PARTY,142.000000
2014,19013013009,SECRETARY OF AGRICULTURE,,WRITE IN,,0.000000
2014,19013013009,SECRETARY OF STATE,,BRAD ANDERSON,DEMOCRATIC PARTY,203.000000
2014,19013013009,SECRETARY OF STATE,,JAKE PORTER,LIBERTARIAN PARTY,15.000000
2014,19013013009,SECRETARY OF STATE,,PAUL D PATE,REPUBLICAN PARTY,156.000000
2014,19013013009,SECRETARY OF STATE,,SPENCER HIGHLAND,NEW INDEPENDENT PARTY IOWA,11.000000
2014,19013013009,SECRETARY OF STATE,,WRITE IN,,0.000000
2014,19013013009,TREASURER OF STATE,,KEITH A LAUBE,LIBERTARIAN PARTY,20.000000
2014,19013013009,TREASURER OF STATE,,MICHAEL L FITZGERALD,DEMOCRATIC PARTY,224.000000
2014,19013013009,TREASURER OF STATE,,SAM CLOVIS,REPUBLICAN PARTY,140.000000
2014,19013013009,TREASURER OF STATE,,WRITE IN,,0.000000
2014,19013013009,U S SENATE,,BOB QUAST,BOB QUAST FOR TERM LIMITS,1.000000
2014,19013013009,U S SENATE,,BRUCE BRALEY,DEMOCRATIC PARTY,197.000000
2014,19013013009,U S SENATE,,DOUGLAS BUTZIER,LIBERTARIAN PARTY,2.000000
2014,19013013009,U S SENATE,,JONI ERNST,REPUBLICAN PARTY,182.000000
2014,19013013009,U S SENATE,,RICK STEWART,INDEPENDENT,16.000000
2014,19013013009,U S SENATE,,RUTH SMITH,,0.000000
2014,19013013009,U S SENATE,,WRITE IN,,0.000000
2014,19013013013,ATTORNEY GENERAL,,ADAM GREGG,REPUBLICAN PARTY,69.000000
2014,19013013013,ATTORNEY GENERAL,,TOM MILLER,DEMOCRATIC PARTY,62.000000
2014,19013013013,ATTORNEY GENERAL,,WRITE IN,,0.000000
2014,19013013013,AUDITOR OF STATE,,JONATHAN NEIDERBACH,DEMOCRATIC PARTY,50.000000
2014,19013013013,AUDITOR OF STATE,,MARY MOSIMAN,REPUBLICAN PARTY,77.000000
2014,19013013013,AUDITOR OF STATE,,WRITE IN,,0.000000
2014,19013013013,GOVERNOR,,JACK HATCH MONICA VERNON,DEMOCRATIC PARTY,45.000000
2014,19013013013,GOVERNOR,,JIM HENNAGER MARY MARGARET KRIEG,NEW INDEPENDENT PARTY IOWA,0.000000
2014,19013013013,GOVERNOR,,JONATHAN R NARCISSE MICHAEL L RICHARDS,IOWA PARTY,1.000000
2014,19013013013,GOVERNOR,,LEE DEAKINS HIEB TIM WATSON,LIBERTARIAN PARTY,3.000000
2014,19013013013,GOVERNOR,,TERRY E BRANSTAD KIM REYNOLDS,REPUBLICAN PARTY,86.000000
2014,19013013013,GOVERNOR,,WRITE IN,,0.000000
2014,19013013013,SECRETARY OF AGRICULTURE,,BILL NORTHEY,REPUBLICAN PARTY,92.000000
2014,19013013013,SECRETARY OF AGRICULTURE,,LEVI BENNING,NEW INDEPENDENT PARTY IOWA,4.000000
2014,19013013013,SECRETARY OF AGRICULTURE,,SHERRIE TAHA,DEMOCRATIC PARTY,37.000000
2014,19013013013,SECRETARY OF AGRICULTURE,,WRITE IN,,0.000000
2014,19013013013,SECRETARY OF STATE,,BRAD ANDERSON,DEMOCRATIC PARTY,50.000000
2014,19013013013,SECRETARY OF STATE,,JAKE PORTER,LIBERTARIAN PARTY,3.000000
2014,19013013013,SECRETARY OF STATE,,PAUL D PATE,REPUBLICAN PARTY,77.000000
2014,19013013013,SECRETARY OF STATE,,SPENCER HIGHLAND,NEW INDEPENDENT PARTY IOWA,1.000000
2014,19013013013,SECRETARY OF STATE,,WRITE IN,,0.000000
2014,19013013013,TREASURER OF STATE,,KEITH A LAUBE,LIBERTARIAN PARTY,4.000000
2014,19013013013,TREASURER OF STATE,,MICHAEL L FITZGERALD,DEMOCRATIC PARTY,59.000000
2014,19013013013,TREASURER OF STATE,,SAM CLOVIS,REPUBLICAN PARTY,69.000000
2014,19013013013,TREASURER OF STATE,,WRITE IN,,0.000000
2014,19013013013,U S SENATE,,BOB QUAST,BOB QUAST FOR TERM LIMITS,0.000000
2014,19013013013,U S SENATE,,BRUCE BRALEY,DEMOCRATIC PARTY,50.000000
2014,19013013013,U S SENATE,,DOUGLAS BUTZIER,LIBERTARIAN PARTY,0.000000
2014,19013013013,U S SENATE,,JONI ERNST,REPUBLICAN PARTY,84.000000
2014,19013013013,U S SENATE,,RICK STEWART,INDEPENDENT,1.000000
2014,19013013013,U S SENATE,,RUTH SMITH,,0.000000
2014,19013013013,U S SENATE,,WRITE IN,,1.000000
2014,19013013017,ATTORNEY GENERAL,,ADAM GREGG,REPUBLICAN PARTY,128.000000
2014,19013013017,ATTORNEY GENERAL,,TOM MILLER,DEMOCRATIC PARTY,108.000000
2014,19013013017,ATTORNEY GENERAL,,WRITE IN,,0.000000
2014,19013013017,AUDITOR OF STATE,,JONATHAN NEIDERBACH,DEMOCRATIC PARTY,63.000000
2014,19013013017,AUDITOR OF STATE,,MARY MOSIMAN,REPUBLICAN PARTY,162.000000
2014,19013013017,AUDITOR OF STATE,,WRITE IN,,0.000000
2014,19013013017,GOVERNOR,,JACK HATCH MONICA VERNON,DEMOCRATIC PARTY,49.000000
2014,19013013017,GOVERNOR,,JIM HENNAGER MARY MARGARET KRIEG,NEW INDEPENDENT PARTY IOWA,2.000000
2014,19013013017,GOVERNOR,,JONATHAN R NARCISSE MICHAEL L RICHARDS,IOWA PARTY,1.000000
2014,19013013017,GOVERNOR,,LEE DEAKINS HIEB TIM WATSON,LIBERTARIAN PARTY,6.000000
2014,19013013017,GOVERNOR,,TERRY E BRANSTAD KIM REYNOLDS,REPUBLICAN PARTY,187.000000
2014,19013013017,GOVERNOR,,WRITE IN,,0.000000
2014,19013013017,SECRETARY OF AGRICULTURE,,BILL NORTHEY,REPUBLICAN PARTY,192.000000
2014,19013013017,SECRETARY OF AGRICULTURE,,LEVI BENNING,NEW INDEPENDENT PARTY IOWA,2.000000
2014,19013013017,SECRETARY OF AGRICULTURE,,SHERRIE TAHA,DEMOCRATIC PARTY,40.000000
2014,19013013017,SECRETARY OF AGRICULTURE,,WRITE IN,,0.000000
2014,19013013017,SECRETARY OF STATE,,BRAD ANDERSON,DEMOCRATIC PARTY,72.000000
2014,19013013017,SECRETARY OF STATE,,JAKE PORTER,LIBERTARIAN PARTY,5.000000
2014,19013013017,SECRETARY OF STATE,,PAUL D PATE,REPUBLICAN PARTY,152.000000
2014,19013013017,SECRETARY OF STATE,,SPENCER HIGHLAND,NEW INDEPENDENT PARTY IOWA,3.000000
2014,19013013017,SECRETARY OF STATE,,WRITE IN,,0.000000
2014,19013013017,TREASURER OF STATE,,KEITH A LAUBE,LIBERTARIAN PARTY,6.000000
2014,19013013017,TREASURER OF STATE,,MICHAEL L FITZGERALD,DEMOCRATIC PARTY,93.000000
2014,19013013017,TREASURER OF STATE,,SAM CLOVIS,REPUBLICAN PARTY,133.000000
2014,19013013017,TREASURER OF STATE,,WRITE IN,,0.000000
2014,19013013017,U S SENATE,,BOB QUAST,BOB QUAST FOR TERM LIMITS,0.000000
2014,19013013017,U S SENATE,,BRUCE BRALEY,DEMOCRATIC PARTY,61.000000
2014,19013013017,U S SENATE,,DOUGLAS BUTZIER,LIBERTARIAN PARTY,2.000000
2014,19013013017,U S SENATE,,JONI ERNST,REPUBLICAN PARTY,176.000000
2014,19013013017,U S SENATE,,RICK STEWART,INDEPENDENT,3.000000
2014,19013013017,U S SENATE,,RUTH SMITH,,0.000000
2014,19013013017,U S SENATE,,WRITE IN,,0.000000
2014,19013013022,ATTORNEY GENERAL,,ADAM GREGG,REPUBLICAN PARTY,279.000000
2014,19013013022,ATTORNEY GENERAL,,TOM MILLER,DEMOCRATIC PARTY,493.000000
2014,19013013022,ATTORNEY GENERAL,,WRITE IN,,0.000000
2014,19013013022,AUDITOR OF STATE,,JONATHAN NEIDERBACH,DEMOCRATIC PARTY,390.000000
2014,19013013022,AUDITOR OF STATE,,MARY MOSIMAN,REPUBLICAN PARTY,342.000000
2014,19013013022,AUDITOR OF STATE,,WRITE IN,,1.000000
2014,19013013022,GOVERNOR,,JACK HATCH MONICA VERNON,DEMOCRATIC PARTY,383.000000
2014,19013013022,GOVERNOR,,JIM HENNAGER MARY MARGARET KRIEG,NEW INDEPENDENT PARTY IOWA,5.000000
2014,19013013022,GOVERNOR,,JONATHAN R NARCISSE MICHAEL L RICHARDS,IOWA PARTY,8.000000
2014,19013013022,GOVERNOR,,LEE DEAKINS HIEB TIM WATSON,LIBERTARIAN PARTY,19.000000
2014,19013013022,GOVERNOR,,TERRY E BRANSTAD KIM REYNOLDS,REPUBLICAN PARTY,376.000000
2014,19013013022,GOVERNOR,,WRITE IN,,0.000000
2014,19013013022,SECRETARY OF AGRICULTURE,,BILL NORTHEY,REPUBLICAN PARTY,447.000000
2014,19013013022,SECRETARY OF AGRICULTURE,,LEVI BENNING,NEW INDEPENDENT PARTY IOWA,31.000000
2014,19013013022,SECRETARY OF AGRICULTURE,,SHERRIE TAHA,DEMOCRATIC PARTY,283.000000
2014,19013013022,SECRETARY OF AGRICULTURE,,WRITE IN,,1.000000
2014,19013013022,SECRETARY OF STATE,,BRAD ANDERSON,DEMOCRATIC PARTY,414.000000
2014,19013013022,SECRETARY OF STATE,,JAKE PORTER,LIBERTARIAN PARTY,37.000000
2014,19013013022,SECRETARY OF STATE,,PAUL D PATE,REPUBLICAN PARTY,301.000000
2014,19013013022,SECRETARY OF STATE,,SPENCER HIGHLAND,NEW INDEPENDENT PARTY IOWA,11.000000
2014,19013013022,SECRETARY OF STATE,,WRITE IN,,0.000000
2014,19013013022,TREASURER OF STATE,,KEITH A LAUBE,LIBERTARIAN PARTY,41.000000
2014,19013013022,TREASURER OF STATE,,MICHAEL L FITZGERALD,DEMOCRATIC PARTY,441.000000
2014,19013013022,TREASURER OF STATE,,SAM CLOVIS,REPUBLICAN PARTY,278.000000
2014,19013013022,TREASURER OF STATE,,WRITE IN,,0.000000
2014,19013013022,U S SENATE,,BOB QUAST,BOB QUAST FOR TERM LIMITS,5.000000
2014,19013013022,U S SENATE,,BRUCE BRALEY,DEMOCRATIC PARTY,425.000000
2014,19013013022,U S SENATE,,DOUGLAS BUTZIER,LIBERTARIAN PARTY,9.000000
2014,19013013022,U S SENATE,,JONI ERNST,REPUBLICAN PARTY,336.000000
2014,19013013022,U S SENATE,,RICK STEWART,INDEPENDENT,21.000000
2014,19013013022,U S SENATE,,RUTH SMITH,,1.000000
2014,19013013022,U S SENATE,,WRITE IN,,1.000000
2014,19013013023,ATTORNEY GENERAL,,ADAM GREGG,REPUBLICAN PARTY,441.000000
2014,19013013023,ATTORNEY GENERAL,,TOM MILLER,DEMOCRATIC PARTY,851.000000
2014,19013013023,ATTORNEY GENERAL,,WRITE IN,,2.000000
2014,19013013023,AUDITOR OF STATE,,JONATHAN NEIDERBACH,DEMOCRATIC PARTY,661.000000
2014,19013013023,AUDITOR OF STATE,,MARY MOSIMAN,REPUBLICAN PARTY,577.000000
2014,19013013023,AUDITOR OF STATE,,WRITE IN,,2.000000
2014,19013013023,GOVERNOR,,JACK HATCH MONICA VERNON,DEMOCRATIC PARTY,655.000000
2014,19013013023,GOVERNOR,,JIM HENNAGER MARY MARGARET KRIEG,NEW INDEPENDENT PARTY IOWA,11.000000
2014,19013013023,GOVERNOR,,JONATHAN R NARCISSE MICHAEL L RICHARDS,IOWA PARTY,13.000000
2014,19013013023,GOVERNOR,,LEE DEAKINS HIEB TIM WATSON,LIBERTARIAN PARTY,28.000000
2014,19013013023,GOVERNOR,,TERRY E BRANSTAD KIM REYNOLDS,REPUBLICAN PARTY,625.000000
2014,19013013023,GOVERNOR,,WRITE IN,,2.000000
2014,19013013023,SECRETARY OF AGRICULTURE,,BILL NORTHEY,REPUBLICAN PARTY,661.000000
2014,19013013023,SECRETARY OF AGRICULTURE,,LEVI BENNING,NEW INDEPENDENT PARTY IOWA,33.000000
2014,19013013023,SECRETARY OF AGRICULTURE,,SHERRIE TAHA,DEMOCRATIC PARTY,562.000000
2014,19013013023,SECRETARY OF AGRICULTURE,,WRITE IN,,3.000000
2014,19013013023,SECRETARY OF STATE,,BRAD ANDERSON,DEMOCRATIC PARTY,700.000000
2014,19013013023,SECRETARY OF STATE,,JAKE PORTER,LIBERTARIAN PARTY,44.000000
2014,19013013023,SECRETARY OF STATE,,PAUL D PATE,REPUBLICAN PARTY,522.000000
2014,19013013023,SECRETARY OF STATE,,SPENCER HIGHLAND,NEW INDEPENDENT PARTY IOWA,15.000000
2014,19013013023,SECRETARY OF STATE,,WRITE IN,,1.000000
2014,19013013023,TREASURER OF STATE,,KEITH A LAUBE,LIBERTARIAN PARTY,53.000000
2014,19013013023,TREASURER OF STATE,,MICHAEL L FITZGERALD,DEMOCRATIC PARTY,772.000000
2014,19013013023,TREASURER OF STATE,,SAM CLOVIS,REPUBLICAN PARTY,451.000000
2014,19013013023,TREASURER OF STATE,,WRITE IN,,1.000000
2014,19013013023,U S SENATE,,BOB QUAST,BOB QUAST FOR TERM LIMITS,3.000000
2014,19013013023,U S SENATE,,BRUCE BRALEY,DEMOCRATIC PARTY,718.000000
2014,19013013023,U S SENATE,,DOUGLAS BUTZIER,LIBERTARIAN PARTY,13.000000
2014,19013013023,U S SENATE,,JONI ERNST,REPUBLICAN PARTY,578.000000
2014,19013013023,U S SENATE,,RICK STEWART,INDEPENDENT,25.000000
2014,19013013023,U S SENATE,,RUTH SMITH,,4.000000
2014,19013013023,U S SENATE,,WRITE IN,,1.000000
2014,19013013024,ATTORNEY GENERAL,,ADAM GREGG,REPUBLICAN PARTY,299.000000
2014,19013013024,ATTORNEY GENERAL,,TOM MILLER,DEMOCRATIC PARTY,718.000000
2014,19013013024,ATTORNEY GENERAL,,WRITE IN,,2.000000
2014,19013013024,AUDITOR OF STATE,,JONATHAN NEIDERBACH,DEMOCRATIC PARTY,585.000000
2014,19013013024,AUDITOR OF STATE,,MARY MOSIMAN,REPUBLICAN PARTY,390.000000
2014,19013013024,AUDITOR OF STATE,,WRITE IN,,1.000000
2014,19013013024,GOVERNOR,,JACK HATCH MONICA VERNON,DEMOCRATIC PARTY,580.000000
2014,19013013024,GOVERNOR,,JIM HENNAGER MARY MARGARET KRIEG,NEW INDEPENDENT PARTY IOWA,5.000000
2014,19013013024,GOVERNOR,,JONATHAN R NARCISSE MICHAEL L RICHARDS,IOWA PARTY,7.000000
2014,19013013024,GOVERNOR,,LEE DEAKINS HIEB TIM WATSON,LIBERTARIAN PARTY,23.000000
2014,19013013024,GOVERNOR,,TERRY E BRANSTAD KIM REYNOLDS,REPUBLICAN PARTY,425.000000
2014,19013013024,GOVERNOR,,WRITE IN,,1.000000
2014,19013013024,SECRETARY OF AGRICULTURE,,BILL NORTHEY,REPUBLICAN PARTY,467.000000
2014,19013013024,SECRETARY OF AGRICULTURE,,LEVI BENNING,NEW INDEPENDENT PARTY IOWA,27.000000
2014,19013013024,SECRETARY OF AGRICULTURE,,SHERRIE TAHA,DEMOCRATIC PARTY,498.000000
2014,19013013024,SECRETARY OF AGRICULTURE,,WRITE IN,,2.000000
2014,19013013024,SECRETARY OF STATE,,BRAD ANDERSON,DEMOCRATIC PARTY,597.000000
2014,19013013024,SECRETARY OF STATE,,JAKE PORTER,LIBERTARIAN PARTY,39.000000
2014,19013013024,SECRETARY OF STATE,,PAUL D PATE,REPUBLICAN PARTY,347.000000
2014,19013013024,SECRETARY OF STATE,,SPENCER HIGHLAND,NEW INDEPENDENT PARTY IOWA,16.000000
2014,19013013024,SECRETARY OF STATE,,WRITE IN,,1.000000
2014,19013013024,TREASURER OF STATE,,KEITH A LAUBE,LIBERTARIAN PARTY,48.000000
2014,19013013024,TREASURER OF STATE,,MICHAEL L FITZGERALD,DEMOCRATIC PARTY,644.000000
2014,19013013024,TREASURER OF STATE,,SAM CLOVIS,REPUBLICAN PARTY,304.000000
2014,19013013024,TREASURER OF STATE,,WRITE IN,,1.000000
2014,19013013024,U S SENATE,,BOB QUAST,BOB QUAST FOR TERM LIMITS,2.000000
2014,19013013024,U S SENATE,,BRUCE BRALEY,DEMOCRATIC PARTY,640.000000
2014,19013013024,U S SENATE,,DOUGLAS BUTZIER,LIBERTARIAN PARTY,12.000000
2014,19013013024,U S SENATE,,JONI ERNST,REPUBLICAN PARTY,381.000000
2014,19013013024,U S SENATE,,RICK STEWART,INDEPENDENT,12.000000
2014,19013013024,U S SENATE,,RUTH SMITH,,2.000000
2014,19013013024,U S SENATE,,WRITE IN,,0.000000
2014,19013013025,ATTORNEY GENERAL,,ADAM GREGG,REPUBLICAN PARTY,83.000000
2014,19013013025,ATTORNEY GENERAL,,TOM MILLER,DEMOCRATIC PARTY,98.000000
2014,19013013025,ATTORNEY GENERAL,,WRITE IN,,0.000000
2014,19013013025,AUDITOR OF STATE,,JONATHAN NEIDERBACH,DEMOCRATIC PARTY,82.000000
2014,19013013025,AUDITOR OF STATE,,MARY MOSIMAN,REPUBLICAN PARTY,92.000000
2014,19013013025,AUDITOR OF STATE,,WRITE IN,,0.000000
2014,19013013025,GOVERNOR,,JACK HATCH MONICA VERNON,DEMOCRATIC PARTY,77.000000
2014,19013013025,GOVERNOR,,JIM HENNAGER MARY MARGARET KRIEG,NEW INDEPENDENT PARTY IOWA,2.000000
2014,19013013025,GOVERNOR,,JONATHAN R NARCISSE MICHAEL L RICHARDS,IOWA PARTY,0.000000
2014,19013013025,GOVERNOR,,LEE DEAKINS HIEB TIM WATSON,LIBERTARIAN PARTY,3.000000
2014,19013013025,GOVERNOR,,TERRY E BRANSTAD KIM REYNOLDS,REPUBLICAN PARTY,111.000000
2014,19013013025,GOVERNOR,,WRITE IN,,1.000000
2014,19013013025,SECRETARY OF AGRICULTURE,,BILL NORTHEY,REPUBLICAN PARTY,100.000000
2014,19013013025,SECRETARY OF AGRICULTURE,,LEVI BENNING,NEW INDEPENDENT PARTY IOWA,3.000000
2014,19013013025,SECRETARY OF AGRICULTURE,,SHERRIE TAHA,DEMOCRATIC PARTY,75.000000
2014,19013013025,SECRETARY OF AGRICULTURE,,WRITE IN,,0.000000
2014,19013013025,SECRETARY OF STATE,,BRAD ANDERSON,DEMOCRATIC PARTY,87.000000
2014,19013013025,SECRETARY OF STATE,,JAKE PORTER,LIBERTARIAN PARTY,11.000000
2014,19013013025,SECRETARY OF STATE,,PAUL D PATE,REPUBLICAN PARTY,82.000000
2014,19013013025,SECRETARY OF STATE,,SPENCER HIGHLAND,NEW INDEPENDENT PARTY IOWA,1.000000
2014,19013013025,SECRETARY OF STATE,,WRITE IN,,0.000000
2014,19013013025,TREASURER OF STATE,,KEITH A LAUBE,LIBERTARIAN PARTY,7.000000
2014,19013013025,TREASURER OF STATE,,MICHAEL L FITZGERALD,DEMOCRATIC PARTY,91.000000
2014,19013013025,TREASURER OF STATE,,SAM CLOVIS,REPUBLICAN PARTY,83.000000
2014,19013013025,TREASURER OF STATE,,WRITE IN,,0.000000
2014,19013013025,U S SENATE,,BOB QUAST,BOB QUAST FOR TERM LIMITS,0.000000
2014,19013013025,U S SENATE,,BRUCE BRALEY,DEMOCRATIC PARTY,103.000000
2014,19013013025,U S SENATE,,DOUGLAS BUTZIER,LIBERTARIAN PARTY,3.000000
2014,19013013025,U S SENATE,,JONI ERNST,REPUBLICAN PARTY,93.000000
2014,19013013025,U S SENATE,,RICK STEWART,INDEPENDENT,1.000000
2014,19013013025,U S SENATE,,RUTH SMITH,,0.000000
2014,19013013025,U S SENATE,,WRITE IN,,0.000000
2014,19013013027,ATTORNEY GENERAL,,ADAM GREGG,REPUBLICAN PARTY,870.000000
2014,19013013027,ATTORNEY GENERAL,,TOM MILLER,DEMOCRATIC PARTY,973.000000
2014,19013013027,ATTORNEY GENERAL,,WRITE IN,,0.000000
2014,19013013027,AUDITOR OF STATE,,JONATHAN NEIDERBACH,DEMOCRATIC PARTY,680.000000
2014,19013013027,AUDITOR OF STATE,,MARY MOSIMAN,REPUBLICAN PARTY,1108.000000
2014,19013013027,AUDITOR OF STATE,,WRITE IN,,1.000000
2014,19013013027,GOVERNOR,,JACK HATCH MONICA VERNON,DEMOCRATIC PARTY,655.000000
2014,19013013027,GOVERNOR,,JIM HENNAGER MARY MARGARET KRIEG,NEW INDEPENDENT PARTY IOWA,5.000000
2014,19013013027,GOVERNOR,,JONATHAN R NARCISSE MICHAEL L RICHARDS,IOWA PARTY,14.000000
2014,19013013027,GOVERNOR,,LEE DEAKINS HIEB TIM WATSON,LIBERTARIAN PARTY,11.000000
2014,19013013027,GOVERNOR,,TERRY E BRANSTAD KIM REYNOLDS,REPUBLICAN PARTY,1190.000000
2014,19013013027,GOVERNOR,,WRITE IN,,1.000000
2014,19013013027,SECRETARY OF AGRICULTURE,,BILL NORTHEY,REPUBLICAN PARTY,1264.000000
2014,19013013027,SECRETARY OF AGRICULTURE,,LEVI BENNING,NEW INDEPENDENT PARTY IOWA,23.000000
2014,19013013027,SECRETARY OF AGRICULTURE,,SHERRIE TAHA,DEMOCRATIC PARTY,530.000000
2014,19013013027,SECRETARY OF AGRICULTURE,,WRITE IN,,3.000000
2014,19013013027,SECRETARY OF STATE,,BRAD ANDERSON,DEMOCRATIC PARTY,766.000000
2014,19013013027,SECRETARY OF STATE,,JAKE PORTER,LIBERTARIAN PARTY,40.000000
2014,19013013027,SECRETARY OF STATE,,PAUL D PATE,REPUBLICAN PARTY,1017.000000
2014,19013013027,SECRETARY OF STATE,,SPENCER HIGHLAND,NEW INDEPENDENT PARTY IOWA,14.000000
2014,19013013027,SECRETARY OF STATE,,WRITE IN,,0.000000
2014,19013013027,TREASURER OF STATE,,KEITH A LAUBE,LIBERTARIAN PARTY,60.000000
2014,19013013027,TREASURER OF STATE,,MICHAEL L FITZGERALD,DEMOCRATIC PARTY,880.000000
2014,19013013027,TREASURER OF STATE,,SAM CLOVIS,REPUBLICAN PARTY,896.000000
2014,19013013027,TREASURER OF STATE,,WRITE IN,,0.000000
2014,19013013027,U S SENATE,,BOB QUAST,BOB QUAST FOR TERM LIMITS,5.000000
2014,19013013027,U S SENATE,,BRUCE BRALEY,DEMOCRATIC PARTY,793.000000
2014,19013013027,U S SENATE,,DOUGLAS BUTZIER,LIBERTARIAN PARTY,7.000000
2014,19013013027,U S SENATE,,JONI ERNST,REPUBLICAN PARTY,1060.000000
2014,19013013027,U S SENATE,,RICK STEWART,INDEPENDENT,16.000000
2014,19013013027,U S SENATE,,RUTH SMITH,,4.000000
2014,19013013027,U S SENATE,,WRITE IN,,2.000000
2014,19013013028,ATTORNEY GENERAL,,ADAM GREGG,REPUBLICAN PARTY,570.000000
2014,19013013028,ATTORNEY GENERAL,,TOM MILLER,DEMOCRATIC PARTY,567.000000
2014,19013013028,ATTORNEY GENERAL,,WRITE IN,,1.000000
2014,19013013028,AUDITOR OF STATE,,JONATHAN NEIDERBACH,DEMOCRATIC PARTY,409.000000
2014,19013013028,AUDITOR OF STATE,,MARY MOSIMAN,REPUBLICAN PARTY,695.000000
2014,19013013028,AUDITOR OF STATE,,WRITE IN,,0.000000
2014,19013013028,GOVERNOR,,JACK HATCH MONICA VERNON,DEMOCRATIC PARTY,382.000000
2014,19013013028,GOVERNOR,,JIM HENNAGER MARY MARGARET KRIEG,NEW INDEPENDENT PARTY IOWA,8.000000
2014,19013013028,GOVERNOR,,JONATHAN R NARCISSE MICHAEL L RICHARDS,IOWA PARTY,3.000000
2014,19013013028,GOVERNOR,,LEE DEAKINS HIEB TIM WATSON,LIBERTARIAN PARTY,19.000000
2014,19013013028,GOVERNOR,,TERRY E BRANSTAD KIM REYNOLDS,REPUBLICAN PARTY,751.000000
2014,19013013028,GOVERNOR,,WRITE IN,,1.000000
2014,19013013028,SECRETARY OF AGRICULTURE,,BILL NORTHEY,REPUBLICAN PARTY,778.000000
2014,19013013028,SECRETARY OF AGRICULTURE,,LEVI BENNING,NEW INDEPENDENT PARTY IOWA,18.000000
2014,19013013028,SECRETARY OF AGRICULTURE,,SHERRIE TAHA,DEMOCRATIC PARTY,324.000000
2014,19013013028,SECRETARY OF AGRICULTURE,,WRITE IN,,1.000000
2014,19013013028,SECRETARY OF STATE,,BRAD ANDERSON,DEMOCRATIC PARTY,467.000000
2014,19013013028,SECRETARY OF STATE,,JAKE PORTER,LIBERTARIAN PARTY,26.000000
2014,19013013028,SECRETARY OF STATE,,PAUL D PATE,REPUBLICAN PARTY,630.000000
2014,19013013028,SECRETARY OF STATE,,SPENCER HIGHLAND,NEW INDEPENDENT PARTY IOWA,10.000000
2014,19013013028,SECRETARY OF STATE,,WRITE IN,,0.000000
2014,19013013028,TREASURER OF STATE,,KEITH A LAUBE,LIBERTARIAN PARTY,38.000000
2014,19013013028,TREASURER OF STATE,,MICHAEL L FITZGERALD,DEMOCRATIC PARTY,514.000000
2014,19013013028,TREASURER OF STATE,,SAM CLOVIS,REPUBLICAN PARTY,581.000000
2014,19013013028,TREASURER OF STATE,,WRITE IN,,0.000000
2014,19013013028,U S SENATE,,BOB QUAST,BOB QUAST FOR TERM LIMITS,3.000000
2014,19013013028,U S SENATE,,BRUCE BRALEY,DEMOCRATIC PARTY,457.000000
2014,19013013028,U S SENATE,,DOUGLAS BUTZIER,LIBERTARIAN PARTY,4.000000
2014,19013013028,U S SENATE,,JONI ERNST,REPUBLICAN PARTY,686.000000
2014,19013013028,U S SENATE,,RICK STEWART,INDEPENDENT,16.000000
2014,19013013028,U S SENATE,,RUTH SMITH,,2.000000
2014,19013013028,U S SENATE,,WRITE IN,,1.000000
2014,19013013029,ATTORNEY GENERAL,,ADAM GREGG,REPUBLICAN PARTY,676.000000
2014,19013013029,ATTORNEY GENERAL,,TOM MILLER,DEMOCRATIC PARTY,740.000000
2014,19013013029,ATTORNEY GENERAL,,WRITE IN,,0.000000
2014,19013013029,AUDITOR OF STATE,,JONATHAN NEIDERBACH,DEMOCRATIC PARTY,550.000000
2014,19013013029,AUDITOR OF STATE,,MARY MOSIMAN,REPUBLICAN PARTY,795.000000
2014,19013013029,AUDITOR OF STATE,,WRITE IN,,1.000000
2014,19013013029,GOVERNOR,,JACK HATCH MONICA VERNON,DEMOCRATIC PARTY,527.000000
2014,19013013029,GOVERNOR,,JIM HENNAGER MARY MARGARET KRIEG,NEW INDEPENDENT PARTY IOWA,8.000000
2014,19013013029,GOVERNOR,,JONATHAN R NARCISSE MICHAEL L RICHARDS,IOWA PARTY,10.000000
2014,19013013029,GOVERNOR,,LEE DEAKINS HIEB TIM WATSON,LIBERTARIAN PARTY,16.000000
2014,19013013029,GOVERNOR,,TERRY E BRANSTAD KIM REYNOLDS,REPUBLICAN PARTY,885.000000
2014,19013013029,GOVERNOR,,WRITE IN,,0.000000
2014,19013013029,SECRETARY OF AGRICULTURE,,BILL NORTHEY,REPUBLICAN PARTY,935.000000
2014,19013013029,SECRETARY OF AGRICULTURE,,LEVI BENNING,NEW INDEPENDENT PARTY IOWA,21.000000
2014,19013013029,SECRETARY OF AGRICULTURE,,SHERRIE TAHA,DEMOCRATIC PARTY,431.000000
2014,19013013029,SECRETARY OF AGRICULTURE,,WRITE IN,,0.000000
2014,19013013029,SECRETARY OF STATE,,BRAD ANDERSON,DEMOCRATIC PARTY,607.000000
2014,19013013029,SECRETARY OF STATE,,JAKE PORTER,LIBERTARIAN PARTY,23.000000
2014,19013013029,SECRETARY OF STATE,,PAUL D PATE,REPUBLICAN PARTY,757.000000
2014,19013013029,SECRETARY OF STATE,,SPENCER HIGHLAND,NEW INDEPENDENT PARTY IOWA,10.000000
2014,19013013029,SECRETARY OF STATE,,WRITE IN,,2.000000
2014,19013013029,TREASURER OF STATE,,KEITH A LAUBE,LIBERTARIAN PARTY,35.000000
2014,19013013029,TREASURER OF STATE,,MICHAEL L FITZGERALD,DEMOCRATIC PARTY,681.000000
2014,19013013029,TREASURER OF STATE,,SAM CLOVIS,REPUBLICAN PARTY,668.000000
2014,19013013029,TREASURER OF STATE,,WRITE IN,,0.000000
2014,19013013029,U S SENATE,,BOB QUAST,BOB QUAST FOR TERM LIMITS,2.000000
2014,19013013029,U S SENATE,,BRUCE BRALEY,DEMOCRATIC PARTY,633.000000
2014,19013013029,U S SENATE,,DOUGLAS BUTZIER,LIBERTARIAN PARTY,8.000000
2014,19013013029,U S SENATE,,JONI ERNST,REPUBLICAN PARTY,797.000000
2014,19013013029,U S SENATE,,RICK STEWART,INDEPENDENT,13.000000
2014,19013013029,U S SENATE,,RUTH SMITH,,2.000000
2014,19013013029,U S SENATE,,WRITE IN,,0.000000
2014,19013013030,ATTORNEY GENERAL,,ADAM GREGG,REPUBLICAN PARTY,239.000000
2014,19013013030,ATTORNEY GENERAL,,TOM MILLER,DEMOCRATIC PARTY,293.000000
2014,19013013030,ATTORNEY GENERAL,,WRITE IN,,1.000000
2014,19013013030,AUDITOR OF STATE,,JONATHAN NEIDERBACH,DEMOCRATIC PARTY,224.000000
2014,19013013030,AUDITOR OF STATE,,MARY MOSIMAN,REPUBLICAN PARTY,285.000000
2014,19013013030,AUDITOR OF STATE,,WRITE IN,,1.000000
2014,19013013030,GOVERNOR,,JACK HATCH MONICA VERNON,DEMOCRATIC PARTY,223.000000
2014,19013013030,GOVERNOR,,JIM HENNAGER MARY MARGARET KRIEG,NEW INDEPENDENT PARTY IOWA,1.000000
2014,19013013030,GOVERNOR,,JONATHAN R NARCISSE MICHAEL L RICHARDS,IOWA PARTY,2.000000
2014,19013013030,GOVERNOR,,LEE DEAKINS HIEB TIM WATSON,LIBERTARIAN PARTY,2.000000
2014,19013013030,GOVERNOR,,TERRY E BRANSTAD KIM REYNOLDS,REPUBLICAN PARTY,324.000000
2014,19013013030,GOVERNOR,,WRITE IN,,0.000000
2014,19013013030,SECRETARY OF AGRICULTURE,,BILL NORTHEY,REPUBLICAN PARTY,322.000000
2014,19013013030,SECRETARY OF AGRICULTURE,,LEVI BENNING,NEW INDEPENDENT PARTY IOWA,9.000000
2014,19013013030,SECRETARY OF AGRICULTURE,,SHERRIE TAHA,DEMOCRATIC PARTY,198.000000
2014,19013013030,SECRETARY OF AGRICULTURE,,WRITE IN,,0.000000
2014,19013013030,SECRETARY OF STATE,,BRAD ANDERSON,DEMOCRATIC PARTY,249.000000
2014,19013013030,SECRETARY OF STATE,,JAKE PORTER,LIBERTARIAN PARTY,13.000000
2014,19013013030,SECRETARY OF STATE,,PAUL D PATE,REPUBLICAN PARTY,267.000000
2014,19013013030,SECRETARY OF STATE,,SPENCER HIGHLAND,NEW INDEPENDENT PARTY IOWA,4.000000
2014,19013013030,SECRETARY OF STATE,,WRITE IN,,1.000000
2014,19013013030,TREASURER OF STATE,,KEITH A LAUBE,LIBERTARIAN PARTY,13.000000
2014,19013013030,TREASURER OF STATE,,MICHAEL L FITZGERALD,DEMOCRATIC PARTY,267.000000
2014,19013013030,TREASURER OF STATE,,SAM CLOVIS,REPUBLICAN PARTY,247.000000
2014,19013013030,TREASURER OF STATE,,WRITE IN,,0.000000
2014,19013013030,U S SENATE,,BOB QUAST,BOB QUAST FOR TERM LIMITS,0.000000
2014,19013013030,U S SENATE,,BRUCE BRALEY,DEMOCRATIC PARTY,269.000000
2014,19013013030,U S SENATE,,DOUGLAS BUTZIER,LIBERTARIAN PARTY,1.000000
2014,19013013030,U S SENATE,,JONI ERNST,REPUBLICAN PARTY,284.000000
2014,19013013030,U S SENATE,,RICK STEWART,INDEPENDENT,6.000000
2014,19013013030,U S SENATE,,RUTH SMITH,,0.000000
2014,19013013030,U S SENATE,,WRITE IN,,0.000000
2014,19013013031,ATTORNEY GENERAL,,ADAM GREGG,REPUBLICAN PARTY,436.000000
2014,19013013031,ATTORNEY GENERAL,,TOM MILLER,DEMOCRATIC PARTY,752.000000
2014,19013013031,ATTORNEY GENERAL,,WRITE IN,,3.000000
2014,19013013031,AUDITOR OF STATE,,JONATHAN NEIDERBACH,DEMOCRATIC PARTY,589.000000
2014,19013013031,AUDITOR OF STATE,,MARY MOSIMAN,REPUBLICAN PARTY,557.000000
2014,19013013031,AUDITOR OF STATE,,WRITE IN,,5.000000
2014,19013013031,GOVERNOR,,JACK HATCH MONICA VERNON,DEMOCRATIC PARTY,567.000000
2014,19013013031,GOVERNOR,,JIM HENNAGER MARY MARGARET KRIEG,NEW INDEPENDENT PARTY IOWA,9.000000
2014,19013013031,GOVERNOR,,JONATHAN R NARCISSE MICHAEL L RICHARDS,IOWA PARTY,6.000000
2014,19013013031,GOVERNOR,,LEE DEAKINS HIEB TIM WATSON,LIBERTARIAN PARTY,31.000000
2014,19013013031,GOVERNOR,,TERRY E BRANSTAD KIM REYNOLDS,REPUBLICAN PARTY,614.000000
2014,19013013031,GOVERNOR,,WRITE IN,,1.000000
2014,19013013031,SECRETARY OF AGRICULTURE,,BILL NORTHEY,REPUBLICAN PARTY,671.000000
2014,19013013031,SECRETARY OF AGRICULTURE,,LEVI BENNING,NEW INDEPENDENT PARTY IOWA,35.000000
2014,19013013031,SECRETARY OF AGRICULTURE,,SHERRIE TAHA,DEMOCRATIC PARTY,467.000000
2014,19013013031,SECRETARY OF AGRICULTURE,,WRITE IN,,3.000000
2014,19013013031,SECRETARY OF STATE,,BRAD ANDERSON,DEMOCRATIC PARTY,634.000000
2014,19013013031,SECRETARY OF STATE,,JAKE PORTER,LIBERTARIAN PARTY,42.000000
2014,19013013031,SECRETARY OF STATE,,PAUL D PATE,REPUBLICAN PARTY,488.000000
2014,19013013031,SECRETARY OF STATE,,SPENCER HIGHLAND,NEW INDEPENDENT PARTY IOWA,22.000000
2014,19013013031,SECRETARY OF STATE,,WRITE IN,,2.000000
2014,19013013031,TREASURER OF STATE,,KEITH A LAUBE,LIBERTARIAN PARTY,58.000000
2014,19013013031,TREASURER OF STATE,,MICHAEL L FITZGERALD,DEMOCRATIC PARTY,679.000000
2014,19013013031,TREASURER OF STATE,,SAM CLOVIS,REPUBLICAN PARTY,449.000000
2014,19013013031,TREASURER OF STATE,,WRITE IN,,3.000000
2014,19013013031,U S SENATE,,BOB QUAST,BOB QUAST FOR TERM LIMITS,5.000000
2014,19013013031,U S SENATE,,BRUCE BRALEY,DEMOCRATIC PARTY,655.000000
2014,19013013031,U S SENATE,,DOUGLAS BUTZIER,LIBERTARIAN PARTY,8.000000
2014,19013013031,U S SENATE,,JONI ERNST,REPUBLICAN PARTY,527.000000
2014,19013013031,U S SENATE,,RICK STEWART,INDEPENDENT,25.000000
2014,19013013031,U S SENATE,,RUTH SMITH,,7.000000
2014,19013013031,U S SENATE,,WRITE IN,,2.000000
2014,19013013032,ATTORNEY GENERAL,,ADAM GREGG,REPUBLICAN PARTY,165.000000
2014,19013013032,ATTORNEY GENERAL,,TOM MILLER,DEMOCRATIC PARTY,379.000000
2014,19013013032,ATTORNEY GENERAL,,WRITE IN,,0.000000
2014,19013013032,AUDITOR OF STATE,,JONATHAN NEIDERBACH,DEMOCRATIC PARTY,335.000000
2014,19013013032,AUDITOR OF STATE,,MARY MOSIMAN,REPUBLICAN PARTY,193.000000
2014,19013013032,AUDITOR OF STATE,,WRITE IN,,0.000000
2014,19013013032,GOVERNOR,,JACK HATCH MONICA VERNON,DEMOCRATIC PARTY,324.000000
2014,19013013032,GOVERNOR,,JIM HENNAGER MARY MARGARET KRIEG,NEW INDEPENDENT PARTY IOWA,2.000000
2014,19013013032,GOVERNOR,,JONATHAN R NARCISSE MICHAEL L RICHARDS,IOWA PARTY,8.000000
2014,19013013032,GOVERNOR,,LEE DEAKINS HIEB TIM WATSON,LIBERTARIAN PARTY,18.000000
2014,19013013032,GOVERNOR,,TERRY E BRANSTAD KIM REYNOLDS,REPUBLICAN PARTY,223.000000
2014,19013013032,GOVERNOR,,WRITE IN,,0.000000
2014,19013013032,SECRETARY OF AGRICULTURE,,BILL NORTHEY,REPUBLICAN PARTY,237.000000
2014,19013013032,SECRETARY OF AGRICULTURE,,LEVI BENNING,NEW INDEPENDENT PARTY IOWA,18.000000
2014,19013013032,SECRETARY OF AGRICULTURE,,SHERRIE TAHA,DEMOCRATIC PARTY,290.000000
2014,19013013032,SECRETARY OF AGRICULTURE,,WRITE IN,,0.000000
2014,19013013032,SECRETARY OF STATE,,BRAD ANDERSON,DEMOCRATIC PARTY,357.000000
2014,19013013032,SECRETARY OF STATE,,JAKE PORTER,LIBERTARIAN PARTY,31.000000
2014,19013013032,SECRETARY OF STATE,,PAUL D PATE,REPUBLICAN PARTY,159.000000
2014,19013013032,SECRETARY OF STATE,,SPENCER HIGHLAND,NEW INDEPENDENT PARTY IOWA,5.000000
2014,19013013032,SECRETARY OF STATE,,WRITE IN,,1.000000
2014,19013013032,TREASURER OF STATE,,KEITH A LAUBE,LIBERTARIAN PARTY,31.000000
2014,19013013032,TREASURER OF STATE,,MICHAEL L FITZGERALD,DEMOCRATIC PARTY,357.000000
2014,19013013032,TREASURER OF STATE,,SAM CLOVIS,REPUBLICAN PARTY,158.000000
2014,19013013032,TREASURER OF STATE,,WRITE IN,,0.000000
2014,19013013032,U S SENATE,,BOB QUAST,BOB QUAST FOR TERM LIMITS,5.000000
2014,19013013032,U S SENATE,,BRUCE BRALEY,DEMOCRATIC PARTY,379.000000
2014,19013013032,U S SENATE,,DOUGLAS BUTZIER,LIBERTARIAN PARTY,9.000000
2014,19013013032,U S SENATE,,JONI ERNST,REPUBLICAN PARTY,175.000000
2014,19013013032,U S SENATE,,RICK STEWART,INDEPENDENT,9.000000
2014,19013013032,U S SENATE,,RUTH SMITH,,1.000000
2014,19013013032,U S SENATE,,WRITE IN,,2.000000
2014,19013013033,ATTORNEY GENERAL,,ADAM GREGG,REPUBLICAN PARTY,116.000000
2014,19013013033,ATTORNEY GENERAL,,TOM MILLER,DEMOCRATIC PARTY,218.000000
2014,19013013033,ATTORNEY GENERAL,,WRITE IN,,1.000000
2014,19013013033,AUDITOR OF STATE,,JONATHAN NEIDERBACH,DEMOCRATIC PARTY,203.000000
2014,19013013033,AUDITOR OF STATE,,MARY MOSIMAN,REPUBLICAN PARTY,123.000000
2014,19013013033,AUDITOR OF STATE,,WRITE IN,,0.000000
2014,19013013033,GOVERNOR,,JACK HATCH MONICA VERNON,DEMOCRATIC PARTY,189.000000
2014,19013013033,GOVERNOR,,JIM HENNAGER MARY MARGARET KRIEG,NEW INDEPENDENT PARTY IOWA,8.000000
2014,19013013033,GOVERNOR,,JONATHAN R NARCISSE MICHAEL L RICHARDS,IOWA PARTY,1.000000
2014,19013013033,GOVERNOR,,LEE DEAKINS HIEB TIM WATSON,LIBERTARIAN PARTY,8.000000
2014,19013013033,GOVERNOR,,TERRY E BRANSTAD KIM REYNOLDS,REPUBLICAN PARTY,157.000000
2014,19013013033,GOVERNOR,,WRITE IN,,3.000000
2014,19013013033,SECRETARY OF AGRICULTURE,,BILL NORTHEY,REPUBLICAN PARTY,141.000000
2014,19013013033,SECRETARY OF AGRICULTURE,,LEVI BENNING,NEW INDEPENDENT PARTY IOWA,20.000000
2014,19013013033,SECRETARY OF AGRICULTURE,,SHERRIE TAHA,DEMOCRATIC PARTY,168.000000
2014,19013013033,SECRETARY OF AGRICULTURE,,WRITE IN,,0.000000
2014,19013013033,SECRETARY OF STATE,,BRAD ANDERSON,DEMOCRATIC PARTY,205.000000
2014,19013013033,SECRETARY OF STATE,,JAKE PORTER,LIBERTARIAN PARTY,13.000000
2014,19013013033,SECRETARY OF STATE,,PAUL D PATE,REPUBLICAN PARTY,112.000000
2014,19013013033,SECRETARY OF STATE,,SPENCER HIGHLAND,NEW INDEPENDENT PARTY IOWA,10.000000
2014,19013013033,SECRETARY OF STATE,,WRITE IN,,0.000000
2014,19013013033,TREASURER OF STATE,,KEITH A LAUBE,LIBERTARIAN PARTY,18.000000
2014,19013013033,TREASURER OF STATE,,MICHAEL L FITZGERALD,DEMOCRATIC PARTY,210.000000
2014,19013013033,TREASURER OF STATE,,SAM CLOVIS,REPUBLICAN PARTY,108.000000
2014,19013013033,TREASURER OF STATE,,WRITE IN,,0.000000
2014,19013013033,U S SENATE,,BOB QUAST,BOB QUAST FOR TERM LIMITS,1.000000
2014,19013013033,U S SENATE,,BRUCE BRALEY,DEMOCRATIC PARTY,246.000000
2014,19013013033,U S SENATE,,DOUGLAS BUTZIER,LIBERTARIAN PARTY,2.000000
2014,19013013033,U S SENATE,,JONI ERNST,REPUBLICAN PARTY,118.000000
2014,19013013033,U S SENATE,,RICK STEWART,INDEPENDENT,7.000000
2014,19013013033,U S SENATE,,RUTH SMITH,,0.000000
2014,19013013033,U S SENATE,,WRITE IN,,1.000000
2014,19013013034,ATTORNEY GENERAL,,ADAM GREGG,REPUBLICAN PARTY,430.000000
2014,19013013034,ATTORNEY GENERAL,,TOM MILLER,DEMOCRATIC PARTY,741.000000
2014,19013013034,ATTORNEY GENERAL,,WRITE IN,,1.000000
2014,19013013034,AUDITOR OF STATE,,JONATHAN NEIDERBACH,DEMOCRATIC PARTY,558.000000
2014,19013013034,AUDITOR OF STATE,,MARY MOSIMAN,REPUBLICAN PARTY,561.000000
2014,19013013034,AUDITOR OF STATE,,WRITE IN,,2.000000
2014,19013013034,GOVERNOR,,JACK HATCH MONICA VERNON,DEMOCRATIC PARTY,535.000000
2014,19013013034,GOVERNOR,,JIM HENNAGER MARY MARGARET KRIEG,NEW INDEPENDENT PARTY IOWA,4.000000
2014,19013013034,GOVERNOR,,JONATHAN R NARCISSE MICHAEL L RICHARDS,IOWA PARTY,10.000000
2014,19013013034,GOVERNOR,,LEE DEAKINS HIEB TIM WATSON,LIBERTARIAN PARTY,21.000000
2014,19013013034,GOVERNOR,,TERRY E BRANSTAD KIM REYNOLDS,REPUBLICAN PARTY,628.000000
2014,19013013034,GOVERNOR,,WRITE IN,,3.000000
2014,19013013034,SECRETARY OF AGRICULTURE,,BILL NORTHEY,REPUBLICAN PARTY,675.000000
2014,19013013034,SECRETARY OF AGRICULTURE,,LEVI BENNING,NEW INDEPENDENT PARTY IOWA,28.000000
2014,19013013034,SECRETARY OF AGRICULTURE,,SHERRIE TAHA,DEMOCRATIC PARTY,447.000000
2014,19013013034,SECRETARY OF AGRICULTURE,,WRITE IN,,1.000000
2014,19013013034,SECRETARY OF STATE,,BRAD ANDERSON,DEMOCRATIC PARTY,612.000000
2014,19013013034,SECRETARY OF STATE,,JAKE PORTER,LIBERTARIAN PARTY,38.000000
2014,19013013034,SECRETARY OF STATE,,PAUL D PATE,REPUBLICAN PARTY,496.000000
2014,19013013034,SECRETARY OF STATE,,SPENCER HIGHLAND,NEW INDEPENDENT PARTY IOWA,11.000000
2014,19013013034,SECRETARY OF STATE,,WRITE IN,,1.000000
2014,19013013034,TREASURER OF STATE,,KEITH A LAUBE,LIBERTARIAN PARTY,46.000000
2014,19013013034,TREASURER OF STATE,,MICHAEL L FITZGERALD,DEMOCRATIC PARTY,659.000000
2014,19013013034,TREASURER OF STATE,,SAM CLOVIS,REPUBLICAN PARTY,449.000000
2014,19013013034,TREASURER OF STATE,,WRITE IN,,2.000000
2014,19013013034,U S SENATE,,BOB QUAST,BOB QUAST FOR TERM LIMITS,4.000000
2014,19013013034,U S SENATE,,BRUCE BRALEY,DEMOCRATIC PARTY,641.000000
2014,19013013034,U S SENATE,,DOUGLAS BUTZIER,LIBERTARIAN PARTY,5.000000
2014,19013013034,U S SENATE,,JONI ERNST,REPUBLICAN PARTY,539.000000
2014,19013013034,U S SENATE,,RICK STEWART,INDEPENDENT,22.000000
2014,19013013034,U S SENATE,,RUTH SMITH,,0.000000
2014,19013013034,U S SENATE,,WRITE IN,,0.000000
2014,19013013035,ATTORNEY GENERAL,,ADAM GREGG,REPUBLICAN PARTY,416.000000
2014,19013013035,ATTORNEY GENERAL,,TOM MILLER,DEMOCRATIC PARTY,681.000000
2014,19013013035,ATTORNEY GENERAL,,WRITE IN,,2.000000
2014,19013013035,AUDITOR OF STATE,,JONATHAN NEIDERBACH,DEMOCRATIC PARTY,517.000000
2014,19013013035,AUDITOR OF STATE,,MARY MOSIMAN,REPUBLICAN PARTY,539.000000
2014,19013013035,AUDITOR OF STATE,,WRITE IN,,1.000000
2014,19013013035,GOVERNOR,,JACK HATCH MONICA VERNON,DEMOCRATIC PARTY,481.000000
2014,19013013035,GOVERNOR,,JIM HENNAGER MARY MARGARET KRIEG,NEW INDEPENDENT PARTY IOWA,8.000000
2014,19013013035,GOVERNOR,,JONATHAN R NARCISSE MICHAEL L RICHARDS,IOWA PARTY,11.000000
2014,19013013035,GOVERNOR,,LEE DEAKINS HIEB TIM WATSON,LIBERTARIAN PARTY,12.000000
2014,19013013035,GOVERNOR,,TERRY E BRANSTAD KIM REYNOLDS,REPUBLICAN PARTY,607.000000
2014,19013013035,GOVERNOR,,WRITE IN,,0.000000
2014,19013013035,SECRETARY OF AGRICULTURE,,BILL NORTHEY,REPUBLICAN PARTY,631.000000
2014,19013013035,SECRETARY OF AGRICULTURE,,LEVI BENNING,NEW INDEPENDENT PARTY IOWA,28.000000
2014,19013013035,SECRETARY OF AGRICULTURE,,SHERRIE TAHA,DEMOCRATIC PARTY,417.000000
2014,19013013035,SECRETARY OF AGRICULTURE,,WRITE IN,,0.000000
2014,19013013035,SECRETARY OF STATE,,BRAD ANDERSON,DEMOCRATIC PARTY,559.000000
2014,19013013035,SECRETARY OF STATE,,JAKE PORTER,LIBERTARIAN PARTY,30.000000
2014,19013013035,SECRETARY OF STATE,,PAUL D PATE,REPUBLICAN PARTY,491.000000
2014,19013013035,SECRETARY OF STATE,,SPENCER HIGHLAND,NEW INDEPENDENT PARTY IOWA,10.000000
2014,19013013035,SECRETARY OF STATE,,WRITE IN,,0.000000
2014,19013013035,TREASURER OF STATE,,KEITH A LAUBE,LIBERTARIAN PARTY,40.000000
2014,19013013035,TREASURER OF STATE,,MICHAEL L FITZGERALD,DEMOCRATIC PARTY,629.000000
2014,19013013035,TREASURER OF STATE,,SAM CLOVIS,REPUBLICAN PARTY,419.000000
2014,19013013035,TREASURER OF STATE,,WRITE IN,,1.000000
2014,19013013035,U S SENATE,,BOB QUAST,BOB QUAST FOR TERM LIMITS,3.000000
2014,19013013035,U S SENATE,,BRUCE BRALEY,DEMOCRATIC PARTY,559.000000
2014,19013013035,U S SENATE,,DOUGLAS BUTZIER,LIBERTARIAN PARTY,9.000000
2014,19013013035,U S SENATE,,JONI ERNST,REPUBLICAN PARTY,523.000000
2014,19013013035,U S SENATE,,RICK STEWART,INDEPENDENT,18.000000
2014,19013013035,U S SENATE,,RUTH SMITH,,8.000000
2014,19013013035,U S SENATE,,WRITE IN,,0.000000
2014,19013013036,ATTORNEY GENERAL,,ADAM GREGG,REPUBLICAN PARTY,552.000000
2014,19013013036,ATTORNEY GENERAL,,TOM MILLER,DEMOCRATIC PARTY,650.000000
2014,19013013036,ATTORNEY GENERAL,,WRITE IN,,0.000000
2014,19013013036,AUDITOR OF STATE,,JONATHAN NEIDERBACH,DEMOCRATIC PARTY,427.000000
2014,19013013036,AUDITOR OF STATE,,MARY MOSIMAN,REPUBLICAN PARTY,710.000000
2014,19013013036,AUDITOR OF STATE,,WRITE IN,,1.000000
2014,19013013036,GOVERNOR,,JACK HATCH MONICA VERNON,DEMOCRATIC PARTY,431.000000
2014,19013013036,GOVERNOR,,JIM HENNAGER MARY MARGARET KRIEG,NEW INDEPENDENT PARTY IOWA,9.000000
2014,19013013036,GOVERNOR,,JONATHAN R NARCISSE MICHAEL L RICHARDS,IOWA PARTY,7.000000
2014,19013013036,GOVERNOR,,LEE DEAKINS HIEB TIM WATSON,LIBERTARIAN PARTY,15.000000
2014,19013013036,GOVERNOR,,TERRY E BRANSTAD KIM REYNOLDS,REPUBLICAN PARTY,778.000000
2014,19013013036,GOVERNOR,,WRITE IN,,0.000000
2014,19013013036,SECRETARY OF AGRICULTURE,,BILL NORTHEY,REPUBLICAN PARTY,834.000000
2014,19013013036,SECRETARY OF AGRICULTURE,,LEVI BENNING,NEW INDEPENDENT PARTY IOWA,16.000000
2014,19013013036,SECRETARY OF AGRICULTURE,,SHERRIE TAHA,DEMOCRATIC PARTY,326.000000
2014,19013013036,SECRETARY OF AGRICULTURE,,WRITE IN,,1.000000
2014,19013013036,SECRETARY OF STATE,,BRAD ANDERSON,DEMOCRATIC PARTY,517.000000
2014,19013013036,SECRETARY OF STATE,,JAKE PORTER,LIBERTARIAN PARTY,16.000000
2014,19013013036,SECRETARY OF STATE,,PAUL D PATE,REPUBLICAN PARTY,636.000000
2014,19013013036,SECRETARY OF STATE,,SPENCER HIGHLAND,NEW INDEPENDENT PARTY IOWA,12.000000
2014,19013013036,SECRETARY OF STATE,,WRITE IN,,0.000000
2014,19013013036,TREASURER OF STATE,,KEITH A LAUBE,LIBERTARIAN PARTY,40.000000
2014,19013013036,TREASURER OF STATE,,MICHAEL L FITZGERALD,DEMOCRATIC PARTY,592.000000
2014,19013013036,TREASURER OF STATE,,SAM CLOVIS,REPUBLICAN PARTY,559.000000
2014,19013013036,TREASURER OF STATE,,WRITE IN,,0.000000
2014,19013013036,U S SENATE,,BOB QUAST,BOB QUAST FOR TERM LIMITS,1.000000
2014,19013013036,U S SENATE,,BRUCE BRALEY,DEMOCRATIC PARTY,509.000000
2014,19013013036,U S SENATE,,DOUGLAS BUTZIER,LIBERTARIAN PARTY,2.000000
2014,19013013036,U S SENATE,,JONI ERNST,REPUBLICAN PARTY,721.000000
2014,19013013036,U S SENATE,,RICK STEWART,INDEPENDENT,11.000000
2014,19013013036,U S SENATE,,RUTH SMITH,,0.000000
2014,19013013036,U S SENATE,,WRITE IN,,0.000000
2014,19013013038,ATTORNEY GENERAL,,ADAM GREGG,REPUBLICAN PARTY,500.000000
2014,19013013038,ATTORNEY GENERAL,,TOM MILLER,DEMOCRATIC PARTY,994.000000
2014,19013013038,ATTORNEY GENERAL,,WRITE IN,,0.000000
2014,19013013038,AUDITOR OF STATE,,JONATHAN NEIDERBACH,DEMOCRATIC PARTY,822.000000
2014,19013013038,AUDITOR OF STATE,,MARY MOSIMAN,REPUBLICAN PARTY,609.000000
2014,19013013038,AUDITOR OF STATE,,WRITE IN,,0.000000
2014,19013013038,GOVERNOR,,JACK HATCH MONICA VERNON,DEMOCRATIC PARTY,800.000000
2014,19013013038,GOVERNOR,,JIM HENNAGER MARY MARGARET KRIEG,NEW INDEPENDENT PARTY IOWA,14.000000
2014,19013013038,GOVERNOR,,JONATHAN R NARCISSE MICHAEL L RICHARDS,IOWA PARTY,16.000000
2014,19013013038,GOVERNOR,,LEE DEAKINS HIEB TIM WATSON,LIBERTARIAN PARTY,26.000000
2014,19013013038,GOVERNOR,,TERRY E BRANSTAD KIM REYNOLDS,REPUBLICAN PARTY,670.000000
2014,19013013038,GOVERNOR,,WRITE IN,,2.000000
2014,19013013038,SECRETARY OF AGRICULTURE,,BILL NORTHEY,REPUBLICAN PARTY,733.000000
2014,19013013038,SECRETARY OF AGRICULTURE,,LEVI BENNING,NEW INDEPENDENT PARTY IOWA,55.000000
2014,19013013038,SECRETARY OF AGRICULTURE,,SHERRIE TAHA,DEMOCRATIC PARTY,688.000000
2014,19013013038,SECRETARY OF AGRICULTURE,,WRITE IN,,0.000000
2014,19013013038,SECRETARY OF STATE,,BRAD ANDERSON,DEMOCRATIC PARTY,895.000000
2014,19013013038,SECRETARY OF STATE,,JAKE PORTER,LIBERTARIAN PARTY,55.000000
2014,19013013038,SECRETARY OF STATE,,PAUL D PATE,REPUBLICAN PARTY,512.000000
2014,19013013038,SECRETARY OF STATE,,SPENCER HIGHLAND,NEW INDEPENDENT PARTY IOWA,24.000000
2014,19013013038,SECRETARY OF STATE,,WRITE IN,,0.000000
2014,19013013038,TREASURER OF STATE,,KEITH A LAUBE,LIBERTARIAN PARTY,75.000000
2014,19013013038,TREASURER OF STATE,,MICHAEL L FITZGERALD,DEMOCRATIC PARTY,937.000000
2014,19013013038,TREASURER OF STATE,,SAM CLOVIS,REPUBLICAN PARTY,486.000000
2014,19013013038,TREASURER OF STATE,,WRITE IN,,0.000000
2014,19013013038,U S SENATE,,BOB QUAST,BOB QUAST FOR TERM LIMITS,6.000000
2014,19013013038,U S SENATE,,BRUCE BRALEY,DEMOCRATIC PARTY,865.000000
2014,19013013038,U S SENATE,,DOUGLAS BUTZIER,LIBERTARIAN PARTY,16.000000
2014,19013013038,U S SENATE,,JONI ERNST,REPUBLICAN PARTY,594.000000
2014,19013013038,U S SENATE,,RICK STEWART,INDEPENDENT,47.000000
2014,19013013038,U S SENATE,,RUTH SMITH,,6.000000
2014,19013013038,U S SENATE,,WRITE IN,,1.000000
2014,19013013039,ATTORNEY GENERAL,,ADAM GREGG,REPUBLICAN PARTY,372.000000
2014,19013013039,ATTORNEY GENERAL,,TOM MILLER,DEMOCRATIC PARTY,607.000000
2014,19013013039,ATTORNEY GENERAL,,WRITE IN,,1.000000
2014,19013013039,AUDITOR OF STATE,,JONATHAN NEIDERBACH,DEMOCRATIC PARTY,464.000000
2014,19013013039,AUDITOR OF STATE,,MARY MOSIMAN,REPUBLICAN PARTY,482.000000
2014,19013013039,AUDITOR OF STATE,,WRITE IN,,1.000000
2014,19013013039,GOVERNOR,,JACK HATCH MONICA VERNON,DEMOCRATIC PARTY,452.000000
2014,19013013039,GOVERNOR,,JIM HENNAGER MARY MARGARET KRIEG,NEW INDEPENDENT PARTY IOWA,8.000000
2014,19013013039,GOVERNOR,,JONATHAN R NARCISSE MICHAEL L RICHARDS,IOWA PARTY,5.000000
2014,19013013039,GOVERNOR,,LEE DEAKINS HIEB TIM WATSON,LIBERTARIAN PARTY,15.000000
2014,19013013039,GOVERNOR,,TERRY E BRANSTAD KIM REYNOLDS,REPUBLICAN PARTY,513.000000
2014,19013013039,GOVERNOR,,WRITE IN,,1.000000
2014,19013013039,SECRETARY OF AGRICULTURE,,BILL NORTHEY,REPUBLICAN PARTY,572.000000
2014,19013013039,SECRETARY OF AGRICULTURE,,LEVI BENNING,NEW INDEPENDENT PARTY IOWA,22.000000
2014,19013013039,SECRETARY OF AGRICULTURE,,SHERRIE TAHA,DEMOCRATIC PARTY,368.000000
2014,19013013039,SECRETARY OF AGRICULTURE,,WRITE IN,,0.000000
2014,19013013039,SECRETARY OF STATE,,BRAD ANDERSON,DEMOCRATIC PARTY,513.000000
2014,19013013039,SECRETARY OF STATE,,JAKE PORTER,LIBERTARIAN PARTY,28.000000
2014,19013013039,SECRETARY OF STATE,,PAUL D PATE,REPUBLICAN PARTY,427.000000
2014,19013013039,SECRETARY OF STATE,,SPENCER HIGHLAND,NEW INDEPENDENT PARTY IOWA,6.000000
2014,19013013039,SECRETARY OF STATE,,WRITE IN,,0.000000
2014,19013013039,TREASURER OF STATE,,KEITH A LAUBE,LIBERTARIAN PARTY,35.000000
2014,19013013039,TREASURER OF STATE,,MICHAEL L FITZGERALD,DEMOCRATIC PARTY,558.000000
2014,19013013039,TREASURER OF STATE,,SAM CLOVIS,REPUBLICAN PARTY,377.000000
2014,19013013039,TREASURER OF STATE,,WRITE IN,,0.000000
2014,19013013039,U S SENATE,,BOB QUAST,BOB QUAST FOR TERM LIMITS,4.000000
2014,19013013039,U S SENATE,,BRUCE BRALEY,DEMOCRATIC PARTY,498.000000
2014,19013013039,U S SENATE,,DOUGLAS BUTZIER,LIBERTARIAN PARTY,8.000000
2014,19013013039,U S SENATE,,JONI ERNST,REPUBLICAN PARTY,481.000000
2014,19013013039,U S SENATE,,RICK STEWART,INDEPENDENT,10.000000
2014,19013013039,U S SENATE,,RUTH SMITH,,2.000000
2014,19013013039,U S SENATE,,WRITE IN,,1.000000
2014,19013013040,ATTORNEY GENERAL,,ADAM GREGG,REPUBLICAN PARTY,300.000000
2014,19013013040,ATTORNEY GENERAL,,TOM MILLER,DEMOCRATIC PARTY,506.000000
2014,19013013040,ATTORNEY GENERAL,,WRITE IN,,0.000000
2014,19013013040,AUDITOR OF STATE,,JONATHAN NEIDERBACH,DEMOCRATIC PARTY,398.000000
2014,19013013040,AUDITOR OF STATE,,MARY MOSIMAN,REPUBLICAN PARTY,384.000000
2014,19013013040,AUDITOR OF STATE,,WRITE IN,,0.000000
2014,19013013040,GOVERNOR,,JACK HATCH MONICA VERNON,DEMOCRATIC PARTY,349.000000
2014,19013013040,GOVERNOR,,JIM HENNAGER MARY MARGARET KRIEG,NEW INDEPENDENT PARTY IOWA,11.000000
2014,19013013040,GOVERNOR,,JONATHAN R NARCISSE MICHAEL L RICHARDS,IOWA PARTY,7.000000
2014,19013013040,GOVERNOR,,LEE DEAKINS HIEB TIM WATSON,LIBERTARIAN PARTY,14.000000
2014,19013013040,GOVERNOR,,TERRY E BRANSTAD KIM REYNOLDS,REPUBLICAN PARTY,450.000000
2014,19013013040,GOVERNOR,,WRITE IN,,0.000000
2014,19013013040,SECRETARY OF AGRICULTURE,,BILL NORTHEY,REPUBLICAN PARTY,472.000000
2014,19013013040,SECRETARY OF AGRICULTURE,,LEVI BENNING,NEW INDEPENDENT PARTY IOWA,31.000000
2014,19013013040,SECRETARY OF AGRICULTURE,,SHERRIE TAHA,DEMOCRATIC PARTY,298.000000
2014,19013013040,SECRETARY OF AGRICULTURE,,WRITE IN,,1.000000
2014,19013013040,SECRETARY OF STATE,,BRAD ANDERSON,DEMOCRATIC PARTY,421.000000
2014,19013013040,SECRETARY OF STATE,,JAKE PORTER,LIBERTARIAN PARTY,31.000000
2014,19013013040,SECRETARY OF STATE,,PAUL D PATE,REPUBLICAN PARTY,339.000000
2014,19013013040,SECRETARY OF STATE,,SPENCER HIGHLAND,NEW INDEPENDENT PARTY IOWA,14.000000
2014,19013013040,SECRETARY OF STATE,,WRITE IN,,0.000000
2014,19013013040,TREASURER OF STATE,,KEITH A LAUBE,LIBERTARIAN PARTY,41.000000
2014,19013013040,TREASURER OF STATE,,MICHAEL L FITZGERALD,DEMOCRATIC PARTY,462.000000
2014,19013013040,TREASURER OF STATE,,SAM CLOVIS,REPUBLICAN PARTY,304.000000
2014,19013013040,TREASURER OF STATE,,WRITE IN,,0.000000
2014,19013013040,U S SENATE,,BOB QUAST,BOB QUAST FOR TERM LIMITS,3.000000
2014,19013013040,U S SENATE,,BRUCE BRALEY,DEMOCRATIC PARTY,406.000000
2014,19013013040,U S SENATE,,DOUGLAS BUTZIER,LIBERTARIAN PARTY,9.000000
2014,19013013040,U S SENATE,,JONI ERNST,REPUBLICAN PARTY,390.000000
2014,19013013040,U S SENATE,,RICK STEWART,INDEPENDENT,26.000000
2014,19013013040,U S SENATE,,RUTH SMITH,,3.000000
2014,19013013040,U S SENATE,,WRITE IN,,0.000000
2014,19013013041,ATTORNEY GENERAL,,ADAM GREGG,REPUBLICAN PARTY,186.000000
2014,19013013041,ATTORNEY GENERAL,,TOM MILLER,DEMOCRATIC PARTY,496.000000
2014,19013013041,ATTORNEY GENERAL,,WRITE IN,,1.000000
2014,19013013041,AUDITOR OF STATE,,JONATHAN NEIDERBACH,DEMOCRATIC PARTY,416.000000
2014,19013013041,AUDITOR OF STATE,,MARY MOSIMAN,REPUBLICAN PARTY,241.000000
2014,19013013041,AUDITOR OF STATE,,WRITE IN,,0.000000
2014,19013013041,GOVERNOR,,JACK HATCH MONICA VERNON,DEMOCRATIC PARTY,396.000000
2014,19013013041,GOVERNOR,,JIM HENNAGER MARY MARGARET KRIEG,NEW INDEPENDENT PARTY IOWA,8.000000
2014,19013013041,GOVERNOR,,JONATHAN R NARCISSE MICHAEL L RICHARDS,IOWA PARTY,6.000000
2014,19013013041,GOVERNOR,,LEE DEAKINS HIEB TIM WATSON,LIBERTARIAN PARTY,16.000000
2014,19013013041,GOVERNOR,,TERRY E BRANSTAD KIM REYNOLDS,REPUBLICAN PARTY,266.000000
2014,19013013041,GOVERNOR,,WRITE IN,,0.000000
2014,19013013041,SECRETARY OF AGRICULTURE,,BILL NORTHEY,REPUBLICAN PARTY,296.000000
2014,19013013041,SECRETARY OF AGRICULTURE,,LEVI BENNING,NEW INDEPENDENT PARTY IOWA,25.000000
2014,19013013041,SECRETARY OF AGRICULTURE,,SHERRIE TAHA,DEMOCRATIC PARTY,354.000000
2014,19013013041,SECRETARY OF AGRICULTURE,,WRITE IN,,0.000000
2014,19013013041,SECRETARY OF STATE,,BRAD ANDERSON,DEMOCRATIC PARTY,429.000000
2014,19013013041,SECRETARY OF STATE,,JAKE PORTER,LIBERTARIAN PARTY,28.000000
2014,19013013041,SECRETARY OF STATE,,PAUL D PATE,REPUBLICAN PARTY,210.000000
2014,19013013041,SECRETARY OF STATE,,SPENCER HIGHLAND,NEW INDEPENDENT PARTY IOWA,12.000000
2014,19013013041,SECRETARY OF STATE,,WRITE IN,,1.000000
2014,19013013041,TREASURER OF STATE,,KEITH A LAUBE,LIBERTARIAN PARTY,30.000000
2014,19013013041,TREASURER OF STATE,,MICHAEL L FITZGERALD,DEMOCRATIC PARTY,461.000000
2014,19013013041,TREASURER OF STATE,,SAM CLOVIS,REPUBLICAN PARTY,186.000000
2014,19013013041,TREASURER OF STATE,,WRITE IN,,1.000000
2014,19013013041,U S SENATE,,BOB QUAST,BOB QUAST FOR TERM LIMITS,4.000000
2014,19013013041,U S SENATE,,BRUCE BRALEY,DEMOCRATIC PARTY,445.000000
2014,19013013041,U S SENATE,,DOUGLAS BUTZIER,LIBERTARIAN PARTY,5.000000
2014,19013013041,U S SENATE,,JONI ERNST,REPUBLICAN PARTY,216.000000
2014,19013013041,U S SENATE,,RICK STEWART,INDEPENDENT,20.000000
2014,19013013041,U S SENATE,,RUTH SMITH,,3.000000
2014,19013013041,U S SENATE,,WRITE IN,,2.000000
2014,19013013042,ATTORNEY GENERAL,,ADAM GREGG,REPUBLICAN PARTY,343.000000
2014,19013013042,ATTORNEY GENERAL,,TOM MILLER,DEMOCRATIC PARTY,548.000000
2014,19013013042,ATTORNEY GENERAL,,WRITE IN,,1.000000
2014,19013013042,AUDITOR OF STATE,,JONATHAN NEIDERBACH,DEMOCRATIC PARTY,445.000000
2014,19013013042,AUDITOR OF STATE,,MARY MOSIMAN,REPUBLICAN PARTY,412.000000
2014,19013013042,AUDITOR OF STATE,,WRITE IN,,1.000000
2014,19013013042,GOVERNOR,,JACK HATCH MONICA VERNON,DEMOCRATIC PARTY,416.000000
2014,19013013042,GOVERNOR,,JIM HENNAGER MARY MARGARET KRIEG,NEW INDEPENDENT PARTY IOWA,8.000000
2014,19013013042,GOVERNOR,,JONATHAN R NARCISSE MICHAEL L RICHARDS,IOWA PARTY,7.000000
2014,19013013042,GOVERNOR,,LEE DEAKINS HIEB TIM WATSON,LIBERTARIAN PARTY,12.000000
2014,19013013042,GOVERNOR,,TERRY E BRANSTAD KIM REYNOLDS,REPUBLICAN PARTY,459.000000
2014,19013013042,GOVERNOR,,WRITE IN,,0.000000
2014,19013013042,SECRETARY OF AGRICULTURE,,BILL NORTHEY,REPUBLICAN PARTY,508.000000
2014,19013013042,SECRETARY OF AGRICULTURE,,LEVI BENNING,NEW INDEPENDENT PARTY IOWA,22.000000
2014,19013013042,SECRETARY OF AGRICULTURE,,SHERRIE TAHA,DEMOCRATIC PARTY,341.000000
2014,19013013042,SECRETARY OF AGRICULTURE,,WRITE IN,,3.000000
2014,19013013042,SECRETARY OF STATE,,BRAD ANDERSON,DEMOCRATIC PARTY,464.000000
2014,19013013042,SECRETARY OF STATE,,JAKE PORTER,LIBERTARIAN PARTY,26.000000
2014,19013013042,SECRETARY OF STATE,,PAUL D PATE,REPUBLICAN PARTY,384.000000
2014,19013013042,SECRETARY OF STATE,,SPENCER HIGHLAND,NEW INDEPENDENT PARTY IOWA,11.000000
2014,19013013042,SECRETARY OF STATE,,WRITE IN,,0.000000
2014,19013013042,TREASURER OF STATE,,KEITH A LAUBE,LIBERTARIAN PARTY,34.000000
2014,19013013042,TREASURER OF STATE,,MICHAEL L FITZGERALD,DEMOCRATIC PARTY,500.000000
2014,19013013042,TREASURER OF STATE,,SAM CLOVIS,REPUBLICAN PARTY,346.000000
2014,19013013042,TREASURER OF STATE,,WRITE IN,,0.000000
2014,19013013042,U S SENATE,,BOB QUAST,BOB QUAST FOR TERM LIMITS,1.000000
2014,19013013042,U S SENATE,,BRUCE BRALEY,DEMOCRATIC PARTY,472.000000
2014,19013013042,U S SENATE,,DOUGLAS BUTZIER,LIBERTARIAN PARTY,5.000000
2014,19013013042,U S SENATE,,JONI ERNST,REPUBLICAN PARTY,418.000000
2014,19013013042,U S SENATE,,RICK STEWART,INDEPENDENT,17.000000
2014,19013013042,U S SENATE,,RUTH SMITH,,1.000000
2014,19013013042,U S SENATE,,WRITE IN,,0.000000
2014,19013013043,ATTORNEY GENERAL,,ADAM GREGG,REPUBLICAN PARTY,292.000000
2014,19013013043,ATTORNEY GENERAL,,TOM MILLER,DEMOCRATIC PARTY,475.000000
2014,19013013043,ATTORNEY GENERAL,,WRITE IN,,0.000000
2014,19013013043,AUDITOR OF STATE,,JONATHAN NEIDERBACH,DEMOCRATIC PARTY,351.000000
2014,19013013043,AUDITOR OF STATE,,MARY MOSIMAN,REPUBLICAN PARTY,386.000000
2014,19013013043,AUDITOR OF STATE,,WRITE IN,,2.000000
2014,19013013043,GOVERNOR,,JACK HATCH MONICA VERNON,DEMOCRATIC PARTY,334.000000
2014,19013013043,GOVERNOR,,JIM HENNAGER MARY MARGARET KRIEG,NEW INDEPENDENT PARTY IOWA,4.000000
2014,19013013043,GOVERNOR,,JONATHAN R NARCISSE MICHAEL L RICHARDS,IOWA PARTY,3.000000
2014,19013013043,GOVERNOR,,LEE DEAKINS HIEB TIM WATSON,LIBERTARIAN PARTY,13.000000
2014,19013013043,GOVERNOR,,TERRY E BRANSTAD KIM REYNOLDS,REPUBLICAN PARTY,429.000000
2014,19013013043,GOVERNOR,,WRITE IN,,0.000000
2014,19013013043,SECRETARY OF AGRICULTURE,,BILL NORTHEY,REPUBLICAN PARTY,463.000000
2014,19013013043,SECRETARY OF AGRICULTURE,,LEVI BENNING,NEW INDEPENDENT PARTY IOWA,15.000000
2014,19013013043,SECRETARY OF AGRICULTURE,,SHERRIE TAHA,DEMOCRATIC PARTY,283.000000
2014,19013013043,SECRETARY OF AGRICULTURE,,WRITE IN,,0.000000
2014,19013013043,SECRETARY OF STATE,,BRAD ANDERSON,DEMOCRATIC PARTY,376.000000
2014,19013013043,SECRETARY OF STATE,,JAKE PORTER,LIBERTARIAN PARTY,18.000000
2014,19013013043,SECRETARY OF STATE,,PAUL D PATE,REPUBLICAN PARTY,362.000000
2014,19013013043,SECRETARY OF STATE,,SPENCER HIGHLAND,NEW INDEPENDENT PARTY IOWA,10.000000
2014,19013013043,SECRETARY OF STATE,,WRITE IN,,0.000000
2014,19013013043,TREASURER OF STATE,,KEITH A LAUBE,LIBERTARIAN PARTY,27.000000
2014,19013013043,TREASURER OF STATE,,MICHAEL L FITZGERALD,DEMOCRATIC PARTY,435.000000
2014,19013013043,TREASURER OF STATE,,SAM CLOVIS,REPUBLICAN PARTY,297.000000
2014,19013013043,TREASURER OF STATE,,WRITE IN,,1.000000
2014,19013013043,U S SENATE,,BOB QUAST,BOB QUAST FOR TERM LIMITS,2.000000
2014,19013013043,U S SENATE,,BRUCE BRALEY,DEMOCRATIC PARTY,370.000000
2014,19013013043,U S SENATE,,DOUGLAS BUTZIER,LIBERTARIAN PARTY,6.000000
2014,19013013043,U S SENATE,,JONI ERNST,REPUBLICAN PARTY,393.000000
2014,19013013043,U S SENATE,,RICK STEWART,INDEPENDENT,13.000000
2014,19013013043,U S SENATE,,RUTH SMITH,,3.000000
2014,19013013043,U S SENATE,,WRITE IN,,1.000000
2014,19013013044,ATTORNEY GENERAL,,ADAM GREGG,REPUBLICAN PARTY,623.000000
2014,19013013044,ATTORNEY GENERAL,,TOM MILLER,DEMOCRATIC PARTY,646.000000
2014,19013013044,ATTORNEY GENERAL,,WRITE IN,,0.000000
2014,19013013044,AUDITOR OF STATE,,JONATHAN NEIDERBACH,DEMOCRATIC PARTY,425.000000
2014,19013013044,AUDITOR OF STATE,,MARY MOSIMAN,REPUBLICAN PARTY,793.000000
2014,19013013044,AUDITOR OF STATE,,WRITE IN,,0.000000
2014,19013013044,GOVERNOR,,JACK HATCH MONICA VERNON,DEMOCRATIC PARTY,399.000000
2014,19013013044,GOVERNOR,,JIM HENNAGER MARY MARGARET KRIEG,NEW INDEPENDENT PARTY IOWA,5.000000
2014,19013013044,GOVERNOR,,JONATHAN R NARCISSE MICHAEL L RICHARDS,IOWA PARTY,8.000000
2014,19013013044,GOVERNOR,,LEE DEAKINS HIEB TIM WATSON,LIBERTARIAN PARTY,15.000000
2014,19013013044,GOVERNOR,,TERRY E BRANSTAD KIM REYNOLDS,REPUBLICAN PARTY,872.000000
2014,19013013044,GOVERNOR,,WRITE IN,,1.000000
2014,19013013044,SECRETARY OF AGRICULTURE,,BILL NORTHEY,REPUBLICAN PARTY,918.000000
2014,19013013044,SECRETARY OF AGRICULTURE,,LEVI BENNING,NEW INDEPENDENT PARTY IOWA,16.000000
2014,19013013044,SECRETARY OF AGRICULTURE,,SHERRIE TAHA,DEMOCRATIC PARTY,316.000000
2014,19013013044,SECRETARY OF AGRICULTURE,,WRITE IN,,1.000000
2014,19013013044,SECRETARY OF STATE,,BRAD ANDERSON,DEMOCRATIC PARTY,485.000000
2014,19013013044,SECRETARY OF STATE,,JAKE PORTER,LIBERTARIAN PARTY,26.000000
2014,19013013044,SECRETARY OF STATE,,PAUL D PATE,REPUBLICAN PARTY,752.000000
2014,19013013044,SECRETARY OF STATE,,SPENCER HIGHLAND,NEW INDEPENDENT PARTY IOWA,5.000000
2014,19013013044,SECRETARY OF STATE,,WRITE IN,,0.000000
2014,19013013044,TREASURER OF STATE,,KEITH A LAUBE,LIBERTARIAN PARTY,21.000000
2014,19013013044,TREASURER OF STATE,,MICHAEL L FITZGERALD,DEMOCRATIC PARTY,592.000000
2014,19013013044,TREASURER OF STATE,,SAM CLOVIS,REPUBLICAN PARTY,647.000000
2014,19013013044,TREASURER OF STATE,,WRITE IN,,1.000000
2014,19013013044,U S SENATE,,BOB QUAST,BOB QUAST FOR TERM LIMITS,0.000000
2014,19013013044,U S SENATE,,BRUCE BRALEY,DEMOCRATIC PARTY,485.000000
2014,19013013044,U S SENATE,,DOUGLAS BUTZIER,LIBERTARIAN PARTY,7.000000
2014,19013013044,U S SENATE,,JONI ERNST,REPUBLICAN PARTY,790.000000
2014,19013013044,U S SENATE,,RICK STEWART,INDEPENDENT,20.000000
2014,19013013044,U S SENATE,,RUTH SMITH,,4.000000
2014,19013013044,U S SENATE,,WRITE IN,,1.000000
2014,19013013045,ATTORNEY GENERAL,,ADAM GREGG,REPUBLICAN PARTY,259.000000
2014,19013013045,ATTORNEY GENERAL,,TOM MILLER,DEMOCRATIC PARTY,372.000000
2014,19013013045,ATTORNEY GENERAL,,WRITE IN,,1.000000
2014,19013013045,AUDITOR OF STATE,,JONATHAN NEIDERBACH,DEMOCRATIC PARTY,276.000000
2014,19013013045,AUDITOR OF STATE,,MARY MOSIMAN,REPUBLICAN PARTY,321.000000
2014,19013013045,AUDITOR OF STATE,,WRITE IN,,1.000000
2014,19013013045,GOVERNOR,,JACK HATCH MONICA VERNON,DEMOCRATIC PARTY,262.000000
2014,19013013045,GOVERNOR,,JIM HENNAGER MARY MARGARET KRIEG,NEW INDEPENDENT PARTY IOWA,3.000000
2014,19013013045,GOVERNOR,,JONATHAN R NARCISSE MICHAEL L RICHARDS,IOWA PARTY,5.000000
2014,19013013045,GOVERNOR,,LEE DEAKINS HIEB TIM WATSON,LIBERTARIAN PARTY,7.000000
2014,19013013045,GOVERNOR,,TERRY E BRANSTAD KIM REYNOLDS,REPUBLICAN PARTY,370.000000
2014,19013013045,GOVERNOR,,WRITE IN,,0.000000
2014,19013013045,SECRETARY OF AGRICULTURE,,BILL NORTHEY,REPUBLICAN PARTY,389.000000
2014,19013013045,SECRETARY OF AGRICULTURE,,LEVI BENNING,NEW INDEPENDENT PARTY IOWA,9.000000
2014,19013013045,SECRETARY OF AGRICULTURE,,SHERRIE TAHA,DEMOCRATIC PARTY,222.000000
2014,19013013045,SECRETARY OF AGRICULTURE,,WRITE IN,,0.000000
2014,19013013045,SECRETARY OF STATE,,BRAD ANDERSON,DEMOCRATIC PARTY,294.000000
2014,19013013045,SECRETARY OF STATE,,JAKE PORTER,LIBERTARIAN PARTY,10.000000
2014,19013013045,SECRETARY OF STATE,,PAUL D PATE,REPUBLICAN PARTY,316.000000
2014,19013013045,SECRETARY OF STATE,,SPENCER HIGHLAND,NEW INDEPENDENT PARTY IOWA,6.000000
2014,19013013045,SECRETARY OF STATE,,WRITE IN,,1.000000
2014,19013013045,TREASURER OF STATE,,KEITH A LAUBE,LIBERTARIAN PARTY,22.000000
2014,19013013045,TREASURER OF STATE,,MICHAEL L FITZGERALD,DEMOCRATIC PARTY,340.000000
2014,19013013045,TREASURER OF STATE,,SAM CLOVIS,REPUBLICAN PARTY,264.000000
2014,19013013045,TREASURER OF STATE,,WRITE IN,,1.000000
2014,19013013045,U S SENATE,,BOB QUAST,BOB QUAST FOR TERM LIMITS,0.000000
2014,19013013045,U S SENATE,,BRUCE BRALEY,DEMOCRATIC PARTY,310.000000
2014,19013013045,U S SENATE,,DOUGLAS BUTZIER,LIBERTARIAN PARTY,6.000000
2014,19013013045,U S SENATE,,JONI ERNST,REPUBLICAN PARTY,329.000000
2014,19013013045,U S SENATE,,RICK STEWART,INDEPENDENT,3.000000
2014,19013013045,U S SENATE,,RUTH SMITH,,0.000000
2014,19013013045,U S SENATE,,WRITE IN,,0.000000
2014,19013013046,ATTORNEY GENERAL,,ADAM GREGG,REPUBLICAN PARTY,163.000000
2014,19013013046,ATTORNEY GENERAL,,TOM MILLER,DEMOCRATIC PARTY,367.000000
2014,19013013046,ATTORNEY GENERAL,,WRITE IN,,0.000000
2014,19013013046,AUDITOR OF STATE,,JONATHAN NEIDERBACH,DEMOCRATIC PARTY,295.000000
2014,19013013046,AUDITOR OF STATE,,MARY MOSIMAN,REPUBLICAN PARTY,209.000000
2014,19013013046,AUDITOR OF STATE,,WRITE IN,,1.000000
2014,19013013046,GOVERNOR,,JACK HATCH MONICA VERNON,DEMOCRATIC PARTY,300.000000
2014,19013013046,GOVERNOR,,JIM HENNAGER MARY MARGARET KRIEG,NEW INDEPENDENT PARTY IOWA,1.000000
2014,19013013046,GOVERNOR,,JONATHAN R NARCISSE MICHAEL L RICHARDS,IOWA PARTY,1.000000
2014,19013013046,GOVERNOR,,LEE DEAKINS HIEB TIM WATSON,LIBERTARIAN PARTY,6.000000
2014,19013013046,GOVERNOR,,TERRY E BRANSTAD KIM REYNOLDS,REPUBLICAN PARTY,230.000000
2014,19013013046,GOVERNOR,,WRITE IN,,0.000000
2014,19013013046,SECRETARY OF AGRICULTURE,,BILL NORTHEY,REPUBLICAN PARTY,248.000000
2014,19013013046,SECRETARY OF AGRICULTURE,,LEVI BENNING,NEW INDEPENDENT PARTY IOWA,7.000000
2014,19013013046,SECRETARY OF AGRICULTURE,,SHERRIE TAHA,DEMOCRATIC PARTY,261.000000
2014,19013013046,SECRETARY OF AGRICULTURE,,WRITE IN,,0.000000
2014,19013013046,SECRETARY OF STATE,,BRAD ANDERSON,DEMOCRATIC PARTY,327.000000
2014,19013013046,SECRETARY OF STATE,,JAKE PORTER,LIBERTARIAN PARTY,13.000000
2014,19013013046,SECRETARY OF STATE,,PAUL D PATE,REPUBLICAN PARTY,184.000000
2014,19013013046,SECRETARY OF STATE,,SPENCER HIGHLAND,NEW INDEPENDENT PARTY IOWA,1.000000
2014,19013013046,SECRETARY OF STATE,,WRITE IN,,0.000000
2014,19013013046,TREASURER OF STATE,,KEITH A LAUBE,LIBERTARIAN PARTY,19.000000
2014,19013013046,TREASURER OF STATE,,MICHAEL L FITZGERALD,DEMOCRATIC PARTY,342.000000
2014,19013013046,TREASURER OF STATE,,SAM CLOVIS,REPUBLICAN PARTY,159.000000
2014,19013013046,TREASURER OF STATE,,WRITE IN,,0.000000
2014,19013013046,U S SENATE,,BOB QUAST,BOB QUAST FOR TERM LIMITS,1.000000
2014,19013013046,U S SENATE,,BRUCE BRALEY,DEMOCRATIC PARTY,327.000000
2014,19013013046,U S SENATE,,DOUGLAS BUTZIER,LIBERTARIAN PARTY,3.000000
2014,19013013046,U S SENATE,,JONI ERNST,REPUBLICAN PARTY,209.000000
2014,19013013046,U S SENATE,,RICK STEWART,INDEPENDENT,2.000000
2014,19013013046,U S SENATE,,RUTH SMITH,,1.000000
2014,19013013046,U S SENATE,,WRITE IN,,0.000000
2014,19013013047,ATTORNEY GENERAL,,ADAM GREGG,REPUBLICAN PARTY,247.000000
2014,19013013047,ATTORNEY GENERAL,,TOM MILLER,DEMOCRATIC PARTY,580.000000
2014,19013013047,ATTORNEY GENERAL,,WRITE IN,,1.000000
2014,19013013047,AUDITOR OF STATE,,JONATHAN NEIDERBACH,DEMOCRATIC PARTY,483.000000
2014,19013013047,AUDITOR OF STATE,,MARY MOSIMAN,REPUBLICAN PARTY,313.000000
2014,19013013047,AUDITOR OF STATE,,WRITE IN,,1.000000
2014,19013013047,GOVERNOR,,JACK HATCH MONICA VERNON,DEMOCRATIC PARTY,466.000000
2014,19013013047,GOVERNOR,,JIM HENNAGER MARY MARGARET KRIEG,NEW INDEPENDENT PARTY IOWA,9.000000
2014,19013013047,GOVERNOR,,JONATHAN R NARCISSE MICHAEL L RICHARDS,IOWA PARTY,4.000000
2014,19013013047,GOVERNOR,,LEE DEAKINS HIEB TIM WATSON,LIBERTARIAN PARTY,10.000000
2014,19013013047,GOVERNOR,,TERRY E BRANSTAD KIM REYNOLDS,REPUBLICAN PARTY,352.000000
2014,19013013047,GOVERNOR,,WRITE IN,,1.000000
2014,19013013047,SECRETARY OF AGRICULTURE,,BILL NORTHEY,REPUBLICAN PARTY,386.000000
2014,19013013047,SECRETARY OF AGRICULTURE,,LEVI BENNING,NEW INDEPENDENT PARTY IOWA,24.000000
2014,19013013047,SECRETARY OF AGRICULTURE,,SHERRIE TAHA,DEMOCRATIC PARTY,409.000000
2014,19013013047,SECRETARY OF AGRICULTURE,,WRITE IN,,0.000000
2014,19013013047,SECRETARY OF STATE,,BRAD ANDERSON,DEMOCRATIC PARTY,526.000000
2014,19013013047,SECRETARY OF STATE,,JAKE PORTER,LIBERTARIAN PARTY,21.000000
2014,19013013047,SECRETARY OF STATE,,PAUL D PATE,REPUBLICAN PARTY,266.000000
2014,19013013047,SECRETARY OF STATE,,SPENCER HIGHLAND,NEW INDEPENDENT PARTY IOWA,11.000000
2014,19013013047,SECRETARY OF STATE,,WRITE IN,,0.000000
2014,19013013047,TREASURER OF STATE,,KEITH A LAUBE,LIBERTARIAN PARTY,36.000000
2014,19013013047,TREASURER OF STATE,,MICHAEL L FITZGERALD,DEMOCRATIC PARTY,561.000000
2014,19013013047,TREASURER OF STATE,,SAM CLOVIS,REPUBLICAN PARTY,230.000000
2014,19013013047,TREASURER OF STATE,,WRITE IN,,0.000000
2014,19013013047,U S SENATE,,BOB QUAST,BOB QUAST FOR TERM LIMITS,8.000000
2014,19013013047,U S SENATE,,BRUCE BRALEY,DEMOCRATIC PARTY,510.000000
2014,19013013047,U S SENATE,,DOUGLAS BUTZIER,LIBERTARIAN PARTY,5.000000
2014,19013013047,U S SENATE,,JONI ERNST,REPUBLICAN PARTY,303.000000
2014,19013013047,U S SENATE,,RICK STEWART,INDEPENDENT,19.000000
2014,19013013047,U S SENATE,,RUTH SMITH,,1.000000
2014,19013013047,U S SENATE,,WRITE IN,,0.000000
2014,19013013048,ATTORNEY GENERAL,,ADAM GREGG,REPUBLICAN PARTY,433.000000
2014,19013013048,ATTORNEY GENERAL,,TOM MILLER,DEMOCRATIC PARTY,783.000000
2014,19013013048,ATTORNEY GENERAL,,WRITE IN,,1.000000
2014,19013013048,AUDITOR OF STATE,,JONATHAN NEIDERBACH,DEMOCRATIC PARTY,622.000000
2014,19013013048,AUDITOR OF STATE,,MARY MOSIMAN,REPUBLICAN PARTY,540.000000
2014,19013013048,AUDITOR OF STATE,,WRITE IN,,3.000000
2014,19013013048,GOVERNOR,,JACK HATCH MONICA VERNON,DEMOCRATIC PARTY,595.000000
2014,19013013048,GOVERNOR,,JIM HENNAGER MARY MARGARET KRIEG,NEW INDEPENDENT PARTY IOWA,6.000000
2014,19013013048,GOVERNOR,,JONATHAN R NARCISSE MICHAEL L RICHARDS,IOWA PARTY,2.000000
2014,19013013048,GOVERNOR,,LEE DEAKINS HIEB TIM WATSON,LIBERTARIAN PARTY,15.000000
2014,19013013048,GOVERNOR,,TERRY E BRANSTAD KIM REYNOLDS,REPUBLICAN PARTY,627.000000
2014,19013013048,GOVERNOR,,WRITE IN,,0.000000
2014,19013013048,SECRETARY OF AGRICULTURE,,BILL NORTHEY,REPUBLICAN PARTY,631.000000
2014,19013013048,SECRETARY OF AGRICULTURE,,LEVI BENNING,NEW INDEPENDENT PARTY IOWA,30.000000
2014,19013013048,SECRETARY OF AGRICULTURE,,SHERRIE TAHA,DEMOCRATIC PARTY,540.000000
2014,19013013048,SECRETARY OF AGRICULTURE,,WRITE IN,,0.000000
2014,19013013048,SECRETARY OF STATE,,BRAD ANDERSON,DEMOCRATIC PARTY,671.000000
2014,19013013048,SECRETARY OF STATE,,JAKE PORTER,LIBERTARIAN PARTY,25.000000
2014,19013013048,SECRETARY OF STATE,,PAUL D PATE,REPUBLICAN PARTY,499.000000
2014,19013013048,SECRETARY OF STATE,,SPENCER HIGHLAND,NEW INDEPENDENT PARTY IOWA,10.000000
2014,19013013048,SECRETARY OF STATE,,WRITE IN,,0.000000
2014,19013013048,TREASURER OF STATE,,KEITH A LAUBE,LIBERTARIAN PARTY,37.000000
2014,19013013048,TREASURER OF STATE,,MICHAEL L FITZGERALD,DEMOCRATIC PARTY,731.000000
2014,19013013048,TREASURER OF STATE,,SAM CLOVIS,REPUBLICAN PARTY,439.000000
2014,19013013048,TREASURER OF STATE,,WRITE IN,,1.000000
2014,19013013048,U S SENATE,,BOB QUAST,BOB QUAST FOR TERM LIMITS,1.000000
2014,19013013048,U S SENATE,,BRUCE BRALEY,DEMOCRATIC PARTY,681.000000
2014,19013013048,U S SENATE,,DOUGLAS BUTZIER,LIBERTARIAN PARTY,8.000000
2014,19013013048,U S SENATE,,JONI ERNST,REPUBLICAN PARTY,530.000000
2014,19013013048,U S SENATE,,RICK STEWART,INDEPENDENT,20.000000
2014,19013013048,U S SENATE,,RUTH SMITH,,5.000000
2014,19013013048,U S SENATE,,WRITE IN,,2.000000
2014,19013013049,ATTORNEY GENERAL,,ADAM GREGG,REPUBLICAN PARTY,318.000000
2014,19013013049,ATTORNEY GENERAL,,TOM MILLER,DEMOCRATIC PARTY,527.000000
2014,19013013049,ATTORNEY GENERAL,,WRITE IN,,0.000000
2014,19013013049,AUDITOR OF STATE,,JONATHAN NEIDERBACH,DEMOCRATIC PARTY,418.000000
2014,19013013049,AUDITOR OF STATE,,MARY MOSIMAN,REPUBLICAN PARTY,395.000000
2014,19013013049,AUDITOR OF STATE,,WRITE IN,,0.000000
2014,19013013049,GOVERNOR,,JACK HATCH MONICA VERNON,DEMOCRATIC PARTY,402.000000
2014,19013013049,GOVERNOR,,JIM HENNAGER MARY MARGARET KRIEG,NEW INDEPENDENT PARTY IOWA,9.000000
2014,19013013049,GOVERNOR,,JONATHAN R NARCISSE MICHAEL L RICHARDS,IOWA PARTY,5.000000
2014,19013013049,GOVERNOR,,LEE DEAKINS HIEB TIM WATSON,LIBERTARIAN PARTY,9.000000
2014,19013013049,GOVERNOR,,TERRY E BRANSTAD KIM REYNOLDS,REPUBLICAN PARTY,440.000000
2014,19013013049,GOVERNOR,,WRITE IN,,0.000000
2014,19013013049,SECRETARY OF AGRICULTURE,,BILL NORTHEY,REPUBLICAN PARTY,468.000000
2014,19013013049,SECRETARY OF AGRICULTURE,,LEVI BENNING,NEW INDEPENDENT PARTY IOWA,23.000000
2014,19013013049,SECRETARY OF AGRICULTURE,,SHERRIE TAHA,DEMOCRATIC PARTY,343.000000
2014,19013013049,SECRETARY OF AGRICULTURE,,WRITE IN,,0.000000
2014,19013013049,SECRETARY OF STATE,,BRAD ANDERSON,DEMOCRATIC PARTY,444.000000
2014,19013013049,SECRETARY OF STATE,,JAKE PORTER,LIBERTARIAN PARTY,28.000000
2014,19013013049,SECRETARY OF STATE,,PAUL D PATE,REPUBLICAN PARTY,357.000000
2014,19013013049,SECRETARY OF STATE,,SPENCER HIGHLAND,NEW INDEPENDENT PARTY IOWA,11.000000
2014,19013013049,SECRETARY OF STATE,,WRITE IN,,0.000000
2014,19013013049,TREASURER OF STATE,,KEITH A LAUBE,LIBERTARIAN PARTY,36.000000
2014,19013013049,TREASURER OF STATE,,MICHAEL L FITZGERALD,DEMOCRATIC PARTY,479.000000
2014,19013013049,TREASURER OF STATE,,SAM CLOVIS,REPUBLICAN PARTY,325.000000
2014,19013013049,TREASURER OF STATE,,WRITE IN,,0.000000
2014,19013013049,U S SENATE,,BOB QUAST,BOB QUAST FOR TERM LIMITS,6.000000
2014,19013013049,U S SENATE,,BRUCE BRALEY,DEMOCRATIC PARTY,459.000000
2014,19013013049,U S SENATE,,DOUGLAS BUTZIER,LIBERTARIAN PARTY,4.000000
2014,19013013049,U S SENATE,,JONI ERNST,REPUBLICAN PARTY,381.000000
2014,19013013049,U S SENATE,,RICK STEWART,INDEPENDENT,15.000000
2014,19013013049,U S SENATE,,RUTH SMITH,,5.000000
2014,19013013049,U S SENATE,,WRITE IN,,0.000000
2014,19013013050,ATTORNEY GENERAL,,ADAM GREGG,REPUBLICAN PARTY,401.000000
2014,19013013050,ATTORNEY GENERAL,,TOM MILLER,DEMOCRATIC PARTY,585.000000
2014,19013013050,ATTORNEY GENERAL,,WRITE IN,,0.000000
2014,19013013050,AUDITOR OF STATE,,JONATHAN NEIDERBACH,DEMOCRATIC PARTY,381.000000
2014,19013013050,AUDITOR OF STATE,,MARY MOSIMAN,REPUBLICAN PARTY,561.000000
2014,19013013050,AUDITOR OF STATE,,WRITE IN,,1.000000
2014,19013013050,GOVERNOR,,JACK HATCH MONICA VERNON,DEMOCRATIC PARTY,367.000000
2014,19013013050,GOVERNOR,,JIM HENNAGER MARY MARGARET KRIEG,NEW INDEPENDENT PARTY IOWA,2.000000
2014,19013013050,GOVERNOR,,JONATHAN R NARCISSE MICHAEL L RICHARDS,IOWA PARTY,9.000000
2014,19013013050,GOVERNOR,,LEE DEAKINS HIEB TIM WATSON,LIBERTARIAN PARTY,7.000000
2014,19013013050,GOVERNOR,,TERRY E BRANSTAD KIM REYNOLDS,REPUBLICAN PARTY,632.000000
2014,19013013050,GOVERNOR,,WRITE IN,,1.000000
2014,19013013050,SECRETARY OF AGRICULTURE,,BILL NORTHEY,REPUBLICAN PARTY,652.000000
2014,19013013050,SECRETARY OF AGRICULTURE,,LEVI BENNING,NEW INDEPENDENT PARTY IOWA,19.000000
2014,19013013050,SECRETARY OF AGRICULTURE,,SHERRIE TAHA,DEMOCRATIC PARTY,302.000000
2014,19013013050,SECRETARY OF AGRICULTURE,,WRITE IN,,1.000000
2014,19013013050,SECRETARY OF STATE,,BRAD ANDERSON,DEMOCRATIC PARTY,445.000000
2014,19013013050,SECRETARY OF STATE,,JAKE PORTER,LIBERTARIAN PARTY,16.000000
2014,19013013050,SECRETARY OF STATE,,PAUL D PATE,REPUBLICAN PARTY,510.000000
2014,19013013050,SECRETARY OF STATE,,SPENCER HIGHLAND,NEW INDEPENDENT PARTY IOWA,5.000000
2014,19013013050,SECRETARY OF STATE,,WRITE IN,,1.000000
2014,19013013050,TREASURER OF STATE,,KEITH A LAUBE,LIBERTARIAN PARTY,34.000000
2014,19013013050,TREASURER OF STATE,,MICHAEL L FITZGERALD,DEMOCRATIC PARTY,500.000000
2014,19013013050,TREASURER OF STATE,,SAM CLOVIS,REPUBLICAN PARTY,439.000000
2014,19013013050,TREASURER OF STATE,,WRITE IN,,2.000000
2014,19013013050,U S SENATE,,BOB QUAST,BOB QUAST FOR TERM LIMITS,2.000000
2014,19013013050,U S SENATE,,BRUCE BRALEY,DEMOCRATIC PARTY,439.000000
2014,19013013050,U S SENATE,,DOUGLAS BUTZIER,LIBERTARIAN PARTY,3.000000
2014,19013013050,U S SENATE,,JONI ERNST,REPUBLICAN PARTY,560.000000
2014,19013013050,U S SENATE,,RICK STEWART,INDEPENDENT,11.000000
2014,19013013050,U S SENATE,,RUTH SMITH,,3.000000
2014,19013013050,U S SENATE,,WRITE IN,,2.000000
2014,19013013051,ATTORNEY GENERAL,,ADAM GREGG,REPUBLICAN PARTY,224.000000
2014,19013013051,ATTORNEY GENERAL,,TOM MILLER,DEMOCRATIC PARTY,499.000000
2014,19013013051,ATTORNEY GENERAL,,WRITE IN,,1.000000
2014,19013013051,AUDITOR OF STATE,,JONATHAN NEIDERBACH,DEMOCRATIC PARTY,397.000000
2014,19013013051,AUDITOR OF STATE,,MARY MOSIMAN,REPUBLICAN PARTY,303.000000
2014,19013013051,AUDITOR OF STATE,,WRITE IN,,1.000000
2014,19013013051,GOVERNOR,,JACK HATCH MONICA VERNON,DEMOCRATIC PARTY,403.000000
2014,19013013051,GOVERNOR,,JIM HENNAGER MARY MARGARET KRIEG,NEW INDEPENDENT PARTY IOWA,4.000000
2014,19013013051,GOVERNOR,,JONATHAN R NARCISSE MICHAEL L RICHARDS,IOWA PARTY,4.000000
2014,19013013051,GOVERNOR,,LEE DEAKINS HIEB TIM WATSON,LIBERTARIAN PARTY,9.000000
2014,19013013051,GOVERNOR,,TERRY E BRANSTAD KIM REYNOLDS,REPUBLICAN PARTY,312.000000
2014,19013013051,GOVERNOR,,WRITE IN,,1.000000
2014,19013013051,SECRETARY OF AGRICULTURE,,BILL NORTHEY,REPUBLICAN PARTY,362.000000
2014,19013013051,SECRETARY OF AGRICULTURE,,LEVI BENNING,NEW INDEPENDENT PARTY IOWA,21.000000
2014,19013013051,SECRETARY OF AGRICULTURE,,SHERRIE TAHA,DEMOCRATIC PARTY,335.000000
2014,19013013051,SECRETARY OF AGRICULTURE,,WRITE IN,,1.000000
2014,19013013051,SECRETARY OF STATE,,BRAD ANDERSON,DEMOCRATIC PARTY,440.000000
2014,19013013051,SECRETARY OF STATE,,JAKE PORTER,LIBERTARIAN PARTY,19.000000
2014,19013013051,SECRETARY OF STATE,,PAUL D PATE,REPUBLICAN PARTY,257.000000
2014,19013013051,SECRETARY OF STATE,,SPENCER HIGHLAND,NEW INDEPENDENT PARTY IOWA,4.000000
2014,19013013051,SECRETARY OF STATE,,WRITE IN,,0.000000
2014,19013013051,TREASURER OF STATE,,KEITH A LAUBE,LIBERTARIAN PARTY,27.000000
2014,19013013051,TREASURER OF STATE,,MICHAEL L FITZGERALD,DEMOCRATIC PARTY,452.000000
2014,19013013051,TREASURER OF STATE,,SAM CLOVIS,REPUBLICAN PARTY,235.000000
2014,19013013051,TREASURER OF STATE,,WRITE IN,,0.000000
2014,19013013051,U S SENATE,,BOB QUAST,BOB QUAST FOR TERM LIMITS,3.000000
2014,19013013051,U S SENATE,,BRUCE BRALEY,DEMOCRATIC PARTY,421.000000
2014,19013013051,U S SENATE,,DOUGLAS BUTZIER,LIBERTARIAN PARTY,6.000000
2014,19013013051,U S SENATE,,JONI ERNST,REPUBLICAN PARTY,290.000000
2014,19013013051,U S SENATE,,RICK STEWART,INDEPENDENT,10.000000
2014,19013013051,U S SENATE,,RUTH SMITH,,4.000000
2014,19013013051,U S SENATE,,WRITE IN,,0.000000
2014,19013013052,ATTORNEY GENERAL,,ADAM GREGG,REPUBLICAN PARTY,160.000000
2014,19013013052,ATTORNEY GENERAL,,TOM MILLER,DEMOCRATIC PARTY,540.000000
2014,19013013052,ATTORNEY GENERAL,,WRITE IN,,0.000000
2014,19013013052,AUDITOR OF STATE,,JONATHAN NEIDERBACH,DEMOCRATIC PARTY,455.000000
2014,19013013052,AUDITOR OF STATE,,MARY MOSIMAN,REPUBLICAN PARTY,221.000000
2014,19013013052,AUDITOR OF STATE,,WRITE IN,,0.000000
2014,19013013052,GOVERNOR,,JACK HATCH MONICA VERNON,DEMOCRATIC PARTY,455.000000
2014,19013013052,GOVERNOR,,JIM HENNAGER MARY MARGARET KRIEG,NEW INDEPENDENT PARTY IOWA,5.000000
2014,19013013052,GOVERNOR,,JONATHAN R NARCISSE MICHAEL L RICHARDS,IOWA PARTY,12.000000
2014,19013013052,GOVERNOR,,LEE DEAKINS HIEB TIM WATSON,LIBERTARIAN PARTY,10.000000
2014,19013013052,GOVERNOR,,TERRY E BRANSTAD KIM REYNOLDS,REPUBLICAN PARTY,224.000000
2014,19013013052,GOVERNOR,,WRITE IN,,0.000000
2014,19013013052,SECRETARY OF AGRICULTURE,,BILL NORTHEY,REPUBLICAN PARTY,266.000000
2014,19013013052,SECRETARY OF AGRICULTURE,,LEVI BENNING,NEW INDEPENDENT PARTY IOWA,25.000000
2014,19013013052,SECRETARY OF AGRICULTURE,,SHERRIE TAHA,DEMOCRATIC PARTY,400.000000
2014,19013013052,SECRETARY OF AGRICULTURE,,WRITE IN,,0.000000
2014,19013013052,SECRETARY OF STATE,,BRAD ANDERSON,DEMOCRATIC PARTY,494.000000
2014,19013013052,SECRETARY OF STATE,,JAKE PORTER,LIBERTARIAN PARTY,26.000000
2014,19013013052,SECRETARY OF STATE,,PAUL D PATE,REPUBLICAN PARTY,164.000000
2014,19013013052,SECRETARY OF STATE,,SPENCER HIGHLAND,NEW INDEPENDENT PARTY IOWA,12.000000
2014,19013013052,SECRETARY OF STATE,,WRITE IN,,0.000000
2014,19013013052,TREASURER OF STATE,,KEITH A LAUBE,LIBERTARIAN PARTY,37.000000
2014,19013013052,TREASURER OF STATE,,MICHAEL L FITZGERALD,DEMOCRATIC PARTY,501.000000
2014,19013013052,TREASURER OF STATE,,SAM CLOVIS,REPUBLICAN PARTY,159.000000
2014,19013013052,TREASURER OF STATE,,WRITE IN,,0.000000
2014,19013013052,U S SENATE,,BOB QUAST,BOB QUAST FOR TERM LIMITS,4.000000
2014,19013013052,U S SENATE,,BRUCE BRALEY,DEMOCRATIC PARTY,479.000000
2014,19013013052,U S SENATE,,DOUGLAS BUTZIER,LIBERTARIAN PARTY,8.000000
2014,19013013052,U S SENATE,,JONI ERNST,REPUBLICAN PARTY,207.000000
2014,19013013052,U S SENATE,,RICK STEWART,INDEPENDENT,13.000000
2014,19013013052,U S SENATE,,RUTH SMITH,,1.000000
2014,19013013052,U S SENATE,,WRITE IN,,0.000000
2014,19013013053,ATTORNEY GENERAL,,ADAM GREGG,REPUBLICAN PARTY,44.000000
2014,19013013053,ATTORNEY GENERAL,,TOM MILLER,DEMOCRATIC PARTY,348.000000
2014,19013013053,ATTORNEY GENERAL,,WRITE IN,,1.000000
2014,19013013053,AUDITOR OF STATE,,JONATHAN NEIDERBACH,DEMOCRATIC PARTY,314.000000
2014,19013013053,AUDITOR OF STATE,,MARY MOSIMAN,REPUBLICAN PARTY,69.000000
2014,19013013053,AUDITOR OF STATE,,WRITE IN,,1.000000
2014,19013013053,GOVERNOR,,JACK HATCH MONICA VERNON,DEMOCRATIC PARTY,303.000000
2014,19013013053,GOVERNOR,,JIM HENNAGER MARY MARGARET KRIEG,NEW INDEPENDENT PARTY IOWA,3.000000
2014,19013013053,GOVERNOR,,JONATHAN R NARCISSE MICHAEL L RICHARDS,IOWA PARTY,7.000000
2014,19013013053,GOVERNOR,,LEE DEAKINS HIEB TIM WATSON,LIBERTARIAN PARTY,4.000000
2014,19013013053,GOVERNOR,,TERRY E BRANSTAD KIM REYNOLDS,REPUBLICAN PARTY,82.000000
2014,19013013053,GOVERNOR,,WRITE IN,,0.000000
2014,19013013053,SECRETARY OF AGRICULTURE,,BILL NORTHEY,REPUBLICAN PARTY,87.000000
2014,19013013053,SECRETARY OF AGRICULTURE,,LEVI BENNING,NEW INDEPENDENT PARTY IOWA,8.000000
2014,19013013053,SECRETARY OF AGRICULTURE,,SHERRIE TAHA,DEMOCRATIC PARTY,296.000000
2014,19013013053,SECRETARY OF AGRICULTURE,,WRITE IN,,0.000000
2014,19013013053,SECRETARY OF STATE,,BRAD ANDERSON,DEMOCRATIC PARTY,327.000000
2014,19013013053,SECRETARY OF STATE,,JAKE PORTER,LIBERTARIAN PARTY,9.000000
2014,19013013053,SECRETARY OF STATE,,PAUL D PATE,REPUBLICAN PARTY,56.000000
2014,19013013053,SECRETARY OF STATE,,SPENCER HIGHLAND,NEW INDEPENDENT PARTY IOWA,7.000000
2014,19013013053,SECRETARY OF STATE,,WRITE IN,,0.000000
2014,19013013053,TREASURER OF STATE,,KEITH A LAUBE,LIBERTARIAN PARTY,8.000000
2014,19013013053,TREASURER OF STATE,,MICHAEL L FITZGERALD,DEMOCRATIC PARTY,328.000000
2014,19013013053,TREASURER OF STATE,,SAM CLOVIS,REPUBLICAN PARTY,55.000000
2014,19013013053,TREASURER OF STATE,,WRITE IN,,0.000000
2014,19013013053,U S SENATE,,BOB QUAST,BOB QUAST FOR TERM LIMITS,2.000000
2014,19013013053,U S SENATE,,BRUCE BRALEY,DEMOCRATIC PARTY,330.000000
2014,19013013053,U S SENATE,,DOUGLAS BUTZIER,LIBERTARIAN PARTY,2.000000
2014,19013013053,U S SENATE,,JONI ERNST,REPUBLICAN PARTY,57.000000
2014,19013013053,U S SENATE,,RICK STEWART,INDEPENDENT,10.000000
2014,19013013053,U S SENATE,,RUTH SMITH,,2.000000
2014,19013013053,U S SENATE,,WRITE IN,,1.000000
2014,19013013054,ATTORNEY GENERAL,,ADAM GREGG,REPUBLICAN PARTY,75.000000
2014,19013013054,ATTORNEY GENERAL,,TOM MILLER,DEMOCRATIC PARTY,351.000000
2014,19013013054,ATTORNEY GENERAL,,WRITE IN,,0.000000
2014,19013013054,AUDITOR OF STATE,,JONATHAN NEIDERBACH,DEMOCRATIC PARTY,311.000000
2014,19013013054,AUDITOR OF STATE,,MARY MOSIMAN,REPUBLICAN PARTY,108.000000
2014,19013013054,AUDITOR OF STATE,,WRITE IN,,0.000000
2014,19013013054,GOVERNOR,,JACK HATCH MONICA VERNON,DEMOCRATIC PARTY,299.000000
2014,19013013054,GOVERNOR,,JIM HENNAGER MARY MARGARET KRIEG,NEW INDEPENDENT PARTY IOWA,6.000000
2014,19013013054,GOVERNOR,,JONATHAN R NARCISSE MICHAEL L RICHARDS,IOWA PARTY,1.000000
2014,19013013054,GOVERNOR,,LEE DEAKINS HIEB TIM WATSON,LIBERTARIAN PARTY,6.000000
2014,19013013054,GOVERNOR,,TERRY E BRANSTAD KIM REYNOLDS,REPUBLICAN PARTY,121.000000
2014,19013013054,GOVERNOR,,WRITE IN,,0.000000
2014,19013013054,SECRETARY OF AGRICULTURE,,BILL NORTHEY,REPUBLICAN PARTY,140.000000
2014,19013013054,SECRETARY OF AGRICULTURE,,LEVI BENNING,NEW INDEPENDENT PARTY IOWA,8.000000
2014,19013013054,SECRETARY OF AGRICULTURE,,SHERRIE TAHA,DEMOCRATIC PARTY,278.000000
2014,19013013054,SECRETARY OF AGRICULTURE,,WRITE IN,,0.000000
2014,19013013054,SECRETARY OF STATE,,BRAD ANDERSON,DEMOCRATIC PARTY,319.000000
2014,19013013054,SECRETARY OF STATE,,JAKE PORTER,LIBERTARIAN PARTY,13.000000
2014,19013013054,SECRETARY OF STATE,,PAUL D PATE,REPUBLICAN PARTY,90.000000
2014,19013013054,SECRETARY OF STATE,,SPENCER HIGHLAND,NEW INDEPENDENT PARTY IOWA,5.000000
2014,19013013054,SECRETARY OF STATE,,WRITE IN,,0.000000
2014,19013013054,TREASURER OF STATE,,KEITH A LAUBE,LIBERTARIAN PARTY,19.000000
2014,19013013054,TREASURER OF STATE,,MICHAEL L FITZGERALD,DEMOCRATIC PARTY,333.000000
2014,19013013054,TREASURER OF STATE,,SAM CLOVIS,REPUBLICAN PARTY,75.000000
2014,19013013054,TREASURER OF STATE,,WRITE IN,,0.000000
2014,19013013054,U S SENATE,,BOB QUAST,BOB QUAST FOR TERM LIMITS,2.000000
2014,19013013054,U S SENATE,,BRUCE BRALEY,DEMOCRATIC PARTY,326.000000
2014,19013013054,U S SENATE,,DOUGLAS BUTZIER,LIBERTARIAN PARTY,3.000000
2014,19013013054,U S SENATE,,JONI ERNST,REPUBLICAN PARTY,94.000000
2014,19013013054,U S SENATE,,RICK STEWART,INDEPENDENT,15.000000
2014,19013013054,U S SENATE,,RUTH SMITH,,0.000000
2014,19013013054,U S SENATE,,WRITE IN,,0.000000
2014,19013013055,ATTORNEY GENERAL,,ADAM GREGG,REPUBLICAN PARTY,280.000000
2014,19013013055,ATTORNEY GENERAL,,TOM MILLER,DEMOCRATIC PARTY,674.000000
2014,19013013055,ATTORNEY GENERAL,,WRITE IN,,0.000000
2014,19013013055,AUDITOR OF STATE,,JONATHAN NEIDERBACH,DEMOCRATIC PARTY,566.000000
2014,19013013055,AUDITOR OF STATE,,MARY MOSIMAN,REPUBLICAN PARTY,360.000000
2014,19013013055,AUDITOR OF STATE,,WRITE IN,,0.000000
2014,19013013055,GOVERNOR,,JACK HATCH MONICA VERNON,DEMOCRATIC PARTY,528.000000
2014,19013013055,GOVERNOR,,JIM HENNAGER MARY MARGARET KRIEG,NEW INDEPENDENT PARTY IOWA,14.000000
2014,19013013055,GOVERNOR,,JONATHAN R NARCISSE MICHAEL L RICHARDS,IOWA PARTY,11.000000
2014,19013013055,GOVERNOR,,LEE DEAKINS HIEB TIM WATSON,LIBERTARIAN PARTY,21.000000
2014,19013013055,GOVERNOR,,TERRY E BRANSTAD KIM REYNOLDS,REPUBLICAN PARTY,402.000000
2014,19013013055,GOVERNOR,,WRITE IN,,2.000000
2014,19013013055,SECRETARY OF AGRICULTURE,,BILL NORTHEY,REPUBLICAN PARTY,458.000000
2014,19013013055,SECRETARY OF AGRICULTURE,,LEVI BENNING,NEW INDEPENDENT PARTY IOWA,38.000000
2014,19013013055,SECRETARY OF AGRICULTURE,,SHERRIE TAHA,DEMOCRATIC PARTY,453.000000
2014,19013013055,SECRETARY OF AGRICULTURE,,WRITE IN,,2.000000
2014,19013013055,SECRETARY OF STATE,,BRAD ANDERSON,DEMOCRATIC PARTY,581.000000
2014,19013013055,SECRETARY OF STATE,,JAKE PORTER,LIBERTARIAN PARTY,49.000000
2014,19013013055,SECRETARY OF STATE,,PAUL D PATE,REPUBLICAN PARTY,301.000000
2014,19013013055,SECRETARY OF STATE,,SPENCER HIGHLAND,NEW INDEPENDENT PARTY IOWA,24.000000
2014,19013013055,SECRETARY OF STATE,,WRITE IN,,0.000000
2014,19013013055,TREASURER OF STATE,,KEITH A LAUBE,LIBERTARIAN PARTY,57.000000
2014,19013013055,TREASURER OF STATE,,MICHAEL L FITZGERALD,DEMOCRATIC PARTY,623.000000
2014,19013013055,TREASURER OF STATE,,SAM CLOVIS,REPUBLICAN PARTY,276.000000
2014,19013013055,TREASURER OF STATE,,WRITE IN,,0.000000
2014,19013013055,U S SENATE,,BOB QUAST,BOB QUAST FOR TERM LIMITS,3.000000
2014,19013013055,U S SENATE,,BRUCE BRALEY,DEMOCRATIC PARTY,593.000000
2014,19013013055,U S SENATE,,DOUGLAS BUTZIER,LIBERTARIAN PARTY,10.000000
2014,19013013055,U S SENATE,,JONI ERNST,REPUBLICAN PARTY,342.000000
2014,19013013055,U S SENATE,,RICK STEWART,INDEPENDENT,29.000000
2014,19013013055,U S SENATE,,RUTH SMITH,,3.000000
2014,19013013055,U S SENATE,,WRITE IN,,0.000000
2014,19013013056,ATTORNEY GENERAL,,ADAM GREGG,REPUBLICAN PARTY,88.000000
2014,19013013056,ATTORNEY GENERAL,,TOM MILLER,DEMOCRATIC PARTY,298.000000
2014,19013013056,ATTORNEY GENERAL,,WRITE IN,,0.000000
2014,19013013056,AUDITOR OF STATE,,JONATHAN NEIDERBACH,DEMOCRATIC PARTY,267.000000
2014,19013013056,AUDITOR OF STATE,,MARY MOSIMAN,REPUBLICAN PARTY,108.000000
2014,19013013056,AUDITOR OF STATE,,WRITE IN,,0.000000
2014,19013013056,GOVERNOR,,JACK HATCH MONICA VERNON,DEMOCRATIC PARTY,255.000000
2014,19013013056,GOVERNOR,,JIM HENNAGER MARY MARGARET KRIEG,NEW INDEPENDENT PARTY IOWA,2.000000
2014,19013013056,GOVERNOR,,JONATHAN R NARCISSE MICHAEL L RICHARDS,IOWA PARTY,5.000000
2014,19013013056,GOVERNOR,,LEE DEAKINS HIEB TIM WATSON,LIBERTARIAN PARTY,5.000000
2014,19013013056,GOVERNOR,,TERRY E BRANSTAD KIM REYNOLDS,REPUBLICAN PARTY,126.000000
2014,19013013056,GOVERNOR,,WRITE IN,,0.000000
2014,19013013056,SECRETARY OF AGRICULTURE,,BILL NORTHEY,REPUBLICAN PARTY,139.000000
2014,19013013056,SECRETARY OF AGRICULTURE,,LEVI BENNING,NEW INDEPENDENT PARTY IOWA,11.000000
2014,19013013056,SECRETARY OF AGRICULTURE,,SHERRIE TAHA,DEMOCRATIC PARTY,230.000000
2014,19013013056,SECRETARY OF AGRICULTURE,,WRITE IN,,0.000000
2014,19013013056,SECRETARY OF STATE,,BRAD ANDERSON,DEMOCRATIC PARTY,271.000000
2014,19013013056,SECRETARY OF STATE,,JAKE PORTER,LIBERTARIAN PARTY,16.000000
2014,19013013056,SECRETARY OF STATE,,PAUL D PATE,REPUBLICAN PARTY,90.000000
2014,19013013056,SECRETARY OF STATE,,SPENCER HIGHLAND,NEW INDEPENDENT PARTY IOWA,6.000000
2014,19013013056,SECRETARY OF STATE,,WRITE IN,,0.000000
2014,19013013056,TREASURER OF STATE,,KEITH A LAUBE,LIBERTARIAN PARTY,17.000000
2014,19013013056,TREASURER OF STATE,,MICHAEL L FITZGERALD,DEMOCRATIC PARTY,287.000000
2014,19013013056,TREASURER OF STATE,,SAM CLOVIS,REPUBLICAN PARTY,80.000000
2014,19013013056,TREASURER OF STATE,,WRITE IN,,0.000000
2014,19013013056,U S SENATE,,BOB QUAST,BOB QUAST FOR TERM LIMITS,2.000000
2014,19013013056,U S SENATE,,BRUCE BRALEY,DEMOCRATIC PARTY,275.000000
2014,19013013056,U S SENATE,,DOUGLAS BUTZIER,LIBERTARIAN PARTY,6.000000
2014,19013013056,U S SENATE,,JONI ERNST,REPUBLICAN PARTY,102.000000
2014,19013013056,U S SENATE,,RICK STEWART,INDEPENDENT,7.000000
2014,19013013056,U S SENATE,,RUTH SMITH,,0.000000
2014,19013013056,U S SENATE,,WRITE IN,,0.000000
2014,19013013057,ATTORNEY GENERAL,,ADAM GREGG,REPUBLICAN PARTY,44.000000
2014,19013013057,ATTORNEY GENERAL,,TOM MILLER,DEMOCRATIC PARTY,556.000000
2014,19013013057,ATTORNEY GENERAL,,WRITE IN,,1.000000
2014,19013013057,AUDITOR OF STATE,,JONATHAN NEIDERBACH,DEMOCRATIC PARTY,538.000000
2014,19013013057,AUDITOR OF STATE,,MARY MOSIMAN,REPUBLICAN PARTY,55.000000
2014,19013013057,AUDITOR OF STATE,,WRITE IN,,1.000000
2014,19013013057,GOVERNOR,,JACK HATCH MONICA VERNON,DEMOCRATIC PARTY,533.000000
2014,19013013057,GOVERNOR,,JIM HENNAGER MARY MARGARET KRIEG,NEW INDEPENDENT PARTY IOWA,2.000000
2014,19013013057,GOVERNOR,,JONATHAN R NARCISSE MICHAEL L RICHARDS,IOWA PARTY,3.000000
2014,19013013057,GOVERNOR,,LEE DEAKINS HIEB TIM WATSON,LIBERTARIAN PARTY,1.000000
2014,19013013057,GOVERNOR,,TERRY E BRANSTAD KIM REYNOLDS,REPUBLICAN PARTY,67.000000
2014,19013013057,GOVERNOR,,WRITE IN,,0.000000
2014,19013013057,SECRETARY OF AGRICULTURE,,BILL NORTHEY,REPUBLICAN PARTY,76.000000
2014,19013013057,SECRETARY OF AGRICULTURE,,LEVI BENNING,NEW INDEPENDENT PARTY IOWA,4.000000
2014,19013013057,SECRETARY OF AGRICULTURE,,SHERRIE TAHA,DEMOCRATIC PARTY,510.000000
2014,19013013057,SECRETARY OF AGRICULTURE,,WRITE IN,,2.000000
2014,19013013057,SECRETARY OF STATE,,BRAD ANDERSON,DEMOCRATIC PARTY,547.000000
2014,19013013057,SECRETARY OF STATE,,JAKE PORTER,LIBERTARIAN PARTY,7.000000
2014,19013013057,SECRETARY OF STATE,,PAUL D PATE,REPUBLICAN PARTY,40.000000
2014,19013013057,SECRETARY OF STATE,,SPENCER HIGHLAND,NEW INDEPENDENT PARTY IOWA,3.000000
2014,19013013057,SECRETARY OF STATE,,WRITE IN,,1.000000
2014,19013013057,TREASURER OF STATE,,KEITH A LAUBE,LIBERTARIAN PARTY,9.000000
2014,19013013057,TREASURER OF STATE,,MICHAEL L FITZGERALD,DEMOCRATIC PARTY,545.000000
2014,19013013057,TREASURER OF STATE,,SAM CLOVIS,REPUBLICAN PARTY,44.000000
2014,19013013057,TREASURER OF STATE,,WRITE IN,,1.000000
2014,19013013057,U S SENATE,,BOB QUAST,BOB QUAST FOR TERM LIMITS,1.000000
2014,19013013057,U S SENATE,,BRUCE BRALEY,DEMOCRATIC PARTY,555.000000
2014,19013013057,U S SENATE,,DOUGLAS BUTZIER,LIBERTARIAN PARTY,0.000000
2014,19013013057,U S SENATE,,JONI ERNST,REPUBLICAN PARTY,47.000000
2014,19013013057,U S SENATE,,RICK STEWART,INDEPENDENT,5.000000
2014,19013013057,U S SENATE,,RUTH SMITH,,2.000000
2014,19013013057,U S SENATE,,WRITE IN,,0.000000
2014,19013013058,ATTORNEY GENERAL,,ADAM GREGG,REPUBLICAN PARTY,41.000000
2014,19013013058,ATTORNEY GENERAL,,TOM MILLER,DEMOCRATIC PARTY,338.000000
2014,19013013058,ATTORNEY GENERAL,,WRITE IN,,1.000000
2014,19013013058,AUDITOR OF STATE,,JONATHAN NEIDERBACH,DEMOCRATIC PARTY,317.000000
2014,19013013058,AUDITOR OF STATE,,MARY MOSIMAN,REPUBLICAN PARTY,58.000000
2014,19013013058,AUDITOR OF STATE,,WRITE IN,,0.000000
2014,19013013058,GOVERNOR,,JACK HATCH MONICA VERNON,DEMOCRATIC PARTY,306.000000
2014,19013013058,GOVERNOR,,JIM HENNAGER MARY MARGARET KRIEG,NEW INDEPENDENT PARTY IOWA,4.000000
2014,19013013058,GOVERNOR,,JONATHAN R NARCISSE MICHAEL L RICHARDS,IOWA PARTY,4.000000
2014,19013013058,GOVERNOR,,LEE DEAKINS HIEB TIM WATSON,LIBERTARIAN PARTY,7.000000
2014,19013013058,GOVERNOR,,TERRY E BRANSTAD KIM REYNOLDS,REPUBLICAN PARTY,67.000000
2014,19013013058,GOVERNOR,,WRITE IN,,0.000000
2014,19013013058,SECRETARY OF AGRICULTURE,,BILL NORTHEY,REPUBLICAN PARTY,74.000000
2014,19013013058,SECRETARY OF AGRICULTURE,,LEVI BENNING,NEW INDEPENDENT PARTY IOWA,9.000000
2014,19013013058,SECRETARY OF AGRICULTURE,,SHERRIE TAHA,DEMOCRATIC PARTY,295.000000
2014,19013013058,SECRETARY OF AGRICULTURE,,WRITE IN,,0.000000
2014,19013013058,SECRETARY OF STATE,,BRAD ANDERSON,DEMOCRATIC PARTY,317.000000
2014,19013013058,SECRETARY OF STATE,,JAKE PORTER,LIBERTARIAN PARTY,12.000000
2014,19013013058,SECRETARY OF STATE,,PAUL D PATE,REPUBLICAN PARTY,47.000000
2014,19013013058,SECRETARY OF STATE,,SPENCER HIGHLAND,NEW INDEPENDENT PARTY IOWA,4.000000
2014,19013013058,SECRETARY OF STATE,,WRITE IN,,0.000000
2014,19013013058,TREASURER OF STATE,,KEITH A LAUBE,LIBERTARIAN PARTY,12.000000
2014,19013013058,TREASURER OF STATE,,MICHAEL L FITZGERALD,DEMOCRATIC PARTY,326.000000
2014,19013013058,TREASURER OF STATE,,SAM CLOVIS,REPUBLICAN PARTY,39.000000
2014,19013013058,TREASURER OF STATE,,WRITE IN,,1.000000
2014,19013013058,U S SENATE,,BOB QUAST,BOB QUAST FOR TERM LIMITS,0.000000
2014,19013013058,U S SENATE,,BRUCE BRALEY,DEMOCRATIC PARTY,323.000000
2014,19013013058,U S SENATE,,DOUGLAS BUTZIER,LIBERTARIAN PARTY,2.000000
2014,19013013058,U S SENATE,,JONI ERNST,REPUBLICAN PARTY,51.000000
2014,19013013058,U S SENATE,,RICK STEWART,INDEPENDENT,9.000000
2014,19013013058,U S SENATE,,RUTH SMITH,,2.000000
2014,19013013058,U S SENATE,,WRITE IN,,0.000000
2014,19013013059,ATTORNEY GENERAL,,ADAM GREGG,REPUBLICAN PARTY,43.000000
2014,19013013059,ATTORNEY GENERAL,,TOM MILLER,DEMOCRATIC PARTY,242.000000
2014,19013013059,ATTORNEY GENERAL,,WRITE IN,,0.000000
2014,19013013059,AUDITOR OF STATE,,JONATHAN NEIDERBACH,DEMOCRATIC PARTY,222.000000
2014,19013013059,AUDITOR OF STATE,,MARY MOSIMAN,REPUBLICAN PARTY,50.000000
2014,19013013059,AUDITOR OF STATE,,WRITE IN,,0.000000
2014,19013013059,GOVERNOR,,JACK HATCH MONICA VERNON,DEMOCRATIC PARTY,214.000000
2014,19013013059,GOVERNOR,,JIM HENNAGER MARY MARGARET KRIEG,NEW INDEPENDENT PARTY IOWA,4.000000
2014,19013013059,GOVERNOR,,JONATHAN R NARCISSE MICHAEL L RICHARDS,IOWA PARTY,4.000000
2014,19013013059,GOVERNOR,,LEE DEAKINS HIEB TIM WATSON,LIBERTARIAN PARTY,4.000000
2014,19013013059,GOVERNOR,,TERRY E BRANSTAD KIM REYNOLDS,REPUBLICAN PARTY,62.000000
2014,19013013059,GOVERNOR,,WRITE IN,,0.000000
2014,19013013059,SECRETARY OF AGRICULTURE,,BILL NORTHEY,REPUBLICAN PARTY,60.000000
2014,19013013059,SECRETARY OF AGRICULTURE,,LEVI BENNING,NEW INDEPENDENT PARTY IOWA,11.000000
2014,19013013059,SECRETARY OF AGRICULTURE,,SHERRIE TAHA,DEMOCRATIC PARTY,210.000000
2014,19013013059,SECRETARY OF AGRICULTURE,,WRITE IN,,0.000000
2014,19013013059,SECRETARY OF STATE,,BRAD ANDERSON,DEMOCRATIC PARTY,227.000000
2014,19013013059,SECRETARY OF STATE,,JAKE PORTER,LIBERTARIAN PARTY,8.000000
2014,19013013059,SECRETARY OF STATE,,PAUL D PATE,REPUBLICAN PARTY,43.000000
2014,19013013059,SECRETARY OF STATE,,SPENCER HIGHLAND,NEW INDEPENDENT PARTY IOWA,6.000000
2014,19013013059,SECRETARY OF STATE,,WRITE IN,,0.000000
2014,19013013059,TREASURER OF STATE,,KEITH A LAUBE,LIBERTARIAN PARTY,12.000000
2014,19013013059,TREASURER OF STATE,,MICHAEL L FITZGERALD,DEMOCRATIC PARTY,236.000000
2014,19013013059,TREASURER OF STATE,,SAM CLOVIS,REPUBLICAN PARTY,41.000000
2014,19013013059,TREASURER OF STATE,,WRITE IN,,0.000000
2014,19013013059,U S SENATE,,BOB QUAST,BOB QUAST FOR TERM LIMITS,1.000000
2014,19013013059,U S SENATE,,BRUCE BRALEY,DEMOCRATIC PARTY,240.000000
2014,19013013059,U S SENATE,,DOUGLAS BUTZIER,LIBERTARIAN PARTY,3.000000
2014,19013013059,U S SENATE,,JONI ERNST,REPUBLICAN PARTY,44.000000
2014,19013013059,U S SENATE,,RICK STEWART,INDEPENDENT,1.000000
2014,19013013059,U S SENATE,,RUTH SMITH,,4.000000
2014,19013013059,U S SENATE,,WRITE IN,,0.000000
2014,19013013060,ATTORNEY GENERAL,,ADAM GREGG,REPUBLICAN PARTY,98.000000
2014,19013013060,ATTORNEY GENERAL,,TOM MILLER,DEMOCRATIC PARTY,447.000000
2014,19013013060,ATTORNEY GENERAL,,WRITE IN,,0.000000
2014,19013013060,AUDITOR OF STATE,,JONATHAN NEIDERBACH,DEMOCRATIC PARTY,403.000000
2014,19013013060,AUDITOR OF STATE,,MARY MOSIMAN,REPUBLICAN PARTY,131.000000
2014,19013013060,AUDITOR OF STATE,,WRITE IN,,1.000000
2014,19013013060,GOVERNOR,,JACK HATCH MONICA VERNON,DEMOCRATIC PARTY,381.000000
2014,19013013060,GOVERNOR,,JIM HENNAGER MARY MARGARET KRIEG,NEW INDEPENDENT PARTY IOWA,10.000000
2014,19013013060,GOVERNOR,,JONATHAN R NARCISSE MICHAEL L RICHARDS,IOWA PARTY,5.000000
2014,19013013060,GOVERNOR,,LEE DEAKINS HIEB TIM WATSON,LIBERTARIAN PARTY,5.000000
2014,19013013060,GOVERNOR,,TERRY E BRANSTAD KIM REYNOLDS,REPUBLICAN PARTY,151.000000
2014,19013013060,GOVERNOR,,WRITE IN,,0.000000
2014,19013013060,SECRETARY OF AGRICULTURE,,BILL NORTHEY,REPUBLICAN PARTY,175.000000
2014,19013013060,SECRETARY OF AGRICULTURE,,LEVI BENNING,NEW INDEPENDENT PARTY IOWA,20.000000
2014,19013013060,SECRETARY OF AGRICULTURE,,SHERRIE TAHA,DEMOCRATIC PARTY,348.000000
2014,19013013060,SECRETARY OF AGRICULTURE,,WRITE IN,,0.000000
2014,19013013060,SECRETARY OF STATE,,BRAD ANDERSON,DEMOCRATIC PARTY,402.000000
2014,19013013060,SECRETARY OF STATE,,JAKE PORTER,LIBERTARIAN PARTY,18.000000
2014,19013013060,SECRETARY OF STATE,,PAUL D PATE,REPUBLICAN PARTY,108.000000
2014,19013013060,SECRETARY OF STATE,,SPENCER HIGHLAND,NEW INDEPENDENT PARTY IOWA,14.000000
2014,19013013060,SECRETARY OF STATE,,WRITE IN,,1.000000
2014,19013013060,TREASURER OF STATE,,KEITH A LAUBE,LIBERTARIAN PARTY,20.000000
2014,19013013060,TREASURER OF STATE,,MICHAEL L FITZGERALD,DEMOCRATIC PARTY,425.000000
2014,19013013060,TREASURER OF STATE,,SAM CLOVIS,REPUBLICAN PARTY,98.000000
2014,19013013060,TREASURER OF STATE,,WRITE IN,,0.000000
2014,19013013060,U S SENATE,,BOB QUAST,BOB QUAST FOR TERM LIMITS,6.000000
2014,19013013060,U S SENATE,,BRUCE BRALEY,DEMOCRATIC PARTY,402.000000
2014,19013013060,U S SENATE,,DOUGLAS BUTZIER,LIBERTARIAN PARTY,6.000000
2014,19013013060,U S SENATE,,JONI ERNST,REPUBLICAN PARTY,119.000000
2014,19013013060,U S SENATE,,RICK STEWART,INDEPENDENT,16.000000
2014,19013013060,U S SENATE,,RUTH SMITH,,4.000000
2014,19013013060,U S SENATE,,WRITE IN,,0.000000
2014,19013013061,ATTORNEY GENERAL,,ADAM GREGG,REPUBLICAN PARTY,74.000000
2014,19013013061,ATTORNEY GENERAL,,TOM MILLER,DEMOCRATIC PARTY,633.000000
2014,19013013061,ATTORNEY GENERAL,,WRITE IN,,0.000000
2014,19013013061,AUDITOR OF STATE,,JONATHAN NEIDERBACH,DEMOCRATIC PARTY,584.000000
2014,19013013061,AUDITOR OF STATE,,MARY MOSIMAN,REPUBLICAN PARTY,104.000000
2014,19013013061,AUDITOR OF STATE,,WRITE IN,,0.000000
2014,19013013061,GOVERNOR,,JACK HATCH MONICA VERNON,DEMOCRATIC PARTY,570.000000
2014,19013013061,GOVERNOR,,JIM HENNAGER MARY MARGARET KRIEG,NEW INDEPENDENT PARTY IOWA,2.000000
2014,19013013061,GOVERNOR,,JONATHAN R NARCISSE MICHAEL L RICHARDS,IOWA PARTY,7.000000
2014,19013013061,GOVERNOR,,LEE DEAKINS HIEB TIM WATSON,LIBERTARIAN PARTY,4.000000
2014,19013013061,GOVERNOR,,TERRY E BRANSTAD KIM REYNOLDS,REPUBLICAN PARTY,131.000000
2014,19013013061,GOVERNOR,,WRITE IN,,0.000000
2014,19013013061,SECRETARY OF AGRICULTURE,,BILL NORTHEY,REPUBLICAN PARTY,137.000000
2014,19013013061,SECRETARY OF AGRICULTURE,,LEVI BENNING,NEW INDEPENDENT PARTY IOWA,12.000000
2014,19013013061,SECRETARY OF AGRICULTURE,,SHERRIE TAHA,DEMOCRATIC PARTY,556.000000
2014,19013013061,SECRETARY OF AGRICULTURE,,WRITE IN,,0.000000
2014,19013013061,SECRETARY OF STATE,,BRAD ANDERSON,DEMOCRATIC PARTY,600.000000
2014,19013013061,SECRETARY OF STATE,,JAKE PORTER,LIBERTARIAN PARTY,11.000000
2014,19013013061,SECRETARY OF STATE,,PAUL D PATE,REPUBLICAN PARTY,89.000000
2014,19013013061,SECRETARY OF STATE,,SPENCER HIGHLAND,NEW INDEPENDENT PARTY IOWA,4.000000
2014,19013013061,SECRETARY OF STATE,,WRITE IN,,0.000000
2014,19013013061,TREASURER OF STATE,,KEITH A LAUBE,LIBERTARIAN PARTY,12.000000
2014,19013013061,TREASURER OF STATE,,MICHAEL L FITZGERALD,DEMOCRATIC PARTY,614.000000
2014,19013013061,TREASURER OF STATE,,SAM CLOVIS,REPUBLICAN PARTY,81.000000
2014,19013013061,TREASURER OF STATE,,WRITE IN,,0.000000
2014,19013013061,U S SENATE,,BOB QUAST,BOB QUAST FOR TERM LIMITS,0.000000
2014,19013013061,U S SENATE,,BRUCE BRALEY,DEMOCRATIC PARTY,606.000000
2014,19013013061,U S SENATE,,DOUGLAS BUTZIER,LIBERTARIAN PARTY,1.000000
2014,19013013061,U S SENATE,,JONI ERNST,REPUBLICAN PARTY,101.000000
2014,19013013061,U S SENATE,,RICK STEWART,INDEPENDENT,5.000000
2014,19013013061,U S SENATE,,RUTH SMITH,,4.000000
2014,19013013061,U S SENATE,,WRITE IN,,1.000000
2014,19013013062,ATTORNEY GENERAL,,ADAM GREGG,REPUBLICAN PARTY,97.000000
2014,19013013062,ATTORNEY GENERAL,,TOM MILLER,DEMOCRATIC PARTY,283.000000
2014,19013013062,ATTORNEY GENERAL,,WRITE IN,,0.000000
2014,19013013062,AUDITOR OF STATE,,JONATHAN NEIDERBACH,DEMOCRATIC PARTY,239.000000
2014,19013013062,AUDITOR OF STATE,,MARY MOSIMAN,REPUBLICAN PARTY,126.000000
2014,19013013062,AUDITOR OF STATE,,WRITE IN,,0.000000
2014,19013013062,GOVERNOR,,JACK HATCH MONICA VERNON,DEMOCRATIC PARTY,230.000000
2014,19013013062,GOVERNOR,,JIM HENNAGER MARY MARGARET KRIEG,NEW INDEPENDENT PARTY IOWA,7.000000
2014,19013013062,GOVERNOR,,JONATHAN R NARCISSE MICHAEL L RICHARDS,IOWA PARTY,6.000000
2014,19013013062,GOVERNOR,,LEE DEAKINS HIEB TIM WATSON,LIBERTARIAN PARTY,1.000000
2014,19013013062,GOVERNOR,,TERRY E BRANSTAD KIM REYNOLDS,REPUBLICAN PARTY,140.000000
2014,19013013062,GOVERNOR,,WRITE IN,,2.000000
2014,19013013062,SECRETARY OF AGRICULTURE,,BILL NORTHEY,REPUBLICAN PARTY,156.000000
2014,19013013062,SECRETARY OF AGRICULTURE,,LEVI BENNING,NEW INDEPENDENT PARTY IOWA,18.000000
2014,19013013062,SECRETARY OF AGRICULTURE,,SHERRIE TAHA,DEMOCRATIC PARTY,203.000000
2014,19013013062,SECRETARY OF AGRICULTURE,,WRITE IN,,0.000000
2014,19013013062,SECRETARY OF STATE,,BRAD ANDERSON,DEMOCRATIC PARTY,254.000000
2014,19013013062,SECRETARY OF STATE,,JAKE PORTER,LIBERTARIAN PARTY,13.000000
2014,19013013062,SECRETARY OF STATE,,PAUL D PATE,REPUBLICAN PARTY,101.000000
2014,19013013062,SECRETARY OF STATE,,SPENCER HIGHLAND,NEW INDEPENDENT PARTY IOWA,9.000000
2014,19013013062,SECRETARY OF STATE,,WRITE IN,,0.000000
2014,19013013062,TREASURER OF STATE,,KEITH A LAUBE,LIBERTARIAN PARTY,14.000000
2014,19013013062,TREASURER OF STATE,,MICHAEL L FITZGERALD,DEMOCRATIC PARTY,268.000000
2014,19013013062,TREASURER OF STATE,,SAM CLOVIS,REPUBLICAN PARTY,96.000000
2014,19013013062,TREASURER OF STATE,,WRITE IN,,1.000000
2014,19013013062,U S SENATE,,BOB QUAST,BOB QUAST FOR TERM LIMITS,3.000000
2014,19013013062,U S SENATE,,BRUCE BRALEY,DEMOCRATIC PARTY,249.000000
2014,19013013062,U S SENATE,,DOUGLAS BUTZIER,LIBERTARIAN PARTY,3.000000
2014,19013013062,U S SENATE,,JONI ERNST,REPUBLICAN PARTY,120.000000
2014,19013013062,U S SENATE,,RICK STEWART,INDEPENDENT,8.000000
2014,19013013062,U S SENATE,,RUTH SMITH,,3.000000
2014,19013013062,U S SENATE,,WRITE IN,,0.000000
2014,19013013063,ATTORNEY GENERAL,,ADAM GREGG,REPUBLICAN PARTY,64.000000
2014,19013013063,ATTORNEY GENERAL,,TOM MILLER,DEMOCRATIC PARTY,232.000000
2014,19013013063,ATTORNEY GENERAL,,WRITE IN,,0.000000
2014,19013013063,AUDITOR OF STATE,,JONATHAN NEIDERBACH,DEMOCRATIC PARTY,207.000000
2014,19013013063,AUDITOR OF STATE,,MARY MOSIMAN,REPUBLICAN PARTY,80.000000
2014,19013013063,AUDITOR OF STATE,,WRITE IN,,1.000000
2014,19013013063,GOVERNOR,,JACK HATCH MONICA VERNON,DEMOCRATIC PARTY,198.000000
2014,19013013063,GOVERNOR,,JIM HENNAGER MARY MARGARET KRIEG,NEW INDEPENDENT PARTY IOWA,4.000000
2014,19013013063,GOVERNOR,,JONATHAN R NARCISSE MICHAEL L RICHARDS,IOWA PARTY,0.000000
2014,19013013063,GOVERNOR,,LEE DEAKINS HIEB TIM WATSON,LIBERTARIAN PARTY,4.000000
2014,19013013063,GOVERNOR,,TERRY E BRANSTAD KIM REYNOLDS,REPUBLICAN PARTY,93.000000
2014,19013013063,GOVERNOR,,WRITE IN,,0.000000
2014,19013013063,SECRETARY OF AGRICULTURE,,BILL NORTHEY,REPUBLICAN PARTY,97.000000
2014,19013013063,SECRETARY OF AGRICULTURE,,LEVI BENNING,NEW INDEPENDENT PARTY IOWA,10.000000
2014,19013013063,SECRETARY OF AGRICULTURE,,SHERRIE TAHA,DEMOCRATIC PARTY,183.000000
2014,19013013063,SECRETARY OF AGRICULTURE,,WRITE IN,,0.000000
2014,19013013063,SECRETARY OF STATE,,BRAD ANDERSON,DEMOCRATIC PARTY,208.000000
2014,19013013063,SECRETARY OF STATE,,JAKE PORTER,LIBERTARIAN PARTY,9.000000
2014,19013013063,SECRETARY OF STATE,,PAUL D PATE,REPUBLICAN PARTY,76.000000
2014,19013013063,SECRETARY OF STATE,,SPENCER HIGHLAND,NEW INDEPENDENT PARTY IOWA,3.000000
2014,19013013063,SECRETARY OF STATE,,WRITE IN,,0.000000
2014,19013013063,TREASURER OF STATE,,KEITH A LAUBE,LIBERTARIAN PARTY,9.000000
2014,19013013063,TREASURER OF STATE,,MICHAEL L FITZGERALD,DEMOCRATIC PARTY,216.000000
2014,19013013063,TREASURER OF STATE,,SAM CLOVIS,REPUBLICAN PARTY,69.000000
2014,19013013063,TREASURER OF STATE,,WRITE IN,,0.000000
2014,19013013063,U S SENATE,,BOB QUAST,BOB QUAST FOR TERM LIMITS,0.000000
2014,19013013063,U S SENATE,,BRUCE BRALEY,DEMOCRATIC PARTY,207.000000
2014,19013013063,U S SENATE,,DOUGLAS BUTZIER,LIBERTARIAN PARTY,0.000000
2014,19013013063,U S SENATE,,JONI ERNST,REPUBLICAN PARTY,89.000000
2014,19013013063,U S SENATE,,RICK STEWART,INDEPENDENT,4.000000
2014,19013013063,U S SENATE,,RUTH SMITH,,1.000000
2014,19013013063,U S SENATE,,WRITE IN,,0.000000
2014,19013013064,ATTORNEY GENERAL,,ADAM GREGG,REPUBLICAN PARTY,225.000000
2014,19013013064,ATTORNEY GENERAL,,TOM MILLER,DEMOCRATIC PARTY,490.000000
2014,19013013064,ATTORNEY GENERAL,,WRITE IN,,1.000000
2014,19013013064,AUDITOR OF STATE,,JONATHAN NEIDERBACH,DEMOCRATIC PARTY,409.000000
2014,19013013064,AUDITOR OF STATE,,MARY MOSIMAN,REPUBLICAN PARTY,279.000000
2014,19013013064,AUDITOR OF STATE,,WRITE IN,,0.000000
2014,19013013064,GOVERNOR,,JACK HATCH MONICA VERNON,DEMOCRATIC PARTY,380.000000
2014,19013013064,GOVERNOR,,JIM HENNAGER MARY MARGARET KRIEG,NEW INDEPENDENT PARTY IOWA,11.000000
2014,19013013064,GOVERNOR,,JONATHAN R NARCISSE MICHAEL L RICHARDS,IOWA PARTY,9.000000
2014,19013013064,GOVERNOR,,LEE DEAKINS HIEB TIM WATSON,LIBERTARIAN PARTY,10.000000
2014,19013013064,GOVERNOR,,TERRY E BRANSTAD KIM REYNOLDS,REPUBLICAN PARTY,327.000000
2014,19013013064,GOVERNOR,,WRITE IN,,1.000000
2014,19013013064,SECRETARY OF AGRICULTURE,,BILL NORTHEY,REPUBLICAN PARTY,370.000000
2014,19013013064,SECRETARY OF AGRICULTURE,,LEVI BENNING,NEW INDEPENDENT PARTY IOWA,22.000000
2014,19013013064,SECRETARY OF AGRICULTURE,,SHERRIE TAHA,DEMOCRATIC PARTY,318.000000
2014,19013013064,SECRETARY OF AGRICULTURE,,WRITE IN,,1.000000
2014,19013013064,SECRETARY OF STATE,,BRAD ANDERSON,DEMOCRATIC PARTY,417.000000
2014,19013013064,SECRETARY OF STATE,,JAKE PORTER,LIBERTARIAN PARTY,26.000000
2014,19013013064,SECRETARY OF STATE,,PAUL D PATE,REPUBLICAN PARTY,265.000000
2014,19013013064,SECRETARY OF STATE,,SPENCER HIGHLAND,NEW INDEPENDENT PARTY IOWA,11.000000
2014,19013013064,SECRETARY OF STATE,,WRITE IN,,0.000000
2014,19013013064,TREASURER OF STATE,,KEITH A LAUBE,LIBERTARIAN PARTY,30.000000
2014,19013013064,TREASURER OF STATE,,MICHAEL L FITZGERALD,DEMOCRATIC PARTY,451.000000
2014,19013013064,TREASURER OF STATE,,SAM CLOVIS,REPUBLICAN PARTY,230.000000
2014,19013013064,TREASURER OF STATE,,WRITE IN,,0.000000
2014,19013013064,U S SENATE,,BOB QUAST,BOB QUAST FOR TERM LIMITS,5.000000
2014,19013013064,U S SENATE,,BRUCE BRALEY,DEMOCRATIC PARTY,429.000000
2014,19013013064,U S SENATE,,DOUGLAS BUTZIER,LIBERTARIAN PARTY,4.000000
2014,19013013064,U S SENATE,,JONI ERNST,REPUBLICAN PARTY,282.000000
2014,19013013064,U S SENATE,,RICK STEWART,INDEPENDENT,16.000000
2014,19013013064,U S SENATE,,RUTH SMITH,,5.000000
2014,19013013064,U S SENATE,,WRITE IN,,0.000000
2014,19013013065,ATTORNEY GENERAL,,ADAM GREGG,REPUBLICAN PARTY,184.000000
2014,19013013065,ATTORNEY GENERAL,,TOM MILLER,DEMOCRATIC PARTY,432.000000
2014,19013013065,ATTORNEY GENERAL,,WRITE IN,,1.000000
2014,19013013065,AUDITOR OF STATE,,JONATHAN NEIDERBACH,DEMOCRATIC PARTY,371.000000
2014,19013013065,AUDITOR OF STATE,,MARY MOSIMAN,REPUBLICAN PARTY,225.000000
2014,19013013065,AUDITOR OF STATE,,WRITE IN,,3.000000
2014,19013013065,GOVERNOR,,JACK HATCH MONICA VERNON,DEMOCRATIC PARTY,336.000000
2014,19013013065,GOVERNOR,,JIM HENNAGER MARY MARGARET KRIEG,NEW INDEPENDENT PARTY IOWA,6.000000
2014,19013013065,GOVERNOR,,JONATHAN R NARCISSE MICHAEL L RICHARDS,IOWA PARTY,7.000000
2014,19013013065,GOVERNOR,,LEE DEAKINS HIEB TIM WATSON,LIBERTARIAN PARTY,14.000000
2014,19013013065,GOVERNOR,,TERRY E BRANSTAD KIM REYNOLDS,REPUBLICAN PARTY,265.000000
2014,19013013065,GOVERNOR,,WRITE IN,,0.000000
2014,19013013065,SECRETARY OF AGRICULTURE,,BILL NORTHEY,REPUBLICAN PARTY,278.000000
2014,19013013065,SECRETARY OF AGRICULTURE,,LEVI BENNING,NEW INDEPENDENT PARTY IOWA,23.000000
2014,19013013065,SECRETARY OF AGRICULTURE,,SHERRIE TAHA,DEMOCRATIC PARTY,311.000000
2014,19013013065,SECRETARY OF AGRICULTURE,,WRITE IN,,0.000000
2014,19013013065,SECRETARY OF STATE,,BRAD ANDERSON,DEMOCRATIC PARTY,382.000000
2014,19013013065,SECRETARY OF STATE,,JAKE PORTER,LIBERTARIAN PARTY,26.000000
2014,19013013065,SECRETARY OF STATE,,PAUL D PATE,REPUBLICAN PARTY,194.000000
2014,19013013065,SECRETARY OF STATE,,SPENCER HIGHLAND,NEW INDEPENDENT PARTY IOWA,9.000000
2014,19013013065,SECRETARY OF STATE,,WRITE IN,,1.000000
2014,19013013065,TREASURER OF STATE,,KEITH A LAUBE,LIBERTARIAN PARTY,31.000000
2014,19013013065,TREASURER OF STATE,,MICHAEL L FITZGERALD,DEMOCRATIC PARTY,401.000000
2014,19013013065,TREASURER OF STATE,,SAM CLOVIS,REPUBLICAN PARTY,181.000000
2014,19013013065,TREASURER OF STATE,,WRITE IN,,0.000000
2014,19013013065,U S SENATE,,BOB QUAST,BOB QUAST FOR TERM LIMITS,3.000000
2014,19013013065,U S SENATE,,BRUCE BRALEY,DEMOCRATIC PARTY,390.000000
2014,19013013065,U S SENATE,,DOUGLAS BUTZIER,LIBERTARIAN PARTY,2.000000
2014,19013013065,U S SENATE,,JONI ERNST,REPUBLICAN PARTY,217.000000
2014,19013013065,U S SENATE,,RICK STEWART,INDEPENDENT,13.000000
2014,19013013065,U S SENATE,,RUTH SMITH,,1.000000
2014,19013013065,U S SENATE,,WRITE IN,,2.000000
2014,19013013066,ATTORNEY GENERAL,,ADAM GREGG,REPUBLICAN PARTY,341.000000
2014,19013013066,ATTORNEY GENERAL,,TOM MILLER,DEMOCRATIC PARTY,561.000000
2014,19013013066,ATTORNEY GENERAL,,WRITE IN,,1.000000
2014,19013013066,AUDITOR OF STATE,,JONATHAN NEIDERBACH,DEMOCRATIC PARTY,441.000000
2014,19013013066,AUDITOR OF STATE,,MARY MOSIMAN,REPUBLICAN PARTY,429.000000
2014,19013013066,AUDITOR OF STATE,,WRITE IN,,1.000000
2014,19013013066,GOVERNOR,,JACK HATCH MONICA VERNON,DEMOCRATIC PARTY,430.000000
2014,19013013066,GOVERNOR,,JIM HENNAGER MARY MARGARET KRIEG,NEW INDEPENDENT PARTY IOWA,11.000000
2014,19013013066,GOVERNOR,,JONATHAN R NARCISSE MICHAEL L RICHARDS,IOWA PARTY,7.000000
2014,19013013066,GOVERNOR,,LEE DEAKINS HIEB TIM WATSON,LIBERTARIAN PARTY,16.000000
2014,19013013066,GOVERNOR,,TERRY E BRANSTAD KIM REYNOLDS,REPUBLICAN PARTY,469.000000
2014,19013013066,GOVERNOR,,WRITE IN,,1.000000
2014,19013013066,SECRETARY OF AGRICULTURE,,BILL NORTHEY,REPUBLICAN PARTY,529.000000
2014,19013013066,SECRETARY OF AGRICULTURE,,LEVI BENNING,NEW INDEPENDENT PARTY IOWA,20.000000
2014,19013013066,SECRETARY OF AGRICULTURE,,SHERRIE TAHA,DEMOCRATIC PARTY,335.000000
2014,19013013066,SECRETARY OF AGRICULTURE,,WRITE IN,,0.000000
2014,19013013066,SECRETARY OF STATE,,BRAD ANDERSON,DEMOCRATIC PARTY,473.000000
2014,19013013066,SECRETARY OF STATE,,JAKE PORTER,LIBERTARIAN PARTY,32.000000
2014,19013013066,SECRETARY OF STATE,,PAUL D PATE,REPUBLICAN PARTY,382.000000
2014,19013013066,SECRETARY OF STATE,,SPENCER HIGHLAND,NEW INDEPENDENT PARTY IOWA,8.000000
2014,19013013066,SECRETARY OF STATE,,WRITE IN,,1.000000
2014,19013013066,TREASURER OF STATE,,KEITH A LAUBE,LIBERTARIAN PARTY,35.000000
2014,19013013066,TREASURER OF STATE,,MICHAEL L FITZGERALD,DEMOCRATIC PARTY,508.000000
2014,19013013066,TREASURER OF STATE,,SAM CLOVIS,REPUBLICAN PARTY,357.000000
2014,19013013066,TREASURER OF STATE,,WRITE IN,,0.000000
2014,19013013066,U S SENATE,,BOB QUAST,BOB QUAST FOR TERM LIMITS,2.000000
2014,19013013066,U S SENATE,,BRUCE BRALEY,DEMOCRATIC PARTY,480.000000
2014,19013013066,U S SENATE,,DOUGLAS BUTZIER,LIBERTARIAN PARTY,9.000000
2014,19013013066,U S SENATE,,JONI ERNST,REPUBLICAN PARTY,432.000000
2014,19013013066,U S SENATE,,RICK STEWART,INDEPENDENT,16.000000
2014,19013013066,U S SENATE,,RUTH SMITH,,0.000000
2014,19013013066,U S SENATE,,WRITE IN,,0.000000
2014,19013013067,ATTORNEY GENERAL,,ADAM GREGG,REPUBLICAN PARTY,436.000000
2014,19013013067,ATTORNEY GENERAL,,TOM MILLER,DEMOCRATIC PARTY,654.000000
2014,19013013067,ATTORNEY GENERAL,,WRITE IN,,3.000000
2014,19013013067,AUDITOR OF STATE,,JONATHAN NEIDERBACH,DEMOCRATIC PARTY,475.000000
2014,19013013067,AUDITOR OF STATE,,MARY MOSIMAN,REPUBLICAN PARTY,571.000000
2014,19013013067,AUDITOR OF STATE,,WRITE IN,,2.000000
2014,19013013067,GOVERNOR,,JACK HATCH MONICA VERNON,DEMOCRATIC PARTY,460.000000
2014,19013013067,GOVERNOR,,JIM HENNAGER MARY MARGARET KRIEG,NEW INDEPENDENT PARTY IOWA,1.000000
2014,19013013067,GOVERNOR,,JONATHAN R NARCISSE MICHAEL L RICHARDS,IOWA PARTY,5.000000
2014,19013013067,GOVERNOR,,LEE DEAKINS HIEB TIM WATSON,LIBERTARIAN PARTY,16.000000
2014,19013013067,GOVERNOR,,TERRY E BRANSTAD KIM REYNOLDS,REPUBLICAN PARTY,642.000000
2014,19013013067,GOVERNOR,,WRITE IN,,3.000000
2014,19013013067,SECRETARY OF AGRICULTURE,,BILL NORTHEY,REPUBLICAN PARTY,649.000000
2014,19013013067,SECRETARY OF AGRICULTURE,,LEVI BENNING,NEW INDEPENDENT PARTY IOWA,20.000000
2014,19013013067,SECRETARY OF AGRICULTURE,,SHERRIE TAHA,DEMOCRATIC PARTY,395.000000
2014,19013013067,SECRETARY OF AGRICULTURE,,WRITE IN,,2.000000
2014,19013013067,SECRETARY OF STATE,,BRAD ANDERSON,DEMOCRATIC PARTY,531.000000
2014,19013013067,SECRETARY OF STATE,,JAKE PORTER,LIBERTARIAN PARTY,33.000000
2014,19013013067,SECRETARY OF STATE,,PAUL D PATE,REPUBLICAN PARTY,508.000000
2014,19013013067,SECRETARY OF STATE,,SPENCER HIGHLAND,NEW INDEPENDENT PARTY IOWA,9.000000
2014,19013013067,SECRETARY OF STATE,,WRITE IN,,2.000000
2014,19013013067,TREASURER OF STATE,,KEITH A LAUBE,LIBERTARIAN PARTY,28.000000
2014,19013013067,TREASURER OF STATE,,MICHAEL L FITZGERALD,DEMOCRATIC PARTY,574.000000
2014,19013013067,TREASURER OF STATE,,SAM CLOVIS,REPUBLICAN PARTY,471.000000
2014,19013013067,TREASURER OF STATE,,WRITE IN,,1.000000
2014,19013013067,U S SENATE,,BOB QUAST,BOB QUAST FOR TERM LIMITS,2.000000
2014,19013013067,U S SENATE,,BRUCE BRALEY,DEMOCRATIC PARTY,555.000000
2014,19013013067,U S SENATE,,DOUGLAS BUTZIER,LIBERTARIAN PARTY,6.000000
2014,19013013067,U S SENATE,,JONI ERNST,REPUBLICAN PARTY,551.000000
2014,19013013067,U S SENATE,,RICK STEWART,INDEPENDENT,13.000000
2014,19013013067,U S SENATE,,RUTH SMITH,,1.000000
2014,19013013067,U S SENATE,,WRITE IN,,2.000000
2014,19013013068,ATTORNEY GENERAL,,ADAM GREGG,REPUBLICAN PARTY,300.000000
2014,19013013068,ATTORNEY GENERAL,,TOM MILLER,DEMOCRATIC PARTY,516.000000
2014,19013013068,ATTORNEY GENERAL,,WRITE IN,,0.000000
2014,19013013068,AUDITOR OF STATE,,JONATHAN NEIDERBACH,DEMOCRATIC PARTY,382.000000
2014,19013013068,AUDITOR OF STATE,,MARY MOSIMAN,REPUBLICAN PARTY,408.000000
2014,19013013068,AUDITOR OF STATE,,WRITE IN,,0.000000
2014,19013013068,GOVERNOR,,JACK HATCH MONICA VERNON,DEMOCRATIC PARTY,366.000000
2014,19013013068,GOVERNOR,,JIM HENNAGER MARY MARGARET KRIEG,NEW INDEPENDENT PARTY IOWA,3.000000
2014,19013013068,GOVERNOR,,JONATHAN R NARCISSE MICHAEL L RICHARDS,IOWA PARTY,6.000000
2014,19013013068,GOVERNOR,,LEE DEAKINS HIEB TIM WATSON,LIBERTARIAN PARTY,13.000000
2014,19013013068,GOVERNOR,,TERRY E BRANSTAD KIM REYNOLDS,REPUBLICAN PARTY,447.000000
2014,19013013068,GOVERNOR,,WRITE IN,,0.000000
2014,19013013068,SECRETARY OF AGRICULTURE,,BILL NORTHEY,REPUBLICAN PARTY,471.000000
2014,19013013068,SECRETARY OF AGRICULTURE,,LEVI BENNING,NEW INDEPENDENT PARTY IOWA,18.000000
2014,19013013068,SECRETARY OF AGRICULTURE,,SHERRIE TAHA,DEMOCRATIC PARTY,313.000000
2014,19013013068,SECRETARY OF AGRICULTURE,,WRITE IN,,0.000000
2014,19013013068,SECRETARY OF STATE,,BRAD ANDERSON,DEMOCRATIC PARTY,405.000000
2014,19013013068,SECRETARY OF STATE,,JAKE PORTER,LIBERTARIAN PARTY,30.000000
2014,19013013068,SECRETARY OF STATE,,PAUL D PATE,REPUBLICAN PARTY,370.000000
2014,19013013068,SECRETARY OF STATE,,SPENCER HIGHLAND,NEW INDEPENDENT PARTY IOWA,5.000000
2014,19013013068,SECRETARY OF STATE,,WRITE IN,,0.000000
2014,19013013068,TREASURER OF STATE,,KEITH A LAUBE,LIBERTARIAN PARTY,30.000000
2014,19013013068,TREASURER OF STATE,,MICHAEL L FITZGERALD,DEMOCRATIC PARTY,466.000000
2014,19013013068,TREASURER OF STATE,,SAM CLOVIS,REPUBLICAN PARTY,313.000000
2014,19013013068,TREASURER OF STATE,,WRITE IN,,0.000000
2014,19013013068,U S SENATE,,BOB QUAST,BOB QUAST FOR TERM LIMITS,2.000000
2014,19013013068,U S SENATE,,BRUCE BRALEY,DEMOCRATIC PARTY,426.000000
2014,19013013068,U S SENATE,,DOUGLAS BUTZIER,LIBERTARIAN PARTY,8.000000
2014,19013013068,U S SENATE,,JONI ERNST,REPUBLICAN PARTY,389.000000
2014,19013013068,U S SENATE,,RICK STEWART,INDEPENDENT,10.000000
2014,19013013068,U S SENATE,,RUTH SMITH,,0.000000
2014,19013013068,U S SENATE,,WRITE IN,,0.000000
2014,19015015013,ATTORNEY GENERAL,,ADAM GREGG,REPUBLICAN PARTY,300.000000
2014,19015015013,ATTORNEY GENERAL,,TOM MILLER,DEMOCRATIC PARTY,487.000000
2014,19015015013,ATTORNEY GENERAL,,WRITE IN,,0.000000
2014,19015015013,AUDITOR OF STATE,,JONATHAN NEIDERBACH,DEMOCRATIC PARTY,339.000000
2014,19015015013,AUDITOR OF STATE,,MARY MOSIMAN,REPUBLICAN PARTY,405.000000
2014,19015015013,AUDITOR OF STATE,,WRITE IN,,0.000000
2014,19015015013,GOVERNOR,,JACK HATCH MONICA VERNON,DEMOCRATIC PARTY,322.000000
2014,19015015013,GOVERNOR,,JIM HENNAGER MARY MARGARET KRIEG,NEW INDEPENDENT PARTY IOWA,5.000000
2014,19015015013,GOVERNOR,,JONATHAN R NARCISSE MICHAEL L RICHARDS,IOWA PARTY,7.000000
2014,19015015013,GOVERNOR,,LEE DEAKINS HIEB TIM WATSON,LIBERTARIAN PARTY,10.000000
2014,19015015013,GOVERNOR,,TERRY E BRANSTAD KIM REYNOLDS,REPUBLICAN PARTY,458.000000
2014,19015015013,GOVERNOR,,WRITE IN,,0.000000
2014,19015015013,SECRETARY OF AGRICULTURE,,BILL NORTHEY,REPUBLICAN PARTY,510.000000
2014,19015015013,SECRETARY OF AGRICULTURE,,LEVI BENNING,NEW INDEPENDENT PARTY IOWA,20.000000
2014,19015015013,SECRETARY OF AGRICULTURE,,SHERRIE TAHA,DEMOCRATIC PARTY,247.000000
2014,19015015013,SECRETARY OF AGRICULTURE,,WRITE IN,,0.000000
2014,19015015013,SECRETARY OF STATE,,BRAD ANDERSON,DEMOCRATIC PARTY,403.000000
2014,19015015013,SECRETARY OF STATE,,JAKE PORTER,LIBERTARIAN PARTY,18.000000
2014,19015015013,SECRETARY OF STATE,,PAUL D PATE,REPUBLICAN PARTY,342.000000
2014,19015015013,SECRETARY OF STATE,,SPENCER HIGHLAND,NEW INDEPENDENT PARTY IOWA,12.000000
2014,19015015013,SECRETARY OF STATE,,WRITE IN,,0.000000
2014,19015015013,TREASURER OF STATE,,KEITH A LAUBE,LIBERTARIAN PARTY,24.000000
2014,19015015013,TREASURER OF STATE,,MICHAEL L FITZGERALD,DEMOCRATIC PARTY,451.000000
2014,19015015013,TREASURER OF STATE,,SAM CLOVIS,REPUBLICAN PARTY,304.000000
2014,19015015013,TREASURER OF STATE,,WRITE IN,,0.000000
2014,19015015013,U S SENATE,,BOB QUAST,BOB QUAST FOR TERM LIMITS,2.000000
2014,19015015013,U S SENATE,,BRUCE BRALEY,DEMOCRATIC PARTY,341.000000
2014,19015015013,U S SENATE,,DOUGLAS BUTZIER,LIBERTARIAN PARTY,7.000000
2014,19015015013,U S SENATE,,JONI ERNST,REPUBLICAN PARTY,427.000000
2014,19015015013,U S SENATE,,RICK STEWART,INDEPENDENT,21.000000
2014,19015015013,U S SENATE,,RUTH SMITH,,2.000000
2014,19015015013,U S SENATE,,WRITE IN,,0.000000
2014,19019019003,ATTORNEY GENERAL,,ADAM GREGG,REPUBLICAN PARTY,162.000000
2014,19019019003,ATTORNEY GENERAL,,TOM MILLER,DEMOCRATIC PARTY,234.000000
2014,19019019003,ATTORNEY GENERAL,,WRITE IN,,0.000000
2014,19019019003,AUDITOR OF STATE,,JONATHAN NEIDERBACH,DEMOCRATIC PARTY,177.000000
2014,19019019003,AUDITOR OF STATE,,MARY MOSIMAN,REPUBLICAN PARTY,212.000000
2014,19019019003,AUDITOR OF STATE,,WRITE IN,,0.000000
2014,19019019003,GOVERNOR,,JACK HATCH MONICA VERNON,DEMOCRATIC PARTY,166.000000
2014,19019019003,GOVERNOR,,JIM HENNAGER MARY MARGARET KRIEG,NEW INDEPENDENT PARTY IOWA,3.000000
2014,19019019003,GOVERNOR,,JONATHAN R NARCISSE MICHAEL L RICHARDS,IOWA PARTY,6.000000
2014,19019019003,GOVERNOR,,LEE DEAKINS HIEB TIM WATSON,LIBERTARIAN PARTY,5.000000
2014,19019019003,GOVERNOR,,TERRY E BRANSTAD KIM REYNOLDS,REPUBLICAN PARTY,223.000000
2014,19019019003,GOVERNOR,,WRITE IN,,0.000000
2014,19019019003,SECRETARY OF AGRICULTURE,,BILL NORTHEY,REPUBLICAN PARTY,245.000000
2014,19019019003,SECRETARY OF AGRICULTURE,,LEVI BENNING,NEW INDEPENDENT PARTY IOWA,24.000000
2014,19019019003,SECRETARY OF AGRICULTURE,,SHERRIE TAHA,DEMOCRATIC PARTY,127.000000
2014,19019019003,SECRETARY OF AGRICULTURE,,WRITE IN,,0.000000
2014,19019019003,SECRETARY OF STATE,,BRAD ANDERSON,DEMOCRATIC PARTY,192.000000
2014,19019019003,SECRETARY OF STATE,,JAKE PORTER,LIBERTARIAN PARTY,17.000000
2014,19019019003,SECRETARY OF STATE,,PAUL D PATE,REPUBLICAN PARTY,175.000000
2014,19019019003,SECRETARY OF STATE,,SPENCER HIGHLAND,NEW INDEPENDENT PARTY IOWA,11.000000
2014,19019019003,SECRETARY OF STATE,,WRITE IN,,0.000000
2014,19019019003,TREASURER OF STATE,,KEITH A LAUBE,LIBERTARIAN PARTY,17.000000
2014,19019019003,TREASURER OF STATE,,MICHAEL L FITZGERALD,DEMOCRATIC PARTY,240.000000
2014,19019019003,TREASURER OF STATE,,SAM CLOVIS,REPUBLICAN PARTY,138.000000
2014,19019019003,TREASURER OF STATE,,WRITE IN,,0.000000
2014,19019019003,U S SENATE,,BOB QUAST,BOB QUAST FOR TERM LIMITS,4.000000
2014,19019019003,U S SENATE,,BRUCE BRALEY,DEMOCRATIC PARTY,186.000000
2014,19019019003,U S SENATE,,DOUGLAS BUTZIER,LIBERTARIAN PARTY,2.000000
2014,19019019003,U S SENATE,,JONI ERNST,REPUBLICAN PARTY,191.000000
2014,19019019003,U S SENATE,,RICK STEWART,INDEPENDENT,15.000000
2014,19019019003,U S SENATE,,RUTH SMITH,,2.000000
2014,19019019003,U S SENATE,,WRITE IN,,0.000000
2014,19019019007,ATTORNEY GENERAL,,ADAM GREGG,REPUBLICAN PARTY,169.000000
2014,19019019007,ATTORNEY GENERAL,,TOM MILLER,DEMOCRATIC PARTY,262.000000
2014,19019019007,ATTORNEY GENERAL,,WRITE IN,,0.000000
2014,19019019007,AUDITOR OF STATE,,JONATHAN NEIDERBACH,DEMOCRATIC PARTY,190.000000
2014,19019019007,AUDITOR OF STATE,,MARY MOSIMAN,REPUBLICAN PARTY,226.000000
2014,19019019007,AUDITOR OF STATE,,WRITE IN,,0.000000
2014,19019019007,GOVERNOR,,JACK HATCH MONICA VERNON,DEMOCRATIC PARTY,189.000000
2014,19019019007,GOVERNOR,,JIM HENNAGER MARY MARGARET KRIEG,NEW INDEPENDENT PARTY IOWA,3.000000
2014,19019019007,GOVERNOR,,JONATHAN R NARCISSE MICHAEL L RICHARDS,IOWA PARTY,4.000000
2014,19019019007,GOVERNOR,,LEE DEAKINS HIEB TIM WATSON,LIBERTARIAN PARTY,7.000000
2014,19019019007,GOVERNOR,,TERRY E BRANSTAD KIM REYNOLDS,REPUBLICAN PARTY,237.000000
2014,19019019007,GOVERNOR,,WRITE IN,,0.000000
2014,19019019007,SECRETARY OF AGRICULTURE,,BILL NORTHEY,REPUBLICAN PARTY,285.000000
2014,19019019007,SECRETARY OF AGRICULTURE,,LEVI BENNING,NEW INDEPENDENT PARTY IOWA,11.000000
2014,19019019007,SECRETARY OF AGRICULTURE,,SHERRIE TAHA,DEMOCRATIC PARTY,130.000000
2014,19019019007,SECRETARY OF AGRICULTURE,,WRITE IN,,0.000000
2014,19019019007,SECRETARY OF STATE,,BRAD ANDERSON,DEMOCRATIC PARTY,223.000000
2014,19019019007,SECRETARY OF STATE,,JAKE PORTER,LIBERTARIAN PARTY,11.000000
2014,19019019007,SECRETARY OF STATE,,PAUL D PATE,REPUBLICAN PARTY,191.000000
2014,19019019007,SECRETARY OF STATE,,SPENCER HIGHLAND,NEW INDEPENDENT PARTY IOWA,5.000000
2014,19019019007,SECRETARY OF STATE,,WRITE IN,,0.000000
2014,19019019007,TREASURER OF STATE,,KEITH A LAUBE,LIBERTARIAN PARTY,18.000000
2014,19019019007,TREASURER OF STATE,,MICHAEL L FITZGERALD,DEMOCRATIC PARTY,268.000000
2014,19019019007,TREASURER OF STATE,,SAM CLOVIS,REPUBLICAN PARTY,143.000000
2014,19019019007,TREASURER OF STATE,,WRITE IN,,0.000000
2014,19019019007,U S SENATE,,BOB QUAST,BOB QUAST FOR TERM LIMITS,1.000000
2014,19019019007,U S SENATE,,BRUCE BRALEY,DEMOCRATIC PARTY,201.000000
2014,19019019007,U S SENATE,,DOUGLAS BUTZIER,LIBERTARIAN PARTY,3.000000
2014,19019019007,U S SENATE,,JONI ERNST,REPUBLICAN PARTY,218.000000
2014,19019019007,U S SENATE,,RICK STEWART,INDEPENDENT,12.000000
2014,19019019007,U S SENATE,,RUTH SMITH,,3.000000
2014,19019019007,U S SENATE,,WRITE IN,,2.000000
2014,19025025010,ATTORNEY GENERAL,,ADAM GREGG,REPUBLICAN PARTY,260.000000
2014,19025025010,ATTORNEY GENERAL,,TOM MILLER,DEMOCRATIC PARTY,423.000000
2014,19025025010,ATTORNEY GENERAL,,WRITE IN,,2.000000
2014,19025025010,AUDITOR OF STATE,,JONATHAN NEIDERBACH,DEMOCRATIC PARTY,262.000000
2014,19025025010,AUDITOR OF STATE,,MARY MOSIMAN,REPUBLICAN PARTY,396.000000
2014,19025025010,AUDITOR OF STATE,,WRITE IN,,1.000000
2014,19025025010,GOVERNOR,,JACK HATCH MONICA VERNON,DEMOCRATIC PARTY,219.000000
2014,19025025010,GOVERNOR,,JIM HENNAGER MARY MARGARET KRIEG,NEW INDEPENDENT PARTY IOWA,7.000000
2014,19025025010,GOVERNOR,,JONATHAN R NARCISSE MICHAEL L RICHARDS,IOWA PARTY,3.000000
2014,19025025010,GOVERNOR,,LEE DEAKINS HIEB TIM WATSON,LIBERTARIAN PARTY,53.000000
2014,19025025010,GOVERNOR,,TERRY E BRANSTAD KIM REYNOLDS,REPUBLICAN PARTY,433.000000
2014,19025025010,GOVERNOR,,WRITE IN,,1.000000
2014,19025025010,SECRETARY OF AGRICULTURE,,BILL NORTHEY,REPUBLICAN PARTY,490.000000
2014,19025025010,SECRETARY OF AGRICULTURE,,LEVI BENNING,NEW INDEPENDENT PARTY IOWA,37.000000
2014,19025025010,SECRETARY OF AGRICULTURE,,SHERRIE TAHA,DEMOCRATIC PARTY,162.000000
2014,19025025010,SECRETARY OF AGRICULTURE,,WRITE IN,,1.000000
2014,19025025010,SECRETARY OF STATE,,BRAD ANDERSON,DEMOCRATIC PARTY,302.000000
2014,19025025010,SECRETARY OF STATE,,JAKE PORTER,LIBERTARIAN PARTY,31.000000
2014,19025025010,SECRETARY OF STATE,,PAUL D PATE,REPUBLICAN PARTY,326.000000
2014,19025025010,SECRETARY OF STATE,,SPENCER HIGHLAND,NEW INDEPENDENT PARTY IOWA,19.000000
2014,19025025010,SECRETARY OF STATE,,WRITE IN,,1.000000
2014,19025025010,TREASURER OF STATE,,KEITH A LAUBE,LIBERTARIAN PARTY,35.000000
2014,19025025010,TREASURER OF STATE,,MICHAEL L FITZGERALD,DEMOCRATIC PARTY,356.000000
2014,19025025010,TREASURER OF STATE,,SAM CLOVIS,REPUBLICAN PARTY,293.000000
2014,19025025010,TREASURER OF STATE,,WRITE IN,,1.000000
2014,19025025010,U S SENATE,,BOB QUAST,BOB QUAST FOR TERM LIMITS,2.000000
2014,19025025010,U S SENATE,,BRUCE BRALEY,DEMOCRATIC PARTY,250.000000
2014,19025025010,U S SENATE,,DOUGLAS BUTZIER,LIBERTARIAN PARTY,12.000000
2014,19025025010,U S SENATE,,JONI ERNST,REPUBLICAN PARTY,409.000000
2014,19025025010,U S SENATE,,RICK STEWART,INDEPENDENT,35.000000
2014,19025025010,U S SENATE,,RUTH SMITH,,3.000000
2014,19025025010,U S SENATE,,WRITE IN,,1.000000
2014,19025025020,ATTORNEY GENERAL,,ADAM GREGG,REPUBLICAN PARTY,100.000000
2014,19025025020,ATTORNEY GENERAL,,TOM MILLER,DEMOCRATIC PARTY,103.000000
2014,19025025020,ATTORNEY GENERAL,,WRITE IN,,0.000000
2014,19025025020,AUDITOR OF STATE,,JONATHAN NEIDERBACH,DEMOCRATIC PARTY,52.000000
2014,19025025020,AUDITOR OF STATE,,MARY MOSIMAN,REPUBLICAN PARTY,137.000000
2014,19025025020,AUDITOR OF STATE,,WRITE IN,,0.000000
2014,19025025020,GOVERNOR,,JACK HATCH MONICA VERNON,DEMOCRATIC PARTY,36.000000
2014,19025025020,GOVERNOR,,JIM HENNAGER MARY MARGARET KRIEG,NEW INDEPENDENT PARTY IOWA,1.000000
2014,19025025020,GOVERNOR,,JONATHAN R NARCISSE MICHAEL L RICHARDS,IOWA PARTY,1.000000
2014,19025025020,GOVERNOR,,LEE DEAKINS HIEB TIM WATSON,LIBERTARIAN PARTY,42.000000
2014,19025025020,GOVERNOR,,TERRY E BRANSTAD KIM REYNOLDS,REPUBLICAN PARTY,130.000000
2014,19025025020,GOVERNOR,,WRITE IN,,1.000000
2014,19025025020,SECRETARY OF AGRICULTURE,,BILL NORTHEY,REPUBLICAN PARTY,167.000000
2014,19025025020,SECRETARY OF AGRICULTURE,,LEVI BENNING,NEW INDEPENDENT PARTY IOWA,11.000000
2014,19025025020,SECRETARY OF AGRICULTURE,,SHERRIE TAHA,DEMOCRATIC PARTY,23.000000
2014,19025025020,SECRETARY OF AGRICULTURE,,WRITE IN,,1.000000
2014,19025025020,SECRETARY OF STATE,,BRAD ANDERSON,DEMOCRATIC PARTY,68.000000
2014,19025025020,SECRETARY OF STATE,,JAKE PORTER,LIBERTARIAN PARTY,15.000000
2014,19025025020,SECRETARY OF STATE,,PAUL D PATE,REPUBLICAN PARTY,106.000000
2014,19025025020,SECRETARY OF STATE,,SPENCER HIGHLAND,NEW INDEPENDENT PARTY IOWA,6.000000
2014,19025025020,SECRETARY OF STATE,,WRITE IN,,0.000000
2014,19025025020,TREASURER OF STATE,,KEITH A LAUBE,LIBERTARIAN PARTY,17.000000
2014,19025025020,TREASURER OF STATE,,MICHAEL L FITZGERALD,DEMOCRATIC PARTY,82.000000
2014,19025025020,TREASURER OF STATE,,SAM CLOVIS,REPUBLICAN PARTY,102.000000
2014,19025025020,TREASURER OF STATE,,WRITE IN,,0.000000
2014,19025025020,U S SENATE,,BOB QUAST,BOB QUAST FOR TERM LIMITS,2.000000
2014,19025025020,U S SENATE,,BRUCE BRALEY,DEMOCRATIC PARTY,59.000000
2014,19025025020,U S SENATE,,DOUGLAS BUTZIER,LIBERTARIAN PARTY,2.000000
2014,19025025020,U S SENATE,,JONI ERNST,REPUBLICAN PARTY,133.000000
2014,19025025020,U S SENATE,,RICK STEWART,INDEPENDENT,9.000000
2014,19025025020,U S SENATE,,RUTH SMITH,,1.000000
2014,19025025020,U S SENATE,,WRITE IN,,1.000000
2014,19027027012,ATTORNEY GENERAL,,ADAM GREGG,REPUBLICAN PARTY,79.000000
2014,19027027012,ATTORNEY GENERAL,,TOM MILLER,DEMOCRATIC PARTY,152.000000
2014,19027027012,ATTORNEY GENERAL,,WRITE IN,,0.000000
2014,19027027012,AUDITOR OF STATE,,JONATHAN NEIDERBACH,DEMOCRATIC PARTY,96.000000
2014,19027027012,AUDITOR OF STATE,,MARY MOSIMAN,REPUBLICAN PARTY,114.000000
2014,19027027012,AUDITOR OF STATE,,WRITE IN,,2.000000
2014,19027027012,GOVERNOR,,JACK HATCH MONICA VERNON,DEMOCRATIC PARTY,78.000000
2014,19027027012,GOVERNOR,,JIM HENNAGER MARY MARGARET KRIEG,NEW INDEPENDENT PARTY IOWA,3.000000
2014,19027027012,GOVERNOR,,JONATHAN R NARCISSE MICHAEL L RICHARDS,IOWA PARTY,3.000000
2014,19027027012,GOVERNOR,,LEE DEAKINS HIEB TIM WATSON,LIBERTARIAN PARTY,7.000000
2014,19027027012,GOVERNOR,,TERRY E BRANSTAD KIM REYNOLDS,REPUBLICAN PARTY,154.000000
2014,19027027012,GOVERNOR,,WRITE IN,,1.000000
2014,19027027012,SECRETARY OF AGRICULTURE,,BILL NORTHEY,REPUBLICAN PARTY,155.000000
2014,19027027012,SECRETARY OF AGRICULTURE,,LEVI BENNING,NEW INDEPENDENT PARTY IOWA,14.000000
2014,19027027012,SECRETARY OF AGRICULTURE,,SHERRIE TAHA,DEMOCRATIC PARTY,54.000000
2014,19027027012,SECRETARY OF AGRICULTURE,,WRITE IN,,1.000000
2014,19027027012,SECRETARY OF STATE,,BRAD ANDERSON,DEMOCRATIC PARTY,116.000000
2014,19027027012,SECRETARY OF STATE,,JAKE PORTER,LIBERTARIAN PARTY,8.000000
2014,19027027012,SECRETARY OF STATE,,PAUL D PATE,REPUBLICAN PARTY,94.000000
2014,19027027012,SECRETARY OF STATE,,SPENCER HIGHLAND,NEW INDEPENDENT PARTY IOWA,4.000000
2014,19027027012,SECRETARY OF STATE,,WRITE IN,,0.000000
2014,19027027012,TREASURER OF STATE,,KEITH A LAUBE,LIBERTARIAN PARTY,6.000000
2014,19027027012,TREASURER OF STATE,,MICHAEL L FITZGERALD,DEMOCRATIC PARTY,141.000000
2014,19027027012,TREASURER OF STATE,,SAM CLOVIS,REPUBLICAN PARTY,78.000000
2014,19027027012,TREASURER OF STATE,,WRITE IN,,0.000000
2014,19027027012,U S SENATE,,BOB QUAST,BOB QUAST FOR TERM LIMITS,0.000000
2014,19027027012,U S SENATE,,BRUCE BRALEY,DEMOCRATIC PARTY,91.000000
2014,19027027012,U S SENATE,,DOUGLAS BUTZIER,LIBERTARIAN PARTY,3.000000
2014,19027027012,U S SENATE,,JONI ERNST,REPUBLICAN PARTY,144.000000
2014,19027027012,U S SENATE,,RICK STEWART,INDEPENDENT,7.000000
2014,19027027012,U S SENATE,,RUTH SMITH,,3.000000
2014,19027027012,U S SENATE,,WRITE IN,,0.000000
2014,19027027021,ATTORNEY GENERAL,,ADAM GREGG,REPUBLICAN PARTY,89.000000
2014,19027027021,ATTORNEY GENERAL,,TOM MILLER,DEMOCRATIC PARTY,133.000000
2014,19027027021,ATTORNEY GENERAL,,WRITE IN,,0.000000
2014,19027027021,AUDITOR OF STATE,,JONATHAN NEIDERBACH,DEMOCRATIC PARTY,67.000000
2014,19027027021,AUDITOR OF STATE,,MARY MOSIMAN,REPUBLICAN PARTY,134.000000
2014,19027027021,AUDITOR OF STATE,,WRITE IN,,0.000000
2014,19027027021,GOVERNOR,,JACK HATCH MONICA VERNON,DEMOCRATIC PARTY,53.000000
2014,19027027021,GOVERNOR,,JIM HENNAGER MARY MARGARET KRIEG,NEW INDEPENDENT PARTY IOWA,1.000000
2014,19027027021,GOVERNOR,,JONATHAN R NARCISSE MICHAEL L RICHARDS,IOWA PARTY,0.000000
2014,19027027021,GOVERNOR,,LEE DEAKINS HIEB TIM WATSON,LIBERTARIAN PARTY,1.000000
2014,19027027021,GOVERNOR,,TERRY E BRANSTAD KIM REYNOLDS,REPUBLICAN PARTY,180.000000
2014,19027027021,GOVERNOR,,WRITE IN,,0.000000
2014,19027027021,SECRETARY OF AGRICULTURE,,BILL NORTHEY,REPUBLICAN PARTY,175.000000
2014,19027027021,SECRETARY OF AGRICULTURE,,LEVI BENNING,NEW INDEPENDENT PARTY IOWA,6.000000
2014,19027027021,SECRETARY OF AGRICULTURE,,SHERRIE TAHA,DEMOCRATIC PARTY,38.000000
2014,19027027021,SECRETARY OF AGRICULTURE,,WRITE IN,,0.000000
2014,19027027021,SECRETARY OF STATE,,BRAD ANDERSON,DEMOCRATIC PARTY,98.000000
2014,19027027021,SECRETARY OF STATE,,JAKE PORTER,LIBERTARIAN PARTY,8.000000
2014,19027027021,SECRETARY OF STATE,,PAUL D PATE,REPUBLICAN PARTY,99.000000
2014,19027027021,SECRETARY OF STATE,,SPENCER HIGHLAND,NEW INDEPENDENT PARTY IOWA,7.000000
2014,19027027021,SECRETARY OF STATE,,WRITE IN,,0.000000
2014,19027027021,TREASURER OF STATE,,KEITH A LAUBE,LIBERTARIAN PARTY,6.000000
2014,19027027021,TREASURER OF STATE,,MICHAEL L FITZGERALD,DEMOCRATIC PARTY,123.000000
2014,19027027021,TREASURER OF STATE,,SAM CLOVIS,REPUBLICAN PARTY,88.000000
2014,19027027021,TREASURER OF STATE,,WRITE IN,,0.000000
2014,19027027021,U S SENATE,,BOB QUAST,BOB QUAST FOR TERM LIMITS,0.000000
2014,19027027021,U S SENATE,,BRUCE BRALEY,DEMOCRATIC PARTY,73.000000
2014,19027027021,U S SENATE,,DOUGLAS BUTZIER,LIBERTARIAN PARTY,3.000000
2014,19027027021,U S SENATE,,JONI ERNST,REPUBLICAN PARTY,148.000000
2014,19027027021,U S SENATE,,RICK STEWART,INDEPENDENT,6.000000
2014,19027027021,U S SENATE,,RUTH SMITH,,1.000000
2014,19027027021,U S SENATE,,WRITE IN,,0.000000
2014,19031031014,ATTORNEY GENERAL,,ADAM GREGG,REPUBLICAN PARTY,149.000000
2014,19031031014,ATTORNEY GENERAL,,TOM MILLER,DEMOCRATIC PARTY,134.000000
2014,19031031014,ATTORNEY GENERAL,,WRITE IN,,1.000000
2014,19031031014,AUDITOR OF STATE,,JONATHAN NEIDERBACH,DEMOCRATIC PARTY,76.000000
2014,19031031014,AUDITOR OF STATE,,MARY MOSIMAN,REPUBLICAN PARTY,199.000000
2014,19031031014,AUDITOR OF STATE,,WRITE IN,,0.000000
2014,19031031014,GOVERNOR,,JACK HATCH MONICA VERNON,DEMOCRATIC PARTY,71.000000
2014,19031031014,GOVERNOR,,JIM HENNAGER MARY MARGARET KRIEG,NEW INDEPENDENT PARTY IOWA,2.000000
2014,19031031014,GOVERNOR,,JONATHAN R NARCISSE MICHAEL L RICHARDS,IOWA PARTY,0.000000
2014,19031031014,GOVERNOR,,LEE DEAKINS HIEB TIM WATSON,LIBERTARIAN PARTY,3.000000
2014,19031031014,GOVERNOR,,TERRY E BRANSTAD KIM REYNOLDS,REPUBLICAN PARTY,214.000000
2014,19031031014,GOVERNOR,,WRITE IN,,1.000000
2014,19031031014,SECRETARY OF AGRICULTURE,,BILL NORTHEY,REPUBLICAN PARTY,226.000000
2014,19031031014,SECRETARY OF AGRICULTURE,,LEVI BENNING,NEW INDEPENDENT PARTY IOWA,8.000000
2014,19031031014,SECRETARY OF AGRICULTURE,,SHERRIE TAHA,DEMOCRATIC PARTY,54.000000
2014,19031031014,SECRETARY OF AGRICULTURE,,WRITE IN,,1.000000
2014,19031031014,SECRETARY OF STATE,,BRAD ANDERSON,DEMOCRATIC PARTY,81.000000
2014,19031031014,SECRETARY OF STATE,,JAKE PORTER,LIBERTARIAN PARTY,5.000000
2014,19031031014,SECRETARY OF STATE,,PAUL D PATE,REPUBLICAN PARTY,193.000000
2014,19031031014,SECRETARY OF STATE,,SPENCER HIGHLAND,NEW INDEPENDENT PARTY IOWA,5.000000
2014,19031031014,SECRETARY OF STATE,,WRITE IN,,0.000000
2014,19031031014,TREASURER OF STATE,,KEITH A LAUBE,LIBERTARIAN PARTY,8.000000
2014,19031031014,TREASURER OF STATE,,MICHAEL L FITZGERALD,DEMOCRATIC PARTY,112.000000
2014,19031031014,TREASURER OF STATE,,SAM CLOVIS,REPUBLICAN PARTY,162.000000
2014,19031031014,TREASURER OF STATE,,WRITE IN,,0.000000
2014,19031031014,U S SENATE,,BOB QUAST,BOB QUAST FOR TERM LIMITS,1.000000
2014,19031031014,U S SENATE,,BRUCE BRALEY,DEMOCRATIC PARTY,86.000000
2014,19031031014,U S SENATE,,DOUGLAS BUTZIER,LIBERTARIAN PARTY,2.000000
2014,19031031014,U S SENATE,,JONI ERNST,REPUBLICAN PARTY,194.000000
2014,19031031014,U S SENATE,,RICK STEWART,INDEPENDENT,7.000000
2014,19031031014,U S SENATE,,RUTH SMITH,,2.000000
2014,19031031014,U S SENATE,,WRITE IN,,0.000000
2014,19033033009,ATTORNEY GENERAL,,ADAM GREGG,REPUBLICAN PARTY,1605.000000
2014,19033033009,ATTORNEY GENERAL,,TOM MILLER,DEMOCRATIC PARTY,1551.000000
2014,19033033009,ATTORNEY GENERAL,,WRITE IN,,3.000000
2014,19033033009,AUDITOR OF STATE,,JONATHAN NEIDERBACH,DEMOCRATIC PARTY,1047.000000
2014,19033033009,AUDITOR OF STATE,,MARY MOSIMAN,REPUBLICAN PARTY,2005.000000
2014,19033033009,AUDITOR OF STATE,,WRITE IN,,3.000000
2014,19033033009,GOVERNOR,,JACK HATCH MONICA VERNON,DEMOCRATIC PARTY,967.000000
2014,19033033009,GOVERNOR,,JIM HENNAGER MARY MARGARET KRIEG,NEW INDEPENDENT PARTY IOWA,17.000000
2014,19033033009,GOVERNOR,,JONATHAN R NARCISSE MICHAEL L RICHARDS,IOWA PARTY,12.000000
2014,19033033009,GOVERNOR,,LEE DEAKINS HIEB TIM WATSON,LIBERTARIAN PARTY,35.000000
2014,19033033009,GOVERNOR,,TERRY E BRANSTAD KIM REYNOLDS,REPUBLICAN PARTY,2214.000000
2014,19033033009,GOVERNOR,,WRITE IN,,3.000000
2014,19033033009,SECRETARY OF AGRICULTURE,,BILL NORTHEY,REPUBLICAN PARTY,2189.000000
2014,19033033009,SECRETARY OF AGRICULTURE,,LEVI BENNING,NEW INDEPENDENT PARTY IOWA,89.000000
2014,19033033009,SECRETARY OF AGRICULTURE,,SHERRIE TAHA,DEMOCRATIC PARTY,847.000000
2014,19033033009,SECRETARY OF AGRICULTURE,,WRITE IN,,2.000000
2014,19033033009,SECRETARY OF STATE,,BRAD ANDERSON,DEMOCRATIC PARTY,1180.000000
2014,19033033009,SECRETARY OF STATE,,JAKE PORTER,LIBERTARIAN PARTY,59.000000
2014,19033033009,SECRETARY OF STATE,,PAUL D PATE,REPUBLICAN PARTY,1833.000000
2014,19033033009,SECRETARY OF STATE,,SPENCER HIGHLAND,NEW INDEPENDENT PARTY IOWA,38.000000
2014,19033033009,SECRETARY OF STATE,,WRITE IN,,3.000000
2014,19033033009,TREASURER OF STATE,,KEITH A LAUBE,LIBERTARIAN PARTY,68.000000
2014,19033033009,TREASURER OF STATE,,MICHAEL L FITZGERALD,DEMOCRATIC PARTY,1527.000000
2014,19033033009,TREASURER OF STATE,,SAM CLOVIS,REPUBLICAN PARTY,1542.000000
2014,19033033009,TREASURER OF STATE,,WRITE IN,,3.000000
2014,19033033009,U S SENATE,,BOB QUAST,BOB QUAST FOR TERM LIMITS,3.000000
2014,19033033009,U S SENATE,,BRUCE BRALEY,DEMOCRATIC PARTY,1371.000000
2014,19033033009,U S SENATE,,DOUGLAS BUTZIER,LIBERTARIAN PARTY,24.000000
2014,19033033009,U S SENATE,,JONI ERNST,REPUBLICAN PARTY,1784.000000
2014,19033033009,U S SENATE,,RICK STEWART,INDEPENDENT,62.000000
2014,19033033009,U S SENATE,,RUTH SMITH,,7.000000
2014,19033033009,U S SENATE,,WRITE IN,,3.000000
2014,19033033024,ATTORNEY GENERAL,,ADAM GREGG,REPUBLICAN PARTY,171.000000
2014,19033033024,ATTORNEY GENERAL,,TOM MILLER,DEMOCRATIC PARTY,425.000000
2014,19033033024,ATTORNEY GENERAL,,WRITE IN,,2.000000
2014,19033033024,AUDITOR OF STATE,,JONATHAN NEIDERBACH,DEMOCRATIC PARTY,368.000000
2014,19033033024,AUDITOR OF STATE,,MARY MOSIMAN,REPUBLICAN PARTY,216.000000
2014,19033033024,AUDITOR OF STATE,,WRITE IN,,2.000000
2014,19033033024,GOVERNOR,,JACK HATCH MONICA VERNON,DEMOCRATIC PARTY,312.000000
2014,19033033024,GOVERNOR,,JIM HENNAGER MARY MARGARET KRIEG,NEW INDEPENDENT PARTY IOWA,7.000000
2014,19033033024,GOVERNOR,,JONATHAN R NARCISSE MICHAEL L RICHARDS,IOWA PARTY,7.000000
2014,19033033024,GOVERNOR,,LEE DEAKINS HIEB TIM WATSON,LIBERTARIAN PARTY,9.000000
2014,19033033024,GOVERNOR,,TERRY E BRANSTAD KIM REYNOLDS,REPUBLICAN PARTY,282.000000
2014,19033033024,GOVERNOR,,WRITE IN,,0.000000
2014,19033033024,SECRETARY OF AGRICULTURE,,BILL NORTHEY,REPUBLICAN PARTY,256.000000
2014,19033033024,SECRETARY OF AGRICULTURE,,LEVI BENNING,NEW INDEPENDENT PARTY IOWA,23.000000
2014,19033033024,SECRETARY OF AGRICULTURE,,SHERRIE TAHA,DEMOCRATIC PARTY,314.000000
2014,19033033024,SECRETARY OF AGRICULTURE,,WRITE IN,,0.000000
2014,19033033024,SECRETARY OF STATE,,BRAD ANDERSON,DEMOCRATIC PARTY,372.000000
2014,19033033024,SECRETARY OF STATE,,JAKE PORTER,LIBERTARIAN PARTY,30.000000
2014,19033033024,SECRETARY OF STATE,,PAUL D PATE,REPUBLICAN PARTY,186.000000
2014,19033033024,SECRETARY OF STATE,,SPENCER HIGHLAND,NEW INDEPENDENT PARTY IOWA,12.000000
2014,19033033024,SECRETARY OF STATE,,WRITE IN,,1.000000
2014,19033033024,TREASURER OF STATE,,KEITH A LAUBE,LIBERTARIAN PARTY,29.000000
2014,19033033024,TREASURER OF STATE,,MICHAEL L FITZGERALD,DEMOCRATIC PARTY,423.000000
2014,19033033024,TREASURER OF STATE,,SAM CLOVIS,REPUBLICAN PARTY,152.000000
2014,19033033024,TREASURER OF STATE,,WRITE IN,,0.000000
2014,19033033024,U S SENATE,,BOB QUAST,BOB QUAST FOR TERM LIMITS,2.000000
2014,19033033024,U S SENATE,,BRUCE BRALEY,DEMOCRATIC PARTY,427.000000
2014,19033033024,U S SENATE,,DOUGLAS BUTZIER,LIBERTARIAN PARTY,10.000000
2014,19033033024,U S SENATE,,JONI ERNST,REPUBLICAN PARTY,162.000000
2014,19033033024,U S SENATE,,RICK STEWART,INDEPENDENT,11.000000
2014,19033033024,U S SENATE,,RUTH SMITH,,6.000000
2014,19033033024,U S SENATE,,WRITE IN,,0.000000
2014,19033033025,ATTORNEY GENERAL,,ADAM GREGG,REPUBLICAN PARTY,312.000000
2014,19033033025,ATTORNEY GENERAL,,TOM MILLER,DEMOCRATIC PARTY,569.000000
2014,19033033025,ATTORNEY GENERAL,,WRITE IN,,0.000000
2014,19033033025,AUDITOR OF STATE,,JONATHAN NEIDERBACH,DEMOCRATIC PARTY,441.000000
2014,19033033025,AUDITOR OF STATE,,MARY MOSIMAN,REPUBLICAN PARTY,411.000000
2014,19033033025,AUDITOR OF STATE,,WRITE IN,,0.000000
2014,19033033025,GOVERNOR,,JACK HATCH MONICA VERNON,DEMOCRATIC PARTY,401.000000
2014,19033033025,GOVERNOR,,JIM HENNAGER MARY MARGARET KRIEG,NEW INDEPENDENT PARTY IOWA,3.000000
2014,19033033025,GOVERNOR,,JONATHAN R NARCISSE MICHAEL L RICHARDS,IOWA PARTY,1.000000
2014,19033033025,GOVERNOR,,LEE DEAKINS HIEB TIM WATSON,LIBERTARIAN PARTY,12.000000
2014,19033033025,GOVERNOR,,TERRY E BRANSTAD KIM REYNOLDS,REPUBLICAN PARTY,487.000000
2014,19033033025,GOVERNOR,,WRITE IN,,0.000000
2014,19033033025,SECRETARY OF AGRICULTURE,,BILL NORTHEY,REPUBLICAN PARTY,492.000000
2014,19033033025,SECRETARY OF AGRICULTURE,,LEVI BENNING,NEW INDEPENDENT PARTY IOWA,25.000000
2014,19033033025,SECRETARY OF AGRICULTURE,,SHERRIE TAHA,DEMOCRATIC PARTY,351.000000
2014,19033033025,SECRETARY OF AGRICULTURE,,WRITE IN,,0.000000
2014,19033033025,SECRETARY OF STATE,,BRAD ANDERSON,DEMOCRATIC PARTY,478.000000
2014,19033033025,SECRETARY OF STATE,,JAKE PORTER,LIBERTARIAN PARTY,21.000000
2014,19033033025,SECRETARY OF STATE,,PAUL D PATE,REPUBLICAN PARTY,358.000000
2014,19033033025,SECRETARY OF STATE,,SPENCER HIGHLAND,NEW INDEPENDENT PARTY IOWA,11.000000
2014,19033033025,SECRETARY OF STATE,,WRITE IN,,0.000000
2014,19033033025,TREASURER OF STATE,,KEITH A LAUBE,LIBERTARIAN PARTY,17.000000
2014,19033033025,TREASURER OF STATE,,MICHAEL L FITZGERALD,DEMOCRATIC PARTY,575.000000
2014,19033033025,TREASURER OF STATE,,SAM CLOVIS,REPUBLICAN PARTY,278.000000
2014,19033033025,TREASURER OF STATE,,WRITE IN,,0.000000
2014,19033033025,U S SENATE,,BOB QUAST,BOB QUAST FOR TERM LIMITS,0.000000
2014,19033033025,U S SENATE,,BRUCE BRALEY,DEMOCRATIC PARTY,543.000000
2014,19033033025,U S SENATE,,DOUGLAS BUTZIER,LIBERTARIAN PARTY,7.000000
2014,19033033025,U S SENATE,,JONI ERNST,REPUBLICAN PARTY,333.000000
2014,19033033025,U S SENATE,,RICK STEWART,INDEPENDENT,16.000000
2014,19033033025,U S SENATE,,RUTH SMITH,,2.000000
2014,19033033025,U S SENATE,,WRITE IN,,1.000000
2014,19033033027,ATTORNEY GENERAL,,ADAM GREGG,REPUBLICAN PARTY,175.000000
2014,19033033027,ATTORNEY GENERAL,,TOM MILLER,DEMOCRATIC PARTY,333.000000
2014,19033033027,ATTORNEY GENERAL,,WRITE IN,,2.000000
2014,19033033027,AUDITOR OF STATE,,JONATHAN NEIDERBACH,DEMOCRATIC PARTY,259.000000
2014,19033033027,AUDITOR OF STATE,,MARY MOSIMAN,REPUBLICAN PARTY,229.000000
2014,19033033027,AUDITOR OF STATE,,WRITE IN,,2.000000
2014,19033033027,GOVERNOR,,JACK HATCH MONICA VERNON,DEMOCRATIC PARTY,234.000000
2014,19033033027,GOVERNOR,,JIM HENNAGER MARY MARGARET KRIEG,NEW INDEPENDENT PARTY IOWA,8.000000
2014,19033033027,GOVERNOR,,JONATHAN R NARCISSE MICHAEL L RICHARDS,IOWA PARTY,1.000000
2014,19033033027,GOVERNOR,,LEE DEAKINS HIEB TIM WATSON,LIBERTARIAN PARTY,10.000000
2014,19033033027,GOVERNOR,,TERRY E BRANSTAD KIM REYNOLDS,REPUBLICAN PARTY,261.000000
2014,19033033027,GOVERNOR,,WRITE IN,,1.000000
2014,19033033027,SECRETARY OF AGRICULTURE,,BILL NORTHEY,REPUBLICAN PARTY,243.000000
2014,19033033027,SECRETARY OF AGRICULTURE,,LEVI BENNING,NEW INDEPENDENT PARTY IOWA,27.000000
2014,19033033027,SECRETARY OF AGRICULTURE,,SHERRIE TAHA,DEMOCRATIC PARTY,231.000000
2014,19033033027,SECRETARY OF AGRICULTURE,,WRITE IN,,1.000000
2014,19033033027,SECRETARY OF STATE,,BRAD ANDERSON,DEMOCRATIC PARTY,278.000000
2014,19033033027,SECRETARY OF STATE,,JAKE PORTER,LIBERTARIAN PARTY,18.000000
2014,19033033027,SECRETARY OF STATE,,PAUL D PATE,REPUBLICAN PARTY,191.000000
2014,19033033027,SECRETARY OF STATE,,SPENCER HIGHLAND,NEW INDEPENDENT PARTY IOWA,13.000000
2014,19033033027,SECRETARY OF STATE,,WRITE IN,,2.000000
2014,19033033027,TREASURER OF STATE,,KEITH A LAUBE,LIBERTARIAN PARTY,23.000000
2014,19033033027,TREASURER OF STATE,,MICHAEL L FITZGERALD,DEMOCRATIC PARTY,328.000000
2014,19033033027,TREASURER OF STATE,,SAM CLOVIS,REPUBLICAN PARTY,155.000000
2014,19033033027,TREASURER OF STATE,,WRITE IN,,1.000000
2014,19033033027,U S SENATE,,BOB QUAST,BOB QUAST FOR TERM LIMITS,0.000000
2014,19033033027,U S SENATE,,BRUCE BRALEY,DEMOCRATIC PARTY,318.000000
2014,19033033027,U S SENATE,,DOUGLAS BUTZIER,LIBERTARIAN PARTY,7.000000
2014,19033033027,U S SENATE,,JONI ERNST,REPUBLICAN PARTY,179.000000
2014,19033033027,U S SENATE,,RICK STEWART,INDEPENDENT,10.000000
2014,19033033027,U S SENATE,,RUTH SMITH,,1.000000
2014,19033033027,U S SENATE,,WRITE IN,,0.000000
2014,19033033028,ATTORNEY GENERAL,,ADAM GREGG,REPUBLICAN PARTY,499.000000
2014,19033033028,ATTORNEY GENERAL,,TOM MILLER,DEMOCRATIC PARTY,692.000000
2014,19033033028,ATTORNEY GENERAL,,WRITE IN,,0.000000
2014,19033033028,AUDITOR OF STATE,,JONATHAN NEIDERBACH,DEMOCRATIC PARTY,484.000000
2014,19033033028,AUDITOR OF STATE,,MARY MOSIMAN,REPUBLICAN PARTY,670.000000
2014,19033033028,AUDITOR OF STATE,,WRITE IN,,0.000000
2014,19033033028,GOVERNOR,,JACK HATCH MONICA VERNON,DEMOCRATIC PARTY,460.000000
2014,19033033028,GOVERNOR,,JIM HENNAGER MARY MARGARET KRIEG,NEW INDEPENDENT PARTY IOWA,2.000000
2014,19033033028,GOVERNOR,,JONATHAN R NARCISSE MICHAEL L RICHARDS,IOWA PARTY,0.000000
2014,19033033028,GOVERNOR,,LEE DEAKINS HIEB TIM WATSON,LIBERTARIAN PARTY,14.000000
2014,19033033028,GOVERNOR,,TERRY E BRANSTAD KIM REYNOLDS,REPUBLICAN PARTY,744.000000
2014,19033033028,GOVERNOR,,WRITE IN,,0.000000
2014,19033033028,SECRETARY OF AGRICULTURE,,BILL NORTHEY,REPUBLICAN PARTY,707.000000
2014,19033033028,SECRETARY OF AGRICULTURE,,LEVI BENNING,NEW INDEPENDENT PARTY IOWA,28.000000
2014,19033033028,SECRETARY OF AGRICULTURE,,SHERRIE TAHA,DEMOCRATIC PARTY,434.000000
2014,19033033028,SECRETARY OF AGRICULTURE,,WRITE IN,,0.000000
2014,19033033028,SECRETARY OF STATE,,BRAD ANDERSON,DEMOCRATIC PARTY,541.000000
2014,19033033028,SECRETARY OF STATE,,JAKE PORTER,LIBERTARIAN PARTY,25.000000
2014,19033033028,SECRETARY OF STATE,,PAUL D PATE,REPUBLICAN PARTY,590.000000
2014,19033033028,SECRETARY OF STATE,,SPENCER HIGHLAND,NEW INDEPENDENT PARTY IOWA,7.000000
2014,19033033028,SECRETARY OF STATE,,WRITE IN,,0.000000
2014,19033033028,TREASURER OF STATE,,KEITH A LAUBE,LIBERTARIAN PARTY,27.000000
2014,19033033028,TREASURER OF STATE,,MICHAEL L FITZGERALD,DEMOCRATIC PARTY,685.000000
2014,19033033028,TREASURER OF STATE,,SAM CLOVIS,REPUBLICAN PARTY,467.000000
2014,19033033028,TREASURER OF STATE,,WRITE IN,,0.000000
2014,19033033028,U S SENATE,,BOB QUAST,BOB QUAST FOR TERM LIMITS,3.000000
2014,19033033028,U S SENATE,,BRUCE BRALEY,DEMOCRATIC PARTY,630.000000
2014,19033033028,U S SENATE,,DOUGLAS BUTZIER,LIBERTARIAN PARTY,3.000000
2014,19033033028,U S SENATE,,JONI ERNST,REPUBLICAN PARTY,561.000000
2014,19033033028,U S SENATE,,RICK STEWART,INDEPENDENT,14.000000
2014,19033033028,U S SENATE,,RUTH SMITH,,1.000000
2014,19033033028,U S SENATE,,WRITE IN,,0.000000
2014,19033033029,ATTORNEY GENERAL,,ADAM GREGG,REPUBLICAN PARTY,181.000000
2014,19033033029,ATTORNEY GENERAL,,TOM MILLER,DEMOCRATIC PARTY,425.000000
2014,19033033029,ATTORNEY GENERAL,,WRITE IN,,1.000000
2014,19033033029,AUDITOR OF STATE,,JONATHAN NEIDERBACH,DEMOCRATIC PARTY,359.000000
2014,19033033029,AUDITOR OF STATE,,MARY MOSIMAN,REPUBLICAN PARTY,232.000000
2014,19033033029,AUDITOR OF STATE,,WRITE IN,,1.000000
2014,19033033029,GOVERNOR,,JACK HATCH MONICA VERNON,DEMOCRATIC PARTY,310.000000
2014,19033033029,GOVERNOR,,JIM HENNAGER MARY MARGARET KRIEG,NEW INDEPENDENT PARTY IOWA,10.000000
2014,19033033029,GOVERNOR,,JONATHAN R NARCISSE MICHAEL L RICHARDS,IOWA PARTY,2.000000
2014,19033033029,GOVERNOR,,LEE DEAKINS HIEB TIM WATSON,LIBERTARIAN PARTY,6.000000
2014,19033033029,GOVERNOR,,TERRY E BRANSTAD KIM REYNOLDS,REPUBLICAN PARTY,292.000000
2014,19033033029,GOVERNOR,,WRITE IN,,0.000000
2014,19033033029,SECRETARY OF AGRICULTURE,,BILL NORTHEY,REPUBLICAN PARTY,253.000000
2014,19033033029,SECRETARY OF AGRICULTURE,,LEVI BENNING,NEW INDEPENDENT PARTY IOWA,28.000000
2014,19033033029,SECRETARY OF AGRICULTURE,,SHERRIE TAHA,DEMOCRATIC PARTY,320.000000
2014,19033033029,SECRETARY OF AGRICULTURE,,WRITE IN,,1.000000
2014,19033033029,SECRETARY OF STATE,,BRAD ANDERSON,DEMOCRATIC PARTY,378.000000
2014,19033033029,SECRETARY OF STATE,,JAKE PORTER,LIBERTARIAN PARTY,24.000000
2014,19033033029,SECRETARY OF STATE,,PAUL D PATE,REPUBLICAN PARTY,181.000000
2014,19033033029,SECRETARY OF STATE,,SPENCER HIGHLAND,NEW INDEPENDENT PARTY IOWA,16.000000
2014,19033033029,SECRETARY OF STATE,,WRITE IN,,1.000000
2014,19033033029,TREASURER OF STATE,,KEITH A LAUBE,LIBERTARIAN PARTY,30.000000
2014,19033033029,TREASURER OF STATE,,MICHAEL L FITZGERALD,DEMOCRATIC PARTY,429.000000
2014,19033033029,TREASURER OF STATE,,SAM CLOVIS,REPUBLICAN PARTY,147.000000
2014,19033033029,TREASURER OF STATE,,WRITE IN,,0.000000
2014,19033033029,U S SENATE,,BOB QUAST,BOB QUAST FOR TERM LIMITS,3.000000
2014,19033033029,U S SENATE,,BRUCE BRALEY,DEMOCRATIC PARTY,412.000000
2014,19033033029,U S SENATE,,DOUGLAS BUTZIER,LIBERTARIAN PARTY,7.000000
2014,19033033029,U S SENATE,,JONI ERNST,REPUBLICAN PARTY,174.000000
2014,19033033029,U S SENATE,,RICK STEWART,INDEPENDENT,21.000000
2014,19033033029,U S SENATE,,RUTH SMITH,,2.000000
2014,19033033029,U S SENATE,,WRITE IN,,0.000000
2014,19033033030,ATTORNEY GENERAL,,ADAM GREGG,REPUBLICAN PARTY,288.000000
2014,19033033030,ATTORNEY GENERAL,,TOM MILLER,DEMOCRATIC PARTY,528.000000
2014,19033033030,ATTORNEY GENERAL,,WRITE IN,,0.000000
2014,19033033030,AUDITOR OF STATE,,JONATHAN NEIDERBACH,DEMOCRATIC PARTY,416.000000
2014,19033033030,AUDITOR OF STATE,,MARY MOSIMAN,REPUBLICAN PARTY,374.000000
2014,19033033030,AUDITOR OF STATE,,WRITE IN,,1.000000
2014,19033033030,GOVERNOR,,JACK HATCH MONICA VERNON,DEMOCRATIC PARTY,382.000000
2014,19033033030,GOVERNOR,,JIM HENNAGER MARY MARGARET KRIEG,NEW INDEPENDENT PARTY IOWA,9.000000
2014,19033033030,GOVERNOR,,JONATHAN R NARCISSE MICHAEL L RICHARDS,IOWA PARTY,5.000000
2014,19033033030,GOVERNOR,,LEE DEAKINS HIEB TIM WATSON,LIBERTARIAN PARTY,12.000000
2014,19033033030,GOVERNOR,,TERRY E BRANSTAD KIM REYNOLDS,REPUBLICAN PARTY,423.000000
2014,19033033030,GOVERNOR,,WRITE IN,,0.000000
2014,19033033030,SECRETARY OF AGRICULTURE,,BILL NORTHEY,REPUBLICAN PARTY,448.000000
2014,19033033030,SECRETARY OF AGRICULTURE,,LEVI BENNING,NEW INDEPENDENT PARTY IOWA,21.000000
2014,19033033030,SECRETARY OF AGRICULTURE,,SHERRIE TAHA,DEMOCRATIC PARTY,343.000000
2014,19033033030,SECRETARY OF AGRICULTURE,,WRITE IN,,0.000000
2014,19033033030,SECRETARY OF STATE,,BRAD ANDERSON,DEMOCRATIC PARTY,458.000000
2014,19033033030,SECRETARY OF STATE,,JAKE PORTER,LIBERTARIAN PARTY,16.000000
2014,19033033030,SECRETARY OF STATE,,PAUL D PATE,REPUBLICAN PARTY,326.000000
2014,19033033030,SECRETARY OF STATE,,SPENCER HIGHLAND,NEW INDEPENDENT PARTY IOWA,10.000000
2014,19033033030,SECRETARY OF STATE,,WRITE IN,,0.000000
2014,19033033030,TREASURER OF STATE,,KEITH A LAUBE,LIBERTARIAN PARTY,18.000000
2014,19033033030,TREASURER OF STATE,,MICHAEL L FITZGERALD,DEMOCRATIC PARTY,528.000000
2014,19033033030,TREASURER OF STATE,,SAM CLOVIS,REPUBLICAN PARTY,271.000000
2014,19033033030,TREASURER OF STATE,,WRITE IN,,0.000000
2014,19033033030,U S SENATE,,BOB QUAST,BOB QUAST FOR TERM LIMITS,3.000000
2014,19033033030,U S SENATE,,BRUCE BRALEY,DEMOCRATIC PARTY,506.000000
2014,19033033030,U S SENATE,,DOUGLAS BUTZIER,LIBERTARIAN PARTY,5.000000
2014,19033033030,U S SENATE,,JONI ERNST,REPUBLICAN PARTY,300.000000
2014,19033033030,U S SENATE,,RICK STEWART,INDEPENDENT,16.000000
2014,19033033030,U S SENATE,,RUTH SMITH,,0.000000
2014,19033033030,U S SENATE,,WRITE IN,,1.000000
2014,19033033031,ATTORNEY GENERAL,,ADAM GREGG,REPUBLICAN PARTY,215.000000
2014,19033033031,ATTORNEY GENERAL,,TOM MILLER,DEMOCRATIC PARTY,485.000000
2014,19033033031,ATTORNEY GENERAL,,WRITE IN,,0.000000
2014,19033033031,AUDITOR OF STATE,,JONATHAN NEIDERBACH,DEMOCRATIC PARTY,384.000000
2014,19033033031,AUDITOR OF STATE,,MARY MOSIMAN,REPUBLICAN PARTY,296.000000
2014,19033033031,AUDITOR OF STATE,,WRITE IN,,0.000000
2014,19033033031,GOVERNOR,,JACK HATCH MONICA VERNON,DEMOCRATIC PARTY,335.000000
2014,19033033031,GOVERNOR,,JIM HENNAGER MARY MARGARET KRIEG,NEW INDEPENDENT PARTY IOWA,6.000000
2014,19033033031,GOVERNOR,,JONATHAN R NARCISSE MICHAEL L RICHARDS,IOWA PARTY,0.000000
2014,19033033031,GOVERNOR,,LEE DEAKINS HIEB TIM WATSON,LIBERTARIAN PARTY,10.000000
2014,19033033031,GOVERNOR,,TERRY E BRANSTAD KIM REYNOLDS,REPUBLICAN PARTY,369.000000
2014,19033033031,GOVERNOR,,WRITE IN,,0.000000
2014,19033033031,SECRETARY OF AGRICULTURE,,BILL NORTHEY,REPUBLICAN PARTY,346.000000
2014,19033033031,SECRETARY OF AGRICULTURE,,LEVI BENNING,NEW INDEPENDENT PARTY IOWA,22.000000
2014,19033033031,SECRETARY OF AGRICULTURE,,SHERRIE TAHA,DEMOCRATIC PARTY,325.000000
2014,19033033031,SECRETARY OF AGRICULTURE,,WRITE IN,,0.000000
2014,19033033031,SECRETARY OF STATE,,BRAD ANDERSON,DEMOCRATIC PARTY,403.000000
2014,19033033031,SECRETARY OF STATE,,JAKE PORTER,LIBERTARIAN PARTY,21.000000
2014,19033033031,SECRETARY OF STATE,,PAUL D PATE,REPUBLICAN PARTY,257.000000
2014,19033033031,SECRETARY OF STATE,,SPENCER HIGHLAND,NEW INDEPENDENT PARTY IOWA,10.000000
2014,19033033031,SECRETARY OF STATE,,WRITE IN,,0.000000
2014,19033033031,TREASURER OF STATE,,KEITH A LAUBE,LIBERTARIAN PARTY,20.000000
2014,19033033031,TREASURER OF STATE,,MICHAEL L FITZGERALD,DEMOCRATIC PARTY,483.000000
2014,19033033031,TREASURER OF STATE,,SAM CLOVIS,REPUBLICAN PARTY,192.000000
2014,19033033031,TREASURER OF STATE,,WRITE IN,,0.000000
2014,19033033031,U S SENATE,,BOB QUAST,BOB QUAST FOR TERM LIMITS,0.000000
2014,19033033031,U S SENATE,,BRUCE BRALEY,DEMOCRATIC PARTY,457.000000
2014,19033033031,U S SENATE,,DOUGLAS BUTZIER,LIBERTARIAN PARTY,11.000000
2014,19033033031,U S SENATE,,JONI ERNST,REPUBLICAN PARTY,233.000000
2014,19033033031,U S SENATE,,RICK STEWART,INDEPENDENT,16.000000
2014,19033033031,U S SENATE,,RUTH SMITH,,7.000000
2014,19033033031,U S SENATE,,WRITE IN,,1.000000
2014,19033033032,ATTORNEY GENERAL,,ADAM GREGG,REPUBLICAN PARTY,518.000000
2014,19033033032,ATTORNEY GENERAL,,TOM MILLER,DEMOCRATIC PARTY,772.000000
2014,19033033032,ATTORNEY GENERAL,,WRITE IN,,0.000000
2014,19033033032,AUDITOR OF STATE,,JONATHAN NEIDERBACH,DEMOCRATIC PARTY,557.000000
2014,19033033032,AUDITOR OF STATE,,MARY MOSIMAN,REPUBLICAN PARTY,696.000000
2014,19033033032,AUDITOR OF STATE,,WRITE IN,,2.000000
2014,19033033032,GOVERNOR,,JACK HATCH MONICA VERNON,DEMOCRATIC PARTY,486.000000
2014,19033033032,GOVERNOR,,JIM HENNAGER MARY MARGARET KRIEG,NEW INDEPENDENT PARTY IOWA,4.000000
2014,19033033032,GOVERNOR,,JONATHAN R NARCISSE MICHAEL L RICHARDS,IOWA PARTY,4.000000
2014,19033033032,GOVERNOR,,LEE DEAKINS HIEB TIM WATSON,LIBERTARIAN PARTY,17.000000
2014,19033033032,GOVERNOR,,TERRY E BRANSTAD KIM REYNOLDS,REPUBLICAN PARTY,813.000000
2014,19033033032,GOVERNOR,,WRITE IN,,0.000000
2014,19033033032,SECRETARY OF AGRICULTURE,,BILL NORTHEY,REPUBLICAN PARTY,801.000000
2014,19033033032,SECRETARY OF AGRICULTURE,,LEVI BENNING,NEW INDEPENDENT PARTY IOWA,28.000000
2014,19033033032,SECRETARY OF AGRICULTURE,,SHERRIE TAHA,DEMOCRATIC PARTY,455.000000
2014,19033033032,SECRETARY OF AGRICULTURE,,WRITE IN,,0.000000
2014,19033033032,SECRETARY OF STATE,,BRAD ANDERSON,DEMOCRATIC PARTY,607.000000
2014,19033033032,SECRETARY OF STATE,,JAKE PORTER,LIBERTARIAN PARTY,27.000000
2014,19033033032,SECRETARY OF STATE,,PAUL D PATE,REPUBLICAN PARTY,619.000000
2014,19033033032,SECRETARY OF STATE,,SPENCER HIGHLAND,NEW INDEPENDENT PARTY IOWA,15.000000
2014,19033033032,SECRETARY OF STATE,,WRITE IN,,1.000000
2014,19033033032,TREASURER OF STATE,,KEITH A LAUBE,LIBERTARIAN PARTY,31.000000
2014,19033033032,TREASURER OF STATE,,MICHAEL L FITZGERALD,DEMOCRATIC PARTY,796.000000
2014,19033033032,TREASURER OF STATE,,SAM CLOVIS,REPUBLICAN PARTY,467.000000
2014,19033033032,TREASURER OF STATE,,WRITE IN,,1.000000
2014,19033033032,U S SENATE,,BOB QUAST,BOB QUAST FOR TERM LIMITS,1.000000
2014,19033033032,U S SENATE,,BRUCE BRALEY,DEMOCRATIC PARTY,737.000000
2014,19033033032,U S SENATE,,DOUGLAS BUTZIER,LIBERTARIAN PARTY,7.000000
2014,19033033032,U S SENATE,,JONI ERNST,REPUBLICAN PARTY,562.000000
2014,19033033032,U S SENATE,,RICK STEWART,INDEPENDENT,17.000000
2014,19033033032,U S SENATE,,RUTH SMITH,,3.000000
2014,19033033032,U S SENATE,,WRITE IN,,0.000000
2014,19033033033,ATTORNEY GENERAL,,ADAM GREGG,REPUBLICAN PARTY,167.000000
2014,19033033033,ATTORNEY GENERAL,,TOM MILLER,DEMOCRATIC PARTY,409.000000
2014,19033033033,ATTORNEY GENERAL,,WRITE IN,,2.000000
2014,19033033033,AUDITOR OF STATE,,JONATHAN NEIDERBACH,DEMOCRATIC PARTY,346.000000
2014,19033033033,AUDITOR OF STATE,,MARY MOSIMAN,REPUBLICAN PARTY,214.000000
2014,19033033033,AUDITOR OF STATE,,WRITE IN,,2.000000
2014,19033033033,GOVERNOR,,JACK HATCH MONICA VERNON,DEMOCRATIC PARTY,297.000000
2014,19033033033,GOVERNOR,,JIM HENNAGER MARY MARGARET KRIEG,NEW INDEPENDENT PARTY IOWA,9.000000
2014,19033033033,GOVERNOR,,JONATHAN R NARCISSE MICHAEL L RICHARDS,IOWA PARTY,3.000000
2014,19033033033,GOVERNOR,,LEE DEAKINS HIEB TIM WATSON,LIBERTARIAN PARTY,6.000000
2014,19033033033,GOVERNOR,,TERRY E BRANSTAD KIM REYNOLDS,REPUBLICAN PARTY,275.000000
2014,19033033033,GOVERNOR,,WRITE IN,,1.000000
2014,19033033033,SECRETARY OF AGRICULTURE,,BILL NORTHEY,REPUBLICAN PARTY,247.000000
2014,19033033033,SECRETARY OF AGRICULTURE,,LEVI BENNING,NEW INDEPENDENT PARTY IOWA,24.000000
2014,19033033033,SECRETARY OF AGRICULTURE,,SHERRIE TAHA,DEMOCRATIC PARTY,296.000000
2014,19033033033,SECRETARY OF AGRICULTURE,,WRITE IN,,2.000000
2014,19033033033,SECRETARY OF STATE,,BRAD ANDERSON,DEMOCRATIC PARTY,364.000000
2014,19033033033,SECRETARY OF STATE,,JAKE PORTER,LIBERTARIAN PARTY,20.000000
2014,19033033033,SECRETARY OF STATE,,PAUL D PATE,REPUBLICAN PARTY,175.000000
2014,19033033033,SECRETARY OF STATE,,SPENCER HIGHLAND,NEW INDEPENDENT PARTY IOWA,14.000000
2014,19033033033,SECRETARY OF STATE,,WRITE IN,,0.000000
2014,19033033033,TREASURER OF STATE,,KEITH A LAUBE,LIBERTARIAN PARTY,14.000000
2014,19033033033,TREASURER OF STATE,,MICHAEL L FITZGERALD,DEMOCRATIC PARTY,411.000000
2014,19033033033,TREASURER OF STATE,,SAM CLOVIS,REPUBLICAN PARTY,151.000000
2014,19033033033,TREASURER OF STATE,,WRITE IN,,1.000000
2014,19033033033,U S SENATE,,BOB QUAST,BOB QUAST FOR TERM LIMITS,3.000000
2014,19033033033,U S SENATE,,BRUCE BRALEY,DEMOCRATIC PARTY,395.000000
2014,19033033033,U S SENATE,,DOUGLAS BUTZIER,LIBERTARIAN PARTY,8.000000
2014,19033033033,U S SENATE,,JONI ERNST,REPUBLICAN PARTY,166.000000
2014,19033033033,U S SENATE,,RICK STEWART,INDEPENDENT,20.000000
2014,19033033033,U S SENATE,,RUTH SMITH,,2.000000
2014,19033033033,U S SENATE,,WRITE IN,,0.000000
2014,19033033034,ATTORNEY GENERAL,,ADAM GREGG,REPUBLICAN PARTY,288.000000
2014,19033033034,ATTORNEY GENERAL,,TOM MILLER,DEMOCRATIC PARTY,522.000000
2014,19033033034,ATTORNEY GENERAL,,WRITE IN,,1.000000
2014,19033033034,AUDITOR OF STATE,,JONATHAN NEIDERBACH,DEMOCRATIC PARTY,394.000000
2014,19033033034,AUDITOR OF STATE,,MARY MOSIMAN,REPUBLICAN PARTY,390.000000
2014,19033033034,AUDITOR OF STATE,,WRITE IN,,0.000000
2014,19033033034,GOVERNOR,,JACK HATCH MONICA VERNON,DEMOCRATIC PARTY,354.000000
2014,19033033034,GOVERNOR,,JIM HENNAGER MARY MARGARET KRIEG,NEW INDEPENDENT PARTY IOWA,6.000000
2014,19033033034,GOVERNOR,,JONATHAN R NARCISSE MICHAEL L RICHARDS,IOWA PARTY,1.000000
2014,19033033034,GOVERNOR,,LEE DEAKINS HIEB TIM WATSON,LIBERTARIAN PARTY,12.000000
2014,19033033034,GOVERNOR,,TERRY E BRANSTAD KIM REYNOLDS,REPUBLICAN PARTY,455.000000
2014,19033033034,GOVERNOR,,WRITE IN,,1.000000
2014,19033033034,SECRETARY OF AGRICULTURE,,BILL NORTHEY,REPUBLICAN PARTY,437.000000
2014,19033033034,SECRETARY OF AGRICULTURE,,LEVI BENNING,NEW INDEPENDENT PARTY IOWA,28.000000
2014,19033033034,SECRETARY OF AGRICULTURE,,SHERRIE TAHA,DEMOCRATIC PARTY,338.000000
2014,19033033034,SECRETARY OF AGRICULTURE,,WRITE IN,,0.000000
2014,19033033034,SECRETARY OF STATE,,BRAD ANDERSON,DEMOCRATIC PARTY,450.000000
2014,19033033034,SECRETARY OF STATE,,JAKE PORTER,LIBERTARIAN PARTY,18.000000
2014,19033033034,SECRETARY OF STATE,,PAUL D PATE,REPUBLICAN PARTY,321.000000
2014,19033033034,SECRETARY OF STATE,,SPENCER HIGHLAND,NEW INDEPENDENT PARTY IOWA,10.000000
2014,19033033034,SECRETARY OF STATE,,WRITE IN,,0.000000
2014,19033033034,TREASURER OF STATE,,KEITH A LAUBE,LIBERTARIAN PARTY,19.000000
2014,19033033034,TREASURER OF STATE,,MICHAEL L FITZGERALD,DEMOCRATIC PARTY,541.000000
2014,19033033034,TREASURER OF STATE,,SAM CLOVIS,REPUBLICAN PARTY,242.000000
2014,19033033034,TREASURER OF STATE,,WRITE IN,,0.000000
2014,19033033034,U S SENATE,,BOB QUAST,BOB QUAST FOR TERM LIMITS,0.000000
2014,19033033034,U S SENATE,,BRUCE BRALEY,DEMOCRATIC PARTY,510.000000
2014,19033033034,U S SENATE,,DOUGLAS BUTZIER,LIBERTARIAN PARTY,3.000000
2014,19033033034,U S SENATE,,JONI ERNST,REPUBLICAN PARTY,300.000000
2014,19033033034,U S SENATE,,RICK STEWART,INDEPENDENT,11.000000
2014,19033033034,U S SENATE,,RUTH SMITH,,2.000000
2014,19033033034,U S SENATE,,WRITE IN,,0.000000
2014,19033033035,ATTORNEY GENERAL,,ADAM GREGG,REPUBLICAN PARTY,357.000000
2014,19033033035,ATTORNEY GENERAL,,TOM MILLER,DEMOCRATIC PARTY,612.000000
2014,19033033035,ATTORNEY GENERAL,,WRITE IN,,0.000000
2014,19033033035,AUDITOR OF STATE,,JONATHAN NEIDERBACH,DEMOCRATIC PARTY,437.000000
2014,19033033035,AUDITOR OF STATE,,MARY MOSIMAN,REPUBLICAN PARTY,506.000000
2014,19033033035,AUDITOR OF STATE,,WRITE IN,,0.000000
2014,19033033035,GOVERNOR,,JACK HATCH MONICA VERNON,DEMOCRATIC PARTY,391.000000
2014,19033033035,GOVERNOR,,JIM HENNAGER MARY MARGARET KRIEG,NEW INDEPENDENT PARTY IOWA,5.000000
2014,19033033035,GOVERNOR,,JONATHAN R NARCISSE MICHAEL L RICHARDS,IOWA PARTY,4.000000
2014,19033033035,GOVERNOR,,LEE DEAKINS HIEB TIM WATSON,LIBERTARIAN PARTY,12.000000
2014,19033033035,GOVERNOR,,TERRY E BRANSTAD KIM REYNOLDS,REPUBLICAN PARTY,583.000000
2014,19033033035,GOVERNOR,,WRITE IN,,0.000000
2014,19033033035,SECRETARY OF AGRICULTURE,,BILL NORTHEY,REPUBLICAN PARTY,553.000000
2014,19033033035,SECRETARY OF AGRICULTURE,,LEVI BENNING,NEW INDEPENDENT PARTY IOWA,23.000000
2014,19033033035,SECRETARY OF AGRICULTURE,,SHERRIE TAHA,DEMOCRATIC PARTY,386.000000
2014,19033033035,SECRETARY OF AGRICULTURE,,WRITE IN,,0.000000
2014,19033033035,SECRETARY OF STATE,,BRAD ANDERSON,DEMOCRATIC PARTY,485.000000
2014,19033033035,SECRETARY OF STATE,,JAKE PORTER,LIBERTARIAN PARTY,35.000000
2014,19033033035,SECRETARY OF STATE,,PAUL D PATE,REPUBLICAN PARTY,429.000000
2014,19033033035,SECRETARY OF STATE,,SPENCER HIGHLAND,NEW INDEPENDENT PARTY IOWA,10.000000
2014,19033033035,SECRETARY OF STATE,,WRITE IN,,0.000000
2014,19033033035,TREASURER OF STATE,,KEITH A LAUBE,LIBERTARIAN PARTY,23.000000
2014,19033033035,TREASURER OF STATE,,MICHAEL L FITZGERALD,DEMOCRATIC PARTY,621.000000
2014,19033033035,TREASURER OF STATE,,SAM CLOVIS,REPUBLICAN PARTY,326.000000
2014,19033033035,TREASURER OF STATE,,WRITE IN,,0.000000
2014,19033033035,U S SENATE,,BOB QUAST,BOB QUAST FOR TERM LIMITS,4.000000
2014,19033033035,U S SENATE,,BRUCE BRALEY,DEMOCRATIC PARTY,553.000000
2014,19033033035,U S SENATE,,DOUGLAS BUTZIER,LIBERTARIAN PARTY,11.000000
2014,19033033035,U S SENATE,,JONI ERNST,REPUBLICAN PARTY,399.000000
2014,19033033035,U S SENATE,,RICK STEWART,INDEPENDENT,21.000000
2014,19033033035,U S SENATE,,RUTH SMITH,,5.000000
2014,19033033035,U S SENATE,,WRITE IN,,0.000000
2014,19037037002,ATTORNEY GENERAL,,ADAM GREGG,REPUBLICAN PARTY,47.000000
2014,19037037002,ATTORNEY GENERAL,,TOM MILLER,DEMOCRATIC PARTY,96.000000
2014,19037037002,ATTORNEY GENERAL,,WRITE IN,,0.000000
2014,19037037002,AUDITOR OF STATE,,JONATHAN NEIDERBACH,DEMOCRATIC PARTY,81.000000
2014,19037037002,AUDITOR OF STATE,,MARY MOSIMAN,REPUBLICAN PARTY,58.000000
2014,19037037002,AUDITOR OF STATE,,WRITE IN,,0.000000
2014,19037037002,GOVERNOR,,JACK HATCH MONICA VERNON,DEMOCRATIC PARTY,73.000000
2014,19037037002,GOVERNOR,,JIM HENNAGER MARY MARGARET KRIEG,NEW INDEPENDENT PARTY IOWA,0.000000
2014,19037037002,GOVERNOR,,JONATHAN R NARCISSE MICHAEL L RICHARDS,IOWA PARTY,1.000000
2014,19037037002,GOVERNOR,,LEE DEAKINS HIEB TIM WATSON,LIBERTARIAN PARTY,2.000000
2014,19037037002,GOVERNOR,,TERRY E BRANSTAD KIM REYNOLDS,REPUBLICAN PARTY,74.000000
2014,19037037002,GOVERNOR,,WRITE IN,,0.000000
2014,19037037002,SECRETARY OF AGRICULTURE,,BILL NORTHEY,REPUBLICAN PARTY,83.000000
2014,19037037002,SECRETARY OF AGRICULTURE,,LEVI BENNING,NEW INDEPENDENT PARTY IOWA,5.000000
2014,19037037002,SECRETARY OF AGRICULTURE,,SHERRIE TAHA,DEMOCRATIC PARTY,54.000000
2014,19037037002,SECRETARY OF AGRICULTURE,,WRITE IN,,0.000000
2014,19037037002,SECRETARY OF STATE,,BRAD ANDERSON,DEMOCRATIC PARTY,91.000000
2014,19037037002,SECRETARY OF STATE,,JAKE PORTER,LIBERTARIAN PARTY,4.000000
2014,19037037002,SECRETARY OF STATE,,PAUL D PATE,REPUBLICAN PARTY,48.000000
2014,19037037002,SECRETARY OF STATE,,SPENCER HIGHLAND,NEW INDEPENDENT PARTY IOWA,1.000000
2014,19037037002,SECRETARY OF STATE,,WRITE IN,,0.000000
2014,19037037002,TREASURER OF STATE,,KEITH A LAUBE,LIBERTARIAN PARTY,9.000000
2014,19037037002,TREASURER OF STATE,,MICHAEL L FITZGERALD,DEMOCRATIC PARTY,92.000000
2014,19037037002,TREASURER OF STATE,,SAM CLOVIS,REPUBLICAN PARTY,38.000000
2014,19037037002,TREASURER OF STATE,,WRITE IN,,0.000000
2014,19037037002,U S SENATE,,BOB QUAST,BOB QUAST FOR TERM LIMITS,0.000000
2014,19037037002,U S SENATE,,BRUCE BRALEY,DEMOCRATIC PARTY,83.000000
2014,19037037002,U S SENATE,,DOUGLAS BUTZIER,LIBERTARIAN PARTY,0.000000
2014,19037037002,U S SENATE,,JONI ERNST,REPUBLICAN PARTY,62.000000
2014,19037037002,U S SENATE,,RICK STEWART,INDEPENDENT,4.000000
2014,19037037002,U S SENATE,,RUTH SMITH,,1.000000
2014,19037037002,U S SENATE,,WRITE IN,,0.000000
2014,19037037006,ATTORNEY GENERAL,,ADAM GREGG,REPUBLICAN PARTY,128.000000
2014,19037037006,ATTORNEY GENERAL,,TOM MILLER,DEMOCRATIC PARTY,271.000000
2014,19037037006,ATTORNEY GENERAL,,WRITE IN,,0.000000
2014,19037037006,AUDITOR OF STATE,,JONATHAN NEIDERBACH,DEMOCRATIC PARTY,180.000000
2014,19037037006,AUDITOR OF STATE,,MARY MOSIMAN,REPUBLICAN PARTY,188.000000
2014,19037037006,AUDITOR OF STATE,,WRITE IN,,1.000000
2014,19037037006,GOVERNOR,,JACK HATCH MONICA VERNON,DEMOCRATIC PARTY,145.000000
2014,19037037006,GOVERNOR,,JIM HENNAGER MARY MARGARET KRIEG,NEW INDEPENDENT PARTY IOWA,2.000000
2014,19037037006,GOVERNOR,,JONATHAN R NARCISSE MICHAEL L RICHARDS,IOWA PARTY,4.000000
2014,19037037006,GOVERNOR,,LEE DEAKINS HIEB TIM WATSON,LIBERTARIAN PARTY,5.000000
2014,19037037006,GOVERNOR,,TERRY E BRANSTAD KIM REYNOLDS,REPUBLICAN PARTY,267.000000
2014,19037037006,GOVERNOR,,WRITE IN,,0.000000
2014,19037037006,SECRETARY OF AGRICULTURE,,BILL NORTHEY,REPUBLICAN PARTY,300.000000
2014,19037037006,SECRETARY OF AGRICULTURE,,LEVI BENNING,NEW INDEPENDENT PARTY IOWA,18.000000
2014,19037037006,SECRETARY OF AGRICULTURE,,SHERRIE TAHA,DEMOCRATIC PARTY,88.000000
2014,19037037006,SECRETARY OF AGRICULTURE,,WRITE IN,,0.000000
2014,19037037006,SECRETARY OF STATE,,BRAD ANDERSON,DEMOCRATIC PARTY,218.000000
2014,19037037006,SECRETARY OF STATE,,JAKE PORTER,LIBERTARIAN PARTY,4.000000
2014,19037037006,SECRETARY OF STATE,,PAUL D PATE,REPUBLICAN PARTY,170.000000
2014,19037037006,SECRETARY OF STATE,,SPENCER HIGHLAND,NEW INDEPENDENT PARTY IOWA,4.000000
2014,19037037006,SECRETARY OF STATE,,WRITE IN,,0.000000
2014,19037037006,TREASURER OF STATE,,KEITH A LAUBE,LIBERTARIAN PARTY,17.000000
2014,19037037006,TREASURER OF STATE,,MICHAEL L FITZGERALD,DEMOCRATIC PARTY,255.000000
2014,19037037006,TREASURER OF STATE,,SAM CLOVIS,REPUBLICAN PARTY,122.000000
2014,19037037006,TREASURER OF STATE,,WRITE IN,,0.000000
2014,19037037006,U S SENATE,,BOB QUAST,BOB QUAST FOR TERM LIMITS,3.000000
2014,19037037006,U S SENATE,,BRUCE BRALEY,DEMOCRATIC PARTY,177.000000
2014,19037037006,U S SENATE,,DOUGLAS BUTZIER,LIBERTARIAN PARTY,4.000000
2014,19037037006,U S SENATE,,JONI ERNST,REPUBLICAN PARTY,221.000000
2014,19037037006,U S SENATE,,RICK STEWART,INDEPENDENT,11.000000
2014,19037037006,U S SENATE,,RUTH SMITH,,5.000000
2014,19037037006,U S SENATE,,WRITE IN,,0.000000
2014,19037037012,ATTORNEY GENERAL,,ADAM GREGG,REPUBLICAN PARTY,51.000000
2014,19037037012,ATTORNEY GENERAL,,TOM MILLER,DEMOCRATIC PARTY,109.000000
2014,19037037012,ATTORNEY GENERAL,,WRITE IN,,0.000000
2014,19037037012,AUDITOR OF STATE,,JONATHAN NEIDERBACH,DEMOCRATIC PARTY,78.000000
2014,19037037012,AUDITOR OF STATE,,MARY MOSIMAN,REPUBLICAN PARTY,79.000000
2014,19037037012,AUDITOR OF STATE,,WRITE IN,,0.000000
2014,19037037012,GOVERNOR,,JACK HATCH MONICA VERNON,DEMOCRATIC PARTY,69.000000
2014,19037037012,GOVERNOR,,JIM HENNAGER MARY MARGARET KRIEG,NEW INDEPENDENT PARTY IOWA,2.000000
2014,19037037012,GOVERNOR,,JONATHAN R NARCISSE MICHAEL L RICHARDS,IOWA PARTY,1.000000
2014,19037037012,GOVERNOR,,LEE DEAKINS HIEB TIM WATSON,LIBERTARIAN PARTY,0.000000
2014,19037037012,GOVERNOR,,TERRY E BRANSTAD KIM REYNOLDS,REPUBLICAN PARTY,96.000000
2014,19037037012,GOVERNOR,,WRITE IN,,0.000000
2014,19037037012,SECRETARY OF AGRICULTURE,,BILL NORTHEY,REPUBLICAN PARTY,106.000000
2014,19037037012,SECRETARY OF AGRICULTURE,,LEVI BENNING,NEW INDEPENDENT PARTY IOWA,4.000000
2014,19037037012,SECRETARY OF AGRICULTURE,,SHERRIE TAHA,DEMOCRATIC PARTY,51.000000
2014,19037037012,SECRETARY OF AGRICULTURE,,WRITE IN,,0.000000
2014,19037037012,SECRETARY OF STATE,,BRAD ANDERSON,DEMOCRATIC PARTY,85.000000
2014,19037037012,SECRETARY OF STATE,,JAKE PORTER,LIBERTARIAN PARTY,5.000000
2014,19037037012,SECRETARY OF STATE,,PAUL D PATE,REPUBLICAN PARTY,69.000000
2014,19037037012,SECRETARY OF STATE,,SPENCER HIGHLAND,NEW INDEPENDENT PARTY IOWA,2.000000
2014,19037037012,SECRETARY OF STATE,,WRITE IN,,0.000000
2014,19037037012,TREASURER OF STATE,,KEITH A LAUBE,LIBERTARIAN PARTY,10.000000
2014,19037037012,TREASURER OF STATE,,MICHAEL L FITZGERALD,DEMOCRATIC PARTY,98.000000
2014,19037037012,TREASURER OF STATE,,SAM CLOVIS,REPUBLICAN PARTY,51.000000
2014,19037037012,TREASURER OF STATE,,WRITE IN,,0.000000
2014,19037037012,U S SENATE,,BOB QUAST,BOB QUAST FOR TERM LIMITS,3.000000
2014,19037037012,U S SENATE,,BRUCE BRALEY,DEMOCRATIC PARTY,76.000000
2014,19037037012,U S SENATE,,DOUGLAS BUTZIER,LIBERTARIAN PARTY,1.000000
2014,19037037012,U S SENATE,,JONI ERNST,REPUBLICAN PARTY,77.000000
2014,19037037012,U S SENATE,,RICK STEWART,INDEPENDENT,12.000000
2014,19037037012,U S SENATE,,RUTH SMITH,,0.000000
2014,19037037012,U S SENATE,,WRITE IN,,0.000000
2014,19037037014,ATTORNEY GENERAL,,ADAM GREGG,REPUBLICAN PARTY,284.000000
2014,19037037014,ATTORNEY GENERAL,,TOM MILLER,DEMOCRATIC PARTY,365.000000
2014,19037037014,ATTORNEY GENERAL,,WRITE IN,,0.000000
2014,19037037014,AUDITOR OF STATE,,JONATHAN NEIDERBACH,DEMOCRATIC PARTY,235.000000
2014,19037037014,AUDITOR OF STATE,,MARY MOSIMAN,REPUBLICAN PARTY,391.000000
2014,19037037014,AUDITOR OF STATE,,WRITE IN,,1.000000
2014,19037037014,GOVERNOR,,JACK HATCH MONICA VERNON,DEMOCRATIC PARTY,206.000000
2014,19037037014,GOVERNOR,,JIM HENNAGER MARY MARGARET KRIEG,NEW INDEPENDENT PARTY IOWA,3.000000
2014,19037037014,GOVERNOR,,JONATHAN R NARCISSE MICHAEL L RICHARDS,IOWA PARTY,3.000000
2014,19037037014,GOVERNOR,,LEE DEAKINS HIEB TIM WATSON,LIBERTARIAN PARTY,6.000000
2014,19037037014,GOVERNOR,,TERRY E BRANSTAD KIM REYNOLDS,REPUBLICAN PARTY,446.000000
2014,19037037014,GOVERNOR,,WRITE IN,,2.000000
2014,19037037014,SECRETARY OF AGRICULTURE,,BILL NORTHEY,REPUBLICAN PARTY,476.000000
2014,19037037014,SECRETARY OF AGRICULTURE,,LEVI BENNING,NEW INDEPENDENT PARTY IOWA,18.000000
2014,19037037014,SECRETARY OF AGRICULTURE,,SHERRIE TAHA,DEMOCRATIC PARTY,147.000000
2014,19037037014,SECRETARY OF AGRICULTURE,,WRITE IN,,0.000000
2014,19037037014,SECRETARY OF STATE,,BRAD ANDERSON,DEMOCRATIC PARTY,275.000000
2014,19037037014,SECRETARY OF STATE,,JAKE PORTER,LIBERTARIAN PARTY,18.000000
2014,19037037014,SECRETARY OF STATE,,PAUL D PATE,REPUBLICAN PARTY,343.000000
2014,19037037014,SECRETARY OF STATE,,SPENCER HIGHLAND,NEW INDEPENDENT PARTY IOWA,10.000000
2014,19037037014,SECRETARY OF STATE,,WRITE IN,,0.000000
2014,19037037014,TREASURER OF STATE,,KEITH A LAUBE,LIBERTARIAN PARTY,38.000000
2014,19037037014,TREASURER OF STATE,,MICHAEL L FITZGERALD,DEMOCRATIC PARTY,315.000000
2014,19037037014,TREASURER OF STATE,,SAM CLOVIS,REPUBLICAN PARTY,291.000000
2014,19037037014,TREASURER OF STATE,,WRITE IN,,0.000000
2014,19037037014,U S SENATE,,BOB QUAST,BOB QUAST FOR TERM LIMITS,5.000000
2014,19037037014,U S SENATE,,BRUCE BRALEY,DEMOCRATIC PARTY,239.000000
2014,19037037014,U S SENATE,,DOUGLAS BUTZIER,LIBERTARIAN PARTY,6.000000
2014,19037037014,U S SENATE,,JONI ERNST,REPUBLICAN PARTY,383.000000
2014,19037037014,U S SENATE,,RICK STEWART,INDEPENDENT,26.000000
2014,19037037014,U S SENATE,,RUTH SMITH,,3.000000
2014,19037037014,U S SENATE,,WRITE IN,,1.000000
2014,19041041015,ATTORNEY GENERAL,,ADAM GREGG,REPUBLICAN PARTY,92.000000
2014,19041041015,ATTORNEY GENERAL,,TOM MILLER,DEMOCRATIC PARTY,73.000000
2014,19041041015,ATTORNEY GENERAL,,WRITE IN,,0.000000
2014,19041041015,AUDITOR OF STATE,,JONATHAN NEIDERBACH,DEMOCRATIC PARTY,43.000000
2014,19041041015,AUDITOR OF STATE,,MARY MOSIMAN,REPUBLICAN PARTY,116.000000
2014,19041041015,AUDITOR OF STATE,,WRITE IN,,0.000000
2014,19041041015,GOVERNOR,,JACK HATCH MONICA VERNON,DEMOCRATIC PARTY,41.000000
2014,19041041015,GOVERNOR,,JIM HENNAGER MARY MARGARET KRIEG,NEW INDEPENDENT PARTY IOWA,3.000000
2014,19041041015,GOVERNOR,,JONATHAN R NARCISSE MICHAEL L RICHARDS,IOWA PARTY,0.000000
2014,19041041015,GOVERNOR,,LEE DEAKINS HIEB TIM WATSON,LIBERTARIAN PARTY,2.000000
2014,19041041015,GOVERNOR,,TERRY E BRANSTAD KIM REYNOLDS,REPUBLICAN PARTY,139.000000
2014,19041041015,GOVERNOR,,WRITE IN,,0.000000
2014,19041041015,SECRETARY OF AGRICULTURE,,BILL NORTHEY,REPUBLICAN PARTY,146.000000
2014,19041041015,SECRETARY OF AGRICULTURE,,LEVI BENNING,NEW INDEPENDENT PARTY IOWA,5.000000
2014,19041041015,SECRETARY OF AGRICULTURE,,SHERRIE TAHA,DEMOCRATIC PARTY,28.000000
2014,19041041015,SECRETARY OF AGRICULTURE,,WRITE IN,,0.000000
2014,19041041015,SECRETARY OF STATE,,BRAD ANDERSON,DEMOCRATIC PARTY,57.000000
2014,19041041015,SECRETARY OF STATE,,JAKE PORTER,LIBERTARIAN PARTY,6.000000
2014,19041041015,SECRETARY OF STATE,,PAUL D PATE,REPUBLICAN PARTY,100.000000
2014,19041041015,SECRETARY OF STATE,,SPENCER HIGHLAND,NEW INDEPENDENT PARTY IOWA,3.000000
2014,19041041015,SECRETARY OF STATE,,WRITE IN,,0.000000
2014,19041041015,TREASURER OF STATE,,KEITH A LAUBE,LIBERTARIAN PARTY,6.000000
2014,19041041015,TREASURER OF STATE,,MICHAEL L FITZGERALD,DEMOCRATIC PARTY,73.000000
2014,19041041015,TREASURER OF STATE,,SAM CLOVIS,REPUBLICAN PARTY,88.000000
2014,19041041015,TREASURER OF STATE,,WRITE IN,,0.000000
2014,19041041015,U S SENATE,,BOB QUAST,BOB QUAST FOR TERM LIMITS,1.000000
2014,19041041015,U S SENATE,,BRUCE BRALEY,DEMOCRATIC PARTY,46.000000
2014,19041041015,U S SENATE,,DOUGLAS BUTZIER,LIBERTARIAN PARTY,0.000000
2014,19041041015,U S SENATE,,JONI ERNST,REPUBLICAN PARTY,124.000000
2014,19041041015,U S SENATE,,RICK STEWART,INDEPENDENT,9.000000
2014,19041041015,U S SENATE,,RUTH SMITH,,2.000000
2014,19041041015,U S SENATE,,WRITE IN,,1.000000
2014,19043043005,ATTORNEY GENERAL,,ADAM GREGG,REPUBLICAN PARTY,243.000000
2014,19043043005,ATTORNEY GENERAL,,TOM MILLER,DEMOCRATIC PARTY,479.000000
2014,19043043005,ATTORNEY GENERAL,,WRITE IN,,1.000000
2014,19043043005,AUDITOR OF STATE,,JONATHAN NEIDERBACH,DEMOCRATIC PARTY,314.000000
2014,19043043005,AUDITOR OF STATE,,MARY MOSIMAN,REPUBLICAN PARTY,367.000000
2014,19043043005,AUDITOR OF STATE,,WRITE IN,,3.000000
2014,19043043005,GOVERNOR,,JACK HATCH MONICA VERNON,DEMOCRATIC PARTY,295.000000
2014,19043043005,GOVERNOR,,JIM HENNAGER MARY MARGARET KRIEG,NEW INDEPENDENT PARTY IOWA,8.000000
2014,19043043005,GOVERNOR,,JONATHAN R NARCISSE MICHAEL L RICHARDS,IOWA PARTY,6.000000
2014,19043043005,GOVERNOR,,LEE DEAKINS HIEB TIM WATSON,LIBERTARIAN PARTY,8.000000
2014,19043043005,GOVERNOR,,TERRY E BRANSTAD KIM REYNOLDS,REPUBLICAN PARTY,422.000000
2014,19043043005,GOVERNOR,,WRITE IN,,0.000000
2014,19043043005,SECRETARY OF AGRICULTURE,,BILL NORTHEY,REPUBLICAN PARTY,400.000000
2014,19043043005,SECRETARY OF AGRICULTURE,,LEVI BENNING,NEW INDEPENDENT PARTY IOWA,35.000000
2014,19043043005,SECRETARY OF AGRICULTURE,,SHERRIE TAHA,DEMOCRATIC PARTY,260.000000
2014,19043043005,SECRETARY OF AGRICULTURE,,WRITE IN,,1.000000
2014,19043043005,SECRETARY OF STATE,,BRAD ANDERSON,DEMOCRATIC PARTY,342.000000
2014,19043043005,SECRETARY OF STATE,,JAKE PORTER,LIBERTARIAN PARTY,24.000000
2014,19043043005,SECRETARY OF STATE,,PAUL D PATE,REPUBLICAN PARTY,315.000000
2014,19043043005,SECRETARY OF STATE,,SPENCER HIGHLAND,NEW INDEPENDENT PARTY IOWA,19.000000
2014,19043043005,SECRETARY OF STATE,,WRITE IN,,0.000000
2014,19043043005,TREASURER OF STATE,,KEITH A LAUBE,LIBERTARIAN PARTY,28.000000
2014,19043043005,TREASURER OF STATE,,MICHAEL L FITZGERALD,DEMOCRATIC PARTY,402.000000
2014,19043043005,TREASURER OF STATE,,SAM CLOVIS,REPUBLICAN PARTY,268.000000
2014,19043043005,TREASURER OF STATE,,WRITE IN,,1.000000
2014,19043043005,U S SENATE,,BOB QUAST,BOB QUAST FOR TERM LIMITS,5.000000
2014,19043043005,U S SENATE,,BRUCE BRALEY,DEMOCRATIC PARTY,361.000000
2014,19043043005,U S SENATE,,DOUGLAS BUTZIER,LIBERTARIAN PARTY,13.000000
2014,19043043005,U S SENATE,,JONI ERNST,REPUBLICAN PARTY,337.000000
2014,19043043005,U S SENATE,,RICK STEWART,INDEPENDENT,18.000000
2014,19043043005,U S SENATE,,RUTH SMITH,,1.000000
2014,19043043005,U S SENATE,,WRITE IN,,0.000000
2014,19043043010,ATTORNEY GENERAL,,ADAM GREGG,REPUBLICAN PARTY,83.000000
2014,19043043010,ATTORNEY GENERAL,,TOM MILLER,DEMOCRATIC PARTY,49.000000
2014,19043043010,ATTORNEY GENERAL,,WRITE IN,,0.000000
2014,19043043010,AUDITOR OF STATE,,JONATHAN NEIDERBACH,DEMOCRATIC PARTY,27.000000
2014,19043043010,AUDITOR OF STATE,,MARY MOSIMAN,REPUBLICAN PARTY,101.000000
2014,19043043010,AUDITOR OF STATE,,WRITE IN,,0.000000
2014,19043043010,GOVERNOR,,JACK HATCH MONICA VERNON,DEMOCRATIC PARTY,26.000000
2014,19043043010,GOVERNOR,,JIM HENNAGER MARY MARGARET KRIEG,NEW INDEPENDENT PARTY IOWA,4.000000
2014,19043043010,GOVERNOR,,JONATHAN R NARCISSE MICHAEL L RICHARDS,IOWA PARTY,0.000000
2014,19043043010,GOVERNOR,,LEE DEAKINS HIEB TIM WATSON,LIBERTARIAN PARTY,0.000000
2014,19043043010,GOVERNOR,,TERRY E BRANSTAD KIM REYNOLDS,REPUBLICAN PARTY,103.000000
2014,19043043010,GOVERNOR,,WRITE IN,,0.000000
2014,19043043010,SECRETARY OF AGRICULTURE,,BILL NORTHEY,REPUBLICAN PARTY,112.000000
2014,19043043010,SECRETARY OF AGRICULTURE,,LEVI BENNING,NEW INDEPENDENT PARTY IOWA,3.000000
2014,19043043010,SECRETARY OF AGRICULTURE,,SHERRIE TAHA,DEMOCRATIC PARTY,16.000000
2014,19043043010,SECRETARY OF AGRICULTURE,,WRITE IN,,0.000000
2014,19043043010,SECRETARY OF STATE,,BRAD ANDERSON,DEMOCRATIC PARTY,34.000000
2014,19043043010,SECRETARY OF STATE,,JAKE PORTER,LIBERTARIAN PARTY,1.000000
2014,19043043010,SECRETARY OF STATE,,PAUL D PATE,REPUBLICAN PARTY,94.000000
2014,19043043010,SECRETARY OF STATE,,SPENCER HIGHLAND,NEW INDEPENDENT PARTY IOWA,2.000000
2014,19043043010,SECRETARY OF STATE,,WRITE IN,,0.000000
2014,19043043010,TREASURER OF STATE,,KEITH A LAUBE,LIBERTARIAN PARTY,4.000000
2014,19043043010,TREASURER OF STATE,,MICHAEL L FITZGERALD,DEMOCRATIC PARTY,44.000000
2014,19043043010,TREASURER OF STATE,,SAM CLOVIS,REPUBLICAN PARTY,84.000000
2014,19043043010,TREASURER OF STATE,,WRITE IN,,0.000000
2014,19043043010,U S SENATE,,BOB QUAST,BOB QUAST FOR TERM LIMITS,0.000000
2014,19043043010,U S SENATE,,BRUCE BRALEY,DEMOCRATIC PARTY,28.000000
2014,19043043010,U S SENATE,,DOUGLAS BUTZIER,LIBERTARIAN PARTY,1.000000
2014,19043043010,U S SENATE,,JONI ERNST,REPUBLICAN PARTY,100.000000
2014,19043043010,U S SENATE,,RICK STEWART,INDEPENDENT,2.000000
2014,19043043010,U S SENATE,,RUTH SMITH,,1.000000
2014,19043043010,U S SENATE,,WRITE IN,,0.000000
2014,19043043013,ATTORNEY GENERAL,,ADAM GREGG,REPUBLICAN PARTY,54.000000
2014,19043043013,ATTORNEY GENERAL,,TOM MILLER,DEMOCRATIC PARTY,71.000000
2014,19043043013,ATTORNEY GENERAL,,WRITE IN,,0.000000
2014,19043043013,AUDITOR OF STATE,,JONATHAN NEIDERBACH,DEMOCRATIC PARTY,57.000000
2014,19043043013,AUDITOR OF STATE,,MARY MOSIMAN,REPUBLICAN PARTY,62.000000
2014,19043043013,AUDITOR OF STATE,,WRITE IN,,0.000000
2014,19043043013,GOVERNOR,,JACK HATCH MONICA VERNON,DEMOCRATIC PARTY,42.000000
2014,19043043013,GOVERNOR,,JIM HENNAGER MARY MARGARET KRIEG,NEW INDEPENDENT PARTY IOWA,4.000000
2014,19043043013,GOVERNOR,,JONATHAN R NARCISSE MICHAEL L RICHARDS,IOWA PARTY,0.000000
2014,19043043013,GOVERNOR,,LEE DEAKINS HIEB TIM WATSON,LIBERTARIAN PARTY,3.000000
2014,19043043013,GOVERNOR,,TERRY E BRANSTAD KIM REYNOLDS,REPUBLICAN PARTY,77.000000
2014,19043043013,GOVERNOR,,WRITE IN,,0.000000
2014,19043043013,SECRETARY OF AGRICULTURE,,BILL NORTHEY,REPUBLICAN PARTY,89.000000
2014,19043043013,SECRETARY OF AGRICULTURE,,LEVI BENNING,NEW INDEPENDENT PARTY IOWA,2.000000
2014,19043043013,SECRETARY OF AGRICULTURE,,SHERRIE TAHA,DEMOCRATIC PARTY,34.000000
2014,19043043013,SECRETARY OF AGRICULTURE,,WRITE IN,,0.000000
2014,19043043013,SECRETARY OF STATE,,BRAD ANDERSON,DEMOCRATIC PARTY,56.000000
2014,19043043013,SECRETARY OF STATE,,JAKE PORTER,LIBERTARIAN PARTY,2.000000
2014,19043043013,SECRETARY OF STATE,,PAUL D PATE,REPUBLICAN PARTY,60.000000
2014,19043043013,SECRETARY OF STATE,,SPENCER HIGHLAND,NEW INDEPENDENT PARTY IOWA,7.000000
2014,19043043013,SECRETARY OF STATE,,WRITE IN,,0.000000
2014,19043043013,TREASURER OF STATE,,KEITH A LAUBE,LIBERTARIAN PARTY,5.000000
2014,19043043013,TREASURER OF STATE,,MICHAEL L FITZGERALD,DEMOCRATIC PARTY,70.000000
2014,19043043013,TREASURER OF STATE,,SAM CLOVIS,REPUBLICAN PARTY,49.000000
2014,19043043013,TREASURER OF STATE,,WRITE IN,,0.000000
2014,19043043013,U S SENATE,,BOB QUAST,BOB QUAST FOR TERM LIMITS,1.000000
2014,19043043013,U S SENATE,,BRUCE BRALEY,DEMOCRATIC PARTY,52.000000
2014,19043043013,U S SENATE,,DOUGLAS BUTZIER,LIBERTARIAN PARTY,0.000000
2014,19043043013,U S SENATE,,JONI ERNST,REPUBLICAN PARTY,63.000000
2014,19043043013,U S SENATE,,RICK STEWART,INDEPENDENT,7.000000
2014,19043043013,U S SENATE,,RUTH SMITH,,1.000000
2014,19043043013,U S SENATE,,WRITE IN,,0.000000
2014,19043043019,ATTORNEY GENERAL,,ADAM GREGG,REPUBLICAN PARTY,273.000000
2014,19043043019,ATTORNEY GENERAL,,TOM MILLER,DEMOCRATIC PARTY,357.000000
2014,19043043019,ATTORNEY GENERAL,,WRITE IN,,0.000000
2014,19043043019,AUDITOR OF STATE,,JONATHAN NEIDERBACH,DEMOCRATIC PARTY,255.000000
2014,19043043019,AUDITOR OF STATE,,MARY MOSIMAN,REPUBLICAN PARTY,367.000000
2014,19043043019,AUDITOR OF STATE,,WRITE IN,,0.000000
2014,19043043019,GOVERNOR,,JACK HATCH MONICA VERNON,DEMOCRATIC PARTY,250.000000
2014,19043043019,GOVERNOR,,JIM HENNAGER MARY MARGARET KRIEG,NEW INDEPENDENT PARTY IOWA,3.000000
2014,19043043019,GOVERNOR,,JONATHAN R NARCISSE MICHAEL L RICHARDS,IOWA PARTY,7.000000
2014,19043043019,GOVERNOR,,LEE DEAKINS HIEB TIM WATSON,LIBERTARIAN PARTY,7.000000
2014,19043043019,GOVERNOR,,TERRY E BRANSTAD KIM REYNOLDS,REPUBLICAN PARTY,387.000000
2014,19043043019,GOVERNOR,,WRITE IN,,0.000000
2014,19043043019,SECRETARY OF AGRICULTURE,,BILL NORTHEY,REPUBLICAN PARTY,411.000000
2014,19043043019,SECRETARY OF AGRICULTURE,,LEVI BENNING,NEW INDEPENDENT PARTY IOWA,21.000000
2014,19043043019,SECRETARY OF AGRICULTURE,,SHERRIE TAHA,DEMOCRATIC PARTY,198.000000
2014,19043043019,SECRETARY OF AGRICULTURE,,WRITE IN,,0.000000
2014,19043043019,SECRETARY OF STATE,,BRAD ANDERSON,DEMOCRATIC PARTY,287.000000
2014,19043043019,SECRETARY OF STATE,,JAKE PORTER,LIBERTARIAN PARTY,13.000000
2014,19043043019,SECRETARY OF STATE,,PAUL D PATE,REPUBLICAN PARTY,322.000000
2014,19043043019,SECRETARY OF STATE,,SPENCER HIGHLAND,NEW INDEPENDENT PARTY IOWA,14.000000
2014,19043043019,SECRETARY OF STATE,,WRITE IN,,0.000000
2014,19043043019,TREASURER OF STATE,,KEITH A LAUBE,LIBERTARIAN PARTY,15.000000
2014,19043043019,TREASURER OF STATE,,MICHAEL L FITZGERALD,DEMOCRATIC PARTY,345.000000
2014,19043043019,TREASURER OF STATE,,SAM CLOVIS,REPUBLICAN PARTY,272.000000
2014,19043043019,TREASURER OF STATE,,WRITE IN,,0.000000
2014,19043043019,U S SENATE,,BOB QUAST,BOB QUAST FOR TERM LIMITS,1.000000
2014,19043043019,U S SENATE,,BRUCE BRALEY,DEMOCRATIC PARTY,285.000000
2014,19043043019,U S SENATE,,DOUGLAS BUTZIER,LIBERTARIAN PARTY,7.000000
2014,19043043019,U S SENATE,,JONI ERNST,REPUBLICAN PARTY,352.000000
2014,19043043019,U S SENATE,,RICK STEWART,INDEPENDENT,10.000000
2014,19043043019,U S SENATE,,RUTH SMITH,,2.000000
2014,19043043019,U S SENATE,,WRITE IN,,0.000000
2014,19043043026,ATTORNEY GENERAL,,ADAM GREGG,REPUBLICAN PARTY,34.000000
2014,19043043026,ATTORNEY GENERAL,,TOM MILLER,DEMOCRATIC PARTY,96.000000
2014,19043043026,ATTORNEY GENERAL,,WRITE IN,,0.000000
2014,19043043026,AUDITOR OF STATE,,JONATHAN NEIDERBACH,DEMOCRATIC PARTY,79.000000
2014,19043043026,AUDITOR OF STATE,,MARY MOSIMAN,REPUBLICAN PARTY,43.000000
2014,19043043026,AUDITOR OF STATE,,WRITE IN,,0.000000
2014,19043043026,GOVERNOR,,JACK HATCH MONICA VERNON,DEMOCRATIC PARTY,69.000000
2014,19043043026,GOVERNOR,,JIM HENNAGER MARY MARGARET KRIEG,NEW INDEPENDENT PARTY IOWA,4.000000
2014,19043043026,GOVERNOR,,JONATHAN R NARCISSE MICHAEL L RICHARDS,IOWA PARTY,0.000000
2014,19043043026,GOVERNOR,,LEE DEAKINS HIEB TIM WATSON,LIBERTARIAN PARTY,2.000000
2014,19043043026,GOVERNOR,,TERRY E BRANSTAD KIM REYNOLDS,REPUBLICAN PARTY,57.000000
2014,19043043026,GOVERNOR,,WRITE IN,,0.000000
2014,19043043026,SECRETARY OF AGRICULTURE,,BILL NORTHEY,REPUBLICAN PARTY,57.000000
2014,19043043026,SECRETARY OF AGRICULTURE,,LEVI BENNING,NEW INDEPENDENT PARTY IOWA,8.000000
2014,19043043026,SECRETARY OF AGRICULTURE,,SHERRIE TAHA,DEMOCRATIC PARTY,61.000000
2014,19043043026,SECRETARY OF AGRICULTURE,,WRITE IN,,0.000000
2014,19043043026,SECRETARY OF STATE,,BRAD ANDERSON,DEMOCRATIC PARTY,78.000000
2014,19043043026,SECRETARY OF STATE,,JAKE PORTER,LIBERTARIAN PARTY,6.000000
2014,19043043026,SECRETARY OF STATE,,PAUL D PATE,REPUBLICAN PARTY,35.000000
2014,19043043026,SECRETARY OF STATE,,SPENCER HIGHLAND,NEW INDEPENDENT PARTY IOWA,7.000000
2014,19043043026,SECRETARY OF STATE,,WRITE IN,,0.000000
2014,19043043026,TREASURER OF STATE,,KEITH A LAUBE,LIBERTARIAN PARTY,6.000000
2014,19043043026,TREASURER OF STATE,,MICHAEL L FITZGERALD,DEMOCRATIC PARTY,98.000000
2014,19043043026,TREASURER OF STATE,,SAM CLOVIS,REPUBLICAN PARTY,27.000000
2014,19043043026,TREASURER OF STATE,,WRITE IN,,0.000000
2014,19043043026,U S SENATE,,BOB QUAST,BOB QUAST FOR TERM LIMITS,0.000000
2014,19043043026,U S SENATE,,BRUCE BRALEY,DEMOCRATIC PARTY,73.000000
2014,19043043026,U S SENATE,,DOUGLAS BUTZIER,LIBERTARIAN PARTY,6.000000
2014,19043043026,U S SENATE,,JONI ERNST,REPUBLICAN PARTY,46.000000
2014,19043043026,U S SENATE,,RICK STEWART,INDEPENDENT,6.000000
2014,19043043026,U S SENATE,,RUTH SMITH,,1.000000
2014,19043043026,U S SENATE,,WRITE IN,,0.000000
2014,19045045009,ATTORNEY GENERAL,,ADAM GREGG,REPUBLICAN PARTY,139.000000
2014,19045045009,ATTORNEY GENERAL,,TOM MILLER,DEMOCRATIC PARTY,115.000000
2014,19045045009,ATTORNEY GENERAL,,WRITE IN,,0.000000
2014,19045045009,AUDITOR OF STATE,,JONATHAN NEIDERBACH,DEMOCRATIC PARTY,85.000000
2014,19045045009,AUDITOR OF STATE,,MARY MOSIMAN,REPUBLICAN PARTY,165.000000
2014,19045045009,AUDITOR OF STATE,,WRITE IN,,0.000000
2014,19045045009,GOVERNOR,,JACK HATCH MONICA VERNON,DEMOCRATIC PARTY,52.000000
2014,19045045009,GOVERNOR,,JIM HENNAGER MARY MARGARET KRIEG,NEW INDEPENDENT PARTY IOWA,1.000000
2014,19045045009,GOVERNOR,,JONATHAN R NARCISSE MICHAEL L RICHARDS,IOWA PARTY,3.000000
2014,19045045009,GOVERNOR,,LEE DEAKINS HIEB TIM WATSON,LIBERTARIAN PARTY,5.000000
2014,19045045009,GOVERNOR,,TERRY E BRANSTAD KIM REYNOLDS,REPUBLICAN PARTY,206.000000
2014,19045045009,GOVERNOR,,WRITE IN,,0.000000
2014,19045045009,SECRETARY OF AGRICULTURE,,BILL NORTHEY,REPUBLICAN PARTY,192.000000
2014,19045045009,SECRETARY OF AGRICULTURE,,LEVI BENNING,NEW INDEPENDENT PARTY IOWA,7.000000
2014,19045045009,SECRETARY OF AGRICULTURE,,SHERRIE TAHA,DEMOCRATIC PARTY,61.000000
2014,19045045009,SECRETARY OF AGRICULTURE,,WRITE IN,,0.000000
2014,19045045009,SECRETARY OF STATE,,BRAD ANDERSON,DEMOCRATIC PARTY,84.000000
2014,19045045009,SECRETARY OF STATE,,JAKE PORTER,LIBERTARIAN PARTY,8.000000
2014,19045045009,SECRETARY OF STATE,,PAUL D PATE,REPUBLICAN PARTY,151.000000
2014,19045045009,SECRETARY OF STATE,,SPENCER HIGHLAND,NEW INDEPENDENT PARTY IOWA,9.000000
2014,19045045009,SECRETARY OF STATE,,WRITE IN,,0.000000
2014,19045045009,TREASURER OF STATE,,KEITH A LAUBE,LIBERTARIAN PARTY,12.000000
2014,19045045009,TREASURER OF STATE,,MICHAEL L FITZGERALD,DEMOCRATIC PARTY,96.000000
2014,19045045009,TREASURER OF STATE,,SAM CLOVIS,REPUBLICAN PARTY,145.000000
2014,19045045009,TREASURER OF STATE,,WRITE IN,,0.000000
2014,19045045009,U S SENATE,,BOB QUAST,BOB QUAST FOR TERM LIMITS,3.000000
2014,19045045009,U S SENATE,,BRUCE BRALEY,DEMOCRATIC PARTY,79.000000
2014,19045045009,U S SENATE,,DOUGLAS BUTZIER,LIBERTARIAN PARTY,3.000000
2014,19045045009,U S SENATE,,JONI ERNST,REPUBLICAN PARTY,177.000000
2014,19045045009,U S SENATE,,RICK STEWART,INDEPENDENT,2.000000
2014,19045045009,U S SENATE,,RUTH SMITH,,0.000000
2014,19045045009,U S SENATE,,WRITE IN,,0.000000
2014,19045045018,ATTORNEY GENERAL,,ADAM GREGG,REPUBLICAN PARTY,374.000000
2014,19045045018,ATTORNEY GENERAL,,TOM MILLER,DEMOCRATIC PARTY,289.000000
2014,19045045018,ATTORNEY GENERAL,,WRITE IN,,0.000000
2014,19045045018,AUDITOR OF STATE,,JONATHAN NEIDERBACH,DEMOCRATIC PARTY,203.000000
2014,19045045018,AUDITOR OF STATE,,MARY MOSIMAN,REPUBLICAN PARTY,450.000000
2014,19045045018,AUDITOR OF STATE,,WRITE IN,,0.000000
2014,19045045018,GOVERNOR,,JACK HATCH MONICA VERNON,DEMOCRATIC PARTY,160.000000
2014,19045045018,GOVERNOR,,JIM HENNAGER MARY MARGARET KRIEG,NEW INDEPENDENT PARTY IOWA,6.000000
2014,19045045018,GOVERNOR,,JONATHAN R NARCISSE MICHAEL L RICHARDS,IOWA PARTY,3.000000
2014,19045045018,GOVERNOR,,LEE DEAKINS HIEB TIM WATSON,LIBERTARIAN PARTY,7.000000
2014,19045045018,GOVERNOR,,TERRY E BRANSTAD KIM REYNOLDS,REPUBLICAN PARTY,517.000000
2014,19045045018,GOVERNOR,,WRITE IN,,0.000000
2014,19045045018,SECRETARY OF AGRICULTURE,,BILL NORTHEY,REPUBLICAN PARTY,498.000000
2014,19045045018,SECRETARY OF AGRICULTURE,,LEVI BENNING,NEW INDEPENDENT PARTY IOWA,13.000000
2014,19045045018,SECRETARY OF AGRICULTURE,,SHERRIE TAHA,DEMOCRATIC PARTY,159.000000
2014,19045045018,SECRETARY OF AGRICULTURE,,WRITE IN,,1.000000
2014,19045045018,SECRETARY OF STATE,,BRAD ANDERSON,DEMOCRATIC PARTY,234.000000
2014,19045045018,SECRETARY OF STATE,,JAKE PORTER,LIBERTARIAN PARTY,12.000000
2014,19045045018,SECRETARY OF STATE,,PAUL D PATE,REPUBLICAN PARTY,414.000000
2014,19045045018,SECRETARY OF STATE,,SPENCER HIGHLAND,NEW INDEPENDENT PARTY IOWA,10.000000
2014,19045045018,SECRETARY OF STATE,,WRITE IN,,0.000000
2014,19045045018,TREASURER OF STATE,,KEITH A LAUBE,LIBERTARIAN PARTY,16.000000
2014,19045045018,TREASURER OF STATE,,MICHAEL L FITZGERALD,DEMOCRATIC PARTY,296.000000
2014,19045045018,TREASURER OF STATE,,SAM CLOVIS,REPUBLICAN PARTY,348.000000
2014,19045045018,TREASURER OF STATE,,WRITE IN,,0.000000
2014,19045045018,U S SENATE,,BOB QUAST,BOB QUAST FOR TERM LIMITS,11.000000
2014,19045045018,U S SENATE,,BRUCE BRALEY,DEMOCRATIC PARTY,225.000000
2014,19045045018,U S SENATE,,DOUGLAS BUTZIER,LIBERTARIAN PARTY,5.000000
2014,19045045018,U S SENATE,,JONI ERNST,REPUBLICAN PARTY,444.000000
2014,19045045018,U S SENATE,,RICK STEWART,INDEPENDENT,8.000000
2014,19045045018,U S SENATE,,RUTH SMITH,,0.000000
2014,19045045018,U S SENATE,,WRITE IN,,0.000000
2014,19045045020,ATTORNEY GENERAL,,ADAM GREGG,REPUBLICAN PARTY,41.000000
2014,19045045020,ATTORNEY GENERAL,,TOM MILLER,DEMOCRATIC PARTY,48.000000
2014,19045045020,ATTORNEY GENERAL,,WRITE IN,,0.000000
2014,19045045020,AUDITOR OF STATE,,JONATHAN NEIDERBACH,DEMOCRATIC PARTY,38.000000
2014,19045045020,AUDITOR OF STATE,,MARY MOSIMAN,REPUBLICAN PARTY,52.000000
2014,19045045020,AUDITOR OF STATE,,WRITE IN,,0.000000
2014,19045045020,GOVERNOR,,JACK HATCH MONICA VERNON,DEMOCRATIC PARTY,23.000000
2014,19045045020,GOVERNOR,,JIM HENNAGER MARY MARGARET KRIEG,NEW INDEPENDENT PARTY IOWA,1.000000
2014,19045045020,GOVERNOR,,JONATHAN R NARCISSE MICHAEL L RICHARDS,IOWA PARTY,2.000000
2014,19045045020,GOVERNOR,,LEE DEAKINS HIEB TIM WATSON,LIBERTARIAN PARTY,0.000000
2014,19045045020,GOVERNOR,,TERRY E BRANSTAD KIM REYNOLDS,REPUBLICAN PARTY,69.000000
2014,19045045020,GOVERNOR,,WRITE IN,,0.000000
2014,19045045020,SECRETARY OF AGRICULTURE,,BILL NORTHEY,REPUBLICAN PARTY,51.000000
2014,19045045020,SECRETARY OF AGRICULTURE,,LEVI BENNING,NEW INDEPENDENT PARTY IOWA,9.000000
2014,19045045020,SECRETARY OF AGRICULTURE,,SHERRIE TAHA,DEMOCRATIC PARTY,28.000000
2014,19045045020,SECRETARY OF AGRICULTURE,,WRITE IN,,0.000000
2014,19045045020,SECRETARY OF STATE,,BRAD ANDERSON,DEMOCRATIC PARTY,45.000000
2014,19045045020,SECRETARY OF STATE,,JAKE PORTER,LIBERTARIAN PARTY,2.000000
2014,19045045020,SECRETARY OF STATE,,PAUL D PATE,REPUBLICAN PARTY,37.000000
2014,19045045020,SECRETARY OF STATE,,SPENCER HIGHLAND,NEW INDEPENDENT PARTY IOWA,7.000000
2014,19045045020,SECRETARY OF STATE,,WRITE IN,,0.000000
2014,19045045020,TREASURER OF STATE,,KEITH A LAUBE,LIBERTARIAN PARTY,7.000000
2014,19045045020,TREASURER OF STATE,,MICHAEL L FITZGERALD,DEMOCRATIC PARTY,49.000000
2014,19045045020,TREASURER OF STATE,,SAM CLOVIS,REPUBLICAN PARTY,34.000000
2014,19045045020,TREASURER OF STATE,,WRITE IN,,0.000000
2014,19045045020,U S SENATE,,BOB QUAST,BOB QUAST FOR TERM LIMITS,1.000000
2014,19045045020,U S SENATE,,BRUCE BRALEY,DEMOCRATIC PARTY,39.000000
2014,19045045020,U S SENATE,,DOUGLAS BUTZIER,LIBERTARIAN PARTY,0.000000
2014,19045045020,U S SENATE,,JONI ERNST,REPUBLICAN PARTY,50.000000
2014,19045045020,U S SENATE,,RICK STEWART,INDEPENDENT,3.000000
2014,19045045020,U S SENATE,,RUTH SMITH,,0.000000
2014,19045045020,U S SENATE,,WRITE IN,,1.000000
2014,19045045022,ATTORNEY GENERAL,,ADAM GREGG,REPUBLICAN PARTY,168.000000
2014,19045045022,ATTORNEY GENERAL,,TOM MILLER,DEMOCRATIC PARTY,406.000000
2014,19045045022,ATTORNEY GENERAL,,WRITE IN,,1.000000
2014,19045045022,AUDITOR OF STATE,,JONATHAN NEIDERBACH,DEMOCRATIC PARTY,368.000000
2014,19045045022,AUDITOR OF STATE,,MARY MOSIMAN,REPUBLICAN PARTY,203.000000
2014,19045045022,AUDITOR OF STATE,,WRITE IN,,1.000000
2014,19045045022,GOVERNOR,,JACK HATCH MONICA VERNON,DEMOCRATIC PARTY,294.000000
2014,19045045022,GOVERNOR,,JIM HENNAGER MARY MARGARET KRIEG,NEW INDEPENDENT PARTY IOWA,11.000000
2014,19045045022,GOVERNOR,,JONATHAN R NARCISSE MICHAEL L RICHARDS,IOWA PARTY,6.000000
2014,19045045022,GOVERNOR,,LEE DEAKINS HIEB TIM WATSON,LIBERTARIAN PARTY,2.000000
2014,19045045022,GOVERNOR,,TERRY E BRANSTAD KIM REYNOLDS,REPUBLICAN PARTY,271.000000
2014,19045045022,GOVERNOR,,WRITE IN,,1.000000
2014,19045045022,SECRETARY OF AGRICULTURE,,BILL NORTHEY,REPUBLICAN PARTY,198.000000
2014,19045045022,SECRETARY OF AGRICULTURE,,LEVI BENNING,NEW INDEPENDENT PARTY IOWA,39.000000
2014,19045045022,SECRETARY OF AGRICULTURE,,SHERRIE TAHA,DEMOCRATIC PARTY,333.000000
2014,19045045022,SECRETARY OF AGRICULTURE,,WRITE IN,,1.000000
2014,19045045022,SECRETARY OF STATE,,BRAD ANDERSON,DEMOCRATIC PARTY,369.000000
2014,19045045022,SECRETARY OF STATE,,JAKE PORTER,LIBERTARIAN PARTY,13.000000
2014,19045045022,SECRETARY OF STATE,,PAUL D PATE,REPUBLICAN PARTY,175.000000
2014,19045045022,SECRETARY OF STATE,,SPENCER HIGHLAND,NEW INDEPENDENT PARTY IOWA,19.000000
2014,19045045022,SECRETARY OF STATE,,WRITE IN,,1.000000
2014,19045045022,TREASURER OF STATE,,KEITH A LAUBE,LIBERTARIAN PARTY,18.000000
2014,19045045022,TREASURER OF STATE,,MICHAEL L FITZGERALD,DEMOCRATIC PARTY,385.000000
2014,19045045022,TREASURER OF STATE,,SAM CLOVIS,REPUBLICAN PARTY,165.000000
2014,19045045022,TREASURER OF STATE,,WRITE IN,,2.000000
2014,19045045022,U S SENATE,,BOB QUAST,BOB QUAST FOR TERM LIMITS,9.000000
2014,19045045022,U S SENATE,,BRUCE BRALEY,DEMOCRATIC PARTY,366.000000
2014,19045045022,U S SENATE,,DOUGLAS BUTZIER,LIBERTARIAN PARTY,2.000000
2014,19045045022,U S SENATE,,JONI ERNST,REPUBLICAN PARTY,184.000000
2014,19045045022,U S SENATE,,RICK STEWART,INDEPENDENT,20.000000
2014,19045045022,U S SENATE,,RUTH SMITH,,2.000000
2014,19045045022,U S SENATE,,WRITE IN,,0.000000
2014,19045045024,ATTORNEY GENERAL,,ADAM GREGG,REPUBLICAN PARTY,212.000000
2014,19045045024,ATTORNEY GENERAL,,TOM MILLER,DEMOCRATIC PARTY,503.000000
2014,19045045024,ATTORNEY GENERAL,,WRITE IN,,1.000000
2014,19045045024,AUDITOR OF STATE,,JONATHAN NEIDERBACH,DEMOCRATIC PARTY,441.000000
2014,19045045024,AUDITOR OF STATE,,MARY MOSIMAN,REPUBLICAN PARTY,266.000000
2014,19045045024,AUDITOR OF STATE,,WRITE IN,,2.000000
2014,19045045024,GOVERNOR,,JACK HATCH MONICA VERNON,DEMOCRATIC PARTY,360.000000
2014,19045045024,GOVERNOR,,JIM HENNAGER MARY MARGARET KRIEG,NEW INDEPENDENT PARTY IOWA,8.000000
2014,19045045024,GOVERNOR,,JONATHAN R NARCISSE MICHAEL L RICHARDS,IOWA PARTY,10.000000
2014,19045045024,GOVERNOR,,LEE DEAKINS HIEB TIM WATSON,LIBERTARIAN PARTY,7.000000
2014,19045045024,GOVERNOR,,TERRY E BRANSTAD KIM REYNOLDS,REPUBLICAN PARTY,341.000000
2014,19045045024,GOVERNOR,,WRITE IN,,1.000000
2014,19045045024,SECRETARY OF AGRICULTURE,,BILL NORTHEY,REPUBLICAN PARTY,262.000000
2014,19045045024,SECRETARY OF AGRICULTURE,,LEVI BENNING,NEW INDEPENDENT PARTY IOWA,40.000000
2014,19045045024,SECRETARY OF AGRICULTURE,,SHERRIE TAHA,DEMOCRATIC PARTY,403.000000
2014,19045045024,SECRETARY OF AGRICULTURE,,WRITE IN,,2.000000
2014,19045045024,SECRETARY OF STATE,,BRAD ANDERSON,DEMOCRATIC PARTY,457.000000
2014,19045045024,SECRETARY OF STATE,,JAKE PORTER,LIBERTARIAN PARTY,14.000000
2014,19045045024,SECRETARY OF STATE,,PAUL D PATE,REPUBLICAN PARTY,222.000000
2014,19045045024,SECRETARY OF STATE,,SPENCER HIGHLAND,NEW INDEPENDENT PARTY IOWA,24.000000
2014,19045045024,SECRETARY OF STATE,,WRITE IN,,1.000000
2014,19045045024,TREASURER OF STATE,,KEITH A LAUBE,LIBERTARIAN PARTY,28.000000
2014,19045045024,TREASURER OF STATE,,MICHAEL L FITZGERALD,DEMOCRATIC PARTY,476.000000
2014,19045045024,TREASURER OF STATE,,SAM CLOVIS,REPUBLICAN PARTY,213.000000
2014,19045045024,TREASURER OF STATE,,WRITE IN,,2.000000
2014,19045045024,U S SENATE,,BOB QUAST,BOB QUAST FOR TERM LIMITS,2.000000
2014,19045045024,U S SENATE,,BRUCE BRALEY,DEMOCRATIC PARTY,435.000000
2014,19045045024,U S SENATE,,DOUGLAS BUTZIER,LIBERTARIAN PARTY,10.000000
2014,19045045024,U S SENATE,,JONI ERNST,REPUBLICAN PARTY,235.000000
2014,19045045024,U S SENATE,,RICK STEWART,INDEPENDENT,28.000000
2014,19045045024,U S SENATE,,RUTH SMITH,,11.000000
2014,19045045024,U S SENATE,,WRITE IN,,1.000000
2014,19045045026,ATTORNEY GENERAL,,ADAM GREGG,REPUBLICAN PARTY,381.000000
2014,19045045026,ATTORNEY GENERAL,,TOM MILLER,DEMOCRATIC PARTY,642.000000
2014,19045045026,ATTORNEY GENERAL,,WRITE IN,,0.000000
2014,19045045026,AUDITOR OF STATE,,JONATHAN NEIDERBACH,DEMOCRATIC PARTY,579.000000
2014,19045045026,AUDITOR OF STATE,,MARY MOSIMAN,REPUBLICAN PARTY,431.000000
2014,19045045026,AUDITOR OF STATE,,WRITE IN,,2.000000
2014,19045045026,GOVERNOR,,JACK HATCH MONICA VERNON,DEMOCRATIC PARTY,483.000000
2014,19045045026,GOVERNOR,,JIM HENNAGER MARY MARGARET KRIEG,NEW INDEPENDENT PARTY IOWA,9.000000
2014,19045045026,GOVERNOR,,JONATHAN R NARCISSE MICHAEL L RICHARDS,IOWA PARTY,4.000000
2014,19045045026,GOVERNOR,,LEE DEAKINS HIEB TIM WATSON,LIBERTARIAN PARTY,7.000000
2014,19045045026,GOVERNOR,,TERRY E BRANSTAD KIM REYNOLDS,REPUBLICAN PARTY,541.000000
2014,19045045026,GOVERNOR,,WRITE IN,,0.000000
2014,19045045026,SECRETARY OF AGRICULTURE,,BILL NORTHEY,REPUBLICAN PARTY,426.000000
2014,19045045026,SECRETARY OF AGRICULTURE,,LEVI BENNING,NEW INDEPENDENT PARTY IOWA,52.000000
2014,19045045026,SECRETARY OF AGRICULTURE,,SHERRIE TAHA,DEMOCRATIC PARTY,533.000000
2014,19045045026,SECRETARY OF AGRICULTURE,,WRITE IN,,1.000000
2014,19045045026,SECRETARY OF STATE,,BRAD ANDERSON,DEMOCRATIC PARTY,587.000000
2014,19045045026,SECRETARY OF STATE,,JAKE PORTER,LIBERTARIAN PARTY,17.000000
2014,19045045026,SECRETARY OF STATE,,PAUL D PATE,REPUBLICAN PARTY,387.000000
2014,19045045026,SECRETARY OF STATE,,SPENCER HIGHLAND,NEW INDEPENDENT PARTY IOWA,30.000000
2014,19045045026,SECRETARY OF STATE,,WRITE IN,,0.000000
2014,19045045026,TREASURER OF STATE,,KEITH A LAUBE,LIBERTARIAN PARTY,35.000000
2014,19045045026,TREASURER OF STATE,,MICHAEL L FITZGERALD,DEMOCRATIC PARTY,627.000000
2014,19045045026,TREASURER OF STATE,,SAM CLOVIS,REPUBLICAN PARTY,354.000000
2014,19045045026,TREASURER OF STATE,,WRITE IN,,0.000000
2014,19045045026,U S SENATE,,BOB QUAST,BOB QUAST FOR TERM LIMITS,10.000000
2014,19045045026,U S SENATE,,BRUCE BRALEY,DEMOCRATIC PARTY,584.000000
2014,19045045026,U S SENATE,,DOUGLAS BUTZIER,LIBERTARIAN PARTY,4.000000
2014,19045045026,U S SENATE,,JONI ERNST,REPUBLICAN PARTY,414.000000
2014,19045045026,U S SENATE,,RICK STEWART,INDEPENDENT,25.000000
2014,19045045026,U S SENATE,,RUTH SMITH,,7.000000
2014,19045045026,U S SENATE,,WRITE IN,,0.000000
2014,19045045027,ATTORNEY GENERAL,,ADAM GREGG,REPUBLICAN PARTY,449.000000
2014,19045045027,ATTORNEY GENERAL,,TOM MILLER,DEMOCRATIC PARTY,763.000000
2014,19045045027,ATTORNEY GENERAL,,WRITE IN,,3.000000
2014,19045045027,AUDITOR OF STATE,,JONATHAN NEIDERBACH,DEMOCRATIC PARTY,666.000000
2014,19045045027,AUDITOR OF STATE,,MARY MOSIMAN,REPUBLICAN PARTY,524.000000
2014,19045045027,AUDITOR OF STATE,,WRITE IN,,3.000000
2014,19045045027,GOVERNOR,,JACK HATCH MONICA VERNON,DEMOCRATIC PARTY,515.000000
2014,19045045027,GOVERNOR,,JIM HENNAGER MARY MARGARET KRIEG,NEW INDEPENDENT PARTY IOWA,15.000000
2014,19045045027,GOVERNOR,,JONATHAN R NARCISSE MICHAEL L RICHARDS,IOWA PARTY,4.000000
2014,19045045027,GOVERNOR,,LEE DEAKINS HIEB TIM WATSON,LIBERTARIAN PARTY,11.000000
2014,19045045027,GOVERNOR,,TERRY E BRANSTAD KIM REYNOLDS,REPUBLICAN PARTY,700.000000
2014,19045045027,GOVERNOR,,WRITE IN,,0.000000
2014,19045045027,SECRETARY OF AGRICULTURE,,BILL NORTHEY,REPUBLICAN PARTY,539.000000
2014,19045045027,SECRETARY OF AGRICULTURE,,LEVI BENNING,NEW INDEPENDENT PARTY IOWA,46.000000
2014,19045045027,SECRETARY OF AGRICULTURE,,SHERRIE TAHA,DEMOCRATIC PARTY,612.000000
2014,19045045027,SECRETARY OF AGRICULTURE,,WRITE IN,,2.000000
2014,19045045027,SECRETARY OF STATE,,BRAD ANDERSON,DEMOCRATIC PARTY,691.000000
2014,19045045027,SECRETARY OF STATE,,JAKE PORTER,LIBERTARIAN PARTY,23.000000
2014,19045045027,SECRETARY OF STATE,,PAUL D PATE,REPUBLICAN PARTY,477.000000
2014,19045045027,SECRETARY OF STATE,,SPENCER HIGHLAND,NEW INDEPENDENT PARTY IOWA,27.000000
2014,19045045027,SECRETARY OF STATE,,WRITE IN,,1.000000
2014,19045045027,TREASURER OF STATE,,KEITH A LAUBE,LIBERTARIAN PARTY,33.000000
2014,19045045027,TREASURER OF STATE,,MICHAEL L FITZGERALD,DEMOCRATIC PARTY,724.000000
2014,19045045027,TREASURER OF STATE,,SAM CLOVIS,REPUBLICAN PARTY,462.000000
2014,19045045027,TREASURER OF STATE,,WRITE IN,,2.000000
2014,19045045027,U S SENATE,,BOB QUAST,BOB QUAST FOR TERM LIMITS,10.000000
2014,19045045027,U S SENATE,,BRUCE BRALEY,DEMOCRATIC PARTY,697.000000
2014,19045045027,U S SENATE,,DOUGLAS BUTZIER,LIBERTARIAN PARTY,8.000000
2014,19045045027,U S SENATE,,JONI ERNST,REPUBLICAN PARTY,508.000000
2014,19045045027,U S SENATE,,RICK STEWART,INDEPENDENT,26.000000
2014,19045045027,U S SENATE,,RUTH SMITH,,1.000000
2014,19045045027,U S SENATE,,WRITE IN,,1.000000
2014,19045045028,ATTORNEY GENERAL,,ADAM GREGG,REPUBLICAN PARTY,460.000000
2014,19045045028,ATTORNEY GENERAL,,TOM MILLER,DEMOCRATIC PARTY,690.000000
2014,19045045028,ATTORNEY GENERAL,,WRITE IN,,1.000000
2014,19045045028,AUDITOR OF STATE,,JONATHAN NEIDERBACH,DEMOCRATIC PARTY,575.000000
2014,19045045028,AUDITOR OF STATE,,MARY MOSIMAN,REPUBLICAN PARTY,556.000000
2014,19045045028,AUDITOR OF STATE,,WRITE IN,,2.000000
2014,19045045028,GOVERNOR,,JACK HATCH MONICA VERNON,DEMOCRATIC PARTY,444.000000
2014,19045045028,GOVERNOR,,JIM HENNAGER MARY MARGARET KRIEG,NEW INDEPENDENT PARTY IOWA,14.000000
2014,19045045028,GOVERNOR,,JONATHAN R NARCISSE MICHAEL L RICHARDS,IOWA PARTY,3.000000
2014,19045045028,GOVERNOR,,LEE DEAKINS HIEB TIM WATSON,LIBERTARIAN PARTY,10.000000
2014,19045045028,GOVERNOR,,TERRY E BRANSTAD KIM REYNOLDS,REPUBLICAN PARTY,725.000000
2014,19045045028,GOVERNOR,,WRITE IN,,0.000000
2014,19045045028,SECRETARY OF AGRICULTURE,,BILL NORTHEY,REPUBLICAN PARTY,568.000000
2014,19045045028,SECRETARY OF AGRICULTURE,,LEVI BENNING,NEW INDEPENDENT PARTY IOWA,56.000000
2014,19045045028,SECRETARY OF AGRICULTURE,,SHERRIE TAHA,DEMOCRATIC PARTY,508.000000
2014,19045045028,SECRETARY OF AGRICULTURE,,WRITE IN,,3.000000
2014,19045045028,SECRETARY OF STATE,,BRAD ANDERSON,DEMOCRATIC PARTY,595.000000
2014,19045045028,SECRETARY OF STATE,,JAKE PORTER,LIBERTARIAN PARTY,22.000000
2014,19045045028,SECRETARY OF STATE,,PAUL D PATE,REPUBLICAN PARTY,513.000000
2014,19045045028,SECRETARY OF STATE,,SPENCER HIGHLAND,NEW INDEPENDENT PARTY IOWA,35.000000
2014,19045045028,SECRETARY OF STATE,,WRITE IN,,1.000000
2014,19045045028,TREASURER OF STATE,,KEITH A LAUBE,LIBERTARIAN PARTY,36.000000
2014,19045045028,TREASURER OF STATE,,MICHAEL L FITZGERALD,DEMOCRATIC PARTY,660.000000
2014,19045045028,TREASURER OF STATE,,SAM CLOVIS,REPUBLICAN PARTY,455.000000
2014,19045045028,TREASURER OF STATE,,WRITE IN,,1.000000
2014,19045045028,U S SENATE,,BOB QUAST,BOB QUAST FOR TERM LIMITS,10.000000
2014,19045045028,U S SENATE,,BRUCE BRALEY,DEMOCRATIC PARTY,607.000000
2014,19045045028,U S SENATE,,DOUGLAS BUTZIER,LIBERTARIAN PARTY,5.000000
2014,19045045028,U S SENATE,,JONI ERNST,REPUBLICAN PARTY,540.000000
2014,19045045028,U S SENATE,,RICK STEWART,INDEPENDENT,25.000000
2014,19045045028,U S SENATE,,RUTH SMITH,,4.000000
2014,19045045028,U S SENATE,,WRITE IN,,2.000000
2014,19045045029,ATTORNEY GENERAL,,ADAM GREGG,REPUBLICAN PARTY,420.000000
2014,19045045029,ATTORNEY GENERAL,,TOM MILLER,DEMOCRATIC PARTY,656.000000
2014,19045045029,ATTORNEY GENERAL,,WRITE IN,,1.000000
2014,19045045029,AUDITOR OF STATE,,JONATHAN NEIDERBACH,DEMOCRATIC PARTY,554.000000
2014,19045045029,AUDITOR OF STATE,,MARY MOSIMAN,REPUBLICAN PARTY,499.000000
2014,19045045029,AUDITOR OF STATE,,WRITE IN,,1.000000
2014,19045045029,GOVERNOR,,JACK HATCH MONICA VERNON,DEMOCRATIC PARTY,461.000000
2014,19045045029,GOVERNOR,,JIM HENNAGER MARY MARGARET KRIEG,NEW INDEPENDENT PARTY IOWA,11.000000
2014,19045045029,GOVERNOR,,JONATHAN R NARCISSE MICHAEL L RICHARDS,IOWA PARTY,8.000000
2014,19045045029,GOVERNOR,,LEE DEAKINS HIEB TIM WATSON,LIBERTARIAN PARTY,14.000000
2014,19045045029,GOVERNOR,,TERRY E BRANSTAD KIM REYNOLDS,REPUBLICAN PARTY,606.000000
2014,19045045029,GOVERNOR,,WRITE IN,,0.000000
2014,19045045029,SECRETARY OF AGRICULTURE,,BILL NORTHEY,REPUBLICAN PARTY,497.000000
2014,19045045029,SECRETARY OF AGRICULTURE,,LEVI BENNING,NEW INDEPENDENT PARTY IOWA,60.000000
2014,19045045029,SECRETARY OF AGRICULTURE,,SHERRIE TAHA,DEMOCRATIC PARTY,507.000000
2014,19045045029,SECRETARY OF AGRICULTURE,,WRITE IN,,0.000000
2014,19045045029,SECRETARY OF STATE,,BRAD ANDERSON,DEMOCRATIC PARTY,555.000000
2014,19045045029,SECRETARY OF STATE,,JAKE PORTER,LIBERTARIAN PARTY,31.000000
2014,19045045029,SECRETARY OF STATE,,PAUL D PATE,REPUBLICAN PARTY,441.000000
2014,19045045029,SECRETARY OF STATE,,SPENCER HIGHLAND,NEW INDEPENDENT PARTY IOWA,45.000000
2014,19045045029,SECRETARY OF STATE,,WRITE IN,,0.000000
2014,19045045029,TREASURER OF STATE,,KEITH A LAUBE,LIBERTARIAN PARTY,43.000000
2014,19045045029,TREASURER OF STATE,,MICHAEL L FITZGERALD,DEMOCRATIC PARTY,634.000000
2014,19045045029,TREASURER OF STATE,,SAM CLOVIS,REPUBLICAN PARTY,388.000000
2014,19045045029,TREASURER OF STATE,,WRITE IN,,1.000000
2014,19045045029,U S SENATE,,BOB QUAST,BOB QUAST FOR TERM LIMITS,11.000000
2014,19045045029,U S SENATE,,BRUCE BRALEY,DEMOCRATIC PARTY,588.000000
2014,19045045029,U S SENATE,,DOUGLAS BUTZIER,LIBERTARIAN PARTY,7.000000
2014,19045045029,U S SENATE,,JONI ERNST,REPUBLICAN PARTY,469.000000
2014,19045045029,U S SENATE,,RICK STEWART,INDEPENDENT,21.000000
2014,19045045029,U S SENATE,,RUTH SMITH,,1.000000
2014,19045045029,U S SENATE,,WRITE IN,,0.000000
2014,19047047016,ATTORNEY GENERAL,,ADAM GREGG,REPUBLICAN PARTY,212.000000
2014,19047047016,ATTORNEY GENERAL,,TOM MILLER,DEMOCRATIC PARTY,130.000000
2014,19047047016,ATTORNEY GENERAL,,WRITE IN,,0.000000
2014,19047047016,AUDITOR OF STATE,,JONATHAN NEIDERBACH,DEMOCRATIC PARTY,86.000000
2014,19047047016,AUDITOR OF STATE,,MARY MOSIMAN,REPUBLICAN PARTY,242.000000
2014,19047047016,AUDITOR OF STATE,,WRITE IN,,0.000000
2014,19047047016,GOVERNOR,,JACK HATCH MONICA VERNON,DEMOCRATIC PARTY,66.000000
2014,19047047016,GOVERNOR,,JIM HENNAGER MARY MARGARET KRIEG,NEW INDEPENDENT PARTY IOWA,3.000000
2014,19047047016,GOVERNOR,,JONATHAN R NARCISSE MICHAEL L RICHARDS,IOWA PARTY,4.000000
2014,19047047016,GOVERNOR,,LEE DEAKINS HIEB TIM WATSON,LIBERTARIAN PARTY,5.000000
2014,19047047016,GOVERNOR,,TERRY E BRANSTAD KIM REYNOLDS,REPUBLICAN PARTY,303.000000
2014,19047047016,GOVERNOR,,WRITE IN,,0.000000
2014,19047047016,SECRETARY OF AGRICULTURE,,BILL NORTHEY,REPUBLICAN PARTY,289.000000
2014,19047047016,SECRETARY OF AGRICULTURE,,LEVI BENNING,NEW INDEPENDENT PARTY IOWA,12.000000
2014,19047047016,SECRETARY OF AGRICULTURE,,SHERRIE TAHA,DEMOCRATIC PARTY,61.000000
2014,19047047016,SECRETARY OF AGRICULTURE,,WRITE IN,,0.000000
2014,19047047016,SECRETARY OF STATE,,BRAD ANDERSON,DEMOCRATIC PARTY,119.000000
2014,19047047016,SECRETARY OF STATE,,JAKE PORTER,LIBERTARIAN PARTY,10.000000
2014,19047047016,SECRETARY OF STATE,,PAUL D PATE,REPUBLICAN PARTY,196.000000
2014,19047047016,SECRETARY OF STATE,,SPENCER HIGHLAND,NEW INDEPENDENT PARTY IOWA,11.000000
2014,19047047016,SECRETARY OF STATE,,WRITE IN,,0.000000
2014,19047047016,TREASURER OF STATE,,KEITH A LAUBE,LIBERTARIAN PARTY,15.000000
2014,19047047016,TREASURER OF STATE,,MICHAEL L FITZGERALD,DEMOCRATIC PARTY,154.000000
2014,19047047016,TREASURER OF STATE,,SAM CLOVIS,REPUBLICAN PARTY,182.000000
2014,19047047016,TREASURER OF STATE,,WRITE IN,,0.000000
2014,19047047016,U S SENATE,,BOB QUAST,BOB QUAST FOR TERM LIMITS,2.000000
2014,19047047016,U S SENATE,,BRUCE BRALEY,DEMOCRATIC PARTY,104.000000
2014,19047047016,U S SENATE,,DOUGLAS BUTZIER,LIBERTARIAN PARTY,1.000000
2014,19047047016,U S SENATE,,JONI ERNST,REPUBLICAN PARTY,251.000000
2014,19047047016,U S SENATE,,RICK STEWART,INDEPENDENT,11.000000
2014,19047047016,U S SENATE,,RUTH SMITH,,3.000000
2014,19047047016,U S SENATE,,WRITE IN,,0.000000
2014,19049049008,ATTORNEY GENERAL,,ADAM GREGG,REPUBLICAN PARTY,500.000000
2014,19049049008,ATTORNEY GENERAL,,TOM MILLER,DEMOCRATIC PARTY,533.000000
2014,19049049008,ATTORNEY GENERAL,,WRITE IN,,3.000000
2014,19049049008,AUDITOR OF STATE,,JONATHAN NEIDERBACH,DEMOCRATIC PARTY,345.000000
2014,19049049008,AUDITOR OF STATE,,MARY MOSIMAN,REPUBLICAN PARTY,639.000000
2014,19049049008,AUDITOR OF STATE,,WRITE IN,,2.000000
2014,19049049008,GOVERNOR,,JACK HATCH MONICA VERNON,DEMOCRATIC PARTY,324.000000
2014,19049049008,GOVERNOR,,JIM HENNAGER MARY MARGARET KRIEG,NEW INDEPENDENT PARTY IOWA,11.000000
2014,19049049008,GOVERNOR,,JONATHAN R NARCISSE MICHAEL L RICHARDS,IOWA PARTY,23.000000
2014,19049049008,GOVERNOR,,LEE DEAKINS HIEB TIM WATSON,LIBERTARIAN PARTY,31.000000
2014,19049049008,GOVERNOR,,TERRY E BRANSTAD KIM REYNOLDS,REPUBLICAN PARTY,660.000000
2014,19049049008,GOVERNOR,,WRITE IN,,0.000000
2014,19049049008,SECRETARY OF AGRICULTURE,,BILL NORTHEY,REPUBLICAN PARTY,723.000000
2014,19049049008,SECRETARY OF AGRICULTURE,,LEVI BENNING,NEW INDEPENDENT PARTY IOWA,38.000000
2014,19049049008,SECRETARY OF AGRICULTURE,,SHERRIE TAHA,DEMOCRATIC PARTY,269.000000
2014,19049049008,SECRETARY OF AGRICULTURE,,WRITE IN,,0.000000
2014,19049049008,SECRETARY OF STATE,,BRAD ANDERSON,DEMOCRATIC PARTY,402.000000
2014,19049049008,SECRETARY OF STATE,,JAKE PORTER,LIBERTARIAN PARTY,41.000000
2014,19049049008,SECRETARY OF STATE,,PAUL D PATE,REPUBLICAN PARTY,549.000000
2014,19049049008,SECRETARY OF STATE,,SPENCER HIGHLAND,NEW INDEPENDENT PARTY IOWA,26.000000
2014,19049049008,SECRETARY OF STATE,,WRITE IN,,2.000000
2014,19049049008,TREASURER OF STATE,,KEITH A LAUBE,LIBERTARIAN PARTY,37.000000
2014,19049049008,TREASURER OF STATE,,MICHAEL L FITZGERALD,DEMOCRATIC PARTY,483.000000
2014,19049049008,TREASURER OF STATE,,SAM CLOVIS,REPUBLICAN PARTY,507.000000
2014,19049049008,TREASURER OF STATE,,WRITE IN,,1.000000
2014,19049049008,U S SENATE,,BOB QUAST,BOB QUAST FOR TERM LIMITS,9.000000
2014,19049049008,U S SENATE,,BRUCE BRALEY,DEMOCRATIC PARTY,346.000000
2014,19049049008,U S SENATE,,DOUGLAS BUTZIER,LIBERTARIAN PARTY,11.000000
2014,19049049008,U S SENATE,,JONI ERNST,REPUBLICAN PARTY,637.000000
2014,19049049008,U S SENATE,,RICK STEWART,INDEPENDENT,35.000000
2014,19049049008,U S SENATE,,RUTH SMITH,,7.000000
2014,19049049008,U S SENATE,,WRITE IN,,1.000000
2014,19049049019,ATTORNEY GENERAL,,ADAM GREGG,REPUBLICAN PARTY,1952.000000
2014,19049049019,ATTORNEY GENERAL,,TOM MILLER,DEMOCRATIC PARTY,1402.000000
2014,19049049019,ATTORNEY GENERAL,,WRITE IN,,2.000000
2014,19049049019,AUDITOR OF STATE,,JONATHAN NEIDERBACH,DEMOCRATIC PARTY,860.000000
2014,19049049019,AUDITOR OF STATE,,MARY MOSIMAN,REPUBLICAN PARTY,2374.000000
2014,19049049019,AUDITOR OF STATE,,WRITE IN,,3.000000
2014,19049049019,GOVERNOR,,JACK HATCH MONICA VERNON,DEMOCRATIC PARTY,832.000000
2014,19049049019,GOVERNOR,,JIM HENNAGER MARY MARGARET KRIEG,NEW INDEPENDENT PARTY IOWA,6.000000
2014,19049049019,GOVERNOR,,JONATHAN R NARCISSE MICHAEL L RICHARDS,IOWA PARTY,20.000000
2014,19049049019,GOVERNOR,,LEE DEAKINS HIEB TIM WATSON,LIBERTARIAN PARTY,56.000000
2014,19049049019,GOVERNOR,,TERRY E BRANSTAD KIM REYNOLDS,REPUBLICAN PARTY,2535.000000
2014,19049049019,GOVERNOR,,WRITE IN,,5.000000
2014,19049049019,SECRETARY OF AGRICULTURE,,BILL NORTHEY,REPUBLICAN PARTY,2593.000000
2014,19049049019,SECRETARY OF AGRICULTURE,,LEVI BENNING,NEW INDEPENDENT PARTY IOWA,43.000000
2014,19049049019,SECRETARY OF AGRICULTURE,,SHERRIE TAHA,DEMOCRATIC PARTY,673.000000
2014,19049049019,SECRETARY OF AGRICULTURE,,WRITE IN,,1.000000
2014,19049049019,SECRETARY OF STATE,,BRAD ANDERSON,DEMOCRATIC PARTY,1078.000000
2014,19049049019,SECRETARY OF STATE,,JAKE PORTER,LIBERTARIAN PARTY,73.000000
2014,19049049019,SECRETARY OF STATE,,PAUL D PATE,REPUBLICAN PARTY,2156.000000
2014,19049049019,SECRETARY OF STATE,,SPENCER HIGHLAND,NEW INDEPENDENT PARTY IOWA,18.000000
2014,19049049019,SECRETARY OF STATE,,WRITE IN,,2.000000
2014,19049049019,TREASURER OF STATE,,KEITH A LAUBE,LIBERTARIAN PARTY,62.000000
2014,19049049019,TREASURER OF STATE,,MICHAEL L FITZGERALD,DEMOCRATIC PARTY,1332.000000
2014,19049049019,TREASURER OF STATE,,SAM CLOVIS,REPUBLICAN PARTY,1947.000000
2014,19049049019,TREASURER OF STATE,,WRITE IN,,0.000000
2014,19049049019,U S SENATE,,BOB QUAST,BOB QUAST FOR TERM LIMITS,4.000000
2014,19049049019,U S SENATE,,BRUCE BRALEY,DEMOCRATIC PARTY,1068.000000
2014,19049049019,U S SENATE,,DOUGLAS BUTZIER,LIBERTARIAN PARTY,18.000000
2014,19049049019,U S SENATE,,JONI ERNST,REPUBLICAN PARTY,2323.000000
2014,19049049019,U S SENATE,,RICK STEWART,INDEPENDENT,39.000000
2014,19049049019,U S SENATE,,RUTH SMITH,,4.000000
2014,19049049019,U S SENATE,,WRITE IN,,4.000000
2014,19049049023,ATTORNEY GENERAL,,ADAM GREGG,REPUBLICAN PARTY,645.000000
2014,19049049023,ATTORNEY GENERAL,,TOM MILLER,DEMOCRATIC PARTY,687.000000
2014,19049049023,ATTORNEY GENERAL,,WRITE IN,,0.000000
2014,19049049023,AUDITOR OF STATE,,JONATHAN NEIDERBACH,DEMOCRATIC PARTY,451.000000
2014,19049049023,AUDITOR OF STATE,,MARY MOSIMAN,REPUBLICAN PARTY,827.000000
2014,19049049023,AUDITOR OF STATE,,WRITE IN,,1.000000
2014,19049049023,GOVERNOR,,JACK HATCH MONICA VERNON,DEMOCRATIC PARTY,435.000000
2014,19049049023,GOVERNOR,,JIM HENNAGER MARY MARGARET KRIEG,NEW INDEPENDENT PARTY IOWA,2.000000
2014,19049049023,GOVERNOR,,JONATHAN R NARCISSE MICHAEL L RICHARDS,IOWA PARTY,15.000000
2014,19049049023,GOVERNOR,,LEE DEAKINS HIEB TIM WATSON,LIBERTARIAN PARTY,23.000000
2014,19049049023,GOVERNOR,,TERRY E BRANSTAD KIM REYNOLDS,REPUBLICAN PARTY,884.000000
2014,19049049023,GOVERNOR,,WRITE IN,,0.000000
2014,19049049023,SECRETARY OF AGRICULTURE,,BILL NORTHEY,REPUBLICAN PARTY,906.000000
2014,19049049023,SECRETARY OF AGRICULTURE,,LEVI BENNING,NEW INDEPENDENT PARTY IOWA,22.000000
2014,19049049023,SECRETARY OF AGRICULTURE,,SHERRIE TAHA,DEMOCRATIC PARTY,368.000000
2014,19049049023,SECRETARY OF AGRICULTURE,,WRITE IN,,3.000000
2014,19049049023,SECRETARY OF STATE,,BRAD ANDERSON,DEMOCRATIC PARTY,556.000000
2014,19049049023,SECRETARY OF STATE,,JAKE PORTER,LIBERTARIAN PARTY,33.000000
2014,19049049023,SECRETARY OF STATE,,PAUL D PATE,REPUBLICAN PARTY,715.000000
2014,19049049023,SECRETARY OF STATE,,SPENCER HIGHLAND,NEW INDEPENDENT PARTY IOWA,7.000000
2014,19049049023,SECRETARY OF STATE,,WRITE IN,,1.000000
2014,19049049023,TREASURER OF STATE,,KEITH A LAUBE,LIBERTARIAN PARTY,30.000000
2014,19049049023,TREASURER OF STATE,,MICHAEL L FITZGERALD,DEMOCRATIC PARTY,640.000000
2014,19049049023,TREASURER OF STATE,,SAM CLOVIS,REPUBLICAN PARTY,651.000000
2014,19049049023,TREASURER OF STATE,,WRITE IN,,0.000000
2014,19049049023,U S SENATE,,BOB QUAST,BOB QUAST FOR TERM LIMITS,2.000000
2014,19049049023,U S SENATE,,BRUCE BRALEY,DEMOCRATIC PARTY,570.000000
2014,19049049023,U S SENATE,,DOUGLAS BUTZIER,LIBERTARIAN PARTY,7.000000
2014,19049049023,U S SENATE,,JONI ERNST,REPUBLICAN PARTY,763.000000
2014,19049049023,U S SENATE,,RICK STEWART,INDEPENDENT,11.000000
2014,19049049023,U S SENATE,,RUTH SMITH,,2.000000
2014,19049049023,U S SENATE,,WRITE IN,,2.000000
2014,19049049024,ATTORNEY GENERAL,,ADAM GREGG,REPUBLICAN PARTY,439.000000
2014,19049049024,ATTORNEY GENERAL,,TOM MILLER,DEMOCRATIC PARTY,493.000000
2014,19049049024,ATTORNEY GENERAL,,WRITE IN,,2.000000
2014,19049049024,AUDITOR OF STATE,,JONATHAN NEIDERBACH,DEMOCRATIC PARTY,347.000000
2014,19049049024,AUDITOR OF STATE,,MARY MOSIMAN,REPUBLICAN PARTY,562.000000
2014,19049049024,AUDITOR OF STATE,,WRITE IN,,3.000000
2014,19049049024,GOVERNOR,,JACK HATCH MONICA VERNON,DEMOCRATIC PARTY,331.000000
2014,19049049024,GOVERNOR,,JIM HENNAGER MARY MARGARET KRIEG,NEW INDEPENDENT PARTY IOWA,2.000000
2014,19049049024,GOVERNOR,,JONATHAN R NARCISSE MICHAEL L RICHARDS,IOWA PARTY,5.000000
2014,19049049024,GOVERNOR,,LEE DEAKINS HIEB TIM WATSON,LIBERTARIAN PARTY,13.000000
2014,19049049024,GOVERNOR,,TERRY E BRANSTAD KIM REYNOLDS,REPUBLICAN PARTY,613.000000
2014,19049049024,GOVERNOR,,WRITE IN,,3.000000
2014,19049049024,SECRETARY OF AGRICULTURE,,BILL NORTHEY,REPUBLICAN PARTY,622.000000
2014,19049049024,SECRETARY OF AGRICULTURE,,LEVI BENNING,NEW INDEPENDENT PARTY IOWA,13.000000
2014,19049049024,SECRETARY OF AGRICULTURE,,SHERRIE TAHA,DEMOCRATIC PARTY,287.000000
2014,19049049024,SECRETARY OF AGRICULTURE,,WRITE IN,,0.000000
2014,19049049024,SECRETARY OF STATE,,BRAD ANDERSON,DEMOCRATIC PARTY,409.000000
2014,19049049024,SECRETARY OF STATE,,JAKE PORTER,LIBERTARIAN PARTY,20.000000
2014,19049049024,SECRETARY OF STATE,,PAUL D PATE,REPUBLICAN PARTY,499.000000
2014,19049049024,SECRETARY OF STATE,,SPENCER HIGHLAND,NEW INDEPENDENT PARTY IOWA,7.000000
2014,19049049024,SECRETARY OF STATE,,WRITE IN,,0.000000
2014,19049049024,TREASURER OF STATE,,KEITH A LAUBE,LIBERTARIAN PARTY,24.000000
2014,19049049024,TREASURER OF STATE,,MICHAEL L FITZGERALD,DEMOCRATIC PARTY,458.000000
2014,19049049024,TREASURER OF STATE,,SAM CLOVIS,REPUBLICAN PARTY,457.000000
2014,19049049024,TREASURER OF STATE,,WRITE IN,,0.000000
2014,19049049024,U S SENATE,,BOB QUAST,BOB QUAST FOR TERM LIMITS,4.000000
2014,19049049024,U S SENATE,,BRUCE BRALEY,DEMOCRATIC PARTY,404.000000
2014,19049049024,U S SENATE,,DOUGLAS BUTZIER,LIBERTARIAN PARTY,3.000000
2014,19049049024,U S SENATE,,JONI ERNST,REPUBLICAN PARTY,541.000000
2014,19049049024,U S SENATE,,RICK STEWART,INDEPENDENT,8.000000
2014,19049049024,U S SENATE,,RUTH SMITH,,3.000000
2014,19049049024,U S SENATE,,WRITE IN,,1.000000
2014,19049049025,ATTORNEY GENERAL,,ADAM GREGG,REPUBLICAN PARTY,258.000000
2014,19049049025,ATTORNEY GENERAL,,TOM MILLER,DEMOCRATIC PARTY,241.000000
2014,19049049025,ATTORNEY GENERAL,,WRITE IN,,0.000000
2014,19049049025,AUDITOR OF STATE,,JONATHAN NEIDERBACH,DEMOCRATIC PARTY,149.000000
2014,19049049025,AUDITOR OF STATE,,MARY MOSIMAN,REPUBLICAN PARTY,326.000000
2014,19049049025,AUDITOR OF STATE,,WRITE IN,,0.000000
2014,19049049025,GOVERNOR,,JACK HATCH MONICA VERNON,DEMOCRATIC PARTY,161.000000
2014,19049049025,GOVERNOR,,JIM HENNAGER MARY MARGARET KRIEG,NEW INDEPENDENT PARTY IOWA,1.000000
2014,19049049025,GOVERNOR,,JONATHAN R NARCISSE MICHAEL L RICHARDS,IOWA PARTY,2.000000
2014,19049049025,GOVERNOR,,LEE DEAKINS HIEB TIM WATSON,LIBERTARIAN PARTY,9.000000
2014,19049049025,GOVERNOR,,TERRY E BRANSTAD KIM REYNOLDS,REPUBLICAN PARTY,336.000000
2014,19049049025,GOVERNOR,,WRITE IN,,0.000000
2014,19049049025,SECRETARY OF AGRICULTURE,,BILL NORTHEY,REPUBLICAN PARTY,359.000000
2014,19049049025,SECRETARY OF AGRICULTURE,,LEVI BENNING,NEW INDEPENDENT PARTY IOWA,8.000000
2014,19049049025,SECRETARY OF AGRICULTURE,,SHERRIE TAHA,DEMOCRATIC PARTY,123.000000
2014,19049049025,SECRETARY OF AGRICULTURE,,WRITE IN,,0.000000
2014,19049049025,SECRETARY OF STATE,,BRAD ANDERSON,DEMOCRATIC PARTY,180.000000
2014,19049049025,SECRETARY OF STATE,,JAKE PORTER,LIBERTARIAN PARTY,14.000000
2014,19049049025,SECRETARY OF STATE,,PAUL D PATE,REPUBLICAN PARTY,291.000000
2014,19049049025,SECRETARY OF STATE,,SPENCER HIGHLAND,NEW INDEPENDENT PARTY IOWA,2.000000
2014,19049049025,SECRETARY OF STATE,,WRITE IN,,1.000000
2014,19049049025,TREASURER OF STATE,,KEITH A LAUBE,LIBERTARIAN PARTY,8.000000
2014,19049049025,TREASURER OF STATE,,MICHAEL L FITZGERALD,DEMOCRATIC PARTY,220.000000
2014,19049049025,TREASURER OF STATE,,SAM CLOVIS,REPUBLICAN PARTY,266.000000
2014,19049049025,TREASURER OF STATE,,WRITE IN,,0.000000
2014,19049049025,U S SENATE,,BOB QUAST,BOB QUAST FOR TERM LIMITS,3.000000
2014,19049049025,U S SENATE,,BRUCE BRALEY,DEMOCRATIC PARTY,188.000000
2014,19049049025,U S SENATE,,DOUGLAS BUTZIER,LIBERTARIAN PARTY,2.000000
2014,19049049025,U S SENATE,,JONI ERNST,REPUBLICAN PARTY,303.000000
2014,19049049025,U S SENATE,,RICK STEWART,INDEPENDENT,5.000000
2014,19049049025,U S SENATE,,RUTH SMITH,,2.000000
2014,19049049025,U S SENATE,,WRITE IN,,1.000000
2014,19049049027,ATTORNEY GENERAL,,ADAM GREGG,REPUBLICAN PARTY,124.000000
2014,19049049027,ATTORNEY GENERAL,,TOM MILLER,DEMOCRATIC PARTY,186.000000
2014,19049049027,ATTORNEY GENERAL,,WRITE IN,,1.000000
2014,19049049027,AUDITOR OF STATE,,JONATHAN NEIDERBACH,DEMOCRATIC PARTY,150.000000
2014,19049049027,AUDITOR OF STATE,,MARY MOSIMAN,REPUBLICAN PARTY,153.000000
2014,19049049027,AUDITOR OF STATE,,WRITE IN,,0.000000
2014,19049049027,GOVERNOR,,JACK HATCH MONICA VERNON,DEMOCRATIC PARTY,126.000000
2014,19049049027,GOVERNOR,,JIM HENNAGER MARY MARGARET KRIEG,NEW INDEPENDENT PARTY IOWA,5.000000
2014,19049049027,GOVERNOR,,JONATHAN R NARCISSE MICHAEL L RICHARDS,IOWA PARTY,7.000000
2014,19049049027,GOVERNOR,,LEE DEAKINS HIEB TIM WATSON,LIBERTARIAN PARTY,9.000000
2014,19049049027,GOVERNOR,,TERRY E BRANSTAD KIM REYNOLDS,REPUBLICAN PARTY,169.000000
2014,19049049027,GOVERNOR,,WRITE IN,,2.000000
2014,19049049027,SECRETARY OF AGRICULTURE,,BILL NORTHEY,REPUBLICAN PARTY,198.000000
2014,19049049027,SECRETARY OF AGRICULTURE,,LEVI BENNING,NEW INDEPENDENT PARTY IOWA,19.000000
2014,19049049027,SECRETARY OF AGRICULTURE,,SHERRIE TAHA,DEMOCRATIC PARTY,88.000000
2014,19049049027,SECRETARY OF AGRICULTURE,,WRITE IN,,1.000000
2014,19049049027,SECRETARY OF STATE,,BRAD ANDERSON,DEMOCRATIC PARTY,156.000000
2014,19049049027,SECRETARY OF STATE,,JAKE PORTER,LIBERTARIAN PARTY,8.000000
2014,19049049027,SECRETARY OF STATE,,PAUL D PATE,REPUBLICAN PARTY,136.000000
2014,19049049027,SECRETARY OF STATE,,SPENCER HIGHLAND,NEW INDEPENDENT PARTY IOWA,8.000000
2014,19049049027,SECRETARY OF STATE,,WRITE IN,,2.000000
2014,19049049027,TREASURER OF STATE,,KEITH A LAUBE,LIBERTARIAN PARTY,12.000000
2014,19049049027,TREASURER OF STATE,,MICHAEL L FITZGERALD,DEMOCRATIC PARTY,168.000000
2014,19049049027,TREASURER OF STATE,,SAM CLOVIS,REPUBLICAN PARTY,129.000000
2014,19049049027,TREASURER OF STATE,,WRITE IN,,1.000000
2014,19049049027,U S SENATE,,BOB QUAST,BOB QUAST FOR TERM LIMITS,3.000000
2014,19049049027,U S SENATE,,BRUCE BRALEY,DEMOCRATIC PARTY,142.000000
2014,19049049027,U S SENATE,,DOUGLAS BUTZIER,LIBERTARIAN PARTY,5.000000
2014,19049049027,U S SENATE,,JONI ERNST,REPUBLICAN PARTY,151.000000
2014,19049049027,U S SENATE,,RICK STEWART,INDEPENDENT,11.000000
2014,19049049027,U S SENATE,,RUTH SMITH,,3.000000
2014,19049049027,U S SENATE,,WRITE IN,,1.000000
2014,19055055015,ATTORNEY GENERAL,,ADAM GREGG,REPUBLICAN PARTY,252.000000
2014,19055055015,ATTORNEY GENERAL,,TOM MILLER,DEMOCRATIC PARTY,166.000000
2014,19055055015,ATTORNEY GENERAL,,WRITE IN,,0.000000
2014,19055055015,AUDITOR OF STATE,,JONATHAN NEIDERBACH,DEMOCRATIC PARTY,94.000000
2014,19055055015,AUDITOR OF STATE,,MARY MOSIMAN,REPUBLICAN PARTY,304.000000
2014,19055055015,AUDITOR OF STATE,,WRITE IN,,0.000000
2014,19055055015,GOVERNOR,,JACK HATCH MONICA VERNON,DEMOCRATIC PARTY,87.000000
2014,19055055015,GOVERNOR,,JIM HENNAGER MARY MARGARET KRIEG,NEW INDEPENDENT PARTY IOWA,3.000000
2014,19055055015,GOVERNOR,,JONATHAN R NARCISSE MICHAEL L RICHARDS,IOWA PARTY,0.000000
2014,19055055015,GOVERNOR,,LEE DEAKINS HIEB TIM WATSON,LIBERTARIAN PARTY,2.000000
2014,19055055015,GOVERNOR,,TERRY E BRANSTAD KIM REYNOLDS,REPUBLICAN PARTY,340.000000
2014,19055055015,GOVERNOR,,WRITE IN,,0.000000
2014,19055055015,SECRETARY OF AGRICULTURE,,BILL NORTHEY,REPUBLICAN PARTY,340.000000
2014,19055055015,SECRETARY OF AGRICULTURE,,LEVI BENNING,NEW INDEPENDENT PARTY IOWA,6.000000
2014,19055055015,SECRETARY OF AGRICULTURE,,SHERRIE TAHA,DEMOCRATIC PARTY,69.000000
2014,19055055015,SECRETARY OF AGRICULTURE,,WRITE IN,,1.000000
2014,19055055015,SECRETARY OF STATE,,BRAD ANDERSON,DEMOCRATIC PARTY,121.000000
2014,19055055015,SECRETARY OF STATE,,JAKE PORTER,LIBERTARIAN PARTY,7.000000
2014,19055055015,SECRETARY OF STATE,,PAUL D PATE,REPUBLICAN PARTY,289.000000
2014,19055055015,SECRETARY OF STATE,,SPENCER HIGHLAND,NEW INDEPENDENT PARTY IOWA,5.000000
2014,19055055015,SECRETARY OF STATE,,WRITE IN,,0.000000
2014,19055055015,TREASURER OF STATE,,KEITH A LAUBE,LIBERTARIAN PARTY,9.000000
2014,19055055015,TREASURER OF STATE,,MICHAEL L FITZGERALD,DEMOCRATIC PARTY,159.000000
2014,19055055015,TREASURER OF STATE,,SAM CLOVIS,REPUBLICAN PARTY,239.000000
2014,19055055015,TREASURER OF STATE,,WRITE IN,,0.000000
2014,19055055015,U S SENATE,,BOB QUAST,BOB QUAST FOR TERM LIMITS,0.000000
2014,19055055015,U S SENATE,,BRUCE BRALEY,DEMOCRATIC PARTY,119.000000
2014,19055055015,U S SENATE,,DOUGLAS BUTZIER,LIBERTARIAN PARTY,0.000000
2014,19055055015,U S SENATE,,JONI ERNST,REPUBLICAN PARTY,312.000000
2014,19055055015,U S SENATE,,RICK STEWART,INDEPENDENT,3.000000
2014,19055055015,U S SENATE,,RUTH SMITH,,1.000000
2014,19055055015,U S SENATE,,WRITE IN,,0.000000
2014,19057057013,ATTORNEY GENERAL,,ADAM GREGG,REPUBLICAN PARTY,171.000000
2014,19057057013,ATTORNEY GENERAL,,TOM MILLER,DEMOCRATIC PARTY,157.000000
2014,19057057013,ATTORNEY GENERAL,,WRITE IN,,0.000000
2014,19057057013,AUDITOR OF STATE,,JONATHAN NEIDERBACH,DEMOCRATIC PARTY,129.000000
2014,19057057013,AUDITOR OF STATE,,MARY MOSIMAN,REPUBLICAN PARTY,192.000000
2014,19057057013,AUDITOR OF STATE,,WRITE IN,,0.000000
2014,19057057013,GOVERNOR,,JACK HATCH MONICA VERNON,DEMOCRATIC PARTY,128.000000
2014,19057057013,GOVERNOR,,JIM HENNAGER MARY MARGARET KRIEG,NEW INDEPENDENT PARTY IOWA,1.000000
2014,19057057013,GOVERNOR,,JONATHAN R NARCISSE MICHAEL L RICHARDS,IOWA PARTY,3.000000
2014,19057057013,GOVERNOR,,LEE DEAKINS HIEB TIM WATSON,LIBERTARIAN PARTY,6.000000
2014,19057057013,GOVERNOR,,TERRY E BRANSTAD KIM REYNOLDS,REPUBLICAN PARTY,205.000000
2014,19057057013,GOVERNOR,,WRITE IN,,0.000000
2014,19057057013,SECRETARY OF AGRICULTURE,,BILL NORTHEY,REPUBLICAN PARTY,197.000000
2014,19057057013,SECRETARY OF AGRICULTURE,,LEVI BENNING,NEW INDEPENDENT PARTY IOWA,13.000000
2014,19057057013,SECRETARY OF AGRICULTURE,,SHERRIE TAHA,DEMOCRATIC PARTY,120.000000
2014,19057057013,SECRETARY OF AGRICULTURE,,WRITE IN,,1.000000
2014,19057057013,SECRETARY OF STATE,,BRAD ANDERSON,DEMOCRATIC PARTY,130.000000
2014,19057057013,SECRETARY OF STATE,,JAKE PORTER,LIBERTARIAN PARTY,7.000000
2014,19057057013,SECRETARY OF STATE,,PAUL D PATE,REPUBLICAN PARTY,176.000000
2014,19057057013,SECRETARY OF STATE,,SPENCER HIGHLAND,NEW INDEPENDENT PARTY IOWA,8.000000
2014,19057057013,SECRETARY OF STATE,,WRITE IN,,0.000000
2014,19057057013,TREASURER OF STATE,,KEITH A LAUBE,LIBERTARIAN PARTY,17.000000
2014,19057057013,TREASURER OF STATE,,MICHAEL L FITZGERALD,DEMOCRATIC PARTY,150.000000
2014,19057057013,TREASURER OF STATE,,SAM CLOVIS,REPUBLICAN PARTY,157.000000
2014,19057057013,TREASURER OF STATE,,WRITE IN,,0.000000
2014,19057057013,U S SENATE,,BOB QUAST,BOB QUAST FOR TERM LIMITS,0.000000
2014,19057057013,U S SENATE,,BRUCE BRALEY,DEMOCRATIC PARTY,135.000000
2014,19057057013,U S SENATE,,DOUGLAS BUTZIER,LIBERTARIAN PARTY,0.000000
2014,19057057013,U S SENATE,,JONI ERNST,REPUBLICAN PARTY,195.000000
2014,19057057013,U S SENATE,,RICK STEWART,INDEPENDENT,8.000000
2014,19057057013,U S SENATE,,RUTH SMITH,,2.000000
2014,19057057013,U S SENATE,,WRITE IN,,0.000000
2014,19063063008,ATTORNEY GENERAL,,ADAM GREGG,REPUBLICAN PARTY,853.000000
2014,19063063008,ATTORNEY GENERAL,,TOM MILLER,DEMOCRATIC PARTY,1001.000000
2014,19063063008,ATTORNEY GENERAL,,WRITE IN,,1.000000
2014,19063063008,AUDITOR OF STATE,,JONATHAN NEIDERBACH,DEMOCRATIC PARTY,813.000000
2014,19063063008,AUDITOR OF STATE,,MARY MOSIMAN,REPUBLICAN PARTY,979.000000
2014,19063063008,AUDITOR OF STATE,,WRITE IN,,2.000000
2014,19063063008,GOVERNOR,,JACK HATCH MONICA VERNON,DEMOCRATIC PARTY,625.000000
2014,19063063008,GOVERNOR,,JIM HENNAGER MARY MARGARET KRIEG,NEW INDEPENDENT PARTY IOWA,32.000000
2014,19063063008,GOVERNOR,,JONATHAN R NARCISSE MICHAEL L RICHARDS,IOWA PARTY,19.000000
2014,19063063008,GOVERNOR,,LEE DEAKINS HIEB TIM WATSON,LIBERTARIAN PARTY,24.000000
2014,19063063008,GOVERNOR,,TERRY E BRANSTAD KIM REYNOLDS,REPUBLICAN PARTY,1226.000000
2014,19063063008,GOVERNOR,,WRITE IN,,1.000000
2014,19063063008,SECRETARY OF AGRICULTURE,,BILL NORTHEY,REPUBLICAN PARTY,1249.000000
2014,19063063008,SECRETARY OF AGRICULTURE,,LEVI BENNING,NEW INDEPENDENT PARTY IOWA,100.000000
2014,19063063008,SECRETARY OF AGRICULTURE,,SHERRIE TAHA,DEMOCRATIC PARTY,533.000000
2014,19063063008,SECRETARY OF AGRICULTURE,,WRITE IN,,1.000000
2014,19063063008,SECRETARY OF STATE,,BRAD ANDERSON,DEMOCRATIC PARTY,892.000000
2014,19063063008,SECRETARY OF STATE,,JAKE PORTER,LIBERTARIAN PARTY,46.000000
2014,19063063008,SECRETARY OF STATE,,PAUL D PATE,REPUBLICAN PARTY,832.000000
2014,19063063008,SECRETARY OF STATE,,SPENCER HIGHLAND,NEW INDEPENDENT PARTY IOWA,80.000000
2014,19063063008,SECRETARY OF STATE,,WRITE IN,,0.000000
2014,19063063008,TREASURER OF STATE,,KEITH A LAUBE,LIBERTARIAN PARTY,75.000000
2014,19063063008,TREASURER OF STATE,,MICHAEL L FITZGERALD,DEMOCRATIC PARTY,1003.000000
2014,19063063008,TREASURER OF STATE,,SAM CLOVIS,REPUBLICAN PARTY,762.000000
2014,19063063008,TREASURER OF STATE,,WRITE IN,,0.000000
2014,19063063008,U S SENATE,,BOB QUAST,BOB QUAST FOR TERM LIMITS,33.000000
2014,19063063008,U S SENATE,,BRUCE BRALEY,DEMOCRATIC PARTY,770.000000
2014,19063063008,U S SENATE,,DOUGLAS BUTZIER,LIBERTARIAN PARTY,15.000000
2014,19063063008,U S SENATE,,JONI ERNST,REPUBLICAN PARTY,969.000000
2014,19063063008,U S SENATE,,RICK STEWART,INDEPENDENT,92.000000
2014,19063063008,U S SENATE,,RUTH SMITH,,24.000000
2014,19063063008,U S SENATE,,WRITE IN,,3.000000
2014,19065065001,ATTORNEY GENERAL,,ADAM GREGG,REPUBLICAN PARTY,93.000000
2014,19065065001,ATTORNEY GENERAL,,TOM MILLER,DEMOCRATIC PARTY,110.000000
2014,19065065001,ATTORNEY GENERAL,,WRITE IN,,0.000000
2014,19065065001,AUDITOR OF STATE,,JONATHAN NEIDERBACH,DEMOCRATIC PARTY,67.000000
2014,19065065001,AUDITOR OF STATE,,MARY MOSIMAN,REPUBLICAN PARTY,130.000000
2014,19065065001,AUDITOR OF STATE,,WRITE IN,,0.000000
2014,19065065001,GOVERNOR,,JACK HATCH MONICA VERNON,DEMOCRATIC PARTY,67.000000
2014,19065065001,GOVERNOR,,JIM HENNAGER MARY MARGARET KRIEG,NEW INDEPENDENT PARTY IOWA,3.000000
2014,19065065001,GOVERNOR,,JONATHAN R NARCISSE MICHAEL L RICHARDS,IOWA PARTY,1.000000
2014,19065065001,GOVERNOR,,LEE DEAKINS HIEB TIM WATSON,LIBERTARIAN PARTY,1.000000
2014,19065065001,GOVERNOR,,TERRY E BRANSTAD KIM REYNOLDS,REPUBLICAN PARTY,138.000000
2014,19065065001,GOVERNOR,,WRITE IN,,1.000000
2014,19065065001,SECRETARY OF AGRICULTURE,,BILL NORTHEY,REPUBLICAN PARTY,151.000000
2014,19065065001,SECRETARY OF AGRICULTURE,,LEVI BENNING,NEW INDEPENDENT PARTY IOWA,9.000000
2014,19065065001,SECRETARY OF AGRICULTURE,,SHERRIE TAHA,DEMOCRATIC PARTY,48.000000
2014,19065065001,SECRETARY OF AGRICULTURE,,WRITE IN,,0.000000
2014,19065065001,SECRETARY OF STATE,,BRAD ANDERSON,DEMOCRATIC PARTY,89.000000
2014,19065065001,SECRETARY OF STATE,,JAKE PORTER,LIBERTARIAN PARTY,2.000000
2014,19065065001,SECRETARY OF STATE,,PAUL D PATE,REPUBLICAN PARTY,107.000000
2014,19065065001,SECRETARY OF STATE,,SPENCER HIGHLAND,NEW INDEPENDENT PARTY IOWA,5.000000
2014,19065065001,SECRETARY OF STATE,,WRITE IN,,0.000000
2014,19065065001,TREASURER OF STATE,,KEITH A LAUBE,LIBERTARIAN PARTY,9.000000
2014,19065065001,TREASURER OF STATE,,MICHAEL L FITZGERALD,DEMOCRATIC PARTY,94.000000
2014,19065065001,TREASURER OF STATE,,SAM CLOVIS,REPUBLICAN PARTY,98.000000
2014,19065065001,TREASURER OF STATE,,WRITE IN,,0.000000
2014,19065065001,U S SENATE,,BOB QUAST,BOB QUAST FOR TERM LIMITS,3.000000
2014,19065065001,U S SENATE,,BRUCE BRALEY,DEMOCRATIC PARTY,74.000000
2014,19065065001,U S SENATE,,DOUGLAS BUTZIER,LIBERTARIAN PARTY,0.000000
2014,19065065001,U S SENATE,,JONI ERNST,REPUBLICAN PARTY,126.000000
2014,19065065001,U S SENATE,,RICK STEWART,INDEPENDENT,7.000000
2014,19065065001,U S SENATE,,RUTH SMITH,,0.000000
2014,19065065001,U S SENATE,,WRITE IN,,0.000000
2014,19065065002,ATTORNEY GENERAL,,ADAM GREGG,REPUBLICAN PARTY,104.000000
2014,19065065002,ATTORNEY GENERAL,,TOM MILLER,DEMOCRATIC PARTY,116.000000
2014,19065065002,ATTORNEY GENERAL,,WRITE IN,,0.000000
2014,19065065002,AUDITOR OF STATE,,JONATHAN NEIDERBACH,DEMOCRATIC PARTY,87.000000
2014,19065065002,AUDITOR OF STATE,,MARY MOSIMAN,REPUBLICAN PARTY,122.000000
2014,19065065002,AUDITOR OF STATE,,WRITE IN,,0.000000
2014,19065065002,GOVERNOR,,JACK HATCH MONICA VERNON,DEMOCRATIC PARTY,67.000000
2014,19065065002,GOVERNOR,,JIM HENNAGER MARY MARGARET KRIEG,NEW INDEPENDENT PARTY IOWA,5.000000
2014,19065065002,GOVERNOR,,JONATHAN R NARCISSE MICHAEL L RICHARDS,IOWA PARTY,1.000000
2014,19065065002,GOVERNOR,,LEE DEAKINS HIEB TIM WATSON,LIBERTARIAN PARTY,3.000000
2014,19065065002,GOVERNOR,,TERRY E BRANSTAD KIM REYNOLDS,REPUBLICAN PARTY,148.000000
2014,19065065002,GOVERNOR,,WRITE IN,,0.000000
2014,19065065002,SECRETARY OF AGRICULTURE,,BILL NORTHEY,REPUBLICAN PARTY,167.000000
2014,19065065002,SECRETARY OF AGRICULTURE,,LEVI BENNING,NEW INDEPENDENT PARTY IOWA,9.000000
2014,19065065002,SECRETARY OF AGRICULTURE,,SHERRIE TAHA,DEMOCRATIC PARTY,48.000000
2014,19065065002,SECRETARY OF AGRICULTURE,,WRITE IN,,0.000000
2014,19065065002,SECRETARY OF STATE,,BRAD ANDERSON,DEMOCRATIC PARTY,98.000000
2014,19065065002,SECRETARY OF STATE,,JAKE PORTER,LIBERTARIAN PARTY,4.000000
2014,19065065002,SECRETARY OF STATE,,PAUL D PATE,REPUBLICAN PARTY,112.000000
2014,19065065002,SECRETARY OF STATE,,SPENCER HIGHLAND,NEW INDEPENDENT PARTY IOWA,6.000000
2014,19065065002,SECRETARY OF STATE,,WRITE IN,,0.000000
2014,19065065002,TREASURER OF STATE,,KEITH A LAUBE,LIBERTARIAN PARTY,11.000000
2014,19065065002,TREASURER OF STATE,,MICHAEL L FITZGERALD,DEMOCRATIC PARTY,119.000000
2014,19065065002,TREASURER OF STATE,,SAM CLOVIS,REPUBLICAN PARTY,88.000000
2014,19065065002,TREASURER OF STATE,,WRITE IN,,0.000000
2014,19065065002,U S SENATE,,BOB QUAST,BOB QUAST FOR TERM LIMITS,4.000000
2014,19065065002,U S SENATE,,BRUCE BRALEY,DEMOCRATIC PARTY,79.000000
2014,19065065002,U S SENATE,,DOUGLAS BUTZIER,LIBERTARIAN PARTY,2.000000
2014,19065065002,U S SENATE,,JONI ERNST,REPUBLICAN PARTY,134.000000
2014,19065065002,U S SENATE,,RICK STEWART,INDEPENDENT,5.000000
2014,19065065002,U S SENATE,,RUTH SMITH,,1.000000
2014,19065065002,U S SENATE,,WRITE IN,,0.000000
2014,19065065003,ATTORNEY GENERAL,,ADAM GREGG,REPUBLICAN PARTY,139.000000
2014,19065065003,ATTORNEY GENERAL,,TOM MILLER,DEMOCRATIC PARTY,109.000000
2014,19065065003,ATTORNEY GENERAL,,WRITE IN,,0.000000
2014,19065065003,AUDITOR OF STATE,,JONATHAN NEIDERBACH,DEMOCRATIC PARTY,72.000000
2014,19065065003,AUDITOR OF STATE,,MARY MOSIMAN,REPUBLICAN PARTY,173.000000
2014,19065065003,AUDITOR OF STATE,,WRITE IN,,1.000000
2014,19065065003,GOVERNOR,,JACK HATCH MONICA VERNON,DEMOCRATIC PARTY,65.000000
2014,19065065003,GOVERNOR,,JIM HENNAGER MARY MARGARET KRIEG,NEW INDEPENDENT PARTY IOWA,2.000000
2014,19065065003,GOVERNOR,,JONATHAN R NARCISSE MICHAEL L RICHARDS,IOWA PARTY,1.000000
2014,19065065003,GOVERNOR,,LEE DEAKINS HIEB TIM WATSON,LIBERTARIAN PARTY,2.000000
2014,19065065003,GOVERNOR,,TERRY E BRANSTAD KIM REYNOLDS,REPUBLICAN PARTY,181.000000
2014,19065065003,GOVERNOR,,WRITE IN,,0.000000
2014,19065065003,SECRETARY OF AGRICULTURE,,BILL NORTHEY,REPUBLICAN PARTY,205.000000
2014,19065065003,SECRETARY OF AGRICULTURE,,LEVI BENNING,NEW INDEPENDENT PARTY IOWA,5.000000
2014,19065065003,SECRETARY OF AGRICULTURE,,SHERRIE TAHA,DEMOCRATIC PARTY,41.000000
2014,19065065003,SECRETARY OF AGRICULTURE,,WRITE IN,,0.000000
2014,19065065003,SECRETARY OF STATE,,BRAD ANDERSON,DEMOCRATIC PARTY,84.000000
2014,19065065003,SECRETARY OF STATE,,JAKE PORTER,LIBERTARIAN PARTY,7.000000
2014,19065065003,SECRETARY OF STATE,,PAUL D PATE,REPUBLICAN PARTY,155.000000
2014,19065065003,SECRETARY OF STATE,,SPENCER HIGHLAND,NEW INDEPENDENT PARTY IOWA,2.000000
2014,19065065003,SECRETARY OF STATE,,WRITE IN,,0.000000
2014,19065065003,TREASURER OF STATE,,KEITH A LAUBE,LIBERTARIAN PARTY,6.000000
2014,19065065003,TREASURER OF STATE,,MICHAEL L FITZGERALD,DEMOCRATIC PARTY,106.000000
2014,19065065003,TREASURER OF STATE,,SAM CLOVIS,REPUBLICAN PARTY,135.000000
2014,19065065003,TREASURER OF STATE,,WRITE IN,,0.000000
2014,19065065003,U S SENATE,,BOB QUAST,BOB QUAST FOR TERM LIMITS,1.000000
2014,19065065003,U S SENATE,,BRUCE BRALEY,DEMOCRATIC PARTY,74.000000
2014,19065065003,U S SENATE,,DOUGLAS BUTZIER,LIBERTARIAN PARTY,1.000000
2014,19065065003,U S SENATE,,JONI ERNST,REPUBLICAN PARTY,169.000000
2014,19065065003,U S SENATE,,RICK STEWART,INDEPENDENT,5.000000
2014,19065065003,U S SENATE,,RUTH SMITH,,0.000000
2014,19065065003,U S SENATE,,WRITE IN,,0.000000
2014,19065065005,ATTORNEY GENERAL,,ADAM GREGG,REPUBLICAN PARTY,181.000000
2014,19065065005,ATTORNEY GENERAL,,TOM MILLER,DEMOCRATIC PARTY,177.000000
2014,19065065005,ATTORNEY GENERAL,,WRITE IN,,0.000000
2014,19065065005,AUDITOR OF STATE,,JONATHAN NEIDERBACH,DEMOCRATIC PARTY,111.000000
2014,19065065005,AUDITOR OF STATE,,MARY MOSIMAN,REPUBLICAN PARTY,239.000000
2014,19065065005,AUDITOR OF STATE,,WRITE IN,,0.000000
2014,19065065005,GOVERNOR,,JACK HATCH MONICA VERNON,DEMOCRATIC PARTY,89.000000
2014,19065065005,GOVERNOR,,JIM HENNAGER MARY MARGARET KRIEG,NEW INDEPENDENT PARTY IOWA,3.000000
2014,19065065005,GOVERNOR,,JONATHAN R NARCISSE MICHAEL L RICHARDS,IOWA PARTY,2.000000
2014,19065065005,GOVERNOR,,LEE DEAKINS HIEB TIM WATSON,LIBERTARIAN PARTY,3.000000
2014,19065065005,GOVERNOR,,TERRY E BRANSTAD KIM REYNOLDS,REPUBLICAN PARTY,269.000000
2014,19065065005,GOVERNOR,,WRITE IN,,0.000000
2014,19065065005,SECRETARY OF AGRICULTURE,,BILL NORTHEY,REPUBLICAN PARTY,273.000000
2014,19065065005,SECRETARY OF AGRICULTURE,,LEVI BENNING,NEW INDEPENDENT PARTY IOWA,16.000000
2014,19065065005,SECRETARY OF AGRICULTURE,,SHERRIE TAHA,DEMOCRATIC PARTY,72.000000
2014,19065065005,SECRETARY OF AGRICULTURE,,WRITE IN,,0.000000
2014,19065065005,SECRETARY OF STATE,,BRAD ANDERSON,DEMOCRATIC PARTY,142.000000
2014,19065065005,SECRETARY OF STATE,,JAKE PORTER,LIBERTARIAN PARTY,6.000000
2014,19065065005,SECRETARY OF STATE,,PAUL D PATE,REPUBLICAN PARTY,203.000000
2014,19065065005,SECRETARY OF STATE,,SPENCER HIGHLAND,NEW INDEPENDENT PARTY IOWA,10.000000
2014,19065065005,SECRETARY OF STATE,,WRITE IN,,0.000000
2014,19065065005,TREASURER OF STATE,,KEITH A LAUBE,LIBERTARIAN PARTY,18.000000
2014,19065065005,TREASURER OF STATE,,MICHAEL L FITZGERALD,DEMOCRATIC PARTY,170.000000
2014,19065065005,TREASURER OF STATE,,SAM CLOVIS,REPUBLICAN PARTY,170.000000
2014,19065065005,TREASURER OF STATE,,WRITE IN,,0.000000
2014,19065065005,U S SENATE,,BOB QUAST,BOB QUAST FOR TERM LIMITS,0.000000
2014,19065065005,U S SENATE,,BRUCE BRALEY,DEMOCRATIC PARTY,125.000000
2014,19065065005,U S SENATE,,DOUGLAS BUTZIER,LIBERTARIAN PARTY,1.000000
2014,19065065005,U S SENATE,,JONI ERNST,REPUBLICAN PARTY,234.000000
2014,19065065005,U S SENATE,,RICK STEWART,INDEPENDENT,7.000000
2014,19065065005,U S SENATE,,RUTH SMITH,,1.000000
2014,19065065005,U S SENATE,,WRITE IN,,0.000000
2014,19065065006,ATTORNEY GENERAL,,ADAM GREGG,REPUBLICAN PARTY,176.000000
2014,19065065006,ATTORNEY GENERAL,,TOM MILLER,DEMOCRATIC PARTY,216.000000
2014,19065065006,ATTORNEY GENERAL,,WRITE IN,,0.000000
2014,19065065006,AUDITOR OF STATE,,JONATHAN NEIDERBACH,DEMOCRATIC PARTY,119.000000
2014,19065065006,AUDITOR OF STATE,,MARY MOSIMAN,REPUBLICAN PARTY,253.000000
2014,19065065006,AUDITOR OF STATE,,WRITE IN,,0.000000
2014,19065065006,GOVERNOR,,JACK HATCH MONICA VERNON,DEMOCRATIC PARTY,111.000000
2014,19065065006,GOVERNOR,,JIM HENNAGER MARY MARGARET KRIEG,NEW INDEPENDENT PARTY IOWA,8.000000
2014,19065065006,GOVERNOR,,JONATHAN R NARCISSE MICHAEL L RICHARDS,IOWA PARTY,0.000000
2014,19065065006,GOVERNOR,,LEE DEAKINS HIEB TIM WATSON,LIBERTARIAN PARTY,4.000000
2014,19065065006,GOVERNOR,,TERRY E BRANSTAD KIM REYNOLDS,REPUBLICAN PARTY,273.000000
2014,19065065006,GOVERNOR,,WRITE IN,,0.000000
2014,19065065006,SECRETARY OF AGRICULTURE,,BILL NORTHEY,REPUBLICAN PARTY,302.000000
2014,19065065006,SECRETARY OF AGRICULTURE,,LEVI BENNING,NEW INDEPENDENT PARTY IOWA,14.000000
2014,19065065006,SECRETARY OF AGRICULTURE,,SHERRIE TAHA,DEMOCRATIC PARTY,77.000000
2014,19065065006,SECRETARY OF AGRICULTURE,,WRITE IN,,0.000000
2014,19065065006,SECRETARY OF STATE,,BRAD ANDERSON,DEMOCRATIC PARTY,156.000000
2014,19065065006,SECRETARY OF STATE,,JAKE PORTER,LIBERTARIAN PARTY,13.000000
2014,19065065006,SECRETARY OF STATE,,PAUL D PATE,REPUBLICAN PARTY,210.000000
2014,19065065006,SECRETARY OF STATE,,SPENCER HIGHLAND,NEW INDEPENDENT PARTY IOWA,10.000000
2014,19065065006,SECRETARY OF STATE,,WRITE IN,,0.000000
2014,19065065006,TREASURER OF STATE,,KEITH A LAUBE,LIBERTARIAN PARTY,13.000000
2014,19065065006,TREASURER OF STATE,,MICHAEL L FITZGERALD,DEMOCRATIC PARTY,194.000000
2014,19065065006,TREASURER OF STATE,,SAM CLOVIS,REPUBLICAN PARTY,176.000000
2014,19065065006,TREASURER OF STATE,,WRITE IN,,0.000000
2014,19065065006,U S SENATE,,BOB QUAST,BOB QUAST FOR TERM LIMITS,3.000000
2014,19065065006,U S SENATE,,BRUCE BRALEY,DEMOCRATIC PARTY,149.000000
2014,19065065006,U S SENATE,,DOUGLAS BUTZIER,LIBERTARIAN PARTY,4.000000
2014,19065065006,U S SENATE,,JONI ERNST,REPUBLICAN PARTY,227.000000
2014,19065065006,U S SENATE,,RICK STEWART,INDEPENDENT,12.000000
2014,19065065006,U S SENATE,,RUTH SMITH,,1.000000
2014,19065065006,U S SENATE,,WRITE IN,,0.000000
2014,19065065013,ATTORNEY GENERAL,,ADAM GREGG,REPUBLICAN PARTY,76.000000
2014,19065065013,ATTORNEY GENERAL,,TOM MILLER,DEMOCRATIC PARTY,54.000000
2014,19065065013,ATTORNEY GENERAL,,WRITE IN,,0.000000
2014,19065065013,AUDITOR OF STATE,,JONATHAN NEIDERBACH,DEMOCRATIC PARTY,34.000000
2014,19065065013,AUDITOR OF STATE,,MARY MOSIMAN,REPUBLICAN PARTY,94.000000
2014,19065065013,AUDITOR OF STATE,,WRITE IN,,0.000000
2014,19065065013,GOVERNOR,,JACK HATCH MONICA VERNON,DEMOCRATIC PARTY,25.000000
2014,19065065013,GOVERNOR,,JIM HENNAGER MARY MARGARET KRIEG,NEW INDEPENDENT PARTY IOWA,1.000000
2014,19065065013,GOVERNOR,,JONATHAN R NARCISSE MICHAEL L RICHARDS,IOWA PARTY,2.000000
2014,19065065013,GOVERNOR,,LEE DEAKINS HIEB TIM WATSON,LIBERTARIAN PARTY,0.000000
2014,19065065013,GOVERNOR,,TERRY E BRANSTAD KIM REYNOLDS,REPUBLICAN PARTY,106.000000
2014,19065065013,GOVERNOR,,WRITE IN,,0.000000
2014,19065065013,SECRETARY OF AGRICULTURE,,BILL NORTHEY,REPUBLICAN PARTY,111.000000
2014,19065065013,SECRETARY OF AGRICULTURE,,LEVI BENNING,NEW INDEPENDENT PARTY IOWA,1.000000
2014,19065065013,SECRETARY OF AGRICULTURE,,SHERRIE TAHA,DEMOCRATIC PARTY,20.000000
2014,19065065013,SECRETARY OF AGRICULTURE,,WRITE IN,,0.000000
2014,19065065013,SECRETARY OF STATE,,BRAD ANDERSON,DEMOCRATIC PARTY,46.000000
2014,19065065013,SECRETARY OF STATE,,JAKE PORTER,LIBERTARIAN PARTY,1.000000
2014,19065065013,SECRETARY OF STATE,,PAUL D PATE,REPUBLICAN PARTY,81.000000
2014,19065065013,SECRETARY OF STATE,,SPENCER HIGHLAND,NEW INDEPENDENT PARTY IOWA,1.000000
2014,19065065013,SECRETARY OF STATE,,WRITE IN,,0.000000
2014,19065065013,TREASURER OF STATE,,KEITH A LAUBE,LIBERTARIAN PARTY,6.000000
2014,19065065013,TREASURER OF STATE,,MICHAEL L FITZGERALD,DEMOCRATIC PARTY,53.000000
2014,19065065013,TREASURER OF STATE,,SAM CLOVIS,REPUBLICAN PARTY,69.000000
2014,19065065013,TREASURER OF STATE,,WRITE IN,,0.000000
2014,19065065013,U S SENATE,,BOB QUAST,BOB QUAST FOR TERM LIMITS,1.000000
2014,19065065013,U S SENATE,,BRUCE BRALEY,DEMOCRATIC PARTY,40.000000
2014,19065065013,U S SENATE,,DOUGLAS BUTZIER,LIBERTARIAN PARTY,0.000000
2014,19065065013,U S SENATE,,JONI ERNST,REPUBLICAN PARTY,88.000000
2014,19065065013,U S SENATE,,RICK STEWART,INDEPENDENT,4.000000
2014,19065065013,U S SENATE,,RUTH SMITH,,0.000000
2014,19065065013,U S SENATE,,WRITE IN,,0.000000
2014,19065065015,ATTORNEY GENERAL,,ADAM GREGG,REPUBLICAN PARTY,80.000000
2014,19065065015,ATTORNEY GENERAL,,TOM MILLER,DEMOCRATIC PARTY,127.000000
2014,19065065015,ATTORNEY GENERAL,,WRITE IN,,0.000000
2014,19065065015,AUDITOR OF STATE,,JONATHAN NEIDERBACH,DEMOCRATIC PARTY,85.000000
2014,19065065015,AUDITOR OF STATE,,MARY MOSIMAN,REPUBLICAN PARTY,116.000000
2014,19065065015,AUDITOR OF STATE,,WRITE IN,,0.000000
2014,19065065015,GOVERNOR,,JACK HATCH MONICA VERNON,DEMOCRATIC PARTY,72.000000
2014,19065065015,GOVERNOR,,JIM HENNAGER MARY MARGARET KRIEG,NEW INDEPENDENT PARTY IOWA,1.000000
2014,19065065015,GOVERNOR,,JONATHAN R NARCISSE MICHAEL L RICHARDS,IOWA PARTY,3.000000
2014,19065065015,GOVERNOR,,LEE DEAKINS HIEB TIM WATSON,LIBERTARIAN PARTY,7.000000
2014,19065065015,GOVERNOR,,TERRY E BRANSTAD KIM REYNOLDS,REPUBLICAN PARTY,131.000000
2014,19065065015,GOVERNOR,,WRITE IN,,0.000000
2014,19065065015,SECRETARY OF AGRICULTURE,,BILL NORTHEY,REPUBLICAN PARTY,153.000000
2014,19065065015,SECRETARY OF AGRICULTURE,,LEVI BENNING,NEW INDEPENDENT PARTY IOWA,5.000000
2014,19065065015,SECRETARY OF AGRICULTURE,,SHERRIE TAHA,DEMOCRATIC PARTY,50.000000
2014,19065065015,SECRETARY OF AGRICULTURE,,WRITE IN,,0.000000
2014,19065065015,SECRETARY OF STATE,,BRAD ANDERSON,DEMOCRATIC PARTY,96.000000
2014,19065065015,SECRETARY OF STATE,,JAKE PORTER,LIBERTARIAN PARTY,5.000000
2014,19065065015,SECRETARY OF STATE,,PAUL D PATE,REPUBLICAN PARTY,100.000000
2014,19065065015,SECRETARY OF STATE,,SPENCER HIGHLAND,NEW INDEPENDENT PARTY IOWA,5.000000
2014,19065065015,SECRETARY OF STATE,,WRITE IN,,0.000000
2014,19065065015,TREASURER OF STATE,,KEITH A LAUBE,LIBERTARIAN PARTY,8.000000
2014,19065065015,TREASURER OF STATE,,MICHAEL L FITZGERALD,DEMOCRATIC PARTY,122.000000
2014,19065065015,TREASURER OF STATE,,SAM CLOVIS,REPUBLICAN PARTY,73.000000
2014,19065065015,TREASURER OF STATE,,WRITE IN,,0.000000
2014,19065065015,U S SENATE,,BOB QUAST,BOB QUAST FOR TERM LIMITS,0.000000
2014,19065065015,U S SENATE,,BRUCE BRALEY,DEMOCRATIC PARTY,97.000000
2014,19065065015,U S SENATE,,DOUGLAS BUTZIER,LIBERTARIAN PARTY,0.000000
2014,19065065015,U S SENATE,,JONI ERNST,REPUBLICAN PARTY,112.000000
2014,19065065015,U S SENATE,,RICK STEWART,INDEPENDENT,5.000000
2014,19065065015,U S SENATE,,RUTH SMITH,,0.000000
2014,19065065015,U S SENATE,,WRITE IN,,0.000000
2014,19065065017,ATTORNEY GENERAL,,ADAM GREGG,REPUBLICAN PARTY,53.000000
2014,19065065017,ATTORNEY GENERAL,,TOM MILLER,DEMOCRATIC PARTY,60.000000
2014,19065065017,ATTORNEY GENERAL,,WRITE IN,,0.000000
2014,19065065017,AUDITOR OF STATE,,JONATHAN NEIDERBACH,DEMOCRATIC PARTY,38.000000
2014,19065065017,AUDITOR OF STATE,,MARY MOSIMAN,REPUBLICAN PARTY,71.000000
2014,19065065017,AUDITOR OF STATE,,WRITE IN,,1.000000
2014,19065065017,GOVERNOR,,JACK HATCH MONICA VERNON,DEMOCRATIC PARTY,35.000000
2014,19065065017,GOVERNOR,,JIM HENNAGER MARY MARGARET KRIEG,NEW INDEPENDENT PARTY IOWA,4.000000
2014,19065065017,GOVERNOR,,JONATHAN R NARCISSE MICHAEL L RICHARDS,IOWA PARTY,0.000000
2014,19065065017,GOVERNOR,,LEE DEAKINS HIEB TIM WATSON,LIBERTARIAN PARTY,0.000000
2014,19065065017,GOVERNOR,,TERRY E BRANSTAD KIM REYNOLDS,REPUBLICAN PARTY,73.000000
2014,19065065017,GOVERNOR,,WRITE IN,,0.000000
2014,19065065017,SECRETARY OF AGRICULTURE,,BILL NORTHEY,REPUBLICAN PARTY,86.000000
2014,19065065017,SECRETARY OF AGRICULTURE,,LEVI BENNING,NEW INDEPENDENT PARTY IOWA,4.000000
2014,19065065017,SECRETARY OF AGRICULTURE,,SHERRIE TAHA,DEMOCRATIC PARTY,23.000000
2014,19065065017,SECRETARY OF AGRICULTURE,,WRITE IN,,0.000000
2014,19065065017,SECRETARY OF STATE,,BRAD ANDERSON,DEMOCRATIC PARTY,39.000000
2014,19065065017,SECRETARY OF STATE,,JAKE PORTER,LIBERTARIAN PARTY,0.000000
2014,19065065017,SECRETARY OF STATE,,PAUL D PATE,REPUBLICAN PARTY,69.000000
2014,19065065017,SECRETARY OF STATE,,SPENCER HIGHLAND,NEW INDEPENDENT PARTY IOWA,3.000000
2014,19065065017,SECRETARY OF STATE,,WRITE IN,,0.000000
2014,19065065017,TREASURER OF STATE,,KEITH A LAUBE,LIBERTARIAN PARTY,2.000000
2014,19065065017,TREASURER OF STATE,,MICHAEL L FITZGERALD,DEMOCRATIC PARTY,61.000000
2014,19065065017,TREASURER OF STATE,,SAM CLOVIS,REPUBLICAN PARTY,48.000000
2014,19065065017,TREASURER OF STATE,,WRITE IN,,0.000000
2014,19065065017,U S SENATE,,BOB QUAST,BOB QUAST FOR TERM LIMITS,1.000000
2014,19065065017,U S SENATE,,BRUCE BRALEY,DEMOCRATIC PARTY,39.000000
2014,19065065017,U S SENATE,,DOUGLAS BUTZIER,LIBERTARIAN PARTY,0.000000
2014,19065065017,U S SENATE,,JONI ERNST,REPUBLICAN PARTY,71.000000
2014,19065065017,U S SENATE,,RICK STEWART,INDEPENDENT,2.000000
2014,19065065017,U S SENATE,,RUTH SMITH,,0.000000
2014,19065065017,U S SENATE,,WRITE IN,,0.000000
2014,19065065018,ATTORNEY GENERAL,,ADAM GREGG,REPUBLICAN PARTY,128.000000
2014,19065065018,ATTORNEY GENERAL,,TOM MILLER,DEMOCRATIC PARTY,195.000000
2014,19065065018,ATTORNEY GENERAL,,WRITE IN,,0.000000
2014,19065065018,AUDITOR OF STATE,,JONATHAN NEIDERBACH,DEMOCRATIC PARTY,128.000000
2014,19065065018,AUDITOR OF STATE,,MARY MOSIMAN,REPUBLICAN PARTY,185.000000
2014,19065065018,AUDITOR OF STATE,,WRITE IN,,0.000000
2014,19065065018,GOVERNOR,,JACK HATCH MONICA VERNON,DEMOCRATIC PARTY,126.000000
2014,19065065018,GOVERNOR,,JIM HENNAGER MARY MARGARET KRIEG,NEW INDEPENDENT PARTY IOWA,6.000000
2014,19065065018,GOVERNOR,,JONATHAN R NARCISSE MICHAEL L RICHARDS,IOWA PARTY,4.000000
2014,19065065018,GOVERNOR,,LEE DEAKINS HIEB TIM WATSON,LIBERTARIAN PARTY,3.000000
2014,19065065018,GOVERNOR,,TERRY E BRANSTAD KIM REYNOLDS,REPUBLICAN PARTY,187.000000
2014,19065065018,GOVERNOR,,WRITE IN,,2.000000
2014,19065065018,SECRETARY OF AGRICULTURE,,BILL NORTHEY,REPUBLICAN PARTY,238.000000
2014,19065065018,SECRETARY OF AGRICULTURE,,LEVI BENNING,NEW INDEPENDENT PARTY IOWA,9.000000
2014,19065065018,SECRETARY OF AGRICULTURE,,SHERRIE TAHA,DEMOCRATIC PARTY,79.000000
2014,19065065018,SECRETARY OF AGRICULTURE,,WRITE IN,,0.000000
2014,19065065018,SECRETARY OF STATE,,BRAD ANDERSON,DEMOCRATIC PARTY,155.000000
2014,19065065018,SECRETARY OF STATE,,JAKE PORTER,LIBERTARIAN PARTY,4.000000
2014,19065065018,SECRETARY OF STATE,,PAUL D PATE,REPUBLICAN PARTY,157.000000
2014,19065065018,SECRETARY OF STATE,,SPENCER HIGHLAND,NEW INDEPENDENT PARTY IOWA,7.000000
2014,19065065018,SECRETARY OF STATE,,WRITE IN,,0.000000
2014,19065065018,TREASURER OF STATE,,KEITH A LAUBE,LIBERTARIAN PARTY,13.000000
2014,19065065018,TREASURER OF STATE,,MICHAEL L FITZGERALD,DEMOCRATIC PARTY,181.000000
2014,19065065018,TREASURER OF STATE,,SAM CLOVIS,REPUBLICAN PARTY,127.000000
2014,19065065018,TREASURER OF STATE,,WRITE IN,,0.000000
2014,19065065018,U S SENATE,,BOB QUAST,BOB QUAST FOR TERM LIMITS,1.000000
2014,19065065018,U S SENATE,,BRUCE BRALEY,DEMOCRATIC PARTY,150.000000
2014,19065065018,U S SENATE,,DOUGLAS BUTZIER,LIBERTARIAN PARTY,0.000000
2014,19065065018,U S SENATE,,JONI ERNST,REPUBLICAN PARTY,164.000000
2014,19065065018,U S SENATE,,RICK STEWART,INDEPENDENT,11.000000
2014,19065065018,U S SENATE,,RUTH SMITH,,2.000000
2014,19065065018,U S SENATE,,WRITE IN,,1.000000
2014,19071071008,ATTORNEY GENERAL,,ADAM GREGG,REPUBLICAN PARTY,236.000000
2014,19071071008,ATTORNEY GENERAL,,TOM MILLER,DEMOCRATIC PARTY,228.000000
2014,19071071008,ATTORNEY GENERAL,,WRITE IN,,0.000000
2014,19071071008,AUDITOR OF STATE,,JONATHAN NEIDERBACH,DEMOCRATIC PARTY,146.000000
2014,19071071008,AUDITOR OF STATE,,MARY MOSIMAN,REPUBLICAN PARTY,307.000000
2014,19071071008,AUDITOR OF STATE,,WRITE IN,,1.000000
2014,19071071008,GOVERNOR,,JACK HATCH MONICA VERNON,DEMOCRATIC PARTY,142.000000
2014,19071071008,GOVERNOR,,JIM HENNAGER MARY MARGARET KRIEG,NEW INDEPENDENT PARTY IOWA,3.000000
2014,19071071008,GOVERNOR,,JONATHAN R NARCISSE MICHAEL L RICHARDS,IOWA PARTY,6.000000
2014,19071071008,GOVERNOR,,LEE DEAKINS HIEB TIM WATSON,LIBERTARIAN PARTY,17.000000
2014,19071071008,GOVERNOR,,TERRY E BRANSTAD KIM REYNOLDS,REPUBLICAN PARTY,314.000000
2014,19071071008,GOVERNOR,,WRITE IN,,0.000000
2014,19071071008,SECRETARY OF AGRICULTURE,,BILL NORTHEY,REPUBLICAN PARTY,324.000000
2014,19071071008,SECRETARY OF AGRICULTURE,,LEVI BENNING,NEW INDEPENDENT PARTY IOWA,36.000000
2014,19071071008,SECRETARY OF AGRICULTURE,,SHERRIE TAHA,DEMOCRATIC PARTY,109.000000
2014,19071071008,SECRETARY OF AGRICULTURE,,WRITE IN,,0.000000
2014,19071071008,SECRETARY OF STATE,,BRAD ANDERSON,DEMOCRATIC PARTY,177.000000
2014,19071071008,SECRETARY OF STATE,,JAKE PORTER,LIBERTARIAN PARTY,24.000000
2014,19071071008,SECRETARY OF STATE,,PAUL D PATE,REPUBLICAN PARTY,249.000000
2014,19071071008,SECRETARY OF STATE,,SPENCER HIGHLAND,NEW INDEPENDENT PARTY IOWA,11.000000
2014,19071071008,SECRETARY OF STATE,,WRITE IN,,0.000000
2014,19071071008,TREASURER OF STATE,,KEITH A LAUBE,LIBERTARIAN PARTY,26.000000
2014,19071071008,TREASURER OF STATE,,MICHAEL L FITZGERALD,DEMOCRATIC PARTY,209.000000
2014,19071071008,TREASURER OF STATE,,SAM CLOVIS,REPUBLICAN PARTY,230.000000
2014,19071071008,TREASURER OF STATE,,WRITE IN,,0.000000
2014,19071071008,U S SENATE,,BOB QUAST,BOB QUAST FOR TERM LIMITS,4.000000
2014,19071071008,U S SENATE,,BRUCE BRALEY,DEMOCRATIC PARTY,168.000000
2014,19071071008,U S SENATE,,DOUGLAS BUTZIER,LIBERTARIAN PARTY,3.000000
2014,19071071008,U S SENATE,,JONI ERNST,REPUBLICAN PARTY,291.000000
2014,19071071008,U S SENATE,,RICK STEWART,INDEPENDENT,15.000000
2014,19071071008,U S SENATE,,RUTH SMITH,,1.000000
2014,19071071008,U S SENATE,,WRITE IN,,0.000000
2014,19071071011,ATTORNEY GENERAL,,ADAM GREGG,REPUBLICAN PARTY,354.000000
2014,19071071011,ATTORNEY GENERAL,,TOM MILLER,DEMOCRATIC PARTY,269.000000
2014,19071071011,ATTORNEY GENERAL,,WRITE IN,,0.000000
2014,19071071011,AUDITOR OF STATE,,JONATHAN NEIDERBACH,DEMOCRATIC PARTY,194.000000
2014,19071071011,AUDITOR OF STATE,,MARY MOSIMAN,REPUBLICAN PARTY,418.000000
2014,19071071011,AUDITOR OF STATE,,WRITE IN,,0.000000
2014,19071071011,GOVERNOR,,JACK HATCH MONICA VERNON,DEMOCRATIC PARTY,176.000000
2014,19071071011,GOVERNOR,,JIM HENNAGER MARY MARGARET KRIEG,NEW INDEPENDENT PARTY IOWA,14.000000
2014,19071071011,GOVERNOR,,JONATHAN R NARCISSE MICHAEL L RICHARDS,IOWA PARTY,5.000000
2014,19071071011,GOVERNOR,,LEE DEAKINS HIEB TIM WATSON,LIBERTARIAN PARTY,14.000000
2014,19071071011,GOVERNOR,,TERRY E BRANSTAD KIM REYNOLDS,REPUBLICAN PARTY,454.000000
2014,19071071011,GOVERNOR,,WRITE IN,,1.000000
2014,19071071011,SECRETARY OF AGRICULTURE,,BILL NORTHEY,REPUBLICAN PARTY,450.000000
2014,19071071011,SECRETARY OF AGRICULTURE,,LEVI BENNING,NEW INDEPENDENT PARTY IOWA,37.000000
2014,19071071011,SECRETARY OF AGRICULTURE,,SHERRIE TAHA,DEMOCRATIC PARTY,147.000000
2014,19071071011,SECRETARY OF AGRICULTURE,,WRITE IN,,0.000000
2014,19071071011,SECRETARY OF STATE,,BRAD ANDERSON,DEMOCRATIC PARTY,220.000000
2014,19071071011,SECRETARY OF STATE,,JAKE PORTER,LIBERTARIAN PARTY,29.000000
2014,19071071011,SECRETARY OF STATE,,PAUL D PATE,REPUBLICAN PARTY,360.000000
2014,19071071011,SECRETARY OF STATE,,SPENCER HIGHLAND,NEW INDEPENDENT PARTY IOWA,18.000000
2014,19071071011,SECRETARY OF STATE,,WRITE IN,,0.000000
2014,19071071011,TREASURER OF STATE,,KEITH A LAUBE,LIBERTARIAN PARTY,25.000000
2014,19071071011,TREASURER OF STATE,,MICHAEL L FITZGERALD,DEMOCRATIC PARTY,259.000000
2014,19071071011,TREASURER OF STATE,,SAM CLOVIS,REPUBLICAN PARTY,339.000000
2014,19071071011,TREASURER OF STATE,,WRITE IN,,0.000000
2014,19071071011,U S SENATE,,BOB QUAST,BOB QUAST FOR TERM LIMITS,2.000000
2014,19071071011,U S SENATE,,BRUCE BRALEY,DEMOCRATIC PARTY,224.000000
2014,19071071011,U S SENATE,,DOUGLAS BUTZIER,LIBERTARIAN PARTY,5.000000
2014,19071071011,U S SENATE,,JONI ERNST,REPUBLICAN PARTY,414.000000
2014,19071071011,U S SENATE,,RICK STEWART,INDEPENDENT,15.000000
2014,19071071011,U S SENATE,,RUTH SMITH,,2.000000
2014,19071071011,U S SENATE,,WRITE IN,,1.000000
2014,19073073012,ATTORNEY GENERAL,,ADAM GREGG,REPUBLICAN PARTY,633.000000
2014,19073073012,ATTORNEY GENERAL,,TOM MILLER,DEMOCRATIC PARTY,995.000000
2014,19073073012,ATTORNEY GENERAL,,WRITE IN,,1.000000
2014,19073073012,AUDITOR OF STATE,,JONATHAN NEIDERBACH,DEMOCRATIC PARTY,605.000000
2014,19073073012,AUDITOR OF STATE,,MARY MOSIMAN,REPUBLICAN PARTY,916.000000
2014,19073073012,AUDITOR OF STATE,,WRITE IN,,1.000000
2014,19073073012,GOVERNOR,,JACK HATCH MONICA VERNON,DEMOCRATIC PARTY,588.000000
2014,19073073012,GOVERNOR,,JIM HENNAGER MARY MARGARET KRIEG,NEW INDEPENDENT PARTY IOWA,18.000000
2014,19073073012,GOVERNOR,,JONATHAN R NARCISSE MICHAEL L RICHARDS,IOWA PARTY,21.000000
2014,19073073012,GOVERNOR,,LEE DEAKINS HIEB TIM WATSON,LIBERTARIAN PARTY,32.000000
2014,19073073012,GOVERNOR,,TERRY E BRANSTAD KIM REYNOLDS,REPUBLICAN PARTY,1001.000000
2014,19073073012,GOVERNOR,,WRITE IN,,0.000000
2014,19073073012,SECRETARY OF AGRICULTURE,,BILL NORTHEY,REPUBLICAN PARTY,1101.000000
2014,19073073012,SECRETARY OF AGRICULTURE,,LEVI BENNING,NEW INDEPENDENT PARTY IOWA,41.000000
2014,19073073012,SECRETARY OF AGRICULTURE,,SHERRIE TAHA,DEMOCRATIC PARTY,421.000000
2014,19073073012,SECRETARY OF AGRICULTURE,,WRITE IN,,2.000000
2014,19073073012,SECRETARY OF STATE,,BRAD ANDERSON,DEMOCRATIC PARTY,724.000000
2014,19073073012,SECRETARY OF STATE,,JAKE PORTER,LIBERTARIAN PARTY,50.000000
2014,19073073012,SECRETARY OF STATE,,PAUL D PATE,REPUBLICAN PARTY,747.000000
2014,19073073012,SECRETARY OF STATE,,SPENCER HIGHLAND,NEW INDEPENDENT PARTY IOWA,22.000000
2014,19073073012,SECRETARY OF STATE,,WRITE IN,,3.000000
2014,19073073012,TREASURER OF STATE,,KEITH A LAUBE,LIBERTARIAN PARTY,41.000000
2014,19073073012,TREASURER OF STATE,,MICHAEL L FITZGERALD,DEMOCRATIC PARTY,873.000000
2014,19073073012,TREASURER OF STATE,,SAM CLOVIS,REPUBLICAN PARTY,683.000000
2014,19073073012,TREASURER OF STATE,,WRITE IN,,1.000000
2014,19073073012,U S SENATE,,BOB QUAST,BOB QUAST FOR TERM LIMITS,8.000000
2014,19073073012,U S SENATE,,BRUCE BRALEY,DEMOCRATIC PARTY,696.000000
2014,19073073012,U S SENATE,,DOUGLAS BUTZIER,LIBERTARIAN PARTY,9.000000
2014,19073073012,U S SENATE,,JONI ERNST,REPUBLICAN PARTY,881.000000
2014,19073073012,U S SENATE,,RICK STEWART,INDEPENDENT,56.000000
2014,19073073012,U S SENATE,,RUTH SMITH,,10.000000
2014,19073073012,U S SENATE,,WRITE IN,,2.000000
2014,19085085001,ATTORNEY GENERAL,,ADAM GREGG,REPUBLICAN PARTY,43.000000
2014,19085085001,ATTORNEY GENERAL,,TOM MILLER,DEMOCRATIC PARTY,58.000000
2014,19085085001,ATTORNEY GENERAL,,WRITE IN,,0.000000
2014,19085085001,AUDITOR OF STATE,,JONATHAN NEIDERBACH,DEMOCRATIC PARTY,45.000000
2014,19085085001,AUDITOR OF STATE,,MARY MOSIMAN,REPUBLICAN PARTY,53.000000
2014,19085085001,AUDITOR OF STATE,,WRITE IN,,0.000000
2014,19085085001,GOVERNOR,,JACK HATCH MONICA VERNON,DEMOCRATIC PARTY,37.000000
2014,19085085001,GOVERNOR,,JIM HENNAGER MARY MARGARET KRIEG,NEW INDEPENDENT PARTY IOWA,3.000000
2014,19085085001,GOVERNOR,,JONATHAN R NARCISSE MICHAEL L RICHARDS,IOWA PARTY,0.000000
2014,19085085001,GOVERNOR,,LEE DEAKINS HIEB TIM WATSON,LIBERTARIAN PARTY,6.000000
2014,19085085001,GOVERNOR,,TERRY E BRANSTAD KIM REYNOLDS,REPUBLICAN PARTY,58.000000
2014,19085085001,GOVERNOR,,WRITE IN,,0.000000
2014,19085085001,SECRETARY OF AGRICULTURE,,BILL NORTHEY,REPUBLICAN PARTY,56.000000
2014,19085085001,SECRETARY OF AGRICULTURE,,LEVI BENNING,NEW INDEPENDENT PARTY IOWA,9.000000
2014,19085085001,SECRETARY OF AGRICULTURE,,SHERRIE TAHA,DEMOCRATIC PARTY,36.000000
2014,19085085001,SECRETARY OF AGRICULTURE,,WRITE IN,,0.000000
2014,19085085001,SECRETARY OF STATE,,BRAD ANDERSON,DEMOCRATIC PARTY,44.000000
2014,19085085001,SECRETARY OF STATE,,JAKE PORTER,LIBERTARIAN PARTY,6.000000
2014,19085085001,SECRETARY OF STATE,,PAUL D PATE,REPUBLICAN PARTY,45.000000
2014,19085085001,SECRETARY OF STATE,,SPENCER HIGHLAND,NEW INDEPENDENT PARTY IOWA,3.000000
2014,19085085001,SECRETARY OF STATE,,WRITE IN,,0.000000
2014,19085085001,TREASURER OF STATE,,KEITH A LAUBE,LIBERTARIAN PARTY,8.000000
2014,19085085001,TREASURER OF STATE,,MICHAEL L FITZGERALD,DEMOCRATIC PARTY,51.000000
2014,19085085001,TREASURER OF STATE,,SAM CLOVIS,REPUBLICAN PARTY,41.000000
2014,19085085001,TREASURER OF STATE,,WRITE IN,,0.000000
2014,19085085001,U S SENATE,,BOB QUAST,BOB QUAST FOR TERM LIMITS,0.000000
2014,19085085001,U S SENATE,,BRUCE BRALEY,DEMOCRATIC PARTY,47.000000
2014,19085085001,U S SENATE,,DOUGLAS BUTZIER,LIBERTARIAN PARTY,3.000000
2014,19085085001,U S SENATE,,JONI ERNST,REPUBLICAN PARTY,47.000000
2014,19085085001,U S SENATE,,RICK STEWART,INDEPENDENT,7.000000
2014,19085085001,U S SENATE,,RUTH SMITH,,0.000000
2014,19085085001,U S SENATE,,WRITE IN,,0.000000
2014,19089089005,ATTORNEY GENERAL,,ADAM GREGG,REPUBLICAN PARTY,138.000000
2014,19089089005,ATTORNEY GENERAL,,TOM MILLER,DEMOCRATIC PARTY,274.000000
2014,19089089005,ATTORNEY GENERAL,,WRITE IN,,0.000000
2014,19089089005,AUDITOR OF STATE,,JONATHAN NEIDERBACH,DEMOCRATIC PARTY,203.000000
2014,19089089005,AUDITOR OF STATE,,MARY MOSIMAN,REPUBLICAN PARTY,198.000000
2014,19089089005,AUDITOR OF STATE,,WRITE IN,,0.000000
2014,19089089005,GOVERNOR,,JACK HATCH MONICA VERNON,DEMOCRATIC PARTY,154.000000
2014,19089089005,GOVERNOR,,JIM HENNAGER MARY MARGARET KRIEG,NEW INDEPENDENT PARTY IOWA,5.000000
2014,19089089005,GOVERNOR,,JONATHAN R NARCISSE MICHAEL L RICHARDS,IOWA PARTY,3.000000
2014,19089089005,GOVERNOR,,LEE DEAKINS HIEB TIM WATSON,LIBERTARIAN PARTY,8.000000
2014,19089089005,GOVERNOR,,TERRY E BRANSTAD KIM REYNOLDS,REPUBLICAN PARTY,255.000000
2014,19089089005,GOVERNOR,,WRITE IN,,0.000000
2014,19089089005,SECRETARY OF AGRICULTURE,,BILL NORTHEY,REPUBLICAN PARTY,256.000000
2014,19089089005,SECRETARY OF AGRICULTURE,,LEVI BENNING,NEW INDEPENDENT PARTY IOWA,18.000000
2014,19089089005,SECRETARY OF AGRICULTURE,,SHERRIE TAHA,DEMOCRATIC PARTY,139.000000
2014,19089089005,SECRETARY OF AGRICULTURE,,WRITE IN,,0.000000
2014,19089089005,SECRETARY OF STATE,,BRAD ANDERSON,DEMOCRATIC PARTY,206.000000
2014,19089089005,SECRETARY OF STATE,,JAKE PORTER,LIBERTARIAN PARTY,18.000000
2014,19089089005,SECRETARY OF STATE,,PAUL D PATE,REPUBLICAN PARTY,174.000000
2014,19089089005,SECRETARY OF STATE,,SPENCER HIGHLAND,NEW INDEPENDENT PARTY IOWA,11.000000
2014,19089089005,SECRETARY OF STATE,,WRITE IN,,0.000000
2014,19089089005,TREASURER OF STATE,,KEITH A LAUBE,LIBERTARIAN PARTY,17.000000
2014,19089089005,TREASURER OF STATE,,MICHAEL L FITZGERALD,DEMOCRATIC PARTY,262.000000
2014,19089089005,TREASURER OF STATE,,SAM CLOVIS,REPUBLICAN PARTY,137.000000
2014,19089089005,TREASURER OF STATE,,WRITE IN,,0.000000
2014,19089089005,U S SENATE,,BOB QUAST,BOB QUAST FOR TERM LIMITS,3.000000
2014,19089089005,U S SENATE,,BRUCE BRALEY,DEMOCRATIC PARTY,218.000000
2014,19089089005,U S SENATE,,DOUGLAS BUTZIER,LIBERTARIAN PARTY,2.000000
2014,19089089005,U S SENATE,,JONI ERNST,REPUBLICAN PARTY,183.000000
2014,19089089005,U S SENATE,,RICK STEWART,INDEPENDENT,11.000000
2014,19089089005,U S SENATE,,RUTH SMITH,,2.000000
2014,19089089005,U S SENATE,,WRITE IN,,0.000000
2014,19095095017,ATTORNEY GENERAL,,ADAM GREGG,REPUBLICAN PARTY,650.000000
2014,19095095017,ATTORNEY GENERAL,,TOM MILLER,DEMOCRATIC PARTY,670.000000
2014,19095095017,ATTORNEY GENERAL,,WRITE IN,,0.000000
2014,19095095017,AUDITOR OF STATE,,JONATHAN NEIDERBACH,DEMOCRATIC PARTY,473.000000
2014,19095095017,AUDITOR OF STATE,,MARY MOSIMAN,REPUBLICAN PARTY,792.000000
2014,19095095017,AUDITOR OF STATE,,WRITE IN,,0.000000
2014,19095095017,GOVERNOR,,JACK HATCH MONICA VERNON,DEMOCRATIC PARTY,439.000000
2014,19095095017,GOVERNOR,,JIM HENNAGER MARY MARGARET KRIEG,NEW INDEPENDENT PARTY IOWA,6.000000
2014,19095095017,GOVERNOR,,JONATHAN R NARCISSE MICHAEL L RICHARDS,IOWA PARTY,13.000000
2014,19095095017,GOVERNOR,,LEE DEAKINS HIEB TIM WATSON,LIBERTARIAN PARTY,36.000000
2014,19095095017,GOVERNOR,,TERRY E BRANSTAD KIM REYNOLDS,REPUBLICAN PARTY,859.000000
2014,19095095017,GOVERNOR,,WRITE IN,,1.000000
2014,19095095017,SECRETARY OF AGRICULTURE,,BILL NORTHEY,REPUBLICAN PARTY,893.000000
2014,19095095017,SECRETARY OF AGRICULTURE,,LEVI BENNING,NEW INDEPENDENT PARTY IOWA,42.000000
2014,19095095017,SECRETARY OF AGRICULTURE,,SHERRIE TAHA,DEMOCRATIC PARTY,361.000000
2014,19095095017,SECRETARY OF AGRICULTURE,,WRITE IN,,1.000000
2014,19095095017,SECRETARY OF STATE,,BRAD ANDERSON,DEMOCRATIC PARTY,578.000000
2014,19095095017,SECRETARY OF STATE,,JAKE PORTER,LIBERTARIAN PARTY,35.000000
2014,19095095017,SECRETARY OF STATE,,PAUL D PATE,REPUBLICAN PARTY,689.000000
2014,19095095017,SECRETARY OF STATE,,SPENCER HIGHLAND,NEW INDEPENDENT PARTY IOWA,11.000000
2014,19095095017,SECRETARY OF STATE,,WRITE IN,,0.000000
2014,19095095017,TREASURER OF STATE,,KEITH A LAUBE,LIBERTARIAN PARTY,45.000000
2014,19095095017,TREASURER OF STATE,,MICHAEL L FITZGERALD,DEMOCRATIC PARTY,652.000000
2014,19095095017,TREASURER OF STATE,,SAM CLOVIS,REPUBLICAN PARTY,606.000000
2014,19095095017,TREASURER OF STATE,,WRITE IN,,1.000000
2014,19095095017,U S SENATE,,BOB QUAST,BOB QUAST FOR TERM LIMITS,1.000000
2014,19095095017,U S SENATE,,BRUCE BRALEY,DEMOCRATIC PARTY,566.000000
2014,19095095017,U S SENATE,,DOUGLAS BUTZIER,LIBERTARIAN PARTY,8.000000
2014,19095095017,U S SENATE,,JONI ERNST,REPUBLICAN PARTY,747.000000
2014,19095095017,U S SENATE,,RICK STEWART,INDEPENDENT,21.000000
2014,19095095017,U S SENATE,,RUTH SMITH,,10.000000
2014,19095095017,U S SENATE,,WRITE IN,,1.000000
2014,19101101007,ATTORNEY GENERAL,,ADAM GREGG,REPUBLICAN PARTY,144.000000
2014,19101101007,ATTORNEY GENERAL,,TOM MILLER,DEMOCRATIC PARTY,138.000000
2014,19101101007,ATTORNEY GENERAL,,WRITE IN,,0.000000
2014,19101101007,AUDITOR OF STATE,,JONATHAN NEIDERBACH,DEMOCRATIC PARTY,98.000000
2014,19101101007,AUDITOR OF STATE,,MARY MOSIMAN,REPUBLICAN PARTY,180.000000
2014,19101101007,AUDITOR OF STATE,,WRITE IN,,0.000000
2014,19101101007,GOVERNOR,,JACK HATCH MONICA VERNON,DEMOCRATIC PARTY,82.000000
2014,19101101007,GOVERNOR,,JIM HENNAGER MARY MARGARET KRIEG,NEW INDEPENDENT PARTY IOWA,1.000000
2014,19101101007,GOVERNOR,,JONATHAN R NARCISSE MICHAEL L RICHARDS,IOWA PARTY,5.000000
2014,19101101007,GOVERNOR,,LEE DEAKINS HIEB TIM WATSON,LIBERTARIAN PARTY,11.000000
2014,19101101007,GOVERNOR,,TERRY E BRANSTAD KIM REYNOLDS,REPUBLICAN PARTY,194.000000
2014,19101101007,GOVERNOR,,WRITE IN,,0.000000
2014,19101101007,SECRETARY OF AGRICULTURE,,BILL NORTHEY,REPUBLICAN PARTY,196.000000
2014,19101101007,SECRETARY OF AGRICULTURE,,LEVI BENNING,NEW INDEPENDENT PARTY IOWA,6.000000
2014,19101101007,SECRETARY OF AGRICULTURE,,SHERRIE TAHA,DEMOCRATIC PARTY,75.000000
2014,19101101007,SECRETARY OF AGRICULTURE,,WRITE IN,,1.000000
2014,19101101007,SECRETARY OF STATE,,BRAD ANDERSON,DEMOCRATIC PARTY,100.000000
2014,19101101007,SECRETARY OF STATE,,JAKE PORTER,LIBERTARIAN PARTY,15.000000
2014,19101101007,SECRETARY OF STATE,,PAUL D PATE,REPUBLICAN PARTY,163.000000
2014,19101101007,SECRETARY OF STATE,,SPENCER HIGHLAND,NEW INDEPENDENT PARTY IOWA,1.000000
2014,19101101007,SECRETARY OF STATE,,WRITE IN,,0.000000
2014,19101101007,TREASURER OF STATE,,KEITH A LAUBE,LIBERTARIAN PARTY,16.000000
2014,19101101007,TREASURER OF STATE,,MICHAEL L FITZGERALD,DEMOCRATIC PARTY,119.000000
2014,19101101007,TREASURER OF STATE,,SAM CLOVIS,REPUBLICAN PARTY,146.000000
2014,19101101007,TREASURER OF STATE,,WRITE IN,,0.000000
2014,19101101007,U S SENATE,,BOB QUAST,BOB QUAST FOR TERM LIMITS,0.000000
2014,19101101007,U S SENATE,,BRUCE BRALEY,DEMOCRATIC PARTY,99.000000
2014,19101101007,U S SENATE,,DOUGLAS BUTZIER,LIBERTARIAN PARTY,4.000000
2014,19101101007,U S SENATE,,JONI ERNST,REPUBLICAN PARTY,174.000000
2014,19101101007,U S SENATE,,RICK STEWART,INDEPENDENT,9.000000
2014,19101101007,U S SENATE,,RUTH SMITH,,3.000000
2014,19101101007,U S SENATE,,WRITE IN,,1.000000
2014,19101101010,ATTORNEY GENERAL,,ADAM GREGG,REPUBLICAN PARTY,114.000000
2014,19101101010,ATTORNEY GENERAL,,TOM MILLER,DEMOCRATIC PARTY,128.000000
2014,19101101010,ATTORNEY GENERAL,,WRITE IN,,0.000000
2014,19101101010,AUDITOR OF STATE,,JONATHAN NEIDERBACH,DEMOCRATIC PARTY,83.000000
2014,19101101010,AUDITOR OF STATE,,MARY MOSIMAN,REPUBLICAN PARTY,149.000000
2014,19101101010,AUDITOR OF STATE,,WRITE IN,,0.000000
2014,19101101010,GOVERNOR,,JACK HATCH MONICA VERNON,DEMOCRATIC PARTY,68.000000
2014,19101101010,GOVERNOR,,JIM HENNAGER MARY MARGARET KRIEG,NEW INDEPENDENT PARTY IOWA,6.000000
2014,19101101010,GOVERNOR,,JONATHAN R NARCISSE MICHAEL L RICHARDS,IOWA PARTY,3.000000
2014,19101101010,GOVERNOR,,LEE DEAKINS HIEB TIM WATSON,LIBERTARIAN PARTY,2.000000
2014,19101101010,GOVERNOR,,TERRY E BRANSTAD KIM REYNOLDS,REPUBLICAN PARTY,173.000000
2014,19101101010,GOVERNOR,,WRITE IN,,0.000000
2014,19101101010,SECRETARY OF AGRICULTURE,,BILL NORTHEY,REPUBLICAN PARTY,168.000000
2014,19101101010,SECRETARY OF AGRICULTURE,,LEVI BENNING,NEW INDEPENDENT PARTY IOWA,10.000000
2014,19101101010,SECRETARY OF AGRICULTURE,,SHERRIE TAHA,DEMOCRATIC PARTY,61.000000
2014,19101101010,SECRETARY OF AGRICULTURE,,WRITE IN,,0.000000
2014,19101101010,SECRETARY OF STATE,,BRAD ANDERSON,DEMOCRATIC PARTY,85.000000
2014,19101101010,SECRETARY OF STATE,,JAKE PORTER,LIBERTARIAN PARTY,9.000000
2014,19101101010,SECRETARY OF STATE,,PAUL D PATE,REPUBLICAN PARTY,139.000000
2014,19101101010,SECRETARY OF STATE,,SPENCER HIGHLAND,NEW INDEPENDENT PARTY IOWA,5.000000
2014,19101101010,SECRETARY OF STATE,,WRITE IN,,0.000000
2014,19101101010,TREASURER OF STATE,,KEITH A LAUBE,LIBERTARIAN PARTY,8.000000
2014,19101101010,TREASURER OF STATE,,MICHAEL L FITZGERALD,DEMOCRATIC PARTY,102.000000
2014,19101101010,TREASURER OF STATE,,SAM CLOVIS,REPUBLICAN PARTY,129.000000
2014,19101101010,TREASURER OF STATE,,WRITE IN,,0.000000
2014,19101101010,U S SENATE,,BOB QUAST,BOB QUAST FOR TERM LIMITS,1.000000
2014,19101101010,U S SENATE,,BRUCE BRALEY,DEMOCRATIC PARTY,80.000000
2014,19101101010,U S SENATE,,DOUGLAS BUTZIER,LIBERTARIAN PARTY,2.000000
2014,19101101010,U S SENATE,,JONI ERNST,REPUBLICAN PARTY,150.000000
2014,19101101010,U S SENATE,,RICK STEWART,INDEPENDENT,11.000000
2014,19101101010,U S SENATE,,RUTH SMITH,,4.000000
2014,19101101010,U S SENATE,,WRITE IN,,0.000000
2014,19103103006,ATTORNEY GENERAL,,ADAM GREGG,REPUBLICAN PARTY,100.000000
2014,19103103006,ATTORNEY GENERAL,,TOM MILLER,DEMOCRATIC PARTY,163.000000
2014,19103103006,ATTORNEY GENERAL,,WRITE IN,,0.000000
2014,19103103006,AUDITOR OF STATE,,JONATHAN NEIDERBACH,DEMOCRATIC PARTY,124.000000
2014,19103103006,AUDITOR OF STATE,,MARY MOSIMAN,REPUBLICAN PARTY,125.000000
2014,19103103006,AUDITOR OF STATE,,WRITE IN,,0.000000
2014,19103103006,GOVERNOR,,JACK HATCH MONICA VERNON,DEMOCRATIC PARTY,119.000000
2014,19103103006,GOVERNOR,,JIM HENNAGER MARY MARGARET KRIEG,NEW INDEPENDENT PARTY IOWA,4.000000
2014,19103103006,GOVERNOR,,JONATHAN R NARCISSE MICHAEL L RICHARDS,IOWA PARTY,3.000000
2014,19103103006,GOVERNOR,,LEE DEAKINS HIEB TIM WATSON,LIBERTARIAN PARTY,5.000000
2014,19103103006,GOVERNOR,,TERRY E BRANSTAD KIM REYNOLDS,REPUBLICAN PARTY,140.000000
2014,19103103006,GOVERNOR,,WRITE IN,,0.000000
2014,19103103006,SECRETARY OF AGRICULTURE,,BILL NORTHEY,REPUBLICAN PARTY,172.000000
2014,19103103006,SECRETARY OF AGRICULTURE,,LEVI BENNING,NEW INDEPENDENT PARTY IOWA,9.000000
2014,19103103006,SECRETARY OF AGRICULTURE,,SHERRIE TAHA,DEMOCRATIC PARTY,79.000000
2014,19103103006,SECRETARY OF AGRICULTURE,,WRITE IN,,0.000000
2014,19103103006,SECRETARY OF STATE,,BRAD ANDERSON,DEMOCRATIC PARTY,131.000000
2014,19103103006,SECRETARY OF STATE,,JAKE PORTER,LIBERTARIAN PARTY,5.000000
2014,19103103006,SECRETARY OF STATE,,PAUL D PATE,REPUBLICAN PARTY,121.000000
2014,19103103006,SECRETARY OF STATE,,SPENCER HIGHLAND,NEW INDEPENDENT PARTY IOWA,6.000000
2014,19103103006,SECRETARY OF STATE,,WRITE IN,,0.000000
2014,19103103006,TREASURER OF STATE,,KEITH A LAUBE,LIBERTARIAN PARTY,12.000000
2014,19103103006,TREASURER OF STATE,,MICHAEL L FITZGERALD,DEMOCRATIC PARTY,153.000000
2014,19103103006,TREASURER OF STATE,,SAM CLOVIS,REPUBLICAN PARTY,94.000000
2014,19103103006,TREASURER OF STATE,,WRITE IN,,0.000000
2014,19103103006,U S SENATE,,BOB QUAST,BOB QUAST FOR TERM LIMITS,1.000000
2014,19103103006,U S SENATE,,BRUCE BRALEY,DEMOCRATIC PARTY,121.000000
2014,19103103006,U S SENATE,,DOUGLAS BUTZIER,LIBERTARIAN PARTY,0.000000
2014,19103103006,U S SENATE,,JONI ERNST,REPUBLICAN PARTY,142.000000
2014,19103103006,U S SENATE,,RICK STEWART,INDEPENDENT,4.000000
2014,19103103006,U S SENATE,,RUTH SMITH,,2.000000
2014,19103103006,U S SENATE,,WRITE IN,,0.000000
2014,19103103007,ATTORNEY GENERAL,,ADAM GREGG,REPUBLICAN PARTY,73.000000
2014,19103103007,ATTORNEY GENERAL,,TOM MILLER,DEMOCRATIC PARTY,190.000000
2014,19103103007,ATTORNEY GENERAL,,WRITE IN,,0.000000
2014,19103103007,AUDITOR OF STATE,,JONATHAN NEIDERBACH,DEMOCRATIC PARTY,150.000000
2014,19103103007,AUDITOR OF STATE,,MARY MOSIMAN,REPUBLICAN PARTY,93.000000
2014,19103103007,AUDITOR OF STATE,,WRITE IN,,0.000000
2014,19103103007,GOVERNOR,,JACK HATCH MONICA VERNON,DEMOCRATIC PARTY,134.000000
2014,19103103007,GOVERNOR,,JIM HENNAGER MARY MARGARET KRIEG,NEW INDEPENDENT PARTY IOWA,5.000000
2014,19103103007,GOVERNOR,,JONATHAN R NARCISSE MICHAEL L RICHARDS,IOWA PARTY,1.000000
2014,19103103007,GOVERNOR,,LEE DEAKINS HIEB TIM WATSON,LIBERTARIAN PARTY,2.000000
2014,19103103007,GOVERNOR,,TERRY E BRANSTAD KIM REYNOLDS,REPUBLICAN PARTY,125.000000
2014,19103103007,GOVERNOR,,WRITE IN,,0.000000
2014,19103103007,SECRETARY OF AGRICULTURE,,BILL NORTHEY,REPUBLICAN PARTY,120.000000
2014,19103103007,SECRETARY OF AGRICULTURE,,LEVI BENNING,NEW INDEPENDENT PARTY IOWA,9.000000
2014,19103103007,SECRETARY OF AGRICULTURE,,SHERRIE TAHA,DEMOCRATIC PARTY,128.000000
2014,19103103007,SECRETARY OF AGRICULTURE,,WRITE IN,,0.000000
2014,19103103007,SECRETARY OF STATE,,BRAD ANDERSON,DEMOCRATIC PARTY,160.000000
2014,19103103007,SECRETARY OF STATE,,JAKE PORTER,LIBERTARIAN PARTY,3.000000
2014,19103103007,SECRETARY OF STATE,,PAUL D PATE,REPUBLICAN PARTY,87.000000
2014,19103103007,SECRETARY OF STATE,,SPENCER HIGHLAND,NEW INDEPENDENT PARTY IOWA,8.000000
2014,19103103007,SECRETARY OF STATE,,WRITE IN,,0.000000
2014,19103103007,TREASURER OF STATE,,KEITH A LAUBE,LIBERTARIAN PARTY,5.000000
2014,19103103007,TREASURER OF STATE,,MICHAEL L FITZGERALD,DEMOCRATIC PARTY,168.000000
2014,19103103007,TREASURER OF STATE,,SAM CLOVIS,REPUBLICAN PARTY,77.000000
2014,19103103007,TREASURER OF STATE,,WRITE IN,,0.000000
2014,19103103007,U S SENATE,,BOB QUAST,BOB QUAST FOR TERM LIMITS,0.000000
2014,19103103007,U S SENATE,,BRUCE BRALEY,DEMOCRATIC PARTY,155.000000
2014,19103103007,U S SENATE,,DOUGLAS BUTZIER,LIBERTARIAN PARTY,1.000000
2014,19103103007,U S SENATE,,JONI ERNST,REPUBLICAN PARTY,106.000000
2014,19103103007,U S SENATE,,RICK STEWART,INDEPENDENT,2.000000
2014,19103103007,U S SENATE,,RUTH SMITH,,2.000000
2014,19103103007,U S SENATE,,WRITE IN,,0.000000
2014,19103103008,ATTORNEY GENERAL,,ADAM GREGG,REPUBLICAN PARTY,439.000000
2014,19103103008,ATTORNEY GENERAL,,TOM MILLER,DEMOCRATIC PARTY,797.000000
2014,19103103008,ATTORNEY GENERAL,,WRITE IN,,0.000000
2014,19103103008,AUDITOR OF STATE,,JONATHAN NEIDERBACH,DEMOCRATIC PARTY,637.000000
2014,19103103008,AUDITOR OF STATE,,MARY MOSIMAN,REPUBLICAN PARTY,537.000000
2014,19103103008,AUDITOR OF STATE,,WRITE IN,,1.000000
2014,19103103008,GOVERNOR,,JACK HATCH MONICA VERNON,DEMOCRATIC PARTY,645.000000
2014,19103103008,GOVERNOR,,JIM HENNAGER MARY MARGARET KRIEG,NEW INDEPENDENT PARTY IOWA,8.000000
2014,19103103008,GOVERNOR,,JONATHAN R NARCISSE MICHAEL L RICHARDS,IOWA PARTY,3.000000
2014,19103103008,GOVERNOR,,LEE DEAKINS HIEB TIM WATSON,LIBERTARIAN PARTY,10.000000
2014,19103103008,GOVERNOR,,TERRY E BRANSTAD KIM REYNOLDS,REPUBLICAN PARTY,602.000000
2014,19103103008,GOVERNOR,,WRITE IN,,1.000000
2014,19103103008,SECRETARY OF AGRICULTURE,,BILL NORTHEY,REPUBLICAN PARTY,612.000000
2014,19103103008,SECRETARY OF AGRICULTURE,,LEVI BENNING,NEW INDEPENDENT PARTY IOWA,32.000000
2014,19103103008,SECRETARY OF AGRICULTURE,,SHERRIE TAHA,DEMOCRATIC PARTY,547.000000
2014,19103103008,SECRETARY OF AGRICULTURE,,WRITE IN,,1.000000
2014,19103103008,SECRETARY OF STATE,,BRAD ANDERSON,DEMOCRATIC PARTY,681.000000
2014,19103103008,SECRETARY OF STATE,,JAKE PORTER,LIBERTARIAN PARTY,30.000000
2014,19103103008,SECRETARY OF STATE,,PAUL D PATE,REPUBLICAN PARTY,506.000000
2014,19103103008,SECRETARY OF STATE,,SPENCER HIGHLAND,NEW INDEPENDENT PARTY IOWA,9.000000
2014,19103103008,SECRETARY OF STATE,,WRITE IN,,1.000000
2014,19103103008,TREASURER OF STATE,,KEITH A LAUBE,LIBERTARIAN PARTY,31.000000
2014,19103103008,TREASURER OF STATE,,MICHAEL L FITZGERALD,DEMOCRATIC PARTY,761.000000
2014,19103103008,TREASURER OF STATE,,SAM CLOVIS,REPUBLICAN PARTY,417.000000
2014,19103103008,TREASURER OF STATE,,WRITE IN,,2.000000
2014,19103103008,U S SENATE,,BOB QUAST,BOB QUAST FOR TERM LIMITS,5.000000
2014,19103103008,U S SENATE,,BRUCE BRALEY,DEMOCRATIC PARTY,701.000000
2014,19103103008,U S SENATE,,DOUGLAS BUTZIER,LIBERTARIAN PARTY,3.000000
2014,19103103008,U S SENATE,,JONI ERNST,REPUBLICAN PARTY,550.000000
2014,19103103008,U S SENATE,,RICK STEWART,INDEPENDENT,10.000000
2014,19103103008,U S SENATE,,RUTH SMITH,,0.000000
2014,19103103008,U S SENATE,,WRITE IN,,1.000000
2014,19103103013,ATTORNEY GENERAL,,ADAM GREGG,REPUBLICAN PARTY,89.000000
2014,19103103013,ATTORNEY GENERAL,,TOM MILLER,DEMOCRATIC PARTY,174.000000
2014,19103103013,ATTORNEY GENERAL,,WRITE IN,,0.000000
2014,19103103013,AUDITOR OF STATE,,JONATHAN NEIDERBACH,DEMOCRATIC PARTY,122.000000
2014,19103103013,AUDITOR OF STATE,,MARY MOSIMAN,REPUBLICAN PARTY,113.000000
2014,19103103013,AUDITOR OF STATE,,WRITE IN,,0.000000
2014,19103103013,GOVERNOR,,JACK HATCH MONICA VERNON,DEMOCRATIC PARTY,110.000000
2014,19103103013,GOVERNOR,,JIM HENNAGER MARY MARGARET KRIEG,NEW INDEPENDENT PARTY IOWA,2.000000
2014,19103103013,GOVERNOR,,JONATHAN R NARCISSE MICHAEL L RICHARDS,IOWA PARTY,2.000000
2014,19103103013,GOVERNOR,,LEE DEAKINS HIEB TIM WATSON,LIBERTARIAN PARTY,5.000000
2014,19103103013,GOVERNOR,,TERRY E BRANSTAD KIM REYNOLDS,REPUBLICAN PARTY,158.000000
2014,19103103013,GOVERNOR,,WRITE IN,,0.000000
2014,19103103013,SECRETARY OF AGRICULTURE,,BILL NORTHEY,REPUBLICAN PARTY,155.000000
2014,19103103013,SECRETARY OF AGRICULTURE,,LEVI BENNING,NEW INDEPENDENT PARTY IOWA,9.000000
2014,19103103013,SECRETARY OF AGRICULTURE,,SHERRIE TAHA,DEMOCRATIC PARTY,90.000000
2014,19103103013,SECRETARY OF AGRICULTURE,,WRITE IN,,0.000000
2014,19103103013,SECRETARY OF STATE,,BRAD ANDERSON,DEMOCRATIC PARTY,142.000000
2014,19103103013,SECRETARY OF STATE,,JAKE PORTER,LIBERTARIAN PARTY,5.000000
2014,19103103013,SECRETARY OF STATE,,PAUL D PATE,REPUBLICAN PARTY,105.000000
2014,19103103013,SECRETARY OF STATE,,SPENCER HIGHLAND,NEW INDEPENDENT PARTY IOWA,3.000000
2014,19103103013,SECRETARY OF STATE,,WRITE IN,,0.000000
2014,19103103013,TREASURER OF STATE,,KEITH A LAUBE,LIBERTARIAN PARTY,10.000000
2014,19103103013,TREASURER OF STATE,,MICHAEL L FITZGERALD,DEMOCRATIC PARTY,161.000000
2014,19103103013,TREASURER OF STATE,,SAM CLOVIS,REPUBLICAN PARTY,83.000000
2014,19103103013,TREASURER OF STATE,,WRITE IN,,0.000000
2014,19103103013,U S SENATE,,BOB QUAST,BOB QUAST FOR TERM LIMITS,2.000000
2014,19103103013,U S SENATE,,BRUCE BRALEY,DEMOCRATIC PARTY,135.000000
2014,19103103013,U S SENATE,,DOUGLAS BUTZIER,LIBERTARIAN PARTY,3.000000
2014,19103103013,U S SENATE,,JONI ERNST,REPUBLICAN PARTY,130.000000
2014,19103103013,U S SENATE,,RICK STEWART,INDEPENDENT,4.000000
2014,19103103013,U S SENATE,,RUTH SMITH,,2.000000
2014,19103103013,U S SENATE,,WRITE IN,,0.000000
2014,19103103026,ATTORNEY GENERAL,,ADAM GREGG,REPUBLICAN PARTY,148.000000
2014,19103103026,ATTORNEY GENERAL,,TOM MILLER,DEMOCRATIC PARTY,400.000000
2014,19103103026,ATTORNEY GENERAL,,WRITE IN,,2.000000
2014,19103103026,AUDITOR OF STATE,,JONATHAN NEIDERBACH,DEMOCRATIC PARTY,368.000000
2014,19103103026,AUDITOR OF STATE,,MARY MOSIMAN,REPUBLICAN PARTY,170.000000
2014,19103103026,AUDITOR OF STATE,,WRITE IN,,3.000000
2014,19103103026,GOVERNOR,,JACK HATCH MONICA VERNON,DEMOCRATIC PARTY,358.000000
2014,19103103026,GOVERNOR,,JIM HENNAGER MARY MARGARET KRIEG,NEW INDEPENDENT PARTY IOWA,7.000000
2014,19103103026,GOVERNOR,,JONATHAN R NARCISSE MICHAEL L RICHARDS,IOWA PARTY,3.000000
2014,19103103026,GOVERNOR,,LEE DEAKINS HIEB TIM WATSON,LIBERTARIAN PARTY,13.000000
2014,19103103026,GOVERNOR,,TERRY E BRANSTAD KIM REYNOLDS,REPUBLICAN PARTY,183.000000
2014,19103103026,GOVERNOR,,WRITE IN,,2.000000
2014,19103103026,SECRETARY OF AGRICULTURE,,BILL NORTHEY,REPUBLICAN PARTY,189.000000
2014,19103103026,SECRETARY OF AGRICULTURE,,LEVI BENNING,NEW INDEPENDENT PARTY IOWA,17.000000
2014,19103103026,SECRETARY OF AGRICULTURE,,SHERRIE TAHA,DEMOCRATIC PARTY,333.000000
2014,19103103026,SECRETARY OF AGRICULTURE,,WRITE IN,,2.000000
2014,19103103026,SECRETARY OF STATE,,BRAD ANDERSON,DEMOCRATIC PARTY,380.000000
2014,19103103026,SECRETARY OF STATE,,JAKE PORTER,LIBERTARIAN PARTY,15.000000
2014,19103103026,SECRETARY OF STATE,,PAUL D PATE,REPUBLICAN PARTY,149.000000
2014,19103103026,SECRETARY OF STATE,,SPENCER HIGHLAND,NEW INDEPENDENT PARTY IOWA,4.000000
2014,19103103026,SECRETARY OF STATE,,WRITE IN,,3.000000
2014,19103103026,TREASURER OF STATE,,KEITH A LAUBE,LIBERTARIAN PARTY,13.000000
2014,19103103026,TREASURER OF STATE,,MICHAEL L FITZGERALD,DEMOCRATIC PARTY,404.000000
2014,19103103026,TREASURER OF STATE,,SAM CLOVIS,REPUBLICAN PARTY,125.000000
2014,19103103026,TREASURER OF STATE,,WRITE IN,,3.000000
2014,19103103026,U S SENATE,,BOB QUAST,BOB QUAST FOR TERM LIMITS,2.000000
2014,19103103026,U S SENATE,,BRUCE BRALEY,DEMOCRATIC PARTY,403.000000
2014,19103103026,U S SENATE,,DOUGLAS BUTZIER,LIBERTARIAN PARTY,5.000000
2014,19103103026,U S SENATE,,JONI ERNST,REPUBLICAN PARTY,151.000000
2014,19103103026,U S SENATE,,RICK STEWART,INDEPENDENT,4.000000
2014,19103103026,U S SENATE,,RUTH SMITH,,1.000000
2014,19103103026,U S SENATE,,WRITE IN,,2.000000
2014,19103103027,ATTORNEY GENERAL,,ADAM GREGG,REPUBLICAN PARTY,209.000000
2014,19103103027,ATTORNEY GENERAL,,TOM MILLER,DEMOCRATIC PARTY,167.000000
2014,19103103027,ATTORNEY GENERAL,,WRITE IN,,1.000000
2014,19103103027,AUDITOR OF STATE,,JONATHAN NEIDERBACH,DEMOCRATIC PARTY,122.000000
2014,19103103027,AUDITOR OF STATE,,MARY MOSIMAN,REPUBLICAN PARTY,239.000000
2014,19103103027,AUDITOR OF STATE,,WRITE IN,,0.000000
2014,19103103027,GOVERNOR,,JACK HATCH MONICA VERNON,DEMOCRATIC PARTY,125.000000
2014,19103103027,GOVERNOR,,JIM HENNAGER MARY MARGARET KRIEG,NEW INDEPENDENT PARTY IOWA,3.000000
2014,19103103027,GOVERNOR,,JONATHAN R NARCISSE MICHAEL L RICHARDS,IOWA PARTY,9.000000
2014,19103103027,GOVERNOR,,LEE DEAKINS HIEB TIM WATSON,LIBERTARIAN PARTY,1.000000
2014,19103103027,GOVERNOR,,TERRY E BRANSTAD KIM REYNOLDS,REPUBLICAN PARTY,258.000000
2014,19103103027,GOVERNOR,,WRITE IN,,0.000000
2014,19103103027,SECRETARY OF AGRICULTURE,,BILL NORTHEY,REPUBLICAN PARTY,266.000000
2014,19103103027,SECRETARY OF AGRICULTURE,,LEVI BENNING,NEW INDEPENDENT PARTY IOWA,15.000000
2014,19103103027,SECRETARY OF AGRICULTURE,,SHERRIE TAHA,DEMOCRATIC PARTY,98.000000
2014,19103103027,SECRETARY OF AGRICULTURE,,WRITE IN,,0.000000
2014,19103103027,SECRETARY OF STATE,,BRAD ANDERSON,DEMOCRATIC PARTY,142.000000
2014,19103103027,SECRETARY OF STATE,,JAKE PORTER,LIBERTARIAN PARTY,14.000000
2014,19103103027,SECRETARY OF STATE,,PAUL D PATE,REPUBLICAN PARTY,216.000000
2014,19103103027,SECRETARY OF STATE,,SPENCER HIGHLAND,NEW INDEPENDENT PARTY IOWA,6.000000
2014,19103103027,SECRETARY OF STATE,,WRITE IN,,0.000000
2014,19103103027,TREASURER OF STATE,,KEITH A LAUBE,LIBERTARIAN PARTY,15.000000
2014,19103103027,TREASURER OF STATE,,MICHAEL L FITZGERALD,DEMOCRATIC PARTY,150.000000
2014,19103103027,TREASURER OF STATE,,SAM CLOVIS,REPUBLICAN PARTY,206.000000
2014,19103103027,TREASURER OF STATE,,WRITE IN,,0.000000
2014,19103103027,U S SENATE,,BOB QUAST,BOB QUAST FOR TERM LIMITS,4.000000
2014,19103103027,U S SENATE,,BRUCE BRALEY,DEMOCRATIC PARTY,136.000000
2014,19103103027,U S SENATE,,DOUGLAS BUTZIER,LIBERTARIAN PARTY,1.000000
2014,19103103027,U S SENATE,,JONI ERNST,REPUBLICAN PARTY,245.000000
2014,19103103027,U S SENATE,,RICK STEWART,INDEPENDENT,11.000000
2014,19103103027,U S SENATE,,RUTH SMITH,,1.000000
2014,19103103027,U S SENATE,,WRITE IN,,0.000000
2014,19103103028,ATTORNEY GENERAL,,ADAM GREGG,REPUBLICAN PARTY,143.000000
2014,19103103028,ATTORNEY GENERAL,,TOM MILLER,DEMOCRATIC PARTY,134.000000
2014,19103103028,ATTORNEY GENERAL,,WRITE IN,,0.000000
2014,19103103028,AUDITOR OF STATE,,JONATHAN NEIDERBACH,DEMOCRATIC PARTY,110.000000
2014,19103103028,AUDITOR OF STATE,,MARY MOSIMAN,REPUBLICAN PARTY,156.000000
2014,19103103028,AUDITOR OF STATE,,WRITE IN,,0.000000
2014,19103103028,GOVERNOR,,JACK HATCH MONICA VERNON,DEMOCRATIC PARTY,103.000000
2014,19103103028,GOVERNOR,,JIM HENNAGER MARY MARGARET KRIEG,NEW INDEPENDENT PARTY IOWA,1.000000
2014,19103103028,GOVERNOR,,JONATHAN R NARCISSE MICHAEL L RICHARDS,IOWA PARTY,3.000000
2014,19103103028,GOVERNOR,,LEE DEAKINS HIEB TIM WATSON,LIBERTARIAN PARTY,3.000000
2014,19103103028,GOVERNOR,,TERRY E BRANSTAD KIM REYNOLDS,REPUBLICAN PARTY,186.000000
2014,19103103028,GOVERNOR,,WRITE IN,,0.000000
2014,19103103028,SECRETARY OF AGRICULTURE,,BILL NORTHEY,REPUBLICAN PARTY,190.000000
2014,19103103028,SECRETARY OF AGRICULTURE,,LEVI BENNING,NEW INDEPENDENT PARTY IOWA,6.000000
2014,19103103028,SECRETARY OF AGRICULTURE,,SHERRIE TAHA,DEMOCRATIC PARTY,81.000000
2014,19103103028,SECRETARY OF AGRICULTURE,,WRITE IN,,2.000000
2014,19103103028,SECRETARY OF STATE,,BRAD ANDERSON,DEMOCRATIC PARTY,114.000000
2014,19103103028,SECRETARY OF STATE,,JAKE PORTER,LIBERTARIAN PARTY,5.000000
2014,19103103028,SECRETARY OF STATE,,PAUL D PATE,REPUBLICAN PARTY,158.000000
2014,19103103028,SECRETARY OF STATE,,SPENCER HIGHLAND,NEW INDEPENDENT PARTY IOWA,1.000000
2014,19103103028,SECRETARY OF STATE,,WRITE IN,,0.000000
2014,19103103028,TREASURER OF STATE,,KEITH A LAUBE,LIBERTARIAN PARTY,5.000000
2014,19103103028,TREASURER OF STATE,,MICHAEL L FITZGERALD,DEMOCRATIC PARTY,127.000000
2014,19103103028,TREASURER OF STATE,,SAM CLOVIS,REPUBLICAN PARTY,139.000000
2014,19103103028,TREASURER OF STATE,,WRITE IN,,0.000000
2014,19103103028,U S SENATE,,BOB QUAST,BOB QUAST FOR TERM LIMITS,0.000000
2014,19103103028,U S SENATE,,BRUCE BRALEY,DEMOCRATIC PARTY,115.000000
2014,19103103028,U S SENATE,,DOUGLAS BUTZIER,LIBERTARIAN PARTY,0.000000
2014,19103103028,U S SENATE,,JONI ERNST,REPUBLICAN PARTY,181.000000
2014,19103103028,U S SENATE,,RICK STEWART,INDEPENDENT,0.000000
2014,19103103028,U S SENATE,,RUTH SMITH,,1.000000
2014,19103103028,U S SENATE,,WRITE IN,,0.000000
2014,19103103041,ATTORNEY GENERAL,,ADAM GREGG,REPUBLICAN PARTY,121.000000
2014,19103103041,ATTORNEY GENERAL,,TOM MILLER,DEMOCRATIC PARTY,375.000000
2014,19103103041,ATTORNEY GENERAL,,WRITE IN,,7.000000
2014,19103103041,AUDITOR OF STATE,,JONATHAN NEIDERBACH,DEMOCRATIC PARTY,350.000000
2014,19103103041,AUDITOR OF STATE,,MARY MOSIMAN,REPUBLICAN PARTY,144.000000
2014,19103103041,AUDITOR OF STATE,,WRITE IN,,4.000000
2014,19103103041,GOVERNOR,,JACK HATCH MONICA VERNON,DEMOCRATIC PARTY,339.000000
2014,19103103041,GOVERNOR,,JIM HENNAGER MARY MARGARET KRIEG,NEW INDEPENDENT PARTY IOWA,8.000000
2014,19103103041,GOVERNOR,,JONATHAN R NARCISSE MICHAEL L RICHARDS,IOWA PARTY,9.000000
2014,19103103041,GOVERNOR,,LEE DEAKINS HIEB TIM WATSON,LIBERTARIAN PARTY,12.000000
2014,19103103041,GOVERNOR,,TERRY E BRANSTAD KIM REYNOLDS,REPUBLICAN PARTY,176.000000
2014,19103103041,GOVERNOR,,WRITE IN,,3.000000
2014,19103103041,SECRETARY OF AGRICULTURE,,BILL NORTHEY,REPUBLICAN PARTY,153.000000
2014,19103103041,SECRETARY OF AGRICULTURE,,LEVI BENNING,NEW INDEPENDENT PARTY IOWA,24.000000
2014,19103103041,SECRETARY OF AGRICULTURE,,SHERRIE TAHA,DEMOCRATIC PARTY,322.000000
2014,19103103041,SECRETARY OF AGRICULTURE,,WRITE IN,,3.000000
2014,19103103041,SECRETARY OF STATE,,BRAD ANDERSON,DEMOCRATIC PARTY,359.000000
2014,19103103041,SECRETARY OF STATE,,JAKE PORTER,LIBERTARIAN PARTY,18.000000
2014,19103103041,SECRETARY OF STATE,,PAUL D PATE,REPUBLICAN PARTY,122.000000
2014,19103103041,SECRETARY OF STATE,,SPENCER HIGHLAND,NEW INDEPENDENT PARTY IOWA,10.000000
2014,19103103041,SECRETARY OF STATE,,WRITE IN,,4.000000
2014,19103103041,TREASURER OF STATE,,KEITH A LAUBE,LIBERTARIAN PARTY,16.000000
2014,19103103041,TREASURER OF STATE,,MICHAEL L FITZGERALD,DEMOCRATIC PARTY,349.000000
2014,19103103041,TREASURER OF STATE,,SAM CLOVIS,REPUBLICAN PARTY,133.000000
2014,19103103041,TREASURER OF STATE,,WRITE IN,,5.000000
2014,19103103041,U S SENATE,,BOB QUAST,BOB QUAST FOR TERM LIMITS,4.000000
2014,19103103041,U S SENATE,,BRUCE BRALEY,DEMOCRATIC PARTY,411.000000
2014,19103103041,U S SENATE,,DOUGLAS BUTZIER,LIBERTARIAN PARTY,4.000000
2014,19103103041,U S SENATE,,JONI ERNST,REPUBLICAN PARTY,136.000000
2014,19103103041,U S SENATE,,RICK STEWART,INDEPENDENT,7.000000
2014,19103103041,U S SENATE,,RUTH SMITH,,0.000000
2014,19103103041,U S SENATE,,WRITE IN,,1.000000
2014,19103103043,ATTORNEY GENERAL,,ADAM GREGG,REPUBLICAN PARTY,157.000000
2014,19103103043,ATTORNEY GENERAL,,TOM MILLER,DEMOCRATIC PARTY,498.000000
2014,19103103043,ATTORNEY GENERAL,,WRITE IN,,3.000000
2014,19103103043,AUDITOR OF STATE,,JONATHAN NEIDERBACH,DEMOCRATIC PARTY,472.000000
2014,19103103043,AUDITOR OF STATE,,MARY MOSIMAN,REPUBLICAN PARTY,172.000000
2014,19103103043,AUDITOR OF STATE,,WRITE IN,,3.000000
2014,19103103043,GOVERNOR,,JACK HATCH MONICA VERNON,DEMOCRATIC PARTY,452.000000
2014,19103103043,GOVERNOR,,JIM HENNAGER MARY MARGARET KRIEG,NEW INDEPENDENT PARTY IOWA,5.000000
2014,19103103043,GOVERNOR,,JONATHAN R NARCISSE MICHAEL L RICHARDS,IOWA PARTY,5.000000
2014,19103103043,GOVERNOR,,LEE DEAKINS HIEB TIM WATSON,LIBERTARIAN PARTY,25.000000
2014,19103103043,GOVERNOR,,TERRY E BRANSTAD KIM REYNOLDS,REPUBLICAN PARTY,201.000000
2014,19103103043,GOVERNOR,,WRITE IN,,1.000000
2014,19103103043,SECRETARY OF AGRICULTURE,,BILL NORTHEY,REPUBLICAN PARTY,182.000000
2014,19103103043,SECRETARY OF AGRICULTURE,,LEVI BENNING,NEW INDEPENDENT PARTY IOWA,30.000000
2014,19103103043,SECRETARY OF AGRICULTURE,,SHERRIE TAHA,DEMOCRATIC PARTY,436.000000
2014,19103103043,SECRETARY OF AGRICULTURE,,WRITE IN,,1.000000
2014,19103103043,SECRETARY OF STATE,,BRAD ANDERSON,DEMOCRATIC PARTY,479.000000
2014,19103103043,SECRETARY OF STATE,,JAKE PORTER,LIBERTARIAN PARTY,35.000000
2014,19103103043,SECRETARY OF STATE,,PAUL D PATE,REPUBLICAN PARTY,140.000000
2014,19103103043,SECRETARY OF STATE,,SPENCER HIGHLAND,NEW INDEPENDENT PARTY IOWA,9.000000
2014,19103103043,SECRETARY OF STATE,,WRITE IN,,2.000000
2014,19103103043,TREASURER OF STATE,,KEITH A LAUBE,LIBERTARIAN PARTY,36.000000
2014,19103103043,TREASURER OF STATE,,MICHAEL L FITZGERALD,DEMOCRATIC PARTY,470.000000
2014,19103103043,TREASURER OF STATE,,SAM CLOVIS,REPUBLICAN PARTY,147.000000
2014,19103103043,TREASURER OF STATE,,WRITE IN,,2.000000
2014,19103103043,U S SENATE,,BOB QUAST,BOB QUAST FOR TERM LIMITS,2.000000
2014,19103103043,U S SENATE,,BRUCE BRALEY,DEMOCRATIC PARTY,514.000000
2014,19103103043,U S SENATE,,DOUGLAS BUTZIER,LIBERTARIAN PARTY,6.000000
2014,19103103043,U S SENATE,,JONI ERNST,REPUBLICAN PARTY,158.000000
2014,19103103043,U S SENATE,,RICK STEWART,INDEPENDENT,13.000000
2014,19103103043,U S SENATE,,RUTH SMITH,,2.000000
2014,19103103043,U S SENATE,,WRITE IN,,2.000000
2014,19103103044,ATTORNEY GENERAL,,ADAM GREGG,REPUBLICAN PARTY,150.000000
2014,19103103044,ATTORNEY GENERAL,,TOM MILLER,DEMOCRATIC PARTY,871.000000
2014,19103103044,ATTORNEY GENERAL,,WRITE IN,,2.000000
2014,19103103044,AUDITOR OF STATE,,JONATHAN NEIDERBACH,DEMOCRATIC PARTY,815.000000
2014,19103103044,AUDITOR OF STATE,,MARY MOSIMAN,REPUBLICAN PARTY,181.000000
2014,19103103044,AUDITOR OF STATE,,WRITE IN,,2.000000
2014,19103103044,GOVERNOR,,JACK HATCH MONICA VERNON,DEMOCRATIC PARTY,819.000000
2014,19103103044,GOVERNOR,,JIM HENNAGER MARY MARGARET KRIEG,NEW INDEPENDENT PARTY IOWA,13.000000
2014,19103103044,GOVERNOR,,JONATHAN R NARCISSE MICHAEL L RICHARDS,IOWA PARTY,10.000000
2014,19103103044,GOVERNOR,,LEE DEAKINS HIEB TIM WATSON,LIBERTARIAN PARTY,14.000000
2014,19103103044,GOVERNOR,,TERRY E BRANSTAD KIM REYNOLDS,REPUBLICAN PARTY,194.000000
2014,19103103044,GOVERNOR,,WRITE IN,,3.000000
2014,19103103044,SECRETARY OF AGRICULTURE,,BILL NORTHEY,REPUBLICAN PARTY,204.000000
2014,19103103044,SECRETARY OF AGRICULTURE,,LEVI BENNING,NEW INDEPENDENT PARTY IOWA,59.000000
2014,19103103044,SECRETARY OF AGRICULTURE,,SHERRIE TAHA,DEMOCRATIC PARTY,740.000000
2014,19103103044,SECRETARY OF AGRICULTURE,,WRITE IN,,2.000000
2014,19103103044,SECRETARY OF STATE,,BRAD ANDERSON,DEMOCRATIC PARTY,810.000000
2014,19103103044,SECRETARY OF STATE,,JAKE PORTER,LIBERTARIAN PARTY,34.000000
2014,19103103044,SECRETARY OF STATE,,PAUL D PATE,REPUBLICAN PARTY,161.000000
2014,19103103044,SECRETARY OF STATE,,SPENCER HIGHLAND,NEW INDEPENDENT PARTY IOWA,21.000000
2014,19103103044,SECRETARY OF STATE,,WRITE IN,,2.000000
2014,19103103044,TREASURER OF STATE,,KEITH A LAUBE,LIBERTARIAN PARTY,45.000000
2014,19103103044,TREASURER OF STATE,,MICHAEL L FITZGERALD,DEMOCRATIC PARTY,844.000000
2014,19103103044,TREASURER OF STATE,,SAM CLOVIS,REPUBLICAN PARTY,127.000000
2014,19103103044,TREASURER OF STATE,,WRITE IN,,1.000000
2014,19103103044,U S SENATE,,BOB QUAST,BOB QUAST FOR TERM LIMITS,5.000000
2014,19103103044,U S SENATE,,BRUCE BRALEY,DEMOCRATIC PARTY,839.000000
2014,19103103044,U S SENATE,,DOUGLAS BUTZIER,LIBERTARIAN PARTY,8.000000
2014,19103103044,U S SENATE,,JONI ERNST,REPUBLICAN PARTY,174.000000
2014,19103103044,U S SENATE,,RICK STEWART,INDEPENDENT,19.000000
2014,19103103044,U S SENATE,,RUTH SMITH,,4.000000
2014,19103103044,U S SENATE,,WRITE IN,,3.000000
2014,19103103045,ATTORNEY GENERAL,,ADAM GREGG,REPUBLICAN PARTY,165.000000
2014,19103103045,ATTORNEY GENERAL,,TOM MILLER,DEMOCRATIC PARTY,591.000000
2014,19103103045,ATTORNEY GENERAL,,WRITE IN,,2.000000
2014,19103103045,AUDITOR OF STATE,,JONATHAN NEIDERBACH,DEMOCRATIC PARTY,540.000000
2014,19103103045,AUDITOR OF STATE,,MARY MOSIMAN,REPUBLICAN PARTY,205.000000
2014,19103103045,AUDITOR OF STATE,,WRITE IN,,1.000000
2014,19103103045,GOVERNOR,,JACK HATCH MONICA VERNON,DEMOCRATIC PARTY,524.000000
2014,19103103045,GOVERNOR,,JIM HENNAGER MARY MARGARET KRIEG,NEW INDEPENDENT PARTY IOWA,5.000000
2014,19103103045,GOVERNOR,,JONATHAN R NARCISSE MICHAEL L RICHARDS,IOWA PARTY,6.000000
2014,19103103045,GOVERNOR,,LEE DEAKINS HIEB TIM WATSON,LIBERTARIAN PARTY,11.000000
2014,19103103045,GOVERNOR,,TERRY E BRANSTAD KIM REYNOLDS,REPUBLICAN PARTY,230.000000
2014,19103103045,GOVERNOR,,WRITE IN,,0.000000
2014,19103103045,SECRETARY OF AGRICULTURE,,BILL NORTHEY,REPUBLICAN PARTY,218.000000
2014,19103103045,SECRETARY OF AGRICULTURE,,LEVI BENNING,NEW INDEPENDENT PARTY IOWA,29.000000
2014,19103103045,SECRETARY OF AGRICULTURE,,SHERRIE TAHA,DEMOCRATIC PARTY,493.000000
2014,19103103045,SECRETARY OF AGRICULTURE,,WRITE IN,,2.000000
2014,19103103045,SECRETARY OF STATE,,BRAD ANDERSON,DEMOCRATIC PARTY,542.000000
2014,19103103045,SECRETARY OF STATE,,JAKE PORTER,LIBERTARIAN PARTY,29.000000
2014,19103103045,SECRETARY OF STATE,,PAUL D PATE,REPUBLICAN PARTY,173.000000
2014,19103103045,SECRETARY OF STATE,,SPENCER HIGHLAND,NEW INDEPENDENT PARTY IOWA,14.000000
2014,19103103045,SECRETARY OF STATE,,WRITE IN,,0.000000
2014,19103103045,TREASURER OF STATE,,KEITH A LAUBE,LIBERTARIAN PARTY,30.000000
2014,19103103045,TREASURER OF STATE,,MICHAEL L FITZGERALD,DEMOCRATIC PARTY,560.000000
2014,19103103045,TREASURER OF STATE,,SAM CLOVIS,REPUBLICAN PARTY,158.000000
2014,19103103045,TREASURER OF STATE,,WRITE IN,,1.000000
2014,19103103045,U S SENATE,,BOB QUAST,BOB QUAST FOR TERM LIMITS,5.000000
2014,19103103045,U S SENATE,,BRUCE BRALEY,DEMOCRATIC PARTY,570.000000
2014,19103103045,U S SENATE,,DOUGLAS BUTZIER,LIBERTARIAN PARTY,4.000000
2014,19103103045,U S SENATE,,JONI ERNST,REPUBLICAN PARTY,183.000000
2014,19103103045,U S SENATE,,RICK STEWART,INDEPENDENT,13.000000
2014,19103103045,U S SENATE,,RUTH SMITH,,7.000000
2014,19103103045,U S SENATE,,WRITE IN,,1.000000
2014,19103103046,ATTORNEY GENERAL,,ADAM GREGG,REPUBLICAN PARTY,220.000000
2014,19103103046,ATTORNEY GENERAL,,TOM MILLER,DEMOCRATIC PARTY,1092.000000
2014,19103103046,ATTORNEY GENERAL,,WRITE IN,,0.000000
2014,19103103046,AUDITOR OF STATE,,JONATHAN NEIDERBACH,DEMOCRATIC PARTY,975.000000
2014,19103103046,AUDITOR OF STATE,,MARY MOSIMAN,REPUBLICAN PARTY,276.000000
2014,19103103046,AUDITOR OF STATE,,WRITE IN,,1.000000
2014,19103103046,GOVERNOR,,JACK HATCH MONICA VERNON,DEMOCRATIC PARTY,963.000000
2014,19103103046,GOVERNOR,,JIM HENNAGER MARY MARGARET KRIEG,NEW INDEPENDENT PARTY IOWA,14.000000
2014,19103103046,GOVERNOR,,JONATHAN R NARCISSE MICHAEL L RICHARDS,IOWA PARTY,17.000000
2014,19103103046,GOVERNOR,,LEE DEAKINS HIEB TIM WATSON,LIBERTARIAN PARTY,21.000000
2014,19103103046,GOVERNOR,,TERRY E BRANSTAD KIM REYNOLDS,REPUBLICAN PARTY,330.000000
2014,19103103046,GOVERNOR,,WRITE IN,,1.000000
2014,19103103046,SECRETARY OF AGRICULTURE,,BILL NORTHEY,REPUBLICAN PARTY,336.000000
2014,19103103046,SECRETARY OF AGRICULTURE,,LEVI BENNING,NEW INDEPENDENT PARTY IOWA,42.000000
2014,19103103046,SECRETARY OF AGRICULTURE,,SHERRIE TAHA,DEMOCRATIC PARTY,892.000000
2014,19103103046,SECRETARY OF AGRICULTURE,,WRITE IN,,0.000000
2014,19103103046,SECRETARY OF STATE,,BRAD ANDERSON,DEMOCRATIC PARTY,993.000000
2014,19103103046,SECRETARY OF STATE,,JAKE PORTER,LIBERTARIAN PARTY,39.000000
2014,19103103046,SECRETARY OF STATE,,PAUL D PATE,REPUBLICAN PARTY,253.000000
2014,19103103046,SECRETARY OF STATE,,SPENCER HIGHLAND,NEW INDEPENDENT PARTY IOWA,17.000000
2014,19103103046,SECRETARY OF STATE,,WRITE IN,,0.000000
2014,19103103046,TREASURER OF STATE,,KEITH A LAUBE,LIBERTARIAN PARTY,47.000000
2014,19103103046,TREASURER OF STATE,,MICHAEL L FITZGERALD,DEMOCRATIC PARTY,1033.000000
2014,19103103046,TREASURER OF STATE,,SAM CLOVIS,REPUBLICAN PARTY,219.000000
2014,19103103046,TREASURER OF STATE,,WRITE IN,,0.000000
2014,19103103046,U S SENATE,,BOB QUAST,BOB QUAST FOR TERM LIMITS,10.000000
2014,19103103046,U S SENATE,,BRUCE BRALEY,DEMOCRATIC PARTY,1047.000000
2014,19103103046,U S SENATE,,DOUGLAS BUTZIER,LIBERTARIAN PARTY,11.000000
2014,19103103046,U S SENATE,,JONI ERNST,REPUBLICAN PARTY,264.000000
2014,19103103046,U S SENATE,,RICK STEWART,INDEPENDENT,15.000000
2014,19103103046,U S SENATE,,RUTH SMITH,,4.000000
2014,19103103046,U S SENATE,,WRITE IN,,1.000000
2014,19103103047,ATTORNEY GENERAL,,ADAM GREGG,REPUBLICAN PARTY,208.000000
2014,19103103047,ATTORNEY GENERAL,,TOM MILLER,DEMOCRATIC PARTY,1239.000000
2014,19103103047,ATTORNEY GENERAL,,WRITE IN,,1.000000
2014,19103103047,AUDITOR OF STATE,,JONATHAN NEIDERBACH,DEMOCRATIC PARTY,1139.000000
2014,19103103047,AUDITOR OF STATE,,MARY MOSIMAN,REPUBLICAN PARTY,276.000000
2014,19103103047,AUDITOR OF STATE,,WRITE IN,,1.000000
2014,19103103047,GOVERNOR,,JACK HATCH MONICA VERNON,DEMOCRATIC PARTY,1165.000000
2014,19103103047,GOVERNOR,,JIM HENNAGER MARY MARGARET KRIEG,NEW INDEPENDENT PARTY IOWA,12.000000
2014,19103103047,GOVERNOR,,JONATHAN R NARCISSE MICHAEL L RICHARDS,IOWA PARTY,15.000000
2014,19103103047,GOVERNOR,,LEE DEAKINS HIEB TIM WATSON,LIBERTARIAN PARTY,17.000000
2014,19103103047,GOVERNOR,,TERRY E BRANSTAD KIM REYNOLDS,REPUBLICAN PARTY,297.000000
2014,19103103047,GOVERNOR,,WRITE IN,,0.000000
2014,19103103047,SECRETARY OF AGRICULTURE,,BILL NORTHEY,REPUBLICAN PARTY,294.000000
2014,19103103047,SECRETARY OF AGRICULTURE,,LEVI BENNING,NEW INDEPENDENT PARTY IOWA,60.000000
2014,19103103047,SECRETARY OF AGRICULTURE,,SHERRIE TAHA,DEMOCRATIC PARTY,1077.000000
2014,19103103047,SECRETARY OF AGRICULTURE,,WRITE IN,,2.000000
2014,19103103047,SECRETARY OF STATE,,BRAD ANDERSON,DEMOCRATIC PARTY,1165.000000
2014,19103103047,SECRETARY OF STATE,,JAKE PORTER,LIBERTARIAN PARTY,52.000000
2014,19103103047,SECRETARY OF STATE,,PAUL D PATE,REPUBLICAN PARTY,221.000000
2014,19103103047,SECRETARY OF STATE,,SPENCER HIGHLAND,NEW INDEPENDENT PARTY IOWA,25.000000
2014,19103103047,SECRETARY OF STATE,,WRITE IN,,0.000000
2014,19103103047,TREASURER OF STATE,,KEITH A LAUBE,LIBERTARIAN PARTY,46.000000
2014,19103103047,TREASURER OF STATE,,MICHAEL L FITZGERALD,DEMOCRATIC PARTY,1204.000000
2014,19103103047,TREASURER OF STATE,,SAM CLOVIS,REPUBLICAN PARTY,202.000000
2014,19103103047,TREASURER OF STATE,,WRITE IN,,1.000000
2014,19103103047,U S SENATE,,BOB QUAST,BOB QUAST FOR TERM LIMITS,4.000000
2014,19103103047,U S SENATE,,BRUCE BRALEY,DEMOCRATIC PARTY,1226.000000
2014,19103103047,U S SENATE,,DOUGLAS BUTZIER,LIBERTARIAN PARTY,16.000000
2014,19103103047,U S SENATE,,JONI ERNST,REPUBLICAN PARTY,245.000000
2014,19103103047,U S SENATE,,RICK STEWART,INDEPENDENT,12.000000
2014,19103103047,U S SENATE,,RUTH SMITH,,5.000000
2014,19103103047,U S SENATE,,WRITE IN,,3.000000
2014,19103103048,ATTORNEY GENERAL,,ADAM GREGG,REPUBLICAN PARTY,151.000000
2014,19103103048,ATTORNEY GENERAL,,TOM MILLER,DEMOCRATIC PARTY,1231.000000
2014,19103103048,ATTORNEY GENERAL,,WRITE IN,,1.000000
2014,19103103048,AUDITOR OF STATE,,JONATHAN NEIDERBACH,DEMOCRATIC PARTY,1180.000000
2014,19103103048,AUDITOR OF STATE,,MARY MOSIMAN,REPUBLICAN PARTY,182.000000
2014,19103103048,AUDITOR OF STATE,,WRITE IN,,2.000000
2014,19103103048,GOVERNOR,,JACK HATCH MONICA VERNON,DEMOCRATIC PARTY,1176.000000
2014,19103103048,GOVERNOR,,JIM HENNAGER MARY MARGARET KRIEG,NEW INDEPENDENT PARTY IOWA,9.000000
2014,19103103048,GOVERNOR,,JONATHAN R NARCISSE MICHAEL L RICHARDS,IOWA PARTY,10.000000
2014,19103103048,GOVERNOR,,LEE DEAKINS HIEB TIM WATSON,LIBERTARIAN PARTY,32.000000
2014,19103103048,GOVERNOR,,TERRY E BRANSTAD KIM REYNOLDS,REPUBLICAN PARTY,207.000000
2014,19103103048,GOVERNOR,,WRITE IN,,1.000000
2014,19103103048,SECRETARY OF AGRICULTURE,,BILL NORTHEY,REPUBLICAN PARTY,194.000000
2014,19103103048,SECRETARY OF AGRICULTURE,,LEVI BENNING,NEW INDEPENDENT PARTY IOWA,63.000000
2014,19103103048,SECRETARY OF AGRICULTURE,,SHERRIE TAHA,DEMOCRATIC PARTY,1103.000000
2014,19103103048,SECRETARY OF AGRICULTURE,,WRITE IN,,3.000000
2014,19103103048,SECRETARY OF STATE,,BRAD ANDERSON,DEMOCRATIC PARTY,1181.000000
2014,19103103048,SECRETARY OF STATE,,JAKE PORTER,LIBERTARIAN PARTY,57.000000
2014,19103103048,SECRETARY OF STATE,,PAUL D PATE,REPUBLICAN PARTY,144.000000
2014,19103103048,SECRETARY OF STATE,,SPENCER HIGHLAND,NEW INDEPENDENT PARTY IOWA,19.000000
2014,19103103048,SECRETARY OF STATE,,WRITE IN,,0.000000
2014,19103103048,TREASURER OF STATE,,KEITH A LAUBE,LIBERTARIAN PARTY,69.000000
2014,19103103048,TREASURER OF STATE,,MICHAEL L FITZGERALD,DEMOCRATIC PARTY,1177.000000
2014,19103103048,TREASURER OF STATE,,SAM CLOVIS,REPUBLICAN PARTY,134.000000
2014,19103103048,TREASURER OF STATE,,WRITE IN,,0.000000
2014,19103103048,U S SENATE,,BOB QUAST,BOB QUAST FOR TERM LIMITS,7.000000
2014,19103103048,U S SENATE,,BRUCE BRALEY,DEMOCRATIC PARTY,1254.000000
2014,19103103048,U S SENATE,,DOUGLAS BUTZIER,LIBERTARIAN PARTY,22.000000
2014,19103103048,U S SENATE,,JONI ERNST,REPUBLICAN PARTY,152.000000
2014,19103103048,U S SENATE,,RICK STEWART,INDEPENDENT,12.000000
2014,19103103048,U S SENATE,,RUTH SMITH,,2.000000
2014,19103103048,U S SENATE,,WRITE IN,,1.000000
2014,19103103049,ATTORNEY GENERAL,,ADAM GREGG,REPUBLICAN PARTY,89.000000
2014,19103103049,ATTORNEY GENERAL,,TOM MILLER,DEMOCRATIC PARTY,319.000000
2014,19103103049,ATTORNEY GENERAL,,WRITE IN,,2.000000
2014,19103103049,AUDITOR OF STATE,,JONATHAN NEIDERBACH,DEMOCRATIC PARTY,298.000000
2014,19103103049,AUDITOR OF STATE,,MARY MOSIMAN,REPUBLICAN PARTY,99.000000
2014,19103103049,AUDITOR OF STATE,,WRITE IN,,2.000000
2014,19103103049,GOVERNOR,,JACK HATCH MONICA VERNON,DEMOCRATIC PARTY,283.000000
2014,19103103049,GOVERNOR,,JIM HENNAGER MARY MARGARET KRIEG,NEW INDEPENDENT PARTY IOWA,7.000000
2014,19103103049,GOVERNOR,,JONATHAN R NARCISSE MICHAEL L RICHARDS,IOWA PARTY,7.000000
2014,19103103049,GOVERNOR,,LEE DEAKINS HIEB TIM WATSON,LIBERTARIAN PARTY,20.000000
2014,19103103049,GOVERNOR,,TERRY E BRANSTAD KIM REYNOLDS,REPUBLICAN PARTY,130.000000
2014,19103103049,GOVERNOR,,WRITE IN,,1.000000
2014,19103103049,SECRETARY OF AGRICULTURE,,BILL NORTHEY,REPUBLICAN PARTY,119.000000
2014,19103103049,SECRETARY OF AGRICULTURE,,LEVI BENNING,NEW INDEPENDENT PARTY IOWA,26.000000
2014,19103103049,SECRETARY OF AGRICULTURE,,SHERRIE TAHA,DEMOCRATIC PARTY,266.000000
2014,19103103049,SECRETARY OF AGRICULTURE,,WRITE IN,,2.000000
2014,19103103049,SECRETARY OF STATE,,BRAD ANDERSON,DEMOCRATIC PARTY,293.000000
2014,19103103049,SECRETARY OF STATE,,JAKE PORTER,LIBERTARIAN PARTY,45.000000
2014,19103103049,SECRETARY OF STATE,,PAUL D PATE,REPUBLICAN PARTY,84.000000
2014,19103103049,SECRETARY OF STATE,,SPENCER HIGHLAND,NEW INDEPENDENT PARTY IOWA,11.000000
2014,19103103049,SECRETARY OF STATE,,WRITE IN,,1.000000
2014,19103103049,TREASURER OF STATE,,KEITH A LAUBE,LIBERTARIAN PARTY,37.000000
2014,19103103049,TREASURER OF STATE,,MICHAEL L FITZGERALD,DEMOCRATIC PARTY,289.000000
2014,19103103049,TREASURER OF STATE,,SAM CLOVIS,REPUBLICAN PARTY,93.000000
2014,19103103049,TREASURER OF STATE,,WRITE IN,,0.000000
2014,19103103049,U S SENATE,,BOB QUAST,BOB QUAST FOR TERM LIMITS,0.000000
2014,19103103049,U S SENATE,,BRUCE BRALEY,DEMOCRATIC PARTY,360.000000
2014,19103103049,U S SENATE,,DOUGLAS BUTZIER,LIBERTARIAN PARTY,6.000000
2014,19103103049,U S SENATE,,JONI ERNST,REPUBLICAN PARTY,90.000000
2014,19103103049,U S SENATE,,RICK STEWART,INDEPENDENT,6.000000
2014,19103103049,U S SENATE,,RUTH SMITH,,0.000000
2014,19103103049,U S SENATE,,WRITE IN,,0.000000
2014,19103103050,ATTORNEY GENERAL,,ADAM GREGG,REPUBLICAN PARTY,131.000000
2014,19103103050,ATTORNEY GENERAL,,TOM MILLER,DEMOCRATIC PARTY,558.000000
2014,19103103050,ATTORNEY GENERAL,,WRITE IN,,4.000000
2014,19103103050,AUDITOR OF STATE,,JONATHAN NEIDERBACH,DEMOCRATIC PARTY,528.000000
2014,19103103050,AUDITOR OF STATE,,MARY MOSIMAN,REPUBLICAN PARTY,148.000000
2014,19103103050,AUDITOR OF STATE,,WRITE IN,,5.000000
2014,19103103050,GOVERNOR,,JACK HATCH MONICA VERNON,DEMOCRATIC PARTY,509.000000
2014,19103103050,GOVERNOR,,JIM HENNAGER MARY MARGARET KRIEG,NEW INDEPENDENT PARTY IOWA,8.000000
2014,19103103050,GOVERNOR,,JONATHAN R NARCISSE MICHAEL L RICHARDS,IOWA PARTY,14.000000
2014,19103103050,GOVERNOR,,LEE DEAKINS HIEB TIM WATSON,LIBERTARIAN PARTY,21.000000
2014,19103103050,GOVERNOR,,TERRY E BRANSTAD KIM REYNOLDS,REPUBLICAN PARTY,188.000000
2014,19103103050,GOVERNOR,,WRITE IN,,2.000000
2014,19103103050,SECRETARY OF AGRICULTURE,,BILL NORTHEY,REPUBLICAN PARTY,158.000000
2014,19103103050,SECRETARY OF AGRICULTURE,,LEVI BENNING,NEW INDEPENDENT PARTY IOWA,45.000000
2014,19103103050,SECRETARY OF AGRICULTURE,,SHERRIE TAHA,DEMOCRATIC PARTY,476.000000
2014,19103103050,SECRETARY OF AGRICULTURE,,WRITE IN,,4.000000
2014,19103103050,SECRETARY OF STATE,,BRAD ANDERSON,DEMOCRATIC PARTY,526.000000
2014,19103103050,SECRETARY OF STATE,,JAKE PORTER,LIBERTARIAN PARTY,49.000000
2014,19103103050,SECRETARY OF STATE,,PAUL D PATE,REPUBLICAN PARTY,113.000000
2014,19103103050,SECRETARY OF STATE,,SPENCER HIGHLAND,NEW INDEPENDENT PARTY IOWA,20.000000
2014,19103103050,SECRETARY OF STATE,,WRITE IN,,3.000000
2014,19103103050,TREASURER OF STATE,,KEITH A LAUBE,LIBERTARIAN PARTY,46.000000
2014,19103103050,TREASURER OF STATE,,MICHAEL L FITZGERALD,DEMOCRATIC PARTY,511.000000
2014,19103103050,TREASURER OF STATE,,SAM CLOVIS,REPUBLICAN PARTY,131.000000
2014,19103103050,TREASURER OF STATE,,WRITE IN,,5.000000
2014,19103103050,U S SENATE,,BOB QUAST,BOB QUAST FOR TERM LIMITS,1.000000
2014,19103103050,U S SENATE,,BRUCE BRALEY,DEMOCRATIC PARTY,589.000000
2014,19103103050,U S SENATE,,DOUGLAS BUTZIER,LIBERTARIAN PARTY,10.000000
2014,19103103050,U S SENATE,,JONI ERNST,REPUBLICAN PARTY,132.000000
2014,19103103050,U S SENATE,,RICK STEWART,INDEPENDENT,12.000000
2014,19103103050,U S SENATE,,RUTH SMITH,,3.000000
2014,19103103050,U S SENATE,,WRITE IN,,2.000000
2014,19103103051,ATTORNEY GENERAL,,ADAM GREGG,REPUBLICAN PARTY,110.000000
2014,19103103051,ATTORNEY GENERAL,,TOM MILLER,DEMOCRATIC PARTY,827.000000
2014,19103103051,ATTORNEY GENERAL,,WRITE IN,,6.000000
2014,19103103051,AUDITOR OF STATE,,JONATHAN NEIDERBACH,DEMOCRATIC PARTY,805.000000
2014,19103103051,AUDITOR OF STATE,,MARY MOSIMAN,REPUBLICAN PARTY,128.000000
2014,19103103051,AUDITOR OF STATE,,WRITE IN,,5.000000
2014,19103103051,GOVERNOR,,JACK HATCH MONICA VERNON,DEMOCRATIC PARTY,797.000000
2014,19103103051,GOVERNOR,,JIM HENNAGER MARY MARGARET KRIEG,NEW INDEPENDENT PARTY IOWA,17.000000
2014,19103103051,GOVERNOR,,JONATHAN R NARCISSE MICHAEL L RICHARDS,IOWA PARTY,14.000000
2014,19103103051,GOVERNOR,,LEE DEAKINS HIEB TIM WATSON,LIBERTARIAN PARTY,16.000000
2014,19103103051,GOVERNOR,,TERRY E BRANSTAD KIM REYNOLDS,REPUBLICAN PARTY,145.000000
2014,19103103051,GOVERNOR,,WRITE IN,,5.000000
2014,19103103051,SECRETARY OF AGRICULTURE,,BILL NORTHEY,REPUBLICAN PARTY,136.000000
2014,19103103051,SECRETARY OF AGRICULTURE,,LEVI BENNING,NEW INDEPENDENT PARTY IOWA,53.000000
2014,19103103051,SECRETARY OF AGRICULTURE,,SHERRIE TAHA,DEMOCRATIC PARTY,743.000000
2014,19103103051,SECRETARY OF AGRICULTURE,,WRITE IN,,6.000000
2014,19103103051,SECRETARY OF STATE,,BRAD ANDERSON,DEMOCRATIC PARTY,795.000000
2014,19103103051,SECRETARY OF STATE,,JAKE PORTER,LIBERTARIAN PARTY,40.000000
2014,19103103051,SECRETARY OF STATE,,PAUL D PATE,REPUBLICAN PARTY,99.000000
2014,19103103051,SECRETARY OF STATE,,SPENCER HIGHLAND,NEW INDEPENDENT PARTY IOWA,24.000000
2014,19103103051,SECRETARY OF STATE,,WRITE IN,,4.000000
2014,19103103051,TREASURER OF STATE,,KEITH A LAUBE,LIBERTARIAN PARTY,43.000000
2014,19103103051,TREASURER OF STATE,,MICHAEL L FITZGERALD,DEMOCRATIC PARTY,798.000000
2014,19103103051,TREASURER OF STATE,,SAM CLOVIS,REPUBLICAN PARTY,103.000000
2014,19103103051,TREASURER OF STATE,,WRITE IN,,6.000000
2014,19103103051,U S SENATE,,BOB QUAST,BOB QUAST FOR TERM LIMITS,4.000000
2014,19103103051,U S SENATE,,BRUCE BRALEY,DEMOCRATIC PARTY,855.000000
2014,19103103051,U S SENATE,,DOUGLAS BUTZIER,LIBERTARIAN PARTY,13.000000
2014,19103103051,U S SENATE,,JONI ERNST,REPUBLICAN PARTY,104.000000
2014,19103103051,U S SENATE,,RICK STEWART,INDEPENDENT,18.000000
2014,19103103051,U S SENATE,,RUTH SMITH,,1.000000
2014,19103103051,U S SENATE,,WRITE IN,,4.000000
2014,19103103052,ATTORNEY GENERAL,,ADAM GREGG,REPUBLICAN PARTY,159.000000
2014,19103103052,ATTORNEY GENERAL,,TOM MILLER,DEMOCRATIC PARTY,680.000000
2014,19103103052,ATTORNEY GENERAL,,WRITE IN,,2.000000
2014,19103103052,AUDITOR OF STATE,,JONATHAN NEIDERBACH,DEMOCRATIC PARTY,614.000000
2014,19103103052,AUDITOR OF STATE,,MARY MOSIMAN,REPUBLICAN PARTY,203.000000
2014,19103103052,AUDITOR OF STATE,,WRITE IN,,1.000000
2014,19103103052,GOVERNOR,,JACK HATCH MONICA VERNON,DEMOCRATIC PARTY,616.000000
2014,19103103052,GOVERNOR,,JIM HENNAGER MARY MARGARET KRIEG,NEW INDEPENDENT PARTY IOWA,11.000000
2014,19103103052,GOVERNOR,,JONATHAN R NARCISSE MICHAEL L RICHARDS,IOWA PARTY,4.000000
2014,19103103052,GOVERNOR,,LEE DEAKINS HIEB TIM WATSON,LIBERTARIAN PARTY,14.000000
2014,19103103052,GOVERNOR,,TERRY E BRANSTAD KIM REYNOLDS,REPUBLICAN PARTY,219.000000
2014,19103103052,GOVERNOR,,WRITE IN,,1.000000
2014,19103103052,SECRETARY OF AGRICULTURE,,BILL NORTHEY,REPUBLICAN PARTY,208.000000
2014,19103103052,SECRETARY OF AGRICULTURE,,LEVI BENNING,NEW INDEPENDENT PARTY IOWA,32.000000
2014,19103103052,SECRETARY OF AGRICULTURE,,SHERRIE TAHA,DEMOCRATIC PARTY,570.000000
2014,19103103052,SECRETARY OF AGRICULTURE,,WRITE IN,,2.000000
2014,19103103052,SECRETARY OF STATE,,BRAD ANDERSON,DEMOCRATIC PARTY,629.000000
2014,19103103052,SECRETARY OF STATE,,JAKE PORTER,LIBERTARIAN PARTY,30.000000
2014,19103103052,SECRETARY OF STATE,,PAUL D PATE,REPUBLICAN PARTY,171.000000
2014,19103103052,SECRETARY OF STATE,,SPENCER HIGHLAND,NEW INDEPENDENT PARTY IOWA,12.000000
2014,19103103052,SECRETARY OF STATE,,WRITE IN,,1.000000
2014,19103103052,TREASURER OF STATE,,KEITH A LAUBE,LIBERTARIAN PARTY,26.000000
2014,19103103052,TREASURER OF STATE,,MICHAEL L FITZGERALD,DEMOCRATIC PARTY,636.000000
2014,19103103052,TREASURER OF STATE,,SAM CLOVIS,REPUBLICAN PARTY,170.000000
2014,19103103052,TREASURER OF STATE,,WRITE IN,,0.000000
2014,19103103052,U S SENATE,,BOB QUAST,BOB QUAST FOR TERM LIMITS,2.000000
2014,19103103052,U S SENATE,,BRUCE BRALEY,DEMOCRATIC PARTY,671.000000
2014,19103103052,U S SENATE,,DOUGLAS BUTZIER,LIBERTARIAN PARTY,5.000000
2014,19103103052,U S SENATE,,JONI ERNST,REPUBLICAN PARTY,178.000000
2014,19103103052,U S SENATE,,RICK STEWART,INDEPENDENT,7.000000
2014,19103103052,U S SENATE,,RUTH SMITH,,0.000000
2014,19103103052,U S SENATE,,WRITE IN,,1.000000
2014,19103103053,ATTORNEY GENERAL,,ADAM GREGG,REPUBLICAN PARTY,335.000000
2014,19103103053,ATTORNEY GENERAL,,TOM MILLER,DEMOCRATIC PARTY,1210.000000
2014,19103103053,ATTORNEY GENERAL,,WRITE IN,,2.000000
2014,19103103053,AUDITOR OF STATE,,JONATHAN NEIDERBACH,DEMOCRATIC PARTY,1076.000000
2014,19103103053,AUDITOR OF STATE,,MARY MOSIMAN,REPUBLICAN PARTY,407.000000
2014,19103103053,AUDITOR OF STATE,,WRITE IN,,1.000000
2014,19103103053,GOVERNOR,,JACK HATCH MONICA VERNON,DEMOCRATIC PARTY,1108.000000
2014,19103103053,GOVERNOR,,JIM HENNAGER MARY MARGARET KRIEG,NEW INDEPENDENT PARTY IOWA,13.000000
2014,19103103053,GOVERNOR,,JONATHAN R NARCISSE MICHAEL L RICHARDS,IOWA PARTY,5.000000
2014,19103103053,GOVERNOR,,LEE DEAKINS HIEB TIM WATSON,LIBERTARIAN PARTY,18.000000
2014,19103103053,GOVERNOR,,TERRY E BRANSTAD KIM REYNOLDS,REPUBLICAN PARTY,458.000000
2014,19103103053,GOVERNOR,,WRITE IN,,2.000000
2014,19103103053,SECRETARY OF AGRICULTURE,,BILL NORTHEY,REPUBLICAN PARTY,448.000000
2014,19103103053,SECRETARY OF AGRICULTURE,,LEVI BENNING,NEW INDEPENDENT PARTY IOWA,51.000000
2014,19103103053,SECRETARY OF AGRICULTURE,,SHERRIE TAHA,DEMOCRATIC PARTY,996.000000
2014,19103103053,SECRETARY OF AGRICULTURE,,WRITE IN,,0.000000
2014,19103103053,SECRETARY OF STATE,,BRAD ANDERSON,DEMOCRATIC PARTY,1116.000000
2014,19103103053,SECRETARY OF STATE,,JAKE PORTER,LIBERTARIAN PARTY,49.000000
2014,19103103053,SECRETARY OF STATE,,PAUL D PATE,REPUBLICAN PARTY,351.000000
2014,19103103053,SECRETARY OF STATE,,SPENCER HIGHLAND,NEW INDEPENDENT PARTY IOWA,29.000000
2014,19103103053,SECRETARY OF STATE,,WRITE IN,,3.000000
2014,19103103053,TREASURER OF STATE,,KEITH A LAUBE,LIBERTARIAN PARTY,48.000000
2014,19103103053,TREASURER OF STATE,,MICHAEL L FITZGERALD,DEMOCRATIC PARTY,1165.000000
2014,19103103053,TREASURER OF STATE,,SAM CLOVIS,REPUBLICAN PARTY,311.000000
2014,19103103053,TREASURER OF STATE,,WRITE IN,,1.000000
2014,19103103053,U S SENATE,,BOB QUAST,BOB QUAST FOR TERM LIMITS,8.000000
2014,19103103053,U S SENATE,,BRUCE BRALEY,DEMOCRATIC PARTY,1176.000000
2014,19103103053,U S SENATE,,DOUGLAS BUTZIER,LIBERTARIAN PARTY,11.000000
2014,19103103053,U S SENATE,,JONI ERNST,REPUBLICAN PARTY,388.000000
2014,19103103053,U S SENATE,,RICK STEWART,INDEPENDENT,14.000000
2014,19103103053,U S SENATE,,RUTH SMITH,,4.000000
2014,19103103053,U S SENATE,,WRITE IN,,0.000000
2014,19103103054,ATTORNEY GENERAL,,ADAM GREGG,REPUBLICAN PARTY,453.000000
2014,19103103054,ATTORNEY GENERAL,,TOM MILLER,DEMOCRATIC PARTY,955.000000
2014,19103103054,ATTORNEY GENERAL,,WRITE IN,,1.000000
2014,19103103054,AUDITOR OF STATE,,JONATHAN NEIDERBACH,DEMOCRATIC PARTY,786.000000
2014,19103103054,AUDITOR OF STATE,,MARY MOSIMAN,REPUBLICAN PARTY,562.000000
2014,19103103054,AUDITOR OF STATE,,WRITE IN,,2.000000
2014,19103103054,GOVERNOR,,JACK HATCH MONICA VERNON,DEMOCRATIC PARTY,808.000000
2014,19103103054,GOVERNOR,,JIM HENNAGER MARY MARGARET KRIEG,NEW INDEPENDENT PARTY IOWA,2.000000
2014,19103103054,GOVERNOR,,JONATHAN R NARCISSE MICHAEL L RICHARDS,IOWA PARTY,7.000000
2014,19103103054,GOVERNOR,,LEE DEAKINS HIEB TIM WATSON,LIBERTARIAN PARTY,18.000000
2014,19103103054,GOVERNOR,,TERRY E BRANSTAD KIM REYNOLDS,REPUBLICAN PARTY,638.000000
2014,19103103054,GOVERNOR,,WRITE IN,,2.000000
2014,19103103054,SECRETARY OF AGRICULTURE,,BILL NORTHEY,REPUBLICAN PARTY,627.000000
2014,19103103054,SECRETARY OF AGRICULTURE,,LEVI BENNING,NEW INDEPENDENT PARTY IOWA,31.000000
2014,19103103054,SECRETARY OF AGRICULTURE,,SHERRIE TAHA,DEMOCRATIC PARTY,703.000000
2014,19103103054,SECRETARY OF AGRICULTURE,,WRITE IN,,2.000000
2014,19103103054,SECRETARY OF STATE,,BRAD ANDERSON,DEMOCRATIC PARTY,854.000000
2014,19103103054,SECRETARY OF STATE,,JAKE PORTER,LIBERTARIAN PARTY,42.000000
2014,19103103054,SECRETARY OF STATE,,PAUL D PATE,REPUBLICAN PARTY,492.000000
2014,19103103054,SECRETARY OF STATE,,SPENCER HIGHLAND,NEW INDEPENDENT PARTY IOWA,15.000000
2014,19103103054,SECRETARY OF STATE,,WRITE IN,,1.000000
2014,19103103054,TREASURER OF STATE,,KEITH A LAUBE,LIBERTARIAN PARTY,43.000000
2014,19103103054,TREASURER OF STATE,,MICHAEL L FITZGERALD,DEMOCRATIC PARTY,930.000000
2014,19103103054,TREASURER OF STATE,,SAM CLOVIS,REPUBLICAN PARTY,412.000000
2014,19103103054,TREASURER OF STATE,,WRITE IN,,1.000000
2014,19103103054,U S SENATE,,BOB QUAST,BOB QUAST FOR TERM LIMITS,4.000000
2014,19103103054,U S SENATE,,BRUCE BRALEY,DEMOCRATIC PARTY,896.000000
2014,19103103054,U S SENATE,,DOUGLAS BUTZIER,LIBERTARIAN PARTY,12.000000
2014,19103103054,U S SENATE,,JONI ERNST,REPUBLICAN PARTY,540.000000
2014,19103103054,U S SENATE,,RICK STEWART,INDEPENDENT,18.000000
2014,19103103054,U S SENATE,,RUTH SMITH,,4.000000
2014,19103103054,U S SENATE,,WRITE IN,,1.000000
2014,19107107001,ATTORNEY GENERAL,,ADAM GREGG,REPUBLICAN PARTY,59.000000
2014,19107107001,ATTORNEY GENERAL,,TOM MILLER,DEMOCRATIC PARTY,69.000000
2014,19107107001,ATTORNEY GENERAL,,WRITE IN,,0.000000
2014,19107107001,AUDITOR OF STATE,,JONATHAN NEIDERBACH,DEMOCRATIC PARTY,40.000000
2014,19107107001,AUDITOR OF STATE,,MARY MOSIMAN,REPUBLICAN PARTY,80.000000
2014,19107107001,AUDITOR OF STATE,,WRITE IN,,0.000000
2014,19107107001,GOVERNOR,,JACK HATCH MONICA VERNON,DEMOCRATIC PARTY,33.000000
2014,19107107001,GOVERNOR,,JIM HENNAGER MARY MARGARET KRIEG,NEW INDEPENDENT PARTY IOWA,0.000000
2014,19107107001,GOVERNOR,,JONATHAN R NARCISSE MICHAEL L RICHARDS,IOWA PARTY,0.000000
2014,19107107001,GOVERNOR,,LEE DEAKINS HIEB TIM WATSON,LIBERTARIAN PARTY,0.000000
2014,19107107001,GOVERNOR,,TERRY E BRANSTAD KIM REYNOLDS,REPUBLICAN PARTY,98.000000
2014,19107107001,GOVERNOR,,WRITE IN,,0.000000
2014,19107107001,SECRETARY OF AGRICULTURE,,BILL NORTHEY,REPUBLICAN PARTY,98.000000
2014,19107107001,SECRETARY OF AGRICULTURE,,LEVI BENNING,NEW INDEPENDENT PARTY IOWA,6.000000
2014,19107107001,SECRETARY OF AGRICULTURE,,SHERRIE TAHA,DEMOCRATIC PARTY,23.000000
2014,19107107001,SECRETARY OF AGRICULTURE,,WRITE IN,,0.000000
2014,19107107001,SECRETARY OF STATE,,BRAD ANDERSON,DEMOCRATIC PARTY,55.000000
2014,19107107001,SECRETARY OF STATE,,JAKE PORTER,LIBERTARIAN PARTY,2.000000
2014,19107107001,SECRETARY OF STATE,,PAUL D PATE,REPUBLICAN PARTY,68.000000
2014,19107107001,SECRETARY OF STATE,,SPENCER HIGHLAND,NEW INDEPENDENT PARTY IOWA,0.000000
2014,19107107001,SECRETARY OF STATE,,WRITE IN,,0.000000
2014,19107107001,TREASURER OF STATE,,KEITH A LAUBE,LIBERTARIAN PARTY,5.000000
2014,19107107001,TREASURER OF STATE,,MICHAEL L FITZGERALD,DEMOCRATIC PARTY,62.000000
2014,19107107001,TREASURER OF STATE,,SAM CLOVIS,REPUBLICAN PARTY,54.000000
2014,19107107001,TREASURER OF STATE,,WRITE IN,,0.000000
2014,19107107001,U S SENATE,,BOB QUAST,BOB QUAST FOR TERM LIMITS,0.000000
2014,19107107001,U S SENATE,,BRUCE BRALEY,DEMOCRATIC PARTY,41.000000
2014,19107107001,U S SENATE,,DOUGLAS BUTZIER,LIBERTARIAN PARTY,2.000000
2014,19107107001,U S SENATE,,JONI ERNST,REPUBLICAN PARTY,83.000000
2014,19107107001,U S SENATE,,RICK STEWART,INDEPENDENT,3.000000
2014,19107107001,U S SENATE,,RUTH SMITH,,1.000000
2014,19107107001,U S SENATE,,WRITE IN,,0.000000
2014,19107107002,ATTORNEY GENERAL,,ADAM GREGG,REPUBLICAN PARTY,80.000000
2014,19107107002,ATTORNEY GENERAL,,TOM MILLER,DEMOCRATIC PARTY,98.000000
2014,19107107002,ATTORNEY GENERAL,,WRITE IN,,0.000000
2014,19107107002,AUDITOR OF STATE,,JONATHAN NEIDERBACH,DEMOCRATIC PARTY,56.000000
2014,19107107002,AUDITOR OF STATE,,MARY MOSIMAN,REPUBLICAN PARTY,106.000000
2014,19107107002,AUDITOR OF STATE,,WRITE IN,,0.000000
2014,19107107002,GOVERNOR,,JACK HATCH MONICA VERNON,DEMOCRATIC PARTY,44.000000
2014,19107107002,GOVERNOR,,JIM HENNAGER MARY MARGARET KRIEG,NEW INDEPENDENT PARTY IOWA,0.000000
2014,19107107002,GOVERNOR,,JONATHAN R NARCISSE MICHAEL L RICHARDS,IOWA PARTY,4.000000
2014,19107107002,GOVERNOR,,LEE DEAKINS HIEB TIM WATSON,LIBERTARIAN PARTY,2.000000
2014,19107107002,GOVERNOR,,TERRY E BRANSTAD KIM REYNOLDS,REPUBLICAN PARTY,135.000000
2014,19107107002,GOVERNOR,,WRITE IN,,0.000000
2014,19107107002,SECRETARY OF AGRICULTURE,,BILL NORTHEY,REPUBLICAN PARTY,142.000000
2014,19107107002,SECRETARY OF AGRICULTURE,,LEVI BENNING,NEW INDEPENDENT PARTY IOWA,8.000000
2014,19107107002,SECRETARY OF AGRICULTURE,,SHERRIE TAHA,DEMOCRATIC PARTY,26.000000
2014,19107107002,SECRETARY OF AGRICULTURE,,WRITE IN,,0.000000
2014,19107107002,SECRETARY OF STATE,,BRAD ANDERSON,DEMOCRATIC PARTY,65.000000
2014,19107107002,SECRETARY OF STATE,,JAKE PORTER,LIBERTARIAN PARTY,9.000000
2014,19107107002,SECRETARY OF STATE,,PAUL D PATE,REPUBLICAN PARTY,103.000000
2014,19107107002,SECRETARY OF STATE,,SPENCER HIGHLAND,NEW INDEPENDENT PARTY IOWA,1.000000
2014,19107107002,SECRETARY OF STATE,,WRITE IN,,0.000000
2014,19107107002,TREASURER OF STATE,,KEITH A LAUBE,LIBERTARIAN PARTY,7.000000
2014,19107107002,TREASURER OF STATE,,MICHAEL L FITZGERALD,DEMOCRATIC PARTY,82.000000
2014,19107107002,TREASURER OF STATE,,SAM CLOVIS,REPUBLICAN PARTY,83.000000
2014,19107107002,TREASURER OF STATE,,WRITE IN,,0.000000
2014,19107107002,U S SENATE,,BOB QUAST,BOB QUAST FOR TERM LIMITS,0.000000
2014,19107107002,U S SENATE,,BRUCE BRALEY,DEMOCRATIC PARTY,53.000000
2014,19107107002,U S SENATE,,DOUGLAS BUTZIER,LIBERTARIAN PARTY,1.000000
2014,19107107002,U S SENATE,,JONI ERNST,REPUBLICAN PARTY,123.000000
2014,19107107002,U S SENATE,,RICK STEWART,INDEPENDENT,3.000000
2014,19107107002,U S SENATE,,RUTH SMITH,,1.000000
2014,19107107002,U S SENATE,,WRITE IN,,0.000000
2014,19107107012,ATTORNEY GENERAL,,ADAM GREGG,REPUBLICAN PARTY,68.000000
2014,19107107012,ATTORNEY GENERAL,,TOM MILLER,DEMOCRATIC PARTY,59.000000
2014,19107107012,ATTORNEY GENERAL,,WRITE IN,,0.000000
2014,19107107012,AUDITOR OF STATE,,JONATHAN NEIDERBACH,DEMOCRATIC PARTY,42.000000
2014,19107107012,AUDITOR OF STATE,,MARY MOSIMAN,REPUBLICAN PARTY,78.000000
2014,19107107012,AUDITOR OF STATE,,WRITE IN,,0.000000
2014,19107107012,GOVERNOR,,JACK HATCH MONICA VERNON,DEMOCRATIC PARTY,35.000000
2014,19107107012,GOVERNOR,,JIM HENNAGER MARY MARGARET KRIEG,NEW INDEPENDENT PARTY IOWA,1.000000
2014,19107107012,GOVERNOR,,JONATHAN R NARCISSE MICHAEL L RICHARDS,IOWA PARTY,7.000000
2014,19107107012,GOVERNOR,,LEE DEAKINS HIEB TIM WATSON,LIBERTARIAN PARTY,8.000000
2014,19107107012,GOVERNOR,,TERRY E BRANSTAD KIM REYNOLDS,REPUBLICAN PARTY,83.000000
2014,19107107012,GOVERNOR,,WRITE IN,,0.000000
2014,19107107012,SECRETARY OF AGRICULTURE,,BILL NORTHEY,REPUBLICAN PARTY,84.000000
2014,19107107012,SECRETARY OF AGRICULTURE,,LEVI BENNING,NEW INDEPENDENT PARTY IOWA,4.000000
2014,19107107012,SECRETARY OF AGRICULTURE,,SHERRIE TAHA,DEMOCRATIC PARTY,38.000000
2014,19107107012,SECRETARY OF AGRICULTURE,,WRITE IN,,0.000000
2014,19107107012,SECRETARY OF STATE,,BRAD ANDERSON,DEMOCRATIC PARTY,45.000000
2014,19107107012,SECRETARY OF STATE,,JAKE PORTER,LIBERTARIAN PARTY,9.000000
2014,19107107012,SECRETARY OF STATE,,PAUL D PATE,REPUBLICAN PARTY,70.000000
2014,19107107012,SECRETARY OF STATE,,SPENCER HIGHLAND,NEW INDEPENDENT PARTY IOWA,1.000000
2014,19107107012,SECRETARY OF STATE,,WRITE IN,,0.000000
2014,19107107012,TREASURER OF STATE,,KEITH A LAUBE,LIBERTARIAN PARTY,9.000000
2014,19107107012,TREASURER OF STATE,,MICHAEL L FITZGERALD,DEMOCRATIC PARTY,46.000000
2014,19107107012,TREASURER OF STATE,,SAM CLOVIS,REPUBLICAN PARTY,71.000000
2014,19107107012,TREASURER OF STATE,,WRITE IN,,0.000000
2014,19107107012,U S SENATE,,BOB QUAST,BOB QUAST FOR TERM LIMITS,0.000000
2014,19107107012,U S SENATE,,BRUCE BRALEY,DEMOCRATIC PARTY,48.000000
2014,19107107012,U S SENATE,,DOUGLAS BUTZIER,LIBERTARIAN PARTY,3.000000
2014,19107107012,U S SENATE,,JONI ERNST,REPUBLICAN PARTY,75.000000
2014,19107107012,U S SENATE,,RICK STEWART,INDEPENDENT,5.000000
2014,19107107012,U S SENATE,,RUTH SMITH,,1.000000
2014,19107107012,U S SENATE,,WRITE IN,,0.000000
2014,19107107018,ATTORNEY GENERAL,,ADAM GREGG,REPUBLICAN PARTY,186.000000
2014,19107107018,ATTORNEY GENERAL,,TOM MILLER,DEMOCRATIC PARTY,113.000000
2014,19107107018,ATTORNEY GENERAL,,WRITE IN,,0.000000
2014,19107107018,AUDITOR OF STATE,,JONATHAN NEIDERBACH,DEMOCRATIC PARTY,66.000000
2014,19107107018,AUDITOR OF STATE,,MARY MOSIMAN,REPUBLICAN PARTY,222.000000
2014,19107107018,AUDITOR OF STATE,,WRITE IN,,0.000000
2014,19107107018,GOVERNOR,,JACK HATCH MONICA VERNON,DEMOCRATIC PARTY,54.000000
2014,19107107018,GOVERNOR,,JIM HENNAGER MARY MARGARET KRIEG,NEW INDEPENDENT PARTY IOWA,3.000000
2014,19107107018,GOVERNOR,,JONATHAN R NARCISSE MICHAEL L RICHARDS,IOWA PARTY,1.000000
2014,19107107018,GOVERNOR,,LEE DEAKINS HIEB TIM WATSON,LIBERTARIAN PARTY,7.000000
2014,19107107018,GOVERNOR,,TERRY E BRANSTAD KIM REYNOLDS,REPUBLICAN PARTY,244.000000
2014,19107107018,GOVERNOR,,WRITE IN,,0.000000
2014,19107107018,SECRETARY OF AGRICULTURE,,BILL NORTHEY,REPUBLICAN PARTY,254.000000
2014,19107107018,SECRETARY OF AGRICULTURE,,LEVI BENNING,NEW INDEPENDENT PARTY IOWA,6.000000
2014,19107107018,SECRETARY OF AGRICULTURE,,SHERRIE TAHA,DEMOCRATIC PARTY,42.000000
2014,19107107018,SECRETARY OF AGRICULTURE,,WRITE IN,,0.000000
2014,19107107018,SECRETARY OF STATE,,BRAD ANDERSON,DEMOCRATIC PARTY,79.000000
2014,19107107018,SECRETARY OF STATE,,JAKE PORTER,LIBERTARIAN PARTY,4.000000
2014,19107107018,SECRETARY OF STATE,,PAUL D PATE,REPUBLICAN PARTY,212.000000
2014,19107107018,SECRETARY OF STATE,,SPENCER HIGHLAND,NEW INDEPENDENT PARTY IOWA,3.000000
2014,19107107018,SECRETARY OF STATE,,WRITE IN,,0.000000
2014,19107107018,TREASURER OF STATE,,KEITH A LAUBE,LIBERTARIAN PARTY,7.000000
2014,19107107018,TREASURER OF STATE,,MICHAEL L FITZGERALD,DEMOCRATIC PARTY,105.000000
2014,19107107018,TREASURER OF STATE,,SAM CLOVIS,REPUBLICAN PARTY,188.000000
2014,19107107018,TREASURER OF STATE,,WRITE IN,,0.000000
2014,19107107018,U S SENATE,,BOB QUAST,BOB QUAST FOR TERM LIMITS,0.000000
2014,19107107018,U S SENATE,,BRUCE BRALEY,DEMOCRATIC PARTY,61.000000
2014,19107107018,U S SENATE,,DOUGLAS BUTZIER,LIBERTARIAN PARTY,2.000000
2014,19107107018,U S SENATE,,JONI ERNST,REPUBLICAN PARTY,237.000000
2014,19107107018,U S SENATE,,RICK STEWART,INDEPENDENT,5.000000
2014,19107107018,U S SENATE,,RUTH SMITH,,4.000000
2014,19107107018,U S SENATE,,WRITE IN,,0.000000
2014,19107107019,ATTORNEY GENERAL,,ADAM GREGG,REPUBLICAN PARTY,71.000000
2014,19107107019,ATTORNEY GENERAL,,TOM MILLER,DEMOCRATIC PARTY,90.000000
2014,19107107019,ATTORNEY GENERAL,,WRITE IN,,0.000000
2014,19107107019,AUDITOR OF STATE,,JONATHAN NEIDERBACH,DEMOCRATIC PARTY,54.000000
2014,19107107019,AUDITOR OF STATE,,MARY MOSIMAN,REPUBLICAN PARTY,99.000000
2014,19107107019,AUDITOR OF STATE,,WRITE IN,,0.000000
2014,19107107019,GOVERNOR,,JACK HATCH MONICA VERNON,DEMOCRATIC PARTY,47.000000
2014,19107107019,GOVERNOR,,JIM HENNAGER MARY MARGARET KRIEG,NEW INDEPENDENT PARTY IOWA,1.000000
2014,19107107019,GOVERNOR,,JONATHAN R NARCISSE MICHAEL L RICHARDS,IOWA PARTY,2.000000
2014,19107107019,GOVERNOR,,LEE DEAKINS HIEB TIM WATSON,LIBERTARIAN PARTY,2.000000
2014,19107107019,GOVERNOR,,TERRY E BRANSTAD KIM REYNOLDS,REPUBLICAN PARTY,118.000000
2014,19107107019,GOVERNOR,,WRITE IN,,0.000000
2014,19107107019,SECRETARY OF AGRICULTURE,,BILL NORTHEY,REPUBLICAN PARTY,125.000000
2014,19107107019,SECRETARY OF AGRICULTURE,,LEVI BENNING,NEW INDEPENDENT PARTY IOWA,5.000000
2014,19107107019,SECRETARY OF AGRICULTURE,,SHERRIE TAHA,DEMOCRATIC PARTY,32.000000
2014,19107107019,SECRETARY OF AGRICULTURE,,WRITE IN,,0.000000
2014,19107107019,SECRETARY OF STATE,,BRAD ANDERSON,DEMOCRATIC PARTY,63.000000
2014,19107107019,SECRETARY OF STATE,,JAKE PORTER,LIBERTARIAN PARTY,2.000000
2014,19107107019,SECRETARY OF STATE,,PAUL D PATE,REPUBLICAN PARTY,93.000000
2014,19107107019,SECRETARY OF STATE,,SPENCER HIGHLAND,NEW INDEPENDENT PARTY IOWA,3.000000
2014,19107107019,SECRETARY OF STATE,,WRITE IN,,0.000000
2014,19107107019,TREASURER OF STATE,,KEITH A LAUBE,LIBERTARIAN PARTY,4.000000
2014,19107107019,TREASURER OF STATE,,MICHAEL L FITZGERALD,DEMOCRATIC PARTY,74.000000
2014,19107107019,TREASURER OF STATE,,SAM CLOVIS,REPUBLICAN PARTY,77.000000
2014,19107107019,TREASURER OF STATE,,WRITE IN,,0.000000
2014,19107107019,U S SENATE,,BOB QUAST,BOB QUAST FOR TERM LIMITS,0.000000
2014,19107107019,U S SENATE,,BRUCE BRALEY,DEMOCRATIC PARTY,57.000000
2014,19107107019,U S SENATE,,DOUGLAS BUTZIER,LIBERTARIAN PARTY,1.000000
2014,19107107019,U S SENATE,,JONI ERNST,REPUBLICAN PARTY,107.000000
2014,19107107019,U S SENATE,,RICK STEWART,INDEPENDENT,4.000000
2014,19107107019,U S SENATE,,RUTH SMITH,,1.000000
2014,19107107019,U S SENATE,,WRITE IN,,0.000000
2014,19121121010,ATTORNEY GENERAL,,ADAM GREGG,REPUBLICAN PARTY,848.000000
2014,19121121010,ATTORNEY GENERAL,,TOM MILLER,DEMOCRATIC PARTY,1117.000000
2014,19121121010,ATTORNEY GENERAL,,WRITE IN,,0.000000
2014,19121121010,AUDITOR OF STATE,,JONATHAN NEIDERBACH,DEMOCRATIC PARTY,705.000000
2014,19121121010,AUDITOR OF STATE,,MARY MOSIMAN,REPUBLICAN PARTY,1171.000000
2014,19121121010,AUDITOR OF STATE,,WRITE IN,,3.000000
2014,19121121010,GOVERNOR,,JACK HATCH MONICA VERNON,DEMOCRATIC PARTY,663.000000
2014,19121121010,GOVERNOR,,JIM HENNAGER MARY MARGARET KRIEG,NEW INDEPENDENT PARTY IOWA,19.000000
2014,19121121010,GOVERNOR,,JONATHAN R NARCISSE MICHAEL L RICHARDS,IOWA PARTY,13.000000
2014,19121121010,GOVERNOR,,LEE DEAKINS HIEB TIM WATSON,LIBERTARIAN PARTY,54.000000
2014,19121121010,GOVERNOR,,TERRY E BRANSTAD KIM REYNOLDS,REPUBLICAN PARTY,1241.000000
2014,19121121010,GOVERNOR,,WRITE IN,,1.000000
2014,19121121010,SECRETARY OF AGRICULTURE,,BILL NORTHEY,REPUBLICAN PARTY,1336.000000
2014,19121121010,SECRETARY OF AGRICULTURE,,LEVI BENNING,NEW INDEPENDENT PARTY IOWA,45.000000
2014,19121121010,SECRETARY OF AGRICULTURE,,SHERRIE TAHA,DEMOCRATIC PARTY,542.000000
2014,19121121010,SECRETARY OF AGRICULTURE,,WRITE IN,,0.000000
2014,19121121010,SECRETARY OF STATE,,BRAD ANDERSON,DEMOCRATIC PARTY,874.000000
2014,19121121010,SECRETARY OF STATE,,JAKE PORTER,LIBERTARIAN PARTY,73.000000
2014,19121121010,SECRETARY OF STATE,,PAUL D PATE,REPUBLICAN PARTY,958.000000
2014,19121121010,SECRETARY OF STATE,,SPENCER HIGHLAND,NEW INDEPENDENT PARTY IOWA,29.000000
2014,19121121010,SECRETARY OF STATE,,WRITE IN,,0.000000
2014,19121121010,TREASURER OF STATE,,KEITH A LAUBE,LIBERTARIAN PARTY,56.000000
2014,19121121010,TREASURER OF STATE,,MICHAEL L FITZGERALD,DEMOCRATIC PARTY,1011.000000
2014,19121121010,TREASURER OF STATE,,SAM CLOVIS,REPUBLICAN PARTY,869.000000
2014,19121121010,TREASURER OF STATE,,WRITE IN,,0.000000
2014,19121121010,U S SENATE,,BOB QUAST,BOB QUAST FOR TERM LIMITS,6.000000
2014,19121121010,U S SENATE,,BRUCE BRALEY,DEMOCRATIC PARTY,777.000000
2014,19121121010,U S SENATE,,DOUGLAS BUTZIER,LIBERTARIAN PARTY,34.000000
2014,19121121010,U S SENATE,,JONI ERNST,REPUBLICAN PARTY,1105.000000
2014,19121121010,U S SENATE,,RICK STEWART,INDEPENDENT,51.000000
2014,19121121010,U S SENATE,,RUTH SMITH,,18.000000
2014,19121121010,U S SENATE,,WRITE IN,,0.000000
2014,19121121015,ATTORNEY GENERAL,,ADAM GREGG,REPUBLICAN PARTY,292.000000
2014,19121121015,ATTORNEY GENERAL,,TOM MILLER,DEMOCRATIC PARTY,337.000000
2014,19121121015,ATTORNEY GENERAL,,WRITE IN,,0.000000
2014,19121121015,AUDITOR OF STATE,,JONATHAN NEIDERBACH,DEMOCRATIC PARTY,232.000000
2014,19121121015,AUDITOR OF STATE,,MARY MOSIMAN,REPUBLICAN PARTY,378.000000
2014,19121121015,AUDITOR OF STATE,,WRITE IN,,0.000000
2014,19121121015,GOVERNOR,,JACK HATCH MONICA VERNON,DEMOCRATIC PARTY,208.000000
2014,19121121015,GOVERNOR,,JIM HENNAGER MARY MARGARET KRIEG,NEW INDEPENDENT PARTY IOWA,7.000000
2014,19121121015,GOVERNOR,,JONATHAN R NARCISSE MICHAEL L RICHARDS,IOWA PARTY,5.000000
2014,19121121015,GOVERNOR,,LEE DEAKINS HIEB TIM WATSON,LIBERTARIAN PARTY,19.000000
2014,19121121015,GOVERNOR,,TERRY E BRANSTAD KIM REYNOLDS,REPUBLICAN PARTY,399.000000
2014,19121121015,GOVERNOR,,WRITE IN,,1.000000
2014,19121121015,SECRETARY OF AGRICULTURE,,BILL NORTHEY,REPUBLICAN PARTY,435.000000
2014,19121121015,SECRETARY OF AGRICULTURE,,LEVI BENNING,NEW INDEPENDENT PARTY IOWA,27.000000
2014,19121121015,SECRETARY OF AGRICULTURE,,SHERRIE TAHA,DEMOCRATIC PARTY,164.000000
2014,19121121015,SECRETARY OF AGRICULTURE,,WRITE IN,,0.000000
2014,19121121015,SECRETARY OF STATE,,BRAD ANDERSON,DEMOCRATIC PARTY,257.000000
2014,19121121015,SECRETARY OF STATE,,JAKE PORTER,LIBERTARIAN PARTY,28.000000
2014,19121121015,SECRETARY OF STATE,,PAUL D PATE,REPUBLICAN PARTY,331.000000
2014,19121121015,SECRETARY OF STATE,,SPENCER HIGHLAND,NEW INDEPENDENT PARTY IOWA,9.000000
2014,19121121015,SECRETARY OF STATE,,WRITE IN,,0.000000
2014,19121121015,TREASURER OF STATE,,KEITH A LAUBE,LIBERTARIAN PARTY,25.000000
2014,19121121015,TREASURER OF STATE,,MICHAEL L FITZGERALD,DEMOCRATIC PARTY,305.000000
2014,19121121015,TREASURER OF STATE,,SAM CLOVIS,REPUBLICAN PARTY,299.000000
2014,19121121015,TREASURER OF STATE,,WRITE IN,,0.000000
2014,19121121015,U S SENATE,,BOB QUAST,BOB QUAST FOR TERM LIMITS,2.000000
2014,19121121015,U S SENATE,,BRUCE BRALEY,DEMOCRATIC PARTY,241.000000
2014,19121121015,U S SENATE,,DOUGLAS BUTZIER,LIBERTARIAN PARTY,9.000000
2014,19121121015,U S SENATE,,JONI ERNST,REPUBLICAN PARTY,367.000000
2014,19121121015,U S SENATE,,RICK STEWART,INDEPENDENT,11.000000
2014,19121121015,U S SENATE,,RUTH SMITH,,5.000000
2014,19121121015,U S SENATE,,WRITE IN,,0.000000
2014,19125125007,ATTORNEY GENERAL,,ADAM GREGG,REPUBLICAN PARTY,1485.000000
2014,19125125007,ATTORNEY GENERAL,,TOM MILLER,DEMOCRATIC PARTY,2356.000000
2014,19125125007,ATTORNEY GENERAL,,WRITE IN,,3.000000
2014,19125125007,AUDITOR OF STATE,,JONATHAN NEIDERBACH,DEMOCRATIC PARTY,1783.000000
2014,19125125007,AUDITOR OF STATE,,MARY MOSIMAN,REPUBLICAN PARTY,1930.000000
2014,19125125007,AUDITOR OF STATE,,WRITE IN,,4.000000
2014,19125125007,GOVERNOR,,JACK HATCH MONICA VERNON,DEMOCRATIC PARTY,1567.000000
2014,19125125007,GOVERNOR,,JIM HENNAGER MARY MARGARET KRIEG,NEW INDEPENDENT PARTY IOWA,37.000000
2014,19125125007,GOVERNOR,,JONATHAN R NARCISSE MICHAEL L RICHARDS,IOWA PARTY,66.000000
2014,19125125007,GOVERNOR,,LEE DEAKINS HIEB TIM WATSON,LIBERTARIAN PARTY,89.000000
2014,19125125007,GOVERNOR,,TERRY E BRANSTAD KIM REYNOLDS,REPUBLICAN PARTY,2134.000000
2014,19125125007,GOVERNOR,,WRITE IN,,5.000000
2014,19125125007,SECRETARY OF AGRICULTURE,,BILL NORTHEY,REPUBLICAN PARTY,2300.000000
2014,19125125007,SECRETARY OF AGRICULTURE,,LEVI BENNING,NEW INDEPENDENT PARTY IOWA,158.000000
2014,19125125007,SECRETARY OF AGRICULTURE,,SHERRIE TAHA,DEMOCRATIC PARTY,1333.000000
2014,19125125007,SECRETARY OF AGRICULTURE,,WRITE IN,,2.000000
2014,19125125007,SECRETARY OF STATE,,BRAD ANDERSON,DEMOCRATIC PARTY,1897.000000
2014,19125125007,SECRETARY OF STATE,,JAKE PORTER,LIBERTARIAN PARTY,131.000000
2014,19125125007,SECRETARY OF STATE,,PAUL D PATE,REPUBLICAN PARTY,1673.000000
2014,19125125007,SECRETARY OF STATE,,SPENCER HIGHLAND,NEW INDEPENDENT PARTY IOWA,76.000000
2014,19125125007,SECRETARY OF STATE,,WRITE IN,,2.000000
2014,19125125007,TREASURER OF STATE,,KEITH A LAUBE,LIBERTARIAN PARTY,138.000000
2014,19125125007,TREASURER OF STATE,,MICHAEL L FITZGERALD,DEMOCRATIC PARTY,2088.000000
2014,19125125007,TREASURER OF STATE,,SAM CLOVIS,REPUBLICAN PARTY,1579.000000
2014,19125125007,TREASURER OF STATE,,WRITE IN,,2.000000
2014,19125125007,U S SENATE,,BOB QUAST,BOB QUAST FOR TERM LIMITS,26.000000
2014,19125125007,U S SENATE,,BRUCE BRALEY,DEMOCRATIC PARTY,1732.000000
2014,19125125007,U S SENATE,,DOUGLAS BUTZIER,LIBERTARIAN PARTY,23.000000
2014,19125125007,U S SENATE,,JONI ERNST,REPUBLICAN PARTY,1935.000000
2014,19125125007,U S SENATE,,RICK STEWART,INDEPENDENT,144.000000
2014,19125125007,U S SENATE,,RUTH SMITH,,30.000000
2014,19125125007,U S SENATE,,WRITE IN,,4.000000
2014,19125125011,ATTORNEY GENERAL,,ADAM GREGG,REPUBLICAN PARTY,194.000000
2014,19125125011,ATTORNEY GENERAL,,TOM MILLER,DEMOCRATIC PARTY,388.000000
2014,19125125011,ATTORNEY GENERAL,,WRITE IN,,2.000000
2014,19125125011,AUDITOR OF STATE,,JONATHAN NEIDERBACH,DEMOCRATIC PARTY,318.000000
2014,19125125011,AUDITOR OF STATE,,MARY MOSIMAN,REPUBLICAN PARTY,243.000000
2014,19125125011,AUDITOR OF STATE,,WRITE IN,,1.000000
2014,19125125011,GOVERNOR,,JACK HATCH MONICA VERNON,DEMOCRATIC PARTY,290.000000
2014,19125125011,GOVERNOR,,JIM HENNAGER MARY MARGARET KRIEG,NEW INDEPENDENT PARTY IOWA,11.000000
2014,19125125011,GOVERNOR,,JONATHAN R NARCISSE MICHAEL L RICHARDS,IOWA PARTY,11.000000
2014,19125125011,GOVERNOR,,LEE DEAKINS HIEB TIM WATSON,LIBERTARIAN PARTY,10.000000
2014,19125125011,GOVERNOR,,TERRY E BRANSTAD KIM REYNOLDS,REPUBLICAN PARTY,269.000000
2014,19125125011,GOVERNOR,,WRITE IN,,1.000000
2014,19125125011,SECRETARY OF AGRICULTURE,,BILL NORTHEY,REPUBLICAN PARTY,296.000000
2014,19125125011,SECRETARY OF AGRICULTURE,,LEVI BENNING,NEW INDEPENDENT PARTY IOWA,19.000000
2014,19125125011,SECRETARY OF AGRICULTURE,,SHERRIE TAHA,DEMOCRATIC PARTY,259.000000
2014,19125125011,SECRETARY OF AGRICULTURE,,WRITE IN,,1.000000
2014,19125125011,SECRETARY OF STATE,,BRAD ANDERSON,DEMOCRATIC PARTY,331.000000
2014,19125125011,SECRETARY OF STATE,,JAKE PORTER,LIBERTARIAN PARTY,16.000000
2014,19125125011,SECRETARY OF STATE,,PAUL D PATE,REPUBLICAN PARTY,209.000000
2014,19125125011,SECRETARY OF STATE,,SPENCER HIGHLAND,NEW INDEPENDENT PARTY IOWA,13.000000
2014,19125125011,SECRETARY OF STATE,,WRITE IN,,1.000000
2014,19125125011,TREASURER OF STATE,,KEITH A LAUBE,LIBERTARIAN PARTY,19.000000
2014,19125125011,TREASURER OF STATE,,MICHAEL L FITZGERALD,DEMOCRATIC PARTY,342.000000
2014,19125125011,TREASURER OF STATE,,SAM CLOVIS,REPUBLICAN PARTY,217.000000
2014,19125125011,TREASURER OF STATE,,WRITE IN,,1.000000
2014,19125125011,U S SENATE,,BOB QUAST,BOB QUAST FOR TERM LIMITS,1.000000
2014,19125125011,U S SENATE,,BRUCE BRALEY,DEMOCRATIC PARTY,295.000000
2014,19125125011,U S SENATE,,DOUGLAS BUTZIER,LIBERTARIAN PARTY,4.000000
2014,19125125011,U S SENATE,,JONI ERNST,REPUBLICAN PARTY,276.000000
2014,19125125011,U S SENATE,,RICK STEWART,INDEPENDENT,14.000000
2014,19125125011,U S SENATE,,RUTH SMITH,,2.000000
2014,19125125011,U S SENATE,,WRITE IN,,2.000000
2014,19125125012,ATTORNEY GENERAL,,ADAM GREGG,REPUBLICAN PARTY,97.000000
2014,19125125012,ATTORNEY GENERAL,,TOM MILLER,DEMOCRATIC PARTY,115.000000
2014,19125125012,ATTORNEY GENERAL,,WRITE IN,,0.000000
2014,19125125012,AUDITOR OF STATE,,JONATHAN NEIDERBACH,DEMOCRATIC PARTY,79.000000
2014,19125125012,AUDITOR OF STATE,,MARY MOSIMAN,REPUBLICAN PARTY,129.000000
2014,19125125012,AUDITOR OF STATE,,WRITE IN,,0.000000
2014,19125125012,GOVERNOR,,JACK HATCH MONICA VERNON,DEMOCRATIC PARTY,75.000000
2014,19125125012,GOVERNOR,,JIM HENNAGER MARY MARGARET KRIEG,NEW INDEPENDENT PARTY IOWA,5.000000
2014,19125125012,GOVERNOR,,JONATHAN R NARCISSE MICHAEL L RICHARDS,IOWA PARTY,4.000000
2014,19125125012,GOVERNOR,,LEE DEAKINS HIEB TIM WATSON,LIBERTARIAN PARTY,8.000000
2014,19125125012,GOVERNOR,,TERRY E BRANSTAD KIM REYNOLDS,REPUBLICAN PARTY,124.000000
2014,19125125012,GOVERNOR,,WRITE IN,,1.000000
2014,19125125012,SECRETARY OF AGRICULTURE,,BILL NORTHEY,REPUBLICAN PARTY,150.000000
2014,19125125012,SECRETARY OF AGRICULTURE,,LEVI BENNING,NEW INDEPENDENT PARTY IOWA,2.000000
2014,19125125012,SECRETARY OF AGRICULTURE,,SHERRIE TAHA,DEMOCRATIC PARTY,61.000000
2014,19125125012,SECRETARY OF AGRICULTURE,,WRITE IN,,0.000000
2014,19125125012,SECRETARY OF STATE,,BRAD ANDERSON,DEMOCRATIC PARTY,97.000000
2014,19125125012,SECRETARY OF STATE,,JAKE PORTER,LIBERTARIAN PARTY,8.000000
2014,19125125012,SECRETARY OF STATE,,PAUL D PATE,REPUBLICAN PARTY,106.000000
2014,19125125012,SECRETARY OF STATE,,SPENCER HIGHLAND,NEW INDEPENDENT PARTY IOWA,0.000000
2014,19125125012,SECRETARY OF STATE,,WRITE IN,,0.000000
2014,19125125012,TREASURER OF STATE,,KEITH A LAUBE,LIBERTARIAN PARTY,4.000000
2014,19125125012,TREASURER OF STATE,,MICHAEL L FITZGERALD,DEMOCRATIC PARTY,107.000000
2014,19125125012,TREASURER OF STATE,,SAM CLOVIS,REPUBLICAN PARTY,103.000000
2014,19125125012,TREASURER OF STATE,,WRITE IN,,0.000000
2014,19125125012,U S SENATE,,BOB QUAST,BOB QUAST FOR TERM LIMITS,2.000000
2014,19125125012,U S SENATE,,BRUCE BRALEY,DEMOCRATIC PARTY,86.000000
2014,19125125012,U S SENATE,,DOUGLAS BUTZIER,LIBERTARIAN PARTY,2.000000
2014,19125125012,U S SENATE,,JONI ERNST,REPUBLICAN PARTY,120.000000
2014,19125125012,U S SENATE,,RICK STEWART,INDEPENDENT,7.000000
2014,19125125012,U S SENATE,,RUTH SMITH,,1.000000
2014,19125125012,U S SENATE,,WRITE IN,,0.000000
2014,19125125013,ATTORNEY GENERAL,,ADAM GREGG,REPUBLICAN PARTY,123.000000
2014,19125125013,ATTORNEY GENERAL,,TOM MILLER,DEMOCRATIC PARTY,160.000000
2014,19125125013,ATTORNEY GENERAL,,WRITE IN,,0.000000
2014,19125125013,AUDITOR OF STATE,,JONATHAN NEIDERBACH,DEMOCRATIC PARTY,132.000000
2014,19125125013,AUDITOR OF STATE,,MARY MOSIMAN,REPUBLICAN PARTY,141.000000
2014,19125125013,AUDITOR OF STATE,,WRITE IN,,0.000000
2014,19125125013,GOVERNOR,,JACK HATCH MONICA VERNON,DEMOCRATIC PARTY,118.000000
2014,19125125013,GOVERNOR,,JIM HENNAGER MARY MARGARET KRIEG,NEW INDEPENDENT PARTY IOWA,3.000000
2014,19125125013,GOVERNOR,,JONATHAN R NARCISSE MICHAEL L RICHARDS,IOWA PARTY,2.000000
2014,19125125013,GOVERNOR,,LEE DEAKINS HIEB TIM WATSON,LIBERTARIAN PARTY,4.000000
2014,19125125013,GOVERNOR,,TERRY E BRANSTAD KIM REYNOLDS,REPUBLICAN PARTY,164.000000
2014,19125125013,GOVERNOR,,WRITE IN,,0.000000
2014,19125125013,SECRETARY OF AGRICULTURE,,BILL NORTHEY,REPUBLICAN PARTY,174.000000
2014,19125125013,SECRETARY OF AGRICULTURE,,LEVI BENNING,NEW INDEPENDENT PARTY IOWA,4.000000
2014,19125125013,SECRETARY OF AGRICULTURE,,SHERRIE TAHA,DEMOCRATIC PARTY,101.000000
2014,19125125013,SECRETARY OF AGRICULTURE,,WRITE IN,,0.000000
2014,19125125013,SECRETARY OF STATE,,BRAD ANDERSON,DEMOCRATIC PARTY,130.000000
2014,19125125013,SECRETARY OF STATE,,JAKE PORTER,LIBERTARIAN PARTY,12.000000
2014,19125125013,SECRETARY OF STATE,,PAUL D PATE,REPUBLICAN PARTY,133.000000
2014,19125125013,SECRETARY OF STATE,,SPENCER HIGHLAND,NEW INDEPENDENT PARTY IOWA,4.000000
2014,19125125013,SECRETARY OF STATE,,WRITE IN,,0.000000
2014,19125125013,TREASURER OF STATE,,KEITH A LAUBE,LIBERTARIAN PARTY,10.000000
2014,19125125013,TREASURER OF STATE,,MICHAEL L FITZGERALD,DEMOCRATIC PARTY,153.000000
2014,19125125013,TREASURER OF STATE,,SAM CLOVIS,REPUBLICAN PARTY,120.000000
2014,19125125013,TREASURER OF STATE,,WRITE IN,,0.000000
2014,19125125013,U S SENATE,,BOB QUAST,BOB QUAST FOR TERM LIMITS,1.000000
2014,19125125013,U S SENATE,,BRUCE BRALEY,DEMOCRATIC PARTY,123.000000
2014,19125125013,U S SENATE,,DOUGLAS BUTZIER,LIBERTARIAN PARTY,1.000000
2014,19125125013,U S SENATE,,JONI ERNST,REPUBLICAN PARTY,156.000000
2014,19125125013,U S SENATE,,RICK STEWART,INDEPENDENT,9.000000
2014,19125125013,U S SENATE,,RUTH SMITH,,1.000000
2014,19125125013,U S SENATE,,WRITE IN,,0.000000
2014,19125125014,ATTORNEY GENERAL,,ADAM GREGG,REPUBLICAN PARTY,133.000000
2014,19125125014,ATTORNEY GENERAL,,TOM MILLER,DEMOCRATIC PARTY,176.000000
2014,19125125014,ATTORNEY GENERAL,,WRITE IN,,0.000000
2014,19125125014,AUDITOR OF STATE,,JONATHAN NEIDERBACH,DEMOCRATIC PARTY,120.000000
2014,19125125014,AUDITOR OF STATE,,MARY MOSIMAN,REPUBLICAN PARTY,176.000000
2014,19125125014,AUDITOR OF STATE,,WRITE IN,,0.000000
2014,19125125014,GOVERNOR,,JACK HATCH MONICA VERNON,DEMOCRATIC PARTY,118.000000
2014,19125125014,GOVERNOR,,JIM HENNAGER MARY MARGARET KRIEG,NEW INDEPENDENT PARTY IOWA,4.000000
2014,19125125014,GOVERNOR,,JONATHAN R NARCISSE MICHAEL L RICHARDS,IOWA PARTY,1.000000
2014,19125125014,GOVERNOR,,LEE DEAKINS HIEB TIM WATSON,LIBERTARIAN PARTY,3.000000
2014,19125125014,GOVERNOR,,TERRY E BRANSTAD KIM REYNOLDS,REPUBLICAN PARTY,185.000000
2014,19125125014,GOVERNOR,,WRITE IN,,1.000000
2014,19125125014,SECRETARY OF AGRICULTURE,,BILL NORTHEY,REPUBLICAN PARTY,197.000000
2014,19125125014,SECRETARY OF AGRICULTURE,,LEVI BENNING,NEW INDEPENDENT PARTY IOWA,4.000000
2014,19125125014,SECRETARY OF AGRICULTURE,,SHERRIE TAHA,DEMOCRATIC PARTY,99.000000
2014,19125125014,SECRETARY OF AGRICULTURE,,WRITE IN,,0.000000
2014,19125125014,SECRETARY OF STATE,,BRAD ANDERSON,DEMOCRATIC PARTY,144.000000
2014,19125125014,SECRETARY OF STATE,,JAKE PORTER,LIBERTARIAN PARTY,6.000000
2014,19125125014,SECRETARY OF STATE,,PAUL D PATE,REPUBLICAN PARTY,147.000000
2014,19125125014,SECRETARY OF STATE,,SPENCER HIGHLAND,NEW INDEPENDENT PARTY IOWA,7.000000
2014,19125125014,SECRETARY OF STATE,,WRITE IN,,1.000000
2014,19125125014,TREASURER OF STATE,,KEITH A LAUBE,LIBERTARIAN PARTY,7.000000
2014,19125125014,TREASURER OF STATE,,MICHAEL L FITZGERALD,DEMOCRATIC PARTY,157.000000
2014,19125125014,TREASURER OF STATE,,SAM CLOVIS,REPUBLICAN PARTY,137.000000
2014,19125125014,TREASURER OF STATE,,WRITE IN,,0.000000
2014,19125125014,U S SENATE,,BOB QUAST,BOB QUAST FOR TERM LIMITS,2.000000
2014,19125125014,U S SENATE,,BRUCE BRALEY,DEMOCRATIC PARTY,120.000000
2014,19125125014,U S SENATE,,DOUGLAS BUTZIER,LIBERTARIAN PARTY,0.000000
2014,19125125014,U S SENATE,,JONI ERNST,REPUBLICAN PARTY,177.000000
2014,19125125014,U S SENATE,,RICK STEWART,INDEPENDENT,11.000000
2014,19125125014,U S SENATE,,RUTH SMITH,,2.000000
2014,19125125014,U S SENATE,,WRITE IN,,0.000000
2014,19127127011,ATTORNEY GENERAL,,ADAM GREGG,REPUBLICAN PARTY,351.000000
2014,19127127011,ATTORNEY GENERAL,,TOM MILLER,DEMOCRATIC PARTY,421.000000
2014,19127127011,ATTORNEY GENERAL,,WRITE IN,,0.000000
2014,19127127011,AUDITOR OF STATE,,JONATHAN NEIDERBACH,DEMOCRATIC PARTY,269.000000
2014,19127127011,AUDITOR OF STATE,,MARY MOSIMAN,REPUBLICAN PARTY,482.000000
2014,19127127011,AUDITOR OF STATE,,WRITE IN,,0.000000
2014,19127127011,GOVERNOR,,JACK HATCH MONICA VERNON,DEMOCRATIC PARTY,283.000000
2014,19127127011,GOVERNOR,,JIM HENNAGER MARY MARGARET KRIEG,NEW INDEPENDENT PARTY IOWA,9.000000
2014,19127127011,GOVERNOR,,JONATHAN R NARCISSE MICHAEL L RICHARDS,IOWA PARTY,13.000000
2014,19127127011,GOVERNOR,,LEE DEAKINS HIEB TIM WATSON,LIBERTARIAN PARTY,26.000000
2014,19127127011,GOVERNOR,,TERRY E BRANSTAD KIM REYNOLDS,REPUBLICAN PARTY,456.000000
2014,19127127011,GOVERNOR,,WRITE IN,,0.000000
2014,19127127011,SECRETARY OF AGRICULTURE,,BILL NORTHEY,REPUBLICAN PARTY,528.000000
2014,19127127011,SECRETARY OF AGRICULTURE,,LEVI BENNING,NEW INDEPENDENT PARTY IOWA,25.000000
2014,19127127011,SECRETARY OF AGRICULTURE,,SHERRIE TAHA,DEMOCRATIC PARTY,214.000000
2014,19127127011,SECRETARY OF AGRICULTURE,,WRITE IN,,0.000000
2014,19127127011,SECRETARY OF STATE,,BRAD ANDERSON,DEMOCRATIC PARTY,328.000000
2014,19127127011,SECRETARY OF STATE,,JAKE PORTER,LIBERTARIAN PARTY,35.000000
2014,19127127011,SECRETARY OF STATE,,PAUL D PATE,REPUBLICAN PARTY,394.000000
2014,19127127011,SECRETARY OF STATE,,SPENCER HIGHLAND,NEW INDEPENDENT PARTY IOWA,8.000000
2014,19127127011,SECRETARY OF STATE,,WRITE IN,,0.000000
2014,19127127011,TREASURER OF STATE,,KEITH A LAUBE,LIBERTARIAN PARTY,26.000000
2014,19127127011,TREASURER OF STATE,,MICHAEL L FITZGERALD,DEMOCRATIC PARTY,403.000000
2014,19127127011,TREASURER OF STATE,,SAM CLOVIS,REPUBLICAN PARTY,342.000000
2014,19127127011,TREASURER OF STATE,,WRITE IN,,0.000000
2014,19127127011,U S SENATE,,BOB QUAST,BOB QUAST FOR TERM LIMITS,5.000000
2014,19127127011,U S SENATE,,BRUCE BRALEY,DEMOCRATIC PARTY,290.000000
2014,19127127011,U S SENATE,,DOUGLAS BUTZIER,LIBERTARIAN PARTY,8.000000
2014,19127127011,U S SENATE,,JONI ERNST,REPUBLICAN PARTY,450.000000
2014,19127127011,U S SENATE,,RICK STEWART,INDEPENDENT,30.000000
2014,19127127011,U S SENATE,,RUTH SMITH,,1.000000
2014,19127127011,U S SENATE,,WRITE IN,,4.000000
2014,19127127016,ATTORNEY GENERAL,,ADAM GREGG,REPUBLICAN PARTY,181.000000
2014,19127127016,ATTORNEY GENERAL,,TOM MILLER,DEMOCRATIC PARTY,222.000000
2014,19127127016,ATTORNEY GENERAL,,WRITE IN,,0.000000
2014,19127127016,AUDITOR OF STATE,,JONATHAN NEIDERBACH,DEMOCRATIC PARTY,160.000000
2014,19127127016,AUDITOR OF STATE,,MARY MOSIMAN,REPUBLICAN PARTY,221.000000
2014,19127127016,AUDITOR OF STATE,,WRITE IN,,0.000000
2014,19127127016,GOVERNOR,,JACK HATCH MONICA VERNON,DEMOCRATIC PARTY,160.000000
2014,19127127016,GOVERNOR,,JIM HENNAGER MARY MARGARET KRIEG,NEW INDEPENDENT PARTY IOWA,5.000000
2014,19127127016,GOVERNOR,,JONATHAN R NARCISSE MICHAEL L RICHARDS,IOWA PARTY,4.000000
2014,19127127016,GOVERNOR,,LEE DEAKINS HIEB TIM WATSON,LIBERTARIAN PARTY,9.000000
2014,19127127016,GOVERNOR,,TERRY E BRANSTAD KIM REYNOLDS,REPUBLICAN PARTY,229.000000
2014,19127127016,GOVERNOR,,WRITE IN,,0.000000
2014,19127127016,SECRETARY OF AGRICULTURE,,BILL NORTHEY,REPUBLICAN PARTY,252.000000
2014,19127127016,SECRETARY OF AGRICULTURE,,LEVI BENNING,NEW INDEPENDENT PARTY IOWA,11.000000
2014,19127127016,SECRETARY OF AGRICULTURE,,SHERRIE TAHA,DEMOCRATIC PARTY,128.000000
2014,19127127016,SECRETARY OF AGRICULTURE,,WRITE IN,,0.000000
2014,19127127016,SECRETARY OF STATE,,BRAD ANDERSON,DEMOCRATIC PARTY,180.000000
2014,19127127016,SECRETARY OF STATE,,JAKE PORTER,LIBERTARIAN PARTY,13.000000
2014,19127127016,SECRETARY OF STATE,,PAUL D PATE,REPUBLICAN PARTY,205.000000
2014,19127127016,SECRETARY OF STATE,,SPENCER HIGHLAND,NEW INDEPENDENT PARTY IOWA,3.000000
2014,19127127016,SECRETARY OF STATE,,WRITE IN,,0.000000
2014,19127127016,TREASURER OF STATE,,KEITH A LAUBE,LIBERTARIAN PARTY,9.000000
2014,19127127016,TREASURER OF STATE,,MICHAEL L FITZGERALD,DEMOCRATIC PARTY,206.000000
2014,19127127016,TREASURER OF STATE,,SAM CLOVIS,REPUBLICAN PARTY,186.000000
2014,19127127016,TREASURER OF STATE,,WRITE IN,,1.000000
2014,19127127016,U S SENATE,,BOB QUAST,BOB QUAST FOR TERM LIMITS,1.000000
2014,19127127016,U S SENATE,,BRUCE BRALEY,DEMOCRATIC PARTY,158.000000
2014,19127127016,U S SENATE,,DOUGLAS BUTZIER,LIBERTARIAN PARTY,5.000000
2014,19127127016,U S SENATE,,JONI ERNST,REPUBLICAN PARTY,226.000000
2014,19127127016,U S SENATE,,RICK STEWART,INDEPENDENT,15.000000
2014,19127127016,U S SENATE,,RUTH SMITH,,1.000000
2014,19127127016,U S SENATE,,WRITE IN,,0.000000
2014,19127127017,ATTORNEY GENERAL,,ADAM GREGG,REPUBLICAN PARTY,141.000000
2014,19127127017,ATTORNEY GENERAL,,TOM MILLER,DEMOCRATIC PARTY,200.000000
2014,19127127017,ATTORNEY GENERAL,,WRITE IN,,0.000000
2014,19127127017,AUDITOR OF STATE,,JONATHAN NEIDERBACH,DEMOCRATIC PARTY,140.000000
2014,19127127017,AUDITOR OF STATE,,MARY MOSIMAN,REPUBLICAN PARTY,191.000000
2014,19127127017,AUDITOR OF STATE,,WRITE IN,,0.000000
2014,19127127017,GOVERNOR,,JACK HATCH MONICA VERNON,DEMOCRATIC PARTY,148.000000
2014,19127127017,GOVERNOR,,JIM HENNAGER MARY MARGARET KRIEG,NEW INDEPENDENT PARTY IOWA,2.000000
2014,19127127017,GOVERNOR,,JONATHAN R NARCISSE MICHAEL L RICHARDS,IOWA PARTY,5.000000
2014,19127127017,GOVERNOR,,LEE DEAKINS HIEB TIM WATSON,LIBERTARIAN PARTY,9.000000
2014,19127127017,GOVERNOR,,TERRY E BRANSTAD KIM REYNOLDS,REPUBLICAN PARTY,186.000000
2014,19127127017,GOVERNOR,,WRITE IN,,0.000000
2014,19127127017,SECRETARY OF AGRICULTURE,,BILL NORTHEY,REPUBLICAN PARTY,219.000000
2014,19127127017,SECRETARY OF AGRICULTURE,,LEVI BENNING,NEW INDEPENDENT PARTY IOWA,7.000000
2014,19127127017,SECRETARY OF AGRICULTURE,,SHERRIE TAHA,DEMOCRATIC PARTY,118.000000
2014,19127127017,SECRETARY OF AGRICULTURE,,WRITE IN,,0.000000
2014,19127127017,SECRETARY OF STATE,,BRAD ANDERSON,DEMOCRATIC PARTY,166.000000
2014,19127127017,SECRETARY OF STATE,,JAKE PORTER,LIBERTARIAN PARTY,8.000000
2014,19127127017,SECRETARY OF STATE,,PAUL D PATE,REPUBLICAN PARTY,166.000000
2014,19127127017,SECRETARY OF STATE,,SPENCER HIGHLAND,NEW INDEPENDENT PARTY IOWA,0.000000
2014,19127127017,SECRETARY OF STATE,,WRITE IN,,0.000000
2014,19127127017,TREASURER OF STATE,,KEITH A LAUBE,LIBERTARIAN PARTY,6.000000
2014,19127127017,TREASURER OF STATE,,MICHAEL L FITZGERALD,DEMOCRATIC PARTY,193.000000
2014,19127127017,TREASURER OF STATE,,SAM CLOVIS,REPUBLICAN PARTY,149.000000
2014,19127127017,TREASURER OF STATE,,WRITE IN,,0.000000
2014,19127127017,U S SENATE,,BOB QUAST,BOB QUAST FOR TERM LIMITS,1.000000
2014,19127127017,U S SENATE,,BRUCE BRALEY,DEMOCRATIC PARTY,146.000000
2014,19127127017,U S SENATE,,DOUGLAS BUTZIER,LIBERTARIAN PARTY,1.000000
2014,19127127017,U S SENATE,,JONI ERNST,REPUBLICAN PARTY,192.000000
2014,19127127017,U S SENATE,,RICK STEWART,INDEPENDENT,10.000000
2014,19127127017,U S SENATE,,RUTH SMITH,,0.000000
2014,19127127017,U S SENATE,,WRITE IN,,0.000000
2014,19127127021,ATTORNEY GENERAL,,ADAM GREGG,REPUBLICAN PARTY,58.000000
2014,19127127021,ATTORNEY GENERAL,,TOM MILLER,DEMOCRATIC PARTY,340.000000
2014,19127127021,ATTORNEY GENERAL,,WRITE IN,,0.000000
2014,19127127021,AUDITOR OF STATE,,JONATHAN NEIDERBACH,DEMOCRATIC PARTY,298.000000
2014,19127127021,AUDITOR OF STATE,,MARY MOSIMAN,REPUBLICAN PARTY,98.000000
2014,19127127021,AUDITOR OF STATE,,WRITE IN,,0.000000
2014,19127127021,GOVERNOR,,JACK HATCH MONICA VERNON,DEMOCRATIC PARTY,291.000000
2014,19127127021,GOVERNOR,,JIM HENNAGER MARY MARGARET KRIEG,NEW INDEPENDENT PARTY IOWA,5.000000
2014,19127127021,GOVERNOR,,JONATHAN R NARCISSE MICHAEL L RICHARDS,IOWA PARTY,2.000000
2014,19127127021,GOVERNOR,,LEE DEAKINS HIEB TIM WATSON,LIBERTARIAN PARTY,2.000000
2014,19127127021,GOVERNOR,,TERRY E BRANSTAD KIM REYNOLDS,REPUBLICAN PARTY,104.000000
2014,19127127021,GOVERNOR,,WRITE IN,,0.000000
2014,19127127021,SECRETARY OF AGRICULTURE,,BILL NORTHEY,REPUBLICAN PARTY,98.000000
2014,19127127021,SECRETARY OF AGRICULTURE,,LEVI BENNING,NEW INDEPENDENT PARTY IOWA,12.000000
2014,19127127021,SECRETARY OF AGRICULTURE,,SHERRIE TAHA,DEMOCRATIC PARTY,287.000000
2014,19127127021,SECRETARY OF AGRICULTURE,,WRITE IN,,0.000000
2014,19127127021,SECRETARY OF STATE,,BRAD ANDERSON,DEMOCRATIC PARTY,318.000000
2014,19127127021,SECRETARY OF STATE,,JAKE PORTER,LIBERTARIAN PARTY,8.000000
2014,19127127021,SECRETARY OF STATE,,PAUL D PATE,REPUBLICAN PARTY,68.000000
2014,19127127021,SECRETARY OF STATE,,SPENCER HIGHLAND,NEW INDEPENDENT PARTY IOWA,3.000000
2014,19127127021,SECRETARY OF STATE,,WRITE IN,,0.000000
2014,19127127021,TREASURER OF STATE,,KEITH A LAUBE,LIBERTARIAN PARTY,9.000000
2014,19127127021,TREASURER OF STATE,,MICHAEL L FITZGERALD,DEMOCRATIC PARTY,329.000000
2014,19127127021,TREASURER OF STATE,,SAM CLOVIS,REPUBLICAN PARTY,63.000000
2014,19127127021,TREASURER OF STATE,,WRITE IN,,0.000000
2014,19127127021,U S SENATE,,BOB QUAST,BOB QUAST FOR TERM LIMITS,2.000000
2014,19127127021,U S SENATE,,BRUCE BRALEY,DEMOCRATIC PARTY,304.000000
2014,19127127021,U S SENATE,,DOUGLAS BUTZIER,LIBERTARIAN PARTY,1.000000
2014,19127127021,U S SENATE,,JONI ERNST,REPUBLICAN PARTY,84.000000
2014,19127127021,U S SENATE,,RICK STEWART,INDEPENDENT,7.000000
2014,19127127021,U S SENATE,,RUTH SMITH,,3.000000
2014,19127127021,U S SENATE,,WRITE IN,,1.000000
2014,19127127022,ATTORNEY GENERAL,,ADAM GREGG,REPUBLICAN PARTY,157.000000
2014,19127127022,ATTORNEY GENERAL,,TOM MILLER,DEMOCRATIC PARTY,391.000000
2014,19127127022,ATTORNEY GENERAL,,WRITE IN,,1.000000
2014,19127127022,AUDITOR OF STATE,,JONATHAN NEIDERBACH,DEMOCRATIC PARTY,332.000000
2014,19127127022,AUDITOR OF STATE,,MARY MOSIMAN,REPUBLICAN PARTY,196.000000
2014,19127127022,AUDITOR OF STATE,,WRITE IN,,1.000000
2014,19127127022,GOVERNOR,,JACK HATCH MONICA VERNON,DEMOCRATIC PARTY,333.000000
2014,19127127022,GOVERNOR,,JIM HENNAGER MARY MARGARET KRIEG,NEW INDEPENDENT PARTY IOWA,3.000000
2014,19127127022,GOVERNOR,,JONATHAN R NARCISSE MICHAEL L RICHARDS,IOWA PARTY,11.000000
2014,19127127022,GOVERNOR,,LEE DEAKINS HIEB TIM WATSON,LIBERTARIAN PARTY,14.000000
2014,19127127022,GOVERNOR,,TERRY E BRANSTAD KIM REYNOLDS,REPUBLICAN PARTY,199.000000
2014,19127127022,GOVERNOR,,WRITE IN,,0.000000
2014,19127127022,SECRETARY OF AGRICULTURE,,BILL NORTHEY,REPUBLICAN PARTY,224.000000
2014,19127127022,SECRETARY OF AGRICULTURE,,LEVI BENNING,NEW INDEPENDENT PARTY IOWA,27.000000
2014,19127127022,SECRETARY OF AGRICULTURE,,SHERRIE TAHA,DEMOCRATIC PARTY,286.000000
2014,19127127022,SECRETARY OF AGRICULTURE,,WRITE IN,,0.000000
2014,19127127022,SECRETARY OF STATE,,BRAD ANDERSON,DEMOCRATIC PARTY,354.000000
2014,19127127022,SECRETARY OF STATE,,JAKE PORTER,LIBERTARIAN PARTY,17.000000
2014,19127127022,SECRETARY OF STATE,,PAUL D PATE,REPUBLICAN PARTY,161.000000
2014,19127127022,SECRETARY OF STATE,,SPENCER HIGHLAND,NEW INDEPENDENT PARTY IOWA,12.000000
2014,19127127022,SECRETARY OF STATE,,WRITE IN,,2.000000
2014,19127127022,TREASURER OF STATE,,KEITH A LAUBE,LIBERTARIAN PARTY,11.000000
2014,19127127022,TREASURER OF STATE,,MICHAEL L FITZGERALD,DEMOCRATIC PARTY,376.000000
2014,19127127022,TREASURER OF STATE,,SAM CLOVIS,REPUBLICAN PARTY,158.000000
2014,19127127022,TREASURER OF STATE,,WRITE IN,,0.000000
2014,19127127022,U S SENATE,,BOB QUAST,BOB QUAST FOR TERM LIMITS,3.000000
2014,19127127022,U S SENATE,,BRUCE BRALEY,DEMOCRATIC PARTY,335.000000
2014,19127127022,U S SENATE,,DOUGLAS BUTZIER,LIBERTARIAN PARTY,4.000000
2014,19127127022,U S SENATE,,JONI ERNST,REPUBLICAN PARTY,186.000000
2014,19127127022,U S SENATE,,RICK STEWART,INDEPENDENT,21.000000
2014,19127127022,U S SENATE,,RUTH SMITH,,6.000000
2014,19127127022,U S SENATE,,WRITE IN,,0.000000
2014,19127127023,ATTORNEY GENERAL,,ADAM GREGG,REPUBLICAN PARTY,344.000000
2014,19127127023,ATTORNEY GENERAL,,TOM MILLER,DEMOCRATIC PARTY,607.000000
2014,19127127023,ATTORNEY GENERAL,,WRITE IN,,0.000000
2014,19127127023,AUDITOR OF STATE,,JONATHAN NEIDERBACH,DEMOCRATIC PARTY,482.000000
2014,19127127023,AUDITOR OF STATE,,MARY MOSIMAN,REPUBLICAN PARTY,432.000000
2014,19127127023,AUDITOR OF STATE,,WRITE IN,,2.000000
2014,19127127023,GOVERNOR,,JACK HATCH MONICA VERNON,DEMOCRATIC PARTY,505.000000
2014,19127127023,GOVERNOR,,JIM HENNAGER MARY MARGARET KRIEG,NEW INDEPENDENT PARTY IOWA,11.000000
2014,19127127023,GOVERNOR,,JONATHAN R NARCISSE MICHAEL L RICHARDS,IOWA PARTY,13.000000
2014,19127127023,GOVERNOR,,LEE DEAKINS HIEB TIM WATSON,LIBERTARIAN PARTY,15.000000
2014,19127127023,GOVERNOR,,TERRY E BRANSTAD KIM REYNOLDS,REPUBLICAN PARTY,426.000000
2014,19127127023,GOVERNOR,,WRITE IN,,1.000000
2014,19127127023,SECRETARY OF AGRICULTURE,,BILL NORTHEY,REPUBLICAN PARTY,482.000000
2014,19127127023,SECRETARY OF AGRICULTURE,,LEVI BENNING,NEW INDEPENDENT PARTY IOWA,26.000000
2014,19127127023,SECRETARY OF AGRICULTURE,,SHERRIE TAHA,DEMOCRATIC PARTY,425.000000
2014,19127127023,SECRETARY OF AGRICULTURE,,WRITE IN,,1.000000
2014,19127127023,SECRETARY OF STATE,,BRAD ANDERSON,DEMOCRATIC PARTY,518.000000
2014,19127127023,SECRETARY OF STATE,,JAKE PORTER,LIBERTARIAN PARTY,25.000000
2014,19127127023,SECRETARY OF STATE,,PAUL D PATE,REPUBLICAN PARTY,391.000000
2014,19127127023,SECRETARY OF STATE,,SPENCER HIGHLAND,NEW INDEPENDENT PARTY IOWA,13.000000
2014,19127127023,SECRETARY OF STATE,,WRITE IN,,0.000000
2014,19127127023,TREASURER OF STATE,,KEITH A LAUBE,LIBERTARIAN PARTY,28.000000
2014,19127127023,TREASURER OF STATE,,MICHAEL L FITZGERALD,DEMOCRATIC PARTY,552.000000
2014,19127127023,TREASURER OF STATE,,SAM CLOVIS,REPUBLICAN PARTY,355.000000
2014,19127127023,TREASURER OF STATE,,WRITE IN,,0.000000
2014,19127127023,U S SENATE,,BOB QUAST,BOB QUAST FOR TERM LIMITS,6.000000
2014,19127127023,U S SENATE,,BRUCE BRALEY,DEMOCRATIC PARTY,511.000000
2014,19127127023,U S SENATE,,DOUGLAS BUTZIER,LIBERTARIAN PARTY,4.000000
2014,19127127023,U S SENATE,,JONI ERNST,REPUBLICAN PARTY,418.000000
2014,19127127023,U S SENATE,,RICK STEWART,INDEPENDENT,12.000000
2014,19127127023,U S SENATE,,RUTH SMITH,,9.000000
2014,19127127023,U S SENATE,,WRITE IN,,1.000000
2014,19127127024,ATTORNEY GENERAL,,ADAM GREGG,REPUBLICAN PARTY,552.000000
2014,19127127024,ATTORNEY GENERAL,,TOM MILLER,DEMOCRATIC PARTY,775.000000
2014,19127127024,ATTORNEY GENERAL,,WRITE IN,,1.000000
2014,19127127024,AUDITOR OF STATE,,JONATHAN NEIDERBACH,DEMOCRATIC PARTY,558.000000
2014,19127127024,AUDITOR OF STATE,,MARY MOSIMAN,REPUBLICAN PARTY,713.000000
2014,19127127024,AUDITOR OF STATE,,WRITE IN,,0.000000
2014,19127127024,GOVERNOR,,JACK HATCH MONICA VERNON,DEMOCRATIC PARTY,596.000000
2014,19127127024,GOVERNOR,,JIM HENNAGER MARY MARGARET KRIEG,NEW INDEPENDENT PARTY IOWA,10.000000
2014,19127127024,GOVERNOR,,JONATHAN R NARCISSE MICHAEL L RICHARDS,IOWA PARTY,16.000000
2014,19127127024,GOVERNOR,,LEE DEAKINS HIEB TIM WATSON,LIBERTARIAN PARTY,22.000000
2014,19127127024,GOVERNOR,,TERRY E BRANSTAD KIM REYNOLDS,REPUBLICAN PARTY,705.000000
2014,19127127024,GOVERNOR,,WRITE IN,,0.000000
2014,19127127024,SECRETARY OF AGRICULTURE,,BILL NORTHEY,REPUBLICAN PARTY,781.000000
2014,19127127024,SECRETARY OF AGRICULTURE,,LEVI BENNING,NEW INDEPENDENT PARTY IOWA,54.000000
2014,19127127024,SECRETARY OF AGRICULTURE,,SHERRIE TAHA,DEMOCRATIC PARTY,452.000000
2014,19127127024,SECRETARY OF AGRICULTURE,,WRITE IN,,0.000000
2014,19127127024,SECRETARY OF STATE,,BRAD ANDERSON,DEMOCRATIC PARTY,606.000000
2014,19127127024,SECRETARY OF STATE,,JAKE PORTER,LIBERTARIAN PARTY,43.000000
2014,19127127024,SECRETARY OF STATE,,PAUL D PATE,REPUBLICAN PARTY,632.000000
2014,19127127024,SECRETARY OF STATE,,SPENCER HIGHLAND,NEW INDEPENDENT PARTY IOWA,18.000000
2014,19127127024,SECRETARY OF STATE,,WRITE IN,,0.000000
2014,19127127024,TREASURER OF STATE,,KEITH A LAUBE,LIBERTARIAN PARTY,38.000000
2014,19127127024,TREASURER OF STATE,,MICHAEL L FITZGERALD,DEMOCRATIC PARTY,731.000000
2014,19127127024,TREASURER OF STATE,,SAM CLOVIS,REPUBLICAN PARTY,540.000000
2014,19127127024,TREASURER OF STATE,,WRITE IN,,0.000000
2014,19127127024,U S SENATE,,BOB QUAST,BOB QUAST FOR TERM LIMITS,7.000000
2014,19127127024,U S SENATE,,BRUCE BRALEY,DEMOCRATIC PARTY,602.000000
2014,19127127024,U S SENATE,,DOUGLAS BUTZIER,LIBERTARIAN PARTY,8.000000
2014,19127127024,U S SENATE,,JONI ERNST,REPUBLICAN PARTY,698.000000
2014,19127127024,U S SENATE,,RICK STEWART,INDEPENDENT,28.000000
2014,19127127024,U S SENATE,,RUTH SMITH,,5.000000
2014,19127127024,U S SENATE,,WRITE IN,,1.000000
2014,19127127025,ATTORNEY GENERAL,,ADAM GREGG,REPUBLICAN PARTY,555.000000
2014,19127127025,ATTORNEY GENERAL,,TOM MILLER,DEMOCRATIC PARTY,640.000000
2014,19127127025,ATTORNEY GENERAL,,WRITE IN,,1.000000
2014,19127127025,AUDITOR OF STATE,,JONATHAN NEIDERBACH,DEMOCRATIC PARTY,482.000000
2014,19127127025,AUDITOR OF STATE,,MARY MOSIMAN,REPUBLICAN PARTY,680.000000
2014,19127127025,AUDITOR OF STATE,,WRITE IN,,1.000000
2014,19127127025,GOVERNOR,,JACK HATCH MONICA VERNON,DEMOCRATIC PARTY,491.000000
2014,19127127025,GOVERNOR,,JIM HENNAGER MARY MARGARET KRIEG,NEW INDEPENDENT PARTY IOWA,7.000000
2014,19127127025,GOVERNOR,,JONATHAN R NARCISSE MICHAEL L RICHARDS,IOWA PARTY,9.000000
2014,19127127025,GOVERNOR,,LEE DEAKINS HIEB TIM WATSON,LIBERTARIAN PARTY,12.000000
2014,19127127025,GOVERNOR,,TERRY E BRANSTAD KIM REYNOLDS,REPUBLICAN PARTY,697.000000
2014,19127127025,GOVERNOR,,WRITE IN,,0.000000
2014,19127127025,SECRETARY OF AGRICULTURE,,BILL NORTHEY,REPUBLICAN PARTY,735.000000
2014,19127127025,SECRETARY OF AGRICULTURE,,LEVI BENNING,NEW INDEPENDENT PARTY IOWA,29.000000
2014,19127127025,SECRETARY OF AGRICULTURE,,SHERRIE TAHA,DEMOCRATIC PARTY,409.000000
2014,19127127025,SECRETARY OF AGRICULTURE,,WRITE IN,,1.000000
2014,19127127025,SECRETARY OF STATE,,BRAD ANDERSON,DEMOCRATIC PARTY,532.000000
2014,19127127025,SECRETARY OF STATE,,JAKE PORTER,LIBERTARIAN PARTY,25.000000
2014,19127127025,SECRETARY OF STATE,,PAUL D PATE,REPUBLICAN PARTY,615.000000
2014,19127127025,SECRETARY OF STATE,,SPENCER HIGHLAND,NEW INDEPENDENT PARTY IOWA,9.000000
2014,19127127025,SECRETARY OF STATE,,WRITE IN,,0.000000
2014,19127127025,TREASURER OF STATE,,KEITH A LAUBE,LIBERTARIAN PARTY,20.000000
2014,19127127025,TREASURER OF STATE,,MICHAEL L FITZGERALD,DEMOCRATIC PARTY,623.000000
2014,19127127025,TREASURER OF STATE,,SAM CLOVIS,REPUBLICAN PARTY,546.000000
2014,19127127025,TREASURER OF STATE,,WRITE IN,,0.000000
2014,19127127025,U S SENATE,,BOB QUAST,BOB QUAST FOR TERM LIMITS,2.000000
2014,19127127025,U S SENATE,,BRUCE BRALEY,DEMOCRATIC PARTY,504.000000
2014,19127127025,U S SENATE,,DOUGLAS BUTZIER,LIBERTARIAN PARTY,5.000000
2014,19127127025,U S SENATE,,JONI ERNST,REPUBLICAN PARTY,664.000000
2014,19127127025,U S SENATE,,RICK STEWART,INDEPENDENT,28.000000
2014,19127127025,U S SENATE,,RUTH SMITH,,3.000000
2014,19127127025,U S SENATE,,WRITE IN,,0.000000
2014,19127127026,ATTORNEY GENERAL,,ADAM GREGG,REPUBLICAN PARTY,609.000000
2014,19127127026,ATTORNEY GENERAL,,TOM MILLER,DEMOCRATIC PARTY,918.000000
2014,19127127026,ATTORNEY GENERAL,,WRITE IN,,0.000000
2014,19127127026,AUDITOR OF STATE,,JONATHAN NEIDERBACH,DEMOCRATIC PARTY,639.000000
2014,19127127026,AUDITOR OF STATE,,MARY MOSIMAN,REPUBLICAN PARTY,831.000000
2014,19127127026,AUDITOR OF STATE,,WRITE IN,,1.000000
2014,19127127026,GOVERNOR,,JACK HATCH MONICA VERNON,DEMOCRATIC PARTY,663.000000
2014,19127127026,GOVERNOR,,JIM HENNAGER MARY MARGARET KRIEG,NEW INDEPENDENT PARTY IOWA,10.000000
2014,19127127026,GOVERNOR,,JONATHAN R NARCISSE MICHAEL L RICHARDS,IOWA PARTY,10.000000
2014,19127127026,GOVERNOR,,LEE DEAKINS HIEB TIM WATSON,LIBERTARIAN PARTY,24.000000
2014,19127127026,GOVERNOR,,TERRY E BRANSTAD KIM REYNOLDS,REPUBLICAN PARTY,837.000000
2014,19127127026,GOVERNOR,,WRITE IN,,1.000000
2014,19127127026,SECRETARY OF AGRICULTURE,,BILL NORTHEY,REPUBLICAN PARTY,960.000000
2014,19127127026,SECRETARY OF AGRICULTURE,,LEVI BENNING,NEW INDEPENDENT PARTY IOWA,33.000000
2014,19127127026,SECRETARY OF AGRICULTURE,,SHERRIE TAHA,DEMOCRATIC PARTY,505.000000
2014,19127127026,SECRETARY OF AGRICULTURE,,WRITE IN,,0.000000
2014,19127127026,SECRETARY OF STATE,,BRAD ANDERSON,DEMOCRATIC PARTY,706.000000
2014,19127127026,SECRETARY OF STATE,,JAKE PORTER,LIBERTARIAN PARTY,35.000000
2014,19127127026,SECRETARY OF STATE,,PAUL D PATE,REPUBLICAN PARTY,751.000000
2014,19127127026,SECRETARY OF STATE,,SPENCER HIGHLAND,NEW INDEPENDENT PARTY IOWA,16.000000
2014,19127127026,SECRETARY OF STATE,,WRITE IN,,1.000000
2014,19127127026,TREASURER OF STATE,,KEITH A LAUBE,LIBERTARIAN PARTY,29.000000
2014,19127127026,TREASURER OF STATE,,MICHAEL L FITZGERALD,DEMOCRATIC PARTY,857.000000
2014,19127127026,TREASURER OF STATE,,SAM CLOVIS,REPUBLICAN PARTY,628.000000
2014,19127127026,TREASURER OF STATE,,WRITE IN,,0.000000
2014,19127127026,U S SENATE,,BOB QUAST,BOB QUAST FOR TERM LIMITS,7.000000
2014,19127127026,U S SENATE,,BRUCE BRALEY,DEMOCRATIC PARTY,684.000000
2014,19127127026,U S SENATE,,DOUGLAS BUTZIER,LIBERTARIAN PARTY,8.000000
2014,19127127026,U S SENATE,,JONI ERNST,REPUBLICAN PARTY,792.000000
2014,19127127026,U S SENATE,,RICK STEWART,INDEPENDENT,37.000000
2014,19127127026,U S SENATE,,RUTH SMITH,,6.000000
2014,19127127026,U S SENATE,,WRITE IN,,1.000000
2014,19127127027,ATTORNEY GENERAL,,ADAM GREGG,REPUBLICAN PARTY,286.000000
2014,19127127027,ATTORNEY GENERAL,,TOM MILLER,DEMOCRATIC PARTY,666.000000
2014,19127127027,ATTORNEY GENERAL,,WRITE IN,,0.000000
2014,19127127027,AUDITOR OF STATE,,JONATHAN NEIDERBACH,DEMOCRATIC PARTY,504.000000
2014,19127127027,AUDITOR OF STATE,,MARY MOSIMAN,REPUBLICAN PARTY,412.000000
2014,19127127027,AUDITOR OF STATE,,WRITE IN,,0.000000
2014,19127127027,GOVERNOR,,JACK HATCH MONICA VERNON,DEMOCRATIC PARTY,494.000000
2014,19127127027,GOVERNOR,,JIM HENNAGER MARY MARGARET KRIEG,NEW INDEPENDENT PARTY IOWA,10.000000
2014,19127127027,GOVERNOR,,JONATHAN R NARCISSE MICHAEL L RICHARDS,IOWA PARTY,14.000000
2014,19127127027,GOVERNOR,,LEE DEAKINS HIEB TIM WATSON,LIBERTARIAN PARTY,21.000000
2014,19127127027,GOVERNOR,,TERRY E BRANSTAD KIM REYNOLDS,REPUBLICAN PARTY,419.000000
2014,19127127027,GOVERNOR,,WRITE IN,,1.000000
2014,19127127027,SECRETARY OF AGRICULTURE,,BILL NORTHEY,REPUBLICAN PARTY,478.000000
2014,19127127027,SECRETARY OF AGRICULTURE,,LEVI BENNING,NEW INDEPENDENT PARTY IOWA,28.000000
2014,19127127027,SECRETARY OF AGRICULTURE,,SHERRIE TAHA,DEMOCRATIC PARTY,422.000000
2014,19127127027,SECRETARY OF AGRICULTURE,,WRITE IN,,1.000000
2014,19127127027,SECRETARY OF STATE,,BRAD ANDERSON,DEMOCRATIC PARTY,541.000000
2014,19127127027,SECRETARY OF STATE,,JAKE PORTER,LIBERTARIAN PARTY,30.000000
2014,19127127027,SECRETARY OF STATE,,PAUL D PATE,REPUBLICAN PARTY,351.000000
2014,19127127027,SECRETARY OF STATE,,SPENCER HIGHLAND,NEW INDEPENDENT PARTY IOWA,15.000000
2014,19127127027,SECRETARY OF STATE,,WRITE IN,,0.000000
2014,19127127027,TREASURER OF STATE,,KEITH A LAUBE,LIBERTARIAN PARTY,29.000000
2014,19127127027,TREASURER OF STATE,,MICHAEL L FITZGERALD,DEMOCRATIC PARTY,616.000000
2014,19127127027,TREASURER OF STATE,,SAM CLOVIS,REPUBLICAN PARTY,297.000000
2014,19127127027,TREASURER OF STATE,,WRITE IN,,0.000000
2014,19127127027,U S SENATE,,BOB QUAST,BOB QUAST FOR TERM LIMITS,4.000000
2014,19127127027,U S SENATE,,BRUCE BRALEY,DEMOCRATIC PARTY,517.000000
2014,19127127027,U S SENATE,,DOUGLAS BUTZIER,LIBERTARIAN PARTY,7.000000
2014,19127127027,U S SENATE,,JONI ERNST,REPUBLICAN PARTY,382.000000
2014,19127127027,U S SENATE,,RICK STEWART,INDEPENDENT,33.000000
2014,19127127027,U S SENATE,,RUTH SMITH,,6.000000
2014,19127127027,U S SENATE,,WRITE IN,,1.000000
2014,19127127028,ATTORNEY GENERAL,,ADAM GREGG,REPUBLICAN PARTY,505.000000
2014,19127127028,ATTORNEY GENERAL,,TOM MILLER,DEMOCRATIC PARTY,714.000000
2014,19127127028,ATTORNEY GENERAL,,WRITE IN,,1.000000
2014,19127127028,AUDITOR OF STATE,,JONATHAN NEIDERBACH,DEMOCRATIC PARTY,492.000000
2014,19127127028,AUDITOR OF STATE,,MARY MOSIMAN,REPUBLICAN PARTY,685.000000
2014,19127127028,AUDITOR OF STATE,,WRITE IN,,0.000000
2014,19127127028,GOVERNOR,,JACK HATCH MONICA VERNON,DEMOCRATIC PARTY,502.000000
2014,19127127028,GOVERNOR,,JIM HENNAGER MARY MARGARET KRIEG,NEW INDEPENDENT PARTY IOWA,10.000000
2014,19127127028,GOVERNOR,,JONATHAN R NARCISSE MICHAEL L RICHARDS,IOWA PARTY,17.000000
2014,19127127028,GOVERNOR,,LEE DEAKINS HIEB TIM WATSON,LIBERTARIAN PARTY,24.000000
2014,19127127028,GOVERNOR,,TERRY E BRANSTAD KIM REYNOLDS,REPUBLICAN PARTY,688.000000
2014,19127127028,GOVERNOR,,WRITE IN,,0.000000
2014,19127127028,SECRETARY OF AGRICULTURE,,BILL NORTHEY,REPUBLICAN PARTY,778.000000
2014,19127127028,SECRETARY OF AGRICULTURE,,LEVI BENNING,NEW INDEPENDENT PARTY IOWA,32.000000
2014,19127127028,SECRETARY OF AGRICULTURE,,SHERRIE TAHA,DEMOCRATIC PARTY,387.000000
2014,19127127028,SECRETARY OF AGRICULTURE,,WRITE IN,,0.000000
2014,19127127028,SECRETARY OF STATE,,BRAD ANDERSON,DEMOCRATIC PARTY,564.000000
2014,19127127028,SECRETARY OF STATE,,JAKE PORTER,LIBERTARIAN PARTY,35.000000
2014,19127127028,SECRETARY OF STATE,,PAUL D PATE,REPUBLICAN PARTY,598.000000
2014,19127127028,SECRETARY OF STATE,,SPENCER HIGHLAND,NEW INDEPENDENT PARTY IOWA,5.000000
2014,19127127028,SECRETARY OF STATE,,WRITE IN,,1.000000
2014,19127127028,TREASURER OF STATE,,KEITH A LAUBE,LIBERTARIAN PARTY,32.000000
2014,19127127028,TREASURER OF STATE,,MICHAEL L FITZGERALD,DEMOCRATIC PARTY,676.000000
2014,19127127028,TREASURER OF STATE,,SAM CLOVIS,REPUBLICAN PARTY,503.000000
2014,19127127028,TREASURER OF STATE,,WRITE IN,,0.000000
2014,19127127028,U S SENATE,,BOB QUAST,BOB QUAST FOR TERM LIMITS,4.000000
2014,19127127028,U S SENATE,,BRUCE BRALEY,DEMOCRATIC PARTY,534.000000
2014,19127127028,U S SENATE,,DOUGLAS BUTZIER,LIBERTARIAN PARTY,7.000000
2014,19127127028,U S SENATE,,JONI ERNST,REPUBLICAN PARTY,657.000000
2014,19127127028,U S SENATE,,RICK STEWART,INDEPENDENT,27.000000
2014,19127127028,U S SENATE,,RUTH SMITH,,2.000000
2014,19127127028,U S SENATE,,WRITE IN,,1.000000
2014,19129129010,ATTORNEY GENERAL,,ADAM GREGG,REPUBLICAN PARTY,326.000000
2014,19129129010,ATTORNEY GENERAL,,TOM MILLER,DEMOCRATIC PARTY,147.000000
2014,19129129010,ATTORNEY GENERAL,,WRITE IN,,1.000000
2014,19129129010,AUDITOR OF STATE,,JONATHAN NEIDERBACH,DEMOCRATIC PARTY,113.000000
2014,19129129010,AUDITOR OF STATE,,MARY MOSIMAN,REPUBLICAN PARTY,350.000000
2014,19129129010,AUDITOR OF STATE,,WRITE IN,,2.000000
2014,19129129010,GOVERNOR,,JACK HATCH MONICA VERNON,DEMOCRATIC PARTY,109.000000
2014,19129129010,GOVERNOR,,JIM HENNAGER MARY MARGARET KRIEG,NEW INDEPENDENT PARTY IOWA,9.000000
2014,19129129010,GOVERNOR,,JONATHAN R NARCISSE MICHAEL L RICHARDS,IOWA PARTY,5.000000
2014,19129129010,GOVERNOR,,LEE DEAKINS HIEB TIM WATSON,LIBERTARIAN PARTY,19.000000
2014,19129129010,GOVERNOR,,TERRY E BRANSTAD KIM REYNOLDS,REPUBLICAN PARTY,347.000000
2014,19129129010,GOVERNOR,,WRITE IN,,1.000000
2014,19129129010,SECRETARY OF AGRICULTURE,,BILL NORTHEY,REPUBLICAN PARTY,356.000000
2014,19129129010,SECRETARY OF AGRICULTURE,,LEVI BENNING,NEW INDEPENDENT PARTY IOWA,22.000000
2014,19129129010,SECRETARY OF AGRICULTURE,,SHERRIE TAHA,DEMOCRATIC PARTY,95.000000
2014,19129129010,SECRETARY OF AGRICULTURE,,WRITE IN,,1.000000
2014,19129129010,SECRETARY OF STATE,,BRAD ANDERSON,DEMOCRATIC PARTY,134.000000
2014,19129129010,SECRETARY OF STATE,,JAKE PORTER,LIBERTARIAN PARTY,17.000000
2014,19129129010,SECRETARY OF STATE,,PAUL D PATE,REPUBLICAN PARTY,312.000000
2014,19129129010,SECRETARY OF STATE,,SPENCER HIGHLAND,NEW INDEPENDENT PARTY IOWA,10.000000
2014,19129129010,SECRETARY OF STATE,,WRITE IN,,1.000000
2014,19129129010,TREASURER OF STATE,,KEITH A LAUBE,LIBERTARIAN PARTY,22.000000
2014,19129129010,TREASURER OF STATE,,MICHAEL L FITZGERALD,DEMOCRATIC PARTY,148.000000
2014,19129129010,TREASURER OF STATE,,SAM CLOVIS,REPUBLICAN PARTY,300.000000
2014,19129129010,TREASURER OF STATE,,WRITE IN,,1.000000
2014,19129129010,U S SENATE,,BOB QUAST,BOB QUAST FOR TERM LIMITS,2.000000
2014,19129129010,U S SENATE,,BRUCE BRALEY,DEMOCRATIC PARTY,128.000000
2014,19129129010,U S SENATE,,DOUGLAS BUTZIER,LIBERTARIAN PARTY,5.000000
2014,19129129010,U S SENATE,,JONI ERNST,REPUBLICAN PARTY,340.000000
2014,19129129010,U S SENATE,,RICK STEWART,INDEPENDENT,10.000000
2014,19129129010,U S SENATE,,RUTH SMITH,,4.000000
2014,19129129010,U S SENATE,,WRITE IN,,1.000000
2014,19147147008,ATTORNEY GENERAL,,ADAM GREGG,REPUBLICAN PARTY,274.000000
2014,19147147008,ATTORNEY GENERAL,,TOM MILLER,DEMOCRATIC PARTY,499.000000
2014,19147147008,ATTORNEY GENERAL,,WRITE IN,,1.000000
2014,19147147008,AUDITOR OF STATE,,JONATHAN NEIDERBACH,DEMOCRATIC PARTY,337.000000
2014,19147147008,AUDITOR OF STATE,,MARY MOSIMAN,REPUBLICAN PARTY,386.000000
2014,19147147008,AUDITOR OF STATE,,WRITE IN,,0.000000
2014,19147147008,GOVERNOR,,JACK HATCH MONICA VERNON,DEMOCRATIC PARTY,294.000000
2014,19147147008,GOVERNOR,,JIM HENNAGER MARY MARGARET KRIEG,NEW INDEPENDENT PARTY IOWA,7.000000
2014,19147147008,GOVERNOR,,JONATHAN R NARCISSE MICHAEL L RICHARDS,IOWA PARTY,2.000000
2014,19147147008,GOVERNOR,,LEE DEAKINS HIEB TIM WATSON,LIBERTARIAN PARTY,7.000000
2014,19147147008,GOVERNOR,,TERRY E BRANSTAD KIM REYNOLDS,REPUBLICAN PARTY,515.000000
2014,19147147008,GOVERNOR,,WRITE IN,,0.000000
2014,19147147008,SECRETARY OF AGRICULTURE,,BILL NORTHEY,REPUBLICAN PARTY,512.000000
2014,19147147008,SECRETARY OF AGRICULTURE,,LEVI BENNING,NEW INDEPENDENT PARTY IOWA,19.000000
2014,19147147008,SECRETARY OF AGRICULTURE,,SHERRIE TAHA,DEMOCRATIC PARTY,232.000000
2014,19147147008,SECRETARY OF AGRICULTURE,,WRITE IN,,1.000000
2014,19147147008,SECRETARY OF STATE,,BRAD ANDERSON,DEMOCRATIC PARTY,400.000000
2014,19147147008,SECRETARY OF STATE,,JAKE PORTER,LIBERTARIAN PARTY,15.000000
2014,19147147008,SECRETARY OF STATE,,PAUL D PATE,REPUBLICAN PARTY,324.000000
2014,19147147008,SECRETARY OF STATE,,SPENCER HIGHLAND,NEW INDEPENDENT PARTY IOWA,14.000000
2014,19147147008,SECRETARY OF STATE,,WRITE IN,,1.000000
2014,19147147008,TREASURER OF STATE,,KEITH A LAUBE,LIBERTARIAN PARTY,26.000000
2014,19147147008,TREASURER OF STATE,,MICHAEL L FITZGERALD,DEMOCRATIC PARTY,479.000000
2014,19147147008,TREASURER OF STATE,,SAM CLOVIS,REPUBLICAN PARTY,261.000000
2014,19147147008,TREASURER OF STATE,,WRITE IN,,1.000000
2014,19147147008,U S SENATE,,BOB QUAST,BOB QUAST FOR TERM LIMITS,5.000000
2014,19147147008,U S SENATE,,BRUCE BRALEY,DEMOCRATIC PARTY,373.000000
2014,19147147008,U S SENATE,,DOUGLAS BUTZIER,LIBERTARIAN PARTY,4.000000
2014,19147147008,U S SENATE,,JONI ERNST,REPUBLICAN PARTY,387.000000
2014,19147147008,U S SENATE,,RICK STEWART,INDEPENDENT,20.000000
2014,19147147008,U S SENATE,,RUTH SMITH,,10.000000
2014,19147147008,U S SENATE,,WRITE IN,,2.000000
2014,19153153003,ATTORNEY GENERAL,,ADAM GREGG,REPUBLICAN PARTY,267.000000
2014,19153153003,ATTORNEY GENERAL,,TOM MILLER,DEMOCRATIC PARTY,177.000000
2014,19153153003,ATTORNEY GENERAL,,WRITE IN,,0.000000
2014,19153153003,AUDITOR OF STATE,,JONATHAN NEIDERBACH,DEMOCRATIC PARTY,120.000000
2014,19153153003,AUDITOR OF STATE,,MARY MOSIMAN,REPUBLICAN PARTY,309.000000
2014,19153153003,AUDITOR OF STATE,,WRITE IN,,1.000000
2014,19153153003,GOVERNOR,,JACK HATCH MONICA VERNON,DEMOCRATIC PARTY,113.000000
2014,19153153003,GOVERNOR,,JIM HENNAGER MARY MARGARET KRIEG,NEW INDEPENDENT PARTY IOWA,3.000000
2014,19153153003,GOVERNOR,,JONATHAN R NARCISSE MICHAEL L RICHARDS,IOWA PARTY,5.000000
2014,19153153003,GOVERNOR,,LEE DEAKINS HIEB TIM WATSON,LIBERTARIAN PARTY,13.000000
2014,19153153003,GOVERNOR,,TERRY E BRANSTAD KIM REYNOLDS,REPUBLICAN PARTY,320.000000
2014,19153153003,GOVERNOR,,WRITE IN,,1.000000
2014,19153153003,SECRETARY OF AGRICULTURE,,BILL NORTHEY,REPUBLICAN PARTY,343.000000
2014,19153153003,SECRETARY OF AGRICULTURE,,LEVI BENNING,NEW INDEPENDENT PARTY IOWA,13.000000
2014,19153153003,SECRETARY OF AGRICULTURE,,SHERRIE TAHA,DEMOCRATIC PARTY,83.000000
2014,19153153003,SECRETARY OF AGRICULTURE,,WRITE IN,,0.000000
2014,19153153003,SECRETARY OF STATE,,BRAD ANDERSON,DEMOCRATIC PARTY,130.000000
2014,19153153003,SECRETARY OF STATE,,JAKE PORTER,LIBERTARIAN PARTY,14.000000
2014,19153153003,SECRETARY OF STATE,,PAUL D PATE,REPUBLICAN PARTY,289.000000
2014,19153153003,SECRETARY OF STATE,,SPENCER HIGHLAND,NEW INDEPENDENT PARTY IOWA,7.000000
2014,19153153003,SECRETARY OF STATE,,WRITE IN,,0.000000
2014,19153153003,TREASURER OF STATE,,KEITH A LAUBE,LIBERTARIAN PARTY,10.000000
2014,19153153003,TREASURER OF STATE,,MICHAEL L FITZGERALD,DEMOCRATIC PARTY,166.000000
2014,19153153003,TREASURER OF STATE,,SAM CLOVIS,REPUBLICAN PARTY,263.000000
2014,19153153003,TREASURER OF STATE,,WRITE IN,,1.000000
2014,19153153003,U S SENATE,,BOB QUAST,BOB QUAST FOR TERM LIMITS,4.000000
2014,19153153003,U S SENATE,,BRUCE BRALEY,DEMOCRATIC PARTY,121.000000
2014,19153153003,U S SENATE,,DOUGLAS BUTZIER,LIBERTARIAN PARTY,7.000000
2014,19153153003,U S SENATE,,JONI ERNST,REPUBLICAN PARTY,315.000000
2014,19153153003,U S SENATE,,RICK STEWART,INDEPENDENT,7.000000
2014,19153153003,U S SENATE,,RUTH SMITH,,0.000000
2014,19153153003,U S SENATE,,WRITE IN,,0.000000
2014,19153153004,ATTORNEY GENERAL,,ADAM GREGG,REPUBLICAN PARTY,346.000000
2014,19153153004,ATTORNEY GENERAL,,TOM MILLER,DEMOCRATIC PARTY,343.000000
2014,19153153004,ATTORNEY GENERAL,,WRITE IN,,1.000000
2014,19153153004,AUDITOR OF STATE,,JONATHAN NEIDERBACH,DEMOCRATIC PARTY,223.000000
2014,19153153004,AUDITOR OF STATE,,MARY MOSIMAN,REPUBLICAN PARTY,439.000000
2014,19153153004,AUDITOR OF STATE,,WRITE IN,,1.000000
2014,19153153004,GOVERNOR,,JACK HATCH MONICA VERNON,DEMOCRATIC PARTY,223.000000
2014,19153153004,GOVERNOR,,JIM HENNAGER MARY MARGARET KRIEG,NEW INDEPENDENT PARTY IOWA,10.000000
2014,19153153004,GOVERNOR,,JONATHAN R NARCISSE MICHAEL L RICHARDS,IOWA PARTY,10.000000
2014,19153153004,GOVERNOR,,LEE DEAKINS HIEB TIM WATSON,LIBERTARIAN PARTY,23.000000
2014,19153153004,GOVERNOR,,TERRY E BRANSTAD KIM REYNOLDS,REPUBLICAN PARTY,429.000000
2014,19153153004,GOVERNOR,,WRITE IN,,2.000000
2014,19153153004,SECRETARY OF AGRICULTURE,,BILL NORTHEY,REPUBLICAN PARTY,491.000000
2014,19153153004,SECRETARY OF AGRICULTURE,,LEVI BENNING,NEW INDEPENDENT PARTY IOWA,21.000000
2014,19153153004,SECRETARY OF AGRICULTURE,,SHERRIE TAHA,DEMOCRATIC PARTY,164.000000
2014,19153153004,SECRETARY OF AGRICULTURE,,WRITE IN,,1.000000
2014,19153153004,SECRETARY OF STATE,,BRAD ANDERSON,DEMOCRATIC PARTY,246.000000
2014,19153153004,SECRETARY OF STATE,,JAKE PORTER,LIBERTARIAN PARTY,22.000000
2014,19153153004,SECRETARY OF STATE,,PAUL D PATE,REPUBLICAN PARTY,396.000000
2014,19153153004,SECRETARY OF STATE,,SPENCER HIGHLAND,NEW INDEPENDENT PARTY IOWA,17.000000
2014,19153153004,SECRETARY OF STATE,,WRITE IN,,1.000000
2014,19153153004,TREASURER OF STATE,,KEITH A LAUBE,LIBERTARIAN PARTY,14.000000
2014,19153153004,TREASURER OF STATE,,MICHAEL L FITZGERALD,DEMOCRATIC PARTY,328.000000
2014,19153153004,TREASURER OF STATE,,SAM CLOVIS,REPUBLICAN PARTY,341.000000
2014,19153153004,TREASURER OF STATE,,WRITE IN,,0.000000
2014,19153153004,U S SENATE,,BOB QUAST,BOB QUAST FOR TERM LIMITS,2.000000
2014,19153153004,U S SENATE,,BRUCE BRALEY,DEMOCRATIC PARTY,223.000000
2014,19153153004,U S SENATE,,DOUGLAS BUTZIER,LIBERTARIAN PARTY,4.000000
2014,19153153004,U S SENATE,,JONI ERNST,REPUBLICAN PARTY,446.000000
2014,19153153004,U S SENATE,,RICK STEWART,INDEPENDENT,21.000000
2014,19153153004,U S SENATE,,RUTH SMITH,,0.000000
2014,19153153004,U S SENATE,,WRITE IN,,1.000000
2014,19153153005,ATTORNEY GENERAL,,ADAM GREGG,REPUBLICAN PARTY,111.000000
2014,19153153005,ATTORNEY GENERAL,,TOM MILLER,DEMOCRATIC PARTY,109.000000
2014,19153153005,ATTORNEY GENERAL,,WRITE IN,,0.000000
2014,19153153005,AUDITOR OF STATE,,JONATHAN NEIDERBACH,DEMOCRATIC PARTY,54.000000
2014,19153153005,AUDITOR OF STATE,,MARY MOSIMAN,REPUBLICAN PARTY,154.000000
2014,19153153005,AUDITOR OF STATE,,WRITE IN,,0.000000
2014,19153153005,GOVERNOR,,JACK HATCH MONICA VERNON,DEMOCRATIC PARTY,55.000000
2014,19153153005,GOVERNOR,,JIM HENNAGER MARY MARGARET KRIEG,NEW INDEPENDENT PARTY IOWA,0.000000
2014,19153153005,GOVERNOR,,JONATHAN R NARCISSE MICHAEL L RICHARDS,IOWA PARTY,2.000000
2014,19153153005,GOVERNOR,,LEE DEAKINS HIEB TIM WATSON,LIBERTARIAN PARTY,9.000000
2014,19153153005,GOVERNOR,,TERRY E BRANSTAD KIM REYNOLDS,REPUBLICAN PARTY,159.000000
2014,19153153005,GOVERNOR,,WRITE IN,,0.000000
2014,19153153005,SECRETARY OF AGRICULTURE,,BILL NORTHEY,REPUBLICAN PARTY,176.000000
2014,19153153005,SECRETARY OF AGRICULTURE,,LEVI BENNING,NEW INDEPENDENT PARTY IOWA,7.000000
2014,19153153005,SECRETARY OF AGRICULTURE,,SHERRIE TAHA,DEMOCRATIC PARTY,36.000000
2014,19153153005,SECRETARY OF AGRICULTURE,,WRITE IN,,0.000000
2014,19153153005,SECRETARY OF STATE,,BRAD ANDERSON,DEMOCRATIC PARTY,72.000000
2014,19153153005,SECRETARY OF STATE,,JAKE PORTER,LIBERTARIAN PARTY,5.000000
2014,19153153005,SECRETARY OF STATE,,PAUL D PATE,REPUBLICAN PARTY,135.000000
2014,19153153005,SECRETARY OF STATE,,SPENCER HIGHLAND,NEW INDEPENDENT PARTY IOWA,6.000000
2014,19153153005,SECRETARY OF STATE,,WRITE IN,,0.000000
2014,19153153005,TREASURER OF STATE,,KEITH A LAUBE,LIBERTARIAN PARTY,4.000000
2014,19153153005,TREASURER OF STATE,,MICHAEL L FITZGERALD,DEMOCRATIC PARTY,107.000000
2014,19153153005,TREASURER OF STATE,,SAM CLOVIS,REPUBLICAN PARTY,109.000000
2014,19153153005,TREASURER OF STATE,,WRITE IN,,0.000000
2014,19153153005,U S SENATE,,BOB QUAST,BOB QUAST FOR TERM LIMITS,2.000000
2014,19153153005,U S SENATE,,BRUCE BRALEY,DEMOCRATIC PARTY,61.000000
2014,19153153005,U S SENATE,,DOUGLAS BUTZIER,LIBERTARIAN PARTY,0.000000
2014,19153153005,U S SENATE,,JONI ERNST,REPUBLICAN PARTY,155.000000
2014,19153153005,U S SENATE,,RICK STEWART,INDEPENDENT,7.000000
2014,19153153005,U S SENATE,,RUTH SMITH,,1.000000
2014,19153153005,U S SENATE,,WRITE IN,,0.000000
2014,19153153006,ATTORNEY GENERAL,,ADAM GREGG,REPUBLICAN PARTY,365.000000
2014,19153153006,ATTORNEY GENERAL,,TOM MILLER,DEMOCRATIC PARTY,340.000000
2014,19153153006,ATTORNEY GENERAL,,WRITE IN,,0.000000
2014,19153153006,AUDITOR OF STATE,,JONATHAN NEIDERBACH,DEMOCRATIC PARTY,232.000000
2014,19153153006,AUDITOR OF STATE,,MARY MOSIMAN,REPUBLICAN PARTY,441.000000
2014,19153153006,AUDITOR OF STATE,,WRITE IN,,0.000000
2014,19153153006,GOVERNOR,,JACK HATCH MONICA VERNON,DEMOCRATIC PARTY,220.000000
2014,19153153006,GOVERNOR,,JIM HENNAGER MARY MARGARET KRIEG,NEW INDEPENDENT PARTY IOWA,8.000000
2014,19153153006,GOVERNOR,,JONATHAN R NARCISSE MICHAEL L RICHARDS,IOWA PARTY,7.000000
2014,19153153006,GOVERNOR,,LEE DEAKINS HIEB TIM WATSON,LIBERTARIAN PARTY,16.000000
2014,19153153006,GOVERNOR,,TERRY E BRANSTAD KIM REYNOLDS,REPUBLICAN PARTY,460.000000
2014,19153153006,GOVERNOR,,WRITE IN,,1.000000
2014,19153153006,SECRETARY OF AGRICULTURE,,BILL NORTHEY,REPUBLICAN PARTY,502.000000
2014,19153153006,SECRETARY OF AGRICULTURE,,LEVI BENNING,NEW INDEPENDENT PARTY IOWA,24.000000
2014,19153153006,SECRETARY OF AGRICULTURE,,SHERRIE TAHA,DEMOCRATIC PARTY,168.000000
2014,19153153006,SECRETARY OF AGRICULTURE,,WRITE IN,,0.000000
2014,19153153006,SECRETARY OF STATE,,BRAD ANDERSON,DEMOCRATIC PARTY,271.000000
2014,19153153006,SECRETARY OF STATE,,JAKE PORTER,LIBERTARIAN PARTY,12.000000
2014,19153153006,SECRETARY OF STATE,,PAUL D PATE,REPUBLICAN PARTY,394.000000
2014,19153153006,SECRETARY OF STATE,,SPENCER HIGHLAND,NEW INDEPENDENT PARTY IOWA,11.000000
2014,19153153006,SECRETARY OF STATE,,WRITE IN,,0.000000
2014,19153153006,TREASURER OF STATE,,KEITH A LAUBE,LIBERTARIAN PARTY,14.000000
2014,19153153006,TREASURER OF STATE,,MICHAEL L FITZGERALD,DEMOCRATIC PARTY,336.000000
2014,19153153006,TREASURER OF STATE,,SAM CLOVIS,REPUBLICAN PARTY,347.000000
2014,19153153006,TREASURER OF STATE,,WRITE IN,,0.000000
2014,19153153006,U S SENATE,,BOB QUAST,BOB QUAST FOR TERM LIMITS,4.000000
2014,19153153006,U S SENATE,,BRUCE BRALEY,DEMOCRATIC PARTY,240.000000
2014,19153153006,U S SENATE,,DOUGLAS BUTZIER,LIBERTARIAN PARTY,4.000000
2014,19153153006,U S SENATE,,JONI ERNST,REPUBLICAN PARTY,448.000000
2014,19153153006,U S SENATE,,RICK STEWART,INDEPENDENT,17.000000
2014,19153153006,U S SENATE,,RUTH SMITH,,0.000000
2014,19153153006,U S SENATE,,WRITE IN,,0.000000
2014,19153153008,ATTORNEY GENERAL,,ADAM GREGG,REPUBLICAN PARTY,284.000000
2014,19153153008,ATTORNEY GENERAL,,TOM MILLER,DEMOCRATIC PARTY,238.000000
2014,19153153008,ATTORNEY GENERAL,,WRITE IN,,2.000000
2014,19153153008,AUDITOR OF STATE,,JONATHAN NEIDERBACH,DEMOCRATIC PARTY,153.000000
2014,19153153008,AUDITOR OF STATE,,MARY MOSIMAN,REPUBLICAN PARTY,349.000000
2014,19153153008,AUDITOR OF STATE,,WRITE IN,,1.000000
2014,19153153008,GOVERNOR,,JACK HATCH MONICA VERNON,DEMOCRATIC PARTY,144.000000
2014,19153153008,GOVERNOR,,JIM HENNAGER MARY MARGARET KRIEG,NEW INDEPENDENT PARTY IOWA,5.000000
2014,19153153008,GOVERNOR,,JONATHAN R NARCISSE MICHAEL L RICHARDS,IOWA PARTY,9.000000
2014,19153153008,GOVERNOR,,LEE DEAKINS HIEB TIM WATSON,LIBERTARIAN PARTY,18.000000
2014,19153153008,GOVERNOR,,TERRY E BRANSTAD KIM REYNOLDS,REPUBLICAN PARTY,354.000000
2014,19153153008,GOVERNOR,,WRITE IN,,0.000000
2014,19153153008,SECRETARY OF AGRICULTURE,,BILL NORTHEY,REPUBLICAN PARTY,383.000000
2014,19153153008,SECRETARY OF AGRICULTURE,,LEVI BENNING,NEW INDEPENDENT PARTY IOWA,21.000000
2014,19153153008,SECRETARY OF AGRICULTURE,,SHERRIE TAHA,DEMOCRATIC PARTY,115.000000
2014,19153153008,SECRETARY OF AGRICULTURE,,WRITE IN,,1.000000
2014,19153153008,SECRETARY OF STATE,,BRAD ANDERSON,DEMOCRATIC PARTY,175.000000
2014,19153153008,SECRETARY OF STATE,,JAKE PORTER,LIBERTARIAN PARTY,16.000000
2014,19153153008,SECRETARY OF STATE,,PAUL D PATE,REPUBLICAN PARTY,315.000000
2014,19153153008,SECRETARY OF STATE,,SPENCER HIGHLAND,NEW INDEPENDENT PARTY IOWA,9.000000
2014,19153153008,SECRETARY OF STATE,,WRITE IN,,0.000000
2014,19153153008,TREASURER OF STATE,,KEITH A LAUBE,LIBERTARIAN PARTY,18.000000
2014,19153153008,TREASURER OF STATE,,MICHAEL L FITZGERALD,DEMOCRATIC PARTY,224.000000
2014,19153153008,TREASURER OF STATE,,SAM CLOVIS,REPUBLICAN PARTY,278.000000
2014,19153153008,TREASURER OF STATE,,WRITE IN,,0.000000
2014,19153153008,U S SENATE,,BOB QUAST,BOB QUAST FOR TERM LIMITS,3.000000
2014,19153153008,U S SENATE,,BRUCE BRALEY,DEMOCRATIC PARTY,156.000000
2014,19153153008,U S SENATE,,DOUGLAS BUTZIER,LIBERTARIAN PARTY,5.000000
2014,19153153008,U S SENATE,,JONI ERNST,REPUBLICAN PARTY,356.000000
2014,19153153008,U S SENATE,,RICK STEWART,INDEPENDENT,8.000000
2014,19153153008,U S SENATE,,RUTH SMITH,,4.000000
2014,19153153008,U S SENATE,,WRITE IN,,1.000000
2014,19153153009,ATTORNEY GENERAL,,ADAM GREGG,REPUBLICAN PARTY,525.000000
2014,19153153009,ATTORNEY GENERAL,,TOM MILLER,DEMOCRATIC PARTY,632.000000
2014,19153153009,ATTORNEY GENERAL,,WRITE IN,,0.000000
2014,19153153009,AUDITOR OF STATE,,JONATHAN NEIDERBACH,DEMOCRATIC PARTY,445.000000
2014,19153153009,AUDITOR OF STATE,,MARY MOSIMAN,REPUBLICAN PARTY,684.000000
2014,19153153009,AUDITOR OF STATE,,WRITE IN,,0.000000
2014,19153153009,GOVERNOR,,JACK HATCH MONICA VERNON,DEMOCRATIC PARTY,418.000000
2014,19153153009,GOVERNOR,,JIM HENNAGER MARY MARGARET KRIEG,NEW INDEPENDENT PARTY IOWA,15.000000
2014,19153153009,GOVERNOR,,JONATHAN R NARCISSE MICHAEL L RICHARDS,IOWA PARTY,6.000000
2014,19153153009,GOVERNOR,,LEE DEAKINS HIEB TIM WATSON,LIBERTARIAN PARTY,24.000000
2014,19153153009,GOVERNOR,,TERRY E BRANSTAD KIM REYNOLDS,REPUBLICAN PARTY,715.000000
2014,19153153009,GOVERNOR,,WRITE IN,,1.000000
2014,19153153009,SECRETARY OF AGRICULTURE,,BILL NORTHEY,REPUBLICAN PARTY,779.000000
2014,19153153009,SECRETARY OF AGRICULTURE,,LEVI BENNING,NEW INDEPENDENT PARTY IOWA,27.000000
2014,19153153009,SECRETARY OF AGRICULTURE,,SHERRIE TAHA,DEMOCRATIC PARTY,341.000000
2014,19153153009,SECRETARY OF AGRICULTURE,,WRITE IN,,0.000000
2014,19153153009,SECRETARY OF STATE,,BRAD ANDERSON,DEMOCRATIC PARTY,495.000000
2014,19153153009,SECRETARY OF STATE,,JAKE PORTER,LIBERTARIAN PARTY,28.000000
2014,19153153009,SECRETARY OF STATE,,PAUL D PATE,REPUBLICAN PARTY,608.000000
2014,19153153009,SECRETARY OF STATE,,SPENCER HIGHLAND,NEW INDEPENDENT PARTY IOWA,22.000000
2014,19153153009,SECRETARY OF STATE,,WRITE IN,,2.000000
2014,19153153009,TREASURER OF STATE,,KEITH A LAUBE,LIBERTARIAN PARTY,34.000000
2014,19153153009,TREASURER OF STATE,,MICHAEL L FITZGERALD,DEMOCRATIC PARTY,601.000000
2014,19153153009,TREASURER OF STATE,,SAM CLOVIS,REPUBLICAN PARTY,518.000000
2014,19153153009,TREASURER OF STATE,,WRITE IN,,0.000000
2014,19153153009,U S SENATE,,BOB QUAST,BOB QUAST FOR TERM LIMITS,6.000000
2014,19153153009,U S SENATE,,BRUCE BRALEY,DEMOCRATIC PARTY,461.000000
2014,19153153009,U S SENATE,,DOUGLAS BUTZIER,LIBERTARIAN PARTY,11.000000
2014,19153153009,U S SENATE,,JONI ERNST,REPUBLICAN PARTY,675.000000
2014,19153153009,U S SENATE,,RICK STEWART,INDEPENDENT,23.000000
2014,19153153009,U S SENATE,,RUTH SMITH,,2.000000
2014,19153153009,U S SENATE,,WRITE IN,,0.000000
2014,19153153010,ATTORNEY GENERAL,,ADAM GREGG,REPUBLICAN PARTY,1539.000000
2014,19153153010,ATTORNEY GENERAL,,TOM MILLER,DEMOCRATIC PARTY,1624.000000
2014,19153153010,ATTORNEY GENERAL,,WRITE IN,,3.000000
2014,19153153010,AUDITOR OF STATE,,JONATHAN NEIDERBACH,DEMOCRATIC PARTY,1092.000000
2014,19153153010,AUDITOR OF STATE,,MARY MOSIMAN,REPUBLICAN PARTY,1972.000000
2014,19153153010,AUDITOR OF STATE,,WRITE IN,,3.000000
2014,19153153010,GOVERNOR,,JACK HATCH MONICA VERNON,DEMOCRATIC PARTY,1040.000000
2014,19153153010,GOVERNOR,,JIM HENNAGER MARY MARGARET KRIEG,NEW INDEPENDENT PARTY IOWA,27.000000
2014,19153153010,GOVERNOR,,JONATHAN R NARCISSE MICHAEL L RICHARDS,IOWA PARTY,29.000000
2014,19153153010,GOVERNOR,,LEE DEAKINS HIEB TIM WATSON,LIBERTARIAN PARTY,81.000000
2014,19153153010,GOVERNOR,,TERRY E BRANSTAD KIM REYNOLDS,REPUBLICAN PARTY,2081.000000
2014,19153153010,GOVERNOR,,WRITE IN,,4.000000
2014,19153153010,SECRETARY OF AGRICULTURE,,BILL NORTHEY,REPUBLICAN PARTY,2179.000000
2014,19153153010,SECRETARY OF AGRICULTURE,,LEVI BENNING,NEW INDEPENDENT PARTY IOWA,82.000000
2014,19153153010,SECRETARY OF AGRICULTURE,,SHERRIE TAHA,DEMOCRATIC PARTY,867.000000
2014,19153153010,SECRETARY OF AGRICULTURE,,WRITE IN,,3.000000
2014,19153153010,SECRETARY OF STATE,,BRAD ANDERSON,DEMOCRATIC PARTY,1301.000000
2014,19153153010,SECRETARY OF STATE,,JAKE PORTER,LIBERTARIAN PARTY,105.000000
2014,19153153010,SECRETARY OF STATE,,PAUL D PATE,REPUBLICAN PARTY,1699.000000
2014,19153153010,SECRETARY OF STATE,,SPENCER HIGHLAND,NEW INDEPENDENT PARTY IOWA,45.000000
2014,19153153010,SECRETARY OF STATE,,WRITE IN,,0.000000
2014,19153153010,TREASURER OF STATE,,KEITH A LAUBE,LIBERTARIAN PARTY,99.000000
2014,19153153010,TREASURER OF STATE,,MICHAEL L FITZGERALD,DEMOCRATIC PARTY,1551.000000
2014,19153153010,TREASURER OF STATE,,SAM CLOVIS,REPUBLICAN PARTY,1496.000000
2014,19153153010,TREASURER OF STATE,,WRITE IN,,1.000000
2014,19153153010,U S SENATE,,BOB QUAST,BOB QUAST FOR TERM LIMITS,16.000000
2014,19153153010,U S SENATE,,BRUCE BRALEY,DEMOCRATIC PARTY,1249.000000
2014,19153153010,U S SENATE,,DOUGLAS BUTZIER,LIBERTARIAN PARTY,26.000000
2014,19153153010,U S SENATE,,JONI ERNST,REPUBLICAN PARTY,1924.000000
2014,19153153010,U S SENATE,,RICK STEWART,INDEPENDENT,49.000000
2014,19153153010,U S SENATE,,RUTH SMITH,,5.000000
2014,19153153010,U S SENATE,,WRITE IN,,3.000000
2014,19153153011,ATTORNEY GENERAL,,ADAM GREGG,REPUBLICAN PARTY,715.000000
2014,19153153011,ATTORNEY GENERAL,,TOM MILLER,DEMOCRATIC PARTY,739.000000
2014,19153153011,ATTORNEY GENERAL,,WRITE IN,,2.000000
2014,19153153011,AUDITOR OF STATE,,JONATHAN NEIDERBACH,DEMOCRATIC PARTY,487.000000
2014,19153153011,AUDITOR OF STATE,,MARY MOSIMAN,REPUBLICAN PARTY,918.000000
2014,19153153011,AUDITOR OF STATE,,WRITE IN,,2.000000
2014,19153153011,GOVERNOR,,JACK HATCH MONICA VERNON,DEMOCRATIC PARTY,453.000000
2014,19153153011,GOVERNOR,,JIM HENNAGER MARY MARGARET KRIEG,NEW INDEPENDENT PARTY IOWA,8.000000
2014,19153153011,GOVERNOR,,JONATHAN R NARCISSE MICHAEL L RICHARDS,IOWA PARTY,6.000000
2014,19153153011,GOVERNOR,,LEE DEAKINS HIEB TIM WATSON,LIBERTARIAN PARTY,20.000000
2014,19153153011,GOVERNOR,,TERRY E BRANSTAD KIM REYNOLDS,REPUBLICAN PARTY,995.000000
2014,19153153011,GOVERNOR,,WRITE IN,,1.000000
2014,19153153011,SECRETARY OF AGRICULTURE,,BILL NORTHEY,REPUBLICAN PARTY,1027.000000
2014,19153153011,SECRETARY OF AGRICULTURE,,LEVI BENNING,NEW INDEPENDENT PARTY IOWA,27.000000
2014,19153153011,SECRETARY OF AGRICULTURE,,SHERRIE TAHA,DEMOCRATIC PARTY,384.000000
2014,19153153011,SECRETARY OF AGRICULTURE,,WRITE IN,,1.000000
2014,19153153011,SECRETARY OF STATE,,BRAD ANDERSON,DEMOCRATIC PARTY,559.000000
2014,19153153011,SECRETARY OF STATE,,JAKE PORTER,LIBERTARIAN PARTY,16.000000
2014,19153153011,SECRETARY OF STATE,,PAUL D PATE,REPUBLICAN PARTY,844.000000
2014,19153153011,SECRETARY OF STATE,,SPENCER HIGHLAND,NEW INDEPENDENT PARTY IOWA,15.000000
2014,19153153011,SECRETARY OF STATE,,WRITE IN,,2.000000
2014,19153153011,TREASURER OF STATE,,KEITH A LAUBE,LIBERTARIAN PARTY,22.000000
2014,19153153011,TREASURER OF STATE,,MICHAEL L FITZGERALD,DEMOCRATIC PARTY,703.000000
2014,19153153011,TREASURER OF STATE,,SAM CLOVIS,REPUBLICAN PARTY,713.000000
2014,19153153011,TREASURER OF STATE,,WRITE IN,,0.000000
2014,19153153011,U S SENATE,,BOB QUAST,BOB QUAST FOR TERM LIMITS,6.000000
2014,19153153011,U S SENATE,,BRUCE BRALEY,DEMOCRATIC PARTY,534.000000
2014,19153153011,U S SENATE,,DOUGLAS BUTZIER,LIBERTARIAN PARTY,3.000000
2014,19153153011,U S SENATE,,JONI ERNST,REPUBLICAN PARTY,917.000000
2014,19153153011,U S SENATE,,RICK STEWART,INDEPENDENT,18.000000
2014,19153153011,U S SENATE,,RUTH SMITH,,4.000000
2014,19153153011,U S SENATE,,WRITE IN,,2.000000
2014,19153153012,ATTORNEY GENERAL,,ADAM GREGG,REPUBLICAN PARTY,442.000000
2014,19153153012,ATTORNEY GENERAL,,TOM MILLER,DEMOCRATIC PARTY,575.000000
2014,19153153012,ATTORNEY GENERAL,,WRITE IN,,4.000000
2014,19153153012,AUDITOR OF STATE,,JONATHAN NEIDERBACH,DEMOCRATIC PARTY,385.000000
2014,19153153012,AUDITOR OF STATE,,MARY MOSIMAN,REPUBLICAN PARTY,593.000000
2014,19153153012,AUDITOR OF STATE,,WRITE IN,,2.000000
2014,19153153012,GOVERNOR,,JACK HATCH MONICA VERNON,DEMOCRATIC PARTY,357.000000
2014,19153153012,GOVERNOR,,JIM HENNAGER MARY MARGARET KRIEG,NEW INDEPENDENT PARTY IOWA,16.000000
2014,19153153012,GOVERNOR,,JONATHAN R NARCISSE MICHAEL L RICHARDS,IOWA PARTY,12.000000
2014,19153153012,GOVERNOR,,LEE DEAKINS HIEB TIM WATSON,LIBERTARIAN PARTY,20.000000
2014,19153153012,GOVERNOR,,TERRY E BRANSTAD KIM REYNOLDS,REPUBLICAN PARTY,639.000000
2014,19153153012,GOVERNOR,,WRITE IN,,2.000000
2014,19153153012,SECRETARY OF AGRICULTURE,,BILL NORTHEY,REPUBLICAN PARTY,685.000000
2014,19153153012,SECRETARY OF AGRICULTURE,,LEVI BENNING,NEW INDEPENDENT PARTY IOWA,33.000000
2014,19153153012,SECRETARY OF AGRICULTURE,,SHERRIE TAHA,DEMOCRATIC PARTY,291.000000
2014,19153153012,SECRETARY OF AGRICULTURE,,WRITE IN,,2.000000
2014,19153153012,SECRETARY OF STATE,,BRAD ANDERSON,DEMOCRATIC PARTY,443.000000
2014,19153153012,SECRETARY OF STATE,,JAKE PORTER,LIBERTARIAN PARTY,25.000000
2014,19153153012,SECRETARY OF STATE,,PAUL D PATE,REPUBLICAN PARTY,519.000000
2014,19153153012,SECRETARY OF STATE,,SPENCER HIGHLAND,NEW INDEPENDENT PARTY IOWA,28.000000
2014,19153153012,SECRETARY OF STATE,,WRITE IN,,1.000000
2014,19153153012,TREASURER OF STATE,,KEITH A LAUBE,LIBERTARIAN PARTY,35.000000
2014,19153153012,TREASURER OF STATE,,MICHAEL L FITZGERALD,DEMOCRATIC PARTY,522.000000
2014,19153153012,TREASURER OF STATE,,SAM CLOVIS,REPUBLICAN PARTY,450.000000
2014,19153153012,TREASURER OF STATE,,WRITE IN,,5.000000
2014,19153153012,U S SENATE,,BOB QUAST,BOB QUAST FOR TERM LIMITS,9.000000
2014,19153153012,U S SENATE,,BRUCE BRALEY,DEMOCRATIC PARTY,434.000000
2014,19153153012,U S SENATE,,DOUGLAS BUTZIER,LIBERTARIAN PARTY,7.000000
2014,19153153012,U S SENATE,,JONI ERNST,REPUBLICAN PARTY,568.000000
2014,19153153012,U S SENATE,,RICK STEWART,INDEPENDENT,21.000000
2014,19153153012,U S SENATE,,RUTH SMITH,,2.000000
2014,19153153012,U S SENATE,,WRITE IN,,6.000000
2014,19153153013,ATTORNEY GENERAL,,ADAM GREGG,REPUBLICAN PARTY,579.000000
2014,19153153013,ATTORNEY GENERAL,,TOM MILLER,DEMOCRATIC PARTY,701.000000
2014,19153153013,ATTORNEY GENERAL,,WRITE IN,,2.000000
2014,19153153013,AUDITOR OF STATE,,JONATHAN NEIDERBACH,DEMOCRATIC PARTY,468.000000
2014,19153153013,AUDITOR OF STATE,,MARY MOSIMAN,REPUBLICAN PARTY,763.000000
2014,19153153013,AUDITOR OF STATE,,WRITE IN,,3.000000
2014,19153153013,GOVERNOR,,JACK HATCH MONICA VERNON,DEMOCRATIC PARTY,459.000000
2014,19153153013,GOVERNOR,,JIM HENNAGER MARY MARGARET KRIEG,NEW INDEPENDENT PARTY IOWA,10.000000
2014,19153153013,GOVERNOR,,JONATHAN R NARCISSE MICHAEL L RICHARDS,IOWA PARTY,12.000000
2014,19153153013,GOVERNOR,,LEE DEAKINS HIEB TIM WATSON,LIBERTARIAN PARTY,36.000000
2014,19153153013,GOVERNOR,,TERRY E BRANSTAD KIM REYNOLDS,REPUBLICAN PARTY,801.000000
2014,19153153013,GOVERNOR,,WRITE IN,,2.000000
2014,19153153013,SECRETARY OF AGRICULTURE,,BILL NORTHEY,REPUBLICAN PARTY,854.000000
2014,19153153013,SECRETARY OF AGRICULTURE,,LEVI BENNING,NEW INDEPENDENT PARTY IOWA,34.000000
2014,19153153013,SECRETARY OF AGRICULTURE,,SHERRIE TAHA,DEMOCRATIC PARTY,388.000000
2014,19153153013,SECRETARY OF AGRICULTURE,,WRITE IN,,0.000000
2014,19153153013,SECRETARY OF STATE,,BRAD ANDERSON,DEMOCRATIC PARTY,544.000000
2014,19153153013,SECRETARY OF STATE,,JAKE PORTER,LIBERTARIAN PARTY,34.000000
2014,19153153013,SECRETARY OF STATE,,PAUL D PATE,REPUBLICAN PARTY,667.000000
2014,19153153013,SECRETARY OF STATE,,SPENCER HIGHLAND,NEW INDEPENDENT PARTY IOWA,21.000000
2014,19153153013,SECRETARY OF STATE,,WRITE IN,,1.000000
2014,19153153013,TREASURER OF STATE,,KEITH A LAUBE,LIBERTARIAN PARTY,29.000000
2014,19153153013,TREASURER OF STATE,,MICHAEL L FITZGERALD,DEMOCRATIC PARTY,655.000000
2014,19153153013,TREASURER OF STATE,,SAM CLOVIS,REPUBLICAN PARTY,590.000000
2014,19153153013,TREASURER OF STATE,,WRITE IN,,1.000000
2014,19153153013,U S SENATE,,BOB QUAST,BOB QUAST FOR TERM LIMITS,8.000000
2014,19153153013,U S SENATE,,BRUCE BRALEY,DEMOCRATIC PARTY,514.000000
2014,19153153013,U S SENATE,,DOUGLAS BUTZIER,LIBERTARIAN PARTY,11.000000
2014,19153153013,U S SENATE,,JONI ERNST,REPUBLICAN PARTY,757.000000
2014,19153153013,U S SENATE,,RICK STEWART,INDEPENDENT,27.000000
2014,19153153013,U S SENATE,,RUTH SMITH,,4.000000
2014,19153153013,U S SENATE,,WRITE IN,,1.000000
2014,19153153015,ATTORNEY GENERAL,,ADAM GREGG,REPUBLICAN PARTY,580.000000
2014,19153153015,ATTORNEY GENERAL,,TOM MILLER,DEMOCRATIC PARTY,802.000000
2014,19153153015,ATTORNEY GENERAL,,WRITE IN,,1.000000
2014,19153153015,AUDITOR OF STATE,,JONATHAN NEIDERBACH,DEMOCRATIC PARTY,545.000000
2014,19153153015,AUDITOR OF STATE,,MARY MOSIMAN,REPUBLICAN PARTY,762.000000
2014,19153153015,AUDITOR OF STATE,,WRITE IN,,6.000000
2014,19153153015,GOVERNOR,,JACK HATCH MONICA VERNON,DEMOCRATIC PARTY,543.000000
2014,19153153015,GOVERNOR,,JIM HENNAGER MARY MARGARET KRIEG,NEW INDEPENDENT PARTY IOWA,7.000000
2014,19153153015,GOVERNOR,,JONATHAN R NARCISSE MICHAEL L RICHARDS,IOWA PARTY,10.000000
2014,19153153015,GOVERNOR,,LEE DEAKINS HIEB TIM WATSON,LIBERTARIAN PARTY,31.000000
2014,19153153015,GOVERNOR,,TERRY E BRANSTAD KIM REYNOLDS,REPUBLICAN PARTY,821.000000
2014,19153153015,GOVERNOR,,WRITE IN,,4.000000
2014,19153153015,SECRETARY OF AGRICULTURE,,BILL NORTHEY,REPUBLICAN PARTY,857.000000
2014,19153153015,SECRETARY OF AGRICULTURE,,LEVI BENNING,NEW INDEPENDENT PARTY IOWA,43.000000
2014,19153153015,SECRETARY OF AGRICULTURE,,SHERRIE TAHA,DEMOCRATIC PARTY,452.000000
2014,19153153015,SECRETARY OF AGRICULTURE,,WRITE IN,,2.000000
2014,19153153015,SECRETARY OF STATE,,BRAD ANDERSON,DEMOCRATIC PARTY,641.000000
2014,19153153015,SECRETARY OF STATE,,JAKE PORTER,LIBERTARIAN PARTY,38.000000
2014,19153153015,SECRETARY OF STATE,,PAUL D PATE,REPUBLICAN PARTY,661.000000
2014,19153153015,SECRETARY OF STATE,,SPENCER HIGHLAND,NEW INDEPENDENT PARTY IOWA,22.000000
2014,19153153015,SECRETARY OF STATE,,WRITE IN,,1.000000
2014,19153153015,TREASURER OF STATE,,KEITH A LAUBE,LIBERTARIAN PARTY,42.000000
2014,19153153015,TREASURER OF STATE,,MICHAEL L FITZGERALD,DEMOCRATIC PARTY,762.000000
2014,19153153015,TREASURER OF STATE,,SAM CLOVIS,REPUBLICAN PARTY,572.000000
2014,19153153015,TREASURER OF STATE,,WRITE IN,,2.000000
2014,19153153015,U S SENATE,,BOB QUAST,BOB QUAST FOR TERM LIMITS,9.000000
2014,19153153015,U S SENATE,,BRUCE BRALEY,DEMOCRATIC PARTY,610.000000
2014,19153153015,U S SENATE,,DOUGLAS BUTZIER,LIBERTARIAN PARTY,12.000000
2014,19153153015,U S SENATE,,JONI ERNST,REPUBLICAN PARTY,751.000000
2014,19153153015,U S SENATE,,RICK STEWART,INDEPENDENT,28.000000
2014,19153153015,U S SENATE,,RUTH SMITH,,2.000000
2014,19153153015,U S SENATE,,WRITE IN,,4.000000
2014,19153153016,ATTORNEY GENERAL,,ADAM GREGG,REPUBLICAN PARTY,402.000000
2014,19153153016,ATTORNEY GENERAL,,TOM MILLER,DEMOCRATIC PARTY,543.000000
2014,19153153016,ATTORNEY GENERAL,,WRITE IN,,2.000000
2014,19153153016,AUDITOR OF STATE,,JONATHAN NEIDERBACH,DEMOCRATIC PARTY,407.000000
2014,19153153016,AUDITOR OF STATE,,MARY MOSIMAN,REPUBLICAN PARTY,516.000000
2014,19153153016,AUDITOR OF STATE,,WRITE IN,,1.000000
2014,19153153016,GOVERNOR,,JACK HATCH MONICA VERNON,DEMOCRATIC PARTY,373.000000
2014,19153153016,GOVERNOR,,JIM HENNAGER MARY MARGARET KRIEG,NEW INDEPENDENT PARTY IOWA,7.000000
2014,19153153016,GOVERNOR,,JONATHAN R NARCISSE MICHAEL L RICHARDS,IOWA PARTY,13.000000
2014,19153153016,GOVERNOR,,LEE DEAKINS HIEB TIM WATSON,LIBERTARIAN PARTY,28.000000
2014,19153153016,GOVERNOR,,TERRY E BRANSTAD KIM REYNOLDS,REPUBLICAN PARTY,552.000000
2014,19153153016,GOVERNOR,,WRITE IN,,1.000000
2014,19153153016,SECRETARY OF AGRICULTURE,,BILL NORTHEY,REPUBLICAN PARTY,581.000000
2014,19153153016,SECRETARY OF AGRICULTURE,,LEVI BENNING,NEW INDEPENDENT PARTY IOWA,33.000000
2014,19153153016,SECRETARY OF AGRICULTURE,,SHERRIE TAHA,DEMOCRATIC PARTY,329.000000
2014,19153153016,SECRETARY OF AGRICULTURE,,WRITE IN,,0.000000
2014,19153153016,SECRETARY OF STATE,,BRAD ANDERSON,DEMOCRATIC PARTY,452.000000
2014,19153153016,SECRETARY OF STATE,,JAKE PORTER,LIBERTARIAN PARTY,51.000000
2014,19153153016,SECRETARY OF STATE,,PAUL D PATE,REPUBLICAN PARTY,418.000000
2014,19153153016,SECRETARY OF STATE,,SPENCER HIGHLAND,NEW INDEPENDENT PARTY IOWA,24.000000
2014,19153153016,SECRETARY OF STATE,,WRITE IN,,0.000000
2014,19153153016,TREASURER OF STATE,,KEITH A LAUBE,LIBERTARIAN PARTY,36.000000
2014,19153153016,TREASURER OF STATE,,MICHAEL L FITZGERALD,DEMOCRATIC PARTY,516.000000
2014,19153153016,TREASURER OF STATE,,SAM CLOVIS,REPUBLICAN PARTY,395.000000
2014,19153153016,TREASURER OF STATE,,WRITE IN,,0.000000
2014,19153153016,U S SENATE,,BOB QUAST,BOB QUAST FOR TERM LIMITS,5.000000
2014,19153153016,U S SENATE,,BRUCE BRALEY,DEMOCRATIC PARTY,435.000000
2014,19153153016,U S SENATE,,DOUGLAS BUTZIER,LIBERTARIAN PARTY,6.000000
2014,19153153016,U S SENATE,,JONI ERNST,REPUBLICAN PARTY,493.000000
2014,19153153016,U S SENATE,,RICK STEWART,INDEPENDENT,30.000000
2014,19153153016,U S SENATE,,RUTH SMITH,,4.000000
2014,19153153016,U S SENATE,,WRITE IN,,1.000000
2014,19153153017,ATTORNEY GENERAL,,ADAM GREGG,REPUBLICAN PARTY,568.000000
2014,19153153017,ATTORNEY GENERAL,,TOM MILLER,DEMOCRATIC PARTY,654.000000
2014,19153153017,ATTORNEY GENERAL,,WRITE IN,,1.000000
2014,19153153017,AUDITOR OF STATE,,JONATHAN NEIDERBACH,DEMOCRATIC PARTY,462.000000
2014,19153153017,AUDITOR OF STATE,,MARY MOSIMAN,REPUBLICAN PARTY,732.000000
2014,19153153017,AUDITOR OF STATE,,WRITE IN,,2.000000
2014,19153153017,GOVERNOR,,JACK HATCH MONICA VERNON,DEMOCRATIC PARTY,429.000000
2014,19153153017,GOVERNOR,,JIM HENNAGER MARY MARGARET KRIEG,NEW INDEPENDENT PARTY IOWA,10.000000
2014,19153153017,GOVERNOR,,JONATHAN R NARCISSE MICHAEL L RICHARDS,IOWA PARTY,13.000000
2014,19153153017,GOVERNOR,,LEE DEAKINS HIEB TIM WATSON,LIBERTARIAN PARTY,23.000000
2014,19153153017,GOVERNOR,,TERRY E BRANSTAD KIM REYNOLDS,REPUBLICAN PARTY,784.000000
2014,19153153017,GOVERNOR,,WRITE IN,,4.000000
2014,19153153017,SECRETARY OF AGRICULTURE,,BILL NORTHEY,REPUBLICAN PARTY,819.000000
2014,19153153017,SECRETARY OF AGRICULTURE,,LEVI BENNING,NEW INDEPENDENT PARTY IOWA,35.000000
2014,19153153017,SECRETARY OF AGRICULTURE,,SHERRIE TAHA,DEMOCRATIC PARTY,358.000000
2014,19153153017,SECRETARY OF AGRICULTURE,,WRITE IN,,1.000000
2014,19153153017,SECRETARY OF STATE,,BRAD ANDERSON,DEMOCRATIC PARTY,550.000000
2014,19153153017,SECRETARY OF STATE,,JAKE PORTER,LIBERTARIAN PARTY,36.000000
2014,19153153017,SECRETARY OF STATE,,PAUL D PATE,REPUBLICAN PARTY,623.000000
2014,19153153017,SECRETARY OF STATE,,SPENCER HIGHLAND,NEW INDEPENDENT PARTY IOWA,22.000000
2014,19153153017,SECRETARY OF STATE,,WRITE IN,,1.000000
2014,19153153017,TREASURER OF STATE,,KEITH A LAUBE,LIBERTARIAN PARTY,36.000000
2014,19153153017,TREASURER OF STATE,,MICHAEL L FITZGERALD,DEMOCRATIC PARTY,630.000000
2014,19153153017,TREASURER OF STATE,,SAM CLOVIS,REPUBLICAN PARTY,567.000000
2014,19153153017,TREASURER OF STATE,,WRITE IN,,4.000000
2014,19153153017,U S SENATE,,BOB QUAST,BOB QUAST FOR TERM LIMITS,7.000000
2014,19153153017,U S SENATE,,BRUCE BRALEY,DEMOCRATIC PARTY,521.000000
2014,19153153017,U S SENATE,,DOUGLAS BUTZIER,LIBERTARIAN PARTY,10.000000
2014,19153153017,U S SENATE,,JONI ERNST,REPUBLICAN PARTY,704.000000
2014,19153153017,U S SENATE,,RICK STEWART,INDEPENDENT,22.000000
2014,19153153017,U S SENATE,,RUTH SMITH,,4.000000
2014,19153153017,U S SENATE,,WRITE IN,,1.000000
2014,19153153019,ATTORNEY GENERAL,,ADAM GREGG,REPUBLICAN PARTY,557.000000
2014,19153153019,ATTORNEY GENERAL,,TOM MILLER,DEMOCRATIC PARTY,650.000000
2014,19153153019,ATTORNEY GENERAL,,WRITE IN,,0.000000
2014,19153153019,AUDITOR OF STATE,,JONATHAN NEIDERBACH,DEMOCRATIC PARTY,451.000000
2014,19153153019,AUDITOR OF STATE,,MARY MOSIMAN,REPUBLICAN PARTY,718.000000
2014,19153153019,AUDITOR OF STATE,,WRITE IN,,0.000000
2014,19153153019,GOVERNOR,,JACK HATCH MONICA VERNON,DEMOCRATIC PARTY,439.000000
2014,19153153019,GOVERNOR,,JIM HENNAGER MARY MARGARET KRIEG,NEW INDEPENDENT PARTY IOWA,15.000000
2014,19153153019,GOVERNOR,,JONATHAN R NARCISSE MICHAEL L RICHARDS,IOWA PARTY,16.000000
2014,19153153019,GOVERNOR,,LEE DEAKINS HIEB TIM WATSON,LIBERTARIAN PARTY,28.000000
2014,19153153019,GOVERNOR,,TERRY E BRANSTAD KIM REYNOLDS,REPUBLICAN PARTY,735.000000
2014,19153153019,GOVERNOR,,WRITE IN,,0.000000
2014,19153153019,SECRETARY OF AGRICULTURE,,BILL NORTHEY,REPUBLICAN PARTY,801.000000
2014,19153153019,SECRETARY OF AGRICULTURE,,LEVI BENNING,NEW INDEPENDENT PARTY IOWA,34.000000
2014,19153153019,SECRETARY OF AGRICULTURE,,SHERRIE TAHA,DEMOCRATIC PARTY,363.000000
2014,19153153019,SECRETARY OF AGRICULTURE,,WRITE IN,,0.000000
2014,19153153019,SECRETARY OF STATE,,BRAD ANDERSON,DEMOCRATIC PARTY,512.000000
2014,19153153019,SECRETARY OF STATE,,JAKE PORTER,LIBERTARIAN PARTY,34.000000
2014,19153153019,SECRETARY OF STATE,,PAUL D PATE,REPUBLICAN PARTY,634.000000
2014,19153153019,SECRETARY OF STATE,,SPENCER HIGHLAND,NEW INDEPENDENT PARTY IOWA,23.000000
2014,19153153019,SECRETARY OF STATE,,WRITE IN,,0.000000
2014,19153153019,TREASURER OF STATE,,KEITH A LAUBE,LIBERTARIAN PARTY,40.000000
2014,19153153019,TREASURER OF STATE,,MICHAEL L FITZGERALD,DEMOCRATIC PARTY,615.000000
2014,19153153019,TREASURER OF STATE,,SAM CLOVIS,REPUBLICAN PARTY,543.000000
2014,19153153019,TREASURER OF STATE,,WRITE IN,,0.000000
2014,19153153019,U S SENATE,,BOB QUAST,BOB QUAST FOR TERM LIMITS,7.000000
2014,19153153019,U S SENATE,,BRUCE BRALEY,DEMOCRATIC PARTY,503.000000
2014,19153153019,U S SENATE,,DOUGLAS BUTZIER,LIBERTARIAN PARTY,8.000000
2014,19153153019,U S SENATE,,JONI ERNST,REPUBLICAN PARTY,690.000000
2014,19153153019,U S SENATE,,RICK STEWART,INDEPENDENT,27.000000
2014,19153153019,U S SENATE,,RUTH SMITH,,2.000000
2014,19153153019,U S SENATE,,WRITE IN,,0.000000
2014,19153153020,ATTORNEY GENERAL,,ADAM GREGG,REPUBLICAN PARTY,576.000000
2014,19153153020,ATTORNEY GENERAL,,TOM MILLER,DEMOCRATIC PARTY,675.000000
2014,19153153020,ATTORNEY GENERAL,,WRITE IN,,5.000000
2014,19153153020,AUDITOR OF STATE,,JONATHAN NEIDERBACH,DEMOCRATIC PARTY,472.000000
2014,19153153020,AUDITOR OF STATE,,MARY MOSIMAN,REPUBLICAN PARTY,730.000000
2014,19153153020,AUDITOR OF STATE,,WRITE IN,,4.000000
2014,19153153020,GOVERNOR,,JACK HATCH MONICA VERNON,DEMOCRATIC PARTY,432.000000
2014,19153153020,GOVERNOR,,JIM HENNAGER MARY MARGARET KRIEG,NEW INDEPENDENT PARTY IOWA,13.000000
2014,19153153020,GOVERNOR,,JONATHAN R NARCISSE MICHAEL L RICHARDS,IOWA PARTY,18.000000
2014,19153153020,GOVERNOR,,LEE DEAKINS HIEB TIM WATSON,LIBERTARIAN PARTY,52.000000
2014,19153153020,GOVERNOR,,TERRY E BRANSTAD KIM REYNOLDS,REPUBLICAN PARTY,754.000000
2014,19153153020,GOVERNOR,,WRITE IN,,3.000000
2014,19153153020,SECRETARY OF AGRICULTURE,,BILL NORTHEY,REPUBLICAN PARTY,806.000000
2014,19153153020,SECRETARY OF AGRICULTURE,,LEVI BENNING,NEW INDEPENDENT PARTY IOWA,44.000000
2014,19153153020,SECRETARY OF AGRICULTURE,,SHERRIE TAHA,DEMOCRATIC PARTY,385.000000
2014,19153153020,SECRETARY OF AGRICULTURE,,WRITE IN,,3.000000
2014,19153153020,SECRETARY OF STATE,,BRAD ANDERSON,DEMOCRATIC PARTY,534.000000
2014,19153153020,SECRETARY OF STATE,,JAKE PORTER,LIBERTARIAN PARTY,45.000000
2014,19153153020,SECRETARY OF STATE,,PAUL D PATE,REPUBLICAN PARTY,627.000000
2014,19153153020,SECRETARY OF STATE,,SPENCER HIGHLAND,NEW INDEPENDENT PARTY IOWA,26.000000
2014,19153153020,SECRETARY OF STATE,,WRITE IN,,4.000000
2014,19153153020,TREASURER OF STATE,,KEITH A LAUBE,LIBERTARIAN PARTY,32.000000
2014,19153153020,TREASURER OF STATE,,MICHAEL L FITZGERALD,DEMOCRATIC PARTY,631.000000
2014,19153153020,TREASURER OF STATE,,SAM CLOVIS,REPUBLICAN PARTY,576.000000
2014,19153153020,TREASURER OF STATE,,WRITE IN,,2.000000
2014,19153153020,U S SENATE,,BOB QUAST,BOB QUAST FOR TERM LIMITS,8.000000
2014,19153153020,U S SENATE,,BRUCE BRALEY,DEMOCRATIC PARTY,504.000000
2014,19153153020,U S SENATE,,DOUGLAS BUTZIER,LIBERTARIAN PARTY,13.000000
2014,19153153020,U S SENATE,,JONI ERNST,REPUBLICAN PARTY,722.000000
2014,19153153020,U S SENATE,,RICK STEWART,INDEPENDENT,26.000000
2014,19153153020,U S SENATE,,RUTH SMITH,,1.000000
2014,19153153020,U S SENATE,,WRITE IN,,5.000000
2014,19153153021,ATTORNEY GENERAL,,ADAM GREGG,REPUBLICAN PARTY,779.000000
2014,19153153021,ATTORNEY GENERAL,,TOM MILLER,DEMOCRATIC PARTY,732.000000
2014,19153153021,ATTORNEY GENERAL,,WRITE IN,,0.000000
2014,19153153021,AUDITOR OF STATE,,JONATHAN NEIDERBACH,DEMOCRATIC PARTY,496.000000
2014,19153153021,AUDITOR OF STATE,,MARY MOSIMAN,REPUBLICAN PARTY,968.000000
2014,19153153021,AUDITOR OF STATE,,WRITE IN,,4.000000
2014,19153153021,GOVERNOR,,JACK HATCH MONICA VERNON,DEMOCRATIC PARTY,492.000000
2014,19153153021,GOVERNOR,,JIM HENNAGER MARY MARGARET KRIEG,NEW INDEPENDENT PARTY IOWA,10.000000
2014,19153153021,GOVERNOR,,JONATHAN R NARCISSE MICHAEL L RICHARDS,IOWA PARTY,9.000000
2014,19153153021,GOVERNOR,,LEE DEAKINS HIEB TIM WATSON,LIBERTARIAN PARTY,30.000000
2014,19153153021,GOVERNOR,,TERRY E BRANSTAD KIM REYNOLDS,REPUBLICAN PARTY,1005.000000
2014,19153153021,GOVERNOR,,WRITE IN,,7.000000
2014,19153153021,SECRETARY OF AGRICULTURE,,BILL NORTHEY,REPUBLICAN PARTY,1086.000000
2014,19153153021,SECRETARY OF AGRICULTURE,,LEVI BENNING,NEW INDEPENDENT PARTY IOWA,48.000000
2014,19153153021,SECRETARY OF AGRICULTURE,,SHERRIE TAHA,DEMOCRATIC PARTY,376.000000
2014,19153153021,SECRETARY OF AGRICULTURE,,WRITE IN,,1.000000
2014,19153153021,SECRETARY OF STATE,,BRAD ANDERSON,DEMOCRATIC PARTY,599.000000
2014,19153153021,SECRETARY OF STATE,,JAKE PORTER,LIBERTARIAN PARTY,50.000000
2014,19153153021,SECRETARY OF STATE,,PAUL D PATE,REPUBLICAN PARTY,843.000000
2014,19153153021,SECRETARY OF STATE,,SPENCER HIGHLAND,NEW INDEPENDENT PARTY IOWA,18.000000
2014,19153153021,SECRETARY OF STATE,,WRITE IN,,1.000000
2014,19153153021,TREASURER OF STATE,,KEITH A LAUBE,LIBERTARIAN PARTY,42.000000
2014,19153153021,TREASURER OF STATE,,MICHAEL L FITZGERALD,DEMOCRATIC PARTY,713.000000
2014,19153153021,TREASURER OF STATE,,SAM CLOVIS,REPUBLICAN PARTY,750.000000
2014,19153153021,TREASURER OF STATE,,WRITE IN,,1.000000
2014,19153153021,U S SENATE,,BOB QUAST,BOB QUAST FOR TERM LIMITS,5.000000
2014,19153153021,U S SENATE,,BRUCE BRALEY,DEMOCRATIC PARTY,567.000000
2014,19153153021,U S SENATE,,DOUGLAS BUTZIER,LIBERTARIAN PARTY,9.000000
2014,19153153021,U S SENATE,,JONI ERNST,REPUBLICAN PARTY,949.000000
2014,19153153021,U S SENATE,,RICK STEWART,INDEPENDENT,26.000000
2014,19153153021,U S SENATE,,RUTH SMITH,,2.000000
2014,19153153021,U S SENATE,,WRITE IN,,0.000000
2014,19153153022,ATTORNEY GENERAL,,ADAM GREGG,REPUBLICAN PARTY,808.000000
2014,19153153022,ATTORNEY GENERAL,,TOM MILLER,DEMOCRATIC PARTY,837.000000
2014,19153153022,ATTORNEY GENERAL,,WRITE IN,,5.000000
2014,19153153022,AUDITOR OF STATE,,JONATHAN NEIDERBACH,DEMOCRATIC PARTY,588.000000
2014,19153153022,AUDITOR OF STATE,,MARY MOSIMAN,REPUBLICAN PARTY,997.000000
2014,19153153022,AUDITOR OF STATE,,WRITE IN,,1.000000
2014,19153153022,GOVERNOR,,JACK HATCH MONICA VERNON,DEMOCRATIC PARTY,531.000000
2014,19153153022,GOVERNOR,,JIM HENNAGER MARY MARGARET KRIEG,NEW INDEPENDENT PARTY IOWA,17.000000
2014,19153153022,GOVERNOR,,JONATHAN R NARCISSE MICHAEL L RICHARDS,IOWA PARTY,24.000000
2014,19153153022,GOVERNOR,,LEE DEAKINS HIEB TIM WATSON,LIBERTARIAN PARTY,31.000000
2014,19153153022,GOVERNOR,,TERRY E BRANSTAD KIM REYNOLDS,REPUBLICAN PARTY,1100.000000
2014,19153153022,GOVERNOR,,WRITE IN,,5.000000
2014,19153153022,SECRETARY OF AGRICULTURE,,BILL NORTHEY,REPUBLICAN PARTY,1143.000000
2014,19153153022,SECRETARY OF AGRICULTURE,,LEVI BENNING,NEW INDEPENDENT PARTY IOWA,55.000000
2014,19153153022,SECRETARY OF AGRICULTURE,,SHERRIE TAHA,DEMOCRATIC PARTY,427.000000
2014,19153153022,SECRETARY OF AGRICULTURE,,WRITE IN,,0.000000
2014,19153153022,SECRETARY OF STATE,,BRAD ANDERSON,DEMOCRATIC PARTY,667.000000
2014,19153153022,SECRETARY OF STATE,,JAKE PORTER,LIBERTARIAN PARTY,55.000000
2014,19153153022,SECRETARY OF STATE,,PAUL D PATE,REPUBLICAN PARTY,870.000000
2014,19153153022,SECRETARY OF STATE,,SPENCER HIGHLAND,NEW INDEPENDENT PARTY IOWA,34.000000
2014,19153153022,SECRETARY OF STATE,,WRITE IN,,1.000000
2014,19153153022,TREASURER OF STATE,,KEITH A LAUBE,LIBERTARIAN PARTY,43.000000
2014,19153153022,TREASURER OF STATE,,MICHAEL L FITZGERALD,DEMOCRATIC PARTY,806.000000
2014,19153153022,TREASURER OF STATE,,SAM CLOVIS,REPUBLICAN PARTY,784.000000
2014,19153153022,TREASURER OF STATE,,WRITE IN,,1.000000
2014,19153153022,U S SENATE,,BOB QUAST,BOB QUAST FOR TERM LIMITS,7.000000
2014,19153153022,U S SENATE,,BRUCE BRALEY,DEMOCRATIC PARTY,603.000000
2014,19153153022,U S SENATE,,DOUGLAS BUTZIER,LIBERTARIAN PARTY,10.000000
2014,19153153022,U S SENATE,,JONI ERNST,REPUBLICAN PARTY,1047.000000
2014,19153153022,U S SENATE,,RICK STEWART,INDEPENDENT,39.000000
2014,19153153022,U S SENATE,,RUTH SMITH,,6.000000
2014,19153153022,U S SENATE,,WRITE IN,,2.000000
2014,19153153023,ATTORNEY GENERAL,,ADAM GREGG,REPUBLICAN PARTY,529.000000
2014,19153153023,ATTORNEY GENERAL,,TOM MILLER,DEMOCRATIC PARTY,502.000000
2014,19153153023,ATTORNEY GENERAL,,WRITE IN,,0.000000
2014,19153153023,AUDITOR OF STATE,,JONATHAN NEIDERBACH,DEMOCRATIC PARTY,306.000000
2014,19153153023,AUDITOR OF STATE,,MARY MOSIMAN,REPUBLICAN PARTY,673.000000
2014,19153153023,AUDITOR OF STATE,,WRITE IN,,2.000000
2014,19153153023,GOVERNOR,,JACK HATCH MONICA VERNON,DEMOCRATIC PARTY,268.000000
2014,19153153023,GOVERNOR,,JIM HENNAGER MARY MARGARET KRIEG,NEW INDEPENDENT PARTY IOWA,12.000000
2014,19153153023,GOVERNOR,,JONATHAN R NARCISSE MICHAEL L RICHARDS,IOWA PARTY,12.000000
2014,19153153023,GOVERNOR,,LEE DEAKINS HIEB TIM WATSON,LIBERTARIAN PARTY,30.000000
2014,19153153023,GOVERNOR,,TERRY E BRANSTAD KIM REYNOLDS,REPUBLICAN PARTY,727.000000
2014,19153153023,GOVERNOR,,WRITE IN,,5.000000
2014,19153153023,SECRETARY OF AGRICULTURE,,BILL NORTHEY,REPUBLICAN PARTY,756.000000
2014,19153153023,SECRETARY OF AGRICULTURE,,LEVI BENNING,NEW INDEPENDENT PARTY IOWA,25.000000
2014,19153153023,SECRETARY OF AGRICULTURE,,SHERRIE TAHA,DEMOCRATIC PARTY,235.000000
2014,19153153023,SECRETARY OF AGRICULTURE,,WRITE IN,,2.000000
2014,19153153023,SECRETARY OF STATE,,BRAD ANDERSON,DEMOCRATIC PARTY,369.000000
2014,19153153023,SECRETARY OF STATE,,JAKE PORTER,LIBERTARIAN PARTY,31.000000
2014,19153153023,SECRETARY OF STATE,,PAUL D PATE,REPUBLICAN PARTY,599.000000
2014,19153153023,SECRETARY OF STATE,,SPENCER HIGHLAND,NEW INDEPENDENT PARTY IOWA,15.000000
2014,19153153023,SECRETARY OF STATE,,WRITE IN,,4.000000
2014,19153153023,TREASURER OF STATE,,KEITH A LAUBE,LIBERTARIAN PARTY,22.000000
2014,19153153023,TREASURER OF STATE,,MICHAEL L FITZGERALD,DEMOCRATIC PARTY,458.000000
2014,19153153023,TREASURER OF STATE,,SAM CLOVIS,REPUBLICAN PARTY,532.000000
2014,19153153023,TREASURER OF STATE,,WRITE IN,,2.000000
2014,19153153023,U S SENATE,,BOB QUAST,BOB QUAST FOR TERM LIMITS,7.000000
2014,19153153023,U S SENATE,,BRUCE BRALEY,DEMOCRATIC PARTY,316.000000
2014,19153153023,U S SENATE,,DOUGLAS BUTZIER,LIBERTARIAN PARTY,5.000000
2014,19153153023,U S SENATE,,JONI ERNST,REPUBLICAN PARTY,697.000000
2014,19153153023,U S SENATE,,RICK STEWART,INDEPENDENT,28.000000
2014,19153153023,U S SENATE,,RUTH SMITH,,1.000000
2014,19153153023,U S SENATE,,WRITE IN,,0.000000
2014,19153153031,ATTORNEY GENERAL,,ADAM GREGG,REPUBLICAN PARTY,474.000000
2014,19153153031,ATTORNEY GENERAL,,TOM MILLER,DEMOCRATIC PARTY,710.000000
2014,19153153031,ATTORNEY GENERAL,,WRITE IN,,5.000000
2014,19153153031,AUDITOR OF STATE,,JONATHAN NEIDERBACH,DEMOCRATIC PARTY,516.000000
2014,19153153031,AUDITOR OF STATE,,MARY MOSIMAN,REPUBLICAN PARTY,636.000000
2014,19153153031,AUDITOR OF STATE,,WRITE IN,,6.000000
2014,19153153031,GOVERNOR,,JACK HATCH MONICA VERNON,DEMOCRATIC PARTY,504.000000
2014,19153153031,GOVERNOR,,JIM HENNAGER MARY MARGARET KRIEG,NEW INDEPENDENT PARTY IOWA,20.000000
2014,19153153031,GOVERNOR,,JONATHAN R NARCISSE MICHAEL L RICHARDS,IOWA PARTY,16.000000
2014,19153153031,GOVERNOR,,LEE DEAKINS HIEB TIM WATSON,LIBERTARIAN PARTY,35.000000
2014,19153153031,GOVERNOR,,TERRY E BRANSTAD KIM REYNOLDS,REPUBLICAN PARTY,639.000000
2014,19153153031,GOVERNOR,,WRITE IN,,1.000000
2014,19153153031,SECRETARY OF AGRICULTURE,,BILL NORTHEY,REPUBLICAN PARTY,686.000000
2014,19153153031,SECRETARY OF AGRICULTURE,,LEVI BENNING,NEW INDEPENDENT PARTY IOWA,60.000000
2014,19153153031,SECRETARY OF AGRICULTURE,,SHERRIE TAHA,DEMOCRATIC PARTY,418.000000
2014,19153153031,SECRETARY OF AGRICULTURE,,WRITE IN,,2.000000
2014,19153153031,SECRETARY OF STATE,,BRAD ANDERSON,DEMOCRATIC PARTY,566.000000
2014,19153153031,SECRETARY OF STATE,,JAKE PORTER,LIBERTARIAN PARTY,42.000000
2014,19153153031,SECRETARY OF STATE,,PAUL D PATE,REPUBLICAN PARTY,535.000000
2014,19153153031,SECRETARY OF STATE,,SPENCER HIGHLAND,NEW INDEPENDENT PARTY IOWA,42.000000
2014,19153153031,SECRETARY OF STATE,,WRITE IN,,3.000000
2014,19153153031,TREASURER OF STATE,,KEITH A LAUBE,LIBERTARIAN PARTY,47.000000
2014,19153153031,TREASURER OF STATE,,MICHAEL L FITZGERALD,DEMOCRATIC PARTY,649.000000
2014,19153153031,TREASURER OF STATE,,SAM CLOVIS,REPUBLICAN PARTY,482.000000
2014,19153153031,TREASURER OF STATE,,WRITE IN,,1.000000
2014,19153153031,U S SENATE,,BOB QUAST,BOB QUAST FOR TERM LIMITS,10.000000
2014,19153153031,U S SENATE,,BRUCE BRALEY,DEMOCRATIC PARTY,519.000000
2014,19153153031,U S SENATE,,DOUGLAS BUTZIER,LIBERTARIAN PARTY,11.000000
2014,19153153031,U S SENATE,,JONI ERNST,REPUBLICAN PARTY,629.000000
2014,19153153031,U S SENATE,,RICK STEWART,INDEPENDENT,40.000000
2014,19153153031,U S SENATE,,RUTH SMITH,,4.000000
2014,19153153031,U S SENATE,,WRITE IN,,2.000000
2014,19153153032,ATTORNEY GENERAL,,ADAM GREGG,REPUBLICAN PARTY,342.000000
2014,19153153032,ATTORNEY GENERAL,,TOM MILLER,DEMOCRATIC PARTY,568.000000
2014,19153153032,ATTORNEY GENERAL,,WRITE IN,,0.000000
2014,19153153032,AUDITOR OF STATE,,JONATHAN NEIDERBACH,DEMOCRATIC PARTY,414.000000
2014,19153153032,AUDITOR OF STATE,,MARY MOSIMAN,REPUBLICAN PARTY,463.000000
2014,19153153032,AUDITOR OF STATE,,WRITE IN,,1.000000
2014,19153153032,GOVERNOR,,JACK HATCH MONICA VERNON,DEMOCRATIC PARTY,411.000000
2014,19153153032,GOVERNOR,,JIM HENNAGER MARY MARGARET KRIEG,NEW INDEPENDENT PARTY IOWA,2.000000
2014,19153153032,GOVERNOR,,JONATHAN R NARCISSE MICHAEL L RICHARDS,IOWA PARTY,10.000000
2014,19153153032,GOVERNOR,,LEE DEAKINS HIEB TIM WATSON,LIBERTARIAN PARTY,21.000000
2014,19153153032,GOVERNOR,,TERRY E BRANSTAD KIM REYNOLDS,REPUBLICAN PARTY,473.000000
2014,19153153032,GOVERNOR,,WRITE IN,,1.000000
2014,19153153032,SECRETARY OF AGRICULTURE,,BILL NORTHEY,REPUBLICAN PARTY,499.000000
2014,19153153032,SECRETARY OF AGRICULTURE,,LEVI BENNING,NEW INDEPENDENT PARTY IOWA,35.000000
2014,19153153032,SECRETARY OF AGRICULTURE,,SHERRIE TAHA,DEMOCRATIC PARTY,358.000000
2014,19153153032,SECRETARY OF AGRICULTURE,,WRITE IN,,1.000000
2014,19153153032,SECRETARY OF STATE,,BRAD ANDERSON,DEMOCRATIC PARTY,484.000000
2014,19153153032,SECRETARY OF STATE,,JAKE PORTER,LIBERTARIAN PARTY,25.000000
2014,19153153032,SECRETARY OF STATE,,PAUL D PATE,REPUBLICAN PARTY,374.000000
2014,19153153032,SECRETARY OF STATE,,SPENCER HIGHLAND,NEW INDEPENDENT PARTY IOWA,14.000000
2014,19153153032,SECRETARY OF STATE,,WRITE IN,,1.000000
2014,19153153032,TREASURER OF STATE,,KEITH A LAUBE,LIBERTARIAN PARTY,28.000000
2014,19153153032,TREASURER OF STATE,,MICHAEL L FITZGERALD,DEMOCRATIC PARTY,524.000000
2014,19153153032,TREASURER OF STATE,,SAM CLOVIS,REPUBLICAN PARTY,338.000000
2014,19153153032,TREASURER OF STATE,,WRITE IN,,0.000000
2014,19153153032,U S SENATE,,BOB QUAST,BOB QUAST FOR TERM LIMITS,4.000000
2014,19153153032,U S SENATE,,BRUCE BRALEY,DEMOCRATIC PARTY,428.000000
2014,19153153032,U S SENATE,,DOUGLAS BUTZIER,LIBERTARIAN PARTY,10.000000
2014,19153153032,U S SENATE,,JONI ERNST,REPUBLICAN PARTY,454.000000
2014,19153153032,U S SENATE,,RICK STEWART,INDEPENDENT,19.000000
2014,19153153032,U S SENATE,,RUTH SMITH,,4.000000
2014,19153153032,U S SENATE,,WRITE IN,,0.000000
2014,19153153034,ATTORNEY GENERAL,,ADAM GREGG,REPUBLICAN PARTY,255.000000
2014,19153153034,ATTORNEY GENERAL,,TOM MILLER,DEMOCRATIC PARTY,491.000000
2014,19153153034,ATTORNEY GENERAL,,WRITE IN,,1.000000
2014,19153153034,AUDITOR OF STATE,,JONATHAN NEIDERBACH,DEMOCRATIC PARTY,396.000000
2014,19153153034,AUDITOR OF STATE,,MARY MOSIMAN,REPUBLICAN PARTY,330.000000
2014,19153153034,AUDITOR OF STATE,,WRITE IN,,3.000000
2014,19153153034,GOVERNOR,,JACK HATCH MONICA VERNON,DEMOCRATIC PARTY,366.000000
2014,19153153034,GOVERNOR,,JIM HENNAGER MARY MARGARET KRIEG,NEW INDEPENDENT PARTY IOWA,15.000000
2014,19153153034,GOVERNOR,,JONATHAN R NARCISSE MICHAEL L RICHARDS,IOWA PARTY,11.000000
2014,19153153034,GOVERNOR,,LEE DEAKINS HIEB TIM WATSON,LIBERTARIAN PARTY,22.000000
2014,19153153034,GOVERNOR,,TERRY E BRANSTAD KIM REYNOLDS,REPUBLICAN PARTY,348.000000
2014,19153153034,GOVERNOR,,WRITE IN,,0.000000
2014,19153153034,SECRETARY OF AGRICULTURE,,BILL NORTHEY,REPUBLICAN PARTY,369.000000
2014,19153153034,SECRETARY OF AGRICULTURE,,LEVI BENNING,NEW INDEPENDENT PARTY IOWA,49.000000
2014,19153153034,SECRETARY OF AGRICULTURE,,SHERRIE TAHA,DEMOCRATIC PARTY,321.000000
2014,19153153034,SECRETARY OF AGRICULTURE,,WRITE IN,,1.000000
2014,19153153034,SECRETARY OF STATE,,BRAD ANDERSON,DEMOCRATIC PARTY,414.000000
2014,19153153034,SECRETARY OF STATE,,JAKE PORTER,LIBERTARIAN PARTY,22.000000
2014,19153153034,SECRETARY OF STATE,,PAUL D PATE,REPUBLICAN PARTY,283.000000
2014,19153153034,SECRETARY OF STATE,,SPENCER HIGHLAND,NEW INDEPENDENT PARTY IOWA,26.000000
2014,19153153034,SECRETARY OF STATE,,WRITE IN,,1.000000
2014,19153153034,TREASURER OF STATE,,KEITH A LAUBE,LIBERTARIAN PARTY,26.000000
2014,19153153034,TREASURER OF STATE,,MICHAEL L FITZGERALD,DEMOCRATIC PARTY,457.000000
2014,19153153034,TREASURER OF STATE,,SAM CLOVIS,REPUBLICAN PARTY,263.000000
2014,19153153034,TREASURER OF STATE,,WRITE IN,,2.000000
2014,19153153034,U S SENATE,,BOB QUAST,BOB QUAST FOR TERM LIMITS,8.000000
2014,19153153034,U S SENATE,,BRUCE BRALEY,DEMOCRATIC PARTY,379.000000
2014,19153153034,U S SENATE,,DOUGLAS BUTZIER,LIBERTARIAN PARTY,9.000000
2014,19153153034,U S SENATE,,JONI ERNST,REPUBLICAN PARTY,326.000000
2014,19153153034,U S SENATE,,RICK STEWART,INDEPENDENT,35.000000
2014,19153153034,U S SENATE,,RUTH SMITH,,2.000000
2014,19153153034,U S SENATE,,WRITE IN,,3.000000
2014,19153153035,ATTORNEY GENERAL,,ADAM GREGG,REPUBLICAN PARTY,77.000000
2014,19153153035,ATTORNEY GENERAL,,TOM MILLER,DEMOCRATIC PARTY,153.000000
2014,19153153035,ATTORNEY GENERAL,,WRITE IN,,0.000000
2014,19153153035,AUDITOR OF STATE,,JONATHAN NEIDERBACH,DEMOCRATIC PARTY,112.000000
2014,19153153035,AUDITOR OF STATE,,MARY MOSIMAN,REPUBLICAN PARTY,105.000000
2014,19153153035,AUDITOR OF STATE,,WRITE IN,,1.000000
2014,19153153035,GOVERNOR,,JACK HATCH MONICA VERNON,DEMOCRATIC PARTY,118.000000
2014,19153153035,GOVERNOR,,JIM HENNAGER MARY MARGARET KRIEG,NEW INDEPENDENT PARTY IOWA,3.000000
2014,19153153035,GOVERNOR,,JONATHAN R NARCISSE MICHAEL L RICHARDS,IOWA PARTY,2.000000
2014,19153153035,GOVERNOR,,LEE DEAKINS HIEB TIM WATSON,LIBERTARIAN PARTY,2.000000
2014,19153153035,GOVERNOR,,TERRY E BRANSTAD KIM REYNOLDS,REPUBLICAN PARTY,106.000000
2014,19153153035,GOVERNOR,,WRITE IN,,0.000000
2014,19153153035,SECRETARY OF AGRICULTURE,,BILL NORTHEY,REPUBLICAN PARTY,109.000000
2014,19153153035,SECRETARY OF AGRICULTURE,,LEVI BENNING,NEW INDEPENDENT PARTY IOWA,17.000000
2014,19153153035,SECRETARY OF AGRICULTURE,,SHERRIE TAHA,DEMOCRATIC PARTY,97.000000
2014,19153153035,SECRETARY OF AGRICULTURE,,WRITE IN,,0.000000
2014,19153153035,SECRETARY OF STATE,,BRAD ANDERSON,DEMOCRATIC PARTY,126.000000
2014,19153153035,SECRETARY OF STATE,,JAKE PORTER,LIBERTARIAN PARTY,5.000000
2014,19153153035,SECRETARY OF STATE,,PAUL D PATE,REPUBLICAN PARTY,84.000000
2014,19153153035,SECRETARY OF STATE,,SPENCER HIGHLAND,NEW INDEPENDENT PARTY IOWA,8.000000
2014,19153153035,SECRETARY OF STATE,,WRITE IN,,0.000000
2014,19153153035,TREASURER OF STATE,,KEITH A LAUBE,LIBERTARIAN PARTY,9.000000
2014,19153153035,TREASURER OF STATE,,MICHAEL L FITZGERALD,DEMOCRATIC PARTY,141.000000
2014,19153153035,TREASURER OF STATE,,SAM CLOVIS,REPUBLICAN PARTY,73.000000
2014,19153153035,TREASURER OF STATE,,WRITE IN,,0.000000
2014,19153153035,U S SENATE,,BOB QUAST,BOB QUAST FOR TERM LIMITS,1.000000
2014,19153153035,U S SENATE,,BRUCE BRALEY,DEMOCRATIC PARTY,110.000000
2014,19153153035,U S SENATE,,DOUGLAS BUTZIER,LIBERTARIAN PARTY,2.000000
2014,19153153035,U S SENATE,,JONI ERNST,REPUBLICAN PARTY,105.000000
2014,19153153035,U S SENATE,,RICK STEWART,INDEPENDENT,11.000000
2014,19153153035,U S SENATE,,RUTH SMITH,,2.000000
2014,19153153035,U S SENATE,,WRITE IN,,0.000000
2014,19153153041,ATTORNEY GENERAL,,ADAM GREGG,REPUBLICAN PARTY,237.000000
2014,19153153041,ATTORNEY GENERAL,,TOM MILLER,DEMOCRATIC PARTY,280.000000
2014,19153153041,ATTORNEY GENERAL,,WRITE IN,,0.000000
2014,19153153041,AUDITOR OF STATE,,JONATHAN NEIDERBACH,DEMOCRATIC PARTY,175.000000
2014,19153153041,AUDITOR OF STATE,,MARY MOSIMAN,REPUBLICAN PARTY,306.000000
2014,19153153041,AUDITOR OF STATE,,WRITE IN,,1.000000
2014,19153153041,GOVERNOR,,JACK HATCH MONICA VERNON,DEMOCRATIC PARTY,169.000000
2014,19153153041,GOVERNOR,,JIM HENNAGER MARY MARGARET KRIEG,NEW INDEPENDENT PARTY IOWA,8.000000
2014,19153153041,GOVERNOR,,JONATHAN R NARCISSE MICHAEL L RICHARDS,IOWA PARTY,8.000000
2014,19153153041,GOVERNOR,,LEE DEAKINS HIEB TIM WATSON,LIBERTARIAN PARTY,19.000000
2014,19153153041,GOVERNOR,,TERRY E BRANSTAD KIM REYNOLDS,REPUBLICAN PARTY,323.000000
2014,19153153041,GOVERNOR,,WRITE IN,,0.000000
2014,19153153041,SECRETARY OF AGRICULTURE,,BILL NORTHEY,REPUBLICAN PARTY,352.000000
2014,19153153041,SECRETARY OF AGRICULTURE,,LEVI BENNING,NEW INDEPENDENT PARTY IOWA,17.000000
2014,19153153041,SECRETARY OF AGRICULTURE,,SHERRIE TAHA,DEMOCRATIC PARTY,134.000000
2014,19153153041,SECRETARY OF AGRICULTURE,,WRITE IN,,0.000000
2014,19153153041,SECRETARY OF STATE,,BRAD ANDERSON,DEMOCRATIC PARTY,216.000000
2014,19153153041,SECRETARY OF STATE,,JAKE PORTER,LIBERTARIAN PARTY,15.000000
2014,19153153041,SECRETARY OF STATE,,PAUL D PATE,REPUBLICAN PARTY,269.000000
2014,19153153041,SECRETARY OF STATE,,SPENCER HIGHLAND,NEW INDEPENDENT PARTY IOWA,7.000000
2014,19153153041,SECRETARY OF STATE,,WRITE IN,,0.000000
2014,19153153041,TREASURER OF STATE,,KEITH A LAUBE,LIBERTARIAN PARTY,15.000000
2014,19153153041,TREASURER OF STATE,,MICHAEL L FITZGERALD,DEMOCRATIC PARTY,254.000000
2014,19153153041,TREASURER OF STATE,,SAM CLOVIS,REPUBLICAN PARTY,243.000000
2014,19153153041,TREASURER OF STATE,,WRITE IN,,0.000000
2014,19153153041,U S SENATE,,BOB QUAST,BOB QUAST FOR TERM LIMITS,4.000000
2014,19153153041,U S SENATE,,BRUCE BRALEY,DEMOCRATIC PARTY,180.000000
2014,19153153041,U S SENATE,,DOUGLAS BUTZIER,LIBERTARIAN PARTY,9.000000
2014,19153153041,U S SENATE,,JONI ERNST,REPUBLICAN PARTY,315.000000
2014,19153153041,U S SENATE,,RICK STEWART,INDEPENDENT,15.000000
2014,19153153041,U S SENATE,,RUTH SMITH,,3.000000
2014,19153153041,U S SENATE,,WRITE IN,,2.000000
2014,19153153042,ATTORNEY GENERAL,,ADAM GREGG,REPUBLICAN PARTY,445.000000
2014,19153153042,ATTORNEY GENERAL,,TOM MILLER,DEMOCRATIC PARTY,567.000000
2014,19153153042,ATTORNEY GENERAL,,WRITE IN,,2.000000
2014,19153153042,AUDITOR OF STATE,,JONATHAN NEIDERBACH,DEMOCRATIC PARTY,381.000000
2014,19153153042,AUDITOR OF STATE,,MARY MOSIMAN,REPUBLICAN PARTY,583.000000
2014,19153153042,AUDITOR OF STATE,,WRITE IN,,4.000000
2014,19153153042,GOVERNOR,,JACK HATCH MONICA VERNON,DEMOCRATIC PARTY,370.000000
2014,19153153042,GOVERNOR,,JIM HENNAGER MARY MARGARET KRIEG,NEW INDEPENDENT PARTY IOWA,16.000000
2014,19153153042,GOVERNOR,,JONATHAN R NARCISSE MICHAEL L RICHARDS,IOWA PARTY,16.000000
2014,19153153042,GOVERNOR,,LEE DEAKINS HIEB TIM WATSON,LIBERTARIAN PARTY,32.000000
2014,19153153042,GOVERNOR,,TERRY E BRANSTAD KIM REYNOLDS,REPUBLICAN PARTY,606.000000
2014,19153153042,GOVERNOR,,WRITE IN,,0.000000
2014,19153153042,SECRETARY OF AGRICULTURE,,BILL NORTHEY,REPUBLICAN PARTY,682.000000
2014,19153153042,SECRETARY OF AGRICULTURE,,LEVI BENNING,NEW INDEPENDENT PARTY IOWA,44.000000
2014,19153153042,SECRETARY OF AGRICULTURE,,SHERRIE TAHA,DEMOCRATIC PARTY,275.000000
2014,19153153042,SECRETARY OF AGRICULTURE,,WRITE IN,,0.000000
2014,19153153042,SECRETARY OF STATE,,BRAD ANDERSON,DEMOCRATIC PARTY,436.000000
2014,19153153042,SECRETARY OF STATE,,JAKE PORTER,LIBERTARIAN PARTY,33.000000
2014,19153153042,SECRETARY OF STATE,,PAUL D PATE,REPUBLICAN PARTY,503.000000
2014,19153153042,SECRETARY OF STATE,,SPENCER HIGHLAND,NEW INDEPENDENT PARTY IOWA,29.000000
2014,19153153042,SECRETARY OF STATE,,WRITE IN,,0.000000
2014,19153153042,TREASURER OF STATE,,KEITH A LAUBE,LIBERTARIAN PARTY,30.000000
2014,19153153042,TREASURER OF STATE,,MICHAEL L FITZGERALD,DEMOCRATIC PARTY,520.000000
2014,19153153042,TREASURER OF STATE,,SAM CLOVIS,REPUBLICAN PARTY,451.000000
2014,19153153042,TREASURER OF STATE,,WRITE IN,,0.000000
2014,19153153042,U S SENATE,,BOB QUAST,BOB QUAST FOR TERM LIMITS,8.000000
2014,19153153042,U S SENATE,,BRUCE BRALEY,DEMOCRATIC PARTY,382.000000
2014,19153153042,U S SENATE,,DOUGLAS BUTZIER,LIBERTARIAN PARTY,7.000000
2014,19153153042,U S SENATE,,JONI ERNST,REPUBLICAN PARTY,605.000000
2014,19153153042,U S SENATE,,RICK STEWART,INDEPENDENT,35.000000
2014,19153153042,U S SENATE,,RUTH SMITH,,2.000000
2014,19153153042,U S SENATE,,WRITE IN,,1.000000
2014,19153153044,ATTORNEY GENERAL,,ADAM GREGG,REPUBLICAN PARTY,473.000000
2014,19153153044,ATTORNEY GENERAL,,TOM MILLER,DEMOCRATIC PARTY,505.000000
2014,19153153044,ATTORNEY GENERAL,,WRITE IN,,0.000000
2014,19153153044,AUDITOR OF STATE,,JONATHAN NEIDERBACH,DEMOCRATIC PARTY,341.000000
2014,19153153044,AUDITOR OF STATE,,MARY MOSIMAN,REPUBLICAN PARTY,596.000000
2014,19153153044,AUDITOR OF STATE,,WRITE IN,,1.000000
2014,19153153044,GOVERNOR,,JACK HATCH MONICA VERNON,DEMOCRATIC PARTY,323.000000
2014,19153153044,GOVERNOR,,JIM HENNAGER MARY MARGARET KRIEG,NEW INDEPENDENT PARTY IOWA,10.000000
2014,19153153044,GOVERNOR,,JONATHAN R NARCISSE MICHAEL L RICHARDS,IOWA PARTY,14.000000
2014,19153153044,GOVERNOR,,LEE DEAKINS HIEB TIM WATSON,LIBERTARIAN PARTY,22.000000
2014,19153153044,GOVERNOR,,TERRY E BRANSTAD KIM REYNOLDS,REPUBLICAN PARTY,627.000000
2014,19153153044,GOVERNOR,,WRITE IN,,2.000000
2014,19153153044,SECRETARY OF AGRICULTURE,,BILL NORTHEY,REPUBLICAN PARTY,673.000000
2014,19153153044,SECRETARY OF AGRICULTURE,,LEVI BENNING,NEW INDEPENDENT PARTY IOWA,31.000000
2014,19153153044,SECRETARY OF AGRICULTURE,,SHERRIE TAHA,DEMOCRATIC PARTY,269.000000
2014,19153153044,SECRETARY OF AGRICULTURE,,WRITE IN,,0.000000
2014,19153153044,SECRETARY OF STATE,,BRAD ANDERSON,DEMOCRATIC PARTY,397.000000
2014,19153153044,SECRETARY OF STATE,,JAKE PORTER,LIBERTARIAN PARTY,28.000000
2014,19153153044,SECRETARY OF STATE,,PAUL D PATE,REPUBLICAN PARTY,530.000000
2014,19153153044,SECRETARY OF STATE,,SPENCER HIGHLAND,NEW INDEPENDENT PARTY IOWA,15.000000
2014,19153153044,SECRETARY OF STATE,,WRITE IN,,1.000000
2014,19153153044,TREASURER OF STATE,,KEITH A LAUBE,LIBERTARIAN PARTY,27.000000
2014,19153153044,TREASURER OF STATE,,MICHAEL L FITZGERALD,DEMOCRATIC PARTY,451.000000
2014,19153153044,TREASURER OF STATE,,SAM CLOVIS,REPUBLICAN PARTY,491.000000
2014,19153153044,TREASURER OF STATE,,WRITE IN,,0.000000
2014,19153153044,U S SENATE,,BOB QUAST,BOB QUAST FOR TERM LIMITS,10.000000
2014,19153153044,U S SENATE,,BRUCE BRALEY,DEMOCRATIC PARTY,350.000000
2014,19153153044,U S SENATE,,DOUGLAS BUTZIER,LIBERTARIAN PARTY,3.000000
2014,19153153044,U S SENATE,,JONI ERNST,REPUBLICAN PARTY,614.000000
2014,19153153044,U S SENATE,,RICK STEWART,INDEPENDENT,20.000000
2014,19153153044,U S SENATE,,RUTH SMITH,,3.000000
2014,19153153044,U S SENATE,,WRITE IN,,1.000000
2014,19153153045,ATTORNEY GENERAL,,ADAM GREGG,REPUBLICAN PARTY,513.000000
2014,19153153045,ATTORNEY GENERAL,,TOM MILLER,DEMOCRATIC PARTY,549.000000
2014,19153153045,ATTORNEY GENERAL,,WRITE IN,,2.000000
2014,19153153045,AUDITOR OF STATE,,JONATHAN NEIDERBACH,DEMOCRATIC PARTY,363.000000
2014,19153153045,AUDITOR OF STATE,,MARY MOSIMAN,REPUBLICAN PARTY,658.000000
2014,19153153045,AUDITOR OF STATE,,WRITE IN,,2.000000
2014,19153153045,GOVERNOR,,JACK HATCH MONICA VERNON,DEMOCRATIC PARTY,363.000000
2014,19153153045,GOVERNOR,,JIM HENNAGER MARY MARGARET KRIEG,NEW INDEPENDENT PARTY IOWA,15.000000
2014,19153153045,GOVERNOR,,JONATHAN R NARCISSE MICHAEL L RICHARDS,IOWA PARTY,16.000000
2014,19153153045,GOVERNOR,,LEE DEAKINS HIEB TIM WATSON,LIBERTARIAN PARTY,39.000000
2014,19153153045,GOVERNOR,,TERRY E BRANSTAD KIM REYNOLDS,REPUBLICAN PARTY,646.000000
2014,19153153045,GOVERNOR,,WRITE IN,,0.000000
2014,19153153045,SECRETARY OF AGRICULTURE,,BILL NORTHEY,REPUBLICAN PARTY,700.000000
2014,19153153045,SECRETARY OF AGRICULTURE,,LEVI BENNING,NEW INDEPENDENT PARTY IOWA,37.000000
2014,19153153045,SECRETARY OF AGRICULTURE,,SHERRIE TAHA,DEMOCRATIC PARTY,305.000000
2014,19153153045,SECRETARY OF AGRICULTURE,,WRITE IN,,3.000000
2014,19153153045,SECRETARY OF STATE,,BRAD ANDERSON,DEMOCRATIC PARTY,425.000000
2014,19153153045,SECRETARY OF STATE,,JAKE PORTER,LIBERTARIAN PARTY,32.000000
2014,19153153045,SECRETARY OF STATE,,PAUL D PATE,REPUBLICAN PARTY,579.000000
2014,19153153045,SECRETARY OF STATE,,SPENCER HIGHLAND,NEW INDEPENDENT PARTY IOWA,22.000000
2014,19153153045,SECRETARY OF STATE,,WRITE IN,,2.000000
2014,19153153045,TREASURER OF STATE,,KEITH A LAUBE,LIBERTARIAN PARTY,27.000000
2014,19153153045,TREASURER OF STATE,,MICHAEL L FITZGERALD,DEMOCRATIC PARTY,510.000000
2014,19153153045,TREASURER OF STATE,,SAM CLOVIS,REPUBLICAN PARTY,523.000000
2014,19153153045,TREASURER OF STATE,,WRITE IN,,1.000000
2014,19153153045,U S SENATE,,BOB QUAST,BOB QUAST FOR TERM LIMITS,3.000000
2014,19153153045,U S SENATE,,BRUCE BRALEY,DEMOCRATIC PARTY,374.000000
2014,19153153045,U S SENATE,,DOUGLAS BUTZIER,LIBERTARIAN PARTY,7.000000
2014,19153153045,U S SENATE,,JONI ERNST,REPUBLICAN PARTY,662.000000
2014,19153153045,U S SENATE,,RICK STEWART,INDEPENDENT,25.000000
2014,19153153045,U S SENATE,,RUTH SMITH,,4.000000
2014,19153153045,U S SENATE,,WRITE IN,,3.000000
2014,19153153053,ATTORNEY GENERAL,,ADAM GREGG,REPUBLICAN PARTY,479.000000
2014,19153153053,ATTORNEY GENERAL,,TOM MILLER,DEMOCRATIC PARTY,707.000000
2014,19153153053,ATTORNEY GENERAL,,WRITE IN,,4.000000
2014,19153153053,AUDITOR OF STATE,,JONATHAN NEIDERBACH,DEMOCRATIC PARTY,519.000000
2014,19153153053,AUDITOR OF STATE,,MARY MOSIMAN,REPUBLICAN PARTY,644.000000
2014,19153153053,AUDITOR OF STATE,,WRITE IN,,6.000000
2014,19153153053,GOVERNOR,,JACK HATCH MONICA VERNON,DEMOCRATIC PARTY,511.000000
2014,19153153053,GOVERNOR,,JIM HENNAGER MARY MARGARET KRIEG,NEW INDEPENDENT PARTY IOWA,10.000000
2014,19153153053,GOVERNOR,,JONATHAN R NARCISSE MICHAEL L RICHARDS,IOWA PARTY,14.000000
2014,19153153053,GOVERNOR,,LEE DEAKINS HIEB TIM WATSON,LIBERTARIAN PARTY,31.000000
2014,19153153053,GOVERNOR,,TERRY E BRANSTAD KIM REYNOLDS,REPUBLICAN PARTY,649.000000
2014,19153153053,GOVERNOR,,WRITE IN,,3.000000
2014,19153153053,SECRETARY OF AGRICULTURE,,BILL NORTHEY,REPUBLICAN PARTY,690.000000
2014,19153153053,SECRETARY OF AGRICULTURE,,LEVI BENNING,NEW INDEPENDENT PARTY IOWA,39.000000
2014,19153153053,SECRETARY OF AGRICULTURE,,SHERRIE TAHA,DEMOCRATIC PARTY,442.000000
2014,19153153053,SECRETARY OF AGRICULTURE,,WRITE IN,,0.000000
2014,19153153053,SECRETARY OF STATE,,BRAD ANDERSON,DEMOCRATIC PARTY,580.000000
2014,19153153053,SECRETARY OF STATE,,JAKE PORTER,LIBERTARIAN PARTY,36.000000
2014,19153153053,SECRETARY OF STATE,,PAUL D PATE,REPUBLICAN PARTY,554.000000
2014,19153153053,SECRETARY OF STATE,,SPENCER HIGHLAND,NEW INDEPENDENT PARTY IOWA,24.000000
2014,19153153053,SECRETARY OF STATE,,WRITE IN,,1.000000
2014,19153153053,TREASURER OF STATE,,KEITH A LAUBE,LIBERTARIAN PARTY,28.000000
2014,19153153053,TREASURER OF STATE,,MICHAEL L FITZGERALD,DEMOCRATIC PARTY,675.000000
2014,19153153053,TREASURER OF STATE,,SAM CLOVIS,REPUBLICAN PARTY,479.000000
2014,19153153053,TREASURER OF STATE,,WRITE IN,,1.000000
2014,19153153053,U S SENATE,,BOB QUAST,BOB QUAST FOR TERM LIMITS,6.000000
2014,19153153053,U S SENATE,,BRUCE BRALEY,DEMOCRATIC PARTY,560.000000
2014,19153153053,U S SENATE,,DOUGLAS BUTZIER,LIBERTARIAN PARTY,13.000000
2014,19153153053,U S SENATE,,JONI ERNST,REPUBLICAN PARTY,616.000000
2014,19153153053,U S SENATE,,RICK STEWART,INDEPENDENT,24.000000
2014,19153153053,U S SENATE,,RUTH SMITH,,1.000000
2014,19153153053,U S SENATE,,WRITE IN,,2.000000
2014,19153153054,ATTORNEY GENERAL,,ADAM GREGG,REPUBLICAN PARTY,520.000000
2014,19153153054,ATTORNEY GENERAL,,TOM MILLER,DEMOCRATIC PARTY,833.000000
2014,19153153054,ATTORNEY GENERAL,,WRITE IN,,4.000000
2014,19153153054,AUDITOR OF STATE,,JONATHAN NEIDERBACH,DEMOCRATIC PARTY,611.000000
2014,19153153054,AUDITOR OF STATE,,MARY MOSIMAN,REPUBLICAN PARTY,709.000000
2014,19153153054,AUDITOR OF STATE,,WRITE IN,,6.000000
2014,19153153054,GOVERNOR,,JACK HATCH MONICA VERNON,DEMOCRATIC PARTY,598.000000
2014,19153153054,GOVERNOR,,JIM HENNAGER MARY MARGARET KRIEG,NEW INDEPENDENT PARTY IOWA,16.000000
2014,19153153054,GOVERNOR,,JONATHAN R NARCISSE MICHAEL L RICHARDS,IOWA PARTY,19.000000
2014,19153153054,GOVERNOR,,LEE DEAKINS HIEB TIM WATSON,LIBERTARIAN PARTY,35.000000
2014,19153153054,GOVERNOR,,TERRY E BRANSTAD KIM REYNOLDS,REPUBLICAN PARTY,718.000000
2014,19153153054,GOVERNOR,,WRITE IN,,2.000000
2014,19153153054,SECRETARY OF AGRICULTURE,,BILL NORTHEY,REPUBLICAN PARTY,794.000000
2014,19153153054,SECRETARY OF AGRICULTURE,,LEVI BENNING,NEW INDEPENDENT PARTY IOWA,40.000000
2014,19153153054,SECRETARY OF AGRICULTURE,,SHERRIE TAHA,DEMOCRATIC PARTY,511.000000
2014,19153153054,SECRETARY OF AGRICULTURE,,WRITE IN,,1.000000
2014,19153153054,SECRETARY OF STATE,,BRAD ANDERSON,DEMOCRATIC PARTY,714.000000
2014,19153153054,SECRETARY OF STATE,,JAKE PORTER,LIBERTARIAN PARTY,28.000000
2014,19153153054,SECRETARY OF STATE,,PAUL D PATE,REPUBLICAN PARTY,588.000000
2014,19153153054,SECRETARY OF STATE,,SPENCER HIGHLAND,NEW INDEPENDENT PARTY IOWA,20.000000
2014,19153153054,SECRETARY OF STATE,,WRITE IN,,1.000000
2014,19153153054,TREASURER OF STATE,,KEITH A LAUBE,LIBERTARIAN PARTY,35.000000
2014,19153153054,TREASURER OF STATE,,MICHAEL L FITZGERALD,DEMOCRATIC PARTY,796.000000
2014,19153153054,TREASURER OF STATE,,SAM CLOVIS,REPUBLICAN PARTY,510.000000
2014,19153153054,TREASURER OF STATE,,WRITE IN,,2.000000
2014,19153153054,U S SENATE,,BOB QUAST,BOB QUAST FOR TERM LIMITS,4.000000
2014,19153153054,U S SENATE,,BRUCE BRALEY,DEMOCRATIC PARTY,690.000000
2014,19153153054,U S SENATE,,DOUGLAS BUTZIER,LIBERTARIAN PARTY,7.000000
2014,19153153054,U S SENATE,,JONI ERNST,REPUBLICAN PARTY,653.000000
2014,19153153054,U S SENATE,,RICK STEWART,INDEPENDENT,29.000000
2014,19153153054,U S SENATE,,RUTH SMITH,,4.000000
2014,19153153054,U S SENATE,,WRITE IN,,3.000000
2014,19153153055,ATTORNEY GENERAL,,ADAM GREGG,REPUBLICAN PARTY,501.000000
2014,19153153055,ATTORNEY GENERAL,,TOM MILLER,DEMOCRATIC PARTY,821.000000
2014,19153153055,ATTORNEY GENERAL,,WRITE IN,,2.000000
2014,19153153055,AUDITOR OF STATE,,JONATHAN NEIDERBACH,DEMOCRATIC PARTY,606.000000
2014,19153153055,AUDITOR OF STATE,,MARY MOSIMAN,REPUBLICAN PARTY,669.000000
2014,19153153055,AUDITOR OF STATE,,WRITE IN,,2.000000
2014,19153153055,GOVERNOR,,JACK HATCH MONICA VERNON,DEMOCRATIC PARTY,589.000000
2014,19153153055,GOVERNOR,,JIM HENNAGER MARY MARGARET KRIEG,NEW INDEPENDENT PARTY IOWA,9.000000
2014,19153153055,GOVERNOR,,JONATHAN R NARCISSE MICHAEL L RICHARDS,IOWA PARTY,19.000000
2014,19153153055,GOVERNOR,,LEE DEAKINS HIEB TIM WATSON,LIBERTARIAN PARTY,34.000000
2014,19153153055,GOVERNOR,,TERRY E BRANSTAD KIM REYNOLDS,REPUBLICAN PARTY,699.000000
2014,19153153055,GOVERNOR,,WRITE IN,,5.000000
2014,19153153055,SECRETARY OF AGRICULTURE,,BILL NORTHEY,REPUBLICAN PARTY,737.000000
2014,19153153055,SECRETARY OF AGRICULTURE,,LEVI BENNING,NEW INDEPENDENT PARTY IOWA,51.000000
2014,19153153055,SECRETARY OF AGRICULTURE,,SHERRIE TAHA,DEMOCRATIC PARTY,520.000000
2014,19153153055,SECRETARY OF AGRICULTURE,,WRITE IN,,1.000000
2014,19153153055,SECRETARY OF STATE,,BRAD ANDERSON,DEMOCRATIC PARTY,685.000000
2014,19153153055,SECRETARY OF STATE,,JAKE PORTER,LIBERTARIAN PARTY,46.000000
2014,19153153055,SECRETARY OF STATE,,PAUL D PATE,REPUBLICAN PARTY,578.000000
2014,19153153055,SECRETARY OF STATE,,SPENCER HIGHLAND,NEW INDEPENDENT PARTY IOWA,18.000000
2014,19153153055,SECRETARY OF STATE,,WRITE IN,,1.000000
2014,19153153055,TREASURER OF STATE,,KEITH A LAUBE,LIBERTARIAN PARTY,33.000000
2014,19153153055,TREASURER OF STATE,,MICHAEL L FITZGERALD,DEMOCRATIC PARTY,802.000000
2014,19153153055,TREASURER OF STATE,,SAM CLOVIS,REPUBLICAN PARTY,490.000000
2014,19153153055,TREASURER OF STATE,,WRITE IN,,2.000000
2014,19153153055,U S SENATE,,BOB QUAST,BOB QUAST FOR TERM LIMITS,8.000000
2014,19153153055,U S SENATE,,BRUCE BRALEY,DEMOCRATIC PARTY,657.000000
2014,19153153055,U S SENATE,,DOUGLAS BUTZIER,LIBERTARIAN PARTY,10.000000
2014,19153153055,U S SENATE,,JONI ERNST,REPUBLICAN PARTY,641.000000
2014,19153153055,U S SENATE,,RICK STEWART,INDEPENDENT,31.000000
2014,19153153055,U S SENATE,,RUTH SMITH,,3.000000
2014,19153153055,U S SENATE,,WRITE IN,,4.000000
2014,19153153056,ATTORNEY GENERAL,,ADAM GREGG,REPUBLICAN PARTY,575.000000
2014,19153153056,ATTORNEY GENERAL,,TOM MILLER,DEMOCRATIC PARTY,829.000000
2014,19153153056,ATTORNEY GENERAL,,WRITE IN,,1.000000
2014,19153153056,AUDITOR OF STATE,,JONATHAN NEIDERBACH,DEMOCRATIC PARTY,516.000000
2014,19153153056,AUDITOR OF STATE,,MARY MOSIMAN,REPUBLICAN PARTY,822.000000
2014,19153153056,AUDITOR OF STATE,,WRITE IN,,2.000000
2014,19153153056,GOVERNOR,,JACK HATCH MONICA VERNON,DEMOCRATIC PARTY,511.000000
2014,19153153056,GOVERNOR,,JIM HENNAGER MARY MARGARET KRIEG,NEW INDEPENDENT PARTY IOWA,10.000000
2014,19153153056,GOVERNOR,,JONATHAN R NARCISSE MICHAEL L RICHARDS,IOWA PARTY,10.000000
2014,19153153056,GOVERNOR,,LEE DEAKINS HIEB TIM WATSON,LIBERTARIAN PARTY,21.000000
2014,19153153056,GOVERNOR,,TERRY E BRANSTAD KIM REYNOLDS,REPUBLICAN PARTY,869.000000
2014,19153153056,GOVERNOR,,WRITE IN,,0.000000
2014,19153153056,SECRETARY OF AGRICULTURE,,BILL NORTHEY,REPUBLICAN PARTY,916.000000
2014,19153153056,SECRETARY OF AGRICULTURE,,LEVI BENNING,NEW INDEPENDENT PARTY IOWA,35.000000
2014,19153153056,SECRETARY OF AGRICULTURE,,SHERRIE TAHA,DEMOCRATIC PARTY,412.000000
2014,19153153056,SECRETARY OF AGRICULTURE,,WRITE IN,,3.000000
2014,19153153056,SECRETARY OF STATE,,BRAD ANDERSON,DEMOCRATIC PARTY,609.000000
2014,19153153056,SECRETARY OF STATE,,JAKE PORTER,LIBERTARIAN PARTY,25.000000
2014,19153153056,SECRETARY OF STATE,,PAUL D PATE,REPUBLICAN PARTY,723.000000
2014,19153153056,SECRETARY OF STATE,,SPENCER HIGHLAND,NEW INDEPENDENT PARTY IOWA,16.000000
2014,19153153056,SECRETARY OF STATE,,WRITE IN,,3.000000
2014,19153153056,TREASURER OF STATE,,KEITH A LAUBE,LIBERTARIAN PARTY,19.000000
2014,19153153056,TREASURER OF STATE,,MICHAEL L FITZGERALD,DEMOCRATIC PARTY,749.000000
2014,19153153056,TREASURER OF STATE,,SAM CLOVIS,REPUBLICAN PARTY,607.000000
2014,19153153056,TREASURER OF STATE,,WRITE IN,,0.000000
2014,19153153056,U S SENATE,,BOB QUAST,BOB QUAST FOR TERM LIMITS,8.000000
2014,19153153056,U S SENATE,,BRUCE BRALEY,DEMOCRATIC PARTY,593.000000
2014,19153153056,U S SENATE,,DOUGLAS BUTZIER,LIBERTARIAN PARTY,6.000000
2014,19153153056,U S SENATE,,JONI ERNST,REPUBLICAN PARTY,791.000000
2014,19153153056,U S SENATE,,RICK STEWART,INDEPENDENT,21.000000
2014,19153153056,U S SENATE,,RUTH SMITH,,1.000000
2014,19153153056,U S SENATE,,WRITE IN,,3.000000
2014,19153153057,ATTORNEY GENERAL,,ADAM GREGG,REPUBLICAN PARTY,453.000000
2014,19153153057,ATTORNEY GENERAL,,TOM MILLER,DEMOCRATIC PARTY,740.000000
2014,19153153057,ATTORNEY GENERAL,,WRITE IN,,2.000000
2014,19153153057,AUDITOR OF STATE,,JONATHAN NEIDERBACH,DEMOCRATIC PARTY,513.000000
2014,19153153057,AUDITOR OF STATE,,MARY MOSIMAN,REPUBLICAN PARTY,645.000000
2014,19153153057,AUDITOR OF STATE,,WRITE IN,,3.000000
2014,19153153057,GOVERNOR,,JACK HATCH MONICA VERNON,DEMOCRATIC PARTY,493.000000
2014,19153153057,GOVERNOR,,JIM HENNAGER MARY MARGARET KRIEG,NEW INDEPENDENT PARTY IOWA,8.000000
2014,19153153057,GOVERNOR,,JONATHAN R NARCISSE MICHAEL L RICHARDS,IOWA PARTY,17.000000
2014,19153153057,GOVERNOR,,LEE DEAKINS HIEB TIM WATSON,LIBERTARIAN PARTY,26.000000
2014,19153153057,GOVERNOR,,TERRY E BRANSTAD KIM REYNOLDS,REPUBLICAN PARTY,669.000000
2014,19153153057,GOVERNOR,,WRITE IN,,3.000000
2014,19153153057,SECRETARY OF AGRICULTURE,,BILL NORTHEY,REPUBLICAN PARTY,715.000000
2014,19153153057,SECRETARY OF AGRICULTURE,,LEVI BENNING,NEW INDEPENDENT PARTY IOWA,31.000000
2014,19153153057,SECRETARY OF AGRICULTURE,,SHERRIE TAHA,DEMOCRATIC PARTY,424.000000
2014,19153153057,SECRETARY OF AGRICULTURE,,WRITE IN,,2.000000
2014,19153153057,SECRETARY OF STATE,,BRAD ANDERSON,DEMOCRATIC PARTY,579.000000
2014,19153153057,SECRETARY OF STATE,,JAKE PORTER,LIBERTARIAN PARTY,30.000000
2014,19153153057,SECRETARY OF STATE,,PAUL D PATE,REPUBLICAN PARTY,557.000000
2014,19153153057,SECRETARY OF STATE,,SPENCER HIGHLAND,NEW INDEPENDENT PARTY IOWA,18.000000
2014,19153153057,SECRETARY OF STATE,,WRITE IN,,1.000000
2014,19153153057,TREASURER OF STATE,,KEITH A LAUBE,LIBERTARIAN PARTY,27.000000
2014,19153153057,TREASURER OF STATE,,MICHAEL L FITZGERALD,DEMOCRATIC PARTY,687.000000
2014,19153153057,TREASURER OF STATE,,SAM CLOVIS,REPUBLICAN PARTY,482.000000
2014,19153153057,TREASURER OF STATE,,WRITE IN,,1.000000
2014,19153153057,U S SENATE,,BOB QUAST,BOB QUAST FOR TERM LIMITS,8.000000
2014,19153153057,U S SENATE,,BRUCE BRALEY,DEMOCRATIC PARTY,578.000000
2014,19153153057,U S SENATE,,DOUGLAS BUTZIER,LIBERTARIAN PARTY,12.000000
2014,19153153057,U S SENATE,,JONI ERNST,REPUBLICAN PARTY,597.000000
2014,19153153057,U S SENATE,,RICK STEWART,INDEPENDENT,21.000000
2014,19153153057,U S SENATE,,RUTH SMITH,,5.000000
2014,19153153057,U S SENATE,,WRITE IN,,1.000000
2014,19153153058,ATTORNEY GENERAL,,ADAM GREGG,REPUBLICAN PARTY,467.000000
2014,19153153058,ATTORNEY GENERAL,,TOM MILLER,DEMOCRATIC PARTY,853.000000
2014,19153153058,ATTORNEY GENERAL,,WRITE IN,,3.000000
2014,19153153058,AUDITOR OF STATE,,JONATHAN NEIDERBACH,DEMOCRATIC PARTY,629.000000
2014,19153153058,AUDITOR OF STATE,,MARY MOSIMAN,REPUBLICAN PARTY,644.000000
2014,19153153058,AUDITOR OF STATE,,WRITE IN,,1.000000
2014,19153153058,GOVERNOR,,JACK HATCH MONICA VERNON,DEMOCRATIC PARTY,607.000000
2014,19153153058,GOVERNOR,,JIM HENNAGER MARY MARGARET KRIEG,NEW INDEPENDENT PARTY IOWA,11.000000
2014,19153153058,GOVERNOR,,JONATHAN R NARCISSE MICHAEL L RICHARDS,IOWA PARTY,8.000000
2014,19153153058,GOVERNOR,,LEE DEAKINS HIEB TIM WATSON,LIBERTARIAN PARTY,24.000000
2014,19153153058,GOVERNOR,,TERRY E BRANSTAD KIM REYNOLDS,REPUBLICAN PARTY,697.000000
2014,19153153058,GOVERNOR,,WRITE IN,,2.000000
2014,19153153058,SECRETARY OF AGRICULTURE,,BILL NORTHEY,REPUBLICAN PARTY,715.000000
2014,19153153058,SECRETARY OF AGRICULTURE,,LEVI BENNING,NEW INDEPENDENT PARTY IOWA,37.000000
2014,19153153058,SECRETARY OF AGRICULTURE,,SHERRIE TAHA,DEMOCRATIC PARTY,536.000000
2014,19153153058,SECRETARY OF AGRICULTURE,,WRITE IN,,1.000000
2014,19153153058,SECRETARY OF STATE,,BRAD ANDERSON,DEMOCRATIC PARTY,700.000000
2014,19153153058,SECRETARY OF STATE,,JAKE PORTER,LIBERTARIAN PARTY,31.000000
2014,19153153058,SECRETARY OF STATE,,PAUL D PATE,REPUBLICAN PARTY,561.000000
2014,19153153058,SECRETARY OF STATE,,SPENCER HIGHLAND,NEW INDEPENDENT PARTY IOWA,15.000000
2014,19153153058,SECRETARY OF STATE,,WRITE IN,,0.000000
2014,19153153058,TREASURER OF STATE,,KEITH A LAUBE,LIBERTARIAN PARTY,31.000000
2014,19153153058,TREASURER OF STATE,,MICHAEL L FITZGERALD,DEMOCRATIC PARTY,803.000000
2014,19153153058,TREASURER OF STATE,,SAM CLOVIS,REPUBLICAN PARTY,474.000000
2014,19153153058,TREASURER OF STATE,,WRITE IN,,0.000000
2014,19153153058,U S SENATE,,BOB QUAST,BOB QUAST FOR TERM LIMITS,2.000000
2014,19153153058,U S SENATE,,BRUCE BRALEY,DEMOCRATIC PARTY,704.000000
2014,19153153058,U S SENATE,,DOUGLAS BUTZIER,LIBERTARIAN PARTY,8.000000
2014,19153153058,U S SENATE,,JONI ERNST,REPUBLICAN PARTY,606.000000
2014,19153153058,U S SENATE,,RICK STEWART,INDEPENDENT,20.000000
2014,19153153058,U S SENATE,,RUTH SMITH,,2.000000
2014,19153153058,U S SENATE,,WRITE IN,,2.000000
2014,19153153059,ATTORNEY GENERAL,,ADAM GREGG,REPUBLICAN PARTY,689.000000
2014,19153153059,ATTORNEY GENERAL,,TOM MILLER,DEMOCRATIC PARTY,846.000000
2014,19153153059,ATTORNEY GENERAL,,WRITE IN,,2.000000
2014,19153153059,AUDITOR OF STATE,,JONATHAN NEIDERBACH,DEMOCRATIC PARTY,547.000000
2014,19153153059,AUDITOR OF STATE,,MARY MOSIMAN,REPUBLICAN PARTY,933.000000
2014,19153153059,AUDITOR OF STATE,,WRITE IN,,5.000000
2014,19153153059,GOVERNOR,,JACK HATCH MONICA VERNON,DEMOCRATIC PARTY,517.000000
2014,19153153059,GOVERNOR,,JIM HENNAGER MARY MARGARET KRIEG,NEW INDEPENDENT PARTY IOWA,7.000000
2014,19153153059,GOVERNOR,,JONATHAN R NARCISSE MICHAEL L RICHARDS,IOWA PARTY,9.000000
2014,19153153059,GOVERNOR,,LEE DEAKINS HIEB TIM WATSON,LIBERTARIAN PARTY,28.000000
2014,19153153059,GOVERNOR,,TERRY E BRANSTAD KIM REYNOLDS,REPUBLICAN PARTY,1013.000000
2014,19153153059,GOVERNOR,,WRITE IN,,1.000000
2014,19153153059,SECRETARY OF AGRICULTURE,,BILL NORTHEY,REPUBLICAN PARTY,1022.000000
2014,19153153059,SECRETARY OF AGRICULTURE,,LEVI BENNING,NEW INDEPENDENT PARTY IOWA,32.000000
2014,19153153059,SECRETARY OF AGRICULTURE,,SHERRIE TAHA,DEMOCRATIC PARTY,448.000000
2014,19153153059,SECRETARY OF AGRICULTURE,,WRITE IN,,1.000000
2014,19153153059,SECRETARY OF STATE,,BRAD ANDERSON,DEMOCRATIC PARTY,651.000000
2014,19153153059,SECRETARY OF STATE,,JAKE PORTER,LIBERTARIAN PARTY,34.000000
2014,19153153059,SECRETARY OF STATE,,PAUL D PATE,REPUBLICAN PARTY,817.000000
2014,19153153059,SECRETARY OF STATE,,SPENCER HIGHLAND,NEW INDEPENDENT PARTY IOWA,17.000000
2014,19153153059,SECRETARY OF STATE,,WRITE IN,,2.000000
2014,19153153059,TREASURER OF STATE,,KEITH A LAUBE,LIBERTARIAN PARTY,32.000000
2014,19153153059,TREASURER OF STATE,,MICHAEL L FITZGERALD,DEMOCRATIC PARTY,815.000000
2014,19153153059,TREASURER OF STATE,,SAM CLOVIS,REPUBLICAN PARTY,686.000000
2014,19153153059,TREASURER OF STATE,,WRITE IN,,1.000000
2014,19153153059,U S SENATE,,BOB QUAST,BOB QUAST FOR TERM LIMITS,1.000000
2014,19153153059,U S SENATE,,BRUCE BRALEY,DEMOCRATIC PARTY,634.000000
2014,19153153059,U S SENATE,,DOUGLAS BUTZIER,LIBERTARIAN PARTY,9.000000
2014,19153153059,U S SENATE,,JONI ERNST,REPUBLICAN PARTY,908.000000
2014,19153153059,U S SENATE,,RICK STEWART,INDEPENDENT,17.000000
2014,19153153059,U S SENATE,,RUTH SMITH,,5.000000
2014,19153153059,U S SENATE,,WRITE IN,,2.000000
2014,19153153060,ATTORNEY GENERAL,,ADAM GREGG,REPUBLICAN PARTY,502.000000
2014,19153153060,ATTORNEY GENERAL,,TOM MILLER,DEMOCRATIC PARTY,786.000000
2014,19153153060,ATTORNEY GENERAL,,WRITE IN,,1.000000
2014,19153153060,AUDITOR OF STATE,,JONATHAN NEIDERBACH,DEMOCRATIC PARTY,553.000000
2014,19153153060,AUDITOR OF STATE,,MARY MOSIMAN,REPUBLICAN PARTY,695.000000
2014,19153153060,AUDITOR OF STATE,,WRITE IN,,6.000000
2014,19153153060,GOVERNOR,,JACK HATCH MONICA VERNON,DEMOCRATIC PARTY,547.000000
2014,19153153060,GOVERNOR,,JIM HENNAGER MARY MARGARET KRIEG,NEW INDEPENDENT PARTY IOWA,5.000000
2014,19153153060,GOVERNOR,,JONATHAN R NARCISSE MICHAEL L RICHARDS,IOWA PARTY,14.000000
2014,19153153060,GOVERNOR,,LEE DEAKINS HIEB TIM WATSON,LIBERTARIAN PARTY,30.000000
2014,19153153060,GOVERNOR,,TERRY E BRANSTAD KIM REYNOLDS,REPUBLICAN PARTY,712.000000
2014,19153153060,GOVERNOR,,WRITE IN,,2.000000
2014,19153153060,SECRETARY OF AGRICULTURE,,BILL NORTHEY,REPUBLICAN PARTY,767.000000
2014,19153153060,SECRETARY OF AGRICULTURE,,LEVI BENNING,NEW INDEPENDENT PARTY IOWA,44.000000
2014,19153153060,SECRETARY OF AGRICULTURE,,SHERRIE TAHA,DEMOCRATIC PARTY,458.000000
2014,19153153060,SECRETARY OF AGRICULTURE,,WRITE IN,,1.000000
2014,19153153060,SECRETARY OF STATE,,BRAD ANDERSON,DEMOCRATIC PARTY,632.000000
2014,19153153060,SECRETARY OF STATE,,JAKE PORTER,LIBERTARIAN PARTY,44.000000
2014,19153153060,SECRETARY OF STATE,,PAUL D PATE,REPUBLICAN PARTY,569.000000
2014,19153153060,SECRETARY OF STATE,,SPENCER HIGHLAND,NEW INDEPENDENT PARTY IOWA,27.000000
2014,19153153060,SECRETARY OF STATE,,WRITE IN,,0.000000
2014,19153153060,TREASURER OF STATE,,KEITH A LAUBE,LIBERTARIAN PARTY,38.000000
2014,19153153060,TREASURER OF STATE,,MICHAEL L FITZGERALD,DEMOCRATIC PARTY,732.000000
2014,19153153060,TREASURER OF STATE,,SAM CLOVIS,REPUBLICAN PARTY,505.000000
2014,19153153060,TREASURER OF STATE,,WRITE IN,,0.000000
2014,19153153060,U S SENATE,,BOB QUAST,BOB QUAST FOR TERM LIMITS,6.000000
2014,19153153060,U S SENATE,,BRUCE BRALEY,DEMOCRATIC PARTY,601.000000
2014,19153153060,U S SENATE,,DOUGLAS BUTZIER,LIBERTARIAN PARTY,11.000000
2014,19153153060,U S SENATE,,JONI ERNST,REPUBLICAN PARTY,671.000000
2014,19153153060,U S SENATE,,RICK STEWART,INDEPENDENT,17.000000
2014,19153153060,U S SENATE,,RUTH SMITH,,1.000000
2014,19153153060,U S SENATE,,WRITE IN,,2.000000
2014,19153153061,ATTORNEY GENERAL,,ADAM GREGG,REPUBLICAN PARTY,593.000000
2014,19153153061,ATTORNEY GENERAL,,TOM MILLER,DEMOCRATIC PARTY,804.000000
2014,19153153061,ATTORNEY GENERAL,,WRITE IN,,0.000000
2014,19153153061,AUDITOR OF STATE,,JONATHAN NEIDERBACH,DEMOCRATIC PARTY,583.000000
2014,19153153061,AUDITOR OF STATE,,MARY MOSIMAN,REPUBLICAN PARTY,768.000000
2014,19153153061,AUDITOR OF STATE,,WRITE IN,,0.000000
2014,19153153061,GOVERNOR,,JACK HATCH MONICA VERNON,DEMOCRATIC PARTY,551.000000
2014,19153153061,GOVERNOR,,JIM HENNAGER MARY MARGARET KRIEG,NEW INDEPENDENT PARTY IOWA,13.000000
2014,19153153061,GOVERNOR,,JONATHAN R NARCISSE MICHAEL L RICHARDS,IOWA PARTY,15.000000
2014,19153153061,GOVERNOR,,LEE DEAKINS HIEB TIM WATSON,LIBERTARIAN PARTY,38.000000
2014,19153153061,GOVERNOR,,TERRY E BRANSTAD KIM REYNOLDS,REPUBLICAN PARTY,807.000000
2014,19153153061,GOVERNOR,,WRITE IN,,3.000000
2014,19153153061,SECRETARY OF AGRICULTURE,,BILL NORTHEY,REPUBLICAN PARTY,817.000000
2014,19153153061,SECRETARY OF AGRICULTURE,,LEVI BENNING,NEW INDEPENDENT PARTY IOWA,44.000000
2014,19153153061,SECRETARY OF AGRICULTURE,,SHERRIE TAHA,DEMOCRATIC PARTY,496.000000
2014,19153153061,SECRETARY OF AGRICULTURE,,WRITE IN,,1.000000
2014,19153153061,SECRETARY OF STATE,,BRAD ANDERSON,DEMOCRATIC PARTY,675.000000
2014,19153153061,SECRETARY OF STATE,,JAKE PORTER,LIBERTARIAN PARTY,33.000000
2014,19153153061,SECRETARY OF STATE,,PAUL D PATE,REPUBLICAN PARTY,654.000000
2014,19153153061,SECRETARY OF STATE,,SPENCER HIGHLAND,NEW INDEPENDENT PARTY IOWA,30.000000
2014,19153153061,SECRETARY OF STATE,,WRITE IN,,1.000000
2014,19153153061,TREASURER OF STATE,,KEITH A LAUBE,LIBERTARIAN PARTY,35.000000
2014,19153153061,TREASURER OF STATE,,MICHAEL L FITZGERALD,DEMOCRATIC PARTY,765.000000
2014,19153153061,TREASURER OF STATE,,SAM CLOVIS,REPUBLICAN PARTY,584.000000
2014,19153153061,TREASURER OF STATE,,WRITE IN,,2.000000
2014,19153153061,U S SENATE,,BOB QUAST,BOB QUAST FOR TERM LIMITS,7.000000
2014,19153153061,U S SENATE,,BRUCE BRALEY,DEMOCRATIC PARTY,668.000000
2014,19153153061,U S SENATE,,DOUGLAS BUTZIER,LIBERTARIAN PARTY,14.000000
2014,19153153061,U S SENATE,,JONI ERNST,REPUBLICAN PARTY,712.000000
2014,19153153061,U S SENATE,,RICK STEWART,INDEPENDENT,23.000000
2014,19153153061,U S SENATE,,RUTH SMITH,,1.000000
2014,19153153061,U S SENATE,,WRITE IN,,0.000000
2014,19153153062,ATTORNEY GENERAL,,ADAM GREGG,REPUBLICAN PARTY,566.000000
2014,19153153062,ATTORNEY GENERAL,,TOM MILLER,DEMOCRATIC PARTY,670.000000
2014,19153153062,ATTORNEY GENERAL,,WRITE IN,,1.000000
2014,19153153062,AUDITOR OF STATE,,JONATHAN NEIDERBACH,DEMOCRATIC PARTY,449.000000
2014,19153153062,AUDITOR OF STATE,,MARY MOSIMAN,REPUBLICAN PARTY,736.000000
2014,19153153062,AUDITOR OF STATE,,WRITE IN,,3.000000
2014,19153153062,GOVERNOR,,JACK HATCH MONICA VERNON,DEMOCRATIC PARTY,420.000000
2014,19153153062,GOVERNOR,,JIM HENNAGER MARY MARGARET KRIEG,NEW INDEPENDENT PARTY IOWA,6.000000
2014,19153153062,GOVERNOR,,JONATHAN R NARCISSE MICHAEL L RICHARDS,IOWA PARTY,19.000000
2014,19153153062,GOVERNOR,,LEE DEAKINS HIEB TIM WATSON,LIBERTARIAN PARTY,24.000000
2014,19153153062,GOVERNOR,,TERRY E BRANSTAD KIM REYNOLDS,REPUBLICAN PARTY,797.000000
2014,19153153062,GOVERNOR,,WRITE IN,,1.000000
2014,19153153062,SECRETARY OF AGRICULTURE,,BILL NORTHEY,REPUBLICAN PARTY,832.000000
2014,19153153062,SECRETARY OF AGRICULTURE,,LEVI BENNING,NEW INDEPENDENT PARTY IOWA,25.000000
2014,19153153062,SECRETARY OF AGRICULTURE,,SHERRIE TAHA,DEMOCRATIC PARTY,360.000000
2014,19153153062,SECRETARY OF AGRICULTURE,,WRITE IN,,1.000000
2014,19153153062,SECRETARY OF STATE,,BRAD ANDERSON,DEMOCRATIC PARTY,539.000000
2014,19153153062,SECRETARY OF STATE,,JAKE PORTER,LIBERTARIAN PARTY,27.000000
2014,19153153062,SECRETARY OF STATE,,PAUL D PATE,REPUBLICAN PARTY,648.000000
2014,19153153062,SECRETARY OF STATE,,SPENCER HIGHLAND,NEW INDEPENDENT PARTY IOWA,9.000000
2014,19153153062,SECRETARY OF STATE,,WRITE IN,,3.000000
2014,19153153062,TREASURER OF STATE,,KEITH A LAUBE,LIBERTARIAN PARTY,19.000000
2014,19153153062,TREASURER OF STATE,,MICHAEL L FITZGERALD,DEMOCRATIC PARTY,663.000000
2014,19153153062,TREASURER OF STATE,,SAM CLOVIS,REPUBLICAN PARTY,552.000000
2014,19153153062,TREASURER OF STATE,,WRITE IN,,1.000000
2014,19153153062,U S SENATE,,BOB QUAST,BOB QUAST FOR TERM LIMITS,12.000000
2014,19153153062,U S SENATE,,BRUCE BRALEY,DEMOCRATIC PARTY,516.000000
2014,19153153062,U S SENATE,,DOUGLAS BUTZIER,LIBERTARIAN PARTY,9.000000
2014,19153153062,U S SENATE,,JONI ERNST,REPUBLICAN PARTY,710.000000
2014,19153153062,U S SENATE,,RICK STEWART,INDEPENDENT,15.000000
2014,19153153062,U S SENATE,,RUTH SMITH,,2.000000
2014,19153153062,U S SENATE,,WRITE IN,,2.000000
2014,19153153063,ATTORNEY GENERAL,,ADAM GREGG,REPUBLICAN PARTY,666.000000
2014,19153153063,ATTORNEY GENERAL,,TOM MILLER,DEMOCRATIC PARTY,607.000000
2014,19153153063,ATTORNEY GENERAL,,WRITE IN,,0.000000
2014,19153153063,AUDITOR OF STATE,,JONATHAN NEIDERBACH,DEMOCRATIC PARTY,407.000000
2014,19153153063,AUDITOR OF STATE,,MARY MOSIMAN,REPUBLICAN PARTY,825.000000
2014,19153153063,AUDITOR OF STATE,,WRITE IN,,2.000000
2014,19153153063,GOVERNOR,,JACK HATCH MONICA VERNON,DEMOCRATIC PARTY,382.000000
2014,19153153063,GOVERNOR,,JIM HENNAGER MARY MARGARET KRIEG,NEW INDEPENDENT PARTY IOWA,12.000000
2014,19153153063,GOVERNOR,,JONATHAN R NARCISSE MICHAEL L RICHARDS,IOWA PARTY,7.000000
2014,19153153063,GOVERNOR,,LEE DEAKINS HIEB TIM WATSON,LIBERTARIAN PARTY,17.000000
2014,19153153063,GOVERNOR,,TERRY E BRANSTAD KIM REYNOLDS,REPUBLICAN PARTY,877.000000
2014,19153153063,GOVERNOR,,WRITE IN,,2.000000
2014,19153153063,SECRETARY OF AGRICULTURE,,BILL NORTHEY,REPUBLICAN PARTY,894.000000
2014,19153153063,SECRETARY OF AGRICULTURE,,LEVI BENNING,NEW INDEPENDENT PARTY IOWA,26.000000
2014,19153153063,SECRETARY OF AGRICULTURE,,SHERRIE TAHA,DEMOCRATIC PARTY,328.000000
2014,19153153063,SECRETARY OF AGRICULTURE,,WRITE IN,,0.000000
2014,19153153063,SECRETARY OF STATE,,BRAD ANDERSON,DEMOCRATIC PARTY,454.000000
2014,19153153063,SECRETARY OF STATE,,JAKE PORTER,LIBERTARIAN PARTY,17.000000
2014,19153153063,SECRETARY OF STATE,,PAUL D PATE,REPUBLICAN PARTY,765.000000
2014,19153153063,SECRETARY OF STATE,,SPENCER HIGHLAND,NEW INDEPENDENT PARTY IOWA,19.000000
2014,19153153063,SECRETARY OF STATE,,WRITE IN,,3.000000
2014,19153153063,TREASURER OF STATE,,KEITH A LAUBE,LIBERTARIAN PARTY,23.000000
2014,19153153063,TREASURER OF STATE,,MICHAEL L FITZGERALD,DEMOCRATIC PARTY,586.000000
2014,19153153063,TREASURER OF STATE,,SAM CLOVIS,REPUBLICAN PARTY,654.000000
2014,19153153063,TREASURER OF STATE,,WRITE IN,,0.000000
2014,19153153063,U S SENATE,,BOB QUAST,BOB QUAST FOR TERM LIMITS,6.000000
2014,19153153063,U S SENATE,,BRUCE BRALEY,DEMOCRATIC PARTY,469.000000
2014,19153153063,U S SENATE,,DOUGLAS BUTZIER,LIBERTARIAN PARTY,4.000000
2014,19153153063,U S SENATE,,JONI ERNST,REPUBLICAN PARTY,802.000000
2014,19153153063,U S SENATE,,RICK STEWART,INDEPENDENT,15.000000
2014,19153153063,U S SENATE,,RUTH SMITH,,1.000000
2014,19153153063,U S SENATE,,WRITE IN,,0.000000
2014,19153153081,ATTORNEY GENERAL,,ADAM GREGG,REPUBLICAN PARTY,152.000000
2014,19153153081,ATTORNEY GENERAL,,TOM MILLER,DEMOCRATIC PARTY,304.000000
2014,19153153081,ATTORNEY GENERAL,,WRITE IN,,0.000000
2014,19153153081,AUDITOR OF STATE,,JONATHAN NEIDERBACH,DEMOCRATIC PARTY,249.000000
2014,19153153081,AUDITOR OF STATE,,MARY MOSIMAN,REPUBLICAN PARTY,201.000000
2014,19153153081,AUDITOR OF STATE,,WRITE IN,,0.000000
2014,19153153081,GOVERNOR,,JACK HATCH MONICA VERNON,DEMOCRATIC PARTY,224.000000
2014,19153153081,GOVERNOR,,JIM HENNAGER MARY MARGARET KRIEG,NEW INDEPENDENT PARTY IOWA,8.000000
2014,19153153081,GOVERNOR,,JONATHAN R NARCISSE MICHAEL L RICHARDS,IOWA PARTY,14.000000
2014,19153153081,GOVERNOR,,LEE DEAKINS HIEB TIM WATSON,LIBERTARIAN PARTY,8.000000
2014,19153153081,GOVERNOR,,TERRY E BRANSTAD KIM REYNOLDS,REPUBLICAN PARTY,210.000000
2014,19153153081,GOVERNOR,,WRITE IN,,0.000000
2014,19153153081,SECRETARY OF AGRICULTURE,,BILL NORTHEY,REPUBLICAN PARTY,213.000000
2014,19153153081,SECRETARY OF AGRICULTURE,,LEVI BENNING,NEW INDEPENDENT PARTY IOWA,28.000000
2014,19153153081,SECRETARY OF AGRICULTURE,,SHERRIE TAHA,DEMOCRATIC PARTY,211.000000
2014,19153153081,SECRETARY OF AGRICULTURE,,WRITE IN,,0.000000
2014,19153153081,SECRETARY OF STATE,,BRAD ANDERSON,DEMOCRATIC PARTY,271.000000
2014,19153153081,SECRETARY OF STATE,,JAKE PORTER,LIBERTARIAN PARTY,14.000000
2014,19153153081,SECRETARY OF STATE,,PAUL D PATE,REPUBLICAN PARTY,159.000000
2014,19153153081,SECRETARY OF STATE,,SPENCER HIGHLAND,NEW INDEPENDENT PARTY IOWA,13.000000
2014,19153153081,SECRETARY OF STATE,,WRITE IN,,0.000000
2014,19153153081,TREASURER OF STATE,,KEITH A LAUBE,LIBERTARIAN PARTY,12.000000
2014,19153153081,TREASURER OF STATE,,MICHAEL L FITZGERALD,DEMOCRATIC PARTY,290.000000
2014,19153153081,TREASURER OF STATE,,SAM CLOVIS,REPUBLICAN PARTY,153.000000
2014,19153153081,TREASURER OF STATE,,WRITE IN,,1.000000
2014,19153153081,U S SENATE,,BOB QUAST,BOB QUAST FOR TERM LIMITS,3.000000
2014,19153153081,U S SENATE,,BRUCE BRALEY,DEMOCRATIC PARTY,239.000000
2014,19153153081,U S SENATE,,DOUGLAS BUTZIER,LIBERTARIAN PARTY,3.000000
2014,19153153081,U S SENATE,,JONI ERNST,REPUBLICAN PARTY,196.000000
2014,19153153081,U S SENATE,,RICK STEWART,INDEPENDENT,20.000000
2014,19153153081,U S SENATE,,RUTH SMITH,,2.000000
2014,19153153081,U S SENATE,,WRITE IN,,1.000000
2014,19153153082,ATTORNEY GENERAL,,ADAM GREGG,REPUBLICAN PARTY,183.000000
2014,19153153082,ATTORNEY GENERAL,,TOM MILLER,DEMOCRATIC PARTY,457.000000
2014,19153153082,ATTORNEY GENERAL,,WRITE IN,,0.000000
2014,19153153082,AUDITOR OF STATE,,JONATHAN NEIDERBACH,DEMOCRATIC PARTY,380.000000
2014,19153153082,AUDITOR OF STATE,,MARY MOSIMAN,REPUBLICAN PARTY,240.000000
2014,19153153082,AUDITOR OF STATE,,WRITE IN,,1.000000
2014,19153153082,GOVERNOR,,JACK HATCH MONICA VERNON,DEMOCRATIC PARTY,355.000000
2014,19153153082,GOVERNOR,,JIM HENNAGER MARY MARGARET KRIEG,NEW INDEPENDENT PARTY IOWA,3.000000
2014,19153153082,GOVERNOR,,JONATHAN R NARCISSE MICHAEL L RICHARDS,IOWA PARTY,9.000000
2014,19153153082,GOVERNOR,,LEE DEAKINS HIEB TIM WATSON,LIBERTARIAN PARTY,16.000000
2014,19153153082,GOVERNOR,,TERRY E BRANSTAD KIM REYNOLDS,REPUBLICAN PARTY,270.000000
2014,19153153082,GOVERNOR,,WRITE IN,,1.000000
2014,19153153082,SECRETARY OF AGRICULTURE,,BILL NORTHEY,REPUBLICAN PARTY,275.000000
2014,19153153082,SECRETARY OF AGRICULTURE,,LEVI BENNING,NEW INDEPENDENT PARTY IOWA,35.000000
2014,19153153082,SECRETARY OF AGRICULTURE,,SHERRIE TAHA,DEMOCRATIC PARTY,319.000000
2014,19153153082,SECRETARY OF AGRICULTURE,,WRITE IN,,0.000000
2014,19153153082,SECRETARY OF STATE,,BRAD ANDERSON,DEMOCRATIC PARTY,395.000000
2014,19153153082,SECRETARY OF STATE,,JAKE PORTER,LIBERTARIAN PARTY,15.000000
2014,19153153082,SECRETARY OF STATE,,PAUL D PATE,REPUBLICAN PARTY,198.000000
2014,19153153082,SECRETARY OF STATE,,SPENCER HIGHLAND,NEW INDEPENDENT PARTY IOWA,21.000000
2014,19153153082,SECRETARY OF STATE,,WRITE IN,,1.000000
2014,19153153082,TREASURER OF STATE,,KEITH A LAUBE,LIBERTARIAN PARTY,17.000000
2014,19153153082,TREASURER OF STATE,,MICHAEL L FITZGERALD,DEMOCRATIC PARTY,428.000000
2014,19153153082,TREASURER OF STATE,,SAM CLOVIS,REPUBLICAN PARTY,188.000000
2014,19153153082,TREASURER OF STATE,,WRITE IN,,3.000000
2014,19153153082,U S SENATE,,BOB QUAST,BOB QUAST FOR TERM LIMITS,7.000000
2014,19153153082,U S SENATE,,BRUCE BRALEY,DEMOCRATIC PARTY,382.000000
2014,19153153082,U S SENATE,,DOUGLAS BUTZIER,LIBERTARIAN PARTY,10.000000
2014,19153153082,U S SENATE,,JONI ERNST,REPUBLICAN PARTY,232.000000
2014,19153153082,U S SENATE,,RICK STEWART,INDEPENDENT,18.000000
2014,19153153082,U S SENATE,,RUTH SMITH,,0.000000
2014,19153153082,U S SENATE,,WRITE IN,,2.000000
2014,19153153083,ATTORNEY GENERAL,,ADAM GREGG,REPUBLICAN PARTY,359.000000
2014,19153153083,ATTORNEY GENERAL,,TOM MILLER,DEMOCRATIC PARTY,794.000000
2014,19153153083,ATTORNEY GENERAL,,WRITE IN,,2.000000
2014,19153153083,AUDITOR OF STATE,,JONATHAN NEIDERBACH,DEMOCRATIC PARTY,667.000000
2014,19153153083,AUDITOR OF STATE,,MARY MOSIMAN,REPUBLICAN PARTY,453.000000
2014,19153153083,AUDITOR OF STATE,,WRITE IN,,2.000000
2014,19153153083,GOVERNOR,,JACK HATCH MONICA VERNON,DEMOCRATIC PARTY,630.000000
2014,19153153083,GOVERNOR,,JIM HENNAGER MARY MARGARET KRIEG,NEW INDEPENDENT PARTY IOWA,15.000000
2014,19153153083,GOVERNOR,,JONATHAN R NARCISSE MICHAEL L RICHARDS,IOWA PARTY,24.000000
2014,19153153083,GOVERNOR,,LEE DEAKINS HIEB TIM WATSON,LIBERTARIAN PARTY,22.000000
2014,19153153083,GOVERNOR,,TERRY E BRANSTAD KIM REYNOLDS,REPUBLICAN PARTY,483.000000
2014,19153153083,GOVERNOR,,WRITE IN,,0.000000
2014,19153153083,SECRETARY OF AGRICULTURE,,BILL NORTHEY,REPUBLICAN PARTY,515.000000
2014,19153153083,SECRETARY OF AGRICULTURE,,LEVI BENNING,NEW INDEPENDENT PARTY IOWA,45.000000
2014,19153153083,SECRETARY OF AGRICULTURE,,SHERRIE TAHA,DEMOCRATIC PARTY,577.000000
2014,19153153083,SECRETARY OF AGRICULTURE,,WRITE IN,,1.000000
2014,19153153083,SECRETARY OF STATE,,BRAD ANDERSON,DEMOCRATIC PARTY,695.000000
2014,19153153083,SECRETARY OF STATE,,JAKE PORTER,LIBERTARIAN PARTY,27.000000
2014,19153153083,SECRETARY OF STATE,,PAUL D PATE,REPUBLICAN PARTY,388.000000
2014,19153153083,SECRETARY OF STATE,,SPENCER HIGHLAND,NEW INDEPENDENT PARTY IOWA,25.000000
2014,19153153083,SECRETARY OF STATE,,WRITE IN,,2.000000
2014,19153153083,TREASURER OF STATE,,KEITH A LAUBE,LIBERTARIAN PARTY,23.000000
2014,19153153083,TREASURER OF STATE,,MICHAEL L FITZGERALD,DEMOCRATIC PARTY,766.000000
2014,19153153083,TREASURER OF STATE,,SAM CLOVIS,REPUBLICAN PARTY,355.000000
2014,19153153083,TREASURER OF STATE,,WRITE IN,,2.000000
2014,19153153083,U S SENATE,,BOB QUAST,BOB QUAST FOR TERM LIMITS,8.000000
2014,19153153083,U S SENATE,,BRUCE BRALEY,DEMOCRATIC PARTY,659.000000
2014,19153153083,U S SENATE,,DOUGLAS BUTZIER,LIBERTARIAN PARTY,7.000000
2014,19153153083,U S SENATE,,JONI ERNST,REPUBLICAN PARTY,464.000000
2014,19153153083,U S SENATE,,RICK STEWART,INDEPENDENT,27.000000
2014,19153153083,U S SENATE,,RUTH SMITH,,3.000000
2014,19153153083,U S SENATE,,WRITE IN,,0.000000
2014,19153153084,ATTORNEY GENERAL,,ADAM GREGG,REPUBLICAN PARTY,120.000000
2014,19153153084,ATTORNEY GENERAL,,TOM MILLER,DEMOCRATIC PARTY,405.000000
2014,19153153084,ATTORNEY GENERAL,,WRITE IN,,0.000000
2014,19153153084,AUDITOR OF STATE,,JONATHAN NEIDERBACH,DEMOCRATIC PARTY,332.000000
2014,19153153084,AUDITOR OF STATE,,MARY MOSIMAN,REPUBLICAN PARTY,178.000000
2014,19153153084,AUDITOR OF STATE,,WRITE IN,,0.000000
2014,19153153084,GOVERNOR,,JACK HATCH MONICA VERNON,DEMOCRATIC PARTY,324.000000
2014,19153153084,GOVERNOR,,JIM HENNAGER MARY MARGARET KRIEG,NEW INDEPENDENT PARTY IOWA,4.000000
2014,19153153084,GOVERNOR,,JONATHAN R NARCISSE MICHAEL L RICHARDS,IOWA PARTY,10.000000
2014,19153153084,GOVERNOR,,LEE DEAKINS HIEB TIM WATSON,LIBERTARIAN PARTY,9.000000
2014,19153153084,GOVERNOR,,TERRY E BRANSTAD KIM REYNOLDS,REPUBLICAN PARTY,187.000000
2014,19153153084,GOVERNOR,,WRITE IN,,0.000000
2014,19153153084,SECRETARY OF AGRICULTURE,,BILL NORTHEY,REPUBLICAN PARTY,197.000000
2014,19153153084,SECRETARY OF AGRICULTURE,,LEVI BENNING,NEW INDEPENDENT PARTY IOWA,16.000000
2014,19153153084,SECRETARY OF AGRICULTURE,,SHERRIE TAHA,DEMOCRATIC PARTY,298.000000
2014,19153153084,SECRETARY OF AGRICULTURE,,WRITE IN,,0.000000
2014,19153153084,SECRETARY OF STATE,,BRAD ANDERSON,DEMOCRATIC PARTY,353.000000
2014,19153153084,SECRETARY OF STATE,,JAKE PORTER,LIBERTARIAN PARTY,17.000000
2014,19153153084,SECRETARY OF STATE,,PAUL D PATE,REPUBLICAN PARTY,144.000000
2014,19153153084,SECRETARY OF STATE,,SPENCER HIGHLAND,NEW INDEPENDENT PARTY IOWA,8.000000
2014,19153153084,SECRETARY OF STATE,,WRITE IN,,0.000000
2014,19153153084,TREASURER OF STATE,,KEITH A LAUBE,LIBERTARIAN PARTY,16.000000
2014,19153153084,TREASURER OF STATE,,MICHAEL L FITZGERALD,DEMOCRATIC PARTY,384.000000
2014,19153153084,TREASURER OF STATE,,SAM CLOVIS,REPUBLICAN PARTY,124.000000
2014,19153153084,TREASURER OF STATE,,WRITE IN,,0.000000
2014,19153153084,U S SENATE,,BOB QUAST,BOB QUAST FOR TERM LIMITS,4.000000
2014,19153153084,U S SENATE,,BRUCE BRALEY,DEMOCRATIC PARTY,350.000000
2014,19153153084,U S SENATE,,DOUGLAS BUTZIER,LIBERTARIAN PARTY,7.000000
2014,19153153084,U S SENATE,,JONI ERNST,REPUBLICAN PARTY,156.000000
2014,19153153084,U S SENATE,,RICK STEWART,INDEPENDENT,10.000000
2014,19153153084,U S SENATE,,RUTH SMITH,,2.000000
2014,19153153084,U S SENATE,,WRITE IN,,0.000000
2014,19153153085,ATTORNEY GENERAL,,ADAM GREGG,REPUBLICAN PARTY,106.000000
2014,19153153085,ATTORNEY GENERAL,,TOM MILLER,DEMOCRATIC PARTY,265.000000
2014,19153153085,ATTORNEY GENERAL,,WRITE IN,,2.000000
2014,19153153085,AUDITOR OF STATE,,JONATHAN NEIDERBACH,DEMOCRATIC PARTY,218.000000
2014,19153153085,AUDITOR OF STATE,,MARY MOSIMAN,REPUBLICAN PARTY,143.000000
2014,19153153085,AUDITOR OF STATE,,WRITE IN,,2.000000
2014,19153153085,GOVERNOR,,JACK HATCH MONICA VERNON,DEMOCRATIC PARTY,210.000000
2014,19153153085,GOVERNOR,,JIM HENNAGER MARY MARGARET KRIEG,NEW INDEPENDENT PARTY IOWA,6.000000
2014,19153153085,GOVERNOR,,JONATHAN R NARCISSE MICHAEL L RICHARDS,IOWA PARTY,12.000000
2014,19153153085,GOVERNOR,,LEE DEAKINS HIEB TIM WATSON,LIBERTARIAN PARTY,9.000000
2014,19153153085,GOVERNOR,,TERRY E BRANSTAD KIM REYNOLDS,REPUBLICAN PARTY,135.000000
2014,19153153085,GOVERNOR,,WRITE IN,,1.000000
2014,19153153085,SECRETARY OF AGRICULTURE,,BILL NORTHEY,REPUBLICAN PARTY,175.000000
2014,19153153085,SECRETARY OF AGRICULTURE,,LEVI BENNING,NEW INDEPENDENT PARTY IOWA,20.000000
2014,19153153085,SECRETARY OF AGRICULTURE,,SHERRIE TAHA,DEMOCRATIC PARTY,174.000000
2014,19153153085,SECRETARY OF AGRICULTURE,,WRITE IN,,0.000000
2014,19153153085,SECRETARY OF STATE,,BRAD ANDERSON,DEMOCRATIC PARTY,223.000000
2014,19153153085,SECRETARY OF STATE,,JAKE PORTER,LIBERTARIAN PARTY,11.000000
2014,19153153085,SECRETARY OF STATE,,PAUL D PATE,REPUBLICAN PARTY,121.000000
2014,19153153085,SECRETARY OF STATE,,SPENCER HIGHLAND,NEW INDEPENDENT PARTY IOWA,18.000000
2014,19153153085,SECRETARY OF STATE,,WRITE IN,,0.000000
2014,19153153085,TREASURER OF STATE,,KEITH A LAUBE,LIBERTARIAN PARTY,15.000000
2014,19153153085,TREASURER OF STATE,,MICHAEL L FITZGERALD,DEMOCRATIC PARTY,264.000000
2014,19153153085,TREASURER OF STATE,,SAM CLOVIS,REPUBLICAN PARTY,93.000000
2014,19153153085,TREASURER OF STATE,,WRITE IN,,1.000000
2014,19153153085,U S SENATE,,BOB QUAST,BOB QUAST FOR TERM LIMITS,9.000000
2014,19153153085,U S SENATE,,BRUCE BRALEY,DEMOCRATIC PARTY,212.000000
2014,19153153085,U S SENATE,,DOUGLAS BUTZIER,LIBERTARIAN PARTY,3.000000
2014,19153153085,U S SENATE,,JONI ERNST,REPUBLICAN PARTY,136.000000
2014,19153153085,U S SENATE,,RICK STEWART,INDEPENDENT,15.000000
2014,19153153085,U S SENATE,,RUTH SMITH,,2.000000
2014,19153153085,U S SENATE,,WRITE IN,,1.000000
2014,19153153086,ATTORNEY GENERAL,,ADAM GREGG,REPUBLICAN PARTY,142.000000
2014,19153153086,ATTORNEY GENERAL,,TOM MILLER,DEMOCRATIC PARTY,345.000000
2014,19153153086,ATTORNEY GENERAL,,WRITE IN,,1.000000
2014,19153153086,AUDITOR OF STATE,,JONATHAN NEIDERBACH,DEMOCRATIC PARTY,284.000000
2014,19153153086,AUDITOR OF STATE,,MARY MOSIMAN,REPUBLICAN PARTY,195.000000
2014,19153153086,AUDITOR OF STATE,,WRITE IN,,1.000000
2014,19153153086,GOVERNOR,,JACK HATCH MONICA VERNON,DEMOCRATIC PARTY,271.000000
2014,19153153086,GOVERNOR,,JIM HENNAGER MARY MARGARET KRIEG,NEW INDEPENDENT PARTY IOWA,6.000000
2014,19153153086,GOVERNOR,,JONATHAN R NARCISSE MICHAEL L RICHARDS,IOWA PARTY,11.000000
2014,19153153086,GOVERNOR,,LEE DEAKINS HIEB TIM WATSON,LIBERTARIAN PARTY,15.000000
2014,19153153086,GOVERNOR,,TERRY E BRANSTAD KIM REYNOLDS,REPUBLICAN PARTY,195.000000
2014,19153153086,GOVERNOR,,WRITE IN,,0.000000
2014,19153153086,SECRETARY OF AGRICULTURE,,BILL NORTHEY,REPUBLICAN PARTY,207.000000
2014,19153153086,SECRETARY OF AGRICULTURE,,LEVI BENNING,NEW INDEPENDENT PARTY IOWA,31.000000
2014,19153153086,SECRETARY OF AGRICULTURE,,SHERRIE TAHA,DEMOCRATIC PARTY,244.000000
2014,19153153086,SECRETARY OF AGRICULTURE,,WRITE IN,,1.000000
2014,19153153086,SECRETARY OF STATE,,BRAD ANDERSON,DEMOCRATIC PARTY,297.000000
2014,19153153086,SECRETARY OF STATE,,JAKE PORTER,LIBERTARIAN PARTY,22.000000
2014,19153153086,SECRETARY OF STATE,,PAUL D PATE,REPUBLICAN PARTY,155.000000
2014,19153153086,SECRETARY OF STATE,,SPENCER HIGHLAND,NEW INDEPENDENT PARTY IOWA,13.000000
2014,19153153086,SECRETARY OF STATE,,WRITE IN,,0.000000
2014,19153153086,TREASURER OF STATE,,KEITH A LAUBE,LIBERTARIAN PARTY,19.000000
2014,19153153086,TREASURER OF STATE,,MICHAEL L FITZGERALD,DEMOCRATIC PARTY,323.000000
2014,19153153086,TREASURER OF STATE,,SAM CLOVIS,REPUBLICAN PARTY,146.000000
2014,19153153086,TREASURER OF STATE,,WRITE IN,,1.000000
2014,19153153086,U S SENATE,,BOB QUAST,BOB QUAST FOR TERM LIMITS,4.000000
2014,19153153086,U S SENATE,,BRUCE BRALEY,DEMOCRATIC PARTY,292.000000
2014,19153153086,U S SENATE,,DOUGLAS BUTZIER,LIBERTARIAN PARTY,5.000000
2014,19153153086,U S SENATE,,JONI ERNST,REPUBLICAN PARTY,171.000000
2014,19153153086,U S SENATE,,RICK STEWART,INDEPENDENT,23.000000
2014,19153153086,U S SENATE,,RUTH SMITH,,2.000000
2014,19153153086,U S SENATE,,WRITE IN,,0.000000
2014,19153153087,ATTORNEY GENERAL,,ADAM GREGG,REPUBLICAN PARTY,249.000000
2014,19153153087,ATTORNEY GENERAL,,TOM MILLER,DEMOCRATIC PARTY,721.000000
2014,19153153087,ATTORNEY GENERAL,,WRITE IN,,5.000000
2014,19153153087,AUDITOR OF STATE,,JONATHAN NEIDERBACH,DEMOCRATIC PARTY,615.000000
2014,19153153087,AUDITOR OF STATE,,MARY MOSIMAN,REPUBLICAN PARTY,334.000000
2014,19153153087,AUDITOR OF STATE,,WRITE IN,,3.000000
2014,19153153087,GOVERNOR,,JACK HATCH MONICA VERNON,DEMOCRATIC PARTY,565.000000
2014,19153153087,GOVERNOR,,JIM HENNAGER MARY MARGARET KRIEG,NEW INDEPENDENT PARTY IOWA,17.000000
2014,19153153087,GOVERNOR,,JONATHAN R NARCISSE MICHAEL L RICHARDS,IOWA PARTY,30.000000
2014,19153153087,GOVERNOR,,LEE DEAKINS HIEB TIM WATSON,LIBERTARIAN PARTY,33.000000
2014,19153153087,GOVERNOR,,TERRY E BRANSTAD KIM REYNOLDS,REPUBLICAN PARTY,344.000000
2014,19153153087,GOVERNOR,,WRITE IN,,3.000000
2014,19153153087,SECRETARY OF AGRICULTURE,,BILL NORTHEY,REPUBLICAN PARTY,392.000000
2014,19153153087,SECRETARY OF AGRICULTURE,,LEVI BENNING,NEW INDEPENDENT PARTY IOWA,46.000000
2014,19153153087,SECRETARY OF AGRICULTURE,,SHERRIE TAHA,DEMOCRATIC PARTY,526.000000
2014,19153153087,SECRETARY OF AGRICULTURE,,WRITE IN,,3.000000
2014,19153153087,SECRETARY OF STATE,,BRAD ANDERSON,DEMOCRATIC PARTY,644.000000
2014,19153153087,SECRETARY OF STATE,,JAKE PORTER,LIBERTARIAN PARTY,44.000000
2014,19153153087,SECRETARY OF STATE,,PAUL D PATE,REPUBLICAN PARTY,255.000000
2014,19153153087,SECRETARY OF STATE,,SPENCER HIGHLAND,NEW INDEPENDENT PARTY IOWA,31.000000
2014,19153153087,SECRETARY OF STATE,,WRITE IN,,1.000000
2014,19153153087,TREASURER OF STATE,,KEITH A LAUBE,LIBERTARIAN PARTY,39.000000
2014,19153153087,TREASURER OF STATE,,MICHAEL L FITZGERALD,DEMOCRATIC PARTY,694.000000
2014,19153153087,TREASURER OF STATE,,SAM CLOVIS,REPUBLICAN PARTY,231.000000
2014,19153153087,TREASURER OF STATE,,WRITE IN,,2.000000
2014,19153153087,U S SENATE,,BOB QUAST,BOB QUAST FOR TERM LIMITS,10.000000
2014,19153153087,U S SENATE,,BRUCE BRALEY,DEMOCRATIC PARTY,611.000000
2014,19153153087,U S SENATE,,DOUGLAS BUTZIER,LIBERTARIAN PARTY,20.000000
2014,19153153087,U S SENATE,,JONI ERNST,REPUBLICAN PARTY,318.000000
2014,19153153087,U S SENATE,,RICK STEWART,INDEPENDENT,29.000000
2014,19153153087,U S SENATE,,RUTH SMITH,,3.000000
2014,19153153087,U S SENATE,,WRITE IN,,2.000000
2014,19153153088,ATTORNEY GENERAL,,ADAM GREGG,REPUBLICAN PARTY,159.000000
2014,19153153088,ATTORNEY GENERAL,,TOM MILLER,DEMOCRATIC PARTY,487.000000
2014,19153153088,ATTORNEY GENERAL,,WRITE IN,,2.000000
2014,19153153088,AUDITOR OF STATE,,JONATHAN NEIDERBACH,DEMOCRATIC PARTY,406.000000
2014,19153153088,AUDITOR OF STATE,,MARY MOSIMAN,REPUBLICAN PARTY,226.000000
2014,19153153088,AUDITOR OF STATE,,WRITE IN,,2.000000
2014,19153153088,GOVERNOR,,JACK HATCH MONICA VERNON,DEMOCRATIC PARTY,392.000000
2014,19153153088,GOVERNOR,,JIM HENNAGER MARY MARGARET KRIEG,NEW INDEPENDENT PARTY IOWA,9.000000
2014,19153153088,GOVERNOR,,JONATHAN R NARCISSE MICHAEL L RICHARDS,IOWA PARTY,9.000000
2014,19153153088,GOVERNOR,,LEE DEAKINS HIEB TIM WATSON,LIBERTARIAN PARTY,11.000000
2014,19153153088,GOVERNOR,,TERRY E BRANSTAD KIM REYNOLDS,REPUBLICAN PARTY,232.000000
2014,19153153088,GOVERNOR,,WRITE IN,,1.000000
2014,19153153088,SECRETARY OF AGRICULTURE,,BILL NORTHEY,REPUBLICAN PARTY,264.000000
2014,19153153088,SECRETARY OF AGRICULTURE,,LEVI BENNING,NEW INDEPENDENT PARTY IOWA,22.000000
2014,19153153088,SECRETARY OF AGRICULTURE,,SHERRIE TAHA,DEMOCRATIC PARTY,353.000000
2014,19153153088,SECRETARY OF AGRICULTURE,,WRITE IN,,0.000000
2014,19153153088,SECRETARY OF STATE,,BRAD ANDERSON,DEMOCRATIC PARTY,435.000000
2014,19153153088,SECRETARY OF STATE,,JAKE PORTER,LIBERTARIAN PARTY,14.000000
2014,19153153088,SECRETARY OF STATE,,PAUL D PATE,REPUBLICAN PARTY,181.000000
2014,19153153088,SECRETARY OF STATE,,SPENCER HIGHLAND,NEW INDEPENDENT PARTY IOWA,14.000000
2014,19153153088,SECRETARY OF STATE,,WRITE IN,,0.000000
2014,19153153088,TREASURER OF STATE,,KEITH A LAUBE,LIBERTARIAN PARTY,13.000000
2014,19153153088,TREASURER OF STATE,,MICHAEL L FITZGERALD,DEMOCRATIC PARTY,467.000000
2014,19153153088,TREASURER OF STATE,,SAM CLOVIS,REPUBLICAN PARTY,166.000000
2014,19153153088,TREASURER OF STATE,,WRITE IN,,0.000000
2014,19153153088,U S SENATE,,BOB QUAST,BOB QUAST FOR TERM LIMITS,2.000000
2014,19153153088,U S SENATE,,BRUCE BRALEY,DEMOCRATIC PARTY,425.000000
2014,19153153088,U S SENATE,,DOUGLAS BUTZIER,LIBERTARIAN PARTY,5.000000
2014,19153153088,U S SENATE,,JONI ERNST,REPUBLICAN PARTY,215.000000
2014,19153153088,U S SENATE,,RICK STEWART,INDEPENDENT,11.000000
2014,19153153088,U S SENATE,,RUTH SMITH,,0.000000
2014,19153153088,U S SENATE,,WRITE IN,,0.000000
2014,19153153089,ATTORNEY GENERAL,,ADAM GREGG,REPUBLICAN PARTY,320.000000
2014,19153153089,ATTORNEY GENERAL,,TOM MILLER,DEMOCRATIC PARTY,716.000000
2014,19153153089,ATTORNEY GENERAL,,WRITE IN,,2.000000
2014,19153153089,AUDITOR OF STATE,,JONATHAN NEIDERBACH,DEMOCRATIC PARTY,565.000000
2014,19153153089,AUDITOR OF STATE,,MARY MOSIMAN,REPUBLICAN PARTY,435.000000
2014,19153153089,AUDITOR OF STATE,,WRITE IN,,2.000000
2014,19153153089,GOVERNOR,,JACK HATCH MONICA VERNON,DEMOCRATIC PARTY,541.000000
2014,19153153089,GOVERNOR,,JIM HENNAGER MARY MARGARET KRIEG,NEW INDEPENDENT PARTY IOWA,16.000000
2014,19153153089,GOVERNOR,,JONATHAN R NARCISSE MICHAEL L RICHARDS,IOWA PARTY,16.000000
2014,19153153089,GOVERNOR,,LEE DEAKINS HIEB TIM WATSON,LIBERTARIAN PARTY,25.000000
2014,19153153089,GOVERNOR,,TERRY E BRANSTAD KIM REYNOLDS,REPUBLICAN PARTY,457.000000
2014,19153153089,GOVERNOR,,WRITE IN,,2.000000
2014,19153153089,SECRETARY OF AGRICULTURE,,BILL NORTHEY,REPUBLICAN PARTY,481.000000
2014,19153153089,SECRETARY OF AGRICULTURE,,LEVI BENNING,NEW INDEPENDENT PARTY IOWA,39.000000
2014,19153153089,SECRETARY OF AGRICULTURE,,SHERRIE TAHA,DEMOCRATIC PARTY,497.000000
2014,19153153089,SECRETARY OF AGRICULTURE,,WRITE IN,,0.000000
2014,19153153089,SECRETARY OF STATE,,BRAD ANDERSON,DEMOCRATIC PARTY,626.000000
2014,19153153089,SECRETARY OF STATE,,JAKE PORTER,LIBERTARIAN PARTY,29.000000
2014,19153153089,SECRETARY OF STATE,,PAUL D PATE,REPUBLICAN PARTY,363.000000
2014,19153153089,SECRETARY OF STATE,,SPENCER HIGHLAND,NEW INDEPENDENT PARTY IOWA,15.000000
2014,19153153089,SECRETARY OF STATE,,WRITE IN,,0.000000
2014,19153153089,TREASURER OF STATE,,KEITH A LAUBE,LIBERTARIAN PARTY,35.000000
2014,19153153089,TREASURER OF STATE,,MICHAEL L FITZGERALD,DEMOCRATIC PARTY,676.000000
2014,19153153089,TREASURER OF STATE,,SAM CLOVIS,REPUBLICAN PARTY,321.000000
2014,19153153089,TREASURER OF STATE,,WRITE IN,,2.000000
2014,19153153089,U S SENATE,,BOB QUAST,BOB QUAST FOR TERM LIMITS,6.000000
2014,19153153089,U S SENATE,,BRUCE BRALEY,DEMOCRATIC PARTY,606.000000
2014,19153153089,U S SENATE,,DOUGLAS BUTZIER,LIBERTARIAN PARTY,9.000000
2014,19153153089,U S SENATE,,JONI ERNST,REPUBLICAN PARTY,422.000000
2014,19153153089,U S SENATE,,RICK STEWART,INDEPENDENT,12.000000
2014,19153153089,U S SENATE,,RUTH SMITH,,1.000000
2014,19153153089,U S SENATE,,WRITE IN,,2.000000
2014,19153153090,ATTORNEY GENERAL,,ADAM GREGG,REPUBLICAN PARTY,357.000000
2014,19153153090,ATTORNEY GENERAL,,TOM MILLER,DEMOCRATIC PARTY,818.000000
2014,19153153090,ATTORNEY GENERAL,,WRITE IN,,4.000000
2014,19153153090,AUDITOR OF STATE,,JONATHAN NEIDERBACH,DEMOCRATIC PARTY,623.000000
2014,19153153090,AUDITOR OF STATE,,MARY MOSIMAN,REPUBLICAN PARTY,508.000000
2014,19153153090,AUDITOR OF STATE,,WRITE IN,,5.000000
2014,19153153090,GOVERNOR,,JACK HATCH MONICA VERNON,DEMOCRATIC PARTY,631.000000
2014,19153153090,GOVERNOR,,JIM HENNAGER MARY MARGARET KRIEG,NEW INDEPENDENT PARTY IOWA,14.000000
2014,19153153090,GOVERNOR,,JONATHAN R NARCISSE MICHAEL L RICHARDS,IOWA PARTY,30.000000
2014,19153153090,GOVERNOR,,LEE DEAKINS HIEB TIM WATSON,LIBERTARIAN PARTY,31.000000
2014,19153153090,GOVERNOR,,TERRY E BRANSTAD KIM REYNOLDS,REPUBLICAN PARTY,492.000000
2014,19153153090,GOVERNOR,,WRITE IN,,2.000000
2014,19153153090,SECRETARY OF AGRICULTURE,,BILL NORTHEY,REPUBLICAN PARTY,577.000000
2014,19153153090,SECRETARY OF AGRICULTURE,,LEVI BENNING,NEW INDEPENDENT PARTY IOWA,38.000000
2014,19153153090,SECRETARY OF AGRICULTURE,,SHERRIE TAHA,DEMOCRATIC PARTY,546.000000
2014,19153153090,SECRETARY OF AGRICULTURE,,WRITE IN,,3.000000
2014,19153153090,SECRETARY OF STATE,,BRAD ANDERSON,DEMOCRATIC PARTY,701.000000
2014,19153153090,SECRETARY OF STATE,,JAKE PORTER,LIBERTARIAN PARTY,38.000000
2014,19153153090,SECRETARY OF STATE,,PAUL D PATE,REPUBLICAN PARTY,408.000000
2014,19153153090,SECRETARY OF STATE,,SPENCER HIGHLAND,NEW INDEPENDENT PARTY IOWA,25.000000
2014,19153153090,SECRETARY OF STATE,,WRITE IN,,2.000000
2014,19153153090,TREASURER OF STATE,,KEITH A LAUBE,LIBERTARIAN PARTY,35.000000
2014,19153153090,TREASURER OF STATE,,MICHAEL L FITZGERALD,DEMOCRATIC PARTY,764.000000
2014,19153153090,TREASURER OF STATE,,SAM CLOVIS,REPUBLICAN PARTY,370.000000
2014,19153153090,TREASURER OF STATE,,WRITE IN,,0.000000
2014,19153153090,U S SENATE,,BOB QUAST,BOB QUAST FOR TERM LIMITS,7.000000
2014,19153153090,U S SENATE,,BRUCE BRALEY,DEMOCRATIC PARTY,695.000000
2014,19153153090,U S SENATE,,DOUGLAS BUTZIER,LIBERTARIAN PARTY,11.000000
2014,19153153090,U S SENATE,,JONI ERNST,REPUBLICAN PARTY,458.000000
2014,19153153090,U S SENATE,,RICK STEWART,INDEPENDENT,16.000000
2014,19153153090,U S SENATE,,RUTH SMITH,,8.000000
2014,19153153090,U S SENATE,,WRITE IN,,2.000000
2014,19153153091,ATTORNEY GENERAL,,ADAM GREGG,REPUBLICAN PARTY,362.000000
2014,19153153091,ATTORNEY GENERAL,,TOM MILLER,DEMOCRATIC PARTY,677.000000
2014,19153153091,ATTORNEY GENERAL,,WRITE IN,,3.000000
2014,19153153091,AUDITOR OF STATE,,JONATHAN NEIDERBACH,DEMOCRATIC PARTY,544.000000
2014,19153153091,AUDITOR OF STATE,,MARY MOSIMAN,REPUBLICAN PARTY,464.000000
2014,19153153091,AUDITOR OF STATE,,WRITE IN,,3.000000
2014,19153153091,GOVERNOR,,JACK HATCH MONICA VERNON,DEMOCRATIC PARTY,524.000000
2014,19153153091,GOVERNOR,,JIM HENNAGER MARY MARGARET KRIEG,NEW INDEPENDENT PARTY IOWA,12.000000
2014,19153153091,GOVERNOR,,JONATHAN R NARCISSE MICHAEL L RICHARDS,IOWA PARTY,16.000000
2014,19153153091,GOVERNOR,,LEE DEAKINS HIEB TIM WATSON,LIBERTARIAN PARTY,19.000000
2014,19153153091,GOVERNOR,,TERRY E BRANSTAD KIM REYNOLDS,REPUBLICAN PARTY,495.000000
2014,19153153091,GOVERNOR,,WRITE IN,,2.000000
2014,19153153091,SECRETARY OF AGRICULTURE,,BILL NORTHEY,REPUBLICAN PARTY,531.000000
2014,19153153091,SECRETARY OF AGRICULTURE,,LEVI BENNING,NEW INDEPENDENT PARTY IOWA,32.000000
2014,19153153091,SECRETARY OF AGRICULTURE,,SHERRIE TAHA,DEMOCRATIC PARTY,479.000000
2014,19153153091,SECRETARY OF AGRICULTURE,,WRITE IN,,1.000000
2014,19153153091,SECRETARY OF STATE,,BRAD ANDERSON,DEMOCRATIC PARTY,613.000000
2014,19153153091,SECRETARY OF STATE,,JAKE PORTER,LIBERTARIAN PARTY,27.000000
2014,19153153091,SECRETARY OF STATE,,PAUL D PATE,REPUBLICAN PARTY,383.000000
2014,19153153091,SECRETARY OF STATE,,SPENCER HIGHLAND,NEW INDEPENDENT PARTY IOWA,21.000000
2014,19153153091,SECRETARY OF STATE,,WRITE IN,,1.000000
2014,19153153091,TREASURER OF STATE,,KEITH A LAUBE,LIBERTARIAN PARTY,28.000000
2014,19153153091,TREASURER OF STATE,,MICHAEL L FITZGERALD,DEMOCRATIC PARTY,657.000000
2014,19153153091,TREASURER OF STATE,,SAM CLOVIS,REPUBLICAN PARTY,352.000000
2014,19153153091,TREASURER OF STATE,,WRITE IN,,0.000000
2014,19153153091,U S SENATE,,BOB QUAST,BOB QUAST FOR TERM LIMITS,7.000000
2014,19153153091,U S SENATE,,BRUCE BRALEY,DEMOCRATIC PARTY,578.000000
2014,19153153091,U S SENATE,,DOUGLAS BUTZIER,LIBERTARIAN PARTY,9.000000
2014,19153153091,U S SENATE,,JONI ERNST,REPUBLICAN PARTY,460.000000
2014,19153153091,U S SENATE,,RICK STEWART,INDEPENDENT,14.000000
2014,19153153091,U S SENATE,,RUTH SMITH,,1.000000
2014,19153153091,U S SENATE,,WRITE IN,,2.000000
2014,19153153092,ATTORNEY GENERAL,,ADAM GREGG,REPUBLICAN PARTY,153.000000
2014,19153153092,ATTORNEY GENERAL,,TOM MILLER,DEMOCRATIC PARTY,411.000000
2014,19153153092,ATTORNEY GENERAL,,WRITE IN,,4.000000
2014,19153153092,AUDITOR OF STATE,,JONATHAN NEIDERBACH,DEMOCRATIC PARTY,330.000000
2014,19153153092,AUDITOR OF STATE,,MARY MOSIMAN,REPUBLICAN PARTY,219.000000
2014,19153153092,AUDITOR OF STATE,,WRITE IN,,3.000000
2014,19153153092,GOVERNOR,,JACK HATCH MONICA VERNON,DEMOCRATIC PARTY,321.000000
2014,19153153092,GOVERNOR,,JIM HENNAGER MARY MARGARET KRIEG,NEW INDEPENDENT PARTY IOWA,11.000000
2014,19153153092,GOVERNOR,,JONATHAN R NARCISSE MICHAEL L RICHARDS,IOWA PARTY,13.000000
2014,19153153092,GOVERNOR,,LEE DEAKINS HIEB TIM WATSON,LIBERTARIAN PARTY,14.000000
2014,19153153092,GOVERNOR,,TERRY E BRANSTAD KIM REYNOLDS,REPUBLICAN PARTY,224.000000
2014,19153153092,GOVERNOR,,WRITE IN,,1.000000
2014,19153153092,SECRETARY OF AGRICULTURE,,BILL NORTHEY,REPUBLICAN PARTY,251.000000
2014,19153153092,SECRETARY OF AGRICULTURE,,LEVI BENNING,NEW INDEPENDENT PARTY IOWA,26.000000
2014,19153153092,SECRETARY OF AGRICULTURE,,SHERRIE TAHA,DEMOCRATIC PARTY,287.000000
2014,19153153092,SECRETARY OF AGRICULTURE,,WRITE IN,,2.000000
2014,19153153092,SECRETARY OF STATE,,BRAD ANDERSON,DEMOCRATIC PARTY,360.000000
2014,19153153092,SECRETARY OF STATE,,JAKE PORTER,LIBERTARIAN PARTY,29.000000
2014,19153153092,SECRETARY OF STATE,,PAUL D PATE,REPUBLICAN PARTY,162.000000
2014,19153153092,SECRETARY OF STATE,,SPENCER HIGHLAND,NEW INDEPENDENT PARTY IOWA,16.000000
2014,19153153092,SECRETARY OF STATE,,WRITE IN,,1.000000
2014,19153153092,TREASURER OF STATE,,KEITH A LAUBE,LIBERTARIAN PARTY,24.000000
2014,19153153092,TREASURER OF STATE,,MICHAEL L FITZGERALD,DEMOCRATIC PARTY,385.000000
2014,19153153092,TREASURER OF STATE,,SAM CLOVIS,REPUBLICAN PARTY,158.000000
2014,19153153092,TREASURER OF STATE,,WRITE IN,,1.000000
2014,19153153092,U S SENATE,,BOB QUAST,BOB QUAST FOR TERM LIMITS,2.000000
2014,19153153092,U S SENATE,,BRUCE BRALEY,DEMOCRATIC PARTY,354.000000
2014,19153153092,U S SENATE,,DOUGLAS BUTZIER,LIBERTARIAN PARTY,7.000000
2014,19153153092,U S SENATE,,JONI ERNST,REPUBLICAN PARTY,205.000000
2014,19153153092,U S SENATE,,RICK STEWART,INDEPENDENT,14.000000
2014,19153153092,U S SENATE,,RUTH SMITH,,2.000000
2014,19153153092,U S SENATE,,WRITE IN,,2.000000
2014,19153153093,ATTORNEY GENERAL,,ADAM GREGG,REPUBLICAN PARTY,186.000000
2014,19153153093,ATTORNEY GENERAL,,TOM MILLER,DEMOCRATIC PARTY,471.000000
2014,19153153093,ATTORNEY GENERAL,,WRITE IN,,2.000000
2014,19153153093,AUDITOR OF STATE,,JONATHAN NEIDERBACH,DEMOCRATIC PARTY,383.000000
2014,19153153093,AUDITOR OF STATE,,MARY MOSIMAN,REPUBLICAN PARTY,255.000000
2014,19153153093,AUDITOR OF STATE,,WRITE IN,,5.000000
2014,19153153093,GOVERNOR,,JACK HATCH MONICA VERNON,DEMOCRATIC PARTY,366.000000
2014,19153153093,GOVERNOR,,JIM HENNAGER MARY MARGARET KRIEG,NEW INDEPENDENT PARTY IOWA,6.000000
2014,19153153093,GOVERNOR,,JONATHAN R NARCISSE MICHAEL L RICHARDS,IOWA PARTY,11.000000
2014,19153153093,GOVERNOR,,LEE DEAKINS HIEB TIM WATSON,LIBERTARIAN PARTY,14.000000
2014,19153153093,GOVERNOR,,TERRY E BRANSTAD KIM REYNOLDS,REPUBLICAN PARTY,277.000000
2014,19153153093,GOVERNOR,,WRITE IN,,2.000000
2014,19153153093,SECRETARY OF AGRICULTURE,,BILL NORTHEY,REPUBLICAN PARTY,303.000000
2014,19153153093,SECRETARY OF AGRICULTURE,,LEVI BENNING,NEW INDEPENDENT PARTY IOWA,19.000000
2014,19153153093,SECRETARY OF AGRICULTURE,,SHERRIE TAHA,DEMOCRATIC PARTY,332.000000
2014,19153153093,SECRETARY OF AGRICULTURE,,WRITE IN,,3.000000
2014,19153153093,SECRETARY OF STATE,,BRAD ANDERSON,DEMOCRATIC PARTY,393.000000
2014,19153153093,SECRETARY OF STATE,,JAKE PORTER,LIBERTARIAN PARTY,26.000000
2014,19153153093,SECRETARY OF STATE,,PAUL D PATE,REPUBLICAN PARTY,214.000000
2014,19153153093,SECRETARY OF STATE,,SPENCER HIGHLAND,NEW INDEPENDENT PARTY IOWA,18.000000
2014,19153153093,SECRETARY OF STATE,,WRITE IN,,3.000000
2014,19153153093,TREASURER OF STATE,,KEITH A LAUBE,LIBERTARIAN PARTY,19.000000
2014,19153153093,TREASURER OF STATE,,MICHAEL L FITZGERALD,DEMOCRATIC PARTY,436.000000
2014,19153153093,TREASURER OF STATE,,SAM CLOVIS,REPUBLICAN PARTY,194.000000
2014,19153153093,TREASURER OF STATE,,WRITE IN,,2.000000
2014,19153153093,U S SENATE,,BOB QUAST,BOB QUAST FOR TERM LIMITS,4.000000
2014,19153153093,U S SENATE,,BRUCE BRALEY,DEMOCRATIC PARTY,410.000000
2014,19153153093,U S SENATE,,DOUGLAS BUTZIER,LIBERTARIAN PARTY,7.000000
2014,19153153093,U S SENATE,,JONI ERNST,REPUBLICAN PARTY,238.000000
2014,19153153093,U S SENATE,,RICK STEWART,INDEPENDENT,13.000000
2014,19153153093,U S SENATE,,RUTH SMITH,,2.000000
2014,19153153093,U S SENATE,,WRITE IN,,1.000000
2014,19153153094,ATTORNEY GENERAL,,ADAM GREGG,REPUBLICAN PARTY,156.000000
2014,19153153094,ATTORNEY GENERAL,,TOM MILLER,DEMOCRATIC PARTY,529.000000
2014,19153153094,ATTORNEY GENERAL,,WRITE IN,,2.000000
2014,19153153094,AUDITOR OF STATE,,JONATHAN NEIDERBACH,DEMOCRATIC PARTY,431.000000
2014,19153153094,AUDITOR OF STATE,,MARY MOSIMAN,REPUBLICAN PARTY,229.000000
2014,19153153094,AUDITOR OF STATE,,WRITE IN,,2.000000
2014,19153153094,GOVERNOR,,JACK HATCH MONICA VERNON,DEMOCRATIC PARTY,404.000000
2014,19153153094,GOVERNOR,,JIM HENNAGER MARY MARGARET KRIEG,NEW INDEPENDENT PARTY IOWA,16.000000
2014,19153153094,GOVERNOR,,JONATHAN R NARCISSE MICHAEL L RICHARDS,IOWA PARTY,12.000000
2014,19153153094,GOVERNOR,,LEE DEAKINS HIEB TIM WATSON,LIBERTARIAN PARTY,15.000000
2014,19153153094,GOVERNOR,,TERRY E BRANSTAD KIM REYNOLDS,REPUBLICAN PARTY,251.000000
2014,19153153094,GOVERNOR,,WRITE IN,,3.000000
2014,19153153094,SECRETARY OF AGRICULTURE,,BILL NORTHEY,REPUBLICAN PARTY,269.000000
2014,19153153094,SECRETARY OF AGRICULTURE,,LEVI BENNING,NEW INDEPENDENT PARTY IOWA,34.000000
2014,19153153094,SECRETARY OF AGRICULTURE,,SHERRIE TAHA,DEMOCRATIC PARTY,369.000000
2014,19153153094,SECRETARY OF AGRICULTURE,,WRITE IN,,4.000000
2014,19153153094,SECRETARY OF STATE,,BRAD ANDERSON,DEMOCRATIC PARTY,473.000000
2014,19153153094,SECRETARY OF STATE,,JAKE PORTER,LIBERTARIAN PARTY,18.000000
2014,19153153094,SECRETARY OF STATE,,PAUL D PATE,REPUBLICAN PARTY,166.000000
2014,19153153094,SECRETARY OF STATE,,SPENCER HIGHLAND,NEW INDEPENDENT PARTY IOWA,23.000000
2014,19153153094,SECRETARY OF STATE,,WRITE IN,,4.000000
2014,19153153094,TREASURER OF STATE,,KEITH A LAUBE,LIBERTARIAN PARTY,22.000000
2014,19153153094,TREASURER OF STATE,,MICHAEL L FITZGERALD,DEMOCRATIC PARTY,485.000000
2014,19153153094,TREASURER OF STATE,,SAM CLOVIS,REPUBLICAN PARTY,170.000000
2014,19153153094,TREASURER OF STATE,,WRITE IN,,2.000000
2014,19153153094,U S SENATE,,BOB QUAST,BOB QUAST FOR TERM LIMITS,5.000000
2014,19153153094,U S SENATE,,BRUCE BRALEY,DEMOCRATIC PARTY,451.000000
2014,19153153094,U S SENATE,,DOUGLAS BUTZIER,LIBERTARIAN PARTY,4.000000
2014,19153153094,U S SENATE,,JONI ERNST,REPUBLICAN PARTY,211.000000
2014,19153153094,U S SENATE,,RICK STEWART,INDEPENDENT,19.000000
2014,19153153094,U S SENATE,,RUTH SMITH,,3.000000
2014,19153153094,U S SENATE,,WRITE IN,,5.000000
2014,19153153095,ATTORNEY GENERAL,,ADAM GREGG,REPUBLICAN PARTY,431.000000
2014,19153153095,ATTORNEY GENERAL,,TOM MILLER,DEMOCRATIC PARTY,1277.000000
2014,19153153095,ATTORNEY GENERAL,,WRITE IN,,3.000000
2014,19153153095,AUDITOR OF STATE,,JONATHAN NEIDERBACH,DEMOCRATIC PARTY,1018.000000
2014,19153153095,AUDITOR OF STATE,,MARY MOSIMAN,REPUBLICAN PARTY,617.000000
2014,19153153095,AUDITOR OF STATE,,WRITE IN,,7.000000
2014,19153153095,GOVERNOR,,JACK HATCH MONICA VERNON,DEMOCRATIC PARTY,972.000000
2014,19153153095,GOVERNOR,,JIM HENNAGER MARY MARGARET KRIEG,NEW INDEPENDENT PARTY IOWA,14.000000
2014,19153153095,GOVERNOR,,JONATHAN R NARCISSE MICHAEL L RICHARDS,IOWA PARTY,31.000000
2014,19153153095,GOVERNOR,,LEE DEAKINS HIEB TIM WATSON,LIBERTARIAN PARTY,38.000000
2014,19153153095,GOVERNOR,,TERRY E BRANSTAD KIM REYNOLDS,REPUBLICAN PARTY,686.000000
2014,19153153095,GOVERNOR,,WRITE IN,,2.000000
2014,19153153095,SECRETARY OF AGRICULTURE,,BILL NORTHEY,REPUBLICAN PARTY,775.000000
2014,19153153095,SECRETARY OF AGRICULTURE,,LEVI BENNING,NEW INDEPENDENT PARTY IOWA,57.000000
2014,19153153095,SECRETARY OF AGRICULTURE,,SHERRIE TAHA,DEMOCRATIC PARTY,839.000000
2014,19153153095,SECRETARY OF AGRICULTURE,,WRITE IN,,5.000000
2014,19153153095,SECRETARY OF STATE,,BRAD ANDERSON,DEMOCRATIC PARTY,1132.000000
2014,19153153095,SECRETARY OF STATE,,JAKE PORTER,LIBERTARIAN PARTY,54.000000
2014,19153153095,SECRETARY OF STATE,,PAUL D PATE,REPUBLICAN PARTY,478.000000
2014,19153153095,SECRETARY OF STATE,,SPENCER HIGHLAND,NEW INDEPENDENT PARTY IOWA,31.000000
2014,19153153095,SECRETARY OF STATE,,WRITE IN,,1.000000
2014,19153153095,TREASURER OF STATE,,KEITH A LAUBE,LIBERTARIAN PARTY,50.000000
2014,19153153095,TREASURER OF STATE,,MICHAEL L FITZGERALD,DEMOCRATIC PARTY,1207.000000
2014,19153153095,TREASURER OF STATE,,SAM CLOVIS,REPUBLICAN PARTY,441.000000
2014,19153153095,TREASURER OF STATE,,WRITE IN,,1.000000
2014,19153153095,U S SENATE,,BOB QUAST,BOB QUAST FOR TERM LIMITS,15.000000
2014,19153153095,U S SENATE,,BRUCE BRALEY,DEMOCRATIC PARTY,1099.000000
2014,19153153095,U S SENATE,,DOUGLAS BUTZIER,LIBERTARIAN PARTY,14.000000
2014,19153153095,U S SENATE,,JONI ERNST,REPUBLICAN PARTY,575.000000
2014,19153153095,U S SENATE,,RICK STEWART,INDEPENDENT,37.000000
2014,19153153095,U S SENATE,,RUTH SMITH,,9.000000
2014,19153153095,U S SENATE,,WRITE IN,,1.000000
2014,19153153096,ATTORNEY GENERAL,,ADAM GREGG,REPUBLICAN PARTY,352.000000
2014,19153153096,ATTORNEY GENERAL,,TOM MILLER,DEMOCRATIC PARTY,1085.000000
2014,19153153096,ATTORNEY GENERAL,,WRITE IN,,1.000000
2014,19153153096,AUDITOR OF STATE,,JONATHAN NEIDERBACH,DEMOCRATIC PARTY,875.000000
2014,19153153096,AUDITOR OF STATE,,MARY MOSIMAN,REPUBLICAN PARTY,514.000000
2014,19153153096,AUDITOR OF STATE,,WRITE IN,,2.000000
2014,19153153096,GOVERNOR,,JACK HATCH MONICA VERNON,DEMOCRATIC PARTY,862.000000
2014,19153153096,GOVERNOR,,JIM HENNAGER MARY MARGARET KRIEG,NEW INDEPENDENT PARTY IOWA,17.000000
2014,19153153096,GOVERNOR,,JONATHAN R NARCISSE MICHAEL L RICHARDS,IOWA PARTY,26.000000
2014,19153153096,GOVERNOR,,LEE DEAKINS HIEB TIM WATSON,LIBERTARIAN PARTY,19.000000
2014,19153153096,GOVERNOR,,TERRY E BRANSTAD KIM REYNOLDS,REPUBLICAN PARTY,532.000000
2014,19153153096,GOVERNOR,,WRITE IN,,6.000000
2014,19153153096,SECRETARY OF AGRICULTURE,,BILL NORTHEY,REPUBLICAN PARTY,589.000000
2014,19153153096,SECRETARY OF AGRICULTURE,,LEVI BENNING,NEW INDEPENDENT PARTY IOWA,56.000000
2014,19153153096,SECRETARY OF AGRICULTURE,,SHERRIE TAHA,DEMOCRATIC PARTY,762.000000
2014,19153153096,SECRETARY OF AGRICULTURE,,WRITE IN,,1.000000
2014,19153153096,SECRETARY OF STATE,,BRAD ANDERSON,DEMOCRATIC PARTY,980.000000
2014,19153153096,SECRETARY OF STATE,,JAKE PORTER,LIBERTARIAN PARTY,39.000000
2014,19153153096,SECRETARY OF STATE,,PAUL D PATE,REPUBLICAN PARTY,387.000000
2014,19153153096,SECRETARY OF STATE,,SPENCER HIGHLAND,NEW INDEPENDENT PARTY IOWA,26.000000
2014,19153153096,SECRETARY OF STATE,,WRITE IN,,0.000000
2014,19153153096,TREASURER OF STATE,,KEITH A LAUBE,LIBERTARIAN PARTY,48.000000
2014,19153153096,TREASURER OF STATE,,MICHAEL L FITZGERALD,DEMOCRATIC PARTY,1024.000000
2014,19153153096,TREASURER OF STATE,,SAM CLOVIS,REPUBLICAN PARTY,354.000000
2014,19153153096,TREASURER OF STATE,,WRITE IN,,0.000000
2014,19153153096,U S SENATE,,BOB QUAST,BOB QUAST FOR TERM LIMITS,4.000000
2014,19153153096,U S SENATE,,BRUCE BRALEY,DEMOCRATIC PARTY,962.000000
2014,19153153096,U S SENATE,,DOUGLAS BUTZIER,LIBERTARIAN PARTY,10.000000
2014,19153153096,U S SENATE,,JONI ERNST,REPUBLICAN PARTY,446.000000
2014,19153153096,U S SENATE,,RICK STEWART,INDEPENDENT,31.000000
2014,19153153096,U S SENATE,,RUTH SMITH,,2.000000
2014,19153153096,U S SENATE,,WRITE IN,,2.000000
2014,19153153097,ATTORNEY GENERAL,,ADAM GREGG,REPUBLICAN PARTY,150.000000
2014,19153153097,ATTORNEY GENERAL,,TOM MILLER,DEMOCRATIC PARTY,454.000000
2014,19153153097,ATTORNEY GENERAL,,WRITE IN,,0.000000
2014,19153153097,AUDITOR OF STATE,,JONATHAN NEIDERBACH,DEMOCRATIC PARTY,385.000000
2014,19153153097,AUDITOR OF STATE,,MARY MOSIMAN,REPUBLICAN PARTY,210.000000
2014,19153153097,AUDITOR OF STATE,,WRITE IN,,0.000000
2014,19153153097,GOVERNOR,,JACK HATCH MONICA VERNON,DEMOCRATIC PARTY,368.000000
2014,19153153097,GOVERNOR,,JIM HENNAGER MARY MARGARET KRIEG,NEW INDEPENDENT PARTY IOWA,3.000000
2014,19153153097,GOVERNOR,,JONATHAN R NARCISSE MICHAEL L RICHARDS,IOWA PARTY,18.000000
2014,19153153097,GOVERNOR,,LEE DEAKINS HIEB TIM WATSON,LIBERTARIAN PARTY,21.000000
2014,19153153097,GOVERNOR,,TERRY E BRANSTAD KIM REYNOLDS,REPUBLICAN PARTY,207.000000
2014,19153153097,GOVERNOR,,WRITE IN,,1.000000
2014,19153153097,SECRETARY OF AGRICULTURE,,BILL NORTHEY,REPUBLICAN PARTY,233.000000
2014,19153153097,SECRETARY OF AGRICULTURE,,LEVI BENNING,NEW INDEPENDENT PARTY IOWA,24.000000
2014,19153153097,SECRETARY OF AGRICULTURE,,SHERRIE TAHA,DEMOCRATIC PARTY,346.000000
2014,19153153097,SECRETARY OF AGRICULTURE,,WRITE IN,,0.000000
2014,19153153097,SECRETARY OF STATE,,BRAD ANDERSON,DEMOCRATIC PARTY,400.000000
2014,19153153097,SECRETARY OF STATE,,JAKE PORTER,LIBERTARIAN PARTY,18.000000
2014,19153153097,SECRETARY OF STATE,,PAUL D PATE,REPUBLICAN PARTY,169.000000
2014,19153153097,SECRETARY OF STATE,,SPENCER HIGHLAND,NEW INDEPENDENT PARTY IOWA,16.000000
2014,19153153097,SECRETARY OF STATE,,WRITE IN,,0.000000
2014,19153153097,TREASURER OF STATE,,KEITH A LAUBE,LIBERTARIAN PARTY,27.000000
2014,19153153097,TREASURER OF STATE,,MICHAEL L FITZGERALD,DEMOCRATIC PARTY,419.000000
2014,19153153097,TREASURER OF STATE,,SAM CLOVIS,REPUBLICAN PARTY,154.000000
2014,19153153097,TREASURER OF STATE,,WRITE IN,,1.000000
2014,19153153097,U S SENATE,,BOB QUAST,BOB QUAST FOR TERM LIMITS,7.000000
2014,19153153097,U S SENATE,,BRUCE BRALEY,DEMOCRATIC PARTY,397.000000
2014,19153153097,U S SENATE,,DOUGLAS BUTZIER,LIBERTARIAN PARTY,6.000000
2014,19153153097,U S SENATE,,JONI ERNST,REPUBLICAN PARTY,198.000000
2014,19153153097,U S SENATE,,RICK STEWART,INDEPENDENT,12.000000
2014,19153153097,U S SENATE,,RUTH SMITH,,1.000000
2014,19153153097,U S SENATE,,WRITE IN,,0.000000
2014,19153153098,ATTORNEY GENERAL,,ADAM GREGG,REPUBLICAN PARTY,61.000000
2014,19153153098,ATTORNEY GENERAL,,TOM MILLER,DEMOCRATIC PARTY,330.000000
2014,19153153098,ATTORNEY GENERAL,,WRITE IN,,1.000000
2014,19153153098,AUDITOR OF STATE,,JONATHAN NEIDERBACH,DEMOCRATIC PARTY,304.000000
2014,19153153098,AUDITOR OF STATE,,MARY MOSIMAN,REPUBLICAN PARTY,81.000000
2014,19153153098,AUDITOR OF STATE,,WRITE IN,,1.000000
2014,19153153098,GOVERNOR,,JACK HATCH MONICA VERNON,DEMOCRATIC PARTY,280.000000
2014,19153153098,GOVERNOR,,JIM HENNAGER MARY MARGARET KRIEG,NEW INDEPENDENT PARTY IOWA,2.000000
2014,19153153098,GOVERNOR,,JONATHAN R NARCISSE MICHAEL L RICHARDS,IOWA PARTY,22.000000
2014,19153153098,GOVERNOR,,LEE DEAKINS HIEB TIM WATSON,LIBERTARIAN PARTY,10.000000
2014,19153153098,GOVERNOR,,TERRY E BRANSTAD KIM REYNOLDS,REPUBLICAN PARTY,87.000000
2014,19153153098,GOVERNOR,,WRITE IN,,1.000000
2014,19153153098,SECRETARY OF AGRICULTURE,,BILL NORTHEY,REPUBLICAN PARTY,89.000000
2014,19153153098,SECRETARY OF AGRICULTURE,,LEVI BENNING,NEW INDEPENDENT PARTY IOWA,14.000000
2014,19153153098,SECRETARY OF AGRICULTURE,,SHERRIE TAHA,DEMOCRATIC PARTY,288.000000
2014,19153153098,SECRETARY OF AGRICULTURE,,WRITE IN,,1.000000
2014,19153153098,SECRETARY OF STATE,,BRAD ANDERSON,DEMOCRATIC PARTY,315.000000
2014,19153153098,SECRETARY OF STATE,,JAKE PORTER,LIBERTARIAN PARTY,7.000000
2014,19153153098,SECRETARY OF STATE,,PAUL D PATE,REPUBLICAN PARTY,63.000000
2014,19153153098,SECRETARY OF STATE,,SPENCER HIGHLAND,NEW INDEPENDENT PARTY IOWA,12.000000
2014,19153153098,SECRETARY OF STATE,,WRITE IN,,0.000000
2014,19153153098,TREASURER OF STATE,,KEITH A LAUBE,LIBERTARIAN PARTY,17.000000
2014,19153153098,TREASURER OF STATE,,MICHAEL L FITZGERALD,DEMOCRATIC PARTY,322.000000
2014,19153153098,TREASURER OF STATE,,SAM CLOVIS,REPUBLICAN PARTY,51.000000
2014,19153153098,TREASURER OF STATE,,WRITE IN,,0.000000
2014,19153153098,U S SENATE,,BOB QUAST,BOB QUAST FOR TERM LIMITS,4.000000
2014,19153153098,U S SENATE,,BRUCE BRALEY,DEMOCRATIC PARTY,310.000000
2014,19153153098,U S SENATE,,DOUGLAS BUTZIER,LIBERTARIAN PARTY,2.000000
2014,19153153098,U S SENATE,,JONI ERNST,REPUBLICAN PARTY,74.000000
2014,19153153098,U S SENATE,,RICK STEWART,INDEPENDENT,11.000000
2014,19153153098,U S SENATE,,RUTH SMITH,,0.000000
2014,19153153098,U S SENATE,,WRITE IN,,0.000000
2014,19153153099,ATTORNEY GENERAL,,ADAM GREGG,REPUBLICAN PARTY,91.000000
2014,19153153099,ATTORNEY GENERAL,,TOM MILLER,DEMOCRATIC PARTY,320.000000
2014,19153153099,ATTORNEY GENERAL,,WRITE IN,,1.000000
2014,19153153099,AUDITOR OF STATE,,JONATHAN NEIDERBACH,DEMOCRATIC PARTY,282.000000
2014,19153153099,AUDITOR OF STATE,,MARY MOSIMAN,REPUBLICAN PARTY,118.000000
2014,19153153099,AUDITOR OF STATE,,WRITE IN,,1.000000
2014,19153153099,GOVERNOR,,JACK HATCH MONICA VERNON,DEMOCRATIC PARTY,264.000000
2014,19153153099,GOVERNOR,,JIM HENNAGER MARY MARGARET KRIEG,NEW INDEPENDENT PARTY IOWA,9.000000
2014,19153153099,GOVERNOR,,JONATHAN R NARCISSE MICHAEL L RICHARDS,IOWA PARTY,9.000000
2014,19153153099,GOVERNOR,,LEE DEAKINS HIEB TIM WATSON,LIBERTARIAN PARTY,6.000000
2014,19153153099,GOVERNOR,,TERRY E BRANSTAD KIM REYNOLDS,REPUBLICAN PARTY,130.000000
2014,19153153099,GOVERNOR,,WRITE IN,,0.000000
2014,19153153099,SECRETARY OF AGRICULTURE,,BILL NORTHEY,REPUBLICAN PARTY,139.000000
2014,19153153099,SECRETARY OF AGRICULTURE,,LEVI BENNING,NEW INDEPENDENT PARTY IOWA,16.000000
2014,19153153099,SECRETARY OF AGRICULTURE,,SHERRIE TAHA,DEMOCRATIC PARTY,252.000000
2014,19153153099,SECRETARY OF AGRICULTURE,,WRITE IN,,0.000000
2014,19153153099,SECRETARY OF STATE,,BRAD ANDERSON,DEMOCRATIC PARTY,278.000000
2014,19153153099,SECRETARY OF STATE,,JAKE PORTER,LIBERTARIAN PARTY,12.000000
2014,19153153099,SECRETARY OF STATE,,PAUL D PATE,REPUBLICAN PARTY,108.000000
2014,19153153099,SECRETARY OF STATE,,SPENCER HIGHLAND,NEW INDEPENDENT PARTY IOWA,15.000000
2014,19153153099,SECRETARY OF STATE,,WRITE IN,,0.000000
2014,19153153099,TREASURER OF STATE,,KEITH A LAUBE,LIBERTARIAN PARTY,8.000000
2014,19153153099,TREASURER OF STATE,,MICHAEL L FITZGERALD,DEMOCRATIC PARTY,317.000000
2014,19153153099,TREASURER OF STATE,,SAM CLOVIS,REPUBLICAN PARTY,88.000000
2014,19153153099,TREASURER OF STATE,,WRITE IN,,0.000000
2014,19153153099,U S SENATE,,BOB QUAST,BOB QUAST FOR TERM LIMITS,1.000000
2014,19153153099,U S SENATE,,BRUCE BRALEY,DEMOCRATIC PARTY,280.000000
2014,19153153099,U S SENATE,,DOUGLAS BUTZIER,LIBERTARIAN PARTY,4.000000
2014,19153153099,U S SENATE,,JONI ERNST,REPUBLICAN PARTY,118.000000
2014,19153153099,U S SENATE,,RICK STEWART,INDEPENDENT,13.000000
2014,19153153099,U S SENATE,,RUTH SMITH,,2.000000
2014,19153153099,U S SENATE,,WRITE IN,,0.000000
2014,19153153100,ATTORNEY GENERAL,,ADAM GREGG,REPUBLICAN PARTY,190.000000
2014,19153153100,ATTORNEY GENERAL,,TOM MILLER,DEMOCRATIC PARTY,593.000000
2014,19153153100,ATTORNEY GENERAL,,WRITE IN,,0.000000
2014,19153153100,AUDITOR OF STATE,,JONATHAN NEIDERBACH,DEMOCRATIC PARTY,508.000000
2014,19153153100,AUDITOR OF STATE,,MARY MOSIMAN,REPUBLICAN PARTY,260.000000
2014,19153153100,AUDITOR OF STATE,,WRITE IN,,1.000000
2014,19153153100,GOVERNOR,,JACK HATCH MONICA VERNON,DEMOCRATIC PARTY,484.000000
2014,19153153100,GOVERNOR,,JIM HENNAGER MARY MARGARET KRIEG,NEW INDEPENDENT PARTY IOWA,14.000000
2014,19153153100,GOVERNOR,,JONATHAN R NARCISSE MICHAEL L RICHARDS,IOWA PARTY,17.000000
2014,19153153100,GOVERNOR,,LEE DEAKINS HIEB TIM WATSON,LIBERTARIAN PARTY,10.000000
2014,19153153100,GOVERNOR,,TERRY E BRANSTAD KIM REYNOLDS,REPUBLICAN PARTY,270.000000
2014,19153153100,GOVERNOR,,WRITE IN,,0.000000
2014,19153153100,SECRETARY OF AGRICULTURE,,BILL NORTHEY,REPUBLICAN PARTY,290.000000
2014,19153153100,SECRETARY OF AGRICULTURE,,LEVI BENNING,NEW INDEPENDENT PARTY IOWA,40.000000
2014,19153153100,SECRETARY OF AGRICULTURE,,SHERRIE TAHA,DEMOCRATIC PARTY,448.000000
2014,19153153100,SECRETARY OF AGRICULTURE,,WRITE IN,,0.000000
2014,19153153100,SECRETARY OF STATE,,BRAD ANDERSON,DEMOCRATIC PARTY,522.000000
2014,19153153100,SECRETARY OF STATE,,JAKE PORTER,LIBERTARIAN PARTY,24.000000
2014,19153153100,SECRETARY OF STATE,,PAUL D PATE,REPUBLICAN PARTY,211.000000
2014,19153153100,SECRETARY OF STATE,,SPENCER HIGHLAND,NEW INDEPENDENT PARTY IOWA,20.000000
2014,19153153100,SECRETARY OF STATE,,WRITE IN,,2.000000
2014,19153153100,TREASURER OF STATE,,KEITH A LAUBE,LIBERTARIAN PARTY,22.000000
2014,19153153100,TREASURER OF STATE,,MICHAEL L FITZGERALD,DEMOCRATIC PARTY,557.000000
2014,19153153100,TREASURER OF STATE,,SAM CLOVIS,REPUBLICAN PARTY,205.000000
2014,19153153100,TREASURER OF STATE,,WRITE IN,,0.000000
2014,19153153100,U S SENATE,,BOB QUAST,BOB QUAST FOR TERM LIMITS,4.000000
2014,19153153100,U S SENATE,,BRUCE BRALEY,DEMOCRATIC PARTY,513.000000
2014,19153153100,U S SENATE,,DOUGLAS BUTZIER,LIBERTARIAN PARTY,6.000000
2014,19153153100,U S SENATE,,JONI ERNST,REPUBLICAN PARTY,247.000000
2014,19153153100,U S SENATE,,RICK STEWART,INDEPENDENT,25.000000
2014,19153153100,U S SENATE,,RUTH SMITH,,8.000000
2014,19153153100,U S SENATE,,WRITE IN,,1.000000
2014,19153153101,ATTORNEY GENERAL,,ADAM GREGG,REPUBLICAN PARTY,224.000000
2014,19153153101,ATTORNEY GENERAL,,TOM MILLER,DEMOCRATIC PARTY,602.000000
2014,19153153101,ATTORNEY GENERAL,,WRITE IN,,3.000000
2014,19153153101,AUDITOR OF STATE,,JONATHAN NEIDERBACH,DEMOCRATIC PARTY,515.000000
2014,19153153101,AUDITOR OF STATE,,MARY MOSIMAN,REPUBLICAN PARTY,292.000000
2014,19153153101,AUDITOR OF STATE,,WRITE IN,,4.000000
2014,19153153101,GOVERNOR,,JACK HATCH MONICA VERNON,DEMOCRATIC PARTY,477.000000
2014,19153153101,GOVERNOR,,JIM HENNAGER MARY MARGARET KRIEG,NEW INDEPENDENT PARTY IOWA,22.000000
2014,19153153101,GOVERNOR,,JONATHAN R NARCISSE MICHAEL L RICHARDS,IOWA PARTY,15.000000
2014,19153153101,GOVERNOR,,LEE DEAKINS HIEB TIM WATSON,LIBERTARIAN PARTY,28.000000
2014,19153153101,GOVERNOR,,TERRY E BRANSTAD KIM REYNOLDS,REPUBLICAN PARTY,295.000000
2014,19153153101,GOVERNOR,,WRITE IN,,1.000000
2014,19153153101,SECRETARY OF AGRICULTURE,,BILL NORTHEY,REPUBLICAN PARTY,317.000000
2014,19153153101,SECRETARY OF AGRICULTURE,,LEVI BENNING,NEW INDEPENDENT PARTY IOWA,49.000000
2014,19153153101,SECRETARY OF AGRICULTURE,,SHERRIE TAHA,DEMOCRATIC PARTY,447.000000
2014,19153153101,SECRETARY OF AGRICULTURE,,WRITE IN,,3.000000
2014,19153153101,SECRETARY OF STATE,,BRAD ANDERSON,DEMOCRATIC PARTY,537.000000
2014,19153153101,SECRETARY OF STATE,,JAKE PORTER,LIBERTARIAN PARTY,20.000000
2014,19153153101,SECRETARY OF STATE,,PAUL D PATE,REPUBLICAN PARTY,234.000000
2014,19153153101,SECRETARY OF STATE,,SPENCER HIGHLAND,NEW INDEPENDENT PARTY IOWA,32.000000
2014,19153153101,SECRETARY OF STATE,,WRITE IN,,1.000000
2014,19153153101,TREASURER OF STATE,,KEITH A LAUBE,LIBERTARIAN PARTY,24.000000
2014,19153153101,TREASURER OF STATE,,MICHAEL L FITZGERALD,DEMOCRATIC PARTY,574.000000
2014,19153153101,TREASURER OF STATE,,SAM CLOVIS,REPUBLICAN PARTY,223.000000
2014,19153153101,TREASURER OF STATE,,WRITE IN,,0.000000
2014,19153153101,U S SENATE,,BOB QUAST,BOB QUAST FOR TERM LIMITS,4.000000
2014,19153153101,U S SENATE,,BRUCE BRALEY,DEMOCRATIC PARTY,514.000000
2014,19153153101,U S SENATE,,DOUGLAS BUTZIER,LIBERTARIAN PARTY,6.000000
2014,19153153101,U S SENATE,,JONI ERNST,REPUBLICAN PARTY,287.000000
2014,19153153101,U S SENATE,,RICK STEWART,INDEPENDENT,23.000000
2014,19153153101,U S SENATE,,RUTH SMITH,,2.000000
2014,19153153101,U S SENATE,,WRITE IN,,1.000000
2014,19153153102,ATTORNEY GENERAL,,ADAM GREGG,REPUBLICAN PARTY,140.000000
2014,19153153102,ATTORNEY GENERAL,,TOM MILLER,DEMOCRATIC PARTY,525.000000
2014,19153153102,ATTORNEY GENERAL,,WRITE IN,,2.000000
2014,19153153102,AUDITOR OF STATE,,JONATHAN NEIDERBACH,DEMOCRATIC PARTY,475.000000
2014,19153153102,AUDITOR OF STATE,,MARY MOSIMAN,REPUBLICAN PARTY,179.000000
2014,19153153102,AUDITOR OF STATE,,WRITE IN,,3.000000
2014,19153153102,GOVERNOR,,JACK HATCH MONICA VERNON,DEMOCRATIC PARTY,438.000000
2014,19153153102,GOVERNOR,,JIM HENNAGER MARY MARGARET KRIEG,NEW INDEPENDENT PARTY IOWA,12.000000
2014,19153153102,GOVERNOR,,JONATHAN R NARCISSE MICHAEL L RICHARDS,IOWA PARTY,25.000000
2014,19153153102,GOVERNOR,,LEE DEAKINS HIEB TIM WATSON,LIBERTARIAN PARTY,21.000000
2014,19153153102,GOVERNOR,,TERRY E BRANSTAD KIM REYNOLDS,REPUBLICAN PARTY,181.000000
2014,19153153102,GOVERNOR,,WRITE IN,,2.000000
2014,19153153102,SECRETARY OF AGRICULTURE,,BILL NORTHEY,REPUBLICAN PARTY,203.000000
2014,19153153102,SECRETARY OF AGRICULTURE,,LEVI BENNING,NEW INDEPENDENT PARTY IOWA,43.000000
2014,19153153102,SECRETARY OF AGRICULTURE,,SHERRIE TAHA,DEMOCRATIC PARTY,414.000000
2014,19153153102,SECRETARY OF AGRICULTURE,,WRITE IN,,2.000000
2014,19153153102,SECRETARY OF STATE,,BRAD ANDERSON,DEMOCRATIC PARTY,495.000000
2014,19153153102,SECRETARY OF STATE,,JAKE PORTER,LIBERTARIAN PARTY,26.000000
2014,19153153102,SECRETARY OF STATE,,PAUL D PATE,REPUBLICAN PARTY,132.000000
2014,19153153102,SECRETARY OF STATE,,SPENCER HIGHLAND,NEW INDEPENDENT PARTY IOWA,16.000000
2014,19153153102,SECRETARY OF STATE,,WRITE IN,,2.000000
2014,19153153102,TREASURER OF STATE,,KEITH A LAUBE,LIBERTARIAN PARTY,27.000000
2014,19153153102,TREASURER OF STATE,,MICHAEL L FITZGERALD,DEMOCRATIC PARTY,505.000000
2014,19153153102,TREASURER OF STATE,,SAM CLOVIS,REPUBLICAN PARTY,136.000000
2014,19153153102,TREASURER OF STATE,,WRITE IN,,2.000000
2014,19153153102,U S SENATE,,BOB QUAST,BOB QUAST FOR TERM LIMITS,6.000000
2014,19153153102,U S SENATE,,BRUCE BRALEY,DEMOCRATIC PARTY,474.000000
2014,19153153102,U S SENATE,,DOUGLAS BUTZIER,LIBERTARIAN PARTY,7.000000
2014,19153153102,U S SENATE,,JONI ERNST,REPUBLICAN PARTY,176.000000
2014,19153153102,U S SENATE,,RICK STEWART,INDEPENDENT,15.000000
2014,19153153102,U S SENATE,,RUTH SMITH,,1.000000
2014,19153153102,U S SENATE,,WRITE IN,,1.000000
2014,19153153103,ATTORNEY GENERAL,,ADAM GREGG,REPUBLICAN PARTY,58.000000
2014,19153153103,ATTORNEY GENERAL,,TOM MILLER,DEMOCRATIC PARTY,456.000000
2014,19153153103,ATTORNEY GENERAL,,WRITE IN,,0.000000
2014,19153153103,AUDITOR OF STATE,,JONATHAN NEIDERBACH,DEMOCRATIC PARTY,425.000000
2014,19153153103,AUDITOR OF STATE,,MARY MOSIMAN,REPUBLICAN PARTY,81.000000
2014,19153153103,AUDITOR OF STATE,,WRITE IN,,0.000000
2014,19153153103,GOVERNOR,,JACK HATCH MONICA VERNON,DEMOCRATIC PARTY,393.000000
2014,19153153103,GOVERNOR,,JIM HENNAGER MARY MARGARET KRIEG,NEW INDEPENDENT PARTY IOWA,5.000000
2014,19153153103,GOVERNOR,,JONATHAN R NARCISSE MICHAEL L RICHARDS,IOWA PARTY,29.000000
2014,19153153103,GOVERNOR,,LEE DEAKINS HIEB TIM WATSON,LIBERTARIAN PARTY,3.000000
2014,19153153103,GOVERNOR,,TERRY E BRANSTAD KIM REYNOLDS,REPUBLICAN PARTY,84.000000
2014,19153153103,GOVERNOR,,WRITE IN,,0.000000
2014,19153153103,SECRETARY OF AGRICULTURE,,BILL NORTHEY,REPUBLICAN PARTY,91.000000
2014,19153153103,SECRETARY OF AGRICULTURE,,LEVI BENNING,NEW INDEPENDENT PARTY IOWA,20.000000
2014,19153153103,SECRETARY OF AGRICULTURE,,SHERRIE TAHA,DEMOCRATIC PARTY,399.000000
2014,19153153103,SECRETARY OF AGRICULTURE,,WRITE IN,,0.000000
2014,19153153103,SECRETARY OF STATE,,BRAD ANDERSON,DEMOCRATIC PARTY,439.000000
2014,19153153103,SECRETARY OF STATE,,JAKE PORTER,LIBERTARIAN PARTY,12.000000
2014,19153153103,SECRETARY OF STATE,,PAUL D PATE,REPUBLICAN PARTY,59.000000
2014,19153153103,SECRETARY OF STATE,,SPENCER HIGHLAND,NEW INDEPENDENT PARTY IOWA,5.000000
2014,19153153103,SECRETARY OF STATE,,WRITE IN,,0.000000
2014,19153153103,TREASURER OF STATE,,KEITH A LAUBE,LIBERTARIAN PARTY,7.000000
2014,19153153103,TREASURER OF STATE,,MICHAEL L FITZGERALD,DEMOCRATIC PARTY,453.000000
2014,19153153103,TREASURER OF STATE,,SAM CLOVIS,REPUBLICAN PARTY,56.000000
2014,19153153103,TREASURER OF STATE,,WRITE IN,,0.000000
2014,19153153103,U S SENATE,,BOB QUAST,BOB QUAST FOR TERM LIMITS,3.000000
2014,19153153103,U S SENATE,,BRUCE BRALEY,DEMOCRATIC PARTY,424.000000
2014,19153153103,U S SENATE,,DOUGLAS BUTZIER,LIBERTARIAN PARTY,2.000000
2014,19153153103,U S SENATE,,JONI ERNST,REPUBLICAN PARTY,71.000000
2014,19153153103,U S SENATE,,RICK STEWART,INDEPENDENT,11.000000
2014,19153153103,U S SENATE,,RUTH SMITH,,6.000000
2014,19153153103,U S SENATE,,WRITE IN,,0.000000
2014,19153153104,ATTORNEY GENERAL,,ADAM GREGG,REPUBLICAN PARTY,156.000000
2014,19153153104,ATTORNEY GENERAL,,TOM MILLER,DEMOCRATIC PARTY,360.000000
2014,19153153104,ATTORNEY GENERAL,,WRITE IN,,1.000000
2014,19153153104,AUDITOR OF STATE,,JONATHAN NEIDERBACH,DEMOCRATIC PARTY,301.000000
2014,19153153104,AUDITOR OF STATE,,MARY MOSIMAN,REPUBLICAN PARTY,202.000000
2014,19153153104,AUDITOR OF STATE,,WRITE IN,,0.000000
2014,19153153104,GOVERNOR,,JACK HATCH MONICA VERNON,DEMOCRATIC PARTY,278.000000
2014,19153153104,GOVERNOR,,JIM HENNAGER MARY MARGARET KRIEG,NEW INDEPENDENT PARTY IOWA,2.000000
2014,19153153104,GOVERNOR,,JONATHAN R NARCISSE MICHAEL L RICHARDS,IOWA PARTY,15.000000
2014,19153153104,GOVERNOR,,LEE DEAKINS HIEB TIM WATSON,LIBERTARIAN PARTY,14.000000
2014,19153153104,GOVERNOR,,TERRY E BRANSTAD KIM REYNOLDS,REPUBLICAN PARTY,215.000000
2014,19153153104,GOVERNOR,,WRITE IN,,1.000000
2014,19153153104,SECRETARY OF AGRICULTURE,,BILL NORTHEY,REPUBLICAN PARTY,236.000000
2014,19153153104,SECRETARY OF AGRICULTURE,,LEVI BENNING,NEW INDEPENDENT PARTY IOWA,16.000000
2014,19153153104,SECRETARY OF AGRICULTURE,,SHERRIE TAHA,DEMOCRATIC PARTY,255.000000
2014,19153153104,SECRETARY OF AGRICULTURE,,WRITE IN,,0.000000
2014,19153153104,SECRETARY OF STATE,,BRAD ANDERSON,DEMOCRATIC PARTY,320.000000
2014,19153153104,SECRETARY OF STATE,,JAKE PORTER,LIBERTARIAN PARTY,8.000000
2014,19153153104,SECRETARY OF STATE,,PAUL D PATE,REPUBLICAN PARTY,180.000000
2014,19153153104,SECRETARY OF STATE,,SPENCER HIGHLAND,NEW INDEPENDENT PARTY IOWA,10.000000
2014,19153153104,SECRETARY OF STATE,,WRITE IN,,1.000000
2014,19153153104,TREASURER OF STATE,,KEITH A LAUBE,LIBERTARIAN PARTY,8.000000
2014,19153153104,TREASURER OF STATE,,MICHAEL L FITZGERALD,DEMOCRATIC PARTY,333.000000
2014,19153153104,TREASURER OF STATE,,SAM CLOVIS,REPUBLICAN PARTY,166.000000
2014,19153153104,TREASURER OF STATE,,WRITE IN,,0.000000
2014,19153153104,U S SENATE,,BOB QUAST,BOB QUAST FOR TERM LIMITS,3.000000
2014,19153153104,U S SENATE,,BRUCE BRALEY,DEMOCRATIC PARTY,296.000000
2014,19153153104,U S SENATE,,DOUGLAS BUTZIER,LIBERTARIAN PARTY,2.000000
2014,19153153104,U S SENATE,,JONI ERNST,REPUBLICAN PARTY,205.000000
2014,19153153104,U S SENATE,,RICK STEWART,INDEPENDENT,14.000000
2014,19153153104,U S SENATE,,RUTH SMITH,,0.000000
2014,19153153104,U S SENATE,,WRITE IN,,3.000000
2014,19153153105,ATTORNEY GENERAL,,ADAM GREGG,REPUBLICAN PARTY,164.000000
2014,19153153105,ATTORNEY GENERAL,,TOM MILLER,DEMOCRATIC PARTY,454.000000
2014,19153153105,ATTORNEY GENERAL,,WRITE IN,,0.000000
2014,19153153105,AUDITOR OF STATE,,JONATHAN NEIDERBACH,DEMOCRATIC PARTY,378.000000
2014,19153153105,AUDITOR OF STATE,,MARY MOSIMAN,REPUBLICAN PARTY,222.000000
2014,19153153105,AUDITOR OF STATE,,WRITE IN,,0.000000
2014,19153153105,GOVERNOR,,JACK HATCH MONICA VERNON,DEMOCRATIC PARTY,361.000000
2014,19153153105,GOVERNOR,,JIM HENNAGER MARY MARGARET KRIEG,NEW INDEPENDENT PARTY IOWA,12.000000
2014,19153153105,GOVERNOR,,JONATHAN R NARCISSE MICHAEL L RICHARDS,IOWA PARTY,7.000000
2014,19153153105,GOVERNOR,,LEE DEAKINS HIEB TIM WATSON,LIBERTARIAN PARTY,16.000000
2014,19153153105,GOVERNOR,,TERRY E BRANSTAD KIM REYNOLDS,REPUBLICAN PARTY,228.000000
2014,19153153105,GOVERNOR,,WRITE IN,,1.000000
2014,19153153105,SECRETARY OF AGRICULTURE,,BILL NORTHEY,REPUBLICAN PARTY,238.000000
2014,19153153105,SECRETARY OF AGRICULTURE,,LEVI BENNING,NEW INDEPENDENT PARTY IOWA,33.000000
2014,19153153105,SECRETARY OF AGRICULTURE,,SHERRIE TAHA,DEMOCRATIC PARTY,334.000000
2014,19153153105,SECRETARY OF AGRICULTURE,,WRITE IN,,0.000000
2014,19153153105,SECRETARY OF STATE,,BRAD ANDERSON,DEMOCRATIC PARTY,397.000000
2014,19153153105,SECRETARY OF STATE,,JAKE PORTER,LIBERTARIAN PARTY,18.000000
2014,19153153105,SECRETARY OF STATE,,PAUL D PATE,REPUBLICAN PARTY,176.000000
2014,19153153105,SECRETARY OF STATE,,SPENCER HIGHLAND,NEW INDEPENDENT PARTY IOWA,21.000000
2014,19153153105,SECRETARY OF STATE,,WRITE IN,,0.000000
2014,19153153105,TREASURER OF STATE,,KEITH A LAUBE,LIBERTARIAN PARTY,22.000000
2014,19153153105,TREASURER OF STATE,,MICHAEL L FITZGERALD,DEMOCRATIC PARTY,425.000000
2014,19153153105,TREASURER OF STATE,,SAM CLOVIS,REPUBLICAN PARTY,170.000000
2014,19153153105,TREASURER OF STATE,,WRITE IN,,0.000000
2014,19153153105,U S SENATE,,BOB QUAST,BOB QUAST FOR TERM LIMITS,5.000000
2014,19153153105,U S SENATE,,BRUCE BRALEY,DEMOCRATIC PARTY,381.000000
2014,19153153105,U S SENATE,,DOUGLAS BUTZIER,LIBERTARIAN PARTY,7.000000
2014,19153153105,U S SENATE,,JONI ERNST,REPUBLICAN PARTY,206.000000
2014,19153153105,U S SENATE,,RICK STEWART,INDEPENDENT,27.000000
2014,19153153105,U S SENATE,,RUTH SMITH,,0.000000
2014,19153153105,U S SENATE,,WRITE IN,,0.000000
2014,19153153106,ATTORNEY GENERAL,,ADAM GREGG,REPUBLICAN PARTY,308.000000
2014,19153153106,ATTORNEY GENERAL,,TOM MILLER,DEMOCRATIC PARTY,668.000000
2014,19153153106,ATTORNEY GENERAL,,WRITE IN,,2.000000
2014,19153153106,AUDITOR OF STATE,,JONATHAN NEIDERBACH,DEMOCRATIC PARTY,556.000000
2014,19153153106,AUDITOR OF STATE,,MARY MOSIMAN,REPUBLICAN PARTY,394.000000
2014,19153153106,AUDITOR OF STATE,,WRITE IN,,5.000000
2014,19153153106,GOVERNOR,,JACK HATCH MONICA VERNON,DEMOCRATIC PARTY,529.000000
2014,19153153106,GOVERNOR,,JIM HENNAGER MARY MARGARET KRIEG,NEW INDEPENDENT PARTY IOWA,19.000000
2014,19153153106,GOVERNOR,,JONATHAN R NARCISSE MICHAEL L RICHARDS,IOWA PARTY,22.000000
2014,19153153106,GOVERNOR,,LEE DEAKINS HIEB TIM WATSON,LIBERTARIAN PARTY,38.000000
2014,19153153106,GOVERNOR,,TERRY E BRANSTAD KIM REYNOLDS,REPUBLICAN PARTY,392.000000
2014,19153153106,GOVERNOR,,WRITE IN,,1.000000
2014,19153153106,SECRETARY OF AGRICULTURE,,BILL NORTHEY,REPUBLICAN PARTY,441.000000
2014,19153153106,SECRETARY OF AGRICULTURE,,LEVI BENNING,NEW INDEPENDENT PARTY IOWA,55.000000
2014,19153153106,SECRETARY OF AGRICULTURE,,SHERRIE TAHA,DEMOCRATIC PARTY,474.000000
2014,19153153106,SECRETARY OF AGRICULTURE,,WRITE IN,,3.000000
2014,19153153106,SECRETARY OF STATE,,BRAD ANDERSON,DEMOCRATIC PARTY,569.000000
2014,19153153106,SECRETARY OF STATE,,JAKE PORTER,LIBERTARIAN PARTY,46.000000
2014,19153153106,SECRETARY OF STATE,,PAUL D PATE,REPUBLICAN PARTY,329.000000
2014,19153153106,SECRETARY OF STATE,,SPENCER HIGHLAND,NEW INDEPENDENT PARTY IOWA,34.000000
2014,19153153106,SECRETARY OF STATE,,WRITE IN,,3.000000
2014,19153153106,TREASURER OF STATE,,KEITH A LAUBE,LIBERTARIAN PARTY,43.000000
2014,19153153106,TREASURER OF STATE,,MICHAEL L FITZGERALD,DEMOCRATIC PARTY,629.000000
2014,19153153106,TREASURER OF STATE,,SAM CLOVIS,REPUBLICAN PARTY,307.000000
2014,19153153106,TREASURER OF STATE,,WRITE IN,,3.000000
2014,19153153106,U S SENATE,,BOB QUAST,BOB QUAST FOR TERM LIMITS,10.000000
2014,19153153106,U S SENATE,,BRUCE BRALEY,DEMOCRATIC PARTY,541.000000
2014,19153153106,U S SENATE,,DOUGLAS BUTZIER,LIBERTARIAN PARTY,18.000000
2014,19153153106,U S SENATE,,JONI ERNST,REPUBLICAN PARTY,394.000000
2014,19153153106,U S SENATE,,RICK STEWART,INDEPENDENT,35.000000
2014,19153153106,U S SENATE,,RUTH SMITH,,2.000000
2014,19153153106,U S SENATE,,WRITE IN,,1.000000
2014,19153153107,ATTORNEY GENERAL,,ADAM GREGG,REPUBLICAN PARTY,231.000000
2014,19153153107,ATTORNEY GENERAL,,TOM MILLER,DEMOCRATIC PARTY,526.000000
2014,19153153107,ATTORNEY GENERAL,,WRITE IN,,0.000000
2014,19153153107,AUDITOR OF STATE,,JONATHAN NEIDERBACH,DEMOCRATIC PARTY,417.000000
2014,19153153107,AUDITOR OF STATE,,MARY MOSIMAN,REPUBLICAN PARTY,323.000000
2014,19153153107,AUDITOR OF STATE,,WRITE IN,,2.000000
2014,19153153107,GOVERNOR,,JACK HATCH MONICA VERNON,DEMOCRATIC PARTY,413.000000
2014,19153153107,GOVERNOR,,JIM HENNAGER MARY MARGARET KRIEG,NEW INDEPENDENT PARTY IOWA,9.000000
2014,19153153107,GOVERNOR,,JONATHAN R NARCISSE MICHAEL L RICHARDS,IOWA PARTY,15.000000
2014,19153153107,GOVERNOR,,LEE DEAKINS HIEB TIM WATSON,LIBERTARIAN PARTY,26.000000
2014,19153153107,GOVERNOR,,TERRY E BRANSTAD KIM REYNOLDS,REPUBLICAN PARTY,298.000000
2014,19153153107,GOVERNOR,,WRITE IN,,6.000000
2014,19153153107,SECRETARY OF AGRICULTURE,,BILL NORTHEY,REPUBLICAN PARTY,341.000000
2014,19153153107,SECRETARY OF AGRICULTURE,,LEVI BENNING,NEW INDEPENDENT PARTY IOWA,30.000000
2014,19153153107,SECRETARY OF AGRICULTURE,,SHERRIE TAHA,DEMOCRATIC PARTY,370.000000
2014,19153153107,SECRETARY OF AGRICULTURE,,WRITE IN,,1.000000
2014,19153153107,SECRETARY OF STATE,,BRAD ANDERSON,DEMOCRATIC PARTY,443.000000
2014,19153153107,SECRETARY OF STATE,,JAKE PORTER,LIBERTARIAN PARTY,28.000000
2014,19153153107,SECRETARY OF STATE,,PAUL D PATE,REPUBLICAN PARTY,256.000000
2014,19153153107,SECRETARY OF STATE,,SPENCER HIGHLAND,NEW INDEPENDENT PARTY IOWA,22.000000
2014,19153153107,SECRETARY OF STATE,,WRITE IN,,0.000000
2014,19153153107,TREASURER OF STATE,,KEITH A LAUBE,LIBERTARIAN PARTY,18.000000
2014,19153153107,TREASURER OF STATE,,MICHAEL L FITZGERALD,DEMOCRATIC PARTY,508.000000
2014,19153153107,TREASURER OF STATE,,SAM CLOVIS,REPUBLICAN PARTY,226.000000
2014,19153153107,TREASURER OF STATE,,WRITE IN,,1.000000
2014,19153153107,U S SENATE,,BOB QUAST,BOB QUAST FOR TERM LIMITS,5.000000
2014,19153153107,U S SENATE,,BRUCE BRALEY,DEMOCRATIC PARTY,414.000000
2014,19153153107,U S SENATE,,DOUGLAS BUTZIER,LIBERTARIAN PARTY,3.000000
2014,19153153107,U S SENATE,,JONI ERNST,REPUBLICAN PARTY,307.000000
2014,19153153107,U S SENATE,,RICK STEWART,INDEPENDENT,28.000000
2014,19153153107,U S SENATE,,RUTH SMITH,,3.000000
2014,19153153107,U S SENATE,,WRITE IN,,1.000000
2014,19153153108,ATTORNEY GENERAL,,ADAM GREGG,REPUBLICAN PARTY,328.000000
2014,19153153108,ATTORNEY GENERAL,,TOM MILLER,DEMOCRATIC PARTY,775.000000
2014,19153153108,ATTORNEY GENERAL,,WRITE IN,,2.000000
2014,19153153108,AUDITOR OF STATE,,JONATHAN NEIDERBACH,DEMOCRATIC PARTY,639.000000
2014,19153153108,AUDITOR OF STATE,,MARY MOSIMAN,REPUBLICAN PARTY,432.000000
2014,19153153108,AUDITOR OF STATE,,WRITE IN,,3.000000
2014,19153153108,GOVERNOR,,JACK HATCH MONICA VERNON,DEMOCRATIC PARTY,613.000000
2014,19153153108,GOVERNOR,,JIM HENNAGER MARY MARGARET KRIEG,NEW INDEPENDENT PARTY IOWA,23.000000
2014,19153153108,GOVERNOR,,JONATHAN R NARCISSE MICHAEL L RICHARDS,IOWA PARTY,14.000000
2014,19153153108,GOVERNOR,,LEE DEAKINS HIEB TIM WATSON,LIBERTARIAN PARTY,19.000000
2014,19153153108,GOVERNOR,,TERRY E BRANSTAD KIM REYNOLDS,REPUBLICAN PARTY,446.000000
2014,19153153108,GOVERNOR,,WRITE IN,,1.000000
2014,19153153108,SECRETARY OF AGRICULTURE,,BILL NORTHEY,REPUBLICAN PARTY,499.000000
2014,19153153108,SECRETARY OF AGRICULTURE,,LEVI BENNING,NEW INDEPENDENT PARTY IOWA,53.000000
2014,19153153108,SECRETARY OF AGRICULTURE,,SHERRIE TAHA,DEMOCRATIC PARTY,537.000000
2014,19153153108,SECRETARY OF AGRICULTURE,,WRITE IN,,1.000000
2014,19153153108,SECRETARY OF STATE,,BRAD ANDERSON,DEMOCRATIC PARTY,668.000000
2014,19153153108,SECRETARY OF STATE,,JAKE PORTER,LIBERTARIAN PARTY,31.000000
2014,19153153108,SECRETARY OF STATE,,PAUL D PATE,REPUBLICAN PARTY,356.000000
2014,19153153108,SECRETARY OF STATE,,SPENCER HIGHLAND,NEW INDEPENDENT PARTY IOWA,32.000000
2014,19153153108,SECRETARY OF STATE,,WRITE IN,,4.000000
2014,19153153108,TREASURER OF STATE,,KEITH A LAUBE,LIBERTARIAN PARTY,30.000000
2014,19153153108,TREASURER OF STATE,,MICHAEL L FITZGERALD,DEMOCRATIC PARTY,751.000000
2014,19153153108,TREASURER OF STATE,,SAM CLOVIS,REPUBLICAN PARTY,310.000000
2014,19153153108,TREASURER OF STATE,,WRITE IN,,2.000000
2014,19153153108,U S SENATE,,BOB QUAST,BOB QUAST FOR TERM LIMITS,6.000000
2014,19153153108,U S SENATE,,BRUCE BRALEY,DEMOCRATIC PARTY,635.000000
2014,19153153108,U S SENATE,,DOUGLAS BUTZIER,LIBERTARIAN PARTY,8.000000
2014,19153153108,U S SENATE,,JONI ERNST,REPUBLICAN PARTY,424.000000
2014,19153153108,U S SENATE,,RICK STEWART,INDEPENDENT,33.000000
2014,19153153108,U S SENATE,,RUTH SMITH,,6.000000
2014,19153153108,U S SENATE,,WRITE IN,,1.000000
2014,19153153109,ATTORNEY GENERAL,,ADAM GREGG,REPUBLICAN PARTY,351.000000
2014,19153153109,ATTORNEY GENERAL,,TOM MILLER,DEMOCRATIC PARTY,511.000000
2014,19153153109,ATTORNEY GENERAL,,WRITE IN,,1.000000
2014,19153153109,AUDITOR OF STATE,,JONATHAN NEIDERBACH,DEMOCRATIC PARTY,395.000000
2014,19153153109,AUDITOR OF STATE,,MARY MOSIMAN,REPUBLICAN PARTY,443.000000
2014,19153153109,AUDITOR OF STATE,,WRITE IN,,2.000000
2014,19153153109,GOVERNOR,,JACK HATCH MONICA VERNON,DEMOCRATIC PARTY,365.000000
2014,19153153109,GOVERNOR,,JIM HENNAGER MARY MARGARET KRIEG,NEW INDEPENDENT PARTY IOWA,6.000000
2014,19153153109,GOVERNOR,,JONATHAN R NARCISSE MICHAEL L RICHARDS,IOWA PARTY,12.000000
2014,19153153109,GOVERNOR,,LEE DEAKINS HIEB TIM WATSON,LIBERTARIAN PARTY,19.000000
2014,19153153109,GOVERNOR,,TERRY E BRANSTAD KIM REYNOLDS,REPUBLICAN PARTY,479.000000
2014,19153153109,GOVERNOR,,WRITE IN,,3.000000
2014,19153153109,SECRETARY OF AGRICULTURE,,BILL NORTHEY,REPUBLICAN PARTY,512.000000
2014,19153153109,SECRETARY OF AGRICULTURE,,LEVI BENNING,NEW INDEPENDENT PARTY IOWA,24.000000
2014,19153153109,SECRETARY OF AGRICULTURE,,SHERRIE TAHA,DEMOCRATIC PARTY,321.000000
2014,19153153109,SECRETARY OF AGRICULTURE,,WRITE IN,,0.000000
2014,19153153109,SECRETARY OF STATE,,BRAD ANDERSON,DEMOCRATIC PARTY,445.000000
2014,19153153109,SECRETARY OF STATE,,JAKE PORTER,LIBERTARIAN PARTY,25.000000
2014,19153153109,SECRETARY OF STATE,,PAUL D PATE,REPUBLICAN PARTY,381.000000
2014,19153153109,SECRETARY OF STATE,,SPENCER HIGHLAND,NEW INDEPENDENT PARTY IOWA,13.000000
2014,19153153109,SECRETARY OF STATE,,WRITE IN,,0.000000
2014,19153153109,TREASURER OF STATE,,KEITH A LAUBE,LIBERTARIAN PARTY,22.000000
2014,19153153109,TREASURER OF STATE,,MICHAEL L FITZGERALD,DEMOCRATIC PARTY,508.000000
2014,19153153109,TREASURER OF STATE,,SAM CLOVIS,REPUBLICAN PARTY,334.000000
2014,19153153109,TREASURER OF STATE,,WRITE IN,,1.000000
2014,19153153109,U S SENATE,,BOB QUAST,BOB QUAST FOR TERM LIMITS,4.000000
2014,19153153109,U S SENATE,,BRUCE BRALEY,DEMOCRATIC PARTY,419.000000
2014,19153153109,U S SENATE,,DOUGLAS BUTZIER,LIBERTARIAN PARTY,7.000000
2014,19153153109,U S SENATE,,JONI ERNST,REPUBLICAN PARTY,439.000000
2014,19153153109,U S SENATE,,RICK STEWART,INDEPENDENT,15.000000
2014,19153153109,U S SENATE,,RUTH SMITH,,2.000000
2014,19153153109,U S SENATE,,WRITE IN,,0.000000
2014,19153153110,ATTORNEY GENERAL,,ADAM GREGG,REPUBLICAN PARTY,194.000000
2014,19153153110,ATTORNEY GENERAL,,TOM MILLER,DEMOCRATIC PARTY,439.000000
2014,19153153110,ATTORNEY GENERAL,,WRITE IN,,0.000000
2014,19153153110,AUDITOR OF STATE,,JONATHAN NEIDERBACH,DEMOCRATIC PARTY,357.000000
2014,19153153110,AUDITOR OF STATE,,MARY MOSIMAN,REPUBLICAN PARTY,253.000000
2014,19153153110,AUDITOR OF STATE,,WRITE IN,,0.000000
2014,19153153110,GOVERNOR,,JACK HATCH MONICA VERNON,DEMOCRATIC PARTY,362.000000
2014,19153153110,GOVERNOR,,JIM HENNAGER MARY MARGARET KRIEG,NEW INDEPENDENT PARTY IOWA,11.000000
2014,19153153110,GOVERNOR,,JONATHAN R NARCISSE MICHAEL L RICHARDS,IOWA PARTY,11.000000
2014,19153153110,GOVERNOR,,LEE DEAKINS HIEB TIM WATSON,LIBERTARIAN PARTY,17.000000
2014,19153153110,GOVERNOR,,TERRY E BRANSTAD KIM REYNOLDS,REPUBLICAN PARTY,242.000000
2014,19153153110,GOVERNOR,,WRITE IN,,1.000000
2014,19153153110,SECRETARY OF AGRICULTURE,,BILL NORTHEY,REPUBLICAN PARTY,284.000000
2014,19153153110,SECRETARY OF AGRICULTURE,,LEVI BENNING,NEW INDEPENDENT PARTY IOWA,32.000000
2014,19153153110,SECRETARY OF AGRICULTURE,,SHERRIE TAHA,DEMOCRATIC PARTY,312.000000
2014,19153153110,SECRETARY OF AGRICULTURE,,WRITE IN,,0.000000
2014,19153153110,SECRETARY OF STATE,,BRAD ANDERSON,DEMOCRATIC PARTY,387.000000
2014,19153153110,SECRETARY OF STATE,,JAKE PORTER,LIBERTARIAN PARTY,18.000000
2014,19153153110,SECRETARY OF STATE,,PAUL D PATE,REPUBLICAN PARTY,203.000000
2014,19153153110,SECRETARY OF STATE,,SPENCER HIGHLAND,NEW INDEPENDENT PARTY IOWA,20.000000
2014,19153153110,SECRETARY OF STATE,,WRITE IN,,0.000000
2014,19153153110,TREASURER OF STATE,,KEITH A LAUBE,LIBERTARIAN PARTY,24.000000
2014,19153153110,TREASURER OF STATE,,MICHAEL L FITZGERALD,DEMOCRATIC PARTY,408.000000
2014,19153153110,TREASURER OF STATE,,SAM CLOVIS,REPUBLICAN PARTY,196.000000
2014,19153153110,TREASURER OF STATE,,WRITE IN,,0.000000
2014,19153153110,U S SENATE,,BOB QUAST,BOB QUAST FOR TERM LIMITS,4.000000
2014,19153153110,U S SENATE,,BRUCE BRALEY,DEMOCRATIC PARTY,359.000000
2014,19153153110,U S SENATE,,DOUGLAS BUTZIER,LIBERTARIAN PARTY,6.000000
2014,19153153110,U S SENATE,,JONI ERNST,REPUBLICAN PARTY,248.000000
2014,19153153110,U S SENATE,,RICK STEWART,INDEPENDENT,23.000000
2014,19153153110,U S SENATE,,RUTH SMITH,,2.000000
2014,19153153110,U S SENATE,,WRITE IN,,1.000000
2014,19153153111,ATTORNEY GENERAL,,ADAM GREGG,REPUBLICAN PARTY,223.000000
2014,19153153111,ATTORNEY GENERAL,,TOM MILLER,DEMOCRATIC PARTY,558.000000
2014,19153153111,ATTORNEY GENERAL,,WRITE IN,,3.000000
2014,19153153111,AUDITOR OF STATE,,JONATHAN NEIDERBACH,DEMOCRATIC PARTY,473.000000
2014,19153153111,AUDITOR OF STATE,,MARY MOSIMAN,REPUBLICAN PARTY,296.000000
2014,19153153111,AUDITOR OF STATE,,WRITE IN,,2.000000
2014,19153153111,GOVERNOR,,JACK HATCH MONICA VERNON,DEMOCRATIC PARTY,461.000000
2014,19153153111,GOVERNOR,,JIM HENNAGER MARY MARGARET KRIEG,NEW INDEPENDENT PARTY IOWA,15.000000
2014,19153153111,GOVERNOR,,JONATHAN R NARCISSE MICHAEL L RICHARDS,IOWA PARTY,9.000000
2014,19153153111,GOVERNOR,,LEE DEAKINS HIEB TIM WATSON,LIBERTARIAN PARTY,27.000000
2014,19153153111,GOVERNOR,,TERRY E BRANSTAD KIM REYNOLDS,REPUBLICAN PARTY,275.000000
2014,19153153111,GOVERNOR,,WRITE IN,,2.000000
2014,19153153111,SECRETARY OF AGRICULTURE,,BILL NORTHEY,REPUBLICAN PARTY,310.000000
2014,19153153111,SECRETARY OF AGRICULTURE,,LEVI BENNING,NEW INDEPENDENT PARTY IOWA,39.000000
2014,19153153111,SECRETARY OF AGRICULTURE,,SHERRIE TAHA,DEMOCRATIC PARTY,426.000000
2014,19153153111,SECRETARY OF AGRICULTURE,,WRITE IN,,2.000000
2014,19153153111,SECRETARY OF STATE,,BRAD ANDERSON,DEMOCRATIC PARTY,484.000000
2014,19153153111,SECRETARY OF STATE,,JAKE PORTER,LIBERTARIAN PARTY,27.000000
2014,19153153111,SECRETARY OF STATE,,PAUL D PATE,REPUBLICAN PARTY,242.000000
2014,19153153111,SECRETARY OF STATE,,SPENCER HIGHLAND,NEW INDEPENDENT PARTY IOWA,24.000000
2014,19153153111,SECRETARY OF STATE,,WRITE IN,,2.000000
2014,19153153111,TREASURER OF STATE,,KEITH A LAUBE,LIBERTARIAN PARTY,29.000000
2014,19153153111,TREASURER OF STATE,,MICHAEL L FITZGERALD,DEMOCRATIC PARTY,528.000000
2014,19153153111,TREASURER OF STATE,,SAM CLOVIS,REPUBLICAN PARTY,220.000000
2014,19153153111,TREASURER OF STATE,,WRITE IN,,2.000000
2014,19153153111,U S SENATE,,BOB QUAST,BOB QUAST FOR TERM LIMITS,4.000000
2014,19153153111,U S SENATE,,BRUCE BRALEY,DEMOCRATIC PARTY,466.000000
2014,19153153111,U S SENATE,,DOUGLAS BUTZIER,LIBERTARIAN PARTY,7.000000
2014,19153153111,U S SENATE,,JONI ERNST,REPUBLICAN PARTY,281.000000
2014,19153153111,U S SENATE,,RICK STEWART,INDEPENDENT,28.000000
2014,19153153111,U S SENATE,,RUTH SMITH,,5.000000
2014,19153153111,U S SENATE,,WRITE IN,,3.000000
2014,19153153112,ATTORNEY GENERAL,,ADAM GREGG,REPUBLICAN PARTY,115.000000
2014,19153153112,ATTORNEY GENERAL,,TOM MILLER,DEMOCRATIC PARTY,489.000000
2014,19153153112,ATTORNEY GENERAL,,WRITE IN,,0.000000
2014,19153153112,AUDITOR OF STATE,,JONATHAN NEIDERBACH,DEMOCRATIC PARTY,412.000000
2014,19153153112,AUDITOR OF STATE,,MARY MOSIMAN,REPUBLICAN PARTY,176.000000
2014,19153153112,AUDITOR OF STATE,,WRITE IN,,2.000000
2014,19153153112,GOVERNOR,,JACK HATCH MONICA VERNON,DEMOCRATIC PARTY,391.000000
2014,19153153112,GOVERNOR,,JIM HENNAGER MARY MARGARET KRIEG,NEW INDEPENDENT PARTY IOWA,13.000000
2014,19153153112,GOVERNOR,,JONATHAN R NARCISSE MICHAEL L RICHARDS,IOWA PARTY,14.000000
2014,19153153112,GOVERNOR,,LEE DEAKINS HIEB TIM WATSON,LIBERTARIAN PARTY,12.000000
2014,19153153112,GOVERNOR,,TERRY E BRANSTAD KIM REYNOLDS,REPUBLICAN PARTY,182.000000
2014,19153153112,GOVERNOR,,WRITE IN,,1.000000
2014,19153153112,SECRETARY OF AGRICULTURE,,BILL NORTHEY,REPUBLICAN PARTY,196.000000
2014,19153153112,SECRETARY OF AGRICULTURE,,LEVI BENNING,NEW INDEPENDENT PARTY IOWA,37.000000
2014,19153153112,SECRETARY OF AGRICULTURE,,SHERRIE TAHA,DEMOCRATIC PARTY,362.000000
2014,19153153112,SECRETARY OF AGRICULTURE,,WRITE IN,,2.000000
2014,19153153112,SECRETARY OF STATE,,BRAD ANDERSON,DEMOCRATIC PARTY,427.000000
2014,19153153112,SECRETARY OF STATE,,JAKE PORTER,LIBERTARIAN PARTY,23.000000
2014,19153153112,SECRETARY OF STATE,,PAUL D PATE,REPUBLICAN PARTY,135.000000
2014,19153153112,SECRETARY OF STATE,,SPENCER HIGHLAND,NEW INDEPENDENT PARTY IOWA,17.000000
2014,19153153112,SECRETARY OF STATE,,WRITE IN,,0.000000
2014,19153153112,TREASURER OF STATE,,KEITH A LAUBE,LIBERTARIAN PARTY,20.000000
2014,19153153112,TREASURER OF STATE,,MICHAEL L FITZGERALD,DEMOCRATIC PARTY,458.000000
2014,19153153112,TREASURER OF STATE,,SAM CLOVIS,REPUBLICAN PARTY,118.000000
2014,19153153112,TREASURER OF STATE,,WRITE IN,,1.000000
2014,19153153112,U S SENATE,,BOB QUAST,BOB QUAST FOR TERM LIMITS,7.000000
2014,19153153112,U S SENATE,,BRUCE BRALEY,DEMOCRATIC PARTY,399.000000
2014,19153153112,U S SENATE,,DOUGLAS BUTZIER,LIBERTARIAN PARTY,9.000000
2014,19153153112,U S SENATE,,JONI ERNST,REPUBLICAN PARTY,158.000000
2014,19153153112,U S SENATE,,RICK STEWART,INDEPENDENT,36.000000
2014,19153153112,U S SENATE,,RUTH SMITH,,3.000000
2014,19153153112,U S SENATE,,WRITE IN,,1.000000
2014,19153153113,ATTORNEY GENERAL,,ADAM GREGG,REPUBLICAN PARTY,77.000000
2014,19153153113,ATTORNEY GENERAL,,TOM MILLER,DEMOCRATIC PARTY,363.000000
2014,19153153113,ATTORNEY GENERAL,,WRITE IN,,0.000000
2014,19153153113,AUDITOR OF STATE,,JONATHAN NEIDERBACH,DEMOCRATIC PARTY,339.000000
2014,19153153113,AUDITOR OF STATE,,MARY MOSIMAN,REPUBLICAN PARTY,100.000000
2014,19153153113,AUDITOR OF STATE,,WRITE IN,,1.000000
2014,19153153113,GOVERNOR,,JACK HATCH MONICA VERNON,DEMOCRATIC PARTY,311.000000
2014,19153153113,GOVERNOR,,JIM HENNAGER MARY MARGARET KRIEG,NEW INDEPENDENT PARTY IOWA,7.000000
2014,19153153113,GOVERNOR,,JONATHAN R NARCISSE MICHAEL L RICHARDS,IOWA PARTY,17.000000
2014,19153153113,GOVERNOR,,LEE DEAKINS HIEB TIM WATSON,LIBERTARIAN PARTY,7.000000
2014,19153153113,GOVERNOR,,TERRY E BRANSTAD KIM REYNOLDS,REPUBLICAN PARTY,107.000000
2014,19153153113,GOVERNOR,,WRITE IN,,0.000000
2014,19153153113,SECRETARY OF AGRICULTURE,,BILL NORTHEY,REPUBLICAN PARTY,108.000000
2014,19153153113,SECRETARY OF AGRICULTURE,,LEVI BENNING,NEW INDEPENDENT PARTY IOWA,21.000000
2014,19153153113,SECRETARY OF AGRICULTURE,,SHERRIE TAHA,DEMOCRATIC PARTY,313.000000
2014,19153153113,SECRETARY OF AGRICULTURE,,WRITE IN,,0.000000
2014,19153153113,SECRETARY OF STATE,,BRAD ANDERSON,DEMOCRATIC PARTY,350.000000
2014,19153153113,SECRETARY OF STATE,,JAKE PORTER,LIBERTARIAN PARTY,11.000000
2014,19153153113,SECRETARY OF STATE,,PAUL D PATE,REPUBLICAN PARTY,75.000000
2014,19153153113,SECRETARY OF STATE,,SPENCER HIGHLAND,NEW INDEPENDENT PARTY IOWA,11.000000
2014,19153153113,SECRETARY OF STATE,,WRITE IN,,0.000000
2014,19153153113,TREASURER OF STATE,,KEITH A LAUBE,LIBERTARIAN PARTY,17.000000
2014,19153153113,TREASURER OF STATE,,MICHAEL L FITZGERALD,DEMOCRATIC PARTY,349.000000
2014,19153153113,TREASURER OF STATE,,SAM CLOVIS,REPUBLICAN PARTY,76.000000
2014,19153153113,TREASURER OF STATE,,WRITE IN,,0.000000
2014,19153153113,U S SENATE,,BOB QUAST,BOB QUAST FOR TERM LIMITS,2.000000
2014,19153153113,U S SENATE,,BRUCE BRALEY,DEMOCRATIC PARTY,338.000000
2014,19153153113,U S SENATE,,DOUGLAS BUTZIER,LIBERTARIAN PARTY,5.000000
2014,19153153113,U S SENATE,,JONI ERNST,REPUBLICAN PARTY,85.000000
2014,19153153113,U S SENATE,,RICK STEWART,INDEPENDENT,15.000000
2014,19153153113,U S SENATE,,RUTH SMITH,,3.000000
2014,19153153113,U S SENATE,,WRITE IN,,1.000000
2014,19153153114,ATTORNEY GENERAL,,ADAM GREGG,REPUBLICAN PARTY,48.000000
2014,19153153114,ATTORNEY GENERAL,,TOM MILLER,DEMOCRATIC PARTY,210.000000
2014,19153153114,ATTORNEY GENERAL,,WRITE IN,,1.000000
2014,19153153114,AUDITOR OF STATE,,JONATHAN NEIDERBACH,DEMOCRATIC PARTY,198.000000
2014,19153153114,AUDITOR OF STATE,,MARY MOSIMAN,REPUBLICAN PARTY,63.000000
2014,19153153114,AUDITOR OF STATE,,WRITE IN,,0.000000
2014,19153153114,GOVERNOR,,JACK HATCH MONICA VERNON,DEMOCRATIC PARTY,188.000000
2014,19153153114,GOVERNOR,,JIM HENNAGER MARY MARGARET KRIEG,NEW INDEPENDENT PARTY IOWA,1.000000
2014,19153153114,GOVERNOR,,JONATHAN R NARCISSE MICHAEL L RICHARDS,IOWA PARTY,10.000000
2014,19153153114,GOVERNOR,,LEE DEAKINS HIEB TIM WATSON,LIBERTARIAN PARTY,2.000000
2014,19153153114,GOVERNOR,,TERRY E BRANSTAD KIM REYNOLDS,REPUBLICAN PARTY,63.000000
2014,19153153114,GOVERNOR,,WRITE IN,,1.000000
2014,19153153114,SECRETARY OF AGRICULTURE,,BILL NORTHEY,REPUBLICAN PARTY,57.000000
2014,19153153114,SECRETARY OF AGRICULTURE,,LEVI BENNING,NEW INDEPENDENT PARTY IOWA,10.000000
2014,19153153114,SECRETARY OF AGRICULTURE,,SHERRIE TAHA,DEMOCRATIC PARTY,191.000000
2014,19153153114,SECRETARY OF AGRICULTURE,,WRITE IN,,0.000000
2014,19153153114,SECRETARY OF STATE,,BRAD ANDERSON,DEMOCRATIC PARTY,200.000000
2014,19153153114,SECRETARY OF STATE,,JAKE PORTER,LIBERTARIAN PARTY,6.000000
2014,19153153114,SECRETARY OF STATE,,PAUL D PATE,REPUBLICAN PARTY,48.000000
2014,19153153114,SECRETARY OF STATE,,SPENCER HIGHLAND,NEW INDEPENDENT PARTY IOWA,8.000000
2014,19153153114,SECRETARY OF STATE,,WRITE IN,,0.000000
2014,19153153114,TREASURER OF STATE,,KEITH A LAUBE,LIBERTARIAN PARTY,6.000000
2014,19153153114,TREASURER OF STATE,,MICHAEL L FITZGERALD,DEMOCRATIC PARTY,206.000000
2014,19153153114,TREASURER OF STATE,,SAM CLOVIS,REPUBLICAN PARTY,47.000000
2014,19153153114,TREASURER OF STATE,,WRITE IN,,0.000000
2014,19153153114,U S SENATE,,BOB QUAST,BOB QUAST FOR TERM LIMITS,1.000000
2014,19153153114,U S SENATE,,BRUCE BRALEY,DEMOCRATIC PARTY,201.000000
2014,19153153114,U S SENATE,,DOUGLAS BUTZIER,LIBERTARIAN PARTY,3.000000
2014,19153153114,U S SENATE,,JONI ERNST,REPUBLICAN PARTY,53.000000
2014,19153153114,U S SENATE,,RICK STEWART,INDEPENDENT,7.000000
2014,19153153114,U S SENATE,,RUTH SMITH,,0.000000
2014,19153153114,U S SENATE,,WRITE IN,,0.000000
2014,19153153115,ATTORNEY GENERAL,,ADAM GREGG,REPUBLICAN PARTY,42.000000
2014,19153153115,ATTORNEY GENERAL,,TOM MILLER,DEMOCRATIC PARTY,203.000000
2014,19153153115,ATTORNEY GENERAL,,WRITE IN,,2.000000
2014,19153153115,AUDITOR OF STATE,,JONATHAN NEIDERBACH,DEMOCRATIC PARTY,188.000000
2014,19153153115,AUDITOR OF STATE,,MARY MOSIMAN,REPUBLICAN PARTY,54.000000
2014,19153153115,AUDITOR OF STATE,,WRITE IN,,0.000000
2014,19153153115,GOVERNOR,,JACK HATCH MONICA VERNON,DEMOCRATIC PARTY,169.000000
2014,19153153115,GOVERNOR,,JIM HENNAGER MARY MARGARET KRIEG,NEW INDEPENDENT PARTY IOWA,2.000000
2014,19153153115,GOVERNOR,,JONATHAN R NARCISSE MICHAEL L RICHARDS,IOWA PARTY,19.000000
2014,19153153115,GOVERNOR,,LEE DEAKINS HIEB TIM WATSON,LIBERTARIAN PARTY,2.000000
2014,19153153115,GOVERNOR,,TERRY E BRANSTAD KIM REYNOLDS,REPUBLICAN PARTY,56.000000
2014,19153153115,GOVERNOR,,WRITE IN,,1.000000
2014,19153153115,SECRETARY OF AGRICULTURE,,BILL NORTHEY,REPUBLICAN PARTY,62.000000
2014,19153153115,SECRETARY OF AGRICULTURE,,LEVI BENNING,NEW INDEPENDENT PARTY IOWA,7.000000
2014,19153153115,SECRETARY OF AGRICULTURE,,SHERRIE TAHA,DEMOCRATIC PARTY,177.000000
2014,19153153115,SECRETARY OF AGRICULTURE,,WRITE IN,,0.000000
2014,19153153115,SECRETARY OF STATE,,BRAD ANDERSON,DEMOCRATIC PARTY,189.000000
2014,19153153115,SECRETARY OF STATE,,JAKE PORTER,LIBERTARIAN PARTY,7.000000
2014,19153153115,SECRETARY OF STATE,,PAUL D PATE,REPUBLICAN PARTY,44.000000
2014,19153153115,SECRETARY OF STATE,,SPENCER HIGHLAND,NEW INDEPENDENT PARTY IOWA,5.000000
2014,19153153115,SECRETARY OF STATE,,WRITE IN,,1.000000
2014,19153153115,TREASURER OF STATE,,KEITH A LAUBE,LIBERTARIAN PARTY,2.000000
2014,19153153115,TREASURER OF STATE,,MICHAEL L FITZGERALD,DEMOCRATIC PARTY,200.000000
2014,19153153115,TREASURER OF STATE,,SAM CLOVIS,REPUBLICAN PARTY,43.000000
2014,19153153115,TREASURER OF STATE,,WRITE IN,,0.000000
2014,19153153115,U S SENATE,,BOB QUAST,BOB QUAST FOR TERM LIMITS,2.000000
2014,19153153115,U S SENATE,,BRUCE BRALEY,DEMOCRATIC PARTY,195.000000
2014,19153153115,U S SENATE,,DOUGLAS BUTZIER,LIBERTARIAN PARTY,0.000000
2014,19153153115,U S SENATE,,JONI ERNST,REPUBLICAN PARTY,49.000000
2014,19153153115,U S SENATE,,RICK STEWART,INDEPENDENT,2.000000
2014,19153153115,U S SENATE,,RUTH SMITH,,3.000000
2014,19153153115,U S SENATE,,WRITE IN,,1.000000
2014,19153153116,ATTORNEY GENERAL,,ADAM GREGG,REPUBLICAN PARTY,55.000000
2014,19153153116,ATTORNEY GENERAL,,TOM MILLER,DEMOCRATIC PARTY,459.000000
2014,19153153116,ATTORNEY GENERAL,,WRITE IN,,2.000000
2014,19153153116,AUDITOR OF STATE,,JONATHAN NEIDERBACH,DEMOCRATIC PARTY,444.000000
2014,19153153116,AUDITOR OF STATE,,MARY MOSIMAN,REPUBLICAN PARTY,67.000000
2014,19153153116,AUDITOR OF STATE,,WRITE IN,,0.000000
2014,19153153116,GOVERNOR,,JACK HATCH MONICA VERNON,DEMOCRATIC PARTY,411.000000
2014,19153153116,GOVERNOR,,JIM HENNAGER MARY MARGARET KRIEG,NEW INDEPENDENT PARTY IOWA,3.000000
2014,19153153116,GOVERNOR,,JONATHAN R NARCISSE MICHAEL L RICHARDS,IOWA PARTY,37.000000
2014,19153153116,GOVERNOR,,LEE DEAKINS HIEB TIM WATSON,LIBERTARIAN PARTY,4.000000
2014,19153153116,GOVERNOR,,TERRY E BRANSTAD KIM REYNOLDS,REPUBLICAN PARTY,71.000000
2014,19153153116,GOVERNOR,,WRITE IN,,0.000000
2014,19153153116,SECRETARY OF AGRICULTURE,,BILL NORTHEY,REPUBLICAN PARTY,66.000000
2014,19153153116,SECRETARY OF AGRICULTURE,,LEVI BENNING,NEW INDEPENDENT PARTY IOWA,10.000000
2014,19153153116,SECRETARY OF AGRICULTURE,,SHERRIE TAHA,DEMOCRATIC PARTY,438.000000
2014,19153153116,SECRETARY OF AGRICULTURE,,WRITE IN,,0.000000
2014,19153153116,SECRETARY OF STATE,,BRAD ANDERSON,DEMOCRATIC PARTY,444.000000
2014,19153153116,SECRETARY OF STATE,,JAKE PORTER,LIBERTARIAN PARTY,7.000000
2014,19153153116,SECRETARY OF STATE,,PAUL D PATE,REPUBLICAN PARTY,52.000000
2014,19153153116,SECRETARY OF STATE,,SPENCER HIGHLAND,NEW INDEPENDENT PARTY IOWA,10.000000
2014,19153153116,SECRETARY OF STATE,,WRITE IN,,1.000000
2014,19153153116,TREASURER OF STATE,,KEITH A LAUBE,LIBERTARIAN PARTY,8.000000
2014,19153153116,TREASURER OF STATE,,MICHAEL L FITZGERALD,DEMOCRATIC PARTY,459.000000
2014,19153153116,TREASURER OF STATE,,SAM CLOVIS,REPUBLICAN PARTY,51.000000
2014,19153153116,TREASURER OF STATE,,WRITE IN,,0.000000
2014,19153153116,U S SENATE,,BOB QUAST,BOB QUAST FOR TERM LIMITS,2.000000
2014,19153153116,U S SENATE,,BRUCE BRALEY,DEMOCRATIC PARTY,451.000000
2014,19153153116,U S SENATE,,DOUGLAS BUTZIER,LIBERTARIAN PARTY,4.000000
2014,19153153116,U S SENATE,,JONI ERNST,REPUBLICAN PARTY,55.000000
2014,19153153116,U S SENATE,,RICK STEWART,INDEPENDENT,6.000000
2014,19153153116,U S SENATE,,RUTH SMITH,,8.000000
2014,19153153116,U S SENATE,,WRITE IN,,0.000000
2014,19153153117,ATTORNEY GENERAL,,ADAM GREGG,REPUBLICAN PARTY,76.000000
2014,19153153117,ATTORNEY GENERAL,,TOM MILLER,DEMOCRATIC PARTY,361.000000
2014,19153153117,ATTORNEY GENERAL,,WRITE IN,,1.000000
2014,19153153117,AUDITOR OF STATE,,JONATHAN NEIDERBACH,DEMOCRATIC PARTY,336.000000
2014,19153153117,AUDITOR OF STATE,,MARY MOSIMAN,REPUBLICAN PARTY,95.000000
2014,19153153117,AUDITOR OF STATE,,WRITE IN,,1.000000
2014,19153153117,GOVERNOR,,JACK HATCH MONICA VERNON,DEMOCRATIC PARTY,316.000000
2014,19153153117,GOVERNOR,,JIM HENNAGER MARY MARGARET KRIEG,NEW INDEPENDENT PARTY IOWA,5.000000
2014,19153153117,GOVERNOR,,JONATHAN R NARCISSE MICHAEL L RICHARDS,IOWA PARTY,21.000000
2014,19153153117,GOVERNOR,,LEE DEAKINS HIEB TIM WATSON,LIBERTARIAN PARTY,3.000000
2014,19153153117,GOVERNOR,,TERRY E BRANSTAD KIM REYNOLDS,REPUBLICAN PARTY,93.000000
2014,19153153117,GOVERNOR,,WRITE IN,,2.000000
2014,19153153117,SECRETARY OF AGRICULTURE,,BILL NORTHEY,REPUBLICAN PARTY,99.000000
2014,19153153117,SECRETARY OF AGRICULTURE,,LEVI BENNING,NEW INDEPENDENT PARTY IOWA,12.000000
2014,19153153117,SECRETARY OF AGRICULTURE,,SHERRIE TAHA,DEMOCRATIC PARTY,323.000000
2014,19153153117,SECRETARY OF AGRICULTURE,,WRITE IN,,1.000000
2014,19153153117,SECRETARY OF STATE,,BRAD ANDERSON,DEMOCRATIC PARTY,342.000000
2014,19153153117,SECRETARY OF STATE,,JAKE PORTER,LIBERTARIAN PARTY,9.000000
2014,19153153117,SECRETARY OF STATE,,PAUL D PATE,REPUBLICAN PARTY,73.000000
2014,19153153117,SECRETARY OF STATE,,SPENCER HIGHLAND,NEW INDEPENDENT PARTY IOWA,12.000000
2014,19153153117,SECRETARY OF STATE,,WRITE IN,,2.000000
2014,19153153117,TREASURER OF STATE,,KEITH A LAUBE,LIBERTARIAN PARTY,14.000000
2014,19153153117,TREASURER OF STATE,,MICHAEL L FITZGERALD,DEMOCRATIC PARTY,353.000000
2014,19153153117,TREASURER OF STATE,,SAM CLOVIS,REPUBLICAN PARTY,65.000000
2014,19153153117,TREASURER OF STATE,,WRITE IN,,1.000000
2014,19153153117,U S SENATE,,BOB QUAST,BOB QUAST FOR TERM LIMITS,2.000000
2014,19153153117,U S SENATE,,BRUCE BRALEY,DEMOCRATIC PARTY,346.000000
2014,19153153117,U S SENATE,,DOUGLAS BUTZIER,LIBERTARIAN PARTY,1.000000
2014,19153153117,U S SENATE,,JONI ERNST,REPUBLICAN PARTY,85.000000
2014,19153153117,U S SENATE,,RICK STEWART,INDEPENDENT,10.000000
2014,19153153117,U S SENATE,,RUTH SMITH,,0.000000
2014,19153153117,U S SENATE,,WRITE IN,,0.000000
2014,19153153118,ATTORNEY GENERAL,,ADAM GREGG,REPUBLICAN PARTY,97.000000
2014,19153153118,ATTORNEY GENERAL,,TOM MILLER,DEMOCRATIC PARTY,332.000000
2014,19153153118,ATTORNEY GENERAL,,WRITE IN,,3.000000
2014,19153153118,AUDITOR OF STATE,,JONATHAN NEIDERBACH,DEMOCRATIC PARTY,299.000000
2014,19153153118,AUDITOR OF STATE,,MARY MOSIMAN,REPUBLICAN PARTY,123.000000
2014,19153153118,AUDITOR OF STATE,,WRITE IN,,3.000000
2014,19153153118,GOVERNOR,,JACK HATCH MONICA VERNON,DEMOCRATIC PARTY,286.000000
2014,19153153118,GOVERNOR,,JIM HENNAGER MARY MARGARET KRIEG,NEW INDEPENDENT PARTY IOWA,7.000000
2014,19153153118,GOVERNOR,,JONATHAN R NARCISSE MICHAEL L RICHARDS,IOWA PARTY,7.000000
2014,19153153118,GOVERNOR,,LEE DEAKINS HIEB TIM WATSON,LIBERTARIAN PARTY,16.000000
2014,19153153118,GOVERNOR,,TERRY E BRANSTAD KIM REYNOLDS,REPUBLICAN PARTY,136.000000
2014,19153153118,GOVERNOR,,WRITE IN,,3.000000
2014,19153153118,SECRETARY OF AGRICULTURE,,BILL NORTHEY,REPUBLICAN PARTY,128.000000
2014,19153153118,SECRETARY OF AGRICULTURE,,LEVI BENNING,NEW INDEPENDENT PARTY IOWA,18.000000
2014,19153153118,SECRETARY OF AGRICULTURE,,SHERRIE TAHA,DEMOCRATIC PARTY,284.000000
2014,19153153118,SECRETARY OF AGRICULTURE,,WRITE IN,,3.000000
2014,19153153118,SECRETARY OF STATE,,BRAD ANDERSON,DEMOCRATIC PARTY,318.000000
2014,19153153118,SECRETARY OF STATE,,JAKE PORTER,LIBERTARIAN PARTY,13.000000
2014,19153153118,SECRETARY OF STATE,,PAUL D PATE,REPUBLICAN PARTY,94.000000
2014,19153153118,SECRETARY OF STATE,,SPENCER HIGHLAND,NEW INDEPENDENT PARTY IOWA,14.000000
2014,19153153118,SECRETARY OF STATE,,WRITE IN,,3.000000
2014,19153153118,TREASURER OF STATE,,KEITH A LAUBE,LIBERTARIAN PARTY,21.000000
2014,19153153118,TREASURER OF STATE,,MICHAEL L FITZGERALD,DEMOCRATIC PARTY,315.000000
2014,19153153118,TREASURER OF STATE,,SAM CLOVIS,REPUBLICAN PARTY,96.000000
2014,19153153118,TREASURER OF STATE,,WRITE IN,,2.000000
2014,19153153118,U S SENATE,,BOB QUAST,BOB QUAST FOR TERM LIMITS,2.000000
2014,19153153118,U S SENATE,,BRUCE BRALEY,DEMOCRATIC PARTY,339.000000
2014,19153153118,U S SENATE,,DOUGLAS BUTZIER,LIBERTARIAN PARTY,3.000000
2014,19153153118,U S SENATE,,JONI ERNST,REPUBLICAN PARTY,111.000000
2014,19153153118,U S SENATE,,RICK STEWART,INDEPENDENT,4.000000
2014,19153153118,U S SENATE,,RUTH SMITH,,2.000000
2014,19153153118,U S SENATE,,WRITE IN,,2.000000
2014,19153153119,ATTORNEY GENERAL,,ADAM GREGG,REPUBLICAN PARTY,273.000000
2014,19153153119,ATTORNEY GENERAL,,TOM MILLER,DEMOCRATIC PARTY,1037.000000
2014,19153153119,ATTORNEY GENERAL,,WRITE IN,,4.000000
2014,19153153119,AUDITOR OF STATE,,JONATHAN NEIDERBACH,DEMOCRATIC PARTY,870.000000
2014,19153153119,AUDITOR OF STATE,,MARY MOSIMAN,REPUBLICAN PARTY,408.000000
2014,19153153119,AUDITOR OF STATE,,WRITE IN,,1.000000
2014,19153153119,GOVERNOR,,JACK HATCH MONICA VERNON,DEMOCRATIC PARTY,865.000000
2014,19153153119,GOVERNOR,,JIM HENNAGER MARY MARGARET KRIEG,NEW INDEPENDENT PARTY IOWA,12.000000
2014,19153153119,GOVERNOR,,JONATHAN R NARCISSE MICHAEL L RICHARDS,IOWA PARTY,19.000000
2014,19153153119,GOVERNOR,,LEE DEAKINS HIEB TIM WATSON,LIBERTARIAN PARTY,31.000000
2014,19153153119,GOVERNOR,,TERRY E BRANSTAD KIM REYNOLDS,REPUBLICAN PARTY,417.000000
2014,19153153119,GOVERNOR,,WRITE IN,,3.000000
2014,19153153119,SECRETARY OF AGRICULTURE,,BILL NORTHEY,REPUBLICAN PARTY,459.000000
2014,19153153119,SECRETARY OF AGRICULTURE,,LEVI BENNING,NEW INDEPENDENT PARTY IOWA,50.000000
2014,19153153119,SECRETARY OF AGRICULTURE,,SHERRIE TAHA,DEMOCRATIC PARTY,781.000000
2014,19153153119,SECRETARY OF AGRICULTURE,,WRITE IN,,2.000000
2014,19153153119,SECRETARY OF STATE,,BRAD ANDERSON,DEMOCRATIC PARTY,967.000000
2014,19153153119,SECRETARY OF STATE,,JAKE PORTER,LIBERTARIAN PARTY,49.000000
2014,19153153119,SECRETARY OF STATE,,PAUL D PATE,REPUBLICAN PARTY,284.000000
2014,19153153119,SECRETARY OF STATE,,SPENCER HIGHLAND,NEW INDEPENDENT PARTY IOWA,20.000000
2014,19153153119,SECRETARY OF STATE,,WRITE IN,,1.000000
2014,19153153119,TREASURER OF STATE,,KEITH A LAUBE,LIBERTARIAN PARTY,50.000000
2014,19153153119,TREASURER OF STATE,,MICHAEL L FITZGERALD,DEMOCRATIC PARTY,989.000000
2014,19153153119,TREASURER OF STATE,,SAM CLOVIS,REPUBLICAN PARTY,266.000000
2014,19153153119,TREASURER OF STATE,,WRITE IN,,1.000000
2014,19153153119,U S SENATE,,BOB QUAST,BOB QUAST FOR TERM LIMITS,11.000000
2014,19153153119,U S SENATE,,BRUCE BRALEY,DEMOCRATIC PARTY,945.000000
2014,19153153119,U S SENATE,,DOUGLAS BUTZIER,LIBERTARIAN PARTY,17.000000
2014,19153153119,U S SENATE,,JONI ERNST,REPUBLICAN PARTY,348.000000
2014,19153153119,U S SENATE,,RICK STEWART,INDEPENDENT,28.000000
2014,19153153119,U S SENATE,,RUTH SMITH,,5.000000
2014,19153153119,U S SENATE,,WRITE IN,,2.000000
2014,19153153120,ATTORNEY GENERAL,,ADAM GREGG,REPUBLICAN PARTY,133.000000
2014,19153153120,ATTORNEY GENERAL,,TOM MILLER,DEMOCRATIC PARTY,364.000000
2014,19153153120,ATTORNEY GENERAL,,WRITE IN,,1.000000
2014,19153153120,AUDITOR OF STATE,,JONATHAN NEIDERBACH,DEMOCRATIC PARTY,315.000000
2014,19153153120,AUDITOR OF STATE,,MARY MOSIMAN,REPUBLICAN PARTY,164.000000
2014,19153153120,AUDITOR OF STATE,,WRITE IN,,3.000000
2014,19153153120,GOVERNOR,,JACK HATCH MONICA VERNON,DEMOCRATIC PARTY,306.000000
2014,19153153120,GOVERNOR,,JIM HENNAGER MARY MARGARET KRIEG,NEW INDEPENDENT PARTY IOWA,5.000000
2014,19153153120,GOVERNOR,,JONATHAN R NARCISSE MICHAEL L RICHARDS,IOWA PARTY,9.000000
2014,19153153120,GOVERNOR,,LEE DEAKINS HIEB TIM WATSON,LIBERTARIAN PARTY,22.000000
2014,19153153120,GOVERNOR,,TERRY E BRANSTAD KIM REYNOLDS,REPUBLICAN PARTY,182.000000
2014,19153153120,GOVERNOR,,WRITE IN,,0.000000
2014,19153153120,SECRETARY OF AGRICULTURE,,BILL NORTHEY,REPUBLICAN PARTY,164.000000
2014,19153153120,SECRETARY OF AGRICULTURE,,LEVI BENNING,NEW INDEPENDENT PARTY IOWA,27.000000
2014,19153153120,SECRETARY OF AGRICULTURE,,SHERRIE TAHA,DEMOCRATIC PARTY,298.000000
2014,19153153120,SECRETARY OF AGRICULTURE,,WRITE IN,,0.000000
2014,19153153120,SECRETARY OF STATE,,BRAD ANDERSON,DEMOCRATIC PARTY,332.000000
2014,19153153120,SECRETARY OF STATE,,JAKE PORTER,LIBERTARIAN PARTY,29.000000
2014,19153153120,SECRETARY OF STATE,,PAUL D PATE,REPUBLICAN PARTY,127.000000
2014,19153153120,SECRETARY OF STATE,,SPENCER HIGHLAND,NEW INDEPENDENT PARTY IOWA,12.000000
2014,19153153120,SECRETARY OF STATE,,WRITE IN,,0.000000
2014,19153153120,TREASURER OF STATE,,KEITH A LAUBE,LIBERTARIAN PARTY,39.000000
2014,19153153120,TREASURER OF STATE,,MICHAEL L FITZGERALD,DEMOCRATIC PARTY,339.000000
2014,19153153120,TREASURER OF STATE,,SAM CLOVIS,REPUBLICAN PARTY,121.000000
2014,19153153120,TREASURER OF STATE,,WRITE IN,,2.000000
2014,19153153120,U S SENATE,,BOB QUAST,BOB QUAST FOR TERM LIMITS,3.000000
2014,19153153120,U S SENATE,,BRUCE BRALEY,DEMOCRATIC PARTY,361.000000
2014,19153153120,U S SENATE,,DOUGLAS BUTZIER,LIBERTARIAN PARTY,10.000000
2014,19153153120,U S SENATE,,JONI ERNST,REPUBLICAN PARTY,150.000000
2014,19153153120,U S SENATE,,RICK STEWART,INDEPENDENT,11.000000
2014,19153153120,U S SENATE,,RUTH SMITH,,1.000000
2014,19153153120,U S SENATE,,WRITE IN,,0.000000
2014,19153153121,ATTORNEY GENERAL,,ADAM GREGG,REPUBLICAN PARTY,374.000000
2014,19153153121,ATTORNEY GENERAL,,TOM MILLER,DEMOCRATIC PARTY,1211.000000
2014,19153153121,ATTORNEY GENERAL,,WRITE IN,,5.000000
2014,19153153121,AUDITOR OF STATE,,JONATHAN NEIDERBACH,DEMOCRATIC PARTY,999.000000
2014,19153153121,AUDITOR OF STATE,,MARY MOSIMAN,REPUBLICAN PARTY,549.000000
2014,19153153121,AUDITOR OF STATE,,WRITE IN,,2.000000
2014,19153153121,GOVERNOR,,JACK HATCH MONICA VERNON,DEMOCRATIC PARTY,976.000000
2014,19153153121,GOVERNOR,,JIM HENNAGER MARY MARGARET KRIEG,NEW INDEPENDENT PARTY IOWA,14.000000
2014,19153153121,GOVERNOR,,JONATHAN R NARCISSE MICHAEL L RICHARDS,IOWA PARTY,37.000000
2014,19153153121,GOVERNOR,,LEE DEAKINS HIEB TIM WATSON,LIBERTARIAN PARTY,39.000000
2014,19153153121,GOVERNOR,,TERRY E BRANSTAD KIM REYNOLDS,REPUBLICAN PARTY,554.000000
2014,19153153121,GOVERNOR,,WRITE IN,,7.000000
2014,19153153121,SECRETARY OF AGRICULTURE,,BILL NORTHEY,REPUBLICAN PARTY,643.000000
2014,19153153121,SECRETARY OF AGRICULTURE,,LEVI BENNING,NEW INDEPENDENT PARTY IOWA,53.000000
2014,19153153121,SECRETARY OF AGRICULTURE,,SHERRIE TAHA,DEMOCRATIC PARTY,879.000000
2014,19153153121,SECRETARY OF AGRICULTURE,,WRITE IN,,1.000000
2014,19153153121,SECRETARY OF STATE,,BRAD ANDERSON,DEMOCRATIC PARTY,1109.000000
2014,19153153121,SECRETARY OF STATE,,JAKE PORTER,LIBERTARIAN PARTY,46.000000
2014,19153153121,SECRETARY OF STATE,,PAUL D PATE,REPUBLICAN PARTY,417.000000
2014,19153153121,SECRETARY OF STATE,,SPENCER HIGHLAND,NEW INDEPENDENT PARTY IOWA,24.000000
2014,19153153121,SECRETARY OF STATE,,WRITE IN,,1.000000
2014,19153153121,TREASURER OF STATE,,KEITH A LAUBE,LIBERTARIAN PARTY,45.000000
2014,19153153121,TREASURER OF STATE,,MICHAEL L FITZGERALD,DEMOCRATIC PARTY,1162.000000
2014,19153153121,TREASURER OF STATE,,SAM CLOVIS,REPUBLICAN PARTY,379.000000
2014,19153153121,TREASURER OF STATE,,WRITE IN,,2.000000
2014,19153153121,U S SENATE,,BOB QUAST,BOB QUAST FOR TERM LIMITS,11.000000
2014,19153153121,U S SENATE,,BRUCE BRALEY,DEMOCRATIC PARTY,1109.000000
2014,19153153121,U S SENATE,,DOUGLAS BUTZIER,LIBERTARIAN PARTY,9.000000
2014,19153153121,U S SENATE,,JONI ERNST,REPUBLICAN PARTY,469.000000
2014,19153153121,U S SENATE,,RICK STEWART,INDEPENDENT,31.000000
2014,19153153121,U S SENATE,,RUTH SMITH,,2.000000
2014,19153153121,U S SENATE,,WRITE IN,,2.000000
2014,19153153122,ATTORNEY GENERAL,,ADAM GREGG,REPUBLICAN PARTY,415.000000
2014,19153153122,ATTORNEY GENERAL,,TOM MILLER,DEMOCRATIC PARTY,957.000000
2014,19153153122,ATTORNEY GENERAL,,WRITE IN,,5.000000
2014,19153153122,AUDITOR OF STATE,,JONATHAN NEIDERBACH,DEMOCRATIC PARTY,758.000000
2014,19153153122,AUDITOR OF STATE,,MARY MOSIMAN,REPUBLICAN PARTY,562.000000
2014,19153153122,AUDITOR OF STATE,,WRITE IN,,5.000000
2014,19153153122,GOVERNOR,,JACK HATCH MONICA VERNON,DEMOCRATIC PARTY,731.000000
2014,19153153122,GOVERNOR,,JIM HENNAGER MARY MARGARET KRIEG,NEW INDEPENDENT PARTY IOWA,18.000000
2014,19153153122,GOVERNOR,,JONATHAN R NARCISSE MICHAEL L RICHARDS,IOWA PARTY,20.000000
2014,19153153122,GOVERNOR,,LEE DEAKINS HIEB TIM WATSON,LIBERTARIAN PARTY,33.000000
2014,19153153122,GOVERNOR,,TERRY E BRANSTAD KIM REYNOLDS,REPUBLICAN PARTY,590.000000
2014,19153153122,GOVERNOR,,WRITE IN,,5.000000
2014,19153153122,SECRETARY OF AGRICULTURE,,BILL NORTHEY,REPUBLICAN PARTY,644.000000
2014,19153153122,SECRETARY OF AGRICULTURE,,LEVI BENNING,NEW INDEPENDENT PARTY IOWA,51.000000
2014,19153153122,SECRETARY OF AGRICULTURE,,SHERRIE TAHA,DEMOCRATIC PARTY,661.000000
2014,19153153122,SECRETARY OF AGRICULTURE,,WRITE IN,,1.000000
2014,19153153122,SECRETARY OF STATE,,BRAD ANDERSON,DEMOCRATIC PARTY,839.000000
2014,19153153122,SECRETARY OF STATE,,JAKE PORTER,LIBERTARIAN PARTY,43.000000
2014,19153153122,SECRETARY OF STATE,,PAUL D PATE,REPUBLICAN PARTY,462.000000
2014,19153153122,SECRETARY OF STATE,,SPENCER HIGHLAND,NEW INDEPENDENT PARTY IOWA,26.000000
2014,19153153122,SECRETARY OF STATE,,WRITE IN,,1.000000
2014,19153153122,TREASURER OF STATE,,KEITH A LAUBE,LIBERTARIAN PARTY,40.000000
2014,19153153122,TREASURER OF STATE,,MICHAEL L FITZGERALD,DEMOCRATIC PARTY,902.000000
2014,19153153122,TREASURER OF STATE,,SAM CLOVIS,REPUBLICAN PARTY,418.000000
2014,19153153122,TREASURER OF STATE,,WRITE IN,,0.000000
2014,19153153122,U S SENATE,,BOB QUAST,BOB QUAST FOR TERM LIMITS,11.000000
2014,19153153122,U S SENATE,,BRUCE BRALEY,DEMOCRATIC PARTY,820.000000
2014,19153153122,U S SENATE,,DOUGLAS BUTZIER,LIBERTARIAN PARTY,6.000000
2014,19153153122,U S SENATE,,JONI ERNST,REPUBLICAN PARTY,520.000000
2014,19153153122,U S SENATE,,RICK STEWART,INDEPENDENT,31.000000
2014,19153153122,U S SENATE,,RUTH SMITH,,2.000000
2014,19153153122,U S SENATE,,WRITE IN,,6.000000
2014,19153153123,ATTORNEY GENERAL,,ADAM GREGG,REPUBLICAN PARTY,229.000000
2014,19153153123,ATTORNEY GENERAL,,TOM MILLER,DEMOCRATIC PARTY,829.000000
2014,19153153123,ATTORNEY GENERAL,,WRITE IN,,1.000000
2014,19153153123,AUDITOR OF STATE,,JONATHAN NEIDERBACH,DEMOCRATIC PARTY,681.000000
2014,19153153123,AUDITOR OF STATE,,MARY MOSIMAN,REPUBLICAN PARTY,339.000000
2014,19153153123,AUDITOR OF STATE,,WRITE IN,,6.000000
2014,19153153123,GOVERNOR,,JACK HATCH MONICA VERNON,DEMOCRATIC PARTY,667.000000
2014,19153153123,GOVERNOR,,JIM HENNAGER MARY MARGARET KRIEG,NEW INDEPENDENT PARTY IOWA,10.000000
2014,19153153123,GOVERNOR,,JONATHAN R NARCISSE MICHAEL L RICHARDS,IOWA PARTY,17.000000
2014,19153153123,GOVERNOR,,LEE DEAKINS HIEB TIM WATSON,LIBERTARIAN PARTY,16.000000
2014,19153153123,GOVERNOR,,TERRY E BRANSTAD KIM REYNOLDS,REPUBLICAN PARTY,364.000000
2014,19153153123,GOVERNOR,,WRITE IN,,4.000000
2014,19153153123,SECRETARY OF AGRICULTURE,,BILL NORTHEY,REPUBLICAN PARTY,396.000000
2014,19153153123,SECRETARY OF AGRICULTURE,,LEVI BENNING,NEW INDEPENDENT PARTY IOWA,45.000000
2014,19153153123,SECRETARY OF AGRICULTURE,,SHERRIE TAHA,DEMOCRATIC PARTY,603.000000
2014,19153153123,SECRETARY OF AGRICULTURE,,WRITE IN,,1.000000
2014,19153153123,SECRETARY OF STATE,,BRAD ANDERSON,DEMOCRATIC PARTY,731.000000
2014,19153153123,SECRETARY OF STATE,,JAKE PORTER,LIBERTARIAN PARTY,35.000000
2014,19153153123,SECRETARY OF STATE,,PAUL D PATE,REPUBLICAN PARTY,269.000000
2014,19153153123,SECRETARY OF STATE,,SPENCER HIGHLAND,NEW INDEPENDENT PARTY IOWA,25.000000
2014,19153153123,SECRETARY OF STATE,,WRITE IN,,0.000000
2014,19153153123,TREASURER OF STATE,,KEITH A LAUBE,LIBERTARIAN PARTY,38.000000
2014,19153153123,TREASURER OF STATE,,MICHAEL L FITZGERALD,DEMOCRATIC PARTY,799.000000
2014,19153153123,TREASURER OF STATE,,SAM CLOVIS,REPUBLICAN PARTY,221.000000
2014,19153153123,TREASURER OF STATE,,WRITE IN,,1.000000
2014,19153153123,U S SENATE,,BOB QUAST,BOB QUAST FOR TERM LIMITS,10.000000
2014,19153153123,U S SENATE,,BRUCE BRALEY,DEMOCRATIC PARTY,737.000000
2014,19153153123,U S SENATE,,DOUGLAS BUTZIER,LIBERTARIAN PARTY,3.000000
2014,19153153123,U S SENATE,,JONI ERNST,REPUBLICAN PARTY,303.000000
2014,19153153123,U S SENATE,,RICK STEWART,INDEPENDENT,23.000000
2014,19153153123,U S SENATE,,RUTH SMITH,,2.000000
2014,19153153123,U S SENATE,,WRITE IN,,0.000000
2014,19153153124,ATTORNEY GENERAL,,ADAM GREGG,REPUBLICAN PARTY,216.000000
2014,19153153124,ATTORNEY GENERAL,,TOM MILLER,DEMOCRATIC PARTY,834.000000
2014,19153153124,ATTORNEY GENERAL,,WRITE IN,,5.000000
2014,19153153124,AUDITOR OF STATE,,JONATHAN NEIDERBACH,DEMOCRATIC PARTY,713.000000
2014,19153153124,AUDITOR OF STATE,,MARY MOSIMAN,REPUBLICAN PARTY,317.000000
2014,19153153124,AUDITOR OF STATE,,WRITE IN,,3.000000
2014,19153153124,GOVERNOR,,JACK HATCH MONICA VERNON,DEMOCRATIC PARTY,734.000000
2014,19153153124,GOVERNOR,,JIM HENNAGER MARY MARGARET KRIEG,NEW INDEPENDENT PARTY IOWA,7.000000
2014,19153153124,GOVERNOR,,JONATHAN R NARCISSE MICHAEL L RICHARDS,IOWA PARTY,18.000000
2014,19153153124,GOVERNOR,,LEE DEAKINS HIEB TIM WATSON,LIBERTARIAN PARTY,35.000000
2014,19153153124,GOVERNOR,,TERRY E BRANSTAD KIM REYNOLDS,REPUBLICAN PARTY,292.000000
2014,19153153124,GOVERNOR,,WRITE IN,,2.000000
2014,19153153124,SECRETARY OF AGRICULTURE,,BILL NORTHEY,REPUBLICAN PARTY,339.000000
2014,19153153124,SECRETARY OF AGRICULTURE,,LEVI BENNING,NEW INDEPENDENT PARTY IOWA,47.000000
2014,19153153124,SECRETARY OF AGRICULTURE,,SHERRIE TAHA,DEMOCRATIC PARTY,665.000000
2014,19153153124,SECRETARY OF AGRICULTURE,,WRITE IN,,2.000000
2014,19153153124,SECRETARY OF STATE,,BRAD ANDERSON,DEMOCRATIC PARTY,772.000000
2014,19153153124,SECRETARY OF STATE,,JAKE PORTER,LIBERTARIAN PARTY,41.000000
2014,19153153124,SECRETARY OF STATE,,PAUL D PATE,REPUBLICAN PARTY,229.000000
2014,19153153124,SECRETARY OF STATE,,SPENCER HIGHLAND,NEW INDEPENDENT PARTY IOWA,18.000000
2014,19153153124,SECRETARY OF STATE,,WRITE IN,,1.000000
2014,19153153124,TREASURER OF STATE,,KEITH A LAUBE,LIBERTARIAN PARTY,43.000000
2014,19153153124,TREASURER OF STATE,,MICHAEL L FITZGERALD,DEMOCRATIC PARTY,791.000000
2014,19153153124,TREASURER OF STATE,,SAM CLOVIS,REPUBLICAN PARTY,219.000000
2014,19153153124,TREASURER OF STATE,,WRITE IN,,1.000000
2014,19153153124,U S SENATE,,BOB QUAST,BOB QUAST FOR TERM LIMITS,4.000000
2014,19153153124,U S SENATE,,BRUCE BRALEY,DEMOCRATIC PARTY,785.000000
2014,19153153124,U S SENATE,,DOUGLAS BUTZIER,LIBERTARIAN PARTY,11.000000
2014,19153153124,U S SENATE,,JONI ERNST,REPUBLICAN PARTY,266.000000
2014,19153153124,U S SENATE,,RICK STEWART,INDEPENDENT,22.000000
2014,19153153124,U S SENATE,,RUTH SMITH,,4.000000
2014,19153153124,U S SENATE,,WRITE IN,,0.000000
2014,19153153125,ATTORNEY GENERAL,,ADAM GREGG,REPUBLICAN PARTY,67.000000
2014,19153153125,ATTORNEY GENERAL,,TOM MILLER,DEMOCRATIC PARTY,357.000000
2014,19153153125,ATTORNEY GENERAL,,WRITE IN,,4.000000
2014,19153153125,AUDITOR OF STATE,,JONATHAN NEIDERBACH,DEMOCRATIC PARTY,322.000000
2014,19153153125,AUDITOR OF STATE,,MARY MOSIMAN,REPUBLICAN PARTY,94.000000
2014,19153153125,AUDITOR OF STATE,,WRITE IN,,3.000000
2014,19153153125,GOVERNOR,,JACK HATCH MONICA VERNON,DEMOCRATIC PARTY,311.000000
2014,19153153125,GOVERNOR,,JIM HENNAGER MARY MARGARET KRIEG,NEW INDEPENDENT PARTY IOWA,7.000000
2014,19153153125,GOVERNOR,,JONATHAN R NARCISSE MICHAEL L RICHARDS,IOWA PARTY,23.000000
2014,19153153125,GOVERNOR,,LEE DEAKINS HIEB TIM WATSON,LIBERTARIAN PARTY,8.000000
2014,19153153125,GOVERNOR,,TERRY E BRANSTAD KIM REYNOLDS,REPUBLICAN PARTY,90.000000
2014,19153153125,GOVERNOR,,WRITE IN,,3.000000
2014,19153153125,SECRETARY OF AGRICULTURE,,BILL NORTHEY,REPUBLICAN PARTY,121.000000
2014,19153153125,SECRETARY OF AGRICULTURE,,LEVI BENNING,NEW INDEPENDENT PARTY IOWA,20.000000
2014,19153153125,SECRETARY OF AGRICULTURE,,SHERRIE TAHA,DEMOCRATIC PARTY,285.000000
2014,19153153125,SECRETARY OF AGRICULTURE,,WRITE IN,,3.000000
2014,19153153125,SECRETARY OF STATE,,BRAD ANDERSON,DEMOCRATIC PARTY,329.000000
2014,19153153125,SECRETARY OF STATE,,JAKE PORTER,LIBERTARIAN PARTY,18.000000
2014,19153153125,SECRETARY OF STATE,,PAUL D PATE,REPUBLICAN PARTY,78.000000
2014,19153153125,SECRETARY OF STATE,,SPENCER HIGHLAND,NEW INDEPENDENT PARTY IOWA,8.000000
2014,19153153125,SECRETARY OF STATE,,WRITE IN,,2.000000
2014,19153153125,TREASURER OF STATE,,KEITH A LAUBE,LIBERTARIAN PARTY,21.000000
2014,19153153125,TREASURER OF STATE,,MICHAEL L FITZGERALD,DEMOCRATIC PARTY,337.000000
2014,19153153125,TREASURER OF STATE,,SAM CLOVIS,REPUBLICAN PARTY,72.000000
2014,19153153125,TREASURER OF STATE,,WRITE IN,,2.000000
2014,19153153125,U S SENATE,,BOB QUAST,BOB QUAST FOR TERM LIMITS,6.000000
2014,19153153125,U S SENATE,,BRUCE BRALEY,DEMOCRATIC PARTY,352.000000
2014,19153153125,U S SENATE,,DOUGLAS BUTZIER,LIBERTARIAN PARTY,4.000000
2014,19153153125,U S SENATE,,JONI ERNST,REPUBLICAN PARTY,74.000000
2014,19153153125,U S SENATE,,RICK STEWART,INDEPENDENT,9.000000
2014,19153153125,U S SENATE,,RUTH SMITH,,4.000000
2014,19153153125,U S SENATE,,WRITE IN,,1.000000
2014,19153153126,ATTORNEY GENERAL,,ADAM GREGG,REPUBLICAN PARTY,111.000000
2014,19153153126,ATTORNEY GENERAL,,TOM MILLER,DEMOCRATIC PARTY,506.000000
2014,19153153126,ATTORNEY GENERAL,,WRITE IN,,1.000000
2014,19153153126,AUDITOR OF STATE,,JONATHAN NEIDERBACH,DEMOCRATIC PARTY,448.000000
2014,19153153126,AUDITOR OF STATE,,MARY MOSIMAN,REPUBLICAN PARTY,146.000000
2014,19153153126,AUDITOR OF STATE,,WRITE IN,,2.000000
2014,19153153126,GOVERNOR,,JACK HATCH MONICA VERNON,DEMOCRATIC PARTY,419.000000
2014,19153153126,GOVERNOR,,JIM HENNAGER MARY MARGARET KRIEG,NEW INDEPENDENT PARTY IOWA,3.000000
2014,19153153126,GOVERNOR,,JONATHAN R NARCISSE MICHAEL L RICHARDS,IOWA PARTY,33.000000
2014,19153153126,GOVERNOR,,LEE DEAKINS HIEB TIM WATSON,LIBERTARIAN PARTY,3.000000
2014,19153153126,GOVERNOR,,TERRY E BRANSTAD KIM REYNOLDS,REPUBLICAN PARTY,159.000000
2014,19153153126,GOVERNOR,,WRITE IN,,3.000000
2014,19153153126,SECRETARY OF AGRICULTURE,,BILL NORTHEY,REPUBLICAN PARTY,178.000000
2014,19153153126,SECRETARY OF AGRICULTURE,,LEVI BENNING,NEW INDEPENDENT PARTY IOWA,19.000000
2014,19153153126,SECRETARY OF AGRICULTURE,,SHERRIE TAHA,DEMOCRATIC PARTY,408.000000
2014,19153153126,SECRETARY OF AGRICULTURE,,WRITE IN,,1.000000
2014,19153153126,SECRETARY OF STATE,,BRAD ANDERSON,DEMOCRATIC PARTY,474.000000
2014,19153153126,SECRETARY OF STATE,,JAKE PORTER,LIBERTARIAN PARTY,13.000000
2014,19153153126,SECRETARY OF STATE,,PAUL D PATE,REPUBLICAN PARTY,117.000000
2014,19153153126,SECRETARY OF STATE,,SPENCER HIGHLAND,NEW INDEPENDENT PARTY IOWA,6.000000
2014,19153153126,SECRETARY OF STATE,,WRITE IN,,0.000000
2014,19153153126,TREASURER OF STATE,,KEITH A LAUBE,LIBERTARIAN PARTY,14.000000
2014,19153153126,TREASURER OF STATE,,MICHAEL L FITZGERALD,DEMOCRATIC PARTY,487.000000
2014,19153153126,TREASURER OF STATE,,SAM CLOVIS,REPUBLICAN PARTY,106.000000
2014,19153153126,TREASURER OF STATE,,WRITE IN,,2.000000
2014,19153153126,U S SENATE,,BOB QUAST,BOB QUAST FOR TERM LIMITS,0.000000
2014,19153153126,U S SENATE,,BRUCE BRALEY,DEMOCRATIC PARTY,477.000000
2014,19153153126,U S SENATE,,DOUGLAS BUTZIER,LIBERTARIAN PARTY,1.000000
2014,19153153126,U S SENATE,,JONI ERNST,REPUBLICAN PARTY,132.000000
2014,19153153126,U S SENATE,,RICK STEWART,INDEPENDENT,12.000000
2014,19153153126,U S SENATE,,RUTH SMITH,,2.000000
2014,19153153126,U S SENATE,,WRITE IN,,1.000000
2014,19153153127,ATTORNEY GENERAL,,ADAM GREGG,REPUBLICAN PARTY,99.000000
2014,19153153127,ATTORNEY GENERAL,,TOM MILLER,DEMOCRATIC PARTY,345.000000
2014,19153153127,ATTORNEY GENERAL,,WRITE IN,,2.000000
2014,19153153127,AUDITOR OF STATE,,JONATHAN NEIDERBACH,DEMOCRATIC PARTY,316.000000
2014,19153153127,AUDITOR OF STATE,,MARY MOSIMAN,REPUBLICAN PARTY,124.000000
2014,19153153127,AUDITOR OF STATE,,WRITE IN,,1.000000
2014,19153153127,GOVERNOR,,JACK HATCH MONICA VERNON,DEMOCRATIC PARTY,306.000000
2014,19153153127,GOVERNOR,,JIM HENNAGER MARY MARGARET KRIEG,NEW INDEPENDENT PARTY IOWA,5.000000
2014,19153153127,GOVERNOR,,JONATHAN R NARCISSE MICHAEL L RICHARDS,IOWA PARTY,11.000000
2014,19153153127,GOVERNOR,,LEE DEAKINS HIEB TIM WATSON,LIBERTARIAN PARTY,8.000000
2014,19153153127,GOVERNOR,,TERRY E BRANSTAD KIM REYNOLDS,REPUBLICAN PARTY,130.000000
2014,19153153127,GOVERNOR,,WRITE IN,,2.000000
2014,19153153127,SECRETARY OF AGRICULTURE,,BILL NORTHEY,REPUBLICAN PARTY,138.000000
2014,19153153127,SECRETARY OF AGRICULTURE,,LEVI BENNING,NEW INDEPENDENT PARTY IOWA,20.000000
2014,19153153127,SECRETARY OF AGRICULTURE,,SHERRIE TAHA,DEMOCRATIC PARTY,289.000000
2014,19153153127,SECRETARY OF AGRICULTURE,,WRITE IN,,1.000000
2014,19153153127,SECRETARY OF STATE,,BRAD ANDERSON,DEMOCRATIC PARTY,333.000000
2014,19153153127,SECRETARY OF STATE,,JAKE PORTER,LIBERTARIAN PARTY,13.000000
2014,19153153127,SECRETARY OF STATE,,PAUL D PATE,REPUBLICAN PARTY,97.000000
2014,19153153127,SECRETARY OF STATE,,SPENCER HIGHLAND,NEW INDEPENDENT PARTY IOWA,11.000000
2014,19153153127,SECRETARY OF STATE,,WRITE IN,,1.000000
2014,19153153127,TREASURER OF STATE,,KEITH A LAUBE,LIBERTARIAN PARTY,14.000000
2014,19153153127,TREASURER OF STATE,,MICHAEL L FITZGERALD,DEMOCRATIC PARTY,348.000000
2014,19153153127,TREASURER OF STATE,,SAM CLOVIS,REPUBLICAN PARTY,90.000000
2014,19153153127,TREASURER OF STATE,,WRITE IN,,0.000000
2014,19153153127,U S SENATE,,BOB QUAST,BOB QUAST FOR TERM LIMITS,5.000000
2014,19153153127,U S SENATE,,BRUCE BRALEY,DEMOCRATIC PARTY,342.000000
2014,19153153127,U S SENATE,,DOUGLAS BUTZIER,LIBERTARIAN PARTY,3.000000
2014,19153153127,U S SENATE,,JONI ERNST,REPUBLICAN PARTY,102.000000
2014,19153153127,U S SENATE,,RICK STEWART,INDEPENDENT,10.000000
2014,19153153127,U S SENATE,,RUTH SMITH,,4.000000
2014,19153153127,U S SENATE,,WRITE IN,,2.000000
2014,19153153128,ATTORNEY GENERAL,,ADAM GREGG,REPUBLICAN PARTY,20.000000
2014,19153153128,ATTORNEY GENERAL,,TOM MILLER,DEMOCRATIC PARTY,87.000000
2014,19153153128,ATTORNEY GENERAL,,WRITE IN,,0.000000
2014,19153153128,AUDITOR OF STATE,,JONATHAN NEIDERBACH,DEMOCRATIC PARTY,74.000000
2014,19153153128,AUDITOR OF STATE,,MARY MOSIMAN,REPUBLICAN PARTY,29.000000
2014,19153153128,AUDITOR OF STATE,,WRITE IN,,0.000000
2014,19153153128,GOVERNOR,,JACK HATCH MONICA VERNON,DEMOCRATIC PARTY,72.000000
2014,19153153128,GOVERNOR,,JIM HENNAGER MARY MARGARET KRIEG,NEW INDEPENDENT PARTY IOWA,1.000000
2014,19153153128,GOVERNOR,,JONATHAN R NARCISSE MICHAEL L RICHARDS,IOWA PARTY,6.000000
2014,19153153128,GOVERNOR,,LEE DEAKINS HIEB TIM WATSON,LIBERTARIAN PARTY,1.000000
2014,19153153128,GOVERNOR,,TERRY E BRANSTAD KIM REYNOLDS,REPUBLICAN PARTY,28.000000
2014,19153153128,GOVERNOR,,WRITE IN,,0.000000
2014,19153153128,SECRETARY OF AGRICULTURE,,BILL NORTHEY,REPUBLICAN PARTY,26.000000
2014,19153153128,SECRETARY OF AGRICULTURE,,LEVI BENNING,NEW INDEPENDENT PARTY IOWA,0.000000
2014,19153153128,SECRETARY OF AGRICULTURE,,SHERRIE TAHA,DEMOCRATIC PARTY,78.000000
2014,19153153128,SECRETARY OF AGRICULTURE,,WRITE IN,,0.000000
2014,19153153128,SECRETARY OF STATE,,BRAD ANDERSON,DEMOCRATIC PARTY,81.000000
2014,19153153128,SECRETARY OF STATE,,JAKE PORTER,LIBERTARIAN PARTY,2.000000
2014,19153153128,SECRETARY OF STATE,,PAUL D PATE,REPUBLICAN PARTY,21.000000
2014,19153153128,SECRETARY OF STATE,,SPENCER HIGHLAND,NEW INDEPENDENT PARTY IOWA,2.000000
2014,19153153128,SECRETARY OF STATE,,WRITE IN,,0.000000
2014,19153153128,TREASURER OF STATE,,KEITH A LAUBE,LIBERTARIAN PARTY,0.000000
2014,19153153128,TREASURER OF STATE,,MICHAEL L FITZGERALD,DEMOCRATIC PARTY,86.000000
2014,19153153128,TREASURER OF STATE,,SAM CLOVIS,REPUBLICAN PARTY,20.000000
2014,19153153128,TREASURER OF STATE,,WRITE IN,,0.000000
2014,19153153128,U S SENATE,,BOB QUAST,BOB QUAST FOR TERM LIMITS,0.000000
2014,19153153128,U S SENATE,,BRUCE BRALEY,DEMOCRATIC PARTY,83.000000
2014,19153153128,U S SENATE,,DOUGLAS BUTZIER,LIBERTARIAN PARTY,0.000000
2014,19153153128,U S SENATE,,JONI ERNST,REPUBLICAN PARTY,22.000000
2014,19153153128,U S SENATE,,RICK STEWART,INDEPENDENT,3.000000
2014,19153153128,U S SENATE,,RUTH SMITH,,0.000000
2014,19153153128,U S SENATE,,WRITE IN,,0.000000
2014,19153153129,ATTORNEY GENERAL,,ADAM GREGG,REPUBLICAN PARTY,63.000000
2014,19153153129,ATTORNEY GENERAL,,TOM MILLER,DEMOCRATIC PARTY,233.000000
2014,19153153129,ATTORNEY GENERAL,,WRITE IN,,0.000000
2014,19153153129,AUDITOR OF STATE,,JONATHAN NEIDERBACH,DEMOCRATIC PARTY,198.000000
2014,19153153129,AUDITOR OF STATE,,MARY MOSIMAN,REPUBLICAN PARTY,87.000000
2014,19153153129,AUDITOR OF STATE,,WRITE IN,,1.000000
2014,19153153129,GOVERNOR,,JACK HATCH MONICA VERNON,DEMOCRATIC PARTY,194.000000
2014,19153153129,GOVERNOR,,JIM HENNAGER MARY MARGARET KRIEG,NEW INDEPENDENT PARTY IOWA,3.000000
2014,19153153129,GOVERNOR,,JONATHAN R NARCISSE MICHAEL L RICHARDS,IOWA PARTY,4.000000
2014,19153153129,GOVERNOR,,LEE DEAKINS HIEB TIM WATSON,LIBERTARIAN PARTY,4.000000
2014,19153153129,GOVERNOR,,TERRY E BRANSTAD KIM REYNOLDS,REPUBLICAN PARTY,94.000000
2014,19153153129,GOVERNOR,,WRITE IN,,0.000000
2014,19153153129,SECRETARY OF AGRICULTURE,,BILL NORTHEY,REPUBLICAN PARTY,105.000000
2014,19153153129,SECRETARY OF AGRICULTURE,,LEVI BENNING,NEW INDEPENDENT PARTY IOWA,12.000000
2014,19153153129,SECRETARY OF AGRICULTURE,,SHERRIE TAHA,DEMOCRATIC PARTY,174.000000
2014,19153153129,SECRETARY OF AGRICULTURE,,WRITE IN,,0.000000
2014,19153153129,SECRETARY OF STATE,,BRAD ANDERSON,DEMOCRATIC PARTY,205.000000
2014,19153153129,SECRETARY OF STATE,,JAKE PORTER,LIBERTARIAN PARTY,9.000000
2014,19153153129,SECRETARY OF STATE,,PAUL D PATE,REPUBLICAN PARTY,70.000000
2014,19153153129,SECRETARY OF STATE,,SPENCER HIGHLAND,NEW INDEPENDENT PARTY IOWA,10.000000
2014,19153153129,SECRETARY OF STATE,,WRITE IN,,0.000000
2014,19153153129,TREASURER OF STATE,,KEITH A LAUBE,LIBERTARIAN PARTY,7.000000
2014,19153153129,TREASURER OF STATE,,MICHAEL L FITZGERALD,DEMOCRATIC PARTY,224.000000
2014,19153153129,TREASURER OF STATE,,SAM CLOVIS,REPUBLICAN PARTY,63.000000
2014,19153153129,TREASURER OF STATE,,WRITE IN,,0.000000
2014,19153153129,U S SENATE,,BOB QUAST,BOB QUAST FOR TERM LIMITS,0.000000
2014,19153153129,U S SENATE,,BRUCE BRALEY,DEMOCRATIC PARTY,201.000000
2014,19153153129,U S SENATE,,DOUGLAS BUTZIER,LIBERTARIAN PARTY,1.000000
2014,19153153129,U S SENATE,,JONI ERNST,REPUBLICAN PARTY,81.000000
2014,19153153129,U S SENATE,,RICK STEWART,INDEPENDENT,9.000000
2014,19153153129,U S SENATE,,RUTH SMITH,,3.000000
2014,19153153129,U S SENATE,,WRITE IN,,1.000000
2014,19153153130,ATTORNEY GENERAL,,ADAM GREGG,REPUBLICAN PARTY,204.000000
2014,19153153130,ATTORNEY GENERAL,,TOM MILLER,DEMOCRATIC PARTY,474.000000
2014,19153153130,ATTORNEY GENERAL,,WRITE IN,,1.000000
2014,19153153130,AUDITOR OF STATE,,JONATHAN NEIDERBACH,DEMOCRATIC PARTY,391.000000
2014,19153153130,AUDITOR OF STATE,,MARY MOSIMAN,REPUBLICAN PARTY,270.000000
2014,19153153130,AUDITOR OF STATE,,WRITE IN,,0.000000
2014,19153153130,GOVERNOR,,JACK HATCH MONICA VERNON,DEMOCRATIC PARTY,357.000000
2014,19153153130,GOVERNOR,,JIM HENNAGER MARY MARGARET KRIEG,NEW INDEPENDENT PARTY IOWA,10.000000
2014,19153153130,GOVERNOR,,JONATHAN R NARCISSE MICHAEL L RICHARDS,IOWA PARTY,8.000000
2014,19153153130,GOVERNOR,,LEE DEAKINS HIEB TIM WATSON,LIBERTARIAN PARTY,15.000000
2014,19153153130,GOVERNOR,,TERRY E BRANSTAD KIM REYNOLDS,REPUBLICAN PARTY,295.000000
2014,19153153130,GOVERNOR,,WRITE IN,,0.000000
2014,19153153130,SECRETARY OF AGRICULTURE,,BILL NORTHEY,REPUBLICAN PARTY,308.000000
2014,19153153130,SECRETARY OF AGRICULTURE,,LEVI BENNING,NEW INDEPENDENT PARTY IOWA,30.000000
2014,19153153130,SECRETARY OF AGRICULTURE,,SHERRIE TAHA,DEMOCRATIC PARTY,332.000000
2014,19153153130,SECRETARY OF AGRICULTURE,,WRITE IN,,1.000000
2014,19153153130,SECRETARY OF STATE,,BRAD ANDERSON,DEMOCRATIC PARTY,401.000000
2014,19153153130,SECRETARY OF STATE,,JAKE PORTER,LIBERTARIAN PARTY,29.000000
2014,19153153130,SECRETARY OF STATE,,PAUL D PATE,REPUBLICAN PARTY,221.000000
2014,19153153130,SECRETARY OF STATE,,SPENCER HIGHLAND,NEW INDEPENDENT PARTY IOWA,18.000000
2014,19153153130,SECRETARY OF STATE,,WRITE IN,,0.000000
2014,19153153130,TREASURER OF STATE,,KEITH A LAUBE,LIBERTARIAN PARTY,21.000000
2014,19153153130,TREASURER OF STATE,,MICHAEL L FITZGERALD,DEMOCRATIC PARTY,451.000000
2014,19153153130,TREASURER OF STATE,,SAM CLOVIS,REPUBLICAN PARTY,204.000000
2014,19153153130,TREASURER OF STATE,,WRITE IN,,0.000000
2014,19153153130,U S SENATE,,BOB QUAST,BOB QUAST FOR TERM LIMITS,2.000000
2014,19153153130,U S SENATE,,BRUCE BRALEY,DEMOCRATIC PARTY,396.000000
2014,19153153130,U S SENATE,,DOUGLAS BUTZIER,LIBERTARIAN PARTY,2.000000
2014,19153153130,U S SENATE,,JONI ERNST,REPUBLICAN PARTY,263.000000
2014,19153153130,U S SENATE,,RICK STEWART,INDEPENDENT,21.000000
2014,19153153130,U S SENATE,,RUTH SMITH,,1.000000
2014,19153153130,U S SENATE,,WRITE IN,,0.000000
2014,19153153131,ATTORNEY GENERAL,,ADAM GREGG,REPUBLICAN PARTY,120.000000
2014,19153153131,ATTORNEY GENERAL,,TOM MILLER,DEMOCRATIC PARTY,306.000000
2014,19153153131,ATTORNEY GENERAL,,WRITE IN,,2.000000
2014,19153153131,AUDITOR OF STATE,,JONATHAN NEIDERBACH,DEMOCRATIC PARTY,260.000000
2014,19153153131,AUDITOR OF STATE,,MARY MOSIMAN,REPUBLICAN PARTY,156.000000
2014,19153153131,AUDITOR OF STATE,,WRITE IN,,2.000000
2014,19153153131,GOVERNOR,,JACK HATCH MONICA VERNON,DEMOCRATIC PARTY,248.000000
2014,19153153131,GOVERNOR,,JIM HENNAGER MARY MARGARET KRIEG,NEW INDEPENDENT PARTY IOWA,5.000000
2014,19153153131,GOVERNOR,,JONATHAN R NARCISSE MICHAEL L RICHARDS,IOWA PARTY,14.000000
2014,19153153131,GOVERNOR,,LEE DEAKINS HIEB TIM WATSON,LIBERTARIAN PARTY,8.000000
2014,19153153131,GOVERNOR,,TERRY E BRANSTAD KIM REYNOLDS,REPUBLICAN PARTY,159.000000
2014,19153153131,GOVERNOR,,WRITE IN,,1.000000
2014,19153153131,SECRETARY OF AGRICULTURE,,BILL NORTHEY,REPUBLICAN PARTY,174.000000
2014,19153153131,SECRETARY OF AGRICULTURE,,LEVI BENNING,NEW INDEPENDENT PARTY IOWA,26.000000
2014,19153153131,SECRETARY OF AGRICULTURE,,SHERRIE TAHA,DEMOCRATIC PARTY,225.000000
2014,19153153131,SECRETARY OF AGRICULTURE,,WRITE IN,,2.000000
2014,19153153131,SECRETARY OF STATE,,BRAD ANDERSON,DEMOCRATIC PARTY,267.000000
2014,19153153131,SECRETARY OF STATE,,JAKE PORTER,LIBERTARIAN PARTY,15.000000
2014,19153153131,SECRETARY OF STATE,,PAUL D PATE,REPUBLICAN PARTY,135.000000
2014,19153153131,SECRETARY OF STATE,,SPENCER HIGHLAND,NEW INDEPENDENT PARTY IOWA,13.000000
2014,19153153131,SECRETARY OF STATE,,WRITE IN,,1.000000
2014,19153153131,TREASURER OF STATE,,KEITH A LAUBE,LIBERTARIAN PARTY,11.000000
2014,19153153131,TREASURER OF STATE,,MICHAEL L FITZGERALD,DEMOCRATIC PARTY,299.000000
2014,19153153131,TREASURER OF STATE,,SAM CLOVIS,REPUBLICAN PARTY,116.000000
2014,19153153131,TREASURER OF STATE,,WRITE IN,,1.000000
2014,19153153131,U S SENATE,,BOB QUAST,BOB QUAST FOR TERM LIMITS,5.000000
2014,19153153131,U S SENATE,,BRUCE BRALEY,DEMOCRATIC PARTY,259.000000
2014,19153153131,U S SENATE,,DOUGLAS BUTZIER,LIBERTARIAN PARTY,5.000000
2014,19153153131,U S SENATE,,JONI ERNST,REPUBLICAN PARTY,148.000000
2014,19153153131,U S SENATE,,RICK STEWART,INDEPENDENT,15.000000
2014,19153153131,U S SENATE,,RUTH SMITH,,1.000000
2014,19153153131,U S SENATE,,WRITE IN,,1.000000
2014,19153153132,ATTORNEY GENERAL,,ADAM GREGG,REPUBLICAN PARTY,111.000000
2014,19153153132,ATTORNEY GENERAL,,TOM MILLER,DEMOCRATIC PARTY,321.000000
2014,19153153132,ATTORNEY GENERAL,,WRITE IN,,2.000000
2014,19153153132,AUDITOR OF STATE,,JONATHAN NEIDERBACH,DEMOCRATIC PARTY,277.000000
2014,19153153132,AUDITOR OF STATE,,MARY MOSIMAN,REPUBLICAN PARTY,152.000000
2014,19153153132,AUDITOR OF STATE,,WRITE IN,,1.000000
2014,19153153132,GOVERNOR,,JACK HATCH MONICA VERNON,DEMOCRATIC PARTY,271.000000
2014,19153153132,GOVERNOR,,JIM HENNAGER MARY MARGARET KRIEG,NEW INDEPENDENT PARTY IOWA,9.000000
2014,19153153132,GOVERNOR,,JONATHAN R NARCISSE MICHAEL L RICHARDS,IOWA PARTY,5.000000
2014,19153153132,GOVERNOR,,LEE DEAKINS HIEB TIM WATSON,LIBERTARIAN PARTY,7.000000
2014,19153153132,GOVERNOR,,TERRY E BRANSTAD KIM REYNOLDS,REPUBLICAN PARTY,155.000000
2014,19153153132,GOVERNOR,,WRITE IN,,0.000000
2014,19153153132,SECRETARY OF AGRICULTURE,,BILL NORTHEY,REPUBLICAN PARTY,151.000000
2014,19153153132,SECRETARY OF AGRICULTURE,,LEVI BENNING,NEW INDEPENDENT PARTY IOWA,25.000000
2014,19153153132,SECRETARY OF AGRICULTURE,,SHERRIE TAHA,DEMOCRATIC PARTY,255.000000
2014,19153153132,SECRETARY OF AGRICULTURE,,WRITE IN,,0.000000
2014,19153153132,SECRETARY OF STATE,,BRAD ANDERSON,DEMOCRATIC PARTY,282.000000
2014,19153153132,SECRETARY OF STATE,,JAKE PORTER,LIBERTARIAN PARTY,11.000000
2014,19153153132,SECRETARY OF STATE,,PAUL D PATE,REPUBLICAN PARTY,126.000000
2014,19153153132,SECRETARY OF STATE,,SPENCER HIGHLAND,NEW INDEPENDENT PARTY IOWA,16.000000
2014,19153153132,SECRETARY OF STATE,,WRITE IN,,0.000000
2014,19153153132,TREASURER OF STATE,,KEITH A LAUBE,LIBERTARIAN PARTY,10.000000
2014,19153153132,TREASURER OF STATE,,MICHAEL L FITZGERALD,DEMOCRATIC PARTY,313.000000
2014,19153153132,TREASURER OF STATE,,SAM CLOVIS,REPUBLICAN PARTY,111.000000
2014,19153153132,TREASURER OF STATE,,WRITE IN,,0.000000
2014,19153153132,U S SENATE,,BOB QUAST,BOB QUAST FOR TERM LIMITS,3.000000
2014,19153153132,U S SENATE,,BRUCE BRALEY,DEMOCRATIC PARTY,275.000000
2014,19153153132,U S SENATE,,DOUGLAS BUTZIER,LIBERTARIAN PARTY,2.000000
2014,19153153132,U S SENATE,,JONI ERNST,REPUBLICAN PARTY,152.000000
2014,19153153132,U S SENATE,,RICK STEWART,INDEPENDENT,9.000000
2014,19153153132,U S SENATE,,RUTH SMITH,,2.000000
2014,19153153132,U S SENATE,,WRITE IN,,0.000000
2014,19153153133,ATTORNEY GENERAL,,ADAM GREGG,REPUBLICAN PARTY,95.000000
2014,19153153133,ATTORNEY GENERAL,,TOM MILLER,DEMOCRATIC PARTY,303.000000
2014,19153153133,ATTORNEY GENERAL,,WRITE IN,,0.000000
2014,19153153133,AUDITOR OF STATE,,JONATHAN NEIDERBACH,DEMOCRATIC PARTY,248.000000
2014,19153153133,AUDITOR OF STATE,,MARY MOSIMAN,REPUBLICAN PARTY,130.000000
2014,19153153133,AUDITOR OF STATE,,WRITE IN,,2.000000
2014,19153153133,GOVERNOR,,JACK HATCH MONICA VERNON,DEMOCRATIC PARTY,247.000000
2014,19153153133,GOVERNOR,,JIM HENNAGER MARY MARGARET KRIEG,NEW INDEPENDENT PARTY IOWA,4.000000
2014,19153153133,GOVERNOR,,JONATHAN R NARCISSE MICHAEL L RICHARDS,IOWA PARTY,10.000000
2014,19153153133,GOVERNOR,,LEE DEAKINS HIEB TIM WATSON,LIBERTARIAN PARTY,9.000000
2014,19153153133,GOVERNOR,,TERRY E BRANSTAD KIM REYNOLDS,REPUBLICAN PARTY,135.000000
2014,19153153133,GOVERNOR,,WRITE IN,,0.000000
2014,19153153133,SECRETARY OF AGRICULTURE,,BILL NORTHEY,REPUBLICAN PARTY,147.000000
2014,19153153133,SECRETARY OF AGRICULTURE,,LEVI BENNING,NEW INDEPENDENT PARTY IOWA,14.000000
2014,19153153133,SECRETARY OF AGRICULTURE,,SHERRIE TAHA,DEMOCRATIC PARTY,222.000000
2014,19153153133,SECRETARY OF AGRICULTURE,,WRITE IN,,1.000000
2014,19153153133,SECRETARY OF STATE,,BRAD ANDERSON,DEMOCRATIC PARTY,256.000000
2014,19153153133,SECRETARY OF STATE,,JAKE PORTER,LIBERTARIAN PARTY,11.000000
2014,19153153133,SECRETARY OF STATE,,PAUL D PATE,REPUBLICAN PARTY,107.000000
2014,19153153133,SECRETARY OF STATE,,SPENCER HIGHLAND,NEW INDEPENDENT PARTY IOWA,12.000000
2014,19153153133,SECRETARY OF STATE,,WRITE IN,,0.000000
2014,19153153133,TREASURER OF STATE,,KEITH A LAUBE,LIBERTARIAN PARTY,9.000000
2014,19153153133,TREASURER OF STATE,,MICHAEL L FITZGERALD,DEMOCRATIC PARTY,288.000000
2014,19153153133,TREASURER OF STATE,,SAM CLOVIS,REPUBLICAN PARTY,97.000000
2014,19153153133,TREASURER OF STATE,,WRITE IN,,0.000000
2014,19153153133,U S SENATE,,BOB QUAST,BOB QUAST FOR TERM LIMITS,3.000000
2014,19153153133,U S SENATE,,BRUCE BRALEY,DEMOCRATIC PARTY,251.000000
2014,19153153133,U S SENATE,,DOUGLAS BUTZIER,LIBERTARIAN PARTY,2.000000
2014,19153153133,U S SENATE,,JONI ERNST,REPUBLICAN PARTY,134.000000
2014,19153153133,U S SENATE,,RICK STEWART,INDEPENDENT,12.000000
2014,19153153133,U S SENATE,,RUTH SMITH,,0.000000
2014,19153153133,U S SENATE,,WRITE IN,,2.000000
2014,19153153134,ATTORNEY GENERAL,,ADAM GREGG,REPUBLICAN PARTY,60.000000
2014,19153153134,ATTORNEY GENERAL,,TOM MILLER,DEMOCRATIC PARTY,220.000000
2014,19153153134,ATTORNEY GENERAL,,WRITE IN,,3.000000
2014,19153153134,AUDITOR OF STATE,,JONATHAN NEIDERBACH,DEMOCRATIC PARTY,201.000000
2014,19153153134,AUDITOR OF STATE,,MARY MOSIMAN,REPUBLICAN PARTY,73.000000
2014,19153153134,AUDITOR OF STATE,,WRITE IN,,0.000000
2014,19153153134,GOVERNOR,,JACK HATCH MONICA VERNON,DEMOCRATIC PARTY,185.000000
2014,19153153134,GOVERNOR,,JIM HENNAGER MARY MARGARET KRIEG,NEW INDEPENDENT PARTY IOWA,5.000000
2014,19153153134,GOVERNOR,,JONATHAN R NARCISSE MICHAEL L RICHARDS,IOWA PARTY,7.000000
2014,19153153134,GOVERNOR,,LEE DEAKINS HIEB TIM WATSON,LIBERTARIAN PARTY,2.000000
2014,19153153134,GOVERNOR,,TERRY E BRANSTAD KIM REYNOLDS,REPUBLICAN PARTY,91.000000
2014,19153153134,GOVERNOR,,WRITE IN,,0.000000
2014,19153153134,SECRETARY OF AGRICULTURE,,BILL NORTHEY,REPUBLICAN PARTY,85.000000
2014,19153153134,SECRETARY OF AGRICULTURE,,LEVI BENNING,NEW INDEPENDENT PARTY IOWA,22.000000
2014,19153153134,SECRETARY OF AGRICULTURE,,SHERRIE TAHA,DEMOCRATIC PARTY,168.000000
2014,19153153134,SECRETARY OF AGRICULTURE,,WRITE IN,,0.000000
2014,19153153134,SECRETARY OF STATE,,BRAD ANDERSON,DEMOCRATIC PARTY,201.000000
2014,19153153134,SECRETARY OF STATE,,JAKE PORTER,LIBERTARIAN PARTY,9.000000
2014,19153153134,SECRETARY OF STATE,,PAUL D PATE,REPUBLICAN PARTY,61.000000
2014,19153153134,SECRETARY OF STATE,,SPENCER HIGHLAND,NEW INDEPENDENT PARTY IOWA,8.000000
2014,19153153134,SECRETARY OF STATE,,WRITE IN,,0.000000
2014,19153153134,TREASURER OF STATE,,KEITH A LAUBE,LIBERTARIAN PARTY,12.000000
2014,19153153134,TREASURER OF STATE,,MICHAEL L FITZGERALD,DEMOCRATIC PARTY,211.000000
2014,19153153134,TREASURER OF STATE,,SAM CLOVIS,REPUBLICAN PARTY,56.000000
2014,19153153134,TREASURER OF STATE,,WRITE IN,,0.000000
2014,19153153134,U S SENATE,,BOB QUAST,BOB QUAST FOR TERM LIMITS,2.000000
2014,19153153134,U S SENATE,,BRUCE BRALEY,DEMOCRATIC PARTY,191.000000
2014,19153153134,U S SENATE,,DOUGLAS BUTZIER,LIBERTARIAN PARTY,2.000000
2014,19153153134,U S SENATE,,JONI ERNST,REPUBLICAN PARTY,77.000000
2014,19153153134,U S SENATE,,RICK STEWART,INDEPENDENT,12.000000
2014,19153153134,U S SENATE,,RUTH SMITH,,1.000000
2014,19153153134,U S SENATE,,WRITE IN,,0.000000
2014,19153153135,ATTORNEY GENERAL,,ADAM GREGG,REPUBLICAN PARTY,232.000000
2014,19153153135,ATTORNEY GENERAL,,TOM MILLER,DEMOCRATIC PARTY,753.000000
2014,19153153135,ATTORNEY GENERAL,,WRITE IN,,6.000000
2014,19153153135,AUDITOR OF STATE,,JONATHAN NEIDERBACH,DEMOCRATIC PARTY,641.000000
2014,19153153135,AUDITOR OF STATE,,MARY MOSIMAN,REPUBLICAN PARTY,300.000000
2014,19153153135,AUDITOR OF STATE,,WRITE IN,,6.000000
2014,19153153135,GOVERNOR,,JACK HATCH MONICA VERNON,DEMOCRATIC PARTY,611.000000
2014,19153153135,GOVERNOR,,JIM HENNAGER MARY MARGARET KRIEG,NEW INDEPENDENT PARTY IOWA,14.000000
2014,19153153135,GOVERNOR,,JONATHAN R NARCISSE MICHAEL L RICHARDS,IOWA PARTY,24.000000
2014,19153153135,GOVERNOR,,LEE DEAKINS HIEB TIM WATSON,LIBERTARIAN PARTY,23.000000
2014,19153153135,GOVERNOR,,TERRY E BRANSTAD KIM REYNOLDS,REPUBLICAN PARTY,322.000000
2014,19153153135,GOVERNOR,,WRITE IN,,5.000000
2014,19153153135,SECRETARY OF AGRICULTURE,,BILL NORTHEY,REPUBLICAN PARTY,340.000000
2014,19153153135,SECRETARY OF AGRICULTURE,,LEVI BENNING,NEW INDEPENDENT PARTY IOWA,44.000000
2014,19153153135,SECRETARY OF AGRICULTURE,,SHERRIE TAHA,DEMOCRATIC PARTY,581.000000
2014,19153153135,SECRETARY OF AGRICULTURE,,WRITE IN,,3.000000
2014,19153153135,SECRETARY OF STATE,,BRAD ANDERSON,DEMOCRATIC PARTY,701.000000
2014,19153153135,SECRETARY OF STATE,,JAKE PORTER,LIBERTARIAN PARTY,34.000000
2014,19153153135,SECRETARY OF STATE,,PAUL D PATE,REPUBLICAN PARTY,236.000000
2014,19153153135,SECRETARY OF STATE,,SPENCER HIGHLAND,NEW INDEPENDENT PARTY IOWA,20.000000
2014,19153153135,SECRETARY OF STATE,,WRITE IN,,1.000000
2014,19153153135,TREASURER OF STATE,,KEITH A LAUBE,LIBERTARIAN PARTY,35.000000
2014,19153153135,TREASURER OF STATE,,MICHAEL L FITZGERALD,DEMOCRATIC PARTY,727.000000
2014,19153153135,TREASURER OF STATE,,SAM CLOVIS,REPUBLICAN PARTY,213.000000
2014,19153153135,TREASURER OF STATE,,WRITE IN,,3.000000
2014,19153153135,U S SENATE,,BOB QUAST,BOB QUAST FOR TERM LIMITS,6.000000
2014,19153153135,U S SENATE,,BRUCE BRALEY,DEMOCRATIC PARTY,719.000000
2014,19153153135,U S SENATE,,DOUGLAS BUTZIER,LIBERTARIAN PARTY,11.000000
2014,19153153135,U S SENATE,,JONI ERNST,REPUBLICAN PARTY,262.000000
2014,19153153135,U S SENATE,,RICK STEWART,INDEPENDENT,14.000000
2014,19153153135,U S SENATE,,RUTH SMITH,,3.000000
2014,19153153135,U S SENATE,,WRITE IN,,2.000000
2014,19153153136,ATTORNEY GENERAL,,ADAM GREGG,REPUBLICAN PARTY,133.000000
2014,19153153136,ATTORNEY GENERAL,,TOM MILLER,DEMOCRATIC PARTY,577.000000
2014,19153153136,ATTORNEY GENERAL,,WRITE IN,,3.000000
2014,19153153136,AUDITOR OF STATE,,JONATHAN NEIDERBACH,DEMOCRATIC PARTY,488.000000
2014,19153153136,AUDITOR OF STATE,,MARY MOSIMAN,REPUBLICAN PARTY,199.000000
2014,19153153136,AUDITOR OF STATE,,WRITE IN,,2.000000
2014,19153153136,GOVERNOR,,JACK HATCH MONICA VERNON,DEMOCRATIC PARTY,491.000000
2014,19153153136,GOVERNOR,,JIM HENNAGER MARY MARGARET KRIEG,NEW INDEPENDENT PARTY IOWA,4.000000
2014,19153153136,GOVERNOR,,JONATHAN R NARCISSE MICHAEL L RICHARDS,IOWA PARTY,19.000000
2014,19153153136,GOVERNOR,,LEE DEAKINS HIEB TIM WATSON,LIBERTARIAN PARTY,19.000000
2014,19153153136,GOVERNOR,,TERRY E BRANSTAD KIM REYNOLDS,REPUBLICAN PARTY,192.000000
2014,19153153136,GOVERNOR,,WRITE IN,,3.000000
2014,19153153136,SECRETARY OF AGRICULTURE,,BILL NORTHEY,REPUBLICAN PARTY,203.000000
2014,19153153136,SECRETARY OF AGRICULTURE,,LEVI BENNING,NEW INDEPENDENT PARTY IOWA,32.000000
2014,19153153136,SECRETARY OF AGRICULTURE,,SHERRIE TAHA,DEMOCRATIC PARTY,459.000000
2014,19153153136,SECRETARY OF AGRICULTURE,,WRITE IN,,3.000000
2014,19153153136,SECRETARY OF STATE,,BRAD ANDERSON,DEMOCRATIC PARTY,531.000000
2014,19153153136,SECRETARY OF STATE,,JAKE PORTER,LIBERTARIAN PARTY,38.000000
2014,19153153136,SECRETARY OF STATE,,PAUL D PATE,REPUBLICAN PARTY,130.000000
2014,19153153136,SECRETARY OF STATE,,SPENCER HIGHLAND,NEW INDEPENDENT PARTY IOWA,13.000000
2014,19153153136,SECRETARY OF STATE,,WRITE IN,,1.000000
2014,19153153136,TREASURER OF STATE,,KEITH A LAUBE,LIBERTARIAN PARTY,43.000000
2014,19153153136,TREASURER OF STATE,,MICHAEL L FITZGERALD,DEMOCRATIC PARTY,529.000000
2014,19153153136,TREASURER OF STATE,,SAM CLOVIS,REPUBLICAN PARTY,132.000000
2014,19153153136,TREASURER OF STATE,,WRITE IN,,2.000000
2014,19153153136,U S SENATE,,BOB QUAST,BOB QUAST FOR TERM LIMITS,4.000000
2014,19153153136,U S SENATE,,BRUCE BRALEY,DEMOCRATIC PARTY,549.000000
2014,19153153136,U S SENATE,,DOUGLAS BUTZIER,LIBERTARIAN PARTY,11.000000
2014,19153153136,U S SENATE,,JONI ERNST,REPUBLICAN PARTY,153.000000
2014,19153153136,U S SENATE,,RICK STEWART,INDEPENDENT,8.000000
2014,19153153136,U S SENATE,,RUTH SMITH,,7.000000
2014,19153153136,U S SENATE,,WRITE IN,,5.000000
2014,19153153137,ATTORNEY GENERAL,,ADAM GREGG,REPUBLICAN PARTY,72.000000
2014,19153153137,ATTORNEY GENERAL,,TOM MILLER,DEMOCRATIC PARTY,416.000000
2014,19153153137,ATTORNEY GENERAL,,WRITE IN,,3.000000
2014,19153153137,AUDITOR OF STATE,,JONATHAN NEIDERBACH,DEMOCRATIC PARTY,385.000000
2014,19153153137,AUDITOR OF STATE,,MARY MOSIMAN,REPUBLICAN PARTY,98.000000
2014,19153153137,AUDITOR OF STATE,,WRITE IN,,2.000000
2014,19153153137,GOVERNOR,,JACK HATCH MONICA VERNON,DEMOCRATIC PARTY,368.000000
2014,19153153137,GOVERNOR,,JIM HENNAGER MARY MARGARET KRIEG,NEW INDEPENDENT PARTY IOWA,2.000000
2014,19153153137,GOVERNOR,,JONATHAN R NARCISSE MICHAEL L RICHARDS,IOWA PARTY,15.000000
2014,19153153137,GOVERNOR,,LEE DEAKINS HIEB TIM WATSON,LIBERTARIAN PARTY,11.000000
2014,19153153137,GOVERNOR,,TERRY E BRANSTAD KIM REYNOLDS,REPUBLICAN PARTY,110.000000
2014,19153153137,GOVERNOR,,WRITE IN,,1.000000
2014,19153153137,SECRETARY OF AGRICULTURE,,BILL NORTHEY,REPUBLICAN PARTY,127.000000
2014,19153153137,SECRETARY OF AGRICULTURE,,LEVI BENNING,NEW INDEPENDENT PARTY IOWA,21.000000
2014,19153153137,SECRETARY OF AGRICULTURE,,SHERRIE TAHA,DEMOCRATIC PARTY,333.000000
2014,19153153137,SECRETARY OF AGRICULTURE,,WRITE IN,,2.000000
2014,19153153137,SECRETARY OF STATE,,BRAD ANDERSON,DEMOCRATIC PARTY,396.000000
2014,19153153137,SECRETARY OF STATE,,JAKE PORTER,LIBERTARIAN PARTY,22.000000
2014,19153153137,SECRETARY OF STATE,,PAUL D PATE,REPUBLICAN PARTY,72.000000
2014,19153153137,SECRETARY OF STATE,,SPENCER HIGHLAND,NEW INDEPENDENT PARTY IOWA,9.000000
2014,19153153137,SECRETARY OF STATE,,WRITE IN,,0.000000
2014,19153153137,TREASURER OF STATE,,KEITH A LAUBE,LIBERTARIAN PARTY,27.000000
2014,19153153137,TREASURER OF STATE,,MICHAEL L FITZGERALD,DEMOCRATIC PARTY,398.000000
2014,19153153137,TREASURER OF STATE,,SAM CLOVIS,REPUBLICAN PARTY,64.000000
2014,19153153137,TREASURER OF STATE,,WRITE IN,,1.000000
2014,19153153137,U S SENATE,,BOB QUAST,BOB QUAST FOR TERM LIMITS,2.000000
2014,19153153137,U S SENATE,,BRUCE BRALEY,DEMOCRATIC PARTY,409.000000
2014,19153153137,U S SENATE,,DOUGLAS BUTZIER,LIBERTARIAN PARTY,9.000000
2014,19153153137,U S SENATE,,JONI ERNST,REPUBLICAN PARTY,84.000000
2014,19153153137,U S SENATE,,RICK STEWART,INDEPENDENT,7.000000
2014,19153153137,U S SENATE,,RUTH SMITH,,1.000000
2014,19153153137,U S SENATE,,WRITE IN,,0.000000
2014,19153153138,ATTORNEY GENERAL,,ADAM GREGG,REPUBLICAN PARTY,201.000000
2014,19153153138,ATTORNEY GENERAL,,TOM MILLER,DEMOCRATIC PARTY,761.000000
2014,19153153138,ATTORNEY GENERAL,,WRITE IN,,7.000000
2014,19153153138,AUDITOR OF STATE,,JONATHAN NEIDERBACH,DEMOCRATIC PARTY,689.000000
2014,19153153138,AUDITOR OF STATE,,MARY MOSIMAN,REPUBLICAN PARTY,254.000000
2014,19153153138,AUDITOR OF STATE,,WRITE IN,,4.000000
2014,19153153138,GOVERNOR,,JACK HATCH MONICA VERNON,DEMOCRATIC PARTY,669.000000
2014,19153153138,GOVERNOR,,JIM HENNAGER MARY MARGARET KRIEG,NEW INDEPENDENT PARTY IOWA,8.000000
2014,19153153138,GOVERNOR,,JONATHAN R NARCISSE MICHAEL L RICHARDS,IOWA PARTY,32.000000
2014,19153153138,GOVERNOR,,LEE DEAKINS HIEB TIM WATSON,LIBERTARIAN PARTY,22.000000
2014,19153153138,GOVERNOR,,TERRY E BRANSTAD KIM REYNOLDS,REPUBLICAN PARTY,256.000000
2014,19153153138,GOVERNOR,,WRITE IN,,2.000000
2014,19153153138,SECRETARY OF AGRICULTURE,,BILL NORTHEY,REPUBLICAN PARTY,293.000000
2014,19153153138,SECRETARY OF AGRICULTURE,,LEVI BENNING,NEW INDEPENDENT PARTY IOWA,43.000000
2014,19153153138,SECRETARY OF AGRICULTURE,,SHERRIE TAHA,DEMOCRATIC PARTY,623.000000
2014,19153153138,SECRETARY OF AGRICULTURE,,WRITE IN,,2.000000
2014,19153153138,SECRETARY OF STATE,,BRAD ANDERSON,DEMOCRATIC PARTY,713.000000
2014,19153153138,SECRETARY OF STATE,,JAKE PORTER,LIBERTARIAN PARTY,35.000000
2014,19153153138,SECRETARY OF STATE,,PAUL D PATE,REPUBLICAN PARTY,206.000000
2014,19153153138,SECRETARY OF STATE,,SPENCER HIGHLAND,NEW INDEPENDENT PARTY IOWA,15.000000
2014,19153153138,SECRETARY OF STATE,,WRITE IN,,0.000000
2014,19153153138,TREASURER OF STATE,,KEITH A LAUBE,LIBERTARIAN PARTY,30.000000
2014,19153153138,TREASURER OF STATE,,MICHAEL L FITZGERALD,DEMOCRATIC PARTY,748.000000
2014,19153153138,TREASURER OF STATE,,SAM CLOVIS,REPUBLICAN PARTY,186.000000
2014,19153153138,TREASURER OF STATE,,WRITE IN,,1.000000
2014,19153153138,U S SENATE,,BOB QUAST,BOB QUAST FOR TERM LIMITS,5.000000
2014,19153153138,U S SENATE,,BRUCE BRALEY,DEMOCRATIC PARTY,729.000000
2014,19153153138,U S SENATE,,DOUGLAS BUTZIER,LIBERTARIAN PARTY,16.000000
2014,19153153138,U S SENATE,,JONI ERNST,REPUBLICAN PARTY,224.000000
2014,19153153138,U S SENATE,,RICK STEWART,INDEPENDENT,17.000000
2014,19153153138,U S SENATE,,RUTH SMITH,,0.000000
2014,19153153138,U S SENATE,,WRITE IN,,0.000000
2014,19153153139,ATTORNEY GENERAL,,ADAM GREGG,REPUBLICAN PARTY,206.000000
2014,19153153139,ATTORNEY GENERAL,,TOM MILLER,DEMOCRATIC PARTY,712.000000
2014,19153153139,ATTORNEY GENERAL,,WRITE IN,,0.000000
2014,19153153139,AUDITOR OF STATE,,JONATHAN NEIDERBACH,DEMOCRATIC PARTY,631.000000
2014,19153153139,AUDITOR OF STATE,,MARY MOSIMAN,REPUBLICAN PARTY,264.000000
2014,19153153139,AUDITOR OF STATE,,WRITE IN,,3.000000
2014,19153153139,GOVERNOR,,JACK HATCH MONICA VERNON,DEMOCRATIC PARTY,601.000000
2014,19153153139,GOVERNOR,,JIM HENNAGER MARY MARGARET KRIEG,NEW INDEPENDENT PARTY IOWA,8.000000
2014,19153153139,GOVERNOR,,JONATHAN R NARCISSE MICHAEL L RICHARDS,IOWA PARTY,14.000000
2014,19153153139,GOVERNOR,,LEE DEAKINS HIEB TIM WATSON,LIBERTARIAN PARTY,16.000000
2014,19153153139,GOVERNOR,,TERRY E BRANSTAD KIM REYNOLDS,REPUBLICAN PARTY,312.000000
2014,19153153139,GOVERNOR,,WRITE IN,,0.000000
2014,19153153139,SECRETARY OF AGRICULTURE,,BILL NORTHEY,REPUBLICAN PARTY,298.000000
2014,19153153139,SECRETARY OF AGRICULTURE,,LEVI BENNING,NEW INDEPENDENT PARTY IOWA,21.000000
2014,19153153139,SECRETARY OF AGRICULTURE,,SHERRIE TAHA,DEMOCRATIC PARTY,592.000000
2014,19153153139,SECRETARY OF AGRICULTURE,,WRITE IN,,3.000000
2014,19153153139,SECRETARY OF STATE,,BRAD ANDERSON,DEMOCRATIC PARTY,666.000000
2014,19153153139,SECRETARY OF STATE,,JAKE PORTER,LIBERTARIAN PARTY,23.000000
2014,19153153139,SECRETARY OF STATE,,PAUL D PATE,REPUBLICAN PARTY,227.000000
2014,19153153139,SECRETARY OF STATE,,SPENCER HIGHLAND,NEW INDEPENDENT PARTY IOWA,12.000000
2014,19153153139,SECRETARY OF STATE,,WRITE IN,,1.000000
2014,19153153139,TREASURER OF STATE,,KEITH A LAUBE,LIBERTARIAN PARTY,27.000000
2014,19153153139,TREASURER OF STATE,,MICHAEL L FITZGERALD,DEMOCRATIC PARTY,679.000000
2014,19153153139,TREASURER OF STATE,,SAM CLOVIS,REPUBLICAN PARTY,207.000000
2014,19153153139,TREASURER OF STATE,,WRITE IN,,1.000000
2014,19153153139,U S SENATE,,BOB QUAST,BOB QUAST FOR TERM LIMITS,5.000000
2014,19153153139,U S SENATE,,BRUCE BRALEY,DEMOCRATIC PARTY,694.000000
2014,19153153139,U S SENATE,,DOUGLAS BUTZIER,LIBERTARIAN PARTY,11.000000
2014,19153153139,U S SENATE,,JONI ERNST,REPUBLICAN PARTY,231.000000
2014,19153153139,U S SENATE,,RICK STEWART,INDEPENDENT,7.000000
2014,19153153139,U S SENATE,,RUTH SMITH,,3.000000
2014,19153153139,U S SENATE,,WRITE IN,,2.000000
2014,19153153140,ATTORNEY GENERAL,,ADAM GREGG,REPUBLICAN PARTY,171.000000
2014,19153153140,ATTORNEY GENERAL,,TOM MILLER,DEMOCRATIC PARTY,761.000000
2014,19153153140,ATTORNEY GENERAL,,WRITE IN,,7.000000
2014,19153153140,AUDITOR OF STATE,,JONATHAN NEIDERBACH,DEMOCRATIC PARTY,634.000000
2014,19153153140,AUDITOR OF STATE,,MARY MOSIMAN,REPUBLICAN PARTY,267.000000
2014,19153153140,AUDITOR OF STATE,,WRITE IN,,5.000000
2014,19153153140,GOVERNOR,,JACK HATCH MONICA VERNON,DEMOCRATIC PARTY,637.000000
2014,19153153140,GOVERNOR,,JIM HENNAGER MARY MARGARET KRIEG,NEW INDEPENDENT PARTY IOWA,16.000000
2014,19153153140,GOVERNOR,,JONATHAN R NARCISSE MICHAEL L RICHARDS,IOWA PARTY,18.000000
2014,19153153140,GOVERNOR,,LEE DEAKINS HIEB TIM WATSON,LIBERTARIAN PARTY,18.000000
2014,19153153140,GOVERNOR,,TERRY E BRANSTAD KIM REYNOLDS,REPUBLICAN PARTY,271.000000
2014,19153153140,GOVERNOR,,WRITE IN,,4.000000
2014,19153153140,SECRETARY OF AGRICULTURE,,BILL NORTHEY,REPUBLICAN PARTY,309.000000
2014,19153153140,SECRETARY OF AGRICULTURE,,LEVI BENNING,NEW INDEPENDENT PARTY IOWA,48.000000
2014,19153153140,SECRETARY OF AGRICULTURE,,SHERRIE TAHA,DEMOCRATIC PARTY,564.000000
2014,19153153140,SECRETARY OF AGRICULTURE,,WRITE IN,,2.000000
2014,19153153140,SECRETARY OF STATE,,BRAD ANDERSON,DEMOCRATIC PARTY,690.000000
2014,19153153140,SECRETARY OF STATE,,JAKE PORTER,LIBERTARIAN PARTY,20.000000
2014,19153153140,SECRETARY OF STATE,,PAUL D PATE,REPUBLICAN PARTY,202.000000
2014,19153153140,SECRETARY OF STATE,,SPENCER HIGHLAND,NEW INDEPENDENT PARTY IOWA,25.000000
2014,19153153140,SECRETARY OF STATE,,WRITE IN,,4.000000
2014,19153153140,TREASURER OF STATE,,KEITH A LAUBE,LIBERTARIAN PARTY,30.000000
2014,19153153140,TREASURER OF STATE,,MICHAEL L FITZGERALD,DEMOCRATIC PARTY,735.000000
2014,19153153140,TREASURER OF STATE,,SAM CLOVIS,REPUBLICAN PARTY,174.000000
2014,19153153140,TREASURER OF STATE,,WRITE IN,,0.000000
2014,19153153140,U S SENATE,,BOB QUAST,BOB QUAST FOR TERM LIMITS,4.000000
2014,19153153140,U S SENATE,,BRUCE BRALEY,DEMOCRATIC PARTY,706.000000
2014,19153153140,U S SENATE,,DOUGLAS BUTZIER,LIBERTARIAN PARTY,4.000000
2014,19153153140,U S SENATE,,JONI ERNST,REPUBLICAN PARTY,227.000000
2014,19153153140,U S SENATE,,RICK STEWART,INDEPENDENT,18.000000
2014,19153153140,U S SENATE,,RUTH SMITH,,1.000000
2014,19153153140,U S SENATE,,WRITE IN,,2.000000
2014,19153153141,ATTORNEY GENERAL,,ADAM GREGG,REPUBLICAN PARTY,331.000000
2014,19153153141,ATTORNEY GENERAL,,TOM MILLER,DEMOCRATIC PARTY,779.000000
2014,19153153141,ATTORNEY GENERAL,,WRITE IN,,0.000000
2014,19153153141,AUDITOR OF STATE,,JONATHAN NEIDERBACH,DEMOCRATIC PARTY,593.000000
2014,19153153141,AUDITOR OF STATE,,MARY MOSIMAN,REPUBLICAN PARTY,459.000000
2014,19153153141,AUDITOR OF STATE,,WRITE IN,,3.000000
2014,19153153141,GOVERNOR,,JACK HATCH MONICA VERNON,DEMOCRATIC PARTY,599.000000
2014,19153153141,GOVERNOR,,JIM HENNAGER MARY MARGARET KRIEG,NEW INDEPENDENT PARTY IOWA,4.000000
2014,19153153141,GOVERNOR,,JONATHAN R NARCISSE MICHAEL L RICHARDS,IOWA PARTY,15.000000
2014,19153153141,GOVERNOR,,LEE DEAKINS HIEB TIM WATSON,LIBERTARIAN PARTY,15.000000
2014,19153153141,GOVERNOR,,TERRY E BRANSTAD KIM REYNOLDS,REPUBLICAN PARTY,493.000000
2014,19153153141,GOVERNOR,,WRITE IN,,1.000000
2014,19153153141,SECRETARY OF AGRICULTURE,,BILL NORTHEY,REPUBLICAN PARTY,526.000000
2014,19153153141,SECRETARY OF AGRICULTURE,,LEVI BENNING,NEW INDEPENDENT PARTY IOWA,29.000000
2014,19153153141,SECRETARY OF AGRICULTURE,,SHERRIE TAHA,DEMOCRATIC PARTY,523.000000
2014,19153153141,SECRETARY OF AGRICULTURE,,WRITE IN,,2.000000
2014,19153153141,SECRETARY OF STATE,,BRAD ANDERSON,DEMOCRATIC PARTY,674.000000
2014,19153153141,SECRETARY OF STATE,,JAKE PORTER,LIBERTARIAN PARTY,22.000000
2014,19153153141,SECRETARY OF STATE,,PAUL D PATE,REPUBLICAN PARTY,392.000000
2014,19153153141,SECRETARY OF STATE,,SPENCER HIGHLAND,NEW INDEPENDENT PARTY IOWA,8.000000
2014,19153153141,SECRETARY OF STATE,,WRITE IN,,0.000000
2014,19153153141,TREASURER OF STATE,,KEITH A LAUBE,LIBERTARIAN PARTY,18.000000
2014,19153153141,TREASURER OF STATE,,MICHAEL L FITZGERALD,DEMOCRATIC PARTY,725.000000
2014,19153153141,TREASURER OF STATE,,SAM CLOVIS,REPUBLICAN PARTY,348.000000
2014,19153153141,TREASURER OF STATE,,WRITE IN,,0.000000
2014,19153153141,U S SENATE,,BOB QUAST,BOB QUAST FOR TERM LIMITS,5.000000
2014,19153153141,U S SENATE,,BRUCE BRALEY,DEMOCRATIC PARTY,676.000000
2014,19153153141,U S SENATE,,DOUGLAS BUTZIER,LIBERTARIAN PARTY,7.000000
2014,19153153141,U S SENATE,,JONI ERNST,REPUBLICAN PARTY,430.000000
2014,19153153141,U S SENATE,,RICK STEWART,INDEPENDENT,7.000000
2014,19153153141,U S SENATE,,RUTH SMITH,,2.000000
2014,19153153141,U S SENATE,,WRITE IN,,0.000000
2014,19153153142,ATTORNEY GENERAL,,ADAM GREGG,REPUBLICAN PARTY,498.000000
2014,19153153142,ATTORNEY GENERAL,,TOM MILLER,DEMOCRATIC PARTY,1341.000000
2014,19153153142,ATTORNEY GENERAL,,WRITE IN,,6.000000
2014,19153153142,AUDITOR OF STATE,,JONATHAN NEIDERBACH,DEMOCRATIC PARTY,1053.000000
2014,19153153142,AUDITOR OF STATE,,MARY MOSIMAN,REPUBLICAN PARTY,716.000000
2014,19153153142,AUDITOR OF STATE,,WRITE IN,,7.000000
2014,19153153142,GOVERNOR,,JACK HATCH MONICA VERNON,DEMOCRATIC PARTY,1069.000000
2014,19153153142,GOVERNOR,,JIM HENNAGER MARY MARGARET KRIEG,NEW INDEPENDENT PARTY IOWA,11.000000
2014,19153153142,GOVERNOR,,JONATHAN R NARCISSE MICHAEL L RICHARDS,IOWA PARTY,15.000000
2014,19153153142,GOVERNOR,,LEE DEAKINS HIEB TIM WATSON,LIBERTARIAN PARTY,26.000000
2014,19153153142,GOVERNOR,,TERRY E BRANSTAD KIM REYNOLDS,REPUBLICAN PARTY,765.000000
2014,19153153142,GOVERNOR,,WRITE IN,,6.000000
2014,19153153142,SECRETARY OF AGRICULTURE,,BILL NORTHEY,REPUBLICAN PARTY,812.000000
2014,19153153142,SECRETARY OF AGRICULTURE,,LEVI BENNING,NEW INDEPENDENT PARTY IOWA,33.000000
2014,19153153142,SECRETARY OF AGRICULTURE,,SHERRIE TAHA,DEMOCRATIC PARTY,974.000000
2014,19153153142,SECRETARY OF AGRICULTURE,,WRITE IN,,1.000000
2014,19153153142,SECRETARY OF STATE,,BRAD ANDERSON,DEMOCRATIC PARTY,1213.000000
2014,19153153142,SECRETARY OF STATE,,JAKE PORTER,LIBERTARIAN PARTY,37.000000
2014,19153153142,SECRETARY OF STATE,,PAUL D PATE,REPUBLICAN PARTY,581.000000
2014,19153153142,SECRETARY OF STATE,,SPENCER HIGHLAND,NEW INDEPENDENT PARTY IOWA,13.000000
2014,19153153142,SECRETARY OF STATE,,WRITE IN,,1.000000
2014,19153153142,TREASURER OF STATE,,KEITH A LAUBE,LIBERTARIAN PARTY,36.000000
2014,19153153142,TREASURER OF STATE,,MICHAEL L FITZGERALD,DEMOCRATIC PARTY,1296.000000
2014,19153153142,TREASURER OF STATE,,SAM CLOVIS,REPUBLICAN PARTY,503.000000
2014,19153153142,TREASURER OF STATE,,WRITE IN,,0.000000
2014,19153153142,U S SENATE,,BOB QUAST,BOB QUAST FOR TERM LIMITS,4.000000
2014,19153153142,U S SENATE,,BRUCE BRALEY,DEMOCRATIC PARTY,1254.000000
2014,19153153142,U S SENATE,,DOUGLAS BUTZIER,LIBERTARIAN PARTY,8.000000
2014,19153153142,U S SENATE,,JONI ERNST,REPUBLICAN PARTY,608.000000
2014,19153153142,U S SENATE,,RICK STEWART,INDEPENDENT,15.000000
2014,19153153142,U S SENATE,,RUTH SMITH,,3.000000
2014,19153153142,U S SENATE,,WRITE IN,,3.000000
2014,19153153143,ATTORNEY GENERAL,,ADAM GREGG,REPUBLICAN PARTY,273.000000
2014,19153153143,ATTORNEY GENERAL,,TOM MILLER,DEMOCRATIC PARTY,799.000000
2014,19153153143,ATTORNEY GENERAL,,WRITE IN,,0.000000
2014,19153153143,AUDITOR OF STATE,,JONATHAN NEIDERBACH,DEMOCRATIC PARTY,661.000000
2014,19153153143,AUDITOR OF STATE,,MARY MOSIMAN,REPUBLICAN PARTY,377.000000
2014,19153153143,AUDITOR OF STATE,,WRITE IN,,2.000000
2014,19153153143,GOVERNOR,,JACK HATCH MONICA VERNON,DEMOCRATIC PARTY,642.000000
2014,19153153143,GOVERNOR,,JIM HENNAGER MARY MARGARET KRIEG,NEW INDEPENDENT PARTY IOWA,5.000000
2014,19153153143,GOVERNOR,,JONATHAN R NARCISSE MICHAEL L RICHARDS,IOWA PARTY,14.000000
2014,19153153143,GOVERNOR,,LEE DEAKINS HIEB TIM WATSON,LIBERTARIAN PARTY,17.000000
2014,19153153143,GOVERNOR,,TERRY E BRANSTAD KIM REYNOLDS,REPUBLICAN PARTY,417.000000
2014,19153153143,GOVERNOR,,WRITE IN,,1.000000
2014,19153153143,SECRETARY OF AGRICULTURE,,BILL NORTHEY,REPUBLICAN PARTY,437.000000
2014,19153153143,SECRETARY OF AGRICULTURE,,LEVI BENNING,NEW INDEPENDENT PARTY IOWA,32.000000
2014,19153153143,SECRETARY OF AGRICULTURE,,SHERRIE TAHA,DEMOCRATIC PARTY,580.000000
2014,19153153143,SECRETARY OF AGRICULTURE,,WRITE IN,,0.000000
2014,19153153143,SECRETARY OF STATE,,BRAD ANDERSON,DEMOCRATIC PARTY,742.000000
2014,19153153143,SECRETARY OF STATE,,JAKE PORTER,LIBERTARIAN PARTY,27.000000
2014,19153153143,SECRETARY OF STATE,,PAUL D PATE,REPUBLICAN PARTY,291.000000
2014,19153153143,SECRETARY OF STATE,,SPENCER HIGHLAND,NEW INDEPENDENT PARTY IOWA,12.000000
2014,19153153143,SECRETARY OF STATE,,WRITE IN,,0.000000
2014,19153153143,TREASURER OF STATE,,KEITH A LAUBE,LIBERTARIAN PARTY,24.000000
2014,19153153143,TREASURER OF STATE,,MICHAEL L FITZGERALD,DEMOCRATIC PARTY,769.000000
2014,19153153143,TREASURER OF STATE,,SAM CLOVIS,REPUBLICAN PARTY,268.000000
2014,19153153143,TREASURER OF STATE,,WRITE IN,,1.000000
2014,19153153143,U S SENATE,,BOB QUAST,BOB QUAST FOR TERM LIMITS,3.000000
2014,19153153143,U S SENATE,,BRUCE BRALEY,DEMOCRATIC PARTY,753.000000
2014,19153153143,U S SENATE,,DOUGLAS BUTZIER,LIBERTARIAN PARTY,4.000000
2014,19153153143,U S SENATE,,JONI ERNST,REPUBLICAN PARTY,325.000000
2014,19153153143,U S SENATE,,RICK STEWART,INDEPENDENT,15.000000
2014,19153153143,U S SENATE,,RUTH SMITH,,1.000000
2014,19153153143,U S SENATE,,WRITE IN,,2.000000
2014,19153153144,ATTORNEY GENERAL,,ADAM GREGG,REPUBLICAN PARTY,244.000000
2014,19153153144,ATTORNEY GENERAL,,TOM MILLER,DEMOCRATIC PARTY,618.000000
2014,19153153144,ATTORNEY GENERAL,,WRITE IN,,1.000000
2014,19153153144,AUDITOR OF STATE,,JONATHAN NEIDERBACH,DEMOCRATIC PARTY,508.000000
2014,19153153144,AUDITOR OF STATE,,MARY MOSIMAN,REPUBLICAN PARTY,326.000000
2014,19153153144,AUDITOR OF STATE,,WRITE IN,,1.000000
2014,19153153144,GOVERNOR,,JACK HATCH MONICA VERNON,DEMOCRATIC PARTY,496.000000
2014,19153153144,GOVERNOR,,JIM HENNAGER MARY MARGARET KRIEG,NEW INDEPENDENT PARTY IOWA,10.000000
2014,19153153144,GOVERNOR,,JONATHAN R NARCISSE MICHAEL L RICHARDS,IOWA PARTY,13.000000
2014,19153153144,GOVERNOR,,LEE DEAKINS HIEB TIM WATSON,LIBERTARIAN PARTY,13.000000
2014,19153153144,GOVERNOR,,TERRY E BRANSTAD KIM REYNOLDS,REPUBLICAN PARTY,338.000000
2014,19153153144,GOVERNOR,,WRITE IN,,1.000000
2014,19153153144,SECRETARY OF AGRICULTURE,,BILL NORTHEY,REPUBLICAN PARTY,356.000000
2014,19153153144,SECRETARY OF AGRICULTURE,,LEVI BENNING,NEW INDEPENDENT PARTY IOWA,27.000000
2014,19153153144,SECRETARY OF AGRICULTURE,,SHERRIE TAHA,DEMOCRATIC PARTY,457.000000
2014,19153153144,SECRETARY OF AGRICULTURE,,WRITE IN,,1.000000
2014,19153153144,SECRETARY OF STATE,,BRAD ANDERSON,DEMOCRATIC PARTY,548.000000
2014,19153153144,SECRETARY OF STATE,,JAKE PORTER,LIBERTARIAN PARTY,24.000000
2014,19153153144,SECRETARY OF STATE,,PAUL D PATE,REPUBLICAN PARTY,261.000000
2014,19153153144,SECRETARY OF STATE,,SPENCER HIGHLAND,NEW INDEPENDENT PARTY IOWA,17.000000
2014,19153153144,SECRETARY OF STATE,,WRITE IN,,1.000000
2014,19153153144,TREASURER OF STATE,,KEITH A LAUBE,LIBERTARIAN PARTY,20.000000
2014,19153153144,TREASURER OF STATE,,MICHAEL L FITZGERALD,DEMOCRATIC PARTY,610.000000
2014,19153153144,TREASURER OF STATE,,SAM CLOVIS,REPUBLICAN PARTY,225.000000
2014,19153153144,TREASURER OF STATE,,WRITE IN,,1.000000
2014,19153153144,U S SENATE,,BOB QUAST,BOB QUAST FOR TERM LIMITS,3.000000
2014,19153153144,U S SENATE,,BRUCE BRALEY,DEMOCRATIC PARTY,550.000000
2014,19153153144,U S SENATE,,DOUGLAS BUTZIER,LIBERTARIAN PARTY,7.000000
2014,19153153144,U S SENATE,,JONI ERNST,REPUBLICAN PARTY,293.000000
2014,19153153144,U S SENATE,,RICK STEWART,INDEPENDENT,14.000000
2014,19153153144,U S SENATE,,RUTH SMITH,,2.000000
2014,19153153144,U S SENATE,,WRITE IN,,1.000000
2014,19153153145,ATTORNEY GENERAL,,ADAM GREGG,REPUBLICAN PARTY,441.000000
2014,19153153145,ATTORNEY GENERAL,,TOM MILLER,DEMOCRATIC PARTY,837.000000
2014,19153153145,ATTORNEY GENERAL,,WRITE IN,,1.000000
2014,19153153145,AUDITOR OF STATE,,JONATHAN NEIDERBACH,DEMOCRATIC PARTY,629.000000
2014,19153153145,AUDITOR OF STATE,,MARY MOSIMAN,REPUBLICAN PARTY,600.000000
2014,19153153145,AUDITOR OF STATE,,WRITE IN,,2.000000
2014,19153153145,GOVERNOR,,JACK HATCH MONICA VERNON,DEMOCRATIC PARTY,591.000000
2014,19153153145,GOVERNOR,,JIM HENNAGER MARY MARGARET KRIEG,NEW INDEPENDENT PARTY IOWA,5.000000
2014,19153153145,GOVERNOR,,JONATHAN R NARCISSE MICHAEL L RICHARDS,IOWA PARTY,17.000000
2014,19153153145,GOVERNOR,,LEE DEAKINS HIEB TIM WATSON,LIBERTARIAN PARTY,21.000000
2014,19153153145,GOVERNOR,,TERRY E BRANSTAD KIM REYNOLDS,REPUBLICAN PARTY,659.000000
2014,19153153145,GOVERNOR,,WRITE IN,,2.000000
2014,19153153145,SECRETARY OF AGRICULTURE,,BILL NORTHEY,REPUBLICAN PARTY,673.000000
2014,19153153145,SECRETARY OF AGRICULTURE,,LEVI BENNING,NEW INDEPENDENT PARTY IOWA,24.000000
2014,19153153145,SECRETARY OF AGRICULTURE,,SHERRIE TAHA,DEMOCRATIC PARTY,537.000000
2014,19153153145,SECRETARY OF AGRICULTURE,,WRITE IN,,2.000000
2014,19153153145,SECRETARY OF STATE,,BRAD ANDERSON,DEMOCRATIC PARTY,709.000000
2014,19153153145,SECRETARY OF STATE,,JAKE PORTER,LIBERTARIAN PARTY,28.000000
2014,19153153145,SECRETARY OF STATE,,PAUL D PATE,REPUBLICAN PARTY,512.000000
2014,19153153145,SECRETARY OF STATE,,SPENCER HIGHLAND,NEW INDEPENDENT PARTY IOWA,14.000000
2014,19153153145,SECRETARY OF STATE,,WRITE IN,,2.000000
2014,19153153145,TREASURER OF STATE,,KEITH A LAUBE,LIBERTARIAN PARTY,27.000000
2014,19153153145,TREASURER OF STATE,,MICHAEL L FITZGERALD,DEMOCRATIC PARTY,791.000000
2014,19153153145,TREASURER OF STATE,,SAM CLOVIS,REPUBLICAN PARTY,445.000000
2014,19153153145,TREASURER OF STATE,,WRITE IN,,1.000000
2014,19153153145,U S SENATE,,BOB QUAST,BOB QUAST FOR TERM LIMITS,3.000000
2014,19153153145,U S SENATE,,BRUCE BRALEY,DEMOCRATIC PARTY,688.000000
2014,19153153145,U S SENATE,,DOUGLAS BUTZIER,LIBERTARIAN PARTY,8.000000
2014,19153153145,U S SENATE,,JONI ERNST,REPUBLICAN PARTY,579.000000
2014,19153153145,U S SENATE,,RICK STEWART,INDEPENDENT,14.000000
2014,19153153145,U S SENATE,,RUTH SMITH,,3.000000
2014,19153153145,U S SENATE,,WRITE IN,,2.000000
2014,19153153146,ATTORNEY GENERAL,,ADAM GREGG,REPUBLICAN PARTY,365.000000
2014,19153153146,ATTORNEY GENERAL,,TOM MILLER,DEMOCRATIC PARTY,1014.000000
2014,19153153146,ATTORNEY GENERAL,,WRITE IN,,5.000000
2014,19153153146,AUDITOR OF STATE,,JONATHAN NEIDERBACH,DEMOCRATIC PARTY,819.000000
2014,19153153146,AUDITOR OF STATE,,MARY MOSIMAN,REPUBLICAN PARTY,523.000000
2014,19153153146,AUDITOR OF STATE,,WRITE IN,,1.000000
2014,19153153146,GOVERNOR,,JACK HATCH MONICA VERNON,DEMOCRATIC PARTY,807.000000
2014,19153153146,GOVERNOR,,JIM HENNAGER MARY MARGARET KRIEG,NEW INDEPENDENT PARTY IOWA,17.000000
2014,19153153146,GOVERNOR,,JONATHAN R NARCISSE MICHAEL L RICHARDS,IOWA PARTY,16.000000
2014,19153153146,GOVERNOR,,LEE DEAKINS HIEB TIM WATSON,LIBERTARIAN PARTY,24.000000
2014,19153153146,GOVERNOR,,TERRY E BRANSTAD KIM REYNOLDS,REPUBLICAN PARTY,533.000000
2014,19153153146,GOVERNOR,,WRITE IN,,3.000000
2014,19153153146,SECRETARY OF AGRICULTURE,,BILL NORTHEY,REPUBLICAN PARTY,584.000000
2014,19153153146,SECRETARY OF AGRICULTURE,,LEVI BENNING,NEW INDEPENDENT PARTY IOWA,53.000000
2014,19153153146,SECRETARY OF AGRICULTURE,,SHERRIE TAHA,DEMOCRATIC PARTY,725.000000
2014,19153153146,SECRETARY OF AGRICULTURE,,WRITE IN,,0.000000
2014,19153153146,SECRETARY OF STATE,,BRAD ANDERSON,DEMOCRATIC PARTY,885.000000
2014,19153153146,SECRETARY OF STATE,,JAKE PORTER,LIBERTARIAN PARTY,37.000000
2014,19153153146,SECRETARY OF STATE,,PAUL D PATE,REPUBLICAN PARTY,432.000000
2014,19153153146,SECRETARY OF STATE,,SPENCER HIGHLAND,NEW INDEPENDENT PARTY IOWA,28.000000
2014,19153153146,SECRETARY OF STATE,,WRITE IN,,0.000000
2014,19153153146,TREASURER OF STATE,,KEITH A LAUBE,LIBERTARIAN PARTY,28.000000
2014,19153153146,TREASURER OF STATE,,MICHAEL L FITZGERALD,DEMOCRATIC PARTY,957.000000
2014,19153153146,TREASURER OF STATE,,SAM CLOVIS,REPUBLICAN PARTY,388.000000
2014,19153153146,TREASURER OF STATE,,WRITE IN,,0.000000
2014,19153153146,U S SENATE,,BOB QUAST,BOB QUAST FOR TERM LIMITS,3.000000
2014,19153153146,U S SENATE,,BRUCE BRALEY,DEMOCRATIC PARTY,857.000000
2014,19153153146,U S SENATE,,DOUGLAS BUTZIER,LIBERTARIAN PARTY,6.000000
2014,19153153146,U S SENATE,,JONI ERNST,REPUBLICAN PARTY,494.000000
2014,19153153146,U S SENATE,,RICK STEWART,INDEPENDENT,35.000000
2014,19153153146,U S SENATE,,RUTH SMITH,,2.000000
2014,19153153146,U S SENATE,,WRITE IN,,3.000000
2014,19153153147,ATTORNEY GENERAL,,ADAM GREGG,REPUBLICAN PARTY,43.000000
2014,19153153147,ATTORNEY GENERAL,,TOM MILLER,DEMOCRATIC PARTY,115.000000
2014,19153153147,ATTORNEY GENERAL,,WRITE IN,,0.000000
2014,19153153147,AUDITOR OF STATE,,JONATHAN NEIDERBACH,DEMOCRATIC PARTY,102.000000
2014,19153153147,AUDITOR OF STATE,,MARY MOSIMAN,REPUBLICAN PARTY,54.000000
2014,19153153147,AUDITOR OF STATE,,WRITE IN,,0.000000
2014,19153153147,GOVERNOR,,JACK HATCH MONICA VERNON,DEMOCRATIC PARTY,92.000000
2014,19153153147,GOVERNOR,,JIM HENNAGER MARY MARGARET KRIEG,NEW INDEPENDENT PARTY IOWA,3.000000
2014,19153153147,GOVERNOR,,JONATHAN R NARCISSE MICHAEL L RICHARDS,IOWA PARTY,5.000000
2014,19153153147,GOVERNOR,,LEE DEAKINS HIEB TIM WATSON,LIBERTARIAN PARTY,3.000000
2014,19153153147,GOVERNOR,,TERRY E BRANSTAD KIM REYNOLDS,REPUBLICAN PARTY,57.000000
2014,19153153147,GOVERNOR,,WRITE IN,,0.000000
2014,19153153147,SECRETARY OF AGRICULTURE,,BILL NORTHEY,REPUBLICAN PARTY,53.000000
2014,19153153147,SECRETARY OF AGRICULTURE,,LEVI BENNING,NEW INDEPENDENT PARTY IOWA,9.000000
2014,19153153147,SECRETARY OF AGRICULTURE,,SHERRIE TAHA,DEMOCRATIC PARTY,95.000000
2014,19153153147,SECRETARY OF AGRICULTURE,,WRITE IN,,0.000000
2014,19153153147,SECRETARY OF STATE,,BRAD ANDERSON,DEMOCRATIC PARTY,106.000000
2014,19153153147,SECRETARY OF STATE,,JAKE PORTER,LIBERTARIAN PARTY,3.000000
2014,19153153147,SECRETARY OF STATE,,PAUL D PATE,REPUBLICAN PARTY,42.000000
2014,19153153147,SECRETARY OF STATE,,SPENCER HIGHLAND,NEW INDEPENDENT PARTY IOWA,8.000000
2014,19153153147,SECRETARY OF STATE,,WRITE IN,,0.000000
2014,19153153147,TREASURER OF STATE,,KEITH A LAUBE,LIBERTARIAN PARTY,3.000000
2014,19153153147,TREASURER OF STATE,,MICHAEL L FITZGERALD,DEMOCRATIC PARTY,116.000000
2014,19153153147,TREASURER OF STATE,,SAM CLOVIS,REPUBLICAN PARTY,40.000000
2014,19153153147,TREASURER OF STATE,,WRITE IN,,0.000000
2014,19153153147,U S SENATE,,BOB QUAST,BOB QUAST FOR TERM LIMITS,0.000000
2014,19153153147,U S SENATE,,BRUCE BRALEY,DEMOCRATIC PARTY,102.000000
2014,19153153147,U S SENATE,,DOUGLAS BUTZIER,LIBERTARIAN PARTY,2.000000
2014,19153153147,U S SENATE,,JONI ERNST,REPUBLICAN PARTY,54.000000
2014,19153153147,U S SENATE,,RICK STEWART,INDEPENDENT,4.000000
2014,19153153147,U S SENATE,,RUTH SMITH,,0.000000
2014,19153153147,U S SENATE,,WRITE IN,,0.000000
2014,19153153148,ATTORNEY GENERAL,,ADAM GREGG,REPUBLICAN PARTY,153.000000
2014,19153153148,ATTORNEY GENERAL,,TOM MILLER,DEMOCRATIC PARTY,415.000000
2014,19153153148,ATTORNEY GENERAL,,WRITE IN,,3.000000
2014,19153153148,AUDITOR OF STATE,,JONATHAN NEIDERBACH,DEMOCRATIC PARTY,360.000000
2014,19153153148,AUDITOR OF STATE,,MARY MOSIMAN,REPUBLICAN PARTY,198.000000
2014,19153153148,AUDITOR OF STATE,,WRITE IN,,3.000000
2014,19153153148,GOVERNOR,,JACK HATCH MONICA VERNON,DEMOCRATIC PARTY,333.000000
2014,19153153148,GOVERNOR,,JIM HENNAGER MARY MARGARET KRIEG,NEW INDEPENDENT PARTY IOWA,13.000000
2014,19153153148,GOVERNOR,,JONATHAN R NARCISSE MICHAEL L RICHARDS,IOWA PARTY,13.000000
2014,19153153148,GOVERNOR,,LEE DEAKINS HIEB TIM WATSON,LIBERTARIAN PARTY,15.000000
2014,19153153148,GOVERNOR,,TERRY E BRANSTAD KIM REYNOLDS,REPUBLICAN PARTY,209.000000
2014,19153153148,GOVERNOR,,WRITE IN,,1.000000
2014,19153153148,SECRETARY OF AGRICULTURE,,BILL NORTHEY,REPUBLICAN PARTY,222.000000
2014,19153153148,SECRETARY OF AGRICULTURE,,LEVI BENNING,NEW INDEPENDENT PARTY IOWA,33.000000
2014,19153153148,SECRETARY OF AGRICULTURE,,SHERRIE TAHA,DEMOCRATIC PARTY,305.000000
2014,19153153148,SECRETARY OF AGRICULTURE,,WRITE IN,,2.000000
2014,19153153148,SECRETARY OF STATE,,BRAD ANDERSON,DEMOCRATIC PARTY,360.000000
2014,19153153148,SECRETARY OF STATE,,JAKE PORTER,LIBERTARIAN PARTY,24.000000
2014,19153153148,SECRETARY OF STATE,,PAUL D PATE,REPUBLICAN PARTY,163.000000
2014,19153153148,SECRETARY OF STATE,,SPENCER HIGHLAND,NEW INDEPENDENT PARTY IOWA,23.000000
2014,19153153148,SECRETARY OF STATE,,WRITE IN,,0.000000
2014,19153153148,TREASURER OF STATE,,KEITH A LAUBE,LIBERTARIAN PARTY,23.000000
2014,19153153148,TREASURER OF STATE,,MICHAEL L FITZGERALD,DEMOCRATIC PARTY,396.000000
2014,19153153148,TREASURER OF STATE,,SAM CLOVIS,REPUBLICAN PARTY,145.000000
2014,19153153148,TREASURER OF STATE,,WRITE IN,,4.000000
2014,19153153148,U S SENATE,,BOB QUAST,BOB QUAST FOR TERM LIMITS,5.000000
2014,19153153148,U S SENATE,,BRUCE BRALEY,DEMOCRATIC PARTY,355.000000
2014,19153153148,U S SENATE,,DOUGLAS BUTZIER,LIBERTARIAN PARTY,1.000000
2014,19153153148,U S SENATE,,JONI ERNST,REPUBLICAN PARTY,189.000000
2014,19153153148,U S SENATE,,RICK STEWART,INDEPENDENT,29.000000
2014,19153153148,U S SENATE,,RUTH SMITH,,1.000000
2014,19153153148,U S SENATE,,WRITE IN,,2.000000
2014,19153153149,ATTORNEY GENERAL,,ADAM GREGG,REPUBLICAN PARTY,208.000000
2014,19153153149,ATTORNEY GENERAL,,TOM MILLER,DEMOCRATIC PARTY,641.000000
2014,19153153149,ATTORNEY GENERAL,,WRITE IN,,0.000000
2014,19153153149,AUDITOR OF STATE,,JONATHAN NEIDERBACH,DEMOCRATIC PARTY,526.000000
2014,19153153149,AUDITOR OF STATE,,MARY MOSIMAN,REPUBLICAN PARTY,306.000000
2014,19153153149,AUDITOR OF STATE,,WRITE IN,,1.000000
2014,19153153149,GOVERNOR,,JACK HATCH MONICA VERNON,DEMOCRATIC PARTY,508.000000
2014,19153153149,GOVERNOR,,JIM HENNAGER MARY MARGARET KRIEG,NEW INDEPENDENT PARTY IOWA,8.000000
2014,19153153149,GOVERNOR,,JONATHAN R NARCISSE MICHAEL L RICHARDS,IOWA PARTY,14.000000
2014,19153153149,GOVERNOR,,LEE DEAKINS HIEB TIM WATSON,LIBERTARIAN PARTY,17.000000
2014,19153153149,GOVERNOR,,TERRY E BRANSTAD KIM REYNOLDS,REPUBLICAN PARTY,318.000000
2014,19153153149,GOVERNOR,,WRITE IN,,0.000000
2014,19153153149,SECRETARY OF AGRICULTURE,,BILL NORTHEY,REPUBLICAN PARTY,313.000000
2014,19153153149,SECRETARY OF AGRICULTURE,,LEVI BENNING,NEW INDEPENDENT PARTY IOWA,41.000000
2014,19153153149,SECRETARY OF AGRICULTURE,,SHERRIE TAHA,DEMOCRATIC PARTY,480.000000
2014,19153153149,SECRETARY OF AGRICULTURE,,WRITE IN,,0.000000
2014,19153153149,SECRETARY OF STATE,,BRAD ANDERSON,DEMOCRATIC PARTY,561.000000
2014,19153153149,SECRETARY OF STATE,,JAKE PORTER,LIBERTARIAN PARTY,27.000000
2014,19153153149,SECRETARY OF STATE,,PAUL D PATE,REPUBLICAN PARTY,237.000000
2014,19153153149,SECRETARY OF STATE,,SPENCER HIGHLAND,NEW INDEPENDENT PARTY IOWA,13.000000
2014,19153153149,SECRETARY OF STATE,,WRITE IN,,0.000000
2014,19153153149,TREASURER OF STATE,,KEITH A LAUBE,LIBERTARIAN PARTY,20.000000
2014,19153153149,TREASURER OF STATE,,MICHAEL L FITZGERALD,DEMOCRATIC PARTY,612.000000
2014,19153153149,TREASURER OF STATE,,SAM CLOVIS,REPUBLICAN PARTY,206.000000
2014,19153153149,TREASURER OF STATE,,WRITE IN,,0.000000
2014,19153153149,U S SENATE,,BOB QUAST,BOB QUAST FOR TERM LIMITS,3.000000
2014,19153153149,U S SENATE,,BRUCE BRALEY,DEMOCRATIC PARTY,559.000000
2014,19153153149,U S SENATE,,DOUGLAS BUTZIER,LIBERTARIAN PARTY,5.000000
2014,19153153149,U S SENATE,,JONI ERNST,REPUBLICAN PARTY,272.000000
2014,19153153149,U S SENATE,,RICK STEWART,INDEPENDENT,16.000000
2014,19153153149,U S SENATE,,RUTH SMITH,,1.000000
2014,19153153149,U S SENATE,,WRITE IN,,1.000000
2014,19153153150,ATTORNEY GENERAL,,ADAM GREGG,REPUBLICAN PARTY,142.000000
2014,19153153150,ATTORNEY GENERAL,,TOM MILLER,DEMOCRATIC PARTY,387.000000
2014,19153153150,ATTORNEY GENERAL,,WRITE IN,,1.000000
2014,19153153150,AUDITOR OF STATE,,JONATHAN NEIDERBACH,DEMOCRATIC PARTY,321.000000
2014,19153153150,AUDITOR OF STATE,,MARY MOSIMAN,REPUBLICAN PARTY,193.000000
2014,19153153150,AUDITOR OF STATE,,WRITE IN,,1.000000
2014,19153153150,GOVERNOR,,JACK HATCH MONICA VERNON,DEMOCRATIC PARTY,304.000000
2014,19153153150,GOVERNOR,,JIM HENNAGER MARY MARGARET KRIEG,NEW INDEPENDENT PARTY IOWA,6.000000
2014,19153153150,GOVERNOR,,JONATHAN R NARCISSE MICHAEL L RICHARDS,IOWA PARTY,13.000000
2014,19153153150,GOVERNOR,,LEE DEAKINS HIEB TIM WATSON,LIBERTARIAN PARTY,3.000000
2014,19153153150,GOVERNOR,,TERRY E BRANSTAD KIM REYNOLDS,REPUBLICAN PARTY,205.000000
2014,19153153150,GOVERNOR,,WRITE IN,,1.000000
2014,19153153150,SECRETARY OF AGRICULTURE,,BILL NORTHEY,REPUBLICAN PARTY,212.000000
2014,19153153150,SECRETARY OF AGRICULTURE,,LEVI BENNING,NEW INDEPENDENT PARTY IOWA,15.000000
2014,19153153150,SECRETARY OF AGRICULTURE,,SHERRIE TAHA,DEMOCRATIC PARTY,295.000000
2014,19153153150,SECRETARY OF AGRICULTURE,,WRITE IN,,1.000000
2014,19153153150,SECRETARY OF STATE,,BRAD ANDERSON,DEMOCRATIC PARTY,348.000000
2014,19153153150,SECRETARY OF STATE,,JAKE PORTER,LIBERTARIAN PARTY,14.000000
2014,19153153150,SECRETARY OF STATE,,PAUL D PATE,REPUBLICAN PARTY,151.000000
2014,19153153150,SECRETARY OF STATE,,SPENCER HIGHLAND,NEW INDEPENDENT PARTY IOWA,10.000000
2014,19153153150,SECRETARY OF STATE,,WRITE IN,,1.000000
2014,19153153150,TREASURER OF STATE,,KEITH A LAUBE,LIBERTARIAN PARTY,14.000000
2014,19153153150,TREASURER OF STATE,,MICHAEL L FITZGERALD,DEMOCRATIC PARTY,369.000000
2014,19153153150,TREASURER OF STATE,,SAM CLOVIS,REPUBLICAN PARTY,142.000000
2014,19153153150,TREASURER OF STATE,,WRITE IN,,1.000000
2014,19153153150,U S SENATE,,BOB QUAST,BOB QUAST FOR TERM LIMITS,4.000000
2014,19153153150,U S SENATE,,BRUCE BRALEY,DEMOCRATIC PARTY,331.000000
2014,19153153150,U S SENATE,,DOUGLAS BUTZIER,LIBERTARIAN PARTY,5.000000
2014,19153153150,U S SENATE,,JONI ERNST,REPUBLICAN PARTY,178.000000
2014,19153153150,U S SENATE,,RICK STEWART,INDEPENDENT,13.000000
2014,19153153150,U S SENATE,,RUTH SMITH,,2.000000
2014,19153153150,U S SENATE,,WRITE IN,,2.000000
2014,19153153151,ATTORNEY GENERAL,,ADAM GREGG,REPUBLICAN PARTY,331.000000
2014,19153153151,ATTORNEY GENERAL,,TOM MILLER,DEMOCRATIC PARTY,720.000000
2014,19153153151,ATTORNEY GENERAL,,WRITE IN,,1.000000
2014,19153153151,AUDITOR OF STATE,,JONATHAN NEIDERBACH,DEMOCRATIC PARTY,555.000000
2014,19153153151,AUDITOR OF STATE,,MARY MOSIMAN,REPUBLICAN PARTY,458.000000
2014,19153153151,AUDITOR OF STATE,,WRITE IN,,1.000000
2014,19153153151,GOVERNOR,,JACK HATCH MONICA VERNON,DEMOCRATIC PARTY,533.000000
2014,19153153151,GOVERNOR,,JIM HENNAGER MARY MARGARET KRIEG,NEW INDEPENDENT PARTY IOWA,15.000000
2014,19153153151,GOVERNOR,,JONATHAN R NARCISSE MICHAEL L RICHARDS,IOWA PARTY,20.000000
2014,19153153151,GOVERNOR,,LEE DEAKINS HIEB TIM WATSON,LIBERTARIAN PARTY,30.000000
2014,19153153151,GOVERNOR,,TERRY E BRANSTAD KIM REYNOLDS,REPUBLICAN PARTY,473.000000
2014,19153153151,GOVERNOR,,WRITE IN,,0.000000
2014,19153153151,SECRETARY OF AGRICULTURE,,BILL NORTHEY,REPUBLICAN PARTY,501.000000
2014,19153153151,SECRETARY OF AGRICULTURE,,LEVI BENNING,NEW INDEPENDENT PARTY IOWA,45.000000
2014,19153153151,SECRETARY OF AGRICULTURE,,SHERRIE TAHA,DEMOCRATIC PARTY,486.000000
2014,19153153151,SECRETARY OF AGRICULTURE,,WRITE IN,,0.000000
2014,19153153151,SECRETARY OF STATE,,BRAD ANDERSON,DEMOCRATIC PARTY,605.000000
2014,19153153151,SECRETARY OF STATE,,JAKE PORTER,LIBERTARIAN PARTY,36.000000
2014,19153153151,SECRETARY OF STATE,,PAUL D PATE,REPUBLICAN PARTY,379.000000
2014,19153153151,SECRETARY OF STATE,,SPENCER HIGHLAND,NEW INDEPENDENT PARTY IOWA,17.000000
2014,19153153151,SECRETARY OF STATE,,WRITE IN,,0.000000
2014,19153153151,TREASURER OF STATE,,KEITH A LAUBE,LIBERTARIAN PARTY,23.000000
2014,19153153151,TREASURER OF STATE,,MICHAEL L FITZGERALD,DEMOCRATIC PARTY,687.000000
2014,19153153151,TREASURER OF STATE,,SAM CLOVIS,REPUBLICAN PARTY,329.000000
2014,19153153151,TREASURER OF STATE,,WRITE IN,,0.000000
2014,19153153151,U S SENATE,,BOB QUAST,BOB QUAST FOR TERM LIMITS,10.000000
2014,19153153151,U S SENATE,,BRUCE BRALEY,DEMOCRATIC PARTY,564.000000
2014,19153153151,U S SENATE,,DOUGLAS BUTZIER,LIBERTARIAN PARTY,10.000000
2014,19153153151,U S SENATE,,JONI ERNST,REPUBLICAN PARTY,454.000000
2014,19153153151,U S SENATE,,RICK STEWART,INDEPENDENT,27.000000
2014,19153153151,U S SENATE,,RUTH SMITH,,2.000000
2014,19153153151,U S SENATE,,WRITE IN,,0.000000
2014,19153153152,ATTORNEY GENERAL,,ADAM GREGG,REPUBLICAN PARTY,23.000000
2014,19153153152,ATTORNEY GENERAL,,TOM MILLER,DEMOCRATIC PARTY,35.000000
2014,19153153152,ATTORNEY GENERAL,,WRITE IN,,1.000000
2014,19153153152,AUDITOR OF STATE,,JONATHAN NEIDERBACH,DEMOCRATIC PARTY,26.000000
2014,19153153152,AUDITOR OF STATE,,MARY MOSIMAN,REPUBLICAN PARTY,26.000000
2014,19153153152,AUDITOR OF STATE,,WRITE IN,,1.000000
2014,19153153152,GOVERNOR,,JACK HATCH MONICA VERNON,DEMOCRATIC PARTY,31.000000
2014,19153153152,GOVERNOR,,JIM HENNAGER MARY MARGARET KRIEG,NEW INDEPENDENT PARTY IOWA,2.000000
2014,19153153152,GOVERNOR,,JONATHAN R NARCISSE MICHAEL L RICHARDS,IOWA PARTY,1.000000
2014,19153153152,GOVERNOR,,LEE DEAKINS HIEB TIM WATSON,LIBERTARIAN PARTY,0.000000
2014,19153153152,GOVERNOR,,TERRY E BRANSTAD KIM REYNOLDS,REPUBLICAN PARTY,26.000000
2014,19153153152,GOVERNOR,,WRITE IN,,0.000000
2014,19153153152,SECRETARY OF AGRICULTURE,,BILL NORTHEY,REPUBLICAN PARTY,31.000000
2014,19153153152,SECRETARY OF AGRICULTURE,,LEVI BENNING,NEW INDEPENDENT PARTY IOWA,3.000000
2014,19153153152,SECRETARY OF AGRICULTURE,,SHERRIE TAHA,DEMOCRATIC PARTY,24.000000
2014,19153153152,SECRETARY OF AGRICULTURE,,WRITE IN,,1.000000
2014,19153153152,SECRETARY OF STATE,,BRAD ANDERSON,DEMOCRATIC PARTY,31.000000
2014,19153153152,SECRETARY OF STATE,,JAKE PORTER,LIBERTARIAN PARTY,0.000000
2014,19153153152,SECRETARY OF STATE,,PAUL D PATE,REPUBLICAN PARTY,23.000000
2014,19153153152,SECRETARY OF STATE,,SPENCER HIGHLAND,NEW INDEPENDENT PARTY IOWA,2.000000
2014,19153153152,SECRETARY OF STATE,,WRITE IN,,0.000000
2014,19153153152,TREASURER OF STATE,,KEITH A LAUBE,LIBERTARIAN PARTY,3.000000
2014,19153153152,TREASURER OF STATE,,MICHAEL L FITZGERALD,DEMOCRATIC PARTY,31.000000
2014,19153153152,TREASURER OF STATE,,SAM CLOVIS,REPUBLICAN PARTY,23.000000
2014,19153153152,TREASURER OF STATE,,WRITE IN,,0.000000
2014,19153153152,U S SENATE,,BOB QUAST,BOB QUAST FOR TERM LIMITS,0.000000
2014,19153153152,U S SENATE,,BRUCE BRALEY,DEMOCRATIC PARTY,30.000000
2014,19153153152,U S SENATE,,DOUGLAS BUTZIER,LIBERTARIAN PARTY,0.000000
2014,19153153152,U S SENATE,,JONI ERNST,REPUBLICAN PARTY,27.000000
2014,19153153152,U S SENATE,,RICK STEWART,INDEPENDENT,3.000000
2014,19153153152,U S SENATE,,RUTH SMITH,,0.000000
2014,19153153152,U S SENATE,,WRITE IN,,0.000000
2014,19153153153,ATTORNEY GENERAL,,ADAM GREGG,REPUBLICAN PARTY,307.000000
2014,19153153153,ATTORNEY GENERAL,,TOM MILLER,DEMOCRATIC PARTY,583.000000
2014,19153153153,ATTORNEY GENERAL,,WRITE IN,,0.000000
2014,19153153153,AUDITOR OF STATE,,JONATHAN NEIDERBACH,DEMOCRATIC PARTY,452.000000
2014,19153153153,AUDITOR OF STATE,,MARY MOSIMAN,REPUBLICAN PARTY,417.000000
2014,19153153153,AUDITOR OF STATE,,WRITE IN,,1.000000
2014,19153153153,GOVERNOR,,JACK HATCH MONICA VERNON,DEMOCRATIC PARTY,427.000000
2014,19153153153,GOVERNOR,,JIM HENNAGER MARY MARGARET KRIEG,NEW INDEPENDENT PARTY IOWA,7.000000
2014,19153153153,GOVERNOR,,JONATHAN R NARCISSE MICHAEL L RICHARDS,IOWA PARTY,16.000000
2014,19153153153,GOVERNOR,,LEE DEAKINS HIEB TIM WATSON,LIBERTARIAN PARTY,21.000000
2014,19153153153,GOVERNOR,,TERRY E BRANSTAD KIM REYNOLDS,REPUBLICAN PARTY,432.000000
2014,19153153153,GOVERNOR,,WRITE IN,,1.000000
2014,19153153153,SECRETARY OF AGRICULTURE,,BILL NORTHEY,REPUBLICAN PARTY,463.000000
2014,19153153153,SECRETARY OF AGRICULTURE,,LEVI BENNING,NEW INDEPENDENT PARTY IOWA,25.000000
2014,19153153153,SECRETARY OF AGRICULTURE,,SHERRIE TAHA,DEMOCRATIC PARTY,386.000000
2014,19153153153,SECRETARY OF AGRICULTURE,,WRITE IN,,0.000000
2014,19153153153,SECRETARY OF STATE,,BRAD ANDERSON,DEMOCRATIC PARTY,500.000000
2014,19153153153,SECRETARY OF STATE,,JAKE PORTER,LIBERTARIAN PARTY,29.000000
2014,19153153153,SECRETARY OF STATE,,PAUL D PATE,REPUBLICAN PARTY,347.000000
2014,19153153153,SECRETARY OF STATE,,SPENCER HIGHLAND,NEW INDEPENDENT PARTY IOWA,13.000000
2014,19153153153,SECRETARY OF STATE,,WRITE IN,,0.000000
2014,19153153153,TREASURER OF STATE,,KEITH A LAUBE,LIBERTARIAN PARTY,26.000000
2014,19153153153,TREASURER OF STATE,,MICHAEL L FITZGERALD,DEMOCRATIC PARTY,554.000000
2014,19153153153,TREASURER OF STATE,,SAM CLOVIS,REPUBLICAN PARTY,305.000000
2014,19153153153,TREASURER OF STATE,,WRITE IN,,0.000000
2014,19153153153,U S SENATE,,BOB QUAST,BOB QUAST FOR TERM LIMITS,4.000000
2014,19153153153,U S SENATE,,BRUCE BRALEY,DEMOCRATIC PARTY,467.000000
2014,19153153153,U S SENATE,,DOUGLAS BUTZIER,LIBERTARIAN PARTY,8.000000
2014,19153153153,U S SENATE,,JONI ERNST,REPUBLICAN PARTY,402.000000
2014,19153153153,U S SENATE,,RICK STEWART,INDEPENDENT,22.000000
2014,19153153153,U S SENATE,,RUTH SMITH,,3.000000
2014,19153153153,U S SENATE,,WRITE IN,,0.000000
2014,19153153154,ATTORNEY GENERAL,,ADAM GREGG,REPUBLICAN PARTY,136.000000
2014,19153153154,ATTORNEY GENERAL,,TOM MILLER,DEMOCRATIC PARTY,248.000000
2014,19153153154,ATTORNEY GENERAL,,WRITE IN,,0.000000
2014,19153153154,AUDITOR OF STATE,,JONATHAN NEIDERBACH,DEMOCRATIC PARTY,185.000000
2014,19153153154,AUDITOR OF STATE,,MARY MOSIMAN,REPUBLICAN PARTY,194.000000
2014,19153153154,AUDITOR OF STATE,,WRITE IN,,0.000000
2014,19153153154,GOVERNOR,,JACK HATCH MONICA VERNON,DEMOCRATIC PARTY,173.000000
2014,19153153154,GOVERNOR,,JIM HENNAGER MARY MARGARET KRIEG,NEW INDEPENDENT PARTY IOWA,3.000000
2014,19153153154,GOVERNOR,,JONATHAN R NARCISSE MICHAEL L RICHARDS,IOWA PARTY,7.000000
2014,19153153154,GOVERNOR,,LEE DEAKINS HIEB TIM WATSON,LIBERTARIAN PARTY,13.000000
2014,19153153154,GOVERNOR,,TERRY E BRANSTAD KIM REYNOLDS,REPUBLICAN PARTY,189.000000
2014,19153153154,GOVERNOR,,WRITE IN,,0.000000
2014,19153153154,SECRETARY OF AGRICULTURE,,BILL NORTHEY,REPUBLICAN PARTY,207.000000
2014,19153153154,SECRETARY OF AGRICULTURE,,LEVI BENNING,NEW INDEPENDENT PARTY IOWA,12.000000
2014,19153153154,SECRETARY OF AGRICULTURE,,SHERRIE TAHA,DEMOCRATIC PARTY,159.000000
2014,19153153154,SECRETARY OF AGRICULTURE,,WRITE IN,,0.000000
2014,19153153154,SECRETARY OF STATE,,BRAD ANDERSON,DEMOCRATIC PARTY,213.000000
2014,19153153154,SECRETARY OF STATE,,JAKE PORTER,LIBERTARIAN PARTY,5.000000
2014,19153153154,SECRETARY OF STATE,,PAUL D PATE,REPUBLICAN PARTY,156.000000
2014,19153153154,SECRETARY OF STATE,,SPENCER HIGHLAND,NEW INDEPENDENT PARTY IOWA,9.000000
2014,19153153154,SECRETARY OF STATE,,WRITE IN,,0.000000
2014,19153153154,TREASURER OF STATE,,KEITH A LAUBE,LIBERTARIAN PARTY,10.000000
2014,19153153154,TREASURER OF STATE,,MICHAEL L FITZGERALD,DEMOCRATIC PARTY,235.000000
2014,19153153154,TREASURER OF STATE,,SAM CLOVIS,REPUBLICAN PARTY,134.000000
2014,19153153154,TREASURER OF STATE,,WRITE IN,,0.000000
2014,19153153154,U S SENATE,,BOB QUAST,BOB QUAST FOR TERM LIMITS,1.000000
2014,19153153154,U S SENATE,,BRUCE BRALEY,DEMOCRATIC PARTY,193.000000
2014,19153153154,U S SENATE,,DOUGLAS BUTZIER,LIBERTARIAN PARTY,1.000000
2014,19153153154,U S SENATE,,JONI ERNST,REPUBLICAN PARTY,181.000000
2014,19153153154,U S SENATE,,RICK STEWART,INDEPENDENT,10.000000
2014,19153153154,U S SENATE,,RUTH SMITH,,1.000000
2014,19153153154,U S SENATE,,WRITE IN,,0.000000
2014,19153153155,ATTORNEY GENERAL,,ADAM GREGG,REPUBLICAN PARTY,202.000000
2014,19153153155,ATTORNEY GENERAL,,TOM MILLER,DEMOCRATIC PARTY,463.000000
2014,19153153155,ATTORNEY GENERAL,,WRITE IN,,1.000000
2014,19153153155,AUDITOR OF STATE,,JONATHAN NEIDERBACH,DEMOCRATIC PARTY,387.000000
2014,19153153155,AUDITOR OF STATE,,MARY MOSIMAN,REPUBLICAN PARTY,259.000000
2014,19153153155,AUDITOR OF STATE,,WRITE IN,,2.000000
2014,19153153155,GOVERNOR,,JACK HATCH MONICA VERNON,DEMOCRATIC PARTY,372.000000
2014,19153153155,GOVERNOR,,JIM HENNAGER MARY MARGARET KRIEG,NEW INDEPENDENT PARTY IOWA,11.000000
2014,19153153155,GOVERNOR,,JONATHAN R NARCISSE MICHAEL L RICHARDS,IOWA PARTY,7.000000
2014,19153153155,GOVERNOR,,LEE DEAKINS HIEB TIM WATSON,LIBERTARIAN PARTY,20.000000
2014,19153153155,GOVERNOR,,TERRY E BRANSTAD KIM REYNOLDS,REPUBLICAN PARTY,262.000000
2014,19153153155,GOVERNOR,,WRITE IN,,2.000000
2014,19153153155,SECRETARY OF AGRICULTURE,,BILL NORTHEY,REPUBLICAN PARTY,286.000000
2014,19153153155,SECRETARY OF AGRICULTURE,,LEVI BENNING,NEW INDEPENDENT PARTY IOWA,27.000000
2014,19153153155,SECRETARY OF AGRICULTURE,,SHERRIE TAHA,DEMOCRATIC PARTY,335.000000
2014,19153153155,SECRETARY OF AGRICULTURE,,WRITE IN,,0.000000
2014,19153153155,SECRETARY OF STATE,,BRAD ANDERSON,DEMOCRATIC PARTY,399.000000
2014,19153153155,SECRETARY OF STATE,,JAKE PORTER,LIBERTARIAN PARTY,17.000000
2014,19153153155,SECRETARY OF STATE,,PAUL D PATE,REPUBLICAN PARTY,222.000000
2014,19153153155,SECRETARY OF STATE,,SPENCER HIGHLAND,NEW INDEPENDENT PARTY IOWA,19.000000
2014,19153153155,SECRETARY OF STATE,,WRITE IN,,0.000000
2014,19153153155,TREASURER OF STATE,,KEITH A LAUBE,LIBERTARIAN PARTY,15.000000
2014,19153153155,TREASURER OF STATE,,MICHAEL L FITZGERALD,DEMOCRATIC PARTY,436.000000
2014,19153153155,TREASURER OF STATE,,SAM CLOVIS,REPUBLICAN PARTY,203.000000
2014,19153153155,TREASURER OF STATE,,WRITE IN,,0.000000
2014,19153153155,U S SENATE,,BOB QUAST,BOB QUAST FOR TERM LIMITS,5.000000
2014,19153153155,U S SENATE,,BRUCE BRALEY,DEMOCRATIC PARTY,385.000000
2014,19153153155,U S SENATE,,DOUGLAS BUTZIER,LIBERTARIAN PARTY,7.000000
2014,19153153155,U S SENATE,,JONI ERNST,REPUBLICAN PARTY,253.000000
2014,19153153155,U S SENATE,,RICK STEWART,INDEPENDENT,15.000000
2014,19153153155,U S SENATE,,RUTH SMITH,,4.000000
2014,19153153155,U S SENATE,,WRITE IN,,0.000000
2014,19153153156,ATTORNEY GENERAL,,ADAM GREGG,REPUBLICAN PARTY,211.000000
2014,19153153156,ATTORNEY GENERAL,,TOM MILLER,DEMOCRATIC PARTY,562.000000
2014,19153153156,ATTORNEY GENERAL,,WRITE IN,,0.000000
2014,19153153156,AUDITOR OF STATE,,JONATHAN NEIDERBACH,DEMOCRATIC PARTY,459.000000
2014,19153153156,AUDITOR OF STATE,,MARY MOSIMAN,REPUBLICAN PARTY,304.000000
2014,19153153156,AUDITOR OF STATE,,WRITE IN,,1.000000
2014,19153153156,GOVERNOR,,JACK HATCH MONICA VERNON,DEMOCRATIC PARTY,439.000000
2014,19153153156,GOVERNOR,,JIM HENNAGER MARY MARGARET KRIEG,NEW INDEPENDENT PARTY IOWA,8.000000
2014,19153153156,GOVERNOR,,JONATHAN R NARCISSE MICHAEL L RICHARDS,IOWA PARTY,12.000000
2014,19153153156,GOVERNOR,,LEE DEAKINS HIEB TIM WATSON,LIBERTARIAN PARTY,18.000000
2014,19153153156,GOVERNOR,,TERRY E BRANSTAD KIM REYNOLDS,REPUBLICAN PARTY,309.000000
2014,19153153156,GOVERNOR,,WRITE IN,,1.000000
2014,19153153156,SECRETARY OF AGRICULTURE,,BILL NORTHEY,REPUBLICAN PARTY,333.000000
2014,19153153156,SECRETARY OF AGRICULTURE,,LEVI BENNING,NEW INDEPENDENT PARTY IOWA,33.000000
2014,19153153156,SECRETARY OF AGRICULTURE,,SHERRIE TAHA,DEMOCRATIC PARTY,407.000000
2014,19153153156,SECRETARY OF AGRICULTURE,,WRITE IN,,0.000000
2014,19153153156,SECRETARY OF STATE,,BRAD ANDERSON,DEMOCRATIC PARTY,490.000000
2014,19153153156,SECRETARY OF STATE,,JAKE PORTER,LIBERTARIAN PARTY,22.000000
2014,19153153156,SECRETARY OF STATE,,PAUL D PATE,REPUBLICAN PARTY,248.000000
2014,19153153156,SECRETARY OF STATE,,SPENCER HIGHLAND,NEW INDEPENDENT PARTY IOWA,19.000000
2014,19153153156,SECRETARY OF STATE,,WRITE IN,,0.000000
2014,19153153156,TREASURER OF STATE,,KEITH A LAUBE,LIBERTARIAN PARTY,25.000000
2014,19153153156,TREASURER OF STATE,,MICHAEL L FITZGERALD,DEMOCRATIC PARTY,523.000000
2014,19153153156,TREASURER OF STATE,,SAM CLOVIS,REPUBLICAN PARTY,226.000000
2014,19153153156,TREASURER OF STATE,,WRITE IN,,0.000000
2014,19153153156,U S SENATE,,BOB QUAST,BOB QUAST FOR TERM LIMITS,7.000000
2014,19153153156,U S SENATE,,BRUCE BRALEY,DEMOCRATIC PARTY,463.000000
2014,19153153156,U S SENATE,,DOUGLAS BUTZIER,LIBERTARIAN PARTY,6.000000
2014,19153153156,U S SENATE,,JONI ERNST,REPUBLICAN PARTY,289.000000
2014,19153153156,U S SENATE,,RICK STEWART,INDEPENDENT,15.000000
2014,19153153156,U S SENATE,,RUTH SMITH,,7.000000
2014,19153153156,U S SENATE,,WRITE IN,,1.000000
2014,19153153157,ATTORNEY GENERAL,,ADAM GREGG,REPUBLICAN PARTY,188.000000
2014,19153153157,ATTORNEY GENERAL,,TOM MILLER,DEMOCRATIC PARTY,504.000000
2014,19153153157,ATTORNEY GENERAL,,WRITE IN,,1.000000
2014,19153153157,AUDITOR OF STATE,,JONATHAN NEIDERBACH,DEMOCRATIC PARTY,418.000000
2014,19153153157,AUDITOR OF STATE,,MARY MOSIMAN,REPUBLICAN PARTY,258.000000
2014,19153153157,AUDITOR OF STATE,,WRITE IN,,2.000000
2014,19153153157,GOVERNOR,,JACK HATCH MONICA VERNON,DEMOCRATIC PARTY,400.000000
2014,19153153157,GOVERNOR,,JIM HENNAGER MARY MARGARET KRIEG,NEW INDEPENDENT PARTY IOWA,4.000000
2014,19153153157,GOVERNOR,,JONATHAN R NARCISSE MICHAEL L RICHARDS,IOWA PARTY,15.000000
2014,19153153157,GOVERNOR,,LEE DEAKINS HIEB TIM WATSON,LIBERTARIAN PARTY,20.000000
2014,19153153157,GOVERNOR,,TERRY E BRANSTAD KIM REYNOLDS,REPUBLICAN PARTY,260.000000
2014,19153153157,GOVERNOR,,WRITE IN,,0.000000
2014,19153153157,SECRETARY OF AGRICULTURE,,BILL NORTHEY,REPUBLICAN PARTY,286.000000
2014,19153153157,SECRETARY OF AGRICULTURE,,LEVI BENNING,NEW INDEPENDENT PARTY IOWA,33.000000
2014,19153153157,SECRETARY OF AGRICULTURE,,SHERRIE TAHA,DEMOCRATIC PARTY,361.000000
2014,19153153157,SECRETARY OF AGRICULTURE,,WRITE IN,,1.000000
2014,19153153157,SECRETARY OF STATE,,BRAD ANDERSON,DEMOCRATIC PARTY,435.000000
2014,19153153157,SECRETARY OF STATE,,JAKE PORTER,LIBERTARIAN PARTY,25.000000
2014,19153153157,SECRETARY OF STATE,,PAUL D PATE,REPUBLICAN PARTY,212.000000
2014,19153153157,SECRETARY OF STATE,,SPENCER HIGHLAND,NEW INDEPENDENT PARTY IOWA,15.000000
2014,19153153157,SECRETARY OF STATE,,WRITE IN,,0.000000
2014,19153153157,TREASURER OF STATE,,KEITH A LAUBE,LIBERTARIAN PARTY,22.000000
2014,19153153157,TREASURER OF STATE,,MICHAEL L FITZGERALD,DEMOCRATIC PARTY,484.000000
2014,19153153157,TREASURER OF STATE,,SAM CLOVIS,REPUBLICAN PARTY,187.000000
2014,19153153157,TREASURER OF STATE,,WRITE IN,,0.000000
2014,19153153157,U S SENATE,,BOB QUAST,BOB QUAST FOR TERM LIMITS,4.000000
2014,19153153157,U S SENATE,,BRUCE BRALEY,DEMOCRATIC PARTY,423.000000
2014,19153153157,U S SENATE,,DOUGLAS BUTZIER,LIBERTARIAN PARTY,6.000000
2014,19153153157,U S SENATE,,JONI ERNST,REPUBLICAN PARTY,248.000000
2014,19153153157,U S SENATE,,RICK STEWART,INDEPENDENT,16.000000
2014,19153153157,U S SENATE,,RUTH SMITH,,3.000000
2014,19153153157,U S SENATE,,WRITE IN,,1.000000
2014,19153153158,ATTORNEY GENERAL,,ADAM GREGG,REPUBLICAN PARTY,216.000000
2014,19153153158,ATTORNEY GENERAL,,TOM MILLER,DEMOCRATIC PARTY,550.000000
2014,19153153158,ATTORNEY GENERAL,,WRITE IN,,4.000000
2014,19153153158,AUDITOR OF STATE,,JONATHAN NEIDERBACH,DEMOCRATIC PARTY,455.000000
2014,19153153158,AUDITOR OF STATE,,MARY MOSIMAN,REPUBLICAN PARTY,279.000000
2014,19153153158,AUDITOR OF STATE,,WRITE IN,,4.000000
2014,19153153158,GOVERNOR,,JACK HATCH MONICA VERNON,DEMOCRATIC PARTY,443.000000
2014,19153153158,GOVERNOR,,JIM HENNAGER MARY MARGARET KRIEG,NEW INDEPENDENT PARTY IOWA,11.000000
2014,19153153158,GOVERNOR,,JONATHAN R NARCISSE MICHAEL L RICHARDS,IOWA PARTY,13.000000
2014,19153153158,GOVERNOR,,LEE DEAKINS HIEB TIM WATSON,LIBERTARIAN PARTY,14.000000
2014,19153153158,GOVERNOR,,TERRY E BRANSTAD KIM REYNOLDS,REPUBLICAN PARTY,295.000000
2014,19153153158,GOVERNOR,,WRITE IN,,0.000000
2014,19153153158,SECRETARY OF AGRICULTURE,,BILL NORTHEY,REPUBLICAN PARTY,320.000000
2014,19153153158,SECRETARY OF AGRICULTURE,,LEVI BENNING,NEW INDEPENDENT PARTY IOWA,40.000000
2014,19153153158,SECRETARY OF AGRICULTURE,,SHERRIE TAHA,DEMOCRATIC PARTY,390.000000
2014,19153153158,SECRETARY OF AGRICULTURE,,WRITE IN,,1.000000
2014,19153153158,SECRETARY OF STATE,,BRAD ANDERSON,DEMOCRATIC PARTY,498.000000
2014,19153153158,SECRETARY OF STATE,,JAKE PORTER,LIBERTARIAN PARTY,21.000000
2014,19153153158,SECRETARY OF STATE,,PAUL D PATE,REPUBLICAN PARTY,217.000000
2014,19153153158,SECRETARY OF STATE,,SPENCER HIGHLAND,NEW INDEPENDENT PARTY IOWA,22.000000
2014,19153153158,SECRETARY OF STATE,,WRITE IN,,0.000000
2014,19153153158,TREASURER OF STATE,,KEITH A LAUBE,LIBERTARIAN PARTY,23.000000
2014,19153153158,TREASURER OF STATE,,MICHAEL L FITZGERALD,DEMOCRATIC PARTY,535.000000
2014,19153153158,TREASURER OF STATE,,SAM CLOVIS,REPUBLICAN PARTY,206.000000
2014,19153153158,TREASURER OF STATE,,WRITE IN,,1.000000
2014,19153153158,U S SENATE,,BOB QUAST,BOB QUAST FOR TERM LIMITS,6.000000
2014,19153153158,U S SENATE,,BRUCE BRALEY,DEMOCRATIC PARTY,466.000000
2014,19153153158,U S SENATE,,DOUGLAS BUTZIER,LIBERTARIAN PARTY,9.000000
2014,19153153158,U S SENATE,,JONI ERNST,REPUBLICAN PARTY,277.000000
2014,19153153158,U S SENATE,,RICK STEWART,INDEPENDENT,14.000000
2014,19153153158,U S SENATE,,RUTH SMITH,,4.000000
2014,19153153158,U S SENATE,,WRITE IN,,3.000000
2014,19153153159,ATTORNEY GENERAL,,ADAM GREGG,REPUBLICAN PARTY,243.000000
2014,19153153159,ATTORNEY GENERAL,,TOM MILLER,DEMOCRATIC PARTY,583.000000
2014,19153153159,ATTORNEY GENERAL,,WRITE IN,,2.000000
2014,19153153159,AUDITOR OF STATE,,JONATHAN NEIDERBACH,DEMOCRATIC PARTY,507.000000
2014,19153153159,AUDITOR OF STATE,,MARY MOSIMAN,REPUBLICAN PARTY,304.000000
2014,19153153159,AUDITOR OF STATE,,WRITE IN,,2.000000
2014,19153153159,GOVERNOR,,JACK HATCH MONICA VERNON,DEMOCRATIC PARTY,477.000000
2014,19153153159,GOVERNOR,,JIM HENNAGER MARY MARGARET KRIEG,NEW INDEPENDENT PARTY IOWA,8.000000
2014,19153153159,GOVERNOR,,JONATHAN R NARCISSE MICHAEL L RICHARDS,IOWA PARTY,22.000000
2014,19153153159,GOVERNOR,,LEE DEAKINS HIEB TIM WATSON,LIBERTARIAN PARTY,16.000000
2014,19153153159,GOVERNOR,,TERRY E BRANSTAD KIM REYNOLDS,REPUBLICAN PARTY,325.000000
2014,19153153159,GOVERNOR,,WRITE IN,,1.000000
2014,19153153159,SECRETARY OF AGRICULTURE,,BILL NORTHEY,REPUBLICAN PARTY,338.000000
2014,19153153159,SECRETARY OF AGRICULTURE,,LEVI BENNING,NEW INDEPENDENT PARTY IOWA,40.000000
2014,19153153159,SECRETARY OF AGRICULTURE,,SHERRIE TAHA,DEMOCRATIC PARTY,442.000000
2014,19153153159,SECRETARY OF AGRICULTURE,,WRITE IN,,1.000000
2014,19153153159,SECRETARY OF STATE,,BRAD ANDERSON,DEMOCRATIC PARTY,514.000000
2014,19153153159,SECRETARY OF STATE,,JAKE PORTER,LIBERTARIAN PARTY,34.000000
2014,19153153159,SECRETARY OF STATE,,PAUL D PATE,REPUBLICAN PARTY,264.000000
2014,19153153159,SECRETARY OF STATE,,SPENCER HIGHLAND,NEW INDEPENDENT PARTY IOWA,21.000000
2014,19153153159,SECRETARY OF STATE,,WRITE IN,,2.000000
2014,19153153159,TREASURER OF STATE,,KEITH A LAUBE,LIBERTARIAN PARTY,32.000000
2014,19153153159,TREASURER OF STATE,,MICHAEL L FITZGERALD,DEMOCRATIC PARTY,566.000000
2014,19153153159,TREASURER OF STATE,,SAM CLOVIS,REPUBLICAN PARTY,229.000000
2014,19153153159,TREASURER OF STATE,,WRITE IN,,2.000000
2014,19153153159,U S SENATE,,BOB QUAST,BOB QUAST FOR TERM LIMITS,5.000000
2014,19153153159,U S SENATE,,BRUCE BRALEY,DEMOCRATIC PARTY,492.000000
2014,19153153159,U S SENATE,,DOUGLAS BUTZIER,LIBERTARIAN PARTY,8.000000
2014,19153153159,U S SENATE,,JONI ERNST,REPUBLICAN PARTY,311.000000
2014,19153153159,U S SENATE,,RICK STEWART,INDEPENDENT,24.000000
2014,19153153159,U S SENATE,,RUTH SMITH,,7.000000
2014,19153153159,U S SENATE,,WRITE IN,,0.000000
2014,19153153160,ATTORNEY GENERAL,,ADAM GREGG,REPUBLICAN PARTY,360.000000
2014,19153153160,ATTORNEY GENERAL,,TOM MILLER,DEMOCRATIC PARTY,774.000000
2014,19153153160,ATTORNEY GENERAL,,WRITE IN,,3.000000
2014,19153153160,AUDITOR OF STATE,,JONATHAN NEIDERBACH,DEMOCRATIC PARTY,644.000000
2014,19153153160,AUDITOR OF STATE,,MARY MOSIMAN,REPUBLICAN PARTY,447.000000
2014,19153153160,AUDITOR OF STATE,,WRITE IN,,8.000000
2014,19153153160,GOVERNOR,,JACK HATCH MONICA VERNON,DEMOCRATIC PARTY,621.000000
2014,19153153160,GOVERNOR,,JIM HENNAGER MARY MARGARET KRIEG,NEW INDEPENDENT PARTY IOWA,23.000000
2014,19153153160,GOVERNOR,,JONATHAN R NARCISSE MICHAEL L RICHARDS,IOWA PARTY,24.000000
2014,19153153160,GOVERNOR,,LEE DEAKINS HIEB TIM WATSON,LIBERTARIAN PARTY,25.000000
2014,19153153160,GOVERNOR,,TERRY E BRANSTAD KIM REYNOLDS,REPUBLICAN PARTY,468.000000
2014,19153153160,GOVERNOR,,WRITE IN,,4.000000
2014,19153153160,SECRETARY OF AGRICULTURE,,BILL NORTHEY,REPUBLICAN PARTY,495.000000
2014,19153153160,SECRETARY OF AGRICULTURE,,LEVI BENNING,NEW INDEPENDENT PARTY IOWA,52.000000
2014,19153153160,SECRETARY OF AGRICULTURE,,SHERRIE TAHA,DEMOCRATIC PARTY,553.000000
2014,19153153160,SECRETARY OF AGRICULTURE,,WRITE IN,,2.000000
2014,19153153160,SECRETARY OF STATE,,BRAD ANDERSON,DEMOCRATIC PARTY,682.000000
2014,19153153160,SECRETARY OF STATE,,JAKE PORTER,LIBERTARIAN PARTY,37.000000
2014,19153153160,SECRETARY OF STATE,,PAUL D PATE,REPUBLICAN PARTY,372.000000
2014,19153153160,SECRETARY OF STATE,,SPENCER HIGHLAND,NEW INDEPENDENT PARTY IOWA,40.000000
2014,19153153160,SECRETARY OF STATE,,WRITE IN,,1.000000
2014,19153153160,TREASURER OF STATE,,KEITH A LAUBE,LIBERTARIAN PARTY,40.000000
2014,19153153160,TREASURER OF STATE,,MICHAEL L FITZGERALD,DEMOCRATIC PARTY,740.000000
2014,19153153160,TREASURER OF STATE,,SAM CLOVIS,REPUBLICAN PARTY,345.000000
2014,19153153160,TREASURER OF STATE,,WRITE IN,,1.000000
2014,19153153160,U S SENATE,,BOB QUAST,BOB QUAST FOR TERM LIMITS,8.000000
2014,19153153160,U S SENATE,,BRUCE BRALEY,DEMOCRATIC PARTY,640.000000
2014,19153153160,U S SENATE,,DOUGLAS BUTZIER,LIBERTARIAN PARTY,12.000000
2014,19153153160,U S SENATE,,JONI ERNST,REPUBLICAN PARTY,448.000000
2014,19153153160,U S SENATE,,RICK STEWART,INDEPENDENT,37.000000
2014,19153153160,U S SENATE,,RUTH SMITH,,11.000000
2014,19153153160,U S SENATE,,WRITE IN,,4.000000
2014,19153153161,ATTORNEY GENERAL,,ADAM GREGG,REPUBLICAN PARTY,232.000000
2014,19153153161,ATTORNEY GENERAL,,TOM MILLER,DEMOCRATIC PARTY,557.000000
2014,19153153161,ATTORNEY GENERAL,,WRITE IN,,4.000000
2014,19153153161,AUDITOR OF STATE,,JONATHAN NEIDERBACH,DEMOCRATIC PARTY,446.000000
2014,19153153161,AUDITOR OF STATE,,MARY MOSIMAN,REPUBLICAN PARTY,320.000000
2014,19153153161,AUDITOR OF STATE,,WRITE IN,,1.000000
2014,19153153161,GOVERNOR,,JACK HATCH MONICA VERNON,DEMOCRATIC PARTY,417.000000
2014,19153153161,GOVERNOR,,JIM HENNAGER MARY MARGARET KRIEG,NEW INDEPENDENT PARTY IOWA,18.000000
2014,19153153161,GOVERNOR,,JONATHAN R NARCISSE MICHAEL L RICHARDS,IOWA PARTY,13.000000
2014,19153153161,GOVERNOR,,LEE DEAKINS HIEB TIM WATSON,LIBERTARIAN PARTY,16.000000
2014,19153153161,GOVERNOR,,TERRY E BRANSTAD KIM REYNOLDS,REPUBLICAN PARTY,333.000000
2014,19153153161,GOVERNOR,,WRITE IN,,4.000000
2014,19153153161,SECRETARY OF AGRICULTURE,,BILL NORTHEY,REPUBLICAN PARTY,363.000000
2014,19153153161,SECRETARY OF AGRICULTURE,,LEVI BENNING,NEW INDEPENDENT PARTY IOWA,42.000000
2014,19153153161,SECRETARY OF AGRICULTURE,,SHERRIE TAHA,DEMOCRATIC PARTY,362.000000
2014,19153153161,SECRETARY OF AGRICULTURE,,WRITE IN,,3.000000
2014,19153153161,SECRETARY OF STATE,,BRAD ANDERSON,DEMOCRATIC PARTY,474.000000
2014,19153153161,SECRETARY OF STATE,,JAKE PORTER,LIBERTARIAN PARTY,22.000000
2014,19153153161,SECRETARY OF STATE,,PAUL D PATE,REPUBLICAN PARTY,266.000000
2014,19153153161,SECRETARY OF STATE,,SPENCER HIGHLAND,NEW INDEPENDENT PARTY IOWA,21.000000
2014,19153153161,SECRETARY OF STATE,,WRITE IN,,3.000000
2014,19153153161,TREASURER OF STATE,,KEITH A LAUBE,LIBERTARIAN PARTY,29.000000
2014,19153153161,TREASURER OF STATE,,MICHAEL L FITZGERALD,DEMOCRATIC PARTY,503.000000
2014,19153153161,TREASURER OF STATE,,SAM CLOVIS,REPUBLICAN PARTY,253.000000
2014,19153153161,TREASURER OF STATE,,WRITE IN,,3.000000
2014,19153153161,U S SENATE,,BOB QUAST,BOB QUAST FOR TERM LIMITS,3.000000
2014,19153153161,U S SENATE,,BRUCE BRALEY,DEMOCRATIC PARTY,444.000000
2014,19153153161,U S SENATE,,DOUGLAS BUTZIER,LIBERTARIAN PARTY,10.000000
2014,19153153161,U S SENATE,,JONI ERNST,REPUBLICAN PARTY,316.000000
2014,19153153161,U S SENATE,,RICK STEWART,INDEPENDENT,24.000000
2014,19153153161,U S SENATE,,RUTH SMITH,,1.000000
2014,19153153161,U S SENATE,,WRITE IN,,4.000000
2014,19153153162,ATTORNEY GENERAL,,ADAM GREGG,REPUBLICAN PARTY,241.000000
2014,19153153162,ATTORNEY GENERAL,,TOM MILLER,DEMOCRATIC PARTY,475.000000
2014,19153153162,ATTORNEY GENERAL,,WRITE IN,,0.000000
2014,19153153162,AUDITOR OF STATE,,JONATHAN NEIDERBACH,DEMOCRATIC PARTY,355.000000
2014,19153153162,AUDITOR OF STATE,,MARY MOSIMAN,REPUBLICAN PARTY,331.000000
2014,19153153162,AUDITOR OF STATE,,WRITE IN,,2.000000
2014,19153153162,GOVERNOR,,JACK HATCH MONICA VERNON,DEMOCRATIC PARTY,355.000000
2014,19153153162,GOVERNOR,,JIM HENNAGER MARY MARGARET KRIEG,NEW INDEPENDENT PARTY IOWA,5.000000
2014,19153153162,GOVERNOR,,JONATHAN R NARCISSE MICHAEL L RICHARDS,IOWA PARTY,11.000000
2014,19153153162,GOVERNOR,,LEE DEAKINS HIEB TIM WATSON,LIBERTARIAN PARTY,10.000000
2014,19153153162,GOVERNOR,,TERRY E BRANSTAD KIM REYNOLDS,REPUBLICAN PARTY,349.000000
2014,19153153162,GOVERNOR,,WRITE IN,,1.000000
2014,19153153162,SECRETARY OF AGRICULTURE,,BILL NORTHEY,REPUBLICAN PARTY,350.000000
2014,19153153162,SECRETARY OF AGRICULTURE,,LEVI BENNING,NEW INDEPENDENT PARTY IOWA,25.000000
2014,19153153162,SECRETARY OF AGRICULTURE,,SHERRIE TAHA,DEMOCRATIC PARTY,328.000000
2014,19153153162,SECRETARY OF AGRICULTURE,,WRITE IN,,0.000000
2014,19153153162,SECRETARY OF STATE,,BRAD ANDERSON,DEMOCRATIC PARTY,401.000000
2014,19153153162,SECRETARY OF STATE,,JAKE PORTER,LIBERTARIAN PARTY,29.000000
2014,19153153162,SECRETARY OF STATE,,PAUL D PATE,REPUBLICAN PARTY,266.000000
2014,19153153162,SECRETARY OF STATE,,SPENCER HIGHLAND,NEW INDEPENDENT PARTY IOWA,11.000000
2014,19153153162,SECRETARY OF STATE,,WRITE IN,,1.000000
2014,19153153162,TREASURER OF STATE,,KEITH A LAUBE,LIBERTARIAN PARTY,14.000000
2014,19153153162,TREASURER OF STATE,,MICHAEL L FITZGERALD,DEMOCRATIC PARTY,462.000000
2014,19153153162,TREASURER OF STATE,,SAM CLOVIS,REPUBLICAN PARTY,235.000000
2014,19153153162,TREASURER OF STATE,,WRITE IN,,0.000000
2014,19153153162,U S SENATE,,BOB QUAST,BOB QUAST FOR TERM LIMITS,0.000000
2014,19153153162,U S SENATE,,BRUCE BRALEY,DEMOCRATIC PARTY,403.000000
2014,19153153162,U S SENATE,,DOUGLAS BUTZIER,LIBERTARIAN PARTY,9.000000
2014,19153153162,U S SENATE,,JONI ERNST,REPUBLICAN PARTY,306.000000
2014,19153153162,U S SENATE,,RICK STEWART,INDEPENDENT,11.000000
2014,19153153162,U S SENATE,,RUTH SMITH,,0.000000
2014,19153153162,U S SENATE,,WRITE IN,,2.000000
2014,19153153163,ATTORNEY GENERAL,,ADAM GREGG,REPUBLICAN PARTY,268.000000
2014,19153153163,ATTORNEY GENERAL,,TOM MILLER,DEMOCRATIC PARTY,616.000000
2014,19153153163,ATTORNEY GENERAL,,WRITE IN,,1.000000
2014,19153153163,AUDITOR OF STATE,,JONATHAN NEIDERBACH,DEMOCRATIC PARTY,501.000000
2014,19153153163,AUDITOR OF STATE,,MARY MOSIMAN,REPUBLICAN PARTY,362.000000
2014,19153153163,AUDITOR OF STATE,,WRITE IN,,3.000000
2014,19153153163,GOVERNOR,,JACK HATCH MONICA VERNON,DEMOCRATIC PARTY,468.000000
2014,19153153163,GOVERNOR,,JIM HENNAGER MARY MARGARET KRIEG,NEW INDEPENDENT PARTY IOWA,13.000000
2014,19153153163,GOVERNOR,,JONATHAN R NARCISSE MICHAEL L RICHARDS,IOWA PARTY,25.000000
2014,19153153163,GOVERNOR,,LEE DEAKINS HIEB TIM WATSON,LIBERTARIAN PARTY,25.000000
2014,19153153163,GOVERNOR,,TERRY E BRANSTAD KIM REYNOLDS,REPUBLICAN PARTY,373.000000
2014,19153153163,GOVERNOR,,WRITE IN,,2.000000
2014,19153153163,SECRETARY OF AGRICULTURE,,BILL NORTHEY,REPUBLICAN PARTY,401.000000
2014,19153153163,SECRETARY OF AGRICULTURE,,LEVI BENNING,NEW INDEPENDENT PARTY IOWA,43.000000
2014,19153153163,SECRETARY OF AGRICULTURE,,SHERRIE TAHA,DEMOCRATIC PARTY,424.000000
2014,19153153163,SECRETARY OF AGRICULTURE,,WRITE IN,,2.000000
2014,19153153163,SECRETARY OF STATE,,BRAD ANDERSON,DEMOCRATIC PARTY,542.000000
2014,19153153163,SECRETARY OF STATE,,JAKE PORTER,LIBERTARIAN PARTY,32.000000
2014,19153153163,SECRETARY OF STATE,,PAUL D PATE,REPUBLICAN PARTY,288.000000
2014,19153153163,SECRETARY OF STATE,,SPENCER HIGHLAND,NEW INDEPENDENT PARTY IOWA,24.000000
2014,19153153163,SECRETARY OF STATE,,WRITE IN,,1.000000
2014,19153153163,TREASURER OF STATE,,KEITH A LAUBE,LIBERTARIAN PARTY,27.000000
2014,19153153163,TREASURER OF STATE,,MICHAEL L FITZGERALD,DEMOCRATIC PARTY,572.000000
2014,19153153163,TREASURER OF STATE,,SAM CLOVIS,REPUBLICAN PARTY,279.000000
2014,19153153163,TREASURER OF STATE,,WRITE IN,,3.000000
2014,19153153163,U S SENATE,,BOB QUAST,BOB QUAST FOR TERM LIMITS,11.000000
2014,19153153163,U S SENATE,,BRUCE BRALEY,DEMOCRATIC PARTY,496.000000
2014,19153153163,U S SENATE,,DOUGLAS BUTZIER,LIBERTARIAN PARTY,10.000000
2014,19153153163,U S SENATE,,JONI ERNST,REPUBLICAN PARTY,352.000000
2014,19153153163,U S SENATE,,RICK STEWART,INDEPENDENT,31.000000
2014,19153153163,U S SENATE,,RUTH SMITH,,4.000000
2014,19153153163,U S SENATE,,WRITE IN,,4.000000
2014,19153153164,ATTORNEY GENERAL,,ADAM GREGG,REPUBLICAN PARTY,110.000000
2014,19153153164,ATTORNEY GENERAL,,TOM MILLER,DEMOCRATIC PARTY,288.000000
2014,19153153164,ATTORNEY GENERAL,,WRITE IN,,1.000000
2014,19153153164,AUDITOR OF STATE,,JONATHAN NEIDERBACH,DEMOCRATIC PARTY,242.000000
2014,19153153164,AUDITOR OF STATE,,MARY MOSIMAN,REPUBLICAN PARTY,152.000000
2014,19153153164,AUDITOR OF STATE,,WRITE IN,,1.000000
2014,19153153164,GOVERNOR,,JACK HATCH MONICA VERNON,DEMOCRATIC PARTY,227.000000
2014,19153153164,GOVERNOR,,JIM HENNAGER MARY MARGARET KRIEG,NEW INDEPENDENT PARTY IOWA,9.000000
2014,19153153164,GOVERNOR,,JONATHAN R NARCISSE MICHAEL L RICHARDS,IOWA PARTY,6.000000
2014,19153153164,GOVERNOR,,LEE DEAKINS HIEB TIM WATSON,LIBERTARIAN PARTY,5.000000
2014,19153153164,GOVERNOR,,TERRY E BRANSTAD KIM REYNOLDS,REPUBLICAN PARTY,162.000000
2014,19153153164,GOVERNOR,,WRITE IN,,0.000000
2014,19153153164,SECRETARY OF AGRICULTURE,,BILL NORTHEY,REPUBLICAN PARTY,167.000000
2014,19153153164,SECRETARY OF AGRICULTURE,,LEVI BENNING,NEW INDEPENDENT PARTY IOWA,26.000000
2014,19153153164,SECRETARY OF AGRICULTURE,,SHERRIE TAHA,DEMOCRATIC PARTY,204.000000
2014,19153153164,SECRETARY OF AGRICULTURE,,WRITE IN,,2.000000
2014,19153153164,SECRETARY OF STATE,,BRAD ANDERSON,DEMOCRATIC PARTY,261.000000
2014,19153153164,SECRETARY OF STATE,,JAKE PORTER,LIBERTARIAN PARTY,11.000000
2014,19153153164,SECRETARY OF STATE,,PAUL D PATE,REPUBLICAN PARTY,119.000000
2014,19153153164,SECRETARY OF STATE,,SPENCER HIGHLAND,NEW INDEPENDENT PARTY IOWA,7.000000
2014,19153153164,SECRETARY OF STATE,,WRITE IN,,1.000000
2014,19153153164,TREASURER OF STATE,,KEITH A LAUBE,LIBERTARIAN PARTY,11.000000
2014,19153153164,TREASURER OF STATE,,MICHAEL L FITZGERALD,DEMOCRATIC PARTY,285.000000
2014,19153153164,TREASURER OF STATE,,SAM CLOVIS,REPUBLICAN PARTY,103.000000
2014,19153153164,TREASURER OF STATE,,WRITE IN,,1.000000
2014,19153153164,U S SENATE,,BOB QUAST,BOB QUAST FOR TERM LIMITS,2.000000
2014,19153153164,U S SENATE,,BRUCE BRALEY,DEMOCRATIC PARTY,248.000000
2014,19153153164,U S SENATE,,DOUGLAS BUTZIER,LIBERTARIAN PARTY,2.000000
2014,19153153164,U S SENATE,,JONI ERNST,REPUBLICAN PARTY,143.000000
2014,19153153164,U S SENATE,,RICK STEWART,INDEPENDENT,9.000000
2014,19153153164,U S SENATE,,RUTH SMITH,,2.000000
2014,19153153164,U S SENATE,,WRITE IN,,0.000000
2014,19155155005,ATTORNEY GENERAL,,ADAM GREGG,REPUBLICAN PARTY,414.000000
2014,19155155005,ATTORNEY GENERAL,,TOM MILLER,DEMOCRATIC PARTY,226.000000
2014,19155155005,ATTORNEY GENERAL,,WRITE IN,,7.000000
2014,19155155005,AUDITOR OF STATE,,JONATHAN NEIDERBACH,DEMOCRATIC PARTY,168.000000
2014,19155155005,AUDITOR OF STATE,,MARY MOSIMAN,REPUBLICAN PARTY,464.000000
2014,19155155005,AUDITOR OF STATE,,WRITE IN,,5.000000
2014,19155155005,GOVERNOR,,JACK HATCH MONICA VERNON,DEMOCRATIC PARTY,154.000000
2014,19155155005,GOVERNOR,,JIM HENNAGER MARY MARGARET KRIEG,NEW INDEPENDENT PARTY IOWA,18.000000
2014,19155155005,GOVERNOR,,JONATHAN R NARCISSE MICHAEL L RICHARDS,IOWA PARTY,10.000000
2014,19155155005,GOVERNOR,,LEE DEAKINS HIEB TIM WATSON,LIBERTARIAN PARTY,18.000000
2014,19155155005,GOVERNOR,,TERRY E BRANSTAD KIM REYNOLDS,REPUBLICAN PARTY,489.000000
2014,19155155005,GOVERNOR,,WRITE IN,,2.000000
2014,19155155005,SECRETARY OF AGRICULTURE,,BILL NORTHEY,REPUBLICAN PARTY,466.000000
2014,19155155005,SECRETARY OF AGRICULTURE,,LEVI BENNING,NEW INDEPENDENT PARTY IOWA,49.000000
2014,19155155005,SECRETARY OF AGRICULTURE,,SHERRIE TAHA,DEMOCRATIC PARTY,127.000000
2014,19155155005,SECRETARY OF AGRICULTURE,,WRITE IN,,4.000000
2014,19155155005,SECRETARY OF STATE,,BRAD ANDERSON,DEMOCRATIC PARTY,187.000000
2014,19155155005,SECRETARY OF STATE,,JAKE PORTER,LIBERTARIAN PARTY,20.000000
2014,19155155005,SECRETARY OF STATE,,PAUL D PATE,REPUBLICAN PARTY,409.000000
2014,19155155005,SECRETARY OF STATE,,SPENCER HIGHLAND,NEW INDEPENDENT PARTY IOWA,23.000000
2014,19155155005,SECRETARY OF STATE,,WRITE IN,,5.000000
2014,19155155005,TREASURER OF STATE,,KEITH A LAUBE,LIBERTARIAN PARTY,41.000000
2014,19155155005,TREASURER OF STATE,,MICHAEL L FITZGERALD,DEMOCRATIC PARTY,208.000000
2014,19155155005,TREASURER OF STATE,,SAM CLOVIS,REPUBLICAN PARTY,394.000000
2014,19155155005,TREASURER OF STATE,,WRITE IN,,5.000000
2014,19155155005,U S SENATE,,BOB QUAST,BOB QUAST FOR TERM LIMITS,6.000000
2014,19155155005,U S SENATE,,BRUCE BRALEY,DEMOCRATIC PARTY,184.000000
2014,19155155005,U S SENATE,,DOUGLAS BUTZIER,LIBERTARIAN PARTY,11.000000
2014,19155155005,U S SENATE,,JONI ERNST,REPUBLICAN PARTY,457.000000
2014,19155155005,U S SENATE,,RICK STEWART,INDEPENDENT,18.000000
2014,19155155005,U S SENATE,,RUTH SMITH,,1.000000
2014,19155155005,U S SENATE,,WRITE IN,,5.000000
2014,19155155009,ATTORNEY GENERAL,,ADAM GREGG,REPUBLICAN PARTY,358.000000
2014,19155155009,ATTORNEY GENERAL,,TOM MILLER,DEMOCRATIC PARTY,276.000000
2014,19155155009,ATTORNEY GENERAL,,WRITE IN,,0.000000
2014,19155155009,AUDITOR OF STATE,,JONATHAN NEIDERBACH,DEMOCRATIC PARTY,224.000000
2014,19155155009,AUDITOR OF STATE,,MARY MOSIMAN,REPUBLICAN PARTY,391.000000
2014,19155155009,AUDITOR OF STATE,,WRITE IN,,1.000000
2014,19155155009,GOVERNOR,,JACK HATCH MONICA VERNON,DEMOCRATIC PARTY,204.000000
2014,19155155009,GOVERNOR,,JIM HENNAGER MARY MARGARET KRIEG,NEW INDEPENDENT PARTY IOWA,17.000000
2014,19155155009,GOVERNOR,,JONATHAN R NARCISSE MICHAEL L RICHARDS,IOWA PARTY,1.000000
2014,19155155009,GOVERNOR,,LEE DEAKINS HIEB TIM WATSON,LIBERTARIAN PARTY,8.000000
2014,19155155009,GOVERNOR,,TERRY E BRANSTAD KIM REYNOLDS,REPUBLICAN PARTY,423.000000
2014,19155155009,GOVERNOR,,WRITE IN,,0.000000
2014,19155155009,SECRETARY OF AGRICULTURE,,BILL NORTHEY,REPUBLICAN PARTY,422.000000
2014,19155155009,SECRETARY OF AGRICULTURE,,LEVI BENNING,NEW INDEPENDENT PARTY IOWA,36.000000
2014,19155155009,SECRETARY OF AGRICULTURE,,SHERRIE TAHA,DEMOCRATIC PARTY,171.000000
2014,19155155009,SECRETARY OF AGRICULTURE,,WRITE IN,,0.000000
2014,19155155009,SECRETARY OF STATE,,BRAD ANDERSON,DEMOCRATIC PARTY,240.000000
2014,19155155009,SECRETARY OF STATE,,JAKE PORTER,LIBERTARIAN PARTY,10.000000
2014,19155155009,SECRETARY OF STATE,,PAUL D PATE,REPUBLICAN PARTY,354.000000
2014,19155155009,SECRETARY OF STATE,,SPENCER HIGHLAND,NEW INDEPENDENT PARTY IOWA,21.000000
2014,19155155009,SECRETARY OF STATE,,WRITE IN,,0.000000
2014,19155155009,TREASURER OF STATE,,KEITH A LAUBE,LIBERTARIAN PARTY,25.000000
2014,19155155009,TREASURER OF STATE,,MICHAEL L FITZGERALD,DEMOCRATIC PARTY,266.000000
2014,19155155009,TREASURER OF STATE,,SAM CLOVIS,REPUBLICAN PARTY,333.000000
2014,19155155009,TREASURER OF STATE,,WRITE IN,,0.000000
2014,19155155009,U S SENATE,,BOB QUAST,BOB QUAST FOR TERM LIMITS,7.000000
2014,19155155009,U S SENATE,,BRUCE BRALEY,DEMOCRATIC PARTY,244.000000
2014,19155155009,U S SENATE,,DOUGLAS BUTZIER,LIBERTARIAN PARTY,3.000000
2014,19155155009,U S SENATE,,JONI ERNST,REPUBLICAN PARTY,385.000000
2014,19155155009,U S SENATE,,RICK STEWART,INDEPENDENT,17.000000
2014,19155155009,U S SENATE,,RUTH SMITH,,0.000000
2014,19155155009,U S SENATE,,WRITE IN,,1.000000
2014,19155155011,ATTORNEY GENERAL,,ADAM GREGG,REPUBLICAN PARTY,178.000000
2014,19155155011,ATTORNEY GENERAL,,TOM MILLER,DEMOCRATIC PARTY,141.000000
2014,19155155011,ATTORNEY GENERAL,,WRITE IN,,0.000000
2014,19155155011,AUDITOR OF STATE,,JONATHAN NEIDERBACH,DEMOCRATIC PARTY,122.000000
2014,19155155011,AUDITOR OF STATE,,MARY MOSIMAN,REPUBLICAN PARTY,194.000000
2014,19155155011,AUDITOR OF STATE,,WRITE IN,,0.000000
2014,19155155011,GOVERNOR,,JACK HATCH MONICA VERNON,DEMOCRATIC PARTY,98.000000
2014,19155155011,GOVERNOR,,JIM HENNAGER MARY MARGARET KRIEG,NEW INDEPENDENT PARTY IOWA,1.000000
2014,19155155011,GOVERNOR,,JONATHAN R NARCISSE MICHAEL L RICHARDS,IOWA PARTY,1.000000
2014,19155155011,GOVERNOR,,LEE DEAKINS HIEB TIM WATSON,LIBERTARIAN PARTY,3.000000
2014,19155155011,GOVERNOR,,TERRY E BRANSTAD KIM REYNOLDS,REPUBLICAN PARTY,222.000000
2014,19155155011,GOVERNOR,,WRITE IN,,0.000000
2014,19155155011,SECRETARY OF AGRICULTURE,,BILL NORTHEY,REPUBLICAN PARTY,215.000000
2014,19155155011,SECRETARY OF AGRICULTURE,,LEVI BENNING,NEW INDEPENDENT PARTY IOWA,16.000000
2014,19155155011,SECRETARY OF AGRICULTURE,,SHERRIE TAHA,DEMOCRATIC PARTY,89.000000
2014,19155155011,SECRETARY OF AGRICULTURE,,WRITE IN,,0.000000
2014,19155155011,SECRETARY OF STATE,,BRAD ANDERSON,DEMOCRATIC PARTY,115.000000
2014,19155155011,SECRETARY OF STATE,,JAKE PORTER,LIBERTARIAN PARTY,7.000000
2014,19155155011,SECRETARY OF STATE,,PAUL D PATE,REPUBLICAN PARTY,192.000000
2014,19155155011,SECRETARY OF STATE,,SPENCER HIGHLAND,NEW INDEPENDENT PARTY IOWA,6.000000
2014,19155155011,SECRETARY OF STATE,,WRITE IN,,0.000000
2014,19155155011,TREASURER OF STATE,,KEITH A LAUBE,LIBERTARIAN PARTY,11.000000
2014,19155155011,TREASURER OF STATE,,MICHAEL L FITZGERALD,DEMOCRATIC PARTY,141.000000
2014,19155155011,TREASURER OF STATE,,SAM CLOVIS,REPUBLICAN PARTY,166.000000
2014,19155155011,TREASURER OF STATE,,WRITE IN,,0.000000
2014,19155155011,U S SENATE,,BOB QUAST,BOB QUAST FOR TERM LIMITS,4.000000
2014,19155155011,U S SENATE,,BRUCE BRALEY,DEMOCRATIC PARTY,115.000000
2014,19155155011,U S SENATE,,DOUGLAS BUTZIER,LIBERTARIAN PARTY,4.000000
2014,19155155011,U S SENATE,,JONI ERNST,REPUBLICAN PARTY,199.000000
2014,19155155011,U S SENATE,,RICK STEWART,INDEPENDENT,1.000000
2014,19155155011,U S SENATE,,RUTH SMITH,,1.000000
2014,19155155011,U S SENATE,,WRITE IN,,0.000000
2014,19155155018,ATTORNEY GENERAL,,ADAM GREGG,REPUBLICAN PARTY,627.000000
2014,19155155018,ATTORNEY GENERAL,,TOM MILLER,DEMOCRATIC PARTY,409.000000
2014,19155155018,ATTORNEY GENERAL,,WRITE IN,,4.000000
2014,19155155018,AUDITOR OF STATE,,JONATHAN NEIDERBACH,DEMOCRATIC PARTY,340.000000
2014,19155155018,AUDITOR OF STATE,,MARY MOSIMAN,REPUBLICAN PARTY,683.000000
2014,19155155018,AUDITOR OF STATE,,WRITE IN,,0.000000
2014,19155155018,GOVERNOR,,JACK HATCH MONICA VERNON,DEMOCRATIC PARTY,307.000000
2014,19155155018,GOVERNOR,,JIM HENNAGER MARY MARGARET KRIEG,NEW INDEPENDENT PARTY IOWA,24.000000
2014,19155155018,GOVERNOR,,JONATHAN R NARCISSE MICHAEL L RICHARDS,IOWA PARTY,9.000000
2014,19155155018,GOVERNOR,,LEE DEAKINS HIEB TIM WATSON,LIBERTARIAN PARTY,32.000000
2014,19155155018,GOVERNOR,,TERRY E BRANSTAD KIM REYNOLDS,REPUBLICAN PARTY,710.000000
2014,19155155018,GOVERNOR,,WRITE IN,,1.000000
2014,19155155018,SECRETARY OF AGRICULTURE,,BILL NORTHEY,REPUBLICAN PARTY,659.000000
2014,19155155018,SECRETARY OF AGRICULTURE,,LEVI BENNING,NEW INDEPENDENT PARTY IOWA,98.000000
2014,19155155018,SECRETARY OF AGRICULTURE,,SHERRIE TAHA,DEMOCRATIC PARTY,280.000000
2014,19155155018,SECRETARY OF AGRICULTURE,,WRITE IN,,0.000000
2014,19155155018,SECRETARY OF STATE,,BRAD ANDERSON,DEMOCRATIC PARTY,342.000000
2014,19155155018,SECRETARY OF STATE,,JAKE PORTER,LIBERTARIAN PARTY,35.000000
2014,19155155018,SECRETARY OF STATE,,PAUL D PATE,REPUBLICAN PARTY,618.000000
2014,19155155018,SECRETARY OF STATE,,SPENCER HIGHLAND,NEW INDEPENDENT PARTY IOWA,50.000000
2014,19155155018,SECRETARY OF STATE,,WRITE IN,,1.000000
2014,19155155018,TREASURER OF STATE,,KEITH A LAUBE,LIBERTARIAN PARTY,52.000000
2014,19155155018,TREASURER OF STATE,,MICHAEL L FITZGERALD,DEMOCRATIC PARTY,385.000000
2014,19155155018,TREASURER OF STATE,,SAM CLOVIS,REPUBLICAN PARTY,603.000000
2014,19155155018,TREASURER OF STATE,,WRITE IN,,0.000000
2014,19155155018,U S SENATE,,BOB QUAST,BOB QUAST FOR TERM LIMITS,13.000000
2014,19155155018,U S SENATE,,BRUCE BRALEY,DEMOCRATIC PARTY,358.000000
2014,19155155018,U S SENATE,,DOUGLAS BUTZIER,LIBERTARIAN PARTY,13.000000
2014,19155155018,U S SENATE,,JONI ERNST,REPUBLICAN PARTY,671.000000
2014,19155155018,U S SENATE,,RICK STEWART,INDEPENDENT,27.000000
2014,19155155018,U S SENATE,,RUTH SMITH,,3.000000
2014,19155155018,U S SENATE,,WRITE IN,,1.000000
2014,19155155022,ATTORNEY GENERAL,,ADAM GREGG,REPUBLICAN PARTY,349.000000
2014,19155155022,ATTORNEY GENERAL,,TOM MILLER,DEMOCRATIC PARTY,113.000000
2014,19155155022,ATTORNEY GENERAL,,WRITE IN,,0.000000
2014,19155155022,AUDITOR OF STATE,,JONATHAN NEIDERBACH,DEMOCRATIC PARTY,80.000000
2014,19155155022,AUDITOR OF STATE,,MARY MOSIMAN,REPUBLICAN PARTY,371.000000
2014,19155155022,AUDITOR OF STATE,,WRITE IN,,1.000000
2014,19155155022,GOVERNOR,,JACK HATCH MONICA VERNON,DEMOCRATIC PARTY,67.000000
2014,19155155022,GOVERNOR,,JIM HENNAGER MARY MARGARET KRIEG,NEW INDEPENDENT PARTY IOWA,4.000000
2014,19155155022,GOVERNOR,,JONATHAN R NARCISSE MICHAEL L RICHARDS,IOWA PARTY,6.000000
2014,19155155022,GOVERNOR,,LEE DEAKINS HIEB TIM WATSON,LIBERTARIAN PARTY,14.000000
2014,19155155022,GOVERNOR,,TERRY E BRANSTAD KIM REYNOLDS,REPUBLICAN PARTY,387.000000
2014,19155155022,GOVERNOR,,WRITE IN,,0.000000
2014,19155155022,SECRETARY OF AGRICULTURE,,BILL NORTHEY,REPUBLICAN PARTY,365.000000
2014,19155155022,SECRETARY OF AGRICULTURE,,LEVI BENNING,NEW INDEPENDENT PARTY IOWA,24.000000
2014,19155155022,SECRETARY OF AGRICULTURE,,SHERRIE TAHA,DEMOCRATIC PARTY,71.000000
2014,19155155022,SECRETARY OF AGRICULTURE,,WRITE IN,,0.000000
2014,19155155022,SECRETARY OF STATE,,BRAD ANDERSON,DEMOCRATIC PARTY,96.000000
2014,19155155022,SECRETARY OF STATE,,JAKE PORTER,LIBERTARIAN PARTY,16.000000
2014,19155155022,SECRETARY OF STATE,,PAUL D PATE,REPUBLICAN PARTY,334.000000
2014,19155155022,SECRETARY OF STATE,,SPENCER HIGHLAND,NEW INDEPENDENT PARTY IOWA,19.000000
2014,19155155022,SECRETARY OF STATE,,WRITE IN,,0.000000
2014,19155155022,TREASURER OF STATE,,KEITH A LAUBE,LIBERTARIAN PARTY,19.000000
2014,19155155022,TREASURER OF STATE,,MICHAEL L FITZGERALD,DEMOCRATIC PARTY,103.000000
2014,19155155022,TREASURER OF STATE,,SAM CLOVIS,REPUBLICAN PARTY,338.000000
2014,19155155022,TREASURER OF STATE,,WRITE IN,,0.000000
2014,19155155022,U S SENATE,,BOB QUAST,BOB QUAST FOR TERM LIMITS,2.000000
2014,19155155022,U S SENATE,,BRUCE BRALEY,DEMOCRATIC PARTY,99.000000
2014,19155155022,U S SENATE,,DOUGLAS BUTZIER,LIBERTARIAN PARTY,3.000000
2014,19155155022,U S SENATE,,JONI ERNST,REPUBLICAN PARTY,368.000000
2014,19155155022,U S SENATE,,RICK STEWART,INDEPENDENT,8.000000
2014,19155155022,U S SENATE,,RUTH SMITH,,1.000000
2014,19155155022,U S SENATE,,WRITE IN,,0.000000
2014,19155155026,ATTORNEY GENERAL,,ADAM GREGG,REPUBLICAN PARTY,496.000000
2014,19155155026,ATTORNEY GENERAL,,TOM MILLER,DEMOCRATIC PARTY,234.000000
2014,19155155026,ATTORNEY GENERAL,,WRITE IN,,1.000000
2014,19155155026,AUDITOR OF STATE,,JONATHAN NEIDERBACH,DEMOCRATIC PARTY,158.000000
2014,19155155026,AUDITOR OF STATE,,MARY MOSIMAN,REPUBLICAN PARTY,562.000000
2014,19155155026,AUDITOR OF STATE,,WRITE IN,,1.000000
2014,19155155026,GOVERNOR,,JACK HATCH MONICA VERNON,DEMOCRATIC PARTY,130.000000
2014,19155155026,GOVERNOR,,JIM HENNAGER MARY MARGARET KRIEG,NEW INDEPENDENT PARTY IOWA,12.000000
2014,19155155026,GOVERNOR,,JONATHAN R NARCISSE MICHAEL L RICHARDS,IOWA PARTY,15.000000
2014,19155155026,GOVERNOR,,LEE DEAKINS HIEB TIM WATSON,LIBERTARIAN PARTY,16.000000
2014,19155155026,GOVERNOR,,TERRY E BRANSTAD KIM REYNOLDS,REPUBLICAN PARTY,581.000000
2014,19155155026,GOVERNOR,,WRITE IN,,0.000000
2014,19155155026,SECRETARY OF AGRICULTURE,,BILL NORTHEY,REPUBLICAN PARTY,564.000000
2014,19155155026,SECRETARY OF AGRICULTURE,,LEVI BENNING,NEW INDEPENDENT PARTY IOWA,48.000000
2014,19155155026,SECRETARY OF AGRICULTURE,,SHERRIE TAHA,DEMOCRATIC PARTY,119.000000
2014,19155155026,SECRETARY OF AGRICULTURE,,WRITE IN,,1.000000
2014,19155155026,SECRETARY OF STATE,,BRAD ANDERSON,DEMOCRATIC PARTY,164.000000
2014,19155155026,SECRETARY OF STATE,,JAKE PORTER,LIBERTARIAN PARTY,22.000000
2014,19155155026,SECRETARY OF STATE,,PAUL D PATE,REPUBLICAN PARTY,522.000000
2014,19155155026,SECRETARY OF STATE,,SPENCER HIGHLAND,NEW INDEPENDENT PARTY IOWA,20.000000
2014,19155155026,SECRETARY OF STATE,,WRITE IN,,1.000000
2014,19155155026,TREASURER OF STATE,,KEITH A LAUBE,LIBERTARIAN PARTY,30.000000
2014,19155155026,TREASURER OF STATE,,MICHAEL L FITZGERALD,DEMOCRATIC PARTY,212.000000
2014,19155155026,TREASURER OF STATE,,SAM CLOVIS,REPUBLICAN PARTY,487.000000
2014,19155155026,TREASURER OF STATE,,WRITE IN,,1.000000
2014,19155155026,U S SENATE,,BOB QUAST,BOB QUAST FOR TERM LIMITS,8.000000
2014,19155155026,U S SENATE,,BRUCE BRALEY,DEMOCRATIC PARTY,164.000000
2014,19155155026,U S SENATE,,DOUGLAS BUTZIER,LIBERTARIAN PARTY,6.000000
2014,19155155026,U S SENATE,,JONI ERNST,REPUBLICAN PARTY,541.000000
2014,19155155026,U S SENATE,,RICK STEWART,INDEPENDENT,23.000000
2014,19155155026,U S SENATE,,RUTH SMITH,,3.000000
2014,19155155026,U S SENATE,,WRITE IN,,1.000000
2014,19155155030,ATTORNEY GENERAL,,ADAM GREGG,REPUBLICAN PARTY,204.000000
2014,19155155030,ATTORNEY GENERAL,,TOM MILLER,DEMOCRATIC PARTY,105.000000
2014,19155155030,ATTORNEY GENERAL,,WRITE IN,,0.000000
2014,19155155030,AUDITOR OF STATE,,JONATHAN NEIDERBACH,DEMOCRATIC PARTY,70.000000
2014,19155155030,AUDITOR OF STATE,,MARY MOSIMAN,REPUBLICAN PARTY,238.000000
2014,19155155030,AUDITOR OF STATE,,WRITE IN,,0.000000
2014,19155155030,GOVERNOR,,JACK HATCH MONICA VERNON,DEMOCRATIC PARTY,70.000000
2014,19155155030,GOVERNOR,,JIM HENNAGER MARY MARGARET KRIEG,NEW INDEPENDENT PARTY IOWA,8.000000
2014,19155155030,GOVERNOR,,JONATHAN R NARCISSE MICHAEL L RICHARDS,IOWA PARTY,4.000000
2014,19155155030,GOVERNOR,,LEE DEAKINS HIEB TIM WATSON,LIBERTARIAN PARTY,5.000000
2014,19155155030,GOVERNOR,,TERRY E BRANSTAD KIM REYNOLDS,REPUBLICAN PARTY,243.000000
2014,19155155030,GOVERNOR,,WRITE IN,,2.000000
2014,19155155030,SECRETARY OF AGRICULTURE,,BILL NORTHEY,REPUBLICAN PARTY,247.000000
2014,19155155030,SECRETARY OF AGRICULTURE,,LEVI BENNING,NEW INDEPENDENT PARTY IOWA,12.000000
2014,19155155030,SECRETARY OF AGRICULTURE,,SHERRIE TAHA,DEMOCRATIC PARTY,55.000000
2014,19155155030,SECRETARY OF AGRICULTURE,,WRITE IN,,1.000000
2014,19155155030,SECRETARY OF STATE,,BRAD ANDERSON,DEMOCRATIC PARTY,85.000000
2014,19155155030,SECRETARY OF STATE,,JAKE PORTER,LIBERTARIAN PARTY,10.000000
2014,19155155030,SECRETARY OF STATE,,PAUL D PATE,REPUBLICAN PARTY,197.000000
2014,19155155030,SECRETARY OF STATE,,SPENCER HIGHLAND,NEW INDEPENDENT PARTY IOWA,20.000000
2014,19155155030,SECRETARY OF STATE,,WRITE IN,,0.000000
2014,19155155030,TREASURER OF STATE,,KEITH A LAUBE,LIBERTARIAN PARTY,19.000000
2014,19155155030,TREASURER OF STATE,,MICHAEL L FITZGERALD,DEMOCRATIC PARTY,92.000000
2014,19155155030,TREASURER OF STATE,,SAM CLOVIS,REPUBLICAN PARTY,198.000000
2014,19155155030,TREASURER OF STATE,,WRITE IN,,0.000000
2014,19155155030,U S SENATE,,BOB QUAST,BOB QUAST FOR TERM LIMITS,1.000000
2014,19155155030,U S SENATE,,BRUCE BRALEY,DEMOCRATIC PARTY,78.000000
2014,19155155030,U S SENATE,,DOUGLAS BUTZIER,LIBERTARIAN PARTY,4.000000
2014,19155155030,U S SENATE,,JONI ERNST,REPUBLICAN PARTY,240.000000
2014,19155155030,U S SENATE,,RICK STEWART,INDEPENDENT,12.000000
2014,19155155030,U S SENATE,,RUTH SMITH,,1.000000
2014,19155155030,U S SENATE,,WRITE IN,,0.000000
2014,19155155031,ATTORNEY GENERAL,,ADAM GREGG,REPUBLICAN PARTY,101.000000
2014,19155155031,ATTORNEY GENERAL,,TOM MILLER,DEMOCRATIC PARTY,44.000000
2014,19155155031,ATTORNEY GENERAL,,WRITE IN,,0.000000
2014,19155155031,AUDITOR OF STATE,,JONATHAN NEIDERBACH,DEMOCRATIC PARTY,36.000000
2014,19155155031,AUDITOR OF STATE,,MARY MOSIMAN,REPUBLICAN PARTY,110.000000
2014,19155155031,AUDITOR OF STATE,,WRITE IN,,0.000000
2014,19155155031,GOVERNOR,,JACK HATCH MONICA VERNON,DEMOCRATIC PARTY,23.000000
2014,19155155031,GOVERNOR,,JIM HENNAGER MARY MARGARET KRIEG,NEW INDEPENDENT PARTY IOWA,4.000000
2014,19155155031,GOVERNOR,,JONATHAN R NARCISSE MICHAEL L RICHARDS,IOWA PARTY,3.000000
2014,19155155031,GOVERNOR,,LEE DEAKINS HIEB TIM WATSON,LIBERTARIAN PARTY,4.000000
2014,19155155031,GOVERNOR,,TERRY E BRANSTAD KIM REYNOLDS,REPUBLICAN PARTY,118.000000
2014,19155155031,GOVERNOR,,WRITE IN,,0.000000
2014,19155155031,SECRETARY OF AGRICULTURE,,BILL NORTHEY,REPUBLICAN PARTY,115.000000
2014,19155155031,SECRETARY OF AGRICULTURE,,LEVI BENNING,NEW INDEPENDENT PARTY IOWA,10.000000
2014,19155155031,SECRETARY OF AGRICULTURE,,SHERRIE TAHA,DEMOCRATIC PARTY,24.000000
2014,19155155031,SECRETARY OF AGRICULTURE,,WRITE IN,,0.000000
2014,19155155031,SECRETARY OF STATE,,BRAD ANDERSON,DEMOCRATIC PARTY,37.000000
2014,19155155031,SECRETARY OF STATE,,JAKE PORTER,LIBERTARIAN PARTY,4.000000
2014,19155155031,SECRETARY OF STATE,,PAUL D PATE,REPUBLICAN PARTY,98.000000
2014,19155155031,SECRETARY OF STATE,,SPENCER HIGHLAND,NEW INDEPENDENT PARTY IOWA,7.000000
2014,19155155031,SECRETARY OF STATE,,WRITE IN,,0.000000
2014,19155155031,TREASURER OF STATE,,KEITH A LAUBE,LIBERTARIAN PARTY,6.000000
2014,19155155031,TREASURER OF STATE,,MICHAEL L FITZGERALD,DEMOCRATIC PARTY,43.000000
2014,19155155031,TREASURER OF STATE,,SAM CLOVIS,REPUBLICAN PARTY,97.000000
2014,19155155031,TREASURER OF STATE,,WRITE IN,,0.000000
2014,19155155031,U S SENATE,,BOB QUAST,BOB QUAST FOR TERM LIMITS,1.000000
2014,19155155031,U S SENATE,,BRUCE BRALEY,DEMOCRATIC PARTY,33.000000
2014,19155155031,U S SENATE,,DOUGLAS BUTZIER,LIBERTARIAN PARTY,0.000000
2014,19155155031,U S SENATE,,JONI ERNST,REPUBLICAN PARTY,113.000000
2014,19155155031,U S SENATE,,RICK STEWART,INDEPENDENT,1.000000
2014,19155155031,U S SENATE,,RUTH SMITH,,1.000000
2014,19155155031,U S SENATE,,WRITE IN,,0.000000
2014,19155155034,ATTORNEY GENERAL,,ADAM GREGG,REPUBLICAN PARTY,502.000000
2014,19155155034,ATTORNEY GENERAL,,TOM MILLER,DEMOCRATIC PARTY,208.000000
2014,19155155034,ATTORNEY GENERAL,,WRITE IN,,1.000000
2014,19155155034,AUDITOR OF STATE,,JONATHAN NEIDERBACH,DEMOCRATIC PARTY,127.000000
2014,19155155034,AUDITOR OF STATE,,MARY MOSIMAN,REPUBLICAN PARTY,564.000000
2014,19155155034,AUDITOR OF STATE,,WRITE IN,,2.000000
2014,19155155034,GOVERNOR,,JACK HATCH MONICA VERNON,DEMOCRATIC PARTY,112.000000
2014,19155155034,GOVERNOR,,JIM HENNAGER MARY MARGARET KRIEG,NEW INDEPENDENT PARTY IOWA,11.000000
2014,19155155034,GOVERNOR,,JONATHAN R NARCISSE MICHAEL L RICHARDS,IOWA PARTY,1.000000
2014,19155155034,GOVERNOR,,LEE DEAKINS HIEB TIM WATSON,LIBERTARIAN PARTY,6.000000
2014,19155155034,GOVERNOR,,TERRY E BRANSTAD KIM REYNOLDS,REPUBLICAN PARTY,607.000000
2014,19155155034,GOVERNOR,,WRITE IN,,0.000000
2014,19155155034,SECRETARY OF AGRICULTURE,,BILL NORTHEY,REPUBLICAN PARTY,594.000000
2014,19155155034,SECRETARY OF AGRICULTURE,,LEVI BENNING,NEW INDEPENDENT PARTY IOWA,28.000000
2014,19155155034,SECRETARY OF AGRICULTURE,,SHERRIE TAHA,DEMOCRATIC PARTY,93.000000
2014,19155155034,SECRETARY OF AGRICULTURE,,WRITE IN,,0.000000
2014,19155155034,SECRETARY OF STATE,,BRAD ANDERSON,DEMOCRATIC PARTY,156.000000
2014,19155155034,SECRETARY OF STATE,,JAKE PORTER,LIBERTARIAN PARTY,12.000000
2014,19155155034,SECRETARY OF STATE,,PAUL D PATE,REPUBLICAN PARTY,524.000000
2014,19155155034,SECRETARY OF STATE,,SPENCER HIGHLAND,NEW INDEPENDENT PARTY IOWA,14.000000
2014,19155155034,SECRETARY OF STATE,,WRITE IN,,1.000000
2014,19155155034,TREASURER OF STATE,,KEITH A LAUBE,LIBERTARIAN PARTY,16.000000
2014,19155155034,TREASURER OF STATE,,MICHAEL L FITZGERALD,DEMOCRATIC PARTY,180.000000
2014,19155155034,TREASURER OF STATE,,SAM CLOVIS,REPUBLICAN PARTY,506.000000
2014,19155155034,TREASURER OF STATE,,WRITE IN,,1.000000
2014,19155155034,U S SENATE,,BOB QUAST,BOB QUAST FOR TERM LIMITS,5.000000
2014,19155155034,U S SENATE,,BRUCE BRALEY,DEMOCRATIC PARTY,149.000000
2014,19155155034,U S SENATE,,DOUGLAS BUTZIER,LIBERTARIAN PARTY,6.000000
2014,19155155034,U S SENATE,,JONI ERNST,REPUBLICAN PARTY,562.000000
2014,19155155034,U S SENATE,,RICK STEWART,INDEPENDENT,18.000000
2014,19155155034,U S SENATE,,RUTH SMITH,,0.000000
2014,19155155034,U S SENATE,,WRITE IN,,1.000000
2014,19155155035,ATTORNEY GENERAL,,ADAM GREGG,REPUBLICAN PARTY,588.000000
2014,19155155035,ATTORNEY GENERAL,,TOM MILLER,DEMOCRATIC PARTY,338.000000
2014,19155155035,ATTORNEY GENERAL,,WRITE IN,,0.000000
2014,19155155035,AUDITOR OF STATE,,JONATHAN NEIDERBACH,DEMOCRATIC PARTY,268.000000
2014,19155155035,AUDITOR OF STATE,,MARY MOSIMAN,REPUBLICAN PARTY,650.000000
2014,19155155035,AUDITOR OF STATE,,WRITE IN,,0.000000
2014,19155155035,GOVERNOR,,JACK HATCH MONICA VERNON,DEMOCRATIC PARTY,242.000000
2014,19155155035,GOVERNOR,,JIM HENNAGER MARY MARGARET KRIEG,NEW INDEPENDENT PARTY IOWA,13.000000
2014,19155155035,GOVERNOR,,JONATHAN R NARCISSE MICHAEL L RICHARDS,IOWA PARTY,8.000000
2014,19155155035,GOVERNOR,,LEE DEAKINS HIEB TIM WATSON,LIBERTARIAN PARTY,17.000000
2014,19155155035,GOVERNOR,,TERRY E BRANSTAD KIM REYNOLDS,REPUBLICAN PARTY,675.000000
2014,19155155035,GOVERNOR,,WRITE IN,,0.000000
2014,19155155035,SECRETARY OF AGRICULTURE,,BILL NORTHEY,REPUBLICAN PARTY,641.000000
2014,19155155035,SECRETARY OF AGRICULTURE,,LEVI BENNING,NEW INDEPENDENT PARTY IOWA,45.000000
2014,19155155035,SECRETARY OF AGRICULTURE,,SHERRIE TAHA,DEMOCRATIC PARTY,230.000000
2014,19155155035,SECRETARY OF AGRICULTURE,,WRITE IN,,0.000000
2014,19155155035,SECRETARY OF STATE,,BRAD ANDERSON,DEMOCRATIC PARTY,289.000000
2014,19155155035,SECRETARY OF STATE,,JAKE PORTER,LIBERTARIAN PARTY,24.000000
2014,19155155035,SECRETARY OF STATE,,PAUL D PATE,REPUBLICAN PARTY,598.000000
2014,19155155035,SECRETARY OF STATE,,SPENCER HIGHLAND,NEW INDEPENDENT PARTY IOWA,19.000000
2014,19155155035,SECRETARY OF STATE,,WRITE IN,,0.000000
2014,19155155035,TREASURER OF STATE,,KEITH A LAUBE,LIBERTARIAN PARTY,21.000000
2014,19155155035,TREASURER OF STATE,,MICHAEL L FITZGERALD,DEMOCRATIC PARTY,313.000000
2014,19155155035,TREASURER OF STATE,,SAM CLOVIS,REPUBLICAN PARTY,593.000000
2014,19155155035,TREASURER OF STATE,,WRITE IN,,0.000000
2014,19155155035,U S SENATE,,BOB QUAST,BOB QUAST FOR TERM LIMITS,9.000000
2014,19155155035,U S SENATE,,BRUCE BRALEY,DEMOCRATIC PARTY,286.000000
2014,19155155035,U S SENATE,,DOUGLAS BUTZIER,LIBERTARIAN PARTY,7.000000
2014,19155155035,U S SENATE,,JONI ERNST,REPUBLICAN PARTY,627.000000
2014,19155155035,U S SENATE,,RICK STEWART,INDEPENDENT,19.000000
2014,19155155035,U S SENATE,,RUTH SMITH,,1.000000
2014,19155155035,U S SENATE,,WRITE IN,,0.000000
2014,19155155036,ATTORNEY GENERAL,,ADAM GREGG,REPUBLICAN PARTY,693.000000
2014,19155155036,ATTORNEY GENERAL,,TOM MILLER,DEMOCRATIC PARTY,330.000000
2014,19155155036,ATTORNEY GENERAL,,WRITE IN,,4.000000
2014,19155155036,AUDITOR OF STATE,,JONATHAN NEIDERBACH,DEMOCRATIC PARTY,250.000000
2014,19155155036,AUDITOR OF STATE,,MARY MOSIMAN,REPUBLICAN PARTY,766.000000
2014,19155155036,AUDITOR OF STATE,,WRITE IN,,2.000000
2014,19155155036,GOVERNOR,,JACK HATCH MONICA VERNON,DEMOCRATIC PARTY,229.000000
2014,19155155036,GOVERNOR,,JIM HENNAGER MARY MARGARET KRIEG,NEW INDEPENDENT PARTY IOWA,26.000000
2014,19155155036,GOVERNOR,,JONATHAN R NARCISSE MICHAEL L RICHARDS,IOWA PARTY,8.000000
2014,19155155036,GOVERNOR,,LEE DEAKINS HIEB TIM WATSON,LIBERTARIAN PARTY,21.000000
2014,19155155036,GOVERNOR,,TERRY E BRANSTAD KIM REYNOLDS,REPUBLICAN PARTY,779.000000
2014,19155155036,GOVERNOR,,WRITE IN,,1.000000
2014,19155155036,SECRETARY OF AGRICULTURE,,BILL NORTHEY,REPUBLICAN PARTY,734.000000
2014,19155155036,SECRETARY OF AGRICULTURE,,LEVI BENNING,NEW INDEPENDENT PARTY IOWA,60.000000
2014,19155155036,SECRETARY OF AGRICULTURE,,SHERRIE TAHA,DEMOCRATIC PARTY,227.000000
2014,19155155036,SECRETARY OF AGRICULTURE,,WRITE IN,,1.000000
2014,19155155036,SECRETARY OF STATE,,BRAD ANDERSON,DEMOCRATIC PARTY,282.000000
2014,19155155036,SECRETARY OF STATE,,JAKE PORTER,LIBERTARIAN PARTY,27.000000
2014,19155155036,SECRETARY OF STATE,,PAUL D PATE,REPUBLICAN PARTY,694.000000
2014,19155155036,SECRETARY OF STATE,,SPENCER HIGHLAND,NEW INDEPENDENT PARTY IOWA,32.000000
2014,19155155036,SECRETARY OF STATE,,WRITE IN,,0.000000
2014,19155155036,TREASURER OF STATE,,KEITH A LAUBE,LIBERTARIAN PARTY,38.000000
2014,19155155036,TREASURER OF STATE,,MICHAEL L FITZGERALD,DEMOCRATIC PARTY,297.000000
2014,19155155036,TREASURER OF STATE,,SAM CLOVIS,REPUBLICAN PARTY,689.000000
2014,19155155036,TREASURER OF STATE,,WRITE IN,,1.000000
2014,19155155036,U S SENATE,,BOB QUAST,BOB QUAST FOR TERM LIMITS,13.000000
2014,19155155036,U S SENATE,,BRUCE BRALEY,DEMOCRATIC PARTY,281.000000
2014,19155155036,U S SENATE,,DOUGLAS BUTZIER,LIBERTARIAN PARTY,7.000000
2014,19155155036,U S SENATE,,JONI ERNST,REPUBLICAN PARTY,727.000000
2014,19155155036,U S SENATE,,RICK STEWART,INDEPENDENT,21.000000
2014,19155155036,U S SENATE,,RUTH SMITH,,11.000000
2014,19155155036,U S SENATE,,WRITE IN,,2.000000
2014,19159159004,ATTORNEY GENERAL,,ADAM GREGG,REPUBLICAN PARTY,83.000000
2014,19159159004,ATTORNEY GENERAL,,TOM MILLER,DEMOCRATIC PARTY,68.000000
2014,19159159004,ATTORNEY GENERAL,,WRITE IN,,0.000000
2014,19159159004,AUDITOR OF STATE,,JONATHAN NEIDERBACH,DEMOCRATIC PARTY,29.000000
2014,19159159004,AUDITOR OF STATE,,MARY MOSIMAN,REPUBLICAN PARTY,111.000000
2014,19159159004,AUDITOR OF STATE,,WRITE IN,,0.000000
2014,19159159004,GOVERNOR,,JACK HATCH MONICA VERNON,DEMOCRATIC PARTY,29.000000
2014,19159159004,GOVERNOR,,JIM HENNAGER MARY MARGARET KRIEG,NEW INDEPENDENT PARTY IOWA,0.000000
2014,19159159004,GOVERNOR,,JONATHAN R NARCISSE MICHAEL L RICHARDS,IOWA PARTY,3.000000
2014,19159159004,GOVERNOR,,LEE DEAKINS HIEB TIM WATSON,LIBERTARIAN PARTY,6.000000
2014,19159159004,GOVERNOR,,TERRY E BRANSTAD KIM REYNOLDS,REPUBLICAN PARTY,114.000000
2014,19159159004,GOVERNOR,,WRITE IN,,1.000000
2014,19159159004,SECRETARY OF AGRICULTURE,,BILL NORTHEY,REPUBLICAN PARTY,120.000000
2014,19159159004,SECRETARY OF AGRICULTURE,,LEVI BENNING,NEW INDEPENDENT PARTY IOWA,5.000000
2014,19159159004,SECRETARY OF AGRICULTURE,,SHERRIE TAHA,DEMOCRATIC PARTY,23.000000
2014,19159159004,SECRETARY OF AGRICULTURE,,WRITE IN,,0.000000
2014,19159159004,SECRETARY OF STATE,,BRAD ANDERSON,DEMOCRATIC PARTY,36.000000
2014,19159159004,SECRETARY OF STATE,,JAKE PORTER,LIBERTARIAN PARTY,7.000000
2014,19159159004,SECRETARY OF STATE,,PAUL D PATE,REPUBLICAN PARTY,96.000000
2014,19159159004,SECRETARY OF STATE,,SPENCER HIGHLAND,NEW INDEPENDENT PARTY IOWA,2.000000
2014,19159159004,SECRETARY OF STATE,,WRITE IN,,0.000000
2014,19159159004,TREASURER OF STATE,,KEITH A LAUBE,LIBERTARIAN PARTY,6.000000
2014,19159159004,TREASURER OF STATE,,MICHAEL L FITZGERALD,DEMOCRATIC PARTY,52.000000
2014,19159159004,TREASURER OF STATE,,SAM CLOVIS,REPUBLICAN PARTY,83.000000
2014,19159159004,TREASURER OF STATE,,WRITE IN,,0.000000
2014,19159159004,U S SENATE,,BOB QUAST,BOB QUAST FOR TERM LIMITS,1.000000
2014,19159159004,U S SENATE,,BRUCE BRALEY,DEMOCRATIC PARTY,32.000000
2014,19159159004,U S SENATE,,DOUGLAS BUTZIER,LIBERTARIAN PARTY,1.000000
2014,19159159004,U S SENATE,,JONI ERNST,REPUBLICAN PARTY,112.000000
2014,19159159004,U S SENATE,,RICK STEWART,INDEPENDENT,3.000000
2014,19159159004,U S SENATE,,RUTH SMITH,,3.000000
2014,19159159004,U S SENATE,,WRITE IN,,0.000000
2014,19159159019,ATTORNEY GENERAL,,ADAM GREGG,REPUBLICAN PARTY,93.000000
2014,19159159019,ATTORNEY GENERAL,,TOM MILLER,DEMOCRATIC PARTY,135.000000
2014,19159159019,ATTORNEY GENERAL,,WRITE IN,,0.000000
2014,19159159019,AUDITOR OF STATE,,JONATHAN NEIDERBACH,DEMOCRATIC PARTY,85.000000
2014,19159159019,AUDITOR OF STATE,,MARY MOSIMAN,REPUBLICAN PARTY,135.000000
2014,19159159019,AUDITOR OF STATE,,WRITE IN,,0.000000
2014,19159159019,GOVERNOR,,JACK HATCH MONICA VERNON,DEMOCRATIC PARTY,78.000000
2014,19159159019,GOVERNOR,,JIM HENNAGER MARY MARGARET KRIEG,NEW INDEPENDENT PARTY IOWA,3.000000
2014,19159159019,GOVERNOR,,JONATHAN R NARCISSE MICHAEL L RICHARDS,IOWA PARTY,4.000000
2014,19159159019,GOVERNOR,,LEE DEAKINS HIEB TIM WATSON,LIBERTARIAN PARTY,4.000000
2014,19159159019,GOVERNOR,,TERRY E BRANSTAD KIM REYNOLDS,REPUBLICAN PARTY,141.000000
2014,19159159019,GOVERNOR,,WRITE IN,,0.000000
2014,19159159019,SECRETARY OF AGRICULTURE,,BILL NORTHEY,REPUBLICAN PARTY,157.000000
2014,19159159019,SECRETARY OF AGRICULTURE,,LEVI BENNING,NEW INDEPENDENT PARTY IOWA,9.000000
2014,19159159019,SECRETARY OF AGRICULTURE,,SHERRIE TAHA,DEMOCRATIC PARTY,58.000000
2014,19159159019,SECRETARY OF AGRICULTURE,,WRITE IN,,1.000000
2014,19159159019,SECRETARY OF STATE,,BRAD ANDERSON,DEMOCRATIC PARTY,104.000000
2014,19159159019,SECRETARY OF STATE,,JAKE PORTER,LIBERTARIAN PARTY,5.000000
2014,19159159019,SECRETARY OF STATE,,PAUL D PATE,REPUBLICAN PARTY,107.000000
2014,19159159019,SECRETARY OF STATE,,SPENCER HIGHLAND,NEW INDEPENDENT PARTY IOWA,4.000000
2014,19159159019,SECRETARY OF STATE,,WRITE IN,,0.000000
2014,19159159019,TREASURER OF STATE,,KEITH A LAUBE,LIBERTARIAN PARTY,5.000000
2014,19159159019,TREASURER OF STATE,,MICHAEL L FITZGERALD,DEMOCRATIC PARTY,122.000000
2014,19159159019,TREASURER OF STATE,,SAM CLOVIS,REPUBLICAN PARTY,95.000000
2014,19159159019,TREASURER OF STATE,,WRITE IN,,0.000000
2014,19159159019,U S SENATE,,BOB QUAST,BOB QUAST FOR TERM LIMITS,1.000000
2014,19159159019,U S SENATE,,BRUCE BRALEY,DEMOCRATIC PARTY,69.000000
2014,19159159019,U S SENATE,,DOUGLAS BUTZIER,LIBERTARIAN PARTY,2.000000
2014,19159159019,U S SENATE,,JONI ERNST,REPUBLICAN PARTY,134.000000
2014,19159159019,U S SENATE,,RICK STEWART,INDEPENDENT,9.000000
2014,19159159019,U S SENATE,,RUTH SMITH,,13.000000
2014,19159159019,U S SENATE,,WRITE IN,,0.000000
2014,19159159023,ATTORNEY GENERAL,,ADAM GREGG,REPUBLICAN PARTY,52.000000
2014,19159159023,ATTORNEY GENERAL,,TOM MILLER,DEMOCRATIC PARTY,85.000000
2014,19159159023,ATTORNEY GENERAL,,WRITE IN,,0.000000
2014,19159159023,AUDITOR OF STATE,,JONATHAN NEIDERBACH,DEMOCRATIC PARTY,54.000000
2014,19159159023,AUDITOR OF STATE,,MARY MOSIMAN,REPUBLICAN PARTY,76.000000
2014,19159159023,AUDITOR OF STATE,,WRITE IN,,0.000000
2014,19159159023,GOVERNOR,,JACK HATCH MONICA VERNON,DEMOCRATIC PARTY,44.000000
2014,19159159023,GOVERNOR,,JIM HENNAGER MARY MARGARET KRIEG,NEW INDEPENDENT PARTY IOWA,0.000000
2014,19159159023,GOVERNOR,,JONATHAN R NARCISSE MICHAEL L RICHARDS,IOWA PARTY,2.000000
2014,19159159023,GOVERNOR,,LEE DEAKINS HIEB TIM WATSON,LIBERTARIAN PARTY,2.000000
2014,19159159023,GOVERNOR,,TERRY E BRANSTAD KIM REYNOLDS,REPUBLICAN PARTY,94.000000
2014,19159159023,GOVERNOR,,WRITE IN,,0.000000
2014,19159159023,SECRETARY OF AGRICULTURE,,BILL NORTHEY,REPUBLICAN PARTY,103.000000
2014,19159159023,SECRETARY OF AGRICULTURE,,LEVI BENNING,NEW INDEPENDENT PARTY IOWA,5.000000
2014,19159159023,SECRETARY OF AGRICULTURE,,SHERRIE TAHA,DEMOCRATIC PARTY,29.000000
2014,19159159023,SECRETARY OF AGRICULTURE,,WRITE IN,,0.000000
2014,19159159023,SECRETARY OF STATE,,BRAD ANDERSON,DEMOCRATIC PARTY,65.000000
2014,19159159023,SECRETARY OF STATE,,JAKE PORTER,LIBERTARIAN PARTY,2.000000
2014,19159159023,SECRETARY OF STATE,,PAUL D PATE,REPUBLICAN PARTY,65.000000
2014,19159159023,SECRETARY OF STATE,,SPENCER HIGHLAND,NEW INDEPENDENT PARTY IOWA,2.000000
2014,19159159023,SECRETARY OF STATE,,WRITE IN,,0.000000
2014,19159159023,TREASURER OF STATE,,KEITH A LAUBE,LIBERTARIAN PARTY,2.000000
2014,19159159023,TREASURER OF STATE,,MICHAEL L FITZGERALD,DEMOCRATIC PARTY,81.000000
2014,19159159023,TREASURER OF STATE,,SAM CLOVIS,REPUBLICAN PARTY,46.000000
2014,19159159023,TREASURER OF STATE,,WRITE IN,,0.000000
2014,19159159023,U S SENATE,,BOB QUAST,BOB QUAST FOR TERM LIMITS,1.000000
2014,19159159023,U S SENATE,,BRUCE BRALEY,DEMOCRATIC PARTY,46.000000
2014,19159159023,U S SENATE,,DOUGLAS BUTZIER,LIBERTARIAN PARTY,0.000000
2014,19159159023,U S SENATE,,JONI ERNST,REPUBLICAN PARTY,81.000000
2014,19159159023,U S SENATE,,RICK STEWART,INDEPENDENT,5.000000
2014,19159159023,U S SENATE,,RUTH SMITH,,6.000000
2014,19159159023,U S SENATE,,WRITE IN,,0.000000
2014,19161161008,ATTORNEY GENERAL,,ADAM GREGG,REPUBLICAN PARTY,387.000000
2014,19161161008,ATTORNEY GENERAL,,TOM MILLER,DEMOCRATIC PARTY,482.000000
2014,19161161008,ATTORNEY GENERAL,,WRITE IN,,1.000000
2014,19161161008,AUDITOR OF STATE,,JONATHAN NEIDERBACH,DEMOCRATIC PARTY,266.000000
2014,19161161008,AUDITOR OF STATE,,MARY MOSIMAN,REPUBLICAN PARTY,549.000000
2014,19161161008,AUDITOR OF STATE,,WRITE IN,,1.000000
2014,19161161008,GOVERNOR,,JACK HATCH MONICA VERNON,DEMOCRATIC PARTY,284.000000
2014,19161161008,GOVERNOR,,JIM HENNAGER MARY MARGARET KRIEG,NEW INDEPENDENT PARTY IOWA,10.000000
2014,19161161008,GOVERNOR,,JONATHAN R NARCISSE MICHAEL L RICHARDS,IOWA PARTY,11.000000
2014,19161161008,GOVERNOR,,LEE DEAKINS HIEB TIM WATSON,LIBERTARIAN PARTY,19.000000
2014,19161161008,GOVERNOR,,TERRY E BRANSTAD KIM REYNOLDS,REPUBLICAN PARTY,582.000000
2014,19161161008,GOVERNOR,,WRITE IN,,1.000000
2014,19161161008,SECRETARY OF AGRICULTURE,,BILL NORTHEY,REPUBLICAN PARTY,649.000000
2014,19161161008,SECRETARY OF AGRICULTURE,,LEVI BENNING,NEW INDEPENDENT PARTY IOWA,25.000000
2014,19161161008,SECRETARY OF AGRICULTURE,,SHERRIE TAHA,DEMOCRATIC PARTY,193.000000
2014,19161161008,SECRETARY OF AGRICULTURE,,WRITE IN,,1.000000
2014,19161161008,SECRETARY OF STATE,,BRAD ANDERSON,DEMOCRATIC PARTY,379.000000
2014,19161161008,SECRETARY OF STATE,,JAKE PORTER,LIBERTARIAN PARTY,23.000000
2014,19161161008,SECRETARY OF STATE,,PAUL D PATE,REPUBLICAN PARTY,426.000000
2014,19161161008,SECRETARY OF STATE,,SPENCER HIGHLAND,NEW INDEPENDENT PARTY IOWA,20.000000
2014,19161161008,SECRETARY OF STATE,,WRITE IN,,1.000000
2014,19161161008,TREASURER OF STATE,,KEITH A LAUBE,LIBERTARIAN PARTY,33.000000
2014,19161161008,TREASURER OF STATE,,MICHAEL L FITZGERALD,DEMOCRATIC PARTY,433.000000
2014,19161161008,TREASURER OF STATE,,SAM CLOVIS,REPUBLICAN PARTY,393.000000
2014,19161161008,TREASURER OF STATE,,WRITE IN,,1.000000
2014,19161161008,U S SENATE,,BOB QUAST,BOB QUAST FOR TERM LIMITS,11.000000
2014,19161161008,U S SENATE,,BRUCE BRALEY,DEMOCRATIC PARTY,340.000000
2014,19161161008,U S SENATE,,DOUGLAS BUTZIER,LIBERTARIAN PARTY,8.000000
2014,19161161008,U S SENATE,,JONI ERNST,REPUBLICAN PARTY,484.000000
2014,19161161008,U S SENATE,,RICK STEWART,INDEPENDENT,41.000000
2014,19161161008,U S SENATE,,RUTH SMITH,,8.000000
2014,19161161008,U S SENATE,,WRITE IN,,1.000000
2014,19161161019,ATTORNEY GENERAL,,ADAM GREGG,REPUBLICAN PARTY,219.000000
2014,19161161019,ATTORNEY GENERAL,,TOM MILLER,DEMOCRATIC PARTY,165.000000
2014,19161161019,ATTORNEY GENERAL,,WRITE IN,,0.000000
2014,19161161019,AUDITOR OF STATE,,JONATHAN NEIDERBACH,DEMOCRATIC PARTY,76.000000
2014,19161161019,AUDITOR OF STATE,,MARY MOSIMAN,REPUBLICAN PARTY,290.000000
2014,19161161019,AUDITOR OF STATE,,WRITE IN,,0.000000
2014,19161161019,GOVERNOR,,JACK HATCH MONICA VERNON,DEMOCRATIC PARTY,77.000000
2014,19161161019,GOVERNOR,,JIM HENNAGER MARY MARGARET KRIEG,NEW INDEPENDENT PARTY IOWA,0.000000
2014,19161161019,GOVERNOR,,JONATHAN R NARCISSE MICHAEL L RICHARDS,IOWA PARTY,1.000000
2014,19161161019,GOVERNOR,,LEE DEAKINS HIEB TIM WATSON,LIBERTARIAN PARTY,8.000000
2014,19161161019,GOVERNOR,,TERRY E BRANSTAD KIM REYNOLDS,REPUBLICAN PARTY,320.000000
2014,19161161019,GOVERNOR,,WRITE IN,,0.000000
2014,19161161019,SECRETARY OF AGRICULTURE,,BILL NORTHEY,REPUBLICAN PARTY,320.000000
2014,19161161019,SECRETARY OF AGRICULTURE,,LEVI BENNING,NEW INDEPENDENT PARTY IOWA,8.000000
2014,19161161019,SECRETARY OF AGRICULTURE,,SHERRIE TAHA,DEMOCRATIC PARTY,60.000000
2014,19161161019,SECRETARY OF AGRICULTURE,,WRITE IN,,0.000000
2014,19161161019,SECRETARY OF STATE,,BRAD ANDERSON,DEMOCRATIC PARTY,123.000000
2014,19161161019,SECRETARY OF STATE,,JAKE PORTER,LIBERTARIAN PARTY,11.000000
2014,19161161019,SECRETARY OF STATE,,PAUL D PATE,REPUBLICAN PARTY,237.000000
2014,19161161019,SECRETARY OF STATE,,SPENCER HIGHLAND,NEW INDEPENDENT PARTY IOWA,3.000000
2014,19161161019,SECRETARY OF STATE,,WRITE IN,,0.000000
2014,19161161019,TREASURER OF STATE,,KEITH A LAUBE,LIBERTARIAN PARTY,8.000000
2014,19161161019,TREASURER OF STATE,,MICHAEL L FITZGERALD,DEMOCRATIC PARTY,158.000000
2014,19161161019,TREASURER OF STATE,,SAM CLOVIS,REPUBLICAN PARTY,212.000000
2014,19161161019,TREASURER OF STATE,,WRITE IN,,0.000000
2014,19161161019,U S SENATE,,BOB QUAST,BOB QUAST FOR TERM LIMITS,3.000000
2014,19161161019,U S SENATE,,BRUCE BRALEY,DEMOCRATIC PARTY,103.000000
2014,19161161019,U S SENATE,,DOUGLAS BUTZIER,LIBERTARIAN PARTY,0.000000
2014,19161161019,U S SENATE,,JONI ERNST,REPUBLICAN PARTY,282.000000
2014,19161161019,U S SENATE,,RICK STEWART,INDEPENDENT,7.000000
2014,19161161019,U S SENATE,,RUTH SMITH,,1.000000
2014,19161161019,U S SENATE,,WRITE IN,,0.000000
2014,19167167004,ATTORNEY GENERAL,,ADAM GREGG,REPUBLICAN PARTY,1154.000000
2014,19167167004,ATTORNEY GENERAL,,TOM MILLER,DEMOCRATIC PARTY,61.000000
2014,19167167004,ATTORNEY GENERAL,,WRITE IN,,0.000000
2014,19167167004,AUDITOR OF STATE,,JONATHAN NEIDERBACH,DEMOCRATIC PARTY,52.000000
2014,19167167004,AUDITOR OF STATE,,MARY MOSIMAN,REPUBLICAN PARTY,1144.000000
2014,19167167004,AUDITOR OF STATE,,WRITE IN,,0.000000
2014,19167167004,GOVERNOR,,JACK HATCH MONICA VERNON,DEMOCRATIC PARTY,40.000000
2014,19167167004,GOVERNOR,,JIM HENNAGER MARY MARGARET KRIEG,NEW INDEPENDENT PARTY IOWA,3.000000
2014,19167167004,GOVERNOR,,JONATHAN R NARCISSE MICHAEL L RICHARDS,IOWA PARTY,2.000000
2014,19167167004,GOVERNOR,,LEE DEAKINS HIEB TIM WATSON,LIBERTARIAN PARTY,6.000000
2014,19167167004,GOVERNOR,,TERRY E BRANSTAD KIM REYNOLDS,REPUBLICAN PARTY,1177.000000
2014,19167167004,GOVERNOR,,WRITE IN,,0.000000
2014,19167167004,SECRETARY OF AGRICULTURE,,BILL NORTHEY,REPUBLICAN PARTY,1173.000000
2014,19167167004,SECRETARY OF AGRICULTURE,,LEVI BENNING,NEW INDEPENDENT PARTY IOWA,15.000000
2014,19167167004,SECRETARY OF AGRICULTURE,,SHERRIE TAHA,DEMOCRATIC PARTY,29.000000
2014,19167167004,SECRETARY OF AGRICULTURE,,WRITE IN,,0.000000
2014,19167167004,SECRETARY OF STATE,,BRAD ANDERSON,DEMOCRATIC PARTY,54.000000
2014,19167167004,SECRETARY OF STATE,,JAKE PORTER,LIBERTARIAN PARTY,19.000000
2014,19167167004,SECRETARY OF STATE,,PAUL D PATE,REPUBLICAN PARTY,1125.000000
2014,19167167004,SECRETARY OF STATE,,SPENCER HIGHLAND,NEW INDEPENDENT PARTY IOWA,6.000000
2014,19167167004,SECRETARY OF STATE,,WRITE IN,,0.000000
2014,19167167004,TREASURER OF STATE,,KEITH A LAUBE,LIBERTARIAN PARTY,8.000000
2014,19167167004,TREASURER OF STATE,,MICHAEL L FITZGERALD,DEMOCRATIC PARTY,61.000000
2014,19167167004,TREASURER OF STATE,,SAM CLOVIS,REPUBLICAN PARTY,1143.000000
2014,19167167004,TREASURER OF STATE,,WRITE IN,,0.000000
2014,19167167004,U S SENATE,,BOB QUAST,BOB QUAST FOR TERM LIMITS,2.000000
2014,19167167004,U S SENATE,,BRUCE BRALEY,DEMOCRATIC PARTY,57.000000
2014,19167167004,U S SENATE,,DOUGLAS BUTZIER,LIBERTARIAN PARTY,1.000000
2014,19167167004,U S SENATE,,JONI ERNST,REPUBLICAN PARTY,1149.000000
2014,19167167004,U S SENATE,,RICK STEWART,INDEPENDENT,13.000000
2014,19167167004,U S SENATE,,RUTH SMITH,,1.000000
2014,19167167004,U S SENATE,,WRITE IN,,0.000000
2014,19167167025,ATTORNEY GENERAL,,ADAM GREGG,REPUBLICAN PARTY,280.000000
2014,19167167025,ATTORNEY GENERAL,,TOM MILLER,DEMOCRATIC PARTY,15.000000
2014,19167167025,ATTORNEY GENERAL,,WRITE IN,,0.000000
2014,19167167025,AUDITOR OF STATE,,JONATHAN NEIDERBACH,DEMOCRATIC PARTY,13.000000
2014,19167167025,AUDITOR OF STATE,,MARY MOSIMAN,REPUBLICAN PARTY,278.000000
2014,19167167025,AUDITOR OF STATE,,WRITE IN,,0.000000
2014,19167167025,GOVERNOR,,JACK HATCH MONICA VERNON,DEMOCRATIC PARTY,7.000000
2014,19167167025,GOVERNOR,,JIM HENNAGER MARY MARGARET KRIEG,NEW INDEPENDENT PARTY IOWA,1.000000
2014,19167167025,GOVERNOR,,JONATHAN R NARCISSE MICHAEL L RICHARDS,IOWA PARTY,1.000000
2014,19167167025,GOVERNOR,,LEE DEAKINS HIEB TIM WATSON,LIBERTARIAN PARTY,3.000000
2014,19167167025,GOVERNOR,,TERRY E BRANSTAD KIM REYNOLDS,REPUBLICAN PARTY,286.000000
2014,19167167025,GOVERNOR,,WRITE IN,,1.000000
2014,19167167025,SECRETARY OF AGRICULTURE,,BILL NORTHEY,REPUBLICAN PARTY,292.000000
2014,19167167025,SECRETARY OF AGRICULTURE,,LEVI BENNING,NEW INDEPENDENT PARTY IOWA,2.000000
2014,19167167025,SECRETARY OF AGRICULTURE,,SHERRIE TAHA,DEMOCRATIC PARTY,5.000000
2014,19167167025,SECRETARY OF AGRICULTURE,,WRITE IN,,0.000000
2014,19167167025,SECRETARY OF STATE,,BRAD ANDERSON,DEMOCRATIC PARTY,18.000000
2014,19167167025,SECRETARY OF STATE,,JAKE PORTER,LIBERTARIAN PARTY,3.000000
2014,19167167025,SECRETARY OF STATE,,PAUL D PATE,REPUBLICAN PARTY,267.000000
2014,19167167025,SECRETARY OF STATE,,SPENCER HIGHLAND,NEW INDEPENDENT PARTY IOWA,3.000000
2014,19167167025,SECRETARY OF STATE,,WRITE IN,,0.000000
2014,19167167025,TREASURER OF STATE,,KEITH A LAUBE,LIBERTARIAN PARTY,3.000000
2014,19167167025,TREASURER OF STATE,,MICHAEL L FITZGERALD,DEMOCRATIC PARTY,14.000000
2014,19167167025,TREASURER OF STATE,,SAM CLOVIS,REPUBLICAN PARTY,280.000000
2014,19167167025,TREASURER OF STATE,,WRITE IN,,0.000000
2014,19167167025,U S SENATE,,BOB QUAST,BOB QUAST FOR TERM LIMITS,0.000000
2014,19167167025,U S SENATE,,BRUCE BRALEY,DEMOCRATIC PARTY,14.000000
2014,19167167025,U S SENATE,,DOUGLAS BUTZIER,LIBERTARIAN PARTY,0.000000
2014,19167167025,U S SENATE,,JONI ERNST,REPUBLICAN PARTY,276.000000
2014,19167167025,U S SENATE,,RICK STEWART,INDEPENDENT,5.000000
2014,19167167025,U S SENATE,,RUTH SMITH,,1.000000
2014,19167167025,U S SENATE,,WRITE IN,,0.000000
2014,19169169003,ATTORNEY GENERAL,,ADAM GREGG,REPUBLICAN PARTY,689.000000
2014,19169169003,ATTORNEY GENERAL,,TOM MILLER,DEMOCRATIC PARTY,829.000000
2014,19169169003,ATTORNEY GENERAL,,WRITE IN,,1.000000
2014,19169169003,AUDITOR OF STATE,,JONATHAN NEIDERBACH,DEMOCRATIC PARTY,412.000000
2014,19169169003,AUDITOR OF STATE,,MARY MOSIMAN,REPUBLICAN PARTY,1073.000000
2014,19169169003,AUDITOR OF STATE,,WRITE IN,,1.000000
2014,19169169003,GOVERNOR,,JACK HATCH MONICA VERNON,DEMOCRATIC PARTY,518.000000
2014,19169169003,GOVERNOR,,JIM HENNAGER MARY MARGARET KRIEG,NEW INDEPENDENT PARTY IOWA,10.000000
2014,19169169003,GOVERNOR,,JONATHAN R NARCISSE MICHAEL L RICHARDS,IOWA PARTY,9.000000
2014,19169169003,GOVERNOR,,LEE DEAKINS HIEB TIM WATSON,LIBERTARIAN PARTY,47.000000
2014,19169169003,GOVERNOR,,TERRY E BRANSTAD KIM REYNOLDS,REPUBLICAN PARTY,966.000000
2014,19169169003,GOVERNOR,,WRITE IN,,2.000000
2014,19169169003,SECRETARY OF AGRICULTURE,,BILL NORTHEY,REPUBLICAN PARTY,1098.000000
2014,19169169003,SECRETARY OF AGRICULTURE,,LEVI BENNING,NEW INDEPENDENT PARTY IOWA,37.000000
2014,19169169003,SECRETARY OF AGRICULTURE,,SHERRIE TAHA,DEMOCRATIC PARTY,350.000000
2014,19169169003,SECRETARY OF AGRICULTURE,,WRITE IN,,2.000000
2014,19169169003,SECRETARY OF STATE,,BRAD ANDERSON,DEMOCRATIC PARTY,630.000000
2014,19169169003,SECRETARY OF STATE,,JAKE PORTER,LIBERTARIAN PARTY,37.000000
2014,19169169003,SECRETARY OF STATE,,PAUL D PATE,REPUBLICAN PARTY,778.000000
2014,19169169003,SECRETARY OF STATE,,SPENCER HIGHLAND,NEW INDEPENDENT PARTY IOWA,23.000000
2014,19169169003,SECRETARY OF STATE,,WRITE IN,,2.000000
2014,19169169003,TREASURER OF STATE,,KEITH A LAUBE,LIBERTARIAN PARTY,41.000000
2014,19169169003,TREASURER OF STATE,,MICHAEL L FITZGERALD,DEMOCRATIC PARTY,746.000000
2014,19169169003,TREASURER OF STATE,,SAM CLOVIS,REPUBLICAN PARTY,707.000000
2014,19169169003,TREASURER OF STATE,,WRITE IN,,2.000000
2014,19169169003,U S SENATE,,BOB QUAST,BOB QUAST FOR TERM LIMITS,2.000000
2014,19169169003,U S SENATE,,BRUCE BRALEY,DEMOCRATIC PARTY,605.000000
2014,19169169003,U S SENATE,,DOUGLAS BUTZIER,LIBERTARIAN PARTY,7.000000
2014,19169169003,U S SENATE,,JONI ERNST,REPUBLICAN PARTY,897.000000
2014,19169169003,U S SENATE,,RICK STEWART,INDEPENDENT,33.000000
2014,19169169003,U S SENATE,,RUTH SMITH,,8.000000
2014,19169169003,U S SENATE,,WRITE IN,,5.000000
2014,19169169006,ATTORNEY GENERAL,,ADAM GREGG,REPUBLICAN PARTY,52.000000
2014,19169169006,ATTORNEY GENERAL,,TOM MILLER,DEMOCRATIC PARTY,56.000000
2014,19169169006,ATTORNEY GENERAL,,WRITE IN,,1.000000
2014,19169169006,AUDITOR OF STATE,,JONATHAN NEIDERBACH,DEMOCRATIC PARTY,23.000000
2014,19169169006,AUDITOR OF STATE,,MARY MOSIMAN,REPUBLICAN PARTY,85.000000
2014,19169169006,AUDITOR OF STATE,,WRITE IN,,0.000000
2014,19169169006,GOVERNOR,,JACK HATCH MONICA VERNON,DEMOCRATIC PARTY,22.000000
2014,19169169006,GOVERNOR,,JIM HENNAGER MARY MARGARET KRIEG,NEW INDEPENDENT PARTY IOWA,1.000000
2014,19169169006,GOVERNOR,,JONATHAN R NARCISSE MICHAEL L RICHARDS,IOWA PARTY,2.000000
2014,19169169006,GOVERNOR,,LEE DEAKINS HIEB TIM WATSON,LIBERTARIAN PARTY,7.000000
2014,19169169006,GOVERNOR,,TERRY E BRANSTAD KIM REYNOLDS,REPUBLICAN PARTY,75.000000
2014,19169169006,GOVERNOR,,WRITE IN,,0.000000
2014,19169169006,SECRETARY OF AGRICULTURE,,BILL NORTHEY,REPUBLICAN PARTY,92.000000
2014,19169169006,SECRETARY OF AGRICULTURE,,LEVI BENNING,NEW INDEPENDENT PARTY IOWA,4.000000
2014,19169169006,SECRETARY OF AGRICULTURE,,SHERRIE TAHA,DEMOCRATIC PARTY,13.000000
2014,19169169006,SECRETARY OF AGRICULTURE,,WRITE IN,,0.000000
2014,19169169006,SECRETARY OF STATE,,BRAD ANDERSON,DEMOCRATIC PARTY,38.000000
2014,19169169006,SECRETARY OF STATE,,JAKE PORTER,LIBERTARIAN PARTY,3.000000
2014,19169169006,SECRETARY OF STATE,,PAUL D PATE,REPUBLICAN PARTY,66.000000
2014,19169169006,SECRETARY OF STATE,,SPENCER HIGHLAND,NEW INDEPENDENT PARTY IOWA,1.000000
2014,19169169006,SECRETARY OF STATE,,WRITE IN,,0.000000
2014,19169169006,TREASURER OF STATE,,KEITH A LAUBE,LIBERTARIAN PARTY,3.000000
2014,19169169006,TREASURER OF STATE,,MICHAEL L FITZGERALD,DEMOCRATIC PARTY,59.000000
2014,19169169006,TREASURER OF STATE,,SAM CLOVIS,REPUBLICAN PARTY,47.000000
2014,19169169006,TREASURER OF STATE,,WRITE IN,,0.000000
2014,19169169006,U S SENATE,,BOB QUAST,BOB QUAST FOR TERM LIMITS,1.000000
2014,19169169006,U S SENATE,,BRUCE BRALEY,DEMOCRATIC PARTY,24.000000
2014,19169169006,U S SENATE,,DOUGLAS BUTZIER,LIBERTARIAN PARTY,2.000000
2014,19169169006,U S SENATE,,JONI ERNST,REPUBLICAN PARTY,78.000000
2014,19169169006,U S SENATE,,RICK STEWART,INDEPENDENT,4.000000
2014,19169169006,U S SENATE,,RUTH SMITH,,0.000000
2014,19169169006,U S SENATE,,WRITE IN,,0.000000
2014,19169169007,ATTORNEY GENERAL,,ADAM GREGG,REPUBLICAN PARTY,89.000000
2014,19169169007,ATTORNEY GENERAL,,TOM MILLER,DEMOCRATIC PARTY,92.000000
2014,19169169007,ATTORNEY GENERAL,,WRITE IN,,0.000000
2014,19169169007,AUDITOR OF STATE,,JONATHAN NEIDERBACH,DEMOCRATIC PARTY,40.000000
2014,19169169007,AUDITOR OF STATE,,MARY MOSIMAN,REPUBLICAN PARTY,140.000000
2014,19169169007,AUDITOR OF STATE,,WRITE IN,,0.000000
2014,19169169007,GOVERNOR,,JACK HATCH MONICA VERNON,DEMOCRATIC PARTY,49.000000
2014,19169169007,GOVERNOR,,JIM HENNAGER MARY MARGARET KRIEG,NEW INDEPENDENT PARTY IOWA,2.000000
2014,19169169007,GOVERNOR,,JONATHAN R NARCISSE MICHAEL L RICHARDS,IOWA PARTY,0.000000
2014,19169169007,GOVERNOR,,LEE DEAKINS HIEB TIM WATSON,LIBERTARIAN PARTY,5.000000
2014,19169169007,GOVERNOR,,TERRY E BRANSTAD KIM REYNOLDS,REPUBLICAN PARTY,126.000000
2014,19169169007,GOVERNOR,,WRITE IN,,0.000000
2014,19169169007,SECRETARY OF AGRICULTURE,,BILL NORTHEY,REPUBLICAN PARTY,140.000000
2014,19169169007,SECRETARY OF AGRICULTURE,,LEVI BENNING,NEW INDEPENDENT PARTY IOWA,10.000000
2014,19169169007,SECRETARY OF AGRICULTURE,,SHERRIE TAHA,DEMOCRATIC PARTY,33.000000
2014,19169169007,SECRETARY OF AGRICULTURE,,WRITE IN,,0.000000
2014,19169169007,SECRETARY OF STATE,,BRAD ANDERSON,DEMOCRATIC PARTY,67.000000
2014,19169169007,SECRETARY OF STATE,,JAKE PORTER,LIBERTARIAN PARTY,10.000000
2014,19169169007,SECRETARY OF STATE,,PAUL D PATE,REPUBLICAN PARTY,98.000000
2014,19169169007,SECRETARY OF STATE,,SPENCER HIGHLAND,NEW INDEPENDENT PARTY IOWA,4.000000
2014,19169169007,SECRETARY OF STATE,,WRITE IN,,0.000000
2014,19169169007,TREASURER OF STATE,,KEITH A LAUBE,LIBERTARIAN PARTY,5.000000
2014,19169169007,TREASURER OF STATE,,MICHAEL L FITZGERALD,DEMOCRATIC PARTY,86.000000
2014,19169169007,TREASURER OF STATE,,SAM CLOVIS,REPUBLICAN PARTY,92.000000
2014,19169169007,TREASURER OF STATE,,WRITE IN,,0.000000
2014,19169169007,U S SENATE,,BOB QUAST,BOB QUAST FOR TERM LIMITS,0.000000
2014,19169169007,U S SENATE,,BRUCE BRALEY,DEMOCRATIC PARTY,47.000000
2014,19169169007,U S SENATE,,DOUGLAS BUTZIER,LIBERTARIAN PARTY,1.000000
2014,19169169007,U S SENATE,,JONI ERNST,REPUBLICAN PARTY,128.000000
2014,19169169007,U S SENATE,,RICK STEWART,INDEPENDENT,4.000000
2014,19169169007,U S SENATE,,RUTH SMITH,,2.000000
2014,19169169007,U S SENATE,,WRITE IN,,0.000000
2014,19169169019,ATTORNEY GENERAL,,ADAM GREGG,REPUBLICAN PARTY,616.000000
2014,19169169019,ATTORNEY GENERAL,,TOM MILLER,DEMOCRATIC PARTY,661.000000
2014,19169169019,ATTORNEY GENERAL,,WRITE IN,,1.000000
2014,19169169019,AUDITOR OF STATE,,JONATHAN NEIDERBACH,DEMOCRATIC PARTY,362.000000
2014,19169169019,AUDITOR OF STATE,,MARY MOSIMAN,REPUBLICAN PARTY,878.000000
2014,19169169019,AUDITOR OF STATE,,WRITE IN,,2.000000
2014,19169169019,GOVERNOR,,JACK HATCH MONICA VERNON,DEMOCRATIC PARTY,416.000000
2014,19169169019,GOVERNOR,,JIM HENNAGER MARY MARGARET KRIEG,NEW INDEPENDENT PARTY IOWA,9.000000
2014,19169169019,GOVERNOR,,JONATHAN R NARCISSE MICHAEL L RICHARDS,IOWA PARTY,9.000000
2014,19169169019,GOVERNOR,,LEE DEAKINS HIEB TIM WATSON,LIBERTARIAN PARTY,28.000000
2014,19169169019,GOVERNOR,,TERRY E BRANSTAD KIM REYNOLDS,REPUBLICAN PARTY,850.000000
2014,19169169019,GOVERNOR,,WRITE IN,,3.000000
2014,19169169019,SECRETARY OF AGRICULTURE,,BILL NORTHEY,REPUBLICAN PARTY,909.000000
2014,19169169019,SECRETARY OF AGRICULTURE,,LEVI BENNING,NEW INDEPENDENT PARTY IOWA,40.000000
2014,19169169019,SECRETARY OF AGRICULTURE,,SHERRIE TAHA,DEMOCRATIC PARTY,311.000000
2014,19169169019,SECRETARY OF AGRICULTURE,,WRITE IN,,0.000000
2014,19169169019,SECRETARY OF STATE,,BRAD ANDERSON,DEMOCRATIC PARTY,506.000000
2014,19169169019,SECRETARY OF STATE,,JAKE PORTER,LIBERTARIAN PARTY,41.000000
2014,19169169019,SECRETARY OF STATE,,PAUL D PATE,REPUBLICAN PARTY,694.000000
2014,19169169019,SECRETARY OF STATE,,SPENCER HIGHLAND,NEW INDEPENDENT PARTY IOWA,16.000000
2014,19169169019,SECRETARY OF STATE,,WRITE IN,,0.000000
2014,19169169019,TREASURER OF STATE,,KEITH A LAUBE,LIBERTARIAN PARTY,44.000000
2014,19169169019,TREASURER OF STATE,,MICHAEL L FITZGERALD,DEMOCRATIC PARTY,604.000000
2014,19169169019,TREASURER OF STATE,,SAM CLOVIS,REPUBLICAN PARTY,619.000000
2014,19169169019,TREASURER OF STATE,,WRITE IN,,0.000000
2014,19169169019,U S SENATE,,BOB QUAST,BOB QUAST FOR TERM LIMITS,4.000000
2014,19169169019,U S SENATE,,BRUCE BRALEY,DEMOCRATIC PARTY,450.000000
2014,19169169019,U S SENATE,,DOUGLAS BUTZIER,LIBERTARIAN PARTY,20.000000
2014,19169169019,U S SENATE,,JONI ERNST,REPUBLICAN PARTY,803.000000
2014,19169169019,U S SENATE,,RICK STEWART,INDEPENDENT,34.000000
2014,19169169019,U S SENATE,,RUTH SMITH,,5.000000
2014,19169169019,U S SENATE,,WRITE IN,,0.000000
2014,19169169023,ATTORNEY GENERAL,,ADAM GREGG,REPUBLICAN PARTY,391.000000
2014,19169169023,ATTORNEY GENERAL,,TOM MILLER,DEMOCRATIC PARTY,630.000000
2014,19169169023,ATTORNEY GENERAL,,WRITE IN,,1.000000
2014,19169169023,AUDITOR OF STATE,,JONATHAN NEIDERBACH,DEMOCRATIC PARTY,442.000000
2014,19169169023,AUDITOR OF STATE,,MARY MOSIMAN,REPUBLICAN PARTY,562.000000
2014,19169169023,AUDITOR OF STATE,,WRITE IN,,1.000000
2014,19169169023,GOVERNOR,,JACK HATCH MONICA VERNON,DEMOCRATIC PARTY,495.000000
2014,19169169023,GOVERNOR,,JIM HENNAGER MARY MARGARET KRIEG,NEW INDEPENDENT PARTY IOWA,7.000000
2014,19169169023,GOVERNOR,,JONATHAN R NARCISSE MICHAEL L RICHARDS,IOWA PARTY,10.000000
2014,19169169023,GOVERNOR,,LEE DEAKINS HIEB TIM WATSON,LIBERTARIAN PARTY,28.000000
2014,19169169023,GOVERNOR,,TERRY E BRANSTAD KIM REYNOLDS,REPUBLICAN PARTY,512.000000
2014,19169169023,GOVERNOR,,WRITE IN,,4.000000
2014,19169169023,SECRETARY OF AGRICULTURE,,BILL NORTHEY,REPUBLICAN PARTY,561.000000
2014,19169169023,SECRETARY OF AGRICULTURE,,LEVI BENNING,NEW INDEPENDENT PARTY IOWA,28.000000
2014,19169169023,SECRETARY OF AGRICULTURE,,SHERRIE TAHA,DEMOCRATIC PARTY,419.000000
2014,19169169023,SECRETARY OF AGRICULTURE,,WRITE IN,,0.000000
2014,19169169023,SECRETARY OF STATE,,BRAD ANDERSON,DEMOCRATIC PARTY,550.000000
2014,19169169023,SECRETARY OF STATE,,JAKE PORTER,LIBERTARIAN PARTY,39.000000
2014,19169169023,SECRETARY OF STATE,,PAUL D PATE,REPUBLICAN PARTY,416.000000
2014,19169169023,SECRETARY OF STATE,,SPENCER HIGHLAND,NEW INDEPENDENT PARTY IOWA,15.000000
2014,19169169023,SECRETARY OF STATE,,WRITE IN,,0.000000
2014,19169169023,TREASURER OF STATE,,KEITH A LAUBE,LIBERTARIAN PARTY,35.000000
2014,19169169023,TREASURER OF STATE,,MICHAEL L FITZGERALD,DEMOCRATIC PARTY,595.000000
2014,19169169023,TREASURER OF STATE,,SAM CLOVIS,REPUBLICAN PARTY,383.000000
2014,19169169023,TREASURER OF STATE,,WRITE IN,,0.000000
2014,19169169023,U S SENATE,,BOB QUAST,BOB QUAST FOR TERM LIMITS,8.000000
2014,19169169023,U S SENATE,,BRUCE BRALEY,DEMOCRATIC PARTY,550.000000
2014,19169169023,U S SENATE,,DOUGLAS BUTZIER,LIBERTARIAN PARTY,11.000000
2014,19169169023,U S SENATE,,JONI ERNST,REPUBLICAN PARTY,462.000000
2014,19169169023,U S SENATE,,RICK STEWART,INDEPENDENT,18.000000
2014,19169169023,U S SENATE,,RUTH SMITH,,4.000000
2014,19169169023,U S SENATE,,WRITE IN,,6.000000
2014,19169169024,ATTORNEY GENERAL,,ADAM GREGG,REPUBLICAN PARTY,265.000000
2014,19169169024,ATTORNEY GENERAL,,TOM MILLER,DEMOCRATIC PARTY,674.000000
2014,19169169024,ATTORNEY GENERAL,,WRITE IN,,0.000000
2014,19169169024,AUDITOR OF STATE,,JONATHAN NEIDERBACH,DEMOCRATIC PARTY,530.000000
2014,19169169024,AUDITOR OF STATE,,MARY MOSIMAN,REPUBLICAN PARTY,398.000000
2014,19169169024,AUDITOR OF STATE,,WRITE IN,,0.000000
2014,19169169024,GOVERNOR,,JACK HATCH MONICA VERNON,DEMOCRATIC PARTY,570.000000
2014,19169169024,GOVERNOR,,JIM HENNAGER MARY MARGARET KRIEG,NEW INDEPENDENT PARTY IOWA,1.000000
2014,19169169024,GOVERNOR,,JONATHAN R NARCISSE MICHAEL L RICHARDS,IOWA PARTY,16.000000
2014,19169169024,GOVERNOR,,LEE DEAKINS HIEB TIM WATSON,LIBERTARIAN PARTY,21.000000
2014,19169169024,GOVERNOR,,TERRY E BRANSTAD KIM REYNOLDS,REPUBLICAN PARTY,365.000000
2014,19169169024,GOVERNOR,,WRITE IN,,3.000000
2014,19169169024,SECRETARY OF AGRICULTURE,,BILL NORTHEY,REPUBLICAN PARTY,388.000000
2014,19169169024,SECRETARY OF AGRICULTURE,,LEVI BENNING,NEW INDEPENDENT PARTY IOWA,22.000000
2014,19169169024,SECRETARY OF AGRICULTURE,,SHERRIE TAHA,DEMOCRATIC PARTY,513.000000
2014,19169169024,SECRETARY OF AGRICULTURE,,WRITE IN,,1.000000
2014,19169169024,SECRETARY OF STATE,,BRAD ANDERSON,DEMOCRATIC PARTY,618.000000
2014,19169169024,SECRETARY OF STATE,,JAKE PORTER,LIBERTARIAN PARTY,38.000000
2014,19169169024,SECRETARY OF STATE,,PAUL D PATE,REPUBLICAN PARTY,272.000000
2014,19169169024,SECRETARY OF STATE,,SPENCER HIGHLAND,NEW INDEPENDENT PARTY IOWA,11.000000
2014,19169169024,SECRETARY OF STATE,,WRITE IN,,0.000000
2014,19169169024,TREASURER OF STATE,,KEITH A LAUBE,LIBERTARIAN PARTY,31.000000
2014,19169169024,TREASURER OF STATE,,MICHAEL L FITZGERALD,DEMOCRATIC PARTY,646.000000
2014,19169169024,TREASURER OF STATE,,SAM CLOVIS,REPUBLICAN PARTY,258.000000
2014,19169169024,TREASURER OF STATE,,WRITE IN,,1.000000
2014,19169169024,U S SENATE,,BOB QUAST,BOB QUAST FOR TERM LIMITS,2.000000
2014,19169169024,U S SENATE,,BRUCE BRALEY,DEMOCRATIC PARTY,641.000000
2014,19169169024,U S SENATE,,DOUGLAS BUTZIER,LIBERTARIAN PARTY,7.000000
2014,19169169024,U S SENATE,,JONI ERNST,REPUBLICAN PARTY,308.000000
2014,19169169024,U S SENATE,,RICK STEWART,INDEPENDENT,19.000000
2014,19169169024,U S SENATE,,RUTH SMITH,,3.000000
2014,19169169024,U S SENATE,,WRITE IN,,2.000000
2014,19169169026,ATTORNEY GENERAL,,ADAM GREGG,REPUBLICAN PARTY,258.000000
2014,19169169026,ATTORNEY GENERAL,,TOM MILLER,DEMOCRATIC PARTY,862.000000
2014,19169169026,ATTORNEY GENERAL,,WRITE IN,,3.000000
2014,19169169026,AUDITOR OF STATE,,JONATHAN NEIDERBACH,DEMOCRATIC PARTY,690.000000
2014,19169169026,AUDITOR OF STATE,,MARY MOSIMAN,REPUBLICAN PARTY,414.000000
2014,19169169026,AUDITOR OF STATE,,WRITE IN,,3.000000
2014,19169169026,GOVERNOR,,JACK HATCH MONICA VERNON,DEMOCRATIC PARTY,759.000000
2014,19169169026,GOVERNOR,,JIM HENNAGER MARY MARGARET KRIEG,NEW INDEPENDENT PARTY IOWA,6.000000
2014,19169169026,GOVERNOR,,JONATHAN R NARCISSE MICHAEL L RICHARDS,IOWA PARTY,12.000000
2014,19169169026,GOVERNOR,,LEE DEAKINS HIEB TIM WATSON,LIBERTARIAN PARTY,30.000000
2014,19169169026,GOVERNOR,,TERRY E BRANSTAD KIM REYNOLDS,REPUBLICAN PARTY,344.000000
2014,19169169026,GOVERNOR,,WRITE IN,,1.000000
2014,19169169026,SECRETARY OF AGRICULTURE,,BILL NORTHEY,REPUBLICAN PARTY,400.000000
2014,19169169026,SECRETARY OF AGRICULTURE,,LEVI BENNING,NEW INDEPENDENT PARTY IOWA,36.000000
2014,19169169026,SECRETARY OF AGRICULTURE,,SHERRIE TAHA,DEMOCRATIC PARTY,681.000000
2014,19169169026,SECRETARY OF AGRICULTURE,,WRITE IN,,3.000000
2014,19169169026,SECRETARY OF STATE,,BRAD ANDERSON,DEMOCRATIC PARTY,785.000000
2014,19169169026,SECRETARY OF STATE,,JAKE PORTER,LIBERTARIAN PARTY,45.000000
2014,19169169026,SECRETARY OF STATE,,PAUL D PATE,REPUBLICAN PARTY,280.000000
2014,19169169026,SECRETARY OF STATE,,SPENCER HIGHLAND,NEW INDEPENDENT PARTY IOWA,14.000000
2014,19169169026,SECRETARY OF STATE,,WRITE IN,,2.000000
2014,19169169026,TREASURER OF STATE,,KEITH A LAUBE,LIBERTARIAN PARTY,50.000000
2014,19169169026,TREASURER OF STATE,,MICHAEL L FITZGERALD,DEMOCRATIC PARTY,815.000000
2014,19169169026,TREASURER OF STATE,,SAM CLOVIS,REPUBLICAN PARTY,261.000000
2014,19169169026,TREASURER OF STATE,,WRITE IN,,1.000000
2014,19169169026,U S SENATE,,BOB QUAST,BOB QUAST FOR TERM LIMITS,5.000000
2014,19169169026,U S SENATE,,BRUCE BRALEY,DEMOCRATIC PARTY,800.000000
2014,19169169026,U S SENATE,,DOUGLAS BUTZIER,LIBERTARIAN PARTY,14.000000
2014,19169169026,U S SENATE,,JONI ERNST,REPUBLICAN PARTY,310.000000
2014,19169169026,U S SENATE,,RICK STEWART,INDEPENDENT,25.000000
2014,19169169026,U S SENATE,,RUTH SMITH,,4.000000
2014,19169169026,U S SENATE,,WRITE IN,,2.000000
2014,19169169027,ATTORNEY GENERAL,,ADAM GREGG,REPUBLICAN PARTY,459.000000
2014,19169169027,ATTORNEY GENERAL,,TOM MILLER,DEMOCRATIC PARTY,1023.000000
2014,19169169027,ATTORNEY GENERAL,,WRITE IN,,3.000000
2014,19169169027,AUDITOR OF STATE,,JONATHAN NEIDERBACH,DEMOCRATIC PARTY,710.000000
2014,19169169027,AUDITOR OF STATE,,MARY MOSIMAN,REPUBLICAN PARTY,766.000000
2014,19169169027,AUDITOR OF STATE,,WRITE IN,,3.000000
2014,19169169027,GOVERNOR,,JACK HATCH MONICA VERNON,DEMOCRATIC PARTY,825.000000
2014,19169169027,GOVERNOR,,JIM HENNAGER MARY MARGARET KRIEG,NEW INDEPENDENT PARTY IOWA,10.000000
2014,19169169027,GOVERNOR,,JONATHAN R NARCISSE MICHAEL L RICHARDS,IOWA PARTY,14.000000
2014,19169169027,GOVERNOR,,LEE DEAKINS HIEB TIM WATSON,LIBERTARIAN PARTY,45.000000
2014,19169169027,GOVERNOR,,TERRY E BRANSTAD KIM REYNOLDS,REPUBLICAN PARTY,645.000000
2014,19169169027,GOVERNOR,,WRITE IN,,1.000000
2014,19169169027,SECRETARY OF AGRICULTURE,,BILL NORTHEY,REPUBLICAN PARTY,697.000000
2014,19169169027,SECRETARY OF AGRICULTURE,,LEVI BENNING,NEW INDEPENDENT PARTY IOWA,55.000000
2014,19169169027,SECRETARY OF AGRICULTURE,,SHERRIE TAHA,DEMOCRATIC PARTY,721.000000
2014,19169169027,SECRETARY OF AGRICULTURE,,WRITE IN,,1.000000
2014,19169169027,SECRETARY OF STATE,,BRAD ANDERSON,DEMOCRATIC PARTY,893.000000
2014,19169169027,SECRETARY OF STATE,,JAKE PORTER,LIBERTARIAN PARTY,55.000000
2014,19169169027,SECRETARY OF STATE,,PAUL D PATE,REPUBLICAN PARTY,520.000000
2014,19169169027,SECRETARY OF STATE,,SPENCER HIGHLAND,NEW INDEPENDENT PARTY IOWA,15.000000
2014,19169169027,SECRETARY OF STATE,,WRITE IN,,1.000000
2014,19169169027,TREASURER OF STATE,,KEITH A LAUBE,LIBERTARIAN PARTY,46.000000
2014,19169169027,TREASURER OF STATE,,MICHAEL L FITZGERALD,DEMOCRATIC PARTY,981.000000
2014,19169169027,TREASURER OF STATE,,SAM CLOVIS,REPUBLICAN PARTY,468.000000
2014,19169169027,TREASURER OF STATE,,WRITE IN,,2.000000
2014,19169169027,U S SENATE,,BOB QUAST,BOB QUAST FOR TERM LIMITS,5.000000
2014,19169169027,U S SENATE,,BRUCE BRALEY,DEMOCRATIC PARTY,901.000000
2014,19169169027,U S SENATE,,DOUGLAS BUTZIER,LIBERTARIAN PARTY,6.000000
2014,19169169027,U S SENATE,,JONI ERNST,REPUBLICAN PARTY,595.000000
2014,19169169027,U S SENATE,,RICK STEWART,INDEPENDENT,21.000000
2014,19169169027,U S SENATE,,RUTH SMITH,,12.000000
2014,19169169027,U S SENATE,,WRITE IN,,1.000000
2014,19169169028,ATTORNEY GENERAL,,ADAM GREGG,REPUBLICAN PARTY,256.000000
2014,19169169028,ATTORNEY GENERAL,,TOM MILLER,DEMOCRATIC PARTY,741.000000
2014,19169169028,ATTORNEY GENERAL,,WRITE IN,,10.000000
2014,19169169028,AUDITOR OF STATE,,JONATHAN NEIDERBACH,DEMOCRATIC PARTY,600.000000
2014,19169169028,AUDITOR OF STATE,,MARY MOSIMAN,REPUBLICAN PARTY,389.000000
2014,19169169028,AUDITOR OF STATE,,WRITE IN,,3.000000
2014,19169169028,GOVERNOR,,JACK HATCH MONICA VERNON,DEMOCRATIC PARTY,634.000000
2014,19169169028,GOVERNOR,,JIM HENNAGER MARY MARGARET KRIEG,NEW INDEPENDENT PARTY IOWA,12.000000
2014,19169169028,GOVERNOR,,JONATHAN R NARCISSE MICHAEL L RICHARDS,IOWA PARTY,18.000000
2014,19169169028,GOVERNOR,,LEE DEAKINS HIEB TIM WATSON,LIBERTARIAN PARTY,32.000000
2014,19169169028,GOVERNOR,,TERRY E BRANSTAD KIM REYNOLDS,REPUBLICAN PARTY,353.000000
2014,19169169028,GOVERNOR,,WRITE IN,,0.000000
2014,19169169028,SECRETARY OF AGRICULTURE,,BILL NORTHEY,REPUBLICAN PARTY,384.000000
2014,19169169028,SECRETARY OF AGRICULTURE,,LEVI BENNING,NEW INDEPENDENT PARTY IOWA,43.000000
2014,19169169028,SECRETARY OF AGRICULTURE,,SHERRIE TAHA,DEMOCRATIC PARTY,570.000000
2014,19169169028,SECRETARY OF AGRICULTURE,,WRITE IN,,4.000000
2014,19169169028,SECRETARY OF STATE,,BRAD ANDERSON,DEMOCRATIC PARTY,676.000000
2014,19169169028,SECRETARY OF STATE,,JAKE PORTER,LIBERTARIAN PARTY,56.000000
2014,19169169028,SECRETARY OF STATE,,PAUL D PATE,REPUBLICAN PARTY,264.000000
2014,19169169028,SECRETARY OF STATE,,SPENCER HIGHLAND,NEW INDEPENDENT PARTY IOWA,18.000000
2014,19169169028,SECRETARY OF STATE,,WRITE IN,,1.000000
2014,19169169028,TREASURER OF STATE,,KEITH A LAUBE,LIBERTARIAN PARTY,60.000000
2014,19169169028,TREASURER OF STATE,,MICHAEL L FITZGERALD,DEMOCRATIC PARTY,717.000000
2014,19169169028,TREASURER OF STATE,,SAM CLOVIS,REPUBLICAN PARTY,239.000000
2014,19169169028,TREASURER OF STATE,,WRITE IN,,0.000000
2014,19169169028,U S SENATE,,BOB QUAST,BOB QUAST FOR TERM LIMITS,8.000000
2014,19169169028,U S SENATE,,BRUCE BRALEY,DEMOCRATIC PARTY,715.000000
2014,19169169028,U S SENATE,,DOUGLAS BUTZIER,LIBERTARIAN PARTY,17.000000
2014,19169169028,U S SENATE,,JONI ERNST,REPUBLICAN PARTY,294.000000
2014,19169169028,U S SENATE,,RICK STEWART,INDEPENDENT,20.000000
2014,19169169028,U S SENATE,,RUTH SMITH,,5.000000
2014,19169169028,U S SENATE,,WRITE IN,,1.000000
2014,19169169029,ATTORNEY GENERAL,,ADAM GREGG,REPUBLICAN PARTY,291.000000
2014,19169169029,ATTORNEY GENERAL,,TOM MILLER,DEMOCRATIC PARTY,699.000000
2014,19169169029,ATTORNEY GENERAL,,WRITE IN,,0.000000
2014,19169169029,AUDITOR OF STATE,,JONATHAN NEIDERBACH,DEMOCRATIC PARTY,464.000000
2014,19169169029,AUDITOR OF STATE,,MARY MOSIMAN,REPUBLICAN PARTY,506.000000
2014,19169169029,AUDITOR OF STATE,,WRITE IN,,1.000000
2014,19169169029,GOVERNOR,,JACK HATCH MONICA VERNON,DEMOCRATIC PARTY,551.000000
2014,19169169029,GOVERNOR,,JIM HENNAGER MARY MARGARET KRIEG,NEW INDEPENDENT PARTY IOWA,7.000000
2014,19169169029,GOVERNOR,,JONATHAN R NARCISSE MICHAEL L RICHARDS,IOWA PARTY,9.000000
2014,19169169029,GOVERNOR,,LEE DEAKINS HIEB TIM WATSON,LIBERTARIAN PARTY,27.000000
2014,19169169029,GOVERNOR,,TERRY E BRANSTAD KIM REYNOLDS,REPUBLICAN PARTY,421.000000
2014,19169169029,GOVERNOR,,WRITE IN,,3.000000
2014,19169169029,SECRETARY OF AGRICULTURE,,BILL NORTHEY,REPUBLICAN PARTY,470.000000
2014,19169169029,SECRETARY OF AGRICULTURE,,LEVI BENNING,NEW INDEPENDENT PARTY IOWA,31.000000
2014,19169169029,SECRETARY OF AGRICULTURE,,SHERRIE TAHA,DEMOCRATIC PARTY,469.000000
2014,19169169029,SECRETARY OF AGRICULTURE,,WRITE IN,,1.000000
2014,19169169029,SECRETARY OF STATE,,BRAD ANDERSON,DEMOCRATIC PARTY,599.000000
2014,19169169029,SECRETARY OF STATE,,JAKE PORTER,LIBERTARIAN PARTY,25.000000
2014,19169169029,SECRETARY OF STATE,,PAUL D PATE,REPUBLICAN PARTY,339.000000
2014,19169169029,SECRETARY OF STATE,,SPENCER HIGHLAND,NEW INDEPENDENT PARTY IOWA,15.000000
2014,19169169029,SECRETARY OF STATE,,WRITE IN,,0.000000
2014,19169169029,TREASURER OF STATE,,KEITH A LAUBE,LIBERTARIAN PARTY,24.000000
2014,19169169029,TREASURER OF STATE,,MICHAEL L FITZGERALD,DEMOCRATIC PARTY,668.000000
2014,19169169029,TREASURER OF STATE,,SAM CLOVIS,REPUBLICAN PARTY,295.000000
2014,19169169029,TREASURER OF STATE,,WRITE IN,,0.000000
2014,19169169029,U S SENATE,,BOB QUAST,BOB QUAST FOR TERM LIMITS,2.000000
2014,19169169029,U S SENATE,,BRUCE BRALEY,DEMOCRATIC PARTY,627.000000
2014,19169169029,U S SENATE,,DOUGLAS BUTZIER,LIBERTARIAN PARTY,12.000000
2014,19169169029,U S SENATE,,JONI ERNST,REPUBLICAN PARTY,365.000000
2014,19169169029,U S SENATE,,RICK STEWART,INDEPENDENT,13.000000
2014,19169169029,U S SENATE,,RUTH SMITH,,4.000000
2014,19169169029,U S SENATE,,WRITE IN,,1.000000
2014,19169169030,ATTORNEY GENERAL,,ADAM GREGG,REPUBLICAN PARTY,422.000000
2014,19169169030,ATTORNEY GENERAL,,TOM MILLER,DEMOCRATIC PARTY,913.000000
2014,19169169030,ATTORNEY GENERAL,,WRITE IN,,1.000000
2014,19169169030,AUDITOR OF STATE,,JONATHAN NEIDERBACH,DEMOCRATIC PARTY,591.000000
2014,19169169030,AUDITOR OF STATE,,MARY MOSIMAN,REPUBLICAN PARTY,710.000000
2014,19169169030,AUDITOR OF STATE,,WRITE IN,,1.000000
2014,19169169030,GOVERNOR,,JACK HATCH MONICA VERNON,DEMOCRATIC PARTY,689.000000
2014,19169169030,GOVERNOR,,JIM HENNAGER MARY MARGARET KRIEG,NEW INDEPENDENT PARTY IOWA,9.000000
2014,19169169030,GOVERNOR,,JONATHAN R NARCISSE MICHAEL L RICHARDS,IOWA PARTY,13.000000
2014,19169169030,GOVERNOR,,LEE DEAKINS HIEB TIM WATSON,LIBERTARIAN PARTY,27.000000
2014,19169169030,GOVERNOR,,TERRY E BRANSTAD KIM REYNOLDS,REPUBLICAN PARTY,617.000000
2014,19169169030,GOVERNOR,,WRITE IN,,6.000000
2014,19169169030,SECRETARY OF AGRICULTURE,,BILL NORTHEY,REPUBLICAN PARTY,682.000000
2014,19169169030,SECRETARY OF AGRICULTURE,,LEVI BENNING,NEW INDEPENDENT PARTY IOWA,36.000000
2014,19169169030,SECRETARY OF AGRICULTURE,,SHERRIE TAHA,DEMOCRATIC PARTY,581.000000
2014,19169169030,SECRETARY OF AGRICULTURE,,WRITE IN,,2.000000
2014,19169169030,SECRETARY OF STATE,,BRAD ANDERSON,DEMOCRATIC PARTY,791.000000
2014,19169169030,SECRETARY OF STATE,,JAKE PORTER,LIBERTARIAN PARTY,40.000000
2014,19169169030,SECRETARY OF STATE,,PAUL D PATE,REPUBLICAN PARTY,475.000000
2014,19169169030,SECRETARY OF STATE,,SPENCER HIGHLAND,NEW INDEPENDENT PARTY IOWA,12.000000
2014,19169169030,SECRETARY OF STATE,,WRITE IN,,1.000000
2014,19169169030,TREASURER OF STATE,,KEITH A LAUBE,LIBERTARIAN PARTY,37.000000
2014,19169169030,TREASURER OF STATE,,MICHAEL L FITZGERALD,DEMOCRATIC PARTY,854.000000
2014,19169169030,TREASURER OF STATE,,SAM CLOVIS,REPUBLICAN PARTY,435.000000
2014,19169169030,TREASURER OF STATE,,WRITE IN,,0.000000
2014,19169169030,U S SENATE,,BOB QUAST,BOB QUAST FOR TERM LIMITS,7.000000
2014,19169169030,U S SENATE,,BRUCE BRALEY,DEMOCRATIC PARTY,769.000000
2014,19169169030,U S SENATE,,DOUGLAS BUTZIER,LIBERTARIAN PARTY,6.000000
2014,19169169030,U S SENATE,,JONI ERNST,REPUBLICAN PARTY,545.000000
2014,19169169030,U S SENATE,,RICK STEWART,INDEPENDENT,30.000000
2014,19169169030,U S SENATE,,RUTH SMITH,,8.000000
2014,19169169030,U S SENATE,,WRITE IN,,0.000000
2014,19169169031,ATTORNEY GENERAL,,ADAM GREGG,REPUBLICAN PARTY,475.000000
2014,19169169031,ATTORNEY GENERAL,,TOM MILLER,DEMOCRATIC PARTY,941.000000
2014,19169169031,ATTORNEY GENERAL,,WRITE IN,,1.000000
2014,19169169031,AUDITOR OF STATE,,JONATHAN NEIDERBACH,DEMOCRATIC PARTY,559.000000
2014,19169169031,AUDITOR OF STATE,,MARY MOSIMAN,REPUBLICAN PARTY,849.000000
2014,19169169031,AUDITOR OF STATE,,WRITE IN,,0.000000
2014,19169169031,GOVERNOR,,JACK HATCH MONICA VERNON,DEMOCRATIC PARTY,692.000000
2014,19169169031,GOVERNOR,,JIM HENNAGER MARY MARGARET KRIEG,NEW INDEPENDENT PARTY IOWA,4.000000
2014,19169169031,GOVERNOR,,JONATHAN R NARCISSE MICHAEL L RICHARDS,IOWA PARTY,10.000000
2014,19169169031,GOVERNOR,,LEE DEAKINS HIEB TIM WATSON,LIBERTARIAN PARTY,26.000000
2014,19169169031,GOVERNOR,,TERRY E BRANSTAD KIM REYNOLDS,REPUBLICAN PARTY,723.000000
2014,19169169031,GOVERNOR,,WRITE IN,,3.000000
2014,19169169031,SECRETARY OF AGRICULTURE,,BILL NORTHEY,REPUBLICAN PARTY,826.000000
2014,19169169031,SECRETARY OF AGRICULTURE,,LEVI BENNING,NEW INDEPENDENT PARTY IOWA,23.000000
2014,19169169031,SECRETARY OF AGRICULTURE,,SHERRIE TAHA,DEMOCRATIC PARTY,550.000000
2014,19169169031,SECRETARY OF AGRICULTURE,,WRITE IN,,3.000000
2014,19169169031,SECRETARY OF STATE,,BRAD ANDERSON,DEMOCRATIC PARTY,781.000000
2014,19169169031,SECRETARY OF STATE,,JAKE PORTER,LIBERTARIAN PARTY,26.000000
2014,19169169031,SECRETARY OF STATE,,PAUL D PATE,REPUBLICAN PARTY,591.000000
2014,19169169031,SECRETARY OF STATE,,SPENCER HIGHLAND,NEW INDEPENDENT PARTY IOWA,12.000000
2014,19169169031,SECRETARY OF STATE,,WRITE IN,,0.000000
2014,19169169031,TREASURER OF STATE,,KEITH A LAUBE,LIBERTARIAN PARTY,20.000000
2014,19169169031,TREASURER OF STATE,,MICHAEL L FITZGERALD,DEMOCRATIC PARTY,893.000000
2014,19169169031,TREASURER OF STATE,,SAM CLOVIS,REPUBLICAN PARTY,504.000000
2014,19169169031,TREASURER OF STATE,,WRITE IN,,0.000000
2014,19169169031,U S SENATE,,BOB QUAST,BOB QUAST FOR TERM LIMITS,0.000000
2014,19169169031,U S SENATE,,BRUCE BRALEY,DEMOCRATIC PARTY,797.000000
2014,19169169031,U S SENATE,,DOUGLAS BUTZIER,LIBERTARIAN PARTY,5.000000
2014,19169169031,U S SENATE,,JONI ERNST,REPUBLICAN PARTY,642.000000
2014,19169169031,U S SENATE,,RICK STEWART,INDEPENDENT,21.000000
2014,19169169031,U S SENATE,,RUTH SMITH,,4.000000
2014,19169169031,U S SENATE,,WRITE IN,,1.000000
2014,19169169032,ATTORNEY GENERAL,,ADAM GREGG,REPUBLICAN PARTY,647.000000
2014,19169169032,ATTORNEY GENERAL,,TOM MILLER,DEMOCRATIC PARTY,1000.000000
2014,19169169032,ATTORNEY GENERAL,,WRITE IN,,0.000000
2014,19169169032,AUDITOR OF STATE,,JONATHAN NEIDERBACH,DEMOCRATIC PARTY,571.000000
2014,19169169032,AUDITOR OF STATE,,MARY MOSIMAN,REPUBLICAN PARTY,1051.000000
2014,19169169032,AUDITOR OF STATE,,WRITE IN,,1.000000
2014,19169169032,GOVERNOR,,JACK HATCH MONICA VERNON,DEMOCRATIC PARTY,696.000000
2014,19169169032,GOVERNOR,,JIM HENNAGER MARY MARGARET KRIEG,NEW INDEPENDENT PARTY IOWA,10.000000
2014,19169169032,GOVERNOR,,JONATHAN R NARCISSE MICHAEL L RICHARDS,IOWA PARTY,9.000000
2014,19169169032,GOVERNOR,,LEE DEAKINS HIEB TIM WATSON,LIBERTARIAN PARTY,26.000000
2014,19169169032,GOVERNOR,,TERRY E BRANSTAD KIM REYNOLDS,REPUBLICAN PARTY,934.000000
2014,19169169032,GOVERNOR,,WRITE IN,,2.000000
2014,19169169032,SECRETARY OF AGRICULTURE,,BILL NORTHEY,REPUBLICAN PARTY,1046.000000
2014,19169169032,SECRETARY OF AGRICULTURE,,LEVI BENNING,NEW INDEPENDENT PARTY IOWA,25.000000
2014,19169169032,SECRETARY OF AGRICULTURE,,SHERRIE TAHA,DEMOCRATIC PARTY,556.000000
2014,19169169032,SECRETARY OF AGRICULTURE,,WRITE IN,,2.000000
2014,19169169032,SECRETARY OF STATE,,BRAD ANDERSON,DEMOCRATIC PARTY,801.000000
2014,19169169032,SECRETARY OF STATE,,JAKE PORTER,LIBERTARIAN PARTY,41.000000
2014,19169169032,SECRETARY OF STATE,,PAUL D PATE,REPUBLICAN PARTY,771.000000
2014,19169169032,SECRETARY OF STATE,,SPENCER HIGHLAND,NEW INDEPENDENT PARTY IOWA,12.000000
2014,19169169032,SECRETARY OF STATE,,WRITE IN,,2.000000
2014,19169169032,TREASURER OF STATE,,KEITH A LAUBE,LIBERTARIAN PARTY,35.000000
2014,19169169032,TREASURER OF STATE,,MICHAEL L FITZGERALD,DEMOCRATIC PARTY,949.000000
2014,19169169032,TREASURER OF STATE,,SAM CLOVIS,REPUBLICAN PARTY,653.000000
2014,19169169032,TREASURER OF STATE,,WRITE IN,,1.000000
2014,19169169032,U S SENATE,,BOB QUAST,BOB QUAST FOR TERM LIMITS,3.000000
2014,19169169032,U S SENATE,,BRUCE BRALEY,DEMOCRATIC PARTY,809.000000
2014,19169169032,U S SENATE,,DOUGLAS BUTZIER,LIBERTARIAN PARTY,8.000000
2014,19169169032,U S SENATE,,JONI ERNST,REPUBLICAN PARTY,838.000000
2014,19169169032,U S SENATE,,RICK STEWART,INDEPENDENT,14.000000
2014,19169169032,U S SENATE,,RUTH SMITH,,2.000000
2014,19169169032,U S SENATE,,WRITE IN,,3.000000
2014,19169169033,ATTORNEY GENERAL,,ADAM GREGG,REPUBLICAN PARTY,370.000000
2014,19169169033,ATTORNEY GENERAL,,TOM MILLER,DEMOCRATIC PARTY,681.000000
2014,19169169033,ATTORNEY GENERAL,,WRITE IN,,1.000000
2014,19169169033,AUDITOR OF STATE,,JONATHAN NEIDERBACH,DEMOCRATIC PARTY,457.000000
2014,19169169033,AUDITOR OF STATE,,MARY MOSIMAN,REPUBLICAN PARTY,568.000000
2014,19169169033,AUDITOR OF STATE,,WRITE IN,,1.000000
2014,19169169033,GOVERNOR,,JACK HATCH MONICA VERNON,DEMOCRATIC PARTY,502.000000
2014,19169169033,GOVERNOR,,JIM HENNAGER MARY MARGARET KRIEG,NEW INDEPENDENT PARTY IOWA,7.000000
2014,19169169033,GOVERNOR,,JONATHAN R NARCISSE MICHAEL L RICHARDS,IOWA PARTY,7.000000
2014,19169169033,GOVERNOR,,LEE DEAKINS HIEB TIM WATSON,LIBERTARIAN PARTY,19.000000
2014,19169169033,GOVERNOR,,TERRY E BRANSTAD KIM REYNOLDS,REPUBLICAN PARTY,555.000000
2014,19169169033,GOVERNOR,,WRITE IN,,0.000000
2014,19169169033,SECRETARY OF AGRICULTURE,,BILL NORTHEY,REPUBLICAN PARTY,580.000000
2014,19169169033,SECRETARY OF AGRICULTURE,,LEVI BENNING,NEW INDEPENDENT PARTY IOWA,28.000000
2014,19169169033,SECRETARY OF AGRICULTURE,,SHERRIE TAHA,DEMOCRATIC PARTY,423.000000
2014,19169169033,SECRETARY OF AGRICULTURE,,WRITE IN,,0.000000
2014,19169169033,SECRETARY OF STATE,,BRAD ANDERSON,DEMOCRATIC PARTY,562.000000
2014,19169169033,SECRETARY OF STATE,,JAKE PORTER,LIBERTARIAN PARTY,44.000000
2014,19169169033,SECRETARY OF STATE,,PAUL D PATE,REPUBLICAN PARTY,421.000000
2014,19169169033,SECRETARY OF STATE,,SPENCER HIGHLAND,NEW INDEPENDENT PARTY IOWA,17.000000
2014,19169169033,SECRETARY OF STATE,,WRITE IN,,0.000000
2014,19169169033,TREASURER OF STATE,,KEITH A LAUBE,LIBERTARIAN PARTY,33.000000
2014,19169169033,TREASURER OF STATE,,MICHAEL L FITZGERALD,DEMOCRATIC PARTY,626.000000
2014,19169169033,TREASURER OF STATE,,SAM CLOVIS,REPUBLICAN PARTY,386.000000
2014,19169169033,TREASURER OF STATE,,WRITE IN,,1.000000
2014,19169169033,U S SENATE,,BOB QUAST,BOB QUAST FOR TERM LIMITS,2.000000
2014,19169169033,U S SENATE,,BRUCE BRALEY,DEMOCRATIC PARTY,595.000000
2014,19169169033,U S SENATE,,DOUGLAS BUTZIER,LIBERTARIAN PARTY,4.000000
2014,19169169033,U S SENATE,,JONI ERNST,REPUBLICAN PARTY,465.000000
2014,19169169033,U S SENATE,,RICK STEWART,INDEPENDENT,20.000000
2014,19169169033,U S SENATE,,RUTH SMITH,,4.000000
2014,19169169033,U S SENATE,,WRITE IN,,1.000000
2014,19169169034,ATTORNEY GENERAL,,ADAM GREGG,REPUBLICAN PARTY,192.000000
2014,19169169034,ATTORNEY GENERAL,,TOM MILLER,DEMOCRATIC PARTY,299.000000
2014,19169169034,ATTORNEY GENERAL,,WRITE IN,,1.000000
2014,19169169034,AUDITOR OF STATE,,JONATHAN NEIDERBACH,DEMOCRATIC PARTY,243.000000
2014,19169169034,AUDITOR OF STATE,,MARY MOSIMAN,REPUBLICAN PARTY,245.000000
2014,19169169034,AUDITOR OF STATE,,WRITE IN,,2.000000
2014,19169169034,GOVERNOR,,JACK HATCH MONICA VERNON,DEMOCRATIC PARTY,230.000000
2014,19169169034,GOVERNOR,,JIM HENNAGER MARY MARGARET KRIEG,NEW INDEPENDENT PARTY IOWA,7.000000
2014,19169169034,GOVERNOR,,JONATHAN R NARCISSE MICHAEL L RICHARDS,IOWA PARTY,5.000000
2014,19169169034,GOVERNOR,,LEE DEAKINS HIEB TIM WATSON,LIBERTARIAN PARTY,17.000000
2014,19169169034,GOVERNOR,,TERRY E BRANSTAD KIM REYNOLDS,REPUBLICAN PARTY,264.000000
2014,19169169034,GOVERNOR,,WRITE IN,,0.000000
2014,19169169034,SECRETARY OF AGRICULTURE,,BILL NORTHEY,REPUBLICAN PARTY,261.000000
2014,19169169034,SECRETARY OF AGRICULTURE,,LEVI BENNING,NEW INDEPENDENT PARTY IOWA,13.000000
2014,19169169034,SECRETARY OF AGRICULTURE,,SHERRIE TAHA,DEMOCRATIC PARTY,218.000000
2014,19169169034,SECRETARY OF AGRICULTURE,,WRITE IN,,0.000000
2014,19169169034,SECRETARY OF STATE,,BRAD ANDERSON,DEMOCRATIC PARTY,275.000000
2014,19169169034,SECRETARY OF STATE,,JAKE PORTER,LIBERTARIAN PARTY,30.000000
2014,19169169034,SECRETARY OF STATE,,PAUL D PATE,REPUBLICAN PARTY,185.000000
2014,19169169034,SECRETARY OF STATE,,SPENCER HIGHLAND,NEW INDEPENDENT PARTY IOWA,7.000000
2014,19169169034,SECRETARY OF STATE,,WRITE IN,,1.000000
2014,19169169034,TREASURER OF STATE,,KEITH A LAUBE,LIBERTARIAN PARTY,34.000000
2014,19169169034,TREASURER OF STATE,,MICHAEL L FITZGERALD,DEMOCRATIC PARTY,272.000000
2014,19169169034,TREASURER OF STATE,,SAM CLOVIS,REPUBLICAN PARTY,182.000000
2014,19169169034,TREASURER OF STATE,,WRITE IN,,1.000000
2014,19169169034,U S SENATE,,BOB QUAST,BOB QUAST FOR TERM LIMITS,1.000000
2014,19169169034,U S SENATE,,BRUCE BRALEY,DEMOCRATIC PARTY,282.000000
2014,19169169034,U S SENATE,,DOUGLAS BUTZIER,LIBERTARIAN PARTY,8.000000
2014,19169169034,U S SENATE,,JONI ERNST,REPUBLICAN PARTY,218.000000
2014,19169169034,U S SENATE,,RICK STEWART,INDEPENDENT,13.000000
2014,19169169034,U S SENATE,,RUTH SMITH,,2.000000
2014,19169169034,U S SENATE,,WRITE IN,,3.000000
2014,19169169035,ATTORNEY GENERAL,,ADAM GREGG,REPUBLICAN PARTY,188.000000
2014,19169169035,ATTORNEY GENERAL,,TOM MILLER,DEMOCRATIC PARTY,357.000000
2014,19169169035,ATTORNEY GENERAL,,WRITE IN,,1.000000
2014,19169169035,AUDITOR OF STATE,,JONATHAN NEIDERBACH,DEMOCRATIC PARTY,290.000000
2014,19169169035,AUDITOR OF STATE,,MARY MOSIMAN,REPUBLICAN PARTY,248.000000
2014,19169169035,AUDITOR OF STATE,,WRITE IN,,2.000000
2014,19169169035,GOVERNOR,,JACK HATCH MONICA VERNON,DEMOCRATIC PARTY,285.000000
2014,19169169035,GOVERNOR,,JIM HENNAGER MARY MARGARET KRIEG,NEW INDEPENDENT PARTY IOWA,12.000000
2014,19169169035,GOVERNOR,,JONATHAN R NARCISSE MICHAEL L RICHARDS,IOWA PARTY,11.000000
2014,19169169035,GOVERNOR,,LEE DEAKINS HIEB TIM WATSON,LIBERTARIAN PARTY,20.000000
2014,19169169035,GOVERNOR,,TERRY E BRANSTAD KIM REYNOLDS,REPUBLICAN PARTY,235.000000
2014,19169169035,GOVERNOR,,WRITE IN,,1.000000
2014,19169169035,SECRETARY OF AGRICULTURE,,BILL NORTHEY,REPUBLICAN PARTY,261.000000
2014,19169169035,SECRETARY OF AGRICULTURE,,LEVI BENNING,NEW INDEPENDENT PARTY IOWA,22.000000
2014,19169169035,SECRETARY OF AGRICULTURE,,SHERRIE TAHA,DEMOCRATIC PARTY,258.000000
2014,19169169035,SECRETARY OF AGRICULTURE,,WRITE IN,,1.000000
2014,19169169035,SECRETARY OF STATE,,BRAD ANDERSON,DEMOCRATIC PARTY,315.000000
2014,19169169035,SECRETARY OF STATE,,JAKE PORTER,LIBERTARIAN PARTY,28.000000
2014,19169169035,SECRETARY OF STATE,,PAUL D PATE,REPUBLICAN PARTY,184.000000
2014,19169169035,SECRETARY OF STATE,,SPENCER HIGHLAND,NEW INDEPENDENT PARTY IOWA,16.000000
2014,19169169035,SECRETARY OF STATE,,WRITE IN,,2.000000
2014,19169169035,TREASURER OF STATE,,KEITH A LAUBE,LIBERTARIAN PARTY,26.000000
2014,19169169035,TREASURER OF STATE,,MICHAEL L FITZGERALD,DEMOCRATIC PARTY,337.000000
2014,19169169035,TREASURER OF STATE,,SAM CLOVIS,REPUBLICAN PARTY,181.000000
2014,19169169035,TREASURER OF STATE,,WRITE IN,,1.000000
2014,19169169035,U S SENATE,,BOB QUAST,BOB QUAST FOR TERM LIMITS,2.000000
2014,19169169035,U S SENATE,,BRUCE BRALEY,DEMOCRATIC PARTY,325.000000
2014,19169169035,U S SENATE,,DOUGLAS BUTZIER,LIBERTARIAN PARTY,6.000000
2014,19169169035,U S SENATE,,JONI ERNST,REPUBLICAN PARTY,215.000000
2014,19169169035,U S SENATE,,RICK STEWART,INDEPENDENT,16.000000
2014,19169169035,U S SENATE,,RUTH SMITH,,3.000000
2014,19169169035,U S SENATE,,WRITE IN,,1.000000
2014,19169169036,ATTORNEY GENERAL,,ADAM GREGG,REPUBLICAN PARTY,328.000000
2014,19169169036,ATTORNEY GENERAL,,TOM MILLER,DEMOCRATIC PARTY,575.000000
2014,19169169036,ATTORNEY GENERAL,,WRITE IN,,0.000000
2014,19169169036,AUDITOR OF STATE,,JONATHAN NEIDERBACH,DEMOCRATIC PARTY,396.000000
2014,19169169036,AUDITOR OF STATE,,MARY MOSIMAN,REPUBLICAN PARTY,490.000000
2014,19169169036,AUDITOR OF STATE,,WRITE IN,,0.000000
2014,19169169036,GOVERNOR,,JACK HATCH MONICA VERNON,DEMOCRATIC PARTY,414.000000
2014,19169169036,GOVERNOR,,JIM HENNAGER MARY MARGARET KRIEG,NEW INDEPENDENT PARTY IOWA,3.000000
2014,19169169036,GOVERNOR,,JONATHAN R NARCISSE MICHAEL L RICHARDS,IOWA PARTY,7.000000
2014,19169169036,GOVERNOR,,LEE DEAKINS HIEB TIM WATSON,LIBERTARIAN PARTY,27.000000
2014,19169169036,GOVERNOR,,TERRY E BRANSTAD KIM REYNOLDS,REPUBLICAN PARTY,484.000000
2014,19169169036,GOVERNOR,,WRITE IN,,0.000000
2014,19169169036,SECRETARY OF AGRICULTURE,,BILL NORTHEY,REPUBLICAN PARTY,512.000000
2014,19169169036,SECRETARY OF AGRICULTURE,,LEVI BENNING,NEW INDEPENDENT PARTY IOWA,23.000000
2014,19169169036,SECRETARY OF AGRICULTURE,,SHERRIE TAHA,DEMOCRATIC PARTY,364.000000
2014,19169169036,SECRETARY OF AGRICULTURE,,WRITE IN,,0.000000
2014,19169169036,SECRETARY OF STATE,,BRAD ANDERSON,DEMOCRATIC PARTY,487.000000
2014,19169169036,SECRETARY OF STATE,,JAKE PORTER,LIBERTARIAN PARTY,33.000000
2014,19169169036,SECRETARY OF STATE,,PAUL D PATE,REPUBLICAN PARTY,366.000000
2014,19169169036,SECRETARY OF STATE,,SPENCER HIGHLAND,NEW INDEPENDENT PARTY IOWA,9.000000
2014,19169169036,SECRETARY OF STATE,,WRITE IN,,2.000000
2014,19169169036,TREASURER OF STATE,,KEITH A LAUBE,LIBERTARIAN PARTY,35.000000
2014,19169169036,TREASURER OF STATE,,MICHAEL L FITZGERALD,DEMOCRATIC PARTY,533.000000
2014,19169169036,TREASURER OF STATE,,SAM CLOVIS,REPUBLICAN PARTY,322.000000
2014,19169169036,TREASURER OF STATE,,WRITE IN,,0.000000
2014,19169169036,U S SENATE,,BOB QUAST,BOB QUAST FOR TERM LIMITS,0.000000
2014,19169169036,U S SENATE,,BRUCE BRALEY,DEMOCRATIC PARTY,474.000000
2014,19169169036,U S SENATE,,DOUGLAS BUTZIER,LIBERTARIAN PARTY,10.000000
2014,19169169036,U S SENATE,,JONI ERNST,REPUBLICAN PARTY,426.000000
2014,19169169036,U S SENATE,,RICK STEWART,INDEPENDENT,26.000000
2014,19169169036,U S SENATE,,RUTH SMITH,,2.000000
2014,19169169036,U S SENATE,,WRITE IN,,0.000000
2014,19169169038,ATTORNEY GENERAL,,ADAM GREGG,REPUBLICAN PARTY,274.000000
2014,19169169038,ATTORNEY GENERAL,,TOM MILLER,DEMOCRATIC PARTY,194.000000
2014,19169169038,ATTORNEY GENERAL,,WRITE IN,,1.000000
2014,19169169038,AUDITOR OF STATE,,JONATHAN NEIDERBACH,DEMOCRATIC PARTY,174.000000
2014,19169169038,AUDITOR OF STATE,,MARY MOSIMAN,REPUBLICAN PARTY,290.000000
2014,19169169038,AUDITOR OF STATE,,WRITE IN,,2.000000
2014,19169169038,GOVERNOR,,JACK HATCH MONICA VERNON,DEMOCRATIC PARTY,158.000000
2014,19169169038,GOVERNOR,,JIM HENNAGER MARY MARGARET KRIEG,NEW INDEPENDENT PARTY IOWA,1.000000
2014,19169169038,GOVERNOR,,JONATHAN R NARCISSE MICHAEL L RICHARDS,IOWA PARTY,4.000000
2014,19169169038,GOVERNOR,,LEE DEAKINS HIEB TIM WATSON,LIBERTARIAN PARTY,15.000000
2014,19169169038,GOVERNOR,,TERRY E BRANSTAD KIM REYNOLDS,REPUBLICAN PARTY,324.000000
2014,19169169038,GOVERNOR,,WRITE IN,,1.000000
2014,19169169038,SECRETARY OF AGRICULTURE,,BILL NORTHEY,REPUBLICAN PARTY,315.000000
2014,19169169038,SECRETARY OF AGRICULTURE,,LEVI BENNING,NEW INDEPENDENT PARTY IOWA,10.000000
2014,19169169038,SECRETARY OF AGRICULTURE,,SHERRIE TAHA,DEMOCRATIC PARTY,146.000000
2014,19169169038,SECRETARY OF AGRICULTURE,,WRITE IN,,2.000000
2014,19169169038,SECRETARY OF STATE,,BRAD ANDERSON,DEMOCRATIC PARTY,184.000000
2014,19169169038,SECRETARY OF STATE,,JAKE PORTER,LIBERTARIAN PARTY,33.000000
2014,19169169038,SECRETARY OF STATE,,PAUL D PATE,REPUBLICAN PARTY,259.000000
2014,19169169038,SECRETARY OF STATE,,SPENCER HIGHLAND,NEW INDEPENDENT PARTY IOWA,1.000000
2014,19169169038,SECRETARY OF STATE,,WRITE IN,,3.000000
2014,19169169038,TREASURER OF STATE,,KEITH A LAUBE,LIBERTARIAN PARTY,26.000000
2014,19169169038,TREASURER OF STATE,,MICHAEL L FITZGERALD,DEMOCRATIC PARTY,178.000000
2014,19169169038,TREASURER OF STATE,,SAM CLOVIS,REPUBLICAN PARTY,263.000000
2014,19169169038,TREASURER OF STATE,,WRITE IN,,1.000000
2014,19169169038,U S SENATE,,BOB QUAST,BOB QUAST FOR TERM LIMITS,4.000000
2014,19169169038,U S SENATE,,BRUCE BRALEY,DEMOCRATIC PARTY,228.000000
2014,19169169038,U S SENATE,,DOUGLAS BUTZIER,LIBERTARIAN PARTY,8.000000
2014,19169169038,U S SENATE,,JONI ERNST,REPUBLICAN PARTY,265.000000
2014,19169169038,U S SENATE,,RICK STEWART,INDEPENDENT,5.000000
2014,19169169038,U S SENATE,,RUTH SMITH,,1.000000
2014,19169169038,U S SENATE,,WRITE IN,,1.000000
2014,19169169039,ATTORNEY GENERAL,,ADAM GREGG,REPUBLICAN PARTY,150.000000
2014,19169169039,ATTORNEY GENERAL,,TOM MILLER,DEMOCRATIC PARTY,159.000000
2014,19169169039,ATTORNEY GENERAL,,WRITE IN,,1.000000
2014,19169169039,AUDITOR OF STATE,,JONATHAN NEIDERBACH,DEMOCRATIC PARTY,142.000000
2014,19169169039,AUDITOR OF STATE,,MARY MOSIMAN,REPUBLICAN PARTY,163.000000
2014,19169169039,AUDITOR OF STATE,,WRITE IN,,2.000000
2014,19169169039,GOVERNOR,,JACK HATCH MONICA VERNON,DEMOCRATIC PARTY,126.000000
2014,19169169039,GOVERNOR,,JIM HENNAGER MARY MARGARET KRIEG,NEW INDEPENDENT PARTY IOWA,2.000000
2014,19169169039,GOVERNOR,,JONATHAN R NARCISSE MICHAEL L RICHARDS,IOWA PARTY,5.000000
2014,19169169039,GOVERNOR,,LEE DEAKINS HIEB TIM WATSON,LIBERTARIAN PARTY,14.000000
2014,19169169039,GOVERNOR,,TERRY E BRANSTAD KIM REYNOLDS,REPUBLICAN PARTY,203.000000
2014,19169169039,GOVERNOR,,WRITE IN,,0.000000
2014,19169169039,SECRETARY OF AGRICULTURE,,BILL NORTHEY,REPUBLICAN PARTY,186.000000
2014,19169169039,SECRETARY OF AGRICULTURE,,LEVI BENNING,NEW INDEPENDENT PARTY IOWA,7.000000
2014,19169169039,SECRETARY OF AGRICULTURE,,SHERRIE TAHA,DEMOCRATIC PARTY,122.000000
2014,19169169039,SECRETARY OF AGRICULTURE,,WRITE IN,,1.000000
2014,19169169039,SECRETARY OF STATE,,BRAD ANDERSON,DEMOCRATIC PARTY,149.000000
2014,19169169039,SECRETARY OF STATE,,JAKE PORTER,LIBERTARIAN PARTY,20.000000
2014,19169169039,SECRETARY OF STATE,,PAUL D PATE,REPUBLICAN PARTY,143.000000
2014,19169169039,SECRETARY OF STATE,,SPENCER HIGHLAND,NEW INDEPENDENT PARTY IOWA,5.000000
2014,19169169039,SECRETARY OF STATE,,WRITE IN,,2.000000
2014,19169169039,TREASURER OF STATE,,KEITH A LAUBE,LIBERTARIAN PARTY,23.000000
2014,19169169039,TREASURER OF STATE,,MICHAEL L FITZGERALD,DEMOCRATIC PARTY,139.000000
2014,19169169039,TREASURER OF STATE,,SAM CLOVIS,REPUBLICAN PARTY,148.000000
2014,19169169039,TREASURER OF STATE,,WRITE IN,,1.000000
2014,19169169039,U S SENATE,,BOB QUAST,BOB QUAST FOR TERM LIMITS,0.000000
2014,19169169039,U S SENATE,,BRUCE BRALEY,DEMOCRATIC PARTY,186.000000
2014,19169169039,U S SENATE,,DOUGLAS BUTZIER,LIBERTARIAN PARTY,3.000000
2014,19169169039,U S SENATE,,JONI ERNST,REPUBLICAN PARTY,158.000000
2014,19169169039,U S SENATE,,RICK STEWART,INDEPENDENT,9.000000
2014,19169169039,U S SENATE,,RUTH SMITH,,1.000000
2014,19169169039,U S SENATE,,WRITE IN,,1.000000
2014,19169169040,ATTORNEY GENERAL,,ADAM GREGG,REPUBLICAN PARTY,115.000000
2014,19169169040,ATTORNEY GENERAL,,TOM MILLER,DEMOCRATIC PARTY,172.000000
2014,19169169040,ATTORNEY GENERAL,,WRITE IN,,2.000000
2014,19169169040,AUDITOR OF STATE,,JONATHAN NEIDERBACH,DEMOCRATIC PARTY,157.000000
2014,19169169040,AUDITOR OF STATE,,MARY MOSIMAN,REPUBLICAN PARTY,127.000000
2014,19169169040,AUDITOR OF STATE,,WRITE IN,,3.000000
2014,19169169040,GOVERNOR,,JACK HATCH MONICA VERNON,DEMOCRATIC PARTY,145.000000
2014,19169169040,GOVERNOR,,JIM HENNAGER MARY MARGARET KRIEG,NEW INDEPENDENT PARTY IOWA,3.000000
2014,19169169040,GOVERNOR,,JONATHAN R NARCISSE MICHAEL L RICHARDS,IOWA PARTY,6.000000
2014,19169169040,GOVERNOR,,LEE DEAKINS HIEB TIM WATSON,LIBERTARIAN PARTY,16.000000
2014,19169169040,GOVERNOR,,TERRY E BRANSTAD KIM REYNOLDS,REPUBLICAN PARTY,148.000000
2014,19169169040,GOVERNOR,,WRITE IN,,2.000000
2014,19169169040,SECRETARY OF AGRICULTURE,,BILL NORTHEY,REPUBLICAN PARTY,139.000000
2014,19169169040,SECRETARY OF AGRICULTURE,,LEVI BENNING,NEW INDEPENDENT PARTY IOWA,15.000000
2014,19169169040,SECRETARY OF AGRICULTURE,,SHERRIE TAHA,DEMOCRATIC PARTY,136.000000
2014,19169169040,SECRETARY OF AGRICULTURE,,WRITE IN,,2.000000
2014,19169169040,SECRETARY OF STATE,,BRAD ANDERSON,DEMOCRATIC PARTY,159.000000
2014,19169169040,SECRETARY OF STATE,,JAKE PORTER,LIBERTARIAN PARTY,24.000000
2014,19169169040,SECRETARY OF STATE,,PAUL D PATE,REPUBLICAN PARTY,107.000000
2014,19169169040,SECRETARY OF STATE,,SPENCER HIGHLAND,NEW INDEPENDENT PARTY IOWA,5.000000
2014,19169169040,SECRETARY OF STATE,,WRITE IN,,4.000000
2014,19169169040,TREASURER OF STATE,,KEITH A LAUBE,LIBERTARIAN PARTY,20.000000
2014,19169169040,TREASURER OF STATE,,MICHAEL L FITZGERALD,DEMOCRATIC PARTY,153.000000
2014,19169169040,TREASURER OF STATE,,SAM CLOVIS,REPUBLICAN PARTY,116.000000
2014,19169169040,TREASURER OF STATE,,WRITE IN,,2.000000
2014,19169169040,U S SENATE,,BOB QUAST,BOB QUAST FOR TERM LIMITS,0.000000
2014,19169169040,U S SENATE,,BRUCE BRALEY,DEMOCRATIC PARTY,195.000000
2014,19169169040,U S SENATE,,DOUGLAS BUTZIER,LIBERTARIAN PARTY,6.000000
2014,19169169040,U S SENATE,,JONI ERNST,REPUBLICAN PARTY,118.000000
2014,19169169040,U S SENATE,,RICK STEWART,INDEPENDENT,8.000000
2014,19169169040,U S SENATE,,RUTH SMITH,,1.000000
2014,19169169040,U S SENATE,,WRITE IN,,2.000000
2014,19169169041,ATTORNEY GENERAL,,ADAM GREGG,REPUBLICAN PARTY,223.000000
2014,19169169041,ATTORNEY GENERAL,,TOM MILLER,DEMOCRATIC PARTY,565.000000
2014,19169169041,ATTORNEY GENERAL,,WRITE IN,,0.000000
2014,19169169041,AUDITOR OF STATE,,JONATHAN NEIDERBACH,DEMOCRATIC PARTY,466.000000
2014,19169169041,AUDITOR OF STATE,,MARY MOSIMAN,REPUBLICAN PARTY,312.000000
2014,19169169041,AUDITOR OF STATE,,WRITE IN,,0.000000
2014,19169169041,GOVERNOR,,JACK HATCH MONICA VERNON,DEMOCRATIC PARTY,498.000000
2014,19169169041,GOVERNOR,,JIM HENNAGER MARY MARGARET KRIEG,NEW INDEPENDENT PARTY IOWA,7.000000
2014,19169169041,GOVERNOR,,JONATHAN R NARCISSE MICHAEL L RICHARDS,IOWA PARTY,8.000000
2014,19169169041,GOVERNOR,,LEE DEAKINS HIEB TIM WATSON,LIBERTARIAN PARTY,26.000000
2014,19169169041,GOVERNOR,,TERRY E BRANSTAD KIM REYNOLDS,REPUBLICAN PARTY,286.000000
2014,19169169041,GOVERNOR,,WRITE IN,,1.000000
2014,19169169041,SECRETARY OF AGRICULTURE,,BILL NORTHEY,REPUBLICAN PARTY,324.000000
2014,19169169041,SECRETARY OF AGRICULTURE,,LEVI BENNING,NEW INDEPENDENT PARTY IOWA,23.000000
2014,19169169041,SECRETARY OF AGRICULTURE,,SHERRIE TAHA,DEMOCRATIC PARTY,432.000000
2014,19169169041,SECRETARY OF AGRICULTURE,,WRITE IN,,0.000000
2014,19169169041,SECRETARY OF STATE,,BRAD ANDERSON,DEMOCRATIC PARTY,520.000000
2014,19169169041,SECRETARY OF STATE,,JAKE PORTER,LIBERTARIAN PARTY,36.000000
2014,19169169041,SECRETARY OF STATE,,PAUL D PATE,REPUBLICAN PARTY,228.000000
2014,19169169041,SECRETARY OF STATE,,SPENCER HIGHLAND,NEW INDEPENDENT PARTY IOWA,11.000000
2014,19169169041,SECRETARY OF STATE,,WRITE IN,,0.000000
2014,19169169041,TREASURER OF STATE,,KEITH A LAUBE,LIBERTARIAN PARTY,31.000000
2014,19169169041,TREASURER OF STATE,,MICHAEL L FITZGERALD,DEMOCRATIC PARTY,548.000000
2014,19169169041,TREASURER OF STATE,,SAM CLOVIS,REPUBLICAN PARTY,218.000000
2014,19169169041,TREASURER OF STATE,,WRITE IN,,0.000000
2014,19169169041,U S SENATE,,BOB QUAST,BOB QUAST FOR TERM LIMITS,2.000000
2014,19169169041,U S SENATE,,BRUCE BRALEY,DEMOCRATIC PARTY,563.000000
2014,19169169041,U S SENATE,,DOUGLAS BUTZIER,LIBERTARIAN PARTY,11.000000
2014,19169169041,U S SENATE,,JONI ERNST,REPUBLICAN PARTY,251.000000
2014,19169169041,U S SENATE,,RICK STEWART,INDEPENDENT,12.000000
2014,19169169041,U S SENATE,,RUTH SMITH,,3.000000
2014,19169169041,U S SENATE,,WRITE IN,,1.000000
2014,19169169042,ATTORNEY GENERAL,,ADAM GREGG,REPUBLICAN PARTY,479.000000
2014,19169169042,ATTORNEY GENERAL,,TOM MILLER,DEMOCRATIC PARTY,825.000000
2014,19169169042,ATTORNEY GENERAL,,WRITE IN,,4.000000
2014,19169169042,AUDITOR OF STATE,,JONATHAN NEIDERBACH,DEMOCRATIC PARTY,536.000000
2014,19169169042,AUDITOR OF STATE,,MARY MOSIMAN,REPUBLICAN PARTY,745.000000
2014,19169169042,AUDITOR OF STATE,,WRITE IN,,4.000000
2014,19169169042,GOVERNOR,,JACK HATCH MONICA VERNON,DEMOCRATIC PARTY,613.000000
2014,19169169042,GOVERNOR,,JIM HENNAGER MARY MARGARET KRIEG,NEW INDEPENDENT PARTY IOWA,7.000000
2014,19169169042,GOVERNOR,,JONATHAN R NARCISSE MICHAEL L RICHARDS,IOWA PARTY,9.000000
2014,19169169042,GOVERNOR,,LEE DEAKINS HIEB TIM WATSON,LIBERTARIAN PARTY,21.000000
2014,19169169042,GOVERNOR,,TERRY E BRANSTAD KIM REYNOLDS,REPUBLICAN PARTY,683.000000
2014,19169169042,GOVERNOR,,WRITE IN,,8.000000
2014,19169169042,SECRETARY OF AGRICULTURE,,BILL NORTHEY,REPUBLICAN PARTY,732.000000
2014,19169169042,SECRETARY OF AGRICULTURE,,LEVI BENNING,NEW INDEPENDENT PARTY IOWA,20.000000
2014,19169169042,SECRETARY OF AGRICULTURE,,SHERRIE TAHA,DEMOCRATIC PARTY,534.000000
2014,19169169042,SECRETARY OF AGRICULTURE,,WRITE IN,,4.000000
2014,19169169042,SECRETARY OF STATE,,BRAD ANDERSON,DEMOCRATIC PARTY,717.000000
2014,19169169042,SECRETARY OF STATE,,JAKE PORTER,LIBERTARIAN PARTY,29.000000
2014,19169169042,SECRETARY OF STATE,,PAUL D PATE,REPUBLICAN PARTY,533.000000
2014,19169169042,SECRETARY OF STATE,,SPENCER HIGHLAND,NEW INDEPENDENT PARTY IOWA,14.000000
2014,19169169042,SECRETARY OF STATE,,WRITE IN,,4.000000
2014,19169169042,TREASURER OF STATE,,KEITH A LAUBE,LIBERTARIAN PARTY,26.000000
2014,19169169042,TREASURER OF STATE,,MICHAEL L FITZGERALD,DEMOCRATIC PARTY,806.000000
2014,19169169042,TREASURER OF STATE,,SAM CLOVIS,REPUBLICAN PARTY,457.000000
2014,19169169042,TREASURER OF STATE,,WRITE IN,,5.000000
2014,19169169042,U S SENATE,,BOB QUAST,BOB QUAST FOR TERM LIMITS,2.000000
2014,19169169042,U S SENATE,,BRUCE BRALEY,DEMOCRATIC PARTY,713.000000
2014,19169169042,U S SENATE,,DOUGLAS BUTZIER,LIBERTARIAN PARTY,4.000000
2014,19169169042,U S SENATE,,JONI ERNST,REPUBLICAN PARTY,601.000000
2014,19169169042,U S SENATE,,RICK STEWART,INDEPENDENT,17.000000
2014,19169169042,U S SENATE,,RUTH SMITH,,6.000000
2014,19169169042,U S SENATE,,WRITE IN,,2.000000
2014,19171171001,ATTORNEY GENERAL,,ADAM GREGG,REPUBLICAN PARTY,100.000000
2014,19171171001,ATTORNEY GENERAL,,TOM MILLER,DEMOCRATIC PARTY,70.000000
2014,19171171001,ATTORNEY GENERAL,,WRITE IN,,0.000000
2014,19171171001,AUDITOR OF STATE,,JONATHAN NEIDERBACH,DEMOCRATIC PARTY,52.000000
2014,19171171001,AUDITOR OF STATE,,MARY MOSIMAN,REPUBLICAN PARTY,115.000000
2014,19171171001,AUDITOR OF STATE,,WRITE IN,,0.000000
2014,19171171001,GOVERNOR,,JACK HATCH MONICA VERNON,DEMOCRATIC PARTY,45.000000
2014,19171171001,GOVERNOR,,JIM HENNAGER MARY MARGARET KRIEG,NEW INDEPENDENT PARTY IOWA,1.000000
2014,19171171001,GOVERNOR,,JONATHAN R NARCISSE MICHAEL L RICHARDS,IOWA PARTY,3.000000
2014,19171171001,GOVERNOR,,LEE DEAKINS HIEB TIM WATSON,LIBERTARIAN PARTY,3.000000
2014,19171171001,GOVERNOR,,TERRY E BRANSTAD KIM REYNOLDS,REPUBLICAN PARTY,118.000000
2014,19171171001,GOVERNOR,,WRITE IN,,0.000000
2014,19171171001,SECRETARY OF AGRICULTURE,,BILL NORTHEY,REPUBLICAN PARTY,136.000000
2014,19171171001,SECRETARY OF AGRICULTURE,,LEVI BENNING,NEW INDEPENDENT PARTY IOWA,5.000000
2014,19171171001,SECRETARY OF AGRICULTURE,,SHERRIE TAHA,DEMOCRATIC PARTY,28.000000
2014,19171171001,SECRETARY OF AGRICULTURE,,WRITE IN,,0.000000
2014,19171171001,SECRETARY OF STATE,,BRAD ANDERSON,DEMOCRATIC PARTY,52.000000
2014,19171171001,SECRETARY OF STATE,,JAKE PORTER,LIBERTARIAN PARTY,4.000000
2014,19171171001,SECRETARY OF STATE,,PAUL D PATE,REPUBLICAN PARTY,110.000000
2014,19171171001,SECRETARY OF STATE,,SPENCER HIGHLAND,NEW INDEPENDENT PARTY IOWA,3.000000
2014,19171171001,SECRETARY OF STATE,,WRITE IN,,0.000000
2014,19171171001,TREASURER OF STATE,,KEITH A LAUBE,LIBERTARIAN PARTY,4.000000
2014,19171171001,TREASURER OF STATE,,MICHAEL L FITZGERALD,DEMOCRATIC PARTY,68.000000
2014,19171171001,TREASURER OF STATE,,SAM CLOVIS,REPUBLICAN PARTY,98.000000
2014,19171171001,TREASURER OF STATE,,WRITE IN,,0.000000
2014,19171171001,U S SENATE,,BOB QUAST,BOB QUAST FOR TERM LIMITS,1.000000
2014,19171171001,U S SENATE,,BRUCE BRALEY,DEMOCRATIC PARTY,49.000000
2014,19171171001,U S SENATE,,DOUGLAS BUTZIER,LIBERTARIAN PARTY,0.000000
2014,19171171001,U S SENATE,,JONI ERNST,REPUBLICAN PARTY,121.000000
2014,19171171001,U S SENATE,,RICK STEWART,INDEPENDENT,0.000000
2014,19171171001,U S SENATE,,RUTH SMITH,,0.000000
2014,19171171001,U S SENATE,,WRITE IN,,0.000000
2014,19171171002,ATTORNEY GENERAL,,ADAM GREGG,REPUBLICAN PARTY,73.000000
2014,19171171002,ATTORNEY GENERAL,,TOM MILLER,DEMOCRATIC PARTY,64.000000
2014,19171171002,ATTORNEY GENERAL,,WRITE IN,,0.000000
2014,19171171002,AUDITOR OF STATE,,JONATHAN NEIDERBACH,DEMOCRATIC PARTY,48.000000
2014,19171171002,AUDITOR OF STATE,,MARY MOSIMAN,REPUBLICAN PARTY,88.000000
2014,19171171002,AUDITOR OF STATE,,WRITE IN,,0.000000
2014,19171171002,GOVERNOR,,JACK HATCH MONICA VERNON,DEMOCRATIC PARTY,48.000000
2014,19171171002,GOVERNOR,,JIM HENNAGER MARY MARGARET KRIEG,NEW INDEPENDENT PARTY IOWA,0.000000
2014,19171171002,GOVERNOR,,JONATHAN R NARCISSE MICHAEL L RICHARDS,IOWA PARTY,0.000000
2014,19171171002,GOVERNOR,,LEE DEAKINS HIEB TIM WATSON,LIBERTARIAN PARTY,1.000000
2014,19171171002,GOVERNOR,,TERRY E BRANSTAD KIM REYNOLDS,REPUBLICAN PARTY,90.000000
2014,19171171002,GOVERNOR,,WRITE IN,,0.000000
2014,19171171002,SECRETARY OF AGRICULTURE,,BILL NORTHEY,REPUBLICAN PARTY,107.000000
2014,19171171002,SECRETARY OF AGRICULTURE,,LEVI BENNING,NEW INDEPENDENT PARTY IOWA,3.000000
2014,19171171002,SECRETARY OF AGRICULTURE,,SHERRIE TAHA,DEMOCRATIC PARTY,28.000000
2014,19171171002,SECRETARY OF AGRICULTURE,,WRITE IN,,0.000000
2014,19171171002,SECRETARY OF STATE,,BRAD ANDERSON,DEMOCRATIC PARTY,50.000000
2014,19171171002,SECRETARY OF STATE,,JAKE PORTER,LIBERTARIAN PARTY,2.000000
2014,19171171002,SECRETARY OF STATE,,PAUL D PATE,REPUBLICAN PARTY,82.000000
2014,19171171002,SECRETARY OF STATE,,SPENCER HIGHLAND,NEW INDEPENDENT PARTY IOWA,4.000000
2014,19171171002,SECRETARY OF STATE,,WRITE IN,,0.000000
2014,19171171002,TREASURER OF STATE,,KEITH A LAUBE,LIBERTARIAN PARTY,6.000000
2014,19171171002,TREASURER OF STATE,,MICHAEL L FITZGERALD,DEMOCRATIC PARTY,65.000000
2014,19171171002,TREASURER OF STATE,,SAM CLOVIS,REPUBLICAN PARTY,67.000000
2014,19171171002,TREASURER OF STATE,,WRITE IN,,0.000000
2014,19171171002,U S SENATE,,BOB QUAST,BOB QUAST FOR TERM LIMITS,1.000000
2014,19171171002,U S SENATE,,BRUCE BRALEY,DEMOCRATIC PARTY,44.000000
2014,19171171002,U S SENATE,,DOUGLAS BUTZIER,LIBERTARIAN PARTY,2.000000
2014,19171171002,U S SENATE,,JONI ERNST,REPUBLICAN PARTY,89.000000
2014,19171171002,U S SENATE,,RICK STEWART,INDEPENDENT,3.000000
2014,19171171002,U S SENATE,,RUTH SMITH,,0.000000
2014,19171171002,U S SENATE,,WRITE IN,,0.000000
2014,19171171010,ATTORNEY GENERAL,,ADAM GREGG,REPUBLICAN PARTY,143.000000
2014,19171171010,ATTORNEY GENERAL,,TOM MILLER,DEMOCRATIC PARTY,216.000000
2014,19171171010,ATTORNEY GENERAL,,WRITE IN,,0.000000
2014,19171171010,AUDITOR OF STATE,,JONATHAN NEIDERBACH,DEMOCRATIC PARTY,177.000000
2014,19171171010,AUDITOR OF STATE,,MARY MOSIMAN,REPUBLICAN PARTY,178.000000
2014,19171171010,AUDITOR OF STATE,,WRITE IN,,0.000000
2014,19171171010,GOVERNOR,,JACK HATCH MONICA VERNON,DEMOCRATIC PARTY,185.000000
2014,19171171010,GOVERNOR,,JIM HENNAGER MARY MARGARET KRIEG,NEW INDEPENDENT PARTY IOWA,6.000000
2014,19171171010,GOVERNOR,,JONATHAN R NARCISSE MICHAEL L RICHARDS,IOWA PARTY,6.000000
2014,19171171010,GOVERNOR,,LEE DEAKINS HIEB TIM WATSON,LIBERTARIAN PARTY,12.000000
2014,19171171010,GOVERNOR,,TERRY E BRANSTAD KIM REYNOLDS,REPUBLICAN PARTY,151.000000
2014,19171171010,GOVERNOR,,WRITE IN,,1.000000
2014,19171171010,SECRETARY OF AGRICULTURE,,BILL NORTHEY,REPUBLICAN PARTY,211.000000
2014,19171171010,SECRETARY OF AGRICULTURE,,LEVI BENNING,NEW INDEPENDENT PARTY IOWA,20.000000
2014,19171171010,SECRETARY OF AGRICULTURE,,SHERRIE TAHA,DEMOCRATIC PARTY,127.000000
2014,19171171010,SECRETARY OF AGRICULTURE,,WRITE IN,,0.000000
2014,19171171010,SECRETARY OF STATE,,BRAD ANDERSON,DEMOCRATIC PARTY,183.000000
2014,19171171010,SECRETARY OF STATE,,JAKE PORTER,LIBERTARIAN PARTY,9.000000
2014,19171171010,SECRETARY OF STATE,,PAUL D PATE,REPUBLICAN PARTY,154.000000
2014,19171171010,SECRETARY OF STATE,,SPENCER HIGHLAND,NEW INDEPENDENT PARTY IOWA,14.000000
2014,19171171010,SECRETARY OF STATE,,WRITE IN,,0.000000
2014,19171171010,TREASURER OF STATE,,KEITH A LAUBE,LIBERTARIAN PARTY,11.000000
2014,19171171010,TREASURER OF STATE,,MICHAEL L FITZGERALD,DEMOCRATIC PARTY,207.000000
2014,19171171010,TREASURER OF STATE,,SAM CLOVIS,REPUBLICAN PARTY,142.000000
2014,19171171010,TREASURER OF STATE,,WRITE IN,,0.000000
2014,19171171010,U S SENATE,,BOB QUAST,BOB QUAST FOR TERM LIMITS,2.000000
2014,19171171010,U S SENATE,,BRUCE BRALEY,DEMOCRATIC PARTY,164.000000
2014,19171171010,U S SENATE,,DOUGLAS BUTZIER,LIBERTARIAN PARTY,1.000000
2014,19171171010,U S SENATE,,JONI ERNST,REPUBLICAN PARTY,178.000000
2014,19171171010,U S SENATE,,RICK STEWART,INDEPENDENT,14.000000
2014,19171171010,U S SENATE,,RUTH SMITH,,1.000000
2014,19171171010,U S SENATE,,WRITE IN,,1.000000
2014,19171171014,ATTORNEY GENERAL,,ADAM GREGG,REPUBLICAN PARTY,89.000000
2014,19171171014,ATTORNEY GENERAL,,TOM MILLER,DEMOCRATIC PARTY,128.000000
2014,19171171014,ATTORNEY GENERAL,,WRITE IN,,0.000000
2014,19171171014,AUDITOR OF STATE,,JONATHAN NEIDERBACH,DEMOCRATIC PARTY,103.000000
2014,19171171014,AUDITOR OF STATE,,MARY MOSIMAN,REPUBLICAN PARTY,106.000000
2014,19171171014,AUDITOR OF STATE,,WRITE IN,,1.000000
2014,19171171014,GOVERNOR,,JACK HATCH MONICA VERNON,DEMOCRATIC PARTY,109.000000
2014,19171171014,GOVERNOR,,JIM HENNAGER MARY MARGARET KRIEG,NEW INDEPENDENT PARTY IOWA,1.000000
2014,19171171014,GOVERNOR,,JONATHAN R NARCISSE MICHAEL L RICHARDS,IOWA PARTY,2.000000
2014,19171171014,GOVERNOR,,LEE DEAKINS HIEB TIM WATSON,LIBERTARIAN PARTY,8.000000
2014,19171171014,GOVERNOR,,TERRY E BRANSTAD KIM REYNOLDS,REPUBLICAN PARTY,100.000000
2014,19171171014,GOVERNOR,,WRITE IN,,1.000000
2014,19171171014,SECRETARY OF AGRICULTURE,,BILL NORTHEY,REPUBLICAN PARTY,133.000000
2014,19171171014,SECRETARY OF AGRICULTURE,,LEVI BENNING,NEW INDEPENDENT PARTY IOWA,9.000000
2014,19171171014,SECRETARY OF AGRICULTURE,,SHERRIE TAHA,DEMOCRATIC PARTY,74.000000
2014,19171171014,SECRETARY OF AGRICULTURE,,WRITE IN,,0.000000
2014,19171171014,SECRETARY OF STATE,,BRAD ANDERSON,DEMOCRATIC PARTY,103.000000
2014,19171171014,SECRETARY OF STATE,,JAKE PORTER,LIBERTARIAN PARTY,6.000000
2014,19171171014,SECRETARY OF STATE,,PAUL D PATE,REPUBLICAN PARTY,98.000000
2014,19171171014,SECRETARY OF STATE,,SPENCER HIGHLAND,NEW INDEPENDENT PARTY IOWA,5.000000
2014,19171171014,SECRETARY OF STATE,,WRITE IN,,0.000000
2014,19171171014,TREASURER OF STATE,,KEITH A LAUBE,LIBERTARIAN PARTY,8.000000
2014,19171171014,TREASURER OF STATE,,MICHAEL L FITZGERALD,DEMOCRATIC PARTY,121.000000
2014,19171171014,TREASURER OF STATE,,SAM CLOVIS,REPUBLICAN PARTY,85.000000
2014,19171171014,TREASURER OF STATE,,WRITE IN,,0.000000
2014,19171171014,U S SENATE,,BOB QUAST,BOB QUAST FOR TERM LIMITS,3.000000
2014,19171171014,U S SENATE,,BRUCE BRALEY,DEMOCRATIC PARTY,104.000000
2014,19171171014,U S SENATE,,DOUGLAS BUTZIER,LIBERTARIAN PARTY,0.000000
2014,19171171014,U S SENATE,,JONI ERNST,REPUBLICAN PARTY,107.000000
2014,19171171014,U S SENATE,,RICK STEWART,INDEPENDENT,4.000000
2014,19171171014,U S SENATE,,RUTH SMITH,,2.000000
2014,19171171014,U S SENATE,,WRITE IN,,0.000000
2014,19171171015,ATTORNEY GENERAL,,ADAM GREGG,REPUBLICAN PARTY,35.000000
2014,19171171015,ATTORNEY GENERAL,,TOM MILLER,DEMOCRATIC PARTY,49.000000
2014,19171171015,ATTORNEY GENERAL,,WRITE IN,,0.000000
2014,19171171015,AUDITOR OF STATE,,JONATHAN NEIDERBACH,DEMOCRATIC PARTY,34.000000
2014,19171171015,AUDITOR OF STATE,,MARY MOSIMAN,REPUBLICAN PARTY,46.000000
2014,19171171015,AUDITOR OF STATE,,WRITE IN,,0.000000
2014,19171171015,GOVERNOR,,JACK HATCH MONICA VERNON,DEMOCRATIC PARTY,43.000000
2014,19171171015,GOVERNOR,,JIM HENNAGER MARY MARGARET KRIEG,NEW INDEPENDENT PARTY IOWA,3.000000
2014,19171171015,GOVERNOR,,JONATHAN R NARCISSE MICHAEL L RICHARDS,IOWA PARTY,2.000000
2014,19171171015,GOVERNOR,,LEE DEAKINS HIEB TIM WATSON,LIBERTARIAN PARTY,1.000000
2014,19171171015,GOVERNOR,,TERRY E BRANSTAD KIM REYNOLDS,REPUBLICAN PARTY,36.000000
2014,19171171015,GOVERNOR,,WRITE IN,,0.000000
2014,19171171015,SECRETARY OF AGRICULTURE,,BILL NORTHEY,REPUBLICAN PARTY,56.000000
2014,19171171015,SECRETARY OF AGRICULTURE,,LEVI BENNING,NEW INDEPENDENT PARTY IOWA,7.000000
2014,19171171015,SECRETARY OF AGRICULTURE,,SHERRIE TAHA,DEMOCRATIC PARTY,22.000000
2014,19171171015,SECRETARY OF AGRICULTURE,,WRITE IN,,0.000000
2014,19171171015,SECRETARY OF STATE,,BRAD ANDERSON,DEMOCRATIC PARTY,39.000000
2014,19171171015,SECRETARY OF STATE,,JAKE PORTER,LIBERTARIAN PARTY,1.000000
2014,19171171015,SECRETARY OF STATE,,PAUL D PATE,REPUBLICAN PARTY,41.000000
2014,19171171015,SECRETARY OF STATE,,SPENCER HIGHLAND,NEW INDEPENDENT PARTY IOWA,3.000000
2014,19171171015,SECRETARY OF STATE,,WRITE IN,,0.000000
2014,19171171015,TREASURER OF STATE,,KEITH A LAUBE,LIBERTARIAN PARTY,5.000000
2014,19171171015,TREASURER OF STATE,,MICHAEL L FITZGERALD,DEMOCRATIC PARTY,45.000000
2014,19171171015,TREASURER OF STATE,,SAM CLOVIS,REPUBLICAN PARTY,35.000000
2014,19171171015,TREASURER OF STATE,,WRITE IN,,0.000000
2014,19171171015,U S SENATE,,BOB QUAST,BOB QUAST FOR TERM LIMITS,0.000000
2014,19171171015,U S SENATE,,BRUCE BRALEY,DEMOCRATIC PARTY,34.000000
2014,19171171015,U S SENATE,,DOUGLAS BUTZIER,LIBERTARIAN PARTY,0.000000
2014,19171171015,U S SENATE,,JONI ERNST,REPUBLICAN PARTY,48.000000
2014,19171171015,U S SENATE,,RICK STEWART,INDEPENDENT,2.000000
2014,19171171015,U S SENATE,,RUTH SMITH,,1.000000
2014,19171171015,U S SENATE,,WRITE IN,,0.000000
2014,19177177006,ATTORNEY GENERAL,,ADAM GREGG,REPUBLICAN PARTY,274.000000
2014,19177177006,ATTORNEY GENERAL,,TOM MILLER,DEMOCRATIC PARTY,172.000000
2014,19177177006,ATTORNEY GENERAL,,WRITE IN,,0.000000
2014,19177177006,AUDITOR OF STATE,,JONATHAN NEIDERBACH,DEMOCRATIC PARTY,111.000000
2014,19177177006,AUDITOR OF STATE,,MARY MOSIMAN,REPUBLICAN PARTY,325.000000
2014,19177177006,AUDITOR OF STATE,,WRITE IN,,1.000000
2014,19177177006,GOVERNOR,,JACK HATCH MONICA VERNON,DEMOCRATIC PARTY,91.000000
2014,19177177006,GOVERNOR,,JIM HENNAGER MARY MARGARET KRIEG,NEW INDEPENDENT PARTY IOWA,9.000000
2014,19177177006,GOVERNOR,,JONATHAN R NARCISSE MICHAEL L RICHARDS,IOWA PARTY,3.000000
2014,19177177006,GOVERNOR,,LEE DEAKINS HIEB TIM WATSON,LIBERTARIAN PARTY,4.000000
2014,19177177006,GOVERNOR,,TERRY E BRANSTAD KIM REYNOLDS,REPUBLICAN PARTY,347.000000
2014,19177177006,GOVERNOR,,WRITE IN,,0.000000
2014,19177177006,SECRETARY OF AGRICULTURE,,BILL NORTHEY,REPUBLICAN PARTY,341.000000
2014,19177177006,SECRETARY OF AGRICULTURE,,LEVI BENNING,NEW INDEPENDENT PARTY IOWA,21.000000
2014,19177177006,SECRETARY OF AGRICULTURE,,SHERRIE TAHA,DEMOCRATIC PARTY,80.000000
2014,19177177006,SECRETARY OF AGRICULTURE,,WRITE IN,,1.000000
2014,19177177006,SECRETARY OF STATE,,BRAD ANDERSON,DEMOCRATIC PARTY,119.000000
2014,19177177006,SECRETARY OF STATE,,JAKE PORTER,LIBERTARIAN PARTY,11.000000
2014,19177177006,SECRETARY OF STATE,,PAUL D PATE,REPUBLICAN PARTY,296.000000
2014,19177177006,SECRETARY OF STATE,,SPENCER HIGHLAND,NEW INDEPENDENT PARTY IOWA,16.000000
2014,19177177006,SECRETARY OF STATE,,WRITE IN,,0.000000
2014,19177177006,TREASURER OF STATE,,KEITH A LAUBE,LIBERTARIAN PARTY,11.000000
2014,19177177006,TREASURER OF STATE,,MICHAEL L FITZGERALD,DEMOCRATIC PARTY,166.000000
2014,19177177006,TREASURER OF STATE,,SAM CLOVIS,REPUBLICAN PARTY,268.000000
2014,19177177006,TREASURER OF STATE,,WRITE IN,,0.000000
2014,19177177006,U S SENATE,,BOB QUAST,BOB QUAST FOR TERM LIMITS,5.000000
2014,19177177006,U S SENATE,,BRUCE BRALEY,DEMOCRATIC PARTY,119.000000
2014,19177177006,U S SENATE,,DOUGLAS BUTZIER,LIBERTARIAN PARTY,2.000000
2014,19177177006,U S SENATE,,JONI ERNST,REPUBLICAN PARTY,304.000000
2014,19177177006,U S SENATE,,RICK STEWART,INDEPENDENT,15.000000
2014,19177177006,U S SENATE,,RUTH SMITH,,3.000000
2014,19177177006,U S SENATE,,WRITE IN,,0.000000
2014,19177177008,ATTORNEY GENERAL,,ADAM GREGG,REPUBLICAN PARTY,90.000000
2014,19177177008,ATTORNEY GENERAL,,TOM MILLER,DEMOCRATIC PARTY,55.000000
2014,19177177008,ATTORNEY GENERAL,,WRITE IN,,0.000000
2014,19177177008,AUDITOR OF STATE,,JONATHAN NEIDERBACH,DEMOCRATIC PARTY,37.000000
2014,19177177008,AUDITOR OF STATE,,MARY MOSIMAN,REPUBLICAN PARTY,107.000000
2014,19177177008,AUDITOR OF STATE,,WRITE IN,,0.000000
2014,19177177008,GOVERNOR,,JACK HATCH MONICA VERNON,DEMOCRATIC PARTY,24.000000
2014,19177177008,GOVERNOR,,JIM HENNAGER MARY MARGARET KRIEG,NEW INDEPENDENT PARTY IOWA,1.000000
2014,19177177008,GOVERNOR,,JONATHAN R NARCISSE MICHAEL L RICHARDS,IOWA PARTY,1.000000
2014,19177177008,GOVERNOR,,LEE DEAKINS HIEB TIM WATSON,LIBERTARIAN PARTY,3.000000
2014,19177177008,GOVERNOR,,TERRY E BRANSTAD KIM REYNOLDS,REPUBLICAN PARTY,117.000000
2014,19177177008,GOVERNOR,,WRITE IN,,0.000000
2014,19177177008,SECRETARY OF AGRICULTURE,,BILL NORTHEY,REPUBLICAN PARTY,113.000000
2014,19177177008,SECRETARY OF AGRICULTURE,,LEVI BENNING,NEW INDEPENDENT PARTY IOWA,6.000000
2014,19177177008,SECRETARY OF AGRICULTURE,,SHERRIE TAHA,DEMOCRATIC PARTY,25.000000
2014,19177177008,SECRETARY OF AGRICULTURE,,WRITE IN,,0.000000
2014,19177177008,SECRETARY OF STATE,,BRAD ANDERSON,DEMOCRATIC PARTY,39.000000
2014,19177177008,SECRETARY OF STATE,,JAKE PORTER,LIBERTARIAN PARTY,2.000000
2014,19177177008,SECRETARY OF STATE,,PAUL D PATE,REPUBLICAN PARTY,98.000000
2014,19177177008,SECRETARY OF STATE,,SPENCER HIGHLAND,NEW INDEPENDENT PARTY IOWA,5.000000
2014,19177177008,SECRETARY OF STATE,,WRITE IN,,0.000000
2014,19177177008,TREASURER OF STATE,,KEITH A LAUBE,LIBERTARIAN PARTY,2.000000
2014,19177177008,TREASURER OF STATE,,MICHAEL L FITZGERALD,DEMOCRATIC PARTY,53.000000
2014,19177177008,TREASURER OF STATE,,SAM CLOVIS,REPUBLICAN PARTY,92.000000
2014,19177177008,TREASURER OF STATE,,WRITE IN,,0.000000
2014,19177177008,U S SENATE,,BOB QUAST,BOB QUAST FOR TERM LIMITS,0.000000
2014,19177177008,U S SENATE,,BRUCE BRALEY,DEMOCRATIC PARTY,40.000000
2014,19177177008,U S SENATE,,DOUGLAS BUTZIER,LIBERTARIAN PARTY,0.000000
2014,19177177008,U S SENATE,,JONI ERNST,REPUBLICAN PARTY,101.000000
2014,19177177008,U S SENATE,,RICK STEWART,INDEPENDENT,5.000000
2014,19177177008,U S SENATE,,RUTH SMITH,,1.000000
2014,19177177008,U S SENATE,,WRITE IN,,0.000000
2014,19177177014,ATTORNEY GENERAL,,ADAM GREGG,REPUBLICAN PARTY,121.000000
2014,19177177014,ATTORNEY GENERAL,,TOM MILLER,DEMOCRATIC PARTY,95.000000
2014,19177177014,ATTORNEY GENERAL,,WRITE IN,,1.000000
2014,19177177014,AUDITOR OF STATE,,JONATHAN NEIDERBACH,DEMOCRATIC PARTY,81.000000
2014,19177177014,AUDITOR OF STATE,,MARY MOSIMAN,REPUBLICAN PARTY,129.000000
2014,19177177014,AUDITOR OF STATE,,WRITE IN,,0.000000
2014,19177177014,GOVERNOR,,JACK HATCH MONICA VERNON,DEMOCRATIC PARTY,50.000000
2014,19177177014,GOVERNOR,,JIM HENNAGER MARY MARGARET KRIEG,NEW INDEPENDENT PARTY IOWA,7.000000
2014,19177177014,GOVERNOR,,JONATHAN R NARCISSE MICHAEL L RICHARDS,IOWA PARTY,4.000000
2014,19177177014,GOVERNOR,,LEE DEAKINS HIEB TIM WATSON,LIBERTARIAN PARTY,12.000000
2014,19177177014,GOVERNOR,,TERRY E BRANSTAD KIM REYNOLDS,REPUBLICAN PARTY,153.000000
2014,19177177014,GOVERNOR,,WRITE IN,,1.000000
2014,19177177014,SECRETARY OF AGRICULTURE,,BILL NORTHEY,REPUBLICAN PARTY,150.000000
2014,19177177014,SECRETARY OF AGRICULTURE,,LEVI BENNING,NEW INDEPENDENT PARTY IOWA,16.000000
2014,19177177014,SECRETARY OF AGRICULTURE,,SHERRIE TAHA,DEMOCRATIC PARTY,52.000000
2014,19177177014,SECRETARY OF AGRICULTURE,,WRITE IN,,0.000000
2014,19177177014,SECRETARY OF STATE,,BRAD ANDERSON,DEMOCRATIC PARTY,63.000000
2014,19177177014,SECRETARY OF STATE,,JAKE PORTER,LIBERTARIAN PARTY,12.000000
2014,19177177014,SECRETARY OF STATE,,PAUL D PATE,REPUBLICAN PARTY,132.000000
2014,19177177014,SECRETARY OF STATE,,SPENCER HIGHLAND,NEW INDEPENDENT PARTY IOWA,10.000000
2014,19177177014,SECRETARY OF STATE,,WRITE IN,,0.000000
2014,19177177014,TREASURER OF STATE,,KEITH A LAUBE,LIBERTARIAN PARTY,14.000000
2014,19177177014,TREASURER OF STATE,,MICHAEL L FITZGERALD,DEMOCRATIC PARTY,86.000000
2014,19177177014,TREASURER OF STATE,,SAM CLOVIS,REPUBLICAN PARTY,119.000000
2014,19177177014,TREASURER OF STATE,,WRITE IN,,0.000000
2014,19177177014,U S SENATE,,BOB QUAST,BOB QUAST FOR TERM LIMITS,1.000000
2014,19177177014,U S SENATE,,BRUCE BRALEY,DEMOCRATIC PARTY,69.000000
2014,19177177014,U S SENATE,,DOUGLAS BUTZIER,LIBERTARIAN PARTY,2.000000
2014,19177177014,U S SENATE,,JONI ERNST,REPUBLICAN PARTY,143.000000
2014,19177177014,U S SENATE,,RICK STEWART,INDEPENDENT,11.000000
2014,19177177014,U S SENATE,,RUTH SMITH,,1.000000
2014,19177177014,U S SENATE,,WRITE IN,,0.000000
2014,19177177016,ATTORNEY GENERAL,,ADAM GREGG,REPUBLICAN PARTY,99.000000
2014,19177177016,ATTORNEY GENERAL,,TOM MILLER,DEMOCRATIC PARTY,81.000000
2014,19177177016,ATTORNEY GENERAL,,WRITE IN,,0.000000
2014,19177177016,AUDITOR OF STATE,,JONATHAN NEIDERBACH,DEMOCRATIC PARTY,54.000000
2014,19177177016,AUDITOR OF STATE,,MARY MOSIMAN,REPUBLICAN PARTY,118.000000
2014,19177177016,AUDITOR OF STATE,,WRITE IN,,0.000000
2014,19177177016,GOVERNOR,,JACK HATCH MONICA VERNON,DEMOCRATIC PARTY,41.000000
2014,19177177016,GOVERNOR,,JIM HENNAGER MARY MARGARET KRIEG,NEW INDEPENDENT PARTY IOWA,3.000000
2014,19177177016,GOVERNOR,,JONATHAN R NARCISSE MICHAEL L RICHARDS,IOWA PARTY,2.000000
2014,19177177016,GOVERNOR,,LEE DEAKINS HIEB TIM WATSON,LIBERTARIAN PARTY,4.000000
2014,19177177016,GOVERNOR,,TERRY E BRANSTAD KIM REYNOLDS,REPUBLICAN PARTY,140.000000
2014,19177177016,GOVERNOR,,WRITE IN,,0.000000
2014,19177177016,SECRETARY OF AGRICULTURE,,BILL NORTHEY,REPUBLICAN PARTY,128.000000
2014,19177177016,SECRETARY OF AGRICULTURE,,LEVI BENNING,NEW INDEPENDENT PARTY IOWA,10.000000
2014,19177177016,SECRETARY OF AGRICULTURE,,SHERRIE TAHA,DEMOCRATIC PARTY,42.000000
2014,19177177016,SECRETARY OF AGRICULTURE,,WRITE IN,,0.000000
2014,19177177016,SECRETARY OF STATE,,BRAD ANDERSON,DEMOCRATIC PARTY,54.000000
2014,19177177016,SECRETARY OF STATE,,JAKE PORTER,LIBERTARIAN PARTY,3.000000
2014,19177177016,SECRETARY OF STATE,,PAUL D PATE,REPUBLICAN PARTY,120.000000
2014,19177177016,SECRETARY OF STATE,,SPENCER HIGHLAND,NEW INDEPENDENT PARTY IOWA,4.000000
2014,19177177016,SECRETARY OF STATE,,WRITE IN,,0.000000
2014,19177177016,TREASURER OF STATE,,KEITH A LAUBE,LIBERTARIAN PARTY,8.000000
2014,19177177016,TREASURER OF STATE,,MICHAEL L FITZGERALD,DEMOCRATIC PARTY,74.000000
2014,19177177016,TREASURER OF STATE,,SAM CLOVIS,REPUBLICAN PARTY,100.000000
2014,19177177016,TREASURER OF STATE,,WRITE IN,,0.000000
2014,19177177016,U S SENATE,,BOB QUAST,BOB QUAST FOR TERM LIMITS,3.000000
2014,19177177016,U S SENATE,,BRUCE BRALEY,DEMOCRATIC PARTY,62.000000
2014,19177177016,U S SENATE,,DOUGLAS BUTZIER,LIBERTARIAN PARTY,0.000000
2014,19177177016,U S SENATE,,JONI ERNST,REPUBLICAN PARTY,115.000000
2014,19177177016,U S SENATE,,RICK STEWART,INDEPENDENT,5.000000
2014,19177177016,U S SENATE,,RUTH SMITH,,1.000000
2014,19177177016,U S SENATE,,WRITE IN,,0.000000
2014,19177177019,ATTORNEY GENERAL,,ADAM GREGG,REPUBLICAN PARTY,215.000000
2014,19177177019,ATTORNEY GENERAL,,TOM MILLER,DEMOCRATIC PARTY,182.000000
2014,19177177019,ATTORNEY GENERAL,,WRITE IN,,0.000000
2014,19177177019,AUDITOR OF STATE,,JONATHAN NEIDERBACH,DEMOCRATIC PARTY,139.000000
2014,19177177019,AUDITOR OF STATE,,MARY MOSIMAN,REPUBLICAN PARTY,244.000000
2014,19177177019,AUDITOR OF STATE,,WRITE IN,,0.000000
2014,19177177019,GOVERNOR,,JACK HATCH MONICA VERNON,DEMOCRATIC PARTY,128.000000
2014,19177177019,GOVERNOR,,JIM HENNAGER MARY MARGARET KRIEG,NEW INDEPENDENT PARTY IOWA,7.000000
2014,19177177019,GOVERNOR,,JONATHAN R NARCISSE MICHAEL L RICHARDS,IOWA PARTY,2.000000
2014,19177177019,GOVERNOR,,LEE DEAKINS HIEB TIM WATSON,LIBERTARIAN PARTY,10.000000
2014,19177177019,GOVERNOR,,TERRY E BRANSTAD KIM REYNOLDS,REPUBLICAN PARTY,268.000000
2014,19177177019,GOVERNOR,,WRITE IN,,1.000000
2014,19177177019,SECRETARY OF AGRICULTURE,,BILL NORTHEY,REPUBLICAN PARTY,272.000000
2014,19177177019,SECRETARY OF AGRICULTURE,,LEVI BENNING,NEW INDEPENDENT PARTY IOWA,19.000000
2014,19177177019,SECRETARY OF AGRICULTURE,,SHERRIE TAHA,DEMOCRATIC PARTY,108.000000
2014,19177177019,SECRETARY OF AGRICULTURE,,WRITE IN,,0.000000
2014,19177177019,SECRETARY OF STATE,,BRAD ANDERSON,DEMOCRATIC PARTY,139.000000
2014,19177177019,SECRETARY OF STATE,,JAKE PORTER,LIBERTARIAN PARTY,7.000000
2014,19177177019,SECRETARY OF STATE,,PAUL D PATE,REPUBLICAN PARTY,237.000000
2014,19177177019,SECRETARY OF STATE,,SPENCER HIGHLAND,NEW INDEPENDENT PARTY IOWA,15.000000
2014,19177177019,SECRETARY OF STATE,,WRITE IN,,0.000000
2014,19177177019,TREASURER OF STATE,,KEITH A LAUBE,LIBERTARIAN PARTY,8.000000
2014,19177177019,TREASURER OF STATE,,MICHAEL L FITZGERALD,DEMOCRATIC PARTY,166.000000
2014,19177177019,TREASURER OF STATE,,SAM CLOVIS,REPUBLICAN PARTY,225.000000
2014,19177177019,TREASURER OF STATE,,WRITE IN,,0.000000
2014,19177177019,U S SENATE,,BOB QUAST,BOB QUAST FOR TERM LIMITS,3.000000
2014,19177177019,U S SENATE,,BRUCE BRALEY,DEMOCRATIC PARTY,146.000000
2014,19177177019,U S SENATE,,DOUGLAS BUTZIER,LIBERTARIAN PARTY,0.000000
2014,19177177019,U S SENATE,,JONI ERNST,REPUBLICAN PARTY,248.000000
2014,19177177019,U S SENATE,,RICK STEWART,INDEPENDENT,14.000000
2014,19177177019,U S SENATE,,RUTH SMITH,,1.000000
2014,19177177019,U S SENATE,,WRITE IN,,0.000000
2014,19177177020,ATTORNEY GENERAL,,ADAM GREGG,REPUBLICAN PARTY,164.000000
2014,19177177020,ATTORNEY GENERAL,,TOM MILLER,DEMOCRATIC PARTY,160.000000
2014,19177177020,ATTORNEY GENERAL,,WRITE IN,,0.000000
2014,19177177020,AUDITOR OF STATE,,JONATHAN NEIDERBACH,DEMOCRATIC PARTY,128.000000
2014,19177177020,AUDITOR OF STATE,,MARY MOSIMAN,REPUBLICAN PARTY,188.000000
2014,19177177020,AUDITOR OF STATE,,WRITE IN,,0.000000
2014,19177177020,GOVERNOR,,JACK HATCH MONICA VERNON,DEMOCRATIC PARTY,99.000000
2014,19177177020,GOVERNOR,,JIM HENNAGER MARY MARGARET KRIEG,NEW INDEPENDENT PARTY IOWA,8.000000
2014,19177177020,GOVERNOR,,JONATHAN R NARCISSE MICHAEL L RICHARDS,IOWA PARTY,2.000000
2014,19177177020,GOVERNOR,,LEE DEAKINS HIEB TIM WATSON,LIBERTARIAN PARTY,5.000000
2014,19177177020,GOVERNOR,,TERRY E BRANSTAD KIM REYNOLDS,REPUBLICAN PARTY,211.000000
2014,19177177020,GOVERNOR,,WRITE IN,,0.000000
2014,19177177020,SECRETARY OF AGRICULTURE,,BILL NORTHEY,REPUBLICAN PARTY,205.000000
2014,19177177020,SECRETARY OF AGRICULTURE,,LEVI BENNING,NEW INDEPENDENT PARTY IOWA,26.000000
2014,19177177020,SECRETARY OF AGRICULTURE,,SHERRIE TAHA,DEMOCRATIC PARTY,91.000000
2014,19177177020,SECRETARY OF AGRICULTURE,,WRITE IN,,0.000000
2014,19177177020,SECRETARY OF STATE,,BRAD ANDERSON,DEMOCRATIC PARTY,126.000000
2014,19177177020,SECRETARY OF STATE,,JAKE PORTER,LIBERTARIAN PARTY,9.000000
2014,19177177020,SECRETARY OF STATE,,PAUL D PATE,REPUBLICAN PARTY,173.000000
2014,19177177020,SECRETARY OF STATE,,SPENCER HIGHLAND,NEW INDEPENDENT PARTY IOWA,14.000000
2014,19177177020,SECRETARY OF STATE,,WRITE IN,,0.000000
2014,19177177020,TREASURER OF STATE,,KEITH A LAUBE,LIBERTARIAN PARTY,10.000000
2014,19177177020,TREASURER OF STATE,,MICHAEL L FITZGERALD,DEMOCRATIC PARTY,149.000000
2014,19177177020,TREASURER OF STATE,,SAM CLOVIS,REPUBLICAN PARTY,163.000000
2014,19177177020,TREASURER OF STATE,,WRITE IN,,0.000000
2014,19177177020,U S SENATE,,BOB QUAST,BOB QUAST FOR TERM LIMITS,5.000000
2014,19177177020,U S SENATE,,BRUCE BRALEY,DEMOCRATIC PARTY,129.000000
2014,19177177020,U S SENATE,,DOUGLAS BUTZIER,LIBERTARIAN PARTY,0.000000
2014,19177177020,U S SENATE,,JONI ERNST,REPUBLICAN PARTY,180.000000
2014,19177177020,U S SENATE,,RICK STEWART,INDEPENDENT,11.000000
2014,19177177020,U S SENATE,,RUTH SMITH,,0.000000
2014,19177177020,U S SENATE,,WRITE IN,,0.000000
2014,19179179004,ATTORNEY GENERAL,,ADAM GREGG,REPUBLICAN PARTY,65.000000
2014,19179179004,ATTORNEY GENERAL,,TOM MILLER,DEMOCRATIC PARTY,46.000000
2014,19179179004,ATTORNEY GENERAL,,WRITE IN,,0.000000
2014,19179179004,AUDITOR OF STATE,,JONATHAN NEIDERBACH,DEMOCRATIC PARTY,24.000000
2014,19179179004,AUDITOR OF STATE,,MARY MOSIMAN,REPUBLICAN PARTY,86.000000
2014,19179179004,AUDITOR OF STATE,,WRITE IN,,0.000000
2014,19179179004,GOVERNOR,,JACK HATCH MONICA VERNON,DEMOCRATIC PARTY,21.000000
2014,19179179004,GOVERNOR,,JIM HENNAGER MARY MARGARET KRIEG,NEW INDEPENDENT PARTY IOWA,2.000000
2014,19179179004,GOVERNOR,,JONATHAN R NARCISSE MICHAEL L RICHARDS,IOWA PARTY,0.000000
2014,19179179004,GOVERNOR,,LEE DEAKINS HIEB TIM WATSON,LIBERTARIAN PARTY,1.000000
2014,19179179004,GOVERNOR,,TERRY E BRANSTAD KIM REYNOLDS,REPUBLICAN PARTY,87.000000
2014,19179179004,GOVERNOR,,WRITE IN,,0.000000
2014,19179179004,SECRETARY OF AGRICULTURE,,BILL NORTHEY,REPUBLICAN PARTY,91.000000
2014,19179179004,SECRETARY OF AGRICULTURE,,LEVI BENNING,NEW INDEPENDENT PARTY IOWA,6.000000
2014,19179179004,SECRETARY OF AGRICULTURE,,SHERRIE TAHA,DEMOCRATIC PARTY,14.000000
2014,19179179004,SECRETARY OF AGRICULTURE,,WRITE IN,,0.000000
2014,19179179004,SECRETARY OF STATE,,BRAD ANDERSON,DEMOCRATIC PARTY,26.000000
2014,19179179004,SECRETARY OF STATE,,JAKE PORTER,LIBERTARIAN PARTY,5.000000
2014,19179179004,SECRETARY OF STATE,,PAUL D PATE,REPUBLICAN PARTY,76.000000
2014,19179179004,SECRETARY OF STATE,,SPENCER HIGHLAND,NEW INDEPENDENT PARTY IOWA,3.000000
2014,19179179004,SECRETARY OF STATE,,WRITE IN,,0.000000
2014,19179179004,TREASURER OF STATE,,KEITH A LAUBE,LIBERTARIAN PARTY,4.000000
2014,19179179004,TREASURER OF STATE,,MICHAEL L FITZGERALD,DEMOCRATIC PARTY,40.000000
2014,19179179004,TREASURER OF STATE,,SAM CLOVIS,REPUBLICAN PARTY,67.000000
2014,19179179004,TREASURER OF STATE,,WRITE IN,,0.000000
2014,19179179004,U S SENATE,,BOB QUAST,BOB QUAST FOR TERM LIMITS,1.000000
2014,19179179004,U S SENATE,,BRUCE BRALEY,DEMOCRATIC PARTY,24.000000
2014,19179179004,U S SENATE,,DOUGLAS BUTZIER,LIBERTARIAN PARTY,0.000000
2014,19179179004,U S SENATE,,JONI ERNST,REPUBLICAN PARTY,82.000000
2014,19179179004,U S SENATE,,RICK STEWART,INDEPENDENT,2.000000
2014,19179179004,U S SENATE,,RUTH SMITH,,1.000000
2014,19179179004,U S SENATE,,WRITE IN,,1.000000
2014,19179179005,ATTORNEY GENERAL,,ADAM GREGG,REPUBLICAN PARTY,48.000000
2014,19179179005,ATTORNEY GENERAL,,TOM MILLER,DEMOCRATIC PARTY,39.000000
2014,19179179005,ATTORNEY GENERAL,,WRITE IN,,1.000000
2014,19179179005,AUDITOR OF STATE,,JONATHAN NEIDERBACH,DEMOCRATIC PARTY,24.000000
2014,19179179005,AUDITOR OF STATE,,MARY MOSIMAN,REPUBLICAN PARTY,56.000000
2014,19179179005,AUDITOR OF STATE,,WRITE IN,,0.000000
2014,19179179005,GOVERNOR,,JACK HATCH MONICA VERNON,DEMOCRATIC PARTY,17.000000
2014,19179179005,GOVERNOR,,JIM HENNAGER MARY MARGARET KRIEG,NEW INDEPENDENT PARTY IOWA,0.000000
2014,19179179005,GOVERNOR,,JONATHAN R NARCISSE MICHAEL L RICHARDS,IOWA PARTY,3.000000
2014,19179179005,GOVERNOR,,LEE DEAKINS HIEB TIM WATSON,LIBERTARIAN PARTY,1.000000
2014,19179179005,GOVERNOR,,TERRY E BRANSTAD KIM REYNOLDS,REPUBLICAN PARTY,70.000000
2014,19179179005,GOVERNOR,,WRITE IN,,0.000000
2014,19179179005,SECRETARY OF AGRICULTURE,,BILL NORTHEY,REPUBLICAN PARTY,74.000000
2014,19179179005,SECRETARY OF AGRICULTURE,,LEVI BENNING,NEW INDEPENDENT PARTY IOWA,2.000000
2014,19179179005,SECRETARY OF AGRICULTURE,,SHERRIE TAHA,DEMOCRATIC PARTY,13.000000
2014,19179179005,SECRETARY OF AGRICULTURE,,WRITE IN,,0.000000
2014,19179179005,SECRETARY OF STATE,,BRAD ANDERSON,DEMOCRATIC PARTY,29.000000
2014,19179179005,SECRETARY OF STATE,,JAKE PORTER,LIBERTARIAN PARTY,4.000000
2014,19179179005,SECRETARY OF STATE,,PAUL D PATE,REPUBLICAN PARTY,49.000000
2014,19179179005,SECRETARY OF STATE,,SPENCER HIGHLAND,NEW INDEPENDENT PARTY IOWA,3.000000
2014,19179179005,SECRETARY OF STATE,,WRITE IN,,0.000000
2014,19179179005,TREASURER OF STATE,,KEITH A LAUBE,LIBERTARIAN PARTY,3.000000
2014,19179179005,TREASURER OF STATE,,MICHAEL L FITZGERALD,DEMOCRATIC PARTY,37.000000
2014,19179179005,TREASURER OF STATE,,SAM CLOVIS,REPUBLICAN PARTY,49.000000
2014,19179179005,TREASURER OF STATE,,WRITE IN,,0.000000
2014,19179179005,U S SENATE,,BOB QUAST,BOB QUAST FOR TERM LIMITS,0.000000
2014,19179179005,U S SENATE,,BRUCE BRALEY,DEMOCRATIC PARTY,18.000000
2014,19179179005,U S SENATE,,DOUGLAS BUTZIER,LIBERTARIAN PARTY,3.000000
2014,19179179005,U S SENATE,,JONI ERNST,REPUBLICAN PARTY,69.000000
2014,19179179005,U S SENATE,,RICK STEWART,INDEPENDENT,1.000000
2014,19179179005,U S SENATE,,RUTH SMITH,,0.000000
2014,19179179005,U S SENATE,,WRITE IN,,0.000000
2014,19179179013,ATTORNEY GENERAL,,ADAM GREGG,REPUBLICAN PARTY,144.000000
2014,19179179013,ATTORNEY GENERAL,,TOM MILLER,DEMOCRATIC PARTY,180.000000
2014,19179179013,ATTORNEY GENERAL,,WRITE IN,,0.000000
2014,19179179013,AUDITOR OF STATE,,JONATHAN NEIDERBACH,DEMOCRATIC PARTY,140.000000
2014,19179179013,AUDITOR OF STATE,,MARY MOSIMAN,REPUBLICAN PARTY,178.000000
2014,19179179013,AUDITOR OF STATE,,WRITE IN,,0.000000
2014,19179179013,GOVERNOR,,JACK HATCH MONICA VERNON,DEMOCRATIC PARTY,112.000000
2014,19179179013,GOVERNOR,,JIM HENNAGER MARY MARGARET KRIEG,NEW INDEPENDENT PARTY IOWA,4.000000
2014,19179179013,GOVERNOR,,JONATHAN R NARCISSE MICHAEL L RICHARDS,IOWA PARTY,2.000000
2014,19179179013,GOVERNOR,,LEE DEAKINS HIEB TIM WATSON,LIBERTARIAN PARTY,1.000000
2014,19179179013,GOVERNOR,,TERRY E BRANSTAD KIM REYNOLDS,REPUBLICAN PARTY,210.000000
2014,19179179013,GOVERNOR,,WRITE IN,,0.000000
2014,19179179013,SECRETARY OF AGRICULTURE,,BILL NORTHEY,REPUBLICAN PARTY,194.000000
2014,19179179013,SECRETARY OF AGRICULTURE,,LEVI BENNING,NEW INDEPENDENT PARTY IOWA,9.000000
2014,19179179013,SECRETARY OF AGRICULTURE,,SHERRIE TAHA,DEMOCRATIC PARTY,114.000000
2014,19179179013,SECRETARY OF AGRICULTURE,,WRITE IN,,1.000000
2014,19179179013,SECRETARY OF STATE,,BRAD ANDERSON,DEMOCRATIC PARTY,134.000000
2014,19179179013,SECRETARY OF STATE,,JAKE PORTER,LIBERTARIAN PARTY,11.000000
2014,19179179013,SECRETARY OF STATE,,PAUL D PATE,REPUBLICAN PARTY,167.000000
2014,19179179013,SECRETARY OF STATE,,SPENCER HIGHLAND,NEW INDEPENDENT PARTY IOWA,5.000000
2014,19179179013,SECRETARY OF STATE,,WRITE IN,,0.000000
2014,19179179013,TREASURER OF STATE,,KEITH A LAUBE,LIBERTARIAN PARTY,11.000000
2014,19179179013,TREASURER OF STATE,,MICHAEL L FITZGERALD,DEMOCRATIC PARTY,158.000000
2014,19179179013,TREASURER OF STATE,,SAM CLOVIS,REPUBLICAN PARTY,154.000000
2014,19179179013,TREASURER OF STATE,,WRITE IN,,0.000000
2014,19179179013,U S SENATE,,BOB QUAST,BOB QUAST FOR TERM LIMITS,2.000000
2014,19179179013,U S SENATE,,BRUCE BRALEY,DEMOCRATIC PARTY,127.000000
2014,19179179013,U S SENATE,,DOUGLAS BUTZIER,LIBERTARIAN PARTY,1.000000
2014,19179179013,U S SENATE,,JONI ERNST,REPUBLICAN PARTY,193.000000
2014,19179179013,U S SENATE,,RICK STEWART,INDEPENDENT,10.000000
2014,19179179013,U S SENATE,,RUTH SMITH,,0.000000
2014,19179179013,U S SENATE,,WRITE IN,,0.000000
2014,19179179014,ATTORNEY GENERAL,,ADAM GREGG,REPUBLICAN PARTY,135.000000
2014,19179179014,ATTORNEY GENERAL,,TOM MILLER,DEMOCRATIC PARTY,179.000000
2014,19179179014,ATTORNEY GENERAL,,WRITE IN,,0.000000
2014,19179179014,AUDITOR OF STATE,,JONATHAN NEIDERBACH,DEMOCRATIC PARTY,138.000000
2014,19179179014,AUDITOR OF STATE,,MARY MOSIMAN,REPUBLICAN PARTY,171.000000
2014,19179179014,AUDITOR OF STATE,,WRITE IN,,0.000000
2014,19179179014,GOVERNOR,,JACK HATCH MONICA VERNON,DEMOCRATIC PARTY,121.000000
2014,19179179014,GOVERNOR,,JIM HENNAGER MARY MARGARET KRIEG,NEW INDEPENDENT PARTY IOWA,3.000000
2014,19179179014,GOVERNOR,,JONATHAN R NARCISSE MICHAEL L RICHARDS,IOWA PARTY,5.000000
2014,19179179014,GOVERNOR,,LEE DEAKINS HIEB TIM WATSON,LIBERTARIAN PARTY,6.000000
2014,19179179014,GOVERNOR,,TERRY E BRANSTAD KIM REYNOLDS,REPUBLICAN PARTY,183.000000
2014,19179179014,GOVERNOR,,WRITE IN,,0.000000
2014,19179179014,SECRETARY OF AGRICULTURE,,BILL NORTHEY,REPUBLICAN PARTY,181.000000
2014,19179179014,SECRETARY OF AGRICULTURE,,LEVI BENNING,NEW INDEPENDENT PARTY IOWA,18.000000
2014,19179179014,SECRETARY OF AGRICULTURE,,SHERRIE TAHA,DEMOCRATIC PARTY,111.000000
2014,19179179014,SECRETARY OF AGRICULTURE,,WRITE IN,,0.000000
2014,19179179014,SECRETARY OF STATE,,BRAD ANDERSON,DEMOCRATIC PARTY,147.000000
2014,19179179014,SECRETARY OF STATE,,JAKE PORTER,LIBERTARIAN PARTY,5.000000
2014,19179179014,SECRETARY OF STATE,,PAUL D PATE,REPUBLICAN PARTY,148.000000
2014,19179179014,SECRETARY OF STATE,,SPENCER HIGHLAND,NEW INDEPENDENT PARTY IOWA,11.000000
2014,19179179014,SECRETARY OF STATE,,WRITE IN,,0.000000
2014,19179179014,TREASURER OF STATE,,KEITH A LAUBE,LIBERTARIAN PARTY,16.000000
2014,19179179014,TREASURER OF STATE,,MICHAEL L FITZGERALD,DEMOCRATIC PARTY,151.000000
2014,19179179014,TREASURER OF STATE,,SAM CLOVIS,REPUBLICAN PARTY,144.000000
2014,19179179014,TREASURER OF STATE,,WRITE IN,,0.000000
2014,19179179014,U S SENATE,,BOB QUAST,BOB QUAST FOR TERM LIMITS,2.000000
2014,19179179014,U S SENATE,,BRUCE BRALEY,DEMOCRATIC PARTY,133.000000
2014,19179179014,U S SENATE,,DOUGLAS BUTZIER,LIBERTARIAN PARTY,1.000000
2014,19179179014,U S SENATE,,JONI ERNST,REPUBLICAN PARTY,169.000000
2014,19179179014,U S SENATE,,RICK STEWART,INDEPENDENT,15.000000
2014,19179179014,U S SENATE,,RUTH SMITH,,0.000000
2014,19179179014,U S SENATE,,WRITE IN,,0.000000
2014,19181181009,ATTORNEY GENERAL,,ADAM GREGG,REPUBLICAN PARTY,115.000000
2014,19181181009,ATTORNEY GENERAL,,TOM MILLER,DEMOCRATIC PARTY,134.000000
2014,19181181009,ATTORNEY GENERAL,,WRITE IN,,0.000000
2014,19181181009,AUDITOR OF STATE,,JONATHAN NEIDERBACH,DEMOCRATIC PARTY,91.000000
2014,19181181009,AUDITOR OF STATE,,MARY MOSIMAN,REPUBLICAN PARTY,143.000000
2014,19181181009,AUDITOR OF STATE,,WRITE IN,,0.000000
2014,19181181009,GOVERNOR,,JACK HATCH MONICA VERNON,DEMOCRATIC PARTY,82.000000
2014,19181181009,GOVERNOR,,JIM HENNAGER MARY MARGARET KRIEG,NEW INDEPENDENT PARTY IOWA,2.000000
2014,19181181009,GOVERNOR,,JONATHAN R NARCISSE MICHAEL L RICHARDS,IOWA PARTY,2.000000
2014,19181181009,GOVERNOR,,LEE DEAKINS HIEB TIM WATSON,LIBERTARIAN PARTY,9.000000
2014,19181181009,GOVERNOR,,TERRY E BRANSTAD KIM REYNOLDS,REPUBLICAN PARTY,159.000000
2014,19181181009,GOVERNOR,,WRITE IN,,0.000000
2014,19181181009,SECRETARY OF AGRICULTURE,,BILL NORTHEY,REPUBLICAN PARTY,168.000000
2014,19181181009,SECRETARY OF AGRICULTURE,,LEVI BENNING,NEW INDEPENDENT PARTY IOWA,5.000000
2014,19181181009,SECRETARY OF AGRICULTURE,,SHERRIE TAHA,DEMOCRATIC PARTY,69.000000
2014,19181181009,SECRETARY OF AGRICULTURE,,WRITE IN,,0.000000
2014,19181181009,SECRETARY OF STATE,,BRAD ANDERSON,DEMOCRATIC PARTY,102.000000
2014,19181181009,SECRETARY OF STATE,,JAKE PORTER,LIBERTARIAN PARTY,9.000000
2014,19181181009,SECRETARY OF STATE,,PAUL D PATE,REPUBLICAN PARTY,129.000000
2014,19181181009,SECRETARY OF STATE,,SPENCER HIGHLAND,NEW INDEPENDENT PARTY IOWA,4.000000
2014,19181181009,SECRETARY OF STATE,,WRITE IN,,0.000000
2014,19181181009,TREASURER OF STATE,,KEITH A LAUBE,LIBERTARIAN PARTY,5.000000
2014,19181181009,TREASURER OF STATE,,MICHAEL L FITZGERALD,DEMOCRATIC PARTY,118.000000
2014,19181181009,TREASURER OF STATE,,SAM CLOVIS,REPUBLICAN PARTY,115.000000
2014,19181181009,TREASURER OF STATE,,WRITE IN,,0.000000
2014,19181181009,U S SENATE,,BOB QUAST,BOB QUAST FOR TERM LIMITS,2.000000
2014,19181181009,U S SENATE,,BRUCE BRALEY,DEMOCRATIC PARTY,86.000000
2014,19181181009,U S SENATE,,DOUGLAS BUTZIER,LIBERTARIAN PARTY,3.000000
2014,19181181009,U S SENATE,,JONI ERNST,REPUBLICAN PARTY,155.000000
2014,19181181009,U S SENATE,,RICK STEWART,INDEPENDENT,6.000000
2014,19181181009,U S SENATE,,RUTH SMITH,,1.000000
2014,19181181009,U S SENATE,,WRITE IN,,0.000000
2014,19181181010,ATTORNEY GENERAL,,ADAM GREGG,REPUBLICAN PARTY,124.000000
2014,19181181010,ATTORNEY GENERAL,,TOM MILLER,DEMOCRATIC PARTY,111.000000
2014,19181181010,ATTORNEY GENERAL,,WRITE IN,,0.000000
2014,19181181010,AUDITOR OF STATE,,JONATHAN NEIDERBACH,DEMOCRATIC PARTY,66.000000
2014,19181181010,AUDITOR OF STATE,,MARY MOSIMAN,REPUBLICAN PARTY,154.000000
2014,19181181010,AUDITOR OF STATE,,WRITE IN,,0.000000
2014,19181181010,GOVERNOR,,JACK HATCH MONICA VERNON,DEMOCRATIC PARTY,60.000000
2014,19181181010,GOVERNOR,,JIM HENNAGER MARY MARGARET KRIEG,NEW INDEPENDENT PARTY IOWA,1.000000
2014,19181181010,GOVERNOR,,JONATHAN R NARCISSE MICHAEL L RICHARDS,IOWA PARTY,4.000000
2014,19181181010,GOVERNOR,,LEE DEAKINS HIEB TIM WATSON,LIBERTARIAN PARTY,13.000000
2014,19181181010,GOVERNOR,,TERRY E BRANSTAD KIM REYNOLDS,REPUBLICAN PARTY,166.000000
2014,19181181010,GOVERNOR,,WRITE IN,,0.000000
2014,19181181010,SECRETARY OF AGRICULTURE,,BILL NORTHEY,REPUBLICAN PARTY,174.000000
2014,19181181010,SECRETARY OF AGRICULTURE,,LEVI BENNING,NEW INDEPENDENT PARTY IOWA,6.000000
2014,19181181010,SECRETARY OF AGRICULTURE,,SHERRIE TAHA,DEMOCRATIC PARTY,50.000000
2014,19181181010,SECRETARY OF AGRICULTURE,,WRITE IN,,0.000000
2014,19181181010,SECRETARY OF STATE,,BRAD ANDERSON,DEMOCRATIC PARTY,83.000000
2014,19181181010,SECRETARY OF STATE,,JAKE PORTER,LIBERTARIAN PARTY,14.000000
2014,19181181010,SECRETARY OF STATE,,PAUL D PATE,REPUBLICAN PARTY,136.000000
2014,19181181010,SECRETARY OF STATE,,SPENCER HIGHLAND,NEW INDEPENDENT PARTY IOWA,2.000000
2014,19181181010,SECRETARY OF STATE,,WRITE IN,,0.000000
2014,19181181010,TREASURER OF STATE,,KEITH A LAUBE,LIBERTARIAN PARTY,16.000000
2014,19181181010,TREASURER OF STATE,,MICHAEL L FITZGERALD,DEMOCRATIC PARTY,94.000000
2014,19181181010,TREASURER OF STATE,,SAM CLOVIS,REPUBLICAN PARTY,129.000000
2014,19181181010,TREASURER OF STATE,,WRITE IN,,0.000000
2014,19181181010,U S SENATE,,BOB QUAST,BOB QUAST FOR TERM LIMITS,1.000000
2014,19181181010,U S SENATE,,BRUCE BRALEY,DEMOCRATIC PARTY,78.000000
2014,19181181010,U S SENATE,,DOUGLAS BUTZIER,LIBERTARIAN PARTY,5.000000
2014,19181181010,U S SENATE,,JONI ERNST,REPUBLICAN PARTY,151.000000
2014,19181181010,U S SENATE,,RICK STEWART,INDEPENDENT,8.000000
2014,19181181010,U S SENATE,,RUTH SMITH,,0.000000
2014,19181181010,U S SENATE,,WRITE IN,,0.000000
2014,19181181011,ATTORNEY GENERAL,,ADAM GREGG,REPUBLICAN PARTY,137.000000
2014,19181181011,ATTORNEY GENERAL,,TOM MILLER,DEMOCRATIC PARTY,179.000000
2014,19181181011,ATTORNEY GENERAL,,WRITE IN,,0.000000
2014,19181181011,AUDITOR OF STATE,,JONATHAN NEIDERBACH,DEMOCRATIC PARTY,112.000000
2014,19181181011,AUDITOR OF STATE,,MARY MOSIMAN,REPUBLICAN PARTY,181.000000
2014,19181181011,AUDITOR OF STATE,,WRITE IN,,1.000000
2014,19181181011,GOVERNOR,,JACK HATCH MONICA VERNON,DEMOCRATIC PARTY,109.000000
2014,19181181011,GOVERNOR,,JIM HENNAGER MARY MARGARET KRIEG,NEW INDEPENDENT PARTY IOWA,1.000000
2014,19181181011,GOVERNOR,,JONATHAN R NARCISSE MICHAEL L RICHARDS,IOWA PARTY,2.000000
2014,19181181011,GOVERNOR,,LEE DEAKINS HIEB TIM WATSON,LIBERTARIAN PARTY,6.000000
2014,19181181011,GOVERNOR,,TERRY E BRANSTAD KIM REYNOLDS,REPUBLICAN PARTY,206.000000
2014,19181181011,GOVERNOR,,WRITE IN,,0.000000
2014,19181181011,SECRETARY OF AGRICULTURE,,BILL NORTHEY,REPUBLICAN PARTY,230.000000
2014,19181181011,SECRETARY OF AGRICULTURE,,LEVI BENNING,NEW INDEPENDENT PARTY IOWA,6.000000
2014,19181181011,SECRETARY OF AGRICULTURE,,SHERRIE TAHA,DEMOCRATIC PARTY,74.000000
2014,19181181011,SECRETARY OF AGRICULTURE,,WRITE IN,,0.000000
2014,19181181011,SECRETARY OF STATE,,BRAD ANDERSON,DEMOCRATIC PARTY,136.000000
2014,19181181011,SECRETARY OF STATE,,JAKE PORTER,LIBERTARIAN PARTY,9.000000
2014,19181181011,SECRETARY OF STATE,,PAUL D PATE,REPUBLICAN PARTY,154.000000
2014,19181181011,SECRETARY OF STATE,,SPENCER HIGHLAND,NEW INDEPENDENT PARTY IOWA,4.000000
2014,19181181011,SECRETARY OF STATE,,WRITE IN,,0.000000
2014,19181181011,TREASURER OF STATE,,KEITH A LAUBE,LIBERTARIAN PARTY,7.000000
2014,19181181011,TREASURER OF STATE,,MICHAEL L FITZGERALD,DEMOCRATIC PARTY,156.000000
2014,19181181011,TREASURER OF STATE,,SAM CLOVIS,REPUBLICAN PARTY,149.000000
2014,19181181011,TREASURER OF STATE,,WRITE IN,,0.000000
2014,19181181011,U S SENATE,,BOB QUAST,BOB QUAST FOR TERM LIMITS,3.000000
2014,19181181011,U S SENATE,,BRUCE BRALEY,DEMOCRATIC PARTY,122.000000
2014,19181181011,U S SENATE,,DOUGLAS BUTZIER,LIBERTARIAN PARTY,3.000000
2014,19181181011,U S SENATE,,JONI ERNST,REPUBLICAN PARTY,185.000000
2014,19181181011,U S SENATE,,RICK STEWART,INDEPENDENT,8.000000
2014,19181181011,U S SENATE,,RUTH SMITH,,1.000000
2014,19181181011,U S SENATE,,WRITE IN,,0.000000
2014,19181181012,ATTORNEY GENERAL,,ADAM GREGG,REPUBLICAN PARTY,2168.000000
2014,19181181012,ATTORNEY GENERAL,,TOM MILLER,DEMOCRATIC PARTY,3427.000000
2014,19181181012,ATTORNEY GENERAL,,WRITE IN,,6.000000
2014,19181181012,AUDITOR OF STATE,,JONATHAN NEIDERBACH,DEMOCRATIC PARTY,2432.000000
2014,19181181012,AUDITOR OF STATE,,MARY MOSIMAN,REPUBLICAN PARTY,2890.000000
2014,19181181012,AUDITOR OF STATE,,WRITE IN,,11.000000
2014,19181181012,GOVERNOR,,JACK HATCH MONICA VERNON,DEMOCRATIC PARTY,2308.000000
2014,19181181012,GOVERNOR,,JIM HENNAGER MARY MARGARET KRIEG,NEW INDEPENDENT PARTY IOWA,53.000000
2014,19181181012,GOVERNOR,,JONATHAN R NARCISSE MICHAEL L RICHARDS,IOWA PARTY,55.000000
2014,19181181012,GOVERNOR,,LEE DEAKINS HIEB TIM WATSON,LIBERTARIAN PARTY,126.000000
2014,19181181012,GOVERNOR,,TERRY E BRANSTAD KIM REYNOLDS,REPUBLICAN PARTY,3178.000000
2014,19181181012,GOVERNOR,,WRITE IN,,8.000000
2014,19181181012,SECRETARY OF AGRICULTURE,,BILL NORTHEY,REPUBLICAN PARTY,3540.000000
2014,19181181012,SECRETARY OF AGRICULTURE,,LEVI BENNING,NEW INDEPENDENT PARTY IOWA,142.000000
2014,19181181012,SECRETARY OF AGRICULTURE,,SHERRIE TAHA,DEMOCRATIC PARTY,1808.000000
2014,19181181012,SECRETARY OF AGRICULTURE,,WRITE IN,,3.000000
2014,19181181012,SECRETARY OF STATE,,BRAD ANDERSON,DEMOCRATIC PARTY,2789.000000
2014,19181181012,SECRETARY OF STATE,,JAKE PORTER,LIBERTARIAN PARTY,167.000000
2014,19181181012,SECRETARY OF STATE,,PAUL D PATE,REPUBLICAN PARTY,2454.000000
2014,19181181012,SECRETARY OF STATE,,SPENCER HIGHLAND,NEW INDEPENDENT PARTY IOWA,94.000000
2014,19181181012,SECRETARY OF STATE,,WRITE IN,,1.000000
2014,19181181012,TREASURER OF STATE,,KEITH A LAUBE,LIBERTARIAN PARTY,156.000000
2014,19181181012,TREASURER OF STATE,,MICHAEL L FITZGERALD,DEMOCRATIC PARTY,3127.000000
2014,19181181012,TREASURER OF STATE,,SAM CLOVIS,REPUBLICAN PARTY,2258.000000
2014,19181181012,TREASURER OF STATE,,WRITE IN,,2.000000
2014,19181181012,U S SENATE,,BOB QUAST,BOB QUAST FOR TERM LIMITS,22.000000
2014,19181181012,U S SENATE,,BRUCE BRALEY,DEMOCRATIC PARTY,2588.000000
2014,19181181012,U S SENATE,,DOUGLAS BUTZIER,LIBERTARIAN PARTY,41.000000
2014,19181181012,U S SENATE,,JONI ERNST,REPUBLICAN PARTY,2860.000000
2014,19181181012,U S SENATE,,RICK STEWART,INDEPENDENT,146.000000
2014,19181181012,U S SENATE,,RUTH SMITH,,32.000000
2014,19181181012,U S SENATE,,WRITE IN,,12.000000
2014,19181181015,ATTORNEY GENERAL,,ADAM GREGG,REPUBLICAN PARTY,176.000000
2014,19181181015,ATTORNEY GENERAL,,TOM MILLER,DEMOCRATIC PARTY,237.000000
2014,19181181015,ATTORNEY GENERAL,,WRITE IN,,0.000000
2014,19181181015,AUDITOR OF STATE,,JONATHAN NEIDERBACH,DEMOCRATIC PARTY,151.000000
2014,19181181015,AUDITOR OF STATE,,MARY MOSIMAN,REPUBLICAN PARTY,242.000000
2014,19181181015,AUDITOR OF STATE,,WRITE IN,,0.000000
2014,19181181015,GOVERNOR,,JACK HATCH MONICA VERNON,DEMOCRATIC PARTY,148.000000
2014,19181181015,GOVERNOR,,JIM HENNAGER MARY MARGARET KRIEG,NEW INDEPENDENT PARTY IOWA,2.000000
2014,19181181015,GOVERNOR,,JONATHAN R NARCISSE MICHAEL L RICHARDS,IOWA PARTY,7.000000
2014,19181181015,GOVERNOR,,LEE DEAKINS HIEB TIM WATSON,LIBERTARIAN PARTY,14.000000
2014,19181181015,GOVERNOR,,TERRY E BRANSTAD KIM REYNOLDS,REPUBLICAN PARTY,248.000000
2014,19181181015,GOVERNOR,,WRITE IN,,1.000000
2014,19181181015,SECRETARY OF AGRICULTURE,,BILL NORTHEY,REPUBLICAN PARTY,291.000000
2014,19181181015,SECRETARY OF AGRICULTURE,,LEVI BENNING,NEW INDEPENDENT PARTY IOWA,9.000000
2014,19181181015,SECRETARY OF AGRICULTURE,,SHERRIE TAHA,DEMOCRATIC PARTY,103.000000
2014,19181181015,SECRETARY OF AGRICULTURE,,WRITE IN,,0.000000
2014,19181181015,SECRETARY OF STATE,,BRAD ANDERSON,DEMOCRATIC PARTY,181.000000
2014,19181181015,SECRETARY OF STATE,,JAKE PORTER,LIBERTARIAN PARTY,21.000000
2014,19181181015,SECRETARY OF STATE,,PAUL D PATE,REPUBLICAN PARTY,203.000000
2014,19181181015,SECRETARY OF STATE,,SPENCER HIGHLAND,NEW INDEPENDENT PARTY IOWA,5.000000
2014,19181181015,SECRETARY OF STATE,,WRITE IN,,0.000000
2014,19181181015,TREASURER OF STATE,,KEITH A LAUBE,LIBERTARIAN PARTY,12.000000
2014,19181181015,TREASURER OF STATE,,MICHAEL L FITZGERALD,DEMOCRATIC PARTY,206.000000
2014,19181181015,TREASURER OF STATE,,SAM CLOVIS,REPUBLICAN PARTY,192.000000
2014,19181181015,TREASURER OF STATE,,WRITE IN,,0.000000
2014,19181181015,U S SENATE,,BOB QUAST,BOB QUAST FOR TERM LIMITS,1.000000
2014,19181181015,U S SENATE,,BRUCE BRALEY,DEMOCRATIC PARTY,147.000000
2014,19181181015,U S SENATE,,DOUGLAS BUTZIER,LIBERTARIAN PARTY,8.000000
2014,19181181015,U S SENATE,,JONI ERNST,REPUBLICAN PARTY,252.000000
2014,19181181015,U S SENATE,,RICK STEWART,INDEPENDENT,8.000000
2014,19181181015,U S SENATE,,RUTH SMITH,,1.000000
2014,19181181015,U S SENATE,,WRITE IN,,0.000000
2014,19181181016,ATTORNEY GENERAL,,ADAM GREGG,REPUBLICAN PARTY,220.000000
2014,19181181016,ATTORNEY GENERAL,,TOM MILLER,DEMOCRATIC PARTY,209.000000
2014,19181181016,ATTORNEY GENERAL,,WRITE IN,,0.000000
2014,19181181016,AUDITOR OF STATE,,JONATHAN NEIDERBACH,DEMOCRATIC PARTY,138.000000
2014,19181181016,AUDITOR OF STATE,,MARY MOSIMAN,REPUBLICAN PARTY,274.000000
2014,19181181016,AUDITOR OF STATE,,WRITE IN,,0.000000
2014,19181181016,GOVERNOR,,JACK HATCH MONICA VERNON,DEMOCRATIC PARTY,128.000000
2014,19181181016,GOVERNOR,,JIM HENNAGER MARY MARGARET KRIEG,NEW INDEPENDENT PARTY IOWA,2.000000
2014,19181181016,GOVERNOR,,JONATHAN R NARCISSE MICHAEL L RICHARDS,IOWA PARTY,7.000000
2014,19181181016,GOVERNOR,,LEE DEAKINS HIEB TIM WATSON,LIBERTARIAN PARTY,12.000000
2014,19181181016,GOVERNOR,,TERRY E BRANSTAD KIM REYNOLDS,REPUBLICAN PARTY,292.000000
2014,19181181016,GOVERNOR,,WRITE IN,,0.000000
2014,19181181016,SECRETARY OF AGRICULTURE,,BILL NORTHEY,REPUBLICAN PARTY,312.000000
2014,19181181016,SECRETARY OF AGRICULTURE,,LEVI BENNING,NEW INDEPENDENT PARTY IOWA,7.000000
2014,19181181016,SECRETARY OF AGRICULTURE,,SHERRIE TAHA,DEMOCRATIC PARTY,108.000000
2014,19181181016,SECRETARY OF AGRICULTURE,,WRITE IN,,0.000000
2014,19181181016,SECRETARY OF STATE,,BRAD ANDERSON,DEMOCRATIC PARTY,154.000000
2014,19181181016,SECRETARY OF STATE,,JAKE PORTER,LIBERTARIAN PARTY,8.000000
2014,19181181016,SECRETARY OF STATE,,PAUL D PATE,REPUBLICAN PARTY,255.000000
2014,19181181016,SECRETARY OF STATE,,SPENCER HIGHLAND,NEW INDEPENDENT PARTY IOWA,6.000000
2014,19181181016,SECRETARY OF STATE,,WRITE IN,,1.000000
2014,19181181016,TREASURER OF STATE,,KEITH A LAUBE,LIBERTARIAN PARTY,12.000000
2014,19181181016,TREASURER OF STATE,,MICHAEL L FITZGERALD,DEMOCRATIC PARTY,174.000000
2014,19181181016,TREASURER OF STATE,,SAM CLOVIS,REPUBLICAN PARTY,242.000000
2014,19181181016,TREASURER OF STATE,,WRITE IN,,0.000000
2014,19181181016,U S SENATE,,BOB QUAST,BOB QUAST FOR TERM LIMITS,2.000000
2014,19181181016,U S SENATE,,BRUCE BRALEY,DEMOCRATIC PARTY,136.000000
2014,19181181016,U S SENATE,,DOUGLAS BUTZIER,LIBERTARIAN PARTY,4.000000
2014,19181181016,U S SENATE,,JONI ERNST,REPUBLICAN PARTY,289.000000
2014,19181181016,U S SENATE,,RICK STEWART,INDEPENDENT,7.000000
2014,19181181016,U S SENATE,,RUTH SMITH,,3.000000
2014,19181181016,U S SENATE,,WRITE IN,,0.000000
2014,19181181020,ATTORNEY GENERAL,,ADAM GREGG,REPUBLICAN PARTY,116.000000
2014,19181181020,ATTORNEY GENERAL,,TOM MILLER,DEMOCRATIC PARTY,188.000000
2014,19181181020,ATTORNEY GENERAL,,WRITE IN,,0.000000
2014,19181181020,AUDITOR OF STATE,,JONATHAN NEIDERBACH,DEMOCRATIC PARTY,124.000000
2014,19181181020,AUDITOR OF STATE,,MARY MOSIMAN,REPUBLICAN PARTY,165.000000
2014,19181181020,AUDITOR OF STATE,,WRITE IN,,0.000000
2014,19181181020,GOVERNOR,,JACK HATCH MONICA VERNON,DEMOCRATIC PARTY,112.000000
2014,19181181020,GOVERNOR,,JIM HENNAGER MARY MARGARET KRIEG,NEW INDEPENDENT PARTY IOWA,4.000000
2014,19181181020,GOVERNOR,,JONATHAN R NARCISSE MICHAEL L RICHARDS,IOWA PARTY,4.000000
2014,19181181020,GOVERNOR,,LEE DEAKINS HIEB TIM WATSON,LIBERTARIAN PARTY,12.000000
2014,19181181020,GOVERNOR,,TERRY E BRANSTAD KIM REYNOLDS,REPUBLICAN PARTY,177.000000
2014,19181181020,GOVERNOR,,WRITE IN,,0.000000
2014,19181181020,SECRETARY OF AGRICULTURE,,BILL NORTHEY,REPUBLICAN PARTY,218.000000
2014,19181181020,SECRETARY OF AGRICULTURE,,LEVI BENNING,NEW INDEPENDENT PARTY IOWA,9.000000
2014,19181181020,SECRETARY OF AGRICULTURE,,SHERRIE TAHA,DEMOCRATIC PARTY,76.000000
2014,19181181020,SECRETARY OF AGRICULTURE,,WRITE IN,,0.000000
2014,19181181020,SECRETARY OF STATE,,BRAD ANDERSON,DEMOCRATIC PARTY,150.000000
2014,19181181020,SECRETARY OF STATE,,JAKE PORTER,LIBERTARIAN PARTY,14.000000
2014,19181181020,SECRETARY OF STATE,,PAUL D PATE,REPUBLICAN PARTY,125.000000
2014,19181181020,SECRETARY OF STATE,,SPENCER HIGHLAND,NEW INDEPENDENT PARTY IOWA,10.000000
2014,19181181020,SECRETARY OF STATE,,WRITE IN,,0.000000
2014,19181181020,TREASURER OF STATE,,KEITH A LAUBE,LIBERTARIAN PARTY,11.000000
2014,19181181020,TREASURER OF STATE,,MICHAEL L FITZGERALD,DEMOCRATIC PARTY,156.000000
2014,19181181020,TREASURER OF STATE,,SAM CLOVIS,REPUBLICAN PARTY,130.000000
2014,19181181020,TREASURER OF STATE,,WRITE IN,,0.000000
2014,19181181020,U S SENATE,,BOB QUAST,BOB QUAST FOR TERM LIMITS,1.000000
2014,19181181020,U S SENATE,,BRUCE BRALEY,DEMOCRATIC PARTY,112.000000
2014,19181181020,U S SENATE,,DOUGLAS BUTZIER,LIBERTARIAN PARTY,4.000000
2014,19181181020,U S SENATE,,JONI ERNST,REPUBLICAN PARTY,175.000000
2014,19181181020,U S SENATE,,RICK STEWART,INDEPENDENT,11.000000
2014,19181181020,U S SENATE,,RUTH SMITH,,4.000000
2014,19181181020,U S SENATE,,WRITE IN,,0.000000
2014,19181181021,ATTORNEY GENERAL,,ADAM GREGG,REPUBLICAN PARTY,102.000000
2014,19181181021,ATTORNEY GENERAL,,TOM MILLER,DEMOCRATIC PARTY,120.000000
2014,19181181021,ATTORNEY GENERAL,,WRITE IN,,1.000000
2014,19181181021,AUDITOR OF STATE,,JONATHAN NEIDERBACH,DEMOCRATIC PARTY,78.000000
2014,19181181021,AUDITOR OF STATE,,MARY MOSIMAN,REPUBLICAN PARTY,130.000000
2014,19181181021,AUDITOR OF STATE,,WRITE IN,,1.000000
2014,19181181021,GOVERNOR,,JACK HATCH MONICA VERNON,DEMOCRATIC PARTY,74.000000
2014,19181181021,GOVERNOR,,JIM HENNAGER MARY MARGARET KRIEG,NEW INDEPENDENT PARTY IOWA,5.000000
2014,19181181021,GOVERNOR,,JONATHAN R NARCISSE MICHAEL L RICHARDS,IOWA PARTY,1.000000
2014,19181181021,GOVERNOR,,LEE DEAKINS HIEB TIM WATSON,LIBERTARIAN PARTY,10.000000
2014,19181181021,GOVERNOR,,TERRY E BRANSTAD KIM REYNOLDS,REPUBLICAN PARTY,133.000000
2014,19181181021,GOVERNOR,,WRITE IN,,0.000000
2014,19181181021,SECRETARY OF AGRICULTURE,,BILL NORTHEY,REPUBLICAN PARTY,157.000000
2014,19181181021,SECRETARY OF AGRICULTURE,,LEVI BENNING,NEW INDEPENDENT PARTY IOWA,4.000000
2014,19181181021,SECRETARY OF AGRICULTURE,,SHERRIE TAHA,DEMOCRATIC PARTY,57.000000
2014,19181181021,SECRETARY OF AGRICULTURE,,WRITE IN,,1.000000
2014,19181181021,SECRETARY OF STATE,,BRAD ANDERSON,DEMOCRATIC PARTY,96.000000
2014,19181181021,SECRETARY OF STATE,,JAKE PORTER,LIBERTARIAN PARTY,13.000000
2014,19181181021,SECRETARY OF STATE,,PAUL D PATE,REPUBLICAN PARTY,105.000000
2014,19181181021,SECRETARY OF STATE,,SPENCER HIGHLAND,NEW INDEPENDENT PARTY IOWA,2.000000
2014,19181181021,SECRETARY OF STATE,,WRITE IN,,1.000000
2014,19181181021,TREASURER OF STATE,,KEITH A LAUBE,LIBERTARIAN PARTY,9.000000
2014,19181181021,TREASURER OF STATE,,MICHAEL L FITZGERALD,DEMOCRATIC PARTY,104.000000
2014,19181181021,TREASURER OF STATE,,SAM CLOVIS,REPUBLICAN PARTY,105.000000
2014,19181181021,TREASURER OF STATE,,WRITE IN,,0.000000
2014,19181181021,U S SENATE,,BOB QUAST,BOB QUAST FOR TERM LIMITS,2.000000
2014,19181181021,U S SENATE,,BRUCE BRALEY,DEMOCRATIC PARTY,78.000000
2014,19181181021,U S SENATE,,DOUGLAS BUTZIER,LIBERTARIAN PARTY,5.000000
2014,19181181021,U S SENATE,,JONI ERNST,REPUBLICAN PARTY,136.000000
2014,19181181021,U S SENATE,,RICK STEWART,INDEPENDENT,4.000000
2014,19181181021,U S SENATE,,RUTH SMITH,,0.000000
2014,19181181021,U S SENATE,,WRITE IN,,0.000000
2014,19181181023,ATTORNEY GENERAL,,ADAM GREGG,REPUBLICAN PARTY,207.000000
2014,19181181023,ATTORNEY GENERAL,,TOM MILLER,DEMOCRATIC PARTY,244.000000
2014,19181181023,ATTORNEY GENERAL,,WRITE IN,,0.000000
2014,19181181023,AUDITOR OF STATE,,JONATHAN NEIDERBACH,DEMOCRATIC PARTY,162.000000
2014,19181181023,AUDITOR OF STATE,,MARY MOSIMAN,REPUBLICAN PARTY,273.000000
2014,19181181023,AUDITOR OF STATE,,WRITE IN,,0.000000
2014,19181181023,GOVERNOR,,JACK HATCH MONICA VERNON,DEMOCRATIC PARTY,149.000000
2014,19181181023,GOVERNOR,,JIM HENNAGER MARY MARGARET KRIEG,NEW INDEPENDENT PARTY IOWA,3.000000
2014,19181181023,GOVERNOR,,JONATHAN R NARCISSE MICHAEL L RICHARDS,IOWA PARTY,11.000000
2014,19181181023,GOVERNOR,,LEE DEAKINS HIEB TIM WATSON,LIBERTARIAN PARTY,19.000000
2014,19181181023,GOVERNOR,,TERRY E BRANSTAD KIM REYNOLDS,REPUBLICAN PARTY,278.000000
2014,19181181023,GOVERNOR,,WRITE IN,,2.000000
2014,19181181023,SECRETARY OF AGRICULTURE,,BILL NORTHEY,REPUBLICAN PARTY,307.000000
2014,19181181023,SECRETARY OF AGRICULTURE,,LEVI BENNING,NEW INDEPENDENT PARTY IOWA,24.000000
2014,19181181023,SECRETARY OF AGRICULTURE,,SHERRIE TAHA,DEMOCRATIC PARTY,121.000000
2014,19181181023,SECRETARY OF AGRICULTURE,,WRITE IN,,1.000000
2014,19181181023,SECRETARY OF STATE,,BRAD ANDERSON,DEMOCRATIC PARTY,187.000000
2014,19181181023,SECRETARY OF STATE,,JAKE PORTER,LIBERTARIAN PARTY,23.000000
2014,19181181023,SECRETARY OF STATE,,PAUL D PATE,REPUBLICAN PARTY,228.000000
2014,19181181023,SECRETARY OF STATE,,SPENCER HIGHLAND,NEW INDEPENDENT PARTY IOWA,7.000000
2014,19181181023,SECRETARY OF STATE,,WRITE IN,,0.000000
2014,19181181023,TREASURER OF STATE,,KEITH A LAUBE,LIBERTARIAN PARTY,17.000000
2014,19181181023,TREASURER OF STATE,,MICHAEL L FITZGERALD,DEMOCRATIC PARTY,214.000000
2014,19181181023,TREASURER OF STATE,,SAM CLOVIS,REPUBLICAN PARTY,219.000000
2014,19181181023,TREASURER OF STATE,,WRITE IN,,0.000000
2014,19181181023,U S SENATE,,BOB QUAST,BOB QUAST FOR TERM LIMITS,3.000000
2014,19181181023,U S SENATE,,BRUCE BRALEY,DEMOCRATIC PARTY,142.000000
2014,19181181023,U S SENATE,,DOUGLAS BUTZIER,LIBERTARIAN PARTY,5.000000
2014,19181181023,U S SENATE,,JONI ERNST,REPUBLICAN PARTY,288.000000
2014,19181181023,U S SENATE,,RICK STEWART,INDEPENDENT,19.000000
2014,19181181023,U S SENATE,,RUTH SMITH,,2.000000
2014,19181181023,U S SENATE,,WRITE IN,,3.000000
2014,19187187004,ATTORNEY GENERAL,,ADAM GREGG,REPUBLICAN PARTY,57.000000
2014,19187187004,ATTORNEY GENERAL,,TOM MILLER,DEMOCRATIC PARTY,78.000000
2014,19187187004,ATTORNEY GENERAL,,WRITE IN,,0.000000
2014,19187187004,AUDITOR OF STATE,,JONATHAN NEIDERBACH,DEMOCRATIC PARTY,53.000000
2014,19187187004,AUDITOR OF STATE,,MARY MOSIMAN,REPUBLICAN PARTY,74.000000
2014,19187187004,AUDITOR OF STATE,,WRITE IN,,0.000000
2014,19187187004,GOVERNOR,,JACK HATCH MONICA VERNON,DEMOCRATIC PARTY,44.000000
2014,19187187004,GOVERNOR,,JIM HENNAGER MARY MARGARET KRIEG,NEW INDEPENDENT PARTY IOWA,3.000000
2014,19187187004,GOVERNOR,,JONATHAN R NARCISSE MICHAEL L RICHARDS,IOWA PARTY,1.000000
2014,19187187004,GOVERNOR,,LEE DEAKINS HIEB TIM WATSON,LIBERTARIAN PARTY,3.000000
2014,19187187004,GOVERNOR,,TERRY E BRANSTAD KIM REYNOLDS,REPUBLICAN PARTY,85.000000
2014,19187187004,GOVERNOR,,WRITE IN,,0.000000
2014,19187187004,SECRETARY OF AGRICULTURE,,BILL NORTHEY,REPUBLICAN PARTY,97.000000
2014,19187187004,SECRETARY OF AGRICULTURE,,LEVI BENNING,NEW INDEPENDENT PARTY IOWA,3.000000
2014,19187187004,SECRETARY OF AGRICULTURE,,SHERRIE TAHA,DEMOCRATIC PARTY,33.000000
2014,19187187004,SECRETARY OF AGRICULTURE,,WRITE IN,,0.000000
2014,19187187004,SECRETARY OF STATE,,BRAD ANDERSON,DEMOCRATIC PARTY,56.000000
2014,19187187004,SECRETARY OF STATE,,JAKE PORTER,LIBERTARIAN PARTY,6.000000
2014,19187187004,SECRETARY OF STATE,,PAUL D PATE,REPUBLICAN PARTY,67.000000
2014,19187187004,SECRETARY OF STATE,,SPENCER HIGHLAND,NEW INDEPENDENT PARTY IOWA,3.000000
2014,19187187004,SECRETARY OF STATE,,WRITE IN,,0.000000
2014,19187187004,TREASURER OF STATE,,KEITH A LAUBE,LIBERTARIAN PARTY,4.000000
2014,19187187004,TREASURER OF STATE,,MICHAEL L FITZGERALD,DEMOCRATIC PARTY,73.000000
2014,19187187004,TREASURER OF STATE,,SAM CLOVIS,REPUBLICAN PARTY,55.000000
2014,19187187004,TREASURER OF STATE,,WRITE IN,,0.000000
2014,19187187004,U S SENATE,,BOB QUAST,BOB QUAST FOR TERM LIMITS,3.000000
2014,19187187004,U S SENATE,,BRUCE BRALEY,DEMOCRATIC PARTY,47.000000
2014,19187187004,U S SENATE,,DOUGLAS BUTZIER,LIBERTARIAN PARTY,1.000000
2014,19187187004,U S SENATE,,JONI ERNST,REPUBLICAN PARTY,80.000000
2014,19187187004,U S SENATE,,RICK STEWART,INDEPENDENT,6.000000
2014,19187187004,U S SENATE,,RUTH SMITH,,0.000000
2014,19187187004,U S SENATE,,WRITE IN,,0.000000
2014,19187187007,ATTORNEY GENERAL,,ADAM GREGG,REPUBLICAN PARTY,233.000000
2014,19187187007,ATTORNEY GENERAL,,TOM MILLER,DEMOCRATIC PARTY,266.000000
2014,19187187007,ATTORNEY GENERAL,,WRITE IN,,0.000000
2014,19187187007,AUDITOR OF STATE,,JONATHAN NEIDERBACH,DEMOCRATIC PARTY,175.000000
2014,19187187007,AUDITOR OF STATE,,MARY MOSIMAN,REPUBLICAN PARTY,302.000000
2014,19187187007,AUDITOR OF STATE,,WRITE IN,,0.000000
2014,19187187007,GOVERNOR,,JACK HATCH MONICA VERNON,DEMOCRATIC PARTY,155.000000
2014,19187187007,GOVERNOR,,JIM HENNAGER MARY MARGARET KRIEG,NEW INDEPENDENT PARTY IOWA,5.000000
2014,19187187007,GOVERNOR,,JONATHAN R NARCISSE MICHAEL L RICHARDS,IOWA PARTY,5.000000
2014,19187187007,GOVERNOR,,LEE DEAKINS HIEB TIM WATSON,LIBERTARIAN PARTY,4.000000
2014,19187187007,GOVERNOR,,TERRY E BRANSTAD KIM REYNOLDS,REPUBLICAN PARTY,341.000000
2014,19187187007,GOVERNOR,,WRITE IN,,0.000000
2014,19187187007,SECRETARY OF AGRICULTURE,,BILL NORTHEY,REPUBLICAN PARTY,359.000000
2014,19187187007,SECRETARY OF AGRICULTURE,,LEVI BENNING,NEW INDEPENDENT PARTY IOWA,15.000000
2014,19187187007,SECRETARY OF AGRICULTURE,,SHERRIE TAHA,DEMOCRATIC PARTY,119.000000
2014,19187187007,SECRETARY OF AGRICULTURE,,WRITE IN,,0.000000
2014,19187187007,SECRETARY OF STATE,,BRAD ANDERSON,DEMOCRATIC PARTY,184.000000
2014,19187187007,SECRETARY OF STATE,,JAKE PORTER,LIBERTARIAN PARTY,14.000000
2014,19187187007,SECRETARY OF STATE,,PAUL D PATE,REPUBLICAN PARTY,281.000000
2014,19187187007,SECRETARY OF STATE,,SPENCER HIGHLAND,NEW INDEPENDENT PARTY IOWA,8.000000
2014,19187187007,SECRETARY OF STATE,,WRITE IN,,0.000000
2014,19187187007,TREASURER OF STATE,,KEITH A LAUBE,LIBERTARIAN PARTY,9.000000
2014,19187187007,TREASURER OF STATE,,MICHAEL L FITZGERALD,DEMOCRATIC PARTY,250.000000
2014,19187187007,TREASURER OF STATE,,SAM CLOVIS,REPUBLICAN PARTY,237.000000
2014,19187187007,TREASURER OF STATE,,WRITE IN,,0.000000
2014,19187187007,U S SENATE,,BOB QUAST,BOB QUAST FOR TERM LIMITS,0.000000
2014,19187187007,U S SENATE,,BRUCE BRALEY,DEMOCRATIC PARTY,167.000000
2014,19187187007,U S SENATE,,DOUGLAS BUTZIER,LIBERTARIAN PARTY,2.000000
2014,19187187007,U S SENATE,,JONI ERNST,REPUBLICAN PARTY,325.000000
2014,19187187007,U S SENATE,,RICK STEWART,INDEPENDENT,13.000000
2014,19187187007,U S SENATE,,RUTH SMITH,,1.000000
2014,19187187007,U S SENATE,,WRITE IN,,0.000000
2014,19187187008,ATTORNEY GENERAL,,ADAM GREGG,REPUBLICAN PARTY,67.000000
2014,19187187008,ATTORNEY GENERAL,,TOM MILLER,DEMOCRATIC PARTY,118.000000
2014,19187187008,ATTORNEY GENERAL,,WRITE IN,,0.000000
2014,19187187008,AUDITOR OF STATE,,JONATHAN NEIDERBACH,DEMOCRATIC PARTY,85.000000
2014,19187187008,AUDITOR OF STATE,,MARY MOSIMAN,REPUBLICAN PARTY,95.000000
2014,19187187008,AUDITOR OF STATE,,WRITE IN,,0.000000
2014,19187187008,GOVERNOR,,JACK HATCH MONICA VERNON,DEMOCRATIC PARTY,71.000000
2014,19187187008,GOVERNOR,,JIM HENNAGER MARY MARGARET KRIEG,NEW INDEPENDENT PARTY IOWA,4.000000
2014,19187187008,GOVERNOR,,JONATHAN R NARCISSE MICHAEL L RICHARDS,IOWA PARTY,1.000000
2014,19187187008,GOVERNOR,,LEE DEAKINS HIEB TIM WATSON,LIBERTARIAN PARTY,3.000000
2014,19187187008,GOVERNOR,,TERRY E BRANSTAD KIM REYNOLDS,REPUBLICAN PARTY,110.000000
2014,19187187008,GOVERNOR,,WRITE IN,,0.000000
2014,19187187008,SECRETARY OF AGRICULTURE,,BILL NORTHEY,REPUBLICAN PARTY,116.000000
2014,19187187008,SECRETARY OF AGRICULTURE,,LEVI BENNING,NEW INDEPENDENT PARTY IOWA,7.000000
2014,19187187008,SECRETARY OF AGRICULTURE,,SHERRIE TAHA,DEMOCRATIC PARTY,62.000000
2014,19187187008,SECRETARY OF AGRICULTURE,,WRITE IN,,0.000000
2014,19187187008,SECRETARY OF STATE,,BRAD ANDERSON,DEMOCRATIC PARTY,94.000000
2014,19187187008,SECRETARY OF STATE,,JAKE PORTER,LIBERTARIAN PARTY,4.000000
2014,19187187008,SECRETARY OF STATE,,PAUL D PATE,REPUBLICAN PARTY,84.000000
2014,19187187008,SECRETARY OF STATE,,SPENCER HIGHLAND,NEW INDEPENDENT PARTY IOWA,3.000000
2014,19187187008,SECRETARY OF STATE,,WRITE IN,,0.000000
2014,19187187008,TREASURER OF STATE,,KEITH A LAUBE,LIBERTARIAN PARTY,5.000000
2014,19187187008,TREASURER OF STATE,,MICHAEL L FITZGERALD,DEMOCRATIC PARTY,116.000000
2014,19187187008,TREASURER OF STATE,,SAM CLOVIS,REPUBLICAN PARTY,65.000000
2014,19187187008,TREASURER OF STATE,,WRITE IN,,0.000000
2014,19187187008,U S SENATE,,BOB QUAST,BOB QUAST FOR TERM LIMITS,1.000000
2014,19187187008,U S SENATE,,BRUCE BRALEY,DEMOCRATIC PARTY,71.000000
2014,19187187008,U S SENATE,,DOUGLAS BUTZIER,LIBERTARIAN PARTY,0.000000
2014,19187187008,U S SENATE,,JONI ERNST,REPUBLICAN PARTY,109.000000
2014,19187187008,U S SENATE,,RICK STEWART,INDEPENDENT,3.000000
2014,19187187008,U S SENATE,,RUTH SMITH,,2.000000
2014,19187187008,U S SENATE,,WRITE IN,,1.000000
2014,19187187009,ATTORNEY GENERAL,,ADAM GREGG,REPUBLICAN PARTY,75.000000
2014,19187187009,ATTORNEY GENERAL,,TOM MILLER,DEMOCRATIC PARTY,84.000000
2014,19187187009,ATTORNEY GENERAL,,WRITE IN,,2.000000
2014,19187187009,AUDITOR OF STATE,,JONATHAN NEIDERBACH,DEMOCRATIC PARTY,44.000000
2014,19187187009,AUDITOR OF STATE,,MARY MOSIMAN,REPUBLICAN PARTY,108.000000
2014,19187187009,AUDITOR OF STATE,,WRITE IN,,0.000000
2014,19187187009,GOVERNOR,,JACK HATCH MONICA VERNON,DEMOCRATIC PARTY,36.000000
2014,19187187009,GOVERNOR,,JIM HENNAGER MARY MARGARET KRIEG,NEW INDEPENDENT PARTY IOWA,2.000000
2014,19187187009,GOVERNOR,,JONATHAN R NARCISSE MICHAEL L RICHARDS,IOWA PARTY,0.000000
2014,19187187009,GOVERNOR,,LEE DEAKINS HIEB TIM WATSON,LIBERTARIAN PARTY,6.000000
2014,19187187009,GOVERNOR,,TERRY E BRANSTAD KIM REYNOLDS,REPUBLICAN PARTY,117.000000
2014,19187187009,GOVERNOR,,WRITE IN,,0.000000
2014,19187187009,SECRETARY OF AGRICULTURE,,BILL NORTHEY,REPUBLICAN PARTY,125.000000
2014,19187187009,SECRETARY OF AGRICULTURE,,LEVI BENNING,NEW INDEPENDENT PARTY IOWA,3.000000
2014,19187187009,SECRETARY OF AGRICULTURE,,SHERRIE TAHA,DEMOCRATIC PARTY,32.000000
2014,19187187009,SECRETARY OF AGRICULTURE,,WRITE IN,,0.000000
2014,19187187009,SECRETARY OF STATE,,BRAD ANDERSON,DEMOCRATIC PARTY,59.000000
2014,19187187009,SECRETARY OF STATE,,JAKE PORTER,LIBERTARIAN PARTY,4.000000
2014,19187187009,SECRETARY OF STATE,,PAUL D PATE,REPUBLICAN PARTY,90.000000
2014,19187187009,SECRETARY OF STATE,,SPENCER HIGHLAND,NEW INDEPENDENT PARTY IOWA,5.000000
2014,19187187009,SECRETARY OF STATE,,WRITE IN,,0.000000
2014,19187187009,TREASURER OF STATE,,KEITH A LAUBE,LIBERTARIAN PARTY,2.000000
2014,19187187009,TREASURER OF STATE,,MICHAEL L FITZGERALD,DEMOCRATIC PARTY,72.000000
2014,19187187009,TREASURER OF STATE,,SAM CLOVIS,REPUBLICAN PARTY,81.000000
2014,19187187009,TREASURER OF STATE,,WRITE IN,,0.000000
2014,19187187009,U S SENATE,,BOB QUAST,BOB QUAST FOR TERM LIMITS,4.000000
2014,19187187009,U S SENATE,,BRUCE BRALEY,DEMOCRATIC PARTY,46.000000
2014,19187187009,U S SENATE,,DOUGLAS BUTZIER,LIBERTARIAN PARTY,1.000000
2014,19187187009,U S SENATE,,JONI ERNST,REPUBLICAN PARTY,110.000000
2014,19187187009,U S SENATE,,RICK STEWART,INDEPENDENT,2.000000
2014,19187187009,U S SENATE,,RUTH SMITH,,0.000000
2014,19187187009,U S SENATE,,WRITE IN,,0.000000
2014,19187187010,ATTORNEY GENERAL,,ADAM GREGG,REPUBLICAN PARTY,124.000000
2014,19187187010,ATTORNEY GENERAL,,TOM MILLER,DEMOCRATIC PARTY,174.000000
2014,19187187010,ATTORNEY GENERAL,,WRITE IN,,0.000000
2014,19187187010,AUDITOR OF STATE,,JONATHAN NEIDERBACH,DEMOCRATIC PARTY,112.000000
2014,19187187010,AUDITOR OF STATE,,MARY MOSIMAN,REPUBLICAN PARTY,172.000000
2014,19187187010,AUDITOR OF STATE,,WRITE IN,,0.000000
2014,19187187010,GOVERNOR,,JACK HATCH MONICA VERNON,DEMOCRATIC PARTY,109.000000
2014,19187187010,GOVERNOR,,JIM HENNAGER MARY MARGARET KRIEG,NEW INDEPENDENT PARTY IOWA,6.000000
2014,19187187010,GOVERNOR,,JONATHAN R NARCISSE MICHAEL L RICHARDS,IOWA PARTY,4.000000
2014,19187187010,GOVERNOR,,LEE DEAKINS HIEB TIM WATSON,LIBERTARIAN PARTY,4.000000
2014,19187187010,GOVERNOR,,TERRY E BRANSTAD KIM REYNOLDS,REPUBLICAN PARTY,188.000000
2014,19187187010,GOVERNOR,,WRITE IN,,0.000000
2014,19187187010,SECRETARY OF AGRICULTURE,,BILL NORTHEY,REPUBLICAN PARTY,214.000000
2014,19187187010,SECRETARY OF AGRICULTURE,,LEVI BENNING,NEW INDEPENDENT PARTY IOWA,14.000000
2014,19187187010,SECRETARY OF AGRICULTURE,,SHERRIE TAHA,DEMOCRATIC PARTY,70.000000
2014,19187187010,SECRETARY OF AGRICULTURE,,WRITE IN,,0.000000
2014,19187187010,SECRETARY OF STATE,,BRAD ANDERSON,DEMOCRATIC PARTY,130.000000
2014,19187187010,SECRETARY OF STATE,,JAKE PORTER,LIBERTARIAN PARTY,7.000000
2014,19187187010,SECRETARY OF STATE,,PAUL D PATE,REPUBLICAN PARTY,142.000000
2014,19187187010,SECRETARY OF STATE,,SPENCER HIGHLAND,NEW INDEPENDENT PARTY IOWA,13.000000
2014,19187187010,SECRETARY OF STATE,,WRITE IN,,1.000000
2014,19187187010,TREASURER OF STATE,,KEITH A LAUBE,LIBERTARIAN PARTY,7.000000
2014,19187187010,TREASURER OF STATE,,MICHAEL L FITZGERALD,DEMOCRATIC PARTY,161.000000
2014,19187187010,TREASURER OF STATE,,SAM CLOVIS,REPUBLICAN PARTY,130.000000
2014,19187187010,TREASURER OF STATE,,WRITE IN,,0.000000
2014,19187187010,U S SENATE,,BOB QUAST,BOB QUAST FOR TERM LIMITS,3.000000
2014,19187187010,U S SENATE,,BRUCE BRALEY,DEMOCRATIC PARTY,112.000000
2014,19187187010,U S SENATE,,DOUGLAS BUTZIER,LIBERTARIAN PARTY,0.000000
2014,19187187010,U S SENATE,,JONI ERNST,REPUBLICAN PARTY,178.000000
2014,19187187010,U S SENATE,,RICK STEWART,INDEPENDENT,15.000000
2014,19187187010,U S SENATE,,RUTH SMITH,,0.000000
2014,19187187010,U S SENATE,,WRITE IN,,0.000000
2014,19187187024,ATTORNEY GENERAL,,ADAM GREGG,REPUBLICAN PARTY,217.000000
2014,19187187024,ATTORNEY GENERAL,,TOM MILLER,DEMOCRATIC PARTY,256.000000
2014,19187187024,ATTORNEY GENERAL,,WRITE IN,,1.000000
2014,19187187024,AUDITOR OF STATE,,JONATHAN NEIDERBACH,DEMOCRATIC PARTY,147.000000
2014,19187187024,AUDITOR OF STATE,,MARY MOSIMAN,REPUBLICAN PARTY,305.000000
2014,19187187024,AUDITOR OF STATE,,WRITE IN,,0.000000
2014,19187187024,GOVERNOR,,JACK HATCH MONICA VERNON,DEMOCRATIC PARTY,117.000000
2014,19187187024,GOVERNOR,,JIM HENNAGER MARY MARGARET KRIEG,NEW INDEPENDENT PARTY IOWA,9.000000
2014,19187187024,GOVERNOR,,JONATHAN R NARCISSE MICHAEL L RICHARDS,IOWA PARTY,4.000000
2014,19187187024,GOVERNOR,,LEE DEAKINS HIEB TIM WATSON,LIBERTARIAN PARTY,24.000000
2014,19187187024,GOVERNOR,,TERRY E BRANSTAD KIM REYNOLDS,REPUBLICAN PARTY,325.000000
2014,19187187024,GOVERNOR,,WRITE IN,,0.000000
2014,19187187024,SECRETARY OF AGRICULTURE,,BILL NORTHEY,REPUBLICAN PARTY,353.000000
2014,19187187024,SECRETARY OF AGRICULTURE,,LEVI BENNING,NEW INDEPENDENT PARTY IOWA,28.000000
2014,19187187024,SECRETARY OF AGRICULTURE,,SHERRIE TAHA,DEMOCRATIC PARTY,84.000000
2014,19187187024,SECRETARY OF AGRICULTURE,,WRITE IN,,0.000000
2014,19187187024,SECRETARY OF STATE,,BRAD ANDERSON,DEMOCRATIC PARTY,164.000000
2014,19187187024,SECRETARY OF STATE,,JAKE PORTER,LIBERTARIAN PARTY,16.000000
2014,19187187024,SECRETARY OF STATE,,PAUL D PATE,REPUBLICAN PARTY,272.000000
2014,19187187024,SECRETARY OF STATE,,SPENCER HIGHLAND,NEW INDEPENDENT PARTY IOWA,16.000000
2014,19187187024,SECRETARY OF STATE,,WRITE IN,,0.000000
2014,19187187024,TREASURER OF STATE,,KEITH A LAUBE,LIBERTARIAN PARTY,22.000000
2014,19187187024,TREASURER OF STATE,,MICHAEL L FITZGERALD,DEMOCRATIC PARTY,215.000000
2014,19187187024,TREASURER OF STATE,,SAM CLOVIS,REPUBLICAN PARTY,234.000000
2014,19187187024,TREASURER OF STATE,,WRITE IN,,0.000000
2014,19187187024,U S SENATE,,BOB QUAST,BOB QUAST FOR TERM LIMITS,7.000000
2014,19187187024,U S SENATE,,BRUCE BRALEY,DEMOCRATIC PARTY,141.000000
2014,19187187024,U S SENATE,,DOUGLAS BUTZIER,LIBERTARIAN PARTY,4.000000
2014,19187187024,U S SENATE,,JONI ERNST,REPUBLICAN PARTY,308.000000
2014,19187187024,U S SENATE,,RICK STEWART,INDEPENDENT,18.000000
2014,19187187024,U S SENATE,,RUTH SMITH,,2.000000
2014,19187187024,U S SENATE,,WRITE IN,,0.000000
2014,19187187029,ATTORNEY GENERAL,,ADAM GREGG,REPUBLICAN PARTY,283.000000
2014,19187187029,ATTORNEY GENERAL,,TOM MILLER,DEMOCRATIC PARTY,478.000000
2014,19187187029,ATTORNEY GENERAL,,WRITE IN,,1.000000
2014,19187187029,AUDITOR OF STATE,,JONATHAN NEIDERBACH,DEMOCRATIC PARTY,370.000000
2014,19187187029,AUDITOR OF STATE,,MARY MOSIMAN,REPUBLICAN PARTY,358.000000
2014,19187187029,AUDITOR OF STATE,,WRITE IN,,0.000000
2014,19187187029,GOVERNOR,,JACK HATCH MONICA VERNON,DEMOCRATIC PARTY,322.000000
2014,19187187029,GOVERNOR,,JIM HENNAGER MARY MARGARET KRIEG,NEW INDEPENDENT PARTY IOWA,7.000000
2014,19187187029,GOVERNOR,,JONATHAN R NARCISSE MICHAEL L RICHARDS,IOWA PARTY,9.000000
2014,19187187029,GOVERNOR,,LEE DEAKINS HIEB TIM WATSON,LIBERTARIAN PARTY,9.000000
2014,19187187029,GOVERNOR,,TERRY E BRANSTAD KIM REYNOLDS,REPUBLICAN PARTY,432.000000
2014,19187187029,GOVERNOR,,WRITE IN,,0.000000
2014,19187187029,SECRETARY OF AGRICULTURE,,BILL NORTHEY,REPUBLICAN PARTY,445.000000
2014,19187187029,SECRETARY OF AGRICULTURE,,LEVI BENNING,NEW INDEPENDENT PARTY IOWA,29.000000
2014,19187187029,SECRETARY OF AGRICULTURE,,SHERRIE TAHA,DEMOCRATIC PARTY,273.000000
2014,19187187029,SECRETARY OF AGRICULTURE,,WRITE IN,,0.000000
2014,19187187029,SECRETARY OF STATE,,BRAD ANDERSON,DEMOCRATIC PARTY,381.000000
2014,19187187029,SECRETARY OF STATE,,JAKE PORTER,LIBERTARIAN PARTY,26.000000
2014,19187187029,SECRETARY OF STATE,,PAUL D PATE,REPUBLICAN PARTY,320.000000
2014,19187187029,SECRETARY OF STATE,,SPENCER HIGHLAND,NEW INDEPENDENT PARTY IOWA,19.000000
2014,19187187029,SECRETARY OF STATE,,WRITE IN,,0.000000
2014,19187187029,TREASURER OF STATE,,KEITH A LAUBE,LIBERTARIAN PARTY,21.000000
2014,19187187029,TREASURER OF STATE,,MICHAEL L FITZGERALD,DEMOCRATIC PARTY,446.000000
2014,19187187029,TREASURER OF STATE,,SAM CLOVIS,REPUBLICAN PARTY,279.000000
2014,19187187029,TREASURER OF STATE,,WRITE IN,,0.000000
2014,19187187029,U S SENATE,,BOB QUAST,BOB QUAST FOR TERM LIMITS,5.000000
2014,19187187029,U S SENATE,,BRUCE BRALEY,DEMOCRATIC PARTY,365.000000
2014,19187187029,U S SENATE,,DOUGLAS BUTZIER,LIBERTARIAN PARTY,5.000000
2014,19187187029,U S SENATE,,JONI ERNST,REPUBLICAN PARTY,366.000000
2014,19187187029,U S SENATE,,RICK STEWART,INDEPENDENT,24.000000
2014,19187187029,U S SENATE,,RUTH SMITH,,3.000000
2014,19187187029,U S SENATE,,WRITE IN,,3.000000
2014,19187187030,ATTORNEY GENERAL,,ADAM GREGG,REPUBLICAN PARTY,218.000000
2014,19187187030,ATTORNEY GENERAL,,TOM MILLER,DEMOCRATIC PARTY,378.000000
2014,19187187030,ATTORNEY GENERAL,,WRITE IN,,1.000000
2014,19187187030,AUDITOR OF STATE,,JONATHAN NEIDERBACH,DEMOCRATIC PARTY,270.000000
2014,19187187030,AUDITOR OF STATE,,MARY MOSIMAN,REPUBLICAN PARTY,292.000000
2014,19187187030,AUDITOR OF STATE,,WRITE IN,,0.000000
2014,19187187030,GOVERNOR,,JACK HATCH MONICA VERNON,DEMOCRATIC PARTY,236.000000
2014,19187187030,GOVERNOR,,JIM HENNAGER MARY MARGARET KRIEG,NEW INDEPENDENT PARTY IOWA,3.000000
2014,19187187030,GOVERNOR,,JONATHAN R NARCISSE MICHAEL L RICHARDS,IOWA PARTY,3.000000
2014,19187187030,GOVERNOR,,LEE DEAKINS HIEB TIM WATSON,LIBERTARIAN PARTY,5.000000
2014,19187187030,GOVERNOR,,TERRY E BRANSTAD KIM REYNOLDS,REPUBLICAN PARTY,355.000000
2014,19187187030,GOVERNOR,,WRITE IN,,0.000000
2014,19187187030,SECRETARY OF AGRICULTURE,,BILL NORTHEY,REPUBLICAN PARTY,372.000000
2014,19187187030,SECRETARY OF AGRICULTURE,,LEVI BENNING,NEW INDEPENDENT PARTY IOWA,16.000000
2014,19187187030,SECRETARY OF AGRICULTURE,,SHERRIE TAHA,DEMOCRATIC PARTY,192.000000
2014,19187187030,SECRETARY OF AGRICULTURE,,WRITE IN,,0.000000
2014,19187187030,SECRETARY OF STATE,,BRAD ANDERSON,DEMOCRATIC PARTY,295.000000
2014,19187187030,SECRETARY OF STATE,,JAKE PORTER,LIBERTARIAN PARTY,16.000000
2014,19187187030,SECRETARY OF STATE,,PAUL D PATE,REPUBLICAN PARTY,259.000000
2014,19187187030,SECRETARY OF STATE,,SPENCER HIGHLAND,NEW INDEPENDENT PARTY IOWA,10.000000
2014,19187187030,SECRETARY OF STATE,,WRITE IN,,0.000000
2014,19187187030,TREASURER OF STATE,,KEITH A LAUBE,LIBERTARIAN PARTY,13.000000
2014,19187187030,TREASURER OF STATE,,MICHAEL L FITZGERALD,DEMOCRATIC PARTY,351.000000
2014,19187187030,TREASURER OF STATE,,SAM CLOVIS,REPUBLICAN PARTY,220.000000
2014,19187187030,TREASURER OF STATE,,WRITE IN,,0.000000
2014,19187187030,U S SENATE,,BOB QUAST,BOB QUAST FOR TERM LIMITS,5.000000
2014,19187187030,U S SENATE,,BRUCE BRALEY,DEMOCRATIC PARTY,277.000000
2014,19187187030,U S SENATE,,DOUGLAS BUTZIER,LIBERTARIAN PARTY,6.000000
2014,19187187030,U S SENATE,,JONI ERNST,REPUBLICAN PARTY,293.000000
2014,19187187030,U S SENATE,,RICK STEWART,INDEPENDENT,21.000000
2014,19187187030,U S SENATE,,RUTH SMITH,,1.000000
2014,19187187030,U S SENATE,,WRITE IN,,1.000000
2014,19187187031,ATTORNEY GENERAL,,ADAM GREGG,REPUBLICAN PARTY,194.000000
2014,19187187031,ATTORNEY GENERAL,,TOM MILLER,DEMOCRATIC PARTY,442.000000
2014,19187187031,ATTORNEY GENERAL,,WRITE IN,,1.000000
2014,19187187031,AUDITOR OF STATE,,JONATHAN NEIDERBACH,DEMOCRATIC PARTY,351.000000
2014,19187187031,AUDITOR OF STATE,,MARY MOSIMAN,REPUBLICAN PARTY,259.000000
2014,19187187031,AUDITOR OF STATE,,WRITE IN,,1.000000
2014,19187187031,GOVERNOR,,JACK HATCH MONICA VERNON,DEMOCRATIC PARTY,291.000000
2014,19187187031,GOVERNOR,,JIM HENNAGER MARY MARGARET KRIEG,NEW INDEPENDENT PARTY IOWA,11.000000
2014,19187187031,GOVERNOR,,JONATHAN R NARCISSE MICHAEL L RICHARDS,IOWA PARTY,10.000000
2014,19187187031,GOVERNOR,,LEE DEAKINS HIEB TIM WATSON,LIBERTARIAN PARTY,8.000000
2014,19187187031,GOVERNOR,,TERRY E BRANSTAD KIM REYNOLDS,REPUBLICAN PARTY,328.000000
2014,19187187031,GOVERNOR,,WRITE IN,,0.000000
2014,19187187031,SECRETARY OF AGRICULTURE,,BILL NORTHEY,REPUBLICAN PARTY,318.000000
2014,19187187031,SECRETARY OF AGRICULTURE,,LEVI BENNING,NEW INDEPENDENT PARTY IOWA,32.000000
2014,19187187031,SECRETARY OF AGRICULTURE,,SHERRIE TAHA,DEMOCRATIC PARTY,276.000000
2014,19187187031,SECRETARY OF AGRICULTURE,,WRITE IN,,1.000000
2014,19187187031,SECRETARY OF STATE,,BRAD ANDERSON,DEMOCRATIC PARTY,371.000000
2014,19187187031,SECRETARY OF STATE,,JAKE PORTER,LIBERTARIAN PARTY,21.000000
2014,19187187031,SECRETARY OF STATE,,PAUL D PATE,REPUBLICAN PARTY,224.000000
2014,19187187031,SECRETARY OF STATE,,SPENCER HIGHLAND,NEW INDEPENDENT PARTY IOWA,18.000000
2014,19187187031,SECRETARY OF STATE,,WRITE IN,,0.000000
2014,19187187031,TREASURER OF STATE,,KEITH A LAUBE,LIBERTARIAN PARTY,29.000000
2014,19187187031,TREASURER OF STATE,,MICHAEL L FITZGERALD,DEMOCRATIC PARTY,413.000000
2014,19187187031,TREASURER OF STATE,,SAM CLOVIS,REPUBLICAN PARTY,188.000000
2014,19187187031,TREASURER OF STATE,,WRITE IN,,0.000000
2014,19187187031,U S SENATE,,BOB QUAST,BOB QUAST FOR TERM LIMITS,3.000000
2014,19187187031,U S SENATE,,BRUCE BRALEY,DEMOCRATIC PARTY,333.000000
2014,19187187031,U S SENATE,,DOUGLAS BUTZIER,LIBERTARIAN PARTY,5.000000
2014,19187187031,U S SENATE,,JONI ERNST,REPUBLICAN PARTY,280.000000
2014,19187187031,U S SENATE,,RICK STEWART,INDEPENDENT,22.000000
2014,19187187031,U S SENATE,,RUTH SMITH,,2.000000
2014,19187187031,U S SENATE,,WRITE IN,,0.000000
2014,19187187032,ATTORNEY GENERAL,,ADAM GREGG,REPUBLICAN PARTY,139.000000
2014,19187187032,ATTORNEY GENERAL,,TOM MILLER,DEMOCRATIC PARTY,223.000000
2014,19187187032,ATTORNEY GENERAL,,WRITE IN,,1.000000
2014,19187187032,AUDITOR OF STATE,,JONATHAN NEIDERBACH,DEMOCRATIC PARTY,148.000000
2014,19187187032,AUDITOR OF STATE,,MARY MOSIMAN,REPUBLICAN PARTY,201.000000
2014,19187187032,AUDITOR OF STATE,,WRITE IN,,1.000000
2014,19187187032,GOVERNOR,,JACK HATCH MONICA VERNON,DEMOCRATIC PARTY,123.000000
2014,19187187032,GOVERNOR,,JIM HENNAGER MARY MARGARET KRIEG,NEW INDEPENDENT PARTY IOWA,4.000000
2014,19187187032,GOVERNOR,,JONATHAN R NARCISSE MICHAEL L RICHARDS,IOWA PARTY,1.000000
2014,19187187032,GOVERNOR,,LEE DEAKINS HIEB TIM WATSON,LIBERTARIAN PARTY,4.000000
2014,19187187032,GOVERNOR,,TERRY E BRANSTAD KIM REYNOLDS,REPUBLICAN PARTY,234.000000
2014,19187187032,GOVERNOR,,WRITE IN,,1.000000
2014,19187187032,SECRETARY OF AGRICULTURE,,BILL NORTHEY,REPUBLICAN PARTY,239.000000
2014,19187187032,SECRETARY OF AGRICULTURE,,LEVI BENNING,NEW INDEPENDENT PARTY IOWA,10.000000
2014,19187187032,SECRETARY OF AGRICULTURE,,SHERRIE TAHA,DEMOCRATIC PARTY,108.000000
2014,19187187032,SECRETARY OF AGRICULTURE,,WRITE IN,,1.000000
2014,19187187032,SECRETARY OF STATE,,BRAD ANDERSON,DEMOCRATIC PARTY,168.000000
2014,19187187032,SECRETARY OF STATE,,JAKE PORTER,LIBERTARIAN PARTY,5.000000
2014,19187187032,SECRETARY OF STATE,,PAUL D PATE,REPUBLICAN PARTY,175.000000
2014,19187187032,SECRETARY OF STATE,,SPENCER HIGHLAND,NEW INDEPENDENT PARTY IOWA,9.000000
2014,19187187032,SECRETARY OF STATE,,WRITE IN,,1.000000
2014,19187187032,TREASURER OF STATE,,KEITH A LAUBE,LIBERTARIAN PARTY,6.000000
2014,19187187032,TREASURER OF STATE,,MICHAEL L FITZGERALD,DEMOCRATIC PARTY,197.000000
2014,19187187032,TREASURER OF STATE,,SAM CLOVIS,REPUBLICAN PARTY,154.000000
2014,19187187032,TREASURER OF STATE,,WRITE IN,,1.000000
2014,19187187032,U S SENATE,,BOB QUAST,BOB QUAST FOR TERM LIMITS,3.000000
2014,19187187032,U S SENATE,,BRUCE BRALEY,DEMOCRATIC PARTY,148.000000
2014,19187187032,U S SENATE,,DOUGLAS BUTZIER,LIBERTARIAN PARTY,1.000000
2014,19187187032,U S SENATE,,JONI ERNST,REPUBLICAN PARTY,200.000000
2014,19187187032,U S SENATE,,RICK STEWART,INDEPENDENT,11.000000
2014,19187187032,U S SENATE,,RUTH SMITH,,3.000000
2014,19187187032,U S SENATE,,WRITE IN,,0.000000
2014,19187187033,ATTORNEY GENERAL,,ADAM GREGG,REPUBLICAN PARTY,68.000000
2014,19187187033,ATTORNEY GENERAL,,TOM MILLER,DEMOCRATIC PARTY,140.000000
2014,19187187033,ATTORNEY GENERAL,,WRITE IN,,1.000000
2014,19187187033,AUDITOR OF STATE,,JONATHAN NEIDERBACH,DEMOCRATIC PARTY,126.000000
2014,19187187033,AUDITOR OF STATE,,MARY MOSIMAN,REPUBLICAN PARTY,79.000000
2014,19187187033,AUDITOR OF STATE,,WRITE IN,,0.000000
2014,19187187033,GOVERNOR,,JACK HATCH MONICA VERNON,DEMOCRATIC PARTY,110.000000
2014,19187187033,GOVERNOR,,JIM HENNAGER MARY MARGARET KRIEG,NEW INDEPENDENT PARTY IOWA,2.000000
2014,19187187033,GOVERNOR,,JONATHAN R NARCISSE MICHAEL L RICHARDS,IOWA PARTY,2.000000
2014,19187187033,GOVERNOR,,LEE DEAKINS HIEB TIM WATSON,LIBERTARIAN PARTY,8.000000
2014,19187187033,GOVERNOR,,TERRY E BRANSTAD KIM REYNOLDS,REPUBLICAN PARTY,83.000000
2014,19187187033,GOVERNOR,,WRITE IN,,1.000000
2014,19187187033,SECRETARY OF AGRICULTURE,,BILL NORTHEY,REPUBLICAN PARTY,83.000000
2014,19187187033,SECRETARY OF AGRICULTURE,,LEVI BENNING,NEW INDEPENDENT PARTY IOWA,14.000000
2014,19187187033,SECRETARY OF AGRICULTURE,,SHERRIE TAHA,DEMOCRATIC PARTY,109.000000
2014,19187187033,SECRETARY OF AGRICULTURE,,WRITE IN,,1.000000
2014,19187187033,SECRETARY OF STATE,,BRAD ANDERSON,DEMOCRATIC PARTY,130.000000
2014,19187187033,SECRETARY OF STATE,,JAKE PORTER,LIBERTARIAN PARTY,10.000000
2014,19187187033,SECRETARY OF STATE,,PAUL D PATE,REPUBLICAN PARTY,58.000000
2014,19187187033,SECRETARY OF STATE,,SPENCER HIGHLAND,NEW INDEPENDENT PARTY IOWA,7.000000
2014,19187187033,SECRETARY OF STATE,,WRITE IN,,0.000000
2014,19187187033,TREASURER OF STATE,,KEITH A LAUBE,LIBERTARIAN PARTY,14.000000
2014,19187187033,TREASURER OF STATE,,MICHAEL L FITZGERALD,DEMOCRATIC PARTY,139.000000
2014,19187187033,TREASURER OF STATE,,SAM CLOVIS,REPUBLICAN PARTY,56.000000
2014,19187187033,TREASURER OF STATE,,WRITE IN,,0.000000
2014,19187187033,U S SENATE,,BOB QUAST,BOB QUAST FOR TERM LIMITS,4.000000
2014,19187187033,U S SENATE,,BRUCE BRALEY,DEMOCRATIC PARTY,121.000000
2014,19187187033,U S SENATE,,DOUGLAS BUTZIER,LIBERTARIAN PARTY,2.000000
2014,19187187033,U S SENATE,,JONI ERNST,REPUBLICAN PARTY,69.000000
2014,19187187033,U S SENATE,,RICK STEWART,INDEPENDENT,10.000000
2014,19187187033,U S SENATE,,RUTH SMITH,,2.000000
2014,19187187033,U S SENATE,,WRITE IN,,0.000000
2014,19187187034,ATTORNEY GENERAL,,ADAM GREGG,REPUBLICAN PARTY,135.000000
2014,19187187034,ATTORNEY GENERAL,,TOM MILLER,DEMOCRATIC PARTY,352.000000
2014,19187187034,ATTORNEY GENERAL,,WRITE IN,,0.000000
2014,19187187034,AUDITOR OF STATE,,JONATHAN NEIDERBACH,DEMOCRATIC PARTY,280.000000
2014,19187187034,AUDITOR OF STATE,,MARY MOSIMAN,REPUBLICAN PARTY,183.000000
2014,19187187034,AUDITOR OF STATE,,WRITE IN,,0.000000
2014,19187187034,GOVERNOR,,JACK HATCH MONICA VERNON,DEMOCRATIC PARTY,251.000000
2014,19187187034,GOVERNOR,,JIM HENNAGER MARY MARGARET KRIEG,NEW INDEPENDENT PARTY IOWA,8.000000
2014,19187187034,GOVERNOR,,JONATHAN R NARCISSE MICHAEL L RICHARDS,IOWA PARTY,9.000000
2014,19187187034,GOVERNOR,,LEE DEAKINS HIEB TIM WATSON,LIBERTARIAN PARTY,11.000000
2014,19187187034,GOVERNOR,,TERRY E BRANSTAD KIM REYNOLDS,REPUBLICAN PARTY,212.000000
2014,19187187034,GOVERNOR,,WRITE IN,,1.000000
2014,19187187034,SECRETARY OF AGRICULTURE,,BILL NORTHEY,REPUBLICAN PARTY,218.000000
2014,19187187034,SECRETARY OF AGRICULTURE,,LEVI BENNING,NEW INDEPENDENT PARTY IOWA,28.000000
2014,19187187034,SECRETARY OF AGRICULTURE,,SHERRIE TAHA,DEMOCRATIC PARTY,230.000000
2014,19187187034,SECRETARY OF AGRICULTURE,,WRITE IN,,1.000000
2014,19187187034,SECRETARY OF STATE,,BRAD ANDERSON,DEMOCRATIC PARTY,302.000000
2014,19187187034,SECRETARY OF STATE,,JAKE PORTER,LIBERTARIAN PARTY,23.000000
2014,19187187034,SECRETARY OF STATE,,PAUL D PATE,REPUBLICAN PARTY,139.000000
2014,19187187034,SECRETARY OF STATE,,SPENCER HIGHLAND,NEW INDEPENDENT PARTY IOWA,14.000000
2014,19187187034,SECRETARY OF STATE,,WRITE IN,,0.000000
2014,19187187034,TREASURER OF STATE,,KEITH A LAUBE,LIBERTARIAN PARTY,20.000000
2014,19187187034,TREASURER OF STATE,,MICHAEL L FITZGERALD,DEMOCRATIC PARTY,319.000000
2014,19187187034,TREASURER OF STATE,,SAM CLOVIS,REPUBLICAN PARTY,138.000000
2014,19187187034,TREASURER OF STATE,,WRITE IN,,0.000000
2014,19187187034,U S SENATE,,BOB QUAST,BOB QUAST FOR TERM LIMITS,6.000000
2014,19187187034,U S SENATE,,BRUCE BRALEY,DEMOCRATIC PARTY,283.000000
2014,19187187034,U S SENATE,,DOUGLAS BUTZIER,LIBERTARIAN PARTY,7.000000
2014,19187187034,U S SENATE,,JONI ERNST,REPUBLICAN PARTY,170.000000
2014,19187187034,U S SENATE,,RICK STEWART,INDEPENDENT,17.000000
2014,19187187034,U S SENATE,,RUTH SMITH,,5.000000
2014,19187187034,U S SENATE,,WRITE IN,,1.000000
2014,19187187035,ATTORNEY GENERAL,,ADAM GREGG,REPUBLICAN PARTY,126.000000
2014,19187187035,ATTORNEY GENERAL,,TOM MILLER,DEMOCRATIC PARTY,368.000000
2014,19187187035,ATTORNEY GENERAL,,WRITE IN,,0.000000
2014,19187187035,AUDITOR OF STATE,,JONATHAN NEIDERBACH,DEMOCRATIC PARTY,281.000000
2014,19187187035,AUDITOR OF STATE,,MARY MOSIMAN,REPUBLICAN PARTY,202.000000
2014,19187187035,AUDITOR OF STATE,,WRITE IN,,0.000000
2014,19187187035,GOVERNOR,,JACK HATCH MONICA VERNON,DEMOCRATIC PARTY,241.000000
2014,19187187035,GOVERNOR,,JIM HENNAGER MARY MARGARET KRIEG,NEW INDEPENDENT PARTY IOWA,7.000000
2014,19187187035,GOVERNOR,,JONATHAN R NARCISSE MICHAEL L RICHARDS,IOWA PARTY,5.000000
2014,19187187035,GOVERNOR,,LEE DEAKINS HIEB TIM WATSON,LIBERTARIAN PARTY,13.000000
2014,19187187035,GOVERNOR,,TERRY E BRANSTAD KIM REYNOLDS,REPUBLICAN PARTY,243.000000
2014,19187187035,GOVERNOR,,WRITE IN,,0.000000
2014,19187187035,SECRETARY OF AGRICULTURE,,BILL NORTHEY,REPUBLICAN PARTY,225.000000
2014,19187187035,SECRETARY OF AGRICULTURE,,LEVI BENNING,NEW INDEPENDENT PARTY IOWA,28.000000
2014,19187187035,SECRETARY OF AGRICULTURE,,SHERRIE TAHA,DEMOCRATIC PARTY,238.000000
2014,19187187035,SECRETARY OF AGRICULTURE,,WRITE IN,,0.000000
2014,19187187035,SECRETARY OF STATE,,BRAD ANDERSON,DEMOCRATIC PARTY,307.000000
2014,19187187035,SECRETARY OF STATE,,JAKE PORTER,LIBERTARIAN PARTY,13.000000
2014,19187187035,SECRETARY OF STATE,,PAUL D PATE,REPUBLICAN PARTY,150.000000
2014,19187187035,SECRETARY OF STATE,,SPENCER HIGHLAND,NEW INDEPENDENT PARTY IOWA,23.000000
2014,19187187035,SECRETARY OF STATE,,WRITE IN,,0.000000
2014,19187187035,TREASURER OF STATE,,KEITH A LAUBE,LIBERTARIAN PARTY,12.000000
2014,19187187035,TREASURER OF STATE,,MICHAEL L FITZGERALD,DEMOCRATIC PARTY,345.000000
2014,19187187035,TREASURER OF STATE,,SAM CLOVIS,REPUBLICAN PARTY,138.000000
2014,19187187035,TREASURER OF STATE,,WRITE IN,,0.000000
2014,19187187035,U S SENATE,,BOB QUAST,BOB QUAST FOR TERM LIMITS,5.000000
2014,19187187035,U S SENATE,,BRUCE BRALEY,DEMOCRATIC PARTY,275.000000
2014,19187187035,U S SENATE,,DOUGLAS BUTZIER,LIBERTARIAN PARTY,3.000000
2014,19187187035,U S SENATE,,JONI ERNST,REPUBLICAN PARTY,195.000000
2014,19187187035,U S SENATE,,RICK STEWART,INDEPENDENT,24.000000
2014,19187187035,U S SENATE,,RUTH SMITH,,3.000000
2014,19187187035,U S SENATE,,WRITE IN,,0.000000
2014,19187187036,ATTORNEY GENERAL,,ADAM GREGG,REPUBLICAN PARTY,120.000000
2014,19187187036,ATTORNEY GENERAL,,TOM MILLER,DEMOCRATIC PARTY,442.000000
2014,19187187036,ATTORNEY GENERAL,,WRITE IN,,1.000000
2014,19187187036,AUDITOR OF STATE,,JONATHAN NEIDERBACH,DEMOCRATIC PARTY,358.000000
2014,19187187036,AUDITOR OF STATE,,MARY MOSIMAN,REPUBLICAN PARTY,181.000000
2014,19187187036,AUDITOR OF STATE,,WRITE IN,,1.000000
2014,19187187036,GOVERNOR,,JACK HATCH MONICA VERNON,DEMOCRATIC PARTY,297.000000
2014,19187187036,GOVERNOR,,JIM HENNAGER MARY MARGARET KRIEG,NEW INDEPENDENT PARTY IOWA,14.000000
2014,19187187036,GOVERNOR,,JONATHAN R NARCISSE MICHAEL L RICHARDS,IOWA PARTY,9.000000
2014,19187187036,GOVERNOR,,LEE DEAKINS HIEB TIM WATSON,LIBERTARIAN PARTY,8.000000
2014,19187187036,GOVERNOR,,TERRY E BRANSTAD KIM REYNOLDS,REPUBLICAN PARTY,237.000000
2014,19187187036,GOVERNOR,,WRITE IN,,4.000000
2014,19187187036,SECRETARY OF AGRICULTURE,,BILL NORTHEY,REPUBLICAN PARTY,239.000000
2014,19187187036,SECRETARY OF AGRICULTURE,,LEVI BENNING,NEW INDEPENDENT PARTY IOWA,42.000000
2014,19187187036,SECRETARY OF AGRICULTURE,,SHERRIE TAHA,DEMOCRATIC PARTY,276.000000
2014,19187187036,SECRETARY OF AGRICULTURE,,WRITE IN,,1.000000
2014,19187187036,SECRETARY OF STATE,,BRAD ANDERSON,DEMOCRATIC PARTY,381.000000
2014,19187187036,SECRETARY OF STATE,,JAKE PORTER,LIBERTARIAN PARTY,17.000000
2014,19187187036,SECRETARY OF STATE,,PAUL D PATE,REPUBLICAN PARTY,132.000000
2014,19187187036,SECRETARY OF STATE,,SPENCER HIGHLAND,NEW INDEPENDENT PARTY IOWA,29.000000
2014,19187187036,SECRETARY OF STATE,,WRITE IN,,0.000000
2014,19187187036,TREASURER OF STATE,,KEITH A LAUBE,LIBERTARIAN PARTY,19.000000
2014,19187187036,TREASURER OF STATE,,MICHAEL L FITZGERALD,DEMOCRATIC PARTY,415.000000
2014,19187187036,TREASURER OF STATE,,SAM CLOVIS,REPUBLICAN PARTY,124.000000
2014,19187187036,TREASURER OF STATE,,WRITE IN,,1.000000
2014,19187187036,U S SENATE,,BOB QUAST,BOB QUAST FOR TERM LIMITS,7.000000
2014,19187187036,U S SENATE,,BRUCE BRALEY,DEMOCRATIC PARTY,341.000000
2014,19187187036,U S SENATE,,DOUGLAS BUTZIER,LIBERTARIAN PARTY,2.000000
2014,19187187036,U S SENATE,,JONI ERNST,REPUBLICAN PARTY,184.000000
2014,19187187036,U S SENATE,,RICK STEWART,INDEPENDENT,27.000000
2014,19187187036,U S SENATE,,RUTH SMITH,,4.000000
2014,19187187036,U S SENATE,,WRITE IN,,1.000000
2014,19187187037,ATTORNEY GENERAL,,ADAM GREGG,REPUBLICAN PARTY,281.000000
2014,19187187037,ATTORNEY GENERAL,,TOM MILLER,DEMOCRATIC PARTY,496.000000
2014,19187187037,ATTORNEY GENERAL,,WRITE IN,,0.000000
2014,19187187037,AUDITOR OF STATE,,JONATHAN NEIDERBACH,DEMOCRATIC PARTY,333.000000
2014,19187187037,AUDITOR OF STATE,,MARY MOSIMAN,REPUBLICAN PARTY,401.000000
2014,19187187037,AUDITOR OF STATE,,WRITE IN,,1.000000
2014,19187187037,GOVERNOR,,JACK HATCH MONICA VERNON,DEMOCRATIC PARTY,274.000000
2014,19187187037,GOVERNOR,,JIM HENNAGER MARY MARGARET KRIEG,NEW INDEPENDENT PARTY IOWA,11.000000
2014,19187187037,GOVERNOR,,JONATHAN R NARCISSE MICHAEL L RICHARDS,IOWA PARTY,9.000000
2014,19187187037,GOVERNOR,,LEE DEAKINS HIEB TIM WATSON,LIBERTARIAN PARTY,12.000000
2014,19187187037,GOVERNOR,,TERRY E BRANSTAD KIM REYNOLDS,REPUBLICAN PARTY,485.000000
2014,19187187037,GOVERNOR,,WRITE IN,,0.000000
2014,19187187037,SECRETARY OF AGRICULTURE,,BILL NORTHEY,REPUBLICAN PARTY,485.000000
2014,19187187037,SECRETARY OF AGRICULTURE,,LEVI BENNING,NEW INDEPENDENT PARTY IOWA,30.000000
2014,19187187037,SECRETARY OF AGRICULTURE,,SHERRIE TAHA,DEMOCRATIC PARTY,246.000000
2014,19187187037,SECRETARY OF AGRICULTURE,,WRITE IN,,0.000000
2014,19187187037,SECRETARY OF STATE,,BRAD ANDERSON,DEMOCRATIC PARTY,359.000000
2014,19187187037,SECRETARY OF STATE,,JAKE PORTER,LIBERTARIAN PARTY,16.000000
2014,19187187037,SECRETARY OF STATE,,PAUL D PATE,REPUBLICAN PARTY,361.000000
2014,19187187037,SECRETARY OF STATE,,SPENCER HIGHLAND,NEW INDEPENDENT PARTY IOWA,21.000000
2014,19187187037,SECRETARY OF STATE,,WRITE IN,,0.000000
2014,19187187037,TREASURER OF STATE,,KEITH A LAUBE,LIBERTARIAN PARTY,16.000000
2014,19187187037,TREASURER OF STATE,,MICHAEL L FITZGERALD,DEMOCRATIC PARTY,461.000000
2014,19187187037,TREASURER OF STATE,,SAM CLOVIS,REPUBLICAN PARTY,293.000000
2014,19187187037,TREASURER OF STATE,,WRITE IN,,0.000000
2014,19187187037,U S SENATE,,BOB QUAST,BOB QUAST FOR TERM LIMITS,12.000000
2014,19187187037,U S SENATE,,BRUCE BRALEY,DEMOCRATIC PARTY,347.000000
2014,19187187037,U S SENATE,,DOUGLAS BUTZIER,LIBERTARIAN PARTY,4.000000
2014,19187187037,U S SENATE,,JONI ERNST,REPUBLICAN PARTY,391.000000
2014,19187187037,U S SENATE,,RICK STEWART,INDEPENDENT,26.000000
2014,19187187037,U S SENATE,,RUTH SMITH,,2.000000
2014,19187187037,U S SENATE,,WRITE IN,,0.000000
2014,19187187038,ATTORNEY GENERAL,,ADAM GREGG,REPUBLICAN PARTY,424.000000
2014,19187187038,ATTORNEY GENERAL,,TOM MILLER,DEMOCRATIC PARTY,676.000000
2014,19187187038,ATTORNEY GENERAL,,WRITE IN,,0.000000
2014,19187187038,AUDITOR OF STATE,,JONATHAN NEIDERBACH,DEMOCRATIC PARTY,417.000000
2014,19187187038,AUDITOR OF STATE,,MARY MOSIMAN,REPUBLICAN PARTY,612.000000
2014,19187187038,AUDITOR OF STATE,,WRITE IN,,0.000000
2014,19187187038,GOVERNOR,,JACK HATCH MONICA VERNON,DEMOCRATIC PARTY,332.000000
2014,19187187038,GOVERNOR,,JIM HENNAGER MARY MARGARET KRIEG,NEW INDEPENDENT PARTY IOWA,7.000000
2014,19187187038,GOVERNOR,,JONATHAN R NARCISSE MICHAEL L RICHARDS,IOWA PARTY,7.000000
2014,19187187038,GOVERNOR,,LEE DEAKINS HIEB TIM WATSON,LIBERTARIAN PARTY,15.000000
2014,19187187038,GOVERNOR,,TERRY E BRANSTAD KIM REYNOLDS,REPUBLICAN PARTY,770.000000
2014,19187187038,GOVERNOR,,WRITE IN,,0.000000
2014,19187187038,SECRETARY OF AGRICULTURE,,BILL NORTHEY,REPUBLICAN PARTY,799.000000
2014,19187187038,SECRETARY OF AGRICULTURE,,LEVI BENNING,NEW INDEPENDENT PARTY IOWA,20.000000
2014,19187187038,SECRETARY OF AGRICULTURE,,SHERRIE TAHA,DEMOCRATIC PARTY,266.000000
2014,19187187038,SECRETARY OF AGRICULTURE,,WRITE IN,,1.000000
2014,19187187038,SECRETARY OF STATE,,BRAD ANDERSON,DEMOCRATIC PARTY,470.000000
2014,19187187038,SECRETARY OF STATE,,JAKE PORTER,LIBERTARIAN PARTY,19.000000
2014,19187187038,SECRETARY OF STATE,,PAUL D PATE,REPUBLICAN PARTY,572.000000
2014,19187187038,SECRETARY OF STATE,,SPENCER HIGHLAND,NEW INDEPENDENT PARTY IOWA,18.000000
2014,19187187038,SECRETARY OF STATE,,WRITE IN,,0.000000
2014,19187187038,TREASURER OF STATE,,KEITH A LAUBE,LIBERTARIAN PARTY,19.000000
2014,19187187038,TREASURER OF STATE,,MICHAEL L FITZGERALD,DEMOCRATIC PARTY,597.000000
2014,19187187038,TREASURER OF STATE,,SAM CLOVIS,REPUBLICAN PARTY,458.000000
2014,19187187038,TREASURER OF STATE,,WRITE IN,,0.000000
2014,19187187038,U S SENATE,,BOB QUAST,BOB QUAST FOR TERM LIMITS,7.000000
2014,19187187038,U S SENATE,,BRUCE BRALEY,DEMOCRATIC PARTY,407.000000
2014,19187187038,U S SENATE,,DOUGLAS BUTZIER,LIBERTARIAN PARTY,3.000000
2014,19187187038,U S SENATE,,JONI ERNST,REPUBLICAN PARTY,681.000000
2014,19187187038,U S SENATE,,RICK STEWART,INDEPENDENT,26.000000
2014,19187187038,U S SENATE,,RUTH SMITH,,3.000000
2014,19187187038,U S SENATE,,WRITE IN,,0.000000
2014,19187187039,ATTORNEY GENERAL,,ADAM GREGG,REPUBLICAN PARTY,236.000000
2014,19187187039,ATTORNEY GENERAL,,TOM MILLER,DEMOCRATIC PARTY,472.000000
2014,19187187039,ATTORNEY GENERAL,,WRITE IN,,0.000000
2014,19187187039,AUDITOR OF STATE,,JONATHAN NEIDERBACH,DEMOCRATIC PARTY,337.000000
2014,19187187039,AUDITOR OF STATE,,MARY MOSIMAN,REPUBLICAN PARTY,347.000000
2014,19187187039,AUDITOR OF STATE,,WRITE IN,,1.000000
2014,19187187039,GOVERNOR,,JACK HATCH MONICA VERNON,DEMOCRATIC PARTY,274.000000
2014,19187187039,GOVERNOR,,JIM HENNAGER MARY MARGARET KRIEG,NEW INDEPENDENT PARTY IOWA,6.000000
2014,19187187039,GOVERNOR,,JONATHAN R NARCISSE MICHAEL L RICHARDS,IOWA PARTY,6.000000
2014,19187187039,GOVERNOR,,LEE DEAKINS HIEB TIM WATSON,LIBERTARIAN PARTY,11.000000
2014,19187187039,GOVERNOR,,TERRY E BRANSTAD KIM REYNOLDS,REPUBLICAN PARTY,425.000000
2014,19187187039,GOVERNOR,,WRITE IN,,0.000000
2014,19187187039,SECRETARY OF AGRICULTURE,,BILL NORTHEY,REPUBLICAN PARTY,422.000000
2014,19187187039,SECRETARY OF AGRICULTURE,,LEVI BENNING,NEW INDEPENDENT PARTY IOWA,21.000000
2014,19187187039,SECRETARY OF AGRICULTURE,,SHERRIE TAHA,DEMOCRATIC PARTY,259.000000
2014,19187187039,SECRETARY OF AGRICULTURE,,WRITE IN,,0.000000
2014,19187187039,SECRETARY OF STATE,,BRAD ANDERSON,DEMOCRATIC PARTY,368.000000
2014,19187187039,SECRETARY OF STATE,,JAKE PORTER,LIBERTARIAN PARTY,16.000000
2014,19187187039,SECRETARY OF STATE,,PAUL D PATE,REPUBLICAN PARTY,294.000000
2014,19187187039,SECRETARY OF STATE,,SPENCER HIGHLAND,NEW INDEPENDENT PARTY IOWA,12.000000
2014,19187187039,SECRETARY OF STATE,,WRITE IN,,1.000000
2014,19187187039,TREASURER OF STATE,,KEITH A LAUBE,LIBERTARIAN PARTY,14.000000
2014,19187187039,TREASURER OF STATE,,MICHAEL L FITZGERALD,DEMOCRATIC PARTY,441.000000
2014,19187187039,TREASURER OF STATE,,SAM CLOVIS,REPUBLICAN PARTY,251.000000
2014,19187187039,TREASURER OF STATE,,WRITE IN,,0.000000
2014,19187187039,U S SENATE,,BOB QUAST,BOB QUAST FOR TERM LIMITS,7.000000
2014,19187187039,U S SENATE,,BRUCE BRALEY,DEMOCRATIC PARTY,337.000000
2014,19187187039,U S SENATE,,DOUGLAS BUTZIER,LIBERTARIAN PARTY,2.000000
2014,19187187039,U S SENATE,,JONI ERNST,REPUBLICAN PARTY,361.000000
2014,19187187039,U S SENATE,,RICK STEWART,INDEPENDENT,14.000000
2014,19187187039,U S SENATE,,RUTH SMITH,,2.000000
2014,19187187039,U S SENATE,,WRITE IN,,0.000000
2014,19189189016,ATTORNEY GENERAL,,ADAM GREGG,REPUBLICAN PARTY,126.000000
2014,19189189016,ATTORNEY GENERAL,,TOM MILLER,DEMOCRATIC PARTY,114.000000
2014,19189189016,ATTORNEY GENERAL,,WRITE IN,,1.000000
2014,19189189016,AUDITOR OF STATE,,JONATHAN NEIDERBACH,DEMOCRATIC PARTY,81.000000
2014,19189189016,AUDITOR OF STATE,,MARY MOSIMAN,REPUBLICAN PARTY,159.000000
2014,19189189016,AUDITOR OF STATE,,WRITE IN,,1.000000
2014,19189189016,GOVERNOR,,JACK HATCH MONICA VERNON,DEMOCRATIC PARTY,60.000000
2014,19189189016,GOVERNOR,,JIM HENNAGER MARY MARGARET KRIEG,NEW INDEPENDENT PARTY IOWA,2.000000
2014,19189189016,GOVERNOR,,JONATHAN R NARCISSE MICHAEL L RICHARDS,IOWA PARTY,2.000000
2014,19189189016,GOVERNOR,,LEE DEAKINS HIEB TIM WATSON,LIBERTARIAN PARTY,3.000000
2014,19189189016,GOVERNOR,,TERRY E BRANSTAD KIM REYNOLDS,REPUBLICAN PARTY,181.000000
2014,19189189016,GOVERNOR,,WRITE IN,,2.000000
2014,19189189016,SECRETARY OF AGRICULTURE,,BILL NORTHEY,REPUBLICAN PARTY,178.000000
2014,19189189016,SECRETARY OF AGRICULTURE,,LEVI BENNING,NEW INDEPENDENT PARTY IOWA,13.000000
2014,19189189016,SECRETARY OF AGRICULTURE,,SHERRIE TAHA,DEMOCRATIC PARTY,58.000000
2014,19189189016,SECRETARY OF AGRICULTURE,,WRITE IN,,0.000000
2014,19189189016,SECRETARY OF STATE,,BRAD ANDERSON,DEMOCRATIC PARTY,90.000000
2014,19189189016,SECRETARY OF STATE,,JAKE PORTER,LIBERTARIAN PARTY,14.000000
2014,19189189016,SECRETARY OF STATE,,PAUL D PATE,REPUBLICAN PARTY,134.000000
2014,19189189016,SECRETARY OF STATE,,SPENCER HIGHLAND,NEW INDEPENDENT PARTY IOWA,5.000000
2014,19189189016,SECRETARY OF STATE,,WRITE IN,,0.000000
2014,19189189016,TREASURER OF STATE,,KEITH A LAUBE,LIBERTARIAN PARTY,11.000000
2014,19189189016,TREASURER OF STATE,,MICHAEL L FITZGERALD,DEMOCRATIC PARTY,111.000000
2014,19189189016,TREASURER OF STATE,,SAM CLOVIS,REPUBLICAN PARTY,122.000000
2014,19189189016,TREASURER OF STATE,,WRITE IN,,0.000000
2014,19189189016,U S SENATE,,BOB QUAST,BOB QUAST FOR TERM LIMITS,6.000000
2014,19189189016,U S SENATE,,BRUCE BRALEY,DEMOCRATIC PARTY,92.000000
2014,19189189016,U S SENATE,,DOUGLAS BUTZIER,LIBERTARIAN PARTY,1.000000
2014,19189189016,U S SENATE,,JONI ERNST,REPUBLICAN PARTY,141.000000
2014,19189189016,U S SENATE,,RICK STEWART,INDEPENDENT,6.000000
2014,19189189016,U S SENATE,,RUTH SMITH,,0.000000
2014,19189189016,U S SENATE,,WRITE IN,,0.000000
2014,19195195012,ATTORNEY GENERAL,,ADAM GREGG,REPUBLICAN PARTY,149.000000
2014,19195195012,ATTORNEY GENERAL,,TOM MILLER,DEMOCRATIC PARTY,152.000000
2014,19195195012,ATTORNEY GENERAL,,WRITE IN,,0.000000
2014,19195195012,AUDITOR OF STATE,,JONATHAN NEIDERBACH,DEMOCRATIC PARTY,110.000000
2014,19195195012,AUDITOR OF STATE,,MARY MOSIMAN,REPUBLICAN PARTY,186.000000
2014,19195195012,AUDITOR OF STATE,,WRITE IN,,0.000000
2014,19195195012,GOVERNOR,,JACK HATCH MONICA VERNON,DEMOCRATIC PARTY,71.000000
2014,19195195012,GOVERNOR,,JIM HENNAGER MARY MARGARET KRIEG,NEW INDEPENDENT PARTY IOWA,2.000000
2014,19195195012,GOVERNOR,,JONATHAN R NARCISSE MICHAEL L RICHARDS,IOWA PARTY,1.000000
2014,19195195012,GOVERNOR,,LEE DEAKINS HIEB TIM WATSON,LIBERTARIAN PARTY,4.000000
2014,19195195012,GOVERNOR,,TERRY E BRANSTAD KIM REYNOLDS,REPUBLICAN PARTY,226.000000
2014,19195195012,GOVERNOR,,WRITE IN,,0.000000
2014,19195195012,SECRETARY OF AGRICULTURE,,BILL NORTHEY,REPUBLICAN PARTY,219.000000
2014,19195195012,SECRETARY OF AGRICULTURE,,LEVI BENNING,NEW INDEPENDENT PARTY IOWA,13.000000
2014,19195195012,SECRETARY OF AGRICULTURE,,SHERRIE TAHA,DEMOCRATIC PARTY,67.000000
2014,19195195012,SECRETARY OF AGRICULTURE,,WRITE IN,,0.000000
2014,19195195012,SECRETARY OF STATE,,BRAD ANDERSON,DEMOCRATIC PARTY,119.000000
2014,19195195012,SECRETARY OF STATE,,JAKE PORTER,LIBERTARIAN PARTY,9.000000
2014,19195195012,SECRETARY OF STATE,,PAUL D PATE,REPUBLICAN PARTY,165.000000
2014,19195195012,SECRETARY OF STATE,,SPENCER HIGHLAND,NEW INDEPENDENT PARTY IOWA,3.000000
2014,19195195012,SECRETARY OF STATE,,WRITE IN,,0.000000
2014,19195195012,TREASURER OF STATE,,KEITH A LAUBE,LIBERTARIAN PARTY,11.000000
2014,19195195012,TREASURER OF STATE,,MICHAEL L FITZGERALD,DEMOCRATIC PARTY,144.000000
2014,19195195012,TREASURER OF STATE,,SAM CLOVIS,REPUBLICAN PARTY,143.000000
2014,19195195012,TREASURER OF STATE,,WRITE IN,,0.000000
2014,19195195012,U S SENATE,,BOB QUAST,BOB QUAST FOR TERM LIMITS,0.000000
2014,19195195012,U S SENATE,,BRUCE BRALEY,DEMOCRATIC PARTY,132.000000
2014,19195195012,U S SENATE,,DOUGLAS BUTZIER,LIBERTARIAN PARTY,1.000000
2014,19195195012,U S SENATE,,JONI ERNST,REPUBLICAN PARTY,164.000000
2014,19195195012,U S SENATE,,RICK STEWART,INDEPENDENT,2.000000
2014,19195195012,U S SENATE,,RUTH SMITH,,2.000000
2014,19195195012,U S SENATE,,WRITE IN,,0.000000
2014,19195195013,ATTORNEY GENERAL,,ADAM GREGG,REPUBLICAN PARTY,91.000000
2014,19195195013,ATTORNEY GENERAL,,TOM MILLER,DEMOCRATIC PARTY,91.000000
2014,19195195013,ATTORNEY GENERAL,,WRITE IN,,0.000000
2014,19195195013,AUDITOR OF STATE,,JONATHAN NEIDERBACH,DEMOCRATIC PARTY,69.000000
2014,19195195013,AUDITOR OF STATE,,MARY MOSIMAN,REPUBLICAN PARTY,108.000000
2014,19195195013,AUDITOR OF STATE,,WRITE IN,,1.000000
2014,19195195013,GOVERNOR,,JACK HATCH MONICA VERNON,DEMOCRATIC PARTY,60.000000
2014,19195195013,GOVERNOR,,JIM HENNAGER MARY MARGARET KRIEG,NEW INDEPENDENT PARTY IOWA,1.000000
2014,19195195013,GOVERNOR,,JONATHAN R NARCISSE MICHAEL L RICHARDS,IOWA PARTY,2.000000
2014,19195195013,GOVERNOR,,LEE DEAKINS HIEB TIM WATSON,LIBERTARIAN PARTY,3.000000
2014,19195195013,GOVERNOR,,TERRY E BRANSTAD KIM REYNOLDS,REPUBLICAN PARTY,122.000000
2014,19195195013,GOVERNOR,,WRITE IN,,0.000000
2014,19195195013,SECRETARY OF AGRICULTURE,,BILL NORTHEY,REPUBLICAN PARTY,129.000000
2014,19195195013,SECRETARY OF AGRICULTURE,,LEVI BENNING,NEW INDEPENDENT PARTY IOWA,5.000000
2014,19195195013,SECRETARY OF AGRICULTURE,,SHERRIE TAHA,DEMOCRATIC PARTY,48.000000
2014,19195195013,SECRETARY OF AGRICULTURE,,WRITE IN,,0.000000
2014,19195195013,SECRETARY OF STATE,,BRAD ANDERSON,DEMOCRATIC PARTY,79.000000
2014,19195195013,SECRETARY OF STATE,,JAKE PORTER,LIBERTARIAN PARTY,7.000000
2014,19195195013,SECRETARY OF STATE,,PAUL D PATE,REPUBLICAN PARTY,92.000000
2014,19195195013,SECRETARY OF STATE,,SPENCER HIGHLAND,NEW INDEPENDENT PARTY IOWA,2.000000
2014,19195195013,SECRETARY OF STATE,,WRITE IN,,0.000000
2014,19195195013,TREASURER OF STATE,,KEITH A LAUBE,LIBERTARIAN PARTY,8.000000
2014,19195195013,TREASURER OF STATE,,MICHAEL L FITZGERALD,DEMOCRATIC PARTY,96.000000
2014,19195195013,TREASURER OF STATE,,SAM CLOVIS,REPUBLICAN PARTY,76.000000
2014,19195195013,TREASURER OF STATE,,WRITE IN,,0.000000
2014,19195195013,U S SENATE,,BOB QUAST,BOB QUAST FOR TERM LIMITS,1.000000
2014,19195195013,U S SENATE,,BRUCE BRALEY,DEMOCRATIC PARTY,88.000000
2014,19195195013,U S SENATE,,DOUGLAS BUTZIER,LIBERTARIAN PARTY,0.000000
2014,19195195013,U S SENATE,,JONI ERNST,REPUBLICAN PARTY,91.000000
2014,19195195013,U S SENATE,,RICK STEWART,INDEPENDENT,7.000000
2014,19195195013,U S SENATE,,RUTH SMITH,,1.000000
2014,19195195013,U S SENATE,,WRITE IN,,1.000000
2014,19197197005,ATTORNEY GENERAL,,ADAM GREGG,REPUBLICAN PARTY,525.000000
2014,19197197005,ATTORNEY GENERAL,,TOM MILLER,DEMOCRATIC PARTY,704.000000
2014,19197197005,ATTORNEY GENERAL,,WRITE IN,,1.000000
2014,19197197005,AUDITOR OF STATE,,JONATHAN NEIDERBACH,DEMOCRATIC PARTY,399.000000
2014,19197197005,AUDITOR OF STATE,,MARY MOSIMAN,REPUBLICAN PARTY,781.000000
2014,19197197005,AUDITOR OF STATE,,WRITE IN,,2.000000
2014,19197197005,GOVERNOR,,JACK HATCH MONICA VERNON,DEMOCRATIC PARTY,383.000000
2014,19197197005,GOVERNOR,,JIM HENNAGER MARY MARGARET KRIEG,NEW INDEPENDENT PARTY IOWA,9.000000
2014,19197197005,GOVERNOR,,JONATHAN R NARCISSE MICHAEL L RICHARDS,IOWA PARTY,10.000000
2014,19197197005,GOVERNOR,,LEE DEAKINS HIEB TIM WATSON,LIBERTARIAN PARTY,19.000000
2014,19197197005,GOVERNOR,,TERRY E BRANSTAD KIM REYNOLDS,REPUBLICAN PARTY,831.000000
2014,19197197005,GOVERNOR,,WRITE IN,,1.000000
2014,19197197005,SECRETARY OF AGRICULTURE,,BILL NORTHEY,REPUBLICAN PARTY,867.000000
2014,19197197005,SECRETARY OF AGRICULTURE,,LEVI BENNING,NEW INDEPENDENT PARTY IOWA,35.000000
2014,19197197005,SECRETARY OF AGRICULTURE,,SHERRIE TAHA,DEMOCRATIC PARTY,301.000000
2014,19197197005,SECRETARY OF AGRICULTURE,,WRITE IN,,1.000000
2014,19197197005,SECRETARY OF STATE,,BRAD ANDERSON,DEMOCRATIC PARTY,501.000000
2014,19197197005,SECRETARY OF STATE,,JAKE PORTER,LIBERTARIAN PARTY,24.000000
2014,19197197005,SECRETARY OF STATE,,PAUL D PATE,REPUBLICAN PARTY,642.000000
2014,19197197005,SECRETARY OF STATE,,SPENCER HIGHLAND,NEW INDEPENDENT PARTY IOWA,19.000000
2014,19197197005,SECRETARY OF STATE,,WRITE IN,,2.000000
2014,19197197005,TREASURER OF STATE,,KEITH A LAUBE,LIBERTARIAN PARTY,32.000000
2014,19197197005,TREASURER OF STATE,,MICHAEL L FITZGERALD,DEMOCRATIC PARTY,610.000000
2014,19197197005,TREASURER OF STATE,,SAM CLOVIS,REPUBLICAN PARTY,556.000000
2014,19197197005,TREASURER OF STATE,,WRITE IN,,1.000000
2014,19197197005,U S SENATE,,BOB QUAST,BOB QUAST FOR TERM LIMITS,7.000000
2014,19197197005,U S SENATE,,BRUCE BRALEY,DEMOCRATIC PARTY,457.000000
2014,19197197005,U S SENATE,,DOUGLAS BUTZIER,LIBERTARIAN PARTY,7.000000
2014,19197197005,U S SENATE,,JONI ERNST,REPUBLICAN PARTY,720.000000
2014,19197197005,U S SENATE,,RICK STEWART,INDEPENDENT,34.000000
2014,19197197005,U S SENATE,,RUTH SMITH,,7.000000
2014,19197197005,U S SENATE,,WRITE IN,,3.000000
2014,19197197011,ATTORNEY GENERAL,,ADAM GREGG,REPUBLICAN PARTY,188.000000
2014,19197197011,ATTORNEY GENERAL,,TOM MILLER,DEMOCRATIC PARTY,146.000000
2014,19197197011,ATTORNEY GENERAL,,WRITE IN,,0.000000
2014,19197197011,AUDITOR OF STATE,,JONATHAN NEIDERBACH,DEMOCRATIC PARTY,84.000000
2014,19197197011,AUDITOR OF STATE,,MARY MOSIMAN,REPUBLICAN PARTY,234.000000
2014,19197197011,AUDITOR OF STATE,,WRITE IN,,0.000000
2014,19197197011,GOVERNOR,,JACK HATCH MONICA VERNON,DEMOCRATIC PARTY,62.000000
2014,19197197011,GOVERNOR,,JIM HENNAGER MARY MARGARET KRIEG,NEW INDEPENDENT PARTY IOWA,3.000000
2014,19197197011,GOVERNOR,,JONATHAN R NARCISSE MICHAEL L RICHARDS,IOWA PARTY,2.000000
2014,19197197011,GOVERNOR,,LEE DEAKINS HIEB TIM WATSON,LIBERTARIAN PARTY,8.000000
2014,19197197011,GOVERNOR,,TERRY E BRANSTAD KIM REYNOLDS,REPUBLICAN PARTY,264.000000
2014,19197197011,GOVERNOR,,WRITE IN,,0.000000
2014,19197197011,SECRETARY OF AGRICULTURE,,BILL NORTHEY,REPUBLICAN PARTY,257.000000
2014,19197197011,SECRETARY OF AGRICULTURE,,LEVI BENNING,NEW INDEPENDENT PARTY IOWA,7.000000
2014,19197197011,SECRETARY OF AGRICULTURE,,SHERRIE TAHA,DEMOCRATIC PARTY,62.000000
2014,19197197011,SECRETARY OF AGRICULTURE,,WRITE IN,,0.000000
2014,19197197011,SECRETARY OF STATE,,BRAD ANDERSON,DEMOCRATIC PARTY,98.000000
2014,19197197011,SECRETARY OF STATE,,JAKE PORTER,LIBERTARIAN PARTY,11.000000
2014,19197197011,SECRETARY OF STATE,,PAUL D PATE,REPUBLICAN PARTY,216.000000
2014,19197197011,SECRETARY OF STATE,,SPENCER HIGHLAND,NEW INDEPENDENT PARTY IOWA,5.000000
2014,19197197011,SECRETARY OF STATE,,WRITE IN,,0.000000
2014,19197197011,TREASURER OF STATE,,KEITH A LAUBE,LIBERTARIAN PARTY,11.000000
2014,19197197011,TREASURER OF STATE,,MICHAEL L FITZGERALD,DEMOCRATIC PARTY,121.000000
2014,19197197011,TREASURER OF STATE,,SAM CLOVIS,REPUBLICAN PARTY,191.000000
2014,19197197011,TREASURER OF STATE,,WRITE IN,,0.000000
2014,19197197011,U S SENATE,,BOB QUAST,BOB QUAST FOR TERM LIMITS,1.000000
2014,19197197011,U S SENATE,,BRUCE BRALEY,DEMOCRATIC PARTY,80.000000
2014,19197197011,U S SENATE,,DOUGLAS BUTZIER,LIBERTARIAN PARTY,3.000000
2014,19197197011,U S SENATE,,JONI ERNST,REPUBLICAN PARTY,246.000000
2014,19197197011,U S SENATE,,RICK STEWART,INDEPENDENT,6.000000
2014,19197197011,U S SENATE,,RUTH SMITH,,2.000000
2014,19197197011,U S SENATE,,WRITE IN,,0.000000
2014,19197197014,ATTORNEY GENERAL,,ADAM GREGG,REPUBLICAN PARTY,405.000000
2014,19197197014,ATTORNEY GENERAL,,TOM MILLER,DEMOCRATIC PARTY,505.000000
2014,19197197014,ATTORNEY GENERAL,,WRITE IN,,0.000000
2014,19197197014,AUDITOR OF STATE,,JONATHAN NEIDERBACH,DEMOCRATIC PARTY,303.000000
2014,19197197014,AUDITOR OF STATE,,MARY MOSIMAN,REPUBLICAN PARTY,578.000000
2014,19197197014,AUDITOR OF STATE,,WRITE IN,,1.000000
2014,19197197014,GOVERNOR,,JACK HATCH MONICA VERNON,DEMOCRATIC PARTY,281.000000
2014,19197197014,GOVERNOR,,JIM HENNAGER MARY MARGARET KRIEG,NEW INDEPENDENT PARTY IOWA,11.000000
2014,19197197014,GOVERNOR,,JONATHAN R NARCISSE MICHAEL L RICHARDS,IOWA PARTY,9.000000
2014,19197197014,GOVERNOR,,LEE DEAKINS HIEB TIM WATSON,LIBERTARIAN PARTY,15.000000
2014,19197197014,GOVERNOR,,TERRY E BRANSTAD KIM REYNOLDS,REPUBLICAN PARTY,625.000000
2014,19197197014,GOVERNOR,,WRITE IN,,0.000000
2014,19197197014,SECRETARY OF AGRICULTURE,,BILL NORTHEY,REPUBLICAN PARTY,681.000000
2014,19197197014,SECRETARY OF AGRICULTURE,,LEVI BENNING,NEW INDEPENDENT PARTY IOWA,38.000000
2014,19197197014,SECRETARY OF AGRICULTURE,,SHERRIE TAHA,DEMOCRATIC PARTY,196.000000
2014,19197197014,SECRETARY OF AGRICULTURE,,WRITE IN,,1.000000
2014,19197197014,SECRETARY OF STATE,,BRAD ANDERSON,DEMOCRATIC PARTY,382.000000
2014,19197197014,SECRETARY OF STATE,,JAKE PORTER,LIBERTARIAN PARTY,30.000000
2014,19197197014,SECRETARY OF STATE,,PAUL D PATE,REPUBLICAN PARTY,474.000000
2014,19197197014,SECRETARY OF STATE,,SPENCER HIGHLAND,NEW INDEPENDENT PARTY IOWA,13.000000
2014,19197197014,SECRETARY OF STATE,,WRITE IN,,1.000000
2014,19197197014,TREASURER OF STATE,,KEITH A LAUBE,LIBERTARIAN PARTY,33.000000
2014,19197197014,TREASURER OF STATE,,MICHAEL L FITZGERALD,DEMOCRATIC PARTY,443.000000
2014,19197197014,TREASURER OF STATE,,SAM CLOVIS,REPUBLICAN PARTY,428.000000
2014,19197197014,TREASURER OF STATE,,WRITE IN,,0.000000
2014,19197197014,U S SENATE,,BOB QUAST,BOB QUAST FOR TERM LIMITS,4.000000
2014,19197197014,U S SENATE,,BRUCE BRALEY,DEMOCRATIC PARTY,320.000000
2014,19197197014,U S SENATE,,DOUGLAS BUTZIER,LIBERTARIAN PARTY,2.000000
2014,19197197014,U S SENATE,,JONI ERNST,REPUBLICAN PARTY,568.000000
2014,19197197014,U S SENATE,,RICK STEWART,INDEPENDENT,26.000000
2014,19197197014,U S SENATE,,RUTH SMITH,,8.000000
2014,19197197014,U S SENATE,,WRITE IN,,1.000000
