{"type":"FeatureCollection","features":[{"type":"Feature","geometry":{"type":"Point","coordinates":[-94.97123887899994,43.30654945900005]},"properties":{"name":"Terril Memorial Bldg-east Rm","county":"Dickinson","precinct":"Precinct 06","address":"115 N STATE ST","city":"TERRIL","zip":"51364","affiliation_source":""}},{"type":"Feature","geometry":{"type":"Point","coordinates":[-94.97123887899994,43.30654945900005]},"properties":{"name":"Terril Memorial Bldg-west Rm","county":"Dickinson","precinct":"Precinct 07","address":"115 N STATE ST","city":"TERRIL","zip":"51364","affiliation_source":""}},{"type":"Feature","geometry":{"type":"Point","coordinates":[-95.15132343399995,43.323338780000086]},"properties":{"name":"Milford Comm Bldg-east Room","county":"Dickinson","precinct":"Precinct 08","address":"806 N AVE","city":"MILFORD","zip":"51351","affiliation_source":""}},{"type":"Feature","geometry":{"type":"Point","coordinates":[-95.15132343399995,43.323338780000086]},"properties":{"name":"Milford Comm Bldg-east Room","county":"Dickinson","precinct":"Precinct 09","address":"806 N AVE","city":"MILFORD","zip":"51351","affiliation_source":""}},{"type":"Feature","geometry":{"type":"Point","coordinates":[-95.02389206299995,43.13244492400008]},"properties":{"name":"Dickens Comm Center","county":"Clay","precinct":"Lake/Freeman","address":"302 MAIN ST","city":"DICKENS","zip":"51333","affiliation_source":""}},{"type":"Feature","geometry":{"type":"Point","coordinates":[-95.32729836199991,43.159639112000036]},"properties":{"name":"Hap Ketelsen Comm Cntr-everly","county":"Clay","precinct":"Waterford/Lone Tree","address":"203 N MAIN ST","city":"EVERLY","zip":"51338","affiliation_source":""}},{"type":"Feature","geometry":{"type":"Point","coordinates":[-95.0372201539999,43.01470199100004]},"properties":{"name":"Gillett Grove City Hall","county":"Clay","precinct":"Logan/Gillett Grove","address":"221 RAILWAY ST","city":"GILLETT GROVE","zip":"51341","affiliation_source":""}},{"type":"Feature","geometry":{"type":"Point","coordinates":[-95.2843501019999,43.06450700700009]},"properties":{"name":"Royal Community Center","county":"Clay","precinct":"Lincoln/Clay","address":"302 MAIN ST","city":"ROYAL","zip":"51357","affiliation_source":""}},{"type":"Feature","geometry":{"type":"Point","coordinates":[-95.34456422499994,42.917848054000046]},"properties":{"name":"Peterson Community Ctr","county":"Clay","precinct":"Douglas/Peterson","address":"12 2ND ST","city":"PETERSON","zip":"51047","affiliation_source":""}},{"type":"Feature","geometry":{"type":"Point","coordinates":[-95.01294127599994,42.949539075000075]},"properties":{"name":"Webb Community Center","county":"Clay","precinct":"Garfield/Herdland","address":"306 CHURCH ST","city":"WEBB","zip":"51336","affiliation_source":""}},{"type":"Feature","geometry":{"type":"Point","coordinates":[-95.15556756899991,43.155537036000055]},"properties":{"name":"Clay Co Reg Events Center 1","county":"Clay","precinct":"Spencer Ward 1","address":"800 W 18TH ST","city":"SPENCER","zip":"51301","affiliation_source":""}},{"type":"Feature","geometry":{"type":"Point","coordinates":[-95.15556756899991,43.155537036000055]},"properties":{"name":"Clay Co Reg Events Center 2","county":"Clay","precinct":"Spencer Ward 2","address":"800 W 18TH ST","city":"SPENCER","zip":"51301","affiliation_source":""}},{"type":"Feature","geometry":{"type":"Point","coordinates":[-95.15556756899991,43.155537036000055]},"properties":{"name":"Clay Co Reg Events Center 3","county":"Clay","precinct":"Spencer Ward 3","address":"800 W 18TH ST","city":"SPENCER","zip":"51301","affiliation_source":""}},{"type":"Feature","geometry":{"type":"Point","coordinates":[-95.15556756899991,43.155537036000055]},"properties":{"name":"Clay Co Reg Events Center 4","county":"Clay","precinct":"Spencer Ward 4","address":"800 W 18TH ST","city":"SPENCER","zip":"51301","affiliation_source":""}},{"type":"Feature","geometry":{"type":"Point","coordinates":[-95.15556756899991,43.155537036000055]},"properties":{"name":"Clay Co Reg Events Center 5","county":"Clay","precinct":"Spencer Ward 5","address":"800 W 18TH ST","city":"SPENCER","zip":"51301","affiliation_source":""}},{"type":"Feature","geometry":{"type":"Point","coordinates":[-95.15556756899991,43.155537036000055]},"properties":{"name":"Clay Co Reg Events Center 6","county":"Clay","precinct":"Summit/Riverton/Sioux/Meadow","address":"800 W 18TH ST","city":"SPENCER","zip":"51301","affiliation_source":""}},{"type":"Feature","geometry":{"type":"Point","coordinates":[-95.32378550699991,43.44820445800008]},"properties":{"name":"Lake Park Community Center","county":"Dickinson","precinct":"Precinct 01","address":"903 S MARKET ST","city":"LAKE PARK","zip":"51347","affiliation_source":""}},{"type":"Feature","geometry":{"type":"Point","coordinates":[-94.94765807099992,43.43122051200004]},"properties":{"name":"Superior Municipal Building","county":"Dickinson","precinct":"Precinct 04","address":"111 7TH ST","city":"SUPERIOR","zip":"51363","affiliation_source":""}},{"type":"Feature","geometry":{"type":"Point","coordinates":[-95.18534264199991,43.38062993500006]},"properties":{"name":"Mahan Hall-lakeside Lab Grounds","county":"Dickinson","precinct":"Precinct 02","address":"1838 HWY 86","city":"MILFORD","zip":"51351","affiliation_source":""}},{"type":"Feature","geometry":{"type":"Point","coordinates":[-95.17341820299993,43.37420558600007]},"properties":{"name":"Wahpeton City Hall","county":"Dickinson","precinct":"Precinct 10","address":"1201 DAKOTA DR","city":"MILFORD","zip":"51351","affiliation_source":""}},{"type":"Feature","geometry":{"type":"Point","coordinates":[-95.12726359599992,43.38689577200006]},"properties":{"name":"Okoboji City Hall","county":"Dickinson","precinct":"Precinct 11","address":"1322 HWY 71 N","city":"OKOBOJI","zip":"51355","affiliation_source":""}},{"type":"Feature","geometry":{"type":"Point","coordinates":[-95.11556992999994,43.42554676000009]},"properties":{"name":"Dc Expo Center Meeting Rm","county":"Dickinson","precinct":"Precinct 03","address":"1602 15TH ST","city":"SPIRIT LAKE","zip":"51360","affiliation_source":""}},{"type":"Feature","geometry":{"type":"Point","coordinates":[-95.11556992999994,43.42554676000009]},"properties":{"name":"Dickinson Co Expo Bldg","county":"Dickinson","precinct":"Precinct 12","address":"1602 15TH ST","city":"SPIRIT LAKE","zip":"51360","affiliation_source":""}},{"type":"Feature","geometry":{"type":"Point","coordinates":[-95.11556992999994,43.42554676000009]},"properties":{"name":"Dc Comm Bldg-west Room","county":"Dickinson","precinct":"Precinct 13","address":"1602 15TH ST","city":"SPIRIT LAKE","zip":"51360","affiliation_source":""}},{"type":"Feature","geometry":{"type":"Point","coordinates":[-95.11556992999994,43.42554676000009]},"properties":{"name":"Dc Comm Bldg East Room","county":"Dickinson","precinct":"Precinct 15","address":"1602 15TH ST","city":"SPIRIT LAKE","zip":"51360","affiliation_source":""}},{"type":"Feature","geometry":{"type":"Point","coordinates":[-95.12683818099993,43.416129355000066]},"properties":{"name":"Lakes Community Land Trust Office","county":"Dickinson","precinct":"Precinct 14","address":"2650 ENTERPRISE AVE","city":"SPIRIT LAKE","zip":"51360","affiliation_source":""}},{"type":"Feature","geometry":{"type":"Point","coordinates":[-95.12620861499994,43.37042048900008]},"properties":{"name":"Arnolds Park City Hall","county":"Dickinson","precinct":"Precinct 05","address":"156 N HWY 71","city":"ARNOLDS PARK","zip":"51331","affiliation_source":""}},{"type":"Feature","geometry":{"type":"Point","coordinates":[-95.43659960499991,42.712909409000076]},"properties":{"name":"Aurelia Community Center","county":"Cherokee","precinct":"Aurelia","address":"235 MAIN ST","city":"AURELIA","zip":"51005","affiliation_source":""}},{"type":"Feature","geometry":{"type":"Point","coordinates":[-95.71333130399995,42.81303069300009]},"properties":{"name":"Cleghorn Community Center","county":"Cherokee","precinct":"Cleghorn","address":"102 W GRACE","city":"CLEGHORN","zip":"51014","affiliation_source":""}},{"type":"Feature","geometry":{"type":"Point","coordinates":[-95.64206621299991,42.62568825200009]},"properties":{"name":"Quimby Community Center","county":"Cherokee","precinct":"Quimby","address":"MAIN STREET","city":"QUIMBY","zip":"51049","affiliation_source":""}},{"type":"Feature","geometry":{"type":"Point","coordinates":[-95.55224705799992,42.76421148800006]},"properties":{"name":"Lower Level","county":"Cherokee","precinct":"Cherokee","address":"COMMUNITY CENTER, 530 W BLUFF ST","city":"CHEROKEE","zip":"51012","affiliation_source":""}},{"type":"Feature","geometry":{"type":"Point","coordinates":[-95.55224705799992,42.76421148800006]},"properties":{"name":"Upper Level, West Side Of Auditorium","county":"Cherokee","precinct":"Cherokee Ward 1","address":"COMMUNITY CENTER, 530 W BLUFF ST","city":"CHEROKEE","zip":"51012","affiliation_source":""}},{"type":"Feature","geometry":{"type":"Point","coordinates":[-95.55224705799992,42.76421148800006]},"properties":{"name":"Upper Level, East Side Of Auditorium","county":"Cherokee","precinct":"Cherokee Ward 2","address":"COMMUNITY CENTER, 530 W BLUFF ST","city":"CHEROKEE","zip":"51012","affiliation_source":""}},{"type":"Feature","geometry":{"type":"Point","coordinates":[-95.55224705799992,42.76421148800006]},"properties":{"name":"Upper Level, South Room","county":"Cherokee","precinct":"Cherokee Ward 3","address":"COMMUNITY CENTER, 530 W BLUFF ST","city":"CHEROKEE","zip":"51012","affiliation_source":""}},{"type":"Feature","geometry":{"type":"Point","coordinates":[-94.47908041599993,42.15528689000007]},"properties":{"name":"Community Center, Churdan","county":"Greene","precinct":"North Precinct","address":"410 SAND STREET","city":"CHURDAN","zip":"50050","affiliation_source":""}},{"type":"Feature","geometry":{"type":"Point","coordinates":[-94.54286669999993,42.02265387300008]},"properties":{"name":"New Scranton City Hall","county":"Greene","precinct":"West Precinct","address":"900 EAGLE STREET","city":"SCRANTON","zip":"51462","affiliation_source":""}},{"type":"Feature","geometry":{"type":"Point","coordinates":[-94.2331135629999,42.03071434100008]},"properties":{"name":"St Brigid Parish Center","county":"Greene","precinct":"East Precinct","address":"602 HAGER ST E","city":"GRAND JUNCTION","zip":"50107","affiliation_source":""}},{"type":"Feature","geometry":{"type":"Point","coordinates":[-94.36798598599995,42.01526164300009]},"properties":{"name":"Clover Hall, Fairgrounds","county":"Greene","precinct":"Central Precinct","address":"601 E LINCOLNWAY","city":"JEFFERSON","zip":"50129","affiliation_source":""}},{"type":"Feature","geometry":{"type":"Point","coordinates":[-94.3735230559999,42.01548955700008]},"properties":{"name":"S Assm Room, Courthouse","county":"Greene","precinct":"Jefferson 1","address":"114 N CHESTNUT STREET","city":"JEFFERSON","zip":"50129","affiliation_source":""}},{"type":"Feature","geometry":{"type":"Point","coordinates":[-94.38465112099993,42.01520299500004]},"properties":{"name":"Trinity Lutheran Church","county":"Greene","precinct":"Jefferson 2","address":"801 W LINCOLN WAY","city":"JEFFERSON","zip":"50129","affiliation_source":""}},{"type":"Feature","geometry":{"type":"Point","coordinates":[-94.37622091199995,42.014318365000065]},"properties":{"name":"Greene Co Community Center","county":"Greene","precinct":"Jefferson 3","address":"204 W HARRISON STREET","city":"JEFFERSON","zip":"50129","affiliation_source":""}},{"type":"Feature","geometry":{"type":"Point","coordinates":[-93.8166648859999,41.967423385000075]},"properties":{"name":"Luther Comm Room","county":"Boone","precinct":"Rural Precinct 2","address":"7 LUTHER ST","city":"LUTHER","zip":"50152","affiliation_source":""}},{"type":"Feature","geometry":{"type":"Point","coordinates":[-94.1138005009999,41.94395356900009]},"properties":{"name":"County Shed - Berkley","county":"Boone","precinct":"Rural Precinct 3","address":"262 284TH ST","city":"PERRY","zip":"50220","affiliation_source":""}},{"type":"Feature","geometry":{"type":"Point","coordinates":[-94.01723440099994,42.153905430000066]},"properties":{"name":"Pilot Mound Comm Room","county":"Boone","precinct":"Rural Precinct 5","address":"508 PILOT ST","city":"PILOT MOUND","zip":"50223","affiliation_source":""}},{"type":"Feature","geometry":{"type":"Point","coordinates":[-93.85906614099991,42.06379816200007]},"properties":{"name":"Fairgrounds Comm Bldg - Bn1","county":"Boone","precinct":"Boone 1","address":"1601 INDUSTRIAL PARK RD","city":"BOONE","zip":"50036","affiliation_source":""}},{"type":"Feature","geometry":{"type":"Point","coordinates":[-93.88334332199992,42.062940379000054]},"properties":{"name":"Ericson Public Library","county":"Boone","precinct":"Boone 4/DMS Twp","address":"702 GREENE ST","city":"BOONE","zip":"50036","affiliation_source":""}},{"type":"Feature","geometry":{"type":"Point","coordinates":[-93.85906614099991,42.06379816200007]},"properties":{"name":"Fairgrounds Comm Bldg - Rp6","county":"Boone","precinct":"Rural Precinct 6","address":"1601 INDUSTRIAL PARK RD","city":"BOONE","zip":"50036","affiliation_source":""}},{"type":"Feature","geometry":{"type":"Point","coordinates":[-94.03779252099991,42.038795994000054]},"properties":{"name":"Leonard Good Comm Center","county":"Boone","precinct":"Ogden","address":"114 SW 8TH ST","city":"OGDEN","zip":"50212","affiliation_source":""}},{"type":"Feature","geometry":{"type":"Point","coordinates":[-94.02968233199994,42.03801680200007]},"properties":{"name":"Good Public Library","county":"Boone","precinct":"Rural Precinct 4","address":"208 W MULBERRY ST","city":"OGDEN","zip":"50212","affiliation_source":""}},{"type":"Feature","geometry":{"type":"Point","coordinates":[-93.87694161899992,42.04574078300004]},"properties":{"name":"Dmacc","county":"Boone","precinct":"Boone 2","address":"1125 HANCOCK DR","city":"BOONE","zip":"50036","affiliation_source":""}},{"type":"Feature","geometry":{"type":"Point","coordinates":[-93.88024769999993,42.04031180100009]},"properties":{"name":"First Evangelical Free Church","county":"Boone","precinct":"Boone 3","address":"1407 KATE SHELLEY DR","city":"BOONE","zip":"50036","affiliation_source":""}},{"type":"Feature","geometry":{"type":"Point","coordinates":[-93.90561758199993,42.05884007800006]},"properties":{"name":"Courthouse","county":"Boone","precinct":"Boone 5","address":"201 STATE ST","city":"BOONE","zip":"50036","affiliation_source":""}},{"type":"Feature","geometry":{"type":"Point","coordinates":[-93.64317735799995,42.48013024100004]},"properties":{"name":"Blairsburg City Hall","county":"Hamilton","precinct":"Pct 2 Blairsburg Liberty Williams","address":"516 LAKE ST","city":"BLAIRSBURG","zip":"50034","affiliation_source":""}},{"type":"Feature","geometry":{"type":"Point","coordinates":[-93.79562043099992,42.28899655300006]},"properties":{"name":"Stanhope Community Building","county":"Hamilton","precinct":"Pct 3 Clear Lake Hamilton Marion Webster","address":"600 MAIN ST","city":"STANHOPE","zip":"50246","affiliation_source":""}},{"type":"Feature","geometry":{"type":"Point","coordinates":[-93.6449366089999,42.30250852100005]},"properties":{"name":"South Hamilton High School","county":"Hamilton","precinct":"Pct 4 Lyon Ellsworth","address":"315 DIVISION ST","city":"JEWELL","zip":"50130","affiliation_source":""}},{"type":"Feature","geometry":{"type":"Point","coordinates":[-93.58005677299991,42.31448031700006]},"properties":{"name":"Ellsworth Community Center","county":"Hamilton","precinct":"Pct 5 Lincoln Rose Grove Scott","address":"1724 DESOTA ST","city":"ELLSWORTH","zip":"50075","affiliation_source":""}},{"type":"Feature","geometry":{"type":"Point","coordinates":[-93.83470965299995,42.46113692100005]},"properties":{"name":"Trinity Evangelical Lutheran Church","county":"Hamilton","precinct":"Pct 1 Cass Freedom Fremont Independence","address":"1229 KATHY LANE","city":"WEBSTER CITY","zip":"50595","affiliation_source":""}},{"type":"Feature","geometry":{"type":"Point","coordinates":[-93.83545791699993,42.46614982400007]},"properties":{"name":"St Paul Lutheran Church","county":"Hamilton","precinct":"Webster City 2","address":"1005 BEACH ST","city":"WEBSTER CITY","zip":"50595","affiliation_source":""}},{"type":"Feature","geometry":{"type":"Point","coordinates":[-93.8159179669999,42.46681883200006]},"properties":{"name":"Webster City Fire Station","county":"Hamilton","precinct":"Webster City 1","address":"919 SUPERIOR ST","city":"WEBSTER CITY","zip":"50595","affiliation_source":""}},{"type":"Feature","geometry":{"type":"Point","coordinates":[-93.81861031999995,42.467567097000085]},"properties":{"name":"First Baptist Church","county":"Hamilton","precinct":"Webster City 3","address":"543 DIVISION ST","city":"WEBSTER CITY","zip":"50595","affiliation_source":""}},{"type":"Feature","geometry":{"type":"Point","coordinates":[-93.82174033599995,41.874835027000074]},"properties":{"name":"Madrid Comm Room - Md1","county":"Boone","precinct":"Madrid 1","address":"303 S WATER ST","city":"MADRID","zip":"50156","affiliation_source":""}},{"type":"Feature","geometry":{"type":"Point","coordinates":[-93.82174033599995,41.874835027000074]},"properties":{"name":"Madrid Comm Room - Md2","county":"Boone","precinct":"Madrid 2","address":"303 S WATER ST","city":"MADRID","zip":"50156","affiliation_source":""}},{"type":"Feature","geometry":{"type":"Point","coordinates":[-93.82174033599995,41.874835027000074]},"properties":{"name":"Madrid Comm Room - Md3","county":"Boone","precinct":"Madrid 3","address":"303 S WATER ST","city":"MADRID","zip":"50156","affiliation_source":""}},{"type":"Feature","geometry":{"type":"Point","coordinates":[-93.8215850339999,41.87495882800005]},"properties":{"name":"Madrid Public Library","county":"Boone","precinct":"Rural Precinct 1","address":"100 W 3RD ST","city":"MADRID","zip":"50156","affiliation_source":""}},{"type":"Feature","geometry":{"type":"Point","coordinates":[-92.87276480799994,42.224530316000084]},"properties":{"name":"Conrad Library","county":"Grundy","precinct":"P1","address":"204 E CENTER STREET","city":"CONRAD","zip":"50621","affiliation_source":""}},{"type":"Feature","geometry":{"type":"Point","coordinates":[-92.9263077309999,42.435329968000076]},"properties":{"name":"Wellsburg Public Library","county":"Grundy","precinct":"P3","address":"411 NORTH ADAMS STREET","city":"WELLSBURG","zip":"50680","affiliation_source":""}},{"type":"Feature","geometry":{"type":"Point","coordinates":[-92.77029350299995,42.45542936700008]},"properties":{"name":"Hcc Western Outreach Center","county":"Grundy","precinct":"P4","address":"17040 MARKET AVENUE","city":"HOLLAND","zip":"50642","affiliation_source":""}},{"type":"Feature","geometry":{"type":"Point","coordinates":[-92.62765045299994,42.46513016000006]},"properties":{"name":"Dike Library","county":"Grundy","precinct":"P5","address":"133 EAST ELDER STREET","city":"DIKE","zip":"50624","affiliation_source":""}},{"type":"Feature","geometry":{"type":"Point","coordinates":[-92.59773354799995,42.32399829600007]},"properties":{"name":"Reinbeck Memorial Building","county":"Grundy","precinct":"P6","address":"208 BROAD STREET","city":"REINBECK","zip":"50669","affiliation_source":""}},{"type":"Feature","geometry":{"type":"Point","coordinates":[-92.7728237849999,42.36252769100008]},"properties":{"name":"Gc Community Center","county":"Grundy","precinct":"P2","address":"705 F AVENUE","city":"GRUNDY CENTER","zip":"50638","affiliation_source":""}},{"type":"Feature","geometry":{"type":"Point","coordinates":[-92.7728237849999,42.36252769100008]},"properties":{"name":"Grundy Center Community Center","county":"Grundy","precinct":"P7","address":"705 F AVENUE","city":"GRUNDY CENTER","zip":"50638","affiliation_source":""}},{"type":"Feature","geometry":{"type":"Point","coordinates":[-93.37476500699995,42.519503850000035]},"properties":{"name":"Alden Public Library","county":"Hardin","precinct":"Alden/Buckeye Pct","address":"1012 WATER ST.","city":"ALDEN","zip":"50006","affiliation_source":""}},{"type":"Feature","geometry":{"type":"Point","coordinates":[-93.05211050399993,42.55114190100005]},"properties":{"name":"St. John's United Church Of Christ","county":"Hardin","precinct":"Etna/Clay Pct","address":"716 3RD AVE.","city":"ACKLEY","zip":"50601","affiliation_source":""}},{"type":"Feature","geometry":{"type":"Point","coordinates":[-93.26779575599994,42.496164726000075]},"properties":{"name":"Ellsworth Equine Center","county":"Hardin","precinct":"Hardin/Ellis/Jackson Pct","address":"709 ELLSWORTH AVE","city":"IOWA FALLS","zip":"50126","affiliation_source":""}},{"type":"Feature","geometry":{"type":"Point","coordinates":[-93.26849052799992,42.519601753000074]},"properties":{"name":"Barlow Memorial Library","county":"Hardin","precinct":"Iowa Falls 1 Pct","address":"921 WASHINGTON AVE","city":"IOWA FALLS","zip":"50126","affiliation_source":""}},{"type":"Feature","geometry":{"type":"Point","coordinates":[-93.27094627899993,42.514478126000085]},"properties":{"name":"Iowa Falls Fire Department","county":"Hardin","precinct":"Iowa Falls 2 Pct","address":"218 SO RIVER ST","city":"IOWA FALLS","zip":"50126","affiliation_source":""}},{"type":"Feature","geometry":{"type":"Point","coordinates":[-92.88413621199993,42.58395664800008]},"properties":{"name":"Aplington Community Center","county":"Butler","precinct":"5-AP","address":"929 PARRIOTT ST","city":"APLINGTON","zip":"50604","affiliation_source":""}},{"type":"Feature","geometry":{"type":"Point","coordinates":[-92.7874686639999,42.57437567200009]},"properties":{"name":"Parkersburg Veterans Memorial Building","county":"Butler","precinct":"7-PB","address":"102 COLFAX ST","city":"PARKERSBURG","zip":"50665","affiliation_source":""}},{"type":"Feature","geometry":{"type":"Point","coordinates":[-92.58333292799995,42.709980649000045]},"properties":{"name":"Boyd Building, Shell Rock","county":"Butler","precinct":"6-SR","address":"305 S CHERRY ST","city":"SHELL ROCK","zip":"50670","affiliation_source":""}},{"type":"Feature","geometry":{"type":"Point","coordinates":[-92.61831314199992,42.56837994700004]},"properties":{"name":"New Hartford Community Center","county":"Butler","precinct":"8-NH","address":"303 BROADWAY ST","city":"NEW HARTFORD","zip":"50660","affiliation_source":""}},{"type":"Feature","geometry":{"type":"Point","coordinates":[-93.29589622999993,42.30410660200005]},"properties":{"name":"Hubbard Fire Station","county":"Hardin","precinct":"Concord/Sherman/Grant/Tipton Pct","address":"218 N IOWA ST","city":"HUBBARD","zip":"50122","affiliation_source":""}},{"type":"Feature","geometry":{"type":"Point","coordinates":[-93.0995378589999,42.359368343000085]},"properties":{"name":"Eldora City Hall","county":"Hardin","precinct":"Eldora/Pleasant/Providence/Union Pct","address":"1442 WASHINGTON ST.","city":"ELDORA","zip":"50627","affiliation_source":""}},{"type":"Feature","geometry":{"type":"Point","coordinates":[-93.0989597599999,42.36060146400007]},"properties":{"name":"Hardin County Courthouse","county":"Hardin","precinct":"Eldora City Pct","address":"1215 EDGINGTON AVE.","city":"ELDORA","zip":"50627","affiliation_source":""}},{"type":"Feature","geometry":{"type":"Point","coordinates":[-92.74006160199991,43.12513594400008]},"properties":{"name":"Floyd Community Center","county":"Floyd","precinct":"Floyd-Cedar-Niles","address":"706 FAIRFIELD ST","city":"FLOYD","zip":"50435","affiliation_source":""}},{"type":"Feature","geometry":{"type":"Point","coordinates":[-92.94868052299995,43.052330303000076]},"properties":{"name":"Rockford City Hall","county":"Floyd","precinct":"Rockford-Ulster","address":"206 W. MAIN AVENUE","city":"ROCKFORD","zip":"50468","affiliation_source":""}},{"type":"Feature","geometry":{"type":"Point","coordinates":[-92.86835889199995,42.96481095100006]},"properties":{"name":"Marble Rock Library","county":"Floyd","precinct":"Scott-Union-Pleasant Grove","address":"122 MAIN ST. S","city":"MARBLE ROCK","zip":"50653","affiliation_source":""}},{"type":"Feature","geometry":{"type":"Point","coordinates":[-93.0055750009999,43.14312980600005]},"properties":{"name":"Nora Springs City Hall","county":"Floyd","precinct":"Rock Grove-Rudd","address":"45 N HAWKEYE AVENUE","city":"NORA SPRINGS","zip":"50458","affiliation_source":""}},{"type":"Feature","geometry":{"type":"Point","coordinates":[-92.6816185369999,43.06429145200008]},"properties":{"name":"Floyd County Courthouse","county":"Floyd","precinct":"Charles City 1 (Courthouse)","address":"101 S MAIN ST","city":"CHARLES CITY","zip":"50616","affiliation_source":""}},{"type":"Feature","geometry":{"type":"Point","coordinates":[-92.66133599599993,43.06568651400005]},"properties":{"name":"Messiah Lutheran Church","county":"Floyd","precinct":"Charles City 2 (Messiah)","address":"705 3RD AVENUE","city":"CHARLES CITY","zip":"50616","affiliation_source":""}},{"type":"Feature","geometry":{"type":"Point","coordinates":[-92.67361358699992,43.06987073200008]},"properties":{"name":"Trinity United Methodist Church","county":"Floyd","precinct":"Charles City 3 (Trinity)","address":"601 MILWAUKEE ST","city":"CHARLES CITY","zip":"50616","affiliation_source":""}},{"type":"Feature","geometry":{"type":"Point","coordinates":[-92.6656715449999,43.08005025500006]},"properties":{"name":"Cedar Valley Transportation","county":"Floyd","precinct":"St Charles-Riverton","address":"600 18TH ST.","city":"CHARLES CITY","zip":"50616","affiliation_source":""}},{"type":"Feature","geometry":{"type":"Point","coordinates":[-93.12331797099995,43.24520928700008]},"properties":{"name":"Plymouth City Hall","county":"Cerro Gordo","precinct":"Falls Twp/Plymouth Pct","address":"616 BROAD ST","city":"PLYMOUTH","zip":"50464","affiliation_source":""}},{"type":"Feature","geometry":{"type":"Point","coordinates":[-93.08338293399993,43.20750682400006]},"properties":{"name":"Rock Falls Community Center","county":"Cerro Gordo","precinct":"Falls Township/Rock Falls Precinct","address":"3 S NOTTINGHAM","city":"ROCK FALLS","zip":"50467","affiliation_source":""}},{"type":"Feature","geometry":{"type":"Point","coordinates":[-93.14200242899994,43.07403979900005]},"properties":{"name":"Hanford Community Church","county":"Cerro Gordo","precinct":"Portland/Owen/Dougherty Twps Pct","address":"12411 SPRUCE AVE","city":"MASON CITY","zip":"50401","affiliation_source":""}},{"type":"Feature","geometry":{"type":"Point","coordinates":[-92.54800246699995,42.957689289000086]},"properties":{"name":"Gateway To N.e. Iowa Welcome Center","county":"Chickasaw","precinct":"Bradford","address":"10 AMHERST BLVD","city":"NASHUA","zip":"50658","affiliation_source":""}},{"type":"Feature","geometry":{"type":"Point","coordinates":[-92.45634077499994,43.03316733000008]},"properties":{"name":"Ionia City Hall","county":"Chickasaw","precinct":"Chickasaw","address":"101 W IOWA ST","city":"IONIA","zip":"50645","affiliation_source":""}},{"type":"Feature","geometry":{"type":"Point","coordinates":[-92.41384834099995,43.114990026000044]},"properties":{"name":"North Washington Fire Station","county":"Chickasaw","precinct":"Deerfield Washington 2","address":"114 S WAPSIE","city":"NEW HAMPTON","zip":"50659","affiliation_source":""}},{"type":"Feature","geometry":{"type":"Point","coordinates":[-92.2003610299999,42.96512658100005]},"properties":{"name":"Fredericksburg Comm Center","county":"Chickasaw","precinct":"Dresden Fredericksburg","address":"151 W MAIN ST","city":"FREDERICKSBURG","zip":"50630","affiliation_source":""}},{"type":"Feature","geometry":{"type":"Point","coordinates":[-92.23883506499993,43.09268741400007]},"properties":{"name":"Bethany Hall","county":"Chickasaw","precinct":"Jacksonville Utica","address":"1241 PEMBROKE AVE","city":"NEW HAMPTON","zip":"50659","affiliation_source":""}},{"type":"Feature","geometry":{"type":"Point","coordinates":[-92.15051192999994,43.069538942000065]},"properties":{"name":"Lawler City Hall","county":"Chickasaw","precinct":"Stapleton","address":"412 E GROVE ST","city":"LAWLER","zip":"52154","affiliation_source":""}},{"type":"Feature","geometry":{"type":"Point","coordinates":[-92.41530150599993,43.198528940000074]},"properties":{"name":"Alta Vista City Hall","county":"Chickasaw","precinct":"Washington 1","address":"110 E WEBER ST","city":"ALTA VISTA","zip":"50603","affiliation_source":""}},{"type":"Feature","geometry":{"type":"Point","coordinates":[-92.31284117599995,43.062121509000065]},"properties":{"name":"Chickasaw Event Center 1","county":"Chickasaw","precinct":"New Hampton Ward 1","address":"301 N WATER AVE","city":"NEW HAMPTON","zip":"50659","affiliation_source":""}},{"type":"Feature","geometry":{"type":"Point","coordinates":[-92.31284117599995,43.062121509000065]},"properties":{"name":"Chickasaw Event Center 2","county":"Chickasaw","precinct":"New Hampton Ward 2","address":"301 N WATER AVE","city":"NEW HAMPTON","zip":"50659","affiliation_source":""}},{"type":"Feature","geometry":{"type":"Point","coordinates":[-92.31284117599995,43.062121509000065]},"properties":{"name":"Chickasaw Event Center 3","county":"Chickasaw","precinct":"New Hampton Ward 3","address":"301 N WATER AVE","city":"NEW HAMPTON","zip":"50659","affiliation_source":""}},{"type":"Feature","geometry":{"type":"Point","coordinates":[-92.31284117599995,43.062121509000065]},"properties":{"name":"Chickasaw Event Center 4","county":"Chickasaw","precinct":"New Hampton Ward 4","address":"301 N WATER AVE","city":"NEW HAMPTON","zip":"50659","affiliation_source":""}},{"type":"Feature","geometry":{"type":"Point","coordinates":[-92.31266597399991,43.060269290000065]},"properties":{"name":"Community Services Bldg","county":"Chickasaw","precinct":"New Hampton Rural","address":"206 E PROSPECT ST","city":"NEW HAMPTON","zip":"50659","affiliation_source":""}},{"type":"Feature","geometry":{"type":"Point","coordinates":[-92.31784781599993,43.052019622000046]},"properties":{"name":"New Hampton Fire Station","county":"Chickasaw","precinct":"Dayton Richland","address":"403 S LINN AVE","city":"NEW HAMPTON","zip":"50659","affiliation_source":""}},{"type":"Feature","geometry":{"type":"Point","coordinates":[-93.1840699999999,43.16330063200007]},"properties":{"name":"Harding School","county":"Cerro Gordo","precinct":"Mason City W1 P2","address":"1239 N RHODE ISLAND","city":"MASON CITY","zip":"50401","affiliation_source":""}},{"type":"Feature","geometry":{"type":"Point","coordinates":[-93.17132189099993,43.156030660000056]},"properties":{"name":"Grace Evangelical Free Church","county":"Cerro Gordo","precinct":"Mason City W1 P3","address":"440 N ILLINOIS","city":"MASON CITY","zip":"50401","affiliation_source":""}},{"type":"Feature","geometry":{"type":"Point","coordinates":[-93.20272837099992,43.153799855000045]},"properties":{"name":"Cerro Gordo Co Courthouse Boardroom","county":"Cerro Gordo","precinct":"Mason City W2 P1","address":"220 N WASHINGTON AVE","city":"MASON CITY","zip":"50401","affiliation_source":""}},{"type":"Feature","geometry":{"type":"Point","coordinates":[-93.22104802099994,43.150679757000034]},"properties":{"name":"First Presbyterian Church, PCUSA","county":"Cerro Gordo","precinct":"Mason City W2 P2","address":"100 S PIERCE AVE","city":"MASON CITY","zip":"50401","affiliation_source":"https://pcusa.org/congregation/first-church-mason-city-ia"}},{"type":"Feature","geometry":{"type":"Point","coordinates":[-93.20544053799995,43.16451681500007]},"properties":{"name":"Grace Methodist Church","county":"Cerro Gordo","precinct":"Mason City W2 P3","address":"200 14TH ST NW","city":"MASON CITY","zip":"50401","affiliation_source":""}},{"type":"Feature","geometry":{"type":"Point","coordinates":[-93.1958902639999,43.15090703300007]},"properties":{"name":"Masonic Temple","county":"Cerro Gordo","precinct":"Mason City W3 P1","address":"304 1ST ST SE","city":"MASON CITY","zip":"50401","affiliation_source":""}},{"type":"Feature","geometry":{"type":"Point","coordinates":[-93.17703330899991,43.14730907200004]},"properties":{"name":"First Covenant Church","county":"Cerro Gordo","precinct":"Mason City W3 P3","address":"411 S OHIO AVE","city":"MASON CITY","zip":"50401","affiliation_source":""}},{"type":"Feature","geometry":{"type":"Point","coordinates":[-93.19839263499995,43.13796859200005]},"properties":{"name":"Wesley United Methodist Church","county":"Cerro Gordo","precinct":"Mason City W3 P2","address":"1405 S PENNSYLVANIA AVE","city":"MASON CITY","zip":"50401","affiliation_source":""}},{"type":"Feature","geometry":{"type":"Point","coordinates":[-93.21025063999991,43.14627175900006]},"properties":{"name":"North Ia Area Council Of Governments","county":"Cerro Gordo","precinct":"Mason City W4 P1","address":"525 6TH ST SW","city":"MASON CITY","zip":"50401","affiliation_source":""}},{"type":"Feature","geometry":{"type":"Point","coordinates":[-93.20667079299994,43.13375894700005]},"properties":{"name":"Rolling Acres Cr Church","county":"Cerro Gordo","precinct":"Mason City W4 P2","address":"340 19TH ST SW","city":"MASON CITY","zip":"50401","affiliation_source":""}},{"type":"Feature","geometry":{"type":"Point","coordinates":[-93.20117698799993,43.126011765000044]},"properties":{"name":"Cerro Gordo County Eng Bldg","county":"Cerro Gordo","precinct":"Mason S/Bath Twps Precinct","address":"2716 S FEDERAL","city":"MASON CITY","zip":"50401","affiliation_source":""}},{"type":"Feature","geometry":{"type":"Point","coordinates":[-93.23869982699995,43.13381234600007]},"properties":{"name":"Newman Catholic High School","county":"Cerro Gordo","precinct":"Mason City W4 P3","address":"2445 19TH ST SW","city":"MASON CITY","zip":"50401","affiliation_source":""}},{"type":"Feature","geometry":{"type":"Point","coordinates":[-93.1894134669999,42.985929954000085]},"properties":{"name":"Rockwell Community Center","county":"Cerro Gordo","precinct":"Geneseo Township Precinct","address":"114 3RD ST N","city":"ROCKWELL","zip":"50469","affiliation_source":""}},{"type":"Feature","geometry":{"type":"Point","coordinates":[-93.19475062599992,43.18406236900006]},"properties":{"name":"Lime Creek Nature Center","county":"Cerro Gordo","precinct":"Lime Creek/Mason North Twps Pct","address":"3501 LIME CREEK RD","city":"MASON CITY","zip":"50401","affiliation_source":""}},{"type":"Feature","geometry":{"type":"Point","coordinates":[-93.19782269599995,43.15388960000007]},"properties":{"name":"Trinity Lutheran Church","county":"Cerro Gordo","precinct":"Mason City W1 P1","address":"213 N PENNSYLVANIA AVE","city":"MASON CITY","zip":"50401","affiliation_source":""}},{"type":"Feature","geometry":{"type":"Point","coordinates":[-92.81226971899991,42.89077687000008]},"properties":{"name":"Greene Community Center","county":"Butler","precinct":"1-GR","address":"202 W SOUTH ST","city":"GREENE","zip":"50636","affiliation_source":""}},{"type":"Feature","geometry":{"type":"Point","coordinates":[-92.66737105999994,42.783751797000036]},"properties":{"name":"Clarksville Amvet Building","county":"Butler","precinct":"2-CL","address":"102 E GREENE ST","city":"CLARKSVILLE","zip":"50619","affiliation_source":""}},{"type":"Feature","geometry":{"type":"Point","coordinates":[-92.97295556199992,42.74962740800004]},"properties":{"name":"American Legion Hall, Dumont","county":"Butler","precinct":"3-DU","address":"508 MAIN ST","city":"DUMONT","zip":"50625","affiliation_source":""}},{"type":"Feature","geometry":{"type":"Point","coordinates":[-92.7941703539999,42.755586996000034]},"properties":{"name":"Lower Level, Courthouse","county":"Butler","precinct":"4-AL","address":"428 6TH ST","city":"ALLISON","zip":"50602","affiliation_source":""}},{"type":"Feature","geometry":{"type":"Point","coordinates":[-93.47900842899992,43.12663075000006]},"properties":{"name":"Ventura Community Center","county":"Cerro Gordo","precinct":"Clear Lake/Grant/Union Townships Pct","address":"4 N WEIMER","city":"VENTURA","zip":"50482","affiliation_source":""}},{"type":"Feature","geometry":{"type":"Point","coordinates":[-93.47817347199992,42.91231918400007]},"properties":{"name":"Meservey City Hall","county":"Cerro Gordo","precinct":"Grimes Township/Meservey Precinct","address":"428 1ST ST","city":"MESERVEY","zip":"50457","affiliation_source":""}},{"type":"Feature","geometry":{"type":"Point","coordinates":[-93.38359220599995,42.94350075400007]},"properties":{"name":"Thornton City Hall","county":"Cerro Gordo","precinct":"Grimes Township/Thornton Precinct","address":"404 MAIN ST","city":"THORNTON","zip":"50479","affiliation_source":""}},{"type":"Feature","geometry":{"type":"Point","coordinates":[-93.30841248899992,43.14836797600009]},"properties":{"name":"Area Education Agency Federal Room","county":"Cerro Gordo","precinct":"Lake/Lincoln Townships Precinct","address":"9184B 265TH ST","city":"CLEAR LAKE","zip":"50428","affiliation_source":""}},{"type":"Feature","geometry":{"type":"Point","coordinates":[-93.3154003919999,42.97845663800007]},"properties":{"name":"Swaledale City Hall","county":"Cerro Gordo","precinct":"Mt Vernon/Pl Valley Townships Precinct","address":"402 MAIN ST","city":"SWALEDALE","zip":"50477","affiliation_source":""}},{"type":"Feature","geometry":{"type":"Point","coordinates":[-93.38219869599993,43.13769236300004]},"properties":{"name":"Zion Lutheran Church","county":"Cerro Gordo","precinct":"Clear Lake Ward 1","address":"112 N 4TH ST","city":"CLEAR LAKE","zip":"50428","affiliation_source":""}},{"type":"Feature","geometry":{"type":"Point","coordinates":[-93.37915818099992,43.137870983000084]},"properties":{"name":"Clear Lake City Hall","county":"Cerro Gordo","precinct":"Clear Lake Ward 2","address":"15 N 6TH ST","city":"CLEAR LAKE","zip":"50428","affiliation_source":""}},{"type":"Feature","geometry":{"type":"Point","coordinates":[-93.36315059599991,43.147686700000065]},"properties":{"name":"Clear Lake Church Of Christ","county":"Cerro Gordo","precinct":"Clear Lake Ward 3","address":"2010 14TH AVE N","city":"CLEAR LAKE","zip":"50428","affiliation_source":""}},{"type":"Feature","geometry":{"type":"Point","coordinates":[-93.1043560789999,42.75652766300004]},"properties":{"name":"Hansell Community Center","county":"Franklin","precinct":"Geneva/Ingham/East Mott","address":"1471 TIMBER AVE","city":"HANSELL","zip":"50441","affiliation_source":""}},{"type":"Feature","geometry":{"type":"Point","coordinates":[-93.24459920899994,42.63254532500008]},"properties":{"name":"Bradford Community Center","county":"Franklin","precinct":"Grant/Osceola","address":"302 MAIN ST","city":"BRADFORD","zip":"50041","affiliation_source":""}},{"type":"Feature","geometry":{"type":"Point","coordinates":[-93.21356771099994,42.74048884600006]},"properties":{"name":"Franklin Co Law Enf Ctr - Hp1","county":"Franklin","precinct":"Hampton 1","address":"105 5TH ST SW","city":"HAMPTON","zip":"50441","affiliation_source":""}},{"type":"Feature","geometry":{"type":"Point","coordinates":[-93.21356771099994,42.74048884600006]},"properties":{"name":"Franklin Co Law Enf Ctr - Hp2","county":"Franklin","precinct":"Hampton 2","address":"105 5TH ST SW","city":"HAMPTON","zip":"50441","affiliation_source":""}},{"type":"Feature","geometry":{"type":"Point","coordinates":[-93.21029026699995,42.74358679900007]},"properties":{"name":"Hampton Fire Station","county":"Franklin","precinct":"Hampton 4","address":"203 2ND AVE NW","city":"HAMPTON","zip":"50441","affiliation_source":""}},{"type":"Feature","geometry":{"type":"Point","coordinates":[-93.20809092999991,42.742671865000034]},"properties":{"name":"Franklin County Courthouse","county":"Franklin","precinct":"West Mott","address":"12 1ST AVE NW","city":"HAMPTON","zip":"50441","affiliation_source":""}},{"type":"Feature","geometry":{"type":"Point","coordinates":[-93.20718291199995,42.75540165700005]},"properties":{"name":"St Pat's Catholic Church - Hp3","county":"Franklin","precinct":"Hampton 3","address":"1405 N FEDERAL","city":"HAMPTON","zip":"50441","affiliation_source":""}},{"type":"Feature","geometry":{"type":"Point","coordinates":[-93.2032178899999,42.679699964000065]},"properties":{"name":"Maynes Grove Shelter","county":"Franklin","precinct":"Hamilton/Lee/Reeve","address":"948 HWY 65","city":"HAMPTON","zip":"50441","affiliation_source":""}},{"type":"Feature","geometry":{"type":"Point","coordinates":[-93.3682188969999,42.76358066900008]},"properties":{"name":"Latimer Community Center","county":"Franklin","precinct":"Marion","address":"104 N AKIR","city":"LATIMER","zip":"50452","affiliation_source":""}},{"type":"Feature","geometry":{"type":"Point","coordinates":[-93.36997821499995,42.736399034000044]},"properties":{"name":"Coulter Community Center","county":"Franklin","precinct":"Oakland/Morgan","address":"109 MAIN ST","city":"COULTER","zip":"50431","affiliation_source":""}},{"type":"Feature","geometry":{"type":"Point","coordinates":[-93.21534208899993,42.89344195600006]},"properties":{"name":"Sheffield Ems Building","county":"Franklin","precinct":"Richland/Ross/West Fork","address":"111 N 3RD ST","city":"SHEFFIELD","zip":"50475","affiliation_source":""}},{"type":"Feature","geometry":{"type":"Point","coordinates":[-93.47661237999995,42.80617673200004]},"properties":{"name":"Alexander Public Library","county":"Franklin","precinct":"Wisner/Scott","address":"409 HARRIMAN","city":"ALEXANDER","zip":"50420","affiliation_source":""}},{"type":"Feature","geometry":{"type":"Point","coordinates":[-93.59929171599993,43.18418972200004]},"properties":{"name":"Faith Lutheran Church","county":"Hancock","precinct":"01","address":"1985 290TH ST","city":"GARNER","zip":"50438","affiliation_source":""}},{"type":"Feature","geometry":{"type":"Point","coordinates":[-93.79013561799991,43.22209134900004]},"properties":{"name":"Crystal Lake Town Hall","county":"Hancock","precinct":"02","address":"225 S STATE AVE","city":"CRYSTAL LAKE","zip":"50432","affiliation_source":""}},{"type":"Feature","geometry":{"type":"Point","coordinates":[-93.91005855999992,43.23259296500004]},"properties":{"name":"Woden Community Center","county":"Hancock","precinct":"03","address":"208 MAIN ST","city":"WODEN","zip":"50484","affiliation_source":""}},{"type":"Feature","geometry":{"type":"Point","coordinates":[-93.80181182699994,43.09537947800004]},"properties":{"name":"Britt Municipal Building","county":"Hancock","precinct":"04","address":"170 MAIN AVE S","city":"BRITT","zip":"50423","affiliation_source":""}},{"type":"Feature","geometry":{"type":"Point","coordinates":[-93.59294318299993,43.10637460800007]},"properties":{"name":"Duncan Heights Care Facility","county":"Hancock","precinct":"05","address":"1465 HWY 18","city":"GARNER","zip":"50438","affiliation_source":""}},{"type":"Feature","geometry":{"type":"Point","coordinates":[-93.60208130799992,43.101242219000085]},"properties":{"name":"Garner Public Library","county":"Hancock","precinct":"06","address":"416 STATE ST","city":"GARNER","zip":"50438","affiliation_source":""}},{"type":"Feature","geometry":{"type":"Point","coordinates":[-93.6061317789999,43.00686909500007]},"properties":{"name":"Klemme City Hall","county":"Hancock","precinct":"07","address":"204 E MAIN ST","city":"KLEMME","zip":"50449","affiliation_source":""}},{"type":"Feature","geometry":{"type":"Point","coordinates":[-93.95519748899994,42.99526896500004]},"properties":{"name":"Corwith Community Center","county":"Hancock","precinct":"08","address":"110 WAYNE ST","city":"CORWITH","zip":"50430","affiliation_source":""}},{"type":"Feature","geometry":{"type":"Point","coordinates":[-93.79319547299991,42.93966076900006]},"properties":{"name":"Kanawha City Hall","county":"Hancock","precinct":"09","address":"121 N MAIN ST","city":"KANAWHA","zip":"50447","affiliation_source":""}},{"type":"Feature","geometry":{"type":"Point","coordinates":[-93.61305067799992,42.92415041900006]},"properties":{"name":"Goodell Community Center","county":"Hancock","precinct":"10","address":"315 BROADWAY ST","city":"GOODELL","zip":"50439","affiliation_source":""}},{"type":"Feature","geometry":{"type":"Point","coordinates":[-94.48030887399995,43.39565932000005]},"properties":{"name":"Armstrong Community Center","county":"Emmet","precinct":"AG-IL-ARMSTRONG","address":"519 6TH ST","city":"ARMSTRONG","zip":"50514","affiliation_source":""}},{"type":"Feature","geometry":{"type":"Point","coordinates":[-94.7066202979999,43.39355672100004]},"properties":{"name":"Gruver City Hall","county":"Emmet","precinct":"CN-SL-GRUVER","address":"201 1ST AVE","city":"GRUVER","zip":"51334","affiliation_source":""}},{"type":"Feature","geometry":{"type":"Point","coordinates":[-94.50918813899995,43.29549333300008]},"properties":{"name":"Ringsted Public Library","county":"Emmet","precinct":"DM-JC-RINGSTED","address":"8 WEST MAPLE ST","city":"RINGSTED","zip":"50578","affiliation_source":""}},{"type":"Feature","geometry":{"type":"Point","coordinates":[-94.61504638899993,43.46638705500004]},"properties":{"name":"Dolliver City Bldg","county":"Emmet","precinct":"EL-LN-DOLLIVER","address":"5017 SHAFTER ST","city":"DOLLIVER","zip":"50531","affiliation_source":""}},{"type":"Feature","geometry":{"type":"Point","coordinates":[-94.79411008499994,43.31972217100008]},"properties":{"name":"Wallingford Community Center","county":"Emmet","precinct":"HL-TM-WALLINGFORD","address":"42 ST JAMES AVE","city":"WALLINGFORD","zip":"51365","affiliation_source":""}},{"type":"Feature","geometry":{"type":"Point","coordinates":[-94.8254882249999,43.41108847900006]},"properties":{"name":"Redeemer Lutheran Church","county":"Emmet","precinct":"E'VILLE-WARD 1","address":"1215 N 15TH ST","city":"ESTHERVILLE","zip":"51334","affiliation_source":""}},{"type":"Feature","geometry":{"type":"Point","coordinates":[-94.8382308589999,43.402936829000055]},"properties":{"name":"Farm Bureau Office","county":"Emmet","precinct":"E'VILLE-WARD 2","address":"421 1ST AVE N","city":"ESTHERVILLE","zip":"51334","affiliation_source":""}},{"type":"Feature","geometry":{"type":"Point","coordinates":[-94.83601054299993,43.40297645700008]},"properties":{"name":"Courthouse - Boardroom","county":"Emmet","precinct":"EM-ES","address":"609 1ST AVE N","city":"ESTHERVILLE","zip":"51334","affiliation_source":""}},{"type":"Feature","geometry":{"type":"Point","coordinates":[-94.83601054299993,43.40297645700008]},"properties":{"name":"Courthouse - All Purpose Room","county":"Emmet","precinct":"E'VILLE-WARD 3","address":"609 1ST AVE N","city":"ESTHERVILLE","zip":"51334","affiliation_source":""}},{"type":"Feature","geometry":{"type":"Point","coordinates":[-94.8379779409999,43.401009059000046]},"properties":{"name":"Estherville Fire Station","county":"Emmet","precinct":"E'VILLE-WARD 4","address":"27 S 5TH ST","city":"ESTHERVILLE","zip":"51334","affiliation_source":""}},{"type":"Feature","geometry":{"type":"Point","coordinates":[-94.81604116699992,43.401682761000075]},"properties":{"name":"Masonic Hall","county":"Emmet","precinct":"E'VILLE-WARD 5","address":"2003 E CENTRAL AVE","city":"ESTHERVILLE","zip":"51334","affiliation_source":""}},{"type":"Feature","geometry":{"type":"Point","coordinates":[-94.68402936099994,42.55089668200009]},"properties":{"name":"Pomeroy Community Building","county":"Calhoun","precinct":"Butler Williams","address":"109 S ONTARIO ST","city":"POMEROY","zip":"50575","affiliation_source":""}},{"type":"Feature","geometry":{"type":"Point","coordinates":[-94.7328911269999,42.26829691100005]},"properties":{"name":"Lake City Community Building","county":"Calhoun","precinct":"Calhoun Jackson Elm Grove & Lake City","address":"126 E WASHINGTON ST","city":"LAKE CTIY","zip":"51449","affiliation_source":""}},{"type":"Feature","geometry":{"type":"Point","coordinates":[-94.43033128699994,42.37730682400007]},"properties":{"name":"Somers Community Building","county":"Calhoun","precinct":"Cedar","address":"702 6TH AVE","city":"SOMERS","zip":"50586","affiliation_source":""}},{"type":"Feature","geometry":{"type":"Point","coordinates":[-94.45706695399991,42.454718590000084]},"properties":{"name":"Knierim City Hall","county":"Calhoun","precinct":"Greenfield & Lincoln 2","address":"211 CENTER AVE","city":"KNIERIM","zip":"50552","affiliation_source":""}},{"type":"Feature","geometry":{"type":"Point","coordinates":[-94.53291483499993,42.52801405000008]},"properties":{"name":"Manson Fire Station","county":"Calhoun","precinct":"Lincoln 1","address":"1222 9TH AVE","city":"MANSON","zip":"50563","affiliation_source":""}},{"type":"Feature","geometry":{"type":"Point","coordinates":[-94.40384374399991,42.28049990900007]},"properties":{"name":"Holy Trinity Lutheran Church","county":"Calhoun","precinct":"Reading","address":"805 GARFIELD AVE","city":"FARNHAMVILLE","zip":"50538","affiliation_source":""}},{"type":"Feature","geometry":{"type":"Point","coordinates":[-94.63348738999991,42.39494934900006]},"properties":{"name":"Courthouse Basement Northwest Room","county":"Calhoun","precinct":"Center Logan Twin Lakes Garfield & Lake Creek","address":"416 FOURTH ST","city":"ROCKWELL CITY","zip":"50579","affiliation_source":""}},{"type":"Feature","geometry":{"type":"Point","coordinates":[-94.63348738999991,42.39494934900006]},"properties":{"name":"Rockwell City Courthouse","county":"Calhoun","precinct":"Rockwell City","address":"416 FOURTH ST","city":"ROCKWELL CITY","zip":"50579","affiliation_source":""}},{"type":"Feature","geometry":{"type":"Point","coordinates":[-94.63606785299993,42.48388438200004]},"properties":{"name":"Twin Lakes Christian Center","county":"Calhoun","precinct":"Sherman","address":"7718 TWIN LAKES RD","city":"MANSON","zip":"50563","affiliation_source":""}},{"type":"Feature","geometry":{"type":"Point","coordinates":[-94.5481172879999,42.27017802700004]},"properties":{"name":"Lohrville Jj Hands Library","county":"Calhoun","precinct":"Union","address":"609 2ND ST","city":"LOHRVILLE","zip":"51453","affiliation_source":""}},{"type":"Feature","geometry":{"type":"Point","coordinates":[-94.22510951599992,42.716463762000046]},"properties":{"name":"Our Saviour's Lutheran Church","county":"Humboldt","precinct":"H1-Corinth-South Weaver","address":"1212 SUMNER AVE SW","city":"HUMBOLDT","zip":"50548","affiliation_source":""}},{"type":"Feature","geometry":{"type":"Point","coordinates":[-94.21201329899992,42.728002900000035]},"properties":{"name":"Humboldt County Fairgrounds","county":"Humboldt","precinct":"H3-South Rutland","address":"311 6TH AVE N","city":"HUMBOLDT","zip":"50548","affiliation_source":""}},{"type":"Feature","geometry":{"type":"Point","coordinates":[-94.44031027299991,42.73219931700004]},"properties":{"name":"Faith United Methodist Church","county":"Humboldt","precinct":"Avery-North Weaver","address":"111 SE 2ND ST","city":"GILMORE CITY","zip":"50541","affiliation_source":""}},{"type":"Feature","geometry":{"type":"Point","coordinates":[-94.28745004699994,42.868554077000056]},"properties":{"name":"Bode City Hall","county":"Humboldt","precinct":"Delana-Wacousta-North Rutland","address":"105 HUMBOLDT AVE","city":"BODE","zip":"50519","affiliation_source":""}},{"type":"Feature","geometry":{"type":"Point","coordinates":[-94.18504060299995,42.868431514000065]},"properties":{"name":"Livermore City Hall","county":"Humboldt","precinct":"Humboldt-West Vernon","address":"401 4TH AVE","city":"LIVERMORE","zip":"50558","affiliation_source":""}},{"type":"Feature","geometry":{"type":"Point","coordinates":[-93.9808402669999,42.82898680800008]},"properties":{"name":"United Methodist Church, Renwick","county":"Humboldt","precinct":"North Lake-East Vernon","address":"610 KELLING ST","city":"RENWICK","zip":"50577","affiliation_source":""}},{"type":"Feature","geometry":{"type":"Point","coordinates":[-94.04965549799994,42.68815872300007]},"properties":{"name":"Ullensvang Lutheran Church","county":"Humboldt","precinct":"South Lake-North Norway","address":"105 N ANN ST","city":"THOR","zip":"50591","affiliation_source":""}},{"type":"Feature","geometry":{"type":"Point","coordinates":[-94.2012273499999,42.72063420500007]},"properties":{"name":"Dakota City Hall","county":"Humboldt","precinct":"Dakota City-Grove","address":"26 5TH ST S","city":"DAKOTA CITY","zip":"50529","affiliation_source":""}},{"type":"Feature","geometry":{"type":"Point","coordinates":[-94.21444318599993,42.720281053000065]},"properties":{"name":"City Council Chambers","county":"Humboldt","precinct":"H2-Beaver-South Norway","address":"29 5TH ST S","city":"HUMBOLDT","zip":"50548","affiliation_source":""}},{"type":"Feature","geometry":{"type":"Point","coordinates":[-94.94789000999992,42.781651529000044]},"properties":{"name":"Albert City City Hall","county":"Buena Vista","precinct":"Albert City Fairfield Coon","address":"121 MAIN ST","city":"ALBERT CITY","zip":"50510","affiliation_source":""}},{"type":"Feature","geometry":{"type":"Point","coordinates":[-95.1499137209999,42.89318949300008]},"properties":{"name":"American Legion Bldg","county":"Buena Vista","precinct":"SRL;LGB;RELS;MAP","address":"200 MAIN ST","city":"SIOUX RAPIDS","zip":"50585","affiliation_source":""}},{"type":"Feature","geometry":{"type":"Point","coordinates":[-95.29916736299992,42.675819947000036]},"properties":{"name":"Alta Community Center","county":"Buena Vista","precinct":"Alta Nokomis Elk","address":"27 LAKE ST","city":"ALTA","zip":"51002","affiliation_source":""}},{"type":"Feature","geometry":{"type":"Point","coordinates":[-95.01057519199992,42.60783164700007]},"properties":{"name":"Dons Farm Supply Mtg Room","county":"Buena Vista","precinct":"Newell Newell Providence","address":"167 WEST 1ST ST","city":"NEWELL","zip":"50568","affiliation_source":""}},{"type":"Feature","geometry":{"type":"Point","coordinates":[-95.23983071999993,42.60435140200008]},"properties":{"name":"Storm Lake Airport","county":"Buena Vista","precinct":"Lakeside Hayes Maple Valley","address":"850 630TH STREET","city":"STORM LAKE","zip":"50588","affiliation_source":""}},{"type":"Feature","geometry":{"type":"Point","coordinates":[-95.19678688699992,42.636041902000045]},"properties":{"name":"Chautauqua Shelter House","county":"Buena Vista","precinct":"Storm Lake 4","address":"410 E LAKESHORE DR","city":"STORM LAKE","zip":"50588","affiliation_source":""}},{"type":"Feature","geometry":{"type":"Point","coordinates":[-95.19966805299993,42.64510965100004]},"properties":{"name":"Storm Lake City Hall","county":"Buena Vista","precinct":"Storm Lake 2","address":"620 ERIE ST","city":"STORM LAKE","zip":"50588","affiliation_source":""}},{"type":"Feature","geometry":{"type":"Point","coordinates":[-95.19669601899994,42.647500842000056]},"properties":{"name":"Storm Lake Fire Station","county":"Buena Vista","precinct":"Storm Lake 1","address":"401 E MILWAUKEE","city":"STORM LAKE","zip":"50588","affiliation_source":""}},{"type":"Feature","geometry":{"type":"Point","coordinates":[-95.22380690499995,42.64432229200008]},"properties":{"name":"St Mark Lutheran Church","county":"Buena Vista","precinct":"Storm Lake 3","address":"1614 W 5TH ST","city":"STORM LAKE","zip":"50588","affiliation_source":""}},{"type":"Feature","geometry":{"type":"Point","coordinates":[-95.22921282899995,42.651545654000074]},"properties":{"name":"Hope Evangelical Free Church","county":"Buena Vista","precinct":"Truesdale Washington Grant","address":"2015 W MILWAUKEE AVE","city":"STORM LAKE","zip":"50588","affiliation_source":""}},{"type":"Feature","geometry":{"type":"Point","coordinates":[-94.92265710299995,41.71497303600006]},"properties":{"name":"Ahs Activity Center","county":"Audubon","precinct":"Precinct 1","address":"800 3RD AVE","city":"AUDUBON","zip":"50025","affiliation_source":""}},{"type":"Feature","geometry":{"type":"Point","coordinates":[-94.8762743289999,41.591274990000045]},"properties":{"name":"Exira Rec Center","county":"Audubon","precinct":"Precinct 2","address":"106 N JEFFERSON","city":"EXIRA","zip":"50076","affiliation_source":""}},{"type":"Feature","geometry":{"type":"Point","coordinates":[-95.23160026099993,41.88973434700006]},"properties":{"name":"Manilla-fire Hall","county":"Crawford","precinct":"Southeast Precinct","address":"549 MAIN ST","city":"MANILLA","zip":"51454","affiliation_source":""}},{"type":"Feature","geometry":{"type":"Point","coordinates":[-95.2000771509999,42.06120025700005]},"properties":{"name":"Vail-community Ctr","county":"Crawford","precinct":"Northeast Precinct","address":"309 MAIN ST","city":"VAIL","zip":"51465","affiliation_source":""}},{"type":"Feature","geometry":{"type":"Point","coordinates":[-94.8549712279999,42.07855835200007]},"properties":{"name":"St. John Lutheran Church","county":"Carroll","precinct":"Carroll 1","address":"801 E. 18TH ST.","city":"CARROLL","zip":"51401","affiliation_source":""}},{"type":"Feature","geometry":{"type":"Point","coordinates":[-94.86409021299994,42.076571770000044]},"properties":{"name":"First United Methodist Church","county":"Carroll","precinct":"Carroll 2 North 1/2 Of Maple River Twp","address":"1621 N. MAIN ST.","city":"CARROLL","zip":"51401","affiliation_source":""}},{"type":"Feature","geometry":{"type":"Point","coordinates":[-94.86646792099992,42.06544391700004]},"properties":{"name":"Courthouse Meeting Room","county":"Carroll","precinct":"Carroll 3 South 1/2 Of Maple River Twp","address":"114 E. 6TH ST.","city":"CARROLL","zip":"51401","affiliation_source":""}},{"type":"Feature","geometry":{"type":"Point","coordinates":[-94.85924402599994,42.059620977000066]},"properties":{"name":"Midamerican Energy Building","county":"Carroll","precinct":"Carroll 4","address":"206 N. GRANT RD.","city":"CARROLL","zip":"51401","affiliation_source":""}},{"type":"Feature","geometry":{"type":"Point","coordinates":[-94.97712708799992,42.18381067000007]},"properties":{"name":"St. Bernard's Parish Hall","county":"Carroll","precinct":"Wheatland-Kniest","address":"304 N. 2ND ST.","city":"BREDA","zip":"51436","affiliation_source":""}},{"type":"Feature","geometry":{"type":"Point","coordinates":[-94.78359975599994,42.122316509000086]},"properties":{"name":"Lidderdale Community Building","county":"Carroll","precinct":"Sheridan-Grant-Jasper","address":"MAIN ST.","city":"LIDDERDALE","zip":"51452","affiliation_source":""}},{"type":"Feature","geometry":{"type":"Point","coordinates":[-95.04457178799993,42.08715669600008]},"properties":{"name":"Arcadia City Hall","county":"Carroll","precinct":"Arcadia","address":"205 W.FRONT ST.","city":"ARCADIA","zip":"51430","affiliation_source":""}},{"type":"Feature","geometry":{"type":"Point","coordinates":[-94.72885376399995,42.05611043000005]},"properties":{"name":"Glidden Community Mtg. Room","county":"Carroll","precinct":"Glidden-Richland","address":"108 IDAHO ST.","city":"GLIDDEN","zip":"51443","affiliation_source":""}},{"type":"Feature","geometry":{"type":"Point","coordinates":[-94.97154654399992,42.005656600000066]},"properties":{"name":"Halbur Community Bldg.","county":"Carroll","precinct":"Washington-Roselle","address":"105 W. 2ND ST.","city":"HALBUR","zip":"51444","affiliation_source":""}},{"type":"Feature","geometry":{"type":"Point","coordinates":[-94.82388877799991,41.90907877400008]},"properties":{"name":"Dedham City Hall","county":"Carroll","precinct":"Pleasant Valley-Newton","address":"MAIN ST.","city":"DEDHAM","zip":"51440","affiliation_source":""}},{"type":"Feature","geometry":{"type":"Point","coordinates":[-95.05978695899995,41.90970009000006]},"properties":{"name":"Sacred Heart Church Hall","county":"Carroll","precinct":"Ewoldt","address":"203 SUE ST.","city":"MANNING","zip":"51455","affiliation_source":""}},{"type":"Feature","geometry":{"type":"Point","coordinates":[-94.9431327019999,41.91803904100004]},"properties":{"name":"Templeton Fire Hall","county":"Carroll","precinct":"Eden","address":"MAIN ST.","city":"TEMPLETON","zip":"51463","affiliation_source":""}},{"type":"Feature","geometry":{"type":"Point","coordinates":[-94.67476429399994,41.87086145500007]},"properties":{"name":"Coon Rapids Municipal Bldg.","county":"Carroll","precinct":"Union","address":"123 3RD AVE.","city":"COON RAPIDS","zip":"50058","affiliation_source":""}},{"type":"Feature","geometry":{"type":"Point","coordinates":[-95.59961054399992,41.85428309200006]},"properties":{"name":"Dunlap City Hall","county":"Harrison","precinct":"Harrison Douglas Dunlap","address":"716 IOWA AVE","city":"DUNLAP","zip":"51529","affiliation_source":""}},{"type":"Feature","geometry":{"type":"Point","coordinates":[-95.7905705689999,41.64620856700009]},"properties":{"name":"Logan Community Center-townships","county":"Harrison","precinct":"Jefferson Lagrange","address":"108 W 4TH ST","city":"LOGAN","zip":"51546","affiliation_source":""}},{"type":"Feature","geometry":{"type":"Point","coordinates":[-95.7905705689999,41.64620856700009]},"properties":{"name":"Logan Community Center","county":"Harrison","precinct":"Logan City","address":"108 W 4TH ST","city":"LOGAN","zip":"51546","affiliation_source":""}},{"type":"Feature","geometry":{"type":"Point","coordinates":[-95.56938976599992,41.57961772500005]},"properties":{"name":"Persia Pic Hall","county":"Harrison","precinct":"Cass Union Washington Persia","address":"121 MAIN ST","city":"PERSIA","zip":"51563","affiliation_source":""}},{"type":"Feature","geometry":{"type":"Point","coordinates":[-95.58855380099993,42.069440221000036]},"properties":{"name":"Charter Oak-ch Oak Library","county":"Crawford","precinct":"Charter Oak Precinct","address":"453 RAILROAD ST","city":"CHARTER OAK","zip":"51439","affiliation_source":""}},{"type":"Feature","geometry":{"type":"Point","coordinates":[-95.43158096799993,42.161262513000054]},"properties":{"name":"Schleswig-immanuel Lutheran Church","county":"Crawford","precinct":"SRK Precinct","address":"501 GLAD ST","city":"SCHLESWIG","zip":"51461","affiliation_source":""}},{"type":"Feature","geometry":{"type":"Point","coordinates":[-95.49618692799993,41.92942186000005]},"properties":{"name":"Dow City-city Hall","county":"Crawford","precinct":"DCAB Precinct","address":"117 N FRANKLIN ST","city":"DOW CITY","zip":"51528","affiliation_source":""}},{"type":"Feature","geometry":{"type":"Point","coordinates":[-95.35533441099994,42.01797117400008]},"properties":{"name":"1st Ward Community Room Denison","county":"Crawford","precinct":"Denison 1st Ward","address":"109 N MAIN ST","city":"DENISON","zip":"51442","affiliation_source":""}},{"type":"Feature","geometry":{"type":"Point","coordinates":[-95.35699115999995,42.01780327100005]},"properties":{"name":"2nd Ward Dt-law Enforcement Ctr Mtg Room","county":"Crawford","precinct":"Denison 2nd Ward-Denison Twp","address":"1119 1ST AVE N","city":"DENISON","zip":"51442","affiliation_source":""}},{"type":"Feature","geometry":{"type":"Point","coordinates":[-95.33813420599995,42.02228935900007]},"properties":{"name":"3rd Ward-our Savior Lutheran Church","county":"Crawford","precinct":"Denison 3rd Ward - Goodrich Twp","address":"500 N 24TH ST","city":"DENISON","zip":"51442","affiliation_source":""}},{"type":"Feature","geometry":{"type":"Point","coordinates":[-95.34749708699991,42.33483313900007]},"properties":{"name":"Arthur Comm Center","county":"Ida","precinct":"Blaine Hayes Silver Creek","address":"224 S MAIN","city":"ARTHUR","zip":"51431","affiliation_source":""}},{"type":"Feature","geometry":{"type":"Point","coordinates":[-95.41729751499992,42.50746985200004]},"properties":{"name":"Galva City Hall","county":"Ida","precinct":"Galva","address":"116 S MAIN ST","city":"GALVA","zip":"51020","affiliation_source":""}},{"type":"Feature","geometry":{"type":"Point","coordinates":[-95.54228569399993,42.47686420700006]},"properties":{"name":"Lohff Schuman Comm Room","county":"Ida","precinct":"Griggs Douglas","address":"301 LOHFF SCHUMAN DR","city":"HOLSTEIN","zip":"51025","affiliation_source":""}},{"type":"Feature","geometry":{"type":"Point","coordinates":[-95.59904176999993,42.31586646000005]},"properties":{"name":"Battle Creek Comm Center","county":"Ida","precinct":"Maple Garfield Grant Battle Logan","address":"115 MAIN ST","city":"BATTLE CREEK","zip":"51006","affiliation_source":""}},{"type":"Feature","geometry":{"type":"Point","coordinates":[-95.46547313499991,42.34306970600005]},"properties":{"name":"Ig Rec Comm Rm West","county":"Ida","precinct":"Ida Grove 1","address":"311 BARNES ST","city":"IDA GROVE","zip":"51445","affiliation_source":""}},{"type":"Feature","geometry":{"type":"Point","coordinates":[-95.46547313499991,42.34306970600005]},"properties":{"name":"Ig Rec Comm Rm East","county":"Ida","precinct":"Ida Grove 2","address":"311 BARNES ST","city":"IDA GROVE","zip":"51445","affiliation_source":""}},{"type":"Feature","geometry":{"type":"Point","coordinates":[-95.46547313499991,42.34306970600005]},"properties":{"name":"Ig Rec Senior Room","county":"Ida","precinct":"Ida Grove 3 Corwin","address":"311 BARNES ST","city":"IDA GROVE","zip":"51445","affiliation_source":""}},{"type":"Feature","geometry":{"type":"Point","coordinates":[-96.02546606899995,41.80884618200008]},"properties":{"name":"Little Sioux City Hall","county":"Harrison","precinct":"Little Sioux","address":"407 N 1ST ST","city":"LITTLE SIOUX","zip":"51545","affiliation_source":""}},{"type":"Feature","geometry":{"type":"Point","coordinates":[-95.9262993189999,41.83347334500007]},"properties":{"name":"Fellowship Hall Pisgah Methodist Church","county":"Harrison","precinct":"Jackson Allen Pisgah","address":"420 FRONT ST","city":"PISGAH","zip":"51564","affiliation_source":""}},{"type":"Feature","geometry":{"type":"Point","coordinates":[-96.02156039099992,41.71034365700007]},"properties":{"name":"Mondamin Community Center","county":"Harrison","precinct":"Morgan Raglan Mondamin","address":"200 MAPLE ST","city":"MONDAMIN","zip":"51557","affiliation_source":""}},{"type":"Feature","geometry":{"type":"Point","coordinates":[-95.8729529279999,41.69407556300007]},"properties":{"name":"Magnolia City Hall","county":"Harrison","precinct":"Magnolia Calhoun","address":"380 MAGNOLIA ST","city":"MAGNOLIA","zip":"51550","affiliation_source":""}},{"type":"Feature","geometry":{"type":"Point","coordinates":[-95.7081834299999,41.739460687000076]},"properties":{"name":"Sacred Heart Parish Ctr-townships","county":"Harrison","precinct":"Boyer Lincoln","address":"704 NORMAL ST","city":"WOODBINE","zip":"51579","affiliation_source":""}},{"type":"Feature","geometry":{"type":"Point","coordinates":[-95.7081834299999,41.739460687000076]},"properties":{"name":"Sacred Heart Parish Ctr-woodbine","county":"Harrison","precinct":"Woodbine City","address":"704 NORMAL ST","city":"WOODBINE","zip":"51579","affiliation_source":""}},{"type":"Feature","geometry":{"type":"Point","coordinates":[-96.01151010899991,41.62100302300007]},"properties":{"name":"Modale American Legion Bldg","county":"Harrison","precinct":"Clay Taylor Cincinnati Modale","address":"102 E PALMER ST","city":"MODALE","zip":"51556","affiliation_source":""}},{"type":"Feature","geometry":{"type":"Point","coordinates":[-95.89043352099992,41.55632130400005]},"properties":{"name":"Rand Center Missouri Valley","county":"Harrison","precinct":"Missouri Valley City","address":"100 S 4TH ST","city":"MISSOURI VALLEY","zip":"51555","affiliation_source":""}},{"type":"Feature","geometry":{"type":"Point","coordinates":[-95.89043352099992,41.55632130400005]},"properties":{"name":"Rand Center-township","county":"Harrison","precinct":"St John Twp","address":"100 S 4TH ST","city":"MISSOURI VALLEY","zip":"51555","affiliation_source":""}},{"type":"Feature","geometry":{"type":"Point","coordinates":[-94.12206054399991,41.51037765700005]},"properties":{"name":"Crossroad Evangelical Free Ch","county":"Dallas","precinct":"Adams","address":"18293 365TH ST","city":"EARLHAM","zip":"50072","affiliation_source":""}},{"type":"Feature","geometry":{"type":"Point","coordinates":[-94.01457042699991,41.60030338100006]},"properties":{"name":"Grace Lutheran Church","county":"Dallas","precinct":"Colfax Adel","address":"23932 MEADOW RD","city":"ADEL","zip":"50003","affiliation_source":""}},{"type":"Feature","geometry":{"type":"Point","coordinates":[-93.92300015299992,41.85373762900008]},"properties":{"name":"Woodward United Methodist Ch","county":"Dallas","precinct":"Beaver Des Moines","address":"108 W 5TH ST","city":"WOODWARD","zip":"50276","affiliation_source":""}},{"type":"Feature","geometry":{"type":"Point","coordinates":[-94.00946128299995,41.52984435800005]},"properties":{"name":"Desoto United Methodist","county":"Dallas","precinct":"DeSoto","address":"421 DALLAS ST.","city":"DESOTO","zip":"50069","affiliation_source":""}},{"type":"Feature","geometry":{"type":"Point","coordinates":[-94.19654079199995,41.59058294100004]},"properties":{"name":"Redfield American Legion","county":"Dallas","precinct":"Union","address":"1116 THOMAS ST","city":"REDFIELD","zip":"50233","affiliation_source":""}},{"type":"Feature","geometry":{"type":"Point","coordinates":[-93.95467060599992,41.53214126700004]},"properties":{"name":"Vm American Legion","county":"Dallas","precinct":"Van Meter","address":"910 MAIN ST.","city":"VAN METER","zip":"50261","affiliation_source":""}},{"type":"Feature","geometry":{"type":"Point","coordinates":[-93.82317682899992,41.76103097300006]},"properties":{"name":"Emmanuel United Methodist Church","county":"Dallas","precinct":"Walnut Grimes Grant","address":"1910 LOCUST ST","city":"GRANGER","zip":"50109","affiliation_source":""}},{"type":"Feature","geometry":{"type":"Point","coordinates":[-93.9108041479999,41.61368122400006]},"properties":{"name":"Waukee Christian Church","county":"Dallas","precinct":"Waukee 2","address":"29043 T AVE","city":"WAUKEE","zip":"50263","affiliation_source":""}},{"type":"Feature","geometry":{"type":"Point","coordinates":[-93.86137934099992,41.55287129300007]},"properties":{"name":"Fox Creek Center","county":"Dallas","precinct":"West Des Moines 224","address":"33365 335TH ST","city":"WAUKEE","zip":"50263","affiliation_source":""}},{"type":"Feature","geometry":{"type":"Point","coordinates":[-94.02616735499993,41.61232222700005]},"properties":{"name":"Faith Lutheran Church","county":"Dallas","precinct":"Adel 2","address":"602 S 14TH ST","city":"ADEL","zip":"50003","affiliation_source":""}},{"type":"Feature","geometry":{"type":"Point","coordinates":[-94.01991433699993,41.61507052500008]},"properties":{"name":"Adel Library","county":"Dallas","precinct":"Adel 1","address":"303 S 10TH ST","city":"ADEL","zip":"50003","affiliation_source":""}},{"type":"Feature","geometry":{"type":"Point","coordinates":[-93.95998151799995,41.673204517000045]},"properties":{"name":"First Presbyterian Church, PCUSA","county":"Dallas","precinct":"Sugar Grove Dallas Center","address":"1204 13TH ST","city":"DALLAS CENTER","zip":"50063","affiliation_source":"https://pcusa.org/ko/congregation/first-church-dallas-center-ia"}},{"type":"Feature","geometry":{"type":"Point","coordinates":[-94.64349687999993,41.496211921000054]},"properties":{"name":"Adair Community Centre","county":"Adair","precinct":"1NW ADAIR","address":"103 S 5TH ST","city":"ADAIR","zip":"50002","affiliation_source":""}},{"type":"Feature","geometry":{"type":"Point","coordinates":[-94.32216057999995,41.502757484000085]},"properties":{"name":"Stuart Recreational Center","county":"Adair","precinct":"2NE STUART","address":"323 SW 2ND ST","city":"STUART","zip":"50250","affiliation_source":""}},{"type":"Feature","geometry":{"type":"Point","coordinates":[-94.56408647899991,41.28920268100006]},"properties":{"name":"Fontanelle Community Building","county":"Adair","precinct":"3SW FONTANELLE","address":"224 3RD ST","city":"FONTANELLE","zip":"50846","affiliation_source":""}},{"type":"Feature","geometry":{"type":"Point","coordinates":[-94.4181365209999,41.20158119000007]},"properties":{"name":"Orient United Methodist Church","county":"Adair","precinct":"4SE ORIENT","address":"124 S MAPLE ST","city":"ORIENT","zip":"50858","affiliation_source":""}},{"type":"Feature","geometry":{"type":"Point","coordinates":[-94.45700483699994,41.316252818000066]},"properties":{"name":"Adair Co Health & Fitness Center","county":"Adair","precinct":"5GF GREENFIELD","address":"202 N TOWNLINE RD","city":"GREENFIELD","zip":"50849","affiliation_source":""}},{"type":"Feature","geometry":{"type":"Point","coordinates":[-94.88739144699991,41.40122006200005]},"properties":{"name":"Wiota City Hall","county":"Cass","precinct":"Benton/Franklin/Wiota","address":"311 CENTER ST","city":"WIOTA","zip":"50274","affiliation_source":""}},{"type":"Feature","geometry":{"type":"Point","coordinates":[-94.7661560279999,41.444484738000085]},"properties":{"name":"Anita Community Center","county":"Cass","precinct":"Grant/Anita/Lincoln","address":"805 MAIN ST","city":"ANITA","zip":"50020","affiliation_source":""}},{"type":"Feature","geometry":{"type":"Point","coordinates":[-94.10747246999995,41.731903137000074]},"properties":{"name":"Washington Twp School","county":"Dallas","precinct":"Lincoln Washington Linn","address":"18930 210TH ST","city":"MINBURN","zip":"50167","affiliation_source":""}},{"type":"Feature","geometry":{"type":"Point","coordinates":[-94.2220633579999,41.84175141700007]},"properties":{"name":"Dawson Community Bldg","county":"Dallas","precinct":"Spring Valley Dallas","address":"208 S 1ST ST","city":"DAWSON","zip":"50066","affiliation_source":""}},{"type":"Feature","geometry":{"type":"Point","coordinates":[-94.10669906099992,41.83844900100007]},"properties":{"name":"Perry Public Library","county":"Dallas","precinct":"Perry 1","address":"1101 WILLIS AVE","city":"PERRY","zip":"50220","affiliation_source":""}},{"type":"Feature","geometry":{"type":"Point","coordinates":[-94.07318279299994,41.83856666400004]},"properties":{"name":"Otley Masonic Lodge #299","county":"Dallas","precinct":"Perry 2","address":"3316 WILLIS AVE","city":"PERRY","zip":"50220","affiliation_source":""}},{"type":"Feature","geometry":{"type":"Point","coordinates":[-94.09762093599994,41.84159955200005]},"properties":{"name":"Mccreary Community Bldg","county":"Dallas","precinct":"Perry 3","address":"1800 PATTEE ST","city":"PERRY","zip":"50220","affiliation_source":""}},{"type":"Feature","geometry":{"type":"Point","coordinates":[-94.55801761499993,41.85089026300005]},"properties":{"name":"Bayard Library","county":"Guthrie","precinct":"Red","address":"315 MAIN STREET","city":"BAYARD","zip":"50029","affiliation_source":""}},{"type":"Feature","geometry":{"type":"Point","coordinates":[-94.35487837599993,41.774947162000046]},"properties":{"name":"Yale Community Building","county":"Guthrie","precinct":"Green","address":"MAIN STREET","city":"YALE","zip":"50277","affiliation_source":""}},{"type":"Feature","geometry":{"type":"Point","coordinates":[-94.5191194489999,41.50685162500008]},"properties":{"name":"Casey Visitors Center","county":"Guthrie","precinct":"Black","address":"100 E GRANT ST","city":"CASEY","zip":"50048","affiliation_source":""}},{"type":"Feature","geometry":{"type":"Point","coordinates":[-94.3650808669999,41.69170815100006]},"properties":{"name":"Vet's Auditorium - Panora","county":"Guthrie","precinct":"Blue","address":"115 W. MAIN STREET","city":"PANORA","zip":"50216","affiliation_source":""}},{"type":"Feature","geometry":{"type":"Point","coordinates":[-94.36469401199992,41.69170795600007]},"properties":{"name":"Panora Library","county":"Guthrie","precinct":"Brown","address":"117 W. MAIN STREET","city":"PANORA","zip":"50216","affiliation_source":""}},{"type":"Feature","geometry":{"type":"Point","coordinates":[-94.5033488929999,41.679116589000046]},"properties":{"name":"Guthrie Center Library","county":"Guthrie","precinct":"Gold","address":"400 GRAND STREET","city":"GUTHRIE CENTER","zip":"50115","affiliation_source":""}},{"type":"Feature","geometry":{"type":"Point","coordinates":[-94.50350695599991,41.67738052800007]},"properties":{"name":"Christian Church - Guthrie Center","county":"Guthrie","precinct":"White","address":"105 N. 4TH STREET","city":"GUTHRIE CENTER","zip":"50115","affiliation_source":""}},{"type":"Feature","geometry":{"type":"Point","coordinates":[-94.31838778999992,41.50563165700004]},"properties":{"name":"Congregational Church - Stuart","county":"Guthrie","precinct":"Purple","address":"224 N DIVISION STREET","city":"STUART","zip":"50250","affiliation_source":""}},{"type":"Feature","geometry":{"type":"Point","coordinates":[-95.00613863299992,41.40273782300005]},"properties":{"name":"Zion Lutheran Church","county":"Cass","precinct":"Atlantic Ward 1","address":"811 OAK ST","city":"ATLANTIC","zip":"50022","affiliation_source":""}},{"type":"Feature","geometry":{"type":"Point","coordinates":[-95.01447735399995,41.40542021500005]},"properties":{"name":"Atlantic Public Library","county":"Cass","precinct":"Atlantic Ward 2","address":"507 POPLAR ST","city":"ATLANTIC","zip":"50022","affiliation_source":""}},{"type":"Feature","geometry":{"type":"Point","coordinates":[-95.02327120599995,41.401002893000054]},"properties":{"name":"Cass Co Comm Bldg","county":"Cass","precinct":"Atlantic Ward 3","address":"805 W 10TH ST","city":"ATLANTIC","zip":"50022","affiliation_source":""}},{"type":"Feature","geometry":{"type":"Point","coordinates":[-95.02327120599995,41.401002893000054]},"properties":{"name":"Cass Co Comm Bldg","county":"Cass","precinct":"Brighton/ Marne/ Grove/ Pymosa/ Washington","address":"805 W 10TH ST","city":"ATLANTIC","zip":"50022","affiliation_source":""}},{"type":"Feature","geometry":{"type":"Point","coordinates":[-95.00447718999993,41.39487109000004]},"properties":{"name":"United Church Of Christ","county":"Cass","precinct":"Atlantic Ward 4","address":"1607 HAZEL ST","city":"ATLANTIC","zip":"50022","affiliation_source":""}},{"type":"Feature","geometry":{"type":"Point","coordinates":[-95.0005307369999,41.39837347900004]},"properties":{"name":"Heritage House","county":"Cass","precinct":"Atlantic Ward 5","address":"1200 BROOKRIDGE CIRCLE","city":"ATLANTIC","zip":"50022","affiliation_source":""}},{"type":"Feature","geometry":{"type":"Point","coordinates":[-95.0886652129999,41.30571437000009]},"properties":{"name":"Lewis Public Library","county":"Cass","precinct":"Bear Grove/ Cass/ Lewis","address":"412 W MAIN ST","city":"LEWIS","zip":"51544","affiliation_source":""}},{"type":"Feature","geometry":{"type":"Point","coordinates":[-95.14127704099991,41.23570777800006]},"properties":{"name":"Griswold Community Building","county":"Cass","precinct":"Noble/ Pleasant/ Griswold","address":"601 2ND ST","city":"GRISWOLD","zip":"51535","affiliation_source":""}},{"type":"Feature","geometry":{"type":"Point","coordinates":[-94.7688439339999,41.25270091400006]},"properties":{"name":"Massena Public Library","county":"Cass","precinct":"Massena Twp And City","address":"122 MAIN ST","city":"MASSENA","zip":"50853","affiliation_source":""}},{"type":"Feature","geometry":{"type":"Point","coordinates":[-94.7688439339999,41.25270091400006]},"properties":{"name":"Massena Public Library","county":"Cass","precinct":"Victoria/Edna","address":"122 MAIN ST","city":"MASSENA","zip":"50853","affiliation_source":""}},{"type":"Feature","geometry":{"type":"Point","coordinates":[-94.87162648999993,41.27319075300005]},"properties":{"name":"Cumberland Community Building","county":"Cass","precinct":"Union Twp And Cumberland","address":"200 W 2ND ST","city":"CUMBERLAND","zip":"50843","affiliation_source":""}},{"type":"Feature","geometry":{"type":"Point","coordinates":[-94.73523032599991,40.988088160000075]},"properties":{"name":"Corning Community Center","county":"Adams","precinct":"ADAMS 1","address":"606 6TH STREET","city":"CORNING","zip":"50841","affiliation_source":""}},{"type":"Feature","geometry":{"type":"Point","coordinates":[-94.73528735899993,40.99087840000004]},"properties":{"name":"Corning City Library","county":"Adams","precinct":"ADAMS 2","address":"603 9TH STREET","city":"CORNING","zip":"50841","affiliation_source":""}},{"type":"Feature","geometry":{"type":"Point","coordinates":[-94.73732010399993,40.99883775400008]},"properties":{"name":"Redeemer Lutheran Church","county":"Adams","precinct":"ADAMS 3","address":"800 17TH ST","city":"CORNING","zip":"50841","affiliation_source":""}},{"type":"Feature","geometry":{"type":"Point","coordinates":[-94.61025929899995,41.023172740000064]},"properties":{"name":"Prescott City Hall","county":"Adams","precinct":"ADAMS 5","address":"607 2ND ST","city":"PRESCOTT","zip":"50859","affiliation_source":""}},{"type":"Feature","geometry":{"type":"Point","coordinates":[-92.26102286999992,42.46917201800005]},"properties":{"name":"Elk Run Heights City Hall","county":"Black Hawk","precinct":"Elk Run Heights/Raymond","address":"5042 LAFAYETTE RD","city":"ELK RUN HEIGHTS","zip":"50707","affiliation_source":""}},{"type":"Feature","geometry":{"type":"Point","coordinates":[-92.28812275999991,42.47800207700004]},"properties":{"name":"Evansdale City Hall","county":"Black Hawk","precinct":"Evansdale Ward 1","address":"123 N EVANS RD","city":"EVANSDALE","zip":"50707","affiliation_source":""}},{"type":"Feature","geometry":{"type":"Point","coordinates":[-92.2875108419999,42.46538154000007]},"properties":{"name":"Community Response Center","county":"Black Hawk","precinct":"Evansdale Ward 2","address":"911 EVANS RD","city":"EVANSDALE","zip":"50707","affiliation_source":""}},{"type":"Feature","geometry":{"type":"Point","coordinates":[-92.2875108419999,42.46538154000007]},"properties":{"name":"Community Response Center","county":"Black Hawk","precinct":"Evansdale Ward 4","address":"911 EVANS RD","city":"EVANSDALE","zip":"50707","affiliation_source":""}},{"type":"Feature","geometry":{"type":"Point","coordinates":[-92.27798235699993,42.47412664500007]},"properties":{"name":"Prince Of Peace Church","county":"Black Hawk","precinct":"Evansdale Ward 3","address":"4031 LAFAYETTE RD","city":"EVANSDALE","zip":"50707","affiliation_source":""}},{"type":"Feature","geometry":{"type":"Point","coordinates":[-92.36881835299994,42.530438762000074]},"properties":{"name":"River's Edge Christian Church","county":"Black Hawk","precinct":"Precinct W301","address":"1247 CEDAR BEND ST","city":"WATERLOO","zip":"50703","affiliation_source":""}},{"type":"Feature","geometry":{"type":"Point","coordinates":[-92.34035984199994,42.53141197200006]},"properties":{"name":"Barrett Forum,","county":"Black Hawk","precinct":"Precinct W302","address":"1990 HEATH ST","city":"WATERLOO","zip":"50703","affiliation_source":""}},{"type":"Feature","geometry":{"type":"Point","coordinates":[-92.33162076999992,42.52759722400003]},"properties":{"name":"Good Shepherd Lutheran Church","county":"Black Hawk","precinct":"Precinct W401","address":"517 E DONALD ST","city":"WATERLOO","zip":"50703","affiliation_source":""}},{"type":"Feature","geometry":{"type":"Point","coordinates":[-92.34056031099993,42.523942151000085]},"properties":{"name":"St Paul United Methodist Church","county":"Black Hawk","precinct":"Precinct W303","address":"207 W LOUISE ST","city":"WATERLOO","zip":"50703","affiliation_source":""}},{"type":"Feature","geometry":{"type":"Point","coordinates":[-92.3450836959999,42.512621452000076]},"properties":{"name":"New Hope Missionary Baptist Church","county":"Black Hawk","precinct":"Precinct W304","address":"710 BROADWAY ST","city":"WATERLOO","zip":"50703","affiliation_source":""}},{"type":"Feature","geometry":{"type":"Point","coordinates":[-92.16015880999993,41.573841593000054]},"properties":{"name":"Millersburg City Hall","county":"Iowa","precinct":"Dayton English 1","address":"461 WASHINGTON ST","city":"MILLERSBURG","zip":"52308","affiliation_source":""}},{"type":"Feature","geometry":{"type":"Point","coordinates":[-92.07646837399994,41.51621255500004]},"properties":{"name":"North English Fire Station","county":"Iowa","precinct":"English 2","address":"210 N MAIN ST","city":"NORTH ENGLISH","zip":"52316","affiliation_source":""}},{"type":"Feature","geometry":{"type":"Point","coordinates":[-92.29812651099991,41.731773399000076]},"properties":{"name":"Victor Public Library","county":"Iowa","precinct":"Hartford 2 Lincoln","address":"712 2ND ST","city":"VICTOR","zip":"52347","affiliation_source":""}},{"type":"Feature","geometry":{"type":"Point","coordinates":[-92.18229647299995,41.75675728900006]},"properties":{"name":"Ia Co Secondary Road Shop","county":"Iowa","precinct":"Hartford 1 Sumner","address":"105 EAST ST","city":"LADORA","zip":"52251","affiliation_source":""}},{"type":"Feature","geometry":{"type":"Point","coordinates":[-95.65746347899994,40.605312618000085]},"properties":{"name":"Hamburg City Hall","county":"Fremont","precinct":"Hamburg/Washington Twp","address":"1201 MAIN ST","city":"HAMBURG","zip":"51640","affiliation_source":""}},{"type":"Feature","geometry":{"type":"Point","coordinates":[-95.48102467299992,40.71921776000005]},"properties":{"name":"Farragut City Hall","county":"Fremont","precinct":"Farragut Pct","address":"518 HARTFORD AVE","city":"FARRAGUT","zip":"51639","affiliation_source":""}},{"type":"Feature","geometry":{"type":"Point","coordinates":[-95.56847292299994,40.68591016800008]},"properties":{"name":"Riverton Community Center","county":"Fremont","precinct":"Riverton Pct","address":"808 SUMMER AVE","city":"RIVERTON","zip":"51650","affiliation_source":""}},{"type":"Feature","geometry":{"type":"Point","coordinates":[-95.6471181529999,40.74829309200004]},"properties":{"name":"Courthouse","county":"Fremont","precinct":"Sidney Pct","address":"506 FILMORE ST","city":"SIDNEY","zip":"51652","affiliation_source":""}},{"type":"Feature","geometry":{"type":"Point","coordinates":[-95.67131479099993,40.90155370300005]},"properties":{"name":"Tabor City Hall","county":"Fremont","precinct":"Green Riverside Scott Pct","address":"900 MAIN ST","city":"TABOR","zip":"51653","affiliation_source":""}},{"type":"Feature","geometry":{"type":"Point","coordinates":[-91.05854385599991,41.88875132700008]},"properties":{"name":"Clarence City Hall","county":"Cedar","precinct":"Dayton Fairfield","address":"411 LOMBARD ST","city":"CLARENCE","zip":"52216","affiliation_source":""}},{"type":"Feature","geometry":{"type":"Point","coordinates":[-90.91255658299991,41.602799926000046]},"properties":{"name":"Durant Community Center","county":"Cedar","precinct":"Farmington Sugar Creek","address":"605 5TH AVE","city":"DURANT","zip":"52747","affiliation_source":""}},{"type":"Feature","geometry":{"type":"Point","coordinates":[-91.15052414899992,41.89280800600005]},"properties":{"name":"Stanwood Masonic Hall","county":"Cedar","precinct":"Fremont Red Oak","address":"209 E BROADWAY ST","city":"STANWOOD","zip":"52337","affiliation_source":""}},{"type":"Feature","geometry":{"type":"Point","coordinates":[-90.9739270579999,41.73993272300004]},"properties":{"name":"Bennett Community Building","county":"Cedar","precinct":"Inland","address":"242 MAIN STREET","city":"BENNETT","zip":"52721","affiliation_source":""}},{"type":"Feature","geometry":{"type":"Point","coordinates":[-91.25427084099994,41.90481422900007]},"properties":{"name":"Mechanicsville Memorial Bldg.","county":"Cedar","precinct":"Linn Pioneer","address":"102 N JOHN ST","city":"MECHANICSVILLE","zip":"52306","affiliation_source":""}},{"type":"Feature","geometry":{"type":"Point","coordinates":[-90.92685875599994,41.857603038000036]},"properties":{"name":"Lowden City Hall","county":"Cedar","precinct":"Massillon Springfield","address":"501 MAIN ST","city":"LOWDEN","zip":"52255","affiliation_source":""}},{"type":"Feature","geometry":{"type":"Point","coordinates":[-91.12836391299993,41.76905432500007]},"properties":{"name":"Cass/center/iowa/rochester - Court Room","county":"Cedar","precinct":"Cass Center Iowa Rochester","address":"400 CEDAR ST","city":"TIPTON","zip":"52772","affiliation_source":""}},{"type":"Feature","geometry":{"type":"Point","coordinates":[-91.12836391299993,41.76905432500007]},"properties":{"name":"Tipton 1- Room 2b","county":"Cedar","precinct":"Tipton 1","address":"400 CEDAR ST","city":"TIPTON","zip":"52772","affiliation_source":""}},{"type":"Feature","geometry":{"type":"Point","coordinates":[-91.12836391299993,41.76905432500007]},"properties":{"name":"Tipton 2 - N 1/2 Room B-4","county":"Cedar","precinct":"Tipton 2","address":"400 CEDAR ST","city":"TIPTON","zip":"52772","affiliation_source":""}},{"type":"Feature","geometry":{"type":"Point","coordinates":[-91.12836391299993,41.76905432500007]},"properties":{"name":"Tipton 3 - S 1/2 Room B-4","county":"Cedar","precinct":"Tipton 3","address":"400 CEDAR ST","city":"TIPTON","zip":"52772","affiliation_source":""}},{"type":"Feature","geometry":{"type":"Point","coordinates":[-91.34512082299995,41.67143858600008]},"properties":{"name":"W.b. Town Hall","county":"Cedar","precinct":"Gower Springdale","address":"205 E MAIN ST","city":"WEST BRANCH","zip":"52358","affiliation_source":""}},{"type":"Feature","geometry":{"type":"Point","coordinates":[-91.34529511799991,41.671436449000055]},"properties":{"name":"W.b. Town Hall","county":"Cedar","precinct":"West Branch 1","address":"205 E MAIN","city":"WEST BRANCH","zip":"52358","affiliation_source":""}},{"type":"Feature","geometry":{"type":"Point","coordinates":[-92.94973922499992,40.77761704200009]},"properties":{"name":"Mystic City Hall","county":"Appanoose","precinct":"Walnut","address":"MAIN ST","city":"MYSTIC","zip":"52574","affiliation_source":""}},{"type":"Feature","geometry":{"type":"Point","coordinates":[-92.97833815199994,40.68882025100004]},"properties":{"name":"Numa Community Center","county":"Appanoose","precinct":"Bellair Lincoln","address":"104 WALNUT ST","city":"NUMA","zip":"52544","affiliation_source":""}},{"type":"Feature","geometry":{"type":"Point","coordinates":[-92.81459711199994,40.89088407700007]},"properties":{"name":"Moravia City Hall","county":"Appanoose","precinct":"Taylor Chariton","address":"116 S WILLIAM","city":"MORAVIA","zip":"52571","affiliation_source":""}},{"type":"Feature","geometry":{"type":"Point","coordinates":[-92.93167406399994,40.63093654000005]},"properties":{"name":"Cincinnati City Hall","county":"Appanoose","precinct":"Pleasant Franklin","address":"W PLEASANT ST","city":"CINCINNATI","zip":"52549","affiliation_source":""}},{"type":"Feature","geometry":{"type":"Point","coordinates":[-93.0456139499999,40.75736518000008]},"properties":{"name":"Christian Church Fellowship Hall","county":"Appanoose","precinct":"Johns Independence","address":"2ND ST","city":"PLANO","zip":"52581","affiliation_source":""}},{"type":"Feature","geometry":{"type":"Point","coordinates":[-92.67716710299993,40.68535290900007]},"properties":{"name":"Moulton City Hall","county":"Appanoose","precinct":"Washington Wells","address":"MAIN ST","city":"MOULTON","zip":"52572","affiliation_source":""}},{"type":"Feature","geometry":{"type":"Point","coordinates":[-92.84750355999995,40.64833316800008]},"properties":{"name":"Exline Community Building","county":"Appanoose","precinct":"Caldwell","address":"MAIN ST","city":"EXLINE","zip":"52555","affiliation_source":""}},{"type":"Feature","geometry":{"type":"Point","coordinates":[-92.69599232099995,40.81920551300004]},"properties":{"name":"Unionville American Legion","county":"Appanoose","precinct":"Union/Udell","address":"MAIN ST","city":"UNIONVILLE","zip":"52594","affiliation_source":""}},{"type":"Feature","geometry":{"type":"Point","coordinates":[-92.87175054999994,40.73249692400009]},"properties":{"name":"Centerville City Hall","county":"Appanoose","precinct":"Centerville W2","address":"312 E MAPLE","city":"CENTERVILLE","zip":"52544","affiliation_source":""}},{"type":"Feature","geometry":{"type":"Point","coordinates":[-92.87475784399993,40.73384201600004]},"properties":{"name":"Courthouse-1st Floor","county":"Appanoose","precinct":"Vermillion Douglas Sharon","address":"201 N 12TH","city":"CENTERVILLE","zip":"52544","affiliation_source":""}},{"type":"Feature","geometry":{"type":"Point","coordinates":[-92.8678303989999,40.71531611900008]},"properties":{"name":"Bus Barn","county":"Appanoose","precinct":"Centerville W1","address":"10TH & FRANKLIN","city":"CENTERVILLE","zip":"52544","affiliation_source":""}},{"type":"Feature","geometry":{"type":"Point","coordinates":[-92.86771816999993,40.71915176300007]},"properties":{"name":"Lakeview School","county":"Appanoose","precinct":"Centerville W3","address":"W COTTAGE","city":"CENTERVILLE","zip":"52544","affiliation_source":""}},{"type":"Feature","geometry":{"type":"Point","coordinates":[-92.41895170499993,40.747559580000086]},"properties":{"name":"Blfd Fire Station 2","county":"Davis","precinct":"Bloomfield 2","address":"501 S. WEST ST.","city":"BLOOMFIELD","zip":"52537","affiliation_source":""}},{"type":"Feature","geometry":{"type":"Point","coordinates":[-92.41895170499993,40.747559580000086]},"properties":{"name":"Blfd Fire Station 3","county":"Davis","precinct":"Bloomfield 3","address":"501 S. WEST ST.","city":"BLOOMFIELD","zip":"52537","affiliation_source":""}},{"type":"Feature","geometry":{"type":"Point","coordinates":[-92.49030498799993,40.823908982000034]},"properties":{"name":"Drakesville Shelter House","county":"Davis","precinct":"North West","address":"CITY PARK","city":"DRAKESVILLE","zip":"52552","affiliation_source":""}},{"type":"Feature","geometry":{"type":"Point","coordinates":[-92.3039980669999,40.862975567000035]},"properties":{"name":"Floris Community Hall","county":"Davis","precinct":"North East","address":"COMMUNITY HALL","city":"FLORIS","zip":"52560","affiliation_source":""}},{"type":"Feature","geometry":{"type":"Point","coordinates":[-92.27350007899992,40.696838193000076]},"properties":{"name":"Pulaski City Hall/fire Dept","county":"Davis","precinct":"South East","address":"106 S SECOND ST","city":"PULASKI","zip":"52584","affiliation_source":""}},{"type":"Feature","geometry":{"type":"Point","coordinates":[-92.39445280799993,40.73808403800007]},"properties":{"name":"Southern Iowa Electric Coop","county":"Davis","precinct":"Central","address":"22458 HWY 2","city":"BLOOMFIELD","zip":"52537","affiliation_source":""}},{"type":"Feature","geometry":{"type":"Point","coordinates":[-92.55958664799994,40.725562429000036]},"properties":{"name":"West Grove Township Hall","county":"Davis","precinct":"South West","address":"HWY 2","city":"WEST GROVE","zip":"52538","affiliation_source":""}},{"type":"Feature","geometry":{"type":"Point","coordinates":[-92.40505165399992,40.75462887000003]},"properties":{"name":"Mutchler Center","county":"Davis","precinct":"Bloomfield 1","address":"900 E NORTH ST","city":"BLOOMFIELD","zip":"52537","affiliation_source":""}},{"type":"Feature","geometry":{"type":"Point","coordinates":[-91.66112447499995,41.14712565600007]},"properties":{"name":"Wayland City Hall","county":"Henry","precinct":"NW Precinct","address":"218 W MAIN ST","city":"WAYLAND","zip":"52654","affiliation_source":""}},{"type":"Feature","geometry":{"type":"Point","coordinates":[-91.43794752799994,41.128839897000034]},"properties":{"name":"Winfield City Hall","county":"Henry","precinct":"NE Precinct","address":"115 N LOCUST ST","city":"WINFIELD","zip":"52659","affiliation_source":""}},{"type":"Feature","geometry":{"type":"Point","coordinates":[-91.62140210099994,40.85357335600008]},"properties":{"name":"Salem Community Center","county":"Henry","precinct":"SW Precinct","address":"201 S MAIN ST","city":"SALEM","zip":"52649","affiliation_source":""}},{"type":"Feature","geometry":{"type":"Point","coordinates":[-91.40163636599993,40.925897845000065]},"properties":{"name":"New London Comm Ctr","county":"Henry","precinct":"SE Precinct","address":"106 N DIVISION ST","city":"NEW LONDON","zip":"52645","affiliation_source":""}},{"type":"Feature","geometry":{"type":"Point","coordinates":[-91.54881938599993,40.96716001600004]},"properties":{"name":"Cottrell Gym Wrestling Room","county":"Henry","precinct":"Central Precinct","address":"404 E MADISON ST","city":"MT PLEASANT","zip":"52641","affiliation_source":""}},{"type":"Feature","geometry":{"type":"Point","coordinates":[-91.54444270499994,40.96673752000004]},"properties":{"name":"Cottrell Gym 1","county":"Henry","precinct":"Mt Pleasant Pct 1","address":"E. MADISON ST","city":"MT PLEASANT","zip":"52641","affiliation_source":""}},{"type":"Feature","geometry":{"type":"Point","coordinates":[-91.54444270499994,40.96673752000004]},"properties":{"name":"Cottrell Gym 2","county":"Henry","precinct":"Mt Pleasant Pct 2","address":"E. MADISON ST","city":"MT PLEASANT","zip":"52641","affiliation_source":""}},{"type":"Feature","geometry":{"type":"Point","coordinates":[-91.54444270499994,40.96673752000004]},"properties":{"name":"Cottrell Gym 3","county":"Henry","precinct":"Mt Pleasant Pct 3","address":"E. MADISON ST","city":"MT PLEASANT","zip":"52641","affiliation_source":""}},{"type":"Feature","geometry":{"type":"Point","coordinates":[-91.54444270499994,40.96673752000004]},"properties":{"name":"Cottrell Gym 4","county":"Henry","precinct":"Mt Pleasant Pct 4","address":"E MADISON ST","city":"MT PLEASANT","zip":"52641","affiliation_source":""}},{"type":"Feature","geometry":{"type":"Point","coordinates":[-93.78028911599995,41.64599012600007]},"properties":{"name":"Kaplan University","county":"Dallas","precinct":"Urbandale 13","address":"4655 121ST ST","city":"URBANDALE","zip":"50323","affiliation_source":""}},{"type":"Feature","geometry":{"type":"Point","coordinates":[-93.83179002399993,41.55410798100007]},"properties":{"name":"Edgewater Wesley Life Community","county":"Dallas","precinct":"West Des Moines 321","address":"9225 CASCADE AVE","city":"W DES MOINES","zip":"50266","affiliation_source":""}},{"type":"Feature","geometry":{"type":"Point","coordinates":[-93.83179002399993,41.55410798100007]},"properties":{"name":"Edgewater Wesley Life Community","county":"Dallas","precinct":"West Des Moines 322","address":"9225 CASCADE AVE","city":"W DES MOINES","zip":"50266","affiliation_source":""}},{"type":"Feature","geometry":{"type":"Point","coordinates":[-93.80470333099993,41.583137597000075]},"properties":{"name":"St Francis Of Assisi Church","county":"Dallas","precinct":"West Des Moines 225","address":"7075 ASHWORTH RD","city":"W DES MOINES","zip":"50266","affiliation_source":""}},{"type":"Feature","geometry":{"type":"Point","coordinates":[-93.80470333099993,41.583137597000075]},"properties":{"name":"St Francis Of Assisi Church","county":"Dallas","precinct":"West Des Moines 226","address":"7075 ASHWORTH RD.","city":"W W DES MOINES","zip":"50266","affiliation_source":""}},{"type":"Feature","geometry":{"type":"Point","coordinates":[-93.80899361099995,41.580879984000035]},"properties":{"name":"Lutheran Church Of Hope","county":"Dallas","precinct":"West Des Moines 221","address":"925 JORDAN CREEK PKWY","city":"W DES MOINES","zip":"50266","affiliation_source":""}},{"type":"Feature","geometry":{"type":"Point","coordinates":[-93.80899361099995,41.580879984000035]},"properties":{"name":"Lutheran Church Of Hope","county":"Dallas","precinct":"West Des Moines 222","address":"925 JORDAN CREEK PKWY","city":"W DES MOINES","zip":"50266","affiliation_source":""}},{"type":"Feature","geometry":{"type":"Point","coordinates":[-93.81844248499993,41.57455820200005]},"properties":{"name":"Btfl Svr Evang Lutheran Church","county":"Dallas","precinct":"West Des Moines 223","address":"8051 EP TRUE PKWY","city":"W DES MOINES","zip":"50266","affiliation_source":""}},{"type":"Feature","geometry":{"type":"Point","coordinates":[-93.87225689199994,41.60542001600004]},"properties":{"name":"Immanuel Lutheran Church","county":"Dallas","precinct":"Waukee 1","address":"900 WARRIOR LN","city":"WAUKEE","zip":"50263","affiliation_source":""}},{"type":"Feature","geometry":{"type":"Point","coordinates":[-93.88682122799992,41.61150281100004]},"properties":{"name":"Waukee Community Center","county":"Dallas","precinct":"Waukee 3","address":"675 WALNUT","city":"WAUKEE","zip":"50263","affiliation_source":""}},{"type":"Feature","geometry":{"type":"Point","coordinates":[-93.87229768499992,41.600390796000056]},"properties":{"name":"St Boniface Church","county":"Dallas","precinct":"Waukee 5","address":"1200 WARRIOR LN","city":"WAUKEE","zip":"50263","affiliation_source":""}},{"type":"Feature","geometry":{"type":"Point","coordinates":[-93.86209005799992,41.600393127000075]},"properties":{"name":"Waukee School Admin Bldg","county":"Dallas","precinct":"Waukee 6","address":"560 SE UNIVERSITY AVE","city":"WAUKEE","zip":"50263","affiliation_source":""}},{"type":"Feature","geometry":{"type":"Point","coordinates":[-93.83359424999992,41.601390812000034]},"properties":{"name":"Westview Church","county":"Dallas","precinct":"Waukee 4","address":"1155 SE BOONE DR","city":"WAUKEE","zip":"50263","affiliation_source":""}},{"type":"Feature","geometry":{"type":"Point","coordinates":[-93.86605399199993,41.619020473000035]},"properties":{"name":"Point Of Grace Church 14","county":"Dallas","precinct":"Urbandale 14","address":"305 NE DARTMOOR DR","city":"WAUKEE","zip":"50263","affiliation_source":""}},{"type":"Feature","geometry":{"type":"Point","coordinates":[-93.86604577299994,41.619403101000046]},"properties":{"name":"Point Of Grace Church 15","county":"Dallas","precinct":"Urbandale 15","address":"305 NE DARTMOOR DR","city":"WAUKEE","zip":"5063","affiliation_source":""}},{"type":"Feature","geometry":{"type":"Point","coordinates":[-93.8157303189999,41.614793131000056]},"properties":{"name":"Heartland Presbyterian Church, PCUSA","county":"Dallas","precinct":"Clive 5","address":"14300 HICKMAN RD","city":"CLIVE","zip":"50325","affiliation_source":"https://pcusa.org/congregation/heartland-church-clive-ia"}},{"type":"Feature","geometry":{"type":"Point","coordinates":[-93.8157303189999,41.614793131000056]},"properties":{"name":"Heartland Presbyterian Church, PCUSA","county":"Dallas","precinct":"Clive 6","address":"14300 HICKMAN RD","city":"CLIVE","zip":"50325","affiliation_source":"https://pcusa.org/congregation/heartland-church-clive-ia"}},{"type":"Feature","geometry":{"type":"Point","coordinates":[-93.95083744199991,41.04129183400005]},"properties":{"name":"Murray Community Center","county":"Clarke","precinct":"MURRAY PRECINCT","address":"416 MAPLE ST","city":"MURRAY","zip":"50174","affiliation_source":""}},{"type":"Feature","geometry":{"type":"Point","coordinates":[-93.7647038369999,41.062291015000085]},"properties":{"name":"Osceola Eagles Bldg","county":"Clarke","precinct":"NORTH EAST PRECINCT","address":"2329 N MAIN ST","city":"OSCEOLA","zip":"50213","affiliation_source":""}},{"type":"Feature","geometry":{"type":"Point","coordinates":[-93.76751567199994,41.03515953500005]},"properties":{"name":"Osceola City Hall","county":"Clarke","precinct":"OSCEOLA 1ST WARD","address":"115 N FILLMORE ST","city":"OSCEOLA","zip":"50213","affiliation_source":""}},{"type":"Feature","geometry":{"type":"Point","coordinates":[-93.76574697799992,41.03416234600007]},"properties":{"name":"Courthouse, 1st Floor","county":"Clarke","precinct":"OSCEOLA 2ND WARD","address":"100 S MAIN ST","city":"OSCEOLA","zip":"50213","affiliation_source":""}},{"type":"Feature","geometry":{"type":"Point","coordinates":[-93.78762807499993,41.02832622600005]},"properties":{"name":"Clarke Co 4-h Bldg","county":"Clarke","precinct":"MIDDLE PRECINCT","address":"2070 W MCLANE ST","city":"OSCEOLA","zip":"50213","affiliation_source":""}},{"type":"Feature","geometry":{"type":"Point","coordinates":[-93.76684122699993,41.02958622700004]},"properties":{"name":"United Methodist Church","county":"Clarke","precinct":"OSCEOLA 3RD WARD","address":"130 W GRANT ST","city":"OSCEOLA","zip":"50213","affiliation_source":""}},{"type":"Feature","geometry":{"type":"Point","coordinates":[-93.59784595499991,41.01117996800008]},"properties":{"name":"Woodburn Legion Hall","county":"Clarke","precinct":"WOODBURN PRECINCT","address":"605 SIGLER ST","city":"WOODBURN","zip":"50275","affiliation_source":""}},{"type":"Feature","geometry":{"type":"Point","coordinates":[-93.9344615999999,40.623528874000044]},"properties":{"name":"Lamoni Community Center","county":"Decatur","precinct":"BL/FA/LAMONI","address":"108 S CHESTNUT","city":"LAMONI","zip":"50140","affiliation_source":""}},{"type":"Feature","geometry":{"type":"Point","coordinates":[-93.80834689199992,40.63920802600006]},"properties":{"name":"Davis City Comm Center","county":"Decatur","precinct":"BU/ NB/ DC/ HA/ MO/ PL","address":"209 BRIDGE STREET","city":"DAVIS CITY","zip":"50065","affiliation_source":""}},{"type":"Feature","geometry":{"type":"Point","coordinates":[-93.74552053699995,40.74028337500005]},"properties":{"name":"Leon Community Center","county":"Decatur","precinct":"LEON/ CE/ED","address":"203 NE 2ND STREET","city":"LEON","zip":"50144","affiliation_source":""}},{"type":"Feature","geometry":{"type":"Point","coordinates":[-93.83353265199992,40.74191050300004]},"properties":{"name":"Barnum Community Center","county":"Decatur","precinct":"DE/DECATUR CITY","address":"302 NE 4TH STREET","city":"DECATUR","zip":"50067","affiliation_source":""}},{"type":"Feature","geometry":{"type":"Point","coordinates":[-93.6228534579999,40.82698691000007]},"properties":{"name":"Garden Grove City Hall","county":"Decatur","precinct":"GG/ GG /LR/ HP/ WO","address":"W MAIN STREET","city":"GARDEN GROVE","zip":"50103","affiliation_source":""}},{"type":"Feature","geometry":{"type":"Point","coordinates":[-93.96245651399994,40.818182095000054]},"properties":{"name":"Grand River Comm Center","county":"Decatur","precinct":"GR/RL/GR","address":"122 BROADWAY ST","city":"GRAND RIVER","zip":"50108","affiliation_source":""}},{"type":"Feature","geometry":{"type":"Point","coordinates":[-93.79546191999992,40.869547744000045]},"properties":{"name":"Van Wert City Hall","county":"Decatur","precinct":"LC/ VW/ FR/ WE","address":"101 E 1ST STREET","city":"VAN WERT","zip":"50262","affiliation_source":""}},{"type":"Feature","geometry":{"type":"Point","coordinates":[-91.03859718199993,40.976759980000054]},"properties":{"name":"Two Rivers Office Bldg","county":"Des Moines","precinct":"Benton / Huron / Jackson Twps","address":"5601 - 205TH ST (KINGSTON)","city":"MEDIAPOLIS","zip":"52637","affiliation_source":""}},{"type":"Feature","geometry":{"type":"Point","coordinates":[-91.16504150399993,41.00791974200007]},"properties":{"name":"Mediapolis City Hall","county":"Des Moines","precinct":"Mediapolis Town / Franklin & Yellow Spring Twps","address":"510 MAIN ST","city":"MEDIAPOLIS","zip":"52637","affiliation_source":""}},{"type":"Feature","geometry":{"type":"Point","coordinates":[-91.32276189499993,41.026529217000075]},"properties":{"name":"Yarmouth Fire Station","county":"Des Moines","precinct":"Pleasant Grove / Washington Twps","address":"20454 EASTERN AVE","city":"YARMOUTH","zip":"52660","affiliation_source":""}},{"type":"Feature","geometry":{"type":"Point","coordinates":[-91.31479908199992,40.866375463000054]},"properties":{"name":"Danville Community Bldg","county":"Des Moines","precinct":"Danville Town / Danville Twp","address":"104 W SHEPHERD ST","city":"DANVILLE","zip":"52623","affiliation_source":""}},{"type":"Feature","geometry":{"type":"Point","coordinates":[-91.1916773399999,40.83694405700004]},"properties":{"name":"Conservation Office","county":"Des Moines","precinct":"Flint River Twp / Middletown","address":"13700 WASHINGTON RD","city":"WEST BURLINGTON","zip":"52655","affiliation_source":""}},{"type":"Feature","geometry":{"type":"Point","coordinates":[-91.16176452799994,40.82610222000005]},"properties":{"name":"St Mary's Parish Center","county":"Des Moines","precinct":"West Burlington Town","address":"502 W MT PLEASANT ST","city":"WEST BURLINGTON","zip":"52655","affiliation_source":""}},{"type":"Feature","geometry":{"type":"Point","coordinates":[-91.12723727799994,40.83904957200008]},"properties":{"name":"Concordia Lutheran Church","county":"Des Moines","precinct":"PCT 1T","address":"2901 CLIFF RD","city":"BURLINGTON","zip":"52601","affiliation_source":""}},{"type":"Feature","geometry":{"type":"Point","coordinates":[-91.13842891799993,40.822789492000084]},"properties":{"name":"Autumn Heights","county":"Des Moines","precinct":"PCT 2","address":"2830 WINEGARD DR","city":"BURLINGTON","zip":"52601","affiliation_source":""}},{"type":"Feature","geometry":{"type":"Point","coordinates":[-91.11207036099995,40.823432764000074]},"properties":{"name":"Oak Street Baptist Church","county":"Des Moines","precinct":"PCT 3","address":"1303 OAK ST","city":"BURLINGTON","zip":"52601","affiliation_source":""}},{"type":"Feature","geometry":{"type":"Point","coordinates":[-91.14068388599992,40.80162005100004]},"properties":{"name":"Notre Dame School","county":"Des Moines","precinct":"PCT 5","address":"702 S ROOSEVELT AVE","city":"BURLINGTON","zip":"52601","affiliation_source":""}},{"type":"Feature","geometry":{"type":"Point","coordinates":[-91.11230724199993,40.80151420900006]},"properties":{"name":"Trinity Lutheran Church","county":"Des Moines","precinct":"PCT 4","address":"115 S CENTRAL AVE","city":"BURLINGTON","zip":"52601","affiliation_source":""}},{"type":"Feature","geometry":{"type":"Point","coordinates":[-91.10900970499995,40.80472266600009]},"properties":{"name":"Pro Plumbing","county":"Des Moines","precinct":"PCT 6","address":"705 MAPLE ST","city":"BURLINGTON","zip":"52601","affiliation_source":""}},{"type":"Feature","geometry":{"type":"Point","coordinates":[-91.11328503099992,40.79539538600005]},"properties":{"name":"St Luke United Church Of Christ","county":"Des Moines","precinct":"PCT 7","address":"1403 SOUTH ST","city":"BURLINGTON","zip":"52601","affiliation_source":""}},{"type":"Feature","geometry":{"type":"Point","coordinates":[-91.10784651499995,40.78043671800009]},"properties":{"name":"Bethany Lutheran Church","county":"Des Moines","precinct":"PCT 8C","address":"2515 MADISON AVE","city":"BURLINGTON","zip":"52601","affiliation_source":""}},{"type":"Feature","geometry":{"type":"Point","coordinates":[-91.1290007099999,40.80029368800007]},"properties":{"name":"Messiah Lutheran Church","county":"Des Moines","precinct":"PCT 9","address":"2411 WEST AVE","city":"BURLINGTON","zip":"52601","affiliation_source":""}},{"type":"Feature","geometry":{"type":"Point","coordinates":[-91.14189343899994,40.78990036000005]},"properties":{"name":"Church Of Christ Of Burlington","county":"Des Moines","precinct":"PCT UNION","address":"2120 S ROOSEVELT","city":"BURLINGTON","zip":"52601","affiliation_source":""}},{"type":"Feature","geometry":{"type":"Point","coordinates":[-90.35452407199995,41.85790086800006]},"properties":{"name":"Elvira Zion Lutheran Church","county":"Clinton","precinct":"Center","address":"2207 380TH AVE","city":"CLINTON","zip":"52732","affiliation_source":""}},{"type":"Feature","geometry":{"type":"Point","coordinates":[-90.38134758399991,41.967931029000056]},"properties":{"name":"Goose Lake City Hall","county":"Clinton","precinct":"Deep Creek Goose Lake","address":"1 SCHOOL LANE","city":"GOOSE LAKE","zip":"52750","affiliation_source":""}},{"type":"Feature","geometry":{"type":"Point","coordinates":[-90.2524271879999,41.97976248500004]},"properties":{"name":"Andover Fire Station","county":"Clinton","precinct":"Elk River Hampshire Andover","address":"1367 WASHINGTON ST","city":"ANDOVER","zip":"52701","affiliation_source":""}},{"type":"Feature","geometry":{"type":"Point","coordinates":[-90.35268411399994,41.801121478000084]},"properties":{"name":"Low Moor Community Center 2","county":"Clinton","precinct":"Eden Camanche Twp","address":"211 3RD AVE","city":"LOW MOOR","zip":"52757","affiliation_source":""}},{"type":"Feature","geometry":{"type":"Point","coordinates":[-90.35268411399994,41.801121478000084]},"properties":{"name":"Low Moor Community Center","county":"Clinton","precinct":"Low Moor","address":"211 3RD AVE","city":"LOW MOOR","zip":"52757","affiliation_source":""}},{"type":"Feature","geometry":{"type":"Point","coordinates":[-90.46850485399995,41.961238653000066]},"properties":{"name":"Charlotte Fire Station","county":"Clinton","precinct":"Waterford Charlotte","address":"102 CHARLES ST","city":"CHARLOTTE","zip":"52731","affiliation_source":""}},{"type":"Feature","geometry":{"type":"Point","coordinates":[-90.21380459799991,41.823028014000045]},"properties":{"name":"Chancy Lutheran Church","county":"Clinton","precinct":"Clinton W1p2","address":"2315 WALLACE ST","city":"CLINTON","zip":"52732","affiliation_source":""}},{"type":"Feature","geometry":{"type":"Point","coordinates":[-90.19068532199992,41.83978907300008]},"properties":{"name":"First United Methodist Church","county":"Clinton","precinct":"Clinton W1p1","address":"621 S 3RD ST","city":"CLINTON","zip":"52732","affiliation_source":""}},{"type":"Feature","geometry":{"type":"Point","coordinates":[-90.19338864699995,41.841200995000065]},"properties":{"name":"First United Presbyterian Church, PCUSA","county":"Clinton","precinct":"Clinton W2p1","address":"400 5TH AVE S","city":"CLINTON","zip":"52732","affiliation_source":"https://pcusa.org/congregation/first-united-church-clinton-ia"}},{"type":"Feature","geometry":{"type":"Point","coordinates":[-90.22403007999992,41.844553329000064]},"properties":{"name":"Calvary Baptist Church","county":"Clinton","precinct":"Clinton W2p2","address":"1619 2ND AVE SOUTH","city":"CLINTON","zip":"52732","affiliation_source":""}},{"type":"Feature","geometry":{"type":"Point","coordinates":[-90.18463315999992,41.86672269200005]},"properties":{"name":"Clinton County Admin Bldg","county":"Clinton","precinct":"Clinton W3p1","address":"1900 N 3RD ST","city":"CLINTON","zip":"52732","affiliation_source":""}},{"type":"Feature","geometry":{"type":"Point","coordinates":[-90.19697019299991,41.85937758300008]},"properties":{"name":"Church Of The Open Door 41","county":"Clinton","precinct":"Clinton W4p1","address":"816 13TH AVE N","city":";CLINTON","zip":"52732","affiliation_source":""}},{"type":"Feature","geometry":{"type":"Point","coordinates":[-90.19697019299991,41.85937758300008]},"properties":{"name":"Church Of The Open Door","county":"Clinton","precinct":"Clinton W4p2","address":"816 13TH AVE N","city":"CLINTON","zip":"52732","affiliation_source":""}},{"type":"Feature","geometry":{"type":"Point","coordinates":[-90.21826781699991,41.856053693000035]},"properties":{"name":"Ericksen Center","county":"Clinton","precinct":"Clinton W3p2","address":"1401 11TH AVE N","city":"CLINTON","zip":"52732","affiliation_source":""}},{"type":"Feature","geometry":{"type":"Point","coordinates":[-90.60706632199992,42.003457112000035]},"properties":{"name":"Grossman Hall","county":"Clinton","precinct":"Bloomfield Brookfield Delmar","address":"309 N MAIN ST","city":"DELMAR","zip":"52037","affiliation_source":""}},{"type":"Feature","geometry":{"type":"Point","coordinates":[-90.7582603329999,41.82556350500005]},"properties":{"name":"Calco","county":"Clinton","precinct":"Olive Grant Calamus","address":"201 MAIN ST","city":"CALAMUS","zip":"52729","affiliation_source":""}},{"type":"Feature","geometry":{"type":"Point","coordinates":[-90.86448647299994,41.90631079900004]},"properties":{"name":"Toronto Fire Station","county":"Clinton","precinct":"Liberty Toronto","address":"200 MILL ST W","city":"TORONTO","zip":"52777","affiliation_source":""}},{"type":"Feature","geometry":{"type":"Point","coordinates":[-90.64775734499995,41.82360076900005]},"properties":{"name":"Grand Mound Comm Center","county":"Clinton","precinct":"Orange Grand Mound","address":"510 SMITH ST","city":"GRAND MOUND","zip":"52751","affiliation_source":""}},{"type":"Feature","geometry":{"type":"Point","coordinates":[-90.8182762639999,41.966747841000085]},"properties":{"name":"Sacred Heart Parish Hall","county":"Clinton","precinct":"Sharon Lost Nation","address":"903 MAIN ST","city":"LOST NATION","zip":"52254","affiliation_source":""}},{"type":"Feature","geometry":{"type":"Point","coordinates":[-90.83837538199992,41.83124243300006]},"properties":{"name":"Wheatland City Hall","county":"Clinton","precinct":"Spring Rock Wheatland","address":"205 JEFFERSON ST E","city":"WHEATLAND","zip":"52777","affiliation_source":""}},{"type":"Feature","geometry":{"type":"Point","coordinates":[-90.59418070399994,41.90500537500009]},"properties":{"name":"Welton Fire Station","county":"Clinton","precinct":"Welton Washington Welton","address":"95 MAIN ST","city":"WELTON","zip":"52774","affiliation_source":""}},{"type":"Feature","geometry":{"type":"Point","coordinates":[-90.26259018899992,41.794209108000075]},"properties":{"name":"Church Of The Visitation 1","county":"Clinton","precinct":"Camanche 1","address":"1032 MIDDLE ROAD","city":"CAMANCHE","zip":"52730","affiliation_source":""}},{"type":"Feature","geometry":{"type":"Point","coordinates":[-90.26259018899992,41.794209108000075]},"properties":{"name":"Church Of The Visitation","county":"Clinton","precinct":"Camanche 2","address":"1032 MIDDLE ROAD","city":"CAMANCHE","zip":"52730","affiliation_source":""}},{"type":"Feature","geometry":{"type":"Point","coordinates":[-90.5376611239999,41.82522783500008]},"properties":{"name":"Dewitt Community Center","county":"Clinton","precinct":"Dewitt 1","address":"512 10TH ST","city":"DEWITT","zip":"52742","affiliation_source":""}},{"type":"Feature","geometry":{"type":"Point","coordinates":[-90.54054112499995,41.82419751500004]},"properties":{"name":"American Legion Post 238","county":"Clinton","precinct":"Dewitt 2","address":"704 9TH ST","city":"DEWITT","zip":"52742","affiliation_source":""}},{"type":"Feature","geometry":{"type":"Point","coordinates":[-90.52592083699994,41.82646794900006]},"properties":{"name":"First Congregational Ucc","county":"Clinton","precinct":"Dewitt Twp","address":"520 E 11TH ST","city":"DEWITT","zip":"52742","affiliation_source":""}},{"type":"Feature","geometry":{"type":"Point","coordinates":[-91.51163871999995,43.47084704000008]},"properties":{"name":"St. Mary's Church Dorchester","county":"Allamakee","precinct":"WL/HV","address":"590 WATERLOO CREEK DR","city":"DORCHESTER","zip":"52140","affiliation_source":""}},{"type":"Feature","geometry":{"type":"Point","coordinates":[-91.56735752799995,43.08670773000006]},"properties":{"name":"Turner Hall","county":"Allamakee","precinct":"PO/FK","address":"119 E GREENE ST","city":"POSTVILLE","zip":"52162","affiliation_source":""}},{"type":"Feature","geometry":{"type":"Point","coordinates":[-91.56735752799995,43.08670773000006]},"properties":{"name":"Turner Hall City","county":"Allamakee","precinct":"PV CITY","address":"","city":"","zip":"","affiliation_source":""}},{"type":"Feature","geometry":{"type":"Point","coordinates":[-91.57259801399994,43.08344681300008]},"properties":{"name":"Postville School Fine Arts Center","county":"Clayton","precinct":"Grand Meadow","address":"314 W POST ST","city":"POSTVILLE","zip":"52162","affiliation_source":""}},{"type":"Feature","geometry":{"type":"Point","coordinates":[-91.2967377409999,43.212725069000044]},"properties":{"name":"Waterville City Hall/library","county":"Allamakee","precinct":"PC/LT/WV CITY","address":"115 MAIN ST","city":"WATERVILLE","zip":"52170","affiliation_source":""}},{"type":"Feature","geometry":{"type":"Point","coordinates":[-91.15086527199992,43.202083618000074]},"properties":{"name":"Harpers Ferry Community Center","county":"Allamakee","precinct":"FV/TL/HF CITY","address":"238 N 4","city":"HARPERS FERRY","zip":"52146","affiliation_source":""}},{"type":"Feature","geometry":{"type":"Point","coordinates":[-91.21855929599991,43.36179162900004]},"properties":{"name":"Kbsb Community Center","county":"Allamakee","precinct":"LF/CN/LS/LS CITY","address":"391 MAIN ST","city":"LANSING","zip":"52151","affiliation_source":""}},{"type":"Feature","geometry":{"type":"Point","coordinates":[-91.28989907599993,43.497078886000054]},"properties":{"name":"New Albin Community Center","county":"Allamakee","precinct":"UC/IA/NA CITY","address":"137 RAILROAD AVE SW","city":"NEW ALBIN","zip":"52160","affiliation_source":""}},{"type":"Feature","geometry":{"type":"Point","coordinates":[-91.47561831199994,43.27022951400005]},"properties":{"name":"Allamakee Courthouse","county":"Allamakee","precinct":"WK 3 CITY","address":"110 ALLAMAKEE ST","city":"WAUKON","zip":"52172","affiliation_source":""}},{"type":"Feature","geometry":{"type":"Point","coordinates":[-91.4739549059999,43.26319084100004]},"properties":{"name":"Waukon Banquet Center","county":"Allamakee","precinct":"UP/MK/FC/JF/LL","address":"612 ROSSVILLE RD","city":"WAUKON","zip":"52146","affiliation_source":""}},{"type":"Feature","geometry":{"type":"Point","coordinates":[-91.48208022799992,43.26914539900008]},"properties":{"name":"St. John's Lutheran Church","county":"Allamakee","precinct":"WK 2 CITY","address":"8 5 ST SW","city":"WAUKON","zip":"52172","affiliation_source":""}},{"type":"Feature","geometry":{"type":"Point","coordinates":[-91.49332140199994,43.27190669700008]},"properties":{"name":"Nicc Center","county":"Allamakee","precinct":"WK 1 CITY","address":"1220 3RD AVE NW","city":"WAUKON","zip":"52172","affiliation_source":""}},{"type":"Feature","geometry":{"type":"Point","coordinates":[-91.34871102999995,42.89149987300004]},"properties":{"name":"Scenic Acres Care Facility","county":"Clayton","precinct":"Read","address":"23105 GRANITE AVE","city":"SAINT OLAF","zip":"52072","affiliation_source":""}},{"type":"Feature","geometry":{"type":"Point","coordinates":[-91.54106283599992,42.80132018100005]},"properties":{"name":"St Pauls Fellowship Hall","county":"Clayton","precinct":"Cox Creek-Sperry","address":"700 WASHINGTON ST","city":"VOLGA","zip":"52077","affiliation_source":""}},{"type":"Feature","geometry":{"type":"Point","coordinates":[-91.5357764339999,42.67918567600009]},"properties":{"name":"Strawberry Point Civic Center","county":"Clayton","precinct":"Cass","address":"401 COMMERCIAL ST","city":"STRAWBERRY POINT","zip":"52076","affiliation_source":""}},{"type":"Feature","geometry":{"type":"Point","coordinates":[-91.40254902499993,42.644480660000056]},"properties":{"name":"Edgewood City Hall","county":"Clayton","precinct":"Lodomillo","address":"203 W UNION ST","city":"EDGEWOOD","zip":"52042","affiliation_source":""}},{"type":"Feature","geometry":{"type":"Point","coordinates":[-91.27700229699991,42.74132660300006]},"properties":{"name":"Elkport-garber Community Center","county":"Clayton","precinct":"Elk-Mallory-Volga","address":"231 WATER ST","city":"ELKPORT","zip":"52044","affiliation_source":""}},{"type":"Feature","geometry":{"type":"Point","coordinates":[-91.10078969699993,42.79039878000009]},"properties":{"name":"Guttenberg Municipal Building","county":"Clayton","precinct":"Jefferson-Millville","address":"502 FIRST ST","city":"GUTTENBERG","zip":"52052","affiliation_source":""}},{"type":"Feature","geometry":{"type":"Point","coordinates":[-90.95865931599991,42.67981534000006]},"properties":{"name":"Ic Parish Hall","county":"Clayton","precinct":"Buena Vista","address":"WALNUT ST","city":"NORTH BUENA VISTA","zip":"52066","affiliation_source":""}},{"type":"Feature","geometry":{"type":"Point","coordinates":[-91.23563720399994,42.86765207600007]},"properties":{"name":"Garnavillo Community Building","county":"Clayton","precinct":"Clayton-Garnavillo","address":"106 W NIAGARA ST","city":"GARNAVILLO","zip":"52049","affiliation_source":""}},{"type":"Feature","geometry":{"type":"Point","coordinates":[-91.36790918499992,42.95919949800009]},"properties":{"name":"Farmersburg Community Center","county":"Clayton","precinct":"Farmersburg-Wagner","address":"4 E ADAMS ST","city":"FARMERSBURG","zip":"52047","affiliation_source":""}},{"type":"Feature","geometry":{"type":"Point","coordinates":[-91.17762007899995,43.02274305200007]},"properties":{"name":"Mcgregor Public Library","county":"Clayton","precinct":"Mendon","address":"334 MAIN ST","city":"MCGREGOR","zip":"52157","affiliation_source":""}},{"type":"Feature","geometry":{"type":"Point","coordinates":[-91.3886730399999,43.05284360600007]},"properties":{"name":"Monona Community Center","county":"Clayton","precinct":"Giard-Luana-Monona","address":"104 S EGBERT ST","city":"MONONA","zip":"52159","affiliation_source":""}},{"type":"Feature","geometry":{"type":"Point","coordinates":[-91.9333717799999,43.06657231000008]},"properties":{"name":"St. Lucas Community Center","county":"Fayette","precinct":"Auburn Twp","address":"101 W MAIN ST.","city":"ST. LUCAS","zip":"52166","affiliation_source":""}},{"type":"Feature","geometry":{"type":"Point","coordinates":[-91.94997303799994,42.937703454000086]},"properties":{"name":"Hawkeye Public Library","county":"Fayette","precinct":"Bethel-Windsor Twp.","address":"104 S 2ND ST.","city":"HAWKEYE","zip":"52147","affiliation_source":""}},{"type":"Feature","geometry":{"type":"Point","coordinates":[-91.6504848319999,43.00268081400009]},"properties":{"name":"Clermont Fire Hall","county":"Fayette","precinct":"Clermont Twp","address":"808 STATE ST","city":"CLERMONT","zip":"52135","affiliation_source":""}},{"type":"Feature","geometry":{"type":"Point","coordinates":[-92.03487811499991,43.05583903200005]},"properties":{"name":"Waucoma Community Center","county":"Fayette","precinct":"Eden Twp","address":"113 1ST AVE. SW","city":"WAUCOMA","zip":"52171","affiliation_source":""}},{"type":"Feature","geometry":{"type":"Point","coordinates":[-91.65688353899992,42.840336645000036]},"properties":{"name":"Wadena Library, Meeting Room","county":"Fayette","precinct":"Illyria Twp","address":"136 S MILL ST.","city":"WADENA","zip":"52169","affiliation_source":""}},{"type":"Feature","geometry":{"type":"Point","coordinates":[-91.62835276499993,42.95664625500007]},"properties":{"name":"Elgin Library, Meeting Room","county":"Fayette","precinct":"Pleasant Valley Twp","address":"214 MAIN ST.","city":"ELGIN","zip":"52141","affiliation_source":""}},{"type":"Feature","geometry":{"type":"Point","coordinates":[-91.80435310999991,42.941804682000054]},"properties":{"name":"Dover Twp. Hall","county":"Fayette","precinct":"Dover Twp","address":"280TH ST. & GREAT RIVER RD.","city":"WEST UNION","zip":"52175","affiliation_source":""}},{"type":"Feature","geometry":{"type":"Point","coordinates":[-91.80286962899993,42.84323179800003]},"properties":{"name":"Fayette Library-icn Rm-back Ent","county":"Fayette","precinct":"Smithfield Twp","address":"104 W STATE ST","city":"FAYETTE","zip":"52142","affiliation_source":""}},{"type":"Feature","geometry":{"type":"Point","coordinates":[-91.80286962899993,42.84323179800003]},"properties":{"name":"Fayette Library, Icn Room","county":"Fayette","precinct":"Westfield Twp","address":"104 W STATE ST.","city":"FAYETTE","zip":"52142","affiliation_source":""}},{"type":"Feature","geometry":{"type":"Point","coordinates":[-91.80812262899991,42.96147034400008]},"properties":{"name":"Courthouse Assembly Room-west Side","county":"Fayette","precinct":"Union Twp","address":"114 N VINE ST.","city":"WEST UNION","zip":"52175","affiliation_source":""}},{"type":"Feature","geometry":{"type":"Point","coordinates":[-91.80812262899991,42.96147034400008]},"properties":{"name":"Courthouse Lounge","county":"Fayette","precinct":"West Union Ward 1","address":"114 N VINE ST.","city":"WEST UNION","zip":"52175","affiliation_source":""}},{"type":"Feature","geometry":{"type":"Point","coordinates":[-91.80815293299992,42.963936585000056]},"properties":{"name":"West Union Community Library","county":"Fayette","precinct":"West Union Ward 2","address":"210 N VINE ST.","city":"WEST UNION","zip":"52175","affiliation_source":""}},{"type":"Feature","geometry":{"type":"Point","coordinates":[-91.80812262899991,42.96147034400008]},"properties":{"name":"Courthouse Assembly Room","county":"Fayette","precinct":"West Union Ward 3","address":"114 N VINE ST.","city":"WEST UNION","zip":"52175","affiliation_source":""}},{"type":"Feature","geometry":{"type":"Point","coordinates":[-91.51338744999993,42.96506810800008]},"properties":{"name":"Marion Lutheran Church - Gunder","county":"Clayton","precinct":"Marion","address":"14734 AGATE RD","city":"ELGIN","zip":"52141","affiliation_source":""}},{"type":"Feature","geometry":{"type":"Point","coordinates":[-91.40530946099994,42.855452279000076]},"properties":{"name":"Central State Bank Community Room","county":"Clayton","precinct":"Boardman-Highland","address":"200 N MAIN ST","city":"ELKADER","zip":"52043","affiliation_source":""}},{"type":"Feature","geometry":{"type":"Point","coordinates":[-91.01514879399991,42.29851551500008]},"properties":{"name":"Cascade City Hall","county":"Dubuque","precinct":"33","address":"320 1ST AVE W","city":"CASCADE","zip":"52033","affiliation_source":""}},{"type":"Feature","geometry":{"type":"Point","coordinates":[-90.7975719179999,42.51439914600007]},"properties":{"name":"Meadows Golf Club","county":"Dubuque","precinct":"32","address":"15766 CLOVER LN","city":"ASBURY","zip":"52002","affiliation_source":""}},{"type":"Feature","geometry":{"type":"Point","coordinates":[-90.84010180099995,42.44757352900007]},"properties":{"name":"Peosta Community Center","county":"Dubuque","precinct":"34","address":"7896  BURDS RD","city":"PEOSTA","zip":"52068","affiliation_source":""}},{"type":"Feature","geometry":{"type":"Point","coordinates":[-91.0742108959999,42.60151861400004]},"properties":{"name":"Luxemburg City Hall","county":"Dubuque","precinct":"35","address":"202 S ANDRES","city":"LUXEMBURG","zip":"52056","affiliation_source":""}},{"type":"Feature","geometry":{"type":"Point","coordinates":[-91.11423356699993,42.47388887900007]},"properties":{"name":"Dyersville Beckman Hs","county":"Dubuque","precinct":"39","address":"1325 9TH ST SE","city":"DYERSVILLE","zip":"52040","affiliation_source":""}},{"type":"Feature","geometry":{"type":"Point","coordinates":[-91.00614284699992,42.444742233000056]},"properties":{"name":"Farley Memorial Hall","county":"Dubuque","precinct":"40","address":"301 1ST ST NW","city":"FARLEY","zip":"52046","affiliation_source":""}},{"type":"Feature","geometry":{"type":"Point","coordinates":[-90.92956889499993,42.44054416900008]},"properties":{"name":"Epworth Council Chambers","county":"Dubuque","precinct":"41","address":"191 JACOBY DR  E","city":"EPWORTH","zip":"52045","affiliation_source":""}},{"type":"Feature","geometry":{"type":"Point","coordinates":[-90.78297442199994,42.60247222500004]},"properties":{"name":"Ss Peter & Paul Sherrill","county":"Dubuque","precinct":"42","address":"5131 SHERRILL RD","city":"SHERRILL","zip":"52073","affiliation_source":""}},{"type":"Feature","geometry":{"type":"Point","coordinates":[-90.83132447399993,42.31401444900007]},"properties":{"name":"Bernard Fire Station","county":"Dubuque","precinct":"44","address":"547 ROLUS ST","city":"BERNARD","zip":"52032","affiliation_source":""}},{"type":"Feature","geometry":{"type":"Point","coordinates":[-90.74366451999992,42.42555707900004]},"properties":{"name":"Swiss Valley Nature Cntr","county":"Dubuque","precinct":"45","address":"13069 SWISS VALLEY RD","city":"PEOSTA","zip":"52068","affiliation_source":""}},{"type":"Feature","geometry":{"type":"Point","coordinates":[-91.12722023899994,42.48443107200006]},"properties":{"name":"Dyersville Xavier Ch Basement","county":"Dubuque","precinct":"37","address":"104 3RD ST SW","city":"DYERSVILLE","zip":"52040","affiliation_source":""}},{"type":"Feature","geometry":{"type":"Point","coordinates":[-91.11743920399994,42.48279597100009]},"properties":{"name":"Dv Social Center","county":"Dubuque","precinct":"38","address":"625 3RD AVE SE","city":"DYERSVILLE","zip":"52040","affiliation_source":""}},{"type":"Feature","geometry":{"type":"Point","coordinates":[-90.7556612219999,42.50836730300006]},"properties":{"name":"Asbury Fire Station","county":"Dubuque","precinct":"31","address":"5485 SARATOGA RD","city":"ASBURY","zip":"52002","affiliation_source":""}},{"type":"Feature","geometry":{"type":"Point","coordinates":[-92.4553630659999,42.40684459900007]},"properties":{"name":"Hudson Community Center","county":"Black Hawk","precinct":"Black Hawk/Hudson/Lincoln","address":"525 JEFFERSON ST","city":"HUDSON","zip":"50643","affiliation_source":""}},{"type":"Feature","geometry":{"type":"Point","coordinates":[-92.4948757969999,42.480537404000074]},"properties":{"name":"American Martyr Retreat House","county":"Black Hawk","precinct":"Union","address":"2209 S UNION RD","city":"CEDAR FALLS","zip":"50613","affiliation_source":""}},{"type":"Feature","geometry":{"type":"Point","coordinates":[-92.46011783699993,42.56242227700005]},"properties":{"name":"Living Water Church Of The Nazarene","county":"Black Hawk","precinct":"Precinct X101","address":"1210 W LONE TREE RD (REAR ENTR)","city":"CEDAR FALLS","zip":"50613","affiliation_source":""}},{"type":"Feature","geometry":{"type":"Point","coordinates":[-92.4560377389999,42.53183039400005]},"properties":{"name":"St John Lutheran Church","county":"Black Hawk","precinct":"Precinct X102","address":"715 COLLEGE ST","city":"CEDAR FALLS","zip":"50613","affiliation_source":""}},{"type":"Feature","geometry":{"type":"Point","coordinates":[-92.45760070299991,42.53776172700009]},"properties":{"name":"Cedar Falls School Admin. Bldg.","county":"Black Hawk","precinct":"Precinct X301","address":"1002 W 1ST ST (BOARD RM)","city":"CEDAR FALLS","zip":"50613","affiliation_source":""}},{"type":"Feature","geometry":{"type":"Point","coordinates":[-92.44812385599994,42.53638991000008]},"properties":{"name":"Cedar Falls City Hall","county":"Black Hawk","precinct":"Precinct X103","address":"220 CLAY ST (COUNCIL CHAMBERS)","city":"CEDAR FALLS","zip":"50613","affiliation_source":""}},{"type":"Feature","geometry":{"type":"Point","coordinates":[-92.46916266499994,42.50517494200005]},"properties":{"name":"United Church Of Christ","county":"Black Hawk","precinct":"Precinct X201","address":"9204 UNIVERSITY AVE","city":"CEDAR FALLS","zip":"50613","affiliation_source":""}},{"type":"Feature","geometry":{"type":"Point","coordinates":[-92.47900082199993,42.53495631900006]},"properties":{"name":"Church Of Christ","county":"Black Hawk","precinct":"Precinct X302","address":"2727 W 4TH ST","city":"CEDAR FALLS","zip":"50613","affiliation_source":""}},{"type":"Feature","geometry":{"type":"Point","coordinates":[-92.46509927999995,42.521392725000055]},"properties":{"name":"Gilchrist Hall, Uni","county":"Black Hawk","precinct":"Precinct X403","address":"UNIVERSITY AVE TO SOUTH CAMPUS ST","city":"CEDAR FALLS","zip":"50613","affiliation_source":""}},{"type":"Feature","geometry":{"type":"Point","coordinates":[-92.42159582499994,42.51982800800005]},"properties":{"name":"Cedar Heights Community Presbyterian Church, PCUSA","county":"Black Hawk","precinct":"Precinct X401","address":"2015 RAINBOW DR","city":"CEDAR FALLS","zip":"50613","affiliation_source":"https://pcusa.org/congregation/cedar-heights-community-church-cedar-falls-ia"}},{"type":"Feature","geometry":{"type":"Point","coordinates":[-92.45712050799995,42.51673690500007]},"properties":{"name":"University Book & Supply","county":"Black Hawk","precinct":"Precinct X303","address":"1009 W 23RD ST (LOWER LEVEL ENTR)","city":"CEDAR FALLS","zip":"50613","affiliation_source":""}},{"type":"Feature","geometry":{"type":"Point","coordinates":[-92.40980271199993,42.509195988000045]},"properties":{"name":"St Timothy United Methodist Church","county":"Black Hawk","precinct":"Precinct X501","address":"3220 TERRACE DR","city":"CEDAR FALLS","zip":"50613","affiliation_source":""}},{"type":"Feature","geometry":{"type":"Point","coordinates":[-92.2689944309999,42.41132229500005]},"properties":{"name":"St Paul Presbyterian Church","county":"Black Hawk","precinct":"Cedar/Orange","address":"410 FIRST ST","city":"WASHBURN","zip":"50706","affiliation_source":""}},{"type":"Feature","geometry":{"type":"Point","coordinates":[-92.3275471149999,42.42849645700005]},"properties":{"name":"Hawkeye Center, Hcc Campus","county":"Black Hawk","precinct":"Precinct W205","address":"1501 E ORANGE RD","city":"WATERLOO","zip":"50701","affiliation_source":""}},{"type":"Feature","geometry":{"type":"Point","coordinates":[-92.21330529999994,42.41472240300004]},"properties":{"name":"American Legion","county":"Black Hawk","precinct":"Poyner P2/Gilbertville/Fox/Jesup","address":"1110 6TH ST (SOUTH ENTR)","city":"GILBERTVILLE","zip":"50634","affiliation_source":""}},{"type":"Feature","geometry":{"type":"Point","coordinates":[-92.35138563999993,42.48727678900008]},"properties":{"name":"First Baptist Church","county":"Black Hawk","precinct":"Precinct W103","address":"1200 W 4TH ST","city":"WATERLOO","zip":"50701","affiliation_source":""}},{"type":"Feature","geometry":{"type":"Point","coordinates":[-92.3507351529999,42.463434050000046]},"properties":{"name":"Friendship Village","county":"Black Hawk","precinct":"Precinct W201","address":"600 PARK LN (CHAPEL ENTRANCE)","city":"WATERLOO","zip":"50702","affiliation_source":""}},{"type":"Feature","geometry":{"type":"Point","coordinates":[-92.3715130359999,42.50068652300007]},"properties":{"name":"Our Saviors Lutheran Church","county":"Black Hawk","precinct":"Precinct W305","address":"420 HARWOOD AV","city":"WATERLOO","zip":"50701","affiliation_source":""}},{"type":"Feature","geometry":{"type":"Point","coordinates":[-92.33278745599995,42.50277979800006]},"properties":{"name":"Harvest Vineyard Church","county":"Black Hawk","precinct":"Precinct W402","address":"715 E 4TH ST","city":"WATERLOO","zip":"50703","affiliation_source":""}},{"type":"Feature","geometry":{"type":"Point","coordinates":[-92.3324844199999,42.498773904000075]},"properties":{"name":"Waterloo City Hall","county":"Black Hawk","precinct":"Precinct W403","address":"715 MULBERRY ST","city":"WATERLOO","zip":"50703","affiliation_source":""}},{"type":"Feature","geometry":{"type":"Point","coordinates":[-92.31415078499992,42.492327411000076]},"properties":{"name":"Linden Methodist Church","county":"Black Hawk","precinct":"Precinct W404","address":"301 BUTLER AV","city":"WATERLOO","zip":"50703","affiliation_source":""}},{"type":"Feature","geometry":{"type":"Point","coordinates":[-92.32276281499992,42.506620188000056]},"properties":{"name":"Payne Memorial Ame Church","county":"Black Hawk","precinct":"Precinct W405","address":"1044 MOBILE ST","city":"WATERLOO","zip":"50703","affiliation_source":""}},{"type":"Feature","geometry":{"type":"Point","coordinates":[-92.30631032899993,42.49841725500005]},"properties":{"name":"Pinecrest Room 220","county":"Black Hawk","precinct":"Precinct W406","address":"1407 INDEPENDENCE AVE","city":"WATERLOO","zip":"50703","affiliation_source":""}},{"type":"Feature","geometry":{"type":"Point","coordinates":[-92.53722672299995,42.84723186400004]},"properties":{"name":"Plainfield Public Library","county":"Bremer","precinct":"City of Plainfield, Polk Twp, Douglas Twp","address":"723 MAIN ST","city":"PLAINFIELD","zip":"50666","affiliation_source":""}},{"type":"Feature","geometry":{"type":"Point","coordinates":[-92.30690008199991,42.88152730100006]},"properties":{"name":"Frederika Community Building","county":"Bremer","precinct":"City Of Frederika, Frederika Twp, Leroy Twp","address":"111 3RD ST","city":"FREDERIKA","zip":"50631","affiliation_source":""}},{"type":"Feature","geometry":{"type":"Point","coordinates":[-92.09709009699992,42.847432333000086]},"properties":{"name":"Sumner American Legion Hall","county":"Bremer","precinct":"City of Sumner, Sumner Twp, Dayton Twp","address":"113 E 1ST ST","city":"SUMNER","zip":"50674","affiliation_source":""}},{"type":"Feature","geometry":{"type":"Point","coordinates":[-92.25810323999991,42.80707852200004]},"properties":{"name":"Tripoli City Hall","county":"Bremer","precinct":"City of Tripoli, Fremont Twp","address":"303 S MAIN ST","city":"TRIPOLI","zip":"50676","affiliation_source":""}},{"type":"Feature","geometry":{"type":"Point","coordinates":[-92.46554372299994,42.760008981000055]},"properties":{"name":"Bremer County Secondary Road Building","county":"Bremer","precinct":"Lafayette Twp, Warren Twp","address":"1995 EUCLID AVE","city":"WAVERLY","zip":"50677","affiliation_source":""}},{"type":"Feature","geometry":{"type":"Point","coordinates":[-92.2254814229999,42.700845144000084]},"properties":{"name":"Readlyn Telephone Co","county":"Bremer","precinct":"City Of Readlyn, Franklin Twp, Maxfield Twp","address":"121 MAIN ST","city":"READLYN","zip":"50668","affiliation_source":""}},{"type":"Feature","geometry":{"type":"Point","coordinates":[-92.33651245899995,42.67403553500009]},"properties":{"name":"Denver Community Room","county":"Bremer","precinct":"City Of Denver, Jefferson Twp","address":"100 WASHINGTON ST","city":"DENVER","zip":"50622","affiliation_source":""}},{"type":"Feature","geometry":{"type":"Point","coordinates":[-92.46299356499992,42.647398733000045]},"properties":{"name":"Janesville City Hall","county":"Bremer","precinct":"City Of Janesville, Jackson Twp","address":"227 MAIN ST","city":"JANESVILLE","zip":"50647","affiliation_source":""}},{"type":"Feature","geometry":{"type":"Point","coordinates":[-92.46911837499994,42.72689887700005]},"properties":{"name":"Waverly City Hall","county":"Bremer","precinct":"Waverly Ward 1, East Washington Twp","address":"200 1ST ST NE","city":"WAVERLY","zip":"50677","affiliation_source":""}},{"type":"Feature","geometry":{"type":"Point","coordinates":[-92.46617171799994,42.71956631100005]},"properties":{"name":"Bartels Lutheran Home Chapel","county":"Bremer","precinct":"Waverly Ward 5, West Washington Twp","address":"EVERGREEN ARBOR ENTRANCE \r\n20TH ST NW","city":"WAVERLY","zip":"50677","affiliation_source":""}},{"type":"Feature","geometry":{"type":"Point","coordinates":[-92.47047620599994,42.73626966200004]},"properties":{"name":"Waverly Light And Power","county":"Bremer","precinct":"Waverly Ward 2, NE SEC 36 WASHINGTON TWP","address":"1002 ADAMS PKWY","city":"WAVERLY","zip":"50677","affiliation_source":""}},{"type":"Feature","geometry":{"type":"Point","coordinates":[-92.47192946099995,42.72549232500006]},"properties":{"name":"Waverly Fire Station","county":"Bremer","precinct":"Waverly Ward 3","address":"123 1ST ST SW","city":"WAVERLY","zip":"50677","affiliation_source":""}},{"type":"Feature","geometry":{"type":"Point","coordinates":[-92.4962505229999,42.72557251600006]},"properties":{"name":"Redeemer Lutheran Church","county":"Bremer","precinct":"Waverly Ward 4","address":"2001 W BREMER AVE","city":"WAVERLY","zip":"50677","affiliation_source":""}},{"type":"Feature","geometry":{"type":"Point","coordinates":[-92.15856080799995,42.56814684300008]},"properties":{"name":"Aloo Dunkerton Public Library","county":"Black Hawk","precinct":"Barclay/Lester/Dunkerton","address":"203 E TOWER ST","city":"DUNKERTON","zip":"50626","affiliation_source":""}},{"type":"Feature","geometry":{"type":"Point","coordinates":[-92.25618580799994,42.584928468000044]},"properties":{"name":"St John's Lutheran Church","county":"Black Hawk","precinct":"Bennington","address":"4110 E MT VERNON RD","city":"WATERLOO","zip":"50703","affiliation_source":""}},{"type":"Feature","geometry":{"type":"Point","coordinates":[-92.3654208609999,42.57066669800008]},"properties":{"name":"Country View","county":"Black Hawk","precinct":"Mt Vernon","address":"1410 W DUNKERTON RD","city":"WATERLOO","zip":"50703","affiliation_source":""}},{"type":"Feature","geometry":{"type":"Point","coordinates":[-92.21852219199991,42.526560422000045]},"properties":{"name":"Dewar Community Center","county":"Black Hawk","precinct":"Poyner P1/ East Wloo Twp","address":"1731 N RAYMOND RD","city":"DEWAR","zip":"50623","affiliation_source":""}},{"type":"Feature","geometry":{"type":"Point","coordinates":[-92.45558318699995,42.60828969700009]},"properties":{"name":"Antique Acres","county":"Black Hawk","precinct":"Washington/Janesville","address":"7610 WAVERLY RD","city":"CEDAR FALLS","zip":"50613","affiliation_source":""}},{"type":"Feature","geometry":{"type":"Point","coordinates":[-91.7291738589999,42.61871628300008]},"properties":{"name":"Aurora Legion Hall","county":"Buchanan","precinct":"Aurora","address":"302 WARREN ST\r\nPO BOX 114","city":"AURORA","zip":"50607","affiliation_source":""}},{"type":"Feature","geometry":{"type":"Point","coordinates":[-91.81141322899992,42.64249059700006]},"properties":{"name":"Stanley Community Hall","county":"Fayette","precinct":"Scott Twp","address":"115 MAIN ST.","city":"STANLEY","zip":"50671","affiliation_source":""}},{"type":"Feature","geometry":{"type":"Point","coordinates":[-92.00743127599992,42.31453660100004]},"properties":{"name":"Brandon Area Comm Club","county":"Buchanan","precinct":"Brandon","address":"802 MAIN ST.","city":"BRANDON","zip":"52210","affiliation_source":""}},{"type":"Feature","geometry":{"type":"Point","coordinates":[-92.05090549399995,42.63933926700008]},"properties":{"name":"Fairbank American Legion","county":"Buchanan","precinct":"Fairbank","address":"109 MAIN ST E","city":"FAIRBANK","zip":"50629","affiliation_source":""}},{"type":"Feature","geometry":{"type":"Point","coordinates":[-92.05025016399992,42.63928204800004]},"properties":{"name":"Fairbank City Hall","county":"Fayette","precinct":"Fairbank Inc","address":"116 E MAIN ST","city":"FAIRBANK","zip":"50629","affiliation_source":""}},{"type":"Feature","geometry":{"type":"Point","coordinates":[-91.90690386799992,42.61771521600008]},"properties":{"name":"Hazleton City Hall","county":"Buchanan","precinct":"Hazleton","address":"111 3RD ST N\r\nPO BOX 500","city":"HAZLETON","zip":"50641","affiliation_source":""}},{"type":"Feature","geometry":{"type":"Point","coordinates":[-92.0634939709999,42.47674090700008]},"properties":{"name":"First Presbyterian Church, PCUSA","county":"Buchanan","precinct":"Jesup","address":"643 6TH ST","city":"JESUP","zip":"50648","affiliation_source":"https://pcusa.org/congregation/first-church-jesup-ia"}},{"type":"Feature","geometry":{"type":"Point","coordinates":[-92.06358371699991,42.47905096900007]},"properties":{"name":"Methodist Church","county":"Buchanan","precinct":"Perry/Westburg","address":"455 6TH ST\r\nPO BOX 271","city":"JESUP","zip":"50648","affiliation_source":""}},{"type":"Feature","geometry":{"type":"Point","coordinates":[-91.76117401399995,42.394313829000055]},"properties":{"name":"Quasqueton Legion Hall","county":"Buchanan","precinct":"Quasqueton","address":"106 WATER ST S","city":"QUASQUETON","zip":"52326","affiliation_source":""}},{"type":"Feature","geometry":{"type":"Point","coordinates":[-91.7318743319999,42.468944985000064]},"properties":{"name":"St. Patrick's Parish Center","county":"Buchanan","precinct":"Winthrop","address":"544 1ST ST S\r\nPO BOX 236","city":"WINTHROP","zip":"50682","affiliation_source":""}},{"type":"Feature","geometry":{"type":"Point","coordinates":[-91.8894980959999,42.48169903100006]},"properties":{"name":"Falcon Civic Center","county":"Buchanan","precinct":"Indep 1st Ward","address":"1305 5TH AVE NE","city":"INDEPENDENCE","zip":"50644","affiliation_source":""}},{"type":"Feature","geometry":{"type":"Point","coordinates":[-91.89174288899994,42.46967902000006]},"properties":{"name":"Vfw","county":"Buchanan","precinct":"Indep 2nd Ward","address":"128 3RD AVE NE","city":"INDEPENDENCE","zip":"50644","affiliation_source":""}},{"type":"Feature","geometry":{"type":"Point","coordinates":[-91.88941301299991,42.47221752300004]},"properties":{"name":"Senior Citizen Center","county":"Buchanan","precinct":"Indep 4th Ward","address":"400 5TH AVE NE","city":"INDEPENDENCE","zip":"50644","affiliation_source":""}},{"type":"Feature","geometry":{"type":"Point","coordinates":[-91.91111033999994,42.46847154000005]},"properties":{"name":"Public Health Meeting Rm","county":"Buchanan","precinct":"Indep 3rd Ward","address":"1413 1ST ST W","city":"INDEPENDENCE","zip":"50644","affiliation_source":""}},{"type":"Feature","geometry":{"type":"Point","coordinates":[-91.90025818099991,42.46915803200005]},"properties":{"name":"First Presbyterian Church, PCUSA","county":"Buchanan","precinct":"Indep 5th Ward","address":"115 6TH AVE NW","city":"INDEPENDENCE","zip":"50644","affiliation_source":"https://pcusa.org/congregation/first-church-independence-ia"}},{"type":"Feature","geometry":{"type":"Point","coordinates":[-91.99578073399994,42.769696786000054]},"properties":{"name":"Westgate Legion Hall","county":"Fayette","precinct":"Banks-Fremont Twp.","address":"115 MAIN ST.","city":"WESTGATE","zip":"50681","affiliation_source":""}},{"type":"Feature","geometry":{"type":"Point","coordinates":[-91.88608778399993,42.861707627000044]},"properties":{"name":"Randalia-center Twp. Community Hall","county":"Fayette","precinct":"Center Twp","address":"107 N 2ND ST.","city":"RANDALIA","zip":"52164","affiliation_source":""}},{"type":"Feature","geometry":{"type":"Point","coordinates":[-91.6718045309999,42.74909388200007]},"properties":{"name":"Arlington Public Library, Back Entrance","county":"Fayette","precinct":"Fairfield-Putnam Twp.","address":"711 MAIN ST.","city":"ARLINGTON","zip":"50606","affiliation_source":""}},{"type":"Feature","geometry":{"type":"Point","coordinates":[-91.88070443899994,42.773875571000076]},"properties":{"name":"Maynard Fire Hall","county":"Fayette","precinct":"Harlan Twp","address":"210 MAIN ST. W","city":"MAYNARD","zip":"50655","affiliation_source":""}},{"type":"Feature","geometry":{"type":"Point","coordinates":[-92.07483331999993,42.700840173000074]},"properties":{"name":"Oran Community Hall","county":"Fayette","precinct":"Oran Twp","address":"5054 MAIN ST.","city":"ORAN","zip":"50664","affiliation_source":""}},{"type":"Feature","geometry":{"type":"Point","coordinates":[-91.91045182199991,42.67859738200008]},"properties":{"name":"Oelwein Public Library, Mtg. Rm.-east Entrance","county":"Fayette","precinct":"Oelwein Ward 1","address":"201 EAST CHARLES ST.","city":"OELWEIN","zip":"50662","affiliation_source":""}},{"type":"Feature","geometry":{"type":"Point","coordinates":[-91.93329738499995,42.67835806100004]},"properties":{"name":"Oelwein Community Plaza","county":"Fayette","precinct":"Oelwein Ward 2","address":"25 W CHARLES ST","city":"OELWEIN","zip":"50662","affiliation_source":""}},{"type":"Feature","geometry":{"type":"Point","coordinates":[-91.9147805639999,42.67704141300004]},"properties":{"name":"Oelwein Legion Hall, Conference Rm.","county":"Fayette","precinct":"Jefferson Twp","address":"108 1ST ST. SW","city":"OELWEIN","zip":"50662","affiliation_source":""}},{"type":"Feature","geometry":{"type":"Point","coordinates":[-91.9147805639999,42.67704141300004]},"properties":{"name":"Oelwein Legion Hall","county":"Fayette","precinct":"Oelwein Ward 3","address":"108 1ST ST. SW","city":"OELWEIN","zip":"50662","affiliation_source":""}},{"type":"Feature","geometry":{"type":"Point","coordinates":[-91.90778977299993,42.67861253400008]},"properties":{"name":"Zion Lutheran Church","county":"Fayette","precinct":"Oelwein Ward 4","address":"402 E. CHARLES ST.","city":"OELWEIN","zip":"50662","affiliation_source":""}},{"type":"Feature","geometry":{"type":"Point","coordinates":[-92.19815703099994,42.31461352600007]},"properties":{"name":"Union High School","county":"Black Hawk","precinct":"Big Creek/La Porte City","address":"200 ADAMS ST","city":"LA PORTE CITY","zip":"50651","affiliation_source":""}},{"type":"Feature","geometry":{"type":"Point","coordinates":[-92.19815703099994,42.31461352600007]},"properties":{"name":"Union High School","county":"Black Hawk","precinct":"Spring Creek","address":"200 ADAMS ST","city":"LA PORTE CITY","zip":"50651","affiliation_source":""}},{"type":"Feature","geometry":{"type":"Point","coordinates":[-92.32926059099992,42.34096710700004]},"properties":{"name":"St Mary Of Mount Carmel Church","county":"Black Hawk","precinct":"Eagle","address":"1435 E EAGLE RD","city":"WATERLOO","zip":"50701","affiliation_source":""}},{"type":"Feature","geometry":{"type":"Point","coordinates":[-91.87032062399993,42.09454229800008]},"properties":{"name":"Shellsburg Legion Hall","county":"Benton","precinct":"Precinct Bn","address":"114 MAIN STREET SW","city":"SHELLSBURG","zip":"52332","affiliation_source":""}},{"type":"Feature","geometry":{"type":"Point","coordinates":[-92.09170327899994,42.25522488300004]},"properties":{"name":"Cedar-mt Auburn Hall","county":"Benton","precinct":"Precinct Br","address":"203 2ND STREET","city":"MT. AUBURN","zip":"52313","affiliation_source":""}},{"type":"Feature","geometry":{"type":"Point","coordinates":[-92.09134886899994,42.00753486000008]},"properties":{"name":"Van Horne Community Center","county":"Benton","precinct":"Precinct Bg","address":"508 1ST AVE","city":"VAN HORNE","zip":"52346","affiliation_source":""}},{"type":"Feature","geometry":{"type":"Point","coordinates":[-91.9718155939999,41.99453055200007]},"properties":{"name":"Newhall City Hall","county":"Benton","precinct":"Precinct El","address":"220 1ST STREET","city":"NEWHALL","zip":"52315","affiliation_source":""}},{"type":"Feature","geometry":{"type":"Point","coordinates":[-91.92656047899993,41.902618389000054]},"properties":{"name":"St. Michael's Parish Center","county":"Benton","precinct":"Precinct Fl","address":"512 EVERGREEN STREET","city":"NORWAY","zip":"52318","affiliation_source":""}},{"type":"Feature","geometry":{"type":"Point","coordinates":[-91.86521833099994,41.994965952000086]},"properties":{"name":"Atkins City Hall/library","county":"Benton","precinct":"Precinct Fr","address":"480 3RD AVE","city":"ATKINS","zip":"52206","affiliation_source":""}},{"type":"Feature","geometry":{"type":"Point","coordinates":[-92.14376313799994,42.145258556000044]},"properties":{"name":"Garrison Fire Station","county":"Benton","precinct":"Precinct Ho","address":"204 N SYCAMORE STREET","city":"GARRISON","zip":"52229","affiliation_source":""}},{"type":"Feature","geometry":{"type":"Point","coordinates":[-92.08445702199992,41.90869075000006]},"properties":{"name":"Blairstown Community Center","county":"Benton","precinct":"Precinct Ia","address":"305 LOCUST STREET NW","city":"BLAIRSTOWN","zip":"52209","affiliation_source":""}},{"type":"Feature","geometry":{"type":"Point","coordinates":[-92.1977106359999,41.99916776500004]},"properties":{"name":"Keystone City Hall","county":"Benton","precinct":"Precinct Ka","address":"208 1ST STREET","city":"KEYSTONE","zip":"52249","affiliation_source":""}},{"type":"Feature","geometry":{"type":"Point","coordinates":[-91.88827341699994,42.229965495000044]},"properties":{"name":"Urbana Community Center","county":"Benton","precinct":"Precinct Po","address":"906 W MAIN STREET","city":"URBANA","zip":"52345","affiliation_source":""}},{"type":"Feature","geometry":{"type":"Point","coordinates":[-91.83849983399995,41.87667582600005]},"properties":{"name":"Walford Community Center","county":"Benton","precinct":"Precinct Wa","address":"120 5TH STREET N","city":"WALFORD","zip":"52351","affiliation_source":""}},{"type":"Feature","geometry":{"type":"Point","coordinates":[-92.28140642699992,41.897192103000066]},"properties":{"name":"Belle Plaine Community Center Rsvp Rm","county":"Benton","precinct":"Precinct Bp1","address":"1309 5TH AVE","city":"BELLE PLAINE","zip":"52208","affiliation_source":""}},{"type":"Feature","geometry":{"type":"Point","coordinates":[-92.28140642699992,41.897192103000066]},"properties":{"name":"Belle Plaine Community Center Dining Room","county":"Benton","precinct":"Precinct Bp2","address":"1309 5TH AVENUE","city":"BELLE PLAINE","zip":"52208","affiliation_source":""}},{"type":"Feature","geometry":{"type":"Point","coordinates":[-92.28098007499995,41.89705769100004]},"properties":{"name":"Belle Plaine Fire Station","county":"Benton","precinct":"Precinct Bp3","address":"504 13TH STREET","city":"BELLE PLAINE","zip":"52208","affiliation_source":""}},{"type":"Feature","geometry":{"type":"Point","coordinates":[-92.02363084399991,42.167667047000066]},"properties":{"name":"Benton County Courthouse","county":"Benton","precinct":"Precinct Ed","address":"111 E 4TH STREET","city":"VINTON","zip":"52349","affiliation_source":""}},{"type":"Feature","geometry":{"type":"Point","coordinates":[-92.02800737299992,42.15517033800006]},"properties":{"name":"-vinton Skate & Activity Center","county":"Benton","precinct":"Precinct Vt1","address":"1703 C AVE","city":"VINTON","zip":"52349","affiliation_source":""}},{"type":"Feature","geometry":{"type":"Point","coordinates":[-92.02800737299992,42.15517033800006]},"properties":{"name":"-vinton Skate & Activity Center","county":"Benton","precinct":"Precinct Vt2","address":"1703 C AVE","city":"VINTON","zip":"52349","affiliation_source":""}},{"type":"Feature","geometry":{"type":"Point","coordinates":[-92.02800737299992,42.15517033800006]},"properties":{"name":"-vinton Skate & Activity Center","county":"Benton","precinct":"Precinct Vt3","address":"1703 C AVE","city":"VINTON","zip":"52349","affiliation_source":""}},{"type":"Feature","geometry":{"type":"Point","coordinates":[-92.02800737299992,42.15517033800006]},"properties":{"name":"-vinton Skate & Activity Center","county":"Benton","precinct":"Precinct Vt4","address":"1703 C AVE","city":"VINTON","zip":"52349","affiliation_source":""}},{"type":"Feature","geometry":{"type":"Point","coordinates":[-92.06859593199994,41.801063475000035]},"properties":{"name":"Marengo Public Library","county":"Iowa","precinct":"Honey Creek Marengo","address":"1020 MARENGO AVE","city":"MARENGO","zip":"52301","affiliation_source":""}},{"type":"Feature","geometry":{"type":"Point","coordinates":[-91.99659884099992,41.73027074500004]},"properties":{"name":"Hilton Township Hall, Conroy","county":"Iowa","precinct":"Hilton Washington","address":"550 7TH AVE","city":"CONROY","zip":"52220","affiliation_source":""}},{"type":"Feature","geometry":{"type":"Point","coordinates":[-92.00435152999995,41.58304808400004]},"properties":{"name":"Parnell City Hall","county":"Iowa","precinct":"Fillmore Greene","address":"600 CLEVELAND ST","city":"PARNELL","zip":"52325","affiliation_source":""}},{"type":"Feature","geometry":{"type":"Point","coordinates":[-91.4824739039999,42.35099990700007]},"properties":{"name":"Ryan City Hall","county":"Delaware","precinct":"Adams/Hazel Green","address":"405 FRANKLIN STREET","city":"RYAN","zip":"52330","affiliation_source":""}},{"type":"Feature","geometry":{"type":"Point","coordinates":[-91.20219772099995,42.63777386500004]},"properties":{"name":"Colesburg Community Center","county":"Delaware","precinct":"Colony","address":"220 MAIN STREET","city":"COLESBURG","zip":"52035","affiliation_source":""}},{"type":"Feature","geometry":{"type":"Point","coordinates":[-91.33181990399993,42.42968651800004]},"properties":{"name":"Delhi Community Center","county":"Delaware","precinct":"Delhi/Delaware Corp","address":"316 FRANKLIN STREET","city":"DELHI","zip":"52223","affiliation_source":""}},{"type":"Feature","geometry":{"type":"Point","coordinates":[-91.63673138299993,42.44949915300003]},"properties":{"name":"Monti Community Center","county":"Buchanan","precinct":"Middlefield/Newton","address":"2854 WASHINGTON AVE","city":"MASONVILLE","zip":"50654","affiliation_source":""}},{"type":"Feature","geometry":{"type":"Point","coordinates":[-91.8434309029999,42.36998739900008]},"properties":{"name":"Rowley Community Bldg","county":"Buchanan","precinct":"Rowley","address":"109 ELY ST","city":"ROWLEY","zip":"52329","affiliation_source":""}},{"type":"Feature","geometry":{"type":"Point","coordinates":[-90.69366952399992,42.49928556800006]},"properties":{"name":"Westminster Church","county":"Dubuque","precinct":"09","address":"2155 UNIVERSITY AVE","city":"DUBUQUE","zip":"52001","affiliation_source":""}},{"type":"Feature","geometry":{"type":"Point","coordinates":[-90.69366952399992,42.49928556800006]},"properties":{"name":"Westminster Church","county":"Dubuque","precinct":"10","address":"2155 UNIVERSITY AVE","city":"DUBUQUE","zip":"52001","affiliation_source":""}},{"type":"Feature","geometry":{"type":"Point","coordinates":[-90.72209190399991,42.51287320500006]},"properties":{"name":"Tri State Blind","county":"Dubuque","precinct":"05","address":"3333 ASBURY RD","city":"DUBUQUE","zip":"52002","affiliation_source":""}},{"type":"Feature","geometry":{"type":"Point","coordinates":[-90.7213821009999,42.52164374500006]},"properties":{"name":"Summit Church","county":"Dubuque","precinct":"06","address":"2885 JOHN F. KENNEDY RD","city":"DUBUQUE","zip":"52002","affiliation_source":""}},{"type":"Feature","geometry":{"type":"Point","coordinates":[-90.72209190399991,42.51287320500006]},"properties":{"name":"Tri State Blind","county":"Dubuque","precinct":"07","address":"3333 ASBURY RD","city":"DUBUQUE","zip":"52002","affiliation_source":""}},{"type":"Feature","geometry":{"type":"Point","coordinates":[-90.72296954099994,42.50549662600008]},"properties":{"name":"Area Residential Care","county":"Dubuque","precinct":"03","address":"3355 KENNEDY CIR","city":"DUBUQUE","zip":"52002","affiliation_source":""}},{"type":"Feature","geometry":{"type":"Point","coordinates":[-90.73854671999993,42.501426629000036]},"properties":{"name":"Journey Church","county":"Dubuque","precinct":"04","address":"3939 PENNSYLVANIA AVE","city":"DUBUQUE","zip":"52002","affiliation_source":""}},{"type":"Feature","geometry":{"type":"Point","coordinates":[-90.67636596599993,42.486279738000064]},"properties":{"name":"Fogarty Hall","county":"Dubuque","precinct":"20","address":"1240 RUSH ST\r\nRECTORY BASEMENT","city":"DUBUQUE","zip":"52003","affiliation_source":""}},{"type":"Feature","geometry":{"type":"Point","coordinates":[-90.68064483299992,42.46959626800009]},"properties":{"name":"Rockdale Methodist Church","county":"Dubuque","precinct":"01","address":"1500 OLD MILL RD","city":"DUBUQUE","zip":"52003","affiliation_source":""}},{"type":"Feature","geometry":{"type":"Point","coordinates":[-90.70665350299993,42.49176312900005]},"properties":{"name":"Theisens Home Center","county":"Dubuque","precinct":"02","address":"2900 DODGE ST","city":"DUBUQUE","zip":"52002","affiliation_source":""}},{"type":"Feature","geometry":{"type":"Point","coordinates":[-90.68416237399992,42.52937697300007]},"properties":{"name":"U.a.w. Local 94 Union Hall","county":"Dubuque","precinct":"11","address":"3450 CENTRAL AVE","city":"DUBUQUE","zip":"52001","affiliation_source":""}},{"type":"Feature","geometry":{"type":"Point","coordinates":[-90.68493238199994,42.530536522000034]},"properties":{"name":"Y Community Building","county":"Dubuque","precinct":"19","address":"DODGE & BOOTH STS","city":"DUBUQUE","zip":"52001","affiliation_source":""}},{"type":"Feature","geometry":{"type":"Point","coordinates":[-90.67857830199995,42.54356766800004]},"properties":{"name":"Hope Church","county":"Dubuque","precinct":"36","address":"11919 KENNEDY RD","city":"DUBUQUE","zip":"52001","affiliation_source":""}},{"type":"Feature","geometry":{"type":"Point","coordinates":[-90.67115461999992,42.52966255900009]},"properties":{"name":"Windsor Park","county":"Dubuque","precinct":"12","address":"801 DAVIS ST","city":"DUBUQUE","zip":"52001","affiliation_source":""}},{"type":"Feature","geometry":{"type":"Point","coordinates":[-90.67080166599993,42.516721860000075]},"properties":{"name":"Comiskey Park","county":"Dubuque","precinct":"13","address":"255 E 24TH ST","city":"DUBUQUE","zip":"52001","affiliation_source":""}},{"type":"Feature","geometry":{"type":"Point","coordinates":[-90.65634006199991,42.52551482400008]},"properties":{"name":"Holy Trinity Church","county":"Dubuque","precinct":"15","address":"1700 LINCOLN AVE","city":"DUBUQUE","zip":"52001","affiliation_source":""}},{"type":"Feature","geometry":{"type":"Point","coordinates":[-90.66625748699994,42.51691266800009]},"properties":{"name":"Sacred Heart Ch Basement","county":"Dubuque","precinct":"14","address":"2215 WINDSOR AVE","city":"DUBUQUE","zip":"52001","affiliation_source":""}},{"type":"Feature","geometry":{"type":"Point","coordinates":[-90.67103045599993,42.505625999000074]},"properties":{"name":"St Johns Parish House","county":"Dubuque","precinct":"17","address":"1458 LOCUST ST","city":"DUBUQUE","zip":"52001","affiliation_source":""}},{"type":"Feature","geometry":{"type":"Point","coordinates":[-90.7063818549999,42.50775657100007]},"properties":{"name":"Emmaus Bible College","county":"Dubuque","precinct":"08","address":"2570 ASBURY RD","city":"DUBUQUE","zip":"52001","affiliation_source":""}},{"type":"Feature","geometry":{"type":"Point","coordinates":[-90.66471688399992,42.50070815600009]},"properties":{"name":"Election Annex","county":"Dubuque","precinct":"16","address":"707 CENTRAL AVE","city":"DUBUQUE","zip":"52001","affiliation_source":""}},{"type":"Feature","geometry":{"type":"Point","coordinates":[-90.66794182699994,42.498702808000075]},"properties":{"name":"Federal Building","county":"Dubuque","precinct":"18","address":"350 W 6TH ST","city":"DUBUQUE","zip":"52001","affiliation_source":""}},{"type":"Feature","geometry":{"type":"Point","coordinates":[-90.68260767499993,42.44728985100005]},"properties":{"name":"Key West Fire Station","county":"Dubuque","precinct":"43","address":"10480 TIMOTHY ST","city":"DUBUQUE","zip":"52003","affiliation_source":""}},{"type":"Feature","geometry":{"type":"Point","coordinates":[-92.46532241999995,42.50197967000008]},"properties":{"name":"Bethlehem Lutheran Church","county":"Black Hawk","precinct":"Precinct X202 & CF Twp","address":"4000 HUDSON RD","city":"CEDAR FALLS","zip":"50613","affiliation_source":""}},{"type":"Feature","geometry":{"type":"Point","coordinates":[-92.43155135699993,42.501910820000035]},"properties":{"name":"Orchard Hill Church","county":"Black Hawk","precinct":"Precinct X502","address":"3900 ORCHARD HILL DR (SOUTH ENTR, DOOR E)","city":"CEDAR FALLS","zip":"50613","affiliation_source":""}},{"type":"Feature","geometry":{"type":"Point","coordinates":[-92.44439069399994,42.50578217800006]},"properties":{"name":"Trinity Bible Church","county":"Black Hawk","precinct":"Precinct X503","address":"125 ORCHARD DR","city":"CEDAR FALLS","zip":"50613","affiliation_source":""}},{"type":"Feature","geometry":{"type":"Point","coordinates":[-92.39357983299993,42.507142341000076]},"properties":{"name":"Ascension Lutheran Church","county":"Black Hawk","precinct":"Precinct W101","address":"2211 MAYNARD AV","city":"WATERLOO","zip":"50701","affiliation_source":""}},{"type":"Feature","geometry":{"type":"Point","coordinates":[-92.39657288899991,42.504880066000055]},"properties":{"name":"Ymca","county":"Black Hawk","precinct":"Precinct W102","address":"669 S HACKETT RD","city":"WATERLOO","zip":"50701","affiliation_source":""}},{"type":"Feature","geometry":{"type":"Point","coordinates":[-92.36582296599994,42.48025728300007]},"properties":{"name":"Irv Warren Mem. Golf Pro Shop","county":"Black Hawk","precinct":"Precinct W104","address":"1000 FLETCHER AV","city":"WATERLOO","zip":"50701","affiliation_source":""}},{"type":"Feature","geometry":{"type":"Point","coordinates":[-92.37734996199993,42.469342184000084]},"properties":{"name":"Walnut Ridge Baptist Church","county":"Black Hawk","precinct":"Precinct W105","address":"1307 W RIDGEWAY AVE (DOOR A)","city":"WATERLOO","zip":"50701","affiliation_source":""}},{"type":"Feature","geometry":{"type":"Point","coordinates":[-92.3762578699999,42.46412881100008]},"properties":{"name":"Cedar Valley Community Church","county":"Black Hawk","precinct":"Precinct W106","address":"3520 ANSBOROUGH AVE (EAST ENTRANCE)","city":"WATERLOO","zip":"50701","affiliation_source":""}},{"type":"Feature","geometry":{"type":"Point","coordinates":[-92.35659320899993,42.450859361000084]},"properties":{"name":"Trinity Episcopal Parish","county":"Black Hawk","precinct":"Precinct W206","address":"4535 KIMBALL AV","city":"WATERLOO","zip":"50701","affiliation_source":""}},{"type":"Feature","geometry":{"type":"Point","coordinates":[-92.35669344399992,42.461851384000056]},"properties":{"name":"Central Christian Church","county":"Black Hawk","precinct":"Precinct W506","address":"3475 KIMBALL AVE","city":"WATERLOO","zip":"50702","affiliation_source":""}},{"type":"Feature","geometry":{"type":"Point","coordinates":[-92.35695335499992,42.47069069100007]},"properties":{"name":"Kimball Ridge Center","county":"Black Hawk","precinct":"Precinct W504","address":"2101 KIMBALL AV","city":"WATERLOO","zip":"50702","affiliation_source":""}},{"type":"Feature","geometry":{"type":"Point","coordinates":[-92.35724540799993,42.483425321000084]},"properties":{"name":"Zion Lutheran Church","county":"Black Hawk","precinct":"Precinct W505","address":"810 KIMBALL AV","city":"WATERLOO","zip":"50701","affiliation_source":""}},{"type":"Feature","geometry":{"type":"Point","coordinates":[-92.3369180599999,42.45942943300008]},"properties":{"name":"Grace Baptist Church","county":"Black Hawk","precinct":"Precinct W202","address":"3820 HAMMOND AV","city":"WATERLOO","zip":"50702","affiliation_source":""}},{"type":"Feature","geometry":{"type":"Point","coordinates":[-92.33741806799992,42.47077927100008]},"properties":{"name":"Hammond Ave Brethren Church","county":"Black Hawk","precinct":"Precinct W203","address":"1604 HAMMOND AV","city":"WATERLOO","zip":"50702","affiliation_source":""}},{"type":"Feature","geometry":{"type":"Point","coordinates":[-92.3322669339999,42.45177202000008]},"properties":{"name":"Landmark Commons","county":"Black Hawk","precinct":"Precinct W204","address":"1400 MAXHELEN BLVD","city":"WATERLOO","zip":"50701","affiliation_source":""}},{"type":"Feature","geometry":{"type":"Point","coordinates":[-92.34320487699995,42.497444046000055]},"properties":{"name":"Waterloo Center For The Arts","county":"Black Hawk","precinct":"Precinct W306","address":"225 COMMERCIAL ST","city":"WATERLOO","zip":"50701","affiliation_source":""}},{"type":"Feature","geometry":{"type":"Point","coordinates":[-92.34367108499993,42.49181574800008]},"properties":{"name":"Trinity American Lutheran Church","county":"Black Hawk","precinct":"Precinct W501","address":"605 W 4TH ST","city":"WATERLOO","zip":"50702","affiliation_source":""}},{"type":"Feature","geometry":{"type":"Point","coordinates":[-92.3351278209999,42.48069901400004]},"properties":{"name":"St Ansgar Lutheran Church","county":"Black Hawk","precinct":"Precinct W502","address":"1122 W 11TH ST","city":"WATERLOO","zip":"50702","affiliation_source":""}},{"type":"Feature","geometry":{"type":"Point","coordinates":[-92.35167005199992,42.47667680400008]},"properties":{"name":"Sons Of Jacob Synagogue","county":"Black Hawk","precinct":"Precinct W503","address":"411 E MITCHELL AV","city":"WATERLOO","zip":"50702","affiliation_source":""}},{"type":"Feature","geometry":{"type":"Point","coordinates":[-91.39981403899992,42.64267739700006]},"properties":{"name":"St Mark's Parish Center","county":"Delaware","precinct":"Honey Creek/Elk","address":"200 E JACKSON STREET","city":"EDGEWOOD","zip":"52042","affiliation_source":""}},{"type":"Feature","geometry":{"type":"Point","coordinates":[-91.45406726199991,42.48404792000008]},"properties":{"name":"Manchester Fire Station","county":"Delaware","precinct":"Manchester 1st Ward","address":"400 E MAIN STREET","city":"MANCHESTER","zip":"52057","affiliation_source":""}},{"type":"Feature","geometry":{"type":"Point","coordinates":[-91.45654092899991,42.493617552000046]},"properties":{"name":"Delaware Co Rec Center","county":"Delaware","precinct":"Delaware","address":"FAIRGROUNDS","city":"MANCHESTER","zip":"52057","affiliation_source":""}},{"type":"Feature","geometry":{"type":"Point","coordinates":[-91.4592701229999,42.495833463000054]},"properties":{"name":"Delaware Co Community Center","county":"Delaware","precinct":"Manchester 2nd Ward","address":"200 EAST ACERS STREET","city":"MANCHESTER","zip":"52057","affiliation_source":""}},{"type":"Feature","geometry":{"type":"Point","coordinates":[-91.46386986699991,42.50194178900006]},"properties":{"name":"Seibert Park Memorial Hall","county":"Delaware","precinct":"Manchester 3rd Ward","address":"508 QUAKER MILL DR","city":"MANCHESTER","zip":"52057","affiliation_source":""}},{"type":"Feature","geometry":{"type":"Point","coordinates":[-91.40753443999995,42.444958332000056]},"properties":{"name":"Conservation Building","county":"Delaware","precinct":"Milo/Prairie","address":"2379 JEFFERSON ROAD","city":"MANCHESTER","zip":"52057","affiliation_source":""}},{"type":"Feature","geometry":{"type":"Point","coordinates":[-91.27237370299991,42.482209529000045]},"properties":{"name":"Earlville Civic Center","county":"Delaware","precinct":"Oneida/North Fork/Bremen","address":"120 NORTHERN AVENUE","city":"EARLVILLE","zip":"52041","affiliation_source":""}},{"type":"Feature","geometry":{"type":"Point","coordinates":[-91.5456718719999,42.57927900000004]},"properties":{"name":"Dundee Community Center","county":"Delaware","precinct":"Richland/Coffins Grove","address":"215 SECOND STREET","city":"DUNDEE","zip":"52038","affiliation_source":""}},{"type":"Feature","geometry":{"type":"Point","coordinates":[-91.24741058799992,42.34342635500008]},"properties":{"name":"Hopkinton Community Center","county":"Delaware","precinct":"South Fork/Union","address":"115 1ST STREET SE","city":"HOPKINTON","zip":"52237","affiliation_source":""}},{"type":"Feature","geometry":{"type":"Point","coordinates":[-92.42946037799993,42.498142193000035]},"properties":{"name":"Heartland Vineyard Church","county":"Black Hawk","precinct":"Precinct X203","address":"1405 GREENHILL RD","city":"CEDAR FALLS","zip":"50613","affiliation_source":""}},{"type":"Feature","geometry":{"type":"Point","coordinates":[-92.4483527989999,42.51587192200009]},"properties":{"name":"Hearst Center","county":"Black Hawk","precinct":"Precinct X402","address":"304 SEERLEY BD","city":"CEDAR FALLS","zip":"50613","affiliation_source":""}},{"type":"Feature","geometry":{"type":"Point","coordinates":[-92.55416289999994,43.36129978000008]},"properties":{"name":"United Methodist Church","county":"Howard","precinct":"Riceville/Jamestown/Oakdale","address":"308 WOODLAND AVE","city":"RICEVILLE","zip":"50466","affiliation_source":""}},{"type":"Feature","geometry":{"type":"Point","coordinates":[-92.28136702699993,43.44778838500008]},"properties":{"name":"Lime Springs Community Center","county":"Howard","precinct":"Albion Forest City","address":"201 CENTER ST","city":"LIME SPRINGS","zip":"52155","affiliation_source":""}},{"type":"Feature","geometry":{"type":"Point","coordinates":[-92.31751597599992,43.37095645900007]},"properties":{"name":"Saratoga Township Hall","county":"Howard","precinct":"Saratoga Howard Ctr Chester","address":"STATE HWY 9","city":"LIME SPRINGS","zip":"52155","affiliation_source":""}},{"type":"Feature","geometry":{"type":"Point","coordinates":[-92.09091606099992,43.21667621700004]},"properties":{"name":"Protivin City Hall","county":"Howard","precinct":"New Oregon","address":"MAIN ST","city":"PROTIVIN","zip":"52163","affiliation_source":""}},{"type":"Feature","geometry":{"type":"Point","coordinates":[-92.43591381599992,43.245716927000046]},"properties":{"name":"Elma Memorial Hall","county":"Howard","precinct":"Afton Howard Paris","address":"BUSTI AVE","city":"ELMA","zip":"50628","affiliation_source":""}},{"type":"Feature","geometry":{"type":"Point","coordinates":[-92.12713777499994,43.37567786900007]},"properties":{"name":"Howard Co Fairgrounds Expo","county":"Howard","precinct":"Cresco 1A","address":"314 W 7TH ST","city":"CRESCO","zip":"52136","affiliation_source":""}},{"type":"Feature","geometry":{"type":"Point","coordinates":[-92.12713777499994,43.37567786900007]},"properties":{"name":"Howard Co Fairgrounds Expo","county":"Howard","precinct":"Vernon Springs Cresco 1B","address":"314 W 7TH ST","city":"CRESCO","zip":"52136","affiliation_source":""}},{"type":"Feature","geometry":{"type":"Point","coordinates":[-92.12713777499994,43.37567786900007]},"properties":{"name":"Howard Co Fairgrounds Expo (cr2))","county":"Howard","precinct":"Cresco 2","address":"314 W 7TH ST","city":"CRESCO","zip":"52136","affiliation_source":""}},{"type":"Feature","geometry":{"type":"Point","coordinates":[-92.12713777499994,43.37567786900007]},"properties":{"name":"Howard Co Fairgrounds Expo","county":"Howard","precinct":"Cresco 3","address":"314 W 7TH ST","city":"CRESCO","zip":"52136","affiliation_source":""}},{"type":"Feature","geometry":{"type":"Point","coordinates":[-94.89465896399992,40.936926001000074]},"properties":{"name":"Nodaway Community Building","county":"Adams","precinct":"ADAMS 4","address":"300 7TH AVE","city":"NODAWAY","zip":"50857","affiliation_source":""}},{"type":"Feature","geometry":{"type":"Point","coordinates":[-94.75093871699994,43.237784660000045]},"properties":{"name":"Graettinger Public Library","county":"Palo Alto","precinct":"GR.RV.LI.Pt. HL.WL","address":"115 W ROBINS ST","city":"GRAETTINGER","zip":"51342","affiliation_source":""}},{"type":"Feature","geometry":{"type":"Point","coordinates":[-94.4451326869999,42.957643343000086]},"properties":{"name":"West Bend Public Library","county":"Palo Alto","precinct":"WB.EL.RL.BO.GO.NV","address":"316 S BROADWAY","city":"WEST BEND","zip":"50597","affiliation_source":""}},{"type":"Feature","geometry":{"type":"Point","coordinates":[-94.67883095499991,43.10780085600004]},"properties":{"name":"Election Center-1","county":"Palo Alto","precinct":"Emmetsburg Ward 1","address":"1302 BROADWAY","city":"EMMETSBURG","zip":"50536","affiliation_source":""}},{"type":"Feature","geometry":{"type":"Point","coordinates":[-94.67883095499991,43.10780085600004]},"properties":{"name":"Election Center-2","county":"Palo Alto","precinct":"Emmetsburg Ward 2","address":"1302 BROADWAY","city":"EMMETSBURG","zip":"50536","affiliation_source":""}},{"type":"Feature","geometry":{"type":"Point","coordinates":[-94.67883095499991,43.10780085600004]},"properties":{"name":"Election Center-3","county":"Palo Alto","precinct":"EM Ward 3.SL.pt. HL.WL.EM","address":"1302 BROADWAY","city":"EMMETSBURG","zip":"50536","affiliation_source":""}},{"type":"Feature","geometry":{"type":"Point","coordinates":[-94.67883095499991,43.10780085600004]},"properties":{"name":"Election Center-4","county":"Palo Alto","precinct":"EM Ward 4 .FV.FF.FR.IN.VN.pt. EM","address":"1302 BROADWAY","city":"EMMETSBURG","zip":"50536","affiliation_source":""}},{"type":"Feature","geometry":{"type":"Point","coordinates":[-95.79131183899995,43.311341662000075]},"properties":{"name":"Ashton Legion Community Building","county":"Osceola","precinct":"Ashton","address":"321 3RD ST.","city":"ASHTON","zip":"51232","affiliation_source":""}},{"type":"Feature","geometry":{"type":"Point","coordinates":[-95.4338146739999,43.44483252100008]},"properties":{"name":"Harris Civic Center","county":"Osceola","precinct":"Harris","address":"122 MAIN ST S","city":"HARRIS","zip":"51345","affiliation_source":""}},{"type":"Feature","geometry":{"type":"Point","coordinates":[-95.4737836679999,43.320641082000066]},"properties":{"name":"May City Fire Station","county":"Osceola","precinct":"May City","address":"6656 FREDERICK AVE","city":"MAY CITY","zip":"51349","affiliation_source":""}},{"type":"Feature","geometry":{"type":"Point","coordinates":[-95.6068799329999,43.287149199000055]},"properties":{"name":"Melvin Fire Station","county":"Osceola","precinct":"Melvin","address":"233 MAIN ST","city":"MELVIN","zip":"51350","affiliation_source":""}},{"type":"Feature","geometry":{"type":"Point","coordinates":[-95.53493893099994,43.41452795200007]},"properties":{"name":"Ocheyedan Town Hall","county":"Osceola","precinct":"Ocheyedan","address":"869 MAIN ST","city":"OCHEYEDAN","zip":"51354","affiliation_source":""}},{"type":"Feature","geometry":{"type":"Point","coordinates":[-95.74996937499992,43.40157247600007]},"properties":{"name":"Osceola Co.courthouse","county":"Osceola","precinct":"Osceola 1","address":"300 7TH ST","city":"SIBLEY","zip":"51249","affiliation_source":""}},{"type":"Feature","geometry":{"type":"Point","coordinates":[-95.7431757839999,43.40071683700006]},"properties":{"name":"St. Andrew Catholic School","county":"Osceola","precinct":"Osceola 2","address":"722 8TH AVE","city":"SIBLEY","zip":"51249","affiliation_source":""}},{"type":"Feature","geometry":{"type":"Point","coordinates":[-95.73761059899994,43.409726737000085]},"properties":{"name":"United Methodist Church","county":"Osceola","precinct":"Osceola 3","address":"700 11TH AVE NE","city":"SIBLEY","zip":"51249","affiliation_source":""}},{"type":"Feature","geometry":{"type":"Point","coordinates":[-96.00230163499992,43.34334259600007]},"properties":{"name":"George Comm Ctr","county":"Lyon","precinct":"Pct 1 George","address":"117 S MAIN ST","city":"GEORGE","zip":"51237","affiliation_source":""}},{"type":"Feature","geometry":{"type":"Point","coordinates":[-96.23137120399991,43.27799464100008]},"properties":{"name":"Doon Comm Ctr","county":"Lyon","precinct":"Pct 2 Doon","address":"207 BARTON AVE","city":"DOON","zip":"51235","affiliation_source":""}},{"type":"Feature","geometry":{"type":"Point","coordinates":[-96.43184953899993,43.30917807700007]},"properties":{"name":"Inwood Comm Ctr","county":"Lyon","precinct":"Pct 3 Inwood","address":"103 S MAIN ST","city":"INWOOD","zip":"51240","affiliation_source":""}},{"type":"Feature","geometry":{"type":"Point","coordinates":[-96.43418346399994,43.45298302700007]},"properties":{"name":"Lw City Hall","county":"Lyon","precinct":"Pct 4 Larchwood","address":"201 BROADWAY ST","city":"LARCHWOOD","zip":"51241","affiliation_source":""}},{"type":"Feature","geometry":{"type":"Point","coordinates":[-96.33361145399994,43.439548552000076]},"properties":{"name":"Lester Comm Bldg","county":"Lyon","precinct":"Pct 5 Lester","address":"203 5TH ST","city":"LESTER","zip":"51242","affiliation_source":""}},{"type":"Feature","geometry":{"type":"Point","coordinates":[-96.16956197399992,43.431797379000045]},"properties":{"name":"Forster Comm Bldg N","county":"Lyon","precinct":"Pct 7 Rock Rapids","address":"404 1ST AVE","city":"ROCK RAPIDS","zip":"51246","affiliation_source":""}},{"type":"Feature","geometry":{"type":"Point","coordinates":[-96.16956197399992,43.431797379000045]},"properties":{"name":"Forster Comm Bldg S","county":"Lyon","precinct":"Pct 8 Rock Rapids","address":"404 1ST AVE","city":"ROCK RAPIDS","zip":"51246","affiliation_source":""}},{"type":"Feature","geometry":{"type":"Point","coordinates":[-95.8832480879999,43.44433028600008]},"properties":{"name":"Lr Town & Ctry Bldg","county":"Lyon","precinct":"Pct 6 Little Rock","address":"409 MAIN ST","city":"LITTLE ROCK","zip":"51243","affiliation_source":""}},{"type":"Feature","geometry":{"type":"Point","coordinates":[-95.85326356899992,43.18046767200008]},"properties":{"name":"Comm Bldg, Sheldon P1","county":"O'Brien","precinct":"Carroll Floyd","address":"416 9TH ST","city":"SHELDON","zip":"51201","affiliation_source":""}},{"type":"Feature","geometry":{"type":"Point","coordinates":[-95.85326356899992,43.18046767200008]},"properties":{"name":"Comm Bldg Sheldon 1st Ward","county":"O'Brien","precinct":"Sheldon 1","address":"416 9TH ST","city":"SHELDON","zip":"51201","affiliation_source":""}},{"type":"Feature","geometry":{"type":"Point","coordinates":[-95.85326356899992,43.18046767200008]},"properties":{"name":"Comm Bldg, Sheldon 2nd Ward","county":"O'Brien","precinct":"Sheldon 2","address":"416 9TH ST","city":"SHELDON","zip":"51201","affiliation_source":""}},{"type":"Feature","geometry":{"type":"Point","coordinates":[-95.85326356899992,43.18046767200008]},"properties":{"name":"Comm Bldg, Sheldon 3rd Ward","county":"O'Brien","precinct":"Sheldon 3","address":"416 9TH ST","city":"SHELDON","zip":"51201","affiliation_source":""}},{"type":"Feature","geometry":{"type":"Point","coordinates":[-95.65577242899991,43.18185362300005]},"properties":{"name":"Comm Bldg, Sanborn","county":"O'Brien","precinct":"Franklin","address":"225 MAIN ST","city":"SANBORN","zip":"51248","affiliation_source":""}},{"type":"Feature","geometry":{"type":"Point","coordinates":[-95.47577726799994,43.179960582000035]},"properties":{"name":"Public Library, Hartley","county":"O'Brien","precinct":"Hartley Lincoln Omega","address":"91 1ST ST SE","city":"HARTLEY","zip":"51346","affiliation_source":""}},{"type":"Feature","geometry":{"type":"Point","coordinates":[-95.6269343649999,43.087737408000066]},"properties":{"name":"Assembly Room, Cthse","county":"O'Brien","precinct":"Summit Center Dale Highland","address":"155 S HAYES AVE","city":"PRIMGHAR","zip":"51245","affiliation_source":""}},{"type":"Feature","geometry":{"type":"Point","coordinates":[-95.68760168699993,42.97876396600009]},"properties":{"name":"City Hall, Paullina","county":"O'Brien","precinct":"Union Baker Caledonia","address":"127 S MAIN ST","city":"PAULLINA","zip":"51046","affiliation_source":""}},{"type":"Feature","geometry":{"type":"Point","coordinates":[-95.49790517899993,42.97384345900008]},"properties":{"name":"Mason Ldge, Sutherland","county":"O'Brien","precinct":"Waterman Grant Liberty","address":"121 W 2ND ST","city":"SUTHERLAND","zip":"51058","affiliation_source":""}},{"type":"Feature","geometry":{"type":"Point","coordinates":[-96.55763581699995,42.82867997900007]},"properties":{"name":"Akron Library Conference Room","county":"Plymouth","precinct":"Akron","address":"350 REED ST","city":"AKRON","zip":"51001","affiliation_source":""}},{"type":"Feature","geometry":{"type":"Point","coordinates":[-96.26899642199993,42.80978138900008]},"properties":{"name":"Brunsville Legion Club","county":"Plymouth","precinct":"Brunsville","address":"305 OAK ST","city":"BRUNSVILLE","zip":"51008","affiliation_source":""}},{"type":"Feature","geometry":{"type":"Point","coordinates":[-96.60180916899992,42.755602485000054]},"properties":{"name":"Westfield Community Center","county":"Plymouth","precinct":"Westfield","address":"215 LINDEN ST","city":"WESTFIELD","zip":"51062","affiliation_source":""}},{"type":"Feature","geometry":{"type":"Point","coordinates":[-96.25530645299995,42.71991525100009]},"properties":{"name":"Kissinger Community Center-lower Level","county":"Plymouth","precinct":"Merrill","address":"608 MAIN ST","city":"MERRILL","zip":"51038","affiliation_source":""}},{"type":"Feature","geometry":{"type":"Point","coordinates":[-96.29472651299994,42.62666070500006]},"properties":{"name":"Hinton Community Center","county":"Plymouth","precinct":"Hinton","address":"205 WEST MAIN ST","city":"HINTON","zip":"51024","affiliation_source":""}},{"type":"Feature","geometry":{"type":"Point","coordinates":[-96.28073945299991,42.62652877900007]},"properties":{"name":"Perry Township Hall","county":"Plymouth","precinct":"Perry Hancock Twp","address":"C60","city":"HINTON","zip":"51024","affiliation_source":""}},{"type":"Feature","geometry":{"type":"Point","coordinates":[-95.96408392799992,42.58679102100007]},"properties":{"name":"Kingsley Community Center","county":"Plymouth","precinct":"Kingsley","address":"207 E 1ST ST","city":"KINGSLEY","zip":"51028","affiliation_source":""}},{"type":"Feature","geometry":{"type":"Point","coordinates":[-96.16065825499993,42.789988496000035]},"properties":{"name":"Courthouse Annex Lower Level","county":"Plymouth","precinct":"Courthouse Annex-Lower Level","address":"215 4TH AVE SE","city":"LE MARS","zip":"51031","affiliation_source":""}},{"type":"Feature","geometry":{"type":"Point","coordinates":[-96.16200831599991,42.77876801900004]},"properties":{"name":"Le Mars Convention Center Pct 11","county":"Plymouth","precinct":"Le Mars Pct 11","address":"301 12TH ST SE-LOWER LEVEL","city":"LE MARS","zip":"51031","affiliation_source":""}},{"type":"Feature","geometry":{"type":"Point","coordinates":[-96.16200831599991,42.77876801900004]},"properties":{"name":"Le Mars Convention Center Pct 12","county":"Plymouth","precinct":"Le Mars Pct 12","address":"301 12TH ST SE-LOWER LEVEL","city":"LE MARS","zip":"51031","affiliation_source":""}},{"type":"Feature","geometry":{"type":"Point","coordinates":[-96.16200831599991,42.77876801900004]},"properties":{"name":"Le Mars Convention Center Pct 13","county":"Plymouth","precinct":"Le Mars Pct 13","address":"301 12TH ST SE-LOWER LEVEL","city":"LE MARS","zip":"51031","affiliation_source":""}},{"type":"Feature","geometry":{"type":"Point","coordinates":[-94.08443741499991,42.90925014600003]},"properties":{"name":"Luverne Community Center Lvsm","county":"Kossuth","precinct":"LV SM","address":"109 DEWITT ST","city":"LUVERNE","zip":"50560","affiliation_source":""}},{"type":"Feature","geometry":{"type":"Point","coordinates":[-94.4219987379999,43.06461049500007]},"properties":{"name":"Whittemore Fire Station Gfwm","county":"Kossuth","precinct":"GF WM","address":"405 RAILROAD ST","city":"WHITTEMORE","zip":"50598","affiliation_source":""}},{"type":"Feature","geometry":{"type":"Point","coordinates":[-94.4219987379999,43.06461049500007]},"properties":{"name":"Whittemore Fire Station Lc","county":"Kossuth","precinct":"LC","address":"405 RAILROAD ST","city":"WHITTEMORE","zip":"50598","affiliation_source":""}},{"type":"Feature","geometry":{"type":"Point","coordinates":[-93.98984087699995,43.088382626000055]},"properties":{"name":"Wesley Community Center","county":"Kossuth","precinct":"PR WL","address":"205 MAIN ST","city":"WESLEY","zip":"50483","affiliation_source":""}},{"type":"Feature","geometry":{"type":"Point","coordinates":[-94.2109283609999,43.292978247000065]},"properties":{"name":"North Kossuth Golf Club Gmrm","county":"Kossuth","precinct":"GM RM","address":"505 RAMSEY ST E","city":"BANCROFT","zip":"50517","affiliation_source":""}},{"type":"Feature","geometry":{"type":"Point","coordinates":[-94.2109283609999,43.292978247000065]},"properties":{"name":"North Kossuth Golf Club Gwsn","county":"Kossuth","precinct":"GW SN","address":"505 RAMSEY ST E","city":"BANCROFT","zip":"50517","affiliation_source":""}},{"type":"Feature","geometry":{"type":"Point","coordinates":[-94.0412829039999,43.23718678900008]},"properties":{"name":"Titonka Community Center","county":"Kossuth","precinct":"BF PT","address":"224 MAIN ST N","city":"TITONKA","zip":"50480","affiliation_source":""}},{"type":"Feature","geometry":{"type":"Point","coordinates":[-94.21901591299991,43.08009183000007]},"properties":{"name":"Kc Hall Al1","county":"Kossuth","precinct":"AL1","address":"1501 E WALNUT ST","city":"ALGONA","zip":"50511","affiliation_source":""}},{"type":"Feature","geometry":{"type":"Point","coordinates":[-94.21901591299991,43.08009183000007]},"properties":{"name":"Kc Hall Al2","county":"Kossuth","precinct":"AL2","address":"1501 E WALNUT","city":"ALGONA","zip":"50511","affiliation_source":""}},{"type":"Feature","geometry":{"type":"Point","coordinates":[-94.21901591299991,43.08009183000007]},"properties":{"name":"Kc Hall Al3","county":"Kossuth","precinct":"AL3","address":"1501 E WALNUT","city":"ALGONA","zip":"50511","affiliation_source":""}},{"type":"Feature","geometry":{"type":"Point","coordinates":[-94.21901591299991,43.08009183000007]},"properties":{"name":"Kc Hall Al4","county":"Kossuth","precinct":"AL4","address":"1501 E WALNUT ST","city":"ALGONA","zip":"50511","affiliation_source":""}},{"type":"Feature","geometry":{"type":"Point","coordinates":[-94.21901591299991,43.08009183000007]},"properties":{"name":"Kc Hall Cr1","county":"Kossuth","precinct":"CR 1","address":"1501 E WALNUT","city":"ALGONA","zip":"50511","affiliation_source":""}},{"type":"Feature","geometry":{"type":"Point","coordinates":[-94.21901591299991,43.08009183000007]},"properties":{"name":"Kc Hall Cr2","county":"Kossuth","precinct":"CR 2","address":"1501 E WALNUT ST","city":"ALGONA","zip":"50511","affiliation_source":""}},{"type":"Feature","geometry":{"type":"Point","coordinates":[-94.21901591299991,43.08009183000007]},"properties":{"name":"Kc Hall Ivpc","county":"Kossuth","precinct":"IV PC","address":"1501 E WALNUT","city":"ALGONA","zip":"50511","affiliation_source":""}},{"type":"Feature","geometry":{"type":"Point","coordinates":[-94.09504143599992,43.37720750200003]},"properties":{"name":"Eagle Center - Lakota","county":"Kossuth","precinct":"HB LY LN SF","address":"401 SMITH ST","city":"LAKOTA","zip":"50451","affiliation_source":""}},{"type":"Feature","geometry":{"type":"Point","coordinates":[-94.23639809299993,43.08786869800008]},"properties":{"name":"Iowa Lakes Community College Pc","county":"Kossuth","precinct":"PC","address":"2111 HWY 169 N","city":"ALGONA","zip":"50511","affiliation_source":""}},{"type":"Feature","geometry":{"type":"Point","coordinates":[-94.23639809299993,43.08786869800008]},"properties":{"name":"Iowa Lakes Community College Un","county":"Kossuth","precinct":"UN","address":"2111 HWY 169 N","city":"ALGONA","zip":"50511","affiliation_source":""}},{"type":"Feature","geometry":{"type":"Point","coordinates":[-94.21815080899995,43.197625981000044]},"properties":{"name":"Burt Community Center","county":"Kossuth","precinct":"BT FT UN","address":"400 1ST ST","city":"BURT","zip":"50522","affiliation_source":""}},{"type":"Feature","geometry":{"type":"Point","coordinates":[-94.3097431249999,43.38392952300006]},"properties":{"name":"Swea City Library Meeting Room","county":"Kossuth","precinct":"EG GT HS SW","address":"208 3RD ST N","city":"SWEA CITY","zip":"50590","affiliation_source":""}},{"type":"Feature","geometry":{"type":"Point","coordinates":[-94.23857062399992,43.06886721900008]},"properties":{"name":"Kossuth County Courthouse Assembly Room Cr","county":"Kossuth","precinct":"CR IV RV","address":"114 W STATE ST","city":"ALGONA","zip":"50511","affiliation_source":""}},{"type":"Feature","geometry":{"type":"Point","coordinates":[-94.8512835219999,42.84965847700005]},"properties":{"name":"Laurens Municipal Building","county":"Pocahontas","precinct":"Swan Lake- N Marshall","address":"272 N 3RD ST","city":"LAURENS","zip":"50554","affiliation_source":""}},{"type":"Feature","geometry":{"type":"Point","coordinates":[-94.67876319499993,42.73587921200004]},"properties":{"name":"Pocahontas Fire Station","county":"Pocahontas","precinct":"Grant-S Marshall-S Sherman","address":"300 NW 7TH ST","city":"POCAHONTAS","zip":"50574","affiliation_source":""}},{"type":"Feature","geometry":{"type":"Point","coordinates":[-94.66897982899991,42.736490949000085]},"properties":{"name":"Pocahontas County Court House","county":"Pocahontas","precinct":"Pocahontas #1","address":"99 COURT SQ","city":"POCAHONTAS","zip":"50574","affiliation_source":""}},{"type":"Feature","geometry":{"type":"Point","coordinates":[-94.6698504609999,42.73442697400009]},"properties":{"name":"Pocahontas Public Library","county":"Pocahontas","precinct":"PH#2-Center-S Roosevelt-N Lincoln-N Lake-S Garfield","address":"14 2ND AVE NW","city":"POCAHONTAS","zip":"50574","affiliation_source":""}},{"type":"Feature","geometry":{"type":"Point","coordinates":[-94.8458866929999,42.58128399100008]},"properties":{"name":"Fonda Community Center","county":"Pocahontas","precinct":"Cedar-Colfax-Dover","address":"104 2ND ST","city":"FONDA","zip":"50540","affiliation_source":""}},{"type":"Feature","geometry":{"type":"Point","coordinates":[-94.60057922199991,42.63192787400004]},"properties":{"name":"Palmer Community Center","county":"Pocahontas","precinct":"Bellvile-Lizard-S Lincoln-S Lake","address":"415 HANSEN AVE","city":"PALMER","zip":"50571","affiliation_source":""}},{"type":"Feature","geometry":{"type":"Point","coordinates":[-94.52782019999995,42.812959387000035]},"properties":{"name":"Rolfe Community Center","county":"Pocahontas","precinct":"Des Moines-Cummins-Powhatan-N Garfield-N Sherman-N Roosevelt","address":"319 GARFIELD AVE","city":"ROLFE","zip":"50581","affiliation_source":""}},{"type":"Feature","geometry":{"type":"Point","coordinates":[-95.90886423899991,42.07337594400008]},"properties":{"name":"Castana Legion Hall","county":"Monona","precinct":"Castana Center Jordan","address":"111 THIRD ST","city":"CASTANA","zip":"51010","affiliation_source":""}},{"type":"Feature","geometry":{"type":"Point","coordinates":[-95.7910402739999,42.16589662200005]},"properties":{"name":"Mapleton City Office","county":"Monona","precinct":"Cooper Maple Mapleton","address":"513 MAIN ST","city":"MAPLETON","zip":"51034","affiliation_source":""}},{"type":"Feature","geometry":{"type":"Point","coordinates":[-96.15244379399991,42.12743416500007]},"properties":{"name":"Whiting City Office","county":"Monona","precinct":"Fairview Grant Lake Rodney West Fork Whiting","address":"605 WHITTIER ST","city":"WHITING","zip":"51063","affiliation_source":""}},{"type":"Feature","geometry":{"type":"Point","coordinates":[-95.85141470399992,41.921609370000056]},"properties":{"name":"Moorhead Community Bldg","county":"Monona","precinct":"Moorhead Soldier Soldier City Spring Valley Willow","address":"110 OAK AVE","city":"MOORHEAD","zip":"51558","affiliation_source":""}},{"type":"Feature","geometry":{"type":"Point","coordinates":[-96.10366780499993,42.034541309000076]},"properties":{"name":"Faith Lutheran Church","county":"Monona","precinct":"Onawa Ward 2 Franklin","address":"316 15TH ST","city":"ONAWA","zip":"51040","affiliation_source":""}},{"type":"Feature","geometry":{"type":"Point","coordinates":[-96.0817719339999,41.930413721000036]},"properties":{"name":"Blencoe Community Bldg","county":"Monona","precinct":"Sherman SE Franklin Blencoe Sioux","address":"413 MAIN ST","city":"BLENCOE","zip":"51523","affiliation_source":""}},{"type":"Feature","geometry":{"type":"Point","coordinates":[-95.70676210599993,42.05018609600006]},"properties":{"name":"Ute City Hall","county":"Monona","precinct":"St Clair Ute","address":"130 MAIN ST","city":"UTE","zip":"51060","affiliation_source":""}},{"type":"Feature","geometry":{"type":"Point","coordinates":[-96.0806919019999,42.026878013000044]},"properties":{"name":"Arboretum","county":"Monona","precinct":"Ashton Belvidere Kennebec Lincoln Franklin Turin","address":"318 E IOWA AVE","city":"ONAWA","zip":"51040","affiliation_source":""}},{"type":"Feature","geometry":{"type":"Point","coordinates":[-96.09772542099995,42.037050210000075]},"properties":{"name":"Onawa Community Center","county":"Monona","precinct":"Onawa Ward 1","address":"320 10TH ST","city":"ONAWA","zip":"51040","affiliation_source":""}},{"type":"Feature","geometry":{"type":"Point","coordinates":[-96.09184010399991,42.02670784600008]},"properties":{"name":"Courthouse Annex","county":"Monona","precinct":"Onawa Ward 4","address":"610 IOWA AVE","city":"ONAWA","zip":"51040","affiliation_source":""}},{"type":"Feature","geometry":{"type":"Point","coordinates":[-96.09611057099994,42.02534768500004]},"properties":{"name":"Onawa City Office","county":"Monona","precinct":"Onawa Ward 3","address":"914 DIAMOND ST","city":"ONAWA","zip":"51040","affiliation_source":""}},{"type":"Feature","geometry":{"type":"Point","coordinates":[-93.69469276299992,41.863235735000046]},"properties":{"name":"Sheldahl City Hall","county":"Polk","precinct":"Sheldahl 1 Union Twp (142)","address":"803 2ND ST","city":"SHELDAHL","zip":"50243","affiliation_source":""}},{"type":"Feature","geometry":{"type":"Point","coordinates":[-93.7145822629999,41.77129912000004]},"properties":{"name":"Polk City Community Building","county":"Polk","precinct":"Madison 1 (133)","address":"309 W. VAN DORN ST.","city":"POLK CITY","zip":"50226","affiliation_source":""}},{"type":"Feature","geometry":{"type":"Point","coordinates":[-93.7145822629999,41.77129912000004]},"properties":{"name":"Polk City Community Building","county":"Polk","precinct":"Polk City 1 (138)","address":"309 W VAN DORN ST","city":"POLK CITY","zip":"50226","affiliation_source":""}},{"type":"Feature","geometry":{"type":"Point","coordinates":[-95.17404059099994,41.31011794400007]},"properties":{"name":"Isu Farm-wallace Center","county":"Pottawattamie","precinct":"GLWCW","address":"53020 HITCHCOCK AVE","city":"LEWIS","zip":"51544","affiliation_source":""}},{"type":"Feature","geometry":{"type":"Point","coordinates":[-95.3394477469999,41.47700181400006]},"properties":{"name":"Avoca American Legion","county":"Pottawattamie","precinct":"Avoca","address":"112 N ELM ST","city":"AVOCA","zip":"51521","affiliation_source":""}},{"type":"Feature","geometry":{"type":"Point","coordinates":[-95.8586998969999,41.36372838500006]},"properties":{"name":"Crescent City Hall","county":"Pottawattamie","precinct":"Crescent","address":"102 W FLORENCE ST","city":"CRESCENT","zip":"51526","affiliation_source":""}},{"type":"Feature","geometry":{"type":"Point","coordinates":[-95.54580178399993,41.46418439100006]},"properties":{"name":"Minden United Church Of Christ","county":"Pottawattamie","precinct":"Minden","address":"106 LINCOLN","city":"MINDEN","zip":"51553","affiliation_source":""}},{"type":"Feature","geometry":{"type":"Point","coordinates":[-95.61744417199992,41.448878973000035]},"properties":{"name":"Neola Area Community Cntr","county":"Pottawattamie","precinct":"Neola","address":"110 4TH ST","city":"NEOLA","zip":"51559","affiliation_source":""}},{"type":"Feature","geometry":{"type":"Point","coordinates":[-95.40268888299994,41.30094646500004]},"properties":{"name":"Oakland Comm Center","county":"Pottawattamie","precinct":"Oakland","address":"614 DR VAN ZEE RD","city":"OAKLAND","zip":"51560","affiliation_source":""}},{"type":"Feature","geometry":{"type":"Point","coordinates":[-95.42260762599994,41.23448033400007]},"properties":{"name":"Carson Community Center","county":"Pottawattamie","precinct":"Carson","address":"316 S COMMERCIAL ST","city":"CARSON","zip":"51525","affiliation_source":""}},{"type":"Feature","geometry":{"type":"Point","coordinates":[-95.36234206199993,41.39108052500006]},"properties":{"name":"Hancock Fire Hall","county":"Pottawattamie","precinct":"Hancock","address":"WEST ENTRANCE","city":"HANCOCK","zip":"51536","affiliation_source":""}},{"type":"Feature","geometry":{"type":"Point","coordinates":[-95.4252603509999,41.19289806300009]},"properties":{"name":"Macedonia City Hall","county":"Pottawattamie","precinct":"Macedonia","address":"322 MAIN ST","city":"MACEDONIA","zip":"51549","affiliation_source":""}},{"type":"Feature","geometry":{"type":"Point","coordinates":[-95.68167599999992,41.330570496000064]},"properties":{"name":"Mcclelland Town Hall","county":"Pottawattamie","precinct":"McClelland","address":"117 MAIN ST","city":"MCCLELLAND","zip":"51548","affiliation_source":""}},{"type":"Feature","geometry":{"type":"Point","coordinates":[-95.78409959999993,41.23267843900004]},"properties":{"name":"First Christian Church","county":"Pottawattamie","precinct":"Lewis 1","address":"20794 HWY 92","city":"COUNCIL BLUFFS","zip":"51503","affiliation_source":""}},{"type":"Feature","geometry":{"type":"Point","coordinates":[-95.79913597799992,41.231929010000044]},"properties":{"name":"Salem Methodist Church","county":"Pottawattamie","precinct":"Lewis 2","address":"14955 SOMERSET AVE","city":"COUNCIL BLUFFS","zip":"51503","affiliation_source":""}},{"type":"Feature","geometry":{"type":"Point","coordinates":[-95.10409506899992,40.97825127600004]},"properties":{"name":"Stanton Community","county":"Montgomery","precinct":"6 West Grant Scott Twp Coburg Stanton","address":"205 BROAD AVE","city":"STANTON","zip":"51573","affiliation_source":""}},{"type":"Feature","geometry":{"type":"Point","coordinates":[-94.9772229059999,40.930357220000076]},"properties":{"name":"Villisca Community Center","county":"Montgomery","precinct":"7 Scott East Twp Villisca","address":"207 S 3RD AVE","city":"VILLISCA","zip":"50864","affiliation_source":""}},{"type":"Feature","geometry":{"type":"Point","coordinates":[-95.22681362299994,40.99826568700007]},"properties":{"name":"Gold Fair Building","county":"Montgomery","precinct":"Ward1 Pilot Grove Frankfort Ro Twp","address":"FAIRGROUNDS","city":"RED OAK","zip":"51566","affiliation_source":""}},{"type":"Feature","geometry":{"type":"Point","coordinates":[-95.23281071299994,41.02225214100008]},"properties":{"name":"Red Oak Fire Department","county":"Montgomery","precinct":"Ward2 Sherman Ro Twp","address":"1904 N BROADWAY","city":"RED OAK","zip":"51566","affiliation_source":""}},{"type":"Feature","geometry":{"type":"Point","coordinates":[-95.21116564999994,41.01622244200007]},"properties":{"name":"Red Oak First Christian Church","county":"Montgomery","precinct":"Ward3 Sherman Pilot Grove Frankfort Ro Twp","address":"1909 E SUMMIT ST","city":"RED OAK","zip":"51566","affiliation_source":""}},{"type":"Feature","geometry":{"type":"Point","coordinates":[-95.16259582099991,41.14928623000009]},"properties":{"name":"Elliott Community Building","county":"Montgomery","precinct":"4 Grfld Lncln Sher Pilot Grove Twp Elliott","address":"403 MAIN ST","city":"ELLIOTT","zip":"51532","affiliation_source":""}},{"type":"Feature","geometry":{"type":"Point","coordinates":[-94.98471462599991,41.14168975900009]},"properties":{"name":"Grant Fire Department","county":"Montgomery","precinct":"5 Pilot Grove Frankfort Douglas Wash Twp Grant","address":"106 U AVE","city":"GRANT","zip":"50847","affiliation_source":""}},{"type":"Feature","geometry":{"type":"Point","coordinates":[-95.74254180499992,41.04635835100004]},"properties":{"name":"Mills County Courthouse","county":"Mills","precinct":"Glenwood 1","address":"418 SHARP ST","city":"GLENWOOD","zip":"51534","affiliation_source":""}},{"type":"Feature","geometry":{"type":"Point","coordinates":[-95.74187687699992,41.04743316200006]},"properties":{"name":"American Legion Bldg 2 West","county":"Mills","precinct":"Glenwood 2","address":"1ST & VINE STREETS","city":"GLENWOOD","zip":"51534","affiliation_source":""}},{"type":"Feature","geometry":{"type":"Point","coordinates":[-95.74571202099992,41.03596307500004]},"properties":{"name":"Mills Co Engineer Facility","county":"Mills","precinct":"Glenwood Twp","address":"403 RAILROAD AVE","city":"GLENWOOD","zip":"51534","affiliation_source":""}},{"type":"Feature","geometry":{"type":"Point","coordinates":[-93.60641334799993,41.52528116600007]},"properties":{"name":"Christ Lutheran Church","county":"Polk","precinct":"Des Moines 076","address":"6411 SE 5TH ST.","city":"DES MOINES","zip":"50315","affiliation_source":""}},{"type":"Feature","geometry":{"type":"Point","coordinates":[-93.61994518599994,41.62874442200007]},"properties":{"name":"Highland Park American Legion Post 374","county":"Polk","precinct":"Des Moines 005","address":"3712 2ND AVE.","city":"DES MOINES","zip":"50316","affiliation_source":""}},{"type":"Feature","geometry":{"type":"Point","coordinates":[-93.61140410699994,41.63518041300006]},"properties":{"name":"True Bible Baptist Church","county":"Polk","precinct":"Des Moines 006","address":"4101 AMHERST ST.","city":"DES MOINES","zip":"50313","affiliation_source":""}},{"type":"Feature","geometry":{"type":"Point","coordinates":[-93.62197071399993,41.62772807600004]},"properties":{"name":"Highland Park Presbyterian Church","county":"Polk","precinct":"Des Moines 019","address":"321 EUCLID AVE.","city":"DES MOINES","zip":"50313","affiliation_source":""}},{"type":"Feature","geometry":{"type":"Point","coordinates":[-93.6477695079999,41.62772807600004]},"properties":{"name":"Polk County River Place","county":"Polk","precinct":"Des Moines 008","address":"2309 EUCLID AVE.","city":"DES MOINES","zip":"50310","affiliation_source":""}},{"type":"Feature","geometry":{"type":"Point","coordinates":[-93.6477695079999,41.62772807600004]},"properties":{"name":"Polk County River Place","county":"Polk","precinct":"Des Moines 017","address":"2309 EUCLID AVE.","city":"DES MOINES","zip":"50310","affiliation_source":""}},{"type":"Feature","geometry":{"type":"Point","coordinates":[-93.65300220699993,41.62768801500005]},"properties":{"name":"Prince Of Peace Lutheran Church","county":"Polk","precinct":"Des Moines 024","address":"2600 E. EUCLID AVE.","city":"DES MOINES","zip":"50310","affiliation_source":""}},{"type":"Feature","geometry":{"type":"Point","coordinates":[-93.61998699899993,41.623420313000054]},"properties":{"name":"Mount Olive Missionary Baptist Church","county":"Polk","precinct":"Des Moines 020","address":"3100 2ND AVE.","city":"DES MOINES","zip":"50313","affiliation_source":""}},{"type":"Feature","geometry":{"type":"Point","coordinates":[-93.6317843949999,41.60832099600009]},"properties":{"name":"John R. Grubb Ymca","county":"Polk","precinct":"Des Moines 018","address":"1611 11TH ST.","city":"DES MOINES","zip":"50314","affiliation_source":""}},{"type":"Feature","geometry":{"type":"Point","coordinates":[-93.6317843949999,41.60832099600009]},"properties":{"name":"John R. Grubb Ymca","county":"Polk","precinct":"Des Moines 035","address":"1611 11TH ST.","city":"DES MOINES","zip":"50314","affiliation_source":""}},{"type":"Feature","geometry":{"type":"Point","coordinates":[-93.70254780099992,41.61515910400004]},"properties":{"name":"Westover Baptist Church","county":"Polk","precinct":"Des Moines 013","address":"2330 62ND ST.","city":"DES MOINES","zip":"50322","affiliation_source":""}},{"type":"Feature","geometry":{"type":"Point","coordinates":[-93.6900475939999,41.62273964800005]},"properties":{"name":"Grace Lutheran Church","county":"Polk","precinct":"Des Moines 014","address":"3010 52ND ST.","city":"DES MOINES","zip":"50310","affiliation_source":""}},{"type":"Feature","geometry":{"type":"Point","coordinates":[-93.6743515309999,41.62069765600006]},"properties":{"name":"Acanthus Lodge #632","county":"Polk","precinct":"Des Moines 016","address":"4133 URBANDALE AVE.","city":"DES MOINES","zip":"50310","affiliation_source":""}},{"type":"Feature","geometry":{"type":"Point","coordinates":[-93.66424996599994,41.60401323200006]},"properties":{"name":"St Lukes Episcopal Church","county":"Polk","precinct":"Des Moines 040","address":"3424 FOREST AVE.","city":"DES MOINES","zip":"50311","affiliation_source":""}},{"type":"Feature","geometry":{"type":"Point","coordinates":[-93.67310675499994,41.61424067300004]},"properties":{"name":"First Church Of The Open Bible","county":"Polk","precinct":"Des Moines 039","address":"2200 BEAVER AVE.","city":"DES MOINES","zip":"50310","affiliation_source":""}},{"type":"Feature","geometry":{"type":"Point","coordinates":[-93.67469069799995,41.614852572000075]},"properties":{"name":"Calvin Community","county":"Polk","precinct":"Des Moines 041","address":"4210 HICKMAN RD.","city":"DES MOINES","zip":"50310","affiliation_source":""}},{"type":"Feature","geometry":{"type":"Point","coordinates":[-93.6964017599999,41.61122880000005]},"properties":{"name":"Christ United Methodist Church","county":"Polk","precinct":"Des Moines 042","address":"5723 FRANKLIN AVE.","city":"DES MOINES","zip":"50311","affiliation_source":""}},{"type":"Feature","geometry":{"type":"Point","coordinates":[-93.68849045899992,41.64398358800008]},"properties":{"name":"Meredith Drive Reformed Church","county":"Polk","precinct":"Webster 1 (155)","address":"5128  MEREDITH DR","city":"DES MOINES","zip":"50310","affiliation_source":""}},{"type":"Feature","geometry":{"type":"Point","coordinates":[-95.89650906199995,41.26456624000008]},"properties":{"name":"Dodge Memorial Church","county":"Pottawattamie","precinct":"Council Bluffs 02","address":"3200 AVE C","city":"COUNCIL BLUFFS","zip":"51501","affiliation_source":""}},{"type":"Feature","geometry":{"type":"Point","coordinates":[-95.88486000199993,41.26621279200003]},"properties":{"name":"Peace Church Brethren","county":"Pottawattamie","precinct":"Council Bluffs 03","address":"2605 AVENUE E","city":"COUNCIL BLUFFS","zip":"51501","affiliation_source":""}},{"type":"Feature","geometry":{"type":"Point","coordinates":[-95.88128068899994,41.26366263300008]},"properties":{"name":"Epworth Meth","county":"Pottawattamie","precinct":"Council Bluffs 04","address":"2447 AVE B","city":"COUNCIL BLUFFS","zip":"51501","affiliation_source":""}},{"type":"Feature","geometry":{"type":"Point","coordinates":[-95.88128068899994,41.26366263300008]},"properties":{"name":"Epworth Meth","county":"Pottawattamie","precinct":"Council Bluffs 05","address":"2447 AVE B","city":"COUNCIL BLUFFS","zip":"51501","affiliation_source":""}},{"type":"Feature","geometry":{"type":"Point","coordinates":[-95.84658081599991,41.26407639300004]},"properties":{"name":"Community Of Christ Church","county":"Pottawattamie","precinct":"Council Bluffs 07","address":"140 W KANESVILLE BLVD","city":"COUNCIL BLUFFS","zip":"51503","affiliation_source":""}},{"type":"Feature","geometry":{"type":"Point","coordinates":[-95.89886023299994,41.25802850700006]},"properties":{"name":"Queen Of Apostles Church","county":"Pottawattamie","precinct":"Council Bluffs 16","address":"3304 4TH AVE","city":"COUNCIL BLUFFS","zip":"51501","affiliation_source":""}},{"type":"Feature","geometry":{"type":"Point","coordinates":[-95.89886023299994,41.25802850700006]},"properties":{"name":"Queen Of Apostles Church","county":"Pottawattamie","precinct":"Council Bluffs 17","address":"3304 4TH AVE","city":"COUNCIL BLUFFS","zip":"51501","affiliation_source":""}},{"type":"Feature","geometry":{"type":"Point","coordinates":[-91.59379392099993,42.02297118900009]},"properties":{"name":"-marion School Admin Bldg","county":"Linn","precinct":"Marion 04","address":"777   S 15TH ST","city":"MARION","zip":"52302","affiliation_source":""}},{"type":"Feature","geometry":{"type":"Point","coordinates":[-91.57432972999993,42.05044833200009]},"properties":{"name":"-lutheran Church Of The Resurrection","county":"Linn","precinct":"Marion 05","address":"3500 29TH AVE","city":"MARION","zip":"52302","affiliation_source":""}},{"type":"Feature","geometry":{"type":"Point","coordinates":[-91.58152798399993,42.03890152100007]},"properties":{"name":"-first Baptist Church Of Marion","county":"Linn","precinct":"Marion 06","address":"1260   29TH ST","city":"MARION","zip":"52302","affiliation_source":""}},{"type":"Feature","geometry":{"type":"Point","coordinates":[-91.58353384399993,42.03519050400007]},"properties":{"name":"-st. Paul's Lutheran Church","county":"Linn","precinct":"Marion 07","address":"915 27TH ST","city":"MARION","zip":"52302","affiliation_source":""}},{"type":"Feature","geometry":{"type":"Point","coordinates":[-91.56304749299994,42.03904021800008]},"properties":{"name":"-squaw Creek Baptist Church","county":"Linn","precinct":"Marion 08","address":"1410   44TH ST","city":"MARION","zip":"52302","affiliation_source":""}},{"type":"Feature","geometry":{"type":"Point","coordinates":[-91.55200069099993,42.042937718000076]},"properties":{"name":"Tmar-knights Of Columbus Hall Council 5390","county":"Linn","precinct":"Marion Township","address":"5650   KACENA AVE","city":"MARION","zip":"52302","affiliation_source":""}},{"type":"Feature","geometry":{"type":"Point","coordinates":[-91.58786025599994,42.020388395000055]},"properties":{"name":"-ascension Church","county":"Linn","precinct":"Marion 09","address":"2210 GRAND AVE","city":"MARION","zip":"52302","affiliation_source":""}},{"type":"Feature","geometry":{"type":"Point","coordinates":[-91.5694529029999,42.03565266600003]},"properties":{"name":"-marion Fire Dept Hq","county":"Linn","precinct":"Marion 10","address":"3933   KATZ DR","city":"MARION","zip":"52302","affiliation_source":""}},{"type":"Feature","geometry":{"type":"Point","coordinates":[-91.69701211799992,42.103307631000064]},"properties":{"name":"-king Of Kings Lutheran Church","county":"Linn","precinct":"Hiawatha 04","address":"3275 N CENTER POINT RD","city":"ROBINS","zip":"52328","affiliation_source":""}},{"type":"Feature","geometry":{"type":"Point","coordinates":[-91.66717741499991,42.07064213800004]},"properties":{"name":"Rob-robins Community Center","county":"Linn","precinct":"Robins","address":"265  S 2ND ST","city":"ROBINS","zip":"52328","affiliation_source":""}},{"type":"Feature","geometry":{"type":"Point","coordinates":[-91.69701211799992,42.103307631000064]},"properties":{"name":"Tmon1-king Of Kings Lutheran Church","county":"Linn","precinct":"Monroe Township 01","address":"3275  N CENTER POINT RD","city":"ROBINS","zip":"52328","affiliation_source":""}},{"type":"Feature","geometry":{"type":"Point","coordinates":[-91.69364142099994,42.03472855200005]},"properties":{"name":"Community Of Christ","county":"Linn","precinct":"Cedar Rapids 11","address":"1500 BLAIRSFERRY RD","city":"HIAWATHA","zip":"52233","affiliation_source":""}},{"type":"Feature","geometry":{"type":"Point","coordinates":[-91.68151797799993,42.036840881000046]},"properties":{"name":"-hope United Church Of Christ","county":"Linn","precinct":"Hiawatha 01","address":"150   9TH AVE","city":"HIAWATHA","zip":"52233","affiliation_source":""}},{"type":"Feature","geometry":{"type":"Point","coordinates":[-95.46089730199992,41.02628109700004]},"properties":{"name":"Indian Creek Museum - Dr","county":"Mills","precinct":"Deer Creek White Cloud","address":"59256 380TH ST","city":"HASTINGS","zip":"51540","affiliation_source":""}},{"type":"Feature","geometry":{"type":"Point","coordinates":[-95.46089730199992,41.02628109700004]},"properties":{"name":"Indian Creek Museum - Em","county":"Mills","precinct":"Emerson Hastings Ind Crk Twp","address":"59256 380TH ST","city":"HASTINGS","zip":"51540","affiliation_source":""}},{"type":"Feature","geometry":{"type":"Point","coordinates":[-95.7257997779999,41.05188482500006]},"properties":{"name":"American Legion Bldg 3 East","county":"Mills","precinct":"Glenwood 3","address":"1ST & VINE STREETS","city":"GLENWOOD","zip":"51534","affiliation_source":""}},{"type":"Feature","geometry":{"type":"Point","coordinates":[-95.43053083399991,41.139763154000036]},"properties":{"name":"Henderson City Hall","county":"Mills","precinct":"Henderson Anderson Twp","address":"310 MAPLE STREET","city":"HENDERSON","zip":"51541","affiliation_source":""}},{"type":"Feature","geometry":{"type":"Point","coordinates":[-95.58512526099992,41.00345808800006]},"properties":{"name":"Malvern Public Library","county":"Mills","precinct":"Malvern Tabor Sil/Cen/Raw","address":"502 MAIN ST","city":"MALVERN","zip":"51551","affiliation_source":""}},{"type":"Feature","geometry":{"type":"Point","coordinates":[-95.69301068499993,41.14314316400004]},"properties":{"name":"St. John Lutheran Church","county":"Mills","precinct":"Oak Saint Mary Twp","address":"603 MAIN ST","city":"MINEOLA","zip":"51554","affiliation_source":""}},{"type":"Feature","geometry":{"type":"Point","coordinates":[-95.80045889399992,41.01853050700004]},"properties":{"name":"Pacific Jct Community Center","county":"Mills","precinct":"Pacific Junction Ly/Platt","address":"407 LINCOLN","city":"PACIFIC JCT","zip":"51561","affiliation_source":""}},{"type":"Feature","geometry":{"type":"Point","coordinates":[-95.63739438399995,41.112710261000075]},"properties":{"name":"Silver City American Legion","county":"Mills","precinct":"Silver City Ingraham Twp","address":"403 MAIN ST","city":"SILVER CITY","zip":"51571","affiliation_source":""}},{"type":"Feature","geometry":{"type":"Point","coordinates":[-94.01079807699995,41.33542494500006]},"properties":{"name":"Wt.united Methodist Church","county":"Madison","precinct":"Wt2","address":"304 E JEFFERSON ST.","city":"WINTERSET","zip":"50273","affiliation_source":""}},{"type":"Feature","geometry":{"type":"Point","coordinates":[-94.0157098869999,41.33755247700009]},"properties":{"name":"North Ward Plaza","county":"Madison","precinct":"Wt1","address":"415 N 2ND AVE","city":"WINTERSET","zip":"50273","affiliation_source":""}},{"type":"Feature","geometry":{"type":"Point","coordinates":[-94.1222400339999,41.49154284600007]},"properties":{"name":"Earlham Community Ctr","county":"Madison","precinct":"Penn-Mad","address":"150 E 1ST ST","city":"EARLHAM","zip":"50072","affiliation_source":""}},{"type":"Feature","geometry":{"type":"Point","coordinates":[-93.87332099899993,41.476301222000075]},"properties":{"name":"Lee Township School","county":"Madison","precinct":"Jeff-Lee","address":"2933 120TH ST","city":"VAN METER","zip":"50261","affiliation_source":""}},{"type":"Feature","geometry":{"type":"Point","coordinates":[-94.02874826499993,41.33022817500006]},"properties":{"name":"Jackson Bldg","county":"Madison","precinct":"Jack-Doug-Linc","address":"1146 W. SUMMIT","city":"WINTERSET","zip":"50273","affiliation_source":""}},{"type":"Feature","geometry":{"type":"Point","coordinates":[-94.02874826499993,41.33022817500006]},"properties":{"name":"Jackson Bldg","county":"Madison","precinct":"Union-Craw-Scott","address":"1146 W SUMMIT ST","city":"WINTERSET","zip":"50273","affiliation_source":""}},{"type":"Feature","geometry":{"type":"Point","coordinates":[-93.80889865099994,41.28849778000006]},"properties":{"name":"St. Charles Parish Hall","county":"Madison","precinct":"South","address":"305 W MAIN ST","city":"ST CHARLES","zip":"50273","affiliation_source":""}},{"type":"Feature","geometry":{"type":"Point","coordinates":[-94.18518622199991,41.21397753000008]},"properties":{"name":"Wrc","county":"Madison","precinct":"GrandR-Monro-Webst","address":"110 W SOUTH ST.","city":"MACKSBURG","zip":"50155","affiliation_source":""}},{"type":"Feature","geometry":{"type":"Point","coordinates":[-93.84286651699995,41.20792106500005]},"properties":{"name":"Truro Community Center","county":"Madison","precinct":"Walnut-Ohio","address":"100 S. RAILROAD","city":"TRURO","zip":"50257","affiliation_source":""}},{"type":"Feature","geometry":{"type":"Point","coordinates":[-93.48515027699995,41.644043030000034]},"properties":{"name":"Adventure Life Reformed Church","county":"Polk","precinct":"Altoona 3 (89)","address":"1700 8TH STREET, SW","city":"ALTOONA","zip":"50009","affiliation_source":""}},{"type":"Feature","geometry":{"type":"Point","coordinates":[-93.48198209399993,41.64405239700005]},"properties":{"name":"Altoona Campus","county":"Polk","precinct":"Altoona 2 (88)","address":"1500 8TH ST., SW","city":"ALTOONA","zip":"50009","affiliation_source":""}},{"type":"Feature","geometry":{"type":"Point","coordinates":[-93.46039112799991,41.644088485000054]},"properties":{"name":"Altoona City Hall","county":"Polk","precinct":"Altoona 1 (87)","address":"407 8TH ST SE","city":"ALTOONA","zip":"50009","affiliation_source":""}},{"type":"Feature","geometry":{"type":"Point","coordinates":[-93.46457280999994,41.63719043000009]},"properties":{"name":"Ss John & Paul Catholic Fd Center","county":"Polk","precinct":"Altoona 4 (90)","address":"1401 1ST AVENUE, S.","city":"ALTOONA","zip":"50009","affiliation_source":""}},{"type":"Feature","geometry":{"type":"Point","coordinates":[-93.46464898099993,41.63700219700007]},"properties":{"name":"Altoona Christian Church","county":"Polk","precinct":"Altoona 5 (91)","address":"2890 1ST AVENUE, S.","city":"ALTOONA","zip":"50009","affiliation_source":""}},{"type":"Feature","geometry":{"type":"Point","coordinates":[-93.46464898099993,41.63700219700007]},"properties":{"name":"Altoona Christian Church","county":"Polk","precinct":"Clay 1 (109)","address":"2890 1ST AVENUE, S","city":"ALTOONA","zip":"50009","affiliation_source":""}},{"type":"Feature","geometry":{"type":"Point","coordinates":[-93.4987025449999,41.52205373800007]},"properties":{"name":"Clearwater Lake Clubhouse","county":"Polk","precinct":"Allen 1(86)","address":"5701 SE 66TH PL","city":"CARLISLE","zip":"50047","affiliation_source":""}},{"type":"Feature","geometry":{"type":"Point","coordinates":[-93.5269376789999,41.792899797000075]},"properties":{"name":"Elkhart Veterans Memorial Community Center","county":"Polk","precinct":"Elkhart 1 (119)","address":"264 NW GARFIELD AVE.","city":"ELKHART","zip":"50073","affiliation_source":""}},{"type":"Feature","geometry":{"type":"Point","coordinates":[-93.35808358399993,41.66870169500004]},"properties":{"name":"Mitchellville City Hall","county":"Polk","precinct":"Mitchellville 1 (134)","address":"204 CENTER AVENUE, NORTH","city":"MITCHELLVILLE","zip":"50169","affiliation_source":""}},{"type":"Feature","geometry":{"type":"Point","coordinates":[-93.3576796079999,41.51038120800007]},"properties":{"name":"Runnells Community Center","county":"Polk","precinct":"Runnells 1 (139)","address":"108 BROWN ST","city":"RUNNELLS","zip":"50237","affiliation_source":""}},{"type":"Feature","geometry":{"type":"Point","coordinates":[-93.42725072099995,41.79114801900005]},"properties":{"name":"Chichaqua Bottoms Greenbelt Longhouse","county":"Polk","precinct":"Washington 1 (154)","address":"8700 NE 126TH AVENUE","city":"MAXWELL","zip":"50161","affiliation_source":""}},{"type":"Feature","geometry":{"type":"Point","coordinates":[-93.46191807399993,41.70299005700008]},"properties":{"name":"Bondurant City Center","county":"Polk","precinct":"Bondurant 1 (107)","address":"200 2ND ST NE","city":"BONDURANT","zip":"50035","affiliation_source":""}},{"type":"Feature","geometry":{"type":"Point","coordinates":[-93.46330725999991,41.69807072700007]},"properties":{"name":"Bondurant Christian Church","county":"Polk","precinct":"Bondurant 2 (108)","address":"304 GRANT ST. S.","city":"BONDURANT","zip":"50035","affiliation_source":""}},{"type":"Feature","geometry":{"type":"Point","coordinates":[-93.47045073399994,41.70291346500005]},"properties":{"name":"Bondurant American Legion Post #396","county":"Polk","precinct":"Franklin 1 (121)","address":"315 2ND ST. NW","city":"BONDURANT","zip":"50035","affiliation_source":""}},{"type":"Feature","geometry":{"type":"Point","coordinates":[-93.47200670399991,41.56007078300007]},"properties":{"name":"Woodland Hills Church Of Christ","county":"Polk","precinct":"Four Mile 1 (120)","address":"2484 SE 68TH ST.","city":"PLEASANT HILL","zip":"50327","affiliation_source":""}},{"type":"Feature","geometry":{"type":"Point","coordinates":[-93.56491033299994,41.63326313200008]},"properties":{"name":"Staves United Methodist Church","county":"Polk","precinct":"Des Moines 003","address":"2747 E. MADISON AVE.","city":"DES MOINES","zip":"50317","affiliation_source":""}},{"type":"Feature","geometry":{"type":"Point","coordinates":[-93.6041481709999,41.61514215100004]},"properties":{"name":"Union Park United Methodist Church","county":"Polk","precinct":"Des Moines 004","address":"2305 E. 12TH ST.","city":"DES MOINES","zip":"50317","affiliation_source":""}},{"type":"Feature","geometry":{"type":"Point","coordinates":[-93.60426063299991,41.620413270000086]},"properties":{"name":"Luther Memorial Church","county":"Polk","precinct":"Des Moines 021","address":"1201 GRANDVIEW AVE.","city":"DES MOINES","zip":"50316","affiliation_source":""}},{"type":"Feature","geometry":{"type":"Point","coordinates":[-93.6041481709999,41.61514215100004]},"properties":{"name":"Union Park United Methodist Church","county":"Polk","precinct":"Des Moines 022","address":"2305 E. 12TH ST.","city":"DES MOINES","zip":"50316","affiliation_source":""}},{"type":"Feature","geometry":{"type":"Point","coordinates":[-93.56944770299992,41.60143044000006]},"properties":{"name":"Salvation Army Community Center","county":"Polk","precinct":"Des Moines 025","address":"1216 E. 25TH CT.","city":"DES MOINES","zip":"50317","affiliation_source":""}},{"type":"Feature","geometry":{"type":"Point","coordinates":[-93.56791154799993,41.611953923000044]},"properties":{"name":"East Des Moines Public Library","county":"Polk","precinct":"Des Moines 026","address":"2559 HUBBELL AVE.","city":"DES MOINES","zip":"50317","affiliation_source":""}},{"type":"Feature","geometry":{"type":"Point","coordinates":[-93.60316387599994,41.59587036000005]},"properties":{"name":"Wesley United Methodist Church","county":"Polk","precinct":"Des Moines 033","address":"800 E. 12TH ST.","city":"DES MOINES","zip":"50316","affiliation_source":""}},{"type":"Feature","geometry":{"type":"Point","coordinates":[-93.6064362599999,41.59301953700009]},"properties":{"name":"Calvary Chapel Des Moines","county":"Polk","precinct":"Des Moines 047","address":"606 E. 9TH ST.","city":"DES MOINES","zip":"50309","affiliation_source":""}},{"type":"Feature","geometry":{"type":"Point","coordinates":[-93.53205431399994,41.63119083600009]},"properties":{"name":"Hope Lutheran Church","county":"Polk","precinct":"Des Moines 001","address":"3857 E. 42ND ST","city":"DES MOINES","zip":"50317","affiliation_source":""}},{"type":"Feature","geometry":{"type":"Point","coordinates":[-93.53205431399994,41.63119083600009]},"properties":{"name":"Hope Lutheran Church","county":"Polk","precinct":"Des Moines 002","address":"3857 E 42ND ST.","city":"DES MOINES","zip":"50317","affiliation_source":""}},{"type":"Feature","geometry":{"type":"Point","coordinates":[-93.5611643499999,41.616871253000056]},"properties":{"name":"Grandview Golf Course Clubhouse","county":"Polk","precinct":"Des Moines 027","address":"2401 E. 29TH ST.","city":"DES MOINES","zip":"50317","affiliation_source":""}},{"type":"Feature","geometry":{"type":"Point","coordinates":[-93.5418878079999,41.623000725000054]},"properties":{"name":"New Testament Baptist Church","county":"Polk","precinct":"Des Moines 028","address":"3020 E. 38TH ST.","city":"DES MOINES","zip":"50317","affiliation_source":""}},{"type":"Feature","geometry":{"type":"Point","coordinates":[-93.5351406119999,41.61879785800005]},"properties":{"name":"Sheridan Park Methodist Church","county":"Polk","precinct":"Delaware 2 (117)","address":"4100 E. SHERIDAN AVE.","city":"DES MOINES","zip":"50317","affiliation_source":""}},{"type":"Feature","geometry":{"type":"Point","coordinates":[-93.5351406119999,41.61879785800005]},"properties":{"name":"Sheridan Park Methodist Church","county":"Polk","precinct":"Des Moines 029","address":"4100 E. SHERIDAN AVE","city":"DES MOINES","zip":"50317","affiliation_source":""}},{"type":"Feature","geometry":{"type":"Point","coordinates":[-93.5423307069999,41.61490385500008]},"properties":{"name":"Four Mile Community Center","county":"Polk","precinct":"Des Moines 030","address":"3711 EASTON BLVD.","city":"DES MOINES","zip":"50317","affiliation_source":""}},{"type":"Feature","geometry":{"type":"Point","coordinates":[-93.56286018299994,41.59135335000008]},"properties":{"name":"Veterans Of Foreign Wars Post #738","county":"Polk","precinct":"Des Moines 031","address":"2801 DEAN AVE.","city":"DES MOINES","zip":"50317","affiliation_source":""}},{"type":"Feature","geometry":{"type":"Point","coordinates":[-93.5888153279999,41.59641526100006]},"properties":{"name":"St Peters Church Hall","county":"Polk","precinct":"Des Moines 023","address":"1746 DES MOINES ST.","city":"DES MOINES","zip":"50317","affiliation_source":""}},{"type":"Feature","geometry":{"type":"Point","coordinates":[-93.5888153279999,41.59641526100006]},"properties":{"name":"St Peters Church Hall","county":"Polk","precinct":"Des Moines 032","address":"1746 DES MOINES ST.","city":"DES MOINES","zip":"50316","affiliation_source":""}},{"type":"Feature","geometry":{"type":"Point","coordinates":[-93.50309346299991,41.59457834500006]},"properties":{"name":"Oakwood United Methodist Church","county":"Polk","precinct":"Pleasant Hill 2 (136)","address":"400 NE 56TH ST.","city":"PLEASANT HILL","zip":"50327","affiliation_source":""}},{"type":"Feature","geometry":{"type":"Point","coordinates":[-93.5146204589999,41.59786278200005]},"properties":{"name":"Pleasant Hill South Complex","county":"Polk","precinct":"Pleasant Hill 1 (135)","address":"5151 MAPLE DR.","city":"PLEASANT HILL","zip":"50327","affiliation_source":""}},{"type":"Feature","geometry":{"type":"Point","coordinates":[-93.51674344399993,41.58324627500008]},"properties":{"name":"Youth Center Doanes Park","county":"Polk","precinct":"Pleasant Hill 3 (137)","address":"5050 DOANES PARK RD.","city":"PLEASANT HILL","zip":"50327","affiliation_source":""}},{"type":"Feature","geometry":{"type":"Point","coordinates":[-93.56748373599993,41.547960474000035]},"properties":{"name":"Living Hope Community Church","county":"Polk","precinct":"Des Moines 050","address":"2620 E. WATROUS AVE.","city":"DES MOINES","zip":"50322","affiliation_source":""}},{"type":"Feature","geometry":{"type":"Point","coordinates":[-93.56677050399992,41.54794820600006]},"properties":{"name":"Living Hope Community Church","county":"Polk","precinct":"Des Moines 051","address":"2620 E. WATROUS AVE.","city":"DES MOINES","zip":"50320","affiliation_source":""}},{"type":"Feature","geometry":{"type":"Point","coordinates":[-93.57741403599994,41.55698098900007]},"properties":{"name":"River Woods School","county":"Polk","precinct":"Des Moines 052","address":"2929 SE 22ND ST.","city":"DES MOINES","zip":"50320","affiliation_source":""}},{"type":"Feature","geometry":{"type":"Point","coordinates":[-93.57619140499992,41.550054301000046]},"properties":{"name":"Evergreen Church Of Christ","county":"Polk","precinct":"Des Moines 071","address":"2215 EVERGREEN AVE.","city":"DES MOINES","zip":"50320","affiliation_source":""}},{"type":"Feature","geometry":{"type":"Point","coordinates":[-93.60521402799992,41.57484958200007]},"properties":{"name":"Fellowship Baptist Church","county":"Polk","precinct":"Des Moines 048","address":"1503 SE 6TH ST.","city":"DES MOINES","zip":"50315","affiliation_source":""}},{"type":"Feature","geometry":{"type":"Point","coordinates":[-93.60521402799992,41.57484958200007]},"properties":{"name":"Fellowship Baptist Church","county":"Polk","precinct":"Des Moines 049","address":"1503 SE 6TH ST.","city":"DES MOINES","zip":"50315","affiliation_source":""}},{"type":"Feature","geometry":{"type":"Point","coordinates":[-93.61469903299991,41.573265639000056]},"properties":{"name":"Bellizzi Mac Rae American Legion Post #659","county":"Polk","precinct":"Des Moines 054","address":"1813 SE 1ST ST.","city":"DES MOINES","zip":"50315","affiliation_source":""}},{"type":"Feature","geometry":{"type":"Point","coordinates":[-93.61469903299991,41.573265639000056]},"properties":{"name":"Bellizzi Mac Rae American Legion Post #659","county":"Polk","precinct":"Des Moines 067","address":"1813 SE 1ST ST.","city":"DES MOINES","zip":"50315","affiliation_source":""}},{"type":"Feature","geometry":{"type":"Point","coordinates":[-93.60661731399995,41.56840075700006]},"properties":{"name":"Pioneer Columbus Community Center","county":"Polk","precinct":"Des Moines 053","address":"2100 SE 5TH ST.","city":"DES MOINES","zip":"50315","affiliation_source":""}},{"type":"Feature","geometry":{"type":"Point","coordinates":[-93.60256363399992,41.555800317000035]},"properties":{"name":"Indianola Heights Christian Church","county":"Polk","precinct":"Des Moines 069","address":"3139 SE 8TH ST.","city":"DES MOINES","zip":"50315","affiliation_source":""}},{"type":"Feature","geometry":{"type":"Point","coordinates":[-93.60256363399992,41.555800317000035]},"properties":{"name":"Indianola Heights Christian Church","county":"Polk","precinct":"Des Moines 070","address":"3139 SE 8TH ST.","city":"DES MOINES","zip":"50315","affiliation_source":""}},{"type":"Feature","geometry":{"type":"Point","coordinates":[-93.58160058499993,41.52625787200009]},"properties":{"name":"New Hope Open Bible Church","county":"Polk","precinct":"Des Moines 073","address":"1990 E. ARMY POST RD.","city":"DES MOINES","zip":"50320","affiliation_source":""}},{"type":"Feature","geometry":{"type":"Point","coordinates":[-93.57748746399994,41.530041150000045]},"properties":{"name":"Bloomfield United Methodist Church","county":"Polk","precinct":"Des Moines 075","address":"5930 INDIANOLA AVE.","city":"DES MOINES","zip":"50320","affiliation_source":""}},{"type":"Feature","geometry":{"type":"Point","coordinates":[-93.62857222199995,41.59519373900008]},"properties":{"name":"Corinthian Baptist Church","county":"Polk","precinct":"Des Moines 046","address":"814 SCHOOL ST.","city":"DES MOINES","zip":"50309","affiliation_source":""}},{"type":"Feature","geometry":{"type":"Point","coordinates":[-93.63135082199994,41.593447790000084]},"properties":{"name":"Royal View Manor","county":"Polk","precinct":"Des Moines 055","address":"1101 CROCKER ST.","city":"DES MOINES","zip":"50309","affiliation_source":""}},{"type":"Feature","geometry":{"type":"Point","coordinates":[-93.6395106299999,41.58983351200004]},"properties":{"name":"Robert Mickle Neighborhood Resource Center","county":"Polk","precinct":"Des Moines 056","address":"1620 PLEASANT ST.","city":"DES MOINES","zip":"50314","affiliation_source":""}},{"type":"Feature","geometry":{"type":"Point","coordinates":[-93.6395106299999,41.58983351200004]},"properties":{"name":"Robert Mickle Resource Center","county":"Polk","precinct":"Des Moines 057","address":"1620 PLEASANT ST.","city":"DES MOINES","zip":"50314","affiliation_source":""}},{"type":"Feature","geometry":{"type":"Point","coordinates":[-93.64165984999994,41.562693204000084]},"properties":{"name":"First Unitarian Church","county":"Polk","precinct":"Des Moines 066","address":"1800 BELL AVE.","city":"DES MOINES","zip":"50315","affiliation_source":""}},{"type":"Feature","geometry":{"type":"Point","coordinates":[-93.62572718599995,41.556594036000035]},"properties":{"name":"Park Avenue Presbyterian Church, PCUSA","county":"Polk","precinct":"Des Moines 078","address":"3120 SW 9TH ST.","city":"DES MOINES","zip":"50315","affiliation_source":"https://www.pcusa.org/site_media/media/uploads/oga/pdf/2021_stats_minutes.pdf"}},{"type":"Feature","geometry":{"type":"Point","coordinates":[-93.62578779299992,41.54948086500008]},"properties":{"name":"Lutheran Church Of The Good Shepherd","county":"Polk","precinct":"Des Moines 080","address":"3820 SW 9TH ST.","city":"DES MOINES","zip":"50315","affiliation_source":""}},{"type":"Feature","geometry":{"type":"Point","coordinates":[-93.62441247899994,41.564032387000054]},"properties":{"name":"Southview Manor","county":"Polk","precinct":"Des Moines 068","address":"2417 SW 9TH ST.","city":"DES MOINES","zip":"50315","affiliation_source":""}},{"type":"Feature","geometry":{"type":"Point","coordinates":[-93.61609496999995,41.547132512000076]},"properties":{"name":"Southside Nazarene Church","county":"Polk","precinct":"Des Moines 077","address":"4110 1/2 S. UNION ST.","city":"DES MOINES","zip":"50315","affiliation_source":""}},{"type":"Feature","geometry":{"type":"Point","coordinates":[-93.6105905739999,41.52639773400006]},"properties":{"name":"Glad Tidings Assembly Of God","county":"Polk","precinct":"Des Moines 079","address":"314 E. ARMY POST RD.","city":"DES MOINES","zip":"50315","affiliation_source":""}},{"type":"Feature","geometry":{"type":"Point","coordinates":[-93.62567357199993,41.527880276000076]},"properties":{"name":"Fort Des Moines United Methodist Church","county":"Polk","precinct":"Des Moines 083","address":"6205 SW 9TH ST.","city":"DES MOINES","zip":"50315","affiliation_source":""}},{"type":"Feature","geometry":{"type":"Point","coordinates":[-93.6125603029999,41.52640822400008]},"properties":{"name":"The Fort Des Moines Church Of Christ","county":"Polk","precinct":"Des Moines 084","address":"244 E. ARMY POST RD.","city":"DES MOINES","zip":"50315","affiliation_source":""}},{"type":"Feature","geometry":{"type":"Point","coordinates":[-93.6353741989999,41.53323118000009]},"properties":{"name":"Peace Evangelical Lutheran Church","county":"Polk","precinct":"Des Moines 081","address":"5615 SW 14TH ST.","city":"DES MOINES","zip":"50315","affiliation_source":""}},{"type":"Feature","geometry":{"type":"Point","coordinates":[-93.64314543299992,41.526324841000076]},"properties":{"name":"New Hope Open Bible Church","county":"Polk","precinct":"Des Moines 074","address":"1990 E. ARMY POST RD.","city":"DES MOINES","zip":"50315","affiliation_source":""}},{"type":"Feature","geometry":{"type":"Point","coordinates":[-93.6440872099999,41.60404374600006]},"properties":{"name":"Central Senior Center","county":"Polk","precinct":"Des Moines 036","address":"2008 FOREST AVE.","city":"DES MOINES","zip":"50314","affiliation_source":""}},{"type":"Feature","geometry":{"type":"Point","coordinates":[-93.64426012599995,41.60404353600006]},"properties":{"name":"Central Senior Center","county":"Polk","precinct":"Des Moines 037","address":"2008 FOREST AVE.","city":"DES MOINES","zip":"50311","affiliation_source":""}},{"type":"Feature","geometry":{"type":"Point","coordinates":[-93.62093106999993,41.60041760300004]},"properties":{"name":"University Nursing & Rehab Center","county":"Polk","precinct":"Des Moines 034","address":"233 UNIVERSITY AVE.","city":"DES MOINES","zip":"50314","affiliation_source":""}},{"type":"Feature","geometry":{"type":"Point","coordinates":[-93.28143596299992,41.76803808100004]},"properties":{"name":"Mingo Community Building","county":"Jasper","precinct":"ClearCreek- Poweshiek","address":"202 E RAILROAD ST","city":"MINGO","zip":"50168","affiliation_source":""}},{"type":"Feature","geometry":{"type":"Point","coordinates":[-93.23398568599993,41.59469455000004]},"properties":{"name":"Prairie City Community Building","county":"Jasper","precinct":"Des Moines","address":"502 S STATE ST","city":"PRAIRIE CITY","zip":"50228","affiliation_source":""}},{"type":"Feature","geometry":{"type":"Point","coordinates":[-92.90787036299992,41.71627848700007]},"properties":{"name":"Kellogg City Hall","county":"Jasper","precinct":"Hickory Grove","address":"417 FRONT ST","city":"KELLOGG","zip":"50135","affiliation_source":""}},{"type":"Feature","geometry":{"type":"Point","coordinates":[-93.15139431599994,41.825252066000076]},"properties":{"name":"Baxter Community Building","county":"Jasper","precinct":"Independence- Malaka-Mariposa","address":"203 S MAIN ST, BAXTER, IA 50028","city":"BAXTER","zip":"50028","affiliation_source":""}},{"type":"Feature","geometry":{"type":"Point","coordinates":[-93.2465468559999,41.68072747300005]},"properties":{"name":"Colfax Fairgrounds - Cf 1","county":"Jasper","precinct":"Colfax 1","address":"359 N WALNUT","city":"COLFAX","zip":"50054","affiliation_source":""}},{"type":"Feature","geometry":{"type":"Point","coordinates":[-93.2465468559999,41.68072747300005]},"properties":{"name":"Colfax Fairgrounds - Cf 2","county":"Jasper","precinct":"Colfax 2","address":"359 N WALNUT","city":"COLFAX","zip":"50054","affiliation_source":""}},{"type":"Feature","geometry":{"type":"Point","coordinates":[-93.2465468559999,41.68072747300005]},"properties":{"name":"Colfax Fairgrounds - Cf 3","county":"Jasper","precinct":"Colfax 3","address":"359 N WALNUT","city":"COLFAX","zip":"50054","affiliation_source":""}},{"type":"Feature","geometry":{"type":"Point","coordinates":[-93.2471113869999,41.67347358500007]},"properties":{"name":"Colfax Fire Station","county":"Jasper","precinct":"Mound Prairie- Washington","address":"113 W STATE ST","city":"COLFAX","zip":"50054","affiliation_source":""}},{"type":"Feature","geometry":{"type":"Point","coordinates":[-93.05327718899991,41.71695915000004]},"properties":{"name":"Union Hall-lagrv","county":"Jasper","precinct":"Newton- Sherman","address":"1813 1ST ST. N.","city":"NEWTON","zip":"50208","affiliation_source":""}},{"type":"Feature","geometry":{"type":"Point","coordinates":[-93.05327718899991,41.71695915000004]},"properties":{"name":"Union Hall","county":"Jasper","precinct":"Newton 1-1","address":"1813 1ST ST N","city":"NEWTON","zip":"50208","affiliation_source":""}},{"type":"Feature","geometry":{"type":"Point","coordinates":[-93.05357439699992,41.70360112100008]},"properties":{"name":"Park Centre","county":"Jasper","precinct":"Newton 1-2","address":"500 1ST ST N","city":"NEWTON","zip":"50208","affiliation_source":""}},{"type":"Feature","geometry":{"type":"Point","coordinates":[-93.03622096499993,41.70275845000003]},"properties":{"name":"Immanuel Baptist Church","county":"Jasper","precinct":"Newton 2-1","address":"1300 N 4TH AVE E","city":"NEWTON","zip":"50208","affiliation_source":""}},{"type":"Feature","geometry":{"type":"Point","coordinates":[-93.02908681399992,41.703810915000076]},"properties":{"name":"St. Luke United Methodist Church","county":"Jasper","precinct":"Newton 2-2","address":"501 E. 19TH ST. N.","city":"NEWTON","zip":"50208","affiliation_source":""}},{"type":"Feature","geometry":{"type":"Point","coordinates":[-93.03949024899993,41.69271283000006]},"properties":{"name":"Mccann Center","county":"Jasper","precinct":"Newton 3-1","address":"1115 S 8TH AVE E","city":"NEWTON","zip":"50208","affiliation_source":""}},{"type":"Feature","geometry":{"type":"Point","coordinates":[-93.07662605899992,41.685470286000054]},"properties":{"name":"Jasper Co. Historical Museum","county":"Jasper","precinct":"Newton 4-1","address":"1700 S. 15TH AVE. W.","city":"NEWTON","zip":"50208","affiliation_source":""}},{"type":"Feature","geometry":{"type":"Point","coordinates":[-93.0579975469999,41.69004029200005]},"properties":{"name":"American Legion","county":"Jasper","precinct":"Newton 4-2","address":"1101 W. 4TH ST. S., NEWTON, IA","city":"NEWTON","zip":"50208","affiliation_source":""}},{"type":"Feature","geometry":{"type":"Point","coordinates":[-91.50150934499993,41.799056041000085]},"properties":{"name":"Np St. Mary's Church","county":"Johnson","precinct":"NP","address":"2683 NEWPORT RD NE","city":"SOLON","zip":"52333","affiliation_source":""}},{"type":"Feature","geometry":{"type":"Point","coordinates":[-91.42454690599993,41.84101401600009]},"properties":{"name":"Ce Cedar Township Hall","county":"Johnson","precinct":"CE","address":"5216 SUTLIFF RD NE","city":"SOLON","zip":"52333","affiliation_source":""}},{"type":"Feature","geometry":{"type":"Point","coordinates":[-91.47442864999994,41.73993759500007]},"properties":{"name":"Gr The Celebration Farm","county":"Johnson","precinct":"GR","address":"4696 ROBIN WOODS LN NE","city":"IOWA CITY","zip":"52240","affiliation_source":""}},{"type":"Feature","geometry":{"type":"Point","coordinates":[-91.41822376999994,41.641985531000046]},"properties":{"name":"Hd St. Peter's Hall","county":"Johnson","precinct":"HD","address":"2009 400TH ST SW","city":"IOWA CITY","zip":"52240","affiliation_source":""}},{"type":"Feature","geometry":{"type":"Point","coordinates":[-91.47887127999991,41.64972261100007]},"properties":{"name":"Sc Ic Church Of Christ","county":"Johnson","precinct":"SC","address":"4643 AMERICAN LEGION RD SE","city":"IOWA CITY","zip":"52240","affiliation_source":""}},{"type":"Feature","geometry":{"type":"Point","coordinates":[-91.4986783409999,41.80739322100004]},"properties":{"name":"Bg Solon Public Library","county":"Johnson","precinct":"BG","address":"320 W MAIN ST","city":"SOLON","zip":"52333","affiliation_source":""}},{"type":"Feature","geometry":{"type":"Point","coordinates":[-91.49534326999992,41.80728026500009]},"properties":{"name":"So Solon City Hall","county":"Johnson","precinct":"SO","address":"101 N IOWA ST","city":"SOLON","zip":"52333","affiliation_source":""}},{"type":"Feature","geometry":{"type":"Point","coordinates":[-91.0113670689999,41.596729896000056]},"properties":{"name":"Wilton Comm Center City","county":"Muscatine","precinct":"Wilton City","address":"1215 CYPRESS ST","city":"WILTON","zip":"52778","affiliation_source":""}},{"type":"Feature","geometry":{"type":"Point","coordinates":[-91.0113670689999,41.596729896000056]},"properties":{"name":"Wilton Comm Center Twp","county":"Muscatine","precinct":"Wilton Twp/Moscow","address":"1215 CYPRESS ST","city":"WILTON","zip":"52778","affiliation_source":""}},{"type":"Feature","geometry":{"type":"Point","coordinates":[-91.5812704039999,41.65693368500007]},"properties":{"name":"West High School","county":"Johnson","precinct":"IC.07","address":"2901 MELROSE AVE","city":"IOWA CITY","zip":"52246","affiliation_source":""}},{"type":"Feature","geometry":{"type":"Point","coordinates":[-91.60758398899992,41.65716035500009]},"properties":{"name":"Un Johnson County Maint. Shop","county":"Johnson","precinct":"UN","address":"4810 MELROSE AVE W","city":"IOWA CITY","zip":"52246","affiliation_source":""}},{"type":"Feature","geometry":{"type":"Point","coordinates":[-91.5749262299999,41.65986692000007]},"properties":{"name":"Ui Athletics Hall Of Fame","county":"Johnson","precinct":"IC.09","address":"2425 PRAIRIE MEADOWS DR","city":"IOWA CITY","zip":"52246","affiliation_source":""}},{"type":"Feature","geometry":{"type":"Point","coordinates":[-91.60546692999992,41.709888867000075]},"properties":{"name":"State Hygienic Lab","county":"Johnson","precinct":"CV.03","address":"2490 CROSSPARK RD","city":"CORALVILLE","zip":"52241","affiliation_source":""}},{"type":"Feature","geometry":{"type":"Point","coordinates":[-91.57783794699992,41.704918160000034]},"properties":{"name":"Wickham Elementary School","county":"Johnson","precinct":"CV.06","address":"601 OAKDALE BLVD","city":"CORALVILLE","zip":"52241","affiliation_source":""}},{"type":"Feature","geometry":{"type":"Point","coordinates":[-91.59603059199992,41.694904045000044]},"properties":{"name":"North Ridge Pavilion","county":"Johnson","precinct":"CV.07","address":"2250 HOLIDAY RD","city":"CORALVILLE","zip":"52241","affiliation_source":""}},{"type":"Feature","geometry":{"type":"Point","coordinates":[-91.56519948899995,41.69873209300005]},"properties":{"name":"Brown Deer Golf Club","county":"Johnson","precinct":"CV.02","address":"1900 COUNTRY CLUB DR","city":"CORALVILLE","zip":"52241","affiliation_source":""}},{"type":"Feature","geometry":{"type":"Point","coordinates":[-91.58387272899995,41.68180034900007]},"properties":{"name":"Northwest Jr High School","county":"Johnson","precinct":"CV.05","address":"1507 8TH ST","city":"CORALVILLE","zip":"52241","affiliation_source":""}},{"type":"Feature","geometry":{"type":"Point","coordinates":[-91.57229939399991,41.67578830800005]},"properties":{"name":"Central Elementary School","county":"Johnson","precinct":"CV.01","address":"501 6TH ST","city":"CORALVILLE","zip":"52241","affiliation_source":""}},{"type":"Feature","geometry":{"type":"Point","coordinates":[-91.5964454789999,41.64421785800005]},"properties":{"name":"Weber Elementary School","county":"Johnson","precinct":"IC.08","address":"3850 ROHRET RD","city":"IOWA CITY","zip":"52246","affiliation_source":""}},{"type":"Feature","geometry":{"type":"Point","coordinates":[-91.66584635499993,41.70392002500006]},"properties":{"name":"Cc Tiffin City Hall","county":"Johnson","precinct":"CC","address":"300 RAILROAD ST","city":"TIFFIN","zip":"52340","affiliation_source":""}},{"type":"Feature","geometry":{"type":"Point","coordinates":[-91.42565361999993,41.49019084300005]},"properties":{"name":"Fr Lone Tree American Legion","county":"Johnson","precinct":"FR","address":"300 N DEVOE ST","city":"LONE TREE","zip":"52755","affiliation_source":""}},{"type":"Feature","geometry":{"type":"Point","coordinates":[-91.65110861499994,41.847739768000054]},"properties":{"name":"Sh Shueyville Comm Bldg","county":"Johnson","precinct":"JE","address":"2863 120TH ST NE","city":"SWISHER","zip":"52338","affiliation_source":""}},{"type":"Feature","geometry":{"type":"Point","coordinates":[-91.6936207409999,41.844608108000045]},"properties":{"name":"Sw Swisher American Legion","county":"Johnson","precinct":"JW","address":"68 3RD ST SE","city":"SWISHER","zip":"52338","affiliation_source":""}},{"type":"Feature","geometry":{"type":"Point","coordinates":[-91.79069693299994,41.72452104700005]},"properties":{"name":"Ox Oxford City Hall","county":"Johnson","precinct":"OX","address":"205 N AUGUSTA AVE","city":"OXFORD","zip":"52322","affiliation_source":""}},{"type":"Feature","geometry":{"type":"Point","coordinates":[-91.6925546999999,41.55473398500004]},"properties":{"name":"Sn Sharon Center Methodist Church","county":"Johnson","precinct":"SN","address":"2804 520TH ST SW","city":"KALONA","zip":"52247","affiliation_source":""}},{"type":"Feature","geometry":{"type":"Point","coordinates":[-91.77095767999992,41.54665447800005]},"properties":{"name":"Ws Washington Twp School","county":"Johnson","precinct":"WS","address":"1592 ANGLE RD SW","city":"KALONA","zip":"52247","affiliation_source":""}},{"type":"Feature","geometry":{"type":"Point","coordinates":[-91.61696338299993,41.73733814500008]},"properties":{"name":"North Bend Elementary School","county":"Johnson","precinct":"NL.06","address":"2230 ST ANDREWS DR","city":"NORTH LIBERTY","zip":"52317","affiliation_source":""}},{"type":"Feature","geometry":{"type":"Point","coordinates":[-91.6065364239999,41.74942572700007]},"properties":{"name":"Nl Community Library","county":"Johnson","precinct":"NL.01","address":"520 W CHERRY ST","city":"NORTH LIBERTY","zip":"52317","affiliation_source":""}},{"type":"Feature","geometry":{"type":"Point","coordinates":[-91.6065364239999,41.74942572700007]},"properties":{"name":"Nl Community Library","county":"Johnson","precinct":"NL.05","address":"520 W CHERRY ST","city":"NORTH LIBERTY","zip":"52317","affiliation_source":""}},{"type":"Feature","geometry":{"type":"Point","coordinates":[-91.59572984999994,41.741598251000084]},"properties":{"name":"Garner Elementary School","county":"Johnson","precinct":"NL.02","address":"80 BIRCH CT","city":"NORTH LIBERTY","zip":"52317","affiliation_source":""}},{"type":"Feature","geometry":{"type":"Point","coordinates":[-91.5957403399999,41.72291845700005]},"properties":{"name":"North Central Jr High School","county":"Johnson","precinct":"NL.04","address":"180 E FOREVERGREEN RD","city":"NORTH LIBERTY","zip":"52317","affiliation_source":""}},{"type":"Feature","geometry":{"type":"Point","coordinates":[-91.59792569099994,41.75738172800004]},"properties":{"name":"South Slope Communications","county":"Johnson","precinct":"NL.03","address":"980 N FRONT ST","city":"NORTH LIBERTY","zip":"52317","affiliation_source":""}},{"type":"Feature","geometry":{"type":"Point","coordinates":[-91.59688138399991,41.748313980000034]},"properties":{"name":"Pn Penn Elementary School","county":"Johnson","precinct":"PN","address":"230 N DUBUQUE ST","city":"NORTH LIBERTY","zip":"52317","affiliation_source":""}},{"type":"Feature","geometry":{"type":"Point","coordinates":[-91.95240006499995,41.36388806100007]},"properties":{"name":"Libertyville Savings Bank","county":"Keokuk","precinct":"Lafayette/Clear Creek","address":"225 E BROADWAY AVE","city":"KEOTA","zip":"52248","affiliation_source":""}},{"type":"Feature","geometry":{"type":"Point","coordinates":[-92.33214059199992,41.455614515000036]},"properties":{"name":"Thornburg City Hall","county":"Keokuk","precinct":"Prairie","address":"501 GLEN ST","city":"THORNBURG","zip":"50255","affiliation_source":""}},{"type":"Feature","geometry":{"type":"Point","coordinates":[-91.99453712399992,41.184851310000056]},"properties":{"name":"Richland City Hall","county":"Keokuk","precinct":"Richland","address":"109 N RICHLAND ST","city":"RICHLAND","zip":"52585","affiliation_source":""}},{"type":"Feature","geometry":{"type":"Point","coordinates":[-92.18089265599991,41.336811115000046]},"properties":{"name":"- Keokuk County Expo","county":"Keokuk","precinct":"Sigourney 1","address":"400 220TH AVE","city":"SIGOURNEY","zip":"52591","affiliation_source":""}},{"type":"Feature","geometry":{"type":"Point","coordinates":[-92.18089265599991,41.336811115000046]},"properties":{"name":"Sg 2 - Keokuk County Expo","county":"Keokuk","precinct":"Sigourney 2","address":"400 220TH AVE","city":"SIGOURNEY","zip":"52591","affiliation_source":""}},{"type":"Feature","geometry":{"type":"Point","coordinates":[-92.18089265599991,41.336811115000046]},"properties":{"name":"Sg 3 - Keokuk County Expo","county":"Keokuk","precinct":"Sigourney 3","address":"400 220TH AVE","city":"SIGOURNEY","zip":"52591","affiliation_source":""}},{"type":"Feature","geometry":{"type":"Point","coordinates":[-92.18089265599991,41.336811115000046]},"properties":{"name":"Sg 4- Keokuk County Expo","county":"Keokuk","precinct":"Sigourney 4","address":"400 220TH AVE","city":"SIGOURNEY","zip":"52591","affiliation_source":""}},{"type":"Feature","geometry":{"type":"Point","coordinates":[-92.18089265599991,41.336811115000046]},"properties":{"name":"Keokuk County Expo","county":"Keokuk","precinct":"Sigourney Plank Van Buren","address":"400 220TH AVE","city":"SIGOURNEY","zip":"52591","affiliation_source":""}},{"type":"Feature","geometry":{"type":"Point","coordinates":[-92.33097040899992,41.32360767700004]},"properties":{"name":"Delta City Hall","county":"Keokuk","precinct":"Warren","address":"104 N 2ND ST W","city":"DELTA","zip":"52550","affiliation_source":""}},{"type":"Feature","geometry":{"type":"Point","coordinates":[-92.35471672199992,41.39988049600004]},"properties":{"name":"What Cheer City Hall","county":"Keokuk","precinct":"What Cheer Washington","address":"308 S BARNES ST","city":"WHAT CHEER","zip":"50268","affiliation_source":""}},{"type":"Feature","geometry":{"type":"Point","coordinates":[-92.90718206399993,41.129146338000055]},"properties":{"name":"Lovilia Community Center","county":"Monroe","precinct":"Precinct Lovilia(CE/UN/BC/LV)","address":"608 W 7TH","city":"LOVILIA","zip":"50150","affiliation_source":""}},{"type":"Feature","geometry":{"type":"Point","coordinates":[-93.04791620599991,40.976196161000075]},"properties":{"name":"St Patrick's Church","county":"Monroe","precinct":"Precinct Melrose(JK/WY/FR/ML)","address":"200 SHAMROCK","city":"MELROSE","zip":"52569","affiliation_source":""}},{"type":"Feature","geometry":{"type":"Point","coordinates":[-92.80583371599994,41.029331264000064]},"properties":{"name":"Lincoln Center","county":"Monroe","precinct":"Precinct Al1","address":"222 N 2ND ST","city":"ALBIA","zip":"52531","affiliation_source":""}},{"type":"Feature","geometry":{"type":"Point","coordinates":[-92.81032096899992,41.02527758400004]},"properties":{"name":"Albia Fire Station","county":"Monroe","precinct":"Precinct Al2","address":"115 2ND AVE W","city":"ALBIA","zip":"52531","affiliation_source":""}},{"type":"Feature","geometry":{"type":"Point","coordinates":[-92.80892682099994,41.01963038800005]},"properties":{"name":"Grant Elementary School","county":"Monroe","precinct":"Precinct Al3","address":"S CLINTON ST","city":"ALBIA","zip":"52531","affiliation_source":""}},{"type":"Feature","geometry":{"type":"Point","coordinates":[-92.80816403299991,41.02710631300005]},"properties":{"name":"Courthouse","county":"Monroe","precinct":"Precinct Courthse(TR/MT/GL/UR/MN/PL)","address":"10 BENTON AVE E","city":"ALBIA","zip":"52531","affiliation_source":""}},{"type":"Feature","geometry":{"type":"Point","coordinates":[-92.80001726699993,41.02623118300005]},"properties":{"name":"Kendall Center","county":"Monroe","precinct":"Precinct Al4","address":"701 WASHINGTON AVE E","city":"ALBIA","zip":"52531","affiliation_source":""}},{"type":"Feature","geometry":{"type":"Point","coordinates":[-92.47463753799991,41.50320572000004]},"properties":{"name":"Union Mills Christian Church Activity Bldg","county":"Mahaska","precinct":"Adams -  Monroe - Pleasant Grove - Union","address":"1405 PARKIN AVENUE","city":"UNION MILLS","zip":"50027","affiliation_source":""}},{"type":"Feature","geometry":{"type":"Point","coordinates":[-92.43667803699992,41.21260914800007]},"properties":{"name":"Fremont Community Building","county":"Mahaska","precinct":"CEDAR - HARRISON - WHITE OAK","address":"107 EAST MAIN STREET","city":"FREMONT","zip":"52561","affiliation_source":""}},{"type":"Feature","geometry":{"type":"Point","coordinates":[-92.53634501999994,41.28836656700008]},"properties":{"name":"Keomah Village Community Building","county":"Mahaska","precinct":"SPRING CREEK","address":"399 KEOMAH VILLAGE","city":"OSKALOOSA","zip":"52577","affiliation_source":""}},{"type":"Feature","geometry":{"type":"Point","coordinates":[-92.9161642059999,41.43287987500008]},"properties":{"name":"Heartland Reformed Church","county":"Marion","precinct":"Lake Prairie","address":"628 HWY T14","city":"PELLA","zip":"50219","affiliation_source":""}},{"type":"Feature","geometry":{"type":"Point","coordinates":[-92.91298350099993,41.40590040900008]},"properties":{"name":"Trinity Reformed Church Activity Ctr","county":"Marion","precinct":"Pella City Ward 1","address":"708 E SECOND ST","city":"PELLA","zip":"50219","affiliation_source":""}},{"type":"Feature","geometry":{"type":"Point","coordinates":[-92.9298882089999,41.400037842000074]},"properties":{"name":"United Methodist Church Of Pella","county":"Marion","precinct":"Pella City Ward 4","address":"1414 UNIVERSITY ST","city":"PELLA","zip":"50219","affiliation_source":""}},{"type":"Feature","geometry":{"type":"Point","coordinates":[-92.91296019099991,41.417398268000056]},"properties":{"name":"Calvary Church","county":"Marion","precinct":"Pella City Ward 2","address":"408 MAPLE ST","city":"PELLA","zip":"50219","affiliation_source":""}},{"type":"Feature","geometry":{"type":"Point","coordinates":[-92.9183367359999,41.40764169700009]},"properties":{"name":"Pella Legion Hall","county":"Marion","precinct":"Pella City Ward 3","address":"829 BROADWAY ST","city":"PELLA","zip":"50219","affiliation_source":""}},{"type":"Feature","geometry":{"type":"Point","coordinates":[-92.78610728399991,41.339961094000046]},"properties":{"name":"Leighton Christian Reformed Church","county":"Mahaska","precinct":"Black Oak Scott","address":"415 REID STREET","city":"LEIGHTON","zip":"50143","affiliation_source":""}},{"type":"Feature","geometry":{"type":"Point","coordinates":[-92.7305040949999,41.19345446600005]},"properties":{"name":"Maintainer Shop Truax","county":"Mahaska","precinct":"E&W DES MOINES - JEFFERSON","address":"101 LAKONTA OAK STREET","city":"EDDYVILLE","zip":"52553","affiliation_source":""}},{"type":"Feature","geometry":{"type":"Point","coordinates":[-92.6556144569999,41.29684033700005]},"properties":{"name":"Aea / Ag Extension Office Bldg","county":"Mahaska","precinct":"Oskaloosa Ward 1","address":"212 NORTH I STREET","city":"OSKALOOSA","zip":"52577","affiliation_source":""}},{"type":"Feature","geometry":{"type":"Point","coordinates":[-92.65564568499991,41.296212850000074]},"properties":{"name":"Fellowship Bible Activity Bldg","county":"Mahaska","precinct":"Oskaloosa Ward 2","address":"A AVE WEST & NORTH I STREET","city":"OSKALOOSA","zip":"52577","affiliation_source":""}},{"type":"Feature","geometry":{"type":"Point","coordinates":[-92.6367341909999,41.29147078400007]},"properties":{"name":"Old Webster School Bldg.","county":"Mahaska","precinct":"OSKALOOSA WARD 3 - UNIVERSITY PARK","address":"508 SOUTH 7TH STREET","city":"OSKALOOSA","zip":"52577","affiliation_source":""}},{"type":"Feature","geometry":{"type":"Point","coordinates":[-92.6370803509999,41.297187661000066]},"properties":{"name":"Old Grant School Bldg","county":"Mahaska","precinct":"Oskaloosa Ward 4","address":"715 B AVE EAST","city":"OSKALOOSA","zip":"52577","affiliation_source":""}},{"type":"Feature","geometry":{"type":"Point","coordinates":[-92.66969493599993,41.30527630100005]},"properties":{"name":"New County Shop Bldg","county":"Mahaska","precinct":"Garfield-Lincoln-Madison","address":"2074 HWY 163","city":"OSKALOOSA","zip":"52577","affiliation_source":""}},{"type":"Feature","geometry":{"type":"Point","coordinates":[-92.65160998899995,41.470587908000084]},"properties":{"name":"New Sharon City Park Bldg","county":"Mahaska","precinct":"Prairie - Richland","address":"102 WEST HIGH STREET","city":"NEW SHARON","zip":"50207","affiliation_source":""}},{"type":"Feature","geometry":{"type":"Point","coordinates":[-91.98836915599992,41.00641098400007]},"properties":{"name":"Jefferson Co Ag Grounds Activity Bldg","county":"Jefferson","precinct":"Center Cedar","address":"2006 W BURLINGTON","city":"FAIRFIELD","zip":"52556","affiliation_source":""}},{"type":"Feature","geometry":{"type":"Point","coordinates":[-91.96940994999994,41.008649483000056]},"properties":{"name":"Nazarene Family Center","county":"Jefferson","precinct":"Fairfield 3","address":"507 W BRIGGS","city":"FAIRFIELD","zip":"52556","affiliation_source":""}},{"type":"Feature","geometry":{"type":"Point","coordinates":[-92.08489783999994,41.13406155200005]},"properties":{"name":"Packwood Fire Station","county":"Jefferson","precinct":"Blackhawk Polk","address":"112 N MAIN","city":"PACKWOOD","zip":"52580","affiliation_source":""}},{"type":"Feature","geometry":{"type":"Point","coordinates":[-92.04969634199995,40.95941059000006]},"properties":{"name":"Libertyville Community Center","county":"Jefferson","precinct":"Des Moines Liberty","address":"110 N MAIN","city":"LIBERTYVILLE","zip":"52567","affiliation_source":""}},{"type":"Feature","geometry":{"type":"Point","coordinates":[-92.16730829799991,40.995861379000075]},"properties":{"name":"Batavia Community Center","county":"Jefferson","precinct":"Locust Grove","address":"1006 3RD ST","city":"BATAVIA","zip":"52533","affiliation_source":""}},{"type":"Feature","geometry":{"type":"Point","coordinates":[-91.8692718769999,41.14956019200008]},"properties":{"name":"Pleasant Plain Community Center","county":"Jefferson","precinct":"Penn","address":"PLEASANT PLAIN COMMUNITY CENTER","city":"PLEASANT PLAIN","zip":"52540","affiliation_source":""}},{"type":"Feature","geometry":{"type":"Point","coordinates":[-91.96813405799992,41.01382632200006]},"properties":{"name":"Lincoln School","county":"Jefferson","precinct":"Fairfield 2","address":"401 W STONE","city":"FAIRFIELD","zip":"52556","affiliation_source":""}},{"type":"Feature","geometry":{"type":"Point","coordinates":[-91.97044333299993,40.997921950000034]},"properties":{"name":"Pence School Bldg","county":"Jefferson","precinct":"Fairfield 5","address":"1006 S 6TH ST","city":"FAIRFIELD","zip":"52556","affiliation_source":""}},{"type":"Feature","geometry":{"type":"Point","coordinates":[-91.95523751699994,41.00769588900005]},"properties":{"name":"Fairfield High School Gym Lobby","county":"Jefferson","precinct":"Fairfield 1","address":"605 E BROADWAY","city":"FAIRFIELD","zip":"52556","affiliation_source":""}},{"type":"Feature","geometry":{"type":"Point","coordinates":[-91.96245005299994,41.00868104300008]},"properties":{"name":"First United Methodist Church","county":"Jefferson","precinct":"Buchanan","address":"201 N COURT","city":"FAIRFIELD","zip":"52556","affiliation_source":""}},{"type":"Feature","geometry":{"type":"Point","coordinates":[-91.96313196099993,41.008618485000056]},"properties":{"name":"Jefferson Co Courthouse","county":"Jefferson","precinct":"Fairfield 4","address":"51 E BRIGGS","city":"FAIRFIELD","zip":"52556","affiliation_source":""}},{"type":"Feature","geometry":{"type":"Point","coordinates":[-91.23199530999995,40.71033406400005]},"properties":{"name":"Grace Bible Church","county":"Lee","precinct":"Washington Green Bay","address":"3526 175TH ST","city":"WEVER","zip":"52658","affiliation_source":""}},{"type":"Feature","geometry":{"type":"Point","coordinates":[-91.52104221399992,40.577481452000086]},"properties":{"name":"Central Lee High School","county":"Lee","precinct":"Charleston Van Buren Des Moines","address":"2642 HWY 218","city":"DONNELLSON","zip":"52625","affiliation_source":""}},{"type":"Feature","geometry":{"type":"Point","coordinates":[-91.45405160899992,40.443358077000084]},"properties":{"name":"Jackson Township Fire Station","county":"Lee","precinct":"Jackson","address":"3640 ARGYLE RD","city":"KEOKUK","zip":"52632","affiliation_source":""}},{"type":"Feature","geometry":{"type":"Point","coordinates":[-91.42108098699993,40.52858600400003]},"properties":{"name":"Ivor Fowler Community Center","county":"Lee","precinct":"Montrose","address":"710 MAIN ST","city":"MONTROSE","zip":"52639","affiliation_source":""}},{"type":"Feature","geometry":{"type":"Point","coordinates":[-91.31183780899994,40.63303237900004]},"properties":{"name":"Fort Madison City Hall","county":"Lee","precinct":"FM 1","address":"811 AVE E","city":"FT MADISON","zip":"52627","affiliation_source":""}},{"type":"Feature","geometry":{"type":"Point","coordinates":[-91.37309447799993,40.62657986900007]},"properties":{"name":"Hillview Village","county":"Lee","precinct":"FM5/Madison Twp","address":"1102 48TH ST","city":"FT MADISON","zip":"52627","affiliation_source":""}},{"type":"Feature","geometry":{"type":"Point","coordinates":[-91.38634061699992,40.624288456000045]},"properties":{"name":"Jim Baier Ford, Inc","county":"Lee","precinct":"Jefferson","address":"5601 AVE O","city":"FT MADISON","zip":"52627","affiliation_source":""}},{"type":"Feature","geometry":{"type":"Point","coordinates":[-91.31770079099994,40.63310794800009]},"properties":{"name":"Mcaleer Hall","county":"Lee","precinct":"FM 2","address":"1111 AVE E","city":"FT MADISON","zip":"52627","affiliation_source":""}},{"type":"Feature","geometry":{"type":"Point","coordinates":[-91.3321707259999,40.633193031000076]},"properties":{"name":"Fort Madison Public Library","county":"Lee","precinct":"FM 3","address":"1920 AVE E","city":"FT MADISON","zip":"52627","affiliation_source":""}},{"type":"Feature","geometry":{"type":"Point","coordinates":[-91.34223842299991,40.63746486300005]},"properties":{"name":"Holy Trinity Catholic High School A","county":"Lee","precinct":"FM 4A","address":"2600 AVE A","city":"FT MADISON","zip":"52627","affiliation_source":""}},{"type":"Feature","geometry":{"type":"Point","coordinates":[-91.34223842299991,40.63746486300005]},"properties":{"name":"Holy Trinity Catholic High School B","county":"Lee","precinct":"FM4B","address":"2600 AVE A","city":"FT MADISON","zip":"52627","affiliation_source":""}},{"type":"Feature","geometry":{"type":"Point","coordinates":[-91.38108895399995,40.39718522600003]},"properties":{"name":"Keokuk Public Library","county":"Lee","precinct":"KE3","address":"210 N 5TH ST","city":"KEOKUK","zip":"52632","affiliation_source":""}},{"type":"Feature","geometry":{"type":"Point","coordinates":[-91.38463254399994,40.39751672300008]},"properties":{"name":"South Lee Co. Courthouse","county":"Lee","precinct":"KE1","address":"25 N 7TH ST","city":"KEOKUK","zip":"52632","affiliation_source":""}},{"type":"Feature","geometry":{"type":"Point","coordinates":[-91.38348371299992,40.39588990200008]},"properties":{"name":"Heritage Center A","county":"Lee","precinct":"KE2A","address":"508 MAIN ST","city":"KEOKUK","zip":"52632","affiliation_source":""}},{"type":"Feature","geometry":{"type":"Point","coordinates":[-91.38348371299992,40.39588990200008]},"properties":{"name":"Heritage Center B","county":"Lee","precinct":"KE2B","address":"508 MAIN ST","city":"KEOKUK","zip":"52632","affiliation_source":""}},{"type":"Feature","geometry":{"type":"Point","coordinates":[-91.41367440099992,40.38935334700005]},"properties":{"name":"Evangelical Free Church","county":"Lee","precinct":"KE4","address":"2315 S 7TH ST","city":"KEOKUK","zip":"52632","affiliation_source":""}},{"type":"Feature","geometry":{"type":"Point","coordinates":[-91.39016853399994,40.41096966300006]},"properties":{"name":"Learning Center","county":"Lee","precinct":"KE5","address":"500 NO 20TH ST","city":"KEOKUK","zip":"52632","affiliation_source":""}},{"type":"Feature","geometry":{"type":"Point","coordinates":[-91.39718146999991,40.405363986000054]},"properties":{"name":"City Car Barn","county":"Lee","precinct":"KE6","address":"220 S 19TH ST","city":"KEOKUK","zip":"52632","affiliation_source":""}},{"type":"Feature","geometry":{"type":"Point","coordinates":[-91.40615329799994,40.420894660000044]},"properties":{"name":"Keokuk Nazarene Church","county":"Lee","precinct":"KE7","address":"3116 PLANK ROAD","city":"KEOKUK","zip":"52632","affiliation_source":""}},{"type":"Feature","geometry":{"type":"Point","coordinates":[-91.56454552499991,40.642769555000086]},"properties":{"name":"Pilot Grove Savings Bank Community Room","county":"Lee","precinct":"Franklin Cedar Marion","address":"506 N MAIN ST","city":"DONNELLSON","zip":"52625","affiliation_source":""}},{"type":"Feature","geometry":{"type":"Point","coordinates":[-91.56454552499991,40.642769555000086]},"properties":{"name":"Pilot Grove Savings Bank Community Room Hr","county":"Lee","precinct":"Harrison","address":"506 N MAIN ST","city":"DONNELLSON","zip":"52625","affiliation_source":""}},{"type":"Feature","geometry":{"type":"Point","coordinates":[-91.45240840699995,40.71695865000004]},"properties":{"name":"West Point Library","county":"Lee","precinct":"West Point Pleasant Ridge Denmark","address":"317 5TH ST","city":"WEST POINT","zip":"52656","affiliation_source":""}},{"type":"Feature","geometry":{"type":"Point","coordinates":[-91.7469256949999,40.99295139900005]},"properties":{"name":"Lockridge School","county":"Jefferson","precinct":"Walnut Lockridge Round Prairie","address":"103 S CENTER","city":"LOCKRIDGE","zip":"52635","affiliation_source":""}},{"type":"Feature","geometry":{"type":"Point","coordinates":[-91.53793627399995,41.660126577000085]},"properties":{"name":"U Of I Main Library","county":"Johnson","precinct":"IC.05","address":"100 UI MAIN LIBRARY","city":"IOWA CITY","zip":"52242","affiliation_source":""}},{"type":"Feature","geometry":{"type":"Point","coordinates":[-91.53418374899991,41.66005206500006]},"properties":{"name":"University Of Iowa Main Library","county":"Johnson","precinct":"IC.11","address":"125 W WASHINGTON ST","city":"IOWA CITY","zip":"52240","affiliation_source":""}},{"type":"Feature","geometry":{"type":"Point","coordinates":[-91.5316238979999,41.66042092300006]},"properties":{"name":"Iowa City Senior Center","county":"Johnson","precinct":"IC.20","address":"28 S LINN ST","city":"IOWA CITY","zip":"52240","affiliation_source":""}},{"type":"Feature","geometry":{"type":"Point","coordinates":[-91.53021361899994,41.658398745000056]},"properties":{"name":"Iowa City Rec Center","county":"Johnson","precinct":"IC.19","address":"220 S GILBERT ST","city":"IOWA CITY","zip":"52240","affiliation_source":""}},{"type":"Feature","geometry":{"type":"Point","coordinates":[-91.5258630319999,41.65510617100006]},"properties":{"name":"Mann Elementary School","county":"Johnson","precinct":"IC.21","address":"521 N DODGE ST","city":"IOWA CITY","zip":"52240","affiliation_source":""}},{"type":"Feature","geometry":{"type":"Point","coordinates":[-91.50861460199991,41.65868177800007]},"properties":{"name":"City High School","county":"Johnson","precinct":"IC.17","address":"1900 MORNINGSIDE DR","city":"IOWA CITY","zip":"52240","affiliation_source":""}},{"type":"Feature","geometry":{"type":"Point","coordinates":[-91.4875415859999,41.66109809000005]},"properties":{"name":"Lemme Elementary School","county":"Johnson","precinct":"IC.01","address":"3100 E WASHINGTON ST","city":"IOWA CITY","zip":"52245","affiliation_source":""}},{"type":"Feature","geometry":{"type":"Point","coordinates":[-91.47170475599995,41.66449499200007]},"properties":{"name":"St Patrick Church","county":"Johnson","precinct":"IC.24","address":"4330 ST PATRICK DR","city":"IOWA CITY","zip":"52245","affiliation_source":""}},{"type":"Feature","geometry":{"type":"Point","coordinates":[-91.5267920519999,41.67896389800006]},"properties":{"name":"Shimek Elementary School","county":"Johnson","precinct":"IC.22","address":"1400 GRISSEL PL","city":"IOWA CITY","zip":"52240","affiliation_source":""}},{"type":"Feature","geometry":{"type":"Point","coordinates":[-91.5040291659999,41.665535703000046]},"properties":{"name":"Regina Catholic Ed Center","county":"Johnson","precinct":"IC.23","address":"2150 ROCHESTER AVE","city":"IOWA CITY","zip":"52240","affiliation_source":""}},{"type":"Feature","geometry":{"type":"Point","coordinates":[-91.54436071999993,41.658484369000064]},"properties":{"name":"Quadrangle Residence Hall","county":"Johnson","precinct":"IC.03","address":"100 QUADRANGLE HALL","city":"IOWA CITY","zip":"52242","affiliation_source":""}},{"type":"Feature","geometry":{"type":"Point","coordinates":[-91.54208323799992,41.659665552000035]},"properties":{"name":"School Of Art & Art History Building","county":"Johnson","precinct":"IC.04","address":"141 N RIVERSIDE DRIVE","city":"IOWA CITY","zip":"52242","affiliation_source":""}},{"type":"Feature","geometry":{"type":"Point","coordinates":[-91.54009796999992,41.645550332000084]},"properties":{"name":"Ic Transit Building","county":"Johnson","precinct":"IC.13","address":"1200 S RIVERSIDE DR","city":"IOWA CITY","zip":"52240","affiliation_source":""}},{"type":"Feature","geometry":{"type":"Point","coordinates":[-91.5265900149999,41.62715347400007]},"properties":{"name":"Terry Trueblood Recreation Area","county":"Johnson","precinct":"IC.10","address":"4213 SAND RD SE","city":"IOWA CITY","zip":"52240","affiliation_source":""}},{"type":"Feature","geometry":{"type":"Point","coordinates":[-91.5087598849999,41.63349856700006]},"properties":{"name":"Grant Wood Elementary School","county":"Johnson","precinct":"IC.12","address":"1930 LAKESIDE DR","city":"IOWA CITY","zip":"52240","affiliation_source":""}},{"type":"Feature","geometry":{"type":"Point","coordinates":[-91.5045931489999,41.64427380300003]},"properties":{"name":"Tate High School","county":"Johnson","precinct":"IC.15","address":"1528 MALL DR","city":"IOWA CITY","zip":"52240","affiliation_source":""}},{"type":"Feature","geometry":{"type":"Point","coordinates":[-91.51520054999992,41.643962609000084]},"properties":{"name":"Mark Twain Elementary School","county":"Johnson","precinct":"IC.14","address":"1355 DEFOREST AVE","city":"IOWA CITY","zip":"52240","affiliation_source":""}},{"type":"Feature","geometry":{"type":"Point","coordinates":[-91.51808055099991,41.65352803500008]},"properties":{"name":"Longfellow Elementary School","county":"Johnson","precinct":"IC.18","address":"1130 SEYMOUR AVE","city":"IOWA CITY","zip":"52240","affiliation_source":""}},{"type":"Feature","geometry":{"type":"Point","coordinates":[-91.49785965399991,41.64624619500006]},"properties":{"name":"Mercer Park Aquatic Center","county":"Johnson","precinct":"IC.06","address":"2701 BRADFORD DR","city":"IOWA CITY","zip":"52240","affiliation_source":""}},{"type":"Feature","geometry":{"type":"Point","coordinates":[-91.49785965399991,41.64624619500006]},"properties":{"name":"Mercer Park Recreation Center","county":"Johnson","precinct":"IC.16","address":"2701 BRADFORD DRIVE","city":"IOWA CITY","zip":"52240","affiliation_source":""}},{"type":"Feature","geometry":{"type":"Point","coordinates":[-91.53556893899992,41.554275895000046]},"properties":{"name":"Hs Hills Community Center","county":"Johnson","precinct":"HS","address":"110 E MAIN ST","city":"HILLS","zip":"52235","affiliation_source":""}},{"type":"Feature","geometry":{"type":"Point","coordinates":[-91.53556893899992,41.554275895000046]},"properties":{"name":"Lb Hills Community Center","county":"Johnson","precinct":"LB","address":"110 MAIN ST E","city":"HILLS","zip":"52235","affiliation_source":""}},{"type":"Feature","geometry":{"type":"Point","coordinates":[-91.56372349499992,41.651162029000034]},"properties":{"name":"Horn Elementary School","county":"Johnson","precinct":"IC.02","address":"600 KOSER AVE","city":"IOWA CITY","zip":"52246","affiliation_source":""}},{"type":"Feature","geometry":{"type":"Point","coordinates":[-91.55980415699992,41.65571751400006]},"properties":{"name":"Uh St Andrew Church","county":"Johnson","precinct":"UH","address":"1300 MELROSE AVE","city":"IOWA CITY","zip":"52240","affiliation_source":""}},{"type":"Feature","geometry":{"type":"Point","coordinates":[-93.6819903519999,41.629507825000076]},"properties":{"name":"Douglas Avenue Presbyterian Church, PCUSA","county":"Polk","precinct":"Des Moines 015","address":"4601 DOUGLAS AVE.","city":"DES MOINES","zip":"50310","affiliation_source":"https://pcusa.org/congregation/douglas-avenue-church-des-moines-ia"}},{"type":"Feature","geometry":{"type":"Point","coordinates":[-93.68617107299991,41.63677834100008]},"properties":{"name":"Westchester Evangelical Free Church","county":"Polk","precinct":"Des Moines 009","address":"4919 AURORA AVE","city":"DES MOINES","zip":"50310","affiliation_source":""}},{"type":"Feature","geometry":{"type":"Point","coordinates":[-93.67815623699994,41.63938089900006]},"properties":{"name":"Zion Lutheran Church","county":"Polk","precinct":"Des Moines 010","address":"4300 BEAVER AVE.","city":"DES MOINES","zip":"50310","affiliation_source":""}},{"type":"Feature","geometry":{"type":"Point","coordinates":[-93.67815623699994,41.63938089900006]},"properties":{"name":"Zion Lutheran Church","county":"Polk","precinct":"Des Moines 011","address":"4300 BEAVER AVE.","city":"DES MOINES","zip":"50310","affiliation_source":""}},{"type":"Feature","geometry":{"type":"Point","coordinates":[-93.68617107299991,41.63677834100008]},"properties":{"name":"Westchester Evangelical Free Church","county":"Polk","precinct":"Des Moines 012","address":"4919 AURORA AVE.","city":"DES MOINES","zip":"50310","affiliation_source":""}},{"type":"Feature","geometry":{"type":"Point","coordinates":[-93.57036685899993,41.760982358000035]},"properties":{"name":"Ankeny First United Methodist Church, Christian Life Center","county":"Polk","precinct":"Ankeny 01 (92)","address":"710 NE 36TH ST.","city":"ANKENY","zip":"50021","affiliation_source":""}},{"type":"Feature","geometry":{"type":"Point","coordinates":[-93.59211124799992,41.73188830100008]},"properties":{"name":"Our Ladys Immaculate Heart Church","county":"Polk","precinct":"Ankeny 03 (94)","address":"510 E. 1ST ST.","city":"ANKENY","zip":"50021","affiliation_source":""}},{"type":"Feature","geometry":{"type":"Point","coordinates":[-93.59211124799992,41.73188830100008]},"properties":{"name":"Our Lady's Immaculate Heart Church","county":"Polk","precinct":"Ankeny 04 (95)","address":"510 E 1ST ST.","city":"ANKENY","zip":"50021","affiliation_source":""}},{"type":"Feature","geometry":{"type":"Point","coordinates":[-93.60733125999991,41.73489721800007]},"properties":{"name":"Lakeside Center","county":"Polk","precinct":"Ankeny 10 (101)","address":"400 NW LAKESHORE DR.","city":"ANKENY","zip":"50023","affiliation_source":""}},{"type":"Feature","geometry":{"type":"Point","coordinates":[-93.61010972499992,41.737764680000055]},"properties":{"name":"Ressurection Lutheran Church","county":"Polk","precinct":"Ankeny 02 (93)","address":"914 NW ASH DR.","city":"ANKENY","zip":"50021","affiliation_source":""}},{"type":"Feature","geometry":{"type":"Point","coordinates":[-93.62946734199994,41.73263073800007]},"properties":{"name":"Ankeny Evangelical Free Church","county":"Polk","precinct":"Ankeny 11 (102)","address":"118 NW LINDEN ST.","city":"ANKENY","zip":"50023","affiliation_source":""}},{"type":"Feature","geometry":{"type":"Point","coordinates":[-93.62946734199994,41.73263073800007]},"properties":{"name":"Ankeny Evangelical Free Church","county":"Polk","precinct":"Ankeny 12 (103)","address":"118 NW LINDEN ST.","city":"ANKENY","zip":"50023","affiliation_source":""}},{"type":"Feature","geometry":{"type":"Point","coordinates":[-93.62874122199992,41.73185799700008]},"properties":{"name":"St Anne's Episcopal Church","county":"Polk","precinct":"Ankeny 15 (106)","address":"2110 W. 1ST ST.","city":"ANKENY","zip":"50023","affiliation_source":""}},{"type":"Feature","geometry":{"type":"Point","coordinates":[-93.59000048999991,41.73184284600006]},"properties":{"name":"Cornerstone Baptist Church","county":"Polk","precinct":"Ankeny 05 (96)","address":"701 E. 1ST ST.","city":"ANKENY","zip":"50021","affiliation_source":""}},{"type":"Feature","geometry":{"type":"Point","coordinates":[-93.59849363699993,41.72737074400004]},"properties":{"name":"Ankeny Church Of The Brethren","county":"Polk","precinct":"Douglas 1 (118)","address":"417 SE GRANT ST.","city":"ANKENY","zip":"50021","affiliation_source":""}},{"type":"Feature","geometry":{"type":"Point","coordinates":[-93.6137669499999,41.818482207000045]},"properties":{"name":"North Polk Middle School","county":"Polk","precinct":"Alleman 1 (85)","address":"315 NE 141ST ST","city":"ALLEMAN","zip":"50007","affiliation_source":""}},{"type":"Feature","geometry":{"type":"Point","coordinates":[-93.60062770499991,41.66495013500008]},"properties":{"name":"Saydel Com. School District Office","county":"Polk","precinct":"Saylor 2 (141)","address":"5740 NE 14TH ST","city":"DES MOINES","zip":"50313","affiliation_source":""}},{"type":"Feature","geometry":{"type":"Point","coordinates":[-93.6206485699999,41.658607550000056]},"properties":{"name":"Saylor Township Fire Department","county":"Polk","precinct":"Saylor 1 (140)","address":"211 NW 54TH AVE.","city":"DES MOINES","zip":"50313","affiliation_source":""}},{"type":"Feature","geometry":{"type":"Point","coordinates":[-93.63814265499991,41.72991281100008]},"properties":{"name":"Ankeny Baptist Church","county":"Polk","precinct":"Ankeny 13 (104)","address":"2842 SW 3RD STREET","city":"ANKENY","zip":"50023","affiliation_source":""}},{"type":"Feature","geometry":{"type":"Point","coordinates":[-93.63255014299995,41.729788033000034]},"properties":{"name":"Ankeny Christian Church","county":"Polk","precinct":"Ankeny 14 (105)","address":"2506 SW 3RD ST.","city":"ANKENY","zip":"50023","affiliation_source":""}},{"type":"Feature","geometry":{"type":"Point","coordinates":[-93.63814265499991,41.72991281100008]},"properties":{"name":"Ankeny Baptist Church","county":"Polk","precinct":"Crocker 2 (115)","address":"2842 SW 3RD STREET","city":"ANKENY","zip":"50023","affiliation_source":""}},{"type":"Feature","geometry":{"type":"Point","coordinates":[-93.58115509899994,41.72550698400005]},"properties":{"name":"Ankeny United Church Of Christ","county":"Polk","precinct":"Ankeny 06 (97)","address":"602 SE DELAWARE AVE.","city":"ANKENY","zip":"50023","affiliation_source":""}},{"type":"Feature","geometry":{"type":"Point","coordinates":[-93.61231437799995,41.726671432000046]},"properties":{"name":"Holy Trinity Lutheran Church","county":"Polk","precinct":"Ankeny 08 (99)","address":"517 SW DES MOINES ST.","city":"ANKENY","zip":"50023","affiliation_source":""}},{"type":"Feature","geometry":{"type":"Point","coordinates":[-93.61231437799995,41.726671432000046]},"properties":{"name":"Holy Trinity Lutheran Church","county":"Polk","precinct":"Ankeny 09 (100)","address":"517 SW DES MOINES ST.","city":"ANKENY","zip":"50023","affiliation_source":""}},{"type":"Feature","geometry":{"type":"Point","coordinates":[-93.5957907959999,41.717342607000035]},"properties":{"name":"First Family Church","county":"Polk","precinct":"Ankeny 07 (98)","address":"317 SE MAGAZINE ROAD","city":"ANKENY","zip":"50021","affiliation_source":""}},{"type":"Feature","geometry":{"type":"Point","coordinates":[-93.63880782199993,41.69521054000006]},"properties":{"name":"Ankeny First United Methodist Church","county":"Polk","precinct":"Crocker 1 (114)","address":"7384 NW 16TH ST.","city":"ANKENY","zip":"50023","affiliation_source":""}},{"type":"Feature","geometry":{"type":"Point","coordinates":[-93.55685075899993,41.64398358800008]},"properties":{"name":"Norwoodville Community Center","county":"Polk","precinct":"Delaware 1 (116)","address":"3077 NE 46TH AVE","city":"DES MOINES","zip":"50317","affiliation_source":""}},{"type":"Feature","geometry":{"type":"Point","coordinates":[-93.78698042799994,41.61503789000005]},"properties":{"name":"Walnut Hills Church","county":"Polk","precinct":"Urbandale 11 (153)","address":"12321 HICKMAN RD","city":"URBANDALE","zip":"50323","affiliation_source":""}},{"type":"Feature","geometry":{"type":"Point","coordinates":[-93.7337907399999,41.636588361000065]},"properties":{"name":"Gloria Dei Church Family Life Center Ent.","county":"Polk","precinct":"Urbandale 07 (149)","address":"8301 AURORA AVE.","city":"URBANDALE","zip":"50322","affiliation_source":""}},{"type":"Feature","geometry":{"type":"Point","coordinates":[-93.7337907399999,41.636588361000065]},"properties":{"name":"Gloria Dei Lutheran Church","county":"Polk","precinct":"Urbandale 08 (150)","address":"8301 AURORA AVE","city":"URBANDALE","zip":"50322","affiliation_source":""}},{"type":"Feature","geometry":{"type":"Point","coordinates":[-93.72269032399993,41.63662798900003]},"properties":{"name":"Urban Heights Covenant Church","county":"Polk","precinct":"Urbandale 04 (146)","address":"7605 AURORA AVE.","city":"URBANDALE","zip":"50322","affiliation_source":""}},{"type":"Feature","geometry":{"type":"Point","coordinates":[-93.7213068509999,41.62786211100007]},"properties":{"name":"Aldersgate United Methodist Church","county":"Polk","precinct":"Urbandale 06 (148)","address":"3600 75TH ST.","city":"URBANDALE","zip":"50322","affiliation_source":""}},{"type":"Feature","geometry":{"type":"Point","coordinates":[-93.73657123599992,41.626845142000036]},"properties":{"name":"Urbandale Library","county":"Polk","precinct":"Urbandale 09 (151)","address":"3520 86TH ST","city":"URBANDALE","zip":"50322","affiliation_source":""}},{"type":"Feature","geometry":{"type":"Point","coordinates":[-93.73657123599992,41.626845142000036]},"properties":{"name":"Urbandale Library","county":"Polk","precinct":"Urbandale 10 (152)","address":"3520 86TH ST.","city":"URBANDALE","zip":"50322","affiliation_source":""}},{"type":"Feature","geometry":{"type":"Point","coordinates":[-93.70991039299992,41.64021313000006]},"properties":{"name":"New Hope Assembly Of God","county":"Polk","precinct":"Urbandale 01 (143)","address":"6800 TOWNSEND AVE.","city":"URBANDALE","zip":"50322","affiliation_source":""}},{"type":"Feature","geometry":{"type":"Point","coordinates":[-93.70680894299994,41.63662798900003]},"properties":{"name":"Urbandale Baptist Church","county":"Polk","precinct":"Urbandale 02 (144)","address":"6501 AURORA AVE.","city":"URBANDALE","zip":"50322","affiliation_source":""}},{"type":"Feature","geometry":{"type":"Point","coordinates":[-93.7073742199999,41.62901131400008]},"properties":{"name":"St Pius Church Lower Level","county":"Polk","precinct":"Urbandale 03 (145)","address":"3663 66TH ST","city":"URBANDALE","zip":"50322","affiliation_source":""}},{"type":"Feature","geometry":{"type":"Point","coordinates":[-93.7122472609999,41.62728284700006]},"properties":{"name":"Urbandale United Church Of Christ","county":"Polk","precinct":"Urbandale 05 (147)","address":"3530 70TH ST","city":"URBANDALE","zip":"50322","affiliation_source":""}},{"type":"Feature","geometry":{"type":"Point","coordinates":[-93.7842095339999,41.68840727500009]},"properties":{"name":"Grimes United Methodist Church","county":"Polk","precinct":"Grimes 1 (123)","address":"801 W 1ST ST.","city":"GRIMES","zip":"50111","affiliation_source":""}},{"type":"Feature","geometry":{"type":"Point","coordinates":[-93.7842095339999,41.68840727500009]},"properties":{"name":"Grimes United Methodist Church","county":"Polk","precinct":"Grimes 3 (125)","address":"801 W. 1ST ST.","city":"GRIMES","zip":"50111","affiliation_source":""}},{"type":"Feature","geometry":{"type":"Point","coordinates":[-93.79451435199991,41.678830316000074]},"properties":{"name":"St Peter Lutheran Church","county":"Polk","precinct":"Grimes 2 (124)","address":"1001 S JAMES ST","city":"GRIMES","zip":"50111","affiliation_source":""}},{"type":"Feature","geometry":{"type":"Point","coordinates":[-93.69768408399995,41.67376030300005]},"properties":{"name":"Johnston City Hall","county":"Polk","precinct":"Johnston 1 (127)","address":"6221 MERLE HAY RD","city":"JOHNSTON","zip":"50131","affiliation_source":""}},{"type":"Feature","geometry":{"type":"Point","coordinates":[-93.69768408399995,41.67376030300005]},"properties":{"name":"Johnston City Hall","county":"Polk","precinct":"Johnston 2 (128)","address":"6221 MERLE HAY RD.","city":"JOHNSTON","zip":"50131","affiliation_source":""}},{"type":"Feature","geometry":{"type":"Point","coordinates":[-93.70554318799992,41.66320884700008]},"properties":{"name":"Crown Point Community Center","county":"Polk","precinct":"Johnston 3 (129)","address":"6300 PIONEER PKWY.","city":"JOHNSTON","zip":"50131","affiliation_source":""}},{"type":"Feature","geometry":{"type":"Point","coordinates":[-93.6977575109999,41.68354135000004]},"properties":{"name":"Johnston Public Library","county":"Polk","precinct":"Johnston 6 (132)","address":"6700 MERLE HAY RD.","city":"JOHNSTON","zip":"50131","affiliation_source":""}},{"type":"Feature","geometry":{"type":"Point","coordinates":[-93.7580768489999,41.67304952000006]},"properties":{"name":"Johnston Evangelical Free Church","county":"Polk","precinct":"Johnston 4 (130)","address":"9901 NW 62ND AVE.","city":"JOHNSTON","zip":"50131","affiliation_source":""}},{"type":"Feature","geometry":{"type":"Point","coordinates":[-93.7580768489999,41.67304952000006]},"properties":{"name":"Johnston Evangelical Free Church","county":"Polk","precinct":"Johnston 5 (131)","address":"9901 NW 62ND AVE.","city":"JOHNSTON","zip":"50131","affiliation_source":""}},{"type":"Feature","geometry":{"type":"Point","coordinates":[-93.6513208479999,41.60038263700005]},"properties":{"name":"First Christian Church","county":"Polk","precinct":"Des Moines 038","address":"2500 UNIVERSITY AVE.","city":"DES MOINES","zip":"50311","affiliation_source":""}},{"type":"Feature","geometry":{"type":"Point","coordinates":[-93.6513208479999,41.60038263700005]},"properties":{"name":"First Christian Church","county":"Polk","precinct":"Des Moines 045","address":"2500 UNIVERSITY AVE.","city":"DES MOINES","zip":"50311","affiliation_source":""}},{"type":"Feature","geometry":{"type":"Point","coordinates":[-93.70237641499995,41.60038859900004]},"properties":{"name":"Windsor United Methodist Church","county":"Polk","precinct":"Des Moines 043","address":"6222 UNIVERSITY AVE.","city":"DES MOINES","zip":"50312","affiliation_source":""}},{"type":"Feature","geometry":{"type":"Point","coordinates":[-93.67809141599992,41.591703873000085]},"properties":{"name":"Roosevelt High School","county":"Polk","precinct":"Des Moines 044","address":"4419 CENTER ST.","city":"DES MOINES","zip":"50312","affiliation_source":""}},{"type":"Feature","geometry":{"type":"Point","coordinates":[-93.65833178799994,41.59164379100008]},"properties":{"name":"Callanan School","county":"Polk","precinct":"Des Moines 058","address":"3010 CENTER ST.","city":"DES MOINES","zip":"50312","affiliation_source":""}},{"type":"Feature","geometry":{"type":"Point","coordinates":[-93.67353100499992,41.58635326800004]},"properties":{"name":"Plymouth Congregational Church","county":"Polk","precinct":"Des Moines 059","address":"4126 INGERSOLL AVE.","city":"DES MOINES","zip":"50312","affiliation_source":""}},{"type":"Feature","geometry":{"type":"Point","coordinates":[-93.66930016599991,41.584517574000074]},"properties":{"name":"Central Presbyterian Church, PCUSA","county":"Polk","precinct":"Des Moines 060","address":"3829 GRAND AVE.","city":"DES MOINES","zip":"50312","affiliation_source":"https://pcusa.org/congregation/central-church-des-moines-ia"}},{"type":"Feature","geometry":{"type":"Point","coordinates":[-93.67431423399995,41.585051381000085]},"properties":{"name":"St Augustins Parish Hall","county":"Polk","precinct":"Des Moines 062","address":"545 42ND ST.","city":"DES MOINES","zip":"50312","affiliation_source":""}},{"type":"Feature","geometry":{"type":"Point","coordinates":[-93.66440031899992,41.584433656000044]},"properties":{"name":"Wesley Acres","county":"Polk","precinct":"Des Moines 061","address":"3520 GRAND AVE.","city":"DES MOINES","zip":"50312","affiliation_source":""}},{"type":"Feature","geometry":{"type":"Point","coordinates":[-93.7000578229999,41.58268682500005]},"properties":{"name":"Junior Achievement","county":"Polk","precinct":"Des Moines 063","address":"6100 GRAND AVE.","city":"DES MOINES","zip":"50312","affiliation_source":""}},{"type":"Feature","geometry":{"type":"Point","coordinates":[-93.6529106189999,41.55548795700008]},"properties":{"name":"Brody School","county":"Polk","precinct":"Des Moines 064","address":"2501 PARK AVE.","city":"DES MOINES","zip":"50321","affiliation_source":""}},{"type":"Feature","geometry":{"type":"Point","coordinates":[-93.64510745899992,41.54902048400004]},"properties":{"name":"Wakonda Christian Church","county":"Polk","precinct":"Des Moines 065","address":"3938 FLEUR DR.","city":"DES MOINES","zip":"50321","affiliation_source":""}},{"type":"Feature","geometry":{"type":"Point","coordinates":[-93.64510745899992,41.54902048400004]},"properties":{"name":"Wakonda Christian Church","county":"Polk","precinct":"Des Moines 082","address":"3938 FLEUR DR.","city":"DES MOINES","zip":"50321","affiliation_source":""}},{"type":"Feature","geometry":{"type":"Point","coordinates":[-93.7179804559999,41.58174713100004]},"properties":{"name":"St Marks Lutheran Church","county":"Polk","precinct":"West Des Moines 118 (163)","address":"1115 GRAND AVE.","city":"WEST DES MOINES","zip":"50265","affiliation_source":""}},{"type":"Feature","geometry":{"type":"Point","coordinates":[-93.76237046499995,41.55926773900006]},"properties":{"name":"Valley Evangelical Free Church","county":"Polk","precinct":"West Des Moines 112 (157)","address":"4343 FULLER RD.","city":"WEST DES MOINES","zip":"50265","affiliation_source":""}},{"type":"Feature","geometry":{"type":"Point","coordinates":[-93.75693477599992,41.56767448700003]},"properties":{"name":"Wdm Community Schools Learning Resource Center","county":"Polk","precinct":"West Des Moines 311 (167)","address":"3550 MILLS CIVIC PKWY","city":"WEST DES MOINES","zip":"50266","affiliation_source":""}},{"type":"Feature","geometry":{"type":"Point","coordinates":[-93.76567937699991,41.56009409400008]},"properties":{"name":"Wdm Christian Church","county":"Polk","precinct":"West Des Moines 314 (170)","address":"4501 MILLS CIVIC PKWY.","city":"WEST DES MOINES","zip":"50265","affiliation_source":""}},{"type":"Feature","geometry":{"type":"Point","coordinates":[-93.76567937699991,41.56009409400008]},"properties":{"name":"Wdm Christian Church","county":"Polk","precinct":"West Des Moines 315 (171)","address":"4501 MILLS CIVIC PKWY.","city":"WEST DES MOINES","zip":"50265","affiliation_source":""}},{"type":"Feature","geometry":{"type":"Point","coordinates":[-93.7527117969999,41.568277212000055]},"properties":{"name":"Wdm Law Enforcement Center","county":"Polk","precinct":"West Des Moines 316 (172)","address":"250 MILLS CIVIC PKWY.","city":"WEST DES MOINES","zip":"50265","affiliation_source":""}},{"type":"Feature","geometry":{"type":"Point","coordinates":[-93.76237046499995,41.55926773900006]},"properties":{"name":"Valley Evangelical Free Church","county":"Polk","precinct":"West Des Moines 317 (173)","address":"4343 FULLER RD.","city":"WEST DES MOINES","zip":"50265","affiliation_source":""}},{"type":"Feature","geometry":{"type":"Point","coordinates":[-93.76671202799992,41.54122781600006]},"properties":{"name":"Wdm Fire/ems Station #18","county":"Polk","precinct":"West Des Moines 318 (174)","address":"5025 GRAND AVE.","city":"WEST DES MOINES","zip":"50265","affiliation_source":""}},{"type":"Feature","geometry":{"type":"Point","coordinates":[-93.7220394069999,41.56995626200006]},"properties":{"name":"Wdm Fire/ems Station #17","county":"Polk","precinct":"West Des Moines 113 (158)","address":"1401 RAILROAD AVE.","city":"WEST DES MOINES","zip":"50265","affiliation_source":""}},{"type":"Feature","geometry":{"type":"Point","coordinates":[-93.71028572599994,41.570116262000056]},"properties":{"name":"Westside Senior Center","county":"Polk","precinct":"West Des Moines 111 (156)","address":"134 6TH ST.","city":"WEST DES MOINES","zip":"50265","affiliation_source":""}},{"type":"Feature","geometry":{"type":"Point","coordinates":[-93.77898029599993,41.584462794000046]},"properties":{"name":"Ashworth Road Baptist Church","county":"Polk","precinct":"West Des Moines 213 (166)","address":"5300 ASHWORTH RD.","city":"WEST DES MOINES","zip":"50266","affiliation_source":""}},{"type":"Feature","geometry":{"type":"Point","coordinates":[-93.71221773699995,41.595395058000065]},"properties":{"name":"Windsor Heights Community Center","county":"Polk","precinct":"Windsor Heights 1 (175)","address":"6900 SCHOOL ST.","city":"WINDSOR HEIGHTS","zip":"50324","affiliation_source":""}},{"type":"Feature","geometry":{"type":"Point","coordinates":[-93.70865745799995,41.60143044000006]},"properties":{"name":"Windsor Heights Lutheran Church","county":"Polk","precinct":"Windsor Heights 2 (176)","address":"1240 66TH ST.","city":"WINDSOR HEIGHTS","zip":"50324","affiliation_source":""}},{"type":"Feature","geometry":{"type":"Point","coordinates":[-93.71221773699995,41.595395058000065]},"properties":{"name":"Windsor Heights Community Center","county":"Polk","precinct":"Windsor Heights 3 (177)","address":"6900 SCHOOL ST.","city":"WINDSOR HEIGHTS","zip":"50324","affiliation_source":""}},{"type":"Feature","geometry":{"type":"Point","coordinates":[-93.7419447179999,41.58525889500004]},"properties":{"name":"Covenant Presbyterian Church, PCUSA","county":"Polk","precinct":"West Des Moines 114 (159)","address":"1025 28TH ST.","city":"WEST DES MOINES","zip":"50265","affiliation_source":"https://www.wdmcovenant.org/about-us.html"}},{"type":"Feature","geometry":{"type":"Point","coordinates":[-93.73879244999995,41.58530193100006]},"properties":{"name":"St Timothys Episcopal Church","county":"Polk","precinct":"West Des Moines 115 (160)","address":"1020 24TH ST.","city":"WEST DES MOINES","zip":"50265","affiliation_source":""}},{"type":"Feature","geometry":{"type":"Point","coordinates":[-93.7419540439999,41.585551390000035]},"properties":{"name":"Covenant Presbyterian Church, PCUSA","county":"Polk","precinct":"West Des Moines 116 (161)","address":"1025 28TH ST.","city":"WEST DES MOINES","zip":"50266","affiliation_source":"https://www.wdmcovenant.org/about-us.html"}},{"type":"Feature","geometry":{"type":"Point","coordinates":[-93.72609480799991,41.578516308000076]},"properties":{"name":"Sacred Heart Parish Hall","county":"Polk","precinct":"West Des Moines 117 (162)","address":"1627 GRAND AVE.","city":"WEST DES MOINES","zip":"50265","affiliation_source":""}},{"type":"Feature","geometry":{"type":"Point","coordinates":[-93.76147068299991,41.584667925000076]},"properties":{"name":"Valley United Methodist Church","county":"Polk","precinct":"West Des Moines 211 (164)","address":"4201 ASHWORTH RD","city":"WEST DES MOINES","zip":"50265","affiliation_source":""}},{"type":"Feature","geometry":{"type":"Point","coordinates":[-93.76147068299991,41.584667925000076]},"properties":{"name":"Valley United Methodist Church","county":"Polk","precinct":"West Des Moines 212 (165)","address":"4201 ASHWORTH RD.","city":"WEST DES MOINES","zip":"50265","affiliation_source":""}},{"type":"Feature","geometry":{"type":"Point","coordinates":[-93.76542063199992,41.58458284300008]},"properties":{"name":"Community Of Christ Church","county":"Polk","precinct":"West Des Moines 312 (168)","address":"4504 ASHWORTH RD.","city":"WEST DES MOINES","zip":"50265","affiliation_source":""}},{"type":"Feature","geometry":{"type":"Point","coordinates":[-93.75716058899991,41.58465277300007]},"properties":{"name":"Shepherd Of The Valley Church","county":"Polk","precinct":"West Des Moines 313 (169)","address":"3900 ASHWORTH RD.","city":"WEST DES MOINES","zip":"50265","affiliation_source":""}},{"type":"Feature","geometry":{"type":"Point","coordinates":[-93.74734923799991,41.60214840000003]},"properties":{"name":"Indian Hills School","county":"Polk","precinct":"Clive 2 (111)","address":"9401 INDIAN HILLS DR","city":"CLIVE","zip":"50325","affiliation_source":""}},{"type":"Feature","geometry":{"type":"Point","coordinates":[-93.76093104699993,41.60046771900005]},"properties":{"name":"Faith Lutheran Church","county":"Polk","precinct":"Clive 3 (112)","address":"10395 UNIVERSITY AVE","city":"CLIVE","zip":"50325","affiliation_source":""}},{"type":"Feature","geometry":{"type":"Point","coordinates":[-93.77498722299993,41.60963104100006]},"properties":{"name":"Clive City Hall","county":"Polk","precinct":"Clive 4 (113)","address":"1900 NW 114TH ST.","city":"CLIVE","zip":"50325","affiliation_source":""}},{"type":"Feature","geometry":{"type":"Point","coordinates":[-93.7345902859999,41.60762751200008]},"properties":{"name":"Dymond Public Safety Center","county":"Polk","precinct":"Clive 1 (110)","address":"8505 HARBACH BLVD","city":"CLIVE","zip":"50325","affiliation_source":""}},{"type":"Feature","geometry":{"type":"Point","coordinates":[-93.79885295499992,41.58554389400007]},"properties":{"name":"Clearwater Lake Clubhouse","county":"Polk","precinct":"Des Moines 072","address":"5701 SE 66TH PL.","city":"DES MOINES","zip":"50320","affiliation_source":""}},{"type":"Feature","geometry":{"type":"Point","coordinates":[-95.82716907499992,41.27496818100008]},"properties":{"name":"St Paul's Episcopal Church","county":"Pottawattamie","precinct":"Council Bluffs 08","address":"22 DILLMAN DR","city":"COUNCIL BLUFFS","zip":"51503","affiliation_source":""}},{"type":"Feature","geometry":{"type":"Point","coordinates":[-95.84327073799994,41.26298313500007]},"properties":{"name":"Broadway Methodist","county":"Pottawattamie","precinct":"Council Bluffs 06","address":"11 S 1ST ST","city":"COUNCIL BLUFFS","zip":"51503","affiliation_source":""}},{"type":"Feature","geometry":{"type":"Point","coordinates":[-95.83628693999992,41.264775705000034]},"properties":{"name":"St Pauls Lutheran","county":"Pottawattamie","precinct":"Council Bluffs 09","address":"239 FRANK ST","city":"COUNCIL BLUFFS","zip":"51503","affiliation_source":""}},{"type":"Feature","geometry":{"type":"Point","coordinates":[-95.84327073799994,41.26298313500007]},"properties":{"name":"Broadway Methodist","county":"Pottawattamie","precinct":"Council Bluffs 11","address":"11 S 1ST ST","city":"COUNCIL BLUFFS","zip":"51503","affiliation_source":""}},{"type":"Feature","geometry":{"type":"Point","coordinates":[-95.8253322139999,41.227498867000065]},"properties":{"name":"First Assembly Of God","county":"Pottawattamie","precinct":"Council Bluffs 12","address":"3320 HARRY LANGDON BLVD","city":"COUNCIL BLUFFS","zip":"51503","affiliation_source":""}},{"type":"Feature","geometry":{"type":"Point","coordinates":[-95.85139441599995,41.25497134700004]},"properties":{"name":"The Center","county":"Pottawattamie","precinct":"Council Bluffs 13","address":"714 S MAIN ST","city":"COUNCIL BLUFFS","zip":"51503","affiliation_source":""}},{"type":"Feature","geometry":{"type":"Point","coordinates":[-95.85250606199992,41.259526691000076]},"properties":{"name":"Masonic Temple","county":"Pottawattamie","precinct":"Council Bluffs 15","address":"130 S 6TH ST","city":"COUNCIL BLUFFS","zip":"51501","affiliation_source":""}},{"type":"Feature","geometry":{"type":"Point","coordinates":[-95.85490729399993,41.24355041300004]},"properties":{"name":"Bethany Presbyterian Church, PCUSA","county":"Pottawattamie","precinct":"Council Bluffs 14","address":"1900 S 7TH ST","city":"COUNCIL BLUFFS","zip":"51501","affiliation_source":"https://pcusa.org/congregation/bethany-church-council-bluffs-ia"}},{"type":"Feature","geometry":{"type":"Point","coordinates":[-95.8576765709999,41.235521144000074]},"properties":{"name":"Aea Green Hills Petersen Cntr","county":"Pottawattamie","precinct":"Council Bluffs 18","address":"2600 S 9TH ST","city":"COUNCIL BLUFFS","zip":"51501","affiliation_source":""}},{"type":"Feature","geometry":{"type":"Point","coordinates":[-95.89244054699992,41.21117342300005]},"properties":{"name":"Fox Run Golf Club","county":"Pottawattamie","precinct":"Council Bluffs 19","address":"3001 MACINEERY DR","city":"COUNCIL BLUFFS","zip":"51501","affiliation_source":""}},{"type":"Feature","geometry":{"type":"Point","coordinates":[-95.83891052599995,41.20697755000003]},"properties":{"name":"Gethsemane Presbyterian Church, PCUSA","county":"Pottawattamie","precinct":"Council Bluffs 20","address":"224 WALLACE AVE","city":"COUNCIL BLUFFS","zip":"51501","affiliation_source":"https://pcusa.org/congregation/gethsemane-church-council-bluffs-ia"}},{"type":"Feature","geometry":{"type":"Point","coordinates":[-95.83891052599995,41.20697755000003]},"properties":{"name":"Gethsemane Presbyterian Church, PCUSA","county":"Pottawattamie","precinct":"Council Bluffs 21","address":"224 WALLACE AVE","city":"COUNCIL BLUFFS","zip":"51501","affiliation_source":"https://pcusa.org/congregation/gethsemane-church-council-bluffs-ia"}},{"type":"Feature","geometry":{"type":"Point","coordinates":[-95.9168908339999,41.284968346000085]},"properties":{"name":"Carter Lake City Hall","county":"Pottawattamie","precinct":"Carter Lake 1","address":"950 E LOCUST ST","city":"CARTER LAKE","zip":"51510","affiliation_source":""}},{"type":"Feature","geometry":{"type":"Point","coordinates":[-95.9168908339999,41.284968346000085]},"properties":{"name":"Carter Lake City Hall","county":"Pottawattamie","precinct":"Carter Lake 2","address":"950 E LOCUST ST","city":"CARTER LAKE","zip":"51510","affiliation_source":""}},{"type":"Feature","geometry":{"type":"Point","coordinates":[-95.90987214699993,41.26838345800007]},"properties":{"name":"Northwest Christian Church","county":"Pottawattamie","precinct":"Council Bluffs 01","address":"714 BENSON","city":"COUNCIL BLUFFS","zip":"51501","affiliation_source":""}},{"type":"Feature","geometry":{"type":"Point","coordinates":[-93.32767179099994,41.02070775000004]},"properties":{"name":"Lucas County Extension Office","county":"Lucas","precinct":"Extension Precinct","address":"48293 HY-VEE RD.","city":"CHARITON","zip":"50049","affiliation_source":""}},{"type":"Feature","geometry":{"type":"Point","coordinates":[-93.32879090499995,41.027307789000076]},"properties":{"name":"Attica Gavel Lodge","county":"Marion","precinct":"Indiana","address":"1870 HWY G76","city":"BUSSEY","zip":"50049","affiliation_source":""}},{"type":"Feature","geometry":{"type":"Point","coordinates":[-93.46081079399994,41.028546636000044]},"properties":{"name":"Lucas Community Building","county":"Lucas","precinct":"Lucas Precinct","address":"110 E. FRONT ST.","city":"LUCAS","zip":"50151","affiliation_source":""}},{"type":"Feature","geometry":{"type":"Point","coordinates":[-93.3084468969999,41.013790215000085]},"properties":{"name":"City Hall","county":"Lucas","precinct":"Chariton Ward #1","address":"115 S. MAIN ST.","city":"CHARITON","zip":"50049","affiliation_source":""}},{"type":"Feature","geometry":{"type":"Point","coordinates":[-93.30716192299991,41.01941054000008]},"properties":{"name":"Chariton Community Center","county":"Lucas","precinct":"Chariton Ward #2","address":"915 OSAGE","city":"CHARITON","zip":"50049","affiliation_source":""}},{"type":"Feature","geometry":{"type":"Point","coordinates":[-92.92433799399993,41.31840975300008]},"properties":{"name":"Harvey Community Center","county":"Marion","precinct":"Clay Township","address":"300 MAIN ST","city":"HARVEY","zip":"50119","affiliation_source":""}},{"type":"Feature","geometry":{"type":"Point","coordinates":[-93.24177849599994,41.22346506000008]},"properties":{"name":"Melcher Dallas Community Ctr","county":"Marion","precinct":"Dallas","address":"112 N MAIN ST","city":"MELCHER","zip":"50163","affiliation_source":""}},{"type":"Feature","geometry":{"type":"Point","coordinates":[-92.8859337849999,41.20454057000006]},"properties":{"name":"Bussey Community Center","county":"Marion","precinct":"Liberty","address":"313 5TH ST","city":"BUSSEY","zip":"50044","affiliation_source":""}},{"type":"Feature","geometry":{"type":"Point","coordinates":[-93.26994482299995,41.386783835000074]},"properties":{"name":"Pleasantville Memorial Building","county":"Marion","precinct":"Pleasantville","address":"101 N JEFFERSON ST","city":"PLEASANTVILLE","zip":"50225","affiliation_source":""}},{"type":"Feature","geometry":{"type":"Point","coordinates":[-93.11913724899995,41.31241052300004]},"properties":{"name":"Community Of Christ Church","county":"Marion","precinct":"Knoxville City Ward 3","address":"714 WILLETTS DR","city":"KNOXVILLE","zip":"50138","affiliation_source":""}},{"type":"Feature","geometry":{"type":"Point","coordinates":[-93.1519303309999,41.17542341600006]},"properties":{"name":"Columbia Fire Station","county":"Marion","precinct":"Washington","address":"1032 VIRGINIA ST","city":"COLUMBIA","zip":"50057","affiliation_source":""}},{"type":"Feature","geometry":{"type":"Point","coordinates":[-93.0351475199999,41.46239201700007]},"properties":{"name":"Otley Reformed Church","county":"Marion","precinct":"Otley","address":"700 JOHNSTON ST","city":"OTLEY","zip":"50214","affiliation_source":""}},{"type":"Feature","geometry":{"type":"Point","coordinates":[-93.1094916369999,41.33590834000006]},"properties":{"name":"Marion Co Public Health Bldg","county":"Marion","precinct":"Knoxville Twp","address":"2003 N LINCOLN","city":"KNOXVILLE","zip":"50138","affiliation_source":""}},{"type":"Feature","geometry":{"type":"Point","coordinates":[-93.0964340779999,41.31684183200008]},"properties":{"name":"Knoxville City Hall","county":"Marion","precinct":"Knoxville City Ward 2","address":"305 S THIRD ST","city":"KNOXVILLE","zip":"50138","affiliation_source":""}},{"type":"Feature","geometry":{"type":"Point","coordinates":[-93.10116650099991,41.318957616000034]},"properties":{"name":"Knoxville School Admin. Bldg.","county":"Marion","precinct":"Knoxville City Ward 1","address":"309 W MAIN ST","city":"KNOXVILLE","zip":"50138","affiliation_source":""}},{"type":"Feature","geometry":{"type":"Point","coordinates":[-93.10951478399994,41.32540191900006]},"properties":{"name":"Bingley Building","county":"Marion","precinct":"Knoxville City Ward 4","address":"MARION COUNTY FAIRGROUNDS\r\n1000 N LINCOLN ST","city":"KNOXVILLE","zip":"50138","affiliation_source":""}},{"type":"Feature","geometry":{"type":"Point","coordinates":[-93.10455754899994,41.517194946000075]},"properties":{"name":"Monroe City Hall","county":"Jasper","precinct":"Fairview","address":"206 W SHERMAN","city":"MONROE","zip":"50170","affiliation_source":""}},{"type":"Feature","geometry":{"type":"Point","coordinates":[-92.84738684899992,41.57860022600005]},"properties":{"name":"Sully Community Center","county":"Jasper","precinct":"Elk Creek-Lynngrove","address":"318 6TH AVE","city":"SULLY","zip":"50251","affiliation_source":""}},{"type":"Feature","geometry":{"type":"Point","coordinates":[-93.0391601739999,41.67750079100006]},"properties":{"name":"Jasper County Community Center","county":"Jasper","precinct":"Newton 3-2","address":"2401 IST AVE E","city":"NEWTON","zip":"50208","affiliation_source":""}},{"type":"Feature","geometry":{"type":"Point","coordinates":[-93.02297016299991,41.579088579000086]},"properties":{"name":"Reasnor City Hall","county":"Jasper","precinct":"Palo Alto","address":"312 NORTH ST","city":"REASNOR","zip":"50232","affiliation_source":""}},{"type":"Feature","geometry":{"type":"Point","coordinates":[-93.3079513969999,40.98680106300009]},"properties":{"name":"Pin Oak Marsh","county":"Lucas","precinct":"Pin Oak Marsh","address":"45996 STATE HWY 14","city":"CHARITON","zip":"50049","affiliation_source":""}},{"type":"Feature","geometry":{"type":"Point","coordinates":[-93.19917349799994,40.98548912900009]},"properties":{"name":"Russell Community Center","county":"Lucas","precinct":"Russell Precinct","address":"316 MAPLE ST.","city":"RUSSELL","zip":"50238","affiliation_source":""}},{"type":"Feature","geometry":{"type":"Point","coordinates":[-93.25651892399992,41.08706468300005]},"properties":{"name":"Williamson Community Center","county":"Lucas","precinct":"Williamson Precinct","address":"204 MAIN ST.","city":"WILLIAMSON","zip":"50272","affiliation_source":""}},{"type":"Feature","geometry":{"type":"Point","coordinates":[-91.36164440599993,41.28151957100005]},"properties":{"name":"American Legion Cj","county":"Louisa","precinct":"Columbus Jct City","address":"99 2ND ST","city":"COLUMBUS JCT","zip":"52738","affiliation_source":""}},{"type":"Feature","geometry":{"type":"Point","coordinates":[-91.1716249349999,41.232792044000064]},"properties":{"name":"Louisa County Complex","county":"Louisa","precinct":"Grandview Port Louisa","address":"12635 COUNTY RD G56","city":"WAPELLO","zip":"52653","affiliation_source":""}},{"type":"Feature","geometry":{"type":"Point","coordinates":[-91.2557353599999,41.095466686000066]},"properties":{"name":"Morning Sun Community Center","county":"Louisa","precinct":"Morningsun Marshall","address":"19 NE 1ST ST","city":"MORNING SUN","zip":"52640","affiliation_source":""}},{"type":"Feature","geometry":{"type":"Point","coordinates":[-91.18482981699992,41.182089759000064]},"properties":{"name":"Briggs Civic Center","county":"Louisa","precinct":"Southeast Louisa","address":"317 N WATER ST","city":"WAPELLO","zip":"52653","affiliation_source":""}},{"type":"Feature","geometry":{"type":"Point","coordinates":[-91.37511665499994,41.25851103300005]},"properties":{"name":"Columbus City Masonic Lodge","county":"Louisa","precinct":"West Louisa","address":"2502 MARKET ST","city":"COLUMBUS CITY","zip":"52737","affiliation_source":""}},{"type":"Feature","geometry":{"type":"Point","coordinates":[-91.09904914599991,41.41860154700004]},"properties":{"name":"Lutheran Homes","county":"Muscatine","precinct":"Fruitland 2/Lake","address":"2421 LUTHERAN DR","city":"MUSCATINE","zip":"52761","affiliation_source":""}},{"type":"Feature","geometry":{"type":"Point","coordinates":[-91.16536144999992,41.57204300800004]},"properties":{"name":"Atalissa City Hall","county":"Muscatine","precinct":"Goshen","address":"122 3RD STREET","city":"ATALISSA","zip":"52720","affiliation_source":""}},{"type":"Feature","geometry":{"type":"Point","coordinates":[-91.35046238199993,41.38197843800003]},"properties":{"name":"Conesville City Hall","county":"Muscatine","precinct":"Orono","address":"306 W 3RD STREET","city":"CONESVILLE","zip":"52739","affiliation_source":""}},{"type":"Feature","geometry":{"type":"Point","coordinates":[-91.30769517699991,41.480068439000036]},"properties":{"name":"Nichols City Hall","county":"Muscatine","precinct":"Pike","address":"332 MAIN STREET","city":"NICHOLS","zip":"52766","affiliation_source":""}},{"type":"Feature","geometry":{"type":"Point","coordinates":[-91.26199144299994,41.574293401000034]},"properties":{"name":"Cnty Fairgrounds City 2","county":"Muscatine","precinct":"West Liberty 2","address":"COUNTY FAIRGROUNDS","city":"WEST LIBERTY","zip":"52776","affiliation_source":""}},{"type":"Feature","geometry":{"type":"Point","coordinates":[-91.26199144299994,41.574293401000034]},"properties":{"name":"Cnty Fairgounds Twp/city 1","county":"Muscatine","precinct":"West Liberty 1/Wapsie","address":"COUNTY FAIRGROUNDS","city":"WEST LIBERTY","zip":"52776","affiliation_source":""}},{"type":"Feature","geometry":{"type":"Point","coordinates":[-91.08736365999994,41.451369690000035]},"properties":{"name":"Church Of Christ","county":"Muscatine","precinct":"Bloomington","address":"3603 MULBERRY AVE","city":"MUSCATINE","zip":"52761","affiliation_source":""}},{"type":"Feature","geometry":{"type":"Point","coordinates":[-91.06796240799991,41.443602663000036]},"properties":{"name":"Musc School Admin Bldg East","county":"Muscatine","precinct":"Muscatine 1","address":"2900 MULBERRY AVE","city":"MUSCATINE","zip":"52761","affiliation_source":""}},{"type":"Feature","geometry":{"type":"Point","coordinates":[-91.06796240799991,41.443602663000036]},"properties":{"name":"Musc School Admin Bldg West","county":"Muscatine","precinct":"Muscatine 6","address":"2900 MULBERRY AVE","city":"MUSCATINE","zip":"52761","affiliation_source":""}},{"type":"Feature","geometry":{"type":"Point","coordinates":[-91.07141700999995,41.42794040000007]},"properties":{"name":"West Middle School","county":"Muscatine","precinct":"Muscatine 2","address":"600 KINDLER AVE","city":"MUSCATINE","zip":"52761","affiliation_source":""}},{"type":"Feature","geometry":{"type":"Point","coordinates":[-91.05760209699991,41.42422355500008]},"properties":{"name":"Washington School","county":"Muscatine","precinct":"Muscatine 3","address":"610 MAIDEN LANE","city":"MUSCATINE","zip":"52761","affiliation_source":""}},{"type":"Feature","geometry":{"type":"Point","coordinates":[-91.04745507599995,41.42163610000006]},"properties":{"name":"Clark House","county":"Muscatine","precinct":"Muscatine 4","address":"117 W 3RD STREET","city":"MUSCATINE","zip":"52761","affiliation_source":""}},{"type":"Feature","geometry":{"type":"Point","coordinates":[-91.04918820599994,41.42823177900004]},"properties":{"name":"Central Middle School","county":"Muscatine","precinct":"Muscatine 5","address":"901 CEDAR STREET","city":"MUSCATINE","zip":"52761","affiliation_source":""}},{"type":"Feature","geometry":{"type":"Point","coordinates":[-91.07230397099994,41.415913395000075]},"properties":{"name":"Mulford Church","county":"Muscatine","precinct":"Muscatine 7","address":"2400 HERSHEY AVE","city":"MUSCATINE","zip":"52761","affiliation_source":""}},{"type":"Feature","geometry":{"type":"Point","coordinates":[-91.06729689499991,41.40110079600004]},"properties":{"name":"Garfield School","county":"Muscatine","precinct":"Muscatine 8","address":"1409 WISCONSIN STREET","city":"MUSCATINE","zip":"52761","affiliation_source":""}},{"type":"Feature","geometry":{"type":"Point","coordinates":[-91.03092683199992,41.434393886000066]},"properties":{"name":"Lincoln Center","county":"Muscatine","precinct":"Muscatine 9","address":"810 PARK AVE","city":"MUSCATINE","zip":"52761","affiliation_source":""}},{"type":"Feature","geometry":{"type":"Point","coordinates":[-91.0345772419999,41.44502226600008]},"properties":{"name":"Madison School","county":"Muscatine","precinct":"Muscatine 10","address":"1820 1ST AVE","city":"MUSCATINE","zip":"52761","affiliation_source":""}},{"type":"Feature","geometry":{"type":"Point","coordinates":[-91.12391437899993,41.354509119000056]},"properties":{"name":"Fruitland City Hall","county":"Muscatine","precinct":"Fruitland 1","address":"104 SAND RUN RD","city":"FRUITLAND","zip":"52749","affiliation_source":""}},{"type":"Feature","geometry":{"type":"Point","coordinates":[-90.84700410799991,41.518171014000075]},"properties":{"name":"A-1 Sign","county":"Muscatine","precinct":"Fulton/Montpelier","address":"3667 HWY 61","city":"BLUE GRASS","zip":"52720","affiliation_source":""}},{"type":"Feature","geometry":{"type":"Point","coordinates":[-90.89387095899991,41.466118186000074]},"properties":{"name":"New Era Fellowship Hall","county":"Muscatine","precinct":"Sweetland","address":"3455 NEW ERA ROAD","city":"MUSCATINE","zip":"52761","affiliation_source":""}},{"type":"Feature","geometry":{"type":"Point","coordinates":[-92.86713824899994,43.32170096900006]},"properties":{"name":"Mitchell City Hall","county":"Mitchell","precinct":"Rock Mitchell Cedar","address":"125 E. VAN BUREN","city":"MITCHELL","zip":"50461","affiliation_source":""}},{"type":"Feature","geometry":{"type":"Point","coordinates":[-92.64153168999991,43.28440353000008]},"properties":{"name":"New Haven Catholic Church","county":"Mitchell","precinct":"Douglas East Lincoln","address":"2985 360TH ST","city":"OSAGE","zip":"50461","affiliation_source":""}},{"type":"Feature","geometry":{"type":"Point","coordinates":[-92.55465001899995,43.36378341100004]},"properties":{"name":"Riceville City Hall","county":"Mitchell","precinct":"Jenkins Riceville City","address":"123 W MAIN ST","city":"RICEVILLE","zip":"50466","affiliation_source":""}},{"type":"Feature","geometry":{"type":"Point","coordinates":[-93.01469956599993,43.41503874300008]},"properties":{"name":"Carpenter Community Center","county":"Mitchell","precinct":"Otranto Newburg Carpenter City","address":"508 WILLIAM ST.","city":"CARPENTER","zip":"50426","affiliation_source":""}},{"type":"Feature","geometry":{"type":"Point","coordinates":[-92.9253646279999,43.37968287100006]},"properties":{"name":"First Lutheran Church","county":"Mitchell","precinct":"St Ansgar Union","address":"212 N. MAIN ST.","city":"ST. ANSGAR","zip":"50472","affiliation_source":""}},{"type":"Feature","geometry":{"type":"Point","coordinates":[-92.78227900899992,43.436298289000035]},"properties":{"name":"Stacyville Library","county":"Mitchell","precinct":"Stacyville","address":"106 N BROAD ST","city":"STACYVILLE","zip":"50476","affiliation_source":""}},{"type":"Feature","geometry":{"type":"Point","coordinates":[-92.80852937399993,43.28412630200006]},"properties":{"name":"Osage United Methodist Church","county":"Mitchell","precinct":"BO Lib Osage","address":"819 MAIN ST","city":"OSAGE","zip":"50461","affiliation_source":""}},{"type":"Feature","geometry":{"type":"Point","coordinates":[-92.8088353039999,43.28801267000006]},"properties":{"name":"Our Savior's Lutheran Church","county":"Mitchell","precinct":"Osage Pct 1","address":"833 ASH ST","city":"OSAGE","zip":"50461","affiliation_source":""}},{"type":"Feature","geometry":{"type":"Point","coordinates":[-92.81429060499994,43.28510608600004]},"properties":{"name":"Lincoln School","county":"Mitchell","precinct":"Osage Pct 2","address":"515 CHASE ST","city":"OSAGE","zip":"50461","affiliation_source":""}},{"type":"Feature","geometry":{"type":"Point","coordinates":[-92.8156112659999,43.28210733100008]},"properties":{"name":"County Service Building","county":"Mitchell","precinct":"Osage Pct 3","address":"415 PLEASANT ST","city":"OSAGE","zip":"50461","affiliation_source":""}},{"type":"Feature","geometry":{"type":"Point","coordinates":[-92.80904469599994,43.28406698800006]},"properties":{"name":"Osage City Hall","county":"Mitchell","precinct":"Osage Pct 4","address":"806 MAIN ST","city":"OSAGE","zip":"50461","affiliation_source":""}},{"type":"Feature","geometry":{"type":"Point","coordinates":[-91.02186001899992,42.29578150300006]},"properties":{"name":"Cascade Ems Center","county":"Jones","precinct":"Richland/Washington","address":"803 1ST AVE W","city":"CASCADE","zip":"52032","affiliation_source":""}},{"type":"Feature","geometry":{"type":"Point","coordinates":[-91.35844581499993,42.020957287000044]},"properties":{"name":"Martelle Fire Station","county":"Jones","precinct":"Greenfield","address":"212 IOWA ST","city":"MARTELLE","zip":"52305","affiliation_source":""}},{"type":"Feature","geometry":{"type":"Point","coordinates":[-90.95500761699992,41.98284838500007]},"properties":{"name":"Oxford Junction Fire Station","county":"Jones","precinct":"Oxford","address":"201 MAIN ST","city":"OXFORD JUNCTION","zip":"52323","affiliation_source":""}},{"type":"Feature","geometry":{"type":"Point","coordinates":[-91.13776187699995,41.99362095400005]},"properties":{"name":"Olin School Community Mtg Rm","county":"Jones","precinct":"Rome/Hale","address":"301 PARKWAY ST","city":"OLIN","zip":"52320","affiliation_source":""}},{"type":"Feature","geometry":{"type":"Point","coordinates":[-91.01447477399995,42.106698649000066]},"properties":{"name":"Onslow Community Room","county":"Jones","precinct":"Scotch Grove/Madison/Clay","address":"105 S MAIN ST","city":"ONSLOW","zip":"52321","affiliation_source":""}},{"type":"Feature","geometry":{"type":"Point","coordinates":[-91.00650182599992,42.05891614700005]},"properties":{"name":"Wyoming Memorial Hall","county":"Jones","precinct":"Wyoming","address":"130 W MAIN ST","city":"WYOMING","zip":"52362","affiliation_source":""}},{"type":"Feature","geometry":{"type":"Point","coordinates":[-90.42553479299994,42.25829965500009]},"properties":{"name":"Bellevue Comm Center","county":"Jackson","precinct":"Pct 1","address":"106 N 3RD","city":"BELLEVUE","zip":"52031","affiliation_source":""}},{"type":"Feature","geometry":{"type":"Point","coordinates":[-90.5409315899999,42.361743491000084]},"properties":{"name":"St Donatus City Hall","county":"Jackson","precinct":"Pct 2","address":"114 S MAIN ST","city":"ST DONATUS","zip":"52071","affiliation_source":""}},{"type":"Feature","geometry":{"type":"Point","coordinates":[-90.62554483899993,42.296003581000036]},"properties":{"name":"Lamotte Recreation Center","county":"Jackson","precinct":"Pct 3","address":"ELM STREET","city":"LAMOTTE","zip":"52054","affiliation_source":""}},{"type":"Feature","geometry":{"type":"Point","coordinates":[-90.6962121489999,42.24041830400006]},"properties":{"name":"St Lawrence Community Hall","county":"Jackson","precinct":"Pct 4","address":"17374 BELLEVUE-CASCADE RD","city":"ZWINGLE","zip":"52079","affiliation_source":""}},{"type":"Feature","geometry":{"type":"Point","coordinates":[-90.87978331499994,42.07716089300004]},"properties":{"name":"Monmouth City Hall/water Bldg","county":"Jackson","precinct":"Pct 5","address":"501 N. DIVISION ST","city":"MONMOUTH","zip":"52309","affiliation_source":""}},{"type":"Feature","geometry":{"type":"Point","coordinates":[-90.59215969199994,42.15458641200007]},"properties":{"name":"Andrew City Hall","county":"Jackson","precinct":"Pct 6","address":"11 E BENTON ST","city":"ANDREW","zip":"52030","affiliation_source":""}},{"type":"Feature","geometry":{"type":"Point","coordinates":[-90.4769679129999,42.163934451000046]},"properties":{"name":"Springbrook City Hall","county":"Jackson","precinct":"Pct 8","address":"101 E MAIN","city":"SPRINGBROOK","zip":"52075","affiliation_source":""}},{"type":"Feature","geometry":{"type":"Point","coordinates":[-90.39403610699992,42.05072577100009]},"properties":{"name":"Preston Comm Hall","county":"Jackson","precinct":"Pct 9","address":"1 W GILLET ST","city":"PRESTON","zip":"52069","affiliation_source":""}},{"type":"Feature","geometry":{"type":"Point","coordinates":[-90.31579009299992,42.046632344000045]},"properties":{"name":"Miles City Hall","county":"Jackson","precinct":"Pct 10","address":"430 FERRY RD","city":"MILES","zip":"52064","affiliation_source":""}},{"type":"Feature","geometry":{"type":"Point","coordinates":[-90.17419577099992,42.07220834200007]},"properties":{"name":"Sabula City Hall","county":"Jackson","precinct":"Pct 11","address":"411 BROAD","city":"SABULA","zip":"52070","affiliation_source":""}},{"type":"Feature","geometry":{"type":"Point","coordinates":[-90.65459564999992,42.070824652000056]},"properties":{"name":"Senior Citizen's Bldg","county":"Jackson","precinct":"Pct 12","address":"1000 E QUARRY ST","city":"MAQUOKETA","zip":"52060","affiliation_source":""}},{"type":"Feature","geometry":{"type":"Point","coordinates":[-90.67329298499993,42.073737244000085]},"properties":{"name":"County Hospital/skilled Unit Lobby","county":"Jackson","precinct":"Pct 13","address":"700 W GROVE ST","city":"MAQUOKETA","zip":"52060","affiliation_source":""}},{"type":"Feature","geometry":{"type":"Point","coordinates":[-90.66396040899991,42.06771318500006]},"properties":{"name":"Maquoketa City Hall","county":"Jackson","precinct":"Pct 14","address":"201 E PLEASANT ST","city":"MAQUOKETA","zip":"52060","affiliation_source":""}},{"type":"Feature","geometry":{"type":"Point","coordinates":[-90.66732060499993,42.06920272000008]},"properties":{"name":"Courthouse Courtroom","county":"Jackson","precinct":"Pct 7","address":"201 W PLATT ST","city":"MAQUOKETA","zip":"52060","affiliation_source":""}},{"type":"Feature","geometry":{"type":"Point","coordinates":[-90.66732060499993,42.06920272000008]},"properties":{"name":"Courthouse North Lobby","county":"Jackson","precinct":"Pct 15","address":"201 W PLATT ST","city":"MAQUOKETA","zip":"52060","affiliation_source":""}},{"type":"Feature","geometry":{"type":"Point","coordinates":[-90.66786244499991,42.06905534200007]},"properties":{"name":"Maquoketa Fire Station","county":"Jackson","precinct":"Pct 16","address":"106 S NIAGARA ST","city":"MAQUOKETA","zip":"52060","affiliation_source":""}},{"type":"Feature","geometry":{"type":"Point","coordinates":[-91.63323396399994,41.99707099400007]},"properties":{"name":"Washington Senior High School","county":"Linn","precinct":"Cedar Rapids 15","address":"2205 FOREST DR SE","city":"CEDAR RAPIDS","zip":"52403","affiliation_source":""}},{"type":"Feature","geometry":{"type":"Point","coordinates":[-91.65767609199992,41.98237611300004]},"properties":{"name":"First Lutheran Church","county":"Linn","precinct":"Cedar Rapids 17","address":"1000 3RD AVE SE","city":"CEDAR RAPIDS","zip":"52403","affiliation_source":""}},{"type":"Feature","geometry":{"type":"Point","coordinates":[-91.66357012999993,41.97886323600005]},"properties":{"name":"First Presbyterian Church, PCUSA","county":"Linn","precinct":"Cedar Rapids 22","address":"310  5TH ST SE","city":"CEDAR RAPIDS","zip":"52401","affiliation_source":"https://pcusa.org/congregation/first-church-cedar-rapids-ia"}},{"type":"Feature","geometry":{"type":"Point","coordinates":[-91.64468753299991,41.98613142100004]},"properties":{"name":"Johnson School For The Arts","county":"Linn","precinct":"Cedar Rapids 23","address":"355  18TH ST SE","city":"CEDAR RAPIDS","zip":"52403","affiliation_source":""}},{"type":"Feature","geometry":{"type":"Point","coordinates":[-91.63330739199995,41.99669103500008]},"properties":{"name":"Bethany Lutheran Church","county":"Linn","precinct":"Cedar Rapids 24","address":"2202 FOREST DR SE","city":"CEDAR RAPIDS","zip":"52403","affiliation_source":""}},{"type":"Feature","geometry":{"type":"Point","coordinates":[-91.61440731399995,41.97800075100008]},"properties":{"name":"Calvin-Sinclair Presbyterian Church, PCUSA","county":"Linn","precinct":"Cedar Rapids 25","address":"715 38TH ST SE","city":"CEDAR RAPIDS","zip":"52403","affiliation_source":"https://pcusa.org/site_media/media/uploads/oga/pdf/statistics/2022_minutes_part_iia_stats.pdf"}},{"type":"Feature","geometry":{"type":"Point","coordinates":[-91.63095770299992,41.978899367000054]},"properties":{"name":"Grant Wood Elem School","county":"Linn","precinct":"Cedar Rapids 26","address":"645   26TH ST SE","city":"CEDAR RAPIDS","zip":"52403","affiliation_source":""}},{"type":"Feature","geometry":{"type":"Point","coordinates":[-91.62271397799992,41.98006139100005]},"properties":{"name":"St Stephens Lutheran Church","county":"Linn","precinct":"Cedar Rapids 36","address":"610   31ST ST SE","city":"CEDAR RAPIDS","zip":"52403","affiliation_source":""}},{"type":"Feature","geometry":{"type":"Point","coordinates":[-91.66019011999992,41.96896796700008]},"properties":{"name":"African-american Museum Of Iowa","county":"Linn","precinct":"Cedar Rapids 35","address":"55     12TH AVE SE","city":"CEDAR RAPIDS","zip":"52401","affiliation_source":""}},{"type":"Feature","geometry":{"type":"Point","coordinates":[-91.69621052799994,42.03460308200005]},"properties":{"name":"River Of Life Ministries","county":"Linn","precinct":"Cedar Rapids 01","address":"3801 BLAIRS FERRY RD NE","city":"CEDAR RAPIDS","zip":"52402","affiliation_source":""}},{"type":"Feature","geometry":{"type":"Point","coordinates":[-91.66224027099992,42.04765691100005]},"properties":{"name":"Northbrook Baptist Church","county":"Linn","precinct":"Cedar Rapids 02","address":"1700 BOYSON RD NE","city":"CEDAR RAPIDS","zip":"52402","affiliation_source":""}},{"type":"Feature","geometry":{"type":"Point","coordinates":[-91.65334917099995,42.02622766300004]},"properties":{"name":"Harding Middle School","county":"Linn","precinct":"Cedar Rapids 08","address":"4801 GOLF ST NE","city":"CEDAR RAPIDS","zip":"52402","affiliation_source":""}},{"type":"Feature","geometry":{"type":"Point","coordinates":[-91.65832761899992,42.02809947800006]},"properties":{"name":"St. Pius X Catholic Church","county":"Linn","precinct":"Cedar Rapids 09","address":"4949 COUNCIL ST NE","city":"CEDAR RAPIDS","zip":"52402","affiliation_source":""}},{"type":"Feature","geometry":{"type":"Point","coordinates":[-91.6784806309999,42.02172757800008]},"properties":{"name":"Lovely Lane United Methodist Church","county":"Linn","precinct":"Cedar Rapids 10","address":"2424 42ND STREET NE","city":"CEDAR RAPIDS","zip":"52402","affiliation_source":""}},{"type":"Feature","geometry":{"type":"Point","coordinates":[-91.68555067799991,42.02171825400006]},"properties":{"name":"Oakland Church Of Nazarene","county":"Linn","precinct":"Cedar Rapids 12","address":"3000 42ND ST NE","city":"CEDAR RAPIDS","zip":"52402","affiliation_source":""}},{"type":"Feature","geometry":{"type":"Point","coordinates":[-91.67175441299992,42.005850860000066]},"properties":{"name":"Isaac Newton Academy","county":"Linn","precinct":"Cedar Rapids 13","address":"1635 LINMAR DR NE","city":"CEDAR RAPIDS","zip":"52402","affiliation_source":""}},{"type":"Feature","geometry":{"type":"Point","coordinates":[-91.64851976499995,42.008357894000085]},"properties":{"name":"Buffalo United Methodist Church","county":"Linn","precinct":"Cedar Rapids 14","address":"1000 30TH ST NE","city":"CEDAR RAPIDS","zip":"52402","affiliation_source":""}},{"type":"Feature","geometry":{"type":"Point","coordinates":[-91.64320848799991,41.99710246300003]},"properties":{"name":"Franklin Middle School","county":"Linn","precinct":"Cedar Rapids 16","address":"300   20TH ST NE","city":"CEDAR RAPIDS","zip":"52402","affiliation_source":""}},{"type":"Feature","geometry":{"type":"Point","coordinates":[-91.55233053299992,41.99060352200007]},"properties":{"name":"Tber-antioch Christian Church","county":"Linn","precinct":"Bertram Township","address":"7215 COTTAGE GROVE PKWY","city":"MARION","zip":"52302","affiliation_source":""}},{"type":"Feature","geometry":{"type":"Point","coordinates":[-91.5858054439999,41.873305551000044]},"properties":{"name":"Tput-ely Public Library","county":"Linn","precinct":"Putnam Township","address":"1595   DOWS ST","city":"ELY","zip":"52227","affiliation_source":""}},{"type":"Feature","geometry":{"type":"Point","coordinates":[-91.59894085899992,42.03233264800008]},"properties":{"name":"-marion Public Library","county":"Linn","precinct":"Marion 01","address":"1095   6TH AVE","city":"MARION","zip":"52302","affiliation_source":""}},{"type":"Feature","geometry":{"type":"Point","coordinates":[-91.61665367799992,42.027885533000074]},"properties":{"name":"Kirkwood Training Services Cr07","county":"Linn","precinct":"Cedar Rapids 07","address":"3375 ARMAR DR","city":"MARION","zip":"52302","affiliation_source":""}},{"type":"Feature","geometry":{"type":"Point","coordinates":[-91.61665367799992,42.027885533000074]},"properties":{"name":"-kirkwood Training Services","county":"Linn","precinct":"Marion 02","address":"3375 ARMAR DR","city":"MARION","zip":"52302","affiliation_source":""}},{"type":"Feature","geometry":{"type":"Point","coordinates":[-91.5994431979999,42.016353364000054]},"properties":{"name":"-grace Baptist Church","county":"Linn","precinct":"Marion 03","address":"1461 E POST RD","city":"MARION","zip":"52302","affiliation_source":""}},{"type":"Feature","geometry":{"type":"Point","coordinates":[-91.67525097499993,42.03873368600006]},"properties":{"name":"-hiawatha City Hall - Com. Center Room","county":"Linn","precinct":"Hiawatha 02","address":"101   EMMONS ST","city":"HIAWATHA","zip":"52233","affiliation_source":""}},{"type":"Feature","geometry":{"type":"Point","coordinates":[-91.67525097499993,42.03873368600006]},"properties":{"name":"-hiawatha City Hall - Multipurpose Room","county":"Linn","precinct":"Hiawatha 03","address":"101   EMMONS ST","city":"HIAWATHA","zip":"52233","affiliation_source":""}},{"type":"Feature","geometry":{"type":"Point","coordinates":[-91.6109503799999,42.04368365100004]},"properties":{"name":"-faith Lutheran Church","county":"Linn","precinct":"Marion 14","address":"155   BOYSON RD","city":"MARION","zip":"52302","affiliation_source":""}},{"type":"Feature","geometry":{"type":"Point","coordinates":[-91.59852010599991,42.04304844300009]},"properties":{"name":"-marion Christian Church","county":"Linn","precinct":"Marion 11","address":"1050   MCGOWAN BLVD","city":"MARION","zip":"52302","affiliation_source":""}},{"type":"Feature","geometry":{"type":"Point","coordinates":[-91.59944785999994,42.06732157000005]},"properties":{"name":"-lowe Park Arts And Environmental Center","county":"Linn","precinct":"Marion 12","address":"4500 N 10TH ST","city":"MARION","zip":"52302","affiliation_source":""}},{"type":"Feature","geometry":{"type":"Point","coordinates":[-91.6385137719999,42.060230544000035]},"properties":{"name":"St. Mark's Lutheran Church","county":"Linn","precinct":"Cedar Rapids 04","address":"8300 C AVE NE","city":"MARION","zip":"52302","affiliation_source":""}},{"type":"Feature","geometry":{"type":"Point","coordinates":[-91.63866762099991,42.05029098600005]},"properties":{"name":"Noelridge Christian Church","county":"Linn","precinct":"Cedar Rapids 03","address":"7111 C AVE NE","city":"CEDAR RAPIDS","zip":"52402","affiliation_source":""}},{"type":"Feature","geometry":{"type":"Point","coordinates":[-91.63867810999994,42.04443075000006]},"properties":{"name":"Mt Zion Missionary Baptist Church","county":"Linn","precinct":"Cedar Rapids 05","address":"6621 C AVE NE","city":"CEDAR RAPIDS","zip":"52402","affiliation_source":""}},{"type":"Feature","geometry":{"type":"Point","coordinates":[-91.6385941929999,42.04366034000009]},"properties":{"name":"Peace Christian Reformed Church","county":"Linn","precinct":"Cedar Rapids 06","address":"6600 C AVE NE","city":"CEDAR RAPIDS","zip":"52402","affiliation_source":""}},{"type":"Feature","geometry":{"type":"Point","coordinates":[-91.70772018399992,42.00514087700009]},"properties":{"name":"Cr Schools Els Center","county":"Linn","precinct":"Cedar Rapids 19","address":"2500 EDGEWOOD RD NW","city":"CEDAR RAPIDS","zip":"52405","affiliation_source":""}},{"type":"Feature","geometry":{"type":"Point","coordinates":[-91.7160080569999,41.979640637000045]},"properties":{"name":"Holy Reedemer Lutheran Church","county":"Linn","precinct":"Cedar Rapids 20","address":"720 EDGEWOOD RD NW","city":"CEDAR RAPIDS","zip":"52405","affiliation_source":""}},{"type":"Feature","geometry":{"type":"Point","coordinates":[-91.68215784799992,41.98744962400008]},"properties":{"name":"St James United Methodist Church","county":"Linn","precinct":"Cedar Rapids 18","address":"1430 ELLIS BLVD NW","city":"CEDAR RAPIDS","zip":"52405","affiliation_source":""}},{"type":"Feature","geometry":{"type":"Point","coordinates":[-91.70011152399991,41.98006838400005]},"properties":{"name":"Immanuel Baptist Church","county":"Linn","precinct":"Cedar Rapids 21","address":"1900 F AVE NW","city":"CEDAR RAPIDS","zip":"52405","affiliation_source":""}},{"type":"Feature","geometry":{"type":"Point","coordinates":[-91.68703788199991,41.97747043800007]},"properties":{"name":"Linn County Day Care","county":"Linn","precinct":"Cedar Rapids 27","address":"520   11TH ST NW","city":"CEDAR RAPIDS","zip":"52405","affiliation_source":""}},{"type":"Feature","geometry":{"type":"Point","coordinates":[-91.71199803999991,41.968435243000044]},"properties":{"name":"First Church Of The Nazerene","county":"Linn","precinct":"Cedar Rapids 28","address":"3113 1ST AVE SW","city":"CEDAR RAPIDS","zip":"52404","affiliation_source":""}},{"type":"Feature","geometry":{"type":"Point","coordinates":[-91.72577395199994,41.96528958500005]},"properties":{"name":"Ibew Local 405","county":"Linn","precinct":"Cedar Rapids 29","address":"1211 WILEY BLVD SW","city":"CEDAR RAPIDS","zip":"52404","affiliation_source":""}},{"type":"Feature","geometry":{"type":"Point","coordinates":[-91.74443323499992,41.97268439900006]},"properties":{"name":"Gloria Dei Lutheran Church","county":"Linn","precinct":"Cedar Rapids 30","address":"153   CHERRY HILL RD NW","city":"CEDAR RAPIDS","zip":"50405","affiliation_source":""}},{"type":"Feature","geometry":{"type":"Point","coordinates":[-91.75248068499991,41.97855320700006]},"properties":{"name":"Cedar Hills Community Church","county":"Linn","precinct":"Cedar Rapids 31","address":"6455  E AVE NW","city":"CEDAR RAPIDS","zip":"52405","affiliation_source":""}},{"type":"Feature","geometry":{"type":"Point","coordinates":[-91.75502734799994,41.96947030700005]},"properties":{"name":"Tcli-stoney Point Ymca","county":"Linn","precinct":"Clinton Township","address":"300   STONEY POINT RD SW","city":"CEDAR RAPIDS","zip":"52404","affiliation_source":""}},{"type":"Feature","geometry":{"type":"Point","coordinates":[-91.73915062899994,41.96625696700005]},"properties":{"name":"Calvary Baptist Church","county":"Linn","precinct":"Cedar Rapids 32","address":"5338  JOHNSON AVE SW","city":"CEDAR RAPIDS","zip":"52404","affiliation_source":""}},{"type":"Feature","geometry":{"type":"Point","coordinates":[-91.78100796299992,41.919880910000074]},"properties":{"name":"Fai-fairfax Public Library","county":"Linn","precinct":"Fairfax City","address":"313   VANDERBILT ST","city":"FAIRFAX","zip":"52228","affiliation_source":""}},{"type":"Feature","geometry":{"type":"Point","coordinates":[-91.77398220599991,41.92986825500009]},"properties":{"name":"Tfai-guaranty Bank-community Room","county":"Linn","precinct":"Fairfax Township","address":"300 80TH STREET COURT","city":"FAIRFAX","zip":"52228","affiliation_source":""}},{"type":"Feature","geometry":{"type":"Point","coordinates":[-91.68088160299993,41.943032808000055]},"properties":{"name":"Elks Lodge 251","county":"Linn","precinct":"Cedar Rapids 38","address":"801 33RD AVE SW","city":"CEDAR RAPIDS","zip":"52404","affiliation_source":""}},{"type":"Feature","geometry":{"type":"Point","coordinates":[-91.68800839099993,41.95322047500008]},"properties":{"name":"Linn County Csb","county":"Linn","precinct":"Cedar Rapids 39","address":"1240 26TH AVE CT SW","city":"CEDAR RAPIDS","zip":"52404","affiliation_source":""}},{"type":"Feature","geometry":{"type":"Point","coordinates":[-91.72102911799993,41.94573448400007]},"properties":{"name":"Salem United Methodist Church","county":"Linn","precinct":"Cedar Rapids 40","address":"3715 33RD AVE SW","city":"CEDAR RAPIDS","zip":"52404","affiliation_source":""}},{"type":"Feature","geometry":{"type":"Point","coordinates":[-91.74047699199991,41.96169045800008]},"properties":{"name":"Cr Moose Lodge 304/515","county":"Linn","precinct":"Cedar Rapids 41","address":"1820 WEST POST RD SW","city":"CEDAR RAPIDS","zip":"52404","affiliation_source":""}},{"type":"Feature","geometry":{"type":"Point","coordinates":[-91.6761938809999,41.935220325000046]},"properties":{"name":"Grant Wood Aea","county":"Linn","precinct":"Cedar Rapids 42","address":"4401  6TH ST SW","city":"CEDAR RAPIDS","zip":"52404","affiliation_source":""}},{"type":"Feature","geometry":{"type":"Point","coordinates":[-91.65656418599991,41.91577012000005]},"properties":{"name":"Kirkwood Recreation Center","county":"Linn","precinct":"Cedar Rapids 43","address":"6301 KIRKWOOD BLVD SW","city":"CEDAR RAPIDS","zip":"52404","affiliation_source":""}},{"type":"Feature","geometry":{"type":"Point","coordinates":[-91.65656418599991,41.91577012000005]},"properties":{"name":"Kirkwood Recreation Center","county":"Linn","precinct":"Cedar Rapids 44","address":"6301 KIRKWOOD BLVD SW","city":"CEDAR RAPIDS","zip":"52404","affiliation_source":""}},{"type":"Feature","geometry":{"type":"Point","coordinates":[-91.66808069299992,41.90505316000008]},"properties":{"name":"Tcol-prairie Senior High School","county":"Linn","precinct":"College Township","address":"401   76TH AVE SW","city":"CEDAR RAPIDS","zip":"52404","affiliation_source":""}},{"type":"Feature","geometry":{"type":"Point","coordinates":[-93.10296332399992,41.937910345000034]},"properties":{"name":"Melbourne Recreation Center","county":"Marshall","precinct":"Eden Logan","address":"613 MAIN ST","city":"MELBOURNE","zip":"50162","affiliation_source":""}},{"type":"Feature","geometry":{"type":"Point","coordinates":[-92.7878450739999,41.880530612000086]},"properties":{"name":"Gilman City Hall","county":"Marshall","precinct":"Green Castle","address":"128 N MAIN ST","city":"GILMAN","zip":"50106","affiliation_source":""}},{"type":"Feature","geometry":{"type":"Point","coordinates":[-92.92222374599993,41.88473814100007]},"properties":{"name":"Laurel City Hall","county":"Marshall","precinct":"Jefferson","address":"102 N MAIN ST","city":"LAUREL","zip":"50141","affiliation_source":""}},{"type":"Feature","geometry":{"type":"Point","coordinates":[-92.77445907299995,42.00855486700004]},"properties":{"name":"Legrand Comm Bldg","county":"Marshall","precinct":"Legrand","address":"206 N VINE ST","city":"LEGRAND","zip":"50142","affiliation_source":""}},{"type":"Feature","geometry":{"type":"Point","coordinates":[-93.15627772199991,42.114789718000054]},"properties":{"name":"Clemons Fire Station","county":"Marshall","precinct":"Liberty Minerva","address":"202 BEVINS ST","city":"CLEMONS","zip":"50051","affiliation_source":""}},{"type":"Feature","geometry":{"type":"Point","coordinates":[-93.02553780499994,42.00518651300007]},"properties":{"name":"Consumer's Energy","county":"Marshall","precinct":"Marietta Washington","address":"2074 242ND ST","city":"MARSHALLTOWN","zip":"50158","affiliation_source":""}},{"type":"Feature","geometry":{"type":"Point","coordinates":[-93.1627673399999,42.01675313700008]},"properties":{"name":"State Center City Hall","county":"Marshall","precinct":"State Center","address":"118 E MAIN ST.","city":"STATE CENTER","zip":"50247","affiliation_source":""}},{"type":"Feature","geometry":{"type":"Point","coordinates":[-93.0048556449999,42.18943430600007]},"properties":{"name":"Liscomb Comm Bldg","county":"Marshall","precinct":"Bangor Liscomb","address":"114 MAIN ST","city":"LISCOMB","zip":"50148","affiliation_source":""}},{"type":"Feature","geometry":{"type":"Point","coordinates":[-92.82363004699994,42.10324640500005]},"properties":{"name":"Lions Park Bldg","county":"Marshall","precinct":"Marion Vienna","address":"111 WOOLSTON ST","city":"GREEN MOUNTAIN","zip":"50632","affiliation_source":""}},{"type":"Feature","geometry":{"type":"Point","coordinates":[-92.99000341899995,42.111139309000066]},"properties":{"name":"Albion Fire Station","county":"Marshall","precinct":"Taylor","address":"100 S MAIN ST","city":"ALBION","zip":"50005","affiliation_source":""}},{"type":"Feature","geometry":{"type":"Point","coordinates":[-92.91466068499994,42.04549836700005]},"properties":{"name":"2library","county":"Marshall","precinct":"1-2 PUBLIC LIBRARY","address":"105 W. BOONE ST.","city":"MARSHALLTOWN","zip":"50158","affiliation_source":""}},{"type":"Feature","geometry":{"type":"Point","coordinates":[-92.91466068499994,42.04549836700005]},"properties":{"name":"1 Library","county":"Marshall","precinct":"1-1 PUBLIC LIBRARY","address":"105 W BOONE ST","city":"MARSHALLTOWN","zip":"50158","affiliation_source":""}},{"type":"Feature","geometry":{"type":"Point","coordinates":[-92.93693028299992,42.05276771700005]},"properties":{"name":"1 Ivh Malloy Hall","county":"Marshall","precinct":"2-1 IVH MALLOY HALL","address":"1301 SUMMIT ST","city":"MARSHALLTOWN","zip":"50158","affiliation_source":""}},{"type":"Feature","geometry":{"type":"Point","coordinates":[-92.93693028299992,42.05276771700005]},"properties":{"name":"2 Ivh Malloy Hall","county":"Marshall","precinct":"2-2 IVH MALLOY HALL","address":"1301 SUMMIT ST","city":"MARSHALLTOWN","zip":"50158","affiliation_source":""}},{"type":"Feature","geometry":{"type":"Point","coordinates":[-92.91280750699991,42.03818938900008]},"properties":{"name":"1 Fisher Community Center","county":"Marshall","precinct":"3-1 FISHER COMMUNITY CENTER","address":"709 S CENTER ST","city":"MARSHALLTOWN","zip":"50158","affiliation_source":""}},{"type":"Feature","geometry":{"type":"Point","coordinates":[-92.91280750699991,42.03818938900008]},"properties":{"name":"2 Fisher Community Center","county":"Marshall","precinct":"3-2 FISHER COMMUNITY CENTER","address":"709 S. CENTER ST.","city":"MARSHALLTOWN","zip":"50158","affiliation_source":""}},{"type":"Feature","geometry":{"type":"Point","coordinates":[-92.91276193399995,42.039856730000054]},"properties":{"name":"Ivccd Admin Bldg","county":"Marshall","precinct":"Timber Creek","address":"3702 S CENTER ST","city":"MARSHALLTOWN","zip":"50158","affiliation_source":""}},{"type":"Feature","geometry":{"type":"Point","coordinates":[-92.89928047799992,42.02844796900007]},"properties":{"name":"1 First Baptist Church","county":"Marshall","precinct":"4-1 FIRST BAPTIST CHURCH","address":"700 E. OLIVE ST.","city":"MARSHALLTOWN","zip":"50158","affiliation_source":""}},{"type":"Feature","geometry":{"type":"Point","coordinates":[-92.89928047799992,42.02844796900007]},"properties":{"name":"2 First Baptist Church","county":"Marshall","precinct":"4-2 FIRST BAPTIST CHURCH","address":"700 E OLIVE ST","city":"MARSHALLTOWN","zip":"50158","affiliation_source":""}},{"type":"Feature","geometry":{"type":"Point","coordinates":[-92.06859593199994,41.801063475000035]},"properties":{"name":"Marengo Public Library","county":"Iowa","precinct":"Marengo City","address":"1020 MARENGO AVE","city":"MARENGO","zip":"52301","affiliation_source":""}},{"type":"Feature","geometry":{"type":"Point","coordinates":[-91.89629237299994,41.801603594000085]},"properties":{"name":"Middle Amana Fire Station","county":"Iowa","precinct":"Lenox Iowa","address":"2725 K ST","city":"MIDDLE","zip":"52307","affiliation_source":""}},{"type":"Feature","geometry":{"type":"Point","coordinates":[-92.0076208179999,41.65689457700006]},"properties":{"name":"Williamsburg Rec Center","county":"Iowa","precinct":"Pilot Troy York","address":"939 S HIGHLAND ST","city":"WILLIAMSBURG","zip":"52361","affiliation_source":""}},{"type":"Feature","geometry":{"type":"Point","coordinates":[-92.0076208179999,41.65689457700006]},"properties":{"name":"Williamsburg Rec Center","county":"Iowa","precinct":"Williamsburg City","address":"939 S HIGHLAND ST","city":"WILLIAMSBURG","zip":"52361","affiliation_source":""}},{"type":"Feature","geometry":{"type":"Point","coordinates":[-91.27936880399994,42.10650303700004]},"properties":{"name":"Anamosa Library","county":"Jones","precinct":"Anamosa South/Jackson","address":"600 E 1ST ST","city":"ANAMOSA","zip":"52205","affiliation_source":""}},{"type":"Feature","geometry":{"type":"Point","coordinates":[-91.2699884619999,42.10445888000004]},"properties":{"name":"First Baptist Church","county":"Jones","precinct":"Fairview","address":"1302 E 3RD ST","city":"ANAMOSA","zip":"52205","affiliation_source":""}},{"type":"Feature","geometry":{"type":"Point","coordinates":[-91.18793600799995,42.23811787600005]},"properties":{"name":"Monticello Council Room","county":"Jones","precinct":"Monticello 1","address":"220 E 1ST ST","city":"MONTICELLO","zip":"52310","affiliation_source":""}},{"type":"Feature","geometry":{"type":"Point","coordinates":[-91.18793600799995,42.23811787600005]},"properties":{"name":"Monticello Veteran's Hall","county":"Jones","precinct":"Monticello 2","address":"220 E 1ST ST","city":"MONTICELLO","zip":"52310","affiliation_source":""}},{"type":"Feature","geometry":{"type":"Point","coordinates":[-91.1876534459999,42.21022247600007]},"properties":{"name":"Monticello Kirkwood Center","county":"Jones","precinct":"Castle Grove/Lovell/Wayne","address":"220 WELTER DR.","city":"MONTICELLO","zip":"52310","affiliation_source":""}},{"type":"Feature","geometry":{"type":"Point","coordinates":[-91.1896930339999,42.246660218000045]},"properties":{"name":"Berndes Center","county":"Jones","precinct":"Monticello 3","address":"766 N MAPLE ST","city":"MONTICELLO","zip":"52310","affiliation_source":""}},{"type":"Feature","geometry":{"type":"Point","coordinates":[-91.1896930339999,42.246660218000045]},"properties":{"name":"Berndes Center 2","county":"Jones","precinct":"Monticello 4","address":"766 N MAPLE ST","city":"MONTICELLO","zip":"52310","affiliation_source":""}},{"type":"Feature","geometry":{"type":"Point","coordinates":[-91.42319903399994,42.23830224400007]},"properties":{"name":"Tbou-prairieburg City Hall","county":"Linn","precinct":"Boulder Township","address":"109 W MAIN ST","city":"PRAIRIEBURG","zip":"52219","affiliation_source":""}},{"type":"Feature","geometry":{"type":"Point","coordinates":[-91.44341381899994,42.06014196500007]},"properties":{"name":"Tbro-springville Memorial Library","county":"Linn","precinct":"Brown Township","address":"264 BROADWAY ST","city":"SPRINGVILLE","zip":"52336","affiliation_source":""}},{"type":"Feature","geometry":{"type":"Point","coordinates":[-91.45762733999993,42.18862543400007]},"properties":{"name":"Tbuf-camp Wakonda Dining Hall","county":"Linn","precinct":"Buffalo Township","address":"4521   BOY SCOUTS RD","city":"CENTRAL CITY","zip":"52214","affiliation_source":""}},{"type":"Feature","geometry":{"type":"Point","coordinates":[-91.80910749399993,42.06524927500004]},"properties":{"name":"Tfay-palo City Hall & Community Center","county":"Linn","precinct":"Fayette Township","address":"2800 HOLLENBECK RD","city":"PALO","zip":"52324","affiliation_source":""}},{"type":"Feature","geometry":{"type":"Point","coordinates":[-91.38552708299994,41.92211055100006]},"properties":{"name":"Tfra-lisbon City Hall","county":"Linn","precinct":"Franklin Township","address":"115 N WASHINGTON ST","city":"LISBON","zip":"52253","affiliation_source":""}},{"type":"Feature","geometry":{"type":"Point","coordinates":[-91.7819427099999,42.286755258000085]},"properties":{"name":"Tgra-walker Community Room","county":"Linn","precinct":"Grant Township","address":"210   PARK ST","city":"WALKER","zip":"52352","affiliation_source":""}},{"type":"Feature","geometry":{"type":"Point","coordinates":[-91.5319479129999,42.28141950600008]},"properties":{"name":"Tjac-american Legion Post 362","county":"Linn","precinct":"Jackson Township","address":"200 1ST ST N","city":"COGGON","zip":"52218","affiliation_source":""}},{"type":"Feature","geometry":{"type":"Point","coordinates":[-91.45712733199991,41.948252008000054]},"properties":{"name":"Tlin-community Bible Church","county":"Linn","precinct":"Linn Township","address":"940 W MOUNT VERNON RD","city":"MT VERNON","zip":"52314","affiliation_source":""}},{"type":"Feature","geometry":{"type":"Point","coordinates":[-91.52456783799994,42.20567932900008]},"properties":{"name":"Tmai-falcon Civic Center","county":"Linn","precinct":"Maine Township","address":"137 4TH ST N","city":"CENTRAL CITY","zip":"52214","affiliation_source":""}},{"type":"Feature","geometry":{"type":"Point","coordinates":[-91.72667373399992,42.04095749900006]},"properties":{"name":"Tmon2-blair Ridge Baptist Church","county":"Linn","precinct":"Monroe Township 02","address":"4502   BLAIRS FERRY RD NE","city":"CEDAR RAPIDS","zip":"52411","affiliation_source":""}},{"type":"Feature","geometry":{"type":"Point","coordinates":[-91.61863698699995,42.146791412000084]},"properties":{"name":"Tott-alburnett Methodist Church","county":"Linn","precinct":"Otter Creek Township","address":"221 S MAIN AVE","city":"ALBURNETT","zip":"52202","affiliation_source":""}},{"type":"Feature","geometry":{"type":"Point","coordinates":[-91.66000013999991,42.29010729400005]},"properties":{"name":"Tspr-north-linn High School Bldg","county":"Linn","precinct":"Spring Grove Township","address":"3033   LYNX DR","city":"TROY MILLS","zip":"00000","affiliation_source":""}},{"type":"Feature","geometry":{"type":"Point","coordinates":[-91.7786442879999,42.18619882200005]},"properties":{"name":"Twas-center Point City Hall","county":"Linn","precinct":"Washington Township","address":"200   FRANKLIN ST","city":"CENTER POINT","zip":"52213","affiliation_source":""}},{"type":"Feature","geometry":{"type":"Point","coordinates":[-91.41824673799994,41.92296604400008]},"properties":{"name":"Mvn-mount Vernon City Hall","county":"Linn","precinct":"Mount Vernon North","address":"213 1ST ST NW","city":"MOUNT VERNON","zip":"52314","affiliation_source":""}},{"type":"Feature","geometry":{"type":"Point","coordinates":[-91.41904540399992,41.917630632000055]},"properties":{"name":"Mvs-st. John The Baptisit Catholic Church","county":"Linn","precinct":"Mount Vernon South","address":"212  S 7TH ST SE","city":"MOUNT VERNON","zip":"52314","affiliation_source":""}},{"type":"Feature","geometry":{"type":"Point","coordinates":[-95.96790646199992,42.80826104200008]},"properties":{"name":"Remsen American Bank","county":"Plymouth","precinct":"East Precinct","address":"400 W HWY 3","city":"REMSEN","zip":"51050","affiliation_source":""}},{"type":"Feature","geometry":{"type":"Point","coordinates":[-95.97195487699992,42.814486027000044]},"properties":{"name":"Remsen Library","county":"Plymouth","precinct":"Remsen","address":"211 FULTON ST","city":"REMSEN","zip":"51050","affiliation_source":""}},{"type":"Feature","geometry":{"type":"Point","coordinates":[-91.54470686399992,41.62178275600007]},"properties":{"name":"Wl 4h Fairgrounds Bldg C","county":"Johnson","precinct":"WL","address":"4275 OAK CREST HILL RD SE","city":"IOWA CITY","zip":"52246","affiliation_source":""}},{"type":"Feature","geometry":{"type":"Point","coordinates":[-91.58364923099992,41.678432875000055]},"properties":{"name":"Coralville City Hall","county":"Johnson","precinct":"CV.04","address":"1512 7TH ST","city":"CORALVILLE","zip":"52241","affiliation_source":""}},{"type":"Feature","geometry":{"type":"Point","coordinates":[-91.21490633699995,41.377943740000035]},"properties":{"name":"Township Hall","county":"Muscatine","precinct":"Seventy Six/Cedar","address":"INDEPENDENCE AVE","city":"LETTS","zip":"52754","affiliation_source":""}},{"type":"Feature","geometry":{"type":"Point","coordinates":[-93.62548104399991,41.63780789200007]},"properties":{"name":"Highland Park Christian Church","county":"Polk","precinct":"Des Moines 007","address":"4260 NW 6TH DR","city":"DES MOINES","zip":"50313","affiliation_source":""}},{"type":"Feature","geometry":{"type":"Point","coordinates":[-93.76822104699994,41.779609393000044]},"properties":{"name":"Jester Park Lodge","county":"Polk","precinct":"Granger 1 (122)","address":"11407 NW JESTER PARK DR.","city":"GRANGER","zip":"50109","affiliation_source":""}},{"type":"Feature","geometry":{"type":"Point","coordinates":[-93.76822104699994,41.779609393000044]},"properties":{"name":"Jester Park Lodge","county":"Polk","precinct":"Jefferson 1 (126)","address":"11407 NW JESTER PARK DR","city":"GRANGER","zip":"50109","affiliation_source":""}},{"type":"Feature","geometry":{"type":"Point","coordinates":[-95.80429923299994,41.263356101000056]},"properties":{"name":"10a New Horizon Church","county":"Pottawattamie","precinct":"Council Bluffs 10A","address":"30 VALLEY VIEW DR","city":"COUNCIL BLUFFS","zip":"51503","affiliation_source":""}},{"type":"Feature","geometry":{"type":"Point","coordinates":[-95.80429923299994,41.263356101000056]},"properties":{"name":"10b New Horizon Church","county":"Pottawattamie","precinct":"Council Bluffs 10B","address":"30 VALLEY VIEW DR","city":"COUNCIL BLUFFS","zip":"51503","affiliation_source":""}},{"type":"Feature","geometry":{"type":"Point","coordinates":[-95.80429923299994,41.263356101000056]},"properties":{"name":"New Horizon Church","county":"Pottawattamie","precinct":"Garner","address":"30 VALLEY VIEW DR","city":"COUNCIL BLUFFS","zip":"51503","affiliation_source":""}},{"type":"Feature","geometry":{"type":"Point","coordinates":[-91.6758605419999,41.96275807500007]},"properties":{"name":"Cedar Rapids City Services Building","county":"Linn","precinct":"Cedar Rapids 33","address":"500 15TH AVE SW","city":"CEDAR RAPIDS","zip":"52404","affiliation_source":""}},{"type":"Feature","geometry":{"type":"Point","coordinates":[-91.67113085999995,41.96856702800005]},"properties":{"name":"Linn County Election Depot","county":"Linn","precinct":"Cedar Rapids 34","address":"823 3RD ST SW","city":"CEDAR RAPIDS","zip":"52404","affiliation_source":""}},{"type":"Feature","geometry":{"type":"Point","coordinates":[-91.65756769899991,41.950290503000076]},"properties":{"name":"Hope Lutheran Church","county":"Linn","precinct":"Cedar Rapids 37","address":"2736 BOWLING ST SW","city":"CEDAR RAPIDS","zip":"52404","affiliation_source":""}},{"type":"Feature","geometry":{"type":"Point","coordinates":[-92.2098440769999,41.345201290000034]},"properties":{"name":"Hayesville City Hall","county":"Keokuk","precinct":"East West Lancaster","address":"104 FRITZ ST","city":"SIGOURNEY","zip":"52591","affiliation_source":""}},{"type":"Feature","geometry":{"type":"Point","coordinates":[-92.23933369999992,41.45378115200003]},"properties":{"name":"Keswick Fire Station","county":"Keokuk","precinct":"Adams","address":"119 S IRONS ST","city":"KESWICK","zip":"50136","affiliation_source":""}},{"type":"Feature","geometry":{"type":"Point","coordinates":[-92.3090073429999,41.17166111600005]},"properties":{"name":"Hedrick City Hall","county":"Keokuk","precinct":"Benton Steady Run","address":"109 N MAIN ST","city":"HEDRICK","zip":"52563","affiliation_source":""}},{"type":"Feature","geometry":{"type":"Point","coordinates":[-92.09034756099993,41.45285106700004]},"properties":{"name":"South English Fire Station","county":"Keokuk","precinct":"English River Liberty","address":"401 BROADWAY ST","city":"SOUTH ENGLISH","zip":"52335","affiliation_source":""}},{"type":"Feature","geometry":{"type":"Point","coordinates":[-92.09416114399994,41.19642842500008]},"properties":{"name":"Ollie Community Hall","county":"Keokuk","precinct":"Jackson","address":"210 W ALCORN ST","city":"OLLIE","zip":"52576","affiliation_source":""}},{"type":"Feature","geometry":{"type":"Point","coordinates":[-91.27937832999993,42.10830677800004]},"properties":{"name":"Lawrence Center","county":"Jones","precinct":"Anamosa North/Cass","address":"600 E MAIN ST","city":"ANAMOSA","zip":"52205","affiliation_source":""}},{"type":"Feature","geometry":{"type":"Point","coordinates":[-91.61403784399994,42.05232132300006]},"properties":{"name":"-christ Community Church","county":"Linn","precinct":"Marion 13","address":"3000   ALBURNETT RD","city":"MARION","zip":"52302","affiliation_source":""}},{"type":"Feature","geometry":{"type":"Point","coordinates":[-95.30775025499992,40.83343293000007]},"properties":{"name":"Pc-essex City Hall","county":"Page","precinct":"PC-FM-EX","address":"412 IOWA AVE","city":"ESSEX","zip":"51638","affiliation_source":""}},{"type":"Feature","geometry":{"type":"Point","coordinates":[-95.03775037999992,40.73507950900006]},"properties":{"name":"-clarinda Lied Public Library","county":"Page","precinct":"Clarinda 1","address":"100 E GARFIELD ST","city":"CLARINDA","zip":"51632","affiliation_source":""}},{"type":"Feature","geometry":{"type":"Point","coordinates":[-95.03775037999992,40.73507950900006]},"properties":{"name":"-clarinda Lied Public Library","county":"Page","precinct":"Clarinda 2","address":"100 E GARFIELD ST","city":"CLARINDA","zip":"51632","affiliation_source":""}},{"type":"Feature","geometry":{"type":"Point","coordinates":[-95.03759191199993,40.738267971000084]},"properties":{"name":"Er-page County Courthouse","county":"Page","precinct":"DG-ER-NK-NW-VY-HB-YT-AM-BN-HL-BV-CS-SB","address":"112 E MAIN ST","city":"CLARINDA","zip":"51632","affiliation_source":""}},{"type":"Feature","geometry":{"type":"Point","coordinates":[-95.37026993399991,40.765932983000084]},"properties":{"name":"Gt-shenandoah Fire Station","county":"Page","precinct":"GT-MT-TK-CX-LN-WS-BL-CN-NB","address":"400 W SHERIDAN AVE","city":"SHENANDOAH","zip":"51601","affiliation_source":""}},{"type":"Feature","geometry":{"type":"Point","coordinates":[-95.37516991899992,40.76584128600007]},"properties":{"name":"-shenandoah Historical Society","county":"Page","precinct":"Shenandoah 1","address":"100 MAPLE ST","city":"SHENANDOAH","zip":"51601","affiliation_source":""}},{"type":"Feature","geometry":{"type":"Point","coordinates":[-95.37516991899992,40.76584128600007]},"properties":{"name":"-shenandoah Historical Society","county":"Page","precinct":"Shenandoah 2","address":"100 MAPLE ST","city":"SHENANDOAH","zip":"51601","affiliation_source":""}},{"type":"Feature","geometry":{"type":"Point","coordinates":[-95.37516991899992,40.76584128600007]},"properties":{"name":"-shenandoah Historical Building","county":"Page","precinct":"Shenandoah 3","address":"100 MAPLE ST","city":"SHENANDOAH","zip":"51601","affiliation_source":""}},{"type":"Feature","geometry":{"type":"Point","coordinates":[-95.9048778149999,43.07201529000008]},"properties":{"name":"Hospers Community Center","county":"Sioux","precinct":"Floyd Lynn","address":"211 MAIN ST","city":"HOSPERS","zip":"51238","affiliation_source":""}},{"type":"Feature","geometry":{"type":"Point","coordinates":[-96.0057827419999,43.18946128200008]},"properties":{"name":"Boyden Demco Building","county":"Sioux","precinct":"Grant Sheridan","address":"714 MAIN ST","city":"BOYDEN","zip":"51234","affiliation_source":""}},{"type":"Feature","geometry":{"type":"Point","coordinates":[-96.4851834189999,42.99939870800006]},"properties":{"name":"Hawarden Community Center","county":"Sioux","precinct":"Hawarden BC LG WA EG S","address":"1150 CENTRAL AVE","city":"HAWARDEN","zip":"51023","affiliation_source":""}},{"type":"Feature","geometry":{"type":"Point","coordinates":[-96.1337487209999,43.18940883400006]},"properties":{"name":"Hull Library","county":"Sioux","precinct":"Lincoln","address":"1135 MAIN ST","city":"HULL","zip":"51239","affiliation_source":""}},{"type":"Feature","geometry":{"type":"Point","coordinates":[-96.3182983829999,42.97511042900004]},"properties":{"name":"Ireton City Office","county":"Sioux","precinct":"Reading Center South","address":"318 MAIN ST","city":"IRETON","zip":"51027","affiliation_source":""}},{"type":"Feature","geometry":{"type":"Point","coordinates":[-96.17991265199993,42.96640049500007]},"properties":{"name":"Maurice Community Center","county":"Sioux","precinct":"Sherman","address":"225 MAIN ST","city":"MAURICE","zip":"51036","affiliation_source":""}},{"type":"Feature","geometry":{"type":"Point","coordinates":[-96.17241261899994,43.047689397000056]},"properties":{"name":"Scc Terrace View Event Center","county":"Sioux","precinct":"Sioux Center Central","address":"230 SAINT ANDREWS WAY","city":"SIOUX CENTER","zip":"51250","affiliation_source":""}},{"type":"Feature","geometry":{"type":"Point","coordinates":[-96.17241261899994,43.047689397000056]},"properties":{"name":"Scn Terrace View Event Center","county":"Sioux","precinct":"Sioux Center North WC CP","address":"230 SAINT ANDREWS WAY","city":"SIOUX CENTER","zip":"51250","affiliation_source":""}},{"type":"Feature","geometry":{"type":"Point","coordinates":[-96.17241261899994,43.047689397000056]},"properties":{"name":"Scs Terrace View Event Center","county":"Sioux","precinct":"Sioux Center South","address":"230 SAINT ANDREWS WAY","city":"SIOUX CENTER","zip":"51250","affiliation_source":""}},{"type":"Feature","geometry":{"type":"Point","coordinates":[-96.17241261899994,43.047689397000056]},"properties":{"name":"Wbc Terrace View Event Center","county":"Sioux","precinct":"West Branch Center North","address":"230 SAINT ANDREWS WAY","city":"SIOUX CENTER","zip":"51250","affiliation_source":""}},{"type":"Feature","geometry":{"type":"Point","coordinates":[-96.29810107999992,43.19678657800006]},"properties":{"name":"Pl Faith Reformed Church","county":"Sioux","precinct":"Plato GF ST SX EG N","address":"1305 7TH ST","city":"ROCK VALLEY","zip":"51247","affiliation_source":""}},{"type":"Feature","geometry":{"type":"Point","coordinates":[-96.29810107999992,43.19678657800006]},"properties":{"name":"Rve Faith Reformed Church","county":"Sioux","precinct":"Rock Valley East","address":"1305 7TH ST","city":"ROCK VALLEY","zip":"51247","affiliation_source":""}},{"type":"Feature","geometry":{"type":"Point","coordinates":[-96.29810107999992,43.19678657800006]},"properties":{"name":"Rvw Faith Reformed Church","county":"Sioux","precinct":"Rock Valley West Rock","address":"1305 7TH ST","city":"ROCK VALLEY","zip":"51247","affiliation_source":""}},{"type":"Feature","geometry":{"type":"Point","coordinates":[-96.04366098899993,42.997546696000086]},"properties":{"name":"Living Water Community","county":"Sioux","precinct":"Orange City 1 Holland West","address":"1005 8TH ST SE","city":"ORANGE CITY","zip":"51041","affiliation_source":""}},{"type":"Feature","geometry":{"type":"Point","coordinates":[-96.04366098899993,42.997546696000086]},"properties":{"name":"Living Water Community","county":"Sioux","precinct":"Orange City 2 Holland East","address":"1005 8TH ST SE","city":"ORANGE CITY","zip":"51041","affiliation_source":""}},{"type":"Feature","geometry":{"type":"Point","coordinates":[-96.00971171099991,42.98831227800008]},"properties":{"name":"Alton Community Building","county":"Sioux","precinct":"Alton Nassau East Orange","address":"1101 3RD AVE","city":"ALTON","zip":"51003","affiliation_source":""}},{"type":"Feature","geometry":{"type":"Point","coordinates":[-93.6258076069999,42.03707981300005]},"properties":{"name":"Bethesda Lutheran Church","county":"Story","precinct":"Ames 2-2","address":"1517 NORTHWESTERN AVENUE","city":"AMES","zip":"50010","affiliation_source":""}},{"type":"Feature","geometry":{"type":"Point","coordinates":[-93.63019346099992,42.05005088900003]},"properties":{"name":"St Cecilia Catholic Church","county":"Story","precinct":"Ames 2-3","address":"2900 HOOVER AVENUE","city":"AMES","zip":"50010","affiliation_source":""}},{"type":"Feature","geometry":{"type":"Point","coordinates":[-93.6418206919999,42.05631323000006]},"properties":{"name":"Ascension Lutheran Church","county":"Story","precinct":"Ames 2-4","address":"2400 BLOOMINGTON RD","city":"AMES","zip":"50010","affiliation_source":""}},{"type":"Feature","geometry":{"type":"Point","coordinates":[-93.63800710999993,42.05707897700006]},"properties":{"name":"Stonebrook Community Church","county":"Story","precinct":"Ames 2-5","address":"3611 EISENHOWER AVENUE","city":"AMES","zip":"50010","affiliation_source":""}},{"type":"Feature","geometry":{"type":"Point","coordinates":[-93.6458708749999,42.022753236000085]},"properties":{"name":"Memorial Lutheran Church","county":"Story","precinct":"Ames 4-1","address":"2228 LINCOLN WAY","city":"AMES","zip":"50014","affiliation_source":""}},{"type":"Feature","geometry":{"type":"Point","coordinates":[-93.6475020879999,42.02895076700008]},"properties":{"name":"Maple Hall, Conference Room M01b","county":"Story","precinct":"Ames 4-2","address":"ISU CAMPUS","city":"AMES","zip":"50011","affiliation_source":""}},{"type":"Feature","geometry":{"type":"Point","coordinates":[-93.6475020879999,42.02895076700008]},"properties":{"name":"Union Drive Community Center","county":"Story","precinct":"Ames 4-3","address":"MULTIPURPOSE ROOM 136\r\nISU CAMPUS","city":"AMES","zip":"50011","affiliation_source":""}},{"type":"Feature","geometry":{"type":"Point","coordinates":[-93.65432079099992,42.02436217400009]},"properties":{"name":"Collegiate Presbyterian Church, PCUSA","county":"Story","precinct":"Ames 4-4","address":"159 SHELDON AVENUE","city":"AMES","zip":"50014","affiliation_source":"https://pcusa.org/congregation/collegiate-church-ames-ia"}},{"type":"Feature","geometry":{"type":"Point","coordinates":[-93.6674045659999,42.03446309200007]},"properties":{"name":"Trinity Christian Ref. Church","county":"Story","precinct":"Ames 4-5","address":"3626 ONTARIO STREET","city":"AMES","zip":"50014","affiliation_source":""}},{"type":"Feature","geometry":{"type":"Point","coordinates":[-93.57007461099994,42.09232289700009]},"properties":{"name":"Story Co Conservation Center","county":"Story","precinct":"Milford Twp","address":"56461 180TH STREET","city":"AMES","zip":"50010","affiliation_source":""}},{"type":"Feature","geometry":{"type":"Point","coordinates":[-93.6668071169999,41.95147001000004]},"properties":{"name":"Kelley City Hall","county":"Story","precinct":"Kelley/Washington Twp","address":"1111 GRACE STREET","city":"KELLEY","zip":"50134","affiliation_source":""}},{"type":"Feature","geometry":{"type":"Point","coordinates":[-93.60739704799994,42.00705134600008]},"properties":{"name":"Harvest Vineyard Church","county":"Story","precinct":"Ames 1-1","address":"1627 S HIGH AVE","city":"AMES","zip":"50010","affiliation_source":""}},{"type":"Feature","geometry":{"type":"Point","coordinates":[-93.64887908299994,42.01184280000007]},"properties":{"name":"University Baptist Church","county":"Story","precinct":"Ames 1-2","address":"2400 MORTENSEN PARKWAY","city":"AMES","zip":"50014","affiliation_source":""}},{"type":"Feature","geometry":{"type":"Point","coordinates":[-93.56157228299992,42.00881827400008]},"properties":{"name":"Crossroad Baptist Church","county":"Story","precinct":"Grant Twp","address":"57011 US HIGHWAY 30","city":"AMES","zip":"50010","affiliation_source":""}},{"type":"Feature","geometry":{"type":"Point","coordinates":[-93.63947799599993,41.99930995900007]},"properties":{"name":"Holiday Inn Ames, Charolais Rm","county":"Story","precinct":"Ames 3-1","address":"2609 UNIVERSITY BLVD","city":"AMES","zip":"50010","affiliation_source":""}},{"type":"Feature","geometry":{"type":"Point","coordinates":[-93.65271014899992,42.022753236000085]},"properties":{"name":"Coll United Methodist Church","county":"Story","precinct":"Ames 3-3","address":"2622 LINCOLN WAY","city":"AMES","zip":"50014","affiliation_source":""}},{"type":"Feature","geometry":{"type":"Point","coordinates":[-93.6135941199999,42.02214133800004]},"properties":{"name":"Human Services Center","county":"Story","precinct":"Ames 1-3","address":"126 S KELLOGG AVENUE","city":"AMES","zip":"50010","affiliation_source":""}},{"type":"Feature","geometry":{"type":"Point","coordinates":[-93.6121570329999,42.02645026700009]},"properties":{"name":"Ames Public Library Auditorium","county":"Story","precinct":"Ames 1-4","address":"515 DOUGLAS AVENUE","city":"AMES","zip":"50010","affiliation_source":""}},{"type":"Feature","geometry":{"type":"Point","coordinates":[-93.62055460699992,42.05602534700006]},"properties":{"name":"Heartland Baptist Church","county":"Story","precinct":"Ames 1-5","address":"3504 GRAND AVE","city":"AMES","zip":"50010","affiliation_source":""}},{"type":"Feature","geometry":{"type":"Point","coordinates":[-93.60456075699994,42.04016000000007]},"properties":{"name":"Fire Service Training Bureau","county":"Story","precinct":"Ames 2-1","address":"ISU CAMPUS","city":"AMES","zip":"50010","affiliation_source":""}},{"type":"Feature","geometry":{"type":"Point","coordinates":[-93.66999015399995,42.01204793100004]},"properties":{"name":"Ames Middle School, Rm B111a","county":"Story","precinct":"Ames 3-2","address":"3915 MORTENSEN ROAD","city":"AMES","zip":"50014","affiliation_source":""}},{"type":"Feature","geometry":{"type":"Point","coordinates":[-93.66304714899991,42.02415069500006]},"properties":{"name":"St Andrews Lutheran Church","county":"Story","precinct":"Ames 3-5","address":"209 COLORADO AVENUE","city":"AMES","zip":"50014","affiliation_source":""}},{"type":"Feature","geometry":{"type":"Point","coordinates":[-93.68209641399994,42.01116912900005]},"properties":{"name":"Hilton Garden Inn","county":"Story","precinct":"Ames 3-4","address":"1325 DICKINSON AVE","city":"AMES","zip":"50014","affiliation_source":""}},{"type":"Feature","geometry":{"type":"Point","coordinates":[-94.1491180989999,42.42227147700004]},"properties":{"name":"Otho Community Center","county":"Webster","precinct":"Otho-Pleasant Valley Township","address":"220 RAKE ST","city":"OTHO","zip":"50569","affiliation_source":""}},{"type":"Feature","geometry":{"type":"Point","coordinates":[-94.05120670799994,42.358347511000034]},"properties":{"name":"Lehigh Municipal Building","county":"Webster","precinct":"Sumner-Webster-Yell-Hardin Township","address":"241 ELM ST","city":"LEHIGH","zip":"50557","affiliation_source":""}},{"type":"Feature","geometry":{"type":"Point","coordinates":[-94.06963807199992,42.26043277400004]},"properties":{"name":"Dayton Community Center","county":"Webster","precinct":"Dayton-Burnside Township","address":"104 1ST ST NW","city":"DAYTON","zip":"50530","affiliation_source":""}},{"type":"Feature","geometry":{"type":"Point","coordinates":[-93.6411575109999,42.104949230000045]},"properties":{"name":"Gilbert Lutheran Church","county":"Story","precinct":"Gilbert/Franklin Twp","address":"135 SCHOOL STREET","city":"GILBERT","zip":"50105","affiliation_source":""}},{"type":"Feature","geometry":{"type":"Point","coordinates":[-93.67947748899991,41.88022058300004]},"properties":{"name":"Slater Log Cabin","county":"Story","precinct":"Slater/Sheldahl","address":"305 BENTON STREET","city":"SLATER","zip":"50244","affiliation_source":""}},{"type":"Feature","geometry":{"type":"Point","coordinates":[-93.30502725999992,41.90156126200009]},"properties":{"name":"Collins Area Community Center","county":"Story","precinct":"Collins/Collins Twp","address":"219 MAIN STREET","city":"COLLINS","zip":"50055","affiliation_source":""}},{"type":"Feature","geometry":{"type":"Point","coordinates":[-93.5004915429999,42.16783434200005]},"properties":{"name":"Roland Area Community Center","county":"Story","precinct":"Roland/Howard Twp","address":"208 N MAIN","city":"ROLAND","zip":"50236","affiliation_source":""}},{"type":"Feature","geometry":{"type":"Point","coordinates":[-93.39970714299994,41.88733025700009]},"properties":{"name":"Maxwell Area Community Center","county":"Story","precinct":"Maxwell/Indian Creek Twp","address":"84 MAIN STREET","city":"MAXWELL","zip":"50161","affiliation_source":""}},{"type":"Feature","geometry":{"type":"Point","coordinates":[-93.57881382599993,42.185940076000065]},"properties":{"name":"Evangelical Free Church Of Story City","county":"Story","precinct":"Lafayette Twp","address":"524 RIVER HILLS DRIVE","city":"STORY CITY","zip":"50248","affiliation_source":""}},{"type":"Feature","geometry":{"type":"Point","coordinates":[-93.59722088899991,42.18710676200004]},"properties":{"name":"Bertha Bartlett Public Library","county":"Story","precinct":"Story City","address":"503 BROAD STREET","city":"STORY CITY","zip":"50248","affiliation_source":""}},{"type":"Feature","geometry":{"type":"Point","coordinates":[-93.29705043899992,42.16099211200009]},"properties":{"name":"Public Library Heritage Room","county":"Story","precinct":"Zearing/Lincoln Twp","address":"101 E MAIN STREET","city":"ZEARING","zip":"50278","affiliation_source":""}},{"type":"Feature","geometry":{"type":"Point","coordinates":[-93.40683080399992,42.02261803600004]},"properties":{"name":"Ray Lounsberry's Shed","county":"Story","precinct":"Nevada Twp","address":"64923 LINCOLN HIGHWAY","city":"NEVADA","zip":"50201","affiliation_source":""}},{"type":"Feature","geometry":{"type":"Point","coordinates":[-93.31453091299994,42.01848276900006]},"properties":{"name":"Colo Library/community Center","county":"Story","precinct":"Colo/New Albany Twp","address":"309 MAIN STREET","city":"COLO","zip":"50056","affiliation_source":""}},{"type":"Feature","geometry":{"type":"Point","coordinates":[-93.39654042399991,42.07056288200005]},"properties":{"name":"Dennis Wilkening's Shed","county":"Story","precinct":"Richland Twp","address":"65458 RICHLAND STREET","city":"NEVADA","zip":"50201","affiliation_source":""}},{"type":"Feature","geometry":{"type":"Point","coordinates":[-93.2901039379999,42.078211027000066]},"properties":{"name":"Sherman Twp Community Hall","county":"Story","precinct":"Sherman Twp","address":"18990 710TH AVENUE","city":"COLO","zip":"50056","affiliation_source":""}},{"type":"Feature","geometry":{"type":"Point","coordinates":[-93.52799580699991,41.89956966500006]},"properties":{"name":"Cambridge Fire Station","county":"Story","precinct":"Cambridge/Union Twp","address":"304 RIVER STREET","city":"CAMBRIDGE","zip":"50046","affiliation_source":""}},{"type":"Feature","geometry":{"type":"Point","coordinates":[-93.39107762999993,42.164489839000055]},"properties":{"name":"American Legion Hall","county":"Story","precinct":"McCallsburg/Warren Twp","address":"80 S. 4TH STREET","city":"MCCALLSBURG","zip":"50154","affiliation_source":""}},{"type":"Feature","geometry":{"type":"Point","coordinates":[-93.60624784499993,41.89816959700005]},"properties":{"name":"C's, Safe Room, North Door","county":"Story","precinct":"Huxley","address":"515 NORTH MAIN AVENUE","city":"HUXLEY","zip":"50124","affiliation_source":""}},{"type":"Feature","geometry":{"type":"Point","coordinates":[-93.60624784499993,41.89816959700005]},"properties":{"name":"C's, Safe Room, South Door","county":"Story","precinct":"Palestine Twp","address":"515 NORTH MAIN AVENUE","city":"HUXLEY","zip":"50124","affiliation_source":""}},{"type":"Feature","geometry":{"type":"Point","coordinates":[-93.45743070499992,42.01859349400007]},"properties":{"name":"H Hall, Isu Extension Bldg","county":"Story","precinct":"Nevada 3","address":"220 H AVENUE","city":"NEVADA","zip":"50201","affiliation_source":""}},{"type":"Feature","geometry":{"type":"Point","coordinates":[-93.45095740499994,42.02128001900007]},"properties":{"name":"First United Methodist Church","county":"Story","precinct":"Nevada 1","address":"1036 7TH STREET","city":"NEVADA","zip":"50201","affiliation_source":""}},{"type":"Feature","geometry":{"type":"Point","coordinates":[-93.45231407099993,42.023158838000086]},"properties":{"name":"Nevada City Hall","county":"Story","precinct":"Nevada 2","address":"1209 6TH STREET","city":"NEVADA","zip":"50201","affiliation_source":""}},{"type":"Feature","geometry":{"type":"Point","coordinates":[-93.43993391399994,42.01955971000007]},"properties":{"name":"Gates Hall","county":"Story","precinct":"Nevada 4","address":"825 15TH STREET","city":"NEVADA","zip":"50201","affiliation_source":""}},{"type":"Feature","geometry":{"type":"Point","coordinates":[-93.4181359609999,43.24880659100006]},"properties":{"name":"Fertile City Hall","county":"Worth","precinct":"Fertile","address":"3494 EAGLE AVE","city":"FERTILE","zip":"50434","affiliation_source":""}},{"type":"Feature","geometry":{"type":"Point","coordinates":[-96.28777819499993,42.30820569000008]},"properties":{"name":"Salix City Hall","county":"Woodbury","precinct":"31 Salix/Lib-Lak Twp","address":"319 TIPTON ST","city":"SALIX","zip":"51052","affiliation_source":""}},{"type":"Feature","geometry":{"type":"Point","coordinates":[-96.2122033949999,42.41021067300005]},"properties":{"name":"Floyd Township Building","county":"Woodbury","precinct":"32 Bronson/Flo-Grg Twp","address":"118 PINE ST","city":"BRONSON","zip":"51007","affiliation_source":""}},{"type":"Feature","geometry":{"type":"Point","coordinates":[-96.34509486299993,42.45254587000005]},"properties":{"name":"Redeemer Lutheran Church","county":"Woodbury","precinct":"28 Redeemer Lutheran Church/Woodbury Twp","address":"3204 S LAKEPORT ST","city":"SIOUX CITY","zip":"51106","affiliation_source":""}},{"type":"Feature","geometry":{"type":"Point","coordinates":[-96.34795649499995,42.39668283200007]},"properties":{"name":"Sgt. Bluff Community Ctr.","county":"Woodbury","precinct":"29 Sgt Bluff East/Woodbury Twp","address":"903 TOPAZ DR","city":"SERGEANT BLUFF","zip":"51054","affiliation_source":""}},{"type":"Feature","geometry":{"type":"Point","coordinates":[-96.34795649499995,42.39668283200007]},"properties":{"name":"Sgt. Bluff Community Ctr.","county":"Woodbury","precinct":"30 Sgt Bluff West","address":"903 TOPAZ DR","city":"SERGEANT BLUFF","zip":"51054","affiliation_source":""}},{"type":"Feature","geometry":{"type":"Point","coordinates":[-96.35487008199993,42.47074663600006]},"properties":{"name":"Morningside Branch Library","county":"Woodbury","precinct":"22 Morningside Branch Library","address":"4005 MORNINGSIDE AVE","city":"SIOUX CITY","zip":"51106","affiliation_source":""}},{"type":"Feature","geometry":{"type":"Point","coordinates":[-96.37062092499991,42.48588674500007]},"properties":{"name":"Third Presbyterian Church","county":"Woodbury","precinct":"23 Third Presbyterian Church","address":"2925 CHICAGO AVE","city":"SIOUX CITY","zip":"51106","affiliation_source":""}},{"type":"Feature","geometry":{"type":"Point","coordinates":[-96.3595939359999,42.463229030000036]},"properties":{"name":"Washington Heights Chapel","county":"Woodbury","precinct":"24 Washington Heights Chapel","address":"2600 S ST MARY'S ST","city":"SIOUX CITY","zip":"51106","affiliation_source":""}},{"type":"Feature","geometry":{"type":"Point","coordinates":[-96.3609711229999,42.47240484000008]},"properties":{"name":"Morningside College Eppley Auditorium","county":"Woodbury","precinct":"25 Morningside College Eppley Aud","address":"3625 GARRETSON AVE","city":"SIOUX CITY","zip":"51106","affiliation_source":""}},{"type":"Feature","geometry":{"type":"Point","coordinates":[-96.33820080899994,42.45878723100009]},"properties":{"name":"East Middle School","county":"Woodbury","precinct":"26 East Middle School","address":"5401 LORRAINE AVE","city":"SIOUX CITY","zip":"51106","affiliation_source":""}},{"type":"Feature","geometry":{"type":"Point","coordinates":[-96.3408535339999,42.46901933500004]},"properties":{"name":"St James Methodist Church","county":"Woodbury","precinct":"27 St James United Methodist Church","address":"2032 S CYPRESS ST","city":"SIOUX CITY","zip":"51106","affiliation_source":""}},{"type":"Feature","geometry":{"type":"Point","coordinates":[-95.86952058899993,42.54729684900008]},"properties":{"name":"Kingsley-pierson Middle Sch","county":"Woodbury","precinct":"33 Pierson/Rutland Twp","address":"321 4TH ST","city":"PIERSON","zip":"51048","affiliation_source":""}},{"type":"Feature","geometry":{"type":"Point","coordinates":[-95.78611361899993,42.47381894800009]},"properties":{"name":"Correctionville Comm Bldg","county":"Woodbury","precinct":"34 Correctionville/Ked-Uni Twp","address":"312 DRIFTWOOD ST","city":"CORRECTIONVILLE","zip":"51016","affiliation_source":""}},{"type":"Feature","geometry":{"type":"Point","coordinates":[-96.06034641699995,42.489339880000045]},"properties":{"name":"Moville Community Center","county":"Woodbury","precinct":"35 Moville/Arl-Mov-Wol Twp","address":"815 MAIN ST","city":"MOVILLE","zip":"51039","affiliation_source":""}},{"type":"Feature","geometry":{"type":"Point","coordinates":[-96.18380315899992,42.478849334000074]},"properties":{"name":"Lawton Friendship Center","county":"Woodbury","precinct":"36 Lawton/Banner Twp","address":"300 CEDAR ST","city":"LAWTON","zip":"51030","affiliation_source":""}},{"type":"Feature","geometry":{"type":"Point","coordinates":[-96.08153107699991,42.343116326000086]},"properties":{"name":"W.c. Public Safety Center","county":"Woodbury","precinct":"37 Climbing Hill/Grt-Wes Twp","address":"121 DEER RUN TRL","city":"CLIMBING HILL","zip":"51015","affiliation_source":""}},{"type":"Feature","geometry":{"type":"Point","coordinates":[-93.61417338299992,42.846600152000065]},"properties":{"name":"Belmond City Hall","county":"Wright","precinct":"Belmond","address":"112 2ND AVE NE","city":"BELMOND","zip":"50421","affiliation_source":""}},{"type":"Feature","geometry":{"type":"Point","coordinates":[-93.73409843699994,42.73035114900006]},"properties":{"name":"Isu Extension Office","county":"Wright","precinct":"Big 6","address":"210 1ST ST. SW","city":"CLARION","zip":"50525","affiliation_source":""}},{"type":"Feature","geometry":{"type":"Point","coordinates":[-93.73274201299995,42.73184885900008]},"properties":{"name":"Clarion Courthouse","county":"Wright","precinct":"Clarion","address":"115 N MAIN","city":"CLARION","zip":"50525","affiliation_source":""}},{"type":"Feature","geometry":{"type":"Point","coordinates":[-93.50150549999995,42.65651628400008]},"properties":{"name":"Dows Convention Center/city Hall","county":"Wright","precinct":"Dows","address":"119 ELLSWORTH ST","city":"DOWS","zip":"50071","affiliation_source":""}},{"type":"Feature","geometry":{"type":"Point","coordinates":[-93.9204803799999,42.735402356000066]},"properties":{"name":"Goldfield Legion Hall","county":"Wright","precinct":"Goldfield","address":"505 N MAIN ST.","city":"GOLDFIELD","zip":"50542","affiliation_source":""}},{"type":"Feature","geometry":{"type":"Point","coordinates":[-93.90160360899995,42.66292291900004]},"properties":{"name":"Memorial Hall","county":"Wright","precinct":"Eagle Grove Pct 1","address":"200 S. PARK AVE","city":"EAGLE GROVE","zip":"50533","affiliation_source":""}},{"type":"Feature","geometry":{"type":"Point","coordinates":[-93.90160360899995,42.66292291900004]},"properties":{"name":"Memorial Hall","county":"Wright","precinct":"Eagle Grove Pct 2","address":"200 S. PARK AVE","city":"EAGLE GROVE","zip":"50533","affiliation_source":""}},{"type":"Feature","geometry":{"type":"Point","coordinates":[-93.90160360899995,42.66292291900004]},"properties":{"name":"Memorial Hall","county":"Wright","precinct":"Eagle Grove Pct 3","address":"200 S. PARK AVE","city":"EAGLE GROVE","zip":"50533","affiliation_source":""}},{"type":"Feature","geometry":{"type":"Point","coordinates":[-93.90160360899995,42.66292291900004]},"properties":{"name":"Memorial Hall","county":"Wright","precinct":"Eagle Grove Pct 4","address":"200 S. PARK AVE","city":"EAGLE GROVE","zip":"50533","affiliation_source":""}},{"type":"Feature","geometry":{"type":"Point","coordinates":[-93.90160360899995,42.66292291900004]},"properties":{"name":"Memorial Hall","county":"Wright","precinct":"Rural Eagle Grove","address":"200 S. PARK AVE","city":"EAGLE GROVE","zip":"50533","affiliation_source":""}},{"type":"Feature","geometry":{"type":"Point","coordinates":[-93.63689591499991,43.33810063000004]},"properties":{"name":"Leland Community Center","county":"Winnebago","precinct":"Newton Forest D1 Precinct","address":"202 2ND AVE W","city":"LELAND","zip":"50453","affiliation_source":""}},{"type":"Feature","geometry":{"type":"Point","coordinates":[-93.61706853499993,43.47035985200006]},"properties":{"name":"Scarville Community Center","county":"Winnebago","precinct":"Eden Logan Norway Precinct","address":"121 MAIN ST","city":"SCARVILLE","zip":"50473","affiliation_source":""}},{"type":"Feature","geometry":{"type":"Point","coordinates":[-93.53267347999991,43.41928004300007]},"properties":{"name":"Helgeson Civic Center, Lake Mills","county":"Winnebago","precinct":"Center Precinct","address":"105 W MAIN","city":"LAKE MILLS","zip":"50450","affiliation_source":""}},{"type":"Feature","geometry":{"type":"Point","coordinates":[-93.94742495399993,43.384875967000085]},"properties":{"name":"Heritage Town Center","county":"Winnebago","precinct":"Buffalo Grant Lincoln Precinct","address":"201 2ND AVE SW","city":"BUFFALO CENTER","zip":"50524","affiliation_source":""}},{"type":"Feature","geometry":{"type":"Point","coordinates":[-93.77107770399994,43.370813955000074]},"properties":{"name":"Thompson Public Library","county":"Winnebago","precinct":"King Linden Precinct","address":"142 JACKSON ST N","city":"THOMPSON","zip":"50478","affiliation_source":""}},{"type":"Feature","geometry":{"type":"Point","coordinates":[-93.6387240169999,43.26548960100007]},"properties":{"name":"Forest City Civic Auditorium","county":"Winnebago","precinct":"Forest City Ward 1 Precinct","address":"146 WEST L","city":"FOREST CITY","zip":"50436","affiliation_source":""}},{"type":"Feature","geometry":{"type":"Point","coordinates":[-93.6384916429999,43.262050772000066]},"properties":{"name":"Immanuel Lutheran Church, Forest City","county":"Winnebago","precinct":"Forest City Ward 4 Precinct","address":"246 S CLARK","city":"FOREST CITY","zip":"50436","affiliation_source":""}},{"type":"Feature","geometry":{"type":"Point","coordinates":[-93.63274299599993,43.26431169600005]},"properties":{"name":"Tsb Community Room","county":"Winnebago","precinct":"Mt. Valley Forest D2 Precinct","address":"101 HWY 69 N","city":"FOREST CITY","zip":"50436","affiliation_source":""}},{"type":"Feature","geometry":{"type":"Point","coordinates":[-93.64664278499993,43.269187113000044]},"properties":{"name":"Calvary Baptist Church, Forest City","county":"Winnebago","precinct":"Forest City Ward 2 Precinct","address":"646 N BEST ST","city":"FOREST CITY","zip":"50436","affiliation_source":""}},{"type":"Feature","geometry":{"type":"Point","coordinates":[-93.6386785059999,43.25954403900005]},"properties":{"name":"American Legion Hall, Forest City","county":"Winnebago","precinct":"FC3 Forest D3 Precinct","address":"S CLARK ST","city":"FOREST CITY","zip":"50436","affiliation_source":""}},{"type":"Feature","geometry":{"type":"Point","coordinates":[-94.33833100899994,42.58744669500004]},"properties":{"name":"Clare Community Center","county":"Webster","precinct":"Deer Creek-Jackson Township","address":"520 E FRONT ST","city":"CLARE","zip":"50524","affiliation_source":""}},{"type":"Feature","geometry":{"type":"Point","coordinates":[-94.14570079399994,42.61488654100003]},"properties":{"name":"Badger Fire Station","county":"Webster","precinct":"Badger-NW Cooper Township","address":"150 1ST AVE SE","city":"BADGER","zip":"50516","affiliation_source":""}},{"type":"Feature","geometry":{"type":"Point","coordinates":[-93.99579738999995,42.46980023300006]},"properties":{"name":"Duncombe Tornado Shelter","county":"Webster","precinct":"Colfax-Duncombe Township","address":"510 FOLGER ST","city":"DUNCOMBE","zip":"50532","affiliation_source":""}},{"type":"Feature","geometry":{"type":"Point","coordinates":[-93.99579738999995,42.46980023300006]},"properties":{"name":"Duncombe Community Center","county":"Webster","precinct":"Washington Township","address":"510 FOLGER ST","city":"DUNCOMBE","zip":"50532","affiliation_source":""}},{"type":"Feature","geometry":{"type":"Point","coordinates":[-94.19717319599994,42.45872768600009]},"properties":{"name":"Webster County Fair And 4h Building","county":"Webster","precinct":"Elkhorn Township","address":"22770 OLD HWY 169","city":"FT DODGE","zip":"50501","affiliation_source":""}},{"type":"Feature","geometry":{"type":"Point","coordinates":[-94.02051644799991,42.59183537300004]},"properties":{"name":"Vincent Fire Station","county":"Webster","precinct":"Newark Township","address":"102 S 1ST ST","city":"VINCENT","zip":"50594","affiliation_source":""}},{"type":"Feature","geometry":{"type":"Point","coordinates":[-94.18573344599992,42.52104692000006]},"properties":{"name":"Feelhaver School","county":"Webster","precinct":"Fd # 1","address":"1300 14TH AVE N","city":"FT DODGE","zip":"50501","affiliation_source":""}},{"type":"Feature","geometry":{"type":"Point","coordinates":[-94.18416646299994,42.51067270200008]},"properties":{"name":"First Presbyterian Church, PCUSA","county":"Webster","precinct":"Fd # 2","address":"1111 5TH AVE N","city":"FORT DODGE","zip":"50501","affiliation_source":"https://www.pcusa.org/sites/default/files/2024-12/2023_minutes_part_iib_stats.pdf"}},{"type":"Feature","geometry":{"type":"Point","coordinates":[-94.1911893059999,42.51511415900006]},"properties":{"name":"Lion's Den","county":"Webster","precinct":"Fd # 3","address":"731 EXPOSITION DR","city":"FORT DODGE","zip":"50501","affiliation_source":""}},{"type":"Feature","geometry":{"type":"Point","coordinates":[-94.20542089299994,42.49386240200005]},"properties":{"name":"First Covenant Church","county":"Webster","precinct":"Fd # 4","address":"201 AVENUE H","city":"FORT DODGE","zip":"50501","affiliation_source":""}},{"type":"Feature","geometry":{"type":"Point","coordinates":[-94.19781703699994,42.487326163000034]},"properties":{"name":"Thompkins Celebration Center","county":"Webster","precinct":"Fd # 5","address":"420 KENYON ROAD","city":"FORT DODGE","zip":"50501","affiliation_source":""}},{"type":"Feature","geometry":{"type":"Point","coordinates":[-94.20755611999994,42.48860394400003]},"properties":{"name":"Lifeworks Community Services","county":"Webster","precinct":"Douglas Township","address":"127 AVE M","city":"FT DODGE","zip":"50501","affiliation_source":""}},{"type":"Feature","geometry":{"type":"Point","coordinates":[-94.19340437699992,42.50428681600005]},"properties":{"name":"Elderbridge Agency","county":"Webster","precinct":"Fd # 6","address":"308 CENTRAL AVE","city":"FORT DODGE","zip":"50501","affiliation_source":""}},{"type":"Feature","geometry":{"type":"Point","coordinates":[-94.1749774999999,42.50482878300005]},"properties":{"name":"Central Administration Bldg","county":"Webster","precinct":"Fd # 7","address":"104 S 17TH ST","city":"FORT DODGE","zip":"50501","affiliation_source":""}},{"type":"Feature","geometry":{"type":"Point","coordinates":[-94.17334343999994,42.49437872700008]},"properties":{"name":"Butler School","county":"Webster","precinct":"Fd # 8","address":"945 S 18TH ST","city":"FT DODGE","zip":"50501","affiliation_source":""}},{"type":"Feature","geometry":{"type":"Point","coordinates":[-94.16105302799991,42.492879868000045]},"properties":{"name":"Prince Of Peace Lutheran Church","county":"Webster","precinct":"Fd # 9","address":"1023 S 27TH ST","city":"FT DODGE","zip":"50501","affiliation_source":""}},{"type":"Feature","geometry":{"type":"Point","coordinates":[-94.1644045569999,42.514088392000076]},"properties":{"name":"Senior High School","county":"Webster","precinct":"Fd #10","address":"819 N 25TH ST","city":"FORT DODGE","zip":"50501","affiliation_source":""}},{"type":"Feature","geometry":{"type":"Point","coordinates":[-94.14994795099994,42.51372869700003]},"properties":{"name":"Fort Dodge Middle School","county":"Webster","precinct":"Cooper Township","address":"800 N 32ND ST","city":"FT DODGE","zip":"50501","affiliation_source":""}},{"type":"Feature","geometry":{"type":"Point","coordinates":[-94.1763856419999,42.51211432100007]},"properties":{"name":"Duncombe School","county":"Webster","precinct":"Fd #12","address":"615 N 16TH ST","city":"FORT DODGE","zip":"50501","affiliation_source":""}},{"type":"Feature","geometry":{"type":"Point","coordinates":[-94.1650729079999,42.520369832000085]},"properties":{"name":"Cooper School","county":"Webster","precinct":"Fd #11","address":"1523 N 24TH ST","city":"FORT DODGE","zip":"50501","affiliation_source":""}},{"type":"Feature","geometry":{"type":"Point","coordinates":[-94.3643172589999,42.505656558000055]},"properties":{"name":"Mnw Elementary School","county":"Webster","precinct":"Johnson Township","address":"303 PIERCE ST","city":"BARNUM","zip":"50518","affiliation_source":""}},{"type":"Feature","geometry":{"type":"Point","coordinates":[-94.17627006299995,42.262716400000045]},"properties":{"name":"Harcourt Library","county":"Webster","precinct":"Lost Grove Township","address":"106 W 2ND ST","city":"HARCOURT","zip":"50544","affiliation_source":""}},{"type":"Feature","geometry":{"type":"Point","coordinates":[-94.29325101199993,42.361642273000086]},"properties":{"name":"Callender Community Center","county":"Webster","precinct":"Clay-Roland Township","address":"505 THOMAS ST","city":"CALLENDER","zip":"50523","affiliation_source":""}},{"type":"Feature","geometry":{"type":"Point","coordinates":[-94.29631362599991,42.439904528000056]},"properties":{"name":"Moorland Community Center","county":"Webster","precinct":"Fulton Township","address":"416 3RD ST","city":"MOORLAND","zip":"50566","affiliation_source":""}},{"type":"Feature","geometry":{"type":"Point","coordinates":[-94.29135121399992,42.280596648000085]},"properties":{"name":"Gowrie Community Center","county":"Webster","precinct":"Gowrie Township","address":"1204 MARKET ST","city":"GOWRIE","zip":"50543","affiliation_source":""}},{"type":"Feature","geometry":{"type":"Point","coordinates":[-95.2939003759999,42.49816666900006]},"properties":{"name":"First Presbyterian Church, PCUSA","county":"Sac","precinct":"Schaller Pct 1","address":"100 W 3RD ST","city":"SCHALLER","zip":"51053","affiliation_source":"https://pcusa.org/congregation/first-church-schaller-ia"}},{"type":"Feature","geometry":{"type":"Point","coordinates":[-95.08898091399993,42.51552709400005]},"properties":{"name":"Nemaha Comm Bldg","county":"Sac","precinct":"Nemaha Pct 2","address":"312 MAIN ST","city":"NEMAHA","zip":"50567","affiliation_source":""}},{"type":"Feature","geometry":{"type":"Point","coordinates":[-95.15192987099994,42.461324008000076]},"properties":{"name":"Early Fire Station","county":"Sac","precinct":"Early Pct 3","address":"114 E 2ND ST","city":"EARLY","zip":"50535","affiliation_source":""}},{"type":"Feature","geometry":{"type":"Point","coordinates":[-94.98862378099994,42.42209548500006]},"properties":{"name":"Sac Co Courthouse","county":"Sac","precinct":"Sac City Pct 4","address":"100 NW STATE ST","city":"SAC CITY","zip":"50583","affiliation_source":""}},{"type":"Feature","geometry":{"type":"Point","coordinates":[-94.85977118999995,42.42403562700008]},"properties":{"name":"Lytton Comm Room","county":"Sac","precinct":"Lytton Pct 5","address":"118 MAIN ST","city":"LYTTON","zip":"50561","affiliation_source":""}},{"type":"Feature","geometry":{"type":"Point","coordinates":[-95.25219313699995,42.312119005000056]},"properties":{"name":"Odebolt Fire Station","county":"Sac","precinct":"Odebolt Pct 6","address":"213 W 2ND ST","city":"ODEBOLT","zip":"51458","affiliation_source":""}},{"type":"Feature","geometry":{"type":"Point","coordinates":[-95.05057905699994,42.305863043000045]},"properties":{"name":"Lake View Fire Station","county":"Sac","precinct":"Lake View Pct 7","address":"312 VINE ST","city":"LAKE VIEW","zip":"51450","affiliation_source":""}},{"type":"Feature","geometry":{"type":"Point","coordinates":[-94.87772519399994,42.250630786000045]},"properties":{"name":"Auburn Comm Bldg","county":"Sac","precinct":"Auburn Pct 8","address":"209 PINE ST","city":"AUBURN","zip":"51433","affiliation_source":""}},{"type":"Feature","geometry":{"type":"Point","coordinates":[-95.09356871099993,42.269839982000065]},"properties":{"name":"Wall Lake Comm Bldg","county":"Sac","precinct":"Wall Lake Pct 9","address":"108 BOYER ST","city":"WALL LAKE","zip":"51466","affiliation_source":""}},{"type":"Feature","geometry":{"type":"Point","coordinates":[-96.3520511829999,42.52487059500004]},"properties":{"name":"Peace Reformed Church","county":"Woodbury","precinct":"15 Peace Reformed Church/Concord Twp","address":"4100 OUTER DR N","city":"SIOUX CITY","zip":"51101","affiliation_source":""}},{"type":"Feature","geometry":{"type":"Point","coordinates":[-96.4022682989999,42.51960874700006]},"properties":{"name":"St John Lutheran Church","county":"Woodbury","precinct":"12 St John Lutheran Church","address":"2801 JACKSON ST","city":"SIOUX CITY","zip":"51104","affiliation_source":""}},{"type":"Feature","geometry":{"type":"Point","coordinates":[-96.37653528699991,42.49437983200005]},"properties":{"name":"Sioux City Transit System","county":"Woodbury","precinct":"13 SC Transit Building","address":"2505 4TH ST","city":"SIOUX CITY","zip":"51105","affiliation_source":""}},{"type":"Feature","geometry":{"type":"Point","coordinates":[-96.39602810299994,42.51294896400009]},"properties":{"name":"Boys & Girls Home","county":"Woodbury","precinct":"14 Boys & Girls Home","address":"2101 COURT ST","city":"SIOUX CITY","zip":"51104","affiliation_source":""}},{"type":"Feature","geometry":{"type":"Point","coordinates":[-96.39151054599995,42.517542279000054]},"properties":{"name":"Trimble United Methodist Church","county":"Woodbury","precinct":"16 Trimble United Methodist Church","address":"1424 27TH ST","city":"SIOUX CITY","zip":"51104","affiliation_source":""}},{"type":"Feature","geometry":{"type":"Point","coordinates":[-96.39137184899994,42.52601211600006]},"properties":{"name":"Sioux City Baptist Church","county":"Woodbury","precinct":"17 Sioux City Baptist Church","address":"3222 PAWNEE PL","city":"SIOUX CITY","zip":"51104","affiliation_source":""}},{"type":"Feature","geometry":{"type":"Point","coordinates":[-96.36142380299992,42.54541919600007]},"properties":{"name":"Calvary Lutheran Church","county":"Woodbury","precinct":"18 Calvary Lutheran Church","address":"4400 CENTRAL ST","city":"SIOUX CITY","zip":"51108","affiliation_source":""}},{"type":"Feature","geometry":{"type":"Point","coordinates":[-96.3744387729999,42.53688931800008]},"properties":{"name":"Central Baptist Church","county":"Woodbury","precinct":"19 Central Baptist Church","address":"4001 INDIAN HILLS DR","city":"SIOUX CITY","zip":"51108","affiliation_source":""}},{"type":"Feature","geometry":{"type":"Point","coordinates":[-96.39638358699995,42.49665965100007]},"properties":{"name":"Augustana Lutheran Church","county":"Woodbury","precinct":"20 Augustana Lutheran Church","address":"600 COURT ST","city":"SIOUX CITY","zip":"51101","affiliation_source":""}},{"type":"Feature","geometry":{"type":"Point","coordinates":[-96.3614133129999,42.48481912900007]},"properties":{"name":"Morningside Lutheran Church","county":"Woodbury","precinct":"21 Morningside Lutheran Church","address":"700 S MARTHA ST","city":"SIOUX CITY","zip":"51106","affiliation_source":""}},{"type":"Feature","geometry":{"type":"Point","coordinates":[-96.4092206279999,42.535381734000055]},"properties":{"name":"Sandy Keane School Of Dance","county":"Woodbury","precinct":"01 Sandy Keane School of Dance","address":"206 38TH ST","city":"SIOUX CITY","zip":"51104","affiliation_source":""}},{"type":"Feature","geometry":{"type":"Point","coordinates":[-96.43844954899993,42.51006196900005]},"properties":{"name":"Cross Pointe Church","county":"Woodbury","precinct":"02 Cross Pointe Church","address":"2300 W 19TH ST","city":"SIOUX CITY","zip":"51103","affiliation_source":""}},{"type":"Feature","geometry":{"type":"Point","coordinates":[-96.43397977799992,42.514782327000034]},"properties":{"name":"Concordia Lutheran Church","county":"Woodbury","precinct":"03 Concordia Lutheran Church","address":"2000 MILITARY RD","city":"SIOUX CITY","zip":"51103","affiliation_source":""}},{"type":"Feature","geometry":{"type":"Point","coordinates":[-96.47391633399991,42.51180209200004]},"properties":{"name":"Riverside Lutheran Church","county":"Woodbury","precinct":"05 Riverside Lutheran Church","address":"1817 RIVERSIDE BLVD","city":"SIOUX CITY","zip":"51109","affiliation_source":""}},{"type":"Feature","geometry":{"type":"Point","coordinates":[-96.41652610999995,42.52460999500005]},"properties":{"name":"Faith Lutheran Church","county":"Woodbury","precinct":"06 Faith Lutheran Church","address":"3101 HAMILTON BLVD","city":"SIOUX CITY","zip":"51104","affiliation_source":""}},{"type":"Feature","geometry":{"type":"Point","coordinates":[-96.42258098899993,42.51774158300009]},"properties":{"name":"Crescent Park School","county":"Woodbury","precinct":"07 Crescent Park School","address":"1114 W 27TH ST","city":"SIOUX CITY","zip":"51103","affiliation_source":""}},{"type":"Feature","geometry":{"type":"Point","coordinates":[-96.41811821099992,42.50583928900005]},"properties":{"name":"Mount Zion Baptist Church","county":"Woodbury","precinct":"08 Mt. Zion Baptist Church","address":"1421 GENEVA ST","city":"SIOUX CITY","zip":"51103","affiliation_source":""}},{"type":"Feature","geometry":{"type":"Point","coordinates":[-96.40401075199992,42.505037411000046]},"properties":{"name":"Midtown Family Comm Ctr","county":"Woodbury","precinct":"09 Midtown Family Comm Ctr","address":"525 14TH ST","city":"SIOUX CITY","zip":"51105","affiliation_source":""}},{"type":"Feature","geometry":{"type":"Point","coordinates":[-96.40629517199994,42.54878988100006]},"properties":{"name":"First Congregational Church","county":"Woodbury","precinct":"10 First Congregational Church","address":"4600 HAMILTON BLVD","city":"SIOUX CITY","zip":"51104","affiliation_source":""}},{"type":"Feature","geometry":{"type":"Point","coordinates":[-96.41900517199991,42.49865035900007]},"properties":{"name":"Siouxland Center For Active Generations","county":"Woodbury","precinct":"04 SIOUXLAND CENTER FOR ACTIVE GENERATIONS","address":"313 COOK ST","city":"SIOUX CITY","zip":"51103","affiliation_source":""}},{"type":"Feature","geometry":{"type":"Point","coordinates":[-96.41585710099992,42.50009793600009]},"properties":{"name":"Girls Inc Of Sioux City","county":"Woodbury","precinct":"11 Girls Inc of Sioux City","address":"500 MAIN ST","city":"SIOUX CITY","zip":"51103","affiliation_source":""}},{"type":"Feature","geometry":{"type":"Point","coordinates":[-95.06000707099992,41.59376344000009]},"properties":{"name":"Elk Horn City Hall - P/g","county":"Shelby","precinct":"CLAY-MONROE","address":"MAIN STREET","city":"ELK HORN","zip":"51531","affiliation_source":""}},{"type":"Feature","geometry":{"type":"Point","coordinates":[-95.2061774849999,41.79040092100007]},"properties":{"name":"Irwin Community Bldg - P/g","county":"Shelby","precinct":"DOUGLAS-GREELEY-JEFFERSON-POLK","address":"504 ANN ST","city":"IRWIN","zip":"51446","affiliation_source":""}},{"type":"Feature","geometry":{"type":"Point","coordinates":[-95.45009292799995,41.516243720000034]},"properties":{"name":"Shelby Community Hall - P/g","county":"Shelby","precinct":"FAIRVIEW-SHELBY","address":"500 EAST ST","city":"SHELBY","zip":"51570","affiliation_source":""}},{"type":"Feature","geometry":{"type":"Point","coordinates":[-95.41765416499993,41.77524099700008]},"properties":{"name":"St Joseph's Church Hall - P/g","county":"Shelby","precinct":"GROVE-UNION-WASHINGTON-WESTPHALIA","address":"118 MAIN ST","city":"EARLING","zip":"51530","affiliation_source":""}},{"type":"Feature","geometry":{"type":"Point","coordinates":[-95.31957096299993,41.65498843200004]},"properties":{"name":"Activity Center - Cs-cn-ja-ln - P/g","county":"Shelby","precinct":"CASS-CENTER-JACKSON-LINCOLN","address":"706 VICTORIA ST","city":"HARLAN","zip":"51537","affiliation_source":""}},{"type":"Feature","geometry":{"type":"Point","coordinates":[-95.31957096299993,41.65498843200004]},"properties":{"name":"Activity Center - Hl1 - P/g","county":"Shelby","precinct":"HARLAN - WARD 1","address":"706 VICTORIA ST","city":"HARLAN","zip":"51537","affiliation_source":""}},{"type":"Feature","geometry":{"type":"Point","coordinates":[-95.31957096299993,41.65498843200004]},"properties":{"name":"Activity Center - Hl2 - P/g","county":"Shelby","precinct":"HARLAN - WARD 2","address":"706 VICTORIA ST","city":"HARLAN","zip":"51537","affiliation_source":""}},{"type":"Feature","geometry":{"type":"Point","coordinates":[-95.31957096299993,41.65498843200004]},"properties":{"name":"Activity Center - Hl3 - P/g","county":"Shelby","precinct":"HARLAN - WARD 3","address":"706 VICTORIA ST","city":"HARLAN","zip":"51537","affiliation_source":""}},{"type":"Feature","geometry":{"type":"Point","coordinates":[-95.31957096299993,41.65498843200004]},"properties":{"name":"Activity Center - Hl4 - P/g","county":"Shelby","precinct":"HARLAN - WARD 4","address":"706 VICTORIA ST","city":"HARLAN","zip":"51537","affiliation_source":""}},{"type":"Feature","geometry":{"type":"Point","coordinates":[-96.22805796799992,42.233608694000054]},"properties":{"name":"Sloan Community Center","county":"Woodbury","precinct":"38 Sloan/Sloan Twp","address":"423 EVANS ST","city":"SLOAN","zip":"51055","affiliation_source":""}},{"type":"Feature","geometry":{"type":"Point","coordinates":[-96.09722364299995,42.23057950700007]},"properties":{"name":"Hornick Fire Station","county":"Woodbury","precinct":"39 Hornick/Willow Twp","address":"400 MAIN ST","city":"HORNICK","zip":"51026","affiliation_source":""}},{"type":"Feature","geometry":{"type":"Point","coordinates":[-95.86252396999993,42.38867884900009]},"properties":{"name":"Anthon Community Center","county":"Woodbury","precinct":"40 Anthon/Miller Twp","address":"110 N 5TH AVE","city":"ANTHON","zip":"51004","affiliation_source":""}},{"type":"Feature","geometry":{"type":"Point","coordinates":[-95.93074770499993,42.22812025800005]},"properties":{"name":"Smithland Fire Station","county":"Woodbury","precinct":"42 Smithland/Little Sioux Twp","address":"107 S HICKORY ST","city":"SMITHLAND","zip":"51056","affiliation_source":""}},{"type":"Feature","geometry":{"type":"Point","coordinates":[-95.89387646799992,42.28683218200007]},"properties":{"name":"Oto City Hall","county":"Woodbury","precinct":"43 Oto/Oto Twp","address":"27 WASHINGTON ST","city":"OTO","zip":"51044","affiliation_source":""}},{"type":"Feature","geometry":{"type":"Point","coordinates":[-95.67514325799993,42.46549829800006]},"properties":{"name":"Cushing Fire Station","county":"Woodbury","precinct":"44 Cushing/Rock Twp","address":"201 MAIN ST","city":"CUSHING","zip":"51018","affiliation_source":""}},{"type":"Feature","geometry":{"type":"Point","coordinates":[-95.72182487099991,42.234503319000055]},"properties":{"name":"Danbury Emergency Services Bld","county":"Woodbury","precinct":"41 Danbury/Lis-Mor Twp","address":"201 MAIN ST","city":"DANBURY","zip":"51019","affiliation_source":""}},{"type":"Feature","geometry":{"type":"Point","coordinates":[-95.22217774899991,41.476871276000054]},"properties":{"name":"Walnut Library","county":"Pottawattamie","precinct":"Walnut","address":"224 ANTIQUE CITY DR","city":"WALNUT","zip":"51577","affiliation_source":""}},{"type":"Feature","geometry":{"type":"Point","coordinates":[-94.20049088399992,41.027465299000085]},"properties":{"name":"Afton Methodist Church","county":"Union","precinct":"Afton","address":"PO BOX 136\r\n111 S DOUGLAS","city":"AFTON","zip":"50830","affiliation_source":""}},{"type":"Feature","geometry":{"type":"Point","coordinates":[-94.22020740399995,40.948073660000034]},"properties":{"name":"Arispe Methodist Church","county":"Union","precinct":"Arispe","address":"112 DIVISION STREET","city":"ARISPE","zip":"50831","affiliation_source":""}},{"type":"Feature","geometry":{"type":"Point","coordinates":[-94.05542150699995,41.127046766000035]},"properties":{"name":"Lorimor City Hall","county":"Union","precinct":"Lorimor","address":"503 MAIN ST","city":"LORIMOR","zip":"50149","affiliation_source":""}},{"type":"Feature","geometry":{"type":"Point","coordinates":[-94.36826329099995,41.070547514000054]},"properties":{"name":"Salem Lutheran Church","county":"Union","precinct":"Creston Pct 1","address":"1208 N SYCAMORE","city":"CRESTON","zip":"50801","affiliation_source":""}},{"type":"Feature","geometry":{"type":"Point","coordinates":[-94.38068019199994,41.07118859700006]},"properties":{"name":"Swcc Tech Center","county":"Union","precinct":"Creston Pct 2","address":"1501 W TOWNLINE ST","city":"CRESTON","zip":"50801","affiliation_source":""}},{"type":"Feature","geometry":{"type":"Point","coordinates":[-94.37262355699994,41.06455036300008]},"properties":{"name":"Trinity Lutheran Church","county":"Union","precinct":"Creston Pct 3","address":"800 N SUMNER ST","city":"CRESTON","zip":"50801","affiliation_source":""}},{"type":"Feature","geometry":{"type":"Point","coordinates":[-94.35550536599993,41.069965050000064]},"properties":{"name":"Crest Baptist Church","county":"Union","precinct":"Creston Pct 5","address":"1211 N POPLAR","city":"CRESTON","zip":"50801","affiliation_source":""}},{"type":"Feature","geometry":{"type":"Point","coordinates":[-94.3741357959999,41.04845046000008]},"properties":{"name":"Supertel Inn","county":"Union","precinct":"Creston Pct 4","address":"800 LAUREL ST","city":"CRESTON","zip":"50801","affiliation_source":""}},{"type":"Feature","geometry":{"type":"Point","coordinates":[-95.6153905249999,41.232423191000066]},"properties":{"name":"Treynor Community Center","county":"Pottawattamie","precinct":"Treynor","address":"13 W MAIN ST","city":"TREYNOR","zip":"51575","affiliation_source":""}},{"type":"Feature","geometry":{"type":"Point","coordinates":[-95.67675750399991,41.386810351000065]},"properties":{"name":"Umba Hall","county":"Pottawattamie","precinct":"Underwood","address":"300 2ND AVE","city":"UNDERWOOD","zip":"51576","affiliation_source":""}},{"type":"Feature","geometry":{"type":"Point","coordinates":[-94.47950600399992,40.61539449800006]},"properties":{"name":"Blockton Community Building","county":"Taylor","precinct":"1-1 Blockton,Jefferson, Gay","address":"405 DIVISION","city":"BLOCKTON","zip":"50836","affiliation_source":""}},{"type":"Feature","geometry":{"type":"Point","coordinates":[-94.4757509719999,40.80472594000008]},"properties":{"name":"Clearfield City Hall","county":"Taylor","precinct":"2-1 Clearfield & Grant","address":"","city":"","zip":"","affiliation_source":""}},{"type":"Feature","geometry":{"type":"Point","coordinates":[-94.7179543339999,40.66701117700006]},"properties":{"name":"Bedford American Legion","county":"Taylor","precinct":"7-3 District 3 Townships","address":"301 MAIN","city":"BEDFORD","zip":"50833","affiliation_source":""}},{"type":"Feature","geometry":{"type":"Point","coordinates":[-94.71916607799994,40.667921043000035]},"properties":{"name":"Courthouse","county":"Taylor","precinct":"6-3 City of Bedford","address":"405 JEFFERSON","city":"BEDFORD","zip":"50833","affiliation_source":""}},{"type":"Feature","geometry":{"type":"Point","coordinates":[-94.89944045099992,40.73124482800006]},"properties":{"name":"New Market City Hall","county":"Taylor","precinct":"4-1New Market,Dallas,Mason","address":"512 MAIN","city":"NEW MARKET","zip":"51646","affiliation_source":""}},{"type":"Feature","geometry":{"type":"Point","coordinates":[-94.74488028699994,40.758726299000045]},"properties":{"name":"Gravity Fire Station","county":"Taylor","precinct":"3-1Gravity,CW, Marsh,Wash","address":"405 MAIN ST","city":"GRAVITY","zip":"50848","affiliation_source":""}},{"type":"Feature","geometry":{"type":"Point","coordinates":[-94.5563323849999,40.874773116000085]},"properties":{"name":"Lenox Community Center","county":"Taylor","precinct":"5-2Lenox & Dist. 2 Townships","address":"210 E DALLAS STREET","city":"LENOX","zip":"50851","affiliation_source":""}},{"type":"Feature","geometry":{"type":"Point","coordinates":[-94.33952506299994,40.80668405600005]},"properties":{"name":"Diagonal Community Building","county":"Ringgold","precinct":"Washington","address":"103 N BROADWAY ST","city":"DIAGONAL","zip":"50845","affiliation_source":""}},{"type":"Feature","geometry":{"type":"Point","coordinates":[-94.19538209199993,40.85238992600006]},"properties":{"name":"Tingley Community Building","county":"Ringgold","precinct":"Tingley","address":"111 W MAIN ST","city":"TINGLEY","zip":"50863","affiliation_source":""}},{"type":"Feature","geometry":{"type":"Point","coordinates":[-94.04966750499995,40.70807007800005]},"properties":{"name":"Kellerton City Hall","county":"Ringgold","precinct":"Athens","address":"108 SOUTH DECATUR","city":"KELLERTON","zip":"50133","affiliation_source":""}},{"type":"Feature","geometry":{"type":"Point","coordinates":[-94.05025227399994,40.80854672400005]},"properties":{"name":"Ellston Community Building","county":"Ringgold","precinct":"Union","address":"103 W MAIN ST","city":"ELLSTON","zip":"50074","affiliation_source":""}},{"type":"Feature","geometry":{"type":"Point","coordinates":[-94.38909085299991,40.60375562300004]},"properties":{"name":"Redding Frontier Hall","county":"Ringgold","precinct":"Clinton","address":"402 CENTRAL ST","city":"REDDING","zip":"50860","affiliation_source":""}},{"type":"Feature","geometry":{"type":"Point","coordinates":[-94.2377554929999,40.71474339400004]},"properties":{"name":"Ringgold County Courthouse","county":"Ringgold","precinct":"Mt Ayr Ward 2","address":"109 W MADISON ST","city":"MOUNT AYR","zip":"50854","affiliation_source":""}},{"type":"Feature","geometry":{"type":"Point","coordinates":[-94.22365675099991,40.71051511500008]},"properties":{"name":"American Legion Building","county":"Ringgold","precinct":"Mt Ayr Ward 1","address":"1302 S CLEVELAND ST","city":"MOUNT AYR","zip":"50854","affiliation_source":""}},{"type":"Feature","geometry":{"type":"Point","coordinates":[-93.36508353699992,40.71100164300009]},"properties":{"name":"Civic Center, Allerton","county":"Wayne","precinct":"A01","address":"NORTH CENTRAL AVENUE","city":"ALLERTON","zip":"50008","affiliation_source":""}},{"type":"Feature","geometry":{"type":"Point","coordinates":[-90.50431096599993,41.52530170300008]},"properties":{"name":"Waterfront Convention Center","county":"Scott","precinct":"Bettendorf City B11","address":"2021 STATE ST","city":"BETTENDORF","zip":"52722","affiliation_source":""}},{"type":"Feature","geometry":{"type":"Point","coordinates":[-90.51187048999992,41.55143311200004]},"properties":{"name":"Grant Wood School","county":"Scott","precinct":"Bettendorf City B21","address":"1423 HILLSIDE DR","city":"BETTENDORF","zip":"52722","affiliation_source":""}},{"type":"Feature","geometry":{"type":"Point","coordinates":[-90.50789140199993,41.560428598000044]},"properties":{"name":"Harmony Hills Baptist Church","county":"Scott","precinct":"Bettendorf City B22","address":"1642 TANGLE FOOT LN","city":"BETTENDORF","zip":"52722","affiliation_source":""}},{"type":"Feature","geometry":{"type":"Point","coordinates":[-90.56974673499991,41.53652027800007]},"properties":{"name":"First Presbyterian Church, PCUSA","county":"Scott","precinct":"Davenport City D52","address":"1702 IOWA ST","city":"DAVENPORT","zip":"52803","affiliation_source":"https://pcusa.org/congregation/first-church-davenport-ia"}},{"type":"Feature","geometry":{"type":"Point","coordinates":[-90.5585693939999,41.540948090000086]},"properties":{"name":"Grace Lutheran Church","county":"Scott","precinct":"Davenport City D53","address":"1140 E HIGH ST","city":"DAVENPORT","zip":"52803","affiliation_source":""}},{"type":"Feature","geometry":{"type":"Point","coordinates":[-90.5171095039999,41.56788559700004]},"properties":{"name":"Christ's Family Church","county":"Scott","precinct":"Davenport City D62","address":"4601 UTICA RIDGE RD","city":"DAVENPORT","zip":"52807","affiliation_source":""}},{"type":"Feature","geometry":{"type":"Point","coordinates":[-90.5513641469999,41.55808007500008]},"properties":{"name":"Unitarian Church","county":"Scott","precinct":"Davenport City D63","address":"3707 EASTERN AV","city":"DAVENPORT","zip":"52807","affiliation_source":""}},{"type":"Feature","geometry":{"type":"Point","coordinates":[-90.52477382399991,41.538500885000076]},"properties":{"name":"Duck Creek Park Lodge","county":"Scott","precinct":"Davenport City D64","address":"3300 E LOCUST ST","city":"DAVENPORT","zip":"52803","affiliation_source":""}},{"type":"Feature","geometry":{"type":"Point","coordinates":[-92.4454035309999,41.72873090600007]},"properties":{"name":"Michael J. Manatt Comm Ctr","county":"Poweshiek","precinct":"BMWJ","address":"105 JACKSON STREET","city":"BROOKLYN","zip":"52211","affiliation_source":""}},{"type":"Feature","geometry":{"type":"Point","coordinates":[-92.37353844199993,41.580046447000086]},"properties":{"name":"Deep River Community Center","county":"Poweshiek","precinct":"DRL","address":"701 MAIN ST","city":"DEEP RIVER","zip":"52222","affiliation_source":""}},{"type":"Feature","geometry":{"type":"Point","coordinates":[-92.55611698199993,41.70719825100008]},"properties":{"name":"Malcom Auditorium","county":"Poweshiek","precinct":"MS","address":"MAIN STREET","city":"MALCOM","zip":"50157","affiliation_source":""}},{"type":"Feature","geometry":{"type":"Point","coordinates":[-92.71770755499995,41.726521079000065]},"properties":{"name":"Pow Co Fair 4h Bldg South End","county":"Poweshiek","precinct":"CGWS","address":"425 EAST ST S","city":"GRINNELL","zip":"50112","affiliation_source":""}},{"type":"Feature","geometry":{"type":"Point","coordinates":[-92.71770755499995,41.726521079000065]},"properties":{"name":"Pow Co Fair 4h Bldg North End","county":"Poweshiek","precinct":"4th Ward","address":"425 EAST ST S","city":"GRINNELL","zip":"50112","affiliation_source":""}},{"type":"Feature","geometry":{"type":"Point","coordinates":[-92.54034409499991,41.594382572000086]},"properties":{"name":"Pow Co Cons Foster Center","county":"Poweshiek","precinct":"JUPS","address":"4896 STAGECOACH RD","city":"MONTEZUMA","zip":"50171","affiliation_source":""}},{"type":"Feature","geometry":{"type":"Point","coordinates":[-93.49010096699993,41.498596260000056]},"properties":{"name":"Family Life Center","county":"Warren","precinct":"Allen 2","address":"405 SCHOOL ST","city":"CARLISLE","zip":"50047","affiliation_source":""}},{"type":"Feature","geometry":{"type":"Point","coordinates":[-93.4854618729999,41.497721555000055]},"properties":{"name":"Carlisle Community Building","county":"Warren","precinct":"Allen 3","address":"35 VINE ST","city":"CARLISLE","zip":"50047","affiliation_source":""}},{"type":"Feature","geometry":{"type":"Point","coordinates":[-93.5586468269999,41.472465610000086]},"properties":{"name":"Scotch Ridge Church","county":"Warren","precinct":"Greenfield 1","address":"13015 SCOTCH RIDGE RD","city":"CARLISLE","zip":"50047","affiliation_source":""}},{"type":"Feature","geometry":{"type":"Point","coordinates":[-93.6257574899999,41.49326082400006]},"properties":{"name":"Northern Warren Fire Station","county":"Warren","precinct":"Greenfield 1 DM86","address":"2300 R63 HWY","city":"NORWALK","zip":"50211","affiliation_source":""}},{"type":"Feature","geometry":{"type":"Point","coordinates":[-93.50695357299992,41.20464763800004]},"properties":{"name":"Southeast Warren School","county":"Warren","precinct":"Liberty","address":"16331 TYLER ST","city":"LIBERTY CENTER","zip":"50145","affiliation_source":""}},{"type":"Feature","geometry":{"type":"Point","coordinates":[-93.46701208099995,41.45719362900007]},"properties":{"name":"Palmyra Township Hall","county":"Warren","precinct":"Palmyra","address":"19397 HIGHWAY G24","city":"PALMYRA","zip":"50047","affiliation_source":""}},{"type":"Feature","geometry":{"type":"Point","coordinates":[-93.3966982529999,41.463162573000034]},"properties":{"name":"Hartford City Hall","county":"Warren","precinct":"Richland/Palmyra","address":"150 ELM","city":"HARTFORD","zip":"50118","affiliation_source":""}},{"type":"Feature","geometry":{"type":"Point","coordinates":[-93.38402847899994,41.18969377900004]},"properties":{"name":"Lacona Community Hall","county":"Warren","precinct":"White Breast","address":"104 N WASHINGTON","city":"LACONA","zip":"50139","affiliation_source":""}},{"type":"Feature","geometry":{"type":"Point","coordinates":[-93.61256379999992,41.50365027300006]},"properties":{"name":"The Cross Community Church","county":"Warren","precinct":"Greenfield 1 DM85","address":"8383 RIDGEVIEW DR","city":"DES MOINES","zip":"50320","affiliation_source":""}},{"type":"Feature","geometry":{"type":"Point","coordinates":[-93.55847123199993,41.39122320200005]},"properties":{"name":"Indianola Freedom Fellowship Church","county":"Warren","precinct":"Greenfield 2/Lincoln 2","address":"2604 N. JEFFERSON","city":"INDIANOLA","zip":"50125","affiliation_source":""}},{"type":"Feature","geometry":{"type":"Point","coordinates":[-93.54568784399993,41.36901436100004]},"properties":{"name":"Indianola Church Of Christ","county":"Warren","precinct":"INDIANOLA 1","address":"1112 E IOWA","city":"INDIANOLA","zip":"50125","affiliation_source":""}},{"type":"Feature","geometry":{"type":"Point","coordinates":[-93.5623566779999,41.36287988600009]},"properties":{"name":"Warren Co Admin Bldg","county":"Warren","precinct":"INDIANOLA 2","address":"301 N BUXTON ST","city":"INDIANOLA","zip":"50125","affiliation_source":""}},{"type":"Feature","geometry":{"type":"Point","coordinates":[-93.5829008799999,41.365859758000056]},"properties":{"name":"Community Of Christ Church","county":"Warren","precinct":"INDIANOLA 3","address":"1609 W EUCLID","city":"INDIANOLA","zip":"50125","affiliation_source":""}},{"type":"Feature","geometry":{"type":"Point","coordinates":[-93.57921942699994,41.36229829200005]},"properties":{"name":"Redeemer Lutheran Church","county":"Warren","precinct":"INDIANOLA 4","address":"1410 W BOSTON AVE","city":"INDIANOLA","zip":"50125","affiliation_source":""}},{"type":"Feature","geometry":{"type":"Point","coordinates":[-93.58352252799995,41.35627837900006]},"properties":{"name":"First Assembly Of God Church","county":"Warren","precinct":"INDIANOLA 6","address":"1700 W 2ND AVE","city":"INDIANOLA","zip":"50125","affiliation_source":""}},{"type":"Feature","geometry":{"type":"Point","coordinates":[-93.60643395699992,41.35935424100006]},"properties":{"name":"St Thomas Pastoral Center","county":"Warren","precinct":"Lincoln 1","address":"210 R63 HWY","city":"INDIANOLA","zip":"50125","affiliation_source":""}},{"type":"Feature","geometry":{"type":"Point","coordinates":[-93.5616713519999,41.35924346300004]},"properties":{"name":"Indianola Am. Legion Hall","county":"Warren","precinct":"INDIANOLA 7","address":"105 W 1ST AVE","city":"INDIANOLA","zip":"50125","affiliation_source":""}},{"type":"Feature","geometry":{"type":"Point","coordinates":[-93.73714380199993,41.30803822200005]},"properties":{"name":"St Marys Am Legion Hall","county":"Warren","precinct":"Jackson","address":"IOWA ST","city":"ST MARYS","zip":"50241","affiliation_source":""}},{"type":"Feature","geometry":{"type":"Point","coordinates":[-93.67652056399993,41.475308314000074]},"properties":{"name":"Norwalk Library","county":"Warren","precinct":"Norwalk 2 Greenfield 1","address":"1051 NORTH AVE","city":"NORWALK","zip":"50211","affiliation_source":""}},{"type":"Feature","geometry":{"type":"Point","coordinates":[-93.69536353199993,41.474250021000046]},"properties":{"name":"St. John Church","county":"Warren","precinct":"Norwalk 3 Linn","address":"720 ORCHARD HILLS DR","city":"NORWALK","zip":"50211","affiliation_source":""}},{"type":"Feature","geometry":{"type":"Point","coordinates":[-93.43833692599992,41.28719419300006]},"properties":{"name":"Milo City Hall","county":"Warren","precinct":"Belmont","address":"100 MAIN ST","city":"MILO","zip":"50166","affiliation_source":""}},{"type":"Feature","geometry":{"type":"Point","coordinates":[-93.43740123799995,41.29133791500004]},"properties":{"name":"St Augustine Church","county":"Warren","precinct":"Otter Milo","address":"111 E BELMONT ST","city":"MILO","zip":"50166","affiliation_source":""}},{"type":"Feature","geometry":{"type":"Point","coordinates":[-93.73638976699993,41.21300384400007]},"properties":{"name":"Medora Church","county":"Warren","precinct":"Squaw Creek","address":"10804 HIGHWAY G76","city":"MEDORA","zip":"50210","affiliation_source":""}},{"type":"Feature","geometry":{"type":"Point","coordinates":[-93.73031361199992,41.18177063600007]},"properties":{"name":"New Virginia Lions Hall","county":"Warren","precinct":"Virginia","address":"503 WEST ST","city":"NEW VIRGINIA","zip":"50210","affiliation_source":""}},{"type":"Feature","geometry":{"type":"Point","coordinates":[-93.58250698599994,41.298794936000036]},"properties":{"name":"Annett Nature Center","county":"Warren","precinct":"White Oak","address":"15565 118TH AVE","city":"INDIANOLA","zip":"50125","affiliation_source":""}},{"type":"Feature","geometry":{"type":"Point","coordinates":[-93.67502053999993,41.50037282900007]},"properties":{"name":"New Life Lutheran Church","county":"Warren","precinct":"Norwalk 1","address":"4380 WAKONDA DR","city":"NORWALK","zip":"50211","affiliation_source":""}},{"type":"Feature","geometry":{"type":"Point","coordinates":[-93.6754995689999,41.48710454600007]},"properties":{"name":"Norwalk Police Station","county":"Warren","precinct":"Norwalk 4","address":"1100 CHATHAM AVE","city":"NORWALK","zip":"50211","affiliation_source":""}},{"type":"Feature","geometry":{"type":"Point","coordinates":[-91.5570122009999,41.28843765400006]},"properties":{"name":"Ainsworth Fire Station","county":"Washington","precinct":"Ainsworth","address":"645 HWY 92","city":"AINSWORTH","zip":"52201","affiliation_source":""}},{"type":"Feature","geometry":{"type":"Point","coordinates":[-91.7047969159999,41.48445182100005]},"properties":{"name":"Kalona Community Bldg","county":"Washington","precinct":"Kalona","address":"307 6TH ST","city":"KALONA","zip":"52247","affiliation_source":""}},{"type":"Feature","geometry":{"type":"Point","coordinates":[-91.58006315799992,41.48005946200004]},"properties":{"name":"Riverside City Hall","county":"Washington","precinct":"Riverside","address":"60 GREENE ST","city":"RIVERSIDE","zip":"52327","affiliation_source":""}},{"type":"Feature","geometry":{"type":"Point","coordinates":[-91.69337289399994,41.299506164000036]},"properties":{"name":"Washington Co Courthouse","county":"Washington","precinct":"Ward 1","address":"222 W MAIN ST","city":"WASHINGTON","zip":"52353","affiliation_source":""}},{"type":"Feature","geometry":{"type":"Point","coordinates":[-91.69214053099995,41.298333368000044]},"properties":{"name":"Central Pk Comm Ctr","county":"Washington","precinct":"Ward 2","address":"107 W WASHINGTON ST","city":"WASHINGTON","zip":"52353","affiliation_source":""}},{"type":"Feature","geometry":{"type":"Point","coordinates":[-91.69066964399991,41.29946858500006]},"properties":{"name":"Old Library","county":"Washington","precinct":"Ward 3","address":"120 E MAIN ST","city":"WASHINGTON","zip":"52353","affiliation_source":""}},{"type":"Feature","geometry":{"type":"Point","coordinates":[-91.6944435979999,41.288431107000065]},"properties":{"name":"Halcyon House","county":"Washington","precinct":"Ward 4","address":"1124 S AVE B","city":"WASHINGTON","zip":"52353","affiliation_source":""}},{"type":"Feature","geometry":{"type":"Point","coordinates":[-91.8344121959999,41.47455282200008]},"properties":{"name":"Parkside Activities Center","county":"Washington","precinct":"Wellman","address":"525 13TH ST.","city":"WELLMAN","zip":"52356","affiliation_source":""}},{"type":"Feature","geometry":{"type":"Point","coordinates":[-92.63671746799992,40.96408381900005]},"properties":{"name":"Blakesburg City Hall","county":"Wapello","precinct":"Adams Twp/Blakesurg City/Polk","address":"101 STATE ST","city":"BLAKESBURG","zip":"52536","affiliation_source":""}},{"type":"Feature","geometry":{"type":"Point","coordinates":[-92.63784357899993,41.15745582000005]},"properties":{"name":"Eddyville Public Library","county":"Wapello","precinct":"Columbia Township","address":"202 SECOND ST","city":"EDDYVILLE","zip":"52553","affiliation_source":""}},{"type":"Feature","geometry":{"type":"Point","coordinates":[-92.52878575599993,41.08623611300004]},"properties":{"name":"Chillicothe City Hall","county":"Wapello","precinct":"Cass Township","address":"201 MAIN ST","city":"CHILLICOTHE","zip":"52548","affiliation_source":""}},{"type":"Feature","geometry":{"type":"Point","coordinates":[-92.35126172799994,41.12640711600005]},"properties":{"name":"Township Hall, Highland Center Cp","county":"Wapello","precinct":"Competine Twp","address":"9906 HIGHLAND CENTER RD","city":"OTTUMWA","zip":"52501","affiliation_source":""}},{"type":"Feature","geometry":{"type":"Point","coordinates":[-92.35126172799994,41.12640711600005]},"properties":{"name":"Township Hall, Highland Center Hi","county":"Wapello","precinct":"Highland Twp","address":"9906 HIGHLAND CENTER RD","city":"OTTUMWA","zip":"52501","affiliation_source":""}},{"type":"Feature","geometry":{"type":"Point","coordinates":[-92.5038420489999,41.14558967100004]},"properties":{"name":"Kirkville City Hall","county":"Wapello","precinct":"Richland Township","address":"101 W MAIN ST","city":"KIRKVILLE","zip":"52566","affiliation_source":""}},{"type":"Feature","geometry":{"type":"Point","coordinates":[-91.9459337589999,40.87912016300004]},"properties":{"name":"Birmingham Lions Building","county":"Van Buren","precinct":"Birmingham Pct","address":"110 N CROSS ST","city":"BIRMINGHAM","zip":"52535","affiliation_source":""}},{"type":"Feature","geometry":{"type":"Point","coordinates":[-91.8021226269999,40.69797049300007]},"properties":{"name":"Bonaparte Opera House","county":"Van Buren","precinct":"Bonaparte Pct","address":"614 1ST ST","city":"BONAPARTE","zip":"52620","affiliation_source":""}},{"type":"Feature","geometry":{"type":"Point","coordinates":[-92.07546319499994,40.645303442000056]},"properties":{"name":"Cantril Twp Hall","county":"Van Buren","precinct":"Cantril Pct","address":"607 W NORTH ST","city":"CANTRIL","zip":"52542","affiliation_source":""}},{"type":"Feature","geometry":{"type":"Point","coordinates":[-92.08622228099995,40.840011908000065]},"properties":{"name":"Douds Community Center","county":"Van Buren","precinct":"Douds Pct","address":"14159 HWY 98","city":"DOUDS","zip":"52551","affiliation_source":""}},{"type":"Feature","geometry":{"type":"Point","coordinates":[-91.7400912039999,40.63989593900004]},"properties":{"name":"Farmington Community Center","county":"Van Buren","precinct":"Farmington Pct","address":"201 S 4TH ST","city":"FARMINGTON","zip":"52626","affiliation_source":""}},{"type":"Feature","geometry":{"type":"Point","coordinates":[-91.96013562399992,40.73055943900005]},"properties":{"name":"Keosauqua Senior Citizen Center","county":"Van Buren","precinct":"Keosauqua Pct","address":"801 FRONT ST","city":"KEOSAUQUA","zip":"52565","affiliation_source":""}},{"type":"Feature","geometry":{"type":"Point","coordinates":[-92.16178389399994,40.672843096000065]},"properties":{"name":"Milton American Legion Center","county":"Van Buren","precinct":"Milton Pct","address":"320 N MAIN ST","city":"MILTON","zip":"52570","affiliation_source":""}},{"type":"Feature","geometry":{"type":"Point","coordinates":[-91.8326966809999,40.85766818400003]},"properties":{"name":"Stockport American Legion Center","county":"Van Buren","precinct":"Stockport Pct","address":"110-112 E LEGION ST","city":"STOCKPORT","zip":"52651","affiliation_source":""}},{"type":"Feature","geometry":{"type":"Point","coordinates":[-92.3067404059999,40.99490295700008]},"properties":{"name":"Agency Community Center","county":"Wapello","precinct":"Agency City/Twp/Pleasant Twp","address":"102 W MAIN ST","city":"AGENCY","zip":"52530","affiliation_source":""}},{"type":"Feature","geometry":{"type":"Point","coordinates":[-92.46180123799991,40.94433335900004]},"properties":{"name":"Zion Community Church","county":"Wapello","precinct":"Green Township","address":"15714 COPPERHEAD RD","city":"OTTUMWA","zip":"52501","affiliation_source":""}},{"type":"Feature","geometry":{"type":"Point","coordinates":[-92.40893763899993,40.940533892000076]},"properties":{"name":"Hickory Grove Community Church","county":"Wapello","precinct":"Keokuk Township","address":"3929 US HWY 63","city":"OTTUMWA","zip":"52501","affiliation_source":""}},{"type":"Feature","geometry":{"type":"Point","coordinates":[-92.2244665469999,40.91935100900008]},"properties":{"name":"Eldon Library Hall","county":"Wapello","precinct":"Washington Township","address":"608 W ELM ST","city":"ELDON","zip":"52554","affiliation_source":""}},{"type":"Feature","geometry":{"type":"Point","coordinates":[-92.39446504799992,41.02742271100004]},"properties":{"name":"Penn Ave Free Methodist Church","county":"Wapello","precinct":"Ottumwa 1","address":"820 E PENNSYLVANIA AVE","city":"OTTUMWA","zip":"52501","affiliation_source":""}},{"type":"Feature","geometry":{"type":"Point","coordinates":[-92.39438233399994,41.04434222000003]},"properties":{"name":"Ihcc-advanced Technology Center Door 1","county":"Wapello","precinct":"Dahlonega Township","address":"525 GRANDVIEW AVE","city":"OTTUMWA","zip":"52501","affiliation_source":""}},{"type":"Feature","geometry":{"type":"Point","coordinates":[-92.40956377999993,41.06095066700004]},"properties":{"name":"Great Prairie Aea 15","county":"Wapello","precinct":"Ottumwa 3","address":"2814 N COURT ST","city":"OTTUMWA","zip":"52501","affiliation_source":""}},{"type":"Feature","geometry":{"type":"Point","coordinates":[-92.4222877659999,41.02620650300008]},"properties":{"name":"Westgate Towers","county":"Wapello","precinct":"Ottumwa 4","address":"910 W 2ND ST","city":"OTTUMWA","zip":"52501","affiliation_source":""}},{"type":"Feature","geometry":{"type":"Point","coordinates":[-92.4106430519999,41.01961432100006]},"properties":{"name":"Wapello County Courthouse","county":"Wapello","precinct":"Ottumwa 5","address":"101 W 4TH ST","city":"OTTUMWA","zip":"52501","affiliation_source":""}},{"type":"Feature","geometry":{"type":"Point","coordinates":[-92.42148705299991,41.007364701000085]},"properties":{"name":"First Pentecostal Assembly Of God Church","county":"Wapello","precinct":"Center Township","address":"733 CHURCH ST","city":"OTTUMWA","zip":"52501","affiliation_source":""}},{"type":"Feature","geometry":{"type":"Point","coordinates":[-92.42352088599995,41.002132680000045]},"properties":{"name":"Southoak Towers","county":"Wapello","precinct":"Ottumwa 6","address":"102 W FINLEY AVE","city":"OTTUMWA","zip":"52501","affiliation_source":""}},{"type":"Feature","geometry":{"type":"Point","coordinates":[-92.4210744589999,41.00065013900007]},"properties":{"name":"Davis Street Christian Church","county":"Wapello","precinct":"Ottumwa 7","address":"202 S DAVIS ST","city":"OTTUMWA","zip":"52501","affiliation_source":""}},{"type":"Feature","geometry":{"type":"Point","coordinates":[-92.43647098399993,40.998512574000074]},"properties":{"name":"Bible Baptist Church","county":"Wapello","precinct":"Ottumwa 9","address":"944 W WILLIAMS ST","city":"OTTUMWA","zip":"52501","affiliation_source":""}},{"type":"Feature","geometry":{"type":"Point","coordinates":[-92.4344231639999,41.00869805700006]},"properties":{"name":"Camelot Towers","county":"Wapello","precinct":"Ottumwa 10","address":"827 ALBIA RD","city":"OTTUMWA","zip":"52501","affiliation_source":""}},{"type":"Feature","geometry":{"type":"Point","coordinates":[-91.82113609099991,41.17490690100004]},"properties":{"name":"Brighton Community Bldg","county":"Washington","precinct":"Brighton/Marion/Crawford","address":"100 E WASHINGTON ST","city":"BRIGHTON","zip":"52540","affiliation_source":""}},{"type":"Feature","geometry":{"type":"Point","coordinates":[-93.76082005299992,41.485343586000056]},"properties":{"name":"Harvest Church","county":"Warren","precinct":"Cumming West Des Moines","address":"4225 N. BIRCH ST","city":"CUMMING","zip":"50061","affiliation_source":""}},{"type":"Feature","geometry":{"type":"Point","coordinates":[-93.31728681699991,40.75809137600004]},"properties":{"name":"Basement Courthouse","county":"Wayne","precinct":"C02","address":"100 LAFAYETTE","city":"CORYDON","zip":"50060","affiliation_source":""}},{"type":"Feature","geometry":{"type":"Point","coordinates":[-93.49517566599991,40.858910963000085]},"properties":{"name":"Communtiy Bldg, Humeston","county":"Wayne","precinct":"H03","address":"BROAD STREET","city":"HUMESTON","zip":"50123","affiliation_source":""}},{"type":"Feature","geometry":{"type":"Point","coordinates":[-93.1150717989999,40.68278006400004]},"properties":{"name":"Community Bldg, Seymour","county":"Wayne","precinct":"S04","address":"228 E 2ND STREET","city":"SEYMOUR","zip":"52590","affiliation_source":""}},{"type":"Feature","geometry":{"type":"Point","coordinates":[-90.63658000499993,41.53813335800004]},"properties":{"name":"New Hope Presbyterian Church, PCUSA","county":"Scott","precinct":"Davenport City D12","address":"4209 W LOCUST ST","city":"DAVENPORT","zip":"52804","affiliation_source":"https://pcusa.org/congregation/new-hope-church-davenport-ia"}},{"type":"Feature","geometry":{"type":"Point","coordinates":[-90.63849961699992,41.567693286000065]},"properties":{"name":"Seventh Day Adventist School","county":"Scott","precinct":"Davenport City D22","address":"4444 W KIMBERLY RD","city":"DAVENPORT","zip":"52806","affiliation_source":""}},{"type":"Feature","geometry":{"type":"Point","coordinates":[-90.61105044599992,41.56262793500008]},"properties":{"name":"Christ United Methodist Church","county":"Scott","precinct":"Davenport City D23","address":"2330 W 41ST ST","city":"DAVENPORT","zip":"52806","affiliation_source":""}},{"type":"Feature","geometry":{"type":"Point","coordinates":[-90.62721038699993,41.54541786100003]},"properties":{"name":"The Salvation Army","county":"Scott","precinct":"Davenport City D24","address":"3400 W CENTRAL PARK AV","city":"DAVENPORT","zip":"52804","affiliation_source":""}},{"type":"Feature","geometry":{"type":"Point","coordinates":[-90.59127156499994,41.52784764100005]},"properties":{"name":"Zion Lutheran Church","county":"Scott","precinct":"Davenport City D32","address":"1216 W 8TH ST","city":"DAVENPORT","zip":"52802","affiliation_source":""}},{"type":"Feature","geometry":{"type":"Point","coordinates":[-90.5818005459999,41.52352822200004]},"properties":{"name":"Scott County Admin. Center","county":"Scott","precinct":"Davenport City D33","address":"600 W 4TH ST","city":"DAVENPORT","zip":"52801","affiliation_source":""}},{"type":"Feature","geometry":{"type":"Point","coordinates":[-90.5771288549999,41.528414714000064]},"properties":{"name":"United Neighbors","county":"Scott","precinct":"Davenport City D34","address":"808 HARRISON ST","city":"DAVENPORT","zip":"52803","affiliation_source":""}},{"type":"Feature","geometry":{"type":"Point","coordinates":[-90.61855056999991,41.53815317200008]},"properties":{"name":"4h Building M.v. Fairgrounds","county":"Scott","precinct":"Davenport City D41","address":"2815 W LOCUST ST","city":"DAVENPORT","zip":"52804","affiliation_source":""}},{"type":"Feature","geometry":{"type":"Point","coordinates":[-90.57997067899993,41.53830818600005]},"properties":{"name":"St Ambrose - Rogalski Center","county":"Scott","precinct":"Davenport City D44","address":"518 W LOCUST ST","city":"DAVENPORT","zip":"52803","affiliation_source":""}},{"type":"Feature","geometry":{"type":"Point","coordinates":[-90.56708118899991,41.53513797100004]},"properties":{"name":"First Christian Church","county":"Scott","precinct":"Davenport City D54","address":"510 E 15TH ST","city":"DAVENPORT","zip":"52803","affiliation_source":""}},{"type":"Feature","geometry":{"type":"Point","coordinates":[-90.87935789999995,41.71896034900004]},"properties":{"name":"(lb) New Liberty Fire Station","county":"Scott","precinct":"Liberty Twp","address":"765 PIKE ST","city":"NEW LIBERTY","zip":"52765","affiliation_source":""}},{"type":"Feature","geometry":{"type":"Point","coordinates":[-90.77538998499995,41.50926808100007]},"properties":{"name":"(bg) Blue Grass Public Safety Building","county":"Scott","precinct":"Blue Grass","address":"606 W MAYNE ST","city":"BLUE GRASS","zip":"52726","affiliation_source":""}},{"type":"Feature","geometry":{"type":"Point","coordinates":[-90.6754675919999,41.69695066200006]},"properties":{"name":"(ag) Donahue Fire Station","county":"Scott","precinct":"Allens Grove Twp","address":"302 N MAIN ST","city":"DONAHUE","zip":"52746","affiliation_source":""}},{"type":"Feature","geometry":{"type":"Point","coordinates":[-90.6754675919999,41.69695066200006]},"properties":{"name":"(dh) Donahue Fire Station","county":"Scott","precinct":"Donahue City","address":"302 N MAIN ST","city":"DONAHUE","zip":"52746","affiliation_source":""}},{"type":"Feature","geometry":{"type":"Point","coordinates":[-90.72122941899994,41.64904777500004]},"properties":{"name":"(hg) Maysville Fire Station","county":"Scott","precinct":"Hickory Grove Twp","address":"9100 NEW LIBERTY RD","city":"WALCOTT","zip":"52773","affiliation_source":""}},{"type":"Feature","geometry":{"type":"Point","coordinates":[-90.5829276039999,41.69804158900007]},"properties":{"name":"(lg) Long Grove Community Center","county":"Scott","precinct":"Long Grove City","address":"114 N 1ST ST","city":"LONG GROVE","zip":"52756","affiliation_source":""}},{"type":"Feature","geometry":{"type":"Point","coordinates":[-90.58284368699992,41.69840057000005]},"properties":{"name":"(wf) Long Grove Fire Station","county":"Scott","precinct":"Winfield Twp","address":"121 N 1ST ST","city":"LONG GROVE","zip":"52756","affiliation_source":""}},{"type":"Feature","geometry":{"type":"Point","coordinates":[-90.77397853999992,41.58802812000005]},"properties":{"name":"(wc) Calvary United Methodist Church","county":"Scott","precinct":"Walcott","address":"100 E JAMES ST","city":"WALCOTT","zip":"52773","affiliation_source":""}},{"type":"Feature","geometry":{"type":"Point","coordinates":[-90.5832970749999,41.64839158600006]},"properties":{"name":"Eldridge United Methodist Church","county":"Scott","precinct":"Eldridge City 2","address":"604 S 2ND ST","city":"ELDRIDGE","zip":"52748","affiliation_source":""}},{"type":"Feature","geometry":{"type":"Point","coordinates":[-90.57554752899995,41.656270505000066]},"properties":{"name":"Scott County Library","county":"Scott","precinct":"Eldridge City 1","address":"200 N 6TH AV","city":"ELDRIDGE","zip":"52748","affiliation_source":""}},{"type":"Feature","geometry":{"type":"Point","coordinates":[-90.57876086899995,41.57451274600004]},"properties":{"name":"Prince Of Peace Lutheran Church","county":"Scott","precinct":"Davenport City D73","address":"415 W 53RD ST","city":"DAVENPORT","zip":"52806","affiliation_source":""}},{"type":"Feature","geometry":{"type":"Point","coordinates":[-90.61231037399995,41.58596748000008]},"properties":{"name":"High Point Bible Chapel","county":"Scott","precinct":"Davenport City D21","address":"2600 W 63RD ST","city":"DAVENPORT","zip":"52806","affiliation_source":""}},{"type":"Feature","geometry":{"type":"Point","coordinates":[-90.60982431899993,41.58826005900005]},"properties":{"name":"Adventure Christian Church","county":"Scott","precinct":"Davenport City D81","address":"6509 NORTHWEST BLVD","city":"DAVENPORT","zip":"52806","affiliation_source":""}},{"type":"Feature","geometry":{"type":"Point","coordinates":[-90.57962102399995,41.57455820200005]},"properties":{"name":"North High School","county":"Scott","precinct":"Davenport City D83","address":"626 W 53RD ST","city":"DAVENPORT","zip":"52806","affiliation_source":""}},{"type":"Feature","geometry":{"type":"Point","coordinates":[-90.46440461899994,41.53976915800007]},"properties":{"name":"(rv) Riverdale Town Hall","county":"Scott","precinct":"Riverdale","address":"110 MANOR DR","city":"RIVERDALE","zip":"52722","affiliation_source":""}},{"type":"Feature","geometry":{"type":"Point","coordinates":[-90.42172771799994,41.56991736200007]},"properties":{"name":"(pv) Trinity Lutheran Church","county":"Scott","precinct":"Pleasant Valley Twp","address":"18137 CRISWELL ST","city":"PLEASANT VALLEY","zip":"52767","affiliation_source":""}},{"type":"Feature","geometry":{"type":"Point","coordinates":[-90.48112056499991,41.560758440000086]},"properties":{"name":"Bettendorf Family Y","county":"Scott","precinct":"Bettendorf City B41","address":"3800 TANGLEFOOT LN","city":"BETTENDORF","zip":"52722","affiliation_source":""}},{"type":"Feature","geometry":{"type":"Point","coordinates":[-90.46808538499994,41.56033069400007]},"properties":{"name":"Tangle Wood Pavilion","county":"Scott","precinct":"Bettendorf City B51","address":"4250 MIDDLE RD","city":"BETTENDORF","zip":"52722","affiliation_source":""}},{"type":"Feature","geometry":{"type":"Point","coordinates":[-90.46319253099995,41.56818746700009]},"properties":{"name":"Surrey Heights Fire Station","county":"Scott","precinct":"Bettendorf City B52","address":"5002 CROW CREEK RD","city":"BETTENDORF","zip":"52722","affiliation_source":""}},{"type":"Feature","geometry":{"type":"Point","coordinates":[-90.48106928199991,41.552663901000074]},"properties":{"name":"First Baptist Church","county":"Scott","precinct":"Bettendorf City B31","address":"3593 MIDDLE RD","city":"BETTENDORF","zip":"52722","affiliation_source":""}},{"type":"Feature","geometry":{"type":"Point","coordinates":[-90.49561847299992,41.54777687400008]},"properties":{"name":"Heritage Church","county":"Scott","precinct":"Bettendorf City B32","address":"2700 MIDDLE RD","city":"BETTENDORF","zip":"52722","affiliation_source":""}},{"type":"Feature","geometry":{"type":"Point","coordinates":[-90.50330391499995,41.52983951500005]},"properties":{"name":"Mississippi Bend A.e.a.","county":"Scott","precinct":"Bettendorf City B12","address":"729 21ST ST","city":"BETTENDORF","zip":"52722","affiliation_source":""}},{"type":"Feature","geometry":{"type":"Point","coordinates":[-90.5067538539999,41.56611866800006]},"properties":{"name":"Paul Norton School","county":"Scott","precinct":"Bettendorf City B23","address":"4485 GREENBRIER DR","city":"BETTENDORF","zip":"52722","affiliation_source":""}},{"type":"Feature","geometry":{"type":"Point","coordinates":[-90.49771058199991,41.56401607000004]},"properties":{"name":"St John Vianney Church","county":"Scott","precinct":"Bettendorf City B42","address":"4097 18TH ST","city":"BETTENDORF","zip":"52722","affiliation_source":""}},{"type":"Feature","geometry":{"type":"Point","coordinates":[-90.51861069299991,41.57494748600004]},"properties":{"name":"Harvest Bible Chapel","county":"Scott","precinct":"Davenport City D61","address":"3800 E 53RD ST","city":"DAVENPORT","zip":"52807","affiliation_source":""}},{"type":"Feature","geometry":{"type":"Point","coordinates":[-90.55138745799991,41.582641085000034]},"properties":{"name":"Davenport Eastern Library","county":"Scott","precinct":"Davenport City D84","address":"6000 EASTERN AV","city":"DAVENPORT","zip":"52807","affiliation_source":""}},{"type":"Feature","geometry":{"type":"Point","coordinates":[-90.56049599999994,41.56797767300009]},"properties":{"name":"Davenport Public Works Center","county":"Scott","precinct":"Davenport City D74","address":"1200 E 46TH ST","city":"DAVENPORT","zip":"52807","affiliation_source":""}},{"type":"Feature","geometry":{"type":"Point","coordinates":[-93.45414184899994,43.36274919300007]},"properties":{"name":"Joice Community Center","county":"Worth","precinct":"Joice Bristol Silver Lake","address":"201 MAIN ST","city":"JOICE","zip":"50446","affiliation_source":""}},{"type":"Feature","geometry":{"type":"Point","coordinates":[-93.20812834599991,43.35435393800009]},"properties":{"name":"Kensett City Hall","county":"Worth","precinct":"Kensett Brookfield","address":"207 5TH ST","city":"KENSETT","zip":"50448","affiliation_source":""}},{"type":"Feature","geometry":{"type":"Point","coordinates":[-93.37870341799993,43.28114829600008]},"properties":{"name":"Hanlontown Community Center","county":"Worth","precinct":"Hanlontown Danville","address":"214 MAIN ST","city":"HANLONTOWN","zip":"50444","affiliation_source":""}},{"type":"Feature","geometry":{"type":"Point","coordinates":[-93.22093846199994,43.44519044000003]},"properties":{"name":"Northwood Fire Station","county":"Worth","precinct":"Northwood Deer Creek Grove Hartland","address":"98 8TH ST N","city":"NORTHWOOD","zip":"50459","affiliation_source":""}},{"type":"Feature","geometry":{"type":"Point","coordinates":[-91.99056352999992,43.296464599000046]},"properties":{"name":"Ridgeway Community Center","county":"Winneshiek","precinct":"BLF/BO/FR/LI/MA/OR","address":"690 COUNTY RD","city":"RIDGEWAY","zip":"52165","affiliation_source":""}},{"type":"Feature","geometry":{"type":"Point","coordinates":[-91.80948861899992,43.442228853000074]},"properties":{"name":"North Winn School","county":"Winneshiek","precinct":"HE/HI/PL","address":"3495 NORTH WINN RD","city":"DECORAH","zip":"52101","affiliation_source":""}},{"type":"Feature","geometry":{"type":"Point","coordinates":[-91.7925699249999,43.30238738600008]},"properties":{"name":"1st Lutheran Church","county":"Winneshiek","precinct":"FR/GL/DEW3/DETSUP1","address":"604 W BROADWAY ST","city":"DECORAH","zip":"52101","affiliation_source":""}},{"type":"Feature","geometry":{"type":"Point","coordinates":[-91.78543393699994,43.30598098100006]},"properties":{"name":"Decorah City Hall","county":"Winneshiek","precinct":"DEW1/DETSUP2","address":"400 CLAIBORNE DR","city":"DECORAH","zip":"52101","affiliation_source":""}},{"type":"Feature","geometry":{"type":"Point","coordinates":[-91.7877912909999,43.303241712000045]},"properties":{"name":"Courthouse - De2","county":"Winneshiek","precinct":"DEW2","address":"201 W MAIN ST","city":"DECORAH","zip":"52101","affiliation_source":""}},{"type":"Feature","geometry":{"type":"Point","coordinates":[-91.7877912909999,43.303241712000045]},"properties":{"name":"Courthouse - Det","county":"Winneshiek","precinct":"DETSUP5","address":"201 W MAIN ST","city":"DECORAH","zip":"52101","affiliation_source":""}},{"type":"Feature","geometry":{"type":"Point","coordinates":[-91.80520066999992,43.30727208300004]},"properties":{"name":"Good Shepherd Luth Church-4","county":"Winneshiek","precinct":"CN/DEW4/DETSUP3","address":"701 IOWA AVE","city":"DECORAH","zip":"52101","affiliation_source":""}},{"type":"Feature","geometry":{"type":"Point","coordinates":[-91.80520066999992,43.30727208300004]},"properties":{"name":"Good Shepherd Luth Church-5","county":"Winneshiek","precinct":"DEW5","address":"701 IOWA AVE","city":"DECORAH","zip":"52101","affiliation_source":""}},{"type":"Feature","geometry":{"type":"Point","coordinates":[-91.85944864999993,43.183820163000064]},"properties":{"name":"Calmar Lutheran Church","county":"Winneshiek","precinct":"CA/SP","address":"205 N EAST ST","city":"CALMAR","zip":"52132","affiliation_source":""}},{"type":"Feature","geometry":{"type":"Point","coordinates":[-91.7661697229999,43.146092269000064]},"properties":{"name":"Ossian Community Center","county":"Winneshiek","precinct":"MI/BLM","address":"123 W MAIN ST","city":"OSSIAN","zip":"52161","affiliation_source":""}},{"type":"Feature","geometry":{"type":"Point","coordinates":[-91.9361339809999,43.14457940400007]},"properties":{"name":"Ft Atkinson Community Center","county":"Winneshiek","precinct":"JA/SU/WA","address":"303 3RD ST NW","city":"FT. ATKINSON","zip":"52144","affiliation_source":""}},{"type":"Feature","geometry":{"type":"Point","coordinates":[-92.4655180819999,42.196848181000064]},"properties":{"name":"North Tama Activity Center","county":"Tama","precinct":"Perry E Crystal Buckingham","address":"212 N MAIN ST","city":"TRAER","zip":"50675","affiliation_source":""}},{"type":"Feature","geometry":{"type":"Point","coordinates":[-92.67555651399994,42.09205637700006]},"properties":{"name":"Garwin Community Bldg","county":"Tama","precinct":"Carlton","address":"614 3RD STREET","city":"GARWIN","zip":"50632","affiliation_source":""}},{"type":"Feature","geometry":{"type":"Point","coordinates":[-92.40393954599995,42.07791971100005]},"properties":{"name":"Clutier Fire Station","county":"Tama","precinct":"Carroll/Oneida/N Otter Creek","address":"214 E MAIN ST","city":"CLUTIER","zip":"52217","affiliation_source":""}},{"type":"Feature","geometry":{"type":"Point","coordinates":[-92.30629401199991,42.16978829400006]},"properties":{"name":"Dysart Community Bldg","county":"Tama","precinct":"Clark Geneseo","address":"418 MAIN ST","city":"DYSART","zip":"52224","affiliation_source":""}},{"type":"Feature","geometry":{"type":"Point","coordinates":[-92.57959688599993,41.96265667400007]},"properties":{"name":"Tama Civic Ctr Main W","county":"Tama","precinct":"Columbia Tama","address":"305 SIEGEL ST","city":"TAMA","zip":"52339","affiliation_source":""}},{"type":"Feature","geometry":{"type":"Point","coordinates":[-92.57967222199994,41.962316254000086]},"properties":{"name":"Tama Civic Ctr Main S","county":"Tama","precinct":"S Otter Creek","address":"305 SIEGEL","city":"TAMA","zip":"52339","affiliation_source":""}},{"type":"Feature","geometry":{"type":"Point","coordinates":[-92.71485374999992,42.18665528200006]},"properties":{"name":"Gladbrook Memorial Building","county":"Tama","precinct":"Spring Creek West Crystal","address":"421 JOHNSTON ST","city":"GLADBROOK","zip":"50635","affiliation_source":""}},{"type":"Feature","geometry":{"type":"Point","coordinates":[-92.61024074799991,42.25353676100008]},"properties":{"name":"Amity Presbyterian Church, PCUSA","county":"Tama","precinct":"Grant","address":"1803 HWY D65","city":"REINBECK","zip":"50669","affiliation_source":"https://www.pcusa.org/sites/default/files/2024-12/2023_minutes_part_iib_stats.pdf"}},{"type":"Feature","geometry":{"type":"Point","coordinates":[-92.7146095999999,41.98114465600008]},"properties":{"name":"Montour Community Bldg","county":"Tama","precinct":"Highland/Indian Village/Tama (Part)","address":"104 E ELM ST","city":"MONTOUR","zip":"50173","affiliation_source":""}},{"type":"Feature","geometry":{"type":"Point","coordinates":[-92.69137503999991,42.262993195000035]},"properties":{"name":"Lincoln Amvet Hall","county":"Tama","precinct":"Lincoln","address":"103 MAIN ST","city":"LINCOLN","zip":"50652","affiliation_source":""}},{"type":"Feature","geometry":{"type":"Point","coordinates":[-92.39466210799992,41.91800178400007]},"properties":{"name":"Chelsea Fire Station","county":"Tama","precinct":"Richland Salt Creek","address":"707 STATION ST","city":"CHELSEA","zip":"52215","affiliation_source":""}},{"type":"Feature","geometry":{"type":"Point","coordinates":[-92.31688346399994,42.00590609000005]},"properties":{"name":"Elberon Community Bldg","county":"Tama","precinct":"York","address":"102 MAIN ST","city":"ELBERON","zip":"52225","affiliation_source":""}},{"type":"Feature","geometry":{"type":"Point","coordinates":[-92.58862940099993,41.988060845000064]},"properties":{"name":"-reinig/toledo Civic Center","county":"Tama","precinct":"Toledo 1 Toledo Howard","address":"1007 S PROSPECT DR","city":"TOLEDO","zip":"52342","affiliation_source":""}},{"type":"Feature","geometry":{"type":"Point","coordinates":[-92.58862940099993,41.988060845000064]},"properties":{"name":"-reinig/toledo Civic Ctr East","county":"Tama","precinct":"Toledo 2","address":"1007 S PROSPECT DR","city":"TOLEDO","zip":"52342","affiliation_source":""}},{"type":"Feature","geometry":{"type":"Point","coordinates":[-92.58862940099993,41.988060845000064]},"properties":{"name":"-reinig/toledo Civic Ctr West","county":"Tama","precinct":"Toledo 3","address":"1007 S PROSPECT DR","city":"TOLEDO","zip":"52342","affiliation_source":""}},{"type":"Feature","geometry":{"type":"Point","coordinates":[-92.6549700839999,41.99016280700005]},"properties":{"name":"Indian Settlement","county":"Tama","precinct":"Indian Settlement","address":"349 MESKWAKI RD","city":"TAMA","zip":"52339","affiliation_source":""}},{"type":"Feature","geometry":{"type":"Point","coordinates":[-92.5221705319999,41.58533343800008]},"properties":{"name":"Montezuma Public Library","county":"Poweshiek","precinct":"Montezuma","address":"500 E MAIN ST","city":"MONTEZUMA","zip":"50171","affiliation_source":""}},{"type":"Feature","geometry":{"type":"Point","coordinates":[-92.7229209269999,41.743268442000044]},"properties":{"name":"Gr Comm Ctr Gym West Side","county":"Poweshiek","precinct":"1st Ward","address":"927 4TH AVE","city":"GRINNELL","zip":"50112","affiliation_source":""}},{"type":"Feature","geometry":{"type":"Point","coordinates":[-92.7229209269999,41.743268442000044]},"properties":{"name":"Gr Comm Ctr Gym East Side","county":"Poweshiek","precinct":"2nd Ward","address":"927 4TH AVENUE","city":"GRINNELL","zip":"50112","affiliation_source":""}},{"type":"Feature","geometry":{"type":"Point","coordinates":[-92.72246978599992,41.743724848000056]},"properties":{"name":"Drake Library","county":"Poweshiek","precinct":"3rd Ward","address":"930 PARK ST","city":"GRINNELL","zip":"50112","affiliation_source":""}},{"type":"Feature","geometry":{"type":"Point","coordinates":[-92.40836678999995,41.03524511400008]},"properties":{"name":"North Court Baptist Church","county":"Wapello","precinct":"Ottumwa 2","address":"1411 N COURT ST","city":"OTTUMWA","zip":"52501","affiliation_source":""}},{"type":"Feature","geometry":{"type":"Point","coordinates":[-92.4269300339999,40.99830278100006]},"properties":{"name":"Ottumwa Baptist Temple Church","county":"Wapello","precinct":"Ottumwa 8","address":"238 W WILLIAMS ST","city":"OTTUMWA","zip":"52501","affiliation_source":""}},{"type":"Feature","geometry":{"type":"Point","coordinates":[-90.62968711699995,41.55145059500006]},"properties":{"name":"Davenport Fairmount Library","county":"Scott","precinct":"Davenport City D11","address":"3000 N FAIRMOUNT ST","city":"DAVENPORT","zip":"52804","affiliation_source":""}},{"type":"Feature","geometry":{"type":"Point","coordinates":[-93.67612884699992,41.36664959800004]},"properties":{"name":"Masonic Hall","county":"Warren","precinct":"INDIANOLA 5","address":"1606 HIGHWAY 92","city":"INDIANOLA","zip":"50125","affiliation_source":""}},{"type":"Feature","geometry":{"type":"Point","coordinates":[-93.7398618339999,41.37370100900006]},"properties":{"name":"Martensdale-st Marys School","county":"Warren","precinct":"Jefferson","address":"390 BURLINGTON","city":"MARTENSDALE","zip":"50160","affiliation_source":""}},{"type":"Feature","geometry":{"type":"Point","coordinates":[-93.67612884699992,41.36664959800004]},"properties":{"name":"Sandyville City Hall","county":"Warren","precinct":"Union","address":"HIGHWAY 92","city":"SANDYVILLE","zip":"50125","affiliation_source":""}},{"type":"Feature","geometry":{"type":"Point","coordinates":[-91.81323110499994,41.337832854000055]},"properties":{"name":"West Chester Heritage Bldg","county":"Washington","precinct":"West Chester","address":"510 MAIN ST","city":"WEST CHESTER","zip":"52359","affiliation_source":""}},{"type":"Feature","geometry":{"type":"Point","coordinates":[-90.6008742869999,41.545950504000075]},"properties":{"name":"Newcomb Presbyterian Church, PCUSA","county":"Scott","precinct":"Davenport City D42","address":"2619 N DIVISION ST","city":"DAVENPORT","zip":"52804","affiliation_source":"https://pcusa.org/congregation/newcomb-church-davenport-ia"}},{"type":"Feature","geometry":{"type":"Point","coordinates":[-90.59208043699994,41.53942358900008]},"properties":{"name":"Holy Family Church","county":"Scott","precinct":"Davenport City D43","address":"1315 W PLEASANT ST","city":"DAVENPORT","zip":"52804","affiliation_source":""}},{"type":"Feature","geometry":{"type":"Point","coordinates":[-90.60044421099991,41.567850631000056]},"properties":{"name":"Northside Baptist Church","county":"Scott","precinct":"Davenport City D82","address":"4601 N DIVISION ST","city":"DAVENPORT","zip":"52806","affiliation_source":""}},{"type":"Feature","geometry":{"type":"Point","coordinates":[-90.5751104599999,41.547668480000084]},"properties":{"name":"Living Hope Community Church","county":"Scott","precinct":"Davenport City D51","address":"216 W HAYES ST","city":"DAVENPORT","zip":"52803","affiliation_source":""}},{"type":"Feature","geometry":{"type":"Point","coordinates":[-90.58702669799993,41.560035465000055]},"properties":{"name":"C.a.s.i.","county":"Scott","precinct":"Davenport City D71","address":"1035 W KIMBERLY RD","city":"DAVENPORT","zip":"52806","affiliation_source":""}},{"type":"Feature","geometry":{"type":"Point","coordinates":[-90.58992072699994,41.545537909000075]},"properties":{"name":"Trinity Lutheran Church","county":"Scott","precinct":"Davenport City D72","address":"1122 W CENTRAL PARK AV","city":"DAVENPORT","zip":"52804","affiliation_source":""}},{"type":"Feature","geometry":{"type":"Point","coordinates":[-90.68806031899993,41.462761458000045]},"properties":{"name":"(bf) Buffalo Fire Station","county":"Scott","precinct":"Buffalo City","address":"122 E FRONT ST","city":"BUFFALO","zip":"52728","affiliation_source":""}},{"type":"Feature","geometry":{"type":"Point","coordinates":[-90.71942629199992,41.45870588300005]},"properties":{"name":"(bu) Buffalo Community Center","county":"Scott","precinct":"Buffalo Twp","address":"426 CLARK ST","city":"BUFFALO","zip":"52728","affiliation_source":""}},{"type":"Feature","geometry":{"type":"Point","coordinates":[-90.6327710839999,41.50924826700009]},"properties":{"name":"Immanual Lutheran Church","county":"Scott","precinct":"Davenport City D13","address":"3834 ROCKINGHAM RD","city":"DAVENPORT","zip":"52802","affiliation_source":""}},{"type":"Feature","geometry":{"type":"Point","coordinates":[-90.63662033799994,41.50342117900004]},"properties":{"name":"Westside Assembly Of God","county":"Scott","precinct":"Davenport City D14","address":"3908 RIVER DR","city":"DAVENPORT","zip":"52802","affiliation_source":""}},{"type":"Feature","geometry":{"type":"Point","coordinates":[-90.6158057689999,41.522173888000054]},"properties":{"name":"St Mark Lutheran Church","county":"Scott","precinct":"Davenport City D31","address":"2363 W 3RD ST","city":"DAVENPORT","zip":"52802","affiliation_source":""}},{"type":"Feature","geometry":{"type":"Point","coordinates":[-90.34016522499991,41.67450025100004]},"properties":{"name":"(pr) Princeton Community Center","county":"Scott","precinct":"Princeton Twp","address":"428 RIVER DR","city":"PRINCETON","zip":"52768","affiliation_source":""}},{"type":"Feature","geometry":{"type":"Point","coordinates":[-90.36315910199994,41.59804128700006]},"properties":{"name":"Leclaire Fire Station","county":"Scott","precinct":"LeClaire City 2","address":"201 N 15TH ST","city":"LECLAIRE","zip":"52753","affiliation_source":""}},{"type":"Feature","geometry":{"type":"Point","coordinates":[-90.34996610199994,41.63497672200003]},"properties":{"name":"(lct) Our Lady Of The River Catholic Church","county":"Scott","precinct":"LeClaire Twp","address":"28200 226TH PL","city":"LECLAIRE","zip":"52753","affiliation_source":""}},{"type":"Feature","geometry":{"type":"Point","coordinates":[-90.54861765399994,41.69495779500005]},"properties":{"name":"(pkv) Park View Lutheran Church","county":"Scott","precinct":"Park View","address":"14 GROVE RD","city":"ELDRIDGE","zip":"52748","affiliation_source":""}},{"type":"Feature","geometry":{"type":"Point","coordinates":[-90.44492003499994,41.74560126100005]},"properties":{"name":"(mc) Mccausland Community Center","county":"Scott","precinct":"McCausland","address":"305 N SALINA","city":"MCCAUSLAND","zip":"52758","affiliation_source":""}},{"type":"Feature","geometry":{"type":"Point","coordinates":[-90.35821760699992,41.59576251400006]},"properties":{"name":"First Presbyterian Church of LeClaire, PCUSA","county":"Scott","precinct":"LeClaire City 1","address":"200 S 12TH ST","city":"LECLAIRE","zip":"52753","affiliation_source":"https://peia.org/directories/churches/char/L/"}},{"type":"Feature","geometry":{"type":"Point","coordinates":[-93.06547880499994,43.328102019000085]},"properties":{"name":"Grafton Community Center","county":"Worth","precinct":"Grafton Barton Deer Creek Union","address":"202 6TH AVE","city":"GRAFTON","zip":"50440","affiliation_source":""}},{"type":"Feature","geometry":{"type":"Point","coordinates":[-93.20116646699995,43.28675146000006]},"properties":{"name":"Manly City Hall","county":"Worth","precinct":"Manly Lincoln","address":"106 S BROADWAY","city":"MANLY","zip":"50456","affiliation_source":""}}]}