county,precinct,office,district,candidate,party,votes,absentee,election_day
Webster,Badger-Cooper-Newark,Badger Township Trustee,,Kirk Seltz,,1,0,1
Webster,Badger-Cooper-Newark,Badger Township Trustee,,Rick Pederson,,306,110,196
Webster,Badger-Cooper-Newark,Badger Township Trustee,,Write-In,,4,2,2
Webster,Burnside-Elkhorn-Otho-Pleasant Valley-Sumner,Burnside Township Trustee,,Forest Bintz,,116,50,66
Webster,Burnside-Elkhorn-Otho-Pleasant Valley-Sumner,Burnside Township Trustee,,Mark Lundgren,,159,69,90
Webster,Burnside-Elkhorn-Otho-Pleasant Valley-Sumner,Burnside Township Trustee,,Write-In,,0,0,0
Webster,Clay-Fulton-Johnson-Roland,Clay Township Trustee,,David Carlon,,94,36,58
Webster,Clay-Fulton-Johnson-Roland,Clay Township Trustee,,Jon Telleen,,83,35,48
Webster,Clay-Fulton-Johnson-Roland,Clay Township Trustee,,Write-In,,0,0,0
Webster,Colfax-Hardin-Washington-Webster-Yell,Colfax Township Trustee,,Chris Dencklau,,104,43,61
Webster,Colfax-Hardin-Washington-Webster-Yell,Colfax Township Trustee,,Lance Rossow,,70,31,39
Webster,Colfax-Hardin-Washington-Webster-Yell,Colfax Township Trustee,,Write-In,,0,0,0
Webster,Badger-Cooper-Newark,Constitutional Amendment 1,,No,,185,67,118
Webster,Burnside-Elkhorn-Otho-Pleasant Valley-Sumner,Constitutional Amendment 1,,No,,289,92,197
Webster,Clay-Fulton-Johnson-Roland,Constitutional Amendment 1,,No,,164,44,120
Webster,Colfax-Hardin-Washington-Webster-Yell,Constitutional Amendment 1,,No,,144,49,95
Webster,Dayton,Constitutional Amendment 1,,No,,113,33,80
Webster,Deer Creek-Jackson,Constitutional Amendment 1,,No,,80,22,58
Webster,Fort Dodge #1,Constitutional Amendment 1,,No,,221,99,122
Webster,Fort Dodge #10,Constitutional Amendment 1,,No,,182,80,102
Webster,Fort Dodge #11,Constitutional Amendment 1,,No,,286,129,157
Webster,Fort Dodge #12,Constitutional Amendment 1,,No,,125,56,69
Webster,Fort Dodge #2,Constitutional Amendment 1,,No,,196,81,115
Webster,Fort Dodge #3,Constitutional Amendment 1,,No,,134,53,81
Webster,Fort Dodge #4-Douglas,Constitutional Amendment 1,,No,,280,116,164
Webster,Fort Dodge #5,Constitutional Amendment 1,,No,,84,35,49
Webster,Fort Dodge #6,Constitutional Amendment 1,,No,,44,15,29
Webster,Fort Dodge #7,Constitutional Amendment 1,,No,,108,51,57
Webster,Fort Dodge #8,Constitutional Amendment 1,,No,,129,63,66
Webster,Fort Dodge #9,Constitutional Amendment 1,,No,,104,28,76
Webster,Gowrie-Lost Grove,Constitutional Amendment 1,,No,,142,37,105
Webster,Badger-Cooper-Newark,Constitutional Amendment 1,,Yes,,736,266,470
Webster,Burnside-Elkhorn-Otho-Pleasant Valley-Sumner,Constitutional Amendment 1,,Yes,,1162,403,759
Webster,Clay-Fulton-Johnson-Roland,Constitutional Amendment 1,,Yes,,662,229,433
Webster,Colfax-Hardin-Washington-Webster-Yell,Constitutional Amendment 1,,Yes,,523,165,358
Webster,Dayton,Constitutional Amendment 1,,Yes,,446,84,362
Webster,Deer Creek-Jackson,Constitutional Amendment 1,,Yes,,332,92,240
Webster,Fort Dodge #1,Constitutional Amendment 1,,Yes,,1032,518,514
Webster,Fort Dodge #10,Constitutional Amendment 1,,Yes,,688,329,359
Webster,Fort Dodge #11,Constitutional Amendment 1,,Yes,,1113,551,562
Webster,Fort Dodge #12,Constitutional Amendment 1,,Yes,,474,235,239
Webster,Fort Dodge #2,Constitutional Amendment 1,,Yes,,650,288,362
Webster,Fort Dodge #3,Constitutional Amendment 1,,Yes,,485,189,296
Webster,Fort Dodge #4-Douglas,Constitutional Amendment 1,,Yes,,1012,453,559
Webster,Fort Dodge #5,Constitutional Amendment 1,,Yes,,416,177,239
Webster,Fort Dodge #6,Constitutional Amendment 1,,Yes,,182,79,103
Webster,Fort Dodge #7,Constitutional Amendment 1,,Yes,,418,183,235
Webster,Fort Dodge #8,Constitutional Amendment 1,,Yes,,423,210,213
Webster,Fort Dodge #9,Constitutional Amendment 1,,Yes,,483,181,302
Webster,Gowrie-Lost Grove,Constitutional Amendment 1,,Yes,,648,172,476
Webster,Badger-Cooper-Newark,Constitutional Amendment 2,,No,,130,40,90
Webster,Burnside-Elkhorn-Otho-Pleasant Valley-Sumner,Constitutional Amendment 2,,No,,202,67,135
Webster,Clay-Fulton-Johnson-Roland,Constitutional Amendment 2,,No,,107,27,80
Webster,Colfax-Hardin-Washington-Webster-Yell,Constitutional Amendment 2,,No,,94,33,61
Webster,Dayton,Constitutional Amendment 2,,No,,88,21,67
Webster,Deer Creek-Jackson,Constitutional Amendment 2,,No,,51,17,34
Webster,Fort Dodge #1,Constitutional Amendment 2,,No,,171,92,79
Webster,Fort Dodge #10,Constitutional Amendment 2,,No,,124,66,58
Webster,Fort Dodge #11,Constitutional Amendment 2,,No,,203,104,99
Webster,Fort Dodge #12,Constitutional Amendment 2,,No,,107,59,48
Webster,Fort Dodge #2,Constitutional Amendment 2,,No,,152,72,80
Webster,Fort Dodge #3,Constitutional Amendment 2,,No,,97,42,55
Webster,Fort Dodge #4-Douglas,Constitutional Amendment 2,,No,,195,84,111
Webster,Fort Dodge #5,Constitutional Amendment 2,,No,,61,27,34
Webster,Fort Dodge #6,Constitutional Amendment 2,,No,,41,14,27
Webster,Fort Dodge #7,Constitutional Amendment 2,,No,,111,53,58
Webster,Fort Dodge #8,Constitutional Amendment 2,,No,,108,54,54
Webster,Fort Dodge #9,Constitutional Amendment 2,,No,,101,43,58
Webster,Gowrie-Lost Grove,Constitutional Amendment 2,,No,,99,24,75
Webster,Badger-Cooper-Newark,Constitutional Amendment 2,,Yes,,789,291,498
Webster,Burnside-Elkhorn-Otho-Pleasant Valley-Sumner,Constitutional Amendment 2,,Yes,,1249,413,836
Webster,Clay-Fulton-Johnson-Roland,Constitutional Amendment 2,,Yes,,728,246,482
Webster,Colfax-Hardin-Washington-Webster-Yell,Constitutional Amendment 2,,Yes,,563,173,390
Webster,Dayton,Constitutional Amendment 2,,Yes,,476,99,377
Webster,Deer Creek-Jackson,Constitutional Amendment 2,,Yes,,356,94,262
Webster,Fort Dodge #1,Constitutional Amendment 2,,Yes,,1070,513,557
Webster,Fort Dodge #10,Constitutional Amendment 2,,Yes,,751,347,404
Webster,Fort Dodge #11,Constitutional Amendment 2,,Yes,,1178,560,618
Webster,Fort Dodge #12,Constitutional Amendment 2,,Yes,,483,221,262
Webster,Fort Dodge #2,Constitutional Amendment 2,,Yes,,686,293,393
Webster,Fort Dodge #3,Constitutional Amendment 2,,Yes,,509,194,315
Webster,Fort Dodge #4-Douglas,Constitutional Amendment 2,,Yes,,1079,476,603
Webster,Fort Dodge #5,Constitutional Amendment 2,,Yes,,423,182,241
Webster,Fort Dodge #6,Constitutional Amendment 2,,Yes,,185,76,109
Webster,Fort Dodge #7,Constitutional Amendment 2,,Yes,,401,170,231
Webster,Fort Dodge #8,Constitutional Amendment 2,,Yes,,435,211,224
Webster,Fort Dodge #9,Constitutional Amendment 2,,Yes,,479,167,312
Webster,Gowrie-Lost Grove,Constitutional Amendment 2,,Yes,,691,181,510
Webster,Badger-Cooper-Newark,Cooper Township Trustee,,Barbara Benton,,127,66,61
Webster,Badger-Cooper-Newark,Cooper Township Trustee,,Kevin Benton,,125,71,54
Webster,Badger-Cooper-Newark,Cooper Township Trustee,,Write-In,,5,2,3
Webster,Badger-Cooper-Newark,Cooper Township Trustee To Fill a Vacancy,,Angela Pratt,,154,83,71
Webster,Badger-Cooper-Newark,Cooper Township Trustee To Fill a Vacancy,,Write-In,,2,0,2
Webster,Badger-Cooper-Newark,County Agricultural Extension Council Member,,Janet Peterson,,617,223,394
Webster,Burnside-Elkhorn-Otho-Pleasant Valley-Sumner,County Agricultural Extension Council Member,,Janet Peterson,,926,289,637
Webster,Clay-Fulton-Johnson-Roland,County Agricultural Extension Council Member,,Janet Peterson,,540,160,380
Webster,Colfax-Hardin-Washington-Webster-Yell,County Agricultural Extension Council Member,,Janet Peterson,,458,146,312
Webster,Dayton,County Agricultural Extension Council Member,,Janet Peterson,,433,89,344
Webster,Deer Creek-Jackson,County Agricultural Extension Council Member,,Janet Peterson,,246,69,177
Webster,Fort Dodge #1,County Agricultural Extension Council Member,,Janet Peterson,,780,393,387
Webster,Fort Dodge #10,County Agricultural Extension Council Member,,Janet Peterson,,495,230,265
Webster,Fort Dodge #11,County Agricultural Extension Council Member,,Janet Peterson,,838,413,425
Webster,Fort Dodge #12,County Agricultural Extension Council Member,,Janet Peterson,,310,147,163
Webster,Fort Dodge #2,County Agricultural Extension Council Member,,Janet Peterson,,498,219,279
Webster,Fort Dodge #3,County Agricultural Extension Council Member,,Janet Peterson,,356,130,226
Webster,Fort Dodge #4-Douglas,County Agricultural Extension Council Member,,Janet Peterson,,723,312,411
Webster,Fort Dodge #5,County Agricultural Extension Council Member,,Janet Peterson,,327,159,168
Webster,Fort Dodge #6,County Agricultural Extension Council Member,,Janet Peterson,,129,55,74
Webster,Fort Dodge #7,County Agricultural Extension Council Member,,Janet Peterson,,294,128,166
Webster,Fort Dodge #8,County Agricultural Extension Council Member,,Janet Peterson,,305,149,156
Webster,Fort Dodge #9,County Agricultural Extension Council Member,,Janet Peterson,,322,103,219
Webster,Gowrie-Lost Grove,County Agricultural Extension Council Member,,Janet Peterson,,592,161,431
Webster,Badger-Cooper-Newark,County Agricultural Extension Council Member,,Katie Elifrits,,1,0,1
Webster,Burnside-Elkhorn-Otho-Pleasant Valley-Sumner,County Agricultural Extension Council Member,,Katie Elifrits,,1,0,1
Webster,Clay-Fulton-Johnson-Roland,County Agricultural Extension Council Member,,Katie Elifrits,,3,0,3
Webster,Colfax-Hardin-Washington-Webster-Yell,County Agricultural Extension Council Member,,Katie Elifrits,,0,0,0
Webster,Dayton,County Agricultural Extension Council Member,,Katie Elifrits,,0,0,0
Webster,Deer Creek-Jackson,County Agricultural Extension Council Member,,Katie Elifrits,,1,1,0
Webster,Fort Dodge #1,County Agricultural Extension Council Member,,Katie Elifrits,,0,0,0
Webster,Fort Dodge #10,County Agricultural Extension Council Member,,Katie Elifrits,,0,0,0
Webster,Fort Dodge #11,County Agricultural Extension Council Member,,Katie Elifrits,,4,0,4
Webster,Fort Dodge #12,County Agricultural Extension Council Member,,Katie Elifrits,,0,0,0
Webster,Fort Dodge #2,County Agricultural Extension Council Member,,Katie Elifrits,,0,0,0
Webster,Fort Dodge #3,County Agricultural Extension Council Member,,Katie Elifrits,,0,0,0
Webster,Fort Dodge #4-Douglas,County Agricultural Extension Council Member,,Katie Elifrits,,0,0,0
Webster,Fort Dodge #5,County Agricultural Extension Council Member,,Katie Elifrits,,0,0,0
Webster,Fort Dodge #6,County Agricultural Extension Council Member,,Katie Elifrits,,0,0,0
Webster,Fort Dodge #7,County Agricultural Extension Council Member,,Katie Elifrits,,0,0,0
Webster,Fort Dodge #8,County Agricultural Extension Council Member,,Katie Elifrits,,1,1,0
Webster,Fort Dodge #9,County Agricultural Extension Council Member,,Katie Elifrits,,0,0,0
Webster,Gowrie-Lost Grove,County Agricultural Extension Council Member,,Katie Elifrits,,1,1,0
Webster,Badger-Cooper-Newark,County Agricultural Extension Council Member,,LeAnn Lawler,,607,228,379
Webster,Burnside-Elkhorn-Otho-Pleasant Valley-Sumner,County Agricultural Extension Council Member,,LeAnn Lawler,,838,261,577
Webster,Clay-Fulton-Johnson-Roland,County Agricultural Extension Council Member,,LeAnn Lawler,,566,179,387
Webster,Colfax-Hardin-Washington-Webster-Yell,County Agricultural Extension Council Member,,LeAnn Lawler,,397,121,276
Webster,Dayton,County Agricultural Extension Council Member,,LeAnn Lawler,,314,67,247
Webster,Deer Creek-Jackson,County Agricultural Extension Council Member,,LeAnn Lawler,,314,80,234
Webster,Fort Dodge #1,County Agricultural Extension Council Member,,LeAnn Lawler,,827,413,414
Webster,Fort Dodge #10,County Agricultural Extension Council Member,,LeAnn Lawler,,518,246,272
Webster,Fort Dodge #11,County Agricultural Extension Council Member,,LeAnn Lawler,,888,428,460
Webster,Fort Dodge #12,County Agricultural Extension Council Member,,LeAnn Lawler,,344,158,186
Webster,Fort Dodge #2,County Agricultural Extension Council Member,,LeAnn Lawler,,505,223,282
Webster,Fort Dodge #3,County Agricultural Extension Council Member,,LeAnn Lawler,,369,140,229
Webster,Fort Dodge #4-Douglas,County Agricultural Extension Council Member,,LeAnn Lawler,,805,347,458
Webster,Fort Dodge #5,County Agricultural Extension Council Member,,LeAnn Lawler,,298,158,140
Webster,Fort Dodge #6,County Agricultural Extension Council Member,,LeAnn Lawler,,122,46,76
Webster,Fort Dodge #7,County Agricultural Extension Council Member,,LeAnn Lawler,,301,139,162
Webster,Fort Dodge #8,County Agricultural Extension Council Member,,LeAnn Lawler,,313,145,168
Webster,Fort Dodge #9,County Agricultural Extension Council Member,,LeAnn Lawler,,336,116,220
Webster,Gowrie-Lost Grove,County Agricultural Extension Council Member,,LeAnn Lawler,,481,131,350
Webster,Badger-Cooper-Newark,County Agricultural Extension Council Member,,Liesel Vaughn,,1,0,1
Webster,Burnside-Elkhorn-Otho-Pleasant Valley-Sumner,County Agricultural Extension Council Member,,Liesel Vaughn,,1,0,1
Webster,Clay-Fulton-Johnson-Roland,County Agricultural Extension Council Member,,Liesel Vaughn,,4,0,4
Webster,Colfax-Hardin-Washington-Webster-Yell,County Agricultural Extension Council Member,,Liesel Vaughn,,0,0,0
Webster,Dayton,County Agricultural Extension Council Member,,Liesel Vaughn,,0,0,0
Webster,Deer Creek-Jackson,County Agricultural Extension Council Member,,Liesel Vaughn,,1,1,0
Webster,Fort Dodge #1,County Agricultural Extension Council Member,,Liesel Vaughn,,0,0,0
Webster,Fort Dodge #10,County Agricultural Extension Council Member,,Liesel Vaughn,,2,0,2
Webster,Fort Dodge #11,County Agricultural Extension Council Member,,Liesel Vaughn,,4,0,4
Webster,Fort Dodge #12,County Agricultural Extension Council Member,,Liesel Vaughn,,0,0,0
Webster,Fort Dodge #2,County Agricultural Extension Council Member,,Liesel Vaughn,,6,0,6
Webster,Fort Dodge #3,County Agricultural Extension Council Member,,Liesel Vaughn,,0,0,0
Webster,Fort Dodge #4-Douglas,County Agricultural Extension Council Member,,Liesel Vaughn,,2,0,2
Webster,Fort Dodge #5,County Agricultural Extension Council Member,,Liesel Vaughn,,0,0,0
Webster,Fort Dodge #6,County Agricultural Extension Council Member,,Liesel Vaughn,,0,0,0
Webster,Fort Dodge #7,County Agricultural Extension Council Member,,Liesel Vaughn,,0,0,0
Webster,Fort Dodge #8,County Agricultural Extension Council Member,,Liesel Vaughn,,1,1,0
Webster,Fort Dodge #9,County Agricultural Extension Council Member,,Liesel Vaughn,,0,0,0
Webster,Gowrie-Lost Grove,County Agricultural Extension Council Member,,Liesel Vaughn,,0,0,0
Webster,Badger-Cooper-Newark,County Agricultural Extension Council Member,,Write-In,,19,5,14
Webster,Burnside-Elkhorn-Otho-Pleasant Valley-Sumner,County Agricultural Extension Council Member,,Write-In,,23,9,14
Webster,Clay-Fulton-Johnson-Roland,County Agricultural Extension Council Member,,Write-In,,11,6,5
Webster,Colfax-Hardin-Washington-Webster-Yell,County Agricultural Extension Council Member,,Write-In,,11,2,9
Webster,Dayton,County Agricultural Extension Council Member,,Write-In,,10,1,9
Webster,Deer Creek-Jackson,County Agricultural Extension Council Member,,Write-In,,3,0,3
Webster,Fort Dodge #1,County Agricultural Extension Council Member,,Write-In,,23,14,9
Webster,Fort Dodge #10,County Agricultural Extension Council Member,,Write-In,,12,3,9
Webster,Fort Dodge #11,County Agricultural Extension Council Member,,Write-In,,14,8,6
Webster,Fort Dodge #12,County Agricultural Extension Council Member,,Write-In,,11,6,5
Webster,Fort Dodge #2,County Agricultural Extension Council Member,,Write-In,,10,2,8
Webster,Fort Dodge #3,County Agricultural Extension Council Member,,Write-In,,11,6,5
Webster,Fort Dodge #4-Douglas,County Agricultural Extension Council Member,,Write-In,,13,7,6
Webster,Fort Dodge #5,County Agricultural Extension Council Member,,Write-In,,7,5,2
Webster,Fort Dodge #6,County Agricultural Extension Council Member,,Write-In,,3,3,0
Webster,Fort Dodge #7,County Agricultural Extension Council Member,,Write-In,,10,7,3
Webster,Fort Dodge #8,County Agricultural Extension Council Member,,Write-In,,8,2,6
Webster,Fort Dodge #9,County Agricultural Extension Council Member,,Write-In,,3,0,3
Webster,Gowrie-Lost Grove,County Agricultural Extension Council Member,,Write-In,,13,1,12
Webster,Badger-Cooper-Newark,County Auditor,,Krystal K. Lloyd,DEM,342,138,204
Webster,Burnside-Elkhorn-Otho-Pleasant Valley-Sumner,County Auditor,,Krystal K. Lloyd,DEM,592,202,390
Webster,Clay-Fulton-Johnson-Roland,County Auditor,,Krystal K. Lloyd,DEM,393,123,270
Webster,Colfax-Hardin-Washington-Webster-Yell,County Auditor,,Krystal K. Lloyd,DEM,228,85,143
Webster,Dayton,County Auditor,,Krystal K. Lloyd,DEM,256,58,198
Webster,Deer Creek-Jackson,County Auditor,,Krystal K. Lloyd,DEM,122,39,83
Webster,Fort Dodge #1,County Auditor,,Krystal K. Lloyd,DEM,495,302,193
Webster,Fort Dodge #10,County Auditor,,Krystal K. Lloyd,DEM,417,221,196
Webster,Fort Dodge #11,County Auditor,,Krystal K. Lloyd,DEM,534,283,251
Webster,Fort Dodge #12,County Auditor,,Krystal K. Lloyd,DEM,283,152,131
Webster,Fort Dodge #2,County Auditor,,Krystal K. Lloyd,DEM,407,196,211
Webster,Fort Dodge #3,County Auditor,,Krystal K. Lloyd,DEM,297,134,163
Webster,Fort Dodge #4-Douglas,County Auditor,,Krystal K. Lloyd,DEM,500,247,253
Webster,Fort Dodge #5,County Auditor,,Krystal K. Lloyd,DEM,210,97,113
Webster,Fort Dodge #6,County Auditor,,Krystal K. Lloyd,DEM,114,49,65
Webster,Fort Dodge #7,County Auditor,,Krystal K. Lloyd,DEM,283,147,136
Webster,Fort Dodge #8,County Auditor,,Krystal K. Lloyd,DEM,257,140,117
Webster,Fort Dodge #9,County Auditor,,Krystal K. Lloyd,DEM,273,119,154
Webster,Gowrie-Lost Grove,County Auditor,,Krystal K. Lloyd,DEM,476,122,354
Webster,Badger-Cooper-Newark,County Auditor,,Shaunna Abrams,REP,641,218,423
Webster,Burnside-Elkhorn-Otho-Pleasant Valley-Sumner,County Auditor,,Shaunna Abrams,REP,945,300,645
Webster,Clay-Fulton-Johnson-Roland,County Auditor,,Shaunna Abrams,REP,468,153,315
Webster,Colfax-Hardin-Washington-Webster-Yell,County Auditor,,Shaunna Abrams,REP,461,131,330
Webster,Dayton,County Auditor,,Shaunna Abrams,REP,349,67,282
Webster,Deer Creek-Jackson,County Auditor,,Shaunna Abrams,REP,302,79,223
Webster,Fort Dodge #1,County Auditor,,Shaunna Abrams,REP,800,351,449
Webster,Fort Dodge #10,County Auditor,,Shaunna Abrams,REP,513,206,307
Webster,Fort Dodge #11,County Auditor,,Shaunna Abrams,REP,939,423,516
Webster,Fort Dodge #12,County Auditor,,Shaunna Abrams,REP,334,145,189
Webster,Fort Dodge #2,County Auditor,,Shaunna Abrams,REP,476,187,289
Webster,Fort Dodge #3,County Auditor,,Shaunna Abrams,REP,350,126,224
Webster,Fort Dodge #4-Douglas,County Auditor,,Shaunna Abrams,REP,847,346,501
Webster,Fort Dodge #5,County Auditor,,Shaunna Abrams,REP,329,147,182
Webster,Fort Dodge #6,County Auditor,,Shaunna Abrams,REP,119,46,73
Webster,Fort Dodge #7,County Auditor,,Shaunna Abrams,REP,251,86,165
Webster,Fort Dodge #8,County Auditor,,Shaunna Abrams,REP,320,143,177
Webster,Fort Dodge #9,County Auditor,,Shaunna Abrams,REP,377,103,274
Webster,Gowrie-Lost Grove,County Auditor,,Shaunna Abrams,REP,411,103,308
Webster,Badger-Cooper-Newark,County Auditor,,Write-In,,3,0,3
Webster,Burnside-Elkhorn-Otho-Pleasant Valley-Sumner,County Auditor,,Write-In,,2,1,1
Webster,Clay-Fulton-Johnson-Roland,County Auditor,,Write-In,,0,0,0
Webster,Colfax-Hardin-Washington-Webster-Yell,County Auditor,,Write-In,,0,0,0
Webster,Dayton,County Auditor,,Write-In,,0,0,0
Webster,Deer Creek-Jackson,County Auditor,,Write-In,,0,0,0
Webster,Fort Dodge #1,County Auditor,,Write-In,,0,0,0
Webster,Fort Dodge #10,County Auditor,,Write-In,,1,0,1
Webster,Fort Dodge #11,County Auditor,,Write-In,,1,0,1
Webster,Fort Dodge #12,County Auditor,,Write-In,,3,0,3
Webster,Fort Dodge #2,County Auditor,,Write-In,,2,1,1
Webster,Fort Dodge #3,County Auditor,,Write-In,,0,0,0
Webster,Fort Dodge #4-Douglas,County Auditor,,Write-In,,1,0,1
Webster,Fort Dodge #5,County Auditor,,Write-In,,2,0,2
Webster,Fort Dodge #6,County Auditor,,Write-In,,2,1,1
Webster,Fort Dodge #7,County Auditor,,Write-In,,0,0,0
Webster,Fort Dodge #8,County Auditor,,Write-In,,0,0,0
Webster,Fort Dodge #9,County Auditor,,Write-In,,1,1,0
Webster,Gowrie-Lost Grove,County Auditor,,Write-In,,0,0,0
Webster,Badger-Cooper-Newark,County Sheriff,,Luke M. Fleener,REP,555,190,365
Webster,Burnside-Elkhorn-Otho-Pleasant Valley-Sumner,County Sheriff,,Luke M. Fleener,REP,982,319,663
Webster,Clay-Fulton-Johnson-Roland,County Sheriff,,Luke M. Fleener,REP,579,193,386
Webster,Colfax-Hardin-Washington-Webster-Yell,County Sheriff,,Luke M. Fleener,REP,497,153,344
Webster,Dayton,County Sheriff,,Luke M. Fleener,REP,464,100,364
Webster,Deer Creek-Jackson,County Sheriff,,Luke M. Fleener,REP,311,92,219
Webster,Fort Dodge #1,County Sheriff,,Luke M. Fleener,REP,830,406,424
Webster,Fort Dodge #10,County Sheriff,,Luke M. Fleener,REP,549,246,303
Webster,Fort Dodge #11,County Sheriff,,Luke M. Fleener,REP,912,449,463
Webster,Fort Dodge #12,County Sheriff,,Luke M. Fleener,REP,334,153,181
Webster,Fort Dodge #2,County Sheriff,,Luke M. Fleener,REP,491,206,285
Webster,Fort Dodge #3,County Sheriff,,Luke M. Fleener,REP,353,143,210
Webster,Fort Dodge #4-Douglas,County Sheriff,,Luke M. Fleener,REP,848,384,464
Webster,Fort Dodge #5,County Sheriff,,Luke M. Fleener,REP,366,187,179
Webster,Fort Dodge #6,County Sheriff,,Luke M. Fleener,REP,115,47,68
Webster,Fort Dodge #7,County Sheriff,,Luke M. Fleener,REP,272,109,163
Webster,Fort Dodge #8,County Sheriff,,Luke M. Fleener,REP,319,160,159
Webster,Fort Dodge #9,County Sheriff,,Luke M. Fleener,REP,385,124,261
Webster,Gowrie-Lost Grove,County Sheriff,,Luke M. Fleener,REP,620,169,451
Webster,Badger-Cooper-Newark,County Sheriff,,Trevir Michehl,LIB,419,158,261
Webster,Burnside-Elkhorn-Otho-Pleasant Valley-Sumner,County Sheriff,,Trevir Michehl,LIB,603,197,406
Webster,Clay-Fulton-Johnson-Roland,County Sheriff,,Trevir Michehl,LIB,290,86,204
Webster,Colfax-Hardin-Washington-Webster-Yell,County Sheriff,,Trevir Michehl,LIB,198,60,138
Webster,Dayton,County Sheriff,,Trevir Michehl,LIB,138,24,114
Webster,Deer Creek-Jackson,County Sheriff,,Trevir Michehl,LIB,117,24,93
Webster,Fort Dodge #1,County Sheriff,,Trevir Michehl,LIB,433,215,218
Webster,Fort Dodge #10,County Sheriff,,Trevir Michehl,LIB,337,153,184
Webster,Fort Dodge #11,County Sheriff,,Trevir Michehl,LIB,531,239,292
Webster,Fort Dodge #12,County Sheriff,,Trevir Michehl,LIB,271,125,146
Webster,Fort Dodge #2,County Sheriff,,Trevir Michehl,LIB,352,150,202
Webster,Fort Dodge #3,County Sheriff,,Trevir Michehl,LIB,276,102,174
Webster,Fort Dodge #4-Douglas,County Sheriff,,Trevir Michehl,LIB,499,199,300
Webster,Fort Dodge #5,County Sheriff,,Trevir Michehl,LIB,144,39,105
Webster,Fort Dodge #6,County Sheriff,,Trevir Michehl,LIB,102,40,62
Webster,Fort Dodge #7,County Sheriff,,Trevir Michehl,LIB,227,93,134
Webster,Fort Dodge #8,County Sheriff,,Trevir Michehl,LIB,247,115,132
Webster,Fort Dodge #9,County Sheriff,,Trevir Michehl,LIB,257,88,169
Webster,Gowrie-Lost Grove,County Sheriff,,Trevir Michehl,LIB,263,49,214
Webster,Badger-Cooper-Newark,County Sheriff,,Write-In,,5,2,3
Webster,Burnside-Elkhorn-Otho-Pleasant Valley-Sumner,County Sheriff,,Write-In,,2,0,2
Webster,Clay-Fulton-Johnson-Roland,County Sheriff,,Write-In,,1,0,1
Webster,Colfax-Hardin-Washington-Webster-Yell,County Sheriff,,Write-In,,1,1,0
Webster,Dayton,County Sheriff,,Write-In,,1,0,1
Webster,Deer Creek-Jackson,County Sheriff,,Write-In,,0,0,0
Webster,Fort Dodge #1,County Sheriff,,Write-In,,5,3,2
Webster,Fort Dodge #10,County Sheriff,,Write-In,,4,2,2
Webster,Fort Dodge #11,County Sheriff,,Write-In,,3,1,2
Webster,Fort Dodge #12,County Sheriff,,Write-In,,5,3,2
Webster,Fort Dodge #2,County Sheriff,,Write-In,,4,1,3
Webster,Fort Dodge #3,County Sheriff,,Write-In,,4,2,2
Webster,Fort Dodge #4-Douglas,County Sheriff,,Write-In,,6,6,0
Webster,Fort Dodge #5,County Sheriff,,Write-In,,1,0,1
Webster,Fort Dodge #6,County Sheriff,,Write-In,,2,1,1
Webster,Fort Dodge #7,County Sheriff,,Write-In,,11,5,6
Webster,Fort Dodge #8,County Sheriff,,Write-In,,0,0,0
Webster,Fort Dodge #9,County Sheriff,,Write-In,,0,0,0
Webster,Gowrie-Lost Grove,County Sheriff,,Write-In,,0,0,0
Webster,Burnside-Elkhorn-Otho-Pleasant Valley-Sumner,County Supervisor,2,Mark W. Campbell,DEM,580,199,381
Webster,Clay-Fulton-Johnson-Roland,County Supervisor,2,Mark W. Campbell,DEM,324,118,206
Webster,Dayton,County Supervisor,2,Mark W. Campbell,DEM,294,75,219
Webster,Gowrie-Lost Grove,County Supervisor,2,Mark W. Campbell,DEM,364,108,256
Webster,Burnside-Elkhorn-Otho-Pleasant Valley-Sumner,County Supervisor,2,Nathan Montgomery,REP,1041,332,709
Webster,Clay-Fulton-Johnson-Roland,County Supervisor,2,Nathan Montgomery,REP,569,174,395
Webster,Dayton,County Supervisor,2,Nathan Montgomery,REP,323,57,266
Webster,Gowrie-Lost Grove,County Supervisor,2,Nathan Montgomery,REP,557,123,434
Webster,Burnside-Elkhorn-Otho-Pleasant Valley-Sumner,County Supervisor,2,Write-In,,3,1,2
Webster,Clay-Fulton-Johnson-Roland,County Supervisor,2,Write-In,,1,0,1
Webster,Dayton,County Supervisor,2,Write-In,,2,0,2
Webster,Gowrie-Lost Grove,County Supervisor,2,Write-In,,1,0,1
Webster,Fort Dodge #12,County Supervisor,3,Clayton Bills,REP,268,102,166
Webster,Fort Dodge #7,County Supervisor,3,Clayton Bills,REP,232,77,155
Webster,Fort Dodge #8,County Supervisor,3,Clayton Bills,REP,290,132,158
Webster,Fort Dodge #9,County Supervisor,3,Clayton Bills,REP,345,95,250
Webster,Fort Dodge #12,County Supervisor,3,Robert D. Thode,DEM,360,199,161
Webster,Fort Dodge #7,County Supervisor,3,Robert D. Thode,DEM,306,156,150
Webster,Fort Dodge #8,County Supervisor,3,Robert D. Thode,DEM,285,150,135
Webster,Fort Dodge #9,County Supervisor,3,Robert D. Thode,DEM,310,126,184
Webster,Fort Dodge #12,County Supervisor,3,Write-In,,3,0,3
Webster,Fort Dodge #7,County Supervisor,3,Write-In,,0,0,0
Webster,Fort Dodge #8,County Supervisor,3,Write-In,,1,1,0
Webster,Fort Dodge #9,County Supervisor,3,Write-In,,0,0,0
Webster,Deer Creek-Jackson,County Supervisor,5,John Cochrane,REP,255,65,190
Webster,Fort Dodge #4-Douglas,County Supervisor,5,John Cochrane,REP,749,318,431
Webster,Fort Dodge #5,County Supervisor,5,John Cochrane,REP,315,141,174
Webster,Deer Creek-Jackson,County Supervisor,5,Nicholas Carlson,DEM,168,49,119
Webster,Fort Dodge #4-Douglas,County Supervisor,5,Nicholas Carlson,DEM,608,283,325
Webster,Fort Dodge #5,County Supervisor,5,Nicholas Carlson,DEM,232,107,125
Webster,Deer Creek-Jackson,County Supervisor,5,Write-In,,0,0,0
Webster,Fort Dodge #4-Douglas,County Supervisor,5,Write-In,,1,0,1
Webster,Fort Dodge #5,County Supervisor,5,Write-In,,0,0,0
Webster,Badger-Cooper-Newark,Court of Appeals Judge - Mary Elizabeth Chicchelly,,No,,193,71,122
Webster,Burnside-Elkhorn-Otho-Pleasant Valley-Sumner,Court of Appeals Judge - Mary Elizabeth Chicchelly,,No,,336,116,220
Webster,Clay-Fulton-Johnson-Roland,Court of Appeals Judge - Mary Elizabeth Chicchelly,,No,,222,70,152
Webster,Colfax-Hardin-Washington-Webster-Yell,Court of Appeals Judge - Mary Elizabeth Chicchelly,,No,,171,50,121
Webster,Dayton,Court of Appeals Judge - Mary Elizabeth Chicchelly,,No,,136,24,112
Webster,Deer Creek-Jackson,Court of Appeals Judge - Mary Elizabeth Chicchelly,,No,,84,19,65
Webster,Fort Dodge #1,Court of Appeals Judge - Mary Elizabeth Chicchelly,,No,,220,119,101
Webster,Fort Dodge #10,Court of Appeals Judge - Mary Elizabeth Chicchelly,,No,,171,86,85
Webster,Fort Dodge #11,Court of Appeals Judge - Mary Elizabeth Chicchelly,,No,,238,103,135
Webster,Fort Dodge #12,Court of Appeals Judge - Mary Elizabeth Chicchelly,,No,,119,51,68
Webster,Fort Dodge #2,Court of Appeals Judge - Mary Elizabeth Chicchelly,,No,,200,96,104
Webster,Fort Dodge #3,Court of Appeals Judge - Mary Elizabeth Chicchelly,,No,,127,56,71
Webster,Fort Dodge #4-Douglas,Court of Appeals Judge - Mary Elizabeth Chicchelly,,No,,280,126,154
Webster,Fort Dodge #5,Court of Appeals Judge - Mary Elizabeth Chicchelly,,No,,82,25,57
Webster,Fort Dodge #6,Court of Appeals Judge - Mary Elizabeth Chicchelly,,No,,53,26,27
Webster,Fort Dodge #7,Court of Appeals Judge - Mary Elizabeth Chicchelly,,No,,123,51,72
Webster,Fort Dodge #8,Court of Appeals Judge - Mary Elizabeth Chicchelly,,No,,145,69,76
Webster,Fort Dodge #9,Court of Appeals Judge - Mary Elizabeth Chicchelly,,No,,129,49,80
Webster,Gowrie-Lost Grove,Court of Appeals Judge - Mary Elizabeth Chicchelly,,No,,187,44,143
Webster,Badger-Cooper-Newark,Court of Appeals Judge - Mary Elizabeth Chicchelly,,Yes,,575,194,381
Webster,Burnside-Elkhorn-Otho-Pleasant Valley-Sumner,Court of Appeals Judge - Mary Elizabeth Chicchelly,,Yes,,831,255,576
Webster,Clay-Fulton-Johnson-Roland,Court of Appeals Judge - Mary Elizabeth Chicchelly,,Yes,,471,140,331
Webster,Colfax-Hardin-Washington-Webster-Yell,Court of Appeals Judge - Mary Elizabeth Chicchelly,,Yes,,376,103,273
Webster,Dayton,Court of Appeals Judge - Mary Elizabeth Chicchelly,,Yes,,357,69,288
Webster,Deer Creek-Jackson,Court of Appeals Judge - Mary Elizabeth Chicchelly,,Yes,,270,70,200
Webster,Fort Dodge #1,Court of Appeals Judge - Mary Elizabeth Chicchelly,,Yes,,855,400,455
Webster,Fort Dodge #10,Court of Appeals Judge - Mary Elizabeth Chicchelly,,Yes,,543,244,299
Webster,Fort Dodge #11,Court of Appeals Judge - Mary Elizabeth Chicchelly,,Yes,,920,439,481
Webster,Fort Dodge #12,Court of Appeals Judge - Mary Elizabeth Chicchelly,,Yes,,359,167,192
Webster,Fort Dodge #2,Court of Appeals Judge - Mary Elizabeth Chicchelly,,Yes,,511,208,303
Webster,Fort Dodge #3,Court of Appeals Judge - Mary Elizabeth Chicchelly,,Yes,,383,136,247
Webster,Fort Dodge #4-Douglas,Court of Appeals Judge - Mary Elizabeth Chicchelly,,Yes,,827,344,483
Webster,Fort Dodge #5,Court of Appeals Judge - Mary Elizabeth Chicchelly,,Yes,,331,143,188
Webster,Fort Dodge #6,Court of Appeals Judge - Mary Elizabeth Chicchelly,,Yes,,141,50,91
Webster,Fort Dodge #7,Court of Appeals Judge - Mary Elizabeth Chicchelly,,Yes,,330,143,187
Webster,Fort Dodge #8,Court of Appeals Judge - Mary Elizabeth Chicchelly,,Yes,,324,158,166
Webster,Fort Dodge #9,Court of Appeals Judge - Mary Elizabeth Chicchelly,,Yes,,365,123,242
Webster,Gowrie-Lost Grove,Court of Appeals Judge - Mary Elizabeth Chicchelly,,Yes,,474,125,349
Webster,Badger-Cooper-Newark,Court of Appeals Judge - Mary Ellen Tabor,,No,,182,64,118
Webster,Burnside-Elkhorn-Otho-Pleasant Valley-Sumner,Court of Appeals Judge - Mary Ellen Tabor,,No,,312,112,200
Webster,Clay-Fulton-Johnson-Roland,Court of Appeals Judge - Mary Ellen Tabor,,No,,207,68,139
Webster,Colfax-Hardin-Washington-Webster-Yell,Court of Appeals Judge - Mary Ellen Tabor,,No,,166,52,114
Webster,Dayton,Court of Appeals Judge - Mary Ellen Tabor,,No,,150,30,120
Webster,Deer Creek-Jackson,Court of Appeals Judge - Mary Ellen Tabor,,No,,84,19,65
Webster,Fort Dodge #1,Court of Appeals Judge - Mary Ellen Tabor,,No,,205,111,94
Webster,Fort Dodge #10,Court of Appeals Judge - Mary Ellen Tabor,,No,,154,70,84
Webster,Fort Dodge #11,Court of Appeals Judge - Mary Ellen Tabor,,No,,230,105,125
Webster,Fort Dodge #12,Court of Appeals Judge - Mary Ellen Tabor,,No,,116,48,68
Webster,Fort Dodge #2,Court of Appeals Judge - Mary Ellen Tabor,,No,,193,87,106
Webster,Fort Dodge #3,Court of Appeals Judge - Mary Ellen Tabor,,No,,118,53,65
Webster,Fort Dodge #4-Douglas,Court of Appeals Judge - Mary Ellen Tabor,,No,,268,117,151
Webster,Fort Dodge #5,Court of Appeals Judge - Mary Ellen Tabor,,No,,79,19,60
Webster,Fort Dodge #6,Court of Appeals Judge - Mary Ellen Tabor,,No,,55,28,27
Webster,Fort Dodge #7,Court of Appeals Judge - Mary Ellen Tabor,,No,,115,47,68
Webster,Fort Dodge #8,Court of Appeals Judge - Mary Ellen Tabor,,No,,130,56,74
Webster,Fort Dodge #9,Court of Appeals Judge - Mary Ellen Tabor,,No,,137,49,88
Webster,Gowrie-Lost Grove,Court of Appeals Judge - Mary Ellen Tabor,,No,,184,44,140
Webster,Badger-Cooper-Newark,Court of Appeals Judge - Mary Ellen Tabor,,Yes,,576,202,374
Webster,Burnside-Elkhorn-Otho-Pleasant Valley-Sumner,Court of Appeals Judge - Mary Ellen Tabor,,Yes,,836,253,583
Webster,Clay-Fulton-Johnson-Roland,Court of Appeals Judge - Mary Ellen Tabor,,Yes,,485,141,344
Webster,Colfax-Hardin-Washington-Webster-Yell,Court of Appeals Judge - Mary Ellen Tabor,,Yes,,375,99,276
Webster,Dayton,Court of Appeals Judge - Mary Ellen Tabor,,Yes,,346,64,282
Webster,Deer Creek-Jackson,Court of Appeals Judge - Mary Ellen Tabor,,Yes,,268,71,197
Webster,Fort Dodge #1,Court of Appeals Judge - Mary Ellen Tabor,,Yes,,859,401,458
Webster,Fort Dodge #10,Court of Appeals Judge - Mary Ellen Tabor,,Yes,,545,247,298
Webster,Fort Dodge #11,Court of Appeals Judge - Mary Ellen Tabor,,Yes,,911,429,482
Webster,Fort Dodge #12,Court of Appeals Judge - Mary Ellen Tabor,,Yes,,357,170,187
Webster,Fort Dodge #2,Court of Appeals Judge - Mary Ellen Tabor,,Yes,,510,216,294
Webster,Fort Dodge #3,Court of Appeals Judge - Mary Ellen Tabor,,Yes,,382,134,248
Webster,Fort Dodge #4-Douglas,Court of Appeals Judge - Mary Ellen Tabor,,Yes,,821,348,473
Webster,Fort Dodge #5,Court of Appeals Judge - Mary Ellen Tabor,,Yes,,326,145,181
Webster,Fort Dodge #6,Court of Appeals Judge - Mary Ellen Tabor,,Yes,,134,47,87
Webster,Fort Dodge #7,Court of Appeals Judge - Mary Ellen Tabor,,Yes,,327,143,184
Webster,Fort Dodge #8,Court of Appeals Judge - Mary Ellen Tabor,,Yes,,335,169,166
Webster,Fort Dodge #9,Court of Appeals Judge - Mary Ellen Tabor,,Yes,,347,123,224
Webster,Gowrie-Lost Grove,Court of Appeals Judge - Mary Ellen Tabor,,Yes,,471,122,349
Webster,Badger-Cooper-Newark,Court of Appeals Judge - Samuel Langholz,,No,,205,75,130
Webster,Burnside-Elkhorn-Otho-Pleasant Valley-Sumner,Court of Appeals Judge - Samuel Langholz,,No,,348,126,222
Webster,Clay-Fulton-Johnson-Roland,Court of Appeals Judge - Samuel Langholz,,No,,230,78,152
Webster,Colfax-Hardin-Washington-Webster-Yell,Court of Appeals Judge - Samuel Langholz,,No,,177,49,128
Webster,Dayton,Court of Appeals Judge - Samuel Langholz,,No,,148,30,118
Webster,Deer Creek-Jackson,Court of Appeals Judge - Samuel Langholz,,No,,86,21,65
Webster,Fort Dodge #1,Court of Appeals Judge - Samuel Langholz,,No,,239,135,104
Webster,Fort Dodge #10,Court of Appeals Judge - Samuel Langholz,,No,,200,98,102
Webster,Fort Dodge #11,Court of Appeals Judge - Samuel Langholz,,No,,247,112,135
Webster,Fort Dodge #12,Court of Appeals Judge - Samuel Langholz,,No,,138,63,75
Webster,Fort Dodge #2,Court of Appeals Judge - Samuel Langholz,,No,,211,102,109
Webster,Fort Dodge #3,Court of Appeals Judge - Samuel Langholz,,No,,138,66,72
Webster,Fort Dodge #4-Douglas,Court of Appeals Judge - Samuel Langholz,,No,,312,142,170
Webster,Fort Dodge #5,Court of Appeals Judge - Samuel Langholz,,No,,82,27,55
Webster,Fort Dodge #6,Court of Appeals Judge - Samuel Langholz,,No,,58,26,32
Webster,Fort Dodge #7,Court of Appeals Judge - Samuel Langholz,,No,,134,60,74
Webster,Fort Dodge #8,Court of Appeals Judge - Samuel Langholz,,No,,151,71,80
Webster,Fort Dodge #9,Court of Appeals Judge - Samuel Langholz,,No,,140,53,87
Webster,Gowrie-Lost Grove,Court of Appeals Judge - Samuel Langholz,,No,,183,44,139
Webster,Badger-Cooper-Newark,Court of Appeals Judge - Samuel Langholz,,Yes,,557,192,365
Webster,Burnside-Elkhorn-Otho-Pleasant Valley-Sumner,Court of Appeals Judge - Samuel Langholz,,Yes,,797,238,559
Webster,Clay-Fulton-Johnson-Roland,Court of Appeals Judge - Samuel Langholz,,Yes,,455,130,325
Webster,Colfax-Hardin-Washington-Webster-Yell,Court of Appeals Judge - Samuel Langholz,,Yes,,358,99,259
Webster,Dayton,Court of Appeals Judge - Samuel Langholz,,Yes,,342,63,279
Webster,Deer Creek-Jackson,Court of Appeals Judge - Samuel Langholz,,Yes,,264,68,196
Webster,Fort Dodge #1,Court of Appeals Judge - Samuel Langholz,,Yes,,817,375,442
Webster,Fort Dodge #10,Court of Appeals Judge - Samuel Langholz,,Yes,,504,227,277
Webster,Fort Dodge #11,Court of Appeals Judge - Samuel Langholz,,Yes,,883,418,465
Webster,Fort Dodge #12,Court of Appeals Judge - Samuel Langholz,,Yes,,331,152,179
Webster,Fort Dodge #2,Court of Appeals Judge - Samuel Langholz,,Yes,,495,202,293
Webster,Fort Dodge #3,Court of Appeals Judge - Samuel Langholz,,Yes,,357,119,238
Webster,Fort Dodge #4-Douglas,Court of Appeals Judge - Samuel Langholz,,Yes,,768,316,452
Webster,Fort Dodge #5,Court of Appeals Judge - Samuel Langholz,,Yes,,325,137,188
Webster,Fort Dodge #6,Court of Appeals Judge - Samuel Langholz,,Yes,,128,47,81
Webster,Fort Dodge #7,Court of Appeals Judge - Samuel Langholz,,Yes,,313,133,180
Webster,Fort Dodge #8,Court of Appeals Judge - Samuel Langholz,,Yes,,316,155,161
Webster,Fort Dodge #9,Court of Appeals Judge - Samuel Langholz,,Yes,,348,117,231
Webster,Gowrie-Lost Grove,Court of Appeals Judge - Samuel Langholz,,Yes,,463,123,340
Webster,Badger-Cooper-Newark,Court of Appeals Judge - Tyler J. Buller,,No,,185,65,120
Webster,Burnside-Elkhorn-Otho-Pleasant Valley-Sumner,Court of Appeals Judge - Tyler J. Buller,,No,,313,114,199
Webster,Clay-Fulton-Johnson-Roland,Court of Appeals Judge - Tyler J. Buller,,No,,209,70,139
Webster,Colfax-Hardin-Washington-Webster-Yell,Court of Appeals Judge - Tyler J. Buller,,No,,155,46,109
Webster,Dayton,Court of Appeals Judge - Tyler J. Buller,,No,,136,22,114
Webster,Deer Creek-Jackson,Court of Appeals Judge - Tyler J. Buller,,No,,78,21,57
Webster,Fort Dodge #1,Court of Appeals Judge - Tyler J. Buller,,No,,210,120,90
Webster,Fort Dodge #10,Court of Appeals Judge - Tyler J. Buller,,No,,184,86,98
Webster,Fort Dodge #11,Court of Appeals Judge - Tyler J. Buller,,No,,240,105,135
Webster,Fort Dodge #12,Court of Appeals Judge - Tyler J. Buller,,No,,133,57,76
Webster,Fort Dodge #2,Court of Appeals Judge - Tyler J. Buller,,No,,201,98,103
Webster,Fort Dodge #3,Court of Appeals Judge - Tyler J. Buller,,No,,116,53,63
Webster,Fort Dodge #4-Douglas,Court of Appeals Judge - Tyler J. Buller,,No,,271,128,143
Webster,Fort Dodge #5,Court of Appeals Judge - Tyler J. Buller,,No,,79,25,54
Webster,Fort Dodge #6,Court of Appeals Judge - Tyler J. Buller,,No,,53,23,30
Webster,Fort Dodge #7,Court of Appeals Judge - Tyler J. Buller,,No,,133,56,77
Webster,Fort Dodge #8,Court of Appeals Judge - Tyler J. Buller,,No,,141,63,78
Webster,Fort Dodge #9,Court of Appeals Judge - Tyler J. Buller,,No,,130,54,76
Webster,Gowrie-Lost Grove,Court of Appeals Judge - Tyler J. Buller,,No,,174,36,138
Webster,Badger-Cooper-Newark,Court of Appeals Judge - Tyler J. Buller,,Yes,,569,199,370
Webster,Burnside-Elkhorn-Otho-Pleasant Valley-Sumner,Court of Appeals Judge - Tyler J. Buller,,Yes,,825,247,578
Webster,Clay-Fulton-Johnson-Roland,Court of Appeals Judge - Tyler J. Buller,,Yes,,473,136,337
Webster,Colfax-Hardin-Washington-Webster-Yell,Court of Appeals Judge - Tyler J. Buller,,Yes,,380,102,278
Webster,Dayton,Court of Appeals Judge - Tyler J. Buller,,Yes,,352,71,281
Webster,Deer Creek-Jackson,Court of Appeals Judge - Tyler J. Buller,,Yes,,273,66,207
Webster,Fort Dodge #1,Court of Appeals Judge - Tyler J. Buller,,Yes,,836,383,453
Webster,Fort Dodge #10,Court of Appeals Judge - Tyler J. Buller,,Yes,,513,230,283
Webster,Fort Dodge #11,Court of Appeals Judge - Tyler J. Buller,,Yes,,893,423,470
Webster,Fort Dodge #12,Court of Appeals Judge - Tyler J. Buller,,Yes,,334,157,177
Webster,Fort Dodge #2,Court of Appeals Judge - Tyler J. Buller,,Yes,,493,199,294
Webster,Fort Dodge #3,Court of Appeals Judge - Tyler J. Buller,,Yes,,380,131,249
Webster,Fort Dodge #4-Douglas,Court of Appeals Judge - Tyler J. Buller,,Yes,,807,332,475
Webster,Fort Dodge #5,Court of Appeals Judge - Tyler J. Buller,,Yes,,326,137,189
Webster,Fort Dodge #6,Court of Appeals Judge - Tyler J. Buller,,Yes,,134,50,84
Webster,Fort Dodge #7,Court of Appeals Judge - Tyler J. Buller,,Yes,,305,131,174
Webster,Fort Dodge #8,Court of Appeals Judge - Tyler J. Buller,,Yes,,316,155,161
Webster,Fort Dodge #9,Court of Appeals Judge - Tyler J. Buller,,Yes,,347,114,233
Webster,Gowrie-Lost Grove,Court of Appeals Judge - Tyler J. Buller,,Yes,,480,132,348
Webster,Dayton,Dayton Township Trustee,,David Cramer,,147,39,108
Webster,Dayton,Dayton Township Trustee,,Earl Hanson,,156,42,114
Webster,Dayton,Dayton Township Trustee,,Write-In,,4,1,3
Webster,Deer Creek-Jackson,Deer Creek Township Trustee,,Daniel O'Hern,,203,66,137
Webster,Deer Creek-Jackson,Deer Creek Township Trustee,,Gregory Holst,,113,38,75
Webster,Deer Creek-Jackson,Deer Creek Township Trustee,,Write-In,,2,0,2
Webster,Badger-Cooper-Newark,District 2B Associate Judge - Ashley Beisch,,No,,154,54,100
Webster,Burnside-Elkhorn-Otho-Pleasant Valley-Sumner,District 2B Associate Judge - Ashley Beisch,,No,,287,109,178
Webster,Clay-Fulton-Johnson-Roland,District 2B Associate Judge - Ashley Beisch,,No,,185,64,121
Webster,Colfax-Hardin-Washington-Webster-Yell,District 2B Associate Judge - Ashley Beisch,,No,,149,38,111
Webster,Dayton,District 2B Associate Judge - Ashley Beisch,,No,,129,23,106
Webster,Deer Creek-Jackson,District 2B Associate Judge - Ashley Beisch,,No,,72,18,54
Webster,Fort Dodge #1,District 2B Associate Judge - Ashley Beisch,,No,,178,92,86
Webster,Fort Dodge #10,District 2B Associate Judge - Ashley Beisch,,No,,147,74,73
Webster,Fort Dodge #11,District 2B Associate Judge - Ashley Beisch,,No,,189,84,105
Webster,Fort Dodge #12,District 2B Associate Judge - Ashley Beisch,,No,,97,42,55
Webster,Fort Dodge #2,District 2B Associate Judge - Ashley Beisch,,No,,155,75,80
Webster,Fort Dodge #3,District 2B Associate Judge - Ashley Beisch,,No,,118,52,66
Webster,Fort Dodge #4-Douglas,District 2B Associate Judge - Ashley Beisch,,No,,232,108,124
Webster,Fort Dodge #5,District 2B Associate Judge - Ashley Beisch,,No,,65,24,41
Webster,Fort Dodge #6,District 2B Associate Judge - Ashley Beisch,,No,,46,21,25
Webster,Fort Dodge #7,District 2B Associate Judge - Ashley Beisch,,No,,111,55,56
Webster,Fort Dodge #8,District 2B Associate Judge - Ashley Beisch,,No,,116,54,62
Webster,Fort Dodge #9,District 2B Associate Judge - Ashley Beisch,,No,,119,42,77
Webster,Gowrie-Lost Grove,District 2B Associate Judge - Ashley Beisch,,No,,152,35,117
Webster,Badger-Cooper-Newark,District 2B Associate Judge - Ashley Beisch,,Yes,,590,205,385
Webster,Burnside-Elkhorn-Otho-Pleasant Valley-Sumner,District 2B Associate Judge - Ashley Beisch,,Yes,,844,243,601
Webster,Clay-Fulton-Johnson-Roland,District 2B Associate Judge - Ashley Beisch,,Yes,,484,142,342
Webster,Colfax-Hardin-Washington-Webster-Yell,District 2B Associate Judge - Ashley Beisch,,Yes,,388,113,275
Webster,Dayton,District 2B Associate Judge - Ashley Beisch,,Yes,,345,65,280
Webster,Deer Creek-Jackson,District 2B Associate Judge - Ashley Beisch,,Yes,,275,71,204
Webster,Fort Dodge #1,District 2B Associate Judge - Ashley Beisch,,Yes,,864,398,466
Webster,Fort Dodge #10,District 2B Associate Judge - Ashley Beisch,,Yes,,540,237,303
Webster,Fort Dodge #11,District 2B Associate Judge - Ashley Beisch,,Yes,,931,438,493
Webster,Fort Dodge #12,District 2B Associate Judge - Ashley Beisch,,Yes,,370,166,204
Webster,Fort Dodge #2,District 2B Associate Judge - Ashley Beisch,,Yes,,522,217,305
Webster,Fort Dodge #3,District 2B Associate Judge - Ashley Beisch,,Yes,,371,130,241
Webster,Fort Dodge #4-Douglas,District 2B Associate Judge - Ashley Beisch,,Yes,,833,339,494
Webster,Fort Dodge #5,District 2B Associate Judge - Ashley Beisch,,Yes,,319,129,190
Webster,Fort Dodge #6,District 2B Associate Judge - Ashley Beisch,,Yes,,143,55,88
Webster,Fort Dodge #7,District 2B Associate Judge - Ashley Beisch,,Yes,,326,131,195
Webster,Fort Dodge #8,District 2B Associate Judge - Ashley Beisch,,Yes,,336,163,173
Webster,Fort Dodge #9,District 2B Associate Judge - Ashley Beisch,,Yes,,355,126,229
Webster,Gowrie-Lost Grove,District 2B Associate Judge - Ashley Beisch,,Yes,,487,127,360
Webster,Badger-Cooper-Newark,District 2B Associate Judge - Hans Becker,,No,,151,54,97
Webster,Burnside-Elkhorn-Otho-Pleasant Valley-Sumner,District 2B Associate Judge - Hans Becker,,No,,278,97,181
Webster,Clay-Fulton-Johnson-Roland,District 2B Associate Judge - Hans Becker,,No,,186,59,127
Webster,Colfax-Hardin-Washington-Webster-Yell,District 2B Associate Judge - Hans Becker,,No,,148,40,108
Webster,Dayton,District 2B Associate Judge - Hans Becker,,No,,128,26,102
Webster,Deer Creek-Jackson,District 2B Associate Judge - Hans Becker,,No,,75,17,58
Webster,Fort Dodge #1,District 2B Associate Judge - Hans Becker,,No,,181,98,83
Webster,Fort Dodge #10,District 2B Associate Judge - Hans Becker,,No,,167,81,86
Webster,Fort Dodge #11,District 2B Associate Judge - Hans Becker,,No,,201,86,115
Webster,Fort Dodge #12,District 2B Associate Judge - Hans Becker,,No,,107,46,61
Webster,Fort Dodge #2,District 2B Associate Judge - Hans Becker,,No,,163,72,91
Webster,Fort Dodge #3,District 2B Associate Judge - Hans Becker,,No,,101,43,58
Webster,Fort Dodge #4-Douglas,District 2B Associate Judge - Hans Becker,,No,,248,115,133
Webster,Fort Dodge #5,District 2B Associate Judge - Hans Becker,,No,,63,23,40
Webster,Fort Dodge #6,District 2B Associate Judge - Hans Becker,,No,,50,21,29
Webster,Fort Dodge #7,District 2B Associate Judge - Hans Becker,,No,,135,63,72
Webster,Fort Dodge #8,District 2B Associate Judge - Hans Becker,,No,,123,51,72
Webster,Fort Dodge #9,District 2B Associate Judge - Hans Becker,,No,,122,49,73
Webster,Gowrie-Lost Grove,District 2B Associate Judge - Hans Becker,,No,,162,35,127
Webster,Badger-Cooper-Newark,District 2B Associate Judge - Hans Becker,,Yes,,592,202,390
Webster,Burnside-Elkhorn-Otho-Pleasant Valley-Sumner,District 2B Associate Judge - Hans Becker,,Yes,,864,260,604
Webster,Clay-Fulton-Johnson-Roland,District 2B Associate Judge - Hans Becker,,Yes,,488,148,340
Webster,Colfax-Hardin-Washington-Webster-Yell,District 2B Associate Judge - Hans Becker,,Yes,,383,108,275
Webster,Dayton,District 2B Associate Judge - Hans Becker,,Yes,,342,61,281
Webster,Deer Creek-Jackson,District 2B Associate Judge - Hans Becker,,Yes,,273,72,201
Webster,Fort Dodge #1,District 2B Associate Judge - Hans Becker,,Yes,,862,394,468
Webster,Fort Dodge #10,District 2B Associate Judge - Hans Becker,,Yes,,529,236,293
Webster,Fort Dodge #11,District 2B Associate Judge - Hans Becker,,Yes,,921,442,479
Webster,Fort Dodge #12,District 2B Associate Judge - Hans Becker,,Yes,,355,164,191
Webster,Fort Dodge #2,District 2B Associate Judge - Hans Becker,,Yes,,516,223,293
Webster,Fort Dodge #3,District 2B Associate Judge - Hans Becker,,Yes,,386,138,248
Webster,Fort Dodge #4-Douglas,District 2B Associate Judge - Hans Becker,,Yes,,820,336,484
Webster,Fort Dodge #5,District 2B Associate Judge - Hans Becker,,Yes,,327,136,191
Webster,Fort Dodge #6,District 2B Associate Judge - Hans Becker,,Yes,,140,53,87
Webster,Fort Dodge #7,District 2B Associate Judge - Hans Becker,,Yes,,301,122,179
Webster,Fort Dodge #8,District 2B Associate Judge - Hans Becker,,Yes,,333,168,165
Webster,Fort Dodge #9,District 2B Associate Judge - Hans Becker,,Yes,,353,119,234
Webster,Gowrie-Lost Grove,District 2B Associate Judge - Hans Becker,,Yes,,480,130,350
Webster,Badger-Cooper-Newark,District 2B Associate Judge - Hunter Thorpe,,No,,157,54,103
Webster,Burnside-Elkhorn-Otho-Pleasant Valley-Sumner,District 2B Associate Judge - Hunter Thorpe,,No,,273,106,167
Webster,Clay-Fulton-Johnson-Roland,District 2B Associate Judge - Hunter Thorpe,,No,,181,65,116
Webster,Colfax-Hardin-Washington-Webster-Yell,District 2B Associate Judge - Hunter Thorpe,,No,,142,40,102
Webster,Dayton,District 2B Associate Judge - Hunter Thorpe,,No,,124,26,98
Webster,Deer Creek-Jackson,District 2B Associate Judge - Hunter Thorpe,,No,,74,18,56
Webster,Fort Dodge #1,District 2B Associate Judge - Hunter Thorpe,,No,,187,107,80
Webster,Fort Dodge #10,District 2B Associate Judge - Hunter Thorpe,,No,,163,79,84
Webster,Fort Dodge #11,District 2B Associate Judge - Hunter Thorpe,,No,,213,97,116
Webster,Fort Dodge #12,District 2B Associate Judge - Hunter Thorpe,,No,,111,49,62
Webster,Fort Dodge #2,District 2B Associate Judge - Hunter Thorpe,,No,,163,76,87
Webster,Fort Dodge #3,District 2B Associate Judge - Hunter Thorpe,,No,,102,48,54
Webster,Fort Dodge #4-Douglas,District 2B Associate Judge - Hunter Thorpe,,No,,261,120,141
Webster,Fort Dodge #5,District 2B Associate Judge - Hunter Thorpe,,No,,76,26,50
Webster,Fort Dodge #6,District 2B Associate Judge - Hunter Thorpe,,No,,49,25,24
Webster,Fort Dodge #7,District 2B Associate Judge - Hunter Thorpe,,No,,122,56,66
Webster,Fort Dodge #8,District 2B Associate Judge - Hunter Thorpe,,No,,126,54,72
Webster,Fort Dodge #9,District 2B Associate Judge - Hunter Thorpe,,No,,121,45,76
Webster,Gowrie-Lost Grove,District 2B Associate Judge - Hunter Thorpe,,No,,153,35,118
Webster,Badger-Cooper-Newark,District 2B Associate Judge - Hunter Thorpe,,Yes,,581,198,383
Webster,Burnside-Elkhorn-Otho-Pleasant Valley-Sumner,District 2B Associate Judge - Hunter Thorpe,,Yes,,860,244,616
Webster,Clay-Fulton-Johnson-Roland,District 2B Associate Judge - Hunter Thorpe,,Yes,,493,142,351
Webster,Colfax-Hardin-Washington-Webster-Yell,District 2B Associate Judge - Hunter Thorpe,,Yes,,390,105,285
Webster,Dayton,District 2B Associate Judge - Hunter Thorpe,,Yes,,346,62,284
Webster,Deer Creek-Jackson,District 2B Associate Judge - Hunter Thorpe,,Yes,,275,70,205
Webster,Fort Dodge #1,District 2B Associate Judge - Hunter Thorpe,,Yes,,853,384,469
Webster,Fort Dodge #10,District 2B Associate Judge - Hunter Thorpe,,Yes,,525,232,293
Webster,Fort Dodge #11,District 2B Associate Judge - Hunter Thorpe,,Yes,,908,427,481
Webster,Fort Dodge #12,District 2B Associate Judge - Hunter Thorpe,,Yes,,351,161,190
Webster,Fort Dodge #2,District 2B Associate Judge - Hunter Thorpe,,Yes,,514,218,296
Webster,Fort Dodge #3,District 2B Associate Judge - Hunter Thorpe,,Yes,,381,130,251
Webster,Fort Dodge #4-Douglas,District 2B Associate Judge - Hunter Thorpe,,Yes,,804,328,476
Webster,Fort Dodge #5,District 2B Associate Judge - Hunter Thorpe,,Yes,,312,132,180
Webster,Fort Dodge #6,District 2B Associate Judge - Hunter Thorpe,,Yes,,140,49,91
Webster,Fort Dodge #7,District 2B Associate Judge - Hunter Thorpe,,Yes,,318,131,187
Webster,Fort Dodge #8,District 2B Associate Judge - Hunter Thorpe,,Yes,,331,163,168
Webster,Fort Dodge #9,District 2B Associate Judge - Hunter Thorpe,,Yes,,352,121,231
Webster,Gowrie-Lost Grove,District 2B Associate Judge - Hunter Thorpe,,Yes,,491,129,362
Webster,Badger-Cooper-Newark,District 2B Associate Judge - Joseph B. McCarville,,No,,156,61,95
Webster,Burnside-Elkhorn-Otho-Pleasant Valley-Sumner,District 2B Associate Judge - Joseph B. McCarville,,No,,288,107,181
Webster,Clay-Fulton-Johnson-Roland,District 2B Associate Judge - Joseph B. McCarville,,No,,189,63,126
Webster,Colfax-Hardin-Washington-Webster-Yell,District 2B Associate Judge - Joseph B. McCarville,,No,,152,41,111
Webster,Dayton,District 2B Associate Judge - Joseph B. McCarville,,No,,119,20,99
Webster,Deer Creek-Jackson,District 2B Associate Judge - Joseph B. McCarville,,No,,68,19,49
Webster,Fort Dodge #1,District 2B Associate Judge - Joseph B. McCarville,,No,,188,90,98
Webster,Fort Dodge #10,District 2B Associate Judge - Joseph B. McCarville,,No,,158,74,84
Webster,Fort Dodge #11,District 2B Associate Judge - Joseph B. McCarville,,No,,212,103,109
Webster,Fort Dodge #12,District 2B Associate Judge - Joseph B. McCarville,,No,,112,50,62
Webster,Fort Dodge #2,District 2B Associate Judge - Joseph B. McCarville,,No,,162,73,89
Webster,Fort Dodge #3,District 2B Associate Judge - Joseph B. McCarville,,No,,109,47,62
Webster,Fort Dodge #4-Douglas,District 2B Associate Judge - Joseph B. McCarville,,No,,246,120,126
Webster,Fort Dodge #5,District 2B Associate Judge - Joseph B. McCarville,,No,,68,17,51
Webster,Fort Dodge #6,District 2B Associate Judge - Joseph B. McCarville,,No,,38,17,21
Webster,Fort Dodge #7,District 2B Associate Judge - Joseph B. McCarville,,No,,133,56,77
Webster,Fort Dodge #8,District 2B Associate Judge - Joseph B. McCarville,,No,,119,53,66
Webster,Fort Dodge #9,District 2B Associate Judge - Joseph B. McCarville,,No,,117,43,74
Webster,Gowrie-Lost Grove,District 2B Associate Judge - Joseph B. McCarville,,No,,159,35,124
Webster,Badger-Cooper-Newark,District 2B Associate Judge - Joseph B. McCarville,,Yes,,628,218,410
Webster,Burnside-Elkhorn-Otho-Pleasant Valley-Sumner,District 2B Associate Judge - Joseph B. McCarville,,Yes,,911,269,642
Webster,Clay-Fulton-Johnson-Roland,District 2B Associate Judge - Joseph B. McCarville,,Yes,,524,162,362
Webster,Colfax-Hardin-Washington-Webster-Yell,District 2B Associate Judge - Joseph B. McCarville,,Yes,,394,111,283
Webster,Dayton,District 2B Associate Judge - Joseph B. McCarville,,Yes,,362,68,294
Webster,Deer Creek-Jackson,District 2B Associate Judge - Joseph B. McCarville,,Yes,,297,73,224
Webster,Fort Dodge #1,District 2B Associate Judge - Joseph B. McCarville,,Yes,,896,429,467
Webster,Fort Dodge #10,District 2B Associate Judge - Joseph B. McCarville,,Yes,,571,260,311
Webster,Fort Dodge #11,District 2B Associate Judge - Joseph B. McCarville,,Yes,,966,460,506
Webster,Fort Dodge #12,District 2B Associate Judge - Joseph B. McCarville,,Yes,,378,176,202
Webster,Fort Dodge #2,District 2B Associate Judge - Joseph B. McCarville,,Yes,,554,241,313
Webster,Fort Dodge #3,District 2B Associate Judge - Joseph B. McCarville,,Yes,,406,150,256
Webster,Fort Dodge #4-Douglas,District 2B Associate Judge - Joseph B. McCarville,,Yes,,879,359,520
Webster,Fort Dodge #5,District 2B Associate Judge - Joseph B. McCarville,,Yes,,345,162,183
Webster,Fort Dodge #6,District 2B Associate Judge - Joseph B. McCarville,,Yes,,156,61,95
Webster,Fort Dodge #7,District 2B Associate Judge - Joseph B. McCarville,,Yes,,325,143,182
Webster,Fort Dodge #8,District 2B Associate Judge - Joseph B. McCarville,,Yes,,355,181,174
Webster,Fort Dodge #9,District 2B Associate Judge - Joseph B. McCarville,,Yes,,383,136,247
Webster,Gowrie-Lost Grove,District 2B Associate Judge - Joseph B. McCarville,,Yes,,501,136,365
Webster,Badger-Cooper-Newark,District 2B Associate Judge - Kathryn E. Austin,,No,,155,53,102
Webster,Burnside-Elkhorn-Otho-Pleasant Valley-Sumner,District 2B Associate Judge - Kathryn E. Austin,,No,,283,103,180
Webster,Clay-Fulton-Johnson-Roland,District 2B Associate Judge - Kathryn E. Austin,,No,,189,65,124
Webster,Colfax-Hardin-Washington-Webster-Yell,District 2B Associate Judge - Kathryn E. Austin,,No,,155,43,112
Webster,Dayton,District 2B Associate Judge - Kathryn E. Austin,,No,,134,27,107
Webster,Deer Creek-Jackson,District 2B Associate Judge - Kathryn E. Austin,,No,,78,21,57
Webster,Fort Dodge #1,District 2B Associate Judge - Kathryn E. Austin,,No,,185,106,79
Webster,Fort Dodge #10,District 2B Associate Judge - Kathryn E. Austin,,No,,147,73,74
Webster,Fort Dodge #11,District 2B Associate Judge - Kathryn E. Austin,,No,,200,90,110
Webster,Fort Dodge #12,District 2B Associate Judge - Kathryn E. Austin,,No,,101,44,57
Webster,Fort Dodge #2,District 2B Associate Judge - Kathryn E. Austin,,No,,164,78,86
Webster,Fort Dodge #3,District 2B Associate Judge - Kathryn E. Austin,,No,,111,49,62
Webster,Fort Dodge #4-Douglas,District 2B Associate Judge - Kathryn E. Austin,,No,,243,116,127
Webster,Fort Dodge #5,District 2B Associate Judge - Kathryn E. Austin,,No,,72,24,48
Webster,Fort Dodge #6,District 2B Associate Judge - Kathryn E. Austin,,No,,45,28,17
Webster,Fort Dodge #7,District 2B Associate Judge - Kathryn E. Austin,,No,,111,50,61
Webster,Fort Dodge #8,District 2B Associate Judge - Kathryn E. Austin,,No,,115,54,61
Webster,Fort Dodge #9,District 2B Associate Judge - Kathryn E. Austin,,No,,113,43,70
Webster,Gowrie-Lost Grove,District 2B Associate Judge - Kathryn E. Austin,,No,,152,38,114
Webster,Badger-Cooper-Newark,District 2B Associate Judge - Kathryn E. Austin,,Yes,,578,198,380
Webster,Burnside-Elkhorn-Otho-Pleasant Valley-Sumner,District 2B Associate Judge - Kathryn E. Austin,,Yes,,838,243,595
Webster,Clay-Fulton-Johnson-Roland,District 2B Associate Judge - Kathryn E. Austin,,Yes,,481,140,341
Webster,Colfax-Hardin-Washington-Webster-Yell,District 2B Associate Judge - Kathryn E. Austin,,Yes,,375,102,273
Webster,Dayton,District 2B Associate Judge - Kathryn E. Austin,,Yes,,337,60,277
Webster,Deer Creek-Jackson,District 2B Associate Judge - Kathryn E. Austin,,Yes,,270,68,202
Webster,Fort Dodge #1,District 2B Associate Judge - Kathryn E. Austin,,Yes,,852,383,469
Webster,Fort Dodge #10,District 2B Associate Judge - Kathryn E. Austin,,Yes,,539,236,303
Webster,Fort Dodge #11,District 2B Associate Judge - Kathryn E. Austin,,Yes,,915,429,486
Webster,Fort Dodge #12,District 2B Associate Judge - Kathryn E. Austin,,Yes,,355,163,192
Webster,Fort Dodge #2,District 2B Associate Judge - Kathryn E. Austin,,Yes,,512,217,295
Webster,Fort Dodge #3,District 2B Associate Judge - Kathryn E. Austin,,Yes,,374,131,243
Webster,Fort Dodge #4-Douglas,District 2B Associate Judge - Kathryn E. Austin,,Yes,,821,333,488
Webster,Fort Dodge #5,District 2B Associate Judge - Kathryn E. Austin,,Yes,,318,134,184
Webster,Fort Dodge #6,District 2B Associate Judge - Kathryn E. Austin,,Yes,,142,47,95
Webster,Fort Dodge #7,District 2B Associate Judge - Kathryn E. Austin,,Yes,,319,134,185
Webster,Fort Dodge #8,District 2B Associate Judge - Kathryn E. Austin,,Yes,,340,162,178
Webster,Fort Dodge #9,District 2B Associate Judge - Kathryn E. Austin,,Yes,,360,124,236
Webster,Gowrie-Lost Grove,District 2B Associate Judge - Kathryn E. Austin,,Yes,,487,127,360
Webster,Badger-Cooper-Newark,District 2B Associate Judge - Paul G. Crawford,,No,,148,51,97
Webster,Burnside-Elkhorn-Otho-Pleasant Valley-Sumner,District 2B Associate Judge - Paul G. Crawford,,No,,283,106,177
Webster,Clay-Fulton-Johnson-Roland,District 2B Associate Judge - Paul G. Crawford,,No,,186,62,124
Webster,Colfax-Hardin-Washington-Webster-Yell,District 2B Associate Judge - Paul G. Crawford,,No,,150,42,108
Webster,Dayton,District 2B Associate Judge - Paul G. Crawford,,No,,127,26,101
Webster,Deer Creek-Jackson,District 2B Associate Judge - Paul G. Crawford,,No,,77,19,58
Webster,Fort Dodge #1,District 2B Associate Judge - Paul G. Crawford,,No,,176,95,81
Webster,Fort Dodge #10,District 2B Associate Judge - Paul G. Crawford,,No,,172,80,92
Webster,Fort Dodge #11,District 2B Associate Judge - Paul G. Crawford,,No,,215,92,123
Webster,Fort Dodge #12,District 2B Associate Judge - Paul G. Crawford,,No,,112,48,64
Webster,Fort Dodge #2,District 2B Associate Judge - Paul G. Crawford,,No,,163,71,92
Webster,Fort Dodge #3,District 2B Associate Judge - Paul G. Crawford,,No,,113,50,63
Webster,Fort Dodge #4-Douglas,District 2B Associate Judge - Paul G. Crawford,,No,,269,117,152
Webster,Fort Dodge #5,District 2B Associate Judge - Paul G. Crawford,,No,,71,25,46
Webster,Fort Dodge #6,District 2B Associate Judge - Paul G. Crawford,,No,,49,24,25
Webster,Fort Dodge #7,District 2B Associate Judge - Paul G. Crawford,,No,,123,56,67
Webster,Fort Dodge #8,District 2B Associate Judge - Paul G. Crawford,,No,,125,56,69
Webster,Fort Dodge #9,District 2B Associate Judge - Paul G. Crawford,,No,,123,44,79
Webster,Gowrie-Lost Grove,District 2B Associate Judge - Paul G. Crawford,,No,,165,34,131
Webster,Badger-Cooper-Newark,District 2B Associate Judge - Paul G. Crawford,,Yes,,584,200,384
Webster,Burnside-Elkhorn-Otho-Pleasant Valley-Sumner,District 2B Associate Judge - Paul G. Crawford,,Yes,,835,240,595
Webster,Clay-Fulton-Johnson-Roland,District 2B Associate Judge - Paul G. Crawford,,Yes,,477,142,335
Webster,Colfax-Hardin-Washington-Webster-Yell,District 2B Associate Judge - Paul G. Crawford,,Yes,,380,103,277
Webster,Dayton,District 2B Associate Judge - Paul G. Crawford,,Yes,,342,61,281
Webster,Deer Creek-Jackson,District 2B Associate Judge - Paul G. Crawford,,Yes,,271,71,200
Webster,Fort Dodge #1,District 2B Associate Judge - Paul G. Crawford,,Yes,,849,384,465
Webster,Fort Dodge #10,District 2B Associate Judge - Paul G. Crawford,,Yes,,515,232,283
Webster,Fort Dodge #11,District 2B Associate Judge - Paul G. Crawford,,Yes,,899,430,469
Webster,Fort Dodge #12,District 2B Associate Judge - Paul G. Crawford,,Yes,,347,163,184
Webster,Fort Dodge #2,District 2B Associate Judge - Paul G. Crawford,,Yes,,501,215,286
Webster,Fort Dodge #3,District 2B Associate Judge - Paul G. Crawford,,Yes,,363,125,238
Webster,Fort Dodge #4-Douglas,District 2B Associate Judge - Paul G. Crawford,,Yes,,783,326,457
Webster,Fort Dodge #5,District 2B Associate Judge - Paul G. Crawford,,Yes,,309,126,183
Webster,Fort Dodge #6,District 2B Associate Judge - Paul G. Crawford,,Yes,,135,49,86
Webster,Fort Dodge #7,District 2B Associate Judge - Paul G. Crawford,,Yes,,312,130,182
Webster,Fort Dodge #8,District 2B Associate Judge - Paul G. Crawford,,Yes,,329,159,170
Webster,Fort Dodge #9,District 2B Associate Judge - Paul G. Crawford,,Yes,,343,121,222
Webster,Gowrie-Lost Grove,District 2B Associate Judge - Paul G. Crawford,,Yes,,473,129,344
Webster,Badger-Cooper-Newark,District 2B Judge - Adria Kester,,No,,160,55,105
Webster,Burnside-Elkhorn-Otho-Pleasant Valley-Sumner,District 2B Judge - Adria Kester,,No,,305,113,192
Webster,Clay-Fulton-Johnson-Roland,District 2B Judge - Adria Kester,,No,,188,63,125
Webster,Colfax-Hardin-Washington-Webster-Yell,District 2B Judge - Adria Kester,,No,,148,39,109
Webster,Dayton,District 2B Judge - Adria Kester,,No,,132,26,106
Webster,Deer Creek-Jackson,District 2B Judge - Adria Kester,,No,,78,18,60
Webster,Fort Dodge #1,District 2B Judge - Adria Kester,,No,,189,104,85
Webster,Fort Dodge #10,District 2B Judge - Adria Kester,,No,,169,79,90
Webster,Fort Dodge #11,District 2B Judge - Adria Kester,,No,,224,99,125
Webster,Fort Dodge #12,District 2B Judge - Adria Kester,,No,,110,47,63
Webster,Fort Dodge #2,District 2B Judge - Adria Kester,,No,,170,80,90
Webster,Fort Dodge #3,District 2B Judge - Adria Kester,,No,,109,44,65
Webster,Fort Dodge #4-Douglas,District 2B Judge - Adria Kester,,No,,261,125,136
Webster,Fort Dodge #5,District 2B Judge - Adria Kester,,No,,77,27,50
Webster,Fort Dodge #6,District 2B Judge - Adria Kester,,No,,43,22,21
Webster,Fort Dodge #7,District 2B Judge - Adria Kester,,No,,108,49,59
Webster,Fort Dodge #8,District 2B Judge - Adria Kester,,No,,119,52,67
Webster,Fort Dodge #9,District 2B Judge - Adria Kester,,No,,129,52,77
Webster,Gowrie-Lost Grove,District 2B Judge - Adria Kester,,No,,171,42,129
Webster,Badger-Cooper-Newark,District 2B Judge - Adria Kester,,Yes,,593,209,384
Webster,Burnside-Elkhorn-Otho-Pleasant Valley-Sumner,District 2B Judge - Adria Kester,,Yes,,843,247,596
Webster,Clay-Fulton-Johnson-Roland,District 2B Judge - Adria Kester,,Yes,,497,149,348
Webster,Colfax-Hardin-Washington-Webster-Yell,District 2B Judge - Adria Kester,,Yes,,394,114,280
Webster,Dayton,District 2B Judge - Adria Kester,,Yes,,350,62,288
Webster,Deer Creek-Jackson,District 2B Judge - Adria Kester,,Yes,,274,72,202
Webster,Fort Dodge #1,District 2B Judge - Adria Kester,,Yes,,866,400,466
Webster,Fort Dodge #10,District 2B Judge - Adria Kester,,Yes,,521,233,288
Webster,Fort Dodge #11,District 2B Judge - Adria Kester,,Yes,,923,439,484
Webster,Fort Dodge #12,District 2B Judge - Adria Kester,,Yes,,364,169,195
Webster,Fort Dodge #2,District 2B Judge - Adria Kester,,Yes,,524,215,309
Webster,Fort Dodge #3,District 2B Judge - Adria Kester,,Yes,,384,137,247
Webster,Fort Dodge #4-Douglas,District 2B Judge - Adria Kester,,Yes,,816,331,485
Webster,Fort Dodge #5,District 2B Judge - Adria Kester,,Yes,,319,132,187
Webster,Fort Dodge #6,District 2B Judge - Adria Kester,,Yes,,147,54,93
Webster,Fort Dodge #7,District 2B Judge - Adria Kester,,Yes,,330,136,194
Webster,Fort Dodge #8,District 2B Judge - Adria Kester,,Yes,,339,167,172
Webster,Fort Dodge #9,District 2B Judge - Adria Kester,,Yes,,356,119,237
Webster,Gowrie-Lost Grove,District 2B Judge - Adria Kester,,Yes,,480,125,355
Webster,Badger-Cooper-Newark,District 2B Judge - Derek Johnson,,No,,152,54,98
Webster,Burnside-Elkhorn-Otho-Pleasant Valley-Sumner,District 2B Judge - Derek Johnson,,No,,269,107,162
Webster,Clay-Fulton-Johnson-Roland,District 2B Judge - Derek Johnson,,No,,189,64,125
Webster,Colfax-Hardin-Washington-Webster-Yell,District 2B Judge - Derek Johnson,,No,,139,40,99
Webster,Dayton,District 2B Judge - Derek Johnson,,No,,124,22,102
Webster,Deer Creek-Jackson,District 2B Judge - Derek Johnson,,No,,66,18,48
Webster,Fort Dodge #1,District 2B Judge - Derek Johnson,,No,,169,95,74
Webster,Fort Dodge #10,District 2B Judge - Derek Johnson,,No,,153,74,79
Webster,Fort Dodge #11,District 2B Judge - Derek Johnson,,No,,212,80,132
Webster,Fort Dodge #12,District 2B Judge - Derek Johnson,,No,,113,45,68
Webster,Fort Dodge #2,District 2B Judge - Derek Johnson,,No,,161,76,85
Webster,Fort Dodge #3,District 2B Judge - Derek Johnson,,No,,98,43,55
Webster,Fort Dodge #4-Douglas,District 2B Judge - Derek Johnson,,No,,245,125,120
Webster,Fort Dodge #5,District 2B Judge - Derek Johnson,,No,,76,21,55
Webster,Fort Dodge #6,District 2B Judge - Derek Johnson,,No,,34,16,18
Webster,Fort Dodge #7,District 2B Judge - Derek Johnson,,No,,118,55,63
Webster,Fort Dodge #8,District 2B Judge - Derek Johnson,,No,,106,55,51
Webster,Fort Dodge #9,District 2B Judge - Derek Johnson,,No,,116,47,69
Webster,Gowrie-Lost Grove,District 2B Judge - Derek Johnson,,No,,153,37,116
Webster,Badger-Cooper-Newark,District 2B Judge - Derek Johnson,,Yes,,626,224,402
Webster,Burnside-Elkhorn-Otho-Pleasant Valley-Sumner,District 2B Judge - Derek Johnson,,Yes,,905,258,647
Webster,Clay-Fulton-Johnson-Roland,District 2B Judge - Derek Johnson,,Yes,,519,157,362
Webster,Colfax-Hardin-Washington-Webster-Yell,District 2B Judge - Derek Johnson,,Yes,,408,113,295
Webster,Dayton,District 2B Judge - Derek Johnson,,Yes,,358,67,291
Webster,Deer Creek-Jackson,District 2B Judge - Derek Johnson,,Yes,,286,71,215
Webster,Fort Dodge #1,District 2B Judge - Derek Johnson,,Yes,,915,422,493
Webster,Fort Dodge #10,District 2B Judge - Derek Johnson,,Yes,,555,248,307
Webster,Fort Dodge #11,District 2B Judge - Derek Johnson,,Yes,,964,472,492
Webster,Fort Dodge #12,District 2B Judge - Derek Johnson,,Yes,,376,177,199
Webster,Fort Dodge #2,District 2B Judge - Derek Johnson,,Yes,,565,236,329
Webster,Fort Dodge #3,District 2B Judge - Derek Johnson,,Yes,,417,149,268
Webster,Fort Dodge #4-Douglas,District 2B Judge - Derek Johnson,,Yes,,857,342,515
Webster,Fort Dodge #5,District 2B Judge - Derek Johnson,,Yes,,332,145,187
Webster,Fort Dodge #6,District 2B Judge - Derek Johnson,,Yes,,164,62,102
Webster,Fort Dodge #7,District 2B Judge - Derek Johnson,,Yes,,329,134,195
Webster,Fort Dodge #8,District 2B Judge - Derek Johnson,,Yes,,365,172,193
Webster,Fort Dodge #9,District 2B Judge - Derek Johnson,,Yes,,392,128,264
Webster,Gowrie-Lost Grove,District 2B Judge - Derek Johnson,,Yes,,501,132,369
Webster,Badger-Cooper-Newark,District 2B Judge - Kurt John Stoebe,,No,,158,60,98
Webster,Burnside-Elkhorn-Otho-Pleasant Valley-Sumner,District 2B Judge - Kurt John Stoebe,,No,,275,109,166
Webster,Clay-Fulton-Johnson-Roland,District 2B Judge - Kurt John Stoebe,,No,,182,64,118
Webster,Colfax-Hardin-Washington-Webster-Yell,District 2B Judge - Kurt John Stoebe,,No,,144,49,95
Webster,Dayton,District 2B Judge - Kurt John Stoebe,,No,,135,26,109
Webster,Deer Creek-Jackson,District 2B Judge - Kurt John Stoebe,,No,,66,17,49
Webster,Fort Dodge #1,District 2B Judge - Kurt John Stoebe,,No,,196,105,91
Webster,Fort Dodge #10,District 2B Judge - Kurt John Stoebe,,No,,161,79,82
Webster,Fort Dodge #11,District 2B Judge - Kurt John Stoebe,,No,,208,85,123
Webster,Fort Dodge #12,District 2B Judge - Kurt John Stoebe,,No,,103,44,59
Webster,Fort Dodge #2,District 2B Judge - Kurt John Stoebe,,No,,175,81,94
Webster,Fort Dodge #3,District 2B Judge - Kurt John Stoebe,,No,,102,43,59
Webster,Fort Dodge #4-Douglas,District 2B Judge - Kurt John Stoebe,,No,,248,112,136
Webster,Fort Dodge #5,District 2B Judge - Kurt John Stoebe,,No,,76,21,55
Webster,Fort Dodge #6,District 2B Judge - Kurt John Stoebe,,No,,49,27,22
Webster,Fort Dodge #7,District 2B Judge - Kurt John Stoebe,,No,,120,58,62
Webster,Fort Dodge #8,District 2B Judge - Kurt John Stoebe,,No,,118,48,70
Webster,Fort Dodge #9,District 2B Judge - Kurt John Stoebe,,No,,114,50,64
Webster,Gowrie-Lost Grove,District 2B Judge - Kurt John Stoebe,,No,,176,38,138
Webster,Badger-Cooper-Newark,District 2B Judge - Kurt John Stoebe,,Yes,,649,229,420
Webster,Burnside-Elkhorn-Otho-Pleasant Valley-Sumner,District 2B Judge - Kurt John Stoebe,,Yes,,926,276,650
Webster,Clay-Fulton-Johnson-Roland,District 2B Judge - Kurt John Stoebe,,Yes,,538,163,375
Webster,Colfax-Hardin-Washington-Webster-Yell,District 2B Judge - Kurt John Stoebe,,Yes,,417,112,305
Webster,Dayton,District 2B Judge - Kurt John Stoebe,,Yes,,350,66,284
Webster,Deer Creek-Jackson,District 2B Judge - Kurt John Stoebe,,Yes,,308,78,230
Webster,Fort Dodge #1,District 2B Judge - Kurt John Stoebe,,Yes,,928,446,482
Webster,Fort Dodge #10,District 2B Judge - Kurt John Stoebe,,Yes,,581,262,319
Webster,Fort Dodge #11,District 2B Judge - Kurt John Stoebe,,Yes,,1001,485,516
Webster,Fort Dodge #12,District 2B Judge - Kurt John Stoebe,,Yes,,390,184,206
Webster,Fort Dodge #2,District 2B Judge - Kurt John Stoebe,,Yes,,557,235,322
Webster,Fort Dodge #3,District 2B Judge - Kurt John Stoebe,,Yes,,425,162,263
Webster,Fort Dodge #4-Douglas,District 2B Judge - Kurt John Stoebe,,Yes,,880,375,505
Webster,Fort Dodge #5,District 2B Judge - Kurt John Stoebe,,Yes,,351,165,186
Webster,Fort Dodge #6,District 2B Judge - Kurt John Stoebe,,Yes,,149,52,97
Webster,Fort Dodge #7,District 2B Judge - Kurt John Stoebe,,Yes,,334,135,199
Webster,Fort Dodge #8,District 2B Judge - Kurt John Stoebe,,Yes,,348,175,173
Webster,Fort Dodge #9,District 2B Judge - Kurt John Stoebe,,Yes,,393,127,266
Webster,Gowrie-Lost Grove,District 2B Judge - Kurt John Stoebe,,Yes,,492,133,359
Webster,Fort Dodge #4-Douglas,Douglas Township Trustee,,Effie Hill,,351,172,179
Webster,Fort Dodge #4-Douglas,Douglas Township Trustee,,Greg Bemrich,,422,215,207
Webster,Fort Dodge #4-Douglas,Douglas Township Trustee,,Write-In,,7,6,1
Webster,Burnside-Elkhorn-Otho-Pleasant Valley-Sumner,Elkhorn Township Clerk To Fill a Vacancy,,Irvy Badger,,1,0,1
Webster,Burnside-Elkhorn-Otho-Pleasant Valley-Sumner,Elkhorn Township Clerk To Fill a Vacancy,,Write-In,,8,2,6
Webster,Burnside-Elkhorn-Otho-Pleasant Valley-Sumner,Elkhorn Township Trustee,,Gary E. Nelson,,285,92,193
Webster,Burnside-Elkhorn-Otho-Pleasant Valley-Sumner,Elkhorn Township Trustee,,Irvy Badger,,207,69,138
Webster,Burnside-Elkhorn-Otho-Pleasant Valley-Sumner,Elkhorn Township Trustee,,Write-In,,8,2,6
Webster,Clay-Fulton-Johnson-Roland,Fulton Township Trustee,,Eric Birkland,,110,25,85
Webster,Clay-Fulton-Johnson-Roland,Fulton Township Trustee,,Jeff Loehr,,104,27,77
Webster,Clay-Fulton-Johnson-Roland,Fulton Township Trustee,,Write-In,,1,0,1
Webster,Gowrie-Lost Grove,Gowrie Township Clerk To Fill a Vacancy,,Lacey Spece,,73,18,55
Webster,Gowrie-Lost Grove,Gowrie Township Clerk To Fill a Vacancy,,Write-In,,0,0,0
Webster,Gowrie-Lost Grove,Gowrie Township Trustee,,Kyle Kuhn,,69,20,49
Webster,Gowrie-Lost Grove,Gowrie Township Trustee,,Matt Mundt,,62,17,45
Webster,Gowrie-Lost Grove,Gowrie Township Trustee,,Write-In,,0,0,0
Webster,Gowrie-Lost Grove,Gowrie Township Trustee To Fill a Vacancy,,Tanner Carlson,,77,22,55
Webster,Gowrie-Lost Grove,Gowrie Township Trustee To Fill a Vacancy,,Write-In,,0,0,0
Webster,Colfax-Hardin-Washington-Webster-Yell,Hardin Township Trustee,,Gerry Lindmark,,42,28,14
Webster,Colfax-Hardin-Washington-Webster-Yell,Hardin Township Trustee,,James Berglund,,54,32,22
Webster,Colfax-Hardin-Washington-Webster-Yell,Hardin Township Trustee,,Write-In,,0,0,0
Webster,Deer Creek-Jackson,Jackson Township Trustee,,Brian Sanck,,64,15,49
Webster,Deer Creek-Jackson,Jackson Township Trustee,,Steve Markert,,84,20,64
Webster,Deer Creek-Jackson,Jackson Township Trustee,,Write-In,,0,0,0
Webster,Clay-Fulton-Johnson-Roland,Johnson Township Trustee,,Mark E. Lynch,,109,54,55
Webster,Clay-Fulton-Johnson-Roland,Johnson Township Trustee,,Steve Julius,,87,48,39
Webster,Clay-Fulton-Johnson-Roland,Johnson Township Trustee,,Write-In,,2,2,0
Webster,Gowrie-Lost Grove,Lost Grove Township Trustee,,James Fevold,,94,30,64
Webster,Gowrie-Lost Grove,Lost Grove Township Trustee,,Michael J. Anderson,,88,27,61
Webster,Gowrie-Lost Grove,Lost Grove Township Trustee,,Write-In,,3,0,3
Webster,Badger-Cooper-Newark,Newark Township Clerk To Fill a Vacancy,,Daphne Willwerth,,68,26,42
Webster,Badger-Cooper-Newark,Newark Township Clerk To Fill a Vacancy,,Write-In,,0,0,0
Webster,Badger-Cooper-Newark,Newark Township Trustee,,James R. Legvold,,55,24,31
Webster,Badger-Cooper-Newark,Newark Township Trustee,,Kirk Furniss,,46,22,24
Webster,Badger-Cooper-Newark,Newark Township Trustee,,Write-In,,0,0,0
Webster,Burnside-Elkhorn-Otho-Pleasant Valley-Sumner,Otho Township Trustee,,Brian Stringer,,136,39,97
Webster,Burnside-Elkhorn-Otho-Pleasant Valley-Sumner,Otho Township Trustee,,Tom Grady,,125,39,86
Webster,Burnside-Elkhorn-Otho-Pleasant Valley-Sumner,Otho Township Trustee,,Write-In,,1,0,1
Webster,Burnside-Elkhorn-Otho-Pleasant Valley-Sumner,Pleasant Valley Township Trustee,,D. Monica Sortedahl,,143,45,98
Webster,Burnside-Elkhorn-Otho-Pleasant Valley-Sumner,Pleasant Valley Township Trustee,,Sheri McLuckie,,211,76,135
Webster,Burnside-Elkhorn-Otho-Pleasant Valley-Sumner,Pleasant Valley Township Trustee,,Write-In,,4,1,3
Webster,Badger-Cooper-Newark,President,,Chase Oliver and Mike ter Maat,LIB,1,0,1
Webster,Burnside-Elkhorn-Otho-Pleasant Valley-Sumner,President,,Chase Oliver and Mike ter Maat,LIB,2,1,1
Webster,Clay-Fulton-Johnson-Roland,President,,Chase Oliver and Mike ter Maat,LIB,5,3,2
Webster,Colfax-Hardin-Washington-Webster-Yell,President,,Chase Oliver and Mike ter Maat,LIB,3,0,3
Webster,Dayton,President,,Chase Oliver and Mike ter Maat,LIB,3,0,3
Webster,Deer Creek-Jackson,President,,Chase Oliver and Mike ter Maat,LIB,0,0,0
Webster,Fort Dodge #1,President,,Chase Oliver and Mike ter Maat,LIB,3,0,3
Webster,Fort Dodge #10,President,,Chase Oliver and Mike ter Maat,LIB,3,1,2
Webster,Fort Dodge #11,President,,Chase Oliver and Mike ter Maat,LIB,7,3,4
Webster,Fort Dodge #12,President,,Chase Oliver and Mike ter Maat,LIB,5,1,4
Webster,Fort Dodge #2,President,,Chase Oliver and Mike ter Maat,LIB,2,0,2
Webster,Fort Dodge #3,President,,Chase Oliver and Mike ter Maat,LIB,5,1,4
Webster,Fort Dodge #4-Douglas,President,,Chase Oliver and Mike ter Maat,LIB,4,1,3
Webster,Fort Dodge #5,President,,Chase Oliver and Mike ter Maat,LIB,1,0,1
Webster,Fort Dodge #6,President,,Chase Oliver and Mike ter Maat,LIB,0,0,0
Webster,Fort Dodge #7,President,,Chase Oliver and Mike ter Maat,LIB,3,1,2
Webster,Fort Dodge #8,President,,Chase Oliver and Mike ter Maat,LIB,2,1,1
Webster,Fort Dodge #9,President,,Chase Oliver and Mike ter Maat,LIB,3,0,3
Webster,Gowrie-Lost Grove,President,,Chase Oliver and Mike ter Maat,LIB,1,1,0
Webster,Badger-Cooper-Newark,President,,Claudia De la Cruz and Karina Garcia,PSL,0,0,0
Webster,Burnside-Elkhorn-Otho-Pleasant Valley-Sumner,President,,Claudia De la Cruz and Karina Garcia,PSL,0,0,0
Webster,Clay-Fulton-Johnson-Roland,President,,Claudia De la Cruz and Karina Garcia,PSL,0,0,0
Webster,Colfax-Hardin-Washington-Webster-Yell,President,,Claudia De la Cruz and Karina Garcia,PSL,0,0,0
Webster,Dayton,President,,Claudia De la Cruz and Karina Garcia,PSL,0,0,0
Webster,Deer Creek-Jackson,President,,Claudia De la Cruz and Karina Garcia,PSL,0,0,0
Webster,Fort Dodge #1,President,,Claudia De la Cruz and Karina Garcia,PSL,0,0,0
Webster,Fort Dodge #10,President,,Claudia De la Cruz and Karina Garcia,PSL,1,1,0
Webster,Fort Dodge #11,President,,Claudia De la Cruz and Karina Garcia,PSL,0,0,0
Webster,Fort Dodge #12,President,,Claudia De la Cruz and Karina Garcia,PSL,0,0,0
Webster,Fort Dodge #2,President,,Claudia De la Cruz and Karina Garcia,PSL,0,0,0
Webster,Fort Dodge #3,President,,Claudia De la Cruz and Karina Garcia,PSL,1,0,1
Webster,Fort Dodge #4-Douglas,President,,Claudia De la Cruz and Karina Garcia,PSL,2,0,2
Webster,Fort Dodge #5,President,,Claudia De la Cruz and Karina Garcia,PSL,1,0,1
Webster,Fort Dodge #6,President,,Claudia De la Cruz and Karina Garcia,PSL,1,0,1
Webster,Fort Dodge #7,President,,Claudia De la Cruz and Karina Garcia,PSL,0,0,0
Webster,Fort Dodge #8,President,,Claudia De la Cruz and Karina Garcia,PSL,0,0,0
Webster,Fort Dodge #9,President,,Claudia De la Cruz and Karina Garcia,PSL,1,1,0
Webster,Gowrie-Lost Grove,President,,Claudia De la Cruz and Karina Garcia,PSL,0,0,0
Webster,Badger-Cooper-Newark,President,,Donald J. Trump and JD Vance,REP,717,253,464
Webster,Burnside-Elkhorn-Otho-Pleasant Valley-Sumner,President,,Donald J. Trump and JD Vance,REP,1216,365,851
Webster,Clay-Fulton-Johnson-Roland,President,,Donald J. Trump and JD Vance,REP,709,216,493
Webster,Colfax-Hardin-Washington-Webster-Yell,President,,Donald J. Trump and JD Vance,REP,539,148,391
Webster,Dayton,President,,Donald J. Trump and JD Vance,REP,428,78,350
Webster,Deer Creek-Jackson,President,,Donald J. Trump and JD Vance,REP,338,91,247
Webster,Fort Dodge #1,President,,Donald J. Trump and JD Vance,REP,837,366,471
Webster,Fort Dodge #10,President,,Donald J. Trump and JD Vance,REP,562,224,338
Webster,Fort Dodge #11,President,,Donald J. Trump and JD Vance,REP,1017,445,572
Webster,Fort Dodge #12,President,,Donald J. Trump and JD Vance,REP,373,153,220
Webster,Fort Dodge #2,President,,Donald J. Trump and JD Vance,REP,513,197,316
Webster,Fort Dodge #3,President,,Donald J. Trump and JD Vance,REP,392,136,256
Webster,Fort Dodge #4-Douglas,President,,Donald J. Trump and JD Vance,REP,935,371,564
Webster,Fort Dodge #5,President,,Donald J. Trump and JD Vance,REP,352,145,207
Webster,Fort Dodge #6,President,,Donald J. Trump and JD Vance,REP,138,46,92
Webster,Fort Dodge #7,President,,Donald J. Trump and JD Vance,REP,279,96,183
Webster,Fort Dodge #8,President,,Donald J. Trump and JD Vance,REP,353,154,199
Webster,Fort Dodge #9,President,,Donald J. Trump and JD Vance,REP,441,122,319
Webster,Gowrie-Lost Grove,President,,Donald J. Trump and JD Vance,REP,711,160,551
Webster,Badger-Cooper-Newark,President,,Kamala D. Harris and Tim Walz,DEM,298,120,178
Webster,Burnside-Elkhorn-Otho-Pleasant Valley-Sumner,President,,Kamala D. Harris and Tim Walz,DEM,425,175,250
Webster,Clay-Fulton-Johnson-Roland,President,,Kamala D. Harris and Tim Walz,DEM,186,79,107
Webster,Colfax-Hardin-Washington-Webster-Yell,President,,Kamala D. Harris and Tim Walz,DEM,172,74,98
Webster,Dayton,President,,Kamala D. Harris and Tim Walz,DEM,193,56,137
Webster,Deer Creek-Jackson,President,,Kamala D. Harris and Tim Walz,DEM,92,25,67
Webster,Fort Dodge #1,President,,Kamala D. Harris and Tim Walz,DEM,500,313,187
Webster,Fort Dodge #10,President,,Kamala D. Harris and Tim Walz,DEM,415,225,190
Webster,Fort Dodge #11,President,,Kamala D. Harris and Tim Walz,DEM,503,287,216
Webster,Fort Dodge #12,President,,Kamala D. Harris and Tim Walz,DEM,294,173,121
Webster,Fort Dodge #2,President,,Kamala D. Harris and Tim Walz,DEM,409,203,206
Webster,Fort Dodge #3,President,,Kamala D. Harris and Tim Walz,DEM,279,130,149
Webster,Fort Dodge #4-Douglas,President,,Kamala D. Harris and Tim Walz,DEM,480,261,219
Webster,Fort Dodge #5,President,,Kamala D. Harris and Tim Walz,DEM,259,118,141
Webster,Fort Dodge #6,President,,Kamala D. Harris and Tim Walz,DEM,120,59,61
Webster,Fort Dodge #7,President,,Kamala D. Harris and Tim Walz,DEM,295,160,135
Webster,Fort Dodge #8,President,,Kamala D. Harris and Tim Walz,DEM,249,143,106
Webster,Fort Dodge #9,President,,Kamala D. Harris and Tim Walz,DEM,266,120,146
Webster,Gowrie-Lost Grove,President,,Kamala D. Harris and Tim Walz,DEM,206,64,142
Webster,Badger-Cooper-Newark,President,,Robert F. Kennedy Jr and Nicole Shanahan,WTP,9,2,7
Webster,Burnside-Elkhorn-Otho-Pleasant Valley-Sumner,President,,Robert F. Kennedy Jr and Nicole Shanahan,WTP,13,4,9
Webster,Clay-Fulton-Johnson-Roland,President,,Robert F. Kennedy Jr and Nicole Shanahan,WTP,8,1,7
Webster,Colfax-Hardin-Washington-Webster-Yell,President,,Robert F. Kennedy Jr and Nicole Shanahan,WTP,10,4,6
Webster,Dayton,President,,Robert F. Kennedy Jr and Nicole Shanahan,WTP,8,2,6
Webster,Deer Creek-Jackson,President,,Robert F. Kennedy Jr and Nicole Shanahan,WTP,6,2,4
Webster,Fort Dodge #1,President,,Robert F. Kennedy Jr and Nicole Shanahan,WTP,13,4,9
Webster,Fort Dodge #10,President,,Robert F. Kennedy Jr and Nicole Shanahan,WTP,10,4,6
Webster,Fort Dodge #11,President,,Robert F. Kennedy Jr and Nicole Shanahan,WTP,6,2,4
Webster,Fort Dodge #12,President,,Robert F. Kennedy Jr and Nicole Shanahan,WTP,4,1,3
Webster,Fort Dodge #2,President,,Robert F. Kennedy Jr and Nicole Shanahan,WTP,6,2,4
Webster,Fort Dodge #3,President,,Robert F. Kennedy Jr and Nicole Shanahan,WTP,3,1,2
Webster,Fort Dodge #4-Douglas,President,,Robert F. Kennedy Jr and Nicole Shanahan,WTP,10,3,7
Webster,Fort Dodge #5,President,,Robert F. Kennedy Jr and Nicole Shanahan,WTP,16,8,8
Webster,Fort Dodge #6,President,,Robert F. Kennedy Jr and Nicole Shanahan,WTP,0,0,0
Webster,Fort Dodge #7,President,,Robert F. Kennedy Jr and Nicole Shanahan,WTP,7,2,5
Webster,Fort Dodge #8,President,,Robert F. Kennedy Jr and Nicole Shanahan,WTP,10,0,10
Webster,Fort Dodge #9,President,,Robert F. Kennedy Jr and Nicole Shanahan,WTP,4,1,3
Webster,Gowrie-Lost Grove,President,,Robert F. Kennedy Jr and Nicole Shanahan,WTP,8,3,5
Webster,Badger-Cooper-Newark,President,,Shiva Ayyadurai and Crystal Ellis,,0,0,0
Webster,Burnside-Elkhorn-Otho-Pleasant Valley-Sumner,President,,Shiva Ayyadurai and Crystal Ellis,,0,0,0
Webster,Clay-Fulton-Johnson-Roland,President,,Shiva Ayyadurai and Crystal Ellis,,0,0,0
Webster,Colfax-Hardin-Washington-Webster-Yell,President,,Shiva Ayyadurai and Crystal Ellis,,2,0,2
Webster,Dayton,President,,Shiva Ayyadurai and Crystal Ellis,,0,0,0
Webster,Deer Creek-Jackson,President,,Shiva Ayyadurai and Crystal Ellis,,0,0,0
Webster,Fort Dodge #1,President,,Shiva Ayyadurai and Crystal Ellis,,0,0,0
Webster,Fort Dodge #10,President,,Shiva Ayyadurai and Crystal Ellis,,0,0,0
Webster,Fort Dodge #11,President,,Shiva Ayyadurai and Crystal Ellis,,0,0,0
Webster,Fort Dodge #12,President,,Shiva Ayyadurai and Crystal Ellis,,0,0,0
Webster,Fort Dodge #2,President,,Shiva Ayyadurai and Crystal Ellis,,0,0,0
Webster,Fort Dodge #3,President,,Shiva Ayyadurai and Crystal Ellis,,1,0,1
Webster,Fort Dodge #4-Douglas,President,,Shiva Ayyadurai and Crystal Ellis,,0,0,0
Webster,Fort Dodge #5,President,,Shiva Ayyadurai and Crystal Ellis,,0,0,0
Webster,Fort Dodge #6,President,,Shiva Ayyadurai and Crystal Ellis,,0,0,0
Webster,Fort Dodge #7,President,,Shiva Ayyadurai and Crystal Ellis,,0,0,0
Webster,Fort Dodge #8,President,,Shiva Ayyadurai and Crystal Ellis,,0,0,0
Webster,Fort Dodge #9,President,,Shiva Ayyadurai and Crystal Ellis,,1,1,0
Webster,Gowrie-Lost Grove,President,,Shiva Ayyadurai and Crystal Ellis,,0,0,0
Webster,Badger-Cooper-Newark,President,,William P. Stodden and Stephanie H. Cholensky,SOC,0,0,0
Webster,Burnside-Elkhorn-Otho-Pleasant Valley-Sumner,President,,William P. Stodden and Stephanie H. Cholensky,SOC,0,0,0
Webster,Clay-Fulton-Johnson-Roland,President,,William P. Stodden and Stephanie H. Cholensky,SOC,0,0,0
Webster,Colfax-Hardin-Washington-Webster-Yell,President,,William P. Stodden and Stephanie H. Cholensky,SOC,0,0,0
Webster,Dayton,President,,William P. Stodden and Stephanie H. Cholensky,SOC,0,0,0
Webster,Deer Creek-Jackson,President,,William P. Stodden and Stephanie H. Cholensky,SOC,0,0,0
Webster,Fort Dodge #1,President,,William P. Stodden and Stephanie H. Cholensky,SOC,0,0,0
Webster,Fort Dodge #10,President,,William P. Stodden and Stephanie H. Cholensky,SOC,0,0,0
Webster,Fort Dodge #11,President,,William P. Stodden and Stephanie H. Cholensky,SOC,0,0,0
Webster,Fort Dodge #12,President,,William P. Stodden and Stephanie H. Cholensky,SOC,0,0,0
Webster,Fort Dodge #2,President,,William P. Stodden and Stephanie H. Cholensky,SOC,0,0,0
Webster,Fort Dodge #3,President,,William P. Stodden and Stephanie H. Cholensky,SOC,0,0,0
Webster,Fort Dodge #4-Douglas,President,,William P. Stodden and Stephanie H. Cholensky,SOC,0,0,0
Webster,Fort Dodge #5,President,,William P. Stodden and Stephanie H. Cholensky,SOC,0,0,0
Webster,Fort Dodge #6,President,,William P. Stodden and Stephanie H. Cholensky,SOC,0,0,0
Webster,Fort Dodge #7,President,,William P. Stodden and Stephanie H. Cholensky,SOC,0,0,0
Webster,Fort Dodge #8,President,,William P. Stodden and Stephanie H. Cholensky,SOC,0,0,0
Webster,Fort Dodge #9,President,,William P. Stodden and Stephanie H. Cholensky,SOC,0,0,0
Webster,Gowrie-Lost Grove,President,,William P. Stodden and Stephanie H. Cholensky,SOC,0,0,0
Webster,Badger-Cooper-Newark,President,,Write-In,,4,1,3
Webster,Burnside-Elkhorn-Otho-Pleasant Valley-Sumner,President,,Write-In,,2,0,2
Webster,Clay-Fulton-Johnson-Roland,President,,Write-In,,3,0,3
Webster,Colfax-Hardin-Washington-Webster-Yell,President,,Write-In,,2,1,1
Webster,Dayton,President,,Write-In,,0,0,0
Webster,Deer Creek-Jackson,President,,Write-In,,3,0,3
Webster,Fort Dodge #1,President,,Write-In,,4,0,4
Webster,Fort Dodge #10,President,,Write-In,,1,1,0
Webster,Fort Dodge #11,President,,Write-In,,2,1,1
Webster,Fort Dodge #12,President,,Write-In,,4,1,3
Webster,Fort Dodge #2,President,,Write-In,,4,2,2
Webster,Fort Dodge #3,President,,Write-In,,2,0,2
Webster,Fort Dodge #4-Douglas,President,,Write-In,,5,3,2
Webster,Fort Dodge #5,President,,Write-In,,0,0,0
Webster,Fort Dodge #6,President,,Write-In,,0,0,0
Webster,Fort Dodge #7,President,,Write-In,,1,0,1
Webster,Fort Dodge #8,President,,Write-In,,0,0,0
Webster,Fort Dodge #9,President,,Write-In,,0,0,0
Webster,Gowrie-Lost Grove,President,,Write-In,,5,2,3
Webster,Clay-Fulton-Johnson-Roland,Roland Township Trustee,,Eric Adam,,2,0,2
Webster,Clay-Fulton-Johnson-Roland,Roland Township Trustee,,John Hanson,,110,30,80
Webster,Clay-Fulton-Johnson-Roland,Roland Township Trustee,,Write-In,,4,0,4
Webster,Badger-Cooper-Newark,Soil and Water Conservation District Commissioner,,Danny Hansen,,558,211,347
Webster,Burnside-Elkhorn-Otho-Pleasant Valley-Sumner,Soil and Water Conservation District Commissioner,,Danny Hansen,,935,299,636
Webster,Clay-Fulton-Johnson-Roland,Soil and Water Conservation District Commissioner,,Danny Hansen,,584,185,399
Webster,Colfax-Hardin-Washington-Webster-Yell,Soil and Water Conservation District Commissioner,,Danny Hansen,,475,142,333
Webster,Dayton,Soil and Water Conservation District Commissioner,,Danny Hansen,,482,94,388
Webster,Deer Creek-Jackson,Soil and Water Conservation District Commissioner,,Danny Hansen,,263,74,189
Webster,Fort Dodge #1,Soil and Water Conservation District Commissioner,,Danny Hansen,,701,367,334
Webster,Fort Dodge #10,Soil and Water Conservation District Commissioner,,Danny Hansen,,447,209,238
Webster,Fort Dodge #11,Soil and Water Conservation District Commissioner,,Danny Hansen,,755,375,380
Webster,Fort Dodge #12,Soil and Water Conservation District Commissioner,,Danny Hansen,,263,129,134
Webster,Fort Dodge #2,Soil and Water Conservation District Commissioner,,Danny Hansen,,446,217,229
Webster,Fort Dodge #3,Soil and Water Conservation District Commissioner,,Danny Hansen,,342,125,217
Webster,Fort Dodge #4-Douglas,Soil and Water Conservation District Commissioner,,Danny Hansen,,694,298,396
Webster,Fort Dodge #5,Soil and Water Conservation District Commissioner,,Danny Hansen,,310,146,164
Webster,Fort Dodge #6,Soil and Water Conservation District Commissioner,,Danny Hansen,,109,52,57
Webster,Fort Dodge #7,Soil and Water Conservation District Commissioner,,Danny Hansen,,259,115,144
Webster,Fort Dodge #8,Soil and Water Conservation District Commissioner,,Danny Hansen,,287,141,146
Webster,Fort Dodge #9,Soil and Water Conservation District Commissioner,,Danny Hansen,,309,99,210
Webster,Gowrie-Lost Grove,Soil and Water Conservation District Commissioner,,Danny Hansen,,600,159,441
Webster,Badger-Cooper-Newark,Soil and Water Conservation District Commissioner,,Ron Tigner,,1,0,1
Webster,Burnside-Elkhorn-Otho-Pleasant Valley-Sumner,Soil and Water Conservation District Commissioner,,Ron Tigner,,7,3,4
Webster,Clay-Fulton-Johnson-Roland,Soil and Water Conservation District Commissioner,,Ron Tigner,,8,1,7
Webster,Colfax-Hardin-Washington-Webster-Yell,Soil and Water Conservation District Commissioner,,Ron Tigner,,5,0,5
Webster,Dayton,Soil and Water Conservation District Commissioner,,Ron Tigner,,2,0,2
Webster,Deer Creek-Jackson,Soil and Water Conservation District Commissioner,,Ron Tigner,,0,0,0
Webster,Fort Dodge #1,Soil and Water Conservation District Commissioner,,Ron Tigner,,1,0,1
Webster,Fort Dodge #10,Soil and Water Conservation District Commissioner,,Ron Tigner,,2,0,2
Webster,Fort Dodge #11,Soil and Water Conservation District Commissioner,,Ron Tigner,,2,2,0
Webster,Fort Dodge #12,Soil and Water Conservation District Commissioner,,Ron Tigner,,1,0,1
Webster,Fort Dodge #2,Soil and Water Conservation District Commissioner,,Ron Tigner,,0,0,0
Webster,Fort Dodge #3,Soil and Water Conservation District Commissioner,,Ron Tigner,,2,1,1
Webster,Fort Dodge #4-Douglas,Soil and Water Conservation District Commissioner,,Ron Tigner,,0,0,0
Webster,Fort Dodge #5,Soil and Water Conservation District Commissioner,,Ron Tigner,,0,0,0
Webster,Fort Dodge #6,Soil and Water Conservation District Commissioner,,Ron Tigner,,0,0,0
Webster,Fort Dodge #7,Soil and Water Conservation District Commissioner,,Ron Tigner,,2,1,1
Webster,Fort Dodge #8,Soil and Water Conservation District Commissioner,,Ron Tigner,,0,0,0
Webster,Fort Dodge #9,Soil and Water Conservation District Commissioner,,Ron Tigner,,0,0,0
Webster,Gowrie-Lost Grove,Soil and Water Conservation District Commissioner,,Ron Tigner,,0,0,0
Webster,Badger-Cooper-Newark,Soil and Water Conservation District Commissioner,,Terry Flattery,,676,247,429
Webster,Burnside-Elkhorn-Otho-Pleasant Valley-Sumner,Soil and Water Conservation District Commissioner,,Terry Flattery,,860,272,588
Webster,Clay-Fulton-Johnson-Roland,Soil and Water Conservation District Commissioner,,Terry Flattery,,544,173,371
Webster,Colfax-Hardin-Washington-Webster-Yell,Soil and Water Conservation District Commissioner,,Terry Flattery,,386,119,267
Webster,Dayton,Soil and Water Conservation District Commissioner,,Terry Flattery,,292,73,219
Webster,Deer Creek-Jackson,Soil and Water Conservation District Commissioner,,Terry Flattery,,308,83,225
Webster,Fort Dodge #1,Soil and Water Conservation District Commissioner,,Terry Flattery,,922,459,463
Webster,Fort Dodge #10,Soil and Water Conservation District Commissioner,,Terry Flattery,,594,271,323
Webster,Fort Dodge #11,Soil and Water Conservation District Commissioner,,Terry Flattery,,1022,500,522
Webster,Fort Dodge #12,Soil and Water Conservation District Commissioner,,Terry Flattery,,403,188,215
Webster,Fort Dodge #2,Soil and Water Conservation District Commissioner,,Terry Flattery,,579,247,332
Webster,Fort Dodge #3,Soil and Water Conservation District Commissioner,,Terry Flattery,,399,159,240
Webster,Fort Dodge #4-Douglas,Soil and Water Conservation District Commissioner,,Terry Flattery,,851,369,482
Webster,Fort Dodge #5,Soil and Water Conservation District Commissioner,,Terry Flattery,,313,162,151
Webster,Fort Dodge #6,Soil and Water Conservation District Commissioner,,Terry Flattery,,150,59,91
Webster,Fort Dodge #7,Soil and Water Conservation District Commissioner,,Terry Flattery,,345,151,194
Webster,Fort Dodge #8,Soil and Water Conservation District Commissioner,,Terry Flattery,,326,144,182
Webster,Fort Dodge #9,Soil and Water Conservation District Commissioner,,Terry Flattery,,358,118,240
Webster,Gowrie-Lost Grove,Soil and Water Conservation District Commissioner,,Terry Flattery,,476,129,347
Webster,Badger-Cooper-Newark,Soil and Water Conservation District Commissioner,,Write-In,,22,4,18
Webster,Burnside-Elkhorn-Otho-Pleasant Valley-Sumner,Soil and Water Conservation District Commissioner,,Write-In,,23,11,12
Webster,Clay-Fulton-Johnson-Roland,Soil and Water Conservation District Commissioner,,Write-In,,9,1,8
Webster,Colfax-Hardin-Washington-Webster-Yell,Soil and Water Conservation District Commissioner,,Write-In,,9,3,6
Webster,Dayton,Soil and Water Conservation District Commissioner,,Write-In,,11,1,10
Webster,Deer Creek-Jackson,Soil and Water Conservation District Commissioner,,Write-In,,5,0,5
Webster,Fort Dodge #1,Soil and Water Conservation District Commissioner,,Write-In,,17,10,7
Webster,Fort Dodge #10,Soil and Water Conservation District Commissioner,,Write-In,,9,3,6
Webster,Fort Dodge #11,Soil and Water Conservation District Commissioner,,Write-In,,18,9,9
Webster,Fort Dodge #12,Soil and Water Conservation District Commissioner,,Write-In,,10,3,7
Webster,Fort Dodge #2,Soil and Water Conservation District Commissioner,,Write-In,,8,2,6
Webster,Fort Dodge #3,Soil and Water Conservation District Commissioner,,Write-In,,10,4,6
Webster,Fort Dodge #4-Douglas,Soil and Water Conservation District Commissioner,,Write-In,,13,7,6
Webster,Fort Dodge #5,Soil and Water Conservation District Commissioner,,Write-In,,7,3,4
Webster,Fort Dodge #6,Soil and Water Conservation District Commissioner,,Write-In,,4,3,1
Webster,Fort Dodge #7,Soil and Water Conservation District Commissioner,,Write-In,,12,5,7
Webster,Fort Dodge #8,Soil and Water Conservation District Commissioner,,Write-In,,8,3,5
Webster,Fort Dodge #9,Soil and Water Conservation District Commissioner,,Write-In,,4,1,3
Webster,Gowrie-Lost Grove,Soil and Water Conservation District Commissioner,,Write-In,,12,1,11
Webster,Clay-Fulton-Johnson-Roland,State House,7,Martin Podraza,,105,44,61
Webster,Dayton,State House,7,Martin Podraza,,95,23,72
Webster,Deer Creek-Jackson,State House,7,Martin Podraza,,47,17,30
Webster,Gowrie-Lost Grove,State House,7,Martin Podraza,,105,33,72
Webster,Clay-Fulton-Johnson-Roland,State House,7,Mike Sexton,REP,725,218,507
Webster,Dayton,State House,7,Mike Sexton,REP,462,84,378
Webster,Deer Creek-Jackson,State House,7,Mike Sexton,REP,357,93,264
Webster,Gowrie-Lost Grove,State House,7,Mike Sexton,REP,745,177,568
Webster,Clay-Fulton-Johnson-Roland,State House,7,Write-In,,1,1,0
Webster,Dayton,State House,7,Write-In,,2,0,2
Webster,Deer Creek-Jackson,State House,7,Write-In,,4,1,3
Webster,Gowrie-Lost Grove,State House,7,Write-In,,0,0,0
Webster,Badger-Cooper-Newark,State House,8,Ann Meyer,REP,837,296,541
Webster,Burnside-Elkhorn-Otho-Pleasant Valley-Sumner,State House,8,Ann Meyer,REP,1319,407,912
Webster,Colfax-Hardin-Washington-Webster-Yell,State House,8,Ann Meyer,REP,599,166,433
Webster,Fort Dodge #1,State House,8,Ann Meyer,REP,1042,464,578
Webster,Fort Dodge #10,State House,8,Ann Meyer,REP,712,293,419
Webster,Fort Dodge #11,State House,8,Ann Meyer,REP,1220,560,660
Webster,Fort Dodge #12,State House,8,Ann Meyer,REP,485,210,275
Webster,Fort Dodge #2,State House,8,Ann Meyer,REP,666,268,398
Webster,Fort Dodge #3,State House,8,Ann Meyer,REP,504,188,316
Webster,Fort Dodge #4-Douglas,State House,8,Ann Meyer,REP,1101,448,653
Webster,Fort Dodge #5,State House,8,Ann Meyer,REP,468,206,262
Webster,Fort Dodge #6,State House,8,Ann Meyer,REP,173,65,108
Webster,Fort Dodge #7,State House,8,Ann Meyer,REP,373,140,233
Webster,Fort Dodge #8,State House,8,Ann Meyer,REP,448,203,245
Webster,Fort Dodge #9,State House,8,Ann Meyer,REP,512,159,353
Webster,Badger-Cooper-Newark,State House,8,Write-In,,15,4,11
Webster,Burnside-Elkhorn-Otho-Pleasant Valley-Sumner,State House,8,Write-In,,17,6,11
Webster,Colfax-Hardin-Washington-Webster-Yell,State House,8,Write-In,,9,5,4
Webster,Fort Dodge #1,State House,8,Write-In,,34,26,8
Webster,Fort Dodge #10,State House,8,Write-In,,20,10,10
Webster,Fort Dodge #11,State House,8,Write-In,,20,9,11
Webster,Fort Dodge #12,State House,8,Write-In,,19,8,11
Webster,Fort Dodge #2,State House,8,Write-In,,28,11,17
Webster,Fort Dodge #3,State House,8,Write-In,,24,9,15
Webster,Fort Dodge #4-Douglas,State House,8,Write-In,,25,16,9
Webster,Fort Dodge #5,State House,8,Write-In,,7,1,6
Webster,Fort Dodge #6,State House,8,Write-In,,6,2,4
Webster,Fort Dodge #7,State House,8,Write-In,,22,10,12
Webster,Fort Dodge #8,State House,8,Write-In,,16,7,9
Webster,Fort Dodge #9,State House,8,Write-In,,10,4,6
Webster,Badger-Cooper-Newark,State Senate,4,Tim Kraayenbrink,REP,807,279,528
Webster,Burnside-Elkhorn-Otho-Pleasant Valley-Sumner,State Senate,4,Tim Kraayenbrink,REP,1323,395,928
Webster,Clay-Fulton-Johnson-Roland,State Senate,4,Tim Kraayenbrink,REP,764,231,533
Webster,Colfax-Hardin-Washington-Webster-Yell,State Senate,4,Tim Kraayenbrink,REP,597,166,431
Webster,Dayton,State Senate,4,Tim Kraayenbrink,REP,488,88,400
Webster,Deer Creek-Jackson,State Senate,4,Tim Kraayenbrink,REP,367,91,276
Webster,Fort Dodge #1,State Senate,4,Tim Kraayenbrink,REP,999,440,559
Webster,Fort Dodge #10,State Senate,4,Tim Kraayenbrink,REP,695,284,411
Webster,Fort Dodge #11,State Senate,4,Tim Kraayenbrink,REP,1185,536,649
Webster,Fort Dodge #12,State Senate,4,Tim Kraayenbrink,REP,470,198,272
Webster,Fort Dodge #2,State Senate,4,Tim Kraayenbrink,REP,637,256,381
Webster,Fort Dodge #3,State Senate,4,Tim Kraayenbrink,REP,493,184,309
Webster,Fort Dodge #4-Douglas,State Senate,4,Tim Kraayenbrink,REP,1090,435,655
Webster,Fort Dodge #5,State Senate,4,Tim Kraayenbrink,REP,462,193,269
Webster,Fort Dodge #6,State Senate,4,Tim Kraayenbrink,REP,177,67,110
Webster,Fort Dodge #7,State Senate,4,Tim Kraayenbrink,REP,373,141,232
Webster,Fort Dodge #8,State Senate,4,Tim Kraayenbrink,REP,449,201,248
Webster,Fort Dodge #9,State Senate,4,Tim Kraayenbrink,REP,502,152,350
Webster,Gowrie-Lost Grove,State Senate,4,Tim Kraayenbrink,REP,759,176,583
Webster,Badger-Cooper-Newark,State Senate,4,Write-In,,19,10,9
Webster,Burnside-Elkhorn-Otho-Pleasant Valley-Sumner,State Senate,4,Write-In,,21,12,9
Webster,Clay-Fulton-Johnson-Roland,State Senate,4,Write-In,,11,4,7
Webster,Colfax-Hardin-Washington-Webster-Yell,State Senate,4,Write-In,,9,5,4
Webster,Dayton,State Senate,4,Write-In,,21,2,19
Webster,Deer Creek-Jackson,State Senate,4,Write-In,,15,4,11
Webster,Fort Dodge #1,State Senate,4,Write-In,,41,30,11
Webster,Fort Dodge #10,State Senate,4,Write-In,,28,15,13
Webster,Fort Dodge #11,State Senate,4,Write-In,,31,18,13
Webster,Fort Dodge #12,State Senate,4,Write-In,,23,11,12
Webster,Fort Dodge #2,State Senate,4,Write-In,,36,13,23
Webster,Fort Dodge #3,State Senate,4,Write-In,,30,13,17
Webster,Fort Dodge #4-Douglas,State Senate,4,Write-In,,27,18,9
Webster,Fort Dodge #5,State Senate,4,Write-In,,10,4,6
Webster,Fort Dodge #6,State Senate,4,Write-In,,5,1,4
Webster,Fort Dodge #7,State Senate,4,Write-In,,32,11,21
Webster,Fort Dodge #8,State Senate,4,Write-In,,17,7,10
Webster,Fort Dodge #9,State Senate,4,Write-In,,9,4,5
Webster,Gowrie-Lost Grove,State Senate,4,Write-In,,10,3,7
Webster,Burnside-Elkhorn-Otho-Pleasant Valley-Sumner,Sumner Township Trustee,,Mary A. Brown,,16,9,7
Webster,Burnside-Elkhorn-Otho-Pleasant Valley-Sumner,Sumner Township Trustee,,Ronald E. Duple,,12,7,5
Webster,Burnside-Elkhorn-Otho-Pleasant Valley-Sumner,Sumner Township Trustee,,Write-In,,0,0,0
Webster,Badger-Cooper-Newark,Supreme Court Justice - David May,,No,,232,88,144
Webster,Burnside-Elkhorn-Otho-Pleasant Valley-Sumner,Supreme Court Justice - David May,,No,,347,126,221
Webster,Clay-Fulton-Johnson-Roland,Supreme Court Justice - David May,,No,,215,77,138
Webster,Colfax-Hardin-Washington-Webster-Yell,Supreme Court Justice - David May,,No,,172,48,124
Webster,Dayton,Supreme Court Justice - David May,,No,,156,33,123
Webster,Deer Creek-Jackson,Supreme Court Justice - David May,,No,,91,25,66
Webster,Fort Dodge #1,Supreme Court Justice - David May,,No,,276,164,112
Webster,Fort Dodge #10,Supreme Court Justice - David May,,No,,220,111,109
Webster,Fort Dodge #11,Supreme Court Justice - David May,,No,,290,139,151
Webster,Fort Dodge #12,Supreme Court Justice - David May,,No,,163,77,86
Webster,Fort Dodge #2,Supreme Court Justice - David May,,No,,249,120,129
Webster,Fort Dodge #3,Supreme Court Justice - David May,,No,,154,72,82
Webster,Fort Dodge #4-Douglas,Supreme Court Justice - David May,,No,,335,151,184
Webster,Fort Dodge #5,Supreme Court Justice - David May,,No,,91,34,57
Webster,Fort Dodge #6,Supreme Court Justice - David May,,No,,73,35,38
Webster,Fort Dodge #7,Supreme Court Justice - David May,,No,,149,72,77
Webster,Fort Dodge #8,Supreme Court Justice - David May,,No,,160,72,88
Webster,Fort Dodge #9,Supreme Court Justice - David May,,No,,145,57,88
Webster,Gowrie-Lost Grove,Supreme Court Justice - David May,,No,,187,47,140
Webster,Badger-Cooper-Newark,Supreme Court Justice - David May,,Yes,,583,196,387
Webster,Burnside-Elkhorn-Otho-Pleasant Valley-Sumner,Supreme Court Justice - David May,,Yes,,887,265,622
Webster,Clay-Fulton-Johnson-Roland,Supreme Court Justice - David May,,Yes,,502,144,358
Webster,Colfax-Hardin-Washington-Webster-Yell,Supreme Court Justice - David May,,Yes,,402,114,288
Webster,Dayton,Supreme Court Justice - David May,,Yes,,358,67,291
Webster,Deer Creek-Jackson,Supreme Court Justice - David May,,Yes,,272,67,205
Webster,Fort Dodge #1,Supreme Court Justice - David May,,Yes,,831,366,465
Webster,Fort Dodge #10,Supreme Court Justice - David May,,Yes,,526,227,299
Webster,Fort Dodge #11,Supreme Court Justice - David May,,Yes,,911,426,485
Webster,Fort Dodge #12,Supreme Court Justice - David May,,Yes,,331,147,184
Webster,Fort Dodge #2,Supreme Court Justice - David May,,Yes,,496,198,298
Webster,Fort Dodge #3,Supreme Court Justice - David May,,Yes,,375,127,248
Webster,Fort Dodge #4-Douglas,Supreme Court Justice - David May,,Yes,,810,339,471
Webster,Fort Dodge #5,Supreme Court Justice - David May,,Yes,,349,151,198
Webster,Fort Dodge #6,Supreme Court Justice - David May,,Yes,,132,46,86
Webster,Fort Dodge #7,Supreme Court Justice - David May,,Yes,,315,134,181
Webster,Fort Dodge #8,Supreme Court Justice - David May,,Yes,,324,160,164
Webster,Fort Dodge #9,Supreme Court Justice - David May,,Yes,,373,119,254
Webster,Gowrie-Lost Grove,Supreme Court Justice - David May,,Yes,,511,134,377
Webster,Badger-Cooper-Newark,U.S. House,4,Randy Feenstra,REP,708,250,458
Webster,Burnside-Elkhorn-Otho-Pleasant Valley-Sumner,U.S. House,4,Randy Feenstra,REP,1185,365,820
Webster,Clay-Fulton-Johnson-Roland,U.S. House,4,Randy Feenstra,REP,686,209,477
Webster,Colfax-Hardin-Washington-Webster-Yell,U.S. House,4,Randy Feenstra,REP,536,150,386
Webster,Dayton,U.S. House,4,Randy Feenstra,REP,437,73,364
Webster,Deer Creek-Jackson,U.S. House,4,Randy Feenstra,REP,340,92,248
Webster,Fort Dodge #1,U.S. House,4,Randy Feenstra,REP,860,371,489
Webster,Fort Dodge #10,U.S. House,4,Randy Feenstra,REP,591,245,346
Webster,Fort Dodge #11,U.S. House,4,Randy Feenstra,REP,1034,462,572
Webster,Fort Dodge #12,U.S. House,4,Randy Feenstra,REP,369,163,206
Webster,Fort Dodge #2,U.S. House,4,Randy Feenstra,REP,510,200,310
Webster,Fort Dodge #3,U.S. House,4,Randy Feenstra,REP,389,140,249
Webster,Fort Dodge #4-Douglas,U.S. House,4,Randy Feenstra,REP,938,380,558
Webster,Fort Dodge #5,U.S. House,4,Randy Feenstra,REP,371,164,207
Webster,Fort Dodge #6,U.S. House,4,Randy Feenstra,REP,132,49,83
Webster,Fort Dodge #7,U.S. House,4,Randy Feenstra,REP,271,99,172
Webster,Fort Dodge #8,U.S. House,4,Randy Feenstra,REP,343,152,191
Webster,Fort Dodge #9,U.S. House,4,Randy Feenstra,REP,424,121,303
Webster,Gowrie-Lost Grove,U.S. House,4,Randy Feenstra,REP,698,157,541
Webster,Badger-Cooper-Newark,U.S. House,4,Ryan Melton,DEM,279,112,167
Webster,Burnside-Elkhorn-Otho-Pleasant Valley-Sumner,U.S. House,4,Ryan Melton,DEM,386,158,228
Webster,Clay-Fulton-Johnson-Roland,U.S. House,4,Ryan Melton,DEM,188,75,113
Webster,Colfax-Hardin-Washington-Webster-Yell,U.S. House,4,Ryan Melton,DEM,158,66,92
Webster,Dayton,U.S. House,4,Ryan Melton,DEM,174,55,119
Webster,Deer Creek-Jackson,U.S. House,4,Ryan Melton,DEM,87,26,61
Webster,Fort Dodge #1,U.S. House,4,Ryan Melton,DEM,443,280,163
Webster,Fort Dodge #10,U.S. House,4,Ryan Melton,DEM,353,190,163
Webster,Fort Dodge #11,U.S. House,4,Ryan Melton,DEM,427,242,185
Webster,Fort Dodge #12,U.S. House,4,Ryan Melton,DEM,264,143,121
Webster,Fort Dodge #2,U.S. House,4,Ryan Melton,DEM,382,190,192
Webster,Fort Dodge #3,U.S. House,4,Ryan Melton,DEM,260,119,141
Webster,Fort Dodge #4-Douglas,U.S. House,4,Ryan Melton,DEM,423,223,200
Webster,Fort Dodge #5,U.S. House,4,Ryan Melton,DEM,207,90,117
Webster,Fort Dodge #6,U.S. House,4,Ryan Melton,DEM,106,49,57
Webster,Fort Dodge #7,U.S. House,4,Ryan Melton,DEM,281,143,138
Webster,Fort Dodge #8,U.S. House,4,Ryan Melton,DEM,242,137,105
Webster,Fort Dodge #9,U.S. House,4,Ryan Melton,DEM,235,103,132
Webster,Gowrie-Lost Grove,U.S. House,4,Ryan Melton,DEM,187,68,119
Webster,Badger-Cooper-Newark,U.S. House,4,Write-In,,4,1,3
Webster,Burnside-Elkhorn-Otho-Pleasant Valley-Sumner,U.S. House,4,Write-In,,2,0,2
Webster,Clay-Fulton-Johnson-Roland,U.S. House,4,Write-In,,1,0,1
Webster,Colfax-Hardin-Washington-Webster-Yell,U.S. House,4,Write-In,,1,0,1
Webster,Dayton,U.S. House,4,Write-In,,2,0,2
Webster,Deer Creek-Jackson,U.S. House,4,Write-In,,0,0,0
Webster,Fort Dodge #1,U.S. House,4,Write-In,,5,5,0
Webster,Fort Dodge #10,U.S. House,4,Write-In,,1,0,1
Webster,Fort Dodge #11,U.S. House,4,Write-In,,3,0,3
Webster,Fort Dodge #12,U.S. House,4,Write-In,,4,2,2
Webster,Fort Dodge #2,U.S. House,4,Write-In,,3,1,2
Webster,Fort Dodge #3,U.S. House,4,Write-In,,0,0,0
Webster,Fort Dodge #4-Douglas,U.S. House,4,Write-In,,3,2,1
Webster,Fort Dodge #5,U.S. House,4,Write-In,,0,0,0
Webster,Fort Dodge #6,U.S. House,4,Write-In,,2,1,1
Webster,Fort Dodge #7,U.S. House,4,Write-In,,1,1,0
Webster,Fort Dodge #8,U.S. House,4,Write-In,,0,0,0
Webster,Fort Dodge #9,U.S. House,4,Write-In,,0,0,0
Webster,Gowrie-Lost Grove,U.S. House,4,Write-In,,2,0,2
Webster,Colfax-Hardin-Washington-Webster-Yell,Washington Township Trustee,,Jim Royster,,131,42,89
Webster,Colfax-Hardin-Washington-Webster-Yell,Washington Township Trustee,,Karen Hansen,,109,30,79
Webster,Colfax-Hardin-Washington-Webster-Yell,Washington Township Trustee,,Write-In,,1,0,1
Webster,Colfax-Hardin-Washington-Webster-Yell,Webster Township Trustee,,Dan Housken,,59,21,38
Webster,Colfax-Hardin-Washington-Webster-Yell,Webster Township Trustee,,Ed Brennan,,46,17,29
Webster,Colfax-Hardin-Washington-Webster-Yell,Webster Township Trustee,,Write-In,,0,0,0
Webster,Colfax-Hardin-Washington-Webster-Yell,Yell Township Clerk To Fill a Vacancy,,Lori Ferrari,,2,0,2
Webster,Colfax-Hardin-Washington-Webster-Yell,Yell Township Clerk To Fill a Vacancy,,Write-In,,3,2,1
Webster,Colfax-Hardin-Washington-Webster-Yell,Yell Township Trustee,,Bret Mentzer,,31,11,20
Webster,Colfax-Hardin-Washington-Webster-Yell,Yell Township Trustee,,Mark Berglund,,32,12,20
Webster,Colfax-Hardin-Washington-Webster-Yell,Yell Township Trustee,,Write-In,,0,0,0
