county,precinct,office,district,candidate,party,votes,absentee,election_day
Wapello,AD/BL/PO,Adams Township Trustee,,Eric Klyn,,238,82,156
Wapello,AD/BL/PO,Adams Township Trustee,,Write-In,,1,0,1
Wapello,AGT/AGC/PL,Agency Township Clerk To Fill a Vacancy,,Danielle Batterson,,256,80,176
Wapello,AGT/AGC/PL,Agency Township Clerk To Fill a Vacancy,,Write-In,,0,0,0
Wapello,AGT/AGC/PL,Agency Township Trustee,,Keith Crist,,256,78,178
Wapello,AGT/AGC/PL,Agency Township Trustee,,Write-In,,2,1,1
Wapello,AGT/AGC/PL,Agency Township Trustee To Fill a Vacancy,,Carleton L. Dial,,241,80,161
Wapello,AGT/AGC/PL,Agency Township Trustee To Fill a Vacancy,,Write-In,,7,2,5
Wapello,CS/CH,Cass Township Trustee,,James Woodruff,,55,7,48
Wapello,CS/CH,Cass Township Trustee,,Write-In,,0,0,0
Wapello,CN,Center Township Trustee,,Will Heckart,,534,247,287
Wapello,OT/01,Center Township Trustee,,Will Heckart,,117,57,60
Wapello,OT/03,Center Township Trustee,,Will Heckart,,13,8,5
Wapello,OT/07,Center Township Trustee,,Will Heckart,,8,7,1
Wapello,CN,Center Township Trustee,,Write-In,,6,2,4
Wapello,OT/01,Center Township Trustee,,Write-In,,4,2,2
Wapello,OT/03,Center Township Trustee,,Write-In,,1,1,0
Wapello,OT/07,Center Township Trustee,,Write-In,,0,0,0
Wapello,CB/EV,Columbia Township Trustee,,Write-In,,19,2,17
Wapello,CP,Competine Township Trustee,,Verl Jackson,,103,35,68
Wapello,CP,Competine Township Trustee,,Write-In,,1,0,1
Wapello,AD/BL/PO,Constitutional Amendment 1,,No,,103,37,66
Wapello,AGT/AGC/PL,Constitutional Amendment 1,,No,,126,51,75
Wapello,CB/EV,Constitutional Amendment 1,,No,,84,18,66
Wapello,CN,Constitutional Amendment 1,,No,,126,68,58
Wapello,CP,Constitutional Amendment 1,,No,,17,4,13
Wapello,CS/CH,Constitutional Amendment 1,,No,,18,4,14
Wapello,DA,Constitutional Amendment 1,,No,,50,26,24
Wapello,GR,Constitutional Amendment 1,,No,,66,26,40
Wapello,HI,Constitutional Amendment 1,,No,,25,6,19
Wapello,KE,Constitutional Amendment 1,,No,,77,28,49
Wapello,OT/01,Constitutional Amendment 1,,No,,173,80,93
Wapello,OT/02,Constitutional Amendment 1,,No,,268,151,117
Wapello,OT/03,Constitutional Amendment 1,,No,,298,153,145
Wapello,OT/04,Constitutional Amendment 1,,No,,83,31,52
Wapello,OT/05,Constitutional Amendment 1,,No,,89,54,35
Wapello,OT/06,Constitutional Amendment 1,,No,,133,64,69
Wapello,OT/07,Constitutional Amendment 1,,No,,123,54,69
Wapello,OT/08,Constitutional Amendment 1,,No,,161,64,97
Wapello,OT/09,Constitutional Amendment 1,,No,,170,85,85
Wapello,OT/10,Constitutional Amendment 1,,No,,140,67,73
Wapello,RL/KV,Constitutional Amendment 1,,No,,71,30,41
Wapello,WA/EL,Constitutional Amendment 1,,No,,103,18,85
Wapello,AD/BL/PO,Constitutional Amendment 1,,Yes,,527,180,347
Wapello,AGT/AGC/PL,Constitutional Amendment 1,,Yes,,569,142,427
Wapello,CB/EV,Constitutional Amendment 1,,Yes,,335,45,290
Wapello,CN,Constitutional Amendment 1,,Yes,,519,246,273
Wapello,CP,Constitutional Amendment 1,,Yes,,87,33,54
Wapello,CS/CH,Constitutional Amendment 1,,Yes,,67,10,57
Wapello,DA,Constitutional Amendment 1,,Yes,,196,95,101
Wapello,GR,Constitutional Amendment 1,,Yes,,334,128,206
Wapello,HI,Constitutional Amendment 1,,Yes,,106,35,71
Wapello,KE,Constitutional Amendment 1,,Yes,,334,119,215
Wapello,OT/01,Constitutional Amendment 1,,Yes,,571,255,316
Wapello,OT/02,Constitutional Amendment 1,,Yes,,774,393,381
Wapello,OT/03,Constitutional Amendment 1,,Yes,,962,442,520
Wapello,OT/04,Constitutional Amendment 1,,Yes,,394,151,243
Wapello,OT/05,Constitutional Amendment 1,,Yes,,427,258,169
Wapello,OT/06,Constitutional Amendment 1,,Yes,,454,198,256
Wapello,OT/07,Constitutional Amendment 1,,Yes,,501,197,304
Wapello,OT/08,Constitutional Amendment 1,,Yes,,647,270,377
Wapello,OT/09,Constitutional Amendment 1,,Yes,,695,331,364
Wapello,OT/10,Constitutional Amendment 1,,Yes,,630,282,348
Wapello,RL/KV,Constitutional Amendment 1,,Yes,,248,73,175
Wapello,WA/EL,Constitutional Amendment 1,,Yes,,453,81,372
Wapello,AD/BL/PO,Constitutional Amendment 2,,No,,88,29,59
Wapello,AGT/AGC/PL,Constitutional Amendment 2,,No,,108,40,68
Wapello,CB/EV,Constitutional Amendment 2,,No,,61,14,47
Wapello,CN,Constitutional Amendment 2,,No,,90,48,42
Wapello,CP,Constitutional Amendment 2,,No,,11,4,7
Wapello,CS/CH,Constitutional Amendment 2,,No,,16,3,13
Wapello,DA,Constitutional Amendment 2,,No,,48,27,21
Wapello,GR,Constitutional Amendment 2,,No,,51,16,35
Wapello,HI,Constitutional Amendment 2,,No,,18,7,11
Wapello,KE,Constitutional Amendment 2,,No,,61,27,34
Wapello,OT/01,Constitutional Amendment 2,,No,,143,74,69
Wapello,OT/02,Constitutional Amendment 2,,No,,229,132,97
Wapello,OT/03,Constitutional Amendment 2,,No,,253,138,115
Wapello,OT/04,Constitutional Amendment 2,,No,,84,31,53
Wapello,OT/05,Constitutional Amendment 2,,No,,92,59,33
Wapello,OT/06,Constitutional Amendment 2,,No,,113,57,56
Wapello,OT/07,Constitutional Amendment 2,,No,,132,62,70
Wapello,OT/08,Constitutional Amendment 2,,No,,118,53,65
Wapello,OT/09,Constitutional Amendment 2,,No,,156,85,71
Wapello,OT/10,Constitutional Amendment 2,,No,,133,63,70
Wapello,RL/KV,Constitutional Amendment 2,,No,,41,20,21
Wapello,WA/EL,Constitutional Amendment 2,,No,,77,9,68
Wapello,AD/BL/PO,Constitutional Amendment 2,,Yes,,542,193,349
Wapello,AGT/AGC/PL,Constitutional Amendment 2,,Yes,,586,152,434
Wapello,CB/EV,Constitutional Amendment 2,,Yes,,360,49,311
Wapello,CN,Constitutional Amendment 2,,Yes,,549,262,287
Wapello,CP,Constitutional Amendment 2,,Yes,,95,35,60
Wapello,CS/CH,Constitutional Amendment 2,,Yes,,68,11,57
Wapello,DA,Constitutional Amendment 2,,Yes,,198,93,105
Wapello,GR,Constitutional Amendment 2,,Yes,,345,133,212
Wapello,HI,Constitutional Amendment 2,,Yes,,112,33,79
Wapello,KE,Constitutional Amendment 2,,Yes,,346,117,229
Wapello,OT/01,Constitutional Amendment 2,,Yes,,595,258,337
Wapello,OT/02,Constitutional Amendment 2,,Yes,,800,403,397
Wapello,OT/03,Constitutional Amendment 2,,Yes,,990,444,546
Wapello,OT/04,Constitutional Amendment 2,,Yes,,388,149,239
Wapello,OT/05,Constitutional Amendment 2,,Yes,,420,253,167
Wapello,OT/06,Constitutional Amendment 2,,Yes,,466,201,265
Wapello,OT/07,Constitutional Amendment 2,,Yes,,484,189,295
Wapello,OT/08,Constitutional Amendment 2,,Yes,,680,273,407
Wapello,OT/09,Constitutional Amendment 2,,Yes,,707,331,376
Wapello,OT/10,Constitutional Amendment 2,,Yes,,626,282,344
Wapello,RL/KV,Constitutional Amendment 2,,Yes,,278,84,194
Wapello,WA/EL,Constitutional Amendment 2,,Yes,,476,88,388
Wapello,AD/BL/PO,County Agricultural Extension Council Member,,Aaron L. Ruff,,341,118,223
Wapello,AGT/AGC/PL,County Agricultural Extension Council Member,,Aaron L. Ruff,,392,118,274
Wapello,CB/EV,County Agricultural Extension Council Member,,Aaron L. Ruff,,243,35,208
Wapello,CN,County Agricultural Extension Council Member,,Aaron L. Ruff,,339,164,175
Wapello,CP,County Agricultural Extension Council Member,,Aaron L. Ruff,,63,23,40
Wapello,CS/CH,County Agricultural Extension Council Member,,Aaron L. Ruff,,47,9,38
Wapello,DA,County Agricultural Extension Council Member,,Aaron L. Ruff,,141,64,77
Wapello,GR,County Agricultural Extension Council Member,,Aaron L. Ruff,,195,66,129
Wapello,HI,County Agricultural Extension Council Member,,Aaron L. Ruff,,89,23,66
Wapello,KE,County Agricultural Extension Council Member,,Aaron L. Ruff,,211,78,133
Wapello,OT/01,County Agricultural Extension Council Member,,Aaron L. Ruff,,353,168,185
Wapello,OT/02,County Agricultural Extension Council Member,,Aaron L. Ruff,,545,282,263
Wapello,OT/03,County Agricultural Extension Council Member,,Aaron L. Ruff,,694,335,359
Wapello,OT/04,County Agricultural Extension Council Member,,Aaron L. Ruff,,208,81,127
Wapello,OT/05,County Agricultural Extension Council Member,,Aaron L. Ruff,,256,157,99
Wapello,OT/06,County Agricultural Extension Council Member,,Aaron L. Ruff,,274,130,144
Wapello,OT/07,County Agricultural Extension Council Member,,Aaron L. Ruff,,286,116,170
Wapello,OT/08,County Agricultural Extension Council Member,,Aaron L. Ruff,,378,166,212
Wapello,OT/09,County Agricultural Extension Council Member,,Aaron L. Ruff,,464,214,250
Wapello,OT/10,County Agricultural Extension Council Member,,Aaron L. Ruff,,369,177,192
Wapello,RL/KV,County Agricultural Extension Council Member,,Aaron L. Ruff,,173,59,114
Wapello,WA/EL,County Agricultural Extension Council Member,,Aaron L. Ruff,,275,45,230
Wapello,AD/BL/PO,County Agricultural Extension Council Member,,Clint Witt,,394,128,266
Wapello,AGT/AGC/PL,County Agricultural Extension Council Member,,Clint Witt,,424,119,305
Wapello,CB/EV,County Agricultural Extension Council Member,,Clint Witt,,246,35,211
Wapello,CN,County Agricultural Extension Council Member,,Clint Witt,,369,172,197
Wapello,CP,County Agricultural Extension Council Member,,Clint Witt,,61,24,37
Wapello,CS/CH,County Agricultural Extension Council Member,,Clint Witt,,52,9,43
Wapello,DA,County Agricultural Extension Council Member,,Clint Witt,,145,70,75
Wapello,GR,County Agricultural Extension Council Member,,Clint Witt,,218,81,137
Wapello,HI,County Agricultural Extension Council Member,,Clint Witt,,85,24,61
Wapello,KE,County Agricultural Extension Council Member,,Clint Witt,,236,86,150
Wapello,OT/01,County Agricultural Extension Council Member,,Clint Witt,,359,171,188
Wapello,OT/02,County Agricultural Extension Council Member,,Clint Witt,,573,301,272
Wapello,OT/03,County Agricultural Extension Council Member,,Clint Witt,,703,337,366
Wapello,OT/04,County Agricultural Extension Council Member,,Clint Witt,,217,80,137
Wapello,OT/05,County Agricultural Extension Council Member,,Clint Witt,,254,158,96
Wapello,OT/06,County Agricultural Extension Council Member,,Clint Witt,,288,133,155
Wapello,OT/07,County Agricultural Extension Council Member,,Clint Witt,,282,119,163
Wapello,OT/08,County Agricultural Extension Council Member,,Clint Witt,,389,175,214
Wapello,OT/09,County Agricultural Extension Council Member,,Clint Witt,,460,217,243
Wapello,OT/10,County Agricultural Extension Council Member,,Clint Witt,,374,181,193
Wapello,RL/KV,County Agricultural Extension Council Member,,Clint Witt,,174,55,119
Wapello,WA/EL,County Agricultural Extension Council Member,,Clint Witt,,296,49,247
Wapello,AD/BL/PO,County Agricultural Extension Council Member,,Laura Ammenhauser,,339,123,216
Wapello,AGT/AGC/PL,County Agricultural Extension Council Member,,Laura Ammenhauser,,377,110,267
Wapello,CB/EV,County Agricultural Extension Council Member,,Laura Ammenhauser,,219,28,191
Wapello,CN,County Agricultural Extension Council Member,,Laura Ammenhauser,,330,170,160
Wapello,CP,County Agricultural Extension Council Member,,Laura Ammenhauser,,64,24,40
Wapello,CS/CH,County Agricultural Extension Council Member,,Laura Ammenhauser,,46,9,37
Wapello,DA,County Agricultural Extension Council Member,,Laura Ammenhauser,,132,63,69
Wapello,GR,County Agricultural Extension Council Member,,Laura Ammenhauser,,186,68,118
Wapello,HI,County Agricultural Extension Council Member,,Laura Ammenhauser,,90,26,64
Wapello,KE,County Agricultural Extension Council Member,,Laura Ammenhauser,,203,73,130
Wapello,OT/01,County Agricultural Extension Council Member,,Laura Ammenhauser,,342,169,173
Wapello,OT/02,County Agricultural Extension Council Member,,Laura Ammenhauser,,532,277,255
Wapello,OT/03,County Agricultural Extension Council Member,,Laura Ammenhauser,,643,325,318
Wapello,OT/04,County Agricultural Extension Council Member,,Laura Ammenhauser,,218,83,135
Wapello,OT/05,County Agricultural Extension Council Member,,Laura Ammenhauser,,251,160,91
Wapello,OT/06,County Agricultural Extension Council Member,,Laura Ammenhauser,,285,143,142
Wapello,OT/07,County Agricultural Extension Council Member,,Laura Ammenhauser,,275,122,153
Wapello,OT/08,County Agricultural Extension Council Member,,Laura Ammenhauser,,372,168,204
Wapello,OT/09,County Agricultural Extension Council Member,,Laura Ammenhauser,,453,230,223
Wapello,OT/10,County Agricultural Extension Council Member,,Laura Ammenhauser,,359,183,176
Wapello,RL/KV,County Agricultural Extension Council Member,,Laura Ammenhauser,,169,53,116
Wapello,WA/EL,County Agricultural Extension Council Member,,Laura Ammenhauser,,269,47,222
Wapello,AD/BL/PO,County Agricultural Extension Council Member,,Lisa Reece,,407,140,267
Wapello,AGT/AGC/PL,County Agricultural Extension Council Member,,Lisa Reece,,450,123,327
Wapello,CB/EV,County Agricultural Extension Council Member,,Lisa Reece,,250,34,216
Wapello,CN,County Agricultural Extension Council Member,,Lisa Reece,,387,183,204
Wapello,CP,County Agricultural Extension Council Member,,Lisa Reece,,65,25,40
Wapello,CS/CH,County Agricultural Extension Council Member,,Lisa Reece,,53,9,44
Wapello,DA,County Agricultural Extension Council Member,,Lisa Reece,,149,69,80
Wapello,GR,County Agricultural Extension Council Member,,Lisa Reece,,224,81,143
Wapello,HI,County Agricultural Extension Council Member,,Lisa Reece,,90,25,65
Wapello,KE,County Agricultural Extension Council Member,,Lisa Reece,,231,75,156
Wapello,OT/01,County Agricultural Extension Council Member,,Lisa Reece,,416,194,222
Wapello,OT/02,County Agricultural Extension Council Member,,Lisa Reece,,626,320,306
Wapello,OT/03,County Agricultural Extension Council Member,,Lisa Reece,,734,359,375
Wapello,OT/04,County Agricultural Extension Council Member,,Lisa Reece,,232,84,148
Wapello,OT/05,County Agricultural Extension Council Member,,Lisa Reece,,288,181,107
Wapello,OT/06,County Agricultural Extension Council Member,,Lisa Reece,,336,156,180
Wapello,OT/07,County Agricultural Extension Council Member,,Lisa Reece,,336,133,203
Wapello,OT/08,County Agricultural Extension Council Member,,Lisa Reece,,460,199,261
Wapello,OT/09,County Agricultural Extension Council Member,,Lisa Reece,,491,237,254
Wapello,OT/10,County Agricultural Extension Council Member,,Lisa Reece,,428,200,228
Wapello,RL/KV,County Agricultural Extension Council Member,,Lisa Reece,,185,56,129
Wapello,WA/EL,County Agricultural Extension Council Member,,Lisa Reece,,327,55,272
Wapello,AD/BL/PO,County Agricultural Extension Council Member,,Write-In,,19,8,11
Wapello,AGT/AGC/PL,County Agricultural Extension Council Member,,Write-In,,23,8,15
Wapello,CB/EV,County Agricultural Extension Council Member,,Write-In,,14,0,14
Wapello,CN,County Agricultural Extension Council Member,,Write-In,,29,13,16
Wapello,CP,County Agricultural Extension Council Member,,Write-In,,3,1,2
Wapello,CS/CH,County Agricultural Extension Council Member,,Write-In,,3,0,3
Wapello,DA,County Agricultural Extension Council Member,,Write-In,,13,4,9
Wapello,GR,County Agricultural Extension Council Member,,Write-In,,10,6,4
Wapello,HI,County Agricultural Extension Council Member,,Write-In,,13,8,5
Wapello,KE,County Agricultural Extension Council Member,,Write-In,,14,4,10
Wapello,OT/01,County Agricultural Extension Council Member,,Write-In,,24,11,13
Wapello,OT/02,County Agricultural Extension Council Member,,Write-In,,30,19,11
Wapello,OT/03,County Agricultural Extension Council Member,,Write-In,,47,20,27
Wapello,OT/04,County Agricultural Extension Council Member,,Write-In,,12,2,10
Wapello,OT/05,County Agricultural Extension Council Member,,Write-In,,19,15,4
Wapello,OT/06,County Agricultural Extension Council Member,,Write-In,,30,14,16
Wapello,OT/07,County Agricultural Extension Council Member,,Write-In,,18,10,8
Wapello,OT/08,County Agricultural Extension Council Member,,Write-In,,28,14,14
Wapello,OT/09,County Agricultural Extension Council Member,,Write-In,,23,8,15
Wapello,OT/10,County Agricultural Extension Council Member,,Write-In,,20,6,14
Wapello,RL/KV,County Agricultural Extension Council Member,,Write-In,,11,4,7
Wapello,WA/EL,County Agricultural Extension Council Member,,Write-In,,26,4,22
Wapello,AD/BL/PO,County Agricultural Extension Council To Fill a vacancy,,David Smith,,510,162,348
Wapello,AGT/AGC/PL,County Agricultural Extension Council To Fill a vacancy,,David Smith,,560,155,405
Wapello,CB/EV,County Agricultural Extension Council To Fill a vacancy,,David Smith,,351,50,301
Wapello,CN,County Agricultural Extension Council To Fill a vacancy,,David Smith,,465,212,253
Wapello,CP,County Agricultural Extension Council To Fill a vacancy,,David Smith,,86,31,55
Wapello,CS/CH,County Agricultural Extension Council To Fill a vacancy,,David Smith,,65,11,54
Wapello,DA,County Agricultural Extension Council To Fill a vacancy,,David Smith,,178,81,97
Wapello,GR,County Agricultural Extension Council To Fill a vacancy,,David Smith,,268,95,173
Wapello,HI,County Agricultural Extension Council To Fill a vacancy,,David Smith,,111,30,81
Wapello,KE,County Agricultural Extension Council To Fill a vacancy,,David Smith,,295,96,199
Wapello,OT/01,County Agricultural Extension Council To Fill a vacancy,,David Smith,,547,246,301
Wapello,OT/02,County Agricultural Extension Council To Fill a vacancy,,David Smith,,754,371,383
Wapello,OT/03,County Agricultural Extension Council To Fill a vacancy,,David Smith,,921,430,491
Wapello,OT/04,County Agricultural Extension Council To Fill a vacancy,,David Smith,,354,125,229
Wapello,OT/05,County Agricultural Extension Council To Fill a vacancy,,David Smith,,394,233,161
Wapello,OT/06,County Agricultural Extension Council To Fill a vacancy,,David Smith,,470,205,265
Wapello,OT/07,County Agricultural Extension Council To Fill a vacancy,,David Smith,,469,164,305
Wapello,OT/08,County Agricultural Extension Council To Fill a vacancy,,David Smith,,612,250,362
Wapello,OT/09,County Agricultural Extension Council To Fill a vacancy,,David Smith,,654,292,362
Wapello,OT/10,County Agricultural Extension Council To Fill a vacancy,,David Smith,,569,250,319
Wapello,RL/KV,County Agricultural Extension Council To Fill a vacancy,,David Smith,,249,68,181
Wapello,WA/EL,County Agricultural Extension Council To Fill a vacancy,,David Smith,,456,73,383
Wapello,AD/BL/PO,County Agricultural Extension Council To Fill a vacancy,,Write-In,,3,0,3
Wapello,AGT/AGC/PL,County Agricultural Extension Council To Fill a vacancy,,Write-In,,4,0,4
Wapello,CB/EV,County Agricultural Extension Council To Fill a vacancy,,Write-In,,1,0,1
Wapello,CN,County Agricultural Extension Council To Fill a vacancy,,Write-In,,5,2,3
Wapello,CP,County Agricultural Extension Council To Fill a vacancy,,Write-In,,0,0,0
Wapello,CS/CH,County Agricultural Extension Council To Fill a vacancy,,Write-In,,2,0,2
Wapello,DA,County Agricultural Extension Council To Fill a vacancy,,Write-In,,1,0,1
Wapello,GR,County Agricultural Extension Council To Fill a vacancy,,Write-In,,1,1,0
Wapello,HI,County Agricultural Extension Council To Fill a vacancy,,Write-In,,1,1,0
Wapello,KE,County Agricultural Extension Council To Fill a vacancy,,Write-In,,2,1,1
Wapello,OT/01,County Agricultural Extension Council To Fill a vacancy,,Write-In,,7,3,4
Wapello,OT/02,County Agricultural Extension Council To Fill a vacancy,,Write-In,,5,2,3
Wapello,OT/03,County Agricultural Extension Council To Fill a vacancy,,Write-In,,12,4,8
Wapello,OT/04,County Agricultural Extension Council To Fill a vacancy,,Write-In,,2,1,1
Wapello,OT/05,County Agricultural Extension Council To Fill a vacancy,,Write-In,,7,2,5
Wapello,OT/06,County Agricultural Extension Council To Fill a vacancy,,Write-In,,9,3,6
Wapello,OT/07,County Agricultural Extension Council To Fill a vacancy,,Write-In,,7,3,4
Wapello,OT/08,County Agricultural Extension Council To Fill a vacancy,,Write-In,,4,1,3
Wapello,OT/09,County Agricultural Extension Council To Fill a vacancy,,Write-In,,9,1,8
Wapello,OT/10,County Agricultural Extension Council To Fill a vacancy,,Write-In,,2,0,2
Wapello,RL/KV,County Agricultural Extension Council To Fill a vacancy,,Write-In,,1,0,1
Wapello,WA/EL,County Agricultural Extension Council To Fill a vacancy,,Write-In,,6,1,5
Wapello,AD/BL/PO,County Attorney To Fill a Vacancy,,Steviee Grove,REP,622,192,430
Wapello,AGT/AGC/PL,County Attorney To Fill a Vacancy,,Steviee Grove,REP,627,156,471
Wapello,CB/EV,County Attorney To Fill a Vacancy,,Steviee Grove,REP,393,61,332
Wapello,CN,County Attorney To Fill a Vacancy,,Steviee Grove,REP,575,275,300
Wapello,CP,County Attorney To Fill a Vacancy,,Steviee Grove,REP,104,33,71
Wapello,CS/CH,County Attorney To Fill a Vacancy,,Steviee Grove,REP,77,11,66
Wapello,DA,County Attorney To Fill a Vacancy,,Steviee Grove,REP,221,99,122
Wapello,GR,County Attorney To Fill a Vacancy,,Steviee Grove,REP,370,134,236
Wapello,HI,County Attorney To Fill a Vacancy,,Steviee Grove,REP,123,34,89
Wapello,KE,County Attorney To Fill a Vacancy,,Steviee Grove,REP,371,129,242
Wapello,OT/01,County Attorney To Fill a Vacancy,,Steviee Grove,REP,611,273,338
Wapello,OT/02,County Attorney To Fill a Vacancy,,Steviee Grove,REP,848,425,423
Wapello,OT/03,County Attorney To Fill a Vacancy,,Steviee Grove,REP,994,436,558
Wapello,OT/04,County Attorney To Fill a Vacancy,,Steviee Grove,REP,387,139,248
Wapello,OT/05,County Attorney To Fill a Vacancy,,Steviee Grove,REP,413,228,185
Wapello,OT/06,County Attorney To Fill a Vacancy,,Steviee Grove,REP,519,203,316
Wapello,OT/07,County Attorney To Fill a Vacancy,,Steviee Grove,REP,514,186,328
Wapello,OT/08,County Attorney To Fill a Vacancy,,Steviee Grove,REP,684,274,410
Wapello,OT/09,County Attorney To Fill a Vacancy,,Steviee Grove,REP,734,321,413
Wapello,OT/10,County Attorney To Fill a Vacancy,,Steviee Grove,REP,633,270,363
Wapello,RL/KV,County Attorney To Fill a Vacancy,,Steviee Grove,REP,285,75,210
Wapello,WA/EL,County Attorney To Fill a Vacancy,,Steviee Grove,REP,511,82,429
Wapello,AD/BL/PO,County Attorney To Fill a Vacancy,,Write-In,,3,2,1
Wapello,AGT/AGC/PL,County Attorney To Fill a Vacancy,,Write-In,,10,6,4
Wapello,CB/EV,County Attorney To Fill a Vacancy,,Write-In,,4,1,3
Wapello,CN,County Attorney To Fill a Vacancy,,Write-In,,1,0,1
Wapello,CP,County Attorney To Fill a Vacancy,,Write-In,,0,0,0
Wapello,CS/CH,County Attorney To Fill a Vacancy,,Write-In,,1,1,0
Wapello,DA,County Attorney To Fill a Vacancy,,Write-In,,2,1,1
Wapello,GR,County Attorney To Fill a Vacancy,,Write-In,,1,0,1
Wapello,HI,County Attorney To Fill a Vacancy,,Write-In,,4,2,2
Wapello,KE,County Attorney To Fill a Vacancy,,Write-In,,3,1,2
Wapello,OT/01,County Attorney To Fill a Vacancy,,Write-In,,10,4,6
Wapello,OT/02,County Attorney To Fill a Vacancy,,Write-In,,16,10,6
Wapello,OT/03,County Attorney To Fill a Vacancy,,Write-In,,20,12,8
Wapello,OT/04,County Attorney To Fill a Vacancy,,Write-In,,10,1,9
Wapello,OT/05,County Attorney To Fill a Vacancy,,Write-In,,13,9,4
Wapello,OT/06,County Attorney To Fill a Vacancy,,Write-In,,14,6,8
Wapello,OT/07,County Attorney To Fill a Vacancy,,Write-In,,7,4,3
Wapello,OT/08,County Attorney To Fill a Vacancy,,Write-In,,14,3,11
Wapello,OT/09,County Attorney To Fill a Vacancy,,Write-In,,13,5,8
Wapello,OT/10,County Attorney To Fill a Vacancy,,Write-In,,12,6,6
Wapello,RL/KV,County Attorney To Fill a Vacancy,,Write-In,,1,0,1
Wapello,WA/EL,County Attorney To Fill a Vacancy,,Write-In,,7,2,5
Wapello,AD/BL/PO,County Auditor,,Kelly Spurgeon,DEM,514,182,332
Wapello,AGT/AGC/PL,County Auditor,,Kelly Spurgeon,DEM,576,156,420
Wapello,CB/EV,County Auditor,,Kelly Spurgeon,DEM,329,46,283
Wapello,CN,County Auditor,,Kelly Spurgeon,DEM,535,269,266
Wapello,CP,County Auditor,,Kelly Spurgeon,DEM,66,24,42
Wapello,CS/CH,County Auditor,,Kelly Spurgeon,DEM,56,10,46
Wapello,DA,County Auditor,,Kelly Spurgeon,DEM,188,90,98
Wapello,GR,County Auditor,,Kelly Spurgeon,DEM,307,116,191
Wapello,HI,County Auditor,,Kelly Spurgeon,DEM,103,31,72
Wapello,KE,County Auditor,,Kelly Spurgeon,DEM,310,113,197
Wapello,OT/01,County Auditor,,Kelly Spurgeon,DEM,620,287,333
Wapello,OT/02,County Auditor,,Kelly Spurgeon,DEM,889,461,428
Wapello,OT/03,County Auditor,,Kelly Spurgeon,DEM,1076,533,543
Wapello,OT/04,County Auditor,,Kelly Spurgeon,DEM,404,152,252
Wapello,OT/05,County Auditor,,Kelly Spurgeon,DEM,444,265,179
Wapello,OT/06,County Auditor,,Kelly Spurgeon,DEM,492,225,267
Wapello,OT/07,County Auditor,,Kelly Spurgeon,DEM,544,220,324
Wapello,OT/08,County Auditor,,Kelly Spurgeon,DEM,672,294,378
Wapello,OT/09,County Auditor,,Kelly Spurgeon,DEM,793,386,407
Wapello,OT/10,County Auditor,,Kelly Spurgeon,DEM,668,299,369
Wapello,RL/KV,County Auditor,,Kelly Spurgeon,DEM,258,83,175
Wapello,WA/EL,County Auditor,,Kelly Spurgeon,DEM,445,73,372
Wapello,AD/BL/PO,County Auditor,,Write-In,,10,3,7
Wapello,AGT/AGC/PL,County Auditor,,Write-In,,9,2,7
Wapello,CB/EV,County Auditor,,Write-In,,18,1,17
Wapello,CN,County Auditor,,Write-In,,13,7,6
Wapello,CP,County Auditor,,Write-In,,3,0,3
Wapello,CS/CH,County Auditor,,Write-In,,5,1,4
Wapello,DA,County Auditor,,Write-In,,6,1,5
Wapello,GR,County Auditor,,Write-In,,7,4,3
Wapello,HI,County Auditor,,Write-In,,5,2,3
Wapello,KE,County Auditor,,Write-In,,7,2,5
Wapello,OT/01,County Auditor,,Write-In,,16,7,9
Wapello,OT/02,County Auditor,,Write-In,,14,6,8
Wapello,OT/03,County Auditor,,Write-In,,24,4,20
Wapello,OT/04,County Auditor,,Write-In,,9,3,6
Wapello,OT/05,County Auditor,,Write-In,,15,6,9
Wapello,OT/06,County Auditor,,Write-In,,16,6,10
Wapello,OT/07,County Auditor,,Write-In,,10,2,8
Wapello,OT/08,County Auditor,,Write-In,,12,7,5
Wapello,OT/09,County Auditor,,Write-In,,18,3,15
Wapello,OT/10,County Auditor,,Write-In,,15,6,9
Wapello,RL/KV,County Auditor,,Write-In,,4,1,3
Wapello,WA/EL,County Auditor,,Write-In,,14,0,14
Wapello,AD/BL/PO,County Board of Supervisors,,Brian Morgan,DEM,251,101,150
Wapello,AGT/AGC/PL,County Board of Supervisors,,Brian Morgan,DEM,311,101,210
Wapello,CB/EV,County Board of Supervisors,,Brian Morgan,DEM,138,28,110
Wapello,CN,County Board of Supervisors,,Brian Morgan,DEM,311,168,143
Wapello,CP,County Board of Supervisors,,Brian Morgan,DEM,18,8,10
Wapello,CS/CH,County Board of Supervisors,,Brian Morgan,DEM,31,6,25
Wapello,DA,County Board of Supervisors,,Brian Morgan,DEM,144,80,64
Wapello,GR,County Board of Supervisors,,Brian Morgan,DEM,181,68,113
Wapello,HI,County Board of Supervisors,,Brian Morgan,DEM,45,16,29
Wapello,KE,County Board of Supervisors,,Brian Morgan,DEM,165,74,91
Wapello,OT/01,County Board of Supervisors,,Brian Morgan,DEM,389,190,199
Wapello,OT/02,County Board of Supervisors,,Brian Morgan,DEM,673,356,317
Wapello,OT/03,County Board of Supervisors,,Brian Morgan,DEM,868,421,447
Wapello,OT/04,County Board of Supervisors,,Brian Morgan,DEM,279,112,167
Wapello,OT/05,County Board of Supervisors,,Brian Morgan,DEM,295,183,112
Wapello,OT/06,County Board of Supervisors,,Brian Morgan,DEM,307,169,138
Wapello,OT/07,County Board of Supervisors,,Brian Morgan,DEM,331,147,184
Wapello,OT/08,County Board of Supervisors,,Brian Morgan,DEM,424,195,229
Wapello,OT/09,County Board of Supervisors,,Brian Morgan,DEM,549,290,259
Wapello,OT/10,County Board of Supervisors,,Brian Morgan,DEM,474,223,251
Wapello,RL/KV,County Board of Supervisors,,Brian Morgan,DEM,131,66,65
Wapello,WA/EL,County Board of Supervisors,,Brian Morgan,DEM,158,39,119
Wapello,AD/BL/PO,County Board of Supervisors,,Carrie Teninty,REP,482,144,338
Wapello,AGT/AGC/PL,County Board of Supervisors,,Carrie Teninty,REP,465,117,348
Wapello,CB/EV,County Board of Supervisors,,Carrie Teninty,REP,317,44,273
Wapello,CN,County Board of Supervisors,,Carrie Teninty,REP,414,198,216
Wapello,CP,County Board of Supervisors,,Carrie Teninty,REP,97,29,68
Wapello,CS/CH,County Board of Supervisors,,Carrie Teninty,REP,60,8,52
Wapello,DA,County Board of Supervisors,,Carrie Teninty,REP,131,58,73
Wapello,GR,County Board of Supervisors,,Carrie Teninty,REP,287,102,185
Wapello,HI,County Board of Supervisors,,Carrie Teninty,REP,97,30,67
Wapello,KE,County Board of Supervisors,,Carrie Teninty,REP,290,97,193
Wapello,OT/01,County Board of Supervisors,,Carrie Teninty,REP,418,194,224
Wapello,OT/02,County Board of Supervisors,,Carrie Teninty,REP,508,261,247
Wapello,OT/03,County Board of Supervisors,,Carrie Teninty,REP,538,236,302
Wapello,OT/04,County Board of Supervisors,,Carrie Teninty,REP,261,97,164
Wapello,OT/05,County Board of Supervisors,,Carrie Teninty,REP,298,173,125
Wapello,OT/06,County Board of Supervisors,,Carrie Teninty,REP,361,130,231
Wapello,OT/07,County Board of Supervisors,,Carrie Teninty,REP,374,146,228
Wapello,OT/08,County Board of Supervisors,,Carrie Teninty,REP,497,192,305
Wapello,OT/09,County Board of Supervisors,,Carrie Teninty,REP,479,204,275
Wapello,OT/10,County Board of Supervisors,,Carrie Teninty,REP,426,184,242
Wapello,RL/KV,County Board of Supervisors,,Carrie Teninty,REP,238,54,184
Wapello,WA/EL,County Board of Supervisors,,Carrie Teninty,REP,462,64,398
Wapello,AD/BL/PO,County Board of Supervisors,,Write-In,,1,0,1
Wapello,AGT/AGC/PL,County Board of Supervisors,,Write-In,,1,0,1
Wapello,CB/EV,County Board of Supervisors,,Write-In,,0,0,0
Wapello,CN,County Board of Supervisors,,Write-In,,0,0,0
Wapello,CP,County Board of Supervisors,,Write-In,,0,0,0
Wapello,CS/CH,County Board of Supervisors,,Write-In,,0,0,0
Wapello,DA,County Board of Supervisors,,Write-In,,0,0,0
Wapello,GR,County Board of Supervisors,,Write-In,,2,1,1
Wapello,HI,County Board of Supervisors,,Write-In,,0,0,0
Wapello,KE,County Board of Supervisors,,Write-In,,0,0,0
Wapello,OT/01,County Board of Supervisors,,Write-In,,3,2,1
Wapello,OT/02,County Board of Supervisors,,Write-In,,0,0,0
Wapello,OT/03,County Board of Supervisors,,Write-In,,2,0,2
Wapello,OT/04,County Board of Supervisors,,Write-In,,1,1,0
Wapello,OT/05,County Board of Supervisors,,Write-In,,1,1,0
Wapello,OT/06,County Board of Supervisors,,Write-In,,1,0,1
Wapello,OT/07,County Board of Supervisors,,Write-In,,2,1,1
Wapello,OT/08,County Board of Supervisors,,Write-In,,1,1,0
Wapello,OT/09,County Board of Supervisors,,Write-In,,0,0,0
Wapello,OT/10,County Board of Supervisors,,Write-In,,1,1,0
Wapello,RL/KV,County Board of Supervisors,,Write-In,,1,0,1
Wapello,WA/EL,County Board of Supervisors,,Write-In,,1,0,1
Wapello,AD/BL/PO,County Sheriff,,Donald L. Phillips,DEM,448,154,294
Wapello,AGT/AGC/PL,County Sheriff,,Donald L. Phillips,DEM,487,130,357
Wapello,CB/EV,County Sheriff,,Donald L. Phillips,DEM,226,33,193
Wapello,CN,County Sheriff,,Donald L. Phillips,DEM,474,240,234
Wapello,CP,County Sheriff,,Donald L. Phillips,DEM,60,21,39
Wapello,CS/CH,County Sheriff,,Donald L. Phillips,DEM,52,7,45
Wapello,DA,County Sheriff,,Donald L. Phillips,DEM,180,93,87
Wapello,GR,County Sheriff,,Donald L. Phillips,DEM,291,101,190
Wapello,HI,County Sheriff,,Donald L. Phillips,DEM,67,20,47
Wapello,KE,County Sheriff,,Donald L. Phillips,DEM,229,90,139
Wapello,OT/01,County Sheriff,,Donald L. Phillips,DEM,466,226,240
Wapello,OT/02,County Sheriff,,Donald L. Phillips,DEM,729,377,352
Wapello,OT/03,County Sheriff,,Donald L. Phillips,DEM,948,467,481
Wapello,OT/04,County Sheriff,,Donald L. Phillips,DEM,321,125,196
Wapello,OT/05,County Sheriff,,Donald L. Phillips,DEM,341,215,126
Wapello,OT/06,County Sheriff,,Donald L. Phillips,DEM,350,187,163
Wapello,OT/07,County Sheriff,,Donald L. Phillips,DEM,401,175,226
Wapello,OT/08,County Sheriff,,Donald L. Phillips,DEM,520,236,284
Wapello,OT/09,County Sheriff,,Donald L. Phillips,DEM,642,324,318
Wapello,OT/10,County Sheriff,,Donald L. Phillips,DEM,530,254,276
Wapello,RL/KV,County Sheriff,,Donald L. Phillips,DEM,220,76,144
Wapello,WA/EL,County Sheriff,,Donald L. Phillips,DEM,312,62,250
Wapello,AD/BL/PO,County Sheriff,,Kelly Lee Feikert,REP,295,93,202
Wapello,AGT/AGC/PL,County Sheriff,,Kelly Lee Feikert,REP,282,87,195
Wapello,CB/EV,County Sheriff,,Kelly Lee Feikert,REP,239,42,197
Wapello,CN,County Sheriff,,Kelly Lee Feikert,REP,254,125,129
Wapello,CP,County Sheriff,,Kelly Lee Feikert,REP,56,18,38
Wapello,CS/CH,County Sheriff,,Kelly Lee Feikert,REP,41,7,34
Wapello,DA,County Sheriff,,Kelly Lee Feikert,REP,95,47,48
Wapello,GR,County Sheriff,,Kelly Lee Feikert,REP,173,71,102
Wapello,HI,County Sheriff,,Kelly Lee Feikert,REP,73,24,49
Wapello,KE,County Sheriff,,Kelly Lee Feikert,REP,224,80,144
Wapello,OT/01,County Sheriff,,Kelly Lee Feikert,REP,353,164,189
Wapello,OT/02,County Sheriff,,Kelly Lee Feikert,REP,432,232,200
Wapello,OT/03,County Sheriff,,Kelly Lee Feikert,REP,434,188,246
Wapello,OT/04,County Sheriff,,Kelly Lee Feikert,REP,226,83,143
Wapello,OT/05,County Sheriff,,Kelly Lee Feikert,REP,258,142,116
Wapello,OT/06,County Sheriff,,Kelly Lee Feikert,REP,319,113,206
Wapello,OT/07,County Sheriff,,Kelly Lee Feikert,REP,300,115,185
Wapello,OT/08,County Sheriff,,Kelly Lee Feikert,REP,387,143,244
Wapello,OT/09,County Sheriff,,Kelly Lee Feikert,REP,382,170,212
Wapello,OT/10,County Sheriff,,Kelly Lee Feikert,REP,368,152,216
Wapello,RL/KV,County Sheriff,,Kelly Lee Feikert,REP,154,41,113
Wapello,WA/EL,County Sheriff,,Kelly Lee Feikert,REP,293,38,255
Wapello,AD/BL/PO,County Sheriff,,Write-In,,2,0,2
Wapello,AGT/AGC/PL,County Sheriff,,Write-In,,1,0,1
Wapello,CB/EV,County Sheriff,,Write-In,,0,0,0
Wapello,CN,County Sheriff,,Write-In,,0,0,0
Wapello,CP,County Sheriff,,Write-In,,0,0,0
Wapello,CS/CH,County Sheriff,,Write-In,,0,0,0
Wapello,DA,County Sheriff,,Write-In,,0,0,0
Wapello,GR,County Sheriff,,Write-In,,0,0,0
Wapello,HI,County Sheriff,,Write-In,,0,0,0
Wapello,KE,County Sheriff,,Write-In,,1,1,0
Wapello,OT/01,County Sheriff,,Write-In,,1,1,0
Wapello,OT/02,County Sheriff,,Write-In,,0,0,0
Wapello,OT/03,County Sheriff,,Write-In,,4,1,3
Wapello,OT/04,County Sheriff,,Write-In,,1,1,0
Wapello,OT/05,County Sheriff,,Write-In,,1,1,0
Wapello,OT/06,County Sheriff,,Write-In,,2,0,2
Wapello,OT/07,County Sheriff,,Write-In,,4,0,4
Wapello,OT/08,County Sheriff,,Write-In,,3,3,0
Wapello,OT/09,County Sheriff,,Write-In,,2,0,2
Wapello,OT/10,County Sheriff,,Write-In,,4,2,2
Wapello,RL/KV,County Sheriff,,Write-In,,1,0,1
Wapello,WA/EL,County Sheriff,,Write-In,,2,0,2
Wapello,AD/BL/PO,Court of Appeals Judge - Mary Elizabeth Chicchelly,,No,,190,61,129
Wapello,AGT/AGC/PL,Court of Appeals Judge - Mary Elizabeth Chicchelly,,No,,216,64,152
Wapello,CB/EV,Court of Appeals Judge - Mary Elizabeth Chicchelly,,No,,115,16,99
Wapello,CN,Court of Appeals Judge - Mary Elizabeth Chicchelly,,No,,164,78,86
Wapello,CP,Court of Appeals Judge - Mary Elizabeth Chicchelly,,No,,25,6,19
Wapello,CS/CH,Court of Appeals Judge - Mary Elizabeth Chicchelly,,No,,25,2,23
Wapello,DA,Court of Appeals Judge - Mary Elizabeth Chicchelly,,No,,74,42,32
Wapello,GR,Court of Appeals Judge - Mary Elizabeth Chicchelly,,No,,100,33,67
Wapello,HI,Court of Appeals Judge - Mary Elizabeth Chicchelly,,No,,39,12,27
Wapello,KE,Court of Appeals Judge - Mary Elizabeth Chicchelly,,No,,130,41,89
Wapello,OT/01,Court of Appeals Judge - Mary Elizabeth Chicchelly,,No,,198,89,109
Wapello,OT/02,Court of Appeals Judge - Mary Elizabeth Chicchelly,,No,,271,142,129
Wapello,OT/03,Court of Appeals Judge - Mary Elizabeth Chicchelly,,No,,293,144,149
Wapello,OT/04,Court of Appeals Judge - Mary Elizabeth Chicchelly,,No,,133,49,84
Wapello,OT/05,Court of Appeals Judge - Mary Elizabeth Chicchelly,,No,,129,78,51
Wapello,OT/06,Court of Appeals Judge - Mary Elizabeth Chicchelly,,No,,164,70,94
Wapello,OT/07,Court of Appeals Judge - Mary Elizabeth Chicchelly,,No,,169,73,96
Wapello,OT/08,Court of Appeals Judge - Mary Elizabeth Chicchelly,,No,,245,106,139
Wapello,OT/09,Court of Appeals Judge - Mary Elizabeth Chicchelly,,No,,220,98,122
Wapello,OT/10,Court of Appeals Judge - Mary Elizabeth Chicchelly,,No,,197,87,110
Wapello,RL/KV,Court of Appeals Judge - Mary Elizabeth Chicchelly,,No,,101,30,71
Wapello,WA/EL,Court of Appeals Judge - Mary Elizabeth Chicchelly,,No,,157,16,141
Wapello,AD/BL/PO,Court of Appeals Judge - Mary Elizabeth Chicchelly,,Yes,,315,101,214
Wapello,AGT/AGC/PL,Court of Appeals Judge - Mary Elizabeth Chicchelly,,Yes,,370,93,277
Wapello,CB/EV,Court of Appeals Judge - Mary Elizabeth Chicchelly,,Yes,,260,37,223
Wapello,CN,Court of Appeals Judge - Mary Elizabeth Chicchelly,,Yes,,335,146,189
Wapello,CP,Court of Appeals Judge - Mary Elizabeth Chicchelly,,Yes,,50,19,31
Wapello,CS/CH,Court of Appeals Judge - Mary Elizabeth Chicchelly,,Yes,,39,9,30
Wapello,DA,Court of Appeals Judge - Mary Elizabeth Chicchelly,,Yes,,129,53,76
Wapello,GR,Court of Appeals Judge - Mary Elizabeth Chicchelly,,Yes,,211,83,128
Wapello,HI,Court of Appeals Judge - Mary Elizabeth Chicchelly,,Yes,,72,18,54
Wapello,KE,Court of Appeals Judge - Mary Elizabeth Chicchelly,,Yes,,207,68,139
Wapello,OT/01,Court of Appeals Judge - Mary Elizabeth Chicchelly,,Yes,,417,178,239
Wapello,OT/02,Court of Appeals Judge - Mary Elizabeth Chicchelly,,Yes,,566,287,279
Wapello,OT/03,Court of Appeals Judge - Mary Elizabeth Chicchelly,,Yes,,718,329,389
Wapello,OT/04,Court of Appeals Judge - Mary Elizabeth Chicchelly,,Yes,,266,94,172
Wapello,OT/05,Court of Appeals Judge - Mary Elizabeth Chicchelly,,Yes,,324,193,131
Wapello,OT/06,Court of Appeals Judge - Mary Elizabeth Chicchelly,,Yes,,357,157,200
Wapello,OT/07,Court of Appeals Judge - Mary Elizabeth Chicchelly,,Yes,,354,122,232
Wapello,OT/08,Court of Appeals Judge - Mary Elizabeth Chicchelly,,Yes,,437,172,265
Wapello,OT/09,Court of Appeals Judge - Mary Elizabeth Chicchelly,,Yes,,501,235,266
Wapello,OT/10,Court of Appeals Judge - Mary Elizabeth Chicchelly,,Yes,,400,178,222
Wapello,RL/KV,Court of Appeals Judge - Mary Elizabeth Chicchelly,,Yes,,168,54,114
Wapello,WA/EL,Court of Appeals Judge - Mary Elizabeth Chicchelly,,Yes,,319,60,259
Wapello,AD/BL/PO,Court of Appeals Judge - Mary Ellen Tabor,,No,,187,64,123
Wapello,AGT/AGC/PL,Court of Appeals Judge - Mary Ellen Tabor,,No,,212,59,153
Wapello,CB/EV,Court of Appeals Judge - Mary Ellen Tabor,,No,,121,18,103
Wapello,CN,Court of Appeals Judge - Mary Ellen Tabor,,No,,155,79,76
Wapello,CP,Court of Appeals Judge - Mary Ellen Tabor,,No,,25,8,17
Wapello,CS/CH,Court of Appeals Judge - Mary Ellen Tabor,,No,,28,2,26
Wapello,DA,Court of Appeals Judge - Mary Ellen Tabor,,No,,76,40,36
Wapello,GR,Court of Appeals Judge - Mary Ellen Tabor,,No,,95,33,62
Wapello,HI,Court of Appeals Judge - Mary Ellen Tabor,,No,,43,13,30
Wapello,KE,Court of Appeals Judge - Mary Ellen Tabor,,No,,127,41,86
Wapello,OT/01,Court of Appeals Judge - Mary Ellen Tabor,,No,,196,92,104
Wapello,OT/02,Court of Appeals Judge - Mary Ellen Tabor,,No,,239,119,120
Wapello,OT/03,Court of Appeals Judge - Mary Ellen Tabor,,No,,281,131,150
Wapello,OT/04,Court of Appeals Judge - Mary Ellen Tabor,,No,,128,52,76
Wapello,OT/05,Court of Appeals Judge - Mary Ellen Tabor,,No,,131,76,55
Wapello,OT/06,Court of Appeals Judge - Mary Ellen Tabor,,No,,169,75,94
Wapello,OT/07,Court of Appeals Judge - Mary Ellen Tabor,,No,,169,73,96
Wapello,OT/08,Court of Appeals Judge - Mary Ellen Tabor,,No,,246,100,146
Wapello,OT/09,Court of Appeals Judge - Mary Ellen Tabor,,No,,224,92,132
Wapello,OT/10,Court of Appeals Judge - Mary Ellen Tabor,,No,,175,76,99
Wapello,RL/KV,Court of Appeals Judge - Mary Ellen Tabor,,No,,104,27,77
Wapello,WA/EL,Court of Appeals Judge - Mary Ellen Tabor,,No,,159,21,138
Wapello,AD/BL/PO,Court of Appeals Judge - Mary Ellen Tabor,,Yes,,302,95,207
Wapello,AGT/AGC/PL,Court of Appeals Judge - Mary Ellen Tabor,,Yes,,366,99,267
Wapello,CB/EV,Court of Appeals Judge - Mary Ellen Tabor,,Yes,,249,36,213
Wapello,CN,Court of Appeals Judge - Mary Ellen Tabor,,Yes,,330,143,187
Wapello,CP,Court of Appeals Judge - Mary Ellen Tabor,,Yes,,50,17,33
Wapello,CS/CH,Court of Appeals Judge - Mary Ellen Tabor,,Yes,,36,9,27
Wapello,DA,Court of Appeals Judge - Mary Ellen Tabor,,Yes,,123,50,73
Wapello,GR,Court of Appeals Judge - Mary Ellen Tabor,,Yes,,209,81,128
Wapello,HI,Court of Appeals Judge - Mary Ellen Tabor,,Yes,,66,15,51
Wapello,KE,Court of Appeals Judge - Mary Ellen Tabor,,Yes,,204,65,139
Wapello,OT/01,Court of Appeals Judge - Mary Ellen Tabor,,Yes,,403,173,230
Wapello,OT/02,Court of Appeals Judge - Mary Ellen Tabor,,Yes,,580,298,282
Wapello,OT/03,Court of Appeals Judge - Mary Ellen Tabor,,Yes,,711,329,382
Wapello,OT/04,Court of Appeals Judge - Mary Ellen Tabor,,Yes,,255,82,173
Wapello,OT/05,Court of Appeals Judge - Mary Ellen Tabor,,Yes,,315,194,121
Wapello,OT/06,Court of Appeals Judge - Mary Ellen Tabor,,Yes,,336,146,190
Wapello,OT/07,Court of Appeals Judge - Mary Ellen Tabor,,Yes,,339,116,223
Wapello,OT/08,Court of Appeals Judge - Mary Ellen Tabor,,Yes,,420,173,247
Wapello,OT/09,Court of Appeals Judge - Mary Ellen Tabor,,Yes,,479,233,246
Wapello,OT/10,Court of Appeals Judge - Mary Ellen Tabor,,Yes,,402,181,221
Wapello,RL/KV,Court of Appeals Judge - Mary Ellen Tabor,,Yes,,165,56,109
Wapello,WA/EL,Court of Appeals Judge - Mary Ellen Tabor,,Yes,,311,52,259
Wapello,AD/BL/PO,Court of Appeals Judge - Samuel Langholz,,No,,186,64,122
Wapello,AGT/AGC/PL,Court of Appeals Judge - Samuel Langholz,,No,,221,67,154
Wapello,CB/EV,Court of Appeals Judge - Samuel Langholz,,No,,113,16,97
Wapello,CN,Court of Appeals Judge - Samuel Langholz,,No,,154,81,73
Wapello,CP,Court of Appeals Judge - Samuel Langholz,,No,,24,4,20
Wapello,CS/CH,Court of Appeals Judge - Samuel Langholz,,No,,24,2,22
Wapello,DA,Court of Appeals Judge - Samuel Langholz,,No,,73,39,34
Wapello,GR,Court of Appeals Judge - Samuel Langholz,,No,,97,33,64
Wapello,HI,Court of Appeals Judge - Samuel Langholz,,No,,40,14,26
Wapello,KE,Court of Appeals Judge - Samuel Langholz,,No,,133,42,91
Wapello,OT/01,Court of Appeals Judge - Samuel Langholz,,No,,212,99,113
Wapello,OT/02,Court of Appeals Judge - Samuel Langholz,,No,,277,148,129
Wapello,OT/03,Court of Appeals Judge - Samuel Langholz,,No,,332,178,154
Wapello,OT/04,Court of Appeals Judge - Samuel Langholz,,No,,140,54,86
Wapello,OT/05,Court of Appeals Judge - Samuel Langholz,,No,,137,77,60
Wapello,OT/06,Court of Appeals Judge - Samuel Langholz,,No,,185,79,106
Wapello,OT/07,Court of Appeals Judge - Samuel Langholz,,No,,176,81,95
Wapello,OT/08,Court of Appeals Judge - Samuel Langholz,,No,,260,105,155
Wapello,OT/09,Court of Appeals Judge - Samuel Langholz,,No,,232,107,125
Wapello,OT/10,Court of Appeals Judge - Samuel Langholz,,No,,207,92,115
Wapello,RL/KV,Court of Appeals Judge - Samuel Langholz,,No,,99,33,66
Wapello,WA/EL,Court of Appeals Judge - Samuel Langholz,,No,,153,24,129
Wapello,AD/BL/PO,Court of Appeals Judge - Samuel Langholz,,Yes,,314,99,215
Wapello,AGT/AGC/PL,Court of Appeals Judge - Samuel Langholz,,Yes,,355,89,266
Wapello,CB/EV,Court of Appeals Judge - Samuel Langholz,,Yes,,254,37,217
Wapello,CN,Court of Appeals Judge - Samuel Langholz,,Yes,,336,143,193
Wapello,CP,Court of Appeals Judge - Samuel Langholz,,Yes,,51,21,30
Wapello,CS/CH,Court of Appeals Judge - Samuel Langholz,,Yes,,39,9,30
Wapello,DA,Court of Appeals Judge - Samuel Langholz,,Yes,,124,52,72
Wapello,GR,Court of Appeals Judge - Samuel Langholz,,Yes,,205,81,124
Wapello,HI,Court of Appeals Judge - Samuel Langholz,,Yes,,72,16,56
Wapello,KE,Court of Appeals Judge - Samuel Langholz,,Yes,,197,63,134
Wapello,OT/01,Court of Appeals Judge - Samuel Langholz,,Yes,,381,159,222
Wapello,OT/02,Court of Appeals Judge - Samuel Langholz,,Yes,,534,263,271
Wapello,OT/03,Court of Appeals Judge - Samuel Langholz,,Yes,,662,290,372
Wapello,OT/04,Court of Appeals Judge - Samuel Langholz,,Yes,,242,82,160
Wapello,OT/05,Court of Appeals Judge - Samuel Langholz,,Yes,,305,191,114
Wapello,OT/06,Court of Appeals Judge - Samuel Langholz,,Yes,,313,140,173
Wapello,OT/07,Court of Appeals Judge - Samuel Langholz,,Yes,,331,107,224
Wapello,OT/08,Court of Appeals Judge - Samuel Langholz,,Yes,,402,165,237
Wapello,OT/09,Court of Appeals Judge - Samuel Langholz,,Yes,,464,212,252
Wapello,OT/10,Court of Appeals Judge - Samuel Langholz,,Yes,,383,175,208
Wapello,RL/KV,Court of Appeals Judge - Samuel Langholz,,Yes,,166,48,118
Wapello,WA/EL,Court of Appeals Judge - Samuel Langholz,,Yes,,315,47,268
Wapello,AD/BL/PO,Court of Appeals Judge - Tyler J. Buller,,No,,174,60,114
Wapello,AGT/AGC/PL,Court of Appeals Judge - Tyler J. Buller,,No,,216,62,154
Wapello,CB/EV,Court of Appeals Judge - Tyler J. Buller,,No,,110,15,95
Wapello,CN,Court of Appeals Judge - Tyler J. Buller,,No,,157,78,79
Wapello,CP,Court of Appeals Judge - Tyler J. Buller,,No,,26,7,19
Wapello,CS/CH,Court of Appeals Judge - Tyler J. Buller,,No,,22,1,21
Wapello,DA,Court of Appeals Judge - Tyler J. Buller,,No,,72,41,31
Wapello,GR,Court of Appeals Judge - Tyler J. Buller,,No,,96,30,66
Wapello,HI,Court of Appeals Judge - Tyler J. Buller,,No,,38,10,28
Wapello,KE,Court of Appeals Judge - Tyler J. Buller,,No,,120,39,81
Wapello,OT/01,Court of Appeals Judge - Tyler J. Buller,,No,,193,91,102
Wapello,OT/02,Court of Appeals Judge - Tyler J. Buller,,No,,263,138,125
Wapello,OT/03,Court of Appeals Judge - Tyler J. Buller,,No,,303,149,154
Wapello,OT/04,Court of Appeals Judge - Tyler J. Buller,,No,,134,54,80
Wapello,OT/05,Court of Appeals Judge - Tyler J. Buller,,No,,147,84,63
Wapello,OT/06,Court of Appeals Judge - Tyler J. Buller,,No,,171,71,100
Wapello,OT/07,Court of Appeals Judge - Tyler J. Buller,,No,,172,74,98
Wapello,OT/08,Court of Appeals Judge - Tyler J. Buller,,No,,239,102,137
Wapello,OT/09,Court of Appeals Judge - Tyler J. Buller,,No,,242,109,133
Wapello,OT/10,Court of Appeals Judge - Tyler J. Buller,,No,,181,77,104
Wapello,RL/KV,Court of Appeals Judge - Tyler J. Buller,,No,,100,31,69
Wapello,WA/EL,Court of Appeals Judge - Tyler J. Buller,,No,,152,24,128
Wapello,AD/BL/PO,Court of Appeals Judge - Tyler J. Buller,,Yes,,324,102,222
Wapello,AGT/AGC/PL,Court of Appeals Judge - Tyler J. Buller,,Yes,,358,92,266
Wapello,CB/EV,Court of Appeals Judge - Tyler J. Buller,,Yes,,255,36,219
Wapello,CN,Court of Appeals Judge - Tyler J. Buller,,Yes,,328,140,188
Wapello,CP,Court of Appeals Judge - Tyler J. Buller,,Yes,,46,18,28
Wapello,CS/CH,Court of Appeals Judge - Tyler J. Buller,,Yes,,42,10,32
Wapello,DA,Court of Appeals Judge - Tyler J. Buller,,Yes,,124,49,75
Wapello,GR,Court of Appeals Judge - Tyler J. Buller,,Yes,,210,83,127
Wapello,HI,Court of Appeals Judge - Tyler J. Buller,,Yes,,69,19,50
Wapello,KE,Court of Appeals Judge - Tyler J. Buller,,Yes,,211,65,146
Wapello,OT/01,Court of Appeals Judge - Tyler J. Buller,,Yes,,398,161,237
Wapello,OT/02,Court of Appeals Judge - Tyler J. Buller,,Yes,,540,264,276
Wapello,OT/03,Court of Appeals Judge - Tyler J. Buller,,Yes,,684,313,371
Wapello,OT/04,Court of Appeals Judge - Tyler J. Buller,,Yes,,248,79,169
Wapello,OT/05,Court of Appeals Judge - Tyler J. Buller,,Yes,,301,188,113
Wapello,OT/06,Court of Appeals Judge - Tyler J. Buller,,Yes,,328,147,181
Wapello,OT/07,Court of Appeals Judge - Tyler J. Buller,,Yes,,338,115,223
Wapello,OT/08,Court of Appeals Judge - Tyler J. Buller,,Yes,,417,167,250
Wapello,OT/09,Court of Appeals Judge - Tyler J. Buller,,Yes,,466,215,251
Wapello,OT/10,Court of Appeals Judge - Tyler J. Buller,,Yes,,403,183,220
Wapello,RL/KV,Court of Appeals Judge - Tyler J. Buller,,Yes,,164,51,113
Wapello,WA/EL,Court of Appeals Judge - Tyler J. Buller,,Yes,,312,46,266
Wapello,DA,Dahlonega Township Trustee,,Mark Wagner,,204,97,107
Wapello,DA,Dahlonega Township Trustee,,Write-In,,5,2,3
Wapello,AD/BL/PO,District 8A Associate Judge - Daniel Perry Kitchen,,No,,157,49,108
Wapello,AGT/AGC/PL,District 8A Associate Judge - Daniel Perry Kitchen,,No,,181,45,136
Wapello,CB/EV,District 8A Associate Judge - Daniel Perry Kitchen,,No,,101,14,87
Wapello,CN,District 8A Associate Judge - Daniel Perry Kitchen,,No,,154,71,83
Wapello,CP,District 8A Associate Judge - Daniel Perry Kitchen,,No,,22,6,16
Wapello,CS/CH,District 8A Associate Judge - Daniel Perry Kitchen,,No,,23,1,22
Wapello,DA,District 8A Associate Judge - Daniel Perry Kitchen,,No,,63,38,25
Wapello,GR,District 8A Associate Judge - Daniel Perry Kitchen,,No,,95,32,63
Wapello,HI,District 8A Associate Judge - Daniel Perry Kitchen,,No,,37,10,27
Wapello,KE,District 8A Associate Judge - Daniel Perry Kitchen,,No,,117,37,80
Wapello,OT/01,District 8A Associate Judge - Daniel Perry Kitchen,,No,,189,87,102
Wapello,OT/02,District 8A Associate Judge - Daniel Perry Kitchen,,No,,236,119,117
Wapello,OT/03,District 8A Associate Judge - Daniel Perry Kitchen,,No,,256,130,126
Wapello,OT/04,District 8A Associate Judge - Daniel Perry Kitchen,,No,,131,46,85
Wapello,OT/05,District 8A Associate Judge - Daniel Perry Kitchen,,No,,117,64,53
Wapello,OT/06,District 8A Associate Judge - Daniel Perry Kitchen,,No,,172,74,98
Wapello,OT/07,District 8A Associate Judge - Daniel Perry Kitchen,,No,,157,77,80
Wapello,OT/08,District 8A Associate Judge - Daniel Perry Kitchen,,No,,247,107,140
Wapello,OT/09,District 8A Associate Judge - Daniel Perry Kitchen,,No,,214,90,124
Wapello,OT/10,District 8A Associate Judge - Daniel Perry Kitchen,,No,,168,70,98
Wapello,RL/KV,District 8A Associate Judge - Daniel Perry Kitchen,,No,,83,27,56
Wapello,WA/EL,District 8A Associate Judge - Daniel Perry Kitchen,,No,,135,23,112
Wapello,AD/BL/PO,District 8A Associate Judge - Daniel Perry Kitchen,,Yes,,327,106,221
Wapello,AGT/AGC/PL,District 8A Associate Judge - Daniel Perry Kitchen,,Yes,,378,102,276
Wapello,CB/EV,District 8A Associate Judge - Daniel Perry Kitchen,,Yes,,263,39,224
Wapello,CN,District 8A Associate Judge - Daniel Perry Kitchen,,Yes,,325,141,184
Wapello,CP,District 8A Associate Judge - Daniel Perry Kitchen,,Yes,,54,20,34
Wapello,CS/CH,District 8A Associate Judge - Daniel Perry Kitchen,,Yes,,42,10,32
Wapello,DA,District 8A Associate Judge - Daniel Perry Kitchen,,Yes,,131,49,82
Wapello,GR,District 8A Associate Judge - Daniel Perry Kitchen,,Yes,,208,78,130
Wapello,HI,District 8A Associate Judge - Daniel Perry Kitchen,,Yes,,71,17,54
Wapello,KE,District 8A Associate Judge - Daniel Perry Kitchen,,Yes,,216,70,146
Wapello,OT/01,District 8A Associate Judge - Daniel Perry Kitchen,,Yes,,400,167,233
Wapello,OT/02,District 8A Associate Judge - Daniel Perry Kitchen,,Yes,,561,281,280
Wapello,OT/03,District 8A Associate Judge - Daniel Perry Kitchen,,Yes,,707,321,386
Wapello,OT/04,District 8A Associate Judge - Daniel Perry Kitchen,,Yes,,246,87,159
Wapello,OT/05,District 8A Associate Judge - Daniel Perry Kitchen,,Yes,,309,188,121
Wapello,OT/06,District 8A Associate Judge - Daniel Perry Kitchen,,Yes,,325,146,179
Wapello,OT/07,District 8A Associate Judge - Daniel Perry Kitchen,,Yes,,348,111,237
Wapello,OT/08,District 8A Associate Judge - Daniel Perry Kitchen,,Yes,,402,161,241
Wapello,OT/09,District 8A Associate Judge - Daniel Perry Kitchen,,Yes,,472,222,250
Wapello,OT/10,District 8A Associate Judge - Daniel Perry Kitchen,,Yes,,404,180,224
Wapello,RL/KV,District 8A Associate Judge - Daniel Perry Kitchen,,Yes,,178,56,122
Wapello,WA/EL,District 8A Associate Judge - Daniel Perry Kitchen,,Yes,,327,46,281
Wapello,AD/BL/PO,District 8A Associate Judge - Patrick J. McAvan,,No,,153,51,102
Wapello,AGT/AGC/PL,District 8A Associate Judge - Patrick J. McAvan,,No,,162,38,124
Wapello,CB/EV,District 8A Associate Judge - Patrick J. McAvan,,No,,103,14,89
Wapello,CN,District 8A Associate Judge - Patrick J. McAvan,,No,,131,58,73
Wapello,CP,District 8A Associate Judge - Patrick J. McAvan,,No,,16,2,14
Wapello,CS/CH,District 8A Associate Judge - Patrick J. McAvan,,No,,20,2,18
Wapello,DA,District 8A Associate Judge - Patrick J. McAvan,,No,,55,31,24
Wapello,GR,District 8A Associate Judge - Patrick J. McAvan,,No,,88,30,58
Wapello,HI,District 8A Associate Judge - Patrick J. McAvan,,No,,34,10,24
Wapello,KE,District 8A Associate Judge - Patrick J. McAvan,,No,,114,37,77
Wapello,OT/01,District 8A Associate Judge - Patrick J. McAvan,,No,,171,83,88
Wapello,OT/02,District 8A Associate Judge - Patrick J. McAvan,,No,,217,113,104
Wapello,OT/03,District 8A Associate Judge - Patrick J. McAvan,,No,,241,118,123
Wapello,OT/04,District 8A Associate Judge - Patrick J. McAvan,,No,,125,43,82
Wapello,OT/05,District 8A Associate Judge - Patrick J. McAvan,,No,,106,56,50
Wapello,OT/06,District 8A Associate Judge - Patrick J. McAvan,,No,,163,72,91
Wapello,OT/07,District 8A Associate Judge - Patrick J. McAvan,,No,,154,71,83
Wapello,OT/08,District 8A Associate Judge - Patrick J. McAvan,,No,,215,86,129
Wapello,OT/09,District 8A Associate Judge - Patrick J. McAvan,,No,,181,83,98
Wapello,OT/10,District 8A Associate Judge - Patrick J. McAvan,,No,,155,67,88
Wapello,RL/KV,District 8A Associate Judge - Patrick J. McAvan,,No,,89,27,62
Wapello,WA/EL,District 8A Associate Judge - Patrick J. McAvan,,No,,133,21,112
Wapello,AD/BL/PO,District 8A Associate Judge - Patrick J. McAvan,,Yes,,337,105,232
Wapello,AGT/AGC/PL,District 8A Associate Judge - Patrick J. McAvan,,Yes,,402,111,291
Wapello,CB/EV,District 8A Associate Judge - Patrick J. McAvan,,Yes,,260,39,221
Wapello,CN,District 8A Associate Judge - Patrick J. McAvan,,Yes,,351,156,195
Wapello,CP,District 8A Associate Judge - Patrick J. McAvan,,Yes,,59,25,34
Wapello,CS/CH,District 8A Associate Judge - Patrick J. McAvan,,Yes,,45,9,36
Wapello,DA,District 8A Associate Judge - Patrick J. McAvan,,Yes,,141,58,83
Wapello,GR,District 8A Associate Judge - Patrick J. McAvan,,Yes,,216,84,132
Wapello,HI,District 8A Associate Judge - Patrick J. McAvan,,Yes,,72,16,56
Wapello,KE,District 8A Associate Judge - Patrick J. McAvan,,Yes,,217,68,149
Wapello,OT/01,District 8A Associate Judge - Patrick J. McAvan,,Yes,,426,177,249
Wapello,OT/02,District 8A Associate Judge - Patrick J. McAvan,,Yes,,598,300,298
Wapello,OT/03,District 8A Associate Judge - Patrick J. McAvan,,Yes,,750,343,407
Wapello,OT/04,District 8A Associate Judge - Patrick J. McAvan,,Yes,,264,95,169
Wapello,OT/05,District 8A Associate Judge - Patrick J. McAvan,,Yes,,326,199,127
Wapello,OT/06,District 8A Associate Judge - Patrick J. McAvan,,Yes,,338,148,190
Wapello,OT/07,District 8A Associate Judge - Patrick J. McAvan,,Yes,,357,122,235
Wapello,OT/08,District 8A Associate Judge - Patrick J. McAvan,,Yes,,435,183,252
Wapello,OT/09,District 8A Associate Judge - Patrick J. McAvan,,Yes,,513,236,277
Wapello,OT/10,District 8A Associate Judge - Patrick J. McAvan,,Yes,,426,191,235
Wapello,RL/KV,District 8A Associate Judge - Patrick J. McAvan,,Yes,,174,54,120
Wapello,WA/EL,District 8A Associate Judge - Patrick J. McAvan,,Yes,,335,52,283
Wapello,AD/BL/PO,District 8A Associate Judge - Richelle Mahaffey,,No,,153,49,104
Wapello,AGT/AGC/PL,District 8A Associate Judge - Richelle Mahaffey,,No,,178,45,133
Wapello,CB/EV,District 8A Associate Judge - Richelle Mahaffey,,No,,100,16,84
Wapello,CN,District 8A Associate Judge - Richelle Mahaffey,,No,,145,68,77
Wapello,CP,District 8A Associate Judge - Richelle Mahaffey,,No,,20,5,15
Wapello,CS/CH,District 8A Associate Judge - Richelle Mahaffey,,No,,22,1,21
Wapello,DA,District 8A Associate Judge - Richelle Mahaffey,,No,,62,35,27
Wapello,GR,District 8A Associate Judge - Richelle Mahaffey,,No,,85,32,53
Wapello,HI,District 8A Associate Judge - Richelle Mahaffey,,No,,41,12,29
Wapello,KE,District 8A Associate Judge - Richelle Mahaffey,,No,,116,39,77
Wapello,OT/01,District 8A Associate Judge - Richelle Mahaffey,,No,,190,85,105
Wapello,OT/02,District 8A Associate Judge - Richelle Mahaffey,,No,,225,113,112
Wapello,OT/03,District 8A Associate Judge - Richelle Mahaffey,,No,,263,126,137
Wapello,OT/04,District 8A Associate Judge - Richelle Mahaffey,,No,,117,41,76
Wapello,OT/05,District 8A Associate Judge - Richelle Mahaffey,,No,,122,70,52
Wapello,OT/06,District 8A Associate Judge - Richelle Mahaffey,,No,,156,69,87
Wapello,OT/07,District 8A Associate Judge - Richelle Mahaffey,,No,,153,66,87
Wapello,OT/08,District 8A Associate Judge - Richelle Mahaffey,,No,,220,87,133
Wapello,OT/09,District 8A Associate Judge - Richelle Mahaffey,,No,,194,80,114
Wapello,OT/10,District 8A Associate Judge - Richelle Mahaffey,,No,,153,65,88
Wapello,RL/KV,District 8A Associate Judge - Richelle Mahaffey,,No,,85,24,61
Wapello,WA/EL,District 8A Associate Judge - Richelle Mahaffey,,No,,146,20,126
Wapello,AD/BL/PO,District 8A Associate Judge - Richelle Mahaffey,,Yes,,336,104,232
Wapello,AGT/AGC/PL,District 8A Associate Judge - Richelle Mahaffey,,Yes,,379,103,276
Wapello,CB/EV,District 8A Associate Judge - Richelle Mahaffey,,Yes,,264,36,228
Wapello,CN,District 8A Associate Judge - Richelle Mahaffey,,Yes,,348,153,195
Wapello,CP,District 8A Associate Judge - Richelle Mahaffey,,Yes,,52,19,33
Wapello,CS/CH,District 8A Associate Judge - Richelle Mahaffey,,Yes,,42,10,32
Wapello,DA,District 8A Associate Judge - Richelle Mahaffey,,Yes,,135,55,80
Wapello,GR,District 8A Associate Judge - Richelle Mahaffey,,Yes,,223,83,140
Wapello,HI,District 8A Associate Judge - Richelle Mahaffey,,Yes,,64,13,51
Wapello,KE,District 8A Associate Judge - Richelle Mahaffey,,Yes,,211,66,145
Wapello,OT/01,District 8A Associate Judge - Richelle Mahaffey,,Yes,,399,168,231
Wapello,OT/02,District 8A Associate Judge - Richelle Mahaffey,,Yes,,575,289,286
Wapello,OT/03,District 8A Associate Judge - Richelle Mahaffey,,Yes,,706,327,379
Wapello,OT/04,District 8A Associate Judge - Richelle Mahaffey,,Yes,,261,95,166
Wapello,OT/05,District 8A Associate Judge - Richelle Mahaffey,,Yes,,304,182,122
Wapello,OT/06,District 8A Associate Judge - Richelle Mahaffey,,Yes,,340,146,194
Wapello,OT/07,District 8A Associate Judge - Richelle Mahaffey,,Yes,,353,125,228
Wapello,OT/08,District 8A Associate Judge - Richelle Mahaffey,,Yes,,426,177,249
Wapello,OT/09,District 8A Associate Judge - Richelle Mahaffey,,Yes,,493,238,255
Wapello,OT/10,District 8A Associate Judge - Richelle Mahaffey,,Yes,,425,193,232
Wapello,RL/KV,District 8A Associate Judge - Richelle Mahaffey,,Yes,,176,59,117
Wapello,WA/EL,District 8A Associate Judge - Richelle Mahaffey,,Yes,,318,51,267
Wapello,AD/BL/PO,District 8A Judge - Crystal S. Cronk,,No,,176,52,124
Wapello,AGT/AGC/PL,District 8A Judge - Crystal S. Cronk,,No,,188,47,141
Wapello,CB/EV,District 8A Judge - Crystal S. Cronk,,No,,113,14,99
Wapello,CN,District 8A Judge - Crystal S. Cronk,,No,,165,73,92
Wapello,CP,District 8A Judge - Crystal S. Cronk,,No,,20,4,16
Wapello,CS/CH,District 8A Judge - Crystal S. Cronk,,No,,24,2,22
Wapello,DA,District 8A Judge - Crystal S. Cronk,,No,,66,36,30
Wapello,GR,District 8A Judge - Crystal S. Cronk,,No,,109,38,71
Wapello,HI,District 8A Judge - Crystal S. Cronk,,No,,40,13,27
Wapello,KE,District 8A Judge - Crystal S. Cronk,,No,,124,40,84
Wapello,OT/01,District 8A Judge - Crystal S. Cronk,,No,,196,92,104
Wapello,OT/02,District 8A Judge - Crystal S. Cronk,,No,,237,120,117
Wapello,OT/03,District 8A Judge - Crystal S. Cronk,,No,,265,131,134
Wapello,OT/04,District 8A Judge - Crystal S. Cronk,,No,,145,53,92
Wapello,OT/05,District 8A Judge - Crystal S. Cronk,,No,,125,72,53
Wapello,OT/06,District 8A Judge - Crystal S. Cronk,,No,,166,77,89
Wapello,OT/07,District 8A Judge - Crystal S. Cronk,,No,,161,75,86
Wapello,OT/08,District 8A Judge - Crystal S. Cronk,,No,,253,107,146
Wapello,OT/09,District 8A Judge - Crystal S. Cronk,,No,,216,99,117
Wapello,OT/10,District 8A Judge - Crystal S. Cronk,,No,,195,84,111
Wapello,RL/KV,District 8A Judge - Crystal S. Cronk,,No,,100,35,65
Wapello,WA/EL,District 8A Judge - Crystal S. Cronk,,No,,155,20,135
Wapello,AD/BL/PO,District 8A Judge - Crystal S. Cronk,,Yes,,315,107,208
Wapello,AGT/AGC/PL,District 8A Judge - Crystal S. Cronk,,Yes,,381,103,278
Wapello,CB/EV,District 8A Judge - Crystal S. Cronk,,Yes,,258,42,216
Wapello,CN,District 8A Judge - Crystal S. Cronk,,Yes,,328,146,182
Wapello,CP,District 8A Judge - Crystal S. Cronk,,Yes,,55,20,35
Wapello,CS/CH,District 8A Judge - Crystal S. Cronk,,Yes,,40,9,31
Wapello,DA,District 8A Judge - Crystal S. Cronk,,Yes,,132,55,77
Wapello,GR,District 8A Judge - Crystal S. Cronk,,Yes,,201,75,126
Wapello,HI,District 8A Judge - Crystal S. Cronk,,Yes,,65,12,53
Wapello,KE,District 8A Judge - Crystal S. Cronk,,Yes,,207,69,138
Wapello,OT/01,District 8A Judge - Crystal S. Cronk,,Yes,,394,166,228
Wapello,OT/02,District 8A Judge - Crystal S. Cronk,,Yes,,572,286,286
Wapello,OT/03,District 8A Judge - Crystal S. Cronk,,Yes,,728,330,398
Wapello,OT/04,District 8A Judge - Crystal S. Cronk,,Yes,,236,79,157
Wapello,OT/05,District 8A Judge - Crystal S. Cronk,,Yes,,315,194,121
Wapello,OT/06,District 8A Judge - Crystal S. Cronk,,Yes,,340,143,197
Wapello,OT/07,District 8A Judge - Crystal S. Cronk,,Yes,,345,113,232
Wapello,OT/08,District 8A Judge - Crystal S. Cronk,,Yes,,403,160,243
Wapello,OT/09,District 8A Judge - Crystal S. Cronk,,Yes,,474,221,253
Wapello,OT/10,District 8A Judge - Crystal S. Cronk,,Yes,,386,177,209
Wapello,RL/KV,District 8A Judge - Crystal S. Cronk,,Yes,,166,49,117
Wapello,WA/EL,District 8A Judge - Crystal S. Cronk,,Yes,,313,53,260
Wapello,AD/BL/PO,District 8A Judge - Michael Carpenter,,No,,158,53,105
Wapello,AGT/AGC/PL,District 8A Judge - Michael Carpenter,,No,,167,38,129
Wapello,CB/EV,District 8A Judge - Michael Carpenter,,No,,100,13,87
Wapello,CN,District 8A Judge - Michael Carpenter,,No,,137,68,69
Wapello,CP,District 8A Judge - Michael Carpenter,,No,,18,4,14
Wapello,CS/CH,District 8A Judge - Michael Carpenter,,No,,20,2,18
Wapello,DA,District 8A Judge - Michael Carpenter,,No,,48,26,22
Wapello,GR,District 8A Judge - Michael Carpenter,,No,,87,32,55
Wapello,HI,District 8A Judge - Michael Carpenter,,No,,31,8,23
Wapello,KE,District 8A Judge - Michael Carpenter,,No,,93,31,62
Wapello,OT/01,District 8A Judge - Michael Carpenter,,No,,167,77,90
Wapello,OT/02,District 8A Judge - Michael Carpenter,,No,,201,108,93
Wapello,OT/03,District 8A Judge - Michael Carpenter,,No,,226,114,112
Wapello,OT/04,District 8A Judge - Michael Carpenter,,No,,124,43,81
Wapello,OT/05,District 8A Judge - Michael Carpenter,,No,,114,61,53
Wapello,OT/06,District 8A Judge - Michael Carpenter,,No,,141,58,83
Wapello,OT/07,District 8A Judge - Michael Carpenter,,No,,134,56,78
Wapello,OT/08,District 8A Judge - Michael Carpenter,,No,,189,80,109
Wapello,OT/09,District 8A Judge - Michael Carpenter,,No,,187,87,100
Wapello,OT/10,District 8A Judge - Michael Carpenter,,No,,137,62,75
Wapello,RL/KV,District 8A Judge - Michael Carpenter,,No,,86,25,61
Wapello,WA/EL,District 8A Judge - Michael Carpenter,,No,,131,20,111
Wapello,AD/BL/PO,District 8A Judge - Michael Carpenter,,Yes,,356,115,241
Wapello,AGT/AGC/PL,District 8A Judge - Michael Carpenter,,Yes,,422,120,302
Wapello,CB/EV,District 8A Judge - Michael Carpenter,,Yes,,271,40,231
Wapello,CN,District 8A Judge - Michael Carpenter,,Yes,,387,170,217
Wapello,CP,District 8A Judge - Michael Carpenter,,Yes,,58,21,37
Wapello,CS/CH,District 8A Judge - Michael Carpenter,,Yes,,46,9,37
Wapello,DA,District 8A Judge - Michael Carpenter,,Yes,,163,73,90
Wapello,GR,District 8A Judge - Michael Carpenter,,Yes,,241,94,147
Wapello,HI,District 8A Judge - Michael Carpenter,,Yes,,81,21,60
Wapello,KE,District 8A Judge - Michael Carpenter,,Yes,,250,84,166
Wapello,OT/01,District 8A Judge - Michael Carpenter,,Yes,,466,202,264
Wapello,OT/02,District 8A Judge - Michael Carpenter,,Yes,,706,354,352
Wapello,OT/03,District 8A Judge - Michael Carpenter,,Yes,,875,406,469
Wapello,OT/04,District 8A Judge - Michael Carpenter,,Yes,,282,99,183
Wapello,OT/05,District 8A Judge - Michael Carpenter,,Yes,,340,211,129
Wapello,OT/06,District 8A Judge - Michael Carpenter,,Yes,,383,170,213
Wapello,OT/07,District 8A Judge - Michael Carpenter,,Yes,,409,151,258
Wapello,OT/08,District 8A Judge - Michael Carpenter,,Yes,,498,201,297
Wapello,OT/09,District 8A Judge - Michael Carpenter,,Yes,,558,267,291
Wapello,OT/10,District 8A Judge - Michael Carpenter,,Yes,,493,234,259
Wapello,RL/KV,District 8A Judge - Michael Carpenter,,Yes,,182,60,122
Wapello,WA/EL,District 8A Judge - Michael Carpenter,,Yes,,344,55,289
Wapello,AD/BL/PO,District 8A Judge - Myron Gookin,,No,,171,53,118
Wapello,AGT/AGC/PL,District 8A Judge - Myron Gookin,,No,,180,50,130
Wapello,CB/EV,District 8A Judge - Myron Gookin,,No,,106,15,91
Wapello,CN,District 8A Judge - Myron Gookin,,No,,163,72,91
Wapello,CP,District 8A Judge - Myron Gookin,,No,,22,5,17
Wapello,CS/CH,District 8A Judge - Myron Gookin,,No,,22,2,20
Wapello,DA,District 8A Judge - Myron Gookin,,No,,73,38,35
Wapello,GR,District 8A Judge - Myron Gookin,,No,,102,34,68
Wapello,HI,District 8A Judge - Myron Gookin,,No,,41,12,29
Wapello,KE,District 8A Judge - Myron Gookin,,No,,120,38,82
Wapello,OT/01,District 8A Judge - Myron Gookin,,No,,196,88,108
Wapello,OT/02,District 8A Judge - Myron Gookin,,No,,233,111,122
Wapello,OT/03,District 8A Judge - Myron Gookin,,No,,279,123,156
Wapello,OT/04,District 8A Judge - Myron Gookin,,No,,135,47,88
Wapello,OT/05,District 8A Judge - Myron Gookin,,No,,134,79,55
Wapello,OT/06,District 8A Judge - Myron Gookin,,No,,172,71,101
Wapello,OT/07,District 8A Judge - Myron Gookin,,No,,174,70,104
Wapello,OT/08,District 8A Judge - Myron Gookin,,No,,253,110,143
Wapello,OT/09,District 8A Judge - Myron Gookin,,No,,222,100,122
Wapello,OT/10,District 8A Judge - Myron Gookin,,No,,187,83,104
Wapello,RL/KV,District 8A Judge - Myron Gookin,,No,,92,26,66
Wapello,WA/EL,District 8A Judge - Myron Gookin,,No,,147,15,132
Wapello,AD/BL/PO,District 8A Judge - Myron Gookin,,Yes,,316,104,212
Wapello,AGT/AGC/PL,District 8A Judge - Myron Gookin,,Yes,,401,107,294
Wapello,CB/EV,District 8A Judge - Myron Gookin,,Yes,,262,39,223
Wapello,CN,District 8A Judge - Myron Gookin,,Yes,,328,149,179
Wapello,CP,District 8A Judge - Myron Gookin,,Yes,,56,21,35
Wapello,CS/CH,District 8A Judge - Myron Gookin,,Yes,,42,9,33
Wapello,DA,District 8A Judge - Myron Gookin,,Yes,,131,56,75
Wapello,GR,District 8A Judge - Myron Gookin,,Yes,,205,78,127
Wapello,HI,District 8A Judge - Myron Gookin,,Yes,,68,15,53
Wapello,KE,District 8A Judge - Myron Gookin,,Yes,,210,69,141
Wapello,OT/01,District 8A Judge - Myron Gookin,,Yes,,394,168,226
Wapello,OT/02,District 8A Judge - Myron Gookin,,Yes,,587,298,289
Wapello,OT/03,District 8A Judge - Myron Gookin,,Yes,,730,345,385
Wapello,OT/04,District 8A Judge - Myron Gookin,,Yes,,251,87,164
Wapello,OT/05,District 8A Judge - Myron Gookin,,Yes,,304,187,117
Wapello,OT/06,District 8A Judge - Myron Gookin,,Yes,,334,151,183
Wapello,OT/07,District 8A Judge - Myron Gookin,,Yes,,327,116,211
Wapello,OT/08,District 8A Judge - Myron Gookin,,Yes,,406,157,249
Wapello,OT/09,District 8A Judge - Myron Gookin,,Yes,,476,220,256
Wapello,OT/10,District 8A Judge - Myron Gookin,,Yes,,401,182,219
Wapello,RL/KV,District 8A Judge - Myron Gookin,,Yes,,171,56,115
Wapello,WA/EL,District 8A Judge - Myron Gookin,,Yes,,323,59,264
Wapello,AD/BL/PO,District 8A Judge - Shawn R. Showers,,No,,174,56,118
Wapello,AGT/AGC/PL,District 8A Judge - Shawn R. Showers,,No,,184,46,138
Wapello,CB/EV,District 8A Judge - Shawn R. Showers,,No,,106,14,92
Wapello,CN,District 8A Judge - Shawn R. Showers,,No,,155,71,84
Wapello,CP,District 8A Judge - Shawn R. Showers,,No,,23,5,18
Wapello,CS/CH,District 8A Judge - Shawn R. Showers,,No,,24,2,22
Wapello,DA,District 8A Judge - Shawn R. Showers,,No,,65,36,29
Wapello,GR,District 8A Judge - Shawn R. Showers,,No,,94,32,62
Wapello,HI,District 8A Judge - Shawn R. Showers,,No,,36,11,25
Wapello,KE,District 8A Judge - Shawn R. Showers,,No,,111,36,75
Wapello,OT/01,District 8A Judge - Shawn R. Showers,,No,,179,83,96
Wapello,OT/02,District 8A Judge - Shawn R. Showers,,No,,226,115,111
Wapello,OT/03,District 8A Judge - Shawn R. Showers,,No,,255,128,127
Wapello,OT/04,District 8A Judge - Shawn R. Showers,,No,,132,44,88
Wapello,OT/05,District 8A Judge - Shawn R. Showers,,No,,127,72,55
Wapello,OT/06,District 8A Judge - Shawn R. Showers,,No,,156,67,89
Wapello,OT/07,District 8A Judge - Shawn R. Showers,,No,,157,72,85
Wapello,OT/08,District 8A Judge - Shawn R. Showers,,No,,238,104,134
Wapello,OT/09,District 8A Judge - Shawn R. Showers,,No,,207,93,114
Wapello,OT/10,District 8A Judge - Shawn R. Showers,,No,,179,73,106
Wapello,RL/KV,District 8A Judge - Shawn R. Showers,,No,,91,28,63
Wapello,WA/EL,District 8A Judge - Shawn R. Showers,,No,,131,19,112
Wapello,AD/BL/PO,District 8A Judge - Shawn R. Showers,,Yes,,315,99,216
Wapello,AGT/AGC/PL,District 8A Judge - Shawn R. Showers,,Yes,,385,103,282
Wapello,CB/EV,District 8A Judge - Shawn R. Showers,,Yes,,263,42,221
Wapello,CN,District 8A Judge - Shawn R. Showers,,Yes,,331,144,187
Wapello,CP,District 8A Judge - Shawn R. Showers,,Yes,,51,20,31
Wapello,CS/CH,District 8A Judge - Shawn R. Showers,,Yes,,40,9,31
Wapello,DA,District 8A Judge - Shawn R. Showers,,Yes,,129,52,77
Wapello,GR,District 8A Judge - Shawn R. Showers,,Yes,,213,83,130
Wapello,HI,District 8A Judge - Shawn R. Showers,,Yes,,69,14,55
Wapello,KE,District 8A Judge - Shawn R. Showers,,Yes,,220,71,149
Wapello,OT/01,District 8A Judge - Shawn R. Showers,,Yes,,408,174,234
Wapello,OT/02,District 8A Judge - Shawn R. Showers,,Yes,,577,285,292
Wapello,OT/03,District 8A Judge - Shawn R. Showers,,Yes,,726,325,401
Wapello,OT/04,District 8A Judge - Shawn R. Showers,,Yes,,249,89,160
Wapello,OT/05,District 8A Judge - Shawn R. Showers,,Yes,,309,192,117
Wapello,OT/06,District 8A Judge - Shawn R. Showers,,Yes,,350,154,196
Wapello,OT/07,District 8A Judge - Shawn R. Showers,,Yes,,347,114,233
Wapello,OT/08,District 8A Judge - Shawn R. Showers,,Yes,,420,167,253
Wapello,OT/09,District 8A Judge - Shawn R. Showers,,Yes,,483,227,256
Wapello,OT/10,District 8A Judge - Shawn R. Showers,,Yes,,400,188,212
Wapello,RL/KV,District 8A Judge - Shawn R. Showers,,Yes,,170,54,116
Wapello,WA/EL,District 8A Judge - Shawn R. Showers,,Yes,,337,55,282
Wapello,AGT/AGC/PL,Fairfield School - Public Measure LR,,No,,0,0,0
Wapello,AGT/AGC/PL,Fairfield School - Public Measure LR,,Yes,,0,0,0
Wapello,GR,Green Township Trustee,,Write-In,,52,19,33
Wapello,HI,Highland Township Trustee,,Brent A. Cobler,,128,40,88
Wapello,HI,Highland Township Trustee,,Write-In,,1,0,1
Wapello,KE,Keokuk Township Trustee,,Write-In,,24,8,16
Wapello,AGT/AGC/PL,Pleasant Township Trustee,,Kevin Wayne McDaniel,,115,23,92
Wapello,AGT/AGC/PL,Pleasant Township Trustee,,Write-In,,0,0,0
Wapello,AGT/AGC/PL,Pleasant Township Trustee To Fill a Vacancy,,Larry K. Sample,,128,28,100
Wapello,AGT/AGC/PL,Pleasant Township Trustee To Fill a Vacancy,,Write-In,,0,0,0
Wapello,AD/BL/PO,Polk Township Trustee,,Write-In,,33,14,19
Wapello,AD/BL/PO,President,,Chase Oliver and Mike ter Maat,LIB,3,0,3
Wapello,AGT/AGC/PL,President,,Chase Oliver and Mike ter Maat,LIB,2,0,2
Wapello,CB/EV,President,,Chase Oliver and Mike ter Maat,LIB,1,0,1
Wapello,CN,President,,Chase Oliver and Mike ter Maat,LIB,3,1,2
Wapello,CP,President,,Chase Oliver and Mike ter Maat,LIB,0,0,0
Wapello,CS/CH,President,,Chase Oliver and Mike ter Maat,LIB,2,0,2
Wapello,DA,President,,Chase Oliver and Mike ter Maat,LIB,0,0,0
Wapello,GR,President,,Chase Oliver and Mike ter Maat,LIB,3,0,3
Wapello,HI,President,,Chase Oliver and Mike ter Maat,LIB,2,0,2
Wapello,KE,President,,Chase Oliver and Mike ter Maat,LIB,1,0,1
Wapello,OT/01,President,,Chase Oliver and Mike ter Maat,LIB,2,0,2
Wapello,OT/02,President,,Chase Oliver and Mike ter Maat,LIB,8,5,3
Wapello,OT/03,President,,Chase Oliver and Mike ter Maat,LIB,4,1,3
Wapello,OT/04,President,,Chase Oliver and Mike ter Maat,LIB,3,2,1
Wapello,OT/05,President,,Chase Oliver and Mike ter Maat,LIB,1,0,1
Wapello,OT/06,President,,Chase Oliver and Mike ter Maat,LIB,1,0,1
Wapello,OT/07,President,,Chase Oliver and Mike ter Maat,LIB,3,1,2
Wapello,OT/08,President,,Chase Oliver and Mike ter Maat,LIB,2,0,2
Wapello,OT/09,President,,Chase Oliver and Mike ter Maat,LIB,4,0,4
Wapello,OT/10,President,,Chase Oliver and Mike ter Maat,LIB,3,2,1
Wapello,RL/KV,President,,Chase Oliver and Mike ter Maat,LIB,2,1,1
Wapello,WA/EL,President,,Chase Oliver and Mike ter Maat,LIB,2,0,2
Wapello,AD/BL/PO,President,,Claudia De la Cruz and Karina Garcia,PSL,0,0,0
Wapello,AGT/AGC/PL,President,,Claudia De la Cruz and Karina Garcia,PSL,0,0,0
Wapello,CB/EV,President,,Claudia De la Cruz and Karina Garcia,PSL,0,0,0
Wapello,CN,President,,Claudia De la Cruz and Karina Garcia,PSL,0,0,0
Wapello,CP,President,,Claudia De la Cruz and Karina Garcia,PSL,0,0,0
Wapello,CS/CH,President,,Claudia De la Cruz and Karina Garcia,PSL,0,0,0
Wapello,DA,President,,Claudia De la Cruz and Karina Garcia,PSL,0,0,0
Wapello,GR,President,,Claudia De la Cruz and Karina Garcia,PSL,0,0,0
Wapello,HI,President,,Claudia De la Cruz and Karina Garcia,PSL,0,0,0
Wapello,KE,President,,Claudia De la Cruz and Karina Garcia,PSL,1,0,1
Wapello,OT/01,President,,Claudia De la Cruz and Karina Garcia,PSL,2,1,1
Wapello,OT/02,President,,Claudia De la Cruz and Karina Garcia,PSL,3,1,2
Wapello,OT/03,President,,Claudia De la Cruz and Karina Garcia,PSL,0,0,0
Wapello,OT/04,President,,Claudia De la Cruz and Karina Garcia,PSL,1,0,1
Wapello,OT/05,President,,Claudia De la Cruz and Karina Garcia,PSL,0,0,0
Wapello,OT/06,President,,Claudia De la Cruz and Karina Garcia,PSL,2,0,2
Wapello,OT/07,President,,Claudia De la Cruz and Karina Garcia,PSL,1,1,0
Wapello,OT/08,President,,Claudia De la Cruz and Karina Garcia,PSL,0,0,0
Wapello,OT/09,President,,Claudia De la Cruz and Karina Garcia,PSL,0,0,0
Wapello,OT/10,President,,Claudia De la Cruz and Karina Garcia,PSL,3,2,1
Wapello,RL/KV,President,,Claudia De la Cruz and Karina Garcia,PSL,0,0,0
Wapello,WA/EL,President,,Claudia De la Cruz and Karina Garcia,PSL,0,0,0
Wapello,AD/BL/PO,President,,Donald J. Trump and JD Vance,REP,605,164,441
Wapello,AGT/AGC/PL,President,,Donald J. Trump and JD Vance,REP,566,130,436
Wapello,CB/EV,President,,Donald J. Trump and JD Vance,REP,359,48,311
Wapello,CN,President,,Donald J. Trump and JD Vance,REP,550,260,290
Wapello,CP,President,,Donald J. Trump and JD Vance,REP,105,32,73
Wapello,CS/CH,President,,Donald J. Trump and JD Vance,REP,73,10,63
Wapello,DA,President,,Donald J. Trump and JD Vance,REP,189,87,102
Wapello,GR,President,,Donald J. Trump and JD Vance,REP,377,129,248
Wapello,HI,President,,Donald J. Trump and JD Vance,REP,110,34,76
Wapello,KE,President,,Donald J. Trump and JD Vance,REP,352,113,239
Wapello,OT/01,President,,Donald J. Trump and JD Vance,REP,520,225,295
Wapello,OT/02,President,,Donald J. Trump and JD Vance,REP,687,328,359
Wapello,OT/03,President,,Donald J. Trump and JD Vance,REP,780,310,470
Wapello,OT/04,President,,Donald J. Trump and JD Vance,REP,337,110,227
Wapello,OT/05,President,,Donald J. Trump and JD Vance,REP,348,190,158
Wapello,OT/06,President,,Donald J. Trump and JD Vance,REP,449,161,288
Wapello,OT/07,President,,Donald J. Trump and JD Vance,REP,460,161,299
Wapello,OT/08,President,,Donald J. Trump and JD Vance,REP,624,222,402
Wapello,OT/09,President,,Donald J. Trump and JD Vance,REP,633,254,379
Wapello,OT/10,President,,Donald J. Trump and JD Vance,REP,580,226,354
Wapello,RL/KV,President,,Donald J. Trump and JD Vance,REP,291,60,231
Wapello,WA/EL,President,,Donald J. Trump and JD Vance,REP,484,62,422
Wapello,AD/BL/PO,President,,Kamala D. Harris and Tim Walz,DEM,154,89,65
Wapello,AGT/AGC/PL,President,,Kamala D. Harris and Tim Walz,DEM,208,90,118
Wapello,CB/EV,President,,Kamala D. Harris and Tim Walz,DEM,119,27,92
Wapello,CN,President,,Kamala D. Harris and Tim Walz,DEM,195,114,81
Wapello,CP,President,,Kamala D. Harris and Tim Walz,DEM,16,8,8
Wapello,CS/CH,President,,Kamala D. Harris and Tim Walz,DEM,20,6,14
Wapello,DA,President,,Kamala D. Harris and Tim Walz,DEM,94,57,37
Wapello,GR,President,,Kamala D. Harris and Tim Walz,DEM,105,49,56
Wapello,HI,President,,Kamala D. Harris and Tim Walz,DEM,31,12,19
Wapello,KE,President,,Kamala D. Harris and Tim Walz,DEM,107,62,45
Wapello,OT/01,President,,Kamala D. Harris and Tim Walz,DEM,318,172,146
Wapello,OT/02,President,,Kamala D. Harris and Tim Walz,DEM,522,310,212
Wapello,OT/03,President,,Kamala D. Harris and Tim Walz,DEM,639,355,284
Wapello,OT/04,President,,Kamala D. Harris and Tim Walz,DEM,236,105,131
Wapello,OT/05,President,,Kamala D. Harris and Tim Walz,DEM,282,191,91
Wapello,OT/06,President,,Kamala D. Harris and Tim Walz,DEM,241,150,91
Wapello,OT/07,President,,Kamala D. Harris and Tim Walz,DEM,267,140,127
Wapello,OT/08,President,,Kamala D. Harris and Tim Walz,DEM,317,176,141
Wapello,OT/09,President,,Kamala D. Harris and Tim Walz,DEM,421,251,170
Wapello,OT/10,President,,Kamala D. Harris and Tim Walz,DEM,361,186,175
Wapello,RL/KV,President,,Kamala D. Harris and Tim Walz,DEM,104,57,47
Wapello,WA/EL,President,,Kamala D. Harris and Tim Walz,DEM,139,43,96
Wapello,AD/BL/PO,President,,Robert F. Kennedy Jr and Nicole Shanahan,WTP,9,4,5
Wapello,AGT/AGC/PL,President,,Robert F. Kennedy Jr and Nicole Shanahan,WTP,10,1,9
Wapello,CB/EV,President,,Robert F. Kennedy Jr and Nicole Shanahan,WTP,2,0,2
Wapello,CN,President,,Robert F. Kennedy Jr and Nicole Shanahan,WTP,5,4,1
Wapello,CP,President,,Robert F. Kennedy Jr and Nicole Shanahan,WTP,1,0,1
Wapello,CS/CH,President,,Robert F. Kennedy Jr and Nicole Shanahan,WTP,0,0,0
Wapello,DA,President,,Robert F. Kennedy Jr and Nicole Shanahan,WTP,2,1,1
Wapello,GR,President,,Robert F. Kennedy Jr and Nicole Shanahan,WTP,4,0,4
Wapello,HI,President,,Robert F. Kennedy Jr and Nicole Shanahan,WTP,1,0,1
Wapello,KE,President,,Robert F. Kennedy Jr and Nicole Shanahan,WTP,7,1,6
Wapello,OT/01,President,,Robert F. Kennedy Jr and Nicole Shanahan,WTP,10,4,6
Wapello,OT/02,President,,Robert F. Kennedy Jr and Nicole Shanahan,WTP,9,3,6
Wapello,OT/03,President,,Robert F. Kennedy Jr and Nicole Shanahan,WTP,12,1,11
Wapello,OT/04,President,,Robert F. Kennedy Jr and Nicole Shanahan,WTP,3,0,3
Wapello,OT/05,President,,Robert F. Kennedy Jr and Nicole Shanahan,WTP,4,2,2
Wapello,OT/06,President,,Robert F. Kennedy Jr and Nicole Shanahan,WTP,12,3,9
Wapello,OT/07,President,,Robert F. Kennedy Jr and Nicole Shanahan,WTP,8,2,6
Wapello,OT/08,President,,Robert F. Kennedy Jr and Nicole Shanahan,WTP,11,4,7
Wapello,OT/09,President,,Robert F. Kennedy Jr and Nicole Shanahan,WTP,7,4,3
Wapello,OT/10,President,,Robert F. Kennedy Jr and Nicole Shanahan,WTP,4,2,2
Wapello,RL/KV,President,,Robert F. Kennedy Jr and Nicole Shanahan,WTP,1,1,0
Wapello,WA/EL,President,,Robert F. Kennedy Jr and Nicole Shanahan,WTP,5,0,5
Wapello,AD/BL/PO,President,,Shiva Ayyadurai and Crystal Ellis,,0,0,0
Wapello,AGT/AGC/PL,President,,Shiva Ayyadurai and Crystal Ellis,,1,0,1
Wapello,CB/EV,President,,Shiva Ayyadurai and Crystal Ellis,,0,0,0
Wapello,CN,President,,Shiva Ayyadurai and Crystal Ellis,,0,0,0
Wapello,CP,President,,Shiva Ayyadurai and Crystal Ellis,,0,0,0
Wapello,CS/CH,President,,Shiva Ayyadurai and Crystal Ellis,,0,0,0
Wapello,DA,President,,Shiva Ayyadurai and Crystal Ellis,,0,0,0
Wapello,GR,President,,Shiva Ayyadurai and Crystal Ellis,,0,0,0
Wapello,HI,President,,Shiva Ayyadurai and Crystal Ellis,,0,0,0
Wapello,KE,President,,Shiva Ayyadurai and Crystal Ellis,,0,0,0
Wapello,OT/01,President,,Shiva Ayyadurai and Crystal Ellis,,0,0,0
Wapello,OT/02,President,,Shiva Ayyadurai and Crystal Ellis,,0,0,0
Wapello,OT/03,President,,Shiva Ayyadurai and Crystal Ellis,,1,0,1
Wapello,OT/04,President,,Shiva Ayyadurai and Crystal Ellis,,0,0,0
Wapello,OT/05,President,,Shiva Ayyadurai and Crystal Ellis,,0,0,0
Wapello,OT/06,President,,Shiva Ayyadurai and Crystal Ellis,,0,0,0
Wapello,OT/07,President,,Shiva Ayyadurai and Crystal Ellis,,0,0,0
Wapello,OT/08,President,,Shiva Ayyadurai and Crystal Ellis,,0,0,0
Wapello,OT/09,President,,Shiva Ayyadurai and Crystal Ellis,,1,0,1
Wapello,OT/10,President,,Shiva Ayyadurai and Crystal Ellis,,0,0,0
Wapello,RL/KV,President,,Shiva Ayyadurai and Crystal Ellis,,0,0,0
Wapello,WA/EL,President,,Shiva Ayyadurai and Crystal Ellis,,0,0,0
Wapello,AD/BL/PO,President,,William P. Stodden and Stephanie H. Cholensky,SOC,0,0,0
Wapello,AGT/AGC/PL,President,,William P. Stodden and Stephanie H. Cholensky,SOC,0,0,0
Wapello,CB/EV,President,,William P. Stodden and Stephanie H. Cholensky,SOC,0,0,0
Wapello,CN,President,,William P. Stodden and Stephanie H. Cholensky,SOC,0,0,0
Wapello,CP,President,,William P. Stodden and Stephanie H. Cholensky,SOC,0,0,0
Wapello,CS/CH,President,,William P. Stodden and Stephanie H. Cholensky,SOC,0,0,0
Wapello,DA,President,,William P. Stodden and Stephanie H. Cholensky,SOC,0,0,0
Wapello,GR,President,,William P. Stodden and Stephanie H. Cholensky,SOC,0,0,0
Wapello,HI,President,,William P. Stodden and Stephanie H. Cholensky,SOC,0,0,0
Wapello,KE,President,,William P. Stodden and Stephanie H. Cholensky,SOC,0,0,0
Wapello,OT/01,President,,William P. Stodden and Stephanie H. Cholensky,SOC,0,0,0
Wapello,OT/02,President,,William P. Stodden and Stephanie H. Cholensky,SOC,0,0,0
Wapello,OT/03,President,,William P. Stodden and Stephanie H. Cholensky,SOC,0,0,0
Wapello,OT/04,President,,William P. Stodden and Stephanie H. Cholensky,SOC,0,0,0
Wapello,OT/05,President,,William P. Stodden and Stephanie H. Cholensky,SOC,0,0,0
Wapello,OT/06,President,,William P. Stodden and Stephanie H. Cholensky,SOC,0,0,0
Wapello,OT/07,President,,William P. Stodden and Stephanie H. Cholensky,SOC,0,0,0
Wapello,OT/08,President,,William P. Stodden and Stephanie H. Cholensky,SOC,0,0,0
Wapello,OT/09,President,,William P. Stodden and Stephanie H. Cholensky,SOC,1,0,1
Wapello,OT/10,President,,William P. Stodden and Stephanie H. Cholensky,SOC,0,0,0
Wapello,RL/KV,President,,William P. Stodden and Stephanie H. Cholensky,SOC,0,0,0
Wapello,WA/EL,President,,William P. Stodden and Stephanie H. Cholensky,SOC,0,0,0
Wapello,AD/BL/PO,President,,Write-In,,1,0,1
Wapello,AGT/AGC/PL,President,,Write-In,,0,0,0
Wapello,CB/EV,President,,Write-In,,1,0,1
Wapello,CN,President,,Write-In,,0,0,0
Wapello,CP,President,,Write-In,,0,0,0
Wapello,CS/CH,President,,Write-In,,0,0,0
Wapello,DA,President,,Write-In,,2,2,0
Wapello,GR,President,,Write-In,,0,0,0
Wapello,HI,President,,Write-In,,0,0,0
Wapello,KE,President,,Write-In,,2,0,2
Wapello,OT/01,President,,Write-In,,0,0,0
Wapello,OT/02,President,,Write-In,,0,0,0
Wapello,OT/03,President,,Write-In,,0,0,0
Wapello,OT/04,President,,Write-In,,1,0,1
Wapello,OT/05,President,,Write-In,,1,0,1
Wapello,OT/06,President,,Write-In,,0,0,0
Wapello,OT/07,President,,Write-In,,1,1,0
Wapello,OT/08,President,,Write-In,,0,0,0
Wapello,OT/09,President,,Write-In,,0,0,0
Wapello,OT/10,President,,Write-In,,2,1,1
Wapello,RL/KV,President,,Write-In,,1,1,0
Wapello,WA/EL,President,,Write-In,,0,0,0
Wapello,RL/KV,Richland Township Trustee,,Mary Ellen Schmitz,,102,39,63
Wapello,RL/KV,Richland Township Trustee,,Mike Allman,,123,37,86
Wapello,RL/KV,Richland Township Trustee,,Write-In,,1,0,1
Wapello,AD/BL/PO,Soil and Water Conservation District Commissioner,,Don Swanson,,439,141,298
Wapello,AGT/AGC/PL,Soil and Water Conservation District Commissioner,,Don Swanson,,478,133,345
Wapello,CB/EV,Soil and Water Conservation District Commissioner,,Don Swanson,,286,37,249
Wapello,CN,Soil and Water Conservation District Commissioner,,Don Swanson,,390,193,197
Wapello,CP,Soil and Water Conservation District Commissioner,,Don Swanson,,74,27,47
Wapello,CS/CH,Soil and Water Conservation District Commissioner,,Don Swanson,,64,11,53
Wapello,DA,Soil and Water Conservation District Commissioner,,Don Swanson,,176,81,95
Wapello,GR,Soil and Water Conservation District Commissioner,,Don Swanson,,235,83,152
Wapello,HI,Soil and Water Conservation District Commissioner,,Don Swanson,,96,30,66
Wapello,KE,Soil and Water Conservation District Commissioner,,Don Swanson,,247,90,157
Wapello,OT/01,Soil and Water Conservation District Commissioner,,Don Swanson,,441,209,232
Wapello,OT/02,Soil and Water Conservation District Commissioner,,Don Swanson,,660,336,324
Wapello,OT/03,Soil and Water Conservation District Commissioner,,Don Swanson,,810,393,417
Wapello,OT/04,Soil and Water Conservation District Commissioner,,Don Swanson,,276,106,170
Wapello,OT/05,Soil and Water Conservation District Commissioner,,Don Swanson,,314,185,129
Wapello,OT/06,Soil and Water Conservation District Commissioner,,Don Swanson,,353,158,195
Wapello,OT/07,Soil and Water Conservation District Commissioner,,Don Swanson,,358,138,220
Wapello,OT/08,Soil and Water Conservation District Commissioner,,Don Swanson,,471,200,271
Wapello,OT/09,Soil and Water Conservation District Commissioner,,Don Swanson,,539,257,282
Wapello,OT/10,Soil and Water Conservation District Commissioner,,Don Swanson,,437,206,231
Wapello,RL/KV,Soil and Water Conservation District Commissioner,,Don Swanson,,210,67,143
Wapello,WA/EL,Soil and Water Conservation District Commissioner,,Don Swanson,,368,60,308
Wapello,AD/BL/PO,Soil and Water Conservation District Commissioner,,James D. Sterling,,390,126,264
Wapello,AGT/AGC/PL,Soil and Water Conservation District Commissioner,,James D. Sterling,,437,117,320
Wapello,CB/EV,Soil and Water Conservation District Commissioner,,James D. Sterling,,280,35,245
Wapello,CN,Soil and Water Conservation District Commissioner,,James D. Sterling,,368,169,199
Wapello,CP,Soil and Water Conservation District Commissioner,,James D. Sterling,,91,32,59
Wapello,CS/CH,Soil and Water Conservation District Commissioner,,James D. Sterling,,54,9,45
Wapello,DA,Soil and Water Conservation District Commissioner,,James D. Sterling,,153,69,84
Wapello,GR,Soil and Water Conservation District Commissioner,,James D. Sterling,,217,77,140
Wapello,HI,Soil and Water Conservation District Commissioner,,James D. Sterling,,95,30,65
Wapello,KE,Soil and Water Conservation District Commissioner,,James D. Sterling,,228,80,148
Wapello,OT/01,Soil and Water Conservation District Commissioner,,James D. Sterling,,419,197,222
Wapello,OT/02,Soil and Water Conservation District Commissioner,,James D. Sterling,,583,303,280
Wapello,OT/03,Soil and Water Conservation District Commissioner,,James D. Sterling,,720,365,355
Wapello,OT/04,Soil and Water Conservation District Commissioner,,James D. Sterling,,230,81,149
Wapello,OT/05,Soil and Water Conservation District Commissioner,,James D. Sterling,,285,172,113
Wapello,OT/06,Soil and Water Conservation District Commissioner,,James D. Sterling,,335,149,186
Wapello,OT/07,Soil and Water Conservation District Commissioner,,James D. Sterling,,334,140,194
Wapello,OT/08,Soil and Water Conservation District Commissioner,,James D. Sterling,,429,179,250
Wapello,OT/09,Soil and Water Conservation District Commissioner,,James D. Sterling,,503,241,262
Wapello,OT/10,Soil and Water Conservation District Commissioner,,James D. Sterling,,422,202,220
Wapello,RL/KV,Soil and Water Conservation District Commissioner,,James D. Sterling,,181,49,132
Wapello,WA/EL,Soil and Water Conservation District Commissioner,,James D. Sterling,,325,55,270
Wapello,AD/BL/PO,Soil and Water Conservation District Commissioner,,Terry Willhoit,,401,139,262
Wapello,AGT/AGC/PL,Soil and Water Conservation District Commissioner,,Terry Willhoit,,476,141,335
Wapello,CB/EV,Soil and Water Conservation District Commissioner,,Terry Willhoit,,240,32,208
Wapello,CN,Soil and Water Conservation District Commissioner,,Terry Willhoit,,412,199,213
Wapello,CP,Soil and Water Conservation District Commissioner,,Terry Willhoit,,85,35,50
Wapello,CS/CH,Soil and Water Conservation District Commissioner,,Terry Willhoit,,55,9,46
Wapello,DA,Soil and Water Conservation District Commissioner,,Terry Willhoit,,159,76,83
Wapello,GR,Soil and Water Conservation District Commissioner,,Terry Willhoit,,248,95,153
Wapello,HI,Soil and Water Conservation District Commissioner,,Terry Willhoit,,99,28,71
Wapello,KE,Soil and Water Conservation District Commissioner,,Terry Willhoit,,230,87,143
Wapello,OT/01,Soil and Water Conservation District Commissioner,,Terry Willhoit,,385,189,196
Wapello,OT/02,Soil and Water Conservation District Commissioner,,Terry Willhoit,,614,329,285
Wapello,OT/03,Soil and Water Conservation District Commissioner,,Terry Willhoit,,711,363,348
Wapello,OT/04,Soil and Water Conservation District Commissioner,,Terry Willhoit,,219,90,129
Wapello,OT/05,Soil and Water Conservation District Commissioner,,Terry Willhoit,,278,176,102
Wapello,OT/06,Soil and Water Conservation District Commissioner,,Terry Willhoit,,302,148,154
Wapello,OT/07,Soil and Water Conservation District Commissioner,,Terry Willhoit,,294,131,163
Wapello,OT/08,Soil and Water Conservation District Commissioner,,Terry Willhoit,,432,191,241
Wapello,OT/09,Soil and Water Conservation District Commissioner,,Terry Willhoit,,515,262,253
Wapello,OT/10,Soil and Water Conservation District Commissioner,,Terry Willhoit,,403,202,201
Wapello,RL/KV,Soil and Water Conservation District Commissioner,,Terry Willhoit,,173,54,119
Wapello,WA/EL,Soil and Water Conservation District Commissioner,,Terry Willhoit,,347,63,284
Wapello,AD/BL/PO,Soil and Water Conservation District Commissioner,,Write-In,,6,3,3
Wapello,AGT/AGC/PL,Soil and Water Conservation District Commissioner,,Write-In,,7,2,5
Wapello,CB/EV,Soil and Water Conservation District Commissioner,,Write-In,,0,0,0
Wapello,CN,Soil and Water Conservation District Commissioner,,Write-In,,1,0,1
Wapello,CP,Soil and Water Conservation District Commissioner,,Write-In,,0,0,0
Wapello,CS/CH,Soil and Water Conservation District Commissioner,,Write-In,,1,0,1
Wapello,DA,Soil and Water Conservation District Commissioner,,Write-In,,1,0,1
Wapello,GR,Soil and Water Conservation District Commissioner,,Write-In,,4,3,1
Wapello,HI,Soil and Water Conservation District Commissioner,,Write-In,,5,3,2
Wapello,KE,Soil and Water Conservation District Commissioner,,Write-In,,3,1,2
Wapello,OT/01,Soil and Water Conservation District Commissioner,,Write-In,,6,2,4
Wapello,OT/02,Soil and Water Conservation District Commissioner,,Write-In,,10,6,4
Wapello,OT/03,Soil and Water Conservation District Commissioner,,Write-In,,11,4,7
Wapello,OT/04,Soil and Water Conservation District Commissioner,,Write-In,,3,1,2
Wapello,OT/05,Soil and Water Conservation District Commissioner,,Write-In,,6,5,1
Wapello,OT/06,Soil and Water Conservation District Commissioner,,Write-In,,8,5,3
Wapello,OT/07,Soil and Water Conservation District Commissioner,,Write-In,,5,2,3
Wapello,OT/08,Soil and Water Conservation District Commissioner,,Write-In,,6,3,3
Wapello,OT/09,Soil and Water Conservation District Commissioner,,Write-In,,7,1,6
Wapello,OT/10,Soil and Water Conservation District Commissioner,,Write-In,,2,0,2
Wapello,RL/KV,Soil and Water Conservation District Commissioner,,Write-In,,1,0,1
Wapello,WA/EL,Soil and Water Conservation District Commissioner,,Write-In,,9,1,8
Wapello,AGT/AGC/PL,State House,25,Brenda Curran,DEM,232,90,142
Wapello,CN,State House,25,Brenda Curran,DEM,203,117,86
Wapello,CP,State House,25,Brenda Curran,DEM,21,9,12
Wapello,DA,State House,25,Brenda Curran,DEM,88,50,38
Wapello,GR,State House,25,Brenda Curran,DEM,102,44,58
Wapello,KE,State House,25,Brenda Curran,DEM,119,58,61
Wapello,OT/01,State House,25,Brenda Curran,DEM,313,162,151
Wapello,OT/02,State House,25,Brenda Curran,DEM,475,276,199
Wapello,OT/03,State House,25,Brenda Curran,DEM,558,320,238
Wapello,OT/04,State House,25,Brenda Curran,DEM,228,97,131
Wapello,OT/05,State House,25,Brenda Curran,DEM,263,171,92
Wapello,OT/06,State House,25,Brenda Curran,DEM,236,143,93
Wapello,OT/07,State House,25,Brenda Curran,DEM,285,145,140
Wapello,OT/08,State House,25,Brenda Curran,DEM,313,163,150
Wapello,OT/09,State House,25,Brenda Curran,DEM,414,239,175
Wapello,OT/10,State House,25,Brenda Curran,DEM,340,182,158
Wapello,WA/EL,State House,25,Brenda Curran,DEM,131,33,98
Wapello,AGT/AGC/PL,State House,25,Hans Wilz,REP,538,125,413
Wapello,CN,State House,25,Hans Wilz,REP,535,254,281
Wapello,CP,State House,25,Hans Wilz,REP,98,32,66
Wapello,DA,State House,25,Hans Wilz,REP,187,89,98
Wapello,GR,State House,25,Hans Wilz,REP,375,132,243
Wapello,KE,State House,25,Hans Wilz,REP,339,111,228
Wapello,OT/01,State House,25,Hans Wilz,REP,506,224,282
Wapello,OT/02,State House,25,Hans Wilz,REP,721,348,373
Wapello,OT/03,State House,25,Hans Wilz,REP,857,343,514
Wapello,OT/04,State House,25,Hans Wilz,REP,319,108,211
Wapello,OT/05,State House,25,Hans Wilz,REP,341,189,152
Wapello,OT/06,State House,25,Hans Wilz,REP,437,159,278
Wapello,OT/07,State House,25,Hans Wilz,REP,431,154,277
Wapello,OT/08,State House,25,Hans Wilz,REP,613,227,386
Wapello,OT/09,State House,25,Hans Wilz,REP,625,255,370
Wapello,OT/10,State House,25,Hans Wilz,REP,566,223,343
Wapello,WA/EL,State House,25,Hans Wilz,REP,484,71,413
Wapello,AGT/AGC/PL,State House,25,Write-In,,0,0,0
Wapello,CN,State House,25,Write-In,,1,1,0
Wapello,CP,State House,25,Write-In,,0,0,0
Wapello,DA,State House,25,Write-In,,0,0,0
Wapello,GR,State House,25,Write-In,,0,0,0
Wapello,KE,State House,25,Write-In,,0,0,0
Wapello,OT/01,State House,25,Write-In,,2,1,1
Wapello,OT/02,State House,25,Write-In,,1,1,0
Wapello,OT/03,State House,25,Write-In,,0,0,0
Wapello,OT/04,State House,25,Write-In,,0,0,0
Wapello,OT/05,State House,25,Write-In,,2,2,0
Wapello,OT/06,State House,25,Write-In,,1,0,1
Wapello,OT/07,State House,25,Write-In,,1,0,1
Wapello,OT/08,State House,25,Write-In,,1,1,0
Wapello,OT/09,State House,25,Write-In,,0,0,0
Wapello,OT/10,State House,25,Write-In,,2,2,0
Wapello,WA/EL,State House,25,Write-In,,1,0,1
Wapello,AD/BL/PO,State House,26,Austin Harris,REP,565,158,407
Wapello,CB/EV,State House,26,Austin Harris,REP,341,50,291
Wapello,CS/CH,State House,26,Austin Harris,REP,67,9,58
Wapello,HI,State House,26,Austin Harris,REP,112,34,78
Wapello,RL/KV,State House,26,Austin Harris,REP,268,66,202
Wapello,AD/BL/PO,State House,26,Darcie Whitlow,DEM,138,73,65
Wapello,CB/EV,State House,26,Darcie Whitlow,DEM,107,23,84
Wapello,CS/CH,State House,26,Darcie Whitlow,DEM,20,6,14
Wapello,HI,State House,26,Darcie Whitlow,DEM,20,9,11
Wapello,RL/KV,State House,26,Darcie Whitlow,DEM,89,49,40
Wapello,AD/BL/PO,State House,26,Donald Gier,LIB,19,8,11
Wapello,CB/EV,State House,26,Donald Gier,LIB,17,1,16
Wapello,CS/CH,State House,26,Donald Gier,LIB,2,0,2
Wapello,HI,State House,26,Donald Gier,LIB,5,0,5
Wapello,RL/KV,State House,26,Donald Gier,LIB,11,3,8
Wapello,AD/BL/PO,State House,26,Write-In,,0,0,0
Wapello,CB/EV,State House,26,Write-In,,0,0,0
Wapello,CS/CH,State House,26,Write-In,,0,0,0
Wapello,HI,State House,26,Write-In,,0,0,0
Wapello,RL/KV,State House,26,Write-In,,1,0,1
Wapello,AD/BL/PO,Supreme Court Justice - David May,,No,,171,63,108
Wapello,AGT/AGC/PL,Supreme Court Justice - David May,,No,,230,65,165
Wapello,CB/EV,Supreme Court Justice - David May,,No,,106,16,90
Wapello,CN,Supreme Court Justice - David May,,No,,167,92,75
Wapello,CP,Supreme Court Justice - David May,,No,,26,4,22
Wapello,CS/CH,Supreme Court Justice - David May,,No,,23,3,20
Wapello,DA,Supreme Court Justice - David May,,No,,80,39,41
Wapello,GR,Supreme Court Justice - David May,,No,,104,38,66
Wapello,HI,Supreme Court Justice - David May,,No,,40,13,27
Wapello,KE,Supreme Court Justice - David May,,No,,121,43,78
Wapello,OT/01,Supreme Court Justice - David May,,No,,215,102,113
Wapello,OT/02,Supreme Court Justice - David May,,No,,331,186,145
Wapello,OT/03,Supreme Court Justice - David May,,No,,378,211,167
Wapello,OT/04,Supreme Court Justice - David May,,No,,148,60,88
Wapello,OT/05,Supreme Court Justice - David May,,No,,167,96,71
Wapello,OT/06,Supreme Court Justice - David May,,No,,180,83,97
Wapello,OT/07,Supreme Court Justice - David May,,No,,184,81,103
Wapello,OT/08,Supreme Court Justice - David May,,No,,253,119,134
Wapello,OT/09,Supreme Court Justice - David May,,No,,242,126,116
Wapello,OT/10,Supreme Court Justice - David May,,No,,216,100,116
Wapello,RL/KV,Supreme Court Justice - David May,,No,,98,35,63
Wapello,WA/EL,Supreme Court Justice - David May,,No,,143,25,118
Wapello,AD/BL/PO,Supreme Court Justice - David May,,Yes,,367,118,249
Wapello,AGT/AGC/PL,Supreme Court Justice - David May,,Yes,,384,100,284
Wapello,CB/EV,Supreme Court Justice - David May,,Yes,,280,40,240
Wapello,CN,Supreme Court Justice - David May,,Yes,,378,159,219
Wapello,CP,Supreme Court Justice - David May,,Yes,,60,24,36
Wapello,CS/CH,Supreme Court Justice - David May,,Yes,,44,8,36
Wapello,DA,Supreme Court Justice - David May,,Yes,,127,58,69
Wapello,GR,Supreme Court Justice - David May,,Yes,,235,92,143
Wapello,HI,Supreme Court Justice - David May,,Yes,,74,19,55
Wapello,KE,Supreme Court Justice - David May,,Yes,,232,74,158
Wapello,OT/01,Supreme Court Justice - David May,,Yes,,431,182,249
Wapello,OT/02,Supreme Court Justice - David May,,Yes,,568,281,287
Wapello,OT/03,Supreme Court Justice - David May,,Yes,,711,308,403
Wapello,OT/04,Supreme Court Justice - David May,,Yes,,273,95,178
Wapello,OT/05,Supreme Court Justice - David May,,Yes,,319,196,123
Wapello,OT/06,Supreme Court Justice - David May,,Yes,,359,154,205
Wapello,OT/07,Supreme Court Justice - David May,,Yes,,377,138,239
Wapello,OT/08,Supreme Court Justice - David May,,Yes,,453,178,275
Wapello,OT/09,Supreme Court Justice - David May,,Yes,,530,234,296
Wapello,OT/10,Supreme Court Justice - David May,,Yes,,424,190,234
Wapello,RL/KV,Supreme Court Justice - David May,,Yes,,184,52,132
Wapello,WA/EL,Supreme Court Justice - David May,,Yes,,360,55,305
Wapello,AD/BL/PO,U.S. House,3,Lanon Baccam,DEM,157,82,75
Wapello,AGT/AGC/PL,U.S. House,3,Lanon Baccam,DEM,217,88,129
Wapello,CB/EV,U.S. House,3,Lanon Baccam,DEM,123,26,97
Wapello,CN,U.S. House,3,Lanon Baccam,DEM,194,116,78
Wapello,CP,U.S. House,3,Lanon Baccam,DEM,18,9,9
Wapello,CS/CH,U.S. House,3,Lanon Baccam,DEM,19,5,14
Wapello,DA,U.S. House,3,Lanon Baccam,DEM,88,55,33
Wapello,GR,U.S. House,3,Lanon Baccam,DEM,111,49,62
Wapello,HI,U.S. House,3,Lanon Baccam,DEM,32,12,20
Wapello,KE,U.S. House,3,Lanon Baccam,DEM,116,62,54
Wapello,OT/01,U.S. House,3,Lanon Baccam,DEM,331,175,156
Wapello,OT/02,U.S. House,3,Lanon Baccam,DEM,526,300,226
Wapello,OT/03,U.S. House,3,Lanon Baccam,DEM,634,350,284
Wapello,OT/04,U.S. House,3,Lanon Baccam,DEM,244,104,140
Wapello,OT/05,U.S. House,3,Lanon Baccam,DEM,285,185,100
Wapello,OT/06,U.S. House,3,Lanon Baccam,DEM,249,145,104
Wapello,OT/07,U.S. House,3,Lanon Baccam,DEM,298,143,155
Wapello,OT/08,U.S. House,3,Lanon Baccam,DEM,328,166,162
Wapello,OT/09,U.S. House,3,Lanon Baccam,DEM,425,240,185
Wapello,OT/10,U.S. House,3,Lanon Baccam,DEM,358,188,170
Wapello,RL/KV,U.S. House,3,Lanon Baccam,DEM,105,54,51
Wapello,WA/EL,U.S. House,3,Lanon Baccam,DEM,135,39,96
Wapello,AD/BL/PO,U.S. House,3,Write-In,,1,0,1
Wapello,AGT/AGC/PL,U.S. House,3,Write-In,,1,0,1
Wapello,CB/EV,U.S. House,3,Write-In,,0,0,0
Wapello,CN,U.S. House,3,Write-In,,0,0,0
Wapello,CP,U.S. House,3,Write-In,,0,0,0
Wapello,CS/CH,U.S. House,3,Write-In,,0,0,0
Wapello,DA,U.S. House,3,Write-In,,0,0,0
Wapello,GR,U.S. House,3,Write-In,,1,0,1
Wapello,HI,U.S. House,3,Write-In,,0,0,0
Wapello,KE,U.S. House,3,Write-In,,1,0,1
Wapello,OT/01,U.S. House,3,Write-In,,1,1,0
Wapello,OT/02,U.S. House,3,Write-In,,1,1,0
Wapello,OT/03,U.S. House,3,Write-In,,1,0,1
Wapello,OT/04,U.S. House,3,Write-In,,1,0,1
Wapello,OT/05,U.S. House,3,Write-In,,1,1,0
Wapello,OT/06,U.S. House,3,Write-In,,3,0,3
Wapello,OT/07,U.S. House,3,Write-In,,8,3,5
Wapello,OT/08,U.S. House,3,Write-In,,0,0,0
Wapello,OT/09,U.S. House,3,Write-In,,2,1,1
Wapello,OT/10,U.S. House,3,Write-In,,0,0,0
Wapello,RL/KV,U.S. House,3,Write-In,,2,0,2
Wapello,WA/EL,U.S. House,3,Write-In,,0,0,0
Wapello,AD/BL/PO,U.S. House,3,Zach Nunn,REP,583,166,417
Wapello,AGT/AGC/PL,U.S. House,3,Zach Nunn,REP,550,127,423
Wapello,CB/EV,U.S. House,3,Zach Nunn,REP,349,47,302
Wapello,CN,U.S. House,3,Zach Nunn,REP,544,256,288
Wapello,CP,U.S. House,3,Zach Nunn,REP,103,32,71
Wapello,CS/CH,U.S. House,3,Zach Nunn,REP,73,10,63
Wapello,DA,U.S. House,3,Zach Nunn,REP,190,85,105
Wapello,GR,U.S. House,3,Zach Nunn,REP,368,127,241
Wapello,HI,U.S. House,3,Zach Nunn,REP,109,34,75
Wapello,KE,U.S. House,3,Zach Nunn,REP,342,107,235
Wapello,OT/01,U.S. House,3,Zach Nunn,REP,492,216,276
Wapello,OT/02,U.S. House,3,Zach Nunn,REP,663,320,343
Wapello,OT/03,U.S. House,3,Zach Nunn,REP,764,309,455
Wapello,OT/04,U.S. House,3,Zach Nunn,REP,310,108,202
Wapello,OT/05,U.S. House,3,Zach Nunn,REP,317,177,140
Wapello,OT/06,U.S. House,3,Zach Nunn,REP,424,158,266
Wapello,OT/07,U.S. House,3,Zach Nunn,REP,411,153,258
Wapello,OT/08,U.S. House,3,Zach Nunn,REP,590,221,369
Wapello,OT/09,U.S. House,3,Zach Nunn,REP,601,247,354
Wapello,OT/10,U.S. House,3,Zach Nunn,REP,553,219,334
Wapello,RL/KV,U.S. House,3,Zach Nunn,REP,274,64,210
Wapello,WA/EL,U.S. House,3,Zach Nunn,REP,482,66,416
Wapello,WA/EL,Washington Township Trustee,,Robert W. Thomas,,175,43,132
Wapello,WA/EL,Washington Township Trustee,,Write-In,,4,0,4
Wapello,WA/EL,Washington Township Trustee To Fill a Vacancy,,Dave Weir,,179,43,136
Wapello,WA/EL,Washington Township Trustee To Fill a Vacancy,,Write-In,,2,0,2
