county,precinct,office,district,candidate,party,votes,absentee,election_day
Woodbury,34 Moville,Arlington Township Trustee,,Blake Stratton,,86,27,59
Woodbury,34 Moville,Arlington Township Trustee,,Faith A. Lambert,,128,44,84
Woodbury,34 Moville,Arlington Township Trustee,,Joey Edmund Bremer,,96,41,55
Woodbury,34 Moville,Arlington Township Trustee,,Write-In,,0,0,0
Woodbury,17 Lawton -,Banner Township Trustee,,Craig Brockhaus,,2,0,2
Woodbury,17 Lawton -,Banner Township Trustee,,Tom Thiesen,,149,46,103
Woodbury,17 Lawton -,Banner Township Trustee,,Write-In,,9,4,5
Woodbury,17 Lawton -,Concord Township Trustee,,Dylan Hinds,,383,236,147
Woodbury,17 Lawton -,Concord Township Trustee,,Kirk V. Flammang,,505,312,193
Woodbury,17 Lawton -,Concord Township Trustee,,Write-In,,8,5,3
Woodbury,1 Riverside Elementary School,Constitutional Amendment 1,,No,,171,80,91
Woodbury,10 Loess Hills Elementary Scho,Constitutional Amendment 1,,No,,61,30,31
Woodbury,11 Liberty Elementary School,Constitutional Amendment 1,,No,,52,24,28
Woodbury,12 Perry Creek Elementary Scho,Constitutional Amendment 1,,No,,294,180,114
Woodbury,13 North Middle School,Constitutional Amendment 1,,No,,200,132,68
Woodbury,14 North Middle School,Constitutional Amendment 1,,No,,201,106,95
Woodbury,15 Leeds Elementary School,Constitutional Amendment 1,,No,,210,110,100
Woodbury,16 Unity Elementary School,Constitutional Amendment 1,,No,,81,39,42
Woodbury,17 Lawton -,Constitutional Amendment 1,,No,,187,95,92
Woodbury,18 Bryant Elementary School,Constitutional Amendment 1,,No,,215,108,107
Woodbury,19 Bryant Elementary School,Constitutional Amendment 1,,No,,159,87,72
Woodbury,2 West Middle School,Constitutional Amendment 1,,No,,213,109,104
Woodbury,20 Irving Elementary School,Constitutional Amendment 1,,No,,97,52,45
Woodbury,21 Unity Elementary School,Constitutional Amendment 1,,No,,133,64,69
Woodbury,22 Spalding Elementary School,Constitutional Amendment 1,,No,,149,85,64
Woodbury,23 Morningside Branch Library,Constitutional Amendment 1,,No,,198,108,90
Woodbury,24 Morningside Branch Library,Constitutional Amendment 1,,No,,197,101,96
Woodbury,25 East Middle School,Constitutional Amendment 1,,No,,227,132,95
Woodbury,26 Morningside Elementary Scho,Constitutional Amendment 1,,No,,237,108,129
Woodbury,27 Morningside Elementary Scho,Constitutional Amendment 1,,No,,224,111,113
Woodbury,28 East High School,Constitutional Amendment 1,,No,,357,227,130
Woodbury,29 East High School,Constitutional Amendment 1,,No,,300,213,87
Woodbury,3 Loess Hills Elementary Schoo,Constitutional Amendment 1,,No,,152,95,57
Woodbury,30 Sgt Bluff West,Constitutional Amendment 1,,No,,243,117,126
Woodbury,31 Sgt Bluff East,Constitutional Amendment 1,,No,,130,58,72
Woodbury,32 Woodbury Township,Constitutional Amendment 1,,No,,125,65,60
Woodbury,33 Salix,Constitutional Amendment 1,,No,,90,39,51
Woodbury,34 Moville,Constitutional Amendment 1,,No,,195,50,145
Woodbury,35 Pierson,Constitutional Amendment 1,,No,,57,19,38
Woodbury,36 Correctionville,Constitutional Amendment 1,,No,,87,20,67
Woodbury,37 Bronson,Constitutional Amendment 1,,No,,92,35,57
Woodbury,38 Cushing,Constitutional Amendment 1,,No,,33,7,26
Woodbury,39 Hornick,Constitutional Amendment 1,,No,,64,10,54
Woodbury,4 Hunt Elementary School,Constitutional Amendment 1,,No,,219,118,101
Woodbury,40 Anthon,Constitutional Amendment 1,,No,,61,16,45
Woodbury,41 Danbury,Constitutional Amendment 1,,No,,37,2,35
Woodbury,42 Sloan,Constitutional Amendment 1,,No,,100,25,75
Woodbury,43 Smithland,Constitutional Amendment 1,,No,,29,6,23
Woodbury,44 Oto,Constitutional Amendment 1,,No,,14,3,11
Woodbury,5 Liberty Elementary School,Constitutional Amendment 1,,No,,217,144,73
Woodbury,6 Hunt Elementary School,Constitutional Amendment 1,,No,,77,51,26
Woodbury,7 Loess Hills Elementary Schoo,Constitutional Amendment 1,,No,,153,67,86
Woodbury,8 Liberty Elementary School,Constitutional Amendment 1,,No,,93,42,51
Woodbury,9 Hunt Elementary School,Constitutional Amendment 1,,No,,51,24,27
Woodbury,1 Riverside Elementary School,Constitutional Amendment 1,,Yes,,832,372,460
Woodbury,10 Loess Hills Elementary Scho,Constitutional Amendment 1,,Yes,,333,171,162
Woodbury,11 Liberty Elementary School,Constitutional Amendment 1,,Yes,,232,115,117
Woodbury,12 Perry Creek Elementary Scho,Constitutional Amendment 1,,Yes,,1127,619,508
Woodbury,13 North Middle School,Constitutional Amendment 1,,Yes,,795,495,300
Woodbury,14 North Middle School,Constitutional Amendment 1,,Yes,,909,561,348
Woodbury,15 Leeds Elementary School,Constitutional Amendment 1,,Yes,,944,429,515
Woodbury,16 Unity Elementary School,Constitutional Amendment 1,,Yes,,393,194,199
Woodbury,17 Lawton -,Constitutional Amendment 1,,Yes,,1145,516,629
Woodbury,18 Bryant Elementary School,Constitutional Amendment 1,,Yes,,995,537,458
Woodbury,19 Bryant Elementary School,Constitutional Amendment 1,,Yes,,785,451,334
Woodbury,2 West Middle School,Constitutional Amendment 1,,Yes,,999,559,440
Woodbury,20 Irving Elementary School,Constitutional Amendment 1,,Yes,,397,240,157
Woodbury,21 Unity Elementary School,Constitutional Amendment 1,,Yes,,597,301,296
Woodbury,22 Spalding Elementary School,Constitutional Amendment 1,,Yes,,620,325,295
Woodbury,23 Morningside Branch Library,Constitutional Amendment 1,,Yes,,815,439,376
Woodbury,24 Morningside Branch Library,Constitutional Amendment 1,,Yes,,863,377,486
Woodbury,25 East Middle School,Constitutional Amendment 1,,Yes,,1093,620,473
Woodbury,26 Morningside Elementary Scho,Constitutional Amendment 1,,Yes,,865,413,452
Woodbury,27 Morningside Elementary Scho,Constitutional Amendment 1,,Yes,,1065,508,557
Woodbury,28 East High School,Constitutional Amendment 1,,Yes,,1810,1125,685
Woodbury,29 East High School,Constitutional Amendment 1,,Yes,,1384,908,476
Woodbury,3 Loess Hills Elementary Schoo,Constitutional Amendment 1,,Yes,,700,411,289
Woodbury,30 Sgt Bluff West,Constitutional Amendment 1,,Yes,,1167,529,638
Woodbury,31 Sgt Bluff East,Constitutional Amendment 1,,Yes,,774,336,438
Woodbury,32 Woodbury Township,Constitutional Amendment 1,,Yes,,623,377,246
Woodbury,33 Salix,Constitutional Amendment 1,,Yes,,434,134,300
Woodbury,34 Moville,Constitutional Amendment 1,,Yes,,1136,338,798
Woodbury,35 Pierson,Constitutional Amendment 1,,Yes,,215,35,180
Woodbury,36 Correctionville,Constitutional Amendment 1,,Yes,,424,87,337
Woodbury,37 Bronson,Constitutional Amendment 1,,Yes,,454,114,340
Woodbury,38 Cushing,Constitutional Amendment 1,,Yes,,180,26,154
Woodbury,39 Hornick,Constitutional Amendment 1,,Yes,,337,91,246
Woodbury,4 Hunt Elementary School,Constitutional Amendment 1,,Yes,,820,439,381
Woodbury,40 Anthon,Constitutional Amendment 1,,Yes,,356,73,283
Woodbury,41 Danbury,Constitutional Amendment 1,,Yes,,297,52,245
Woodbury,42 Sloan,Constitutional Amendment 1,,Yes,,594,155,439
Woodbury,43 Smithland,Constitutional Amendment 1,,Yes,,176,42,134
Woodbury,44 Oto,Constitutional Amendment 1,,Yes,,82,16,66
Woodbury,5 Liberty Elementary School,Constitutional Amendment 1,,Yes,,693,390,303
Woodbury,6 Hunt Elementary School,Constitutional Amendment 1,,Yes,,397,199,198
Woodbury,7 Loess Hills Elementary Schoo,Constitutional Amendment 1,,Yes,,587,292,295
Woodbury,8 Liberty Elementary School,Constitutional Amendment 1,,Yes,,373,169,204
Woodbury,9 Hunt Elementary School,Constitutional Amendment 1,,Yes,,191,71,120
Woodbury,1 Riverside Elementary School,Constitutional Amendment 2,,No,,173,80,93
Woodbury,10 Loess Hills Elementary Scho,Constitutional Amendment 2,,No,,66,31,35
Woodbury,11 Liberty Elementary School,Constitutional Amendment 2,,No,,55,29,26
Woodbury,12 Perry Creek Elementary Scho,Constitutional Amendment 2,,No,,240,158,82
Woodbury,13 North Middle School,Constitutional Amendment 2,,No,,183,126,57
Woodbury,14 North Middle School,Constitutional Amendment 2,,No,,168,101,67
Woodbury,15 Leeds Elementary School,Constitutional Amendment 2,,No,,183,90,93
Woodbury,16 Unity Elementary School,Constitutional Amendment 2,,No,,75,42,33
Woodbury,17 Lawton -,Constitutional Amendment 2,,No,,185,97,88
Woodbury,18 Bryant Elementary School,Constitutional Amendment 2,,No,,210,104,106
Woodbury,19 Bryant Elementary School,Constitutional Amendment 2,,No,,158,101,57
Woodbury,2 West Middle School,Constitutional Amendment 2,,No,,197,101,96
Woodbury,20 Irving Elementary School,Constitutional Amendment 2,,No,,89,47,42
Woodbury,21 Unity Elementary School,Constitutional Amendment 2,,No,,128,62,66
Woodbury,22 Spalding Elementary School,Constitutional Amendment 2,,No,,117,59,58
Woodbury,23 Morningside Branch Library,Constitutional Amendment 2,,No,,181,96,85
Woodbury,24 Morningside Branch Library,Constitutional Amendment 2,,No,,153,80,73
Woodbury,25 East Middle School,Constitutional Amendment 2,,No,,205,117,88
Woodbury,26 Morningside Elementary Scho,Constitutional Amendment 2,,No,,212,99,113
Woodbury,27 Morningside Elementary Scho,Constitutional Amendment 2,,No,,211,102,109
Woodbury,28 East High School,Constitutional Amendment 2,,No,,303,188,115
Woodbury,29 East High School,Constitutional Amendment 2,,No,,259,190,69
Woodbury,3 Loess Hills Elementary Schoo,Constitutional Amendment 2,,No,,146,92,54
Woodbury,30 Sgt Bluff West,Constitutional Amendment 2,,No,,184,100,84
Woodbury,31 Sgt Bluff East,Constitutional Amendment 2,,No,,122,52,70
Woodbury,32 Woodbury Township,Constitutional Amendment 2,,No,,93,45,48
Woodbury,33 Salix,Constitutional Amendment 2,,No,,77,30,47
Woodbury,34 Moville,Constitutional Amendment 2,,No,,185,49,136
Woodbury,35 Pierson,Constitutional Amendment 2,,No,,36,10,26
Woodbury,36 Correctionville,Constitutional Amendment 2,,No,,56,12,44
Woodbury,37 Bronson,Constitutional Amendment 2,,No,,85,26,59
Woodbury,38 Cushing,Constitutional Amendment 2,,No,,28,6,22
Woodbury,39 Hornick,Constitutional Amendment 2,,No,,48,6,42
Woodbury,4 Hunt Elementary School,Constitutional Amendment 2,,No,,201,114,87
Woodbury,40 Anthon,Constitutional Amendment 2,,No,,51,15,36
Woodbury,41 Danbury,Constitutional Amendment 2,,No,,27,4,23
Woodbury,42 Sloan,Constitutional Amendment 2,,No,,93,25,68
Woodbury,43 Smithland,Constitutional Amendment 2,,No,,25,7,18
Woodbury,44 Oto,Constitutional Amendment 2,,No,,10,1,9
Woodbury,5 Liberty Elementary School,Constitutional Amendment 2,,No,,209,137,72
Woodbury,6 Hunt Elementary School,Constitutional Amendment 2,,No,,79,42,37
Woodbury,7 Loess Hills Elementary Schoo,Constitutional Amendment 2,,No,,144,68,76
Woodbury,8 Liberty Elementary School,Constitutional Amendment 2,,No,,81,40,41
Woodbury,9 Hunt Elementary School,Constitutional Amendment 2,,No,,49,21,28
Woodbury,1 Riverside Elementary School,Constitutional Amendment 2,,Yes,,823,372,451
Woodbury,10 Loess Hills Elementary Scho,Constitutional Amendment 2,,Yes,,325,169,156
Woodbury,11 Liberty Elementary School,Constitutional Amendment 2,,Yes,,227,109,118
Woodbury,12 Perry Creek Elementary Scho,Constitutional Amendment 2,,Yes,,1185,647,538
Woodbury,13 North Middle School,Constitutional Amendment 2,,Yes,,813,503,310
Woodbury,14 North Middle School,Constitutional Amendment 2,,Yes,,948,578,370
Woodbury,15 Leeds Elementary School,Constitutional Amendment 2,,Yes,,967,454,513
Woodbury,16 Unity Elementary School,Constitutional Amendment 2,,Yes,,402,194,208
Woodbury,17 Lawton -,Constitutional Amendment 2,,Yes,,1140,510,630
Woodbury,18 Bryant Elementary School,Constitutional Amendment 2,,Yes,,999,544,455
Woodbury,19 Bryant Elementary School,Constitutional Amendment 2,,Yes,,780,433,347
Woodbury,2 West Middle School,Constitutional Amendment 2,,Yes,,999,555,444
Woodbury,20 Irving Elementary School,Constitutional Amendment 2,,Yes,,408,248,160
Woodbury,21 Unity Elementary School,Constitutional Amendment 2,,Yes,,596,301,295
Woodbury,22 Spalding Elementary School,Constitutional Amendment 2,,Yes,,655,353,302
Woodbury,23 Morningside Branch Library,Constitutional Amendment 2,,Yes,,822,447,375
Woodbury,24 Morningside Branch Library,Constitutional Amendment 2,,Yes,,903,396,507
Woodbury,25 East Middle School,Constitutional Amendment 2,,Yes,,1119,642,477
Woodbury,26 Morningside Elementary Scho,Constitutional Amendment 2,,Yes,,877,414,463
Woodbury,27 Morningside Elementary Scho,Constitutional Amendment 2,,Yes,,1066,508,558
Woodbury,28 East High School,Constitutional Amendment 2,,Yes,,1860,1173,687
Woodbury,29 East High School,Constitutional Amendment 2,,Yes,,1438,946,492
Woodbury,3 Loess Hills Elementary Schoo,Constitutional Amendment 2,,Yes,,714,422,292
Woodbury,30 Sgt Bluff West,Constitutional Amendment 2,,Yes,,1217,542,675
Woodbury,31 Sgt Bluff East,Constitutional Amendment 2,,Yes,,782,339,443
Woodbury,32 Woodbury Township,Constitutional Amendment 2,,Yes,,650,394,256
Woodbury,33 Salix,Constitutional Amendment 2,,Yes,,448,141,307
Woodbury,34 Moville,Constitutional Amendment 2,,Yes,,1128,327,801
Woodbury,35 Pierson,Constitutional Amendment 2,,Yes,,237,46,191
Woodbury,36 Correctionville,Constitutional Amendment 2,,Yes,,452,93,359
Woodbury,37 Bronson,Constitutional Amendment 2,,Yes,,457,126,331
Woodbury,38 Cushing,Constitutional Amendment 2,,Yes,,182,27,155
Woodbury,39 Hornick,Constitutional Amendment 2,,Yes,,358,100,258
Woodbury,4 Hunt Elementary School,Constitutional Amendment 2,,Yes,,841,441,400
Woodbury,40 Anthon,Constitutional Amendment 2,,Yes,,364,73,291
Woodbury,41 Danbury,Constitutional Amendment 2,,Yes,,305,49,256
Woodbury,42 Sloan,Constitutional Amendment 2,,Yes,,596,154,442
Woodbury,43 Smithland,Constitutional Amendment 2,,Yes,,177,39,138
Woodbury,44 Oto,Constitutional Amendment 2,,Yes,,82,17,65
Woodbury,5 Liberty Elementary School,Constitutional Amendment 2,,Yes,,707,403,304
Woodbury,6 Hunt Elementary School,Constitutional Amendment 2,,Yes,,392,207,185
Woodbury,7 Loess Hills Elementary Schoo,Constitutional Amendment 2,,Yes,,595,289,306
Woodbury,8 Liberty Elementary School,Constitutional Amendment 2,,Yes,,387,172,215
Woodbury,9 Hunt Elementary School,Constitutional Amendment 2,,Yes,,194,75,119
Woodbury,1 Riverside Elementary School,County Agricultural Extension Council Member,,Alan Ralston,,305,162,143
Woodbury,10 Loess Hills Elementary Scho,County Agricultural Extension Council Member,,Alan Ralston,,118,69,49
Woodbury,11 Liberty Elementary School,County Agricultural Extension Council Member,,Alan Ralston,,56,29,27
Woodbury,12 Perry Creek Elementary Scho,County Agricultural Extension Council Member,,Alan Ralston,,508,288,220
Woodbury,13 North Middle School,County Agricultural Extension Council Member,,Alan Ralston,,338,225,113
Woodbury,14 North Middle School,County Agricultural Extension Council Member,,Alan Ralston,,356,218,138
Woodbury,15 Leeds Elementary School,County Agricultural Extension Council Member,,Alan Ralston,,401,189,212
Woodbury,16 Unity Elementary School,County Agricultural Extension Council Member,,Alan Ralston,,136,71,65
Woodbury,17 Lawton -,County Agricultural Extension Council Member,,Alan Ralston,,561,262,299
Woodbury,18 Bryant Elementary School,County Agricultural Extension Council Member,,Alan Ralston,,410,241,169
Woodbury,19 Bryant Elementary School,County Agricultural Extension Council Member,,Alan Ralston,,331,188,143
Woodbury,2 West Middle School,County Agricultural Extension Council Member,,Alan Ralston,,359,208,151
Woodbury,20 Irving Elementary School,County Agricultural Extension Council Member,,Alan Ralston,,153,91,62
Woodbury,21 Unity Elementary School,County Agricultural Extension Council Member,,Alan Ralston,,233,106,127
Woodbury,22 Spalding Elementary School,County Agricultural Extension Council Member,,Alan Ralston,,256,151,105
Woodbury,23 Morningside Branch Library,County Agricultural Extension Council Member,,Alan Ralston,,306,158,148
Woodbury,24 Morningside Branch Library,County Agricultural Extension Council Member,,Alan Ralston,,335,141,194
Woodbury,25 East Middle School,County Agricultural Extension Council Member,,Alan Ralston,,406,236,170
Woodbury,26 Morningside Elementary Scho,County Agricultural Extension Council Member,,Alan Ralston,,370,173,197
Woodbury,27 Morningside Elementary Scho,County Agricultural Extension Council Member,,Alan Ralston,,442,232,210
Woodbury,28 East High School,County Agricultural Extension Council Member,,Alan Ralston,,747,490,257
Woodbury,29 East High School,County Agricultural Extension Council Member,,Alan Ralston,,596,396,200
Woodbury,3 Loess Hills Elementary Schoo,County Agricultural Extension Council Member,,Alan Ralston,,293,187,106
Woodbury,30 Sgt Bluff West,County Agricultural Extension Council Member,,Alan Ralston,,515,219,296
Woodbury,31 Sgt Bluff East,County Agricultural Extension Council Member,,Alan Ralston,,305,133,172
Woodbury,32 Woodbury Township,County Agricultural Extension Council Member,,Alan Ralston,,258,145,113
Woodbury,33 Salix,County Agricultural Extension Council Member,,Alan Ralston,,213,67,146
Woodbury,34 Moville,County Agricultural Extension Council Member,,Alan Ralston,,701,204,497
Woodbury,35 Pierson,County Agricultural Extension Council Member,,Alan Ralston,,124,25,99
Woodbury,36 Correctionville,County Agricultural Extension Council Member,,Alan Ralston,,212,45,167
Woodbury,37 Bronson,County Agricultural Extension Council Member,,Alan Ralston,,256,66,190
Woodbury,38 Cushing,County Agricultural Extension Council Member,,Alan Ralston,,85,18,67
Woodbury,39 Hornick,County Agricultural Extension Council Member,,Alan Ralston,,175,47,128
Woodbury,4 Hunt Elementary School,County Agricultural Extension Council Member,,Alan Ralston,,309,170,139
Woodbury,40 Anthon,County Agricultural Extension Council Member,,Alan Ralston,,180,38,142
Woodbury,41 Danbury,County Agricultural Extension Council Member,,Alan Ralston,,138,27,111
Woodbury,42 Sloan,County Agricultural Extension Council Member,,Alan Ralston,,271,71,200
Woodbury,43 Smithland,County Agricultural Extension Council Member,,Alan Ralston,,74,15,59
Woodbury,44 Oto,County Agricultural Extension Council Member,,Alan Ralston,,35,6,29
Woodbury,5 Liberty Elementary School,County Agricultural Extension Council Member,,Alan Ralston,,284,175,109
Woodbury,6 Hunt Elementary School,County Agricultural Extension Council Member,,Alan Ralston,,123,71,52
Woodbury,7 Loess Hills Elementary Schoo,County Agricultural Extension Council Member,,Alan Ralston,,236,117,119
Woodbury,8 Liberty Elementary School,County Agricultural Extension Council Member,,Alan Ralston,,134,67,67
Woodbury,9 Hunt Elementary School,County Agricultural Extension Council Member,,Alan Ralston,,76,38,38
Woodbury,1 Riverside Elementary School,County Agricultural Extension Council Member,,Bethany Widman,,405,197,208
Woodbury,10 Loess Hills Elementary Scho,County Agricultural Extension Council Member,,Bethany Widman,,158,94,64
Woodbury,11 Liberty Elementary School,County Agricultural Extension Council Member,,Bethany Widman,,121,57,64
Woodbury,12 Perry Creek Elementary Scho,County Agricultural Extension Council Member,,Bethany Widman,,603,355,248
Woodbury,13 North Middle School,County Agricultural Extension Council Member,,Bethany Widman,,409,273,136
Woodbury,14 North Middle School,County Agricultural Extension Council Member,,Bethany Widman,,490,314,176
Woodbury,15 Leeds Elementary School,County Agricultural Extension Council Member,,Bethany Widman,,486,238,248
Woodbury,16 Unity Elementary School,County Agricultural Extension Council Member,,Bethany Widman,,199,99,100
Woodbury,17 Lawton -,County Agricultural Extension Council Member,,Bethany Widman,,758,350,408
Woodbury,18 Bryant Elementary School,County Agricultural Extension Council Member,,Bethany Widman,,526,304,222
Woodbury,19 Bryant Elementary School,County Agricultural Extension Council Member,,Bethany Widman,,401,222,179
Woodbury,2 West Middle School,County Agricultural Extension Council Member,,Bethany Widman,,478,264,214
Woodbury,20 Irving Elementary School,County Agricultural Extension Council Member,,Bethany Widman,,210,125,85
Woodbury,21 Unity Elementary School,County Agricultural Extension Council Member,,Bethany Widman,,276,131,145
Woodbury,22 Spalding Elementary School,County Agricultural Extension Council Member,,Bethany Widman,,331,192,139
Woodbury,23 Morningside Branch Library,County Agricultural Extension Council Member,,Bethany Widman,,399,220,179
Woodbury,24 Morningside Branch Library,County Agricultural Extension Council Member,,Bethany Widman,,474,225,249
Woodbury,25 East Middle School,County Agricultural Extension Council Member,,Bethany Widman,,576,349,227
Woodbury,26 Morningside Elementary Scho,County Agricultural Extension Council Member,,Bethany Widman,,513,237,276
Woodbury,27 Morningside Elementary Scho,County Agricultural Extension Council Member,,Bethany Widman,,562,287,275
Woodbury,28 East High School,County Agricultural Extension Council Member,,Bethany Widman,,987,630,357
Woodbury,29 East High School,County Agricultural Extension Council Member,,Bethany Widman,,764,518,246
Woodbury,3 Loess Hills Elementary Schoo,County Agricultural Extension Council Member,,Bethany Widman,,342,223,119
Woodbury,30 Sgt Bluff West,County Agricultural Extension Council Member,,Bethany Widman,,660,306,354
Woodbury,31 Sgt Bluff East,County Agricultural Extension Council Member,,Bethany Widman,,427,189,238
Woodbury,32 Woodbury Township,County Agricultural Extension Council Member,,Bethany Widman,,342,206,136
Woodbury,33 Salix,County Agricultural Extension Council Member,,Bethany Widman,,256,86,170
Woodbury,34 Moville,County Agricultural Extension Council Member,,Bethany Widman,,764,208,556
Woodbury,35 Pierson,County Agricultural Extension Council Member,,Bethany Widman,,143,32,111
Woodbury,36 Correctionville,County Agricultural Extension Council Member,,Bethany Widman,,251,52,199
Woodbury,37 Bronson,County Agricultural Extension Council Member,,Bethany Widman,,336,84,252
Woodbury,38 Cushing,County Agricultural Extension Council Member,,Bethany Widman,,107,19,88
Woodbury,39 Hornick,County Agricultural Extension Council Member,,Bethany Widman,,265,66,199
Woodbury,4 Hunt Elementary School,County Agricultural Extension Council Member,,Bethany Widman,,407,232,175
Woodbury,40 Anthon,County Agricultural Extension Council Member,,Bethany Widman,,221,46,175
Woodbury,41 Danbury,County Agricultural Extension Council Member,,Bethany Widman,,147,24,123
Woodbury,42 Sloan,County Agricultural Extension Council Member,,Bethany Widman,,363,101,262
Woodbury,43 Smithland,County Agricultural Extension Council Member,,Bethany Widman,,94,21,73
Woodbury,44 Oto,County Agricultural Extension Council Member,,Bethany Widman,,47,9,38
Woodbury,5 Liberty Elementary School,County Agricultural Extension Council Member,,Bethany Widman,,391,241,150
Woodbury,6 Hunt Elementary School,County Agricultural Extension Council Member,,Bethany Widman,,187,106,81
Woodbury,7 Loess Hills Elementary Schoo,County Agricultural Extension Council Member,,Bethany Widman,,311,166,145
Woodbury,8 Liberty Elementary School,County Agricultural Extension Council Member,,Bethany Widman,,216,111,105
Woodbury,9 Hunt Elementary School,County Agricultural Extension Council Member,,Bethany Widman,,106,51,55
Woodbury,1 Riverside Elementary School,County Agricultural Extension Council Member,,Don Wiese,,389,169,220
Woodbury,10 Loess Hills Elementary Scho,County Agricultural Extension Council Member,,Don Wiese,,140,82,58
Woodbury,11 Liberty Elementary School,County Agricultural Extension Council Member,,Don Wiese,,95,45,50
Woodbury,12 Perry Creek Elementary Scho,County Agricultural Extension Council Member,,Don Wiese,,553,313,240
Woodbury,13 North Middle School,County Agricultural Extension Council Member,,Don Wiese,,360,234,126
Woodbury,14 North Middle School,County Agricultural Extension Council Member,,Don Wiese,,447,286,161
Woodbury,15 Leeds Elementary School,County Agricultural Extension Council Member,,Don Wiese,,519,252,267
Woodbury,16 Unity Elementary School,County Agricultural Extension Council Member,,Don Wiese,,202,102,100
Woodbury,17 Lawton -,County Agricultural Extension Council Member,,Don Wiese,,644,293,351
Woodbury,18 Bryant Elementary School,County Agricultural Extension Council Member,,Don Wiese,,482,266,216
Woodbury,19 Bryant Elementary School,County Agricultural Extension Council Member,,Don Wiese,,350,205,145
Woodbury,2 West Middle School,County Agricultural Extension Council Member,,Don Wiese,,469,278,191
Woodbury,20 Irving Elementary School,County Agricultural Extension Council Member,,Don Wiese,,182,108,74
Woodbury,21 Unity Elementary School,County Agricultural Extension Council Member,,Don Wiese,,289,135,154
Woodbury,22 Spalding Elementary School,County Agricultural Extension Council Member,,Don Wiese,,327,173,154
Woodbury,23 Morningside Branch Library,County Agricultural Extension Council Member,,Don Wiese,,392,197,195
Woodbury,24 Morningside Branch Library,County Agricultural Extension Council Member,,Don Wiese,,416,188,228
Woodbury,25 East Middle School,County Agricultural Extension Council Member,,Don Wiese,,516,301,215
Woodbury,26 Morningside Elementary Scho,County Agricultural Extension Council Member,,Don Wiese,,434,208,226
Woodbury,27 Morningside Elementary Scho,County Agricultural Extension Council Member,,Don Wiese,,565,272,293
Woodbury,28 East High School,County Agricultural Extension Council Member,,Don Wiese,,890,552,338
Woodbury,29 East High School,County Agricultural Extension Council Member,,Don Wiese,,712,477,235
Woodbury,3 Loess Hills Elementary Schoo,County Agricultural Extension Council Member,,Don Wiese,,335,213,122
Woodbury,30 Sgt Bluff West,County Agricultural Extension Council Member,,Don Wiese,,610,261,349
Woodbury,31 Sgt Bluff East,County Agricultural Extension Council Member,,Don Wiese,,405,190,215
Woodbury,32 Woodbury Township,County Agricultural Extension Council Member,,Don Wiese,,303,169,134
Woodbury,33 Salix,County Agricultural Extension Council Member,,Don Wiese,,263,89,174
Woodbury,34 Moville,County Agricultural Extension Council Member,,Don Wiese,,714,189,525
Woodbury,35 Pierson,County Agricultural Extension Council Member,,Don Wiese,,148,26,122
Woodbury,36 Correctionville,County Agricultural Extension Council Member,,Don Wiese,,295,61,234
Woodbury,37 Bronson,County Agricultural Extension Council Member,,Don Wiese,,262,68,194
Woodbury,38 Cushing,County Agricultural Extension Council Member,,Don Wiese,,149,21,128
Woodbury,39 Hornick,County Agricultural Extension Council Member,,Don Wiese,,215,54,161
Woodbury,4 Hunt Elementary School,County Agricultural Extension Council Member,,Don Wiese,,348,182,166
Woodbury,40 Anthon,County Agricultural Extension Council Member,,Don Wiese,,214,32,182
Woodbury,41 Danbury,County Agricultural Extension Council Member,,Don Wiese,,198,31,167
Woodbury,42 Sloan,County Agricultural Extension Council Member,,Don Wiese,,376,91,285
Woodbury,43 Smithland,County Agricultural Extension Council Member,,Don Wiese,,107,21,86
Woodbury,44 Oto,County Agricultural Extension Council Member,,Don Wiese,,48,9,39
Woodbury,5 Liberty Elementary School,County Agricultural Extension Council Member,,Don Wiese,,303,177,126
Woodbury,6 Hunt Elementary School,County Agricultural Extension Council Member,,Don Wiese,,145,81,64
Woodbury,7 Loess Hills Elementary Schoo,County Agricultural Extension Council Member,,Don Wiese,,271,134,137
Woodbury,8 Liberty Elementary School,County Agricultural Extension Council Member,,Don Wiese,,194,100,94
Woodbury,9 Hunt Elementary School,County Agricultural Extension Council Member,,Don Wiese,,79,35,44
Woodbury,1 Riverside Elementary School,County Agricultural Extension Council Member,,Jacob Heller,,425,208,217
Woodbury,10 Loess Hills Elementary Scho,County Agricultural Extension Council Member,,Jacob Heller,,170,97,73
Woodbury,11 Liberty Elementary School,County Agricultural Extension Council Member,,Jacob Heller,,119,58,61
Woodbury,12 Perry Creek Elementary Scho,County Agricultural Extension Council Member,,Jacob Heller,,617,342,275
Woodbury,13 North Middle School,County Agricultural Extension Council Member,,Jacob Heller,,448,295,153
Woodbury,14 North Middle School,County Agricultural Extension Council Member,,Jacob Heller,,519,329,190
Woodbury,15 Leeds Elementary School,County Agricultural Extension Council Member,,Jacob Heller,,571,265,306
Woodbury,16 Unity Elementary School,County Agricultural Extension Council Member,,Jacob Heller,,226,113,113
Woodbury,17 Lawton -,County Agricultural Extension Council Member,,Jacob Heller,,690,307,383
Woodbury,18 Bryant Elementary School,County Agricultural Extension Council Member,,Jacob Heller,,592,323,269
Woodbury,19 Bryant Elementary School,County Agricultural Extension Council Member,,Jacob Heller,,420,231,189
Woodbury,2 West Middle School,County Agricultural Extension Council Member,,Jacob Heller,,546,303,243
Woodbury,20 Irving Elementary School,County Agricultural Extension Council Member,,Jacob Heller,,218,139,79
Woodbury,21 Unity Elementary School,County Agricultural Extension Council Member,,Jacob Heller,,317,158,159
Woodbury,22 Spalding Elementary School,County Agricultural Extension Council Member,,Jacob Heller,,357,194,163
Woodbury,23 Morningside Branch Library,County Agricultural Extension Council Member,,Jacob Heller,,476,253,223
Woodbury,24 Morningside Branch Library,County Agricultural Extension Council Member,,Jacob Heller,,495,211,284
Woodbury,25 East Middle School,County Agricultural Extension Council Member,,Jacob Heller,,620,361,259
Woodbury,26 Morningside Elementary Scho,County Agricultural Extension Council Member,,Jacob Heller,,545,266,279
Woodbury,27 Morningside Elementary Scho,County Agricultural Extension Council Member,,Jacob Heller,,627,314,313
Woodbury,28 East High School,County Agricultural Extension Council Member,,Jacob Heller,,1041,665,376
Woodbury,29 East High School,County Agricultural Extension Council Member,,Jacob Heller,,838,563,275
Woodbury,3 Loess Hills Elementary Schoo,County Agricultural Extension Council Member,,Jacob Heller,,408,246,162
Woodbury,30 Sgt Bluff West,County Agricultural Extension Council Member,,Jacob Heller,,709,314,395
Woodbury,31 Sgt Bluff East,County Agricultural Extension Council Member,,Jacob Heller,,441,196,245
Woodbury,32 Woodbury Township,County Agricultural Extension Council Member,,Jacob Heller,,340,192,148
Woodbury,33 Salix,County Agricultural Extension Council Member,,Jacob Heller,,251,77,174
Woodbury,34 Moville,County Agricultural Extension Council Member,,Jacob Heller,,561,137,424
Woodbury,35 Pierson,County Agricultural Extension Council Member,,Jacob Heller,,129,28,101
Woodbury,36 Correctionville,County Agricultural Extension Council Member,,Jacob Heller,,241,40,201
Woodbury,37 Bronson,County Agricultural Extension Council Member,,Jacob Heller,,275,70,205
Woodbury,38 Cushing,County Agricultural Extension Council Member,,Jacob Heller,,103,17,86
Woodbury,39 Hornick,County Agricultural Extension Council Member,,Jacob Heller,,161,47,114
Woodbury,4 Hunt Elementary School,County Agricultural Extension Council Member,,Jacob Heller,,422,242,180
Woodbury,40 Anthon,County Agricultural Extension Council Member,,Jacob Heller,,193,39,154
Woodbury,41 Danbury,County Agricultural Extension Council Member,,Jacob Heller,,174,31,143
Woodbury,42 Sloan,County Agricultural Extension Council Member,,Jacob Heller,,376,92,284
Woodbury,43 Smithland,County Agricultural Extension Council Member,,Jacob Heller,,98,20,78
Woodbury,44 Oto,County Agricultural Extension Council Member,,Jacob Heller,,39,6,33
Woodbury,5 Liberty Elementary School,County Agricultural Extension Council Member,,Jacob Heller,,377,231,146
Woodbury,6 Hunt Elementary School,County Agricultural Extension Council Member,,Jacob Heller,,196,111,85
Woodbury,7 Loess Hills Elementary Schoo,County Agricultural Extension Council Member,,Jacob Heller,,322,163,159
Woodbury,8 Liberty Elementary School,County Agricultural Extension Council Member,,Jacob Heller,,198,100,98
Woodbury,9 Hunt Elementary School,County Agricultural Extension Council Member,,Jacob Heller,,99,54,45
Woodbury,1 Riverside Elementary School,County Agricultural Extension Council Member,,Pamela Luebke Mickelson,,404,189,215
Woodbury,10 Loess Hills Elementary Scho,County Agricultural Extension Council Member,,Pamela Luebke Mickelson,,151,83,68
Woodbury,11 Liberty Elementary School,County Agricultural Extension Council Member,,Pamela Luebke Mickelson,,116,58,58
Woodbury,12 Perry Creek Elementary Scho,County Agricultural Extension Council Member,,Pamela Luebke Mickelson,,597,353,244
Woodbury,13 North Middle School,County Agricultural Extension Council Member,,Pamela Luebke Mickelson,,407,275,132
Woodbury,14 North Middle School,County Agricultural Extension Council Member,,Pamela Luebke Mickelson,,491,333,158
Woodbury,15 Leeds Elementary School,County Agricultural Extension Council Member,,Pamela Luebke Mickelson,,460,228,232
Woodbury,16 Unity Elementary School,County Agricultural Extension Council Member,,Pamela Luebke Mickelson,,199,98,101
Woodbury,17 Lawton -,County Agricultural Extension Council Member,,Pamela Luebke Mickelson,,511,242,269
Woodbury,18 Bryant Elementary School,County Agricultural Extension Council Member,,Pamela Luebke Mickelson,,553,317,236
Woodbury,19 Bryant Elementary School,County Agricultural Extension Council Member,,Pamela Luebke Mickelson,,386,217,169
Woodbury,2 West Middle School,County Agricultural Extension Council Member,,Pamela Luebke Mickelson,,483,289,194
Woodbury,20 Irving Elementary School,County Agricultural Extension Council Member,,Pamela Luebke Mickelson,,202,123,79
Woodbury,21 Unity Elementary School,County Agricultural Extension Council Member,,Pamela Luebke Mickelson,,261,143,118
Woodbury,22 Spalding Elementary School,County Agricultural Extension Council Member,,Pamela Luebke Mickelson,,315,170,145
Woodbury,23 Morningside Branch Library,County Agricultural Extension Council Member,,Pamela Luebke Mickelson,,374,206,168
Woodbury,24 Morningside Branch Library,County Agricultural Extension Council Member,,Pamela Luebke Mickelson,,427,203,224
Woodbury,25 East Middle School,County Agricultural Extension Council Member,,Pamela Luebke Mickelson,,545,331,214
Woodbury,26 Morningside Elementary Scho,County Agricultural Extension Council Member,,Pamela Luebke Mickelson,,413,199,214
Woodbury,27 Morningside Elementary Scho,County Agricultural Extension Council Member,,Pamela Luebke Mickelson,,519,255,264
Woodbury,28 East High School,County Agricultural Extension Council Member,,Pamela Luebke Mickelson,,924,612,312
Woodbury,29 East High School,County Agricultural Extension Council Member,,Pamela Luebke Mickelson,,725,487,238
Woodbury,3 Loess Hills Elementary Schoo,County Agricultural Extension Council Member,,Pamela Luebke Mickelson,,348,227,121
Woodbury,30 Sgt Bluff West,County Agricultural Extension Council Member,,Pamela Luebke Mickelson,,568,267,301
Woodbury,31 Sgt Bluff East,County Agricultural Extension Council Member,,Pamela Luebke Mickelson,,380,175,205
Woodbury,32 Woodbury Township,County Agricultural Extension Council Member,,Pamela Luebke Mickelson,,236,134,102
Woodbury,33 Salix,County Agricultural Extension Council Member,,Pamela Luebke Mickelson,,218,82,136
Woodbury,34 Moville,County Agricultural Extension Council Member,,Pamela Luebke Mickelson,,420,122,298
Woodbury,35 Pierson,County Agricultural Extension Council Member,,Pamela Luebke Mickelson,,85,26,59
Woodbury,36 Correctionville,County Agricultural Extension Council Member,,Pamela Luebke Mickelson,,186,52,134
Woodbury,37 Bronson,County Agricultural Extension Council Member,,Pamela Luebke Mickelson,,181,57,124
Woodbury,38 Cushing,County Agricultural Extension Council Member,,Pamela Luebke Mickelson,,84,17,67
Woodbury,39 Hornick,County Agricultural Extension Council Member,,Pamela Luebke Mickelson,,146,36,110
Woodbury,4 Hunt Elementary School,County Agricultural Extension Council Member,,Pamela Luebke Mickelson,,390,219,171
Woodbury,40 Anthon,County Agricultural Extension Council Member,,Pamela Luebke Mickelson,,159,37,122
Woodbury,41 Danbury,County Agricultural Extension Council Member,,Pamela Luebke Mickelson,,119,22,97
Woodbury,42 Sloan,County Agricultural Extension Council Member,,Pamela Luebke Mickelson,,268,69,199
Woodbury,43 Smithland,County Agricultural Extension Council Member,,Pamela Luebke Mickelson,,69,14,55
Woodbury,44 Oto,County Agricultural Extension Council Member,,Pamela Luebke Mickelson,,29,7,22
Woodbury,5 Liberty Elementary School,County Agricultural Extension Council Member,,Pamela Luebke Mickelson,,375,229,146
Woodbury,6 Hunt Elementary School,County Agricultural Extension Council Member,,Pamela Luebke Mickelson,,173,94,79
Woodbury,7 Loess Hills Elementary Schoo,County Agricultural Extension Council Member,,Pamela Luebke Mickelson,,310,160,150
Woodbury,8 Liberty Elementary School,County Agricultural Extension Council Member,,Pamela Luebke Mickelson,,191,98,93
Woodbury,9 Hunt Elementary School,County Agricultural Extension Council Member,,Pamela Luebke Mickelson,,108,50,58
Woodbury,1 Riverside Elementary School,County Agricultural Extension Council Member,,Write-In,,4,1,3
Woodbury,10 Loess Hills Elementary Scho,County Agricultural Extension Council Member,,Write-In,,2,0,2
Woodbury,11 Liberty Elementary School,County Agricultural Extension Council Member,,Write-In,,3,1,2
Woodbury,12 Perry Creek Elementary Scho,County Agricultural Extension Council Member,,Write-In,,12,9,3
Woodbury,13 North Middle School,County Agricultural Extension Council Member,,Write-In,,7,4,3
Woodbury,14 North Middle School,County Agricultural Extension Council Member,,Write-In,,9,4,5
Woodbury,15 Leeds Elementary School,County Agricultural Extension Council Member,,Write-In,,7,0,7
Woodbury,16 Unity Elementary School,County Agricultural Extension Council Member,,Write-In,,4,0,4
Woodbury,17 Lawton -,County Agricultural Extension Council Member,,Write-In,,12,10,2
Woodbury,18 Bryant Elementary School,County Agricultural Extension Council Member,,Write-In,,7,3,4
Woodbury,19 Bryant Elementary School,County Agricultural Extension Council Member,,Write-In,,7,3,4
Woodbury,2 West Middle School,County Agricultural Extension Council Member,,Write-In,,10,8,2
Woodbury,20 Irving Elementary School,County Agricultural Extension Council Member,,Write-In,,9,6,3
Woodbury,21 Unity Elementary School,County Agricultural Extension Council Member,,Write-In,,3,2,1
Woodbury,22 Spalding Elementary School,County Agricultural Extension Council Member,,Write-In,,3,1,2
Woodbury,23 Morningside Branch Library,County Agricultural Extension Council Member,,Write-In,,18,12,6
Woodbury,24 Morningside Branch Library,County Agricultural Extension Council Member,,Write-In,,12,5,7
Woodbury,25 East Middle School,County Agricultural Extension Council Member,,Write-In,,16,3,13
Woodbury,26 Morningside Elementary Scho,County Agricultural Extension Council Member,,Write-In,,12,11,1
Woodbury,27 Morningside Elementary Scho,County Agricultural Extension Council Member,,Write-In,,17,9,8
Woodbury,28 East High School,County Agricultural Extension Council Member,,Write-In,,23,13,10
Woodbury,29 East High School,County Agricultural Extension Council Member,,Write-In,,16,8,8
Woodbury,3 Loess Hills Elementary Schoo,County Agricultural Extension Council Member,,Write-In,,5,0,5
Woodbury,30 Sgt Bluff West,County Agricultural Extension Council Member,,Write-In,,7,1,6
Woodbury,31 Sgt Bluff East,County Agricultural Extension Council Member,,Write-In,,3,1,2
Woodbury,32 Woodbury Township,County Agricultural Extension Council Member,,Write-In,,1,0,1
Woodbury,33 Salix,County Agricultural Extension Council Member,,Write-In,,4,3,1
Woodbury,34 Moville,County Agricultural Extension Council Member,,Write-In,,13,6,7
Woodbury,35 Pierson,County Agricultural Extension Council Member,,Write-In,,1,0,1
Woodbury,36 Correctionville,County Agricultural Extension Council Member,,Write-In,,2,0,2
Woodbury,37 Bronson,County Agricultural Extension Council Member,,Write-In,,1,1,0
Woodbury,38 Cushing,County Agricultural Extension Council Member,,Write-In,,3,3,0
Woodbury,39 Hornick,County Agricultural Extension Council Member,,Write-In,,2,1,1
Woodbury,4 Hunt Elementary School,County Agricultural Extension Council Member,,Write-In,,18,10,8
Woodbury,40 Anthon,County Agricultural Extension Council Member,,Write-In,,1,0,1
Woodbury,41 Danbury,County Agricultural Extension Council Member,,Write-In,,2,0,2
Woodbury,42 Sloan,County Agricultural Extension Council Member,,Write-In,,3,1,2
Woodbury,43 Smithland,County Agricultural Extension Council Member,,Write-In,,0,0,0
Woodbury,44 Oto,County Agricultural Extension Council Member,,Write-In,,0,0,0
Woodbury,5 Liberty Elementary School,County Agricultural Extension Council Member,,Write-In,,8,1,7
Woodbury,6 Hunt Elementary School,County Agricultural Extension Council Member,,Write-In,,3,3,0
Woodbury,7 Loess Hills Elementary Schoo,County Agricultural Extension Council Member,,Write-In,,5,2,3
Woodbury,8 Liberty Elementary School,County Agricultural Extension Council Member,,Write-In,,8,5,3
Woodbury,9 Hunt Elementary School,County Agricultural Extension Council Member,,Write-In,,0,0,0
Woodbury,1 Riverside Elementary School,County Auditor and Recorder,,Michelle K. Skaff,REP,568,190,378
Woodbury,10 Loess Hills Elementary Scho,County Auditor and Recorder,,Michelle K. Skaff,REP,181,81,100
Woodbury,11 Liberty Elementary School,County Auditor and Recorder,,Michelle K. Skaff,REP,120,57,63
Woodbury,12 Perry Creek Elementary Scho,County Auditor and Recorder,,Michelle K. Skaff,REP,890,467,423
Woodbury,13 North Middle School,County Auditor and Recorder,,Michelle K. Skaff,REP,561,323,238
Woodbury,14 North Middle School,County Auditor and Recorder,,Michelle K. Skaff,REP,634,346,288
Woodbury,15 Leeds Elementary School,County Auditor and Recorder,,Michelle K. Skaff,REP,656,263,393
Woodbury,16 Unity Elementary School,County Auditor and Recorder,,Michelle K. Skaff,REP,263,123,140
Woodbury,17 Lawton -,County Auditor and Recorder,,Michelle K. Skaff,REP,1080,447,633
Woodbury,18 Bryant Elementary School,County Auditor and Recorder,,Michelle K. Skaff,REP,618,283,335
Woodbury,19 Bryant Elementary School,County Auditor and Recorder,,Michelle K. Skaff,REP,456,236,220
Woodbury,2 West Middle School,County Auditor and Recorder,,Michelle K. Skaff,REP,694,333,361
Woodbury,20 Irving Elementary School,County Auditor and Recorder,,Michelle K. Skaff,REP,211,126,85
Woodbury,21 Unity Elementary School,County Auditor and Recorder,,Michelle K. Skaff,REP,433,189,244
Woodbury,22 Spalding Elementary School,County Auditor and Recorder,,Michelle K. Skaff,REP,469,224,245
Woodbury,23 Morningside Branch Library,County Auditor and Recorder,,Michelle K. Skaff,REP,539,254,285
Woodbury,24 Morningside Branch Library,County Auditor and Recorder,,Michelle K. Skaff,REP,637,257,380
Woodbury,25 East Middle School,County Auditor and Recorder,,Michelle K. Skaff,REP,775,383,392
Woodbury,26 Morningside Elementary Scho,County Auditor and Recorder,,Michelle K. Skaff,REP,646,256,390
Woodbury,27 Morningside Elementary Scho,County Auditor and Recorder,,Michelle K. Skaff,REP,775,352,423
Woodbury,28 East High School,County Auditor and Recorder,,Michelle K. Skaff,REP,1443,855,588
Woodbury,29 East High School,County Auditor and Recorder,,Michelle K. Skaff,REP,1044,653,391
Woodbury,3 Loess Hills Elementary Schoo,County Auditor and Recorder,,Michelle K. Skaff,REP,491,254,237
Woodbury,30 Sgt Bluff West,County Auditor and Recorder,,Michelle K. Skaff,REP,961,386,575
Woodbury,31 Sgt Bluff East,County Auditor and Recorder,,Michelle K. Skaff,REP,635,255,380
Woodbury,32 Woodbury Township,County Auditor and Recorder,,Michelle K. Skaff,REP,585,335,250
Woodbury,33 Salix,County Auditor and Recorder,,Michelle K. Skaff,REP,367,101,266
Woodbury,34 Moville,County Auditor and Recorder,,Michelle K. Skaff,REP,979,245,734
Woodbury,35 Pierson,County Auditor and Recorder,,Michelle K. Skaff,REP,199,27,172
Woodbury,36 Correctionville,County Auditor and Recorder,,Michelle K. Skaff,REP,397,49,348
Woodbury,37 Bronson,County Auditor and Recorder,,Michelle K. Skaff,REP,450,120,330
Woodbury,38 Cushing,County Auditor and Recorder,,Michelle K. Skaff,REP,172,16,156
Woodbury,39 Hornick,County Auditor and Recorder,,Michelle K. Skaff,REP,325,78,247
Woodbury,4 Hunt Elementary School,County Auditor and Recorder,,Michelle K. Skaff,REP,547,266,281
Woodbury,40 Anthon,County Auditor and Recorder,,Michelle K. Skaff,REP,324,53,271
Woodbury,41 Danbury,County Auditor and Recorder,,Michelle K. Skaff,REP,290,36,254
Woodbury,42 Sloan,County Auditor and Recorder,,Michelle K. Skaff,REP,510,117,393
Woodbury,43 Smithland,County Auditor and Recorder,,Michelle K. Skaff,REP,175,26,149
Woodbury,44 Oto,County Auditor and Recorder,,Michelle K. Skaff,REP,75,12,63
Woodbury,5 Liberty Elementary School,County Auditor and Recorder,,Michelle K. Skaff,REP,413,216,197
Woodbury,6 Hunt Elementary School,County Auditor and Recorder,,Michelle K. Skaff,REP,211,102,109
Woodbury,7 Loess Hills Elementary Schoo,County Auditor and Recorder,,Michelle K. Skaff,REP,305,143,162
Woodbury,8 Liberty Elementary School,County Auditor and Recorder,,Michelle K. Skaff,REP,183,77,106
Woodbury,9 Hunt Elementary School,County Auditor and Recorder,,Michelle K. Skaff,REP,92,35,57
Woodbury,1 Riverside Elementary School,County Auditor and Recorder,,Pat Gill,DEM,633,327,306
Woodbury,10 Loess Hills Elementary Scho,County Auditor and Recorder,,Pat Gill,DEM,260,146,114
Woodbury,11 Liberty Elementary School,County Auditor and Recorder,,Pat Gill,DEM,219,112,107
Woodbury,12 Perry Creek Elementary Scho,County Auditor and Recorder,,Pat Gill,DEM,736,457,279
Woodbury,13 North Middle School,County Auditor and Recorder,,Pat Gill,DEM,567,377,190
Woodbury,14 North Middle School,County Auditor and Recorder,,Pat Gill,DEM,660,442,218
Woodbury,15 Leeds Elementary School,County Auditor and Recorder,,Pat Gill,DEM,653,350,303
Woodbury,16 Unity Elementary School,County Auditor and Recorder,,Pat Gill,DEM,252,134,118
Woodbury,17 Lawton -,County Auditor and Recorder,,Pat Gill,DEM,431,240,191
Woodbury,18 Bryant Elementary School,County Auditor and Recorder,,Pat Gill,DEM,748,463,285
Woodbury,19 Bryant Elementary School,County Auditor and Recorder,,Pat Gill,DEM,588,371,217
Woodbury,2 West Middle School,County Auditor and Recorder,,Pat Gill,DEM,716,429,287
Woodbury,20 Irving Elementary School,County Auditor and Recorder,,Pat Gill,DEM,382,223,159
Woodbury,21 Unity Elementary School,County Auditor and Recorder,,Pat Gill,DEM,390,228,162
Woodbury,22 Spalding Elementary School,County Auditor and Recorder,,Pat Gill,DEM,434,247,187
Woodbury,23 Morningside Branch Library,County Auditor and Recorder,,Pat Gill,DEM,597,346,251
Woodbury,24 Morningside Branch Library,County Auditor and Recorder,,Pat Gill,DEM,559,282,277
Woodbury,25 East Middle School,County Auditor and Recorder,,Pat Gill,DEM,728,475,253
Woodbury,26 Morningside Elementary Scho,County Auditor and Recorder,,Pat Gill,DEM,589,339,250
Woodbury,27 Morningside Elementary Scho,County Auditor and Recorder,,Pat Gill,DEM,641,331,310
Woodbury,28 East High School,County Auditor and Recorder,,Pat Gill,DEM,1013,676,337
Woodbury,29 East High School,County Auditor and Recorder,,Pat Gill,DEM,847,612,235
Woodbury,3 Loess Hills Elementary Schoo,County Auditor and Recorder,,Pat Gill,DEM,487,328,159
Woodbury,30 Sgt Bluff West,County Auditor and Recorder,,Pat Gill,DEM,623,335,288
Woodbury,31 Sgt Bluff East,County Auditor and Recorder,,Pat Gill,DEM,371,188,183
Woodbury,32 Woodbury Township,County Auditor and Recorder,,Pat Gill,DEM,265,161,104
Woodbury,33 Salix,County Auditor and Recorder,,Pat Gill,DEM,212,89,123
Woodbury,34 Moville,County Auditor and Recorder,,Pat Gill,DEM,498,176,322
Woodbury,35 Pierson,County Auditor and Recorder,,Pat Gill,DEM,108,36,72
Woodbury,36 Correctionville,County Auditor and Recorder,,Pat Gill,DEM,193,74,119
Woodbury,37 Bronson,County Auditor and Recorder,,Pat Gill,DEM,171,60,111
Woodbury,38 Cushing,County Auditor and Recorder,,Pat Gill,DEM,65,19,46
Woodbury,39 Hornick,County Auditor and Recorder,,Pat Gill,DEM,113,31,82
Woodbury,4 Hunt Elementary School,County Auditor and Recorder,,Pat Gill,DEM,650,370,280
Woodbury,40 Anthon,County Auditor and Recorder,,Pat Gill,DEM,142,45,97
Woodbury,41 Danbury,County Auditor and Recorder,,Pat Gill,DEM,85,25,60
Woodbury,42 Sloan,County Auditor and Recorder,,Pat Gill,DEM,266,80,186
Woodbury,43 Smithland,County Auditor and Recorder,,Pat Gill,DEM,63,23,40
Woodbury,44 Oto,County Auditor and Recorder,,Pat Gill,DEM,42,7,35
Woodbury,5 Liberty Elementary School,County Auditor and Recorder,,Pat Gill,DEM,619,400,219
Woodbury,6 Hunt Elementary School,County Auditor and Recorder,,Pat Gill,DEM,328,186,142
Woodbury,7 Loess Hills Elementary Schoo,County Auditor and Recorder,,Pat Gill,DEM,546,269,277
Woodbury,8 Liberty Elementary School,County Auditor and Recorder,,Pat Gill,DEM,342,162,180
Woodbury,9 Hunt Elementary School,County Auditor and Recorder,,Pat Gill,DEM,189,78,111
Woodbury,1 Riverside Elementary School,County Auditor and Recorder,,Write-In,,0,0,0
Woodbury,10 Loess Hills Elementary Scho,County Auditor and Recorder,,Write-In,,1,1,0
Woodbury,11 Liberty Elementary School,County Auditor and Recorder,,Write-In,,0,0,0
Woodbury,12 Perry Creek Elementary Scho,County Auditor and Recorder,,Write-In,,1,1,0
Woodbury,13 North Middle School,County Auditor and Recorder,,Write-In,,0,0,0
Woodbury,14 North Middle School,County Auditor and Recorder,,Write-In,,0,0,0
Woodbury,15 Leeds Elementary School,County Auditor and Recorder,,Write-In,,0,0,0
Woodbury,16 Unity Elementary School,County Auditor and Recorder,,Write-In,,0,0,0
Woodbury,17 Lawton -,County Auditor and Recorder,,Write-In,,0,0,0
Woodbury,18 Bryant Elementary School,County Auditor and Recorder,,Write-In,,2,2,0
Woodbury,19 Bryant Elementary School,County Auditor and Recorder,,Write-In,,0,0,0
Woodbury,2 West Middle School,County Auditor and Recorder,,Write-In,,3,1,2
Woodbury,20 Irving Elementary School,County Auditor and Recorder,,Write-In,,1,0,1
Woodbury,21 Unity Elementary School,County Auditor and Recorder,,Write-In,,0,0,0
Woodbury,22 Spalding Elementary School,County Auditor and Recorder,,Write-In,,0,0,0
Woodbury,23 Morningside Branch Library,County Auditor and Recorder,,Write-In,,3,1,2
Woodbury,24 Morningside Branch Library,County Auditor and Recorder,,Write-In,,0,0,0
Woodbury,25 East Middle School,County Auditor and Recorder,,Write-In,,2,0,2
Woodbury,26 Morningside Elementary Scho,County Auditor and Recorder,,Write-In,,0,0,0
Woodbury,27 Morningside Elementary Scho,County Auditor and Recorder,,Write-In,,0,0,0
Woodbury,28 East High School,County Auditor and Recorder,,Write-In,,3,2,1
Woodbury,29 East High School,County Auditor and Recorder,,Write-In,,2,1,1
Woodbury,3 Loess Hills Elementary Schoo,County Auditor and Recorder,,Write-In,,1,1,0
Woodbury,30 Sgt Bluff West,County Auditor and Recorder,,Write-In,,0,0,0
Woodbury,31 Sgt Bluff East,County Auditor and Recorder,,Write-In,,0,0,0
Woodbury,32 Woodbury Township,County Auditor and Recorder,,Write-In,,1,1,0
Woodbury,33 Salix,County Auditor and Recorder,,Write-In,,0,0,0
Woodbury,34 Moville,County Auditor and Recorder,,Write-In,,1,0,1
Woodbury,35 Pierson,County Auditor and Recorder,,Write-In,,0,0,0
Woodbury,36 Correctionville,County Auditor and Recorder,,Write-In,,0,0,0
Woodbury,37 Bronson,County Auditor and Recorder,,Write-In,,1,0,1
Woodbury,38 Cushing,County Auditor and Recorder,,Write-In,,0,0,0
Woodbury,39 Hornick,County Auditor and Recorder,,Write-In,,0,0,0
Woodbury,4 Hunt Elementary School,County Auditor and Recorder,,Write-In,,1,0,1
Woodbury,40 Anthon,County Auditor and Recorder,,Write-In,,0,0,0
Woodbury,41 Danbury,County Auditor and Recorder,,Write-In,,1,0,1
Woodbury,42 Sloan,County Auditor and Recorder,,Write-In,,0,0,0
Woodbury,43 Smithland,County Auditor and Recorder,,Write-In,,0,0,0
Woodbury,44 Oto,County Auditor and Recorder,,Write-In,,0,0,0
Woodbury,5 Liberty Elementary School,County Auditor and Recorder,,Write-In,,0,0,0
Woodbury,6 Hunt Elementary School,County Auditor and Recorder,,Write-In,,0,0,0
Woodbury,7 Loess Hills Elementary Schoo,County Auditor and Recorder,,Write-In,,0,0,0
Woodbury,8 Liberty Elementary School,County Auditor and Recorder,,Write-In,,0,0,0
Woodbury,9 Hunt Elementary School,County Auditor and Recorder,,Write-In,,0,0,0
Woodbury,1 Riverside Elementary School,County Sheriff,,Chad Sheehan,REP,957,394,563
Woodbury,10 Loess Hills Elementary Scho,County Sheriff,,Chad Sheehan,REP,330,163,167
Woodbury,11 Liberty Elementary School,County Sheriff,,Chad Sheehan,REP,232,109,123
Woodbury,12 Perry Creek Elementary Scho,County Sheriff,,Chad Sheehan,REP,1292,697,595
Woodbury,13 North Middle School,County Sheriff,,Chad Sheehan,REP,858,521,337
Woodbury,14 North Middle School,County Sheriff,,Chad Sheehan,REP,1043,626,417
Woodbury,15 Leeds Elementary School,County Sheriff,,Chad Sheehan,REP,1094,495,599
Woodbury,16 Unity Elementary School,County Sheriff,,Chad Sheehan,REP,428,202,226
Woodbury,17 Lawton -,County Sheriff,,Chad Sheehan,REP,1373,593,780
Woodbury,18 Bryant Elementary School,County Sheriff,,Chad Sheehan,REP,1090,565,525
Woodbury,19 Bryant Elementary School,County Sheriff,,Chad Sheehan,REP,814,454,360
Woodbury,2 West Middle School,County Sheriff,,Chad Sheehan,REP,1135,601,534
Woodbury,20 Irving Elementary School,County Sheriff,,Chad Sheehan,REP,418,239,179
Woodbury,21 Unity Elementary School,County Sheriff,,Chad Sheehan,REP,670,324,346
Woodbury,22 Spalding Elementary School,County Sheriff,,Chad Sheehan,REP,769,393,376
Woodbury,23 Morningside Branch Library,County Sheriff,,Chad Sheehan,REP,892,448,444
Woodbury,24 Morningside Branch Library,County Sheriff,,Chad Sheehan,REP,941,397,544
Woodbury,25 East Middle School,County Sheriff,,Chad Sheehan,REP,1192,664,528
Woodbury,26 Morningside Elementary Scho,County Sheriff,,Chad Sheehan,REP,983,439,544
Woodbury,27 Morningside Elementary Scho,County Sheriff,,Chad Sheehan,REP,1181,539,642
Woodbury,28 East High School,County Sheriff,,Chad Sheehan,REP,2082,1264,818
Woodbury,29 East High School,County Sheriff,,Chad Sheehan,REP,1580,1028,552
Woodbury,3 Loess Hills Elementary Schoo,County Sheriff,,Chad Sheehan,REP,771,443,328
Woodbury,30 Sgt Bluff West,County Sheriff,,Chad Sheehan,REP,1372,605,767
Woodbury,31 Sgt Bluff East,County Sheriff,,Chad Sheehan,REP,880,373,507
Woodbury,32 Woodbury Township,County Sheriff,,Chad Sheehan,REP,747,424,323
Woodbury,33 Salix,County Sheriff,,Chad Sheehan,REP,496,148,348
Woodbury,34 Moville,County Sheriff,,Chad Sheehan,REP,1340,366,974
Woodbury,35 Pierson,County Sheriff,,Chad Sheehan,REP,274,48,226
Woodbury,36 Correctionville,County Sheriff,,Chad Sheehan,REP,551,104,447
Woodbury,37 Bronson,County Sheriff,,Chad Sheehan,REP,572,153,419
Woodbury,38 Cushing,County Sheriff,,Chad Sheehan,REP,222,33,189
Woodbury,39 Hornick,County Sheriff,,Chad Sheehan,REP,417,102,315
Woodbury,4 Hunt Elementary School,County Sheriff,,Chad Sheehan,REP,914,481,433
Woodbury,40 Anthon,County Sheriff,,Chad Sheehan,REP,423,80,343
Woodbury,41 Danbury,County Sheriff,,Chad Sheehan,REP,347,49,298
Woodbury,42 Sloan,County Sheriff,,Chad Sheehan,REP,710,175,535
Woodbury,43 Smithland,County Sheriff,,Chad Sheehan,REP,220,41,179
Woodbury,44 Oto,County Sheriff,,Chad Sheehan,REP,108,17,91
Woodbury,5 Liberty Elementary School,County Sheriff,,Chad Sheehan,REP,715,405,310
Woodbury,6 Hunt Elementary School,County Sheriff,,Chad Sheehan,REP,378,199,179
Woodbury,7 Loess Hills Elementary Schoo,County Sheriff,,Chad Sheehan,REP,611,284,327
Woodbury,8 Liberty Elementary School,County Sheriff,,Chad Sheehan,REP,386,174,212
Woodbury,9 Hunt Elementary School,County Sheriff,,Chad Sheehan,REP,180,69,111
Woodbury,1 Riverside Elementary School,County Sheriff,,Write-In,,23,15,8
Woodbury,10 Loess Hills Elementary Scho,County Sheriff,,Write-In,,12,6,6
Woodbury,11 Liberty Elementary School,County Sheriff,,Write-In,,17,11,6
Woodbury,12 Perry Creek Elementary Scho,County Sheriff,,Write-In,,36,22,14
Woodbury,13 North Middle School,County Sheriff,,Write-In,,39,24,15
Woodbury,14 North Middle School,County Sheriff,,Write-In,,22,12,10
Woodbury,15 Leeds Elementary School,County Sheriff,,Write-In,,30,19,11
Woodbury,16 Unity Elementary School,County Sheriff,,Write-In,,10,3,7
Woodbury,17 Lawton -,County Sheriff,,Write-In,,19,12,7
Woodbury,18 Bryant Elementary School,County Sheriff,,Write-In,,35,21,14
Woodbury,19 Bryant Elementary School,County Sheriff,,Write-In,,26,17,9
Woodbury,2 West Middle School,County Sheriff,,Write-In,,33,18,15
Woodbury,20 Irving Elementary School,County Sheriff,,Write-In,,9,4,5
Woodbury,21 Unity Elementary School,County Sheriff,,Write-In,,17,11,6
Woodbury,22 Spalding Elementary School,County Sheriff,,Write-In,,13,9,4
Woodbury,23 Morningside Branch Library,County Sheriff,,Write-In,,29,15,14
Woodbury,24 Morningside Branch Library,County Sheriff,,Write-In,,21,8,13
Woodbury,25 East Middle School,County Sheriff,,Write-In,,31,14,17
Woodbury,26 Morningside Elementary Scho,County Sheriff,,Write-In,,27,13,14
Woodbury,27 Morningside Elementary Scho,County Sheriff,,Write-In,,16,7,9
Woodbury,28 East High School,County Sheriff,,Write-In,,47,27,20
Woodbury,29 East High School,County Sheriff,,Write-In,,33,19,14
Woodbury,3 Loess Hills Elementary Schoo,County Sheriff,,Write-In,,24,15,9
Woodbury,30 Sgt Bluff West,County Sheriff,,Write-In,,24,12,12
Woodbury,31 Sgt Bluff East,County Sheriff,,Write-In,,12,6,6
Woodbury,32 Woodbury Township,County Sheriff,,Write-In,,10,4,6
Woodbury,33 Salix,County Sheriff,,Write-In,,8,2,6
Woodbury,34 Moville,County Sheriff,,Write-In,,23,5,18
Woodbury,35 Pierson,County Sheriff,,Write-In,,2,0,2
Woodbury,36 Correctionville,County Sheriff,,Write-In,,1,0,1
Woodbury,37 Bronson,County Sheriff,,Write-In,,12,5,7
Woodbury,38 Cushing,County Sheriff,,Write-In,,1,0,1
Woodbury,39 Hornick,County Sheriff,,Write-In,,7,4,3
Woodbury,4 Hunt Elementary School,County Sheriff,,Write-In,,38,21,17
Woodbury,40 Anthon,County Sheriff,,Write-In,,7,3,4
Woodbury,41 Danbury,County Sheriff,,Write-In,,3,1,2
Woodbury,42 Sloan,County Sheriff,,Write-In,,7,0,7
Woodbury,43 Smithland,County Sheriff,,Write-In,,3,1,2
Woodbury,44 Oto,County Sheriff,,Write-In,,0,0,0
Woodbury,5 Liberty Elementary School,County Sheriff,,Write-In,,50,33,17
Woodbury,6 Hunt Elementary School,County Sheriff,,Write-In,,11,3,8
Woodbury,7 Loess Hills Elementary Schoo,County Sheriff,,Write-In,,23,10,13
Woodbury,8 Liberty Elementary School,County Sheriff,,Write-In,,20,7,13
Woodbury,9 Hunt Elementary School,County Sheriff,,Write-In,,9,5,4
Woodbury,1 Riverside Elementary School,County Supervisor,1,John Herrig,DEM,535,280,255
Woodbury,10 Loess Hills Elementary Scho,County Supervisor,1,John Herrig,DEM,216,123,93
Woodbury,11 Liberty Elementary School,County Supervisor,1,John Herrig,DEM,203,104,99
Woodbury,12 Perry Creek Elementary Scho,County Supervisor,1,John Herrig,DEM,623,392,231
Woodbury,13 North Middle School,County Supervisor,1,John Herrig,DEM,504,341,163
Woodbury,14 North Middle School,County Supervisor,1,John Herrig,DEM,533,340,193
Woodbury,15 Leeds Elementary School,County Supervisor,1,John Herrig,DEM,532,298,234
Woodbury,16 Unity Elementary School,County Supervisor,1,John Herrig,DEM,211,113,98
Woodbury,17 Lawton -,County Supervisor,1,John Herrig,DEM,294,161,133
Woodbury,18 Bryant Elementary School,County Supervisor,1,John Herrig,DEM,610,382,228
Woodbury,19 Bryant Elementary School,County Supervisor,1,John Herrig,DEM,519,335,184
Woodbury,2 West Middle School,County Supervisor,1,John Herrig,DEM,586,345,241
Woodbury,20 Irving Elementary School,County Supervisor,1,John Herrig,DEM,351,202,149
Woodbury,21 Unity Elementary School,County Supervisor,1,John Herrig,DEM,325,197,128
Woodbury,22 Spalding Elementary School,County Supervisor,1,John Herrig,DEM,372,205,167
Woodbury,23 Morningside Branch Library,County Supervisor,1,John Herrig,DEM,505,297,208
Woodbury,24 Morningside Branch Library,County Supervisor,1,John Herrig,DEM,487,245,242
Woodbury,25 East Middle School,County Supervisor,1,John Herrig,DEM,599,383,216
Woodbury,26 Morningside Elementary Scho,County Supervisor,1,John Herrig,DEM,508,289,219
Woodbury,27 Morningside Elementary Scho,County Supervisor,1,John Herrig,DEM,541,271,270
Woodbury,28 East High School,County Supervisor,1,John Herrig,DEM,778,529,249
Woodbury,29 East High School,County Supervisor,1,John Herrig,DEM,691,497,194
Woodbury,3 Loess Hills Elementary Schoo,County Supervisor,1,John Herrig,DEM,442,296,146
Woodbury,30 Sgt Bluff West,County Supervisor,1,John Herrig,DEM,504,274,230
Woodbury,31 Sgt Bluff East,County Supervisor,1,John Herrig,DEM,307,154,153
Woodbury,32 Woodbury Township,County Supervisor,1,John Herrig,DEM,179,110,69
Woodbury,33 Salix,County Supervisor,1,John Herrig,DEM,168,72,96
Woodbury,34 Moville,County Supervisor,1,John Herrig,DEM,350,134,216
Woodbury,35 Pierson,County Supervisor,1,John Herrig,DEM,84,31,53
Woodbury,36 Correctionville,County Supervisor,1,John Herrig,DEM,130,49,81
Woodbury,37 Bronson,County Supervisor,1,John Herrig,DEM,138,52,86
Woodbury,38 Cushing,County Supervisor,1,John Herrig,DEM,46,14,32
Woodbury,39 Hornick,County Supervisor,1,John Herrig,DEM,75,21,54
Woodbury,4 Hunt Elementary School,County Supervisor,1,John Herrig,DEM,559,313,246
Woodbury,40 Anthon,County Supervisor,1,John Herrig,DEM,91,30,61
Woodbury,41 Danbury,County Supervisor,1,John Herrig,DEM,80,24,56
Woodbury,42 Sloan,County Supervisor,1,John Herrig,DEM,195,63,132
Woodbury,43 Smithland,County Supervisor,1,John Herrig,DEM,36,12,24
Woodbury,44 Oto,County Supervisor,1,John Herrig,DEM,22,4,18
Woodbury,5 Liberty Elementary School,County Supervisor,1,John Herrig,DEM,565,364,201
Woodbury,6 Hunt Elementary School,County Supervisor,1,John Herrig,DEM,299,162,137
Woodbury,7 Loess Hills Elementary Schoo,County Supervisor,1,John Herrig,DEM,481,247,234
Woodbury,8 Liberty Elementary School,County Supervisor,1,John Herrig,DEM,323,161,162
Woodbury,9 Hunt Elementary School,County Supervisor,1,John Herrig,DEM,170,73,97
Woodbury,1 Riverside Elementary School,County Supervisor,1,Kent T. Carper,REP,617,223,394
Woodbury,10 Loess Hills Elementary Scho,County Supervisor,1,Kent T. Carper,REP,207,96,111
Woodbury,11 Liberty Elementary School,County Supervisor,1,Kent T. Carper,REP,126,59,67
Woodbury,12 Perry Creek Elementary Scho,County Supervisor,1,Kent T. Carper,REP,942,498,444
Woodbury,13 North Middle School,County Supervisor,1,Kent T. Carper,REP,573,329,244
Woodbury,14 North Middle School,County Supervisor,1,Kent T. Carper,REP,680,397,283
Woodbury,15 Leeds Elementary School,County Supervisor,1,Kent T. Carper,REP,733,294,439
Woodbury,16 Unity Elementary School,County Supervisor,1,Kent T. Carper,REP,295,139,156
Woodbury,17 Lawton -,County Supervisor,1,Kent T. Carper,REP,1113,470,643
Woodbury,18 Bryant Elementary School,County Supervisor,1,Kent T. Carper,REP,713,336,377
Woodbury,19 Bryant Elementary School,County Supervisor,1,Kent T. Carper,REP,489,257,232
Woodbury,2 West Middle School,County Supervisor,1,Kent T. Carper,REP,781,391,390
Woodbury,20 Irving Elementary School,County Supervisor,1,Kent T. Carper,REP,226,132,94
Woodbury,21 Unity Elementary School,County Supervisor,1,Kent T. Carper,REP,467,207,260
Woodbury,22 Spalding Elementary School,County Supervisor,1,Kent T. Carper,REP,490,247,243
Woodbury,23 Morningside Branch Library,County Supervisor,1,Kent T. Carper,REP,583,279,304
Woodbury,24 Morningside Branch Library,County Supervisor,1,Kent T. Carper,REP,657,267,390
Woodbury,25 East Middle School,County Supervisor,1,Kent T. Carper,REP,831,428,403
Woodbury,26 Morningside Elementary Scho,County Supervisor,1,Kent T. Carper,REP,684,283,401
Woodbury,27 Morningside Elementary Scho,County Supervisor,1,Kent T. Carper,REP,817,387,430
Woodbury,28 East High School,County Supervisor,1,Kent T. Carper,REP,1565,933,632
Woodbury,29 East High School,County Supervisor,1,Kent T. Carper,REP,1119,718,401
Woodbury,3 Loess Hills Elementary Schoo,County Supervisor,1,Kent T. Carper,REP,497,264,233
Woodbury,30 Sgt Bluff West,County Supervisor,1,Kent T. Carper,REP,1015,415,600
Woodbury,31 Sgt Bluff East,County Supervisor,1,Kent T. Carper,REP,651,263,388
Woodbury,32 Woodbury Township,County Supervisor,1,Kent T. Carper,REP,626,358,268
Woodbury,33 Salix,County Supervisor,1,Kent T. Carper,REP,385,113,272
Woodbury,34 Moville,County Supervisor,1,Kent T. Carper,REP,1049,262,787
Woodbury,35 Pierson,County Supervisor,1,Kent T. Carper,REP,209,29,180
Woodbury,36 Correctionville,County Supervisor,1,Kent T. Carper,REP,424,60,364
Woodbury,37 Bronson,County Supervisor,1,Kent T. Carper,REP,455,121,334
Woodbury,38 Cushing,County Supervisor,1,Kent T. Carper,REP,181,19,162
Woodbury,39 Hornick,County Supervisor,1,Kent T. Carper,REP,345,84,261
Woodbury,4 Hunt Elementary School,County Supervisor,1,Kent T. Carper,REP,592,297,295
Woodbury,40 Anthon,County Supervisor,1,Kent T. Carper,REP,346,58,288
Woodbury,41 Danbury,County Supervisor,1,Kent T. Carper,REP,277,27,250
Woodbury,42 Sloan,County Supervisor,1,Kent T. Carper,REP,555,128,427
Woodbury,43 Smithland,County Supervisor,1,Kent T. Carper,REP,185,33,152
Woodbury,44 Oto,County Supervisor,1,Kent T. Carper,REP,83,15,68
Woodbury,5 Liberty Elementary School,County Supervisor,1,Kent T. Carper,REP,441,241,200
Woodbury,6 Hunt Elementary School,County Supervisor,1,Kent T. Carper,REP,228,121,107
Woodbury,7 Loess Hills Elementary Schoo,County Supervisor,1,Kent T. Carper,REP,347,161,186
Woodbury,8 Liberty Elementary School,County Supervisor,1,Kent T. Carper,REP,191,76,115
Woodbury,9 Hunt Elementary School,County Supervisor,1,Kent T. Carper,REP,107,41,66
Woodbury,1 Riverside Elementary School,County Supervisor,1,Write-In,,0,0,0
Woodbury,10 Loess Hills Elementary Scho,County Supervisor,1,Write-In,,0,0,0
Woodbury,11 Liberty Elementary School,County Supervisor,1,Write-In,,1,1,0
Woodbury,12 Perry Creek Elementary Scho,County Supervisor,1,Write-In,,1,1,0
Woodbury,13 North Middle School,County Supervisor,1,Write-In,,2,2,0
Woodbury,14 North Middle School,County Supervisor,1,Write-In,,2,1,1
Woodbury,15 Leeds Elementary School,County Supervisor,1,Write-In,,1,0,1
Woodbury,16 Unity Elementary School,County Supervisor,1,Write-In,,0,0,0
Woodbury,17 Lawton -,County Supervisor,1,Write-In,,3,2,1
Woodbury,18 Bryant Elementary School,County Supervisor,1,Write-In,,2,1,1
Woodbury,19 Bryant Elementary School,County Supervisor,1,Write-In,,1,1,0
Woodbury,2 West Middle School,County Supervisor,1,Write-In,,2,1,1
Woodbury,20 Irving Elementary School,County Supervisor,1,Write-In,,0,0,0
Woodbury,21 Unity Elementary School,County Supervisor,1,Write-In,,2,1,1
Woodbury,22 Spalding Elementary School,County Supervisor,1,Write-In,,1,1,0
Woodbury,23 Morningside Branch Library,County Supervisor,1,Write-In,,2,1,1
Woodbury,24 Morningside Branch Library,County Supervisor,1,Write-In,,1,1,0
Woodbury,25 East Middle School,County Supervisor,1,Write-In,,2,0,2
Woodbury,26 Morningside Elementary Scho,County Supervisor,1,Write-In,,1,0,1
Woodbury,27 Morningside Elementary Scho,County Supervisor,1,Write-In,,0,0,0
Woodbury,28 East High School,County Supervisor,1,Write-In,,5,5,0
Woodbury,29 East High School,County Supervisor,1,Write-In,,3,1,2
Woodbury,3 Loess Hills Elementary Schoo,County Supervisor,1,Write-In,,3,1,2
Woodbury,30 Sgt Bluff West,County Supervisor,1,Write-In,,1,0,1
Woodbury,31 Sgt Bluff East,County Supervisor,1,Write-In,,1,1,0
Woodbury,32 Woodbury Township,County Supervisor,1,Write-In,,2,1,1
Woodbury,33 Salix,County Supervisor,1,Write-In,,1,0,1
Woodbury,34 Moville,County Supervisor,1,Write-In,,1,0,1
Woodbury,35 Pierson,County Supervisor,1,Write-In,,0,0,0
Woodbury,36 Correctionville,County Supervisor,1,Write-In,,0,0,0
Woodbury,37 Bronson,County Supervisor,1,Write-In,,0,0,0
Woodbury,38 Cushing,County Supervisor,1,Write-In,,0,0,0
Woodbury,39 Hornick,County Supervisor,1,Write-In,,0,0,0
Woodbury,4 Hunt Elementary School,County Supervisor,1,Write-In,,1,0,1
Woodbury,40 Anthon,County Supervisor,1,Write-In,,0,0,0
Woodbury,41 Danbury,County Supervisor,1,Write-In,,1,0,1
Woodbury,42 Sloan,County Supervisor,1,Write-In,,0,0,0
Woodbury,43 Smithland,County Supervisor,1,Write-In,,0,0,0
Woodbury,44 Oto,County Supervisor,1,Write-In,,0,0,0
Woodbury,5 Liberty Elementary School,County Supervisor,1,Write-In,,0,0,0
Woodbury,6 Hunt Elementary School,County Supervisor,1,Write-In,,0,0,0
Woodbury,7 Loess Hills Elementary Schoo,County Supervisor,1,Write-In,,1,1,0
Woodbury,8 Liberty Elementary School,County Supervisor,1,Write-In,,1,0,1
Woodbury,9 Hunt Elementary School,County Supervisor,1,Write-In,,0,0,0
Woodbury,1 Riverside Elementary School,County Supervisor,3,Mark Nelson,REP,639,229,410
Woodbury,10 Loess Hills Elementary Scho,County Supervisor,3,Mark Nelson,REP,215,99,116
Woodbury,11 Liberty Elementary School,County Supervisor,3,Mark Nelson,REP,128,60,68
Woodbury,12 Perry Creek Elementary Scho,County Supervisor,3,Mark Nelson,REP,976,509,467
Woodbury,13 North Middle School,County Supervisor,3,Mark Nelson,REP,622,359,263
Woodbury,14 North Middle School,County Supervisor,3,Mark Nelson,REP,713,410,303
Woodbury,15 Leeds Elementary School,County Supervisor,3,Mark Nelson,REP,761,308,453
Woodbury,16 Unity Elementary School,County Supervisor,3,Mark Nelson,REP,300,141,159
Woodbury,17 Lawton -,County Supervisor,3,Mark Nelson,REP,1076,473,603
Woodbury,18 Bryant Elementary School,County Supervisor,3,Mark Nelson,REP,722,345,377
Woodbury,19 Bryant Elementary School,County Supervisor,3,Mark Nelson,REP,532,281,251
Woodbury,2 West Middle School,County Supervisor,3,Mark Nelson,REP,793,401,392
Woodbury,20 Irving Elementary School,County Supervisor,3,Mark Nelson,REP,240,142,98
Woodbury,21 Unity Elementary School,County Supervisor,3,Mark Nelson,REP,479,206,273
Woodbury,22 Spalding Elementary School,County Supervisor,3,Mark Nelson,REP,524,268,256
Woodbury,23 Morningside Branch Library,County Supervisor,3,Mark Nelson,REP,608,288,320
Woodbury,24 Morningside Branch Library,County Supervisor,3,Mark Nelson,REP,663,274,389
Woodbury,25 East Middle School,County Supervisor,3,Mark Nelson,REP,850,436,414
Woodbury,26 Morningside Elementary Scho,County Supervisor,3,Mark Nelson,REP,705,299,406
Woodbury,27 Morningside Elementary Scho,County Supervisor,3,Mark Nelson,REP,860,396,464
Woodbury,28 East High School,County Supervisor,3,Mark Nelson,REP,1600,956,644
Woodbury,29 East High School,County Supervisor,3,Mark Nelson,REP,1190,767,423
Woodbury,3 Loess Hills Elementary Schoo,County Supervisor,3,Mark Nelson,REP,514,273,241
Woodbury,30 Sgt Bluff West,County Supervisor,3,Mark Nelson,REP,1064,431,633
Woodbury,31 Sgt Bluff East,County Supervisor,3,Mark Nelson,REP,681,273,408
Woodbury,32 Woodbury Township,County Supervisor,3,Mark Nelson,REP,630,357,273
Woodbury,33 Salix,County Supervisor,3,Mark Nelson,REP,411,118,293
Woodbury,34 Moville,County Supervisor,3,Mark Nelson,REP,1155,297,858
Woodbury,35 Pierson,County Supervisor,3,Mark Nelson,REP,238,42,196
Woodbury,36 Correctionville,County Supervisor,3,Mark Nelson,REP,473,78,395
Woodbury,37 Bronson,County Supervisor,3,Mark Nelson,REP,478,134,344
Woodbury,38 Cushing,County Supervisor,3,Mark Nelson,REP,204,24,180
Woodbury,39 Hornick,County Supervisor,3,Mark Nelson,REP,366,88,278
Woodbury,4 Hunt Elementary School,County Supervisor,3,Mark Nelson,REP,614,313,301
Woodbury,40 Anthon,County Supervisor,3,Mark Nelson,REP,393,72,321
Woodbury,41 Danbury,County Supervisor,3,Mark Nelson,REP,324,41,283
Woodbury,42 Sloan,County Supervisor,3,Mark Nelson,REP,577,130,447
Woodbury,43 Smithland,County Supervisor,3,Mark Nelson,REP,194,33,161
Woodbury,44 Oto,County Supervisor,3,Mark Nelson,REP,100,13,87
Woodbury,5 Liberty Elementary School,County Supervisor,3,Mark Nelson,REP,472,255,217
Woodbury,6 Hunt Elementary School,County Supervisor,3,Mark Nelson,REP,226,117,109
Woodbury,7 Loess Hills Elementary Schoo,County Supervisor,3,Mark Nelson,REP,355,168,187
Woodbury,8 Liberty Elementary School,County Supervisor,3,Mark Nelson,REP,204,82,122
Woodbury,9 Hunt Elementary School,County Supervisor,3,Mark Nelson,REP,109,43,66
Woodbury,1 Riverside Elementary School,County Supervisor,3,Willard Brian McNaughton,DEM,507,271,236
Woodbury,10 Loess Hills Elementary Scho,County Supervisor,3,Willard Brian McNaughton,DEM,208,118,90
Woodbury,11 Liberty Elementary School,County Supervisor,3,Willard Brian McNaughton,DEM,195,103,92
Woodbury,12 Perry Creek Elementary Scho,County Supervisor,3,Willard Brian McNaughton,DEM,587,379,208
Woodbury,13 North Middle School,County Supervisor,3,Willard Brian McNaughton,DEM,456,310,146
Woodbury,14 North Middle School,County Supervisor,3,Willard Brian McNaughton,DEM,502,329,173
Woodbury,15 Leeds Elementary School,County Supervisor,3,Willard Brian McNaughton,DEM,497,285,212
Woodbury,16 Unity Elementary School,County Supervisor,3,Willard Brian McNaughton,DEM,202,111,91
Woodbury,17 Lawton -,County Supervisor,3,Willard Brian McNaughton,DEM,394,193,201
Woodbury,18 Bryant Elementary School,County Supervisor,3,Willard Brian McNaughton,DEM,588,370,218
Woodbury,19 Bryant Elementary School,County Supervisor,3,Willard Brian McNaughton,DEM,473,307,166
Woodbury,2 West Middle School,County Supervisor,3,Willard Brian McNaughton,DEM,565,332,233
Woodbury,20 Irving Elementary School,County Supervisor,3,Willard Brian McNaughton,DEM,339,196,143
Woodbury,21 Unity Elementary School,County Supervisor,3,Willard Brian McNaughton,DEM,314,195,119
Woodbury,22 Spalding Elementary School,County Supervisor,3,Willard Brian McNaughton,DEM,348,192,156
Woodbury,23 Morningside Branch Library,County Supervisor,3,Willard Brian McNaughton,DEM,485,291,194
Woodbury,24 Morningside Branch Library,County Supervisor,3,Willard Brian McNaughton,DEM,484,244,240
Woodbury,25 East Middle School,County Supervisor,3,Willard Brian McNaughton,DEM,584,377,207
Woodbury,26 Morningside Elementary Scho,County Supervisor,3,Willard Brian McNaughton,DEM,491,278,213
Woodbury,27 Morningside Elementary Scho,County Supervisor,3,Willard Brian McNaughton,DEM,498,265,233
Woodbury,28 East High School,County Supervisor,3,Willard Brian McNaughton,DEM,763,515,248
Woodbury,29 East High School,County Supervisor,3,Willard Brian McNaughton,DEM,632,455,177
Woodbury,3 Loess Hills Elementary Schoo,County Supervisor,3,Willard Brian McNaughton,DEM,428,295,133
Woodbury,30 Sgt Bluff West,County Supervisor,3,Willard Brian McNaughton,DEM,469,265,204
Woodbury,31 Sgt Bluff East,County Supervisor,3,Willard Brian McNaughton,DEM,283,148,135
Woodbury,32 Woodbury Township,County Supervisor,3,Willard Brian McNaughton,DEM,185,116,69
Woodbury,33 Salix,County Supervisor,3,Willard Brian McNaughton,DEM,149,69,80
Woodbury,34 Moville,County Supervisor,3,Willard Brian McNaughton,DEM,327,125,202
Woodbury,35 Pierson,County Supervisor,3,Willard Brian McNaughton,DEM,65,22,43
Woodbury,36 Correctionville,County Supervisor,3,Willard Brian McNaughton,DEM,109,39,70
Woodbury,37 Bronson,County Supervisor,3,Willard Brian McNaughton,DEM,142,46,96
Woodbury,38 Cushing,County Supervisor,3,Willard Brian McNaughton,DEM,35,10,25
Woodbury,39 Hornick,County Supervisor,3,Willard Brian McNaughton,DEM,65,19,46
Woodbury,4 Hunt Elementary School,County Supervisor,3,Willard Brian McNaughton,DEM,534,299,235
Woodbury,40 Anthon,County Supervisor,3,Willard Brian McNaughton,DEM,66,23,43
Woodbury,41 Danbury,County Supervisor,3,Willard Brian McNaughton,DEM,44,17,27
Woodbury,42 Sloan,County Supervisor,3,Willard Brian McNaughton,DEM,171,60,111
Woodbury,43 Smithland,County Supervisor,3,Willard Brian McNaughton,DEM,34,12,22
Woodbury,44 Oto,County Supervisor,3,Willard Brian McNaughton,DEM,15,6,9
Woodbury,5 Liberty Elementary School,County Supervisor,3,Willard Brian McNaughton,DEM,526,341,185
Woodbury,6 Hunt Elementary School,County Supervisor,3,Willard Brian McNaughton,DEM,292,161,131
Woodbury,7 Loess Hills Elementary Schoo,County Supervisor,3,Willard Brian McNaughton,DEM,467,236,231
Woodbury,8 Liberty Elementary School,County Supervisor,3,Willard Brian McNaughton,DEM,306,154,152
Woodbury,9 Hunt Elementary School,County Supervisor,3,Willard Brian McNaughton,DEM,166,68,98
Woodbury,1 Riverside Elementary School,County Supervisor,3,Write-In,,0,0,0
Woodbury,10 Loess Hills Elementary Scho,County Supervisor,3,Write-In,,1,1,0
Woodbury,11 Liberty Elementary School,County Supervisor,3,Write-In,,0,0,0
Woodbury,12 Perry Creek Elementary Scho,County Supervisor,3,Write-In,,1,1,0
Woodbury,13 North Middle School,County Supervisor,3,Write-In,,1,1,0
Woodbury,14 North Middle School,County Supervisor,3,Write-In,,2,1,1
Woodbury,15 Leeds Elementary School,County Supervisor,3,Write-In,,2,0,2
Woodbury,16 Unity Elementary School,County Supervisor,3,Write-In,,1,0,1
Woodbury,17 Lawton -,County Supervisor,3,Write-In,,3,2,1
Woodbury,18 Bryant Elementary School,County Supervisor,3,Write-In,,2,1,1
Woodbury,19 Bryant Elementary School,County Supervisor,3,Write-In,,1,1,0
Woodbury,2 West Middle School,County Supervisor,3,Write-In,,2,1,1
Woodbury,20 Irving Elementary School,County Supervisor,3,Write-In,,1,1,0
Woodbury,21 Unity Elementary School,County Supervisor,3,Write-In,,2,2,0
Woodbury,22 Spalding Elementary School,County Supervisor,3,Write-In,,0,0,0
Woodbury,23 Morningside Branch Library,County Supervisor,3,Write-In,,3,1,2
Woodbury,24 Morningside Branch Library,County Supervisor,3,Write-In,,1,1,0
Woodbury,25 East Middle School,County Supervisor,3,Write-In,,3,0,3
Woodbury,26 Morningside Elementary Scho,County Supervisor,3,Write-In,,0,0,0
Woodbury,27 Morningside Elementary Scho,County Supervisor,3,Write-In,,2,1,1
Woodbury,28 East High School,County Supervisor,3,Write-In,,3,3,0
Woodbury,29 East High School,County Supervisor,3,Write-In,,2,0,2
Woodbury,3 Loess Hills Elementary Schoo,County Supervisor,3,Write-In,,3,1,2
Woodbury,30 Sgt Bluff West,County Supervisor,3,Write-In,,1,0,1
Woodbury,31 Sgt Bluff East,County Supervisor,3,Write-In,,1,1,0
Woodbury,32 Woodbury Township,County Supervisor,3,Write-In,,0,0,0
Woodbury,33 Salix,County Supervisor,3,Write-In,,1,0,1
Woodbury,34 Moville,County Supervisor,3,Write-In,,0,0,0
Woodbury,35 Pierson,County Supervisor,3,Write-In,,0,0,0
Woodbury,36 Correctionville,County Supervisor,3,Write-In,,1,0,1
Woodbury,37 Bronson,County Supervisor,3,Write-In,,0,0,0
Woodbury,38 Cushing,County Supervisor,3,Write-In,,0,0,0
Woodbury,39 Hornick,County Supervisor,3,Write-In,,0,0,0
Woodbury,4 Hunt Elementary School,County Supervisor,3,Write-In,,2,1,1
Woodbury,40 Anthon,County Supervisor,3,Write-In,,0,0,0
Woodbury,41 Danbury,County Supervisor,3,Write-In,,1,0,1
Woodbury,42 Sloan,County Supervisor,3,Write-In,,0,0,0
Woodbury,43 Smithland,County Supervisor,3,Write-In,,0,0,0
Woodbury,44 Oto,County Supervisor,3,Write-In,,0,0,0
Woodbury,5 Liberty Elementary School,County Supervisor,3,Write-In,,2,2,0
Woodbury,6 Hunt Elementary School,County Supervisor,3,Write-In,,0,0,0
Woodbury,7 Loess Hills Elementary Schoo,County Supervisor,3,Write-In,,0,0,0
Woodbury,8 Liberty Elementary School,County Supervisor,3,Write-In,,0,0,0
Woodbury,9 Hunt Elementary School,County Supervisor,3,Write-In,,0,0,0
Woodbury,1 Riverside Elementary School,County Supervisor,5,David Dietrich,REP,616,223,393
Woodbury,10 Loess Hills Elementary Scho,County Supervisor,5,David Dietrich,REP,205,95,110
Woodbury,11 Liberty Elementary School,County Supervisor,5,David Dietrich,REP,123,61,62
Woodbury,12 Perry Creek Elementary Scho,County Supervisor,5,David Dietrich,REP,964,502,462
Woodbury,13 North Middle School,County Supervisor,5,David Dietrich,REP,610,351,259
Woodbury,14 North Middle School,County Supervisor,5,David Dietrich,REP,697,404,293
Woodbury,15 Leeds Elementary School,County Supervisor,5,David Dietrich,REP,747,302,445
Woodbury,16 Unity Elementary School,County Supervisor,5,David Dietrich,REP,290,136,154
Woodbury,17 Lawton -,County Supervisor,5,David Dietrich,REP,1153,484,669
Woodbury,18 Bryant Elementary School,County Supervisor,5,David Dietrich,REP,715,340,375
Woodbury,19 Bryant Elementary School,County Supervisor,5,David Dietrich,REP,516,273,243
Woodbury,2 West Middle School,County Supervisor,5,David Dietrich,REP,789,396,393
Woodbury,20 Irving Elementary School,County Supervisor,5,David Dietrich,REP,230,136,94
Woodbury,21 Unity Elementary School,County Supervisor,5,David Dietrich,REP,489,214,275
Woodbury,22 Spalding Elementary School,County Supervisor,5,David Dietrich,REP,505,259,246
Woodbury,23 Morningside Branch Library,County Supervisor,5,David Dietrich,REP,582,277,305
Woodbury,24 Morningside Branch Library,County Supervisor,5,David Dietrich,REP,666,270,396
Woodbury,25 East Middle School,County Supervisor,5,David Dietrich,REP,845,439,406
Woodbury,26 Morningside Elementary Scho,County Supervisor,5,David Dietrich,REP,697,289,408
Woodbury,27 Morningside Elementary Scho,County Supervisor,5,David Dietrich,REP,842,394,448
Woodbury,28 East High School,County Supervisor,5,David Dietrich,REP,1591,952,639
Woodbury,29 East High School,County Supervisor,5,David Dietrich,REP,1164,744,420
Woodbury,3 Loess Hills Elementary Schoo,County Supervisor,5,David Dietrich,REP,501,261,240
Woodbury,30 Sgt Bluff West,County Supervisor,5,David Dietrich,REP,1037,424,613
Woodbury,31 Sgt Bluff East,County Supervisor,5,David Dietrich,REP,669,267,402
Woodbury,32 Woodbury Township,County Supervisor,5,David Dietrich,REP,614,347,267
Woodbury,33 Salix,County Supervisor,5,David Dietrich,REP,408,120,288
Woodbury,34 Moville,County Supervisor,5,David Dietrich,REP,1179,291,888
Woodbury,35 Pierson,County Supervisor,5,David Dietrich,REP,222,33,189
Woodbury,36 Correctionville,County Supervisor,5,David Dietrich,REP,434,61,373
Woodbury,37 Bronson,County Supervisor,5,David Dietrich,REP,481,132,349
Woodbury,38 Cushing,County Supervisor,5,David Dietrich,REP,191,22,169
Woodbury,39 Hornick,County Supervisor,5,David Dietrich,REP,385,92,293
Woodbury,4 Hunt Elementary School,County Supervisor,5,David Dietrich,REP,609,300,309
Woodbury,40 Anthon,County Supervisor,5,David Dietrich,REP,370,66,304
Woodbury,41 Danbury,County Supervisor,5,David Dietrich,REP,319,41,278
Woodbury,42 Sloan,County Supervisor,5,David Dietrich,REP,600,134,466
Woodbury,43 Smithland,County Supervisor,5,David Dietrich,REP,196,33,163
Woodbury,44 Oto,County Supervisor,5,David Dietrich,REP,94,15,79
Woodbury,5 Liberty Elementary School,County Supervisor,5,David Dietrich,REP,448,250,198
Woodbury,6 Hunt Elementary School,County Supervisor,5,David Dietrich,REP,226,121,105
Woodbury,7 Loess Hills Elementary Schoo,County Supervisor,5,David Dietrich,REP,342,162,180
Woodbury,8 Liberty Elementary School,County Supervisor,5,David Dietrich,REP,192,78,114
Woodbury,9 Hunt Elementary School,County Supervisor,5,David Dietrich,REP,106,43,63
Woodbury,1 Riverside Elementary School,County Supervisor,5,Lincoln Ryan,DEM,513,273,240
Woodbury,10 Loess Hills Elementary Scho,County Supervisor,5,Lincoln Ryan,DEM,213,122,91
Woodbury,11 Liberty Elementary School,County Supervisor,5,Lincoln Ryan,DEM,198,99,99
Woodbury,12 Perry Creek Elementary Scho,County Supervisor,5,Lincoln Ryan,DEM,581,378,203
Woodbury,13 North Middle School,County Supervisor,5,Lincoln Ryan,DEM,453,309,144
Woodbury,14 North Middle School,County Supervisor,5,Lincoln Ryan,DEM,493,320,173
Woodbury,15 Leeds Elementary School,County Supervisor,5,Lincoln Ryan,DEM,500,283,217
Woodbury,16 Unity Elementary School,County Supervisor,5,Lincoln Ryan,DEM,208,113,95
Woodbury,17 Lawton -,County Supervisor,5,Lincoln Ryan,DEM,256,150,106
Woodbury,18 Bryant Elementary School,County Supervisor,5,Lincoln Ryan,DEM,581,365,216
Woodbury,19 Bryant Elementary School,County Supervisor,5,Lincoln Ryan,DEM,476,307,169
Woodbury,2 West Middle School,County Supervisor,5,Lincoln Ryan,DEM,562,329,233
Woodbury,20 Irving Elementary School,County Supervisor,5,Lincoln Ryan,DEM,344,200,144
Woodbury,21 Unity Elementary School,County Supervisor,5,Lincoln Ryan,DEM,301,187,114
Woodbury,22 Spalding Elementary School,County Supervisor,5,Lincoln Ryan,DEM,356,195,161
Woodbury,23 Morningside Branch Library,County Supervisor,5,Lincoln Ryan,DEM,495,294,201
Woodbury,24 Morningside Branch Library,County Supervisor,5,Lincoln Ryan,DEM,472,241,231
Woodbury,25 East Middle School,County Supervisor,5,Lincoln Ryan,DEM,569,365,204
Woodbury,26 Morningside Elementary Scho,County Supervisor,5,Lincoln Ryan,DEM,484,278,206
Woodbury,27 Morningside Elementary Scho,County Supervisor,5,Lincoln Ryan,DEM,501,258,243
Woodbury,28 East High School,County Supervisor,5,Lincoln Ryan,DEM,751,507,244
Woodbury,29 East High School,County Supervisor,5,Lincoln Ryan,DEM,636,463,173
Woodbury,3 Loess Hills Elementary Schoo,County Supervisor,5,Lincoln Ryan,DEM,421,297,124
Woodbury,30 Sgt Bluff West,County Supervisor,5,Lincoln Ryan,DEM,485,263,222
Woodbury,31 Sgt Bluff East,County Supervisor,5,Lincoln Ryan,DEM,285,148,137
Woodbury,32 Woodbury Township,County Supervisor,5,Lincoln Ryan,DEM,190,118,72
Woodbury,33 Salix,County Supervisor,5,Lincoln Ryan,DEM,148,66,82
Woodbury,34 Moville,County Supervisor,5,Lincoln Ryan,DEM,264,110,154
Woodbury,35 Pierson,County Supervisor,5,Lincoln Ryan,DEM,70,26,44
Woodbury,36 Correctionville,County Supervisor,5,Lincoln Ryan,DEM,125,52,73
Woodbury,37 Bronson,County Supervisor,5,Lincoln Ryan,DEM,122,43,79
Woodbury,38 Cushing,County Supervisor,5,Lincoln Ryan,DEM,36,7,29
Woodbury,39 Hornick,County Supervisor,5,Lincoln Ryan,DEM,52,16,36
Woodbury,4 Hunt Elementary School,County Supervisor,5,Lincoln Ryan,DEM,520,301,219
Woodbury,40 Anthon,County Supervisor,5,Lincoln Ryan,DEM,74,24,50
Woodbury,41 Danbury,County Supervisor,5,Lincoln Ryan,DEM,47,17,30
Woodbury,42 Sloan,County Supervisor,5,Lincoln Ryan,DEM,157,60,97
Woodbury,43 Smithland,County Supervisor,5,Lincoln Ryan,DEM,33,15,18
Woodbury,44 Oto,County Supervisor,5,Lincoln Ryan,DEM,16,4,12
Woodbury,5 Liberty Elementary School,County Supervisor,5,Lincoln Ryan,DEM,546,344,202
Woodbury,6 Hunt Elementary School,County Supervisor,5,Lincoln Ryan,DEM,292,158,134
Woodbury,7 Loess Hills Elementary Schoo,County Supervisor,5,Lincoln Ryan,DEM,473,240,233
Woodbury,8 Liberty Elementary School,County Supervisor,5,Lincoln Ryan,DEM,316,156,160
Woodbury,9 Hunt Elementary School,County Supervisor,5,Lincoln Ryan,DEM,164,68,96
Woodbury,1 Riverside Elementary School,County Supervisor,5,Write-In,,0,0,0
Woodbury,10 Loess Hills Elementary Scho,County Supervisor,5,Write-In,,0,0,0
Woodbury,11 Liberty Elementary School,County Supervisor,5,Write-In,,0,0,0
Woodbury,12 Perry Creek Elementary Scho,County Supervisor,5,Write-In,,1,1,0
Woodbury,13 North Middle School,County Supervisor,5,Write-In,,1,1,0
Woodbury,14 North Middle School,County Supervisor,5,Write-In,,2,1,1
Woodbury,15 Leeds Elementary School,County Supervisor,5,Write-In,,0,0,0
Woodbury,16 Unity Elementary School,County Supervisor,5,Write-In,,0,0,0
Woodbury,17 Lawton -,County Supervisor,5,Write-In,,2,1,1
Woodbury,18 Bryant Elementary School,County Supervisor,5,Write-In,,2,1,1
Woodbury,19 Bryant Elementary School,County Supervisor,5,Write-In,,1,1,0
Woodbury,2 West Middle School,County Supervisor,5,Write-In,,2,1,1
Woodbury,20 Irving Elementary School,County Supervisor,5,Write-In,,0,0,0
Woodbury,21 Unity Elementary School,County Supervisor,5,Write-In,,0,0,0
Woodbury,22 Spalding Elementary School,County Supervisor,5,Write-In,,0,0,0
Woodbury,23 Morningside Branch Library,County Supervisor,5,Write-In,,4,1,3
Woodbury,24 Morningside Branch Library,County Supervisor,5,Write-In,,1,1,0
Woodbury,25 East Middle School,County Supervisor,5,Write-In,,2,0,2
Woodbury,26 Morningside Elementary Scho,County Supervisor,5,Write-In,,1,0,1
Woodbury,27 Morningside Elementary Scho,County Supervisor,5,Write-In,,0,0,0
Woodbury,28 East High School,County Supervisor,5,Write-In,,4,4,0
Woodbury,29 East High School,County Supervisor,5,Write-In,,3,1,2
Woodbury,3 Loess Hills Elementary Schoo,County Supervisor,5,Write-In,,3,1,2
Woodbury,30 Sgt Bluff West,County Supervisor,5,Write-In,,1,0,1
Woodbury,31 Sgt Bluff East,County Supervisor,5,Write-In,,1,1,0
Woodbury,32 Woodbury Township,County Supervisor,5,Write-In,,0,0,0
Woodbury,33 Salix,County Supervisor,5,Write-In,,0,0,0
Woodbury,34 Moville,County Supervisor,5,Write-In,,1,0,1
Woodbury,35 Pierson,County Supervisor,5,Write-In,,0,0,0
Woodbury,36 Correctionville,County Supervisor,5,Write-In,,1,0,1
Woodbury,37 Bronson,County Supervisor,5,Write-In,,0,0,0
Woodbury,38 Cushing,County Supervisor,5,Write-In,,0,0,0
Woodbury,39 Hornick,County Supervisor,5,Write-In,,0,0,0
Woodbury,4 Hunt Elementary School,County Supervisor,5,Write-In,,1,0,1
Woodbury,40 Anthon,County Supervisor,5,Write-In,,0,0,0
Woodbury,41 Danbury,County Supervisor,5,Write-In,,1,0,1
Woodbury,42 Sloan,County Supervisor,5,Write-In,,0,0,0
Woodbury,43 Smithland,County Supervisor,5,Write-In,,0,0,0
Woodbury,44 Oto,County Supervisor,5,Write-In,,0,0,0
Woodbury,5 Liberty Elementary School,County Supervisor,5,Write-In,,1,1,0
Woodbury,6 Hunt Elementary School,County Supervisor,5,Write-In,,1,1,0
Woodbury,7 Loess Hills Elementary Schoo,County Supervisor,5,Write-In,,0,0,0
Woodbury,8 Liberty Elementary School,County Supervisor,5,Write-In,,1,0,1
Woodbury,9 Hunt Elementary School,County Supervisor,5,Write-In,,0,0,0
Woodbury,1 Riverside Elementary School,Court of Appeals Judge - Mary Elizabeth Chicchelly,,No,,246,102,144
Woodbury,10 Loess Hills Elementary Scho,Court of Appeals Judge - Mary Elizabeth Chicchelly,,No,,103,50,53
Woodbury,11 Liberty Elementary School,Court of Appeals Judge - Mary Elizabeth Chicchelly,,No,,91,34,57
Woodbury,12 Perry Creek Elementary Scho,Court of Appeals Judge - Mary Elizabeth Chicchelly,,No,,289,152,137
Woodbury,13 North Middle School,Court of Appeals Judge - Mary Elizabeth Chicchelly,,No,,233,133,100
Woodbury,14 North Middle School,Court of Appeals Judge - Mary Elizabeth Chicchelly,,No,,230,131,99
Woodbury,15 Leeds Elementary School,Court of Appeals Judge - Mary Elizabeth Chicchelly,,No,,288,133,155
Woodbury,16 Unity Elementary School,Court of Appeals Judge - Mary Elizabeth Chicchelly,,No,,131,66,65
Woodbury,17 Lawton -,Court of Appeals Judge - Mary Elizabeth Chicchelly,,No,,328,157,171
Woodbury,18 Bryant Elementary School,Court of Appeals Judge - Mary Elizabeth Chicchelly,,No,,245,123,122
Woodbury,19 Bryant Elementary School,Court of Appeals Judge - Mary Elizabeth Chicchelly,,No,,222,120,102
Woodbury,2 West Middle School,Court of Appeals Judge - Mary Elizabeth Chicchelly,,No,,304,144,160
Woodbury,20 Irving Elementary School,Court of Appeals Judge - Mary Elizabeth Chicchelly,,No,,126,60,66
Woodbury,21 Unity Elementary School,Court of Appeals Judge - Mary Elizabeth Chicchelly,,No,,198,110,88
Woodbury,22 Spalding Elementary School,Court of Appeals Judge - Mary Elizabeth Chicchelly,,No,,196,103,93
Woodbury,23 Morningside Branch Library,Court of Appeals Judge - Mary Elizabeth Chicchelly,,No,,254,142,112
Woodbury,24 Morningside Branch Library,Court of Appeals Judge - Mary Elizabeth Chicchelly,,No,,274,126,148
Woodbury,25 East Middle School,Court of Appeals Judge - Mary Elizabeth Chicchelly,,No,,318,168,150
Woodbury,26 Morningside Elementary Scho,Court of Appeals Judge - Mary Elizabeth Chicchelly,,No,,272,129,143
Woodbury,27 Morningside Elementary Scho,Court of Appeals Judge - Mary Elizabeth Chicchelly,,No,,304,141,163
Woodbury,28 East High School,Court of Appeals Judge - Mary Elizabeth Chicchelly,,No,,431,248,183
Woodbury,29 East High School,Court of Appeals Judge - Mary Elizabeth Chicchelly,,No,,339,209,130
Woodbury,3 Loess Hills Elementary Schoo,Court of Appeals Judge - Mary Elizabeth Chicchelly,,No,,192,107,85
Woodbury,30 Sgt Bluff West,Court of Appeals Judge - Mary Elizabeth Chicchelly,,No,,302,117,185
Woodbury,31 Sgt Bluff East,Court of Appeals Judge - Mary Elizabeth Chicchelly,,No,,184,81,103
Woodbury,32 Woodbury Township,Court of Appeals Judge - Mary Elizabeth Chicchelly,,No,,162,88,74
Woodbury,33 Salix,Court of Appeals Judge - Mary Elizabeth Chicchelly,,No,,136,33,103
Woodbury,34 Moville,Court of Appeals Judge - Mary Elizabeth Chicchelly,,No,,337,81,256
Woodbury,35 Pierson,Court of Appeals Judge - Mary Elizabeth Chicchelly,,No,,60,12,48
Woodbury,36 Correctionville,Court of Appeals Judge - Mary Elizabeth Chicchelly,,No,,126,20,106
Woodbury,37 Bronson,Court of Appeals Judge - Mary Elizabeth Chicchelly,,No,,141,44,97
Woodbury,38 Cushing,Court of Appeals Judge - Mary Elizabeth Chicchelly,,No,,55,7,48
Woodbury,39 Hornick,Court of Appeals Judge - Mary Elizabeth Chicchelly,,No,,106,18,88
Woodbury,4 Hunt Elementary School,Court of Appeals Judge - Mary Elizabeth Chicchelly,,No,,240,131,109
Woodbury,40 Anthon,Court of Appeals Judge - Mary Elizabeth Chicchelly,,No,,116,17,99
Woodbury,41 Danbury,Court of Appeals Judge - Mary Elizabeth Chicchelly,,No,,88,16,72
Woodbury,42 Sloan,Court of Appeals Judge - Mary Elizabeth Chicchelly,,No,,136,36,100
Woodbury,43 Smithland,Court of Appeals Judge - Mary Elizabeth Chicchelly,,No,,59,14,45
Woodbury,44 Oto,Court of Appeals Judge - Mary Elizabeth Chicchelly,,No,,16,4,12
Woodbury,5 Liberty Elementary School,Court of Appeals Judge - Mary Elizabeth Chicchelly,,No,,190,116,74
Woodbury,6 Hunt Elementary School,Court of Appeals Judge - Mary Elizabeth Chicchelly,,No,,103,53,50
Woodbury,7 Loess Hills Elementary Schoo,Court of Appeals Judge - Mary Elizabeth Chicchelly,,No,,189,85,104
Woodbury,8 Liberty Elementary School,Court of Appeals Judge - Mary Elizabeth Chicchelly,,No,,111,47,64
Woodbury,9 Hunt Elementary School,Court of Appeals Judge - Mary Elizabeth Chicchelly,,No,,57,24,33
Woodbury,1 Riverside Elementary School,Court of Appeals Judge - Mary Elizabeth Chicchelly,,Yes,,582,277,305
Woodbury,10 Loess Hills Elementary Scho,Court of Appeals Judge - Mary Elizabeth Chicchelly,,Yes,,206,116,90
Woodbury,11 Liberty Elementary School,Court of Appeals Judge - Mary Elizabeth Chicchelly,,Yes,,160,85,75
Woodbury,12 Perry Creek Elementary Scho,Court of Appeals Judge - Mary Elizabeth Chicchelly,,Yes,,866,501,365
Woodbury,13 North Middle School,Court of Appeals Judge - Mary Elizabeth Chicchelly,,Yes,,604,402,202
Woodbury,14 North Middle School,Court of Appeals Judge - Mary Elizabeth Chicchelly,,Yes,,684,438,246
Woodbury,15 Leeds Elementary School,Court of Appeals Judge - Mary Elizabeth Chicchelly,,Yes,,707,337,370
Woodbury,16 Unity Elementary School,Court of Appeals Judge - Mary Elizabeth Chicchelly,,Yes,,275,129,146
Woodbury,17 Lawton -,Court of Appeals Judge - Mary Elizabeth Chicchelly,,Yes,,758,335,423
Woodbury,18 Bryant Elementary School,Court of Appeals Judge - Mary Elizabeth Chicchelly,,Yes,,781,417,364
Woodbury,19 Bryant Elementary School,Court of Appeals Judge - Mary Elizabeth Chicchelly,,Yes,,578,330,248
Woodbury,2 West Middle School,Court of Appeals Judge - Mary Elizabeth Chicchelly,,Yes,,683,397,286
Woodbury,20 Irving Elementary School,Court of Appeals Judge - Mary Elizabeth Chicchelly,,Yes,,301,189,112
Woodbury,21 Unity Elementary School,Court of Appeals Judge - Mary Elizabeth Chicchelly,,Yes,,430,199,231
Woodbury,22 Spalding Elementary School,Court of Appeals Judge - Mary Elizabeth Chicchelly,,Yes,,440,238,202
Woodbury,23 Morningside Branch Library,Court of Appeals Judge - Mary Elizabeth Chicchelly,,Yes,,576,300,276
Woodbury,24 Morningside Branch Library,Court of Appeals Judge - Mary Elizabeth Chicchelly,,Yes,,603,258,345
Woodbury,25 East Middle School,Court of Appeals Judge - Mary Elizabeth Chicchelly,,Yes,,757,443,314
Woodbury,26 Morningside Elementary Scho,Court of Appeals Judge - Mary Elizabeth Chicchelly,,Yes,,638,298,340
Woodbury,27 Morningside Elementary Scho,Court of Appeals Judge - Mary Elizabeth Chicchelly,,Yes,,771,375,396
Woodbury,28 East High School,Court of Appeals Judge - Mary Elizabeth Chicchelly,,Yes,,1339,875,464
Woodbury,29 East High School,Court of Appeals Judge - Mary Elizabeth Chicchelly,,Yes,,1030,698,332
Woodbury,3 Loess Hills Elementary Schoo,Court of Appeals Judge - Mary Elizabeth Chicchelly,,Yes,,529,336,193
Woodbury,30 Sgt Bluff West,Court of Appeals Judge - Mary Elizabeth Chicchelly,,Yes,,868,412,456
Woodbury,31 Sgt Bluff East,Court of Appeals Judge - Mary Elizabeth Chicchelly,,Yes,,539,226,313
Woodbury,32 Woodbury Township,Court of Appeals Judge - Mary Elizabeth Chicchelly,,Yes,,396,236,160
Woodbury,33 Salix,Court of Appeals Judge - Mary Elizabeth Chicchelly,,Yes,,285,105,180
Woodbury,34 Moville,Court of Appeals Judge - Mary Elizabeth Chicchelly,,Yes,,758,213,545
Woodbury,35 Pierson,Court of Appeals Judge - Mary Elizabeth Chicchelly,,Yes,,173,36,137
Woodbury,36 Correctionville,Court of Appeals Judge - Mary Elizabeth Chicchelly,,Yes,,292,58,234
Woodbury,37 Bronson,Court of Appeals Judge - Mary Elizabeth Chicchelly,,Yes,,316,79,237
Woodbury,38 Cushing,Court of Appeals Judge - Mary Elizabeth Chicchelly,,Yes,,127,18,109
Woodbury,39 Hornick,Court of Appeals Judge - Mary Elizabeth Chicchelly,,Yes,,225,68,157
Woodbury,4 Hunt Elementary School,Court of Appeals Judge - Mary Elizabeth Chicchelly,,Yes,,552,323,229
Woodbury,40 Anthon,Court of Appeals Judge - Mary Elizabeth Chicchelly,,Yes,,225,54,171
Woodbury,41 Danbury,Court of Appeals Judge - Mary Elizabeth Chicchelly,,Yes,,190,25,165
Woodbury,42 Sloan,Court of Appeals Judge - Mary Elizabeth Chicchelly,,Yes,,445,113,332
Woodbury,43 Smithland,Court of Appeals Judge - Mary Elizabeth Chicchelly,,Yes,,88,22,66
Woodbury,44 Oto,Court of Appeals Judge - Mary Elizabeth Chicchelly,,Yes,,49,13,36
Woodbury,5 Liberty Elementary School,Court of Appeals Judge - Mary Elizabeth Chicchelly,,Yes,,543,317,226
Woodbury,6 Hunt Elementary School,Court of Appeals Judge - Mary Elizabeth Chicchelly,,Yes,,291,163,128
Woodbury,7 Loess Hills Elementary Schoo,Court of Appeals Judge - Mary Elizabeth Chicchelly,,Yes,,469,236,233
Woodbury,8 Liberty Elementary School,Court of Appeals Judge - Mary Elizabeth Chicchelly,,Yes,,294,135,159
Woodbury,9 Hunt Elementary School,Court of Appeals Judge - Mary Elizabeth Chicchelly,,Yes,,139,63,76
Woodbury,1 Riverside Elementary School,Court of Appeals Judge - Mary Ellen Tabor,,No,,227,95,132
Woodbury,10 Loess Hills Elementary Scho,Court of Appeals Judge - Mary Ellen Tabor,,No,,95,48,47
Woodbury,11 Liberty Elementary School,Court of Appeals Judge - Mary Ellen Tabor,,No,,79,27,52
Woodbury,12 Perry Creek Elementary Scho,Court of Appeals Judge - Mary Ellen Tabor,,No,,304,160,144
Woodbury,13 North Middle School,Court of Appeals Judge - Mary Ellen Tabor,,No,,211,117,94
Woodbury,14 North Middle School,Court of Appeals Judge - Mary Ellen Tabor,,No,,192,103,89
Woodbury,15 Leeds Elementary School,Court of Appeals Judge - Mary Ellen Tabor,,No,,275,126,149
Woodbury,16 Unity Elementary School,Court of Appeals Judge - Mary Ellen Tabor,,No,,126,59,67
Woodbury,17 Lawton -,Court of Appeals Judge - Mary Ellen Tabor,,No,,336,168,168
Woodbury,18 Bryant Elementary School,Court of Appeals Judge - Mary Ellen Tabor,,No,,236,112,124
Woodbury,19 Bryant Elementary School,Court of Appeals Judge - Mary Ellen Tabor,,No,,209,116,93
Woodbury,2 West Middle School,Court of Appeals Judge - Mary Ellen Tabor,,No,,272,126,146
Woodbury,20 Irving Elementary School,Court of Appeals Judge - Mary Ellen Tabor,,No,,114,61,53
Woodbury,21 Unity Elementary School,Court of Appeals Judge - Mary Ellen Tabor,,No,,200,102,98
Woodbury,22 Spalding Elementary School,Court of Appeals Judge - Mary Ellen Tabor,,No,,178,90,88
Woodbury,23 Morningside Branch Library,Court of Appeals Judge - Mary Ellen Tabor,,No,,224,117,107
Woodbury,24 Morningside Branch Library,Court of Appeals Judge - Mary Ellen Tabor,,No,,258,113,145
Woodbury,25 East Middle School,Court of Appeals Judge - Mary Ellen Tabor,,No,,286,142,144
Woodbury,26 Morningside Elementary Scho,Court of Appeals Judge - Mary Ellen Tabor,,No,,257,128,129
Woodbury,27 Morningside Elementary Scho,Court of Appeals Judge - Mary Ellen Tabor,,No,,279,126,153
Woodbury,28 East High School,Court of Appeals Judge - Mary Ellen Tabor,,No,,418,242,176
Woodbury,29 East High School,Court of Appeals Judge - Mary Ellen Tabor,,No,,326,202,124
Woodbury,3 Loess Hills Elementary Schoo,Court of Appeals Judge - Mary Ellen Tabor,,No,,178,93,85
Woodbury,30 Sgt Bluff West,Court of Appeals Judge - Mary Ellen Tabor,,No,,300,113,187
Woodbury,31 Sgt Bluff East,Court of Appeals Judge - Mary Ellen Tabor,,No,,177,81,96
Woodbury,32 Woodbury Township,Court of Appeals Judge - Mary Ellen Tabor,,No,,164,97,67
Woodbury,33 Salix,Court of Appeals Judge - Mary Ellen Tabor,,No,,130,35,95
Woodbury,34 Moville,Court of Appeals Judge - Mary Ellen Tabor,,No,,323,80,243
Woodbury,35 Pierson,Court of Appeals Judge - Mary Ellen Tabor,,No,,55,9,46
Woodbury,36 Correctionville,Court of Appeals Judge - Mary Ellen Tabor,,No,,131,19,112
Woodbury,37 Bronson,Court of Appeals Judge - Mary Ellen Tabor,,No,,144,49,95
Woodbury,38 Cushing,Court of Appeals Judge - Mary Ellen Tabor,,No,,48,7,41
Woodbury,39 Hornick,Court of Appeals Judge - Mary Ellen Tabor,,No,,98,18,80
Woodbury,4 Hunt Elementary School,Court of Appeals Judge - Mary Ellen Tabor,,No,,204,113,91
Woodbury,40 Anthon,Court of Appeals Judge - Mary Ellen Tabor,,No,,114,18,96
Woodbury,41 Danbury,Court of Appeals Judge - Mary Ellen Tabor,,No,,81,14,67
Woodbury,42 Sloan,Court of Appeals Judge - Mary Ellen Tabor,,No,,130,35,95
Woodbury,43 Smithland,Court of Appeals Judge - Mary Ellen Tabor,,No,,53,12,41
Woodbury,44 Oto,Court of Appeals Judge - Mary Ellen Tabor,,No,,17,3,14
Woodbury,5 Liberty Elementary School,Court of Appeals Judge - Mary Ellen Tabor,,No,,169,96,73
Woodbury,6 Hunt Elementary School,Court of Appeals Judge - Mary Ellen Tabor,,No,,106,54,52
Woodbury,7 Loess Hills Elementary Schoo,Court of Appeals Judge - Mary Ellen Tabor,,No,,174,69,105
Woodbury,8 Liberty Elementary School,Court of Appeals Judge - Mary Ellen Tabor,,No,,101,40,61
Woodbury,9 Hunt Elementary School,Court of Appeals Judge - Mary Ellen Tabor,,No,,55,27,28
Woodbury,1 Riverside Elementary School,Court of Appeals Judge - Mary Ellen Tabor,,Yes,,598,284,314
Woodbury,10 Loess Hills Elementary Scho,Court of Appeals Judge - Mary Ellen Tabor,,Yes,,217,117,100
Woodbury,11 Liberty Elementary School,Court of Appeals Judge - Mary Ellen Tabor,,Yes,,172,91,81
Woodbury,12 Perry Creek Elementary Scho,Court of Appeals Judge - Mary Ellen Tabor,,Yes,,849,493,356
Woodbury,13 North Middle School,Court of Appeals Judge - Mary Ellen Tabor,,Yes,,628,420,208
Woodbury,14 North Middle School,Court of Appeals Judge - Mary Ellen Tabor,,Yes,,707,458,249
Woodbury,15 Leeds Elementary School,Court of Appeals Judge - Mary Ellen Tabor,,Yes,,724,347,377
Woodbury,16 Unity Elementary School,Court of Appeals Judge - Mary Ellen Tabor,,Yes,,281,137,144
Woodbury,17 Lawton -,Court of Appeals Judge - Mary Ellen Tabor,,Yes,,749,327,422
Woodbury,18 Bryant Elementary School,Court of Appeals Judge - Mary Ellen Tabor,,Yes,,785,429,356
Woodbury,19 Bryant Elementary School,Court of Appeals Judge - Mary Ellen Tabor,,Yes,,582,332,250
Woodbury,2 West Middle School,Court of Appeals Judge - Mary Ellen Tabor,,Yes,,713,417,296
Woodbury,20 Irving Elementary School,Court of Appeals Judge - Mary Ellen Tabor,,Yes,,312,189,123
Woodbury,21 Unity Elementary School,Court of Appeals Judge - Mary Ellen Tabor,,Yes,,426,205,221
Woodbury,22 Spalding Elementary School,Court of Appeals Judge - Mary Ellen Tabor,,Yes,,456,252,204
Woodbury,23 Morningside Branch Library,Court of Appeals Judge - Mary Ellen Tabor,,Yes,,605,329,276
Woodbury,24 Morningside Branch Library,Court of Appeals Judge - Mary Ellen Tabor,,Yes,,617,273,344
Woodbury,25 East Middle School,Court of Appeals Judge - Mary Ellen Tabor,,Yes,,785,465,320
Woodbury,26 Morningside Elementary Scho,Court of Appeals Judge - Mary Ellen Tabor,,Yes,,652,297,355
Woodbury,27 Morningside Elementary Scho,Court of Appeals Judge - Mary Ellen Tabor,,Yes,,785,386,399
Woodbury,28 East High School,Court of Appeals Judge - Mary Ellen Tabor,,Yes,,1354,881,473
Woodbury,29 East High School,Court of Appeals Judge - Mary Ellen Tabor,,Yes,,1043,701,342
Woodbury,3 Loess Hills Elementary Schoo,Court of Appeals Judge - Mary Ellen Tabor,,Yes,,537,347,190
Woodbury,30 Sgt Bluff West,Court of Appeals Judge - Mary Ellen Tabor,,Yes,,869,414,455
Woodbury,31 Sgt Bluff East,Court of Appeals Judge - Mary Ellen Tabor,,Yes,,545,231,314
Woodbury,32 Woodbury Township,Court of Appeals Judge - Mary Ellen Tabor,,Yes,,394,222,172
Woodbury,33 Salix,Court of Appeals Judge - Mary Ellen Tabor,,Yes,,292,103,189
Woodbury,34 Moville,Court of Appeals Judge - Mary Ellen Tabor,,Yes,,777,214,563
Woodbury,35 Pierson,Court of Appeals Judge - Mary Ellen Tabor,,Yes,,173,37,136
Woodbury,36 Correctionville,Court of Appeals Judge - Mary Ellen Tabor,,Yes,,283,58,225
Woodbury,37 Bronson,Court of Appeals Judge - Mary Ellen Tabor,,Yes,,311,72,239
Woodbury,38 Cushing,Court of Appeals Judge - Mary Ellen Tabor,,Yes,,135,18,117
Woodbury,39 Hornick,Court of Appeals Judge - Mary Ellen Tabor,,Yes,,233,67,166
Woodbury,4 Hunt Elementary School,Court of Appeals Judge - Mary Ellen Tabor,,Yes,,582,339,243
Woodbury,40 Anthon,Court of Appeals Judge - Mary Ellen Tabor,,Yes,,221,49,172
Woodbury,41 Danbury,Court of Appeals Judge - Mary Ellen Tabor,,Yes,,196,27,169
Woodbury,42 Sloan,Court of Appeals Judge - Mary Ellen Tabor,,Yes,,450,115,335
Woodbury,43 Smithland,Court of Appeals Judge - Mary Ellen Tabor,,Yes,,95,25,70
Woodbury,44 Oto,Court of Appeals Judge - Mary Ellen Tabor,,Yes,,48,12,36
Woodbury,5 Liberty Elementary School,Court of Appeals Judge - Mary Ellen Tabor,,Yes,,562,335,227
Woodbury,6 Hunt Elementary School,Court of Appeals Judge - Mary Ellen Tabor,,Yes,,276,154,122
Woodbury,7 Loess Hills Elementary Schoo,Court of Appeals Judge - Mary Ellen Tabor,,Yes,,484,252,232
Woodbury,8 Liberty Elementary School,Court of Appeals Judge - Mary Ellen Tabor,,Yes,,308,145,163
Woodbury,9 Hunt Elementary School,Court of Appeals Judge - Mary Ellen Tabor,,Yes,,138,60,78
Woodbury,1 Riverside Elementary School,Court of Appeals Judge - Samuel Langholz,,No,,254,109,145
Woodbury,10 Loess Hills Elementary Scho,Court of Appeals Judge - Samuel Langholz,,No,,108,55,53
Woodbury,11 Liberty Elementary School,Court of Appeals Judge - Samuel Langholz,,No,,101,43,58
Woodbury,12 Perry Creek Elementary Scho,Court of Appeals Judge - Samuel Langholz,,No,,316,179,137
Woodbury,13 North Middle School,Court of Appeals Judge - Samuel Langholz,,No,,249,156,93
Woodbury,14 North Middle School,Court of Appeals Judge - Samuel Langholz,,No,,252,142,110
Woodbury,15 Leeds Elementary School,Court of Appeals Judge - Samuel Langholz,,No,,309,146,163
Woodbury,16 Unity Elementary School,Court of Appeals Judge - Samuel Langholz,,No,,128,65,63
Woodbury,17 Lawton -,Court of Appeals Judge - Samuel Langholz,,No,,332,162,170
Woodbury,18 Bryant Elementary School,Court of Appeals Judge - Samuel Langholz,,No,,272,145,127
Woodbury,19 Bryant Elementary School,Court of Appeals Judge - Samuel Langholz,,No,,236,132,104
Woodbury,2 West Middle School,Court of Appeals Judge - Samuel Langholz,,No,,305,157,148
Woodbury,20 Irving Elementary School,Court of Appeals Judge - Samuel Langholz,,No,,147,81,66
Woodbury,21 Unity Elementary School,Court of Appeals Judge - Samuel Langholz,,No,,212,117,95
Woodbury,22 Spalding Elementary School,Court of Appeals Judge - Samuel Langholz,,No,,222,113,109
Woodbury,23 Morningside Branch Library,Court of Appeals Judge - Samuel Langholz,,No,,287,159,128
Woodbury,24 Morningside Branch Library,Court of Appeals Judge - Samuel Langholz,,No,,288,132,156
Woodbury,25 East Middle School,Court of Appeals Judge - Samuel Langholz,,No,,323,173,150
Woodbury,26 Morningside Elementary Scho,Court of Appeals Judge - Samuel Langholz,,No,,297,138,159
Woodbury,27 Morningside Elementary Scho,Court of Appeals Judge - Samuel Langholz,,No,,307,145,162
Woodbury,28 East High School,Court of Appeals Judge - Samuel Langholz,,No,,459,274,185
Woodbury,29 East High School,Court of Appeals Judge - Samuel Langholz,,No,,361,241,120
Woodbury,3 Loess Hills Elementary Schoo,Court of Appeals Judge - Samuel Langholz,,No,,192,113,79
Woodbury,30 Sgt Bluff West,Court of Appeals Judge - Samuel Langholz,,No,,308,133,175
Woodbury,31 Sgt Bluff East,Court of Appeals Judge - Samuel Langholz,,No,,183,82,101
Woodbury,32 Woodbury Township,Court of Appeals Judge - Samuel Langholz,,No,,157,93,64
Woodbury,33 Salix,Court of Appeals Judge - Samuel Langholz,,No,,143,50,93
Woodbury,34 Moville,Court of Appeals Judge - Samuel Langholz,,No,,339,90,249
Woodbury,35 Pierson,Court of Appeals Judge - Samuel Langholz,,No,,64,14,50
Woodbury,36 Correctionville,Court of Appeals Judge - Samuel Langholz,,No,,121,21,100
Woodbury,37 Bronson,Court of Appeals Judge - Samuel Langholz,,No,,135,39,96
Woodbury,38 Cushing,Court of Appeals Judge - Samuel Langholz,,No,,50,6,44
Woodbury,39 Hornick,Court of Appeals Judge - Samuel Langholz,,No,,97,16,81
Woodbury,4 Hunt Elementary School,Court of Appeals Judge - Samuel Langholz,,No,,267,151,116
Woodbury,40 Anthon,Court of Appeals Judge - Samuel Langholz,,No,,118,22,96
Woodbury,41 Danbury,Court of Appeals Judge - Samuel Langholz,,No,,80,15,65
Woodbury,42 Sloan,Court of Appeals Judge - Samuel Langholz,,No,,141,38,103
Woodbury,43 Smithland,Court of Appeals Judge - Samuel Langholz,,No,,50,13,37
Woodbury,44 Oto,Court of Appeals Judge - Samuel Langholz,,No,,21,6,15
Woodbury,5 Liberty Elementary School,Court of Appeals Judge - Samuel Langholz,,No,,233,143,90
Woodbury,6 Hunt Elementary School,Court of Appeals Judge - Samuel Langholz,,No,,124,69,55
Woodbury,7 Loess Hills Elementary Schoo,Court of Appeals Judge - Samuel Langholz,,No,,204,91,113
Woodbury,8 Liberty Elementary School,Court of Appeals Judge - Samuel Langholz,,No,,137,54,83
Woodbury,9 Hunt Elementary School,Court of Appeals Judge - Samuel Langholz,,No,,52,23,29
Woodbury,1 Riverside Elementary School,Court of Appeals Judge - Samuel Langholz,,Yes,,566,269,297
Woodbury,10 Loess Hills Elementary Scho,Court of Appeals Judge - Samuel Langholz,,Yes,,200,110,90
Woodbury,11 Liberty Elementary School,Court of Appeals Judge - Samuel Langholz,,Yes,,151,77,74
Woodbury,12 Perry Creek Elementary Scho,Court of Appeals Judge - Samuel Langholz,,Yes,,833,470,363
Woodbury,13 North Middle School,Court of Appeals Judge - Samuel Langholz,,Yes,,581,376,205
Woodbury,14 North Middle School,Court of Appeals Judge - Samuel Langholz,,Yes,,650,416,234
Woodbury,15 Leeds Elementary School,Court of Appeals Judge - Samuel Langholz,,Yes,,684,322,362
Woodbury,16 Unity Elementary School,Court of Appeals Judge - Samuel Langholz,,Yes,,278,128,150
Woodbury,17 Lawton -,Court of Appeals Judge - Samuel Langholz,,Yes,,745,330,415
Woodbury,18 Bryant Elementary School,Court of Appeals Judge - Samuel Langholz,,Yes,,740,392,348
Woodbury,19 Bryant Elementary School,Court of Appeals Judge - Samuel Langholz,,Yes,,554,317,237
Woodbury,2 West Middle School,Court of Appeals Judge - Samuel Langholz,,Yes,,684,389,295
Woodbury,20 Irving Elementary School,Court of Appeals Judge - Samuel Langholz,,Yes,,281,168,113
Woodbury,21 Unity Elementary School,Court of Appeals Judge - Samuel Langholz,,Yes,,410,189,221
Woodbury,22 Spalding Elementary School,Court of Appeals Judge - Samuel Langholz,,Yes,,411,225,186
Woodbury,23 Morningside Branch Library,Court of Appeals Judge - Samuel Langholz,,Yes,,539,283,256
Woodbury,24 Morningside Branch Library,Court of Appeals Judge - Samuel Langholz,,Yes,,588,257,331
Woodbury,25 East Middle School,Court of Appeals Judge - Samuel Langholz,,Yes,,737,429,308
Woodbury,26 Morningside Elementary Scho,Court of Appeals Judge - Samuel Langholz,,Yes,,606,287,319
Woodbury,27 Morningside Elementary Scho,Court of Appeals Judge - Samuel Langholz,,Yes,,760,368,392
Woodbury,28 East High School,Court of Appeals Judge - Samuel Langholz,,Yes,,1303,840,463
Woodbury,29 East High School,Court of Appeals Judge - Samuel Langholz,,Yes,,1012,669,343
Woodbury,3 Loess Hills Elementary Schoo,Court of Appeals Judge - Samuel Langholz,,Yes,,518,325,193
Woodbury,30 Sgt Bluff West,Court of Appeals Judge - Samuel Langholz,,Yes,,856,392,464
Woodbury,31 Sgt Bluff East,Court of Appeals Judge - Samuel Langholz,,Yes,,537,226,311
Woodbury,32 Woodbury Township,Court of Appeals Judge - Samuel Langholz,,Yes,,397,227,170
Woodbury,33 Salix,Court of Appeals Judge - Samuel Langholz,,Yes,,280,87,193
Woodbury,34 Moville,Court of Appeals Judge - Samuel Langholz,,Yes,,753,202,551
Woodbury,35 Pierson,Court of Appeals Judge - Samuel Langholz,,Yes,,165,32,133
Woodbury,36 Correctionville,Court of Appeals Judge - Samuel Langholz,,Yes,,288,52,236
Woodbury,37 Bronson,Court of Appeals Judge - Samuel Langholz,,Yes,,317,83,234
Woodbury,38 Cushing,Court of Appeals Judge - Samuel Langholz,,Yes,,134,19,115
Woodbury,39 Hornick,Court of Appeals Judge - Samuel Langholz,,Yes,,230,68,162
Woodbury,4 Hunt Elementary School,Court of Appeals Judge - Samuel Langholz,,Yes,,525,304,221
Woodbury,40 Anthon,Court of Appeals Judge - Samuel Langholz,,Yes,,219,47,172
Woodbury,41 Danbury,Court of Appeals Judge - Samuel Langholz,,Yes,,195,25,170
Woodbury,42 Sloan,Court of Appeals Judge - Samuel Langholz,,Yes,,438,112,326
Woodbury,43 Smithland,Court of Appeals Judge - Samuel Langholz,,Yes,,98,23,75
Woodbury,44 Oto,Court of Appeals Judge - Samuel Langholz,,Yes,,45,11,34
Woodbury,5 Liberty Elementary School,Court of Appeals Judge - Samuel Langholz,,Yes,,497,292,205
Woodbury,6 Hunt Elementary School,Court of Appeals Judge - Samuel Langholz,,Yes,,259,138,121
Woodbury,7 Loess Hills Elementary Schoo,Court of Appeals Judge - Samuel Langholz,,Yes,,446,227,219
Woodbury,8 Liberty Elementary School,Court of Appeals Judge - Samuel Langholz,,Yes,,272,127,145
Woodbury,9 Hunt Elementary School,Court of Appeals Judge - Samuel Langholz,,Yes,,138,63,75
Woodbury,1 Riverside Elementary School,Court of Appeals Judge - Tyler J. Buller,,No,,247,107,140
Woodbury,10 Loess Hills Elementary Scho,Court of Appeals Judge - Tyler J. Buller,,No,,104,49,55
Woodbury,11 Liberty Elementary School,Court of Appeals Judge - Tyler J. Buller,,No,,87,32,55
Woodbury,12 Perry Creek Elementary Scho,Court of Appeals Judge - Tyler J. Buller,,No,,308,166,142
Woodbury,13 North Middle School,Court of Appeals Judge - Tyler J. Buller,,No,,229,136,93
Woodbury,14 North Middle School,Court of Appeals Judge - Tyler J. Buller,,No,,245,137,108
Woodbury,15 Leeds Elementary School,Court of Appeals Judge - Tyler J. Buller,,No,,279,134,145
Woodbury,16 Unity Elementary School,Court of Appeals Judge - Tyler J. Buller,,No,,123,60,63
Woodbury,17 Lawton -,Court of Appeals Judge - Tyler J. Buller,,No,,299,150,149
Woodbury,18 Bryant Elementary School,Court of Appeals Judge - Tyler J. Buller,,No,,248,126,122
Woodbury,19 Bryant Elementary School,Court of Appeals Judge - Tyler J. Buller,,No,,221,124,97
Woodbury,2 West Middle School,Court of Appeals Judge - Tyler J. Buller,,No,,286,137,149
Woodbury,20 Irving Elementary School,Court of Appeals Judge - Tyler J. Buller,,No,,130,70,60
Woodbury,21 Unity Elementary School,Court of Appeals Judge - Tyler J. Buller,,No,,197,104,93
Woodbury,22 Spalding Elementary School,Court of Appeals Judge - Tyler J. Buller,,No,,193,102,91
Woodbury,23 Morningside Branch Library,Court of Appeals Judge - Tyler J. Buller,,No,,261,143,118
Woodbury,24 Morningside Branch Library,Court of Appeals Judge - Tyler J. Buller,,No,,273,120,153
Woodbury,25 East Middle School,Court of Appeals Judge - Tyler J. Buller,,No,,291,151,140
Woodbury,26 Morningside Elementary Scho,Court of Appeals Judge - Tyler J. Buller,,No,,275,132,143
Woodbury,27 Morningside Elementary Scho,Court of Appeals Judge - Tyler J. Buller,,No,,290,140,150
Woodbury,28 East High School,Court of Appeals Judge - Tyler J. Buller,,No,,439,256,183
Woodbury,29 East High School,Court of Appeals Judge - Tyler J. Buller,,No,,342,219,123
Woodbury,3 Loess Hills Elementary Schoo,Court of Appeals Judge - Tyler J. Buller,,No,,199,109,90
Woodbury,30 Sgt Bluff West,Court of Appeals Judge - Tyler J. Buller,,No,,280,121,159
Woodbury,31 Sgt Bluff East,Court of Appeals Judge - Tyler J. Buller,,No,,179,83,96
Woodbury,32 Woodbury Township,Court of Appeals Judge - Tyler J. Buller,,No,,155,94,61
Woodbury,33 Salix,Court of Appeals Judge - Tyler J. Buller,,No,,133,43,90
Woodbury,34 Moville,Court of Appeals Judge - Tyler J. Buller,,No,,309,83,226
Woodbury,35 Pierson,Court of Appeals Judge - Tyler J. Buller,,No,,60,12,48
Woodbury,36 Correctionville,Court of Appeals Judge - Tyler J. Buller,,No,,114,20,94
Woodbury,37 Bronson,Court of Appeals Judge - Tyler J. Buller,,No,,135,44,91
Woodbury,38 Cushing,Court of Appeals Judge - Tyler J. Buller,,No,,46,7,39
Woodbury,39 Hornick,Court of Appeals Judge - Tyler J. Buller,,No,,95,15,80
Woodbury,4 Hunt Elementary School,Court of Appeals Judge - Tyler J. Buller,,No,,242,142,100
Woodbury,40 Anthon,Court of Appeals Judge - Tyler J. Buller,,No,,103,20,83
Woodbury,41 Danbury,Court of Appeals Judge - Tyler J. Buller,,No,,73,13,60
Woodbury,42 Sloan,Court of Appeals Judge - Tyler J. Buller,,No,,127,33,94
Woodbury,43 Smithland,Court of Appeals Judge - Tyler J. Buller,,No,,50,14,36
Woodbury,44 Oto,Court of Appeals Judge - Tyler J. Buller,,No,,20,4,16
Woodbury,5 Liberty Elementary School,Court of Appeals Judge - Tyler J. Buller,,No,,225,137,88
Woodbury,6 Hunt Elementary School,Court of Appeals Judge - Tyler J. Buller,,No,,122,66,56
Woodbury,7 Loess Hills Elementary Schoo,Court of Appeals Judge - Tyler J. Buller,,No,,197,85,112
Woodbury,8 Liberty Elementary School,Court of Appeals Judge - Tyler J. Buller,,No,,131,55,76
Woodbury,9 Hunt Elementary School,Court of Appeals Judge - Tyler J. Buller,,No,,55,24,31
Woodbury,1 Riverside Elementary School,Court of Appeals Judge - Tyler J. Buller,,Yes,,593,276,317
Woodbury,10 Loess Hills Elementary Scho,Court of Appeals Judge - Tyler J. Buller,,Yes,,222,123,99
Woodbury,11 Liberty Elementary School,Court of Appeals Judge - Tyler J. Buller,,Yes,,168,89,79
Woodbury,12 Perry Creek Elementary Scho,Court of Appeals Judge - Tyler J. Buller,,Yes,,862,499,363
Woodbury,13 North Middle School,Court of Appeals Judge - Tyler J. Buller,,Yes,,607,399,208
Woodbury,14 North Middle School,Court of Appeals Judge - Tyler J. Buller,,Yes,,678,437,241
Woodbury,15 Leeds Elementary School,Court of Appeals Judge - Tyler J. Buller,,Yes,,739,350,389
Woodbury,16 Unity Elementary School,Court of Appeals Judge - Tyler J. Buller,,Yes,,289,137,152
Woodbury,17 Lawton -,Court of Appeals Judge - Tyler J. Buller,,Yes,,795,349,446
Woodbury,18 Bryant Elementary School,Court of Appeals Judge - Tyler J. Buller,,Yes,,784,416,368
Woodbury,19 Bryant Elementary School,Court of Appeals Judge - Tyler J. Buller,,Yes,,587,332,255
Woodbury,2 West Middle School,Court of Appeals Judge - Tyler J. Buller,,Yes,,725,419,306
Woodbury,20 Irving Elementary School,Court of Appeals Judge - Tyler J. Buller,,Yes,,298,181,117
Woodbury,21 Unity Elementary School,Court of Appeals Judge - Tyler J. Buller,,Yes,,433,204,229
Woodbury,22 Spalding Elementary School,Court of Appeals Judge - Tyler J. Buller,,Yes,,451,248,203
Woodbury,23 Morningside Branch Library,Court of Appeals Judge - Tyler J. Buller,,Yes,,586,310,276
Woodbury,24 Morningside Branch Library,Court of Appeals Judge - Tyler J. Buller,,Yes,,620,275,345
Woodbury,25 East Middle School,Court of Appeals Judge - Tyler J. Buller,,Yes,,797,468,329
Woodbury,26 Morningside Elementary Scho,Court of Appeals Judge - Tyler J. Buller,,Yes,,650,306,344
Woodbury,27 Morningside Elementary Scho,Court of Appeals Judge - Tyler J. Buller,,Yes,,793,379,414
Woodbury,28 East High School,Court of Appeals Judge - Tyler J. Buller,,Yes,,1353,875,478
Woodbury,29 East High School,Court of Appeals Judge - Tyler J. Buller,,Yes,,1044,696,348
Woodbury,3 Loess Hills Elementary Schoo,Court of Appeals Judge - Tyler J. Buller,,Yes,,528,336,192
Woodbury,30 Sgt Bluff West,Court of Appeals Judge - Tyler J. Buller,,Yes,,901,414,487
Woodbury,31 Sgt Bluff East,Court of Appeals Judge - Tyler J. Buller,,Yes,,560,237,323
Woodbury,32 Woodbury Township,Court of Appeals Judge - Tyler J. Buller,,Yes,,412,231,181
Woodbury,33 Salix,Court of Appeals Judge - Tyler J. Buller,,Yes,,295,96,199
Woodbury,34 Moville,Court of Appeals Judge - Tyler J. Buller,,Yes,,801,213,588
Woodbury,35 Pierson,Court of Appeals Judge - Tyler J. Buller,,Yes,,179,36,143
Woodbury,36 Correctionville,Court of Appeals Judge - Tyler J. Buller,,Yes,,304,58,246
Woodbury,37 Bronson,Court of Appeals Judge - Tyler J. Buller,,Yes,,322,77,245
Woodbury,38 Cushing,Court of Appeals Judge - Tyler J. Buller,,Yes,,139,18,121
Woodbury,39 Hornick,Court of Appeals Judge - Tyler J. Buller,,Yes,,242,71,171
Woodbury,4 Hunt Elementary School,Court of Appeals Judge - Tyler J. Buller,,Yes,,555,313,242
Woodbury,40 Anthon,Court of Appeals Judge - Tyler J. Buller,,Yes,,243,51,192
Woodbury,41 Danbury,Court of Appeals Judge - Tyler J. Buller,,Yes,,209,28,181
Woodbury,42 Sloan,Court of Appeals Judge - Tyler J. Buller,,Yes,,458,118,340
Woodbury,43 Smithland,Court of Appeals Judge - Tyler J. Buller,,Yes,,102,23,79
Woodbury,44 Oto,Court of Appeals Judge - Tyler J. Buller,,Yes,,48,12,36
Woodbury,5 Liberty Elementary School,Court of Appeals Judge - Tyler J. Buller,,Yes,,522,307,215
Woodbury,6 Hunt Elementary School,Court of Appeals Judge - Tyler J. Buller,,Yes,,279,154,125
Woodbury,7 Loess Hills Elementary Schoo,Court of Appeals Judge - Tyler J. Buller,,Yes,,468,238,230
Woodbury,8 Liberty Elementary School,Court of Appeals Judge - Tyler J. Buller,,Yes,,294,131,163
Woodbury,9 Hunt Elementary School,Court of Appeals Judge - Tyler J. Buller,,Yes,,144,65,79
Woodbury,1 Riverside Elementary School,District 3B Associate Judge - Jessica R. Noll,,No,,219,94,125
Woodbury,10 Loess Hills Elementary Scho,District 3B Associate Judge - Jessica R. Noll,,No,,82,38,44
Woodbury,11 Liberty Elementary School,District 3B Associate Judge - Jessica R. Noll,,No,,79,34,45
Woodbury,12 Perry Creek Elementary Scho,District 3B Associate Judge - Jessica R. Noll,,No,,235,117,118
Woodbury,13 North Middle School,District 3B Associate Judge - Jessica R. Noll,,No,,184,109,75
Woodbury,14 North Middle School,District 3B Associate Judge - Jessica R. Noll,,No,,176,101,75
Woodbury,15 Leeds Elementary School,District 3B Associate Judge - Jessica R. Noll,,No,,247,120,127
Woodbury,16 Unity Elementary School,District 3B Associate Judge - Jessica R. Noll,,No,,110,57,53
Woodbury,17 Lawton -,District 3B Associate Judge - Jessica R. Noll,,No,,260,128,132
Woodbury,18 Bryant Elementary School,District 3B Associate Judge - Jessica R. Noll,,No,,198,98,100
Woodbury,19 Bryant Elementary School,District 3B Associate Judge - Jessica R. Noll,,No,,184,100,84
Woodbury,2 West Middle School,District 3B Associate Judge - Jessica R. Noll,,No,,245,115,130
Woodbury,20 Irving Elementary School,District 3B Associate Judge - Jessica R. Noll,,No,,102,49,53
Woodbury,21 Unity Elementary School,District 3B Associate Judge - Jessica R. Noll,,No,,160,86,74
Woodbury,22 Spalding Elementary School,District 3B Associate Judge - Jessica R. Noll,,No,,161,85,76
Woodbury,23 Morningside Branch Library,District 3B Associate Judge - Jessica R. Noll,,No,,216,111,105
Woodbury,24 Morningside Branch Library,District 3B Associate Judge - Jessica R. Noll,,No,,238,112,126
Woodbury,25 East Middle School,District 3B Associate Judge - Jessica R. Noll,,No,,265,130,135
Woodbury,26 Morningside Elementary Scho,District 3B Associate Judge - Jessica R. Noll,,No,,232,109,123
Woodbury,27 Morningside Elementary Scho,District 3B Associate Judge - Jessica R. Noll,,No,,253,117,136
Woodbury,28 East High School,District 3B Associate Judge - Jessica R. Noll,,No,,347,202,145
Woodbury,29 East High School,District 3B Associate Judge - Jessica R. Noll,,No,,271,168,103
Woodbury,3 Loess Hills Elementary Schoo,District 3B Associate Judge - Jessica R. Noll,,No,,157,86,71
Woodbury,30 Sgt Bluff West,District 3B Associate Judge - Jessica R. Noll,,No,,251,99,152
Woodbury,31 Sgt Bluff East,District 3B Associate Judge - Jessica R. Noll,,No,,144,67,77
Woodbury,32 Woodbury Township,District 3B Associate Judge - Jessica R. Noll,,No,,129,69,60
Woodbury,33 Salix,District 3B Associate Judge - Jessica R. Noll,,No,,118,34,84
Woodbury,34 Moville,District 3B Associate Judge - Jessica R. Noll,,No,,272,67,205
Woodbury,35 Pierson,District 3B Associate Judge - Jessica R. Noll,,No,,52,10,42
Woodbury,36 Correctionville,District 3B Associate Judge - Jessica R. Noll,,No,,95,15,80
Woodbury,37 Bronson,District 3B Associate Judge - Jessica R. Noll,,No,,107,35,72
Woodbury,38 Cushing,District 3B Associate Judge - Jessica R. Noll,,No,,44,7,37
Woodbury,39 Hornick,District 3B Associate Judge - Jessica R. Noll,,No,,74,13,61
Woodbury,4 Hunt Elementary School,District 3B Associate Judge - Jessica R. Noll,,No,,190,108,82
Woodbury,40 Anthon,District 3B Associate Judge - Jessica R. Noll,,No,,96,15,81
Woodbury,41 Danbury,District 3B Associate Judge - Jessica R. Noll,,No,,66,12,54
Woodbury,42 Sloan,District 3B Associate Judge - Jessica R. Noll,,No,,102,29,73
Woodbury,43 Smithland,District 3B Associate Judge - Jessica R. Noll,,No,,50,10,40
Woodbury,44 Oto,District 3B Associate Judge - Jessica R. Noll,,No,,13,3,10
Woodbury,5 Liberty Elementary School,District 3B Associate Judge - Jessica R. Noll,,No,,148,81,67
Woodbury,6 Hunt Elementary School,District 3B Associate Judge - Jessica R. Noll,,No,,94,51,43
Woodbury,7 Loess Hills Elementary Schoo,District 3B Associate Judge - Jessica R. Noll,,No,,147,69,78
Woodbury,8 Liberty Elementary School,District 3B Associate Judge - Jessica R. Noll,,No,,104,45,59
Woodbury,9 Hunt Elementary School,District 3B Associate Judge - Jessica R. Noll,,No,,48,21,27
Woodbury,1 Riverside Elementary School,District 3B Associate Judge - Jessica R. Noll,,Yes,,623,290,333
Woodbury,10 Loess Hills Elementary Scho,District 3B Associate Judge - Jessica R. Noll,,Yes,,246,135,111
Woodbury,11 Liberty Elementary School,District 3B Associate Judge - Jessica R. Noll,,Yes,,175,84,91
Woodbury,12 Perry Creek Elementary Scho,District 3B Associate Judge - Jessica R. Noll,,Yes,,958,562,396
Woodbury,13 North Middle School,District 3B Associate Judge - Jessica R. Noll,,Yes,,668,438,230
Woodbury,14 North Middle School,District 3B Associate Judge - Jessica R. Noll,,Yes,,739,470,269
Woodbury,15 Leeds Elementary School,District 3B Associate Judge - Jessica R. Noll,,Yes,,779,364,415
Woodbury,16 Unity Elementary School,District 3B Associate Judge - Jessica R. Noll,,Yes,,309,146,163
Woodbury,17 Lawton -,District 3B Associate Judge - Jessica R. Noll,,Yes,,842,378,464
Woodbury,18 Bryant Elementary School,District 3B Associate Judge - Jessica R. Noll,,Yes,,848,457,391
Woodbury,19 Bryant Elementary School,District 3B Associate Judge - Jessica R. Noll,,Yes,,626,360,266
Woodbury,2 West Middle School,District 3B Associate Judge - Jessica R. Noll,,Yes,,780,447,333
Woodbury,20 Irving Elementary School,District 3B Associate Judge - Jessica R. Noll,,Yes,,332,204,128
Woodbury,21 Unity Elementary School,District 3B Associate Judge - Jessica R. Noll,,Yes,,478,229,249
Woodbury,22 Spalding Elementary School,District 3B Associate Judge - Jessica R. Noll,,Yes,,487,262,225
Woodbury,23 Morningside Branch Library,District 3B Associate Judge - Jessica R. Noll,,Yes,,641,347,294
Woodbury,24 Morningside Branch Library,District 3B Associate Judge - Jessica R. Noll,,Yes,,660,289,371
Woodbury,25 East Middle School,District 3B Associate Judge - Jessica R. Noll,,Yes,,846,500,346
Woodbury,26 Morningside Elementary Scho,District 3B Associate Judge - Jessica R. Noll,,Yes,,691,326,365
Woodbury,27 Morningside Elementary Scho,District 3B Associate Judge - Jessica R. Noll,,Yes,,843,409,434
Woodbury,28 East High School,District 3B Associate Judge - Jessica R. Noll,,Yes,,1450,933,517
Woodbury,29 East High School,District 3B Associate Judge - Jessica R. Noll,,Yes,,1134,764,370
Woodbury,3 Loess Hills Elementary Schoo,District 3B Associate Judge - Jessica R. Noll,,Yes,,581,370,211
Woodbury,30 Sgt Bluff West,District 3B Associate Judge - Jessica R. Noll,,Yes,,935,431,504
Woodbury,31 Sgt Bluff East,District 3B Associate Judge - Jessica R. Noll,,Yes,,599,251,348
Woodbury,32 Woodbury Township,District 3B Associate Judge - Jessica R. Noll,,Yes,,442,255,187
Woodbury,33 Salix,District 3B Associate Judge - Jessica R. Noll,,Yes,,311,104,207
Woodbury,34 Moville,District 3B Associate Judge - Jessica R. Noll,,Yes,,840,230,610
Woodbury,35 Pierson,District 3B Associate Judge - Jessica R. Noll,,Yes,,187,40,147
Woodbury,36 Correctionville,District 3B Associate Judge - Jessica R. Noll,,Yes,,322,61,261
Woodbury,37 Bronson,District 3B Associate Judge - Jessica R. Noll,,Yes,,353,86,267
Woodbury,38 Cushing,District 3B Associate Judge - Jessica R. Noll,,Yes,,143,18,125
Woodbury,39 Hornick,District 3B Associate Judge - Jessica R. Noll,,Yes,,258,73,185
Woodbury,4 Hunt Elementary School,District 3B Associate Judge - Jessica R. Noll,,Yes,,624,355,269
Woodbury,40 Anthon,District 3B Associate Judge - Jessica R. Noll,,Yes,,245,55,190
Woodbury,41 Danbury,District 3B Associate Judge - Jessica R. Noll,,Yes,,217,28,189
Woodbury,42 Sloan,District 3B Associate Judge - Jessica R. Noll,,Yes,,480,123,357
Woodbury,43 Smithland,District 3B Associate Judge - Jessica R. Noll,,Yes,,91,22,69
Woodbury,44 Oto,District 3B Associate Judge - Jessica R. Noll,,Yes,,51,11,40
Woodbury,5 Liberty Elementary School,District 3B Associate Judge - Jessica R. Noll,,Yes,,593,359,234
Woodbury,6 Hunt Elementary School,District 3B Associate Judge - Jessica R. Noll,,Yes,,305,164,141
Woodbury,7 Loess Hills Elementary Schoo,District 3B Associate Judge - Jessica R. Noll,,Yes,,515,253,262
Woodbury,8 Liberty Elementary School,District 3B Associate Judge - Jessica R. Noll,,Yes,,322,144,178
Woodbury,9 Hunt Elementary School,District 3B Associate Judge - Jessica R. Noll,,Yes,,152,66,86
Woodbury,1 Riverside Elementary School,District 3B Associate Judge - Stephanie S. Forker Parry,,No,,210,90,120
Woodbury,10 Loess Hills Elementary Scho,District 3B Associate Judge - Stephanie S. Forker Parry,,No,,95,45,50
Woodbury,11 Liberty Elementary School,District 3B Associate Judge - Stephanie S. Forker Parry,,No,,69,26,43
Woodbury,12 Perry Creek Elementary Scho,District 3B Associate Judge - Stephanie S. Forker Parry,,No,,242,128,114
Woodbury,13 North Middle School,District 3B Associate Judge - Stephanie S. Forker Parry,,No,,191,112,79
Woodbury,14 North Middle School,District 3B Associate Judge - Stephanie S. Forker Parry,,No,,180,95,85
Woodbury,15 Leeds Elementary School,District 3B Associate Judge - Stephanie S. Forker Parry,,No,,261,119,142
Woodbury,16 Unity Elementary School,District 3B Associate Judge - Stephanie S. Forker Parry,,No,,126,66,60
Woodbury,17 Lawton -,District 3B Associate Judge - Stephanie S. Forker Parry,,No,,287,138,149
Woodbury,18 Bryant Elementary School,District 3B Associate Judge - Stephanie S. Forker Parry,,No,,210,104,106
Woodbury,19 Bryant Elementary School,District 3B Associate Judge - Stephanie S. Forker Parry,,No,,193,112,81
Woodbury,2 West Middle School,District 3B Associate Judge - Stephanie S. Forker Parry,,No,,261,120,141
Woodbury,20 Irving Elementary School,District 3B Associate Judge - Stephanie S. Forker Parry,,No,,105,51,54
Woodbury,21 Unity Elementary School,District 3B Associate Judge - Stephanie S. Forker Parry,,No,,179,97,82
Woodbury,22 Spalding Elementary School,District 3B Associate Judge - Stephanie S. Forker Parry,,No,,176,92,84
Woodbury,23 Morningside Branch Library,District 3B Associate Judge - Stephanie S. Forker Parry,,No,,221,112,109
Woodbury,24 Morningside Branch Library,District 3B Associate Judge - Stephanie S. Forker Parry,,No,,224,98,126
Woodbury,25 East Middle School,District 3B Associate Judge - Stephanie S. Forker Parry,,No,,284,135,149
Woodbury,26 Morningside Elementary Scho,District 3B Associate Judge - Stephanie S. Forker Parry,,No,,245,110,135
Woodbury,27 Morningside Elementary Scho,District 3B Associate Judge - Stephanie S. Forker Parry,,No,,267,114,153
Woodbury,28 East High School,District 3B Associate Judge - Stephanie S. Forker Parry,,No,,372,212,160
Woodbury,29 East High School,District 3B Associate Judge - Stephanie S. Forker Parry,,No,,292,175,117
Woodbury,3 Loess Hills Elementary Schoo,District 3B Associate Judge - Stephanie S. Forker Parry,,No,,166,95,71
Woodbury,30 Sgt Bluff West,District 3B Associate Judge - Stephanie S. Forker Parry,,No,,254,102,152
Woodbury,31 Sgt Bluff East,District 3B Associate Judge - Stephanie S. Forker Parry,,No,,155,74,81
Woodbury,32 Woodbury Township,District 3B Associate Judge - Stephanie S. Forker Parry,,No,,150,91,59
Woodbury,33 Salix,District 3B Associate Judge - Stephanie S. Forker Parry,,No,,114,26,88
Woodbury,34 Moville,District 3B Associate Judge - Stephanie S. Forker Parry,,No,,288,72,216
Woodbury,35 Pierson,District 3B Associate Judge - Stephanie S. Forker Parry,,No,,60,12,48
Woodbury,36 Correctionville,District 3B Associate Judge - Stephanie S. Forker Parry,,No,,113,16,97
Woodbury,37 Bronson,District 3B Associate Judge - Stephanie S. Forker Parry,,No,,123,36,87
Woodbury,38 Cushing,District 3B Associate Judge - Stephanie S. Forker Parry,,No,,50,7,43
Woodbury,39 Hornick,District 3B Associate Judge - Stephanie S. Forker Parry,,No,,85,16,69
Woodbury,4 Hunt Elementary School,District 3B Associate Judge - Stephanie S. Forker Parry,,No,,202,114,88
Woodbury,40 Anthon,District 3B Associate Judge - Stephanie S. Forker Parry,,No,,101,18,83
Woodbury,41 Danbury,District 3B Associate Judge - Stephanie S. Forker Parry,,No,,76,13,63
Woodbury,42 Sloan,District 3B Associate Judge - Stephanie S. Forker Parry,,No,,121,36,85
Woodbury,43 Smithland,District 3B Associate Judge - Stephanie S. Forker Parry,,No,,52,10,42
Woodbury,44 Oto,District 3B Associate Judge - Stephanie S. Forker Parry,,No,,15,3,12
Woodbury,5 Liberty Elementary School,District 3B Associate Judge - Stephanie S. Forker Parry,,No,,154,87,67
Woodbury,6 Hunt Elementary School,District 3B Associate Judge - Stephanie S. Forker Parry,,No,,97,53,44
Woodbury,7 Loess Hills Elementary Schoo,District 3B Associate Judge - Stephanie S. Forker Parry,,No,,147,64,83
Woodbury,8 Liberty Elementary School,District 3B Associate Judge - Stephanie S. Forker Parry,,No,,104,43,61
Woodbury,9 Hunt Elementary School,District 3B Associate Judge - Stephanie S. Forker Parry,,No,,44,20,24
Woodbury,1 Riverside Elementary School,District 3B Associate Judge - Stephanie S. Forker Parry,,Yes,,611,289,322
Woodbury,10 Loess Hills Elementary Scho,District 3B Associate Judge - Stephanie S. Forker Parry,,Yes,,216,121,95
Woodbury,11 Liberty Elementary School,District 3B Associate Judge - Stephanie S. Forker Parry,,Yes,,175,85,90
Woodbury,12 Perry Creek Elementary Scho,District 3B Associate Judge - Stephanie S. Forker Parry,,Yes,,931,539,392
Woodbury,13 North Middle School,District 3B Associate Judge - Stephanie S. Forker Parry,,Yes,,654,429,225
Woodbury,14 North Middle School,District 3B Associate Judge - Stephanie S. Forker Parry,,Yes,,734,480,254
Woodbury,15 Leeds Elementary School,District 3B Associate Judge - Stephanie S. Forker Parry,,Yes,,747,359,388
Woodbury,16 Unity Elementary School,District 3B Associate Judge - Stephanie S. Forker Parry,,Yes,,280,128,152
Woodbury,17 Lawton -,District 3B Associate Judge - Stephanie S. Forker Parry,,Yes,,788,353,435
Woodbury,18 Bryant Elementary School,District 3B Associate Judge - Stephanie S. Forker Parry,,Yes,,827,445,382
Woodbury,19 Bryant Elementary School,District 3B Associate Judge - Stephanie S. Forker Parry,,Yes,,615,347,268
Woodbury,2 West Middle School,District 3B Associate Judge - Stephanie S. Forker Parry,,Yes,,736,429,307
Woodbury,20 Irving Elementary School,District 3B Associate Judge - Stephanie S. Forker Parry,,Yes,,324,199,125
Woodbury,21 Unity Elementary School,District 3B Associate Judge - Stephanie S. Forker Parry,,Yes,,457,217,240
Woodbury,22 Spalding Elementary School,District 3B Associate Judge - Stephanie S. Forker Parry,,Yes,,456,250,206
Woodbury,23 Morningside Branch Library,District 3B Associate Judge - Stephanie S. Forker Parry,,Yes,,611,335,276
Woodbury,24 Morningside Branch Library,District 3B Associate Judge - Stephanie S. Forker Parry,,Yes,,655,293,362
Woodbury,25 East Middle School,District 3B Associate Judge - Stephanie S. Forker Parry,,Yes,,800,477,323
Woodbury,26 Morningside Elementary Scho,District 3B Associate Judge - Stephanie S. Forker Parry,,Yes,,665,316,349
Woodbury,27 Morningside Elementary Scho,District 3B Associate Judge - Stephanie S. Forker Parry,,Yes,,807,408,399
Woodbury,28 East High School,District 3B Associate Judge - Stephanie S. Forker Parry,,Yes,,1407,909,498
Woodbury,29 East High School,District 3B Associate Judge - Stephanie S. Forker Parry,,Yes,,1098,744,354
Woodbury,3 Loess Hills Elementary Schoo,District 3B Associate Judge - Stephanie S. Forker Parry,,Yes,,554,352,202
Woodbury,30 Sgt Bluff West,District 3B Associate Judge - Stephanie S. Forker Parry,,Yes,,915,424,491
Woodbury,31 Sgt Bluff East,District 3B Associate Judge - Stephanie S. Forker Parry,,Yes,,571,241,330
Woodbury,32 Woodbury Township,District 3B Associate Judge - Stephanie S. Forker Parry,,Yes,,416,232,184
Woodbury,33 Salix,District 3B Associate Judge - Stephanie S. Forker Parry,,Yes,,304,108,196
Woodbury,34 Moville,District 3B Associate Judge - Stephanie S. Forker Parry,,Yes,,802,221,581
Woodbury,35 Pierson,District 3B Associate Judge - Stephanie S. Forker Parry,,Yes,,171,37,134
Woodbury,36 Correctionville,District 3B Associate Judge - Stephanie S. Forker Parry,,Yes,,307,58,249
Woodbury,37 Bronson,District 3B Associate Judge - Stephanie S. Forker Parry,,Yes,,314,80,234
Woodbury,38 Cushing,District 3B Associate Judge - Stephanie S. Forker Parry,,Yes,,135,18,117
Woodbury,39 Hornick,District 3B Associate Judge - Stephanie S. Forker Parry,,Yes,,241,70,171
Woodbury,4 Hunt Elementary School,District 3B Associate Judge - Stephanie S. Forker Parry,,Yes,,593,338,255
Woodbury,40 Anthon,District 3B Associate Judge - Stephanie S. Forker Parry,,Yes,,242,53,189
Woodbury,41 Danbury,District 3B Associate Judge - Stephanie S. Forker Parry,,Yes,,204,27,177
Woodbury,42 Sloan,District 3B Associate Judge - Stephanie S. Forker Parry,,Yes,,453,114,339
Woodbury,43 Smithland,District 3B Associate Judge - Stephanie S. Forker Parry,,Yes,,88,22,66
Woodbury,44 Oto,District 3B Associate Judge - Stephanie S. Forker Parry,,Yes,,46,10,36
Woodbury,5 Liberty Elementary School,District 3B Associate Judge - Stephanie S. Forker Parry,,Yes,,575,346,229
Woodbury,6 Hunt Elementary School,District 3B Associate Judge - Stephanie S. Forker Parry,,Yes,,299,159,140
Woodbury,7 Loess Hills Elementary Schoo,District 3B Associate Judge - Stephanie S. Forker Parry,,Yes,,517,258,259
Woodbury,8 Liberty Elementary School,District 3B Associate Judge - Stephanie S. Forker Parry,,Yes,,312,143,169
Woodbury,9 Hunt Elementary School,District 3B Associate Judge - Stephanie S. Forker Parry,,Yes,,145,61,84
Woodbury,1 Riverside Elementary School,District 3B Judge - Robert D. Tiefenthaler,,No,,204,83,121
Woodbury,10 Loess Hills Elementary Scho,District 3B Judge - Robert D. Tiefenthaler,,No,,90,44,46
Woodbury,11 Liberty Elementary School,District 3B Judge - Robert D. Tiefenthaler,,No,,70,28,42
Woodbury,12 Perry Creek Elementary Scho,District 3B Judge - Robert D. Tiefenthaler,,No,,264,142,122
Woodbury,13 North Middle School,District 3B Judge - Robert D. Tiefenthaler,,No,,198,110,88
Woodbury,14 North Middle School,District 3B Judge - Robert D. Tiefenthaler,,No,,194,120,74
Woodbury,15 Leeds Elementary School,District 3B Judge - Robert D. Tiefenthaler,,No,,250,119,131
Woodbury,16 Unity Elementary School,District 3B Judge - Robert D. Tiefenthaler,,No,,99,48,51
Woodbury,17 Lawton -,District 3B Judge - Robert D. Tiefenthaler,,No,,269,134,135
Woodbury,18 Bryant Elementary School,District 3B Judge - Robert D. Tiefenthaler,,No,,225,116,109
Woodbury,19 Bryant Elementary School,District 3B Judge - Robert D. Tiefenthaler,,No,,186,99,87
Woodbury,2 West Middle School,District 3B Judge - Robert D. Tiefenthaler,,No,,232,116,116
Woodbury,20 Irving Elementary School,District 3B Judge - Robert D. Tiefenthaler,,No,,100,52,48
Woodbury,21 Unity Elementary School,District 3B Judge - Robert D. Tiefenthaler,,No,,147,73,74
Woodbury,22 Spalding Elementary School,District 3B Judge - Robert D. Tiefenthaler,,No,,169,80,89
Woodbury,23 Morningside Branch Library,District 3B Judge - Robert D. Tiefenthaler,,No,,217,115,102
Woodbury,24 Morningside Branch Library,District 3B Judge - Robert D. Tiefenthaler,,No,,225,94,131
Woodbury,25 East Middle School,District 3B Judge - Robert D. Tiefenthaler,,No,,257,138,119
Woodbury,26 Morningside Elementary Scho,District 3B Judge - Robert D. Tiefenthaler,,No,,229,105,124
Woodbury,27 Morningside Elementary Scho,District 3B Judge - Robert D. Tiefenthaler,,No,,239,101,138
Woodbury,28 East High School,District 3B Judge - Robert D. Tiefenthaler,,No,,380,225,155
Woodbury,29 East High School,District 3B Judge - Robert D. Tiefenthaler,,No,,296,192,104
Woodbury,3 Loess Hills Elementary Schoo,District 3B Judge - Robert D. Tiefenthaler,,No,,155,86,69
Woodbury,30 Sgt Bluff West,District 3B Judge - Robert D. Tiefenthaler,,No,,245,102,143
Woodbury,31 Sgt Bluff East,District 3B Judge - Robert D. Tiefenthaler,,No,,162,79,83
Woodbury,32 Woodbury Township,District 3B Judge - Robert D. Tiefenthaler,,No,,162,95,67
Woodbury,33 Salix,District 3B Judge - Robert D. Tiefenthaler,,No,,111,37,74
Woodbury,34 Moville,District 3B Judge - Robert D. Tiefenthaler,,No,,248,60,188
Woodbury,35 Pierson,District 3B Judge - Robert D. Tiefenthaler,,No,,52,9,43
Woodbury,36 Correctionville,District 3B Judge - Robert D. Tiefenthaler,,No,,92,13,79
Woodbury,37 Bronson,District 3B Judge - Robert D. Tiefenthaler,,No,,112,38,74
Woodbury,38 Cushing,District 3B Judge - Robert D. Tiefenthaler,,No,,37,5,32
Woodbury,39 Hornick,District 3B Judge - Robert D. Tiefenthaler,,No,,75,16,59
Woodbury,4 Hunt Elementary School,District 3B Judge - Robert D. Tiefenthaler,,No,,206,119,87
Woodbury,40 Anthon,District 3B Judge - Robert D. Tiefenthaler,,No,,87,17,70
Woodbury,41 Danbury,District 3B Judge - Robert D. Tiefenthaler,,No,,59,11,48
Woodbury,42 Sloan,District 3B Judge - Robert D. Tiefenthaler,,No,,96,26,70
Woodbury,43 Smithland,District 3B Judge - Robert D. Tiefenthaler,,No,,34,10,24
Woodbury,44 Oto,District 3B Judge - Robert D. Tiefenthaler,,No,,9,1,8
Woodbury,5 Liberty Elementary School,District 3B Judge - Robert D. Tiefenthaler,,No,,179,100,79
Woodbury,6 Hunt Elementary School,District 3B Judge - Robert D. Tiefenthaler,,No,,104,55,49
Woodbury,7 Loess Hills Elementary Schoo,District 3B Judge - Robert D. Tiefenthaler,,No,,164,75,89
Woodbury,8 Liberty Elementary School,District 3B Judge - Robert D. Tiefenthaler,,No,,115,46,69
Woodbury,9 Hunt Elementary School,District 3B Judge - Robert D. Tiefenthaler,,No,,53,23,30
Woodbury,1 Riverside Elementary School,District 3B Judge - Robert D. Tiefenthaler,,Yes,,692,324,368
Woodbury,10 Loess Hills Elementary Scho,District 3B Judge - Robert D. Tiefenthaler,,Yes,,253,140,113
Woodbury,11 Liberty Elementary School,District 3B Judge - Robert D. Tiefenthaler,,Yes,,194,99,95
Woodbury,12 Perry Creek Elementary Scho,District 3B Judge - Robert D. Tiefenthaler,,Yes,,972,562,410
Woodbury,13 North Middle School,District 3B Judge - Robert D. Tiefenthaler,,Yes,,698,466,232
Woodbury,14 North Middle School,District 3B Judge - Robert D. Tiefenthaler,,Yes,,787,501,286
Woodbury,15 Leeds Elementary School,District 3B Judge - Robert D. Tiefenthaler,,Yes,,812,390,422
Woodbury,16 Unity Elementary School,District 3B Judge - Robert D. Tiefenthaler,,Yes,,326,157,169
Woodbury,17 Lawton -,District 3B Judge - Robert D. Tiefenthaler,,Yes,,897,409,488
Woodbury,18 Bryant Elementary School,District 3B Judge - Robert D. Tiefenthaler,,Yes,,847,460,387
Woodbury,19 Bryant Elementary School,District 3B Judge - Robert D. Tiefenthaler,,Yes,,657,380,277
Woodbury,2 West Middle School,District 3B Judge - Robert D. Tiefenthaler,,Yes,,840,480,360
Woodbury,20 Irving Elementary School,District 3B Judge - Robert D. Tiefenthaler,,Yes,,338,208,130
Woodbury,21 Unity Elementary School,District 3B Judge - Robert D. Tiefenthaler,,Yes,,519,265,254
Woodbury,22 Spalding Elementary School,District 3B Judge - Robert D. Tiefenthaler,,Yes,,514,284,230
Woodbury,23 Morningside Branch Library,District 3B Judge - Robert D. Tiefenthaler,,Yes,,656,357,299
Woodbury,24 Morningside Branch Library,District 3B Judge - Robert D. Tiefenthaler,,Yes,,707,328,379
Woodbury,25 East Middle School,District 3B Judge - Robert D. Tiefenthaler,,Yes,,904,521,383
Woodbury,26 Morningside Elementary Scho,District 3B Judge - Robert D. Tiefenthaler,,Yes,,729,348,381
Woodbury,27 Morningside Elementary Scho,District 3B Judge - Robert D. Tiefenthaler,,Yes,,891,444,447
Woodbury,28 East High School,District 3B Judge - Robert D. Tiefenthaler,,Yes,,1495,969,526
Woodbury,29 East High School,District 3B Judge - Robert D. Tiefenthaler,,Yes,,1182,789,393
Woodbury,3 Loess Hills Elementary Schoo,District 3B Judge - Robert D. Tiefenthaler,,Yes,,614,384,230
Woodbury,30 Sgt Bluff West,District 3B Judge - Robert D. Tiefenthaler,,Yes,,986,450,536
Woodbury,31 Sgt Bluff East,District 3B Judge - Robert D. Tiefenthaler,,Yes,,608,261,347
Woodbury,32 Woodbury Township,District 3B Judge - Robert D. Tiefenthaler,,Yes,,459,262,197
Woodbury,33 Salix,District 3B Judge - Robert D. Tiefenthaler,,Yes,,332,105,227
Woodbury,34 Moville,District 3B Judge - Robert D. Tiefenthaler,,Yes,,905,249,656
Woodbury,35 Pierson,District 3B Judge - Robert D. Tiefenthaler,,Yes,,193,44,149
Woodbury,36 Correctionville,District 3B Judge - Robert D. Tiefenthaler,,Yes,,352,69,283
Woodbury,37 Bronson,District 3B Judge - Robert D. Tiefenthaler,,Yes,,366,90,276
Woodbury,38 Cushing,District 3B Judge - Robert D. Tiefenthaler,,Yes,,153,22,131
Woodbury,39 Hornick,District 3B Judge - Robert D. Tiefenthaler,,Yes,,273,73,200
Woodbury,4 Hunt Elementary School,District 3B Judge - Robert D. Tiefenthaler,,Yes,,649,367,282
Woodbury,40 Anthon,District 3B Judge - Robert D. Tiefenthaler,,Yes,,276,61,215
Woodbury,41 Danbury,District 3B Judge - Robert D. Tiefenthaler,,Yes,,244,30,214
Woodbury,42 Sloan,District 3B Judge - Robert D. Tiefenthaler,,Yes,,512,134,378
Woodbury,43 Smithland,District 3B Judge - Robert D. Tiefenthaler,,Yes,,127,27,100
Woodbury,44 Oto,District 3B Judge - Robert D. Tiefenthaler,,Yes,,59,13,46
Woodbury,5 Liberty Elementary School,District 3B Judge - Robert D. Tiefenthaler,,Yes,,603,366,237
Woodbury,6 Hunt Elementary School,District 3B Judge - Robert D. Tiefenthaler,,Yes,,309,170,139
Woodbury,7 Loess Hills Elementary Schoo,District 3B Judge - Robert D. Tiefenthaler,,Yes,,531,262,269
Woodbury,8 Liberty Elementary School,District 3B Judge - Robert D. Tiefenthaler,,Yes,,328,149,179
Woodbury,9 Hunt Elementary School,District 3B Judge - Robert D. Tiefenthaler,,Yes,,153,68,85
Woodbury,37 Bronson,Floyd Township Clerk To Fill a Vacancy,,Amanda Bennett,,265,72,193
Woodbury,37 Bronson,Floyd Township Clerk To Fill a Vacancy,,Write-In,,1,0,1
Woodbury,37 Bronson,Floyd Township Trustee,,Donald Wohlert,,226,66,160
Woodbury,37 Bronson,Floyd Township Trustee,,Kenneth Johnson,,214,60,154
Woodbury,37 Bronson,Floyd Township Trustee,,Write-In,,1,0,1
Woodbury,37 Bronson,Grange Township Trustee,,Cody Williams,,2,0,2
Woodbury,37 Bronson,Grange Township Trustee,,Ernest C. Gigaroa,,4,0,4
Woodbury,37 Bronson,Grange Township Trustee,,Write-In,,9,6,3
Woodbury,40 Anthon,Grant Township Clerk To Fill a Vacancy,,Jennifer Benson,,75,22,53
Woodbury,40 Anthon,Grant Township Clerk To Fill a Vacancy,,Write-In,,0,0,0
Woodbury,40 Anthon,Grant Township Trustee,,Chase Benson,,62,17,45
Woodbury,40 Anthon,Grant Township Trustee,,Kevin D. Allman,,61,15,46
Woodbury,40 Anthon,Grant Township Trustee,,Write-In,,0,0,0
Woodbury,36 Correctionville,Kedron Township Trustee,,John Beeson,,88,24,64
Woodbury,36 Correctionville,Kedron Township Trustee,,Thomas H. Petersen III,,76,21,55
Woodbury,36 Correctionville,Kedron Township Trustee,,Write-In,,1,0,1
Woodbury,42 Sloan,Lakeport Township Trustee,,John Stensland,,80,24,56
Woodbury,42 Sloan,Lakeport Township Trustee,,Neil Kenny,,88,31,57
Woodbury,42 Sloan,Lakeport Township Trustee,,Write-In,,0,0,0
Woodbury,17 Lawton -,Lawton-Bronson School - Public Measure WA,,No,,673,331,342
Woodbury,22 Spalding Elementary School,Lawton-Bronson School - Public Measure WA,,No,,7,2,5
Woodbury,28 East High School,Lawton-Bronson School - Public Measure WA,,No,,0,0,0
Woodbury,32 Woodbury Township,Lawton-Bronson School - Public Measure WA,,No,,29,23,6
Woodbury,34 Moville,Lawton-Bronson School - Public Measure WA,,No,,18,5,13
Woodbury,37 Bronson,Lawton-Bronson School - Public Measure WA,,No,,302,83,219
Woodbury,39 Hornick,Lawton-Bronson School - Public Measure WA,,No,,0,0,0
Woodbury,17 Lawton -,Lawton-Bronson School - Public Measure WA,,Yes,,627,237,390
Woodbury,22 Spalding Elementary School,Lawton-Bronson School - Public Measure WA,,Yes,,11,2,9
Woodbury,28 East High School,Lawton-Bronson School - Public Measure WA,,Yes,,1,1,0
Woodbury,32 Woodbury Township,Lawton-Bronson School - Public Measure WA,,Yes,,37,28,9
Woodbury,34 Moville,Lawton-Bronson School - Public Measure WA,,Yes,,12,9,3
Woodbury,37 Bronson,Lawton-Bronson School - Public Measure WA,,Yes,,233,58,175
Woodbury,39 Hornick,Lawton-Bronson School - Public Measure WA,,Yes,,0,0,0
Woodbury,33 Salix,Liberty Township Trustee,,Ryan D. Waite,,221,78,143
Woodbury,33 Salix,Liberty Township Trustee,,Wade Brown,,294,113,181
Woodbury,33 Salix,Liberty Township Trustee,,Write-In,,4,2,2
Woodbury,41 Danbury,Liston Township Trustee,,Gary Dose,,84,13,71
Woodbury,41 Danbury,Liston Township Trustee,,Matthew Dirksen,,9,0,9
Woodbury,41 Danbury,Liston Township Trustee,,Write-In,,2,2,0
Woodbury,43 Smithland,Little Sioux Township Clerk To Fill a Vacancy,,June Hall,,107,21,86
Woodbury,43 Smithland,Little Sioux Township Clerk To Fill a Vacancy,,Write-In,,1,0,1
Woodbury,43 Smithland,Little Sioux Township Trustee,,Chana Hinrickson,,2,0,2
Woodbury,43 Smithland,Little Sioux Township Trustee,,Paul R. Frahm,,123,23,100
Woodbury,43 Smithland,Little Sioux Township Trustee,,Write-In,,5,1,4
Woodbury,40 Anthon,Miller Township Trustee,,Brett Baldwin,,2,0,2
Woodbury,40 Anthon,Miller Township Trustee,,Matthew Berning,,4,0,4
Woodbury,40 Anthon,Miller Township Trustee,,Write-In,,12,0,12
Woodbury,41 Danbury,Morgan Township Trustee,,Kimberly J. Boyle,,80,19,61
Woodbury,41 Danbury,Morgan Township Trustee,,Roxann Peterson,,1,0,1
Woodbury,41 Danbury,Morgan Township Trustee,,Write-In,,6,3,3
Woodbury,34 Moville,Moville Township Trustee,,Jared Schramm,,3,0,3
Woodbury,34 Moville,Moville Township Trustee,,Wally Kuntz,,189,49,140
Woodbury,34 Moville,Moville Township Trustee,,Write-In,,5,1,4
Woodbury,44 Oto,Oto Township Clerk To Fill a Vacancy,,Dave Dorale,,1,0,1
Woodbury,44 Oto,Oto Township Clerk To Fill a Vacancy,,Write-In,,0,0,0
Woodbury,44 Oto,Oto Township Trustee,,Dave Dorale,,3,0,3
Woodbury,44 Oto,Oto Township Trustee,,Joseph Collins,,2,0,2
Woodbury,44 Oto,Oto Township Trustee,,Write-In,,0,0,0
Woodbury,1 Riverside Elementary School,President,,Chase Oliver and Mike ter Maat,LIB,3,1,2
Woodbury,10 Loess Hills Elementary Scho,President,,Chase Oliver and Mike ter Maat,LIB,0,0,0
Woodbury,11 Liberty Elementary School,President,,Chase Oliver and Mike ter Maat,LIB,1,0,1
Woodbury,12 Perry Creek Elementary Scho,President,,Chase Oliver and Mike ter Maat,LIB,9,0,9
Woodbury,13 North Middle School,President,,Chase Oliver and Mike ter Maat,LIB,4,4,0
Woodbury,14 North Middle School,President,,Chase Oliver and Mike ter Maat,LIB,4,1,3
Woodbury,15 Leeds Elementary School,President,,Chase Oliver and Mike ter Maat,LIB,5,1,4
Woodbury,16 Unity Elementary School,President,,Chase Oliver and Mike ter Maat,LIB,3,2,1
Woodbury,17 Lawton -,President,,Chase Oliver and Mike ter Maat,LIB,7,3,4
Woodbury,18 Bryant Elementary School,President,,Chase Oliver and Mike ter Maat,LIB,5,3,2
Woodbury,19 Bryant Elementary School,President,,Chase Oliver and Mike ter Maat,LIB,3,0,3
Woodbury,2 West Middle School,President,,Chase Oliver and Mike ter Maat,LIB,5,3,2
Woodbury,20 Irving Elementary School,President,,Chase Oliver and Mike ter Maat,LIB,2,1,1
Woodbury,21 Unity Elementary School,President,,Chase Oliver and Mike ter Maat,LIB,2,1,1
Woodbury,22 Spalding Elementary School,President,,Chase Oliver and Mike ter Maat,LIB,2,0,2
Woodbury,23 Morningside Branch Library,President,,Chase Oliver and Mike ter Maat,LIB,9,5,4
Woodbury,24 Morningside Branch Library,President,,Chase Oliver and Mike ter Maat,LIB,8,3,5
Woodbury,25 East Middle School,President,,Chase Oliver and Mike ter Maat,LIB,6,3,3
Woodbury,26 Morningside Elementary Scho,President,,Chase Oliver and Mike ter Maat,LIB,5,3,2
Woodbury,27 Morningside Elementary Scho,President,,Chase Oliver and Mike ter Maat,LIB,6,2,4
Woodbury,28 East High School,President,,Chase Oliver and Mike ter Maat,LIB,14,9,5
Woodbury,29 East High School,President,,Chase Oliver and Mike ter Maat,LIB,1,0,1
Woodbury,3 Loess Hills Elementary Schoo,President,,Chase Oliver and Mike ter Maat,LIB,6,1,5
Woodbury,30 Sgt Bluff West,President,,Chase Oliver and Mike ter Maat,LIB,5,1,4
Woodbury,31 Sgt Bluff East,President,,Chase Oliver and Mike ter Maat,LIB,6,2,4
Woodbury,32 Woodbury Township,President,,Chase Oliver and Mike ter Maat,LIB,5,1,4
Woodbury,33 Salix,President,,Chase Oliver and Mike ter Maat,LIB,5,2,3
Woodbury,34 Moville,President,,Chase Oliver and Mike ter Maat,LIB,2,1,1
Woodbury,35 Pierson,President,,Chase Oliver and Mike ter Maat,LIB,0,0,0
Woodbury,36 Correctionville,President,,Chase Oliver and Mike ter Maat,LIB,2,1,1
Woodbury,37 Bronson,President,,Chase Oliver and Mike ter Maat,LIB,4,2,2
Woodbury,38 Cushing,President,,Chase Oliver and Mike ter Maat,LIB,0,0,0
Woodbury,39 Hornick,President,,Chase Oliver and Mike ter Maat,LIB,0,0,0
Woodbury,4 Hunt Elementary School,President,,Chase Oliver and Mike ter Maat,LIB,4,2,2
Woodbury,40 Anthon,President,,Chase Oliver and Mike ter Maat,LIB,0,0,0
Woodbury,41 Danbury,President,,Chase Oliver and Mike ter Maat,LIB,1,0,1
Woodbury,42 Sloan,President,,Chase Oliver and Mike ter Maat,LIB,2,0,2
Woodbury,43 Smithland,President,,Chase Oliver and Mike ter Maat,LIB,1,0,1
Woodbury,44 Oto,President,,Chase Oliver and Mike ter Maat,LIB,0,0,0
Woodbury,5 Liberty Elementary School,President,,Chase Oliver and Mike ter Maat,LIB,4,2,2
Woodbury,6 Hunt Elementary School,President,,Chase Oliver and Mike ter Maat,LIB,3,2,1
Woodbury,7 Loess Hills Elementary Schoo,President,,Chase Oliver and Mike ter Maat,LIB,2,1,1
Woodbury,8 Liberty Elementary School,President,,Chase Oliver and Mike ter Maat,LIB,3,1,2
Woodbury,9 Hunt Elementary School,President,,Chase Oliver and Mike ter Maat,LIB,0,0,0
Woodbury,1 Riverside Elementary School,President,,Claudia De la Cruz and Karina Garcia,PSL,0,0,0
Woodbury,10 Loess Hills Elementary Scho,President,,Claudia De la Cruz and Karina Garcia,PSL,0,0,0
Woodbury,11 Liberty Elementary School,President,,Claudia De la Cruz and Karina Garcia,PSL,0,0,0
Woodbury,12 Perry Creek Elementary Scho,President,,Claudia De la Cruz and Karina Garcia,PSL,1,1,0
Woodbury,13 North Middle School,President,,Claudia De la Cruz and Karina Garcia,PSL,2,2,0
Woodbury,14 North Middle School,President,,Claudia De la Cruz and Karina Garcia,PSL,0,0,0
Woodbury,15 Leeds Elementary School,President,,Claudia De la Cruz and Karina Garcia,PSL,3,2,1
Woodbury,16 Unity Elementary School,President,,Claudia De la Cruz and Karina Garcia,PSL,0,0,0
Woodbury,17 Lawton -,President,,Claudia De la Cruz and Karina Garcia,PSL,0,0,0
Woodbury,18 Bryant Elementary School,President,,Claudia De la Cruz and Karina Garcia,PSL,0,0,0
Woodbury,19 Bryant Elementary School,President,,Claudia De la Cruz and Karina Garcia,PSL,0,0,0
Woodbury,2 West Middle School,President,,Claudia De la Cruz and Karina Garcia,PSL,4,1,3
Woodbury,20 Irving Elementary School,President,,Claudia De la Cruz and Karina Garcia,PSL,2,0,2
Woodbury,21 Unity Elementary School,President,,Claudia De la Cruz and Karina Garcia,PSL,0,0,0
Woodbury,22 Spalding Elementary School,President,,Claudia De la Cruz and Karina Garcia,PSL,0,0,0
Woodbury,23 Morningside Branch Library,President,,Claudia De la Cruz and Karina Garcia,PSL,2,2,0
Woodbury,24 Morningside Branch Library,President,,Claudia De la Cruz and Karina Garcia,PSL,2,0,2
Woodbury,25 East Middle School,President,,Claudia De la Cruz and Karina Garcia,PSL,1,0,1
Woodbury,26 Morningside Elementary Scho,President,,Claudia De la Cruz and Karina Garcia,PSL,1,1,0
Woodbury,27 Morningside Elementary Scho,President,,Claudia De la Cruz and Karina Garcia,PSL,1,0,1
Woodbury,28 East High School,President,,Claudia De la Cruz and Karina Garcia,PSL,2,1,1
Woodbury,29 East High School,President,,Claudia De la Cruz and Karina Garcia,PSL,3,2,1
Woodbury,3 Loess Hills Elementary Schoo,President,,Claudia De la Cruz and Karina Garcia,PSL,1,0,1
Woodbury,30 Sgt Bluff West,President,,Claudia De la Cruz and Karina Garcia,PSL,1,0,1
Woodbury,31 Sgt Bluff East,President,,Claudia De la Cruz and Karina Garcia,PSL,0,0,0
Woodbury,32 Woodbury Township,President,,Claudia De la Cruz and Karina Garcia,PSL,0,0,0
Woodbury,33 Salix,President,,Claudia De la Cruz and Karina Garcia,PSL,0,0,0
Woodbury,34 Moville,President,,Claudia De la Cruz and Karina Garcia,PSL,0,0,0
Woodbury,35 Pierson,President,,Claudia De la Cruz and Karina Garcia,PSL,0,0,0
Woodbury,36 Correctionville,President,,Claudia De la Cruz and Karina Garcia,PSL,1,0,1
Woodbury,37 Bronson,President,,Claudia De la Cruz and Karina Garcia,PSL,1,0,1
Woodbury,38 Cushing,President,,Claudia De la Cruz and Karina Garcia,PSL,0,0,0
Woodbury,39 Hornick,President,,Claudia De la Cruz and Karina Garcia,PSL,1,0,1
Woodbury,4 Hunt Elementary School,President,,Claudia De la Cruz and Karina Garcia,PSL,1,0,1
Woodbury,40 Anthon,President,,Claudia De la Cruz and Karina Garcia,PSL,0,0,0
Woodbury,41 Danbury,President,,Claudia De la Cruz and Karina Garcia,PSL,0,0,0
Woodbury,42 Sloan,President,,Claudia De la Cruz and Karina Garcia,PSL,0,0,0
Woodbury,43 Smithland,President,,Claudia De la Cruz and Karina Garcia,PSL,0,0,0
Woodbury,44 Oto,President,,Claudia De la Cruz and Karina Garcia,PSL,0,0,0
Woodbury,5 Liberty Elementary School,President,,Claudia De la Cruz and Karina Garcia,PSL,1,0,1
Woodbury,6 Hunt Elementary School,President,,Claudia De la Cruz and Karina Garcia,PSL,1,0,1
Woodbury,7 Loess Hills Elementary Schoo,President,,Claudia De la Cruz and Karina Garcia,PSL,0,0,0
Woodbury,8 Liberty Elementary School,President,,Claudia De la Cruz and Karina Garcia,PSL,2,1,1
Woodbury,9 Hunt Elementary School,President,,Claudia De la Cruz and Karina Garcia,PSL,0,0,0
Woodbury,1 Riverside Elementary School,President,,Donald J. Trump and JD Vance,REP,698,234,464
Woodbury,10 Loess Hills Elementary Scho,President,,Donald J. Trump and JD Vance,REP,234,104,130
Woodbury,11 Liberty Elementary School,President,,Donald J. Trump and JD Vance,REP,153,72,81
Woodbury,12 Perry Creek Elementary Scho,President,,Donald J. Trump and JD Vance,REP,994,515,479
Woodbury,13 North Middle School,President,,Donald J. Trump and JD Vance,REP,611,349,262
Woodbury,14 North Middle School,President,,Donald J. Trump and JD Vance,REP,750,420,330
Woodbury,15 Leeds Elementary School,President,,Donald J. Trump and JD Vance,REP,796,317,479
Woodbury,16 Unity Elementary School,President,,Donald J. Trump and JD Vance,REP,306,135,171
Woodbury,17 Lawton -,President,,Donald J. Trump and JD Vance,REP,1198,499,699
Woodbury,18 Bryant Elementary School,President,,Donald J. Trump and JD Vance,REP,758,354,404
Woodbury,19 Bryant Elementary School,President,,Donald J. Trump and JD Vance,REP,558,281,277
Woodbury,2 West Middle School,President,,Donald J. Trump and JD Vance,REP,824,398,426
Woodbury,20 Irving Elementary School,President,,Donald J. Trump and JD Vance,REP,253,146,107
Woodbury,21 Unity Elementary School,President,,Donald J. Trump and JD Vance,REP,526,232,294
Woodbury,22 Spalding Elementary School,President,,Donald J. Trump and JD Vance,REP,555,279,276
Woodbury,23 Morningside Branch Library,President,,Donald J. Trump and JD Vance,REP,635,297,338
Woodbury,24 Morningside Branch Library,President,,Donald J. Trump and JD Vance,REP,710,286,424
Woodbury,25 East Middle School,President,,Donald J. Trump and JD Vance,REP,901,453,448
Woodbury,26 Morningside Elementary Scho,President,,Donald J. Trump and JD Vance,REP,745,302,443
Woodbury,27 Morningside Elementary Scho,President,,Donald J. Trump and JD Vance,REP,895,407,488
Woodbury,28 East High School,President,,Donald J. Trump and JD Vance,REP,1649,967,682
Woodbury,29 East High School,President,,Donald J. Trump and JD Vance,REP,1202,752,450
Woodbury,3 Loess Hills Elementary Schoo,President,,Donald J. Trump and JD Vance,REP,562,286,276
Woodbury,30 Sgt Bluff West,President,,Donald J. Trump and JD Vance,REP,1073,437,636
Woodbury,31 Sgt Bluff East,President,,Donald J. Trump and JD Vance,REP,688,278,410
Woodbury,32 Woodbury Township,President,,Donald J. Trump and JD Vance,REP,658,371,287
Woodbury,33 Salix,President,,Donald J. Trump and JD Vance,REP,426,123,303
Woodbury,34 Moville,President,,Donald J. Trump and JD Vance,REP,1143,285,858
Woodbury,35 Pierson,President,,Donald J. Trump and JD Vance,REP,234,38,196
Woodbury,36 Correctionville,President,,Donald J. Trump and JD Vance,REP,459,63,396
Woodbury,37 Bronson,President,,Donald J. Trump and JD Vance,REP,494,133,361
Woodbury,38 Cushing,President,,Donald J. Trump and JD Vance,REP,203,23,180
Woodbury,39 Hornick,President,,Donald J. Trump and JD Vance,REP,359,84,275
Woodbury,4 Hunt Elementary School,President,,Donald J. Trump and JD Vance,REP,663,316,347
Woodbury,40 Anthon,President,,Donald J. Trump and JD Vance,REP,372,62,310
Woodbury,41 Danbury,President,,Donald J. Trump and JD Vance,REP,308,38,270
Woodbury,42 Sloan,President,,Donald J. Trump and JD Vance,REP,600,130,470
Woodbury,43 Smithland,President,,Donald J. Trump and JD Vance,REP,205,34,171
Woodbury,44 Oto,President,,Donald J. Trump and JD Vance,REP,102,16,86
Woodbury,5 Liberty Elementary School,President,,Donald J. Trump and JD Vance,REP,473,257,216
Woodbury,6 Hunt Elementary School,President,,Donald J. Trump and JD Vance,REP,261,130,131
Woodbury,7 Loess Hills Elementary Schoo,President,,Donald J. Trump and JD Vance,REP,385,175,210
Woodbury,8 Liberty Elementary School,President,,Donald J. Trump and JD Vance,REP,231,85,146
Woodbury,9 Hunt Elementary School,President,,Donald J. Trump and JD Vance,REP,119,44,75
Woodbury,1 Riverside Elementary School,President,,Kamala D. Harris and Tim Walz,DEM,544,288,256
Woodbury,10 Loess Hills Elementary Scho,President,,Kamala D. Harris and Tim Walz,DEM,222,125,97
Woodbury,11 Liberty Elementary School,President,,Kamala D. Harris and Tim Walz,DEM,205,105,100
Woodbury,12 Perry Creek Elementary Scho,President,,Kamala D. Harris and Tim Walz,DEM,644,412,232
Woodbury,13 North Middle School,President,,Kamala D. Harris and Tim Walz,DEM,525,353,172
Woodbury,14 North Middle School,President,,Kamala D. Harris and Tim Walz,DEM,570,368,202
Woodbury,15 Leeds Elementary School,President,,Kamala D. Harris and Tim Walz,DEM,513,293,220
Woodbury,16 Unity Elementary School,President,,Kamala D. Harris and Tim Walz,DEM,212,118,94
Woodbury,17 Lawton -,President,,Kamala D. Harris and Tim Walz,DEM,308,178,130
Woodbury,18 Bryant Elementary School,President,,Kamala D. Harris and Tim Walz,DEM,635,395,240
Woodbury,19 Bryant Elementary School,President,,Kamala D. Harris and Tim Walz,DEM,516,340,176
Woodbury,2 West Middle School,President,,Kamala D. Harris and Tim Walz,DEM,607,373,234
Woodbury,20 Irving Elementary School,President,,Kamala D. Harris and Tim Walz,DEM,362,211,151
Woodbury,21 Unity Elementary School,President,,Kamala D. Harris and Tim Walz,DEM,316,197,119
Woodbury,22 Spalding Elementary School,President,,Kamala D. Harris and Tim Walz,DEM,373,197,176
Woodbury,23 Morningside Branch Library,President,,Kamala D. Harris and Tim Walz,DEM,500,300,200
Woodbury,24 Morningside Branch Library,President,,Kamala D. Harris and Tim Walz,DEM,491,256,235
Woodbury,25 East Middle School,President,,Kamala D. Harris and Tim Walz,DEM,644,414,230
Woodbury,26 Morningside Elementary Scho,President,,Kamala D. Harris and Tim Walz,DEM,501,300,201
Woodbury,27 Morningside Elementary Scho,President,,Kamala D. Harris and Tim Walz,DEM,560,295,265
Woodbury,28 East High School,President,,Kamala D. Harris and Tim Walz,DEM,838,585,253
Woodbury,29 East High School,President,,Kamala D. Harris and Tim Walz,DEM,718,512,206
Woodbury,3 Loess Hills Elementary Schoo,President,,Kamala D. Harris and Tim Walz,DEM,440,303,137
Woodbury,30 Sgt Bluff West,President,,Kamala D. Harris and Tim Walz,DEM,535,292,243
Woodbury,31 Sgt Bluff East,President,,Kamala D. Harris and Tim Walz,DEM,321,163,158
Woodbury,32 Woodbury Township,President,,Kamala D. Harris and Tim Walz,DEM,203,130,73
Woodbury,33 Salix,President,,Kamala D. Harris and Tim Walz,DEM,158,66,92
Woodbury,34 Moville,President,,Kamala D. Harris and Tim Walz,DEM,363,144,219
Woodbury,35 Pierson,President,,Kamala D. Harris and Tim Walz,DEM,75,27,48
Woodbury,36 Correctionville,President,,Kamala D. Harris and Tim Walz,DEM,131,58,73
Woodbury,37 Bronson,President,,Kamala D. Harris and Tim Walz,DEM,138,51,87
Woodbury,38 Cushing,President,,Kamala D. Harris and Tim Walz,DEM,39,11,28
Woodbury,39 Hornick,President,,Kamala D. Harris and Tim Walz,DEM,84,26,58
Woodbury,4 Hunt Elementary School,President,,Kamala D. Harris and Tim Walz,DEM,574,325,249
Woodbury,40 Anthon,President,,Kamala D. Harris and Tim Walz,DEM,97,36,61
Woodbury,41 Danbury,President,,Kamala D. Harris and Tim Walz,DEM,67,20,47
Woodbury,42 Sloan,President,,Kamala D. Harris and Tim Walz,DEM,190,68,122
Woodbury,43 Smithland,President,,Kamala D. Harris and Tim Walz,DEM,39,16,23
Woodbury,44 Oto,President,,Kamala D. Harris and Tim Walz,DEM,21,4,17
Woodbury,5 Liberty Elementary School,President,,Kamala D. Harris and Tim Walz,DEM,576,367,209
Woodbury,6 Hunt Elementary School,President,,Kamala D. Harris and Tim Walz,DEM,307,161,146
Woodbury,7 Loess Hills Elementary Schoo,President,,Kamala D. Harris and Tim Walz,DEM,486,244,242
Woodbury,8 Liberty Elementary School,President,,Kamala D. Harris and Tim Walz,DEM,311,162,149
Woodbury,9 Hunt Elementary School,President,,Kamala D. Harris and Tim Walz,DEM,186,77,109
Woodbury,1 Riverside Elementary School,President,,Robert F. Kennedy Jr and Nicole Shanahan,WTP,6,2,4
Woodbury,10 Loess Hills Elementary Scho,President,,Robert F. Kennedy Jr and Nicole Shanahan,WTP,4,1,3
Woodbury,11 Liberty Elementary School,President,,Robert F. Kennedy Jr and Nicole Shanahan,WTP,1,1,0
Woodbury,12 Perry Creek Elementary Scho,President,,Robert F. Kennedy Jr and Nicole Shanahan,WTP,10,3,7
Woodbury,13 North Middle School,President,,Robert F. Kennedy Jr and Nicole Shanahan,WTP,15,4,11
Woodbury,14 North Middle School,President,,Robert F. Kennedy Jr and Nicole Shanahan,WTP,17,8,9
Woodbury,15 Leeds Elementary School,President,,Robert F. Kennedy Jr and Nicole Shanahan,WTP,18,8,10
Woodbury,16 Unity Elementary School,President,,Robert F. Kennedy Jr and Nicole Shanahan,WTP,5,2,3
Woodbury,17 Lawton -,President,,Robert F. Kennedy Jr and Nicole Shanahan,WTP,9,4,5
Woodbury,18 Bryant Elementary School,President,,Robert F. Kennedy Jr and Nicole Shanahan,WTP,12,5,7
Woodbury,19 Bryant Elementary School,President,,Robert F. Kennedy Jr and Nicole Shanahan,WTP,6,4,2
Woodbury,2 West Middle School,President,,Robert F. Kennedy Jr and Nicole Shanahan,WTP,12,4,8
Woodbury,20 Irving Elementary School,President,,Robert F. Kennedy Jr and Nicole Shanahan,WTP,2,2,0
Woodbury,21 Unity Elementary School,President,,Robert F. Kennedy Jr and Nicole Shanahan,WTP,5,1,4
Woodbury,22 Spalding Elementary School,President,,Robert F. Kennedy Jr and Nicole Shanahan,WTP,4,1,3
Woodbury,23 Morningside Branch Library,President,,Robert F. Kennedy Jr and Nicole Shanahan,WTP,5,4,1
Woodbury,24 Morningside Branch Library,President,,Robert F. Kennedy Jr and Nicole Shanahan,WTP,8,2,6
Woodbury,25 East Middle School,President,,Robert F. Kennedy Jr and Nicole Shanahan,WTP,13,8,5
Woodbury,26 Morningside Elementary Scho,President,,Robert F. Kennedy Jr and Nicole Shanahan,WTP,16,2,14
Woodbury,27 Morningside Elementary Scho,President,,Robert F. Kennedy Jr and Nicole Shanahan,WTP,12,5,7
Woodbury,28 East High School,President,,Robert F. Kennedy Jr and Nicole Shanahan,WTP,13,6,7
Woodbury,29 East High School,President,,Robert F. Kennedy Jr and Nicole Shanahan,WTP,27,15,12
Woodbury,3 Loess Hills Elementary Schoo,President,,Robert F. Kennedy Jr and Nicole Shanahan,WTP,12,7,5
Woodbury,30 Sgt Bluff West,President,,Robert F. Kennedy Jr and Nicole Shanahan,WTP,13,6,7
Woodbury,31 Sgt Bluff East,President,,Robert F. Kennedy Jr and Nicole Shanahan,WTP,9,3,6
Woodbury,32 Woodbury Township,President,,Robert F. Kennedy Jr and Nicole Shanahan,WTP,10,6,4
Woodbury,33 Salix,President,,Robert F. Kennedy Jr and Nicole Shanahan,WTP,3,0,3
Woodbury,34 Moville,President,,Robert F. Kennedy Jr and Nicole Shanahan,WTP,9,2,7
Woodbury,35 Pierson,President,,Robert F. Kennedy Jr and Nicole Shanahan,WTP,2,0,2
Woodbury,36 Correctionville,President,,Robert F. Kennedy Jr and Nicole Shanahan,WTP,6,2,4
Woodbury,37 Bronson,President,,Robert F. Kennedy Jr and Nicole Shanahan,WTP,7,0,7
Woodbury,38 Cushing,President,,Robert F. Kennedy Jr and Nicole Shanahan,WTP,3,0,3
Woodbury,39 Hornick,President,,Robert F. Kennedy Jr and Nicole Shanahan,WTP,3,1,2
Woodbury,4 Hunt Elementary School,President,,Robert F. Kennedy Jr and Nicole Shanahan,WTP,13,6,7
Woodbury,40 Anthon,President,,Robert F. Kennedy Jr and Nicole Shanahan,WTP,6,3,3
Woodbury,41 Danbury,President,,Robert F. Kennedy Jr and Nicole Shanahan,WTP,1,1,0
Woodbury,42 Sloan,President,,Robert F. Kennedy Jr and Nicole Shanahan,WTP,10,1,9
Woodbury,43 Smithland,President,,Robert F. Kennedy Jr and Nicole Shanahan,WTP,3,0,3
Woodbury,44 Oto,President,,Robert F. Kennedy Jr and Nicole Shanahan,WTP,1,0,1
Woodbury,5 Liberty Elementary School,President,,Robert F. Kennedy Jr and Nicole Shanahan,WTP,6,2,4
Woodbury,6 Hunt Elementary School,President,,Robert F. Kennedy Jr and Nicole Shanahan,WTP,3,3,0
Woodbury,7 Loess Hills Elementary Schoo,President,,Robert F. Kennedy Jr and Nicole Shanahan,WTP,8,4,4
Woodbury,8 Liberty Elementary School,President,,Robert F. Kennedy Jr and Nicole Shanahan,WTP,3,1,2
Woodbury,9 Hunt Elementary School,President,,Robert F. Kennedy Jr and Nicole Shanahan,WTP,0,0,0
Woodbury,1 Riverside Elementary School,President,,Shiva Ayyadurai and Crystal Ellis,NoP,1,1,0
Woodbury,10 Loess Hills Elementary Scho,President,,Shiva Ayyadurai and Crystal Ellis,NoP,0,0,0
Woodbury,11 Liberty Elementary School,President,,Shiva Ayyadurai and Crystal Ellis,NoP,0,0,0
Woodbury,12 Perry Creek Elementary Scho,President,,Shiva Ayyadurai and Crystal Ellis,NoP,0,0,0
Woodbury,13 North Middle School,President,,Shiva Ayyadurai and Crystal Ellis,NoP,0,0,0
Woodbury,14 North Middle School,President,,Shiva Ayyadurai and Crystal Ellis,NoP,0,0,0
Woodbury,15 Leeds Elementary School,President,,Shiva Ayyadurai and Crystal Ellis,NoP,0,0,0
Woodbury,16 Unity Elementary School,President,,Shiva Ayyadurai and Crystal Ellis,NoP,0,0,0
Woodbury,17 Lawton -,President,,Shiva Ayyadurai and Crystal Ellis,NoP,0,0,0
Woodbury,18 Bryant Elementary School,President,,Shiva Ayyadurai and Crystal Ellis,NoP,0,0,0
Woodbury,19 Bryant Elementary School,President,,Shiva Ayyadurai and Crystal Ellis,NoP,0,0,0
Woodbury,2 West Middle School,President,,Shiva Ayyadurai and Crystal Ellis,NoP,1,1,0
Woodbury,20 Irving Elementary School,President,,Shiva Ayyadurai and Crystal Ellis,NoP,1,0,1
Woodbury,21 Unity Elementary School,President,,Shiva Ayyadurai and Crystal Ellis,NoP,1,0,1
Woodbury,22 Spalding Elementary School,President,,Shiva Ayyadurai and Crystal Ellis,NoP,0,0,0
Woodbury,23 Morningside Branch Library,President,,Shiva Ayyadurai and Crystal Ellis,NoP,0,0,0
Woodbury,24 Morningside Branch Library,President,,Shiva Ayyadurai and Crystal Ellis,NoP,0,0,0
Woodbury,25 East Middle School,President,,Shiva Ayyadurai and Crystal Ellis,NoP,0,0,0
Woodbury,26 Morningside Elementary Scho,President,,Shiva Ayyadurai and Crystal Ellis,NoP,0,0,0
Woodbury,27 Morningside Elementary Scho,President,,Shiva Ayyadurai and Crystal Ellis,NoP,1,0,1
Woodbury,28 East High School,President,,Shiva Ayyadurai and Crystal Ellis,NoP,1,1,0
Woodbury,29 East High School,President,,Shiva Ayyadurai and Crystal Ellis,NoP,0,0,0
Woodbury,3 Loess Hills Elementary Schoo,President,,Shiva Ayyadurai and Crystal Ellis,NoP,0,0,0
Woodbury,30 Sgt Bluff West,President,,Shiva Ayyadurai and Crystal Ellis,NoP,0,0,0
Woodbury,31 Sgt Bluff East,President,,Shiva Ayyadurai and Crystal Ellis,NoP,1,0,1
Woodbury,32 Woodbury Township,President,,Shiva Ayyadurai and Crystal Ellis,NoP,0,0,0
Woodbury,33 Salix,President,,Shiva Ayyadurai and Crystal Ellis,NoP,0,0,0
Woodbury,34 Moville,President,,Shiva Ayyadurai and Crystal Ellis,NoP,1,1,0
Woodbury,35 Pierson,President,,Shiva Ayyadurai and Crystal Ellis,NoP,0,0,0
Woodbury,36 Correctionville,President,,Shiva Ayyadurai and Crystal Ellis,NoP,0,0,0
Woodbury,37 Bronson,President,,Shiva Ayyadurai and Crystal Ellis,NoP,0,0,0
Woodbury,38 Cushing,President,,Shiva Ayyadurai and Crystal Ellis,NoP,0,0,0
Woodbury,39 Hornick,President,,Shiva Ayyadurai and Crystal Ellis,NoP,0,0,0
Woodbury,4 Hunt Elementary School,President,,Shiva Ayyadurai and Crystal Ellis,NoP,1,0,1
Woodbury,40 Anthon,President,,Shiva Ayyadurai and Crystal Ellis,NoP,0,0,0
Woodbury,41 Danbury,President,,Shiva Ayyadurai and Crystal Ellis,NoP,0,0,0
Woodbury,42 Sloan,President,,Shiva Ayyadurai and Crystal Ellis,NoP,0,0,0
Woodbury,43 Smithland,President,,Shiva Ayyadurai and Crystal Ellis,NoP,0,0,0
Woodbury,44 Oto,President,,Shiva Ayyadurai and Crystal Ellis,NoP,0,0,0
Woodbury,5 Liberty Elementary School,President,,Shiva Ayyadurai and Crystal Ellis,NoP,0,0,0
Woodbury,6 Hunt Elementary School,President,,Shiva Ayyadurai and Crystal Ellis,NoP,0,0,0
Woodbury,7 Loess Hills Elementary Schoo,President,,Shiva Ayyadurai and Crystal Ellis,NoP,0,0,0
Woodbury,8 Liberty Elementary School,President,,Shiva Ayyadurai and Crystal Ellis,NoP,0,0,0
Woodbury,9 Hunt Elementary School,President,,Shiva Ayyadurai and Crystal Ellis,NoP,0,0,0
Woodbury,1 Riverside Elementary School,President,,William P. Stodden and Stephanie H. Cholensky,SOC,0,0,0
Woodbury,10 Loess Hills Elementary Scho,President,,William P. Stodden and Stephanie H. Cholensky,SOC,1,1,0
Woodbury,11 Liberty Elementary School,President,,William P. Stodden and Stephanie H. Cholensky,SOC,0,0,0
Woodbury,12 Perry Creek Elementary Scho,President,,William P. Stodden and Stephanie H. Cholensky,SOC,0,0,0
Woodbury,13 North Middle School,President,,William P. Stodden and Stephanie H. Cholensky,SOC,0,0,0
Woodbury,14 North Middle School,President,,William P. Stodden and Stephanie H. Cholensky,SOC,0,0,0
Woodbury,15 Leeds Elementary School,President,,William P. Stodden and Stephanie H. Cholensky,SOC,0,0,0
Woodbury,16 Unity Elementary School,President,,William P. Stodden and Stephanie H. Cholensky,SOC,0,0,0
Woodbury,17 Lawton -,President,,William P. Stodden and Stephanie H. Cholensky,SOC,0,0,0
Woodbury,18 Bryant Elementary School,President,,William P. Stodden and Stephanie H. Cholensky,SOC,0,0,0
Woodbury,19 Bryant Elementary School,President,,William P. Stodden and Stephanie H. Cholensky,SOC,0,0,0
Woodbury,2 West Middle School,President,,William P. Stodden and Stephanie H. Cholensky,SOC,0,0,0
Woodbury,20 Irving Elementary School,President,,William P. Stodden and Stephanie H. Cholensky,SOC,1,0,1
Woodbury,21 Unity Elementary School,President,,William P. Stodden and Stephanie H. Cholensky,SOC,1,1,0
Woodbury,22 Spalding Elementary School,President,,William P. Stodden and Stephanie H. Cholensky,SOC,0,0,0
Woodbury,23 Morningside Branch Library,President,,William P. Stodden and Stephanie H. Cholensky,SOC,0,0,0
Woodbury,24 Morningside Branch Library,President,,William P. Stodden and Stephanie H. Cholensky,SOC,0,0,0
Woodbury,25 East Middle School,President,,William P. Stodden and Stephanie H. Cholensky,SOC,1,1,0
Woodbury,26 Morningside Elementary Scho,President,,William P. Stodden and Stephanie H. Cholensky,SOC,0,0,0
Woodbury,27 Morningside Elementary Scho,President,,William P. Stodden and Stephanie H. Cholensky,SOC,0,0,0
Woodbury,28 East High School,President,,William P. Stodden and Stephanie H. Cholensky,SOC,0,0,0
Woodbury,29 East High School,President,,William P. Stodden and Stephanie H. Cholensky,SOC,0,0,0
Woodbury,3 Loess Hills Elementary Schoo,President,,William P. Stodden and Stephanie H. Cholensky,SOC,0,0,0
Woodbury,30 Sgt Bluff West,President,,William P. Stodden and Stephanie H. Cholensky,SOC,0,0,0
Woodbury,31 Sgt Bluff East,President,,William P. Stodden and Stephanie H. Cholensky,SOC,0,0,0
Woodbury,32 Woodbury Township,President,,William P. Stodden and Stephanie H. Cholensky,SOC,0,0,0
Woodbury,33 Salix,President,,William P. Stodden and Stephanie H. Cholensky,SOC,0,0,0
Woodbury,34 Moville,President,,William P. Stodden and Stephanie H. Cholensky,SOC,0,0,0
Woodbury,35 Pierson,President,,William P. Stodden and Stephanie H. Cholensky,SOC,0,0,0
Woodbury,36 Correctionville,President,,William P. Stodden and Stephanie H. Cholensky,SOC,0,0,0
Woodbury,37 Bronson,President,,William P. Stodden and Stephanie H. Cholensky,SOC,0,0,0
Woodbury,38 Cushing,President,,William P. Stodden and Stephanie H. Cholensky,SOC,0,0,0
Woodbury,39 Hornick,President,,William P. Stodden and Stephanie H. Cholensky,SOC,0,0,0
Woodbury,4 Hunt Elementary School,President,,William P. Stodden and Stephanie H. Cholensky,SOC,0,0,0
Woodbury,40 Anthon,President,,William P. Stodden and Stephanie H. Cholensky,SOC,0,0,0
Woodbury,41 Danbury,President,,William P. Stodden and Stephanie H. Cholensky,SOC,0,0,0
Woodbury,42 Sloan,President,,William P. Stodden and Stephanie H. Cholensky,SOC,0,0,0
Woodbury,43 Smithland,President,,William P. Stodden and Stephanie H. Cholensky,SOC,0,0,0
Woodbury,44 Oto,President,,William P. Stodden and Stephanie H. Cholensky,SOC,1,0,1
Woodbury,5 Liberty Elementary School,President,,William P. Stodden and Stephanie H. Cholensky,SOC,0,0,0
Woodbury,6 Hunt Elementary School,President,,William P. Stodden and Stephanie H. Cholensky,SOC,0,0,0
Woodbury,7 Loess Hills Elementary Schoo,President,,William P. Stodden and Stephanie H. Cholensky,SOC,1,0,1
Woodbury,8 Liberty Elementary School,President,,William P. Stodden and Stephanie H. Cholensky,SOC,1,0,1
Woodbury,9 Hunt Elementary School,President,,William P. Stodden and Stephanie H. Cholensky,SOC,0,0,0
Woodbury,1 Riverside Elementary School,President,,Write-In,,5,1,4
Woodbury,10 Loess Hills Elementary Scho,President,,Write-In,,1,0,1
Woodbury,11 Liberty Elementary School,President,,Write-In,,0,0,0
Woodbury,12 Perry Creek Elementary Scho,President,,Write-In,,9,6,3
Woodbury,13 North Middle School,President,,Write-In,,12,7,5
Woodbury,14 North Middle School,President,,Write-In,,8,5,3
Woodbury,15 Leeds Elementary School,President,,Write-In,,9,5,4
Woodbury,16 Unity Elementary School,President,,Write-In,,2,0,2
Woodbury,17 Lawton -,President,,Write-In,,20,12,8
Woodbury,18 Bryant Elementary School,President,,Write-In,,6,3,3
Woodbury,19 Bryant Elementary School,President,,Write-In,,7,3,4
Woodbury,2 West Middle School,President,,Write-In,,10,2,8
Woodbury,20 Irving Elementary School,President,,Write-In,,2,0,2
Woodbury,21 Unity Elementary School,President,,Write-In,,1,1,0
Woodbury,22 Spalding Elementary School,President,,Write-In,,8,1,7
Woodbury,23 Morningside Branch Library,President,,Write-In,,15,4,11
Woodbury,24 Morningside Branch Library,President,,Write-In,,16,4,12
Woodbury,25 East Middle School,President,,Write-In,,12,5,7
Woodbury,26 Morningside Elementary Scho,President,,Write-In,,9,3,6
Woodbury,27 Morningside Elementary Scho,President,,Write-In,,4,1,3
Woodbury,28 East High School,President,,Write-In,,12,3,9
Woodbury,29 East High School,President,,Write-In,,6,5,1
Woodbury,3 Loess Hills Elementary Schoo,President,,Write-In,,2,0,2
Woodbury,30 Sgt Bluff West,President,,Write-In,,6,5,1
Woodbury,31 Sgt Bluff East,President,,Write-In,,5,1,4
Woodbury,32 Woodbury Township,President,,Write-In,,1,0,1
Woodbury,33 Salix,President,,Write-In,,5,2,3
Woodbury,34 Moville,President,,Write-In,,7,0,7
Woodbury,35 Pierson,President,,Write-In,,1,0,1
Woodbury,36 Correctionville,President,,Write-In,,2,1,1
Woodbury,37 Bronson,President,,Write-In,,0,0,0
Woodbury,38 Cushing,President,,Write-In,,1,0,1
Woodbury,39 Hornick,President,,Write-In,,0,0,0
Woodbury,4 Hunt Elementary School,President,,Write-In,,17,6,11
Woodbury,40 Anthon,President,,Write-In,,1,0,1
Woodbury,41 Danbury,President,,Write-In,,2,1,1
Woodbury,42 Sloan,President,,Write-In,,5,0,5
Woodbury,43 Smithland,President,,Write-In,,0,0,0
Woodbury,44 Oto,President,,Write-In,,0,0,0
Woodbury,5 Liberty Elementary School,President,,Write-In,,8,3,5
Woodbury,6 Hunt Elementary School,President,,Write-In,,2,0,2
Woodbury,7 Loess Hills Elementary Schoo,President,,Write-In,,5,1,4
Woodbury,8 Liberty Elementary School,President,,Write-In,,2,0,2
Woodbury,9 Hunt Elementary School,President,,Write-In,,1,1,0
Woodbury,38 Cushing,Rock Township Trustee,,Jeffrey R. Henderson,,95,15,80
Woodbury,38 Cushing,Rock Township Trustee,,Peter Tim Petersen,,82,13,69
Woodbury,38 Cushing,Rock Township Trustee,,Write-In,,2,0,2
Woodbury,35 Pierson,Rutland Township Trustee,,Jeffrey W. Puttmann,,98,23,75
Woodbury,35 Pierson,Rutland Township Trustee,,Ronald Bohle,,122,32,90
Woodbury,35 Pierson,Rutland Township Trustee,,Write-In,,1,0,1
Woodbury,29 East High School,Sergeant Bluff-Luton School - Public Measure WB,,No,,95,81,14
Woodbury,30 Sgt Bluff West,Sergeant Bluff-Luton School - Public Measure WB,,No,,608,287,321
Woodbury,31 Sgt Bluff East,Sergeant Bluff-Luton School - Public Measure WB,,No,,402,202,200
Woodbury,32 Woodbury Township,Sergeant Bluff-Luton School - Public Measure WB,,No,,336,179,157
Woodbury,33 Salix,Sergeant Bluff-Luton School - Public Measure WB,,No,,51,27,24
Woodbury,37 Bronson,Sergeant Bluff-Luton School - Public Measure WB,,No,,20,9,11
Woodbury,29 East High School,Sergeant Bluff-Luton School - Public Measure WB,,Yes,,95,64,31
Woodbury,30 Sgt Bluff West,Sergeant Bluff-Luton School - Public Measure WB,,Yes,,920,405,515
Woodbury,31 Sgt Bluff East,Sergeant Bluff-Luton School - Public Measure WB,,Yes,,570,223,347
Woodbury,32 Woodbury Township,Sergeant Bluff-Luton School - Public Measure WB,,Yes,,223,111,112
Woodbury,33 Salix,Sergeant Bluff-Luton School - Public Measure WB,,Yes,,71,20,51
Woodbury,37 Bronson,Sergeant Bluff-Luton School - Public Measure WB,,Yes,,8,4,4
Woodbury,42 Sloan,Sloan Township Clerk To Fill a Vacancy,,Write-In,,23,1,22
Woodbury,42 Sloan,Sloan Township Trustee,,Don Lord,,56,13,43
Woodbury,42 Sloan,Sloan Township Trustee,,Maurice D. Wilt,,53,10,43
Woodbury,42 Sloan,Sloan Township Trustee,,Write-In,,28,0,28
Woodbury,1 Riverside Elementary School,Soil and Water Conservation District Commissioner,,Jason Yockey,,571,277,294
Woodbury,10 Loess Hills Elementary Scho,Soil and Water Conservation District Commissioner,,Jason Yockey,,219,112,107
Woodbury,11 Liberty Elementary School,Soil and Water Conservation District Commissioner,,Jason Yockey,,153,76,77
Woodbury,12 Perry Creek Elementary Scho,Soil and Water Conservation District Commissioner,,Jason Yockey,,867,496,371
Woodbury,13 North Middle School,Soil and Water Conservation District Commissioner,,Jason Yockey,,563,379,184
Woodbury,14 North Middle School,Soil and Water Conservation District Commissioner,,Jason Yockey,,666,415,251
Woodbury,15 Leeds Elementary School,Soil and Water Conservation District Commissioner,,Jason Yockey,,707,352,355
Woodbury,16 Unity Elementary School,Soil and Water Conservation District Commissioner,,Jason Yockey,,274,136,138
Woodbury,17 Lawton -,Soil and Water Conservation District Commissioner,,Jason Yockey,,900,390,510
Woodbury,18 Bryant Elementary School,Soil and Water Conservation District Commissioner,,Jason Yockey,,742,413,329
Woodbury,19 Bryant Elementary School,Soil and Water Conservation District Commissioner,,Jason Yockey,,543,307,236
Woodbury,2 West Middle School,Soil and Water Conservation District Commissioner,,Jason Yockey,,706,396,310
Woodbury,20 Irving Elementary School,Soil and Water Conservation District Commissioner,,Jason Yockey,,277,166,111
Woodbury,21 Unity Elementary School,Soil and Water Conservation District Commissioner,,Jason Yockey,,402,191,211
Woodbury,22 Spalding Elementary School,Soil and Water Conservation District Commissioner,,Jason Yockey,,464,263,201
Woodbury,23 Morningside Branch Library,Soil and Water Conservation District Commissioner,,Jason Yockey,,605,326,279
Woodbury,24 Morningside Branch Library,Soil and Water Conservation District Commissioner,,Jason Yockey,,650,303,347
Woodbury,25 East Middle School,Soil and Water Conservation District Commissioner,,Jason Yockey,,810,471,339
Woodbury,26 Morningside Elementary Scho,Soil and Water Conservation District Commissioner,,Jason Yockey,,655,311,344
Woodbury,27 Morningside Elementary Scho,Soil and Water Conservation District Commissioner,,Jason Yockey,,796,395,401
Woodbury,28 East High School,Soil and Water Conservation District Commissioner,,Jason Yockey,,1371,876,495
Woodbury,29 East High School,Soil and Water Conservation District Commissioner,,Jason Yockey,,1024,684,340
Woodbury,3 Loess Hills Elementary Schoo,Soil and Water Conservation District Commissioner,,Jason Yockey,,513,323,190
Woodbury,30 Sgt Bluff West,Soil and Water Conservation District Commissioner,,Jason Yockey,,923,413,510
Woodbury,31 Sgt Bluff East,Soil and Water Conservation District Commissioner,,Jason Yockey,,566,252,314
Woodbury,32 Woodbury Township,Soil and Water Conservation District Commissioner,,Jason Yockey,,433,244,189
Woodbury,33 Salix,Soil and Water Conservation District Commissioner,,Jason Yockey,,353,113,240
Woodbury,34 Moville,Soil and Water Conservation District Commissioner,,Jason Yockey,,900,240,660
Woodbury,35 Pierson,Soil and Water Conservation District Commissioner,,Jason Yockey,,202,42,160
Woodbury,36 Correctionville,Soil and Water Conservation District Commissioner,,Jason Yockey,,367,71,296
Woodbury,37 Bronson,Soil and Water Conservation District Commissioner,,Jason Yockey,,400,106,294
Woodbury,38 Cushing,Soil and Water Conservation District Commissioner,,Jason Yockey,,159,25,134
Woodbury,39 Hornick,Soil and Water Conservation District Commissioner,,Jason Yockey,,268,74,194
Woodbury,4 Hunt Elementary School,Soil and Water Conservation District Commissioner,,Jason Yockey,,556,313,243
Woodbury,40 Anthon,Soil and Water Conservation District Commissioner,,Jason Yockey,,294,55,239
Woodbury,41 Danbury,Soil and Water Conservation District Commissioner,,Jason Yockey,,250,42,208
Woodbury,42 Sloan,Soil and Water Conservation District Commissioner,,Jason Yockey,,474,131,343
Woodbury,43 Smithland,Soil and Water Conservation District Commissioner,,Jason Yockey,,157,35,122
Woodbury,44 Oto,Soil and Water Conservation District Commissioner,,Jason Yockey,,62,12,50
Woodbury,5 Liberty Elementary School,Soil and Water Conservation District Commissioner,,Jason Yockey,,527,319,208
Woodbury,6 Hunt Elementary School,Soil and Water Conservation District Commissioner,,Jason Yockey,,235,129,106
Woodbury,7 Loess Hills Elementary Schoo,Soil and Water Conservation District Commissioner,,Jason Yockey,,449,217,232
Woodbury,8 Liberty Elementary School,Soil and Water Conservation District Commissioner,,Jason Yockey,,279,128,151
Woodbury,9 Hunt Elementary School,Soil and Water Conservation District Commissioner,,Jason Yockey,,125,59,66
Woodbury,1 Riverside Elementary School,Soil and Water Conservation District Commissioner,,Scott Matthias,,549,249,300
Woodbury,10 Loess Hills Elementary Scho,Soil and Water Conservation District Commissioner,,Scott Matthias,,199,111,88
Woodbury,11 Liberty Elementary School,Soil and Water Conservation District Commissioner,,Scott Matthias,,164,75,89
Woodbury,12 Perry Creek Elementary Scho,Soil and Water Conservation District Commissioner,,Scott Matthias,,809,455,354
Woodbury,13 North Middle School,Soil and Water Conservation District Commissioner,,Scott Matthias,,547,361,186
Woodbury,14 North Middle School,Soil and Water Conservation District Commissioner,,Scott Matthias,,635,389,246
Woodbury,15 Leeds Elementary School,Soil and Water Conservation District Commissioner,,Scott Matthias,,671,317,354
Woodbury,16 Unity Elementary School,Soil and Water Conservation District Commissioner,,Scott Matthias,,277,133,144
Woodbury,17 Lawton -,Soil and Water Conservation District Commissioner,,Scott Matthias,,813,363,450
Woodbury,18 Bryant Elementary School,Soil and Water Conservation District Commissioner,,Scott Matthias,,702,371,331
Woodbury,19 Bryant Elementary School,Soil and Water Conservation District Commissioner,,Scott Matthias,,538,307,231
Woodbury,2 West Middle School,Soil and Water Conservation District Commissioner,,Scott Matthias,,680,377,303
Woodbury,20 Irving Elementary School,Soil and Water Conservation District Commissioner,,Scott Matthias,,281,163,118
Woodbury,21 Unity Elementary School,Soil and Water Conservation District Commissioner,,Scott Matthias,,393,199,194
Woodbury,22 Spalding Elementary School,Soil and Water Conservation District Commissioner,,Scott Matthias,,436,241,195
Woodbury,23 Morningside Branch Library,Soil and Water Conservation District Commissioner,,Scott Matthias,,535,278,257
Woodbury,24 Morningside Branch Library,Soil and Water Conservation District Commissioner,,Scott Matthias,,569,252,317
Woodbury,25 East Middle School,Soil and Water Conservation District Commissioner,,Scott Matthias,,714,409,305
Woodbury,26 Morningside Elementary Scho,Soil and Water Conservation District Commissioner,,Scott Matthias,,629,281,348
Woodbury,27 Morningside Elementary Scho,Soil and Water Conservation District Commissioner,,Scott Matthias,,741,355,386
Woodbury,28 East High School,Soil and Water Conservation District Commissioner,,Scott Matthias,,1265,797,468
Woodbury,29 East High School,Soil and Water Conservation District Commissioner,,Scott Matthias,,987,649,338
Woodbury,3 Loess Hills Elementary Schoo,Soil and Water Conservation District Commissioner,,Scott Matthias,,475,289,186
Woodbury,30 Sgt Bluff West,Soil and Water Conservation District Commissioner,,Scott Matthias,,824,376,448
Woodbury,31 Sgt Bluff East,Soil and Water Conservation District Commissioner,,Scott Matthias,,561,236,325
Woodbury,32 Woodbury Township,Soil and Water Conservation District Commissioner,,Scott Matthias,,393,222,171
Woodbury,33 Salix,Soil and Water Conservation District Commissioner,,Scott Matthias,,319,104,215
Woodbury,34 Moville,Soil and Water Conservation District Commissioner,,Scott Matthias,,775,205,570
Woodbury,35 Pierson,Soil and Water Conservation District Commissioner,,Scott Matthias,,156,31,125
Woodbury,36 Correctionville,Soil and Water Conservation District Commissioner,,Scott Matthias,,290,63,227
Woodbury,37 Bronson,Soil and Water Conservation District Commissioner,,Scott Matthias,,343,86,257
Woodbury,38 Cushing,Soil and Water Conservation District Commissioner,,Scott Matthias,,125,21,104
Woodbury,39 Hornick,Soil and Water Conservation District Commissioner,,Scott Matthias,,286,71,215
Woodbury,4 Hunt Elementary School,Soil and Water Conservation District Commissioner,,Scott Matthias,,549,302,247
Woodbury,40 Anthon,Soil and Water Conservation District Commissioner,,Scott Matthias,,242,46,196
Woodbury,41 Danbury,Soil and Water Conservation District Commissioner,,Scott Matthias,,190,31,159
Woodbury,42 Sloan,Soil and Water Conservation District Commissioner,,Scott Matthias,,504,132,372
Woodbury,43 Smithland,Soil and Water Conservation District Commissioner,,Scott Matthias,,129,25,104
Woodbury,44 Oto,Soil and Water Conservation District Commissioner,,Scott Matthias,,50,9,41
Woodbury,5 Liberty Elementary School,Soil and Water Conservation District Commissioner,,Scott Matthias,,492,291,201
Woodbury,6 Hunt Elementary School,Soil and Water Conservation District Commissioner,,Scott Matthias,,266,145,121
Woodbury,7 Loess Hills Elementary Schoo,Soil and Water Conservation District Commissioner,,Scott Matthias,,398,205,193
Woodbury,8 Liberty Elementary School,Soil and Water Conservation District Commissioner,,Scott Matthias,,272,133,139
Woodbury,9 Hunt Elementary School,Soil and Water Conservation District Commissioner,,Scott Matthias,,136,56,80
Woodbury,1 Riverside Elementary School,Soil and Water Conservation District Commissioner,,Ted Bromander,,5,5,0
Woodbury,10 Loess Hills Elementary Scho,Soil and Water Conservation District Commissioner,,Ted Bromander,,0,0,0
Woodbury,11 Liberty Elementary School,Soil and Water Conservation District Commissioner,,Ted Bromander,,0,0,0
Woodbury,12 Perry Creek Elementary Scho,Soil and Water Conservation District Commissioner,,Ted Bromander,,10,10,0
Woodbury,13 North Middle School,Soil and Water Conservation District Commissioner,,Ted Bromander,,10,10,0
Woodbury,14 North Middle School,Soil and Water Conservation District Commissioner,,Ted Bromander,,0,0,0
Woodbury,15 Leeds Elementary School,Soil and Water Conservation District Commissioner,,Ted Bromander,,0,0,0
Woodbury,16 Unity Elementary School,Soil and Water Conservation District Commissioner,,Ted Bromander,,0,0,0
Woodbury,17 Lawton -,Soil and Water Conservation District Commissioner,,Ted Bromander,,10,10,0
Woodbury,18 Bryant Elementary School,Soil and Water Conservation District Commissioner,,Ted Bromander,,5,5,0
Woodbury,19 Bryant Elementary School,Soil and Water Conservation District Commissioner,,Ted Bromander,,5,5,0
Woodbury,2 West Middle School,Soil and Water Conservation District Commissioner,,Ted Bromander,,5,5,0
Woodbury,20 Irving Elementary School,Soil and Water Conservation District Commissioner,,Ted Bromander,,0,0,0
Woodbury,21 Unity Elementary School,Soil and Water Conservation District Commissioner,,Ted Bromander,,5,0,5
Woodbury,22 Spalding Elementary School,Soil and Water Conservation District Commissioner,,Ted Bromander,,0,0,0
Woodbury,23 Morningside Branch Library,Soil and Water Conservation District Commissioner,,Ted Bromander,,5,5,0
Woodbury,24 Morningside Branch Library,Soil and Water Conservation District Commissioner,,Ted Bromander,,5,5,0
Woodbury,25 East Middle School,Soil and Water Conservation District Commissioner,,Ted Bromander,,10,10,0
Woodbury,26 Morningside Elementary Scho,Soil and Water Conservation District Commissioner,,Ted Bromander,,5,5,0
Woodbury,27 Morningside Elementary Scho,Soil and Water Conservation District Commissioner,,Ted Bromander,,5,5,0
Woodbury,28 East High School,Soil and Water Conservation District Commissioner,,Ted Bromander,,10,10,0
Woodbury,29 East High School,Soil and Water Conservation District Commissioner,,Ted Bromander,,4,4,0
Woodbury,3 Loess Hills Elementary Schoo,Soil and Water Conservation District Commissioner,,Ted Bromander,,5,5,0
Woodbury,30 Sgt Bluff West,Soil and Water Conservation District Commissioner,,Ted Bromander,,0,0,0
Woodbury,31 Sgt Bluff East,Soil and Water Conservation District Commissioner,,Ted Bromander,,0,0,0
Woodbury,32 Woodbury Township,Soil and Water Conservation District Commissioner,,Ted Bromander,,0,0,0
Woodbury,33 Salix,Soil and Water Conservation District Commissioner,,Ted Bromander,,0,0,0
Woodbury,34 Moville,Soil and Water Conservation District Commissioner,,Ted Bromander,,0,0,0
Woodbury,35 Pierson,Soil and Water Conservation District Commissioner,,Ted Bromander,,0,0,0
Woodbury,36 Correctionville,Soil and Water Conservation District Commissioner,,Ted Bromander,,0,0,0
Woodbury,37 Bronson,Soil and Water Conservation District Commissioner,,Ted Bromander,,0,0,0
Woodbury,38 Cushing,Soil and Water Conservation District Commissioner,,Ted Bromander,,0,0,0
Woodbury,39 Hornick,Soil and Water Conservation District Commissioner,,Ted Bromander,,0,0,0
Woodbury,4 Hunt Elementary School,Soil and Water Conservation District Commissioner,,Ted Bromander,,5,5,0
Woodbury,40 Anthon,Soil and Water Conservation District Commissioner,,Ted Bromander,,0,0,0
Woodbury,41 Danbury,Soil and Water Conservation District Commissioner,,Ted Bromander,,0,0,0
Woodbury,42 Sloan,Soil and Water Conservation District Commissioner,,Ted Bromander,,0,0,0
Woodbury,43 Smithland,Soil and Water Conservation District Commissioner,,Ted Bromander,,0,0,0
Woodbury,44 Oto,Soil and Water Conservation District Commissioner,,Ted Bromander,,0,0,0
Woodbury,5 Liberty Elementary School,Soil and Water Conservation District Commissioner,,Ted Bromander,,5,5,0
Woodbury,6 Hunt Elementary School,Soil and Water Conservation District Commissioner,,Ted Bromander,,5,5,0
Woodbury,7 Loess Hills Elementary Schoo,Soil and Water Conservation District Commissioner,,Ted Bromander,,0,0,0
Woodbury,8 Liberty Elementary School,Soil and Water Conservation District Commissioner,,Ted Bromander,,0,0,0
Woodbury,9 Hunt Elementary School,Soil and Water Conservation District Commissioner,,Ted Bromander,,0,0,0
Woodbury,1 Riverside Elementary School,Soil and Water Conservation District Commissioner,,Write-In,,12,2,10
Woodbury,10 Loess Hills Elementary Scho,Soil and Water Conservation District Commissioner,,Write-In,,5,1,4
Woodbury,11 Liberty Elementary School,Soil and Water Conservation District Commissioner,,Write-In,,10,4,6
Woodbury,12 Perry Creek Elementary Scho,Soil and Water Conservation District Commissioner,,Write-In,,31,10,21
Woodbury,13 North Middle School,Soil and Water Conservation District Commissioner,,Write-In,,14,2,12
Woodbury,14 North Middle School,Soil and Water Conservation District Commissioner,,Write-In,,20,10,10
Woodbury,15 Leeds Elementary School,Soil and Water Conservation District Commissioner,,Write-In,,19,8,11
Woodbury,16 Unity Elementary School,Soil and Water Conservation District Commissioner,,Write-In,,10,3,7
Woodbury,17 Lawton -,Soil and Water Conservation District Commissioner,,Write-In,,29,6,23
Woodbury,18 Bryant Elementary School,Soil and Water Conservation District Commissioner,,Write-In,,21,11,10
Woodbury,19 Bryant Elementary School,Soil and Water Conservation District Commissioner,,Write-In,,24,9,15
Woodbury,2 West Middle School,Soil and Water Conservation District Commissioner,,Write-In,,13,1,12
Woodbury,20 Irving Elementary School,Soil and Water Conservation District Commissioner,,Write-In,,9,5,4
Woodbury,21 Unity Elementary School,Soil and Water Conservation District Commissioner,,Write-In,,12,4,8
Woodbury,22 Spalding Elementary School,Soil and Water Conservation District Commissioner,,Write-In,,12,4,8
Woodbury,23 Morningside Branch Library,Soil and Water Conservation District Commissioner,,Write-In,,26,12,14
Woodbury,24 Morningside Branch Library,Soil and Water Conservation District Commissioner,,Write-In,,16,2,14
Woodbury,25 East Middle School,Soil and Water Conservation District Commissioner,,Write-In,,17,2,15
Woodbury,26 Morningside Elementary Scho,Soil and Water Conservation District Commissioner,,Write-In,,31,13,18
Woodbury,27 Morningside Elementary Scho,Soil and Water Conservation District Commissioner,,Write-In,,20,8,12
Woodbury,28 East High School,Soil and Water Conservation District Commissioner,,Write-In,,33,20,13
Woodbury,29 East High School,Soil and Water Conservation District Commissioner,,Write-In,,36,25,11
Woodbury,3 Loess Hills Elementary Schoo,Soil and Water Conservation District Commissioner,,Write-In,,8,0,8
Woodbury,30 Sgt Bluff West,Soil and Water Conservation District Commissioner,,Write-In,,26,7,19
Woodbury,31 Sgt Bluff East,Soil and Water Conservation District Commissioner,,Write-In,,12,7,5
Woodbury,32 Woodbury Township,Soil and Water Conservation District Commissioner,,Write-In,,13,7,6
Woodbury,33 Salix,Soil and Water Conservation District Commissioner,,Write-In,,15,5,10
Woodbury,34 Moville,Soil and Water Conservation District Commissioner,,Write-In,,40,13,27
Woodbury,35 Pierson,Soil and Water Conservation District Commissioner,,Write-In,,8,3,5
Woodbury,36 Correctionville,Soil and Water Conservation District Commissioner,,Write-In,,11,1,10
Woodbury,37 Bronson,Soil and Water Conservation District Commissioner,,Write-In,,19,5,14
Woodbury,38 Cushing,Soil and Water Conservation District Commissioner,,Write-In,,2,0,2
Woodbury,39 Hornick,Soil and Water Conservation District Commissioner,,Write-In,,38,3,35
Woodbury,4 Hunt Elementary School,Soil and Water Conservation District Commissioner,,Write-In,,21,9,12
Woodbury,40 Anthon,Soil and Water Conservation District Commissioner,,Write-In,,19,1,18
Woodbury,41 Danbury,Soil and Water Conservation District Commissioner,,Write-In,,11,0,11
Woodbury,42 Sloan,Soil and Water Conservation District Commissioner,,Write-In,,23,3,20
Woodbury,43 Smithland,Soil and Water Conservation District Commissioner,,Write-In,,22,1,21
Woodbury,44 Oto,Soil and Water Conservation District Commissioner,,Write-In,,11,1,10
Woodbury,5 Liberty Elementary School,Soil and Water Conservation District Commissioner,,Write-In,,16,8,8
Woodbury,6 Hunt Elementary School,Soil and Water Conservation District Commissioner,,Write-In,,9,3,6
Woodbury,7 Loess Hills Elementary Schoo,Soil and Water Conservation District Commissioner,,Write-In,,7,2,5
Woodbury,8 Liberty Elementary School,Soil and Water Conservation District Commissioner,,Write-In,,9,3,6
Woodbury,9 Hunt Elementary School,Soil and Water Conservation District Commissioner,,Write-In,,4,2,2
Woodbury,1 Riverside Elementary School,State House,1,J.D. Scholten,DEM,567,295,272
Woodbury,10 Loess Hills Elementary Scho,State House,1,J.D. Scholten,DEM,234,129,105
Woodbury,11 Liberty Elementary School,State House,1,J.D. Scholten,DEM,211,106,105
Woodbury,2 West Middle School,State House,1,J.D. Scholten,DEM,628,379,249
Woodbury,3 Loess Hills Elementary Schoo,State House,1,J.D. Scholten,DEM,471,316,155
Woodbury,4 Hunt Elementary School,State House,1,J.D. Scholten,DEM,610,340,270
Woodbury,5 Liberty Elementary School,State House,1,J.D. Scholten,DEM,583,364,219
Woodbury,6 Hunt Elementary School,State House,1,J.D. Scholten,DEM,311,167,144
Woodbury,7 Loess Hills Elementary Schoo,State House,1,J.D. Scholten,DEM,492,249,243
Woodbury,8 Liberty Elementary School,State House,1,J.D. Scholten,DEM,331,161,170
Woodbury,9 Hunt Elementary School,State House,1,J.D. Scholten,DEM,177,75,102
Woodbury,1 Riverside Elementary School,State House,1,Josh Steinhoff,REP,604,211,393
Woodbury,10 Loess Hills Elementary Scho,State House,1,Josh Steinhoff,REP,201,95,106
Woodbury,11 Liberty Elementary School,State House,1,Josh Steinhoff,REP,120,57,63
Woodbury,2 West Middle School,State House,1,Josh Steinhoff,REP,749,364,385
Woodbury,3 Loess Hills Elementary Schoo,State House,1,Josh Steinhoff,REP,483,250,233
Woodbury,4 Hunt Elementary School,State House,1,Josh Steinhoff,REP,588,283,305
Woodbury,5 Liberty Elementary School,State House,1,Josh Steinhoff,REP,436,242,194
Woodbury,6 Hunt Elementary School,State House,1,Josh Steinhoff,REP,221,109,112
Woodbury,7 Loess Hills Elementary Schoo,State House,1,Josh Steinhoff,REP,334,150,184
Woodbury,8 Liberty Elementary School,State House,1,Josh Steinhoff,REP,182,73,109
Woodbury,9 Hunt Elementary School,State House,1,Josh Steinhoff,REP,99,36,63
Woodbury,1 Riverside Elementary School,State House,1,Write-In,,0,0,0
Woodbury,10 Loess Hills Elementary Scho,State House,1,Write-In,,0,0,0
Woodbury,11 Liberty Elementary School,State House,1,Write-In,,0,0,0
Woodbury,2 West Middle School,State House,1,Write-In,,2,0,2
Woodbury,3 Loess Hills Elementary Schoo,State House,1,Write-In,,3,2,1
Woodbury,4 Hunt Elementary School,State House,1,Write-In,,1,0,1
Woodbury,5 Liberty Elementary School,State House,1,Write-In,,1,0,1
Woodbury,6 Hunt Elementary School,State House,1,Write-In,,0,0,0
Woodbury,7 Loess Hills Elementary Schoo,State House,1,Write-In,,1,1,0
Woodbury,8 Liberty Elementary School,State House,1,Write-In,,3,1,2
Woodbury,9 Hunt Elementary School,State House,1,Write-In,,0,0,0
Woodbury,34 Moville,State House,13,Parker Hansen,NoP,122,29,93
Woodbury,35 Pierson,State House,13,Parker Hansen,NoP,26,5,21
Woodbury,36 Correctionville,State House,13,Parker Hansen,NoP,286,56,230
Woodbury,37 Bronson,State House,13,Parker Hansen,NoP,24,4,20
Woodbury,38 Cushing,State House,13,Parker Hansen,NoP,96,10,86
Woodbury,39 Hornick,State House,13,Parker Hansen,NoP,19,4,15
Woodbury,40 Anthon,State House,13,Parker Hansen,NoP,93,3,90
Woodbury,41 Danbury,State House,13,Parker Hansen,NoP,28,7,21
Woodbury,42 Sloan,State House,13,Parker Hansen,NoP,34,2,32
Woodbury,43 Smithland,State House,13,Parker Hansen,NoP,15,1,14
Woodbury,44 Oto,State House,13,Parker Hansen,NoP,6,1,5
Woodbury,34 Moville,State House,13,Rosanne Plante,DEM,295,117,178
Woodbury,35 Pierson,State House,13,Rosanne Plante,DEM,55,20,35
Woodbury,36 Correctionville,State House,13,Rosanne Plante,DEM,66,27,39
Woodbury,37 Bronson,State House,13,Rosanne Plante,DEM,111,47,64
Woodbury,38 Cushing,State House,13,Rosanne Plante,DEM,30,9,21
Woodbury,39 Hornick,State House,13,Rosanne Plante,DEM,66,20,46
Woodbury,40 Anthon,State House,13,Rosanne Plante,DEM,70,27,43
Woodbury,41 Danbury,State House,13,Rosanne Plante,DEM,47,12,35
Woodbury,42 Sloan,State House,13,Rosanne Plante,DEM,174,59,115
Woodbury,43 Smithland,State House,13,Rosanne Plante,DEM,31,13,18
Woodbury,44 Oto,State House,13,Rosanne Plante,DEM,19,4,15
Woodbury,34 Moville,State House,13,Travis M Sitzmann,REP,1031,266,765
Woodbury,35 Pierson,State House,13,Travis M Sitzmann,REP,217,38,179
Woodbury,36 Correctionville,State House,13,Travis M Sitzmann,REP,237,36,201
Woodbury,37 Bronson,State House,13,Travis M Sitzmann,REP,473,124,349
Woodbury,38 Cushing,State House,13,Travis M Sitzmann,REP,115,16,99
Woodbury,39 Hornick,State House,13,Travis M Sitzmann,REP,348,85,263
Woodbury,40 Anthon,State House,13,Travis M Sitzmann,REP,285,57,228
Woodbury,41 Danbury,State House,13,Travis M Sitzmann,REP,291,38,253
Woodbury,42 Sloan,State House,13,Travis M Sitzmann,REP,555,132,423
Woodbury,43 Smithland,State House,13,Travis M Sitzmann,REP,173,33,140
Woodbury,44 Oto,State House,13,Travis M Sitzmann,REP,89,14,75
Woodbury,34 Moville,State House,13,Write-In,,2,0,2
Woodbury,35 Pierson,State House,13,Write-In,,0,0,0
Woodbury,36 Correctionville,State House,13,Write-In,,0,0,0
Woodbury,37 Bronson,State House,13,Write-In,,2,1,1
Woodbury,38 Cushing,State House,13,Write-In,,1,0,1
Woodbury,39 Hornick,State House,13,Write-In,,0,0,0
Woodbury,40 Anthon,State House,13,Write-In,,0,0,0
Woodbury,41 Danbury,State House,13,Write-In,,1,0,1
Woodbury,42 Sloan,State House,13,Write-In,,1,0,1
Woodbury,43 Smithland,State House,13,Write-In,,0,0,0
Woodbury,44 Oto,State House,13,Write-In,,0,0,0
Woodbury,23 Morningside Branch Library,State House,14,Jacob Bossman,REP,772,376,396
Woodbury,24 Morningside Branch Library,State House,14,Jacob Bossman,REP,856,358,498
Woodbury,25 East Middle School,State House,14,Jacob Bossman,REP,1054,557,497
Woodbury,26 Morningside Elementary Scho,State House,14,Jacob Bossman,REP,891,383,508
Woodbury,27 Morningside Elementary Scho,State House,14,Jacob Bossman,REP,1058,477,581
Woodbury,28 East High School,State House,14,Jacob Bossman,REP,1887,1108,779
Woodbury,29 East High School,State House,14,Jacob Bossman,REP,1400,885,515
Woodbury,30 Sgt Bluff West,State House,14,Jacob Bossman,REP,1255,532,723
Woodbury,31 Sgt Bluff East,State House,14,Jacob Bossman,REP,811,335,476
Woodbury,32 Woodbury Township,State House,14,Jacob Bossman,REP,682,383,299
Woodbury,33 Salix,State House,14,Jacob Bossman,REP,450,129,321
Woodbury,23 Morningside Branch Library,State House,14,Write-In,,39,23,16
Woodbury,24 Morningside Branch Library,State House,14,Write-In,,25,14,11
Woodbury,25 East Middle School,State House,14,Write-In,,26,14,12
Woodbury,26 Morningside Elementary Scho,State House,14,Write-In,,30,16,14
Woodbury,27 Morningside Elementary Scho,State House,14,Write-In,,28,14,14
Woodbury,28 East High School,State House,14,Write-In,,51,35,16
Woodbury,29 East High School,State House,14,Write-In,,31,20,11
Woodbury,30 Sgt Bluff West,State House,14,Write-In,,25,14,11
Woodbury,31 Sgt Bluff East,State House,14,Write-In,,13,4,9
Woodbury,32 Woodbury Township,State House,14,Write-In,,7,3,4
Woodbury,33 Salix,State House,14,Write-In,,10,4,6
Woodbury,12 Perry Creek Elementary Scho,State House,2,Jessica Lopez-Walker,DEM,583,381,202
Woodbury,13 North Middle School,State House,2,Jessica Lopez-Walker,DEM,468,312,156
Woodbury,14 North Middle School,State House,2,Jessica Lopez-Walker,DEM,507,328,179
Woodbury,15 Leeds Elementary School,State House,2,Jessica Lopez-Walker,DEM,490,269,221
Woodbury,16 Unity Elementary School,State House,2,Jessica Lopez-Walker,DEM,200,107,93
Woodbury,17 Lawton -,State House,2,Jessica Lopez-Walker,DEM,290,161,129
Woodbury,18 Bryant Elementary School,State House,2,Jessica Lopez-Walker,DEM,581,366,215
Woodbury,19 Bryant Elementary School,State House,2,Jessica Lopez-Walker,DEM,486,308,178
Woodbury,20 Irving Elementary School,State House,2,Jessica Lopez-Walker,DEM,353,193,160
Woodbury,21 Unity Elementary School,State House,2,Jessica Lopez-Walker,DEM,302,187,115
Woodbury,22 Spalding Elementary School,State House,2,Jessica Lopez-Walker,DEM,353,189,164
Woodbury,12 Perry Creek Elementary Scho,State House,2,Robert Henderson,REP,1007,514,493
Woodbury,13 North Middle School,State House,2,Robert Henderson,REP,629,367,262
Woodbury,14 North Middle School,State House,2,Robert Henderson,REP,723,410,313
Woodbury,15 Leeds Elementary School,State House,2,Robert Henderson,REP,786,331,455
Woodbury,16 Unity Elementary School,State House,2,Robert Henderson,REP,303,138,165
Woodbury,17 Lawton -,State House,2,Robert Henderson,REP,1173,497,676
Woodbury,18 Bryant Elementary School,State House,2,Robert Henderson,REP,744,351,393
Woodbury,19 Bryant Elementary School,State House,2,Robert Henderson,REP,525,283,242
Woodbury,20 Irving Elementary School,State House,2,Robert Henderson,REP,223,134,89
Woodbury,21 Unity Elementary School,State House,2,Robert Henderson,REP,486,214,272
Woodbury,22 Spalding Elementary School,State House,2,Robert Henderson,REP,531,270,261
Woodbury,12 Perry Creek Elementary Scho,State House,2,Write-In,,5,2,3
Woodbury,13 North Middle School,State House,2,Write-In,,1,1,0
Woodbury,14 North Middle School,State House,2,Write-In,,2,0,2
Woodbury,15 Leeds Elementary School,State House,2,Write-In,,1,0,1
Woodbury,16 Unity Elementary School,State House,2,Write-In,,0,0,0
Woodbury,17 Lawton -,State House,2,Write-In,,1,1,0
Woodbury,18 Bryant Elementary School,State House,2,Write-In,,3,2,1
Woodbury,19 Bryant Elementary School,State House,2,Write-In,,2,2,0
Woodbury,20 Irving Elementary School,State House,2,Write-In,,0,0,0
Woodbury,21 Unity Elementary School,State House,2,Write-In,,1,0,1
Woodbury,22 Spalding Elementary School,State House,2,Write-In,,2,0,2
Woodbury,1 Riverside Elementary School,Supreme Court Justice - David May,,No,,294,133,161
Woodbury,10 Loess Hills Elementary Scho,Supreme Court Justice - David May,,No,,113,51,62
Woodbury,11 Liberty Elementary School,Supreme Court Justice - David May,,No,,103,44,59
Woodbury,12 Perry Creek Elementary Scho,Supreme Court Justice - David May,,No,,387,233,154
Woodbury,13 North Middle School,Supreme Court Justice - David May,,No,,294,185,109
Woodbury,14 North Middle School,Supreme Court Justice - David May,,No,,290,166,124
Woodbury,15 Leeds Elementary School,Supreme Court Justice - David May,,No,,330,166,164
Woodbury,16 Unity Elementary School,Supreme Court Justice - David May,,No,,130,64,66
Woodbury,17 Lawton -,Supreme Court Justice - David May,,No,,325,173,152
Woodbury,18 Bryant Elementary School,Supreme Court Justice - David May,,No,,323,172,151
Woodbury,19 Bryant Elementary School,Supreme Court Justice - David May,,No,,267,161,106
Woodbury,2 West Middle School,Supreme Court Justice - David May,,No,,312,152,160
Woodbury,20 Irving Elementary School,Supreme Court Justice - David May,,No,,161,86,75
Woodbury,21 Unity Elementary School,Supreme Court Justice - David May,,No,,216,123,93
Woodbury,22 Spalding Elementary School,Supreme Court Justice - David May,,No,,233,129,104
Woodbury,23 Morningside Branch Library,Supreme Court Justice - David May,,No,,311,178,133
Woodbury,24 Morningside Branch Library,Supreme Court Justice - David May,,No,,313,151,162
Woodbury,25 East Middle School,Supreme Court Justice - David May,,No,,368,202,166
Woodbury,26 Morningside Elementary Scho,Supreme Court Justice - David May,,No,,343,167,176
Woodbury,27 Morningside Elementary Scho,Supreme Court Justice - David May,,No,,347,168,179
Woodbury,28 East High School,Supreme Court Justice - David May,,No,,518,322,196
Woodbury,29 East High School,Supreme Court Justice - David May,,No,,363,244,119
Woodbury,3 Loess Hills Elementary Schoo,Supreme Court Justice - David May,,No,,217,125,92
Woodbury,30 Sgt Bluff West,Supreme Court Justice - David May,,No,,338,159,179
Woodbury,31 Sgt Bluff East,Supreme Court Justice - David May,,No,,182,80,102
Woodbury,32 Woodbury Township,Supreme Court Justice - David May,,No,,162,97,65
Woodbury,33 Salix,Supreme Court Justice - David May,,No,,152,53,99
Woodbury,34 Moville,Supreme Court Justice - David May,,No,,353,99,254
Woodbury,35 Pierson,Supreme Court Justice - David May,,No,,68,16,52
Woodbury,36 Correctionville,Supreme Court Justice - David May,,No,,121,24,97
Woodbury,37 Bronson,Supreme Court Justice - David May,,No,,135,52,83
Woodbury,38 Cushing,Supreme Court Justice - David May,,No,,47,8,39
Woodbury,39 Hornick,Supreme Court Justice - David May,,No,,106,21,85
Woodbury,4 Hunt Elementary School,Supreme Court Justice - David May,,No,,322,177,145
Woodbury,40 Anthon,Supreme Court Justice - David May,,No,,101,23,78
Woodbury,41 Danbury,Supreme Court Justice - David May,,No,,83,14,69
Woodbury,42 Sloan,Supreme Court Justice - David May,,No,,139,42,97
Woodbury,43 Smithland,Supreme Court Justice - David May,,No,,45,14,31
Woodbury,44 Oto,Supreme Court Justice - David May,,No,,20,4,16
Woodbury,5 Liberty Elementary School,Supreme Court Justice - David May,,No,,278,163,115
Woodbury,6 Hunt Elementary School,Supreme Court Justice - David May,,No,,136,75,61
Woodbury,7 Loess Hills Elementary Schoo,Supreme Court Justice - David May,,No,,225,96,129
Woodbury,8 Liberty Elementary School,Supreme Court Justice - David May,,No,,143,56,87
Woodbury,9 Hunt Elementary School,Supreme Court Justice - David May,,No,,63,28,35
Woodbury,1 Riverside Elementary School,Supreme Court Justice - David May,,Yes,,597,272,325
Woodbury,10 Loess Hills Elementary Scho,Supreme Court Justice - David May,,Yes,,237,133,104
Woodbury,11 Liberty Elementary School,Supreme Court Justice - David May,,Yes,,158,80,78
Woodbury,12 Perry Creek Elementary Scho,Supreme Court Justice - David May,,Yes,,869,484,385
Woodbury,13 North Middle School,Supreme Court Justice - David May,,Yes,,599,391,208
Woodbury,14 North Middle School,Supreme Court Justice - David May,,Yes,,680,435,245
Woodbury,15 Leeds Elementary School,Supreme Court Justice - David May,,Yes,,730,339,391
Woodbury,16 Unity Elementary School,Supreme Court Justice - David May,,Yes,,295,139,156
Woodbury,17 Lawton -,Supreme Court Justice - David May,,Yes,,835,363,472
Woodbury,18 Bryant Elementary School,Supreme Court Justice - David May,,Yes,,758,401,357
Woodbury,19 Bryant Elementary School,Supreme Court Justice - David May,,Yes,,587,321,266
Woodbury,2 West Middle School,Supreme Court Justice - David May,,Yes,,761,438,323
Woodbury,20 Irving Elementary School,Supreme Court Justice - David May,,Yes,,284,179,105
Woodbury,21 Unity Elementary School,Supreme Court Justice - David May,,Yes,,458,216,242
Woodbury,22 Spalding Elementary School,Supreme Court Justice - David May,,Yes,,451,240,211
Woodbury,23 Morningside Branch Library,Supreme Court Justice - David May,,Yes,,582,308,274
Woodbury,24 Morningside Branch Library,Supreme Court Justice - David May,,Yes,,637,275,362
Woodbury,25 East Middle School,Supreme Court Justice - David May,,Yes,,795,453,342
Woodbury,26 Morningside Elementary Scho,Supreme Court Justice - David May,,Yes,,636,295,341
Woodbury,27 Morningside Elementary Scho,Supreme Court Justice - David May,,Yes,,800,387,413
Woodbury,28 East High School,Supreme Court Justice - David May,,Yes,,1370,872,498
Woodbury,29 East High School,Supreme Court Justice - David May,,Yes,,1108,720,388
Woodbury,3 Loess Hills Elementary Schoo,Supreme Court Justice - David May,,Yes,,542,334,208
Woodbury,30 Sgt Bluff West,Supreme Court Justice - David May,,Yes,,895,403,492
Woodbury,31 Sgt Bluff East,Supreme Court Justice - David May,,Yes,,592,252,340
Woodbury,32 Woodbury Township,Supreme Court Justice - David May,,Yes,,444,250,194
Woodbury,33 Salix,Supreme Court Justice - David May,,Yes,,302,90,212
Woodbury,34 Moville,Supreme Court Justice - David May,,Yes,,812,218,594
Woodbury,35 Pierson,Supreme Court Justice - David May,,Yes,,179,32,147
Woodbury,36 Correctionville,Supreme Court Justice - David May,,Yes,,311,57,254
Woodbury,37 Bronson,Supreme Court Justice - David May,,Yes,,345,74,271
Woodbury,38 Cushing,Supreme Court Justice - David May,,Yes,,136,16,120
Woodbury,39 Hornick,Supreme Court Justice - David May,,Yes,,249,70,179
Woodbury,4 Hunt Elementary School,Supreme Court Justice - David May,,Yes,,553,317,236
Woodbury,40 Anthon,Supreme Court Justice - David May,,Yes,,262,54,208
Woodbury,41 Danbury,Supreme Court Justice - David May,,Yes,,228,34,194
Woodbury,42 Sloan,Supreme Court Justice - David May,,Yes,,479,116,363
Woodbury,43 Smithland,Supreme Court Justice - David May,,Yes,,122,24,98
Woodbury,44 Oto,Supreme Court Justice - David May,,Yes,,53,12,41
Woodbury,5 Liberty Elementary School,Supreme Court Justice - David May,,Yes,,516,308,208
Woodbury,6 Hunt Elementary School,Supreme Court Justice - David May,,Yes,,282,152,130
Woodbury,7 Loess Hills Elementary Schoo,Supreme Court Justice - David May,,Yes,,462,237,225
Woodbury,8 Liberty Elementary School,Supreme Court Justice - David May,,Yes,,295,137,158
Woodbury,9 Hunt Elementary School,Supreme Court Justice - David May,,Yes,,145,61,84
Woodbury,1 Riverside Elementary School,U.S. House,4,Randy Feenstra,REP,658,244,414
Woodbury,10 Loess Hills Elementary Scho,U.S. House,4,Randy Feenstra,REP,214,99,115
Woodbury,11 Liberty Elementary School,U.S. House,4,Randy Feenstra,REP,130,65,65
Woodbury,12 Perry Creek Elementary Scho,U.S. House,4,Randy Feenstra,REP,1004,517,487
Woodbury,13 North Middle School,U.S. House,4,Randy Feenstra,REP,631,366,265
Woodbury,14 North Middle School,U.S. House,4,Randy Feenstra,REP,763,441,322
Woodbury,15 Leeds Elementary School,U.S. House,4,Randy Feenstra,REP,793,323,470
Woodbury,16 Unity Elementary School,U.S. House,4,Randy Feenstra,REP,300,137,163
Woodbury,17 Lawton -,U.S. House,4,Randy Feenstra,REP,1169,490,679
Woodbury,18 Bryant Elementary School,U.S. House,4,Randy Feenstra,REP,757,361,396
Woodbury,19 Bryant Elementary School,U.S. House,4,Randy Feenstra,REP,543,285,258
Woodbury,2 West Middle School,U.S. House,4,Randy Feenstra,REP,821,414,407
Woodbury,20 Irving Elementary School,U.S. House,4,Randy Feenstra,REP,240,143,97
Woodbury,21 Unity Elementary School,U.S. House,4,Randy Feenstra,REP,510,226,284
Woodbury,22 Spalding Elementary School,U.S. House,4,Randy Feenstra,REP,516,263,253
Woodbury,23 Morningside Branch Library,U.S. House,4,Randy Feenstra,REP,620,305,315
Woodbury,24 Morningside Branch Library,U.S. House,4,Randy Feenstra,REP,703,294,409
Woodbury,25 East Middle School,U.S. House,4,Randy Feenstra,REP,904,480,424
Woodbury,26 Morningside Elementary Scho,U.S. House,4,Randy Feenstra,REP,743,321,422
Woodbury,27 Morningside Elementary Scho,U.S. House,4,Randy Feenstra,REP,904,422,482
Woodbury,28 East High School,U.S. House,4,Randy Feenstra,REP,1652,984,668
Woodbury,29 East High School,U.S. House,4,Randy Feenstra,REP,1219,771,448
Woodbury,3 Loess Hills Elementary Schoo,U.S. House,4,Randy Feenstra,REP,548,287,261
Woodbury,30 Sgt Bluff West,U.S. House,4,Randy Feenstra,REP,1078,440,638
Woodbury,31 Sgt Bluff East,U.S. House,4,Randy Feenstra,REP,710,284,426
Woodbury,32 Woodbury Township,U.S. House,4,Randy Feenstra,REP,660,381,279
Woodbury,33 Salix,U.S. House,4,Randy Feenstra,REP,405,117,288
Woodbury,34 Moville,U.S. House,4,Randy Feenstra,REP,1131,279,852
Woodbury,35 Pierson,U.S. House,4,Randy Feenstra,REP,233,39,194
Woodbury,36 Correctionville,U.S. House,4,Randy Feenstra,REP,447,66,381
Woodbury,37 Bronson,U.S. House,4,Randy Feenstra,REP,494,125,369
Woodbury,38 Cushing,U.S. House,4,Randy Feenstra,REP,193,23,170
Woodbury,39 Hornick,U.S. House,4,Randy Feenstra,REP,358,85,273
Woodbury,4 Hunt Elementary School,U.S. House,4,Randy Feenstra,REP,650,322,328
Woodbury,40 Anthon,U.S. House,4,Randy Feenstra,REP,371,65,306
Woodbury,41 Danbury,U.S. House,4,Randy Feenstra,REP,313,42,271
Woodbury,42 Sloan,U.S. House,4,Randy Feenstra,REP,581,131,450
Woodbury,43 Smithland,U.S. House,4,Randy Feenstra,REP,198,34,164
Woodbury,44 Oto,U.S. House,4,Randy Feenstra,REP,97,16,81
Woodbury,5 Liberty Elementary School,U.S. House,4,Randy Feenstra,REP,474,262,212
Woodbury,6 Hunt Elementary School,U.S. House,4,Randy Feenstra,REP,226,121,105
Woodbury,7 Loess Hills Elementary Schoo,U.S. House,4,Randy Feenstra,REP,364,175,189
Woodbury,8 Liberty Elementary School,U.S. House,4,Randy Feenstra,REP,202,78,124
Woodbury,9 Hunt Elementary School,U.S. House,4,Randy Feenstra,REP,112,38,74
Woodbury,1 Riverside Elementary School,U.S. House,4,Ryan Melton,DEM,499,260,239
Woodbury,10 Loess Hills Elementary Scho,U.S. House,4,Ryan Melton,DEM,212,121,91
Woodbury,11 Liberty Elementary School,U.S. House,4,Ryan Melton,DEM,199,103,96
Woodbury,12 Perry Creek Elementary Scho,U.S. House,4,Ryan Melton,DEM,583,380,203
Woodbury,13 North Middle School,U.S. House,4,Ryan Melton,DEM,474,319,155
Woodbury,14 North Middle School,U.S. House,4,Ryan Melton,DEM,498,316,182
Woodbury,15 Leeds Elementary School,U.S. House,4,Ryan Melton,DEM,487,274,213
Woodbury,16 Unity Elementary School,U.S. House,4,Ryan Melton,DEM,206,112,94
Woodbury,17 Lawton -,U.S. House,4,Ryan Melton,DEM,298,172,126
Woodbury,18 Bryant Elementary School,U.S. House,4,Ryan Melton,DEM,587,373,214
Woodbury,19 Bryant Elementary School,U.S. House,4,Ryan Melton,DEM,474,308,166
Woodbury,2 West Middle School,U.S. House,4,Ryan Melton,DEM,558,327,231
Woodbury,20 Irving Elementary School,U.S. House,4,Ryan Melton,DEM,339,195,144
Woodbury,21 Unity Elementary School,U.S. House,4,Ryan Melton,DEM,299,189,110
Woodbury,22 Spalding Elementary School,U.S. House,4,Ryan Melton,DEM,370,198,172
Woodbury,23 Morningside Branch Library,U.S. House,4,Ryan Melton,DEM,483,279,204
Woodbury,24 Morningside Branch Library,U.S. House,4,Ryan Melton,DEM,459,231,228
Woodbury,25 East Middle School,U.S. House,4,Ryan Melton,DEM,573,367,206
Woodbury,26 Morningside Elementary Scho,U.S. House,4,Ryan Melton,DEM,472,270,202
Woodbury,27 Morningside Elementary Scho,U.S. House,4,Ryan Melton,DEM,499,253,246
Woodbury,28 East High School,U.S. House,4,Ryan Melton,DEM,752,517,235
Woodbury,29 East High School,U.S. House,4,Ryan Melton,DEM,645,470,175
Woodbury,3 Loess Hills Elementary Schoo,U.S. House,4,Ryan Melton,DEM,412,282,130
Woodbury,30 Sgt Bluff West,U.S. House,4,Ryan Melton,DEM,486,266,220
Woodbury,31 Sgt Bluff East,U.S. House,4,Ryan Melton,DEM,276,145,131
Woodbury,32 Woodbury Township,U.S. House,4,Ryan Melton,DEM,181,110,71
Woodbury,33 Salix,U.S. House,4,Ryan Melton,DEM,151,66,85
Woodbury,34 Moville,U.S. House,4,Ryan Melton,DEM,345,142,203
Woodbury,35 Pierson,U.S. House,4,Ryan Melton,DEM,67,24,43
Woodbury,36 Correctionville,U.S. House,4,Ryan Melton,DEM,132,54,78
Woodbury,37 Bronson,U.S. House,4,Ryan Melton,DEM,124,49,75
Woodbury,38 Cushing,U.S. House,4,Ryan Melton,DEM,41,10,31
Woodbury,39 Hornick,U.S. House,4,Ryan Melton,DEM,74,23,51
Woodbury,4 Hunt Elementary School,U.S. House,4,Ryan Melton,DEM,531,303,228
Woodbury,40 Anthon,U.S. House,4,Ryan Melton,DEM,85,28,57
Woodbury,41 Danbury,U.S. House,4,Ryan Melton,DEM,56,17,39
Woodbury,42 Sloan,U.S. House,4,Ryan Melton,DEM,186,63,123
Woodbury,43 Smithland,U.S. House,4,Ryan Melton,DEM,37,15,22
Woodbury,44 Oto,U.S. House,4,Ryan Melton,DEM,19,4,15
Woodbury,5 Liberty Elementary School,U.S. House,4,Ryan Melton,DEM,546,349,197
Woodbury,6 Hunt Elementary School,U.S. House,4,Ryan Melton,DEM,288,154,134
Woodbury,7 Loess Hills Elementary Schoo,U.S. House,4,Ryan Melton,DEM,462,228,234
Woodbury,8 Liberty Elementary School,U.S. House,4,Ryan Melton,DEM,304,149,155
Woodbury,9 Hunt Elementary School,U.S. House,4,Ryan Melton,DEM,159,71,88
Woodbury,1 Riverside Elementary School,U.S. House,4,Write-In,,0,0,0
Woodbury,10 Loess Hills Elementary Scho,U.S. House,4,Write-In,,0,0,0
Woodbury,11 Liberty Elementary School,U.S. House,4,Write-In,,0,0,0
Woodbury,12 Perry Creek Elementary Scho,U.S. House,4,Write-In,,2,2,0
Woodbury,13 North Middle School,U.S. House,4,Write-In,,6,4,2
Woodbury,14 North Middle School,U.S. House,4,Write-In,,2,1,1
Woodbury,15 Leeds Elementary School,U.S. House,4,Write-In,,4,2,2
Woodbury,16 Unity Elementary School,U.S. House,4,Write-In,,1,0,1
Woodbury,17 Lawton -,U.S. House,4,Write-In,,12,5,7
Woodbury,18 Bryant Elementary School,U.S. House,4,Write-In,,2,1,1
Woodbury,19 Bryant Elementary School,U.S. House,4,Write-In,,2,2,0
Woodbury,2 West Middle School,U.S. House,4,Write-In,,4,2,2
Woodbury,20 Irving Elementary School,U.S. House,4,Write-In,,1,0,1
Woodbury,21 Unity Elementary School,U.S. House,4,Write-In,,1,1,0
Woodbury,22 Spalding Elementary School,U.S. House,4,Write-In,,6,3,3
Woodbury,23 Morningside Branch Library,U.S. House,4,Write-In,,5,1,4
Woodbury,24 Morningside Branch Library,U.S. House,4,Write-In,,11,2,9
Woodbury,25 East Middle School,U.S. House,4,Write-In,,4,0,4
Woodbury,26 Morningside Elementary Scho,U.S. House,4,Write-In,,1,0,1
Woodbury,27 Morningside Elementary Scho,U.S. House,4,Write-In,,3,1,2
Woodbury,28 East High School,U.S. House,4,Write-In,,11,7,4
Woodbury,29 East High School,U.S. House,4,Write-In,,2,1,1
Woodbury,3 Loess Hills Elementary Schoo,U.S. House,4,Write-In,,2,1,1
Woodbury,30 Sgt Bluff West,U.S. House,4,Write-In,,1,0,1
Woodbury,31 Sgt Bluff East,U.S. House,4,Write-In,,1,1,0
Woodbury,32 Woodbury Township,U.S. House,4,Write-In,,0,0,0
Woodbury,33 Salix,U.S. House,4,Write-In,,6,0,6
Woodbury,34 Moville,U.S. House,4,Write-In,,5,0,5
Woodbury,35 Pierson,U.S. House,4,Write-In,,1,0,1
Woodbury,36 Correctionville,U.S. House,4,Write-In,,0,0,0
Woodbury,37 Bronson,U.S. House,4,Write-In,,1,0,1
Woodbury,38 Cushing,U.S. House,4,Write-In,,0,0,0
Woodbury,39 Hornick,U.S. House,4,Write-In,,1,0,1
Woodbury,4 Hunt Elementary School,U.S. House,4,Write-In,,4,2,2
Woodbury,40 Anthon,U.S. House,4,Write-In,,0,0,0
Woodbury,41 Danbury,U.S. House,4,Write-In,,0,0,0
Woodbury,42 Sloan,U.S. House,4,Write-In,,3,0,3
Woodbury,43 Smithland,U.S. House,4,Write-In,,0,0,0
Woodbury,44 Oto,U.S. House,4,Write-In,,0,0,0
Woodbury,5 Liberty Elementary School,U.S. House,4,Write-In,,1,0,1
Woodbury,6 Hunt Elementary School,U.S. House,4,Write-In,,1,1,0
Woodbury,7 Loess Hills Elementary Schoo,U.S. House,4,Write-In,,1,0,1
Woodbury,8 Liberty Elementary School,U.S. House,4,Write-In,,4,1,3
Woodbury,9 Hunt Elementary School,U.S. House,4,Write-In,,0,0,0
Woodbury,36 Correctionville,Union Township Trustee,,Gary Hoppe,,111,21,90
Woodbury,36 Correctionville,Union Township Trustee,,Roy D. Linn,,91,15,76
Woodbury,36 Correctionville,Union Township Trustee,,Write-In,,1,1,0
Woodbury,39 Hornick,Westfork Township Trustee,,Charles John Schleis,,112,41,71
Woodbury,39 Hornick,Westfork Township Trustee,,Linda K. Baird,,129,51,78
Woodbury,39 Hornick,Westfork Township Trustee,,Write-In,,5,2,3
Woodbury,33 Salix,Westwood School - Public Measure WC,,No,,194,58,136
Woodbury,37 Bronson,Westwood School - Public Measure WC,,No,,3,3,0
Woodbury,39 Hornick,Westwood School - Public Measure WC,,No,,158,27,131
Woodbury,40 Anthon,Westwood School - Public Measure WC,,No,,1,1,0
Woodbury,42 Sloan,Westwood School - Public Measure WC,,No,,315,89,226
Woodbury,43 Smithland,Westwood School - Public Measure WC,,No,,128,29,99
Woodbury,44 Oto,Westwood School - Public Measure WC,,No,,6,0,6
Woodbury,33 Salix,Westwood School - Public Measure WC,,Yes,,245,79,166
Woodbury,37 Bronson,Westwood School - Public Measure WC,,Yes,,0,0,0
Woodbury,39 Hornick,Westwood School - Public Measure WC,,Yes,,106,21,85
Woodbury,40 Anthon,Westwood School - Public Measure WC,,Yes,,1,0,1
Woodbury,42 Sloan,Westwood School - Public Measure WC,,Yes,,434,100,334
Woodbury,43 Smithland,Westwood School - Public Measure WC,,Yes,,80,17,63
Woodbury,44 Oto,Westwood School - Public Measure WC,,Yes,,4,1,3
Woodbury,39 Hornick,Willow Township Trustee,,Glen Thompson,,87,14,73
Woodbury,39 Hornick,Willow Township Trustee,,Vickie L. Sieger,,91,16,75
Woodbury,39 Hornick,Willow Township Trustee,,Write-In,,9,0,9
Woodbury,34 Moville,Wolf Creek Township Clerk To Fill a Vacancy,,Shona Klingensmith,,3,0,3
Woodbury,34 Moville,Wolf Creek Township Clerk To Fill a Vacancy,,Write-In,,6,3,3
Woodbury,34 Moville,Wolf Creek Township Trustee,,Anthony Ashley,,3,0,3
Woodbury,34 Moville,Wolf Creek Township Trustee,,John Wilcox,,7,0,7
Woodbury,34 Moville,Wolf Creek Township Trustee,,Write-In,,20,12,8
Woodbury,28 East High School,Woodbury Township Clerk To Fill a Vacancy,,Tina Kilpatrick,,22,18,4
Woodbury,29 East High School,Woodbury Township Clerk To Fill a Vacancy,,Tina Kilpatrick,,0,0,0
Woodbury,32 Woodbury Township,Woodbury Township Clerk To Fill a Vacancy,,Tina Kilpatrick,,478,266,212
Woodbury,28 East High School,Woodbury Township Clerk To Fill a Vacancy,,Write-In,,0,0,0
Woodbury,29 East High School,Woodbury Township Clerk To Fill a Vacancy,,Write-In,,0,0,0
Woodbury,32 Woodbury Township,Woodbury Township Clerk To Fill a Vacancy,,Write-In,,2,0,2
Woodbury,28 East High School,Woodbury Township Trustee,,Roxann Beacom,,21,17,4
Woodbury,29 East High School,Woodbury Township Trustee,,Roxann Beacom,,0,0,0
Woodbury,32 Woodbury Township,Woodbury Township Trustee,,Roxann Beacom,,393,229,164
Woodbury,28 East High School,Woodbury Township Trustee,,Sherry Holder,,14,12,2
Woodbury,29 East High School,Woodbury Township Trustee,,Sherry Holder,,0,0,0
Woodbury,32 Woodbury Township,Woodbury Township Trustee,,Sherry Holder,,399,218,181
Woodbury,28 East High School,Woodbury Township Trustee,,Write-In,,0,0,0
Woodbury,29 East High School,Woodbury Township Trustee,,Write-In,,0,0,0
Woodbury,32 Woodbury Township,Woodbury Township Trustee,,Write-In,,3,1,2
