county,precinct,office,district,candidate,party,votes,absentee,election_day
Black Hawk,Barclay/Benn/Lester/Dunkerton,Barclay Township Trustee,,Ralph Kraus,,9,1,8
Black Hawk,Barclay/Benn/Lester/Dunkerton,Barclay Township Trustee,,Ryan N. Weber,,221,82,139
Black Hawk,Barclay/Benn/Lester/Dunkerton,Barclay Township Trustee,,Write-In,,7,3,4
Black Hawk,Barclay/Benn/Lester/Dunkerton,Bennington Township Trustee,,Marlyn Hull,,189,58,131
Black Hawk,Barclay/Benn/Lester/Dunkerton,Bennington Township Trustee,,Richard Haight,,198,62,136
Black Hawk,Barclay/Benn/Lester/Dunkerton,Bennington Township Trustee,,Write-In,,1,0,1
Black Hawk,Barclay/Benn/Lester/Dunkerton,Bennington Township Trustee To Fill a Vacancy,,Maynard B. Murch,,229,70,159
Black Hawk,Barclay/Benn/Lester/Dunkerton,Bennington Township Trustee To Fill a Vacancy,,Write-In,,0,0,0
Black Hawk,Big Creek/Spring Creek/LPC,Big Creek Township Trustee,,Gary Wilt,,115,45,70
Black Hawk,Big Creek/Spring Creek/LPC,Big Creek Township Trustee,,Michael Werner,,118,42,76
Black Hawk,Big Creek/Spring Creek/LPC,Big Creek Township Trustee,,Write-In,,1,0,1
Black Hawk,Big Creek/Spring Creek/LPC,Big Creek Township Trustee To Fill a Vacancy,,David Breher,,2,0,2
Black Hawk,Big Creek/Spring Creek/LPC,Big Creek Township Trustee To Fill a Vacancy,,Write-In,,0,0,0
Black Hawk,Black Hawk/Cedar Falls/Lincoln,Black Hawk Township Trustee,,Jeffrey K. Witt,,190,67,123
Black Hawk,Black Hawk/Cedar Falls/Lincoln,Black Hawk Township Trustee,,Stephen Moseley,,181,72,109
Black Hawk,Black Hawk/Cedar Falls/Lincoln,Black Hawk Township Trustee,,Write-In,,0,0,0
Black Hawk,Black Hawk/Cedar Falls/Lincoln,Cedar Falls Township Trustee,,Christina L. Isley,,118,52,66
Black Hawk,CF 2-3,Cedar Falls Township Trustee,,Christina L. Isley,,0,0,0
Black Hawk,Black Hawk/Cedar Falls/Lincoln,Cedar Falls Township Trustee,,Gary Witcombe,,99,48,51
Black Hawk,CF 2-3,Cedar Falls Township Trustee,,Gary Witcombe,,0,0,0
Black Hawk,Black Hawk/Cedar Falls/Lincoln,Cedar Falls Township Trustee,,Write-In,,1,1,0
Black Hawk,CF 2-3,Cedar Falls Township Trustee,,Write-In,,0,0,0
Black Hawk,Cedar/Poyner2/Gilbertville,Cedar Township Trustee,,Linda K. Mahood,,475,207,268
Black Hawk,Cedar/Poyner2/Gilbertville,Cedar Township Trustee,,Steven L. Rosauer,,485,206,279
Black Hawk,Cedar/Poyner2/Gilbertville,Cedar Township Trustee,,Write-In,,12,5,7
Black Hawk,Cedar/Poyner2/Gilbertville,Cedar Township Trustee To Fill a Vacancy,,Mark Nagle,,11,3,8
Black Hawk,Cedar/Poyner2/Gilbertville,Cedar Township Trustee To Fill a Vacancy,,Write-In,,20,7,13
Black Hawk,Barclay/Benn/Lester/Dunkerton,Constitutional Amendment 1,,No,,235,51,184
Black Hawk,Big Creek/Spring Creek/LPC,Constitutional Amendment 1,,No,,321,91,230
Black Hawk,Black Hawk/Cedar Falls/Lincoln,Constitutional Amendment 1,,No,,130,40,90
Black Hawk,CF 1-1,Constitutional Amendment 1,,No,,172,45,127
Black Hawk,CF 1-2,Constitutional Amendment 1,,No,,461,180,281
Black Hawk,CF 1-3,Constitutional Amendment 1,,No,,384,158,226
Black Hawk,CF 2-1,Constitutional Amendment 1,,No,,126,15,111
Black Hawk,CF 2-2,Constitutional Amendment 1,,No,,340,123,217
Black Hawk,CF 2-3,Constitutional Amendment 1,,No,,361,123,238
Black Hawk,CF 3-1,Constitutional Amendment 1,,No,,392,177,215
Black Hawk,CF 3-2,Constitutional Amendment 1,,No,,369,153,216
Black Hawk,CF 3-3,Constitutional Amendment 1,,No,,323,113,210
Black Hawk,CF 4-1,Constitutional Amendment 1,,No,,306,71,235
Black Hawk,CF 4-2,Constitutional Amendment 1,,No,,361,126,235
Black Hawk,CF 4-3,Constitutional Amendment 1,,No,,311,130,181
Black Hawk,CF 5-1,Constitutional Amendment 1,,No,,371,142,229
Black Hawk,CF 5-2,Constitutional Amendment 1,,No,,349,138,211
Black Hawk,CF 5-3,Constitutional Amendment 1,,No,,376,234,142
Black Hawk,Cedar/Poyner2/Gilbertville,Constitutional Amendment 1,,No,,311,110,201
Black Hawk,Eagle/Orange,Constitutional Amendment 1,,No,,91,41,50
Black Hawk,Elk Run Heights,Constitutional Amendment 1,,No,,116,25,91
Black Hawk,Evansdale Ward 1,Constitutional Amendment 1,,No,,89,20,69
Black Hawk,Evansdale Ward 2,Constitutional Amendment 1,,No,,98,20,78
Black Hawk,Evansdale Ward 3,Constitutional Amendment 1,,No,,85,16,69
Black Hawk,Evansdale Ward 4,Constitutional Amendment 1,,No,,115,35,80
Black Hawk,Hudson,Constitutional Amendment 1,,No,,345,100,245
Black Hawk,Mt. Vernon,Constitutional Amendment 1,,No,,120,46,74
Black Hawk,Poyner1/EWL/Raymond/Fox/Jesup,Constitutional Amendment 1,,No,,241,87,154
Black Hawk,Union/Washington/Janesville,Constitutional Amendment 1,,No,,192,74,118
Black Hawk,WL 1-1,Constitutional Amendment 1,,No,,158,64,94
Black Hawk,WL 1-2,Constitutional Amendment 1,,No,,231,101,130
Black Hawk,WL 1-3,Constitutional Amendment 1,,No,,158,50,108
Black Hawk,WL 1-4,Constitutional Amendment 1,,No,,245,101,144
Black Hawk,WL 1-5,Constitutional Amendment 1,,No,,162,59,103
Black Hawk,WL 1-6,Constitutional Amendment 1,,No,,384,196,188
Black Hawk,WL 2-1,Constitutional Amendment 1,,No,,253,136,117
Black Hawk,WL 2-2,Constitutional Amendment 1,,No,,153,56,97
Black Hawk,WL 2-3,Constitutional Amendment 1,,No,,181,66,115
Black Hawk,WL 2-4,Constitutional Amendment 1,,No,,174,81,93
Black Hawk,WL 2-5,Constitutional Amendment 1,,No,,162,60,102
Black Hawk,WL 2-6,Constitutional Amendment 1,,No,,134,56,78
Black Hawk,WL 3-1,Constitutional Amendment 1,,No,,221,104,117
Black Hawk,WL 3-2,Constitutional Amendment 1,,No,,141,53,88
Black Hawk,WL 3-3,Constitutional Amendment 1,,No,,117,31,86
Black Hawk,WL 3-4,Constitutional Amendment 1,,No,,102,33,69
Black Hawk,WL 3-5,Constitutional Amendment 1,,No,,241,72,169
Black Hawk,WL 3-6,Constitutional Amendment 1,,No,,119,47,72
Black Hawk,WL 4-1,Constitutional Amendment 1,,No,,115,42,73
Black Hawk,WL 4-2,Constitutional Amendment 1,,No,,103,50,53
Black Hawk,WL 4-3,Constitutional Amendment 1,,No,,68,36,32
Black Hawk,WL 4-4,Constitutional Amendment 1,,No,,103,42,61
Black Hawk,WL 4-5,Constitutional Amendment 1,,No,,93,40,53
Black Hawk,WL 4-6,Constitutional Amendment 1,,No,,103,39,64
Black Hawk,WL 5-1,Constitutional Amendment 1,,No,,55,21,34
Black Hawk,WL 5-2,Constitutional Amendment 1,,No,,171,47,124
Black Hawk,WL 5-3,Constitutional Amendment 1,,No,,141,46,95
Black Hawk,WL 5-4,Constitutional Amendment 1,,No,,204,76,128
Black Hawk,WL 5-5,Constitutional Amendment 1,,No,,290,124,166
Black Hawk,WL 5-6,Constitutional Amendment 1,,No,,180,89,91
Black Hawk,Barclay/Benn/Lester/Dunkerton,Constitutional Amendment 1,,Yes,,998,259,739
Black Hawk,Big Creek/Spring Creek/LPC,Constitutional Amendment 1,,Yes,,1168,352,816
Black Hawk,Black Hawk/Cedar Falls/Lincoln,Constitutional Amendment 1,,Yes,,474,217,257
Black Hawk,CF 1-1,Constitutional Amendment 1,,Yes,,672,181,491
Black Hawk,CF 1-2,Constitutional Amendment 1,,Yes,,1115,420,695
Black Hawk,CF 1-3,Constitutional Amendment 1,,Yes,,833,348,485
Black Hawk,CF 2-1,Constitutional Amendment 1,,Yes,,473,145,328
Black Hawk,CF 2-2,Constitutional Amendment 1,,Yes,,1068,421,647
Black Hawk,CF 2-3,Constitutional Amendment 1,,Yes,,1125,425,700
Black Hawk,CF 3-1,Constitutional Amendment 1,,Yes,,1058,443,615
Black Hawk,CF 3-2,Constitutional Amendment 1,,Yes,,1085,516,569
Black Hawk,CF 3-3,Constitutional Amendment 1,,Yes,,1053,405,648
Black Hawk,CF 4-1,Constitutional Amendment 1,,Yes,,669,206,463
Black Hawk,CF 4-2,Constitutional Amendment 1,,Yes,,926,374,552
Black Hawk,CF 4-3,Constitutional Amendment 1,,Yes,,973,403,570
Black Hawk,CF 5-1,Constitutional Amendment 1,,Yes,,1136,461,675
Black Hawk,CF 5-2,Constitutional Amendment 1,,Yes,,1163,510,653
Black Hawk,CF 5-3,Constitutional Amendment 1,,Yes,,1366,860,506
Black Hawk,Cedar/Poyner2/Gilbertville,Constitutional Amendment 1,,Yes,,1129,410,719
Black Hawk,Eagle/Orange,Constitutional Amendment 1,,Yes,,411,154,257
Black Hawk,Elk Run Heights,Constitutional Amendment 1,,Yes,,435,102,333
Black Hawk,Evansdale Ward 1,Constitutional Amendment 1,,Yes,,405,123,282
Black Hawk,Evansdale Ward 2,Constitutional Amendment 1,,Yes,,358,119,239
Black Hawk,Evansdale Ward 3,Constitutional Amendment 1,,Yes,,427,115,312
Black Hawk,Evansdale Ward 4,Constitutional Amendment 1,,Yes,,365,114,251
Black Hawk,Hudson,Constitutional Amendment 1,,Yes,,1160,372,788
Black Hawk,Mt. Vernon,Constitutional Amendment 1,,Yes,,456,203,253
Black Hawk,Poyner1/EWL/Raymond/Fox/Jesup,Constitutional Amendment 1,,Yes,,1004,376,628
Black Hawk,Union/Washington/Janesville,Constitutional Amendment 1,,Yes,,800,288,512
Black Hawk,WL 1-1,Constitutional Amendment 1,,Yes,,523,251,272
Black Hawk,WL 1-2,Constitutional Amendment 1,,Yes,,775,370,405
Black Hawk,WL 1-3,Constitutional Amendment 1,,Yes,,573,203,370
Black Hawk,WL 1-4,Constitutional Amendment 1,,Yes,,1026,474,552
Black Hawk,WL 1-5,Constitutional Amendment 1,,Yes,,545,226,319
Black Hawk,WL 1-6,Constitutional Amendment 1,,Yes,,1347,725,622
Black Hawk,WL 2-1,Constitutional Amendment 1,,Yes,,1072,578,494
Black Hawk,WL 2-2,Constitutional Amendment 1,,Yes,,604,250,354
Black Hawk,WL 2-3,Constitutional Amendment 1,,Yes,,726,298,428
Black Hawk,WL 2-4,Constitutional Amendment 1,,Yes,,748,341,407
Black Hawk,WL 2-5,Constitutional Amendment 1,,Yes,,663,288,375
Black Hawk,WL 2-6,Constitutional Amendment 1,,Yes,,553,229,324
Black Hawk,WL 3-1,Constitutional Amendment 1,,Yes,,774,391,383
Black Hawk,WL 3-2,Constitutional Amendment 1,,Yes,,508,225,283
Black Hawk,WL 3-3,Constitutional Amendment 1,,Yes,,563,203,360
Black Hawk,WL 3-4,Constitutional Amendment 1,,Yes,,474,166,308
Black Hawk,WL 3-5,Constitutional Amendment 1,,Yes,,762,242,520
Black Hawk,WL 3-6,Constitutional Amendment 1,,Yes,,388,190,198
Black Hawk,WL 4-1,Constitutional Amendment 1,,Yes,,587,251,336
Black Hawk,WL 4-2,Constitutional Amendment 1,,Yes,,423,223,200
Black Hawk,WL 4-3,Constitutional Amendment 1,,Yes,,387,174,213
Black Hawk,WL 4-4,Constitutional Amendment 1,,Yes,,522,193,329
Black Hawk,WL 4-5,Constitutional Amendment 1,,Yes,,316,135,181
Black Hawk,WL 4-6,Constitutional Amendment 1,,Yes,,574,204,370
Black Hawk,WL 5-1,Constitutional Amendment 1,,Yes,,251,102,149
Black Hawk,WL 5-2,Constitutional Amendment 1,,Yes,,622,201,421
Black Hawk,WL 5-3,Constitutional Amendment 1,,Yes,,509,205,304
Black Hawk,WL 5-4,Constitutional Amendment 1,,Yes,,710,347,363
Black Hawk,WL 5-5,Constitutional Amendment 1,,Yes,,938,381,557
Black Hawk,WL 5-6,Constitutional Amendment 1,,Yes,,749,393,356
Black Hawk,Barclay/Benn/Lester/Dunkerton,Constitutional Amendment 2,,No,,175,51,124
Black Hawk,Big Creek/Spring Creek/LPC,Constitutional Amendment 2,,No,,255,91,164
Black Hawk,Black Hawk/Cedar Falls/Lincoln,Constitutional Amendment 2,,No,,96,41,55
Black Hawk,CF 1-1,Constitutional Amendment 2,,No,,163,47,116
Black Hawk,CF 1-2,Constitutional Amendment 2,,No,,421,161,260
Black Hawk,CF 1-3,Constitutional Amendment 2,,No,,360,161,199
Black Hawk,CF 2-1,Constitutional Amendment 2,,No,,110,14,96
Black Hawk,CF 2-2,Constitutional Amendment 2,,No,,279,110,169
Black Hawk,CF 2-3,Constitutional Amendment 2,,No,,307,122,185
Black Hawk,CF 3-1,Constitutional Amendment 2,,No,,334,155,179
Black Hawk,CF 3-2,Constitutional Amendment 2,,No,,269,121,148
Black Hawk,CF 3-3,Constitutional Amendment 2,,No,,274,105,169
Black Hawk,CF 4-1,Constitutional Amendment 2,,No,,263,53,210
Black Hawk,CF 4-2,Constitutional Amendment 2,,No,,323,121,202
Black Hawk,CF 4-3,Constitutional Amendment 2,,No,,293,143,150
Black Hawk,CF 5-1,Constitutional Amendment 2,,No,,344,128,216
Black Hawk,CF 5-2,Constitutional Amendment 2,,No,,306,131,175
Black Hawk,CF 5-3,Constitutional Amendment 2,,No,,301,189,112
Black Hawk,Cedar/Poyner2/Gilbertville,Constitutional Amendment 2,,No,,234,79,155
Black Hawk,Eagle/Orange,Constitutional Amendment 2,,No,,52,25,27
Black Hawk,Elk Run Heights,Constitutional Amendment 2,,No,,97,20,77
Black Hawk,Evansdale Ward 1,Constitutional Amendment 2,,No,,90,26,64
Black Hawk,Evansdale Ward 2,Constitutional Amendment 2,,No,,90,34,56
Black Hawk,Evansdale Ward 3,Constitutional Amendment 2,,No,,76,23,53
Black Hawk,Evansdale Ward 4,Constitutional Amendment 2,,No,,103,27,76
Black Hawk,Hudson,Constitutional Amendment 2,,No,,227,85,142
Black Hawk,Mt. Vernon,Constitutional Amendment 2,,No,,85,40,45
Black Hawk,Poyner1/EWL/Raymond/Fox/Jesup,Constitutional Amendment 2,,No,,199,100,99
Black Hawk,Union/Washington/Janesville,Constitutional Amendment 2,,No,,172,70,102
Black Hawk,WL 1-1,Constitutional Amendment 2,,No,,124,57,67
Black Hawk,WL 1-2,Constitutional Amendment 2,,No,,210,106,104
Black Hawk,WL 1-3,Constitutional Amendment 2,,No,,191,62,129
Black Hawk,WL 1-4,Constitutional Amendment 2,,No,,223,106,117
Black Hawk,WL 1-5,Constitutional Amendment 2,,No,,155,61,94
Black Hawk,WL 1-6,Constitutional Amendment 2,,No,,272,142,130
Black Hawk,WL 2-1,Constitutional Amendment 2,,No,,200,113,87
Black Hawk,WL 2-2,Constitutional Amendment 2,,No,,133,54,79
Black Hawk,WL 2-3,Constitutional Amendment 2,,No,,166,68,98
Black Hawk,WL 2-4,Constitutional Amendment 2,,No,,172,88,84
Black Hawk,WL 2-5,Constitutional Amendment 2,,No,,160,67,93
Black Hawk,WL 2-6,Constitutional Amendment 2,,No,,93,47,46
Black Hawk,WL 3-1,Constitutional Amendment 2,,No,,192,109,83
Black Hawk,WL 3-2,Constitutional Amendment 2,,No,,155,66,89
Black Hawk,WL 3-3,Constitutional Amendment 2,,No,,147,50,97
Black Hawk,WL 3-4,Constitutional Amendment 2,,No,,114,39,75
Black Hawk,WL 3-5,Constitutional Amendment 2,,No,,253,79,174
Black Hawk,WL 3-6,Constitutional Amendment 2,,No,,114,52,62
Black Hawk,WL 4-1,Constitutional Amendment 2,,No,,144,50,94
Black Hawk,WL 4-2,Constitutional Amendment 2,,No,,130,61,69
Black Hawk,WL 4-3,Constitutional Amendment 2,,No,,94,45,49
Black Hawk,WL 4-4,Constitutional Amendment 2,,No,,134,59,75
Black Hawk,WL 4-5,Constitutional Amendment 2,,No,,103,45,58
Black Hawk,WL 4-6,Constitutional Amendment 2,,No,,140,58,82
Black Hawk,WL 5-1,Constitutional Amendment 2,,No,,73,30,43
Black Hawk,WL 5-2,Constitutional Amendment 2,,No,,179,50,129
Black Hawk,WL 5-3,Constitutional Amendment 2,,No,,144,56,88
Black Hawk,WL 5-4,Constitutional Amendment 2,,No,,200,85,115
Black Hawk,WL 5-5,Constitutional Amendment 2,,No,,265,120,145
Black Hawk,WL 5-6,Constitutional Amendment 2,,No,,158,83,75
Black Hawk,Barclay/Benn/Lester/Dunkerton,Constitutional Amendment 2,,Yes,,1027,260,767
Black Hawk,Big Creek/Spring Creek/LPC,Constitutional Amendment 2,,Yes,,1216,350,866
Black Hawk,Black Hawk/Cedar Falls/Lincoln,Constitutional Amendment 2,,Yes,,504,219,285
Black Hawk,CF 1-1,Constitutional Amendment 2,,Yes,,647,169,478
Black Hawk,CF 1-2,Constitutional Amendment 2,,Yes,,1132,440,692
Black Hawk,CF 1-3,Constitutional Amendment 2,,Yes,,833,341,492
Black Hawk,CF 2-1,Constitutional Amendment 2,,Yes,,442,139,303
Black Hawk,CF 2-2,Constitutional Amendment 2,,Yes,,1077,415,662
Black Hawk,CF 2-3,Constitutional Amendment 2,,Yes,,1141,413,728
Black Hawk,CF 3-1,Constitutional Amendment 2,,Yes,,1071,448,623
Black Hawk,CF 3-2,Constitutional Amendment 2,,Yes,,1157,533,624
Black Hawk,CF 3-3,Constitutional Amendment 2,,Yes,,1068,406,662
Black Hawk,CF 4-1,Constitutional Amendment 2,,Yes,,673,214,459
Black Hawk,CF 4-2,Constitutional Amendment 2,,Yes,,931,369,562
Black Hawk,CF 4-3,Constitutional Amendment 2,,Yes,,975,389,586
Black Hawk,CF 5-1,Constitutional Amendment 2,,Yes,,1139,477,662
Black Hawk,CF 5-2,Constitutional Amendment 2,,Yes,,1156,497,659
Black Hawk,CF 5-3,Constitutional Amendment 2,,Yes,,1405,881,524
Black Hawk,Cedar/Poyner2/Gilbertville,Constitutional Amendment 2,,Yes,,1159,426,733
Black Hawk,Eagle/Orange,Constitutional Amendment 2,,Yes,,423,157,266
Black Hawk,Elk Run Heights,Constitutional Amendment 2,,Yes,,430,101,329
Black Hawk,Evansdale Ward 1,Constitutional Amendment 2,,Yes,,396,115,281
Black Hawk,Evansdale Ward 2,Constitutional Amendment 2,,Yes,,352,104,248
Black Hawk,Evansdale Ward 3,Constitutional Amendment 2,,Yes,,407,99,308
Black Hawk,Evansdale Ward 4,Constitutional Amendment 2,,Yes,,362,114,248
Black Hawk,Hudson,Constitutional Amendment 2,,Yes,,1239,382,857
Black Hawk,Mt. Vernon,Constitutional Amendment 2,,Yes,,471,198,273
Black Hawk,Poyner1/EWL/Raymond/Fox/Jesup,Constitutional Amendment 2,,Yes,,1027,357,670
Black Hawk,Union/Washington/Janesville,Constitutional Amendment 2,,Yes,,793,285,508
Black Hawk,WL 1-1,Constitutional Amendment 2,,Yes,,547,254,293
Black Hawk,WL 1-2,Constitutional Amendment 2,,Yes,,787,363,424
Black Hawk,WL 1-3,Constitutional Amendment 2,,Yes,,522,184,338
Black Hawk,WL 1-4,Constitutional Amendment 2,,Yes,,999,446,553
Black Hawk,WL 1-5,Constitutional Amendment 2,,Yes,,538,222,316
Black Hawk,WL 1-6,Constitutional Amendment 2,,Yes,,1418,747,671
Black Hawk,WL 2-1,Constitutional Amendment 2,,Yes,,1101,590,511
Black Hawk,WL 2-2,Constitutional Amendment 2,,Yes,,597,244,353
Black Hawk,WL 2-3,Constitutional Amendment 2,,Yes,,706,281,425
Black Hawk,WL 2-4,Constitutional Amendment 2,,Yes,,717,332,385
Black Hawk,WL 2-5,Constitutional Amendment 2,,Yes,,642,280,362
Black Hawk,WL 2-6,Constitutional Amendment 2,,Yes,,574,230,344
Black Hawk,WL 3-1,Constitutional Amendment 2,,Yes,,781,385,396
Black Hawk,WL 3-2,Constitutional Amendment 2,,Yes,,479,209,270
Black Hawk,WL 3-3,Constitutional Amendment 2,,Yes,,508,177,331
Black Hawk,WL 3-4,Constitutional Amendment 2,,Yes,,453,159,294
Black Hawk,WL 3-5,Constitutional Amendment 2,,Yes,,720,221,499
Black Hawk,WL 3-6,Constitutional Amendment 2,,Yes,,375,179,196
Black Hawk,WL 4-1,Constitutional Amendment 2,,Yes,,534,232,302
Black Hawk,WL 4-2,Constitutional Amendment 2,,Yes,,385,206,179
Black Hawk,WL 4-3,Constitutional Amendment 2,,Yes,,344,159,185
Black Hawk,WL 4-4,Constitutional Amendment 2,,Yes,,469,170,299
Black Hawk,WL 4-5,Constitutional Amendment 2,,Yes,,286,121,165
Black Hawk,WL 4-6,Constitutional Amendment 2,,Yes,,514,177,337
Black Hawk,WL 5-1,Constitutional Amendment 2,,Yes,,233,94,139
Black Hawk,WL 5-2,Constitutional Amendment 2,,Yes,,594,193,401
Black Hawk,WL 5-3,Constitutional Amendment 2,,Yes,,490,187,303
Black Hawk,WL 5-4,Constitutional Amendment 2,,Yes,,677,325,352
Black Hawk,WL 5-5,Constitutional Amendment 2,,Yes,,934,380,554
Black Hawk,WL 5-6,Constitutional Amendment 2,,Yes,,738,386,352
Black Hawk,Barclay/Benn/Lester/Dunkerton,County Agricultural Extension Council Member,,Georgia Hodge,,678,189,489
Black Hawk,Big Creek/Spring Creek/LPC,County Agricultural Extension Council Member,,Georgia Hodge,,826,240,586
Black Hawk,Black Hawk/Cedar Falls/Lincoln,County Agricultural Extension Council Member,,Georgia Hodge,,338,134,204
Black Hawk,CF 1-1,County Agricultural Extension Council Member,,Georgia Hodge,,359,112,247
Black Hawk,CF 1-2,County Agricultural Extension Council Member,,Georgia Hodge,,872,356,516
Black Hawk,CF 1-3,County Agricultural Extension Council Member,,Georgia Hodge,,611,303,308
Black Hawk,CF 2-1,County Agricultural Extension Council Member,,Georgia Hodge,,185,72,113
Black Hawk,CF 2-2,County Agricultural Extension Council Member,,Georgia Hodge,,713,291,422
Black Hawk,CF 2-3,County Agricultural Extension Council Member,,Georgia Hodge,,799,299,500
Black Hawk,CF 3-1,County Agricultural Extension Council Member,,Georgia Hodge,,778,332,446
Black Hawk,CF 3-2,County Agricultural Extension Council Member,,Georgia Hodge,,816,400,416
Black Hawk,CF 3-3,County Agricultural Extension Council Member,,Georgia Hodge,,682,254,428
Black Hawk,CF 4-1,County Agricultural Extension Council Member,,Georgia Hodge,,497,149,348
Black Hawk,CF 4-2,County Agricultural Extension Council Member,,Georgia Hodge,,689,281,408
Black Hawk,CF 4-3,County Agricultural Extension Council Member,,Georgia Hodge,,685,282,403
Black Hawk,CF 5-1,County Agricultural Extension Council Member,,Georgia Hodge,,855,363,492
Black Hawk,CF 5-2,County Agricultural Extension Council Member,,Georgia Hodge,,863,395,468
Black Hawk,CF 5-3,County Agricultural Extension Council Member,,Georgia Hodge,,1047,667,380
Black Hawk,Cedar/Poyner2/Gilbertville,County Agricultural Extension Council Member,,Georgia Hodge,,708,296,412
Black Hawk,Eagle/Orange,County Agricultural Extension Council Member,,Georgia Hodge,,266,98,168
Black Hawk,Elk Run Heights,County Agricultural Extension Council Member,,Georgia Hodge,,296,69,227
Black Hawk,Evansdale Ward 1,County Agricultural Extension Council Member,,Georgia Hodge,,248,77,171
Black Hawk,Evansdale Ward 2,County Agricultural Extension Council Member,,Georgia Hodge,,243,81,162
Black Hawk,Evansdale Ward 3,County Agricultural Extension Council Member,,Georgia Hodge,,256,69,187
Black Hawk,Evansdale Ward 4,County Agricultural Extension Council Member,,Georgia Hodge,,228,82,146
Black Hawk,Hudson,County Agricultural Extension Council Member,,Georgia Hodge,,832,273,559
Black Hawk,Mt. Vernon,County Agricultural Extension Council Member,,Georgia Hodge,,312,128,184
Black Hawk,Poyner1/EWL/Raymond/Fox/Jesup,County Agricultural Extension Council Member,,Georgia Hodge,,731,269,462
Black Hawk,Union/Washington/Janesville,County Agricultural Extension Council Member,,Georgia Hodge,,531,208,323
Black Hawk,WL 1-1,County Agricultural Extension Council Member,,Georgia Hodge,,373,187,186
Black Hawk,WL 1-2,County Agricultural Extension Council Member,,Georgia Hodge,,515,271,244
Black Hawk,WL 1-3,County Agricultural Extension Council Member,,Georgia Hodge,,406,156,250
Black Hawk,WL 1-4,County Agricultural Extension Council Member,,Georgia Hodge,,696,329,367
Black Hawk,WL 1-5,County Agricultural Extension Council Member,,Georgia Hodge,,376,152,224
Black Hawk,WL 1-6,County Agricultural Extension Council Member,,Georgia Hodge,,947,515,432
Black Hawk,WL 2-1,County Agricultural Extension Council Member,,Georgia Hodge,,745,423,322
Black Hawk,WL 2-2,County Agricultural Extension Council Member,,Georgia Hodge,,423,192,231
Black Hawk,WL 2-3,County Agricultural Extension Council Member,,Georgia Hodge,,467,210,257
Black Hawk,WL 2-4,County Agricultural Extension Council Member,,Georgia Hodge,,444,226,218
Black Hawk,WL 2-5,County Agricultural Extension Council Member,,Georgia Hodge,,399,202,197
Black Hawk,WL 2-6,County Agricultural Extension Council Member,,Georgia Hodge,,350,163,187
Black Hawk,WL 3-1,County Agricultural Extension Council Member,,Georgia Hodge,,533,295,238
Black Hawk,WL 3-2,County Agricultural Extension Council Member,,Georgia Hodge,,396,183,213
Black Hawk,WL 3-3,County Agricultural Extension Council Member,,Georgia Hodge,,399,154,245
Black Hawk,WL 3-4,County Agricultural Extension Council Member,,Georgia Hodge,,327,130,197
Black Hawk,WL 3-5,County Agricultural Extension Council Member,,Georgia Hodge,,507,172,335
Black Hawk,WL 3-6,County Agricultural Extension Council Member,,Georgia Hodge,,277,142,135
Black Hawk,WL 4-1,County Agricultural Extension Council Member,,Georgia Hodge,,471,205,266
Black Hawk,WL 4-2,County Agricultural Extension Council Member,,Georgia Hodge,,315,170,145
Black Hawk,WL 4-3,County Agricultural Extension Council Member,,Georgia Hodge,,291,148,143
Black Hawk,WL 4-4,County Agricultural Extension Council Member,,Georgia Hodge,,319,136,183
Black Hawk,WL 4-5,County Agricultural Extension Council Member,,Georgia Hodge,,231,108,123
Black Hawk,WL 4-6,County Agricultural Extension Council Member,,Georgia Hodge,,336,129,207
Black Hawk,WL 5-1,County Agricultural Extension Council Member,,Georgia Hodge,,141,54,87
Black Hawk,WL 5-2,County Agricultural Extension Council Member,,Georgia Hodge,,409,136,273
Black Hawk,WL 5-3,County Agricultural Extension Council Member,,Georgia Hodge,,352,144,208
Black Hawk,WL 5-4,County Agricultural Extension Council Member,,Georgia Hodge,,463,222,241
Black Hawk,WL 5-5,County Agricultural Extension Council Member,,Georgia Hodge,,677,301,376
Black Hawk,WL 5-6,County Agricultural Extension Council Member,,Georgia Hodge,,519,281,238
Black Hawk,Barclay/Benn/Lester/Dunkerton,County Agricultural Extension Council Member,,Keri Leymaster Byrum,,615,181,434
Black Hawk,Big Creek/Spring Creek/LPC,County Agricultural Extension Council Member,,Keri Leymaster Byrum,,736,219,517
Black Hawk,Black Hawk/Cedar Falls/Lincoln,County Agricultural Extension Council Member,,Keri Leymaster Byrum,,343,135,208
Black Hawk,CF 1-1,County Agricultural Extension Council Member,,Keri Leymaster Byrum,,326,98,228
Black Hawk,CF 1-2,County Agricultural Extension Council Member,,Keri Leymaster Byrum,,786,336,450
Black Hawk,CF 1-3,County Agricultural Extension Council Member,,Keri Leymaster Byrum,,539,258,281
Black Hawk,CF 2-1,County Agricultural Extension Council Member,,Keri Leymaster Byrum,,143,60,83
Black Hawk,CF 2-2,County Agricultural Extension Council Member,,Keri Leymaster Byrum,,643,268,375
Black Hawk,CF 2-3,County Agricultural Extension Council Member,,Keri Leymaster Byrum,,738,285,453
Black Hawk,CF 3-1,County Agricultural Extension Council Member,,Keri Leymaster Byrum,,727,319,408
Black Hawk,CF 3-2,County Agricultural Extension Council Member,,Keri Leymaster Byrum,,776,376,400
Black Hawk,CF 3-3,County Agricultural Extension Council Member,,Keri Leymaster Byrum,,633,244,389
Black Hawk,CF 4-1,County Agricultural Extension Council Member,,Keri Leymaster Byrum,,411,136,275
Black Hawk,CF 4-2,County Agricultural Extension Council Member,,Keri Leymaster Byrum,,619,262,357
Black Hawk,CF 4-3,County Agricultural Extension Council Member,,Keri Leymaster Byrum,,641,288,353
Black Hawk,CF 5-1,County Agricultural Extension Council Member,,Keri Leymaster Byrum,,767,330,437
Black Hawk,CF 5-2,County Agricultural Extension Council Member,,Keri Leymaster Byrum,,815,377,438
Black Hawk,CF 5-3,County Agricultural Extension Council Member,,Keri Leymaster Byrum,,994,646,348
Black Hawk,Cedar/Poyner2/Gilbertville,County Agricultural Extension Council Member,,Keri Leymaster Byrum,,657,276,381
Black Hawk,Eagle/Orange,County Agricultural Extension Council Member,,Keri Leymaster Byrum,,261,104,157
Black Hawk,Elk Run Heights,County Agricultural Extension Council Member,,Keri Leymaster Byrum,,265,63,202
Black Hawk,Evansdale Ward 1,County Agricultural Extension Council Member,,Keri Leymaster Byrum,,220,73,147
Black Hawk,Evansdale Ward 2,County Agricultural Extension Council Member,,Keri Leymaster Byrum,,203,65,138
Black Hawk,Evansdale Ward 3,County Agricultural Extension Council Member,,Keri Leymaster Byrum,,226,63,163
Black Hawk,Evansdale Ward 4,County Agricultural Extension Council Member,,Keri Leymaster Byrum,,205,72,133
Black Hawk,Hudson,County Agricultural Extension Council Member,,Keri Leymaster Byrum,,761,259,502
Black Hawk,Mt. Vernon,County Agricultural Extension Council Member,,Keri Leymaster Byrum,,301,131,170
Black Hawk,Poyner1/EWL/Raymond/Fox/Jesup,County Agricultural Extension Council Member,,Keri Leymaster Byrum,,635,242,393
Black Hawk,Union/Washington/Janesville,County Agricultural Extension Council Member,,Keri Leymaster Byrum,,493,189,304
Black Hawk,WL 1-1,County Agricultural Extension Council Member,,Keri Leymaster Byrum,,310,165,145
Black Hawk,WL 1-2,County Agricultural Extension Council Member,,Keri Leymaster Byrum,,466,253,213
Black Hawk,WL 1-3,County Agricultural Extension Council Member,,Keri Leymaster Byrum,,329,135,194
Black Hawk,WL 1-4,County Agricultural Extension Council Member,,Keri Leymaster Byrum,,614,296,318
Black Hawk,WL 1-5,County Agricultural Extension Council Member,,Keri Leymaster Byrum,,311,141,170
Black Hawk,WL 1-6,County Agricultural Extension Council Member,,Keri Leymaster Byrum,,878,484,394
Black Hawk,WL 2-1,County Agricultural Extension Council Member,,Keri Leymaster Byrum,,661,406,255
Black Hawk,WL 2-2,County Agricultural Extension Council Member,,Keri Leymaster Byrum,,344,158,186
Black Hawk,WL 2-3,County Agricultural Extension Council Member,,Keri Leymaster Byrum,,398,186,212
Black Hawk,WL 2-4,County Agricultural Extension Council Member,,Keri Leymaster Byrum,,367,187,180
Black Hawk,WL 2-5,County Agricultural Extension Council Member,,Keri Leymaster Byrum,,343,173,170
Black Hawk,WL 2-6,County Agricultural Extension Council Member,,Keri Leymaster Byrum,,325,156,169
Black Hawk,WL 3-1,County Agricultural Extension Council Member,,Keri Leymaster Byrum,,459,255,204
Black Hawk,WL 3-2,County Agricultural Extension Council Member,,Keri Leymaster Byrum,,305,137,168
Black Hawk,WL 3-3,County Agricultural Extension Council Member,,Keri Leymaster Byrum,,274,105,169
Black Hawk,WL 3-4,County Agricultural Extension Council Member,,Keri Leymaster Byrum,,224,95,129
Black Hawk,WL 3-5,County Agricultural Extension Council Member,,Keri Leymaster Byrum,,410,145,265
Black Hawk,WL 3-6,County Agricultural Extension Council Member,,Keri Leymaster Byrum,,246,130,116
Black Hawk,WL 4-1,County Agricultural Extension Council Member,,Keri Leymaster Byrum,,261,122,139
Black Hawk,WL 4-2,County Agricultural Extension Council Member,,Keri Leymaster Byrum,,209,117,92
Black Hawk,WL 4-3,County Agricultural Extension Council Member,,Keri Leymaster Byrum,,142,73,69
Black Hawk,WL 4-4,County Agricultural Extension Council Member,,Keri Leymaster Byrum,,264,113,151
Black Hawk,WL 4-5,County Agricultural Extension Council Member,,Keri Leymaster Byrum,,157,74,83
Black Hawk,WL 4-6,County Agricultural Extension Council Member,,Keri Leymaster Byrum,,279,105,174
Black Hawk,WL 5-1,County Agricultural Extension Council Member,,Keri Leymaster Byrum,,115,50,65
Black Hawk,WL 5-2,County Agricultural Extension Council Member,,Keri Leymaster Byrum,,331,123,208
Black Hawk,WL 5-3,County Agricultural Extension Council Member,,Keri Leymaster Byrum,,284,123,161
Black Hawk,WL 5-4,County Agricultural Extension Council Member,,Keri Leymaster Byrum,,414,190,224
Black Hawk,WL 5-5,County Agricultural Extension Council Member,,Keri Leymaster Byrum,,613,277,336
Black Hawk,WL 5-6,County Agricultural Extension Council Member,,Keri Leymaster Byrum,,475,267,208
Black Hawk,Barclay/Benn/Lester/Dunkerton,County Agricultural Extension Council Member,,Mirjana Halverson,,587,169,418
Black Hawk,Big Creek/Spring Creek/LPC,County Agricultural Extension Council Member,,Mirjana Halverson,,707,210,497
Black Hawk,Black Hawk/Cedar Falls/Lincoln,County Agricultural Extension Council Member,,Mirjana Halverson,,304,121,183
Black Hawk,CF 1-1,County Agricultural Extension Council Member,,Mirjana Halverson,,312,94,218
Black Hawk,CF 1-2,County Agricultural Extension Council Member,,Mirjana Halverson,,755,330,425
Black Hawk,CF 1-3,County Agricultural Extension Council Member,,Mirjana Halverson,,524,246,278
Black Hawk,CF 2-1,County Agricultural Extension Council Member,,Mirjana Halverson,,137,58,79
Black Hawk,CF 2-2,County Agricultural Extension Council Member,,Mirjana Halverson,,628,263,365
Black Hawk,CF 2-3,County Agricultural Extension Council Member,,Mirjana Halverson,,712,263,449
Black Hawk,CF 3-1,County Agricultural Extension Council Member,,Mirjana Halverson,,732,326,406
Black Hawk,CF 3-2,County Agricultural Extension Council Member,,Mirjana Halverson,,732,358,374
Black Hawk,CF 3-3,County Agricultural Extension Council Member,,Mirjana Halverson,,627,236,391
Black Hawk,CF 4-1,County Agricultural Extension Council Member,,Mirjana Halverson,,404,130,274
Black Hawk,CF 4-2,County Agricultural Extension Council Member,,Mirjana Halverson,,611,252,359
Black Hawk,CF 4-3,County Agricultural Extension Council Member,,Mirjana Halverson,,610,264,346
Black Hawk,CF 5-1,County Agricultural Extension Council Member,,Mirjana Halverson,,772,329,443
Black Hawk,CF 5-2,County Agricultural Extension Council Member,,Mirjana Halverson,,791,368,423
Black Hawk,CF 5-3,County Agricultural Extension Council Member,,Mirjana Halverson,,970,627,343
Black Hawk,Cedar/Poyner2/Gilbertville,County Agricultural Extension Council Member,,Mirjana Halverson,,651,279,372
Black Hawk,Eagle/Orange,County Agricultural Extension Council Member,,Mirjana Halverson,,233,96,137
Black Hawk,Elk Run Heights,County Agricultural Extension Council Member,,Mirjana Halverson,,270,64,206
Black Hawk,Evansdale Ward 1,County Agricultural Extension Council Member,,Mirjana Halverson,,229,72,157
Black Hawk,Evansdale Ward 2,County Agricultural Extension Council Member,,Mirjana Halverson,,205,65,140
Black Hawk,Evansdale Ward 3,County Agricultural Extension Council Member,,Mirjana Halverson,,229,63,166
Black Hawk,Evansdale Ward 4,County Agricultural Extension Council Member,,Mirjana Halverson,,207,71,136
Black Hawk,Hudson,County Agricultural Extension Council Member,,Mirjana Halverson,,735,260,475
Black Hawk,Mt. Vernon,County Agricultural Extension Council Member,,Mirjana Halverson,,281,123,158
Black Hawk,Poyner1/EWL/Raymond/Fox/Jesup,County Agricultural Extension Council Member,,Mirjana Halverson,,621,240,381
Black Hawk,Union/Washington/Janesville,County Agricultural Extension Council Member,,Mirjana Halverson,,467,180,287
Black Hawk,WL 1-1,County Agricultural Extension Council Member,,Mirjana Halverson,,307,155,152
Black Hawk,WL 1-2,County Agricultural Extension Council Member,,Mirjana Halverson,,458,250,208
Black Hawk,WL 1-3,County Agricultural Extension Council Member,,Mirjana Halverson,,328,129,199
Black Hawk,WL 1-4,County Agricultural Extension Council Member,,Mirjana Halverson,,619,297,322
Black Hawk,WL 1-5,County Agricultural Extension Council Member,,Mirjana Halverson,,303,133,170
Black Hawk,WL 1-6,County Agricultural Extension Council Member,,Mirjana Halverson,,849,474,375
Black Hawk,WL 2-1,County Agricultural Extension Council Member,,Mirjana Halverson,,664,394,270
Black Hawk,WL 2-2,County Agricultural Extension Council Member,,Mirjana Halverson,,351,164,187
Black Hawk,WL 2-3,County Agricultural Extension Council Member,,Mirjana Halverson,,410,183,227
Black Hawk,WL 2-4,County Agricultural Extension Council Member,,Mirjana Halverson,,369,194,175
Black Hawk,WL 2-5,County Agricultural Extension Council Member,,Mirjana Halverson,,333,164,169
Black Hawk,WL 2-6,County Agricultural Extension Council Member,,Mirjana Halverson,,316,152,164
Black Hawk,WL 3-1,County Agricultural Extension Council Member,,Mirjana Halverson,,454,255,199
Black Hawk,WL 3-2,County Agricultural Extension Council Member,,Mirjana Halverson,,312,142,170
Black Hawk,WL 3-3,County Agricultural Extension Council Member,,Mirjana Halverson,,275,106,169
Black Hawk,WL 3-4,County Agricultural Extension Council Member,,Mirjana Halverson,,224,92,132
Black Hawk,WL 3-5,County Agricultural Extension Council Member,,Mirjana Halverson,,414,135,279
Black Hawk,WL 3-6,County Agricultural Extension Council Member,,Mirjana Halverson,,239,122,117
Black Hawk,WL 4-1,County Agricultural Extension Council Member,,Mirjana Halverson,,261,120,141
Black Hawk,WL 4-2,County Agricultural Extension Council Member,,Mirjana Halverson,,217,114,103
Black Hawk,WL 4-3,County Agricultural Extension Council Member,,Mirjana Halverson,,155,84,71
Black Hawk,WL 4-4,County Agricultural Extension Council Member,,Mirjana Halverson,,281,118,163
Black Hawk,WL 4-5,County Agricultural Extension Council Member,,Mirjana Halverson,,155,72,83
Black Hawk,WL 4-6,County Agricultural Extension Council Member,,Mirjana Halverson,,273,107,166
Black Hawk,WL 5-1,County Agricultural Extension Council Member,,Mirjana Halverson,,110,44,66
Black Hawk,WL 5-2,County Agricultural Extension Council Member,,Mirjana Halverson,,336,117,219
Black Hawk,WL 5-3,County Agricultural Extension Council Member,,Mirjana Halverson,,297,123,174
Black Hawk,WL 5-4,County Agricultural Extension Council Member,,Mirjana Halverson,,432,203,229
Black Hawk,WL 5-5,County Agricultural Extension Council Member,,Mirjana Halverson,,616,272,344
Black Hawk,WL 5-6,County Agricultural Extension Council Member,,Mirjana Halverson,,467,251,216
Black Hawk,Barclay/Benn/Lester/Dunkerton,County Agricultural Extension Council Member,,Patricia A. Wiss,,666,191,475
Black Hawk,Big Creek/Spring Creek/LPC,County Agricultural Extension Council Member,,Patricia A. Wiss,,785,234,551
Black Hawk,Black Hawk/Cedar Falls/Lincoln,County Agricultural Extension Council Member,,Patricia A. Wiss,,328,129,199
Black Hawk,CF 1-1,County Agricultural Extension Council Member,,Patricia A. Wiss,,351,100,251
Black Hawk,CF 1-2,County Agricultural Extension Council Member,,Patricia A. Wiss,,848,356,492
Black Hawk,CF 1-3,County Agricultural Extension Council Member,,Patricia A. Wiss,,596,293,303
Black Hawk,CF 2-1,County Agricultural Extension Council Member,,Patricia A. Wiss,,169,74,95
Black Hawk,CF 2-2,County Agricultural Extension Council Member,,Patricia A. Wiss,,688,280,408
Black Hawk,CF 2-3,County Agricultural Extension Council Member,,Patricia A. Wiss,,793,297,496
Black Hawk,CF 3-1,County Agricultural Extension Council Member,,Patricia A. Wiss,,756,324,432
Black Hawk,CF 3-2,County Agricultural Extension Council Member,,Patricia A. Wiss,,784,388,396
Black Hawk,CF 3-3,County Agricultural Extension Council Member,,Patricia A. Wiss,,666,251,415
Black Hawk,CF 4-1,County Agricultural Extension Council Member,,Patricia A. Wiss,,476,145,331
Black Hawk,CF 4-2,County Agricultural Extension Council Member,,Patricia A. Wiss,,673,280,393
Black Hawk,CF 4-3,County Agricultural Extension Council Member,,Patricia A. Wiss,,663,297,366
Black Hawk,CF 5-1,County Agricultural Extension Council Member,,Patricia A. Wiss,,829,361,468
Black Hawk,CF 5-2,County Agricultural Extension Council Member,,Patricia A. Wiss,,852,389,463
Black Hawk,CF 5-3,County Agricultural Extension Council Member,,Patricia A. Wiss,,1022,648,374
Black Hawk,Cedar/Poyner2/Gilbertville,County Agricultural Extension Council Member,,Patricia A. Wiss,,722,296,426
Black Hawk,Eagle/Orange,County Agricultural Extension Council Member,,Patricia A. Wiss,,269,109,160
Black Hawk,Elk Run Heights,County Agricultural Extension Council Member,,Patricia A. Wiss,,294,67,227
Black Hawk,Evansdale Ward 1,County Agricultural Extension Council Member,,Patricia A. Wiss,,249,77,172
Black Hawk,Evansdale Ward 2,County Agricultural Extension Council Member,,Patricia A. Wiss,,233,77,156
Black Hawk,Evansdale Ward 3,County Agricultural Extension Council Member,,Patricia A. Wiss,,243,66,177
Black Hawk,Evansdale Ward 4,County Agricultural Extension Council Member,,Patricia A. Wiss,,235,81,154
Black Hawk,Hudson,County Agricultural Extension Council Member,,Patricia A. Wiss,,801,274,527
Black Hawk,Mt. Vernon,County Agricultural Extension Council Member,,Patricia A. Wiss,,312,141,171
Black Hawk,Poyner1/EWL/Raymond/Fox/Jesup,County Agricultural Extension Council Member,,Patricia A. Wiss,,704,261,443
Black Hawk,Union/Washington/Janesville,County Agricultural Extension Council Member,,Patricia A. Wiss,,522,194,328
Black Hawk,WL 1-1,County Agricultural Extension Council Member,,Patricia A. Wiss,,345,188,157
Black Hawk,WL 1-2,County Agricultural Extension Council Member,,Patricia A. Wiss,,514,281,233
Black Hawk,WL 1-3,County Agricultural Extension Council Member,,Patricia A. Wiss,,386,154,232
Black Hawk,WL 1-4,County Agricultural Extension Council Member,,Patricia A. Wiss,,694,340,354
Black Hawk,WL 1-5,County Agricultural Extension Council Member,,Patricia A. Wiss,,365,157,208
Black Hawk,WL 1-6,County Agricultural Extension Council Member,,Patricia A. Wiss,,927,515,412
Black Hawk,WL 2-1,County Agricultural Extension Council Member,,Patricia A. Wiss,,725,424,301
Black Hawk,WL 2-2,County Agricultural Extension Council Member,,Patricia A. Wiss,,397,179,218
Black Hawk,WL 2-3,County Agricultural Extension Council Member,,Patricia A. Wiss,,454,211,243
Black Hawk,WL 2-4,County Agricultural Extension Council Member,,Patricia A. Wiss,,425,235,190
Black Hawk,WL 2-5,County Agricultural Extension Council Member,,Patricia A. Wiss,,391,200,191
Black Hawk,WL 2-6,County Agricultural Extension Council Member,,Patricia A. Wiss,,350,167,183
Black Hawk,WL 3-1,County Agricultural Extension Council Member,,Patricia A. Wiss,,522,293,229
Black Hawk,WL 3-2,County Agricultural Extension Council Member,,Patricia A. Wiss,,345,156,189
Black Hawk,WL 3-3,County Agricultural Extension Council Member,,Patricia A. Wiss,,341,134,207
Black Hawk,WL 3-4,County Agricultural Extension Council Member,,Patricia A. Wiss,,276,111,165
Black Hawk,WL 3-5,County Agricultural Extension Council Member,,Patricia A. Wiss,,475,156,319
Black Hawk,WL 3-6,County Agricultural Extension Council Member,,Patricia A. Wiss,,278,139,139
Black Hawk,WL 4-1,County Agricultural Extension Council Member,,Patricia A. Wiss,,313,140,173
Black Hawk,WL 4-2,County Agricultural Extension Council Member,,Patricia A. Wiss,,242,137,105
Black Hawk,WL 4-3,County Agricultural Extension Council Member,,Patricia A. Wiss,,195,98,97
Black Hawk,WL 4-4,County Agricultural Extension Council Member,,Patricia A. Wiss,,305,127,178
Black Hawk,WL 4-5,County Agricultural Extension Council Member,,Patricia A. Wiss,,198,84,114
Black Hawk,WL 4-6,County Agricultural Extension Council Member,,Patricia A. Wiss,,322,134,188
Black Hawk,WL 5-1,County Agricultural Extension Council Member,,Patricia A. Wiss,,143,56,87
Black Hawk,WL 5-2,County Agricultural Extension Council Member,,Patricia A. Wiss,,384,125,259
Black Hawk,WL 5-3,County Agricultural Extension Council Member,,Patricia A. Wiss,,330,134,196
Black Hawk,WL 5-4,County Agricultural Extension Council Member,,Patricia A. Wiss,,474,219,255
Black Hawk,WL 5-5,County Agricultural Extension Council Member,,Patricia A. Wiss,,683,300,383
Black Hawk,WL 5-6,County Agricultural Extension Council Member,,Patricia A. Wiss,,497,279,218
Black Hawk,Barclay/Benn/Lester/Dunkerton,County Agricultural Extension Council Member,,Write-In,,12,1,11
Black Hawk,Big Creek/Spring Creek/LPC,County Agricultural Extension Council Member,,Write-In,,0,0,0
Black Hawk,Black Hawk/Cedar Falls/Lincoln,County Agricultural Extension Council Member,,Write-In,,6,3,3
Black Hawk,CF 1-1,County Agricultural Extension Council Member,,Write-In,,1,0,1
Black Hawk,CF 1-2,County Agricultural Extension Council Member,,Write-In,,16,6,10
Black Hawk,CF 1-3,County Agricultural Extension Council Member,,Write-In,,13,11,2
Black Hawk,CF 2-1,County Agricultural Extension Council Member,,Write-In,,0,0,0
Black Hawk,CF 2-2,County Agricultural Extension Council Member,,Write-In,,12,2,10
Black Hawk,CF 2-3,County Agricultural Extension Council Member,,Write-In,,2,1,1
Black Hawk,CF 3-1,County Agricultural Extension Council Member,,Write-In,,22,17,5
Black Hawk,CF 3-2,County Agricultural Extension Council Member,,Write-In,,10,2,8
Black Hawk,CF 3-3,County Agricultural Extension Council Member,,Write-In,,17,1,16
Black Hawk,CF 4-1,County Agricultural Extension Council Member,,Write-In,,10,1,9
Black Hawk,CF 4-2,County Agricultural Extension Council Member,,Write-In,,3,1,2
Black Hawk,CF 4-3,County Agricultural Extension Council Member,,Write-In,,14,4,10
Black Hawk,CF 5-1,County Agricultural Extension Council Member,,Write-In,,5,1,4
Black Hawk,CF 5-2,County Agricultural Extension Council Member,,Write-In,,10,5,5
Black Hawk,CF 5-3,County Agricultural Extension Council Member,,Write-In,,12,9,3
Black Hawk,Cedar/Poyner2/Gilbertville,County Agricultural Extension Council Member,,Write-In,,12,4,8
Black Hawk,Eagle/Orange,County Agricultural Extension Council Member,,Write-In,,1,1,0
Black Hawk,Elk Run Heights,County Agricultural Extension Council Member,,Write-In,,7,0,7
Black Hawk,Evansdale Ward 1,County Agricultural Extension Council Member,,Write-In,,2,0,2
Black Hawk,Evansdale Ward 2,County Agricultural Extension Council Member,,Write-In,,1,1,0
Black Hawk,Evansdale Ward 3,County Agricultural Extension Council Member,,Write-In,,0,0,0
Black Hawk,Evansdale Ward 4,County Agricultural Extension Council Member,,Write-In,,5,0,5
Black Hawk,Hudson,County Agricultural Extension Council Member,,Write-In,,6,0,6
Black Hawk,Mt. Vernon,County Agricultural Extension Council Member,,Write-In,,1,1,0
Black Hawk,Poyner1/EWL/Raymond/Fox/Jesup,County Agricultural Extension Council Member,,Write-In,,4,2,2
Black Hawk,Union/Washington/Janesville,County Agricultural Extension Council Member,,Write-In,,5,1,4
Black Hawk,WL 1-1,County Agricultural Extension Council Member,,Write-In,,1,0,1
Black Hawk,WL 1-2,County Agricultural Extension Council Member,,Write-In,,7,5,2
Black Hawk,WL 1-3,County Agricultural Extension Council Member,,Write-In,,5,1,4
Black Hawk,WL 1-4,County Agricultural Extension Council Member,,Write-In,,6,5,1
Black Hawk,WL 1-5,County Agricultural Extension Council Member,,Write-In,,6,5,1
Black Hawk,WL 1-6,County Agricultural Extension Council Member,,Write-In,,6,4,2
Black Hawk,WL 2-1,County Agricultural Extension Council Member,,Write-In,,5,1,4
Black Hawk,WL 2-2,County Agricultural Extension Council Member,,Write-In,,5,1,4
Black Hawk,WL 2-3,County Agricultural Extension Council Member,,Write-In,,3,1,2
Black Hawk,WL 2-4,County Agricultural Extension Council Member,,Write-In,,6,1,5
Black Hawk,WL 2-5,County Agricultural Extension Council Member,,Write-In,,6,4,2
Black Hawk,WL 2-6,County Agricultural Extension Council Member,,Write-In,,2,0,2
Black Hawk,WL 3-1,County Agricultural Extension Council Member,,Write-In,,1,0,1
Black Hawk,WL 3-2,County Agricultural Extension Council Member,,Write-In,,2,0,2
Black Hawk,WL 3-3,County Agricultural Extension Council Member,,Write-In,,3,2,1
Black Hawk,WL 3-4,County Agricultural Extension Council Member,,Write-In,,4,2,2
Black Hawk,WL 3-5,County Agricultural Extension Council Member,,Write-In,,8,1,7
Black Hawk,WL 3-6,County Agricultural Extension Council Member,,Write-In,,5,2,3
Black Hawk,WL 4-1,County Agricultural Extension Council Member,,Write-In,,4,0,4
Black Hawk,WL 4-2,County Agricultural Extension Council Member,,Write-In,,4,2,2
Black Hawk,WL 4-3,County Agricultural Extension Council Member,,Write-In,,0,0,0
Black Hawk,WL 4-4,County Agricultural Extension Council Member,,Write-In,,7,3,4
Black Hawk,WL 4-5,County Agricultural Extension Council Member,,Write-In,,4,1,3
Black Hawk,WL 4-6,County Agricultural Extension Council Member,,Write-In,,1,0,1
Black Hawk,WL 5-1,County Agricultural Extension Council Member,,Write-In,,6,4,2
Black Hawk,WL 5-2,County Agricultural Extension Council Member,,Write-In,,5,0,5
Black Hawk,WL 5-3,County Agricultural Extension Council Member,,Write-In,,1,0,1
Black Hawk,WL 5-4,County Agricultural Extension Council Member,,Write-In,,3,0,3
Black Hawk,WL 5-5,County Agricultural Extension Council Member,,Write-In,,6,3,3
Black Hawk,WL 5-6,County Agricultural Extension Council Member,,Write-In,,8,3,5
Black Hawk,Barclay/Benn/Lester/Dunkerton,County Auditor,,Karen Showalter,DEM,845,241,604
Black Hawk,Big Creek/Spring Creek/LPC,County Auditor,,Karen Showalter,DEM,1078,314,764
Black Hawk,Black Hawk/Cedar Falls/Lincoln,County Auditor,,Karen Showalter,DEM,416,174,242
Black Hawk,CF 1-1,County Auditor,,Karen Showalter,DEM,624,179,445
Black Hawk,CF 1-2,County Auditor,,Karen Showalter,DEM,1262,493,769
Black Hawk,CF 1-3,County Auditor,,Karen Showalter,DEM,1028,450,578
Black Hawk,CF 2-1,County Auditor,,Karen Showalter,DEM,414,131,283
Black Hawk,CF 2-2,County Auditor,,Karen Showalter,DEM,1132,439,693
Black Hawk,CF 2-3,County Auditor,,Karen Showalter,DEM,1160,421,739
Black Hawk,CF 3-1,County Auditor,,Karen Showalter,DEM,1068,465,603
Black Hawk,CF 3-2,County Auditor,,Karen Showalter,DEM,1125,531,594
Black Hawk,CF 3-3,County Auditor,,Karen Showalter,DEM,1058,397,661
Black Hawk,CF 4-1,County Auditor,,Karen Showalter,DEM,836,226,610
Black Hawk,CF 4-2,County Auditor,,Karen Showalter,DEM,1028,408,620
Black Hawk,CF 4-3,County Auditor,,Karen Showalter,DEM,1025,433,592
Black Hawk,CF 5-1,County Auditor,,Karen Showalter,DEM,1218,518,700
Black Hawk,CF 5-2,County Auditor,,Karen Showalter,DEM,1132,493,639
Black Hawk,CF 5-3,County Auditor,,Karen Showalter,DEM,1392,875,517
Black Hawk,Cedar/Poyner2/Gilbertville,County Auditor,,Karen Showalter,DEM,1044,419,625
Black Hawk,Eagle/Orange,County Auditor,,Karen Showalter,DEM,328,131,197
Black Hawk,Elk Run Heights,County Auditor,,Karen Showalter,DEM,421,98,323
Black Hawk,Evansdale Ward 1,County Auditor,,Karen Showalter,DEM,393,123,270
Black Hawk,Evansdale Ward 2,County Auditor,,Karen Showalter,DEM,343,106,237
Black Hawk,Evansdale Ward 3,County Auditor,,Karen Showalter,DEM,398,110,288
Black Hawk,Evansdale Ward 4,County Auditor,,Karen Showalter,DEM,360,109,251
Black Hawk,Hudson,County Auditor,,Karen Showalter,DEM,1084,350,734
Black Hawk,Mt. Vernon,County Auditor,,Karen Showalter,DEM,421,186,235
Black Hawk,Poyner1/EWL/Raymond/Fox/Jesup,County Auditor,,Karen Showalter,DEM,959,374,585
Black Hawk,Union/Washington/Janesville,County Auditor,,Karen Showalter,DEM,673,257,416
Black Hawk,WL 1-1,County Auditor,,Karen Showalter,DEM,507,243,264
Black Hawk,WL 1-2,County Auditor,,Karen Showalter,DEM,735,359,376
Black Hawk,WL 1-3,County Auditor,,Karen Showalter,DEM,584,216,368
Black Hawk,WL 1-4,County Auditor,,Karen Showalter,DEM,970,456,514
Black Hawk,WL 1-5,County Auditor,,Karen Showalter,DEM,564,233,331
Black Hawk,WL 1-6,County Auditor,,Karen Showalter,DEM,1341,713,628
Black Hawk,WL 2-1,County Auditor,,Karen Showalter,DEM,982,558,424
Black Hawk,WL 2-2,County Auditor,,Karen Showalter,DEM,603,251,352
Black Hawk,WL 2-3,County Auditor,,Karen Showalter,DEM,703,292,411
Black Hawk,WL 2-4,County Auditor,,Karen Showalter,DEM,658,324,334
Black Hawk,WL 2-5,County Auditor,,Karen Showalter,DEM,588,262,326
Black Hawk,WL 2-6,County Auditor,,Karen Showalter,DEM,483,211,272
Black Hawk,WL 3-1,County Auditor,,Karen Showalter,DEM,750,394,356
Black Hawk,WL 3-2,County Auditor,,Karen Showalter,DEM,506,230,276
Black Hawk,WL 3-3,County Auditor,,Karen Showalter,DEM,574,210,364
Black Hawk,WL 3-4,County Auditor,,Karen Showalter,DEM,469,165,304
Black Hawk,WL 3-5,County Auditor,,Karen Showalter,DEM,754,238,516
Black Hawk,WL 3-6,County Auditor,,Karen Showalter,DEM,402,187,215
Black Hawk,WL 4-1,County Auditor,,Karen Showalter,DEM,616,262,354
Black Hawk,WL 4-2,County Auditor,,Karen Showalter,DEM,436,227,209
Black Hawk,WL 4-3,County Auditor,,Karen Showalter,DEM,415,200,215
Black Hawk,WL 4-4,County Auditor,,Karen Showalter,DEM,490,190,300
Black Hawk,WL 4-5,County Auditor,,Karen Showalter,DEM,336,146,190
Black Hawk,WL 4-6,County Auditor,,Karen Showalter,DEM,535,200,335
Black Hawk,WL 5-1,County Auditor,,Karen Showalter,DEM,234,94,140
Black Hawk,WL 5-2,County Auditor,,Karen Showalter,DEM,619,197,422
Black Hawk,WL 5-3,County Auditor,,Karen Showalter,DEM,524,208,316
Black Hawk,WL 5-4,County Auditor,,Karen Showalter,DEM,706,329,377
Black Hawk,WL 5-5,County Auditor,,Karen Showalter,DEM,962,399,563
Black Hawk,WL 5-6,County Auditor,,Karen Showalter,DEM,745,403,342
Black Hawk,Barclay/Benn/Lester/Dunkerton,County Auditor,,Write-In,,17,2,15
Black Hawk,Big Creek/Spring Creek/LPC,County Auditor,,Write-In,,20,5,15
Black Hawk,Black Hawk/Cedar Falls/Lincoln,County Auditor,,Write-In,,3,1,2
Black Hawk,CF 1-1,County Auditor,,Write-In,,8,2,6
Black Hawk,CF 1-2,County Auditor,,Write-In,,24,7,17
Black Hawk,CF 1-3,County Auditor,,Write-In,,12,5,7
Black Hawk,CF 2-1,County Auditor,,Write-In,,4,1,3
Black Hawk,CF 2-2,County Auditor,,Write-In,,15,3,12
Black Hawk,CF 2-3,County Auditor,,Write-In,,21,13,8
Black Hawk,CF 3-1,County Auditor,,Write-In,,26,8,18
Black Hawk,CF 3-2,County Auditor,,Write-In,,21,2,19
Black Hawk,CF 3-3,County Auditor,,Write-In,,20,3,17
Black Hawk,CF 4-1,County Auditor,,Write-In,,14,4,10
Black Hawk,CF 4-2,County Auditor,,Write-In,,19,6,13
Black Hawk,CF 4-3,County Auditor,,Write-In,,17,3,14
Black Hawk,CF 5-1,County Auditor,,Write-In,,16,4,12
Black Hawk,CF 5-2,County Auditor,,Write-In,,16,3,13
Black Hawk,CF 5-3,County Auditor,,Write-In,,15,11,4
Black Hawk,Cedar/Poyner2/Gilbertville,County Auditor,,Write-In,,21,2,19
Black Hawk,Eagle/Orange,County Auditor,,Write-In,,9,2,7
Black Hawk,Elk Run Heights,County Auditor,,Write-In,,13,2,11
Black Hawk,Evansdale Ward 1,County Auditor,,Write-In,,11,3,8
Black Hawk,Evansdale Ward 2,County Auditor,,Write-In,,5,2,3
Black Hawk,Evansdale Ward 3,County Auditor,,Write-In,,12,2,10
Black Hawk,Evansdale Ward 4,County Auditor,,Write-In,,12,2,10
Black Hawk,Hudson,County Auditor,,Write-In,,24,6,18
Black Hawk,Mt. Vernon,County Auditor,,Write-In,,4,3,1
Black Hawk,Poyner1/EWL/Raymond/Fox/Jesup,County Auditor,,Write-In,,18,5,13
Black Hawk,Union/Washington/Janesville,County Auditor,,Write-In,,17,6,11
Black Hawk,WL 1-1,County Auditor,,Write-In,,8,1,7
Black Hawk,WL 1-2,County Auditor,,Write-In,,20,9,11
Black Hawk,WL 1-3,County Auditor,,Write-In,,10,1,9
Black Hawk,WL 1-4,County Auditor,,Write-In,,18,3,15
Black Hawk,WL 1-5,County Auditor,,Write-In,,10,2,8
Black Hawk,WL 1-6,County Auditor,,Write-In,,17,11,6
Black Hawk,WL 2-1,County Auditor,,Write-In,,8,2,6
Black Hawk,WL 2-2,County Auditor,,Write-In,,12,5,7
Black Hawk,WL 2-3,County Auditor,,Write-In,,11,4,7
Black Hawk,WL 2-4,County Auditor,,Write-In,,9,4,5
Black Hawk,WL 2-5,County Auditor,,Write-In,,7,5,2
Black Hawk,WL 2-6,County Auditor,,Write-In,,8,2,6
Black Hawk,WL 3-1,County Auditor,,Write-In,,11,4,7
Black Hawk,WL 3-2,County Auditor,,Write-In,,14,4,10
Black Hawk,WL 3-3,County Auditor,,Write-In,,11,3,8
Black Hawk,WL 3-4,County Auditor,,Write-In,,9,4,5
Black Hawk,WL 3-5,County Auditor,,Write-In,,21,4,17
Black Hawk,WL 3-6,County Auditor,,Write-In,,6,2,4
Black Hawk,WL 4-1,County Auditor,,Write-In,,10,2,8
Black Hawk,WL 4-2,County Auditor,,Write-In,,11,3,8
Black Hawk,WL 4-3,County Auditor,,Write-In,,2,0,2
Black Hawk,WL 4-4,County Auditor,,Write-In,,8,2,6
Black Hawk,WL 4-5,County Auditor,,Write-In,,7,3,4
Black Hawk,WL 4-6,County Auditor,,Write-In,,13,4,9
Black Hawk,WL 5-1,County Auditor,,Write-In,,6,3,3
Black Hawk,WL 5-2,County Auditor,,Write-In,,6,1,5
Black Hawk,WL 5-3,County Auditor,,Write-In,,7,3,4
Black Hawk,WL 5-4,County Auditor,,Write-In,,7,1,6
Black Hawk,WL 5-5,County Auditor,,Write-In,,15,7,8
Black Hawk,WL 5-6,County Auditor,,Write-In,,7,4,3
Black Hawk,Barclay/Benn/Lester/Dunkerton,County Board of Supervisors,,Chris Schwartz,DEM,492,162,330
Black Hawk,Big Creek/Spring Creek/LPC,County Board of Supervisors,,Chris Schwartz,DEM,666,225,441
Black Hawk,Black Hawk/Cedar Falls/Lincoln,County Board of Supervisors,,Chris Schwartz,DEM,239,107,132
Black Hawk,CF 1-1,County Board of Supervisors,,Chris Schwartz,DEM,405,134,271
Black Hawk,CF 1-2,County Board of Supervisors,,Chris Schwartz,DEM,898,396,502
Black Hawk,CF 1-3,County Board of Supervisors,,Chris Schwartz,DEM,753,350,403
Black Hawk,CF 2-1,County Board of Supervisors,,Chris Schwartz,DEM,224,69,155
Black Hawk,CF 2-2,County Board of Supervisors,,Chris Schwartz,DEM,729,312,417
Black Hawk,CF 2-3,County Board of Supervisors,,Chris Schwartz,DEM,763,317,446
Black Hawk,CF 3-1,County Board of Supervisors,,Chris Schwartz,DEM,686,324,362
Black Hawk,CF 3-2,County Board of Supervisors,,Chris Schwartz,DEM,737,391,346
Black Hawk,CF 3-3,County Board of Supervisors,,Chris Schwartz,DEM,596,256,340
Black Hawk,CF 4-1,County Board of Supervisors,,Chris Schwartz,DEM,533,156,377
Black Hawk,CF 4-2,County Board of Supervisors,,Chris Schwartz,DEM,732,321,411
Black Hawk,CF 4-3,County Board of Supervisors,,Chris Schwartz,DEM,723,337,386
Black Hawk,CF 5-1,County Board of Supervisors,,Chris Schwartz,DEM,850,388,462
Black Hawk,CF 5-2,County Board of Supervisors,,Chris Schwartz,DEM,725,354,371
Black Hawk,CF 5-3,County Board of Supervisors,,Chris Schwartz,DEM,898,606,292
Black Hawk,Cedar/Poyner2/Gilbertville,County Board of Supervisors,,Chris Schwartz,DEM,666,308,358
Black Hawk,Eagle/Orange,County Board of Supervisors,,Chris Schwartz,DEM,186,90,96
Black Hawk,Elk Run Heights,County Board of Supervisors,,Chris Schwartz,DEM,272,77,195
Black Hawk,Evansdale Ward 1,County Board of Supervisors,,Chris Schwartz,DEM,243,83,160
Black Hawk,Evansdale Ward 2,County Board of Supervisors,,Chris Schwartz,DEM,228,81,147
Black Hawk,Evansdale Ward 3,County Board of Supervisors,,Chris Schwartz,DEM,214,72,142
Black Hawk,Evansdale Ward 4,County Board of Supervisors,,Chris Schwartz,DEM,210,77,133
Black Hawk,Hudson,County Board of Supervisors,,Chris Schwartz,DEM,682,261,421
Black Hawk,Mt. Vernon,County Board of Supervisors,,Chris Schwartz,DEM,252,135,117
Black Hawk,Poyner1/EWL/Raymond/Fox/Jesup,County Board of Supervisors,,Chris Schwartz,DEM,575,247,328
Black Hawk,Union/Washington/Janesville,County Board of Supervisors,,Chris Schwartz,DEM,395,176,219
Black Hawk,WL 1-1,County Board of Supervisors,,Chris Schwartz,DEM,329,172,157
Black Hawk,WL 1-2,County Board of Supervisors,,Chris Schwartz,DEM,488,277,211
Black Hawk,WL 1-3,County Board of Supervisors,,Chris Schwartz,DEM,421,172,249
Black Hawk,WL 1-4,County Board of Supervisors,,Chris Schwartz,DEM,661,329,332
Black Hawk,WL 1-5,County Board of Supervisors,,Chris Schwartz,DEM,381,178,203
Black Hawk,WL 1-6,County Board of Supervisors,,Chris Schwartz,DEM,777,459,318
Black Hawk,WL 2-1,County Board of Supervisors,,Chris Schwartz,DEM,632,374,258
Black Hawk,WL 2-2,County Board of Supervisors,,Chris Schwartz,DEM,377,167,210
Black Hawk,WL 2-3,County Board of Supervisors,,Chris Schwartz,DEM,470,212,258
Black Hawk,WL 2-4,County Board of Supervisors,,Chris Schwartz,DEM,482,247,235
Black Hawk,WL 2-5,County Board of Supervisors,,Chris Schwartz,DEM,415,197,218
Black Hawk,WL 2-6,County Board of Supervisors,,Chris Schwartz,DEM,313,157,156
Black Hawk,WL 3-1,County Board of Supervisors,,Chris Schwartz,DEM,521,299,222
Black Hawk,WL 3-2,County Board of Supervisors,,Chris Schwartz,DEM,352,176,176
Black Hawk,WL 3-3,County Board of Supervisors,,Chris Schwartz,DEM,416,173,243
Black Hawk,WL 3-4,County Board of Supervisors,,Chris Schwartz,DEM,368,149,219
Black Hawk,WL 3-5,County Board of Supervisors,,Chris Schwartz,DEM,501,191,310
Black Hawk,WL 3-6,County Board of Supervisors,,Chris Schwartz,DEM,284,143,141
Black Hawk,WL 4-1,County Board of Supervisors,,Chris Schwartz,DEM,445,206,239
Black Hawk,WL 4-2,County Board of Supervisors,,Chris Schwartz,DEM,345,194,151
Black Hawk,WL 4-3,County Board of Supervisors,,Chris Schwartz,DEM,314,171,143
Black Hawk,WL 4-4,County Board of Supervisors,,Chris Schwartz,DEM,348,149,199
Black Hawk,WL 4-5,County Board of Supervisors,,Chris Schwartz,DEM,271,126,145
Black Hawk,WL 4-6,County Board of Supervisors,,Chris Schwartz,DEM,353,144,209
Black Hawk,WL 5-1,County Board of Supervisors,,Chris Schwartz,DEM,154,71,83
Black Hawk,WL 5-2,County Board of Supervisors,,Chris Schwartz,DEM,432,157,275
Black Hawk,WL 5-3,County Board of Supervisors,,Chris Schwartz,DEM,357,152,205
Black Hawk,WL 5-4,County Board of Supervisors,,Chris Schwartz,DEM,486,239,247
Black Hawk,WL 5-5,County Board of Supervisors,,Chris Schwartz,DEM,678,304,374
Black Hawk,WL 5-6,County Board of Supervisors,,Chris Schwartz,DEM,484,292,192
Black Hawk,Barclay/Benn/Lester/Dunkerton,County Board of Supervisors,,Fred Perryman,LIB,228,47,181
Black Hawk,Big Creek/Spring Creek/LPC,County Board of Supervisors,,Fred Perryman,LIB,257,66,191
Black Hawk,Black Hawk/Cedar Falls/Lincoln,County Board of Supervisors,,Fred Perryman,LIB,117,52,65
Black Hawk,CF 1-1,County Board of Supervisors,,Fred Perryman,LIB,132,31,101
Black Hawk,CF 1-2,County Board of Supervisors,,Fred Perryman,LIB,220,72,148
Black Hawk,CF 1-3,County Board of Supervisors,,Fred Perryman,LIB,161,40,121
Black Hawk,CF 2-1,County Board of Supervisors,,Fred Perryman,LIB,73,23,50
Black Hawk,CF 2-2,County Board of Supervisors,,Fred Perryman,LIB,197,69,128
Black Hawk,CF 2-3,County Board of Supervisors,,Fred Perryman,LIB,239,65,174
Black Hawk,CF 3-1,County Board of Supervisors,,Fred Perryman,LIB,225,84,141
Black Hawk,CF 3-2,County Board of Supervisors,,Fred Perryman,LIB,211,85,126
Black Hawk,CF 3-3,County Board of Supervisors,,Fred Perryman,LIB,191,65,126
Black Hawk,CF 4-1,County Board of Supervisors,,Fred Perryman,LIB,119,34,85
Black Hawk,CF 4-2,County Board of Supervisors,,Fred Perryman,LIB,175,54,121
Black Hawk,CF 4-3,County Board of Supervisors,,Fred Perryman,LIB,180,64,116
Black Hawk,CF 5-1,County Board of Supervisors,,Fred Perryman,LIB,222,69,153
Black Hawk,CF 5-2,County Board of Supervisors,,Fred Perryman,LIB,204,77,127
Black Hawk,CF 5-3,County Board of Supervisors,,Fred Perryman,LIB,272,148,124
Black Hawk,Cedar/Poyner2/Gilbertville,County Board of Supervisors,,Fred Perryman,LIB,259,83,176
Black Hawk,Eagle/Orange,County Board of Supervisors,,Fred Perryman,LIB,91,40,51
Black Hawk,Elk Run Heights,County Board of Supervisors,,Fred Perryman,LIB,95,18,77
Black Hawk,Evansdale Ward 1,County Board of Supervisors,,Fred Perryman,LIB,71,20,51
Black Hawk,Evansdale Ward 2,County Board of Supervisors,,Fred Perryman,LIB,67,24,43
Black Hawk,Evansdale Ward 3,County Board of Supervisors,,Fred Perryman,LIB,87,23,64
Black Hawk,Evansdale Ward 4,County Board of Supervisors,,Fred Perryman,LIB,75,20,55
Black Hawk,Hudson,County Board of Supervisors,,Fred Perryman,LIB,268,63,205
Black Hawk,Mt. Vernon,County Board of Supervisors,,Fred Perryman,LIB,99,42,57
Black Hawk,Poyner1/EWL/Raymond/Fox/Jesup,County Board of Supervisors,,Fred Perryman,LIB,213,70,143
Black Hawk,Union/Washington/Janesville,County Board of Supervisors,,Fred Perryman,LIB,193,70,123
Black Hawk,WL 1-1,County Board of Supervisors,,Fred Perryman,LIB,103,47,56
Black Hawk,WL 1-2,County Board of Supervisors,,Fred Perryman,LIB,141,57,84
Black Hawk,WL 1-3,County Board of Supervisors,,Fred Perryman,LIB,98,33,65
Black Hawk,WL 1-4,County Board of Supervisors,,Fred Perryman,LIB,179,77,102
Black Hawk,WL 1-5,County Board of Supervisors,,Fred Perryman,LIB,101,37,64
Black Hawk,WL 1-6,County Board of Supervisors,,Fred Perryman,LIB,256,115,141
Black Hawk,WL 2-1,County Board of Supervisors,,Fred Perryman,LIB,167,83,84
Black Hawk,WL 2-2,County Board of Supervisors,,Fred Perryman,LIB,101,39,62
Black Hawk,WL 2-3,County Board of Supervisors,,Fred Perryman,LIB,125,43,82
Black Hawk,WL 2-4,County Board of Supervisors,,Fred Perryman,LIB,109,47,62
Black Hawk,WL 2-5,County Board of Supervisors,,Fred Perryman,LIB,89,39,50
Black Hawk,WL 2-6,County Board of Supervisors,,Fred Perryman,LIB,90,35,55
Black Hawk,WL 3-1,County Board of Supervisors,,Fred Perryman,LIB,156,70,86
Black Hawk,WL 3-2,County Board of Supervisors,,Fred Perryman,LIB,101,23,78
Black Hawk,WL 3-3,County Board of Supervisors,,Fred Perryman,LIB,69,17,52
Black Hawk,WL 3-4,County Board of Supervisors,,Fred Perryman,LIB,57,19,38
Black Hawk,WL 3-5,County Board of Supervisors,,Fred Perryman,LIB,169,38,131
Black Hawk,WL 3-6,County Board of Supervisors,,Fred Perryman,LIB,56,26,30
Black Hawk,WL 4-1,County Board of Supervisors,,Fred Perryman,LIB,70,29,41
Black Hawk,WL 4-2,County Board of Supervisors,,Fred Perryman,LIB,49,22,27
Black Hawk,WL 4-3,County Board of Supervisors,,Fred Perryman,LIB,23,6,17
Black Hawk,WL 4-4,County Board of Supervisors,,Fred Perryman,LIB,67,21,46
Black Hawk,WL 4-5,County Board of Supervisors,,Fred Perryman,LIB,49,18,31
Black Hawk,WL 4-6,County Board of Supervisors,,Fred Perryman,LIB,94,35,59
Black Hawk,WL 5-1,County Board of Supervisors,,Fred Perryman,LIB,46,12,34
Black Hawk,WL 5-2,County Board of Supervisors,,Fred Perryman,LIB,113,30,83
Black Hawk,WL 5-3,County Board of Supervisors,,Fred Perryman,LIB,77,25,52
Black Hawk,WL 5-4,County Board of Supervisors,,Fred Perryman,LIB,100,48,52
Black Hawk,WL 5-5,County Board of Supervisors,,Fred Perryman,LIB,175,65,110
Black Hawk,WL 5-6,County Board of Supervisors,,Fred Perryman,LIB,113,54,59
Black Hawk,Barclay/Benn/Lester/Dunkerton,County Board of Supervisors,,Justin Brandt,REP,948,202,746
Black Hawk,Big Creek/Spring Creek/LPC,County Board of Supervisors,,Justin Brandt,REP,1053,274,779
Black Hawk,Black Hawk/Cedar Falls/Lincoln,County Board of Supervisors,,Justin Brandt,REP,453,165,288
Black Hawk,CF 1-1,County Board of Supervisors,,Justin Brandt,REP,498,101,397
Black Hawk,CF 1-2,County Board of Supervisors,,Justin Brandt,REP,712,218,494
Black Hawk,CF 1-3,County Board of Supervisors,,Justin Brandt,REP,443,152,291
Black Hawk,CF 2-1,County Board of Supervisors,,Justin Brandt,REP,174,55,119
Black Hawk,CF 2-2,County Board of Supervisors,,Justin Brandt,REP,728,228,500
Black Hawk,CF 2-3,County Board of Supervisors,,Justin Brandt,REP,824,269,555
Black Hawk,CF 3-1,County Board of Supervisors,,Justin Brandt,REP,812,317,495
Black Hawk,CF 3-2,County Board of Supervisors,,Justin Brandt,REP,811,327,484
Black Hawk,CF 3-3,County Board of Supervisors,,Justin Brandt,REP,778,266,512
Black Hawk,CF 4-1,County Board of Supervisors,,Justin Brandt,REP,377,89,288
Black Hawk,CF 4-2,County Board of Supervisors,,Justin Brandt,REP,586,202,384
Black Hawk,CF 4-3,County Board of Supervisors,,Justin Brandt,REP,652,225,427
Black Hawk,CF 5-1,County Board of Supervisors,,Justin Brandt,REP,743,257,486
Black Hawk,CF 5-2,County Board of Supervisors,,Justin Brandt,REP,844,309,535
Black Hawk,CF 5-3,County Board of Supervisors,,Justin Brandt,REP,983,589,394
Black Hawk,Cedar/Poyner2/Gilbertville,County Board of Supervisors,,Justin Brandt,REP,942,266,676
Black Hawk,Eagle/Orange,County Board of Supervisors,,Justin Brandt,REP,392,123,269
Black Hawk,Elk Run Heights,County Board of Supervisors,,Justin Brandt,REP,362,65,297
Black Hawk,Evansdale Ward 1,County Board of Supervisors,,Justin Brandt,REP,300,63,237
Black Hawk,Evansdale Ward 2,County Board of Supervisors,,Justin Brandt,REP,285,72,213
Black Hawk,Evansdale Ward 3,County Board of Supervisors,,Justin Brandt,REP,313,59,254
Black Hawk,Evansdale Ward 4,County Board of Supervisors,,Justin Brandt,REP,322,81,241
Black Hawk,Hudson,County Board of Supervisors,,Justin Brandt,REP,1027,261,766
Black Hawk,Mt. Vernon,County Board of Supervisors,,Justin Brandt,REP,394,149,245
Black Hawk,Poyner1/EWL/Raymond/Fox/Jesup,County Board of Supervisors,,Justin Brandt,REP,888,280,608
Black Hawk,Union/Washington/Janesville,County Board of Supervisors,,Justin Brandt,REP,707,214,493
Black Hawk,WL 1-1,County Board of Supervisors,,Justin Brandt,REP,367,154,213
Black Hawk,WL 1-2,County Board of Supervisors,,Justin Brandt,REP,515,192,323
Black Hawk,WL 1-3,County Board of Supervisors,,Justin Brandt,REP,319,89,230
Black Hawk,WL 1-4,County Board of Supervisors,,Justin Brandt,REP,704,274,430
Black Hawk,WL 1-5,County Board of Supervisors,,Justin Brandt,REP,396,148,248
Black Hawk,WL 1-6,County Board of Supervisors,,Justin Brandt,REP,1096,540,556
Black Hawk,WL 2-1,County Board of Supervisors,,Justin Brandt,REP,750,374,376
Black Hawk,WL 2-2,County Board of Supervisors,,Justin Brandt,REP,379,146,233
Black Hawk,WL 2-3,County Board of Supervisors,,Justin Brandt,REP,467,169,298
Black Hawk,WL 2-4,County Board of Supervisors,,Justin Brandt,REP,461,186,275
Black Hawk,WL 2-5,County Board of Supervisors,,Justin Brandt,REP,463,170,293
Black Hawk,WL 2-6,County Board of Supervisors,,Justin Brandt,REP,432,160,272
Black Hawk,WL 3-1,County Board of Supervisors,,Justin Brandt,REP,495,218,277
Black Hawk,WL 3-2,County Board of Supervisors,,Justin Brandt,REP,293,101,192
Black Hawk,WL 3-3,County Board of Supervisors,,Justin Brandt,REP,250,69,181
Black Hawk,WL 3-4,County Board of Supervisors,,Justin Brandt,REP,206,57,149
Black Hawk,WL 3-5,County Board of Supervisors,,Justin Brandt,REP,504,126,378
Black Hawk,WL 3-6,County Board of Supervisors,,Justin Brandt,REP,203,90,113
Black Hawk,WL 4-1,County Board of Supervisors,,Justin Brandt,REP,184,70,114
Black Hawk,WL 4-2,County Board of Supervisors,,Justin Brandt,REP,134,57,77
Black Hawk,WL 4-3,County Board of Supervisors,,Justin Brandt,REP,64,16,48
Black Hawk,WL 4-4,County Board of Supervisors,,Justin Brandt,REP,294,108,186
Black Hawk,WL 4-5,County Board of Supervisors,,Justin Brandt,REP,136,50,86
Black Hawk,WL 4-6,County Board of Supervisors,,Justin Brandt,REP,334,97,237
Black Hawk,WL 5-1,County Board of Supervisors,,Justin Brandt,REP,131,54,77
Black Hawk,WL 5-2,County Board of Supervisors,,Justin Brandt,REP,392,102,290
Black Hawk,WL 5-3,County Board of Supervisors,,Justin Brandt,REP,296,101,195
Black Hawk,WL 5-4,County Board of Supervisors,,Justin Brandt,REP,444,180,264
Black Hawk,WL 5-5,County Board of Supervisors,,Justin Brandt,REP,612,217,395
Black Hawk,WL 5-6,County Board of Supervisors,,Justin Brandt,REP,480,203,277
Black Hawk,Barclay/Benn/Lester/Dunkerton,County Board of Supervisors,,Kamyar Enshayan,DEM,361,133,228
Black Hawk,Big Creek/Spring Creek/LPC,County Board of Supervisors,,Kamyar Enshayan,DEM,449,166,283
Black Hawk,Black Hawk/Cedar Falls/Lincoln,County Board of Supervisors,,Kamyar Enshayan,DEM,184,94,90
Black Hawk,CF 1-1,County Board of Supervisors,,Kamyar Enshayan,DEM,358,117,241
Black Hawk,CF 1-2,County Board of Supervisors,,Kamyar Enshayan,DEM,911,403,508
Black Hawk,CF 1-3,County Board of Supervisors,,Kamyar Enshayan,DEM,812,364,448
Black Hawk,CF 2-1,County Board of Supervisors,,Kamyar Enshayan,DEM,231,81,150
Black Hawk,CF 2-2,County Board of Supervisors,,Kamyar Enshayan,DEM,671,301,370
Black Hawk,CF 2-3,County Board of Supervisors,,Kamyar Enshayan,DEM,666,287,379
Black Hawk,CF 3-1,County Board of Supervisors,,Kamyar Enshayan,DEM,663,315,348
Black Hawk,CF 3-2,County Board of Supervisors,,Kamyar Enshayan,DEM,715,400,315
Black Hawk,CF 3-3,County Board of Supervisors,,Kamyar Enshayan,DEM,602,263,339
Black Hawk,CF 4-1,County Board of Supervisors,,Kamyar Enshayan,DEM,513,161,352
Black Hawk,CF 4-2,County Board of Supervisors,,Kamyar Enshayan,DEM,728,316,412
Black Hawk,CF 4-3,County Board of Supervisors,,Kamyar Enshayan,DEM,691,334,357
Black Hawk,CF 5-1,County Board of Supervisors,,Kamyar Enshayan,DEM,752,355,397
Black Hawk,CF 5-2,County Board of Supervisors,,Kamyar Enshayan,DEM,711,360,351
Black Hawk,CF 5-3,County Board of Supervisors,,Kamyar Enshayan,DEM,883,599,284
Black Hawk,Cedar/Poyner2/Gilbertville,County Board of Supervisors,,Kamyar Enshayan,DEM,494,247,247
Black Hawk,Eagle/Orange,County Board of Supervisors,,Kamyar Enshayan,DEM,131,76,55
Black Hawk,Elk Run Heights,County Board of Supervisors,,Kamyar Enshayan,DEM,195,61,134
Black Hawk,Evansdale Ward 1,County Board of Supervisors,,Kamyar Enshayan,DEM,177,74,103
Black Hawk,Evansdale Ward 2,County Board of Supervisors,,Kamyar Enshayan,DEM,185,69,116
Black Hawk,Evansdale Ward 3,County Board of Supervisors,,Kamyar Enshayan,DEM,180,67,113
Black Hawk,Evansdale Ward 4,County Board of Supervisors,,Kamyar Enshayan,DEM,166,60,106
Black Hawk,Hudson,County Board of Supervisors,,Kamyar Enshayan,DEM,503,224,279
Black Hawk,Mt. Vernon,County Board of Supervisors,,Kamyar Enshayan,DEM,198,115,83
Black Hawk,Poyner1/EWL/Raymond/Fox/Jesup,County Board of Supervisors,,Kamyar Enshayan,DEM,430,216,214
Black Hawk,Union/Washington/Janesville,County Board of Supervisors,,Kamyar Enshayan,DEM,324,167,157
Black Hawk,WL 1-1,County Board of Supervisors,,Kamyar Enshayan,DEM,318,173,145
Black Hawk,WL 1-2,County Board of Supervisors,,Kamyar Enshayan,DEM,451,256,195
Black Hawk,WL 1-3,County Board of Supervisors,,Kamyar Enshayan,DEM,340,141,199
Black Hawk,WL 1-4,County Board of Supervisors,,Kamyar Enshayan,DEM,516,280,236
Black Hawk,WL 1-5,County Board of Supervisors,,Kamyar Enshayan,DEM,315,153,162
Black Hawk,WL 1-6,County Board of Supervisors,,Kamyar Enshayan,DEM,648,400,248
Black Hawk,WL 2-1,County Board of Supervisors,,Kamyar Enshayan,DEM,608,387,221
Black Hawk,WL 2-2,County Board of Supervisors,,Kamyar Enshayan,DEM,348,157,191
Black Hawk,WL 2-3,County Board of Supervisors,,Kamyar Enshayan,DEM,357,181,176
Black Hawk,WL 2-4,County Board of Supervisors,,Kamyar Enshayan,DEM,373,206,167
Black Hawk,WL 2-5,County Board of Supervisors,,Kamyar Enshayan,DEM,326,169,157
Black Hawk,WL 2-6,County Board of Supervisors,,Kamyar Enshayan,DEM,269,136,133
Black Hawk,WL 3-1,County Board of Supervisors,,Kamyar Enshayan,DEM,461,286,175
Black Hawk,WL 3-2,County Board of Supervisors,,Kamyar Enshayan,DEM,327,172,155
Black Hawk,WL 3-3,County Board of Supervisors,,Kamyar Enshayan,DEM,356,145,211
Black Hawk,WL 3-4,County Board of Supervisors,,Kamyar Enshayan,DEM,298,118,180
Black Hawk,WL 3-5,County Board of Supervisors,,Kamyar Enshayan,DEM,379,161,218
Black Hawk,WL 3-6,County Board of Supervisors,,Kamyar Enshayan,DEM,241,127,114
Black Hawk,WL 4-1,County Board of Supervisors,,Kamyar Enshayan,DEM,418,201,217
Black Hawk,WL 4-2,County Board of Supervisors,,Kamyar Enshayan,DEM,341,190,151
Black Hawk,WL 4-3,County Board of Supervisors,,Kamyar Enshayan,DEM,267,147,120
Black Hawk,WL 4-4,County Board of Supervisors,,Kamyar Enshayan,DEM,272,122,150
Black Hawk,WL 4-5,County Board of Supervisors,,Kamyar Enshayan,DEM,216,96,120
Black Hawk,WL 4-6,County Board of Supervisors,,Kamyar Enshayan,DEM,277,129,148
Black Hawk,WL 5-1,County Board of Supervisors,,Kamyar Enshayan,DEM,149,66,83
Black Hawk,WL 5-2,County Board of Supervisors,,Kamyar Enshayan,DEM,385,145,240
Black Hawk,WL 5-3,County Board of Supervisors,,Kamyar Enshayan,DEM,281,127,154
Black Hawk,WL 5-4,County Board of Supervisors,,Kamyar Enshayan,DEM,405,202,203
Black Hawk,WL 5-5,County Board of Supervisors,,Kamyar Enshayan,DEM,587,268,319
Black Hawk,WL 5-6,County Board of Supervisors,,Kamyar Enshayan,DEM,427,263,164
Black Hawk,Barclay/Benn/Lester/Dunkerton,County Board of Supervisors,,Linda L. Laylin,DEM,472,165,307
Black Hawk,Big Creek/Spring Creek/LPC,County Board of Supervisors,,Linda L. Laylin,DEM,615,220,395
Black Hawk,Black Hawk/Cedar Falls/Lincoln,County Board of Supervisors,,Linda L. Laylin,DEM,232,114,118
Black Hawk,CF 1-1,County Board of Supervisors,,Linda L. Laylin,DEM,438,140,298
Black Hawk,CF 1-2,County Board of Supervisors,,Linda L. Laylin,DEM,918,412,506
Black Hawk,CF 1-3,County Board of Supervisors,,Linda L. Laylin,DEM,770,355,415
Black Hawk,CF 2-1,County Board of Supervisors,,Linda L. Laylin,DEM,307,98,209
Black Hawk,CF 2-2,County Board of Supervisors,,Linda L. Laylin,DEM,703,324,379
Black Hawk,CF 2-3,County Board of Supervisors,,Linda L. Laylin,DEM,728,305,423
Black Hawk,CF 3-1,County Board of Supervisors,,Linda L. Laylin,DEM,748,364,384
Black Hawk,CF 3-2,County Board of Supervisors,,Linda L. Laylin,DEM,769,414,355
Black Hawk,CF 3-3,County Board of Supervisors,,Linda L. Laylin,DEM,665,274,391
Black Hawk,CF 4-1,County Board of Supervisors,,Linda L. Laylin,DEM,580,181,399
Black Hawk,CF 4-2,County Board of Supervisors,,Linda L. Laylin,DEM,703,311,392
Black Hawk,CF 4-3,County Board of Supervisors,,Linda L. Laylin,DEM,723,352,371
Black Hawk,CF 5-1,County Board of Supervisors,,Linda L. Laylin,DEM,882,417,465
Black Hawk,CF 5-2,County Board of Supervisors,,Linda L. Laylin,DEM,806,396,410
Black Hawk,CF 5-3,County Board of Supervisors,,Linda L. Laylin,DEM,1023,700,323
Black Hawk,Cedar/Poyner2/Gilbertville,County Board of Supervisors,,Linda L. Laylin,DEM,616,305,311
Black Hawk,Eagle/Orange,County Board of Supervisors,,Linda L. Laylin,DEM,179,91,88
Black Hawk,Elk Run Heights,County Board of Supervisors,,Linda L. Laylin,DEM,250,71,179
Black Hawk,Evansdale Ward 1,County Board of Supervisors,,Linda L. Laylin,DEM,227,83,144
Black Hawk,Evansdale Ward 2,County Board of Supervisors,,Linda L. Laylin,DEM,241,85,156
Black Hawk,Evansdale Ward 3,County Board of Supervisors,,Linda L. Laylin,DEM,221,69,152
Black Hawk,Evansdale Ward 4,County Board of Supervisors,,Linda L. Laylin,DEM,207,73,134
Black Hawk,Hudson,County Board of Supervisors,,Linda L. Laylin,DEM,683,272,411
Black Hawk,Mt. Vernon,County Board of Supervisors,,Linda L. Laylin,DEM,255,144,111
Black Hawk,Poyner1/EWL/Raymond/Fox/Jesup,County Board of Supervisors,,Linda L. Laylin,DEM,533,242,291
Black Hawk,Union/Washington/Janesville,County Board of Supervisors,,Linda L. Laylin,DEM,405,189,216
Black Hawk,WL 1-1,County Board of Supervisors,,Linda L. Laylin,DEM,348,191,157
Black Hawk,WL 1-2,County Board of Supervisors,,Linda L. Laylin,DEM,519,295,224
Black Hawk,WL 1-3,County Board of Supervisors,,Linda L. Laylin,DEM,434,171,263
Black Hawk,WL 1-4,County Board of Supervisors,,Linda L. Laylin,DEM,629,340,289
Black Hawk,WL 1-5,County Board of Supervisors,,Linda L. Laylin,DEM,354,172,182
Black Hawk,WL 1-6,County Board of Supervisors,,Linda L. Laylin,DEM,884,524,360
Black Hawk,WL 2-1,County Board of Supervisors,,Linda L. Laylin,DEM,734,460,274
Black Hawk,WL 2-2,County Board of Supervisors,,Linda L. Laylin,DEM,399,176,223
Black Hawk,WL 2-3,County Board of Supervisors,,Linda L. Laylin,DEM,479,228,251
Black Hawk,WL 2-4,County Board of Supervisors,,Linda L. Laylin,DEM,435,234,201
Black Hawk,WL 2-5,County Board of Supervisors,,Linda L. Laylin,DEM,377,200,177
Black Hawk,WL 2-6,County Board of Supervisors,,Linda L. Laylin,DEM,364,181,183
Black Hawk,WL 3-1,County Board of Supervisors,,Linda L. Laylin,DEM,539,322,217
Black Hawk,WL 3-2,County Board of Supervisors,,Linda L. Laylin,DEM,344,182,162
Black Hawk,WL 3-3,County Board of Supervisors,,Linda L. Laylin,DEM,419,169,250
Black Hawk,WL 3-4,County Board of Supervisors,,Linda L. Laylin,DEM,307,125,182
Black Hawk,WL 3-5,County Board of Supervisors,,Linda L. Laylin,DEM,453,182,271
Black Hawk,WL 3-6,County Board of Supervisors,,Linda L. Laylin,DEM,311,160,151
Black Hawk,WL 4-1,County Board of Supervisors,,Linda L. Laylin,DEM,442,211,231
Black Hawk,WL 4-2,County Board of Supervisors,,Linda L. Laylin,DEM,332,189,143
Black Hawk,WL 4-3,County Board of Supervisors,,Linda L. Laylin,DEM,339,177,162
Black Hawk,WL 4-4,County Board of Supervisors,,Linda L. Laylin,DEM,277,134,143
Black Hawk,WL 4-5,County Board of Supervisors,,Linda L. Laylin,DEM,223,110,113
Black Hawk,WL 4-6,County Board of Supervisors,,Linda L. Laylin,DEM,347,157,190
Black Hawk,WL 5-1,County Board of Supervisors,,Linda L. Laylin,DEM,160,73,87
Black Hawk,WL 5-2,County Board of Supervisors,,Linda L. Laylin,DEM,415,156,259
Black Hawk,WL 5-3,County Board of Supervisors,,Linda L. Laylin,DEM,360,153,207
Black Hawk,WL 5-4,County Board of Supervisors,,Linda L. Laylin,DEM,472,241,231
Black Hawk,WL 5-5,County Board of Supervisors,,Linda L. Laylin,DEM,657,310,347
Black Hawk,WL 5-6,County Board of Supervisors,,Linda L. Laylin,DEM,542,321,221
Black Hawk,Barclay/Benn/Lester/Dunkerton,County Board of Supervisors,,Write-In,,7,0,7
Black Hawk,Big Creek/Spring Creek/LPC,County Board of Supervisors,,Write-In,,3,1,2
Black Hawk,Black Hawk/Cedar Falls/Lincoln,County Board of Supervisors,,Write-In,,1,1,0
Black Hawk,CF 1-1,County Board of Supervisors,,Write-In,,8,0,8
Black Hawk,CF 1-2,County Board of Supervisors,,Write-In,,4,0,4
Black Hawk,CF 1-3,County Board of Supervisors,,Write-In,,4,0,4
Black Hawk,CF 2-1,County Board of Supervisors,,Write-In,,4,1,3
Black Hawk,CF 2-2,County Board of Supervisors,,Write-In,,8,3,5
Black Hawk,CF 2-3,County Board of Supervisors,,Write-In,,7,2,5
Black Hawk,CF 3-1,County Board of Supervisors,,Write-In,,13,8,5
Black Hawk,CF 3-2,County Board of Supervisors,,Write-In,,9,2,7
Black Hawk,CF 3-3,County Board of Supervisors,,Write-In,,11,5,6
Black Hawk,CF 4-1,County Board of Supervisors,,Write-In,,2,0,2
Black Hawk,CF 4-2,County Board of Supervisors,,Write-In,,3,2,1
Black Hawk,CF 4-3,County Board of Supervisors,,Write-In,,15,5,10
Black Hawk,CF 5-1,County Board of Supervisors,,Write-In,,2,2,0
Black Hawk,CF 5-2,County Board of Supervisors,,Write-In,,2,1,1
Black Hawk,CF 5-3,County Board of Supervisors,,Write-In,,6,6,0
Black Hawk,Cedar/Poyner2/Gilbertville,County Board of Supervisors,,Write-In,,12,3,9
Black Hawk,Eagle/Orange,County Board of Supervisors,,Write-In,,2,1,1
Black Hawk,Elk Run Heights,County Board of Supervisors,,Write-In,,0,0,0
Black Hawk,Evansdale Ward 1,County Board of Supervisors,,Write-In,,4,1,3
Black Hawk,Evansdale Ward 2,County Board of Supervisors,,Write-In,,3,1,2
Black Hawk,Evansdale Ward 3,County Board of Supervisors,,Write-In,,4,0,4
Black Hawk,Evansdale Ward 4,County Board of Supervisors,,Write-In,,3,0,3
Black Hawk,Hudson,County Board of Supervisors,,Write-In,,1,0,1
Black Hawk,Mt. Vernon,County Board of Supervisors,,Write-In,,4,2,2
Black Hawk,Poyner1/EWL/Raymond/Fox/Jesup,County Board of Supervisors,,Write-In,,3,0,3
Black Hawk,Union/Washington/Janesville,County Board of Supervisors,,Write-In,,6,2,4
Black Hawk,WL 1-1,County Board of Supervisors,,Write-In,,2,0,2
Black Hawk,WL 1-2,County Board of Supervisors,,Write-In,,4,4,0
Black Hawk,WL 1-3,County Board of Supervisors,,Write-In,,4,0,4
Black Hawk,WL 1-4,County Board of Supervisors,,Write-In,,7,6,1
Black Hawk,WL 1-5,County Board of Supervisors,,Write-In,,1,0,1
Black Hawk,WL 1-6,County Board of Supervisors,,Write-In,,7,3,4
Black Hawk,WL 2-1,County Board of Supervisors,,Write-In,,4,1,3
Black Hawk,WL 2-2,County Board of Supervisors,,Write-In,,4,1,3
Black Hawk,WL 2-3,County Board of Supervisors,,Write-In,,2,0,2
Black Hawk,WL 2-4,County Board of Supervisors,,Write-In,,5,1,4
Black Hawk,WL 2-5,County Board of Supervisors,,Write-In,,3,1,2
Black Hawk,WL 2-6,County Board of Supervisors,,Write-In,,2,1,1
Black Hawk,WL 3-1,County Board of Supervisors,,Write-In,,5,3,2
Black Hawk,WL 3-2,County Board of Supervisors,,Write-In,,10,7,3
Black Hawk,WL 3-3,County Board of Supervisors,,Write-In,,3,2,1
Black Hawk,WL 3-4,County Board of Supervisors,,Write-In,,0,0,0
Black Hawk,WL 3-5,County Board of Supervisors,,Write-In,,6,1,5
Black Hawk,WL 3-6,County Board of Supervisors,,Write-In,,1,0,1
Black Hawk,WL 4-1,County Board of Supervisors,,Write-In,,6,1,5
Black Hawk,WL 4-2,County Board of Supervisors,,Write-In,,4,1,3
Black Hawk,WL 4-3,County Board of Supervisors,,Write-In,,0,0,0
Black Hawk,WL 4-4,County Board of Supervisors,,Write-In,,0,0,0
Black Hawk,WL 4-5,County Board of Supervisors,,Write-In,,1,0,1
Black Hawk,WL 4-6,County Board of Supervisors,,Write-In,,1,1,0
Black Hawk,WL 5-1,County Board of Supervisors,,Write-In,,4,2,2
Black Hawk,WL 5-2,County Board of Supervisors,,Write-In,,1,0,1
Black Hawk,WL 5-3,County Board of Supervisors,,Write-In,,0,0,0
Black Hawk,WL 5-4,County Board of Supervisors,,Write-In,,2,2,0
Black Hawk,WL 5-5,County Board of Supervisors,,Write-In,,12,7,5
Black Hawk,WL 5-6,County Board of Supervisors,,Write-In,,3,0,3
Black Hawk,Barclay/Benn/Lester/Dunkerton,County Sheriff,,Nathan Neff,DEM,897,237,660
Black Hawk,Big Creek/Spring Creek/LPC,County Sheriff,,Nathan Neff,DEM,1073,308,765
Black Hawk,Black Hawk/Cedar Falls/Lincoln,County Sheriff,,Nathan Neff,DEM,417,175,242
Black Hawk,CF 1-1,County Sheriff,,Nathan Neff,DEM,593,172,421
Black Hawk,CF 1-2,County Sheriff,,Nathan Neff,DEM,1232,484,748
Black Hawk,CF 1-3,County Sheriff,,Nathan Neff,DEM,988,428,560
Black Hawk,CF 2-1,County Sheriff,,Nathan Neff,DEM,395,127,268
Black Hawk,CF 2-2,County Sheriff,,Nathan Neff,DEM,1105,425,680
Black Hawk,CF 2-3,County Sheriff,,Nathan Neff,DEM,1148,413,735
Black Hawk,CF 3-1,County Sheriff,,Nathan Neff,DEM,1039,448,591
Black Hawk,CF 3-2,County Sheriff,,Nathan Neff,DEM,1089,524,565
Black Hawk,CF 3-3,County Sheriff,,Nathan Neff,DEM,1033,388,645
Black Hawk,CF 4-1,County Sheriff,,Nathan Neff,DEM,807,216,591
Black Hawk,CF 4-2,County Sheriff,,Nathan Neff,DEM,996,390,606
Black Hawk,CF 4-3,County Sheriff,,Nathan Neff,DEM,994,427,567
Black Hawk,CF 5-1,County Sheriff,,Nathan Neff,DEM,1194,497,697
Black Hawk,CF 5-2,County Sheriff,,Nathan Neff,DEM,1097,478,619
Black Hawk,CF 5-3,County Sheriff,,Nathan Neff,DEM,1350,846,504
Black Hawk,Cedar/Poyner2/Gilbertville,County Sheriff,,Nathan Neff,DEM,1047,409,638
Black Hawk,Eagle/Orange,County Sheriff,,Nathan Neff,DEM,323,120,203
Black Hawk,Elk Run Heights,County Sheriff,,Nathan Neff,DEM,413,94,319
Black Hawk,Evansdale Ward 1,County Sheriff,,Nathan Neff,DEM,385,118,267
Black Hawk,Evansdale Ward 2,County Sheriff,,Nathan Neff,DEM,351,107,244
Black Hawk,Evansdale Ward 3,County Sheriff,,Nathan Neff,DEM,397,109,288
Black Hawk,Evansdale Ward 4,County Sheriff,,Nathan Neff,DEM,355,107,248
Black Hawk,Hudson,County Sheriff,,Nathan Neff,DEM,1091,350,741
Black Hawk,Mt. Vernon,County Sheriff,,Nathan Neff,DEM,415,178,237
Black Hawk,Poyner1/EWL/Raymond/Fox/Jesup,County Sheriff,,Nathan Neff,DEM,950,361,589
Black Hawk,Union/Washington/Janesville,County Sheriff,,Nathan Neff,DEM,674,257,417
Black Hawk,WL 1-1,County Sheriff,,Nathan Neff,DEM,548,255,293
Black Hawk,WL 1-2,County Sheriff,,Nathan Neff,DEM,809,392,417
Black Hawk,WL 1-3,County Sheriff,,Nathan Neff,DEM,624,224,400
Black Hawk,WL 1-4,County Sheriff,,Nathan Neff,DEM,987,462,525
Black Hawk,WL 1-5,County Sheriff,,Nathan Neff,DEM,570,234,336
Black Hawk,WL 1-6,County Sheriff,,Nathan Neff,DEM,1306,695,611
Black Hawk,WL 2-1,County Sheriff,,Nathan Neff,DEM,1005,560,445
Black Hawk,WL 2-2,County Sheriff,,Nathan Neff,DEM,610,256,354
Black Hawk,WL 2-3,County Sheriff,,Nathan Neff,DEM,706,289,417
Black Hawk,WL 2-4,County Sheriff,,Nathan Neff,DEM,672,325,347
Black Hawk,WL 2-5,County Sheriff,,Nathan Neff,DEM,589,264,325
Black Hawk,WL 2-6,County Sheriff,,Nathan Neff,DEM,492,211,281
Black Hawk,WL 3-1,County Sheriff,,Nathan Neff,DEM,789,422,367
Black Hawk,WL 3-2,County Sheriff,,Nathan Neff,DEM,558,248,310
Black Hawk,WL 3-3,County Sheriff,,Nathan Neff,DEM,627,229,398
Black Hawk,WL 3-4,County Sheriff,,Nathan Neff,DEM,512,182,330
Black Hawk,WL 3-5,County Sheriff,,Nathan Neff,DEM,789,253,536
Black Hawk,WL 3-6,County Sheriff,,Nathan Neff,DEM,428,206,222
Black Hawk,WL 4-1,County Sheriff,,Nathan Neff,DEM,667,280,387
Black Hawk,WL 4-2,County Sheriff,,Nathan Neff,DEM,482,251,231
Black Hawk,WL 4-3,County Sheriff,,Nathan Neff,DEM,444,214,230
Black Hawk,WL 4-4,County Sheriff,,Nathan Neff,DEM,499,193,306
Black Hawk,WL 4-5,County Sheriff,,Nathan Neff,DEM,373,157,216
Black Hawk,WL 4-6,County Sheriff,,Nathan Neff,DEM,542,199,343
Black Hawk,WL 5-1,County Sheriff,,Nathan Neff,DEM,252,102,150
Black Hawk,WL 5-2,County Sheriff,,Nathan Neff,DEM,683,215,468
Black Hawk,WL 5-3,County Sheriff,,Nathan Neff,DEM,541,212,329
Black Hawk,WL 5-4,County Sheriff,,Nathan Neff,DEM,715,331,384
Black Hawk,WL 5-5,County Sheriff,,Nathan Neff,DEM,977,400,577
Black Hawk,WL 5-6,County Sheriff,,Nathan Neff,DEM,751,400,351
Black Hawk,Barclay/Benn/Lester/Dunkerton,County Sheriff,,Write-In,,26,5,21
Black Hawk,Big Creek/Spring Creek/LPC,County Sheriff,,Write-In,,23,4,19
Black Hawk,Black Hawk/Cedar Falls/Lincoln,County Sheriff,,Write-In,,12,3,9
Black Hawk,CF 1-1,County Sheriff,,Write-In,,10,3,7
Black Hawk,CF 1-2,County Sheriff,,Write-In,,28,10,18
Black Hawk,CF 1-3,County Sheriff,,Write-In,,15,7,8
Black Hawk,CF 2-1,County Sheriff,,Write-In,,6,3,3
Black Hawk,CF 2-2,County Sheriff,,Write-In,,19,4,15
Black Hawk,CF 2-3,County Sheriff,,Write-In,,17,9,8
Black Hawk,CF 3-1,County Sheriff,,Write-In,,23,9,14
Black Hawk,CF 3-2,County Sheriff,,Write-In,,22,3,19
Black Hawk,CF 3-3,County Sheriff,,Write-In,,22,4,18
Black Hawk,CF 4-1,County Sheriff,,Write-In,,20,5,15
Black Hawk,CF 4-2,County Sheriff,,Write-In,,21,7,14
Black Hawk,CF 4-3,County Sheriff,,Write-In,,19,4,15
Black Hawk,CF 5-1,County Sheriff,,Write-In,,18,4,14
Black Hawk,CF 5-2,County Sheriff,,Write-In,,20,3,17
Black Hawk,CF 5-3,County Sheriff,,Write-In,,17,11,6
Black Hawk,Cedar/Poyner2/Gilbertville,County Sheriff,,Write-In,,25,6,19
Black Hawk,Eagle/Orange,County Sheriff,,Write-In,,13,3,10
Black Hawk,Elk Run Heights,County Sheriff,,Write-In,,14,2,12
Black Hawk,Evansdale Ward 1,County Sheriff,,Write-In,,11,3,8
Black Hawk,Evansdale Ward 2,County Sheriff,,Write-In,,10,5,5
Black Hawk,Evansdale Ward 3,County Sheriff,,Write-In,,9,0,9
Black Hawk,Evansdale Ward 4,County Sheriff,,Write-In,,13,2,11
Black Hawk,Hudson,County Sheriff,,Write-In,,29,6,23
Black Hawk,Mt. Vernon,County Sheriff,,Write-In,,9,4,5
Black Hawk,Poyner1/EWL/Raymond/Fox/Jesup,County Sheriff,,Write-In,,25,7,18
Black Hawk,Union/Washington/Janesville,County Sheriff,,Write-In,,18,6,12
Black Hawk,WL 1-1,County Sheriff,,Write-In,,11,2,9
Black Hawk,WL 1-2,County Sheriff,,Write-In,,25,9,16
Black Hawk,WL 1-3,County Sheriff,,Write-In,,13,2,11
Black Hawk,WL 1-4,County Sheriff,,Write-In,,21,5,16
Black Hawk,WL 1-5,County Sheriff,,Write-In,,8,2,6
Black Hawk,WL 1-6,County Sheriff,,Write-In,,21,9,12
Black Hawk,WL 2-1,County Sheriff,,Write-In,,8,3,5
Black Hawk,WL 2-2,County Sheriff,,Write-In,,14,6,8
Black Hawk,WL 2-3,County Sheriff,,Write-In,,18,6,12
Black Hawk,WL 2-4,County Sheriff,,Write-In,,14,8,6
Black Hawk,WL 2-5,County Sheriff,,Write-In,,14,7,7
Black Hawk,WL 2-6,County Sheriff,,Write-In,,12,3,9
Black Hawk,WL 3-1,County Sheriff,,Write-In,,15,6,9
Black Hawk,WL 3-2,County Sheriff,,Write-In,,13,3,10
Black Hawk,WL 3-3,County Sheriff,,Write-In,,18,5,13
Black Hawk,WL 3-4,County Sheriff,,Write-In,,11,3,8
Black Hawk,WL 3-5,County Sheriff,,Write-In,,40,7,33
Black Hawk,WL 3-6,County Sheriff,,Write-In,,5,1,4
Black Hawk,WL 4-1,County Sheriff,,Write-In,,13,4,9
Black Hawk,WL 4-2,County Sheriff,,Write-In,,12,6,6
Black Hawk,WL 4-3,County Sheriff,,Write-In,,5,3,2
Black Hawk,WL 4-4,County Sheriff,,Write-In,,15,4,11
Black Hawk,WL 4-5,County Sheriff,,Write-In,,5,2,3
Black Hawk,WL 4-6,County Sheriff,,Write-In,,11,3,8
Black Hawk,WL 5-1,County Sheriff,,Write-In,,6,3,3
Black Hawk,WL 5-2,County Sheriff,,Write-In,,18,4,14
Black Hawk,WL 5-3,County Sheriff,,Write-In,,9,2,7
Black Hawk,WL 5-4,County Sheriff,,Write-In,,8,2,6
Black Hawk,WL 5-5,County Sheriff,,Write-In,,14,8,6
Black Hawk,WL 5-6,County Sheriff,,Write-In,,10,5,5
Black Hawk,Barclay/Benn/Lester/Dunkerton,Court of Appeals Judge - Mary Elizabeth Chicchelly,,No,,302,81,221
Black Hawk,Big Creek/Spring Creek/LPC,Court of Appeals Judge - Mary Elizabeth Chicchelly,,No,,330,91,239
Black Hawk,Black Hawk/Cedar Falls/Lincoln,Court of Appeals Judge - Mary Elizabeth Chicchelly,,No,,109,43,66
Black Hawk,CF 1-1,Court of Appeals Judge - Mary Elizabeth Chicchelly,,No,,206,56,150
Black Hawk,CF 1-2,Court of Appeals Judge - Mary Elizabeth Chicchelly,,No,,337,119,218
Black Hawk,CF 1-3,Court of Appeals Judge - Mary Elizabeth Chicchelly,,No,,295,131,164
Black Hawk,CF 2-1,Court of Appeals Judge - Mary Elizabeth Chicchelly,,No,,72,20,52
Black Hawk,CF 2-2,Court of Appeals Judge - Mary Elizabeth Chicchelly,,No,,280,93,187
Black Hawk,CF 2-3,Court of Appeals Judge - Mary Elizabeth Chicchelly,,No,,296,110,186
Black Hawk,CF 3-1,Court of Appeals Judge - Mary Elizabeth Chicchelly,,No,,293,109,184
Black Hawk,CF 3-2,Court of Appeals Judge - Mary Elizabeth Chicchelly,,No,,263,120,143
Black Hawk,CF 3-3,Court of Appeals Judge - Mary Elizabeth Chicchelly,,No,,232,79,153
Black Hawk,CF 4-1,Court of Appeals Judge - Mary Elizabeth Chicchelly,,No,,194,39,155
Black Hawk,CF 4-2,Court of Appeals Judge - Mary Elizabeth Chicchelly,,No,,313,134,179
Black Hawk,CF 4-3,Court of Appeals Judge - Mary Elizabeth Chicchelly,,No,,291,124,167
Black Hawk,CF 5-1,Court of Appeals Judge - Mary Elizabeth Chicchelly,,No,,317,120,197
Black Hawk,CF 5-2,Court of Appeals Judge - Mary Elizabeth Chicchelly,,No,,279,114,165
Black Hawk,CF 5-3,Court of Appeals Judge - Mary Elizabeth Chicchelly,,No,,229,131,98
Black Hawk,Cedar/Poyner2/Gilbertville,Court of Appeals Judge - Mary Elizabeth Chicchelly,,No,,312,107,205
Black Hawk,Eagle/Orange,Court of Appeals Judge - Mary Elizabeth Chicchelly,,No,,104,38,66
Black Hawk,Elk Run Heights,Court of Appeals Judge - Mary Elizabeth Chicchelly,,No,,111,27,84
Black Hawk,Evansdale Ward 1,Court of Appeals Judge - Mary Elizabeth Chicchelly,,No,,107,33,74
Black Hawk,Evansdale Ward 2,Court of Appeals Judge - Mary Elizabeth Chicchelly,,No,,108,32,76
Black Hawk,Evansdale Ward 3,Court of Appeals Judge - Mary Elizabeth Chicchelly,,No,,111,32,79
Black Hawk,Evansdale Ward 4,Court of Appeals Judge - Mary Elizabeth Chicchelly,,No,,105,39,66
Black Hawk,Hudson,Court of Appeals Judge - Mary Elizabeth Chicchelly,,No,,293,100,193
Black Hawk,Mt. Vernon,Court of Appeals Judge - Mary Elizabeth Chicchelly,,No,,116,52,64
Black Hawk,Poyner1/EWL/Raymond/Fox/Jesup,Court of Appeals Judge - Mary Elizabeth Chicchelly,,No,,282,94,188
Black Hawk,Union/Washington/Janesville,Court of Appeals Judge - Mary Elizabeth Chicchelly,,No,,204,68,136
Black Hawk,WL 1-1,Court of Appeals Judge - Mary Elizabeth Chicchelly,,No,,145,74,71
Black Hawk,WL 1-2,Court of Appeals Judge - Mary Elizabeth Chicchelly,,No,,233,111,122
Black Hawk,WL 1-3,Court of Appeals Judge - Mary Elizabeth Chicchelly,,No,,215,62,153
Black Hawk,WL 1-4,Court of Appeals Judge - Mary Elizabeth Chicchelly,,No,,305,140,165
Black Hawk,WL 1-5,Court of Appeals Judge - Mary Elizabeth Chicchelly,,No,,170,60,110
Black Hawk,WL 1-6,Court of Appeals Judge - Mary Elizabeth Chicchelly,,No,,313,149,164
Black Hawk,WL 2-1,Court of Appeals Judge - Mary Elizabeth Chicchelly,,No,,216,110,106
Black Hawk,WL 2-2,Court of Appeals Judge - Mary Elizabeth Chicchelly,,No,,149,61,88
Black Hawk,WL 2-3,Court of Appeals Judge - Mary Elizabeth Chicchelly,,No,,217,85,132
Black Hawk,WL 2-4,Court of Appeals Judge - Mary Elizabeth Chicchelly,,No,,204,96,108
Black Hawk,WL 2-5,Court of Appeals Judge - Mary Elizabeth Chicchelly,,No,,173,74,99
Black Hawk,WL 2-6,Court of Appeals Judge - Mary Elizabeth Chicchelly,,No,,123,48,75
Black Hawk,WL 3-1,Court of Appeals Judge - Mary Elizabeth Chicchelly,,No,,224,118,106
Black Hawk,WL 3-2,Court of Appeals Judge - Mary Elizabeth Chicchelly,,No,,174,68,106
Black Hawk,WL 3-3,Court of Appeals Judge - Mary Elizabeth Chicchelly,,No,,153,53,100
Black Hawk,WL 3-4,Court of Appeals Judge - Mary Elizabeth Chicchelly,,No,,155,46,109
Black Hawk,WL 3-5,Court of Appeals Judge - Mary Elizabeth Chicchelly,,No,,301,81,220
Black Hawk,WL 3-6,Court of Appeals Judge - Mary Elizabeth Chicchelly,,No,,122,51,71
Black Hawk,WL 4-1,Court of Appeals Judge - Mary Elizabeth Chicchelly,,No,,178,66,112
Black Hawk,WL 4-2,Court of Appeals Judge - Mary Elizabeth Chicchelly,,No,,141,62,79
Black Hawk,WL 4-3,Court of Appeals Judge - Mary Elizabeth Chicchelly,,No,,111,44,67
Black Hawk,WL 4-4,Court of Appeals Judge - Mary Elizabeth Chicchelly,,No,,157,60,97
Black Hawk,WL 4-5,Court of Appeals Judge - Mary Elizabeth Chicchelly,,No,,111,50,61
Black Hawk,WL 4-6,Court of Appeals Judge - Mary Elizabeth Chicchelly,,No,,176,64,112
Black Hawk,WL 5-1,Court of Appeals Judge - Mary Elizabeth Chicchelly,,No,,75,29,46
Black Hawk,WL 5-2,Court of Appeals Judge - Mary Elizabeth Chicchelly,,No,,197,55,142
Black Hawk,WL 5-3,Court of Appeals Judge - Mary Elizabeth Chicchelly,,No,,168,58,110
Black Hawk,WL 5-4,Court of Appeals Judge - Mary Elizabeth Chicchelly,,No,,203,90,113
Black Hawk,WL 5-5,Court of Appeals Judge - Mary Elizabeth Chicchelly,,No,,269,118,151
Black Hawk,WL 5-6,Court of Appeals Judge - Mary Elizabeth Chicchelly,,No,,177,80,97
Black Hawk,Barclay/Benn/Lester/Dunkerton,Court of Appeals Judge - Mary Elizabeth Chicchelly,,Yes,,638,162,476
Black Hawk,Big Creek/Spring Creek/LPC,Court of Appeals Judge - Mary Elizabeth Chicchelly,,Yes,,809,230,579
Black Hawk,Black Hawk/Cedar Falls/Lincoln,Court of Appeals Judge - Mary Elizabeth Chicchelly,,Yes,,335,132,203
Black Hawk,CF 1-1,Court of Appeals Judge - Mary Elizabeth Chicchelly,,Yes,,373,119,254
Black Hawk,CF 1-2,Court of Appeals Judge - Mary Elizabeth Chicchelly,,Yes,,848,330,518
Black Hawk,CF 1-3,Court of Appeals Judge - Mary Elizabeth Chicchelly,,Yes,,512,251,261
Black Hawk,CF 2-1,Court of Appeals Judge - Mary Elizabeth Chicchelly,,Yes,,191,74,117
Black Hawk,CF 2-2,Court of Appeals Judge - Mary Elizabeth Chicchelly,,Yes,,746,302,444
Black Hawk,CF 2-3,Court of Appeals Judge - Mary Elizabeth Chicchelly,,Yes,,817,304,513
Black Hawk,CF 3-1,Court of Appeals Judge - Mary Elizabeth Chicchelly,,Yes,,776,343,433
Black Hawk,CF 3-2,Court of Appeals Judge - Mary Elizabeth Chicchelly,,Yes,,831,396,435
Black Hawk,CF 3-3,Court of Appeals Judge - Mary Elizabeth Chicchelly,,Yes,,747,273,474
Black Hawk,CF 4-1,Court of Appeals Judge - Mary Elizabeth Chicchelly,,Yes,,507,153,354
Black Hawk,CF 4-2,Court of Appeals Judge - Mary Elizabeth Chicchelly,,Yes,,618,231,387
Black Hawk,CF 4-3,Court of Appeals Judge - Mary Elizabeth Chicchelly,,Yes,,658,274,384
Black Hawk,CF 5-1,Court of Appeals Judge - Mary Elizabeth Chicchelly,,Yes,,830,341,489
Black Hawk,CF 5-2,Court of Appeals Judge - Mary Elizabeth Chicchelly,,Yes,,815,356,459
Black Hawk,CF 5-3,Court of Appeals Judge - Mary Elizabeth Chicchelly,,Yes,,1063,680,383
Black Hawk,Cedar/Poyner2/Gilbertville,Court of Appeals Judge - Mary Elizabeth Chicchelly,,Yes,,734,276,458
Black Hawk,Eagle/Orange,Court of Appeals Judge - Mary Elizabeth Chicchelly,,Yes,,260,94,166
Black Hawk,Elk Run Heights,Court of Appeals Judge - Mary Elizabeth Chicchelly,,Yes,,290,61,229
Black Hawk,Evansdale Ward 1,Court of Appeals Judge - Mary Elizabeth Chicchelly,,Yes,,281,89,192
Black Hawk,Evansdale Ward 2,Court of Appeals Judge - Mary Elizabeth Chicchelly,,Yes,,231,74,157
Black Hawk,Evansdale Ward 3,Court of Appeals Judge - Mary Elizabeth Chicchelly,,Yes,,283,69,214
Black Hawk,Evansdale Ward 4,Court of Appeals Judge - Mary Elizabeth Chicchelly,,Yes,,249,69,180
Black Hawk,Hudson,Court of Appeals Judge - Mary Elizabeth Chicchelly,,Yes,,854,265,589
Black Hawk,Mt. Vernon,Court of Appeals Judge - Mary Elizabeth Chicchelly,,Yes,,292,121,171
Black Hawk,Poyner1/EWL/Raymond/Fox/Jesup,Court of Appeals Judge - Mary Elizabeth Chicchelly,,Yes,,700,258,442
Black Hawk,Union/Washington/Janesville,Court of Appeals Judge - Mary Elizabeth Chicchelly,,Yes,,530,198,332
Black Hawk,WL 1-1,Court of Appeals Judge - Mary Elizabeth Chicchelly,,Yes,,377,176,201
Black Hawk,WL 1-2,Court of Appeals Judge - Mary Elizabeth Chicchelly,,Yes,,526,270,256
Black Hawk,WL 1-3,Court of Appeals Judge - Mary Elizabeth Chicchelly,,Yes,,377,141,236
Black Hawk,WL 1-4,Court of Appeals Judge - Mary Elizabeth Chicchelly,,Yes,,691,307,384
Black Hawk,WL 1-5,Court of Appeals Judge - Mary Elizabeth Chicchelly,,Yes,,384,159,225
Black Hawk,WL 1-6,Court of Appeals Judge - Mary Elizabeth Chicchelly,,Yes,,999,542,457
Black Hawk,WL 2-1,Court of Appeals Judge - Mary Elizabeth Chicchelly,,Yes,,781,441,340
Black Hawk,WL 2-2,Court of Appeals Judge - Mary Elizabeth Chicchelly,,Yes,,422,183,239
Black Hawk,WL 2-3,Court of Appeals Judge - Mary Elizabeth Chicchelly,,Yes,,476,190,286
Black Hawk,WL 2-4,Court of Appeals Judge - Mary Elizabeth Chicchelly,,Yes,,438,222,216
Black Hawk,WL 2-5,Court of Appeals Judge - Mary Elizabeth Chicchelly,,Yes,,419,207,212
Black Hawk,WL 2-6,Court of Appeals Judge - Mary Elizabeth Chicchelly,,Yes,,375,166,209
Black Hawk,WL 3-1,Court of Appeals Judge - Mary Elizabeth Chicchelly,,Yes,,539,274,265
Black Hawk,WL 3-2,Court of Appeals Judge - Mary Elizabeth Chicchelly,,Yes,,355,155,200
Black Hawk,WL 3-3,Court of Appeals Judge - Mary Elizabeth Chicchelly,,Yes,,382,134,248
Black Hawk,WL 3-4,Court of Appeals Judge - Mary Elizabeth Chicchelly,,Yes,,313,108,205
Black Hawk,WL 3-5,Court of Appeals Judge - Mary Elizabeth Chicchelly,,Yes,,509,168,341
Black Hawk,WL 3-6,Court of Appeals Judge - Mary Elizabeth Chicchelly,,Yes,,282,135,147
Black Hawk,WL 4-1,Court of Appeals Judge - Mary Elizabeth Chicchelly,,Yes,,388,172,216
Black Hawk,WL 4-2,Court of Appeals Judge - Mary Elizabeth Chicchelly,,Yes,,299,166,133
Black Hawk,WL 4-3,Court of Appeals Judge - Mary Elizabeth Chicchelly,,Yes,,239,109,130
Black Hawk,WL 4-4,Court of Appeals Judge - Mary Elizabeth Chicchelly,,Yes,,352,129,223
Black Hawk,WL 4-5,Court of Appeals Judge - Mary Elizabeth Chicchelly,,Yes,,211,94,117
Black Hawk,WL 4-6,Court of Appeals Judge - Mary Elizabeth Chicchelly,,Yes,,342,124,218
Black Hawk,WL 5-1,Court of Appeals Judge - Mary Elizabeth Chicchelly,,Yes,,169,70,99
Black Hawk,WL 5-2,Court of Appeals Judge - Mary Elizabeth Chicchelly,,Yes,,437,143,294
Black Hawk,WL 5-3,Court of Appeals Judge - Mary Elizabeth Chicchelly,,Yes,,337,141,196
Black Hawk,WL 5-4,Court of Appeals Judge - Mary Elizabeth Chicchelly,,Yes,,486,227,259
Black Hawk,WL 5-5,Court of Appeals Judge - Mary Elizabeth Chicchelly,,Yes,,670,276,394
Black Hawk,WL 5-6,Court of Appeals Judge - Mary Elizabeth Chicchelly,,Yes,,532,292,240
Black Hawk,Barclay/Benn/Lester/Dunkerton,Court of Appeals Judge - Mary Ellen Tabor,,No,,294,72,222
Black Hawk,Big Creek/Spring Creek/LPC,Court of Appeals Judge - Mary Ellen Tabor,,No,,360,95,265
Black Hawk,Black Hawk/Cedar Falls/Lincoln,Court of Appeals Judge - Mary Ellen Tabor,,No,,116,46,70
Black Hawk,CF 1-1,Court of Appeals Judge - Mary Ellen Tabor,,No,,194,45,149
Black Hawk,CF 1-2,Court of Appeals Judge - Mary Ellen Tabor,,No,,283,94,189
Black Hawk,CF 1-3,Court of Appeals Judge - Mary Ellen Tabor,,No,,210,81,129
Black Hawk,CF 2-1,Court of Appeals Judge - Mary Ellen Tabor,,No,,50,16,34
Black Hawk,CF 2-2,Court of Appeals Judge - Mary Ellen Tabor,,No,,244,82,162
Black Hawk,CF 2-3,Court of Appeals Judge - Mary Ellen Tabor,,No,,282,101,181
Black Hawk,CF 3-1,Court of Appeals Judge - Mary Ellen Tabor,,No,,281,112,169
Black Hawk,CF 3-2,Court of Appeals Judge - Mary Ellen Tabor,,No,,247,103,144
Black Hawk,CF 3-3,Court of Appeals Judge - Mary Ellen Tabor,,No,,209,66,143
Black Hawk,CF 4-1,Court of Appeals Judge - Mary Ellen Tabor,,No,,162,33,129
Black Hawk,CF 4-2,Court of Appeals Judge - Mary Ellen Tabor,,No,,242,81,161
Black Hawk,CF 4-3,Court of Appeals Judge - Mary Ellen Tabor,,No,,268,92,176
Black Hawk,CF 5-1,Court of Appeals Judge - Mary Ellen Tabor,,No,,298,103,195
Black Hawk,CF 5-2,Court of Appeals Judge - Mary Ellen Tabor,,No,,256,92,164
Black Hawk,CF 5-3,Court of Appeals Judge - Mary Ellen Tabor,,No,,225,126,99
Black Hawk,Cedar/Poyner2/Gilbertville,Court of Appeals Judge - Mary Ellen Tabor,,No,,315,96,219
Black Hawk,Eagle/Orange,Court of Appeals Judge - Mary Ellen Tabor,,No,,99,33,66
Black Hawk,Elk Run Heights,Court of Appeals Judge - Mary Ellen Tabor,,No,,109,26,83
Black Hawk,Evansdale Ward 1,Court of Appeals Judge - Mary Ellen Tabor,,No,,95,31,64
Black Hawk,Evansdale Ward 2,Court of Appeals Judge - Mary Ellen Tabor,,No,,97,27,70
Black Hawk,Evansdale Ward 3,Court of Appeals Judge - Mary Ellen Tabor,,No,,97,27,70
Black Hawk,Evansdale Ward 4,Court of Appeals Judge - Mary Ellen Tabor,,No,,90,26,64
Black Hawk,Hudson,Court of Appeals Judge - Mary Ellen Tabor,,No,,320,107,213
Black Hawk,Mt. Vernon,Court of Appeals Judge - Mary Ellen Tabor,,No,,125,59,66
Black Hawk,Poyner1/EWL/Raymond/Fox/Jesup,Court of Appeals Judge - Mary Ellen Tabor,,No,,279,88,191
Black Hawk,Union/Washington/Janesville,Court of Appeals Judge - Mary Ellen Tabor,,No,,193,61,132
Black Hawk,WL 1-1,Court of Appeals Judge - Mary Ellen Tabor,,No,,149,72,77
Black Hawk,WL 1-2,Court of Appeals Judge - Mary Ellen Tabor,,No,,215,102,113
Black Hawk,WL 1-3,Court of Appeals Judge - Mary Ellen Tabor,,No,,180,53,127
Black Hawk,WL 1-4,Court of Appeals Judge - Mary Ellen Tabor,,No,,275,121,154
Black Hawk,WL 1-5,Court of Appeals Judge - Mary Ellen Tabor,,No,,165,59,106
Black Hawk,WL 1-6,Court of Appeals Judge - Mary Ellen Tabor,,No,,324,155,169
Black Hawk,WL 2-1,Court of Appeals Judge - Mary Ellen Tabor,,No,,209,95,114
Black Hawk,WL 2-2,Court of Appeals Judge - Mary Ellen Tabor,,No,,143,63,80
Black Hawk,WL 2-3,Court of Appeals Judge - Mary Ellen Tabor,,No,,213,79,134
Black Hawk,WL 2-4,Court of Appeals Judge - Mary Ellen Tabor,,No,,171,76,95
Black Hawk,WL 2-5,Court of Appeals Judge - Mary Ellen Tabor,,No,,161,61,100
Black Hawk,WL 2-6,Court of Appeals Judge - Mary Ellen Tabor,,No,,142,59,83
Black Hawk,WL 3-1,Court of Appeals Judge - Mary Ellen Tabor,,No,,210,104,106
Black Hawk,WL 3-2,Court of Appeals Judge - Mary Ellen Tabor,,No,,158,60,98
Black Hawk,WL 3-3,Court of Appeals Judge - Mary Ellen Tabor,,No,,147,43,104
Black Hawk,WL 3-4,Court of Appeals Judge - Mary Ellen Tabor,,No,,133,46,87
Black Hawk,WL 3-5,Court of Appeals Judge - Mary Ellen Tabor,,No,,253,63,190
Black Hawk,WL 3-6,Court of Appeals Judge - Mary Ellen Tabor,,No,,116,46,70
Black Hawk,WL 4-1,Court of Appeals Judge - Mary Ellen Tabor,,No,,160,54,106
Black Hawk,WL 4-2,Court of Appeals Judge - Mary Ellen Tabor,,No,,128,59,69
Black Hawk,WL 4-3,Court of Appeals Judge - Mary Ellen Tabor,,No,,103,42,61
Black Hawk,WL 4-4,Court of Appeals Judge - Mary Ellen Tabor,,No,,155,59,96
Black Hawk,WL 4-5,Court of Appeals Judge - Mary Ellen Tabor,,No,,107,39,68
Black Hawk,WL 4-6,Court of Appeals Judge - Mary Ellen Tabor,,No,,160,56,104
Black Hawk,WL 5-1,Court of Appeals Judge - Mary Ellen Tabor,,No,,71,28,43
Black Hawk,WL 5-2,Court of Appeals Judge - Mary Ellen Tabor,,No,,178,42,136
Black Hawk,WL 5-3,Court of Appeals Judge - Mary Ellen Tabor,,No,,162,52,110
Black Hawk,WL 5-4,Court of Appeals Judge - Mary Ellen Tabor,,No,,185,85,100
Black Hawk,WL 5-5,Court of Appeals Judge - Mary Ellen Tabor,,No,,239,99,140
Black Hawk,WL 5-6,Court of Appeals Judge - Mary Ellen Tabor,,No,,173,76,97
Black Hawk,Barclay/Benn/Lester/Dunkerton,Court of Appeals Judge - Mary Ellen Tabor,,Yes,,647,172,475
Black Hawk,Big Creek/Spring Creek/LPC,Court of Appeals Judge - Mary Ellen Tabor,,Yes,,784,225,559
Black Hawk,Black Hawk/Cedar Falls/Lincoln,Court of Appeals Judge - Mary Ellen Tabor,,Yes,,338,134,204
Black Hawk,CF 1-1,Court of Appeals Judge - Mary Ellen Tabor,,Yes,,398,134,264
Black Hawk,CF 1-2,Court of Appeals Judge - Mary Ellen Tabor,,Yes,,916,368,548
Black Hawk,CF 1-3,Court of Appeals Judge - Mary Ellen Tabor,,Yes,,613,310,303
Black Hawk,CF 2-1,Court of Appeals Judge - Mary Ellen Tabor,,Yes,,216,79,137
Black Hawk,CF 2-2,Court of Appeals Judge - Mary Ellen Tabor,,Yes,,788,317,471
Black Hawk,CF 2-3,Court of Appeals Judge - Mary Ellen Tabor,,Yes,,842,315,527
Black Hawk,CF 3-1,Court of Appeals Judge - Mary Ellen Tabor,,Yes,,788,341,447
Black Hawk,CF 3-2,Court of Appeals Judge - Mary Ellen Tabor,,Yes,,857,416,441
Black Hawk,CF 3-3,Court of Appeals Judge - Mary Ellen Tabor,,Yes,,773,290,483
Black Hawk,CF 4-1,Court of Appeals Judge - Mary Ellen Tabor,,Yes,,548,163,385
Black Hawk,CF 4-2,Court of Appeals Judge - Mary Ellen Tabor,,Yes,,702,291,411
Black Hawk,CF 4-3,Court of Appeals Judge - Mary Ellen Tabor,,Yes,,690,310,380
Black Hawk,CF 5-1,Court of Appeals Judge - Mary Ellen Tabor,,Yes,,859,365,494
Black Hawk,CF 5-2,Court of Appeals Judge - Mary Ellen Tabor,,Yes,,843,380,463
Black Hawk,CF 5-3,Court of Appeals Judge - Mary Ellen Tabor,,Yes,,1074,683,391
Black Hawk,Cedar/Poyner2/Gilbertville,Court of Appeals Judge - Mary Ellen Tabor,,Yes,,733,292,441
Black Hawk,Eagle/Orange,Court of Appeals Judge - Mary Ellen Tabor,,Yes,,262,97,165
Black Hawk,Elk Run Heights,Court of Appeals Judge - Mary Ellen Tabor,,Yes,,287,62,225
Black Hawk,Evansdale Ward 1,Court of Appeals Judge - Mary Ellen Tabor,,Yes,,297,93,204
Black Hawk,Evansdale Ward 2,Court of Appeals Judge - Mary Ellen Tabor,,Yes,,246,83,163
Black Hawk,Evansdale Ward 3,Court of Appeals Judge - Mary Ellen Tabor,,Yes,,295,73,222
Black Hawk,Evansdale Ward 4,Court of Appeals Judge - Mary Ellen Tabor,,Yes,,269,85,184
Black Hawk,Hudson,Court of Appeals Judge - Mary Ellen Tabor,,Yes,,831,257,574
Black Hawk,Mt. Vernon,Court of Appeals Judge - Mary Ellen Tabor,,Yes,,286,117,169
Black Hawk,Poyner1/EWL/Raymond/Fox/Jesup,Court of Appeals Judge - Mary Ellen Tabor,,Yes,,710,264,446
Black Hawk,Union/Washington/Janesville,Court of Appeals Judge - Mary Ellen Tabor,,Yes,,542,207,335
Black Hawk,WL 1-1,Court of Appeals Judge - Mary Ellen Tabor,,Yes,,373,176,197
Black Hawk,WL 1-2,Court of Appeals Judge - Mary Ellen Tabor,,Yes,,550,281,269
Black Hawk,WL 1-3,Court of Appeals Judge - Mary Ellen Tabor,,Yes,,416,151,265
Black Hawk,WL 1-4,Court of Appeals Judge - Mary Ellen Tabor,,Yes,,720,326,394
Black Hawk,WL 1-5,Court of Appeals Judge - Mary Ellen Tabor,,Yes,,392,157,235
Black Hawk,WL 1-6,Court of Appeals Judge - Mary Ellen Tabor,,Yes,,994,539,455
Black Hawk,WL 2-1,Court of Appeals Judge - Mary Ellen Tabor,,Yes,,780,450,330
Black Hawk,WL 2-2,Court of Appeals Judge - Mary Ellen Tabor,,Yes,,430,183,247
Black Hawk,WL 2-3,Court of Appeals Judge - Mary Ellen Tabor,,Yes,,473,202,271
Black Hawk,WL 2-4,Court of Appeals Judge - Mary Ellen Tabor,,Yes,,473,248,225
Black Hawk,WL 2-5,Court of Appeals Judge - Mary Ellen Tabor,,Yes,,429,219,210
Black Hawk,WL 2-6,Court of Appeals Judge - Mary Ellen Tabor,,Yes,,357,155,202
Black Hawk,WL 3-1,Court of Appeals Judge - Mary Ellen Tabor,,Yes,,554,292,262
Black Hawk,WL 3-2,Court of Appeals Judge - Mary Ellen Tabor,,Yes,,370,165,205
Black Hawk,WL 3-3,Court of Appeals Judge - Mary Ellen Tabor,,Yes,,397,148,249
Black Hawk,WL 3-4,Court of Appeals Judge - Mary Ellen Tabor,,Yes,,327,105,222
Black Hawk,WL 3-5,Court of Appeals Judge - Mary Ellen Tabor,,Yes,,559,186,373
Black Hawk,WL 3-6,Court of Appeals Judge - Mary Ellen Tabor,,Yes,,294,144,150
Black Hawk,WL 4-1,Court of Appeals Judge - Mary Ellen Tabor,,Yes,,414,188,226
Black Hawk,WL 4-2,Court of Appeals Judge - Mary Ellen Tabor,,Yes,,320,175,145
Black Hawk,WL 4-3,Court of Appeals Judge - Mary Ellen Tabor,,Yes,,244,113,131
Black Hawk,WL 4-4,Court of Appeals Judge - Mary Ellen Tabor,,Yes,,363,133,230
Black Hawk,WL 4-5,Court of Appeals Judge - Mary Ellen Tabor,,Yes,,219,105,114
Black Hawk,WL 4-6,Court of Appeals Judge - Mary Ellen Tabor,,Yes,,360,135,225
Black Hawk,WL 5-1,Court of Appeals Judge - Mary Ellen Tabor,,Yes,,168,68,100
Black Hawk,WL 5-2,Court of Appeals Judge - Mary Ellen Tabor,,Yes,,456,154,302
Black Hawk,WL 5-3,Court of Appeals Judge - Mary Ellen Tabor,,Yes,,340,144,196
Black Hawk,WL 5-4,Court of Appeals Judge - Mary Ellen Tabor,,Yes,,506,237,269
Black Hawk,WL 5-5,Court of Appeals Judge - Mary Ellen Tabor,,Yes,,715,300,415
Black Hawk,WL 5-6,Court of Appeals Judge - Mary Ellen Tabor,,Yes,,542,301,241
Black Hawk,Barclay/Benn/Lester/Dunkerton,Court of Appeals Judge - Samuel Langholz,,No,,301,85,216
Black Hawk,Big Creek/Spring Creek/LPC,Court of Appeals Judge - Samuel Langholz,,No,,375,119,256
Black Hawk,Black Hawk/Cedar Falls/Lincoln,Court of Appeals Judge - Samuel Langholz,,No,,116,49,67
Black Hawk,CF 1-1,Court of Appeals Judge - Samuel Langholz,,No,,203,58,145
Black Hawk,CF 1-2,Court of Appeals Judge - Samuel Langholz,,No,,438,179,259
Black Hawk,CF 1-3,Court of Appeals Judge - Samuel Langholz,,No,,372,172,200
Black Hawk,CF 2-1,Court of Appeals Judge - Samuel Langholz,,No,,93,20,73
Black Hawk,CF 2-2,Court of Appeals Judge - Samuel Langholz,,No,,313,126,187
Black Hawk,CF 2-3,Court of Appeals Judge - Samuel Langholz,,No,,358,149,209
Black Hawk,CF 3-1,Court of Appeals Judge - Samuel Langholz,,No,,360,147,213
Black Hawk,CF 3-2,Court of Appeals Judge - Samuel Langholz,,No,,340,169,171
Black Hawk,CF 3-3,Court of Appeals Judge - Samuel Langholz,,No,,294,117,177
Black Hawk,CF 4-1,Court of Appeals Judge - Samuel Langholz,,No,,273,64,209
Black Hawk,CF 4-2,Court of Appeals Judge - Samuel Langholz,,No,,360,153,207
Black Hawk,CF 4-3,Court of Appeals Judge - Samuel Langholz,,No,,338,159,179
Black Hawk,CF 5-1,Court of Appeals Judge - Samuel Langholz,,No,,388,157,231
Black Hawk,CF 5-2,Court of Appeals Judge - Samuel Langholz,,No,,324,136,188
Black Hawk,CF 5-3,Court of Appeals Judge - Samuel Langholz,,No,,274,171,103
Black Hawk,Cedar/Poyner2/Gilbertville,Court of Appeals Judge - Samuel Langholz,,No,,347,124,223
Black Hawk,Eagle/Orange,Court of Appeals Judge - Samuel Langholz,,No,,108,47,61
Black Hawk,Elk Run Heights,Court of Appeals Judge - Samuel Langholz,,No,,119,30,89
Black Hawk,Evansdale Ward 1,Court of Appeals Judge - Samuel Langholz,,No,,115,38,77
Black Hawk,Evansdale Ward 2,Court of Appeals Judge - Samuel Langholz,,No,,97,26,71
Black Hawk,Evansdale Ward 3,Court of Appeals Judge - Samuel Langholz,,No,,117,31,86
Black Hawk,Evansdale Ward 4,Court of Appeals Judge - Samuel Langholz,,No,,111,39,72
Black Hawk,Hudson,Court of Appeals Judge - Samuel Langholz,,No,,313,124,189
Black Hawk,Mt. Vernon,Court of Appeals Judge - Samuel Langholz,,No,,118,57,61
Black Hawk,Poyner1/EWL/Raymond/Fox/Jesup,Court of Appeals Judge - Samuel Langholz,,No,,317,130,187
Black Hawk,Union/Washington/Janesville,Court of Appeals Judge - Samuel Langholz,,No,,217,87,130
Black Hawk,WL 1-1,Court of Appeals Judge - Samuel Langholz,,No,,158,89,69
Black Hawk,WL 1-2,Court of Appeals Judge - Samuel Langholz,,No,,276,150,126
Black Hawk,WL 1-3,Court of Appeals Judge - Samuel Langholz,,No,,231,76,155
Black Hawk,WL 1-4,Court of Appeals Judge - Samuel Langholz,,No,,324,160,164
Black Hawk,WL 1-5,Court of Appeals Judge - Samuel Langholz,,No,,183,67,116
Black Hawk,WL 1-6,Court of Appeals Judge - Samuel Langholz,,No,,391,202,189
Black Hawk,WL 2-1,Court of Appeals Judge - Samuel Langholz,,No,,264,133,131
Black Hawk,WL 2-2,Court of Appeals Judge - Samuel Langholz,,No,,163,69,94
Black Hawk,WL 2-3,Court of Appeals Judge - Samuel Langholz,,No,,230,93,137
Black Hawk,WL 2-4,Court of Appeals Judge - Samuel Langholz,,No,,215,106,109
Black Hawk,WL 2-5,Court of Appeals Judge - Samuel Langholz,,No,,200,97,103
Black Hawk,WL 2-6,Court of Appeals Judge - Samuel Langholz,,No,,130,52,78
Black Hawk,WL 3-1,Court of Appeals Judge - Samuel Langholz,,No,,250,137,113
Black Hawk,WL 3-2,Court of Appeals Judge - Samuel Langholz,,No,,183,76,107
Black Hawk,WL 3-3,Court of Appeals Judge - Samuel Langholz,,No,,186,65,121
Black Hawk,WL 3-4,Court of Appeals Judge - Samuel Langholz,,No,,179,58,121
Black Hawk,WL 3-5,Court of Appeals Judge - Samuel Langholz,,No,,315,98,217
Black Hawk,WL 3-6,Court of Appeals Judge - Samuel Langholz,,No,,143,62,81
Black Hawk,WL 4-1,Court of Appeals Judge - Samuel Langholz,,No,,207,73,134
Black Hawk,WL 4-2,Court of Appeals Judge - Samuel Langholz,,No,,160,71,89
Black Hawk,WL 4-3,Court of Appeals Judge - Samuel Langholz,,No,,132,54,78
Black Hawk,WL 4-4,Court of Appeals Judge - Samuel Langholz,,No,,175,65,110
Black Hawk,WL 4-5,Court of Appeals Judge - Samuel Langholz,,No,,124,54,70
Black Hawk,WL 4-6,Court of Appeals Judge - Samuel Langholz,,No,,181,77,104
Black Hawk,WL 5-1,Court of Appeals Judge - Samuel Langholz,,No,,88,37,51
Black Hawk,WL 5-2,Court of Appeals Judge - Samuel Langholz,,No,,220,65,155
Black Hawk,WL 5-3,Court of Appeals Judge - Samuel Langholz,,No,,189,63,126
Black Hawk,WL 5-4,Court of Appeals Judge - Samuel Langholz,,No,,223,100,123
Black Hawk,WL 5-5,Court of Appeals Judge - Samuel Langholz,,No,,321,158,163
Black Hawk,WL 5-6,Court of Appeals Judge - Samuel Langholz,,No,,205,103,102
Black Hawk,Barclay/Benn/Lester/Dunkerton,Court of Appeals Judge - Samuel Langholz,,Yes,,649,160,489
Black Hawk,Big Creek/Spring Creek/LPC,Court of Appeals Judge - Samuel Langholz,,Yes,,766,202,564
Black Hawk,Black Hawk/Cedar Falls/Lincoln,Court of Appeals Judge - Samuel Langholz,,Yes,,338,135,203
Black Hawk,CF 1-1,Court of Appeals Judge - Samuel Langholz,,Yes,,380,118,262
Black Hawk,CF 1-2,Court of Appeals Judge - Samuel Langholz,,Yes,,755,274,481
Black Hawk,CF 1-3,Court of Appeals Judge - Samuel Langholz,,Yes,,437,208,229
Black Hawk,CF 2-1,Court of Appeals Judge - Samuel Langholz,,Yes,,172,75,97
Black Hawk,CF 2-2,Court of Appeals Judge - Samuel Langholz,,Yes,,714,272,442
Black Hawk,CF 2-3,Court of Appeals Judge - Samuel Langholz,,Yes,,770,272,498
Black Hawk,CF 3-1,Court of Appeals Judge - Samuel Langholz,,Yes,,713,303,410
Black Hawk,CF 3-2,Court of Appeals Judge - Samuel Langholz,,Yes,,764,351,413
Black Hawk,CF 3-3,Court of Appeals Judge - Samuel Langholz,,Yes,,694,244,450
Black Hawk,CF 4-1,Court of Appeals Judge - Samuel Langholz,,Yes,,430,131,299
Black Hawk,CF 4-2,Court of Appeals Judge - Samuel Langholz,,Yes,,577,218,359
Black Hawk,CF 4-3,Court of Appeals Judge - Samuel Langholz,,Yes,,617,241,376
Black Hawk,CF 5-1,Court of Appeals Judge - Samuel Langholz,,Yes,,769,307,462
Black Hawk,CF 5-2,Court of Appeals Judge - Samuel Langholz,,Yes,,773,337,436
Black Hawk,CF 5-3,Court of Appeals Judge - Samuel Langholz,,Yes,,1031,638,393
Black Hawk,Cedar/Poyner2/Gilbertville,Court of Appeals Judge - Samuel Langholz,,Yes,,697,266,431
Black Hawk,Eagle/Orange,Court of Appeals Judge - Samuel Langholz,,Yes,,258,86,172
Black Hawk,Elk Run Heights,Court of Appeals Judge - Samuel Langholz,,Yes,,283,57,226
Black Hawk,Evansdale Ward 1,Court of Appeals Judge - Samuel Langholz,,Yes,,280,83,197
Black Hawk,Evansdale Ward 2,Court of Appeals Judge - Samuel Langholz,,Yes,,243,83,160
Black Hawk,Evansdale Ward 3,Court of Appeals Judge - Samuel Langholz,,Yes,,277,68,209
Black Hawk,Evansdale Ward 4,Court of Appeals Judge - Samuel Langholz,,Yes,,245,71,174
Black Hawk,Hudson,Court of Appeals Judge - Samuel Langholz,,Yes,,835,239,596
Black Hawk,Mt. Vernon,Court of Appeals Judge - Samuel Langholz,,Yes,,292,116,176
Black Hawk,Poyner1/EWL/Raymond/Fox/Jesup,Court of Appeals Judge - Samuel Langholz,,Yes,,679,226,453
Black Hawk,Union/Washington/Janesville,Court of Appeals Judge - Samuel Langholz,,Yes,,523,184,339
Black Hawk,WL 1-1,Court of Appeals Judge - Samuel Langholz,,Yes,,367,165,202
Black Hawk,WL 1-2,Court of Appeals Judge - Samuel Langholz,,Yes,,492,234,258
Black Hawk,WL 1-3,Court of Appeals Judge - Samuel Langholz,,Yes,,358,130,228
Black Hawk,WL 1-4,Court of Appeals Judge - Samuel Langholz,,Yes,,674,289,385
Black Hawk,WL 1-5,Court of Appeals Judge - Samuel Langholz,,Yes,,378,154,224
Black Hawk,WL 1-6,Court of Appeals Judge - Samuel Langholz,,Yes,,928,492,436
Black Hawk,WL 2-1,Court of Appeals Judge - Samuel Langholz,,Yes,,747,420,327
Black Hawk,WL 2-2,Court of Appeals Judge - Samuel Langholz,,Yes,,414,179,235
Black Hawk,WL 2-3,Court of Appeals Judge - Samuel Langholz,,Yes,,468,186,282
Black Hawk,WL 2-4,Court of Appeals Judge - Samuel Langholz,,Yes,,440,219,221
Black Hawk,WL 2-5,Court of Appeals Judge - Samuel Langholz,,Yes,,387,183,204
Black Hawk,WL 2-6,Court of Appeals Judge - Samuel Langholz,,Yes,,382,164,218
Black Hawk,WL 3-1,Court of Appeals Judge - Samuel Langholz,,Yes,,513,261,252
Black Hawk,WL 3-2,Court of Appeals Judge - Samuel Langholz,,Yes,,355,153,202
Black Hawk,WL 3-3,Court of Appeals Judge - Samuel Langholz,,Yes,,360,126,234
Black Hawk,WL 3-4,Court of Appeals Judge - Samuel Langholz,,Yes,,288,95,193
Black Hawk,WL 3-5,Court of Appeals Judge - Samuel Langholz,,Yes,,499,152,347
Black Hawk,WL 3-6,Court of Appeals Judge - Samuel Langholz,,Yes,,260,129,131
Black Hawk,WL 4-1,Court of Appeals Judge - Samuel Langholz,,Yes,,368,167,201
Black Hawk,WL 4-2,Court of Appeals Judge - Samuel Langholz,,Yes,,285,160,125
Black Hawk,WL 4-3,Court of Appeals Judge - Samuel Langholz,,Yes,,217,105,112
Black Hawk,WL 4-4,Court of Appeals Judge - Samuel Langholz,,Yes,,340,125,215
Black Hawk,WL 4-5,Court of Appeals Judge - Samuel Langholz,,Yes,,203,91,112
Black Hawk,WL 4-6,Court of Appeals Judge - Samuel Langholz,,Yes,,351,119,232
Black Hawk,WL 5-1,Court of Appeals Judge - Samuel Langholz,,Yes,,154,61,93
Black Hawk,WL 5-2,Court of Appeals Judge - Samuel Langholz,,Yes,,413,131,282
Black Hawk,WL 5-3,Court of Appeals Judge - Samuel Langholz,,Yes,,321,137,184
Black Hawk,WL 5-4,Court of Appeals Judge - Samuel Langholz,,Yes,,468,218,250
Black Hawk,WL 5-5,Court of Appeals Judge - Samuel Langholz,,Yes,,637,248,389
Black Hawk,WL 5-6,Court of Appeals Judge - Samuel Langholz,,Yes,,509,275,234
Black Hawk,Barclay/Benn/Lester/Dunkerton,Court of Appeals Judge - Tyler J. Buller,,No,,297,79,218
Black Hawk,Big Creek/Spring Creek/LPC,Court of Appeals Judge - Tyler J. Buller,,No,,332,93,239
Black Hawk,Black Hawk/Cedar Falls/Lincoln,Court of Appeals Judge - Tyler J. Buller,,No,,113,50,63
Black Hawk,CF 1-1,Court of Appeals Judge - Tyler J. Buller,,No,,211,57,154
Black Hawk,CF 1-2,Court of Appeals Judge - Tyler J. Buller,,No,,357,141,216
Black Hawk,CF 1-3,Court of Appeals Judge - Tyler J. Buller,,No,,290,118,172
Black Hawk,CF 2-1,Court of Appeals Judge - Tyler J. Buller,,No,,81,25,56
Black Hawk,CF 2-2,Court of Appeals Judge - Tyler J. Buller,,No,,276,104,172
Black Hawk,CF 2-3,Court of Appeals Judge - Tyler J. Buller,,No,,309,121,188
Black Hawk,CF 3-1,Court of Appeals Judge - Tyler J. Buller,,No,,327,135,192
Black Hawk,CF 3-2,Court of Appeals Judge - Tyler J. Buller,,No,,282,131,151
Black Hawk,CF 3-3,Court of Appeals Judge - Tyler J. Buller,,No,,256,92,164
Black Hawk,CF 4-1,Court of Appeals Judge - Tyler J. Buller,,No,,243,45,198
Black Hawk,CF 4-2,Court of Appeals Judge - Tyler J. Buller,,No,,311,127,184
Black Hawk,CF 4-3,Court of Appeals Judge - Tyler J. Buller,,No,,306,131,175
Black Hawk,CF 5-1,Court of Appeals Judge - Tyler J. Buller,,No,,338,130,208
Black Hawk,CF 5-2,Court of Appeals Judge - Tyler J. Buller,,No,,306,127,179
Black Hawk,CF 5-3,Court of Appeals Judge - Tyler J. Buller,,No,,248,147,101
Black Hawk,Cedar/Poyner2/Gilbertville,Court of Appeals Judge - Tyler J. Buller,,No,,330,112,218
Black Hawk,Eagle/Orange,Court of Appeals Judge - Tyler J. Buller,,No,,94,38,56
Black Hawk,Elk Run Heights,Court of Appeals Judge - Tyler J. Buller,,No,,104,25,79
Black Hawk,Evansdale Ward 1,Court of Appeals Judge - Tyler J. Buller,,No,,107,36,71
Black Hawk,Evansdale Ward 2,Court of Appeals Judge - Tyler J. Buller,,No,,102,34,68
Black Hawk,Evansdale Ward 3,Court of Appeals Judge - Tyler J. Buller,,No,,116,29,87
Black Hawk,Evansdale Ward 4,Court of Appeals Judge - Tyler J. Buller,,No,,102,36,66
Black Hawk,Hudson,Court of Appeals Judge - Tyler J. Buller,,No,,301,105,196
Black Hawk,Mt. Vernon,Court of Appeals Judge - Tyler J. Buller,,No,,110,54,56
Black Hawk,Poyner1/EWL/Raymond/Fox/Jesup,Court of Appeals Judge - Tyler J. Buller,,No,,304,112,192
Black Hawk,Union/Washington/Janesville,Court of Appeals Judge - Tyler J. Buller,,No,,202,71,131
Black Hawk,WL 1-1,Court of Appeals Judge - Tyler J. Buller,,No,,154,81,73
Black Hawk,WL 1-2,Court of Appeals Judge - Tyler J. Buller,,No,,253,131,122
Black Hawk,WL 1-3,Court of Appeals Judge - Tyler J. Buller,,No,,214,65,149
Black Hawk,WL 1-4,Court of Appeals Judge - Tyler J. Buller,,No,,290,140,150
Black Hawk,WL 1-5,Court of Appeals Judge - Tyler J. Buller,,No,,177,66,111
Black Hawk,WL 1-6,Court of Appeals Judge - Tyler J. Buller,,No,,340,159,181
Black Hawk,WL 2-1,Court of Appeals Judge - Tyler J. Buller,,No,,239,120,119
Black Hawk,WL 2-2,Court of Appeals Judge - Tyler J. Buller,,No,,162,74,88
Black Hawk,WL 2-3,Court of Appeals Judge - Tyler J. Buller,,No,,215,89,126
Black Hawk,WL 2-4,Court of Appeals Judge - Tyler J. Buller,,No,,183,94,89
Black Hawk,WL 2-5,Court of Appeals Judge - Tyler J. Buller,,No,,179,75,104
Black Hawk,WL 2-6,Court of Appeals Judge - Tyler J. Buller,,No,,130,52,78
Black Hawk,WL 3-1,Court of Appeals Judge - Tyler J. Buller,,No,,227,119,108
Black Hawk,WL 3-2,Court of Appeals Judge - Tyler J. Buller,,No,,171,72,99
Black Hawk,WL 3-3,Court of Appeals Judge - Tyler J. Buller,,No,,177,59,118
Black Hawk,WL 3-4,Court of Appeals Judge - Tyler J. Buller,,No,,163,48,115
Black Hawk,WL 3-5,Court of Appeals Judge - Tyler J. Buller,,No,,303,91,212
Black Hawk,WL 3-6,Court of Appeals Judge - Tyler J. Buller,,No,,144,56,88
Black Hawk,WL 4-1,Court of Appeals Judge - Tyler J. Buller,,No,,195,70,125
Black Hawk,WL 4-2,Court of Appeals Judge - Tyler J. Buller,,No,,139,65,74
Black Hawk,WL 4-3,Court of Appeals Judge - Tyler J. Buller,,No,,122,52,70
Black Hawk,WL 4-4,Court of Appeals Judge - Tyler J. Buller,,No,,169,60,109
Black Hawk,WL 4-5,Court of Appeals Judge - Tyler J. Buller,,No,,115,47,68
Black Hawk,WL 4-6,Court of Appeals Judge - Tyler J. Buller,,No,,173,73,100
Black Hawk,WL 5-1,Court of Appeals Judge - Tyler J. Buller,,No,,71,28,43
Black Hawk,WL 5-2,Court of Appeals Judge - Tyler J. Buller,,No,,200,57,143
Black Hawk,WL 5-3,Court of Appeals Judge - Tyler J. Buller,,No,,184,60,124
Black Hawk,WL 5-4,Court of Appeals Judge - Tyler J. Buller,,No,,207,100,107
Black Hawk,WL 5-5,Court of Appeals Judge - Tyler J. Buller,,No,,278,128,150
Black Hawk,WL 5-6,Court of Appeals Judge - Tyler J. Buller,,No,,179,87,92
Black Hawk,Barclay/Benn/Lester/Dunkerton,Court of Appeals Judge - Tyler J. Buller,,Yes,,638,165,473
Black Hawk,Big Creek/Spring Creek/LPC,Court of Appeals Judge - Tyler J. Buller,,Yes,,803,226,577
Black Hawk,Black Hawk/Cedar Falls/Lincoln,Court of Appeals Judge - Tyler J. Buller,,Yes,,333,128,205
Black Hawk,CF 1-1,Court of Appeals Judge - Tyler J. Buller,,Yes,,367,118,249
Black Hawk,CF 1-2,Court of Appeals Judge - Tyler J. Buller,,Yes,,830,313,517
Black Hawk,CF 1-3,Court of Appeals Judge - Tyler J. Buller,,Yes,,513,262,251
Black Hawk,CF 2-1,Court of Appeals Judge - Tyler J. Buller,,Yes,,178,69,109
Black Hawk,CF 2-2,Court of Appeals Judge - Tyler J. Buller,,Yes,,743,293,450
Black Hawk,CF 2-3,Court of Appeals Judge - Tyler J. Buller,,Yes,,805,294,511
Black Hawk,CF 3-1,Court of Appeals Judge - Tyler J. Buller,,Yes,,730,313,417
Black Hawk,CF 3-2,Court of Appeals Judge - Tyler J. Buller,,Yes,,806,380,426
Black Hawk,CF 3-3,Court of Appeals Judge - Tyler J. Buller,,Yes,,720,260,460
Black Hawk,CF 4-1,Court of Appeals Judge - Tyler J. Buller,,Yes,,454,147,307
Black Hawk,CF 4-2,Court of Appeals Judge - Tyler J. Buller,,Yes,,614,232,382
Black Hawk,CF 4-3,Court of Appeals Judge - Tyler J. Buller,,Yes,,633,259,374
Black Hawk,CF 5-1,Court of Appeals Judge - Tyler J. Buller,,Yes,,799,327,472
Black Hawk,CF 5-2,Court of Appeals Judge - Tyler J. Buller,,Yes,,778,341,437
Black Hawk,CF 5-3,Court of Appeals Judge - Tyler J. Buller,,Yes,,1034,651,383
Black Hawk,Cedar/Poyner2/Gilbertville,Court of Appeals Judge - Tyler J. Buller,,Yes,,708,275,433
Black Hawk,Eagle/Orange,Court of Appeals Judge - Tyler J. Buller,,Yes,,268,95,173
Black Hawk,Elk Run Heights,Court of Appeals Judge - Tyler J. Buller,,Yes,,288,60,228
Black Hawk,Evansdale Ward 1,Court of Appeals Judge - Tyler J. Buller,,Yes,,276,84,192
Black Hawk,Evansdale Ward 2,Court of Appeals Judge - Tyler J. Buller,,Yes,,234,72,162
Black Hawk,Evansdale Ward 3,Court of Appeals Judge - Tyler J. Buller,,Yes,,274,68,206
Black Hawk,Evansdale Ward 4,Court of Appeals Judge - Tyler J. Buller,,Yes,,250,76,174
Black Hawk,Hudson,Court of Appeals Judge - Tyler J. Buller,,Yes,,831,254,577
Black Hawk,Mt. Vernon,Court of Appeals Judge - Tyler J. Buller,,Yes,,295,119,176
Black Hawk,Poyner1/EWL/Raymond/Fox/Jesup,Court of Appeals Judge - Tyler J. Buller,,Yes,,674,239,435
Black Hawk,Union/Washington/Janesville,Court of Appeals Judge - Tyler J. Buller,,Yes,,524,192,332
Black Hawk,WL 1-1,Court of Appeals Judge - Tyler J. Buller,,Yes,,360,164,196
Black Hawk,WL 1-2,Court of Appeals Judge - Tyler J. Buller,,Yes,,497,243,254
Black Hawk,WL 1-3,Court of Appeals Judge - Tyler J. Buller,,Yes,,369,135,234
Black Hawk,WL 1-4,Court of Appeals Judge - Tyler J. Buller,,Yes,,702,305,397
Black Hawk,WL 1-5,Court of Appeals Judge - Tyler J. Buller,,Yes,,376,149,227
Black Hawk,WL 1-6,Court of Appeals Judge - Tyler J. Buller,,Yes,,954,519,435
Black Hawk,WL 2-1,Court of Appeals Judge - Tyler J. Buller,,Yes,,748,422,326
Black Hawk,WL 2-2,Court of Appeals Judge - Tyler J. Buller,,Yes,,407,168,239
Black Hawk,WL 2-3,Court of Appeals Judge - Tyler J. Buller,,Yes,,468,182,286
Black Hawk,WL 2-4,Court of Appeals Judge - Tyler J. Buller,,Yes,,446,220,226
Black Hawk,WL 2-5,Court of Appeals Judge - Tyler J. Buller,,Yes,,411,210,201
Black Hawk,WL 2-6,Court of Appeals Judge - Tyler J. Buller,,Yes,,363,159,204
Black Hawk,WL 3-1,Court of Appeals Judge - Tyler J. Buller,,Yes,,525,266,259
Black Hawk,WL 3-2,Court of Appeals Judge - Tyler J. Buller,,Yes,,352,151,201
Black Hawk,WL 3-3,Court of Appeals Judge - Tyler J. Buller,,Yes,,350,124,226
Black Hawk,WL 3-4,Court of Appeals Judge - Tyler J. Buller,,Yes,,298,104,194
Black Hawk,WL 3-5,Court of Appeals Judge - Tyler J. Buller,,Yes,,497,155,342
Black Hawk,WL 3-6,Court of Appeals Judge - Tyler J. Buller,,Yes,,252,128,124
Black Hawk,WL 4-1,Court of Appeals Judge - Tyler J. Buller,,Yes,,360,167,193
Black Hawk,WL 4-2,Court of Appeals Judge - Tyler J. Buller,,Yes,,296,160,136
Black Hawk,WL 4-3,Court of Appeals Judge - Tyler J. Buller,,Yes,,211,97,114
Black Hawk,WL 4-4,Court of Appeals Judge - Tyler J. Buller,,Yes,,337,129,208
Black Hawk,WL 4-5,Court of Appeals Judge - Tyler J. Buller,,Yes,,202,94,108
Black Hawk,WL 4-6,Court of Appeals Judge - Tyler J. Buller,,Yes,,344,117,227
Black Hawk,WL 5-1,Court of Appeals Judge - Tyler J. Buller,,Yes,,162,63,99
Black Hawk,WL 5-2,Court of Appeals Judge - Tyler J. Buller,,Yes,,428,136,292
Black Hawk,WL 5-3,Court of Appeals Judge - Tyler J. Buller,,Yes,,313,134,179
Black Hawk,WL 5-4,Court of Appeals Judge - Tyler J. Buller,,Yes,,475,216,259
Black Hawk,WL 5-5,Court of Appeals Judge - Tyler J. Buller,,Yes,,663,265,398
Black Hawk,WL 5-6,Court of Appeals Judge - Tyler J. Buller,,Yes,,519,277,242
Black Hawk,Barclay/Benn/Lester/Dunkerton,District 1B Associate Judge - Brook K. Jacobsen,,No,,239,61,178
Black Hawk,Big Creek/Spring Creek/LPC,District 1B Associate Judge - Brook K. Jacobsen,,No,,283,74,209
Black Hawk,Black Hawk/Cedar Falls/Lincoln,District 1B Associate Judge - Brook K. Jacobsen,,No,,83,36,47
Black Hawk,CF 1-1,District 1B Associate Judge - Brook K. Jacobsen,,No,,154,43,111
Black Hawk,CF 1-2,District 1B Associate Judge - Brook K. Jacobsen,,No,,288,101,187
Black Hawk,CF 1-3,District 1B Associate Judge - Brook K. Jacobsen,,No,,228,92,136
Black Hawk,CF 2-1,District 1B Associate Judge - Brook K. Jacobsen,,No,,40,11,29
Black Hawk,CF 2-2,District 1B Associate Judge - Brook K. Jacobsen,,No,,218,81,137
Black Hawk,CF 2-3,District 1B Associate Judge - Brook K. Jacobsen,,No,,249,90,159
Black Hawk,CF 3-1,District 1B Associate Judge - Brook K. Jacobsen,,No,,221,80,141
Black Hawk,CF 3-2,District 1B Associate Judge - Brook K. Jacobsen,,No,,194,87,107
Black Hawk,CF 3-3,District 1B Associate Judge - Brook K. Jacobsen,,No,,196,63,133
Black Hawk,CF 4-1,District 1B Associate Judge - Brook K. Jacobsen,,No,,168,34,134
Black Hawk,CF 4-2,District 1B Associate Judge - Brook K. Jacobsen,,No,,239,94,145
Black Hawk,CF 4-3,District 1B Associate Judge - Brook K. Jacobsen,,No,,227,96,131
Black Hawk,CF 5-1,District 1B Associate Judge - Brook K. Jacobsen,,No,,263,94,169
Black Hawk,CF 5-2,District 1B Associate Judge - Brook K. Jacobsen,,No,,212,86,126
Black Hawk,CF 5-3,District 1B Associate Judge - Brook K. Jacobsen,,No,,171,97,74
Black Hawk,Cedar/Poyner2/Gilbertville,District 1B Associate Judge - Brook K. Jacobsen,,No,,259,83,176
Black Hawk,Eagle/Orange,District 1B Associate Judge - Brook K. Jacobsen,,No,,89,36,53
Black Hawk,Elk Run Heights,District 1B Associate Judge - Brook K. Jacobsen,,No,,85,19,66
Black Hawk,Evansdale Ward 1,District 1B Associate Judge - Brook K. Jacobsen,,No,,78,26,52
Black Hawk,Evansdale Ward 2,District 1B Associate Judge - Brook K. Jacobsen,,No,,90,24,66
Black Hawk,Evansdale Ward 3,District 1B Associate Judge - Brook K. Jacobsen,,No,,87,23,64
Black Hawk,Evansdale Ward 4,District 1B Associate Judge - Brook K. Jacobsen,,No,,88,29,59
Black Hawk,Hudson,District 1B Associate Judge - Brook K. Jacobsen,,No,,227,72,155
Black Hawk,Mt. Vernon,District 1B Associate Judge - Brook K. Jacobsen,,No,,92,39,53
Black Hawk,Poyner1/EWL/Raymond/Fox/Jesup,District 1B Associate Judge - Brook K. Jacobsen,,No,,247,80,167
Black Hawk,Union/Washington/Janesville,District 1B Associate Judge - Brook K. Jacobsen,,No,,147,54,93
Black Hawk,WL 1-1,District 1B Associate Judge - Brook K. Jacobsen,,No,,103,52,51
Black Hawk,WL 1-2,District 1B Associate Judge - Brook K. Jacobsen,,No,,182,92,90
Black Hawk,WL 1-3,District 1B Associate Judge - Brook K. Jacobsen,,No,,165,44,121
Black Hawk,WL 1-4,District 1B Associate Judge - Brook K. Jacobsen,,No,,203,95,108
Black Hawk,WL 1-5,District 1B Associate Judge - Brook K. Jacobsen,,No,,127,42,85
Black Hawk,WL 1-6,District 1B Associate Judge - Brook K. Jacobsen,,No,,242,114,128
Black Hawk,WL 2-1,District 1B Associate Judge - Brook K. Jacobsen,,No,,158,76,82
Black Hawk,WL 2-2,District 1B Associate Judge - Brook K. Jacobsen,,No,,121,51,70
Black Hawk,WL 2-3,District 1B Associate Judge - Brook K. Jacobsen,,No,,165,57,108
Black Hawk,WL 2-4,District 1B Associate Judge - Brook K. Jacobsen,,No,,154,70,84
Black Hawk,WL 2-5,District 1B Associate Judge - Brook K. Jacobsen,,No,,142,71,71
Black Hawk,WL 2-6,District 1B Associate Judge - Brook K. Jacobsen,,No,,100,37,63
Black Hawk,WL 3-1,District 1B Associate Judge - Brook K. Jacobsen,,No,,162,86,76
Black Hawk,WL 3-2,District 1B Associate Judge - Brook K. Jacobsen,,No,,134,50,84
Black Hawk,WL 3-3,District 1B Associate Judge - Brook K. Jacobsen,,No,,132,44,88
Black Hawk,WL 3-4,District 1B Associate Judge - Brook K. Jacobsen,,No,,121,41,80
Black Hawk,WL 3-5,District 1B Associate Judge - Brook K. Jacobsen,,No,,231,67,164
Black Hawk,WL 3-6,District 1B Associate Judge - Brook K. Jacobsen,,No,,95,44,51
Black Hawk,WL 4-1,District 1B Associate Judge - Brook K. Jacobsen,,No,,141,46,95
Black Hawk,WL 4-2,District 1B Associate Judge - Brook K. Jacobsen,,No,,121,52,69
Black Hawk,WL 4-3,District 1B Associate Judge - Brook K. Jacobsen,,No,,109,44,65
Black Hawk,WL 4-4,District 1B Associate Judge - Brook K. Jacobsen,,No,,133,48,85
Black Hawk,WL 4-5,District 1B Associate Judge - Brook K. Jacobsen,,No,,81,38,43
Black Hawk,WL 4-6,District 1B Associate Judge - Brook K. Jacobsen,,No,,135,52,83
Black Hawk,WL 5-1,District 1B Associate Judge - Brook K. Jacobsen,,No,,68,25,43
Black Hawk,WL 5-2,District 1B Associate Judge - Brook K. Jacobsen,,No,,157,39,118
Black Hawk,WL 5-3,District 1B Associate Judge - Brook K. Jacobsen,,No,,125,43,82
Black Hawk,WL 5-4,District 1B Associate Judge - Brook K. Jacobsen,,No,,157,74,83
Black Hawk,WL 5-5,District 1B Associate Judge - Brook K. Jacobsen,,No,,204,85,119
Black Hawk,WL 5-6,District 1B Associate Judge - Brook K. Jacobsen,,No,,134,61,73
Black Hawk,Barclay/Benn/Lester/Dunkerton,District 1B Associate Judge - Brook K. Jacobsen,,Yes,,709,178,531
Black Hawk,Big Creek/Spring Creek/LPC,District 1B Associate Judge - Brook K. Jacobsen,,Yes,,830,232,598
Black Hawk,Black Hawk/Cedar Falls/Lincoln,District 1B Associate Judge - Brook K. Jacobsen,,Yes,,359,143,216
Black Hawk,CF 1-1,District 1B Associate Judge - Brook K. Jacobsen,,Yes,,426,132,294
Black Hawk,CF 1-2,District 1B Associate Judge - Brook K. Jacobsen,,Yes,,893,344,549
Black Hawk,CF 1-3,District 1B Associate Judge - Brook K. Jacobsen,,Yes,,577,283,294
Black Hawk,CF 2-1,District 1B Associate Judge - Brook K. Jacobsen,,Yes,,195,80,115
Black Hawk,CF 2-2,District 1B Associate Judge - Brook K. Jacobsen,,Yes,,786,302,484
Black Hawk,CF 2-3,District 1B Associate Judge - Brook K. Jacobsen,,Yes,,861,314,547
Black Hawk,CF 3-1,District 1B Associate Judge - Brook K. Jacobsen,,Yes,,827,364,463
Black Hawk,CF 3-2,District 1B Associate Judge - Brook K. Jacobsen,,Yes,,876,415,461
Black Hawk,CF 3-3,District 1B Associate Judge - Brook K. Jacobsen,,Yes,,769,280,489
Black Hawk,CF 4-1,District 1B Associate Judge - Brook K. Jacobsen,,Yes,,517,153,364
Black Hawk,CF 4-2,District 1B Associate Judge - Brook K. Jacobsen,,Yes,,689,271,418
Black Hawk,CF 4-3,District 1B Associate Judge - Brook K. Jacobsen,,Yes,,718,295,423
Black Hawk,CF 5-1,District 1B Associate Judge - Brook K. Jacobsen,,Yes,,862,358,504
Black Hawk,CF 5-2,District 1B Associate Judge - Brook K. Jacobsen,,Yes,,879,393,486
Black Hawk,CF 5-3,District 1B Associate Judge - Brook K. Jacobsen,,Yes,,1130,714,416
Black Hawk,Cedar/Poyner2/Gilbertville,District 1B Associate Judge - Brook K. Jacobsen,,Yes,,781,302,479
Black Hawk,Eagle/Orange,District 1B Associate Judge - Brook K. Jacobsen,,Yes,,274,96,178
Black Hawk,Elk Run Heights,District 1B Associate Judge - Brook K. Jacobsen,,Yes,,312,71,241
Black Hawk,Evansdale Ward 1,District 1B Associate Judge - Brook K. Jacobsen,,Yes,,315,94,221
Black Hawk,Evansdale Ward 2,District 1B Associate Judge - Brook K. Jacobsen,,Yes,,248,83,165
Black Hawk,Evansdale Ward 3,District 1B Associate Judge - Brook K. Jacobsen,,Yes,,302,71,231
Black Hawk,Evansdale Ward 4,District 1B Associate Judge - Brook K. Jacobsen,,Yes,,264,83,181
Black Hawk,Hudson,District 1B Associate Judge - Brook K. Jacobsen,,Yes,,881,266,615
Black Hawk,Mt. Vernon,District 1B Associate Judge - Brook K. Jacobsen,,Yes,,312,132,180
Black Hawk,Poyner1/EWL/Raymond/Fox/Jesup,District 1B Associate Judge - Brook K. Jacobsen,,Yes,,730,275,455
Black Hawk,Union/Washington/Janesville,District 1B Associate Judge - Brook K. Jacobsen,,Yes,,566,202,364
Black Hawk,WL 1-1,District 1B Associate Judge - Brook K. Jacobsen,,Yes,,390,186,204
Black Hawk,WL 1-2,District 1B Associate Judge - Brook K. Jacobsen,,Yes,,577,291,286
Black Hawk,WL 1-3,District 1B Associate Judge - Brook K. Jacobsen,,Yes,,432,166,266
Black Hawk,WL 1-4,District 1B Associate Judge - Brook K. Jacobsen,,Yes,,779,355,424
Black Hawk,WL 1-5,District 1B Associate Judge - Brook K. Jacobsen,,Yes,,424,174,250
Black Hawk,WL 1-6,District 1B Associate Judge - Brook K. Jacobsen,,Yes,,1038,560,478
Black Hawk,WL 2-1,District 1B Associate Judge - Brook K. Jacobsen,,Yes,,835,480,355
Black Hawk,WL 2-2,District 1B Associate Judge - Brook K. Jacobsen,,Yes,,454,196,258
Black Hawk,WL 2-3,District 1B Associate Judge - Brook K. Jacobsen,,Yes,,509,217,292
Black Hawk,WL 2-4,District 1B Associate Judge - Brook K. Jacobsen,,Yes,,469,238,231
Black Hawk,WL 2-5,District 1B Associate Judge - Brook K. Jacobsen,,Yes,,437,205,232
Black Hawk,WL 2-6,District 1B Associate Judge - Brook K. Jacobsen,,Yes,,407,182,225
Black Hawk,WL 3-1,District 1B Associate Judge - Brook K. Jacobsen,,Yes,,587,302,285
Black Hawk,WL 3-2,District 1B Associate Judge - Brook K. Jacobsen,,Yes,,390,174,216
Black Hawk,WL 3-3,District 1B Associate Judge - Brook K. Jacobsen,,Yes,,403,151,252
Black Hawk,WL 3-4,District 1B Associate Judge - Brook K. Jacobsen,,Yes,,334,111,223
Black Hawk,WL 3-5,District 1B Associate Judge - Brook K. Jacobsen,,Yes,,553,175,378
Black Hawk,WL 3-6,District 1B Associate Judge - Brook K. Jacobsen,,Yes,,305,143,162
Black Hawk,WL 4-1,District 1B Associate Judge - Brook K. Jacobsen,,Yes,,439,198,241
Black Hawk,WL 4-2,District 1B Associate Judge - Brook K. Jacobsen,,Yes,,317,172,145
Black Hawk,WL 4-3,District 1B Associate Judge - Brook K. Jacobsen,,Yes,,261,121,140
Black Hawk,WL 4-4,District 1B Associate Judge - Brook K. Jacobsen,,Yes,,379,139,240
Black Hawk,WL 4-5,District 1B Associate Judge - Brook K. Jacobsen,,Yes,,244,104,140
Black Hawk,WL 4-6,District 1B Associate Judge - Brook K. Jacobsen,,Yes,,382,135,247
Black Hawk,WL 5-1,District 1B Associate Judge - Brook K. Jacobsen,,Yes,,176,73,103
Black Hawk,WL 5-2,District 1B Associate Judge - Brook K. Jacobsen,,Yes,,463,151,312
Black Hawk,WL 5-3,District 1B Associate Judge - Brook K. Jacobsen,,Yes,,373,154,219
Black Hawk,WL 5-4,District 1B Associate Judge - Brook K. Jacobsen,,Yes,,519,237,282
Black Hawk,WL 5-5,District 1B Associate Judge - Brook K. Jacobsen,,Yes,,732,300,432
Black Hawk,WL 5-6,District 1B Associate Judge - Brook K. Jacobsen,,Yes,,576,308,268
Black Hawk,Barclay/Benn/Lester/Dunkerton,District 1B Associate Judge - Patrick Wegman,,No,,264,62,202
Black Hawk,Big Creek/Spring Creek/LPC,District 1B Associate Judge - Patrick Wegman,,No,,314,86,228
Black Hawk,Black Hawk/Cedar Falls/Lincoln,District 1B Associate Judge - Patrick Wegman,,No,,102,40,62
Black Hawk,CF 1-1,District 1B Associate Judge - Patrick Wegman,,No,,180,43,137
Black Hawk,CF 1-2,District 1B Associate Judge - Patrick Wegman,,No,,298,100,198
Black Hawk,CF 1-3,District 1B Associate Judge - Patrick Wegman,,No,,226,83,143
Black Hawk,CF 2-1,District 1B Associate Judge - Patrick Wegman,,No,,49,22,27
Black Hawk,CF 2-2,District 1B Associate Judge - Patrick Wegman,,No,,235,82,153
Black Hawk,CF 2-3,District 1B Associate Judge - Patrick Wegman,,No,,273,98,175
Black Hawk,CF 3-1,District 1B Associate Judge - Patrick Wegman,,No,,252,97,155
Black Hawk,CF 3-2,District 1B Associate Judge - Patrick Wegman,,No,,226,100,126
Black Hawk,CF 3-3,District 1B Associate Judge - Patrick Wegman,,No,,210,75,135
Black Hawk,CF 4-1,District 1B Associate Judge - Patrick Wegman,,No,,187,44,143
Black Hawk,CF 4-2,District 1B Associate Judge - Patrick Wegman,,No,,262,99,163
Black Hawk,CF 4-3,District 1B Associate Judge - Patrick Wegman,,No,,249,96,153
Black Hawk,CF 5-1,District 1B Associate Judge - Patrick Wegman,,No,,277,100,177
Black Hawk,CF 5-2,District 1B Associate Judge - Patrick Wegman,,No,,238,103,135
Black Hawk,CF 5-3,District 1B Associate Judge - Patrick Wegman,,No,,221,133,88
Black Hawk,Cedar/Poyner2/Gilbertville,District 1B Associate Judge - Patrick Wegman,,No,,278,97,181
Black Hawk,Eagle/Orange,District 1B Associate Judge - Patrick Wegman,,No,,91,35,56
Black Hawk,Elk Run Heights,District 1B Associate Judge - Patrick Wegman,,No,,94,21,73
Black Hawk,Evansdale Ward 1,District 1B Associate Judge - Patrick Wegman,,No,,92,34,58
Black Hawk,Evansdale Ward 2,District 1B Associate Judge - Patrick Wegman,,No,,92,28,64
Black Hawk,Evansdale Ward 3,District 1B Associate Judge - Patrick Wegman,,No,,95,25,70
Black Hawk,Evansdale Ward 4,District 1B Associate Judge - Patrick Wegman,,No,,94,33,61
Black Hawk,Hudson,District 1B Associate Judge - Patrick Wegman,,No,,263,80,183
Black Hawk,Mt. Vernon,District 1B Associate Judge - Patrick Wegman,,No,,100,44,56
Black Hawk,Poyner1/EWL/Raymond/Fox/Jesup,District 1B Associate Judge - Patrick Wegman,,No,,253,89,164
Black Hawk,Union/Washington/Janesville,District 1B Associate Judge - Patrick Wegman,,No,,159,52,107
Black Hawk,WL 1-1,District 1B Associate Judge - Patrick Wegman,,No,,124,57,67
Black Hawk,WL 1-2,District 1B Associate Judge - Patrick Wegman,,No,,203,95,108
Black Hawk,WL 1-3,District 1B Associate Judge - Patrick Wegman,,No,,184,49,135
Black Hawk,WL 1-4,District 1B Associate Judge - Patrick Wegman,,No,,234,118,116
Black Hawk,WL 1-5,District 1B Associate Judge - Patrick Wegman,,No,,143,49,94
Black Hawk,WL 1-6,District 1B Associate Judge - Patrick Wegman,,No,,287,131,156
Black Hawk,WL 2-1,District 1B Associate Judge - Patrick Wegman,,No,,178,87,91
Black Hawk,WL 2-2,District 1B Associate Judge - Patrick Wegman,,No,,140,59,81
Black Hawk,WL 2-3,District 1B Associate Judge - Patrick Wegman,,No,,176,66,110
Black Hawk,WL 2-4,District 1B Associate Judge - Patrick Wegman,,No,,152,75,77
Black Hawk,WL 2-5,District 1B Associate Judge - Patrick Wegman,,No,,151,60,91
Black Hawk,WL 2-6,District 1B Associate Judge - Patrick Wegman,,No,,124,52,72
Black Hawk,WL 3-1,District 1B Associate Judge - Patrick Wegman,,No,,181,92,89
Black Hawk,WL 3-2,District 1B Associate Judge - Patrick Wegman,,No,,136,57,79
Black Hawk,WL 3-3,District 1B Associate Judge - Patrick Wegman,,No,,134,42,92
Black Hawk,WL 3-4,District 1B Associate Judge - Patrick Wegman,,No,,152,46,106
Black Hawk,WL 3-5,District 1B Associate Judge - Patrick Wegman,,No,,262,71,191
Black Hawk,WL 3-6,District 1B Associate Judge - Patrick Wegman,,No,,114,45,69
Black Hawk,WL 4-1,District 1B Associate Judge - Patrick Wegman,,No,,185,60,125
Black Hawk,WL 4-2,District 1B Associate Judge - Patrick Wegman,,No,,135,59,76
Black Hawk,WL 4-3,District 1B Associate Judge - Patrick Wegman,,No,,117,50,67
Black Hawk,WL 4-4,District 1B Associate Judge - Patrick Wegman,,No,,156,57,99
Black Hawk,WL 4-5,District 1B Associate Judge - Patrick Wegman,,No,,101,40,61
Black Hawk,WL 4-6,District 1B Associate Judge - Patrick Wegman,,No,,141,59,82
Black Hawk,WL 5-1,District 1B Associate Judge - Patrick Wegman,,No,,66,24,42
Black Hawk,WL 5-2,District 1B Associate Judge - Patrick Wegman,,No,,183,52,131
Black Hawk,WL 5-3,District 1B Associate Judge - Patrick Wegman,,No,,142,47,95
Black Hawk,WL 5-4,District 1B Associate Judge - Patrick Wegman,,No,,162,71,91
Black Hawk,WL 5-5,District 1B Associate Judge - Patrick Wegman,,No,,215,87,128
Black Hawk,WL 5-6,District 1B Associate Judge - Patrick Wegman,,No,,152,71,81
Black Hawk,Barclay/Benn/Lester/Dunkerton,District 1B Associate Judge - Patrick Wegman,,Yes,,659,172,487
Black Hawk,Big Creek/Spring Creek/LPC,District 1B Associate Judge - Patrick Wegman,,Yes,,796,218,578
Black Hawk,Black Hawk/Cedar Falls/Lincoln,District 1B Associate Judge - Patrick Wegman,,Yes,,333,134,199
Black Hawk,CF 1-1,District 1B Associate Judge - Patrick Wegman,,Yes,,391,132,259
Black Hawk,CF 1-2,District 1B Associate Judge - Patrick Wegman,,Yes,,863,345,518
Black Hawk,CF 1-3,District 1B Associate Judge - Patrick Wegman,,Yes,,541,276,265
Black Hawk,CF 2-1,District 1B Associate Judge - Patrick Wegman,,Yes,,183,69,114
Black Hawk,CF 2-2,District 1B Associate Judge - Patrick Wegman,,Yes,,761,302,459
Black Hawk,CF 2-3,District 1B Associate Judge - Patrick Wegman,,Yes,,815,295,520
Black Hawk,CF 3-1,District 1B Associate Judge - Patrick Wegman,,Yes,,779,337,442
Black Hawk,CF 3-2,District 1B Associate Judge - Patrick Wegman,,Yes,,815,387,428
Black Hawk,CF 3-3,District 1B Associate Judge - Patrick Wegman,,Yes,,733,259,474
Black Hawk,CF 4-1,District 1B Associate Judge - Patrick Wegman,,Yes,,486,139,347
Black Hawk,CF 4-2,District 1B Associate Judge - Patrick Wegman,,Yes,,643,250,393
Black Hawk,CF 4-3,District 1B Associate Judge - Patrick Wegman,,Yes,,668,286,382
Black Hawk,CF 5-1,District 1B Associate Judge - Patrick Wegman,,Yes,,827,345,482
Black Hawk,CF 5-2,District 1B Associate Judge - Patrick Wegman,,Yes,,820,356,464
Black Hawk,CF 5-3,District 1B Associate Judge - Patrick Wegman,,Yes,,1042,647,395
Black Hawk,Cedar/Poyner2/Gilbertville,District 1B Associate Judge - Patrick Wegman,,Yes,,746,290,456
Black Hawk,Eagle/Orange,District 1B Associate Judge - Patrick Wegman,,Yes,,269,97,172
Black Hawk,Elk Run Heights,District 1B Associate Judge - Patrick Wegman,,Yes,,304,67,237
Black Hawk,Evansdale Ward 1,District 1B Associate Judge - Patrick Wegman,,Yes,,286,85,201
Black Hawk,Evansdale Ward 2,District 1B Associate Judge - Patrick Wegman,,Yes,,236,77,159
Black Hawk,Evansdale Ward 3,District 1B Associate Judge - Patrick Wegman,,Yes,,286,70,216
Black Hawk,Evansdale Ward 4,District 1B Associate Judge - Patrick Wegman,,Yes,,257,79,178
Black Hawk,Hudson,District 1B Associate Judge - Patrick Wegman,,Yes,,836,254,582
Black Hawk,Mt. Vernon,District 1B Associate Judge - Patrick Wegman,,Yes,,306,128,178
Black Hawk,Poyner1/EWL/Raymond/Fox/Jesup,District 1B Associate Judge - Patrick Wegman,,Yes,,698,247,451
Black Hawk,Union/Washington/Janesville,District 1B Associate Judge - Patrick Wegman,,Yes,,552,205,347
Black Hawk,WL 1-1,District 1B Associate Judge - Patrick Wegman,,Yes,,354,173,181
Black Hawk,WL 1-2,District 1B Associate Judge - Patrick Wegman,,Yes,,530,278,252
Black Hawk,WL 1-3,District 1B Associate Judge - Patrick Wegman,,Yes,,388,155,233
Black Hawk,WL 1-4,District 1B Associate Judge - Patrick Wegman,,Yes,,722,316,406
Black Hawk,WL 1-5,District 1B Associate Judge - Patrick Wegman,,Yes,,396,164,232
Black Hawk,WL 1-6,District 1B Associate Judge - Patrick Wegman,,Yes,,975,539,436
Black Hawk,WL 2-1,District 1B Associate Judge - Patrick Wegman,,Yes,,787,457,330
Black Hawk,WL 2-2,District 1B Associate Judge - Patrick Wegman,,Yes,,423,180,243
Black Hawk,WL 2-3,District 1B Associate Judge - Patrick Wegman,,Yes,,488,205,283
Black Hawk,WL 2-4,District 1B Associate Judge - Patrick Wegman,,Yes,,463,234,229
Black Hawk,WL 2-5,District 1B Associate Judge - Patrick Wegman,,Yes,,422,214,208
Black Hawk,WL 2-6,District 1B Associate Judge - Patrick Wegman,,Yes,,362,162,200
Black Hawk,WL 3-1,District 1B Associate Judge - Patrick Wegman,,Yes,,541,280,261
Black Hawk,WL 3-2,District 1B Associate Judge - Patrick Wegman,,Yes,,371,160,211
Black Hawk,WL 3-3,District 1B Associate Judge - Patrick Wegman,,Yes,,379,137,242
Black Hawk,WL 3-4,District 1B Associate Judge - Patrick Wegman,,Yes,,297,106,191
Black Hawk,WL 3-5,District 1B Associate Judge - Patrick Wegman,,Yes,,522,171,351
Black Hawk,WL 3-6,District 1B Associate Judge - Patrick Wegman,,Yes,,278,138,140
Black Hawk,WL 4-1,District 1B Associate Judge - Patrick Wegman,,Yes,,363,170,193
Black Hawk,WL 4-2,District 1B Associate Judge - Patrick Wegman,,Yes,,290,159,131
Black Hawk,WL 4-3,District 1B Associate Judge - Patrick Wegman,,Yes,,228,104,124
Black Hawk,WL 4-4,District 1B Associate Judge - Patrick Wegman,,Yes,,356,131,225
Black Hawk,WL 4-5,District 1B Associate Judge - Patrick Wegman,,Yes,,213,98,115
Black Hawk,WL 4-6,District 1B Associate Judge - Patrick Wegman,,Yes,,371,127,244
Black Hawk,WL 5-1,District 1B Associate Judge - Patrick Wegman,,Yes,,169,70,99
Black Hawk,WL 5-2,District 1B Associate Judge - Patrick Wegman,,Yes,,427,136,291
Black Hawk,WL 5-3,District 1B Associate Judge - Patrick Wegman,,Yes,,338,144,194
Black Hawk,WL 5-4,District 1B Associate Judge - Patrick Wegman,,Yes,,498,234,264
Black Hawk,WL 5-5,District 1B Associate Judge - Patrick Wegman,,Yes,,702,290,412
Black Hawk,WL 5-6,District 1B Associate Judge - Patrick Wegman,,Yes,,541,287,254
Black Hawk,Barclay/Benn/Lester/Dunkerton,District 1B Judge - Andrea J. Dryer,,No,,269,65,204
Black Hawk,Big Creek/Spring Creek/LPC,District 1B Judge - Andrea J. Dryer,,No,,326,90,236
Black Hawk,Black Hawk/Cedar Falls/Lincoln,District 1B Judge - Andrea J. Dryer,,No,,110,42,68
Black Hawk,CF 1-1,District 1B Judge - Andrea J. Dryer,,No,,165,40,125
Black Hawk,CF 1-2,District 1B Judge - Andrea J. Dryer,,No,,271,88,183
Black Hawk,CF 1-3,District 1B Judge - Andrea J. Dryer,,No,,210,76,134
Black Hawk,CF 2-1,District 1B Judge - Andrea J. Dryer,,No,,40,10,30
Black Hawk,CF 2-2,District 1B Judge - Andrea J. Dryer,,No,,236,81,155
Black Hawk,CF 2-3,District 1B Judge - Andrea J. Dryer,,No,,248,82,166
Black Hawk,CF 3-1,District 1B Judge - Andrea J. Dryer,,No,,261,94,167
Black Hawk,CF 3-2,District 1B Judge - Andrea J. Dryer,,No,,207,87,120
Black Hawk,CF 3-3,District 1B Judge - Andrea J. Dryer,,No,,207,74,133
Black Hawk,CF 4-1,District 1B Judge - Andrea J. Dryer,,No,,140,27,113
Black Hawk,CF 4-2,District 1B Judge - Andrea J. Dryer,,No,,232,89,143
Black Hawk,CF 4-3,District 1B Judge - Andrea J. Dryer,,No,,248,89,159
Black Hawk,CF 5-1,District 1B Judge - Andrea J. Dryer,,No,,273,91,182
Black Hawk,CF 5-2,District 1B Judge - Andrea J. Dryer,,No,,227,91,136
Black Hawk,CF 5-3,District 1B Judge - Andrea J. Dryer,,No,,185,105,80
Black Hawk,Cedar/Poyner2/Gilbertville,District 1B Judge - Andrea J. Dryer,,No,,283,94,189
Black Hawk,Eagle/Orange,District 1B Judge - Andrea J. Dryer,,No,,99,36,63
Black Hawk,Elk Run Heights,District 1B Judge - Andrea J. Dryer,,No,,92,21,71
Black Hawk,Evansdale Ward 1,District 1B Judge - Andrea J. Dryer,,No,,85,27,58
Black Hawk,Evansdale Ward 2,District 1B Judge - Andrea J. Dryer,,No,,97,31,66
Black Hawk,Evansdale Ward 3,District 1B Judge - Andrea J. Dryer,,No,,110,32,78
Black Hawk,Evansdale Ward 4,District 1B Judge - Andrea J. Dryer,,No,,98,27,71
Black Hawk,Hudson,District 1B Judge - Andrea J. Dryer,,No,,270,81,189
Black Hawk,Mt. Vernon,District 1B Judge - Andrea J. Dryer,,No,,108,44,64
Black Hawk,Poyner1/EWL/Raymond/Fox/Jesup,District 1B Judge - Andrea J. Dryer,,No,,266,84,182
Black Hawk,Union/Washington/Janesville,District 1B Judge - Andrea J. Dryer,,No,,161,54,107
Black Hawk,WL 1-1,District 1B Judge - Andrea J. Dryer,,No,,118,53,65
Black Hawk,WL 1-2,District 1B Judge - Andrea J. Dryer,,No,,203,93,110
Black Hawk,WL 1-3,District 1B Judge - Andrea J. Dryer,,No,,162,47,115
Black Hawk,WL 1-4,District 1B Judge - Andrea J. Dryer,,No,,229,119,110
Black Hawk,WL 1-5,District 1B Judge - Andrea J. Dryer,,No,,141,52,89
Black Hawk,WL 1-6,District 1B Judge - Andrea J. Dryer,,No,,280,127,153
Black Hawk,WL 2-1,District 1B Judge - Andrea J. Dryer,,No,,177,80,97
Black Hawk,WL 2-2,District 1B Judge - Andrea J. Dryer,,No,,121,56,65
Black Hawk,WL 2-3,District 1B Judge - Andrea J. Dryer,,No,,180,65,115
Black Hawk,WL 2-4,District 1B Judge - Andrea J. Dryer,,No,,165,75,90
Black Hawk,WL 2-5,District 1B Judge - Andrea J. Dryer,,No,,149,58,91
Black Hawk,WL 2-6,District 1B Judge - Andrea J. Dryer,,No,,120,45,75
Black Hawk,WL 3-1,District 1B Judge - Andrea J. Dryer,,No,,178,89,89
Black Hawk,WL 3-2,District 1B Judge - Andrea J. Dryer,,No,,148,56,92
Black Hawk,WL 3-3,District 1B Judge - Andrea J. Dryer,,No,,137,43,94
Black Hawk,WL 3-4,District 1B Judge - Andrea J. Dryer,,No,,127,35,92
Black Hawk,WL 3-5,District 1B Judge - Andrea J. Dryer,,No,,246,62,184
Black Hawk,WL 3-6,District 1B Judge - Andrea J. Dryer,,No,,101,40,61
Black Hawk,WL 4-1,District 1B Judge - Andrea J. Dryer,,No,,161,56,105
Black Hawk,WL 4-2,District 1B Judge - Andrea J. Dryer,,No,,125,58,67
Black Hawk,WL 4-3,District 1B Judge - Andrea J. Dryer,,No,,115,45,70
Black Hawk,WL 4-4,District 1B Judge - Andrea J. Dryer,,No,,136,49,87
Black Hawk,WL 4-5,District 1B Judge - Andrea J. Dryer,,No,,84,30,54
Black Hawk,WL 4-6,District 1B Judge - Andrea J. Dryer,,No,,143,50,93
Black Hawk,WL 5-1,District 1B Judge - Andrea J. Dryer,,No,,65,27,38
Black Hawk,WL 5-2,District 1B Judge - Andrea J. Dryer,,No,,171,40,131
Black Hawk,WL 5-3,District 1B Judge - Andrea J. Dryer,,No,,144,47,97
Black Hawk,WL 5-4,District 1B Judge - Andrea J. Dryer,,No,,166,78,88
Black Hawk,WL 5-5,District 1B Judge - Andrea J. Dryer,,No,,206,79,127
Black Hawk,WL 5-6,District 1B Judge - Andrea J. Dryer,,No,,145,69,76
Black Hawk,Barclay/Benn/Lester/Dunkerton,District 1B Judge - Andrea J. Dryer,,Yes,,683,177,506
Black Hawk,Big Creek/Spring Creek/LPC,District 1B Judge - Andrea J. Dryer,,Yes,,815,228,587
Black Hawk,Black Hawk/Cedar Falls/Lincoln,District 1B Judge - Andrea J. Dryer,,Yes,,333,138,195
Black Hawk,CF 1-1,District 1B Judge - Andrea J. Dryer,,Yes,,419,136,283
Black Hawk,CF 1-2,District 1B Judge - Andrea J. Dryer,,Yes,,908,361,547
Black Hawk,CF 1-3,District 1B Judge - Andrea J. Dryer,,Yes,,592,301,291
Black Hawk,CF 2-1,District 1B Judge - Andrea J. Dryer,,Yes,,212,87,125
Black Hawk,CF 2-2,District 1B Judge - Andrea J. Dryer,,Yes,,791,317,474
Black Hawk,CF 2-3,District 1B Judge - Andrea J. Dryer,,Yes,,869,335,534
Black Hawk,CF 3-1,District 1B Judge - Andrea J. Dryer,,Yes,,804,355,449
Black Hawk,CF 3-2,District 1B Judge - Andrea J. Dryer,,Yes,,880,422,458
Black Hawk,CF 3-3,District 1B Judge - Andrea J. Dryer,,Yes,,767,278,489
Black Hawk,CF 4-1,District 1B Judge - Andrea J. Dryer,,Yes,,556,165,391
Black Hawk,CF 4-2,District 1B Judge - Andrea J. Dryer,,Yes,,693,276,417
Black Hawk,CF 4-3,District 1B Judge - Andrea J. Dryer,,Yes,,707,314,393
Black Hawk,CF 5-1,District 1B Judge - Andrea J. Dryer,,Yes,,871,372,499
Black Hawk,CF 5-2,District 1B Judge - Andrea J. Dryer,,Yes,,847,373,474
Black Hawk,CF 5-3,District 1B Judge - Andrea J. Dryer,,Yes,,1104,685,419
Black Hawk,Cedar/Poyner2/Gilbertville,District 1B Judge - Andrea J. Dryer,,Yes,,769,301,468
Black Hawk,Eagle/Orange,District 1B Judge - Andrea J. Dryer,,Yes,,262,94,168
Black Hawk,Elk Run Heights,District 1B Judge - Andrea J. Dryer,,Yes,,307,69,238
Black Hawk,Evansdale Ward 1,District 1B Judge - Andrea J. Dryer,,Yes,,307,95,212
Black Hawk,Evansdale Ward 2,District 1B Judge - Andrea J. Dryer,,Yes,,247,79,168
Black Hawk,Evansdale Ward 3,District 1B Judge - Andrea J. Dryer,,Yes,,293,69,224
Black Hawk,Evansdale Ward 4,District 1B Judge - Andrea J. Dryer,,Yes,,267,85,182
Black Hawk,Hudson,District 1B Judge - Andrea J. Dryer,,Yes,,877,283,594
Black Hawk,Mt. Vernon,District 1B Judge - Andrea J. Dryer,,Yes,,306,135,171
Black Hawk,Poyner1/EWL/Raymond/Fox/Jesup,District 1B Judge - Andrea J. Dryer,,Yes,,712,263,449
Black Hawk,Union/Washington/Janesville,District 1B Judge - Andrea J. Dryer,,Yes,,561,210,351
Black Hawk,WL 1-1,District 1B Judge - Andrea J. Dryer,,Yes,,383,187,196
Black Hawk,WL 1-2,District 1B Judge - Andrea J. Dryer,,Yes,,564,289,275
Black Hawk,WL 1-3,District 1B Judge - Andrea J. Dryer,,Yes,,432,161,271
Black Hawk,WL 1-4,District 1B Judge - Andrea J. Dryer,,Yes,,768,337,431
Black Hawk,WL 1-5,District 1B Judge - Andrea J. Dryer,,Yes,,421,171,250
Black Hawk,WL 1-6,District 1B Judge - Andrea J. Dryer,,Yes,,1050,572,478
Black Hawk,WL 2-1,District 1B Judge - Andrea J. Dryer,,Yes,,811,465,346
Black Hawk,WL 2-2,District 1B Judge - Andrea J. Dryer,,Yes,,460,191,269
Black Hawk,WL 2-3,District 1B Judge - Andrea J. Dryer,,Yes,,516,216,300
Black Hawk,WL 2-4,District 1B Judge - Andrea J. Dryer,,Yes,,476,240,236
Black Hawk,WL 2-5,District 1B Judge - Andrea J. Dryer,,Yes,,441,227,214
Black Hawk,WL 2-6,District 1B Judge - Andrea J. Dryer,,Yes,,385,174,211
Black Hawk,WL 3-1,District 1B Judge - Andrea J. Dryer,,Yes,,593,314,279
Black Hawk,WL 3-2,District 1B Judge - Andrea J. Dryer,,Yes,,383,176,207
Black Hawk,WL 3-3,District 1B Judge - Andrea J. Dryer,,Yes,,409,159,250
Black Hawk,WL 3-4,District 1B Judge - Andrea J. Dryer,,Yes,,337,120,217
Black Hawk,WL 3-5,District 1B Judge - Andrea J. Dryer,,Yes,,557,188,369
Black Hawk,WL 3-6,District 1B Judge - Andrea J. Dryer,,Yes,,312,155,157
Black Hawk,WL 4-1,District 1B Judge - Andrea J. Dryer,,Yes,,428,188,240
Black Hawk,WL 4-2,District 1B Judge - Andrea J. Dryer,,Yes,,329,178,151
Black Hawk,WL 4-3,District 1B Judge - Andrea J. Dryer,,Yes,,267,128,139
Black Hawk,WL 4-4,District 1B Judge - Andrea J. Dryer,,Yes,,382,145,237
Black Hawk,WL 4-5,District 1B Judge - Andrea J. Dryer,,Yes,,242,112,130
Black Hawk,WL 4-6,District 1B Judge - Andrea J. Dryer,,Yes,,391,141,250
Black Hawk,WL 5-1,District 1B Judge - Andrea J. Dryer,,Yes,,180,71,109
Black Hawk,WL 5-2,District 1B Judge - Andrea J. Dryer,,Yes,,461,152,309
Black Hawk,WL 5-3,District 1B Judge - Andrea J. Dryer,,Yes,,361,154,207
Black Hawk,WL 5-4,District 1B Judge - Andrea J. Dryer,,Yes,,515,236,279
Black Hawk,WL 5-5,District 1B Judge - Andrea J. Dryer,,Yes,,743,313,430
Black Hawk,WL 5-6,District 1B Judge - Andrea J. Dryer,,Yes,,579,312,267
Black Hawk,Barclay/Benn/Lester/Dunkerton,District 1B Judge - David F. Staudt,,No,,281,70,211
Black Hawk,Big Creek/Spring Creek/LPC,District 1B Judge - David F. Staudt,,No,,321,92,229
Black Hawk,Black Hawk/Cedar Falls/Lincoln,District 1B Judge - David F. Staudt,,No,,110,47,63
Black Hawk,CF 1-1,District 1B Judge - David F. Staudt,,No,,189,48,141
Black Hawk,CF 1-2,District 1B Judge - David F. Staudt,,No,,277,90,187
Black Hawk,CF 1-3,District 1B Judge - David F. Staudt,,No,,221,72,149
Black Hawk,CF 2-1,District 1B Judge - David F. Staudt,,No,,60,19,41
Black Hawk,CF 2-2,District 1B Judge - David F. Staudt,,No,,270,97,173
Black Hawk,CF 2-3,District 1B Judge - David F. Staudt,,No,,270,86,184
Black Hawk,CF 3-1,District 1B Judge - David F. Staudt,,No,,273,109,164
Black Hawk,CF 3-2,District 1B Judge - David F. Staudt,,No,,238,87,151
Black Hawk,CF 3-3,District 1B Judge - David F. Staudt,,No,,220,77,143
Black Hawk,CF 4-1,District 1B Judge - David F. Staudt,,No,,187,38,149
Black Hawk,CF 4-2,District 1B Judge - David F. Staudt,,No,,268,96,172
Black Hawk,CF 4-3,District 1B Judge - David F. Staudt,,No,,259,103,156
Black Hawk,CF 5-1,District 1B Judge - David F. Staudt,,No,,288,99,189
Black Hawk,CF 5-2,District 1B Judge - David F. Staudt,,No,,244,96,148
Black Hawk,CF 5-3,District 1B Judge - David F. Staudt,,No,,211,121,90
Black Hawk,Cedar/Poyner2/Gilbertville,District 1B Judge - David F. Staudt,,No,,306,102,204
Black Hawk,Eagle/Orange,District 1B Judge - David F. Staudt,,No,,94,31,63
Black Hawk,Elk Run Heights,District 1B Judge - David F. Staudt,,No,,102,21,81
Black Hawk,Evansdale Ward 1,District 1B Judge - David F. Staudt,,No,,107,36,71
Black Hawk,Evansdale Ward 2,District 1B Judge - David F. Staudt,,No,,95,25,70
Black Hawk,Evansdale Ward 3,District 1B Judge - David F. Staudt,,No,,107,29,78
Black Hawk,Evansdale Ward 4,District 1B Judge - David F. Staudt,,No,,85,25,60
Black Hawk,Hudson,District 1B Judge - David F. Staudt,,No,,311,101,210
Black Hawk,Mt. Vernon,District 1B Judge - David F. Staudt,,No,,101,51,50
Black Hawk,Poyner1/EWL/Raymond/Fox/Jesup,District 1B Judge - David F. Staudt,,No,,286,101,185
Black Hawk,Union/Washington/Janesville,District 1B Judge - David F. Staudt,,No,,169,57,112
Black Hawk,WL 1-1,District 1B Judge - David F. Staudt,,No,,139,68,71
Black Hawk,WL 1-2,District 1B Judge - David F. Staudt,,No,,219,103,116
Black Hawk,WL 1-3,District 1B Judge - David F. Staudt,,No,,201,57,144
Black Hawk,WL 1-4,District 1B Judge - David F. Staudt,,No,,259,128,131
Black Hawk,WL 1-5,District 1B Judge - David F. Staudt,,No,,152,55,97
Black Hawk,WL 1-6,District 1B Judge - David F. Staudt,,No,,333,157,176
Black Hawk,WL 2-1,District 1B Judge - David F. Staudt,,No,,191,90,101
Black Hawk,WL 2-2,District 1B Judge - David F. Staudt,,No,,150,66,84
Black Hawk,WL 2-3,District 1B Judge - David F. Staudt,,No,,193,73,120
Black Hawk,WL 2-4,District 1B Judge - David F. Staudt,,No,,178,97,81
Black Hawk,WL 2-5,District 1B Judge - David F. Staudt,,No,,160,67,93
Black Hawk,WL 2-6,District 1B Judge - David F. Staudt,,No,,131,56,75
Black Hawk,WL 3-1,District 1B Judge - David F. Staudt,,No,,202,97,105
Black Hawk,WL 3-2,District 1B Judge - David F. Staudt,,No,,164,66,98
Black Hawk,WL 3-3,District 1B Judge - David F. Staudt,,No,,155,57,98
Black Hawk,WL 3-4,District 1B Judge - David F. Staudt,,No,,151,43,108
Black Hawk,WL 3-5,District 1B Judge - David F. Staudt,,No,,259,72,187
Black Hawk,WL 3-6,District 1B Judge - David F. Staudt,,No,,120,46,74
Black Hawk,WL 4-1,District 1B Judge - David F. Staudt,,No,,191,69,122
Black Hawk,WL 4-2,District 1B Judge - David F. Staudt,,No,,141,62,79
Black Hawk,WL 4-3,District 1B Judge - David F. Staudt,,No,,121,50,71
Black Hawk,WL 4-4,District 1B Judge - David F. Staudt,,No,,170,59,111
Black Hawk,WL 4-5,District 1B Judge - David F. Staudt,,No,,114,44,70
Black Hawk,WL 4-6,District 1B Judge - David F. Staudt,,No,,169,63,106
Black Hawk,WL 5-1,District 1B Judge - David F. Staudt,,No,,74,27,47
Black Hawk,WL 5-2,District 1B Judge - David F. Staudt,,No,,189,46,143
Black Hawk,WL 5-3,District 1B Judge - David F. Staudt,,No,,160,49,111
Black Hawk,WL 5-4,District 1B Judge - David F. Staudt,,No,,183,84,99
Black Hawk,WL 5-5,District 1B Judge - David F. Staudt,,No,,231,97,134
Black Hawk,WL 5-6,District 1B Judge - David F. Staudt,,No,,180,86,94
Black Hawk,Barclay/Benn/Lester/Dunkerton,District 1B Judge - David F. Staudt,,Yes,,662,175,487
Black Hawk,Big Creek/Spring Creek/LPC,District 1B Judge - David F. Staudt,,Yes,,810,221,589
Black Hawk,Black Hawk/Cedar Falls/Lincoln,District 1B Judge - David F. Staudt,,Yes,,336,135,201
Black Hawk,CF 1-1,District 1B Judge - David F. Staudt,,Yes,,391,129,262
Black Hawk,CF 1-2,District 1B Judge - David F. Staudt,,Yes,,903,360,543
Black Hawk,CF 1-3,District 1B Judge - David F. Staudt,,Yes,,588,312,276
Black Hawk,CF 2-1,District 1B Judge - David F. Staudt,,Yes,,185,74,111
Black Hawk,CF 2-2,District 1B Judge - David F. Staudt,,Yes,,760,302,458
Black Hawk,CF 2-3,District 1B Judge - David F. Staudt,,Yes,,830,319,511
Black Hawk,CF 3-1,District 1B Judge - David F. Staudt,,Yes,,773,330,443
Black Hawk,CF 3-2,District 1B Judge - David F. Staudt,,Yes,,847,416,431
Black Hawk,CF 3-3,District 1B Judge - David F. Staudt,,Yes,,751,272,479
Black Hawk,CF 4-1,District 1B Judge - David F. Staudt,,Yes,,507,152,355
Black Hawk,CF 4-2,District 1B Judge - David F. Staudt,,Yes,,656,264,392
Black Hawk,CF 4-3,District 1B Judge - David F. Staudt,,Yes,,685,290,395
Black Hawk,CF 5-1,District 1B Judge - David F. Staudt,,Yes,,837,356,481
Black Hawk,CF 5-2,District 1B Judge - David F. Staudt,,Yes,,837,372,465
Black Hawk,CF 5-3,District 1B Judge - David F. Staudt,,Yes,,1056,667,389
Black Hawk,Cedar/Poyner2/Gilbertville,District 1B Judge - David F. Staudt,,Yes,,730,287,443
Black Hawk,Eagle/Orange,District 1B Judge - David F. Staudt,,Yes,,275,104,171
Black Hawk,Elk Run Heights,District 1B Judge - David F. Staudt,,Yes,,291,65,226
Black Hawk,Evansdale Ward 1,District 1B Judge - David F. Staudt,,Yes,,279,82,197
Black Hawk,Evansdale Ward 2,District 1B Judge - David F. Staudt,,Yes,,245,86,159
Black Hawk,Evansdale Ward 3,District 1B Judge - David F. Staudt,,Yes,,288,70,218
Black Hawk,Evansdale Ward 4,District 1B Judge - David F. Staudt,,Yes,,265,88,177
Black Hawk,Hudson,District 1B Judge - David F. Staudt,,Yes,,820,258,562
Black Hawk,Mt. Vernon,District 1B Judge - David F. Staudt,,Yes,,309,123,186
Black Hawk,Poyner1/EWL/Raymond/Fox/Jesup,District 1B Judge - David F. Staudt,,Yes,,684,245,439
Black Hawk,Union/Washington/Janesville,District 1B Judge - David F. Staudt,,Yes,,548,208,340
Black Hawk,WL 1-1,District 1B Judge - David F. Staudt,,Yes,,359,173,186
Black Hawk,WL 1-2,District 1B Judge - David F. Staudt,,Yes,,535,273,262
Black Hawk,WL 1-3,District 1B Judge - David F. Staudt,,Yes,,382,146,236
Black Hawk,WL 1-4,District 1B Judge - David F. Staudt,,Yes,,726,321,405
Black Hawk,WL 1-5,District 1B Judge - David F. Staudt,,Yes,,403,164,239
Black Hawk,WL 1-6,District 1B Judge - David F. Staudt,,Yes,,965,525,440
Black Hawk,WL 2-1,District 1B Judge - David F. Staudt,,Yes,,776,440,336
Black Hawk,WL 2-2,District 1B Judge - David F. Staudt,,Yes,,417,173,244
Black Hawk,WL 2-3,District 1B Judge - David F. Staudt,,Yes,,477,202,275
Black Hawk,WL 2-4,District 1B Judge - David F. Staudt,,Yes,,449,218,231
Black Hawk,WL 2-5,District 1B Judge - David F. Staudt,,Yes,,423,216,207
Black Hawk,WL 2-6,District 1B Judge - David F. Staudt,,Yes,,361,157,204
Black Hawk,WL 3-1,District 1B Judge - David F. Staudt,,Yes,,546,290,256
Black Hawk,WL 3-2,District 1B Judge - David F. Staudt,,Yes,,357,158,199
Black Hawk,WL 3-3,District 1B Judge - David F. Staudt,,Yes,,366,129,237
Black Hawk,WL 3-4,District 1B Judge - David F. Staudt,,Yes,,303,107,196
Black Hawk,WL 3-5,District 1B Judge - David F. Staudt,,Yes,,540,174,366
Black Hawk,WL 3-6,District 1B Judge - David F. Staudt,,Yes,,279,142,137
Black Hawk,WL 4-1,District 1B Judge - David F. Staudt,,Yes,,384,174,210
Black Hawk,WL 4-2,District 1B Judge - David F. Staudt,,Yes,,289,159,130
Black Hawk,WL 4-3,District 1B Judge - David F. Staudt,,Yes,,230,111,119
Black Hawk,WL 4-4,District 1B Judge - David F. Staudt,,Yes,,342,133,209
Black Hawk,WL 4-5,District 1B Judge - David F. Staudt,,Yes,,209,100,109
Black Hawk,WL 4-6,District 1B Judge - David F. Staudt,,Yes,,348,121,227
Black Hawk,WL 5-1,District 1B Judge - David F. Staudt,,Yes,,162,66,96
Black Hawk,WL 5-2,District 1B Judge - David F. Staudt,,Yes,,442,146,296
Black Hawk,WL 5-3,District 1B Judge - David F. Staudt,,Yes,,336,147,189
Black Hawk,WL 5-4,District 1B Judge - David F. Staudt,,Yes,,490,230,260
Black Hawk,WL 5-5,District 1B Judge - David F. Staudt,,Yes,,707,287,420
Black Hawk,WL 5-6,District 1B Judge - David F. Staudt,,Yes,,519,278,241
Black Hawk,Barclay/Benn/Lester/Dunkerton,District 1B Judge - John James Sullivan,,No,,268,68,200
Black Hawk,Big Creek/Spring Creek/LPC,District 1B Judge - John James Sullivan,,No,,316,92,224
Black Hawk,Black Hawk/Cedar Falls/Lincoln,District 1B Judge - John James Sullivan,,No,,106,48,58
Black Hawk,CF 1-1,District 1B Judge - John James Sullivan,,No,,185,51,134
Black Hawk,CF 1-2,District 1B Judge - John James Sullivan,,No,,356,138,218
Black Hawk,CF 1-3,District 1B Judge - John James Sullivan,,No,,297,130,167
Black Hawk,CF 2-1,District 1B Judge - John James Sullivan,,No,,66,20,46
Black Hawk,CF 2-2,District 1B Judge - John James Sullivan,,No,,270,104,166
Black Hawk,CF 2-3,District 1B Judge - John James Sullivan,,No,,299,109,190
Black Hawk,CF 3-1,District 1B Judge - John James Sullivan,,No,,273,102,171
Black Hawk,CF 3-2,District 1B Judge - John James Sullivan,,No,,262,116,146
Black Hawk,CF 3-3,District 1B Judge - John James Sullivan,,No,,250,87,163
Black Hawk,CF 4-1,District 1B Judge - John James Sullivan,,No,,223,53,170
Black Hawk,CF 4-2,District 1B Judge - John James Sullivan,,No,,300,116,184
Black Hawk,CF 4-3,District 1B Judge - John James Sullivan,,No,,277,127,150
Black Hawk,CF 5-1,District 1B Judge - John James Sullivan,,No,,299,116,183
Black Hawk,CF 5-2,District 1B Judge - John James Sullivan,,No,,251,107,144
Black Hawk,CF 5-3,District 1B Judge - John James Sullivan,,No,,234,139,95
Black Hawk,Cedar/Poyner2/Gilbertville,District 1B Judge - John James Sullivan,,No,,300,113,187
Black Hawk,Eagle/Orange,District 1B Judge - John James Sullivan,,No,,84,32,52
Black Hawk,Elk Run Heights,District 1B Judge - John James Sullivan,,No,,99,26,73
Black Hawk,Evansdale Ward 1,District 1B Judge - John James Sullivan,,No,,100,33,67
Black Hawk,Evansdale Ward 2,District 1B Judge - John James Sullivan,,No,,96,29,67
Black Hawk,Evansdale Ward 3,District 1B Judge - John James Sullivan,,No,,105,28,77
Black Hawk,Evansdale Ward 4,District 1B Judge - John James Sullivan,,No,,97,35,62
Black Hawk,Hudson,District 1B Judge - John James Sullivan,,No,,262,92,170
Black Hawk,Mt. Vernon,District 1B Judge - John James Sullivan,,No,,97,43,54
Black Hawk,Poyner1/EWL/Raymond/Fox/Jesup,District 1B Judge - John James Sullivan,,No,,292,109,183
Black Hawk,Union/Washington/Janesville,District 1B Judge - John James Sullivan,,No,,172,66,106
Black Hawk,WL 1-1,District 1B Judge - John James Sullivan,,No,,125,69,56
Black Hawk,WL 1-2,District 1B Judge - John James Sullivan,,No,,217,104,113
Black Hawk,WL 1-3,District 1B Judge - John James Sullivan,,No,,203,59,144
Black Hawk,WL 1-4,District 1B Judge - John James Sullivan,,No,,270,128,142
Black Hawk,WL 1-5,District 1B Judge - John James Sullivan,,No,,147,55,92
Black Hawk,WL 1-6,District 1B Judge - John James Sullivan,,No,,301,150,151
Black Hawk,WL 2-1,District 1B Judge - John James Sullivan,,No,,198,96,102
Black Hawk,WL 2-2,District 1B Judge - John James Sullivan,,No,,156,64,92
Black Hawk,WL 2-3,District 1B Judge - John James Sullivan,,No,,183,72,111
Black Hawk,WL 2-4,District 1B Judge - John James Sullivan,,No,,178,94,84
Black Hawk,WL 2-5,District 1B Judge - John James Sullivan,,No,,166,79,87
Black Hawk,WL 2-6,District 1B Judge - John James Sullivan,,No,,102,40,62
Black Hawk,WL 3-1,District 1B Judge - John James Sullivan,,No,,204,106,98
Black Hawk,WL 3-2,District 1B Judge - John James Sullivan,,No,,157,67,90
Black Hawk,WL 3-3,District 1B Judge - John James Sullivan,,No,,155,51,104
Black Hawk,WL 3-4,District 1B Judge - John James Sullivan,,No,,152,47,105
Black Hawk,WL 3-5,District 1B Judge - John James Sullivan,,No,,281,80,201
Black Hawk,WL 3-6,District 1B Judge - John James Sullivan,,No,,120,48,72
Black Hawk,WL 4-1,District 1B Judge - John James Sullivan,,No,,192,64,128
Black Hawk,WL 4-2,District 1B Judge - John James Sullivan,,No,,143,61,82
Black Hawk,WL 4-3,District 1B Judge - John James Sullivan,,No,,118,54,64
Black Hawk,WL 4-4,District 1B Judge - John James Sullivan,,No,,156,58,98
Black Hawk,WL 4-5,District 1B Judge - John James Sullivan,,No,,98,42,56
Black Hawk,WL 4-6,District 1B Judge - John James Sullivan,,No,,168,66,102
Black Hawk,WL 5-1,District 1B Judge - John James Sullivan,,No,,79,34,45
Black Hawk,WL 5-2,District 1B Judge - John James Sullivan,,No,,199,54,145
Black Hawk,WL 5-3,District 1B Judge - John James Sullivan,,No,,178,59,119
Black Hawk,WL 5-4,District 1B Judge - John James Sullivan,,No,,179,80,99
Black Hawk,WL 5-5,District 1B Judge - John James Sullivan,,No,,243,108,135
Black Hawk,WL 5-6,District 1B Judge - John James Sullivan,,No,,170,89,81
Black Hawk,Barclay/Benn/Lester/Dunkerton,District 1B Judge - John James Sullivan,,Yes,,667,171,496
Black Hawk,Big Creek/Spring Creek/LPC,District 1B Judge - John James Sullivan,,Yes,,807,221,586
Black Hawk,Black Hawk/Cedar Falls/Lincoln,District 1B Judge - John James Sullivan,,Yes,,336,128,208
Black Hawk,CF 1-1,District 1B Judge - John James Sullivan,,Yes,,381,120,261
Black Hawk,CF 1-2,District 1B Judge - John James Sullivan,,Yes,,807,303,504
Black Hawk,CF 1-3,District 1B Judge - John James Sullivan,,Yes,,496,243,253
Black Hawk,CF 2-1,District 1B Judge - John James Sullivan,,Yes,,177,73,104
Black Hawk,CF 2-2,District 1B Judge - John James Sullivan,,Yes,,751,293,458
Black Hawk,CF 2-3,District 1B Judge - John James Sullivan,,Yes,,806,295,511
Black Hawk,CF 3-1,District 1B Judge - John James Sullivan,,Yes,,766,338,428
Black Hawk,CF 3-2,District 1B Judge - John James Sullivan,,Yes,,800,379,421
Black Hawk,CF 3-3,District 1B Judge - John James Sullivan,,Yes,,706,256,450
Black Hawk,CF 4-1,District 1B Judge - John James Sullivan,,Yes,,460,134,326
Black Hawk,CF 4-2,District 1B Judge - John James Sullivan,,Yes,,612,238,374
Black Hawk,CF 4-3,District 1B Judge - John James Sullivan,,Yes,,662,264,398
Black Hawk,CF 5-1,District 1B Judge - John James Sullivan,,Yes,,829,334,495
Black Hawk,CF 5-2,District 1B Judge - John James Sullivan,,Yes,,812,353,459
Black Hawk,CF 5-3,District 1B Judge - John James Sullivan,,Yes,,1036,653,383
Black Hawk,Cedar/Poyner2/Gilbertville,District 1B Judge - John James Sullivan,,Yes,,744,280,464
Black Hawk,Eagle/Orange,District 1B Judge - John James Sullivan,,Yes,,280,97,183
Black Hawk,Elk Run Heights,District 1B Judge - John James Sullivan,,Yes,,298,62,236
Black Hawk,Evansdale Ward 1,District 1B Judge - John James Sullivan,,Yes,,283,87,196
Black Hawk,Evansdale Ward 2,District 1B Judge - John James Sullivan,,Yes,,241,78,163
Black Hawk,Evansdale Ward 3,District 1B Judge - John James Sullivan,,Yes,,289,72,217
Black Hawk,Evansdale Ward 4,District 1B Judge - John James Sullivan,,Yes,,255,74,181
Black Hawk,Hudson,District 1B Judge - John James Sullivan,,Yes,,862,260,602
Black Hawk,Mt. Vernon,District 1B Judge - John James Sullivan,,Yes,,311,129,182
Black Hawk,Poyner1/EWL/Raymond/Fox/Jesup,District 1B Judge - John James Sullivan,,Yes,,684,244,440
Black Hawk,Union/Washington/Janesville,District 1B Judge - John James Sullivan,,Yes,,549,200,349
Black Hawk,WL 1-1,District 1B Judge - John James Sullivan,,Yes,,371,171,200
Black Hawk,WL 1-2,District 1B Judge - John James Sullivan,,Yes,,533,269,264
Black Hawk,WL 1-3,District 1B Judge - John James Sullivan,,Yes,,380,147,233
Black Hawk,WL 1-4,District 1B Judge - John James Sullivan,,Yes,,710,320,390
Black Hawk,WL 1-5,District 1B Judge - John James Sullivan,,Yes,,403,160,243
Black Hawk,WL 1-6,District 1B Judge - John James Sullivan,,Yes,,999,535,464
Black Hawk,WL 2-1,District 1B Judge - John James Sullivan,,Yes,,767,436,331
Black Hawk,WL 2-2,District 1B Judge - John James Sullivan,,Yes,,413,175,238
Black Hawk,WL 2-3,District 1B Judge - John James Sullivan,,Yes,,487,203,284
Black Hawk,WL 2-4,District 1B Judge - John James Sullivan,,Yes,,436,211,225
Black Hawk,WL 2-5,District 1B Judge - John James Sullivan,,Yes,,416,204,212
Black Hawk,WL 2-6,District 1B Judge - John James Sullivan,,Yes,,394,174,220
Black Hawk,WL 3-1,District 1B Judge - John James Sullivan,,Yes,,540,276,264
Black Hawk,WL 3-2,District 1B Judge - John James Sullivan,,Yes,,363,164,199
Black Hawk,WL 3-3,District 1B Judge - John James Sullivan,,Yes,,364,134,230
Black Hawk,WL 3-4,District 1B Judge - John James Sullivan,,Yes,,302,102,200
Black Hawk,WL 3-5,District 1B Judge - John James Sullivan,,Yes,,523,167,356
Black Hawk,WL 3-6,District 1B Judge - John James Sullivan,,Yes,,275,137,138
Black Hawk,WL 4-1,District 1B Judge - John James Sullivan,,Yes,,375,173,202
Black Hawk,WL 4-2,District 1B Judge - John James Sullivan,,Yes,,287,157,130
Black Hawk,WL 4-3,District 1B Judge - John James Sullivan,,Yes,,232,103,129
Black Hawk,WL 4-4,District 1B Judge - John James Sullivan,,Yes,,350,131,219
Black Hawk,WL 4-5,District 1B Judge - John James Sullivan,,Yes,,218,98,120
Black Hawk,WL 4-6,District 1B Judge - John James Sullivan,,Yes,,350,123,227
Black Hawk,WL 5-1,District 1B Judge - John James Sullivan,,Yes,,160,63,97
Black Hawk,WL 5-2,District 1B Judge - John James Sullivan,,Yes,,431,137,294
Black Hawk,WL 5-3,District 1B Judge - John James Sullivan,,Yes,,325,141,184
Black Hawk,WL 5-4,District 1B Judge - John James Sullivan,,Yes,,493,233,260
Black Hawk,WL 5-5,District 1B Judge - John James Sullivan,,Yes,,699,277,422
Black Hawk,WL 5-6,District 1B Judge - John James Sullivan,,Yes,,526,277,249
Black Hawk,Barclay/Benn/Lester/Dunkerton,District 1B Judge - Kellyann Lekar,,No,,269,62,207
Black Hawk,Big Creek/Spring Creek/LPC,District 1B Judge - Kellyann Lekar,,No,,317,80,237
Black Hawk,Black Hawk/Cedar Falls/Lincoln,District 1B Judge - Kellyann Lekar,,No,,101,39,62
Black Hawk,CF 1-1,District 1B Judge - Kellyann Lekar,,No,,174,42,132
Black Hawk,CF 1-2,District 1B Judge - Kellyann Lekar,,No,,248,76,172
Black Hawk,CF 1-3,District 1B Judge - Kellyann Lekar,,No,,189,63,126
Black Hawk,CF 2-1,District 1B Judge - Kellyann Lekar,,No,,50,17,33
Black Hawk,CF 2-2,District 1B Judge - Kellyann Lekar,,No,,241,82,159
Black Hawk,CF 2-3,District 1B Judge - Kellyann Lekar,,No,,271,89,182
Black Hawk,CF 3-1,District 1B Judge - Kellyann Lekar,,No,,249,97,152
Black Hawk,CF 3-2,District 1B Judge - Kellyann Lekar,,No,,214,80,134
Black Hawk,CF 3-3,District 1B Judge - Kellyann Lekar,,No,,200,65,135
Black Hawk,CF 4-1,District 1B Judge - Kellyann Lekar,,No,,173,34,139
Black Hawk,CF 4-2,District 1B Judge - Kellyann Lekar,,No,,228,84,144
Black Hawk,CF 4-3,District 1B Judge - Kellyann Lekar,,No,,250,94,156
Black Hawk,CF 5-1,District 1B Judge - Kellyann Lekar,,No,,260,85,175
Black Hawk,CF 5-2,District 1B Judge - Kellyann Lekar,,No,,205,78,127
Black Hawk,CF 5-3,District 1B Judge - Kellyann Lekar,,No,,204,118,86
Black Hawk,Cedar/Poyner2/Gilbertville,District 1B Judge - Kellyann Lekar,,No,,278,90,188
Black Hawk,Eagle/Orange,District 1B Judge - Kellyann Lekar,,No,,94,32,62
Black Hawk,Elk Run Heights,District 1B Judge - Kellyann Lekar,,No,,96,24,72
Black Hawk,Evansdale Ward 1,District 1B Judge - Kellyann Lekar,,No,,106,34,72
Black Hawk,Evansdale Ward 2,District 1B Judge - Kellyann Lekar,,No,,93,24,69
Black Hawk,Evansdale Ward 3,District 1B Judge - Kellyann Lekar,,No,,100,31,69
Black Hawk,Evansdale Ward 4,District 1B Judge - Kellyann Lekar,,No,,85,29,56
Black Hawk,Hudson,District 1B Judge - Kellyann Lekar,,No,,275,87,188
Black Hawk,Mt. Vernon,District 1B Judge - Kellyann Lekar,,No,,105,46,59
Black Hawk,Poyner1/EWL/Raymond/Fox/Jesup,District 1B Judge - Kellyann Lekar,,No,,266,76,190
Black Hawk,Union/Washington/Janesville,District 1B Judge - Kellyann Lekar,,No,,158,51,107
Black Hawk,WL 1-1,District 1B Judge - Kellyann Lekar,,No,,114,60,54
Black Hawk,WL 1-2,District 1B Judge - Kellyann Lekar,,No,,206,87,119
Black Hawk,WL 1-3,District 1B Judge - Kellyann Lekar,,No,,178,53,125
Black Hawk,WL 1-4,District 1B Judge - Kellyann Lekar,,No,,242,119,123
Black Hawk,WL 1-5,District 1B Judge - Kellyann Lekar,,No,,145,55,90
Black Hawk,WL 1-6,District 1B Judge - Kellyann Lekar,,No,,288,137,151
Black Hawk,WL 2-1,District 1B Judge - Kellyann Lekar,,No,,177,81,96
Black Hawk,WL 2-2,District 1B Judge - Kellyann Lekar,,No,,136,54,82
Black Hawk,WL 2-3,District 1B Judge - Kellyann Lekar,,No,,179,65,114
Black Hawk,WL 2-4,District 1B Judge - Kellyann Lekar,,No,,164,76,88
Black Hawk,WL 2-5,District 1B Judge - Kellyann Lekar,,No,,156,65,91
Black Hawk,WL 2-6,District 1B Judge - Kellyann Lekar,,No,,111,46,65
Black Hawk,WL 3-1,District 1B Judge - Kellyann Lekar,,No,,190,103,87
Black Hawk,WL 3-2,District 1B Judge - Kellyann Lekar,,No,,156,53,103
Black Hawk,WL 3-3,District 1B Judge - Kellyann Lekar,,No,,138,45,93
Black Hawk,WL 3-4,District 1B Judge - Kellyann Lekar,,No,,145,39,106
Black Hawk,WL 3-5,District 1B Judge - Kellyann Lekar,,No,,234,59,175
Black Hawk,WL 3-6,District 1B Judge - Kellyann Lekar,,No,,104,41,63
Black Hawk,WL 4-1,District 1B Judge - Kellyann Lekar,,No,,180,60,120
Black Hawk,WL 4-2,District 1B Judge - Kellyann Lekar,,No,,125,58,67
Black Hawk,WL 4-3,District 1B Judge - Kellyann Lekar,,No,,117,45,72
Black Hawk,WL 4-4,District 1B Judge - Kellyann Lekar,,No,,140,48,92
Black Hawk,WL 4-5,District 1B Judge - Kellyann Lekar,,No,,111,41,70
Black Hawk,WL 4-6,District 1B Judge - Kellyann Lekar,,No,,155,56,99
Black Hawk,WL 5-1,District 1B Judge - Kellyann Lekar,,No,,75,30,45
Black Hawk,WL 5-2,District 1B Judge - Kellyann Lekar,,No,,170,36,134
Black Hawk,WL 5-3,District 1B Judge - Kellyann Lekar,,No,,143,46,97
Black Hawk,WL 5-4,District 1B Judge - Kellyann Lekar,,No,,176,77,99
Black Hawk,WL 5-5,District 1B Judge - Kellyann Lekar,,No,,199,73,126
Black Hawk,WL 5-6,District 1B Judge - Kellyann Lekar,,No,,153,72,81
Black Hawk,Barclay/Benn/Lester/Dunkerton,District 1B Judge - Kellyann Lekar,,Yes,,670,183,487
Black Hawk,Big Creek/Spring Creek/LPC,District 1B Judge - Kellyann Lekar,,Yes,,811,234,577
Black Hawk,Black Hawk/Cedar Falls/Lincoln,District 1B Judge - Kellyann Lekar,,Yes,,343,142,201
Black Hawk,CF 1-1,District 1B Judge - Kellyann Lekar,,Yes,,393,130,263
Black Hawk,CF 1-2,District 1B Judge - Kellyann Lekar,,Yes,,922,369,553
Black Hawk,CF 1-3,District 1B Judge - Kellyann Lekar,,Yes,,609,312,297
Black Hawk,CF 2-1,District 1B Judge - Kellyann Lekar,,Yes,,203,79,124
Black Hawk,CF 2-2,District 1B Judge - Kellyann Lekar,,Yes,,783,314,469
Black Hawk,CF 2-3,District 1B Judge - Kellyann Lekar,,Yes,,839,327,512
Black Hawk,CF 3-1,District 1B Judge - Kellyann Lekar,,Yes,,798,349,449
Black Hawk,CF 3-2,District 1B Judge - Kellyann Lekar,,Yes,,861,420,441
Black Hawk,CF 3-3,District 1B Judge - Kellyann Lekar,,Yes,,764,283,481
Black Hawk,CF 4-1,District 1B Judge - Kellyann Lekar,,Yes,,524,158,366
Black Hawk,CF 4-2,District 1B Judge - Kellyann Lekar,,Yes,,703,282,421
Black Hawk,CF 4-3,District 1B Judge - Kellyann Lekar,,Yes,,703,306,397
Black Hawk,CF 5-1,District 1B Judge - Kellyann Lekar,,Yes,,864,367,497
Black Hawk,CF 5-2,District 1B Judge - Kellyann Lekar,,Yes,,872,386,486
Black Hawk,CF 5-3,District 1B Judge - Kellyann Lekar,,Yes,,1074,677,397
Black Hawk,Cedar/Poyner2/Gilbertville,District 1B Judge - Kellyann Lekar,,Yes,,781,303,478
Black Hawk,Eagle/Orange,District 1B Judge - Kellyann Lekar,,Yes,,278,100,178
Black Hawk,Elk Run Heights,District 1B Judge - Kellyann Lekar,,Yes,,312,68,244
Black Hawk,Evansdale Ward 1,District 1B Judge - Kellyann Lekar,,Yes,,279,88,191
Black Hawk,Evansdale Ward 2,District 1B Judge - Kellyann Lekar,,Yes,,248,85,163
Black Hawk,Evansdale Ward 3,District 1B Judge - Kellyann Lekar,,Yes,,293,71,222
Black Hawk,Evansdale Ward 4,District 1B Judge - Kellyann Lekar,,Yes,,270,86,184
Black Hawk,Hudson,District 1B Judge - Kellyann Lekar,,Yes,,862,275,587
Black Hawk,Mt. Vernon,District 1B Judge - Kellyann Lekar,,Yes,,309,131,178
Black Hawk,Poyner1/EWL/Raymond/Fox/Jesup,District 1B Judge - Kellyann Lekar,,Yes,,715,275,440
Black Hawk,Union/Washington/Janesville,District 1B Judge - Kellyann Lekar,,Yes,,559,213,346
Black Hawk,WL 1-1,District 1B Judge - Kellyann Lekar,,Yes,,382,179,203
Black Hawk,WL 1-2,District 1B Judge - Kellyann Lekar,,Yes,,552,293,259
Black Hawk,WL 1-3,District 1B Judge - Kellyann Lekar,,Yes,,406,146,260
Black Hawk,WL 1-4,District 1B Judge - Kellyann Lekar,,Yes,,755,339,416
Black Hawk,WL 1-5,District 1B Judge - Kellyann Lekar,,Yes,,422,172,250
Black Hawk,WL 1-6,District 1B Judge - Kellyann Lekar,,Yes,,1059,575,484
Black Hawk,WL 2-1,District 1B Judge - Kellyann Lekar,,Yes,,817,468,349
Black Hawk,WL 2-2,District 1B Judge - Kellyann Lekar,,Yes,,441,192,249
Black Hawk,WL 2-3,District 1B Judge - Kellyann Lekar,,Yes,,509,219,290
Black Hawk,WL 2-4,District 1B Judge - Kellyann Lekar,,Yes,,475,243,232
Black Hawk,WL 2-5,District 1B Judge - Kellyann Lekar,,Yes,,430,218,212
Black Hawk,WL 2-6,District 1B Judge - Kellyann Lekar,,Yes,,391,173,218
Black Hawk,WL 3-1,District 1B Judge - Kellyann Lekar,,Yes,,559,288,271
Black Hawk,WL 3-2,District 1B Judge - Kellyann Lekar,,Yes,,371,173,198
Black Hawk,WL 3-3,District 1B Judge - Kellyann Lekar,,Yes,,391,144,247
Black Hawk,WL 3-4,District 1B Judge - Kellyann Lekar,,Yes,,312,111,201
Black Hawk,WL 3-5,District 1B Judge - Kellyann Lekar,,Yes,,563,185,378
Black Hawk,WL 3-6,District 1B Judge - Kellyann Lekar,,Yes,,304,149,155
Black Hawk,WL 4-1,District 1B Judge - Kellyann Lekar,,Yes,,404,183,221
Black Hawk,WL 4-2,District 1B Judge - Kellyann Lekar,,Yes,,310,166,144
Black Hawk,WL 4-3,District 1B Judge - Kellyann Lekar,,Yes,,238,114,124
Black Hawk,WL 4-4,District 1B Judge - Kellyann Lekar,,Yes,,362,138,224
Black Hawk,WL 4-5,District 1B Judge - Kellyann Lekar,,Yes,,212,103,109
Black Hawk,WL 4-6,District 1B Judge - Kellyann Lekar,,Yes,,366,132,234
Black Hawk,WL 5-1,District 1B Judge - Kellyann Lekar,,Yes,,167,66,101
Black Hawk,WL 5-2,District 1B Judge - Kellyann Lekar,,Yes,,449,153,296
Black Hawk,WL 5-3,District 1B Judge - Kellyann Lekar,,Yes,,363,155,208
Black Hawk,WL 5-4,District 1B Judge - Kellyann Lekar,,Yes,,517,244,273
Black Hawk,WL 5-5,District 1B Judge - Kellyann Lekar,,Yes,,772,323,449
Black Hawk,WL 5-6,District 1B Judge - Kellyann Lekar,,Yes,,565,305,260
Black Hawk,Eagle/Orange,Eagle Township Trustee,,James Frost,,234,68,166
Black Hawk,Eagle/Orange,Eagle Township Trustee,,Wayne Frost,,239,67,172
Black Hawk,Eagle/Orange,Eagle Township Trustee,,Write-In,,0,0,0
Black Hawk,Poyner1/EWL/Raymond/Fox/Jesup,East Waterloo Township Trustee,,Carl R. Anderson,,106,49,57
Black Hawk,Poyner1/EWL/Raymond/Fox/Jesup,East Waterloo Township Trustee,,John Thoma,,5,0,5
Black Hawk,Poyner1/EWL/Raymond/Fox/Jesup,East Waterloo Township Trustee,,Write-In,,3,2,1
Black Hawk,Poyner1/EWL/Raymond/Fox/Jesup,Fox Township Trustee,,Charles Thoma,,198,64,134
Black Hawk,Poyner1/EWL/Raymond/Fox/Jesup,Fox Township Trustee,,Keith Rottinghaus,,195,68,127
Black Hawk,Poyner1/EWL/Raymond/Fox/Jesup,Fox Township Trustee,,Write-In,,1,0,1
Black Hawk,Black Hawk/Cedar Falls/Lincoln,Gladbrook Reinbeck School - Public Measure TV,,No,,48,21,27
Black Hawk,Black Hawk/Cedar Falls/Lincoln,Gladbrook Reinbeck School - Public Measure TV,,Yes,,56,22,34
Black Hawk,Black Hawk/Cedar Falls/Lincoln,Gladbrook-Reinbeck School Director At Large To Fill a Vacancy,,Jordan Wentzien,,80,33,47
Black Hawk,Black Hawk/Cedar Falls/Lincoln,Gladbrook-Reinbeck School Director At Large To Fill a Vacancy,,Write-In,,0,0,0
Black Hawk,Barclay/Benn/Lester/Dunkerton,Lester Township Trustee,,Chad Toneff,,7,0,7
Black Hawk,Barclay/Benn/Lester/Dunkerton,Lester Township Trustee,,Earl Canfield,,6,0,6
Black Hawk,Barclay/Benn/Lester/Dunkerton,Lester Township Trustee,,Write-In,,23,8,15
Black Hawk,Black Hawk/Cedar Falls/Lincoln,Lincoln Township Trustee,,Dean Seekins,,135,51,84
Black Hawk,Black Hawk/Cedar Falls/Lincoln,Lincoln Township Trustee,,Frank L. Wyatt,,149,62,87
Black Hawk,Black Hawk/Cedar Falls/Lincoln,Lincoln Township Trustee,,Write-In,,1,0,1
Black Hawk,Mt. Vernon,Mt. Vernon Township Trustee,,John E. Kipp,,342,145,197
Black Hawk,Mt. Vernon,Mt. Vernon Township Trustee,,Rod Wolfensperger,,427,174,253
Black Hawk,Mt. Vernon,Mt. Vernon Township Trustee,,Write-In,,3,2,1
Black Hawk,Eagle/Orange,Orange Township Trustee,,Jeff Rousselow,,2,0,2
Black Hawk,Eagle/Orange,Orange Township Trustee,,Russell Seekins,,2,0,2
Black Hawk,Eagle/Orange,Orange Township Trustee,,Write-In,,14,6,8
Black Hawk,Cedar/Poyner2/Gilbertville,Poyner Township Clerk To Fill a Vacancy,,Dustin M. Borseth,,184,76,108
Black Hawk,Poyner1/EWL/Raymond/Fox/Jesup,Poyner Township Clerk To Fill a Vacancy,,Dustin M. Borseth,,281,104,177
Black Hawk,Cedar/Poyner2/Gilbertville,Poyner Township Clerk To Fill a Vacancy,,Write-In,,1,0,1
Black Hawk,Poyner1/EWL/Raymond/Fox/Jesup,Poyner Township Clerk To Fill a Vacancy,,Write-In,,0,0,0
Black Hawk,Cedar/Poyner2/Gilbertville,Poyner Township Trustee,,Connie Marvin,,191,80,111
Black Hawk,Poyner1/EWL/Raymond/Fox/Jesup,Poyner Township Trustee,,Connie Marvin,,300,113,187
Black Hawk,Cedar/Poyner2/Gilbertville,Poyner Township Trustee,,Joy Lynch,,0,0,0
Black Hawk,Poyner1/EWL/Raymond/Fox/Jesup,Poyner Township Trustee,,Joy Lynch,,4,0,4
Black Hawk,Cedar/Poyner2/Gilbertville,Poyner Township Trustee,,Write-In,,5,2,3
Black Hawk,Poyner1/EWL/Raymond/Fox/Jesup,Poyner Township Trustee,,Write-In,,5,5,0
Black Hawk,Barclay/Benn/Lester/Dunkerton,President,,Chase Oliver and Mike ter Maat,LIB,13,5,8
Black Hawk,Big Creek/Spring Creek/LPC,President,,Chase Oliver and Mike ter Maat,LIB,13,3,10
Black Hawk,Black Hawk/Cedar Falls/Lincoln,President,,Chase Oliver and Mike ter Maat,LIB,3,2,1
Black Hawk,CF 1-1,President,,Chase Oliver and Mike ter Maat,LIB,3,0,3
Black Hawk,CF 1-2,President,,Chase Oliver and Mike ter Maat,LIB,7,1,6
Black Hawk,CF 1-3,President,,Chase Oliver and Mike ter Maat,LIB,6,1,5
Black Hawk,CF 2-1,President,,Chase Oliver and Mike ter Maat,LIB,3,0,3
Black Hawk,CF 2-2,President,,Chase Oliver and Mike ter Maat,LIB,6,0,6
Black Hawk,CF 2-3,President,,Chase Oliver and Mike ter Maat,LIB,6,1,5
Black Hawk,CF 3-1,President,,Chase Oliver and Mike ter Maat,LIB,9,2,7
Black Hawk,CF 3-2,President,,Chase Oliver and Mike ter Maat,LIB,3,0,3
Black Hawk,CF 3-3,President,,Chase Oliver and Mike ter Maat,LIB,4,2,2
Black Hawk,CF 4-1,President,,Chase Oliver and Mike ter Maat,LIB,2,0,2
Black Hawk,CF 4-2,President,,Chase Oliver and Mike ter Maat,LIB,4,2,2
Black Hawk,CF 4-3,President,,Chase Oliver and Mike ter Maat,LIB,7,4,3
Black Hawk,CF 5-1,President,,Chase Oliver and Mike ter Maat,LIB,14,5,9
Black Hawk,CF 5-2,President,,Chase Oliver and Mike ter Maat,LIB,3,3,0
Black Hawk,CF 5-3,President,,Chase Oliver and Mike ter Maat,LIB,6,5,1
Black Hawk,Cedar/Poyner2/Gilbertville,President,,Chase Oliver and Mike ter Maat,LIB,5,2,3
Black Hawk,Eagle/Orange,President,,Chase Oliver and Mike ter Maat,LIB,2,0,2
Black Hawk,Elk Run Heights,President,,Chase Oliver and Mike ter Maat,LIB,0,0,0
Black Hawk,Evansdale Ward 1,President,,Chase Oliver and Mike ter Maat,LIB,0,0,0
Black Hawk,Evansdale Ward 2,President,,Chase Oliver and Mike ter Maat,LIB,1,0,1
Black Hawk,Evansdale Ward 3,President,,Chase Oliver and Mike ter Maat,LIB,1,0,1
Black Hawk,Evansdale Ward 4,President,,Chase Oliver and Mike ter Maat,LIB,0,0,0
Black Hawk,Hudson,President,,Chase Oliver and Mike ter Maat,LIB,6,0,6
Black Hawk,Mt. Vernon,President,,Chase Oliver and Mike ter Maat,LIB,3,1,2
Black Hawk,Poyner1/EWL/Raymond/Fox/Jesup,President,,Chase Oliver and Mike ter Maat,LIB,5,0,5
Black Hawk,Union/Washington/Janesville,President,,Chase Oliver and Mike ter Maat,LIB,2,1,1
Black Hawk,WL 1-1,President,,Chase Oliver and Mike ter Maat,LIB,3,1,2
Black Hawk,WL 1-2,President,,Chase Oliver and Mike ter Maat,LIB,5,1,4
Black Hawk,WL 1-3,President,,Chase Oliver and Mike ter Maat,LIB,6,0,6
Black Hawk,WL 1-4,President,,Chase Oliver and Mike ter Maat,LIB,4,3,1
Black Hawk,WL 1-5,President,,Chase Oliver and Mike ter Maat,LIB,3,1,2
Black Hawk,WL 1-6,President,,Chase Oliver and Mike ter Maat,LIB,8,2,6
Black Hawk,WL 2-1,President,,Chase Oliver and Mike ter Maat,LIB,9,6,3
Black Hawk,WL 2-2,President,,Chase Oliver and Mike ter Maat,LIB,4,2,2
Black Hawk,WL 2-3,President,,Chase Oliver and Mike ter Maat,LIB,7,2,5
Black Hawk,WL 2-4,President,,Chase Oliver and Mike ter Maat,LIB,3,0,3
Black Hawk,WL 2-5,President,,Chase Oliver and Mike ter Maat,LIB,3,2,1
Black Hawk,WL 2-6,President,,Chase Oliver and Mike ter Maat,LIB,0,0,0
Black Hawk,WL 3-1,President,,Chase Oliver and Mike ter Maat,LIB,2,0,2
Black Hawk,WL 3-2,President,,Chase Oliver and Mike ter Maat,LIB,4,0,4
Black Hawk,WL 3-3,President,,Chase Oliver and Mike ter Maat,LIB,3,1,2
Black Hawk,WL 3-4,President,,Chase Oliver and Mike ter Maat,LIB,1,0,1
Black Hawk,WL 3-5,President,,Chase Oliver and Mike ter Maat,LIB,4,0,4
Black Hawk,WL 3-6,President,,Chase Oliver and Mike ter Maat,LIB,5,3,2
Black Hawk,WL 4-1,President,,Chase Oliver and Mike ter Maat,LIB,0,0,0
Black Hawk,WL 4-2,President,,Chase Oliver and Mike ter Maat,LIB,2,2,0
Black Hawk,WL 4-3,President,,Chase Oliver and Mike ter Maat,LIB,2,0,2
Black Hawk,WL 4-4,President,,Chase Oliver and Mike ter Maat,LIB,3,1,2
Black Hawk,WL 4-5,President,,Chase Oliver and Mike ter Maat,LIB,1,1,0
Black Hawk,WL 4-6,President,,Chase Oliver and Mike ter Maat,LIB,2,0,2
Black Hawk,WL 5-1,President,,Chase Oliver and Mike ter Maat,LIB,3,0,3
Black Hawk,WL 5-2,President,,Chase Oliver and Mike ter Maat,LIB,3,0,3
Black Hawk,WL 5-3,President,,Chase Oliver and Mike ter Maat,LIB,3,1,2
Black Hawk,WL 5-4,President,,Chase Oliver and Mike ter Maat,LIB,4,1,3
Black Hawk,WL 5-5,President,,Chase Oliver and Mike ter Maat,LIB,11,6,5
Black Hawk,WL 5-6,President,,Chase Oliver and Mike ter Maat,LIB,3,1,2
Black Hawk,Barclay/Benn/Lester/Dunkerton,President,,Claudia De la Cruz and Karina Garcia,PSL,0,0,0
Black Hawk,Big Creek/Spring Creek/LPC,President,,Claudia De la Cruz and Karina Garcia,PSL,2,1,1
Black Hawk,Black Hawk/Cedar Falls/Lincoln,President,,Claudia De la Cruz and Karina Garcia,PSL,0,0,0
Black Hawk,CF 1-1,President,,Claudia De la Cruz and Karina Garcia,PSL,0,0,0
Black Hawk,CF 1-2,President,,Claudia De la Cruz and Karina Garcia,PSL,1,0,1
Black Hawk,CF 1-3,President,,Claudia De la Cruz and Karina Garcia,PSL,3,1,2
Black Hawk,CF 2-1,President,,Claudia De la Cruz and Karina Garcia,PSL,2,0,2
Black Hawk,CF 2-2,President,,Claudia De la Cruz and Karina Garcia,PSL,1,0,1
Black Hawk,CF 2-3,President,,Claudia De la Cruz and Karina Garcia,PSL,0,0,0
Black Hawk,CF 3-1,President,,Claudia De la Cruz and Karina Garcia,PSL,0,0,0
Black Hawk,CF 3-2,President,,Claudia De la Cruz and Karina Garcia,PSL,4,0,4
Black Hawk,CF 3-3,President,,Claudia De la Cruz and Karina Garcia,PSL,2,2,0
Black Hawk,CF 4-1,President,,Claudia De la Cruz and Karina Garcia,PSL,4,0,4
Black Hawk,CF 4-2,President,,Claudia De la Cruz and Karina Garcia,PSL,0,0,0
Black Hawk,CF 4-3,President,,Claudia De la Cruz and Karina Garcia,PSL,0,0,0
Black Hawk,CF 5-1,President,,Claudia De la Cruz and Karina Garcia,PSL,1,0,1
Black Hawk,CF 5-2,President,,Claudia De la Cruz and Karina Garcia,PSL,0,0,0
Black Hawk,CF 5-3,President,,Claudia De la Cruz and Karina Garcia,PSL,1,0,1
Black Hawk,Cedar/Poyner2/Gilbertville,President,,Claudia De la Cruz and Karina Garcia,PSL,0,0,0
Black Hawk,Eagle/Orange,President,,Claudia De la Cruz and Karina Garcia,PSL,0,0,0
Black Hawk,Elk Run Heights,President,,Claudia De la Cruz and Karina Garcia,PSL,0,0,0
Black Hawk,Evansdale Ward 1,President,,Claudia De la Cruz and Karina Garcia,PSL,0,0,0
Black Hawk,Evansdale Ward 2,President,,Claudia De la Cruz and Karina Garcia,PSL,0,0,0
Black Hawk,Evansdale Ward 3,President,,Claudia De la Cruz and Karina Garcia,PSL,0,0,0
Black Hawk,Evansdale Ward 4,President,,Claudia De la Cruz and Karina Garcia,PSL,0,0,0
Black Hawk,Hudson,President,,Claudia De la Cruz and Karina Garcia,PSL,1,0,1
Black Hawk,Mt. Vernon,President,,Claudia De la Cruz and Karina Garcia,PSL,0,0,0
Black Hawk,Poyner1/EWL/Raymond/Fox/Jesup,President,,Claudia De la Cruz and Karina Garcia,PSL,0,0,0
Black Hawk,Union/Washington/Janesville,President,,Claudia De la Cruz and Karina Garcia,PSL,1,1,0
Black Hawk,WL 1-1,President,,Claudia De la Cruz and Karina Garcia,PSL,1,0,1
Black Hawk,WL 1-2,President,,Claudia De la Cruz and Karina Garcia,PSL,1,1,0
Black Hawk,WL 1-3,President,,Claudia De la Cruz and Karina Garcia,PSL,2,0,2
Black Hawk,WL 1-4,President,,Claudia De la Cruz and Karina Garcia,PSL,1,1,0
Black Hawk,WL 1-5,President,,Claudia De la Cruz and Karina Garcia,PSL,0,0,0
Black Hawk,WL 1-6,President,,Claudia De la Cruz and Karina Garcia,PSL,2,0,2
Black Hawk,WL 2-1,President,,Claudia De la Cruz and Karina Garcia,PSL,2,2,0
Black Hawk,WL 2-2,President,,Claudia De la Cruz and Karina Garcia,PSL,0,0,0
Black Hawk,WL 2-3,President,,Claudia De la Cruz and Karina Garcia,PSL,0,0,0
Black Hawk,WL 2-4,President,,Claudia De la Cruz and Karina Garcia,PSL,0,0,0
Black Hawk,WL 2-5,President,,Claudia De la Cruz and Karina Garcia,PSL,1,0,1
Black Hawk,WL 2-6,President,,Claudia De la Cruz and Karina Garcia,PSL,0,0,0
Black Hawk,WL 3-1,President,,Claudia De la Cruz and Karina Garcia,PSL,1,0,1
Black Hawk,WL 3-2,President,,Claudia De la Cruz and Karina Garcia,PSL,2,0,2
Black Hawk,WL 3-3,President,,Claudia De la Cruz and Karina Garcia,PSL,0,0,0
Black Hawk,WL 3-4,President,,Claudia De la Cruz and Karina Garcia,PSL,0,0,0
Black Hawk,WL 3-5,President,,Claudia De la Cruz and Karina Garcia,PSL,0,0,0
Black Hawk,WL 3-6,President,,Claudia De la Cruz and Karina Garcia,PSL,1,0,1
Black Hawk,WL 4-1,President,,Claudia De la Cruz and Karina Garcia,PSL,3,2,1
Black Hawk,WL 4-2,President,,Claudia De la Cruz and Karina Garcia,PSL,3,1,2
Black Hawk,WL 4-3,President,,Claudia De la Cruz and Karina Garcia,PSL,0,0,0
Black Hawk,WL 4-4,President,,Claudia De la Cruz and Karina Garcia,PSL,0,0,0
Black Hawk,WL 4-5,President,,Claudia De la Cruz and Karina Garcia,PSL,0,0,0
Black Hawk,WL 4-6,President,,Claudia De la Cruz and Karina Garcia,PSL,0,0,0
Black Hawk,WL 5-1,President,,Claudia De la Cruz and Karina Garcia,PSL,1,0,1
Black Hawk,WL 5-2,President,,Claudia De la Cruz and Karina Garcia,PSL,1,0,1
Black Hawk,WL 5-3,President,,Claudia De la Cruz and Karina Garcia,PSL,1,1,0
Black Hawk,WL 5-4,President,,Claudia De la Cruz and Karina Garcia,PSL,1,0,1
Black Hawk,WL 5-5,President,,Claudia De la Cruz and Karina Garcia,PSL,1,1,0
Black Hawk,WL 5-6,President,,Claudia De la Cruz and Karina Garcia,PSL,1,1,0
Black Hawk,Barclay/Benn/Lester/Dunkerton,President,,Donald J. Trump and JD Vance,REP,970,185,785
Black Hawk,Big Creek/Spring Creek/LPC,President,,Donald J. Trump and JD Vance,REP,1080,270,810
Black Hawk,Black Hawk/Cedar Falls/Lincoln,President,,Donald J. Trump and JD Vance,REP,425,145,280
Black Hawk,CF 1-1,President,,Donald J. Trump and JD Vance,REP,546,99,447
Black Hawk,CF 1-2,President,,Donald J. Trump and JD Vance,REP,710,222,488
Black Hawk,CF 1-3,President,,Donald J. Trump and JD Vance,REP,487,152,335
Black Hawk,CF 2-1,President,,Donald J. Trump and JD Vance,REP,233,46,187
Black Hawk,CF 2-2,President,,Donald J. Trump and JD Vance,REP,745,226,519
Black Hawk,CF 2-3,President,,Donald J. Trump and JD Vance,REP,791,251,540
Black Hawk,CF 3-1,President,,Donald J. Trump and JD Vance,REP,810,319,491
Black Hawk,CF 3-2,President,,Donald J. Trump and JD Vance,REP,775,312,463
Black Hawk,CF 3-3,President,,Donald J. Trump and JD Vance,REP,821,280,541
Black Hawk,CF 4-1,President,,Donald J. Trump and JD Vance,REP,434,108,326
Black Hawk,CF 4-2,President,,Donald J. Trump and JD Vance,REP,610,208,402
Black Hawk,CF 4-3,President,,Donald J. Trump and JD Vance,REP,646,214,432
Black Hawk,CF 5-1,President,,Donald J. Trump and JD Vance,REP,728,246,482
Black Hawk,CF 5-2,President,,Donald J. Trump and JD Vance,REP,811,286,525
Black Hawk,CF 5-3,President,,Donald J. Trump and JD Vance,REP,914,538,376
Black Hawk,Cedar/Poyner2/Gilbertville,President,,Donald J. Trump and JD Vance,REP,964,253,711
Black Hawk,Eagle/Orange,President,,Donald J. Trump and JD Vance,REP,389,123,266
Black Hawk,Elk Run Heights,President,,Donald J. Trump and JD Vance,REP,375,64,311
Black Hawk,Evansdale Ward 1,President,,Donald J. Trump and JD Vance,REP,312,67,245
Black Hawk,Evansdale Ward 2,President,,Donald J. Trump and JD Vance,REP,306,70,236
Black Hawk,Evansdale Ward 3,President,,Donald J. Trump and JD Vance,REP,332,65,267
Black Hawk,Evansdale Ward 4,President,,Donald J. Trump and JD Vance,REP,345,90,255
Black Hawk,Hudson,President,,Donald J. Trump and JD Vance,REP,1038,258,780
Black Hawk,Mt. Vernon,President,,Donald J. Trump and JD Vance,REP,399,147,252
Black Hawk,Poyner1/EWL/Raymond/Fox/Jesup,President,,Donald J. Trump and JD Vance,REP,918,282,636
Black Hawk,Union/Washington/Janesville,President,,Donald J. Trump and JD Vance,REP,729,208,521
Black Hawk,WL 1-1,President,,Donald J. Trump and JD Vance,REP,369,143,226
Black Hawk,WL 1-2,President,,Donald J. Trump and JD Vance,REP,526,180,346
Black Hawk,WL 1-3,President,,Donald J. Trump and JD Vance,REP,307,92,215
Black Hawk,WL 1-4,President,,Donald J. Trump and JD Vance,REP,698,259,439
Black Hawk,WL 1-5,President,,Donald J. Trump and JD Vance,REP,366,128,238
Black Hawk,WL 1-6,President,,Donald J. Trump and JD Vance,REP,1045,511,534
Black Hawk,WL 2-1,President,,Donald J. Trump and JD Vance,REP,722,337,385
Black Hawk,WL 2-2,President,,Donald J. Trump and JD Vance,REP,391,155,236
Black Hawk,WL 2-3,President,,Donald J. Trump and JD Vance,REP,504,172,332
Black Hawk,WL 2-4,President,,Donald J. Trump and JD Vance,REP,514,192,322
Black Hawk,WL 2-5,President,,Donald J. Trump and JD Vance,REP,511,179,332
Black Hawk,WL 2-6,President,,Donald J. Trump and JD Vance,REP,431,156,275
Black Hawk,WL 3-1,President,,Donald J. Trump and JD Vance,REP,503,205,298
Black Hawk,WL 3-2,President,,Donald J. Trump and JD Vance,REP,295,104,191
Black Hawk,WL 3-3,President,,Donald J. Trump and JD Vance,REP,267,76,191
Black Hawk,WL 3-4,President,,Donald J. Trump and JD Vance,REP,206,58,148
Black Hawk,WL 3-5,President,,Donald J. Trump and JD Vance,REP,557,134,423
Black Hawk,WL 3-6,President,,Donald J. Trump and JD Vance,REP,204,86,118
Black Hawk,WL 4-1,President,,Donald J. Trump and JD Vance,REP,187,72,115
Black Hawk,WL 4-2,President,,Donald J. Trump and JD Vance,REP,140,58,82
Black Hawk,WL 4-3,President,,Donald J. Trump and JD Vance,REP,58,12,46
Black Hawk,WL 4-4,President,,Donald J. Trump and JD Vance,REP,324,108,216
Black Hawk,WL 4-5,President,,Donald J. Trump and JD Vance,REP,141,46,95
Black Hawk,WL 4-6,President,,Donald J. Trump and JD Vance,REP,360,101,259
Black Hawk,WL 5-1,President,,Donald J. Trump and JD Vance,REP,132,53,79
Black Hawk,WL 5-2,President,,Donald J. Trump and JD Vance,REP,411,102,309
Black Hawk,WL 5-3,President,,Donald J. Trump and JD Vance,REP,297,96,201
Black Hawk,WL 5-4,President,,Donald J. Trump and JD Vance,REP,440,181,259
Black Hawk,WL 5-5,President,,Donald J. Trump and JD Vance,REP,565,187,378
Black Hawk,WL 5-6,President,,Donald J. Trump and JD Vance,REP,458,191,267
Black Hawk,Barclay/Benn/Lester/Dunkerton,President,,Kamala D. Harris and Tim Walz,DEM,401,150,251
Black Hawk,Big Creek/Spring Creek/LPC,President,,Kamala D. Harris and Tim Walz,DEM,539,206,333
Black Hawk,Black Hawk/Cedar Falls/Lincoln,President,,Kamala D. Harris and Tim Walz,DEM,211,111,100
Black Hawk,CF 1-1,President,,Kamala D. Harris and Tim Walz,DEM,465,147,318
Black Hawk,CF 1-2,President,,Kamala D. Harris and Tim Walz,DEM,976,411,565
Black Hawk,CF 1-3,President,,Kamala D. Harris and Tim Walz,DEM,886,387,499
Black Hawk,CF 2-1,President,,Kamala D. Harris and Tim Walz,DEM,495,131,364
Black Hawk,CF 2-2,President,,Kamala D. Harris and Tim Walz,DEM,836,366,470
Black Hawk,CF 2-3,President,,Kamala D. Harris and Tim Walz,DEM,778,319,459
Black Hawk,CF 3-1,President,,Kamala D. Harris and Tim Walz,DEM,755,348,407
Black Hawk,CF 3-2,President,,Kamala D. Harris and Tim Walz,DEM,793,406,387
Black Hawk,CF 3-3,President,,Kamala D. Harris and Tim Walz,DEM,739,295,444
Black Hawk,CF 4-1,President,,Kamala D. Harris and Tim Walz,DEM,708,205,503
Black Hawk,CF 4-2,President,,Kamala D. Harris and Tim Walz,DEM,797,337,460
Black Hawk,CF 4-3,President,,Kamala D. Harris and Tim Walz,DEM,769,361,408
Black Hawk,CF 5-1,President,,Kamala D. Harris and Tim Walz,DEM,910,416,494
Black Hawk,CF 5-2,President,,Kamala D. Harris and Tim Walz,DEM,821,390,431
Black Hawk,CF 5-3,President,,Kamala D. Harris and Tim Walz,DEM,948,633,315
Black Hawk,Cedar/Poyner2/Gilbertville,President,,Kamala D. Harris and Tim Walz,DEM,633,308,325
Black Hawk,Eagle/Orange,President,,Kamala D. Harris and Tim Walz,DEM,154,86,68
Black Hawk,Elk Run Heights,President,,Kamala D. Harris and Tim Walz,DEM,263,78,185
Black Hawk,Evansdale Ward 1,President,,Kamala D. Harris and Tim Walz,DEM,231,87,144
Black Hawk,Evansdale Ward 2,President,,Kamala D. Harris and Tim Walz,DEM,227,84,143
Black Hawk,Evansdale Ward 3,President,,Kamala D. Harris and Tim Walz,DEM,233,79,154
Black Hawk,Evansdale Ward 4,President,,Kamala D. Harris and Tim Walz,DEM,209,70,139
Black Hawk,Hudson,President,,Kamala D. Harris and Tim Walz,DEM,599,247,352
Black Hawk,Mt. Vernon,President,,Kamala D. Harris and Tim Walz,DEM,224,124,100
Black Hawk,Poyner1/EWL/Raymond/Fox/Jesup,President,,Kamala D. Harris and Tim Walz,DEM,498,241,257
Black Hawk,Union/Washington/Janesville,President,,Kamala D. Harris and Tim Walz,DEM,369,184,185
Black Hawk,WL 1-1,President,,Kamala D. Harris and Tim Walz,DEM,363,184,179
Black Hawk,WL 1-2,President,,Kamala D. Harris and Tim Walz,DEM,574,307,267
Black Hawk,WL 1-3,President,,Kamala D. Harris and Tim Walz,DEM,488,193,295
Black Hawk,WL 1-4,President,,Kamala D. Harris and Tim Walz,DEM,691,363,328
Black Hawk,WL 1-5,President,,Kamala D. Harris and Tim Walz,DEM,406,188,218
Black Hawk,WL 1-6,President,,Kamala D. Harris and Tim Walz,DEM,840,494,346
Black Hawk,WL 2-1,President,,Kamala D. Harris and Tim Walz,DEM,737,459,278
Black Hawk,WL 2-2,President,,Kamala D. Harris and Tim Walz,DEM,457,193,264
Black Hawk,WL 2-3,President,,Kamala D. Harris and Tim Walz,DEM,525,226,299
Black Hawk,WL 2-4,President,,Kamala D. Harris and Tim Walz,DEM,547,275,272
Black Hawk,WL 2-5,President,,Kamala D. Harris and Tim Walz,DEM,461,215,246
Black Hawk,WL 2-6,President,,Kamala D. Harris and Tim Walz,DEM,345,169,176
Black Hawk,WL 3-1,President,,Kamala D. Harris and Tim Walz,DEM,560,325,235
Black Hawk,WL 3-2,President,,Kamala D. Harris and Tim Walz,DEM,418,200,218
Black Hawk,WL 3-3,President,,Kamala D. Harris and Tim Walz,DEM,501,199,302
Black Hawk,WL 3-4,President,,Kamala D. Harris and Tim Walz,DEM,431,167,264
Black Hawk,WL 3-5,President,,Kamala D. Harris and Tim Walz,DEM,544,204,340
Black Hawk,WL 3-6,President,,Kamala D. Harris and Tim Walz,DEM,355,175,180
Black Hawk,WL 4-1,President,,Kamala D. Harris and Tim Walz,DEM,604,264,340
Black Hawk,WL 4-2,President,,Kamala D. Harris and Tim Walz,DEM,458,251,207
Black Hawk,WL 4-3,President,,Kamala D. Harris and Tim Walz,DEM,450,227,223
Black Hawk,WL 4-4,President,,Kamala D. Harris and Tim Walz,DEM,371,153,218
Black Hawk,WL 4-5,President,,Kamala D. Harris and Tim Walz,DEM,316,142,174
Black Hawk,WL 4-6,President,,Kamala D. Harris and Tim Walz,DEM,415,179,236
Black Hawk,WL 5-1,President,,Kamala D. Harris and Tim Walz,DEM,221,94,127
Black Hawk,WL 5-2,President,,Kamala D. Harris and Tim Walz,DEM,504,180,324
Black Hawk,WL 5-3,President,,Kamala D. Harris and Tim Walz,DEM,433,185,248
Black Hawk,WL 5-4,President,,Kamala D. Harris and Tim Walz,DEM,539,278,261
Black Hawk,WL 5-5,President,,Kamala D. Harris and Tim Walz,DEM,733,338,395
Black Hawk,WL 5-6,President,,Kamala D. Harris and Tim Walz,DEM,545,328,217
Black Hawk,Barclay/Benn/Lester/Dunkerton,President,,Robert F. Kennedy Jr and Nicole Shanahan,WTP,7,3,4
Black Hawk,Big Creek/Spring Creek/LPC,President,,Robert F. Kennedy Jr and Nicole Shanahan,WTP,10,3,7
Black Hawk,Black Hawk/Cedar Falls/Lincoln,President,,Robert F. Kennedy Jr and Nicole Shanahan,WTP,2,1,1
Black Hawk,CF 1-1,President,,Robert F. Kennedy Jr and Nicole Shanahan,WTP,6,1,5
Black Hawk,CF 1-2,President,,Robert F. Kennedy Jr and Nicole Shanahan,WTP,16,3,13
Black Hawk,CF 1-3,President,,Robert F. Kennedy Jr and Nicole Shanahan,WTP,8,3,5
Black Hawk,CF 2-1,President,,Robert F. Kennedy Jr and Nicole Shanahan,WTP,5,3,2
Black Hawk,CF 2-2,President,,Robert F. Kennedy Jr and Nicole Shanahan,WTP,14,3,11
Black Hawk,CF 2-3,President,,Robert F. Kennedy Jr and Nicole Shanahan,WTP,15,5,10
Black Hawk,CF 3-1,President,,Robert F. Kennedy Jr and Nicole Shanahan,WTP,12,2,10
Black Hawk,CF 3-2,President,,Robert F. Kennedy Jr and Nicole Shanahan,WTP,12,4,8
Black Hawk,CF 3-3,President,,Robert F. Kennedy Jr and Nicole Shanahan,WTP,15,4,11
Black Hawk,CF 4-1,President,,Robert F. Kennedy Jr and Nicole Shanahan,WTP,11,3,8
Black Hawk,CF 4-2,President,,Robert F. Kennedy Jr and Nicole Shanahan,WTP,11,5,6
Black Hawk,CF 4-3,President,,Robert F. Kennedy Jr and Nicole Shanahan,WTP,7,1,6
Black Hawk,CF 5-1,President,,Robert F. Kennedy Jr and Nicole Shanahan,WTP,15,2,13
Black Hawk,CF 5-2,President,,Robert F. Kennedy Jr and Nicole Shanahan,WTP,11,3,8
Black Hawk,CF 5-3,President,,Robert F. Kennedy Jr and Nicole Shanahan,WTP,17,10,7
Black Hawk,Cedar/Poyner2/Gilbertville,President,,Robert F. Kennedy Jr and Nicole Shanahan,WTP,16,4,12
Black Hawk,Eagle/Orange,President,,Robert F. Kennedy Jr and Nicole Shanahan,WTP,5,2,3
Black Hawk,Elk Run Heights,President,,Robert F. Kennedy Jr and Nicole Shanahan,WTP,3,1,2
Black Hawk,Evansdale Ward 1,President,,Robert F. Kennedy Jr and Nicole Shanahan,WTP,8,3,5
Black Hawk,Evansdale Ward 2,President,,Robert F. Kennedy Jr and Nicole Shanahan,WTP,4,1,3
Black Hawk,Evansdale Ward 3,President,,Robert F. Kennedy Jr and Nicole Shanahan,WTP,5,1,4
Black Hawk,Evansdale Ward 4,President,,Robert F. Kennedy Jr and Nicole Shanahan,WTP,2,1,1
Black Hawk,Hudson,President,,Robert F. Kennedy Jr and Nicole Shanahan,WTP,9,1,8
Black Hawk,Mt. Vernon,President,,Robert F. Kennedy Jr and Nicole Shanahan,WTP,4,3,1
Black Hawk,Poyner1/EWL/Raymond/Fox/Jesup,President,,Robert F. Kennedy Jr and Nicole Shanahan,WTP,5,1,4
Black Hawk,Union/Washington/Janesville,President,,Robert F. Kennedy Jr and Nicole Shanahan,WTP,10,5,5
Black Hawk,WL 1-1,President,,Robert F. Kennedy Jr and Nicole Shanahan,WTP,5,3,2
Black Hawk,WL 1-2,President,,Robert F. Kennedy Jr and Nicole Shanahan,WTP,10,3,7
Black Hawk,WL 1-3,President,,Robert F. Kennedy Jr and Nicole Shanahan,WTP,7,2,5
Black Hawk,WL 1-4,President,,Robert F. Kennedy Jr and Nicole Shanahan,WTP,8,4,4
Black Hawk,WL 1-5,President,,Robert F. Kennedy Jr and Nicole Shanahan,WTP,3,1,2
Black Hawk,WL 1-6,President,,Robert F. Kennedy Jr and Nicole Shanahan,WTP,10,4,6
Black Hawk,WL 2-1,President,,Robert F. Kennedy Jr and Nicole Shanahan,WTP,4,1,3
Black Hawk,WL 2-2,President,,Robert F. Kennedy Jr and Nicole Shanahan,WTP,5,0,5
Black Hawk,WL 2-3,President,,Robert F. Kennedy Jr and Nicole Shanahan,WTP,8,4,4
Black Hawk,WL 2-4,President,,Robert F. Kennedy Jr and Nicole Shanahan,WTP,6,2,4
Black Hawk,WL 2-5,President,,Robert F. Kennedy Jr and Nicole Shanahan,WTP,4,1,3
Black Hawk,WL 2-6,President,,Robert F. Kennedy Jr and Nicole Shanahan,WTP,5,0,5
Black Hawk,WL 3-1,President,,Robert F. Kennedy Jr and Nicole Shanahan,WTP,3,3,0
Black Hawk,WL 3-2,President,,Robert F. Kennedy Jr and Nicole Shanahan,WTP,5,1,4
Black Hawk,WL 3-3,President,,Robert F. Kennedy Jr and Nicole Shanahan,WTP,7,3,4
Black Hawk,WL 3-4,President,,Robert F. Kennedy Jr and Nicole Shanahan,WTP,5,0,5
Black Hawk,WL 3-5,President,,Robert F. Kennedy Jr and Nicole Shanahan,WTP,9,1,8
Black Hawk,WL 3-6,President,,Robert F. Kennedy Jr and Nicole Shanahan,WTP,8,4,4
Black Hawk,WL 4-1,President,,Robert F. Kennedy Jr and Nicole Shanahan,WTP,5,0,5
Black Hawk,WL 4-2,President,,Robert F. Kennedy Jr and Nicole Shanahan,WTP,8,2,6
Black Hawk,WL 4-3,President,,Robert F. Kennedy Jr and Nicole Shanahan,WTP,4,1,3
Black Hawk,WL 4-4,President,,Robert F. Kennedy Jr and Nicole Shanahan,WTP,4,1,3
Black Hawk,WL 4-5,President,,Robert F. Kennedy Jr and Nicole Shanahan,WTP,4,2,2
Black Hawk,WL 4-6,President,,Robert F. Kennedy Jr and Nicole Shanahan,WTP,5,2,3
Black Hawk,WL 5-1,President,,Robert F. Kennedy Jr and Nicole Shanahan,WTP,1,0,1
Black Hawk,WL 5-2,President,,Robert F. Kennedy Jr and Nicole Shanahan,WTP,6,1,5
Black Hawk,WL 5-3,President,,Robert F. Kennedy Jr and Nicole Shanahan,WTP,3,0,3
Black Hawk,WL 5-4,President,,Robert F. Kennedy Jr and Nicole Shanahan,WTP,8,3,5
Black Hawk,WL 5-5,President,,Robert F. Kennedy Jr and Nicole Shanahan,WTP,10,5,5
Black Hawk,WL 5-6,President,,Robert F. Kennedy Jr and Nicole Shanahan,WTP,8,3,5
Black Hawk,Barclay/Benn/Lester/Dunkerton,President,,Shiva Ayyadurai and Crystal Ellis,,1,0,1
Black Hawk,Big Creek/Spring Creek/LPC,President,,Shiva Ayyadurai and Crystal Ellis,,1,0,1
Black Hawk,Black Hawk/Cedar Falls/Lincoln,President,,Shiva Ayyadurai and Crystal Ellis,,0,0,0
Black Hawk,CF 1-1,President,,Shiva Ayyadurai and Crystal Ellis,,0,0,0
Black Hawk,CF 1-2,President,,Shiva Ayyadurai and Crystal Ellis,,1,1,0
Black Hawk,CF 1-3,President,,Shiva Ayyadurai and Crystal Ellis,,1,1,0
Black Hawk,CF 2-1,President,,Shiva Ayyadurai and Crystal Ellis,,2,0,2
Black Hawk,CF 2-2,President,,Shiva Ayyadurai and Crystal Ellis,,0,0,0
Black Hawk,CF 2-3,President,,Shiva Ayyadurai and Crystal Ellis,,0,0,0
Black Hawk,CF 3-1,President,,Shiva Ayyadurai and Crystal Ellis,,0,0,0
Black Hawk,CF 3-2,President,,Shiva Ayyadurai and Crystal Ellis,,1,0,1
Black Hawk,CF 3-3,President,,Shiva Ayyadurai and Crystal Ellis,,0,0,0
Black Hawk,CF 4-1,President,,Shiva Ayyadurai and Crystal Ellis,,1,0,1
Black Hawk,CF 4-2,President,,Shiva Ayyadurai and Crystal Ellis,,0,0,0
Black Hawk,CF 4-3,President,,Shiva Ayyadurai and Crystal Ellis,,2,0,2
Black Hawk,CF 5-1,President,,Shiva Ayyadurai and Crystal Ellis,,0,0,0
Black Hawk,CF 5-2,President,,Shiva Ayyadurai and Crystal Ellis,,1,0,1
Black Hawk,CF 5-3,President,,Shiva Ayyadurai and Crystal Ellis,,0,0,0
Black Hawk,Cedar/Poyner2/Gilbertville,President,,Shiva Ayyadurai and Crystal Ellis,,0,0,0
Black Hawk,Eagle/Orange,President,,Shiva Ayyadurai and Crystal Ellis,,0,0,0
Black Hawk,Elk Run Heights,President,,Shiva Ayyadurai and Crystal Ellis,,0,0,0
Black Hawk,Evansdale Ward 1,President,,Shiva Ayyadurai and Crystal Ellis,,0,0,0
Black Hawk,Evansdale Ward 2,President,,Shiva Ayyadurai and Crystal Ellis,,0,0,0
Black Hawk,Evansdale Ward 3,President,,Shiva Ayyadurai and Crystal Ellis,,0,0,0
Black Hawk,Evansdale Ward 4,President,,Shiva Ayyadurai and Crystal Ellis,,0,0,0
Black Hawk,Hudson,President,,Shiva Ayyadurai and Crystal Ellis,,0,0,0
Black Hawk,Mt. Vernon,President,,Shiva Ayyadurai and Crystal Ellis,,0,0,0
Black Hawk,Poyner1/EWL/Raymond/Fox/Jesup,President,,Shiva Ayyadurai and Crystal Ellis,,2,0,2
Black Hawk,Union/Washington/Janesville,President,,Shiva Ayyadurai and Crystal Ellis,,0,0,0
Black Hawk,WL 1-1,President,,Shiva Ayyadurai and Crystal Ellis,,0,0,0
Black Hawk,WL 1-2,President,,Shiva Ayyadurai and Crystal Ellis,,0,0,0
Black Hawk,WL 1-3,President,,Shiva Ayyadurai and Crystal Ellis,,0,0,0
Black Hawk,WL 1-4,President,,Shiva Ayyadurai and Crystal Ellis,,1,0,1
Black Hawk,WL 1-5,President,,Shiva Ayyadurai and Crystal Ellis,,0,0,0
Black Hawk,WL 1-6,President,,Shiva Ayyadurai and Crystal Ellis,,0,0,0
Black Hawk,WL 2-1,President,,Shiva Ayyadurai and Crystal Ellis,,0,0,0
Black Hawk,WL 2-2,President,,Shiva Ayyadurai and Crystal Ellis,,0,0,0
Black Hawk,WL 2-3,President,,Shiva Ayyadurai and Crystal Ellis,,1,1,0
Black Hawk,WL 2-4,President,,Shiva Ayyadurai and Crystal Ellis,,1,0,1
Black Hawk,WL 2-5,President,,Shiva Ayyadurai and Crystal Ellis,,0,0,0
Black Hawk,WL 2-6,President,,Shiva Ayyadurai and Crystal Ellis,,0,0,0
Black Hawk,WL 3-1,President,,Shiva Ayyadurai and Crystal Ellis,,0,0,0
Black Hawk,WL 3-2,President,,Shiva Ayyadurai and Crystal Ellis,,0,0,0
Black Hawk,WL 3-3,President,,Shiva Ayyadurai and Crystal Ellis,,1,0,1
Black Hawk,WL 3-4,President,,Shiva Ayyadurai and Crystal Ellis,,1,0,1
Black Hawk,WL 3-5,President,,Shiva Ayyadurai and Crystal Ellis,,4,3,1
Black Hawk,WL 3-6,President,,Shiva Ayyadurai and Crystal Ellis,,1,0,1
Black Hawk,WL 4-1,President,,Shiva Ayyadurai and Crystal Ellis,,0,0,0
Black Hawk,WL 4-2,President,,Shiva Ayyadurai and Crystal Ellis,,0,0,0
Black Hawk,WL 4-3,President,,Shiva Ayyadurai and Crystal Ellis,,0,0,0
Black Hawk,WL 4-4,President,,Shiva Ayyadurai and Crystal Ellis,,0,0,0
Black Hawk,WL 4-5,President,,Shiva Ayyadurai and Crystal Ellis,,0,0,0
Black Hawk,WL 4-6,President,,Shiva Ayyadurai and Crystal Ellis,,2,1,1
Black Hawk,WL 5-1,President,,Shiva Ayyadurai and Crystal Ellis,,0,0,0
Black Hawk,WL 5-2,President,,Shiva Ayyadurai and Crystal Ellis,,0,0,0
Black Hawk,WL 5-3,President,,Shiva Ayyadurai and Crystal Ellis,,0,0,0
Black Hawk,WL 5-4,President,,Shiva Ayyadurai and Crystal Ellis,,0,0,0
Black Hawk,WL 5-5,President,,Shiva Ayyadurai and Crystal Ellis,,0,0,0
Black Hawk,WL 5-6,President,,Shiva Ayyadurai and Crystal Ellis,,0,0,0
Black Hawk,Barclay/Benn/Lester/Dunkerton,President,,William P. Stodden and Stephanie H. Cholensky,SOC,0,0,0
Black Hawk,Big Creek/Spring Creek/LPC,President,,William P. Stodden and Stephanie H. Cholensky,SOC,0,0,0
Black Hawk,Black Hawk/Cedar Falls/Lincoln,President,,William P. Stodden and Stephanie H. Cholensky,SOC,0,0,0
Black Hawk,CF 1-1,President,,William P. Stodden and Stephanie H. Cholensky,SOC,0,0,0
Black Hawk,CF 1-2,President,,William P. Stodden and Stephanie H. Cholensky,SOC,1,0,1
Black Hawk,CF 1-3,President,,William P. Stodden and Stephanie H. Cholensky,SOC,1,1,0
Black Hawk,CF 2-1,President,,William P. Stodden and Stephanie H. Cholensky,SOC,1,0,1
Black Hawk,CF 2-2,President,,William P. Stodden and Stephanie H. Cholensky,SOC,0,0,0
Black Hawk,CF 2-3,President,,William P. Stodden and Stephanie H. Cholensky,SOC,1,0,1
Black Hawk,CF 3-1,President,,William P. Stodden and Stephanie H. Cholensky,SOC,0,0,0
Black Hawk,CF 3-2,President,,William P. Stodden and Stephanie H. Cholensky,SOC,1,0,1
Black Hawk,CF 3-3,President,,William P. Stodden and Stephanie H. Cholensky,SOC,0,0,0
Black Hawk,CF 4-1,President,,William P. Stodden and Stephanie H. Cholensky,SOC,3,0,3
Black Hawk,CF 4-2,President,,William P. Stodden and Stephanie H. Cholensky,SOC,0,0,0
Black Hawk,CF 4-3,President,,William P. Stodden and Stephanie H. Cholensky,SOC,0,0,0
Black Hawk,CF 5-1,President,,William P. Stodden and Stephanie H. Cholensky,SOC,0,0,0
Black Hawk,CF 5-2,President,,William P. Stodden and Stephanie H. Cholensky,SOC,0,0,0
Black Hawk,CF 5-3,President,,William P. Stodden and Stephanie H. Cholensky,SOC,0,0,0
Black Hawk,Cedar/Poyner2/Gilbertville,President,,William P. Stodden and Stephanie H. Cholensky,SOC,0,0,0
Black Hawk,Eagle/Orange,President,,William P. Stodden and Stephanie H. Cholensky,SOC,0,0,0
Black Hawk,Elk Run Heights,President,,William P. Stodden and Stephanie H. Cholensky,SOC,0,0,0
Black Hawk,Evansdale Ward 1,President,,William P. Stodden and Stephanie H. Cholensky,SOC,1,1,0
Black Hawk,Evansdale Ward 2,President,,William P. Stodden and Stephanie H. Cholensky,SOC,0,0,0
Black Hawk,Evansdale Ward 3,President,,William P. Stodden and Stephanie H. Cholensky,SOC,0,0,0
Black Hawk,Evansdale Ward 4,President,,William P. Stodden and Stephanie H. Cholensky,SOC,2,0,2
Black Hawk,Hudson,President,,William P. Stodden and Stephanie H. Cholensky,SOC,0,0,0
Black Hawk,Mt. Vernon,President,,William P. Stodden and Stephanie H. Cholensky,SOC,0,0,0
Black Hawk,Poyner1/EWL/Raymond/Fox/Jesup,President,,William P. Stodden and Stephanie H. Cholensky,SOC,0,0,0
Black Hawk,Union/Washington/Janesville,President,,William P. Stodden and Stephanie H. Cholensky,SOC,0,0,0
Black Hawk,WL 1-1,President,,William P. Stodden and Stephanie H. Cholensky,SOC,0,0,0
Black Hawk,WL 1-2,President,,William P. Stodden and Stephanie H. Cholensky,SOC,0,0,0
Black Hawk,WL 1-3,President,,William P. Stodden and Stephanie H. Cholensky,SOC,0,0,0
Black Hawk,WL 1-4,President,,William P. Stodden and Stephanie H. Cholensky,SOC,0,0,0
Black Hawk,WL 1-5,President,,William P. Stodden and Stephanie H. Cholensky,SOC,0,0,0
Black Hawk,WL 1-6,President,,William P. Stodden and Stephanie H. Cholensky,SOC,0,0,0
Black Hawk,WL 2-1,President,,William P. Stodden and Stephanie H. Cholensky,SOC,0,0,0
Black Hawk,WL 2-2,President,,William P. Stodden and Stephanie H. Cholensky,SOC,2,0,2
Black Hawk,WL 2-3,President,,William P. Stodden and Stephanie H. Cholensky,SOC,1,1,0
Black Hawk,WL 2-4,President,,William P. Stodden and Stephanie H. Cholensky,SOC,0,0,0
Black Hawk,WL 2-5,President,,William P. Stodden and Stephanie H. Cholensky,SOC,0,0,0
Black Hawk,WL 2-6,President,,William P. Stodden and Stephanie H. Cholensky,SOC,0,0,0
Black Hawk,WL 3-1,President,,William P. Stodden and Stephanie H. Cholensky,SOC,1,1,0
Black Hawk,WL 3-2,President,,William P. Stodden and Stephanie H. Cholensky,SOC,0,0,0
Black Hawk,WL 3-3,President,,William P. Stodden and Stephanie H. Cholensky,SOC,0,0,0
Black Hawk,WL 3-4,President,,William P. Stodden and Stephanie H. Cholensky,SOC,0,0,0
Black Hawk,WL 3-5,President,,William P. Stodden and Stephanie H. Cholensky,SOC,0,0,0
Black Hawk,WL 3-6,President,,William P. Stodden and Stephanie H. Cholensky,SOC,0,0,0
Black Hawk,WL 4-1,President,,William P. Stodden and Stephanie H. Cholensky,SOC,0,0,0
Black Hawk,WL 4-2,President,,William P. Stodden and Stephanie H. Cholensky,SOC,0,0,0
Black Hawk,WL 4-3,President,,William P. Stodden and Stephanie H. Cholensky,SOC,0,0,0
Black Hawk,WL 4-4,President,,William P. Stodden and Stephanie H. Cholensky,SOC,1,0,1
Black Hawk,WL 4-5,President,,William P. Stodden and Stephanie H. Cholensky,SOC,0,0,0
Black Hawk,WL 4-6,President,,William P. Stodden and Stephanie H. Cholensky,SOC,0,0,0
Black Hawk,WL 5-1,President,,William P. Stodden and Stephanie H. Cholensky,SOC,0,0,0
Black Hawk,WL 5-2,President,,William P. Stodden and Stephanie H. Cholensky,SOC,0,0,0
Black Hawk,WL 5-3,President,,William P. Stodden and Stephanie H. Cholensky,SOC,0,0,0
Black Hawk,WL 5-4,President,,William P. Stodden and Stephanie H. Cholensky,SOC,1,1,0
Black Hawk,WL 5-5,President,,William P. Stodden and Stephanie H. Cholensky,SOC,0,0,0
Black Hawk,WL 5-6,President,,William P. Stodden and Stephanie H. Cholensky,SOC,0,0,0
Black Hawk,Barclay/Benn/Lester/Dunkerton,President,,Write-In,,3,0,3
Black Hawk,Big Creek/Spring Creek/LPC,President,,Write-In,,1,0,1
Black Hawk,Black Hawk/Cedar Falls/Lincoln,President,,Write-In,,4,3,1
Black Hawk,CF 1-1,President,,Write-In,,1,0,1
Black Hawk,CF 1-2,President,,Write-In,,5,1,4
Black Hawk,CF 1-3,President,,Write-In,,10,3,7
Black Hawk,CF 2-1,President,,Write-In,,5,1,4
Black Hawk,CF 2-2,President,,Write-In,,5,1,4
Black Hawk,CF 2-3,President,,Write-In,,9,5,4
Black Hawk,CF 3-1,President,,Write-In,,13,6,7
Black Hawk,CF 3-2,President,,Write-In,,5,2,3
Black Hawk,CF 3-3,President,,Write-In,,4,1,3
Black Hawk,CF 4-1,President,,Write-In,,7,3,4
Black Hawk,CF 4-2,President,,Write-In,,10,1,9
Black Hawk,CF 4-3,President,,Write-In,,5,1,4
Black Hawk,CF 5-1,President,,Write-In,,13,6,7
Black Hawk,CF 5-2,President,,Write-In,,11,2,9
Black Hawk,CF 5-3,President,,Write-In,,8,5,3
Black Hawk,Cedar/Poyner2/Gilbertville,President,,Write-In,,5,1,4
Black Hawk,Eagle/Orange,President,,Write-In,,1,1,0
Black Hawk,Elk Run Heights,President,,Write-In,,1,0,1
Black Hawk,Evansdale Ward 1,President,,Write-In,,3,1,2
Black Hawk,Evansdale Ward 2,President,,Write-In,,0,0,0
Black Hawk,Evansdale Ward 3,President,,Write-In,,1,0,1
Black Hawk,Evansdale Ward 4,President,,Write-In,,1,0,1
Black Hawk,Hudson,President,,Write-In,,6,1,5
Black Hawk,Mt. Vernon,President,,Write-In,,4,2,2
Black Hawk,Poyner1/EWL/Raymond/Fox/Jesup,President,,Write-In,,5,0,5
Black Hawk,Union/Washington/Janesville,President,,Write-In,,1,0,1
Black Hawk,WL 1-1,President,,Write-In,,5,3,2
Black Hawk,WL 1-2,President,,Write-In,,2,1,1
Black Hawk,WL 1-3,President,,Write-In,,8,0,8
Black Hawk,WL 1-4,President,,Write-In,,4,2,2
Black Hawk,WL 1-5,President,,Write-In,,9,3,6
Black Hawk,WL 1-6,President,,Write-In,,9,4,5
Black Hawk,WL 2-1,President,,Write-In,,7,5,2
Black Hawk,WL 2-2,President,,Write-In,,3,2,1
Black Hawk,WL 2-3,President,,Write-In,,6,2,4
Black Hawk,WL 2-4,President,,Write-In,,1,0,1
Black Hawk,WL 2-5,President,,Write-In,,2,1,1
Black Hawk,WL 2-6,President,,Write-In,,2,1,1
Black Hawk,WL 3-1,President,,Write-In,,3,1,2
Black Hawk,WL 3-2,President,,Write-In,,7,4,3
Black Hawk,WL 3-3,President,,Write-In,,0,0,0
Black Hawk,WL 3-4,President,,Write-In,,5,3,2
Black Hawk,WL 3-5,President,,Write-In,,4,1,3
Black Hawk,WL 3-6,President,,Write-In,,2,1,1
Black Hawk,WL 4-1,President,,Write-In,,3,0,3
Black Hawk,WL 4-2,President,,Write-In,,1,0,1
Black Hawk,WL 4-3,President,,Write-In,,0,0,0
Black Hawk,WL 4-4,President,,Write-In,,0,0,0
Black Hawk,WL 4-5,President,,Write-In,,2,1,1
Black Hawk,WL 4-6,President,,Write-In,,1,0,1
Black Hawk,WL 5-1,President,,Write-In,,1,0,1
Black Hawk,WL 5-2,President,,Write-In,,3,2,1
Black Hawk,WL 5-3,President,,Write-In,,1,0,1
Black Hawk,WL 5-4,President,,Write-In,,4,0,4
Black Hawk,WL 5-5,President,,Write-In,,7,4,3
Black Hawk,WL 5-6,President,,Write-In,,4,2,2
Black Hawk,Barclay/Benn/Lester/Dunkerton,Soil and Water Conservation District Commissioner,,Geraldine Thornsberry,,609,184,425
Black Hawk,Big Creek/Spring Creek/LPC,Soil and Water Conservation District Commissioner,,Geraldine Thornsberry,,748,232,516
Black Hawk,Black Hawk/Cedar Falls/Lincoln,Soil and Water Conservation District Commissioner,,Geraldine Thornsberry,,341,141,200
Black Hawk,CF 1-1,Soil and Water Conservation District Commissioner,,Geraldine Thornsberry,,352,106,246
Black Hawk,CF 1-2,Soil and Water Conservation District Commissioner,,Geraldine Thornsberry,,885,373,512
Black Hawk,CF 1-3,Soil and Water Conservation District Commissioner,,Geraldine Thornsberry,,617,292,325
Black Hawk,CF 2-1,Soil and Water Conservation District Commissioner,,Geraldine Thornsberry,,195,72,123
Black Hawk,CF 2-2,Soil and Water Conservation District Commissioner,,Geraldine Thornsberry,,703,287,416
Black Hawk,CF 2-3,Soil and Water Conservation District Commissioner,,Geraldine Thornsberry,,771,310,461
Black Hawk,CF 3-1,Soil and Water Conservation District Commissioner,,Geraldine Thornsberry,,770,343,427
Black Hawk,CF 3-2,Soil and Water Conservation District Commissioner,,Geraldine Thornsberry,,803,393,410
Black Hawk,CF 3-3,Soil and Water Conservation District Commissioner,,Geraldine Thornsberry,,665,253,412
Black Hawk,CF 4-1,Soil and Water Conservation District Commissioner,,Geraldine Thornsberry,,497,147,350
Black Hawk,CF 4-2,Soil and Water Conservation District Commissioner,,Geraldine Thornsberry,,683,281,402
Black Hawk,CF 4-3,Soil and Water Conservation District Commissioner,,Geraldine Thornsberry,,667,302,365
Black Hawk,CF 5-1,Soil and Water Conservation District Commissioner,,Geraldine Thornsberry,,858,370,488
Black Hawk,CF 5-2,Soil and Water Conservation District Commissioner,,Geraldine Thornsberry,,829,381,448
Black Hawk,CF 5-3,Soil and Water Conservation District Commissioner,,Geraldine Thornsberry,,1011,652,359
Black Hawk,Cedar/Poyner2/Gilbertville,Soil and Water Conservation District Commissioner,,Geraldine Thornsberry,,712,291,421
Black Hawk,Eagle/Orange,Soil and Water Conservation District Commissioner,,Geraldine Thornsberry,,280,109,171
Black Hawk,Elk Run Heights,Soil and Water Conservation District Commissioner,,Geraldine Thornsberry,,265,57,208
Black Hawk,Evansdale Ward 1,Soil and Water Conservation District Commissioner,,Geraldine Thornsberry,,238,72,166
Black Hawk,Evansdale Ward 2,Soil and Water Conservation District Commissioner,,Geraldine Thornsberry,,224,71,153
Black Hawk,Evansdale Ward 3,Soil and Water Conservation District Commissioner,,Geraldine Thornsberry,,251,66,185
Black Hawk,Evansdale Ward 4,Soil and Water Conservation District Commissioner,,Geraldine Thornsberry,,219,72,147
Black Hawk,Hudson,Soil and Water Conservation District Commissioner,,Geraldine Thornsberry,,787,272,515
Black Hawk,Mt. Vernon,Soil and Water Conservation District Commissioner,,Geraldine Thornsberry,,295,130,165
Black Hawk,Poyner1/EWL/Raymond/Fox/Jesup,Soil and Water Conservation District Commissioner,,Geraldine Thornsberry,,692,267,425
Black Hawk,Union/Washington/Janesville,Soil and Water Conservation District Commissioner,,Geraldine Thornsberry,,515,202,313
Black Hawk,WL 1-1,Soil and Water Conservation District Commissioner,,Geraldine Thornsberry,,336,169,167
Black Hawk,WL 1-2,Soil and Water Conservation District Commissioner,,Geraldine Thornsberry,,506,264,242
Black Hawk,WL 1-3,Soil and Water Conservation District Commissioner,,Geraldine Thornsberry,,393,152,241
Black Hawk,WL 1-4,Soil and Water Conservation District Commissioner,,Geraldine Thornsberry,,658,318,340
Black Hawk,WL 1-5,Soil and Water Conservation District Commissioner,,Geraldine Thornsberry,,362,152,210
Black Hawk,WL 1-6,Soil and Water Conservation District Commissioner,,Geraldine Thornsberry,,893,495,398
Black Hawk,WL 2-1,Soil and Water Conservation District Commissioner,,Geraldine Thornsberry,,709,406,303
Black Hawk,WL 2-2,Soil and Water Conservation District Commissioner,,Geraldine Thornsberry,,401,173,228
Black Hawk,WL 2-3,Soil and Water Conservation District Commissioner,,Geraldine Thornsberry,,449,201,248
Black Hawk,WL 2-4,Soil and Water Conservation District Commissioner,,Geraldine Thornsberry,,420,213,207
Black Hawk,WL 2-5,Soil and Water Conservation District Commissioner,,Geraldine Thornsberry,,372,180,192
Black Hawk,WL 2-6,Soil and Water Conservation District Commissioner,,Geraldine Thornsberry,,350,162,188
Black Hawk,WL 3-1,Soil and Water Conservation District Commissioner,,Geraldine Thornsberry,,509,276,233
Black Hawk,WL 3-2,Soil and Water Conservation District Commissioner,,Geraldine Thornsberry,,360,157,203
Black Hawk,WL 3-3,Soil and Water Conservation District Commissioner,,Geraldine Thornsberry,,347,129,218
Black Hawk,WL 3-4,Soil and Water Conservation District Commissioner,,Geraldine Thornsberry,,299,109,190
Black Hawk,WL 3-5,Soil and Water Conservation District Commissioner,,Geraldine Thornsberry,,497,159,338
Black Hawk,WL 3-6,Soil and Water Conservation District Commissioner,,Geraldine Thornsberry,,294,141,153
Black Hawk,WL 4-1,Soil and Water Conservation District Commissioner,,Geraldine Thornsberry,,369,168,201
Black Hawk,WL 4-2,Soil and Water Conservation District Commissioner,,Geraldine Thornsberry,,270,142,128
Black Hawk,WL 4-3,Soil and Water Conservation District Commissioner,,Geraldine Thornsberry,,247,118,129
Black Hawk,WL 4-4,Soil and Water Conservation District Commissioner,,Geraldine Thornsberry,,305,117,188
Black Hawk,WL 4-5,Soil and Water Conservation District Commissioner,,Geraldine Thornsberry,,231,106,125
Black Hawk,WL 4-6,Soil and Water Conservation District Commissioner,,Geraldine Thornsberry,,331,132,199
Black Hawk,WL 5-1,Soil and Water Conservation District Commissioner,,Geraldine Thornsberry,,155,60,95
Black Hawk,WL 5-2,Soil and Water Conservation District Commissioner,,Geraldine Thornsberry,,400,123,277
Black Hawk,WL 5-3,Soil and Water Conservation District Commissioner,,Geraldine Thornsberry,,347,143,204
Black Hawk,WL 5-4,Soil and Water Conservation District Commissioner,,Geraldine Thornsberry,,453,211,242
Black Hawk,WL 5-5,Soil and Water Conservation District Commissioner,,Geraldine Thornsberry,,664,292,372
Black Hawk,WL 5-6,Soil and Water Conservation District Commissioner,,Geraldine Thornsberry,,503,279,224
Black Hawk,Barclay/Benn/Lester/Dunkerton,Soil and Water Conservation District Commissioner,,Sherman Lundy,,2,1,1
Black Hawk,Big Creek/Spring Creek/LPC,Soil and Water Conservation District Commissioner,,Sherman Lundy,,3,1,2
Black Hawk,Black Hawk/Cedar Falls/Lincoln,Soil and Water Conservation District Commissioner,,Sherman Lundy,,0,0,0
Black Hawk,CF 1-1,Soil and Water Conservation District Commissioner,,Sherman Lundy,,0,0,0
Black Hawk,CF 1-2,Soil and Water Conservation District Commissioner,,Sherman Lundy,,3,1,2
Black Hawk,CF 1-3,Soil and Water Conservation District Commissioner,,Sherman Lundy,,2,1,1
Black Hawk,CF 2-1,Soil and Water Conservation District Commissioner,,Sherman Lundy,,3,1,2
Black Hawk,CF 2-2,Soil and Water Conservation District Commissioner,,Sherman Lundy,,0,0,0
Black Hawk,CF 2-3,Soil and Water Conservation District Commissioner,,Sherman Lundy,,0,0,0
Black Hawk,CF 3-1,Soil and Water Conservation District Commissioner,,Sherman Lundy,,0,0,0
Black Hawk,CF 3-2,Soil and Water Conservation District Commissioner,,Sherman Lundy,,0,0,0
Black Hawk,CF 3-3,Soil and Water Conservation District Commissioner,,Sherman Lundy,,2,1,1
Black Hawk,CF 4-1,Soil and Water Conservation District Commissioner,,Sherman Lundy,,2,1,1
Black Hawk,CF 4-2,Soil and Water Conservation District Commissioner,,Sherman Lundy,,2,1,1
Black Hawk,CF 4-3,Soil and Water Conservation District Commissioner,,Sherman Lundy,,2,1,1
Black Hawk,CF 5-1,Soil and Water Conservation District Commissioner,,Sherman Lundy,,3,1,2
Black Hawk,CF 5-2,Soil and Water Conservation District Commissioner,,Sherman Lundy,,0,0,0
Black Hawk,CF 5-3,Soil and Water Conservation District Commissioner,,Sherman Lundy,,0,0,0
Black Hawk,Cedar/Poyner2/Gilbertville,Soil and Water Conservation District Commissioner,,Sherman Lundy,,0,0,0
Black Hawk,Eagle/Orange,Soil and Water Conservation District Commissioner,,Sherman Lundy,,1,0,1
Black Hawk,Elk Run Heights,Soil and Water Conservation District Commissioner,,Sherman Lundy,,0,0,0
Black Hawk,Evansdale Ward 1,Soil and Water Conservation District Commissioner,,Sherman Lundy,,0,0,0
Black Hawk,Evansdale Ward 2,Soil and Water Conservation District Commissioner,,Sherman Lundy,,0,0,0
Black Hawk,Evansdale Ward 3,Soil and Water Conservation District Commissioner,,Sherman Lundy,,0,0,0
Black Hawk,Evansdale Ward 4,Soil and Water Conservation District Commissioner,,Sherman Lundy,,0,0,0
Black Hawk,Hudson,Soil and Water Conservation District Commissioner,,Sherman Lundy,,0,0,0
Black Hawk,Mt. Vernon,Soil and Water Conservation District Commissioner,,Sherman Lundy,,0,0,0
Black Hawk,Poyner1/EWL/Raymond/Fox/Jesup,Soil and Water Conservation District Commissioner,,Sherman Lundy,,0,0,0
Black Hawk,Union/Washington/Janesville,Soil and Water Conservation District Commissioner,,Sherman Lundy,,0,0,0
Black Hawk,WL 1-1,Soil and Water Conservation District Commissioner,,Sherman Lundy,,0,0,0
Black Hawk,WL 1-2,Soil and Water Conservation District Commissioner,,Sherman Lundy,,0,0,0
Black Hawk,WL 1-3,Soil and Water Conservation District Commissioner,,Sherman Lundy,,0,0,0
Black Hawk,WL 1-4,Soil and Water Conservation District Commissioner,,Sherman Lundy,,2,1,1
Black Hawk,WL 1-5,Soil and Water Conservation District Commissioner,,Sherman Lundy,,0,0,0
Black Hawk,WL 1-6,Soil and Water Conservation District Commissioner,,Sherman Lundy,,0,0,0
Black Hawk,WL 2-1,Soil and Water Conservation District Commissioner,,Sherman Lundy,,0,0,0
Black Hawk,WL 2-2,Soil and Water Conservation District Commissioner,,Sherman Lundy,,0,0,0
Black Hawk,WL 2-3,Soil and Water Conservation District Commissioner,,Sherman Lundy,,0,0,0
Black Hawk,WL 2-4,Soil and Water Conservation District Commissioner,,Sherman Lundy,,3,1,2
Black Hawk,WL 2-5,Soil and Water Conservation District Commissioner,,Sherman Lundy,,0,0,0
Black Hawk,WL 2-6,Soil and Water Conservation District Commissioner,,Sherman Lundy,,0,0,0
Black Hawk,WL 3-1,Soil and Water Conservation District Commissioner,,Sherman Lundy,,0,0,0
Black Hawk,WL 3-2,Soil and Water Conservation District Commissioner,,Sherman Lundy,,0,0,0
Black Hawk,WL 3-3,Soil and Water Conservation District Commissioner,,Sherman Lundy,,0,0,0
Black Hawk,WL 3-4,Soil and Water Conservation District Commissioner,,Sherman Lundy,,0,0,0
Black Hawk,WL 3-5,Soil and Water Conservation District Commissioner,,Sherman Lundy,,0,0,0
Black Hawk,WL 3-6,Soil and Water Conservation District Commissioner,,Sherman Lundy,,0,0,0
Black Hawk,WL 4-1,Soil and Water Conservation District Commissioner,,Sherman Lundy,,0,0,0
Black Hawk,WL 4-2,Soil and Water Conservation District Commissioner,,Sherman Lundy,,0,0,0
Black Hawk,WL 4-3,Soil and Water Conservation District Commissioner,,Sherman Lundy,,0,0,0
Black Hawk,WL 4-4,Soil and Water Conservation District Commissioner,,Sherman Lundy,,2,1,1
Black Hawk,WL 4-5,Soil and Water Conservation District Commissioner,,Sherman Lundy,,0,0,0
Black Hawk,WL 4-6,Soil and Water Conservation District Commissioner,,Sherman Lundy,,0,0,0
Black Hawk,WL 5-1,Soil and Water Conservation District Commissioner,,Sherman Lundy,,0,0,0
Black Hawk,WL 5-2,Soil and Water Conservation District Commissioner,,Sherman Lundy,,0,0,0
Black Hawk,WL 5-3,Soil and Water Conservation District Commissioner,,Sherman Lundy,,0,0,0
Black Hawk,WL 5-4,Soil and Water Conservation District Commissioner,,Sherman Lundy,,0,0,0
Black Hawk,WL 5-5,Soil and Water Conservation District Commissioner,,Sherman Lundy,,0,0,0
Black Hawk,WL 5-6,Soil and Water Conservation District Commissioner,,Sherman Lundy,,0,0,0
Black Hawk,Barclay/Benn/Lester/Dunkerton,Soil and Water Conservation District Commissioner,,Vernon Carl Fish,,784,215,569
Black Hawk,Big Creek/Spring Creek/LPC,Soil and Water Conservation District Commissioner,,Vernon Carl Fish,,978,287,691
Black Hawk,Black Hawk/Cedar Falls/Lincoln,Soil and Water Conservation District Commissioner,,Vernon Carl Fish,,437,176,261
Black Hawk,CF 1-1,Soil and Water Conservation District Commissioner,,Vernon Carl Fish,,501,153,348
Black Hawk,CF 1-2,Soil and Water Conservation District Commissioner,,Vernon Carl Fish,,1039,418,621
Black Hawk,CF 1-3,Soil and Water Conservation District Commissioner,,Vernon Carl Fish,,736,345,391
Black Hawk,CF 2-1,Soil and Water Conservation District Commissioner,,Vernon Carl Fish,,198,79,119
Black Hawk,CF 2-2,Soil and Water Conservation District Commissioner,,Vernon Carl Fish,,829,337,492
Black Hawk,CF 2-3,Soil and Water Conservation District Commissioner,,Vernon Carl Fish,,939,349,590
Black Hawk,CF 3-1,Soil and Water Conservation District Commissioner,,Vernon Carl Fish,,913,404,509
Black Hawk,CF 3-2,Soil and Water Conservation District Commissioner,,Vernon Carl Fish,,929,452,477
Black Hawk,CF 3-3,Soil and Water Conservation District Commissioner,,Vernon Carl Fish,,804,307,497
Black Hawk,CF 4-1,Soil and Water Conservation District Commissioner,,Vernon Carl Fish,,599,177,422
Black Hawk,CF 4-2,Soil and Water Conservation District Commissioner,,Vernon Carl Fish,,866,353,513
Black Hawk,CF 4-3,Soil and Water Conservation District Commissioner,,Vernon Carl Fish,,862,380,482
Black Hawk,CF 5-1,Soil and Water Conservation District Commissioner,,Vernon Carl Fish,,969,418,551
Black Hawk,CF 5-2,Soil and Water Conservation District Commissioner,,Vernon Carl Fish,,980,446,534
Black Hawk,CF 5-3,Soil and Water Conservation District Commissioner,,Vernon Carl Fish,,1190,774,416
Black Hawk,Cedar/Poyner2/Gilbertville,Soil and Water Conservation District Commissioner,,Vernon Carl Fish,,951,376,575
Black Hawk,Eagle/Orange,Soil and Water Conservation District Commissioner,,Vernon Carl Fish,,331,122,209
Black Hawk,Elk Run Heights,Soil and Water Conservation District Commissioner,,Vernon Carl Fish,,339,82,257
Black Hawk,Evansdale Ward 1,Soil and Water Conservation District Commissioner,,Vernon Carl Fish,,313,93,220
Black Hawk,Evansdale Ward 2,Soil and Water Conservation District Commissioner,,Vernon Carl Fish,,284,95,189
Black Hawk,Evansdale Ward 3,Soil and Water Conservation District Commissioner,,Vernon Carl Fish,,305,81,224
Black Hawk,Evansdale Ward 4,Soil and Water Conservation District Commissioner,,Vernon Carl Fish,,283,91,192
Black Hawk,Hudson,Soil and Water Conservation District Commissioner,,Vernon Carl Fish,,941,304,637
Black Hawk,Mt. Vernon,Soil and Water Conservation District Commissioner,,Vernon Carl Fish,,389,160,229
Black Hawk,Poyner1/EWL/Raymond/Fox/Jesup,Soil and Water Conservation District Commissioner,,Vernon Carl Fish,,838,324,514
Black Hawk,Union/Washington/Janesville,Soil and Water Conservation District Commissioner,,Vernon Carl Fish,,658,251,407
Black Hawk,WL 1-1,Soil and Water Conservation District Commissioner,,Vernon Carl Fish,,447,225,222
Black Hawk,WL 1-2,Soil and Water Conservation District Commissioner,,Vernon Carl Fish,,594,300,294
Black Hawk,WL 1-3,Soil and Water Conservation District Commissioner,,Vernon Carl Fish,,456,163,293
Black Hawk,WL 1-4,Soil and Water Conservation District Commissioner,,Vernon Carl Fish,,826,366,460
Black Hawk,WL 1-5,Soil and Water Conservation District Commissioner,,Vernon Carl Fish,,432,182,250
Black Hawk,WL 1-6,Soil and Water Conservation District Commissioner,,Vernon Carl Fish,,1140,634,506
Black Hawk,WL 2-1,Soil and Water Conservation District Commissioner,,Vernon Carl Fish,,871,485,386
Black Hawk,WL 2-2,Soil and Water Conservation District Commissioner,,Vernon Carl Fish,,464,209,255
Black Hawk,WL 2-3,Soil and Water Conservation District Commissioner,,Vernon Carl Fish,,557,233,324
Black Hawk,WL 2-4,Soil and Water Conservation District Commissioner,,Vernon Carl Fish,,526,267,259
Black Hawk,WL 2-5,Soil and Water Conservation District Commissioner,,Vernon Carl Fish,,463,229,234
Black Hawk,WL 2-6,Soil and Water Conservation District Commissioner,,Vernon Carl Fish,,428,178,250
Black Hawk,WL 3-1,Soil and Water Conservation District Commissioner,,Vernon Carl Fish,,650,353,297
Black Hawk,WL 3-2,Soil and Water Conservation District Commissioner,,Vernon Carl Fish,,416,187,229
Black Hawk,WL 3-3,Soil and Water Conservation District Commissioner,,Vernon Carl Fish,,407,145,262
Black Hawk,WL 3-4,Soil and Water Conservation District Commissioner,,Vernon Carl Fish,,334,123,211
Black Hawk,WL 3-5,Soil and Water Conservation District Commissioner,,Vernon Carl Fish,,590,190,400
Black Hawk,WL 3-6,Soil and Water Conservation District Commissioner,,Vernon Carl Fish,,293,151,142
Black Hawk,WL 4-1,Soil and Water Conservation District Commissioner,,Vernon Carl Fish,,391,163,228
Black Hawk,WL 4-2,Soil and Water Conservation District Commissioner,,Vernon Carl Fish,,324,164,160
Black Hawk,WL 4-3,Soil and Water Conservation District Commissioner,,Vernon Carl Fish,,233,115,118
Black Hawk,WL 4-4,Soil and Water Conservation District Commissioner,,Vernon Carl Fish,,384,148,236
Black Hawk,WL 4-5,Soil and Water Conservation District Commissioner,,Vernon Carl Fish,,216,94,122
Black Hawk,WL 4-6,Soil and Water Conservation District Commissioner,,Vernon Carl Fish,,396,150,246
Black Hawk,WL 5-1,Soil and Water Conservation District Commissioner,,Vernon Carl Fish,,177,71,106
Black Hawk,WL 5-2,Soil and Water Conservation District Commissioner,,Vernon Carl Fish,,482,149,333
Black Hawk,WL 5-3,Soil and Water Conservation District Commissioner,,Vernon Carl Fish,,380,152,228
Black Hawk,WL 5-4,Soil and Water Conservation District Commissioner,,Vernon Carl Fish,,564,262,302
Black Hawk,WL 5-5,Soil and Water Conservation District Commissioner,,Vernon Carl Fish,,810,356,454
Black Hawk,WL 5-6,Soil and Water Conservation District Commissioner,,Vernon Carl Fish,,612,327,285
Black Hawk,Barclay/Benn/Lester/Dunkerton,Soil and Water Conservation District Commissioner,,Write-In,,23,9,14
Black Hawk,Big Creek/Spring Creek/LPC,Soil and Water Conservation District Commissioner,,Write-In,,16,5,11
Black Hawk,Black Hawk/Cedar Falls/Lincoln,Soil and Water Conservation District Commissioner,,Write-In,,11,6,5
Black Hawk,CF 1-1,Soil and Water Conservation District Commissioner,,Write-In,,9,5,4
Black Hawk,CF 1-2,Soil and Water Conservation District Commissioner,,Write-In,,34,13,21
Black Hawk,CF 1-3,Soil and Water Conservation District Commissioner,,Write-In,,21,9,12
Black Hawk,CF 2-1,Soil and Water Conservation District Commissioner,,Write-In,,5,1,4
Black Hawk,CF 2-2,Soil and Water Conservation District Commissioner,,Write-In,,26,8,18
Black Hawk,CF 2-3,Soil and Water Conservation District Commissioner,,Write-In,,21,9,12
Black Hawk,CF 3-1,Soil and Water Conservation District Commissioner,,Write-In,,37,23,14
Black Hawk,CF 3-2,Soil and Water Conservation District Commissioner,,Write-In,,20,8,12
Black Hawk,CF 3-3,Soil and Water Conservation District Commissioner,,Write-In,,28,10,18
Black Hawk,CF 4-1,Soil and Water Conservation District Commissioner,,Write-In,,17,3,14
Black Hawk,CF 4-2,Soil and Water Conservation District Commissioner,,Write-In,,21,10,11
Black Hawk,CF 4-3,Soil and Water Conservation District Commissioner,,Write-In,,31,7,24
Black Hawk,CF 5-1,Soil and Water Conservation District Commissioner,,Write-In,,22,13,9
Black Hawk,CF 5-2,Soil and Water Conservation District Commissioner,,Write-In,,29,11,18
Black Hawk,CF 5-3,Soil and Water Conservation District Commissioner,,Write-In,,20,13,7
Black Hawk,Cedar/Poyner2/Gilbertville,Soil and Water Conservation District Commissioner,,Write-In,,21,7,14
Black Hawk,Eagle/Orange,Soil and Water Conservation District Commissioner,,Write-In,,10,3,7
Black Hawk,Elk Run Heights,Soil and Water Conservation District Commissioner,,Write-In,,7,3,4
Black Hawk,Evansdale Ward 1,Soil and Water Conservation District Commissioner,,Write-In,,5,2,3
Black Hawk,Evansdale Ward 2,Soil and Water Conservation District Commissioner,,Write-In,,7,2,5
Black Hawk,Evansdale Ward 3,Soil and Water Conservation District Commissioner,,Write-In,,5,1,4
Black Hawk,Evansdale Ward 4,Soil and Water Conservation District Commissioner,,Write-In,,4,0,4
Black Hawk,Hudson,Soil and Water Conservation District Commissioner,,Write-In,,25,9,16
Black Hawk,Mt. Vernon,Soil and Water Conservation District Commissioner,,Write-In,,8,4,4
Black Hawk,Poyner1/EWL/Raymond/Fox/Jesup,Soil and Water Conservation District Commissioner,,Write-In,,10,4,6
Black Hawk,Union/Washington/Janesville,Soil and Water Conservation District Commissioner,,Write-In,,12,6,6
Black Hawk,WL 1-1,Soil and Water Conservation District Commissioner,,Write-In,,2,1,1
Black Hawk,WL 1-2,Soil and Water Conservation District Commissioner,,Write-In,,15,11,4
Black Hawk,WL 1-3,Soil and Water Conservation District Commissioner,,Write-In,,15,8,7
Black Hawk,WL 1-4,Soil and Water Conservation District Commissioner,,Write-In,,13,5,8
Black Hawk,WL 1-5,Soil and Water Conservation District Commissioner,,Write-In,,10,5,5
Black Hawk,WL 1-6,Soil and Water Conservation District Commissioner,,Write-In,,32,15,17
Black Hawk,WL 2-1,Soil and Water Conservation District Commissioner,,Write-In,,14,7,7
Black Hawk,WL 2-2,Soil and Water Conservation District Commissioner,,Write-In,,11,4,7
Black Hawk,WL 2-3,Soil and Water Conservation District Commissioner,,Write-In,,9,5,4
Black Hawk,WL 2-4,Soil and Water Conservation District Commissioner,,Write-In,,10,4,6
Black Hawk,WL 2-5,Soil and Water Conservation District Commissioner,,Write-In,,17,8,9
Black Hawk,WL 2-6,Soil and Water Conservation District Commissioner,,Write-In,,14,4,10
Black Hawk,WL 3-1,Soil and Water Conservation District Commissioner,,Write-In,,21,11,10
Black Hawk,WL 3-2,Soil and Water Conservation District Commissioner,,Write-In,,9,2,7
Black Hawk,WL 3-3,Soil and Water Conservation District Commissioner,,Write-In,,10,2,8
Black Hawk,WL 3-4,Soil and Water Conservation District Commissioner,,Write-In,,9,5,4
Black Hawk,WL 3-5,Soil and Water Conservation District Commissioner,,Write-In,,20,9,11
Black Hawk,WL 3-6,Soil and Water Conservation District Commissioner,,Write-In,,8,5,3
Black Hawk,WL 4-1,Soil and Water Conservation District Commissioner,,Write-In,,6,1,5
Black Hawk,WL 4-2,Soil and Water Conservation District Commissioner,,Write-In,,14,7,7
Black Hawk,WL 4-3,Soil and Water Conservation District Commissioner,,Write-In,,1,1,0
Black Hawk,WL 4-4,Soil and Water Conservation District Commissioner,,Write-In,,9,4,5
Black Hawk,WL 4-5,Soil and Water Conservation District Commissioner,,Write-In,,17,6,11
Black Hawk,WL 4-6,Soil and Water Conservation District Commissioner,,Write-In,,7,4,3
Black Hawk,WL 5-1,Soil and Water Conservation District Commissioner,,Write-In,,5,3,2
Black Hawk,WL 5-2,Soil and Water Conservation District Commissioner,,Write-In,,9,1,8
Black Hawk,WL 5-3,Soil and Water Conservation District Commissioner,,Write-In,,5,0,5
Black Hawk,WL 5-4,Soil and Water Conservation District Commissioner,,Write-In,,16,7,9
Black Hawk,WL 5-5,Soil and Water Conservation District Commissioner,,Write-In,,24,15,9
Black Hawk,WL 5-6,Soil and Water Conservation District Commissioner,,Write-In,,14,6,8
Black Hawk,Barclay/Benn/Lester/Dunkerton,Soil and Water Conservation District Commissioner To Fill a Vacancy,,Michael J. Miller,,638,167,471
Black Hawk,Big Creek/Spring Creek/LPC,Soil and Water Conservation District Commissioner To Fill a Vacancy,,Michael J. Miller,,776,196,580
Black Hawk,Black Hawk/Cedar Falls/Lincoln,Soil and Water Conservation District Commissioner To Fill a Vacancy,,Michael J. Miller,,285,102,183
Black Hawk,CF 1-1,Soil and Water Conservation District Commissioner To Fill a Vacancy,,Michael J. Miller,,375,108,267
Black Hawk,CF 1-2,Soil and Water Conservation District Commissioner To Fill a Vacancy,,Michael J. Miller,,670,243,427
Black Hawk,CF 1-3,Soil and Water Conservation District Commissioner To Fill a Vacancy,,Michael J. Miller,,463,212,251
Black Hawk,CF 2-1,Soil and Water Conservation District Commissioner To Fill a Vacancy,,Michael J. Miller,,152,59,93
Black Hawk,CF 2-2,Soil and Water Conservation District Commissioner To Fill a Vacancy,,Michael J. Miller,,619,213,406
Black Hawk,CF 2-3,Soil and Water Conservation District Commissioner To Fill a Vacancy,,Michael J. Miller,,690,237,453
Black Hawk,CF 3-1,Soil and Water Conservation District Commissioner To Fill a Vacancy,,Michael J. Miller,,597,239,358
Black Hawk,CF 3-2,Soil and Water Conservation District Commissioner To Fill a Vacancy,,Michael J. Miller,,661,295,366
Black Hawk,CF 3-3,Soil and Water Conservation District Commissioner To Fill a Vacancy,,Michael J. Miller,,583,195,388
Black Hawk,CF 4-1,Soil and Water Conservation District Commissioner To Fill a Vacancy,,Michael J. Miller,,416,115,301
Black Hawk,CF 4-2,Soil and Water Conservation District Commissioner To Fill a Vacancy,,Michael J. Miller,,533,199,334
Black Hawk,CF 4-3,Soil and Water Conservation District Commissioner To Fill a Vacancy,,Michael J. Miller,,579,221,358
Black Hawk,CF 5-1,Soil and Water Conservation District Commissioner To Fill a Vacancy,,Michael J. Miller,,752,302,450
Black Hawk,CF 5-2,Soil and Water Conservation District Commissioner To Fill a Vacancy,,Michael J. Miller,,651,295,356
Black Hawk,CF 5-3,Soil and Water Conservation District Commissioner To Fill a Vacancy,,Michael J. Miller,,847,527,320
Black Hawk,Cedar/Poyner2/Gilbertville,Soil and Water Conservation District Commissioner To Fill a Vacancy,,Michael J. Miller,,694,242,452
Black Hawk,Eagle/Orange,Soil and Water Conservation District Commissioner To Fill a Vacancy,,Michael J. Miller,,229,79,150
Black Hawk,Elk Run Heights,Soil and Water Conservation District Commissioner To Fill a Vacancy,,Michael J. Miller,,247,52,195
Black Hawk,Evansdale Ward 1,Soil and Water Conservation District Commissioner To Fill a Vacancy,,Michael J. Miller,,272,87,185
Black Hawk,Evansdale Ward 2,Soil and Water Conservation District Commissioner To Fill a Vacancy,,Michael J. Miller,,206,67,139
Black Hawk,Evansdale Ward 3,Soil and Water Conservation District Commissioner To Fill a Vacancy,,Michael J. Miller,,255,67,188
Black Hawk,Evansdale Ward 4,Soil and Water Conservation District Commissioner To Fill a Vacancy,,Michael J. Miller,,225,71,154
Black Hawk,Hudson,Soil and Water Conservation District Commissioner To Fill a Vacancy,,Michael J. Miller,,722,198,524
Black Hawk,Mt. Vernon,Soil and Water Conservation District Commissioner To Fill a Vacancy,,Michael J. Miller,,276,117,159
Black Hawk,Poyner1/EWL/Raymond/Fox/Jesup,Soil and Water Conservation District Commissioner To Fill a Vacancy,,Michael J. Miller,,682,234,448
Black Hawk,Union/Washington/Janesville,Soil and Water Conservation District Commissioner To Fill a Vacancy,,Michael J. Miller,,419,135,284
Black Hawk,WL 1-1,Soil and Water Conservation District Commissioner To Fill a Vacancy,,Michael J. Miller,,324,154,170
Black Hawk,WL 1-2,Soil and Water Conservation District Commissioner To Fill a Vacancy,,Michael J. Miller,,500,236,264
Black Hawk,WL 1-3,Soil and Water Conservation District Commissioner To Fill a Vacancy,,Michael J. Miller,,389,135,254
Black Hawk,WL 1-4,Soil and Water Conservation District Commissioner To Fill a Vacancy,,Michael J. Miller,,639,283,356
Black Hawk,WL 1-5,Soil and Water Conservation District Commissioner To Fill a Vacancy,,Michael J. Miller,,343,138,205
Black Hawk,WL 1-6,Soil and Water Conservation District Commissioner To Fill a Vacancy,,Michael J. Miller,,826,443,383
Black Hawk,WL 2-1,Soil and Water Conservation District Commissioner To Fill a Vacancy,,Michael J. Miller,,621,346,275
Black Hawk,WL 2-2,Soil and Water Conservation District Commissioner To Fill a Vacancy,,Michael J. Miller,,411,169,242
Black Hawk,WL 2-3,Soil and Water Conservation District Commissioner To Fill a Vacancy,,Michael J. Miller,,479,194,285
Black Hawk,WL 2-4,Soil and Water Conservation District Commissioner To Fill a Vacancy,,Michael J. Miller,,411,212,199
Black Hawk,WL 2-5,Soil and Water Conservation District Commissioner To Fill a Vacancy,,Michael J. Miller,,367,169,198
Black Hawk,WL 2-6,Soil and Water Conservation District Commissioner To Fill a Vacancy,,Michael J. Miller,,317,129,188
Black Hawk,WL 3-1,Soil and Water Conservation District Commissioner To Fill a Vacancy,,Michael J. Miller,,482,260,222
Black Hawk,WL 3-2,Soil and Water Conservation District Commissioner To Fill a Vacancy,,Michael J. Miller,,361,161,200
Black Hawk,WL 3-3,Soil and Water Conservation District Commissioner To Fill a Vacancy,,Michael J. Miller,,379,140,239
Black Hawk,WL 3-4,Soil and Water Conservation District Commissioner To Fill a Vacancy,,Michael J. Miller,,314,111,203
Black Hawk,WL 3-5,Soil and Water Conservation District Commissioner To Fill a Vacancy,,Michael J. Miller,,509,146,363
Black Hawk,WL 3-6,Soil and Water Conservation District Commissioner To Fill a Vacancy,,Michael J. Miller,,257,122,135
Black Hawk,WL 4-1,Soil and Water Conservation District Commissioner To Fill a Vacancy,,Michael J. Miller,,404,163,241
Black Hawk,WL 4-2,Soil and Water Conservation District Commissioner To Fill a Vacancy,,Michael J. Miller,,317,161,156
Black Hawk,WL 4-3,Soil and Water Conservation District Commissioner To Fill a Vacancy,,Michael J. Miller,,255,118,137
Black Hawk,WL 4-4,Soil and Water Conservation District Commissioner To Fill a Vacancy,,Michael J. Miller,,343,127,216
Black Hawk,WL 4-5,Soil and Water Conservation District Commissioner To Fill a Vacancy,,Michael J. Miller,,206,86,120
Black Hawk,WL 4-6,Soil and Water Conservation District Commissioner To Fill a Vacancy,,Michael J. Miller,,350,126,224
Black Hawk,WL 5-1,Soil and Water Conservation District Commissioner To Fill a Vacancy,,Michael J. Miller,,150,61,89
Black Hawk,WL 5-2,Soil and Water Conservation District Commissioner To Fill a Vacancy,,Michael J. Miller,,430,127,303
Black Hawk,WL 5-3,Soil and Water Conservation District Commissioner To Fill a Vacancy,,Michael J. Miller,,331,129,202
Black Hawk,WL 5-4,Soil and Water Conservation District Commissioner To Fill a Vacancy,,Michael J. Miller,,451,207,244
Black Hawk,WL 5-5,Soil and Water Conservation District Commissioner To Fill a Vacancy,,Michael J. Miller,,560,218,342
Black Hawk,WL 5-6,Soil and Water Conservation District Commissioner To Fill a Vacancy,,Michael J. Miller,,427,217,210
Black Hawk,Barclay/Benn/Lester/Dunkerton,Soil and Water Conservation District Commissioner To Fill a Vacancy,,Sherman Lundy,,239,54,185
Black Hawk,Big Creek/Spring Creek/LPC,Soil and Water Conservation District Commissioner To Fill a Vacancy,,Sherman Lundy,,267,84,183
Black Hawk,Black Hawk/Cedar Falls/Lincoln,Soil and Water Conservation District Commissioner To Fill a Vacancy,,Sherman Lundy,,118,54,64
Black Hawk,CF 1-1,Soil and Water Conservation District Commissioner To Fill a Vacancy,,Sherman Lundy,,156,39,117
Black Hawk,CF 1-2,Soil and Water Conservation District Commissioner To Fill a Vacancy,,Sherman Lundy,,385,151,234
Black Hawk,CF 1-3,Soil and Water Conservation District Commissioner To Fill a Vacancy,,Sherman Lundy,,248,118,130
Black Hawk,CF 2-1,Soil and Water Conservation District Commissioner To Fill a Vacancy,,Sherman Lundy,,109,39,70
Black Hawk,CF 2-2,Soil and Water Conservation District Commissioner To Fill a Vacancy,,Sherman Lundy,,279,120,159
Black Hawk,CF 2-3,Soil and Water Conservation District Commissioner To Fill a Vacancy,,Sherman Lundy,,288,103,185
Black Hawk,CF 3-1,Soil and Water Conservation District Commissioner To Fill a Vacancy,,Sherman Lundy,,302,129,173
Black Hawk,CF 3-2,Soil and Water Conservation District Commissioner To Fill a Vacancy,,Sherman Lundy,,282,136,146
Black Hawk,CF 3-3,Soil and Water Conservation District Commissioner To Fill a Vacancy,,Sherman Lundy,,257,95,162
Black Hawk,CF 4-1,Soil and Water Conservation District Commissioner To Fill a Vacancy,,Sherman Lundy,,243,66,177
Black Hawk,CF 4-2,Soil and Water Conservation District Commissioner To Fill a Vacancy,,Sherman Lundy,,304,118,186
Black Hawk,CF 4-3,Soil and Water Conservation District Commissioner To Fill a Vacancy,,Sherman Lundy,,269,124,145
Black Hawk,CF 5-1,Soil and Water Conservation District Commissioner To Fill a Vacancy,,Sherman Lundy,,287,112,175
Black Hawk,CF 5-2,Soil and Water Conservation District Commissioner To Fill a Vacancy,,Sherman Lundy,,300,127,173
Black Hawk,CF 5-3,Soil and Water Conservation District Commissioner To Fill a Vacancy,,Sherman Lundy,,346,222,124
Black Hawk,Cedar/Poyner2/Gilbertville,Soil and Water Conservation District Commissioner To Fill a Vacancy,,Sherman Lundy,,273,108,165
Black Hawk,Eagle/Orange,Soil and Water Conservation District Commissioner To Fill a Vacancy,,Sherman Lundy,,113,37,76
Black Hawk,Elk Run Heights,Soil and Water Conservation District Commissioner To Fill a Vacancy,,Sherman Lundy,,148,32,116
Black Hawk,Evansdale Ward 1,Soil and Water Conservation District Commissioner To Fill a Vacancy,,Sherman Lundy,,101,27,74
Black Hawk,Evansdale Ward 2,Soil and Water Conservation District Commissioner To Fill a Vacancy,,Sherman Lundy,,108,31,77
Black Hawk,Evansdale Ward 3,Soil and Water Conservation District Commissioner To Fill a Vacancy,,Sherman Lundy,,129,27,102
Black Hawk,Evansdale Ward 4,Soil and Water Conservation District Commissioner To Fill a Vacancy,,Sherman Lundy,,111,31,80
Black Hawk,Hudson,Soil and Water Conservation District Commissioner To Fill a Vacancy,,Sherman Lundy,,278,99,179
Black Hawk,Mt. Vernon,Soil and Water Conservation District Commissioner To Fill a Vacancy,,Sherman Lundy,,109,52,57
Black Hawk,Poyner1/EWL/Raymond/Fox/Jesup,Soil and Water Conservation District Commissioner To Fill a Vacancy,,Sherman Lundy,,264,107,157
Black Hawk,Union/Washington/Janesville,Soil and Water Conservation District Commissioner To Fill a Vacancy,,Sherman Lundy,,222,87,135
Black Hawk,WL 1-1,Soil and Water Conservation District Commissioner To Fill a Vacancy,,Sherman Lundy,,125,59,66
Black Hawk,WL 1-2,Soil and Water Conservation District Commissioner To Fill a Vacancy,,Sherman Lundy,,183,96,87
Black Hawk,WL 1-3,Soil and Water Conservation District Commissioner To Fill a Vacancy,,Sherman Lundy,,159,56,103
Black Hawk,WL 1-4,Soil and Water Conservation District Commissioner To Fill a Vacancy,,Sherman Lundy,,262,125,137
Black Hawk,WL 1-5,Soil and Water Conservation District Commissioner To Fill a Vacancy,,Sherman Lundy,,150,60,90
Black Hawk,WL 1-6,Soil and Water Conservation District Commissioner To Fill a Vacancy,,Sherman Lundy,,317,157,160
Black Hawk,WL 2-1,Soil and Water Conservation District Commissioner To Fill a Vacancy,,Sherman Lundy,,272,144,128
Black Hawk,WL 2-2,Soil and Water Conservation District Commissioner To Fill a Vacancy,,Sherman Lundy,,131,60,71
Black Hawk,WL 2-3,Soil and Water Conservation District Commissioner To Fill a Vacancy,,Sherman Lundy,,172,63,109
Black Hawk,WL 2-4,Soil and Water Conservation District Commissioner To Fill a Vacancy,,Sherman Lundy,,165,77,88
Black Hawk,WL 2-5,Soil and Water Conservation District Commissioner To Fill a Vacancy,,Sherman Lundy,,154,70,84
Black Hawk,WL 2-6,Soil and Water Conservation District Commissioner To Fill a Vacancy,,Sherman Lundy,,135,55,80
Black Hawk,WL 3-1,Soil and Water Conservation District Commissioner To Fill a Vacancy,,Sherman Lundy,,211,103,108
Black Hawk,WL 3-2,Soil and Water Conservation District Commissioner To Fill a Vacancy,,Sherman Lundy,,167,67,100
Black Hawk,WL 3-3,Soil and Water Conservation District Commissioner To Fill a Vacancy,,Sherman Lundy,,147,52,95
Black Hawk,WL 3-4,Soil and Water Conservation District Commissioner To Fill a Vacancy,,Sherman Lundy,,134,45,89
Black Hawk,WL 3-5,Soil and Water Conservation District Commissioner To Fill a Vacancy,,Sherman Lundy,,222,69,153
Black Hawk,WL 3-6,Soil and Water Conservation District Commissioner To Fill a Vacancy,,Sherman Lundy,,132,58,74
Black Hawk,WL 4-1,Soil and Water Conservation District Commissioner To Fill a Vacancy,,Sherman Lundy,,158,65,93
Black Hawk,WL 4-2,Soil and Water Conservation District Commissioner To Fill a Vacancy,,Sherman Lundy,,97,45,52
Black Hawk,WL 4-3,Soil and Water Conservation District Commissioner To Fill a Vacancy,,Sherman Lundy,,115,47,68
Black Hawk,WL 4-4,Soil and Water Conservation District Commissioner To Fill a Vacancy,,Sherman Lundy,,141,47,94
Black Hawk,WL 4-5,Soil and Water Conservation District Commissioner To Fill a Vacancy,,Sherman Lundy,,88,38,50
Black Hawk,WL 4-6,Soil and Water Conservation District Commissioner To Fill a Vacancy,,Sherman Lundy,,141,52,89
Black Hawk,WL 5-1,Soil and Water Conservation District Commissioner To Fill a Vacancy,,Sherman Lundy,,75,25,50
Black Hawk,WL 5-2,Soil and Water Conservation District Commissioner To Fill a Vacancy,,Sherman Lundy,,161,41,120
Black Hawk,WL 5-3,Soil and Water Conservation District Commissioner To Fill a Vacancy,,Sherman Lundy,,148,56,92
Black Hawk,WL 5-4,Soil and Water Conservation District Commissioner To Fill a Vacancy,,Sherman Lundy,,179,77,102
Black Hawk,WL 5-5,Soil and Water Conservation District Commissioner To Fill a Vacancy,,Sherman Lundy,,278,119,159
Black Hawk,WL 5-6,Soil and Water Conservation District Commissioner To Fill a Vacancy,,Sherman Lundy,,197,105,92
Black Hawk,Barclay/Benn/Lester/Dunkerton,Soil and Water Conservation District Commissioner To Fill a Vacancy,,Write-In,,8,2,6
Black Hawk,Big Creek/Spring Creek/LPC,Soil and Water Conservation District Commissioner To Fill a Vacancy,,Write-In,,4,1,3
Black Hawk,Black Hawk/Cedar Falls/Lincoln,Soil and Water Conservation District Commissioner To Fill a Vacancy,,Write-In,,1,0,1
Black Hawk,CF 1-1,Soil and Water Conservation District Commissioner To Fill a Vacancy,,Write-In,,2,0,2
Black Hawk,CF 1-2,Soil and Water Conservation District Commissioner To Fill a Vacancy,,Write-In,,10,4,6
Black Hawk,CF 1-3,Soil and Water Conservation District Commissioner To Fill a Vacancy,,Write-In,,5,3,2
Black Hawk,CF 2-1,Soil and Water Conservation District Commissioner To Fill a Vacancy,,Write-In,,1,0,1
Black Hawk,CF 2-2,Soil and Water Conservation District Commissioner To Fill a Vacancy,,Write-In,,8,0,8
Black Hawk,CF 2-3,Soil and Water Conservation District Commissioner To Fill a Vacancy,,Write-In,,6,2,4
Black Hawk,CF 3-1,Soil and Water Conservation District Commissioner To Fill a Vacancy,,Write-In,,6,3,3
Black Hawk,CF 3-2,Soil and Water Conservation District Commissioner To Fill a Vacancy,,Write-In,,7,2,5
Black Hawk,CF 3-3,Soil and Water Conservation District Commissioner To Fill a Vacancy,,Write-In,,7,1,6
Black Hawk,CF 4-1,Soil and Water Conservation District Commissioner To Fill a Vacancy,,Write-In,,4,0,4
Black Hawk,CF 4-2,Soil and Water Conservation District Commissioner To Fill a Vacancy,,Write-In,,4,3,1
Black Hawk,CF 4-3,Soil and Water Conservation District Commissioner To Fill a Vacancy,,Write-In,,11,4,7
Black Hawk,CF 5-1,Soil and Water Conservation District Commissioner To Fill a Vacancy,,Write-In,,2,1,1
Black Hawk,CF 5-2,Soil and Water Conservation District Commissioner To Fill a Vacancy,,Write-In,,7,1,6
Black Hawk,CF 5-3,Soil and Water Conservation District Commissioner To Fill a Vacancy,,Write-In,,4,4,0
Black Hawk,Cedar/Poyner2/Gilbertville,Soil and Water Conservation District Commissioner To Fill a Vacancy,,Write-In,,8,1,7
Black Hawk,Eagle/Orange,Soil and Water Conservation District Commissioner To Fill a Vacancy,,Write-In,,1,0,1
Black Hawk,Elk Run Heights,Soil and Water Conservation District Commissioner To Fill a Vacancy,,Write-In,,4,0,4
Black Hawk,Evansdale Ward 1,Soil and Water Conservation District Commissioner To Fill a Vacancy,,Write-In,,3,1,2
Black Hawk,Evansdale Ward 2,Soil and Water Conservation District Commissioner To Fill a Vacancy,,Write-In,,1,0,1
Black Hawk,Evansdale Ward 3,Soil and Water Conservation District Commissioner To Fill a Vacancy,,Write-In,,1,1,0
Black Hawk,Evansdale Ward 4,Soil and Water Conservation District Commissioner To Fill a Vacancy,,Write-In,,2,0,2
Black Hawk,Hudson,Soil and Water Conservation District Commissioner To Fill a Vacancy,,Write-In,,4,1,3
Black Hawk,Mt. Vernon,Soil and Water Conservation District Commissioner To Fill a Vacancy,,Write-In,,4,1,3
Black Hawk,Poyner1/EWL/Raymond/Fox/Jesup,Soil and Water Conservation District Commissioner To Fill a Vacancy,,Write-In,,3,1,2
Black Hawk,Union/Washington/Janesville,Soil and Water Conservation District Commissioner To Fill a Vacancy,,Write-In,,4,1,3
Black Hawk,WL 1-1,Soil and Water Conservation District Commissioner To Fill a Vacancy,,Write-In,,0,0,0
Black Hawk,WL 1-2,Soil and Water Conservation District Commissioner To Fill a Vacancy,,Write-In,,6,3,3
Black Hawk,WL 1-3,Soil and Water Conservation District Commissioner To Fill a Vacancy,,Write-In,,7,2,5
Black Hawk,WL 1-4,Soil and Water Conservation District Commissioner To Fill a Vacancy,,Write-In,,6,2,4
Black Hawk,WL 1-5,Soil and Water Conservation District Commissioner To Fill a Vacancy,,Write-In,,1,1,0
Black Hawk,WL 1-6,Soil and Water Conservation District Commissioner To Fill a Vacancy,,Write-In,,11,6,5
Black Hawk,WL 2-1,Soil and Water Conservation District Commissioner To Fill a Vacancy,,Write-In,,3,1,2
Black Hawk,WL 2-2,Soil and Water Conservation District Commissioner To Fill a Vacancy,,Write-In,,4,2,2
Black Hawk,WL 2-3,Soil and Water Conservation District Commissioner To Fill a Vacancy,,Write-In,,3,1,2
Black Hawk,WL 2-4,Soil and Water Conservation District Commissioner To Fill a Vacancy,,Write-In,,5,2,3
Black Hawk,WL 2-5,Soil and Water Conservation District Commissioner To Fill a Vacancy,,Write-In,,4,3,1
Black Hawk,WL 2-6,Soil and Water Conservation District Commissioner To Fill a Vacancy,,Write-In,,5,1,4
Black Hawk,WL 3-1,Soil and Water Conservation District Commissioner To Fill a Vacancy,,Write-In,,1,0,1
Black Hawk,WL 3-2,Soil and Water Conservation District Commissioner To Fill a Vacancy,,Write-In,,3,0,3
Black Hawk,WL 3-3,Soil and Water Conservation District Commissioner To Fill a Vacancy,,Write-In,,3,0,3
Black Hawk,WL 3-4,Soil and Water Conservation District Commissioner To Fill a Vacancy,,Write-In,,3,1,2
Black Hawk,WL 3-5,Soil and Water Conservation District Commissioner To Fill a Vacancy,,Write-In,,4,2,2
Black Hawk,WL 3-6,Soil and Water Conservation District Commissioner To Fill a Vacancy,,Write-In,,1,0,1
Black Hawk,WL 4-1,Soil and Water Conservation District Commissioner To Fill a Vacancy,,Write-In,,2,0,2
Black Hawk,WL 4-2,Soil and Water Conservation District Commissioner To Fill a Vacancy,,Write-In,,3,0,3
Black Hawk,WL 4-3,Soil and Water Conservation District Commissioner To Fill a Vacancy,,Write-In,,0,0,0
Black Hawk,WL 4-4,Soil and Water Conservation District Commissioner To Fill a Vacancy,,Write-In,,3,2,1
Black Hawk,WL 4-5,Soil and Water Conservation District Commissioner To Fill a Vacancy,,Write-In,,5,2,3
Black Hawk,WL 4-6,Soil and Water Conservation District Commissioner To Fill a Vacancy,,Write-In,,2,1,1
Black Hawk,WL 5-1,Soil and Water Conservation District Commissioner To Fill a Vacancy,,Write-In,,1,1,0
Black Hawk,WL 5-2,Soil and Water Conservation District Commissioner To Fill a Vacancy,,Write-In,,3,0,3
Black Hawk,WL 5-3,Soil and Water Conservation District Commissioner To Fill a Vacancy,,Write-In,,2,0,2
Black Hawk,WL 5-4,Soil and Water Conservation District Commissioner To Fill a Vacancy,,Write-In,,2,1,1
Black Hawk,WL 5-5,Soil and Water Conservation District Commissioner To Fill a Vacancy,,Write-In,,5,3,2
Black Hawk,WL 5-6,Soil and Water Conservation District Commissioner To Fill a Vacancy,,Write-In,,5,3,2
Black Hawk,Big Creek/Spring Creek/LPC,Spring Creek Township Trustee,,Charles Weber,,168,51,117
Black Hawk,Big Creek/Spring Creek/LPC,Spring Creek Township Trustee,,Lelann Sommerfelt,,6,0,6
Black Hawk,Big Creek/Spring Creek/LPC,Spring Creek Township Trustee,,Write-In,,3,1,2
Black Hawk,Black Hawk/Cedar Falls/Lincoln,State House,54,Joshua Meggers,REP,531,203,328
Black Hawk,CF 2-3,State House,54,Joshua Meggers,REP,0,0,0
Black Hawk,Union/Washington/Janesville,State House,54,Joshua Meggers,REP,797,245,552
Black Hawk,Black Hawk/Cedar Falls/Lincoln,State House,54,Write-In,,8,5,3
Black Hawk,CF 2-3,State House,54,Write-In,,0,0,0
Black Hawk,Union/Washington/Janesville,State House,54,Write-In,,14,8,6
Black Hawk,WL 1-4,State House,61,Timi Brown-Powers,DEM,936,436,500
Black Hawk,WL 1-5,State House,61,Timi Brown-Powers,DEM,525,219,306
Black Hawk,WL 2-1,State House,61,Timi Brown-Powers,DEM,939,528,411
Black Hawk,WL 2-2,State House,61,Timi Brown-Powers,DEM,598,255,343
Black Hawk,WL 2-3,State House,61,Timi Brown-Powers,DEM,695,284,411
Black Hawk,WL 2-4,State House,61,Timi Brown-Powers,DEM,652,317,335
Black Hawk,WL 2-5,State House,61,Timi Brown-Powers,DEM,573,260,313
Black Hawk,WL 2-6,State House,61,Timi Brown-Powers,DEM,451,201,250
Black Hawk,WL 4-4,State House,61,Timi Brown-Powers,DEM,471,181,290
Black Hawk,WL 4-6,State House,61,Timi Brown-Powers,DEM,519,197,322
Black Hawk,WL 5-3,State House,61,Timi Brown-Powers,DEM,544,217,327
Black Hawk,WL 5-4,State House,61,Timi Brown-Powers,DEM,705,330,375
Black Hawk,WL 5-5,State House,61,Timi Brown-Powers,DEM,926,378,548
Black Hawk,WL 5-6,State House,61,Timi Brown-Powers,DEM,696,381,315
Black Hawk,WL 1-4,State House,61,Write-In,,28,6,22
Black Hawk,WL 1-5,State House,61,Write-In,,10,4,6
Black Hawk,WL 2-1,State House,61,Write-In,,19,5,14
Black Hawk,WL 2-2,State House,61,Write-In,,17,6,11
Black Hawk,WL 2-3,State House,61,Write-In,,14,4,10
Black Hawk,WL 2-4,State House,61,Write-In,,16,6,10
Black Hawk,WL 2-5,State House,61,Write-In,,10,3,7
Black Hawk,WL 2-6,State House,61,Write-In,,13,3,10
Black Hawk,WL 4-4,State House,61,Write-In,,13,2,11
Black Hawk,WL 4-6,State House,61,Write-In,,15,6,9
Black Hawk,WL 5-3,State House,61,Write-In,,10,2,8
Black Hawk,WL 5-4,State House,61,Write-In,,13,4,9
Black Hawk,WL 5-5,State House,61,Write-In,,23,12,11
Black Hawk,WL 5-6,State House,61,Write-In,,14,5,9
Black Hawk,WL 1-1,State House,62,Ervin Sabic,LIB,188,72,116
Black Hawk,WL 1-2,State House,62,Ervin Sabic,LIB,253,92,161
Black Hawk,WL 1-3,State House,62,Ervin Sabic,LIB,191,63,128
Black Hawk,WL 3-1,State House,62,Ervin Sabic,LIB,249,92,157
Black Hawk,WL 3-2,State House,62,Ervin Sabic,LIB,171,56,115
Black Hawk,WL 3-3,State House,62,Ervin Sabic,LIB,130,35,95
Black Hawk,WL 3-4,State House,62,Ervin Sabic,LIB,110,31,79
Black Hawk,WL 3-5,State House,62,Ervin Sabic,LIB,283,58,225
Black Hawk,WL 3-6,State House,62,Ervin Sabic,LIB,113,40,73
Black Hawk,WL 4-1,State House,62,Ervin Sabic,LIB,99,30,69
Black Hawk,WL 4-2,State House,62,Ervin Sabic,LIB,80,36,44
Black Hawk,WL 4-3,State House,62,Ervin Sabic,LIB,43,15,28
Black Hawk,WL 4-5,State House,62,Ervin Sabic,LIB,72,30,42
Black Hawk,WL 5-1,State House,62,Ervin Sabic,LIB,77,26,51
Black Hawk,WL 5-2,State House,62,Ervin Sabic,LIB,214,53,161
Black Hawk,WL 1-1,State House,62,Jerome Amos Jr,DEM,407,206,201
Black Hawk,WL 1-2,State House,62,Jerome Amos Jr,DEM,624,330,294
Black Hawk,WL 1-3,State House,62,Jerome Amos Jr,DEM,511,193,318
Black Hawk,WL 3-1,State House,62,Jerome Amos Jr,DEM,610,348,262
Black Hawk,WL 3-2,State House,62,Jerome Amos Jr,DEM,458,210,248
Black Hawk,WL 3-3,State House,62,Jerome Amos Jr,DEM,531,203,328
Black Hawk,WL 3-4,State House,62,Jerome Amos Jr,DEM,448,167,281
Black Hawk,WL 3-5,State House,62,Jerome Amos Jr,DEM,607,217,390
Black Hawk,WL 3-6,State House,62,Jerome Amos Jr,DEM,361,182,179
Black Hawk,WL 4-1,State House,62,Jerome Amos Jr,DEM,622,272,350
Black Hawk,WL 4-2,State House,62,Jerome Amos Jr,DEM,446,234,212
Black Hawk,WL 4-3,State House,62,Jerome Amos Jr,DEM,439,213,226
Black Hawk,WL 4-5,State House,62,Jerome Amos Jr,DEM,326,142,184
Black Hawk,WL 5-1,State House,62,Jerome Amos Jr,DEM,217,91,126
Black Hawk,WL 5-2,State House,62,Jerome Amos Jr,DEM,528,183,345
Black Hawk,WL 1-1,State House,62,Write-In,,4,2,2
Black Hawk,WL 1-2,State House,62,Write-In,,7,2,5
Black Hawk,WL 1-3,State House,62,Write-In,,5,0,5
Black Hawk,WL 3-1,State House,62,Write-In,,2,1,1
Black Hawk,WL 3-2,State House,62,Write-In,,6,3,3
Black Hawk,WL 3-3,State House,62,Write-In,,7,2,5
Black Hawk,WL 3-4,State House,62,Write-In,,8,3,5
Black Hawk,WL 3-5,State House,62,Write-In,,9,2,7
Black Hawk,WL 3-6,State House,62,Write-In,,3,0,3
Black Hawk,WL 4-1,State House,62,Write-In,,2,1,1
Black Hawk,WL 4-2,State House,62,Write-In,,5,2,3
Black Hawk,WL 4-3,State House,62,Write-In,,1,1,0
Black Hawk,WL 4-5,State House,62,Write-In,,2,1,1
Black Hawk,WL 5-1,State House,62,Write-In,,3,2,1
Black Hawk,WL 5-2,State House,62,Write-In,,3,1,2
Black Hawk,Barclay/Benn/Lester/Dunkerton,State House,68,Chad Ingels,REP,923,193,730
Black Hawk,Mt. Vernon,State House,68,Chad Ingels,REP,383,146,237
Black Hawk,Poyner1/EWL/Raymond/Fox/Jesup,State House,68,Chad Ingels,REP,849,272,577
Black Hawk,Barclay/Benn/Lester/Dunkerton,State House,68,Tim O'Brien,DEM,386,138,248
Black Hawk,Mt. Vernon,State House,68,Tim O'Brien,DEM,209,115,94
Black Hawk,Poyner1/EWL/Raymond/Fox/Jesup,State House,68,Tim O'Brien,DEM,492,229,263
Black Hawk,Barclay/Benn/Lester/Dunkerton,State House,68,Write-In,,0,0,0
Black Hawk,Mt. Vernon,State House,68,Write-In,,1,0,1
Black Hawk,Poyner1/EWL/Raymond/Fox/Jesup,State House,68,Write-In,,1,0,1
Black Hawk,CF 1-1,State House,75,Bob Kressig,DEM,606,179,427
Black Hawk,CF 1-2,State House,75,Bob Kressig,DEM,1237,486,751
Black Hawk,CF 1-3,State House,75,Bob Kressig,DEM,1011,433,578
Black Hawk,CF 2-1,State House,75,Bob Kressig,DEM,426,130,296
Black Hawk,CF 3-1,State House,75,Bob Kressig,DEM,1031,444,587
Black Hawk,CF 3-2,State House,75,Bob Kressig,DEM,1076,511,565
Black Hawk,CF 3-3,State House,75,Bob Kressig,DEM,1024,385,639
Black Hawk,CF 4-1,State House,75,Bob Kressig,DEM,824,222,602
Black Hawk,CF 4-2,State House,75,Bob Kressig,DEM,1017,407,610
Black Hawk,CF 4-3,State House,75,Bob Kressig,DEM,1007,432,575
Black Hawk,CF 5-1,State House,75,Bob Kressig,DEM,1192,500,692
Black Hawk,CF 5-2,State House,75,Bob Kressig,DEM,1078,473,605
Black Hawk,CF 1-1,State House,75,Write-In,,10,3,7
Black Hawk,CF 1-2,State House,75,Write-In,,28,7,21
Black Hawk,CF 1-3,State House,75,Write-In,,21,9,12
Black Hawk,CF 2-1,State House,75,Write-In,,4,1,3
Black Hawk,CF 3-1,State House,75,Write-In,,34,13,21
Black Hawk,CF 3-2,State House,75,Write-In,,28,8,20
Black Hawk,CF 3-3,State House,75,Write-In,,25,7,18
Black Hawk,CF 4-1,State House,75,Write-In,,19,6,13
Black Hawk,CF 4-2,State House,75,Write-In,,24,8,16
Black Hawk,CF 4-3,State House,75,Write-In,,26,6,20
Black Hawk,CF 5-1,State House,75,Write-In,,24,6,18
Black Hawk,CF 5-2,State House,75,Write-In,,28,9,19
Black Hawk,Big Creek/Spring Creek/LPC,State House,76,Derek Wulf,REP,1021,268,753
Black Hawk,CF 2-2,State House,76,Derek Wulf,REP,706,224,482
Black Hawk,CF 2-3,State House,76,Derek Wulf,REP,799,262,537
Black Hawk,CF 5-3,State House,76,Derek Wulf,REP,908,542,366
Black Hawk,Cedar/Poyner2/Gilbertville,State House,76,Derek Wulf,REP,900,250,650
Black Hawk,Eagle/Orange,State House,76,Derek Wulf,REP,390,120,270
Black Hawk,Elk Run Heights,State House,76,Derek Wulf,REP,343,61,282
Black Hawk,Evansdale Ward 1,State House,76,Derek Wulf,REP,273,53,220
Black Hawk,Evansdale Ward 2,State House,76,Derek Wulf,REP,275,71,204
Black Hawk,Evansdale Ward 3,State House,76,Derek Wulf,REP,290,57,233
Black Hawk,Evansdale Ward 4,State House,76,Derek Wulf,REP,309,82,227
Black Hawk,Hudson,State House,76,Derek Wulf,REP,1055,269,786
Black Hawk,WL 1-6,State House,76,Derek Wulf,REP,1044,523,521
Black Hawk,Big Creek/Spring Creek/LPC,State House,76,Jarred Johnston,DEM,532,192,340
Black Hawk,CF 2-2,State House,76,Jarred Johnston,DEM,755,323,432
Black Hawk,CF 2-3,State House,76,Jarred Johnston,DEM,722,296,426
Black Hawk,CF 5-3,State House,76,Jarred Johnston,DEM,864,571,293
Black Hawk,Cedar/Poyner2/Gilbertville,State House,76,Jarred Johnston,DEM,571,274,297
Black Hawk,Eagle/Orange,State House,76,Jarred Johnston,DEM,139,82,57
Black Hawk,Elk Run Heights,State House,76,Jarred Johnston,DEM,238,74,164
Black Hawk,Evansdale Ward 1,State House,76,Jarred Johnston,DEM,235,93,142
Black Hawk,Evansdale Ward 2,State House,76,Jarred Johnston,DEM,214,77,137
Black Hawk,Evansdale Ward 3,State House,76,Jarred Johnston,DEM,231,75,156
Black Hawk,Evansdale Ward 4,State House,76,Jarred Johnston,DEM,200,68,132
Black Hawk,Hudson,State House,76,Jarred Johnston,DEM,532,226,306
Black Hawk,WL 1-6,State House,76,Jarred Johnston,DEM,753,433,320
Black Hawk,Big Creek/Spring Creek/LPC,State House,76,Write-In,,0,0,0
Black Hawk,CF 2-2,State House,76,Write-In,,5,0,5
Black Hawk,CF 2-3,State House,76,Write-In,,1,1,0
Black Hawk,CF 5-3,State House,76,Write-In,,2,2,0
Black Hawk,Cedar/Poyner2/Gilbertville,State House,76,Write-In,,3,1,2
Black Hawk,Eagle/Orange,State House,76,Write-In,,0,0,0
Black Hawk,Elk Run Heights,State House,76,Write-In,,0,0,0
Black Hawk,Evansdale Ward 1,State House,76,Write-In,,0,0,0
Black Hawk,Evansdale Ward 2,State House,76,Write-In,,0,0,0
Black Hawk,Evansdale Ward 3,State House,76,Write-In,,1,0,1
Black Hawk,Evansdale Ward 4,State House,76,Write-In,,0,0,0
Black Hawk,Hudson,State House,76,Write-In,,2,1,1
Black Hawk,WL 1-6,State House,76,Write-In,,2,2,0
Black Hawk,Barclay/Benn/Lester/Dunkerton,State Senate,34,Dan Zumbach,REP,948,201,747
Black Hawk,Mt. Vernon,State Senate,34,Dan Zumbach,REP,384,143,241
Black Hawk,Poyner1/EWL/Raymond/Fox/Jesup,State Senate,34,Dan Zumbach,REP,881,278,603
Black Hawk,Barclay/Benn/Lester/Dunkerton,State Senate,34,Joe Hegland,DEM,370,132,238
Black Hawk,Mt. Vernon,State Senate,34,Joe Hegland,DEM,210,119,91
Black Hawk,Poyner1/EWL/Raymond/Fox/Jesup,State Senate,34,Joe Hegland,DEM,469,227,242
Black Hawk,Barclay/Benn/Lester/Dunkerton,State Senate,34,Write-In,,1,0,1
Black Hawk,Mt. Vernon,State Senate,34,Write-In,,2,1,1
Black Hawk,Poyner1/EWL/Raymond/Fox/Jesup,State Senate,34,Write-In,,2,0,2
Black Hawk,Big Creek/Spring Creek/LPC,State Senate,38,Dave Sires,REP,984,260,724
Black Hawk,CF 1-1,State Senate,38,Dave Sires,REP,525,100,425
Black Hawk,CF 1-2,State Senate,38,Dave Sires,REP,682,211,471
Black Hawk,CF 1-3,State Senate,38,Dave Sires,REP,462,160,302
Black Hawk,CF 2-1,State Senate,38,Dave Sires,REP,186,45,141
Black Hawk,CF 2-2,State Senate,38,Dave Sires,REP,690,211,479
Black Hawk,CF 2-3,State Senate,38,Dave Sires,REP,760,231,529
Black Hawk,CF 3-1,State Senate,38,Dave Sires,REP,791,316,475
Black Hawk,CF 3-2,State Senate,38,Dave Sires,REP,754,298,456
Black Hawk,CF 3-3,State Senate,38,Dave Sires,REP,787,279,508
Black Hawk,CF 4-1,State Senate,38,Dave Sires,REP,381,102,279
Black Hawk,CF 4-2,State Senate,38,Dave Sires,REP,584,200,384
Black Hawk,CF 4-3,State Senate,38,Dave Sires,REP,625,211,414
Black Hawk,CF 5-1,State Senate,38,Dave Sires,REP,699,247,452
Black Hawk,CF 5-2,State Senate,38,Dave Sires,REP,764,284,480
Black Hawk,CF 5-3,State Senate,38,Dave Sires,REP,881,539,342
Black Hawk,Cedar/Poyner2/Gilbertville,State Senate,38,Dave Sires,REP,918,253,665
Black Hawk,Eagle/Orange,State Senate,38,Dave Sires,REP,371,122,249
Black Hawk,Elk Run Heights,State Senate,38,Dave Sires,REP,336,59,277
Black Hawk,Evansdale Ward 1,State Senate,38,Dave Sires,REP,274,56,218
Black Hawk,Evansdale Ward 2,State Senate,38,Dave Sires,REP,264,66,198
Black Hawk,Evansdale Ward 3,State Senate,38,Dave Sires,REP,302,57,245
Black Hawk,Evansdale Ward 4,State Senate,38,Dave Sires,REP,299,76,223
Black Hawk,Hudson,State Senate,38,Dave Sires,REP,956,250,706
Black Hawk,WL 1-6,State Senate,38,Dave Sires,REP,1028,525,503
Black Hawk,Big Creek/Spring Creek/LPC,State Senate,38,Eric Giddens,DEM,601,206,395
Black Hawk,CF 1-1,State Senate,38,Eric Giddens,DEM,452,142,310
Black Hawk,CF 1-2,State Senate,38,Eric Giddens,DEM,999,420,579
Black Hawk,CF 1-3,State Senate,38,Eric Giddens,DEM,879,375,504
Black Hawk,CF 2-1,State Senate,38,Eric Giddens,DEM,405,116,289
Black Hawk,CF 2-2,State Senate,38,Eric Giddens,DEM,845,369,476
Black Hawk,CF 2-3,State Senate,38,Eric Giddens,DEM,815,344,471
Black Hawk,CF 3-1,State Senate,38,Eric Giddens,DEM,786,350,436
Black Hawk,CF 3-2,State Senate,38,Eric Giddens,DEM,816,422,394
Black Hawk,CF 3-3,State Senate,38,Eric Giddens,DEM,726,289,437
Black Hawk,CF 4-1,State Senate,38,Eric Giddens,DEM,682,195,487
Black Hawk,CF 4-2,State Senate,38,Eric Giddens,DEM,825,343,482
Black Hawk,CF 4-3,State Senate,38,Eric Giddens,DEM,779,357,422
Black Hawk,CF 5-1,State Senate,38,Eric Giddens,DEM,927,407,520
Black Hawk,CF 5-2,State Senate,38,Eric Giddens,DEM,856,393,463
Black Hawk,CF 5-3,State Senate,38,Eric Giddens,DEM,991,642,349
Black Hawk,Cedar/Poyner2/Gilbertville,State Senate,38,Eric Giddens,DEM,639,300,339
Black Hawk,Eagle/Orange,State Senate,38,Eric Giddens,DEM,168,87,81
Black Hawk,Elk Run Heights,State Senate,38,Eric Giddens,DEM,272,78,194
Black Hawk,Evansdale Ward 1,State Senate,38,Eric Giddens,DEM,248,93,155
Black Hawk,Evansdale Ward 2,State Senate,38,Eric Giddens,DEM,244,83,161
Black Hawk,Evansdale Ward 3,State Senate,38,Eric Giddens,DEM,245,80,165
Black Hawk,Evansdale Ward 4,State Senate,38,Eric Giddens,DEM,233,78,155
Black Hawk,Hudson,State Senate,38,Eric Giddens,DEM,669,254,415
Black Hawk,WL 1-6,State Senate,38,Eric Giddens,DEM,825,461,364
Black Hawk,Big Creek/Spring Creek/LPC,State Senate,38,Write-In,,0,0,0
Black Hawk,CF 1-1,State Senate,38,Write-In,,3,2,1
Black Hawk,CF 1-2,State Senate,38,Write-In,,0,0,0
Black Hawk,CF 1-3,State Senate,38,Write-In,,0,0,0
Black Hawk,CF 2-1,State Senate,38,Write-In,,3,2,1
Black Hawk,CF 2-2,State Senate,38,Write-In,,4,0,4
Black Hawk,CF 2-3,State Senate,38,Write-In,,2,2,0
Black Hawk,CF 3-1,State Senate,38,Write-In,,2,1,1
Black Hawk,CF 3-2,State Senate,38,Write-In,,1,0,1
Black Hawk,CF 3-3,State Senate,38,Write-In,,0,0,0
Black Hawk,CF 4-1,State Senate,38,Write-In,,4,1,3
Black Hawk,CF 4-2,State Senate,38,Write-In,,2,1,1
Black Hawk,CF 4-3,State Senate,38,Write-In,,4,0,4
Black Hawk,CF 5-1,State Senate,38,Write-In,,1,0,1
Black Hawk,CF 5-2,State Senate,38,Write-In,,0,0,0
Black Hawk,CF 5-3,State Senate,38,Write-In,,0,0,0
Black Hawk,Cedar/Poyner2/Gilbertville,State Senate,38,Write-In,,0,0,0
Black Hawk,Eagle/Orange,State Senate,38,Write-In,,0,0,0
Black Hawk,Elk Run Heights,State Senate,38,Write-In,,0,0,0
Black Hawk,Evansdale Ward 1,State Senate,38,Write-In,,0,0,0
Black Hawk,Evansdale Ward 2,State Senate,38,Write-In,,0,0,0
Black Hawk,Evansdale Ward 3,State Senate,38,Write-In,,1,1,0
Black Hawk,Evansdale Ward 4,State Senate,38,Write-In,,1,0,1
Black Hawk,Hudson,State Senate,38,Write-In,,1,0,1
Black Hawk,WL 1-6,State Senate,38,Write-In,,2,2,0
Black Hawk,Barclay/Benn/Lester/Dunkerton,Supreme Court Justice - David May,,No,,326,95,231
Black Hawk,Big Creek/Spring Creek/LPC,Supreme Court Justice - David May,,No,,409,120,289
Black Hawk,Black Hawk/Cedar Falls/Lincoln,Supreme Court Justice - David May,,No,,143,55,88
Black Hawk,CF 1-1,Supreme Court Justice - David May,,No,,260,73,187
Black Hawk,CF 1-2,Supreme Court Justice - David May,,No,,571,240,331
Black Hawk,CF 1-3,Supreme Court Justice - David May,,No,,492,206,286
Black Hawk,CF 2-1,Supreme Court Justice - David May,,No,,180,47,133
Black Hawk,CF 2-2,Supreme Court Justice - David May,,No,,412,167,245
Black Hawk,CF 2-3,Supreme Court Justice - David May,,No,,454,189,265
Black Hawk,CF 3-1,Supreme Court Justice - David May,,No,,453,199,254
Black Hawk,CF 3-2,Supreme Court Justice - David May,,No,,418,222,196
Black Hawk,CF 3-3,Supreme Court Justice - David May,,No,,373,144,229
Black Hawk,CF 4-1,Supreme Court Justice - David May,,No,,380,90,290
Black Hawk,CF 4-2,Supreme Court Justice - David May,,No,,486,210,276
Black Hawk,CF 4-3,Supreme Court Justice - David May,,No,,423,198,225
Black Hawk,CF 5-1,Supreme Court Justice - David May,,No,,487,195,292
Black Hawk,CF 5-2,Supreme Court Justice - David May,,No,,410,184,226
Black Hawk,CF 5-3,Supreme Court Justice - David May,,No,,399,248,151
Black Hawk,Cedar/Poyner2/Gilbertville,Supreme Court Justice - David May,,No,,385,142,243
Black Hawk,Eagle/Orange,Supreme Court Justice - David May,,No,,128,62,66
Black Hawk,Elk Run Heights,Supreme Court Justice - David May,,No,,144,38,106
Black Hawk,Evansdale Ward 1,Supreme Court Justice - David May,,No,,130,40,90
Black Hawk,Evansdale Ward 2,Supreme Court Justice - David May,,No,,124,32,92
Black Hawk,Evansdale Ward 3,Supreme Court Justice - David May,,No,,128,36,92
Black Hawk,Evansdale Ward 4,Supreme Court Justice - David May,,No,,129,46,83
Black Hawk,Hudson,Supreme Court Justice - David May,,No,,356,139,217
Black Hawk,Mt. Vernon,Supreme Court Justice - David May,,No,,132,65,67
Black Hawk,Poyner1/EWL/Raymond/Fox/Jesup,Supreme Court Justice - David May,,No,,359,161,198
Black Hawk,Union/Washington/Janesville,Supreme Court Justice - David May,,No,,244,109,135
Black Hawk,WL 1-1,Supreme Court Justice - David May,,No,,211,112,99
Black Hawk,WL 1-2,Supreme Court Justice - David May,,No,,337,177,160
Black Hawk,WL 1-3,Supreme Court Justice - David May,,No,,281,89,192
Black Hawk,WL 1-4,Supreme Court Justice - David May,,No,,379,181,198
Black Hawk,WL 1-5,Supreme Court Justice - David May,,No,,220,87,133
Black Hawk,WL 1-6,Supreme Court Justice - David May,,No,,492,261,231
Black Hawk,WL 2-1,Supreme Court Justice - David May,,No,,336,172,164
Black Hawk,WL 2-2,Supreme Court Justice - David May,,No,,223,94,129
Black Hawk,WL 2-3,Supreme Court Justice - David May,,No,,281,119,162
Black Hawk,WL 2-4,Supreme Court Justice - David May,,No,,245,112,133
Black Hawk,WL 2-5,Supreme Court Justice - David May,,No,,248,108,140
Black Hawk,WL 2-6,Supreme Court Justice - David May,,No,,168,67,101
Black Hawk,WL 3-1,Supreme Court Justice - David May,,No,,322,167,155
Black Hawk,WL 3-2,Supreme Court Justice - David May,,No,,209,82,127
Black Hawk,WL 3-3,Supreme Court Justice - David May,,No,,212,75,137
Black Hawk,WL 3-4,Supreme Court Justice - David May,,No,,216,74,142
Black Hawk,WL 3-5,Supreme Court Justice - David May,,No,,354,115,239
Black Hawk,WL 3-6,Supreme Court Justice - David May,,No,,176,75,101
Black Hawk,WL 4-1,Supreme Court Justice - David May,,No,,239,87,152
Black Hawk,WL 4-2,Supreme Court Justice - David May,,No,,201,98,103
Black Hawk,WL 4-3,Supreme Court Justice - David May,,No,,152,64,88
Black Hawk,WL 4-4,Supreme Court Justice - David May,,No,,201,75,126
Black Hawk,WL 4-5,Supreme Court Justice - David May,,No,,146,67,79
Black Hawk,WL 4-6,Supreme Court Justice - David May,,No,,211,83,128
Black Hawk,WL 5-1,Supreme Court Justice - David May,,No,,98,39,59
Black Hawk,WL 5-2,Supreme Court Justice - David May,,No,,283,87,196
Black Hawk,WL 5-3,Supreme Court Justice - David May,,No,,238,90,148
Black Hawk,WL 5-4,Supreme Court Justice - David May,,No,,287,132,155
Black Hawk,WL 5-5,Supreme Court Justice - David May,,No,,415,203,212
Black Hawk,WL 5-6,Supreme Court Justice - David May,,No,,256,130,126
Black Hawk,Barclay/Benn/Lester/Dunkerton,Supreme Court Justice - David May,,Yes,,715,166,549
Black Hawk,Big Creek/Spring Creek/LPC,Supreme Court Justice - David May,,Yes,,820,224,596
Black Hawk,Black Hawk/Cedar Falls/Lincoln,Supreme Court Justice - David May,,Yes,,359,150,209
Black Hawk,CF 1-1,Supreme Court Justice - David May,,Yes,,413,120,293
Black Hawk,CF 1-2,Supreme Court Justice - David May,,Yes,,752,267,485
Black Hawk,CF 1-3,Supreme Court Justice - David May,,Yes,,454,214,240
Black Hawk,CF 2-1,Supreme Court Justice - David May,,Yes,,170,59,111
Black Hawk,CF 2-2,Supreme Court Justice - David May,,Yes,,726,261,465
Black Hawk,CF 2-3,Supreme Court Justice - David May,,Yes,,786,267,519
Black Hawk,CF 3-1,Supreme Court Justice - David May,,Yes,,743,304,439
Black Hawk,CF 3-2,Supreme Court Justice - David May,,Yes,,779,341,438
Black Hawk,CF 3-3,Supreme Court Justice - David May,,Yes,,722,257,465
Black Hawk,CF 4-1,Supreme Court Justice - David May,,Yes,,409,132,277
Black Hawk,CF 4-2,Supreme Court Justice - David May,,Yes,,578,203,375
Black Hawk,CF 4-3,Supreme Court Justice - David May,,Yes,,654,255,399
Black Hawk,CF 5-1,Supreme Court Justice - David May,,Yes,,777,307,470
Black Hawk,CF 5-2,Supreme Court Justice - David May,,Yes,,793,334,459
Black Hawk,CF 5-3,Supreme Court Justice - David May,,Yes,,1035,643,392
Black Hawk,Cedar/Poyner2/Gilbertville,Supreme Court Justice - David May,,Yes,,754,275,479
Black Hawk,Eagle/Orange,Supreme Court Justice - David May,,Yes,,271,85,186
Black Hawk,Elk Run Heights,Supreme Court Justice - David May,,Yes,,304,65,239
Black Hawk,Evansdale Ward 1,Supreme Court Justice - David May,,Yes,,307,89,218
Black Hawk,Evansdale Ward 2,Supreme Court Justice - David May,,Yes,,255,86,169
Black Hawk,Evansdale Ward 3,Supreme Court Justice - David May,,Yes,,305,73,232
Black Hawk,Evansdale Ward 4,Supreme Court Justice - David May,,Yes,,265,73,192
Black Hawk,Hudson,Supreme Court Justice - David May,,Yes,,883,254,629
Black Hawk,Mt. Vernon,Supreme Court Justice - David May,,Yes,,325,129,196
Black Hawk,Poyner1/EWL/Raymond/Fox/Jesup,Supreme Court Justice - David May,,Yes,,732,241,491
Black Hawk,Union/Washington/Janesville,Supreme Court Justice - David May,,Yes,,569,185,384
Black Hawk,WL 1-1,Supreme Court Justice - David May,,Yes,,395,177,218
Black Hawk,WL 1-2,Supreme Court Justice - David May,,Yes,,513,237,276
Black Hawk,WL 1-3,Supreme Court Justice - David May,,Yes,,372,138,234
Black Hawk,WL 1-4,Supreme Court Justice - David May,,Yes,,727,317,410
Black Hawk,WL 1-5,Supreme Court Justice - David May,,Yes,,398,158,240
Black Hawk,WL 1-6,Supreme Court Justice - David May,,Yes,,956,506,450
Black Hawk,WL 2-1,Supreme Court Justice - David May,,Yes,,804,445,359
Black Hawk,WL 2-2,Supreme Court Justice - David May,,Yes,,426,183,243
Black Hawk,WL 2-3,Supreme Court Justice - David May,,Yes,,491,191,300
Black Hawk,WL 2-4,Supreme Court Justice - David May,,Yes,,495,236,259
Black Hawk,WL 2-5,Supreme Court Justice - David May,,Yes,,431,198,233
Black Hawk,WL 2-6,Supreme Court Justice - David May,,Yes,,412,169,243
Black Hawk,WL 3-1,Supreme Court Justice - David May,,Yes,,528,266,262
Black Hawk,WL 3-2,Supreme Court Justice - David May,,Yes,,377,163,214
Black Hawk,WL 3-3,Supreme Court Justice - David May,,Yes,,395,146,249
Black Hawk,WL 3-4,Supreme Court Justice - David May,,Yes,,299,103,196
Black Hawk,WL 3-5,Supreme Court Justice - David May,,Yes,,525,151,374
Black Hawk,WL 3-6,Supreme Court Justice - David May,,Yes,,269,136,133
Black Hawk,WL 4-1,Supreme Court Justice - David May,,Yes,,407,177,230
Black Hawk,WL 4-2,Supreme Court Justice - David May,,Yes,,292,159,133
Black Hawk,WL 4-3,Supreme Court Justice - David May,,Yes,,246,118,128
Black Hawk,WL 4-4,Supreme Court Justice - David May,,Yes,,355,133,222
Black Hawk,WL 4-5,Supreme Court Justice - David May,,Yes,,218,93,125
Black Hawk,WL 4-6,Supreme Court Justice - David May,,Yes,,376,133,243
Black Hawk,WL 5-1,Supreme Court Justice - David May,,Yes,,175,69,106
Black Hawk,WL 5-2,Supreme Court Justice - David May,,Yes,,419,130,289
Black Hawk,WL 5-3,Supreme Court Justice - David May,,Yes,,331,131,200
Black Hawk,WL 5-4,Supreme Court Justice - David May,,Yes,,489,229,260
Black Hawk,WL 5-5,Supreme Court Justice - David May,,Yes,,647,243,404
Black Hawk,WL 5-6,Supreme Court Justice - David May,,Yes,,541,284,257
Black Hawk,Barclay/Benn/Lester/Dunkerton,U.S. House,2,Ashley Hinson,REP,951,201,750
Black Hawk,Big Creek/Spring Creek/LPC,U.S. House,2,Ashley Hinson,REP,1059,273,786
Black Hawk,Black Hawk/Cedar Falls/Lincoln,U.S. House,2,Ashley Hinson,REP,439,162,277
Black Hawk,CF 1-1,U.S. House,2,Ashley Hinson,REP,529,106,423
Black Hawk,CF 1-2,U.S. House,2,Ashley Hinson,REP,721,222,499
Black Hawk,CF 1-3,U.S. House,2,Ashley Hinson,REP,483,168,315
Black Hawk,CF 2-1,U.S. House,2,Ashley Hinson,REP,188,47,141
Black Hawk,CF 2-2,U.S. House,2,Ashley Hinson,REP,751,238,513
Black Hawk,CF 2-3,U.S. House,2,Ashley Hinson,REP,835,271,564
Black Hawk,CF 3-1,U.S. House,2,Ashley Hinson,REP,861,342,519
Black Hawk,CF 3-2,U.S. House,2,Ashley Hinson,REP,832,335,497
Black Hawk,CF 3-3,U.S. House,2,Ashley Hinson,REP,833,300,533
Black Hawk,CF 4-1,U.S. House,2,Ashley Hinson,REP,397,99,298
Black Hawk,CF 4-2,U.S. House,2,Ashley Hinson,REP,623,216,407
Black Hawk,CF 4-3,U.S. House,2,Ashley Hinson,REP,683,231,452
Black Hawk,CF 5-1,U.S. House,2,Ashley Hinson,REP,764,277,487
Black Hawk,CF 5-2,U.S. House,2,Ashley Hinson,REP,862,314,548
Black Hawk,CF 5-3,U.S. House,2,Ashley Hinson,REP,990,602,388
Black Hawk,Cedar/Poyner2/Gilbertville,U.S. House,2,Ashley Hinson,REP,987,273,714
Black Hawk,Eagle/Orange,U.S. House,2,Ashley Hinson,REP,396,127,269
Black Hawk,Elk Run Heights,U.S. House,2,Ashley Hinson,REP,366,64,302
Black Hawk,Evansdale Ward 1,U.S. House,2,Ashley Hinson,REP,296,63,233
Black Hawk,Evansdale Ward 2,U.S. House,2,Ashley Hinson,REP,296,74,222
Black Hawk,Evansdale Ward 3,U.S. House,2,Ashley Hinson,REP,319,61,258
Black Hawk,Evansdale Ward 4,U.S. House,2,Ashley Hinson,REP,341,87,254
Black Hawk,Hudson,U.S. House,2,Ashley Hinson,REP,1038,270,768
Black Hawk,Mt. Vernon,U.S. House,2,Ashley Hinson,REP,406,155,251
Black Hawk,Poyner1/EWL/Raymond/Fox/Jesup,U.S. House,2,Ashley Hinson,REP,909,287,622
Black Hawk,Union/Washington/Janesville,U.S. House,2,Ashley Hinson,REP,739,220,519
Black Hawk,WL 1-1,U.S. House,2,Ashley Hinson,REP,373,154,219
Black Hawk,WL 1-2,U.S. House,2,Ashley Hinson,REP,532,188,344
Black Hawk,WL 1-3,U.S. House,2,Ashley Hinson,REP,313,92,221
Black Hawk,WL 1-4,U.S. House,2,Ashley Hinson,REP,703,274,429
Black Hawk,WL 1-5,U.S. House,2,Ashley Hinson,REP,386,133,253
Black Hawk,WL 1-6,U.S. House,2,Ashley Hinson,REP,1097,560,537
Black Hawk,WL 2-1,U.S. House,2,Ashley Hinson,REP,769,373,396
Black Hawk,WL 2-2,U.S. House,2,Ashley Hinson,REP,390,150,240
Black Hawk,WL 2-3,U.S. House,2,Ashley Hinson,REP,459,163,296
Black Hawk,WL 2-4,U.S. House,2,Ashley Hinson,REP,485,191,294
Black Hawk,WL 2-5,U.S. House,2,Ashley Hinson,REP,477,176,301
Black Hawk,WL 2-6,U.S. House,2,Ashley Hinson,REP,453,160,293
Black Hawk,WL 3-1,U.S. House,2,Ashley Hinson,REP,505,212,293
Black Hawk,WL 3-2,U.S. House,2,Ashley Hinson,REP,281,104,177
Black Hawk,WL 3-3,U.S. House,2,Ashley Hinson,REP,253,73,180
Black Hawk,WL 3-4,U.S. House,2,Ashley Hinson,REP,216,59,157
Black Hawk,WL 3-5,U.S. House,2,Ashley Hinson,REP,548,143,405
Black Hawk,WL 3-6,U.S. House,2,Ashley Hinson,REP,203,95,108
Black Hawk,WL 4-1,U.S. House,2,Ashley Hinson,REP,202,79,123
Black Hawk,WL 4-2,U.S. House,2,Ashley Hinson,REP,140,62,78
Black Hawk,WL 4-3,U.S. House,2,Ashley Hinson,REP,67,18,49
Black Hawk,WL 4-4,U.S. House,2,Ashley Hinson,REP,315,108,207
Black Hawk,WL 4-5,U.S. House,2,Ashley Hinson,REP,136,47,89
Black Hawk,WL 4-6,U.S. House,2,Ashley Hinson,REP,339,98,241
Black Hawk,WL 5-1,U.S. House,2,Ashley Hinson,REP,130,51,79
Black Hawk,WL 5-2,U.S. House,2,Ashley Hinson,REP,383,96,287
Black Hawk,WL 5-3,U.S. House,2,Ashley Hinson,REP,283,96,187
Black Hawk,WL 5-4,U.S. House,2,Ashley Hinson,REP,437,191,246
Black Hawk,WL 5-5,U.S. House,2,Ashley Hinson,REP,590,215,375
Black Hawk,WL 5-6,U.S. House,2,Ashley Hinson,REP,484,214,270
Black Hawk,Barclay/Benn/Lester/Dunkerton,U.S. House,2,Jody Madlom Puffett,,13,2,11
Black Hawk,Big Creek/Spring Creek/LPC,U.S. House,2,Jody Madlom Puffett,,15,5,10
Black Hawk,Black Hawk/Cedar Falls/Lincoln,U.S. House,2,Jody Madlom Puffett,,7,0,7
Black Hawk,CF 1-1,U.S. House,2,Jody Madlom Puffett,,9,1,8
Black Hawk,CF 1-2,U.S. House,2,Jody Madlom Puffett,,13,2,11
Black Hawk,CF 1-3,U.S. House,2,Jody Madlom Puffett,,10,3,7
Black Hawk,CF 2-1,U.S. House,2,Jody Madlom Puffett,,11,1,10
Black Hawk,CF 2-2,U.S. House,2,Jody Madlom Puffett,,12,2,10
Black Hawk,CF 2-3,U.S. House,2,Jody Madlom Puffett,,10,2,8
Black Hawk,CF 3-1,U.S. House,2,Jody Madlom Puffett,,11,4,7
Black Hawk,CF 3-2,U.S. House,2,Jody Madlom Puffett,,12,4,8
Black Hawk,CF 3-3,U.S. House,2,Jody Madlom Puffett,,10,4,6
Black Hawk,CF 4-1,U.S. House,2,Jody Madlom Puffett,,15,4,11
Black Hawk,CF 4-2,U.S. House,2,Jody Madlom Puffett,,11,3,8
Black Hawk,CF 4-3,U.S. House,2,Jody Madlom Puffett,,6,2,4
Black Hawk,CF 5-1,U.S. House,2,Jody Madlom Puffett,,18,7,11
Black Hawk,CF 5-2,U.S. House,2,Jody Madlom Puffett,,10,3,7
Black Hawk,CF 5-3,U.S. House,2,Jody Madlom Puffett,,14,10,4
Black Hawk,Cedar/Poyner2/Gilbertville,U.S. House,2,Jody Madlom Puffett,,12,3,9
Black Hawk,Eagle/Orange,U.S. House,2,Jody Madlom Puffett,,4,1,3
Black Hawk,Elk Run Heights,U.S. House,2,Jody Madlom Puffett,,8,3,5
Black Hawk,Evansdale Ward 1,U.S. House,2,Jody Madlom Puffett,,3,1,2
Black Hawk,Evansdale Ward 2,U.S. House,2,Jody Madlom Puffett,,6,0,6
Black Hawk,Evansdale Ward 3,U.S. House,2,Jody Madlom Puffett,,9,0,9
Black Hawk,Evansdale Ward 4,U.S. House,2,Jody Madlom Puffett,,8,1,7
Black Hawk,Hudson,U.S. House,2,Jody Madlom Puffett,,12,1,11
Black Hawk,Mt. Vernon,U.S. House,2,Jody Madlom Puffett,,9,3,6
Black Hawk,Poyner1/EWL/Raymond/Fox/Jesup,U.S. House,2,Jody Madlom Puffett,,17,6,11
Black Hawk,Union/Washington/Janesville,U.S. House,2,Jody Madlom Puffett,,11,4,7
Black Hawk,WL 1-1,U.S. House,2,Jody Madlom Puffett,,7,4,3
Black Hawk,WL 1-2,U.S. House,2,Jody Madlom Puffett,,16,7,9
Black Hawk,WL 1-3,U.S. House,2,Jody Madlom Puffett,,9,3,6
Black Hawk,WL 1-4,U.S. House,2,Jody Madlom Puffett,,19,5,14
Black Hawk,WL 1-5,U.S. House,2,Jody Madlom Puffett,,7,4,3
Black Hawk,WL 1-6,U.S. House,2,Jody Madlom Puffett,,7,1,6
Black Hawk,WL 2-1,U.S. House,2,Jody Madlom Puffett,,17,9,8
Black Hawk,WL 2-2,U.S. House,2,Jody Madlom Puffett,,6,1,5
Black Hawk,WL 2-3,U.S. House,2,Jody Madlom Puffett,,13,2,11
Black Hawk,WL 2-4,U.S. House,2,Jody Madlom Puffett,,17,7,10
Black Hawk,WL 2-5,U.S. House,2,Jody Madlom Puffett,,12,3,9
Black Hawk,WL 2-6,U.S. House,2,Jody Madlom Puffett,,6,3,3
Black Hawk,WL 3-1,U.S. House,2,Jody Madlom Puffett,,13,6,7
Black Hawk,WL 3-2,U.S. House,2,Jody Madlom Puffett,,12,3,9
Black Hawk,WL 3-3,U.S. House,2,Jody Madlom Puffett,,7,1,6
Black Hawk,WL 3-4,U.S. House,2,Jody Madlom Puffett,,15,4,11
Black Hawk,WL 3-5,U.S. House,2,Jody Madlom Puffett,,15,4,11
Black Hawk,WL 3-6,U.S. House,2,Jody Madlom Puffett,,11,4,7
Black Hawk,WL 4-1,U.S. House,2,Jody Madlom Puffett,,14,1,13
Black Hawk,WL 4-2,U.S. House,2,Jody Madlom Puffett,,11,5,6
Black Hawk,WL 4-3,U.S. House,2,Jody Madlom Puffett,,6,3,3
Black Hawk,WL 4-4,U.S. House,2,Jody Madlom Puffett,,8,3,5
Black Hawk,WL 4-5,U.S. House,2,Jody Madlom Puffett,,10,4,6
Black Hawk,WL 4-6,U.S. House,2,Jody Madlom Puffett,,12,4,8
Black Hawk,WL 5-1,U.S. House,2,Jody Madlom Puffett,,5,1,4
Black Hawk,WL 5-2,U.S. House,2,Jody Madlom Puffett,,7,1,6
Black Hawk,WL 5-3,U.S. House,2,Jody Madlom Puffett,,14,5,9
Black Hawk,WL 5-4,U.S. House,2,Jody Madlom Puffett,,6,0,6
Black Hawk,WL 5-5,U.S. House,2,Jody Madlom Puffett,,11,3,8
Black Hawk,WL 5-6,U.S. House,2,Jody Madlom Puffett,,11,5,6
Black Hawk,Barclay/Benn/Lester/Dunkerton,U.S. House,2,Sarah Corkery,DEM,389,138,251
Black Hawk,Big Creek/Spring Creek/LPC,U.S. House,2,Sarah Corkery,DEM,534,195,339
Black Hawk,Black Hawk/Cedar Falls/Lincoln,U.S. House,2,Sarah Corkery,DEM,191,101,90
Black Hawk,CF 1-1,U.S. House,2,Sarah Corkery,DEM,442,139,303
Black Hawk,CF 1-2,U.S. House,2,Sarah Corkery,DEM,953,408,545
Black Hawk,CF 1-3,U.S. House,2,Sarah Corkery,DEM,846,365,481
Black Hawk,CF 2-1,U.S. House,2,Sarah Corkery,DEM,413,122,291
Black Hawk,CF 2-2,U.S. House,2,Sarah Corkery,DEM,773,337,436
Black Hawk,CF 2-3,U.S. House,2,Sarah Corkery,DEM,729,303,426
Black Hawk,CF 3-1,U.S. House,2,Sarah Corkery,DEM,715,329,386
Black Hawk,CF 3-2,U.S. House,2,Sarah Corkery,DEM,726,379,347
Black Hawk,CF 3-3,U.S. House,2,Sarah Corkery,DEM,669,268,401
Black Hawk,CF 4-1,U.S. House,2,Sarah Corkery,DEM,664,191,473
Black Hawk,CF 4-2,U.S. House,2,Sarah Corkery,DEM,767,322,445
Black Hawk,CF 4-3,U.S. House,2,Sarah Corkery,DEM,728,348,380
Black Hawk,CF 5-1,U.S. House,2,Sarah Corkery,DEM,849,376,473
Black Hawk,CF 5-2,U.S. House,2,Sarah Corkery,DEM,754,364,390
Black Hawk,CF 5-3,U.S. House,2,Sarah Corkery,DEM,867,570,297
Black Hawk,Cedar/Poyner2/Gilbertville,U.S. House,2,Sarah Corkery,DEM,577,275,302
Black Hawk,Eagle/Orange,U.S. House,2,Sarah Corkery,DEM,144,84,60
Black Hawk,Elk Run Heights,U.S. House,2,Sarah Corkery,DEM,242,74,168
Black Hawk,Evansdale Ward 1,U.S. House,2,Sarah Corkery,DEM,231,90,141
Black Hawk,Evansdale Ward 2,U.S. House,2,Sarah Corkery,DEM,215,79,136
Black Hawk,Evansdale Ward 3,U.S. House,2,Sarah Corkery,DEM,224,77,147
Black Hawk,Evansdale Ward 4,U.S. House,2,Sarah Corkery,DEM,193,70,123
Black Hawk,Hudson,U.S. House,2,Sarah Corkery,DEM,579,234,345
Black Hawk,Mt. Vernon,U.S. House,2,Sarah Corkery,DEM,207,116,91
Black Hawk,Poyner1/EWL/Raymond/Fox/Jesup,U.S. House,2,Sarah Corkery,DEM,453,220,233
Black Hawk,Union/Washington/Janesville,U.S. House,2,Sarah Corkery,DEM,329,164,165
Black Hawk,WL 1-1,U.S. House,2,Sarah Corkery,DEM,348,174,174
Black Hawk,WL 1-2,U.S. House,2,Sarah Corkery,DEM,536,295,241
Black Hawk,WL 1-3,U.S. House,2,Sarah Corkery,DEM,470,183,287
Black Hawk,WL 1-4,U.S. House,2,Sarah Corkery,DEM,646,336,310
Black Hawk,WL 1-5,U.S. House,2,Sarah Corkery,DEM,376,179,197
Black Hawk,WL 1-6,U.S. House,2,Sarah Corkery,DEM,759,428,331
Black Hawk,WL 2-1,U.S. House,2,Sarah Corkery,DEM,642,397,245
Black Hawk,WL 2-2,U.S. House,2,Sarah Corkery,DEM,417,178,239
Black Hawk,WL 2-3,U.S. House,2,Sarah Corkery,DEM,510,221,289
Black Hawk,WL 2-4,U.S. House,2,Sarah Corkery,DEM,504,254,250
Black Hawk,WL 2-5,U.S. House,2,Sarah Corkery,DEM,427,204,223
Black Hawk,WL 2-6,U.S. House,2,Sarah Corkery,DEM,301,157,144
Black Hawk,WL 3-1,U.S. House,2,Sarah Corkery,DEM,536,307,229
Black Hawk,WL 3-2,U.S. House,2,Sarah Corkery,DEM,410,192,218
Black Hawk,WL 3-3,U.S. House,2,Sarah Corkery,DEM,491,196,295
Black Hawk,WL 3-4,U.S. House,2,Sarah Corkery,DEM,388,155,233
Black Hawk,WL 3-5,U.S. House,2,Sarah Corkery,DEM,520,188,332
Black Hawk,WL 3-6,U.S. House,2,Sarah Corkery,DEM,339,163,176
Black Hawk,WL 4-1,U.S. House,2,Sarah Corkery,DEM,566,251,315
Black Hawk,WL 4-2,U.S. House,2,Sarah Corkery,DEM,427,233,194
Black Hawk,WL 4-3,U.S. House,2,Sarah Corkery,DEM,415,205,210
Black Hawk,WL 4-4,U.S. House,2,Sarah Corkery,DEM,359,147,212
Black Hawk,WL 4-5,U.S. House,2,Sarah Corkery,DEM,293,135,158
Black Hawk,WL 4-6,U.S. House,2,Sarah Corkery,DEM,391,173,218
Black Hawk,WL 5-1,U.S. House,2,Sarah Corkery,DEM,210,92,118
Black Hawk,WL 5-2,U.S. House,2,Sarah Corkery,DEM,485,174,311
Black Hawk,WL 5-3,U.S. House,2,Sarah Corkery,DEM,409,170,239
Black Hawk,WL 5-4,U.S. House,2,Sarah Corkery,DEM,519,259,260
Black Hawk,WL 5-5,U.S. House,2,Sarah Corkery,DEM,699,316,383
Black Hawk,WL 5-6,U.S. House,2,Sarah Corkery,DEM,500,296,204
Black Hawk,Barclay/Benn/Lester/Dunkerton,U.S. House,2,Write-In,,2,0,2
Black Hawk,Big Creek/Spring Creek/LPC,U.S. House,2,Write-In,,0,0,0
Black Hawk,Black Hawk/Cedar Falls/Lincoln,U.S. House,2,Write-In,,0,0,0
Black Hawk,CF 1-1,U.S. House,2,Write-In,,0,0,0
Black Hawk,CF 1-2,U.S. House,2,Write-In,,2,1,1
Black Hawk,CF 1-3,U.S. House,2,Write-In,,2,1,1
Black Hawk,CF 2-1,U.S. House,2,Write-In,,2,0,2
Black Hawk,CF 2-2,U.S. House,2,Write-In,,2,0,2
Black Hawk,CF 2-3,U.S. House,2,Write-In,,1,1,0
Black Hawk,CF 3-1,U.S. House,2,Write-In,,1,0,1
Black Hawk,CF 3-2,U.S. House,2,Write-In,,1,0,1
Black Hawk,CF 3-3,U.S. House,2,Write-In,,0,0,0
Black Hawk,CF 4-1,U.S. House,2,Write-In,,1,0,1
Black Hawk,CF 4-2,U.S. House,2,Write-In,,0,0,0
Black Hawk,CF 4-3,U.S. House,2,Write-In,,5,0,5
Black Hawk,CF 5-1,U.S. House,2,Write-In,,1,0,1
Black Hawk,CF 5-2,U.S. House,2,Write-In,,0,0,0
Black Hawk,CF 5-3,U.S. House,2,Write-In,,1,0,1
Black Hawk,Cedar/Poyner2/Gilbertville,U.S. House,2,Write-In,,0,0,0
Black Hawk,Eagle/Orange,U.S. House,2,Write-In,,0,0,0
Black Hawk,Elk Run Heights,U.S. House,2,Write-In,,0,0,0
Black Hawk,Evansdale Ward 1,U.S. House,2,Write-In,,0,0,0
Black Hawk,Evansdale Ward 2,U.S. House,2,Write-In,,0,0,0
Black Hawk,Evansdale Ward 3,U.S. House,2,Write-In,,1,1,0
Black Hawk,Evansdale Ward 4,U.S. House,2,Write-In,,1,0,1
Black Hawk,Hudson,U.S. House,2,Write-In,,2,0,2
Black Hawk,Mt. Vernon,U.S. House,2,Write-In,,0,0,0
Black Hawk,Poyner1/EWL/Raymond/Fox/Jesup,U.S. House,2,Write-In,,1,0,1
Black Hawk,Union/Washington/Janesville,U.S. House,2,Write-In,,0,0,0
Black Hawk,WL 1-1,U.S. House,2,Write-In,,0,0,0
Black Hawk,WL 1-2,U.S. House,2,Write-In,,0,0,0
Black Hawk,WL 1-3,U.S. House,2,Write-In,,2,0,2
Black Hawk,WL 1-4,U.S. House,2,Write-In,,2,2,0
Black Hawk,WL 1-5,U.S. House,2,Write-In,,0,0,0
Black Hawk,WL 1-6,U.S. House,2,Write-In,,0,0,0
Black Hawk,WL 2-1,U.S. House,2,Write-In,,0,0,0
Black Hawk,WL 2-2,U.S. House,2,Write-In,,2,2,0
Black Hawk,WL 2-3,U.S. House,2,Write-In,,0,0,0
Black Hawk,WL 2-4,U.S. House,2,Write-In,,0,0,0
Black Hawk,WL 2-5,U.S. House,2,Write-In,,0,0,0
Black Hawk,WL 2-6,U.S. House,2,Write-In,,0,0,0
Black Hawk,WL 3-1,U.S. House,2,Write-In,,0,0,0
Black Hawk,WL 3-2,U.S. House,2,Write-In,,1,0,1
Black Hawk,WL 3-3,U.S. House,2,Write-In,,1,0,1
Black Hawk,WL 3-4,U.S. House,2,Write-In,,2,1,1
Black Hawk,WL 3-5,U.S. House,2,Write-In,,1,0,1
Black Hawk,WL 3-6,U.S. House,2,Write-In,,0,0,0
Black Hawk,WL 4-1,U.S. House,2,Write-In,,0,0,0
Black Hawk,WL 4-2,U.S. House,2,Write-In,,3,2,1
Black Hawk,WL 4-3,U.S. House,2,Write-In,,0,0,0
Black Hawk,WL 4-4,U.S. House,2,Write-In,,1,1,0
Black Hawk,WL 4-5,U.S. House,2,Write-In,,0,0,0
Black Hawk,WL 4-6,U.S. House,2,Write-In,,0,0,0
Black Hawk,WL 5-1,U.S. House,2,Write-In,,0,0,0
Black Hawk,WL 5-2,U.S. House,2,Write-In,,0,0,0
Black Hawk,WL 5-3,U.S. House,2,Write-In,,0,0,0
Black Hawk,WL 5-4,U.S. House,2,Write-In,,0,0,0
Black Hawk,WL 5-5,U.S. House,2,Write-In,,1,1,0
Black Hawk,WL 5-6,U.S. House,2,Write-In,,0,0,0
Black Hawk,Big Creek/Spring Creek/LPC,Union School - Public Measure BL,,No,,595,182,413
Black Hawk,Cedar/Poyner2/Gilbertville,Union School - Public Measure BL,,No,,59,17,42
Black Hawk,Eagle/Orange,Union School - Public Measure BL,,No,,31,8,23
Black Hawk,Poyner1/EWL/Raymond/Fox/Jesup,Union School - Public Measure BL,,No,,0,0,0
Black Hawk,Big Creek/Spring Creek/LPC,Union School - Public Measure BL,,Yes,,939,263,676
Black Hawk,Cedar/Poyner2/Gilbertville,Union School - Public Measure BL,,Yes,,90,30,60
Black Hawk,Eagle/Orange,Union School - Public Measure BL,,Yes,,51,8,43
Black Hawk,Poyner1/EWL/Raymond/Fox/Jesup,Union School - Public Measure BL,,Yes,,0,0,0
Black Hawk,Union/Washington/Janesville,Union Township Trustee,,Gary Lee,,403,173,230
Black Hawk,Union/Washington/Janesville,Union Township Trustee,,John C. Wagner,,371,164,207
Black Hawk,Union/Washington/Janesville,Union Township Trustee,,Write-In,,2,0,2
Black Hawk,Union/Washington/Janesville,Washington Township Trustee,,Dennis Miller,,240,61,179
Black Hawk,Union/Washington/Janesville,Washington Township Trustee,,Marty Cornelius,,211,57,154
Black Hawk,Union/Washington/Janesville,Washington Township Trustee,,Write-In,,7,2,5
Black Hawk,CF 5-3,Waterloo School - Public Measure BK,,No,,101,56,45
Black Hawk,Cedar/Poyner2/Gilbertville,Waterloo School - Public Measure BK,,No,,665,246,419
Black Hawk,Eagle/Orange,Waterloo School - Public Measure BK,,No,,172,78,94
Black Hawk,Elk Run Heights,Waterloo School - Public Measure BK,,No,,251,53,198
Black Hawk,Evansdale Ward 1,Waterloo School - Public Measure BK,,No,,244,59,185
Black Hawk,Evansdale Ward 2,Waterloo School - Public Measure BK,,No,,264,79,185
Black Hawk,Evansdale Ward 3,Waterloo School - Public Measure BK,,No,,252,53,199
Black Hawk,Evansdale Ward 4,Waterloo School - Public Measure BK,,No,,252,73,179
Black Hawk,Mt. Vernon,Waterloo School - Public Measure BK,,No,,24,16,8
Black Hawk,Poyner1/EWL/Raymond/Fox/Jesup,Waterloo School - Public Measure BK,,No,,354,122,232
Black Hawk,WL 1-1,Waterloo School - Public Measure BK,,No,,128,70,58
Black Hawk,WL 1-2,Waterloo School - Public Measure BK,,No,,322,142,180
Black Hawk,WL 1-3,Waterloo School - Public Measure BK,,No,,297,97,200
Black Hawk,WL 1-4,Waterloo School - Public Measure BK,,No,,467,225,242
Black Hawk,WL 1-5,Waterloo School - Public Measure BK,,No,,257,96,161
Black Hawk,WL 1-6,Waterloo School - Public Measure BK,,No,,518,282,236
Black Hawk,WL 2-1,Waterloo School - Public Measure BK,,No,,475,254,221
Black Hawk,WL 2-2,Waterloo School - Public Measure BK,,No,,277,119,158
Black Hawk,WL 2-3,Waterloo School - Public Measure BK,,No,,414,181,233
Black Hawk,WL 2-4,Waterloo School - Public Measure BK,,No,,375,173,202
Black Hawk,WL 2-5,Waterloo School - Public Measure BK,,No,,330,144,186
Black Hawk,WL 2-6,Waterloo School - Public Measure BK,,No,,260,133,127
Black Hawk,WL 3-1,Waterloo School - Public Measure BK,,No,,355,167,188
Black Hawk,WL 3-2,Waterloo School - Public Measure BK,,No,,300,132,168
Black Hawk,WL 3-3,Waterloo School - Public Measure BK,,No,,292,101,191
Black Hawk,WL 3-4,Waterloo School - Public Measure BK,,No,,247,74,173
Black Hawk,WL 3-5,Waterloo School - Public Measure BK,,No,,440,130,310
Black Hawk,WL 3-6,Waterloo School - Public Measure BK,,No,,194,85,109
Black Hawk,WL 4-1,Waterloo School - Public Measure BK,,No,,289,125,164
Black Hawk,WL 4-2,Waterloo School - Public Measure BK,,No,,175,100,75
Black Hawk,WL 4-3,Waterloo School - Public Measure BK,,No,,176,85,91
Black Hawk,WL 4-4,Waterloo School - Public Measure BK,,No,,314,119,195
Black Hawk,WL 4-5,Waterloo School - Public Measure BK,,No,,168,70,98
Black Hawk,WL 4-6,Waterloo School - Public Measure BK,,No,,329,118,211
Black Hawk,WL 5-1,Waterloo School - Public Measure BK,,No,,117,42,75
Black Hawk,WL 5-2,Waterloo School - Public Measure BK,,No,,312,102,210
Black Hawk,WL 5-3,Waterloo School - Public Measure BK,,No,,266,117,149
Black Hawk,WL 5-4,Waterloo School - Public Measure BK,,No,,354,168,186
Black Hawk,WL 5-5,Waterloo School - Public Measure BK,,No,,423,178,245
Black Hawk,WL 5-6,Waterloo School - Public Measure BK,,No,,295,153,142
Black Hawk,CF 5-3,Waterloo School - Public Measure BK,,Yes,,158,92,66
Black Hawk,Cedar/Poyner2/Gilbertville,Waterloo School - Public Measure BK,,Yes,,630,217,413
Black Hawk,Eagle/Orange,Waterloo School - Public Measure BK,,Yes,,175,81,94
Black Hawk,Elk Run Heights,Waterloo School - Public Measure BK,,Yes,,311,72,239
Black Hawk,Evansdale Ward 1,Waterloo School - Public Measure BK,,Yes,,269,86,183
Black Hawk,Evansdale Ward 2,Waterloo School - Public Measure BK,,Yes,,224,61,163
Black Hawk,Evansdale Ward 3,Waterloo School - Public Measure BK,,Yes,,267,72,195
Black Hawk,Evansdale Ward 4,Waterloo School - Public Measure BK,,Yes,,248,75,173
Black Hawk,Mt. Vernon,Waterloo School - Public Measure BK,,Yes,,64,42,22
Black Hawk,Poyner1/EWL/Raymond/Fox/Jesup,Waterloo School - Public Measure BK,,Yes,,297,113,184
Black Hawk,WL 1-1,Waterloo School - Public Measure BK,,Yes,,229,113,116
Black Hawk,WL 1-2,Waterloo School - Public Measure BK,,Yes,,422,193,229
Black Hawk,WL 1-3,Waterloo School - Public Measure BK,,Yes,,456,165,291
Black Hawk,WL 1-4,Waterloo School - Public Measure BK,,Yes,,830,359,471
Black Hawk,WL 1-5,Waterloo School - Public Measure BK,,Yes,,479,204,275
Black Hawk,WL 1-6,Waterloo School - Public Measure BK,,Yes,,1185,605,580
Black Hawk,WL 2-1,Waterloo School - Public Measure BK,,Yes,,894,482,412
Black Hawk,WL 2-2,Waterloo School - Public Measure BK,,Yes,,497,190,307
Black Hawk,WL 2-3,Waterloo School - Public Measure BK,,Yes,,505,181,324
Black Hawk,WL 2-4,Waterloo School - Public Measure BK,,Yes,,555,254,301
Black Hawk,WL 2-5,Waterloo School - Public Measure BK,,Yes,,526,215,311
Black Hawk,WL 2-6,Waterloo School - Public Measure BK,,Yes,,431,155,276
Black Hawk,WL 3-1,Waterloo School - Public Measure BK,,Yes,,536,260,276
Black Hawk,WL 3-2,Waterloo School - Public Measure BK,,Yes,,370,159,211
Black Hawk,WL 3-3,Waterloo School - Public Measure BK,,Yes,,410,148,262
Black Hawk,WL 3-4,Waterloo School - Public Measure BK,,Yes,,336,128,208
Black Hawk,WL 3-5,Waterloo School - Public Measure BK,,Yes,,584,187,397
Black Hawk,WL 3-6,Waterloo School - Public Measure BK,,Yes,,318,156,162
Black Hawk,WL 4-1,Waterloo School - Public Measure BK,,Yes,,433,181,252
Black Hawk,WL 4-2,Waterloo School - Public Measure BK,,Yes,,367,180,187
Black Hawk,WL 4-3,Waterloo School - Public Measure BK,,Yes,,291,134,157
Black Hawk,WL 4-4,Waterloo School - Public Measure BK,,Yes,,334,120,214
Black Hawk,WL 4-5,Waterloo School - Public Measure BK,,Yes,,251,108,143
Black Hawk,WL 4-6,Waterloo School - Public Measure BK,,Yes,,372,131,241
Black Hawk,WL 5-1,Waterloo School - Public Measure BK,,Yes,,199,86,113
Black Hawk,WL 5-2,Waterloo School - Public Measure BK,,Yes,,507,153,354
Black Hawk,WL 5-3,Waterloo School - Public Measure BK,,Yes,,396,138,258
Black Hawk,WL 5-4,Waterloo School - Public Measure BK,,Yes,,562,261,301
Black Hawk,WL 5-5,Waterloo School - Public Measure BK,,Yes,,845,340,505
Black Hawk,WL 5-6,Waterloo School - Public Measure BK,,Yes,,653,335,318
