source_vtd,target_plan2_district,share,chamber,chain
19001001001,12,1.000000000000,senate,vtd20_to_block20_to_plan2
19001001002,12,1.000000000000,senate,vtd20_to_block20_to_plan2
19001001003,12,1.000000000000,senate,vtd20_to_block20_to_plan2
19001001004,12,1.000000000000,senate,vtd20_to_block20_to_plan2
19001001005,12,1.000000000000,senate,vtd20_to_block20_to_plan2
19001001006,12,1.000000000000,senate,vtd20_to_block20_to_plan2
19001001007,12,1.000000000000,senate,vtd20_to_block20_to_plan2
19001001008,12,1.000000000000,senate,vtd20_to_block20_to_plan2
19001001009,12,1.000000000000,senate,vtd20_to_block20_to_plan2
19001001010,12,1.000000000000,senate,vtd20_to_block20_to_plan2
19001001011,12,1.000000000000,senate,vtd20_to_block20_to_plan2
19001001012,12,1.000000000000,senate,vtd20_to_block20_to_plan2
19001001013,12,1.000000000000,senate,vtd20_to_block20_to_plan2
19001001014,12,1.000000000000,senate,vtd20_to_block20_to_plan2
19001001015,12,1.000000000000,senate,vtd20_to_block20_to_plan2
19001001016,12,1.000000000000,senate,vtd20_to_block20_to_plan2
19001001017,12,1.000000000000,senate,vtd20_to_block20_to_plan2
19001001018,12,1.000000000000,senate,vtd20_to_block20_to_plan2
19001001019,12,1.000000000000,senate,vtd20_to_block20_to_plan2
19001001020,12,1.000000000000,senate,vtd20_to_block20_to_plan2
19001001020,9,0.000000000000,senate,vtd20_to_block20_to_plan2
19001001021,12,1.000000000000,senate,vtd20_to_block20_to_plan2
19001001022,12,1.000000000000,senate,vtd20_to_block20_to_plan2
19001001022,9,0.000000000000,senate,vtd20_to_block20_to_plan2
19003003001,9,1.000000000000,senate,vtd20_to_block20_to_plan2
19003003002,9,1.000000000000,senate,vtd20_to_block20_to_plan2
19003003003,9,1.000000000000,senate,vtd20_to_block20_to_plan2
19003003004,9,1.000000000000,senate,vtd20_to_block20_to_plan2
19003003005,9,1.000000000000,senate,vtd20_to_block20_to_plan2
19003003006,9,1.000000000000,senate,vtd20_to_block20_to_plan2
19003003007,9,1.000000000000,senate,vtd20_to_block20_to_plan2
19003003008,9,1.000000000000,senate,vtd20_to_block20_to_plan2
19003003009,9,1.000000000000,senate,vtd20_to_block20_to_plan2
19003003010,9,1.000000000000,senate,vtd20_to_block20_to_plan2
19003003011,9,1.000000000000,senate,vtd20_to_block20_to_plan2
19003003012,9,1.000000000000,senate,vtd20_to_block20_to_plan2
19003003013,9,1.000000000000,senate,vtd20_to_block20_to_plan2
19003003014,9,1.000000000000,senate,vtd20_to_block20_to_plan2
19003003015,9,1.000000000000,senate,vtd20_to_block20_to_plan2
19005005001,32,1.000000000000,senate,vtd20_to_block20_to_plan2
19005005002,32,1.000000000000,senate,vtd20_to_block20_to_plan2
19005005003,32,1.000000000000,senate,vtd20_to_block20_to_plan2
19005005004,32,1.000000000000,senate,vtd20_to_block20_to_plan2
19005005005,32,1.000000000000,senate,vtd20_to_block20_to_plan2
19005005006,32,1.000000000000,senate,vtd20_to_block20_to_plan2
19005005007,32,1.000000000000,senate,vtd20_to_block20_to_plan2
19005005008,32,1.000000000000,senate,vtd20_to_block20_to_plan2
19005005009,32,1.000000000000,senate,vtd20_to_block20_to_plan2
19005005010,32,1.000000000000,senate,vtd20_to_block20_to_plan2
19005005011,32,1.000000000000,senate,vtd20_to_block20_to_plan2
19005005012,32,1.000000000000,senate,vtd20_to_block20_to_plan2
19005005013,32,1.000000000000,senate,vtd20_to_block20_to_plan2
19005005014,32,1.000000000000,senate,vtd20_to_block20_to_plan2
19005005015,32,1.000000000000,senate,vtd20_to_block20_to_plan2
19005005016,32,1.000000000000,senate,vtd20_to_block20_to_plan2
19005005017,32,1.000000000000,senate,vtd20_to_block20_to_plan2
19005005018,32,1.000000000000,senate,vtd20_to_block20_to_plan2
19005005019,32,1.000000000000,senate,vtd20_to_block20_to_plan2
19005005020,32,1.000000000000,senate,vtd20_to_block20_to_plan2
19007007001,12,1.000000000000,senate,vtd20_to_block20_to_plan2
19007007001,13,0.000000000000,senate,vtd20_to_block20_to_plan2
19007007002,13,1.000000000000,senate,vtd20_to_block20_to_plan2
19007007003,13,1.000000000000,senate,vtd20_to_block20_to_plan2
19007007004,13,1.000000000000,senate,vtd20_to_block20_to_plan2
19007007005,13,1.000000000000,senate,vtd20_to_block20_to_plan2
19007007006,13,1.000000000000,senate,vtd20_to_block20_to_plan2
19007007007,13,1.000000000000,senate,vtd20_to_block20_to_plan2
19007007008,13,1.000000000000,senate,vtd20_to_block20_to_plan2
19007007009,12,1.000000000000,senate,vtd20_to_block20_to_plan2
19007007009,13,0.000000000000,senate,vtd20_to_block20_to_plan2
19007007010,12,1.000000000000,senate,vtd20_to_block20_to_plan2
19007007010,13,0.000000000000,senate,vtd20_to_block20_to_plan2
19007007011,13,1.000000000000,senate,vtd20_to_block20_to_plan2
19007007012,13,1.000000000000,senate,vtd20_to_block20_to_plan2
19007007013,13,1.000000000000,senate,vtd20_to_block20_to_plan2
19007007014,13,1.000000000000,senate,vtd20_to_block20_to_plan2
19007007015,13,1.000000000000,senate,vtd20_to_block20_to_plan2
19007007016,13,1.000000000000,senate,vtd20_to_block20_to_plan2
19007007017,13,1.000000000000,senate,vtd20_to_block20_to_plan2
19007007018,13,1.000000000000,senate,vtd20_to_block20_to_plan2
19007007019,13,1.000000000000,senate,vtd20_to_block20_to_plan2
19007007020,13,1.000000000000,senate,vtd20_to_block20_to_plan2
19007007021,13,1.000000000000,senate,vtd20_to_block20_to_plan2
19009009001,6,1.000000000000,senate,vtd20_to_block20_to_plan2
19009009002,6,1.000000000000,senate,vtd20_to_block20_to_plan2
19009009003,6,1.000000000000,senate,vtd20_to_block20_to_plan2
19009009004,6,1.000000000000,senate,vtd20_to_block20_to_plan2
19009009005,24,0.000000000000,senate,vtd20_to_block20_to_plan2
19009009005,6,1.000000000000,senate,vtd20_to_block20_to_plan2
19009009006,6,1.000000000000,senate,vtd20_to_block20_to_plan2
19009009007,6,1.000000000000,senate,vtd20_to_block20_to_plan2
19009009008,6,1.000000000000,senate,vtd20_to_block20_to_plan2
19009009009,6,1.000000000000,senate,vtd20_to_block20_to_plan2
19009009010,6,1.000000000000,senate,vtd20_to_block20_to_plan2
19009009011,6,1.000000000000,senate,vtd20_to_block20_to_plan2
19009009012,24,0.000000000000,senate,vtd20_to_block20_to_plan2
19009009012,6,1.000000000000,senate,vtd20_to_block20_to_plan2
19009009012,9,0.000000000000,senate,vtd20_to_block20_to_plan2
19009009013,6,1.000000000000,senate,vtd20_to_block20_to_plan2
19009009014,6,1.000000000000,senate,vtd20_to_block20_to_plan2
19011011001,38,1.000000000000,senate,vtd20_to_block20_to_plan2
19011011002,38,1.000000000000,senate,vtd20_to_block20_to_plan2
19011011002,42,0.000000000000,senate,vtd20_to_block20_to_plan2
19011011003,42,1.000000000000,senate,vtd20_to_block20_to_plan2
19011011004,42,1.000000000000,senate,vtd20_to_block20_to_plan2
19011011005,42,1.000000000000,senate,vtd20_to_block20_to_plan2
19011011006,42,1.000000000000,senate,vtd20_to_block20_to_plan2
19011011007,42,1.000000000000,senate,vtd20_to_block20_to_plan2
19011011008,38,1.000000000000,senate,vtd20_to_block20_to_plan2
19011011009,42,1.000000000000,senate,vtd20_to_block20_to_plan2
19011011010,42,1.000000000000,senate,vtd20_to_block20_to_plan2
19011011011,42,1.000000000000,senate,vtd20_to_block20_to_plan2
19011011012,42,1.000000000000,senate,vtd20_to_block20_to_plan2
19011011013,42,1.000000000000,senate,vtd20_to_block20_to_plan2
19011011014,42,1.000000000000,senate,vtd20_to_block20_to_plan2
19011011015,42,1.000000000000,senate,vtd20_to_block20_to_plan2
19011011016,42,1.000000000000,senate,vtd20_to_block20_to_plan2
19011011017,42,1.000000000000,senate,vtd20_to_block20_to_plan2
19011011018,42,1.000000000000,senate,vtd20_to_block20_to_plan2
19011011019,42,1.000000000000,senate,vtd20_to_block20_to_plan2
19011011020,42,1.000000000000,senate,vtd20_to_block20_to_plan2
19011011021,42,1.000000000000,senate,vtd20_to_block20_to_plan2
19011011022,42,1.000000000000,senate,vtd20_to_block20_to_plan2
19011011023,42,1.000000000000,senate,vtd20_to_block20_to_plan2
19013013001,27,1.000000000000,senate,vtd20_to_block20_to_plan2
19013013002,27,1.000000000000,senate,vtd20_to_block20_to_plan2
19013013002,34,0.000000000000,senate,vtd20_to_block20_to_plan2
19013013002,38,0.000000000000,senate,vtd20_to_block20_to_plan2
19013013003,27,1.000000000000,senate,vtd20_to_block20_to_plan2
19013013004,34,1.000000000000,senate,vtd20_to_block20_to_plan2
19013013004,38,0.000000000000,senate,vtd20_to_block20_to_plan2
19013013005,34,1.000000000000,senate,vtd20_to_block20_to_plan2
19013013006,34,1.000000000000,senate,vtd20_to_block20_to_plan2
19013013007,34,1.000000000000,senate,vtd20_to_block20_to_plan2
19013013008,34,1.000000000000,senate,vtd20_to_block20_to_plan2
19013013009,31,0.000000000000,senate,vtd20_to_block20_to_plan2
19013013009,34,1.000000000000,senate,vtd20_to_block20_to_plan2
19013013009,38,0.000000000000,senate,vtd20_to_block20_to_plan2
19013013010,34,0.000000000000,senate,vtd20_to_block20_to_plan2
19013013010,38,1.000000000000,senate,vtd20_to_block20_to_plan2
19013013011,34,1.000000000000,senate,vtd20_to_block20_to_plan2
19013013012,34,1.000000000000,senate,vtd20_to_block20_to_plan2
19013013013,34,0.000000000000,senate,vtd20_to_block20_to_plan2
19013013013,38,1.000000000000,senate,vtd20_to_block20_to_plan2
19013013014,34,0.000000000000,senate,vtd20_to_block20_to_plan2
19013013014,38,1.000000000000,senate,vtd20_to_block20_to_plan2
19013013015,31,0.000000000000,senate,vtd20_to_block20_to_plan2
19013013015,38,1.000000000000,senate,vtd20_to_block20_to_plan2
19013013016,31,0.000000000000,senate,vtd20_to_block20_to_plan2
19013013016,38,1.000000000000,senate,vtd20_to_block20_to_plan2
19013013017,38,1.000000000000,senate,vtd20_to_block20_to_plan2
19013013018,27,1.000000000000,senate,vtd20_to_block20_to_plan2
19013013018,38,0.000000000000,senate,vtd20_to_block20_to_plan2
19013013019,27,1.000000000000,senate,vtd20_to_block20_to_plan2
19013013019,38,0.000000000000,senate,vtd20_to_block20_to_plan2
19013013020,27,0.000000000000,senate,vtd20_to_block20_to_plan2
19013013020,38,1.000000000000,senate,vtd20_to_block20_to_plan2
19013013021,27,1.000000000000,senate,vtd20_to_block20_to_plan2
19013013021,38,0.000000000000,senate,vtd20_to_block20_to_plan2
19013013022,31,0.000000000000,senate,vtd20_to_block20_to_plan2
19013013022,38,1.000000000000,senate,vtd20_to_block20_to_plan2
19013013023,38,1.000000000000,senate,vtd20_to_block20_to_plan2
19013013024,38,1.000000000000,senate,vtd20_to_block20_to_plan2
19013013025,38,1.000000000000,senate,vtd20_to_block20_to_plan2
19013013026,38,1.000000000000,senate,vtd20_to_block20_to_plan2
19013013027,31,0.000000000000,senate,vtd20_to_block20_to_plan2
19013013027,38,1.000000000000,senate,vtd20_to_block20_to_plan2
19013013028,38,1.000000000000,senate,vtd20_to_block20_to_plan2
19013013029,38,1.000000000000,senate,vtd20_to_block20_to_plan2
19013013030,38,1.000000000000,senate,vtd20_to_block20_to_plan2
19013013031,31,0.000000000000,senate,vtd20_to_block20_to_plan2
19013013031,38,1.000000000000,senate,vtd20_to_block20_to_plan2
19013013032,38,1.000000000000,senate,vtd20_to_block20_to_plan2
19013013033,38,1.000000000000,senate,vtd20_to_block20_to_plan2
19013013034,31,0.000000000001,senate,vtd20_to_block20_to_plan2
19013013034,38,0.999999999998,senate,vtd20_to_block20_to_plan2
19013013035,38,1.000000000000,senate,vtd20_to_block20_to_plan2
19013013036,38,1.000000000000,senate,vtd20_to_block20_to_plan2
19013013037,34,0.000000000001,senate,vtd20_to_block20_to_plan2
19013013037,38,0.999999999999,senate,vtd20_to_block20_to_plan2
19013013038,31,0.000000000000,senate,vtd20_to_block20_to_plan2
19013013038,34,0.000000000000,senate,vtd20_to_block20_to_plan2
19013013038,38,1.000000000000,senate,vtd20_to_block20_to_plan2
19013013039,31,1.000000000000,senate,vtd20_to_block20_to_plan2
19013013040,31,1.000000000000,senate,vtd20_to_block20_to_plan2
19013013041,31,1.000000000000,senate,vtd20_to_block20_to_plan2
19013013042,31,1.000000000000,senate,vtd20_to_block20_to_plan2
19013013042,38,0.000000000000,senate,vtd20_to_block20_to_plan2
19013013043,31,1.000000000000,senate,vtd20_to_block20_to_plan2
19013013044,31,0.000000000000,senate,vtd20_to_block20_to_plan2
19013013044,38,1.000000000000,senate,vtd20_to_block20_to_plan2
19013013045,31,1.000000000000,senate,vtd20_to_block20_to_plan2
19013013046,31,1.000000000000,senate,vtd20_to_block20_to_plan2
19013013047,31,1.000000000000,senate,vtd20_to_block20_to_plan2
19013013048,31,1.000000000000,senate,vtd20_to_block20_to_plan2
19013013048,38,0.000000000000,senate,vtd20_to_block20_to_plan2
19013013049,31,1.000000000000,senate,vtd20_to_block20_to_plan2
19013013049,38,0.000000000000,senate,vtd20_to_block20_to_plan2
19013013050,31,1.000000000000,senate,vtd20_to_block20_to_plan2
19013013050,38,0.000000000000,senate,vtd20_to_block20_to_plan2
19013013051,31,1.000000000000,senate,vtd20_to_block20_to_plan2
19013013051,34,0.000000000000,senate,vtd20_to_block20_to_plan2
19013013051,38,0.000000000000,senate,vtd20_to_block20_to_plan2
19013013052,31,1.000000000000,senate,vtd20_to_block20_to_plan2
19013013052,34,0.000000000000,senate,vtd20_to_block20_to_plan2
19013013053,31,1.000000000000,senate,vtd20_to_block20_to_plan2
19013013054,31,1.000000000000,senate,vtd20_to_block20_to_plan2
19013013055,31,1.000000000000,senate,vtd20_to_block20_to_plan2
19013013056,31,1.000000000000,senate,vtd20_to_block20_to_plan2
19013013057,31,1.000000000000,senate,vtd20_to_block20_to_plan2
19013013058,31,1.000000000000,senate,vtd20_to_block20_to_plan2
19013013059,31,1.000000000000,senate,vtd20_to_block20_to_plan2
19013013060,31,1.000000000000,senate,vtd20_to_block20_to_plan2
19013013060,38,0.000000000000,senate,vtd20_to_block20_to_plan2
19013013061,31,1.000000000000,senate,vtd20_to_block20_to_plan2
19013013061,34,0.000000000000,senate,vtd20_to_block20_to_plan2
19013013062,31,1.000000000000,senate,vtd20_to_block20_to_plan2
19013013062,34,0.000000000000,senate,vtd20_to_block20_to_plan2
19013013062,38,0.000000000000,senate,vtd20_to_block20_to_plan2
19013013063,31,1.000000000000,senate,vtd20_to_block20_to_plan2
19013013064,31,1.000000000000,senate,vtd20_to_block20_to_plan2
19013013065,31,1.000000000000,senate,vtd20_to_block20_to_plan2
19013013066,31,1.000000000000,senate,vtd20_to_block20_to_plan2
19013013067,31,1.000000000000,senate,vtd20_to_block20_to_plan2
19013013068,31,1.000000000000,senate,vtd20_to_block20_to_plan2
19013013069,34,1.000000000000,senate,vtd20_to_block20_to_plan2
19013013069,38,0.000000000000,senate,vtd20_to_block20_to_plan2
19015015001,24,1.000000000000,senate,vtd20_to_block20_to_plan2
19015015002,24,1.000000000000,senate,vtd20_to_block20_to_plan2
19015015003,24,1.000000000000,senate,vtd20_to_block20_to_plan2
19015015004,24,1.000000000000,senate,vtd20_to_block20_to_plan2
19015015004,28,0.000000000000,senate,vtd20_to_block20_to_plan2
19015015005,24,1.000000000000,senate,vtd20_to_block20_to_plan2
19015015005,26,0.000000000000,senate,vtd20_to_block20_to_plan2
19015015006,24,1.000000000000,senate,vtd20_to_block20_to_plan2
19015015007,24,1.000000000000,senate,vtd20_to_block20_to_plan2
19015015008,24,1.000000000000,senate,vtd20_to_block20_to_plan2
19015015009,24,1.000000000000,senate,vtd20_to_block20_to_plan2
19015015010,24,1.000000000000,senate,vtd20_to_block20_to_plan2
19015015011,24,1.000000000000,senate,vtd20_to_block20_to_plan2
19015015012,24,1.000000000000,senate,vtd20_to_block20_to_plan2
19015015013,24,1.000000000000,senate,vtd20_to_block20_to_plan2
19015015014,24,1.000000000000,senate,vtd20_to_block20_to_plan2
19015015015,24,1.000000000000,senate,vtd20_to_block20_to_plan2
19015015016,24,1.000000000000,senate,vtd20_to_block20_to_plan2
19015015016,25,0.000000000000,senate,vtd20_to_block20_to_plan2
19015015017,24,1.000000000000,senate,vtd20_to_block20_to_plan2
19015015018,23,0.000000000000,senate,vtd20_to_block20_to_plan2
19015015018,24,1.000000000000,senate,vtd20_to_block20_to_plan2
19015015019,23,0.000000000004,senate,vtd20_to_block20_to_plan2
19015015019,24,0.999999999996,senate,vtd20_to_block20_to_plan2
19015015020,23,0.000000000000,senate,vtd20_to_block20_to_plan2
19015015020,24,1.000000000000,senate,vtd20_to_block20_to_plan2
19015015021,24,1.000000000000,senate,vtd20_to_block20_to_plan2
19015015022,24,1.000000000000,senate,vtd20_to_block20_to_plan2
19015015023,23,0.000000000000,senate,vtd20_to_block20_to_plan2
19015015023,24,1.000000000000,senate,vtd20_to_block20_to_plan2
19015015024,24,1.000000000000,senate,vtd20_to_block20_to_plan2
19015015025,24,1.000000000000,senate,vtd20_to_block20_to_plan2
19015015026,24,1.000000000000,senate,vtd20_to_block20_to_plan2
19015015027,24,1.000000000000,senate,vtd20_to_block20_to_plan2
19017017001,29,1.000000000000,senate,vtd20_to_block20_to_plan2
19017017002,29,1.000000000000,senate,vtd20_to_block20_to_plan2
19017017003,29,1.000000000000,senate,vtd20_to_block20_to_plan2
19017017004,29,1.000000000000,senate,vtd20_to_block20_to_plan2
19017017005,29,1.000000000000,senate,vtd20_to_block20_to_plan2
19017017005,34,0.000000000000,senate,vtd20_to_block20_to_plan2
19017017006,29,1.000000000000,senate,vtd20_to_block20_to_plan2
19017017006,34,0.000000000000,senate,vtd20_to_block20_to_plan2
19017017007,29,1.000000000000,senate,vtd20_to_block20_to_plan2
19017017007,34,0.000000000000,senate,vtd20_to_block20_to_plan2
19017017008,29,1.000000000000,senate,vtd20_to_block20_to_plan2
19017017009,29,1.000000000000,senate,vtd20_to_block20_to_plan2
19017017010,29,1.000000000000,senate,vtd20_to_block20_to_plan2
19017017011,29,1.000000000000,senate,vtd20_to_block20_to_plan2
19017017012,29,1.000000000000,senate,vtd20_to_block20_to_plan2
19017017013,29,1.000000000000,senate,vtd20_to_block20_to_plan2
19017017014,29,1.000000000000,senate,vtd20_to_block20_to_plan2
19017017015,29,1.000000000000,senate,vtd20_to_block20_to_plan2
19017017016,29,1.000000000000,senate,vtd20_to_block20_to_plan2
19017017017,29,1.000000000000,senate,vtd20_to_block20_to_plan2
19017017018,29,1.000000000000,senate,vtd20_to_block20_to_plan2
19017017018,34,0.000000000000,senate,vtd20_to_block20_to_plan2
19017017019,29,1.000000000000,senate,vtd20_to_block20_to_plan2
19017017019,34,0.000000000000,senate,vtd20_to_block20_to_plan2
19019019001,34,1.000000000000,senate,vtd20_to_block20_to_plan2
19019019002,34,1.000000000000,senate,vtd20_to_block20_to_plan2
19019019003,34,1.000000000000,senate,vtd20_to_block20_to_plan2
19019019004,34,1.000000000000,senate,vtd20_to_block20_to_plan2
19019019005,34,1.000000000000,senate,vtd20_to_block20_to_plan2
19019019006,34,1.000000000000,senate,vtd20_to_block20_to_plan2
19019019007,34,1.000000000000,senate,vtd20_to_block20_to_plan2
19019019008,34,1.000000000000,senate,vtd20_to_block20_to_plan2
19019019009,34,1.000000000000,senate,vtd20_to_block20_to_plan2
19019019010,34,1.000000000000,senate,vtd20_to_block20_to_plan2
19019019011,34,1.000000000000,senate,vtd20_to_block20_to_plan2
19019019012,34,1.000000000000,senate,vtd20_to_block20_to_plan2
19019019013,34,1.000000000000,senate,vtd20_to_block20_to_plan2
19019019014,34,1.000000000000,senate,vtd20_to_block20_to_plan2
19019019015,34,1.000000000000,senate,vtd20_to_block20_to_plan2
19019019016,34,1.000000000000,senate,vtd20_to_block20_to_plan2
19019019017,34,1.000000000000,senate,vtd20_to_block20_to_plan2
19019019018,34,1.000000000000,senate,vtd20_to_block20_to_plan2
19019019019,34,1.000000000000,senate,vtd20_to_block20_to_plan2
19019019019,42,0.000000000000,senate,vtd20_to_block20_to_plan2
19019019020,34,1.000000000000,senate,vtd20_to_block20_to_plan2
19019019020,42,0.000000000000,senate,vtd20_to_block20_to_plan2
19019019021,34,1.000000000000,senate,vtd20_to_block20_to_plan2
19019019022,34,1.000000000000,senate,vtd20_to_block20_to_plan2
19019019022,42,0.000000000000,senate,vtd20_to_block20_to_plan2
19021021001,3,1.000000000000,senate,vtd20_to_block20_to_plan2
19021021002,3,1.000000000000,senate,vtd20_to_block20_to_plan2
19021021003,3,1.000000000000,senate,vtd20_to_block20_to_plan2
19021021004,3,1.000000000000,senate,vtd20_to_block20_to_plan2
19021021005,3,1.000000000000,senate,vtd20_to_block20_to_plan2
19021021006,3,1.000000000000,senate,vtd20_to_block20_to_plan2
19021021006,4,0.000000000000,senate,vtd20_to_block20_to_plan2
19021021007,3,1.000000000000,senate,vtd20_to_block20_to_plan2
19021021007,4,0.000000000000,senate,vtd20_to_block20_to_plan2
19021021008,3,1.000000000000,senate,vtd20_to_block20_to_plan2
19021021009,3,1.000000000000,senate,vtd20_to_block20_to_plan2
19021021010,3,1.000000000000,senate,vtd20_to_block20_to_plan2
19021021011,3,1.000000000000,senate,vtd20_to_block20_to_plan2
19021021012,3,1.000000000000,senate,vtd20_to_block20_to_plan2
19021021013,3,1.000000000000,senate,vtd20_to_block20_to_plan2
19021021014,3,1.000000000000,senate,vtd20_to_block20_to_plan2
19021021014,4,0.000000000000,senate,vtd20_to_block20_to_plan2
19021021015,3,1.000000000000,senate,vtd20_to_block20_to_plan2
19021021015,4,0.000000000000,senate,vtd20_to_block20_to_plan2
19021021016,3,1.000000000000,senate,vtd20_to_block20_to_plan2
19021021016,4,0.000000000000,senate,vtd20_to_block20_to_plan2
19021021017,3,1.000000000000,senate,vtd20_to_block20_to_plan2
19021021017,4,0.000000000000,senate,vtd20_to_block20_to_plan2
19021021018,3,1.000000000000,senate,vtd20_to_block20_to_plan2
19021021019,3,1.000000000000,senate,vtd20_to_block20_to_plan2
19021021020,3,1.000000000000,senate,vtd20_to_block20_to_plan2
19021021020,4,0.000000000000,senate,vtd20_to_block20_to_plan2
19023023001,29,1.000000000000,senate,vtd20_to_block20_to_plan2
19023023002,29,1.000000000000,senate,vtd20_to_block20_to_plan2
19023023003,29,1.000000000000,senate,vtd20_to_block20_to_plan2
19023023004,29,1.000000000000,senate,vtd20_to_block20_to_plan2
19023023005,29,1.000000000000,senate,vtd20_to_block20_to_plan2
19023023006,29,1.000000000000,senate,vtd20_to_block20_to_plan2
19023023007,29,1.000000000000,senate,vtd20_to_block20_to_plan2
19023023008,29,1.000000000000,senate,vtd20_to_block20_to_plan2
19023023009,29,1.000000000000,senate,vtd20_to_block20_to_plan2
19023023010,29,1.000000000000,senate,vtd20_to_block20_to_plan2
19023023011,29,1.000000000000,senate,vtd20_to_block20_to_plan2
19023023012,29,1.000000000000,senate,vtd20_to_block20_to_plan2
19023023013,29,1.000000000000,senate,vtd20_to_block20_to_plan2
19023023014,29,1.000000000000,senate,vtd20_to_block20_to_plan2
19023023015,29,1.000000000000,senate,vtd20_to_block20_to_plan2
19023023016,29,1.000000000000,senate,vtd20_to_block20_to_plan2
19023023017,27,0.000000000000,senate,vtd20_to_block20_to_plan2
19023023017,29,1.000000000000,senate,vtd20_to_block20_to_plan2
19023023018,29,1.000000000000,senate,vtd20_to_block20_to_plan2
19023023019,27,0.000000000000,senate,vtd20_to_block20_to_plan2
19023023019,29,1.000000000000,senate,vtd20_to_block20_to_plan2
19023023020,29,1.000000000000,senate,vtd20_to_block20_to_plan2
19023023021,29,1.000000000000,senate,vtd20_to_block20_to_plan2
19025025001,4,1.000000000000,senate,vtd20_to_block20_to_plan2
19025025002,4,1.000000000000,senate,vtd20_to_block20_to_plan2
19025025003,4,1.000000000000,senate,vtd20_to_block20_to_plan2
19025025004,4,1.000000000000,senate,vtd20_to_block20_to_plan2
19025025005,4,1.000000000000,senate,vtd20_to_block20_to_plan2
19025025006,4,1.000000000000,senate,vtd20_to_block20_to_plan2
19025025007,4,1.000000000000,senate,vtd20_to_block20_to_plan2
19025025008,4,1.000000000000,senate,vtd20_to_block20_to_plan2
19025025009,4,1.000000000000,senate,vtd20_to_block20_to_plan2
19025025010,4,1.000000000000,senate,vtd20_to_block20_to_plan2
19025025011,4,1.000000000000,senate,vtd20_to_block20_to_plan2
19025025012,4,1.000000000000,senate,vtd20_to_block20_to_plan2
19025025013,4,1.000000000000,senate,vtd20_to_block20_to_plan2
19025025014,4,1.000000000000,senate,vtd20_to_block20_to_plan2
19025025015,4,1.000000000000,senate,vtd20_to_block20_to_plan2
19025025016,4,1.000000000000,senate,vtd20_to_block20_to_plan2
19025025017,4,1.000000000000,senate,vtd20_to_block20_to_plan2
19025025018,4,1.000000000000,senate,vtd20_to_block20_to_plan2
19025025019,4,1.000000000000,senate,vtd20_to_block20_to_plan2
19025025020,4,1.000000000000,senate,vtd20_to_block20_to_plan2
19025025021,4,1.000000000000,senate,vtd20_to_block20_to_plan2
19025025022,4,1.000000000000,senate,vtd20_to_block20_to_plan2
19025025023,4,1.000000000000,senate,vtd20_to_block20_to_plan2
19025025023,6,0.000000000000,senate,vtd20_to_block20_to_plan2
19027027001,6,1.000000000000,senate,vtd20_to_block20_to_plan2
19027027002,6,1.000000000000,senate,vtd20_to_block20_to_plan2
19027027003,6,1.000000000000,senate,vtd20_to_block20_to_plan2
19027027004,6,1.000000000000,senate,vtd20_to_block20_to_plan2
19027027005,6,1.000000000000,senate,vtd20_to_block20_to_plan2
19027027006,24,0.000000000000,senate,vtd20_to_block20_to_plan2
19027027006,6,1.000000000000,senate,vtd20_to_block20_to_plan2
19027027007,6,1.000000000000,senate,vtd20_to_block20_to_plan2
19027027008,6,1.000000000000,senate,vtd20_to_block20_to_plan2
19027027009,6,1.000000000000,senate,vtd20_to_block20_to_plan2
19027027010,6,1.000000000000,senate,vtd20_to_block20_to_plan2
19027027011,6,1.000000000000,senate,vtd20_to_block20_to_plan2
19027027012,6,1.000000000000,senate,vtd20_to_block20_to_plan2
19027027013,6,1.000000000000,senate,vtd20_to_block20_to_plan2
19027027014,6,1.000000000000,senate,vtd20_to_block20_to_plan2
19027027015,6,1.000000000000,senate,vtd20_to_block20_to_plan2
19027027016,6,1.000000000000,senate,vtd20_to_block20_to_plan2
19027027017,24,0.000000000000,senate,vtd20_to_block20_to_plan2
19027027017,6,1.000000000000,senate,vtd20_to_block20_to_plan2
19027027018,24,0.000000000000,senate,vtd20_to_block20_to_plan2
19027027018,6,1.000000000000,senate,vtd20_to_block20_to_plan2
19027027019,6,1.000000000000,senate,vtd20_to_block20_to_plan2
19027027020,6,1.000000000000,senate,vtd20_to_block20_to_plan2
19027027021,6,1.000000000000,senate,vtd20_to_block20_to_plan2
19027027022,6,1.000000000000,senate,vtd20_to_block20_to_plan2
19029029001,9,1.000000000000,senate,vtd20_to_block20_to_plan2
19029029002,9,1.000000000000,senate,vtd20_to_block20_to_plan2
19029029003,6,0.000000000000,senate,vtd20_to_block20_to_plan2
19029029003,9,1.000000000000,senate,vtd20_to_block20_to_plan2
19029029004,12,0.000000000000,senate,vtd20_to_block20_to_plan2
19029029004,9,1.000000000000,senate,vtd20_to_block20_to_plan2
19029029005,12,0.000000000000,senate,vtd20_to_block20_to_plan2
19029029005,9,1.000000000000,senate,vtd20_to_block20_to_plan2
19029029006,9,1.000000000000,senate,vtd20_to_block20_to_plan2
19029029007,9,1.000000000000,senate,vtd20_to_block20_to_plan2
19029029008,9,1.000000000000,senate,vtd20_to_block20_to_plan2
19029029009,9,1.000000000000,senate,vtd20_to_block20_to_plan2
19029029010,9,1.000000000000,senate,vtd20_to_block20_to_plan2
19029029011,9,1.000000000000,senate,vtd20_to_block20_to_plan2
19029029012,9,1.000000000000,senate,vtd20_to_block20_to_plan2
19029029013,12,0.000000000000,senate,vtd20_to_block20_to_plan2
19029029013,9,1.000000000000,senate,vtd20_to_block20_to_plan2
19029029014,9,1.000000000000,senate,vtd20_to_block20_to_plan2
19029029015,9,1.000000000000,senate,vtd20_to_block20_to_plan2
19029029016,9,1.000000000000,senate,vtd20_to_block20_to_plan2
19029029017,9,1.000000000000,senate,vtd20_to_block20_to_plan2
19029029018,9,1.000000000000,senate,vtd20_to_block20_to_plan2
19031031001,41,1.000000000000,senate,vtd20_to_block20_to_plan2
19031031002,41,1.000000000000,senate,vtd20_to_block20_to_plan2
19031031003,41,1.000000000000,senate,vtd20_to_block20_to_plan2
19031031004,41,1.000000000000,senate,vtd20_to_block20_to_plan2
19031031005,35,0.000000000000,senate,vtd20_to_block20_to_plan2
19031031005,41,1.000000000000,senate,vtd20_to_block20_to_plan2
19031031006,35,0.000000000000,senate,vtd20_to_block20_to_plan2
19031031006,41,1.000000000000,senate,vtd20_to_block20_to_plan2
19031031007,41,1.000000000000,senate,vtd20_to_block20_to_plan2
19031031008,41,1.000000000000,senate,vtd20_to_block20_to_plan2
19031031009,41,1.000000000000,senate,vtd20_to_block20_to_plan2
19031031010,41,1.000000000000,senate,vtd20_to_block20_to_plan2
19031031011,41,1.000000000000,senate,vtd20_to_block20_to_plan2
19031031012,41,1.000000000000,senate,vtd20_to_block20_to_plan2
19031031013,41,1.000000000000,senate,vtd20_to_block20_to_plan2
19031031014,41,1.000000000000,senate,vtd20_to_block20_to_plan2
19031031015,41,1.000000000000,senate,vtd20_to_block20_to_plan2
19031031015,48,0.000000000000,senate,vtd20_to_block20_to_plan2
19031031016,41,1.000000000000,senate,vtd20_to_block20_to_plan2
19031031017,41,1.000000000000,senate,vtd20_to_block20_to_plan2
19031031018,41,1.000000000000,senate,vtd20_to_block20_to_plan2
19031031019,41,1.000000000000,senate,vtd20_to_block20_to_plan2
19031031020,41,1.000000000000,senate,vtd20_to_block20_to_plan2
19031031021,41,1.000000000000,senate,vtd20_to_block20_to_plan2
19031031022,41,1.000000000000,senate,vtd20_to_block20_to_plan2
19033033001,30,1.000000000000,senate,vtd20_to_block20_to_plan2
19033033002,30,1.000000000000,senate,vtd20_to_block20_to_plan2
19033033003,30,1.000000000000,senate,vtd20_to_block20_to_plan2
19033033004,30,1.000000000000,senate,vtd20_to_block20_to_plan2
19033033005,30,1.000000000000,senate,vtd20_to_block20_to_plan2
19033033007,30,1.000000000000,senate,vtd20_to_block20_to_plan2
19033033008,30,1.000000000000,senate,vtd20_to_block20_to_plan2
19033033009,30,1.000000000000,senate,vtd20_to_block20_to_plan2
19033033010,30,1.000000000000,senate,vtd20_to_block20_to_plan2
19033033011,30,1.000000000000,senate,vtd20_to_block20_to_plan2
19033033012,30,1.000000000000,senate,vtd20_to_block20_to_plan2
19033033013,30,1.000000000000,senate,vtd20_to_block20_to_plan2
19033033014,30,1.000000000000,senate,vtd20_to_block20_to_plan2
19033033015,30,1.000000000000,senate,vtd20_to_block20_to_plan2
19033033016,28,0.000000000000,senate,vtd20_to_block20_to_plan2
19033033016,29,0.000000000000,senate,vtd20_to_block20_to_plan2
19033033016,30,1.000000000000,senate,vtd20_to_block20_to_plan2
19033033017,30,1.000000000000,senate,vtd20_to_block20_to_plan2
19033033018,30,1.000000000000,senate,vtd20_to_block20_to_plan2
19033033019,30,1.000000000000,senate,vtd20_to_block20_to_plan2
19033033020,28,0.000000000000,senate,vtd20_to_block20_to_plan2
19033033020,30,1.000000000000,senate,vtd20_to_block20_to_plan2
19033033021,30,1.000000000000,senate,vtd20_to_block20_to_plan2
19033033022,30,1.000000000000,senate,vtd20_to_block20_to_plan2
19033033023,30,1.000000000000,senate,vtd20_to_block20_to_plan2
19033033024,30,1.000000000000,senate,vtd20_to_block20_to_plan2
19033033025,30,1.000000000000,senate,vtd20_to_block20_to_plan2
19033033026,30,1.000000000000,senate,vtd20_to_block20_to_plan2
19033033027,30,1.000000000000,senate,vtd20_to_block20_to_plan2
19033033028,30,1.000000000000,senate,vtd20_to_block20_to_plan2
19033033029,30,1.000000000000,senate,vtd20_to_block20_to_plan2
19033033030,30,1.000000000000,senate,vtd20_to_block20_to_plan2
19033033031,30,1.000000000000,senate,vtd20_to_block20_to_plan2
19033033032,30,1.000000000000,senate,vtd20_to_block20_to_plan2
19033033033,30,1.000000000000,senate,vtd20_to_block20_to_plan2
19033033034,30,1.000000000000,senate,vtd20_to_block20_to_plan2
19033033035,30,1.000000000000,senate,vtd20_to_block20_to_plan2
19035035001,7,1.000000000000,senate,vtd20_to_block20_to_plan2
19035035002,3,1.000000000000,senate,vtd20_to_block20_to_plan2
19035035003,3,1.000000000000,senate,vtd20_to_block20_to_plan2
19035035004,3,1.000000000000,senate,vtd20_to_block20_to_plan2
19035035006,3,1.000000000000,senate,vtd20_to_block20_to_plan2
19035035007,3,1.000000000000,senate,vtd20_to_block20_to_plan2
19035035008,3,0.000000000000,senate,vtd20_to_block20_to_plan2
19035035008,7,1.000000000000,senate,vtd20_to_block20_to_plan2
19035035009,7,1.000000000000,senate,vtd20_to_block20_to_plan2
19035035010,7,1.000000000000,senate,vtd20_to_block20_to_plan2
19035035011,7,1.000000000000,senate,vtd20_to_block20_to_plan2
19035035012,3,0.000000000000,senate,vtd20_to_block20_to_plan2
19035035012,7,1.000000000000,senate,vtd20_to_block20_to_plan2
19035035013,3,1.000000000000,senate,vtd20_to_block20_to_plan2
19035035014,3,1.000000000000,senate,vtd20_to_block20_to_plan2
19035035015,3,1.000000000000,senate,vtd20_to_block20_to_plan2
19035035016,3,1.000000000000,senate,vtd20_to_block20_to_plan2
19035035016,6,0.000000000000,senate,vtd20_to_block20_to_plan2
19035035017,3,1.000000000000,senate,vtd20_to_block20_to_plan2
19035035017,6,0.000000000000,senate,vtd20_to_block20_to_plan2
19035035018,3,0.000000000000,senate,vtd20_to_block20_to_plan2
19035035018,7,1.000000000000,senate,vtd20_to_block20_to_plan2
19035035019,7,1.000000000000,senate,vtd20_to_block20_to_plan2
19037037001,29,1.000000000000,senate,vtd20_to_block20_to_plan2
19037037002,29,1.000000000000,senate,vtd20_to_block20_to_plan2
19037037003,29,1.000000000000,senate,vtd20_to_block20_to_plan2
19037037003,32,0.000000000000,senate,vtd20_to_block20_to_plan2
19037037004,29,1.000000000000,senate,vtd20_to_block20_to_plan2
19037037004,32,0.000000000000,senate,vtd20_to_block20_to_plan2
19037037005,29,1.000000000000,senate,vtd20_to_block20_to_plan2
19037037006,29,1.000000000000,senate,vtd20_to_block20_to_plan2
19037037006,32,0.000000000000,senate,vtd20_to_block20_to_plan2
19037037007,29,1.000000000000,senate,vtd20_to_block20_to_plan2
19037037008,29,1.000000000000,senate,vtd20_to_block20_to_plan2
19037037009,29,1.000000000000,senate,vtd20_to_block20_to_plan2
19037037010,29,1.000000000000,senate,vtd20_to_block20_to_plan2
19037037011,29,1.000000000000,senate,vtd20_to_block20_to_plan2
19037037012,29,1.000000000000,senate,vtd20_to_block20_to_plan2
19037037013,29,1.000000000000,senate,vtd20_to_block20_to_plan2
19037037014,29,1.000000000000,senate,vtd20_to_block20_to_plan2
19037037015,29,1.000000000000,senate,vtd20_to_block20_to_plan2
19037037015,34,0.000000000000,senate,vtd20_to_block20_to_plan2
19037037016,29,1.000000000000,senate,vtd20_to_block20_to_plan2
19039039001,12,1.000000000000,senate,vtd20_to_block20_to_plan2
19039039002,12,1.000000000000,senate,vtd20_to_block20_to_plan2
19039039003,12,1.000000000000,senate,vtd20_to_block20_to_plan2
19039039004,12,1.000000000000,senate,vtd20_to_block20_to_plan2
19039039005,12,1.000000000000,senate,vtd20_to_block20_to_plan2
19039039006,12,1.000000000000,senate,vtd20_to_block20_to_plan2
19039039007,12,1.000000000000,senate,vtd20_to_block20_to_plan2
19039039008,12,1.000000000000,senate,vtd20_to_block20_to_plan2
19039039009,12,1.000000000000,senate,vtd20_to_block20_to_plan2
19039039010,12,1.000000000000,senate,vtd20_to_block20_to_plan2
19039039011,12,1.000000000000,senate,vtd20_to_block20_to_plan2
19039039012,12,1.000000000000,senate,vtd20_to_block20_to_plan2
19039039013,12,1.000000000000,senate,vtd20_to_block20_to_plan2
19041041001,5,1.000000000000,senate,vtd20_to_block20_to_plan2
19041041002,3,0.000000000000,senate,vtd20_to_block20_to_plan2
19041041002,5,1.000000000000,senate,vtd20_to_block20_to_plan2
19041041003,3,0.000000000000,senate,vtd20_to_block20_to_plan2
19041041003,5,1.000000000000,senate,vtd20_to_block20_to_plan2
19041041004,5,1.000000000000,senate,vtd20_to_block20_to_plan2
19041041005,5,1.000000000000,senate,vtd20_to_block20_to_plan2
19041041006,5,1.000000000000,senate,vtd20_to_block20_to_plan2
19041041007,5,1.000000000000,senate,vtd20_to_block20_to_plan2
19041041008,3,1.000000000000,senate,vtd20_to_block20_to_plan2
19041041008,5,0.000000000000,senate,vtd20_to_block20_to_plan2
19041041009,3,1.000000000000,senate,vtd20_to_block20_to_plan2
19041041009,5,0.000000000000,senate,vtd20_to_block20_to_plan2
19041041010,3,1.000000000000,senate,vtd20_to_block20_to_plan2
19041041010,5,0.000000000000,senate,vtd20_to_block20_to_plan2
19041041011,5,1.000000000000,senate,vtd20_to_block20_to_plan2
19041041012,3,1.000000000000,senate,vtd20_to_block20_to_plan2
19041041013,3,1.000000000000,senate,vtd20_to_block20_to_plan2
19041041014,3,1.000000000000,senate,vtd20_to_block20_to_plan2
19041041015,3,1.000000000000,senate,vtd20_to_block20_to_plan2
19041041016,3,1.000000000000,senate,vtd20_to_block20_to_plan2
19041041017,3,1.000000000000,senate,vtd20_to_block20_to_plan2
19041041018,3,1.000000000000,senate,vtd20_to_block20_to_plan2
19041041019,3,1.000000000000,senate,vtd20_to_block20_to_plan2
19041041020,3,1.000000000000,senate,vtd20_to_block20_to_plan2
19043043001,32,1.000000000000,senate,vtd20_to_block20_to_plan2
19043043002,32,1.000000000000,senate,vtd20_to_block20_to_plan2
19043043003,32,1.000000000000,senate,vtd20_to_block20_to_plan2
19043043004,32,1.000000000000,senate,vtd20_to_block20_to_plan2
19043043005,32,1.000000000000,senate,vtd20_to_block20_to_plan2
19043043006,32,1.000000000000,senate,vtd20_to_block20_to_plan2
19043043007,32,1.000000000000,senate,vtd20_to_block20_to_plan2
19043043008,32,1.000000000000,senate,vtd20_to_block20_to_plan2
19043043009,32,1.000000000000,senate,vtd20_to_block20_to_plan2
19043043010,32,1.000000000000,senate,vtd20_to_block20_to_plan2
19043043011,32,1.000000000000,senate,vtd20_to_block20_to_plan2
19043043012,32,1.000000000000,senate,vtd20_to_block20_to_plan2
19043043013,32,1.000000000000,senate,vtd20_to_block20_to_plan2
19043043014,32,1.000000000000,senate,vtd20_to_block20_to_plan2
19043043015,32,1.000000000000,senate,vtd20_to_block20_to_plan2
19043043016,32,1.000000000000,senate,vtd20_to_block20_to_plan2
19043043017,32,1.000000000000,senate,vtd20_to_block20_to_plan2
19043043018,32,1.000000000000,senate,vtd20_to_block20_to_plan2
19043043019,32,1.000000000000,senate,vtd20_to_block20_to_plan2
19043043020,32,1.000000000000,senate,vtd20_to_block20_to_plan2
19043043020,34,0.000000000000,senate,vtd20_to_block20_to_plan2
19043043021,32,0.999999999999,senate,vtd20_to_block20_to_plan2
19043043021,34,0.000000000001,senate,vtd20_to_block20_to_plan2
19043043022,32,1.000000000000,senate,vtd20_to_block20_to_plan2
19043043023,32,1.000000000000,senate,vtd20_to_block20_to_plan2
19043043023,34,0.000000000000,senate,vtd20_to_block20_to_plan2
19043043024,32,1.000000000000,senate,vtd20_to_block20_to_plan2
19043043025,32,1.000000000000,senate,vtd20_to_block20_to_plan2
19043043026,32,1.000000000000,senate,vtd20_to_block20_to_plan2
19043043026,33,0.000000000000,senate,vtd20_to_block20_to_plan2
19045045001,35,1.000000000000,senate,vtd20_to_block20_to_plan2
19045045002,35,1.000000000000,senate,vtd20_to_block20_to_plan2
19045045003,35,1.000000000000,senate,vtd20_to_block20_to_plan2
19045045004,35,1.000000000000,senate,vtd20_to_block20_to_plan2
19045045005,35,1.000000000000,senate,vtd20_to_block20_to_plan2
19045045006,35,1.000000000000,senate,vtd20_to_block20_to_plan2
19045045007,33,0.000000000000,senate,vtd20_to_block20_to_plan2
19045045007,35,1.000000000000,senate,vtd20_to_block20_to_plan2
19045045008,35,1.000000000000,senate,vtd20_to_block20_to_plan2
19045045009,35,1.000000000000,senate,vtd20_to_block20_to_plan2
19045045010,35,1.000000000000,senate,vtd20_to_block20_to_plan2
19045045011,35,1.000000000000,senate,vtd20_to_block20_to_plan2
19045045012,35,1.000000000000,senate,vtd20_to_block20_to_plan2
19045045013,35,1.000000000000,senate,vtd20_to_block20_to_plan2
19045045014,35,1.000000000000,senate,vtd20_to_block20_to_plan2
19045045014,41,0.000000000000,senate,vtd20_to_block20_to_plan2
19045045015,35,1.000000000000,senate,vtd20_to_block20_to_plan2
19045045016,35,1.000000000000,senate,vtd20_to_block20_to_plan2
19045045017,35,1.000000000000,senate,vtd20_to_block20_to_plan2
19045045018,35,1.000000000000,senate,vtd20_to_block20_to_plan2
19045045019,35,1.000000000000,senate,vtd20_to_block20_to_plan2
19045045020,35,1.000000000000,senate,vtd20_to_block20_to_plan2
19045045021,35,1.000000000000,senate,vtd20_to_block20_to_plan2
19045045022,35,1.000000000000,senate,vtd20_to_block20_to_plan2
19045045023,35,1.000000000000,senate,vtd20_to_block20_to_plan2
19045045024,35,1.000000000000,senate,vtd20_to_block20_to_plan2
19045045025,35,1.000000000000,senate,vtd20_to_block20_to_plan2
19045045026,35,1.000000000000,senate,vtd20_to_block20_to_plan2
19045045027,35,1.000000000000,senate,vtd20_to_block20_to_plan2
19045045028,35,1.000000000000,senate,vtd20_to_block20_to_plan2
19045045029,35,1.000000000000,senate,vtd20_to_block20_to_plan2
19045045030,35,1.000000000000,senate,vtd20_to_block20_to_plan2
19047047001,6,1.000000000000,senate,vtd20_to_block20_to_plan2
19047047002,6,1.000000000000,senate,vtd20_to_block20_to_plan2
19047047003,6,1.000000000000,senate,vtd20_to_block20_to_plan2
19047047004,6,1.000000000000,senate,vtd20_to_block20_to_plan2
19047047005,6,1.000000000000,senate,vtd20_to_block20_to_plan2
19047047006,6,1.000000000000,senate,vtd20_to_block20_to_plan2
19047047007,6,1.000000000000,senate,vtd20_to_block20_to_plan2
19047047008,6,1.000000000000,senate,vtd20_to_block20_to_plan2
19047047009,6,1.000000000000,senate,vtd20_to_block20_to_plan2
19047047010,6,1.000000000000,senate,vtd20_to_block20_to_plan2
19047047011,6,1.000000000000,senate,vtd20_to_block20_to_plan2
19047047012,6,1.000000000000,senate,vtd20_to_block20_to_plan2
19047047013,6,1.000000000000,senate,vtd20_to_block20_to_plan2
19047047014,6,1.000000000000,senate,vtd20_to_block20_to_plan2
19047047015,6,1.000000000000,senate,vtd20_to_block20_to_plan2
19047047016,6,1.000000000000,senate,vtd20_to_block20_to_plan2
19047047017,6,1.000000000000,senate,vtd20_to_block20_to_plan2
19047047018,6,1.000000000000,senate,vtd20_to_block20_to_plan2
19047047019,6,1.000000000000,senate,vtd20_to_block20_to_plan2
19047047020,6,1.000000000000,senate,vtd20_to_block20_to_plan2
19047047021,6,1.000000000000,senate,vtd20_to_block20_to_plan2
19047047022,6,1.000000000000,senate,vtd20_to_block20_to_plan2
19047047023,6,1.000000000000,senate,vtd20_to_block20_to_plan2
19047047024,6,1.000000000000,senate,vtd20_to_block20_to_plan2
19047047025,6,1.000000000000,senate,vtd20_to_block20_to_plan2
19047047026,6,1.000000000000,senate,vtd20_to_block20_to_plan2
19047047027,6,1.000000000000,senate,vtd20_to_block20_to_plan2
19047047028,6,1.000000000000,senate,vtd20_to_block20_to_plan2
19047047028,8,0.000000000000,senate,vtd20_to_block20_to_plan2
19047047029,6,1.000000000000,senate,vtd20_to_block20_to_plan2
19049049001,24,1.000000000000,senate,vtd20_to_block20_to_plan2
19049049002,23,0.000000000000,senate,vtd20_to_block20_to_plan2
19049049002,24,1.000000000000,senate,vtd20_to_block20_to_plan2
19049049003,23,1.000000000000,senate,vtd20_to_block20_to_plan2
19049049004,23,1.000000000000,senate,vtd20_to_block20_to_plan2
19049049005,23,1.000000000000,senate,vtd20_to_block20_to_plan2
19049049006,23,1.000000000000,senate,vtd20_to_block20_to_plan2
19049049007,23,1.000000000000,senate,vtd20_to_block20_to_plan2
19049049008,23,0.000000000000,senate,vtd20_to_block20_to_plan2
19049049008,24,1.000000000000,senate,vtd20_to_block20_to_plan2
19049049009,12,0.000000000000,senate,vtd20_to_block20_to_plan2
19049049009,24,1.000000000000,senate,vtd20_to_block20_to_plan2
19049049010,24,1.000000000000,senate,vtd20_to_block20_to_plan2
19049049011,12,0.000000000000,senate,vtd20_to_block20_to_plan2
19049049011,24,1.000000000000,senate,vtd20_to_block20_to_plan2
19049049012,24,1.000000000000,senate,vtd20_to_block20_to_plan2
19049049013,12,1.000000000000,senate,vtd20_to_block20_to_plan2
19049049013,14,0.000000000000,senate,vtd20_to_block20_to_plan2
19049049014,14,1.000000000000,senate,vtd20_to_block20_to_plan2
19049049015,24,1.000000000000,senate,vtd20_to_block20_to_plan2
19049049016,23,1.000000000000,senate,vtd20_to_block20_to_plan2
19049049017,12,0.009174311927,senate,vtd20_to_block20_to_plan2
19049049017,14,0.990825688073,senate,vtd20_to_block20_to_plan2
19049049018,14,0.000000000000,senate,vtd20_to_block20_to_plan2
19049049018,23,1.000000000000,senate,vtd20_to_block20_to_plan2
19049049019,22,0.000000000000,senate,vtd20_to_block20_to_plan2
19049049019,23,1.000000000000,senate,vtd20_to_block20_to_plan2
19049049020,14,0.999999999999,senate,vtd20_to_block20_to_plan2
19049049020,16,0.000000000000,senate,vtd20_to_block20_to_plan2
19049049020,23,0.000000000001,senate,vtd20_to_block20_to_plan2
19049049021,12,0.000000000000,senate,vtd20_to_block20_to_plan2
19049049021,14,1.000000000000,senate,vtd20_to_block20_to_plan2
19049049022,14,1.000000000000,senate,vtd20_to_block20_to_plan2
19049049023,14,0.999999999999,senate,vtd20_to_block20_to_plan2
19049049023,16,0.000000000001,senate,vtd20_to_block20_to_plan2
19049049024,14,1.000000000000,senate,vtd20_to_block20_to_plan2
19049049025,14,0.999999999998,senate,vtd20_to_block20_to_plan2
19049049025,16,0.000000000002,senate,vtd20_to_block20_to_plan2
19049049026,12,1.000000000000,senate,vtd20_to_block20_to_plan2
19049049026,14,0.000000000000,senate,vtd20_to_block20_to_plan2
19049049027,12,0.999999999999,senate,vtd20_to_block20_to_plan2
19049049027,14,0.000000000001,senate,vtd20_to_block20_to_plan2
19049049028,12,1.000000000000,senate,vtd20_to_block20_to_plan2
19049049029,12,1.000000000000,senate,vtd20_to_block20_to_plan2
19049049030,12,0.000000000000,senate,vtd20_to_block20_to_plan2
19049049030,14,1.000000000000,senate,vtd20_to_block20_to_plan2
19049049031,14,1.000000000000,senate,vtd20_to_block20_to_plan2
19049049032,14,1.000000000000,senate,vtd20_to_block20_to_plan2
19049049033,14,1.000000000000,senate,vtd20_to_block20_to_plan2
19049049034,14,1.000000000000,senate,vtd20_to_block20_to_plan2
19049049035,14,1.000000000000,senate,vtd20_to_block20_to_plan2
19049049035,16,0.000000000000,senate,vtd20_to_block20_to_plan2
19049049036,14,1.000000000000,senate,vtd20_to_block20_to_plan2
19049049037,14,1.000000000000,senate,vtd20_to_block20_to_plan2
19049049038,14,0.999999999996,senate,vtd20_to_block20_to_plan2
19049049038,16,0.000000000004,senate,vtd20_to_block20_to_plan2
19049049039,14,0.000000000000,senate,vtd20_to_block20_to_plan2
19049049039,16,1.000000000000,senate,vtd20_to_block20_to_plan2
19049049040,14,1.000000000000,senate,vtd20_to_block20_to_plan2
19049049040,16,0.000000000000,senate,vtd20_to_block20_to_plan2
19051051001,13,1.000000000000,senate,vtd20_to_block20_to_plan2
19051051002,13,1.000000000000,senate,vtd20_to_block20_to_plan2
19051051003,13,1.000000000000,senate,vtd20_to_block20_to_plan2
19051051004,13,1.000000000000,senate,vtd20_to_block20_to_plan2
19051051004,44,0.000000000000,senate,vtd20_to_block20_to_plan2
19051051005,13,1.000000000000,senate,vtd20_to_block20_to_plan2
19051051005,44,0.000000000000,senate,vtd20_to_block20_to_plan2
19051051006,13,1.000000000000,senate,vtd20_to_block20_to_plan2
19051051007,13,1.000000000000,senate,vtd20_to_block20_to_plan2
19051051008,13,1.000000000000,senate,vtd20_to_block20_to_plan2
19051051009,13,1.000000000000,senate,vtd20_to_block20_to_plan2
19051051010,13,1.000000000000,senate,vtd20_to_block20_to_plan2
19051051011,13,1.000000000000,senate,vtd20_to_block20_to_plan2
19051051012,13,1.000000000000,senate,vtd20_to_block20_to_plan2
19051051013,13,1.000000000000,senate,vtd20_to_block20_to_plan2
19051051014,13,1.000000000000,senate,vtd20_to_block20_to_plan2
19051051015,13,1.000000000000,senate,vtd20_to_block20_to_plan2
19051051015,44,0.000000000000,senate,vtd20_to_block20_to_plan2
19051051016,13,1.000000000000,senate,vtd20_to_block20_to_plan2
19051051016,44,0.000000000000,senate,vtd20_to_block20_to_plan2
19053053001,12,1.000000000000,senate,vtd20_to_block20_to_plan2
19053053002,12,1.000000000000,senate,vtd20_to_block20_to_plan2
19053053003,12,1.000000000000,senate,vtd20_to_block20_to_plan2
19053053004,12,1.000000000000,senate,vtd20_to_block20_to_plan2
19053053005,12,1.000000000000,senate,vtd20_to_block20_to_plan2
19053053006,12,1.000000000000,senate,vtd20_to_block20_to_plan2
19053053007,12,1.000000000000,senate,vtd20_to_block20_to_plan2
19053053008,12,1.000000000000,senate,vtd20_to_block20_to_plan2
19053053009,12,1.000000000000,senate,vtd20_to_block20_to_plan2
19053053010,12,1.000000000000,senate,vtd20_to_block20_to_plan2
19053053011,12,1.000000000000,senate,vtd20_to_block20_to_plan2
19053053012,12,1.000000000000,senate,vtd20_to_block20_to_plan2
19053053013,12,1.000000000000,senate,vtd20_to_block20_to_plan2
19053053014,12,1.000000000000,senate,vtd20_to_block20_to_plan2
19053053015,12,1.000000000000,senate,vtd20_to_block20_to_plan2
19053053016,12,1.000000000000,senate,vtd20_to_block20_to_plan2
19053053017,12,1.000000000000,senate,vtd20_to_block20_to_plan2
19053053018,12,1.000000000000,senate,vtd20_to_block20_to_plan2
19053053019,12,1.000000000000,senate,vtd20_to_block20_to_plan2
19053053020,12,1.000000000000,senate,vtd20_to_block20_to_plan2
19053053021,12,1.000000000000,senate,vtd20_to_block20_to_plan2
19055055001,34,1.000000000000,senate,vtd20_to_block20_to_plan2
19055055002,34,1.000000000000,senate,vtd20_to_block20_to_plan2
19055055003,34,1.000000000000,senate,vtd20_to_block20_to_plan2
19055055004,34,1.000000000000,senate,vtd20_to_block20_to_plan2
19055055005,33,0.000000000000,senate,vtd20_to_block20_to_plan2
19055055005,34,1.000000000000,senate,vtd20_to_block20_to_plan2
19055055006,34,1.000000000000,senate,vtd20_to_block20_to_plan2
19055055007,33,0.000000000000,senate,vtd20_to_block20_to_plan2
19055055007,34,1.000000000000,senate,vtd20_to_block20_to_plan2
19055055008,34,1.000000000000,senate,vtd20_to_block20_to_plan2
19055055009,34,1.000000000000,senate,vtd20_to_block20_to_plan2
19055055010,34,1.000000000000,senate,vtd20_to_block20_to_plan2
19055055011,34,1.000000000000,senate,vtd20_to_block20_to_plan2
19055055012,34,1.000000000000,senate,vtd20_to_block20_to_plan2
19055055013,34,1.000000000000,senate,vtd20_to_block20_to_plan2
19055055014,34,1.000000000000,senate,vtd20_to_block20_to_plan2
19055055015,34,1.000000000000,senate,vtd20_to_block20_to_plan2
19055055016,33,0.000000000000,senate,vtd20_to_block20_to_plan2
19055055016,34,1.000000000000,senate,vtd20_to_block20_to_plan2
19055055017,33,0.000000000000,senate,vtd20_to_block20_to_plan2
19055055017,34,1.000000000000,senate,vtd20_to_block20_to_plan2
19055055018,33,0.000000000000,senate,vtd20_to_block20_to_plan2
19055055018,34,1.000000000000,senate,vtd20_to_block20_to_plan2
19055055019,34,1.000000000000,senate,vtd20_to_block20_to_plan2
19055055020,34,1.000000000000,senate,vtd20_to_block20_to_plan2
19055055021,34,1.000000000000,senate,vtd20_to_block20_to_plan2
19055055022,34,1.000000000000,senate,vtd20_to_block20_to_plan2
19057057001,48,1.000000000000,senate,vtd20_to_block20_to_plan2
19057057002,48,1.000000000000,senate,vtd20_to_block20_to_plan2
19057057003,48,1.000000000000,senate,vtd20_to_block20_to_plan2
19057057004,48,1.000000000000,senate,vtd20_to_block20_to_plan2
19057057005,48,1.000000000000,senate,vtd20_to_block20_to_plan2
19057057006,48,1.000000000000,senate,vtd20_to_block20_to_plan2
19057057007,48,1.000000000000,senate,vtd20_to_block20_to_plan2
19057057007,50,0.000000000000,senate,vtd20_to_block20_to_plan2
19057057008,48,0.000000000000,senate,vtd20_to_block20_to_plan2
19057057008,50,1.000000000000,senate,vtd20_to_block20_to_plan2
19057057009,48,1.000000000000,senate,vtd20_to_block20_to_plan2
19057057009,50,0.000000000000,senate,vtd20_to_block20_to_plan2
19057057010,48,0.999999999999,senate,vtd20_to_block20_to_plan2
19057057010,50,0.000000000001,senate,vtd20_to_block20_to_plan2
19057057011,48,1.000000000000,senate,vtd20_to_block20_to_plan2
19057057011,50,0.000000000000,senate,vtd20_to_block20_to_plan2
19057057012,50,1.000000000000,senate,vtd20_to_block20_to_plan2
19057057013,50,1.000000000000,senate,vtd20_to_block20_to_plan2
19057057014,48,0.000000000000,senate,vtd20_to_block20_to_plan2
19057057014,50,1.000000000000,senate,vtd20_to_block20_to_plan2
19057057015,48,0.000000000000,senate,vtd20_to_block20_to_plan2
19057057015,50,1.000000000000,senate,vtd20_to_block20_to_plan2
19057057016,48,0.012195121951,senate,vtd20_to_block20_to_plan2
19057057016,50,0.987804878049,senate,vtd20_to_block20_to_plan2
19057057017,50,1.000000000000,senate,vtd20_to_block20_to_plan2
19057057018,50,1.000000000000,senate,vtd20_to_block20_to_plan2
19057057019,50,1.000000000000,senate,vtd20_to_block20_to_plan2
19057057020,50,1.000000000000,senate,vtd20_to_block20_to_plan2
19057057021,50,1.000000000000,senate,vtd20_to_block20_to_plan2
19057057022,50,1.000000000000,senate,vtd20_to_block20_to_plan2
19057057023,50,1.000000000000,senate,vtd20_to_block20_to_plan2
19059059001,5,1.000000000000,senate,vtd20_to_block20_to_plan2
19059059002,5,1.000000000000,senate,vtd20_to_block20_to_plan2
19059059003,5,1.000000000000,senate,vtd20_to_block20_to_plan2
19059059004,5,1.000000000000,senate,vtd20_to_block20_to_plan2
19059059005,5,1.000000000000,senate,vtd20_to_block20_to_plan2
19059059006,5,1.000000000000,senate,vtd20_to_block20_to_plan2
19059059007,5,1.000000000000,senate,vtd20_to_block20_to_plan2
19059059008,5,1.000000000000,senate,vtd20_to_block20_to_plan2
19059059009,5,1.000000000000,senate,vtd20_to_block20_to_plan2
19059059010,5,1.000000000000,senate,vtd20_to_block20_to_plan2
19059059011,5,1.000000000000,senate,vtd20_to_block20_to_plan2
19059059012,5,1.000000000000,senate,vtd20_to_block20_to_plan2
19059059013,5,1.000000000000,senate,vtd20_to_block20_to_plan2
19059059014,5,1.000000000000,senate,vtd20_to_block20_to_plan2
19059059015,5,1.000000000000,senate,vtd20_to_block20_to_plan2
19059059016,5,1.000000000000,senate,vtd20_to_block20_to_plan2
19059059017,5,1.000000000000,senate,vtd20_to_block20_to_plan2
19059059018,5,1.000000000000,senate,vtd20_to_block20_to_plan2
19059059019,5,1.000000000000,senate,vtd20_to_block20_to_plan2
19059059020,5,1.000000000000,senate,vtd20_to_block20_to_plan2
19059059021,5,1.000000000000,senate,vtd20_to_block20_to_plan2
19061061001,33,1.000000000000,senate,vtd20_to_block20_to_plan2
19061061002,32,1.000000000000,senate,vtd20_to_block20_to_plan2
19061061002,33,0.000000000000,senate,vtd20_to_block20_to_plan2
19061061003,33,0.999999999999,senate,vtd20_to_block20_to_plan2
19061061003,36,0.000000000000,senate,vtd20_to_block20_to_plan2
19061061004,32,0.000000000003,senate,vtd20_to_block20_to_plan2
19061061004,33,0.999999999997,senate,vtd20_to_block20_to_plan2
19061061005,33,1.000000000000,senate,vtd20_to_block20_to_plan2
19061061005,36,0.000000000000,senate,vtd20_to_block20_to_plan2
19061061006,33,0.000000000000,senate,vtd20_to_block20_to_plan2
19061061006,36,1.000000000000,senate,vtd20_to_block20_to_plan2
19061061007,33,0.000000000000,senate,vtd20_to_block20_to_plan2
19061061007,36,1.000000000000,senate,vtd20_to_block20_to_plan2
19061061008,33,1.000000000000,senate,vtd20_to_block20_to_plan2
19061061008,36,0.000000000000,senate,vtd20_to_block20_to_plan2
19061061009,33,0.999999999999,senate,vtd20_to_block20_to_plan2
19061061009,36,0.000000000001,senate,vtd20_to_block20_to_plan2
19061061010,33,1.000000000000,senate,vtd20_to_block20_to_plan2
19061061011,33,1.000000000000,senate,vtd20_to_block20_to_plan2
19061061012,33,1.000000000000,senate,vtd20_to_block20_to_plan2
19061061013,33,1.000000000000,senate,vtd20_to_block20_to_plan2
19061061014,33,1.000000000000,senate,vtd20_to_block20_to_plan2
19061061015,33,1.000000000000,senate,vtd20_to_block20_to_plan2
19061061016,33,1.000000000000,senate,vtd20_to_block20_to_plan2
19061061016,36,0.000000000000,senate,vtd20_to_block20_to_plan2
19061061017,33,1.000000000000,senate,vtd20_to_block20_to_plan2
19061061018,33,0.958904109589,senate,vtd20_to_block20_to_plan2
19061061018,36,0.041095890411,senate,vtd20_to_block20_to_plan2
19061061019,33,0.978723404256,senate,vtd20_to_block20_to_plan2
19061061019,36,0.021276595744,senate,vtd20_to_block20_to_plan2
19061061020,33,1.000000000000,senate,vtd20_to_block20_to_plan2
19061061021,33,1.000000000000,senate,vtd20_to_block20_to_plan2
19061061022,33,1.000000000000,senate,vtd20_to_block20_to_plan2
19061061023,33,1.000000000000,senate,vtd20_to_block20_to_plan2
19061061023,34,0.000000000000,senate,vtd20_to_block20_to_plan2
19061061024,33,0.000000000000,senate,vtd20_to_block20_to_plan2
19061061024,34,1.000000000000,senate,vtd20_to_block20_to_plan2
19061061025,33,0.000000000000,senate,vtd20_to_block20_to_plan2
19061061025,34,1.000000000000,senate,vtd20_to_block20_to_plan2
19061061026,33,0.000000000000,senate,vtd20_to_block20_to_plan2
19061061026,36,1.000000000000,senate,vtd20_to_block20_to_plan2
19061061027,36,1.000000000000,senate,vtd20_to_block20_to_plan2
19061061028,36,1.000000000000,senate,vtd20_to_block20_to_plan2
19061061029,33,0.000000000000,senate,vtd20_to_block20_to_plan2
19061061029,36,1.000000000000,senate,vtd20_to_block20_to_plan2
19061061030,36,1.000000000000,senate,vtd20_to_block20_to_plan2
19061061031,36,1.000000000000,senate,vtd20_to_block20_to_plan2
19061061032,36,1.000000000000,senate,vtd20_to_block20_to_plan2
19061061033,36,1.000000000000,senate,vtd20_to_block20_to_plan2
19061061034,36,1.000000000000,senate,vtd20_to_block20_to_plan2
19061061035,36,1.000000000000,senate,vtd20_to_block20_to_plan2
19061061036,36,1.000000000000,senate,vtd20_to_block20_to_plan2
19061061037,36,1.000000000000,senate,vtd20_to_block20_to_plan2
19061061038,36,1.000000000000,senate,vtd20_to_block20_to_plan2
19061061039,36,1.000000000000,senate,vtd20_to_block20_to_plan2
19061061040,36,1.000000000000,senate,vtd20_to_block20_to_plan2
19061061041,36,1.000000000000,senate,vtd20_to_block20_to_plan2
19061061042,36,1.000000000000,senate,vtd20_to_block20_to_plan2
19061061043,36,1.000000000000,senate,vtd20_to_block20_to_plan2
19061061044,36,1.000000000000,senate,vtd20_to_block20_to_plan2
19061061045,33,0.000000000001,senate,vtd20_to_block20_to_plan2
19061061045,36,0.999999999999,senate,vtd20_to_block20_to_plan2
19061061048,33,1.000000000000,senate,vtd20_to_block20_to_plan2
19063063001,5,1.000000000000,senate,vtd20_to_block20_to_plan2
19063063002,5,1.000000000000,senate,vtd20_to_block20_to_plan2
19063063003,5,1.000000000000,senate,vtd20_to_block20_to_plan2
19063063004,5,1.000000000000,senate,vtd20_to_block20_to_plan2
19063063005,5,1.000000000000,senate,vtd20_to_block20_to_plan2
19063063006,5,1.000000000000,senate,vtd20_to_block20_to_plan2
19063063007,5,1.000000000000,senate,vtd20_to_block20_to_plan2
19063063008,5,1.000000000000,senate,vtd20_to_block20_to_plan2
19063063009,5,1.000000000000,senate,vtd20_to_block20_to_plan2
19063063010,5,1.000000000000,senate,vtd20_to_block20_to_plan2
19063063011,5,1.000000000000,senate,vtd20_to_block20_to_plan2
19063063012,5,1.000000000000,senate,vtd20_to_block20_to_plan2
19063063013,5,1.000000000000,senate,vtd20_to_block20_to_plan2
19065065001,32,1.000000000000,senate,vtd20_to_block20_to_plan2
19065065001,34,0.000000000000,senate,vtd20_to_block20_to_plan2
19065065002,32,1.000000000000,senate,vtd20_to_block20_to_plan2
19065065002,34,0.000000000000,senate,vtd20_to_block20_to_plan2
19065065003,32,1.000000000000,senate,vtd20_to_block20_to_plan2
19065065004,32,1.000000000000,senate,vtd20_to_block20_to_plan2
19065065004,34,0.000000000000,senate,vtd20_to_block20_to_plan2
19065065005,32,1.000000000000,senate,vtd20_to_block20_to_plan2
19065065006,34,1.000000000000,senate,vtd20_to_block20_to_plan2
19065065007,34,1.000000000000,senate,vtd20_to_block20_to_plan2
19065065008,32,0.000000000000,senate,vtd20_to_block20_to_plan2
19065065008,34,1.000000000000,senate,vtd20_to_block20_to_plan2
19065065009,34,1.000000000000,senate,vtd20_to_block20_to_plan2
19065065010,34,1.000000000000,senate,vtd20_to_block20_to_plan2
19065065011,34,1.000000000000,senate,vtd20_to_block20_to_plan2
19065065012,34,1.000000000000,senate,vtd20_to_block20_to_plan2
19065065013,34,1.000000000000,senate,vtd20_to_block20_to_plan2
19065065014,34,1.000000000000,senate,vtd20_to_block20_to_plan2
19065065015,32,0.000000000000,senate,vtd20_to_block20_to_plan2
19065065015,34,1.000000000000,senate,vtd20_to_block20_to_plan2
19065065016,34,1.000000000000,senate,vtd20_to_block20_to_plan2
19065065017,34,1.000000000000,senate,vtd20_to_block20_to_plan2
19065065018,34,1.000000000000,senate,vtd20_to_block20_to_plan2
19065065019,34,1.000000000000,senate,vtd20_to_block20_to_plan2
19065065020,34,1.000000000000,senate,vtd20_to_block20_to_plan2
19065065021,34,1.000000000000,senate,vtd20_to_block20_to_plan2
19065065022,34,1.000000000000,senate,vtd20_to_block20_to_plan2
19065065023,34,1.000000000000,senate,vtd20_to_block20_to_plan2
19065065024,34,1.000000000000,senate,vtd20_to_block20_to_plan2
19065065025,34,1.000000000000,senate,vtd20_to_block20_to_plan2
19067067001,29,0.000000000000,senate,vtd20_to_block20_to_plan2
19067067001,30,1.000000000000,senate,vtd20_to_block20_to_plan2
19067067002,30,1.000000000000,senate,vtd20_to_block20_to_plan2
19067067003,29,1.000000000000,senate,vtd20_to_block20_to_plan2
19067067004,29,1.000000000000,senate,vtd20_to_block20_to_plan2
19067067005,29,1.000000000000,senate,vtd20_to_block20_to_plan2
19067067006,29,1.000000000000,senate,vtd20_to_block20_to_plan2
19067067007,29,1.000000000000,senate,vtd20_to_block20_to_plan2
19067067008,29,1.000000000000,senate,vtd20_to_block20_to_plan2
19067067009,29,1.000000000000,senate,vtd20_to_block20_to_plan2
19067067010,29,0.000000000000,senate,vtd20_to_block20_to_plan2
19067067010,30,1.000000000000,senate,vtd20_to_block20_to_plan2
19067067011,29,1.000000000000,senate,vtd20_to_block20_to_plan2
19067067012,29,1.000000000000,senate,vtd20_to_block20_to_plan2
19067067013,29,1.000000000000,senate,vtd20_to_block20_to_plan2
19067067014,29,1.000000000000,senate,vtd20_to_block20_to_plan2
19067067015,29,1.000000000000,senate,vtd20_to_block20_to_plan2
19067067016,29,1.000000000000,senate,vtd20_to_block20_to_plan2
19069069001,28,1.000000000000,senate,vtd20_to_block20_to_plan2
19069069002,28,1.000000000000,senate,vtd20_to_block20_to_plan2
19069069003,28,1.000000000000,senate,vtd20_to_block20_to_plan2
19069069004,28,1.000000000000,senate,vtd20_to_block20_to_plan2
19069069005,28,1.000000000000,senate,vtd20_to_block20_to_plan2
19069069005,29,0.000000000000,senate,vtd20_to_block20_to_plan2
19069069006,28,1.000000000000,senate,vtd20_to_block20_to_plan2
19069069006,29,0.000000000000,senate,vtd20_to_block20_to_plan2
19069069007,28,1.000000000000,senate,vtd20_to_block20_to_plan2
19069069008,28,1.000000000000,senate,vtd20_to_block20_to_plan2
19069069009,28,1.000000000000,senate,vtd20_to_block20_to_plan2
19069069010,28,1.000000000000,senate,vtd20_to_block20_to_plan2
19069069011,28,1.000000000000,senate,vtd20_to_block20_to_plan2
19069069012,28,1.000000000000,senate,vtd20_to_block20_to_plan2
19069069013,28,1.000000000000,senate,vtd20_to_block20_to_plan2
19069069014,28,1.000000000000,senate,vtd20_to_block20_to_plan2
19069069015,28,1.000000000000,senate,vtd20_to_block20_to_plan2
19069069016,28,1.000000000000,senate,vtd20_to_block20_to_plan2
19069069017,28,1.000000000000,senate,vtd20_to_block20_to_plan2
19069069018,28,1.000000000000,senate,vtd20_to_block20_to_plan2
19069069019,28,1.000000000000,senate,vtd20_to_block20_to_plan2
19069069019,29,0.000000000000,senate,vtd20_to_block20_to_plan2
19069069020,27,0.000000000002,senate,vtd20_to_block20_to_plan2
19069069020,28,0.999999999997,senate,vtd20_to_block20_to_plan2
19069069021,28,1.000000000000,senate,vtd20_to_block20_to_plan2
19069069022,28,1.000000000000,senate,vtd20_to_block20_to_plan2
19069069023,28,1.000000000000,senate,vtd20_to_block20_to_plan2
19071071001,8,1.000000000000,senate,vtd20_to_block20_to_plan2
19071071002,8,1.000000000000,senate,vtd20_to_block20_to_plan2
19071071003,8,1.000000000000,senate,vtd20_to_block20_to_plan2
19071071004,8,1.000000000000,senate,vtd20_to_block20_to_plan2
19071071005,8,1.000000000000,senate,vtd20_to_block20_to_plan2
19071071006,8,1.000000000000,senate,vtd20_to_block20_to_plan2
19071071007,8,0.999999999999,senate,vtd20_to_block20_to_plan2
19071071007,9,0.000000000001,senate,vtd20_to_block20_to_plan2
19071071008,8,1.000000000000,senate,vtd20_to_block20_to_plan2
19071071009,8,1.000000000000,senate,vtd20_to_block20_to_plan2
19071071010,8,1.000000000000,senate,vtd20_to_block20_to_plan2
19071071011,8,1.000000000000,senate,vtd20_to_block20_to_plan2
19071071012,8,1.000000000000,senate,vtd20_to_block20_to_plan2
19071071013,8,1.000000000000,senate,vtd20_to_block20_to_plan2
19071071014,8,1.000000000000,senate,vtd20_to_block20_to_plan2
19071071015,8,1.000000000000,senate,vtd20_to_block20_to_plan2
19071071016,8,1.000000000000,senate,vtd20_to_block20_to_plan2
19071071016,9,0.000000000000,senate,vtd20_to_block20_to_plan2
19073073001,24,1.000000000000,senate,vtd20_to_block20_to_plan2
19073073002,24,1.000000000000,senate,vtd20_to_block20_to_plan2
19073073003,24,1.000000000000,senate,vtd20_to_block20_to_plan2
19073073004,24,1.000000000000,senate,vtd20_to_block20_to_plan2
19073073005,24,1.000000000000,senate,vtd20_to_block20_to_plan2
19073073006,24,1.000000000000,senate,vtd20_to_block20_to_plan2
19073073007,24,1.000000000000,senate,vtd20_to_block20_to_plan2
19073073008,24,1.000000000000,senate,vtd20_to_block20_to_plan2
19073073009,24,1.000000000000,senate,vtd20_to_block20_to_plan2
19073073010,24,1.000000000000,senate,vtd20_to_block20_to_plan2
19073073011,24,1.000000000000,senate,vtd20_to_block20_to_plan2
19073073012,24,1.000000000000,senate,vtd20_to_block20_to_plan2
19073073013,24,1.000000000000,senate,vtd20_to_block20_to_plan2
19073073014,24,1.000000000000,senate,vtd20_to_block20_to_plan2
19073073015,24,1.000000000000,senate,vtd20_to_block20_to_plan2
19073073016,24,1.000000000000,senate,vtd20_to_block20_to_plan2
19073073017,24,1.000000000000,senate,vtd20_to_block20_to_plan2
19075075001,27,1.000000000000,senate,vtd20_to_block20_to_plan2
19075075002,27,1.000000000000,senate,vtd20_to_block20_to_plan2
19075075003,27,1.000000000000,senate,vtd20_to_block20_to_plan2
19075075004,27,1.000000000000,senate,vtd20_to_block20_to_plan2
19075075005,27,1.000000000000,senate,vtd20_to_block20_to_plan2
19075075006,27,1.000000000000,senate,vtd20_to_block20_to_plan2
19075075007,27,1.000000000000,senate,vtd20_to_block20_to_plan2
19075075008,27,1.000000000000,senate,vtd20_to_block20_to_plan2
19075075009,27,1.000000000000,senate,vtd20_to_block20_to_plan2
19075075010,27,1.000000000000,senate,vtd20_to_block20_to_plan2
19075075011,27,1.000000000000,senate,vtd20_to_block20_to_plan2
19075075012,27,1.000000000000,senate,vtd20_to_block20_to_plan2
19075075013,27,1.000000000000,senate,vtd20_to_block20_to_plan2
19075075014,26,0.000000000000,senate,vtd20_to_block20_to_plan2
19075075014,27,1.000000000000,senate,vtd20_to_block20_to_plan2
19075075016,27,1.000000000000,senate,vtd20_to_block20_to_plan2
19075075017,27,1.000000000000,senate,vtd20_to_block20_to_plan2
19077077001,24,1.000000000000,senate,vtd20_to_block20_to_plan2
19077077002,24,1.000000000000,senate,vtd20_to_block20_to_plan2
19077077003,24,1.000000000000,senate,vtd20_to_block20_to_plan2
19077077004,24,1.000000000000,senate,vtd20_to_block20_to_plan2
19077077005,24,1.000000000000,senate,vtd20_to_block20_to_plan2
19077077006,24,1.000000000000,senate,vtd20_to_block20_to_plan2
19077077007,24,1.000000000000,senate,vtd20_to_block20_to_plan2
19077077008,24,1.000000000000,senate,vtd20_to_block20_to_plan2
19077077009,24,1.000000000000,senate,vtd20_to_block20_to_plan2
19077077010,24,1.000000000000,senate,vtd20_to_block20_to_plan2
19077077011,24,1.000000000000,senate,vtd20_to_block20_to_plan2
19077077012,24,1.000000000000,senate,vtd20_to_block20_to_plan2
19077077013,24,1.000000000000,senate,vtd20_to_block20_to_plan2
19077077014,24,1.000000000000,senate,vtd20_to_block20_to_plan2
19077077015,24,1.000000000000,senate,vtd20_to_block20_to_plan2
19077077016,12,0.000000000000,senate,vtd20_to_block20_to_plan2
19077077016,24,1.000000000000,senate,vtd20_to_block20_to_plan2
19077077017,24,1.000000000000,senate,vtd20_to_block20_to_plan2
19077077018,12,0.000000000000,senate,vtd20_to_block20_to_plan2
19077077018,24,1.000000000000,senate,vtd20_to_block20_to_plan2
19077077019,24,1.000000000000,senate,vtd20_to_block20_to_plan2
19077077020,12,0.000000000000,senate,vtd20_to_block20_to_plan2
19077077020,24,1.000000000000,senate,vtd20_to_block20_to_plan2
19077077021,12,0.000000000000,senate,vtd20_to_block20_to_plan2
19077077021,24,1.000000000000,senate,vtd20_to_block20_to_plan2
19077077022,12,0.000000000000,senate,vtd20_to_block20_to_plan2
19077077022,24,1.000000000000,senate,vtd20_to_block20_to_plan2
19077077023,12,0.000000000011,senate,vtd20_to_block20_to_plan2
19077077023,24,0.999999999989,senate,vtd20_to_block20_to_plan2
19079079001,28,1.000000000000,senate,vtd20_to_block20_to_plan2
19079079001,4,0.000000000000,senate,vtd20_to_block20_to_plan2
19079079002,28,1.000000000000,senate,vtd20_to_block20_to_plan2
19079079003,28,1.000000000000,senate,vtd20_to_block20_to_plan2
19079079004,28,1.000000000000,senate,vtd20_to_block20_to_plan2
19079079005,27,0.000000000000,senate,vtd20_to_block20_to_plan2
19079079005,28,1.000000000000,senate,vtd20_to_block20_to_plan2
19079079006,27,0.000000000000,senate,vtd20_to_block20_to_plan2
19079079006,28,1.000000000000,senate,vtd20_to_block20_to_plan2
19079079007,28,1.000000000000,senate,vtd20_to_block20_to_plan2
19079079008,28,1.000000000000,senate,vtd20_to_block20_to_plan2
19079079009,28,1.000000000000,senate,vtd20_to_block20_to_plan2
19079079010,28,1.000000000000,senate,vtd20_to_block20_to_plan2
19079079011,28,1.000000000000,senate,vtd20_to_block20_to_plan2
19079079012,28,1.000000000000,senate,vtd20_to_block20_to_plan2
19079079013,28,1.000000000000,senate,vtd20_to_block20_to_plan2
19079079014,28,1.000000000000,senate,vtd20_to_block20_to_plan2
19079079015,28,1.000000000000,senate,vtd20_to_block20_to_plan2
19079079016,28,1.000000000000,senate,vtd20_to_block20_to_plan2
19079079017,28,1.000000000000,senate,vtd20_to_block20_to_plan2
19079079018,28,1.000000000000,senate,vtd20_to_block20_to_plan2
19079079019,28,1.000000000000,senate,vtd20_to_block20_to_plan2
19079079020,24,0.000000000000,senate,vtd20_to_block20_to_plan2
19079079020,28,1.000000000000,senate,vtd20_to_block20_to_plan2
19079079021,28,1.000000000000,senate,vtd20_to_block20_to_plan2
19079079022,24,0.000000000000,senate,vtd20_to_block20_to_plan2
19079079022,28,1.000000000000,senate,vtd20_to_block20_to_plan2
19079079023,28,1.000000000000,senate,vtd20_to_block20_to_plan2
19081081001,28,1.000000000000,senate,vtd20_to_block20_to_plan2
19081081002,28,1.000000000000,senate,vtd20_to_block20_to_plan2
19081081003,28,1.000000000000,senate,vtd20_to_block20_to_plan2
19081081004,28,1.000000000000,senate,vtd20_to_block20_to_plan2
19081081005,28,1.000000000000,senate,vtd20_to_block20_to_plan2
19081081006,28,1.000000000000,senate,vtd20_to_block20_to_plan2
19081081006,30,0.000000000000,senate,vtd20_to_block20_to_plan2
19081081007,28,1.000000000000,senate,vtd20_to_block20_to_plan2
19081081008,28,1.000000000000,senate,vtd20_to_block20_to_plan2
19081081009,28,1.000000000000,senate,vtd20_to_block20_to_plan2
19081081010,28,1.000000000000,senate,vtd20_to_block20_to_plan2
19081081011,28,1.000000000000,senate,vtd20_to_block20_to_plan2
19081081012,28,1.000000000000,senate,vtd20_to_block20_to_plan2
19081081013,28,1.000000000000,senate,vtd20_to_block20_to_plan2
19081081014,28,1.000000000000,senate,vtd20_to_block20_to_plan2
19081081014,30,0.000000000000,senate,vtd20_to_block20_to_plan2
19081081015,28,1.000000000000,senate,vtd20_to_block20_to_plan2
19081081016,28,1.000000000000,senate,vtd20_to_block20_to_plan2
19081081017,28,1.000000000000,senate,vtd20_to_block20_to_plan2
19081081018,28,1.000000000000,senate,vtd20_to_block20_to_plan2
19081081019,28,1.000000000000,senate,vtd20_to_block20_to_plan2
19081081020,28,1.000000000000,senate,vtd20_to_block20_to_plan2
19083083001,27,1.000000000000,senate,vtd20_to_block20_to_plan2
19083083002,27,1.000000000000,senate,vtd20_to_block20_to_plan2
19083083003,27,1.000000000000,senate,vtd20_to_block20_to_plan2
19083083004,27,1.000000000000,senate,vtd20_to_block20_to_plan2
19083083005,27,1.000000000000,senate,vtd20_to_block20_to_plan2
19083083006,27,1.000000000000,senate,vtd20_to_block20_to_plan2
19083083007,27,1.000000000000,senate,vtd20_to_block20_to_plan2
19083083008,27,1.000000000000,senate,vtd20_to_block20_to_plan2
19083083009,27,1.000000000000,senate,vtd20_to_block20_to_plan2
19083083010,27,1.000000000000,senate,vtd20_to_block20_to_plan2
19083083011,27,1.000000000000,senate,vtd20_to_block20_to_plan2
19083083012,27,1.000000000000,senate,vtd20_to_block20_to_plan2
19083083013,27,1.000000000000,senate,vtd20_to_block20_to_plan2
19083083014,27,1.000000000000,senate,vtd20_to_block20_to_plan2
19083083015,26,0.000000000000,senate,vtd20_to_block20_to_plan2
19083083015,27,1.000000000000,senate,vtd20_to_block20_to_plan2
19083083016,27,1.000000000000,senate,vtd20_to_block20_to_plan2
19083083017,27,1.000000000000,senate,vtd20_to_block20_to_plan2
19083083018,27,1.000000000000,senate,vtd20_to_block20_to_plan2
19083083019,26,0.000000000000,senate,vtd20_to_block20_to_plan2
19083083019,27,1.000000000000,senate,vtd20_to_block20_to_plan2
19085085001,7,0.000000000000,senate,vtd20_to_block20_to_plan2
19085085001,8,1.000000000000,senate,vtd20_to_block20_to_plan2
19085085002,8,1.000000000000,senate,vtd20_to_block20_to_plan2
19085085003,8,1.000000000000,senate,vtd20_to_block20_to_plan2
19085085004,8,1.000000000000,senate,vtd20_to_block20_to_plan2
19085085005,8,1.000000000000,senate,vtd20_to_block20_to_plan2
19085085006,8,1.000000000000,senate,vtd20_to_block20_to_plan2
19085085007,6,0.000000000000,senate,vtd20_to_block20_to_plan2
19085085007,8,1.000000000000,senate,vtd20_to_block20_to_plan2
19085085008,8,1.000000000000,senate,vtd20_to_block20_to_plan2
19085085009,8,1.000000000000,senate,vtd20_to_block20_to_plan2
19085085010,8,1.000000000000,senate,vtd20_to_block20_to_plan2
19085085011,8,1.000000000000,senate,vtd20_to_block20_to_plan2
19085085012,8,1.000000000000,senate,vtd20_to_block20_to_plan2
19085085013,8,1.000000000000,senate,vtd20_to_block20_to_plan2
19085085014,8,1.000000000000,senate,vtd20_to_block20_to_plan2
19085085015,8,1.000000000000,senate,vtd20_to_block20_to_plan2
19085085016,8,1.000000000000,senate,vtd20_to_block20_to_plan2
19085085017,6,0.000000000000,senate,vtd20_to_block20_to_plan2
19085085017,8,1.000000000000,senate,vtd20_to_block20_to_plan2
19085085018,8,1.000000000000,senate,vtd20_to_block20_to_plan2
19085085019,8,1.000000000000,senate,vtd20_to_block20_to_plan2
19085085020,8,1.000000000000,senate,vtd20_to_block20_to_plan2
19085085021,8,1.000000000000,senate,vtd20_to_block20_to_plan2
19085085022,8,1.000000000000,senate,vtd20_to_block20_to_plan2
19087087001,48,1.000000000000,senate,vtd20_to_block20_to_plan2
19087087002,48,1.000000000000,senate,vtd20_to_block20_to_plan2
19087087003,48,1.000000000000,senate,vtd20_to_block20_to_plan2
19087087004,48,1.000000000000,senate,vtd20_to_block20_to_plan2
19087087005,48,1.000000000000,senate,vtd20_to_block20_to_plan2
19087087006,44,0.012987012988,senate,vtd20_to_block20_to_plan2
19087087006,48,0.987012987012,senate,vtd20_to_block20_to_plan2
19087087007,44,0.000000000000,senate,vtd20_to_block20_to_plan2
19087087007,48,1.000000000000,senate,vtd20_to_block20_to_plan2
19087087008,44,1.000000000000,senate,vtd20_to_block20_to_plan2
19087087009,44,1.000000000000,senate,vtd20_to_block20_to_plan2
19087087009,48,0.000000000000,senate,vtd20_to_block20_to_plan2
19087087010,44,1.000000000000,senate,vtd20_to_block20_to_plan2
19087087011,48,1.000000000000,senate,vtd20_to_block20_to_plan2
19087087012,48,1.000000000000,senate,vtd20_to_block20_to_plan2
19087087012,50,0.000000000000,senate,vtd20_to_block20_to_plan2
19087087013,48,1.000000000000,senate,vtd20_to_block20_to_plan2
19087087014,44,1.000000000000,senate,vtd20_to_block20_to_plan2
19087087014,48,0.000000000000,senate,vtd20_to_block20_to_plan2
19087087014,50,0.000000000000,senate,vtd20_to_block20_to_plan2
19087087015,44,1.000000000000,senate,vtd20_to_block20_to_plan2
19089089001,32,1.000000000000,senate,vtd20_to_block20_to_plan2
19089089002,32,1.000000000000,senate,vtd20_to_block20_to_plan2
19089089003,32,1.000000000000,senate,vtd20_to_block20_to_plan2
19089089004,32,1.000000000000,senate,vtd20_to_block20_to_plan2
19089089005,32,1.000000000000,senate,vtd20_to_block20_to_plan2
19089089006,32,1.000000000000,senate,vtd20_to_block20_to_plan2
19089089007,32,1.000000000000,senate,vtd20_to_block20_to_plan2
19089089008,32,1.000000000000,senate,vtd20_to_block20_to_plan2
19089089009,32,1.000000000000,senate,vtd20_to_block20_to_plan2
19089089010,32,1.000000000000,senate,vtd20_to_block20_to_plan2
19089089011,29,0.000000000000,senate,vtd20_to_block20_to_plan2
19089089011,32,1.000000000000,senate,vtd20_to_block20_to_plan2
19089089012,32,1.000000000000,senate,vtd20_to_block20_to_plan2
19089089013,32,1.000000000000,senate,vtd20_to_block20_to_plan2
19089089014,29,0.000000000000,senate,vtd20_to_block20_to_plan2
19089089014,32,1.000000000000,senate,vtd20_to_block20_to_plan2
19089089015,32,1.000000000000,senate,vtd20_to_block20_to_plan2
19091091001,28,1.000000000000,senate,vtd20_to_block20_to_plan2
19091091002,28,1.000000000000,senate,vtd20_to_block20_to_plan2
19091091003,28,1.000000000000,senate,vtd20_to_block20_to_plan2
19091091004,28,1.000000000000,senate,vtd20_to_block20_to_plan2
19091091005,28,1.000000000000,senate,vtd20_to_block20_to_plan2
19091091006,28,1.000000000000,senate,vtd20_to_block20_to_plan2
19091091007,28,1.000000000000,senate,vtd20_to_block20_to_plan2
19091091008,28,1.000000000000,senate,vtd20_to_block20_to_plan2
19091091009,28,1.000000000000,senate,vtd20_to_block20_to_plan2
19091091010,28,1.000000000000,senate,vtd20_to_block20_to_plan2
19091091011,28,1.000000000000,senate,vtd20_to_block20_to_plan2
19091091011,4,0.000000000000,senate,vtd20_to_block20_to_plan2
19091091012,28,1.000000000000,senate,vtd20_to_block20_to_plan2
19091091013,28,1.000000000000,senate,vtd20_to_block20_to_plan2
19091091014,28,1.000000000000,senate,vtd20_to_block20_to_plan2
19091091015,28,1.000000000000,senate,vtd20_to_block20_to_plan2
19091091015,4,0.000000000000,senate,vtd20_to_block20_to_plan2
19091091016,28,1.000000000000,senate,vtd20_to_block20_to_plan2
19091091017,28,1.000000000000,senate,vtd20_to_block20_to_plan2
19093093001,6,1.000000000000,senate,vtd20_to_block20_to_plan2
19093093001,7,0.000000000000,senate,vtd20_to_block20_to_plan2
19093093002,6,1.000000000000,senate,vtd20_to_block20_to_plan2
19093093003,6,1.000000000000,senate,vtd20_to_block20_to_plan2
19093093004,4,0.000000000000,senate,vtd20_to_block20_to_plan2
19093093004,6,1.000000000000,senate,vtd20_to_block20_to_plan2
19093093005,4,0.000000000000,senate,vtd20_to_block20_to_plan2
19093093005,6,1.000000000000,senate,vtd20_to_block20_to_plan2
19093093006,6,1.000000000000,senate,vtd20_to_block20_to_plan2
19093093007,6,1.000000000000,senate,vtd20_to_block20_to_plan2
19093093008,6,1.000000000000,senate,vtd20_to_block20_to_plan2
19093093009,6,1.000000000000,senate,vtd20_to_block20_to_plan2
19093093010,4,0.000000000000,senate,vtd20_to_block20_to_plan2
19093093010,6,1.000000000000,senate,vtd20_to_block20_to_plan2
19093093011,4,0.000000000000,senate,vtd20_to_block20_to_plan2
19093093011,6,1.000000000000,senate,vtd20_to_block20_to_plan2
19093093012,6,1.000000000000,senate,vtd20_to_block20_to_plan2
19093093013,6,1.000000000000,senate,vtd20_to_block20_to_plan2
19095095001,46,1.000000000000,senate,vtd20_to_block20_to_plan2
19095095002,46,1.000000000000,senate,vtd20_to_block20_to_plan2
19095095003,46,1.000000000000,senate,vtd20_to_block20_to_plan2
19095095004,46,1.000000000000,senate,vtd20_to_block20_to_plan2
19095095005,46,1.000000000000,senate,vtd20_to_block20_to_plan2
19095095006,46,1.000000000000,senate,vtd20_to_block20_to_plan2
19095095007,46,1.000000000000,senate,vtd20_to_block20_to_plan2
19095095008,46,1.000000000000,senate,vtd20_to_block20_to_plan2
19095095009,46,1.000000000000,senate,vtd20_to_block20_to_plan2
19095095010,46,1.000000000000,senate,vtd20_to_block20_to_plan2
19095095011,46,1.000000000000,senate,vtd20_to_block20_to_plan2
19095095012,46,1.000000000000,senate,vtd20_to_block20_to_plan2
19095095013,46,1.000000000000,senate,vtd20_to_block20_to_plan2
19095095014,46,1.000000000000,senate,vtd20_to_block20_to_plan2
19095095015,46,1.000000000000,senate,vtd20_to_block20_to_plan2
19095095016,46,1.000000000000,senate,vtd20_to_block20_to_plan2
19095095017,46,1.000000000000,senate,vtd20_to_block20_to_plan2
19095095018,46,1.000000000000,senate,vtd20_to_block20_to_plan2
19095095019,46,1.000000000000,senate,vtd20_to_block20_to_plan2
19095095020,46,1.000000000000,senate,vtd20_to_block20_to_plan2
19095095021,44,0.000000000000,senate,vtd20_to_block20_to_plan2
19095095021,46,1.000000000000,senate,vtd20_to_block20_to_plan2
19097097001,33,1.000000000000,senate,vtd20_to_block20_to_plan2
19097097002,33,1.000000000000,senate,vtd20_to_block20_to_plan2
19097097003,33,1.000000000000,senate,vtd20_to_block20_to_plan2
19097097004,33,1.000000000000,senate,vtd20_to_block20_to_plan2
19097097005,33,1.000000000000,senate,vtd20_to_block20_to_plan2
19097097006,33,1.000000000000,senate,vtd20_to_block20_to_plan2
19097097007,33,1.000000000000,senate,vtd20_to_block20_to_plan2
19097097008,33,1.000000000000,senate,vtd20_to_block20_to_plan2
19097097009,33,1.000000000000,senate,vtd20_to_block20_to_plan2
19097097010,33,1.000000000000,senate,vtd20_to_block20_to_plan2
19097097011,33,1.000000000000,senate,vtd20_to_block20_to_plan2
19097097011,35,0.000000000000,senate,vtd20_to_block20_to_plan2
19097097012,33,1.000000000000,senate,vtd20_to_block20_to_plan2
19097097012,35,0.000000000000,senate,vtd20_to_block20_to_plan2
19097097013,33,1.000000000000,senate,vtd20_to_block20_to_plan2
19097097013,35,0.000000000000,senate,vtd20_to_block20_to_plan2
19097097014,33,1.000000000000,senate,vtd20_to_block20_to_plan2
19097097015,33,1.000000000000,senate,vtd20_to_block20_to_plan2
19097097016,33,1.000000000000,senate,vtd20_to_block20_to_plan2
19097097016,35,0.000000000000,senate,vtd20_to_block20_to_plan2
19097097017,33,1.000000000000,senate,vtd20_to_block20_to_plan2
19097097018,33,1.000000000000,senate,vtd20_to_block20_to_plan2
19097097018,35,0.000000000000,senate,vtd20_to_block20_to_plan2
19097097019,33,1.000000000000,senate,vtd20_to_block20_to_plan2
19097097020,33,1.000000000000,senate,vtd20_to_block20_to_plan2
19097097020,35,0.000000000000,senate,vtd20_to_block20_to_plan2
19097097021,33,1.000000000000,senate,vtd20_to_block20_to_plan2
19097097022,33,0.000000000000,senate,vtd20_to_block20_to_plan2
19097097022,35,1.000000000000,senate,vtd20_to_block20_to_plan2
19097097023,35,1.000000000000,senate,vtd20_to_block20_to_plan2
19097097024,35,1.000000000000,senate,vtd20_to_block20_to_plan2
19097097025,35,1.000000000000,senate,vtd20_to_block20_to_plan2
19099099001,19,1.000000000000,senate,vtd20_to_block20_to_plan2
19099099002,19,1.000000000000,senate,vtd20_to_block20_to_plan2
19099099003,19,1.000000000000,senate,vtd20_to_block20_to_plan2
19099099004,19,1.000000000000,senate,vtd20_to_block20_to_plan2
19099099005,19,1.000000000000,senate,vtd20_to_block20_to_plan2
19099099005,27,0.000000000000,senate,vtd20_to_block20_to_plan2
19099099006,19,1.000000000000,senate,vtd20_to_block20_to_plan2
19099099006,27,0.000000000000,senate,vtd20_to_block20_to_plan2
19099099007,19,1.000000000000,senate,vtd20_to_block20_to_plan2
19099099008,19,1.000000000000,senate,vtd20_to_block20_to_plan2
19099099009,19,1.000000000000,senate,vtd20_to_block20_to_plan2
19099099010,19,1.000000000000,senate,vtd20_to_block20_to_plan2
19099099011,19,1.000000000000,senate,vtd20_to_block20_to_plan2
19099099012,19,1.000000000000,senate,vtd20_to_block20_to_plan2
19099099012,23,0.000000000000,senate,vtd20_to_block20_to_plan2
19099099013,19,1.000000000000,senate,vtd20_to_block20_to_plan2
19099099014,19,1.000000000000,senate,vtd20_to_block20_to_plan2
19099099015,19,1.000000000000,senate,vtd20_to_block20_to_plan2
19099099016,19,1.000000000000,senate,vtd20_to_block20_to_plan2
19099099017,19,1.000000000000,senate,vtd20_to_block20_to_plan2
19099099018,19,1.000000000000,senate,vtd20_to_block20_to_plan2
19099099018,27,0.000000000000,senate,vtd20_to_block20_to_plan2
19099099019,19,1.000000000000,senate,vtd20_to_block20_to_plan2
19099099019,27,0.000000000000,senate,vtd20_to_block20_to_plan2
19099099020,19,1.000000000000,senate,vtd20_to_block20_to_plan2
19099099021,19,1.000000000000,senate,vtd20_to_block20_to_plan2
19099099022,19,1.000000000000,senate,vtd20_to_block20_to_plan2
19099099023,19,1.000000000000,senate,vtd20_to_block20_to_plan2
19099099024,19,1.000000000000,senate,vtd20_to_block20_to_plan2
19101101001,44,1.000000000000,senate,vtd20_to_block20_to_plan2
19101101002,44,1.000000000000,senate,vtd20_to_block20_to_plan2
19101101003,44,1.000000000000,senate,vtd20_to_block20_to_plan2
19101101004,44,1.000000000000,senate,vtd20_to_block20_to_plan2
19101101004,48,0.000000000000,senate,vtd20_to_block20_to_plan2
19101101005,44,1.000000000000,senate,vtd20_to_block20_to_plan2
19101101005,48,0.000000000000,senate,vtd20_to_block20_to_plan2
19101101006,44,1.000000000000,senate,vtd20_to_block20_to_plan2
19101101007,44,1.000000000000,senate,vtd20_to_block20_to_plan2
19101101008,44,1.000000000000,senate,vtd20_to_block20_to_plan2
19101101009,44,1.000000000000,senate,vtd20_to_block20_to_plan2
19101101010,13,0.000000000000,senate,vtd20_to_block20_to_plan2
19101101010,44,1.000000000000,senate,vtd20_to_block20_to_plan2
19101101011,44,1.000000000000,senate,vtd20_to_block20_to_plan2
19101101012,44,1.000000000000,senate,vtd20_to_block20_to_plan2
19101101013,44,1.000000000000,senate,vtd20_to_block20_to_plan2
19101101014,44,1.000000000000,senate,vtd20_to_block20_to_plan2
19101101015,44,1.000000000000,senate,vtd20_to_block20_to_plan2
19101101016,44,1.000000000000,senate,vtd20_to_block20_to_plan2
19103103001,46,1.000000000000,senate,vtd20_to_block20_to_plan2
19103103002,39,0.000000000000,senate,vtd20_to_block20_to_plan2
19103103002,43,0.000000000000,senate,vtd20_to_block20_to_plan2
19103103002,46,1.000000000000,senate,vtd20_to_block20_to_plan2
19103103003,39,0.000000000000,senate,vtd20_to_block20_to_plan2
19103103003,46,1.000000000000,senate,vtd20_to_block20_to_plan2
19103103004,43,0.000000000000,senate,vtd20_to_block20_to_plan2
19103103004,46,1.000000000000,senate,vtd20_to_block20_to_plan2
19103103005,43,1.000000000000,senate,vtd20_to_block20_to_plan2
19103103005,46,0.000000000000,senate,vtd20_to_block20_to_plan2
19103103006,41,0.000000000000,senate,vtd20_to_block20_to_plan2
19103103006,43,1.000000000000,senate,vtd20_to_block20_to_plan2
19103103007,43,1.000000000000,senate,vtd20_to_block20_to_plan2
19103103007,46,0.000000000000,senate,vtd20_to_block20_to_plan2
19103103008,43,0.999999999999,senate,vtd20_to_block20_to_plan2
19103103008,45,0.000000000001,senate,vtd20_to_block20_to_plan2
19103103009,43,1.000000000000,senate,vtd20_to_block20_to_plan2
19103103009,46,0.000000000000,senate,vtd20_to_block20_to_plan2
19103103010,43,0.125000000000,senate,vtd20_to_block20_to_plan2
19103103010,46,0.875000000000,senate,vtd20_to_block20_to_plan2
19103103011,46,1.000000000000,senate,vtd20_to_block20_to_plan2
19103103012,43,0.000000000000,senate,vtd20_to_block20_to_plan2
19103103012,46,1.000000000000,senate,vtd20_to_block20_to_plan2
19103103013,46,1.000000000000,senate,vtd20_to_block20_to_plan2
19103103014,43,0.000000000001,senate,vtd20_to_block20_to_plan2
19103103014,46,0.999999999999,senate,vtd20_to_block20_to_plan2
19103103015,43,1.000000000000,senate,vtd20_to_block20_to_plan2
19103103015,46,0.000000000000,senate,vtd20_to_block20_to_plan2
19103103016,43,0.000000000000,senate,vtd20_to_block20_to_plan2
19103103016,46,1.000000000000,senate,vtd20_to_block20_to_plan2
19103103017,43,1.000000000000,senate,vtd20_to_block20_to_plan2
19103103018,41,0.000000000000,senate,vtd20_to_block20_to_plan2
19103103018,45,0.000000000000,senate,vtd20_to_block20_to_plan2
19103103018,46,1.000000000000,senate,vtd20_to_block20_to_plan2
19103103019,46,1.000000000000,senate,vtd20_to_block20_to_plan2
19103103020,46,1.000000000000,senate,vtd20_to_block20_to_plan2
19103103021,46,1.000000000000,senate,vtd20_to_block20_to_plan2
19103103022,46,1.000000000000,senate,vtd20_to_block20_to_plan2
19103103022,48,0.000000000000,senate,vtd20_to_block20_to_plan2
19103103024,43,1.000000000000,senate,vtd20_to_block20_to_plan2
19103103025,43,0.000000000000,senate,vtd20_to_block20_to_plan2
19103103025,45,0.000000000000,senate,vtd20_to_block20_to_plan2
19103103025,46,1.000000000000,senate,vtd20_to_block20_to_plan2
19103103026,45,1.000000000000,senate,vtd20_to_block20_to_plan2
19103103027,46,1.000000000000,senate,vtd20_to_block20_to_plan2
19103103028,46,1.000000000000,senate,vtd20_to_block20_to_plan2
19103103029,46,1.000000000000,senate,vtd20_to_block20_to_plan2
19103103030,46,1.000000000000,senate,vtd20_to_block20_to_plan2
19103103031,45,1.000000000000,senate,vtd20_to_block20_to_plan2
19103103032,45,1.000000000000,senate,vtd20_to_block20_to_plan2
19103103033,43,0.000000000001,senate,vtd20_to_block20_to_plan2
19103103033,45,0.999999999999,senate,vtd20_to_block20_to_plan2
19103103034,43,0.999999999999,senate,vtd20_to_block20_to_plan2
19103103034,45,0.000000000001,senate,vtd20_to_block20_to_plan2
19103103035,45,1.000000000000,senate,vtd20_to_block20_to_plan2
19103103036,45,1.000000000000,senate,vtd20_to_block20_to_plan2
19103103037,43,1.000000000000,senate,vtd20_to_block20_to_plan2
19103103037,45,0.000000000000,senate,vtd20_to_block20_to_plan2
19103103038,43,1.000000000000,senate,vtd20_to_block20_to_plan2
19103103038,45,0.000000000000,senate,vtd20_to_block20_to_plan2
19103103039,43,0.000000000000,senate,vtd20_to_block20_to_plan2
19103103039,45,1.000000000000,senate,vtd20_to_block20_to_plan2
19103103040,45,1.000000000000,senate,vtd20_to_block20_to_plan2
19103103040,46,0.000000000000,senate,vtd20_to_block20_to_plan2
19103103041,45,1.000000000000,senate,vtd20_to_block20_to_plan2
19103103042,45,1.000000000000,senate,vtd20_to_block20_to_plan2
19103103042,46,0.000000000000,senate,vtd20_to_block20_to_plan2
19103103043,45,1.000000000000,senate,vtd20_to_block20_to_plan2
19103103043,46,0.000000000000,senate,vtd20_to_block20_to_plan2
19103103044,45,1.000000000000,senate,vtd20_to_block20_to_plan2
19103103045,45,1.000000000000,senate,vtd20_to_block20_to_plan2
19103103046,45,1.000000000000,senate,vtd20_to_block20_to_plan2
19103103047,45,1.000000000000,senate,vtd20_to_block20_to_plan2
19103103048,45,1.000000000000,senate,vtd20_to_block20_to_plan2
19103103049,45,1.000000000000,senate,vtd20_to_block20_to_plan2
19103103050,45,1.000000000000,senate,vtd20_to_block20_to_plan2
19103103051,43,0.000000000000,senate,vtd20_to_block20_to_plan2
19103103051,45,1.000000000000,senate,vtd20_to_block20_to_plan2
19103103052,43,0.999999999999,senate,vtd20_to_block20_to_plan2
19103103052,45,0.000000000001,senate,vtd20_to_block20_to_plan2
19103103053,43,0.000000000000,senate,vtd20_to_block20_to_plan2
19103103053,45,1.000000000000,senate,vtd20_to_block20_to_plan2
19103103053,46,0.000000000000,senate,vtd20_to_block20_to_plan2
19103103054,45,0.999999999999,senate,vtd20_to_block20_to_plan2
19103103054,46,0.000000000001,senate,vtd20_to_block20_to_plan2
19103103055,43,1.000000000000,senate,vtd20_to_block20_to_plan2
19103103056,43,1.000000000000,senate,vtd20_to_block20_to_plan2
19103103057,43,1.000000000000,senate,vtd20_to_block20_to_plan2
19103103057,46,0.000000000000,senate,vtd20_to_block20_to_plan2
19103103058,43,1.000000000000,senate,vtd20_to_block20_to_plan2
19103103059,43,1.000000000000,senate,vtd20_to_block20_to_plan2
19103103060,43,1.000000000000,senate,vtd20_to_block20_to_plan2
19105105001,33,1.000000000000,senate,vtd20_to_block20_to_plan2
19105105002,33,1.000000000000,senate,vtd20_to_block20_to_plan2
19105105003,33,1.000000000000,senate,vtd20_to_block20_to_plan2
19105105004,33,1.000000000000,senate,vtd20_to_block20_to_plan2
19105105006,33,1.000000000000,senate,vtd20_to_block20_to_plan2
19105105007,33,1.000000000000,senate,vtd20_to_block20_to_plan2
19105105008,33,1.000000000000,senate,vtd20_to_block20_to_plan2
19105105009,33,1.000000000000,senate,vtd20_to_block20_to_plan2
19105105010,33,1.000000000000,senate,vtd20_to_block20_to_plan2
19105105011,33,1.000000000000,senate,vtd20_to_block20_to_plan2
19105105012,33,1.000000000000,senate,vtd20_to_block20_to_plan2
19105105013,33,1.000000000000,senate,vtd20_to_block20_to_plan2
19105105014,33,1.000000000000,senate,vtd20_to_block20_to_plan2
19105105016,33,1.000000000000,senate,vtd20_to_block20_to_plan2
19105105017,33,1.000000000000,senate,vtd20_to_block20_to_plan2
19105105017,35,0.000000000000,senate,vtd20_to_block20_to_plan2
19105105018,33,1.000000000000,senate,vtd20_to_block20_to_plan2
19105105019,33,1.000000000000,senate,vtd20_to_block20_to_plan2
19105105019,35,0.000000000000,senate,vtd20_to_block20_to_plan2
19105105019,41,0.000000000000,senate,vtd20_to_block20_to_plan2
19105105020,33,1.000000000000,senate,vtd20_to_block20_to_plan2
19105105021,33,1.000000000000,senate,vtd20_to_block20_to_plan2
19105105022,33,1.000000000000,senate,vtd20_to_block20_to_plan2
19105105023,33,1.000000000000,senate,vtd20_to_block20_to_plan2
19105105023,41,0.000000000000,senate,vtd20_to_block20_to_plan2
19105105024,33,1.000000000000,senate,vtd20_to_block20_to_plan2
19105105025,33,1.000000000000,senate,vtd20_to_block20_to_plan2
19105105025,42,0.000000000000,senate,vtd20_to_block20_to_plan2
19107107001,44,1.000000000000,senate,vtd20_to_block20_to_plan2
19107107002,44,1.000000000000,senate,vtd20_to_block20_to_plan2
19107107003,44,1.000000000000,senate,vtd20_to_block20_to_plan2
19107107004,44,1.000000000000,senate,vtd20_to_block20_to_plan2
19107107005,44,1.000000000000,senate,vtd20_to_block20_to_plan2
19107107006,44,1.000000000000,senate,vtd20_to_block20_to_plan2
19107107006,46,0.000000000000,senate,vtd20_to_block20_to_plan2
19107107007,44,1.000000000000,senate,vtd20_to_block20_to_plan2
19107107007,46,0.000000000000,senate,vtd20_to_block20_to_plan2
19107107008,44,1.000000000000,senate,vtd20_to_block20_to_plan2
19107107009,44,1.000000000000,senate,vtd20_to_block20_to_plan2
19107107010,44,1.000000000000,senate,vtd20_to_block20_to_plan2
19107107011,44,1.000000000000,senate,vtd20_to_block20_to_plan2
19107107012,44,1.000000000000,senate,vtd20_to_block20_to_plan2
19107107013,44,1.000000000000,senate,vtd20_to_block20_to_plan2
19107107014,44,1.000000000000,senate,vtd20_to_block20_to_plan2
19107107015,44,1.000000000000,senate,vtd20_to_block20_to_plan2
19107107016,44,1.000000000000,senate,vtd20_to_block20_to_plan2
19107107017,44,1.000000000000,senate,vtd20_to_block20_to_plan2
19107107017,46,0.000000000000,senate,vtd20_to_block20_to_plan2
19107107018,44,1.000000000000,senate,vtd20_to_block20_to_plan2
19107107018,46,0.000000000000,senate,vtd20_to_block20_to_plan2
19107107019,44,1.000000000000,senate,vtd20_to_block20_to_plan2
19107107020,44,1.000000000000,senate,vtd20_to_block20_to_plan2
19107107021,13,0.000000000000,senate,vtd20_to_block20_to_plan2
19107107021,44,1.000000000000,senate,vtd20_to_block20_to_plan2
19107107022,44,1.000000000000,senate,vtd20_to_block20_to_plan2
19109109001,5,1.000000000000,senate,vtd20_to_block20_to_plan2
19109109002,5,1.000000000000,senate,vtd20_to_block20_to_plan2
19109109003,5,1.000000000000,senate,vtd20_to_block20_to_plan2
19109109004,5,1.000000000000,senate,vtd20_to_block20_to_plan2
19109109005,5,1.000000000000,senate,vtd20_to_block20_to_plan2
19109109006,5,1.000000000000,senate,vtd20_to_block20_to_plan2
19109109007,5,1.000000000000,senate,vtd20_to_block20_to_plan2
19109109008,5,1.000000000000,senate,vtd20_to_block20_to_plan2
19109109009,5,1.000000000000,senate,vtd20_to_block20_to_plan2
19109109010,5,1.000000000000,senate,vtd20_to_block20_to_plan2
19109109011,5,1.000000000000,senate,vtd20_to_block20_to_plan2
19109109012,5,1.000000000000,senate,vtd20_to_block20_to_plan2
19109109013,5,1.000000000000,senate,vtd20_to_block20_to_plan2
19109109014,5,1.000000000000,senate,vtd20_to_block20_to_plan2
19109109015,28,0.000000000000,senate,vtd20_to_block20_to_plan2
19109109015,5,1.000000000000,senate,vtd20_to_block20_to_plan2
19109109016,5,1.000000000000,senate,vtd20_to_block20_to_plan2
19109109017,5,1.000000000000,senate,vtd20_to_block20_to_plan2
19109109018,5,1.000000000000,senate,vtd20_to_block20_to_plan2
19109109019,5,1.000000000000,senate,vtd20_to_block20_to_plan2
19109109020,5,1.000000000000,senate,vtd20_to_block20_to_plan2
19109109021,5,1.000000000000,senate,vtd20_to_block20_to_plan2
19109109022,5,1.000000000000,senate,vtd20_to_block20_to_plan2
19109109023,5,1.000000000000,senate,vtd20_to_block20_to_plan2
19109109024,5,1.000000000000,senate,vtd20_to_block20_to_plan2
19109109025,28,0.000000000000,senate,vtd20_to_block20_to_plan2
19109109025,5,1.000000000000,senate,vtd20_to_block20_to_plan2
19109109026,5,1.000000000000,senate,vtd20_to_block20_to_plan2
19109109027,5,1.000000000000,senate,vtd20_to_block20_to_plan2
19109109028,5,1.000000000000,senate,vtd20_to_block20_to_plan2
19109109029,5,1.000000000000,senate,vtd20_to_block20_to_plan2
19109109030,28,0.000000000000,senate,vtd20_to_block20_to_plan2
19109109030,5,1.000000000000,senate,vtd20_to_block20_to_plan2
19109109031,5,1.000000000000,senate,vtd20_to_block20_to_plan2
19109109032,28,0.000000000000,senate,vtd20_to_block20_to_plan2
19109109032,5,1.000000000000,senate,vtd20_to_block20_to_plan2
19109109033,28,0.000000000000,senate,vtd20_to_block20_to_plan2
19109109033,5,1.000000000000,senate,vtd20_to_block20_to_plan2
19109109034,28,0.000000000000,senate,vtd20_to_block20_to_plan2
19109109034,5,1.000000000000,senate,vtd20_to_block20_to_plan2
19109109035,5,1.000000000000,senate,vtd20_to_block20_to_plan2
19111111001,50,1.000000000000,senate,vtd20_to_block20_to_plan2
19111111002,50,1.000000000000,senate,vtd20_to_block20_to_plan2
19111111003,50,1.000000000000,senate,vtd20_to_block20_to_plan2
19111111004,50,1.000000000000,senate,vtd20_to_block20_to_plan2
19111111005,50,1.000000000000,senate,vtd20_to_block20_to_plan2
19111111006,50,1.000000000000,senate,vtd20_to_block20_to_plan2
19111111007,50,1.000000000000,senate,vtd20_to_block20_to_plan2
19111111008,50,1.000000000000,senate,vtd20_to_block20_to_plan2
19111111009,50,1.000000000000,senate,vtd20_to_block20_to_plan2
19111111010,50,1.000000000000,senate,vtd20_to_block20_to_plan2
19111111011,50,1.000000000000,senate,vtd20_to_block20_to_plan2
19111111012,50,1.000000000000,senate,vtd20_to_block20_to_plan2
19111111013,50,1.000000000000,senate,vtd20_to_block20_to_plan2
19111111014,50,1.000000000000,senate,vtd20_to_block20_to_plan2
19111111015,50,1.000000000000,senate,vtd20_to_block20_to_plan2
19111111016,50,1.000000000000,senate,vtd20_to_block20_to_plan2
19111111017,50,1.000000000000,senate,vtd20_to_block20_to_plan2
19111111018,50,1.000000000000,senate,vtd20_to_block20_to_plan2
19113113001,42,1.000000000000,senate,vtd20_to_block20_to_plan2
19113113002,42,1.000000000000,senate,vtd20_to_block20_to_plan2
19113113003,42,1.000000000000,senate,vtd20_to_block20_to_plan2
19113113004,33,0.000000000000,senate,vtd20_to_block20_to_plan2
19113113004,42,1.000000000000,senate,vtd20_to_block20_to_plan2
19113113005,33,0.000000000000,senate,vtd20_to_block20_to_plan2
19113113005,42,1.000000000000,senate,vtd20_to_block20_to_plan2
19113113006,42,1.000000000000,senate,vtd20_to_block20_to_plan2
19113113007,42,1.000000000000,senate,vtd20_to_block20_to_plan2
19113113008,42,1.000000000000,senate,vtd20_to_block20_to_plan2
19113113009,42,1.000000000000,senate,vtd20_to_block20_to_plan2
19113113010,42,1.000000000000,senate,vtd20_to_block20_to_plan2
19113113011,40,0.000000000000,senate,vtd20_to_block20_to_plan2
19113113011,42,1.000000000000,senate,vtd20_to_block20_to_plan2
19113113012,40,0.074074074075,senate,vtd20_to_block20_to_plan2
19113113012,42,0.925925925925,senate,vtd20_to_block20_to_plan2
19113113013,40,0.988636363636,senate,vtd20_to_block20_to_plan2
19113113013,42,0.011363636364,senate,vtd20_to_block20_to_plan2
19113113014,40,1.000000000000,senate,vtd20_to_block20_to_plan2
19113113014,42,0.000000000000,senate,vtd20_to_block20_to_plan2
19113113015,37,0.000000000000,senate,vtd20_to_block20_to_plan2
19113113015,40,0.000000000000,senate,vtd20_to_block20_to_plan2
19113113015,42,1.000000000000,senate,vtd20_to_block20_to_plan2
19113113016,37,0.999999999996,senate,vtd20_to_block20_to_plan2
19113113016,39,0.000000000001,senate,vtd20_to_block20_to_plan2
19113113016,42,0.000000000003,senate,vtd20_to_block20_to_plan2
19113113017,42,1.000000000000,senate,vtd20_to_block20_to_plan2
19113113018,42,1.000000000000,senate,vtd20_to_block20_to_plan2
19113113019,33,0.000000000000,senate,vtd20_to_block20_to_plan2
19113113019,42,1.000000000000,senate,vtd20_to_block20_to_plan2
19113113020,39,0.000000000000,senate,vtd20_to_block20_to_plan2
19113113020,42,1.000000000000,senate,vtd20_to_block20_to_plan2
19113113021,41,0.000000000000,senate,vtd20_to_block20_to_plan2
19113113021,42,1.000000000000,senate,vtd20_to_block20_to_plan2
19113113021,43,0.000000000000,senate,vtd20_to_block20_to_plan2
19113113022,39,0.000000000000,senate,vtd20_to_block20_to_plan2
19113113022,42,1.000000000000,senate,vtd20_to_block20_to_plan2
19113113023,39,1.000000000000,senate,vtd20_to_block20_to_plan2
19113113023,42,0.000000000000,senate,vtd20_to_block20_to_plan2
19113113024,42,1.000000000000,senate,vtd20_to_block20_to_plan2
19113113025,39,0.000000000000,senate,vtd20_to_block20_to_plan2
19113113025,42,1.000000000000,senate,vtd20_to_block20_to_plan2
19113113025,46,0.000000000000,senate,vtd20_to_block20_to_plan2
19113113026,40,0.000000000002,senate,vtd20_to_block20_to_plan2
19113113026,42,0.999999999998,senate,vtd20_to_block20_to_plan2
19113113101,40,1.000000000000,senate,vtd20_to_block20_to_plan2
19113113101,42,0.000000000000,senate,vtd20_to_block20_to_plan2
19113113102,37,0.000000000001,senate,vtd20_to_block20_to_plan2
19113113102,40,0.999999999999,senate,vtd20_to_block20_to_plan2
19113113103,37,1.000000000000,senate,vtd20_to_block20_to_plan2
19113113103,40,0.000000000000,senate,vtd20_to_block20_to_plan2
19113113104,37,1.000000000000,senate,vtd20_to_block20_to_plan2
19113113104,42,0.000000000000,senate,vtd20_to_block20_to_plan2
19113113105,37,1.000000000000,senate,vtd20_to_block20_to_plan2
19113113106,37,1.000000000000,senate,vtd20_to_block20_to_plan2
19113113107,37,1.000000000000,senate,vtd20_to_block20_to_plan2
19113113108,37,0.999999999998,senate,vtd20_to_block20_to_plan2
19113113108,40,0.000000000002,senate,vtd20_to_block20_to_plan2
19113113109,37,0.000000000000,senate,vtd20_to_block20_to_plan2
19113113109,40,1.000000000000,senate,vtd20_to_block20_to_plan2
19113113110,40,1.000000000000,senate,vtd20_to_block20_to_plan2
19113113111,40,0.999999999999,senate,vtd20_to_block20_to_plan2
19113113111,42,0.000000000001,senate,vtd20_to_block20_to_plan2
19113113112,40,1.000000000000,senate,vtd20_to_block20_to_plan2
19113113113,37,0.000000000000,senate,vtd20_to_block20_to_plan2
19113113113,39,0.000000000001,senate,vtd20_to_block20_to_plan2
19113113113,40,0.999999999999,senate,vtd20_to_block20_to_plan2
19113113114,37,1.000000000000,senate,vtd20_to_block20_to_plan2
19113113114,39,0.000000000000,senate,vtd20_to_block20_to_plan2
19113113115,37,1.000000000000,senate,vtd20_to_block20_to_plan2
19113113116,37,0.000000000001,senate,vtd20_to_block20_to_plan2
19113113116,39,0.999999999999,senate,vtd20_to_block20_to_plan2
19113113117,37,0.000000000000,senate,vtd20_to_block20_to_plan2
19113113117,39,1.000000000000,senate,vtd20_to_block20_to_plan2
19113113118,39,0.000000000000,senate,vtd20_to_block20_to_plan2
19113113118,40,1.000000000000,senate,vtd20_to_block20_to_plan2
19113113119,40,1.000000000000,senate,vtd20_to_block20_to_plan2
19113113120,40,0.999999999999,senate,vtd20_to_block20_to_plan2
19113113120,42,0.000000000001,senate,vtd20_to_block20_to_plan2
19113113121,40,1.000000000000,senate,vtd20_to_block20_to_plan2
19113113122,39,1.000000000000,senate,vtd20_to_block20_to_plan2
19113113123,39,1.000000000000,senate,vtd20_to_block20_to_plan2
19113113124,37,0.000000000000,senate,vtd20_to_block20_to_plan2
19113113124,39,1.000000000000,senate,vtd20_to_block20_to_plan2
19113113125,37,0.000000000000,senate,vtd20_to_block20_to_plan2
19113113125,39,0.999999999999,senate,vtd20_to_block20_to_plan2
19113113125,42,0.000000000001,senate,vtd20_to_block20_to_plan2
19113113126,39,1.000000000000,senate,vtd20_to_block20_to_plan2
19113113127,39,0.000000000001,senate,vtd20_to_block20_to_plan2
19113113127,40,0.999999999999,senate,vtd20_to_block20_to_plan2
19113113128,39,0.000000000001,senate,vtd20_to_block20_to_plan2
19113113128,40,0.999999999999,senate,vtd20_to_block20_to_plan2
19113113129,39,0.000000000000,senate,vtd20_to_block20_to_plan2
19113113129,40,1.000000000000,senate,vtd20_to_block20_to_plan2
19113113130,40,1.000000000000,senate,vtd20_to_block20_to_plan2
19113113131,40,1.000000000000,senate,vtd20_to_block20_to_plan2
19113113131,42,0.000000000000,senate,vtd20_to_block20_to_plan2
19113113132,40,1.000000000000,senate,vtd20_to_block20_to_plan2
19113113133,39,1.000000000000,senate,vtd20_to_block20_to_plan2
19113113133,40,0.000000000000,senate,vtd20_to_block20_to_plan2
19113113134,39,1.000000000000,senate,vtd20_to_block20_to_plan2
19113113134,40,0.000000000000,senate,vtd20_to_block20_to_plan2
19113113135,39,1.000000000000,senate,vtd20_to_block20_to_plan2
19113113136,39,0.999999999999,senate,vtd20_to_block20_to_plan2
19113113136,42,0.000000000001,senate,vtd20_to_block20_to_plan2
19113113137,39,1.000000000000,senate,vtd20_to_block20_to_plan2
19113113138,39,1.000000000000,senate,vtd20_to_block20_to_plan2
19113113139,39,1.000000000000,senate,vtd20_to_block20_to_plan2
19113113140,39,1.000000000000,senate,vtd20_to_block20_to_plan2
19113113140,42,0.000000000000,senate,vtd20_to_block20_to_plan2
19113113141,39,0.999999999999,senate,vtd20_to_block20_to_plan2
19113113141,42,0.000000000001,senate,vtd20_to_block20_to_plan2
19113113142,39,1.000000000000,senate,vtd20_to_block20_to_plan2
19113113142,42,0.000000000000,senate,vtd20_to_block20_to_plan2
19113113142,46,0.000000000000,senate,vtd20_to_block20_to_plan2
19113113143,39,1.000000000000,senate,vtd20_to_block20_to_plan2
19113113144,39,1.000000000000,senate,vtd20_to_block20_to_plan2
19113113151,37,1.000000000000,senate,vtd20_to_block20_to_plan2
19113113152,37,1.000000000000,senate,vtd20_to_block20_to_plan2
19113113153,37,1.000000000000,senate,vtd20_to_block20_to_plan2
19113113154,37,1.000000000000,senate,vtd20_to_block20_to_plan2
19113113155,37,1.000000000000,senate,vtd20_to_block20_to_plan2
19113113155,42,0.000000000000,senate,vtd20_to_block20_to_plan2
19113113156,37,1.000000000000,senate,vtd20_to_block20_to_plan2
19113113157,37,1.000000000000,senate,vtd20_to_block20_to_plan2
19113113158,37,1.000000000000,senate,vtd20_to_block20_to_plan2
19113113158,42,0.000000000000,senate,vtd20_to_block20_to_plan2
19113113159,37,1.000000000000,senate,vtd20_to_block20_to_plan2
19113113160,37,1.000000000000,senate,vtd20_to_block20_to_plan2
19113113160,42,0.000000000000,senate,vtd20_to_block20_to_plan2
19113113161,37,1.000000000000,senate,vtd20_to_block20_to_plan2
19113113161,42,0.000000000000,senate,vtd20_to_block20_to_plan2
19113113162,37,1.000000000000,senate,vtd20_to_block20_to_plan2
19113113163,37,1.000000000000,senate,vtd20_to_block20_to_plan2
19113113164,37,1.000000000000,senate,vtd20_to_block20_to_plan2
19115115001,48,1.000000000000,senate,vtd20_to_block20_to_plan2
19115115002,48,1.000000000000,senate,vtd20_to_block20_to_plan2
19115115003,48,1.000000000000,senate,vtd20_to_block20_to_plan2
19115115004,48,1.000000000000,senate,vtd20_to_block20_to_plan2
19115115005,48,1.000000000000,senate,vtd20_to_block20_to_plan2
19115115006,48,1.000000000000,senate,vtd20_to_block20_to_plan2
19115115007,48,1.000000000000,senate,vtd20_to_block20_to_plan2
19115115008,48,1.000000000000,senate,vtd20_to_block20_to_plan2
19115115009,48,1.000000000000,senate,vtd20_to_block20_to_plan2
19115115010,48,1.000000000000,senate,vtd20_to_block20_to_plan2
19115115011,48,1.000000000000,senate,vtd20_to_block20_to_plan2
19115115012,48,1.000000000000,senate,vtd20_to_block20_to_plan2
19115115013,48,1.000000000000,senate,vtd20_to_block20_to_plan2
19117117001,12,1.000000000000,senate,vtd20_to_block20_to_plan2
19117117002,12,1.000000000000,senate,vtd20_to_block20_to_plan2
19117117003,12,1.000000000000,senate,vtd20_to_block20_to_plan2
19117117004,12,1.000000000000,senate,vtd20_to_block20_to_plan2
19117117004,13,0.000000000000,senate,vtd20_to_block20_to_plan2
19117117005,12,1.000000000000,senate,vtd20_to_block20_to_plan2
19117117006,12,1.000000000000,senate,vtd20_to_block20_to_plan2
19117117007,12,1.000000000000,senate,vtd20_to_block20_to_plan2
19117117008,12,1.000000000000,senate,vtd20_to_block20_to_plan2
19117117009,12,1.000000000000,senate,vtd20_to_block20_to_plan2
19117117010,12,1.000000000000,senate,vtd20_to_block20_to_plan2
19117117011,12,1.000000000000,senate,vtd20_to_block20_to_plan2
19117117012,12,1.000000000000,senate,vtd20_to_block20_to_plan2
19117117013,12,1.000000000000,senate,vtd20_to_block20_to_plan2
19117117014,12,1.000000000000,senate,vtd20_to_block20_to_plan2
19119119001,2,1.000000000000,senate,vtd20_to_block20_to_plan2
19119119002,2,1.000000000000,senate,vtd20_to_block20_to_plan2
19119119003,2,1.000000000000,senate,vtd20_to_block20_to_plan2
19119119004,2,1.000000000000,senate,vtd20_to_block20_to_plan2
19119119005,2,1.000000000000,senate,vtd20_to_block20_to_plan2
19119119006,2,1.000000000000,senate,vtd20_to_block20_to_plan2
19119119007,2,1.000000000000,senate,vtd20_to_block20_to_plan2
19119119008,2,1.000000000000,senate,vtd20_to_block20_to_plan2
19119119008,3,0.000000000000,senate,vtd20_to_block20_to_plan2
19119119009,2,1.000000000000,senate,vtd20_to_block20_to_plan2
19119119010,2,1.000000000000,senate,vtd20_to_block20_to_plan2
19119119011,2,1.000000000000,senate,vtd20_to_block20_to_plan2
19119119012,2,1.000000000000,senate,vtd20_to_block20_to_plan2
19119119013,2,1.000000000000,senate,vtd20_to_block20_to_plan2
19119119014,2,1.000000000000,senate,vtd20_to_block20_to_plan2
19119119015,2,1.000000000000,senate,vtd20_to_block20_to_plan2
19119119016,2,1.000000000000,senate,vtd20_to_block20_to_plan2
19119119017,2,1.000000000000,senate,vtd20_to_block20_to_plan2
19119119018,2,1.000000000000,senate,vtd20_to_block20_to_plan2
19119119019,2,1.000000000000,senate,vtd20_to_block20_to_plan2
19119119020,2,1.000000000000,senate,vtd20_to_block20_to_plan2
19119119021,2,1.000000000000,senate,vtd20_to_block20_to_plan2
19119119022,2,1.000000000000,senate,vtd20_to_block20_to_plan2
19119119023,2,1.000000000000,senate,vtd20_to_block20_to_plan2
19119119024,2,1.000000000000,senate,vtd20_to_block20_to_plan2
19121121001,12,1.000000000000,senate,vtd20_to_block20_to_plan2
19121121002,12,1.000000000000,senate,vtd20_to_block20_to_plan2
19121121003,12,1.000000000000,senate,vtd20_to_block20_to_plan2
19121121004,12,1.000000000000,senate,vtd20_to_block20_to_plan2
19121121005,11,0.000000000001,senate,vtd20_to_block20_to_plan2
19121121005,12,0.999999999999,senate,vtd20_to_block20_to_plan2
19121121006,12,1.000000000000,senate,vtd20_to_block20_to_plan2
19121121007,11,0.000000000000,senate,vtd20_to_block20_to_plan2
19121121007,12,1.000000000000,senate,vtd20_to_block20_to_plan2
19121121008,11,0.000000000000,senate,vtd20_to_block20_to_plan2
19121121008,12,1.000000000000,senate,vtd20_to_block20_to_plan2
19121121009,12,1.000000000000,senate,vtd20_to_block20_to_plan2
19121121010,12,1.000000000000,senate,vtd20_to_block20_to_plan2
19121121011,12,1.000000000000,senate,vtd20_to_block20_to_plan2
19121121012,12,1.000000000000,senate,vtd20_to_block20_to_plan2
19121121013,12,1.000000000000,senate,vtd20_to_block20_to_plan2
19121121014,12,1.000000000000,senate,vtd20_to_block20_to_plan2
19121121015,11,0.000000000000,senate,vtd20_to_block20_to_plan2
19121121015,12,1.000000000000,senate,vtd20_to_block20_to_plan2
19121121016,11,0.000000000000,senate,vtd20_to_block20_to_plan2
19121121016,12,1.000000000000,senate,vtd20_to_block20_to_plan2
19121121017,12,1.000000000000,senate,vtd20_to_block20_to_plan2
19121121018,12,1.000000000000,senate,vtd20_to_block20_to_plan2
19121121019,12,1.000000000000,senate,vtd20_to_block20_to_plan2
19123123001,19,1.000000000000,senate,vtd20_to_block20_to_plan2
19123123001,44,0.000000000000,senate,vtd20_to_block20_to_plan2
19123123002,44,1.000000000000,senate,vtd20_to_block20_to_plan2
19123123003,44,1.000000000000,senate,vtd20_to_block20_to_plan2
19123123004,44,1.000000000000,senate,vtd20_to_block20_to_plan2
19123123005,44,1.000000000000,senate,vtd20_to_block20_to_plan2
19123123006,44,1.000000000000,senate,vtd20_to_block20_to_plan2
19123123007,44,1.000000000000,senate,vtd20_to_block20_to_plan2
19123123008,44,1.000000000000,senate,vtd20_to_block20_to_plan2
19123123009,44,1.000000000000,senate,vtd20_to_block20_to_plan2
19123123010,19,1.000000000000,senate,vtd20_to_block20_to_plan2
19123123011,19,1.000000000000,senate,vtd20_to_block20_to_plan2
19123123012,19,1.000000000000,senate,vtd20_to_block20_to_plan2
19123123012,44,0.000000000000,senate,vtd20_to_block20_to_plan2
19123123013,44,1.000000000000,senate,vtd20_to_block20_to_plan2
19123123014,19,0.000000000000,senate,vtd20_to_block20_to_plan2
19123123014,44,1.000000000000,senate,vtd20_to_block20_to_plan2
19123123015,44,1.000000000000,senate,vtd20_to_block20_to_plan2
19123123016,44,1.000000000000,senate,vtd20_to_block20_to_plan2
19123123017,44,1.000000000000,senate,vtd20_to_block20_to_plan2
19123123018,44,1.000000000000,senate,vtd20_to_block20_to_plan2
19123123019,13,0.000000000000,senate,vtd20_to_block20_to_plan2
19123123019,44,1.000000000000,senate,vtd20_to_block20_to_plan2
19123123020,13,0.000000000000,senate,vtd20_to_block20_to_plan2
19123123020,44,1.000000000000,senate,vtd20_to_block20_to_plan2
19123123021,13,0.000000000000,senate,vtd20_to_block20_to_plan2
19123123021,19,0.962962962962,senate,vtd20_to_block20_to_plan2
19123123021,44,0.037037037038,senate,vtd20_to_block20_to_plan2
19123123022,13,0.000000000000,senate,vtd20_to_block20_to_plan2
19123123022,19,1.000000000000,senate,vtd20_to_block20_to_plan2
19123123023,19,1.000000000000,senate,vtd20_to_block20_to_plan2
19123123024,19,1.000000000000,senate,vtd20_to_block20_to_plan2
19125125001,11,0.000000000000,senate,vtd20_to_block20_to_plan2
19125125001,19,1.000000000000,senate,vtd20_to_block20_to_plan2
19125125002,19,1.000000000000,senate,vtd20_to_block20_to_plan2
19125125003,19,1.000000000000,senate,vtd20_to_block20_to_plan2
19125125004,19,1.000000000000,senate,vtd20_to_block20_to_plan2
19125125005,19,1.000000000000,senate,vtd20_to_block20_to_plan2
19125125006,19,1.000000000000,senate,vtd20_to_block20_to_plan2
19125125007,11,1.000000000000,senate,vtd20_to_block20_to_plan2
19125125007,19,0.000000000000,senate,vtd20_to_block20_to_plan2
19125125008,11,1.000000000000,senate,vtd20_to_block20_to_plan2
19125125008,19,0.000000000000,senate,vtd20_to_block20_to_plan2
19125125009,11,0.000000000000,senate,vtd20_to_block20_to_plan2
19125125009,19,1.000000000000,senate,vtd20_to_block20_to_plan2
19125125010,11,1.000000000000,senate,vtd20_to_block20_to_plan2
19125125010,19,0.000000000000,senate,vtd20_to_block20_to_plan2
19125125011,19,1.000000000000,senate,vtd20_to_block20_to_plan2
19125125012,12,0.000000000000,senate,vtd20_to_block20_to_plan2
19125125012,19,1.000000000000,senate,vtd20_to_block20_to_plan2
19125125013,19,1.000000000000,senate,vtd20_to_block20_to_plan2
19125125014,19,1.000000000000,senate,vtd20_to_block20_to_plan2
19127127001,26,1.000000000000,senate,vtd20_to_block20_to_plan2
19127127002,26,1.000000000000,senate,vtd20_to_block20_to_plan2
19127127003,26,1.000000000000,senate,vtd20_to_block20_to_plan2
19127127004,26,1.000000000000,senate,vtd20_to_block20_to_plan2
19127127004,27,0.000000000000,senate,vtd20_to_block20_to_plan2
19127127005,26,1.000000000000,senate,vtd20_to_block20_to_plan2
19127127005,27,0.000000000000,senate,vtd20_to_block20_to_plan2
19127127006,26,1.000000000000,senate,vtd20_to_block20_to_plan2
19127127007,26,1.000000000000,senate,vtd20_to_block20_to_plan2
19127127008,26,1.000000000000,senate,vtd20_to_block20_to_plan2
19127127009,26,1.000000000000,senate,vtd20_to_block20_to_plan2
19127127010,26,1.000000000000,senate,vtd20_to_block20_to_plan2
19127127011,26,1.000000000000,senate,vtd20_to_block20_to_plan2
19127127012,26,1.000000000000,senate,vtd20_to_block20_to_plan2
19127127013,26,1.000000000000,senate,vtd20_to_block20_to_plan2
19127127014,26,1.000000000000,senate,vtd20_to_block20_to_plan2
19127127014,27,0.000000000000,senate,vtd20_to_block20_to_plan2
19127127015,26,1.000000000000,senate,vtd20_to_block20_to_plan2
19127127016,19,0.000000000000,senate,vtd20_to_block20_to_plan2
19127127016,26,1.000000000000,senate,vtd20_to_block20_to_plan2
19127127016,27,0.000000000000,senate,vtd20_to_block20_to_plan2
19127127017,26,1.000000000000,senate,vtd20_to_block20_to_plan2
19127127018,19,0.000000000000,senate,vtd20_to_block20_to_plan2
19127127018,26,1.000000000000,senate,vtd20_to_block20_to_plan2
19127127019,26,1.000000000000,senate,vtd20_to_block20_to_plan2
19127127020,19,0.000000000000,senate,vtd20_to_block20_to_plan2
19127127020,26,1.000000000000,senate,vtd20_to_block20_to_plan2
19127127021,26,1.000000000000,senate,vtd20_to_block20_to_plan2
19127127022,26,1.000000000000,senate,vtd20_to_block20_to_plan2
19127127023,26,1.000000000000,senate,vtd20_to_block20_to_plan2
19127127024,26,1.000000000000,senate,vtd20_to_block20_to_plan2
19127127025,26,1.000000000000,senate,vtd20_to_block20_to_plan2
19127127026,26,1.000000000000,senate,vtd20_to_block20_to_plan2
19127127027,26,1.000000000000,senate,vtd20_to_block20_to_plan2
19127127028,26,1.000000000000,senate,vtd20_to_block20_to_plan2
19129129001,8,1.000000000000,senate,vtd20_to_block20_to_plan2
19129129002,8,1.000000000000,senate,vtd20_to_block20_to_plan2
19129129003,8,1.000000000000,senate,vtd20_to_block20_to_plan2
19129129004,8,1.000000000000,senate,vtd20_to_block20_to_plan2
19129129004,9,0.000000000000,senate,vtd20_to_block20_to_plan2
19129129005,8,1.000000000000,senate,vtd20_to_block20_to_plan2
19129129005,9,0.000000000000,senate,vtd20_to_block20_to_plan2
19129129007,8,1.000000000000,senate,vtd20_to_block20_to_plan2
19129129008,8,1.000000000000,senate,vtd20_to_block20_to_plan2
19129129009,8,1.000000000000,senate,vtd20_to_block20_to_plan2
19129129010,8,1.000000000000,senate,vtd20_to_block20_to_plan2
19129129011,8,1.000000000000,senate,vtd20_to_block20_to_plan2
19129129012,8,1.000000000000,senate,vtd20_to_block20_to_plan2
19129129013,8,1.000000000000,senate,vtd20_to_block20_to_plan2
19129129014,8,1.000000000000,senate,vtd20_to_block20_to_plan2
19129129015,8,1.000000000000,senate,vtd20_to_block20_to_plan2
19129129016,8,1.000000000000,senate,vtd20_to_block20_to_plan2
19129129016,9,0.000000000000,senate,vtd20_to_block20_to_plan2
19129129017,8,1.000000000000,senate,vtd20_to_block20_to_plan2
19131131001,30,1.000000000000,senate,vtd20_to_block20_to_plan2
19131131002,30,1.000000000000,senate,vtd20_to_block20_to_plan2
19131131003,30,1.000000000000,senate,vtd20_to_block20_to_plan2
19131131004,30,1.000000000000,senate,vtd20_to_block20_to_plan2
19131131005,30,1.000000000000,senate,vtd20_to_block20_to_plan2
19131131006,30,1.000000000000,senate,vtd20_to_block20_to_plan2
19131131007,30,1.000000000000,senate,vtd20_to_block20_to_plan2
19131131007,32,0.000000000000,senate,vtd20_to_block20_to_plan2
19131131008,30,0.999999999998,senate,vtd20_to_block20_to_plan2
19131131008,32,0.000000000002,senate,vtd20_to_block20_to_plan2
19131131009,30,1.000000000000,senate,vtd20_to_block20_to_plan2
19131131009,32,0.000000000000,senate,vtd20_to_block20_to_plan2
19131131010,30,1.000000000000,senate,vtd20_to_block20_to_plan2
19131131011,30,1.000000000000,senate,vtd20_to_block20_to_plan2
19131131012,30,1.000000000000,senate,vtd20_to_block20_to_plan2
19131131013,30,1.000000000000,senate,vtd20_to_block20_to_plan2
19131131014,30,1.000000000000,senate,vtd20_to_block20_to_plan2
19131131015,29,0.000000000000,senate,vtd20_to_block20_to_plan2
19131131015,30,1.000000000000,senate,vtd20_to_block20_to_plan2
19131131016,30,1.000000000000,senate,vtd20_to_block20_to_plan2
19131131017,29,0.000000000000,senate,vtd20_to_block20_to_plan2
19131131017,30,1.000000000000,senate,vtd20_to_block20_to_plan2
19131131018,30,1.000000000000,senate,vtd20_to_block20_to_plan2
19131131019,30,1.000000000000,senate,vtd20_to_block20_to_plan2
19133133001,7,1.000000000000,senate,vtd20_to_block20_to_plan2
19133133002,7,1.000000000000,senate,vtd20_to_block20_to_plan2
19133133003,7,1.000000000000,senate,vtd20_to_block20_to_plan2
19133133004,7,1.000000000000,senate,vtd20_to_block20_to_plan2
19133133005,7,1.000000000000,senate,vtd20_to_block20_to_plan2
19133133006,6,0.000000000000,senate,vtd20_to_block20_to_plan2
19133133006,7,1.000000000000,senate,vtd20_to_block20_to_plan2
19133133007,7,1.000000000000,senate,vtd20_to_block20_to_plan2
19133133008,6,0.000000000000,senate,vtd20_to_block20_to_plan2
19133133008,7,1.000000000000,senate,vtd20_to_block20_to_plan2
19133133009,7,1.000000000000,senate,vtd20_to_block20_to_plan2
19133133010,7,1.000000000000,senate,vtd20_to_block20_to_plan2
19133133011,7,1.000000000000,senate,vtd20_to_block20_to_plan2
19133133012,7,1.000000000000,senate,vtd20_to_block20_to_plan2
19133133013,7,1.000000000000,senate,vtd20_to_block20_to_plan2
19133133014,7,1.000000000000,senate,vtd20_to_block20_to_plan2
19133133015,7,1.000000000000,senate,vtd20_to_block20_to_plan2
19133133016,7,1.000000000000,senate,vtd20_to_block20_to_plan2
19133133017,7,1.000000000000,senate,vtd20_to_block20_to_plan2
19133133018,7,1.000000000000,senate,vtd20_to_block20_to_plan2
19133133019,6,0.000000000000,senate,vtd20_to_block20_to_plan2
19133133019,7,1.000000000000,senate,vtd20_to_block20_to_plan2
19133133020,6,0.000000000000,senate,vtd20_to_block20_to_plan2
19133133020,7,1.000000000000,senate,vtd20_to_block20_to_plan2
19133133021,7,1.000000000000,senate,vtd20_to_block20_to_plan2
19133133021,8,0.000000000000,senate,vtd20_to_block20_to_plan2
19133133022,7,1.000000000000,senate,vtd20_to_block20_to_plan2
19133133023,7,1.000000000000,senate,vtd20_to_block20_to_plan2
19135135001,13,1.000000000000,senate,vtd20_to_block20_to_plan2
19135135002,13,1.000000000000,senate,vtd20_to_block20_to_plan2
19135135003,13,1.000000000000,senate,vtd20_to_block20_to_plan2
19135135004,13,1.000000000000,senate,vtd20_to_block20_to_plan2
19135135004,19,0.000000000000,senate,vtd20_to_block20_to_plan2
19135135005,13,1.000000000000,senate,vtd20_to_block20_to_plan2
19135135006,13,1.000000000000,senate,vtd20_to_block20_to_plan2
19135135007,13,1.000000000000,senate,vtd20_to_block20_to_plan2
19135135008,13,1.000000000000,senate,vtd20_to_block20_to_plan2
19135135009,13,1.000000000000,senate,vtd20_to_block20_to_plan2
19135135010,13,1.000000000000,senate,vtd20_to_block20_to_plan2
19135135011,13,1.000000000000,senate,vtd20_to_block20_to_plan2
19135135012,13,1.000000000000,senate,vtd20_to_block20_to_plan2
19135135013,13,1.000000000000,senate,vtd20_to_block20_to_plan2
19135135014,13,1.000000000000,senate,vtd20_to_block20_to_plan2
19135135015,13,1.000000000000,senate,vtd20_to_block20_to_plan2
19137137001,9,1.000000000000,senate,vtd20_to_block20_to_plan2
19137137002,9,1.000000000000,senate,vtd20_to_block20_to_plan2
19137137003,9,1.000000000000,senate,vtd20_to_block20_to_plan2
19137137004,9,1.000000000000,senate,vtd20_to_block20_to_plan2
19137137005,9,1.000000000000,senate,vtd20_to_block20_to_plan2
19137137006,9,1.000000000000,senate,vtd20_to_block20_to_plan2
19137137007,9,1.000000000000,senate,vtd20_to_block20_to_plan2
19137137008,9,1.000000000000,senate,vtd20_to_block20_to_plan2
19137137009,8,0.000000000000,senate,vtd20_to_block20_to_plan2
19137137009,9,1.000000000000,senate,vtd20_to_block20_to_plan2
19137137010,9,1.000000000000,senate,vtd20_to_block20_to_plan2
19137137011,9,1.000000000000,senate,vtd20_to_block20_to_plan2
19137137012,9,1.000000000000,senate,vtd20_to_block20_to_plan2
19137137013,9,1.000000000000,senate,vtd20_to_block20_to_plan2
19137137014,9,1.000000000000,senate,vtd20_to_block20_to_plan2
19137137015,9,1.000000000000,senate,vtd20_to_block20_to_plan2
19139139001,41,1.000000000000,senate,vtd20_to_block20_to_plan2
19139139001,48,0.000000000000,senate,vtd20_to_block20_to_plan2
19139139002,41,0.000000000002,senate,vtd20_to_block20_to_plan2
19139139002,48,0.999999999998,senate,vtd20_to_block20_to_plan2
19139139003,41,1.000000000000,senate,vtd20_to_block20_to_plan2
19139139003,48,0.000000000000,senate,vtd20_to_block20_to_plan2
19139139004,41,0.000000000000,senate,vtd20_to_block20_to_plan2
19139139004,48,1.000000000000,senate,vtd20_to_block20_to_plan2
19139139005,41,0.000000000000,senate,vtd20_to_block20_to_plan2
19139139005,48,1.000000000000,senate,vtd20_to_block20_to_plan2
19139139006,41,1.000000000000,senate,vtd20_to_block20_to_plan2
19139139007,41,1.000000000000,senate,vtd20_to_block20_to_plan2
19139139008,41,1.000000000000,senate,vtd20_to_block20_to_plan2
19139139010,41,1.000000000000,senate,vtd20_to_block20_to_plan2
19139139010,48,0.000000000000,senate,vtd20_to_block20_to_plan2
19139139010,49,0.000000000000,senate,vtd20_to_block20_to_plan2
19139139011,41,0.000000000000,senate,vtd20_to_block20_to_plan2
19139139011,48,1.000000000000,senate,vtd20_to_block20_to_plan2
19139139012,48,1.000000000000,senate,vtd20_to_block20_to_plan2
19139139013,48,1.000000000000,senate,vtd20_to_block20_to_plan2
19139139014,48,1.000000000000,senate,vtd20_to_block20_to_plan2
19139139015,48,1.000000000000,senate,vtd20_to_block20_to_plan2
19139139016,48,1.000000000000,senate,vtd20_to_block20_to_plan2
19139139017,48,1.000000000000,senate,vtd20_to_block20_to_plan2
19139139018,48,1.000000000000,senate,vtd20_to_block20_to_plan2
19139139019,48,1.000000000000,senate,vtd20_to_block20_to_plan2
19139139020,48,1.000000000000,senate,vtd20_to_block20_to_plan2
19139139021,48,1.000000000000,senate,vtd20_to_block20_to_plan2
19139139022,48,1.000000000000,senate,vtd20_to_block20_to_plan2
19139139023,48,1.000000000000,senate,vtd20_to_block20_to_plan2
19139139024,48,1.000000000000,senate,vtd20_to_block20_to_plan2
19139139025,48,1.000000000000,senate,vtd20_to_block20_to_plan2
19139139026,48,1.000000000000,senate,vtd20_to_block20_to_plan2
19139139027,48,1.000000000000,senate,vtd20_to_block20_to_plan2
19139139028,48,1.000000000000,senate,vtd20_to_block20_to_plan2
19139139029,48,1.000000000000,senate,vtd20_to_block20_to_plan2
19141141001,3,1.000000000000,senate,vtd20_to_block20_to_plan2
19141141002,3,1.000000000000,senate,vtd20_to_block20_to_plan2
19141141003,3,1.000000000000,senate,vtd20_to_block20_to_plan2
19141141004,3,1.000000000000,senate,vtd20_to_block20_to_plan2
19141141005,3,1.000000000000,senate,vtd20_to_block20_to_plan2
19141141005,5,0.000000000000,senate,vtd20_to_block20_to_plan2
19141141006,3,1.000000000000,senate,vtd20_to_block20_to_plan2
19141141007,3,1.000000000000,senate,vtd20_to_block20_to_plan2
19141141008,3,1.000000000000,senate,vtd20_to_block20_to_plan2
19141141009,3,1.000000000000,senate,vtd20_to_block20_to_plan2
19141141010,3,1.000000000000,senate,vtd20_to_block20_to_plan2
19141141011,3,1.000000000000,senate,vtd20_to_block20_to_plan2
19141141012,3,1.000000000000,senate,vtd20_to_block20_to_plan2
19141141013,3,1.000000000000,senate,vtd20_to_block20_to_plan2
19141141014,3,1.000000000000,senate,vtd20_to_block20_to_plan2
19141141015,3,1.000000000000,senate,vtd20_to_block20_to_plan2
19141141016,3,1.000000000000,senate,vtd20_to_block20_to_plan2
19141141017,3,1.000000000000,senate,vtd20_to_block20_to_plan2
19141141018,3,1.000000000000,senate,vtd20_to_block20_to_plan2
19141141019,3,1.000000000000,senate,vtd20_to_block20_to_plan2
19141141020,3,1.000000000000,senate,vtd20_to_block20_to_plan2
19141141021,3,1.000000000000,senate,vtd20_to_block20_to_plan2
19141141022,3,1.000000000000,senate,vtd20_to_block20_to_plan2
19143143001,3,1.000000000000,senate,vtd20_to_block20_to_plan2
19143143002,3,1.000000000000,senate,vtd20_to_block20_to_plan2
19143143003,3,1.000000000000,senate,vtd20_to_block20_to_plan2
19143143004,3,1.000000000000,senate,vtd20_to_block20_to_plan2
19143143004,5,0.000000000000,senate,vtd20_to_block20_to_plan2
19143143005,3,1.000000000000,senate,vtd20_to_block20_to_plan2
19143143006,3,1.000000000000,senate,vtd20_to_block20_to_plan2
19143143007,3,1.000000000000,senate,vtd20_to_block20_to_plan2
19143143008,3,1.000000000000,senate,vtd20_to_block20_to_plan2
19143143009,3,1.000000000000,senate,vtd20_to_block20_to_plan2
19143143010,3,1.000000000000,senate,vtd20_to_block20_to_plan2
19143143011,3,1.000000000000,senate,vtd20_to_block20_to_plan2
19143143012,3,1.000000000000,senate,vtd20_to_block20_to_plan2
19143143013,3,1.000000000000,senate,vtd20_to_block20_to_plan2
19143143014,3,1.000000000000,senate,vtd20_to_block20_to_plan2
19143143014,5,0.000000000000,senate,vtd20_to_block20_to_plan2
19145145001,9,1.000000000000,senate,vtd20_to_block20_to_plan2
19145145002,9,1.000000000000,senate,vtd20_to_block20_to_plan2
19145145003,9,1.000000000000,senate,vtd20_to_block20_to_plan2
19145145004,9,1.000000000000,senate,vtd20_to_block20_to_plan2
19145145005,9,1.000000000000,senate,vtd20_to_block20_to_plan2
19145145006,9,1.000000000000,senate,vtd20_to_block20_to_plan2
19145145007,9,1.000000000000,senate,vtd20_to_block20_to_plan2
19145145008,9,1.000000000000,senate,vtd20_to_block20_to_plan2
19145145009,8,0.000000000000,senate,vtd20_to_block20_to_plan2
19145145009,9,1.000000000000,senate,vtd20_to_block20_to_plan2
19145145010,9,1.000000000000,senate,vtd20_to_block20_to_plan2
19145145011,9,1.000000000000,senate,vtd20_to_block20_to_plan2
19145145012,9,1.000000000000,senate,vtd20_to_block20_to_plan2
19145145013,9,1.000000000000,senate,vtd20_to_block20_to_plan2
19145145014,9,1.000000000000,senate,vtd20_to_block20_to_plan2
19145145015,9,1.000000000000,senate,vtd20_to_block20_to_plan2
19145145016,9,1.000000000000,senate,vtd20_to_block20_to_plan2
19145145017,9,1.000000000000,senate,vtd20_to_block20_to_plan2
19145145018,9,1.000000000000,senate,vtd20_to_block20_to_plan2
19145145019,9,1.000000000000,senate,vtd20_to_block20_to_plan2
19145145020,9,1.000000000000,senate,vtd20_to_block20_to_plan2
19145145021,9,1.000000000000,senate,vtd20_to_block20_to_plan2
19145145022,9,1.000000000000,senate,vtd20_to_block20_to_plan2
19147147001,5,1.000000000000,senate,vtd20_to_block20_to_plan2
19147147002,5,1.000000000000,senate,vtd20_to_block20_to_plan2
19147147003,5,1.000000000000,senate,vtd20_to_block20_to_plan2
19147147004,5,1.000000000000,senate,vtd20_to_block20_to_plan2
19147147005,5,1.000000000000,senate,vtd20_to_block20_to_plan2
19147147006,5,1.000000000000,senate,vtd20_to_block20_to_plan2
19147147007,5,1.000000000000,senate,vtd20_to_block20_to_plan2
19147147008,5,1.000000000000,senate,vtd20_to_block20_to_plan2
19147147009,5,1.000000000000,senate,vtd20_to_block20_to_plan2
19147147010,5,1.000000000000,senate,vtd20_to_block20_to_plan2
19147147011,5,1.000000000000,senate,vtd20_to_block20_to_plan2
19147147012,5,1.000000000000,senate,vtd20_to_block20_to_plan2
19147147013,5,1.000000000000,senate,vtd20_to_block20_to_plan2
19147147014,4,0.000000000000,senate,vtd20_to_block20_to_plan2
19147147014,5,1.000000000000,senate,vtd20_to_block20_to_plan2
19147147015,5,1.000000000000,senate,vtd20_to_block20_to_plan2
19147147016,4,0.000000000000,senate,vtd20_to_block20_to_plan2
19147147016,5,1.000000000000,senate,vtd20_to_block20_to_plan2
19147147017,4,0.000000000000,senate,vtd20_to_block20_to_plan2
19147147017,5,1.000000000000,senate,vtd20_to_block20_to_plan2
19147147018,5,1.000000000000,senate,vtd20_to_block20_to_plan2
19147147019,4,0.000000000000,senate,vtd20_to_block20_to_plan2
19147147019,5,1.000000000000,senate,vtd20_to_block20_to_plan2
19149149001,2,1.000000000000,senate,vtd20_to_block20_to_plan2
19149149002,2,1.000000000000,senate,vtd20_to_block20_to_plan2
19149149003,2,1.000000000000,senate,vtd20_to_block20_to_plan2
19149149004,2,1.000000000000,senate,vtd20_to_block20_to_plan2
19149149005,2,0.999999999999,senate,vtd20_to_block20_to_plan2
19149149005,7,0.000000000001,senate,vtd20_to_block20_to_plan2
19149149006,2,0.975000000000,senate,vtd20_to_block20_to_plan2
19149149006,7,0.025000000000,senate,vtd20_to_block20_to_plan2
19149149007,7,1.000000000000,senate,vtd20_to_block20_to_plan2
19149149008,7,1.000000000000,senate,vtd20_to_block20_to_plan2
19149149009,7,1.000000000000,senate,vtd20_to_block20_to_plan2
19149149010,7,1.000000000000,senate,vtd20_to_block20_to_plan2
19149149011,2,1.000000000000,senate,vtd20_to_block20_to_plan2
19149149011,7,0.000000000000,senate,vtd20_to_block20_to_plan2
19149149012,2,1.000000000000,senate,vtd20_to_block20_to_plan2
19149149012,7,0.000000000000,senate,vtd20_to_block20_to_plan2
19149149013,2,1.000000000000,senate,vtd20_to_block20_to_plan2
19149149014,2,1.000000000000,senate,vtd20_to_block20_to_plan2
19149149015,2,1.000000000000,senate,vtd20_to_block20_to_plan2
19149149016,2,0.999999999999,senate,vtd20_to_block20_to_plan2
19149149016,7,0.000000000001,senate,vtd20_to_block20_to_plan2
19149149017,7,1.000000000000,senate,vtd20_to_block20_to_plan2
19149149018,7,1.000000000000,senate,vtd20_to_block20_to_plan2
19149149019,7,1.000000000000,senate,vtd20_to_block20_to_plan2
19149149020,7,1.000000000000,senate,vtd20_to_block20_to_plan2
19149149021,7,1.000000000000,senate,vtd20_to_block20_to_plan2
19149149022,7,1.000000000000,senate,vtd20_to_block20_to_plan2
19149149023,7,1.000000000000,senate,vtd20_to_block20_to_plan2
19149149024,7,1.000000000000,senate,vtd20_to_block20_to_plan2
19149149025,7,1.000000000000,senate,vtd20_to_block20_to_plan2
19149149026,1,0.000000000000,senate,vtd20_to_block20_to_plan2
19149149026,7,1.000000000000,senate,vtd20_to_block20_to_plan2
19149149027,1,0.000000000000,senate,vtd20_to_block20_to_plan2
19149149027,7,1.000000000000,senate,vtd20_to_block20_to_plan2
19149149028,2,0.000000000000,senate,vtd20_to_block20_to_plan2
19149149028,7,1.000000000000,senate,vtd20_to_block20_to_plan2
19149149029,7,1.000000000000,senate,vtd20_to_block20_to_plan2
19151151001,4,1.000000000000,senate,vtd20_to_block20_to_plan2
19151151002,4,1.000000000000,senate,vtd20_to_block20_to_plan2
19151151003,4,1.000000000000,senate,vtd20_to_block20_to_plan2
19151151004,28,0.000000000001,senate,vtd20_to_block20_to_plan2
19151151004,4,0.999999999999,senate,vtd20_to_block20_to_plan2
19151151005,28,0.000000000000,senate,vtd20_to_block20_to_plan2
19151151005,4,1.000000000000,senate,vtd20_to_block20_to_plan2
19151151006,4,1.000000000000,senate,vtd20_to_block20_to_plan2
19151151007,4,1.000000000000,senate,vtd20_to_block20_to_plan2
19151151008,4,1.000000000000,senate,vtd20_to_block20_to_plan2
19151151009,4,1.000000000000,senate,vtd20_to_block20_to_plan2
19151151010,4,1.000000000000,senate,vtd20_to_block20_to_plan2
19151151011,4,1.000000000000,senate,vtd20_to_block20_to_plan2
19151151012,4,1.000000000000,senate,vtd20_to_block20_to_plan2
19151151013,4,1.000000000000,senate,vtd20_to_block20_to_plan2
19151151014,4,1.000000000000,senate,vtd20_to_block20_to_plan2
19151151015,28,0.000000000001,senate,vtd20_to_block20_to_plan2
19151151015,4,0.999999999999,senate,vtd20_to_block20_to_plan2
19151151016,4,1.000000000000,senate,vtd20_to_block20_to_plan2
19151151017,4,1.000000000000,senate,vtd20_to_block20_to_plan2
19151151018,4,1.000000000000,senate,vtd20_to_block20_to_plan2
19151151019,4,1.000000000000,senate,vtd20_to_block20_to_plan2
19153153001,23,1.000000000000,senate,vtd20_to_block20_to_plan2
19153153002,23,1.000000000000,senate,vtd20_to_block20_to_plan2
19153153003,21,0.000000000000,senate,vtd20_to_block20_to_plan2
19153153003,23,1.000000000000,senate,vtd20_to_block20_to_plan2
19153153004,21,0.008264462810,senate,vtd20_to_block20_to_plan2
19153153004,23,0.991735537190,senate,vtd20_to_block20_to_plan2
19153153005,19,0.000000000000,senate,vtd20_to_block20_to_plan2
19153153005,23,1.000000000000,senate,vtd20_to_block20_to_plan2
19153153006,19,0.000000000000,senate,vtd20_to_block20_to_plan2
19153153006,23,1.000000000000,senate,vtd20_to_block20_to_plan2
19153153007,20,0.000000000000,senate,vtd20_to_block20_to_plan2
19153153007,23,1.000000000000,senate,vtd20_to_block20_to_plan2
19153153008,20,0.000000000000,senate,vtd20_to_block20_to_plan2
19153153008,21,0.000000000001,senate,vtd20_to_block20_to_plan2
19153153008,23,0.999999999999,senate,vtd20_to_block20_to_plan2
19153153009,20,0.000000000000,senate,vtd20_to_block20_to_plan2
19153153009,21,0.000000000000,senate,vtd20_to_block20_to_plan2
19153153009,22,1.000000000000,senate,vtd20_to_block20_to_plan2
19153153009,23,0.000000000000,senate,vtd20_to_block20_to_plan2
19153153022,23,1.000000000000,senate,vtd20_to_block20_to_plan2
19153153023,22,0.023437500000,senate,vtd20_to_block20_to_plan2
19153153023,23,0.976562500000,senate,vtd20_to_block20_to_plan2
19153153024,23,1.000000000000,senate,vtd20_to_block20_to_plan2
19153153025,22,0.000000000000,senate,vtd20_to_block20_to_plan2
19153153025,23,1.000000000000,senate,vtd20_to_block20_to_plan2
19153153026,23,1.000000000000,senate,vtd20_to_block20_to_plan2
19153153030,18,0.000000000000,senate,vtd20_to_block20_to_plan2
19153153030,22,1.000000000000,senate,vtd20_to_block20_to_plan2
19153153031,17,0.000000000000,senate,vtd20_to_block20_to_plan2
19153153031,20,0.000000000000,senate,vtd20_to_block20_to_plan2
19153153031,22,1.000000000000,senate,vtd20_to_block20_to_plan2
19153153032,17,0.000000000000,senate,vtd20_to_block20_to_plan2
19153153032,20,1.000000000000,senate,vtd20_to_block20_to_plan2
19153153034,20,1.000000000000,senate,vtd20_to_block20_to_plan2
19153153034,21,0.000000000000,senate,vtd20_to_block20_to_plan2
19153153037,20,1.000000000000,senate,vtd20_to_block20_to_plan2
19153153037,23,0.000000000000,senate,vtd20_to_block20_to_plan2
19153153038,21,0.025000000001,senate,vtd20_to_block20_to_plan2
19153153038,22,0.049999999999,senate,vtd20_to_block20_to_plan2
19153153038,23,0.925000000000,senate,vtd20_to_block20_to_plan2
19153153041,20,1.000000000000,senate,vtd20_to_block20_to_plan2
19153153041,23,0.000000000000,senate,vtd20_to_block20_to_plan2
19153153042,19,0.000000000000,senate,vtd20_to_block20_to_plan2
19153153042,23,1.000000000000,senate,vtd20_to_block20_to_plan2
19153153043,19,0.000000000000,senate,vtd20_to_block20_to_plan2
19153153043,23,1.000000000000,senate,vtd20_to_block20_to_plan2
19153153044,11,0.000000000000,senate,vtd20_to_block20_to_plan2
19153153044,19,0.000000000000,senate,vtd20_to_block20_to_plan2
19153153044,23,1.000000000000,senate,vtd20_to_block20_to_plan2
19153153045,20,0.018867924527,senate,vtd20_to_block20_to_plan2
19153153045,23,0.981132075473,senate,vtd20_to_block20_to_plan2
19153153046,15,0.000000000000,senate,vtd20_to_block20_to_plan2
19153153046,20,0.990990990991,senate,vtd20_to_block20_to_plan2
19153153046,23,0.009009009009,senate,vtd20_to_block20_to_plan2
19153153049,11,0.000000000000,senate,vtd20_to_block20_to_plan2
19153153049,20,0.000000000000,senate,vtd20_to_block20_to_plan2
19153153049,23,1.000000000000,senate,vtd20_to_block20_to_plan2
19153153050,11,0.000000000001,senate,vtd20_to_block20_to_plan2
19153153050,23,0.999999999999,senate,vtd20_to_block20_to_plan2
19153153051,16,1.000000000000,senate,vtd20_to_block20_to_plan2
19153153052,16,1.000000000000,senate,vtd20_to_block20_to_plan2
19153153052,18,0.000000000000,senate,vtd20_to_block20_to_plan2
19153153201,20,1.000000000000,senate,vtd20_to_block20_to_plan2
19153153202,20,1.000000000000,senate,vtd20_to_block20_to_plan2
19153153203,20,1.000000000000,senate,vtd20_to_block20_to_plan2
19153153204,17,0.000000000000,senate,vtd20_to_block20_to_plan2
19153153204,20,1.000000000000,senate,vtd20_to_block20_to_plan2
19153153205,17,0.999999999998,senate,vtd20_to_block20_to_plan2
19153153205,20,0.000000000002,senate,vtd20_to_block20_to_plan2
19153153206,17,1.000000000000,senate,vtd20_to_block20_to_plan2
19153153207,17,1.000000000000,senate,vtd20_to_block20_to_plan2
19153153207,22,0.000000000000,senate,vtd20_to_block20_to_plan2
19153153208,17,0.000000000001,senate,vtd20_to_block20_to_plan2
19153153208,18,0.999999999999,senate,vtd20_to_block20_to_plan2
19153153209,18,1.000000000000,senate,vtd20_to_block20_to_plan2
19153153210,18,1.000000000000,senate,vtd20_to_block20_to_plan2
19153153211,18,1.000000000000,senate,vtd20_to_block20_to_plan2
19153153211,22,0.000000000000,senate,vtd20_to_block20_to_plan2
19153153212,18,1.000000000000,senate,vtd20_to_block20_to_plan2
19153153213,18,1.000000000000,senate,vtd20_to_block20_to_plan2
19153153213,22,0.000000000000,senate,vtd20_to_block20_to_plan2
19153153214,18,1.000000000000,senate,vtd20_to_block20_to_plan2
19153153215,18,1.000000000000,senate,vtd20_to_block20_to_plan2
19153153216,17,0.000000000000,senate,vtd20_to_block20_to_plan2
19153153216,18,1.000000000000,senate,vtd20_to_block20_to_plan2
19153153217,17,1.000000000000,senate,vtd20_to_block20_to_plan2
19153153217,18,0.000000000000,senate,vtd20_to_block20_to_plan2
19153153218,17,1.000000000000,senate,vtd20_to_block20_to_plan2
19153153218,18,0.000000000000,senate,vtd20_to_block20_to_plan2
19153153219,17,1.000000000000,senate,vtd20_to_block20_to_plan2
19153153220,17,1.000000000000,senate,vtd20_to_block20_to_plan2
19153153221,17,1.000000000000,senate,vtd20_to_block20_to_plan2
19153153221,20,0.000000000000,senate,vtd20_to_block20_to_plan2
19153153222,17,1.000000000000,senate,vtd20_to_block20_to_plan2
19153153223,17,1.000000000000,senate,vtd20_to_block20_to_plan2
19153153224,17,1.000000000000,senate,vtd20_to_block20_to_plan2
19153153224,20,0.000000000000,senate,vtd20_to_block20_to_plan2
19153153225,15,0.000000000000,senate,vtd20_to_block20_to_plan2
19153153225,17,1.000000000000,senate,vtd20_to_block20_to_plan2
19153153226,15,0.000000000000,senate,vtd20_to_block20_to_plan2
19153153226,17,1.000000000000,senate,vtd20_to_block20_to_plan2
19153153226,20,0.000000000000,senate,vtd20_to_block20_to_plan2
19153153227,17,0.000000000000,senate,vtd20_to_block20_to_plan2
19153153227,20,1.000000000000,senate,vtd20_to_block20_to_plan2
19153153228,20,1.000000000000,senate,vtd20_to_block20_to_plan2
19153153229,20,1.000000000000,senate,vtd20_to_block20_to_plan2
19153153230,20,1.000000000000,senate,vtd20_to_block20_to_plan2
19153153231,15,1.000000000000,senate,vtd20_to_block20_to_plan2
19153153231,17,0.000000000000,senate,vtd20_to_block20_to_plan2
19153153231,20,0.000000000000,senate,vtd20_to_block20_to_plan2
19153153232,15,0.000000000000,senate,vtd20_to_block20_to_plan2
19153153232,17,1.000000000000,senate,vtd20_to_block20_to_plan2
19153153233,17,1.000000000000,senate,vtd20_to_block20_to_plan2
19153153234,17,1.000000000000,senate,vtd20_to_block20_to_plan2
19153153235,17,1.000000000000,senate,vtd20_to_block20_to_plan2
19153153236,17,1.000000000000,senate,vtd20_to_block20_to_plan2
19153153237,17,1.000000000000,senate,vtd20_to_block20_to_plan2
19153153238,17,1.000000000000,senate,vtd20_to_block20_to_plan2
19153153239,17,1.000000000000,senate,vtd20_to_block20_to_plan2
19153153240,17,1.000000000000,senate,vtd20_to_block20_to_plan2
19153153241,17,0.000000000000,senate,vtd20_to_block20_to_plan2
19153153241,18,1.000000000000,senate,vtd20_to_block20_to_plan2
19153153242,18,1.000000000000,senate,vtd20_to_block20_to_plan2
19153153243,17,0.000000000000,senate,vtd20_to_block20_to_plan2
19153153243,18,1.000000000000,senate,vtd20_to_block20_to_plan2
19153153244,17,1.000000000000,senate,vtd20_to_block20_to_plan2
19153153244,18,0.000000000000,senate,vtd20_to_block20_to_plan2
19153153245,17,1.000000000000,senate,vtd20_to_block20_to_plan2
19153153245,18,0.000000000000,senate,vtd20_to_block20_to_plan2
19153153246,17,1.000000000000,senate,vtd20_to_block20_to_plan2
19153153246,18,0.000000000000,senate,vtd20_to_block20_to_plan2
19153153247,15,0.000000000000,senate,vtd20_to_block20_to_plan2
19153153247,17,1.000000000000,senate,vtd20_to_block20_to_plan2
19153153248,15,0.990196078431,senate,vtd20_to_block20_to_plan2
19153153248,17,0.009803921569,senate,vtd20_to_block20_to_plan2
19153153248,18,0.000000000000,senate,vtd20_to_block20_to_plan2
19153153249,15,0.999999999999,senate,vtd20_to_block20_to_plan2
19153153249,20,0.000000000001,senate,vtd20_to_block20_to_plan2
19153153250,15,1.000000000000,senate,vtd20_to_block20_to_plan2
19153153251,15,1.000000000000,senate,vtd20_to_block20_to_plan2
19153153252,15,1.000000000000,senate,vtd20_to_block20_to_plan2
19153153253,15,1.000000000000,senate,vtd20_to_block20_to_plan2
19153153254,15,0.000000000001,senate,vtd20_to_block20_to_plan2
19153153254,18,0.999999999999,senate,vtd20_to_block20_to_plan2
19153153255,17,0.000000000001,senate,vtd20_to_block20_to_plan2
19153153255,18,0.999999999999,senate,vtd20_to_block20_to_plan2
19153153256,18,1.000000000000,senate,vtd20_to_block20_to_plan2
19153153257,18,1.000000000000,senate,vtd20_to_block20_to_plan2
19153153258,18,1.000000000000,senate,vtd20_to_block20_to_plan2
19153153259,18,1.000000000000,senate,vtd20_to_block20_to_plan2
19153153260,18,1.000000000000,senate,vtd20_to_block20_to_plan2
19153153261,18,1.000000000000,senate,vtd20_to_block20_to_plan2
19153153262,18,1.000000000000,senate,vtd20_to_block20_to_plan2
19153153263,16,0.000000000000,senate,vtd20_to_block20_to_plan2
19153153263,18,1.000000000000,senate,vtd20_to_block20_to_plan2
19153153264,15,0.000000000000,senate,vtd20_to_block20_to_plan2
19153153264,18,1.000000000000,senate,vtd20_to_block20_to_plan2
19153153265,15,1.000000000000,senate,vtd20_to_block20_to_plan2
19153153266,15,0.000000000000,senate,vtd20_to_block20_to_plan2
19153153266,18,1.000000000000,senate,vtd20_to_block20_to_plan2
19153153267,15,0.000000000000,senate,vtd20_to_block20_to_plan2
19153153267,18,1.000000000000,senate,vtd20_to_block20_to_plan2
19153153268,15,0.916666666669,senate,vtd20_to_block20_to_plan2
19153153268,18,0.083333333331,senate,vtd20_to_block20_to_plan2
19153153269,15,1.000000000000,senate,vtd20_to_block20_to_plan2
19153153270,15,1.000000000000,senate,vtd20_to_block20_to_plan2
19153153271,15,1.000000000000,senate,vtd20_to_block20_to_plan2
19153153272,15,0.944444444443,senate,vtd20_to_block20_to_plan2
19153153272,20,0.055555555556,senate,vtd20_to_block20_to_plan2
19153153272,23,0.000000000001,senate,vtd20_to_block20_to_plan2
19153153273,15,1.000000000000,senate,vtd20_to_block20_to_plan2
19153153274,15,1.000000000000,senate,vtd20_to_block20_to_plan2
19153153274,23,0.000000000000,senate,vtd20_to_block20_to_plan2
19153153275,15,1.000000000000,senate,vtd20_to_block20_to_plan2
19153153276,15,1.000000000000,senate,vtd20_to_block20_to_plan2
19153153277,15,1.000000000000,senate,vtd20_to_block20_to_plan2
19153153278,15,1.000000000000,senate,vtd20_to_block20_to_plan2
19153153279,15,1.000000000000,senate,vtd20_to_block20_to_plan2
19153153280,15,1.000000000000,senate,vtd20_to_block20_to_plan2
19153153281,15,1.000000000000,senate,vtd20_to_block20_to_plan2
19153153282,11,0.000000000000,senate,vtd20_to_block20_to_plan2
19153153282,15,1.000000000000,senate,vtd20_to_block20_to_plan2
19153153282,16,0.000000000000,senate,vtd20_to_block20_to_plan2
19153153283,11,0.000000000000,senate,vtd20_to_block20_to_plan2
19153153283,15,1.000000000000,senate,vtd20_to_block20_to_plan2
19153153284,11,0.000000000000,senate,vtd20_to_block20_to_plan2
19153153284,15,1.000000000000,senate,vtd20_to_block20_to_plan2
19153153301,16,0.999999999991,senate,vtd20_to_block20_to_plan2
19153153301,18,0.000000000009,senate,vtd20_to_block20_to_plan2
19153153302,15,0.000000000000,senate,vtd20_to_block20_to_plan2
19153153302,16,1.000000000000,senate,vtd20_to_block20_to_plan2
19153153303,16,1.000000000000,senate,vtd20_to_block20_to_plan2
19153153304,16,1.000000000000,senate,vtd20_to_block20_to_plan2
19153153305,16,1.000000000000,senate,vtd20_to_block20_to_plan2
19153153306,16,1.000000000000,senate,vtd20_to_block20_to_plan2
19153153307,16,1.000000000000,senate,vtd20_to_block20_to_plan2
19153153308,16,1.000000000000,senate,vtd20_to_block20_to_plan2
19153153309,16,1.000000000000,senate,vtd20_to_block20_to_plan2
19153153310,16,1.000000000000,senate,vtd20_to_block20_to_plan2
19153153311,16,1.000000000000,senate,vtd20_to_block20_to_plan2
19153153312,16,1.000000000000,senate,vtd20_to_block20_to_plan2
19153153313,16,1.000000000000,senate,vtd20_to_block20_to_plan2
19153153314,16,1.000000000000,senate,vtd20_to_block20_to_plan2
19153153315,16,1.000000000000,senate,vtd20_to_block20_to_plan2
19153153316,16,1.000000000000,senate,vtd20_to_block20_to_plan2
19153153317,16,1.000000000000,senate,vtd20_to_block20_to_plan2
19153153318,16,1.000000000000,senate,vtd20_to_block20_to_plan2
19153153319,16,1.000000000000,senate,vtd20_to_block20_to_plan2
19153153331,18,0.000000000001,senate,vtd20_to_block20_to_plan2
19153153331,22,0.999999999999,senate,vtd20_to_block20_to_plan2
19153153332,22,1.000000000000,senate,vtd20_to_block20_to_plan2
19153153333,16,0.000000000000,senate,vtd20_to_block20_to_plan2
19153153333,18,0.000000000000,senate,vtd20_to_block20_to_plan2
19153153333,22,1.000000000000,senate,vtd20_to_block20_to_plan2
19153153334,22,1.000000000000,senate,vtd20_to_block20_to_plan2
19153153335,22,1.000000000000,senate,vtd20_to_block20_to_plan2
19153153336,22,1.000000000000,senate,vtd20_to_block20_to_plan2
19153153337,22,1.000000000000,senate,vtd20_to_block20_to_plan2
19153153338,22,1.000000000000,senate,vtd20_to_block20_to_plan2
19153153339,22,1.000000000000,senate,vtd20_to_block20_to_plan2
19153153340,22,1.000000000000,senate,vtd20_to_block20_to_plan2
19153153341,16,0.000000000000,senate,vtd20_to_block20_to_plan2
19153153341,22,1.000000000000,senate,vtd20_to_block20_to_plan2
19153153351,22,1.000000000000,senate,vtd20_to_block20_to_plan2
19153153352,22,1.000000000000,senate,vtd20_to_block20_to_plan2
19153153353,22,1.000000000000,senate,vtd20_to_block20_to_plan2
19153153354,22,1.000000000000,senate,vtd20_to_block20_to_plan2
19153153355,22,1.000000000000,senate,vtd20_to_block20_to_plan2
19153153355,23,0.000000000000,senate,vtd20_to_block20_to_plan2
19153153356,22,1.000000000000,senate,vtd20_to_block20_to_plan2
19153153356,23,0.000000000000,senate,vtd20_to_block20_to_plan2
19153153361,21,1.000000000000,senate,vtd20_to_block20_to_plan2
19153153361,23,0.000000000000,senate,vtd20_to_block20_to_plan2
19153153362,21,1.000000000000,senate,vtd20_to_block20_to_plan2
19153153363,21,1.000000000000,senate,vtd20_to_block20_to_plan2
19153153363,23,0.000000000000,senate,vtd20_to_block20_to_plan2
19153153364,21,1.000000000000,senate,vtd20_to_block20_to_plan2
19153153365,21,1.000000000000,senate,vtd20_to_block20_to_plan2
19153153366,21,1.000000000000,senate,vtd20_to_block20_to_plan2
19153153366,23,0.000000000000,senate,vtd20_to_block20_to_plan2
19153153367,20,0.011764705884,senate,vtd20_to_block20_to_plan2
19153153367,21,0.988235294116,senate,vtd20_to_block20_to_plan2
19153153367,23,0.000000000000,senate,vtd20_to_block20_to_plan2
19153153368,20,0.999999999999,senate,vtd20_to_block20_to_plan2
19153153368,21,0.000000000000,senate,vtd20_to_block20_to_plan2
19153153368,22,0.000000000000,senate,vtd20_to_block20_to_plan2
19153153369,20,0.000000000001,senate,vtd20_to_block20_to_plan2
19153153369,21,0.999999999999,senate,vtd20_to_block20_to_plan2
19153153370,21,1.000000000000,senate,vtd20_to_block20_to_plan2
19153153371,21,1.000000000000,senate,vtd20_to_block20_to_plan2
19153153372,21,1.000000000000,senate,vtd20_to_block20_to_plan2
19153153373,21,1.000000000000,senate,vtd20_to_block20_to_plan2
19153153373,23,0.000000000000,senate,vtd20_to_block20_to_plan2
19153153374,21,1.000000000000,senate,vtd20_to_block20_to_plan2
19153153375,21,0.999999999999,senate,vtd20_to_block20_to_plan2
19153153375,22,0.000000000001,senate,vtd20_to_block20_to_plan2
19153153376,15,1.000000000000,senate,vtd20_to_block20_to_plan2
19155155001,8,1.000000000000,senate,vtd20_to_block20_to_plan2
19155155002,8,1.000000000000,senate,vtd20_to_block20_to_plan2
19155155003,8,1.000000000000,senate,vtd20_to_block20_to_plan2
19155155004,6,0.000000000000,senate,vtd20_to_block20_to_plan2
19155155004,8,1.000000000000,senate,vtd20_to_block20_to_plan2
19155155005,8,1.000000000000,senate,vtd20_to_block20_to_plan2
19155155006,6,1.000000000000,senate,vtd20_to_block20_to_plan2
19155155007,6,1.000000000000,senate,vtd20_to_block20_to_plan2
19155155008,6,1.000000000000,senate,vtd20_to_block20_to_plan2
19155155008,8,0.000000000000,senate,vtd20_to_block20_to_plan2
19155155009,6,1.000000000000,senate,vtd20_to_block20_to_plan2
19155155010,8,1.000000000000,senate,vtd20_to_block20_to_plan2
19155155010,9,0.000000000000,senate,vtd20_to_block20_to_plan2
19155155011,8,1.000000000000,senate,vtd20_to_block20_to_plan2
19155155012,8,1.000000000000,senate,vtd20_to_block20_to_plan2
19155155012,9,0.000000000000,senate,vtd20_to_block20_to_plan2
19155155013,8,1.000000000000,senate,vtd20_to_block20_to_plan2
19155155014,8,1.000000000000,senate,vtd20_to_block20_to_plan2
19155155015,8,1.000000000000,senate,vtd20_to_block20_to_plan2
19155155016,8,1.000000000000,senate,vtd20_to_block20_to_plan2
19155155017,8,1.000000000000,senate,vtd20_to_block20_to_plan2
19155155018,8,1.000000000000,senate,vtd20_to_block20_to_plan2
19155155019,10,0.000000000001,senate,vtd20_to_block20_to_plan2
19155155019,8,0.999999999999,senate,vtd20_to_block20_to_plan2
19155155020,10,0.000000000000,senate,vtd20_to_block20_to_plan2
19155155020,8,1.000000000000,senate,vtd20_to_block20_to_plan2
19155155021,8,1.000000000000,senate,vtd20_to_block20_to_plan2
19155155022,8,1.000000000000,senate,vtd20_to_block20_to_plan2
19155155023,8,1.000000000000,senate,vtd20_to_block20_to_plan2
19155155024,8,1.000000000000,senate,vtd20_to_block20_to_plan2
19155155025,8,1.000000000000,senate,vtd20_to_block20_to_plan2
19155155026,8,1.000000000000,senate,vtd20_to_block20_to_plan2
19155155027,8,1.000000000000,senate,vtd20_to_block20_to_plan2
19155155027,9,0.000000000000,senate,vtd20_to_block20_to_plan2
19155155028,8,1.000000000000,senate,vtd20_to_block20_to_plan2
19155155028,9,0.000000000000,senate,vtd20_to_block20_to_plan2
19155155029,8,1.000000000000,senate,vtd20_to_block20_to_plan2
19155155030,8,1.000000000000,senate,vtd20_to_block20_to_plan2
19155155031,8,1.000000000000,senate,vtd20_to_block20_to_plan2
19155155032,8,1.000000000000,senate,vtd20_to_block20_to_plan2
19155155033,8,1.000000000000,senate,vtd20_to_block20_to_plan2
19155155034,8,1.000000000000,senate,vtd20_to_block20_to_plan2
19155155035,10,0.108695652174,senate,vtd20_to_block20_to_plan2
19155155035,8,0.891304347826,senate,vtd20_to_block20_to_plan2
19155155036,10,0.000000000000,senate,vtd20_to_block20_to_plan2
19155155036,8,1.000000000000,senate,vtd20_to_block20_to_plan2
19155155037,10,1.000000000000,senate,vtd20_to_block20_to_plan2
19155155038,10,1.000000000000,senate,vtd20_to_block20_to_plan2
19155155039,10,1.000000000000,senate,vtd20_to_block20_to_plan2
19155155040,10,1.000000000000,senate,vtd20_to_block20_to_plan2
19155155041,10,1.000000000000,senate,vtd20_to_block20_to_plan2
19155155042,10,1.000000000000,senate,vtd20_to_block20_to_plan2
19155155043,10,1.000000000000,senate,vtd20_to_block20_to_plan2
19155155044,10,1.000000000000,senate,vtd20_to_block20_to_plan2
19155155045,10,1.000000000000,senate,vtd20_to_block20_to_plan2
19155155045,8,0.000000000000,senate,vtd20_to_block20_to_plan2
19155155046,10,1.000000000000,senate,vtd20_to_block20_to_plan2
19155155046,8,0.000000000000,senate,vtd20_to_block20_to_plan2
19155155047,10,1.000000000000,senate,vtd20_to_block20_to_plan2
19155155048,10,1.000000000000,senate,vtd20_to_block20_to_plan2
19155155048,8,0.000000000000,senate,vtd20_to_block20_to_plan2
19155155049,10,1.000000000000,senate,vtd20_to_block20_to_plan2
19155155050,10,1.000000000000,senate,vtd20_to_block20_to_plan2
19155155051,10,1.000000000000,senate,vtd20_to_block20_to_plan2
19155155052,10,1.000000000000,senate,vtd20_to_block20_to_plan2
19155155053,10,1.000000000000,senate,vtd20_to_block20_to_plan2
19155155054,10,1.000000000000,senate,vtd20_to_block20_to_plan2
19155155055,10,1.000000000000,senate,vtd20_to_block20_to_plan2
19155155056,10,1.000000000000,senate,vtd20_to_block20_to_plan2
19155155056,8,0.000000000000,senate,vtd20_to_block20_to_plan2
19155155057,8,1.000000000000,senate,vtd20_to_block20_to_plan2
19155155058,10,1.000000000000,senate,vtd20_to_block20_to_plan2
19157157001,27,1.000000000000,senate,vtd20_to_block20_to_plan2
19157157002,27,1.000000000000,senate,vtd20_to_block20_to_plan2
19157157003,27,1.000000000000,senate,vtd20_to_block20_to_plan2
19157157004,27,1.000000000000,senate,vtd20_to_block20_to_plan2
19157157005,27,1.000000000000,senate,vtd20_to_block20_to_plan2
19157157005,46,0.000000000000,senate,vtd20_to_block20_to_plan2
19157157006,27,0.999999999997,senate,vtd20_to_block20_to_plan2
19157157006,46,0.000000000003,senate,vtd20_to_block20_to_plan2
19157157007,27,1.000000000000,senate,vtd20_to_block20_to_plan2
19157157008,27,1.000000000000,senate,vtd20_to_block20_to_plan2
19157157009,27,1.000000000000,senate,vtd20_to_block20_to_plan2
19157157010,27,1.000000000000,senate,vtd20_to_block20_to_plan2
19157157011,27,1.000000000000,senate,vtd20_to_block20_to_plan2
19157157012,27,1.000000000000,senate,vtd20_to_block20_to_plan2
19157157013,27,1.000000000000,senate,vtd20_to_block20_to_plan2
19157157014,27,1.000000000000,senate,vtd20_to_block20_to_plan2
19157157015,27,1.000000000000,senate,vtd20_to_block20_to_plan2
19157157015,44,0.000000000000,senate,vtd20_to_block20_to_plan2
19157157016,27,0.999999999985,senate,vtd20_to_block20_to_plan2
19157157016,44,0.000000000015,senate,vtd20_to_block20_to_plan2
19157157017,27,1.000000000000,senate,vtd20_to_block20_to_plan2
19157157017,44,0.000000000000,senate,vtd20_to_block20_to_plan2
19157157018,27,1.000000000000,senate,vtd20_to_block20_to_plan2
19157157018,44,0.000000000000,senate,vtd20_to_block20_to_plan2
19157157019,27,1.000000000000,senate,vtd20_to_block20_to_plan2
19159159001,9,1.000000000000,senate,vtd20_to_block20_to_plan2
19159159002,9,1.000000000000,senate,vtd20_to_block20_to_plan2
19159159003,9,1.000000000000,senate,vtd20_to_block20_to_plan2
19159159004,9,1.000000000000,senate,vtd20_to_block20_to_plan2
19159159006,12,0.000000000000,senate,vtd20_to_block20_to_plan2
19159159006,9,1.000000000000,senate,vtd20_to_block20_to_plan2
19159159007,12,0.000000000000,senate,vtd20_to_block20_to_plan2
19159159007,9,1.000000000000,senate,vtd20_to_block20_to_plan2
19159159008,9,1.000000000000,senate,vtd20_to_block20_to_plan2
19159159009,9,1.000000000000,senate,vtd20_to_block20_to_plan2
19159159010,9,1.000000000000,senate,vtd20_to_block20_to_plan2
19159159011,9,1.000000000000,senate,vtd20_to_block20_to_plan2
19159159012,9,1.000000000000,senate,vtd20_to_block20_to_plan2
19159159013,9,1.000000000000,senate,vtd20_to_block20_to_plan2
19159159014,9,1.000000000000,senate,vtd20_to_block20_to_plan2
19159159015,9,1.000000000000,senate,vtd20_to_block20_to_plan2
19159159016,9,1.000000000000,senate,vtd20_to_block20_to_plan2
19159159017,9,1.000000000000,senate,vtd20_to_block20_to_plan2
19159159018,9,1.000000000000,senate,vtd20_to_block20_to_plan2
19159159019,12,0.000000000000,senate,vtd20_to_block20_to_plan2
19159159019,9,1.000000000000,senate,vtd20_to_block20_to_plan2
19159159020,12,0.000000000000,senate,vtd20_to_block20_to_plan2
19159159020,9,1.000000000000,senate,vtd20_to_block20_to_plan2
19159159021,9,1.000000000000,senate,vtd20_to_block20_to_plan2
19159159022,9,1.000000000000,senate,vtd20_to_block20_to_plan2
19159159023,9,1.000000000000,senate,vtd20_to_block20_to_plan2
19159159024,9,1.000000000000,senate,vtd20_to_block20_to_plan2
19161161001,4,1.000000000000,senate,vtd20_to_block20_to_plan2
19161161002,4,1.000000000000,senate,vtd20_to_block20_to_plan2
19161161003,4,1.000000000000,senate,vtd20_to_block20_to_plan2
19161161004,4,1.000000000000,senate,vtd20_to_block20_to_plan2
19161161005,4,1.000000000000,senate,vtd20_to_block20_to_plan2
19161161006,4,1.000000000000,senate,vtd20_to_block20_to_plan2
19161161007,4,1.000000000000,senate,vtd20_to_block20_to_plan2
19161161008,4,1.000000000000,senate,vtd20_to_block20_to_plan2
19161161009,4,1.000000000000,senate,vtd20_to_block20_to_plan2
19161161010,4,1.000000000000,senate,vtd20_to_block20_to_plan2
19161161011,4,1.000000000000,senate,vtd20_to_block20_to_plan2
19161161012,4,1.000000000000,senate,vtd20_to_block20_to_plan2
19161161013,4,1.000000000000,senate,vtd20_to_block20_to_plan2
19161161014,4,1.000000000000,senate,vtd20_to_block20_to_plan2
19161161015,4,1.000000000000,senate,vtd20_to_block20_to_plan2
19161161016,4,1.000000000000,senate,vtd20_to_block20_to_plan2
19161161016,6,0.000000000000,senate,vtd20_to_block20_to_plan2
19161161017,4,1.000000000000,senate,vtd20_to_block20_to_plan2
19161161018,4,1.000000000000,senate,vtd20_to_block20_to_plan2
19161161019,4,1.000000000000,senate,vtd20_to_block20_to_plan2
19161161020,4,1.000000000000,senate,vtd20_to_block20_to_plan2
19161161020,6,0.000000000000,senate,vtd20_to_block20_to_plan2
19163163001,41,1.000000000000,senate,vtd20_to_block20_to_plan2
19163163002,35,1.000000000000,senate,vtd20_to_block20_to_plan2
19163163002,41,0.000000000000,senate,vtd20_to_block20_to_plan2
19163163003,35,0.000000000000,senate,vtd20_to_block20_to_plan2
19163163003,41,1.000000000000,senate,vtd20_to_block20_to_plan2
19163163005,35,1.000000000000,senate,vtd20_to_block20_to_plan2
19163163006,35,1.000000000000,senate,vtd20_to_block20_to_plan2
19163163007,35,1.000000000000,senate,vtd20_to_block20_to_plan2
19163163008,35,1.000000000000,senate,vtd20_to_block20_to_plan2
19163163009,35,1.000000000000,senate,vtd20_to_block20_to_plan2
19163163010,35,0.999999999999,senate,vtd20_to_block20_to_plan2
19163163010,47,0.000000000001,senate,vtd20_to_block20_to_plan2
19163163011,35,0.000000000000,senate,vtd20_to_block20_to_plan2
19163163011,47,1.000000000000,senate,vtd20_to_block20_to_plan2
19163163012,47,1.000000000000,senate,vtd20_to_block20_to_plan2
19163163014,35,0.000000000000,senate,vtd20_to_block20_to_plan2
19163163014,47,1.000000000000,senate,vtd20_to_block20_to_plan2
19163163015,41,0.000000000000,senate,vtd20_to_block20_to_plan2
19163163015,47,1.000000000000,senate,vtd20_to_block20_to_plan2
19163163016,41,0.000000000000,senate,vtd20_to_block20_to_plan2
19163163016,47,1.000000000000,senate,vtd20_to_block20_to_plan2
19163163017,41,1.000000000000,senate,vtd20_to_block20_to_plan2
19163163018,41,1.000000000000,senate,vtd20_to_block20_to_plan2
19163163019,41,1.000000000000,senate,vtd20_to_block20_to_plan2
19163163020,41,1.000000000000,senate,vtd20_to_block20_to_plan2
19163163020,49,0.000000000000,senate,vtd20_to_block20_to_plan2
19163163021,41,1.000000000000,senate,vtd20_to_block20_to_plan2
19163163022,41,0.000000000000,senate,vtd20_to_block20_to_plan2
19163163022,49,1.000000000000,senate,vtd20_to_block20_to_plan2
19163163023,41,1.000000000000,senate,vtd20_to_block20_to_plan2
19163163024,41,0.000000000000,senate,vtd20_to_block20_to_plan2
19163163024,49,1.000000000000,senate,vtd20_to_block20_to_plan2
19163163101,47,1.000000000000,senate,vtd20_to_block20_to_plan2
19163163102,47,1.000000000000,senate,vtd20_to_block20_to_plan2
19163163103,47,1.000000000000,senate,vtd20_to_block20_to_plan2
19163163104,47,1.000000000000,senate,vtd20_to_block20_to_plan2
19163163105,47,1.000000000000,senate,vtd20_to_block20_to_plan2
19163163106,47,1.000000000000,senate,vtd20_to_block20_to_plan2
19163163107,47,1.000000000000,senate,vtd20_to_block20_to_plan2
19163163108,47,1.000000000000,senate,vtd20_to_block20_to_plan2
19163163109,47,1.000000000000,senate,vtd20_to_block20_to_plan2
19163163110,47,1.000000000000,senate,vtd20_to_block20_to_plan2
19163163111,35,0.000000000000,senate,vtd20_to_block20_to_plan2
19163163111,47,1.000000000000,senate,vtd20_to_block20_to_plan2
19163163112,47,1.000000000000,senate,vtd20_to_block20_to_plan2
19163163201,41,1.000000000000,senate,vtd20_to_block20_to_plan2
19163163201,49,0.000000000000,senate,vtd20_to_block20_to_plan2
19163163202,41,0.000000000000,senate,vtd20_to_block20_to_plan2
19163163202,49,1.000000000000,senate,vtd20_to_block20_to_plan2
19163163203,41,0.000000000000,senate,vtd20_to_block20_to_plan2
19163163203,49,1.000000000000,senate,vtd20_to_block20_to_plan2
19163163204,49,1.000000000000,senate,vtd20_to_block20_to_plan2
19163163205,41,1.000000000000,senate,vtd20_to_block20_to_plan2
19163163206,41,1.000000000000,senate,vtd20_to_block20_to_plan2
19163163207,41,0.999999999999,senate,vtd20_to_block20_to_plan2
19163163207,49,0.000000000001,senate,vtd20_to_block20_to_plan2
19163163208,41,0.999999999999,senate,vtd20_to_block20_to_plan2
19163163208,49,0.000000000001,senate,vtd20_to_block20_to_plan2
19163163209,49,1.000000000000,senate,vtd20_to_block20_to_plan2
19163163210,49,1.000000000000,senate,vtd20_to_block20_to_plan2
19163163211,49,1.000000000000,senate,vtd20_to_block20_to_plan2
19163163212,49,1.000000000000,senate,vtd20_to_block20_to_plan2
19163163213,41,0.000000000000,senate,vtd20_to_block20_to_plan2
19163163213,49,1.000000000000,senate,vtd20_to_block20_to_plan2
19163163214,49,1.000000000000,senate,vtd20_to_block20_to_plan2
19163163215,49,1.000000000000,senate,vtd20_to_block20_to_plan2
19163163216,49,1.000000000000,senate,vtd20_to_block20_to_plan2
19163163217,49,1.000000000000,senate,vtd20_to_block20_to_plan2
19163163218,49,1.000000000000,senate,vtd20_to_block20_to_plan2
19163163219,49,1.000000000000,senate,vtd20_to_block20_to_plan2
19163163220,49,1.000000000000,senate,vtd20_to_block20_to_plan2
19163163221,41,0.000000000000,senate,vtd20_to_block20_to_plan2
19163163221,47,1.000000000000,senate,vtd20_to_block20_to_plan2
19163163222,47,1.000000000000,senate,vtd20_to_block20_to_plan2
19163163223,47,1.000000000000,senate,vtd20_to_block20_to_plan2
19163163223,49,0.000000000000,senate,vtd20_to_block20_to_plan2
19163163224,47,0.000000000001,senate,vtd20_to_block20_to_plan2
19163163224,49,0.999999999999,senate,vtd20_to_block20_to_plan2
19163163225,41,0.999999999999,senate,vtd20_to_block20_to_plan2
19163163225,49,0.000000000000,senate,vtd20_to_block20_to_plan2
19163163226,49,1.000000000000,senate,vtd20_to_block20_to_plan2
19163163227,41,0.000000000000,senate,vtd20_to_block20_to_plan2
19163163227,49,1.000000000000,senate,vtd20_to_block20_to_plan2
19163163228,41,0.000000000000,senate,vtd20_to_block20_to_plan2
19163163228,47,0.000000000001,senate,vtd20_to_block20_to_plan2
19163163228,49,0.999999999999,senate,vtd20_to_block20_to_plan2
19163163229,41,0.999999999999,senate,vtd20_to_block20_to_plan2
19163163229,47,0.000000000001,senate,vtd20_to_block20_to_plan2
19163163230,41,1.000000000000,senate,vtd20_to_block20_to_plan2
19163163231,41,0.999999999999,senate,vtd20_to_block20_to_plan2
19163163231,49,0.000000000001,senate,vtd20_to_block20_to_plan2
19163163232,41,1.000000000000,senate,vtd20_to_block20_to_plan2
19163163232,47,0.000000000000,senate,vtd20_to_block20_to_plan2
19165165001,6,1.000000000000,senate,vtd20_to_block20_to_plan2
19165165002,6,1.000000000000,senate,vtd20_to_block20_to_plan2
19165165003,6,1.000000000000,senate,vtd20_to_block20_to_plan2
19165165004,6,1.000000000000,senate,vtd20_to_block20_to_plan2
19165165005,6,1.000000000000,senate,vtd20_to_block20_to_plan2
19165165006,6,1.000000000000,senate,vtd20_to_block20_to_plan2
19165165007,6,1.000000000000,senate,vtd20_to_block20_to_plan2
19165165008,6,1.000000000000,senate,vtd20_to_block20_to_plan2
19165165009,6,1.000000000000,senate,vtd20_to_block20_to_plan2
19165165010,6,1.000000000000,senate,vtd20_to_block20_to_plan2
19165165011,6,1.000000000000,senate,vtd20_to_block20_to_plan2
19165165011,8,0.000000000000,senate,vtd20_to_block20_to_plan2
19165165012,6,1.000000000000,senate,vtd20_to_block20_to_plan2
19165165013,6,1.000000000000,senate,vtd20_to_block20_to_plan2
19165165014,6,1.000000000000,senate,vtd20_to_block20_to_plan2
19165165015,6,1.000000000000,senate,vtd20_to_block20_to_plan2
19165165016,6,1.000000000000,senate,vtd20_to_block20_to_plan2
19165165016,9,0.000000000000,senate,vtd20_to_block20_to_plan2
19165165017,6,1.000000000000,senate,vtd20_to_block20_to_plan2
19165165018,6,1.000000000000,senate,vtd20_to_block20_to_plan2
19165165018,8,0.000000000000,senate,vtd20_to_block20_to_plan2
19165165019,6,1.000000000000,senate,vtd20_to_block20_to_plan2
19165165020,6,1.000000000000,senate,vtd20_to_block20_to_plan2
19165165021,6,1.000000000000,senate,vtd20_to_block20_to_plan2
19165165022,6,1.000000000000,senate,vtd20_to_block20_to_plan2
19167167001,2,1.000000000000,senate,vtd20_to_block20_to_plan2
19167167002,2,1.000000000000,senate,vtd20_to_block20_to_plan2
19167167003,2,1.000000000000,senate,vtd20_to_block20_to_plan2
19167167004,2,1.000000000000,senate,vtd20_to_block20_to_plan2
19167167005,2,1.000000000000,senate,vtd20_to_block20_to_plan2
19167167006,2,1.000000000000,senate,vtd20_to_block20_to_plan2
19167167006,3,0.000000000000,senate,vtd20_to_block20_to_plan2
19167167008,2,1.000000000000,senate,vtd20_to_block20_to_plan2
19167167008,3,0.000000000000,senate,vtd20_to_block20_to_plan2
19167167009,2,1.000000000000,senate,vtd20_to_block20_to_plan2
19167167010,2,1.000000000000,senate,vtd20_to_block20_to_plan2
19167167011,2,1.000000000000,senate,vtd20_to_block20_to_plan2
19167167012,2,1.000000000000,senate,vtd20_to_block20_to_plan2
19167167013,2,1.000000000000,senate,vtd20_to_block20_to_plan2
19167167014,2,1.000000000000,senate,vtd20_to_block20_to_plan2
19167167015,2,1.000000000000,senate,vtd20_to_block20_to_plan2
19167167016,2,1.000000000000,senate,vtd20_to_block20_to_plan2
19167167017,2,1.000000000000,senate,vtd20_to_block20_to_plan2
19167167018,2,1.000000000000,senate,vtd20_to_block20_to_plan2
19167167019,2,1.000000000000,senate,vtd20_to_block20_to_plan2
19167167020,2,1.000000000000,senate,vtd20_to_block20_to_plan2
19167167021,2,1.000000000000,senate,vtd20_to_block20_to_plan2
19167167022,2,1.000000000000,senate,vtd20_to_block20_to_plan2
19167167023,2,1.000000000000,senate,vtd20_to_block20_to_plan2
19167167024,2,1.000000000000,senate,vtd20_to_block20_to_plan2
19167167025,2,1.000000000000,senate,vtd20_to_block20_to_plan2
19167167026,2,1.000000000000,senate,vtd20_to_block20_to_plan2
19167167027,2,1.000000000000,senate,vtd20_to_block20_to_plan2
19167167028,2,1.000000000000,senate,vtd20_to_block20_to_plan2
19167167029,2,1.000000000000,senate,vtd20_to_block20_to_plan2
19167167030,2,1.000000000000,senate,vtd20_to_block20_to_plan2
19167167031,2,1.000000000000,senate,vtd20_to_block20_to_plan2
19169169001,28,1.000000000000,senate,vtd20_to_block20_to_plan2
19169169002,26,0.000000000000,senate,vtd20_to_block20_to_plan2
19169169002,28,1.000000000000,senate,vtd20_to_block20_to_plan2
19169169003,28,1.000000000000,senate,vtd20_to_block20_to_plan2
19169169004,26,1.000000000000,senate,vtd20_to_block20_to_plan2
19169169005,26,1.000000000000,senate,vtd20_to_block20_to_plan2
19169169006,26,1.000000000000,senate,vtd20_to_block20_to_plan2
19169169007,26,1.000000000000,senate,vtd20_to_block20_to_plan2
19169169008,25,0.000000000000,senate,vtd20_to_block20_to_plan2
19169169008,26,1.000000000000,senate,vtd20_to_block20_to_plan2
19169169009,25,0.000000000001,senate,vtd20_to_block20_to_plan2
19169169009,26,0.999999999999,senate,vtd20_to_block20_to_plan2
19169169010,24,0.962962962962,senate,vtd20_to_block20_to_plan2
19169169010,25,0.037037037037,senate,vtd20_to_block20_to_plan2
19169169010,26,0.000000000000,senate,vtd20_to_block20_to_plan2
19169169011,24,0.000000000000,senate,vtd20_to_block20_to_plan2
19169169011,25,1.000000000000,senate,vtd20_to_block20_to_plan2
19169169011,26,0.000000000000,senate,vtd20_to_block20_to_plan2
19169169012,26,1.000000000000,senate,vtd20_to_block20_to_plan2
19169169013,26,1.000000000000,senate,vtd20_to_block20_to_plan2
19169169014,26,1.000000000000,senate,vtd20_to_block20_to_plan2
19169169015,19,0.000000000000,senate,vtd20_to_block20_to_plan2
19169169015,26,1.000000000000,senate,vtd20_to_block20_to_plan2
19169169016,23,0.000000000000,senate,vtd20_to_block20_to_plan2
19169169016,26,1.000000000000,senate,vtd20_to_block20_to_plan2
19169169017,23,0.000000000000,senate,vtd20_to_block20_to_plan2
19169169017,26,1.000000000000,senate,vtd20_to_block20_to_plan2
19169169018,23,0.000000000000,senate,vtd20_to_block20_to_plan2
19169169018,24,0.000000000000,senate,vtd20_to_block20_to_plan2
19169169018,26,1.000000000000,senate,vtd20_to_block20_to_plan2
19169169019,26,1.000000000000,senate,vtd20_to_block20_to_plan2
19169169020,26,1.000000000000,senate,vtd20_to_block20_to_plan2
19169169021,23,0.000000000000,senate,vtd20_to_block20_to_plan2
19169169021,24,1.000000000000,senate,vtd20_to_block20_to_plan2
19169169021,26,0.000000000000,senate,vtd20_to_block20_to_plan2
19169169022,24,1.000000000000,senate,vtd20_to_block20_to_plan2
19169169023,26,1.000000000000,senate,vtd20_to_block20_to_plan2
19169169101,24,1.000000000000,senate,vtd20_to_block20_to_plan2
19169169102,24,0.000000000000,senate,vtd20_to_block20_to_plan2
19169169102,25,1.000000000000,senate,vtd20_to_block20_to_plan2
19169169103,24,0.000000000000,senate,vtd20_to_block20_to_plan2
19169169103,25,1.000000000000,senate,vtd20_to_block20_to_plan2
19169169103,26,0.000000000000,senate,vtd20_to_block20_to_plan2
19169169104,25,1.000000000000,senate,vtd20_to_block20_to_plan2
19169169105,25,0.999999999999,senate,vtd20_to_block20_to_plan2
19169169105,26,0.000000000001,senate,vtd20_to_block20_to_plan2
19169169106,25,1.000000000000,senate,vtd20_to_block20_to_plan2
19169169107,25,1.000000000000,senate,vtd20_to_block20_to_plan2
19169169108,25,1.000000000000,senate,vtd20_to_block20_to_plan2
19169169108,26,0.000000000000,senate,vtd20_to_block20_to_plan2
19169169109,25,1.000000000000,senate,vtd20_to_block20_to_plan2
19169169110,25,1.000000000000,senate,vtd20_to_block20_to_plan2
19169169110,26,0.000000000000,senate,vtd20_to_block20_to_plan2
19169169111,24,0.000000000000,senate,vtd20_to_block20_to_plan2
19169169111,25,1.000000000000,senate,vtd20_to_block20_to_plan2
19169169112,25,1.000000000000,senate,vtd20_to_block20_to_plan2
19169169113,25,1.000000000000,senate,vtd20_to_block20_to_plan2
19169169114,24,0.000000000000,senate,vtd20_to_block20_to_plan2
19169169114,25,1.000000000000,senate,vtd20_to_block20_to_plan2
19169169115,25,1.000000000000,senate,vtd20_to_block20_to_plan2
19169169115,26,0.000000000000,senate,vtd20_to_block20_to_plan2
19169169116,25,1.000000000000,senate,vtd20_to_block20_to_plan2
19169169117,25,1.000000000000,senate,vtd20_to_block20_to_plan2
19169169118,25,1.000000000000,senate,vtd20_to_block20_to_plan2
19169169119,25,1.000000000000,senate,vtd20_to_block20_to_plan2
19169169120,25,1.000000000000,senate,vtd20_to_block20_to_plan2
19171171001,27,1.000000000000,senate,vtd20_to_block20_to_plan2
19171171002,27,0.999999999998,senate,vtd20_to_block20_to_plan2
19171171002,38,0.000000000002,senate,vtd20_to_block20_to_plan2
19171171003,38,1.000000000000,senate,vtd20_to_block20_to_plan2
19171171004,38,1.000000000000,senate,vtd20_to_block20_to_plan2
19171171005,38,1.000000000000,senate,vtd20_to_block20_to_plan2
19171171006,38,1.000000000000,senate,vtd20_to_block20_to_plan2
19171171007,38,1.000000000000,senate,vtd20_to_block20_to_plan2
19171171008,27,1.000000000000,senate,vtd20_to_block20_to_plan2
19171171008,38,0.000000000000,senate,vtd20_to_block20_to_plan2
19171171009,27,1.000000000000,senate,vtd20_to_block20_to_plan2
19171171010,27,1.000000000000,senate,vtd20_to_block20_to_plan2
19171171011,27,1.000000000000,senate,vtd20_to_block20_to_plan2
19171171012,27,1.000000000000,senate,vtd20_to_block20_to_plan2
19171171012,38,0.000000000000,senate,vtd20_to_block20_to_plan2
19171171013,27,1.000000000000,senate,vtd20_to_block20_to_plan2
19171171013,42,0.000000000000,senate,vtd20_to_block20_to_plan2
19171171014,27,1.000000000000,senate,vtd20_to_block20_to_plan2
19171171014,42,0.000000000000,senate,vtd20_to_block20_to_plan2
19171171015,27,1.000000000000,senate,vtd20_to_block20_to_plan2
19171171016,27,1.000000000000,senate,vtd20_to_block20_to_plan2
19171171017,27,1.000000000000,senate,vtd20_to_block20_to_plan2
19171171018,27,1.000000000000,senate,vtd20_to_block20_to_plan2
19171171019,27,1.000000000000,senate,vtd20_to_block20_to_plan2
19171171020,27,1.000000000000,senate,vtd20_to_block20_to_plan2
19171171021,27,1.000000000000,senate,vtd20_to_block20_to_plan2
19171171022,27,1.000000000000,senate,vtd20_to_block20_to_plan2
19171171023,27,1.000000000000,senate,vtd20_to_block20_to_plan2
19171171024,27,1.000000000000,senate,vtd20_to_block20_to_plan2
19171171025,27,1.000000000000,senate,vtd20_to_block20_to_plan2
19171171025,42,0.000000000000,senate,vtd20_to_block20_to_plan2
19173173001,9,1.000000000000,senate,vtd20_to_block20_to_plan2
19173173002,9,1.000000000000,senate,vtd20_to_block20_to_plan2
19173173003,9,1.000000000000,senate,vtd20_to_block20_to_plan2
19173173004,9,1.000000000000,senate,vtd20_to_block20_to_plan2
19173173005,9,1.000000000000,senate,vtd20_to_block20_to_plan2
19173173006,9,1.000000000000,senate,vtd20_to_block20_to_plan2
19173173007,9,1.000000000000,senate,vtd20_to_block20_to_plan2
19173173008,9,1.000000000000,senate,vtd20_to_block20_to_plan2
19173173009,9,1.000000000000,senate,vtd20_to_block20_to_plan2
19173173010,9,1.000000000000,senate,vtd20_to_block20_to_plan2
19173173011,9,1.000000000000,senate,vtd20_to_block20_to_plan2
19173173012,9,1.000000000000,senate,vtd20_to_block20_to_plan2
19173173013,9,1.000000000000,senate,vtd20_to_block20_to_plan2
19173173014,9,1.000000000000,senate,vtd20_to_block20_to_plan2
19173173015,9,1.000000000000,senate,vtd20_to_block20_to_plan2
19173173016,9,1.000000000000,senate,vtd20_to_block20_to_plan2
19173173017,9,1.000000000000,senate,vtd20_to_block20_to_plan2
19173173018,9,1.000000000000,senate,vtd20_to_block20_to_plan2
19173173019,9,1.000000000000,senate,vtd20_to_block20_to_plan2
19173173020,9,1.000000000000,senate,vtd20_to_block20_to_plan2
19173173021,9,1.000000000000,senate,vtd20_to_block20_to_plan2
19173173022,9,1.000000000000,senate,vtd20_to_block20_to_plan2
19175175001,12,0.000000000000,senate,vtd20_to_block20_to_plan2
19175175001,9,1.000000000000,senate,vtd20_to_block20_to_plan2
19175175002,12,1.000000000000,senate,vtd20_to_block20_to_plan2
19175175003,12,1.000000000000,senate,vtd20_to_block20_to_plan2
19175175004,12,1.000000000000,senate,vtd20_to_block20_to_plan2
19175175005,12,1.000000000000,senate,vtd20_to_block20_to_plan2
19175175006,9,1.000000000000,senate,vtd20_to_block20_to_plan2
19175175007,9,1.000000000000,senate,vtd20_to_block20_to_plan2
19175175008,9,1.000000000000,senate,vtd20_to_block20_to_plan2
19175175009,9,1.000000000000,senate,vtd20_to_block20_to_plan2
19175175010,9,1.000000000000,senate,vtd20_to_block20_to_plan2
19175175011,9,1.000000000000,senate,vtd20_to_block20_to_plan2
19175175012,9,1.000000000000,senate,vtd20_to_block20_to_plan2
19175175013,9,1.000000000000,senate,vtd20_to_block20_to_plan2
19175175014,12,1.000000000000,senate,vtd20_to_block20_to_plan2
19177177001,44,1.000000000000,senate,vtd20_to_block20_to_plan2
19177177004,44,1.000000000000,senate,vtd20_to_block20_to_plan2
19177177005,44,1.000000000000,senate,vtd20_to_block20_to_plan2
19177177006,44,1.000000000000,senate,vtd20_to_block20_to_plan2
19177177007,44,1.000000000000,senate,vtd20_to_block20_to_plan2
19177177008,44,1.000000000000,senate,vtd20_to_block20_to_plan2
19177177009,44,1.000000000000,senate,vtd20_to_block20_to_plan2
19177177009,50,0.000000000000,senate,vtd20_to_block20_to_plan2
19177177010,44,1.000000000000,senate,vtd20_to_block20_to_plan2
19177177011,44,1.000000000000,senate,vtd20_to_block20_to_plan2
19177177012,44,1.000000000000,senate,vtd20_to_block20_to_plan2
19177177013,44,1.000000000000,senate,vtd20_to_block20_to_plan2
19177177014,44,1.000000000000,senate,vtd20_to_block20_to_plan2
19177177015,44,1.000000000000,senate,vtd20_to_block20_to_plan2
19177177016,44,1.000000000000,senate,vtd20_to_block20_to_plan2
19177177017,44,1.000000000000,senate,vtd20_to_block20_to_plan2
19177177018,44,1.000000000000,senate,vtd20_to_block20_to_plan2
19177177019,44,1.000000000000,senate,vtd20_to_block20_to_plan2
19177177020,44,1.000000000000,senate,vtd20_to_block20_to_plan2
19179179001,13,1.000000000000,senate,vtd20_to_block20_to_plan2
19179179002,13,1.000000000000,senate,vtd20_to_block20_to_plan2
19179179003,13,1.000000000000,senate,vtd20_to_block20_to_plan2
19179179004,13,1.000000000000,senate,vtd20_to_block20_to_plan2
19179179005,13,1.000000000000,senate,vtd20_to_block20_to_plan2
19179179005,44,0.000000000000,senate,vtd20_to_block20_to_plan2
19179179006,13,1.000000000000,senate,vtd20_to_block20_to_plan2
19179179006,44,0.000000000000,senate,vtd20_to_block20_to_plan2
19179179007,13,1.000000000000,senate,vtd20_to_block20_to_plan2
19179179008,13,1.000000000000,senate,vtd20_to_block20_to_plan2
19179179009,13,1.000000000000,senate,vtd20_to_block20_to_plan2
19179179010,13,1.000000000000,senate,vtd20_to_block20_to_plan2
19179179011,13,1.000000000000,senate,vtd20_to_block20_to_plan2
19179179012,13,1.000000000000,senate,vtd20_to_block20_to_plan2
19179179013,13,1.000000000000,senate,vtd20_to_block20_to_plan2
19179179014,13,1.000000000000,senate,vtd20_to_block20_to_plan2
19179179015,13,1.000000000000,senate,vtd20_to_block20_to_plan2
19179179016,13,1.000000000000,senate,vtd20_to_block20_to_plan2
19179179016,44,0.000000000000,senate,vtd20_to_block20_to_plan2
19179179017,13,1.000000000000,senate,vtd20_to_block20_to_plan2
19179179018,13,1.000000000000,senate,vtd20_to_block20_to_plan2
19179179019,13,1.000000000000,senate,vtd20_to_block20_to_plan2
19179179020,13,1.000000000000,senate,vtd20_to_block20_to_plan2
19179179021,13,1.000000000000,senate,vtd20_to_block20_to_plan2
19179179022,13,1.000000000000,senate,vtd20_to_block20_to_plan2
19179179023,13,1.000000000000,senate,vtd20_to_block20_to_plan2
19179179024,13,1.000000000000,senate,vtd20_to_block20_to_plan2
19179179025,13,1.000000000000,senate,vtd20_to_block20_to_plan2
19179179026,13,1.000000000000,senate,vtd20_to_block20_to_plan2
19179179027,13,1.000000000000,senate,vtd20_to_block20_to_plan2
19181181001,11,1.000000000000,senate,vtd20_to_block20_to_plan2
19181181002,11,1.000000000000,senate,vtd20_to_block20_to_plan2
19181181003,11,1.000000000000,senate,vtd20_to_block20_to_plan2
19181181004,11,1.000000000000,senate,vtd20_to_block20_to_plan2
19181181005,11,1.000000000000,senate,vtd20_to_block20_to_plan2
19181181006,11,1.000000000000,senate,vtd20_to_block20_to_plan2
19181181008,11,1.000000000000,senate,vtd20_to_block20_to_plan2
19181181008,19,0.000000000000,senate,vtd20_to_block20_to_plan2
19181181008,23,0.000000000000,senate,vtd20_to_block20_to_plan2
19181181009,11,1.000000000000,senate,vtd20_to_block20_to_plan2
19181181009,19,0.000000000000,senate,vtd20_to_block20_to_plan2
19181181010,11,1.000000000000,senate,vtd20_to_block20_to_plan2
19181181011,11,1.000000000000,senate,vtd20_to_block20_to_plan2
19181181012,11,1.000000000000,senate,vtd20_to_block20_to_plan2
19181181013,11,1.000000000000,senate,vtd20_to_block20_to_plan2
19181181014,11,1.000000000000,senate,vtd20_to_block20_to_plan2
19181181015,11,1.000000000000,senate,vtd20_to_block20_to_plan2
19181181016,11,1.000000000000,senate,vtd20_to_block20_to_plan2
19181181017,11,1.000000000000,senate,vtd20_to_block20_to_plan2
19181181018,11,1.000000000000,senate,vtd20_to_block20_to_plan2
19181181019,11,1.000000000000,senate,vtd20_to_block20_to_plan2
19181181020,11,1.000000000000,senate,vtd20_to_block20_to_plan2
19181181020,12,0.000000000000,senate,vtd20_to_block20_to_plan2
19181181020,19,0.000000000000,senate,vtd20_to_block20_to_plan2
19181181021,11,1.000000000000,senate,vtd20_to_block20_to_plan2
19181181021,12,0.000000000000,senate,vtd20_to_block20_to_plan2
19181181022,11,1.000000000000,senate,vtd20_to_block20_to_plan2
19181181022,12,0.000000000000,senate,vtd20_to_block20_to_plan2
19181181023,11,1.000000000000,senate,vtd20_to_block20_to_plan2
19181181023,12,0.000000000000,senate,vtd20_to_block20_to_plan2
19181181024,11,1.000000000000,senate,vtd20_to_block20_to_plan2
19183183001,46,1.000000000000,senate,vtd20_to_block20_to_plan2
19183183002,46,1.000000000000,senate,vtd20_to_block20_to_plan2
19183183003,46,1.000000000000,senate,vtd20_to_block20_to_plan2
19183183004,46,1.000000000000,senate,vtd20_to_block20_to_plan2
19183183004,48,0.000000000000,senate,vtd20_to_block20_to_plan2
19183183005,46,1.000000000000,senate,vtd20_to_block20_to_plan2
19183183006,46,1.000000000000,senate,vtd20_to_block20_to_plan2
19183183007,46,1.000000000000,senate,vtd20_to_block20_to_plan2
19183183008,46,1.000000000000,senate,vtd20_to_block20_to_plan2
19183183009,46,1.000000000000,senate,vtd20_to_block20_to_plan2
19183183010,46,1.000000000000,senate,vtd20_to_block20_to_plan2
19183183011,46,1.000000000000,senate,vtd20_to_block20_to_plan2
19183183011,48,0.000000000000,senate,vtd20_to_block20_to_plan2
19183183012,46,1.000000000000,senate,vtd20_to_block20_to_plan2
19183183012,48,0.000000000000,senate,vtd20_to_block20_to_plan2
19183183013,46,1.000000000000,senate,vtd20_to_block20_to_plan2
19183183013,48,0.000000000000,senate,vtd20_to_block20_to_plan2
19183183014,46,1.000000000000,senate,vtd20_to_block20_to_plan2
19183183015,46,1.000000000000,senate,vtd20_to_block20_to_plan2
19183183016,46,1.000000000000,senate,vtd20_to_block20_to_plan2
19183183017,46,1.000000000000,senate,vtd20_to_block20_to_plan2
19183183018,46,1.000000000000,senate,vtd20_to_block20_to_plan2
19185185001,12,1.000000000000,senate,vtd20_to_block20_to_plan2
19185185002,12,1.000000000000,senate,vtd20_to_block20_to_plan2
19185185003,12,1.000000000000,senate,vtd20_to_block20_to_plan2
19185185004,12,1.000000000000,senate,vtd20_to_block20_to_plan2
19185185005,12,1.000000000000,senate,vtd20_to_block20_to_plan2
19185185006,12,1.000000000000,senate,vtd20_to_block20_to_plan2
19185185007,12,1.000000000000,senate,vtd20_to_block20_to_plan2
19185185008,12,1.000000000000,senate,vtd20_to_block20_to_plan2
19185185009,12,1.000000000000,senate,vtd20_to_block20_to_plan2
19185185010,12,1.000000000000,senate,vtd20_to_block20_to_plan2
19185185011,12,1.000000000000,senate,vtd20_to_block20_to_plan2
19185185012,12,1.000000000000,senate,vtd20_to_block20_to_plan2
19185185013,12,1.000000000000,senate,vtd20_to_block20_to_plan2
19185185014,12,1.000000000000,senate,vtd20_to_block20_to_plan2
19185185015,12,1.000000000000,senate,vtd20_to_block20_to_plan2
19185185016,12,1.000000000000,senate,vtd20_to_block20_to_plan2
19185185017,12,1.000000000000,senate,vtd20_to_block20_to_plan2
19185185018,12,1.000000000000,senate,vtd20_to_block20_to_plan2
19187187001,4,1.000000000000,senate,vtd20_to_block20_to_plan2
19187187002,4,1.000000000000,senate,vtd20_to_block20_to_plan2
19187187003,4,1.000000000000,senate,vtd20_to_block20_to_plan2
19187187004,28,0.000000000000,senate,vtd20_to_block20_to_plan2
19187187004,4,1.000000000000,senate,vtd20_to_block20_to_plan2
19187187005,4,1.000000000000,senate,vtd20_to_block20_to_plan2
19187187006,4,1.000000000000,senate,vtd20_to_block20_to_plan2
19187187007,4,1.000000000000,senate,vtd20_to_block20_to_plan2
19187187008,4,1.000000000000,senate,vtd20_to_block20_to_plan2
19187187009,4,1.000000000000,senate,vtd20_to_block20_to_plan2
19187187010,4,1.000000000000,senate,vtd20_to_block20_to_plan2
19187187011,4,1.000000000000,senate,vtd20_to_block20_to_plan2
19187187012,4,1.000000000000,senate,vtd20_to_block20_to_plan2
19187187013,4,1.000000000000,senate,vtd20_to_block20_to_plan2
19187187014,4,1.000000000000,senate,vtd20_to_block20_to_plan2
19187187015,28,0.000000000000,senate,vtd20_to_block20_to_plan2
19187187015,4,1.000000000000,senate,vtd20_to_block20_to_plan2
19187187016,28,0.000000000000,senate,vtd20_to_block20_to_plan2
19187187016,4,1.000000000000,senate,vtd20_to_block20_to_plan2
19187187017,4,1.000000000000,senate,vtd20_to_block20_to_plan2
19187187018,4,1.000000000000,senate,vtd20_to_block20_to_plan2
19187187019,4,1.000000000000,senate,vtd20_to_block20_to_plan2
19187187020,4,1.000000000000,senate,vtd20_to_block20_to_plan2
19187187021,4,1.000000000000,senate,vtd20_to_block20_to_plan2
19187187022,24,0.000000000000,senate,vtd20_to_block20_to_plan2
19187187022,4,1.000000000000,senate,vtd20_to_block20_to_plan2
19187187023,24,0.000000000000,senate,vtd20_to_block20_to_plan2
19187187023,4,1.000000000000,senate,vtd20_to_block20_to_plan2
19187187024,4,1.000000000000,senate,vtd20_to_block20_to_plan2
19187187025,24,0.000000000000,senate,vtd20_to_block20_to_plan2
19187187025,4,1.000000000000,senate,vtd20_to_block20_to_plan2
19187187026,4,1.000000000000,senate,vtd20_to_block20_to_plan2
19187187027,28,0.000000000001,senate,vtd20_to_block20_to_plan2
19187187027,4,0.999999999999,senate,vtd20_to_block20_to_plan2
19187187028,4,1.000000000000,senate,vtd20_to_block20_to_plan2
19187187029,4,1.000000000000,senate,vtd20_to_block20_to_plan2
19187187030,4,1.000000000000,senate,vtd20_to_block20_to_plan2
19187187031,4,1.000000000000,senate,vtd20_to_block20_to_plan2
19187187032,4,1.000000000000,senate,vtd20_to_block20_to_plan2
19187187033,4,1.000000000000,senate,vtd20_to_block20_to_plan2
19187187034,4,1.000000000000,senate,vtd20_to_block20_to_plan2
19187187035,4,1.000000000000,senate,vtd20_to_block20_to_plan2
19187187036,4,1.000000000000,senate,vtd20_to_block20_to_plan2
19187187037,4,1.000000000000,senate,vtd20_to_block20_to_plan2
19187187038,4,1.000000000000,senate,vtd20_to_block20_to_plan2
19187187039,4,1.000000000000,senate,vtd20_to_block20_to_plan2
19187187040,4,1.000000000000,senate,vtd20_to_block20_to_plan2
19187187041,4,1.000000000000,senate,vtd20_to_block20_to_plan2
19189189001,5,1.000000000000,senate,vtd20_to_block20_to_plan2
19189189002,5,1.000000000000,senate,vtd20_to_block20_to_plan2
19189189003,5,1.000000000000,senate,vtd20_to_block20_to_plan2
19189189004,30,0.000000000000,senate,vtd20_to_block20_to_plan2
19189189004,5,1.000000000000,senate,vtd20_to_block20_to_plan2
19189189005,5,1.000000000000,senate,vtd20_to_block20_to_plan2
19189189006,30,0.000000000000,senate,vtd20_to_block20_to_plan2
19189189006,5,1.000000000000,senate,vtd20_to_block20_to_plan2
19189189007,5,1.000000000000,senate,vtd20_to_block20_to_plan2
19189189008,5,1.000000000000,senate,vtd20_to_block20_to_plan2
19189189009,5,1.000000000000,senate,vtd20_to_block20_to_plan2
19189189010,5,1.000000000000,senate,vtd20_to_block20_to_plan2
19189189011,28,0.000000000000,senate,vtd20_to_block20_to_plan2
19189189011,5,1.000000000000,senate,vtd20_to_block20_to_plan2
19189189012,28,0.000000000000,senate,vtd20_to_block20_to_plan2
19189189012,5,1.000000000000,senate,vtd20_to_block20_to_plan2
19189189013,5,1.000000000000,senate,vtd20_to_block20_to_plan2
19189189014,5,1.000000000000,senate,vtd20_to_block20_to_plan2
19189189015,28,0.000000000000,senate,vtd20_to_block20_to_plan2
19189189015,5,1.000000000000,senate,vtd20_to_block20_to_plan2
19189189016,28,0.000000000000,senate,vtd20_to_block20_to_plan2
19189189016,5,1.000000000000,senate,vtd20_to_block20_to_plan2
19191191001,32,1.000000000000,senate,vtd20_to_block20_to_plan2
19191191002,32,1.000000000000,senate,vtd20_to_block20_to_plan2
19191191003,32,1.000000000000,senate,vtd20_to_block20_to_plan2
19191191004,32,1.000000000000,senate,vtd20_to_block20_to_plan2
19191191005,32,1.000000000000,senate,vtd20_to_block20_to_plan2
19191191006,32,1.000000000000,senate,vtd20_to_block20_to_plan2
19191191007,32,1.000000000000,senate,vtd20_to_block20_to_plan2
19191191008,32,1.000000000000,senate,vtd20_to_block20_to_plan2
19191191009,32,1.000000000000,senate,vtd20_to_block20_to_plan2
19191191010,32,1.000000000000,senate,vtd20_to_block20_to_plan2
19191191011,32,1.000000000000,senate,vtd20_to_block20_to_plan2
19191191012,32,1.000000000000,senate,vtd20_to_block20_to_plan2
19191191013,32,1.000000000000,senate,vtd20_to_block20_to_plan2
19191191014,32,1.000000000000,senate,vtd20_to_block20_to_plan2
19191191015,32,1.000000000000,senate,vtd20_to_block20_to_plan2
19191191016,32,1.000000000000,senate,vtd20_to_block20_to_plan2
19191191017,32,1.000000000000,senate,vtd20_to_block20_to_plan2
19191191018,32,1.000000000000,senate,vtd20_to_block20_to_plan2
19191191019,32,1.000000000000,senate,vtd20_to_block20_to_plan2
19191191020,32,1.000000000000,senate,vtd20_to_block20_to_plan2
19191191021,32,1.000000000000,senate,vtd20_to_block20_to_plan2
19191191022,32,1.000000000000,senate,vtd20_to_block20_to_plan2
19191191023,32,1.000000000000,senate,vtd20_to_block20_to_plan2
19193193001,1,1.000000000000,senate,vtd20_to_block20_to_plan2
19193193001,7,0.000000000000,senate,vtd20_to_block20_to_plan2
19193193002,1,1.000000000000,senate,vtd20_to_block20_to_plan2
19193193002,7,0.000000000000,senate,vtd20_to_block20_to_plan2
19193193003,7,1.000000000000,senate,vtd20_to_block20_to_plan2
19193193004,7,1.000000000000,senate,vtd20_to_block20_to_plan2
19193193005,6,0.000000000000,senate,vtd20_to_block20_to_plan2
19193193005,7,1.000000000000,senate,vtd20_to_block20_to_plan2
19193193006,7,1.000000000000,senate,vtd20_to_block20_to_plan2
19193193007,6,0.000000000000,senate,vtd20_to_block20_to_plan2
19193193007,7,1.000000000000,senate,vtd20_to_block20_to_plan2
19193193008,6,0.000000000000,senate,vtd20_to_block20_to_plan2
19193193008,7,1.000000000000,senate,vtd20_to_block20_to_plan2
19193193009,7,1.000000000000,senate,vtd20_to_block20_to_plan2
19193193010,7,1.000000000000,senate,vtd20_to_block20_to_plan2
19193193011,7,1.000000000000,senate,vtd20_to_block20_to_plan2
19193193012,7,1.000000000000,senate,vtd20_to_block20_to_plan2
19193193013,1,1.000000000000,senate,vtd20_to_block20_to_plan2
19193193014,1,0.000000000000,senate,vtd20_to_block20_to_plan2
19193193014,7,1.000000000000,senate,vtd20_to_block20_to_plan2
19193193015,7,1.000000000000,senate,vtd20_to_block20_to_plan2
19193193016,7,1.000000000000,senate,vtd20_to_block20_to_plan2
19193193017,7,1.000000000000,senate,vtd20_to_block20_to_plan2
19193193018,7,1.000000000000,senate,vtd20_to_block20_to_plan2
19193193019,7,1.000000000000,senate,vtd20_to_block20_to_plan2
19193193020,7,1.000000000000,senate,vtd20_to_block20_to_plan2
19193193021,7,1.000000000000,senate,vtd20_to_block20_to_plan2
19193193022,7,1.000000000000,senate,vtd20_to_block20_to_plan2
19193193023,7,1.000000000000,senate,vtd20_to_block20_to_plan2
19193193024,6,0.000000000000,senate,vtd20_to_block20_to_plan2
19193193024,7,1.000000000000,senate,vtd20_to_block20_to_plan2
19193193025,6,0.000000000000,senate,vtd20_to_block20_to_plan2
19193193025,7,1.000000000000,senate,vtd20_to_block20_to_plan2
19193193026,7,1.000000000000,senate,vtd20_to_block20_to_plan2
19193193027,7,1.000000000000,senate,vtd20_to_block20_to_plan2
19193193028,7,1.000000000000,senate,vtd20_to_block20_to_plan2
19193193029,7,1.000000000000,senate,vtd20_to_block20_to_plan2
19193193030,7,1.000000000000,senate,vtd20_to_block20_to_plan2
19193193031,1,1.000000000000,senate,vtd20_to_block20_to_plan2
19193193032,1,1.000000000000,senate,vtd20_to_block20_to_plan2
19193193033,1,1.000000000000,senate,vtd20_to_block20_to_plan2
19193193034,1,1.000000000000,senate,vtd20_to_block20_to_plan2
19193193035,1,1.000000000000,senate,vtd20_to_block20_to_plan2
19193193036,1,1.000000000000,senate,vtd20_to_block20_to_plan2
19193193037,1,1.000000000000,senate,vtd20_to_block20_to_plan2
19193193038,1,1.000000000000,senate,vtd20_to_block20_to_plan2
19193193039,1,1.000000000000,senate,vtd20_to_block20_to_plan2
19193193040,1,1.000000000000,senate,vtd20_to_block20_to_plan2
19193193041,1,1.000000000000,senate,vtd20_to_block20_to_plan2
19193193042,1,1.000000000000,senate,vtd20_to_block20_to_plan2
19193193043,1,1.000000000000,senate,vtd20_to_block20_to_plan2
19193193043,7,0.000000000000,senate,vtd20_to_block20_to_plan2
19193193044,1,1.000000000000,senate,vtd20_to_block20_to_plan2
19193193045,1,1.000000000000,senate,vtd20_to_block20_to_plan2
19193193046,1,1.000000000000,senate,vtd20_to_block20_to_plan2
19193193047,1,1.000000000000,senate,vtd20_to_block20_to_plan2
19193193048,1,1.000000000000,senate,vtd20_to_block20_to_plan2
19193193049,1,1.000000000000,senate,vtd20_to_block20_to_plan2
19193193050,1,1.000000000000,senate,vtd20_to_block20_to_plan2
19193193050,7,0.000000000000,senate,vtd20_to_block20_to_plan2
19193193051,1,1.000000000000,senate,vtd20_to_block20_to_plan2
19193193051,7,0.000000000000,senate,vtd20_to_block20_to_plan2
19193193052,1,0.000000000000,senate,vtd20_to_block20_to_plan2
19193193052,7,1.000000000000,senate,vtd20_to_block20_to_plan2
19193193053,1,0.005952380953,senate,vtd20_to_block20_to_plan2
19193193053,7,0.994047619047,senate,vtd20_to_block20_to_plan2
19193193054,7,1.000000000000,senate,vtd20_to_block20_to_plan2
19193193055,7,1.000000000000,senate,vtd20_to_block20_to_plan2
19193193056,7,1.000000000000,senate,vtd20_to_block20_to_plan2
19193193057,7,1.000000000000,senate,vtd20_to_block20_to_plan2
19193193058,7,1.000000000000,senate,vtd20_to_block20_to_plan2
19195195001,30,1.000000000000,senate,vtd20_to_block20_to_plan2
19195195002,30,1.000000000000,senate,vtd20_to_block20_to_plan2
19195195003,30,1.000000000000,senate,vtd20_to_block20_to_plan2
19195195004,30,1.000000000000,senate,vtd20_to_block20_to_plan2
19195195005,30,1.000000000000,senate,vtd20_to_block20_to_plan2
19195195006,30,1.000000000000,senate,vtd20_to_block20_to_plan2
19195195007,30,1.000000000000,senate,vtd20_to_block20_to_plan2
19195195009,30,1.000000000000,senate,vtd20_to_block20_to_plan2
19195195010,30,1.000000000000,senate,vtd20_to_block20_to_plan2
19195195011,30,1.000000000000,senate,vtd20_to_block20_to_plan2
19195195012,30,1.000000000000,senate,vtd20_to_block20_to_plan2
19195195013,30,1.000000000000,senate,vtd20_to_block20_to_plan2
19195195014,30,1.000000000000,senate,vtd20_to_block20_to_plan2
19195195015,30,1.000000000000,senate,vtd20_to_block20_to_plan2
19195195016,30,1.000000000000,senate,vtd20_to_block20_to_plan2
19197197001,28,1.000000000000,senate,vtd20_to_block20_to_plan2
19197197002,28,1.000000000000,senate,vtd20_to_block20_to_plan2
19197197003,28,1.000000000000,senate,vtd20_to_block20_to_plan2
19197197004,28,1.000000000000,senate,vtd20_to_block20_to_plan2
19197197005,28,1.000000000000,senate,vtd20_to_block20_to_plan2
19197197006,28,1.000000000000,senate,vtd20_to_block20_to_plan2
19197197007,28,1.000000000000,senate,vtd20_to_block20_to_plan2
19197197008,28,1.000000000000,senate,vtd20_to_block20_to_plan2
19197197009,28,1.000000000000,senate,vtd20_to_block20_to_plan2
19197197010,28,1.000000000000,senate,vtd20_to_block20_to_plan2
19197197011,28,1.000000000000,senate,vtd20_to_block20_to_plan2
19197197012,28,1.000000000000,senate,vtd20_to_block20_to_plan2
19197197013,28,1.000000000000,senate,vtd20_to_block20_to_plan2
19197197014,28,1.000000000000,senate,vtd20_to_block20_to_plan2
19197197015,28,1.000000000000,senate,vtd20_to_block20_to_plan2
19197197016,28,1.000000000000,senate,vtd20_to_block20_to_plan2
19197197017,28,1.000000000000,senate,vtd20_to_block20_to_plan2
19197197018,28,1.000000000000,senate,vtd20_to_block20_to_plan2
19197197019,28,1.000000000000,senate,vtd20_to_block20_to_plan2
19197197020,28,1.000000000000,senate,vtd20_to_block20_to_plan2
19197197021,28,1.000000000000,senate,vtd20_to_block20_to_plan2
